timestamp, index, pstate, temperature.gpu, power.draw [W], clocks.current.sm [MHz], clocks.current.memory [MHz], utilization.gpu [%], memory.used [MiB]
2026/07/31 03:01:37.110, 0, P0, 37, 244.70 W, 1965 MHz, 3996 MHz, 0 %, 0 MiB
2026/07/31 03:01:37.112, 1, P0, 34, 241.77 W, 1965 MHz, 3996 MHz, 0 %, 0 MiB
2026/07/31 03:01:37.115, 2, P0, 36, 236.34 W, 1965 MHz, 3996 MHz, 0 %, 0 MiB
2026/07/31 03:01:37.117, 3, P0, 33, 238.61 W, 1965 MHz, 3996 MHz, 0 %, 0 MiB
2026/07/31 03:01:37.120, 4, P0, 33, 235.77 W, 1965 MHz, 3996 MHz, 0 %, 0 MiB
2026/07/31 03:01:37.122, 5, P0, 36, 244.24 W, 1965 MHz, 3996 MHz, 0 %, 0 MiB
2026/07/31 03:01:37.124, 6, P0, 33, 242.47 W, 1965 MHz, 3996 MHz, 0 %, 0 MiB
2026/07/31 03:01:37.127, 7, P0, 37, 243.32 W, 1965 MHz, 3996 MHz, 0 %, 0 MiB
2026/07/31 03:01:38.129, 0, P0, 37, 244.83 W, 1965 MHz, 3996 MHz, 0 %, 0 MiB
2026/07/31 03:01:38.129, 1, P0, 34, 241.78 W, 1965 MHz, 3996 MHz, 0 %, 0 MiB
2026/07/31 03:01:38.129, 2, P0, 36, 236.35 W, 1965 MHz, 3996 MHz, 0 %, 0 MiB
2026/07/31 03:01:38.129, 3, P0, 33, 238.57 W, 1965 MHz, 3996 MHz, 0 %, 0 MiB
2026/07/31 03:01:38.129, 4, P0, 33, 235.68 W, 1965 MHz, 3996 MHz, 0 %, 0 MiB
2026/07/31 03:01:38.129, 5, P0, 36, 244.22 W, 1965 MHz, 3996 MHz, 0 %, 0 MiB
2026/07/31 03:01:38.129, 6, P0, 33, 242.41 W, 1965 MHz, 3996 MHz, 0 %, 0 MiB
2026/07/31 03:01:38.129, 7, P0, 37, 243.28 W, 1965 MHz, 3996 MHz, 0 %, 0 MiB
2026/07/31 03:01:39.130, 0, P0, 37, 244.74 W, 1965 MHz, 3996 MHz, 0 %, 0 MiB
2026/07/31 03:01:39.130, 1, P0, 34, 241.71 W, 1965 MHz, 3996 MHz, 0 %, 0 MiB
2026/07/31 03:01:39.130, 2, P0, 36, 236.35 W, 1965 MHz, 3996 MHz, 0 %, 0 MiB
2026/07/31 03:01:39.130, 3, P0, 33, 238.57 W, 1965 MHz, 3996 MHz, 0 %, 0 MiB
2026/07/31 03:01:39.130, 4, P0, 33, 235.74 W, 1965 MHz, 3996 MHz, 0 %, 0 MiB
2026/07/31 03:01:39.130, 5, P0, 36, 244.28 W, 1965 MHz, 3996 MHz, 0 %, 0 MiB
2026/07/31 03:01:39.130, 6, P0, 33, 242.36 W, 1965 MHz, 3996 MHz, 0 %, 0 MiB
2026/07/31 03:01:39.130, 7, P0, 37, 243.26 W, 1965 MHz, 3996 MHz, 0 %, 0 MiB
2026/07/31 03:01:40.130, 0, P0, 37, 244.86 W, 1965 MHz, 3996 MHz, 0 %, 4 MiB
2026/07/31 03:01:40.130, 1, P0, 34, 241.88 W, 1965 MHz, 3996 MHz, 0 %, 4 MiB
2026/07/31 03:01:40.130, 2, P0, 36, 236.41 W, 1965 MHz, 3996 MHz, 0 %, 0 MiB
2026/07/31 03:01:40.130, 3, P0, 33, 238.59 W, 1965 MHz, 3996 MHz, 0 %, 0 MiB
2026/07/31 03:01:40.130, 4, P0, 33, 235.80 W, 1965 MHz, 3996 MHz, 0 %, 0 MiB
2026/07/31 03:01:40.130, 5, P0, 36, 244.26 W, 1965 MHz, 3996 MHz, 0 %, 0 MiB
2026/07/31 03:01:40.130, 6, P0, 33, 242.39 W, 1965 MHz, 3996 MHz, 0 %, 0 MiB
2026/07/31 03:01:40.130, 7, P0, 37, 243.30 W, 1965 MHz, 3996 MHz, 0 %, 0 MiB
2026/07/31 03:01:41.130, 0, P0, 37, 244.62 W, 1965 MHz, 3996 MHz, 0 %, 4 MiB
2026/07/31 03:01:41.130, 1, P0, 34, 241.64 W, 1965 MHz, 3996 MHz, 0 %, 4 MiB
2026/07/31 03:01:41.130, 2, P0, 36, 236.42 W, 1965 MHz, 3996 MHz, 0 %, 0 MiB
2026/07/31 03:01:41.130, 3, P0, 33, 238.57 W, 1965 MHz, 3996 MHz, 0 %, 0 MiB
2026/07/31 03:01:41.130, 4, P0, 33, 235.70 W, 1965 MHz, 3996 MHz, 0 %, 0 MiB
2026/07/31 03:01:41.130, 5, P0, 36, 244.24 W, 1965 MHz, 3996 MHz, 0 %, 0 MiB
2026/07/31 03:01:41.130, 6, P0, 33, 242.37 W, 1965 MHz, 3996 MHz, 0 %, 0 MiB
2026/07/31 03:01:41.130, 7, P0, 37, 243.30 W, 1965 MHz, 3996 MHz, 0 %, 0 MiB
2026/07/31 03:01:42.130, 0, P0, 37, 244.48 W, 1965 MHz, 3996 MHz, 0 %, 4 MiB
2026/07/31 03:01:42.130, 1, P0, 34, 241.51 W, 1965 MHz, 3996 MHz, 0 %, 4 MiB
2026/07/31 03:01:42.131, 2, P0, 36, 236.30 W, 1965 MHz, 3996 MHz, 0 %, 0 MiB
2026/07/31 03:01:42.131, 3, P0, 33, 238.57 W, 1965 MHz, 3996 MHz, 0 %, 0 MiB
2026/07/31 03:01:42.131, 4, P0, 33, 235.72 W, 1965 MHz, 3996 MHz, 0 %, 0 MiB
2026/07/31 03:01:42.131, 5, P0, 36, 244.26 W, 1965 MHz, 3996 MHz, 0 %, 0 MiB
2026/07/31 03:01:42.131, 6, P0, 33, 242.38 W, 1965 MHz, 3996 MHz, 0 %, 0 MiB
2026/07/31 03:01:42.131, 7, P0, 37, 243.28 W, 1965 MHz, 3996 MHz, 0 %, 0 MiB
2026/07/31 03:01:43.131, 0, P0, 37, 244.42 W, 1965 MHz, 3996 MHz, 0 %, 4 MiB
2026/07/31 03:01:43.131, 1, P0, 34, 241.47 W, 1965 MHz, 3996 MHz, 0 %, 4 MiB
2026/07/31 03:01:43.131, 2, P0, 37, 236.38 W, 1965 MHz, 3996 MHz, 0 %, 0 MiB
2026/07/31 03:01:43.131, 3, P0, 33, 238.62 W, 1965 MHz, 3996 MHz, 0 %, 0 MiB
2026/07/31 03:01:43.131, 4, P0, 33, 235.67 W, 1965 MHz, 3996 MHz, 0 %, 0 MiB
2026/07/31 03:01:43.131, 5, P0, 36, 244.19 W, 1965 MHz, 3996 MHz, 0 %, 0 MiB
2026/07/31 03:01:43.131, 6, P0, 33, 242.36 W, 1965 MHz, 3996 MHz, 0 %, 0 MiB
2026/07/31 03:01:43.131, 7, P0, 37, 243.31 W, 1965 MHz, 3996 MHz, 0 %, 0 MiB
2026/07/31 03:01:44.131, 0, P0, 37, 244.39 W, 1965 MHz, 3996 MHz, 0 %, 4 MiB
2026/07/31 03:01:44.131, 1, P0, 34, 241.29 W, 1965 MHz, 3996 MHz, 0 %, 4 MiB
2026/07/31 03:01:44.131, 2, P0, 36, 236.42 W, 1965 MHz, 3996 MHz, 0 %, 0 MiB
2026/07/31 03:01:44.131, 3, P0, 33, 238.63 W, 1965 MHz, 3996 MHz, 0 %, 0 MiB
2026/07/31 03:01:44.131, 4, P0, 33, 235.65 W, 1965 MHz, 3996 MHz, 0 %, 0 MiB
2026/07/31 03:01:44.131, 5, P0, 36, 244.16 W, 1965 MHz, 3996 MHz, 0 %, 0 MiB
2026/07/31 03:01:44.131, 6, P0, 33, 242.38 W, 1965 MHz, 3996 MHz, 0 %, 0 MiB
2026/07/31 03:01:44.131, 7, P0, 37, 243.36 W, 1965 MHz, 3996 MHz, 0 %, 0 MiB
2026/07/31 03:01:45.131, 0, P0, 37, 244.40 W, 1965 MHz, 3996 MHz, 0 %, 4 MiB
2026/07/31 03:01:45.131, 1, P0, 34, 241.19 W, 1965 MHz, 3996 MHz, 0 %, 4 MiB
2026/07/31 03:01:45.131, 2, P0, 36, 236.42 W, 1965 MHz, 3996 MHz, 0 %, 0 MiB
2026/07/31 03:01:45.131, 3, P0, 33, 238.59 W, 1965 MHz, 3996 MHz, 0 %, 0 MiB
2026/07/31 03:01:45.131, 4, P0, 33, 235.68 W, 1965 MHz, 3996 MHz, 0 %, 0 MiB
2026/07/31 03:01:45.131, 5, P0, 36, 244.21 W, 1965 MHz, 3996 MHz, 0 %, 0 MiB
2026/07/31 03:01:45.132, 6, P0, 33, 242.42 W, 1965 MHz, 3996 MHz, 0 %, 0 MiB
2026/07/31 03:01:45.132, 7, P0, 37, 243.36 W, 1965 MHz, 3996 MHz, 0 %, 0 MiB
2026/07/31 03:01:46.132, 0, P0, 37, 244.31 W, 1965 MHz, 3996 MHz, 0 %, 4 MiB
2026/07/31 03:01:46.132, 1, P0, 34, 241.14 W, 1965 MHz, 3996 MHz, 0 %, 4 MiB
2026/07/31 03:01:46.132, 2, P0, 36, 236.42 W, 1965 MHz, 3996 MHz, 0 %, 0 MiB
2026/07/31 03:01:46.132, 3, P0, 33, 238.57 W, 1965 MHz, 3996 MHz, 0 %, 0 MiB
2026/07/31 03:01:46.132, 4, P0, 33, 235.73 W, 1965 MHz, 3996 MHz, 0 %, 0 MiB
2026/07/31 03:01:46.132, 5, P0, 36, 244.33 W, 1965 MHz, 3996 MHz, 0 %, 0 MiB
2026/07/31 03:01:46.132, 6, P0, 33, 242.34 W, 1965 MHz, 3996 MHz, 0 %, 0 MiB
2026/07/31 03:01:46.132, 7, P0, 37, 243.37 W, 1965 MHz, 3996 MHz, 0 %, 0 MiB
2026/07/31 03:01:47.132, 0, P0, 36, 244.27 W, 1965 MHz, 3996 MHz, 0 %, 4 MiB
2026/07/31 03:01:47.132, 1, P0, 34, 241.17 W, 1965 MHz, 3996 MHz, 0 %, 4 MiB
2026/07/31 03:01:47.132, 2, P0, 36, 236.41 W, 1965 MHz, 3996 MHz, 0 %, 0 MiB
2026/07/31 03:01:47.132, 3, P0, 33, 238.59 W, 1965 MHz, 3996 MHz, 0 %, 0 MiB
2026/07/31 03:01:47.132, 4, P0, 33, 235.74 W, 1965 MHz, 3996 MHz, 0 %, 0 MiB
2026/07/31 03:01:47.132, 5, P0, 36, 244.25 W, 1965 MHz, 3996 MHz, 0 %, 0 MiB
2026/07/31 03:01:47.132, 6, P0, 33, 242.38 W, 1965 MHz, 3996 MHz, 0 %, 0 MiB
2026/07/31 03:01:47.132, 7, P0, 37, 243.32 W, 1965 MHz, 3996 MHz, 0 %, 0 MiB
2026/07/31 03:01:48.132, 0, P0, 36, 244.21 W, 1965 MHz, 3996 MHz, 0 %, 4 MiB
2026/07/31 03:01:48.132, 1, P0, 34, 241.14 W, 1965 MHz, 3996 MHz, 0 %, 4 MiB
2026/07/31 03:01:48.132, 2, P0, 36, 236.43 W, 1965 MHz, 3996 MHz, 0 %, 0 MiB
2026/07/31 03:01:48.132, 3, P0, 33, 238.63 W, 1965 MHz, 3996 MHz, 0 %, 0 MiB
2026/07/31 03:01:48.132, 4, P0, 33, 235.64 W, 1965 MHz, 3996 MHz, 0 %, 0 MiB
2026/07/31 03:01:48.132, 5, P0, 36, 244.20 W, 1965 MHz, 3996 MHz, 0 %, 0 MiB
2026/07/31 03:01:48.132, 6, P0, 33, 242.32 W, 1965 MHz, 3996 MHz, 0 %, 0 MiB
2026/07/31 03:01:48.132, 7, P0, 37, 243.33 W, 1965 MHz, 3996 MHz, 0 %, 0 MiB
2026/07/31 03:01:49.133, 0, P0, 36, 244.23 W, 1965 MHz, 3996 MHz, 0 %, 4 MiB
2026/07/31 03:01:49.141, 1, P0, 34, 241.19 W, 1965 MHz, 3996 MHz, 0 %, 4 MiB
2026/07/31 03:01:49.141, 2, P0, 36, 236.42 W, 1965 MHz, 3996 MHz, 0 %, 0 MiB
2026/07/31 03:01:49.141, 3, P0, 33, 238.65 W, 1965 MHz, 3996 MHz, 0 %, 0 MiB
2026/07/31 03:01:49.141, 4, P0, 33, 235.66 W, 1965 MHz, 3996 MHz, 0 %, 0 MiB
2026/07/31 03:01:49.141, 5, P0, 36, 244.30 W, 1965 MHz, 3996 MHz, 0 %, 0 MiB
2026/07/31 03:01:49.141, 6, P0, 33, 242.33 W, 1965 MHz, 3996 MHz, 0 %, 0 MiB
2026/07/31 03:01:49.141, 7, P0, 37, 243.35 W, 1965 MHz, 3996 MHz, 0 %, 0 MiB
2026/07/31 03:01:50.142, 0, P0, 36, 244.13 W, 1965 MHz, 3996 MHz, 0 %, 4 MiB
2026/07/31 03:01:50.142, 1, P0, 34, 241.16 W, 1965 MHz, 3996 MHz, 0 %, 4 MiB
2026/07/31 03:01:50.142, 2, P0, 36, 236.29 W, 1965 MHz, 3996 MHz, 0 %, 0 MiB
2026/07/31 03:01:50.142, 3, P0, 33, 238.61 W, 1965 MHz, 3996 MHz, 0 %, 0 MiB
2026/07/31 03:01:50.142, 4, P0, 33, 235.71 W, 1965 MHz, 3996 MHz, 0 %, 0 MiB
2026/07/31 03:01:50.142, 5, P0, 36, 244.32 W, 1965 MHz, 3996 MHz, 0 %, 0 MiB
2026/07/31 03:01:50.142, 6, P0, 33, 242.37 W, 1965 MHz, 3996 MHz, 0 %, 0 MiB
2026/07/31 03:01:50.142, 7, P0, 37, 243.30 W, 1965 MHz, 3996 MHz, 0 %, 0 MiB
2026/07/31 03:01:51.142, 0, P0, 36, 244.07 W, 1965 MHz, 3996 MHz, 0 %, 4 MiB
2026/07/31 03:01:51.142, 1, P0, 34, 241.12 W, 1965 MHz, 3996 MHz, 0 %, 4 MiB
2026/07/31 03:01:51.142, 2, P0, 36, 236.23 W, 1965 MHz, 3996 MHz, 0 %, 0 MiB
2026/07/31 03:01:51.142, 3, P0, 33, 238.59 W, 1965 MHz, 3996 MHz, 0 %, 0 MiB
2026/07/31 03:01:51.142, 4, P0, 33, 235.71 W, 1965 MHz, 3996 MHz, 0 %, 0 MiB
2026/07/31 03:01:51.142, 5, P0, 36, 244.29 W, 1965 MHz, 3996 MHz, 0 %, 0 MiB
2026/07/31 03:01:51.142, 6, P0, 33, 242.40 W, 1965 MHz, 3996 MHz, 0 %, 0 MiB
2026/07/31 03:01:51.142, 7, P0, 37, 243.31 W, 1965 MHz, 3996 MHz, 0 %, 0 MiB
2026/07/31 03:01:52.142, 0, P0, 36, 244.07 W, 1965 MHz, 3996 MHz, 0 %, 4 MiB
2026/07/31 03:01:52.142, 1, P0, 34, 241.12 W, 1965 MHz, 3996 MHz, 0 %, 4 MiB
2026/07/31 03:01:52.142, 2, P0, 36, 236.34 W, 1965 MHz, 3996 MHz, 0 %, 0 MiB
2026/07/31 03:01:52.142, 3, P0, 33, 238.56 W, 1965 MHz, 3996 MHz, 0 %, 0 MiB
2026/07/31 03:01:52.142, 4, P0, 33, 235.71 W, 1965 MHz, 3996 MHz, 0 %, 0 MiB
2026/07/31 03:01:52.142, 5, P0, 36, 244.26 W, 1965 MHz, 3996 MHz, 0 %, 0 MiB
2026/07/31 03:01:52.142, 6, P0, 33, 242.43 W, 1965 MHz, 3996 MHz, 0 %, 0 MiB
2026/07/31 03:01:52.142, 7, P0, 37, 243.30 W, 1965 MHz, 3996 MHz, 0 %, 0 MiB
2026/07/31 03:01:53.142, 0, P0, 36, 244.04 W, 1965 MHz, 3996 MHz, 0 %, 4 MiB
2026/07/31 03:01:53.142, 1, P0, 34, 241.12 W, 1965 MHz, 3996 MHz, 0 %, 4 MiB
2026/07/31 03:01:53.142, 2, P0, 36, 236.36 W, 1965 MHz, 3996 MHz, 0 %, 0 MiB
2026/07/31 03:01:53.142, 3, P0, 33, 238.68 W, 1965 MHz, 3996 MHz, 0 %, 0 MiB
2026/07/31 03:01:53.143, 4, P0, 33, 235.70 W, 1965 MHz, 3996 MHz, 0 %, 0 MiB
2026/07/31 03:01:53.143, 5, P0, 36, 244.28 W, 1965 MHz, 3996 MHz, 0 %, 0 MiB
2026/07/31 03:01:53.143, 6, P0, 33, 242.43 W, 1965 MHz, 3996 MHz, 0 %, 0 MiB
2026/07/31 03:01:53.143, 7, P0, 37, 243.27 W, 1965 MHz, 3996 MHz, 0 %, 0 MiB
2026/07/31 03:01:54.143, 0, P0, 36, 243.95 W, 1965 MHz, 3996 MHz, 0 %, 4 MiB
2026/07/31 03:01:54.143, 1, P0, 34, 241.04 W, 1965 MHz, 3996 MHz, 0 %, 4 MiB
2026/07/31 03:01:54.143, 2, P0, 36, 236.32 W, 1965 MHz, 3996 MHz, 0 %, 0 MiB
2026/07/31 03:01:54.143, 3, P0, 33, 238.72 W, 1965 MHz, 3996 MHz, 0 %, 0 MiB
2026/07/31 03:01:54.143, 4, P0, 33, 235.70 W, 1965 MHz, 3996 MHz, 0 %, 0 MiB
2026/07/31 03:01:54.143, 5, P0, 36, 244.26 W, 1965 MHz, 3996 MHz, 0 %, 0 MiB
2026/07/31 03:01:54.143, 6, P0, 33, 242.41 W, 1965 MHz, 3996 MHz, 0 %, 0 MiB
2026/07/31 03:01:54.143, 7, P0, 37, 243.30 W, 1965 MHz, 3996 MHz, 0 %, 0 MiB
2026/07/31 03:01:55.143, 0, P0, 36, 243.97 W, 1965 MHz, 3996 MHz, 0 %, 4 MiB
2026/07/31 03:01:55.143, 1, P0, 34, 241.05 W, 1965 MHz, 3996 MHz, 0 %, 4 MiB
2026/07/31 03:01:55.143, 2, P0, 36, 236.26 W, 1965 MHz, 3996 MHz, 0 %, 0 MiB
2026/07/31 03:01:55.143, 3, P0, 33, 238.63 W, 1965 MHz, 3996 MHz, 0 %, 0 MiB
2026/07/31 03:01:55.143, 4, P0, 33, 235.71 W, 1965 MHz, 3996 MHz, 0 %, 0 MiB
2026/07/31 03:01:55.143, 5, P0, 36, 244.19 W, 1965 MHz, 3996 MHz, 0 %, 0 MiB
2026/07/31 03:01:55.143, 6, P0, 33, 242.34 W, 1965 MHz, 3996 MHz, 0 %, 0 MiB
2026/07/31 03:01:55.143, 7, P0, 37, 243.28 W, 1965 MHz, 3996 MHz, 0 %, 0 MiB
2026/07/31 03:01:56.143, 0, P0, 36, 243.99 W, 1965 MHz, 3996 MHz, 0 %, 29 MiB
2026/07/31 03:01:56.155, 1, P0, 34, 241.13 W, 1965 MHz, 3996 MHz, 0 %, 45 MiB
2026/07/31 03:01:56.155, 2, P0, 36, 236.24 W, 1965 MHz, 3996 MHz, 0 %, 0 MiB
2026/07/31 03:01:56.155, 3, P0, 33, 238.69 W, 1965 MHz, 3996 MHz, 0 %, 0 MiB
2026/07/31 03:01:56.155, 4, P0, 33, 235.67 W, 1965 MHz, 3996 MHz, 0 %, 0 MiB
2026/07/31 03:01:56.155, 5, P0, 36, 244.26 W, 1965 MHz, 3996 MHz, 0 %, 0 MiB
2026/07/31 03:01:56.155, 6, P0, 33, 242.35 W, 1965 MHz, 3996 MHz, 0 %, 0 MiB
2026/07/31 03:01:56.155, 7, P0, 37, 243.27 W, 1965 MHz, 3996 MHz, 0 %, 0 MiB
2026/07/31 03:01:57.155, 0, P0, 36, 243.89 W, 1965 MHz, 3996 MHz, 3 %, 819 MiB
2026/07/31 03:01:57.155, 1, P0, 34, 240.95 W, 1965 MHz, 3996 MHz, 0 %, 819 MiB
2026/07/31 03:01:57.156, 2, P0, 36, 236.24 W, 1965 MHz, 3996 MHz, 0 %, 0 MiB
2026/07/31 03:01:57.156, 3, P0, 33, 238.73 W, 1965 MHz, 3996 MHz, 0 %, 0 MiB
2026/07/31 03:01:57.157, 4, P0, 33, 235.71 W, 1965 MHz, 3996 MHz, 0 %, 0 MiB
2026/07/31 03:01:57.158, 5, P0, 36, 244.25 W, 1965 MHz, 3996 MHz, 0 %, 0 MiB
2026/07/31 03:01:57.159, 6, P0, 33, 242.35 W, 1965 MHz, 3996 MHz, 0 %, 0 MiB
2026/07/31 03:01:57.159, 7, P0, 37, 243.23 W, 1965 MHz, 3996 MHz, 0 %, 0 MiB
2026/07/31 03:01:58.160, 0, P0, 36, 243.82 W, 1965 MHz, 3996 MHz, 0 %, 1851 MiB
2026/07/31 03:01:58.160, 1, P0, 33, 240.91 W, 1965 MHz, 3996 MHz, 0 %, 1851 MiB
2026/07/31 03:01:58.160, 2, P0, 36, 236.22 W, 1965 MHz, 3996 MHz, 0 %, 0 MiB
2026/07/31 03:01:58.160, 3, P0, 33, 238.79 W, 1965 MHz, 3996 MHz, 0 %, 0 MiB
2026/07/31 03:01:58.160, 4, P0, 33, 235.66 W, 1965 MHz, 3996 MHz, 0 %, 0 MiB
2026/07/31 03:01:58.160, 5, P0, 36, 244.24 W, 1965 MHz, 3996 MHz, 0 %, 0 MiB
2026/07/31 03:01:58.160, 6, P0, 33, 242.36 W, 1965 MHz, 3996 MHz, 0 %, 0 MiB
2026/07/31 03:01:58.160, 7, P0, 37, 243.34 W, 1965 MHz, 3996 MHz, 0 %, 0 MiB
2026/07/31 03:01:59.160, 0, P0, 36, 243.35 W, 1965 MHz, 3996 MHz, 0 %, 1851 MiB
2026/07/31 03:01:59.160, 1, P0, 33, 240.46 W, 1965 MHz, 3996 MHz, 0 %, 1851 MiB
2026/07/31 03:01:59.160, 2, P0, 36, 236.19 W, 1965 MHz, 3996 MHz, 0 %, 0 MiB
2026/07/31 03:01:59.160, 3, P0, 33, 238.60 W, 1965 MHz, 3996 MHz, 0 %, 0 MiB
2026/07/31 03:01:59.160, 4, P0, 33, 235.70 W, 1965 MHz, 3996 MHz, 0 %, 0 MiB
2026/07/31 03:01:59.160, 5, P0, 36, 244.20 W, 1965 MHz, 3996 MHz, 0 %, 0 MiB
2026/07/31 03:01:59.160, 6, P0, 33, 242.38 W, 1965 MHz, 3996 MHz, 0 %, 0 MiB
2026/07/31 03:01:59.161, 7, P0, 37, 243.33 W, 1965 MHz, 3996 MHz, 0 %, 0 MiB
2026/07/31 03:02:00.161, 0, P0, 36, 243.65 W, 1965 MHz, 3996 MHz, 7 %, 16961 MiB
2026/07/31 03:02:00.161, 1, P0, 33, 240.68 W, 1965 MHz, 3996 MHz, 6 %, 16961 MiB
2026/07/31 03:02:00.161, 2, P0, 36, 236.14 W, 1965 MHz, 3996 MHz, 0 %, 0 MiB
2026/07/31 03:02:00.161, 3, P0, 33, 238.66 W, 1965 MHz, 3996 MHz, 0 %, 0 MiB
2026/07/31 03:02:00.161, 4, P0, 33, 235.69 W, 1965 MHz, 3996 MHz, 0 %, 0 MiB
2026/07/31 03:02:00.161, 5, P0, 36, 244.16 W, 1965 MHz, 3996 MHz, 0 %, 0 MiB
2026/07/31 03:02:00.161, 6, P0, 33, 242.36 W, 1965 MHz, 3996 MHz, 0 %, 0 MiB
2026/07/31 03:02:00.161, 7, P0, 37, 243.34 W, 1965 MHz, 3996 MHz, 0 %, 0 MiB
2026/07/31 03:02:01.161, 0, P0, 36, 244.63 W, 1965 MHz, 3996 MHz, 1 %, 16961 MiB
2026/07/31 03:02:01.161, 1, P0, 33, 241.64 W, 1965 MHz, 3996 MHz, 7 %, 16961 MiB
2026/07/31 03:02:01.161, 2, P0, 36, 236.18 W, 1965 MHz, 3996 MHz, 0 %, 0 MiB
2026/07/31 03:02:01.161, 3, P0, 33, 238.72 W, 1965 MHz, 3996 MHz, 0 %, 0 MiB
2026/07/31 03:02:01.161, 4, P0, 33, 235.73 W, 1965 MHz, 3996 MHz, 0 %, 0 MiB
2026/07/31 03:02:01.161, 5, P0, 36, 244.26 W, 1965 MHz, 3996 MHz, 0 %, 0 MiB
2026/07/31 03:02:01.161, 6, P0, 33, 242.40 W, 1965 MHz, 3996 MHz, 0 %, 0 MiB
2026/07/31 03:02:01.161, 7, P0, 37, 243.32 W, 1965 MHz, 3996 MHz, 0 %, 0 MiB
2026/07/31 03:02:02.161, 0, P0, 36, 244.82 W, 1965 MHz, 3996 MHz, 5 %, 16961 MiB
2026/07/31 03:02:02.161, 1, P0, 33, 242.04 W, 1965 MHz, 3996 MHz, 6 %, 16961 MiB
2026/07/31 03:02:02.161, 2, P0, 36, 236.16 W, 1965 MHz, 3996 MHz, 0 %, 0 MiB
2026/07/31 03:02:02.161, 3, P0, 33, 238.74 W, 1965 MHz, 3996 MHz, 0 %, 0 MiB
2026/07/31 03:02:02.161, 4, P0, 34, 235.70 W, 1965 MHz, 3996 MHz, 0 %, 0 MiB
2026/07/31 03:02:02.161, 5, P0, 36, 244.21 W, 1965 MHz, 3996 MHz, 0 %, 0 MiB
2026/07/31 03:02:02.161, 6, P0, 33, 242.40 W, 1965 MHz, 3996 MHz, 0 %, 0 MiB
2026/07/31 03:02:02.161, 7, P0, 37, 243.34 W, 1965 MHz, 3996 MHz, 0 %, 0 MiB
2026/07/31 03:02:03.161, 0, P0, 36, 244.91 W, 1965 MHz, 3996 MHz, 14 %, 16961 MiB
2026/07/31 03:02:03.162, 1, P0, 33, 242.01 W, 1965 MHz, 3996 MHz, 14 %, 16961 MiB
2026/07/31 03:02:03.162, 2, P0, 36, 236.19 W, 1965 MHz, 3996 MHz, 0 %, 0 MiB
2026/07/31 03:02:03.162, 3, P0, 33, 238.70 W, 1965 MHz, 3996 MHz, 0 %, 0 MiB
2026/07/31 03:02:03.162, 4, P0, 34, 235.77 W, 1965 MHz, 3996 MHz, 0 %, 0 MiB
2026/07/31 03:02:03.162, 5, P0, 36, 244.19 W, 1965 MHz, 3996 MHz, 0 %, 0 MiB
2026/07/31 03:02:03.162, 6, P0, 33, 242.33 W, 1965 MHz, 3996 MHz, 0 %, 0 MiB
2026/07/31 03:02:03.162, 7, P0, 37, 243.34 W, 1965 MHz, 3996 MHz, 0 %, 0 MiB
2026/07/31 03:02:04.162, 0, P0, 36, 255.66 W, 1965 MHz, 3996 MHz, 0 %, 158829 MiB
2026/07/31 03:02:04.162, 1, P0, 34, 252.07 W, 1965 MHz, 3996 MHz, 0 %, 158829 MiB
2026/07/31 03:02:04.162, 2, P0, 36, 236.17 W, 1965 MHz, 3996 MHz, 0 %, 0 MiB
2026/07/31 03:02:04.162, 3, P0, 33, 238.66 W, 1965 MHz, 3996 MHz, 0 %, 0 MiB
2026/07/31 03:02:04.162, 4, P0, 34, 235.71 W, 1965 MHz, 3996 MHz, 0 %, 0 MiB
2026/07/31 03:02:04.162, 5, P0, 36, 244.16 W, 1965 MHz, 3996 MHz, 0 %, 0 MiB
2026/07/31 03:02:04.162, 6, P0, 33, 242.35 W, 1965 MHz, 3996 MHz, 0 %, 0 MiB
2026/07/31 03:02:04.162, 7, P0, 37, 243.29 W, 1965 MHz, 3996 MHz, 0 %, 0 MiB
2026/07/31 03:02:05.162, 0, P0, 36, 243.37 W, 1965 MHz, 3996 MHz, 0 %, 158829 MiB
2026/07/31 03:02:05.162, 1, P0, 34, 240.45 W, 1965 MHz, 3996 MHz, 0 %, 158829 MiB
2026/07/31 03:02:05.162, 2, P0, 36, 236.19 W, 1965 MHz, 3996 MHz, 0 %, 0 MiB
2026/07/31 03:02:05.162, 3, P0, 33, 238.93 W, 1965 MHz, 3996 MHz, 0 %, 0 MiB
2026/07/31 03:02:05.162, 4, P0, 34, 235.77 W, 1965 MHz, 3996 MHz, 0 %, 0 MiB
2026/07/31 03:02:05.162, 5, P0, 36, 244.33 W, 1965 MHz, 3996 MHz, 0 %, 0 MiB
2026/07/31 03:02:05.162, 6, P0, 33, 242.44 W, 1965 MHz, 3996 MHz, 0 %, 0 MiB
2026/07/31 03:02:05.162, 7, P0, 37, 243.29 W, 1965 MHz, 3996 MHz, 0 %, 0 MiB
2026/07/31 03:02:06.162, 0, P0, 36, 243.54 W, 1965 MHz, 3996 MHz, 0 %, 159509 MiB
2026/07/31 03:02:06.162, 1, P0, 33, 240.65 W, 1965 MHz, 3996 MHz, 0 %, 159509 MiB
2026/07/31 03:02:06.162, 2, P0, 36, 236.14 W, 1965 MHz, 3996 MHz, 0 %, 0 MiB
2026/07/31 03:02:06.162, 3, P0, 33, 238.64 W, 1965 MHz, 3996 MHz, 0 %, 0 MiB
2026/07/31 03:02:06.162, 4, P0, 34, 235.73 W, 1965 MHz, 3996 MHz, 0 %, 0 MiB
2026/07/31 03:02:06.162, 5, P0, 36, 244.25 W, 1965 MHz, 3996 MHz, 0 %, 0 MiB
2026/07/31 03:02:06.162, 6, P0, 33, 242.44 W, 1965 MHz, 3996 MHz, 0 %, 0 MiB
2026/07/31 03:02:06.162, 7, P0, 37, 243.27 W, 1965 MHz, 3996 MHz, 0 %, 0 MiB
2026/07/31 03:02:07.163, 0, P0, 36, 243.39 W, 1965 MHz, 3996 MHz, 0 %, 159511 MiB
2026/07/31 03:02:07.163, 1, P0, 33, 240.88 W, 1965 MHz, 3996 MHz, 0 %, 159511 MiB
2026/07/31 03:02:07.164, 2, P0, 36, 236.15 W, 1965 MHz, 3996 MHz, 0 %, 0 MiB
2026/07/31 03:02:07.165, 3, P0, 33, 238.68 W, 1965 MHz, 3996 MHz, 0 %, 0 MiB
2026/07/31 03:02:07.166, 4, P0, 34, 235.72 W, 1965 MHz, 3996 MHz, 0 %, 0 MiB
2026/07/31 03:02:07.166, 5, P0, 36, 244.25 W, 1965 MHz, 3996 MHz, 0 %, 0 MiB
2026/07/31 03:02:07.167, 6, P0, 33, 242.43 W, 1965 MHz, 3996 MHz, 0 %, 0 MiB
2026/07/31 03:02:07.168, 7, P0, 37, 243.34 W, 1965 MHz, 3996 MHz, 0 %, 0 MiB
2026/07/31 03:02:08.168, 0, P0, 36, 243.62 W, 1965 MHz, 3996 MHz, 0 %, 159513 MiB
2026/07/31 03:02:08.168, 1, P0, 33, 240.88 W, 1965 MHz, 3996 MHz, 0 %, 159513 MiB
2026/07/31 03:02:08.168, 2, P0, 36, 236.14 W, 1965 MHz, 3996 MHz, 0 %, 0 MiB
2026/07/31 03:02:08.169, 3, P0, 33, 238.60 W, 1965 MHz, 3996 MHz, 0 %, 0 MiB
2026/07/31 03:02:08.169, 4, P0, 34, 235.78 W, 1965 MHz, 3996 MHz, 0 %, 0 MiB
2026/07/31 03:02:08.169, 5, P0, 36, 244.26 W, 1965 MHz, 3996 MHz, 0 %, 0 MiB
2026/07/31 03:02:08.169, 6, P0, 33, 242.46 W, 1965 MHz, 3996 MHz, 0 %, 0 MiB
2026/07/31 03:02:08.169, 7, P0, 37, 243.27 W, 1965 MHz, 3996 MHz, 0 %, 0 MiB
2026/07/31 03:02:09.169, 0, P0, 36, 252.59 W, 1965 MHz, 3996 MHz, 0 %, 159539 MiB
2026/07/31 03:02:09.169, 1, P0, 33, 243.79 W, 1965 MHz, 3996 MHz, 0 %, 159539 MiB
2026/07/31 03:02:09.169, 2, P0, 36, 236.26 W, 1965 MHz, 3996 MHz, 0 %, 0 MiB
2026/07/31 03:02:09.169, 3, P0, 33, 238.73 W, 1965 MHz, 3996 MHz, 0 %, 0 MiB
2026/07/31 03:02:09.169, 4, P0, 34, 235.74 W, 1965 MHz, 3996 MHz, 0 %, 0 MiB
2026/07/31 03:02:09.169, 5, P0, 36, 244.39 W, 1965 MHz, 3996 MHz, 0 %, 0 MiB
2026/07/31 03:02:09.169, 6, P0, 33, 242.49 W, 1965 MHz, 3996 MHz, 0 %, 0 MiB
2026/07/31 03:02:09.169, 7, P0, 37, 243.30 W, 1965 MHz, 3996 MHz, 0 %, 0 MiB
2026/07/31 03:02:10.169, 0, P0, 36, 250.82 W, 1965 MHz, 3996 MHz, 58 %, 159539 MiB
2026/07/31 03:02:10.169, 1, P0, 34, 246.11 W, 1965 MHz, 3996 MHz, 9 %, 159539 MiB
2026/07/31 03:02:10.169, 2, P0, 36, 236.28 W, 1965 MHz, 3996 MHz, 0 %, 0 MiB
2026/07/31 03:02:10.169, 3, P0, 33, 238.65 W, 1965 MHz, 3996 MHz, 0 %, 0 MiB
2026/07/31 03:02:10.169, 4, P0, 34, 235.74 W, 1965 MHz, 3996 MHz, 0 %, 0 MiB
2026/07/31 03:02:10.169, 5, P0, 36, 244.25 W, 1965 MHz, 3996 MHz, 0 %, 0 MiB
2026/07/31 03:02:10.169, 6, P0, 33, 242.43 W, 1965 MHz, 3996 MHz, 0 %, 0 MiB
2026/07/31 03:02:10.169, 7, P0, 37, 243.34 W, 1965 MHz, 3996 MHz, 0 %, 0 MiB
2026/07/31 03:02:11.169, 0, P0, 36, 256.35 W, 1965 MHz, 3996 MHz, 38 %, 159575 MiB
2026/07/31 03:02:11.169, 1, P0, 34, 252.04 W, 1965 MHz, 3996 MHz, 9 %, 159575 MiB
2026/07/31 03:02:11.169, 2, P0, 36, 236.11 W, 1965 MHz, 3996 MHz, 0 %, 0 MiB
2026/07/31 03:02:11.169, 3, P0, 33, 238.69 W, 1965 MHz, 3996 MHz, 0 %, 0 MiB
2026/07/31 03:02:11.169, 4, P0, 33, 235.76 W, 1965 MHz, 3996 MHz, 0 %, 0 MiB
2026/07/31 03:02:11.169, 5, P0, 36, 244.23 W, 1965 MHz, 3996 MHz, 0 %, 0 MiB
2026/07/31 03:02:11.170, 6, P0, 33, 242.39 W, 1965 MHz, 3996 MHz, 0 %, 0 MiB
2026/07/31 03:02:11.170, 7, P0, 37, 243.28 W, 1965 MHz, 3996 MHz, 0 %, 0 MiB
2026/07/31 03:02:12.170, 0, P0, 36, 252.85 W, 1965 MHz, 3996 MHz, 32 %, 159575 MiB
2026/07/31 03:02:12.170, 1, P0, 34, 249.64 W, 1965 MHz, 3996 MHz, 10 %, 159575 MiB
2026/07/31 03:02:12.170, 2, P0, 36, 236.11 W, 1965 MHz, 3996 MHz, 0 %, 0 MiB
2026/07/31 03:02:12.170, 3, P0, 33, 238.75 W, 1965 MHz, 3996 MHz, 0 %, 0 MiB
2026/07/31 03:02:12.170, 4, P0, 33, 235.74 W, 1965 MHz, 3996 MHz, 0 %, 0 MiB
2026/07/31 03:02:12.170, 5, P0, 36, 244.23 W, 1965 MHz, 3996 MHz, 0 %, 0 MiB
2026/07/31 03:02:12.170, 6, P0, 33, 242.35 W, 1965 MHz, 3996 MHz, 0 %, 0 MiB
2026/07/31 03:02:12.170, 7, P0, 37, 243.27 W, 1965 MHz, 3996 MHz, 0 %, 0 MiB
2026/07/31 03:02:13.170, 0, P0, 36, 256.96 W, 1965 MHz, 3996 MHz, 10 %, 159575 MiB
2026/07/31 03:02:13.170, 1, P0, 34, 252.29 W, 1965 MHz, 3996 MHz, 29 %, 159575 MiB
2026/07/31 03:02:13.170, 2, P0, 36, 236.10 W, 1965 MHz, 3996 MHz, 0 %, 0 MiB
2026/07/31 03:02:13.170, 3, P0, 33, 238.75 W, 1965 MHz, 3996 MHz, 0 %, 0 MiB
2026/07/31 03:02:13.170, 4, P0, 33, 235.76 W, 1965 MHz, 3996 MHz, 0 %, 0 MiB
2026/07/31 03:02:13.170, 5, P0, 36, 244.26 W, 1965 MHz, 3996 MHz, 0 %, 0 MiB
2026/07/31 03:02:13.170, 6, P0, 33, 242.37 W, 1965 MHz, 3996 MHz, 0 %, 0 MiB
2026/07/31 03:02:13.170, 7, P0, 37, 243.30 W, 1965 MHz, 3996 MHz, 0 %, 0 MiB
2026/07/31 03:02:14.170, 0, P0, 36, 254.44 W, 1965 MHz, 3996 MHz, 21 %, 159575 MiB
2026/07/31 03:02:14.170, 1, P0, 34, 250.18 W, 1965 MHz, 3996 MHz, 10 %, 159575 MiB
2026/07/31 03:02:14.170, 2, P0, 36, 236.16 W, 1965 MHz, 3996 MHz, 0 %, 0 MiB
2026/07/31 03:02:14.170, 3, P0, 33, 238.71 W, 1965 MHz, 3996 MHz, 0 %, 0 MiB
2026/07/31 03:02:14.170, 4, P0, 33, 235.78 W, 1965 MHz, 3996 MHz, 0 %, 0 MiB
2026/07/31 03:02:14.170, 5, P0, 36, 244.31 W, 1965 MHz, 3996 MHz, 0 %, 0 MiB
2026/07/31 03:02:14.170, 6, P0, 33, 242.35 W, 1965 MHz, 3996 MHz, 0 %, 0 MiB
2026/07/31 03:02:14.170, 7, P0, 37, 243.31 W, 1965 MHz, 3996 MHz, 0 %, 0 MiB
2026/07/31 03:02:15.171, 0, P0, 36, 253.44 W, 1965 MHz, 3996 MHz, 36 %, 159575 MiB
2026/07/31 03:02:15.171, 1, P0, 34, 253.40 W, 1965 MHz, 3996 MHz, 9 %, 159575 MiB
2026/07/31 03:02:15.171, 2, P0, 36, 236.10 W, 1965 MHz, 3996 MHz, 0 %, 0 MiB
2026/07/31 03:02:15.171, 3, P0, 33, 238.66 W, 1965 MHz, 3996 MHz, 0 %, 0 MiB
2026/07/31 03:02:15.171, 4, P0, 33, 235.73 W, 1965 MHz, 3996 MHz, 0 %, 0 MiB
2026/07/31 03:02:15.171, 5, P0, 36, 244.31 W, 1965 MHz, 3996 MHz, 0 %, 0 MiB
2026/07/31 03:02:15.171, 6, P0, 33, 242.39 W, 1965 MHz, 3996 MHz, 0 %, 0 MiB
2026/07/31 03:02:15.171, 7, P0, 37, 243.33 W, 1965 MHz, 3996 MHz, 0 %, 0 MiB
2026/07/31 03:02:16.171, 0, P0, 36, 252.74 W, 1965 MHz, 3996 MHz, 13 %, 159575 MiB
2026/07/31 03:02:16.171, 1, P0, 34, 250.00 W, 1965 MHz, 3996 MHz, 28 %, 159575 MiB
2026/07/31 03:02:16.171, 2, P0, 36, 236.09 W, 1965 MHz, 3996 MHz, 0 %, 0 MiB
2026/07/31 03:02:16.171, 3, P0, 33, 238.66 W, 1965 MHz, 3996 MHz, 0 %, 0 MiB
2026/07/31 03:02:16.171, 4, P0, 33, 235.69 W, 1965 MHz, 3996 MHz, 0 %, 0 MiB
2026/07/31 03:02:16.171, 5, P0, 36, 244.37 W, 1965 MHz, 3996 MHz, 0 %, 0 MiB
2026/07/31 03:02:16.171, 6, P0, 33, 242.41 W, 1965 MHz, 3996 MHz, 0 %, 0 MiB
2026/07/31 03:02:16.171, 7, P0, 37, 243.30 W, 1965 MHz, 3996 MHz, 0 %, 0 MiB
2026/07/31 03:02:17.171, 0, P0, 36, 252.61 W, 1965 MHz, 3996 MHz, 10 %, 159575 MiB
2026/07/31 03:02:17.171, 1, P0, 34, 249.34 W, 1965 MHz, 3996 MHz, 30 %, 159575 MiB
2026/07/31 03:02:17.171, 2, P0, 36, 236.10 W, 1965 MHz, 3996 MHz, 0 %, 0 MiB
2026/07/31 03:02:17.171, 3, P0, 33, 238.62 W, 1965 MHz, 3996 MHz, 0 %, 0 MiB
2026/07/31 03:02:17.171, 4, P0, 33, 235.62 W, 1965 MHz, 3996 MHz, 0 %, 0 MiB
2026/07/31 03:02:17.171, 5, P0, 36, 244.29 W, 1965 MHz, 3996 MHz, 0 %, 0 MiB
2026/07/31 03:02:17.171, 6, P0, 33, 242.33 W, 1965 MHz, 3996 MHz, 0 %, 0 MiB
2026/07/31 03:02:17.171, 7, P0, 37, 243.36 W, 1965 MHz, 3996 MHz, 0 %, 0 MiB
2026/07/31 03:02:18.171, 0, P0, 36, 252.71 W, 1965 MHz, 3996 MHz, 18 %, 159575 MiB
2026/07/31 03:02:18.171, 1, P0, 34, 250.41 W, 1965 MHz, 3996 MHz, 25 %, 159575 MiB
2026/07/31 03:02:18.171, 2, P0, 36, 236.11 W, 1965 MHz, 3996 MHz, 0 %, 0 MiB
2026/07/31 03:02:18.171, 3, P0, 33, 238.74 W, 1965 MHz, 3996 MHz, 0 %, 0 MiB
2026/07/31 03:02:18.171, 4, P0, 33, 235.65 W, 1965 MHz, 3996 MHz, 0 %, 0 MiB
2026/07/31 03:02:18.171, 5, P0, 36, 244.27 W, 1965 MHz, 3996 MHz, 0 %, 0 MiB
2026/07/31 03:02:18.171, 6, P0, 33, 242.43 W, 1965 MHz, 3996 MHz, 0 %, 0 MiB
2026/07/31 03:02:18.171, 7, P0, 37, 243.33 W, 1965 MHz, 3996 MHz, 0 %, 0 MiB
2026/07/31 03:02:19.172, 0, P0, 36, 252.80 W, 1965 MHz, 3996 MHz, 33 %, 159575 MiB
2026/07/31 03:02:19.172, 1, P0, 34, 250.00 W, 1965 MHz, 3996 MHz, 36 %, 159575 MiB
2026/07/31 03:02:19.172, 2, P0, 36, 236.15 W, 1965 MHz, 3996 MHz, 0 %, 0 MiB
2026/07/31 03:02:19.172, 3, P0, 33, 238.65 W, 1965 MHz, 3996 MHz, 0 %, 0 MiB
2026/07/31 03:02:19.172, 4, P0, 33, 235.66 W, 1965 MHz, 3996 MHz, 0 %, 0 MiB
2026/07/31 03:02:19.172, 5, P0, 36, 244.31 W, 1965 MHz, 3996 MHz, 0 %, 0 MiB
2026/07/31 03:02:19.172, 6, P0, 33, 242.41 W, 1965 MHz, 3996 MHz, 0 %, 0 MiB
2026/07/31 03:02:19.172, 7, P0, 37, 243.26 W, 1965 MHz, 3996 MHz, 0 %, 0 MiB
2026/07/31 03:02:20.172, 0, P0, 36, 252.51 W, 1965 MHz, 3996 MHz, 19 %, 159575 MiB
2026/07/31 03:02:20.172, 1, P0, 34, 249.57 W, 1965 MHz, 3996 MHz, 42 %, 159575 MiB
2026/07/31 03:02:20.172, 2, P0, 36, 236.12 W, 1965 MHz, 3996 MHz, 0 %, 0 MiB
2026/07/31 03:02:20.172, 3, P0, 33, 238.68 W, 1965 MHz, 3996 MHz, 0 %, 0 MiB
2026/07/31 03:02:20.172, 4, P0, 33, 235.74 W, 1965 MHz, 3996 MHz, 0 %, 0 MiB
2026/07/31 03:02:20.172, 5, P0, 36, 244.26 W, 1965 MHz, 3996 MHz, 0 %, 0 MiB
2026/07/31 03:02:20.172, 6, P0, 33, 242.41 W, 1965 MHz, 3996 MHz, 0 %, 0 MiB
2026/07/31 03:02:20.172, 7, P0, 37, 243.32 W, 1965 MHz, 3996 MHz, 0 %, 0 MiB
2026/07/31 03:02:21.172, 0, P0, 36, 256.19 W, 1965 MHz, 3996 MHz, 10 %, 159575 MiB
2026/07/31 03:02:21.172, 1, P0, 34, 251.71 W, 1965 MHz, 3996 MHz, 16 %, 159575 MiB
2026/07/31 03:02:21.172, 2, P0, 36, 236.10 W, 1965 MHz, 3996 MHz, 0 %, 0 MiB
2026/07/31 03:02:21.172, 3, P0, 33, 238.73 W, 1965 MHz, 3996 MHz, 0 %, 0 MiB
2026/07/31 03:02:21.172, 4, P0, 33, 235.62 W, 1965 MHz, 3996 MHz, 0 %, 0 MiB
2026/07/31 03:02:21.172, 5, P0, 36, 244.23 W, 1965 MHz, 3996 MHz, 0 %, 0 MiB
2026/07/31 03:02:21.172, 6, P0, 33, 242.35 W, 1965 MHz, 3996 MHz, 0 %, 0 MiB
2026/07/31 03:02:21.172, 7, P0, 37, 243.26 W, 1965 MHz, 3996 MHz, 0 %, 0 MiB
2026/07/31 03:02:22.172, 0, P0, 36, 254.73 W, 1965 MHz, 3996 MHz, 37 %, 159575 MiB
2026/07/31 03:02:22.172, 1, P0, 34, 256.90 W, 1965 MHz, 3996 MHz, 60 %, 159575 MiB
2026/07/31 03:02:22.172, 2, P0, 36, 236.06 W, 1965 MHz, 3996 MHz, 0 %, 0 MiB
2026/07/31 03:02:22.172, 3, P0, 33, 238.53 W, 1965 MHz, 3996 MHz, 0 %, 0 MiB
2026/07/31 03:02:22.172, 4, P0, 33, 235.64 W, 1965 MHz, 3996 MHz, 0 %, 0 MiB
2026/07/31 03:02:22.172, 5, P0, 36, 244.28 W, 1965 MHz, 3996 MHz, 0 %, 0 MiB
2026/07/31 03:02:22.172, 6, P0, 33, 242.41 W, 1965 MHz, 3996 MHz, 0 %, 0 MiB
2026/07/31 03:02:22.172, 7, P0, 37, 243.25 W, 1965 MHz, 3996 MHz, 0 %, 0 MiB
2026/07/31 03:02:23.173, 0, P0, 36, 252.62 W, 1965 MHz, 3996 MHz, 31 %, 159575 MiB
2026/07/31 03:02:23.173, 1, P0, 34, 249.63 W, 1965 MHz, 3996 MHz, 33 %, 159575 MiB
2026/07/31 03:02:23.173, 2, P0, 36, 236.06 W, 1965 MHz, 3996 MHz, 0 %, 0 MiB
2026/07/31 03:02:23.173, 3, P0, 33, 238.68 W, 1965 MHz, 3996 MHz, 0 %, 0 MiB
2026/07/31 03:02:23.173, 4, P0, 33, 235.64 W, 1965 MHz, 3996 MHz, 0 %, 0 MiB
2026/07/31 03:02:23.173, 5, P0, 36, 244.26 W, 1965 MHz, 3996 MHz, 0 %, 0 MiB
2026/07/31 03:02:23.173, 6, P0, 33, 242.43 W, 1965 MHz, 3996 MHz, 0 %, 0 MiB
2026/07/31 03:02:23.173, 7, P0, 37, 243.23 W, 1965 MHz, 3996 MHz, 0 %, 0 MiB
2026/07/31 03:02:24.173, 0, P0, 36, 252.86 W, 1965 MHz, 3996 MHz, 22 %, 159575 MiB
2026/07/31 03:02:24.173, 1, P0, 34, 250.22 W, 1965 MHz, 3996 MHz, 10 %, 159575 MiB
2026/07/31 03:02:24.173, 2, P0, 36, 236.07 W, 1965 MHz, 3996 MHz, 0 %, 0 MiB
2026/07/31 03:02:24.173, 3, P0, 33, 238.61 W, 1965 MHz, 3996 MHz, 0 %, 0 MiB
2026/07/31 03:02:24.173, 4, P0, 33, 235.65 W, 1965 MHz, 3996 MHz, 0 %, 0 MiB
2026/07/31 03:02:24.173, 5, P0, 36, 244.24 W, 1965 MHz, 3996 MHz, 0 %, 0 MiB
2026/07/31 03:02:24.173, 6, P0, 33, 242.43 W, 1965 MHz, 3996 MHz, 0 %, 0 MiB
2026/07/31 03:02:24.173, 7, P0, 37, 243.25 W, 1965 MHz, 3996 MHz, 0 %, 0 MiB
2026/07/31 03:02:25.173, 0, P0, 36, 253.51 W, 1965 MHz, 3996 MHz, 43 %, 159575 MiB
2026/07/31 03:02:25.173, 1, P0, 33, 249.53 W, 1965 MHz, 3996 MHz, 12 %, 159575 MiB
2026/07/31 03:02:25.173, 2, P0, 36, 236.11 W, 1965 MHz, 3996 MHz, 0 %, 0 MiB
2026/07/31 03:02:25.173, 3, P0, 33, 238.60 W, 1965 MHz, 3996 MHz, 0 %, 0 MiB
2026/07/31 03:02:25.173, 4, P0, 33, 235.62 W, 1965 MHz, 3996 MHz, 0 %, 0 MiB
2026/07/31 03:02:25.173, 5, P0, 36, 244.33 W, 1965 MHz, 3996 MHz, 0 %, 0 MiB
2026/07/31 03:02:25.173, 6, P0, 33, 242.44 W, 1965 MHz, 3996 MHz, 0 %, 0 MiB
2026/07/31 03:02:25.173, 7, P0, 37, 243.32 W, 1965 MHz, 3996 MHz, 0 %, 0 MiB
2026/07/31 03:02:26.173, 0, P0, 36, 252.30 W, 1965 MHz, 3996 MHz, 14 %, 159575 MiB
2026/07/31 03:02:26.173, 1, P0, 33, 249.99 W, 1965 MHz, 3996 MHz, 36 %, 159575 MiB
2026/07/31 03:02:26.173, 2, P0, 36, 236.11 W, 1965 MHz, 3996 MHz, 0 %, 0 MiB
2026/07/31 03:02:26.173, 3, P0, 33, 238.60 W, 1965 MHz, 3996 MHz, 0 %, 0 MiB
2026/07/31 03:02:26.173, 4, P0, 33, 235.67 W, 1965 MHz, 3996 MHz, 0 %, 0 MiB
2026/07/31 03:02:26.173, 5, P0, 36, 244.24 W, 1965 MHz, 3996 MHz, 0 %, 0 MiB
2026/07/31 03:02:26.173, 6, P0, 33, 242.40 W, 1965 MHz, 3996 MHz, 0 %, 0 MiB
2026/07/31 03:02:26.174, 7, P0, 37, 243.26 W, 1965 MHz, 3996 MHz, 0 %, 0 MiB
2026/07/31 03:02:27.174, 0, P0, 36, 253.17 W, 1965 MHz, 3996 MHz, 41 %, 159575 MiB
2026/07/31 03:02:27.174, 1, P0, 33, 249.63 W, 1965 MHz, 3996 MHz, 14 %, 159575 MiB
2026/07/31 03:02:27.174, 2, P0, 36, 236.12 W, 1965 MHz, 3996 MHz, 0 %, 0 MiB
2026/07/31 03:02:27.174, 3, P0, 33, 238.65 W, 1965 MHz, 3996 MHz, 0 %, 0 MiB
2026/07/31 03:02:27.174, 4, P0, 33, 235.64 W, 1965 MHz, 3996 MHz, 0 %, 0 MiB
2026/07/31 03:02:27.174, 5, P0, 36, 244.25 W, 1965 MHz, 3996 MHz, 0 %, 0 MiB
2026/07/31 03:02:27.174, 6, P0, 33, 242.41 W, 1965 MHz, 3996 MHz, 0 %, 0 MiB
2026/07/31 03:02:27.174, 7, P0, 37, 243.30 W, 1965 MHz, 3996 MHz, 0 %, 0 MiB
2026/07/31 03:02:28.174, 0, P0, 36, 252.77 W, 1965 MHz, 3996 MHz, 21 %, 159575 MiB
2026/07/31 03:02:28.174, 1, P0, 33, 249.49 W, 1965 MHz, 3996 MHz, 10 %, 159575 MiB
2026/07/31 03:02:28.174, 2, P0, 36, 236.14 W, 1965 MHz, 3996 MHz, 0 %, 0 MiB
2026/07/31 03:02:28.174, 3, P0, 33, 238.57 W, 1965 MHz, 3996 MHz, 0 %, 0 MiB
2026/07/31 03:02:28.174, 4, P0, 33, 235.67 W, 1965 MHz, 3996 MHz, 0 %, 0 MiB
2026/07/31 03:02:28.174, 5, P0, 36, 244.12 W, 1965 MHz, 3996 MHz, 0 %, 0 MiB
2026/07/31 03:02:28.174, 6, P0, 33, 242.46 W, 1965 MHz, 3996 MHz, 0 %, 0 MiB
2026/07/31 03:02:28.174, 7, P0, 37, 243.32 W, 1965 MHz, 3996 MHz, 0 %, 0 MiB
2026/07/31 03:02:29.174, 0, P0, 36, 252.63 W, 1965 MHz, 3996 MHz, 16 %, 159575 MiB
2026/07/31 03:02:29.174, 1, P0, 33, 250.11 W, 1965 MHz, 3996 MHz, 10 %, 159575 MiB
2026/07/31 03:02:29.174, 2, P0, 36, 236.09 W, 1965 MHz, 3996 MHz, 0 %, 0 MiB
2026/07/31 03:02:29.174, 3, P0, 33, 238.55 W, 1965 MHz, 3996 MHz, 0 %, 0 MiB
2026/07/31 03:02:29.174, 4, P0, 33, 235.66 W, 1965 MHz, 3996 MHz, 0 %, 0 MiB
2026/07/31 03:02:29.174, 5, P0, 36, 244.13 W, 1965 MHz, 3996 MHz, 0 %, 0 MiB
2026/07/31 03:02:29.174, 6, P0, 33, 242.37 W, 1965 MHz, 3996 MHz, 0 %, 0 MiB
2026/07/31 03:02:29.174, 7, P0, 37, 243.31 W, 1965 MHz, 3996 MHz, 0 %, 0 MiB
2026/07/31 03:02:30.174, 0, P0, 36, 252.48 W, 1965 MHz, 3996 MHz, 25 %, 159575 MiB
2026/07/31 03:02:30.174, 1, P0, 33, 249.02 W, 1965 MHz, 3996 MHz, 34 %, 159575 MiB
2026/07/31 03:02:30.174, 2, P0, 36, 236.09 W, 1965 MHz, 3996 MHz, 0 %, 0 MiB
2026/07/31 03:02:30.174, 3, P0, 33, 238.60 W, 1965 MHz, 3996 MHz, 0 %, 0 MiB
2026/07/31 03:02:30.174, 4, P0, 33, 235.66 W, 1965 MHz, 3996 MHz, 0 %, 0 MiB
2026/07/31 03:02:30.174, 5, P0, 36, 244.20 W, 1965 MHz, 3996 MHz, 0 %, 0 MiB
2026/07/31 03:02:30.175, 6, P0, 33, 242.37 W, 1965 MHz, 3996 MHz, 0 %, 0 MiB
2026/07/31 03:02:30.175, 7, P0, 37, 243.29 W, 1965 MHz, 3996 MHz, 0 %, 0 MiB
2026/07/31 03:02:31.175, 0, P0, 36, 252.37 W, 1965 MHz, 3996 MHz, 13 %, 159575 MiB
2026/07/31 03:02:31.175, 1, P0, 33, 249.90 W, 1965 MHz, 3996 MHz, 11 %, 159575 MiB
2026/07/31 03:02:31.175, 2, P0, 36, 236.11 W, 1965 MHz, 3996 MHz, 0 %, 0 MiB
2026/07/31 03:02:31.175, 3, P0, 33, 238.52 W, 1965 MHz, 3996 MHz, 0 %, 0 MiB
2026/07/31 03:02:31.175, 4, P0, 33, 235.59 W, 1965 MHz, 3996 MHz, 0 %, 0 MiB
2026/07/31 03:02:31.175, 5, P0, 36, 244.25 W, 1965 MHz, 3996 MHz, 0 %, 0 MiB
2026/07/31 03:02:31.175, 6, P0, 33, 242.37 W, 1965 MHz, 3996 MHz, 0 %, 0 MiB
2026/07/31 03:02:31.175, 7, P0, 37, 243.31 W, 1965 MHz, 3996 MHz, 0 %, 0 MiB
2026/07/31 03:02:32.175, 0, P0, 36, 253.25 W, 1965 MHz, 3996 MHz, 19 %, 159575 MiB
2026/07/31 03:02:32.175, 1, P0, 33, 249.91 W, 1965 MHz, 3996 MHz, 10 %, 159575 MiB
2026/07/31 03:02:32.175, 2, P0, 36, 236.07 W, 1965 MHz, 3996 MHz, 0 %, 0 MiB
2026/07/31 03:02:32.175, 3, P0, 33, 238.59 W, 1965 MHz, 3996 MHz, 0 %, 0 MiB
2026/07/31 03:02:32.175, 4, P0, 33, 235.62 W, 1965 MHz, 3996 MHz, 0 %, 0 MiB
2026/07/31 03:02:32.175, 5, P0, 36, 244.32 W, 1965 MHz, 3996 MHz, 0 %, 0 MiB
2026/07/31 03:02:32.175, 6, P0, 33, 242.38 W, 1965 MHz, 3996 MHz, 0 %, 0 MiB
2026/07/31 03:02:32.175, 7, P0, 37, 243.35 W, 1965 MHz, 3996 MHz, 0 %, 0 MiB
2026/07/31 03:02:33.175, 0, P0, 36, 252.91 W, 1965 MHz, 3996 MHz, 72 %, 159575 MiB
2026/07/31 03:02:33.175, 1, P0, 33, 249.72 W, 1965 MHz, 3996 MHz, 11 %, 159575 MiB
2026/07/31 03:02:33.175, 2, P0, 36, 236.07 W, 1965 MHz, 3996 MHz, 0 %, 0 MiB
2026/07/31 03:02:33.175, 3, P0, 33, 238.58 W, 1965 MHz, 3996 MHz, 0 %, 0 MiB
2026/07/31 03:02:33.175, 4, P0, 33, 235.58 W, 1965 MHz, 3996 MHz, 0 %, 0 MiB
2026/07/31 03:02:33.175, 5, P0, 36, 244.36 W, 1965 MHz, 3996 MHz, 0 %, 0 MiB
2026/07/31 03:02:33.175, 6, P0, 33, 242.33 W, 1965 MHz, 3996 MHz, 0 %, 0 MiB
2026/07/31 03:02:33.175, 7, P0, 37, 243.36 W, 1965 MHz, 3996 MHz, 0 %, 0 MiB
2026/07/31 03:02:34.175, 0, P0, 36, 252.63 W, 1965 MHz, 3996 MHz, 23 %, 159575 MiB
2026/07/31 03:02:34.175, 1, P0, 33, 249.72 W, 1965 MHz, 3996 MHz, 14 %, 159575 MiB
2026/07/31 03:02:34.175, 2, P0, 36, 236.09 W, 1965 MHz, 3996 MHz, 0 %, 0 MiB
2026/07/31 03:02:34.175, 3, P0, 33, 238.56 W, 1965 MHz, 3996 MHz, 0 %, 0 MiB
2026/07/31 03:02:34.175, 4, P0, 33, 235.66 W, 1965 MHz, 3996 MHz, 0 %, 0 MiB
2026/07/31 03:02:34.175, 5, P0, 36, 244.24 W, 1965 MHz, 3996 MHz, 0 %, 0 MiB
2026/07/31 03:02:34.175, 6, P0, 33, 242.41 W, 1965 MHz, 3996 MHz, 0 %, 0 MiB
2026/07/31 03:02:34.176, 7, P0, 37, 243.37 W, 1965 MHz, 3996 MHz, 0 %, 0 MiB
2026/07/31 03:02:35.176, 0, P0, 36, 252.92 W, 1965 MHz, 3996 MHz, 16 %, 159575 MiB
2026/07/31 03:02:35.176, 1, P0, 33, 249.78 W, 1965 MHz, 3996 MHz, 23 %, 159575 MiB
2026/07/31 03:02:35.176, 2, P0, 36, 236.09 W, 1965 MHz, 3996 MHz, 0 %, 0 MiB
2026/07/31 03:02:35.176, 3, P0, 33, 238.54 W, 1965 MHz, 3996 MHz, 0 %, 0 MiB
2026/07/31 03:02:35.176, 4, P0, 33, 235.63 W, 1965 MHz, 3996 MHz, 0 %, 0 MiB
2026/07/31 03:02:35.176, 5, P0, 36, 244.26 W, 1965 MHz, 3996 MHz, 0 %, 0 MiB
2026/07/31 03:02:35.176, 6, P0, 33, 242.37 W, 1965 MHz, 3996 MHz, 0 %, 0 MiB
2026/07/31 03:02:35.176, 7, P0, 37, 243.30 W, 1965 MHz, 3996 MHz, 0 %, 0 MiB
2026/07/31 03:02:36.176, 0, P0, 36, 252.62 W, 1965 MHz, 3996 MHz, 10 %, 159575 MiB
2026/07/31 03:02:36.176, 1, P0, 33, 249.72 W, 1965 MHz, 3996 MHz, 13 %, 159575 MiB
2026/07/31 03:02:36.176, 2, P0, 36, 236.06 W, 1965 MHz, 3996 MHz, 0 %, 0 MiB
2026/07/31 03:02:36.176, 3, P0, 33, 238.51 W, 1965 MHz, 3996 MHz, 0 %, 0 MiB
2026/07/31 03:02:36.176, 4, P0, 33, 235.70 W, 1965 MHz, 3996 MHz, 0 %, 0 MiB
2026/07/31 03:02:36.176, 5, P0, 36, 244.23 W, 1965 MHz, 3996 MHz, 0 %, 0 MiB
2026/07/31 03:02:36.176, 6, P0, 33, 242.37 W, 1965 MHz, 3996 MHz, 0 %, 0 MiB
2026/07/31 03:02:36.176, 7, P0, 37, 243.31 W, 1965 MHz, 3996 MHz, 0 %, 0 MiB
2026/07/31 03:02:37.176, 0, P0, 36, 253.08 W, 1965 MHz, 3996 MHz, 40 %, 159575 MiB
2026/07/31 03:02:37.176, 1, P0, 33, 249.55 W, 1965 MHz, 3996 MHz, 30 %, 159575 MiB
2026/07/31 03:02:37.176, 2, P0, 36, 236.06 W, 1965 MHz, 3996 MHz, 0 %, 0 MiB
2026/07/31 03:02:37.176, 3, P0, 33, 238.59 W, 1965 MHz, 3996 MHz, 0 %, 0 MiB
2026/07/31 03:02:37.176, 4, P0, 33, 235.65 W, 1965 MHz, 3996 MHz, 0 %, 0 MiB
2026/07/31 03:02:37.176, 5, P0, 36, 244.29 W, 1965 MHz, 3996 MHz, 0 %, 0 MiB
2026/07/31 03:02:37.176, 6, P0, 33, 242.36 W, 1965 MHz, 3996 MHz, 0 %, 0 MiB
2026/07/31 03:02:37.176, 7, P0, 37, 243.30 W, 1965 MHz, 3996 MHz, 0 %, 0 MiB
2026/07/31 03:02:38.176, 0, P0, 36, 252.93 W, 1965 MHz, 3996 MHz, 40 %, 159575 MiB
2026/07/31 03:02:38.176, 1, P0, 33, 249.59 W, 1965 MHz, 3996 MHz, 22 %, 159575 MiB
2026/07/31 03:02:38.176, 2, P0, 36, 236.05 W, 1965 MHz, 3996 MHz, 0 %, 0 MiB
2026/07/31 03:02:38.176, 3, P0, 33, 238.56 W, 1965 MHz, 3996 MHz, 0 %, 0 MiB
2026/07/31 03:02:38.176, 4, P0, 33, 235.69 W, 1965 MHz, 3996 MHz, 0 %, 0 MiB
2026/07/31 03:02:38.176, 5, P0, 36, 244.18 W, 1965 MHz, 3996 MHz, 0 %, 0 MiB
2026/07/31 03:02:38.176, 6, P0, 33, 242.37 W, 1965 MHz, 3996 MHz, 0 %, 0 MiB
2026/07/31 03:02:38.176, 7, P0, 37, 243.31 W, 1965 MHz, 3996 MHz, 0 %, 0 MiB
2026/07/31 03:02:39.177, 0, P0, 36, 252.88 W, 1965 MHz, 3996 MHz, 43 %, 159575 MiB
2026/07/31 03:02:39.177, 1, P0, 33, 249.24 W, 1965 MHz, 3996 MHz, 45 %, 159575 MiB
2026/07/31 03:02:39.177, 2, P0, 36, 236.06 W, 1965 MHz, 3996 MHz, 0 %, 0 MiB
2026/07/31 03:02:39.177, 3, P0, 33, 238.53 W, 1965 MHz, 3996 MHz, 0 %, 0 MiB
2026/07/31 03:02:39.177, 4, P0, 33, 235.63 W, 1965 MHz, 3996 MHz, 0 %, 0 MiB
2026/07/31 03:02:39.177, 5, P0, 36, 244.20 W, 1965 MHz, 3996 MHz, 0 %, 0 MiB
2026/07/31 03:02:39.177, 6, P0, 33, 242.36 W, 1965 MHz, 3996 MHz, 0 %, 0 MiB
2026/07/31 03:02:39.177, 7, P0, 37, 243.32 W, 1965 MHz, 3996 MHz, 0 %, 0 MiB
2026/07/31 03:02:40.177, 0, P0, 36, 252.95 W, 1965 MHz, 3996 MHz, 17 %, 159575 MiB
2026/07/31 03:02:40.177, 1, P0, 33, 249.46 W, 1965 MHz, 3996 MHz, 19 %, 159575 MiB
2026/07/31 03:02:40.177, 2, P0, 36, 236.08 W, 1965 MHz, 3996 MHz, 0 %, 0 MiB
2026/07/31 03:02:40.177, 3, P0, 33, 238.54 W, 1965 MHz, 3996 MHz, 0 %, 0 MiB
2026/07/31 03:02:40.177, 4, P0, 33, 235.70 W, 1965 MHz, 3996 MHz, 0 %, 0 MiB
2026/07/31 03:02:40.177, 5, P0, 36, 244.24 W, 1965 MHz, 3996 MHz, 0 %, 0 MiB
2026/07/31 03:02:40.177, 6, P0, 33, 242.35 W, 1965 MHz, 3996 MHz, 0 %, 0 MiB
2026/07/31 03:02:40.177, 7, P0, 37, 243.31 W, 1965 MHz, 3996 MHz, 0 %, 0 MiB
2026/07/31 03:02:41.177, 0, P0, 36, 252.83 W, 1965 MHz, 3996 MHz, 36 %, 159575 MiB
2026/07/31 03:02:41.177, 1, P0, 33, 249.91 W, 1965 MHz, 3996 MHz, 10 %, 159575 MiB
2026/07/31 03:02:41.177, 2, P0, 36, 236.05 W, 1965 MHz, 3996 MHz, 0 %, 0 MiB
2026/07/31 03:02:41.177, 3, P0, 33, 238.58 W, 1965 MHz, 3996 MHz, 0 %, 0 MiB
2026/07/31 03:02:41.177, 4, P0, 33, 235.62 W, 1965 MHz, 3996 MHz, 0 %, 0 MiB
2026/07/31 03:02:41.177, 5, P0, 36, 244.16 W, 1965 MHz, 3996 MHz, 0 %, 0 MiB
2026/07/31 03:02:41.177, 6, P0, 33, 242.34 W, 1965 MHz, 3996 MHz, 0 %, 0 MiB
2026/07/31 03:02:41.177, 7, P0, 37, 243.29 W, 1965 MHz, 3996 MHz, 0 %, 0 MiB
2026/07/31 03:02:42.177, 0, P0, 36, 252.38 W, 1965 MHz, 3996 MHz, 10 %, 159575 MiB
2026/07/31 03:02:42.177, 1, P0, 33, 249.96 W, 1965 MHz, 3996 MHz, 27 %, 159575 MiB
2026/07/31 03:02:42.177, 2, P0, 36, 236.06 W, 1965 MHz, 3996 MHz, 0 %, 0 MiB
2026/07/31 03:02:42.177, 3, P0, 33, 238.56 W, 1965 MHz, 3996 MHz, 0 %, 0 MiB
2026/07/31 03:02:42.177, 4, P0, 33, 235.63 W, 1965 MHz, 3996 MHz, 0 %, 0 MiB
2026/07/31 03:02:42.177, 5, P0, 36, 244.21 W, 1965 MHz, 3996 MHz, 0 %, 0 MiB
2026/07/31 03:02:42.177, 6, P0, 33, 242.35 W, 1965 MHz, 3996 MHz, 0 %, 0 MiB
2026/07/31 03:02:42.177, 7, P0, 37, 243.27 W, 1965 MHz, 3996 MHz, 0 %, 0 MiB
2026/07/31 03:02:43.178, 0, P0, 36, 252.83 W, 1965 MHz, 3996 MHz, 14 %, 159575 MiB
2026/07/31 03:02:43.178, 1, P0, 33, 250.29 W, 1965 MHz, 3996 MHz, 25 %, 159575 MiB
2026/07/31 03:02:43.178, 2, P0, 36, 236.04 W, 1965 MHz, 3996 MHz, 0 %, 0 MiB
2026/07/31 03:02:43.178, 3, P0, 33, 238.54 W, 1965 MHz, 3996 MHz, 0 %, 0 MiB
2026/07/31 03:02:43.178, 4, P0, 33, 235.64 W, 1965 MHz, 3996 MHz, 0 %, 0 MiB
2026/07/31 03:02:43.178, 5, P0, 36, 244.16 W, 1965 MHz, 3996 MHz, 0 %, 0 MiB
2026/07/31 03:02:43.178, 6, P0, 33, 242.32 W, 1965 MHz, 3996 MHz, 0 %, 0 MiB
2026/07/31 03:02:43.178, 7, P0, 37, 243.21 W, 1965 MHz, 3996 MHz, 0 %, 0 MiB
2026/07/31 03:02:44.178, 0, P0, 36, 252.85 W, 1965 MHz, 3996 MHz, 45 %, 159575 MiB
2026/07/31 03:02:44.178, 1, P0, 33, 249.45 W, 1965 MHz, 3996 MHz, 11 %, 159575 MiB
2026/07/31 03:02:44.178, 2, P0, 36, 236.09 W, 1965 MHz, 3996 MHz, 0 %, 0 MiB
2026/07/31 03:02:44.178, 3, P0, 33, 238.58 W, 1965 MHz, 3996 MHz, 0 %, 0 MiB
2026/07/31 03:02:44.178, 4, P0, 33, 235.68 W, 1965 MHz, 3996 MHz, 0 %, 0 MiB
2026/07/31 03:02:44.178, 5, P0, 36, 244.17 W, 1965 MHz, 3996 MHz, 0 %, 0 MiB
2026/07/31 03:02:44.178, 6, P0, 33, 242.30 W, 1965 MHz, 3996 MHz, 0 %, 0 MiB
2026/07/31 03:02:44.178, 7, P0, 37, 243.25 W, 1965 MHz, 3996 MHz, 0 %, 0 MiB
2026/07/31 03:02:45.178, 0, P0, 36, 253.14 W, 1965 MHz, 3996 MHz, 29 %, 159575 MiB
2026/07/31 03:02:45.178, 1, P0, 33, 249.94 W, 1965 MHz, 3996 MHz, 13 %, 159575 MiB
2026/07/31 03:02:45.178, 2, P0, 36, 236.07 W, 1965 MHz, 3996 MHz, 0 %, 0 MiB
2026/07/31 03:02:45.178, 3, P0, 33, 238.55 W, 1965 MHz, 3996 MHz, 0 %, 0 MiB
2026/07/31 03:02:45.178, 4, P0, 33, 235.59 W, 1965 MHz, 3996 MHz, 0 %, 0 MiB
2026/07/31 03:02:45.178, 5, P0, 36, 244.24 W, 1965 MHz, 3996 MHz, 0 %, 0 MiB
2026/07/31 03:02:45.178, 6, P0, 33, 242.39 W, 1965 MHz, 3996 MHz, 0 %, 0 MiB
2026/07/31 03:02:45.178, 7, P0, 37, 243.23 W, 1965 MHz, 3996 MHz, 0 %, 0 MiB
2026/07/31 03:02:46.178, 0, P0, 36, 252.69 W, 1965 MHz, 3996 MHz, 28 %, 159575 MiB
2026/07/31 03:02:46.178, 1, P0, 33, 250.06 W, 1965 MHz, 3996 MHz, 46 %, 159575 MiB
2026/07/31 03:02:46.178, 2, P0, 36, 236.02 W, 1965 MHz, 3996 MHz, 0 %, 0 MiB
2026/07/31 03:02:46.178, 3, P0, 33, 238.54 W, 1965 MHz, 3996 MHz, 0 %, 0 MiB
2026/07/31 03:02:46.178, 4, P0, 33, 235.57 W, 1965 MHz, 3996 MHz, 0 %, 0 MiB
2026/07/31 03:02:46.178, 5, P0, 36, 244.22 W, 1965 MHz, 3996 MHz, 0 %, 0 MiB
2026/07/31 03:02:46.178, 6, P0, 33, 242.38 W, 1965 MHz, 3996 MHz, 0 %, 0 MiB
2026/07/31 03:02:46.178, 7, P0, 37, 243.19 W, 1965 MHz, 3996 MHz, 0 %, 0 MiB
2026/07/31 03:02:47.179, 0, P0, 36, 261.53 W, 1965 MHz, 3996 MHz, 39 %, 159705 MiB
2026/07/31 03:02:47.179, 1, P0, 34, 260.28 W, 1965 MHz, 3996 MHz, 16 %, 159705 MiB
2026/07/31 03:02:47.179, 2, P0, 36, 236.06 W, 1965 MHz, 3996 MHz, 0 %, 0 MiB
2026/07/31 03:02:47.179, 3, P0, 33, 238.52 W, 1965 MHz, 3996 MHz, 0 %, 0 MiB
2026/07/31 03:02:47.179, 4, P0, 33, 235.66 W, 1965 MHz, 3996 MHz, 0 %, 0 MiB
2026/07/31 03:02:47.179, 5, P0, 36, 244.17 W, 1965 MHz, 3996 MHz, 0 %, 0 MiB
2026/07/31 03:02:47.179, 6, P0, 33, 242.39 W, 1965 MHz, 3996 MHz, 0 %, 0 MiB
2026/07/31 03:02:47.179, 7, P0, 37, 243.28 W, 1965 MHz, 3996 MHz, 0 %, 0 MiB
2026/07/31 03:02:48.179, 0, P0, 36, 253.99 W, 1965 MHz, 3996 MHz, 12 %, 159705 MiB
2026/07/31 03:02:48.179, 1, P0, 33, 250.43 W, 1965 MHz, 3996 MHz, 10 %, 159705 MiB
2026/07/31 03:02:48.179, 2, P0, 36, 236.02 W, 1965 MHz, 3996 MHz, 0 %, 0 MiB
2026/07/31 03:02:48.179, 3, P0, 33, 238.53 W, 1965 MHz, 3996 MHz, 0 %, 0 MiB
2026/07/31 03:02:48.179, 4, P0, 33, 235.67 W, 1965 MHz, 3996 MHz, 0 %, 0 MiB
2026/07/31 03:02:48.179, 5, P0, 36, 244.27 W, 1965 MHz, 3996 MHz, 0 %, 0 MiB
2026/07/31 03:02:48.179, 6, P0, 33, 242.36 W, 1965 MHz, 3996 MHz, 0 %, 0 MiB
2026/07/31 03:02:48.179, 7, P0, 37, 243.28 W, 1965 MHz, 3996 MHz, 0 %, 0 MiB
2026/07/31 03:02:49.179, 0, P0, 36, 264.14 W, 1965 MHz, 3996 MHz, 11 %, 159705 MiB
2026/07/31 03:02:49.179, 1, P0, 34, 261.55 W, 1965 MHz, 3996 MHz, 22 %, 159705 MiB
2026/07/31 03:02:49.179, 2, P0, 36, 236.07 W, 1965 MHz, 3996 MHz, 0 %, 0 MiB
2026/07/31 03:02:49.179, 3, P0, 33, 238.54 W, 1965 MHz, 3996 MHz, 0 %, 0 MiB
2026/07/31 03:02:49.179, 4, P0, 33, 235.66 W, 1965 MHz, 3996 MHz, 0 %, 0 MiB
2026/07/31 03:02:49.179, 5, P0, 36, 244.18 W, 1965 MHz, 3996 MHz, 0 %, 0 MiB
2026/07/31 03:02:49.179, 6, P0, 33, 242.33 W, 1965 MHz, 3996 MHz, 0 %, 0 MiB
2026/07/31 03:02:49.179, 7, P0, 37, 243.26 W, 1965 MHz, 3996 MHz, 0 %, 0 MiB
2026/07/31 03:02:50.179, 0, P0, 36, 263.97 W, 1965 MHz, 3996 MHz, 20 %, 159705 MiB
2026/07/31 03:02:50.179, 1, P0, 34, 259.71 W, 1965 MHz, 3996 MHz, 43 %, 159705 MiB
2026/07/31 03:02:50.179, 2, P0, 36, 236.03 W, 1965 MHz, 3996 MHz, 0 %, 0 MiB
2026/07/31 03:02:50.179, 3, P0, 33, 238.54 W, 1965 MHz, 3996 MHz, 0 %, 0 MiB
2026/07/31 03:02:50.179, 4, P0, 33, 235.59 W, 1965 MHz, 3996 MHz, 0 %, 0 MiB
2026/07/31 03:02:50.179, 5, P0, 36, 244.16 W, 1965 MHz, 3996 MHz, 0 %, 0 MiB
2026/07/31 03:02:50.179, 6, P0, 33, 242.34 W, 1965 MHz, 3996 MHz, 0 %, 0 MiB
2026/07/31 03:02:50.179, 7, P0, 37, 243.31 W, 1965 MHz, 3996 MHz, 0 %, 0 MiB
2026/07/31 03:02:51.179, 0, P0, 36, 252.76 W, 1965 MHz, 3996 MHz, 26 %, 159705 MiB
2026/07/31 03:02:51.179, 1, P0, 33, 250.88 W, 1965 MHz, 3996 MHz, 27 %, 159705 MiB
2026/07/31 03:02:51.179, 2, P0, 36, 236.10 W, 1965 MHz, 3996 MHz, 0 %, 0 MiB
2026/07/31 03:02:51.180, 3, P0, 33, 238.55 W, 1965 MHz, 3996 MHz, 0 %, 0 MiB
2026/07/31 03:02:51.180, 4, P0, 33, 235.70 W, 1965 MHz, 3996 MHz, 0 %, 0 MiB
2026/07/31 03:02:51.180, 5, P0, 36, 244.10 W, 1965 MHz, 3996 MHz, 0 %, 0 MiB
2026/07/31 03:02:51.180, 6, P0, 33, 242.38 W, 1965 MHz, 3996 MHz, 0 %, 0 MiB
2026/07/31 03:02:51.180, 7, P0, 37, 243.29 W, 1965 MHz, 3996 MHz, 0 %, 0 MiB
2026/07/31 03:02:52.180, 0, P0, 36, 263.07 W, 1965 MHz, 3996 MHz, 20 %, 159705 MiB
2026/07/31 03:02:52.180, 1, P0, 34, 259.15 W, 1965 MHz, 3996 MHz, 10 %, 159705 MiB
2026/07/31 03:02:52.180, 2, P0, 36, 236.06 W, 1965 MHz, 3996 MHz, 0 %, 0 MiB
2026/07/31 03:02:52.180, 3, P0, 33, 238.52 W, 1965 MHz, 3996 MHz, 0 %, 0 MiB
2026/07/31 03:02:52.180, 4, P0, 33, 235.65 W, 1965 MHz, 3996 MHz, 0 %, 0 MiB
2026/07/31 03:02:52.180, 5, P0, 36, 244.21 W, 1965 MHz, 3996 MHz, 0 %, 0 MiB
2026/07/31 03:02:52.180, 6, P0, 33, 242.35 W, 1965 MHz, 3996 MHz, 0 %, 0 MiB
2026/07/31 03:02:52.180, 7, P0, 37, 243.23 W, 1965 MHz, 3996 MHz, 0 %, 0 MiB
2026/07/31 03:02:53.180, 0, P0, 36, 253.43 W, 1965 MHz, 3996 MHz, 18 %, 159705 MiB
2026/07/31 03:02:53.180, 1, P0, 33, 250.10 W, 1965 MHz, 3996 MHz, 20 %, 159705 MiB
2026/07/31 03:02:53.180, 2, P0, 36, 236.02 W, 1965 MHz, 3996 MHz, 0 %, 0 MiB
2026/07/31 03:02:53.180, 3, P0, 33, 238.62 W, 1965 MHz, 3996 MHz, 0 %, 0 MiB
2026/07/31 03:02:53.180, 4, P0, 33, 235.59 W, 1965 MHz, 3996 MHz, 0 %, 0 MiB
2026/07/31 03:02:53.180, 5, P0, 36, 244.20 W, 1965 MHz, 3996 MHz, 0 %, 0 MiB
2026/07/31 03:02:53.180, 6, P0, 33, 242.39 W, 1965 MHz, 3996 MHz, 0 %, 0 MiB
2026/07/31 03:02:53.180, 7, P0, 37, 243.29 W, 1965 MHz, 3996 MHz, 0 %, 0 MiB
2026/07/31 03:02:54.180, 0, P0, 36, 253.28 W, 1965 MHz, 3996 MHz, 20 %, 159705 MiB
2026/07/31 03:02:54.180, 1, P0, 33, 249.47 W, 1965 MHz, 3996 MHz, 10 %, 159705 MiB
2026/07/31 03:02:54.180, 2, P0, 36, 236.06 W, 1965 MHz, 3996 MHz, 0 %, 0 MiB
2026/07/31 03:02:54.180, 3, P0, 33, 238.58 W, 1965 MHz, 3996 MHz, 0 %, 0 MiB
2026/07/31 03:02:54.180, 4, P0, 33, 235.68 W, 1965 MHz, 3996 MHz, 0 %, 0 MiB
2026/07/31 03:02:54.180, 5, P0, 36, 244.16 W, 1965 MHz, 3996 MHz, 0 %, 0 MiB
2026/07/31 03:02:54.180, 6, P0, 33, 242.36 W, 1965 MHz, 3996 MHz, 0 %, 0 MiB
2026/07/31 03:02:54.180, 7, P0, 37, 243.29 W, 1965 MHz, 3996 MHz, 0 %, 0 MiB
2026/07/31 03:02:55.180, 0, P0, 36, 253.09 W, 1965 MHz, 3996 MHz, 38 %, 159705 MiB
2026/07/31 03:02:55.180, 1, P0, 33, 249.86 W, 1965 MHz, 3996 MHz, 10 %, 159705 MiB
2026/07/31 03:02:55.180, 2, P0, 36, 236.01 W, 1965 MHz, 3996 MHz, 0 %, 0 MiB
2026/07/31 03:02:55.181, 3, P0, 33, 238.61 W, 1965 MHz, 3996 MHz, 0 %, 0 MiB
2026/07/31 03:02:55.181, 4, P0, 33, 235.67 W, 1965 MHz, 3996 MHz, 0 %, 0 MiB
2026/07/31 03:02:55.181, 5, P0, 36, 244.19 W, 1965 MHz, 3996 MHz, 0 %, 0 MiB
2026/07/31 03:02:55.181, 6, P0, 33, 242.40 W, 1965 MHz, 3996 MHz, 0 %, 0 MiB
2026/07/31 03:02:55.181, 7, P0, 37, 243.30 W, 1965 MHz, 3996 MHz, 0 %, 0 MiB
2026/07/31 03:02:56.181, 0, P0, 36, 253.22 W, 1965 MHz, 3996 MHz, 15 %, 159705 MiB
2026/07/31 03:02:56.181, 1, P0, 33, 250.10 W, 1965 MHz, 3996 MHz, 24 %, 159705 MiB
2026/07/31 03:02:56.181, 2, P0, 36, 236.06 W, 1965 MHz, 3996 MHz, 0 %, 0 MiB
2026/07/31 03:02:56.181, 3, P0, 33, 238.53 W, 1965 MHz, 3996 MHz, 0 %, 0 MiB
2026/07/31 03:02:56.181, 4, P0, 33, 235.57 W, 1965 MHz, 3996 MHz, 0 %, 0 MiB
2026/07/31 03:02:56.181, 5, P0, 36, 244.18 W, 1965 MHz, 3996 MHz, 0 %, 0 MiB
2026/07/31 03:02:56.181, 6, P0, 33, 242.34 W, 1965 MHz, 3996 MHz, 0 %, 0 MiB
2026/07/31 03:02:56.181, 7, P0, 37, 243.29 W, 1965 MHz, 3996 MHz, 0 %, 0 MiB
2026/07/31 03:02:57.181, 0, P0, 36, 253.45 W, 1965 MHz, 3996 MHz, 14 %, 159705 MiB
2026/07/31 03:02:57.181, 1, P0, 33, 250.00 W, 1965 MHz, 3996 MHz, 24 %, 159705 MiB
2026/07/31 03:02:57.181, 2, P0, 36, 236.03 W, 1965 MHz, 3996 MHz, 0 %, 0 MiB
2026/07/31 03:02:57.181, 3, P0, 33, 238.53 W, 1965 MHz, 3996 MHz, 0 %, 0 MiB
2026/07/31 03:02:57.181, 4, P0, 33, 235.62 W, 1965 MHz, 3996 MHz, 0 %, 0 MiB
2026/07/31 03:02:57.181, 5, P0, 36, 244.21 W, 1965 MHz, 3996 MHz, 0 %, 0 MiB
2026/07/31 03:02:57.181, 6, P0, 33, 242.33 W, 1965 MHz, 3996 MHz, 0 %, 0 MiB
2026/07/31 03:02:57.181, 7, P0, 37, 243.30 W, 1965 MHz, 3996 MHz, 0 %, 0 MiB
2026/07/31 03:02:58.181, 0, P0, 36, 263.43 W, 1965 MHz, 3996 MHz, 24 %, 159705 MiB
2026/07/31 03:02:58.181, 1, P0, 34, 261.22 W, 1965 MHz, 3996 MHz, 10 %, 159705 MiB
2026/07/31 03:02:58.181, 2, P0, 36, 236.03 W, 1965 MHz, 3996 MHz, 0 %, 0 MiB
2026/07/31 03:02:58.181, 3, P0, 33, 238.52 W, 1965 MHz, 3996 MHz, 0 %, 0 MiB
2026/07/31 03:02:58.181, 4, P0, 33, 235.64 W, 1965 MHz, 3996 MHz, 0 %, 0 MiB
2026/07/31 03:02:58.181, 5, P0, 36, 244.13 W, 1965 MHz, 3996 MHz, 0 %, 0 MiB
2026/07/31 03:02:58.181, 6, P0, 33, 242.31 W, 1965 MHz, 3996 MHz, 0 %, 0 MiB
2026/07/31 03:02:58.181, 7, P0, 37, 243.23 W, 1965 MHz, 3996 MHz, 0 %, 0 MiB
2026/07/31 03:02:59.181, 0, P0, 36, 252.89 W, 1965 MHz, 3996 MHz, 11 %, 159705 MiB
2026/07/31 03:02:59.181, 1, P0, 34, 250.55 W, 1965 MHz, 3996 MHz, 39 %, 159705 MiB
2026/07/31 03:02:59.181, 2, P0, 36, 236.05 W, 1965 MHz, 3996 MHz, 0 %, 0 MiB
2026/07/31 03:02:59.181, 3, P0, 33, 238.56 W, 1965 MHz, 3996 MHz, 0 %, 0 MiB
2026/07/31 03:02:59.182, 4, P0, 33, 235.68 W, 1965 MHz, 3996 MHz, 0 %, 0 MiB
2026/07/31 03:02:59.182, 5, P0, 36, 244.29 W, 1965 MHz, 3996 MHz, 0 %, 0 MiB
2026/07/31 03:02:59.182, 6, P0, 33, 242.37 W, 1965 MHz, 3996 MHz, 0 %, 0 MiB
2026/07/31 03:02:59.182, 7, P0, 37, 243.24 W, 1965 MHz, 3996 MHz, 0 %, 0 MiB
2026/07/31 03:03:00.182, 0, P0, 36, 263.68 W, 1965 MHz, 3996 MHz, 14 %, 159705 MiB
2026/07/31 03:03:00.182, 1, P0, 34, 259.12 W, 1965 MHz, 3996 MHz, 11 %, 159705 MiB
2026/07/31 03:03:00.182, 2, P0, 36, 236.06 W, 1965 MHz, 3996 MHz, 0 %, 0 MiB
2026/07/31 03:03:00.182, 3, P0, 33, 238.49 W, 1965 MHz, 3996 MHz, 0 %, 0 MiB
2026/07/31 03:03:00.182, 4, P0, 33, 235.71 W, 1965 MHz, 3996 MHz, 0 %, 0 MiB
2026/07/31 03:03:00.182, 5, P0, 36, 244.13 W, 1965 MHz, 3996 MHz, 0 %, 0 MiB
2026/07/31 03:03:00.182, 6, P0, 33, 242.43 W, 1965 MHz, 3996 MHz, 0 %, 0 MiB
2026/07/31 03:03:00.182, 7, P0, 37, 243.27 W, 1965 MHz, 3996 MHz, 0 %, 0 MiB
2026/07/31 03:03:01.182, 0, P0, 36, 253.34 W, 1965 MHz, 3996 MHz, 10 %, 159705 MiB
2026/07/31 03:03:01.182, 1, P0, 34, 250.48 W, 1965 MHz, 3996 MHz, 25 %, 159705 MiB
2026/07/31 03:03:01.182, 2, P0, 36, 236.03 W, 1965 MHz, 3996 MHz, 0 %, 0 MiB
2026/07/31 03:03:01.182, 3, P0, 33, 238.52 W, 1965 MHz, 3996 MHz, 0 %, 0 MiB
2026/07/31 03:03:01.182, 4, P0, 33, 235.62 W, 1965 MHz, 3996 MHz, 0 %, 0 MiB
2026/07/31 03:03:01.182, 5, P0, 36, 244.15 W, 1965 MHz, 3996 MHz, 0 %, 0 MiB
2026/07/31 03:03:01.182, 6, P0, 33, 242.40 W, 1965 MHz, 3996 MHz, 0 %, 0 MiB
2026/07/31 03:03:01.182, 7, P0, 37, 243.36 W, 1965 MHz, 3996 MHz, 0 %, 0 MiB
2026/07/31 03:03:02.182, 0, P0, 36, 253.13 W, 1965 MHz, 3996 MHz, 13 %, 159705 MiB
2026/07/31 03:03:02.182, 1, P0, 33, 250.02 W, 1965 MHz, 3996 MHz, 33 %, 159705 MiB
2026/07/31 03:03:02.182, 2, P0, 36, 236.09 W, 1965 MHz, 3996 MHz, 0 %, 0 MiB
2026/07/31 03:03:02.182, 3, P0, 33, 238.54 W, 1965 MHz, 3996 MHz, 0 %, 0 MiB
2026/07/31 03:03:02.182, 4, P0, 33, 235.69 W, 1965 MHz, 3996 MHz, 0 %, 0 MiB
2026/07/31 03:03:02.182, 5, P0, 36, 244.23 W, 1965 MHz, 3996 MHz, 0 %, 0 MiB
2026/07/31 03:03:02.182, 6, P0, 33, 242.43 W, 1965 MHz, 3996 MHz, 0 %, 0 MiB
2026/07/31 03:03:02.182, 7, P0, 37, 243.33 W, 1965 MHz, 3996 MHz, 0 %, 0 MiB
2026/07/31 03:03:03.182, 0, P0, 36, 253.48 W, 1965 MHz, 3996 MHz, 13 %, 159705 MiB
2026/07/31 03:03:03.182, 1, P0, 33, 249.91 W, 1965 MHz, 3996 MHz, 18 %, 159705 MiB
2026/07/31 03:03:03.182, 2, P0, 36, 236.05 W, 1965 MHz, 3996 MHz, 0 %, 0 MiB
2026/07/31 03:03:03.183, 3, P0, 33, 238.55 W, 1965 MHz, 3996 MHz, 0 %, 0 MiB
2026/07/31 03:03:03.183, 4, P0, 33, 235.67 W, 1965 MHz, 3996 MHz, 0 %, 0 MiB
2026/07/31 03:03:03.183, 5, P0, 36, 244.17 W, 1965 MHz, 3996 MHz, 0 %, 0 MiB
2026/07/31 03:03:03.183, 6, P0, 33, 242.43 W, 1965 MHz, 3996 MHz, 0 %, 0 MiB
2026/07/31 03:03:03.183, 7, P0, 37, 243.28 W, 1965 MHz, 3996 MHz, 0 %, 0 MiB
2026/07/31 03:03:04.183, 0, P0, 36, 253.00 W, 1965 MHz, 3996 MHz, 16 %, 159705 MiB
2026/07/31 03:03:04.183, 1, P0, 33, 250.57 W, 1965 MHz, 3996 MHz, 18 %, 159705 MiB
2026/07/31 03:03:04.183, 2, P0, 36, 236.03 W, 1965 MHz, 3996 MHz, 0 %, 0 MiB
2026/07/31 03:03:04.183, 3, P0, 33, 238.52 W, 1965 MHz, 3996 MHz, 0 %, 0 MiB
2026/07/31 03:03:04.183, 4, P0, 33, 235.70 W, 1965 MHz, 3996 MHz, 0 %, 0 MiB
2026/07/31 03:03:04.183, 5, P0, 36, 244.16 W, 1965 MHz, 3996 MHz, 0 %, 0 MiB
2026/07/31 03:03:04.183, 6, P0, 33, 242.39 W, 1965 MHz, 3996 MHz, 0 %, 0 MiB
2026/07/31 03:03:04.183, 7, P0, 37, 243.35 W, 1965 MHz, 3996 MHz, 0 %, 0 MiB
2026/07/31 03:03:05.183, 0, P0, 36, 253.32 W, 1965 MHz, 3996 MHz, 30 %, 159705 MiB
2026/07/31 03:03:05.183, 1, P0, 33, 250.69 W, 1965 MHz, 3996 MHz, 10 %, 159705 MiB
2026/07/31 03:03:05.183, 2, P0, 36, 236.03 W, 1965 MHz, 3996 MHz, 0 %, 0 MiB
2026/07/31 03:03:05.183, 3, P0, 33, 238.54 W, 1965 MHz, 3996 MHz, 0 %, 0 MiB
2026/07/31 03:03:05.183, 4, P0, 33, 235.60 W, 1965 MHz, 3996 MHz, 0 %, 0 MiB
2026/07/31 03:03:05.183, 5, P0, 36, 244.25 W, 1965 MHz, 3996 MHz, 0 %, 0 MiB
2026/07/31 03:03:05.183, 6, P0, 33, 242.36 W, 1965 MHz, 3996 MHz, 0 %, 0 MiB
2026/07/31 03:03:05.183, 7, P0, 37, 243.34 W, 1965 MHz, 3996 MHz, 0 %, 0 MiB
2026/07/31 03:03:06.183, 0, P0, 36, 252.98 W, 1965 MHz, 3996 MHz, 28 %, 159705 MiB
2026/07/31 03:03:06.183, 1, P0, 33, 250.11 W, 1965 MHz, 3996 MHz, 21 %, 159705 MiB
2026/07/31 03:03:06.183, 2, P0, 36, 236.03 W, 1965 MHz, 3996 MHz, 0 %, 0 MiB
2026/07/31 03:03:06.183, 3, P0, 33, 238.54 W, 1965 MHz, 3996 MHz, 0 %, 0 MiB
2026/07/31 03:03:06.183, 4, P0, 33, 235.59 W, 1965 MHz, 3996 MHz, 0 %, 0 MiB
2026/07/31 03:03:06.183, 5, P0, 36, 244.18 W, 1965 MHz, 3996 MHz, 0 %, 0 MiB
2026/07/31 03:03:06.183, 6, P0, 33, 242.34 W, 1965 MHz, 3996 MHz, 0 %, 0 MiB
2026/07/31 03:03:06.183, 7, P0, 37, 243.24 W, 1965 MHz, 3996 MHz, 0 %, 0 MiB
2026/07/31 03:03:07.183, 0, P0, 36, 253.24 W, 1965 MHz, 3996 MHz, 36 %, 159705 MiB
2026/07/31 03:03:07.183, 1, P0, 33, 250.01 W, 1965 MHz, 3996 MHz, 10 %, 159705 MiB
2026/07/31 03:03:07.184, 2, P0, 36, 236.01 W, 1965 MHz, 3996 MHz, 0 %, 0 MiB
2026/07/31 03:03:07.184, 3, P0, 33, 238.55 W, 1965 MHz, 3996 MHz, 0 %, 0 MiB
2026/07/31 03:03:07.184, 4, P0, 33, 235.72 W, 1965 MHz, 3996 MHz, 0 %, 0 MiB
2026/07/31 03:03:07.184, 5, P0, 36, 244.12 W, 1965 MHz, 3996 MHz, 0 %, 0 MiB
2026/07/31 03:03:07.184, 6, P0, 33, 242.37 W, 1965 MHz, 3996 MHz, 0 %, 0 MiB
2026/07/31 03:03:07.184, 7, P0, 37, 243.26 W, 1965 MHz, 3996 MHz, 0 %, 0 MiB
2026/07/31 03:03:08.184, 0, P0, 36, 252.75 W, 1965 MHz, 3996 MHz, 27 %, 159705 MiB
2026/07/31 03:03:08.184, 1, P0, 33, 249.81 W, 1965 MHz, 3996 MHz, 10 %, 159705 MiB
2026/07/31 03:03:08.184, 2, P0, 36, 236.05 W, 1965 MHz, 3996 MHz, 0 %, 0 MiB
2026/07/31 03:03:08.184, 3, P0, 33, 238.54 W, 1965 MHz, 3996 MHz, 0 %, 0 MiB
2026/07/31 03:03:08.184, 4, P0, 33, 235.66 W, 1965 MHz, 3996 MHz, 0 %, 0 MiB
2026/07/31 03:03:08.184, 5, P0, 36, 244.24 W, 1965 MHz, 3996 MHz, 0 %, 0 MiB
2026/07/31 03:03:08.184, 6, P0, 33, 242.37 W, 1965 MHz, 3996 MHz, 0 %, 0 MiB
2026/07/31 03:03:08.184, 7, P0, 37, 243.28 W, 1965 MHz, 3996 MHz, 0 %, 0 MiB
2026/07/31 03:03:09.184, 0, P0, 36, 252.54 W, 1965 MHz, 3996 MHz, 10 %, 159705 MiB
2026/07/31 03:03:09.184, 1, P0, 33, 250.25 W, 1965 MHz, 3996 MHz, 46 %, 159705 MiB
2026/07/31 03:03:09.184, 2, P0, 36, 236.06 W, 1965 MHz, 3996 MHz, 0 %, 0 MiB
2026/07/31 03:03:09.184, 3, P0, 33, 238.56 W, 1965 MHz, 3996 MHz, 0 %, 0 MiB
2026/07/31 03:03:09.184, 4, P0, 33, 235.59 W, 1965 MHz, 3996 MHz, 0 %, 0 MiB
2026/07/31 03:03:09.184, 5, P0, 36, 244.09 W, 1965 MHz, 3996 MHz, 0 %, 0 MiB
2026/07/31 03:03:09.184, 6, P0, 33, 242.34 W, 1965 MHz, 3996 MHz, 0 %, 0 MiB
2026/07/31 03:03:09.184, 7, P0, 37, 243.23 W, 1965 MHz, 3996 MHz, 0 %, 0 MiB
2026/07/31 03:03:10.184, 0, P0, 36, 252.97 W, 1965 MHz, 3996 MHz, 19 %, 159705 MiB
2026/07/31 03:03:10.184, 1, P0, 33, 249.81 W, 1965 MHz, 3996 MHz, 15 %, 159705 MiB
2026/07/31 03:03:10.184, 2, P0, 36, 236.09 W, 1965 MHz, 3996 MHz, 0 %, 0 MiB
2026/07/31 03:03:10.184, 3, P0, 33, 238.55 W, 1965 MHz, 3996 MHz, 0 %, 0 MiB
2026/07/31 03:03:10.184, 4, P0, 33, 235.65 W, 1965 MHz, 3996 MHz, 0 %, 0 MiB
2026/07/31 03:03:10.184, 5, P0, 36, 244.23 W, 1965 MHz, 3996 MHz, 0 %, 0 MiB
2026/07/31 03:03:10.184, 6, P0, 33, 242.44 W, 1965 MHz, 3996 MHz, 0 %, 0 MiB
2026/07/31 03:03:10.184, 7, P0, 37, 243.26 W, 1965 MHz, 3996 MHz, 0 %, 0 MiB
2026/07/31 03:03:11.185, 0, P0, 36, 252.56 W, 1965 MHz, 3996 MHz, 10 %, 159705 MiB
2026/07/31 03:03:11.185, 1, P0, 33, 250.33 W, 1965 MHz, 3996 MHz, 31 %, 159705 MiB
2026/07/31 03:03:11.185, 2, P0, 36, 236.10 W, 1965 MHz, 3996 MHz, 0 %, 0 MiB
2026/07/31 03:03:11.185, 3, P0, 33, 238.50 W, 1965 MHz, 3996 MHz, 0 %, 0 MiB
2026/07/31 03:03:11.185, 4, P0, 33, 235.60 W, 1965 MHz, 3996 MHz, 0 %, 0 MiB
2026/07/31 03:03:11.185, 5, P0, 36, 244.18 W, 1965 MHz, 3996 MHz, 0 %, 0 MiB
2026/07/31 03:03:11.185, 6, P0, 33, 242.42 W, 1965 MHz, 3996 MHz, 0 %, 0 MiB
2026/07/31 03:03:11.185, 7, P0, 37, 243.29 W, 1965 MHz, 3996 MHz, 0 %, 0 MiB
2026/07/31 03:03:12.185, 0, P0, 36, 252.99 W, 1965 MHz, 3996 MHz, 10 %, 159705 MiB
2026/07/31 03:03:12.185, 1, P0, 33, 250.69 W, 1965 MHz, 3996 MHz, 38 %, 159705 MiB
2026/07/31 03:03:12.185, 2, P0, 36, 236.05 W, 1965 MHz, 3996 MHz, 0 %, 0 MiB
2026/07/31 03:03:12.185, 3, P0, 33, 238.53 W, 1965 MHz, 3996 MHz, 0 %, 0 MiB
2026/07/31 03:03:12.185, 4, P0, 33, 235.56 W, 1965 MHz, 3996 MHz, 0 %, 0 MiB
2026/07/31 03:03:12.185, 5, P0, 36, 244.25 W, 1965 MHz, 3996 MHz, 0 %, 0 MiB
2026/07/31 03:03:12.185, 6, P0, 33, 242.37 W, 1965 MHz, 3996 MHz, 0 %, 0 MiB
2026/07/31 03:03:12.185, 7, P0, 37, 243.30 W, 1965 MHz, 3996 MHz, 0 %, 0 MiB
2026/07/31 03:03:13.185, 0, P0, 36, 253.21 W, 1965 MHz, 3996 MHz, 13 %, 159705 MiB
2026/07/31 03:03:13.185, 1, P0, 33, 250.38 W, 1965 MHz, 3996 MHz, 18 %, 159705 MiB
2026/07/31 03:03:13.185, 2, P0, 36, 236.03 W, 1965 MHz, 3996 MHz, 0 %, 0 MiB
2026/07/31 03:03:13.185, 3, P0, 33, 238.58 W, 1965 MHz, 3996 MHz, 0 %, 0 MiB
2026/07/31 03:03:13.186, 4, P0, 33, 235.64 W, 1965 MHz, 3996 MHz, 0 %, 0 MiB
2026/07/31 03:03:13.186, 5, P0, 36, 244.21 W, 1965 MHz, 3996 MHz, 0 %, 0 MiB
2026/07/31 03:03:13.186, 6, P0, 33, 242.31 W, 1965 MHz, 3996 MHz, 0 %, 0 MiB
2026/07/31 03:03:13.186, 7, P0, 37, 243.27 W, 1965 MHz, 3996 MHz, 0 %, 0 MiB
2026/07/31 03:03:14.186, 0, P0, 36, 252.55 W, 1965 MHz, 3996 MHz, 10 %, 159705 MiB
2026/07/31 03:03:14.186, 1, P0, 33, 250.60 W, 1965 MHz, 3996 MHz, 25 %, 159705 MiB
2026/07/31 03:03:14.186, 2, P0, 36, 236.02 W, 1965 MHz, 3996 MHz, 0 %, 0 MiB
2026/07/31 03:03:14.186, 3, P0, 33, 238.55 W, 1965 MHz, 3996 MHz, 0 %, 0 MiB
2026/07/31 03:03:14.186, 4, P0, 33, 235.62 W, 1965 MHz, 3996 MHz, 0 %, 0 MiB
2026/07/31 03:03:14.186, 5, P0, 36, 244.17 W, 1965 MHz, 3996 MHz, 0 %, 0 MiB
2026/07/31 03:03:14.186, 6, P0, 33, 242.36 W, 1965 MHz, 3996 MHz, 0 %, 0 MiB
2026/07/31 03:03:14.186, 7, P0, 37, 243.29 W, 1965 MHz, 3996 MHz, 0 %, 0 MiB
2026/07/31 03:03:15.186, 0, P0, 36, 253.39 W, 1965 MHz, 3996 MHz, 10 %, 159705 MiB
2026/07/31 03:03:15.186, 1, P0, 33, 251.07 W, 1965 MHz, 3996 MHz, 36 %, 159705 MiB
2026/07/31 03:03:15.186, 2, P0, 36, 236.06 W, 1965 MHz, 3996 MHz, 0 %, 0 MiB
2026/07/31 03:03:15.186, 3, P0, 33, 238.55 W, 1965 MHz, 3996 MHz, 0 %, 0 MiB
2026/07/31 03:03:15.186, 4, P0, 33, 235.57 W, 1965 MHz, 3996 MHz, 0 %, 0 MiB
2026/07/31 03:03:15.186, 5, P0, 36, 244.20 W, 1965 MHz, 3996 MHz, 0 %, 0 MiB
2026/07/31 03:03:15.186, 6, P0, 33, 242.35 W, 1965 MHz, 3996 MHz, 0 %, 0 MiB
2026/07/31 03:03:15.186, 7, P0, 37, 243.34 W, 1965 MHz, 3996 MHz, 0 %, 0 MiB
2026/07/31 03:03:16.186, 0, P0, 36, 252.72 W, 1965 MHz, 3996 MHz, 50 %, 159705 MiB
2026/07/31 03:03:16.186, 1, P0, 33, 250.16 W, 1965 MHz, 3996 MHz, 24 %, 159705 MiB
2026/07/31 03:03:16.186, 2, P0, 36, 236.05 W, 1965 MHz, 3996 MHz, 0 %, 0 MiB
2026/07/31 03:03:16.186, 3, P0, 32, 238.54 W, 1965 MHz, 3996 MHz, 0 %, 0 MiB
2026/07/31 03:03:16.186, 4, P0, 33, 235.64 W, 1965 MHz, 3996 MHz, 0 %, 0 MiB
2026/07/31 03:03:16.186, 5, P0, 36, 244.14 W, 1965 MHz, 3996 MHz, 0 %, 0 MiB
2026/07/31 03:03:16.186, 6, P0, 33, 242.30 W, 1965 MHz, 3996 MHz, 0 %, 0 MiB
2026/07/31 03:03:16.186, 7, P0, 37, 243.30 W, 1965 MHz, 3996 MHz, 0 %, 0 MiB
2026/07/31 03:03:17.187, 0, P0, 36, 252.78 W, 1965 MHz, 3996 MHz, 28 %, 159705 MiB
2026/07/31 03:03:17.187, 1, P0, 33, 250.00 W, 1965 MHz, 3996 MHz, 10 %, 159705 MiB
2026/07/31 03:03:17.187, 2, P0, 36, 236.06 W, 1965 MHz, 3996 MHz, 0 %, 0 MiB
2026/07/31 03:03:17.187, 3, P0, 33, 238.53 W, 1965 MHz, 3996 MHz, 0 %, 0 MiB
2026/07/31 03:03:17.187, 4, P0, 33, 235.64 W, 1965 MHz, 3996 MHz, 0 %, 0 MiB
2026/07/31 03:03:17.187, 5, P0, 36, 244.19 W, 1965 MHz, 3996 MHz, 0 %, 0 MiB
2026/07/31 03:03:17.187, 6, P0, 33, 242.35 W, 1965 MHz, 3996 MHz, 0 %, 0 MiB
2026/07/31 03:03:17.187, 7, P0, 37, 243.35 W, 1965 MHz, 3996 MHz, 0 %, 0 MiB
2026/07/31 03:03:18.187, 0, P0, 36, 253.47 W, 1965 MHz, 3996 MHz, 23 %, 159705 MiB
2026/07/31 03:03:18.187, 1, P0, 33, 250.46 W, 1965 MHz, 3996 MHz, 32 %, 159705 MiB
2026/07/31 03:03:18.187, 2, P0, 36, 236.06 W, 1965 MHz, 3996 MHz, 0 %, 0 MiB
2026/07/31 03:03:18.187, 3, P0, 33, 238.54 W, 1965 MHz, 3996 MHz, 0 %, 0 MiB
2026/07/31 03:03:18.187, 4, P0, 33, 235.60 W, 1965 MHz, 3996 MHz, 0 %, 0 MiB
2026/07/31 03:03:18.187, 5, P0, 36, 244.12 W, 1965 MHz, 3996 MHz, 0 %, 0 MiB
2026/07/31 03:03:18.187, 6, P0, 33, 242.42 W, 1965 MHz, 3996 MHz, 0 %, 0 MiB
2026/07/31 03:03:18.187, 7, P0, 37, 243.34 W, 1965 MHz, 3996 MHz, 0 %, 0 MiB
2026/07/31 03:03:19.187, 0, P0, 36, 252.85 W, 1965 MHz, 3996 MHz, 41 %, 159705 MiB
2026/07/31 03:03:19.187, 1, P0, 33, 250.11 W, 1965 MHz, 3996 MHz, 10 %, 159705 MiB
2026/07/31 03:03:19.187, 2, P0, 36, 236.05 W, 1965 MHz, 3996 MHz, 0 %, 0 MiB
2026/07/31 03:03:19.187, 3, P0, 32, 238.55 W, 1965 MHz, 3996 MHz, 0 %, 0 MiB
2026/07/31 03:03:19.187, 4, P0, 33, 235.59 W, 1965 MHz, 3996 MHz, 0 %, 0 MiB
2026/07/31 03:03:19.187, 5, P0, 36, 244.17 W, 1965 MHz, 3996 MHz, 0 %, 0 MiB
2026/07/31 03:03:19.187, 6, P0, 33, 242.44 W, 1965 MHz, 3996 MHz, 0 %, 0 MiB
2026/07/31 03:03:19.187, 7, P0, 37, 243.26 W, 1965 MHz, 3996 MHz, 0 %, 0 MiB
2026/07/31 03:03:20.187, 0, P0, 36, 253.62 W, 1965 MHz, 3996 MHz, 39 %, 159705 MiB
2026/07/31 03:03:20.187, 1, P0, 33, 250.06 W, 1965 MHz, 3996 MHz, 12 %, 159705 MiB
2026/07/31 03:03:20.187, 2, P0, 36, 236.05 W, 1965 MHz, 3996 MHz, 0 %, 0 MiB
2026/07/31 03:03:20.187, 3, P0, 33, 238.49 W, 1965 MHz, 3996 MHz, 0 %, 0 MiB
2026/07/31 03:03:20.187, 4, P0, 33, 235.62 W, 1965 MHz, 3996 MHz, 0 %, 0 MiB
2026/07/31 03:03:20.187, 5, P0, 36, 244.21 W, 1965 MHz, 3996 MHz, 0 %, 0 MiB
2026/07/31 03:03:20.187, 6, P0, 33, 242.39 W, 1965 MHz, 3996 MHz, 0 %, 0 MiB
2026/07/31 03:03:20.188, 7, P0, 37, 243.28 W, 1965 MHz, 3996 MHz, 0 %, 0 MiB
2026/07/31 03:03:21.188, 0, P0, 36, 252.54 W, 1965 MHz, 3996 MHz, 28 %, 159705 MiB
2026/07/31 03:03:21.188, 1, P0, 33, 250.43 W, 1965 MHz, 3996 MHz, 10 %, 159705 MiB
2026/07/31 03:03:21.188, 2, P0, 36, 236.03 W, 1965 MHz, 3996 MHz, 0 %, 0 MiB
2026/07/31 03:03:21.188, 3, P0, 33, 238.47 W, 1965 MHz, 3996 MHz, 0 %, 0 MiB
2026/07/31 03:03:21.188, 4, P0, 33, 235.57 W, 1965 MHz, 3996 MHz, 0 %, 0 MiB
2026/07/31 03:03:21.188, 5, P0, 36, 244.20 W, 1965 MHz, 3996 MHz, 0 %, 0 MiB
2026/07/31 03:03:21.188, 6, P0, 33, 242.34 W, 1965 MHz, 3996 MHz, 0 %, 0 MiB
2026/07/31 03:03:21.188, 7, P0, 37, 243.28 W, 1965 MHz, 3996 MHz, 0 %, 0 MiB
2026/07/31 03:03:22.188, 0, P0, 36, 253.04 W, 1965 MHz, 3996 MHz, 18 %, 159705 MiB
2026/07/31 03:03:22.188, 1, P0, 33, 250.06 W, 1965 MHz, 3996 MHz, 15 %, 159705 MiB
2026/07/31 03:03:22.188, 2, P0, 36, 236.07 W, 1965 MHz, 3996 MHz, 0 %, 0 MiB
2026/07/31 03:03:22.188, 3, P0, 32, 238.52 W, 1965 MHz, 3996 MHz, 0 %, 0 MiB
2026/07/31 03:03:22.188, 4, P0, 33, 235.59 W, 1965 MHz, 3996 MHz, 0 %, 0 MiB
2026/07/31 03:03:22.188, 5, P0, 36, 244.14 W, 1965 MHz, 3996 MHz, 0 %, 0 MiB
2026/07/31 03:03:22.188, 6, P0, 33, 242.32 W, 1965 MHz, 3996 MHz, 0 %, 0 MiB
2026/07/31 03:03:22.188, 7, P0, 37, 243.29 W, 1965 MHz, 3996 MHz, 0 %, 0 MiB
2026/07/31 03:03:23.188, 0, P0, 36, 253.22 W, 1965 MHz, 3996 MHz, 30 %, 159705 MiB
2026/07/31 03:03:23.188, 1, P0, 33, 249.99 W, 1965 MHz, 3996 MHz, 10 %, 159705 MiB
2026/07/31 03:03:23.188, 2, P0, 36, 236.03 W, 1965 MHz, 3996 MHz, 0 %, 0 MiB
2026/07/31 03:03:23.188, 3, P0, 32, 238.54 W, 1965 MHz, 3996 MHz, 0 %, 0 MiB
2026/07/31 03:03:23.188, 4, P0, 33, 235.62 W, 1965 MHz, 3996 MHz, 0 %, 0 MiB
2026/07/31 03:03:23.188, 5, P0, 36, 244.10 W, 1965 MHz, 3996 MHz, 0 %, 0 MiB
2026/07/31 03:03:23.188, 6, P0, 33, 242.30 W, 1965 MHz, 3996 MHz, 0 %, 0 MiB
2026/07/31 03:03:23.188, 7, P0, 37, 243.21 W, 1965 MHz, 3996 MHz, 0 %, 0 MiB
2026/07/31 03:03:24.188, 0, P0, 36, 252.74 W, 1965 MHz, 3996 MHz, 12 %, 159705 MiB
2026/07/31 03:03:24.194, 1, P0, 33, 250.31 W, 1965 MHz, 3996 MHz, 22 %, 159705 MiB
2026/07/31 03:03:24.195, 2, P0, 36, 236.06 W, 1965 MHz, 3996 MHz, 0 %, 0 MiB
2026/07/31 03:03:24.195, 3, P0, 32, 238.56 W, 1965 MHz, 3996 MHz, 0 %, 0 MiB
2026/07/31 03:03:24.195, 4, P0, 33, 235.56 W, 1965 MHz, 3996 MHz, 0 %, 0 MiB
2026/07/31 03:03:24.195, 5, P0, 36, 244.11 W, 1965 MHz, 3996 MHz, 0 %, 0 MiB
2026/07/31 03:03:24.195, 6, P0, 33, 242.31 W, 1965 MHz, 3996 MHz, 0 %, 0 MiB
2026/07/31 03:03:24.195, 7, P0, 37, 243.26 W, 1965 MHz, 3996 MHz, 0 %, 0 MiB
2026/07/31 03:03:25.195, 0, P0, 36, 293.30 W, 1965 MHz, 3996 MHz, 28 %, 160925 MiB
2026/07/31 03:03:25.195, 1, P0, 34, 287.19 W, 1965 MHz, 3996 MHz, 73 %, 160925 MiB
2026/07/31 03:03:25.195, 2, P0, 36, 236.04 W, 1965 MHz, 3996 MHz, 0 %, 0 MiB
2026/07/31 03:03:25.195, 3, P0, 32, 238.51 W, 1965 MHz, 3996 MHz, 0 %, 0 MiB
2026/07/31 03:03:25.195, 4, P0, 33, 235.62 W, 1965 MHz, 3996 MHz, 0 %, 0 MiB
2026/07/31 03:03:25.195, 5, P0, 36, 244.14 W, 1965 MHz, 3996 MHz, 0 %, 0 MiB
2026/07/31 03:03:25.195, 6, P0, 33, 242.31 W, 1965 MHz, 3996 MHz, 0 %, 0 MiB
2026/07/31 03:03:25.195, 7, P0, 37, 243.27 W, 1965 MHz, 3996 MHz, 0 %, 0 MiB
2026/07/31 03:03:26.195, 0, P0, 39, 293.23 W, 1965 MHz, 3996 MHz, 12 %, 160925 MiB
2026/07/31 03:03:26.195, 1, P0, 33, 251.51 W, 1965 MHz, 3996 MHz, 23 %, 160925 MiB
2026/07/31 03:03:26.195, 2, P0, 36, 236.03 W, 1965 MHz, 3996 MHz, 0 %, 0 MiB
2026/07/31 03:03:26.195, 3, P0, 32, 238.52 W, 1965 MHz, 3996 MHz, 0 %, 0 MiB
2026/07/31 03:03:26.195, 4, P0, 33, 235.53 W, 1965 MHz, 3996 MHz, 0 %, 0 MiB
2026/07/31 03:03:26.195, 5, P0, 36, 244.20 W, 1965 MHz, 3996 MHz, 0 %, 0 MiB
2026/07/31 03:03:26.195, 6, P0, 33, 242.31 W, 1965 MHz, 3996 MHz, 0 %, 0 MiB
2026/07/31 03:03:26.195, 7, P0, 37, 243.24 W, 1965 MHz, 3996 MHz, 0 %, 0 MiB
2026/07/31 03:03:27.195, 0, P0, 36, 256.30 W, 1965 MHz, 3996 MHz, 11 %, 160925 MiB
2026/07/31 03:03:27.195, 1, P0, 34, 292.59 W, 1965 MHz, 3996 MHz, 42 %, 160925 MiB
2026/07/31 03:03:27.195, 2, P0, 36, 236.04 W, 1965 MHz, 3996 MHz, 0 %, 0 MiB
2026/07/31 03:03:27.195, 3, P0, 32, 238.49 W, 1965 MHz, 3996 MHz, 0 %, 0 MiB
2026/07/31 03:03:27.195, 4, P0, 33, 235.62 W, 1965 MHz, 3996 MHz, 0 %, 0 MiB
2026/07/31 03:03:27.195, 5, P0, 36, 244.19 W, 1965 MHz, 3996 MHz, 0 %, 0 MiB
2026/07/31 03:03:27.195, 6, P0, 33, 242.32 W, 1965 MHz, 3996 MHz, 0 %, 0 MiB
2026/07/31 03:03:27.195, 7, P0, 37, 243.25 W, 1965 MHz, 3996 MHz, 0 %, 0 MiB
2026/07/31 03:03:28.196, 0, P0, 37, 295.63 W, 1965 MHz, 3996 MHz, 11 %, 160925 MiB
2026/07/31 03:03:28.196, 1, P0, 34, 294.16 W, 1965 MHz, 3996 MHz, 51 %, 160925 MiB
2026/07/31 03:03:28.196, 2, P0, 36, 236.01 W, 1965 MHz, 3996 MHz, 0 %, 0 MiB
2026/07/31 03:03:28.196, 3, P0, 33, 238.52 W, 1965 MHz, 3996 MHz, 0 %, 0 MiB
2026/07/31 03:03:28.196, 4, P0, 33, 235.62 W, 1965 MHz, 3996 MHz, 0 %, 0 MiB
2026/07/31 03:03:28.196, 5, P0, 36, 244.10 W, 1965 MHz, 3996 MHz, 0 %, 0 MiB
2026/07/31 03:03:28.196, 6, P0, 33, 242.26 W, 1965 MHz, 3996 MHz, 0 %, 0 MiB
2026/07/31 03:03:28.196, 7, P0, 37, 243.20 W, 1965 MHz, 3996 MHz, 0 %, 0 MiB
2026/07/31 03:03:29.196, 0, P0, 36, 254.45 W, 1965 MHz, 3996 MHz, 45 %, 160925 MiB
2026/07/31 03:03:29.196, 1, P0, 34, 251.32 W, 1965 MHz, 3996 MHz, 35 %, 160925 MiB
2026/07/31 03:03:29.196, 2, P0, 36, 236.03 W, 1965 MHz, 3996 MHz, 0 %, 0 MiB
2026/07/31 03:03:29.196, 3, P0, 33, 238.54 W, 1965 MHz, 3996 MHz, 0 %, 0 MiB
2026/07/31 03:03:29.196, 4, P0, 33, 235.57 W, 1965 MHz, 3996 MHz, 0 %, 0 MiB
2026/07/31 03:03:29.196, 5, P0, 36, 244.13 W, 1965 MHz, 3996 MHz, 0 %, 0 MiB
2026/07/31 03:03:29.196, 6, P0, 33, 242.28 W, 1965 MHz, 3996 MHz, 0 %, 0 MiB
2026/07/31 03:03:29.196, 7, P0, 37, 243.20 W, 1965 MHz, 3996 MHz, 0 %, 0 MiB
2026/07/31 03:03:30.196, 0, P0, 36, 295.97 W, 1965 MHz, 3996 MHz, 45 %, 160925 MiB
2026/07/31 03:03:30.196, 1, P0, 34, 294.08 W, 1965 MHz, 3996 MHz, 12 %, 160925 MiB
2026/07/31 03:03:30.196, 2, P0, 36, 236.01 W, 1965 MHz, 3996 MHz, 0 %, 0 MiB
2026/07/31 03:03:30.196, 3, P0, 32, 238.51 W, 1965 MHz, 3996 MHz, 0 %, 0 MiB
2026/07/31 03:03:30.196, 4, P0, 33, 235.59 W, 1965 MHz, 3996 MHz, 0 %, 0 MiB
2026/07/31 03:03:30.196, 5, P0, 36, 244.13 W, 1965 MHz, 3996 MHz, 0 %, 0 MiB
2026/07/31 03:03:30.196, 6, P0, 33, 242.24 W, 1965 MHz, 3996 MHz, 0 %, 0 MiB
2026/07/31 03:03:30.196, 7, P0, 37, 243.21 W, 1965 MHz, 3996 MHz, 0 %, 0 MiB
2026/07/31 03:03:31.196, 0, P0, 36, 254.62 W, 1965 MHz, 3996 MHz, 35 %, 160925 MiB
2026/07/31 03:03:31.196, 1, P0, 34, 251.22 W, 1965 MHz, 3996 MHz, 11 %, 160925 MiB
2026/07/31 03:03:31.196, 2, P0, 36, 236.03 W, 1965 MHz, 3996 MHz, 0 %, 0 MiB
2026/07/31 03:03:31.196, 3, P0, 33, 238.54 W, 1965 MHz, 3996 MHz, 0 %, 0 MiB
2026/07/31 03:03:31.196, 4, P0, 33, 235.57 W, 1965 MHz, 3996 MHz, 0 %, 0 MiB
2026/07/31 03:03:31.196, 5, P0, 36, 244.19 W, 1965 MHz, 3996 MHz, 0 %, 0 MiB
2026/07/31 03:03:31.196, 6, P0, 33, 242.32 W, 1965 MHz, 3996 MHz, 0 %, 0 MiB
2026/07/31 03:03:31.196, 7, P0, 37, 243.28 W, 1965 MHz, 3996 MHz, 0 %, 0 MiB
2026/07/31 03:03:32.196, 0, P0, 36, 255.13 W, 1965 MHz, 3996 MHz, 68 %, 160925 MiB
2026/07/31 03:03:32.197, 1, P0, 34, 250.56 W, 1965 MHz, 3996 MHz, 13 %, 160925 MiB
2026/07/31 03:03:32.197, 2, P0, 36, 236.04 W, 1965 MHz, 3996 MHz, 0 %, 0 MiB
2026/07/31 03:03:32.197, 3, P0, 32, 238.58 W, 1965 MHz, 3996 MHz, 0 %, 0 MiB
2026/07/31 03:03:32.197, 4, P0, 33, 235.66 W, 1965 MHz, 3996 MHz, 0 %, 0 MiB
2026/07/31 03:03:32.197, 5, P0, 36, 244.16 W, 1965 MHz, 3996 MHz, 0 %, 0 MiB
2026/07/31 03:03:32.197, 6, P0, 33, 242.28 W, 1965 MHz, 3996 MHz, 0 %, 0 MiB
2026/07/31 03:03:32.197, 7, P0, 37, 243.26 W, 1965 MHz, 3996 MHz, 0 %, 0 MiB
2026/07/31 03:03:33.197, 0, P0, 36, 253.92 W, 1965 MHz, 3996 MHz, 53 %, 160925 MiB
2026/07/31 03:03:33.197, 1, P0, 34, 250.58 W, 1965 MHz, 3996 MHz, 11 %, 160925 MiB
2026/07/31 03:03:33.197, 2, P0, 36, 236.04 W, 1965 MHz, 3996 MHz, 0 %, 0 MiB
2026/07/31 03:03:33.197, 3, P0, 33, 238.56 W, 1965 MHz, 3996 MHz, 0 %, 0 MiB
2026/07/31 03:03:33.197, 4, P0, 33, 235.57 W, 1965 MHz, 3996 MHz, 0 %, 0 MiB
2026/07/31 03:03:33.197, 5, P0, 36, 244.10 W, 1965 MHz, 3996 MHz, 0 %, 0 MiB
2026/07/31 03:03:33.197, 6, P0, 33, 242.34 W, 1965 MHz, 3996 MHz, 0 %, 0 MiB
2026/07/31 03:03:33.197, 7, P0, 37, 243.29 W, 1965 MHz, 3996 MHz, 0 %, 0 MiB
2026/07/31 03:03:34.197, 0, P0, 36, 254.33 W, 1965 MHz, 3996 MHz, 50 %, 160925 MiB
2026/07/31 03:03:34.197, 1, P0, 34, 250.95 W, 1965 MHz, 3996 MHz, 11 %, 160925 MiB
2026/07/31 03:03:34.197, 2, P0, 36, 236.05 W, 1965 MHz, 3996 MHz, 0 %, 0 MiB
2026/07/31 03:03:34.197, 3, P0, 33, 238.54 W, 1965 MHz, 3996 MHz, 0 %, 0 MiB
2026/07/31 03:03:34.197, 4, P0, 33, 235.58 W, 1965 MHz, 3996 MHz, 0 %, 0 MiB
2026/07/31 03:03:34.197, 5, P0, 36, 244.10 W, 1965 MHz, 3996 MHz, 0 %, 0 MiB
2026/07/31 03:03:34.197, 6, P0, 33, 242.37 W, 1965 MHz, 3996 MHz, 0 %, 0 MiB
2026/07/31 03:03:34.197, 7, P0, 37, 243.28 W, 1965 MHz, 3996 MHz, 0 %, 0 MiB
2026/07/31 03:03:35.197, 0, P0, 36, 254.10 W, 1965 MHz, 3996 MHz, 52 %, 160925 MiB
2026/07/31 03:03:35.197, 1, P0, 34, 251.33 W, 1965 MHz, 3996 MHz, 12 %, 160925 MiB
2026/07/31 03:03:35.197, 2, P0, 36, 236.05 W, 1965 MHz, 3996 MHz, 0 %, 0 MiB
2026/07/31 03:03:35.197, 3, P0, 32, 238.53 W, 1965 MHz, 3996 MHz, 0 %, 0 MiB
2026/07/31 03:03:35.197, 4, P0, 33, 235.58 W, 1965 MHz, 3996 MHz, 0 %, 0 MiB
2026/07/31 03:03:35.197, 5, P0, 36, 244.15 W, 1965 MHz, 3996 MHz, 0 %, 0 MiB
2026/07/31 03:03:35.197, 6, P0, 33, 242.30 W, 1965 MHz, 3996 MHz, 0 %, 0 MiB
2026/07/31 03:03:35.197, 7, P0, 37, 243.26 W, 1965 MHz, 3996 MHz, 0 %, 0 MiB
2026/07/31 03:03:36.198, 0, P0, 36, 294.77 W, 1965 MHz, 3996 MHz, 20 %, 160925 MiB
2026/07/31 03:03:36.198, 1, P0, 34, 295.24 W, 1965 MHz, 3996 MHz, 13 %, 160925 MiB
2026/07/31 03:03:36.198, 2, P0, 36, 236.07 W, 1965 MHz, 3996 MHz, 0 %, 0 MiB
2026/07/31 03:03:36.198, 3, P0, 33, 238.46 W, 1965 MHz, 3996 MHz, 0 %, 0 MiB
2026/07/31 03:03:36.198, 4, P0, 33, 235.58 W, 1965 MHz, 3996 MHz, 0 %, 0 MiB
2026/07/31 03:03:36.198, 5, P0, 36, 244.05 W, 1965 MHz, 3996 MHz, 0 %, 0 MiB
2026/07/31 03:03:36.198, 6, P0, 33, 242.30 W, 1965 MHz, 3996 MHz, 0 %, 0 MiB
2026/07/31 03:03:36.198, 7, P0, 37, 243.11 W, 1965 MHz, 3996 MHz, 0 %, 0 MiB
2026/07/31 03:03:37.198, 0, P0, 36, 281.61 W, 1965 MHz, 3996 MHz, 46 %, 160925 MiB
2026/07/31 03:03:37.198, 1, P0, 34, 251.53 W, 1965 MHz, 3996 MHz, 11 %, 160925 MiB
2026/07/31 03:03:37.198, 2, P0, 36, 236.03 W, 1965 MHz, 3996 MHz, 0 %, 0 MiB
2026/07/31 03:03:37.198, 3, P0, 33, 238.52 W, 1965 MHz, 3996 MHz, 0 %, 0 MiB
2026/07/31 03:03:37.198, 4, P0, 33, 235.54 W, 1965 MHz, 3996 MHz, 0 %, 0 MiB
2026/07/31 03:03:37.198, 5, P0, 36, 244.17 W, 1965 MHz, 3996 MHz, 0 %, 0 MiB
2026/07/31 03:03:37.198, 6, P0, 33, 242.33 W, 1965 MHz, 3996 MHz, 0 %, 0 MiB
2026/07/31 03:03:37.198, 7, P0, 37, 243.19 W, 1965 MHz, 3996 MHz, 0 %, 0 MiB
2026/07/31 03:03:38.198, 0, P0, 36, 277.58 W, 1965 MHz, 3996 MHz, 44 %, 160925 MiB
2026/07/31 03:03:38.198, 1, P0, 34, 290.32 W, 1965 MHz, 3996 MHz, 11 %, 160925 MiB
2026/07/31 03:03:38.198, 2, P0, 36, 236.05 W, 1965 MHz, 3996 MHz, 0 %, 0 MiB
2026/07/31 03:03:38.198, 3, P0, 33, 238.54 W, 1965 MHz, 3996 MHz, 0 %, 0 MiB
2026/07/31 03:03:38.198, 4, P0, 33, 235.60 W, 1965 MHz, 3996 MHz, 0 %, 0 MiB
2026/07/31 03:03:38.198, 5, P0, 36, 244.16 W, 1965 MHz, 3996 MHz, 0 %, 0 MiB
2026/07/31 03:03:38.198, 6, P0, 33, 242.31 W, 1965 MHz, 3996 MHz, 0 %, 0 MiB
2026/07/31 03:03:38.198, 7, P0, 37, 243.21 W, 1965 MHz, 3996 MHz, 0 %, 0 MiB
2026/07/31 03:03:39.198, 0, P0, 36, 254.31 W, 1965 MHz, 3996 MHz, 21 %, 160925 MiB
2026/07/31 03:03:39.198, 1, P0, 34, 251.50 W, 1965 MHz, 3996 MHz, 17 %, 160925 MiB
2026/07/31 03:03:39.198, 2, P0, 36, 236.02 W, 1965 MHz, 3996 MHz, 0 %, 0 MiB
2026/07/31 03:03:39.198, 3, P0, 33, 238.61 W, 1965 MHz, 3996 MHz, 0 %, 0 MiB
2026/07/31 03:03:39.198, 4, P0, 33, 235.65 W, 1965 MHz, 3996 MHz, 0 %, 0 MiB
2026/07/31 03:03:39.198, 5, P0, 36, 244.19 W, 1965 MHz, 3996 MHz, 0 %, 0 MiB
2026/07/31 03:03:39.199, 6, P0, 33, 242.37 W, 1965 MHz, 3996 MHz, 0 %, 0 MiB
2026/07/31 03:03:39.199, 7, P0, 37, 243.20 W, 1965 MHz, 3996 MHz, 0 %, 0 MiB
2026/07/31 03:03:40.199, 0, P0, 36, 254.92 W, 1965 MHz, 3996 MHz, 38 %, 160925 MiB
2026/07/31 03:03:40.199, 1, P0, 34, 250.87 W, 1965 MHz, 3996 MHz, 19 %, 160925 MiB
2026/07/31 03:03:40.199, 2, P0, 36, 236.05 W, 1965 MHz, 3996 MHz, 0 %, 0 MiB
2026/07/31 03:03:40.199, 3, P0, 33, 238.58 W, 1965 MHz, 3996 MHz, 0 %, 0 MiB
2026/07/31 03:03:40.199, 4, P0, 33, 235.68 W, 1965 MHz, 3996 MHz, 0 %, 0 MiB
2026/07/31 03:03:40.199, 5, P0, 36, 244.08 W, 1965 MHz, 3996 MHz, 0 %, 0 MiB
2026/07/31 03:03:40.199, 6, P0, 33, 242.35 W, 1965 MHz, 3996 MHz, 0 %, 0 MiB
2026/07/31 03:03:40.199, 7, P0, 37, 243.19 W, 1965 MHz, 3996 MHz, 0 %, 0 MiB
2026/07/31 03:03:41.199, 0, P0, 36, 254.29 W, 1965 MHz, 3996 MHz, 38 %, 160925 MiB
2026/07/31 03:03:41.199, 1, P0, 34, 251.26 W, 1965 MHz, 3996 MHz, 11 %, 160925 MiB
2026/07/31 03:03:41.199, 2, P0, 36, 236.01 W, 1965 MHz, 3996 MHz, 0 %, 0 MiB
2026/07/31 03:03:41.199, 3, P0, 33, 238.57 W, 1965 MHz, 3996 MHz, 0 %, 0 MiB
2026/07/31 03:03:41.199, 4, P0, 33, 235.60 W, 1965 MHz, 3996 MHz, 0 %, 0 MiB
2026/07/31 03:03:41.199, 5, P0, 36, 244.04 W, 1965 MHz, 3996 MHz, 0 %, 0 MiB
2026/07/31 03:03:41.199, 6, P0, 33, 242.35 W, 1965 MHz, 3996 MHz, 0 %, 0 MiB
2026/07/31 03:03:41.199, 7, P0, 37, 243.18 W, 1965 MHz, 3996 MHz, 0 %, 0 MiB
2026/07/31 03:03:42.199, 0, P0, 36, 254.54 W, 1965 MHz, 3996 MHz, 47 %, 160925 MiB
2026/07/31 03:03:42.199, 1, P0, 34, 250.95 W, 1965 MHz, 3996 MHz, 11 %, 160925 MiB
2026/07/31 03:03:42.199, 2, P0, 36, 235.93 W, 1965 MHz, 3996 MHz, 0 %, 0 MiB
2026/07/31 03:03:42.199, 3, P0, 33, 238.54 W, 1965 MHz, 3996 MHz, 0 %, 0 MiB
2026/07/31 03:03:42.199, 4, P0, 33, 235.56 W, 1965 MHz, 3996 MHz, 0 %, 0 MiB
2026/07/31 03:03:42.199, 5, P0, 36, 244.12 W, 1965 MHz, 3996 MHz, 0 %, 0 MiB
2026/07/31 03:03:42.199, 6, P0, 33, 242.28 W, 1965 MHz, 3996 MHz, 0 %, 0 MiB
2026/07/31 03:03:42.199, 7, P0, 37, 243.14 W, 1965 MHz, 3996 MHz, 0 %, 0 MiB
2026/07/31 03:03:43.199, 0, P0, 36, 254.21 W, 1965 MHz, 3996 MHz, 26 %, 160925 MiB
2026/07/31 03:03:43.199, 1, P0, 34, 251.61 W, 1965 MHz, 3996 MHz, 13 %, 160925 MiB
2026/07/31 03:03:43.199, 2, P0, 36, 235.99 W, 1965 MHz, 3996 MHz, 0 %, 0 MiB
2026/07/31 03:03:43.200, 3, P0, 33, 238.55 W, 1965 MHz, 3996 MHz, 0 %, 0 MiB
2026/07/31 03:03:43.200, 4, P0, 33, 235.61 W, 1965 MHz, 3996 MHz, 0 %, 0 MiB
2026/07/31 03:03:43.200, 5, P0, 36, 244.17 W, 1965 MHz, 3996 MHz, 0 %, 0 MiB
2026/07/31 03:03:43.200, 6, P0, 33, 242.30 W, 1965 MHz, 3996 MHz, 0 %, 0 MiB
2026/07/31 03:03:43.200, 7, P0, 37, 243.15 W, 1965 MHz, 3996 MHz, 0 %, 0 MiB
2026/07/31 03:03:44.200, 0, P0, 36, 253.95 W, 1965 MHz, 3996 MHz, 42 %, 160925 MiB
2026/07/31 03:03:44.200, 1, P0, 33, 251.52 W, 1965 MHz, 3996 MHz, 13 %, 160925 MiB
2026/07/31 03:03:44.200, 2, P0, 36, 236.01 W, 1965 MHz, 3996 MHz, 0 %, 0 MiB
2026/07/31 03:03:44.200, 3, P0, 33, 238.54 W, 1965 MHz, 3996 MHz, 0 %, 0 MiB
2026/07/31 03:03:44.200, 4, P0, 33, 235.62 W, 1965 MHz, 3996 MHz, 0 %, 0 MiB
2026/07/31 03:03:44.200, 5, P0, 36, 244.21 W, 1965 MHz, 3996 MHz, 0 %, 0 MiB
2026/07/31 03:03:44.200, 6, P0, 33, 242.30 W, 1965 MHz, 3996 MHz, 0 %, 0 MiB
2026/07/31 03:03:44.200, 7, P0, 37, 243.19 W, 1965 MHz, 3996 MHz, 0 %, 0 MiB
2026/07/31 03:03:45.200, 0, P0, 36, 254.05 W, 1965 MHz, 3996 MHz, 36 %, 160925 MiB
2026/07/31 03:03:45.200, 1, P0, 33, 251.02 W, 1965 MHz, 3996 MHz, 11 %, 160925 MiB
2026/07/31 03:03:45.200, 2, P0, 36, 236.02 W, 1965 MHz, 3996 MHz, 0 %, 0 MiB
2026/07/31 03:03:45.200, 3, P0, 33, 238.51 W, 1965 MHz, 3996 MHz, 0 %, 0 MiB
2026/07/31 03:03:45.200, 4, P0, 33, 235.59 W, 1965 MHz, 3996 MHz, 0 %, 0 MiB
2026/07/31 03:03:45.200, 5, P0, 36, 244.15 W, 1965 MHz, 3996 MHz, 0 %, 0 MiB
2026/07/31 03:03:45.200, 6, P0, 33, 242.34 W, 1965 MHz, 3996 MHz, 0 %, 0 MiB
2026/07/31 03:03:45.200, 7, P0, 37, 243.18 W, 1965 MHz, 3996 MHz, 0 %, 0 MiB
2026/07/31 03:03:46.200, 0, P0, 36, 253.89 W, 1965 MHz, 3996 MHz, 33 %, 160925 MiB
2026/07/31 03:03:46.200, 1, P0, 33, 251.06 W, 1965 MHz, 3996 MHz, 27 %, 160925 MiB
2026/07/31 03:03:46.200, 2, P0, 36, 236.03 W, 1965 MHz, 3996 MHz, 0 %, 0 MiB
2026/07/31 03:03:46.200, 3, P0, 32, 238.55 W, 1965 MHz, 3996 MHz, 0 %, 0 MiB
2026/07/31 03:03:46.200, 4, P0, 33, 235.57 W, 1965 MHz, 3996 MHz, 0 %, 0 MiB
2026/07/31 03:03:46.200, 5, P0, 36, 244.08 W, 1965 MHz, 3996 MHz, 0 %, 0 MiB
2026/07/31 03:03:46.200, 6, P0, 33, 242.44 W, 1965 MHz, 3996 MHz, 0 %, 0 MiB
2026/07/31 03:03:46.200, 7, P0, 37, 243.25 W, 1965 MHz, 3996 MHz, 0 %, 0 MiB
2026/07/31 03:03:47.201, 0, P0, 36, 254.21 W, 1965 MHz, 3996 MHz, 12 %, 160925 MiB
2026/07/31 03:03:47.201, 1, P0, 33, 251.03 W, 1965 MHz, 3996 MHz, 35 %, 160925 MiB
2026/07/31 03:03:47.201, 2, P0, 36, 236.03 W, 1965 MHz, 3996 MHz, 0 %, 0 MiB
2026/07/31 03:03:47.201, 3, P0, 33, 238.51 W, 1965 MHz, 3996 MHz, 0 %, 0 MiB
2026/07/31 03:03:47.201, 4, P0, 33, 235.65 W, 1965 MHz, 3996 MHz, 0 %, 0 MiB
2026/07/31 03:03:47.201, 5, P0, 36, 244.13 W, 1965 MHz, 3996 MHz, 0 %, 0 MiB
2026/07/31 03:03:47.201, 6, P0, 33, 242.39 W, 1965 MHz, 3996 MHz, 0 %, 0 MiB
2026/07/31 03:03:47.201, 7, P0, 37, 243.25 W, 1965 MHz, 3996 MHz, 0 %, 0 MiB
2026/07/31 03:03:48.201, 0, P0, 36, 254.56 W, 1965 MHz, 3996 MHz, 30 %, 160925 MiB
2026/07/31 03:03:48.201, 1, P0, 33, 250.65 W, 1965 MHz, 3996 MHz, 11 %, 160925 MiB
2026/07/31 03:03:48.201, 2, P0, 36, 236.09 W, 1965 MHz, 3996 MHz, 0 %, 0 MiB
2026/07/31 03:03:48.201, 3, P0, 33, 238.58 W, 1965 MHz, 3996 MHz, 0 %, 0 MiB
2026/07/31 03:03:48.201, 4, P0, 33, 235.69 W, 1965 MHz, 3996 MHz, 0 %, 0 MiB
2026/07/31 03:03:48.201, 5, P0, 36, 244.04 W, 1965 MHz, 3996 MHz, 0 %, 0 MiB
2026/07/31 03:03:48.201, 6, P0, 33, 242.38 W, 1965 MHz, 3996 MHz, 0 %, 0 MiB
2026/07/31 03:03:48.201, 7, P0, 37, 243.21 W, 1965 MHz, 3996 MHz, 0 %, 0 MiB
2026/07/31 03:03:49.201, 0, P0, 36, 254.27 W, 1965 MHz, 3996 MHz, 14 %, 160925 MiB
2026/07/31 03:03:49.201, 1, P0, 33, 251.11 W, 1965 MHz, 3996 MHz, 11 %, 160925 MiB
2026/07/31 03:03:49.201, 2, P0, 36, 236.05 W, 1965 MHz, 3996 MHz, 0 %, 0 MiB
2026/07/31 03:03:49.201, 3, P0, 32, 238.55 W, 1965 MHz, 3996 MHz, 0 %, 0 MiB
2026/07/31 03:03:49.201, 4, P0, 33, 235.58 W, 1965 MHz, 3996 MHz, 0 %, 0 MiB
2026/07/31 03:03:49.201, 5, P0, 36, 244.10 W, 1965 MHz, 3996 MHz, 0 %, 0 MiB
2026/07/31 03:03:49.201, 6, P0, 33, 242.39 W, 1965 MHz, 3996 MHz, 0 %, 0 MiB
2026/07/31 03:03:49.201, 7, P0, 37, 243.25 W, 1965 MHz, 3996 MHz, 0 %, 0 MiB
2026/07/31 03:03:50.201, 0, P0, 36, 254.93 W, 1965 MHz, 3996 MHz, 30 %, 160925 MiB
2026/07/31 03:03:50.201, 1, P0, 33, 250.68 W, 1965 MHz, 3996 MHz, 22 %, 160925 MiB
2026/07/31 03:03:50.201, 2, P0, 36, 236.06 W, 1965 MHz, 3996 MHz, 0 %, 0 MiB
2026/07/31 03:03:50.201, 3, P0, 33, 238.54 W, 1965 MHz, 3996 MHz, 0 %, 0 MiB
2026/07/31 03:03:50.201, 4, P0, 33, 235.64 W, 1965 MHz, 3996 MHz, 0 %, 0 MiB
2026/07/31 03:03:50.202, 5, P0, 36, 244.07 W, 1965 MHz, 3996 MHz, 0 %, 0 MiB
2026/07/31 03:03:50.202, 6, P0, 33, 242.34 W, 1965 MHz, 3996 MHz, 0 %, 0 MiB
2026/07/31 03:03:50.202, 7, P0, 37, 243.22 W, 1965 MHz, 3996 MHz, 0 %, 0 MiB
2026/07/31 03:03:51.202, 0, P0, 36, 254.03 W, 1965 MHz, 3996 MHz, 14 %, 160925 MiB
2026/07/31 03:03:51.202, 1, P0, 33, 250.99 W, 1965 MHz, 3996 MHz, 13 %, 160925 MiB
2026/07/31 03:03:51.202, 2, P0, 36, 236.06 W, 1965 MHz, 3996 MHz, 0 %, 0 MiB
2026/07/31 03:03:51.202, 3, P0, 32, 238.56 W, 1965 MHz, 3996 MHz, 0 %, 0 MiB
2026/07/31 03:03:51.202, 4, P0, 33, 235.59 W, 1965 MHz, 3996 MHz, 0 %, 0 MiB
2026/07/31 03:03:51.202, 5, P0, 36, 244.04 W, 1965 MHz, 3996 MHz, 0 %, 0 MiB
2026/07/31 03:03:51.202, 6, P0, 33, 242.29 W, 1965 MHz, 3996 MHz, 0 %, 0 MiB
2026/07/31 03:03:51.202, 7, P0, 37, 243.18 W, 1965 MHz, 3996 MHz, 0 %, 0 MiB
2026/07/31 03:03:52.202, 0, P0, 36, 253.62 W, 1965 MHz, 3996 MHz, 11 %, 160925 MiB
2026/07/31 03:03:52.202, 1, P0, 33, 251.32 W, 1965 MHz, 3996 MHz, 14 %, 160925 MiB
2026/07/31 03:03:52.202, 2, P0, 36, 236.03 W, 1965 MHz, 3996 MHz, 0 %, 0 MiB
2026/07/31 03:03:52.202, 3, P0, 32, 238.48 W, 1965 MHz, 3996 MHz, 0 %, 0 MiB
2026/07/31 03:03:52.202, 4, P0, 33, 235.51 W, 1965 MHz, 3996 MHz, 0 %, 0 MiB
2026/07/31 03:03:52.202, 5, P0, 36, 244.06 W, 1965 MHz, 3996 MHz, 0 %, 0 MiB
2026/07/31 03:03:52.202, 6, P0, 33, 242.35 W, 1965 MHz, 3996 MHz, 0 %, 0 MiB
2026/07/31 03:03:52.202, 7, P0, 37, 243.12 W, 1965 MHz, 3996 MHz, 0 %, 0 MiB
2026/07/31 03:03:53.202, 0, P0, 36, 253.71 W, 1965 MHz, 3996 MHz, 11 %, 160925 MiB
2026/07/31 03:03:53.202, 1, P0, 33, 251.38 W, 1965 MHz, 3996 MHz, 15 %, 160925 MiB
2026/07/31 03:03:53.202, 2, P0, 36, 236.02 W, 1965 MHz, 3996 MHz, 0 %, 0 MiB
2026/07/31 03:03:53.202, 3, P0, 33, 238.54 W, 1965 MHz, 3996 MHz, 0 %, 0 MiB
2026/07/31 03:03:53.202, 4, P0, 33, 235.59 W, 1965 MHz, 3996 MHz, 0 %, 0 MiB
2026/07/31 03:03:53.202, 5, P0, 36, 244.04 W, 1965 MHz, 3996 MHz, 0 %, 0 MiB
2026/07/31 03:03:53.202, 6, P0, 33, 242.31 W, 1965 MHz, 3996 MHz, 0 %, 0 MiB
2026/07/31 03:03:53.202, 7, P0, 37, 243.20 W, 1965 MHz, 3996 MHz, 0 %, 0 MiB
2026/07/31 03:03:54.202, 0, P0, 36, 254.21 W, 1965 MHz, 3996 MHz, 11 %, 160925 MiB
2026/07/31 03:03:54.203, 1, P0, 33, 251.23 W, 1965 MHz, 3996 MHz, 11 %, 160925 MiB
2026/07/31 03:03:54.203, 2, P0, 36, 235.99 W, 1965 MHz, 3996 MHz, 0 %, 0 MiB
2026/07/31 03:03:54.203, 3, P0, 32, 238.57 W, 1965 MHz, 3996 MHz, 0 %, 0 MiB
2026/07/31 03:03:54.203, 4, P0, 33, 235.49 W, 1965 MHz, 3996 MHz, 0 %, 0 MiB
2026/07/31 03:03:54.203, 5, P0, 36, 244.10 W, 1965 MHz, 3996 MHz, 0 %, 0 MiB
2026/07/31 03:03:54.203, 6, P0, 33, 242.32 W, 1965 MHz, 3996 MHz, 0 %, 0 MiB
2026/07/31 03:03:54.203, 7, P0, 37, 243.17 W, 1965 MHz, 3996 MHz, 0 %, 0 MiB
2026/07/31 03:03:55.203, 0, P0, 36, 253.94 W, 1965 MHz, 3996 MHz, 25 %, 160925 MiB
2026/07/31 03:03:55.203, 1, P0, 33, 251.22 W, 1965 MHz, 3996 MHz, 11 %, 160925 MiB
2026/07/31 03:03:55.203, 2, P0, 36, 235.99 W, 1965 MHz, 3996 MHz, 0 %, 0 MiB
2026/07/31 03:03:55.203, 3, P0, 32, 238.54 W, 1965 MHz, 3996 MHz, 0 %, 0 MiB
2026/07/31 03:03:55.203, 4, P0, 33, 235.54 W, 1965 MHz, 3996 MHz, 0 %, 0 MiB
2026/07/31 03:03:55.203, 5, P0, 36, 244.10 W, 1965 MHz, 3996 MHz, 0 %, 0 MiB
2026/07/31 03:03:55.203, 6, P0, 33, 242.34 W, 1965 MHz, 3996 MHz, 0 %, 0 MiB
2026/07/31 03:03:55.203, 7, P0, 37, 243.18 W, 1965 MHz, 3996 MHz, 0 %, 0 MiB
2026/07/31 03:03:56.203, 0, P0, 36, 253.75 W, 1965 MHz, 3996 MHz, 24 %, 160925 MiB
2026/07/31 03:03:56.203, 1, P0, 33, 251.40 W, 1965 MHz, 3996 MHz, 11 %, 160925 MiB
2026/07/31 03:03:56.203, 2, P0, 36, 236.03 W, 1965 MHz, 3996 MHz, 0 %, 0 MiB
2026/07/31 03:03:56.203, 3, P0, 32, 238.51 W, 1965 MHz, 3996 MHz, 0 %, 0 MiB
2026/07/31 03:03:56.203, 4, P0, 33, 235.51 W, 1965 MHz, 3996 MHz, 0 %, 0 MiB
2026/07/31 03:03:56.203, 5, P0, 36, 244.06 W, 1965 MHz, 3996 MHz, 0 %, 0 MiB
2026/07/31 03:03:56.203, 6, P0, 33, 242.38 W, 1965 MHz, 3996 MHz, 0 %, 0 MiB
2026/07/31 03:03:56.203, 7, P0, 37, 243.23 W, 1965 MHz, 3996 MHz, 0 %, 0 MiB
2026/07/31 03:03:57.203, 0, P0, 36, 254.23 W, 1965 MHz, 3996 MHz, 34 %, 160925 MiB
2026/07/31 03:03:57.203, 1, P0, 33, 251.33 W, 1965 MHz, 3996 MHz, 21 %, 160925 MiB
2026/07/31 03:03:57.203, 2, P0, 36, 236.02 W, 1965 MHz, 3996 MHz, 0 %, 0 MiB
2026/07/31 03:03:57.203, 3, P0, 32, 238.57 W, 1965 MHz, 3996 MHz, 0 %, 0 MiB
2026/07/31 03:03:57.203, 4, P0, 33, 235.49 W, 1965 MHz, 3996 MHz, 0 %, 0 MiB
2026/07/31 03:03:57.203, 5, P0, 36, 244.16 W, 1965 MHz, 3996 MHz, 0 %, 0 MiB
2026/07/31 03:03:57.203, 6, P0, 33, 242.32 W, 1965 MHz, 3996 MHz, 0 %, 0 MiB
2026/07/31 03:03:57.203, 7, P0, 37, 243.23 W, 1965 MHz, 3996 MHz, 0 %, 0 MiB
2026/07/31 03:03:58.204, 0, P0, 36, 253.72 W, 1965 MHz, 3996 MHz, 11 %, 160925 MiB
2026/07/31 03:03:58.204, 1, P0, 33, 251.90 W, 1965 MHz, 3996 MHz, 25 %, 160925 MiB
2026/07/31 03:03:58.204, 2, P0, 36, 236.09 W, 1965 MHz, 3996 MHz, 0 %, 0 MiB
2026/07/31 03:03:58.204, 3, P0, 32, 238.54 W, 1965 MHz, 3996 MHz, 0 %, 0 MiB
2026/07/31 03:03:58.204, 4, P0, 33, 235.64 W, 1965 MHz, 3996 MHz, 0 %, 0 MiB
2026/07/31 03:03:58.204, 5, P0, 36, 244.06 W, 1965 MHz, 3996 MHz, 0 %, 0 MiB
2026/07/31 03:03:58.204, 6, P0, 33, 242.42 W, 1965 MHz, 3996 MHz, 0 %, 0 MiB
2026/07/31 03:03:58.204, 7, P0, 37, 243.22 W, 1965 MHz, 3996 MHz, 0 %, 0 MiB
2026/07/31 03:03:59.204, 0, P0, 36, 254.10 W, 1965 MHz, 3996 MHz, 11 %, 160925 MiB
2026/07/31 03:03:59.204, 1, P0, 33, 251.40 W, 1965 MHz, 3996 MHz, 25 %, 160925 MiB
2026/07/31 03:03:59.204, 2, P0, 36, 236.05 W, 1965 MHz, 3996 MHz, 0 %, 0 MiB
2026/07/31 03:03:59.204, 3, P0, 32, 238.54 W, 1965 MHz, 3996 MHz, 0 %, 0 MiB
2026/07/31 03:03:59.204, 4, P0, 33, 235.59 W, 1965 MHz, 3996 MHz, 0 %, 0 MiB
2026/07/31 03:03:59.204, 5, P0, 36, 244.07 W, 1965 MHz, 3996 MHz, 0 %, 0 MiB
2026/07/31 03:03:59.204, 6, P0, 33, 242.38 W, 1965 MHz, 3996 MHz, 0 %, 0 MiB
2026/07/31 03:03:59.204, 7, P0, 37, 243.27 W, 1965 MHz, 3996 MHz, 0 %, 0 MiB
2026/07/31 03:04:00.204, 0, P0, 36, 254.12 W, 1965 MHz, 3996 MHz, 47 %, 160925 MiB
2026/07/31 03:04:00.204, 1, P0, 33, 251.63 W, 1965 MHz, 3996 MHz, 20 %, 160925 MiB
2026/07/31 03:04:00.204, 2, P0, 36, 236.06 W, 1965 MHz, 3996 MHz, 0 %, 0 MiB
2026/07/31 03:04:00.204, 3, P0, 32, 238.58 W, 1965 MHz, 3996 MHz, 0 %, 0 MiB
2026/07/31 03:04:00.204, 4, P0, 33, 235.54 W, 1965 MHz, 3996 MHz, 0 %, 0 MiB
2026/07/31 03:04:00.204, 5, P0, 36, 244.05 W, 1965 MHz, 3996 MHz, 0 %, 0 MiB
2026/07/31 03:04:00.204, 6, P0, 33, 242.28 W, 1965 MHz, 3996 MHz, 0 %, 0 MiB
2026/07/31 03:04:00.204, 7, P0, 37, 243.25 W, 1965 MHz, 3996 MHz, 0 %, 0 MiB
2026/07/31 03:04:01.204, 0, P0, 36, 253.42 W, 1965 MHz, 3996 MHz, 11 %, 160925 MiB
2026/07/31 03:04:01.204, 1, P0, 33, 250.82 W, 1965 MHz, 3996 MHz, 20 %, 160925 MiB
2026/07/31 03:04:01.204, 2, P0, 36, 236.05 W, 1965 MHz, 3996 MHz, 0 %, 0 MiB
2026/07/31 03:04:01.204, 3, P0, 32, 238.56 W, 1965 MHz, 3996 MHz, 0 %, 0 MiB
2026/07/31 03:04:01.204, 4, P0, 33, 235.60 W, 1965 MHz, 3996 MHz, 0 %, 0 MiB
2026/07/31 03:04:01.204, 5, P0, 36, 244.05 W, 1965 MHz, 3996 MHz, 0 %, 0 MiB
2026/07/31 03:04:01.204, 6, P0, 33, 242.39 W, 1965 MHz, 3996 MHz, 0 %, 0 MiB
2026/07/31 03:04:01.204, 7, P0, 37, 243.20 W, 1965 MHz, 3996 MHz, 0 %, 0 MiB
2026/07/31 03:04:02.205, 0, P0, 36, 254.00 W, 1965 MHz, 3996 MHz, 28 %, 160925 MiB
2026/07/31 03:04:02.205, 1, P0, 33, 251.05 W, 1965 MHz, 3996 MHz, 25 %, 160925 MiB
2026/07/31 03:04:02.205, 2, P0, 36, 236.06 W, 1965 MHz, 3996 MHz, 0 %, 0 MiB
2026/07/31 03:04:02.205, 3, P0, 32, 238.52 W, 1965 MHz, 3996 MHz, 0 %, 0 MiB
2026/07/31 03:04:02.205, 4, P0, 33, 235.60 W, 1965 MHz, 3996 MHz, 0 %, 0 MiB
2026/07/31 03:04:02.205, 5, P0, 36, 244.05 W, 1965 MHz, 3996 MHz, 0 %, 0 MiB
2026/07/31 03:04:02.205, 6, P0, 33, 242.29 W, 1965 MHz, 3996 MHz, 0 %, 0 MiB
2026/07/31 03:04:02.205, 7, P0, 37, 243.18 W, 1965 MHz, 3996 MHz, 0 %, 0 MiB
2026/07/31 03:04:03.205, 0, P0, 36, 259.02 W, 1965 MHz, 3996 MHz, 19 %, 160929 MiB
2026/07/31 03:04:03.205, 1, P0, 33, 253.03 W, 1965 MHz, 3996 MHz, 10 %, 160929 MiB
2026/07/31 03:04:03.205, 2, P0, 36, 236.00 W, 1965 MHz, 3996 MHz, 0 %, 0 MiB
2026/07/31 03:04:03.205, 3, P0, 32, 238.55 W, 1965 MHz, 3996 MHz, 0 %, 0 MiB
2026/07/31 03:04:03.205, 4, P0, 33, 235.57 W, 1965 MHz, 3996 MHz, 0 %, 0 MiB
2026/07/31 03:04:03.205, 5, P0, 36, 244.04 W, 1965 MHz, 3996 MHz, 0 %, 0 MiB
2026/07/31 03:04:03.205, 6, P0, 33, 242.29 W, 1965 MHz, 3996 MHz, 0 %, 0 MiB
2026/07/31 03:04:03.205, 7, P0, 37, 243.16 W, 1965 MHz, 3996 MHz, 0 %, 0 MiB
2026/07/31 03:04:04.205, 0, P0, 36, 258.36 W, 1965 MHz, 3996 MHz, 40 %, 160929 MiB
2026/07/31 03:04:04.205, 1, P0, 34, 256.36 W, 1965 MHz, 3996 MHz, 12 %, 160929 MiB
2026/07/31 03:04:04.205, 2, P0, 36, 236.05 W, 1965 MHz, 3996 MHz, 0 %, 0 MiB
2026/07/31 03:04:04.205, 3, P0, 32, 238.52 W, 1965 MHz, 3996 MHz, 0 %, 0 MiB
2026/07/31 03:04:04.205, 4, P0, 33, 235.61 W, 1965 MHz, 3996 MHz, 0 %, 0 MiB
2026/07/31 03:04:04.205, 5, P0, 36, 244.09 W, 1965 MHz, 3996 MHz, 0 %, 0 MiB
2026/07/31 03:04:04.205, 6, P0, 33, 242.32 W, 1965 MHz, 3996 MHz, 0 %, 0 MiB
2026/07/31 03:04:04.205, 7, P0, 37, 243.15 W, 1965 MHz, 3996 MHz, 0 %, 0 MiB
2026/07/31 03:04:05.205, 0, P0, 36, 254.64 W, 1965 MHz, 3996 MHz, 27 %, 160929 MiB
2026/07/31 03:04:05.205, 1, P0, 33, 251.90 W, 1965 MHz, 3996 MHz, 10 %, 160929 MiB
2026/07/31 03:04:05.205, 2, P0, 36, 236.01 W, 1965 MHz, 3996 MHz, 0 %, 0 MiB
2026/07/31 03:04:05.205, 3, P0, 32, 238.52 W, 1965 MHz, 3996 MHz, 0 %, 0 MiB
2026/07/31 03:04:05.205, 4, P0, 33, 235.54 W, 1965 MHz, 3996 MHz, 0 %, 0 MiB
2026/07/31 03:04:05.205, 5, P0, 36, 244.04 W, 1965 MHz, 3996 MHz, 0 %, 0 MiB
2026/07/31 03:04:05.206, 6, P0, 33, 242.28 W, 1965 MHz, 3996 MHz, 0 %, 0 MiB
2026/07/31 03:04:05.206, 7, P0, 37, 243.17 W, 1965 MHz, 3996 MHz, 0 %, 0 MiB
2026/07/31 03:04:06.206, 0, P0, 36, 263.80 W, 1965 MHz, 3996 MHz, 10 %, 160929 MiB
2026/07/31 03:04:06.206, 1, P0, 33, 254.24 W, 1965 MHz, 3996 MHz, 58 %, 160929 MiB
2026/07/31 03:04:06.206, 2, P0, 36, 235.98 W, 1965 MHz, 3996 MHz, 0 %, 0 MiB
2026/07/31 03:04:06.206, 3, P0, 32, 238.51 W, 1965 MHz, 3996 MHz, 0 %, 0 MiB
2026/07/31 03:04:06.206, 4, P0, 33, 235.58 W, 1965 MHz, 3996 MHz, 0 %, 0 MiB
2026/07/31 03:04:06.206, 5, P0, 36, 244.08 W, 1965 MHz, 3996 MHz, 0 %, 0 MiB
2026/07/31 03:04:06.206, 6, P0, 33, 242.33 W, 1965 MHz, 3996 MHz, 0 %, 0 MiB
2026/07/31 03:04:06.206, 7, P0, 37, 243.07 W, 1965 MHz, 3996 MHz, 0 %, 0 MiB
2026/07/31 03:04:07.206, 0, P0, 36, 256.31 W, 1965 MHz, 3996 MHz, 14 %, 160929 MiB
2026/07/31 03:04:07.206, 1, P0, 33, 252.55 W, 1965 MHz, 3996 MHz, 10 %, 160929 MiB
2026/07/31 03:04:07.206, 2, P0, 36, 236.01 W, 1965 MHz, 3996 MHz, 0 %, 0 MiB
2026/07/31 03:04:07.206, 3, P0, 32, 238.52 W, 1965 MHz, 3996 MHz, 0 %, 0 MiB
2026/07/31 03:04:07.206, 4, P0, 33, 235.59 W, 1965 MHz, 3996 MHz, 0 %, 0 MiB
2026/07/31 03:04:07.206, 5, P0, 36, 244.18 W, 1965 MHz, 3996 MHz, 0 %, 0 MiB
2026/07/31 03:04:07.206, 6, P0, 33, 242.38 W, 1965 MHz, 3996 MHz, 0 %, 0 MiB
2026/07/31 03:04:07.206, 7, P0, 37, 243.24 W, 1965 MHz, 3996 MHz, 0 %, 0 MiB
2026/07/31 03:04:08.206, 0, P0, 36, 259.75 W, 1965 MHz, 3996 MHz, 15 %, 160929 MiB
2026/07/31 03:04:08.206, 1, P0, 33, 254.49 W, 1965 MHz, 3996 MHz, 23 %, 160929 MiB
2026/07/31 03:04:08.206, 2, P0, 36, 235.99 W, 1965 MHz, 3996 MHz, 0 %, 0 MiB
2026/07/31 03:04:08.206, 3, P0, 32, 238.49 W, 1965 MHz, 3996 MHz, 0 %, 0 MiB
2026/07/31 03:04:08.206, 4, P0, 33, 235.55 W, 1965 MHz, 3996 MHz, 0 %, 0 MiB
2026/07/31 03:04:08.206, 5, P0, 36, 244.13 W, 1965 MHz, 3996 MHz, 0 %, 0 MiB
2026/07/31 03:04:08.206, 6, P0, 33, 242.33 W, 1965 MHz, 3996 MHz, 0 %, 0 MiB
2026/07/31 03:04:08.206, 7, P0, 37, 243.21 W, 1965 MHz, 3996 MHz, 0 %, 0 MiB
2026/07/31 03:04:09.206, 0, P0, 36, 255.17 W, 1965 MHz, 3996 MHz, 58 %, 160929 MiB
2026/07/31 03:04:09.207, 1, P0, 33, 252.47 W, 1965 MHz, 3996 MHz, 10 %, 160929 MiB
2026/07/31 03:04:09.207, 2, P0, 36, 235.98 W, 1965 MHz, 3996 MHz, 0 %, 0 MiB
2026/07/31 03:04:09.207, 3, P0, 32, 238.56 W, 1965 MHz, 3996 MHz, 0 %, 0 MiB
2026/07/31 03:04:09.207, 4, P0, 33, 235.56 W, 1965 MHz, 3996 MHz, 0 %, 0 MiB
2026/07/31 03:04:09.207, 5, P0, 36, 244.09 W, 1965 MHz, 3996 MHz, 0 %, 0 MiB
2026/07/31 03:04:09.207, 6, P0, 33, 242.28 W, 1965 MHz, 3996 MHz, 0 %, 0 MiB
2026/07/31 03:04:09.207, 7, P0, 37, 243.12 W, 1965 MHz, 3996 MHz, 0 %, 0 MiB
2026/07/31 03:04:10.207, 0, P0, 36, 256.93 W, 1965 MHz, 3996 MHz, 52 %, 160929 MiB
2026/07/31 03:04:10.207, 1, P0, 33, 252.56 W, 1965 MHz, 3996 MHz, 10 %, 160929 MiB
2026/07/31 03:04:10.207, 2, P0, 36, 235.95 W, 1965 MHz, 3996 MHz, 0 %, 0 MiB
2026/07/31 03:04:10.207, 3, P0, 32, 238.55 W, 1965 MHz, 3996 MHz, 0 %, 0 MiB
2026/07/31 03:04:10.207, 4, P0, 33, 235.60 W, 1965 MHz, 3996 MHz, 0 %, 0 MiB
2026/07/31 03:04:10.207, 5, P0, 36, 244.03 W, 1965 MHz, 3996 MHz, 0 %, 0 MiB
2026/07/31 03:04:10.207, 6, P0, 33, 242.31 W, 1965 MHz, 3996 MHz, 0 %, 0 MiB
2026/07/31 03:04:10.207, 7, P0, 37, 243.16 W, 1965 MHz, 3996 MHz, 0 %, 0 MiB
2026/07/31 03:04:11.207, 0, P0, 36, 256.54 W, 1965 MHz, 3996 MHz, 47 %, 160929 MiB
2026/07/31 03:04:11.207, 1, P0, 33, 251.92 W, 1965 MHz, 3996 MHz, 10 %, 160929 MiB
2026/07/31 03:04:11.207, 2, P0, 36, 236.02 W, 1965 MHz, 3996 MHz, 0 %, 0 MiB
2026/07/31 03:04:11.207, 3, P0, 32, 238.55 W, 1965 MHz, 3996 MHz, 0 %, 0 MiB
2026/07/31 03:04:11.207, 4, P0, 33, 235.60 W, 1965 MHz, 3996 MHz, 0 %, 0 MiB
2026/07/31 03:04:11.207, 5, P0, 36, 244.12 W, 1965 MHz, 3996 MHz, 0 %, 0 MiB
2026/07/31 03:04:11.207, 6, P0, 33, 242.37 W, 1965 MHz, 3996 MHz, 0 %, 0 MiB
2026/07/31 03:04:11.207, 7, P0, 37, 243.23 W, 1965 MHz, 3996 MHz, 0 %, 0 MiB
2026/07/31 03:04:12.207, 0, P0, 36, 256.51 W, 1965 MHz, 3996 MHz, 61 %, 160929 MiB
2026/07/31 03:04:12.207, 1, P0, 33, 252.97 W, 1965 MHz, 3996 MHz, 10 %, 160929 MiB
2026/07/31 03:04:12.207, 2, P0, 36, 235.94 W, 1965 MHz, 3996 MHz, 0 %, 0 MiB
2026/07/31 03:04:12.207, 3, P0, 32, 238.56 W, 1965 MHz, 3996 MHz, 0 %, 0 MiB
2026/07/31 03:04:12.207, 4, P0, 33, 235.50 W, 1965 MHz, 3996 MHz, 0 %, 0 MiB
2026/07/31 03:04:12.207, 5, P0, 36, 244.13 W, 1965 MHz, 3996 MHz, 0 %, 0 MiB
2026/07/31 03:04:12.207, 6, P0, 33, 242.30 W, 1965 MHz, 3996 MHz, 0 %, 0 MiB
2026/07/31 03:04:12.207, 7, P0, 37, 243.15 W, 1965 MHz, 3996 MHz, 0 %, 0 MiB
2026/07/31 03:04:13.208, 0, P0, 36, 257.46 W, 1965 MHz, 3996 MHz, 72 %, 160929 MiB
2026/07/31 03:04:13.208, 1, P0, 33, 251.80 W, 1965 MHz, 3996 MHz, 10 %, 160929 MiB
2026/07/31 03:04:13.208, 2, P0, 36, 236.05 W, 1965 MHz, 3996 MHz, 0 %, 0 MiB
2026/07/31 03:04:13.208, 3, P0, 32, 238.54 W, 1965 MHz, 3996 MHz, 0 %, 0 MiB
2026/07/31 03:04:13.208, 4, P0, 33, 235.55 W, 1965 MHz, 3996 MHz, 0 %, 0 MiB
2026/07/31 03:04:13.208, 5, P0, 36, 244.13 W, 1965 MHz, 3996 MHz, 0 %, 0 MiB
2026/07/31 03:04:13.208, 6, P0, 33, 242.29 W, 1965 MHz, 3996 MHz, 0 %, 0 MiB
2026/07/31 03:04:13.208, 7, P0, 37, 243.12 W, 1965 MHz, 3996 MHz, 0 %, 0 MiB
2026/07/31 03:04:14.208, 0, P0, 36, 261.85 W, 1965 MHz, 3996 MHz, 68 %, 160929 MiB
2026/07/31 03:04:14.208, 1, P0, 33, 255.08 W, 1965 MHz, 3996 MHz, 32 %, 160929 MiB
2026/07/31 03:04:14.208, 2, P0, 36, 236.05 W, 1965 MHz, 3996 MHz, 0 %, 0 MiB
2026/07/31 03:04:14.208, 3, P0, 32, 238.52 W, 1965 MHz, 3996 MHz, 0 %, 0 MiB
2026/07/31 03:04:14.208, 4, P0, 33, 235.64 W, 1965 MHz, 3996 MHz, 0 %, 0 MiB
2026/07/31 03:04:14.208, 5, P0, 36, 244.11 W, 1965 MHz, 3996 MHz, 0 %, 0 MiB
2026/07/31 03:04:14.208, 6, P0, 33, 242.25 W, 1965 MHz, 3996 MHz, 0 %, 0 MiB
2026/07/31 03:04:14.208, 7, P0, 37, 243.15 W, 1965 MHz, 3996 MHz, 0 %, 0 MiB
2026/07/31 03:04:15.208, 0, P0, 36, 259.56 W, 1965 MHz, 3996 MHz, 60 %, 160929 MiB
2026/07/31 03:04:15.208, 1, P0, 33, 252.55 W, 1965 MHz, 3996 MHz, 14 %, 160929 MiB
2026/07/31 03:04:15.208, 2, P0, 36, 235.99 W, 1965 MHz, 3996 MHz, 0 %, 0 MiB
2026/07/31 03:04:15.208, 3, P0, 32, 238.52 W, 1965 MHz, 3996 MHz, 0 %, 0 MiB
2026/07/31 03:04:15.208, 4, P0, 33, 235.53 W, 1965 MHz, 3996 MHz, 0 %, 0 MiB
2026/07/31 03:04:15.208, 5, P0, 36, 244.09 W, 1965 MHz, 3996 MHz, 0 %, 0 MiB
2026/07/31 03:04:15.208, 6, P0, 33, 242.33 W, 1965 MHz, 3996 MHz, 0 %, 0 MiB
2026/07/31 03:04:15.208, 7, P0, 37, 243.25 W, 1965 MHz, 3996 MHz, 0 %, 0 MiB
2026/07/31 03:04:16.208, 0, P0, 36, 264.76 W, 1965 MHz, 3996 MHz, 70 %, 160929 MiB
2026/07/31 03:04:16.208, 1, P0, 33, 253.53 W, 1965 MHz, 3996 MHz, 9 %, 160929 MiB
2026/07/31 03:04:16.208, 2, P0, 36, 236.03 W, 1965 MHz, 3996 MHz, 0 %, 0 MiB
2026/07/31 03:04:16.208, 3, P0, 32, 238.46 W, 1965 MHz, 3996 MHz, 0 %, 0 MiB
2026/07/31 03:04:16.208, 4, P0, 33, 235.57 W, 1965 MHz, 3996 MHz, 0 %, 0 MiB
2026/07/31 03:04:16.209, 5, P0, 36, 244.09 W, 1965 MHz, 3996 MHz, 0 %, 0 MiB
2026/07/31 03:04:16.209, 6, P0, 33, 242.29 W, 1965 MHz, 3996 MHz, 0 %, 0 MiB
2026/07/31 03:04:16.209, 7, P0, 37, 243.23 W, 1965 MHz, 3996 MHz, 0 %, 0 MiB
2026/07/31 03:04:17.209, 0, P0, 36, 255.26 W, 1965 MHz, 3996 MHz, 61 %, 160929 MiB
2026/07/31 03:04:17.209, 1, P0, 33, 250.79 W, 1965 MHz, 3996 MHz, 10 %, 160929 MiB
2026/07/31 03:04:17.209, 2, P0, 36, 235.99 W, 1965 MHz, 3996 MHz, 0 %, 0 MiB
2026/07/31 03:04:17.209, 3, P0, 32, 238.50 W, 1965 MHz, 3996 MHz, 0 %, 0 MiB
2026/07/31 03:04:17.209, 4, P0, 33, 235.51 W, 1965 MHz, 3996 MHz, 0 %, 0 MiB
2026/07/31 03:04:17.209, 5, P0, 36, 244.13 W, 1965 MHz, 3996 MHz, 0 %, 0 MiB
2026/07/31 03:04:17.209, 6, P0, 33, 242.24 W, 1965 MHz, 3996 MHz, 0 %, 0 MiB
2026/07/31 03:04:17.209, 7, P0, 37, 243.23 W, 1965 MHz, 3996 MHz, 0 %, 0 MiB
2026/07/31 03:04:18.209, 0, P0, 36, 255.50 W, 1965 MHz, 3996 MHz, 65 %, 160929 MiB
2026/07/31 03:04:18.209, 1, P0, 33, 251.30 W, 1965 MHz, 3996 MHz, 10 %, 160929 MiB
2026/07/31 03:04:18.209, 2, P0, 36, 236.01 W, 1965 MHz, 3996 MHz, 0 %, 0 MiB
2026/07/31 03:04:18.209, 3, P0, 32, 238.48 W, 1965 MHz, 3996 MHz, 0 %, 0 MiB
2026/07/31 03:04:18.209, 4, P0, 33, 235.51 W, 1965 MHz, 3996 MHz, 0 %, 0 MiB
2026/07/31 03:04:18.209, 5, P0, 36, 244.04 W, 1965 MHz, 3996 MHz, 0 %, 0 MiB
2026/07/31 03:04:18.209, 6, P0, 33, 242.26 W, 1965 MHz, 3996 MHz, 0 %, 0 MiB
2026/07/31 03:04:18.209, 7, P0, 37, 243.31 W, 1965 MHz, 3996 MHz, 0 %, 0 MiB
2026/07/31 03:04:19.209, 0, P0, 36, 255.38 W, 1965 MHz, 3996 MHz, 53 %, 160929 MiB
2026/07/31 03:04:19.209, 1, P0, 33, 251.63 W, 1965 MHz, 3996 MHz, 10 %, 160929 MiB
2026/07/31 03:04:19.209, 2, P0, 36, 235.99 W, 1965 MHz, 3996 MHz, 0 %, 0 MiB
2026/07/31 03:04:19.209, 3, P0, 32, 238.54 W, 1965 MHz, 3996 MHz, 0 %, 0 MiB
2026/07/31 03:04:19.209, 4, P0, 33, 235.56 W, 1965 MHz, 3996 MHz, 0 %, 0 MiB
2026/07/31 03:04:19.209, 5, P0, 36, 244.16 W, 1965 MHz, 3996 MHz, 0 %, 0 MiB
2026/07/31 03:04:19.209, 6, P0, 33, 242.35 W, 1965 MHz, 3996 MHz, 0 %, 0 MiB
2026/07/31 03:04:19.209, 7, P0, 37, 243.24 W, 1965 MHz, 3996 MHz, 0 %, 0 MiB
2026/07/31 03:04:20.210, 0, P0, 36, 255.73 W, 1965 MHz, 3996 MHz, 34 %, 160929 MiB
2026/07/31 03:04:20.210, 1, P0, 33, 251.25 W, 1965 MHz, 3996 MHz, 10 %, 160929 MiB
2026/07/31 03:04:20.210, 2, P0, 36, 235.93 W, 1965 MHz, 3996 MHz, 0 %, 0 MiB
2026/07/31 03:04:20.210, 3, P0, 32, 238.51 W, 1965 MHz, 3996 MHz, 0 %, 0 MiB
2026/07/31 03:04:20.210, 4, P0, 33, 235.55 W, 1965 MHz, 3996 MHz, 0 %, 0 MiB
2026/07/31 03:04:20.210, 5, P0, 36, 244.07 W, 1965 MHz, 3996 MHz, 0 %, 0 MiB
2026/07/31 03:04:20.210, 6, P0, 33, 242.26 W, 1965 MHz, 3996 MHz, 0 %, 0 MiB
2026/07/31 03:04:20.210, 7, P0, 37, 243.25 W, 1965 MHz, 3996 MHz, 0 %, 0 MiB
2026/07/31 03:04:21.210, 0, P0, 36, 255.66 W, 1965 MHz, 3996 MHz, 35 %, 160929 MiB
2026/07/31 03:04:21.210, 1, P0, 33, 251.65 W, 1965 MHz, 3996 MHz, 10 %, 160929 MiB
2026/07/31 03:04:21.210, 2, P0, 36, 235.98 W, 1965 MHz, 3996 MHz, 0 %, 0 MiB
2026/07/31 03:04:21.210, 3, P0, 32, 238.51 W, 1965 MHz, 3996 MHz, 0 %, 0 MiB
2026/07/31 03:04:21.210, 4, P0, 33, 235.52 W, 1965 MHz, 3996 MHz, 0 %, 0 MiB
2026/07/31 03:04:21.210, 5, P0, 36, 244.07 W, 1965 MHz, 3996 MHz, 0 %, 0 MiB
2026/07/31 03:04:21.210, 6, P0, 33, 242.22 W, 1965 MHz, 3996 MHz, 0 %, 0 MiB
2026/07/31 03:04:21.210, 7, P0, 37, 243.25 W, 1965 MHz, 3996 MHz, 0 %, 0 MiB
2026/07/31 03:04:22.210, 0, P0, 36, 254.91 W, 1965 MHz, 3996 MHz, 20 %, 160929 MiB
2026/07/31 03:04:22.210, 1, P0, 33, 252.31 W, 1965 MHz, 3996 MHz, 31 %, 160929 MiB
2026/07/31 03:04:22.210, 2, P0, 36, 236.03 W, 1965 MHz, 3996 MHz, 0 %, 0 MiB
2026/07/31 03:04:22.210, 3, P0, 32, 238.50 W, 1965 MHz, 3996 MHz, 0 %, 0 MiB
2026/07/31 03:04:22.210, 4, P0, 33, 235.57 W, 1965 MHz, 3996 MHz, 0 %, 0 MiB
2026/07/31 03:04:22.210, 5, P0, 36, 244.07 W, 1965 MHz, 3996 MHz, 0 %, 0 MiB
2026/07/31 03:04:22.210, 6, P0, 33, 242.24 W, 1965 MHz, 3996 MHz, 0 %, 0 MiB
2026/07/31 03:04:22.210, 7, P0, 37, 243.18 W, 1965 MHz, 3996 MHz, 0 %, 0 MiB
2026/07/31 03:04:23.210, 0, P0, 36, 254.90 W, 1965 MHz, 3996 MHz, 40 %, 160929 MiB
2026/07/31 03:04:23.210, 1, P0, 33, 251.57 W, 1965 MHz, 3996 MHz, 10 %, 160929 MiB
2026/07/31 03:04:23.211, 2, P0, 36, 236.02 W, 1965 MHz, 3996 MHz, 0 %, 0 MiB
2026/07/31 03:04:23.211, 3, P0, 32, 238.53 W, 1965 MHz, 3996 MHz, 0 %, 0 MiB
2026/07/31 03:04:23.211, 4, P0, 33, 235.52 W, 1965 MHz, 3996 MHz, 0 %, 0 MiB
2026/07/31 03:04:23.211, 5, P0, 36, 244.06 W, 1965 MHz, 3996 MHz, 0 %, 0 MiB
2026/07/31 03:04:23.211, 6, P0, 33, 242.31 W, 1965 MHz, 3996 MHz, 0 %, 0 MiB
2026/07/31 03:04:23.211, 7, P0, 37, 243.21 W, 1965 MHz, 3996 MHz, 0 %, 0 MiB
2026/07/31 03:04:24.211, 0, P0, 36, 255.14 W, 1965 MHz, 3996 MHz, 31 %, 160929 MiB
2026/07/31 03:04:24.211, 1, P0, 33, 252.04 W, 1965 MHz, 3996 MHz, 22 %, 160929 MiB
2026/07/31 03:04:24.211, 2, P0, 36, 236.01 W, 1965 MHz, 3996 MHz, 0 %, 0 MiB
2026/07/31 03:04:24.211, 3, P0, 32, 238.49 W, 1965 MHz, 3996 MHz, 0 %, 0 MiB
2026/07/31 03:04:24.211, 4, P0, 33, 235.57 W, 1965 MHz, 3996 MHz, 0 %, 0 MiB
2026/07/31 03:04:24.211, 5, P0, 36, 244.11 W, 1965 MHz, 3996 MHz, 0 %, 0 MiB
2026/07/31 03:04:24.211, 6, P0, 33, 242.26 W, 1965 MHz, 3996 MHz, 0 %, 0 MiB
2026/07/31 03:04:24.211, 7, P0, 37, 243.21 W, 1965 MHz, 3996 MHz, 0 %, 0 MiB
2026/07/31 03:04:25.211, 0, P0, 36, 255.31 W, 1965 MHz, 3996 MHz, 35 %, 160929 MiB
2026/07/31 03:04:25.211, 1, P0, 33, 252.29 W, 1965 MHz, 3996 MHz, 10 %, 160929 MiB
2026/07/31 03:04:25.211, 2, P0, 36, 236.01 W, 1965 MHz, 3996 MHz, 0 %, 0 MiB
2026/07/31 03:04:25.211, 3, P0, 32, 238.52 W, 1965 MHz, 3996 MHz, 0 %, 0 MiB
2026/07/31 03:04:25.211, 4, P0, 33, 235.60 W, 1965 MHz, 3996 MHz, 0 %, 0 MiB
2026/07/31 03:04:25.211, 5, P0, 36, 244.03 W, 1965 MHz, 3996 MHz, 0 %, 0 MiB
2026/07/31 03:04:25.211, 6, P0, 33, 242.31 W, 1965 MHz, 3996 MHz, 0 %, 0 MiB
2026/07/31 03:04:25.211, 7, P0, 37, 243.25 W, 1965 MHz, 3996 MHz, 0 %, 0 MiB
2026/07/31 03:04:26.211, 0, P0, 36, 255.09 W, 1965 MHz, 3996 MHz, 39 %, 160929 MiB
2026/07/31 03:04:26.211, 1, P0, 33, 252.21 W, 1965 MHz, 3996 MHz, 10 %, 160929 MiB
2026/07/31 03:04:26.211, 2, P0, 36, 236.01 W, 1965 MHz, 3996 MHz, 0 %, 0 MiB
2026/07/31 03:04:26.211, 3, P0, 32, 238.48 W, 1965 MHz, 3996 MHz, 0 %, 0 MiB
2026/07/31 03:04:26.211, 4, P0, 33, 235.57 W, 1965 MHz, 3996 MHz, 0 %, 0 MiB
2026/07/31 03:04:26.211, 5, P0, 36, 244.14 W, 1965 MHz, 3996 MHz, 0 %, 0 MiB
2026/07/31 03:04:26.211, 6, P0, 33, 242.41 W, 1965 MHz, 3996 MHz, 0 %, 0 MiB
2026/07/31 03:04:26.211, 7, P0, 37, 243.24 W, 1965 MHz, 3996 MHz, 0 %, 0 MiB
2026/07/31 03:04:27.212, 0, P0, 36, 255.60 W, 1965 MHz, 3996 MHz, 36 %, 160929 MiB
2026/07/31 03:04:27.212, 1, P0, 33, 251.78 W, 1965 MHz, 3996 MHz, 10 %, 160929 MiB
2026/07/31 03:04:27.212, 2, P0, 36, 236.02 W, 1965 MHz, 3996 MHz, 0 %, 0 MiB
2026/07/31 03:04:27.212, 3, P0, 32, 238.51 W, 1965 MHz, 3996 MHz, 0 %, 0 MiB
2026/07/31 03:04:27.212, 4, P0, 33, 235.54 W, 1965 MHz, 3996 MHz, 0 %, 0 MiB
2026/07/31 03:04:27.212, 5, P0, 36, 244.10 W, 1965 MHz, 3996 MHz, 0 %, 0 MiB
2026/07/31 03:04:27.212, 6, P0, 33, 242.37 W, 1965 MHz, 3996 MHz, 0 %, 0 MiB
2026/07/31 03:04:27.212, 7, P0, 37, 243.20 W, 1965 MHz, 3996 MHz, 0 %, 0 MiB
2026/07/31 03:04:28.212, 0, P0, 36, 255.16 W, 1965 MHz, 3996 MHz, 24 %, 160929 MiB
2026/07/31 03:04:28.212, 1, P0, 33, 252.16 W, 1965 MHz, 3996 MHz, 11 %, 160929 MiB
2026/07/31 03:04:28.212, 2, P0, 36, 235.98 W, 1965 MHz, 3996 MHz, 0 %, 0 MiB
2026/07/31 03:04:28.212, 3, P0, 32, 238.53 W, 1965 MHz, 3996 MHz, 0 %, 0 MiB
2026/07/31 03:04:28.212, 4, P0, 33, 235.50 W, 1965 MHz, 3996 MHz, 0 %, 0 MiB
2026/07/31 03:04:28.212, 5, P0, 36, 244.05 W, 1965 MHz, 3996 MHz, 0 %, 0 MiB
2026/07/31 03:04:28.212, 6, P0, 33, 242.33 W, 1965 MHz, 3996 MHz, 0 %, 0 MiB
2026/07/31 03:04:28.212, 7, P0, 37, 243.17 W, 1965 MHz, 3996 MHz, 0 %, 0 MiB
2026/07/31 03:04:29.212, 0, P0, 36, 255.99 W, 1965 MHz, 3996 MHz, 36 %, 160929 MiB
2026/07/31 03:04:29.212, 1, P0, 33, 251.66 W, 1965 MHz, 3996 MHz, 10 %, 160929 MiB
2026/07/31 03:04:29.212, 2, P0, 36, 235.97 W, 1965 MHz, 3996 MHz, 0 %, 0 MiB
2026/07/31 03:04:29.212, 3, P0, 32, 238.57 W, 1965 MHz, 3996 MHz, 0 %, 0 MiB
2026/07/31 03:04:29.212, 4, P0, 33, 235.54 W, 1965 MHz, 3996 MHz, 0 %, 0 MiB
2026/07/31 03:04:29.212, 5, P0, 36, 244.16 W, 1965 MHz, 3996 MHz, 0 %, 0 MiB
2026/07/31 03:04:29.212, 6, P0, 33, 242.32 W, 1965 MHz, 3996 MHz, 0 %, 0 MiB
2026/07/31 03:04:29.212, 7, P0, 37, 243.01 W, 1965 MHz, 3996 MHz, 0 %, 0 MiB
2026/07/31 03:04:30.212, 0, P0, 36, 255.57 W, 1965 MHz, 3996 MHz, 16 %, 160929 MiB
2026/07/31 03:04:30.212, 1, P0, 33, 251.59 W, 1965 MHz, 3996 MHz, 10 %, 160929 MiB
2026/07/31 03:04:30.212, 2, P0, 36, 236.01 W, 1965 MHz, 3996 MHz, 0 %, 0 MiB
2026/07/31 03:04:30.212, 3, P0, 32, 238.54 W, 1965 MHz, 3996 MHz, 0 %, 0 MiB
2026/07/31 03:04:30.212, 4, P0, 33, 235.48 W, 1965 MHz, 3996 MHz, 0 %, 0 MiB
2026/07/31 03:04:30.212, 5, P0, 36, 244.03 W, 1965 MHz, 3996 MHz, 0 %, 0 MiB
2026/07/31 03:04:30.212, 6, P0, 33, 242.25 W, 1965 MHz, 3996 MHz, 0 %, 0 MiB
2026/07/31 03:04:30.212, 7, P0, 37, 243.15 W, 1965 MHz, 3996 MHz, 0 %, 0 MiB
2026/07/31 03:04:31.213, 0, P0, 36, 255.36 W, 1965 MHz, 3996 MHz, 30 %, 160929 MiB
2026/07/31 03:04:31.213, 1, P0, 33, 251.88 W, 1965 MHz, 3996 MHz, 12 %, 160929 MiB
2026/07/31 03:04:31.213, 2, P0, 36, 235.98 W, 1965 MHz, 3996 MHz, 0 %, 0 MiB
2026/07/31 03:04:31.213, 3, P0, 32, 238.54 W, 1965 MHz, 3996 MHz, 0 %, 0 MiB
2026/07/31 03:04:31.213, 4, P0, 33, 235.57 W, 1965 MHz, 3996 MHz, 0 %, 0 MiB
2026/07/31 03:04:31.213, 5, P0, 36, 244.05 W, 1965 MHz, 3996 MHz, 0 %, 0 MiB
2026/07/31 03:04:31.213, 6, P0, 33, 242.23 W, 1965 MHz, 3996 MHz, 0 %, 0 MiB
2026/07/31 03:04:31.213, 7, P0, 37, 243.22 W, 1965 MHz, 3996 MHz, 0 %, 0 MiB
2026/07/31 03:04:32.213, 0, P0, 36, 255.37 W, 1965 MHz, 3996 MHz, 41 %, 160929 MiB
2026/07/31 03:04:32.213, 1, P0, 33, 251.90 W, 1965 MHz, 3996 MHz, 10 %, 160929 MiB
2026/07/31 03:04:32.213, 2, P0, 36, 236.01 W, 1965 MHz, 3996 MHz, 0 %, 0 MiB
2026/07/31 03:04:32.213, 3, P0, 32, 238.56 W, 1965 MHz, 3996 MHz, 0 %, 0 MiB
2026/07/31 03:04:32.213, 4, P0, 33, 235.52 W, 1965 MHz, 3996 MHz, 0 %, 0 MiB
2026/07/31 03:04:32.213, 5, P0, 36, 244.06 W, 1965 MHz, 3996 MHz, 0 %, 0 MiB
2026/07/31 03:04:32.213, 6, P0, 33, 242.22 W, 1965 MHz, 3996 MHz, 0 %, 0 MiB
2026/07/31 03:04:32.213, 7, P0, 37, 243.19 W, 1965 MHz, 3996 MHz, 0 %, 0 MiB
2026/07/31 03:04:33.213, 0, P0, 36, 255.61 W, 1965 MHz, 3996 MHz, 29 %, 160929 MiB
2026/07/31 03:04:33.213, 1, P0, 33, 251.90 W, 1965 MHz, 3996 MHz, 10 %, 160929 MiB
2026/07/31 03:04:33.213, 2, P0, 36, 235.99 W, 1965 MHz, 3996 MHz, 0 %, 0 MiB
2026/07/31 03:04:33.213, 3, P0, 32, 238.58 W, 1965 MHz, 3996 MHz, 0 %, 0 MiB
2026/07/31 03:04:33.213, 4, P0, 33, 235.51 W, 1965 MHz, 3996 MHz, 0 %, 0 MiB
2026/07/31 03:04:33.213, 5, P0, 36, 244.01 W, 1965 MHz, 3996 MHz, 0 %, 0 MiB
2026/07/31 03:04:33.213, 6, P0, 33, 242.27 W, 1965 MHz, 3996 MHz, 0 %, 0 MiB
2026/07/31 03:04:33.213, 7, P0, 37, 243.26 W, 1965 MHz, 3996 MHz, 0 %, 0 MiB
2026/07/31 03:04:34.213, 0, P0, 36, 255.89 W, 1965 MHz, 3996 MHz, 66 %, 160929 MiB
2026/07/31 03:04:34.214, 1, P0, 33, 251.69 W, 1965 MHz, 3996 MHz, 10 %, 160929 MiB
2026/07/31 03:04:34.214, 2, P0, 36, 235.96 W, 1965 MHz, 3996 MHz, 0 %, 0 MiB
2026/07/31 03:04:34.214, 3, P0, 32, 238.51 W, 1965 MHz, 3996 MHz, 0 %, 0 MiB
2026/07/31 03:04:34.214, 4, P0, 33, 235.49 W, 1965 MHz, 3996 MHz, 0 %, 0 MiB
2026/07/31 03:04:34.215, 5, P0, 36, 244.11 W, 1965 MHz, 3996 MHz, 0 %, 0 MiB
2026/07/31 03:04:34.215, 6, P0, 33, 242.25 W, 1965 MHz, 3996 MHz, 0 %, 0 MiB
2026/07/31 03:04:34.215, 7, P0, 37, 243.25 W, 1965 MHz, 3996 MHz, 0 %, 0 MiB
2026/07/31 03:04:35.216, 0, P0, 36, 255.10 W, 1965 MHz, 3996 MHz, 38 %, 160929 MiB
2026/07/31 03:04:35.216, 1, P0, 33, 251.91 W, 1965 MHz, 3996 MHz, 10 %, 160929 MiB
2026/07/31 03:04:35.216, 2, P0, 36, 235.97 W, 1965 MHz, 3996 MHz, 0 %, 0 MiB
2026/07/31 03:04:35.216, 3, P0, 32, 238.51 W, 1965 MHz, 3996 MHz, 0 %, 0 MiB
2026/07/31 03:04:35.216, 4, P0, 33, 235.45 W, 1965 MHz, 3996 MHz, 0 %, 0 MiB
2026/07/31 03:04:35.216, 5, P0, 36, 244.07 W, 1965 MHz, 3996 MHz, 0 %, 0 MiB
2026/07/31 03:04:35.216, 6, P0, 33, 242.26 W, 1965 MHz, 3996 MHz, 0 %, 0 MiB
2026/07/31 03:04:35.216, 7, P0, 37, 243.19 W, 1965 MHz, 3996 MHz, 0 %, 0 MiB
2026/07/31 03:04:36.216, 0, P0, 36, 255.58 W, 1965 MHz, 3996 MHz, 32 %, 160929 MiB
2026/07/31 03:04:36.216, 1, P0, 33, 252.06 W, 1965 MHz, 3996 MHz, 10 %, 160929 MiB
2026/07/31 03:04:36.216, 2, P0, 36, 235.97 W, 1965 MHz, 3996 MHz, 0 %, 0 MiB
2026/07/31 03:04:36.216, 3, P0, 32, 238.41 W, 1965 MHz, 3996 MHz, 0 %, 0 MiB
2026/07/31 03:04:36.216, 4, P0, 33, 235.48 W, 1965 MHz, 3996 MHz, 0 %, 0 MiB
2026/07/31 03:04:36.216, 5, P0, 36, 244.08 W, 1965 MHz, 3996 MHz, 0 %, 0 MiB
2026/07/31 03:04:36.216, 6, P0, 33, 242.35 W, 1965 MHz, 3996 MHz, 0 %, 0 MiB
2026/07/31 03:04:36.216, 7, P0, 37, 243.28 W, 1965 MHz, 3996 MHz, 0 %, 0 MiB
2026/07/31 03:04:37.216, 0, P0, 36, 255.56 W, 1965 MHz, 3996 MHz, 21 %, 160929 MiB
2026/07/31 03:04:37.216, 1, P0, 33, 252.44 W, 1965 MHz, 3996 MHz, 37 %, 160929 MiB
2026/07/31 03:04:37.216, 2, P0, 36, 236.01 W, 1965 MHz, 3996 MHz, 0 %, 0 MiB
2026/07/31 03:04:37.216, 3, P0, 32, 238.53 W, 1965 MHz, 3996 MHz, 0 %, 0 MiB
2026/07/31 03:04:37.216, 4, P0, 33, 235.55 W, 1965 MHz, 3996 MHz, 0 %, 0 MiB
2026/07/31 03:04:37.216, 5, P0, 36, 244.14 W, 1965 MHz, 3996 MHz, 0 %, 0 MiB
2026/07/31 03:04:37.216, 6, P0, 33, 242.30 W, 1965 MHz, 3996 MHz, 0 %, 0 MiB
2026/07/31 03:04:37.216, 7, P0, 37, 243.24 W, 1965 MHz, 3996 MHz, 0 %, 0 MiB
2026/07/31 03:04:38.216, 0, P0, 36, 255.67 W, 1965 MHz, 3996 MHz, 22 %, 160929 MiB
2026/07/31 03:04:38.216, 1, P0, 33, 252.92 W, 1965 MHz, 3996 MHz, 10 %, 160929 MiB
2026/07/31 03:04:38.216, 2, P0, 36, 235.99 W, 1965 MHz, 3996 MHz, 0 %, 0 MiB
2026/07/31 03:04:38.216, 3, P0, 32, 238.53 W, 1965 MHz, 3996 MHz, 0 %, 0 MiB
2026/07/31 03:04:38.216, 4, P0, 33, 235.54 W, 1965 MHz, 3996 MHz, 0 %, 0 MiB
2026/07/31 03:04:38.216, 5, P0, 36, 244.12 W, 1965 MHz, 3996 MHz, 0 %, 0 MiB
2026/07/31 03:04:38.217, 6, P0, 33, 242.25 W, 1965 MHz, 3996 MHz, 0 %, 0 MiB
2026/07/31 03:04:38.217, 7, P0, 37, 243.18 W, 1965 MHz, 3996 MHz, 0 %, 0 MiB
2026/07/31 03:04:39.217, 0, P0, 36, 255.75 W, 1965 MHz, 3996 MHz, 40 %, 160929 MiB
2026/07/31 03:04:39.217, 1, P0, 33, 251.82 W, 1965 MHz, 3996 MHz, 10 %, 160929 MiB
2026/07/31 03:04:39.217, 2, P0, 36, 236.01 W, 1965 MHz, 3996 MHz, 0 %, 0 MiB
2026/07/31 03:04:39.217, 3, P0, 32, 238.50 W, 1965 MHz, 3996 MHz, 0 %, 0 MiB
2026/07/31 03:04:39.217, 4, P0, 33, 235.53 W, 1965 MHz, 3996 MHz, 0 %, 0 MiB
2026/07/31 03:04:39.217, 5, P0, 36, 244.07 W, 1965 MHz, 3996 MHz, 0 %, 0 MiB
2026/07/31 03:04:39.217, 6, P0, 33, 242.28 W, 1965 MHz, 3996 MHz, 0 %, 0 MiB
2026/07/31 03:04:39.217, 7, P0, 37, 243.17 W, 1965 MHz, 3996 MHz, 0 %, 0 MiB
2026/07/31 03:04:40.217, 0, P0, 36, 255.95 W, 1965 MHz, 3996 MHz, 25 %, 160929 MiB
2026/07/31 03:04:40.217, 1, P0, 33, 251.66 W, 1965 MHz, 3996 MHz, 10 %, 160929 MiB
2026/07/31 03:04:40.217, 2, P0, 36, 235.95 W, 1965 MHz, 3996 MHz, 0 %, 0 MiB
2026/07/31 03:04:40.217, 3, P0, 32, 238.54 W, 1965 MHz, 3996 MHz, 0 %, 0 MiB
2026/07/31 03:04:40.217, 4, P0, 33, 235.55 W, 1965 MHz, 3996 MHz, 0 %, 0 MiB
2026/07/31 03:04:40.217, 5, P0, 36, 243.96 W, 1965 MHz, 3996 MHz, 0 %, 0 MiB
2026/07/31 03:04:40.217, 6, P0, 33, 242.29 W, 1965 MHz, 3996 MHz, 0 %, 0 MiB
2026/07/31 03:04:40.217, 7, P0, 37, 243.19 W, 1965 MHz, 3996 MHz, 0 %, 0 MiB
2026/07/31 03:04:41.217, 0, P0, 36, 274.93 W, 1965 MHz, 3996 MHz, 23 %, 160929 MiB
2026/07/31 03:04:41.217, 1, P0, 34, 270.56 W, 1965 MHz, 3996 MHz, 11 %, 160929 MiB
2026/07/31 03:04:41.217, 2, P0, 36, 236.00 W, 1965 MHz, 3996 MHz, 0 %, 0 MiB
2026/07/31 03:04:41.217, 3, P0, 32, 238.39 W, 1965 MHz, 3996 MHz, 0 %, 0 MiB
2026/07/31 03:04:41.217, 4, P0, 33, 235.62 W, 1965 MHz, 3996 MHz, 0 %, 0 MiB
2026/07/31 03:04:41.217, 5, P0, 36, 244.10 W, 1965 MHz, 3996 MHz, 0 %, 0 MiB
2026/07/31 03:04:41.217, 6, P0, 33, 242.25 W, 1965 MHz, 3996 MHz, 0 %, 0 MiB
2026/07/31 03:04:41.217, 7, P0, 37, 243.16 W, 1965 MHz, 3996 MHz, 0 %, 0 MiB
2026/07/31 03:04:42.217, 0, P0, 36, 276.18 W, 1965 MHz, 3996 MHz, 60 %, 160929 MiB
2026/07/31 03:04:42.217, 1, P0, 33, 252.80 W, 1965 MHz, 3996 MHz, 11 %, 160929 MiB
2026/07/31 03:04:42.218, 2, P0, 36, 236.01 W, 1965 MHz, 3996 MHz, 0 %, 0 MiB
2026/07/31 03:04:42.218, 3, P0, 32, 238.50 W, 1965 MHz, 3996 MHz, 0 %, 0 MiB
2026/07/31 03:04:42.218, 4, P0, 33, 235.60 W, 1965 MHz, 3996 MHz, 0 %, 0 MiB
2026/07/31 03:04:42.218, 5, P0, 36, 244.04 W, 1965 MHz, 3996 MHz, 0 %, 0 MiB
2026/07/31 03:04:42.218, 6, P0, 33, 242.32 W, 1965 MHz, 3996 MHz, 0 %, 0 MiB
2026/07/31 03:04:42.218, 7, P0, 37, 243.22 W, 1965 MHz, 3996 MHz, 0 %, 0 MiB
2026/07/31 03:04:43.218, 0, P0, 36, 266.98 W, 1965 MHz, 3996 MHz, 51 %, 160929 MiB
2026/07/31 03:04:43.218, 1, P0, 33, 272.47 W, 1965 MHz, 3996 MHz, 10 %, 160929 MiB
2026/07/31 03:04:43.218, 2, P0, 36, 235.99 W, 1965 MHz, 3996 MHz, 0 %, 0 MiB
2026/07/31 03:04:43.218, 3, P0, 32, 238.51 W, 1965 MHz, 3996 MHz, 0 %, 0 MiB
2026/07/31 03:04:43.218, 4, P0, 33, 235.61 W, 1965 MHz, 3996 MHz, 0 %, 0 MiB
2026/07/31 03:04:43.218, 5, P0, 36, 244.05 W, 1965 MHz, 3996 MHz, 0 %, 0 MiB
2026/07/31 03:04:43.218, 6, P0, 33, 242.29 W, 1965 MHz, 3996 MHz, 0 %, 0 MiB
2026/07/31 03:04:43.218, 7, P0, 37, 243.16 W, 1965 MHz, 3996 MHz, 0 %, 0 MiB
2026/07/31 03:04:44.218, 0, P0, 36, 274.97 W, 1965 MHz, 3996 MHz, 41 %, 160929 MiB
2026/07/31 03:04:44.218, 1, P0, 34, 270.33 W, 1965 MHz, 3996 MHz, 11 %, 160929 MiB
2026/07/31 03:04:44.218, 2, P0, 36, 235.95 W, 1965 MHz, 3996 MHz, 0 %, 0 MiB
2026/07/31 03:04:44.218, 3, P0, 32, 238.45 W, 1965 MHz, 3996 MHz, 0 %, 0 MiB
2026/07/31 03:04:44.218, 4, P0, 33, 235.59 W, 1965 MHz, 3996 MHz, 0 %, 0 MiB
2026/07/31 03:04:44.218, 5, P0, 36, 244.04 W, 1965 MHz, 3996 MHz, 0 %, 0 MiB
2026/07/31 03:04:44.218, 6, P0, 33, 242.34 W, 1965 MHz, 3996 MHz, 0 %, 0 MiB
2026/07/31 03:04:44.218, 7, P0, 37, 243.13 W, 1965 MHz, 3996 MHz, 0 %, 0 MiB
2026/07/31 03:04:45.218, 0, P0, 36, 257.31 W, 1965 MHz, 3996 MHz, 40 %, 160929 MiB
2026/07/31 03:04:45.218, 1, P0, 33, 253.19 W, 1965 MHz, 3996 MHz, 11 %, 160929 MiB
2026/07/31 03:04:45.218, 2, P0, 36, 236.02 W, 1965 MHz, 3996 MHz, 0 %, 0 MiB
2026/07/31 03:04:45.218, 3, P0, 32, 238.54 W, 1965 MHz, 3996 MHz, 0 %, 0 MiB
2026/07/31 03:04:45.218, 4, P0, 33, 235.57 W, 1965 MHz, 3996 MHz, 0 %, 0 MiB
2026/07/31 03:04:45.218, 5, P0, 36, 244.04 W, 1965 MHz, 3996 MHz, 0 %, 0 MiB
2026/07/31 03:04:45.218, 6, P0, 33, 242.32 W, 1965 MHz, 3996 MHz, 0 %, 0 MiB
2026/07/31 03:04:45.219, 7, P0, 37, 243.18 W, 1965 MHz, 3996 MHz, 0 %, 0 MiB
2026/07/31 03:04:46.219, 0, P0, 36, 275.90 W, 1965 MHz, 3996 MHz, 14 %, 160929 MiB
2026/07/31 03:04:46.219, 1, P0, 34, 270.78 W, 1965 MHz, 3996 MHz, 10 %, 160929 MiB
2026/07/31 03:04:46.219, 2, P0, 36, 236.03 W, 1965 MHz, 3996 MHz, 0 %, 0 MiB
2026/07/31 03:04:46.219, 3, P0, 32, 238.48 W, 1965 MHz, 3996 MHz, 0 %, 0 MiB
2026/07/31 03:04:46.219, 4, P0, 33, 235.59 W, 1965 MHz, 3996 MHz, 0 %, 0 MiB
2026/07/31 03:04:46.219, 5, P0, 36, 244.06 W, 1965 MHz, 3996 MHz, 0 %, 0 MiB
2026/07/31 03:04:46.219, 6, P0, 33, 242.32 W, 1965 MHz, 3996 MHz, 0 %, 0 MiB
2026/07/31 03:04:46.219, 7, P0, 37, 243.17 W, 1965 MHz, 3996 MHz, 0 %, 0 MiB
2026/07/31 03:04:47.219, 0, P0, 36, 256.34 W, 1965 MHz, 3996 MHz, 14 %, 160929 MiB
2026/07/31 03:04:47.219, 1, P0, 33, 253.26 W, 1965 MHz, 3996 MHz, 18 %, 160929 MiB
2026/07/31 03:04:47.219, 2, P0, 36, 235.95 W, 1965 MHz, 3996 MHz, 0 %, 0 MiB
2026/07/31 03:04:47.219, 3, P0, 32, 238.49 W, 1965 MHz, 3996 MHz, 0 %, 0 MiB
2026/07/31 03:04:47.219, 4, P0, 33, 235.60 W, 1965 MHz, 3996 MHz, 0 %, 0 MiB
2026/07/31 03:04:47.219, 5, P0, 36, 244.05 W, 1965 MHz, 3996 MHz, 0 %, 0 MiB
2026/07/31 03:04:47.219, 6, P0, 33, 242.30 W, 1965 MHz, 3996 MHz, 0 %, 0 MiB
2026/07/31 03:04:47.219, 7, P0, 37, 243.23 W, 1965 MHz, 3996 MHz, 0 %, 0 MiB
2026/07/31 03:04:48.219, 0, P0, 36, 256.29 W, 1965 MHz, 3996 MHz, 36 %, 160929 MiB
2026/07/31 03:04:48.219, 1, P0, 33, 253.49 W, 1965 MHz, 3996 MHz, 22 %, 160929 MiB
2026/07/31 03:04:48.219, 2, P0, 36, 236.01 W, 1965 MHz, 3996 MHz, 0 %, 0 MiB
2026/07/31 03:04:48.219, 3, P0, 32, 238.51 W, 1965 MHz, 3996 MHz, 0 %, 0 MiB
2026/07/31 03:04:48.219, 4, P0, 33, 235.51 W, 1965 MHz, 3996 MHz, 0 %, 0 MiB
2026/07/31 03:04:48.219, 5, P0, 36, 244.11 W, 1965 MHz, 3996 MHz, 0 %, 0 MiB
2026/07/31 03:04:48.219, 6, P0, 33, 242.29 W, 1965 MHz, 3996 MHz, 0 %, 0 MiB
2026/07/31 03:04:48.219, 7, P0, 37, 243.18 W, 1965 MHz, 3996 MHz, 0 %, 0 MiB
2026/07/31 03:04:49.219, 0, P0, 36, 255.30 W, 1965 MHz, 3996 MHz, 34 %, 160929 MiB
2026/07/31 03:04:49.220, 1, P0, 33, 253.03 W, 1965 MHz, 3996 MHz, 24 %, 160929 MiB
2026/07/31 03:04:49.220, 2, P0, 36, 235.97 W, 1965 MHz, 3996 MHz, 0 %, 0 MiB
2026/07/31 03:04:49.220, 3, P0, 32, 238.52 W, 1965 MHz, 3996 MHz, 0 %, 0 MiB
2026/07/31 03:04:49.220, 4, P0, 33, 235.56 W, 1965 MHz, 3996 MHz, 0 %, 0 MiB
2026/07/31 03:04:49.220, 5, P0, 36, 244.11 W, 1965 MHz, 3996 MHz, 0 %, 0 MiB
2026/07/31 03:04:49.220, 6, P0, 33, 242.32 W, 1965 MHz, 3996 MHz, 0 %, 0 MiB
2026/07/31 03:04:49.220, 7, P0, 37, 243.10 W, 1965 MHz, 3996 MHz, 0 %, 0 MiB
2026/07/31 03:04:50.220, 0, P0, 36, 257.46 W, 1965 MHz, 3996 MHz, 41 %, 160929 MiB
2026/07/31 03:04:50.220, 1, P0, 33, 253.28 W, 1965 MHz, 3996 MHz, 10 %, 160929 MiB
2026/07/31 03:04:50.220, 2, P0, 36, 235.97 W, 1965 MHz, 3996 MHz, 0 %, 0 MiB
2026/07/31 03:04:50.220, 3, P0, 32, 238.53 W, 1965 MHz, 3996 MHz, 0 %, 0 MiB
2026/07/31 03:04:50.220, 4, P0, 33, 235.49 W, 1965 MHz, 3996 MHz, 0 %, 0 MiB
2026/07/31 03:04:50.220, 5, P0, 36, 244.07 W, 1965 MHz, 3996 MHz, 0 %, 0 MiB
2026/07/31 03:04:50.220, 6, P0, 33, 242.25 W, 1965 MHz, 3996 MHz, 0 %, 0 MiB
2026/07/31 03:04:50.220, 7, P0, 37, 243.22 W, 1965 MHz, 3996 MHz, 0 %, 0 MiB
2026/07/31 03:04:51.220, 0, P0, 36, 257.68 W, 1965 MHz, 3996 MHz, 38 %, 160929 MiB
2026/07/31 03:04:51.220, 1, P0, 33, 252.81 W, 1965 MHz, 3996 MHz, 10 %, 160929 MiB
2026/07/31 03:04:51.220, 2, P0, 36, 236.02 W, 1965 MHz, 3996 MHz, 0 %, 0 MiB
2026/07/31 03:04:51.220, 3, P0, 32, 238.52 W, 1965 MHz, 3996 MHz, 0 %, 0 MiB
2026/07/31 03:04:51.220, 4, P0, 33, 235.48 W, 1965 MHz, 3996 MHz, 0 %, 0 MiB
2026/07/31 03:04:51.220, 5, P0, 36, 244.04 W, 1965 MHz, 3996 MHz, 0 %, 0 MiB
2026/07/31 03:04:51.220, 6, P0, 33, 242.28 W, 1965 MHz, 3996 MHz, 0 %, 0 MiB
2026/07/31 03:04:51.220, 7, P0, 37, 243.12 W, 1965 MHz, 3996 MHz, 0 %, 0 MiB
2026/07/31 03:04:52.220, 0, P0, 36, 278.91 W, 1965 MHz, 3996 MHz, 41 %, 160929 MiB
2026/07/31 03:04:52.220, 1, P0, 34, 271.67 W, 1965 MHz, 3996 MHz, 11 %, 160929 MiB
2026/07/31 03:04:52.220, 2, P0, 36, 236.04 W, 1965 MHz, 3996 MHz, 0 %, 0 MiB
2026/07/31 03:04:52.220, 3, P0, 32, 238.43 W, 1965 MHz, 3996 MHz, 0 %, 0 MiB
2026/07/31 03:04:52.220, 4, P0, 33, 235.49 W, 1965 MHz, 3996 MHz, 0 %, 0 MiB
2026/07/31 03:04:52.220, 5, P0, 36, 244.04 W, 1965 MHz, 3996 MHz, 0 %, 0 MiB
2026/07/31 03:04:52.220, 6, P0, 33, 242.31 W, 1965 MHz, 3996 MHz, 0 %, 0 MiB
2026/07/31 03:04:52.221, 7, P0, 37, 243.13 W, 1965 MHz, 3996 MHz, 0 %, 0 MiB
2026/07/31 03:04:53.221, 0, P0, 38, 258.54 W, 1965 MHz, 3996 MHz, 39 %, 160929 MiB
2026/07/31 03:04:53.221, 1, P0, 33, 253.16 W, 1965 MHz, 3996 MHz, 11 %, 160929 MiB
2026/07/31 03:04:53.221, 2, P0, 36, 235.98 W, 1965 MHz, 3996 MHz, 0 %, 0 MiB
2026/07/31 03:04:53.221, 3, P0, 32, 238.50 W, 1965 MHz, 3996 MHz, 0 %, 0 MiB
2026/07/31 03:04:53.221, 4, P0, 33, 235.38 W, 1965 MHz, 3996 MHz, 0 %, 0 MiB
2026/07/31 03:04:53.221, 5, P0, 36, 244.02 W, 1965 MHz, 3996 MHz, 0 %, 0 MiB
2026/07/31 03:04:53.221, 6, P0, 33, 242.26 W, 1965 MHz, 3996 MHz, 0 %, 0 MiB
2026/07/31 03:04:53.221, 7, P0, 37, 243.07 W, 1965 MHz, 3996 MHz, 0 %, 0 MiB
2026/07/31 03:04:54.221, 0, P0, 36, 274.73 W, 1965 MHz, 3996 MHz, 42 %, 160929 MiB
2026/07/31 03:04:54.221, 1, P0, 33, 272.89 W, 1965 MHz, 3996 MHz, 10 %, 160929 MiB
2026/07/31 03:04:54.221, 2, P0, 36, 236.01 W, 1965 MHz, 3996 MHz, 0 %, 0 MiB
2026/07/31 03:04:54.221, 3, P0, 32, 238.43 W, 1965 MHz, 3996 MHz, 0 %, 0 MiB
2026/07/31 03:04:54.221, 4, P0, 33, 235.50 W, 1965 MHz, 3996 MHz, 0 %, 0 MiB
2026/07/31 03:04:54.221, 5, P0, 36, 244.03 W, 1965 MHz, 3996 MHz, 0 %, 0 MiB
2026/07/31 03:04:54.221, 6, P0, 33, 242.22 W, 1965 MHz, 3996 MHz, 0 %, 0 MiB
2026/07/31 03:04:54.221, 7, P0, 37, 243.06 W, 1965 MHz, 3996 MHz, 0 %, 0 MiB
2026/07/31 03:04:55.221, 0, P0, 36, 256.54 W, 1965 MHz, 3996 MHz, 37 %, 160929 MiB
2026/07/31 03:04:55.221, 1, P0, 33, 253.10 W, 1965 MHz, 3996 MHz, 10 %, 160929 MiB
2026/07/31 03:04:55.221, 2, P0, 36, 236.02 W, 1965 MHz, 3996 MHz, 0 %, 0 MiB
2026/07/31 03:04:55.221, 3, P0, 32, 238.52 W, 1965 MHz, 3996 MHz, 0 %, 0 MiB
2026/07/31 03:04:55.221, 4, P0, 33, 235.50 W, 1965 MHz, 3996 MHz, 0 %, 0 MiB
2026/07/31 03:04:55.221, 5, P0, 36, 244.01 W, 1965 MHz, 3996 MHz, 0 %, 0 MiB
2026/07/31 03:04:55.221, 6, P0, 33, 242.31 W, 1965 MHz, 3996 MHz, 0 %, 0 MiB
2026/07/31 03:04:55.221, 7, P0, 37, 243.07 W, 1965 MHz, 3996 MHz, 0 %, 0 MiB
2026/07/31 03:04:56.221, 0, P0, 36, 257.90 W, 1965 MHz, 3996 MHz, 31 %, 160929 MiB
2026/07/31 03:04:56.222, 1, P0, 33, 254.11 W, 1965 MHz, 3996 MHz, 10 %, 160929 MiB
2026/07/31 03:04:56.222, 2, P0, 36, 235.99 W, 1965 MHz, 3996 MHz, 0 %, 0 MiB
2026/07/31 03:04:56.222, 3, P0, 32, 238.51 W, 1965 MHz, 3996 MHz, 0 %, 0 MiB
2026/07/31 03:04:56.222, 4, P0, 33, 235.42 W, 1965 MHz, 3996 MHz, 0 %, 0 MiB
2026/07/31 03:04:56.222, 5, P0, 36, 244.01 W, 1965 MHz, 3996 MHz, 0 %, 0 MiB
2026/07/31 03:04:56.222, 6, P0, 33, 242.26 W, 1965 MHz, 3996 MHz, 0 %, 0 MiB
2026/07/31 03:04:56.222, 7, P0, 37, 243.17 W, 1965 MHz, 3996 MHz, 0 %, 0 MiB
2026/07/31 03:04:57.222, 0, P0, 36, 256.96 W, 1965 MHz, 3996 MHz, 32 %, 160929 MiB
2026/07/31 03:04:57.222, 1, P0, 33, 253.48 W, 1965 MHz, 3996 MHz, 11 %, 160929 MiB
2026/07/31 03:04:57.222, 2, P0, 36, 235.96 W, 1965 MHz, 3996 MHz, 0 %, 0 MiB
2026/07/31 03:04:57.222, 3, P0, 32, 238.54 W, 1965 MHz, 3996 MHz, 0 %, 0 MiB
2026/07/31 03:04:57.222, 4, P0, 33, 235.54 W, 1965 MHz, 3996 MHz, 0 %, 0 MiB
2026/07/31 03:04:57.222, 5, P0, 36, 244.01 W, 1965 MHz, 3996 MHz, 0 %, 0 MiB
2026/07/31 03:04:57.222, 6, P0, 33, 242.28 W, 1965 MHz, 3996 MHz, 0 %, 0 MiB
2026/07/31 03:04:57.222, 7, P0, 37, 243.12 W, 1965 MHz, 3996 MHz, 0 %, 0 MiB
2026/07/31 03:04:58.222, 0, P0, 36, 257.90 W, 1965 MHz, 3996 MHz, 26 %, 160929 MiB
2026/07/31 03:04:58.222, 1, P0, 33, 253.40 W, 1965 MHz, 3996 MHz, 11 %, 160929 MiB
2026/07/31 03:04:58.222, 2, P0, 36, 235.98 W, 1965 MHz, 3996 MHz, 0 %, 0 MiB
2026/07/31 03:04:58.222, 3, P0, 32, 238.59 W, 1965 MHz, 3996 MHz, 0 %, 0 MiB
2026/07/31 03:04:58.222, 4, P0, 33, 235.48 W, 1965 MHz, 3996 MHz, 0 %, 0 MiB
2026/07/31 03:04:58.222, 5, P0, 36, 244.02 W, 1965 MHz, 3996 MHz, 0 %, 0 MiB
2026/07/31 03:04:58.222, 6, P0, 33, 242.29 W, 1965 MHz, 3996 MHz, 0 %, 0 MiB
2026/07/31 03:04:58.222, 7, P0, 37, 243.18 W, 1965 MHz, 3996 MHz, 0 %, 0 MiB
2026/07/31 03:04:59.222, 0, P0, 36, 257.58 W, 1965 MHz, 3996 MHz, 33 %, 160929 MiB
2026/07/31 03:04:59.222, 1, P0, 33, 253.47 W, 1965 MHz, 3996 MHz, 11 %, 160929 MiB
2026/07/31 03:04:59.222, 2, P0, 36, 236.01 W, 1965 MHz, 3996 MHz, 0 %, 0 MiB
2026/07/31 03:04:59.222, 3, P0, 32, 238.62 W, 1965 MHz, 3996 MHz, 0 %, 0 MiB
2026/07/31 03:04:59.222, 4, P0, 33, 235.50 W, 1965 MHz, 3996 MHz, 0 %, 0 MiB
2026/07/31 03:04:59.222, 5, P0, 36, 244.04 W, 1965 MHz, 3996 MHz, 0 %, 0 MiB
2026/07/31 03:04:59.222, 6, P0, 33, 242.27 W, 1965 MHz, 3996 MHz, 0 %, 0 MiB
2026/07/31 03:04:59.222, 7, P0, 37, 243.11 W, 1965 MHz, 3996 MHz, 0 %, 0 MiB
2026/07/31 03:05:00.223, 0, P0, 36, 257.38 W, 1965 MHz, 3996 MHz, 37 %, 160929 MiB
2026/07/31 03:05:00.223, 1, P0, 33, 254.05 W, 1965 MHz, 3996 MHz, 21 %, 160929 MiB
2026/07/31 03:05:00.223, 2, P0, 36, 236.01 W, 1965 MHz, 3996 MHz, 0 %, 0 MiB
2026/07/31 03:05:00.223, 3, P0, 32, 238.60 W, 1965 MHz, 3996 MHz, 0 %, 0 MiB
2026/07/31 03:05:00.223, 4, P0, 33, 235.45 W, 1965 MHz, 3996 MHz, 0 %, 0 MiB
2026/07/31 03:05:00.223, 5, P0, 36, 244.09 W, 1965 MHz, 3996 MHz, 0 %, 0 MiB
2026/07/31 03:05:00.223, 6, P0, 33, 242.24 W, 1965 MHz, 3996 MHz, 0 %, 0 MiB
2026/07/31 03:05:00.223, 7, P0, 37, 243.08 W, 1965 MHz, 3996 MHz, 0 %, 0 MiB
2026/07/31 03:05:01.223, 0, P0, 36, 257.26 W, 1965 MHz, 3996 MHz, 15 %, 160929 MiB
2026/07/31 03:05:01.223, 1, P0, 33, 254.07 W, 1965 MHz, 3996 MHz, 10 %, 160929 MiB
2026/07/31 03:05:01.223, 2, P0, 36, 235.97 W, 1965 MHz, 3996 MHz, 0 %, 0 MiB
2026/07/31 03:05:01.223, 3, P0, 32, 238.56 W, 1965 MHz, 3996 MHz, 0 %, 0 MiB
2026/07/31 03:05:01.223, 4, P0, 33, 235.48 W, 1965 MHz, 3996 MHz, 0 %, 0 MiB
2026/07/31 03:05:01.223, 5, P0, 36, 244.03 W, 1965 MHz, 3996 MHz, 0 %, 0 MiB
2026/07/31 03:05:01.223, 6, P0, 33, 242.36 W, 1965 MHz, 3996 MHz, 0 %, 0 MiB
2026/07/31 03:05:01.223, 7, P0, 37, 243.19 W, 1965 MHz, 3996 MHz, 0 %, 0 MiB
2026/07/31 03:05:02.223, 0, P0, 36, 256.84 W, 1965 MHz, 3996 MHz, 37 %, 160929 MiB
2026/07/31 03:05:02.223, 1, P0, 33, 253.10 W, 1965 MHz, 3996 MHz, 10 %, 160929 MiB
2026/07/31 03:05:02.223, 2, P0, 36, 236.00 W, 1965 MHz, 3996 MHz, 0 %, 0 MiB
2026/07/31 03:05:02.223, 3, P0, 32, 238.49 W, 1965 MHz, 3996 MHz, 0 %, 0 MiB
2026/07/31 03:05:02.223, 4, P0, 33, 235.51 W, 1965 MHz, 3996 MHz, 0 %, 0 MiB
2026/07/31 03:05:02.223, 5, P0, 36, 244.06 W, 1965 MHz, 3996 MHz, 0 %, 0 MiB
2026/07/31 03:05:02.223, 6, P0, 33, 242.17 W, 1965 MHz, 3996 MHz, 0 %, 0 MiB
2026/07/31 03:05:02.223, 7, P0, 37, 243.18 W, 1965 MHz, 3996 MHz, 0 %, 0 MiB
2026/07/31 03:05:03.223, 0, P0, 36, 257.02 W, 1965 MHz, 3996 MHz, 27 %, 160929 MiB
2026/07/31 03:05:03.223, 1, P0, 33, 253.65 W, 1965 MHz, 3996 MHz, 10 %, 160929 MiB
2026/07/31 03:05:03.223, 2, P0, 36, 235.99 W, 1965 MHz, 3996 MHz, 0 %, 0 MiB
2026/07/31 03:05:03.223, 3, P0, 32, 238.55 W, 1965 MHz, 3996 MHz, 0 %, 0 MiB
2026/07/31 03:05:03.223, 4, P0, 33, 235.53 W, 1965 MHz, 3996 MHz, 0 %, 0 MiB
2026/07/31 03:05:03.223, 5, P0, 36, 244.03 W, 1965 MHz, 3996 MHz, 0 %, 0 MiB
2026/07/31 03:05:03.223, 6, P0, 33, 242.26 W, 1965 MHz, 3996 MHz, 0 %, 0 MiB
2026/07/31 03:05:03.224, 7, P0, 37, 243.09 W, 1965 MHz, 3996 MHz, 0 %, 0 MiB
2026/07/31 03:05:04.224, 0, P0, 36, 257.61 W, 1965 MHz, 3996 MHz, 48 %, 160929 MiB
2026/07/31 03:05:04.224, 1, P0, 33, 253.68 W, 1965 MHz, 3996 MHz, 10 %, 160929 MiB
2026/07/31 03:05:04.224, 2, P0, 36, 235.99 W, 1965 MHz, 3996 MHz, 0 %, 0 MiB
2026/07/31 03:05:04.224, 3, P0, 32, 238.52 W, 1965 MHz, 3996 MHz, 0 %, 0 MiB
2026/07/31 03:05:04.224, 4, P0, 33, 235.51 W, 1965 MHz, 3996 MHz, 0 %, 0 MiB
2026/07/31 03:05:04.224, 5, P0, 36, 244.11 W, 1965 MHz, 3996 MHz, 0 %, 0 MiB
2026/07/31 03:05:04.224, 6, P0, 33, 242.21 W, 1965 MHz, 3996 MHz, 0 %, 0 MiB
2026/07/31 03:05:04.224, 7, P0, 37, 243.21 W, 1965 MHz, 3996 MHz, 0 %, 0 MiB
2026/07/31 03:05:05.224, 0, P0, 36, 257.52 W, 1965 MHz, 3996 MHz, 26 %, 160929 MiB
2026/07/31 03:05:05.224, 1, P0, 33, 253.98 W, 1965 MHz, 3996 MHz, 10 %, 160929 MiB
2026/07/31 03:05:05.224, 2, P0, 36, 235.98 W, 1965 MHz, 3996 MHz, 0 %, 0 MiB
2026/07/31 03:05:05.224, 3, P0, 32, 238.53 W, 1965 MHz, 3996 MHz, 0 %, 0 MiB
2026/07/31 03:05:05.224, 4, P0, 33, 235.53 W, 1965 MHz, 3996 MHz, 0 %, 0 MiB
2026/07/31 03:05:05.224, 5, P0, 36, 244.02 W, 1965 MHz, 3996 MHz, 0 %, 0 MiB
2026/07/31 03:05:05.224, 6, P0, 33, 242.27 W, 1965 MHz, 3996 MHz, 0 %, 0 MiB
2026/07/31 03:05:05.224, 7, P0, 37, 243.12 W, 1965 MHz, 3996 MHz, 0 %, 0 MiB
2026/07/31 03:05:06.224, 0, P0, 36, 256.89 W, 1965 MHz, 3996 MHz, 44 %, 160929 MiB
2026/07/31 03:05:06.224, 1, P0, 33, 254.01 W, 1965 MHz, 3996 MHz, 11 %, 160929 MiB
2026/07/31 03:05:06.224, 2, P0, 36, 235.99 W, 1965 MHz, 3996 MHz, 0 %, 0 MiB
2026/07/31 03:05:06.224, 3, P0, 32, 238.51 W, 1965 MHz, 3996 MHz, 0 %, 0 MiB
2026/07/31 03:05:06.224, 4, P0, 33, 235.50 W, 1965 MHz, 3996 MHz, 0 %, 0 MiB
2026/07/31 03:05:06.224, 5, P0, 36, 244.02 W, 1965 MHz, 3996 MHz, 0 %, 0 MiB
2026/07/31 03:05:06.224, 6, P0, 33, 242.19 W, 1965 MHz, 3996 MHz, 0 %, 0 MiB
2026/07/31 03:05:06.224, 7, P0, 37, 243.12 W, 1965 MHz, 3996 MHz, 0 %, 0 MiB
2026/07/31 03:05:07.224, 0, P0, 36, 257.05 W, 1965 MHz, 3996 MHz, 40 %, 160929 MiB
2026/07/31 03:05:07.225, 1, P0, 33, 253.84 W, 1965 MHz, 3996 MHz, 12 %, 160929 MiB
2026/07/31 03:05:07.225, 2, P0, 36, 235.99 W, 1965 MHz, 3996 MHz, 0 %, 0 MiB
2026/07/31 03:05:07.225, 3, P0, 32, 238.54 W, 1965 MHz, 3996 MHz, 0 %, 0 MiB
2026/07/31 03:05:07.225, 4, P0, 33, 235.50 W, 1965 MHz, 3996 MHz, 0 %, 0 MiB
2026/07/31 03:05:07.225, 5, P0, 36, 244.16 W, 1965 MHz, 3996 MHz, 0 %, 0 MiB
2026/07/31 03:05:07.225, 6, P0, 33, 242.19 W, 1965 MHz, 3996 MHz, 0 %, 0 MiB
2026/07/31 03:05:07.225, 7, P0, 37, 243.12 W, 1965 MHz, 3996 MHz, 0 %, 0 MiB
2026/07/31 03:05:08.225, 0, P0, 36, 257.60 W, 1965 MHz, 3996 MHz, 29 %, 160929 MiB
2026/07/31 03:05:08.225, 1, P0, 33, 252.76 W, 1965 MHz, 3996 MHz, 11 %, 160929 MiB
2026/07/31 03:05:08.225, 2, P0, 36, 236.02 W, 1965 MHz, 3996 MHz, 0 %, 0 MiB
2026/07/31 03:05:08.225, 3, P0, 32, 238.63 W, 1965 MHz, 3996 MHz, 0 %, 0 MiB
2026/07/31 03:05:08.225, 4, P0, 33, 235.49 W, 1965 MHz, 3996 MHz, 0 %, 0 MiB
2026/07/31 03:05:08.225, 5, P0, 36, 244.03 W, 1965 MHz, 3996 MHz, 0 %, 0 MiB
2026/07/31 03:05:08.225, 6, P0, 33, 242.30 W, 1965 MHz, 3996 MHz, 0 %, 0 MiB
2026/07/31 03:05:08.225, 7, P0, 37, 243.12 W, 1965 MHz, 3996 MHz, 0 %, 0 MiB
2026/07/31 03:05:09.225, 0, P0, 36, 256.55 W, 1965 MHz, 3996 MHz, 25 %, 160929 MiB
2026/07/31 03:05:09.225, 1, P0, 33, 253.96 W, 1965 MHz, 3996 MHz, 11 %, 160929 MiB
2026/07/31 03:05:09.225, 2, P0, 36, 235.98 W, 1965 MHz, 3996 MHz, 0 %, 0 MiB
2026/07/31 03:05:09.225, 3, P0, 32, 238.59 W, 1965 MHz, 3996 MHz, 0 %, 0 MiB
2026/07/31 03:05:09.225, 4, P0, 33, 235.43 W, 1965 MHz, 3996 MHz, 0 %, 0 MiB
2026/07/31 03:05:09.225, 5, P0, 36, 244.04 W, 1965 MHz, 3996 MHz, 0 %, 0 MiB
2026/07/31 03:05:09.225, 6, P0, 33, 242.36 W, 1965 MHz, 3996 MHz, 0 %, 0 MiB
2026/07/31 03:05:09.225, 7, P0, 37, 243.20 W, 1965 MHz, 3996 MHz, 0 %, 0 MiB
2026/07/31 03:05:10.225, 0, P0, 36, 257.96 W, 1965 MHz, 3996 MHz, 61 %, 160929 MiB
2026/07/31 03:05:10.225, 1, P0, 33, 253.48 W, 1965 MHz, 3996 MHz, 10 %, 160929 MiB
2026/07/31 03:05:10.225, 2, P0, 36, 236.02 W, 1965 MHz, 3996 MHz, 0 %, 0 MiB
2026/07/31 03:05:10.225, 3, P0, 32, 238.54 W, 1965 MHz, 3996 MHz, 0 %, 0 MiB
2026/07/31 03:05:10.225, 4, P0, 33, 235.51 W, 1965 MHz, 3996 MHz, 0 %, 0 MiB
2026/07/31 03:05:10.226, 5, P0, 36, 244.04 W, 1965 MHz, 3996 MHz, 0 %, 0 MiB
2026/07/31 03:05:10.226, 6, P0, 33, 242.23 W, 1965 MHz, 3996 MHz, 0 %, 0 MiB
2026/07/31 03:05:10.226, 7, P0, 37, 243.19 W, 1965 MHz, 3996 MHz, 0 %, 0 MiB
2026/07/31 03:05:11.226, 0, P0, 36, 257.84 W, 1965 MHz, 3996 MHz, 32 %, 160929 MiB
2026/07/31 03:05:11.226, 1, P0, 33, 253.65 W, 1965 MHz, 3996 MHz, 11 %, 160929 MiB
2026/07/31 03:05:11.226, 2, P0, 36, 235.87 W, 1965 MHz, 3996 MHz, 0 %, 0 MiB
2026/07/31 03:05:11.226, 3, P0, 32, 238.50 W, 1965 MHz, 3996 MHz, 0 %, 0 MiB
2026/07/31 03:05:11.226, 4, P0, 33, 235.55 W, 1965 MHz, 3996 MHz, 0 %, 0 MiB
2026/07/31 03:05:11.226, 5, P0, 36, 244.04 W, 1965 MHz, 3996 MHz, 0 %, 0 MiB
2026/07/31 03:05:11.226, 6, P0, 33, 242.26 W, 1965 MHz, 3996 MHz, 0 %, 0 MiB
2026/07/31 03:05:11.226, 7, P0, 37, 243.17 W, 1965 MHz, 3996 MHz, 0 %, 0 MiB
2026/07/31 03:05:12.226, 0, P0, 36, 258.72 W, 1965 MHz, 3996 MHz, 67 %, 160929 MiB
2026/07/31 03:05:12.226, 1, P0, 33, 253.76 W, 1965 MHz, 3996 MHz, 10 %, 160929 MiB
2026/07/31 03:05:12.226, 2, P0, 36, 235.99 W, 1965 MHz, 3996 MHz, 0 %, 0 MiB
2026/07/31 03:05:12.226, 3, P0, 32, 238.58 W, 1965 MHz, 3996 MHz, 0 %, 0 MiB
2026/07/31 03:05:12.226, 4, P0, 33, 235.54 W, 1965 MHz, 3996 MHz, 0 %, 0 MiB
2026/07/31 03:05:12.226, 5, P0, 36, 244.07 W, 1965 MHz, 3996 MHz, 0 %, 0 MiB
2026/07/31 03:05:12.226, 6, P0, 33, 242.33 W, 1965 MHz, 3996 MHz, 0 %, 0 MiB
2026/07/31 03:05:12.226, 7, P0, 37, 243.14 W, 1965 MHz, 3996 MHz, 0 %, 0 MiB
2026/07/31 03:05:13.226, 0, P0, 36, 258.42 W, 1965 MHz, 3996 MHz, 73 %, 160929 MiB
2026/07/31 03:05:13.226, 1, P0, 33, 253.50 W, 1965 MHz, 3996 MHz, 11 %, 160929 MiB
2026/07/31 03:05:13.226, 2, P0, 36, 236.00 W, 1965 MHz, 3996 MHz, 0 %, 0 MiB
2026/07/31 03:05:13.226, 3, P0, 32, 238.47 W, 1965 MHz, 3996 MHz, 0 %, 0 MiB
2026/07/31 03:05:13.226, 4, P0, 33, 235.46 W, 1965 MHz, 3996 MHz, 0 %, 0 MiB
2026/07/31 03:05:13.226, 5, P0, 36, 244.05 W, 1965 MHz, 3996 MHz, 0 %, 0 MiB
2026/07/31 03:05:13.226, 6, P0, 33, 242.34 W, 1965 MHz, 3996 MHz, 0 %, 0 MiB
2026/07/31 03:05:13.226, 7, P0, 37, 243.16 W, 1965 MHz, 3996 MHz, 0 %, 0 MiB
2026/07/31 03:05:14.227, 0, P0, 36, 257.98 W, 1965 MHz, 3996 MHz, 75 %, 160929 MiB
2026/07/31 03:05:14.227, 1, P0, 33, 253.88 W, 1965 MHz, 3996 MHz, 11 %, 160929 MiB
2026/07/31 03:05:14.227, 2, P0, 36, 235.91 W, 1965 MHz, 3996 MHz, 0 %, 0 MiB
2026/07/31 03:05:14.227, 3, P0, 32, 238.56 W, 1965 MHz, 3996 MHz, 0 %, 0 MiB
2026/07/31 03:05:14.227, 4, P0, 33, 235.50 W, 1965 MHz, 3996 MHz, 0 %, 0 MiB
2026/07/31 03:05:14.227, 5, P0, 36, 244.07 W, 1965 MHz, 3996 MHz, 0 %, 0 MiB
2026/07/31 03:05:14.227, 6, P0, 33, 242.34 W, 1965 MHz, 3996 MHz, 0 %, 0 MiB
2026/07/31 03:05:14.227, 7, P0, 37, 243.10 W, 1965 MHz, 3996 MHz, 0 %, 0 MiB
2026/07/31 03:05:15.227, 0, P0, 36, 257.44 W, 1965 MHz, 3996 MHz, 11 %, 160929 MiB
2026/07/31 03:05:15.227, 1, P0, 33, 253.50 W, 1965 MHz, 3996 MHz, 16 %, 160929 MiB
2026/07/31 03:05:15.227, 2, P0, 36, 235.93 W, 1965 MHz, 3996 MHz, 0 %, 0 MiB
2026/07/31 03:05:15.227, 3, P0, 32, 238.68 W, 1965 MHz, 3996 MHz, 0 %, 0 MiB
2026/07/31 03:05:15.227, 4, P0, 33, 235.44 W, 1965 MHz, 3996 MHz, 0 %, 0 MiB
2026/07/31 03:05:15.227, 5, P0, 36, 244.04 W, 1965 MHz, 3996 MHz, 0 %, 0 MiB
2026/07/31 03:05:15.227, 6, P0, 33, 242.29 W, 1965 MHz, 3996 MHz, 0 %, 0 MiB
2026/07/31 03:05:15.227, 7, P0, 37, 243.19 W, 1965 MHz, 3996 MHz, 0 %, 0 MiB
2026/07/31 03:05:16.227, 0, P0, 36, 256.94 W, 1965 MHz, 3996 MHz, 11 %, 160929 MiB
2026/07/31 03:05:16.227, 1, P0, 33, 254.59 W, 1965 MHz, 3996 MHz, 33 %, 160929 MiB
2026/07/31 03:05:16.227, 2, P0, 36, 235.88 W, 1965 MHz, 3996 MHz, 0 %, 0 MiB
2026/07/31 03:05:16.227, 3, P0, 32, 238.58 W, 1965 MHz, 3996 MHz, 0 %, 0 MiB
2026/07/31 03:05:16.227, 4, P0, 33, 235.44 W, 1965 MHz, 3996 MHz, 0 %, 0 MiB
2026/07/31 03:05:16.227, 5, P0, 36, 244.00 W, 1965 MHz, 3996 MHz, 0 %, 0 MiB
2026/07/31 03:05:16.227, 6, P0, 33, 242.34 W, 1965 MHz, 3996 MHz, 0 %, 0 MiB
2026/07/31 03:05:16.227, 7, P0, 37, 243.16 W, 1965 MHz, 3996 MHz, 0 %, 0 MiB
2026/07/31 03:05:17.227, 0, P0, 36, 256.94 W, 1965 MHz, 3996 MHz, 14 %, 160929 MiB
2026/07/31 03:05:17.227, 1, P0, 33, 254.28 W, 1965 MHz, 3996 MHz, 34 %, 160929 MiB
2026/07/31 03:05:17.227, 2, P0, 36, 235.98 W, 1965 MHz, 3996 MHz, 0 %, 0 MiB
2026/07/31 03:05:17.228, 3, P0, 32, 238.54 W, 1965 MHz, 3996 MHz, 0 %, 0 MiB
2026/07/31 03:05:17.228, 4, P0, 33, 235.51 W, 1965 MHz, 3996 MHz, 0 %, 0 MiB
2026/07/31 03:05:17.228, 5, P0, 36, 244.04 W, 1965 MHz, 3996 MHz, 0 %, 0 MiB
2026/07/31 03:05:17.228, 6, P0, 33, 242.29 W, 1965 MHz, 3996 MHz, 0 %, 0 MiB
2026/07/31 03:05:17.228, 7, P0, 37, 243.14 W, 1965 MHz, 3996 MHz, 0 %, 0 MiB
2026/07/31 03:05:18.228, 0, P0, 36, 257.40 W, 1965 MHz, 3996 MHz, 13 %, 160929 MiB
2026/07/31 03:05:18.228, 1, P0, 33, 254.55 W, 1965 MHz, 3996 MHz, 35 %, 160929 MiB
2026/07/31 03:05:18.228, 2, P0, 36, 235.99 W, 1965 MHz, 3996 MHz, 0 %, 0 MiB
2026/07/31 03:05:18.228, 3, P0, 32, 238.53 W, 1965 MHz, 3996 MHz, 0 %, 0 MiB
2026/07/31 03:05:18.228, 4, P0, 33, 235.54 W, 1965 MHz, 3996 MHz, 0 %, 0 MiB
2026/07/31 03:05:18.228, 5, P0, 36, 244.02 W, 1965 MHz, 3996 MHz, 0 %, 0 MiB
2026/07/31 03:05:18.228, 6, P0, 33, 242.39 W, 1965 MHz, 3996 MHz, 0 %, 0 MiB
2026/07/31 03:05:18.228, 7, P0, 37, 243.18 W, 1965 MHz, 3996 MHz, 0 %, 0 MiB
2026/07/31 03:05:19.228, 0, P0, 37, 338.60 W, 1965 MHz, 3996 MHz, 13 %, 161787 MiB
2026/07/31 03:05:19.228, 1, P0, 34, 333.10 W, 1965 MHz, 3996 MHz, 41 %, 161787 MiB
2026/07/31 03:05:19.228, 2, P0, 36, 235.96 W, 1965 MHz, 3996 MHz, 0 %, 0 MiB
2026/07/31 03:05:19.228, 3, P0, 32, 238.47 W, 1965 MHz, 3996 MHz, 0 %, 0 MiB
2026/07/31 03:05:19.228, 4, P0, 33, 235.57 W, 1965 MHz, 3996 MHz, 0 %, 0 MiB
2026/07/31 03:05:19.228, 5, P0, 36, 244.05 W, 1965 MHz, 3996 MHz, 0 %, 0 MiB
2026/07/31 03:05:19.228, 6, P0, 33, 242.23 W, 1965 MHz, 3996 MHz, 0 %, 0 MiB
2026/07/31 03:05:19.228, 7, P0, 37, 243.14 W, 1965 MHz, 3996 MHz, 0 %, 0 MiB
2026/07/31 03:05:20.228, 0, P0, 43, 311.61 W, 1965 MHz, 3996 MHz, 11 %, 161787 MiB
2026/07/31 03:05:20.228, 1, P0, 34, 257.23 W, 1965 MHz, 3996 MHz, 47 %, 161787 MiB
2026/07/31 03:05:20.228, 2, P0, 36, 235.98 W, 1965 MHz, 3996 MHz, 0 %, 0 MiB
2026/07/31 03:05:20.228, 3, P0, 32, 238.52 W, 1965 MHz, 3996 MHz, 0 %, 0 MiB
2026/07/31 03:05:20.228, 4, P0, 33, 235.55 W, 1965 MHz, 3996 MHz, 0 %, 0 MiB
2026/07/31 03:05:20.228, 5, P0, 36, 244.12 W, 1965 MHz, 3996 MHz, 0 %, 0 MiB
2026/07/31 03:05:20.228, 6, P0, 33, 242.33 W, 1965 MHz, 3996 MHz, 0 %, 0 MiB
2026/07/31 03:05:20.228, 7, P0, 37, 243.11 W, 1965 MHz, 3996 MHz, 0 %, 0 MiB
2026/07/31 03:05:21.229, 0, P0, 36, 298.36 W, 1965 MHz, 3996 MHz, 11 %, 161787 MiB
2026/07/31 03:05:21.229, 1, P0, 34, 332.02 W, 1965 MHz, 3996 MHz, 35 %, 161787 MiB
2026/07/31 03:05:21.229, 2, P0, 36, 236.02 W, 1965 MHz, 3996 MHz, 0 %, 0 MiB
2026/07/31 03:05:21.229, 3, P0, 32, 238.49 W, 1965 MHz, 3996 MHz, 0 %, 0 MiB
2026/07/31 03:05:21.229, 4, P0, 33, 235.61 W, 1965 MHz, 3996 MHz, 0 %, 0 MiB
2026/07/31 03:05:21.229, 5, P0, 36, 243.99 W, 1965 MHz, 3996 MHz, 0 %, 0 MiB
2026/07/31 03:05:21.229, 6, P0, 33, 242.28 W, 1965 MHz, 3996 MHz, 0 %, 0 MiB
2026/07/31 03:05:21.229, 7, P0, 37, 243.05 W, 1965 MHz, 3996 MHz, 0 %, 0 MiB
2026/07/31 03:05:22.229, 0, P0, 37, 331.99 W, 1965 MHz, 3996 MHz, 11 %, 161787 MiB
2026/07/31 03:05:22.229, 1, P0, 35, 332.60 W, 1965 MHz, 3996 MHz, 28 %, 161787 MiB
2026/07/31 03:05:22.229, 2, P0, 36, 235.98 W, 1965 MHz, 3996 MHz, 0 %, 0 MiB
2026/07/31 03:05:22.229, 3, P0, 32, 238.49 W, 1965 MHz, 3996 MHz, 0 %, 0 MiB
2026/07/31 03:05:22.229, 4, P0, 33, 235.61 W, 1965 MHz, 3996 MHz, 0 %, 0 MiB
2026/07/31 03:05:22.229, 5, P0, 36, 243.98 W, 1965 MHz, 3996 MHz, 0 %, 0 MiB
2026/07/31 03:05:22.229, 6, P0, 33, 242.31 W, 1965 MHz, 3996 MHz, 0 %, 0 MiB
2026/07/31 03:05:22.229, 7, P0, 37, 243.13 W, 1965 MHz, 3996 MHz, 0 %, 0 MiB
2026/07/31 03:05:23.229, 0, P0, 36, 258.33 W, 1965 MHz, 3996 MHz, 11 %, 161787 MiB
2026/07/31 03:05:23.229, 1, P0, 34, 256.30 W, 1965 MHz, 3996 MHz, 30 %, 161787 MiB
2026/07/31 03:05:23.229, 2, P0, 36, 236.01 W, 1965 MHz, 3996 MHz, 0 %, 0 MiB
2026/07/31 03:05:23.229, 3, P0, 32, 238.51 W, 1965 MHz, 3996 MHz, 0 %, 0 MiB
2026/07/31 03:05:23.229, 4, P0, 33, 235.59 W, 1965 MHz, 3996 MHz, 0 %, 0 MiB
2026/07/31 03:05:23.229, 5, P0, 36, 244.08 W, 1965 MHz, 3996 MHz, 0 %, 0 MiB
2026/07/31 03:05:23.229, 6, P0, 33, 242.39 W, 1965 MHz, 3996 MHz, 0 %, 0 MiB
2026/07/31 03:05:23.229, 7, P0, 37, 243.15 W, 1965 MHz, 3996 MHz, 0 %, 0 MiB
2026/07/31 03:05:24.229, 0, P0, 37, 337.30 W, 1965 MHz, 3996 MHz, 11 %, 161787 MiB
2026/07/31 03:05:24.229, 1, P0, 34, 336.57 W, 1965 MHz, 3996 MHz, 44 %, 161787 MiB
2026/07/31 03:05:24.229, 2, P0, 36, 235.96 W, 1965 MHz, 3996 MHz, 0 %, 0 MiB
2026/07/31 03:05:24.230, 3, P0, 32, 238.46 W, 1965 MHz, 3996 MHz, 0 %, 0 MiB
2026/07/31 03:05:24.230, 4, P0, 33, 235.58 W, 1965 MHz, 3996 MHz, 0 %, 0 MiB
2026/07/31 03:05:24.230, 5, P0, 36, 243.98 W, 1965 MHz, 3996 MHz, 0 %, 0 MiB
2026/07/31 03:05:24.230, 6, P0, 33, 242.31 W, 1965 MHz, 3996 MHz, 0 %, 0 MiB
2026/07/31 03:05:24.230, 7, P0, 37, 243.13 W, 1965 MHz, 3996 MHz, 0 %, 0 MiB
2026/07/31 03:05:25.230, 0, P0, 36, 258.40 W, 1965 MHz, 3996 MHz, 12 %, 161787 MiB
2026/07/31 03:05:25.230, 1, P0, 34, 257.54 W, 1965 MHz, 3996 MHz, 48 %, 161787 MiB
2026/07/31 03:05:25.230, 2, P0, 36, 235.94 W, 1965 MHz, 3996 MHz, 0 %, 0 MiB
2026/07/31 03:05:25.230, 3, P0, 32, 238.57 W, 1965 MHz, 3996 MHz, 0 %, 0 MiB
2026/07/31 03:05:25.230, 4, P0, 33, 235.55 W, 1965 MHz, 3996 MHz, 0 %, 0 MiB
2026/07/31 03:05:25.230, 5, P0, 36, 244.07 W, 1965 MHz, 3996 MHz, 0 %, 0 MiB
2026/07/31 03:05:25.230, 6, P0, 33, 242.41 W, 1965 MHz, 3996 MHz, 0 %, 0 MiB
2026/07/31 03:05:25.230, 7, P0, 37, 243.18 W, 1965 MHz, 3996 MHz, 0 %, 0 MiB
2026/07/31 03:05:26.230, 0, P0, 36, 258.84 W, 1965 MHz, 3996 MHz, 11 %, 161787 MiB
2026/07/31 03:05:26.230, 1, P0, 34, 257.05 W, 1965 MHz, 3996 MHz, 43 %, 161787 MiB
2026/07/31 03:05:26.230, 2, P0, 36, 236.03 W, 1965 MHz, 3996 MHz, 0 %, 0 MiB
2026/07/31 03:05:26.230, 3, P0, 32, 238.49 W, 1965 MHz, 3996 MHz, 0 %, 0 MiB
2026/07/31 03:05:26.230, 4, P0, 33, 235.51 W, 1965 MHz, 3996 MHz, 0 %, 0 MiB
2026/07/31 03:05:26.230, 5, P0, 36, 244.05 W, 1965 MHz, 3996 MHz, 0 %, 0 MiB
2026/07/31 03:05:26.230, 6, P0, 33, 242.32 W, 1965 MHz, 3996 MHz, 0 %, 0 MiB
2026/07/31 03:05:26.230, 7, P0, 37, 243.12 W, 1965 MHz, 3996 MHz, 0 %, 0 MiB
2026/07/31 03:05:27.230, 0, P0, 36, 258.48 W, 1965 MHz, 3996 MHz, 11 %, 161787 MiB
2026/07/31 03:05:27.230, 1, P0, 34, 256.24 W, 1965 MHz, 3996 MHz, 40 %, 161787 MiB
2026/07/31 03:05:27.230, 2, P0, 36, 236.01 W, 1965 MHz, 3996 MHz, 0 %, 0 MiB
2026/07/31 03:05:27.230, 3, P0, 32, 238.48 W, 1965 MHz, 3996 MHz, 0 %, 0 MiB
2026/07/31 03:05:27.230, 4, P0, 33, 235.47 W, 1965 MHz, 3996 MHz, 0 %, 0 MiB
2026/07/31 03:05:27.230, 5, P0, 36, 244.05 W, 1965 MHz, 3996 MHz, 0 %, 0 MiB
2026/07/31 03:05:27.230, 6, P0, 33, 242.29 W, 1965 MHz, 3996 MHz, 0 %, 0 MiB
2026/07/31 03:05:27.230, 7, P0, 37, 243.17 W, 1965 MHz, 3996 MHz, 0 %, 0 MiB
2026/07/31 03:05:28.230, 0, P0, 36, 258.41 W, 1965 MHz, 3996 MHz, 11 %, 161787 MiB
2026/07/31 03:05:28.231, 1, P0, 34, 256.73 W, 1965 MHz, 3996 MHz, 38 %, 161787 MiB
2026/07/31 03:05:28.231, 2, P0, 36, 236.01 W, 1965 MHz, 3996 MHz, 0 %, 0 MiB
2026/07/31 03:05:28.231, 3, P0, 32, 238.49 W, 1965 MHz, 3996 MHz, 0 %, 0 MiB
2026/07/31 03:05:28.231, 4, P0, 33, 235.53 W, 1965 MHz, 3996 MHz, 0 %, 0 MiB
2026/07/31 03:05:28.231, 5, P0, 36, 244.06 W, 1965 MHz, 3996 MHz, 0 %, 0 MiB
2026/07/31 03:05:28.231, 6, P0, 33, 242.37 W, 1965 MHz, 3996 MHz, 0 %, 0 MiB
2026/07/31 03:05:28.231, 7, P0, 37, 243.10 W, 1965 MHz, 3996 MHz, 0 %, 0 MiB
2026/07/31 03:05:29.231, 0, P0, 36, 258.45 W, 1965 MHz, 3996 MHz, 11 %, 161787 MiB
2026/07/31 03:05:29.231, 1, P0, 34, 257.45 W, 1965 MHz, 3996 MHz, 54 %, 161787 MiB
2026/07/31 03:05:29.231, 2, P0, 36, 236.02 W, 1965 MHz, 3996 MHz, 0 %, 0 MiB
2026/07/31 03:05:29.231, 3, P0, 32, 238.54 W, 1965 MHz, 3996 MHz, 0 %, 0 MiB
2026/07/31 03:05:29.231, 4, P0, 33, 235.47 W, 1965 MHz, 3996 MHz, 0 %, 0 MiB
2026/07/31 03:05:29.231, 5, P0, 36, 244.05 W, 1965 MHz, 3996 MHz, 0 %, 0 MiB
2026/07/31 03:05:29.231, 6, P0, 33, 242.30 W, 1965 MHz, 3996 MHz, 0 %, 0 MiB
2026/07/31 03:05:29.231, 7, P0, 37, 243.30 W, 1965 MHz, 3996 MHz, 0 %, 0 MiB
2026/07/31 03:05:30.231, 0, P0, 37, 325.84 W, 1965 MHz, 3996 MHz, 11 %, 161787 MiB
2026/07/31 03:05:30.231, 1, P0, 35, 335.67 W, 1965 MHz, 3996 MHz, 41 %, 161787 MiB
2026/07/31 03:05:30.231, 2, P0, 36, 236.01 W, 1965 MHz, 3996 MHz, 0 %, 0 MiB
2026/07/31 03:05:30.231, 3, P0, 32, 238.45 W, 1965 MHz, 3996 MHz, 0 %, 0 MiB
2026/07/31 03:05:30.231, 4, P0, 33, 235.54 W, 1965 MHz, 3996 MHz, 0 %, 0 MiB
2026/07/31 03:05:30.231, 5, P0, 36, 244.01 W, 1965 MHz, 3996 MHz, 0 %, 0 MiB
2026/07/31 03:05:30.231, 6, P0, 33, 242.32 W, 1965 MHz, 3996 MHz, 0 %, 0 MiB
2026/07/31 03:05:30.231, 7, P0, 37, 243.15 W, 1965 MHz, 3996 MHz, 0 %, 0 MiB
2026/07/31 03:05:31.231, 0, P0, 36, 259.08 W, 1965 MHz, 3996 MHz, 11 %, 161787 MiB
2026/07/31 03:05:31.231, 1, P0, 34, 257.52 W, 1965 MHz, 3996 MHz, 39 %, 161787 MiB
2026/07/31 03:05:31.231, 2, P0, 36, 236.03 W, 1965 MHz, 3996 MHz, 0 %, 0 MiB
2026/07/31 03:05:31.231, 3, P0, 33, 238.49 W, 1965 MHz, 3996 MHz, 0 %, 0 MiB
2026/07/31 03:05:31.231, 4, P0, 33, 235.51 W, 1965 MHz, 3996 MHz, 0 %, 0 MiB
2026/07/31 03:05:31.231, 5, P0, 36, 244.08 W, 1965 MHz, 3996 MHz, 0 %, 0 MiB
2026/07/31 03:05:31.231, 6, P0, 33, 242.34 W, 1965 MHz, 3996 MHz, 0 %, 0 MiB
2026/07/31 03:05:31.231, 7, P0, 37, 243.21 W, 1965 MHz, 3996 MHz, 0 %, 0 MiB
2026/07/31 03:05:32.232, 0, P0, 37, 338.16 W, 1965 MHz, 3996 MHz, 11 %, 161787 MiB
2026/07/31 03:05:32.232, 1, P0, 34, 335.11 W, 1965 MHz, 3996 MHz, 37 %, 161787 MiB
2026/07/31 03:05:32.232, 2, P0, 36, 236.01 W, 1965 MHz, 3996 MHz, 0 %, 0 MiB
2026/07/31 03:05:32.232, 3, P0, 32, 238.50 W, 1965 MHz, 3996 MHz, 0 %, 0 MiB
2026/07/31 03:05:32.232, 4, P0, 33, 235.57 W, 1965 MHz, 3996 MHz, 0 %, 0 MiB
2026/07/31 03:05:32.232, 5, P0, 36, 244.06 W, 1965 MHz, 3996 MHz, 0 %, 0 MiB
2026/07/31 03:05:32.232, 6, P0, 33, 242.26 W, 1965 MHz, 3996 MHz, 0 %, 0 MiB
2026/07/31 03:05:32.232, 7, P0, 37, 243.03 W, 1965 MHz, 3996 MHz, 0 %, 0 MiB
2026/07/31 03:05:33.232, 0, P0, 36, 259.97 W, 1965 MHz, 3996 MHz, 17 %, 161787 MiB
2026/07/31 03:05:33.232, 1, P0, 34, 257.33 W, 1965 MHz, 3996 MHz, 38 %, 161787 MiB
2026/07/31 03:05:33.232, 2, P0, 36, 236.02 W, 1965 MHz, 3996 MHz, 0 %, 0 MiB
2026/07/31 03:05:33.232, 3, P0, 33, 238.51 W, 1965 MHz, 3996 MHz, 0 %, 0 MiB
2026/07/31 03:05:33.232, 4, P0, 33, 235.56 W, 1965 MHz, 3996 MHz, 0 %, 0 MiB
2026/07/31 03:05:33.232, 5, P0, 36, 244.00 W, 1965 MHz, 3996 MHz, 0 %, 0 MiB
2026/07/31 03:05:33.232, 6, P0, 33, 242.30 W, 1965 MHz, 3996 MHz, 0 %, 0 MiB
2026/07/31 03:05:33.232, 7, P0, 37, 243.16 W, 1965 MHz, 3996 MHz, 0 %, 0 MiB
2026/07/31 03:05:34.232, 0, P0, 36, 259.20 W, 1965 MHz, 3996 MHz, 11 %, 161787 MiB
2026/07/31 03:05:34.232, 1, P0, 34, 256.89 W, 1965 MHz, 3996 MHz, 24 %, 161787 MiB
2026/07/31 03:05:34.232, 2, P0, 36, 236.10 W, 1965 MHz, 3996 MHz, 0 %, 0 MiB
2026/07/31 03:05:34.232, 3, P0, 33, 238.50 W, 1965 MHz, 3996 MHz, 0 %, 0 MiB
2026/07/31 03:05:34.232, 4, P0, 33, 235.60 W, 1965 MHz, 3996 MHz, 0 %, 0 MiB
2026/07/31 03:05:34.232, 5, P0, 36, 244.02 W, 1965 MHz, 3996 MHz, 0 %, 0 MiB
2026/07/31 03:05:34.232, 6, P0, 33, 242.34 W, 1965 MHz, 3996 MHz, 0 %, 0 MiB
2026/07/31 03:05:34.232, 7, P0, 37, 243.22 W, 1965 MHz, 3996 MHz, 0 %, 0 MiB
2026/07/31 03:05:35.232, 0, P0, 36, 258.18 W, 1965 MHz, 3996 MHz, 11 %, 161787 MiB
2026/07/31 03:05:35.232, 1, P0, 34, 257.00 W, 1965 MHz, 3996 MHz, 40 %, 161787 MiB
2026/07/31 03:05:35.232, 2, P0, 36, 236.05 W, 1965 MHz, 3996 MHz, 0 %, 0 MiB
2026/07/31 03:05:35.232, 3, P0, 32, 238.54 W, 1965 MHz, 3996 MHz, 0 %, 0 MiB
2026/07/31 03:05:35.232, 4, P0, 33, 235.61 W, 1965 MHz, 3996 MHz, 0 %, 0 MiB
2026/07/31 03:05:35.233, 5, P0, 36, 244.05 W, 1965 MHz, 3996 MHz, 0 %, 0 MiB
2026/07/31 03:05:35.233, 6, P0, 33, 242.33 W, 1965 MHz, 3996 MHz, 0 %, 0 MiB
2026/07/31 03:05:35.233, 7, P0, 37, 243.24 W, 1965 MHz, 3996 MHz, 0 %, 0 MiB
2026/07/31 03:05:36.233, 0, P0, 36, 257.72 W, 1965 MHz, 3996 MHz, 11 %, 161787 MiB
2026/07/31 03:05:36.233, 1, P0, 34, 256.72 W, 1965 MHz, 3996 MHz, 46 %, 161787 MiB
2026/07/31 03:05:36.233, 2, P0, 36, 236.01 W, 1965 MHz, 3996 MHz, 0 %, 0 MiB
2026/07/31 03:05:36.233, 3, P0, 33, 238.55 W, 1965 MHz, 3996 MHz, 0 %, 0 MiB
2026/07/31 03:05:36.233, 4, P0, 33, 235.59 W, 1965 MHz, 3996 MHz, 0 %, 0 MiB
2026/07/31 03:05:36.233, 5, P0, 36, 244.04 W, 1965 MHz, 3996 MHz, 0 %, 0 MiB
2026/07/31 03:05:36.233, 6, P0, 33, 242.34 W, 1965 MHz, 3996 MHz, 0 %, 0 MiB
2026/07/31 03:05:36.233, 7, P0, 37, 243.15 W, 1965 MHz, 3996 MHz, 0 %, 0 MiB
2026/07/31 03:05:37.233, 0, P0, 36, 258.73 W, 1965 MHz, 3996 MHz, 11 %, 161787 MiB
2026/07/31 03:05:37.233, 1, P0, 34, 256.80 W, 1965 MHz, 3996 MHz, 73 %, 161787 MiB
2026/07/31 03:05:37.233, 2, P0, 36, 236.05 W, 1965 MHz, 3996 MHz, 0 %, 0 MiB
2026/07/31 03:05:37.233, 3, P0, 33, 238.50 W, 1965 MHz, 3996 MHz, 0 %, 0 MiB
2026/07/31 03:05:37.233, 4, P0, 33, 235.51 W, 1965 MHz, 3996 MHz, 0 %, 0 MiB
2026/07/31 03:05:37.233, 5, P0, 36, 244.11 W, 1965 MHz, 3996 MHz, 0 %, 0 MiB
2026/07/31 03:05:37.233, 6, P0, 33, 242.35 W, 1965 MHz, 3996 MHz, 0 %, 0 MiB
2026/07/31 03:05:37.233, 7, P0, 37, 243.15 W, 1965 MHz, 3996 MHz, 0 %, 0 MiB
2026/07/31 03:05:38.233, 0, P0, 36, 258.21 W, 1965 MHz, 3996 MHz, 11 %, 161787 MiB
2026/07/31 03:05:38.233, 1, P0, 34, 256.55 W, 1965 MHz, 3996 MHz, 38 %, 161787 MiB
2026/07/31 03:05:38.233, 2, P0, 36, 236.06 W, 1965 MHz, 3996 MHz, 0 %, 0 MiB
2026/07/31 03:05:38.233, 3, P0, 33, 238.47 W, 1965 MHz, 3996 MHz, 0 %, 0 MiB
2026/07/31 03:05:38.233, 4, P0, 33, 235.57 W, 1965 MHz, 3996 MHz, 0 %, 0 MiB
2026/07/31 03:05:38.233, 5, P0, 36, 244.12 W, 1965 MHz, 3996 MHz, 0 %, 0 MiB
2026/07/31 03:05:38.233, 6, P0, 33, 242.40 W, 1965 MHz, 3996 MHz, 0 %, 0 MiB
2026/07/31 03:05:38.233, 7, P0, 37, 243.23 W, 1965 MHz, 3996 MHz, 0 %, 0 MiB
2026/07/31 03:05:39.233, 0, P0, 36, 258.69 W, 1965 MHz, 3996 MHz, 11 %, 161787 MiB
2026/07/31 03:05:39.234, 1, P0, 34, 256.65 W, 1965 MHz, 3996 MHz, 41 %, 161787 MiB
2026/07/31 03:05:39.234, 2, P0, 36, 236.07 W, 1965 MHz, 3996 MHz, 0 %, 0 MiB
2026/07/31 03:05:39.234, 3, P0, 33, 238.53 W, 1965 MHz, 3996 MHz, 0 %, 0 MiB
2026/07/31 03:05:39.234, 4, P0, 33, 235.51 W, 1965 MHz, 3996 MHz, 0 %, 0 MiB
2026/07/31 03:05:39.234, 5, P0, 36, 244.07 W, 1965 MHz, 3996 MHz, 0 %, 0 MiB
2026/07/31 03:05:39.234, 6, P0, 33, 242.38 W, 1965 MHz, 3996 MHz, 0 %, 0 MiB
2026/07/31 03:05:39.234, 7, P0, 37, 243.24 W, 1965 MHz, 3996 MHz, 0 %, 0 MiB
2026/07/31 03:05:40.234, 0, P0, 36, 258.80 W, 1965 MHz, 3996 MHz, 12 %, 161787 MiB
2026/07/31 03:05:40.234, 1, P0, 34, 256.67 W, 1965 MHz, 3996 MHz, 50 %, 161787 MiB
2026/07/31 03:05:40.234, 2, P0, 36, 236.01 W, 1965 MHz, 3996 MHz, 0 %, 0 MiB
2026/07/31 03:05:40.234, 3, P0, 33, 238.54 W, 1965 MHz, 3996 MHz, 0 %, 0 MiB
2026/07/31 03:05:40.234, 4, P0, 33, 235.54 W, 1965 MHz, 3996 MHz, 0 %, 0 MiB
2026/07/31 03:05:40.234, 5, P0, 36, 244.15 W, 1965 MHz, 3996 MHz, 0 %, 0 MiB
2026/07/31 03:05:40.234, 6, P0, 33, 242.33 W, 1965 MHz, 3996 MHz, 0 %, 0 MiB
2026/07/31 03:05:40.234, 7, P0, 37, 243.21 W, 1965 MHz, 3996 MHz, 0 %, 0 MiB
2026/07/31 03:05:41.234, 0, P0, 36, 258.88 W, 1965 MHz, 3996 MHz, 11 %, 161787 MiB
2026/07/31 03:05:41.234, 1, P0, 34, 256.23 W, 1965 MHz, 3996 MHz, 41 %, 161787 MiB
2026/07/31 03:05:41.234, 2, P0, 36, 235.98 W, 1965 MHz, 3996 MHz, 0 %, 0 MiB
2026/07/31 03:05:41.234, 3, P0, 33, 238.55 W, 1965 MHz, 3996 MHz, 0 %, 0 MiB
2026/07/31 03:05:41.234, 4, P0, 33, 235.55 W, 1965 MHz, 3996 MHz, 0 %, 0 MiB
2026/07/31 03:05:41.234, 5, P0, 36, 244.03 W, 1965 MHz, 3996 MHz, 0 %, 0 MiB
2026/07/31 03:05:41.234, 6, P0, 33, 242.38 W, 1965 MHz, 3996 MHz, 0 %, 0 MiB
2026/07/31 03:05:41.234, 7, P0, 37, 243.23 W, 1965 MHz, 3996 MHz, 0 %, 0 MiB
2026/07/31 03:05:42.234, 0, P0, 36, 257.93 W, 1965 MHz, 3996 MHz, 11 %, 161787 MiB
2026/07/31 03:05:42.234, 1, P0, 34, 257.53 W, 1965 MHz, 3996 MHz, 41 %, 161787 MiB
2026/07/31 03:05:42.234, 2, P0, 36, 236.03 W, 1965 MHz, 3996 MHz, 0 %, 0 MiB
2026/07/31 03:05:42.234, 3, P0, 33, 238.55 W, 1965 MHz, 3996 MHz, 0 %, 0 MiB
2026/07/31 03:05:42.234, 4, P0, 33, 235.58 W, 1965 MHz, 3996 MHz, 0 %, 0 MiB
2026/07/31 03:05:42.234, 5, P0, 36, 244.09 W, 1965 MHz, 3996 MHz, 0 %, 0 MiB
2026/07/31 03:05:42.234, 6, P0, 33, 242.32 W, 1965 MHz, 3996 MHz, 0 %, 0 MiB
2026/07/31 03:05:42.234, 7, P0, 37, 243.17 W, 1965 MHz, 3996 MHz, 0 %, 0 MiB
2026/07/31 03:05:43.235, 0, P0, 36, 258.74 W, 1965 MHz, 3996 MHz, 11 %, 161787 MiB
2026/07/31 03:05:43.235, 1, P0, 34, 256.31 W, 1965 MHz, 3996 MHz, 24 %, 161787 MiB
2026/07/31 03:05:43.235, 2, P0, 36, 236.06 W, 1965 MHz, 3996 MHz, 0 %, 0 MiB
2026/07/31 03:05:43.235, 3, P0, 33, 238.55 W, 1965 MHz, 3996 MHz, 0 %, 0 MiB
2026/07/31 03:05:43.235, 4, P0, 33, 235.60 W, 1965 MHz, 3996 MHz, 0 %, 0 MiB
2026/07/31 03:05:43.235, 5, P0, 36, 244.10 W, 1965 MHz, 3996 MHz, 0 %, 0 MiB
2026/07/31 03:05:43.235, 6, P0, 33, 242.32 W, 1965 MHz, 3996 MHz, 0 %, 0 MiB
2026/07/31 03:05:43.235, 7, P0, 37, 243.18 W, 1965 MHz, 3996 MHz, 0 %, 0 MiB
2026/07/31 03:05:44.235, 0, P0, 36, 258.21 W, 1965 MHz, 3996 MHz, 11 %, 161787 MiB
2026/07/31 03:05:44.235, 1, P0, 34, 257.02 W, 1965 MHz, 3996 MHz, 41 %, 161787 MiB
2026/07/31 03:05:44.235, 2, P0, 36, 236.02 W, 1965 MHz, 3996 MHz, 0 %, 0 MiB
2026/07/31 03:05:44.235, 3, P0, 33, 238.55 W, 1965 MHz, 3996 MHz, 0 %, 0 MiB
2026/07/31 03:05:44.235, 4, P0, 33, 235.61 W, 1965 MHz, 3996 MHz, 0 %, 0 MiB
2026/07/31 03:05:44.235, 5, P0, 36, 244.08 W, 1965 MHz, 3996 MHz, 0 %, 0 MiB
2026/07/31 03:05:44.235, 6, P0, 33, 242.34 W, 1965 MHz, 3996 MHz, 0 %, 0 MiB
2026/07/31 03:05:44.235, 7, P0, 37, 243.06 W, 1965 MHz, 3996 MHz, 0 %, 0 MiB
2026/07/31 03:05:45.235, 0, P0, 36, 258.03 W, 1965 MHz, 3996 MHz, 11 %, 161787 MiB
2026/07/31 03:05:45.235, 1, P0, 34, 256.51 W, 1965 MHz, 3996 MHz, 46 %, 161787 MiB
2026/07/31 03:05:45.235, 2, P0, 36, 235.99 W, 1965 MHz, 3996 MHz, 0 %, 0 MiB
2026/07/31 03:05:45.235, 3, P0, 33, 238.59 W, 1965 MHz, 3996 MHz, 0 %, 0 MiB
2026/07/31 03:05:45.235, 4, P0, 33, 235.61 W, 1965 MHz, 3996 MHz, 0 %, 0 MiB
2026/07/31 03:05:45.235, 5, P0, 36, 244.09 W, 1965 MHz, 3996 MHz, 0 %, 0 MiB
2026/07/31 03:05:45.235, 6, P0, 33, 242.32 W, 1965 MHz, 3996 MHz, 0 %, 0 MiB
2026/07/31 03:05:45.235, 7, P0, 37, 243.17 W, 1965 MHz, 3996 MHz, 0 %, 0 MiB
2026/07/31 03:05:46.235, 0, P0, 36, 258.52 W, 1965 MHz, 3996 MHz, 11 %, 161787 MiB
2026/07/31 03:05:46.235, 1, P0, 34, 256.62 W, 1965 MHz, 3996 MHz, 45 %, 161787 MiB
2026/07/31 03:05:46.236, 2, P0, 36, 236.01 W, 1965 MHz, 3996 MHz, 0 %, 0 MiB
2026/07/31 03:05:46.236, 3, P0, 33, 238.56 W, 1965 MHz, 3996 MHz, 0 %, 0 MiB
2026/07/31 03:05:46.236, 4, P0, 33, 235.61 W, 1965 MHz, 3996 MHz, 0 %, 0 MiB
2026/07/31 03:05:46.236, 5, P0, 36, 244.00 W, 1965 MHz, 3996 MHz, 0 %, 0 MiB
2026/07/31 03:05:46.236, 6, P0, 33, 242.36 W, 1965 MHz, 3996 MHz, 0 %, 0 MiB
2026/07/31 03:05:46.236, 7, P0, 37, 243.19 W, 1965 MHz, 3996 MHz, 0 %, 0 MiB
2026/07/31 03:05:47.236, 0, P0, 36, 258.18 W, 1965 MHz, 3996 MHz, 11 %, 161787 MiB
2026/07/31 03:05:47.236, 1, P0, 34, 256.96 W, 1965 MHz, 3996 MHz, 54 %, 161787 MiB
2026/07/31 03:05:47.236, 2, P0, 36, 236.03 W, 1965 MHz, 3996 MHz, 0 %, 0 MiB
2026/07/31 03:05:47.236, 3, P0, 33, 238.54 W, 1965 MHz, 3996 MHz, 0 %, 0 MiB
2026/07/31 03:05:47.236, 4, P0, 33, 235.60 W, 1965 MHz, 3996 MHz, 0 %, 0 MiB
2026/07/31 03:05:47.236, 5, P0, 36, 244.07 W, 1965 MHz, 3996 MHz, 0 %, 0 MiB
2026/07/31 03:05:47.236, 6, P0, 33, 242.35 W, 1965 MHz, 3996 MHz, 0 %, 0 MiB
2026/07/31 03:05:47.236, 7, P0, 37, 243.18 W, 1965 MHz, 3996 MHz, 0 %, 0 MiB
2026/07/31 03:05:48.236, 0, P0, 36, 258.64 W, 1965 MHz, 3996 MHz, 11 %, 161787 MiB
2026/07/31 03:05:48.236, 1, P0, 34, 256.61 W, 1965 MHz, 3996 MHz, 49 %, 161787 MiB
2026/07/31 03:05:48.236, 2, P0, 36, 236.06 W, 1965 MHz, 3996 MHz, 0 %, 0 MiB
2026/07/31 03:05:48.236, 3, P0, 33, 238.53 W, 1965 MHz, 3996 MHz, 0 %, 0 MiB
2026/07/31 03:05:48.236, 4, P0, 33, 235.57 W, 1965 MHz, 3996 MHz, 0 %, 0 MiB
2026/07/31 03:05:48.236, 5, P0, 36, 244.15 W, 1965 MHz, 3996 MHz, 0 %, 0 MiB
2026/07/31 03:05:48.236, 6, P0, 33, 242.33 W, 1965 MHz, 3996 MHz, 0 %, 0 MiB
2026/07/31 03:05:48.236, 7, P0, 37, 243.12 W, 1965 MHz, 3996 MHz, 0 %, 0 MiB
2026/07/31 03:05:49.236, 0, P0, 36, 258.22 W, 1965 MHz, 3996 MHz, 11 %, 161787 MiB
2026/07/31 03:05:49.236, 1, P0, 34, 256.11 W, 1965 MHz, 3996 MHz, 39 %, 161787 MiB
2026/07/31 03:05:49.236, 2, P0, 36, 236.05 W, 1965 MHz, 3996 MHz, 0 %, 0 MiB
2026/07/31 03:05:49.236, 3, P0, 33, 238.54 W, 1965 MHz, 3996 MHz, 0 %, 0 MiB
2026/07/31 03:05:49.236, 4, P0, 33, 235.54 W, 1965 MHz, 3996 MHz, 0 %, 0 MiB
2026/07/31 03:05:49.236, 5, P0, 36, 244.04 W, 1965 MHz, 3996 MHz, 0 %, 0 MiB
2026/07/31 03:05:49.236, 6, P0, 33, 242.36 W, 1965 MHz, 3996 MHz, 0 %, 0 MiB
2026/07/31 03:05:49.236, 7, P0, 37, 243.20 W, 1965 MHz, 3996 MHz, 0 %, 0 MiB
2026/07/31 03:05:50.237, 0, P0, 36, 258.30 W, 1965 MHz, 3996 MHz, 11 %, 161787 MiB
2026/07/31 03:05:50.237, 1, P0, 34, 256.30 W, 1965 MHz, 3996 MHz, 45 %, 161787 MiB
2026/07/31 03:05:50.237, 2, P0, 36, 236.05 W, 1965 MHz, 3996 MHz, 0 %, 0 MiB
2026/07/31 03:05:50.237, 3, P0, 33, 238.51 W, 1965 MHz, 3996 MHz, 0 %, 0 MiB
2026/07/31 03:05:50.237, 4, P0, 33, 235.59 W, 1965 MHz, 3996 MHz, 0 %, 0 MiB
2026/07/31 03:05:50.237, 5, P0, 36, 244.07 W, 1965 MHz, 3996 MHz, 0 %, 0 MiB
2026/07/31 03:05:50.237, 6, P0, 33, 242.39 W, 1965 MHz, 3996 MHz, 0 %, 0 MiB
2026/07/31 03:05:50.237, 7, P0, 37, 243.27 W, 1965 MHz, 3996 MHz, 0 %, 0 MiB
2026/07/31 03:05:51.237, 0, P0, 36, 258.81 W, 1965 MHz, 3996 MHz, 11 %, 161787 MiB
2026/07/31 03:05:51.237, 1, P0, 34, 256.67 W, 1965 MHz, 3996 MHz, 42 %, 161787 MiB
2026/07/31 03:05:51.237, 2, P0, 36, 236.03 W, 1965 MHz, 3996 MHz, 0 %, 0 MiB
2026/07/31 03:05:51.237, 3, P0, 33, 238.54 W, 1965 MHz, 3996 MHz, 0 %, 0 MiB
2026/07/31 03:05:51.237, 4, P0, 33, 235.60 W, 1965 MHz, 3996 MHz, 0 %, 0 MiB
2026/07/31 03:05:51.237, 5, P0, 36, 244.04 W, 1965 MHz, 3996 MHz, 0 %, 0 MiB
2026/07/31 03:05:51.237, 6, P0, 33, 242.37 W, 1965 MHz, 3996 MHz, 0 %, 0 MiB
2026/07/31 03:05:51.237, 7, P0, 37, 243.23 W, 1965 MHz, 3996 MHz, 0 %, 0 MiB
2026/07/31 03:05:52.237, 0, P0, 36, 257.98 W, 1965 MHz, 3996 MHz, 14 %, 161787 MiB
2026/07/31 03:05:52.237, 1, P0, 34, 256.28 W, 1965 MHz, 3996 MHz, 46 %, 161787 MiB
2026/07/31 03:05:52.237, 2, P0, 36, 236.01 W, 1965 MHz, 3996 MHz, 0 %, 0 MiB
2026/07/31 03:05:52.237, 3, P0, 33, 238.50 W, 1965 MHz, 3996 MHz, 0 %, 0 MiB
2026/07/31 03:05:52.237, 4, P0, 33, 235.58 W, 1965 MHz, 3996 MHz, 0 %, 0 MiB
2026/07/31 03:05:52.237, 5, P0, 36, 244.07 W, 1965 MHz, 3996 MHz, 0 %, 0 MiB
2026/07/31 03:05:52.237, 6, P0, 33, 242.35 W, 1965 MHz, 3996 MHz, 0 %, 0 MiB
2026/07/31 03:05:52.237, 7, P0, 37, 243.26 W, 1965 MHz, 3996 MHz, 0 %, 0 MiB
2026/07/31 03:05:53.237, 0, P0, 36, 258.75 W, 1965 MHz, 3996 MHz, 11 %, 161787 MiB
2026/07/31 03:05:53.237, 1, P0, 34, 256.76 W, 1965 MHz, 3996 MHz, 48 %, 161787 MiB
2026/07/31 03:05:53.237, 2, P0, 36, 236.06 W, 1965 MHz, 3996 MHz, 0 %, 0 MiB
2026/07/31 03:05:53.237, 3, P0, 33, 238.56 W, 1965 MHz, 3996 MHz, 0 %, 0 MiB
2026/07/31 03:05:53.237, 4, P0, 33, 235.62 W, 1965 MHz, 3996 MHz, 0 %, 0 MiB
2026/07/31 03:05:53.237, 5, P0, 36, 244.03 W, 1965 MHz, 3996 MHz, 0 %, 0 MiB
2026/07/31 03:05:53.238, 6, P0, 33, 242.35 W, 1965 MHz, 3996 MHz, 0 %, 0 MiB
2026/07/31 03:05:53.238, 7, P0, 37, 243.24 W, 1965 MHz, 3996 MHz, 0 %, 0 MiB
2026/07/31 03:05:54.238, 0, P0, 36, 258.57 W, 1965 MHz, 3996 MHz, 11 %, 161787 MiB
2026/07/31 03:05:54.238, 1, P0, 34, 257.38 W, 1965 MHz, 3996 MHz, 50 %, 161787 MiB
2026/07/31 03:05:54.238, 2, P0, 36, 236.05 W, 1965 MHz, 3996 MHz, 0 %, 0 MiB
2026/07/31 03:05:54.238, 3, P0, 33, 238.61 W, 1965 MHz, 3996 MHz, 0 %, 0 MiB
2026/07/31 03:05:54.238, 4, P0, 33, 235.61 W, 1965 MHz, 3996 MHz, 0 %, 0 MiB
2026/07/31 03:05:54.238, 5, P0, 36, 244.05 W, 1965 MHz, 3996 MHz, 0 %, 0 MiB
2026/07/31 03:05:54.238, 6, P0, 33, 242.35 W, 1965 MHz, 3996 MHz, 0 %, 0 MiB
2026/07/31 03:05:54.238, 7, P0, 37, 243.20 W, 1965 MHz, 3996 MHz, 0 %, 0 MiB
2026/07/31 03:05:55.238, 0, P0, 36, 258.24 W, 1965 MHz, 3996 MHz, 11 %, 161787 MiB
2026/07/31 03:05:55.238, 1, P0, 34, 256.89 W, 1965 MHz, 3996 MHz, 50 %, 161787 MiB
2026/07/31 03:05:55.238, 2, P0, 36, 236.01 W, 1965 MHz, 3996 MHz, 0 %, 0 MiB
2026/07/31 03:05:55.238, 3, P0, 33, 238.51 W, 1965 MHz, 3996 MHz, 0 %, 0 MiB
2026/07/31 03:05:55.238, 4, P0, 33, 235.66 W, 1965 MHz, 3996 MHz, 0 %, 0 MiB
2026/07/31 03:05:55.238, 5, P0, 36, 244.09 W, 1965 MHz, 3996 MHz, 0 %, 0 MiB
2026/07/31 03:05:55.238, 6, P0, 33, 242.37 W, 1965 MHz, 3996 MHz, 0 %, 0 MiB
2026/07/31 03:05:55.238, 7, P0, 37, 243.11 W, 1965 MHz, 3996 MHz, 0 %, 0 MiB
2026/07/31 03:05:56.238, 0, P0, 36, 258.36 W, 1965 MHz, 3996 MHz, 11 %, 161787 MiB
2026/07/31 03:05:56.238, 1, P0, 34, 256.86 W, 1965 MHz, 3996 MHz, 56 %, 161787 MiB
2026/07/31 03:05:56.238, 2, P0, 36, 236.07 W, 1965 MHz, 3996 MHz, 0 %, 0 MiB
2026/07/31 03:05:56.238, 3, P0, 33, 238.51 W, 1965 MHz, 3996 MHz, 0 %, 0 MiB
2026/07/31 03:05:56.238, 4, P0, 33, 235.67 W, 1965 MHz, 3996 MHz, 0 %, 0 MiB
2026/07/31 03:05:56.238, 5, P0, 36, 244.08 W, 1965 MHz, 3996 MHz, 0 %, 0 MiB
2026/07/31 03:05:56.238, 6, P0, 33, 242.36 W, 1965 MHz, 3996 MHz, 0 %, 0 MiB
2026/07/31 03:05:56.238, 7, P0, 37, 243.21 W, 1965 MHz, 3996 MHz, 0 %, 0 MiB
2026/07/31 03:05:57.238, 0, P0, 36, 261.46 W, 1965 MHz, 3996 MHz, 10 %, 161787 MiB
2026/07/31 03:05:57.238, 1, P0, 34, 266.49 W, 1965 MHz, 3996 MHz, 38 %, 161787 MiB
2026/07/31 03:05:57.239, 2, P0, 36, 236.09 W, 1965 MHz, 3996 MHz, 0 %, 0 MiB
2026/07/31 03:05:57.239, 3, P0, 33, 238.53 W, 1965 MHz, 3996 MHz, 0 %, 0 MiB
2026/07/31 03:05:57.239, 4, P0, 33, 235.68 W, 1965 MHz, 3996 MHz, 0 %, 0 MiB
2026/07/31 03:05:57.239, 5, P0, 36, 244.05 W, 1965 MHz, 3996 MHz, 0 %, 0 MiB
2026/07/31 03:05:57.239, 6, P0, 33, 242.34 W, 1965 MHz, 3996 MHz, 0 %, 0 MiB
2026/07/31 03:05:57.239, 7, P0, 37, 243.10 W, 1965 MHz, 3996 MHz, 0 %, 0 MiB
2026/07/31 03:05:58.239, 0, P0, 36, 262.62 W, 1965 MHz, 3996 MHz, 11 %, 161787 MiB
2026/07/31 03:05:58.239, 1, P0, 35, 269.90 W, 1965 MHz, 3996 MHz, 21 %, 161787 MiB
2026/07/31 03:05:58.239, 2, P0, 36, 236.02 W, 1965 MHz, 3996 MHz, 0 %, 0 MiB
2026/07/31 03:05:58.239, 3, P0, 33, 238.54 W, 1965 MHz, 3996 MHz, 0 %, 0 MiB
2026/07/31 03:05:58.239, 4, P0, 33, 235.64 W, 1965 MHz, 3996 MHz, 0 %, 0 MiB
2026/07/31 03:05:58.239, 5, P0, 36, 244.10 W, 1965 MHz, 3996 MHz, 0 %, 0 MiB
2026/07/31 03:05:58.239, 6, P0, 33, 242.33 W, 1965 MHz, 3996 MHz, 0 %, 0 MiB
2026/07/31 03:05:58.239, 7, P0, 37, 243.23 W, 1965 MHz, 3996 MHz, 0 %, 0 MiB
2026/07/31 03:05:59.239, 0, P0, 36, 259.13 W, 1965 MHz, 3996 MHz, 10 %, 161787 MiB
2026/07/31 03:05:59.239, 1, P0, 34, 258.34 W, 1965 MHz, 3996 MHz, 30 %, 161787 MiB
2026/07/31 03:05:59.239, 2, P0, 36, 236.01 W, 1965 MHz, 3996 MHz, 0 %, 0 MiB
2026/07/31 03:05:59.239, 3, P0, 33, 238.48 W, 1965 MHz, 3996 MHz, 0 %, 0 MiB
2026/07/31 03:05:59.239, 4, P0, 33, 235.70 W, 1965 MHz, 3996 MHz, 0 %, 0 MiB
2026/07/31 03:05:59.239, 5, P0, 36, 244.06 W, 1965 MHz, 3996 MHz, 0 %, 0 MiB
2026/07/31 03:05:59.239, 6, P0, 33, 242.37 W, 1965 MHz, 3996 MHz, 0 %, 0 MiB
2026/07/31 03:05:59.239, 7, P0, 37, 243.25 W, 1965 MHz, 3996 MHz, 0 %, 0 MiB
2026/07/31 03:06:00.239, 0, P0, 36, 264.52 W, 1965 MHz, 3996 MHz, 11 %, 161787 MiB
2026/07/31 03:06:00.239, 1, P0, 34, 263.93 W, 1965 MHz, 3996 MHz, 38 %, 161787 MiB
2026/07/31 03:06:00.239, 2, P0, 36, 236.01 W, 1965 MHz, 3996 MHz, 0 %, 0 MiB
2026/07/31 03:06:00.239, 3, P0, 33, 238.49 W, 1965 MHz, 3996 MHz, 0 %, 0 MiB
2026/07/31 03:06:00.239, 4, P0, 33, 235.62 W, 1965 MHz, 3996 MHz, 0 %, 0 MiB
2026/07/31 03:06:00.239, 5, P0, 36, 244.12 W, 1965 MHz, 3996 MHz, 0 %, 0 MiB
2026/07/31 03:06:00.239, 6, P0, 33, 242.38 W, 1965 MHz, 3996 MHz, 0 %, 0 MiB
2026/07/31 03:06:00.239, 7, P0, 37, 243.18 W, 1965 MHz, 3996 MHz, 0 %, 0 MiB
2026/07/31 03:06:01.240, 0, P0, 37, 264.10 W, 1965 MHz, 3996 MHz, 11 %, 161787 MiB
2026/07/31 03:06:01.240, 1, P0, 34, 258.70 W, 1965 MHz, 3996 MHz, 30 %, 161787 MiB
2026/07/31 03:06:01.240, 2, P0, 36, 236.05 W, 1965 MHz, 3996 MHz, 0 %, 0 MiB
2026/07/31 03:06:01.240, 3, P0, 33, 238.51 W, 1965 MHz, 3996 MHz, 0 %, 0 MiB
2026/07/31 03:06:01.240, 4, P0, 33, 235.67 W, 1965 MHz, 3996 MHz, 0 %, 0 MiB
2026/07/31 03:06:01.240, 5, P0, 36, 244.15 W, 1965 MHz, 3996 MHz, 0 %, 0 MiB
2026/07/31 03:06:01.240, 6, P0, 33, 242.40 W, 1965 MHz, 3996 MHz, 0 %, 0 MiB
2026/07/31 03:06:01.240, 7, P0, 37, 243.20 W, 1965 MHz, 3996 MHz, 0 %, 0 MiB
2026/07/31 03:06:02.240, 0, P0, 36, 260.18 W, 1965 MHz, 3996 MHz, 11 %, 161787 MiB
2026/07/31 03:06:02.240, 1, P0, 34, 261.34 W, 1965 MHz, 3996 MHz, 38 %, 161787 MiB
2026/07/31 03:06:02.240, 2, P0, 36, 235.99 W, 1965 MHz, 3996 MHz, 0 %, 0 MiB
2026/07/31 03:06:02.240, 3, P0, 33, 238.52 W, 1965 MHz, 3996 MHz, 0 %, 0 MiB
2026/07/31 03:06:02.240, 4, P0, 33, 235.65 W, 1965 MHz, 3996 MHz, 0 %, 0 MiB
2026/07/31 03:06:02.240, 5, P0, 36, 244.16 W, 1965 MHz, 3996 MHz, 0 %, 0 MiB
2026/07/31 03:06:02.240, 6, P0, 33, 242.34 W, 1965 MHz, 3996 MHz, 0 %, 0 MiB
2026/07/31 03:06:02.240, 7, P0, 37, 243.13 W, 1965 MHz, 3996 MHz, 0 %, 0 MiB
2026/07/31 03:06:03.240, 0, P0, 36, 259.86 W, 1965 MHz, 3996 MHz, 11 %, 161787 MiB
2026/07/31 03:06:03.240, 1, P0, 34, 257.68 W, 1965 MHz, 3996 MHz, 28 %, 161787 MiB
2026/07/31 03:06:03.240, 2, P0, 36, 235.99 W, 1965 MHz, 3996 MHz, 0 %, 0 MiB
2026/07/31 03:06:03.240, 3, P0, 33, 238.53 W, 1965 MHz, 3996 MHz, 0 %, 0 MiB
2026/07/31 03:06:03.240, 4, P0, 33, 235.67 W, 1965 MHz, 3996 MHz, 0 %, 0 MiB
2026/07/31 03:06:03.240, 5, P0, 36, 244.13 W, 1965 MHz, 3996 MHz, 0 %, 0 MiB
2026/07/31 03:06:03.240, 6, P0, 33, 242.39 W, 1965 MHz, 3996 MHz, 0 %, 0 MiB
2026/07/31 03:06:03.240, 7, P0, 37, 243.21 W, 1965 MHz, 3996 MHz, 0 %, 0 MiB
2026/07/31 03:06:04.240, 0, P0, 36, 260.87 W, 1965 MHz, 3996 MHz, 11 %, 161787 MiB
2026/07/31 03:06:04.240, 1, P0, 34, 259.72 W, 1965 MHz, 3996 MHz, 31 %, 161787 MiB
2026/07/31 03:06:04.240, 2, P0, 36, 236.03 W, 1965 MHz, 3996 MHz, 0 %, 0 MiB
2026/07/31 03:06:04.240, 3, P0, 33, 238.55 W, 1965 MHz, 3996 MHz, 0 %, 0 MiB
2026/07/31 03:06:04.240, 4, P0, 33, 235.64 W, 1965 MHz, 3996 MHz, 0 %, 0 MiB
2026/07/31 03:06:04.240, 5, P0, 36, 244.08 W, 1965 MHz, 3996 MHz, 0 %, 0 MiB
2026/07/31 03:06:04.240, 6, P0, 33, 242.36 W, 1965 MHz, 3996 MHz, 0 %, 0 MiB
2026/07/31 03:06:04.240, 7, P0, 37, 243.26 W, 1965 MHz, 3996 MHz, 0 %, 0 MiB
2026/07/31 03:06:05.241, 0, P0, 36, 261.10 W, 1965 MHz, 3996 MHz, 11 %, 161787 MiB
2026/07/31 03:06:05.241, 1, P0, 34, 259.28 W, 1965 MHz, 3996 MHz, 33 %, 161787 MiB
2026/07/31 03:06:05.241, 2, P0, 36, 236.03 W, 1965 MHz, 3996 MHz, 0 %, 0 MiB
2026/07/31 03:06:05.241, 3, P0, 33, 238.54 W, 1965 MHz, 3996 MHz, 0 %, 0 MiB
2026/07/31 03:06:05.241, 4, P0, 33, 235.63 W, 1965 MHz, 3996 MHz, 0 %, 0 MiB
2026/07/31 03:06:05.241, 5, P0, 36, 244.20 W, 1965 MHz, 3996 MHz, 0 %, 0 MiB
2026/07/31 03:06:05.241, 6, P0, 33, 242.39 W, 1965 MHz, 3996 MHz, 0 %, 0 MiB
2026/07/31 03:06:05.241, 7, P0, 37, 243.33 W, 1965 MHz, 3996 MHz, 0 %, 0 MiB
2026/07/31 03:06:06.241, 0, P0, 36, 260.89 W, 1965 MHz, 3996 MHz, 11 %, 161787 MiB
2026/07/31 03:06:06.241, 1, P0, 34, 260.77 W, 1965 MHz, 3996 MHz, 36 %, 161787 MiB
2026/07/31 03:06:06.241, 2, P0, 36, 235.99 W, 1965 MHz, 3996 MHz, 0 %, 0 MiB
2026/07/31 03:06:06.241, 3, P0, 33, 238.49 W, 1965 MHz, 3996 MHz, 0 %, 0 MiB
2026/07/31 03:06:06.241, 4, P0, 33, 235.61 W, 1965 MHz, 3996 MHz, 0 %, 0 MiB
2026/07/31 03:06:06.241, 5, P0, 36, 244.08 W, 1965 MHz, 3996 MHz, 0 %, 0 MiB
2026/07/31 03:06:06.241, 6, P0, 33, 242.39 W, 1965 MHz, 3996 MHz, 0 %, 0 MiB
2026/07/31 03:06:06.241, 7, P0, 37, 243.31 W, 1965 MHz, 3996 MHz, 0 %, 0 MiB
2026/07/31 03:06:07.241, 0, P0, 36, 261.55 W, 1965 MHz, 3996 MHz, 11 %, 161787 MiB
2026/07/31 03:06:07.241, 1, P0, 34, 260.35 W, 1965 MHz, 3996 MHz, 40 %, 161787 MiB
2026/07/31 03:06:07.241, 2, P0, 36, 236.01 W, 1965 MHz, 3996 MHz, 0 %, 0 MiB
2026/07/31 03:06:07.241, 3, P0, 33, 238.47 W, 1965 MHz, 3996 MHz, 0 %, 0 MiB
2026/07/31 03:06:07.241, 4, P0, 33, 235.66 W, 1965 MHz, 3996 MHz, 0 %, 0 MiB
2026/07/31 03:06:07.241, 5, P0, 36, 244.09 W, 1965 MHz, 3996 MHz, 0 %, 0 MiB
2026/07/31 03:06:07.241, 6, P0, 33, 242.38 W, 1965 MHz, 3996 MHz, 0 %, 0 MiB
2026/07/31 03:06:07.241, 7, P0, 37, 243.27 W, 1965 MHz, 3996 MHz, 0 %, 0 MiB
2026/07/31 03:06:08.241, 0, P0, 36, 263.51 W, 1965 MHz, 3996 MHz, 11 %, 161787 MiB
2026/07/31 03:06:08.242, 1, P0, 34, 265.52 W, 1965 MHz, 3996 MHz, 39 %, 161787 MiB
2026/07/31 03:06:08.242, 2, P0, 36, 236.05 W, 1965 MHz, 3996 MHz, 0 %, 0 MiB
2026/07/31 03:06:08.242, 3, P0, 33, 238.53 W, 1965 MHz, 3996 MHz, 0 %, 0 MiB
2026/07/31 03:06:08.242, 4, P0, 33, 235.58 W, 1965 MHz, 3996 MHz, 0 %, 0 MiB
2026/07/31 03:06:08.242, 5, P0, 36, 244.16 W, 1965 MHz, 3996 MHz, 0 %, 0 MiB
2026/07/31 03:06:08.242, 6, P0, 33, 242.36 W, 1965 MHz, 3996 MHz, 0 %, 0 MiB
2026/07/31 03:06:08.242, 7, P0, 37, 243.28 W, 1965 MHz, 3996 MHz, 0 %, 0 MiB
2026/07/31 03:06:09.242, 0, P0, 36, 263.48 W, 1965 MHz, 3996 MHz, 14 %, 161787 MiB
2026/07/31 03:06:09.242, 1, P0, 34, 266.03 W, 1965 MHz, 3996 MHz, 29 %, 161787 MiB
2026/07/31 03:06:09.242, 2, P0, 36, 236.01 W, 1965 MHz, 3996 MHz, 0 %, 0 MiB
2026/07/31 03:06:09.242, 3, P0, 33, 238.52 W, 1965 MHz, 3996 MHz, 0 %, 0 MiB
2026/07/31 03:06:09.242, 4, P0, 33, 235.62 W, 1965 MHz, 3996 MHz, 0 %, 0 MiB
2026/07/31 03:06:09.242, 5, P0, 36, 244.11 W, 1965 MHz, 3996 MHz, 0 %, 0 MiB
2026/07/31 03:06:09.242, 6, P0, 33, 242.35 W, 1965 MHz, 3996 MHz, 0 %, 0 MiB
2026/07/31 03:06:09.242, 7, P0, 37, 243.21 W, 1965 MHz, 3996 MHz, 0 %, 0 MiB
2026/07/31 03:06:10.242, 0, P0, 36, 259.83 W, 1965 MHz, 3996 MHz, 10 %, 161787 MiB
2026/07/31 03:06:10.242, 1, P0, 34, 258.33 W, 1965 MHz, 3996 MHz, 47 %, 161787 MiB
2026/07/31 03:06:10.242, 2, P0, 36, 236.05 W, 1965 MHz, 3996 MHz, 0 %, 0 MiB
2026/07/31 03:06:10.242, 3, P0, 33, 238.51 W, 1965 MHz, 3996 MHz, 0 %, 0 MiB
2026/07/31 03:06:10.242, 4, P0, 33, 235.68 W, 1965 MHz, 3996 MHz, 0 %, 0 MiB
2026/07/31 03:06:10.242, 5, P0, 36, 244.09 W, 1965 MHz, 3996 MHz, 0 %, 0 MiB
2026/07/31 03:06:10.242, 6, P0, 33, 242.38 W, 1965 MHz, 3996 MHz, 0 %, 0 MiB
2026/07/31 03:06:10.242, 7, P0, 37, 243.24 W, 1965 MHz, 3996 MHz, 0 %, 0 MiB
2026/07/31 03:06:11.242, 0, P0, 36, 260.43 W, 1965 MHz, 3996 MHz, 11 %, 161787 MiB
2026/07/31 03:06:11.242, 1, P0, 34, 258.54 W, 1965 MHz, 3996 MHz, 40 %, 161787 MiB
2026/07/31 03:06:11.242, 2, P0, 36, 236.07 W, 1965 MHz, 3996 MHz, 0 %, 0 MiB
2026/07/31 03:06:11.242, 3, P0, 33, 238.49 W, 1965 MHz, 3996 MHz, 0 %, 0 MiB
2026/07/31 03:06:11.243, 4, P0, 33, 235.65 W, 1965 MHz, 3996 MHz, 0 %, 0 MiB
2026/07/31 03:06:11.243, 5, P0, 36, 244.13 W, 1965 MHz, 3996 MHz, 0 %, 0 MiB
2026/07/31 03:06:11.243, 6, P0, 33, 242.35 W, 1965 MHz, 3996 MHz, 0 %, 0 MiB
2026/07/31 03:06:11.243, 7, P0, 37, 243.26 W, 1965 MHz, 3996 MHz, 0 %, 0 MiB
2026/07/31 03:06:12.243, 0, P0, 36, 261.13 W, 1965 MHz, 3996 MHz, 11 %, 161787 MiB
2026/07/31 03:06:12.243, 1, P0, 34, 259.34 W, 1965 MHz, 3996 MHz, 30 %, 161787 MiB
2026/07/31 03:06:12.243, 2, P0, 36, 236.06 W, 1965 MHz, 3996 MHz, 0 %, 0 MiB
2026/07/31 03:06:12.243, 3, P0, 33, 238.55 W, 1965 MHz, 3996 MHz, 0 %, 0 MiB
2026/07/31 03:06:12.243, 4, P0, 33, 235.67 W, 1965 MHz, 3996 MHz, 0 %, 0 MiB
2026/07/31 03:06:12.243, 5, P0, 36, 244.13 W, 1965 MHz, 3996 MHz, 0 %, 0 MiB
2026/07/31 03:06:12.243, 6, P0, 33, 242.34 W, 1965 MHz, 3996 MHz, 0 %, 0 MiB
2026/07/31 03:06:12.243, 7, P0, 37, 243.23 W, 1965 MHz, 3996 MHz, 0 %, 0 MiB
2026/07/31 03:06:13.243, 0, P0, 36, 260.69 W, 1965 MHz, 3996 MHz, 11 %, 161787 MiB
2026/07/31 03:06:13.243, 1, P0, 34, 259.68 W, 1965 MHz, 3996 MHz, 37 %, 161787 MiB
2026/07/31 03:06:13.243, 2, P0, 36, 236.02 W, 1965 MHz, 3996 MHz, 0 %, 0 MiB
2026/07/31 03:06:13.243, 3, P0, 33, 238.48 W, 1965 MHz, 3996 MHz, 0 %, 0 MiB
2026/07/31 03:06:13.243, 4, P0, 33, 235.71 W, 1965 MHz, 3996 MHz, 0 %, 0 MiB
2026/07/31 03:06:13.243, 5, P0, 36, 244.17 W, 1965 MHz, 3996 MHz, 0 %, 0 MiB
2026/07/31 03:06:13.243, 6, P0, 33, 242.42 W, 1965 MHz, 3996 MHz, 0 %, 0 MiB
2026/07/31 03:06:13.243, 7, P0, 37, 243.29 W, 1965 MHz, 3996 MHz, 0 %, 0 MiB
2026/07/31 03:06:14.243, 0, P0, 36, 259.86 W, 1965 MHz, 3996 MHz, 11 %, 161787 MiB
2026/07/31 03:06:14.243, 1, P0, 34, 259.41 W, 1965 MHz, 3996 MHz, 47 %, 161787 MiB
2026/07/31 03:06:14.243, 2, P0, 36, 236.03 W, 1965 MHz, 3996 MHz, 0 %, 0 MiB
2026/07/31 03:06:14.243, 3, P0, 33, 238.53 W, 1965 MHz, 3996 MHz, 0 %, 0 MiB
2026/07/31 03:06:14.243, 4, P0, 33, 235.65 W, 1965 MHz, 3996 MHz, 0 %, 0 MiB
2026/07/31 03:06:14.243, 5, P0, 36, 244.07 W, 1965 MHz, 3996 MHz, 0 %, 0 MiB
2026/07/31 03:06:14.243, 6, P0, 33, 242.38 W, 1965 MHz, 3996 MHz, 0 %, 0 MiB
2026/07/31 03:06:14.244, 7, P0, 37, 243.28 W, 1965 MHz, 3996 MHz, 0 %, 0 MiB
2026/07/31 03:06:15.244, 0, P0, 36, 261.68 W, 1965 MHz, 3996 MHz, 11 %, 161787 MiB
2026/07/31 03:06:15.244, 1, P0, 34, 260.78 W, 1965 MHz, 3996 MHz, 41 %, 161787 MiB
2026/07/31 03:06:15.244, 2, P0, 36, 236.05 W, 1965 MHz, 3996 MHz, 0 %, 0 MiB
2026/07/31 03:06:15.244, 3, P0, 33, 238.52 W, 1965 MHz, 3996 MHz, 0 %, 0 MiB
2026/07/31 03:06:15.244, 4, P0, 33, 235.60 W, 1965 MHz, 3996 MHz, 0 %, 0 MiB
2026/07/31 03:06:15.244, 5, P0, 36, 244.18 W, 1965 MHz, 3996 MHz, 0 %, 0 MiB
2026/07/31 03:06:15.244, 6, P0, 33, 242.45 W, 1965 MHz, 3996 MHz, 0 %, 0 MiB
2026/07/31 03:06:15.244, 7, P0, 37, 243.24 W, 1965 MHz, 3996 MHz, 0 %, 0 MiB
2026/07/31 03:06:16.244, 0, P0, 36, 261.72 W, 1965 MHz, 3996 MHz, 11 %, 161787 MiB
2026/07/31 03:06:16.244, 1, P0, 34, 259.91 W, 1965 MHz, 3996 MHz, 46 %, 161787 MiB
2026/07/31 03:06:16.244, 2, P0, 36, 236.05 W, 1965 MHz, 3996 MHz, 0 %, 0 MiB
2026/07/31 03:06:16.244, 3, P0, 33, 238.57 W, 1965 MHz, 3996 MHz, 0 %, 0 MiB
2026/07/31 03:06:16.244, 4, P0, 33, 235.66 W, 1965 MHz, 3996 MHz, 0 %, 0 MiB
2026/07/31 03:06:16.244, 5, P0, 36, 244.04 W, 1965 MHz, 3996 MHz, 0 %, 0 MiB
2026/07/31 03:06:16.244, 6, P0, 33, 242.41 W, 1965 MHz, 3996 MHz, 0 %, 0 MiB
2026/07/31 03:06:16.244, 7, P0, 37, 243.27 W, 1965 MHz, 3996 MHz, 0 %, 0 MiB
2026/07/31 03:06:17.244, 0, P0, 36, 260.36 W, 1965 MHz, 3996 MHz, 15 %, 161787 MiB
2026/07/31 03:06:17.244, 1, P0, 34, 259.03 W, 1965 MHz, 3996 MHz, 43 %, 161787 MiB
2026/07/31 03:06:17.244, 2, P0, 36, 236.06 W, 1965 MHz, 3996 MHz, 0 %, 0 MiB
2026/07/31 03:06:17.244, 3, P0, 33, 238.51 W, 1965 MHz, 3996 MHz, 0 %, 0 MiB
2026/07/31 03:06:17.244, 4, P0, 33, 235.66 W, 1965 MHz, 3996 MHz, 0 %, 0 MiB
2026/07/31 03:06:17.244, 5, P0, 36, 244.11 W, 1965 MHz, 3996 MHz, 0 %, 0 MiB
2026/07/31 03:06:17.244, 6, P0, 33, 242.33 W, 1965 MHz, 3996 MHz, 0 %, 0 MiB
2026/07/31 03:06:17.244, 7, P0, 37, 243.30 W, 1965 MHz, 3996 MHz, 0 %, 0 MiB
2026/07/31 03:06:18.244, 0, P0, 36, 261.06 W, 1965 MHz, 3996 MHz, 11 %, 161787 MiB
2026/07/31 03:06:18.245, 1, P0, 34, 259.51 W, 1965 MHz, 3996 MHz, 51 %, 161787 MiB
2026/07/31 03:06:18.245, 2, P0, 36, 236.05 W, 1965 MHz, 3996 MHz, 0 %, 0 MiB
2026/07/31 03:06:18.245, 3, P0, 33, 238.55 W, 1965 MHz, 3996 MHz, 0 %, 0 MiB
2026/07/31 03:06:18.245, 4, P0, 33, 235.62 W, 1965 MHz, 3996 MHz, 0 %, 0 MiB
2026/07/31 03:06:18.245, 5, P0, 36, 244.17 W, 1965 MHz, 3996 MHz, 0 %, 0 MiB
2026/07/31 03:06:18.245, 6, P0, 33, 242.34 W, 1965 MHz, 3996 MHz, 0 %, 0 MiB
2026/07/31 03:06:18.245, 7, P0, 37, 243.19 W, 1965 MHz, 3996 MHz, 0 %, 0 MiB
2026/07/31 03:06:19.245, 0, P0, 36, 261.23 W, 1965 MHz, 3996 MHz, 11 %, 161787 MiB
2026/07/31 03:06:19.246, 1, P0, 34, 261.14 W, 1965 MHz, 3996 MHz, 51 %, 161787 MiB
2026/07/31 03:06:19.246, 2, P0, 36, 236.05 W, 1965 MHz, 3996 MHz, 0 %, 0 MiB
2026/07/31 03:06:19.246, 3, P0, 33, 238.54 W, 1965 MHz, 3996 MHz, 0 %, 0 MiB
2026/07/31 03:06:19.246, 4, P0, 33, 235.62 W, 1965 MHz, 3996 MHz, 0 %, 0 MiB
2026/07/31 03:06:19.246, 5, P0, 36, 244.08 W, 1965 MHz, 3996 MHz, 0 %, 0 MiB
2026/07/31 03:06:19.246, 6, P0, 33, 242.37 W, 1965 MHz, 3996 MHz, 0 %, 0 MiB
2026/07/31 03:06:19.246, 7, P0, 37, 243.26 W, 1965 MHz, 3996 MHz, 0 %, 0 MiB
2026/07/31 03:06:20.246, 0, P0, 36, 259.71 W, 1965 MHz, 3996 MHz, 12 %, 161787 MiB
2026/07/31 03:06:20.246, 1, P0, 34, 259.52 W, 1965 MHz, 3996 MHz, 33 %, 161787 MiB
2026/07/31 03:06:20.246, 2, P0, 36, 235.99 W, 1965 MHz, 3996 MHz, 0 %, 0 MiB
2026/07/31 03:06:20.246, 3, P0, 33, 238.54 W, 1965 MHz, 3996 MHz, 0 %, 0 MiB
2026/07/31 03:06:20.246, 4, P0, 33, 235.58 W, 1965 MHz, 3996 MHz, 0 %, 0 MiB
2026/07/31 03:06:20.246, 5, P0, 36, 244.14 W, 1965 MHz, 3996 MHz, 0 %, 0 MiB
2026/07/31 03:06:20.246, 6, P0, 33, 242.39 W, 1965 MHz, 3996 MHz, 0 %, 0 MiB
2026/07/31 03:06:20.246, 7, P0, 37, 243.24 W, 1965 MHz, 3996 MHz, 0 %, 0 MiB
2026/07/31 03:06:21.246, 0, P0, 36, 261.70 W, 1965 MHz, 3996 MHz, 11 %, 161787 MiB
2026/07/31 03:06:21.246, 1, P0, 34, 260.49 W, 1965 MHz, 3996 MHz, 49 %, 161787 MiB
2026/07/31 03:06:21.246, 2, P0, 36, 236.03 W, 1965 MHz, 3996 MHz, 0 %, 0 MiB
2026/07/31 03:06:21.246, 3, P0, 33, 238.54 W, 1965 MHz, 3996 MHz, 0 %, 0 MiB
2026/07/31 03:06:21.246, 4, P0, 33, 235.65 W, 1965 MHz, 3996 MHz, 0 %, 0 MiB
2026/07/31 03:06:21.246, 5, P0, 36, 244.10 W, 1965 MHz, 3996 MHz, 0 %, 0 MiB
2026/07/31 03:06:21.246, 6, P0, 33, 242.34 W, 1965 MHz, 3996 MHz, 0 %, 0 MiB
2026/07/31 03:06:21.246, 7, P0, 37, 243.21 W, 1965 MHz, 3996 MHz, 0 %, 0 MiB
2026/07/31 03:06:22.246, 0, P0, 36, 261.43 W, 1965 MHz, 3996 MHz, 11 %, 161787 MiB
2026/07/31 03:06:22.246, 1, P0, 34, 260.53 W, 1965 MHz, 3996 MHz, 29 %, 161787 MiB
2026/07/31 03:06:22.246, 2, P0, 36, 236.08 W, 1965 MHz, 3996 MHz, 0 %, 0 MiB
2026/07/31 03:06:22.246, 3, P0, 33, 238.55 W, 1965 MHz, 3996 MHz, 0 %, 0 MiB
2026/07/31 03:06:22.246, 4, P0, 33, 235.60 W, 1965 MHz, 3996 MHz, 0 %, 0 MiB
2026/07/31 03:06:22.246, 5, P0, 36, 244.07 W, 1965 MHz, 3996 MHz, 0 %, 0 MiB
2026/07/31 03:06:22.246, 6, P0, 33, 242.44 W, 1965 MHz, 3996 MHz, 0 %, 0 MiB
2026/07/31 03:06:22.247, 7, P0, 37, 243.17 W, 1965 MHz, 3996 MHz, 0 %, 0 MiB
2026/07/31 03:06:23.247, 0, P0, 36, 260.31 W, 1965 MHz, 3996 MHz, 14 %, 161787 MiB
2026/07/31 03:06:23.247, 1, P0, 34, 259.77 W, 1965 MHz, 3996 MHz, 18 %, 161787 MiB
2026/07/31 03:06:23.247, 2, P0, 36, 236.02 W, 1965 MHz, 3996 MHz, 0 %, 0 MiB
2026/07/31 03:06:23.247, 3, P0, 33, 238.55 W, 1965 MHz, 3996 MHz, 0 %, 0 MiB
2026/07/31 03:06:23.247, 4, P0, 33, 235.66 W, 1965 MHz, 3996 MHz, 0 %, 0 MiB
2026/07/31 03:06:23.247, 5, P0, 36, 244.14 W, 1965 MHz, 3996 MHz, 0 %, 0 MiB
2026/07/31 03:06:23.247, 6, P0, 33, 242.41 W, 1965 MHz, 3996 MHz, 0 %, 0 MiB
2026/07/31 03:06:23.247, 7, P0, 37, 243.25 W, 1965 MHz, 3996 MHz, 0 %, 0 MiB
2026/07/31 03:06:24.247, 0, P0, 36, 260.41 W, 1965 MHz, 3996 MHz, 11 %, 161787 MiB
2026/07/31 03:06:24.247, 1, P0, 34, 258.35 W, 1965 MHz, 3996 MHz, 25 %, 161787 MiB
2026/07/31 03:06:24.247, 2, P0, 36, 236.04 W, 1965 MHz, 3996 MHz, 0 %, 0 MiB
2026/07/31 03:06:24.247, 3, P0, 33, 238.59 W, 1965 MHz, 3996 MHz, 0 %, 0 MiB
2026/07/31 03:06:24.247, 4, P0, 33, 235.65 W, 1965 MHz, 3996 MHz, 0 %, 0 MiB
2026/07/31 03:06:24.247, 5, P0, 36, 244.07 W, 1965 MHz, 3996 MHz, 0 %, 0 MiB
2026/07/31 03:06:24.247, 6, P0, 33, 242.38 W, 1965 MHz, 3996 MHz, 0 %, 0 MiB
2026/07/31 03:06:24.247, 7, P0, 37, 243.31 W, 1965 MHz, 3996 MHz, 0 %, 0 MiB
2026/07/31 03:06:25.247, 0, P0, 36, 261.75 W, 1965 MHz, 3996 MHz, 11 %, 161787 MiB
2026/07/31 03:06:25.247, 1, P0, 34, 260.69 W, 1965 MHz, 3996 MHz, 37 %, 161787 MiB
2026/07/31 03:06:25.247, 2, P0, 36, 236.03 W, 1965 MHz, 3996 MHz, 0 %, 0 MiB
2026/07/31 03:06:25.247, 3, P0, 33, 238.60 W, 1965 MHz, 3996 MHz, 0 %, 0 MiB
2026/07/31 03:06:25.247, 4, P0, 33, 235.60 W, 1965 MHz, 3996 MHz, 0 %, 0 MiB
2026/07/31 03:06:25.247, 5, P0, 36, 244.11 W, 1965 MHz, 3996 MHz, 0 %, 0 MiB
2026/07/31 03:06:25.247, 6, P0, 33, 242.41 W, 1965 MHz, 3996 MHz, 0 %, 0 MiB
2026/07/31 03:06:25.247, 7, P0, 37, 243.21 W, 1965 MHz, 3996 MHz, 0 %, 0 MiB
2026/07/31 03:06:26.247, 0, P0, 36, 261.56 W, 1965 MHz, 3996 MHz, 11 %, 161787 MiB
2026/07/31 03:06:26.248, 1, P0, 34, 259.65 W, 1965 MHz, 3996 MHz, 29 %, 161787 MiB
2026/07/31 03:06:26.248, 2, P0, 36, 236.03 W, 1965 MHz, 3996 MHz, 0 %, 0 MiB
2026/07/31 03:06:26.248, 3, P0, 33, 238.57 W, 1965 MHz, 3996 MHz, 0 %, 0 MiB
2026/07/31 03:06:26.248, 4, P0, 33, 235.66 W, 1965 MHz, 3996 MHz, 0 %, 0 MiB
2026/07/31 03:06:26.248, 5, P0, 36, 244.20 W, 1965 MHz, 3996 MHz, 0 %, 0 MiB
2026/07/31 03:06:26.248, 6, P0, 33, 242.30 W, 1965 MHz, 3996 MHz, 0 %, 0 MiB
2026/07/31 03:06:26.248, 7, P0, 37, 243.27 W, 1965 MHz, 3996 MHz, 0 %, 0 MiB
2026/07/31 03:06:27.248, 0, P0, 36, 260.44 W, 1965 MHz, 3996 MHz, 11 %, 161787 MiB
2026/07/31 03:06:27.248, 1, P0, 34, 259.57 W, 1965 MHz, 3996 MHz, 33 %, 161787 MiB
2026/07/31 03:06:27.248, 2, P0, 36, 236.07 W, 1965 MHz, 3996 MHz, 0 %, 0 MiB
2026/07/31 03:06:27.248, 3, P0, 33, 238.53 W, 1965 MHz, 3996 MHz, 0 %, 0 MiB
2026/07/31 03:06:27.248, 4, P0, 33, 235.65 W, 1965 MHz, 3996 MHz, 0 %, 0 MiB
2026/07/31 03:06:27.248, 5, P0, 36, 244.12 W, 1965 MHz, 3996 MHz, 0 %, 0 MiB
2026/07/31 03:06:27.248, 6, P0, 33, 242.37 W, 1965 MHz, 3996 MHz, 0 %, 0 MiB
2026/07/31 03:06:27.248, 7, P0, 37, 243.29 W, 1965 MHz, 3996 MHz, 0 %, 0 MiB
2026/07/31 03:06:28.248, 0, P0, 36, 261.92 W, 1965 MHz, 3996 MHz, 12 %, 161787 MiB
2026/07/31 03:06:28.248, 1, P0, 34, 260.30 W, 1965 MHz, 3996 MHz, 49 %, 161787 MiB
2026/07/31 03:06:28.248, 2, P0, 36, 236.05 W, 1965 MHz, 3996 MHz, 0 %, 0 MiB
2026/07/31 03:06:28.248, 3, P0, 33, 238.58 W, 1965 MHz, 3996 MHz, 0 %, 0 MiB
2026/07/31 03:06:28.248, 4, P0, 33, 235.58 W, 1965 MHz, 3996 MHz, 0 %, 0 MiB
2026/07/31 03:06:28.248, 5, P0, 36, 244.16 W, 1965 MHz, 3996 MHz, 0 %, 0 MiB
2026/07/31 03:06:28.248, 6, P0, 33, 242.35 W, 1965 MHz, 3996 MHz, 0 %, 0 MiB
2026/07/31 03:06:28.248, 7, P0, 37, 243.23 W, 1965 MHz, 3996 MHz, 0 %, 0 MiB
2026/07/31 03:06:29.248, 0, P0, 36, 261.23 W, 1965 MHz, 3996 MHz, 11 %, 161787 MiB
2026/07/31 03:06:29.248, 1, P0, 34, 259.07 W, 1965 MHz, 3996 MHz, 40 %, 161787 MiB
2026/07/31 03:06:29.248, 2, P0, 36, 236.05 W, 1965 MHz, 3996 MHz, 0 %, 0 MiB
2026/07/31 03:06:29.248, 3, P0, 33, 238.52 W, 1965 MHz, 3996 MHz, 0 %, 0 MiB
2026/07/31 03:06:29.248, 4, P0, 33, 235.67 W, 1965 MHz, 3996 MHz, 0 %, 0 MiB
2026/07/31 03:06:29.248, 5, P0, 36, 244.10 W, 1965 MHz, 3996 MHz, 0 %, 0 MiB
2026/07/31 03:06:29.248, 6, P0, 33, 242.39 W, 1965 MHz, 3996 MHz, 0 %, 0 MiB
2026/07/31 03:06:29.249, 7, P0, 37, 243.24 W, 1965 MHz, 3996 MHz, 0 %, 0 MiB
2026/07/31 03:06:30.249, 0, P0, 36, 260.25 W, 1965 MHz, 3996 MHz, 11 %, 161787 MiB
2026/07/31 03:06:30.249, 1, P0, 34, 259.90 W, 1965 MHz, 3996 MHz, 37 %, 161787 MiB
2026/07/31 03:06:30.249, 2, P0, 36, 236.10 W, 1965 MHz, 3996 MHz, 0 %, 0 MiB
2026/07/31 03:06:30.249, 3, P0, 33, 238.56 W, 1965 MHz, 3996 MHz, 0 %, 0 MiB
2026/07/31 03:06:30.249, 4, P0, 33, 235.61 W, 1965 MHz, 3996 MHz, 0 %, 0 MiB
2026/07/31 03:06:30.249, 5, P0, 36, 244.08 W, 1965 MHz, 3996 MHz, 0 %, 0 MiB
2026/07/31 03:06:30.249, 6, P0, 33, 242.37 W, 1965 MHz, 3996 MHz, 0 %, 0 MiB
2026/07/31 03:06:30.249, 7, P0, 37, 243.28 W, 1965 MHz, 3996 MHz, 0 %, 0 MiB
2026/07/31 03:06:31.249, 0, P0, 36, 261.33 W, 1965 MHz, 3996 MHz, 11 %, 161787 MiB
2026/07/31 03:06:31.249, 1, P0, 34, 259.61 W, 1965 MHz, 3996 MHz, 38 %, 161787 MiB
2026/07/31 03:06:31.249, 2, P0, 36, 236.05 W, 1965 MHz, 3996 MHz, 0 %, 0 MiB
2026/07/31 03:06:31.249, 3, P0, 33, 238.56 W, 1965 MHz, 3996 MHz, 0 %, 0 MiB
2026/07/31 03:06:31.249, 4, P0, 33, 235.59 W, 1965 MHz, 3996 MHz, 0 %, 0 MiB
2026/07/31 03:06:31.249, 5, P0, 36, 244.16 W, 1965 MHz, 3996 MHz, 0 %, 0 MiB
2026/07/31 03:06:31.249, 6, P0, 33, 242.41 W, 1965 MHz, 3996 MHz, 0 %, 0 MiB
2026/07/31 03:06:31.249, 7, P0, 37, 243.26 W, 1965 MHz, 3996 MHz, 0 %, 0 MiB
2026/07/31 03:06:32.249, 0, P0, 36, 261.11 W, 1965 MHz, 3996 MHz, 11 %, 161787 MiB
2026/07/31 03:06:32.249, 1, P0, 34, 259.18 W, 1965 MHz, 3996 MHz, 39 %, 161787 MiB
2026/07/31 03:06:32.249, 2, P0, 36, 236.03 W, 1965 MHz, 3996 MHz, 0 %, 0 MiB
2026/07/31 03:06:32.249, 3, P0, 33, 238.56 W, 1965 MHz, 3996 MHz, 0 %, 0 MiB
2026/07/31 03:06:32.249, 4, P0, 33, 235.57 W, 1965 MHz, 3996 MHz, 0 %, 0 MiB
2026/07/31 03:06:32.249, 5, P0, 36, 244.12 W, 1965 MHz, 3996 MHz, 0 %, 0 MiB
2026/07/31 03:06:32.249, 6, P0, 33, 242.41 W, 1965 MHz, 3996 MHz, 0 %, 0 MiB
2026/07/31 03:06:32.249, 7, P0, 37, 243.29 W, 1965 MHz, 3996 MHz, 0 %, 0 MiB
2026/07/31 03:06:33.249, 0, P0, 36, 261.15 W, 1965 MHz, 3996 MHz, 11 %, 161787 MiB
2026/07/31 03:06:33.249, 1, P0, 34, 259.96 W, 1965 MHz, 3996 MHz, 42 %, 161787 MiB
2026/07/31 03:06:33.250, 2, P0, 36, 236.10 W, 1965 MHz, 3996 MHz, 0 %, 0 MiB
2026/07/31 03:06:33.250, 3, P0, 33, 238.52 W, 1965 MHz, 3996 MHz, 0 %, 0 MiB
2026/07/31 03:06:33.250, 4, P0, 33, 235.61 W, 1965 MHz, 3996 MHz, 0 %, 0 MiB
2026/07/31 03:06:33.250, 5, P0, 36, 244.15 W, 1965 MHz, 3996 MHz, 0 %, 0 MiB
2026/07/31 03:06:33.250, 6, P0, 33, 242.38 W, 1965 MHz, 3996 MHz, 0 %, 0 MiB
2026/07/31 03:06:33.250, 7, P0, 37, 243.27 W, 1965 MHz, 3996 MHz, 0 %, 0 MiB
2026/07/31 03:06:34.250, 0, P0, 37, 303.05 W, 1965 MHz, 3996 MHz, 11 %, 161787 MiB
2026/07/31 03:06:34.250, 1, P0, 34, 294.48 W, 1965 MHz, 3996 MHz, 39 %, 161787 MiB
2026/07/31 03:06:34.250, 2, P0, 36, 236.11 W, 1965 MHz, 3996 MHz, 0 %, 0 MiB
2026/07/31 03:06:34.250, 3, P0, 33, 238.50 W, 1965 MHz, 3996 MHz, 0 %, 0 MiB
2026/07/31 03:06:34.250, 4, P0, 33, 235.61 W, 1965 MHz, 3996 MHz, 0 %, 0 MiB
2026/07/31 03:06:34.250, 5, P0, 36, 244.17 W, 1965 MHz, 3996 MHz, 0 %, 0 MiB
2026/07/31 03:06:34.250, 6, P0, 33, 242.39 W, 1965 MHz, 3996 MHz, 0 %, 0 MiB
2026/07/31 03:06:34.250, 7, P0, 37, 243.29 W, 1965 MHz, 3996 MHz, 0 %, 0 MiB
2026/07/31 03:06:35.250, 0, P0, 36, 263.28 W, 1965 MHz, 3996 MHz, 28 %, 161787 MiB
2026/07/31 03:06:35.250, 1, P0, 34, 264.01 W, 1965 MHz, 3996 MHz, 11 %, 161787 MiB
2026/07/31 03:06:35.250, 2, P0, 36, 236.04 W, 1965 MHz, 3996 MHz, 0 %, 0 MiB
2026/07/31 03:06:35.250, 3, P0, 33, 238.60 W, 1965 MHz, 3996 MHz, 0 %, 0 MiB
2026/07/31 03:06:35.250, 4, P0, 33, 235.68 W, 1965 MHz, 3996 MHz, 0 %, 0 MiB
2026/07/31 03:06:35.250, 5, P0, 36, 244.14 W, 1965 MHz, 3996 MHz, 0 %, 0 MiB
2026/07/31 03:06:35.250, 6, P0, 33, 242.40 W, 1965 MHz, 3996 MHz, 0 %, 0 MiB
2026/07/31 03:06:35.250, 7, P0, 37, 243.22 W, 1965 MHz, 3996 MHz, 0 %, 0 MiB
2026/07/31 03:06:36.250, 0, P0, 37, 298.25 W, 1965 MHz, 3996 MHz, 11 %, 161787 MiB
2026/07/31 03:06:36.250, 1, P0, 34, 294.73 W, 1965 MHz, 3996 MHz, 25 %, 161787 MiB
2026/07/31 03:06:36.250, 2, P0, 36, 236.07 W, 1965 MHz, 3996 MHz, 0 %, 0 MiB
2026/07/31 03:06:36.250, 3, P0, 33, 238.53 W, 1965 MHz, 3996 MHz, 0 %, 0 MiB
2026/07/31 03:06:36.250, 4, P0, 33, 235.59 W, 1965 MHz, 3996 MHz, 0 %, 0 MiB
2026/07/31 03:06:36.250, 5, P0, 36, 244.08 W, 1965 MHz, 3996 MHz, 0 %, 0 MiB
2026/07/31 03:06:36.250, 6, P0, 33, 242.36 W, 1965 MHz, 3996 MHz, 0 %, 0 MiB
2026/07/31 03:06:36.250, 7, P0, 37, 243.20 W, 1965 MHz, 3996 MHz, 0 %, 0 MiB
2026/07/31 03:06:37.251, 0, P0, 38, 283.85 W, 1965 MHz, 3996 MHz, 11 %, 161787 MiB
2026/07/31 03:06:37.251, 1, P0, 34, 259.77 W, 1965 MHz, 3996 MHz, 37 %, 161787 MiB
2026/07/31 03:06:37.251, 2, P0, 36, 236.06 W, 1965 MHz, 3996 MHz, 0 %, 0 MiB
2026/07/31 03:06:37.251, 3, P0, 33, 238.52 W, 1965 MHz, 3996 MHz, 0 %, 0 MiB
2026/07/31 03:06:37.251, 4, P0, 33, 235.66 W, 1965 MHz, 3996 MHz, 0 %, 0 MiB
2026/07/31 03:06:37.251, 5, P0, 36, 244.09 W, 1965 MHz, 3996 MHz, 0 %, 0 MiB
2026/07/31 03:06:37.251, 6, P0, 33, 242.33 W, 1965 MHz, 3996 MHz, 0 %, 0 MiB
2026/07/31 03:06:37.251, 7, P0, 37, 243.23 W, 1965 MHz, 3996 MHz, 0 %, 0 MiB
2026/07/31 03:06:38.251, 0, P0, 36, 292.49 W, 1965 MHz, 3996 MHz, 21 %, 161787 MiB
2026/07/31 03:06:38.251, 1, P0, 34, 295.77 W, 1965 MHz, 3996 MHz, 14 %, 161787 MiB
2026/07/31 03:06:38.251, 2, P0, 36, 236.07 W, 1965 MHz, 3996 MHz, 0 %, 0 MiB
2026/07/31 03:06:38.251, 3, P0, 33, 238.53 W, 1965 MHz, 3996 MHz, 0 %, 0 MiB
2026/07/31 03:06:38.251, 4, P0, 33, 235.64 W, 1965 MHz, 3996 MHz, 0 %, 0 MiB
2026/07/31 03:06:38.251, 5, P0, 36, 244.05 W, 1965 MHz, 3996 MHz, 0 %, 0 MiB
2026/07/31 03:06:38.251, 6, P0, 33, 242.42 W, 1965 MHz, 3996 MHz, 0 %, 0 MiB
2026/07/31 03:06:38.251, 7, P0, 37, 243.21 W, 1965 MHz, 3996 MHz, 0 %, 0 MiB
2026/07/31 03:06:39.251, 0, P0, 37, 299.32 W, 1965 MHz, 3996 MHz, 11 %, 161787 MiB
2026/07/31 03:06:39.251, 1, P0, 34, 297.17 W, 1965 MHz, 3996 MHz, 43 %, 161787 MiB
2026/07/31 03:06:39.251, 2, P0, 36, 236.08 W, 1965 MHz, 3996 MHz, 0 %, 0 MiB
2026/07/31 03:06:39.251, 3, P0, 33, 238.46 W, 1965 MHz, 3996 MHz, 0 %, 0 MiB
2026/07/31 03:06:39.251, 4, P0, 33, 235.68 W, 1965 MHz, 3996 MHz, 0 %, 0 MiB
2026/07/31 03:06:39.251, 5, P0, 36, 244.16 W, 1965 MHz, 3996 MHz, 0 %, 0 MiB
2026/07/31 03:06:39.251, 6, P0, 33, 242.35 W, 1965 MHz, 3996 MHz, 0 %, 0 MiB
2026/07/31 03:06:39.251, 7, P0, 37, 243.19 W, 1965 MHz, 3996 MHz, 0 %, 0 MiB
2026/07/31 03:06:40.251, 0, P0, 36, 261.68 W, 1965 MHz, 3996 MHz, 11 %, 161787 MiB
2026/07/31 03:06:40.251, 1, P0, 34, 262.01 W, 1965 MHz, 3996 MHz, 37 %, 161787 MiB
2026/07/31 03:06:40.251, 2, P0, 36, 236.07 W, 1965 MHz, 3996 MHz, 0 %, 0 MiB
2026/07/31 03:06:40.251, 3, P0, 33, 238.55 W, 1965 MHz, 3996 MHz, 0 %, 0 MiB
2026/07/31 03:06:40.251, 4, P0, 33, 235.63 W, 1965 MHz, 3996 MHz, 0 %, 0 MiB
2026/07/31 03:06:40.251, 5, P0, 36, 244.06 W, 1965 MHz, 3996 MHz, 0 %, 0 MiB
2026/07/31 03:06:40.252, 6, P0, 33, 242.35 W, 1965 MHz, 3996 MHz, 0 %, 0 MiB
2026/07/31 03:06:40.252, 7, P0, 37, 243.24 W, 1965 MHz, 3996 MHz, 0 %, 0 MiB
2026/07/31 03:06:41.252, 0, P0, 36, 264.11 W, 1965 MHz, 3996 MHz, 11 %, 161787 MiB
2026/07/31 03:06:41.252, 1, P0, 34, 261.98 W, 1965 MHz, 3996 MHz, 45 %, 161787 MiB
2026/07/31 03:06:41.252, 2, P0, 36, 236.06 W, 1965 MHz, 3996 MHz, 0 %, 0 MiB
2026/07/31 03:06:41.252, 3, P0, 33, 238.54 W, 1965 MHz, 3996 MHz, 0 %, 0 MiB
2026/07/31 03:06:41.252, 4, P0, 33, 235.64 W, 1965 MHz, 3996 MHz, 0 %, 0 MiB
2026/07/31 03:06:41.252, 5, P0, 36, 244.14 W, 1965 MHz, 3996 MHz, 0 %, 0 MiB
2026/07/31 03:06:41.252, 6, P0, 33, 242.37 W, 1965 MHz, 3996 MHz, 0 %, 0 MiB
2026/07/31 03:06:41.252, 7, P0, 37, 243.21 W, 1965 MHz, 3996 MHz, 0 %, 0 MiB
2026/07/31 03:06:42.252, 0, P0, 36, 261.80 W, 1965 MHz, 3996 MHz, 11 %, 161787 MiB
2026/07/31 03:06:42.252, 1, P0, 34, 262.64 W, 1965 MHz, 3996 MHz, 49 %, 161787 MiB
2026/07/31 03:06:42.252, 2, P0, 36, 236.01 W, 1965 MHz, 3996 MHz, 0 %, 0 MiB
2026/07/31 03:06:42.252, 3, P0, 33, 238.57 W, 1965 MHz, 3996 MHz, 0 %, 0 MiB
2026/07/31 03:06:42.252, 4, P0, 33, 235.69 W, 1965 MHz, 3996 MHz, 0 %, 0 MiB
2026/07/31 03:06:42.252, 5, P0, 36, 244.04 W, 1965 MHz, 3996 MHz, 0 %, 0 MiB
2026/07/31 03:06:42.252, 6, P0, 33, 242.37 W, 1965 MHz, 3996 MHz, 0 %, 0 MiB
2026/07/31 03:06:42.252, 7, P0, 37, 243.23 W, 1965 MHz, 3996 MHz, 0 %, 0 MiB
2026/07/31 03:06:43.252, 0, P0, 36, 262.04 W, 1965 MHz, 3996 MHz, 11 %, 161787 MiB
2026/07/31 03:06:43.252, 1, P0, 34, 262.09 W, 1965 MHz, 3996 MHz, 42 %, 161787 MiB
2026/07/31 03:06:43.252, 2, P0, 36, 236.09 W, 1965 MHz, 3996 MHz, 0 %, 0 MiB
2026/07/31 03:06:43.252, 3, P0, 33, 238.52 W, 1965 MHz, 3996 MHz, 0 %, 0 MiB
2026/07/31 03:06:43.252, 4, P0, 33, 235.70 W, 1965 MHz, 3996 MHz, 0 %, 0 MiB
2026/07/31 03:06:43.252, 5, P0, 36, 244.08 W, 1965 MHz, 3996 MHz, 0 %, 0 MiB
2026/07/31 03:06:43.252, 6, P0, 33, 242.40 W, 1965 MHz, 3996 MHz, 0 %, 0 MiB
2026/07/31 03:06:43.252, 7, P0, 37, 243.30 W, 1965 MHz, 3996 MHz, 0 %, 0 MiB
2026/07/31 03:06:44.252, 0, P0, 36, 261.81 W, 1965 MHz, 3996 MHz, 11 %, 161787 MiB
2026/07/31 03:06:44.253, 1, P0, 34, 262.05 W, 1965 MHz, 3996 MHz, 48 %, 161787 MiB
2026/07/31 03:06:44.253, 2, P0, 36, 235.99 W, 1965 MHz, 3996 MHz, 0 %, 0 MiB
2026/07/31 03:06:44.253, 3, P0, 33, 238.54 W, 1965 MHz, 3996 MHz, 0 %, 0 MiB
2026/07/31 03:06:44.253, 4, P0, 33, 235.73 W, 1965 MHz, 3996 MHz, 0 %, 0 MiB
2026/07/31 03:06:44.253, 5, P0, 36, 244.11 W, 1965 MHz, 3996 MHz, 0 %, 0 MiB
2026/07/31 03:06:44.253, 6, P0, 33, 242.42 W, 1965 MHz, 3996 MHz, 0 %, 0 MiB
2026/07/31 03:06:44.253, 7, P0, 37, 243.26 W, 1965 MHz, 3996 MHz, 0 %, 0 MiB
2026/07/31 03:06:45.253, 0, P0, 37, 299.70 W, 1965 MHz, 3996 MHz, 49 %, 161787 MiB
2026/07/31 03:06:45.253, 1, P0, 38, 303.93 W, 1965 MHz, 3996 MHz, 52 %, 161787 MiB
2026/07/31 03:06:45.253, 2, P0, 36, 236.04 W, 1965 MHz, 3996 MHz, 0 %, 0 MiB
2026/07/31 03:06:45.253, 3, P0, 33, 238.58 W, 1965 MHz, 3996 MHz, 0 %, 0 MiB
2026/07/31 03:06:45.253, 4, P0, 33, 235.65 W, 1965 MHz, 3996 MHz, 0 %, 0 MiB
2026/07/31 03:06:45.253, 5, P0, 36, 244.10 W, 1965 MHz, 3996 MHz, 0 %, 0 MiB
2026/07/31 03:06:45.253, 6, P0, 33, 242.36 W, 1965 MHz, 3996 MHz, 0 %, 0 MiB
2026/07/31 03:06:45.253, 7, P0, 37, 243.22 W, 1965 MHz, 3996 MHz, 0 %, 0 MiB
2026/07/31 03:06:46.253, 0, P0, 36, 260.21 W, 1965 MHz, 3996 MHz, 11 %, 161787 MiB
2026/07/31 03:06:46.253, 1, P0, 34, 260.82 W, 1965 MHz, 3996 MHz, 45 %, 161787 MiB
2026/07/31 03:06:46.253, 2, P0, 36, 236.09 W, 1965 MHz, 3996 MHz, 0 %, 0 MiB
2026/07/31 03:06:46.253, 3, P0, 33, 238.49 W, 1965 MHz, 3996 MHz, 0 %, 0 MiB
2026/07/31 03:06:46.253, 4, P0, 33, 235.67 W, 1965 MHz, 3996 MHz, 0 %, 0 MiB
2026/07/31 03:06:46.253, 5, P0, 36, 244.08 W, 1965 MHz, 3996 MHz, 0 %, 0 MiB
2026/07/31 03:06:46.253, 6, P0, 33, 242.43 W, 1965 MHz, 3996 MHz, 0 %, 0 MiB
2026/07/31 03:06:46.253, 7, P0, 37, 243.25 W, 1965 MHz, 3996 MHz, 0 %, 0 MiB
2026/07/31 03:06:47.253, 0, P0, 37, 296.30 W, 1965 MHz, 3996 MHz, 11 %, 161787 MiB
2026/07/31 03:06:47.253, 1, P0, 34, 293.56 W, 1965 MHz, 3996 MHz, 44 %, 161787 MiB
2026/07/31 03:06:47.253, 2, P0, 36, 236.06 W, 1965 MHz, 3996 MHz, 0 %, 0 MiB
2026/07/31 03:06:47.254, 3, P0, 33, 238.44 W, 1965 MHz, 3996 MHz, 0 %, 0 MiB
2026/07/31 03:06:47.254, 4, P0, 33, 235.62 W, 1965 MHz, 3996 MHz, 0 %, 0 MiB
2026/07/31 03:06:47.254, 5, P0, 36, 244.04 W, 1965 MHz, 3996 MHz, 0 %, 0 MiB
2026/07/31 03:06:47.254, 6, P0, 33, 242.34 W, 1965 MHz, 3996 MHz, 0 %, 0 MiB
2026/07/31 03:06:47.254, 7, P0, 37, 243.21 W, 1965 MHz, 3996 MHz, 0 %, 0 MiB
2026/07/31 03:06:48.254, 0, P0, 36, 261.63 W, 1965 MHz, 3996 MHz, 11 %, 161787 MiB
2026/07/31 03:06:48.254, 1, P0, 34, 261.61 W, 1965 MHz, 3996 MHz, 43 %, 161787 MiB
2026/07/31 03:06:48.254, 2, P0, 36, 236.06 W, 1965 MHz, 3996 MHz, 0 %, 0 MiB
2026/07/31 03:06:48.254, 3, P0, 33, 238.51 W, 1965 MHz, 3996 MHz, 0 %, 0 MiB
2026/07/31 03:06:48.254, 4, P0, 33, 235.66 W, 1965 MHz, 3996 MHz, 0 %, 0 MiB
2026/07/31 03:06:48.254, 5, P0, 36, 244.16 W, 1965 MHz, 3996 MHz, 0 %, 0 MiB
2026/07/31 03:06:48.254, 6, P0, 33, 242.43 W, 1965 MHz, 3996 MHz, 0 %, 0 MiB
2026/07/31 03:06:48.254, 7, P0, 37, 243.29 W, 1965 MHz, 3996 MHz, 0 %, 0 MiB
2026/07/31 03:06:49.254, 0, P0, 36, 261.39 W, 1965 MHz, 3996 MHz, 11 %, 161787 MiB
2026/07/31 03:06:49.254, 1, P0, 34, 261.18 W, 1965 MHz, 3996 MHz, 37 %, 161787 MiB
2026/07/31 03:06:49.254, 2, P0, 36, 236.02 W, 1965 MHz, 3996 MHz, 0 %, 0 MiB
2026/07/31 03:06:49.254, 3, P0, 33, 238.55 W, 1965 MHz, 3996 MHz, 0 %, 0 MiB
2026/07/31 03:06:49.254, 4, P0, 33, 235.61 W, 1965 MHz, 3996 MHz, 0 %, 0 MiB
2026/07/31 03:06:49.254, 5, P0, 36, 244.12 W, 1965 MHz, 3996 MHz, 0 %, 0 MiB
2026/07/31 03:06:49.254, 6, P0, 33, 242.41 W, 1965 MHz, 3996 MHz, 0 %, 0 MiB
2026/07/31 03:06:49.254, 7, P0, 37, 243.21 W, 1965 MHz, 3996 MHz, 0 %, 0 MiB
2026/07/31 03:06:50.254, 0, P0, 36, 261.63 W, 1965 MHz, 3996 MHz, 11 %, 161787 MiB
2026/07/31 03:06:50.254, 1, P0, 34, 261.68 W, 1965 MHz, 3996 MHz, 48 %, 161787 MiB
2026/07/31 03:06:50.254, 2, P0, 36, 236.05 W, 1965 MHz, 3996 MHz, 0 %, 0 MiB
2026/07/31 03:06:50.254, 3, P0, 33, 238.52 W, 1965 MHz, 3996 MHz, 0 %, 0 MiB
2026/07/31 03:06:50.254, 4, P0, 33, 235.68 W, 1965 MHz, 3996 MHz, 0 %, 0 MiB
2026/07/31 03:06:50.254, 5, P0, 36, 244.06 W, 1965 MHz, 3996 MHz, 0 %, 0 MiB
2026/07/31 03:06:50.254, 6, P0, 33, 242.35 W, 1965 MHz, 3996 MHz, 0 %, 0 MiB
2026/07/31 03:06:50.254, 7, P0, 37, 243.18 W, 1965 MHz, 3996 MHz, 0 %, 0 MiB
2026/07/31 03:06:51.255, 0, P0, 36, 261.92 W, 1965 MHz, 3996 MHz, 11 %, 161787 MiB
2026/07/31 03:06:51.255, 1, P0, 34, 262.55 W, 1965 MHz, 3996 MHz, 46 %, 161787 MiB
2026/07/31 03:06:51.255, 2, P0, 36, 236.07 W, 1965 MHz, 3996 MHz, 0 %, 0 MiB
2026/07/31 03:06:51.255, 3, P0, 33, 238.56 W, 1965 MHz, 3996 MHz, 0 %, 0 MiB
2026/07/31 03:06:51.255, 4, P0, 33, 235.59 W, 1965 MHz, 3996 MHz, 0 %, 0 MiB
2026/07/31 03:06:51.255, 5, P0, 36, 244.11 W, 1965 MHz, 3996 MHz, 0 %, 0 MiB
2026/07/31 03:06:51.255, 6, P0, 33, 242.37 W, 1965 MHz, 3996 MHz, 0 %, 0 MiB
2026/07/31 03:06:51.255, 7, P0, 37, 243.21 W, 1965 MHz, 3996 MHz, 0 %, 0 MiB
2026/07/31 03:06:52.255, 0, P0, 36, 260.88 W, 1965 MHz, 3996 MHz, 11 %, 161787 MiB
2026/07/31 03:06:52.255, 1, P0, 34, 260.67 W, 1965 MHz, 3996 MHz, 36 %, 161787 MiB
2026/07/31 03:06:52.255, 2, P0, 36, 236.12 W, 1965 MHz, 3996 MHz, 0 %, 0 MiB
2026/07/31 03:06:52.255, 3, P0, 33, 238.52 W, 1965 MHz, 3996 MHz, 0 %, 0 MiB
2026/07/31 03:06:52.255, 4, P0, 33, 235.61 W, 1965 MHz, 3996 MHz, 0 %, 0 MiB
2026/07/31 03:06:52.255, 5, P0, 36, 244.09 W, 1965 MHz, 3996 MHz, 0 %, 0 MiB
2026/07/31 03:06:52.255, 6, P0, 33, 242.35 W, 1965 MHz, 3996 MHz, 0 %, 0 MiB
2026/07/31 03:06:52.255, 7, P0, 37, 243.29 W, 1965 MHz, 3996 MHz, 0 %, 0 MiB
2026/07/31 03:06:53.255, 0, P0, 36, 262.54 W, 1965 MHz, 3996 MHz, 11 %, 161787 MiB
2026/07/31 03:06:53.255, 1, P0, 34, 261.61 W, 1965 MHz, 3996 MHz, 43 %, 161787 MiB
2026/07/31 03:06:53.255, 2, P0, 36, 236.09 W, 1965 MHz, 3996 MHz, 0 %, 0 MiB
2026/07/31 03:06:53.255, 3, P0, 33, 238.55 W, 1965 MHz, 3996 MHz, 0 %, 0 MiB
2026/07/31 03:06:53.255, 4, P0, 33, 235.64 W, 1965 MHz, 3996 MHz, 0 %, 0 MiB
2026/07/31 03:06:53.255, 5, P0, 36, 244.11 W, 1965 MHz, 3996 MHz, 0 %, 0 MiB
2026/07/31 03:06:53.255, 6, P0, 33, 242.38 W, 1965 MHz, 3996 MHz, 0 %, 0 MiB
2026/07/31 03:06:53.255, 7, P0, 37, 243.36 W, 1965 MHz, 3996 MHz, 0 %, 0 MiB
2026/07/31 03:06:54.255, 0, P0, 36, 262.43 W, 1965 MHz, 3996 MHz, 11 %, 161787 MiB
2026/07/31 03:06:54.255, 1, P0, 34, 261.71 W, 1965 MHz, 3996 MHz, 51 %, 161787 MiB
2026/07/31 03:06:54.255, 2, P0, 36, 236.12 W, 1965 MHz, 3996 MHz, 0 %, 0 MiB
2026/07/31 03:06:54.255, 3, P0, 33, 238.49 W, 1965 MHz, 3996 MHz, 0 %, 0 MiB
2026/07/31 03:06:54.256, 4, P0, 33, 235.57 W, 1965 MHz, 3996 MHz, 0 %, 0 MiB
2026/07/31 03:06:54.256, 5, P0, 36, 244.14 W, 1965 MHz, 3996 MHz, 0 %, 0 MiB
2026/07/31 03:06:54.256, 6, P0, 33, 242.38 W, 1965 MHz, 3996 MHz, 0 %, 0 MiB
2026/07/31 03:06:54.256, 7, P0, 37, 243.26 W, 1965 MHz, 3996 MHz, 0 %, 0 MiB
2026/07/31 03:06:55.256, 0, P0, 36, 261.20 W, 1965 MHz, 3996 MHz, 11 %, 161787 MiB
2026/07/31 03:06:55.256, 1, P0, 34, 260.96 W, 1965 MHz, 3996 MHz, 41 %, 161787 MiB
2026/07/31 03:06:55.256, 2, P0, 36, 236.07 W, 1965 MHz, 3996 MHz, 0 %, 0 MiB
2026/07/31 03:06:55.256, 3, P0, 33, 238.55 W, 1965 MHz, 3996 MHz, 0 %, 0 MiB
2026/07/31 03:06:55.256, 4, P0, 33, 235.62 W, 1965 MHz, 3996 MHz, 0 %, 0 MiB
2026/07/31 03:06:55.256, 5, P0, 36, 244.15 W, 1965 MHz, 3996 MHz, 0 %, 0 MiB
2026/07/31 03:06:55.256, 6, P0, 33, 242.42 W, 1965 MHz, 3996 MHz, 0 %, 0 MiB
2026/07/31 03:06:55.256, 7, P0, 37, 243.25 W, 1965 MHz, 3996 MHz, 0 %, 0 MiB
2026/07/31 03:06:56.256, 0, P0, 36, 262.23 W, 1965 MHz, 3996 MHz, 11 %, 161787 MiB
2026/07/31 03:06:56.256, 1, P0, 34, 260.60 W, 1965 MHz, 3996 MHz, 34 %, 161787 MiB
2026/07/31 03:06:56.256, 2, P0, 36, 236.06 W, 1965 MHz, 3996 MHz, 0 %, 0 MiB
2026/07/31 03:06:56.256, 3, P0, 33, 238.57 W, 1965 MHz, 3996 MHz, 0 %, 0 MiB
2026/07/31 03:06:56.256, 4, P0, 33, 235.66 W, 1965 MHz, 3996 MHz, 0 %, 0 MiB
2026/07/31 03:06:56.256, 5, P0, 36, 244.13 W, 1965 MHz, 3996 MHz, 0 %, 0 MiB
2026/07/31 03:06:56.256, 6, P0, 33, 242.36 W, 1965 MHz, 3996 MHz, 0 %, 0 MiB
2026/07/31 03:06:56.256, 7, P0, 37, 243.25 W, 1965 MHz, 3996 MHz, 0 %, 0 MiB
2026/07/31 03:06:57.256, 0, P0, 36, 261.57 W, 1965 MHz, 3996 MHz, 11 %, 161787 MiB
2026/07/31 03:06:57.256, 1, P0, 34, 261.03 W, 1965 MHz, 3996 MHz, 44 %, 161787 MiB
2026/07/31 03:06:57.256, 2, P0, 36, 236.10 W, 1965 MHz, 3996 MHz, 0 %, 0 MiB
2026/07/31 03:06:57.256, 3, P0, 33, 238.63 W, 1965 MHz, 3996 MHz, 0 %, 0 MiB
2026/07/31 03:06:57.256, 4, P0, 33, 235.65 W, 1965 MHz, 3996 MHz, 0 %, 0 MiB
2026/07/31 03:06:57.256, 5, P0, 36, 244.17 W, 1965 MHz, 3996 MHz, 0 %, 0 MiB
2026/07/31 03:06:57.256, 6, P0, 33, 242.37 W, 1965 MHz, 3996 MHz, 0 %, 0 MiB
2026/07/31 03:06:57.256, 7, P0, 37, 243.26 W, 1965 MHz, 3996 MHz, 0 %, 0 MiB
2026/07/31 03:06:58.256, 0, P0, 36, 261.87 W, 1965 MHz, 3996 MHz, 11 %, 161787 MiB
2026/07/31 03:06:58.257, 1, P0, 34, 260.76 W, 1965 MHz, 3996 MHz, 36 %, 161787 MiB
2026/07/31 03:06:58.257, 2, P0, 36, 236.06 W, 1965 MHz, 3996 MHz, 0 %, 0 MiB
2026/07/31 03:06:58.257, 3, P0, 33, 238.65 W, 1965 MHz, 3996 MHz, 0 %, 0 MiB
2026/07/31 03:06:58.257, 4, P0, 33, 235.64 W, 1965 MHz, 3996 MHz, 0 %, 0 MiB
2026/07/31 03:06:58.257, 5, P0, 36, 244.19 W, 1965 MHz, 3996 MHz, 0 %, 0 MiB
2026/07/31 03:06:58.257, 6, P0, 33, 242.41 W, 1965 MHz, 3996 MHz, 0 %, 0 MiB
2026/07/31 03:06:58.257, 7, P0, 37, 243.26 W, 1965 MHz, 3996 MHz, 0 %, 0 MiB
2026/07/31 03:06:59.257, 0, P0, 36, 261.53 W, 1965 MHz, 3996 MHz, 11 %, 161787 MiB
2026/07/31 03:06:59.257, 1, P0, 34, 260.40 W, 1965 MHz, 3996 MHz, 32 %, 161787 MiB
2026/07/31 03:06:59.257, 2, P0, 36, 236.12 W, 1965 MHz, 3996 MHz, 0 %, 0 MiB
2026/07/31 03:06:59.257, 3, P0, 33, 238.57 W, 1965 MHz, 3996 MHz, 0 %, 0 MiB
2026/07/31 03:06:59.257, 4, P0, 33, 235.64 W, 1965 MHz, 3996 MHz, 0 %, 0 MiB
2026/07/31 03:06:59.257, 5, P0, 36, 244.17 W, 1965 MHz, 3996 MHz, 0 %, 0 MiB
2026/07/31 03:06:59.257, 6, P0, 33, 242.36 W, 1965 MHz, 3996 MHz, 0 %, 0 MiB
2026/07/31 03:06:59.257, 7, P0, 37, 243.23 W, 1965 MHz, 3996 MHz, 0 %, 0 MiB
2026/07/31 03:07:00.257, 0, P0, 36, 262.09 W, 1965 MHz, 3996 MHz, 11 %, 161787 MiB
2026/07/31 03:07:00.257, 1, P0, 34, 261.12 W, 1965 MHz, 3996 MHz, 38 %, 161787 MiB
2026/07/31 03:07:00.257, 2, P0, 36, 236.06 W, 1965 MHz, 3996 MHz, 0 %, 0 MiB
2026/07/31 03:07:00.257, 3, P0, 33, 238.62 W, 1965 MHz, 3996 MHz, 0 %, 0 MiB
2026/07/31 03:07:00.257, 4, P0, 33, 235.60 W, 1965 MHz, 3996 MHz, 0 %, 0 MiB
2026/07/31 03:07:00.257, 5, P0, 36, 244.08 W, 1965 MHz, 3996 MHz, 0 %, 0 MiB
2026/07/31 03:07:00.257, 6, P0, 33, 242.35 W, 1965 MHz, 3996 MHz, 0 %, 0 MiB
2026/07/31 03:07:00.257, 7, P0, 37, 243.25 W, 1965 MHz, 3996 MHz, 0 %, 0 MiB
2026/07/31 03:07:01.257, 0, P0, 36, 261.31 W, 1965 MHz, 3996 MHz, 12 %, 161787 MiB
2026/07/31 03:07:01.257, 1, P0, 34, 259.99 W, 1965 MHz, 3996 MHz, 39 %, 161787 MiB
2026/07/31 03:07:01.257, 2, P0, 36, 236.10 W, 1965 MHz, 3996 MHz, 0 %, 0 MiB
2026/07/31 03:07:01.257, 3, P0, 33, 238.63 W, 1965 MHz, 3996 MHz, 0 %, 0 MiB
2026/07/31 03:07:01.257, 4, P0, 33, 235.60 W, 1965 MHz, 3996 MHz, 0 %, 0 MiB
2026/07/31 03:07:01.257, 5, P0, 36, 244.17 W, 1965 MHz, 3996 MHz, 0 %, 0 MiB
2026/07/31 03:07:01.257, 6, P0, 33, 242.38 W, 1965 MHz, 3996 MHz, 0 %, 0 MiB
2026/07/31 03:07:01.257, 7, P0, 37, 243.25 W, 1965 MHz, 3996 MHz, 0 %, 0 MiB
2026/07/31 03:07:02.258, 0, P0, 36, 261.63 W, 1965 MHz, 3996 MHz, 11 %, 161787 MiB
2026/07/31 03:07:02.258, 1, P0, 34, 261.83 W, 1965 MHz, 3996 MHz, 43 %, 161787 MiB
2026/07/31 03:07:02.258, 2, P0, 36, 236.05 W, 1965 MHz, 3996 MHz, 0 %, 0 MiB
2026/07/31 03:07:02.258, 3, P0, 33, 238.60 W, 1965 MHz, 3996 MHz, 0 %, 0 MiB
2026/07/31 03:07:02.258, 4, P0, 33, 235.61 W, 1965 MHz, 3996 MHz, 0 %, 0 MiB
2026/07/31 03:07:02.258, 5, P0, 36, 244.08 W, 1965 MHz, 3996 MHz, 0 %, 0 MiB
2026/07/31 03:07:02.258, 6, P0, 33, 242.30 W, 1965 MHz, 3996 MHz, 0 %, 0 MiB
2026/07/31 03:07:02.258, 7, P0, 37, 243.20 W, 1965 MHz, 3996 MHz, 0 %, 0 MiB
2026/07/31 03:07:03.258, 0, P0, 36, 261.51 W, 1965 MHz, 3996 MHz, 11 %, 161787 MiB
2026/07/31 03:07:03.258, 1, P0, 34, 261.65 W, 1965 MHz, 3996 MHz, 51 %, 161787 MiB
2026/07/31 03:07:03.258, 2, P0, 36, 236.06 W, 1965 MHz, 3996 MHz, 0 %, 0 MiB
2026/07/31 03:07:03.258, 3, P0, 33, 238.59 W, 1965 MHz, 3996 MHz, 0 %, 0 MiB
2026/07/31 03:07:03.258, 4, P0, 33, 235.57 W, 1965 MHz, 3996 MHz, 0 %, 0 MiB
2026/07/31 03:07:03.258, 5, P0, 36, 244.14 W, 1965 MHz, 3996 MHz, 0 %, 0 MiB
2026/07/31 03:07:03.258, 6, P0, 33, 242.39 W, 1965 MHz, 3996 MHz, 0 %, 0 MiB
2026/07/31 03:07:03.258, 7, P0, 37, 243.19 W, 1965 MHz, 3996 MHz, 0 %, 0 MiB
2026/07/31 03:07:04.258, 0, P0, 36, 261.41 W, 1965 MHz, 3996 MHz, 11 %, 161787 MiB
2026/07/31 03:07:04.258, 1, P0, 34, 261.78 W, 1965 MHz, 3996 MHz, 49 %, 161787 MiB
2026/07/31 03:07:04.258, 2, P0, 36, 236.01 W, 1965 MHz, 3996 MHz, 0 %, 0 MiB
2026/07/31 03:07:04.258, 3, P0, 33, 238.55 W, 1965 MHz, 3996 MHz, 0 %, 0 MiB
2026/07/31 03:07:04.258, 4, P0, 33, 235.61 W, 1965 MHz, 3996 MHz, 0 %, 0 MiB
2026/07/31 03:07:04.258, 5, P0, 36, 244.20 W, 1965 MHz, 3996 MHz, 0 %, 0 MiB
2026/07/31 03:07:04.258, 6, P0, 33, 242.38 W, 1965 MHz, 3996 MHz, 0 %, 0 MiB
2026/07/31 03:07:04.258, 7, P0, 37, 243.21 W, 1965 MHz, 3996 MHz, 0 %, 0 MiB
2026/07/31 03:07:05.258, 0, P0, 36, 261.08 W, 1965 MHz, 3996 MHz, 11 %, 161787 MiB
2026/07/31 03:07:05.258, 1, P0, 34, 261.74 W, 1965 MHz, 3996 MHz, 34 %, 161787 MiB
2026/07/31 03:07:05.258, 2, P0, 36, 236.09 W, 1965 MHz, 3996 MHz, 0 %, 0 MiB
2026/07/31 03:07:05.258, 3, P0, 33, 238.58 W, 1965 MHz, 3996 MHz, 0 %, 0 MiB
2026/07/31 03:07:05.258, 4, P0, 33, 235.63 W, 1965 MHz, 3996 MHz, 0 %, 0 MiB
2026/07/31 03:07:05.258, 5, P0, 36, 244.18 W, 1965 MHz, 3996 MHz, 0 %, 0 MiB
2026/07/31 03:07:05.258, 6, P0, 33, 242.40 W, 1965 MHz, 3996 MHz, 0 %, 0 MiB
2026/07/31 03:07:05.258, 7, P0, 37, 243.18 W, 1965 MHz, 3996 MHz, 0 %, 0 MiB
2026/07/31 03:07:06.259, 0, P0, 36, 261.55 W, 1965 MHz, 3996 MHz, 11 %, 161787 MiB
2026/07/31 03:07:06.259, 1, P0, 34, 260.80 W, 1965 MHz, 3996 MHz, 50 %, 161787 MiB
2026/07/31 03:07:06.259, 2, P0, 36, 236.06 W, 1965 MHz, 3996 MHz, 0 %, 0 MiB
2026/07/31 03:07:06.259, 3, P0, 33, 238.54 W, 1965 MHz, 3996 MHz, 0 %, 0 MiB
2026/07/31 03:07:06.259, 4, P0, 33, 235.59 W, 1965 MHz, 3996 MHz, 0 %, 0 MiB
2026/07/31 03:07:06.259, 5, P0, 36, 244.17 W, 1965 MHz, 3996 MHz, 0 %, 0 MiB
2026/07/31 03:07:06.259, 6, P0, 33, 242.40 W, 1965 MHz, 3996 MHz, 0 %, 0 MiB
2026/07/31 03:07:06.259, 7, P0, 37, 243.23 W, 1965 MHz, 3996 MHz, 0 %, 0 MiB
2026/07/31 03:07:07.259, 0, P0, 36, 262.47 W, 1965 MHz, 3996 MHz, 11 %, 161787 MiB
2026/07/31 03:07:07.259, 1, P0, 34, 262.42 W, 1965 MHz, 3996 MHz, 49 %, 161787 MiB
2026/07/31 03:07:07.259, 2, P0, 36, 236.05 W, 1965 MHz, 3996 MHz, 0 %, 0 MiB
2026/07/31 03:07:07.259, 3, P0, 33, 238.52 W, 1965 MHz, 3996 MHz, 0 %, 0 MiB
2026/07/31 03:07:07.259, 4, P0, 33, 235.59 W, 1965 MHz, 3996 MHz, 0 %, 0 MiB
2026/07/31 03:07:07.259, 5, P0, 36, 244.11 W, 1965 MHz, 3996 MHz, 0 %, 0 MiB
2026/07/31 03:07:07.259, 6, P0, 33, 242.47 W, 1965 MHz, 3996 MHz, 0 %, 0 MiB
2026/07/31 03:07:07.259, 7, P0, 37, 243.25 W, 1965 MHz, 3996 MHz, 0 %, 0 MiB
2026/07/31 03:07:08.259, 0, P0, 36, 261.62 W, 1965 MHz, 3996 MHz, 11 %, 161787 MiB
2026/07/31 03:07:08.259, 1, P0, 34, 261.30 W, 1965 MHz, 3996 MHz, 43 %, 161787 MiB
2026/07/31 03:07:08.259, 2, P0, 36, 236.05 W, 1965 MHz, 3996 MHz, 0 %, 0 MiB
2026/07/31 03:07:08.259, 3, P0, 33, 238.57 W, 1965 MHz, 3996 MHz, 0 %, 0 MiB
2026/07/31 03:07:08.259, 4, P0, 33, 235.60 W, 1965 MHz, 3996 MHz, 0 %, 0 MiB
2026/07/31 03:07:08.259, 5, P0, 36, 244.18 W, 1965 MHz, 3996 MHz, 0 %, 0 MiB
2026/07/31 03:07:08.259, 6, P0, 33, 242.47 W, 1965 MHz, 3996 MHz, 0 %, 0 MiB
2026/07/31 03:07:08.259, 7, P0, 37, 243.15 W, 1965 MHz, 3996 MHz, 0 %, 0 MiB
2026/07/31 03:07:09.259, 0, P0, 36, 262.29 W, 1965 MHz, 3996 MHz, 11 %, 161787 MiB
2026/07/31 03:07:09.260, 1, P0, 34, 261.37 W, 1965 MHz, 3996 MHz, 43 %, 161787 MiB
2026/07/31 03:07:09.260, 2, P0, 36, 236.06 W, 1965 MHz, 3996 MHz, 0 %, 0 MiB
2026/07/31 03:07:09.260, 3, P0, 33, 238.68 W, 1965 MHz, 3996 MHz, 0 %, 0 MiB
2026/07/31 03:07:09.260, 4, P0, 33, 235.62 W, 1965 MHz, 3996 MHz, 0 %, 0 MiB
2026/07/31 03:07:09.260, 5, P0, 36, 244.13 W, 1965 MHz, 3996 MHz, 0 %, 0 MiB
2026/07/31 03:07:09.260, 6, P0, 33, 242.41 W, 1965 MHz, 3996 MHz, 0 %, 0 MiB
2026/07/31 03:07:09.260, 7, P0, 37, 243.23 W, 1965 MHz, 3996 MHz, 0 %, 0 MiB
2026/07/31 03:07:10.260, 0, P0, 36, 262.04 W, 1965 MHz, 3996 MHz, 12 %, 161787 MiB
2026/07/31 03:07:10.260, 1, P0, 34, 261.45 W, 1965 MHz, 3996 MHz, 51 %, 161787 MiB
2026/07/31 03:07:10.260, 2, P0, 36, 236.14 W, 1965 MHz, 3996 MHz, 0 %, 0 MiB
2026/07/31 03:07:10.260, 3, P0, 33, 238.55 W, 1965 MHz, 3996 MHz, 0 %, 0 MiB
2026/07/31 03:07:10.260, 4, P0, 33, 235.68 W, 1965 MHz, 3996 MHz, 0 %, 0 MiB
2026/07/31 03:07:10.260, 5, P0, 36, 244.14 W, 1965 MHz, 3996 MHz, 0 %, 0 MiB
2026/07/31 03:07:10.260, 6, P0, 33, 242.41 W, 1965 MHz, 3996 MHz, 0 %, 0 MiB
2026/07/31 03:07:10.260, 7, P0, 37, 243.27 W, 1965 MHz, 3996 MHz, 0 %, 0 MiB
2026/07/31 03:07:11.260, 0, P0, 36, 262.63 W, 1965 MHz, 3996 MHz, 12 %, 161787 MiB
2026/07/31 03:07:11.260, 1, P0, 34, 261.71 W, 1965 MHz, 3996 MHz, 38 %, 161787 MiB
2026/07/31 03:07:11.260, 2, P0, 36, 236.14 W, 1965 MHz, 3996 MHz, 0 %, 0 MiB
2026/07/31 03:07:11.260, 3, P0, 33, 238.67 W, 1965 MHz, 3996 MHz, 0 %, 0 MiB
2026/07/31 03:07:11.261, 4, P0, 33, 235.69 W, 1965 MHz, 3996 MHz, 0 %, 0 MiB
2026/07/31 03:07:11.261, 5, P0, 36, 244.19 W, 1965 MHz, 3996 MHz, 0 %, 0 MiB
2026/07/31 03:07:11.261, 6, P0, 33, 242.41 W, 1965 MHz, 3996 MHz, 0 %, 0 MiB
2026/07/31 03:07:11.261, 7, P0, 37, 243.21 W, 1965 MHz, 3996 MHz, 0 %, 0 MiB
2026/07/31 03:07:12.261, 0, P0, 38, 403.33 W, 1965 MHz, 3996 MHz, 12 %, 163503 MiB
2026/07/31 03:07:12.261, 1, P0, 37, 407.51 W, 1965 MHz, 3996 MHz, 44 %, 163503 MiB
2026/07/31 03:07:12.261, 2, P0, 36, 236.02 W, 1965 MHz, 3996 MHz, 0 %, 0 MiB
2026/07/31 03:07:12.261, 3, P0, 33, 238.50 W, 1965 MHz, 3996 MHz, 0 %, 0 MiB
2026/07/31 03:07:12.261, 4, P0, 33, 235.67 W, 1965 MHz, 3996 MHz, 0 %, 0 MiB
2026/07/31 03:07:12.261, 5, P0, 36, 244.05 W, 1965 MHz, 3996 MHz, 0 %, 0 MiB
2026/07/31 03:07:12.261, 6, P0, 33, 242.37 W, 1965 MHz, 3996 MHz, 0 %, 0 MiB
2026/07/31 03:07:12.261, 7, P0, 37, 243.24 W, 1965 MHz, 3996 MHz, 0 %, 0 MiB
2026/07/31 03:07:13.261, 0, P0, 37, 262.92 W, 1965 MHz, 3996 MHz, 12 %, 163503 MiB
2026/07/31 03:07:13.261, 1, P0, 34, 262.48 W, 1965 MHz, 3996 MHz, 36 %, 163503 MiB
2026/07/31 03:07:13.261, 2, P0, 36, 236.12 W, 1965 MHz, 3996 MHz, 0 %, 0 MiB
2026/07/31 03:07:13.261, 3, P0, 33, 238.67 W, 1965 MHz, 3996 MHz, 0 %, 0 MiB
2026/07/31 03:07:13.261, 4, P0, 33, 235.65 W, 1965 MHz, 3996 MHz, 0 %, 0 MiB
2026/07/31 03:07:13.261, 5, P0, 36, 244.14 W, 1965 MHz, 3996 MHz, 0 %, 0 MiB
2026/07/31 03:07:13.261, 6, P0, 33, 242.39 W, 1965 MHz, 3996 MHz, 0 %, 0 MiB
2026/07/31 03:07:13.261, 7, P0, 37, 243.17 W, 1965 MHz, 3996 MHz, 0 %, 0 MiB
2026/07/31 03:07:14.261, 0, P0, 38, 403.98 W, 1965 MHz, 3996 MHz, 11 %, 163503 MiB
2026/07/31 03:07:14.261, 1, P0, 35, 402.93 W, 1965 MHz, 3996 MHz, 82 %, 163503 MiB
2026/07/31 03:07:14.261, 2, P0, 36, 236.17 W, 1965 MHz, 3996 MHz, 0 %, 0 MiB
2026/07/31 03:07:14.261, 3, P0, 33, 238.58 W, 1965 MHz, 3996 MHz, 0 %, 0 MiB
2026/07/31 03:07:14.261, 4, P0, 33, 235.63 W, 1965 MHz, 3996 MHz, 0 %, 0 MiB
2026/07/31 03:07:14.261, 5, P0, 36, 244.18 W, 1965 MHz, 3996 MHz, 0 %, 0 MiB
2026/07/31 03:07:14.261, 6, P0, 33, 242.34 W, 1965 MHz, 3996 MHz, 0 %, 0 MiB
2026/07/31 03:07:14.261, 7, P0, 37, 243.19 W, 1965 MHz, 3996 MHz, 0 %, 0 MiB
2026/07/31 03:07:15.261, 0, P0, 40, 312.04 W, 1965 MHz, 3996 MHz, 21 %, 163503 MiB
2026/07/31 03:07:15.262, 1, P0, 34, 265.71 W, 1965 MHz, 3996 MHz, 44 %, 163503 MiB
2026/07/31 03:07:15.262, 2, P0, 36, 236.09 W, 1965 MHz, 3996 MHz, 0 %, 0 MiB
2026/07/31 03:07:15.262, 3, P0, 33, 238.60 W, 1965 MHz, 3996 MHz, 0 %, 0 MiB
2026/07/31 03:07:15.262, 4, P0, 33, 235.58 W, 1965 MHz, 3996 MHz, 0 %, 0 MiB
2026/07/31 03:07:15.262, 5, P0, 36, 244.12 W, 1965 MHz, 3996 MHz, 0 %, 0 MiB
2026/07/31 03:07:15.262, 6, P0, 33, 242.36 W, 1965 MHz, 3996 MHz, 0 %, 0 MiB
2026/07/31 03:07:15.262, 7, P0, 37, 243.18 W, 1965 MHz, 3996 MHz, 0 %, 0 MiB
2026/07/31 03:07:16.262, 0, P0, 37, 379.98 W, 1965 MHz, 3996 MHz, 12 %, 163503 MiB
2026/07/31 03:07:16.262, 1, P0, 35, 402.33 W, 1965 MHz, 3996 MHz, 41 %, 163503 MiB
2026/07/31 03:07:16.262, 2, P0, 36, 236.01 W, 1965 MHz, 3996 MHz, 0 %, 0 MiB
2026/07/31 03:07:16.262, 3, P0, 33, 238.55 W, 1965 MHz, 3996 MHz, 0 %, 0 MiB
2026/07/31 03:07:16.262, 4, P0, 33, 235.63 W, 1965 MHz, 3996 MHz, 0 %, 0 MiB
2026/07/31 03:07:16.262, 5, P0, 36, 244.17 W, 1965 MHz, 3996 MHz, 0 %, 0 MiB
2026/07/31 03:07:16.262, 6, P0, 33, 242.29 W, 1965 MHz, 3996 MHz, 0 %, 0 MiB
2026/07/31 03:07:16.262, 7, P0, 37, 243.18 W, 1965 MHz, 3996 MHz, 0 %, 0 MiB
2026/07/31 03:07:17.262, 0, P0, 39, 407.38 W, 1965 MHz, 3996 MHz, 21 %, 163503 MiB
2026/07/31 03:07:17.262, 1, P0, 39, 408.26 W, 1942 MHz, 3996 MHz, 100 %, 163503 MiB
2026/07/31 03:07:17.262, 2, P0, 36, 236.12 W, 1965 MHz, 3996 MHz, 0 %, 0 MiB
2026/07/31 03:07:17.262, 3, P0, 33, 238.54 W, 1965 MHz, 3996 MHz, 0 %, 0 MiB
2026/07/31 03:07:17.262, 4, P0, 33, 235.67 W, 1965 MHz, 3996 MHz, 0 %, 0 MiB
2026/07/31 03:07:17.262, 5, P0, 36, 244.10 W, 1965 MHz, 3996 MHz, 0 %, 0 MiB
2026/07/31 03:07:17.262, 6, P0, 33, 242.31 W, 1965 MHz, 3996 MHz, 0 %, 0 MiB
2026/07/31 03:07:17.262, 7, P0, 37, 243.30 W, 1965 MHz, 3996 MHz, 0 %, 0 MiB
2026/07/31 03:07:18.262, 0, P0, 37, 263.25 W, 1965 MHz, 3996 MHz, 11 %, 163503 MiB
2026/07/31 03:07:18.262, 1, P0, 35, 262.60 W, 1965 MHz, 3996 MHz, 45 %, 163503 MiB
2026/07/31 03:07:18.262, 2, P0, 36, 236.06 W, 1965 MHz, 3996 MHz, 0 %, 0 MiB
2026/07/31 03:07:18.262, 3, P0, 33, 238.54 W, 1965 MHz, 3996 MHz, 0 %, 0 MiB
2026/07/31 03:07:18.262, 4, P0, 33, 235.62 W, 1965 MHz, 3996 MHz, 0 %, 0 MiB
2026/07/31 03:07:18.262, 5, P0, 36, 244.18 W, 1965 MHz, 3996 MHz, 0 %, 0 MiB
2026/07/31 03:07:18.262, 6, P0, 33, 242.35 W, 1965 MHz, 3996 MHz, 0 %, 0 MiB
2026/07/31 03:07:18.262, 7, P0, 37, 243.21 W, 1965 MHz, 3996 MHz, 0 %, 0 MiB
2026/07/31 03:07:19.263, 0, P0, 37, 262.89 W, 1965 MHz, 3996 MHz, 12 %, 163503 MiB
2026/07/31 03:07:19.263, 1, P0, 34, 262.95 W, 1965 MHz, 3996 MHz, 38 %, 163503 MiB
2026/07/31 03:07:19.263, 2, P0, 36, 236.10 W, 1965 MHz, 3996 MHz, 0 %, 0 MiB
2026/07/31 03:07:19.263, 3, P0, 33, 238.54 W, 1965 MHz, 3996 MHz, 0 %, 0 MiB
2026/07/31 03:07:19.263, 4, P0, 33, 235.60 W, 1965 MHz, 3996 MHz, 0 %, 0 MiB
2026/07/31 03:07:19.263, 5, P0, 36, 244.20 W, 1965 MHz, 3996 MHz, 0 %, 0 MiB
2026/07/31 03:07:19.263, 6, P0, 33, 242.40 W, 1965 MHz, 3996 MHz, 0 %, 0 MiB
2026/07/31 03:07:19.263, 7, P0, 37, 243.27 W, 1965 MHz, 3996 MHz, 0 %, 0 MiB
2026/07/31 03:07:20.263, 0, P0, 37, 262.40 W, 1965 MHz, 3996 MHz, 13 %, 163503 MiB
2026/07/31 03:07:20.263, 1, P0, 34, 262.36 W, 1965 MHz, 3996 MHz, 32 %, 163503 MiB
2026/07/31 03:07:20.263, 2, P0, 36, 236.12 W, 1965 MHz, 3996 MHz, 0 %, 0 MiB
2026/07/31 03:07:20.263, 3, P0, 33, 238.51 W, 1965 MHz, 3996 MHz, 0 %, 0 MiB
2026/07/31 03:07:20.263, 4, P0, 33, 235.60 W, 1965 MHz, 3996 MHz, 0 %, 0 MiB
2026/07/31 03:07:20.263, 5, P0, 36, 244.21 W, 1965 MHz, 3996 MHz, 0 %, 0 MiB
2026/07/31 03:07:20.263, 6, P0, 33, 242.37 W, 1965 MHz, 3996 MHz, 0 %, 0 MiB
2026/07/31 03:07:20.263, 7, P0, 37, 243.26 W, 1965 MHz, 3996 MHz, 0 %, 0 MiB
2026/07/31 03:07:21.263, 0, P0, 37, 261.84 W, 1965 MHz, 3996 MHz, 11 %, 163503 MiB
2026/07/31 03:07:21.263, 1, P0, 34, 262.92 W, 1965 MHz, 3996 MHz, 46 %, 163503 MiB
2026/07/31 03:07:21.263, 2, P0, 36, 236.07 W, 1965 MHz, 3996 MHz, 0 %, 0 MiB
2026/07/31 03:07:21.263, 3, P0, 33, 238.58 W, 1965 MHz, 3996 MHz, 0 %, 0 MiB
2026/07/31 03:07:21.263, 4, P0, 33, 235.60 W, 1965 MHz, 3996 MHz, 0 %, 0 MiB
2026/07/31 03:07:21.263, 5, P0, 36, 244.16 W, 1965 MHz, 3996 MHz, 0 %, 0 MiB
2026/07/31 03:07:21.263, 6, P0, 33, 242.39 W, 1965 MHz, 3996 MHz, 0 %, 0 MiB
2026/07/31 03:07:21.263, 7, P0, 37, 243.26 W, 1965 MHz, 3996 MHz, 0 %, 0 MiB
2026/07/31 03:07:22.263, 0, P0, 37, 262.82 W, 1965 MHz, 3996 MHz, 12 %, 163503 MiB
2026/07/31 03:07:22.263, 1, P0, 34, 261.16 W, 1965 MHz, 3996 MHz, 30 %, 163503 MiB
2026/07/31 03:07:22.263, 2, P0, 36, 236.05 W, 1965 MHz, 3996 MHz, 0 %, 0 MiB
2026/07/31 03:07:22.263, 3, P0, 33, 238.57 W, 1965 MHz, 3996 MHz, 0 %, 0 MiB
2026/07/31 03:07:22.263, 4, P0, 33, 235.56 W, 1965 MHz, 3996 MHz, 0 %, 0 MiB
2026/07/31 03:07:22.263, 5, P0, 36, 244.07 W, 1965 MHz, 3996 MHz, 0 %, 0 MiB
2026/07/31 03:07:22.264, 6, P0, 33, 242.40 W, 1965 MHz, 3996 MHz, 0 %, 0 MiB
2026/07/31 03:07:22.264, 7, P0, 37, 243.24 W, 1965 MHz, 3996 MHz, 0 %, 0 MiB
2026/07/31 03:07:23.264, 0, P0, 37, 262.89 W, 1965 MHz, 3996 MHz, 11 %, 163503 MiB
2026/07/31 03:07:23.264, 1, P0, 34, 261.28 W, 1965 MHz, 3996 MHz, 38 %, 163503 MiB
2026/07/31 03:07:23.264, 2, P0, 36, 236.07 W, 1965 MHz, 3996 MHz, 0 %, 0 MiB
2026/07/31 03:07:23.264, 3, P0, 33, 238.64 W, 1965 MHz, 3996 MHz, 0 %, 0 MiB
2026/07/31 03:07:23.264, 4, P0, 33, 235.67 W, 1965 MHz, 3996 MHz, 0 %, 0 MiB
2026/07/31 03:07:23.264, 5, P0, 36, 244.13 W, 1965 MHz, 3996 MHz, 0 %, 0 MiB
2026/07/31 03:07:23.264, 6, P0, 33, 242.34 W, 1965 MHz, 3996 MHz, 0 %, 0 MiB
2026/07/31 03:07:23.264, 7, P0, 37, 243.21 W, 1965 MHz, 3996 MHz, 0 %, 0 MiB
2026/07/31 03:07:24.264, 0, P0, 37, 406.53 W, 1965 MHz, 3996 MHz, 12 %, 163503 MiB
2026/07/31 03:07:24.264, 1, P0, 35, 407.49 W, 1965 MHz, 3996 MHz, 35 %, 163503 MiB
2026/07/31 03:07:24.264, 2, P0, 36, 236.11 W, 1965 MHz, 3996 MHz, 0 %, 0 MiB
2026/07/31 03:07:24.264, 3, P0, 33, 238.48 W, 1965 MHz, 3996 MHz, 0 %, 0 MiB
2026/07/31 03:07:24.264, 4, P0, 33, 235.69 W, 1965 MHz, 3996 MHz, 0 %, 0 MiB
2026/07/31 03:07:24.264, 5, P0, 36, 244.14 W, 1965 MHz, 3996 MHz, 0 %, 0 MiB
2026/07/31 03:07:24.264, 6, P0, 33, 242.32 W, 1965 MHz, 3996 MHz, 0 %, 0 MiB
2026/07/31 03:07:24.264, 7, P0, 37, 243.06 W, 1965 MHz, 3996 MHz, 0 %, 0 MiB
2026/07/31 03:07:25.264, 0, P0, 41, 405.56 W, 1957 MHz, 3996 MHz, 100 %, 163503 MiB
2026/07/31 03:07:25.264, 1, P0, 42, 406.38 W, 1740 MHz, 3996 MHz, 83 %, 163503 MiB
2026/07/31 03:07:25.264, 2, P0, 36, 236.12 W, 1965 MHz, 3996 MHz, 0 %, 0 MiB
2026/07/31 03:07:25.264, 3, P0, 33, 238.61 W, 1965 MHz, 3996 MHz, 0 %, 0 MiB
2026/07/31 03:07:25.264, 4, P0, 33, 235.61 W, 1965 MHz, 3996 MHz, 0 %, 0 MiB
2026/07/31 03:07:25.264, 5, P0, 36, 244.12 W, 1965 MHz, 3996 MHz, 0 %, 0 MiB
2026/07/31 03:07:25.264, 6, P0, 33, 242.36 W, 1965 MHz, 3996 MHz, 0 %, 0 MiB
2026/07/31 03:07:25.264, 7, P0, 37, 243.21 W, 1965 MHz, 3996 MHz, 0 %, 0 MiB
2026/07/31 03:07:26.264, 0, P0, 37, 265.22 W, 1965 MHz, 3996 MHz, 12 %, 163503 MiB
2026/07/31 03:07:26.264, 1, P0, 35, 278.85 W, 1965 MHz, 3996 MHz, 33 %, 163503 MiB
2026/07/31 03:07:26.264, 2, P0, 36, 236.09 W, 1965 MHz, 3996 MHz, 0 %, 0 MiB
2026/07/31 03:07:26.265, 3, P0, 33, 238.54 W, 1965 MHz, 3996 MHz, 0 %, 0 MiB
2026/07/31 03:07:26.265, 4, P0, 33, 235.64 W, 1965 MHz, 3996 MHz, 0 %, 0 MiB
2026/07/31 03:07:26.265, 5, P0, 36, 244.17 W, 1965 MHz, 3996 MHz, 0 %, 0 MiB
2026/07/31 03:07:26.265, 6, P0, 33, 242.38 W, 1965 MHz, 3996 MHz, 0 %, 0 MiB
2026/07/31 03:07:26.265, 7, P0, 37, 243.23 W, 1965 MHz, 3996 MHz, 0 %, 0 MiB
2026/07/31 03:07:27.265, 0, P0, 37, 264.55 W, 1965 MHz, 3996 MHz, 12 %, 163503 MiB
2026/07/31 03:07:27.265, 1, P0, 34, 261.96 W, 1965 MHz, 3996 MHz, 35 %, 163503 MiB
2026/07/31 03:07:27.265, 2, P0, 36, 236.06 W, 1965 MHz, 3996 MHz, 0 %, 0 MiB
2026/07/31 03:07:27.265, 3, P0, 33, 238.55 W, 1965 MHz, 3996 MHz, 0 %, 0 MiB
2026/07/31 03:07:27.265, 4, P0, 33, 235.62 W, 1965 MHz, 3996 MHz, 0 %, 0 MiB
2026/07/31 03:07:27.265, 5, P0, 36, 244.20 W, 1965 MHz, 3996 MHz, 0 %, 0 MiB
2026/07/31 03:07:27.265, 6, P0, 33, 242.45 W, 1965 MHz, 3996 MHz, 0 %, 0 MiB
2026/07/31 03:07:27.265, 7, P0, 37, 243.24 W, 1965 MHz, 3996 MHz, 0 %, 0 MiB
2026/07/31 03:07:28.265, 0, P0, 37, 264.21 W, 1965 MHz, 3996 MHz, 12 %, 163503 MiB
2026/07/31 03:07:28.265, 1, P0, 34, 263.01 W, 1965 MHz, 3996 MHz, 18 %, 163503 MiB
2026/07/31 03:07:28.265, 2, P0, 36, 236.10 W, 1965 MHz, 3996 MHz, 0 %, 0 MiB
2026/07/31 03:07:28.265, 3, P0, 33, 238.63 W, 1965 MHz, 3996 MHz, 0 %, 0 MiB
2026/07/31 03:07:28.265, 4, P0, 33, 235.74 W, 1965 MHz, 3996 MHz, 0 %, 0 MiB
2026/07/31 03:07:28.265, 5, P0, 36, 244.15 W, 1965 MHz, 3996 MHz, 0 %, 0 MiB
2026/07/31 03:07:28.265, 6, P0, 33, 242.37 W, 1965 MHz, 3996 MHz, 0 %, 0 MiB
2026/07/31 03:07:28.265, 7, P0, 37, 243.24 W, 1965 MHz, 3996 MHz, 0 %, 0 MiB
2026/07/31 03:07:29.265, 0, P0, 37, 264.47 W, 1965 MHz, 3996 MHz, 12 %, 163503 MiB
2026/07/31 03:07:29.265, 1, P0, 34, 263.11 W, 1965 MHz, 3996 MHz, 28 %, 163503 MiB
2026/07/31 03:07:29.265, 2, P0, 36, 236.11 W, 1965 MHz, 3996 MHz, 0 %, 0 MiB
2026/07/31 03:07:29.265, 3, P0, 33, 238.52 W, 1965 MHz, 3996 MHz, 0 %, 0 MiB
2026/07/31 03:07:29.265, 4, P0, 33, 235.73 W, 1965 MHz, 3996 MHz, 0 %, 0 MiB
2026/07/31 03:07:29.265, 5, P0, 36, 244.16 W, 1965 MHz, 3996 MHz, 0 %, 0 MiB
2026/07/31 03:07:29.265, 6, P0, 33, 242.35 W, 1965 MHz, 3996 MHz, 0 %, 0 MiB
2026/07/31 03:07:29.265, 7, P0, 37, 243.15 W, 1965 MHz, 3996 MHz, 0 %, 0 MiB
2026/07/31 03:07:30.265, 0, P0, 37, 264.88 W, 1965 MHz, 3996 MHz, 12 %, 163503 MiB
2026/07/31 03:07:30.266, 1, P0, 34, 263.60 W, 1965 MHz, 3996 MHz, 15 %, 163503 MiB
2026/07/31 03:07:30.266, 2, P0, 36, 236.07 W, 1965 MHz, 3996 MHz, 0 %, 0 MiB
2026/07/31 03:07:30.266, 3, P0, 33, 238.55 W, 1965 MHz, 3996 MHz, 0 %, 0 MiB
2026/07/31 03:07:30.266, 4, P0, 33, 235.63 W, 1965 MHz, 3996 MHz, 0 %, 0 MiB
2026/07/31 03:07:30.266, 5, P0, 36, 244.20 W, 1965 MHz, 3996 MHz, 0 %, 0 MiB
2026/07/31 03:07:30.266, 6, P0, 33, 242.38 W, 1965 MHz, 3996 MHz, 0 %, 0 MiB
2026/07/31 03:07:30.266, 7, P0, 37, 243.29 W, 1965 MHz, 3996 MHz, 0 %, 0 MiB
2026/07/31 03:07:31.266, 0, P0, 37, 265.21 W, 1965 MHz, 3996 MHz, 12 %, 163503 MiB
2026/07/31 03:07:31.266, 1, P0, 34, 263.55 W, 1965 MHz, 3996 MHz, 32 %, 163503 MiB
2026/07/31 03:07:31.266, 2, P0, 36, 236.09 W, 1965 MHz, 3996 MHz, 0 %, 0 MiB
2026/07/31 03:07:31.266, 3, P0, 33, 238.59 W, 1965 MHz, 3996 MHz, 0 %, 0 MiB
2026/07/31 03:07:31.266, 4, P0, 33, 235.64 W, 1965 MHz, 3996 MHz, 0 %, 0 MiB
2026/07/31 03:07:31.266, 5, P0, 36, 244.21 W, 1965 MHz, 3996 MHz, 0 %, 0 MiB
2026/07/31 03:07:31.266, 6, P0, 33, 242.40 W, 1965 MHz, 3996 MHz, 0 %, 0 MiB
2026/07/31 03:07:31.266, 7, P0, 37, 243.17 W, 1965 MHz, 3996 MHz, 0 %, 0 MiB
2026/07/31 03:07:32.266, 0, P0, 37, 265.84 W, 1965 MHz, 3996 MHz, 12 %, 163503 MiB
2026/07/31 03:07:32.266, 1, P0, 34, 262.42 W, 1965 MHz, 3996 MHz, 37 %, 163503 MiB
2026/07/31 03:07:32.266, 2, P0, 36, 236.12 W, 1965 MHz, 3996 MHz, 0 %, 0 MiB
2026/07/31 03:07:32.266, 3, P0, 33, 238.55 W, 1965 MHz, 3996 MHz, 0 %, 0 MiB
2026/07/31 03:07:32.266, 4, P0, 33, 235.64 W, 1965 MHz, 3996 MHz, 0 %, 0 MiB
2026/07/31 03:07:32.266, 5, P0, 36, 244.14 W, 1965 MHz, 3996 MHz, 0 %, 0 MiB
2026/07/31 03:07:32.266, 6, P0, 33, 242.40 W, 1965 MHz, 3996 MHz, 0 %, 0 MiB
2026/07/31 03:07:32.266, 7, P0, 37, 243.21 W, 1965 MHz, 3996 MHz, 0 %, 0 MiB
2026/07/31 03:07:33.266, 0, P0, 37, 265.44 W, 1965 MHz, 3996 MHz, 20 %, 163503 MiB
2026/07/31 03:07:33.266, 1, P0, 34, 263.51 W, 1965 MHz, 3996 MHz, 28 %, 163503 MiB
2026/07/31 03:07:33.266, 2, P0, 36, 236.10 W, 1965 MHz, 3996 MHz, 0 %, 0 MiB
2026/07/31 03:07:33.266, 3, P0, 33, 238.61 W, 1965 MHz, 3996 MHz, 0 %, 0 MiB
2026/07/31 03:07:33.266, 4, P0, 33, 235.65 W, 1965 MHz, 3996 MHz, 0 %, 0 MiB
2026/07/31 03:07:33.266, 5, P0, 36, 244.26 W, 1965 MHz, 3996 MHz, 0 %, 0 MiB
2026/07/31 03:07:33.266, 6, P0, 33, 242.42 W, 1965 MHz, 3996 MHz, 0 %, 0 MiB
2026/07/31 03:07:33.266, 7, P0, 37, 243.20 W, 1965 MHz, 3996 MHz, 0 %, 0 MiB
2026/07/31 03:07:34.266, 0, P0, 37, 264.78 W, 1965 MHz, 3996 MHz, 12 %, 163503 MiB
2026/07/31 03:07:34.266, 1, P0, 34, 263.24 W, 1965 MHz, 3996 MHz, 30 %, 163503 MiB
2026/07/31 03:07:34.266, 2, P0, 36, 236.11 W, 1965 MHz, 3996 MHz, 0 %, 0 MiB
2026/07/31 03:07:34.267, 3, P0, 33, 238.58 W, 1965 MHz, 3996 MHz, 0 %, 0 MiB
2026/07/31 03:07:34.267, 4, P0, 33, 235.65 W, 1965 MHz, 3996 MHz, 0 %, 0 MiB
2026/07/31 03:07:34.267, 5, P0, 36, 244.12 W, 1965 MHz, 3996 MHz, 0 %, 0 MiB
2026/07/31 03:07:34.267, 6, P0, 33, 242.39 W, 1965 MHz, 3996 MHz, 0 %, 0 MiB
2026/07/31 03:07:34.267, 7, P0, 37, 243.28 W, 1965 MHz, 3996 MHz, 0 %, 0 MiB
2026/07/31 03:07:35.267, 0, P0, 37, 264.34 W, 1965 MHz, 3996 MHz, 12 %, 163503 MiB
2026/07/31 03:07:35.267, 1, P0, 34, 262.95 W, 1965 MHz, 3996 MHz, 26 %, 163503 MiB
2026/07/31 03:07:35.267, 2, P0, 36, 236.14 W, 1965 MHz, 3996 MHz, 0 %, 0 MiB
2026/07/31 03:07:35.267, 3, P0, 33, 238.53 W, 1965 MHz, 3996 MHz, 0 %, 0 MiB
2026/07/31 03:07:35.267, 4, P0, 33, 235.68 W, 1965 MHz, 3996 MHz, 0 %, 0 MiB
2026/07/31 03:07:35.267, 5, P0, 36, 244.28 W, 1965 MHz, 3996 MHz, 0 %, 0 MiB
2026/07/31 03:07:35.267, 6, P0, 33, 242.38 W, 1965 MHz, 3996 MHz, 0 %, 0 MiB
2026/07/31 03:07:35.267, 7, P0, 37, 243.29 W, 1965 MHz, 3996 MHz, 0 %, 0 MiB
2026/07/31 03:07:36.267, 0, P0, 37, 264.10 W, 1965 MHz, 3996 MHz, 12 %, 163503 MiB
2026/07/31 03:07:36.267, 1, P0, 34, 264.13 W, 1965 MHz, 3996 MHz, 37 %, 163503 MiB
2026/07/31 03:07:36.267, 2, P0, 36, 236.09 W, 1965 MHz, 3996 MHz, 0 %, 0 MiB
2026/07/31 03:07:36.267, 3, P0, 33, 238.53 W, 1965 MHz, 3996 MHz, 0 %, 0 MiB
2026/07/31 03:07:36.267, 4, P0, 33, 235.66 W, 1965 MHz, 3996 MHz, 0 %, 0 MiB
2026/07/31 03:07:36.267, 5, P0, 36, 244.21 W, 1965 MHz, 3996 MHz, 0 %, 0 MiB
2026/07/31 03:07:36.267, 6, P0, 33, 242.34 W, 1965 MHz, 3996 MHz, 0 %, 0 MiB
2026/07/31 03:07:36.267, 7, P0, 37, 243.28 W, 1965 MHz, 3996 MHz, 0 %, 0 MiB
2026/07/31 03:07:37.267, 0, P0, 37, 263.92 W, 1965 MHz, 3996 MHz, 12 %, 163503 MiB
2026/07/31 03:07:37.267, 1, P0, 34, 264.10 W, 1965 MHz, 3996 MHz, 34 %, 163503 MiB
2026/07/31 03:07:37.267, 2, P0, 36, 236.07 W, 1965 MHz, 3996 MHz, 0 %, 0 MiB
2026/07/31 03:07:37.267, 3, P0, 33, 238.56 W, 1965 MHz, 3996 MHz, 0 %, 0 MiB
2026/07/31 03:07:37.267, 4, P0, 33, 235.60 W, 1965 MHz, 3996 MHz, 0 %, 0 MiB
2026/07/31 03:07:37.267, 5, P0, 36, 244.14 W, 1965 MHz, 3996 MHz, 0 %, 0 MiB
2026/07/31 03:07:37.267, 6, P0, 33, 242.38 W, 1965 MHz, 3996 MHz, 0 %, 0 MiB
2026/07/31 03:07:37.267, 7, P0, 37, 243.32 W, 1965 MHz, 3996 MHz, 0 %, 0 MiB
2026/07/31 03:07:38.267, 0, P0, 37, 265.46 W, 1965 MHz, 3996 MHz, 12 %, 163503 MiB
2026/07/31 03:07:38.267, 1, P0, 34, 263.00 W, 1965 MHz, 3996 MHz, 36 %, 163503 MiB
2026/07/31 03:07:38.268, 2, P0, 36, 236.12 W, 1965 MHz, 3996 MHz, 0 %, 0 MiB
2026/07/31 03:07:38.268, 3, P0, 33, 238.53 W, 1965 MHz, 3996 MHz, 0 %, 0 MiB
2026/07/31 03:07:38.268, 4, P0, 33, 235.63 W, 1965 MHz, 3996 MHz, 0 %, 0 MiB
2026/07/31 03:07:38.268, 5, P0, 36, 244.29 W, 1965 MHz, 3996 MHz, 0 %, 0 MiB
2026/07/31 03:07:38.268, 6, P0, 33, 242.32 W, 1965 MHz, 3996 MHz, 0 %, 0 MiB
2026/07/31 03:07:38.268, 7, P0, 37, 243.22 W, 1965 MHz, 3996 MHz, 0 %, 0 MiB
2026/07/31 03:07:39.268, 0, P0, 37, 264.47 W, 1965 MHz, 3996 MHz, 12 %, 163503 MiB
2026/07/31 03:07:39.268, 1, P0, 34, 263.24 W, 1965 MHz, 3996 MHz, 31 %, 163503 MiB
2026/07/31 03:07:39.268, 2, P0, 36, 236.07 W, 1965 MHz, 3996 MHz, 0 %, 0 MiB
2026/07/31 03:07:39.268, 3, P0, 33, 238.53 W, 1965 MHz, 3996 MHz, 0 %, 0 MiB
2026/07/31 03:07:39.268, 4, P0, 33, 235.66 W, 1965 MHz, 3996 MHz, 0 %, 0 MiB
2026/07/31 03:07:39.268, 5, P0, 36, 244.17 W, 1965 MHz, 3996 MHz, 0 %, 0 MiB
2026/07/31 03:07:39.268, 6, P0, 33, 242.32 W, 1965 MHz, 3996 MHz, 0 %, 0 MiB
2026/07/31 03:07:39.268, 7, P0, 37, 243.32 W, 1965 MHz, 3996 MHz, 0 %, 0 MiB
2026/07/31 03:07:40.268, 0, P0, 37, 264.61 W, 1965 MHz, 3996 MHz, 12 %, 163503 MiB
2026/07/31 03:07:40.268, 1, P0, 34, 263.89 W, 1965 MHz, 3996 MHz, 34 %, 163503 MiB
2026/07/31 03:07:40.268, 2, P0, 36, 236.06 W, 1965 MHz, 3996 MHz, 0 %, 0 MiB
2026/07/31 03:07:40.268, 3, P0, 33, 238.61 W, 1965 MHz, 3996 MHz, 0 %, 0 MiB
2026/07/31 03:07:40.268, 4, P0, 33, 235.67 W, 1965 MHz, 3996 MHz, 0 %, 0 MiB
2026/07/31 03:07:40.268, 5, P0, 36, 244.17 W, 1965 MHz, 3996 MHz, 0 %, 0 MiB
2026/07/31 03:07:40.268, 6, P0, 33, 242.38 W, 1965 MHz, 3996 MHz, 0 %, 0 MiB
2026/07/31 03:07:40.268, 7, P0, 37, 243.29 W, 1965 MHz, 3996 MHz, 0 %, 0 MiB
2026/07/31 03:07:41.268, 0, P0, 37, 264.51 W, 1965 MHz, 3996 MHz, 12 %, 163503 MiB
2026/07/31 03:07:41.268, 1, P0, 34, 264.34 W, 1965 MHz, 3996 MHz, 45 %, 163503 MiB
2026/07/31 03:07:41.268, 2, P0, 36, 236.10 W, 1965 MHz, 3996 MHz, 0 %, 0 MiB
2026/07/31 03:07:41.268, 3, P0, 33, 238.57 W, 1965 MHz, 3996 MHz, 0 %, 0 MiB
2026/07/31 03:07:41.268, 4, P0, 33, 235.71 W, 1965 MHz, 3996 MHz, 0 %, 0 MiB
2026/07/31 03:07:41.268, 5, P0, 36, 244.23 W, 1965 MHz, 3996 MHz, 0 %, 0 MiB
2026/07/31 03:07:41.268, 6, P0, 33, 242.38 W, 1965 MHz, 3996 MHz, 0 %, 0 MiB
2026/07/31 03:07:41.268, 7, P0, 37, 243.27 W, 1965 MHz, 3996 MHz, 0 %, 0 MiB
2026/07/31 03:07:42.268, 0, P0, 37, 264.58 W, 1965 MHz, 3996 MHz, 12 %, 163503 MiB
2026/07/31 03:07:42.268, 1, P0, 34, 262.74 W, 1965 MHz, 3996 MHz, 31 %, 163503 MiB
2026/07/31 03:07:42.268, 2, P0, 36, 236.11 W, 1965 MHz, 3996 MHz, 0 %, 0 MiB
2026/07/31 03:07:42.269, 3, P0, 33, 238.56 W, 1965 MHz, 3996 MHz, 0 %, 0 MiB
2026/07/31 03:07:42.269, 4, P0, 33, 235.62 W, 1965 MHz, 3996 MHz, 0 %, 0 MiB
2026/07/31 03:07:42.269, 5, P0, 36, 244.14 W, 1965 MHz, 3996 MHz, 0 %, 0 MiB
2026/07/31 03:07:42.269, 6, P0, 33, 242.37 W, 1965 MHz, 3996 MHz, 0 %, 0 MiB
2026/07/31 03:07:42.269, 7, P0, 37, 243.20 W, 1965 MHz, 3996 MHz, 0 %, 0 MiB
2026/07/31 03:07:43.269, 0, P0, 37, 265.10 W, 1965 MHz, 3996 MHz, 12 %, 163503 MiB
2026/07/31 03:07:43.269, 1, P0, 34, 263.47 W, 1965 MHz, 3996 MHz, 38 %, 163503 MiB
2026/07/31 03:07:43.269, 2, P0, 36, 236.07 W, 1965 MHz, 3996 MHz, 0 %, 0 MiB
2026/07/31 03:07:43.269, 3, P0, 33, 238.58 W, 1965 MHz, 3996 MHz, 0 %, 0 MiB
2026/07/31 03:07:43.269, 4, P0, 33, 235.70 W, 1965 MHz, 3996 MHz, 0 %, 0 MiB
2026/07/31 03:07:43.269, 5, P0, 36, 244.20 W, 1965 MHz, 3996 MHz, 0 %, 0 MiB
2026/07/31 03:07:43.269, 6, P0, 33, 242.40 W, 1965 MHz, 3996 MHz, 0 %, 0 MiB
2026/07/31 03:07:43.269, 7, P0, 37, 243.38 W, 1965 MHz, 3996 MHz, 0 %, 0 MiB
2026/07/31 03:07:44.269, 0, P0, 37, 264.71 W, 1965 MHz, 3996 MHz, 37 %, 163503 MiB
2026/07/31 03:07:44.269, 1, P0, 34, 264.29 W, 1965 MHz, 3996 MHz, 40 %, 163503 MiB
2026/07/31 03:07:44.269, 2, P0, 36, 236.07 W, 1965 MHz, 3996 MHz, 0 %, 0 MiB
2026/07/31 03:07:44.269, 3, P0, 33, 238.55 W, 1965 MHz, 3996 MHz, 0 %, 0 MiB
2026/07/31 03:07:44.269, 4, P0, 33, 235.71 W, 1965 MHz, 3996 MHz, 0 %, 0 MiB
2026/07/31 03:07:44.269, 5, P0, 36, 244.17 W, 1965 MHz, 3996 MHz, 0 %, 0 MiB
2026/07/31 03:07:44.269, 6, P0, 33, 242.39 W, 1965 MHz, 3996 MHz, 0 %, 0 MiB
2026/07/31 03:07:44.269, 7, P0, 37, 243.21 W, 1965 MHz, 3996 MHz, 0 %, 0 MiB
2026/07/31 03:07:45.269, 0, P0, 37, 264.75 W, 1965 MHz, 3996 MHz, 12 %, 163503 MiB
2026/07/31 03:07:45.269, 1, P0, 34, 264.24 W, 1965 MHz, 3996 MHz, 34 %, 163503 MiB
2026/07/31 03:07:45.269, 2, P0, 36, 236.07 W, 1965 MHz, 3996 MHz, 0 %, 0 MiB
2026/07/31 03:07:45.269, 3, P0, 33, 238.65 W, 1965 MHz, 3996 MHz, 0 %, 0 MiB
2026/07/31 03:07:45.269, 4, P0, 33, 235.66 W, 1965 MHz, 3996 MHz, 0 %, 0 MiB
2026/07/31 03:07:45.269, 5, P0, 36, 244.14 W, 1965 MHz, 3996 MHz, 0 %, 0 MiB
2026/07/31 03:07:45.269, 6, P0, 33, 242.37 W, 1965 MHz, 3996 MHz, 0 %, 0 MiB
2026/07/31 03:07:45.269, 7, P0, 37, 243.31 W, 1965 MHz, 3996 MHz, 0 %, 0 MiB
2026/07/31 03:07:46.269, 0, P0, 37, 264.88 W, 1965 MHz, 3996 MHz, 12 %, 163503 MiB
2026/07/31 03:07:46.270, 1, P0, 34, 263.61 W, 1965 MHz, 3996 MHz, 45 %, 163503 MiB
2026/07/31 03:07:46.270, 2, P0, 36, 236.09 W, 1965 MHz, 3996 MHz, 0 %, 0 MiB
2026/07/31 03:07:46.270, 3, P0, 33, 238.61 W, 1965 MHz, 3996 MHz, 0 %, 0 MiB
2026/07/31 03:07:46.270, 4, P0, 33, 235.76 W, 1965 MHz, 3996 MHz, 0 %, 0 MiB
2026/07/31 03:07:46.270, 5, P0, 36, 244.22 W, 1965 MHz, 3996 MHz, 0 %, 0 MiB
2026/07/31 03:07:46.270, 6, P0, 33, 242.38 W, 1965 MHz, 3996 MHz, 0 %, 0 MiB
2026/07/31 03:07:46.270, 7, P0, 37, 243.27 W, 1965 MHz, 3996 MHz, 0 %, 0 MiB
2026/07/31 03:07:47.270, 0, P0, 37, 264.53 W, 1965 MHz, 3996 MHz, 12 %, 163503 MiB
2026/07/31 03:07:47.270, 1, P0, 34, 263.14 W, 1965 MHz, 3996 MHz, 35 %, 163503 MiB
2026/07/31 03:07:47.270, 2, P0, 36, 236.06 W, 1965 MHz, 3996 MHz, 0 %, 0 MiB
2026/07/31 03:07:47.270, 3, P0, 33, 238.58 W, 1965 MHz, 3996 MHz, 0 %, 0 MiB
2026/07/31 03:07:47.270, 4, P0, 33, 235.67 W, 1965 MHz, 3996 MHz, 0 %, 0 MiB
2026/07/31 03:07:47.270, 5, P0, 36, 244.23 W, 1965 MHz, 3996 MHz, 0 %, 0 MiB
2026/07/31 03:07:47.270, 6, P0, 33, 242.36 W, 1965 MHz, 3996 MHz, 0 %, 0 MiB
2026/07/31 03:07:47.270, 7, P0, 37, 243.32 W, 1965 MHz, 3996 MHz, 0 %, 0 MiB
2026/07/31 03:07:48.270, 0, P0, 37, 264.36 W, 1965 MHz, 3996 MHz, 12 %, 163503 MiB
2026/07/31 03:07:48.270, 1, P0, 34, 264.06 W, 1965 MHz, 3996 MHz, 54 %, 163503 MiB
2026/07/31 03:07:48.270, 2, P0, 36, 236.11 W, 1965 MHz, 3996 MHz, 0 %, 0 MiB
2026/07/31 03:07:48.270, 3, P0, 33, 238.62 W, 1965 MHz, 3996 MHz, 0 %, 0 MiB
2026/07/31 03:07:48.270, 4, P0, 33, 235.76 W, 1965 MHz, 3996 MHz, 0 %, 0 MiB
2026/07/31 03:07:48.270, 5, P0, 36, 244.19 W, 1965 MHz, 3996 MHz, 0 %, 0 MiB
2026/07/31 03:07:48.270, 6, P0, 33, 242.33 W, 1965 MHz, 3996 MHz, 0 %, 0 MiB
2026/07/31 03:07:48.270, 7, P0, 37, 243.29 W, 1965 MHz, 3996 MHz, 0 %, 0 MiB
2026/07/31 03:07:49.270, 0, P0, 37, 264.82 W, 1965 MHz, 3996 MHz, 12 %, 163503 MiB
2026/07/31 03:07:49.270, 1, P0, 34, 264.68 W, 1965 MHz, 3996 MHz, 32 %, 163503 MiB
2026/07/31 03:07:49.270, 2, P0, 36, 236.10 W, 1965 MHz, 3996 MHz, 0 %, 0 MiB
2026/07/31 03:07:49.270, 3, P0, 33, 238.54 W, 1965 MHz, 3996 MHz, 0 %, 0 MiB
2026/07/31 03:07:49.270, 4, P0, 33, 235.74 W, 1965 MHz, 3996 MHz, 0 %, 0 MiB
2026/07/31 03:07:49.270, 5, P0, 36, 244.21 W, 1965 MHz, 3996 MHz, 0 %, 0 MiB
2026/07/31 03:07:49.270, 6, P0, 33, 242.32 W, 1965 MHz, 3996 MHz, 0 %, 0 MiB
2026/07/31 03:07:49.270, 7, P0, 37, 243.25 W, 1965 MHz, 3996 MHz, 0 %, 0 MiB
2026/07/31 03:07:50.271, 0, P0, 37, 265.49 W, 1965 MHz, 3996 MHz, 12 %, 163503 MiB
2026/07/31 03:07:50.271, 1, P0, 34, 265.36 W, 1965 MHz, 3996 MHz, 37 %, 163503 MiB
2026/07/31 03:07:50.271, 2, P0, 36, 236.12 W, 1965 MHz, 3996 MHz, 0 %, 0 MiB
2026/07/31 03:07:50.271, 3, P0, 33, 238.65 W, 1965 MHz, 3996 MHz, 0 %, 0 MiB
2026/07/31 03:07:50.271, 4, P0, 33, 235.71 W, 1965 MHz, 3996 MHz, 0 %, 0 MiB
2026/07/31 03:07:50.271, 5, P0, 36, 244.23 W, 1965 MHz, 3996 MHz, 0 %, 0 MiB
2026/07/31 03:07:50.271, 6, P0, 33, 242.35 W, 1965 MHz, 3996 MHz, 0 %, 0 MiB
2026/07/31 03:07:50.271, 7, P0, 37, 243.24 W, 1965 MHz, 3996 MHz, 0 %, 0 MiB
2026/07/31 03:07:51.271, 0, P0, 36, 269.35 W, 1965 MHz, 3996 MHz, 11 %, 163503 MiB
2026/07/31 03:07:51.271, 1, P0, 34, 270.21 W, 1965 MHz, 3996 MHz, 18 %, 163503 MiB
2026/07/31 03:07:51.271, 2, P0, 36, 236.06 W, 1965 MHz, 3996 MHz, 0 %, 0 MiB
2026/07/31 03:07:51.271, 3, P0, 33, 238.64 W, 1965 MHz, 3996 MHz, 0 %, 0 MiB
2026/07/31 03:07:51.271, 4, P0, 33, 235.74 W, 1965 MHz, 3996 MHz, 0 %, 0 MiB
2026/07/31 03:07:51.271, 5, P0, 36, 244.23 W, 1965 MHz, 3996 MHz, 0 %, 0 MiB
2026/07/31 03:07:51.271, 6, P0, 33, 242.38 W, 1965 MHz, 3996 MHz, 0 %, 0 MiB
2026/07/31 03:07:51.271, 7, P0, 37, 243.24 W, 1965 MHz, 3996 MHz, 0 %, 0 MiB
2026/07/31 03:07:52.271, 0, P0, 37, 268.70 W, 1965 MHz, 3996 MHz, 11 %, 163503 MiB
2026/07/31 03:07:52.271, 1, P0, 34, 270.67 W, 1965 MHz, 3996 MHz, 38 %, 163503 MiB
2026/07/31 03:07:52.271, 2, P0, 36, 236.07 W, 1965 MHz, 3996 MHz, 0 %, 0 MiB
2026/07/31 03:07:52.271, 3, P0, 33, 238.55 W, 1965 MHz, 3996 MHz, 0 %, 0 MiB
2026/07/31 03:07:52.271, 4, P0, 34, 235.77 W, 1965 MHz, 3996 MHz, 0 %, 0 MiB
2026/07/31 03:07:52.271, 5, P0, 36, 244.17 W, 1965 MHz, 3996 MHz, 0 %, 0 MiB
2026/07/31 03:07:52.271, 6, P0, 33, 242.37 W, 1965 MHz, 3996 MHz, 0 %, 0 MiB
2026/07/31 03:07:52.271, 7, P0, 37, 243.27 W, 1965 MHz, 3996 MHz, 0 %, 0 MiB
2026/07/31 03:07:53.271, 0, P0, 36, 263.18 W, 1965 MHz, 3996 MHz, 11 %, 163503 MiB
2026/07/31 03:07:53.271, 1, P0, 34, 265.18 W, 1965 MHz, 3996 MHz, 42 %, 163503 MiB
2026/07/31 03:07:53.271, 2, P0, 36, 236.06 W, 1965 MHz, 3996 MHz, 0 %, 0 MiB
2026/07/31 03:07:53.271, 3, P0, 33, 238.56 W, 1965 MHz, 3996 MHz, 0 %, 0 MiB
2026/07/31 03:07:53.271, 4, P0, 34, 235.74 W, 1965 MHz, 3996 MHz, 0 %, 0 MiB
2026/07/31 03:07:53.271, 5, P0, 36, 244.26 W, 1965 MHz, 3996 MHz, 0 %, 0 MiB
2026/07/31 03:07:53.271, 6, P0, 33, 242.41 W, 1965 MHz, 3996 MHz, 0 %, 0 MiB
2026/07/31 03:07:53.271, 7, P0, 37, 243.31 W, 1965 MHz, 3996 MHz, 0 %, 0 MiB
2026/07/31 03:07:54.272, 0, P0, 36, 268.33 W, 1965 MHz, 3996 MHz, 11 %, 163503 MiB
2026/07/31 03:07:54.272, 1, P0, 34, 276.64 W, 1965 MHz, 3996 MHz, 45 %, 163503 MiB
2026/07/31 03:07:54.272, 2, P0, 36, 236.09 W, 1965 MHz, 3996 MHz, 0 %, 0 MiB
2026/07/31 03:07:54.272, 3, P0, 33, 238.61 W, 1965 MHz, 3996 MHz, 0 %, 0 MiB
2026/07/31 03:07:54.272, 4, P0, 34, 235.75 W, 1965 MHz, 3996 MHz, 0 %, 0 MiB
2026/07/31 03:07:54.272, 5, P0, 36, 244.20 W, 1965 MHz, 3996 MHz, 0 %, 0 MiB
2026/07/31 03:07:54.272, 6, P0, 33, 242.41 W, 1965 MHz, 3996 MHz, 0 %, 0 MiB
2026/07/31 03:07:54.272, 7, P0, 37, 243.24 W, 1965 MHz, 3996 MHz, 0 %, 0 MiB
2026/07/31 03:07:55.272, 0, P0, 37, 268.21 W, 1965 MHz, 3996 MHz, 11 %, 163503 MiB
2026/07/31 03:07:55.272, 1, P0, 34, 271.70 W, 1965 MHz, 3996 MHz, 42 %, 163503 MiB
2026/07/31 03:07:55.272, 2, P0, 36, 236.11 W, 1965 MHz, 3996 MHz, 0 %, 0 MiB
2026/07/31 03:07:55.272, 3, P0, 33, 238.62 W, 1965 MHz, 3996 MHz, 0 %, 0 MiB
2026/07/31 03:07:55.272, 4, P0, 34, 235.73 W, 1965 MHz, 3996 MHz, 0 %, 0 MiB
2026/07/31 03:07:55.272, 5, P0, 36, 244.20 W, 1965 MHz, 3996 MHz, 0 %, 0 MiB
2026/07/31 03:07:55.272, 6, P0, 33, 242.40 W, 1965 MHz, 3996 MHz, 0 %, 0 MiB
2026/07/31 03:07:55.272, 7, P0, 37, 243.25 W, 1965 MHz, 3996 MHz, 0 %, 0 MiB
2026/07/31 03:07:56.272, 0, P0, 36, 261.97 W, 1965 MHz, 3996 MHz, 11 %, 163503 MiB
2026/07/31 03:07:56.272, 1, P0, 34, 262.44 W, 1965 MHz, 3996 MHz, 32 %, 163503 MiB
2026/07/31 03:07:56.272, 2, P0, 36, 236.06 W, 1965 MHz, 3996 MHz, 0 %, 0 MiB
2026/07/31 03:07:56.272, 3, P0, 33, 238.65 W, 1965 MHz, 3996 MHz, 0 %, 0 MiB
2026/07/31 03:07:56.272, 4, P0, 34, 235.74 W, 1965 MHz, 3996 MHz, 0 %, 0 MiB
2026/07/31 03:07:56.272, 5, P0, 36, 244.24 W, 1965 MHz, 3996 MHz, 0 %, 0 MiB
2026/07/31 03:07:56.272, 6, P0, 33, 242.43 W, 1965 MHz, 3996 MHz, 0 %, 0 MiB
2026/07/31 03:07:56.272, 7, P0, 37, 243.32 W, 1965 MHz, 3996 MHz, 0 %, 0 MiB
2026/07/31 03:07:57.272, 0, P0, 36, 262.70 W, 1965 MHz, 3996 MHz, 11 %, 163503 MiB
2026/07/31 03:07:57.272, 1, P0, 34, 262.98 W, 1965 MHz, 3996 MHz, 34 %, 163503 MiB
2026/07/31 03:07:57.272, 2, P0, 36, 236.07 W, 1965 MHz, 3996 MHz, 0 %, 0 MiB
2026/07/31 03:07:57.272, 3, P0, 33, 238.62 W, 1965 MHz, 3996 MHz, 0 %, 0 MiB
2026/07/31 03:07:57.272, 4, P0, 34, 235.75 W, 1965 MHz, 3996 MHz, 0 %, 0 MiB
2026/07/31 03:07:57.272, 5, P0, 36, 244.16 W, 1965 MHz, 3996 MHz, 0 %, 0 MiB
2026/07/31 03:07:57.272, 6, P0, 33, 242.38 W, 1965 MHz, 3996 MHz, 0 %, 0 MiB
2026/07/31 03:07:57.272, 7, P0, 37, 243.28 W, 1965 MHz, 3996 MHz, 0 %, 0 MiB
2026/07/31 03:07:58.272, 0, P0, 36, 262.28 W, 1965 MHz, 3996 MHz, 11 %, 163503 MiB
2026/07/31 03:07:58.273, 1, P0, 34, 264.31 W, 1965 MHz, 3996 MHz, 44 %, 163503 MiB
2026/07/31 03:07:58.273, 2, P0, 36, 236.12 W, 1965 MHz, 3996 MHz, 0 %, 0 MiB
2026/07/31 03:07:58.273, 3, P0, 33, 238.57 W, 1965 MHz, 3996 MHz, 0 %, 0 MiB
2026/07/31 03:07:58.273, 4, P0, 34, 235.74 W, 1965 MHz, 3996 MHz, 0 %, 0 MiB
2026/07/31 03:07:58.273, 5, P0, 36, 244.21 W, 1965 MHz, 3996 MHz, 0 %, 0 MiB
2026/07/31 03:07:58.273, 6, P0, 33, 242.40 W, 1965 MHz, 3996 MHz, 0 %, 0 MiB
2026/07/31 03:07:58.273, 7, P0, 37, 243.31 W, 1965 MHz, 3996 MHz, 0 %, 0 MiB
2026/07/31 03:07:59.273, 0, P0, 36, 263.70 W, 1965 MHz, 3996 MHz, 11 %, 163503 MiB
2026/07/31 03:07:59.273, 1, P0, 34, 264.99 W, 1965 MHz, 3996 MHz, 43 %, 163503 MiB
2026/07/31 03:07:59.273, 2, P0, 36, 236.06 W, 1965 MHz, 3996 MHz, 0 %, 0 MiB
2026/07/31 03:07:59.273, 3, P0, 33, 238.58 W, 1965 MHz, 3996 MHz, 0 %, 0 MiB
2026/07/31 03:07:59.273, 4, P0, 34, 235.75 W, 1965 MHz, 3996 MHz, 0 %, 0 MiB
2026/07/31 03:07:59.273, 5, P0, 36, 244.16 W, 1965 MHz, 3996 MHz, 0 %, 0 MiB
2026/07/31 03:07:59.273, 6, P0, 33, 242.40 W, 1965 MHz, 3996 MHz, 0 %, 0 MiB
2026/07/31 03:07:59.273, 7, P0, 37, 243.37 W, 1965 MHz, 3996 MHz, 0 %, 0 MiB
2026/07/31 03:08:00.273, 0, P0, 36, 263.90 W, 1965 MHz, 3996 MHz, 11 %, 163503 MiB
2026/07/31 03:08:00.273, 1, P0, 34, 264.74 W, 1965 MHz, 3996 MHz, 44 %, 163503 MiB
2026/07/31 03:08:00.273, 2, P0, 36, 236.09 W, 1965 MHz, 3996 MHz, 0 %, 0 MiB
2026/07/31 03:08:00.273, 3, P0, 33, 238.56 W, 1965 MHz, 3996 MHz, 0 %, 0 MiB
2026/07/31 03:08:00.273, 4, P0, 33, 235.72 W, 1965 MHz, 3996 MHz, 0 %, 0 MiB
2026/07/31 03:08:00.273, 5, P0, 36, 244.24 W, 1965 MHz, 3996 MHz, 0 %, 0 MiB
2026/07/31 03:08:00.273, 6, P0, 33, 242.45 W, 1965 MHz, 3996 MHz, 0 %, 0 MiB
2026/07/31 03:08:00.273, 7, P0, 37, 243.34 W, 1965 MHz, 3996 MHz, 0 %, 0 MiB
2026/07/31 03:08:01.273, 0, P0, 37, 271.39 W, 1965 MHz, 3996 MHz, 18 %, 163503 MiB
2026/07/31 03:08:01.273, 1, P0, 35, 271.56 W, 1965 MHz, 3996 MHz, 41 %, 163503 MiB
2026/07/31 03:08:01.273, 2, P0, 36, 236.14 W, 1965 MHz, 3996 MHz, 0 %, 0 MiB
2026/07/31 03:08:01.273, 3, P0, 33, 238.56 W, 1965 MHz, 3996 MHz, 0 %, 0 MiB
2026/07/31 03:08:01.273, 4, P0, 34, 235.79 W, 1965 MHz, 3996 MHz, 0 %, 0 MiB
2026/07/31 03:08:01.273, 5, P0, 36, 244.20 W, 1965 MHz, 3996 MHz, 0 %, 0 MiB
2026/07/31 03:08:01.273, 6, P0, 33, 242.47 W, 1965 MHz, 3996 MHz, 0 %, 0 MiB
2026/07/31 03:08:01.273, 7, P0, 37, 243.33 W, 1965 MHz, 3996 MHz, 0 %, 0 MiB
2026/07/31 03:08:02.273, 0, P0, 36, 260.77 W, 1965 MHz, 3996 MHz, 13 %, 163503 MiB
2026/07/31 03:08:02.274, 1, P0, 34, 261.44 W, 1965 MHz, 3996 MHz, 26 %, 163503 MiB
2026/07/31 03:08:02.274, 2, P0, 36, 236.07 W, 1965 MHz, 3996 MHz, 0 %, 0 MiB
2026/07/31 03:08:02.274, 3, P0, 33, 238.56 W, 1965 MHz, 3996 MHz, 0 %, 0 MiB
2026/07/31 03:08:02.274, 4, P0, 34, 235.71 W, 1965 MHz, 3996 MHz, 0 %, 0 MiB
2026/07/31 03:08:02.274, 5, P0, 36, 244.12 W, 1965 MHz, 3996 MHz, 0 %, 0 MiB
2026/07/31 03:08:02.274, 6, P0, 33, 242.42 W, 1965 MHz, 3996 MHz, 0 %, 0 MiB
2026/07/31 03:08:02.274, 7, P0, 37, 243.29 W, 1965 MHz, 3996 MHz, 0 %, 0 MiB
2026/07/31 03:08:03.274, 0, P0, 36, 266.38 W, 1965 MHz, 3996 MHz, 11 %, 163503 MiB
2026/07/31 03:08:03.274, 1, P0, 34, 270.18 W, 1965 MHz, 3996 MHz, 39 %, 163503 MiB
2026/07/31 03:08:03.274, 2, P0, 36, 236.09 W, 1965 MHz, 3996 MHz, 0 %, 0 MiB
2026/07/31 03:08:03.274, 3, P0, 33, 238.61 W, 1965 MHz, 3996 MHz, 0 %, 0 MiB
2026/07/31 03:08:03.274, 4, P0, 34, 235.81 W, 1965 MHz, 3996 MHz, 0 %, 0 MiB
2026/07/31 03:08:03.274, 5, P0, 36, 244.24 W, 1965 MHz, 3996 MHz, 0 %, 0 MiB
2026/07/31 03:08:03.274, 6, P0, 33, 242.46 W, 1965 MHz, 3996 MHz, 0 %, 0 MiB
2026/07/31 03:08:03.274, 7, P0, 37, 243.26 W, 1965 MHz, 3996 MHz, 0 %, 0 MiB
2026/07/31 03:08:04.274, 0, P0, 36, 263.95 W, 1965 MHz, 3996 MHz, 11 %, 163503 MiB
2026/07/31 03:08:04.274, 1, P0, 34, 263.18 W, 1965 MHz, 3996 MHz, 41 %, 163503 MiB
2026/07/31 03:08:04.274, 2, P0, 36, 236.07 W, 1965 MHz, 3996 MHz, 0 %, 0 MiB
2026/07/31 03:08:04.274, 3, P0, 33, 238.62 W, 1965 MHz, 3996 MHz, 0 %, 0 MiB
2026/07/31 03:08:04.274, 4, P0, 34, 235.70 W, 1965 MHz, 3996 MHz, 0 %, 0 MiB
2026/07/31 03:08:04.274, 5, P0, 36, 244.23 W, 1965 MHz, 3996 MHz, 0 %, 0 MiB
2026/07/31 03:08:04.274, 6, P0, 33, 242.46 W, 1965 MHz, 3996 MHz, 0 %, 0 MiB
2026/07/31 03:08:04.274, 7, P0, 37, 243.35 W, 1965 MHz, 3996 MHz, 0 %, 0 MiB
2026/07/31 03:08:05.274, 0, P0, 36, 265.03 W, 1965 MHz, 3996 MHz, 11 %, 163503 MiB
2026/07/31 03:08:05.274, 1, P0, 34, 265.30 W, 1965 MHz, 3996 MHz, 48 %, 163503 MiB
2026/07/31 03:08:05.274, 2, P0, 36, 236.10 W, 1965 MHz, 3996 MHz, 0 %, 0 MiB
2026/07/31 03:08:05.274, 3, P0, 33, 238.54 W, 1965 MHz, 3996 MHz, 0 %, 0 MiB
2026/07/31 03:08:05.274, 4, P0, 34, 235.71 W, 1965 MHz, 3996 MHz, 0 %, 0 MiB
2026/07/31 03:08:05.274, 5, P0, 36, 244.26 W, 1965 MHz, 3996 MHz, 0 %, 0 MiB
2026/07/31 03:08:05.274, 6, P0, 33, 242.45 W, 1965 MHz, 3996 MHz, 0 %, 0 MiB
2026/07/31 03:08:05.274, 7, P0, 37, 243.37 W, 1965 MHz, 3996 MHz, 0 %, 0 MiB
2026/07/31 03:08:06.274, 0, P0, 36, 265.23 W, 1965 MHz, 3996 MHz, 11 %, 163503 MiB
2026/07/31 03:08:06.275, 1, P0, 34, 265.04 W, 1965 MHz, 3996 MHz, 34 %, 163503 MiB
2026/07/31 03:08:06.275, 2, P0, 36, 236.10 W, 1965 MHz, 3996 MHz, 0 %, 0 MiB
2026/07/31 03:08:06.275, 3, P0, 33, 238.57 W, 1965 MHz, 3996 MHz, 0 %, 0 MiB
2026/07/31 03:08:06.275, 4, P0, 34, 235.71 W, 1965 MHz, 3996 MHz, 0 %, 0 MiB
2026/07/31 03:08:06.275, 5, P0, 36, 244.17 W, 1965 MHz, 3996 MHz, 0 %, 0 MiB
2026/07/31 03:08:06.275, 6, P0, 33, 242.40 W, 1965 MHz, 3996 MHz, 0 %, 0 MiB
2026/07/31 03:08:06.275, 7, P0, 37, 243.33 W, 1965 MHz, 3996 MHz, 0 %, 0 MiB
2026/07/31 03:08:07.275, 0, P0, 36, 265.28 W, 1965 MHz, 3996 MHz, 11 %, 163503 MiB
2026/07/31 03:08:07.275, 1, P0, 34, 267.34 W, 1965 MHz, 3996 MHz, 60 %, 163503 MiB
2026/07/31 03:08:07.275, 2, P0, 36, 236.15 W, 1965 MHz, 3996 MHz, 0 %, 0 MiB
2026/07/31 03:08:07.275, 3, P0, 33, 238.55 W, 1965 MHz, 3996 MHz, 0 %, 0 MiB
2026/07/31 03:08:07.275, 4, P0, 34, 235.75 W, 1965 MHz, 3996 MHz, 0 %, 0 MiB
2026/07/31 03:08:07.275, 5, P0, 36, 244.20 W, 1965 MHz, 3996 MHz, 0 %, 0 MiB
2026/07/31 03:08:07.275, 6, P0, 33, 242.38 W, 1965 MHz, 3996 MHz, 0 %, 0 MiB
2026/07/31 03:08:07.275, 7, P0, 37, 243.35 W, 1965 MHz, 3996 MHz, 0 %, 0 MiB
2026/07/31 03:08:08.275, 0, P0, 36, 265.83 W, 1965 MHz, 3996 MHz, 11 %, 163503 MiB
2026/07/31 03:08:08.275, 1, P0, 34, 267.60 W, 1965 MHz, 3996 MHz, 50 %, 163503 MiB
2026/07/31 03:08:08.275, 2, P0, 36, 236.14 W, 1965 MHz, 3996 MHz, 0 %, 0 MiB
2026/07/31 03:08:08.276, 3, P0, 33, 238.55 W, 1965 MHz, 3996 MHz, 0 %, 0 MiB
2026/07/31 03:08:08.276, 4, P0, 34, 235.71 W, 1965 MHz, 3996 MHz, 0 %, 0 MiB
2026/07/31 03:08:08.276, 5, P0, 36, 244.25 W, 1965 MHz, 3996 MHz, 0 %, 0 MiB
2026/07/31 03:08:08.276, 6, P0, 33, 242.45 W, 1965 MHz, 3996 MHz, 0 %, 0 MiB
2026/07/31 03:08:08.276, 7, P0, 37, 243.29 W, 1965 MHz, 3996 MHz, 0 %, 0 MiB
2026/07/31 03:08:09.276, 0, P0, 36, 265.92 W, 1965 MHz, 3996 MHz, 13 %, 163503 MiB
2026/07/31 03:08:09.276, 1, P0, 34, 266.04 W, 1965 MHz, 3996 MHz, 28 %, 163503 MiB
2026/07/31 03:08:09.276, 2, P0, 36, 236.14 W, 1965 MHz, 3996 MHz, 0 %, 0 MiB
2026/07/31 03:08:09.276, 3, P0, 33, 238.56 W, 1965 MHz, 3996 MHz, 0 %, 0 MiB
2026/07/31 03:08:09.276, 4, P0, 34, 235.75 W, 1965 MHz, 3996 MHz, 0 %, 0 MiB
2026/07/31 03:08:09.276, 5, P0, 36, 244.23 W, 1965 MHz, 3996 MHz, 0 %, 0 MiB
2026/07/31 03:08:09.276, 6, P0, 33, 242.42 W, 1965 MHz, 3996 MHz, 0 %, 0 MiB
2026/07/31 03:08:09.276, 7, P0, 37, 243.29 W, 1965 MHz, 3996 MHz, 0 %, 0 MiB
2026/07/31 03:08:10.276, 0, P0, 36, 264.66 W, 1965 MHz, 3996 MHz, 11 %, 163503 MiB
2026/07/31 03:08:10.276, 1, P0, 34, 266.90 W, 1965 MHz, 3996 MHz, 42 %, 163503 MiB
2026/07/31 03:08:10.276, 2, P0, 36, 236.14 W, 1965 MHz, 3996 MHz, 0 %, 0 MiB
2026/07/31 03:08:10.276, 3, P0, 33, 238.57 W, 1965 MHz, 3996 MHz, 0 %, 0 MiB
2026/07/31 03:08:10.276, 4, P0, 34, 235.77 W, 1965 MHz, 3996 MHz, 0 %, 0 MiB
2026/07/31 03:08:10.276, 5, P0, 36, 244.25 W, 1965 MHz, 3996 MHz, 0 %, 0 MiB
2026/07/31 03:08:10.276, 6, P0, 33, 242.43 W, 1965 MHz, 3996 MHz, 0 %, 0 MiB
2026/07/31 03:08:10.276, 7, P0, 37, 243.25 W, 1965 MHz, 3996 MHz, 0 %, 0 MiB
2026/07/31 03:08:11.276, 0, P0, 36, 266.00 W, 1965 MHz, 3996 MHz, 11 %, 163503 MiB
2026/07/31 03:08:11.276, 1, P0, 34, 265.36 W, 1965 MHz, 3996 MHz, 41 %, 163503 MiB
2026/07/31 03:08:11.276, 2, P0, 36, 236.12 W, 1965 MHz, 3996 MHz, 0 %, 0 MiB
2026/07/31 03:08:11.276, 3, P0, 33, 238.60 W, 1965 MHz, 3996 MHz, 0 %, 0 MiB
2026/07/31 03:08:11.276, 4, P0, 34, 235.74 W, 1965 MHz, 3996 MHz, 0 %, 0 MiB
2026/07/31 03:08:11.276, 5, P0, 36, 244.29 W, 1965 MHz, 3996 MHz, 0 %, 0 MiB
2026/07/31 03:08:11.276, 6, P0, 33, 242.43 W, 1965 MHz, 3996 MHz, 0 %, 0 MiB
2026/07/31 03:08:11.276, 7, P0, 37, 243.30 W, 1965 MHz, 3996 MHz, 0 %, 0 MiB
2026/07/31 03:08:12.277, 0, P0, 36, 265.92 W, 1965 MHz, 3996 MHz, 11 %, 163503 MiB
2026/07/31 03:08:12.277, 1, P0, 34, 267.18 W, 1965 MHz, 3996 MHz, 30 %, 163503 MiB
2026/07/31 03:08:12.277, 2, P0, 36, 236.15 W, 1965 MHz, 3996 MHz, 0 %, 0 MiB
2026/07/31 03:08:12.277, 3, P0, 33, 238.56 W, 1965 MHz, 3996 MHz, 0 %, 0 MiB
2026/07/31 03:08:12.277, 4, P0, 33, 235.69 W, 1965 MHz, 3996 MHz, 0 %, 0 MiB
2026/07/31 03:08:12.277, 5, P0, 36, 244.21 W, 1965 MHz, 3996 MHz, 0 %, 0 MiB
2026/07/31 03:08:12.277, 6, P0, 33, 242.43 W, 1965 MHz, 3996 MHz, 0 %, 0 MiB
2026/07/31 03:08:12.277, 7, P0, 37, 243.30 W, 1965 MHz, 3996 MHz, 0 %, 0 MiB
2026/07/31 03:08:13.277, 0, P0, 36, 265.82 W, 1965 MHz, 3996 MHz, 11 %, 163503 MiB
2026/07/31 03:08:13.277, 1, P0, 34, 266.74 W, 1965 MHz, 3996 MHz, 32 %, 163503 MiB
2026/07/31 03:08:13.277, 2, P0, 36, 236.11 W, 1965 MHz, 3996 MHz, 0 %, 0 MiB
2026/07/31 03:08:13.277, 3, P0, 33, 238.58 W, 1965 MHz, 3996 MHz, 0 %, 0 MiB
2026/07/31 03:08:13.277, 4, P0, 33, 235.77 W, 1965 MHz, 3996 MHz, 0 %, 0 MiB
2026/07/31 03:08:13.277, 5, P0, 36, 244.25 W, 1965 MHz, 3996 MHz, 0 %, 0 MiB
2026/07/31 03:08:13.277, 6, P0, 33, 242.41 W, 1965 MHz, 3996 MHz, 0 %, 0 MiB
2026/07/31 03:08:13.277, 7, P0, 37, 243.31 W, 1965 MHz, 3996 MHz, 0 %, 0 MiB
2026/07/31 03:08:14.277, 0, P0, 36, 265.98 W, 1965 MHz, 3996 MHz, 11 %, 163503 MiB
2026/07/31 03:08:14.277, 1, P0, 34, 266.21 W, 1965 MHz, 3996 MHz, 38 %, 163503 MiB
2026/07/31 03:08:14.277, 2, P0, 36, 236.11 W, 1965 MHz, 3996 MHz, 0 %, 0 MiB
2026/07/31 03:08:14.277, 3, P0, 33, 238.61 W, 1965 MHz, 3996 MHz, 0 %, 0 MiB
2026/07/31 03:08:14.277, 4, P0, 33, 235.72 W, 1965 MHz, 3996 MHz, 0 %, 0 MiB
2026/07/31 03:08:14.277, 5, P0, 36, 244.16 W, 1965 MHz, 3996 MHz, 0 %, 0 MiB
2026/07/31 03:08:14.277, 6, P0, 33, 242.40 W, 1965 MHz, 3996 MHz, 0 %, 0 MiB
2026/07/31 03:08:14.277, 7, P0, 37, 243.33 W, 1965 MHz, 3996 MHz, 0 %, 0 MiB
2026/07/31 03:08:15.277, 0, P0, 36, 265.21 W, 1965 MHz, 3996 MHz, 11 %, 163503 MiB
2026/07/31 03:08:15.277, 1, P0, 34, 265.31 W, 1965 MHz, 3996 MHz, 39 %, 163503 MiB
2026/07/31 03:08:15.278, 2, P0, 36, 236.12 W, 1965 MHz, 3996 MHz, 0 %, 0 MiB
2026/07/31 03:08:15.278, 3, P0, 33, 238.61 W, 1965 MHz, 3996 MHz, 0 %, 0 MiB
2026/07/31 03:08:15.278, 4, P0, 33, 235.70 W, 1965 MHz, 3996 MHz, 0 %, 0 MiB
2026/07/31 03:08:15.278, 5, P0, 36, 244.24 W, 1965 MHz, 3996 MHz, 0 %, 0 MiB
2026/07/31 03:08:15.278, 6, P0, 33, 242.39 W, 1965 MHz, 3996 MHz, 0 %, 0 MiB
2026/07/31 03:08:15.278, 7, P0, 37, 243.34 W, 1965 MHz, 3996 MHz, 0 %, 0 MiB
2026/07/31 03:08:16.278, 0, P0, 36, 265.35 W, 1965 MHz, 3996 MHz, 11 %, 163503 MiB
2026/07/31 03:08:16.278, 1, P0, 34, 266.42 W, 1965 MHz, 3996 MHz, 38 %, 163503 MiB
2026/07/31 03:08:16.278, 2, P0, 36, 236.15 W, 1965 MHz, 3996 MHz, 0 %, 0 MiB
2026/07/31 03:08:16.278, 3, P0, 33, 238.59 W, 1965 MHz, 3996 MHz, 0 %, 0 MiB
2026/07/31 03:08:16.278, 4, P0, 33, 235.69 W, 1965 MHz, 3996 MHz, 0 %, 0 MiB
2026/07/31 03:08:16.278, 5, P0, 36, 244.18 W, 1965 MHz, 3996 MHz, 0 %, 0 MiB
2026/07/31 03:08:16.278, 6, P0, 33, 242.37 W, 1965 MHz, 3996 MHz, 0 %, 0 MiB
2026/07/31 03:08:16.278, 7, P0, 37, 243.31 W, 1965 MHz, 3996 MHz, 0 %, 0 MiB
2026/07/31 03:08:17.278, 0, P0, 36, 265.96 W, 1965 MHz, 3996 MHz, 11 %, 163503 MiB
2026/07/31 03:08:17.278, 1, P0, 34, 266.89 W, 1965 MHz, 3996 MHz, 33 %, 163503 MiB
2026/07/31 03:08:17.278, 2, P0, 36, 236.10 W, 1965 MHz, 3996 MHz, 0 %, 0 MiB
2026/07/31 03:08:17.278, 3, P0, 33, 238.59 W, 1965 MHz, 3996 MHz, 0 %, 0 MiB
2026/07/31 03:08:17.278, 4, P0, 33, 235.69 W, 1965 MHz, 3996 MHz, 0 %, 0 MiB
2026/07/31 03:08:17.278, 5, P0, 36, 244.23 W, 1965 MHz, 3996 MHz, 0 %, 0 MiB
2026/07/31 03:08:17.278, 6, P0, 33, 242.39 W, 1965 MHz, 3996 MHz, 0 %, 0 MiB
2026/07/31 03:08:17.278, 7, P0, 37, 243.32 W, 1965 MHz, 3996 MHz, 0 %, 0 MiB
2026/07/31 03:08:18.278, 0, P0, 36, 266.62 W, 1965 MHz, 3996 MHz, 11 %, 163503 MiB
2026/07/31 03:08:18.278, 1, P0, 34, 265.47 W, 1965 MHz, 3996 MHz, 55 %, 163503 MiB
2026/07/31 03:08:18.278, 2, P0, 36, 236.07 W, 1965 MHz, 3996 MHz, 0 %, 0 MiB
2026/07/31 03:08:18.278, 3, P0, 33, 238.62 W, 1965 MHz, 3996 MHz, 0 %, 0 MiB
2026/07/31 03:08:18.278, 4, P0, 33, 235.67 W, 1965 MHz, 3996 MHz, 0 %, 0 MiB
2026/07/31 03:08:18.278, 5, P0, 36, 244.26 W, 1965 MHz, 3996 MHz, 0 %, 0 MiB
2026/07/31 03:08:18.278, 6, P0, 33, 242.40 W, 1965 MHz, 3996 MHz, 0 %, 0 MiB
2026/07/31 03:08:18.278, 7, P0, 37, 243.35 W, 1965 MHz, 3996 MHz, 0 %, 0 MiB
2026/07/31 03:08:19.278, 0, P0, 36, 265.47 W, 1965 MHz, 3996 MHz, 11 %, 163503 MiB
2026/07/31 03:08:19.279, 1, P0, 34, 266.45 W, 1965 MHz, 3996 MHz, 32 %, 163503 MiB
2026/07/31 03:08:19.279, 2, P0, 36, 236.09 W, 1965 MHz, 3996 MHz, 0 %, 0 MiB
2026/07/31 03:08:19.279, 3, P0, 33, 238.59 W, 1965 MHz, 3996 MHz, 0 %, 0 MiB
2026/07/31 03:08:19.279, 4, P0, 34, 235.60 W, 1965 MHz, 3996 MHz, 0 %, 0 MiB
2026/07/31 03:08:19.279, 5, P0, 36, 244.15 W, 1965 MHz, 3996 MHz, 0 %, 0 MiB
2026/07/31 03:08:19.279, 6, P0, 33, 242.35 W, 1965 MHz, 3996 MHz, 0 %, 0 MiB
2026/07/31 03:08:19.279, 7, P0, 37, 243.33 W, 1965 MHz, 3996 MHz, 0 %, 0 MiB
2026/07/31 03:08:20.279, 0, P0, 36, 265.22 W, 1965 MHz, 3996 MHz, 11 %, 163503 MiB
2026/07/31 03:08:20.279, 1, P0, 34, 267.52 W, 1965 MHz, 3996 MHz, 37 %, 163503 MiB
2026/07/31 03:08:20.279, 2, P0, 36, 236.11 W, 1965 MHz, 3996 MHz, 0 %, 0 MiB
2026/07/31 03:08:20.279, 3, P0, 33, 238.52 W, 1965 MHz, 3996 MHz, 0 %, 0 MiB
2026/07/31 03:08:20.279, 4, P0, 33, 235.69 W, 1965 MHz, 3996 MHz, 0 %, 0 MiB
2026/07/31 03:08:20.279, 5, P0, 36, 244.22 W, 1965 MHz, 3996 MHz, 0 %, 0 MiB
2026/07/31 03:08:20.279, 6, P0, 33, 242.40 W, 1965 MHz, 3996 MHz, 0 %, 0 MiB
2026/07/31 03:08:20.279, 7, P0, 37, 243.31 W, 1965 MHz, 3996 MHz, 0 %, 0 MiB
2026/07/31 03:08:21.279, 0, P0, 36, 265.83 W, 1965 MHz, 3996 MHz, 11 %, 163503 MiB
2026/07/31 03:08:21.279, 1, P0, 34, 268.72 W, 1965 MHz, 3996 MHz, 44 %, 163503 MiB
2026/07/31 03:08:21.279, 2, P0, 36, 236.11 W, 1965 MHz, 3996 MHz, 0 %, 0 MiB
2026/07/31 03:08:21.279, 3, P0, 33, 238.59 W, 1965 MHz, 3996 MHz, 0 %, 0 MiB
2026/07/31 03:08:21.279, 4, P0, 34, 235.62 W, 1965 MHz, 3996 MHz, 0 %, 0 MiB
2026/07/31 03:08:21.279, 5, P0, 36, 244.17 W, 1965 MHz, 3996 MHz, 0 %, 0 MiB
2026/07/31 03:08:21.279, 6, P0, 33, 242.37 W, 1965 MHz, 3996 MHz, 0 %, 0 MiB
2026/07/31 03:08:21.279, 7, P0, 37, 243.32 W, 1965 MHz, 3996 MHz, 0 %, 0 MiB
2026/07/31 03:08:22.279, 0, P0, 37, 267.27 W, 1965 MHz, 3996 MHz, 11 %, 163503 MiB
2026/07/31 03:08:22.279, 1, P0, 34, 266.06 W, 1965 MHz, 3996 MHz, 20 %, 163503 MiB
2026/07/31 03:08:22.279, 2, P0, 36, 236.12 W, 1965 MHz, 3996 MHz, 0 %, 0 MiB
2026/07/31 03:08:22.279, 3, P0, 33, 238.65 W, 1965 MHz, 3996 MHz, 0 %, 0 MiB
2026/07/31 03:08:22.279, 4, P0, 34, 235.65 W, 1965 MHz, 3996 MHz, 0 %, 0 MiB
2026/07/31 03:08:22.279, 5, P0, 36, 244.33 W, 1965 MHz, 3996 MHz, 0 %, 0 MiB
2026/07/31 03:08:22.279, 6, P0, 33, 242.37 W, 1965 MHz, 3996 MHz, 0 %, 0 MiB
2026/07/31 03:08:22.279, 7, P0, 37, 243.24 W, 1965 MHz, 3996 MHz, 0 %, 0 MiB
2026/07/31 03:08:23.280, 0, P0, 37, 265.77 W, 1965 MHz, 3996 MHz, 11 %, 163503 MiB
2026/07/31 03:08:23.280, 1, P0, 34, 266.46 W, 1965 MHz, 3996 MHz, 35 %, 163503 MiB
2026/07/31 03:08:23.280, 2, P0, 36, 236.06 W, 1965 MHz, 3996 MHz, 0 %, 0 MiB
2026/07/31 03:08:23.280, 3, P0, 33, 238.57 W, 1965 MHz, 3996 MHz, 0 %, 0 MiB
2026/07/31 03:08:23.280, 4, P0, 33, 235.76 W, 1965 MHz, 3996 MHz, 0 %, 0 MiB
2026/07/31 03:08:23.280, 5, P0, 36, 244.31 W, 1965 MHz, 3996 MHz, 0 %, 0 MiB
2026/07/31 03:08:23.280, 6, P0, 33, 242.41 W, 1965 MHz, 3996 MHz, 0 %, 0 MiB
2026/07/31 03:08:23.280, 7, P0, 37, 243.33 W, 1965 MHz, 3996 MHz, 0 %, 0 MiB
2026/07/31 03:08:24.280, 0, P0, 37, 267.66 W, 1965 MHz, 3996 MHz, 12 %, 163503 MiB
2026/07/31 03:08:24.280, 1, P0, 34, 266.89 W, 1965 MHz, 3996 MHz, 34 %, 163503 MiB
2026/07/31 03:08:24.280, 2, P0, 36, 236.09 W, 1965 MHz, 3996 MHz, 0 %, 0 MiB
2026/07/31 03:08:24.280, 3, P0, 33, 238.70 W, 1965 MHz, 3996 MHz, 0 %, 0 MiB
2026/07/31 03:08:24.280, 4, P0, 34, 235.67 W, 1965 MHz, 3996 MHz, 0 %, 0 MiB
2026/07/31 03:08:24.280, 5, P0, 36, 244.15 W, 1965 MHz, 3996 MHz, 0 %, 0 MiB
2026/07/31 03:08:24.280, 6, P0, 33, 242.40 W, 1965 MHz, 3996 MHz, 0 %, 0 MiB
2026/07/31 03:08:24.280, 7, P0, 37, 243.22 W, 1965 MHz, 3996 MHz, 0 %, 0 MiB
2026/07/31 03:08:25.280, 0, P0, 37, 266.19 W, 1965 MHz, 3996 MHz, 11 %, 163503 MiB
2026/07/31 03:08:25.280, 1, P0, 34, 266.17 W, 1965 MHz, 3996 MHz, 29 %, 163503 MiB
2026/07/31 03:08:25.280, 2, P0, 36, 236.03 W, 1965 MHz, 3996 MHz, 0 %, 0 MiB
2026/07/31 03:08:25.280, 3, P0, 33, 238.60 W, 1965 MHz, 3996 MHz, 0 %, 0 MiB
2026/07/31 03:08:25.280, 4, P0, 34, 235.76 W, 1965 MHz, 3996 MHz, 0 %, 0 MiB
2026/07/31 03:08:25.280, 5, P0, 36, 244.31 W, 1965 MHz, 3996 MHz, 0 %, 0 MiB
2026/07/31 03:08:25.280, 6, P0, 33, 242.36 W, 1965 MHz, 3996 MHz, 0 %, 0 MiB
2026/07/31 03:08:25.280, 7, P0, 37, 243.29 W, 1965 MHz, 3996 MHz, 0 %, 0 MiB
2026/07/31 03:08:26.280, 0, P0, 36, 266.80 W, 1965 MHz, 3996 MHz, 12 %, 163503 MiB
2026/07/31 03:08:26.280, 1, P0, 34, 267.79 W, 1965 MHz, 3996 MHz, 35 %, 163503 MiB
2026/07/31 03:08:26.280, 2, P0, 36, 236.07 W, 1965 MHz, 3996 MHz, 0 %, 0 MiB
2026/07/31 03:08:26.280, 3, P0, 33, 238.60 W, 1965 MHz, 3996 MHz, 0 %, 0 MiB
2026/07/31 03:08:26.280, 4, P0, 34, 235.76 W, 1965 MHz, 3996 MHz, 0 %, 0 MiB
2026/07/31 03:08:26.280, 5, P0, 36, 244.32 W, 1965 MHz, 3996 MHz, 0 %, 0 MiB
2026/07/31 03:08:26.280, 6, P0, 33, 242.38 W, 1965 MHz, 3996 MHz, 0 %, 0 MiB
2026/07/31 03:08:26.281, 7, P0, 37, 243.30 W, 1965 MHz, 3996 MHz, 0 %, 0 MiB
2026/07/31 03:08:27.281, 0, P0, 37, 267.86 W, 1965 MHz, 3996 MHz, 12 %, 163503 MiB
2026/07/31 03:08:27.281, 1, P0, 34, 266.21 W, 1965 MHz, 3996 MHz, 32 %, 163503 MiB
2026/07/31 03:08:27.281, 2, P0, 36, 236.09 W, 1965 MHz, 3996 MHz, 0 %, 0 MiB
2026/07/31 03:08:27.281, 3, P0, 33, 238.50 W, 1965 MHz, 3996 MHz, 0 %, 0 MiB
2026/07/31 03:08:27.281, 4, P0, 34, 235.74 W, 1965 MHz, 3996 MHz, 0 %, 0 MiB
2026/07/31 03:08:27.281, 5, P0, 36, 244.37 W, 1965 MHz, 3996 MHz, 0 %, 0 MiB
2026/07/31 03:08:27.281, 6, P0, 33, 242.40 W, 1965 MHz, 3996 MHz, 0 %, 0 MiB
2026/07/31 03:08:27.281, 7, P0, 37, 243.29 W, 1965 MHz, 3996 MHz, 0 %, 0 MiB
2026/07/31 03:08:28.281, 0, P0, 37, 335.62 W, 1965 MHz, 3996 MHz, 11 %, 163503 MiB
2026/07/31 03:08:28.281, 1, P0, 35, 337.47 W, 1965 MHz, 3996 MHz, 31 %, 163503 MiB
2026/07/31 03:08:28.281, 2, P0, 36, 236.12 W, 1965 MHz, 3996 MHz, 0 %, 0 MiB
2026/07/31 03:08:28.281, 3, P0, 33, 238.57 W, 1965 MHz, 3996 MHz, 0 %, 0 MiB
2026/07/31 03:08:28.281, 4, P0, 34, 235.76 W, 1965 MHz, 3996 MHz, 0 %, 0 MiB
2026/07/31 03:08:28.281, 5, P0, 36, 244.22 W, 1965 MHz, 3996 MHz, 0 %, 0 MiB
2026/07/31 03:08:28.281, 6, P0, 33, 242.41 W, 1965 MHz, 3996 MHz, 0 %, 0 MiB
2026/07/31 03:08:28.281, 7, P0, 37, 243.25 W, 1965 MHz, 3996 MHz, 0 %, 0 MiB
2026/07/31 03:08:29.281, 0, P0, 37, 265.40 W, 1965 MHz, 3996 MHz, 12 %, 163503 MiB
2026/07/31 03:08:29.281, 1, P0, 34, 264.06 W, 1965 MHz, 3996 MHz, 32 %, 163503 MiB
2026/07/31 03:08:29.281, 2, P0, 36, 236.07 W, 1965 MHz, 3996 MHz, 0 %, 0 MiB
2026/07/31 03:08:29.281, 3, P0, 33, 238.58 W, 1965 MHz, 3996 MHz, 0 %, 0 MiB
2026/07/31 03:08:29.281, 4, P0, 34, 235.67 W, 1965 MHz, 3996 MHz, 0 %, 0 MiB
2026/07/31 03:08:29.281, 5, P0, 36, 244.23 W, 1965 MHz, 3996 MHz, 0 %, 0 MiB
2026/07/31 03:08:29.281, 6, P0, 33, 242.47 W, 1965 MHz, 3996 MHz, 0 %, 0 MiB
2026/07/31 03:08:29.281, 7, P0, 37, 243.31 W, 1965 MHz, 3996 MHz, 0 %, 0 MiB
2026/07/31 03:08:30.281, 0, P0, 37, 340.58 W, 1965 MHz, 3996 MHz, 12 %, 163503 MiB
2026/07/31 03:08:30.282, 1, P0, 34, 339.72 W, 1965 MHz, 3996 MHz, 56 %, 163503 MiB
2026/07/31 03:08:30.282, 2, P0, 36, 236.12 W, 1965 MHz, 3996 MHz, 0 %, 0 MiB
2026/07/31 03:08:30.282, 3, P0, 33, 238.52 W, 1965 MHz, 3996 MHz, 0 %, 0 MiB
2026/07/31 03:08:30.282, 4, P0, 34, 235.75 W, 1965 MHz, 3996 MHz, 0 %, 0 MiB
2026/07/31 03:08:30.282, 5, P0, 36, 244.23 W, 1965 MHz, 3996 MHz, 0 %, 0 MiB
2026/07/31 03:08:30.282, 6, P0, 33, 242.40 W, 1965 MHz, 3996 MHz, 0 %, 0 MiB
2026/07/31 03:08:30.282, 7, P0, 37, 243.27 W, 1965 MHz, 3996 MHz, 0 %, 0 MiB
2026/07/31 03:08:31.282, 0, P0, 38, 336.30 W, 1965 MHz, 3996 MHz, 12 %, 163503 MiB
2026/07/31 03:08:31.282, 1, P0, 35, 338.40 W, 1965 MHz, 3996 MHz, 42 %, 163503 MiB
2026/07/31 03:08:31.282, 2, P0, 36, 236.10 W, 1965 MHz, 3996 MHz, 0 %, 0 MiB
2026/07/31 03:08:31.282, 3, P0, 33, 238.58 W, 1965 MHz, 3996 MHz, 0 %, 0 MiB
2026/07/31 03:08:31.282, 4, P0, 34, 235.74 W, 1965 MHz, 3996 MHz, 0 %, 0 MiB
2026/07/31 03:08:31.282, 5, P0, 36, 244.25 W, 1965 MHz, 3996 MHz, 0 %, 0 MiB
2026/07/31 03:08:31.282, 6, P0, 33, 242.43 W, 1965 MHz, 3996 MHz, 0 %, 0 MiB
2026/07/31 03:08:31.282, 7, P0, 37, 243.31 W, 1965 MHz, 3996 MHz, 0 %, 0 MiB
2026/07/31 03:08:32.282, 0, P0, 37, 267.92 W, 1965 MHz, 3996 MHz, 12 %, 163503 MiB
2026/07/31 03:08:32.282, 1, P0, 34, 268.93 W, 1965 MHz, 3996 MHz, 39 %, 163503 MiB
2026/07/31 03:08:32.282, 2, P0, 36, 236.12 W, 1965 MHz, 3996 MHz, 0 %, 0 MiB
2026/07/31 03:08:32.282, 3, P0, 33, 238.66 W, 1965 MHz, 3996 MHz, 0 %, 0 MiB
2026/07/31 03:08:32.282, 4, P0, 34, 235.79 W, 1965 MHz, 3996 MHz, 0 %, 0 MiB
2026/07/31 03:08:32.282, 5, P0, 36, 244.26 W, 1965 MHz, 3996 MHz, 0 %, 0 MiB
2026/07/31 03:08:32.282, 6, P0, 33, 242.41 W, 1965 MHz, 3996 MHz, 0 %, 0 MiB
2026/07/31 03:08:32.282, 7, P0, 37, 243.29 W, 1965 MHz, 3996 MHz, 0 %, 0 MiB
2026/07/31 03:08:33.282, 0, P0, 37, 337.30 W, 1965 MHz, 3996 MHz, 11 %, 163503 MiB
2026/07/31 03:08:33.282, 1, P0, 35, 340.20 W, 1965 MHz, 3996 MHz, 48 %, 163503 MiB
2026/07/31 03:08:33.282, 2, P0, 36, 236.12 W, 1965 MHz, 3996 MHz, 0 %, 0 MiB
2026/07/31 03:08:33.282, 3, P0, 33, 238.58 W, 1965 MHz, 3996 MHz, 0 %, 0 MiB
2026/07/31 03:08:33.282, 4, P0, 34, 235.78 W, 1965 MHz, 3996 MHz, 0 %, 0 MiB
2026/07/31 03:08:33.282, 5, P0, 36, 244.22 W, 1965 MHz, 3996 MHz, 0 %, 0 MiB
2026/07/31 03:08:33.282, 6, P0, 33, 242.33 W, 1965 MHz, 3996 MHz, 0 %, 0 MiB
2026/07/31 03:08:33.282, 7, P0, 37, 243.25 W, 1965 MHz, 3996 MHz, 0 %, 0 MiB
2026/07/31 03:08:34.283, 0, P0, 37, 265.96 W, 1965 MHz, 3996 MHz, 11 %, 163503 MiB
2026/07/31 03:08:34.283, 1, P0, 34, 267.87 W, 1965 MHz, 3996 MHz, 43 %, 163503 MiB
2026/07/31 03:08:34.283, 2, P0, 36, 236.12 W, 1965 MHz, 3996 MHz, 0 %, 0 MiB
2026/07/31 03:08:34.283, 3, P0, 33, 238.63 W, 1965 MHz, 3996 MHz, 0 %, 0 MiB
2026/07/31 03:08:34.283, 4, P0, 34, 235.71 W, 1965 MHz, 3996 MHz, 0 %, 0 MiB
2026/07/31 03:08:34.283, 5, P0, 36, 244.17 W, 1965 MHz, 3996 MHz, 0 %, 0 MiB
2026/07/31 03:08:34.283, 6, P0, 33, 242.41 W, 1965 MHz, 3996 MHz, 0 %, 0 MiB
2026/07/31 03:08:34.283, 7, P0, 37, 243.34 W, 1965 MHz, 3996 MHz, 0 %, 0 MiB
2026/07/31 03:08:35.283, 0, P0, 37, 265.72 W, 1965 MHz, 3996 MHz, 12 %, 163503 MiB
2026/07/31 03:08:35.283, 1, P0, 34, 267.17 W, 1965 MHz, 3996 MHz, 45 %, 163503 MiB
2026/07/31 03:08:35.283, 2, P0, 36, 236.09 W, 1965 MHz, 3996 MHz, 0 %, 0 MiB
2026/07/31 03:08:35.283, 3, P0, 33, 238.65 W, 1965 MHz, 3996 MHz, 0 %, 0 MiB
2026/07/31 03:08:35.283, 4, P0, 34, 235.75 W, 1965 MHz, 3996 MHz, 0 %, 0 MiB
2026/07/31 03:08:35.283, 5, P0, 36, 244.28 W, 1965 MHz, 3996 MHz, 0 %, 0 MiB
2026/07/31 03:08:35.283, 6, P0, 33, 242.40 W, 1965 MHz, 3996 MHz, 0 %, 0 MiB
2026/07/31 03:08:35.283, 7, P0, 37, 243.34 W, 1965 MHz, 3996 MHz, 0 %, 0 MiB
2026/07/31 03:08:36.283, 0, P0, 37, 267.07 W, 1965 MHz, 3996 MHz, 12 %, 163503 MiB
2026/07/31 03:08:36.283, 1, P0, 34, 267.33 W, 1965 MHz, 3996 MHz, 43 %, 163503 MiB
2026/07/31 03:08:36.283, 2, P0, 36, 236.07 W, 1965 MHz, 3996 MHz, 0 %, 0 MiB
2026/07/31 03:08:36.283, 3, P0, 33, 238.55 W, 1965 MHz, 3996 MHz, 0 %, 0 MiB
2026/07/31 03:08:36.283, 4, P0, 34, 235.78 W, 1965 MHz, 3996 MHz, 0 %, 0 MiB
2026/07/31 03:08:36.283, 5, P0, 36, 244.31 W, 1965 MHz, 3996 MHz, 0 %, 0 MiB
2026/07/31 03:08:36.283, 6, P0, 33, 242.42 W, 1965 MHz, 3996 MHz, 0 %, 0 MiB
2026/07/31 03:08:36.283, 7, P0, 37, 243.34 W, 1965 MHz, 3996 MHz, 0 %, 0 MiB
2026/07/31 03:08:37.283, 0, P0, 37, 266.70 W, 1965 MHz, 3996 MHz, 12 %, 163503 MiB
2026/07/31 03:08:37.283, 1, P0, 34, 265.55 W, 1965 MHz, 3996 MHz, 40 %, 163503 MiB
2026/07/31 03:08:37.283, 2, P0, 36, 236.06 W, 1965 MHz, 3996 MHz, 0 %, 0 MiB
2026/07/31 03:08:37.283, 3, P0, 33, 238.62 W, 1965 MHz, 3996 MHz, 0 %, 0 MiB
2026/07/31 03:08:37.283, 4, P0, 34, 235.74 W, 1965 MHz, 3996 MHz, 0 %, 0 MiB
2026/07/31 03:08:37.283, 5, P0, 36, 244.28 W, 1965 MHz, 3996 MHz, 0 %, 0 MiB
2026/07/31 03:08:37.283, 6, P0, 33, 242.41 W, 1965 MHz, 3996 MHz, 0 %, 0 MiB
2026/07/31 03:08:37.283, 7, P0, 37, 243.34 W, 1965 MHz, 3996 MHz, 0 %, 0 MiB
2026/07/31 03:08:38.284, 0, P0, 37, 266.80 W, 1965 MHz, 3996 MHz, 12 %, 163503 MiB
2026/07/31 03:08:38.284, 1, P0, 34, 267.01 W, 1965 MHz, 3996 MHz, 20 %, 163503 MiB
2026/07/31 03:08:38.284, 2, P0, 36, 236.16 W, 1965 MHz, 3996 MHz, 0 %, 0 MiB
2026/07/31 03:08:38.284, 3, P0, 33, 238.64 W, 1965 MHz, 3996 MHz, 0 %, 0 MiB
2026/07/31 03:08:38.284, 4, P0, 34, 235.81 W, 1965 MHz, 3996 MHz, 0 %, 0 MiB
2026/07/31 03:08:38.284, 5, P0, 36, 244.31 W, 1965 MHz, 3996 MHz, 0 %, 0 MiB
2026/07/31 03:08:38.284, 6, P0, 33, 242.40 W, 1965 MHz, 3996 MHz, 0 %, 0 MiB
2026/07/31 03:08:38.284, 7, P0, 37, 243.33 W, 1965 MHz, 3996 MHz, 0 %, 0 MiB
2026/07/31 03:08:39.284, 0, P0, 38, 335.92 W, 1965 MHz, 3996 MHz, 11 %, 163503 MiB
2026/07/31 03:08:39.284, 1, P0, 35, 338.98 W, 1965 MHz, 3996 MHz, 62 %, 163503 MiB
2026/07/31 03:08:39.284, 2, P0, 36, 236.11 W, 1965 MHz, 3996 MHz, 0 %, 0 MiB
2026/07/31 03:08:39.284, 3, P0, 33, 238.67 W, 1965 MHz, 3996 MHz, 0 %, 0 MiB
2026/07/31 03:08:39.284, 4, P0, 34, 235.82 W, 1965 MHz, 3996 MHz, 0 %, 0 MiB
2026/07/31 03:08:39.284, 5, P0, 36, 244.13 W, 1965 MHz, 3996 MHz, 0 %, 0 MiB
2026/07/31 03:08:39.284, 6, P0, 33, 242.41 W, 1965 MHz, 3996 MHz, 0 %, 0 MiB
2026/07/31 03:08:39.284, 7, P0, 37, 243.30 W, 1965 MHz, 3996 MHz, 0 %, 0 MiB
2026/07/31 03:08:40.284, 0, P0, 37, 264.96 W, 1965 MHz, 3996 MHz, 11 %, 163503 MiB
2026/07/31 03:08:40.284, 1, P0, 34, 266.97 W, 1965 MHz, 3996 MHz, 33 %, 163503 MiB
2026/07/31 03:08:40.284, 2, P0, 36, 236.13 W, 1965 MHz, 3996 MHz, 0 %, 0 MiB
2026/07/31 03:08:40.284, 3, P0, 33, 238.71 W, 1965 MHz, 3996 MHz, 0 %, 0 MiB
2026/07/31 03:08:40.284, 4, P0, 34, 235.83 W, 1965 MHz, 3996 MHz, 0 %, 0 MiB
2026/07/31 03:08:40.284, 5, P0, 36, 244.22 W, 1965 MHz, 3996 MHz, 0 %, 0 MiB
2026/07/31 03:08:40.284, 6, P0, 33, 242.39 W, 1965 MHz, 3996 MHz, 0 %, 0 MiB
2026/07/31 03:08:40.284, 7, P0, 37, 243.32 W, 1965 MHz, 3996 MHz, 0 %, 0 MiB
2026/07/31 03:08:41.284, 0, P0, 37, 335.44 W, 1965 MHz, 3996 MHz, 11 %, 163503 MiB
2026/07/31 03:08:41.284, 1, P0, 35, 336.38 W, 1965 MHz, 3996 MHz, 34 %, 163503 MiB
2026/07/31 03:08:41.284, 2, P0, 36, 236.20 W, 1965 MHz, 3996 MHz, 0 %, 0 MiB
2026/07/31 03:08:41.285, 3, P0, 33, 238.56 W, 1965 MHz, 3996 MHz, 0 %, 0 MiB
2026/07/31 03:08:41.285, 4, P0, 34, 235.78 W, 1965 MHz, 3996 MHz, 0 %, 0 MiB
2026/07/31 03:08:41.285, 5, P0, 36, 244.19 W, 1965 MHz, 3996 MHz, 0 %, 0 MiB
2026/07/31 03:08:41.285, 6, P0, 33, 242.38 W, 1965 MHz, 3996 MHz, 0 %, 0 MiB
2026/07/31 03:08:41.285, 7, P0, 37, 243.19 W, 1965 MHz, 3996 MHz, 0 %, 0 MiB
2026/07/31 03:08:42.285, 0, P0, 37, 264.41 W, 1965 MHz, 3996 MHz, 11 %, 163503 MiB
2026/07/31 03:08:42.285, 1, P0, 34, 265.73 W, 1965 MHz, 3996 MHz, 36 %, 163503 MiB
2026/07/31 03:08:42.285, 2, P0, 36, 236.11 W, 1965 MHz, 3996 MHz, 0 %, 0 MiB
2026/07/31 03:08:42.285, 3, P0, 33, 238.59 W, 1965 MHz, 3996 MHz, 0 %, 0 MiB
2026/07/31 03:08:42.285, 4, P0, 34, 235.80 W, 1965 MHz, 3996 MHz, 0 %, 0 MiB
2026/07/31 03:08:42.285, 5, P0, 36, 244.23 W, 1965 MHz, 3996 MHz, 0 %, 0 MiB
2026/07/31 03:08:42.285, 6, P0, 33, 242.43 W, 1965 MHz, 3996 MHz, 0 %, 0 MiB
2026/07/31 03:08:42.285, 7, P0, 37, 243.31 W, 1965 MHz, 3996 MHz, 0 %, 0 MiB
2026/07/31 03:08:43.285, 0, P0, 37, 263.57 W, 1965 MHz, 3996 MHz, 11 %, 163503 MiB
2026/07/31 03:08:43.285, 1, P0, 34, 266.37 W, 1965 MHz, 3996 MHz, 44 %, 163503 MiB
2026/07/31 03:08:43.285, 2, P0, 36, 236.10 W, 1965 MHz, 3996 MHz, 0 %, 0 MiB
2026/07/31 03:08:43.285, 3, P0, 33, 238.55 W, 1965 MHz, 3996 MHz, 0 %, 0 MiB
2026/07/31 03:08:43.285, 4, P0, 34, 235.81 W, 1965 MHz, 3996 MHz, 0 %, 0 MiB
2026/07/31 03:08:43.285, 5, P0, 36, 244.28 W, 1965 MHz, 3996 MHz, 0 %, 0 MiB
2026/07/31 03:08:43.285, 6, P0, 33, 242.43 W, 1965 MHz, 3996 MHz, 0 %, 0 MiB
2026/07/31 03:08:43.285, 7, P0, 37, 243.32 W, 1965 MHz, 3996 MHz, 0 %, 0 MiB
2026/07/31 03:08:44.285, 0, P0, 37, 264.51 W, 1965 MHz, 3996 MHz, 11 %, 163503 MiB
2026/07/31 03:08:44.285, 1, P0, 34, 266.54 W, 1965 MHz, 3996 MHz, 38 %, 163503 MiB
2026/07/31 03:08:44.285, 2, P0, 36, 236.09 W, 1965 MHz, 3996 MHz, 0 %, 0 MiB
2026/07/31 03:08:44.285, 3, P0, 33, 238.62 W, 1965 MHz, 3996 MHz, 0 %, 0 MiB
2026/07/31 03:08:44.285, 4, P0, 34, 235.80 W, 1965 MHz, 3996 MHz, 0 %, 0 MiB
2026/07/31 03:08:44.285, 5, P0, 36, 244.24 W, 1965 MHz, 3996 MHz, 0 %, 0 MiB
2026/07/31 03:08:44.285, 6, P0, 33, 242.42 W, 1965 MHz, 3996 MHz, 0 %, 0 MiB
2026/07/31 03:08:44.285, 7, P0, 37, 243.36 W, 1965 MHz, 3996 MHz, 0 %, 0 MiB
2026/07/31 03:08:45.285, 0, P0, 37, 264.04 W, 1965 MHz, 3996 MHz, 11 %, 163503 MiB
2026/07/31 03:08:45.285, 1, P0, 34, 266.08 W, 1965 MHz, 3996 MHz, 43 %, 163503 MiB
2026/07/31 03:08:45.285, 2, P0, 36, 236.12 W, 1965 MHz, 3996 MHz, 0 %, 0 MiB
2026/07/31 03:08:45.286, 3, P0, 33, 238.56 W, 1965 MHz, 3996 MHz, 0 %, 0 MiB
2026/07/31 03:08:45.286, 4, P0, 34, 235.80 W, 1965 MHz, 3996 MHz, 0 %, 0 MiB
2026/07/31 03:08:45.286, 5, P0, 36, 244.29 W, 1965 MHz, 3996 MHz, 0 %, 0 MiB
2026/07/31 03:08:45.286, 6, P0, 33, 242.44 W, 1965 MHz, 3996 MHz, 0 %, 0 MiB
2026/07/31 03:08:45.286, 7, P0, 37, 243.31 W, 1965 MHz, 3996 MHz, 0 %, 0 MiB
2026/07/31 03:08:46.286, 0, P0, 37, 264.85 W, 1965 MHz, 3996 MHz, 11 %, 163503 MiB
2026/07/31 03:08:46.286, 1, P0, 34, 266.12 W, 1965 MHz, 3996 MHz, 43 %, 163503 MiB
2026/07/31 03:08:46.286, 2, P0, 36, 236.10 W, 1965 MHz, 3996 MHz, 0 %, 0 MiB
2026/07/31 03:08:46.286, 3, P0, 33, 238.64 W, 1965 MHz, 3996 MHz, 0 %, 0 MiB
2026/07/31 03:08:46.286, 4, P0, 34, 235.81 W, 1965 MHz, 3996 MHz, 0 %, 0 MiB
2026/07/31 03:08:46.286, 5, P0, 36, 244.29 W, 1965 MHz, 3996 MHz, 0 %, 0 MiB
2026/07/31 03:08:46.286, 6, P0, 33, 242.47 W, 1965 MHz, 3996 MHz, 0 %, 0 MiB
2026/07/31 03:08:46.286, 7, P0, 37, 243.34 W, 1965 MHz, 3996 MHz, 0 %, 0 MiB
2026/07/31 03:08:47.286, 0, P0, 37, 264.45 W, 1965 MHz, 3996 MHz, 11 %, 163503 MiB
2026/07/31 03:08:47.286, 1, P0, 34, 265.67 W, 1965 MHz, 3996 MHz, 36 %, 163503 MiB
2026/07/31 03:08:47.286, 2, P0, 36, 236.11 W, 1965 MHz, 3996 MHz, 0 %, 0 MiB
2026/07/31 03:08:47.286, 3, P0, 33, 238.64 W, 1965 MHz, 3996 MHz, 0 %, 0 MiB
2026/07/31 03:08:47.286, 4, P0, 34, 235.80 W, 1965 MHz, 3996 MHz, 0 %, 0 MiB
2026/07/31 03:08:47.286, 5, P0, 36, 244.30 W, 1965 MHz, 3996 MHz, 0 %, 0 MiB
2026/07/31 03:08:47.286, 6, P0, 33, 242.46 W, 1965 MHz, 3996 MHz, 0 %, 0 MiB
2026/07/31 03:08:47.286, 7, P0, 37, 243.32 W, 1965 MHz, 3996 MHz, 0 %, 0 MiB
2026/07/31 03:08:48.286, 0, P0, 37, 264.59 W, 1965 MHz, 3996 MHz, 11 %, 163503 MiB
2026/07/31 03:08:48.286, 1, P0, 34, 265.43 W, 1965 MHz, 3996 MHz, 39 %, 163503 MiB
2026/07/31 03:08:48.286, 2, P0, 36, 236.07 W, 1965 MHz, 3996 MHz, 0 %, 0 MiB
2026/07/31 03:08:48.286, 3, P0, 33, 238.67 W, 1965 MHz, 3996 MHz, 0 %, 0 MiB
2026/07/31 03:08:48.286, 4, P0, 34, 235.83 W, 1965 MHz, 3996 MHz, 0 %, 0 MiB
2026/07/31 03:08:48.286, 5, P0, 36, 244.32 W, 1965 MHz, 3996 MHz, 0 %, 0 MiB
2026/07/31 03:08:48.286, 6, P0, 33, 242.40 W, 1965 MHz, 3996 MHz, 0 %, 0 MiB
2026/07/31 03:08:48.286, 7, P0, 37, 243.34 W, 1965 MHz, 3996 MHz, 0 %, 0 MiB
2026/07/31 03:08:49.286, 0, P0, 37, 264.76 W, 1965 MHz, 3996 MHz, 11 %, 163503 MiB
2026/07/31 03:08:49.287, 1, P0, 34, 264.80 W, 1965 MHz, 3996 MHz, 56 %, 163503 MiB
2026/07/31 03:08:49.287, 2, P0, 36, 236.10 W, 1965 MHz, 3996 MHz, 0 %, 0 MiB
2026/07/31 03:08:49.287, 3, P0, 33, 238.72 W, 1965 MHz, 3996 MHz, 0 %, 0 MiB
2026/07/31 03:08:49.287, 4, P0, 34, 235.85 W, 1965 MHz, 3996 MHz, 0 %, 0 MiB
2026/07/31 03:08:49.287, 5, P0, 36, 244.21 W, 1965 MHz, 3996 MHz, 0 %, 0 MiB
2026/07/31 03:08:49.287, 6, P0, 33, 242.36 W, 1965 MHz, 3996 MHz, 0 %, 0 MiB
2026/07/31 03:08:49.287, 7, P0, 37, 243.31 W, 1965 MHz, 3996 MHz, 0 %, 0 MiB
2026/07/31 03:08:50.287, 0, P0, 37, 265.18 W, 1965 MHz, 3996 MHz, 12 %, 163503 MiB
2026/07/31 03:08:50.287, 1, P0, 34, 265.24 W, 1965 MHz, 3996 MHz, 34 %, 163503 MiB
2026/07/31 03:08:50.287, 2, P0, 36, 236.10 W, 1965 MHz, 3996 MHz, 0 %, 0 MiB
2026/07/31 03:08:50.287, 3, P0, 33, 238.68 W, 1965 MHz, 3996 MHz, 0 %, 0 MiB
2026/07/31 03:08:50.287, 4, P0, 34, 235.83 W, 1965 MHz, 3996 MHz, 0 %, 0 MiB
2026/07/31 03:08:50.287, 5, P0, 36, 244.26 W, 1965 MHz, 3996 MHz, 0 %, 0 MiB
2026/07/31 03:08:50.287, 6, P0, 33, 242.38 W, 1965 MHz, 3996 MHz, 0 %, 0 MiB
2026/07/31 03:08:50.287, 7, P0, 37, 243.35 W, 1965 MHz, 3996 MHz, 0 %, 0 MiB
2026/07/31 03:08:51.287, 0, P0, 37, 264.73 W, 1965 MHz, 3996 MHz, 11 %, 163503 MiB
2026/07/31 03:08:51.287, 1, P0, 34, 265.39 W, 1965 MHz, 3996 MHz, 41 %, 163503 MiB
2026/07/31 03:08:51.287, 2, P0, 36, 236.09 W, 1965 MHz, 3996 MHz, 0 %, 0 MiB
2026/07/31 03:08:51.287, 3, P0, 33, 238.65 W, 1965 MHz, 3996 MHz, 0 %, 0 MiB
2026/07/31 03:08:51.287, 4, P0, 34, 235.80 W, 1965 MHz, 3996 MHz, 0 %, 0 MiB
2026/07/31 03:08:51.287, 5, P0, 36, 244.25 W, 1965 MHz, 3996 MHz, 0 %, 0 MiB
2026/07/31 03:08:51.287, 6, P0, 33, 242.41 W, 1965 MHz, 3996 MHz, 0 %, 0 MiB
2026/07/31 03:08:51.287, 7, P0, 37, 243.35 W, 1965 MHz, 3996 MHz, 0 %, 0 MiB
2026/07/31 03:08:52.287, 0, P0, 37, 263.81 W, 1965 MHz, 3996 MHz, 11 %, 163503 MiB
2026/07/31 03:08:52.287, 1, P0, 34, 264.74 W, 1965 MHz, 3996 MHz, 42 %, 163503 MiB
2026/07/31 03:08:52.287, 2, P0, 36, 236.12 W, 1965 MHz, 3996 MHz, 0 %, 0 MiB
2026/07/31 03:08:52.287, 3, P0, 33, 238.73 W, 1965 MHz, 3996 MHz, 0 %, 0 MiB
2026/07/31 03:08:52.287, 4, P0, 34, 235.80 W, 1965 MHz, 3996 MHz, 0 %, 0 MiB
2026/07/31 03:08:52.287, 5, P0, 36, 244.23 W, 1965 MHz, 3996 MHz, 0 %, 0 MiB
2026/07/31 03:08:52.287, 6, P0, 33, 242.44 W, 1965 MHz, 3996 MHz, 0 %, 0 MiB
2026/07/31 03:08:52.288, 7, P0, 37, 243.35 W, 1965 MHz, 3996 MHz, 0 %, 0 MiB
2026/07/31 03:08:53.288, 0, P0, 37, 264.53 W, 1965 MHz, 3996 MHz, 11 %, 163503 MiB
2026/07/31 03:08:53.288, 1, P0, 34, 265.66 W, 1965 MHz, 3996 MHz, 39 %, 163503 MiB
2026/07/31 03:08:53.288, 2, P0, 36, 236.10 W, 1965 MHz, 3996 MHz, 0 %, 0 MiB
2026/07/31 03:08:53.288, 3, P0, 33, 238.72 W, 1965 MHz, 3996 MHz, 0 %, 0 MiB
2026/07/31 03:08:53.288, 4, P0, 34, 235.75 W, 1965 MHz, 3996 MHz, 0 %, 0 MiB
2026/07/31 03:08:53.288, 5, P0, 36, 244.32 W, 1965 MHz, 3996 MHz, 0 %, 0 MiB
2026/07/31 03:08:53.288, 6, P0, 33, 242.41 W, 1965 MHz, 3996 MHz, 0 %, 0 MiB
2026/07/31 03:08:53.288, 7, P0, 37, 243.35 W, 1965 MHz, 3996 MHz, 0 %, 0 MiB
2026/07/31 03:08:54.288, 0, P0, 37, 264.44 W, 1965 MHz, 3996 MHz, 11 %, 163503 MiB
2026/07/31 03:08:54.288, 1, P0, 34, 265.02 W, 1965 MHz, 3996 MHz, 33 %, 163503 MiB
2026/07/31 03:08:54.288, 2, P0, 36, 236.10 W, 1965 MHz, 3996 MHz, 0 %, 0 MiB
2026/07/31 03:08:54.288, 3, P0, 33, 238.71 W, 1965 MHz, 3996 MHz, 0 %, 0 MiB
2026/07/31 03:08:54.288, 4, P0, 34, 235.82 W, 1965 MHz, 3996 MHz, 0 %, 0 MiB
2026/07/31 03:08:54.288, 5, P0, 36, 244.35 W, 1965 MHz, 3996 MHz, 0 %, 0 MiB
2026/07/31 03:08:54.288, 6, P0, 33, 242.51 W, 1965 MHz, 3996 MHz, 0 %, 0 MiB
2026/07/31 03:08:54.288, 7, P0, 37, 243.36 W, 1965 MHz, 3996 MHz, 0 %, 0 MiB
2026/07/31 03:08:55.288, 0, P0, 37, 264.85 W, 1965 MHz, 3996 MHz, 11 %, 163503 MiB
2026/07/31 03:08:55.288, 1, P0, 34, 264.04 W, 1965 MHz, 3996 MHz, 40 %, 163503 MiB
2026/07/31 03:08:55.288, 2, P0, 36, 236.12 W, 1965 MHz, 3996 MHz, 0 %, 0 MiB
2026/07/31 03:08:55.288, 3, P0, 33, 238.73 W, 1965 MHz, 3996 MHz, 0 %, 0 MiB
2026/07/31 03:08:55.288, 4, P0, 34, 235.76 W, 1965 MHz, 3996 MHz, 0 %, 0 MiB
2026/07/31 03:08:55.288, 5, P0, 36, 244.29 W, 1965 MHz, 3996 MHz, 0 %, 0 MiB
2026/07/31 03:08:55.288, 6, P0, 33, 242.43 W, 1965 MHz, 3996 MHz, 0 %, 0 MiB
2026/07/31 03:08:55.288, 7, P0, 37, 243.30 W, 1965 MHz, 3996 MHz, 0 %, 0 MiB
2026/07/31 03:08:56.288, 0, P0, 37, 263.80 W, 1965 MHz, 3996 MHz, 11 %, 163503 MiB
2026/07/31 03:08:56.288, 1, P0, 34, 265.51 W, 1965 MHz, 3996 MHz, 46 %, 163503 MiB
2026/07/31 03:08:56.289, 2, P0, 36, 236.13 W, 1965 MHz, 3996 MHz, 0 %, 0 MiB
2026/07/31 03:08:56.289, 3, P0, 33, 238.67 W, 1965 MHz, 3996 MHz, 0 %, 0 MiB
2026/07/31 03:08:56.289, 4, P0, 34, 235.82 W, 1965 MHz, 3996 MHz, 0 %, 0 MiB
2026/07/31 03:08:56.289, 5, P0, 36, 244.28 W, 1965 MHz, 3996 MHz, 0 %, 0 MiB
2026/07/31 03:08:56.289, 6, P0, 33, 242.41 W, 1965 MHz, 3996 MHz, 0 %, 0 MiB
2026/07/31 03:08:56.289, 7, P0, 37, 243.31 W, 1965 MHz, 3996 MHz, 0 %, 0 MiB
2026/07/31 03:08:57.289, 0, P0, 37, 265.23 W, 1965 MHz, 3996 MHz, 11 %, 163503 MiB
2026/07/31 03:08:57.289, 1, P0, 34, 265.64 W, 1965 MHz, 3996 MHz, 42 %, 163503 MiB
2026/07/31 03:08:57.289, 2, P0, 36, 236.12 W, 1965 MHz, 3996 MHz, 0 %, 0 MiB
2026/07/31 03:08:57.289, 3, P0, 33, 238.64 W, 1965 MHz, 3996 MHz, 0 %, 0 MiB
2026/07/31 03:08:57.289, 4, P0, 34, 235.81 W, 1965 MHz, 3996 MHz, 0 %, 0 MiB
2026/07/31 03:08:57.289, 5, P0, 36, 244.29 W, 1965 MHz, 3996 MHz, 0 %, 0 MiB
2026/07/31 03:08:57.289, 6, P0, 33, 242.39 W, 1965 MHz, 3996 MHz, 0 %, 0 MiB
2026/07/31 03:08:57.289, 7, P0, 37, 243.30 W, 1965 MHz, 3996 MHz, 0 %, 0 MiB
2026/07/31 03:08:58.289, 0, P0, 37, 264.83 W, 1965 MHz, 3996 MHz, 11 %, 163503 MiB
2026/07/31 03:08:58.289, 1, P0, 34, 266.66 W, 1965 MHz, 3996 MHz, 45 %, 163503 MiB
2026/07/31 03:08:58.289, 2, P0, 36, 236.12 W, 1965 MHz, 3996 MHz, 0 %, 0 MiB
2026/07/31 03:08:58.289, 3, P0, 33, 238.68 W, 1965 MHz, 3996 MHz, 0 %, 0 MiB
2026/07/31 03:08:58.289, 4, P0, 34, 235.75 W, 1965 MHz, 3996 MHz, 0 %, 0 MiB
2026/07/31 03:08:58.289, 5, P0, 36, 244.36 W, 1965 MHz, 3996 MHz, 0 %, 0 MiB
2026/07/31 03:08:58.289, 6, P0, 33, 242.36 W, 1965 MHz, 3996 MHz, 0 %, 0 MiB
2026/07/31 03:08:58.289, 7, P0, 37, 243.29 W, 1965 MHz, 3996 MHz, 0 %, 0 MiB
2026/07/31 03:08:59.289, 0, P0, 37, 264.86 W, 1965 MHz, 3996 MHz, 11 %, 163503 MiB
2026/07/31 03:08:59.289, 1, P0, 34, 264.16 W, 1965 MHz, 3996 MHz, 27 %, 163503 MiB
2026/07/31 03:08:59.289, 2, P0, 36, 236.21 W, 1965 MHz, 3996 MHz, 0 %, 0 MiB
2026/07/31 03:08:59.289, 3, P0, 33, 238.60 W, 1965 MHz, 3996 MHz, 0 %, 0 MiB
2026/07/31 03:08:59.289, 4, P0, 34, 235.81 W, 1965 MHz, 3996 MHz, 0 %, 0 MiB
2026/07/31 03:08:59.289, 5, P0, 36, 244.36 W, 1965 MHz, 3996 MHz, 0 %, 0 MiB
2026/07/31 03:08:59.289, 6, P0, 33, 242.40 W, 1965 MHz, 3996 MHz, 0 %, 0 MiB
2026/07/31 03:08:59.289, 7, P0, 37, 243.30 W, 1965 MHz, 3996 MHz, 0 %, 0 MiB
2026/07/31 03:09:00.290, 0, P0, 37, 266.42 W, 1965 MHz, 3996 MHz, 11 %, 163503 MiB
2026/07/31 03:09:00.290, 1, P0, 34, 263.65 W, 1965 MHz, 3996 MHz, 31 %, 163503 MiB
2026/07/31 03:09:00.290, 2, P0, 36, 236.16 W, 1965 MHz, 3996 MHz, 0 %, 0 MiB
2026/07/31 03:09:00.290, 3, P0, 33, 238.58 W, 1965 MHz, 3996 MHz, 0 %, 0 MiB
2026/07/31 03:09:00.290, 4, P0, 34, 235.77 W, 1965 MHz, 3996 MHz, 0 %, 0 MiB
2026/07/31 03:09:00.290, 5, P0, 36, 244.27 W, 1965 MHz, 3996 MHz, 0 %, 0 MiB
2026/07/31 03:09:00.290, 6, P0, 33, 242.43 W, 1965 MHz, 3996 MHz, 0 %, 0 MiB
2026/07/31 03:09:00.290, 7, P0, 37, 243.30 W, 1965 MHz, 3996 MHz, 0 %, 0 MiB
2026/07/31 03:09:01.290, 0, P0, 37, 264.66 W, 1965 MHz, 3996 MHz, 11 %, 163503 MiB
2026/07/31 03:09:01.290, 1, P0, 34, 263.97 W, 1965 MHz, 3996 MHz, 19 %, 163503 MiB
2026/07/31 03:09:01.290, 2, P0, 36, 236.10 W, 1965 MHz, 3996 MHz, 0 %, 0 MiB
2026/07/31 03:09:01.290, 3, P0, 33, 238.59 W, 1965 MHz, 3996 MHz, 0 %, 0 MiB
2026/07/31 03:09:01.290, 4, P0, 34, 235.74 W, 1965 MHz, 3996 MHz, 0 %, 0 MiB
2026/07/31 03:09:01.290, 5, P0, 36, 244.32 W, 1965 MHz, 3996 MHz, 0 %, 0 MiB
2026/07/31 03:09:01.290, 6, P0, 33, 242.42 W, 1965 MHz, 3996 MHz, 0 %, 0 MiB
2026/07/31 03:09:01.290, 7, P0, 37, 243.32 W, 1965 MHz, 3996 MHz, 0 %, 0 MiB
2026/07/31 03:09:02.290, 0, P0, 37, 265.66 W, 1965 MHz, 3996 MHz, 11 %, 163503 MiB
2026/07/31 03:09:02.290, 1, P0, 34, 265.08 W, 1965 MHz, 3996 MHz, 38 %, 163503 MiB
2026/07/31 03:09:02.290, 2, P0, 36, 236.11 W, 1965 MHz, 3996 MHz, 0 %, 0 MiB
2026/07/31 03:09:02.290, 3, P0, 33, 238.62 W, 1965 MHz, 3996 MHz, 0 %, 0 MiB
2026/07/31 03:09:02.290, 4, P0, 34, 235.82 W, 1965 MHz, 3996 MHz, 0 %, 0 MiB
2026/07/31 03:09:02.290, 5, P0, 36, 244.29 W, 1965 MHz, 3996 MHz, 0 %, 0 MiB
2026/07/31 03:09:02.290, 6, P0, 33, 242.43 W, 1965 MHz, 3996 MHz, 0 %, 0 MiB
2026/07/31 03:09:02.290, 7, P0, 37, 243.31 W, 1965 MHz, 3996 MHz, 0 %, 0 MiB
2026/07/31 03:09:03.290, 0, P0, 37, 264.78 W, 1965 MHz, 3996 MHz, 12 %, 163503 MiB
2026/07/31 03:09:03.290, 1, P0, 34, 266.59 W, 1965 MHz, 3996 MHz, 39 %, 163503 MiB
2026/07/31 03:09:03.290, 2, P0, 36, 236.19 W, 1965 MHz, 3996 MHz, 0 %, 0 MiB
2026/07/31 03:09:03.291, 3, P0, 33, 238.69 W, 1965 MHz, 3996 MHz, 0 %, 0 MiB
2026/07/31 03:09:03.291, 4, P0, 34, 235.80 W, 1965 MHz, 3996 MHz, 0 %, 0 MiB
2026/07/31 03:09:03.291, 5, P0, 36, 244.29 W, 1965 MHz, 3996 MHz, 0 %, 0 MiB
2026/07/31 03:09:03.291, 6, P0, 33, 242.43 W, 1965 MHz, 3996 MHz, 0 %, 0 MiB
2026/07/31 03:09:03.291, 7, P0, 37, 243.37 W, 1965 MHz, 3996 MHz, 0 %, 0 MiB
2026/07/31 03:09:04.291, 0, P0, 37, 265.79 W, 1965 MHz, 3996 MHz, 12 %, 163503 MiB
2026/07/31 03:09:04.291, 1, P0, 34, 265.47 W, 1965 MHz, 3996 MHz, 40 %, 163503 MiB
2026/07/31 03:09:04.291, 2, P0, 36, 236.16 W, 1965 MHz, 3996 MHz, 0 %, 0 MiB
2026/07/31 03:09:04.291, 3, P0, 33, 238.66 W, 1965 MHz, 3996 MHz, 0 %, 0 MiB
2026/07/31 03:09:04.291, 4, P0, 34, 235.85 W, 1965 MHz, 3996 MHz, 0 %, 0 MiB
2026/07/31 03:09:04.291, 5, P0, 36, 244.20 W, 1965 MHz, 3996 MHz, 0 %, 0 MiB
2026/07/31 03:09:04.291, 6, P0, 33, 242.40 W, 1965 MHz, 3996 MHz, 0 %, 0 MiB
2026/07/31 03:09:04.291, 7, P0, 37, 243.35 W, 1965 MHz, 3996 MHz, 0 %, 0 MiB
2026/07/31 03:09:05.291, 0, P0, 37, 264.90 W, 1965 MHz, 3996 MHz, 12 %, 163503 MiB
2026/07/31 03:09:05.291, 1, P0, 34, 267.33 W, 1965 MHz, 3996 MHz, 40 %, 163503 MiB
2026/07/31 03:09:05.291, 2, P0, 36, 236.15 W, 1965 MHz, 3996 MHz, 0 %, 0 MiB
2026/07/31 03:09:05.291, 3, P0, 33, 238.68 W, 1965 MHz, 3996 MHz, 0 %, 0 MiB
2026/07/31 03:09:05.291, 4, P0, 34, 235.77 W, 1965 MHz, 3996 MHz, 0 %, 0 MiB
2026/07/31 03:09:05.291, 5, P0, 36, 244.29 W, 1965 MHz, 3996 MHz, 0 %, 0 MiB
2026/07/31 03:09:05.291, 6, P0, 33, 242.40 W, 1965 MHz, 3996 MHz, 0 %, 0 MiB
2026/07/31 03:09:05.291, 7, P0, 37, 243.35 W, 1965 MHz, 3996 MHz, 0 %, 0 MiB
2026/07/31 03:09:06.291, 0, P0, 40, 545.25 W, 1965 MHz, 3996 MHz, 31 %, 166935 MiB
2026/07/31 03:09:06.291, 1, P0, 37, 545.95 W, 1965 MHz, 3996 MHz, 40 %, 166935 MiB
2026/07/31 03:09:06.291, 2, P0, 36, 236.17 W, 1965 MHz, 3996 MHz, 0 %, 0 MiB
2026/07/31 03:09:06.291, 3, P0, 33, 238.54 W, 1965 MHz, 3996 MHz, 0 %, 0 MiB
2026/07/31 03:09:06.291, 4, P0, 34, 235.81 W, 1965 MHz, 3996 MHz, 0 %, 0 MiB
2026/07/31 03:09:06.291, 5, P0, 36, 244.28 W, 1965 MHz, 3996 MHz, 0 %, 0 MiB
2026/07/31 03:09:06.291, 6, P0, 33, 242.38 W, 1965 MHz, 3996 MHz, 0 %, 0 MiB
2026/07/31 03:09:06.291, 7, P0, 37, 243.28 W, 1965 MHz, 3996 MHz, 0 %, 0 MiB
2026/07/31 03:09:07.292, 0, P0, 37, 275.91 W, 1965 MHz, 3996 MHz, 13 %, 166935 MiB
2026/07/31 03:09:07.292, 1, P0, 35, 278.27 W, 1965 MHz, 3996 MHz, 32 %, 166935 MiB
2026/07/31 03:09:07.292, 2, P0, 36, 236.10 W, 1965 MHz, 3996 MHz, 0 %, 0 MiB
2026/07/31 03:09:07.292, 3, P0, 33, 238.66 W, 1965 MHz, 3996 MHz, 0 %, 0 MiB
2026/07/31 03:09:07.292, 4, P0, 34, 235.81 W, 1965 MHz, 3996 MHz, 0 %, 0 MiB
2026/07/31 03:09:07.292, 5, P0, 36, 244.27 W, 1965 MHz, 3996 MHz, 0 %, 0 MiB
2026/07/31 03:09:07.292, 6, P0, 33, 242.33 W, 1965 MHz, 3996 MHz, 0 %, 0 MiB
2026/07/31 03:09:07.292, 7, P0, 37, 243.35 W, 1965 MHz, 3996 MHz, 0 %, 0 MiB
2026/07/31 03:09:08.292, 0, P0, 39, 543.86 W, 1965 MHz, 3996 MHz, 12 %, 166935 MiB
2026/07/31 03:09:08.292, 1, P0, 36, 543.05 W, 1965 MHz, 3996 MHz, 28 %, 166935 MiB
2026/07/31 03:09:08.292, 2, P0, 36, 236.14 W, 1965 MHz, 3996 MHz, 0 %, 0 MiB
2026/07/31 03:09:08.292, 3, P0, 33, 238.52 W, 1965 MHz, 3996 MHz, 0 %, 0 MiB
2026/07/31 03:09:08.292, 4, P0, 34, 235.86 W, 1965 MHz, 3996 MHz, 0 %, 0 MiB
2026/07/31 03:09:08.292, 5, P0, 36, 244.38 W, 1965 MHz, 3996 MHz, 0 %, 0 MiB
2026/07/31 03:09:08.292, 6, P0, 33, 242.39 W, 1965 MHz, 3996 MHz, 0 %, 0 MiB
2026/07/31 03:09:08.292, 7, P0, 37, 243.29 W, 1965 MHz, 3996 MHz, 0 %, 0 MiB
2026/07/31 03:09:09.292, 0, P0, 38, 277.33 W, 1965 MHz, 3996 MHz, 13 %, 166935 MiB
2026/07/31 03:09:09.293, 1, P0, 35, 277.24 W, 1965 MHz, 3996 MHz, 32 %, 166935 MiB
2026/07/31 03:09:09.293, 2, P0, 36, 236.16 W, 1965 MHz, 3996 MHz, 0 %, 0 MiB
2026/07/31 03:09:09.293, 3, P0, 33, 238.60 W, 1965 MHz, 3996 MHz, 0 %, 0 MiB
2026/07/31 03:09:09.293, 4, P0, 34, 235.77 W, 1965 MHz, 3996 MHz, 0 %, 0 MiB
2026/07/31 03:09:09.293, 5, P0, 36, 244.32 W, 1965 MHz, 3996 MHz, 0 %, 0 MiB
2026/07/31 03:09:09.293, 6, P0, 33, 242.38 W, 1965 MHz, 3996 MHz, 0 %, 0 MiB
2026/07/31 03:09:09.293, 7, P0, 37, 243.35 W, 1965 MHz, 3996 MHz, 0 %, 0 MiB
2026/07/31 03:09:10.293, 0, P0, 39, 546.34 W, 1965 MHz, 3996 MHz, 13 %, 166935 MiB
2026/07/31 03:09:10.293, 1, P0, 36, 554.05 W, 1965 MHz, 3996 MHz, 35 %, 166935 MiB
2026/07/31 03:09:10.293, 2, P0, 36, 236.18 W, 1965 MHz, 3996 MHz, 0 %, 0 MiB
2026/07/31 03:09:10.293, 3, P0, 33, 238.53 W, 1965 MHz, 3996 MHz, 0 %, 0 MiB
2026/07/31 03:09:10.293, 4, P0, 34, 235.82 W, 1965 MHz, 3996 MHz, 0 %, 0 MiB
2026/07/31 03:09:10.293, 5, P0, 36, 244.20 W, 1965 MHz, 3996 MHz, 0 %, 0 MiB
2026/07/31 03:09:10.293, 6, P0, 33, 242.38 W, 1965 MHz, 3996 MHz, 0 %, 0 MiB
2026/07/31 03:09:10.293, 7, P0, 37, 243.27 W, 1965 MHz, 3996 MHz, 0 %, 0 MiB
2026/07/31 03:09:11.293, 0, P0, 38, 291.14 W, 1965 MHz, 3996 MHz, 13 %, 166935 MiB
2026/07/31 03:09:11.293, 1, P0, 39, 307.53 W, 1965 MHz, 3996 MHz, 36 %, 166935 MiB
2026/07/31 03:09:11.293, 2, P0, 36, 236.21 W, 1965 MHz, 3996 MHz, 0 %, 0 MiB
2026/07/31 03:09:11.293, 3, P0, 33, 238.64 W, 1965 MHz, 3996 MHz, 0 %, 0 MiB
2026/07/31 03:09:11.293, 4, P0, 34, 235.78 W, 1965 MHz, 3996 MHz, 0 %, 0 MiB
2026/07/31 03:09:11.293, 5, P0, 36, 244.28 W, 1965 MHz, 3996 MHz, 0 %, 0 MiB
2026/07/31 03:09:11.293, 6, P0, 33, 242.39 W, 1965 MHz, 3996 MHz, 0 %, 0 MiB
2026/07/31 03:09:11.293, 7, P0, 37, 243.34 W, 1965 MHz, 3996 MHz, 0 %, 0 MiB
2026/07/31 03:09:12.293, 0, P0, 39, 530.66 W, 1965 MHz, 3996 MHz, 12 %, 166935 MiB
2026/07/31 03:09:12.293, 1, P0, 36, 527.11 W, 1965 MHz, 3996 MHz, 35 %, 166935 MiB
2026/07/31 03:09:12.293, 2, P0, 36, 236.20 W, 1965 MHz, 3996 MHz, 0 %, 0 MiB
2026/07/31 03:09:12.293, 3, P0, 33, 238.67 W, 1965 MHz, 3996 MHz, 0 %, 0 MiB
2026/07/31 03:09:12.294, 4, P0, 34, 235.82 W, 1965 MHz, 3996 MHz, 0 %, 0 MiB
2026/07/31 03:09:12.294, 5, P0, 36, 244.26 W, 1965 MHz, 3996 MHz, 0 %, 0 MiB
2026/07/31 03:09:12.294, 6, P0, 33, 242.39 W, 1965 MHz, 3996 MHz, 0 %, 0 MiB
2026/07/31 03:09:12.294, 7, P0, 37, 243.28 W, 1965 MHz, 3996 MHz, 0 %, 0 MiB
2026/07/31 03:09:13.294, 0, P0, 38, 275.16 W, 1965 MHz, 3996 MHz, 13 %, 166935 MiB
2026/07/31 03:09:13.294, 1, P0, 35, 275.29 W, 1965 MHz, 3996 MHz, 41 %, 166935 MiB
2026/07/31 03:09:13.295, 2, P0, 36, 236.16 W, 1965 MHz, 3996 MHz, 0 %, 0 MiB
2026/07/31 03:09:13.295, 3, P0, 33, 238.57 W, 1965 MHz, 3996 MHz, 0 %, 0 MiB
2026/07/31 03:09:13.296, 4, P0, 34, 235.75 W, 1965 MHz, 3996 MHz, 0 %, 0 MiB
2026/07/31 03:09:13.297, 5, P0, 36, 244.40 W, 1965 MHz, 3996 MHz, 0 %, 0 MiB
2026/07/31 03:09:13.297, 6, P0, 33, 242.41 W, 1965 MHz, 3996 MHz, 0 %, 0 MiB
2026/07/31 03:09:13.298, 7, P0, 37, 243.37 W, 1965 MHz, 3996 MHz, 0 %, 0 MiB
2026/07/31 03:09:14.299, 0, P0, 38, 274.32 W, 1965 MHz, 3996 MHz, 13 %, 166935 MiB
2026/07/31 03:09:14.299, 1, P0, 35, 275.57 W, 1965 MHz, 3996 MHz, 31 %, 166935 MiB
2026/07/31 03:09:14.299, 2, P0, 36, 236.29 W, 1965 MHz, 3996 MHz, 0 %, 0 MiB
2026/07/31 03:09:14.299, 3, P0, 33, 238.59 W, 1965 MHz, 3996 MHz, 0 %, 0 MiB
2026/07/31 03:09:14.299, 4, P0, 34, 235.79 W, 1965 MHz, 3996 MHz, 0 %, 0 MiB
2026/07/31 03:09:14.299, 5, P0, 36, 244.35 W, 1965 MHz, 3996 MHz, 0 %, 0 MiB
2026/07/31 03:09:14.299, 6, P0, 33, 242.38 W, 1965 MHz, 3996 MHz, 0 %, 0 MiB
2026/07/31 03:09:14.299, 7, P0, 37, 243.34 W, 1965 MHz, 3996 MHz, 0 %, 0 MiB
2026/07/31 03:09:15.299, 0, P0, 37, 274.55 W, 1965 MHz, 3996 MHz, 13 %, 166935 MiB
2026/07/31 03:09:15.299, 1, P0, 35, 274.90 W, 1965 MHz, 3996 MHz, 29 %, 166935 MiB
2026/07/31 03:09:15.299, 2, P0, 36, 236.19 W, 1965 MHz, 3996 MHz, 0 %, 0 MiB
2026/07/31 03:09:15.300, 3, P0, 33, 238.73 W, 1965 MHz, 3996 MHz, 0 %, 0 MiB
2026/07/31 03:09:15.300, 4, P0, 34, 235.77 W, 1965 MHz, 3996 MHz, 0 %, 0 MiB
2026/07/31 03:09:15.300, 5, P0, 36, 244.33 W, 1965 MHz, 3996 MHz, 0 %, 0 MiB
2026/07/31 03:09:15.300, 6, P0, 33, 242.42 W, 1965 MHz, 3996 MHz, 0 %, 0 MiB
2026/07/31 03:09:15.300, 7, P0, 37, 243.38 W, 1965 MHz, 3996 MHz, 0 %, 0 MiB
2026/07/31 03:09:16.300, 0, P0, 37, 274.62 W, 1965 MHz, 3996 MHz, 13 %, 166935 MiB
2026/07/31 03:09:16.301, 1, P0, 35, 274.79 W, 1965 MHz, 3996 MHz, 62 %, 166935 MiB
2026/07/31 03:09:16.301, 2, P0, 36, 236.15 W, 1965 MHz, 3996 MHz, 0 %, 0 MiB
2026/07/31 03:09:16.301, 3, P0, 33, 238.70 W, 1965 MHz, 3996 MHz, 0 %, 0 MiB
2026/07/31 03:09:16.301, 4, P0, 34, 235.83 W, 1965 MHz, 3996 MHz, 0 %, 0 MiB
2026/07/31 03:09:16.301, 5, P0, 36, 244.33 W, 1965 MHz, 3996 MHz, 0 %, 0 MiB
2026/07/31 03:09:16.301, 6, P0, 33, 242.40 W, 1965 MHz, 3996 MHz, 0 %, 0 MiB
2026/07/31 03:09:16.301, 7, P0, 37, 243.35 W, 1965 MHz, 3996 MHz, 0 %, 0 MiB
2026/07/31 03:09:17.301, 0, P0, 37, 274.63 W, 1965 MHz, 3996 MHz, 13 %, 166935 MiB
2026/07/31 03:09:17.301, 1, P0, 35, 275.52 W, 1965 MHz, 3996 MHz, 33 %, 166935 MiB
2026/07/31 03:09:17.301, 2, P0, 36, 236.15 W, 1965 MHz, 3996 MHz, 0 %, 0 MiB
2026/07/31 03:09:17.301, 3, P0, 33, 238.65 W, 1965 MHz, 3996 MHz, 0 %, 0 MiB
2026/07/31 03:09:17.301, 4, P0, 34, 235.82 W, 1965 MHz, 3996 MHz, 0 %, 0 MiB
2026/07/31 03:09:17.301, 5, P0, 36, 244.34 W, 1965 MHz, 3996 MHz, 0 %, 0 MiB
2026/07/31 03:09:17.301, 6, P0, 33, 242.40 W, 1965 MHz, 3996 MHz, 0 %, 0 MiB
2026/07/31 03:09:17.302, 7, P0, 37, 243.34 W, 1965 MHz, 3996 MHz, 0 %, 0 MiB
2026/07/31 03:09:18.302, 0, P0, 42, 544.56 W, 1965 MHz, 3996 MHz, 79 %, 166935 MiB
2026/07/31 03:09:18.302, 1, P0, 40, 545.95 W, 1920 MHz, 3996 MHz, 100 %, 166935 MiB
2026/07/31 03:09:18.302, 2, P0, 36, 236.16 W, 1965 MHz, 3996 MHz, 0 %, 0 MiB
2026/07/31 03:09:18.302, 3, P0, 33, 238.68 W, 1965 MHz, 3996 MHz, 0 %, 0 MiB
2026/07/31 03:09:18.302, 4, P0, 34, 235.78 W, 1965 MHz, 3996 MHz, 0 %, 0 MiB
2026/07/31 03:09:18.302, 5, P0, 36, 244.32 W, 1965 MHz, 3996 MHz, 0 %, 0 MiB
2026/07/31 03:09:18.302, 6, P0, 33, 242.38 W, 1965 MHz, 3996 MHz, 0 %, 0 MiB
2026/07/31 03:09:18.302, 7, P0, 37, 243.34 W, 1965 MHz, 3996 MHz, 0 %, 0 MiB
2026/07/31 03:09:19.302, 0, P0, 38, 278.58 W, 1965 MHz, 3996 MHz, 13 %, 166935 MiB
2026/07/31 03:09:19.302, 1, P0, 35, 277.41 W, 1965 MHz, 3996 MHz, 50 %, 166935 MiB
2026/07/31 03:09:19.302, 2, P0, 36, 236.25 W, 1965 MHz, 3996 MHz, 0 %, 0 MiB
2026/07/31 03:09:19.302, 3, P0, 33, 238.67 W, 1965 MHz, 3996 MHz, 0 %, 0 MiB
2026/07/31 03:09:19.302, 4, P0, 34, 235.81 W, 1965 MHz, 3996 MHz, 0 %, 0 MiB
2026/07/31 03:09:19.302, 5, P0, 36, 244.25 W, 1965 MHz, 3996 MHz, 0 %, 0 MiB
2026/07/31 03:09:19.302, 6, P0, 33, 242.45 W, 1965 MHz, 3996 MHz, 0 %, 0 MiB
2026/07/31 03:09:19.302, 7, P0, 37, 243.32 W, 1965 MHz, 3996 MHz, 0 %, 0 MiB
2026/07/31 03:09:20.302, 0, P0, 41, 547.68 W, 1965 MHz, 3996 MHz, 12 %, 166935 MiB
2026/07/31 03:09:20.302, 1, P0, 38, 548.83 W, 1965 MHz, 3996 MHz, 57 %, 166935 MiB
2026/07/31 03:09:20.302, 2, P0, 36, 236.38 W, 1965 MHz, 3996 MHz, 0 %, 0 MiB
2026/07/31 03:09:20.302, 3, P0, 33, 238.60 W, 1965 MHz, 3996 MHz, 0 %, 0 MiB
2026/07/31 03:09:20.302, 4, P0, 34, 235.79 W, 1965 MHz, 3996 MHz, 0 %, 0 MiB
2026/07/31 03:09:20.302, 5, P0, 36, 244.35 W, 1965 MHz, 3996 MHz, 0 %, 0 MiB
2026/07/31 03:09:20.302, 6, P0, 33, 242.38 W, 1965 MHz, 3996 MHz, 0 %, 0 MiB
2026/07/31 03:09:20.302, 7, P0, 37, 243.28 W, 1965 MHz, 3996 MHz, 0 %, 0 MiB
2026/07/31 03:09:21.302, 0, P0, 38, 275.64 W, 1965 MHz, 3996 MHz, 13 %, 166935 MiB
2026/07/31 03:09:21.303, 1, P0, 35, 273.25 W, 1965 MHz, 3996 MHz, 31 %, 166935 MiB
2026/07/31 03:09:21.303, 2, P0, 36, 236.20 W, 1965 MHz, 3996 MHz, 0 %, 0 MiB
2026/07/31 03:09:21.303, 3, P0, 33, 238.70 W, 1965 MHz, 3996 MHz, 0 %, 0 MiB
2026/07/31 03:09:21.303, 4, P0, 34, 235.81 W, 1965 MHz, 3996 MHz, 0 %, 0 MiB
2026/07/31 03:09:21.303, 5, P0, 36, 244.30 W, 1965 MHz, 3996 MHz, 0 %, 0 MiB
2026/07/31 03:09:21.303, 6, P0, 33, 242.42 W, 1965 MHz, 3996 MHz, 0 %, 0 MiB
2026/07/31 03:09:21.303, 7, P0, 37, 243.36 W, 1965 MHz, 3996 MHz, 0 %, 0 MiB
2026/07/31 03:09:22.303, 0, P0, 38, 274.84 W, 1965 MHz, 3996 MHz, 13 %, 166935 MiB
2026/07/31 03:09:22.303, 1, P0, 35, 273.62 W, 1965 MHz, 3996 MHz, 44 %, 166935 MiB
2026/07/31 03:09:22.303, 2, P0, 36, 236.35 W, 1965 MHz, 3996 MHz, 0 %, 0 MiB
2026/07/31 03:09:22.303, 3, P0, 33, 238.80 W, 1965 MHz, 3996 MHz, 0 %, 0 MiB
2026/07/31 03:09:22.303, 4, P0, 34, 235.76 W, 1965 MHz, 3996 MHz, 0 %, 0 MiB
2026/07/31 03:09:22.303, 5, P0, 36, 244.31 W, 1965 MHz, 3996 MHz, 0 %, 0 MiB
2026/07/31 03:09:22.303, 6, P0, 33, 242.41 W, 1965 MHz, 3996 MHz, 0 %, 0 MiB
2026/07/31 03:09:22.303, 7, P0, 37, 243.35 W, 1965 MHz, 3996 MHz, 0 %, 0 MiB
2026/07/31 03:09:23.303, 0, P0, 38, 275.65 W, 1965 MHz, 3996 MHz, 13 %, 166935 MiB
2026/07/31 03:09:23.303, 1, P0, 35, 273.86 W, 1965 MHz, 3996 MHz, 26 %, 166935 MiB
2026/07/31 03:09:23.303, 2, P0, 36, 236.29 W, 1965 MHz, 3996 MHz, 0 %, 0 MiB
2026/07/31 03:09:23.303, 3, P0, 33, 238.70 W, 1965 MHz, 3996 MHz, 0 %, 0 MiB
2026/07/31 03:09:23.303, 4, P0, 34, 235.77 W, 1965 MHz, 3996 MHz, 0 %, 0 MiB
2026/07/31 03:09:23.303, 5, P0, 36, 244.31 W, 1965 MHz, 3996 MHz, 0 %, 0 MiB
2026/07/31 03:09:23.303, 6, P0, 33, 242.39 W, 1965 MHz, 3996 MHz, 0 %, 0 MiB
2026/07/31 03:09:23.303, 7, P0, 37, 243.34 W, 1965 MHz, 3996 MHz, 0 %, 0 MiB
2026/07/31 03:09:24.303, 0, P0, 37, 274.41 W, 1965 MHz, 3996 MHz, 13 %, 166935 MiB
2026/07/31 03:09:24.303, 1, P0, 35, 273.20 W, 1965 MHz, 3996 MHz, 30 %, 166935 MiB
2026/07/31 03:09:24.303, 2, P0, 36, 236.37 W, 1965 MHz, 3996 MHz, 0 %, 0 MiB
2026/07/31 03:09:24.303, 3, P0, 33, 238.73 W, 1965 MHz, 3996 MHz, 0 %, 0 MiB
2026/07/31 03:09:24.303, 4, P0, 34, 235.83 W, 1965 MHz, 3996 MHz, 0 %, 0 MiB
2026/07/31 03:09:24.303, 5, P0, 36, 244.37 W, 1965 MHz, 3996 MHz, 0 %, 0 MiB
2026/07/31 03:09:24.303, 6, P0, 33, 242.42 W, 1965 MHz, 3996 MHz, 0 %, 0 MiB
2026/07/31 03:09:24.303, 7, P0, 37, 243.32 W, 1965 MHz, 3996 MHz, 0 %, 0 MiB
2026/07/31 03:09:25.303, 0, P0, 37, 274.94 W, 1965 MHz, 3996 MHz, 13 %, 166935 MiB
2026/07/31 03:09:25.304, 1, P0, 35, 274.13 W, 1965 MHz, 3996 MHz, 25 %, 166935 MiB
2026/07/31 03:09:25.304, 2, P0, 36, 236.28 W, 1965 MHz, 3996 MHz, 0 %, 0 MiB
2026/07/31 03:09:25.304, 3, P0, 33, 238.65 W, 1965 MHz, 3996 MHz, 0 %, 0 MiB
2026/07/31 03:09:25.304, 4, P0, 34, 235.82 W, 1965 MHz, 3996 MHz, 0 %, 0 MiB
2026/07/31 03:09:25.304, 5, P0, 36, 244.40 W, 1965 MHz, 3996 MHz, 0 %, 0 MiB
2026/07/31 03:09:25.304, 6, P0, 33, 242.40 W, 1965 MHz, 3996 MHz, 0 %, 0 MiB
2026/07/31 03:09:25.304, 7, P0, 37, 243.32 W, 1965 MHz, 3996 MHz, 0 %, 0 MiB
2026/07/31 03:09:26.304, 0, P0, 37, 273.17 W, 1965 MHz, 3996 MHz, 14 %, 166935 MiB
2026/07/31 03:09:26.304, 1, P0, 35, 274.09 W, 1965 MHz, 3996 MHz, 17 %, 166935 MiB
2026/07/31 03:09:26.304, 2, P0, 36, 236.26 W, 1965 MHz, 3996 MHz, 0 %, 0 MiB
2026/07/31 03:09:26.304, 3, P0, 33, 238.65 W, 1965 MHz, 3996 MHz, 0 %, 0 MiB
2026/07/31 03:09:26.304, 4, P0, 34, 235.79 W, 1965 MHz, 3996 MHz, 0 %, 0 MiB
2026/07/31 03:09:26.304, 5, P0, 36, 244.44 W, 1965 MHz, 3996 MHz, 0 %, 0 MiB
2026/07/31 03:09:26.304, 6, P0, 33, 242.40 W, 1965 MHz, 3996 MHz, 0 %, 0 MiB
2026/07/31 03:09:26.304, 7, P0, 37, 243.36 W, 1965 MHz, 3996 MHz, 0 %, 0 MiB
2026/07/31 03:09:27.304, 0, P0, 37, 273.86 W, 1965 MHz, 3996 MHz, 13 %, 166935 MiB
2026/07/31 03:09:27.304, 1, P0, 35, 273.51 W, 1965 MHz, 3996 MHz, 47 %, 166935 MiB
2026/07/31 03:09:27.304, 2, P0, 36, 236.26 W, 1965 MHz, 3996 MHz, 0 %, 0 MiB
2026/07/31 03:09:27.304, 3, P0, 33, 238.74 W, 1965 MHz, 3996 MHz, 0 %, 0 MiB
2026/07/31 03:09:27.304, 4, P0, 34, 235.78 W, 1965 MHz, 3996 MHz, 0 %, 0 MiB
2026/07/31 03:09:27.304, 5, P0, 36, 244.38 W, 1965 MHz, 3996 MHz, 0 %, 0 MiB
2026/07/31 03:09:27.304, 6, P0, 33, 242.46 W, 1965 MHz, 3996 MHz, 0 %, 0 MiB
2026/07/31 03:09:27.304, 7, P0, 37, 243.36 W, 1965 MHz, 3996 MHz, 0 %, 0 MiB
2026/07/31 03:09:28.304, 0, P0, 37, 274.63 W, 1965 MHz, 3996 MHz, 13 %, 166935 MiB
2026/07/31 03:09:28.304, 1, P0, 35, 273.27 W, 1965 MHz, 3996 MHz, 38 %, 166935 MiB
2026/07/31 03:09:28.304, 2, P0, 36, 236.25 W, 1965 MHz, 3996 MHz, 0 %, 0 MiB
2026/07/31 03:09:28.304, 3, P0, 33, 238.63 W, 1965 MHz, 3996 MHz, 0 %, 0 MiB
2026/07/31 03:09:28.304, 4, P0, 34, 235.81 W, 1965 MHz, 3996 MHz, 0 %, 0 MiB
2026/07/31 03:09:28.304, 5, P0, 36, 244.46 W, 1965 MHz, 3996 MHz, 0 %, 0 MiB
2026/07/31 03:09:28.304, 6, P0, 33, 242.39 W, 1965 MHz, 3996 MHz, 0 %, 0 MiB
2026/07/31 03:09:28.304, 7, P0, 37, 243.38 W, 1965 MHz, 3996 MHz, 0 %, 0 MiB
2026/07/31 03:09:29.304, 0, P0, 37, 274.53 W, 1965 MHz, 3996 MHz, 13 %, 166935 MiB
2026/07/31 03:09:29.304, 1, P0, 35, 275.92 W, 1965 MHz, 3996 MHz, 48 %, 166935 MiB
2026/07/31 03:09:29.305, 2, P0, 36, 236.28 W, 1965 MHz, 3996 MHz, 0 %, 0 MiB
2026/07/31 03:09:29.305, 3, P0, 33, 238.62 W, 1965 MHz, 3996 MHz, 0 %, 0 MiB
2026/07/31 03:09:29.305, 4, P0, 34, 235.80 W, 1965 MHz, 3996 MHz, 0 %, 0 MiB
2026/07/31 03:09:29.305, 5, P0, 36, 244.39 W, 1965 MHz, 3996 MHz, 0 %, 0 MiB
2026/07/31 03:09:29.305, 6, P0, 33, 242.45 W, 1965 MHz, 3996 MHz, 0 %, 0 MiB
2026/07/31 03:09:29.305, 7, P0, 37, 243.36 W, 1965 MHz, 3996 MHz, 0 %, 0 MiB
2026/07/31 03:09:30.305, 0, P0, 37, 274.30 W, 1965 MHz, 3996 MHz, 13 %, 166935 MiB
2026/07/31 03:09:30.305, 1, P0, 35, 275.10 W, 1965 MHz, 3996 MHz, 46 %, 166935 MiB
2026/07/31 03:09:30.305, 2, P0, 36, 236.26 W, 1965 MHz, 3996 MHz, 0 %, 0 MiB
2026/07/31 03:09:30.305, 3, P0, 33, 238.80 W, 1965 MHz, 3996 MHz, 0 %, 0 MiB
2026/07/31 03:09:30.305, 4, P0, 34, 235.77 W, 1965 MHz, 3996 MHz, 0 %, 0 MiB
2026/07/31 03:09:30.305, 5, P0, 36, 244.43 W, 1965 MHz, 3996 MHz, 0 %, 0 MiB
2026/07/31 03:09:30.305, 6, P0, 33, 242.37 W, 1965 MHz, 3996 MHz, 0 %, 0 MiB
2026/07/31 03:09:30.305, 7, P0, 37, 243.37 W, 1965 MHz, 3996 MHz, 0 %, 0 MiB
2026/07/31 03:09:31.305, 0, P0, 37, 273.27 W, 1965 MHz, 3996 MHz, 13 %, 166935 MiB
2026/07/31 03:09:31.305, 1, P0, 35, 273.79 W, 1965 MHz, 3996 MHz, 34 %, 166935 MiB
2026/07/31 03:09:31.305, 2, P0, 36, 236.37 W, 1965 MHz, 3996 MHz, 0 %, 0 MiB
2026/07/31 03:09:31.305, 3, P0, 33, 238.75 W, 1965 MHz, 3996 MHz, 0 %, 0 MiB
2026/07/31 03:09:31.305, 4, P0, 34, 235.83 W, 1965 MHz, 3996 MHz, 0 %, 0 MiB
2026/07/31 03:09:31.305, 5, P0, 36, 244.49 W, 1965 MHz, 3996 MHz, 0 %, 0 MiB
2026/07/31 03:09:31.305, 6, P0, 33, 242.40 W, 1965 MHz, 3996 MHz, 0 %, 0 MiB
2026/07/31 03:09:31.305, 7, P0, 37, 243.35 W, 1965 MHz, 3996 MHz, 0 %, 0 MiB
2026/07/31 03:09:32.305, 0, P0, 37, 273.47 W, 1965 MHz, 3996 MHz, 12 %, 166935 MiB
2026/07/31 03:09:32.305, 1, P0, 35, 276.19 W, 1965 MHz, 3996 MHz, 59 %, 166935 MiB
2026/07/31 03:09:32.305, 2, P0, 36, 236.35 W, 1965 MHz, 3996 MHz, 0 %, 0 MiB
2026/07/31 03:09:32.305, 3, P0, 33, 238.74 W, 1965 MHz, 3996 MHz, 0 %, 0 MiB
2026/07/31 03:09:32.305, 4, P0, 34, 235.83 W, 1965 MHz, 3996 MHz, 0 %, 0 MiB
2026/07/31 03:09:32.305, 5, P0, 36, 244.38 W, 1965 MHz, 3996 MHz, 0 %, 0 MiB
2026/07/31 03:09:32.305, 6, P0, 33, 242.38 W, 1965 MHz, 3996 MHz, 0 %, 0 MiB
2026/07/31 03:09:32.306, 7, P0, 37, 243.34 W, 1965 MHz, 3996 MHz, 0 %, 0 MiB
2026/07/31 03:09:33.306, 0, P0, 37, 275.02 W, 1965 MHz, 3996 MHz, 13 %, 166935 MiB
2026/07/31 03:09:33.306, 1, P0, 35, 277.00 W, 1965 MHz, 3996 MHz, 42 %, 166935 MiB
2026/07/31 03:09:33.306, 2, P0, 36, 236.38 W, 1965 MHz, 3996 MHz, 0 %, 0 MiB
2026/07/31 03:09:33.306, 3, P0, 33, 238.70 W, 1965 MHz, 3996 MHz, 0 %, 0 MiB
2026/07/31 03:09:33.306, 4, P0, 34, 235.82 W, 1965 MHz, 3996 MHz, 0 %, 0 MiB
2026/07/31 03:09:33.306, 5, P0, 36, 244.34 W, 1965 MHz, 3996 MHz, 0 %, 0 MiB
2026/07/31 03:09:33.306, 6, P0, 33, 242.40 W, 1965 MHz, 3996 MHz, 0 %, 0 MiB
2026/07/31 03:09:33.306, 7, P0, 37, 243.36 W, 1965 MHz, 3996 MHz, 0 %, 0 MiB
2026/07/31 03:09:34.306, 0, P0, 37, 273.04 W, 1965 MHz, 3996 MHz, 13 %, 166935 MiB
2026/07/31 03:09:34.306, 1, P0, 35, 273.27 W, 1965 MHz, 3996 MHz, 36 %, 166935 MiB
2026/07/31 03:09:34.306, 2, P0, 36, 236.31 W, 1965 MHz, 3996 MHz, 0 %, 0 MiB
2026/07/31 03:09:34.306, 3, P0, 33, 238.70 W, 1965 MHz, 3996 MHz, 0 %, 0 MiB
2026/07/31 03:09:34.306, 4, P0, 34, 235.80 W, 1965 MHz, 3996 MHz, 0 %, 0 MiB
2026/07/31 03:09:34.306, 5, P0, 36, 244.38 W, 1965 MHz, 3996 MHz, 0 %, 0 MiB
2026/07/31 03:09:34.306, 6, P0, 33, 242.41 W, 1965 MHz, 3996 MHz, 0 %, 0 MiB
2026/07/31 03:09:34.306, 7, P0, 37, 243.36 W, 1965 MHz, 3996 MHz, 0 %, 0 MiB
2026/07/31 03:09:35.306, 0, P0, 37, 275.17 W, 1965 MHz, 3996 MHz, 13 %, 166935 MiB
2026/07/31 03:09:35.306, 1, P0, 35, 275.14 W, 1965 MHz, 3996 MHz, 31 %, 166935 MiB
2026/07/31 03:09:35.306, 2, P0, 36, 236.29 W, 1965 MHz, 3996 MHz, 0 %, 0 MiB
2026/07/31 03:09:35.306, 3, P0, 33, 238.72 W, 1965 MHz, 3996 MHz, 0 %, 0 MiB
2026/07/31 03:09:35.306, 4, P0, 34, 235.84 W, 1965 MHz, 3996 MHz, 0 %, 0 MiB
2026/07/31 03:09:35.306, 5, P0, 36, 244.35 W, 1965 MHz, 3996 MHz, 0 %, 0 MiB
2026/07/31 03:09:35.306, 6, P0, 33, 242.43 W, 1965 MHz, 3996 MHz, 0 %, 0 MiB
2026/07/31 03:09:35.306, 7, P0, 37, 243.37 W, 1965 MHz, 3996 MHz, 0 %, 0 MiB
2026/07/31 03:09:36.306, 0, P0, 37, 273.17 W, 1965 MHz, 3996 MHz, 12 %, 166935 MiB
2026/07/31 03:09:36.306, 1, P0, 35, 275.22 W, 1965 MHz, 3996 MHz, 72 %, 166935 MiB
2026/07/31 03:09:36.306, 2, P0, 36, 236.39 W, 1965 MHz, 3996 MHz, 0 %, 0 MiB
2026/07/31 03:09:36.306, 3, P0, 33, 238.74 W, 1965 MHz, 3996 MHz, 0 %, 0 MiB
2026/07/31 03:09:36.306, 4, P0, 34, 235.77 W, 1965 MHz, 3996 MHz, 0 %, 0 MiB
2026/07/31 03:09:36.307, 5, P0, 36, 244.31 W, 1965 MHz, 3996 MHz, 0 %, 0 MiB
2026/07/31 03:09:36.307, 6, P0, 33, 242.49 W, 1965 MHz, 3996 MHz, 0 %, 0 MiB
2026/07/31 03:09:36.307, 7, P0, 37, 243.36 W, 1965 MHz, 3996 MHz, 0 %, 0 MiB
2026/07/31 03:09:37.307, 0, P0, 37, 275.08 W, 1965 MHz, 3996 MHz, 13 %, 166935 MiB
2026/07/31 03:09:37.307, 1, P0, 34, 273.45 W, 1965 MHz, 3996 MHz, 39 %, 166935 MiB
2026/07/31 03:09:37.307, 2, P0, 36, 236.25 W, 1965 MHz, 3996 MHz, 0 %, 0 MiB
2026/07/31 03:09:37.307, 3, P0, 33, 238.70 W, 1965 MHz, 3996 MHz, 0 %, 0 MiB
2026/07/31 03:09:37.307, 4, P0, 34, 235.85 W, 1965 MHz, 3996 MHz, 0 %, 0 MiB
2026/07/31 03:09:37.307, 5, P0, 36, 244.32 W, 1965 MHz, 3996 MHz, 0 %, 0 MiB
2026/07/31 03:09:37.307, 6, P0, 33, 242.44 W, 1965 MHz, 3996 MHz, 0 %, 0 MiB
2026/07/31 03:09:37.307, 7, P0, 37, 243.35 W, 1965 MHz, 3996 MHz, 0 %, 0 MiB
2026/07/31 03:09:38.307, 0, P0, 37, 273.61 W, 1965 MHz, 3996 MHz, 13 %, 166935 MiB
2026/07/31 03:09:38.307, 1, P0, 34, 273.92 W, 1965 MHz, 3996 MHz, 43 %, 166935 MiB
2026/07/31 03:09:38.307, 2, P0, 36, 236.32 W, 1965 MHz, 3996 MHz, 0 %, 0 MiB
2026/07/31 03:09:38.307, 3, P0, 33, 238.66 W, 1965 MHz, 3996 MHz, 0 %, 0 MiB
2026/07/31 03:09:38.307, 4, P0, 34, 235.79 W, 1965 MHz, 3996 MHz, 0 %, 0 MiB
2026/07/31 03:09:38.307, 5, P0, 36, 244.40 W, 1965 MHz, 3996 MHz, 0 %, 0 MiB
2026/07/31 03:09:38.307, 6, P0, 33, 242.36 W, 1965 MHz, 3996 MHz, 0 %, 0 MiB
2026/07/31 03:09:38.307, 7, P0, 37, 243.35 W, 1965 MHz, 3996 MHz, 0 %, 0 MiB
2026/07/31 03:09:39.307, 0, P0, 37, 273.03 W, 1965 MHz, 3996 MHz, 13 %, 166935 MiB
2026/07/31 03:09:39.307, 1, P0, 34, 274.60 W, 1965 MHz, 3996 MHz, 37 %, 166935 MiB
2026/07/31 03:09:39.307, 2, P0, 36, 236.22 W, 1965 MHz, 3996 MHz, 0 %, 0 MiB
2026/07/31 03:09:39.307, 3, P0, 33, 238.82 W, 1965 MHz, 3996 MHz, 0 %, 0 MiB
2026/07/31 03:09:39.307, 4, P0, 34, 235.78 W, 1965 MHz, 3996 MHz, 0 %, 0 MiB
2026/07/31 03:09:39.307, 5, P0, 36, 244.39 W, 1965 MHz, 3996 MHz, 0 %, 0 MiB
2026/07/31 03:09:39.307, 6, P0, 33, 242.38 W, 1965 MHz, 3996 MHz, 0 %, 0 MiB
2026/07/31 03:09:39.307, 7, P0, 37, 243.29 W, 1965 MHz, 3996 MHz, 0 %, 0 MiB
2026/07/31 03:09:40.307, 0, P0, 37, 273.40 W, 1965 MHz, 3996 MHz, 13 %, 166935 MiB
2026/07/31 03:09:40.308, 1, P0, 34, 274.49 W, 1965 MHz, 3996 MHz, 63 %, 166935 MiB
2026/07/31 03:09:40.308, 2, P0, 36, 236.33 W, 1965 MHz, 3996 MHz, 0 %, 0 MiB
2026/07/31 03:09:40.308, 3, P0, 33, 238.70 W, 1965 MHz, 3996 MHz, 0 %, 0 MiB
2026/07/31 03:09:40.308, 4, P0, 34, 235.84 W, 1965 MHz, 3996 MHz, 0 %, 0 MiB
2026/07/31 03:09:40.308, 5, P0, 36, 244.38 W, 1965 MHz, 3996 MHz, 0 %, 0 MiB
2026/07/31 03:09:40.308, 6, P0, 33, 242.40 W, 1965 MHz, 3996 MHz, 0 %, 0 MiB
2026/07/31 03:09:40.308, 7, P0, 37, 243.31 W, 1965 MHz, 3996 MHz, 0 %, 0 MiB
2026/07/31 03:09:41.308, 0, P0, 37, 272.91 W, 1965 MHz, 3996 MHz, 13 %, 166935 MiB
2026/07/31 03:09:41.308, 1, P0, 34, 272.76 W, 1965 MHz, 3996 MHz, 34 %, 166935 MiB
2026/07/31 03:09:41.308, 2, P0, 36, 236.23 W, 1965 MHz, 3996 MHz, 0 %, 0 MiB
2026/07/31 03:09:41.308, 3, P0, 33, 238.77 W, 1965 MHz, 3996 MHz, 0 %, 0 MiB
2026/07/31 03:09:41.308, 4, P0, 34, 235.84 W, 1965 MHz, 3996 MHz, 0 %, 0 MiB
2026/07/31 03:09:41.308, 5, P0, 36, 244.32 W, 1965 MHz, 3996 MHz, 0 %, 0 MiB
2026/07/31 03:09:41.308, 6, P0, 33, 242.40 W, 1965 MHz, 3996 MHz, 0 %, 0 MiB
2026/07/31 03:09:41.308, 7, P0, 37, 243.32 W, 1965 MHz, 3996 MHz, 0 %, 0 MiB
2026/07/31 03:09:42.308, 0, P0, 37, 273.81 W, 1965 MHz, 3996 MHz, 13 %, 166935 MiB
2026/07/31 03:09:42.308, 1, P0, 34, 276.17 W, 1965 MHz, 3996 MHz, 42 %, 166935 MiB
2026/07/31 03:09:42.308, 2, P0, 36, 236.32 W, 1965 MHz, 3996 MHz, 0 %, 0 MiB
2026/07/31 03:09:42.308, 3, P0, 33, 238.68 W, 1965 MHz, 3996 MHz, 0 %, 0 MiB
2026/07/31 03:09:42.308, 4, P0, 34, 235.85 W, 1965 MHz, 3996 MHz, 0 %, 0 MiB
2026/07/31 03:09:42.308, 5, P0, 36, 244.29 W, 1965 MHz, 3996 MHz, 0 %, 0 MiB
2026/07/31 03:09:42.308, 6, P0, 33, 242.40 W, 1965 MHz, 3996 MHz, 0 %, 0 MiB
2026/07/31 03:09:42.308, 7, P0, 37, 243.34 W, 1965 MHz, 3996 MHz, 0 %, 0 MiB
2026/07/31 03:09:43.308, 0, P0, 37, 273.99 W, 1965 MHz, 3996 MHz, 13 %, 166935 MiB
2026/07/31 03:09:43.308, 1, P0, 34, 273.34 W, 1965 MHz, 3996 MHz, 37 %, 166935 MiB
2026/07/31 03:09:43.308, 2, P0, 36, 236.42 W, 1965 MHz, 3996 MHz, 0 %, 0 MiB
2026/07/31 03:09:43.308, 3, P0, 33, 238.71 W, 1965 MHz, 3996 MHz, 0 %, 0 MiB
2026/07/31 03:09:43.308, 4, P0, 34, 235.82 W, 1965 MHz, 3996 MHz, 0 %, 0 MiB
2026/07/31 03:09:43.308, 5, P0, 36, 244.38 W, 1965 MHz, 3996 MHz, 0 %, 0 MiB
2026/07/31 03:09:43.308, 6, P0, 33, 242.41 W, 1965 MHz, 3996 MHz, 0 %, 0 MiB
2026/07/31 03:09:43.308, 7, P0, 37, 243.34 W, 1965 MHz, 3996 MHz, 0 %, 0 MiB
2026/07/31 03:09:44.309, 0, P0, 37, 273.66 W, 1965 MHz, 3996 MHz, 13 %, 166935 MiB
2026/07/31 03:09:44.309, 1, P0, 34, 273.45 W, 1965 MHz, 3996 MHz, 42 %, 166935 MiB
2026/07/31 03:09:44.309, 2, P0, 36, 236.24 W, 1965 MHz, 3996 MHz, 0 %, 0 MiB
2026/07/31 03:09:44.309, 3, P0, 33, 238.64 W, 1965 MHz, 3996 MHz, 0 %, 0 MiB
2026/07/31 03:09:44.309, 4, P0, 34, 235.78 W, 1965 MHz, 3996 MHz, 0 %, 0 MiB
2026/07/31 03:09:44.309, 5, P0, 36, 244.27 W, 1965 MHz, 3996 MHz, 0 %, 0 MiB
2026/07/31 03:09:44.309, 6, P0, 33, 242.38 W, 1965 MHz, 3996 MHz, 0 %, 0 MiB
2026/07/31 03:09:44.309, 7, P0, 37, 243.32 W, 1965 MHz, 3996 MHz, 0 %, 0 MiB
2026/07/31 03:09:45.309, 0, P0, 37, 283.88 W, 1965 MHz, 3996 MHz, 22 %, 166937 MiB
2026/07/31 03:09:45.309, 1, P0, 35, 282.63 W, 1965 MHz, 3996 MHz, 32 %, 166937 MiB
2026/07/31 03:09:45.309, 2, P0, 36, 236.31 W, 1965 MHz, 3996 MHz, 0 %, 0 MiB
2026/07/31 03:09:45.309, 3, P0, 33, 238.64 W, 1965 MHz, 3996 MHz, 0 %, 0 MiB
2026/07/31 03:09:45.309, 4, P0, 34, 235.85 W, 1965 MHz, 3996 MHz, 0 %, 0 MiB
2026/07/31 03:09:45.309, 5, P0, 36, 244.31 W, 1965 MHz, 3996 MHz, 0 %, 0 MiB
2026/07/31 03:09:45.309, 6, P0, 33, 242.44 W, 1965 MHz, 3996 MHz, 0 %, 0 MiB
2026/07/31 03:09:45.309, 7, P0, 37, 243.34 W, 1965 MHz, 3996 MHz, 0 %, 0 MiB
2026/07/31 03:09:46.309, 0, P0, 37, 268.27 W, 1965 MHz, 3996 MHz, 12 %, 166937 MiB
2026/07/31 03:09:46.309, 1, P0, 34, 271.69 W, 1965 MHz, 3996 MHz, 35 %, 166937 MiB
2026/07/31 03:09:46.309, 2, P0, 36, 236.32 W, 1965 MHz, 3996 MHz, 0 %, 0 MiB
2026/07/31 03:09:46.309, 3, P0, 33, 238.64 W, 1965 MHz, 3996 MHz, 0 %, 0 MiB
2026/07/31 03:09:46.309, 4, P0, 34, 235.83 W, 1965 MHz, 3996 MHz, 0 %, 0 MiB
2026/07/31 03:09:46.309, 5, P0, 36, 244.35 W, 1965 MHz, 3996 MHz, 0 %, 0 MiB
2026/07/31 03:09:46.309, 6, P0, 33, 242.37 W, 1965 MHz, 3996 MHz, 0 %, 0 MiB
2026/07/31 03:09:46.309, 7, P0, 37, 243.35 W, 1965 MHz, 3996 MHz, 0 %, 0 MiB
2026/07/31 03:09:47.309, 0, P0, 37, 276.93 W, 1965 MHz, 3996 MHz, 11 %, 166937 MiB
2026/07/31 03:09:47.309, 1, P0, 34, 279.26 W, 1965 MHz, 3996 MHz, 36 %, 166937 MiB
2026/07/31 03:09:47.309, 2, P0, 36, 236.32 W, 1965 MHz, 3996 MHz, 0 %, 0 MiB
2026/07/31 03:09:47.309, 3, P0, 33, 238.66 W, 1965 MHz, 3996 MHz, 0 %, 0 MiB
2026/07/31 03:09:47.309, 4, P0, 34, 235.82 W, 1965 MHz, 3996 MHz, 0 %, 0 MiB
2026/07/31 03:09:47.309, 5, P0, 36, 244.26 W, 1965 MHz, 3996 MHz, 0 %, 0 MiB
2026/07/31 03:09:47.309, 6, P0, 33, 242.36 W, 1965 MHz, 3996 MHz, 0 %, 0 MiB
2026/07/31 03:09:47.310, 7, P0, 37, 243.30 W, 1965 MHz, 3996 MHz, 0 %, 0 MiB
2026/07/31 03:09:48.310, 0, P0, 38, 276.07 W, 1965 MHz, 3996 MHz, 11 %, 166937 MiB
2026/07/31 03:09:48.310, 1, P0, 35, 278.16 W, 1965 MHz, 3996 MHz, 47 %, 166937 MiB
2026/07/31 03:09:48.310, 2, P0, 36, 236.32 W, 1965 MHz, 3996 MHz, 0 %, 0 MiB
2026/07/31 03:09:48.310, 3, P0, 33, 238.73 W, 1965 MHz, 3996 MHz, 0 %, 0 MiB
2026/07/31 03:09:48.310, 4, P0, 34, 235.84 W, 1965 MHz, 3996 MHz, 0 %, 0 MiB
2026/07/31 03:09:48.310, 5, P0, 36, 244.26 W, 1965 MHz, 3996 MHz, 0 %, 0 MiB
2026/07/31 03:09:48.310, 6, P0, 33, 242.42 W, 1965 MHz, 3996 MHz, 0 %, 0 MiB
2026/07/31 03:09:48.310, 7, P0, 37, 243.30 W, 1965 MHz, 3996 MHz, 0 %, 0 MiB
2026/07/31 03:09:49.310, 0, P0, 37, 268.66 W, 1965 MHz, 3996 MHz, 12 %, 166937 MiB
2026/07/31 03:09:49.310, 1, P0, 34, 274.92 W, 1965 MHz, 3996 MHz, 48 %, 166937 MiB
2026/07/31 03:09:49.310, 2, P0, 36, 236.29 W, 1965 MHz, 3996 MHz, 0 %, 0 MiB
2026/07/31 03:09:49.310, 3, P0, 33, 238.63 W, 1965 MHz, 3996 MHz, 0 %, 0 MiB
2026/07/31 03:09:49.310, 4, P0, 34, 235.81 W, 1965 MHz, 3996 MHz, 0 %, 0 MiB
2026/07/31 03:09:49.310, 5, P0, 36, 244.29 W, 1965 MHz, 3996 MHz, 0 %, 0 MiB
2026/07/31 03:09:49.310, 6, P0, 33, 242.44 W, 1965 MHz, 3996 MHz, 0 %, 0 MiB
2026/07/31 03:09:49.310, 7, P0, 37, 243.33 W, 1965 MHz, 3996 MHz, 0 %, 0 MiB
2026/07/31 03:09:50.310, 0, P0, 37, 277.71 W, 1965 MHz, 3996 MHz, 11 %, 166937 MiB
2026/07/31 03:09:50.310, 1, P0, 34, 283.56 W, 1965 MHz, 3996 MHz, 41 %, 166937 MiB
2026/07/31 03:09:50.310, 2, P0, 36, 236.37 W, 1965 MHz, 3996 MHz, 0 %, 0 MiB
2026/07/31 03:09:50.310, 3, P0, 33, 238.61 W, 1965 MHz, 3996 MHz, 0 %, 0 MiB
2026/07/31 03:09:50.310, 4, P0, 34, 235.76 W, 1965 MHz, 3996 MHz, 0 %, 0 MiB
2026/07/31 03:09:50.310, 5, P0, 36, 244.33 W, 1965 MHz, 3996 MHz, 0 %, 0 MiB
2026/07/31 03:09:50.310, 6, P0, 33, 242.41 W, 1965 MHz, 3996 MHz, 0 %, 0 MiB
2026/07/31 03:09:50.310, 7, P0, 37, 243.30 W, 1965 MHz, 3996 MHz, 0 %, 0 MiB
2026/07/31 03:09:51.310, 0, P0, 37, 274.01 W, 1965 MHz, 3996 MHz, 12 %, 166937 MiB
2026/07/31 03:09:51.310, 1, P0, 34, 276.00 W, 1965 MHz, 3996 MHz, 42 %, 166937 MiB
2026/07/31 03:09:51.311, 2, P0, 36, 236.36 W, 1965 MHz, 3996 MHz, 0 %, 0 MiB
2026/07/31 03:09:51.311, 3, P0, 33, 238.60 W, 1965 MHz, 3996 MHz, 0 %, 0 MiB
2026/07/31 03:09:51.311, 4, P0, 34, 235.81 W, 1965 MHz, 3996 MHz, 0 %, 0 MiB
2026/07/31 03:09:51.311, 5, P0, 36, 244.39 W, 1965 MHz, 3996 MHz, 0 %, 0 MiB
2026/07/31 03:09:51.311, 6, P0, 33, 242.42 W, 1965 MHz, 3996 MHz, 0 %, 0 MiB
2026/07/31 03:09:51.311, 7, P0, 37, 243.34 W, 1965 MHz, 3996 MHz, 0 %, 0 MiB
2026/07/31 03:09:52.311, 0, P0, 37, 272.77 W, 1965 MHz, 3996 MHz, 12 %, 166937 MiB
2026/07/31 03:09:52.311, 1, P0, 34, 276.74 W, 1965 MHz, 3996 MHz, 34 %, 166937 MiB
2026/07/31 03:09:52.311, 2, P0, 36, 236.32 W, 1965 MHz, 3996 MHz, 0 %, 0 MiB
2026/07/31 03:09:52.311, 3, P0, 33, 238.70 W, 1965 MHz, 3996 MHz, 0 %, 0 MiB
2026/07/31 03:09:52.311, 4, P0, 34, 235.79 W, 1965 MHz, 3996 MHz, 0 %, 0 MiB
2026/07/31 03:09:52.311, 5, P0, 36, 244.40 W, 1965 MHz, 3996 MHz, 0 %, 0 MiB
2026/07/31 03:09:52.311, 6, P0, 33, 242.48 W, 1965 MHz, 3996 MHz, 0 %, 0 MiB
2026/07/31 03:09:52.311, 7, P0, 37, 243.35 W, 1965 MHz, 3996 MHz, 0 %, 0 MiB
2026/07/31 03:09:53.311, 0, P0, 37, 273.97 W, 1965 MHz, 3996 MHz, 12 %, 166937 MiB
2026/07/31 03:09:53.311, 1, P0, 34, 276.65 W, 1965 MHz, 3996 MHz, 35 %, 166937 MiB
2026/07/31 03:09:53.311, 2, P0, 36, 236.35 W, 1965 MHz, 3996 MHz, 0 %, 0 MiB
2026/07/31 03:09:53.311, 3, P0, 33, 238.63 W, 1965 MHz, 3996 MHz, 0 %, 0 MiB
2026/07/31 03:09:53.311, 4, P0, 34, 235.86 W, 1965 MHz, 3996 MHz, 0 %, 0 MiB
2026/07/31 03:09:53.311, 5, P0, 36, 244.38 W, 1965 MHz, 3996 MHz, 0 %, 0 MiB
2026/07/31 03:09:53.311, 6, P0, 33, 242.42 W, 1965 MHz, 3996 MHz, 0 %, 0 MiB
2026/07/31 03:09:53.311, 7, P0, 37, 243.33 W, 1965 MHz, 3996 MHz, 0 %, 0 MiB
2026/07/31 03:09:54.311, 0, P0, 37, 274.45 W, 1965 MHz, 3996 MHz, 12 %, 166937 MiB
2026/07/31 03:09:54.311, 1, P0, 34, 278.15 W, 1965 MHz, 3996 MHz, 42 %, 166937 MiB
2026/07/31 03:09:54.311, 2, P0, 36, 236.23 W, 1965 MHz, 3996 MHz, 0 %, 0 MiB
2026/07/31 03:09:54.311, 3, P0, 33, 238.65 W, 1965 MHz, 3996 MHz, 0 %, 0 MiB
2026/07/31 03:09:54.311, 4, P0, 34, 235.81 W, 1965 MHz, 3996 MHz, 0 %, 0 MiB
2026/07/31 03:09:54.311, 5, P0, 36, 244.37 W, 1965 MHz, 3996 MHz, 0 %, 0 MiB
2026/07/31 03:09:54.311, 6, P0, 33, 242.44 W, 1965 MHz, 3996 MHz, 0 %, 0 MiB
2026/07/31 03:09:54.311, 7, P0, 37, 243.36 W, 1965 MHz, 3996 MHz, 0 %, 0 MiB
2026/07/31 03:09:55.311, 0, P0, 37, 274.44 W, 1965 MHz, 3996 MHz, 12 %, 166937 MiB
2026/07/31 03:09:55.312, 1, P0, 34, 278.45 W, 1965 MHz, 3996 MHz, 43 %, 166937 MiB
2026/07/31 03:09:55.312, 2, P0, 36, 236.26 W, 1965 MHz, 3996 MHz, 0 %, 0 MiB
2026/07/31 03:09:55.312, 3, P0, 33, 238.79 W, 1965 MHz, 3996 MHz, 0 %, 0 MiB
2026/07/31 03:09:55.312, 4, P0, 34, 235.84 W, 1965 MHz, 3996 MHz, 0 %, 0 MiB
2026/07/31 03:09:55.312, 5, P0, 36, 244.39 W, 1965 MHz, 3996 MHz, 0 %, 0 MiB
2026/07/31 03:09:55.312, 6, P0, 33, 242.38 W, 1965 MHz, 3996 MHz, 0 %, 0 MiB
2026/07/31 03:09:55.312, 7, P0, 37, 243.32 W, 1965 MHz, 3996 MHz, 0 %, 0 MiB
2026/07/31 03:09:56.312, 0, P0, 37, 279.89 W, 1965 MHz, 3996 MHz, 16 %, 166937 MiB
2026/07/31 03:09:56.312, 1, P0, 35, 287.13 W, 1965 MHz, 3996 MHz, 53 %, 166937 MiB
2026/07/31 03:09:56.312, 2, P0, 36, 236.28 W, 1965 MHz, 3996 MHz, 0 %, 0 MiB
2026/07/31 03:09:56.312, 3, P0, 33, 238.63 W, 1965 MHz, 3996 MHz, 0 %, 0 MiB
2026/07/31 03:09:56.312, 4, P0, 34, 235.79 W, 1965 MHz, 3996 MHz, 0 %, 0 MiB
2026/07/31 03:09:56.312, 5, P0, 36, 244.33 W, 1965 MHz, 3996 MHz, 0 %, 0 MiB
2026/07/31 03:09:56.312, 6, P0, 33, 242.40 W, 1965 MHz, 3996 MHz, 0 %, 0 MiB
2026/07/31 03:09:56.312, 7, P0, 37, 243.29 W, 1965 MHz, 3996 MHz, 0 %, 0 MiB
2026/07/31 03:09:57.312, 0, P0, 37, 267.49 W, 1965 MHz, 3996 MHz, 12 %, 166937 MiB
2026/07/31 03:09:57.312, 1, P0, 34, 274.01 W, 1965 MHz, 3996 MHz, 50 %, 166937 MiB
2026/07/31 03:09:57.312, 2, P0, 36, 236.22 W, 1965 MHz, 3996 MHz, 0 %, 0 MiB
2026/07/31 03:09:57.312, 3, P0, 33, 238.76 W, 1965 MHz, 3996 MHz, 0 %, 0 MiB
2026/07/31 03:09:57.312, 4, P0, 34, 235.82 W, 1965 MHz, 3996 MHz, 0 %, 0 MiB
2026/07/31 03:09:57.312, 5, P0, 36, 244.38 W, 1965 MHz, 3996 MHz, 0 %, 0 MiB
2026/07/31 03:09:57.312, 6, P0, 33, 242.37 W, 1965 MHz, 3996 MHz, 0 %, 0 MiB
2026/07/31 03:09:57.312, 7, P0, 37, 243.31 W, 1965 MHz, 3996 MHz, 0 %, 0 MiB
2026/07/31 03:09:58.312, 0, P0, 37, 278.47 W, 1965 MHz, 3996 MHz, 11 %, 166937 MiB
2026/07/31 03:09:58.312, 1, P0, 34, 278.36 W, 1965 MHz, 3996 MHz, 33 %, 166937 MiB
2026/07/31 03:09:58.312, 2, P0, 36, 236.20 W, 1965 MHz, 3996 MHz, 0 %, 0 MiB
2026/07/31 03:09:58.312, 3, P0, 33, 238.76 W, 1965 MHz, 3996 MHz, 0 %, 0 MiB
2026/07/31 03:09:58.312, 4, P0, 34, 235.86 W, 1965 MHz, 3996 MHz, 0 %, 0 MiB
2026/07/31 03:09:58.312, 5, P0, 36, 244.44 W, 1965 MHz, 3996 MHz, 0 %, 0 MiB
2026/07/31 03:09:58.312, 6, P0, 33, 242.43 W, 1965 MHz, 3996 MHz, 0 %, 0 MiB
2026/07/31 03:09:58.312, 7, P0, 37, 243.32 W, 1965 MHz, 3996 MHz, 0 %, 0 MiB
2026/07/31 03:09:59.312, 0, P0, 37, 269.39 W, 1965 MHz, 3996 MHz, 12 %, 166937 MiB
2026/07/31 03:09:59.313, 1, P0, 34, 273.13 W, 1965 MHz, 3996 MHz, 39 %, 166937 MiB
2026/07/31 03:09:59.313, 2, P0, 36, 236.30 W, 1965 MHz, 3996 MHz, 0 %, 0 MiB
2026/07/31 03:09:59.313, 3, P0, 33, 238.75 W, 1965 MHz, 3996 MHz, 0 %, 0 MiB
2026/07/31 03:09:59.313, 4, P0, 34, 235.84 W, 1965 MHz, 3996 MHz, 0 %, 0 MiB
2026/07/31 03:09:59.313, 5, P0, 36, 244.43 W, 1965 MHz, 3996 MHz, 0 %, 0 MiB
2026/07/31 03:09:59.313, 6, P0, 33, 242.41 W, 1965 MHz, 3996 MHz, 0 %, 0 MiB
2026/07/31 03:09:59.313, 7, P0, 37, 243.33 W, 1965 MHz, 3996 MHz, 0 %, 0 MiB
2026/07/31 03:10:00.313, 0, P0, 37, 270.60 W, 1965 MHz, 3996 MHz, 12 %, 166937 MiB
2026/07/31 03:10:00.313, 1, P0, 34, 274.36 W, 1965 MHz, 3996 MHz, 42 %, 166937 MiB
2026/07/31 03:10:00.313, 2, P0, 36, 236.33 W, 1965 MHz, 3996 MHz, 0 %, 0 MiB
2026/07/31 03:10:00.313, 3, P0, 33, 238.76 W, 1965 MHz, 3996 MHz, 0 %, 0 MiB
2026/07/31 03:10:00.313, 4, P0, 34, 235.82 W, 1965 MHz, 3996 MHz, 0 %, 0 MiB
2026/07/31 03:10:00.313, 5, P0, 36, 244.40 W, 1965 MHz, 3996 MHz, 0 %, 0 MiB
2026/07/31 03:10:00.313, 6, P0, 33, 242.39 W, 1965 MHz, 3996 MHz, 0 %, 0 MiB
2026/07/31 03:10:00.313, 7, P0, 37, 243.42 W, 1965 MHz, 3996 MHz, 0 %, 0 MiB
2026/07/31 03:10:01.313, 0, P0, 37, 271.98 W, 1965 MHz, 3996 MHz, 12 %, 166937 MiB
2026/07/31 03:10:01.313, 1, P0, 34, 275.01 W, 1965 MHz, 3996 MHz, 46 %, 166937 MiB
2026/07/31 03:10:01.313, 2, P0, 36, 236.25 W, 1965 MHz, 3996 MHz, 0 %, 0 MiB
2026/07/31 03:10:01.313, 3, P0, 33, 238.64 W, 1965 MHz, 3996 MHz, 0 %, 0 MiB
2026/07/31 03:10:01.313, 4, P0, 34, 235.82 W, 1965 MHz, 3996 MHz, 0 %, 0 MiB
2026/07/31 03:10:01.313, 5, P0, 36, 244.35 W, 1965 MHz, 3996 MHz, 0 %, 0 MiB
2026/07/31 03:10:01.313, 6, P0, 33, 242.38 W, 1965 MHz, 3996 MHz, 0 %, 0 MiB
2026/07/31 03:10:01.313, 7, P0, 37, 243.37 W, 1965 MHz, 3996 MHz, 0 %, 0 MiB
2026/07/31 03:10:02.313, 0, P0, 37, 272.29 W, 1965 MHz, 3996 MHz, 12 %, 166937 MiB
2026/07/31 03:10:02.313, 1, P0, 34, 276.11 W, 1965 MHz, 3996 MHz, 33 %, 166937 MiB
2026/07/31 03:10:02.313, 2, P0, 36, 236.34 W, 1965 MHz, 3996 MHz, 0 %, 0 MiB
2026/07/31 03:10:02.313, 3, P0, 33, 238.75 W, 1965 MHz, 3996 MHz, 0 %, 0 MiB
2026/07/31 03:10:02.313, 4, P0, 34, 235.79 W, 1965 MHz, 3996 MHz, 0 %, 0 MiB
2026/07/31 03:10:02.313, 5, P0, 36, 244.39 W, 1965 MHz, 3996 MHz, 0 %, 0 MiB
2026/07/31 03:10:02.313, 6, P0, 33, 242.40 W, 1965 MHz, 3996 MHz, 0 %, 0 MiB
2026/07/31 03:10:02.314, 7, P0, 37, 243.35 W, 1965 MHz, 3996 MHz, 0 %, 0 MiB
2026/07/31 03:10:03.314, 0, P0, 37, 271.66 W, 1965 MHz, 3996 MHz, 12 %, 166937 MiB
2026/07/31 03:10:03.314, 1, P0, 34, 276.84 W, 1965 MHz, 3996 MHz, 37 %, 166937 MiB
2026/07/31 03:10:03.314, 2, P0, 36, 236.26 W, 1965 MHz, 3996 MHz, 0 %, 0 MiB
2026/07/31 03:10:03.314, 3, P0, 33, 238.67 W, 1965 MHz, 3996 MHz, 0 %, 0 MiB
2026/07/31 03:10:03.314, 4, P0, 34, 235.84 W, 1965 MHz, 3996 MHz, 0 %, 0 MiB
2026/07/31 03:10:03.314, 5, P0, 36, 244.34 W, 1965 MHz, 3996 MHz, 0 %, 0 MiB
2026/07/31 03:10:03.314, 6, P0, 33, 242.42 W, 1965 MHz, 3996 MHz, 0 %, 0 MiB
2026/07/31 03:10:03.314, 7, P0, 37, 243.35 W, 1965 MHz, 3996 MHz, 0 %, 0 MiB
2026/07/31 03:10:04.314, 0, P0, 37, 273.07 W, 1965 MHz, 3996 MHz, 12 %, 166937 MiB
2026/07/31 03:10:04.314, 1, P0, 34, 276.66 W, 1965 MHz, 3996 MHz, 38 %, 166937 MiB
2026/07/31 03:10:04.314, 2, P0, 36, 236.21 W, 1965 MHz, 3996 MHz, 0 %, 0 MiB
2026/07/31 03:10:04.314, 3, P0, 33, 238.68 W, 1965 MHz, 3996 MHz, 0 %, 0 MiB
2026/07/31 03:10:04.314, 4, P0, 34, 235.80 W, 1965 MHz, 3996 MHz, 0 %, 0 MiB
2026/07/31 03:10:04.314, 5, P0, 36, 244.30 W, 1965 MHz, 3996 MHz, 0 %, 0 MiB
2026/07/31 03:10:04.314, 6, P0, 33, 242.43 W, 1965 MHz, 3996 MHz, 0 %, 0 MiB
2026/07/31 03:10:04.314, 7, P0, 37, 243.34 W, 1965 MHz, 3996 MHz, 0 %, 0 MiB
2026/07/31 03:10:05.314, 0, P0, 37, 273.58 W, 1965 MHz, 3996 MHz, 12 %, 166937 MiB
2026/07/31 03:10:05.314, 1, P0, 34, 276.44 W, 1965 MHz, 3996 MHz, 40 %, 166937 MiB
2026/07/31 03:10:05.314, 2, P0, 36, 236.19 W, 1965 MHz, 3996 MHz, 0 %, 0 MiB
2026/07/31 03:10:05.314, 3, P0, 33, 238.69 W, 1965 MHz, 3996 MHz, 0 %, 0 MiB
2026/07/31 03:10:05.314, 4, P0, 34, 235.86 W, 1965 MHz, 3996 MHz, 0 %, 0 MiB
2026/07/31 03:10:05.314, 5, P0, 36, 244.36 W, 1965 MHz, 3996 MHz, 0 %, 0 MiB
2026/07/31 03:10:05.314, 6, P0, 33, 242.43 W, 1965 MHz, 3996 MHz, 0 %, 0 MiB
2026/07/31 03:10:05.314, 7, P0, 37, 243.33 W, 1965 MHz, 3996 MHz, 0 %, 0 MiB
2026/07/31 03:10:06.314, 0, P0, 37, 273.57 W, 1965 MHz, 3996 MHz, 12 %, 166937 MiB
2026/07/31 03:10:06.314, 1, P0, 34, 279.53 W, 1965 MHz, 3996 MHz, 46 %, 166937 MiB
2026/07/31 03:10:06.314, 2, P0, 36, 236.29 W, 1965 MHz, 3996 MHz, 0 %, 0 MiB
2026/07/31 03:10:06.315, 3, P0, 33, 238.72 W, 1965 MHz, 3996 MHz, 0 %, 0 MiB
2026/07/31 03:10:06.315, 4, P0, 34, 235.82 W, 1965 MHz, 3996 MHz, 0 %, 0 MiB
2026/07/31 03:10:06.315, 5, P0, 36, 244.34 W, 1965 MHz, 3996 MHz, 0 %, 0 MiB
2026/07/31 03:10:06.315, 6, P0, 33, 242.46 W, 1965 MHz, 3996 MHz, 0 %, 0 MiB
2026/07/31 03:10:06.315, 7, P0, 37, 243.33 W, 1965 MHz, 3996 MHz, 0 %, 0 MiB
2026/07/31 03:10:07.315, 0, P0, 37, 273.51 W, 1965 MHz, 3996 MHz, 12 %, 166937 MiB
2026/07/31 03:10:07.315, 1, P0, 34, 274.02 W, 1965 MHz, 3996 MHz, 43 %, 166937 MiB
2026/07/31 03:10:07.315, 2, P0, 36, 236.28 W, 1965 MHz, 3996 MHz, 0 %, 0 MiB
2026/07/31 03:10:07.315, 3, P0, 33, 238.69 W, 1965 MHz, 3996 MHz, 0 %, 0 MiB
2026/07/31 03:10:07.315, 4, P0, 34, 235.85 W, 1965 MHz, 3996 MHz, 0 %, 0 MiB
2026/07/31 03:10:07.315, 5, P0, 36, 244.39 W, 1965 MHz, 3996 MHz, 0 %, 0 MiB
2026/07/31 03:10:07.315, 6, P0, 33, 242.48 W, 1965 MHz, 3996 MHz, 0 %, 0 MiB
2026/07/31 03:10:07.315, 7, P0, 37, 243.34 W, 1965 MHz, 3996 MHz, 0 %, 0 MiB
2026/07/31 03:10:08.315, 0, P0, 37, 272.29 W, 1965 MHz, 3996 MHz, 12 %, 166937 MiB
2026/07/31 03:10:08.315, 1, P0, 34, 275.33 W, 1965 MHz, 3996 MHz, 38 %, 166937 MiB
2026/07/31 03:10:08.315, 2, P0, 36, 236.24 W, 1965 MHz, 3996 MHz, 0 %, 0 MiB
2026/07/31 03:10:08.315, 3, P0, 33, 238.67 W, 1965 MHz, 3996 MHz, 0 %, 0 MiB
2026/07/31 03:10:08.315, 4, P0, 34, 235.82 W, 1965 MHz, 3996 MHz, 0 %, 0 MiB
2026/07/31 03:10:08.315, 5, P0, 36, 244.43 W, 1965 MHz, 3996 MHz, 0 %, 0 MiB
2026/07/31 03:10:08.315, 6, P0, 33, 242.43 W, 1965 MHz, 3996 MHz, 0 %, 0 MiB
2026/07/31 03:10:08.315, 7, P0, 37, 243.37 W, 1965 MHz, 3996 MHz, 0 %, 0 MiB
2026/07/31 03:10:09.315, 0, P0, 37, 273.76 W, 1965 MHz, 3996 MHz, 12 %, 166937 MiB
2026/07/31 03:10:09.315, 1, P0, 34, 275.04 W, 1965 MHz, 3996 MHz, 44 %, 166937 MiB
2026/07/31 03:10:09.315, 2, P0, 36, 236.19 W, 1965 MHz, 3996 MHz, 0 %, 0 MiB
2026/07/31 03:10:09.315, 3, P0, 33, 238.65 W, 1965 MHz, 3996 MHz, 0 %, 0 MiB
2026/07/31 03:10:09.315, 4, P0, 34, 235.82 W, 1965 MHz, 3996 MHz, 0 %, 0 MiB
2026/07/31 03:10:09.315, 5, P0, 36, 244.43 W, 1965 MHz, 3996 MHz, 0 %, 0 MiB
2026/07/31 03:10:09.315, 6, P0, 33, 242.39 W, 1965 MHz, 3996 MHz, 0 %, 0 MiB
2026/07/31 03:10:09.315, 7, P0, 37, 243.36 W, 1965 MHz, 3996 MHz, 0 %, 0 MiB
2026/07/31 03:10:10.316, 0, P0, 37, 272.16 W, 1965 MHz, 3996 MHz, 12 %, 166937 MiB
2026/07/31 03:10:10.316, 1, P0, 34, 275.67 W, 1965 MHz, 3996 MHz, 39 %, 166937 MiB
2026/07/31 03:10:10.316, 2, P0, 36, 236.26 W, 1965 MHz, 3996 MHz, 0 %, 0 MiB
2026/07/31 03:10:10.316, 3, P0, 33, 238.68 W, 1965 MHz, 3996 MHz, 0 %, 0 MiB
2026/07/31 03:10:10.316, 4, P0, 34, 235.78 W, 1965 MHz, 3996 MHz, 0 %, 0 MiB
2026/07/31 03:10:10.316, 5, P0, 36, 244.44 W, 1965 MHz, 3996 MHz, 0 %, 0 MiB
2026/07/31 03:10:10.316, 6, P0, 33, 242.43 W, 1965 MHz, 3996 MHz, 0 %, 0 MiB
2026/07/31 03:10:10.316, 7, P0, 37, 243.33 W, 1965 MHz, 3996 MHz, 0 %, 0 MiB
2026/07/31 03:10:11.316, 0, P0, 37, 272.64 W, 1965 MHz, 3996 MHz, 12 %, 166937 MiB
2026/07/31 03:10:11.316, 1, P0, 34, 275.92 W, 1965 MHz, 3996 MHz, 36 %, 166937 MiB
2026/07/31 03:10:11.316, 2, P0, 36, 236.28 W, 1965 MHz, 3996 MHz, 0 %, 0 MiB
2026/07/31 03:10:11.316, 3, P0, 33, 238.78 W, 1965 MHz, 3996 MHz, 0 %, 0 MiB
2026/07/31 03:10:11.316, 4, P0, 34, 235.87 W, 1965 MHz, 3996 MHz, 0 %, 0 MiB
2026/07/31 03:10:11.316, 5, P0, 36, 244.54 W, 1965 MHz, 3996 MHz, 0 %, 0 MiB
2026/07/31 03:10:11.316, 6, P0, 33, 242.41 W, 1965 MHz, 3996 MHz, 0 %, 0 MiB
2026/07/31 03:10:11.316, 7, P0, 37, 243.34 W, 1965 MHz, 3996 MHz, 0 %, 0 MiB
2026/07/31 03:10:12.316, 0, P0, 37, 272.56 W, 1965 MHz, 3996 MHz, 12 %, 166937 MiB
2026/07/31 03:10:12.316, 1, P0, 34, 278.17 W, 1965 MHz, 3996 MHz, 51 %, 166937 MiB
2026/07/31 03:10:12.316, 2, P0, 36, 236.30 W, 1965 MHz, 3996 MHz, 0 %, 0 MiB
2026/07/31 03:10:12.316, 3, P0, 33, 238.67 W, 1965 MHz, 3996 MHz, 0 %, 0 MiB
2026/07/31 03:10:12.316, 4, P0, 34, 235.81 W, 1965 MHz, 3996 MHz, 0 %, 0 MiB
2026/07/31 03:10:12.316, 5, P0, 36, 244.38 W, 1965 MHz, 3996 MHz, 0 %, 0 MiB
2026/07/31 03:10:12.316, 6, P0, 33, 242.42 W, 1965 MHz, 3996 MHz, 0 %, 0 MiB
2026/07/31 03:10:12.316, 7, P0, 37, 243.29 W, 1965 MHz, 3996 MHz, 0 %, 0 MiB
2026/07/31 03:10:13.316, 0, P0, 37, 275.16 W, 1965 MHz, 3996 MHz, 12 %, 166937 MiB
2026/07/31 03:10:13.316, 1, P0, 34, 278.95 W, 1965 MHz, 3996 MHz, 47 %, 166937 MiB
2026/07/31 03:10:13.316, 2, P0, 36, 236.29 W, 1965 MHz, 3996 MHz, 0 %, 0 MiB
2026/07/31 03:10:13.317, 3, P0, 33, 238.73 W, 1965 MHz, 3996 MHz, 0 %, 0 MiB
2026/07/31 03:10:13.317, 4, P0, 34, 235.76 W, 1965 MHz, 3996 MHz, 0 %, 0 MiB
2026/07/31 03:10:13.317, 5, P0, 36, 244.38 W, 1965 MHz, 3996 MHz, 0 %, 0 MiB
2026/07/31 03:10:13.317, 6, P0, 33, 242.45 W, 1965 MHz, 3996 MHz, 0 %, 0 MiB
2026/07/31 03:10:13.317, 7, P0, 37, 243.29 W, 1965 MHz, 3996 MHz, 0 %, 0 MiB
2026/07/31 03:10:14.317, 0, P0, 37, 271.64 W, 1965 MHz, 3996 MHz, 12 %, 166937 MiB
2026/07/31 03:10:14.317, 1, P0, 34, 277.19 W, 1965 MHz, 3996 MHz, 38 %, 166937 MiB
2026/07/31 03:10:14.317, 2, P0, 36, 236.24 W, 1965 MHz, 3996 MHz, 0 %, 0 MiB
2026/07/31 03:10:14.317, 3, P0, 33, 238.81 W, 1965 MHz, 3996 MHz, 0 %, 0 MiB
2026/07/31 03:10:14.317, 4, P0, 34, 235.79 W, 1965 MHz, 3996 MHz, 0 %, 0 MiB
2026/07/31 03:10:14.317, 5, P0, 36, 244.43 W, 1965 MHz, 3996 MHz, 0 %, 0 MiB
2026/07/31 03:10:14.317, 6, P0, 33, 242.42 W, 1965 MHz, 3996 MHz, 0 %, 0 MiB
2026/07/31 03:10:14.317, 7, P0, 37, 243.36 W, 1965 MHz, 3996 MHz, 0 %, 0 MiB
2026/07/31 03:10:15.317, 0, P0, 37, 273.29 W, 1965 MHz, 3996 MHz, 12 %, 166937 MiB
2026/07/31 03:10:15.317, 1, P0, 34, 279.22 W, 1965 MHz, 3996 MHz, 39 %, 166937 MiB
2026/07/31 03:10:15.317, 2, P0, 36, 236.23 W, 1965 MHz, 3996 MHz, 0 %, 0 MiB
2026/07/31 03:10:15.317, 3, P0, 33, 238.80 W, 1965 MHz, 3996 MHz, 0 %, 0 MiB
2026/07/31 03:10:15.317, 4, P0, 34, 235.79 W, 1965 MHz, 3996 MHz, 0 %, 0 MiB
2026/07/31 03:10:15.317, 5, P0, 36, 244.28 W, 1965 MHz, 3996 MHz, 0 %, 0 MiB
2026/07/31 03:10:15.317, 6, P0, 33, 242.40 W, 1965 MHz, 3996 MHz, 0 %, 0 MiB
2026/07/31 03:10:15.317, 7, P0, 37, 243.34 W, 1965 MHz, 3996 MHz, 0 %, 0 MiB
2026/07/31 03:10:16.317, 0, P0, 37, 273.74 W, 1965 MHz, 3996 MHz, 12 %, 166937 MiB
2026/07/31 03:10:16.317, 1, P0, 34, 279.92 W, 1965 MHz, 3996 MHz, 50 %, 166937 MiB
2026/07/31 03:10:16.317, 2, P0, 36, 236.27 W, 1965 MHz, 3996 MHz, 0 %, 0 MiB
2026/07/31 03:10:16.317, 3, P0, 33, 238.77 W, 1965 MHz, 3996 MHz, 0 %, 0 MiB
2026/07/31 03:10:16.317, 4, P0, 34, 235.80 W, 1965 MHz, 3996 MHz, 0 %, 0 MiB
2026/07/31 03:10:16.317, 5, P0, 36, 244.31 W, 1965 MHz, 3996 MHz, 0 %, 0 MiB
2026/07/31 03:10:16.317, 6, P0, 33, 242.45 W, 1965 MHz, 3996 MHz, 0 %, 0 MiB
2026/07/31 03:10:16.317, 7, P0, 37, 243.38 W, 1965 MHz, 3996 MHz, 0 %, 0 MiB
2026/07/31 03:10:17.318, 0, P0, 37, 274.20 W, 1965 MHz, 3996 MHz, 12 %, 166937 MiB
2026/07/31 03:10:17.318, 1, P0, 34, 275.66 W, 1965 MHz, 3996 MHz, 38 %, 166937 MiB
2026/07/31 03:10:17.318, 2, P0, 36, 236.26 W, 1965 MHz, 3996 MHz, 0 %, 0 MiB
2026/07/31 03:10:17.318, 3, P0, 33, 238.69 W, 1965 MHz, 3996 MHz, 0 %, 0 MiB
2026/07/31 03:10:17.318, 4, P0, 34, 235.79 W, 1965 MHz, 3996 MHz, 0 %, 0 MiB
2026/07/31 03:10:17.318, 5, P0, 36, 244.35 W, 1965 MHz, 3996 MHz, 0 %, 0 MiB
2026/07/31 03:10:17.318, 6, P0, 33, 242.43 W, 1965 MHz, 3996 MHz, 0 %, 0 MiB
2026/07/31 03:10:17.318, 7, P0, 37, 243.34 W, 1965 MHz, 3996 MHz, 0 %, 0 MiB
2026/07/31 03:10:18.318, 0, P0, 37, 273.48 W, 1965 MHz, 3996 MHz, 12 %, 166937 MiB
2026/07/31 03:10:18.318, 1, P0, 34, 278.11 W, 1965 MHz, 3996 MHz, 48 %, 166937 MiB
2026/07/31 03:10:18.318, 2, P0, 36, 236.23 W, 1965 MHz, 3996 MHz, 0 %, 0 MiB
2026/07/31 03:10:18.318, 3, P0, 33, 238.80 W, 1965 MHz, 3996 MHz, 0 %, 0 MiB
2026/07/31 03:10:18.318, 4, P0, 34, 235.79 W, 1965 MHz, 3996 MHz, 0 %, 0 MiB
2026/07/31 03:10:18.318, 5, P0, 36, 244.47 W, 1965 MHz, 3996 MHz, 0 %, 0 MiB
2026/07/31 03:10:18.318, 6, P0, 33, 242.40 W, 1965 MHz, 3996 MHz, 0 %, 0 MiB
2026/07/31 03:10:18.318, 7, P0, 37, 243.37 W, 1965 MHz, 3996 MHz, 0 %, 0 MiB
2026/07/31 03:10:19.318, 0, P0, 37, 273.94 W, 1965 MHz, 3996 MHz, 12 %, 166937 MiB
2026/07/31 03:10:19.318, 1, P0, 34, 279.43 W, 1965 MHz, 3996 MHz, 43 %, 166937 MiB
2026/07/31 03:10:19.318, 2, P0, 36, 236.29 W, 1965 MHz, 3996 MHz, 0 %, 0 MiB
2026/07/31 03:10:19.318, 3, P0, 33, 238.70 W, 1965 MHz, 3996 MHz, 0 %, 0 MiB
2026/07/31 03:10:19.318, 4, P0, 34, 235.80 W, 1965 MHz, 3996 MHz, 0 %, 0 MiB
2026/07/31 03:10:19.318, 5, P0, 36, 244.38 W, 1965 MHz, 3996 MHz, 0 %, 0 MiB
2026/07/31 03:10:19.318, 6, P0, 33, 242.39 W, 1965 MHz, 3996 MHz, 0 %, 0 MiB
2026/07/31 03:10:19.318, 7, P0, 37, 243.35 W, 1965 MHz, 3996 MHz, 0 %, 0 MiB
2026/07/31 03:10:20.318, 0, P0, 37, 273.98 W, 1965 MHz, 3996 MHz, 12 %, 166937 MiB
2026/07/31 03:10:20.318, 1, P0, 34, 277.14 W, 1965 MHz, 3996 MHz, 45 %, 166937 MiB
2026/07/31 03:10:20.318, 2, P0, 36, 236.19 W, 1965 MHz, 3996 MHz, 0 %, 0 MiB
2026/07/31 03:10:20.318, 3, P0, 33, 238.69 W, 1965 MHz, 3996 MHz, 0 %, 0 MiB
2026/07/31 03:10:20.318, 4, P0, 34, 235.84 W, 1965 MHz, 3996 MHz, 0 %, 0 MiB
2026/07/31 03:10:20.319, 5, P0, 36, 244.28 W, 1965 MHz, 3996 MHz, 0 %, 0 MiB
2026/07/31 03:10:20.319, 6, P0, 33, 242.35 W, 1965 MHz, 3996 MHz, 0 %, 0 MiB
2026/07/31 03:10:20.319, 7, P0, 37, 243.30 W, 1965 MHz, 3996 MHz, 0 %, 0 MiB
2026/07/31 03:10:21.319, 0, P0, 37, 272.80 W, 1965 MHz, 3996 MHz, 12 %, 166937 MiB
2026/07/31 03:10:21.319, 1, P0, 34, 276.24 W, 1965 MHz, 3996 MHz, 38 %, 166937 MiB
2026/07/31 03:10:21.319, 2, P0, 36, 236.25 W, 1965 MHz, 3996 MHz, 0 %, 0 MiB
2026/07/31 03:10:21.319, 3, P0, 33, 238.70 W, 1965 MHz, 3996 MHz, 0 %, 0 MiB
2026/07/31 03:10:21.319, 4, P0, 34, 235.76 W, 1965 MHz, 3996 MHz, 0 %, 0 MiB
2026/07/31 03:10:21.319, 5, P0, 36, 244.37 W, 1965 MHz, 3996 MHz, 0 %, 0 MiB
2026/07/31 03:10:21.319, 6, P0, 33, 242.40 W, 1965 MHz, 3996 MHz, 0 %, 0 MiB
2026/07/31 03:10:21.319, 7, P0, 37, 243.31 W, 1965 MHz, 3996 MHz, 0 %, 0 MiB
2026/07/31 03:10:22.319, 0, P0, 37, 274.44 W, 1965 MHz, 3996 MHz, 13 %, 166937 MiB
2026/07/31 03:10:22.319, 1, P0, 34, 280.20 W, 1965 MHz, 3996 MHz, 40 %, 166937 MiB
2026/07/31 03:10:22.319, 2, P0, 36, 236.26 W, 1965 MHz, 3996 MHz, 0 %, 0 MiB
2026/07/31 03:10:22.319, 3, P0, 33, 238.74 W, 1965 MHz, 3996 MHz, 0 %, 0 MiB
2026/07/31 03:10:22.319, 4, P0, 33, 235.79 W, 1965 MHz, 3996 MHz, 0 %, 0 MiB
2026/07/31 03:10:22.319, 5, P0, 36, 244.29 W, 1965 MHz, 3996 MHz, 0 %, 0 MiB
2026/07/31 03:10:22.319, 6, P0, 33, 242.45 W, 1965 MHz, 3996 MHz, 0 %, 0 MiB
2026/07/31 03:10:22.319, 7, P0, 37, 243.35 W, 1965 MHz, 3996 MHz, 0 %, 0 MiB
2026/07/31 03:10:23.319, 0, P0, 38, 407.99 W, 1965 MHz, 3996 MHz, 12 %, 166937 MiB
2026/07/31 03:10:23.319, 1, P0, 36, 405.42 W, 1965 MHz, 3996 MHz, 36 %, 166937 MiB
2026/07/31 03:10:23.319, 2, P0, 36, 236.24 W, 1965 MHz, 3996 MHz, 0 %, 0 MiB
2026/07/31 03:10:23.319, 3, P0, 33, 238.67 W, 1965 MHz, 3996 MHz, 0 %, 0 MiB
2026/07/31 03:10:23.319, 4, P0, 33, 235.76 W, 1965 MHz, 3996 MHz, 0 %, 0 MiB
2026/07/31 03:10:23.319, 5, P0, 36, 244.33 W, 1965 MHz, 3996 MHz, 0 %, 0 MiB
2026/07/31 03:10:23.319, 6, P0, 33, 242.45 W, 1965 MHz, 3996 MHz, 0 %, 0 MiB
2026/07/31 03:10:23.319, 7, P0, 37, 243.32 W, 1965 MHz, 3996 MHz, 0 %, 0 MiB
2026/07/31 03:10:24.320, 0, P0, 37, 275.82 W, 1965 MHz, 3996 MHz, 12 %, 166937 MiB
2026/07/31 03:10:24.320, 1, P0, 35, 277.71 W, 1965 MHz, 3996 MHz, 39 %, 166937 MiB
2026/07/31 03:10:24.320, 2, P0, 36, 236.18 W, 1965 MHz, 3996 MHz, 0 %, 0 MiB
2026/07/31 03:10:24.320, 3, P0, 33, 238.73 W, 1965 MHz, 3996 MHz, 0 %, 0 MiB
2026/07/31 03:10:24.320, 4, P0, 33, 235.76 W, 1965 MHz, 3996 MHz, 0 %, 0 MiB
2026/07/31 03:10:24.320, 5, P0, 36, 244.30 W, 1965 MHz, 3996 MHz, 0 %, 0 MiB
2026/07/31 03:10:24.320, 6, P0, 33, 242.46 W, 1965 MHz, 3996 MHz, 0 %, 0 MiB
2026/07/31 03:10:24.320, 7, P0, 37, 243.35 W, 1965 MHz, 3996 MHz, 0 %, 0 MiB
2026/07/31 03:10:25.320, 0, P0, 38, 401.78 W, 1965 MHz, 3996 MHz, 12 %, 166937 MiB
2026/07/31 03:10:25.320, 1, P0, 35, 413.80 W, 1965 MHz, 3996 MHz, 33 %, 166937 MiB
2026/07/31 03:10:25.320, 2, P0, 36, 236.17 W, 1965 MHz, 3996 MHz, 0 %, 0 MiB
2026/07/31 03:10:25.320, 3, P0, 33, 238.63 W, 1965 MHz, 3996 MHz, 0 %, 0 MiB
2026/07/31 03:10:25.320, 4, P0, 33, 235.77 W, 1965 MHz, 3996 MHz, 0 %, 0 MiB
2026/07/31 03:10:25.320, 5, P0, 36, 244.33 W, 1965 MHz, 3996 MHz, 0 %, 0 MiB
2026/07/31 03:10:25.320, 6, P0, 33, 242.49 W, 1965 MHz, 3996 MHz, 0 %, 0 MiB
2026/07/31 03:10:25.320, 7, P0, 37, 243.31 W, 1965 MHz, 3996 MHz, 0 %, 0 MiB
2026/07/31 03:10:26.320, 0, P0, 45, 370.69 W, 1732 MHz, 3996 MHz, 60 %, 166937 MiB
2026/07/31 03:10:26.320, 1, P0, 42, 390.61 W, 1785 MHz, 3996 MHz, 69 %, 166937 MiB
2026/07/31 03:10:26.320, 2, P0, 36, 236.12 W, 1965 MHz, 3996 MHz, 0 %, 0 MiB
2026/07/31 03:10:26.320, 3, P0, 33, 238.63 W, 1965 MHz, 3996 MHz, 0 %, 0 MiB
2026/07/31 03:10:26.320, 4, P0, 33, 235.70 W, 1965 MHz, 3996 MHz, 0 %, 0 MiB
2026/07/31 03:10:26.320, 5, P0, 36, 244.26 W, 1965 MHz, 3996 MHz, 0 %, 0 MiB
2026/07/31 03:10:26.320, 6, P0, 33, 242.44 W, 1965 MHz, 3996 MHz, 0 %, 0 MiB
2026/07/31 03:10:26.320, 7, P0, 37, 243.32 W, 1965 MHz, 3996 MHz, 0 %, 0 MiB
2026/07/31 03:10:27.320, 0, P0, 37, 314.73 W, 1965 MHz, 3996 MHz, 12 %, 166937 MiB
2026/07/31 03:10:27.320, 1, P0, 35, 310.85 W, 1965 MHz, 3996 MHz, 50 %, 166937 MiB
2026/07/31 03:10:27.320, 2, P0, 36, 236.19 W, 1965 MHz, 3996 MHz, 0 %, 0 MiB
2026/07/31 03:10:27.320, 3, P0, 33, 238.68 W, 1965 MHz, 3996 MHz, 0 %, 0 MiB
2026/07/31 03:10:27.320, 4, P0, 33, 235.74 W, 1965 MHz, 3996 MHz, 0 %, 0 MiB
2026/07/31 03:10:27.320, 5, P0, 36, 244.23 W, 1965 MHz, 3996 MHz, 0 %, 0 MiB
2026/07/31 03:10:27.321, 6, P0, 33, 242.39 W, 1965 MHz, 3996 MHz, 0 %, 0 MiB
2026/07/31 03:10:27.321, 7, P0, 37, 243.30 W, 1965 MHz, 3996 MHz, 0 %, 0 MiB
2026/07/31 03:10:28.321, 0, P0, 39, 400.98 W, 1965 MHz, 3996 MHz, 12 %, 166937 MiB
2026/07/31 03:10:28.321, 1, P0, 36, 409.82 W, 1965 MHz, 3996 MHz, 52 %, 166937 MiB
2026/07/31 03:10:28.321, 2, P0, 36, 236.16 W, 1965 MHz, 3996 MHz, 0 %, 0 MiB
2026/07/31 03:10:28.321, 3, P0, 33, 238.68 W, 1965 MHz, 3996 MHz, 0 %, 0 MiB
2026/07/31 03:10:28.321, 4, P0, 33, 235.76 W, 1965 MHz, 3996 MHz, 0 %, 0 MiB
2026/07/31 03:10:28.321, 5, P0, 36, 244.22 W, 1965 MHz, 3996 MHz, 0 %, 0 MiB
2026/07/31 03:10:28.321, 6, P0, 33, 242.36 W, 1965 MHz, 3996 MHz, 0 %, 0 MiB
2026/07/31 03:10:28.321, 7, P0, 37, 243.27 W, 1965 MHz, 3996 MHz, 0 %, 0 MiB
2026/07/31 03:10:29.321, 0, P0, 37, 271.84 W, 1965 MHz, 3996 MHz, 12 %, 166937 MiB
2026/07/31 03:10:29.321, 1, P0, 35, 278.44 W, 1965 MHz, 3996 MHz, 52 %, 166937 MiB
2026/07/31 03:10:29.321, 2, P0, 36, 236.12 W, 1965 MHz, 3996 MHz, 0 %, 0 MiB
2026/07/31 03:10:29.321, 3, P0, 33, 238.69 W, 1965 MHz, 3996 MHz, 0 %, 0 MiB
2026/07/31 03:10:29.321, 4, P0, 33, 235.71 W, 1965 MHz, 3996 MHz, 0 %, 0 MiB
2026/07/31 03:10:29.321, 5, P0, 36, 244.30 W, 1965 MHz, 3996 MHz, 0 %, 0 MiB
2026/07/31 03:10:29.321, 6, P0, 33, 242.41 W, 1965 MHz, 3996 MHz, 0 %, 0 MiB
2026/07/31 03:10:29.321, 7, P0, 37, 243.28 W, 1965 MHz, 3996 MHz, 0 %, 0 MiB
2026/07/31 03:10:30.321, 0, P0, 37, 272.17 W, 1965 MHz, 3996 MHz, 12 %, 166937 MiB
2026/07/31 03:10:30.321, 1, P0, 35, 279.30 W, 1965 MHz, 3996 MHz, 43 %, 166937 MiB
2026/07/31 03:10:30.321, 2, P0, 36, 236.19 W, 1965 MHz, 3996 MHz, 0 %, 0 MiB
2026/07/31 03:10:30.321, 3, P0, 33, 238.64 W, 1965 MHz, 3996 MHz, 0 %, 0 MiB
2026/07/31 03:10:30.321, 4, P0, 34, 235.81 W, 1965 MHz, 3996 MHz, 0 %, 0 MiB
2026/07/31 03:10:30.321, 5, P0, 36, 244.23 W, 1965 MHz, 3996 MHz, 0 %, 0 MiB
2026/07/31 03:10:30.321, 6, P0, 33, 242.36 W, 1965 MHz, 3996 MHz, 0 %, 0 MiB
2026/07/31 03:10:30.321, 7, P0, 37, 243.29 W, 1965 MHz, 3996 MHz, 0 %, 0 MiB
2026/07/31 03:10:31.321, 0, P0, 37, 273.89 W, 1965 MHz, 3996 MHz, 12 %, 166937 MiB
2026/07/31 03:10:31.321, 1, P0, 35, 277.14 W, 1965 MHz, 3996 MHz, 45 %, 166937 MiB
2026/07/31 03:10:31.322, 2, P0, 36, 236.22 W, 1965 MHz, 3996 MHz, 0 %, 0 MiB
2026/07/31 03:10:31.322, 3, P0, 33, 238.68 W, 1965 MHz, 3996 MHz, 0 %, 0 MiB
2026/07/31 03:10:31.322, 4, P0, 33, 235.84 W, 1965 MHz, 3996 MHz, 0 %, 0 MiB
2026/07/31 03:10:31.322, 5, P0, 36, 244.23 W, 1965 MHz, 3996 MHz, 0 %, 0 MiB
2026/07/31 03:10:31.322, 6, P0, 33, 242.33 W, 1965 MHz, 3996 MHz, 0 %, 0 MiB
2026/07/31 03:10:31.322, 7, P0, 37, 243.34 W, 1965 MHz, 3996 MHz, 0 %, 0 MiB
2026/07/31 03:10:32.322, 0, P0, 37, 272.49 W, 1965 MHz, 3996 MHz, 12 %, 166937 MiB
2026/07/31 03:10:32.322, 1, P0, 35, 280.76 W, 1965 MHz, 3996 MHz, 53 %, 166937 MiB
2026/07/31 03:10:32.322, 2, P0, 36, 236.18 W, 1965 MHz, 3996 MHz, 0 %, 0 MiB
2026/07/31 03:10:32.322, 3, P0, 33, 238.64 W, 1965 MHz, 3996 MHz, 0 %, 0 MiB
2026/07/31 03:10:32.322, 4, P0, 33, 235.80 W, 1965 MHz, 3996 MHz, 0 %, 0 MiB
2026/07/31 03:10:32.322, 5, P0, 36, 244.33 W, 1965 MHz, 3996 MHz, 0 %, 0 MiB
2026/07/31 03:10:32.322, 6, P0, 33, 242.38 W, 1965 MHz, 3996 MHz, 0 %, 0 MiB
2026/07/31 03:10:32.322, 7, P0, 37, 243.32 W, 1965 MHz, 3996 MHz, 0 %, 0 MiB
2026/07/31 03:10:33.322, 0, P0, 37, 270.90 W, 1965 MHz, 3996 MHz, 12 %, 166937 MiB
2026/07/31 03:10:33.322, 1, P0, 35, 278.76 W, 1965 MHz, 3996 MHz, 52 %, 166937 MiB
2026/07/31 03:10:33.322, 2, P0, 36, 236.23 W, 1965 MHz, 3996 MHz, 0 %, 0 MiB
2026/07/31 03:10:33.322, 3, P0, 33, 238.61 W, 1965 MHz, 3996 MHz, 0 %, 0 MiB
2026/07/31 03:10:33.322, 4, P0, 33, 235.73 W, 1965 MHz, 3996 MHz, 0 %, 0 MiB
2026/07/31 03:10:33.322, 5, P0, 36, 244.29 W, 1965 MHz, 3996 MHz, 0 %, 0 MiB
2026/07/31 03:10:33.322, 6, P0, 33, 242.34 W, 1965 MHz, 3996 MHz, 0 %, 0 MiB
2026/07/31 03:10:33.322, 7, P0, 37, 243.32 W, 1965 MHz, 3996 MHz, 0 %, 0 MiB
2026/07/31 03:10:34.322, 0, P0, 43, 299.69 W, 1965 MHz, 3996 MHz, 12 %, 166937 MiB
2026/07/31 03:10:34.322, 1, P0, 36, 322.17 W, 1965 MHz, 3996 MHz, 57 %, 166937 MiB
2026/07/31 03:10:34.322, 2, P0, 36, 236.21 W, 1965 MHz, 3996 MHz, 0 %, 0 MiB
2026/07/31 03:10:34.322, 3, P0, 33, 238.60 W, 1965 MHz, 3996 MHz, 0 %, 0 MiB
2026/07/31 03:10:34.322, 4, P0, 33, 235.70 W, 1965 MHz, 3996 MHz, 0 %, 0 MiB
2026/07/31 03:10:34.322, 5, P0, 36, 244.34 W, 1965 MHz, 3996 MHz, 0 %, 0 MiB
2026/07/31 03:10:34.322, 6, P0, 33, 242.37 W, 1965 MHz, 3996 MHz, 0 %, 0 MiB
2026/07/31 03:10:34.323, 7, P0, 37, 243.35 W, 1965 MHz, 3996 MHz, 0 %, 0 MiB
2026/07/31 03:10:35.323, 0, P0, 37, 379.20 W, 1965 MHz, 3996 MHz, 12 %, 166937 MiB
2026/07/31 03:10:35.323, 1, P0, 35, 383.79 W, 1965 MHz, 3996 MHz, 55 %, 166937 MiB
2026/07/31 03:10:35.323, 2, P0, 36, 236.27 W, 1965 MHz, 3996 MHz, 0 %, 0 MiB
2026/07/31 03:10:35.323, 3, P0, 33, 238.51 W, 1965 MHz, 3996 MHz, 0 %, 0 MiB
2026/07/31 03:10:35.323, 4, P0, 33, 235.78 W, 1965 MHz, 3996 MHz, 0 %, 0 MiB
2026/07/31 03:10:35.323, 5, P0, 36, 244.24 W, 1965 MHz, 3996 MHz, 0 %, 0 MiB
2026/07/31 03:10:35.323, 6, P0, 33, 242.35 W, 1965 MHz, 3996 MHz, 0 %, 0 MiB
2026/07/31 03:10:35.323, 7, P0, 37, 243.29 W, 1965 MHz, 3996 MHz, 0 %, 0 MiB
2026/07/31 03:10:36.323, 0, P0, 39, 405.76 W, 1965 MHz, 3996 MHz, 12 %, 166937 MiB
2026/07/31 03:10:36.323, 1, P0, 37, 407.59 W, 1965 MHz, 3996 MHz, 50 %, 166937 MiB
2026/07/31 03:10:36.323, 2, P0, 36, 236.22 W, 1965 MHz, 3996 MHz, 0 %, 0 MiB
2026/07/31 03:10:36.323, 3, P0, 33, 238.49 W, 1965 MHz, 3996 MHz, 0 %, 0 MiB
2026/07/31 03:10:36.323, 4, P0, 33, 235.77 W, 1965 MHz, 3996 MHz, 0 %, 0 MiB
2026/07/31 03:10:36.323, 5, P0, 36, 244.27 W, 1965 MHz, 3996 MHz, 0 %, 0 MiB
2026/07/31 03:10:36.323, 6, P0, 33, 242.32 W, 1965 MHz, 3996 MHz, 0 %, 0 MiB
2026/07/31 03:10:36.323, 7, P0, 37, 243.21 W, 1965 MHz, 3996 MHz, 0 %, 0 MiB
2026/07/31 03:10:37.323, 0, P0, 37, 274.39 W, 1965 MHz, 3996 MHz, 12 %, 166937 MiB
2026/07/31 03:10:37.323, 1, P0, 35, 280.20 W, 1965 MHz, 3996 MHz, 49 %, 166937 MiB
2026/07/31 03:10:37.323, 2, P0, 36, 236.24 W, 1965 MHz, 3996 MHz, 0 %, 0 MiB
2026/07/31 03:10:37.323, 3, P0, 33, 238.58 W, 1965 MHz, 3996 MHz, 0 %, 0 MiB
2026/07/31 03:10:37.323, 4, P0, 33, 235.80 W, 1965 MHz, 3996 MHz, 0 %, 0 MiB
2026/07/31 03:10:37.323, 5, P0, 36, 244.24 W, 1965 MHz, 3996 MHz, 0 %, 0 MiB
2026/07/31 03:10:37.323, 6, P0, 33, 242.38 W, 1965 MHz, 3996 MHz, 0 %, 0 MiB
2026/07/31 03:10:37.323, 7, P0, 37, 243.30 W, 1965 MHz, 3996 MHz, 0 %, 0 MiB
2026/07/31 03:10:38.323, 0, P0, 37, 273.82 W, 1965 MHz, 3996 MHz, 12 %, 166937 MiB
2026/07/31 03:10:38.323, 1, P0, 35, 280.95 W, 1965 MHz, 3996 MHz, 46 %, 166937 MiB
2026/07/31 03:10:38.324, 2, P0, 36, 236.20 W, 1965 MHz, 3996 MHz, 0 %, 0 MiB
2026/07/31 03:10:38.324, 3, P0, 33, 238.65 W, 1965 MHz, 3996 MHz, 0 %, 0 MiB
2026/07/31 03:10:38.324, 4, P0, 33, 235.74 W, 1965 MHz, 3996 MHz, 0 %, 0 MiB
2026/07/31 03:10:38.324, 5, P0, 36, 244.24 W, 1965 MHz, 3996 MHz, 0 %, 0 MiB
2026/07/31 03:10:38.324, 6, P0, 33, 242.41 W, 1965 MHz, 3996 MHz, 0 %, 0 MiB
2026/07/31 03:10:38.324, 7, P0, 37, 243.38 W, 1965 MHz, 3996 MHz, 0 %, 0 MiB
2026/07/31 03:10:39.324, 0, P0, 37, 275.23 W, 1965 MHz, 3996 MHz, 12 %, 166937 MiB
2026/07/31 03:10:39.324, 1, P0, 35, 280.74 W, 1965 MHz, 3996 MHz, 43 %, 166937 MiB
2026/07/31 03:10:39.324, 2, P0, 36, 236.20 W, 1965 MHz, 3996 MHz, 0 %, 0 MiB
2026/07/31 03:10:39.324, 3, P0, 33, 238.60 W, 1965 MHz, 3996 MHz, 0 %, 0 MiB
2026/07/31 03:10:39.324, 4, P0, 33, 235.75 W, 1965 MHz, 3996 MHz, 0 %, 0 MiB
2026/07/31 03:10:39.324, 5, P0, 36, 244.21 W, 1965 MHz, 3996 MHz, 0 %, 0 MiB
2026/07/31 03:10:39.324, 6, P0, 33, 242.47 W, 1965 MHz, 3996 MHz, 0 %, 0 MiB
2026/07/31 03:10:39.324, 7, P0, 37, 243.37 W, 1965 MHz, 3996 MHz, 0 %, 0 MiB
2026/07/31 03:10:40.324, 0, P0, 37, 274.33 W, 1965 MHz, 3996 MHz, 12 %, 166937 MiB
2026/07/31 03:10:40.324, 1, P0, 35, 280.93 W, 1965 MHz, 3996 MHz, 51 %, 166937 MiB
2026/07/31 03:10:40.324, 2, P0, 36, 236.18 W, 1965 MHz, 3996 MHz, 0 %, 0 MiB
2026/07/31 03:10:40.324, 3, P0, 33, 238.61 W, 1965 MHz, 3996 MHz, 0 %, 0 MiB
2026/07/31 03:10:40.324, 4, P0, 33, 235.74 W, 1965 MHz, 3996 MHz, 0 %, 0 MiB
2026/07/31 03:10:40.324, 5, P0, 36, 244.23 W, 1965 MHz, 3996 MHz, 0 %, 0 MiB
2026/07/31 03:10:40.324, 6, P0, 33, 242.41 W, 1965 MHz, 3996 MHz, 0 %, 0 MiB
2026/07/31 03:10:40.324, 7, P0, 37, 243.33 W, 1965 MHz, 3996 MHz, 0 %, 0 MiB
2026/07/31 03:10:41.324, 0, P0, 37, 276.33 W, 1965 MHz, 3996 MHz, 12 %, 166937 MiB
2026/07/31 03:10:41.324, 1, P0, 35, 280.58 W, 1965 MHz, 3996 MHz, 46 %, 166937 MiB
2026/07/31 03:10:41.324, 2, P0, 36, 236.18 W, 1965 MHz, 3996 MHz, 0 %, 0 MiB
2026/07/31 03:10:41.324, 3, P0, 33, 238.58 W, 1965 MHz, 3996 MHz, 0 %, 0 MiB
2026/07/31 03:10:41.324, 4, P0, 33, 235.71 W, 1965 MHz, 3996 MHz, 0 %, 0 MiB
2026/07/31 03:10:41.324, 5, P0, 36, 244.25 W, 1965 MHz, 3996 MHz, 0 %, 0 MiB
2026/07/31 03:10:41.324, 6, P0, 33, 242.41 W, 1965 MHz, 3996 MHz, 0 %, 0 MiB
2026/07/31 03:10:41.324, 7, P0, 37, 243.35 W, 1965 MHz, 3996 MHz, 0 %, 0 MiB
2026/07/31 03:10:42.324, 0, P0, 37, 275.14 W, 1965 MHz, 3996 MHz, 12 %, 166937 MiB
2026/07/31 03:10:42.325, 1, P0, 35, 280.64 W, 1965 MHz, 3996 MHz, 82 %, 166937 MiB
2026/07/31 03:10:42.325, 2, P0, 36, 236.19 W, 1965 MHz, 3996 MHz, 0 %, 0 MiB
2026/07/31 03:10:42.325, 3, P0, 33, 238.54 W, 1965 MHz, 3996 MHz, 0 %, 0 MiB
2026/07/31 03:10:42.325, 4, P0, 33, 235.71 W, 1965 MHz, 3996 MHz, 0 %, 0 MiB
2026/07/31 03:10:42.325, 5, P0, 36, 244.22 W, 1965 MHz, 3996 MHz, 0 %, 0 MiB
2026/07/31 03:10:42.325, 6, P0, 33, 242.40 W, 1965 MHz, 3996 MHz, 0 %, 0 MiB
2026/07/31 03:10:42.325, 7, P0, 37, 243.29 W, 1965 MHz, 3996 MHz, 0 %, 0 MiB
2026/07/31 03:10:43.325, 0, P0, 37, 275.36 W, 1965 MHz, 3996 MHz, 12 %, 166937 MiB
2026/07/31 03:10:43.325, 1, P0, 35, 282.60 W, 1965 MHz, 3996 MHz, 59 %, 166937 MiB
2026/07/31 03:10:43.325, 2, P0, 36, 236.20 W, 1965 MHz, 3996 MHz, 0 %, 0 MiB
2026/07/31 03:10:43.325, 3, P0, 33, 238.62 W, 1965 MHz, 3996 MHz, 0 %, 0 MiB
2026/07/31 03:10:43.325, 4, P0, 33, 235.71 W, 1965 MHz, 3996 MHz, 0 %, 0 MiB
2026/07/31 03:10:43.325, 5, P0, 36, 244.24 W, 1965 MHz, 3996 MHz, 0 %, 0 MiB
2026/07/31 03:10:43.325, 6, P0, 33, 242.38 W, 1965 MHz, 3996 MHz, 0 %, 0 MiB
2026/07/31 03:10:43.325, 7, P0, 37, 243.29 W, 1965 MHz, 3996 MHz, 0 %, 0 MiB
2026/07/31 03:10:44.325, 0, P0, 37, 273.86 W, 1965 MHz, 3996 MHz, 12 %, 166937 MiB
2026/07/31 03:10:44.325, 1, P0, 35, 277.62 W, 1965 MHz, 3996 MHz, 49 %, 166937 MiB
2026/07/31 03:10:44.325, 2, P0, 36, 236.15 W, 1965 MHz, 3996 MHz, 0 %, 0 MiB
2026/07/31 03:10:44.325, 3, P0, 33, 238.57 W, 1965 MHz, 3996 MHz, 0 %, 0 MiB
2026/07/31 03:10:44.325, 4, P0, 33, 235.75 W, 1965 MHz, 3996 MHz, 0 %, 0 MiB
2026/07/31 03:10:44.325, 5, P0, 36, 244.29 W, 1965 MHz, 3996 MHz, 0 %, 0 MiB
2026/07/31 03:10:44.325, 6, P0, 33, 242.33 W, 1965 MHz, 3996 MHz, 0 %, 0 MiB
2026/07/31 03:10:44.325, 7, P0, 37, 243.26 W, 1965 MHz, 3996 MHz, 0 %, 0 MiB
2026/07/31 03:10:45.325, 0, P0, 37, 274.96 W, 1965 MHz, 3996 MHz, 12 %, 166937 MiB
2026/07/31 03:10:45.325, 1, P0, 34, 277.88 W, 1965 MHz, 3996 MHz, 47 %, 166937 MiB
2026/07/31 03:10:45.325, 2, P0, 36, 236.20 W, 1965 MHz, 3996 MHz, 0 %, 0 MiB
2026/07/31 03:10:45.325, 3, P0, 33, 238.57 W, 1965 MHz, 3996 MHz, 0 %, 0 MiB
2026/07/31 03:10:45.325, 4, P0, 33, 235.79 W, 1965 MHz, 3996 MHz, 0 %, 0 MiB
2026/07/31 03:10:45.325, 5, P0, 36, 244.27 W, 1965 MHz, 3996 MHz, 0 %, 0 MiB
2026/07/31 03:10:45.326, 6, P0, 33, 242.35 W, 1965 MHz, 3996 MHz, 0 %, 0 MiB
2026/07/31 03:10:45.326, 7, P0, 37, 243.31 W, 1965 MHz, 3996 MHz, 0 %, 0 MiB
2026/07/31 03:10:46.326, 0, P0, 37, 275.07 W, 1965 MHz, 3996 MHz, 12 %, 166937 MiB
2026/07/31 03:10:46.326, 1, P0, 34, 279.86 W, 1965 MHz, 3996 MHz, 38 %, 166937 MiB
2026/07/31 03:10:46.326, 2, P0, 36, 236.19 W, 1965 MHz, 3996 MHz, 0 %, 0 MiB
2026/07/31 03:10:46.326, 3, P0, 33, 238.66 W, 1965 MHz, 3996 MHz, 0 %, 0 MiB
2026/07/31 03:10:46.326, 4, P0, 33, 235.71 W, 1965 MHz, 3996 MHz, 0 %, 0 MiB
2026/07/31 03:10:46.326, 5, P0, 36, 244.27 W, 1965 MHz, 3996 MHz, 0 %, 0 MiB
2026/07/31 03:10:46.326, 6, P0, 33, 242.41 W, 1965 MHz, 3996 MHz, 0 %, 0 MiB
2026/07/31 03:10:46.326, 7, P0, 37, 243.33 W, 1965 MHz, 3996 MHz, 0 %, 0 MiB
2026/07/31 03:10:47.326, 0, P0, 37, 275.08 W, 1965 MHz, 3996 MHz, 12 %, 166937 MiB
2026/07/31 03:10:47.326, 1, P0, 34, 277.95 W, 1965 MHz, 3996 MHz, 39 %, 166937 MiB
2026/07/31 03:10:47.326, 2, P0, 36, 236.20 W, 1965 MHz, 3996 MHz, 0 %, 0 MiB
2026/07/31 03:10:47.326, 3, P0, 33, 238.57 W, 1965 MHz, 3996 MHz, 0 %, 0 MiB
2026/07/31 03:10:47.326, 4, P0, 33, 235.71 W, 1965 MHz, 3996 MHz, 0 %, 0 MiB
2026/07/31 03:10:47.326, 5, P0, 36, 244.21 W, 1965 MHz, 3996 MHz, 0 %, 0 MiB
2026/07/31 03:10:47.326, 6, P0, 33, 242.34 W, 1965 MHz, 3996 MHz, 0 %, 0 MiB
2026/07/31 03:10:47.326, 7, P0, 37, 243.32 W, 1965 MHz, 3996 MHz, 0 %, 0 MiB
2026/07/31 03:10:48.326, 0, P0, 37, 276.47 W, 1965 MHz, 3996 MHz, 12 %, 166937 MiB
2026/07/31 03:10:48.326, 1, P0, 34, 278.27 W, 1965 MHz, 3996 MHz, 44 %, 166937 MiB
2026/07/31 03:10:48.326, 2, P0, 36, 236.14 W, 1965 MHz, 3996 MHz, 0 %, 0 MiB
2026/07/31 03:10:48.326, 3, P0, 33, 238.58 W, 1965 MHz, 3996 MHz, 0 %, 0 MiB
2026/07/31 03:10:48.326, 4, P0, 33, 235.70 W, 1965 MHz, 3996 MHz, 0 %, 0 MiB
2026/07/31 03:10:48.326, 5, P0, 36, 244.29 W, 1965 MHz, 3996 MHz, 0 %, 0 MiB
2026/07/31 03:10:48.326, 6, P0, 33, 242.37 W, 1965 MHz, 3996 MHz, 0 %, 0 MiB
2026/07/31 03:10:48.326, 7, P0, 37, 243.37 W, 1965 MHz, 3996 MHz, 0 %, 0 MiB
2026/07/31 03:10:49.326, 0, P0, 37, 277.69 W, 1965 MHz, 3996 MHz, 13 %, 166937 MiB
2026/07/31 03:10:49.326, 1, P0, 34, 279.53 W, 1965 MHz, 3996 MHz, 47 %, 166937 MiB
2026/07/31 03:10:49.326, 2, P0, 36, 236.22 W, 1965 MHz, 3996 MHz, 0 %, 0 MiB
2026/07/31 03:10:49.327, 3, P0, 33, 238.62 W, 1965 MHz, 3996 MHz, 0 %, 0 MiB
2026/07/31 03:10:49.327, 4, P0, 33, 235.62 W, 1965 MHz, 3996 MHz, 0 %, 0 MiB
2026/07/31 03:10:49.327, 5, P0, 36, 244.28 W, 1965 MHz, 3996 MHz, 0 %, 0 MiB
2026/07/31 03:10:49.327, 6, P0, 33, 242.33 W, 1965 MHz, 3996 MHz, 0 %, 0 MiB
2026/07/31 03:10:49.327, 7, P0, 37, 243.36 W, 1965 MHz, 3996 MHz, 0 %, 0 MiB
2026/07/31 03:10:50.327, 0, P0, 37, 274.91 W, 1965 MHz, 3996 MHz, 13 %, 166937 MiB
2026/07/31 03:10:50.327, 1, P0, 34, 279.47 W, 1965 MHz, 3996 MHz, 44 %, 166937 MiB
2026/07/31 03:10:50.327, 2, P0, 36, 236.16 W, 1965 MHz, 3996 MHz, 0 %, 0 MiB
2026/07/31 03:10:50.327, 3, P0, 33, 238.58 W, 1965 MHz, 3996 MHz, 0 %, 0 MiB
2026/07/31 03:10:50.327, 4, P0, 33, 235.71 W, 1965 MHz, 3996 MHz, 0 %, 0 MiB
2026/07/31 03:10:50.327, 5, P0, 36, 244.21 W, 1965 MHz, 3996 MHz, 0 %, 0 MiB
2026/07/31 03:10:50.327, 6, P0, 33, 242.38 W, 1965 MHz, 3996 MHz, 0 %, 0 MiB
2026/07/31 03:10:50.327, 7, P0, 37, 243.31 W, 1965 MHz, 3996 MHz, 0 %, 0 MiB
2026/07/31 03:10:51.327, 0, P0, 37, 274.94 W, 1965 MHz, 3996 MHz, 13 %, 166937 MiB
2026/07/31 03:10:51.327, 1, P0, 34, 280.68 W, 1965 MHz, 3996 MHz, 43 %, 166937 MiB
2026/07/31 03:10:51.327, 2, P0, 36, 236.15 W, 1965 MHz, 3996 MHz, 0 %, 0 MiB
2026/07/31 03:10:51.327, 3, P0, 33, 238.57 W, 1965 MHz, 3996 MHz, 0 %, 0 MiB
2026/07/31 03:10:51.327, 4, P0, 33, 235.69 W, 1965 MHz, 3996 MHz, 0 %, 0 MiB
2026/07/31 03:10:51.327, 5, P0, 36, 244.16 W, 1965 MHz, 3996 MHz, 0 %, 0 MiB
2026/07/31 03:10:51.327, 6, P0, 33, 242.32 W, 1965 MHz, 3996 MHz, 0 %, 0 MiB
2026/07/31 03:10:51.327, 7, P0, 37, 243.32 W, 1965 MHz, 3996 MHz, 0 %, 0 MiB
2026/07/31 03:10:52.327, 0, P0, 37, 276.43 W, 1965 MHz, 3996 MHz, 13 %, 166937 MiB
2026/07/31 03:10:52.327, 1, P0, 34, 280.46 W, 1965 MHz, 3996 MHz, 46 %, 166937 MiB
2026/07/31 03:10:52.327, 2, P0, 36, 236.19 W, 1965 MHz, 3996 MHz, 0 %, 0 MiB
2026/07/31 03:10:52.327, 3, P0, 33, 238.62 W, 1965 MHz, 3996 MHz, 0 %, 0 MiB
2026/07/31 03:10:52.327, 4, P0, 33, 235.65 W, 1965 MHz, 3996 MHz, 0 %, 0 MiB
2026/07/31 03:10:52.327, 5, P0, 36, 244.16 W, 1965 MHz, 3996 MHz, 0 %, 0 MiB
2026/07/31 03:10:52.327, 6, P0, 33, 242.39 W, 1965 MHz, 3996 MHz, 0 %, 0 MiB
2026/07/31 03:10:52.327, 7, P0, 37, 243.32 W, 1965 MHz, 3996 MHz, 0 %, 0 MiB
2026/07/31 03:10:53.328, 0, P0, 37, 275.59 W, 1965 MHz, 3996 MHz, 13 %, 166937 MiB
2026/07/31 03:10:53.328, 1, P0, 34, 280.03 W, 1965 MHz, 3996 MHz, 41 %, 166937 MiB
2026/07/31 03:10:53.328, 2, P0, 36, 236.23 W, 1965 MHz, 3996 MHz, 0 %, 0 MiB
2026/07/31 03:10:53.328, 3, P0, 33, 238.50 W, 1965 MHz, 3996 MHz, 0 %, 0 MiB
2026/07/31 03:10:53.328, 4, P0, 33, 235.70 W, 1965 MHz, 3996 MHz, 0 %, 0 MiB
2026/07/31 03:10:53.328, 5, P0, 36, 244.21 W, 1965 MHz, 3996 MHz, 0 %, 0 MiB
2026/07/31 03:10:53.328, 6, P0, 33, 242.36 W, 1965 MHz, 3996 MHz, 0 %, 0 MiB
2026/07/31 03:10:53.328, 7, P0, 37, 243.28 W, 1965 MHz, 3996 MHz, 0 %, 0 MiB
2026/07/31 03:10:54.328, 0, P0, 37, 276.99 W, 1965 MHz, 3996 MHz, 13 %, 166937 MiB
2026/07/31 03:10:54.328, 1, P0, 34, 281.43 W, 1965 MHz, 3996 MHz, 50 %, 166937 MiB
2026/07/31 03:10:54.328, 2, P0, 36, 236.23 W, 1965 MHz, 3996 MHz, 0 %, 0 MiB
2026/07/31 03:10:54.328, 3, P0, 33, 238.47 W, 1965 MHz, 3996 MHz, 0 %, 0 MiB
2026/07/31 03:10:54.328, 4, P0, 33, 235.73 W, 1965 MHz, 3996 MHz, 0 %, 0 MiB
2026/07/31 03:10:54.328, 5, P0, 36, 244.24 W, 1965 MHz, 3996 MHz, 0 %, 0 MiB
2026/07/31 03:10:54.328, 6, P0, 33, 242.35 W, 1965 MHz, 3996 MHz, 0 %, 0 MiB
2026/07/31 03:10:54.328, 7, P0, 37, 243.25 W, 1965 MHz, 3996 MHz, 0 %, 0 MiB
2026/07/31 03:10:55.328, 0, P0, 37, 276.21 W, 1965 MHz, 3996 MHz, 13 %, 166937 MiB
2026/07/31 03:10:55.328, 1, P0, 34, 283.65 W, 1965 MHz, 3996 MHz, 48 %, 166937 MiB
2026/07/31 03:10:55.328, 2, P0, 36, 236.26 W, 1965 MHz, 3996 MHz, 0 %, 0 MiB
2026/07/31 03:10:55.328, 3, P0, 33, 238.43 W, 1965 MHz, 3996 MHz, 0 %, 0 MiB
2026/07/31 03:10:55.328, 4, P0, 33, 235.70 W, 1965 MHz, 3996 MHz, 0 %, 0 MiB
2026/07/31 03:10:55.328, 5, P0, 36, 244.31 W, 1965 MHz, 3996 MHz, 0 %, 0 MiB
2026/07/31 03:10:55.328, 6, P0, 33, 242.41 W, 1965 MHz, 3996 MHz, 0 %, 0 MiB
2026/07/31 03:10:55.328, 7, P0, 37, 243.31 W, 1965 MHz, 3996 MHz, 0 %, 0 MiB
2026/07/31 03:10:56.328, 0, P0, 37, 276.26 W, 1965 MHz, 3996 MHz, 13 %, 166937 MiB
2026/07/31 03:10:56.328, 1, P0, 34, 282.23 W, 1965 MHz, 3996 MHz, 41 %, 166937 MiB
2026/07/31 03:10:56.328, 2, P0, 36, 236.18 W, 1965 MHz, 3996 MHz, 0 %, 0 MiB
2026/07/31 03:10:56.328, 3, P0, 33, 238.49 W, 1965 MHz, 3996 MHz, 0 %, 0 MiB
2026/07/31 03:10:56.328, 4, P0, 33, 235.66 W, 1965 MHz, 3996 MHz, 0 %, 0 MiB
2026/07/31 03:10:56.328, 5, P0, 36, 244.22 W, 1965 MHz, 3996 MHz, 0 %, 0 MiB
2026/07/31 03:10:56.328, 6, P0, 33, 242.44 W, 1965 MHz, 3996 MHz, 0 %, 0 MiB
2026/07/31 03:10:56.329, 7, P0, 37, 243.34 W, 1965 MHz, 3996 MHz, 0 %, 0 MiB
2026/07/31 03:10:57.329, 0, P0, 37, 275.46 W, 1965 MHz, 3996 MHz, 13 %, 166937 MiB
2026/07/31 03:10:57.329, 1, P0, 34, 280.98 W, 1965 MHz, 3996 MHz, 54 %, 166937 MiB
2026/07/31 03:10:57.329, 2, P0, 36, 236.16 W, 1965 MHz, 3996 MHz, 0 %, 0 MiB
2026/07/31 03:10:57.329, 3, P0, 33, 238.54 W, 1965 MHz, 3996 MHz, 0 %, 0 MiB
2026/07/31 03:10:57.329, 4, P0, 33, 235.60 W, 1965 MHz, 3996 MHz, 0 %, 0 MiB
2026/07/31 03:10:57.329, 5, P0, 36, 244.26 W, 1965 MHz, 3996 MHz, 0 %, 0 MiB
2026/07/31 03:10:57.329, 6, P0, 33, 242.38 W, 1965 MHz, 3996 MHz, 0 %, 0 MiB
2026/07/31 03:10:57.329, 7, P0, 37, 243.34 W, 1965 MHz, 3996 MHz, 0 %, 0 MiB
2026/07/31 03:10:58.329, 0, P0, 37, 277.31 W, 1965 MHz, 3996 MHz, 13 %, 166937 MiB
2026/07/31 03:10:58.329, 1, P0, 34, 282.03 W, 1965 MHz, 3996 MHz, 63 %, 166937 MiB
2026/07/31 03:10:58.329, 2, P0, 36, 236.15 W, 1965 MHz, 3996 MHz, 0 %, 0 MiB
2026/07/31 03:10:58.329, 3, P0, 33, 238.49 W, 1965 MHz, 3996 MHz, 0 %, 0 MiB
2026/07/31 03:10:58.329, 4, P0, 33, 235.64 W, 1965 MHz, 3996 MHz, 0 %, 0 MiB
2026/07/31 03:10:58.329, 5, P0, 36, 244.23 W, 1965 MHz, 3996 MHz, 0 %, 0 MiB
2026/07/31 03:10:58.329, 6, P0, 33, 242.32 W, 1965 MHz, 3996 MHz, 0 %, 0 MiB
2026/07/31 03:10:58.329, 7, P0, 37, 243.36 W, 1965 MHz, 3996 MHz, 0 %, 0 MiB
2026/07/31 03:10:59.329, 0, P0, 37, 276.46 W, 1965 MHz, 3996 MHz, 13 %, 166937 MiB
2026/07/31 03:10:59.329, 1, P0, 34, 282.28 W, 1965 MHz, 3996 MHz, 58 %, 166937 MiB
2026/07/31 03:10:59.329, 2, P0, 36, 236.12 W, 1965 MHz, 3996 MHz, 0 %, 0 MiB
2026/07/31 03:10:59.329, 3, P0, 33, 238.58 W, 1965 MHz, 3996 MHz, 0 %, 0 MiB
2026/07/31 03:10:59.329, 4, P0, 33, 235.65 W, 1965 MHz, 3996 MHz, 0 %, 0 MiB
2026/07/31 03:10:59.329, 5, P0, 36, 244.17 W, 1965 MHz, 3996 MHz, 0 %, 0 MiB
2026/07/31 03:10:59.329, 6, P0, 33, 242.36 W, 1965 MHz, 3996 MHz, 0 %, 0 MiB
2026/07/31 03:10:59.329, 7, P0, 37, 243.32 W, 1965 MHz, 3996 MHz, 0 %, 0 MiB
2026/07/31 03:11:00.329, 0, P0, 37, 277.75 W, 1965 MHz, 3996 MHz, 26 %, 166937 MiB
2026/07/31 03:11:00.329, 1, P0, 34, 281.65 W, 1965 MHz, 3996 MHz, 45 %, 166937 MiB
2026/07/31 03:11:00.329, 2, P0, 36, 236.22 W, 1965 MHz, 3996 MHz, 0 %, 0 MiB
2026/07/31 03:11:00.330, 3, P0, 33, 238.54 W, 1965 MHz, 3996 MHz, 0 %, 0 MiB
2026/07/31 03:11:00.330, 4, P0, 33, 235.70 W, 1965 MHz, 3996 MHz, 0 %, 0 MiB
2026/07/31 03:11:00.330, 5, P0, 36, 244.25 W, 1965 MHz, 3996 MHz, 0 %, 0 MiB
2026/07/31 03:11:00.330, 6, P0, 33, 242.40 W, 1965 MHz, 3996 MHz, 0 %, 0 MiB
2026/07/31 03:11:00.330, 7, P0, 37, 243.23 W, 1965 MHz, 3996 MHz, 0 %, 0 MiB
2026/07/31 03:11:01.330, 0, P0, 37, 276.12 W, 1965 MHz, 3996 MHz, 13 %, 173803 MiB
2026/07/31 03:11:01.330, 1, P0, 34, 280.93 W, 1965 MHz, 3996 MHz, 47 %, 173803 MiB
2026/07/31 03:11:01.330, 2, P0, 36, 236.24 W, 1965 MHz, 3996 MHz, 0 %, 0 MiB
2026/07/31 03:11:01.330, 3, P0, 33, 238.55 W, 1965 MHz, 3996 MHz, 0 %, 0 MiB
2026/07/31 03:11:01.330, 4, P0, 33, 235.70 W, 1965 MHz, 3996 MHz, 0 %, 0 MiB
2026/07/31 03:11:01.330, 5, P0, 36, 244.22 W, 1965 MHz, 3996 MHz, 0 %, 0 MiB
2026/07/31 03:11:01.330, 6, P0, 33, 242.40 W, 1965 MHz, 3996 MHz, 0 %, 0 MiB
2026/07/31 03:11:01.330, 7, P0, 37, 243.28 W, 1965 MHz, 3996 MHz, 0 %, 0 MiB
2026/07/31 03:11:02.330, 0, P0, 42, 797.25 W, 1965 MHz, 3996 MHz, 15 %, 173803 MiB
2026/07/31 03:11:02.330, 1, P0, 39, 804.15 W, 1965 MHz, 3996 MHz, 47 %, 173803 MiB
2026/07/31 03:11:02.330, 2, P0, 36, 236.28 W, 1965 MHz, 3996 MHz, 0 %, 0 MiB
2026/07/31 03:11:02.330, 3, P0, 33, 238.48 W, 1965 MHz, 3996 MHz, 0 %, 0 MiB
2026/07/31 03:11:02.330, 4, P0, 33, 235.72 W, 1965 MHz, 3996 MHz, 0 %, 0 MiB
2026/07/31 03:11:02.330, 5, P0, 36, 244.15 W, 1965 MHz, 3996 MHz, 0 %, 0 MiB
2026/07/31 03:11:02.330, 6, P0, 33, 242.26 W, 1965 MHz, 3996 MHz, 0 %, 0 MiB
2026/07/31 03:11:02.330, 7, P0, 37, 243.11 W, 1965 MHz, 3996 MHz, 0 %, 0 MiB
2026/07/31 03:11:03.330, 0, P0, 38, 290.46 W, 1965 MHz, 3996 MHz, 15 %, 173803 MiB
2026/07/31 03:11:03.330, 1, P0, 36, 296.84 W, 1965 MHz, 3996 MHz, 60 %, 173803 MiB
2026/07/31 03:11:03.330, 2, P0, 36, 236.20 W, 1965 MHz, 3996 MHz, 0 %, 0 MiB
2026/07/31 03:11:03.330, 3, P0, 33, 238.60 W, 1965 MHz, 3996 MHz, 0 %, 0 MiB
2026/07/31 03:11:03.330, 4, P0, 33, 235.66 W, 1965 MHz, 3996 MHz, 0 %, 0 MiB
2026/07/31 03:11:03.330, 5, P0, 36, 244.23 W, 1965 MHz, 3996 MHz, 0 %, 0 MiB
2026/07/31 03:11:03.330, 6, P0, 33, 242.40 W, 1965 MHz, 3996 MHz, 0 %, 0 MiB
2026/07/31 03:11:03.330, 7, P0, 37, 243.27 W, 1965 MHz, 3996 MHz, 0 %, 0 MiB
2026/07/31 03:11:04.330, 0, P0, 50, 787.47 W, 1755 MHz, 3996 MHz, 100 %, 173803 MiB
2026/07/31 03:11:04.331, 1, P0, 47, 798.67 W, 1755 MHz, 3996 MHz, 100 %, 173803 MiB
2026/07/31 03:11:04.331, 2, P0, 36, 236.29 W, 1965 MHz, 3996 MHz, 0 %, 0 MiB
2026/07/31 03:11:04.331, 3, P0, 33, 238.60 W, 1965 MHz, 3996 MHz, 0 %, 0 MiB
2026/07/31 03:11:04.331, 4, P0, 33, 235.67 W, 1965 MHz, 3996 MHz, 0 %, 0 MiB
2026/07/31 03:11:04.331, 5, P0, 36, 244.21 W, 1965 MHz, 3996 MHz, 0 %, 0 MiB
2026/07/31 03:11:04.331, 6, P0, 33, 242.30 W, 1965 MHz, 3996 MHz, 0 %, 0 MiB
2026/07/31 03:11:04.331, 7, P0, 37, 243.18 W, 1965 MHz, 3996 MHz, 0 %, 0 MiB
2026/07/31 03:11:05.331, 0, P0, 39, 334.93 W, 1965 MHz, 3996 MHz, 15 %, 173803 MiB
2026/07/31 03:11:05.331, 1, P0, 36, 311.74 W, 1965 MHz, 3996 MHz, 75 %, 173803 MiB
2026/07/31 03:11:05.331, 2, P0, 36, 236.32 W, 1965 MHz, 3996 MHz, 0 %, 0 MiB
2026/07/31 03:11:05.331, 3, P0, 33, 238.41 W, 1965 MHz, 3996 MHz, 0 %, 0 MiB
2026/07/31 03:11:05.331, 4, P0, 33, 235.66 W, 1965 MHz, 3996 MHz, 0 %, 0 MiB
2026/07/31 03:11:05.331, 5, P0, 36, 244.16 W, 1965 MHz, 3996 MHz, 0 %, 0 MiB
2026/07/31 03:11:05.331, 6, P0, 33, 242.30 W, 1965 MHz, 3996 MHz, 0 %, 0 MiB
2026/07/31 03:11:05.331, 7, P0, 37, 243.21 W, 1965 MHz, 3996 MHz, 0 %, 0 MiB
2026/07/31 03:11:06.331, 0, P0, 50, 591.40 W, 1800 MHz, 3996 MHz, 100 %, 173803 MiB
2026/07/31 03:11:06.331, 1, P0, 46, 626.27 W, 1762 MHz, 3996 MHz, 100 %, 173803 MiB
2026/07/31 03:11:06.331, 2, P0, 36, 236.30 W, 1965 MHz, 3996 MHz, 0 %, 0 MiB
2026/07/31 03:11:06.331, 3, P0, 33, 238.52 W, 1965 MHz, 3996 MHz, 0 %, 0 MiB
2026/07/31 03:11:06.331, 4, P0, 33, 235.71 W, 1965 MHz, 3996 MHz, 0 %, 0 MiB
2026/07/31 03:11:06.331, 5, P0, 36, 244.22 W, 1965 MHz, 3996 MHz, 0 %, 0 MiB
2026/07/31 03:11:06.331, 6, P0, 33, 242.36 W, 1965 MHz, 3996 MHz, 0 %, 0 MiB
2026/07/31 03:11:06.331, 7, P0, 37, 243.27 W, 1965 MHz, 3996 MHz, 0 %, 0 MiB
2026/07/31 03:11:07.331, 0, P0, 40, 522.47 W, 1965 MHz, 3996 MHz, 15 %, 173803 MiB
2026/07/31 03:11:07.331, 1, P0, 37, 488.38 W, 1965 MHz, 3996 MHz, 52 %, 173803 MiB
2026/07/31 03:11:07.331, 2, P0, 36, 236.30 W, 1965 MHz, 3996 MHz, 0 %, 0 MiB
2026/07/31 03:11:07.331, 3, P0, 33, 238.49 W, 1965 MHz, 3996 MHz, 0 %, 0 MiB
2026/07/31 03:11:07.331, 4, P0, 33, 235.62 W, 1965 MHz, 3996 MHz, 0 %, 0 MiB
2026/07/31 03:11:07.332, 5, P0, 36, 244.26 W, 1965 MHz, 3996 MHz, 0 %, 0 MiB
2026/07/31 03:11:07.332, 6, P0, 33, 242.36 W, 1965 MHz, 3996 MHz, 0 %, 0 MiB
2026/07/31 03:11:07.332, 7, P0, 37, 243.28 W, 1965 MHz, 3996 MHz, 0 %, 0 MiB
2026/07/31 03:11:08.332, 0, P0, 47, 412.46 W, 1770 MHz, 3996 MHz, 90 %, 173803 MiB
2026/07/31 03:11:08.332, 1, P0, 45, 445.71 W, 1777 MHz, 3996 MHz, 86 %, 173803 MiB
2026/07/31 03:11:08.332, 2, P0, 36, 236.29 W, 1965 MHz, 3996 MHz, 0 %, 0 MiB
2026/07/31 03:11:08.332, 3, P0, 33, 238.39 W, 1965 MHz, 3996 MHz, 0 %, 0 MiB
2026/07/31 03:11:08.332, 4, P0, 33, 235.73 W, 1965 MHz, 3996 MHz, 0 %, 0 MiB
2026/07/31 03:11:08.332, 5, P0, 36, 244.27 W, 1965 MHz, 3996 MHz, 0 %, 0 MiB
2026/07/31 03:11:08.332, 6, P0, 33, 242.29 W, 1965 MHz, 3996 MHz, 0 %, 0 MiB
2026/07/31 03:11:08.332, 7, P0, 37, 243.31 W, 1965 MHz, 3996 MHz, 0 %, 0 MiB
2026/07/31 03:11:09.332, 0, P0, 41, 696.63 W, 1965 MHz, 3996 MHz, 14 %, 173803 MiB
2026/07/31 03:11:09.332, 1, P0, 38, 657.27 W, 1965 MHz, 3996 MHz, 64 %, 173803 MiB
2026/07/31 03:11:09.332, 2, P0, 36, 236.29 W, 1965 MHz, 3996 MHz, 0 %, 0 MiB
2026/07/31 03:11:09.332, 3, P0, 33, 238.45 W, 1965 MHz, 3996 MHz, 0 %, 0 MiB
2026/07/31 03:11:09.332, 4, P0, 33, 235.68 W, 1965 MHz, 3996 MHz, 0 %, 0 MiB
2026/07/31 03:11:09.332, 5, P0, 36, 244.10 W, 1965 MHz, 3996 MHz, 0 %, 0 MiB
2026/07/31 03:11:09.332, 6, P0, 33, 242.35 W, 1965 MHz, 3996 MHz, 0 %, 0 MiB
2026/07/31 03:11:09.332, 7, P0, 37, 243.15 W, 1965 MHz, 3996 MHz, 0 %, 0 MiB
2026/07/31 03:11:10.332, 0, P0, 39, 292.41 W, 1965 MHz, 3996 MHz, 15 %, 173803 MiB
2026/07/31 03:11:10.332, 1, P0, 36, 297.48 W, 1965 MHz, 3996 MHz, 46 %, 173803 MiB
2026/07/31 03:11:10.332, 2, P0, 36, 236.27 W, 1965 MHz, 3996 MHz, 0 %, 0 MiB
2026/07/31 03:11:10.332, 3, P0, 33, 238.49 W, 1965 MHz, 3996 MHz, 0 %, 0 MiB
2026/07/31 03:11:10.332, 4, P0, 33, 235.68 W, 1965 MHz, 3996 MHz, 0 %, 0 MiB
2026/07/31 03:11:10.332, 5, P0, 36, 244.21 W, 1965 MHz, 3996 MHz, 0 %, 0 MiB
2026/07/31 03:11:10.332, 6, P0, 33, 242.34 W, 1965 MHz, 3996 MHz, 0 %, 0 MiB
2026/07/31 03:11:10.332, 7, P0, 37, 243.28 W, 1965 MHz, 3996 MHz, 0 %, 0 MiB
2026/07/31 03:11:11.333, 0, P0, 39, 293.78 W, 1965 MHz, 3996 MHz, 15 %, 173803 MiB
2026/07/31 03:11:11.333, 1, P0, 36, 296.58 W, 1965 MHz, 3996 MHz, 46 %, 173803 MiB
2026/07/31 03:11:11.333, 2, P0, 36, 236.39 W, 1965 MHz, 3996 MHz, 0 %, 0 MiB
2026/07/31 03:11:11.333, 3, P0, 33, 238.50 W, 1965 MHz, 3996 MHz, 0 %, 0 MiB
2026/07/31 03:11:11.333, 4, P0, 33, 235.69 W, 1965 MHz, 3996 MHz, 0 %, 0 MiB
2026/07/31 03:11:11.333, 5, P0, 36, 244.23 W, 1965 MHz, 3996 MHz, 0 %, 0 MiB
2026/07/31 03:11:11.333, 6, P0, 33, 242.37 W, 1965 MHz, 3996 MHz, 0 %, 0 MiB
2026/07/31 03:11:11.333, 7, P0, 37, 243.33 W, 1965 MHz, 3996 MHz, 0 %, 0 MiB
2026/07/31 03:11:12.333, 0, P0, 38, 291.78 W, 1965 MHz, 3996 MHz, 15 %, 173803 MiB
2026/07/31 03:11:12.333, 1, P0, 36, 300.98 W, 1965 MHz, 3996 MHz, 62 %, 173803 MiB
2026/07/31 03:11:12.333, 2, P0, 36, 236.38 W, 1965 MHz, 3996 MHz, 0 %, 0 MiB
2026/07/31 03:11:12.333, 3, P0, 33, 238.45 W, 1965 MHz, 3996 MHz, 0 %, 0 MiB
2026/07/31 03:11:12.333, 4, P0, 33, 235.66 W, 1965 MHz, 3996 MHz, 0 %, 0 MiB
2026/07/31 03:11:12.333, 5, P0, 36, 244.23 W, 1965 MHz, 3996 MHz, 0 %, 0 MiB
2026/07/31 03:11:12.333, 6, P0, 33, 242.31 W, 1965 MHz, 3996 MHz, 0 %, 0 MiB
2026/07/31 03:11:12.333, 7, P0, 37, 243.33 W, 1965 MHz, 3996 MHz, 0 %, 0 MiB
2026/07/31 03:11:13.333, 0, P0, 38, 292.07 W, 1965 MHz, 3996 MHz, 15 %, 173803 MiB
2026/07/31 03:11:13.333, 1, P0, 36, 295.78 W, 1965 MHz, 3996 MHz, 41 %, 173803 MiB
2026/07/31 03:11:13.333, 2, P0, 36, 236.25 W, 1965 MHz, 3996 MHz, 0 %, 0 MiB
2026/07/31 03:11:13.333, 3, P0, 33, 238.54 W, 1965 MHz, 3996 MHz, 0 %, 0 MiB
2026/07/31 03:11:13.333, 4, P0, 33, 235.66 W, 1965 MHz, 3996 MHz, 0 %, 0 MiB
2026/07/31 03:11:13.333, 5, P0, 36, 244.19 W, 1965 MHz, 3996 MHz, 0 %, 0 MiB
2026/07/31 03:11:13.333, 6, P0, 33, 242.36 W, 1965 MHz, 3996 MHz, 0 %, 0 MiB
2026/07/31 03:11:13.333, 7, P0, 37, 243.29 W, 1965 MHz, 3996 MHz, 0 %, 0 MiB
2026/07/31 03:11:14.333, 0, P0, 38, 290.46 W, 1965 MHz, 3996 MHz, 15 %, 173803 MiB
2026/07/31 03:11:14.333, 1, P0, 36, 292.25 W, 1965 MHz, 3996 MHz, 32 %, 173803 MiB
2026/07/31 03:11:14.333, 2, P0, 36, 236.43 W, 1965 MHz, 3996 MHz, 0 %, 0 MiB
2026/07/31 03:11:14.333, 3, P0, 33, 238.58 W, 1965 MHz, 3996 MHz, 0 %, 0 MiB
2026/07/31 03:11:14.333, 4, P0, 33, 235.70 W, 1965 MHz, 3996 MHz, 0 %, 0 MiB
2026/07/31 03:11:14.334, 5, P0, 36, 244.14 W, 1965 MHz, 3996 MHz, 0 %, 0 MiB
2026/07/31 03:11:14.334, 6, P0, 33, 242.37 W, 1965 MHz, 3996 MHz, 0 %, 0 MiB
2026/07/31 03:11:14.334, 7, P0, 37, 243.30 W, 1965 MHz, 3996 MHz, 0 %, 0 MiB
2026/07/31 03:11:15.334, 0, P0, 46, 402.94 W, 1717 MHz, 3996 MHz, 67 %, 173803 MiB
2026/07/31 03:11:15.334, 1, P0, 43, 431.03 W, 1740 MHz, 3996 MHz, 72 %, 173803 MiB
2026/07/31 03:11:15.334, 2, P0, 37, 236.30 W, 1965 MHz, 3996 MHz, 0 %, 0 MiB
2026/07/31 03:11:15.334, 3, P0, 33, 238.48 W, 1965 MHz, 3996 MHz, 0 %, 0 MiB
2026/07/31 03:11:15.334, 4, P0, 33, 235.72 W, 1965 MHz, 3996 MHz, 0 %, 0 MiB
2026/07/31 03:11:15.334, 5, P0, 36, 244.13 W, 1965 MHz, 3996 MHz, 0 %, 0 MiB
2026/07/31 03:11:15.334, 6, P0, 33, 242.36 W, 1965 MHz, 3996 MHz, 0 %, 0 MiB
2026/07/31 03:11:15.334, 7, P0, 37, 243.26 W, 1965 MHz, 3996 MHz, 0 %, 0 MiB
2026/07/31 03:11:16.334, 0, P0, 41, 693.46 W, 1965 MHz, 3996 MHz, 15 %, 173803 MiB
2026/07/31 03:11:16.334, 1, P0, 38, 679.76 W, 1965 MHz, 3996 MHz, 34 %, 173803 MiB
2026/07/31 03:11:16.334, 2, P0, 37, 236.35 W, 1965 MHz, 3996 MHz, 0 %, 0 MiB
2026/07/31 03:11:16.334, 3, P0, 33, 238.51 W, 1965 MHz, 3996 MHz, 0 %, 0 MiB
2026/07/31 03:11:16.334, 4, P0, 33, 235.74 W, 1965 MHz, 3996 MHz, 0 %, 0 MiB
2026/07/31 03:11:16.334, 5, P0, 36, 244.06 W, 1965 MHz, 3996 MHz, 0 %, 0 MiB
2026/07/31 03:11:16.334, 6, P0, 33, 242.29 W, 1965 MHz, 3996 MHz, 0 %, 0 MiB
2026/07/31 03:11:16.334, 7, P0, 37, 243.19 W, 1965 MHz, 3996 MHz, 0 %, 0 MiB
2026/07/31 03:11:17.334, 0, P0, 39, 296.41 W, 1965 MHz, 3996 MHz, 16 %, 173803 MiB
2026/07/31 03:11:17.334, 1, P0, 36, 298.25 W, 1965 MHz, 3996 MHz, 45 %, 173803 MiB
2026/07/31 03:11:17.334, 2, P0, 37, 236.34 W, 1965 MHz, 3996 MHz, 0 %, 0 MiB
2026/07/31 03:11:17.334, 3, P0, 33, 238.54 W, 1965 MHz, 3996 MHz, 0 %, 0 MiB
2026/07/31 03:11:17.334, 4, P0, 33, 235.65 W, 1965 MHz, 3996 MHz, 0 %, 0 MiB
2026/07/31 03:11:17.334, 5, P0, 36, 244.18 W, 1965 MHz, 3996 MHz, 0 %, 0 MiB
2026/07/31 03:11:17.334, 6, P0, 33, 242.38 W, 1965 MHz, 3996 MHz, 0 %, 0 MiB
2026/07/31 03:11:17.334, 7, P0, 37, 243.23 W, 1965 MHz, 3996 MHz, 0 %, 0 MiB
2026/07/31 03:11:18.334, 0, P0, 43, 812.11 W, 1965 MHz, 3996 MHz, 23 %, 173803 MiB
2026/07/31 03:11:18.335, 1, P0, 41, 788.25 W, 1965 MHz, 3996 MHz, 42 %, 173803 MiB
2026/07/31 03:11:18.335, 2, P0, 37, 236.43 W, 1965 MHz, 3996 MHz, 0 %, 0 MiB
2026/07/31 03:11:18.335, 3, P0, 33, 238.46 W, 1965 MHz, 3996 MHz, 0 %, 0 MiB
2026/07/31 03:11:18.335, 4, P0, 33, 235.72 W, 1965 MHz, 3996 MHz, 0 %, 0 MiB
2026/07/31 03:11:18.335, 5, P0, 36, 244.15 W, 1965 MHz, 3996 MHz, 0 %, 0 MiB
2026/07/31 03:11:18.335, 6, P0, 33, 242.33 W, 1965 MHz, 3996 MHz, 0 %, 0 MiB
2026/07/31 03:11:18.335, 7, P0, 37, 243.21 W, 1965 MHz, 3996 MHz, 0 %, 0 MiB
2026/07/31 03:11:19.335, 0, P0, 39, 290.32 W, 1965 MHz, 3996 MHz, 15 %, 173803 MiB
2026/07/31 03:11:19.335, 1, P0, 36, 292.54 W, 1965 MHz, 3996 MHz, 45 %, 173803 MiB
2026/07/31 03:11:19.335, 2, P0, 37, 236.43 W, 1965 MHz, 3996 MHz, 0 %, 0 MiB
2026/07/31 03:11:19.335, 3, P0, 33, 238.51 W, 1965 MHz, 3996 MHz, 0 %, 0 MiB
2026/07/31 03:11:19.335, 4, P0, 33, 235.71 W, 1965 MHz, 3996 MHz, 0 %, 0 MiB
2026/07/31 03:11:19.335, 5, P0, 36, 244.15 W, 1965 MHz, 3996 MHz, 0 %, 0 MiB
2026/07/31 03:11:19.335, 6, P0, 33, 242.41 W, 1965 MHz, 3996 MHz, 0 %, 0 MiB
2026/07/31 03:11:19.335, 7, P0, 37, 243.24 W, 1965 MHz, 3996 MHz, 0 %, 0 MiB
2026/07/31 03:11:20.335, 0, P0, 39, 291.58 W, 1965 MHz, 3996 MHz, 38 %, 173803 MiB
2026/07/31 03:11:20.335, 1, P0, 36, 294.32 W, 1965 MHz, 3996 MHz, 18 %, 173803 MiB
2026/07/31 03:11:20.335, 2, P0, 37, 236.52 W, 1965 MHz, 3996 MHz, 0 %, 0 MiB
2026/07/31 03:11:20.335, 3, P0, 33, 238.56 W, 1965 MHz, 3996 MHz, 0 %, 0 MiB
2026/07/31 03:11:20.335, 4, P0, 33, 235.67 W, 1965 MHz, 3996 MHz, 0 %, 0 MiB
2026/07/31 03:11:20.335, 5, P0, 36, 244.15 W, 1965 MHz, 3996 MHz, 0 %, 0 MiB
2026/07/31 03:11:20.335, 6, P0, 33, 242.23 W, 1965 MHz, 3996 MHz, 0 %, 0 MiB
2026/07/31 03:11:20.335, 7, P0, 37, 243.23 W, 1965 MHz, 3996 MHz, 0 %, 0 MiB
2026/07/31 03:11:21.335, 0, P0, 39, 293.98 W, 1965 MHz, 3996 MHz, 15 %, 173803 MiB
2026/07/31 03:11:21.335, 1, P0, 36, 292.97 W, 1965 MHz, 3996 MHz, 37 %, 173803 MiB
2026/07/31 03:11:21.335, 2, P0, 37, 236.50 W, 1965 MHz, 3996 MHz, 0 %, 0 MiB
2026/07/31 03:11:21.335, 3, P0, 33, 238.53 W, 1965 MHz, 3996 MHz, 0 %, 0 MiB
2026/07/31 03:11:21.335, 4, P0, 33, 235.70 W, 1965 MHz, 3996 MHz, 0 %, 0 MiB
2026/07/31 03:11:21.336, 5, P0, 36, 244.17 W, 1965 MHz, 3996 MHz, 0 %, 0 MiB
2026/07/31 03:11:21.336, 6, P0, 33, 242.41 W, 1965 MHz, 3996 MHz, 0 %, 0 MiB
2026/07/31 03:11:21.336, 7, P0, 37, 243.28 W, 1965 MHz, 3996 MHz, 0 %, 0 MiB
2026/07/31 03:11:22.336, 0, P0, 38, 293.00 W, 1965 MHz, 3996 MHz, 15 %, 173803 MiB
2026/07/31 03:11:22.336, 1, P0, 36, 293.36 W, 1965 MHz, 3996 MHz, 33 %, 173803 MiB
2026/07/31 03:11:22.336, 2, P0, 37, 236.46 W, 1965 MHz, 3996 MHz, 0 %, 0 MiB
2026/07/31 03:11:22.336, 3, P0, 33, 238.53 W, 1965 MHz, 3996 MHz, 0 %, 0 MiB
2026/07/31 03:11:22.336, 4, P0, 33, 235.66 W, 1965 MHz, 3996 MHz, 0 %, 0 MiB
2026/07/31 03:11:22.336, 5, P0, 36, 244.14 W, 1965 MHz, 3996 MHz, 0 %, 0 MiB
2026/07/31 03:11:22.336, 6, P0, 33, 242.41 W, 1965 MHz, 3996 MHz, 0 %, 0 MiB
2026/07/31 03:11:22.336, 7, P0, 37, 243.21 W, 1965 MHz, 3996 MHz, 0 %, 0 MiB
2026/07/31 03:11:23.336, 0, P0, 38, 291.17 W, 1965 MHz, 3996 MHz, 15 %, 173803 MiB
2026/07/31 03:11:23.336, 1, P0, 36, 293.04 W, 1965 MHz, 3996 MHz, 35 %, 173803 MiB
2026/07/31 03:11:23.336, 2, P0, 37, 236.49 W, 1965 MHz, 3996 MHz, 0 %, 0 MiB
2026/07/31 03:11:23.336, 3, P0, 33, 238.64 W, 1965 MHz, 3996 MHz, 0 %, 0 MiB
2026/07/31 03:11:23.336, 4, P0, 33, 235.66 W, 1965 MHz, 3996 MHz, 0 %, 0 MiB
2026/07/31 03:11:23.336, 5, P0, 36, 244.16 W, 1965 MHz, 3996 MHz, 0 %, 0 MiB
2026/07/31 03:11:23.336, 6, P0, 33, 242.39 W, 1965 MHz, 3996 MHz, 0 %, 0 MiB
2026/07/31 03:11:23.336, 7, P0, 37, 243.32 W, 1965 MHz, 3996 MHz, 0 %, 0 MiB
2026/07/31 03:11:24.336, 0, P0, 38, 291.79 W, 1965 MHz, 3996 MHz, 29 %, 173803 MiB
2026/07/31 03:11:24.336, 1, P0, 35, 294.13 W, 1965 MHz, 3996 MHz, 21 %, 173803 MiB
2026/07/31 03:11:24.336, 2, P0, 37, 236.51 W, 1965 MHz, 3996 MHz, 0 %, 0 MiB
2026/07/31 03:11:24.336, 3, P0, 33, 238.53 W, 1965 MHz, 3996 MHz, 0 %, 0 MiB
2026/07/31 03:11:24.336, 4, P0, 33, 235.65 W, 1965 MHz, 3996 MHz, 0 %, 0 MiB
2026/07/31 03:11:24.336, 5, P0, 36, 244.17 W, 1965 MHz, 3996 MHz, 0 %, 0 MiB
2026/07/31 03:11:24.336, 6, P0, 33, 242.42 W, 1965 MHz, 3996 MHz, 0 %, 0 MiB
2026/07/31 03:11:24.336, 7, P0, 37, 243.30 W, 1965 MHz, 3996 MHz, 0 %, 0 MiB
2026/07/31 03:11:25.336, 0, P0, 38, 290.53 W, 1965 MHz, 3996 MHz, 15 %, 173803 MiB
2026/07/31 03:11:25.337, 1, P0, 35, 292.67 W, 1965 MHz, 3996 MHz, 36 %, 173803 MiB
2026/07/31 03:11:25.337, 2, P0, 37, 236.54 W, 1965 MHz, 3996 MHz, 0 %, 0 MiB
2026/07/31 03:11:25.337, 3, P0, 33, 238.53 W, 1965 MHz, 3996 MHz, 0 %, 0 MiB
2026/07/31 03:11:25.337, 4, P0, 33, 235.59 W, 1965 MHz, 3996 MHz, 0 %, 0 MiB
2026/07/31 03:11:25.337, 5, P0, 36, 244.16 W, 1965 MHz, 3996 MHz, 0 %, 0 MiB
2026/07/31 03:11:25.337, 6, P0, 33, 242.39 W, 1965 MHz, 3996 MHz, 0 %, 0 MiB
2026/07/31 03:11:25.337, 7, P0, 37, 243.32 W, 1965 MHz, 3996 MHz, 0 %, 0 MiB
2026/07/31 03:11:26.337, 0, P0, 38, 289.67 W, 1965 MHz, 3996 MHz, 15 %, 173803 MiB
2026/07/31 03:11:26.337, 1, P0, 35, 293.05 W, 1965 MHz, 3996 MHz, 36 %, 173803 MiB
2026/07/31 03:11:26.337, 2, P0, 37, 236.52 W, 1965 MHz, 3996 MHz, 0 %, 0 MiB
2026/07/31 03:11:26.337, 3, P0, 33, 238.49 W, 1965 MHz, 3996 MHz, 0 %, 0 MiB
2026/07/31 03:11:26.337, 4, P0, 33, 235.69 W, 1965 MHz, 3996 MHz, 0 %, 0 MiB
2026/07/31 03:11:26.337, 5, P0, 36, 244.17 W, 1965 MHz, 3996 MHz, 0 %, 0 MiB
2026/07/31 03:11:26.337, 6, P0, 33, 242.41 W, 1965 MHz, 3996 MHz, 0 %, 0 MiB
2026/07/31 03:11:26.337, 7, P0, 37, 243.32 W, 1965 MHz, 3996 MHz, 0 %, 0 MiB
2026/07/31 03:11:27.337, 0, P0, 38, 291.07 W, 1965 MHz, 3996 MHz, 15 %, 173803 MiB
2026/07/31 03:11:27.337, 1, P0, 35, 292.31 W, 1965 MHz, 3996 MHz, 38 %, 173803 MiB
2026/07/31 03:11:27.337, 2, P0, 37, 236.50 W, 1965 MHz, 3996 MHz, 0 %, 0 MiB
2026/07/31 03:11:27.337, 3, P0, 33, 238.47 W, 1965 MHz, 3996 MHz, 0 %, 0 MiB
2026/07/31 03:11:27.337, 4, P0, 33, 235.58 W, 1965 MHz, 3996 MHz, 0 %, 0 MiB
2026/07/31 03:11:27.337, 5, P0, 36, 244.20 W, 1965 MHz, 3996 MHz, 0 %, 0 MiB
2026/07/31 03:11:27.337, 6, P0, 33, 242.35 W, 1965 MHz, 3996 MHz, 0 %, 0 MiB
2026/07/31 03:11:27.337, 7, P0, 37, 243.24 W, 1965 MHz, 3996 MHz, 0 %, 0 MiB
2026/07/31 03:11:28.337, 0, P0, 38, 291.71 W, 1965 MHz, 3996 MHz, 26 %, 173803 MiB
2026/07/31 03:11:28.337, 1, P0, 35, 290.07 W, 1965 MHz, 3996 MHz, 31 %, 173803 MiB
2026/07/31 03:11:28.337, 2, P0, 37, 236.54 W, 1965 MHz, 3996 MHz, 0 %, 0 MiB
2026/07/31 03:11:28.337, 3, P0, 33, 238.46 W, 1965 MHz, 3996 MHz, 0 %, 0 MiB
2026/07/31 03:11:28.337, 4, P0, 33, 235.60 W, 1965 MHz, 3996 MHz, 0 %, 0 MiB
2026/07/31 03:11:28.337, 5, P0, 36, 244.26 W, 1965 MHz, 3996 MHz, 0 %, 0 MiB
2026/07/31 03:11:28.337, 6, P0, 33, 242.32 W, 1965 MHz, 3996 MHz, 0 %, 0 MiB
2026/07/31 03:11:28.337, 7, P0, 37, 243.22 W, 1965 MHz, 3996 MHz, 0 %, 0 MiB
2026/07/31 03:11:29.337, 0, P0, 38, 290.62 W, 1965 MHz, 3996 MHz, 15 %, 173803 MiB
2026/07/31 03:11:29.338, 1, P0, 35, 292.30 W, 1965 MHz, 3996 MHz, 38 %, 173803 MiB
2026/07/31 03:11:29.338, 2, P0, 37, 236.53 W, 1965 MHz, 3996 MHz, 0 %, 0 MiB
2026/07/31 03:11:29.338, 3, P0, 32, 238.52 W, 1965 MHz, 3996 MHz, 0 %, 0 MiB
2026/07/31 03:11:29.338, 4, P0, 33, 235.63 W, 1965 MHz, 3996 MHz, 0 %, 0 MiB
2026/07/31 03:11:29.338, 5, P0, 36, 244.18 W, 1965 MHz, 3996 MHz, 0 %, 0 MiB
2026/07/31 03:11:29.338, 6, P0, 33, 242.38 W, 1965 MHz, 3996 MHz, 0 %, 0 MiB
2026/07/31 03:11:29.338, 7, P0, 37, 243.29 W, 1965 MHz, 3996 MHz, 0 %, 0 MiB
2026/07/31 03:11:30.338, 0, P0, 38, 291.95 W, 1965 MHz, 3996 MHz, 15 %, 173803 MiB
2026/07/31 03:11:30.338, 1, P0, 35, 293.40 W, 1965 MHz, 3996 MHz, 41 %, 173803 MiB
2026/07/31 03:11:30.338, 2, P0, 37, 236.49 W, 1965 MHz, 3996 MHz, 0 %, 0 MiB
2026/07/31 03:11:30.338, 3, P0, 32, 238.50 W, 1965 MHz, 3996 MHz, 0 %, 0 MiB
2026/07/31 03:11:30.338, 4, P0, 33, 235.68 W, 1965 MHz, 3996 MHz, 0 %, 0 MiB
2026/07/31 03:11:30.338, 5, P0, 36, 244.19 W, 1965 MHz, 3996 MHz, 0 %, 0 MiB
2026/07/31 03:11:30.338, 6, P0, 33, 242.44 W, 1965 MHz, 3996 MHz, 0 %, 0 MiB
2026/07/31 03:11:30.338, 7, P0, 37, 243.26 W, 1965 MHz, 3996 MHz, 0 %, 0 MiB
2026/07/31 03:11:31.338, 0, P0, 38, 291.54 W, 1965 MHz, 3996 MHz, 15 %, 173803 MiB
2026/07/31 03:11:31.338, 1, P0, 35, 293.34 W, 1965 MHz, 3996 MHz, 42 %, 173803 MiB
2026/07/31 03:11:31.338, 2, P0, 37, 236.50 W, 1965 MHz, 3996 MHz, 0 %, 0 MiB
2026/07/31 03:11:31.338, 3, P0, 32, 238.52 W, 1965 MHz, 3996 MHz, 0 %, 0 MiB
2026/07/31 03:11:31.338, 4, P0, 33, 235.67 W, 1965 MHz, 3996 MHz, 0 %, 0 MiB
2026/07/31 03:11:31.338, 5, P0, 36, 244.17 W, 1965 MHz, 3996 MHz, 0 %, 0 MiB
2026/07/31 03:11:31.338, 6, P0, 33, 242.34 W, 1965 MHz, 3996 MHz, 0 %, 0 MiB
2026/07/31 03:11:31.338, 7, P0, 37, 243.31 W, 1965 MHz, 3996 MHz, 0 %, 0 MiB
2026/07/31 03:11:32.338, 0, P0, 38, 290.92 W, 1965 MHz, 3996 MHz, 18 %, 173803 MiB
2026/07/31 03:11:32.338, 1, P0, 35, 291.88 W, 1965 MHz, 3996 MHz, 31 %, 173803 MiB
2026/07/31 03:11:32.338, 2, P0, 37, 236.45 W, 1965 MHz, 3996 MHz, 0 %, 0 MiB
2026/07/31 03:11:32.338, 3, P0, 32, 238.45 W, 1965 MHz, 3996 MHz, 0 %, 0 MiB
2026/07/31 03:11:32.338, 4, P0, 33, 235.65 W, 1965 MHz, 3996 MHz, 0 %, 0 MiB
2026/07/31 03:11:32.338, 5, P0, 36, 244.09 W, 1965 MHz, 3996 MHz, 0 %, 0 MiB
2026/07/31 03:11:32.338, 6, P0, 33, 242.35 W, 1965 MHz, 3996 MHz, 0 %, 0 MiB
2026/07/31 03:11:32.338, 7, P0, 37, 243.18 W, 1965 MHz, 3996 MHz, 0 %, 0 MiB
2026/07/31 03:11:33.339, 0, P0, 38, 291.41 W, 1965 MHz, 3996 MHz, 15 %, 173803 MiB
2026/07/31 03:11:33.339, 1, P0, 35, 288.27 W, 1965 MHz, 3996 MHz, 31 %, 173803 MiB
2026/07/31 03:11:33.339, 2, P0, 37, 236.38 W, 1965 MHz, 3996 MHz, 0 %, 0 MiB
2026/07/31 03:11:33.339, 3, P0, 33, 238.49 W, 1965 MHz, 3996 MHz, 0 %, 0 MiB
2026/07/31 03:11:33.339, 4, P0, 33, 235.58 W, 1965 MHz, 3996 MHz, 0 %, 0 MiB
2026/07/31 03:11:33.339, 5, P0, 36, 244.16 W, 1965 MHz, 3996 MHz, 0 %, 0 MiB
2026/07/31 03:11:33.339, 6, P0, 33, 242.36 W, 1965 MHz, 3996 MHz, 0 %, 0 MiB
2026/07/31 03:11:33.339, 7, P0, 37, 243.19 W, 1965 MHz, 3996 MHz, 0 %, 0 MiB
2026/07/31 03:11:34.339, 0, P0, 38, 289.61 W, 1965 MHz, 3996 MHz, 15 %, 173803 MiB
2026/07/31 03:11:34.339, 1, P0, 35, 293.07 W, 1965 MHz, 3996 MHz, 28 %, 173803 MiB
2026/07/31 03:11:34.339, 2, P0, 37, 236.29 W, 1965 MHz, 3996 MHz, 0 %, 0 MiB
2026/07/31 03:11:34.339, 3, P0, 32, 238.49 W, 1965 MHz, 3996 MHz, 0 %, 0 MiB
2026/07/31 03:11:34.339, 4, P0, 33, 235.62 W, 1965 MHz, 3996 MHz, 0 %, 0 MiB
2026/07/31 03:11:34.339, 5, P0, 36, 244.06 W, 1965 MHz, 3996 MHz, 0 %, 0 MiB
2026/07/31 03:11:34.339, 6, P0, 33, 242.33 W, 1965 MHz, 3996 MHz, 0 %, 0 MiB
2026/07/31 03:11:34.339, 7, P0, 37, 243.13 W, 1965 MHz, 3996 MHz, 0 %, 0 MiB
2026/07/31 03:11:35.339, 0, P0, 38, 290.73 W, 1965 MHz, 3996 MHz, 15 %, 173803 MiB
2026/07/31 03:11:35.339, 1, P0, 35, 292.29 W, 1965 MHz, 3996 MHz, 33 %, 173803 MiB
2026/07/31 03:11:35.339, 2, P0, 37, 236.35 W, 1965 MHz, 3996 MHz, 0 %, 0 MiB
2026/07/31 03:11:35.339, 3, P0, 32, 238.50 W, 1965 MHz, 3996 MHz, 0 %, 0 MiB
2026/07/31 03:11:35.339, 4, P0, 33, 235.62 W, 1965 MHz, 3996 MHz, 0 %, 0 MiB
2026/07/31 03:11:35.339, 5, P0, 36, 244.17 W, 1965 MHz, 3996 MHz, 0 %, 0 MiB
2026/07/31 03:11:35.339, 6, P0, 33, 242.31 W, 1965 MHz, 3996 MHz, 0 %, 0 MiB
2026/07/31 03:11:35.339, 7, P0, 37, 243.17 W, 1965 MHz, 3996 MHz, 0 %, 0 MiB
2026/07/31 03:11:36.339, 0, P0, 38, 289.37 W, 1965 MHz, 3996 MHz, 20 %, 173803 MiB
2026/07/31 03:11:36.339, 1, P0, 35, 291.43 W, 1965 MHz, 3996 MHz, 33 %, 173803 MiB
2026/07/31 03:11:36.339, 2, P0, 37, 236.35 W, 1965 MHz, 3996 MHz, 0 %, 0 MiB
2026/07/31 03:11:36.340, 3, P0, 32, 238.51 W, 1965 MHz, 3996 MHz, 0 %, 0 MiB
2026/07/31 03:11:36.340, 4, P0, 33, 235.64 W, 1965 MHz, 3996 MHz, 0 %, 0 MiB
2026/07/31 03:11:36.340, 5, P0, 36, 244.12 W, 1965 MHz, 3996 MHz, 0 %, 0 MiB
2026/07/31 03:11:36.340, 6, P0, 33, 242.34 W, 1965 MHz, 3996 MHz, 0 %, 0 MiB
2026/07/31 03:11:36.340, 7, P0, 37, 243.17 W, 1965 MHz, 3996 MHz, 0 %, 0 MiB
2026/07/31 03:11:37.340, 0, P0, 38, 290.55 W, 1965 MHz, 3996 MHz, 15 %, 173803 MiB
2026/07/31 03:11:37.340, 1, P0, 35, 294.01 W, 1965 MHz, 3996 MHz, 37 %, 173803 MiB
2026/07/31 03:11:37.340, 2, P0, 37, 236.37 W, 1965 MHz, 3996 MHz, 0 %, 0 MiB
2026/07/31 03:11:37.340, 3, P0, 32, 238.54 W, 1965 MHz, 3996 MHz, 0 %, 0 MiB
2026/07/31 03:11:37.340, 4, P0, 33, 235.64 W, 1965 MHz, 3996 MHz, 0 %, 0 MiB
2026/07/31 03:11:37.340, 5, P0, 36, 244.11 W, 1965 MHz, 3996 MHz, 0 %, 0 MiB
2026/07/31 03:11:37.340, 6, P0, 33, 242.35 W, 1965 MHz, 3996 MHz, 0 %, 0 MiB
2026/07/31 03:11:37.340, 7, P0, 37, 243.23 W, 1965 MHz, 3996 MHz, 0 %, 0 MiB
2026/07/31 03:11:38.340, 0, P0, 38, 291.82 W, 1965 MHz, 3996 MHz, 15 %, 173803 MiB
2026/07/31 03:11:38.340, 1, P0, 35, 292.44 W, 1965 MHz, 3996 MHz, 33 %, 173803 MiB
2026/07/31 03:11:38.340, 2, P0, 37, 236.46 W, 1965 MHz, 3996 MHz, 0 %, 0 MiB
2026/07/31 03:11:38.340, 3, P0, 32, 238.51 W, 1965 MHz, 3996 MHz, 0 %, 0 MiB
2026/07/31 03:11:38.340, 4, P0, 33, 235.61 W, 1965 MHz, 3996 MHz, 0 %, 0 MiB
2026/07/31 03:11:38.340, 5, P0, 36, 244.17 W, 1965 MHz, 3996 MHz, 0 %, 0 MiB
2026/07/31 03:11:38.340, 6, P0, 33, 242.34 W, 1965 MHz, 3996 MHz, 0 %, 0 MiB
2026/07/31 03:11:38.340, 7, P0, 37, 243.26 W, 1965 MHz, 3996 MHz, 0 %, 0 MiB
2026/07/31 03:11:39.340, 0, P0, 38, 290.92 W, 1965 MHz, 3996 MHz, 15 %, 173803 MiB
2026/07/31 03:11:39.340, 1, P0, 35, 292.64 W, 1965 MHz, 3996 MHz, 41 %, 173803 MiB
2026/07/31 03:11:39.340, 2, P0, 37, 236.42 W, 1965 MHz, 3996 MHz, 0 %, 0 MiB
2026/07/31 03:11:39.340, 3, P0, 32, 238.55 W, 1965 MHz, 3996 MHz, 0 %, 0 MiB
2026/07/31 03:11:39.340, 4, P0, 33, 235.60 W, 1965 MHz, 3996 MHz, 0 %, 0 MiB
2026/07/31 03:11:39.340, 5, P0, 36, 244.12 W, 1965 MHz, 3996 MHz, 0 %, 0 MiB
2026/07/31 03:11:39.340, 6, P0, 33, 242.37 W, 1965 MHz, 3996 MHz, 0 %, 0 MiB
2026/07/31 03:11:39.340, 7, P0, 37, 243.30 W, 1965 MHz, 3996 MHz, 0 %, 0 MiB
2026/07/31 03:11:40.341, 0, P0, 38, 293.40 W, 1965 MHz, 3996 MHz, 52 %, 173803 MiB
2026/07/31 03:11:40.341, 1, P0, 35, 294.13 W, 1965 MHz, 3996 MHz, 23 %, 173803 MiB
2026/07/31 03:11:40.341, 2, P0, 37, 236.44 W, 1965 MHz, 3996 MHz, 0 %, 0 MiB
2026/07/31 03:11:40.341, 3, P0, 33, 238.47 W, 1965 MHz, 3996 MHz, 0 %, 0 MiB
2026/07/31 03:11:40.341, 4, P0, 33, 235.54 W, 1965 MHz, 3996 MHz, 0 %, 0 MiB
2026/07/31 03:11:40.341, 5, P0, 36, 244.12 W, 1965 MHz, 3996 MHz, 0 %, 0 MiB
2026/07/31 03:11:40.341, 6, P0, 33, 242.31 W, 1965 MHz, 3996 MHz, 0 %, 0 MiB
2026/07/31 03:11:40.341, 7, P0, 37, 243.34 W, 1965 MHz, 3996 MHz, 0 %, 0 MiB
2026/07/31 03:11:41.341, 0, P0, 38, 293.89 W, 1965 MHz, 3996 MHz, 15 %, 173803 MiB
2026/07/31 03:11:41.341, 1, P0, 35, 291.35 W, 1965 MHz, 3996 MHz, 20 %, 173803 MiB
2026/07/31 03:11:41.341, 2, P0, 36, 236.48 W, 1965 MHz, 3996 MHz, 0 %, 0 MiB
2026/07/31 03:11:41.341, 3, P0, 33, 238.45 W, 1965 MHz, 3996 MHz, 0 %, 0 MiB
2026/07/31 03:11:41.341, 4, P0, 33, 235.52 W, 1965 MHz, 3996 MHz, 0 %, 0 MiB
2026/07/31 03:11:41.341, 5, P0, 36, 244.20 W, 1965 MHz, 3996 MHz, 0 %, 0 MiB
2026/07/31 03:11:41.341, 6, P0, 33, 242.38 W, 1965 MHz, 3996 MHz, 0 %, 0 MiB
2026/07/31 03:11:41.341, 7, P0, 37, 243.27 W, 1965 MHz, 3996 MHz, 0 %, 0 MiB
2026/07/31 03:11:42.341, 0, P0, 37, 291.51 W, 1965 MHz, 3996 MHz, 15 %, 173803 MiB
2026/07/31 03:11:42.341, 1, P0, 35, 293.65 W, 1965 MHz, 3996 MHz, 38 %, 173803 MiB
2026/07/31 03:11:42.341, 2, P0, 37, 236.34 W, 1965 MHz, 3996 MHz, 0 %, 0 MiB
2026/07/31 03:11:42.341, 3, P0, 32, 238.53 W, 1965 MHz, 3996 MHz, 0 %, 0 MiB
2026/07/31 03:11:42.341, 4, P0, 33, 235.56 W, 1965 MHz, 3996 MHz, 0 %, 0 MiB
2026/07/31 03:11:42.341, 5, P0, 36, 244.03 W, 1965 MHz, 3996 MHz, 0 %, 0 MiB
2026/07/31 03:11:42.341, 6, P0, 33, 242.37 W, 1965 MHz, 3996 MHz, 0 %, 0 MiB
2026/07/31 03:11:42.341, 7, P0, 37, 243.24 W, 1965 MHz, 3996 MHz, 0 %, 0 MiB
2026/07/31 03:11:43.341, 0, P0, 37, 290.57 W, 1965 MHz, 3996 MHz, 7 %, 173547 MiB
2026/07/31 03:11:43.341, 1, P0, 35, 288.17 W, 1965 MHz, 3996 MHz, 30 %, 173547 MiB
2026/07/31 03:11:43.341, 2, P0, 37, 236.37 W, 1965 MHz, 3996 MHz, 0 %, 0 MiB
2026/07/31 03:11:43.342, 3, P0, 32, 238.51 W, 1965 MHz, 3996 MHz, 0 %, 0 MiB
2026/07/31 03:11:43.342, 4, P0, 33, 235.59 W, 1965 MHz, 3996 MHz, 0 %, 0 MiB
2026/07/31 03:11:43.342, 5, P0, 36, 244.13 W, 1965 MHz, 3996 MHz, 0 %, 0 MiB
2026/07/31 03:11:43.342, 6, P0, 33, 242.34 W, 1965 MHz, 3996 MHz, 0 %, 0 MiB
2026/07/31 03:11:43.342, 7, P0, 37, 243.22 W, 1965 MHz, 3996 MHz, 0 %, 0 MiB
2026/07/31 03:11:44.342, 0, P0, 37, 244.71 W, 1965 MHz, 3996 MHz, 0 %, 172523 MiB
2026/07/31 03:11:44.342, 1, P0, 34, 241.69 W, 1965 MHz, 3996 MHz, 0 %, 172523 MiB
2026/07/31 03:11:44.342, 2, P0, 36, 236.40 W, 1965 MHz, 3996 MHz, 0 %, 0 MiB
2026/07/31 03:11:44.342, 3, P0, 33, 238.58 W, 1965 MHz, 3996 MHz, 0 %, 0 MiB
2026/07/31 03:11:44.342, 4, P0, 33, 235.57 W, 1965 MHz, 3996 MHz, 0 %, 0 MiB
2026/07/31 03:11:44.342, 5, P0, 36, 244.12 W, 1965 MHz, 3996 MHz, 0 %, 0 MiB
2026/07/31 03:11:44.342, 6, P0, 33, 242.42 W, 1965 MHz, 3996 MHz, 0 %, 0 MiB
2026/07/31 03:11:44.342, 7, P0, 37, 243.17 W, 1965 MHz, 3996 MHz, 0 %, 0 MiB
2026/07/31 03:11:45.342, 0, P0, 37, 244.36 W, 1965 MHz, 3996 MHz, 0 %, 172497 MiB
2026/07/31 03:11:45.342, 1, P0, 34, 241.36 W, 1965 MHz, 3996 MHz, 0 %, 172497 MiB
2026/07/31 03:11:45.342, 2, P0, 36, 236.39 W, 1965 MHz, 3996 MHz, 0 %, 0 MiB
2026/07/31 03:11:45.342, 3, P0, 32, 238.53 W, 1965 MHz, 3996 MHz, 0 %, 0 MiB
2026/07/31 03:11:45.342, 4, P0, 33, 235.62 W, 1965 MHz, 3996 MHz, 0 %, 0 MiB
2026/07/31 03:11:45.342, 5, P0, 36, 244.13 W, 1965 MHz, 3996 MHz, 0 %, 0 MiB
2026/07/31 03:11:45.342, 6, P0, 33, 242.36 W, 1965 MHz, 3996 MHz, 0 %, 0 MiB
2026/07/31 03:11:45.342, 7, P0, 37, 243.26 W, 1965 MHz, 3996 MHz, 0 %, 0 MiB
2026/07/31 03:11:46.342, 0, P0, 37, 244.44 W, 1965 MHz, 3996 MHz, 0 %, 172497 MiB
2026/07/31 03:11:46.342, 1, P0, 34, 241.30 W, 1965 MHz, 3996 MHz, 0 %, 172497 MiB
2026/07/31 03:11:46.342, 2, P0, 36, 236.28 W, 1965 MHz, 3996 MHz, 0 %, 0 MiB
2026/07/31 03:11:46.342, 3, P0, 32, 238.51 W, 1965 MHz, 3996 MHz, 0 %, 0 MiB
2026/07/31 03:11:46.342, 4, P0, 33, 235.59 W, 1965 MHz, 3996 MHz, 0 %, 0 MiB
2026/07/31 03:11:46.342, 5, P0, 36, 244.13 W, 1965 MHz, 3996 MHz, 0 %, 0 MiB
2026/07/31 03:11:46.342, 6, P0, 33, 242.40 W, 1965 MHz, 3996 MHz, 0 %, 0 MiB
2026/07/31 03:11:46.343, 7, P0, 37, 243.17 W, 1965 MHz, 3996 MHz, 0 %, 0 MiB
2026/07/31 03:11:47.343, 0, P0, 37, 253.39 W, 1965 MHz, 3996 MHz, 11 %, 4 MiB
2026/07/31 03:11:47.343, 1, P0, 34, 249.77 W, 1965 MHz, 3996 MHz, 0 %, 4 MiB
2026/07/31 03:11:47.343, 2, P0, 36, 236.37 W, 1965 MHz, 3996 MHz, 0 %, 0 MiB
2026/07/31 03:11:47.343, 3, P0, 33, 238.53 W, 1965 MHz, 3996 MHz, 0 %, 0 MiB
2026/07/31 03:11:47.343, 4, P0, 33, 235.62 W, 1965 MHz, 3996 MHz, 0 %, 0 MiB
2026/07/31 03:11:47.343, 5, P0, 36, 244.19 W, 1965 MHz, 3996 MHz, 0 %, 0 MiB
2026/07/31 03:11:47.343, 6, P0, 33, 242.37 W, 1965 MHz, 3996 MHz, 0 %, 0 MiB
2026/07/31 03:11:47.343, 7, P0, 37, 243.23 W, 1965 MHz, 3996 MHz, 0 %, 0 MiB
2026/07/31 03:11:48.343, 0, P0, 36, 244.27 W, 1965 MHz, 3996 MHz, 0 %, 4 MiB
2026/07/31 03:11:48.343, 1, P0, 34, 241.16 W, 1965 MHz, 3996 MHz, 0 %, 4 MiB
2026/07/31 03:11:48.343, 2, P0, 36, 236.35 W, 1965 MHz, 3996 MHz, 0 %, 0 MiB
2026/07/31 03:11:48.343, 3, P0, 32, 238.55 W, 1965 MHz, 3996 MHz, 0 %, 0 MiB
2026/07/31 03:11:48.343, 4, P0, 33, 235.59 W, 1965 MHz, 3996 MHz, 0 %, 0 MiB
2026/07/31 03:11:48.343, 5, P0, 36, 244.21 W, 1965 MHz, 3996 MHz, 0 %, 0 MiB
2026/07/31 03:11:48.343, 6, P0, 33, 242.41 W, 1965 MHz, 3996 MHz, 0 %, 0 MiB
2026/07/31 03:11:48.343, 7, P0, 37, 243.19 W, 1965 MHz, 3996 MHz, 0 %, 0 MiB
