[1;33m'--disable-cuda-graph' is deprecated and will be removed in a future release. Use '--cuda-graph-backend-{decode,prefill}=disabled' instead.[0m
[2026-07-31 10:03:13 TP0] Init torch distributed begin.
[2026-07-31 10:03:13 TP1] Init torch distributed begin.
[2026-07-31 10:03:13 TP0] sglang is using nccl==2.28.9
[2026-07-31 10:03:14 TP0] Init torch distributed ends. elapsed=1.40 s, mem usage=1.16 GB
[2026-07-31 10:03:14 TP1] Init torch distributed ends. elapsed=1.22 s, mem usage=1.16 GB
[2026-07-31 10:03:16 TP0] Load weight begin. avail mem=176.54 GB
[2026-07-31 10:03:16 TP0] Config does not support fused shared expert(s). Shared experts fusion optimization is disabled.
[2026-07-31 10:03:16 TP1] Load weight begin. avail mem=176.54 GB
[2026-07-31 10:03:16 TP0] FlashInfer TRTLLM MoE deferred finalize is disabled (moe_runner_backend=auto, quant_method=UnquantizedFusedMoEMethod).
[2026-07-31 10:03:16 TP1] FlashInfer TRTLLM MoE deferred finalize is disabled (moe_runner_backend=auto, quant_method=UnquantizedFusedMoEMethod).
Multi-thread loading shards:   0% Completed | 0/4 [00:00<?, ?it/s]Multi-thread loading shards:  25% Completed | 1/4 [00:00<00:00,  3.77it/s]Multi-thread loading shards:  50% Completed | 2/4 [00:00<00:00,  3.19it/s]Multi-thread loading shards: 100% Completed | 4/4 [00:00<00:00,  5.93it/s]
[2026-07-31 10:03:20 TP0] Load weight end. elapsed=3.95 s, type=DeepseekV2ForCausalLM, avail mem=161.74 GB, mem usage=14.81 GB.
[2026-07-31 10:03:20 TP1] Load weight end. elapsed=3.98 s, type=DeepseekV2ForCausalLM, avail mem=161.74 GB, mem usage=14.81 GB.
[2026-07-31 10:03:20 TP1] KV Cache is allocated. dtype: torch.bfloat16, #tokens: 4668865, KV size: 135.25 GB
[2026-07-31 10:03:20 TP0] KV Cache is allocated. dtype: torch.bfloat16, #tokens: 4668865, KV size: 135.25 GB
[2026-07-31 10:03:20 TP1] Memory pool end. avail mem=23.93 GB
[2026-07-31 10:03:20 TP0] Memory pool end. avail mem=23.93 GB
[2026-07-31 10:03:20 TP0] Disable prefill CUDA graph because cuda_graph_config resolved prefill.backend='disabled' (e.g. via --cuda-graph-backend-prefill=disabled or auto-disable rules).
[2026-07-31 10:03:20 TP1] Disable prefill CUDA graph because cuda_graph_config resolved prefill.backend='disabled' (e.g. via --cuda-graph-backend-prefill=disabled or auto-disable rules).
[2026-07-31 10:03:22 TP1] Fixing v5 tokenizer component mismatch for /media/ssd1/DeepSeek-V2-Lite: pre_tokenizer Metaspace -> Sequence, decoder Sequence -> ByteLevel
[2026-07-31 10:03:22 TP0] Fixing v5 tokenizer component mismatch for /media/ssd1/DeepSeek-V2-Lite: pre_tokenizer Metaspace -> Sequence, decoder Sequence -> ByteLevel
[2026-07-31 10:03:22 TP1] Restoring add_bos_token=True for /media/ssd1/DeepSeek-V2-Lite (was False after v5 loading)
[2026-07-31 10:03:22 TP0] Restoring add_bos_token=True for /media/ssd1/DeepSeek-V2-Lite (was False after v5 loading)
/usr/local/lib/python3.12/dist-packages/torch/distributed/c10d_logger.py:83: UserWarning: barrier(): using the device under current context. You can specify `device_id` in `init_process_group` to mute this warning.
  return func(*args, **kwargs)
[rank0]:[W731 10:03:22.860187816 ProcessGroupNCCL.cpp:5188] Guessing device ID based on global rank. This can cause a hang if rank to GPU mapping is heterogeneous. You can specify device_id in init_process_group()
[2026-07-31 10:03:25 TP1] Using default MoE kernel config. Performance might be sub-optimal! Config file not found at /sgl-workspace/sglang-src/python/sglang/srt/layers/moe/moe_runner/triton_utils/configs/triton_3_6_0/E=64,N=704,device_name=NVIDIA_B200.json, you can create them with https://github.com/sgl-project/sglang/tree/main/benchmark/kernels/fused_moe_triton
[2026-07-31 10:03:25 TP1] Using MoE kernel config with down_moe=False. Performance might be sub-optimal! Config file not found at /sgl-workspace/sglang-src/python/sglang/srt/layers/moe/moe_runner/triton_utils/configs/triton_3_6_0/E=64,N=704,device_name=NVIDIA_B200_down.json, you can create them with https://github.com/sgl-project/sglang/tree/main/benchmark/kernels/fused_moe_triton
[2026-07-31 10:03:25 TP0] Using default MoE kernel config. Performance might be sub-optimal! Config file not found at /sgl-workspace/sglang-src/python/sglang/srt/layers/moe/moe_runner/triton_utils/configs/triton_3_6_0/E=64,N=704,device_name=NVIDIA_B200.json, you can create them with https://github.com/sgl-project/sglang/tree/main/benchmark/kernels/fused_moe_triton
[2026-07-31 10:03:25 TP0] Using MoE kernel config with down_moe=False. Performance might be sub-optimal! Config file not found at /sgl-workspace/sglang-src/python/sglang/srt/layers/moe/moe_runner/triton_utils/configs/triton_3_6_0/E=64,N=704,device_name=NVIDIA_B200_down.json, you can create them with https://github.com/sgl-project/sglang/tree/main/benchmark/kernels/fused_moe_triton
/usr/local/lib/python3.12/dist-packages/torch/profiler/profiler.py:224: UserWarning: Warning: Profiler clears events at the end of each cycle.Only events from the current cycle will be reported.To keep events across cycles, set acc_events=True.
  _warn_once(
/usr/local/lib/python3.12/dist-packages/torch/profiler/profiler.py:224: UserWarning: Warning: Profiler clears events at the end of each cycle.Only events from the current cycle will be reported.To keep events across cycles, set acc_events=True.
  _warn_once(
max_total_num_tokens=4668865
Warmup is enabled separately for every workload point.
Benchmark ...
Warmup workload: batch_size=1, input_len=2047, output_len=8
Prefill. latency: 3.46269 s, throughput:    591.16 token/s
Decode 0. Batch size: 1, latency: 0.79398 s, throughput:      1.26 token/s
Decode 1. Batch size: 1, latency: 0.05152 s, throughput:     19.41 token/s
Decode 2. Batch size: 1, latency: 0.04816 s, throughput:     20.76 token/s
Decode 3. Batch size: 1, latency: 0.04805 s, throughput:     20.81 token/s
Decode 4. Batch size: 1, latency: 0.04910 s, throughput:     20.37 token/s
Decode.  median latency: 0.04898 s, median throughput:     20.42 token/s
Total. latency:  4.550 s, throughput:    451.62 token/s
-------------------------------------------------------  ------------  ------------  ------------  ------------  ------------  ------------  ------------  ------------  ------------  ------------  
                                                   Name    Self CPU %      Self CPU   CPU total %     CPU total  CPU time avg     Self CUDA   Self CUDA %    CUDA total  CUDA time avg    # of Calls  
-------------------------------------------------------  ------------  ------------  ------------  ------------  ------------  ------------  ------------  ------------  ------------  ------------  
                                       fused_moe_kernel         0.00%       0.000us         0.00%       0.000us       0.000us       7.686ms        51.96%       7.686ms     147.807us            52  
void (anonymous namespace)::all_reduce_one_shot_kern...         0.00%       0.000us         0.00%       0.000us       0.000us       1.285ms         8.69%       1.285ms      23.366us            55  
void cutlass::device_kernel<cutlass::fmha::kernel::S...         0.00%       0.000us         0.00%       0.000us       0.000us       1.181ms         7.99%       1.181ms      43.754us            27  
         nvjet_sm100_tst_176x128_64x8_2x2_2cta_h_bz_TNN         0.00%       0.000us         0.00%       0.000us       0.000us     483.743us         3.27%     483.743us      18.606us            26  
void (anonymous namespace)::act_and_mul_kernel<__nv_...         0.00%       0.000us         0.00%       0.000us       0.000us     447.486us         3.03%     447.486us       8.443us            53  
              nvjet_sm100_tst_128x232_64x4_2x1_v_bz_TNT         0.00%       0.000us         0.00%       0.000us       0.000us     427.006us         2.89%     427.006us       7.908us            54  
void at::native::sbtopk::gatherTopK<float, unsigned ...         0.00%       0.000us         0.00%       0.000us       0.000us     350.593us         2.37%     350.593us       6.742us            52  
         nvjet_sm100_tst_128x256_64x6_2x2_2cta_h_bz_TNT         0.00%       0.000us         0.00%       0.000us       0.000us     338.304us         2.29%     338.304us      12.530us            27  
         nvjet_sm100_tst_192x128_64x6_2x2_2cta_h_bz_TNT         0.00%       0.000us         0.00%       0.000us       0.000us     329.757us         2.23%     329.757us      12.213us            27  
kernel_cutlass_kernel_flashinfernormkernelsfused_add...         0.00%       0.000us         0.00%       0.000us       0.000us     322.652us         2.18%     322.652us       5.975us            54  
void moe_sum_reduce_warp_per_token_vec_kernel<8>(c10...         0.00%       0.000us         0.00%       0.000us       0.000us     256.607us         1.73%     256.607us       9.870us            26  
         nvjet_sm100_tst_144x64_64x12_2x2_2cta_h_bz_TNN         0.00%       0.000us         0.00%       0.000us       0.000us     186.366us         1.26%     186.366us       6.902us            27  
                         Memcpy DtoD (Device -> Device)         0.00%       0.000us         0.00%       0.000us       0.000us     173.183us         1.17%     173.183us       3.149us            55  
void count_and_sort_expert_tokens_kernel<int>(int co...         0.00%       0.000us         0.00%       0.000us       0.000us     150.400us         1.02%     150.400us       5.785us            26  
          nvjet_sm100_tss_16x64_64x16_2x2_2cta_h_bz_TNN         0.00%       0.000us         0.00%       0.000us       0.000us     142.847us         0.97%     142.847us       5.494us            26  
void moe_align_block_size_kernel<int>(int const*, in...         0.00%       0.000us         0.00%       0.000us       0.000us     136.098us         0.92%     136.098us       5.235us            26  
void at::native::vectorized_elementwise_kernel<8, at...         0.00%       0.000us         0.00%       0.000us       0.000us     117.503us         0.79%     117.503us       4.519us            26  
void (anonymous namespace)::fused_rope_kernel<false,...         0.00%       0.000us         0.00%       0.000us       0.000us      87.070us         0.59%      87.070us       3.225us            27  
triton_red_fused__softmax_exp_max_prepare_softmax_on...         0.00%       0.000us         0.00%       0.000us       0.000us      83.936us         0.57%      83.936us       3.228us            26  
                           concat_and_cast_mha_k_kernel         0.00%       0.000us         0.00%       0.000us       0.000us      77.439us         0.52%      77.439us       2.868us            27  
kernel_cutlass_kernel_flashinfernormkernelsrmsnormRM...         0.00%       0.000us         0.00%       0.000us       0.000us      66.814us         0.45%      66.814us       2.475us            27  
triton_poi_fused__softmax__to_copy_arange_bitwise_no...         0.00%       0.000us         0.00%       0.000us       0.000us      65.120us         0.44%      65.120us       2.505us            26  
void (anonymous namespace)::set_mla_kv_buffer_kernel...         0.00%       0.000us         0.00%       0.000us       0.000us      61.791us         0.42%      61.791us       2.289us            27  
flashinfer::plan_kernel(int*, int*, int*, int*, int*...         0.00%       0.000us         0.00%       0.000us       0.000us      56.576us         0.38%      56.576us      56.576us             1  
         nvjet_sm100_tst_128x256_64x6_2x1_2cta_v_bz_TNT         0.00%       0.000us         0.00%       0.000us       0.000us      52.480us         0.35%      52.480us      52.480us             1  
                            triton_poi_fused__to_copy_2         0.00%       0.000us         0.00%       0.000us       0.000us      47.524us         0.32%      47.524us       1.828us            26  
                nvjet_sm100_tst_384x8_64x4_2x1_v_bz_TNT         0.00%       0.000us         0.00%       0.000us       0.000us      45.408us         0.31%      45.408us      45.408us             1  
void at::native::reduce_kernel<512, 1, at::native::R...         0.00%       0.000us         0.00%       0.000us       0.000us      23.936us         0.16%      23.936us      23.936us             1  
                         Memcpy HtoD (Pinned -> Device)         0.00%       0.000us         0.00%       0.000us       0.000us      11.616us         0.08%      11.616us       1.452us             8  
void at::native::elementwise_kernel<128, 4, at::nati...         0.00%       0.000us         0.00%       0.000us       0.000us      10.272us         0.07%      10.272us      10.272us             1  
                               _all_gather_kernel_inner         0.00%       0.000us         0.00%       0.000us       0.000us       8.480us         0.06%       8.480us       8.480us             1  
                         Memcpy DtoH (Device -> Pinned)         0.00%       0.000us         0.00%       0.000us       0.000us       7.712us         0.05%       7.712us       3.856us             2  
void at::native::index_elementwise_kernel<128, 4, at...         0.00%       0.000us         0.00%       0.000us       0.000us       6.784us         0.05%       6.784us       6.784us             1  
                       Memcpy HtoD (Pageable -> Device)         0.00%       0.000us         0.00%       0.000us       0.000us       6.623us         0.04%       6.623us       1.325us             5  
                       Memcpy DtoH (Device -> Pageable)         0.00%       0.000us         0.00%       0.000us       0.000us       6.496us         0.04%       6.496us       3.248us             2  
void at::native::unrolled_elementwise_kernel<at::nat...         0.00%       0.000us         0.00%       0.000us       0.000us       5.279us         0.04%       5.279us       1.760us             3  
void at::native::vectorized_gather_kernel<16, long>(...         0.00%       0.000us         0.00%       0.000us       0.000us       4.768us         0.03%       4.768us       4.768us             1  
void at::native::unrolled_elementwise_kernel<at::nat...         0.00%       0.000us         0.00%       0.000us       0.000us       4.736us         0.03%       4.736us       4.736us             1  
void at_cuda_detail::cub::detail::scan::DeviceScanKe...         0.00%       0.000us         0.00%       0.000us       0.000us       4.705us         0.03%       4.705us       1.568us             3  
kernel_cutlass_kernel_flashinfernormkernelsrmsnormRM...         0.00%       0.000us         0.00%       0.000us       0.000us       4.384us         0.03%       4.384us       4.384us             1  
void at_cuda_detail::cub::detail::scan::DeviceScanIn...         0.00%       0.000us         0.00%       0.000us       0.000us       3.393us         0.02%       3.393us       1.131us             3  
void at::native::vectorized_elementwise_kernel<2, at...         0.00%       0.000us         0.00%       0.000us       0.000us       3.071us         0.02%       3.071us       1.536us             2  
void at::native::unrolled_elementwise_kernel<at::nat...         0.00%       0.000us         0.00%       0.000us       0.000us       2.880us         0.02%       2.880us       1.440us             2  
                         write_req_to_token_pool_triton         0.00%       0.000us         0.00%       0.000us       0.000us       2.687us         0.02%       2.687us       2.687us             1  
void at::native::reduce_kernel<512, 1, at::native::R...         0.00%       0.000us         0.00%       0.000us       0.000us       2.304us         0.02%       2.304us       2.304us             1  
void at::native::reduce_kernel<512, 1, at::native::R...         0.00%       0.000us         0.00%       0.000us       0.000us       2.112us         0.01%       2.112us       2.112us             1  
void at::native::(anonymous namespace)::multi_tensor...         0.00%       0.000us         0.00%       0.000us       0.000us       1.920us         0.01%       1.920us       1.920us             1  
                                compute_position_kernel         0.00%       0.000us         0.00%       0.000us       0.000us       1.856us         0.01%       1.856us       1.856us             1  
void at::native::unrolled_elementwise_kernel<at::nat...         0.00%       0.000us         0.00%       0.000us       0.000us       1.824us         0.01%       1.824us       1.824us             1  
triton_poi_fused_add_bitwise_and_bitwise_not_bitwise...         0.00%       0.000us         0.00%       0.000us       0.000us       1.600us         0.01%       1.600us       1.600us             1  
void at::native::unrolled_elementwise_kernel<at::nat...         0.00%       0.000us         0.00%       0.000us       0.000us       1.568us         0.01%       1.568us       1.568us             1  
                    create_flashinfer_kv_indices_triton         0.00%       0.000us         0.00%       0.000us       0.000us       1.312us         0.01%       1.312us       1.312us             1  
void at::native::vectorized_elementwise_kernel<4, at...         0.00%       0.000us         0.00%       0.000us       0.000us       1.249us         0.01%       1.249us       1.249us             1  
                                  cudaDeviceSynchronize         0.49%      39.122us         0.49%      39.122us      13.041us       0.000us         0.00%       0.000us       0.000us             3  
                                Activity Buffer Request        21.09%       1.693ms        21.09%       1.693ms       1.693ms       0.000us         0.00%       0.000us       0.000us             1  
                               cudaPointerGetAttributes         0.06%       5.114us         0.06%       5.114us       5.114us       0.000us         0.00%       0.000us       0.000us             1  
                                  cudaStreamIsCapturing         0.14%      11.611us         0.14%      11.611us       0.505us       0.000us         0.00%       0.000us       0.000us            23  
                                        cudaMemcpyAsync        11.92%     956.608us        11.92%     956.608us      13.286us       0.000us         0.00%       0.000us       0.000us            72  
                               cudaEventRecordWithFlags         0.13%      10.835us         0.13%      10.835us       1.354us       0.000us         0.00%       0.000us       0.000us             8  
                                         cudaEventQuery         0.38%      30.524us         0.38%      30.524us       3.815us       0.000us         0.00%       0.000us       0.000us             8  
                                       cuLaunchKernelEx        20.82%       1.671ms        20.82%       1.671ms       6.143us       0.000us         0.00%       0.000us       0.000us           272  
                                       cudaLaunchKernel        14.62%       1.174ms        14.62%       1.174ms       6.521us       0.000us         0.00%       0.000us       0.000us           180  
                                  cudaStreamSynchronize         0.40%      32.038us         0.40%      32.038us       8.010us       0.000us         0.00%       0.000us       0.000us             4  
                                    cudaPeekAtLastError         0.02%       1.307us         0.02%       1.307us       0.109us       0.000us         0.00%       0.000us       0.000us            12  
cudaOccupancyMaxActiveBlocksPerMultiprocessorWithFla...         0.07%       5.567us         0.07%       5.567us       1.856us       0.000us         0.00%       0.000us       0.000us             3  
                                 cudaDeviceGetAttribute         0.37%      29.847us         0.37%      29.847us       0.995us       0.000us         0.00%       0.000us       0.000us            30  
                                    cudaLaunchKernelExC        21.99%       1.765ms        21.99%       1.765ms       6.488us       0.000us         0.00%       0.000us       0.000us           272  
                                         cuLaunchKernel         5.54%     444.879us         5.54%     444.879us       5.631us       0.000us         0.00%       0.000us       0.000us            79  
                                                INVALID         0.61%      49.214us         0.61%      49.214us       0.456us       0.000us         0.00%       0.000us       0.000us           108  
                                   cudaDriverGetVersion         0.12%      10.033us         0.12%      10.033us       0.093us       0.000us         0.00%       0.000us       0.000us           108  
                                   cudaFuncSetAttribute         1.21%      97.422us         1.21%      97.422us       3.608us       0.000us         0.00%       0.000us       0.000us            27  
-------------------------------------------------------  ------------  ------------  ------------  ------------  ------------  ------------  ------------  ------------  ------------  ------------  
Self CPU time total: 8.027ms
Self CUDA time total: 14.793ms
-------------------------------------------------------  ------------  ------------  ------------  ------------  ------------  ------------  ------------  ------------  ------------  ------------  
                                                   Name    Self CPU %      Self CPU   CPU total %     CPU total  CPU time avg     Self CUDA   Self CUDA %    CUDA total  CUDA time avg    # of Calls  
-------------------------------------------------------  ------------  ------------  ------------  ------------  ------------  ------------  ------------  ------------  ------------  ------------  
void (anonymous namespace)::all_reduce_one_shot_kern...         0.00%       0.000us         0.00%       0.000us       0.000us      53.138ms        78.58%      53.138ms     966.151us            55  
                                       fused_moe_kernel         0.00%       0.000us         0.00%       0.000us       0.000us       7.678ms        11.35%       7.678ms     147.657us            52  
void cutlass::device_kernel<cutlass::fmha::kernel::S...         0.00%       0.000us         0.00%       0.000us       0.000us       1.185ms         1.75%       1.185ms      43.874us            27  
kernel_cutlass_kernel_flashinfernormkernelsfused_add...         0.00%       0.000us         0.00%       0.000us       0.000us     601.536us         0.89%     601.536us      11.140us            54  
void (anonymous namespace)::act_and_mul_kernel<__nv_...         0.00%       0.000us         0.00%       0.000us       0.000us     551.749us         0.82%     551.749us      10.410us            53  
         nvjet_sm100_tst_176x128_64x8_2x2_2cta_h_bz_TNN         0.00%       0.000us         0.00%       0.000us       0.000us     497.599us         0.74%     497.599us      19.138us            26  
              nvjet_sm100_tst_128x232_64x4_2x1_v_bz_TNT         0.00%       0.000us         0.00%       0.000us       0.000us     425.145us         0.63%     425.145us       7.873us            54  
         nvjet_sm100_tst_192x128_64x6_2x2_2cta_h_bz_TNT         0.00%       0.000us         0.00%       0.000us       0.000us     362.686us         0.54%     362.686us      13.433us            27  
void at::native::sbtopk::gatherTopK<float, unsigned ...         0.00%       0.000us         0.00%       0.000us       0.000us     351.107us         0.52%     351.107us       6.752us            52  
         nvjet_sm100_tst_128x256_64x6_2x2_2cta_h_bz_TNT         0.00%       0.000us         0.00%       0.000us       0.000us     339.518us         0.50%     339.518us      12.575us            27  
                               _all_gather_kernel_inner         0.00%       0.000us         0.00%       0.000us       0.000us     307.839us         0.46%     307.839us     307.839us             1  
void moe_sum_reduce_warp_per_token_vec_kernel<8>(c10...         0.00%       0.000us         0.00%       0.000us       0.000us     257.281us         0.38%     257.281us       9.895us            26  
         nvjet_sm100_tst_144x64_64x12_2x2_2cta_h_bz_TNN         0.00%       0.000us         0.00%       0.000us       0.000us     249.404us         0.37%     249.404us       9.237us            27  
          nvjet_sm100_tss_16x64_64x16_2x2_2cta_h_bz_TNN         0.00%       0.000us         0.00%       0.000us       0.000us     208.095us         0.31%     208.095us       8.004us            26  
                         Memcpy DtoD (Device -> Device)         0.00%       0.000us         0.00%       0.000us       0.000us     175.327us         0.26%     175.327us       3.188us            55  
void count_and_sort_expert_tokens_kernel<int>(int co...         0.00%       0.000us         0.00%       0.000us       0.000us     152.829us         0.23%     152.829us       5.878us            26  
kernel_cutlass_kernel_flashinfernormkernelsrmsnormRM...         0.00%       0.000us         0.00%       0.000us       0.000us     148.705us         0.22%     148.705us       5.508us            27  
void moe_align_block_size_kernel<int>(int const*, in...         0.00%       0.000us         0.00%       0.000us       0.000us     146.303us         0.22%     146.303us       5.627us            26  
void at::native::vectorized_elementwise_kernel<8, at...         0.00%       0.000us         0.00%       0.000us       0.000us     117.914us         0.17%     117.914us       4.535us            26  
void (anonymous namespace)::fused_rope_kernel<false,...         0.00%       0.000us         0.00%       0.000us       0.000us      89.470us         0.13%      89.470us       3.314us            27  
triton_red_fused__softmax_exp_max_prepare_softmax_on...         0.00%       0.000us         0.00%       0.000us       0.000us      87.648us         0.13%      87.648us       3.371us            26  
                           concat_and_cast_mha_k_kernel         0.00%       0.000us         0.00%       0.000us       0.000us      77.696us         0.11%      77.696us       2.878us            27  
triton_poi_fused__softmax__to_copy_arange_bitwise_no...         0.00%       0.000us         0.00%       0.000us       0.000us      76.415us         0.11%      76.415us       2.939us            26  
void (anonymous namespace)::set_mla_kv_buffer_kernel...         0.00%       0.000us         0.00%       0.000us       0.000us      61.666us         0.09%      61.666us       2.284us            27  
flashinfer::plan_kernel(int*, int*, int*, int*, int*...         0.00%       0.000us         0.00%       0.000us       0.000us      56.288us         0.08%      56.288us      56.288us             1  
         nvjet_sm100_tst_128x256_64x6_2x1_2cta_v_bz_TNT         0.00%       0.000us         0.00%       0.000us       0.000us      52.800us         0.08%      52.800us      52.800us             1  
                            triton_poi_fused__to_copy_2         0.00%       0.000us         0.00%       0.000us       0.000us      51.680us         0.08%      51.680us       1.988us            26  
                nvjet_sm100_tst_384x8_64x4_2x1_v_bz_TNT         0.00%       0.000us         0.00%       0.000us       0.000us      45.888us         0.07%      45.888us      45.888us             1  
void at::native::reduce_kernel<512, 1, at::native::R...         0.00%       0.000us         0.00%       0.000us       0.000us      24.192us         0.04%      24.192us      24.192us             1  
                         Memcpy HtoD (Pinned -> Device)         0.00%       0.000us         0.00%       0.000us       0.000us      11.967us         0.02%      11.967us       1.496us             8  
void at::native::elementwise_kernel<128, 4, at::nati...         0.00%       0.000us         0.00%       0.000us       0.000us       8.736us         0.01%       8.736us       8.736us             1  
                         Memcpy DtoH (Device -> Pinned)         0.00%       0.000us         0.00%       0.000us       0.000us       7.712us         0.01%       7.712us       3.856us             2  
                       Memcpy HtoD (Pageable -> Device)         0.00%       0.000us         0.00%       0.000us       0.000us       6.721us         0.01%       6.721us       1.344us             5  
void at_cuda_detail::cub::detail::scan::DeviceScanKe...         0.00%       0.000us         0.00%       0.000us       0.000us       6.625us         0.01%       6.625us       2.208us             3  
void at::native::index_elementwise_kernel<128, 4, at...         0.00%       0.000us         0.00%       0.000us       0.000us       6.592us         0.01%       6.592us       6.592us             1  
                       Memcpy DtoH (Device -> Pageable)         0.00%       0.000us         0.00%       0.000us       0.000us       6.336us         0.01%       6.336us       3.168us             2  
void at::native::unrolled_elementwise_kernel<at::nat...         0.00%       0.000us         0.00%       0.000us       0.000us       6.112us         0.01%       6.112us       2.037us             3  
kernel_cutlass_kernel_flashinfernormkernelsrmsnormRM...         0.00%       0.000us         0.00%       0.000us       0.000us       4.352us         0.01%       4.352us       4.352us             1  
void at_cuda_detail::cub::detail::scan::DeviceScanIn...         0.00%       0.000us         0.00%       0.000us       0.000us       4.256us         0.01%       4.256us       1.419us             3  
void at::native::vectorized_elementwise_kernel<2, at...         0.00%       0.000us         0.00%       0.000us       0.000us       4.160us         0.01%       4.160us       2.080us             2  
void at::native::unrolled_elementwise_kernel<at::nat...         0.00%       0.000us         0.00%       0.000us       0.000us       4.128us         0.01%       4.128us       2.064us             2  
void at::native::unrolled_elementwise_kernel<at::nat...         0.00%       0.000us         0.00%       0.000us       0.000us       3.968us         0.01%       3.968us       3.968us             1  
void at::native::vectorized_gather_kernel<16, long>(...         0.00%       0.000us         0.00%       0.000us       0.000us       3.616us         0.01%       3.616us       3.616us             1  
                         write_req_to_token_pool_triton         0.00%       0.000us         0.00%       0.000us       0.000us       3.360us         0.00%       3.360us       3.360us             1  
void at::native::reduce_kernel<512, 1, at::native::R...         0.00%       0.000us         0.00%       0.000us       0.000us       3.360us         0.00%       3.360us       3.360us             1  
void at::native::reduce_kernel<512, 1, at::native::R...         0.00%       0.000us         0.00%       0.000us       0.000us       2.400us         0.00%       2.400us       2.400us             1  
void at::native::unrolled_elementwise_kernel<at::nat...         0.00%       0.000us         0.00%       0.000us       0.000us       2.336us         0.00%       2.336us       2.336us             1  
void at::native::(anonymous namespace)::multi_tensor...         0.00%       0.000us         0.00%       0.000us       0.000us       2.240us         0.00%       2.240us       2.240us             1  
triton_poi_fused_add_bitwise_and_bitwise_not_bitwise...         0.00%       0.000us         0.00%       0.000us       0.000us       2.143us         0.00%       2.143us       2.143us             1  
                                compute_position_kernel         0.00%       0.000us         0.00%       0.000us       0.000us       1.696us         0.00%       1.696us       1.696us             1  
void at::native::unrolled_elementwise_kernel<at::nat...         0.00%       0.000us         0.00%       0.000us       0.000us       1.440us         0.00%       1.440us       1.440us             1  
void at::native::vectorized_elementwise_kernel<4, at...         0.00%       0.000us         0.00%       0.000us       0.000us       1.281us         0.00%       1.281us       1.281us             1  
                    create_flashinfer_kv_indices_triton         0.00%       0.000us         0.00%       0.000us       0.000us       1.249us         0.00%       1.249us       1.249us             1  
                                  cudaDeviceSynchronize        56.05%      10.223ms        56.05%      10.223ms       3.408ms       0.000us         0.00%       0.000us       0.000us             3  
                                Activity Buffer Request         9.33%       1.701ms         9.33%       1.701ms       1.701ms       0.000us         0.00%       0.000us       0.000us             1  
                               cudaPointerGetAttributes         0.05%       8.796us         0.05%       8.796us       8.796us       0.000us         0.00%       0.000us       0.000us             1  
                                  cudaStreamIsCapturing         0.06%      11.017us         0.06%      11.017us       0.479us       0.000us         0.00%       0.000us       0.000us            23  
                                        cudaMemcpyAsync         5.26%     959.074us         5.26%     959.074us      13.320us       0.000us         0.00%       0.000us       0.000us            72  
                               cudaEventRecordWithFlags         0.08%      14.518us         0.08%      14.518us       1.815us       0.000us         0.00%       0.000us       0.000us             8  
                                         cudaEventQuery         0.17%      31.579us         0.17%      31.579us       3.947us       0.000us         0.00%       0.000us       0.000us             8  
                                       cuLaunchKernelEx         9.34%       1.703ms         9.34%       1.703ms       6.261us       0.000us         0.00%       0.000us       0.000us           272  
                                       cudaLaunchKernel         6.35%       1.158ms         6.35%       1.158ms       6.436us       0.000us         0.00%       0.000us       0.000us           180  
                                  cudaStreamSynchronize         0.17%      31.108us         0.17%      31.108us       7.777us       0.000us         0.00%       0.000us       0.000us             4  
                                    cudaPeekAtLastError         0.01%       1.410us         0.01%       1.410us       0.117us       0.000us         0.00%       0.000us       0.000us            12  
cudaOccupancyMaxActiveBlocksPerMultiprocessorWithFla...         0.03%       5.438us         0.03%       5.438us       1.813us       0.000us         0.00%       0.000us       0.000us             3  
                                 cudaDeviceGetAttribute         0.16%      29.859us         0.16%      29.859us       0.995us       0.000us         0.00%       0.000us       0.000us            30  
                                    cudaLaunchKernelExC         9.58%       1.747ms         9.58%       1.747ms       6.422us       0.000us         0.00%       0.000us       0.000us           272  
                                         cuLaunchKernel         2.48%     452.204us         2.48%     452.204us       5.724us       0.000us         0.00%       0.000us       0.000us            79  
                                                INVALID         0.28%      50.683us         0.28%      50.683us       0.469us       0.000us         0.00%       0.000us       0.000us           108  
                                   cudaDriverGetVersion         0.06%      10.453us         0.06%      10.453us       0.097us       0.000us         0.00%       0.000us       0.000us           108  
                                   cudaFuncSetAttribute         0.56%     101.280us         0.56%     101.280us       3.751us       0.000us         0.00%       0.000us       0.000us            27  
-------------------------------------------------------  ------------  ------------  ------------  ------------  ------------  ------------  ------------  ------------  ------------  ------------  
Self CPU time total: 18.240ms
Self CUDA time total: 67.625ms

-------------------------------------------------------  ------------  ------------  ------------  ------------  ------------  ------------  ------------  ------------  ------------  ------------  
                                                   Name    Self CPU %      Self CPU   CPU total %     CPU total  CPU time avg     Self CUDA   Self CUDA %    CUDA total  CUDA time avg    # of Calls  
-------------------------------------------------------  ------------  ------------  ------------  ------------  ------------  ------------  ------------  ------------  ------------  ------------  
                                       fused_moe_kernel         0.00%       0.000us         0.00%       0.000us       0.000us       7.665ms        51.61%       7.665ms     147.395us            52  
void (anonymous namespace)::all_reduce_one_shot_kern...         0.00%       0.000us         0.00%       0.000us       0.000us       1.285ms         8.65%       1.285ms      23.356us            55  
void cutlass::device_kernel<cutlass::fmha::kernel::S...         0.00%       0.000us         0.00%       0.000us       0.000us       1.188ms         8.00%       1.188ms      43.989us            27  
         nvjet_sm100_tst_128x256_64x6_2x2_2cta_h_bz_TNT         0.00%       0.000us         0.00%       0.000us       0.000us     785.789us         5.29%     785.789us       9.701us            81  
         nvjet_sm100_tst_176x128_64x8_2x2_2cta_h_bz_TNN         0.00%       0.000us         0.00%       0.000us       0.000us     489.633us         3.30%     489.633us      18.832us            26  
void (anonymous namespace)::act_and_mul_kernel<__nv_...         0.00%       0.000us         0.00%       0.000us       0.000us     446.177us         3.00%     446.177us       8.418us            53  
void at::native::sbtopk::gatherTopK<float, unsigned ...         0.00%       0.000us         0.00%       0.000us       0.000us     349.025us         2.35%     349.025us       6.712us            52  
         nvjet_sm100_tst_192x128_64x6_2x2_2cta_h_bz_TNT         0.00%       0.000us         0.00%       0.000us       0.000us     333.088us         2.24%     333.088us      12.337us            27  
kernel_cutlass_kernel_flashinfernormkernelsfused_add...         0.00%       0.000us         0.00%       0.000us       0.000us     324.286us         2.18%     324.286us       6.005us            54  
void moe_sum_reduce_warp_per_token_vec_kernel<8>(c10...         0.00%       0.000us         0.00%       0.000us       0.000us     257.758us         1.74%     257.758us       9.914us            26  
         nvjet_sm100_tst_144x64_64x12_2x2_2cta_h_bz_TNN         0.00%       0.000us         0.00%       0.000us       0.000us     188.958us         1.27%     188.958us       6.998us            27  
                         Memcpy DtoD (Device -> Device)         0.00%       0.000us         0.00%       0.000us       0.000us     172.257us         1.16%     172.257us       3.132us            55  
void moe_align_block_size_kernel<int>(int const*, in...         0.00%       0.000us         0.00%       0.000us       0.000us     156.030us         1.05%     156.030us       6.001us            26  
void count_and_sort_expert_tokens_kernel<int>(int co...         0.00%       0.000us         0.00%       0.000us       0.000us     152.510us         1.03%     152.510us       5.866us            26  
          nvjet_sm100_tss_16x64_64x16_2x2_2cta_h_bz_TNN         0.00%       0.000us         0.00%       0.000us       0.000us     144.382us         0.97%     144.382us       5.553us            26  
void at::native::vectorized_elementwise_kernel<8, at...         0.00%       0.000us         0.00%       0.000us       0.000us     117.695us         0.79%     117.695us       4.527us            26  
void (anonymous namespace)::fused_rope_kernel<false,...         0.00%       0.000us         0.00%       0.000us       0.000us      86.970us         0.59%      86.970us       3.221us            27  
triton_red_fused__softmax_exp_max_prepare_softmax_on...         0.00%       0.000us         0.00%       0.000us       0.000us      83.937us         0.57%      83.937us       3.228us            26  
                           concat_and_cast_mha_k_kernel         0.00%       0.000us         0.00%       0.000us       0.000us      76.285us         0.51%      76.285us       2.825us            27  
triton_poi_fused__softmax__to_copy_arange_bitwise_no...         0.00%       0.000us         0.00%       0.000us       0.000us      75.936us         0.51%      75.936us       2.921us            26  
kernel_cutlass_kernel_flashinfernormkernelsrmsnormRM...         0.00%       0.000us         0.00%       0.000us       0.000us      67.390us         0.45%      67.390us       2.496us            27  
void (anonymous namespace)::set_mla_kv_buffer_kernel...         0.00%       0.000us         0.00%       0.000us       0.000us      62.174us         0.42%      62.174us       2.303us            27  
flashinfer::plan_kernel(int*, int*, int*, int*, int*...         0.00%       0.000us         0.00%       0.000us       0.000us      56.672us         0.38%      56.672us      56.672us             1  
         nvjet_sm100_tst_128x256_64x6_2x1_2cta_v_bz_TNT         0.00%       0.000us         0.00%       0.000us       0.000us      52.448us         0.35%      52.448us      52.448us             1  
                            triton_poi_fused__to_copy_2         0.00%       0.000us         0.00%       0.000us       0.000us      48.835us         0.33%      48.835us       1.878us            26  
                nvjet_sm100_tst_384x8_64x4_2x1_v_bz_TNT         0.00%       0.000us         0.00%       0.000us       0.000us      46.816us         0.32%      46.816us      46.816us             1  
void at::native::reduce_kernel<512, 1, at::native::R...         0.00%       0.000us         0.00%       0.000us       0.000us      24.160us         0.16%      24.160us      24.160us             1  
                               _all_gather_kernel_inner         0.00%       0.000us         0.00%       0.000us       0.000us      11.936us         0.08%      11.936us      11.936us             1  
                         Memcpy HtoD (Pinned -> Device)         0.00%       0.000us         0.00%       0.000us       0.000us      10.111us         0.07%      10.111us       1.264us             8  
void at::native::elementwise_kernel<128, 4, at::nati...         0.00%       0.000us         0.00%       0.000us       0.000us       8.704us         0.06%       8.704us       8.704us             1  
void at::native::index_elementwise_kernel<128, 4, at...         0.00%       0.000us         0.00%       0.000us       0.000us       7.073us         0.05%       7.073us       7.073us             1  
                         Memcpy DtoH (Device -> Pinned)         0.00%       0.000us         0.00%       0.000us       0.000us       6.656us         0.04%       6.656us       3.328us             2  
void at_cuda_detail::cub::detail::scan::DeviceScanKe...         0.00%       0.000us         0.00%       0.000us       0.000us       6.497us         0.04%       6.497us       2.166us             3  
                       Memcpy HtoD (Pageable -> Device)         0.00%       0.000us         0.00%       0.000us       0.000us       6.336us         0.04%       6.336us       1.267us             5  
                       Memcpy DtoH (Device -> Pageable)         0.00%       0.000us         0.00%       0.000us       0.000us       6.240us         0.04%       6.240us       3.120us             2  
void at::native::unrolled_elementwise_kernel<at::nat...         0.00%       0.000us         0.00%       0.000us       0.000us       5.919us         0.04%       5.919us       1.973us             3  
void at::native::unrolled_elementwise_kernel<at::nat...         0.00%       0.000us         0.00%       0.000us       0.000us       4.576us         0.03%       4.576us       4.576us             1  
kernel_cutlass_kernel_flashinfernormkernelsrmsnormRM...         0.00%       0.000us         0.00%       0.000us       0.000us       4.512us         0.03%       4.512us       4.512us             1  
void at_cuda_detail::cub::detail::scan::DeviceScanIn...         0.00%       0.000us         0.00%       0.000us       0.000us       4.256us         0.03%       4.256us       1.419us             3  
void at::native::unrolled_elementwise_kernel<at::nat...         0.00%       0.000us         0.00%       0.000us       0.000us       3.936us         0.03%       3.936us       1.968us             2  
void at::native::vectorized_elementwise_kernel<2, at...         0.00%       0.000us         0.00%       0.000us       0.000us       3.775us         0.03%       3.775us       1.887us             2  
void at::native::vectorized_gather_kernel<16, long>(...         0.00%       0.000us         0.00%       0.000us       0.000us       3.552us         0.02%       3.552us       3.552us             1  
                         write_req_to_token_pool_triton         0.00%       0.000us         0.00%       0.000us       0.000us       3.392us         0.02%       3.392us       3.392us             1  
void at::native::reduce_kernel<512, 1, at::native::R...         0.00%       0.000us         0.00%       0.000us       0.000us       3.360us         0.02%       3.360us       3.360us             1  
void at::native::reduce_kernel<512, 1, at::native::R...         0.00%       0.000us         0.00%       0.000us       0.000us       2.400us         0.02%       2.400us       2.400us             1  
                                compute_position_kernel         0.00%       0.000us         0.00%       0.000us       0.000us       2.176us         0.01%       2.176us       2.176us             1  
void at::native::unrolled_elementwise_kernel<at::nat...         0.00%       0.000us         0.00%       0.000us       0.000us       1.888us         0.01%       1.888us       1.888us             1  
void at::native::unrolled_elementwise_kernel<at::nat...         0.00%       0.000us         0.00%       0.000us       0.000us       1.856us         0.01%       1.856us       1.856us             1  
void at::native::(anonymous namespace)::multi_tensor...         0.00%       0.000us         0.00%       0.000us       0.000us       1.792us         0.01%       1.792us       1.792us             1  
void at::native::vectorized_elementwise_kernel<4, at...         0.00%       0.000us         0.00%       0.000us       0.000us       1.696us         0.01%       1.696us       1.696us             1  
triton_poi_fused_add_bitwise_and_bitwise_not_bitwise...         0.00%       0.000us         0.00%       0.000us       0.000us       1.632us         0.01%       1.632us       1.632us             1  
                    create_flashinfer_kv_indices_triton         0.00%       0.000us         0.00%       0.000us       0.000us       1.280us         0.01%       1.280us       1.280us             1  
                                  cudaDeviceSynchronize         0.48%      38.743us         0.48%      38.743us      12.914us       0.000us         0.00%       0.000us       0.000us             3  
                                Activity Buffer Request        22.67%       1.831ms        22.67%       1.831ms       1.831ms       0.000us         0.00%       0.000us       0.000us             1  
                               cudaPointerGetAttributes         0.06%       4.708us         0.06%       4.708us       4.708us       0.000us         0.00%       0.000us       0.000us             1  
                                  cudaStreamIsCapturing         0.13%      10.215us         0.13%      10.215us       0.444us       0.000us         0.00%       0.000us       0.000us            23  
                                        cudaMemcpyAsync        11.67%     942.878us        11.67%     942.878us      13.096us       0.000us         0.00%       0.000us       0.000us            72  
                               cudaEventRecordWithFlags         0.13%      10.103us         0.13%      10.103us       1.263us       0.000us         0.00%       0.000us       0.000us             8  
                                         cudaEventQuery         0.37%      29.659us         0.37%      29.659us       3.707us       0.000us         0.00%       0.000us       0.000us             8  
                                       cuLaunchKernelEx        20.00%       1.615ms        20.00%       1.615ms       5.938us       0.000us         0.00%       0.000us       0.000us           272  
                                       cudaLaunchKernel        14.01%       1.132ms        14.01%       1.132ms       6.287us       0.000us         0.00%       0.000us       0.000us           180  
                                  cudaStreamSynchronize         0.39%      31.330us         0.39%      31.330us       7.832us       0.000us         0.00%       0.000us       0.000us             4  
                                    cudaPeekAtLastError         0.02%       1.376us         0.02%       1.376us       0.115us       0.000us         0.00%       0.000us       0.000us            12  
cudaOccupancyMaxActiveBlocksPerMultiprocessorWithFla...         0.07%       5.439us         0.07%       5.439us       1.813us       0.000us         0.00%       0.000us       0.000us             3  
                                 cudaDeviceGetAttribute         0.37%      30.206us         0.37%      30.206us       1.007us       0.000us         0.00%       0.000us       0.000us            30  
                                    cudaLaunchKernelExC        22.05%       1.781ms        22.05%       1.781ms       6.548us       0.000us         0.00%       0.000us       0.000us           272  
                                         cuLaunchKernel         5.66%     457.328us         5.66%     457.328us       5.789us       0.000us         0.00%       0.000us       0.000us            79  
                                                INVALID         0.62%      50.296us         0.62%      50.296us       0.466us       0.000us         0.00%       0.000us       0.000us           108  
                                   cudaDriverGetVersion         0.13%      10.192us         0.13%      10.192us       0.094us       0.000us         0.00%       0.000us       0.000us           108  
                                   cudaFuncSetAttribute         1.19%      96.010us         1.19%      96.010us       3.556us       0.000us         0.00%       0.000us       0.000us            27  
-------------------------------------------------------  ------------  ------------  ------------  ------------  ------------  ------------  ------------  ------------  ------------  ------------  
Self CPU time total: 8.077ms
Self CUDA time total: 14.852ms

torch profiler chrome trace for prefill saved to /sgl-workspace/sglang-src/experiment-results/phase11/multiscale_timing_ground_truth/deepseek-v2-lite/chunked_prefill/c2048/r2/traces/trace_rank0_batch1_input2047_output8_prefill.trace.json.gz
Prefill. latency: 0.05964 s, throughput:  34322.35 token/s
Decode 0. Batch size: 1, latency: 0.05429 s, throughput:     18.42 token/s
Decode 1. Batch size: 1, latency: 0.05346 s, throughput:     18.71 token/s
Decode 2. Batch size: 1, latency: 0.05335 s, throughput:     18.74 token/s
Decode 3. Batch size: 1, latency: 0.05455 s, throughput:     18.33 token/s
Decode 4. Batch size: 1, latency: 0.05339 s, throughput:     18.73 token/s
Decode.  median latency: 0.05339 s, median throughput:     18.73 token/s
Total. latency:  0.435 s, throughput:   4719.72 token/s
Warmup workload: batch_size=1, input_len=2048, output_len=8
Prefill. latency: 0.06000 s, throughput:  34134.11 token/s
Decode 0. Batch size: 1, latency: 0.05234 s, throughput:     19.11 token/s
Decode 1. Batch size: 1, latency: 0.05249 s, throughput:     19.05 token/s
Decode 2. Batch size: 1, latency: 0.05225 s, throughput:     19.14 token/s
Decode 3. Batch size: 1, latency: 0.05238 s, throughput:     19.09 token/s
Decode 4. Batch size: 1, latency: 0.05247 s, throughput:     19.06 token/s
Decode.  median latency: 0.05238 s, median throughput:     19.09 token/s
Total. latency:  0.427 s, throughput:   4811.92 token/s
-------------------------------------------------------  ------------  ------------  ------------  ------------  ------------  ------------  ------------  ------------  ------------  ------------  
                                                   Name    Self CPU %      Self CPU   CPU total %     CPU total  CPU time avg     Self CUDA   Self CUDA %    CUDA total  CUDA time avg    # of Calls  
-------------------------------------------------------  ------------  ------------  ------------  ------------  ------------  ------------  ------------  ------------  ------------  ------------  
void (anonymous namespace)::all_reduce_one_shot_kern...         0.00%       0.000us         0.00%       0.000us       0.000us      19.705ms        58.00%      19.705ms     358.267us            55  
                                       fused_moe_kernel         0.00%       0.000us         0.00%       0.000us       0.000us       7.667ms        22.57%       7.667ms     147.435us            52  
void cutlass::device_kernel<cutlass::fmha::kernel::S...         0.00%       0.000us         0.00%       0.000us       0.000us       1.181ms         3.48%       1.181ms      43.742us            27  
         nvjet_sm100_tst_128x256_64x6_2x2_2cta_h_bz_TNT         0.00%       0.000us         0.00%       0.000us       0.000us     767.776us         2.26%     767.776us       9.479us            81  
kernel_cutlass_kernel_flashinfernormkernelsfused_add...         0.00%       0.000us         0.00%       0.000us       0.000us     579.098us         1.70%     579.098us      10.724us            54  
void (anonymous namespace)::act_and_mul_kernel<__nv_...         0.00%       0.000us         0.00%       0.000us       0.000us     530.846us         1.56%     530.846us      10.016us            53  
         nvjet_sm100_tst_176x128_64x8_2x2_2cta_h_bz_TNN         0.00%       0.000us         0.00%       0.000us       0.000us     492.350us         1.45%     492.350us      18.937us            26  
         nvjet_sm100_tst_192x128_64x6_2x2_2cta_h_bz_TNT         0.00%       0.000us         0.00%       0.000us       0.000us     351.554us         1.03%     351.554us      13.021us            27  
void at::native::sbtopk::gatherTopK<float, unsigned ...         0.00%       0.000us         0.00%       0.000us       0.000us     349.214us         1.03%     349.214us       6.716us            52  
                               _all_gather_kernel_inner         0.00%       0.000us         0.00%       0.000us       0.000us     287.359us         0.85%     287.359us     287.359us             1  
void moe_sum_reduce_warp_per_token_vec_kernel<8>(c10...         0.00%       0.000us         0.00%       0.000us       0.000us     258.206us         0.76%     258.206us       9.931us            26  
         nvjet_sm100_tst_144x64_64x12_2x2_2cta_h_bz_TNN         0.00%       0.000us         0.00%       0.000us       0.000us     226.176us         0.67%     226.176us       8.377us            27  
          nvjet_sm100_tss_16x64_64x16_2x2_2cta_h_bz_TNN         0.00%       0.000us         0.00%       0.000us       0.000us     180.546us         0.53%     180.546us       6.944us            26  
                         Memcpy DtoD (Device -> Device)         0.00%       0.000us         0.00%       0.000us       0.000us     172.387us         0.51%     172.387us       3.134us            55  
void count_and_sort_expert_tokens_kernel<int>(int co...         0.00%       0.000us         0.00%       0.000us       0.000us     149.951us         0.44%     149.951us       5.767us            26  
void moe_align_block_size_kernel<int>(int const*, in...         0.00%       0.000us         0.00%       0.000us       0.000us     143.749us         0.42%     143.749us       5.529us            26  
void at::native::vectorized_elementwise_kernel<8, at...         0.00%       0.000us         0.00%       0.000us       0.000us     118.591us         0.35%     118.591us       4.561us            26  
kernel_cutlass_kernel_flashinfernormkernelsrmsnormRM...         0.00%       0.000us         0.00%       0.000us       0.000us     109.281us         0.32%     109.281us       4.047us            27  
void (anonymous namespace)::fused_rope_kernel<false,...         0.00%       0.000us         0.00%       0.000us       0.000us      87.583us         0.26%      87.583us       3.244us            27  
triton_red_fused__softmax_exp_max_prepare_softmax_on...         0.00%       0.000us         0.00%       0.000us       0.000us      85.214us         0.25%      85.214us       3.277us            26  
                           concat_and_cast_mha_k_kernel         0.00%       0.000us         0.00%       0.000us       0.000us      76.258us         0.22%      76.258us       2.824us            27  
triton_poi_fused__softmax__to_copy_arange_bitwise_no...         0.00%       0.000us         0.00%       0.000us       0.000us      66.402us         0.20%      66.402us       2.554us            26  
void (anonymous namespace)::set_mla_kv_buffer_kernel...         0.00%       0.000us         0.00%       0.000us       0.000us      62.275us         0.18%      62.275us       2.306us            27  
flashinfer::plan_kernel(int*, int*, int*, int*, int*...         0.00%       0.000us         0.00%       0.000us       0.000us      56.416us         0.17%      56.416us      56.416us             1  
         nvjet_sm100_tst_128x256_64x6_2x1_2cta_v_bz_TNT         0.00%       0.000us         0.00%       0.000us       0.000us      52.672us         0.16%      52.672us      52.672us             1  
                            triton_poi_fused__to_copy_2         0.00%       0.000us         0.00%       0.000us       0.000us      49.984us         0.15%      49.984us       1.922us            26  
                nvjet_sm100_tst_384x8_64x4_2x1_v_bz_TNT         0.00%       0.000us         0.00%       0.000us       0.000us      46.239us         0.14%      46.239us      46.239us             1  
void at::native::reduce_kernel<512, 1, at::native::R...         0.00%       0.000us         0.00%       0.000us       0.000us      23.648us         0.07%      23.648us      23.648us             1  
                         Memcpy HtoD (Pinned -> Device)         0.00%       0.000us         0.00%       0.000us       0.000us      11.490us         0.03%      11.490us       1.436us             8  
void at::native::elementwise_kernel<128, 4, at::nati...         0.00%       0.000us         0.00%       0.000us       0.000us      10.368us         0.03%      10.368us      10.368us             1  
void at::native::index_elementwise_kernel<128, 4, at...         0.00%       0.000us         0.00%       0.000us       0.000us       7.104us         0.02%       7.104us       7.104us             1  
                         Memcpy DtoH (Device -> Pinned)         0.00%       0.000us         0.00%       0.000us       0.000us       6.721us         0.02%       6.721us       3.361us             2  
                       Memcpy DtoH (Device -> Pageable)         0.00%       0.000us         0.00%       0.000us       0.000us       6.176us         0.02%       6.176us       3.088us             2  
                       Memcpy HtoD (Pageable -> Device)         0.00%       0.000us         0.00%       0.000us       0.000us       5.567us         0.02%       5.567us       1.113us             5  
void at_cuda_detail::cub::detail::scan::DeviceScanKe...         0.00%       0.000us         0.00%       0.000us       0.000us       4.768us         0.01%       4.768us       1.589us             3  
void at::native::unrolled_elementwise_kernel<at::nat...         0.00%       0.000us         0.00%       0.000us       0.000us       4.703us         0.01%       4.703us       1.568us             3  
void at::native::vectorized_gather_kernel<16, long>(...         0.00%       0.000us         0.00%       0.000us       0.000us       4.480us         0.01%       4.480us       4.480us             1  
kernel_cutlass_kernel_flashinfernormkernelsrmsnormRM...         0.00%       0.000us         0.00%       0.000us       0.000us       4.416us         0.01%       4.416us       4.416us             1  
void at::native::unrolled_elementwise_kernel<at::nat...         0.00%       0.000us         0.00%       0.000us       0.000us       4.064us         0.01%       4.064us       4.064us             1  
void at_cuda_detail::cub::detail::scan::DeviceScanIn...         0.00%       0.000us         0.00%       0.000us       0.000us       3.456us         0.01%       3.456us       1.152us             3  
void at::native::vectorized_elementwise_kernel<2, at...         0.00%       0.000us         0.00%       0.000us       0.000us       3.392us         0.01%       3.392us       1.696us             2  
void at::native::unrolled_elementwise_kernel<at::nat...         0.00%       0.000us         0.00%       0.000us       0.000us       2.783us         0.01%       2.783us       1.391us             2  
                         write_req_to_token_pool_triton         0.00%       0.000us         0.00%       0.000us       0.000us       2.688us         0.01%       2.688us       2.688us             1  
void at::native::reduce_kernel<512, 1, at::native::R...         0.00%       0.000us         0.00%       0.000us       0.000us       2.432us         0.01%       2.432us       2.432us             1  
void at::native::unrolled_elementwise_kernel<at::nat...         0.00%       0.000us         0.00%       0.000us       0.000us       2.208us         0.01%       2.208us       2.208us             1  
void at::native::reduce_kernel<512, 1, at::native::R...         0.00%       0.000us         0.00%       0.000us       0.000us       2.080us         0.01%       2.080us       2.080us             1  
void at::native::(anonymous namespace)::multi_tensor...         0.00%       0.000us         0.00%       0.000us       0.000us       1.856us         0.01%       1.856us       1.856us             1  
                                compute_position_kernel         0.00%       0.000us         0.00%       0.000us       0.000us       1.759us         0.01%       1.759us       1.759us             1  
triton_poi_fused_add_bitwise_and_bitwise_not_bitwise...         0.00%       0.000us         0.00%       0.000us       0.000us       1.632us         0.00%       1.632us       1.632us             1  
                    create_flashinfer_kv_indices_triton         0.00%       0.000us         0.00%       0.000us       0.000us       1.216us         0.00%       1.216us       1.216us             1  
void at::native::unrolled_elementwise_kernel<at::nat...         0.00%       0.000us         0.00%       0.000us       0.000us       1.184us         0.00%       1.184us       1.184us             1  
void at::native::vectorized_elementwise_kernel<4, at...         0.00%       0.000us         0.00%       0.000us       0.000us       0.929us         0.00%       0.929us       0.929us             1  
                                  cudaDeviceSynchronize         4.37%     363.956us         4.37%     363.956us     121.319us       0.000us         0.00%       0.000us       0.000us             3  
                                Activity Buffer Request        22.12%       1.844ms        22.12%       1.844ms       1.844ms       0.000us         0.00%       0.000us       0.000us             1  
                               cudaPointerGetAttributes         0.05%       4.393us         0.05%       4.393us       4.393us       0.000us         0.00%       0.000us       0.000us             1  
                                  cudaStreamIsCapturing         0.13%      11.068us         0.13%      11.068us       0.481us       0.000us         0.00%       0.000us       0.000us            23  
                                        cudaMemcpyAsync        11.37%     947.694us        11.37%     947.694us      13.162us       0.000us         0.00%       0.000us       0.000us            72  
                               cudaEventRecordWithFlags         0.12%      10.163us         0.12%      10.163us       1.270us       0.000us         0.00%       0.000us       0.000us             8  
                                         cudaEventQuery         0.36%      29.835us         0.36%      29.835us       3.729us       0.000us         0.00%       0.000us       0.000us             8  
                                       cuLaunchKernelEx        19.38%       1.616ms        19.38%       1.616ms       5.941us       0.000us         0.00%       0.000us       0.000us           272  
                                       cudaLaunchKernel        13.31%       1.109ms        13.31%       1.109ms       6.163us       0.000us         0.00%       0.000us       0.000us           180  
                                  cudaStreamSynchronize         0.39%      32.406us         0.39%      32.406us       8.102us       0.000us         0.00%       0.000us       0.000us             4  
                                    cudaPeekAtLastError         0.02%       1.376us         0.02%       1.376us       0.115us       0.000us         0.00%       0.000us       0.000us            12  
cudaOccupancyMaxActiveBlocksPerMultiprocessorWithFla...         0.07%       5.649us         0.07%       5.649us       1.883us       0.000us         0.00%       0.000us       0.000us             3  
                                 cudaDeviceGetAttribute         0.36%      29.920us         0.36%      29.920us       0.997us       0.000us         0.00%       0.000us       0.000us            30  
                                    cudaLaunchKernelExC        20.87%       1.739ms        20.87%       1.739ms       6.394us       0.000us         0.00%       0.000us       0.000us           272  
                                         cuLaunchKernel         5.22%     435.502us         5.22%     435.502us       5.513us       0.000us         0.00%       0.000us       0.000us            79  
                                                INVALID         0.59%      48.991us         0.59%      48.991us       0.454us       0.000us         0.00%       0.000us       0.000us           108  
                                   cudaDriverGetVersion         0.12%       9.972us         0.12%       9.972us       0.092us       0.000us         0.00%       0.000us       0.000us           108  
                                   cudaFuncSetAttribute         1.16%      96.880us         1.16%      96.880us       3.588us       0.000us         0.00%       0.000us       0.000us            27  
-------------------------------------------------------  ------------  ------------  ------------  ------------  ------------  ------------  ------------  ------------  ------------  ------------  
Self CPU time total: 8.336ms
Self CUDA time total: 33.974ms

torch profiler chrome trace for prefill saved to /sgl-workspace/sglang-src/experiment-results/phase11/multiscale_timing_ground_truth/deepseek-v2-lite/chunked_prefill/c2048/r2/traces/trace_rank0_batch1_input2048_output8_prefill.trace.json.gz
Prefill. latency: 0.05896 s, throughput:  34733.97 token/s
Decode 0. Batch size: 1, latency: 0.05374 s, throughput:     18.61 token/s
Decode 1. Batch size: 1, latency: 0.05336 s, throughput:     18.74 token/s
Decode 2. Batch size: 1, latency: 0.05339 s, throughput:     18.73 token/s
Decode 3. Batch size: 1, latency: 0.05338 s, throughput:     18.73 token/s
Decode 4. Batch size: 1, latency: 0.05335 s, throughput:     18.75 token/s
Decode.  median latency: 0.05338 s, median throughput:     18.73 token/s
Total. latency:  0.433 s, throughput:   4748.18 token/s
Warmup workload: batch_size=1, input_len=2049, output_len=8
Prefill. latency: 0.10819 s, throughput:  18939.42 token/s
Decode 0. Batch size: 1, latency: 0.05265 s, throughput:     18.99 token/s
Decode 1. Batch size: 1, latency: 0.05239 s, throughput:     19.09 token/s
Decode 2. Batch size: 1, latency: 0.05251 s, throughput:     19.05 token/s
Decode 3. Batch size: 1, latency: 0.05256 s, throughput:     19.03 token/s
Decode 4. Batch size: 1, latency: 0.05249 s, throughput:     19.05 token/s
Decode.  median latency: 0.05256 s, median throughput:     19.03 token/s
Total. latency:  0.476 s, throughput:   4322.09 token/s
-------------------------------------------------------  ------------  ------------  ------------  ------------  ------------  ------------  ------------  ------------  ------------  ------------  
                                                   Name    Self CPU %      Self CPU   CPU total %     CPU total  CPU time avg     Self CUDA   Self CUDA %    CUDA total  CUDA time avg    # of Calls  
-------------------------------------------------------  ------------  ------------  ------------  ------------  ------------  ------------  ------------  ------------  ------------  ------------  
void (anonymous namespace)::all_reduce_one_shot_kern...         0.00%       0.000us         0.00%       0.000us       0.000us      15.886ms        47.32%      15.886ms     288.843us            55  
                                       fused_moe_kernel         0.00%       0.000us         0.00%       0.000us       0.000us       8.292ms        24.70%       8.292ms      79.734us           104  
void cutlass::device_kernel<cutlass::fmha::kernel::S...         0.00%       0.000us         0.00%       0.000us       0.000us       1.182ms         3.52%       1.182ms      43.785us            27  
         nvjet_sm100_tst_128x256_64x6_2x2_2cta_h_bz_TNT         0.00%       0.000us         0.00%       0.000us       0.000us     767.322us         2.29%     767.322us       9.473us            81  
void flashinfer::mla::BatchMLAPagedAttentionKernel<f...         0.00%       0.000us         0.00%       0.000us       0.000us     663.869us         1.98%     663.869us      24.588us            27  
kernel_cutlass_kernel_flashinfernormkernelsfused_add...         0.00%       0.000us         0.00%       0.000us       0.000us     662.521us         1.97%     662.521us       6.134us           108  
void (anonymous namespace)::act_and_mul_kernel<__nv_...         0.00%       0.000us         0.00%       0.000us       0.000us     649.437us         1.93%     649.437us       6.127us           106  
         nvjet_sm100_tst_176x128_64x8_2x2_2cta_h_bz_TNN         0.00%       0.000us         0.00%       0.000us       0.000us     489.087us         1.46%     489.087us      18.811us            26  
               nvjet_sm100_tst_16x64_64x16_4x1_v_bz_TNN         0.00%       0.000us         0.00%       0.000us       0.000us     478.975us         1.43%     478.975us       5.987us            80  
         nvjet_sm100_tst_192x128_64x6_2x2_2cta_h_bz_TNT         0.00%       0.000us         0.00%       0.000us       0.000us     349.471us         1.04%     349.471us      12.943us            27  
void at::native::sbtopk::gatherTopK<float, unsigned ...         0.00%       0.000us         0.00%       0.000us       0.000us     348.899us         1.04%     348.899us       6.710us            52  
void moe_sum_reduce_warp_per_token_vec_kernel<8>(c10...         0.00%       0.000us         0.00%       0.000us       0.000us     256.705us         0.76%     256.705us       9.873us            26  
void (anonymous namespace)::all_reduce_one_shot_push...         0.00%       0.000us         0.00%       0.000us       0.000us     223.354us         0.67%     223.354us       4.061us            55  
         nvjet_sm100_tst_144x64_64x12_2x2_2cta_h_bz_TNN         0.00%       0.000us         0.00%       0.000us       0.000us     221.280us         0.66%     221.280us       8.196us            27  
void moe_align_block_size_kernel<int>(int const*, in...         0.00%       0.000us         0.00%       0.000us       0.000us     214.750us         0.64%     214.750us       4.130us            52  
void at::native::sbtopk::gatherTopK<float, unsigned ...         0.00%       0.000us         0.00%       0.000us       0.000us     202.335us         0.60%     202.335us       3.891us            52  
void count_and_sort_expert_tokens_kernel<int>(int co...         0.00%       0.000us         0.00%       0.000us       0.000us     195.097us         0.58%     195.097us       3.752us            52  
          nvjet_sm100_tss_16x64_64x16_2x2_2cta_h_bz_TNN         0.00%       0.000us         0.00%       0.000us       0.000us     177.792us         0.53%     177.792us       6.838us            26  
                         Memcpy DtoD (Device -> Device)         0.00%       0.000us         0.00%       0.000us       0.000us     172.482us         0.51%     172.482us       3.136us            55  
               nvjet_sm100_tst_32x64_64x16_4x1_v_bz_TNN         0.00%       0.000us         0.00%       0.000us       0.000us     170.817us         0.51%     170.817us       6.570us            26  
void at::native::vectorized_elementwise_kernel<8, at...         0.00%       0.000us         0.00%       0.000us       0.000us     158.591us         0.47%     158.591us       3.050us            52  
triton_red_fused__softmax_exp_max_prepare_softmax_on...         0.00%       0.000us         0.00%       0.000us       0.000us     140.995us         0.42%     140.995us       2.711us            52  
void (anonymous namespace)::fused_rope_kernel<false,...         0.00%       0.000us         0.00%       0.000us       0.000us     131.266us         0.39%     131.266us       2.431us            54  
        nvjet_sm100_tst_32x64_64x16_4x1_v_bz_splitK_TNN         0.00%       0.000us         0.00%       0.000us       0.000us     110.750us         0.33%     110.750us       4.102us            27  
triton_poi_fused__softmax__to_copy_arange_bitwise_no...         0.00%       0.000us         0.00%       0.000us       0.000us     107.745us         0.32%     107.745us       2.072us            52  
kernel_cutlass_kernel_flashinfernormkernelsrmsnormRM...         0.00%       0.000us         0.00%       0.000us       0.000us     101.987us         0.30%     101.987us       3.777us            27  
        nvjet_sm100_tss_32x64_64x16_2x1_v_bz_splitK_TNN         0.00%       0.000us         0.00%       0.000us       0.000us      93.344us         0.28%      93.344us       3.590us            26  
                nvjet_sm100_tst_8x64_64x16_4x1_v_bz_TNN         0.00%       0.000us         0.00%       0.000us       0.000us      93.120us         0.28%      93.120us       3.449us            27  
                            triton_poi_fused__to_copy_2         0.00%       0.000us         0.00%       0.000us       0.000us      87.298us         0.26%      87.298us       1.679us            52  
                nvjet_sm100_tst_384x8_64x4_2x1_v_bz_TNT         0.00%       0.000us         0.00%       0.000us       0.000us      86.721us         0.26%      86.721us      43.360us             2  
                nvjet_sm100_tst_64x8_64x16_4x1_v_bz_TNT         0.00%       0.000us         0.00%       0.000us       0.000us      77.597us         0.23%      77.597us       2.874us            27  
                           concat_and_cast_mha_k_kernel         0.00%       0.000us         0.00%       0.000us       0.000us      76.385us         0.23%      76.385us       2.829us            27  
void cublasLt::splitKreduce_kernel<32, 16, int, floa...         0.00%       0.000us         0.00%       0.000us       0.000us      67.423us         0.20%      67.423us       2.325us            29  
void (anonymous namespace)::set_mla_kv_buffer_kernel...         0.00%       0.000us         0.00%       0.000us       0.000us      61.632us         0.18%      61.632us       2.283us            27  
flashinfer::plan_kernel(int*, int*, int*, int*, int*...         0.00%       0.000us         0.00%       0.000us       0.000us      56.576us         0.17%      56.576us      56.576us             1  
         nvjet_sm100_tst_128x256_64x6_2x1_2cta_v_bz_TNT         0.00%       0.000us         0.00%       0.000us       0.000us      52.352us         0.16%      52.352us      52.352us             1  
kernel_cutlass_kernel_flashinfernormkernelsrmsnormRM...         0.00%       0.000us         0.00%       0.000us       0.000us      48.959us         0.15%      48.959us       1.813us            27  
void cublasLt::splitKreduce_kernel<32, 16, int, floa...         0.00%       0.000us         0.00%       0.000us       0.000us      47.424us         0.14%      47.424us       1.824us            26  
void at::native::reduce_kernel<512, 1, at::native::R...         0.00%       0.000us         0.00%       0.000us       0.000us      46.847us         0.14%      46.847us      23.424us             2  
                       triton_poi_fused_copy__mul_sum_0         0.00%       0.000us         0.00%       0.000us       0.000us      41.534us         0.12%      41.534us       1.597us            26  
                               set_mla_kv_buffer_kernel         0.00%       0.000us         0.00%       0.000us       0.000us      38.177us         0.11%      38.177us       1.414us            27  
                         Memcpy HtoD (Pinned -> Device)         0.00%       0.000us         0.00%       0.000us       0.000us      37.053us         0.11%      37.053us       2.180us            17  
         nvjet_sm100_tst_64x8_64x16_4x1_v_bz_splitK_TNT         0.00%       0.000us         0.00%       0.000us       0.000us      17.664us         0.05%      17.664us       8.832us             2  
                               _all_gather_kernel_inner         0.00%       0.000us         0.00%       0.000us       0.000us      16.576us         0.05%      16.576us       8.288us             2  
                       Memcpy DtoH (Device -> Pageable)         0.00%       0.000us         0.00%       0.000us       0.000us      15.840us         0.05%      15.840us       3.168us             5  
                       Memcpy HtoD (Pageable -> Device)         0.00%       0.000us         0.00%       0.000us       0.000us      15.200us         0.05%      15.200us       1.520us            10  
void at::native::index_elementwise_kernel<128, 4, at...         0.00%       0.000us         0.00%       0.000us       0.000us      13.728us         0.04%      13.728us       6.864us             2  
void at::native::elementwise_kernel<128, 4, at::nati...         0.00%       0.000us         0.00%       0.000us       0.000us      13.313us         0.04%      13.313us       6.656us             2  
void at_cuda_detail::cub::detail::scan::DeviceScanKe...         0.00%       0.000us         0.00%       0.000us       0.000us      11.361us         0.03%      11.361us       1.893us             6  
void at::native::unrolled_elementwise_kernel<at::nat...         0.00%       0.000us         0.00%       0.000us       0.000us      11.199us         0.03%      11.199us       2.240us             5  
void at::native::unrolled_elementwise_kernel<at::nat...         0.00%       0.000us         0.00%       0.000us       0.000us       9.216us         0.03%       9.216us       4.608us             2  
void at_cuda_detail::cub::detail::scan::DeviceScanIn...         0.00%       0.000us         0.00%       0.000us       0.000us       7.774us         0.02%       7.774us       1.296us             6  
kernel_cutlass_kernel_flashinfernormkernelsrmsnormRM...         0.00%       0.000us         0.00%       0.000us       0.000us       6.944us         0.02%       6.944us       3.472us             2  
void at::native::vectorized_elementwise_kernel<2, at...         0.00%       0.000us         0.00%       0.000us       0.000us       6.752us         0.02%       6.752us       1.688us             4  
void at::native::unrolled_elementwise_kernel<at::nat...         0.00%       0.000us         0.00%       0.000us       0.000us       6.528us         0.02%       6.528us       1.632us             4  
                         Memcpy DtoH (Device -> Pinned)         0.00%       0.000us         0.00%       0.000us       0.000us       6.496us         0.02%       6.496us       3.248us             2  
                         write_req_to_token_pool_triton         0.00%       0.000us         0.00%       0.000us       0.000us       6.049us         0.02%       6.049us       3.024us             2  
void at::native::vectorized_gather_kernel<16, long>(...         0.00%       0.000us         0.00%       0.000us       0.000us       4.351us         0.01%       4.351us       4.351us             1  
void at::native::(anonymous namespace)::multi_tensor...         0.00%       0.000us         0.00%       0.000us       0.000us       3.712us         0.01%       3.712us       1.856us             2  
                    create_flashinfer_kv_indices_triton         0.00%       0.000us         0.00%       0.000us       0.000us       3.712us         0.01%       3.712us       1.856us             2  
void at::native::unrolled_elementwise_kernel<at::nat...         0.00%       0.000us         0.00%       0.000us       0.000us       3.680us         0.01%       3.680us       1.840us             2  
                                compute_position_kernel         0.00%       0.000us         0.00%       0.000us       0.000us       3.168us         0.01%       3.168us       1.584us             2  
void at::native::reduce_kernel<512, 1, at::native::R...         0.00%       0.000us         0.00%       0.000us       0.000us       3.008us         0.01%       3.008us       3.008us             1  
void at::native::vectorized_elementwise_kernel<4, at...         0.00%       0.000us         0.00%       0.000us       0.000us       2.880us         0.01%       2.880us       1.440us             2  
void at::native::unrolled_elementwise_kernel<at::nat...         0.00%       0.000us         0.00%       0.000us       0.000us       2.783us         0.01%       2.783us       1.391us             2  
void at::native::reduce_kernel<512, 1, at::native::R...         0.00%       0.000us         0.00%       0.000us       0.000us       2.176us         0.01%       2.176us       2.176us             1  
void at::native::(anonymous namespace)::indexSelectS...         0.00%       0.000us         0.00%       0.000us       0.000us       2.144us         0.01%       2.144us       2.144us             1  
triton_poi_fused_add_bitwise_and_bitwise_not_bitwise...         0.00%       0.000us         0.00%       0.000us       0.000us       1.408us         0.00%       1.408us       1.408us             1  
triton_poi_fused_add_bitwise_and_bitwise_or_ge_lt_mu...         0.00%       0.000us         0.00%       0.000us       0.000us       1.312us         0.00%       1.312us       1.312us             1  
triton_poi_fused_bitwise_and_bitwise_not_bitwise_or_...         0.00%       0.000us         0.00%       0.000us       0.000us       1.152us         0.00%       1.152us       1.152us             1  
                                  cudaDeviceSynchronize         0.45%      61.359us         0.45%      61.359us      12.272us       0.000us         0.00%       0.000us       0.000us             5  
                                Activity Buffer Request        13.50%       1.824ms        13.50%       1.824ms       1.824ms       0.000us         0.00%       0.000us       0.000us             1  
                               cudaPointerGetAttributes         0.06%       7.991us         0.06%       7.991us       3.995us       0.000us         0.00%       0.000us       0.000us             2  
                                         cudaEventQuery         0.41%      55.603us         0.41%      55.603us       3.475us       0.000us         0.00%       0.000us       0.000us            16  
                                  cudaStreamIsCapturing         0.16%      21.303us         0.16%      21.303us       0.453us       0.000us         0.00%       0.000us       0.000us            47  
                                        cudaMemcpyAsync         7.93%       1.072ms         7.93%       1.072ms      12.048us       0.000us         0.00%       0.000us       0.000us            89  
                               cudaEventRecordWithFlags         0.14%      19.039us         0.14%      19.039us       1.190us       0.000us         0.00%       0.000us       0.000us            16  
                                       cuLaunchKernelEx        24.78%       3.349ms        24.78%       3.349ms       5.865us       0.000us         0.00%       0.000us       0.000us           571  
                                       cudaLaunchKernel        15.35%       2.074ms        15.35%       2.074ms       6.267us       0.000us         0.00%       0.000us       0.000us           331  
                                  cudaStreamSynchronize         0.32%      43.688us         0.32%      43.688us       6.241us       0.000us         0.00%       0.000us       0.000us             7  
                                    cudaPeekAtLastError         0.02%       2.779us         0.02%       2.779us       0.116us       0.000us         0.00%       0.000us       0.000us            24  
cudaOccupancyMaxActiveBlocksPerMultiprocessorWithFla...         0.08%      11.050us         0.08%      11.050us       1.842us       0.000us         0.00%       0.000us       0.000us             6  
                                 cudaDeviceGetAttribute         0.42%      57.295us         0.42%      57.295us       0.939us       0.000us         0.00%       0.000us       0.000us            61  
                                    cudaLaunchKernelExC        25.51%       3.448ms        25.51%       3.448ms       6.338us       0.000us         0.00%       0.000us       0.000us           544  
                                         cuLaunchKernel         7.56%       1.021ms         7.56%       1.021ms       5.521us       0.000us         0.00%       0.000us       0.000us           185  
                                                INVALID         0.37%      49.369us         0.37%      49.369us       0.457us       0.000us         0.00%       0.000us       0.000us           108  
                                   cudaDriverGetVersion         0.08%      10.437us         0.08%      10.437us       0.097us       0.000us         0.00%       0.000us       0.000us           108  
                                   cudaFuncSetAttribute         1.27%     172.000us         1.27%     172.000us       3.185us       0.000us         0.00%       0.000us       0.000us            54  
                            cudaLaunchCooperativeKernel         1.58%     212.856us         1.58%     212.856us       7.884us       0.000us         0.00%       0.000us       0.000us            27  
-------------------------------------------------------  ------------  ------------  ------------  ------------  ------------  ------------  ------------  ------------  ------------  ------------  
Self CPU time total: 13.514ms
Self CUDA time total: 33.569ms

-------------------------------------------------------  ------------  ------------  ------------  ------------  ------------  ------------  ------------  ------------  ------------  ------------  
                                                   Name    Self CPU %      Self CPU   CPU total %     CPU total  CPU time avg     Self CUDA   Self CUDA %    CUDA total  CUDA time avg    # of Calls  
-------------------------------------------------------  ------------  ------------  ------------  ------------  ------------  ------------  ------------  ------------  ------------  ------------  
void (anonymous namespace)::all_reduce_one_shot_push...         0.00%       0.000us         0.00%       0.000us       0.000us       9.170ms        27.90%       9.170ms     166.735us            55  
                                       fused_moe_kernel         0.00%       0.000us         0.00%       0.000us       0.000us       8.282ms        25.20%       8.282ms      79.636us           104  
kernel_cutlass_kernel_flashinfernormkernelsfused_add...         0.00%       0.000us         0.00%       0.000us       0.000us       3.347ms        10.18%       3.347ms      30.988us           108  
void (anonymous namespace)::all_reduce_one_shot_kern...         0.00%       0.000us         0.00%       0.000us       0.000us       3.271ms         9.95%       3.271ms      59.469us            55  
void cutlass::device_kernel<cutlass::fmha::kernel::S...         0.00%       0.000us         0.00%       0.000us       0.000us       1.186ms         3.61%       1.186ms      43.923us            27  
         nvjet_sm100_tst_128x256_64x6_2x2_2cta_h_bz_TNT         0.00%       0.000us         0.00%       0.000us       0.000us     785.635us         2.39%     785.635us       9.699us            81  
void flashinfer::mla::BatchMLAPagedAttentionKernel<f...         0.00%       0.000us         0.00%       0.000us       0.000us     661.663us         2.01%     661.663us      24.506us            27  
void (anonymous namespace)::act_and_mul_kernel<__nv_...         0.00%       0.000us         0.00%       0.000us       0.000us     615.805us         1.87%     615.805us       5.809us           106  
         nvjet_sm100_tst_176x128_64x8_2x2_2cta_h_bz_TNN         0.00%       0.000us         0.00%       0.000us       0.000us     491.296us         1.49%     491.296us      18.896us            26  
               nvjet_sm100_tst_16x64_64x16_4x1_v_bz_TNN         0.00%       0.000us         0.00%       0.000us       0.000us     459.517us         1.40%     459.517us       5.744us            80  
void at::native::sbtopk::gatherTopK<float, unsigned ...         0.00%       0.000us         0.00%       0.000us       0.000us     349.501us         1.06%     349.501us       6.721us            52  
         nvjet_sm100_tst_192x128_64x6_2x2_2cta_h_bz_TNT         0.00%       0.000us         0.00%       0.000us       0.000us     336.446us         1.02%     336.446us      12.461us            27  
                               _all_gather_kernel_inner         0.00%       0.000us         0.00%       0.000us       0.000us     336.192us         1.02%     336.192us     168.096us             2  
void moe_sum_reduce_warp_per_token_vec_kernel<8>(c10...         0.00%       0.000us         0.00%       0.000us       0.000us     257.630us         0.78%     257.630us       9.909us            26  
void moe_align_block_size_kernel<int>(int const*, in...         0.00%       0.000us         0.00%       0.000us       0.000us     230.654us         0.70%     230.654us       4.436us            52  
void at::native::sbtopk::gatherTopK<float, unsigned ...         0.00%       0.000us         0.00%       0.000us       0.000us     208.704us         0.63%     208.704us       4.014us            52  
void count_and_sort_expert_tokens_kernel<int>(int co...         0.00%       0.000us         0.00%       0.000us       0.000us     195.360us         0.59%     195.360us       3.757us            52  
         nvjet_sm100_tst_144x64_64x12_2x2_2cta_h_bz_TNN         0.00%       0.000us         0.00%       0.000us       0.000us     190.818us         0.58%     190.818us       7.067us            27  
               nvjet_sm100_tst_32x64_64x16_4x1_v_bz_TNN         0.00%       0.000us         0.00%       0.000us       0.000us     172.353us         0.52%     172.353us       6.629us            26  
                         Memcpy DtoD (Device -> Device)         0.00%       0.000us         0.00%       0.000us       0.000us     171.873us         0.52%     171.873us       3.125us            55  
void at::native::vectorized_elementwise_kernel<8, at...         0.00%       0.000us         0.00%       0.000us       0.000us     160.704us         0.49%     160.704us       3.090us            52  
triton_red_fused__softmax_exp_max_prepare_softmax_on...         0.00%       0.000us         0.00%       0.000us       0.000us     149.597us         0.46%     149.597us       2.877us            52  
          nvjet_sm100_tss_16x64_64x16_2x2_2cta_h_bz_TNN         0.00%       0.000us         0.00%       0.000us       0.000us     144.957us         0.44%     144.957us       5.575us            26  
void (anonymous namespace)::fused_rope_kernel<false,...         0.00%       0.000us         0.00%       0.000us       0.000us     143.074us         0.44%     143.074us       2.650us            54  
triton_poi_fused__softmax__to_copy_arange_bitwise_no...         0.00%       0.000us         0.00%       0.000us       0.000us     124.544us         0.38%     124.544us       2.395us            52  
        nvjet_sm100_tst_32x64_64x16_4x1_v_bz_splitK_TNN         0.00%       0.000us         0.00%       0.000us       0.000us     112.413us         0.34%     112.413us       4.163us            27  
        nvjet_sm100_tss_32x64_64x16_2x1_v_bz_splitK_TNN         0.00%       0.000us         0.00%       0.000us       0.000us     101.923us         0.31%     101.923us       3.920us            26  
                nvjet_sm100_tst_8x64_64x16_4x1_v_bz_TNN         0.00%       0.000us         0.00%       0.000us       0.000us      92.668us         0.28%      92.668us       3.432us            27  
                            triton_poi_fused__to_copy_2         0.00%       0.000us         0.00%       0.000us       0.000us      89.531us         0.27%      89.531us       1.722us            52  
                nvjet_sm100_tst_384x8_64x4_2x1_v_bz_TNT         0.00%       0.000us         0.00%       0.000us       0.000us      84.351us         0.26%      84.351us      42.176us             2  
                nvjet_sm100_tst_64x8_64x16_4x1_v_bz_TNT         0.00%       0.000us         0.00%       0.000us       0.000us      78.175us         0.24%      78.175us       2.895us            27  
                           concat_and_cast_mha_k_kernel         0.00%       0.000us         0.00%       0.000us       0.000us      76.670us         0.23%      76.670us       2.840us            27  
void cublasLt::splitKreduce_kernel<32, 16, int, floa...         0.00%       0.000us         0.00%       0.000us       0.000us      71.839us         0.22%      71.839us       2.477us            29  
kernel_cutlass_kernel_flashinfernormkernelsrmsnormRM...         0.00%       0.000us         0.00%       0.000us       0.000us      66.238us         0.20%      66.238us       2.453us            27  
void cublasLt::splitKreduce_kernel<32, 16, int, floa...         0.00%       0.000us         0.00%       0.000us       0.000us      61.728us         0.19%      61.728us       2.374us            26  
void (anonymous namespace)::set_mla_kv_buffer_kernel...         0.00%       0.000us         0.00%       0.000us       0.000us      61.536us         0.19%      61.536us       2.279us            27  
flashinfer::plan_kernel(int*, int*, int*, int*, int*...         0.00%       0.000us         0.00%       0.000us       0.000us      56.255us         0.17%      56.255us      56.255us             1  
kernel_cutlass_kernel_flashinfernormkernelsrmsnormRM...         0.00%       0.000us         0.00%       0.000us       0.000us      54.554us         0.17%      54.554us       2.021us            27  
         nvjet_sm100_tst_128x256_64x6_2x1_2cta_v_bz_TNT         0.00%       0.000us         0.00%       0.000us       0.000us      52.672us         0.16%      52.672us      52.672us             1  
void at::native::reduce_kernel<512, 1, at::native::R...         0.00%       0.000us         0.00%       0.000us       0.000us      48.992us         0.15%      48.992us      24.496us             2  
                               set_mla_kv_buffer_kernel         0.00%       0.000us         0.00%       0.000us       0.000us      46.816us         0.14%      46.816us       1.734us            27  
                       triton_poi_fused_copy__mul_sum_0         0.00%       0.000us         0.00%       0.000us       0.000us      45.696us         0.14%      45.696us       1.758us            26  
                         Memcpy HtoD (Pinned -> Device)         0.00%       0.000us         0.00%       0.000us       0.000us      38.400us         0.12%      38.400us       2.259us            17  
         nvjet_sm100_tst_64x8_64x16_4x1_v_bz_splitK_TNT         0.00%       0.000us         0.00%       0.000us       0.000us      17.792us         0.05%      17.792us       8.896us             2  
                       Memcpy DtoH (Device -> Pageable)         0.00%       0.000us         0.00%       0.000us       0.000us      15.873us         0.05%      15.873us       3.175us             5  
                       Memcpy HtoD (Pageable -> Device)         0.00%       0.000us         0.00%       0.000us       0.000us      14.494us         0.04%      14.494us       1.449us            10  
void at::native::index_elementwise_kernel<128, 4, at...         0.00%       0.000us         0.00%       0.000us       0.000us      13.505us         0.04%      13.505us       6.753us             2  
void at_cuda_detail::cub::detail::scan::DeviceScanKe...         0.00%       0.000us         0.00%       0.000us       0.000us      12.062us         0.04%      12.062us       2.010us             6  
void at::native::unrolled_elementwise_kernel<at::nat...         0.00%       0.000us         0.00%       0.000us       0.000us      11.488us         0.03%      11.488us       2.298us             5  
void at::native::elementwise_kernel<128, 4, at::nati...         0.00%       0.000us         0.00%       0.000us       0.000us      10.784us         0.03%      10.784us       5.392us             2  
void at::native::unrolled_elementwise_kernel<at::nat...         0.00%       0.000us         0.00%       0.000us       0.000us       8.128us         0.02%       8.128us       4.064us             2  
void at_cuda_detail::cub::detail::scan::DeviceScanIn...         0.00%       0.000us         0.00%       0.000us       0.000us       8.095us         0.02%       8.095us       1.349us             6  
void at::native::vectorized_elementwise_kernel<2, at...         0.00%       0.000us         0.00%       0.000us       0.000us       7.840us         0.02%       7.840us       1.960us             4  
                         write_req_to_token_pool_triton         0.00%       0.000us         0.00%       0.000us       0.000us       7.264us         0.02%       7.264us       3.632us             2  
void at::native::unrolled_elementwise_kernel<at::nat...         0.00%       0.000us         0.00%       0.000us       0.000us       7.135us         0.02%       7.135us       1.784us             4  
kernel_cutlass_kernel_flashinfernormkernelsrmsnormRM...         0.00%       0.000us         0.00%       0.000us       0.000us       6.976us         0.02%       6.976us       3.488us             2  
                         Memcpy DtoH (Device -> Pinned)         0.00%       0.000us         0.00%       0.000us       0.000us       6.719us         0.02%       6.719us       3.360us             2  
                    create_flashinfer_kv_indices_triton         0.00%       0.000us         0.00%       0.000us       0.000us       5.312us         0.02%       5.312us       2.656us             2  
void at::native::unrolled_elementwise_kernel<at::nat...         0.00%       0.000us         0.00%       0.000us       0.000us       4.608us         0.01%       4.608us       2.304us             2  
void at::native::(anonymous namespace)::multi_tensor...         0.00%       0.000us         0.00%       0.000us       0.000us       4.064us         0.01%       4.064us       2.032us             2  
                                compute_position_kernel         0.00%       0.000us         0.00%       0.000us       0.000us       3.808us         0.01%       3.808us       1.904us             2  
void at::native::vectorized_gather_kernel<16, long>(...         0.00%       0.000us         0.00%       0.000us       0.000us       3.617us         0.01%       3.617us       3.617us             1  
void at::native::unrolled_elementwise_kernel<at::nat...         0.00%       0.000us         0.00%       0.000us       0.000us       3.200us         0.01%       3.200us       1.600us             2  
void at::native::reduce_kernel<512, 1, at::native::R...         0.00%       0.000us         0.00%       0.000us       0.000us       2.975us         0.01%       2.975us       2.975us             1  
void at::native::reduce_kernel<512, 1, at::native::R...         0.00%       0.000us         0.00%       0.000us       0.000us       2.656us         0.01%       2.656us       2.656us             1  
void at::native::vectorized_elementwise_kernel<4, at...         0.00%       0.000us         0.00%       0.000us       0.000us       2.528us         0.01%       2.528us       1.264us             2  
void at::native::(anonymous namespace)::indexSelectS...         0.00%       0.000us         0.00%       0.000us       0.000us       2.304us         0.01%       2.304us       2.304us             1  
triton_poi_fused_add_bitwise_and_bitwise_or_ge_lt_mu...         0.00%       0.000us         0.00%       0.000us       0.000us       2.112us         0.01%       2.112us       2.112us             1  
triton_poi_fused_bitwise_and_bitwise_not_bitwise_or_...         0.00%       0.000us         0.00%       0.000us       0.000us       1.792us         0.01%       1.792us       1.792us             1  
triton_poi_fused_add_bitwise_and_bitwise_not_bitwise...         0.00%       0.000us         0.00%       0.000us       0.000us       1.760us         0.01%       1.760us       1.760us             1  
                                  cudaDeviceSynchronize         1.22%     166.506us         1.22%     166.506us      33.301us       0.000us         0.00%       0.000us       0.000us             5  
                                Activity Buffer Request        13.32%       1.825ms        13.32%       1.825ms       1.825ms       0.000us         0.00%       0.000us       0.000us             1  
                               cudaPointerGetAttributes         0.06%       7.659us         0.06%       7.659us       3.829us       0.000us         0.00%       0.000us       0.000us             2  
                                         cudaEventQuery         0.40%      55.087us         0.40%      55.087us       3.443us       0.000us         0.00%       0.000us       0.000us            16  
                                  cudaStreamIsCapturing         0.14%      19.194us         0.14%      19.194us       0.408us       0.000us         0.00%       0.000us       0.000us            47  
                                        cudaMemcpyAsync         7.76%       1.063ms         7.76%       1.063ms      11.942us       0.000us         0.00%       0.000us       0.000us            89  
                               cudaEventRecordWithFlags         0.14%      18.933us         0.14%      18.933us       1.183us       0.000us         0.00%       0.000us       0.000us            16  
                                       cuLaunchKernelEx        24.70%       3.382ms        24.70%       3.382ms       5.923us       0.000us         0.00%       0.000us       0.000us           571  
                                       cudaLaunchKernel        15.39%       2.108ms        15.39%       2.108ms       6.369us       0.000us         0.00%       0.000us       0.000us           331  
                                  cudaStreamSynchronize         0.32%      43.256us         0.32%      43.256us       6.179us       0.000us         0.00%       0.000us       0.000us             7  
                                    cudaPeekAtLastError         0.02%       2.770us         0.02%       2.770us       0.115us       0.000us         0.00%       0.000us       0.000us            24  
cudaOccupancyMaxActiveBlocksPerMultiprocessorWithFla...         0.08%      10.818us         0.08%      10.818us       1.803us       0.000us         0.00%       0.000us       0.000us             6  
                                 cudaDeviceGetAttribute         0.42%      57.067us         0.42%      57.067us       0.936us       0.000us         0.00%       0.000us       0.000us            61  
                                    cudaLaunchKernelExC        25.28%       3.462ms        25.28%       3.462ms       6.365us       0.000us         0.00%       0.000us       0.000us           544  
                                         cuLaunchKernel         7.42%       1.017ms         7.42%       1.017ms       5.495us       0.000us         0.00%       0.000us       0.000us           185  
                                                INVALID         0.36%      49.415us         0.36%      49.415us       0.458us       0.000us         0.00%       0.000us       0.000us           108  
                                   cudaDriverGetVersion         0.07%      10.238us         0.07%      10.238us       0.095us       0.000us         0.00%       0.000us       0.000us           108  
                                   cudaFuncSetAttribute         1.34%     183.221us         1.34%     183.221us       3.393us       0.000us         0.00%       0.000us       0.000us            54  
                            cudaLaunchCooperativeKernel         1.56%     213.260us         1.56%     213.260us       7.899us       0.000us         0.00%       0.000us       0.000us            27  
-------------------------------------------------------  ------------  ------------  ------------  ------------  ------------  ------------  ------------  ------------  ------------  ------------  
Self CPU time total: 13.694ms
Self CUDA time total: 32.872ms

torch profiler chrome trace for prefill saved to /sgl-workspace/sglang-src/experiment-results/phase11/multiscale_timing_ground_truth/deepseek-v2-lite/chunked_prefill/c2048/r2/traces/trace_rank0_batch1_input2049_output8_prefill.trace.json.gz
Prefill. latency: 0.11765 s, throughput:  17416.29 token/s
Decode 0. Batch size: 1, latency: 0.05538 s, throughput:     18.06 token/s
Decode 1. Batch size: 1, latency: 0.05546 s, throughput:     18.03 token/s
Decode 2. Batch size: 1, latency: 0.05371 s, throughput:     18.62 token/s
Decode 3. Batch size: 1, latency: 0.05352 s, throughput:     18.68 token/s
Decode 4. Batch size: 1, latency: 0.05489 s, throughput:     18.22 token/s
Decode.  median latency: 0.05474 s, median throughput:     18.27 token/s
Total. latency:  0.499 s, throughput:   4122.87 token/s
Warmup workload: batch_size=1, input_len=4095, output_len=8
Prefill. latency: 0.11604 s, throughput:  35290.74 token/s
Decode 0. Batch size: 1, latency: 0.05292 s, throughput:     18.90 token/s
Decode 1. Batch size: 1, latency: 0.05367 s, throughput:     18.63 token/s
Decode 2. Batch size: 1, latency: 0.05279 s, throughput:     18.94 token/s
Decode 3. Batch size: 1, latency: 0.05301 s, throughput:     18.87 token/s
Decode 4. Batch size: 1, latency: 0.05256 s, throughput:     19.03 token/s
Decode.  median latency: 0.05292 s, median throughput:     18.90 token/s
Total. latency:  0.487 s, throughput:   8421.16 token/s
-------------------------------------------------------  ------------  ------------  ------------  ------------  ------------  ------------  ------------  ------------  ------------  ------------  
                                                   Name    Self CPU %      Self CPU   CPU total %     CPU total  CPU time avg     Self CUDA   Self CUDA %    CUDA total  CUDA time avg    # of Calls  
-------------------------------------------------------  ------------  ------------  ------------  ------------  ------------  ------------  ------------  ------------  ------------  ------------  
void (anonymous namespace)::all_reduce_one_shot_kern...         0.00%       0.000us         0.00%       0.000us       0.000us      54.671ms        58.49%      54.671ms     497.009us           110  
                                       fused_moe_kernel         0.00%       0.000us         0.00%       0.000us       0.000us      15.313ms        16.38%      15.313ms     147.244us           104  
void flashinfer::mla::BatchMLAPagedAttentionKernel<f...         0.00%       0.000us         0.00%       0.000us       0.000us      11.146ms        11.92%      11.146ms     412.805us            27  
void cutlass::device_kernel<cutlass::fmha::kernel::S...         0.00%       0.000us         0.00%       0.000us       0.000us       1.181ms         1.26%       1.181ms      43.732us            27  
         nvjet_sm100_tst_128x256_64x6_2x2_2cta_h_bz_TNT         0.00%       0.000us         0.00%       0.000us       0.000us       1.110ms         1.19%       1.110ms      10.276us           108  
void (anonymous namespace)::act_and_mul_kernel<__nv_...         0.00%       0.000us         0.00%       0.000us       0.000us       1.102ms         1.18%       1.102ms      10.392us           106  
kernel_cutlass_kernel_flashinfernormkernelsfused_add...         0.00%       0.000us         0.00%       0.000us       0.000us       1.069ms         1.14%       1.069ms       9.895us           108  
         nvjet_sm100_tst_176x128_64x8_2x2_2cta_h_bz_TNN         0.00%       0.000us         0.00%       0.000us       0.000us     979.641us         1.05%     979.641us      18.839us            52  
         nvjet_sm100_tst_192x128_64x6_2x2_2cta_h_bz_TNT         0.00%       0.000us         0.00%       0.000us       0.000us     706.976us         0.76%     706.976us      13.092us            54  
void at::native::sbtopk::gatherTopK<float, unsigned ...         0.00%       0.000us         0.00%       0.000us       0.000us     700.895us         0.75%     700.895us       6.739us           104  
                               _all_gather_kernel_inner         0.00%       0.000us         0.00%       0.000us       0.000us     591.838us         0.63%     591.838us     295.919us             2  
void moe_sum_reduce_warp_per_token_vec_kernel<8>(c10...         0.00%       0.000us         0.00%       0.000us       0.000us     517.118us         0.55%     517.118us       9.945us            52  
         nvjet_sm100_tst_144x64_64x12_2x2_2cta_h_bz_TNN         0.00%       0.000us         0.00%       0.000us       0.000us     477.339us         0.51%     477.339us       8.840us            54  
          nvjet_sm100_tss_16x64_64x16_2x2_2cta_h_bz_TNN         0.00%       0.000us         0.00%       0.000us       0.000us     413.471us         0.44%     413.471us       7.951us            52  
                         Memcpy DtoD (Device -> Device)         0.00%       0.000us         0.00%       0.000us       0.000us     347.679us         0.37%     347.679us       3.161us           110  
              nvjet_sm100_tst_128x232_64x4_2x1_v_bz_TNT         0.00%       0.000us         0.00%       0.000us       0.000us     328.700us         0.35%     328.700us      12.174us            27  
void count_and_sort_expert_tokens_kernel<int>(int co...         0.00%       0.000us         0.00%       0.000us       0.000us     303.647us         0.32%     303.647us       5.839us            52  
void (anonymous namespace)::fused_rope_kernel<false,...         0.00%       0.000us         0.00%       0.000us       0.000us     276.930us         0.30%     276.930us       5.128us            54  
kernel_cutlass_kernel_flashinfernormkernelsrmsnormRM...         0.00%       0.000us         0.00%       0.000us       0.000us     271.137us         0.29%     271.137us       5.021us            54  
void moe_align_block_size_kernel<int>(int const*, in...         0.00%       0.000us         0.00%       0.000us       0.000us     268.000us         0.29%     268.000us       5.154us            52  
void at::native::vectorized_elementwise_kernel<8, at...         0.00%       0.000us         0.00%       0.000us       0.000us     235.836us         0.25%     235.836us       4.535us            52  
         nvjet_sm100_tst_256x256_64x4_2x2_2cta_h_bz_TNT         0.00%       0.000us         0.00%       0.000us       0.000us     190.911us         0.20%     190.911us       7.071us            27  
triton_red_fused__softmax_exp_max_prepare_softmax_on...         0.00%       0.000us         0.00%       0.000us       0.000us     171.906us         0.18%     171.906us       3.306us            52  
          nvjet_sm100_tst_64x256_64x8_2x2_2cta_h_bz_TNT         0.00%       0.000us         0.00%       0.000us       0.000us     147.935us         0.16%     147.935us       5.479us            27  
triton_poi_fused__softmax__to_copy_arange_bitwise_no...         0.00%       0.000us         0.00%       0.000us       0.000us     132.576us         0.14%     132.576us       2.550us            52  
void (anonymous namespace)::set_mla_kv_buffer_kernel...         0.00%       0.000us         0.00%       0.000us       0.000us     124.826us         0.13%     124.826us       2.312us            54  
         nvjet_sm100_tst_128x256_64x6_2x1_2cta_v_bz_TNT         0.00%       0.000us         0.00%       0.000us       0.000us     105.472us         0.11%     105.472us      52.736us             2  
                            triton_poi_fused__to_copy_2         0.00%       0.000us         0.00%       0.000us       0.000us      94.592us         0.10%      94.592us       1.819us            52  
                nvjet_sm100_tst_384x8_64x4_2x1_v_bz_TNT         0.00%       0.000us         0.00%       0.000us       0.000us      91.648us         0.10%      91.648us      45.824us             2  
                           concat_and_cast_mha_k_kernel         0.00%       0.000us         0.00%       0.000us       0.000us      76.929us         0.08%      76.929us       2.849us            27  
flashinfer::plan_kernel(int*, int*, int*, int*, int*...         0.00%       0.000us         0.00%       0.000us       0.000us      56.448us         0.06%      56.448us      56.448us             1  
void at::native::reduce_kernel<512, 1, at::native::R...         0.00%       0.000us         0.00%       0.000us       0.000us      47.616us         0.05%      47.616us      23.808us             2  
                         Memcpy HtoD (Pinned -> Device)         0.00%       0.000us         0.00%       0.000us       0.000us      38.849us         0.04%      38.849us       2.285us            17  
void at::native::elementwise_kernel<128, 4, at::nati...         0.00%       0.000us         0.00%       0.000us       0.000us      20.864us         0.02%      20.864us      10.432us             2  
                       Memcpy DtoH (Device -> Pageable)         0.00%       0.000us         0.00%       0.000us       0.000us      15.840us         0.02%      15.840us       3.168us             5  
void at::native::index_elementwise_kernel<128, 4, at...         0.00%       0.000us         0.00%       0.000us       0.000us      13.856us         0.01%      13.856us       6.928us             2  
                       Memcpy HtoD (Pageable -> Device)         0.00%       0.000us         0.00%       0.000us       0.000us      13.826us         0.01%      13.826us       1.383us            10  
void at::native::unrolled_elementwise_kernel<at::nat...         0.00%       0.000us         0.00%       0.000us       0.000us      11.103us         0.01%      11.103us       2.221us             5  
void at_cuda_detail::cub::detail::scan::DeviceScanKe...         0.00%       0.000us         0.00%       0.000us       0.000us      11.102us         0.01%      11.102us       1.850us             6  
kernel_cutlass_kernel_flashinfernormkernelsrmsnormRM...         0.00%       0.000us         0.00%       0.000us       0.000us       8.896us         0.01%       8.896us       4.448us             2  
void at::native::vectorized_gather_kernel<16, long>(...         0.00%       0.000us         0.00%       0.000us       0.000us       8.864us         0.01%       8.864us       4.432us             2  
                         write_req_to_token_pool_triton         0.00%       0.000us         0.00%       0.000us       0.000us       8.415us         0.01%       8.415us       4.208us             2  
void at::native::unrolled_elementwise_kernel<at::nat...         0.00%       0.000us         0.00%       0.000us       0.000us       8.224us         0.01%       8.224us       4.112us             2  
void at::native::vectorized_elementwise_kernel<2, at...         0.00%       0.000us         0.00%       0.000us       0.000us       7.328us         0.01%       7.328us       1.832us             4  
void at_cuda_detail::cub::detail::scan::DeviceScanIn...         0.00%       0.000us         0.00%       0.000us       0.000us       7.233us         0.01%       7.233us       1.206us             6  
                         Memcpy DtoH (Device -> Pinned)         0.00%       0.000us         0.00%       0.000us       0.000us       6.368us         0.01%       6.368us       3.184us             2  
void at::native::unrolled_elementwise_kernel<at::nat...         0.00%       0.000us         0.00%       0.000us       0.000us       6.303us         0.01%       6.303us       1.576us             4  
                    create_flashinfer_kv_indices_triton         0.00%       0.000us         0.00%       0.000us       0.000us       5.985us         0.01%       5.985us       2.993us             2  
void at::native::unrolled_elementwise_kernel<at::nat...         0.00%       0.000us         0.00%       0.000us       0.000us       4.320us         0.00%       4.320us       2.160us             2  
void at::native::(anonymous namespace)::multi_tensor...         0.00%       0.000us         0.00%       0.000us       0.000us       3.903us         0.00%       3.903us       1.952us             2  
                                compute_position_kernel         0.00%       0.000us         0.00%       0.000us       0.000us       3.168us         0.00%       3.168us       1.584us             2  
triton_poi_fused_add_bitwise_and_bitwise_not_bitwise...         0.00%       0.000us         0.00%       0.000us       0.000us       2.944us         0.00%       2.944us       1.472us             2  
void at::native::reduce_kernel<512, 1, at::native::R...         0.00%       0.000us         0.00%       0.000us       0.000us       2.784us         0.00%       2.784us       2.784us             1  
void at::native::unrolled_elementwise_kernel<at::nat...         0.00%       0.000us         0.00%       0.000us       0.000us       2.400us         0.00%       2.400us       1.200us             2  
void at::native::reduce_kernel<512, 1, at::native::R...         0.00%       0.000us         0.00%       0.000us       0.000us       2.400us         0.00%       2.400us       2.400us             1  
void at::native::vectorized_elementwise_kernel<4, at...         0.00%       0.000us         0.00%       0.000us       0.000us       2.112us         0.00%       2.112us       1.056us             2  
                                  cudaDeviceSynchronize         9.86%       1.515ms         9.86%       1.515ms     302.926us       0.000us         0.00%       0.000us       0.000us             5  
                                Activity Buffer Request        10.83%       1.665ms        10.83%       1.665ms       1.665ms       0.000us         0.00%       0.000us       0.000us             1  
                               cudaPointerGetAttributes         0.05%       8.215us         0.05%       8.215us       4.107us       0.000us         0.00%       0.000us       0.000us             2  
                                         cudaEventQuery         0.36%      55.418us         0.36%      55.418us       3.464us       0.000us         0.00%       0.000us       0.000us            16  
                                  cudaStreamIsCapturing         0.14%      21.822us         0.14%      21.822us       0.464us       0.000us         0.00%       0.000us       0.000us            47  
                                        cudaMemcpyAsync        13.40%       2.059ms        13.40%       2.059ms      14.297us       0.000us         0.00%       0.000us       0.000us           144  
                               cudaEventRecordWithFlags         0.12%      18.727us         0.12%      18.727us       1.170us       0.000us         0.00%       0.000us       0.000us            16  
                                       cuLaunchKernelEx        20.99%       3.225ms        20.99%       3.225ms       5.929us       0.000us         0.00%       0.000us       0.000us           544  
                                       cudaLaunchKernel        14.06%       2.161ms        14.06%       2.161ms       6.052us       0.000us         0.00%       0.000us       0.000us           357  
                                  cudaStreamSynchronize         0.28%      43.004us         0.28%      43.004us       6.143us       0.000us         0.00%       0.000us       0.000us             7  
                                    cudaPeekAtLastError         0.02%       2.727us         0.02%       2.727us       0.114us       0.000us         0.00%       0.000us       0.000us            24  
cudaOccupancyMaxActiveBlocksPerMultiprocessorWithFla...         0.07%      11.222us         0.07%      11.222us       1.870us       0.000us         0.00%       0.000us       0.000us             6  
                                 cudaDeviceGetAttribute         0.37%      57.209us         0.37%      57.209us       0.938us       0.000us         0.00%       0.000us       0.000us            61  
                                    cudaLaunchKernelExC        20.89%       3.210ms        20.89%       3.210ms       6.220us       0.000us         0.00%       0.000us       0.000us           516  
                                         cuLaunchKernel         5.69%     875.076us         5.69%     875.076us       5.538us       0.000us         0.00%       0.000us       0.000us           158  
                                                INVALID         0.32%      49.468us         0.32%      49.468us       0.458us       0.000us         0.00%       0.000us       0.000us           108  
                                   cudaDriverGetVersion         0.07%      10.042us         0.07%      10.042us       0.093us       0.000us         0.00%       0.000us       0.000us           108  
                                   cudaFuncSetAttribute         1.11%     170.367us         1.11%     170.367us       3.155us       0.000us         0.00%       0.000us       0.000us            54  
                            cudaLaunchCooperativeKernel         1.36%     209.668us         1.36%     209.668us       7.765us       0.000us         0.00%       0.000us       0.000us            27  
-------------------------------------------------------  ------------  ------------  ------------  ------------  ------------  ------------  ------------  ------------  ------------  ------------  
Self CPU time total: 15.366ms
Self CUDA time total: 93.468ms

-------------------------------------------------------  ------------  ------------  ------------  ------------  ------------  ------------  ------------  ------------  ------------  ------------  
                                                   Name    Self CPU %      Self CPU   CPU total %     CPU total  CPU time avg     Self CUDA   Self CUDA %    CUDA total  CUDA time avg    # of Calls  
-------------------------------------------------------  ------------  ------------  ------------  ------------  ------------  ------------  ------------  ------------  ------------  ------------  
                                       fused_moe_kernel         0.00%       0.000us         0.00%       0.000us       0.000us      15.299ms        38.23%      15.299ms     147.107us           104  
void flashinfer::mla::BatchMLAPagedAttentionKernel<f...         0.00%       0.000us         0.00%       0.000us       0.000us      11.129ms        27.81%      11.129ms     412.187us            27  
void (anonymous namespace)::all_reduce_one_shot_kern...         0.00%       0.000us         0.00%       0.000us       0.000us       2.572ms         6.43%       2.572ms      23.385us           110  
void cutlass::device_kernel<cutlass::fmha::kernel::S...         0.00%       0.000us         0.00%       0.000us       0.000us       1.189ms         2.97%       1.189ms      44.031us            27  
         nvjet_sm100_tst_128x256_64x6_2x2_2cta_h_bz_TNT         0.00%       0.000us         0.00%       0.000us       0.000us       1.126ms         2.81%       1.126ms      10.428us           108  
void (anonymous namespace)::act_and_mul_kernel<__nv_...         0.00%       0.000us         0.00%       0.000us       0.000us     995.958us         2.49%     995.958us       9.396us           106  
         nvjet_sm100_tst_176x128_64x8_2x2_2cta_h_bz_TNN         0.00%       0.000us         0.00%       0.000us       0.000us     987.939us         2.47%     987.939us      18.999us            52  
kernel_cutlass_kernel_flashinfernormkernelsfused_add...         0.00%       0.000us         0.00%       0.000us       0.000us     825.089us         2.06%     825.089us       7.640us           108  
void at::native::sbtopk::gatherTopK<float, unsigned ...         0.00%       0.000us         0.00%       0.000us       0.000us     698.460us         1.75%     698.460us       6.716us           104  
         nvjet_sm100_tst_192x128_64x6_2x2_2cta_h_bz_TNT         0.00%       0.000us         0.00%       0.000us       0.000us     667.386us         1.67%     667.386us      12.359us            54  
void moe_sum_reduce_warp_per_token_vec_kernel<8>(c10...         0.00%       0.000us         0.00%       0.000us       0.000us     514.270us         1.29%     514.270us       9.890us            52  
         nvjet_sm100_tst_144x64_64x12_2x2_2cta_h_bz_TNN         0.00%       0.000us         0.00%       0.000us       0.000us     377.219us         0.94%     377.219us       6.986us            54  
                         Memcpy DtoD (Device -> Device)         0.00%       0.000us         0.00%       0.000us       0.000us     347.140us         0.87%     347.140us       3.156us           110  
              nvjet_sm100_tst_128x232_64x4_2x1_v_bz_TNT         0.00%       0.000us         0.00%       0.000us       0.000us     327.807us         0.82%     327.807us      12.141us            27  
void moe_align_block_size_kernel<int>(int const*, in...         0.00%       0.000us         0.00%       0.000us       0.000us     306.846us         0.77%     306.846us       5.901us            52  
void count_and_sort_expert_tokens_kernel<int>(int co...         0.00%       0.000us         0.00%       0.000us       0.000us     303.103us         0.76%     303.103us       5.829us            52  
          nvjet_sm100_tss_16x64_64x16_2x2_2cta_h_bz_TNN         0.00%       0.000us         0.00%       0.000us       0.000us     288.766us         0.72%     288.766us       5.553us            52  
void at::native::vectorized_elementwise_kernel<8, at...         0.00%       0.000us         0.00%       0.000us       0.000us     235.231us         0.59%     235.231us       4.524us            52  
         nvjet_sm100_tst_256x256_64x4_2x2_2cta_h_bz_TNT         0.00%       0.000us         0.00%       0.000us       0.000us     189.564us         0.47%     189.564us       7.021us            27  
void (anonymous namespace)::fused_rope_kernel<false,...         0.00%       0.000us         0.00%       0.000us       0.000us     175.774us         0.44%     175.774us       3.255us            54  
triton_red_fused__softmax_exp_max_prepare_softmax_on...         0.00%       0.000us         0.00%       0.000us       0.000us     169.376us         0.42%     169.376us       3.257us            52  
          nvjet_sm100_tst_64x256_64x8_2x2_2cta_h_bz_TNT         0.00%       0.000us         0.00%       0.000us       0.000us     152.705us         0.38%     152.705us       5.656us            27  
triton_poi_fused__softmax__to_copy_arange_bitwise_no...         0.00%       0.000us         0.00%       0.000us       0.000us     151.199us         0.38%     151.199us       2.908us            52  
kernel_cutlass_kernel_flashinfernormkernelsrmsnormRM...         0.00%       0.000us         0.00%       0.000us       0.000us     133.562us         0.33%     133.562us       2.473us            54  
void (anonymous namespace)::set_mla_kv_buffer_kernel...         0.00%       0.000us         0.00%       0.000us       0.000us     124.099us         0.31%     124.099us       2.298us            54  
         nvjet_sm100_tst_128x256_64x6_2x1_2cta_v_bz_TNT         0.00%       0.000us         0.00%       0.000us       0.000us     104.928us         0.26%     104.928us      52.464us             2  
                            triton_poi_fused__to_copy_2         0.00%       0.000us         0.00%       0.000us       0.000us     103.039us         0.26%     103.039us       1.982us            52  
                nvjet_sm100_tst_384x8_64x4_2x1_v_bz_TNT         0.00%       0.000us         0.00%       0.000us       0.000us      93.887us         0.23%      93.887us      46.944us             2  
                           concat_and_cast_mha_k_kernel         0.00%       0.000us         0.00%       0.000us       0.000us      76.320us         0.19%      76.320us       2.827us            27  
flashinfer::plan_kernel(int*, int*, int*, int*, int*...         0.00%       0.000us         0.00%       0.000us       0.000us      56.672us         0.14%      56.672us      56.672us             1  
void at::native::reduce_kernel<512, 1, at::native::R...         0.00%       0.000us         0.00%       0.000us       0.000us      48.992us         0.12%      48.992us      24.496us             2  
                         Memcpy HtoD (Pinned -> Device)         0.00%       0.000us         0.00%       0.000us       0.000us      38.721us         0.10%      38.721us       2.278us            17  
                               _all_gather_kernel_inner         0.00%       0.000us         0.00%       0.000us       0.000us      23.936us         0.06%      23.936us      11.968us             2  
void at::native::elementwise_kernel<128, 4, at::nati...         0.00%       0.000us         0.00%       0.000us       0.000us      17.440us         0.04%      17.440us       8.720us             2  
                       Memcpy DtoH (Device -> Pageable)         0.00%       0.000us         0.00%       0.000us       0.000us      15.775us         0.04%      15.775us       3.155us             5  
                       Memcpy HtoD (Pageable -> Device)         0.00%       0.000us         0.00%       0.000us       0.000us      15.264us         0.04%      15.264us       1.526us            10  
void at::native::index_elementwise_kernel<128, 4, at...         0.00%       0.000us         0.00%       0.000us       0.000us      13.408us         0.03%      13.408us       6.704us             2  
void at_cuda_detail::cub::detail::scan::DeviceScanKe...         0.00%       0.000us         0.00%       0.000us       0.000us      12.608us         0.03%      12.608us       2.101us             6  
void at::native::unrolled_elementwise_kernel<at::nat...         0.00%       0.000us         0.00%       0.000us       0.000us      11.650us         0.03%      11.650us       2.330us             5  
void at::native::unrolled_elementwise_kernel<at::nat...         0.00%       0.000us         0.00%       0.000us       0.000us       9.504us         0.02%       9.504us       4.752us             2  
                         write_req_to_token_pool_triton         0.00%       0.000us         0.00%       0.000us       0.000us       9.184us         0.02%       9.184us       4.592us             2  
kernel_cutlass_kernel_flashinfernormkernelsrmsnormRM...         0.00%       0.000us         0.00%       0.000us       0.000us       8.928us         0.02%       8.928us       4.464us             2  
void at_cuda_detail::cub::detail::scan::DeviceScanIn...         0.00%       0.000us         0.00%       0.000us       0.000us       8.864us         0.02%       8.864us       1.477us             6  
void at::native::vectorized_elementwise_kernel<2, at...         0.00%       0.000us         0.00%       0.000us       0.000us       7.552us         0.02%       7.552us       1.888us             4  
void at::native::unrolled_elementwise_kernel<at::nat...         0.00%       0.000us         0.00%       0.000us       0.000us       7.200us         0.02%       7.200us       1.800us             4  
void at::native::vectorized_gather_kernel<16, long>(...         0.00%       0.000us         0.00%       0.000us       0.000us       7.200us         0.02%       7.200us       3.600us             2  
                    create_flashinfer_kv_indices_triton         0.00%       0.000us         0.00%       0.000us       0.000us       6.463us         0.02%       6.463us       3.232us             2  
                         Memcpy DtoH (Device -> Pinned)         0.00%       0.000us         0.00%       0.000us       0.000us       6.400us         0.02%       6.400us       3.200us             2  
void at::native::(anonymous namespace)::multi_tensor...         0.00%       0.000us         0.00%       0.000us       0.000us       4.160us         0.01%       4.160us       2.080us             2  
void at::native::unrolled_elementwise_kernel<at::nat...         0.00%       0.000us         0.00%       0.000us       0.000us       3.840us         0.01%       3.840us       1.920us             2  
                                compute_position_kernel         0.00%       0.000us         0.00%       0.000us       0.000us       3.712us         0.01%       3.712us       1.856us             2  
void at::native::unrolled_elementwise_kernel<at::nat...         0.00%       0.000us         0.00%       0.000us       0.000us       3.647us         0.01%       3.647us       1.823us             2  
triton_poi_fused_add_bitwise_and_bitwise_not_bitwise...         0.00%       0.000us         0.00%       0.000us       0.000us       3.552us         0.01%       3.552us       1.776us             2  
void at::native::reduce_kernel<512, 1, at::native::R...         0.00%       0.000us         0.00%       0.000us       0.000us       3.520us         0.01%       3.520us       3.520us             1  
void at::native::vectorized_elementwise_kernel<4, at...         0.00%       0.000us         0.00%       0.000us       0.000us       3.296us         0.01%       3.296us       1.648us             2  
void at::native::reduce_kernel<512, 1, at::native::R...         0.00%       0.000us         0.00%       0.000us       0.000us       2.272us         0.01%       2.272us       2.272us             1  
                                  cudaDeviceSynchronize         0.44%      62.759us         0.44%      62.759us      12.552us       0.000us         0.00%       0.000us       0.000us             5  
                                Activity Buffer Request        11.66%       1.652ms        11.66%       1.652ms       1.652ms       0.000us         0.00%       0.000us       0.000us             1  
                               cudaPointerGetAttributes         0.06%       8.095us         0.06%       8.095us       4.047us       0.000us         0.00%       0.000us       0.000us             2  
                                         cudaEventQuery         0.41%      57.951us         0.41%      57.951us       3.622us       0.000us         0.00%       0.000us       0.000us            16  
                                  cudaStreamIsCapturing         0.14%      20.348us         0.14%      20.348us       0.433us       0.000us         0.00%       0.000us       0.000us            47  
                                        cudaMemcpyAsync        15.24%       2.158ms        15.24%       2.158ms      14.985us       0.000us         0.00%       0.000us       0.000us           144  
                               cudaEventRecordWithFlags         0.14%      19.682us         0.14%      19.682us       1.230us       0.000us         0.00%       0.000us       0.000us            16  
                                       cuLaunchKernelEx        22.91%       3.244ms        22.91%       3.244ms       5.963us       0.000us         0.00%       0.000us       0.000us           544  
                                       cudaLaunchKernel        15.63%       2.213ms        15.63%       2.213ms       6.199us       0.000us         0.00%       0.000us       0.000us           357  
                                  cudaStreamSynchronize         0.30%      42.667us         0.30%      42.667us       6.095us       0.000us         0.00%       0.000us       0.000us             7  
                                    cudaPeekAtLastError         0.02%       2.730us         0.02%       2.730us       0.114us       0.000us         0.00%       0.000us       0.000us            24  
cudaOccupancyMaxActiveBlocksPerMultiprocessorWithFla...         0.08%      10.675us         0.08%      10.675us       1.779us       0.000us         0.00%       0.000us       0.000us             6  
                                 cudaDeviceGetAttribute         0.41%      58.683us         0.41%      58.683us       0.962us       0.000us         0.00%       0.000us       0.000us            61  
                                    cudaLaunchKernelExC        23.15%       3.279ms        23.15%       3.279ms       6.355us       0.000us         0.00%       0.000us       0.000us           516  
                                         cuLaunchKernel         6.25%     885.525us         6.25%     885.525us       5.605us       0.000us         0.00%       0.000us       0.000us           158  
                                                INVALID         0.35%      49.349us         0.35%      49.349us       0.457us       0.000us         0.00%       0.000us       0.000us           108  
                                   cudaDriverGetVersion         0.07%      10.205us         0.07%      10.205us       0.094us       0.000us         0.00%       0.000us       0.000us           108  
                                   cudaFuncSetAttribute         1.23%     174.029us         1.23%     174.029us       3.223us       0.000us         0.00%       0.000us       0.000us            54  
                            cudaLaunchCooperativeKernel         1.52%     214.757us         1.52%     214.757us       7.954us       0.000us         0.00%       0.000us       0.000us            27  
-------------------------------------------------------  ------------  ------------  ------------  ------------  ------------  ------------  ------------  ------------  ------------  ------------  
Self CPU time total: 14.163ms
Self CUDA time total: 40.019ms

torch profiler chrome trace for prefill saved to /sgl-workspace/sglang-src/experiment-results/phase11/multiscale_timing_ground_truth/deepseek-v2-lite/chunked_prefill/c2048/r2/traces/trace_rank0_batch1_input4095_output8_prefill.trace.json.gz
Prefill. latency: 0.11555 s, throughput:  35438.04 token/s
Decode 0. Batch size: 1, latency: 0.05696 s, throughput:     17.56 token/s
Decode 1. Batch size: 1, latency: 0.05393 s, throughput:     18.54 token/s
Decode 2. Batch size: 1, latency: 0.05374 s, throughput:     18.61 token/s
Decode 3. Batch size: 1, latency: 0.05367 s, throughput:     18.63 token/s
Decode 4. Batch size: 1, latency: 0.05451 s, throughput:     18.34 token/s
Decode.  median latency: 0.05393 s, median throughput:     18.54 token/s
Total. latency:  0.498 s, throughput:   8231.83 token/s
Warmup workload: batch_size=1, input_len=4096, output_len=8
Prefill. latency: 0.10632 s, throughput:  38524.33 token/s
Decode 0. Batch size: 1, latency: 0.05289 s, throughput:     18.91 token/s
Decode 1. Batch size: 1, latency: 0.05379 s, throughput:     18.59 token/s
Decode 2. Batch size: 1, latency: 0.05283 s, throughput:     18.93 token/s
Decode 3. Batch size: 1, latency: 0.05267 s, throughput:     18.99 token/s
Decode 4. Batch size: 1, latency: 0.05331 s, throughput:     18.76 token/s
Decode.  median latency: 0.05289 s, median throughput:     18.91 token/s
Total. latency:  0.477 s, throughput:   8599.24 token/s
-------------------------------------------------------  ------------  ------------  ------------  ------------  ------------  ------------  ------------  ------------  ------------  ------------  
                                                   Name    Self CPU %      Self CPU   CPU total %     CPU total  CPU time avg     Self CUDA   Self CUDA %    CUDA total  CUDA time avg    # of Calls  
-------------------------------------------------------  ------------  ------------  ------------  ------------  ------------  ------------  ------------  ------------  ------------  ------------  
void (anonymous namespace)::all_reduce_one_shot_kern...         0.00%       0.000us         0.00%       0.000us       0.000us      33.107ms        46.31%      33.107ms     300.976us           110  
                                       fused_moe_kernel         0.00%       0.000us         0.00%       0.000us       0.000us      15.316ms        21.42%      15.316ms     147.270us           104  
void flashinfer::mla::BatchMLAPagedAttentionKernel<f...         0.00%       0.000us         0.00%       0.000us       0.000us      11.062ms        15.47%      11.062ms     409.704us            27  
         nvjet_sm100_tst_128x256_64x6_2x2_2cta_h_bz_TNT         0.00%       0.000us         0.00%       0.000us       0.000us       1.437ms         2.01%       1.437ms      10.645us           135  
void cutlass::device_kernel<cutlass::fmha::kernel::S...         0.00%       0.000us         0.00%       0.000us       0.000us       1.177ms         1.65%       1.177ms      43.611us            27  
void (anonymous namespace)::act_and_mul_kernel<__nv_...         0.00%       0.000us         0.00%       0.000us       0.000us       1.021ms         1.43%       1.021ms       9.628us           106  
kernel_cutlass_kernel_flashinfernormkernelsfused_add...         0.00%       0.000us         0.00%       0.000us       0.000us     989.307us         1.38%     989.307us       9.160us           108  
         nvjet_sm100_tst_176x128_64x8_2x2_2cta_h_bz_TNN         0.00%       0.000us         0.00%       0.000us       0.000us     975.577us         1.36%     975.577us      18.761us            52  
void at::native::sbtopk::gatherTopK<float, unsigned ...         0.00%       0.000us         0.00%       0.000us       0.000us     701.021us         0.98%     701.021us       6.741us           104  
         nvjet_sm100_tst_192x128_64x6_2x2_2cta_h_bz_TNT         0.00%       0.000us         0.00%       0.000us       0.000us     688.989us         0.96%     688.989us      12.759us            54  
                               _all_gather_kernel_inner         0.00%       0.000us         0.00%       0.000us       0.000us     644.927us         0.90%     644.927us     322.464us             2  
void moe_sum_reduce_warp_per_token_vec_kernel<8>(c10...         0.00%       0.000us         0.00%       0.000us       0.000us     516.766us         0.72%     516.766us       9.938us            52  
         nvjet_sm100_tst_144x64_64x12_2x2_2cta_h_bz_TNN         0.00%       0.000us         0.00%       0.000us       0.000us     434.555us         0.61%     434.555us       8.047us            54  
          nvjet_sm100_tss_16x64_64x16_2x2_2cta_h_bz_TNN         0.00%       0.000us         0.00%       0.000us       0.000us     351.195us         0.49%     351.195us       6.754us            52  
                         Memcpy DtoD (Device -> Device)         0.00%       0.000us         0.00%       0.000us       0.000us     347.494us         0.49%     347.494us       3.159us           110  
void count_and_sort_expert_tokens_kernel<int>(int co...         0.00%       0.000us         0.00%       0.000us       0.000us     302.948us         0.42%     302.948us       5.826us            52  
void moe_align_block_size_kernel<int>(int const*, in...         0.00%       0.000us         0.00%       0.000us       0.000us     270.015us         0.38%     270.015us       5.193us            52  
void (anonymous namespace)::fused_rope_kernel<false,...         0.00%       0.000us         0.00%       0.000us       0.000us     241.764us         0.34%     241.764us       4.477us            54  
void at::native::vectorized_elementwise_kernel<8, at...         0.00%       0.000us         0.00%       0.000us       0.000us     237.311us         0.33%     237.311us       4.564us            52  
kernel_cutlass_kernel_flashinfernormkernelsrmsnormRM...         0.00%       0.000us         0.00%       0.000us       0.000us     211.904us         0.30%     211.904us       3.924us            54  
         nvjet_sm100_tst_256x256_64x4_2x2_2cta_h_bz_TNT         0.00%       0.000us         0.00%       0.000us       0.000us     189.695us         0.27%     189.695us       7.026us            27  
triton_red_fused__softmax_exp_max_prepare_softmax_on...         0.00%       0.000us         0.00%       0.000us       0.000us     171.044us         0.24%     171.044us       3.289us            52  
          nvjet_sm100_tst_64x256_64x8_2x2_2cta_h_bz_TNT         0.00%       0.000us         0.00%       0.000us       0.000us     148.447us         0.21%     148.447us       5.498us            27  
triton_poi_fused__softmax__to_copy_arange_bitwise_no...         0.00%       0.000us         0.00%       0.000us       0.000us     133.506us         0.19%     133.506us       2.567us            52  
void (anonymous namespace)::set_mla_kv_buffer_kernel...         0.00%       0.000us         0.00%       0.000us       0.000us     124.518us         0.17%     124.518us       2.306us            54  
         nvjet_sm100_tst_128x256_64x6_2x1_2cta_v_bz_TNT         0.00%       0.000us         0.00%       0.000us       0.000us     105.280us         0.15%     105.280us      52.640us             2  
                            triton_poi_fused__to_copy_2         0.00%       0.000us         0.00%       0.000us       0.000us      97.369us         0.14%      97.369us       1.872us            52  
                nvjet_sm100_tst_384x8_64x4_2x1_v_bz_TNT         0.00%       0.000us         0.00%       0.000us       0.000us      91.776us         0.13%      91.776us      45.888us             2  
                           concat_and_cast_mha_k_kernel         0.00%       0.000us         0.00%       0.000us       0.000us      76.607us         0.11%      76.607us       2.837us            27  
flashinfer::plan_kernel(int*, int*, int*, int*, int*...         0.00%       0.000us         0.00%       0.000us       0.000us      56.608us         0.08%      56.608us      56.608us             1  
void at::native::reduce_kernel<512, 1, at::native::R...         0.00%       0.000us         0.00%       0.000us       0.000us      47.424us         0.07%      47.424us      23.712us             2  
                         Memcpy HtoD (Pinned -> Device)         0.00%       0.000us         0.00%       0.000us       0.000us      35.680us         0.05%      35.680us       2.099us            17  
void at::native::elementwise_kernel<128, 4, at::nati...         0.00%       0.000us         0.00%       0.000us       0.000us      20.704us         0.03%      20.704us      10.352us             2  
                       Memcpy DtoH (Device -> Pageable)         0.00%       0.000us         0.00%       0.000us       0.000us      16.482us         0.02%      16.482us       3.296us             5  
void at::native::index_elementwise_kernel<128, 4, at...         0.00%       0.000us         0.00%       0.000us       0.000us      14.368us         0.02%      14.368us       7.184us             2  
                       Memcpy HtoD (Pageable -> Device)         0.00%       0.000us         0.00%       0.000us       0.000us      13.469us         0.02%      13.469us       1.347us            10  
void at::native::unrolled_elementwise_kernel<at::nat...         0.00%       0.000us         0.00%       0.000us       0.000us      11.391us         0.02%      11.391us       2.278us             5  
void at_cuda_detail::cub::detail::scan::DeviceScanKe...         0.00%       0.000us         0.00%       0.000us       0.000us      10.975us         0.02%      10.975us       1.829us             6  
void at::native::vectorized_gather_kernel<16, long>(...         0.00%       0.000us         0.00%       0.000us       0.000us       8.929us         0.01%       8.929us       4.464us             2  
kernel_cutlass_kernel_flashinfernormkernelsrmsnormRM...         0.00%       0.000us         0.00%       0.000us       0.000us       8.768us         0.01%       8.768us       4.384us             2  
void at::native::unrolled_elementwise_kernel<at::nat...         0.00%       0.000us         0.00%       0.000us       0.000us       8.096us         0.01%       8.096us       4.048us             2  
                         write_req_to_token_pool_triton         0.00%       0.000us         0.00%       0.000us       0.000us       8.032us         0.01%       8.032us       4.016us             2  
void at_cuda_detail::cub::detail::scan::DeviceScanIn...         0.00%       0.000us         0.00%       0.000us       0.000us       7.552us         0.01%       7.552us       1.259us             6  
void at::native::vectorized_elementwise_kernel<2, at...         0.00%       0.000us         0.00%       0.000us       0.000us       7.520us         0.01%       7.520us       1.880us             4  
void at::native::unrolled_elementwise_kernel<at::nat...         0.00%       0.000us         0.00%       0.000us       0.000us       6.593us         0.01%       6.593us       1.648us             4  
                         Memcpy DtoH (Device -> Pinned)         0.00%       0.000us         0.00%       0.000us       0.000us       6.336us         0.01%       6.336us       3.168us             2  
                    create_flashinfer_kv_indices_triton         0.00%       0.000us         0.00%       0.000us       0.000us       5.760us         0.01%       5.760us       2.880us             2  
void at::native::unrolled_elementwise_kernel<at::nat...         0.00%       0.000us         0.00%       0.000us       0.000us       3.616us         0.01%       3.616us       1.808us             2  
                                compute_position_kernel         0.00%       0.000us         0.00%       0.000us       0.000us       3.264us         0.00%       3.264us       1.632us             2  
void at::native::(anonymous namespace)::multi_tensor...         0.00%       0.000us         0.00%       0.000us       0.000us       3.232us         0.00%       3.232us       1.616us             2  
void at::native::unrolled_elementwise_kernel<at::nat...         0.00%       0.000us         0.00%       0.000us       0.000us       3.200us         0.00%       3.200us       1.600us             2  
triton_poi_fused_add_bitwise_and_bitwise_not_bitwise...         0.00%       0.000us         0.00%       0.000us       0.000us       3.104us         0.00%       3.104us       1.552us             2  
void at::native::reduce_kernel<512, 1, at::native::R...         0.00%       0.000us         0.00%       0.000us       0.000us       2.592us         0.00%       2.592us       2.592us             1  
void at::native::reduce_kernel<512, 1, at::native::R...         0.00%       0.000us         0.00%       0.000us       0.000us       2.560us         0.00%       2.560us       2.560us             1  
void at::native::vectorized_elementwise_kernel<4, at...         0.00%       0.000us         0.00%       0.000us       0.000us       2.496us         0.00%       2.496us       1.248us             2  
                                  cudaDeviceSynchronize        14.85%       2.454ms        14.85%       2.454ms     490.730us       0.000us         0.00%       0.000us       0.000us             5  
                                Activity Buffer Request        11.21%       1.853ms        11.21%       1.853ms       1.853ms       0.000us         0.00%       0.000us       0.000us             1  
                               cudaPointerGetAttributes         0.05%       7.803us         0.05%       7.803us       3.902us       0.000us         0.00%       0.000us       0.000us             2  
                                         cudaEventQuery         0.34%      56.118us         0.34%      56.118us       3.507us       0.000us         0.00%       0.000us       0.000us            16  
                                  cudaStreamIsCapturing         0.13%      21.934us         0.13%      21.934us       0.467us       0.000us         0.00%       0.000us       0.000us            47  
                                        cudaMemcpyAsync        12.43%       2.054ms        12.43%       2.054ms      14.266us       0.000us         0.00%       0.000us       0.000us           144  
                               cudaEventRecordWithFlags         0.12%      20.016us         0.12%      20.016us       1.251us       0.000us         0.00%       0.000us       0.000us            16  
                                       cuLaunchKernelEx        19.40%       3.206ms        19.40%       3.206ms       5.893us       0.000us         0.00%       0.000us       0.000us           544  
                                       cudaLaunchKernel        13.32%       2.201ms        13.32%       2.201ms       6.166us       0.000us         0.00%       0.000us       0.000us           357  
                                  cudaStreamSynchronize         0.26%      43.360us         0.26%      43.360us       6.194us       0.000us         0.00%       0.000us       0.000us             7  
                                    cudaPeekAtLastError         0.02%       2.689us         0.02%       2.689us       0.112us       0.000us         0.00%       0.000us       0.000us            24  
cudaOccupancyMaxActiveBlocksPerMultiprocessorWithFla...         0.07%      11.504us         0.07%      11.504us       1.917us       0.000us         0.00%       0.000us       0.000us             6  
                                 cudaDeviceGetAttribute         0.35%      57.225us         0.35%      57.225us       0.938us       0.000us         0.00%       0.000us       0.000us            61  
                                    cudaLaunchKernelExC        19.41%       3.207ms        19.41%       3.207ms       6.216us       0.000us         0.00%       0.000us       0.000us           516  
                                         cuLaunchKernel         5.37%     887.418us         5.37%     887.418us       5.617us       0.000us         0.00%       0.000us       0.000us           158  
                                                INVALID         0.30%      49.593us         0.30%      49.593us       0.459us       0.000us         0.00%       0.000us       0.000us           108  
                                   cudaDriverGetVersion         0.06%      10.114us         0.06%      10.114us       0.094us       0.000us         0.00%       0.000us       0.000us           108  
                                   cudaFuncSetAttribute         1.04%     171.087us         1.04%     171.087us       3.168us       0.000us         0.00%       0.000us       0.000us            54  
                            cudaLaunchCooperativeKernel         1.27%     209.274us         1.27%     209.274us       7.751us       0.000us         0.00%       0.000us       0.000us            27  
-------------------------------------------------------  ------------  ------------  ------------  ------------  ------------  ------------  ------------  ------------  ------------  ------------  
Self CPU time total: 16.523ms
Self CUDA time total: 71.491ms

-------------------------------------------------------  ------------  ------------  ------------  ------------  ------------  ------------  ------------  ------------  ------------  ------------  
                                                   Name    Self CPU %      Self CPU   CPU total %     CPU total  CPU time avg     Self CUDA   Self CUDA %    CUDA total  CUDA time avg    # of Calls  
-------------------------------------------------------  ------------  ------------  ------------  ------------  ------------  ------------  ------------  ------------  ------------  ------------  
                                       fused_moe_kernel         0.00%       0.000us         0.00%       0.000us       0.000us      15.302ms        37.72%      15.302ms     147.130us           104  
void flashinfer::mla::BatchMLAPagedAttentionKernel<f...         0.00%       0.000us         0.00%       0.000us       0.000us      11.043ms        27.22%      11.043ms     408.987us            27  
void (anonymous namespace)::all_reduce_one_shot_kern...         0.00%       0.000us         0.00%       0.000us       0.000us       3.229ms         7.96%       3.229ms      29.354us           110  
         nvjet_sm100_tst_128x256_64x6_2x2_2cta_h_bz_TNT         0.00%       0.000us         0.00%       0.000us       0.000us       1.453ms         3.58%       1.453ms      10.760us           135  
void cutlass::device_kernel<cutlass::fmha::kernel::S...         0.00%       0.000us         0.00%       0.000us       0.000us       1.186ms         2.92%       1.186ms      43.913us            27  
void (anonymous namespace)::act_and_mul_kernel<__nv_...         0.00%       0.000us         0.00%       0.000us       0.000us     993.314us         2.45%     993.314us       9.371us           106  
         nvjet_sm100_tst_176x128_64x8_2x2_2cta_h_bz_TNN         0.00%       0.000us         0.00%       0.000us       0.000us     983.135us         2.42%     983.135us      18.906us            52  
kernel_cutlass_kernel_flashinfernormkernelsfused_add...         0.00%       0.000us         0.00%       0.000us       0.000us     828.963us         2.04%     828.963us       7.676us           108  
void at::native::sbtopk::gatherTopK<float, unsigned ...         0.00%       0.000us         0.00%       0.000us       0.000us     701.469us         1.73%     701.469us       6.745us           104  
         nvjet_sm100_tst_192x128_64x6_2x2_2cta_h_bz_TNT         0.00%       0.000us         0.00%       0.000us       0.000us     666.305us         1.64%     666.305us      12.339us            54  
void moe_sum_reduce_warp_per_token_vec_kernel<8>(c10...         0.00%       0.000us         0.00%       0.000us       0.000us     514.850us         1.27%     514.850us       9.901us            52  
         nvjet_sm100_tst_144x64_64x12_2x2_2cta_h_bz_TNN         0.00%       0.000us         0.00%       0.000us       0.000us     377.278us         0.93%     377.278us       6.987us            54  
                         Memcpy DtoD (Device -> Device)         0.00%       0.000us         0.00%       0.000us       0.000us     348.668us         0.86%     348.668us       3.170us           110  
void count_and_sort_expert_tokens_kernel<int>(int co...         0.00%       0.000us         0.00%       0.000us       0.000us     302.780us         0.75%     302.780us       5.823us            52  
void moe_align_block_size_kernel<int>(int const*, in...         0.00%       0.000us         0.00%       0.000us       0.000us     301.407us         0.74%     301.407us       5.796us            52  
          nvjet_sm100_tss_16x64_64x16_2x2_2cta_h_bz_TNN         0.00%       0.000us         0.00%       0.000us       0.000us     289.183us         0.71%     289.183us       5.561us            52  
void at::native::vectorized_elementwise_kernel<8, at...         0.00%       0.000us         0.00%       0.000us       0.000us     234.301us         0.58%     234.301us       4.506us            52  
         nvjet_sm100_tst_256x256_64x4_2x2_2cta_h_bz_TNT         0.00%       0.000us         0.00%       0.000us       0.000us     188.801us         0.47%     188.801us       6.993us            27  
void (anonymous namespace)::fused_rope_kernel<false,...         0.00%       0.000us         0.00%       0.000us       0.000us     174.883us         0.43%     174.883us       3.239us            54  
triton_red_fused__softmax_exp_max_prepare_softmax_on...         0.00%       0.000us         0.00%       0.000us       0.000us     168.643us         0.42%     168.643us       3.243us            52  
          nvjet_sm100_tst_64x256_64x8_2x2_2cta_h_bz_TNT         0.00%       0.000us         0.00%       0.000us       0.000us     153.213us         0.38%     153.213us       5.675us            27  
triton_poi_fused__softmax__to_copy_arange_bitwise_no...         0.00%       0.000us         0.00%       0.000us       0.000us     151.267us         0.37%     151.267us       2.909us            52  
kernel_cutlass_kernel_flashinfernormkernelsrmsnormRM...         0.00%       0.000us         0.00%       0.000us       0.000us     133.793us         0.33%     133.793us       2.478us            54  
void (anonymous namespace)::set_mla_kv_buffer_kernel...         0.00%       0.000us         0.00%       0.000us       0.000us     124.098us         0.31%     124.098us       2.298us            54  
         nvjet_sm100_tst_128x256_64x6_2x1_2cta_v_bz_TNT         0.00%       0.000us         0.00%       0.000us       0.000us     104.864us         0.26%     104.864us      52.432us             2  
                            triton_poi_fused__to_copy_2         0.00%       0.000us         0.00%       0.000us       0.000us     100.289us         0.25%     100.289us       1.929us            52  
                nvjet_sm100_tst_384x8_64x4_2x1_v_bz_TNT         0.00%       0.000us         0.00%       0.000us       0.000us      92.576us         0.23%      92.576us      46.288us             2  
                           concat_and_cast_mha_k_kernel         0.00%       0.000us         0.00%       0.000us       0.000us      76.542us         0.19%      76.542us       2.835us            27  
flashinfer::plan_kernel(int*, int*, int*, int*, int*...         0.00%       0.000us         0.00%       0.000us       0.000us      56.287us         0.14%      56.287us      56.287us             1  
void at::native::reduce_kernel<512, 1, at::native::R...         0.00%       0.000us         0.00%       0.000us       0.000us      48.447us         0.12%      48.447us      24.224us             2  
                         Memcpy HtoD (Pinned -> Device)         0.00%       0.000us         0.00%       0.000us       0.000us      37.345us         0.09%      37.345us       2.197us            17  
                               _all_gather_kernel_inner         0.00%       0.000us         0.00%       0.000us       0.000us      23.808us         0.06%      23.808us      11.904us             2  
void at::native::elementwise_kernel<128, 4, at::nati...         0.00%       0.000us         0.00%       0.000us       0.000us      17.407us         0.04%      17.407us       8.703us             2  
                       Memcpy DtoH (Device -> Pageable)         0.00%       0.000us         0.00%       0.000us       0.000us      16.256us         0.04%      16.256us       3.251us             5  
void at::native::index_elementwise_kernel<128, 4, at...         0.00%       0.000us         0.00%       0.000us       0.000us      13.504us         0.03%      13.504us       6.752us             2  
                       Memcpy HtoD (Pageable -> Device)         0.00%       0.000us         0.00%       0.000us       0.000us      12.799us         0.03%      12.799us       1.280us            10  
void at_cuda_detail::cub::detail::scan::DeviceScanKe...         0.00%       0.000us         0.00%       0.000us       0.000us      12.193us         0.03%      12.193us       2.032us             6  
void at::native::unrolled_elementwise_kernel<at::nat...         0.00%       0.000us         0.00%       0.000us       0.000us      11.680us         0.03%      11.680us       2.336us             5  
void at::native::unrolled_elementwise_kernel<at::nat...         0.00%       0.000us         0.00%       0.000us       0.000us       9.632us         0.02%       9.632us       4.816us             2  
                         write_req_to_token_pool_triton         0.00%       0.000us         0.00%       0.000us       0.000us       9.504us         0.02%       9.504us       4.752us             2  
kernel_cutlass_kernel_flashinfernormkernelsrmsnormRM...         0.00%       0.000us         0.00%       0.000us       0.000us       8.991us         0.02%       8.991us       4.495us             2  
void at_cuda_detail::cub::detail::scan::DeviceScanIn...         0.00%       0.000us         0.00%       0.000us       0.000us       8.448us         0.02%       8.448us       1.408us             6  
void at::native::unrolled_elementwise_kernel<at::nat...         0.00%       0.000us         0.00%       0.000us       0.000us       7.744us         0.02%       7.744us       1.936us             4  
void at::native::vectorized_elementwise_kernel<2, at...         0.00%       0.000us         0.00%       0.000us       0.000us       7.488us         0.02%       7.488us       1.872us             4  
void at::native::vectorized_gather_kernel<16, long>(...         0.00%       0.000us         0.00%       0.000us       0.000us       6.944us         0.02%       6.944us       3.472us             2  
                    create_flashinfer_kv_indices_triton         0.00%       0.000us         0.00%       0.000us       0.000us       6.432us         0.02%       6.432us       3.216us             2  
                         Memcpy DtoH (Device -> Pinned)         0.00%       0.000us         0.00%       0.000us       0.000us       6.208us         0.02%       6.208us       3.104us             2  
void at::native::unrolled_elementwise_kernel<at::nat...         0.00%       0.000us         0.00%       0.000us       0.000us       4.576us         0.01%       4.576us       2.288us             2  
void at::native::(anonymous namespace)::multi_tensor...         0.00%       0.000us         0.00%       0.000us       0.000us       4.128us         0.01%       4.128us       2.064us             2  
                                compute_position_kernel         0.00%       0.000us         0.00%       0.000us       0.000us       3.776us         0.01%       3.776us       1.888us             2  
void at::native::reduce_kernel<512, 1, at::native::R...         0.00%       0.000us         0.00%       0.000us       0.000us       3.360us         0.01%       3.360us       3.360us             1  
triton_poi_fused_add_bitwise_and_bitwise_not_bitwise...         0.00%       0.000us         0.00%       0.000us       0.000us       3.264us         0.01%       3.264us       1.632us             2  
void at::native::unrolled_elementwise_kernel<at::nat...         0.00%       0.000us         0.00%       0.000us       0.000us       2.912us         0.01%       2.912us       1.456us             2  
void at::native::vectorized_elementwise_kernel<4, at...         0.00%       0.000us         0.00%       0.000us       0.000us       2.816us         0.01%       2.816us       1.408us             2  
void at::native::reduce_kernel<512, 1, at::native::R...         0.00%       0.000us         0.00%       0.000us       0.000us       2.431us         0.01%       2.431us       2.431us             1  
                                  cudaDeviceSynchronize         0.44%      62.515us         0.44%      62.515us      12.503us       0.000us         0.00%       0.000us       0.000us             5  
                                Activity Buffer Request        12.98%       1.849ms        12.98%       1.849ms       1.849ms       0.000us         0.00%       0.000us       0.000us             1  
                               cudaPointerGetAttributes         0.12%      16.705us         0.12%      16.705us       8.352us       0.000us         0.00%       0.000us       0.000us             2  
                                         cudaEventQuery         0.39%      55.979us         0.39%      55.979us       3.499us       0.000us         0.00%       0.000us       0.000us            16  
                                  cudaStreamIsCapturing         0.14%      20.020us         0.14%      20.020us       0.426us       0.000us         0.00%       0.000us       0.000us            47  
                                        cudaMemcpyAsync        14.67%       2.091ms        14.67%       2.091ms      14.518us       0.000us         0.00%       0.000us       0.000us           144  
                               cudaEventRecordWithFlags         0.14%      19.915us         0.14%      19.915us       1.245us       0.000us         0.00%       0.000us       0.000us            16  
                                       cuLaunchKernelEx        22.41%       3.193ms        22.41%       3.193ms       5.870us       0.000us         0.00%       0.000us       0.000us           544  
                                       cudaLaunchKernel        15.64%       2.228ms        15.64%       2.228ms       6.242us       0.000us         0.00%       0.000us       0.000us           357  
                                  cudaStreamSynchronize         0.30%      42.807us         0.30%      42.807us       6.115us       0.000us         0.00%       0.000us       0.000us             7  
                                    cudaPeekAtLastError         0.02%       2.740us         0.02%       2.740us       0.114us       0.000us         0.00%       0.000us       0.000us            24  
cudaOccupancyMaxActiveBlocksPerMultiprocessorWithFla...         0.08%      10.807us         0.08%      10.807us       1.801us       0.000us         0.00%       0.000us       0.000us             6  
                                 cudaDeviceGetAttribute         0.40%      57.444us         0.40%      57.444us       0.942us       0.000us         0.00%       0.000us       0.000us            61  
                                    cudaLaunchKernelExC        22.93%       3.268ms        22.93%       3.268ms       6.333us       0.000us         0.00%       0.000us       0.000us           516  
                                         cuLaunchKernel         6.26%     891.714us         6.26%     891.714us       5.644us       0.000us         0.00%       0.000us       0.000us           158  
                                                INVALID         0.34%      49.002us         0.34%      49.002us       0.454us       0.000us         0.00%       0.000us       0.000us           108  
                                   cudaDriverGetVersion         0.07%      10.083us         0.07%      10.083us       0.093us       0.000us         0.00%       0.000us       0.000us           108  
                                   cudaFuncSetAttribute         1.21%     172.324us         1.21%     172.324us       3.191us       0.000us         0.00%       0.000us       0.000us            54  
                            cudaLaunchCooperativeKernel         1.47%     209.872us         1.47%     209.872us       7.773us       0.000us         0.00%       0.000us       0.000us            27  
-------------------------------------------------------  ------------  ------------  ------------  ------------  ------------  ------------  ------------  ------------  ------------  ------------  
Self CPU time total: 14.251ms
Self CUDA time total: 40.570ms

torch profiler chrome trace for prefill saved to /sgl-workspace/sglang-src/experiment-results/phase11/multiscale_timing_ground_truth/deepseek-v2-lite/chunked_prefill/c2048/r2/traces/trace_rank0_batch1_input4096_output8_prefill.trace.json.gz
Prefill. latency: 0.11670 s, throughput:  35097.88 token/s
Decode 0. Batch size: 1, latency: 0.06486 s, throughput:     15.42 token/s
Decode 1. Batch size: 1, latency: 0.05361 s, throughput:     18.65 token/s
Decode 2. Batch size: 1, latency: 0.05380 s, throughput:     18.59 token/s
Decode 3. Batch size: 1, latency: 0.05361 s, throughput:     18.65 token/s
Decode 4. Batch size: 1, latency: 0.05345 s, throughput:     18.71 token/s
Decode.  median latency: 0.05361 s, median throughput:     18.65 token/s
Total. latency:  0.503 s, throughput:   8158.54 token/s
Warmup workload: batch_size=1, input_len=4097, output_len=8
Prefill. latency: 0.15916 s, throughput:  25741.45 token/s
Decode 0. Batch size: 1, latency: 0.05268 s, throughput:     18.98 token/s
Decode 1. Batch size: 1, latency: 0.05243 s, throughput:     19.07 token/s
Decode 2. Batch size: 1, latency: 0.05263 s, throughput:     19.00 token/s
Decode 3. Batch size: 1, latency: 0.05276 s, throughput:     18.95 token/s
Decode 4. Batch size: 1, latency: 0.05279 s, throughput:     18.94 token/s
Decode.  median latency: 0.05268 s, median throughput:     18.98 token/s
Total. latency:  0.528 s, throughput:   7775.22 token/s
-------------------------------------------------------  ------------  ------------  ------------  ------------  ------------  ------------  ------------  ------------  ------------  ------------  
                                                   Name    Self CPU %      Self CPU   CPU total %     CPU total  CPU time avg     Self CUDA   Self CUDA %    CUDA total  CUDA time avg    # of Calls  
-------------------------------------------------------  ------------  ------------  ------------  ------------  ------------  ------------  ------------  ------------  ------------  ------------  
void (anonymous namespace)::all_reduce_one_shot_kern...         0.00%       0.000us         0.00%       0.000us       0.000us      45.543ms        33.39%      45.543ms     414.024us           110  
void (anonymous namespace)::all_reduce_one_shot_push...         0.00%       0.000us         0.00%       0.000us       0.000us      26.791ms        19.64%      26.791ms     487.117us            55  
kernel_cutlass_kernel_flashinfernormkernelsfused_add...         0.00%       0.000us         0.00%       0.000us       0.000us      22.339ms        16.38%      22.339ms     137.895us           162  
                                       fused_moe_kernel         0.00%       0.000us         0.00%       0.000us       0.000us      15.973ms        11.71%      15.973ms     102.390us           156  
void flashinfer::mla::BatchMLAPagedAttentionKernel<f...         0.00%       0.000us         0.00%       0.000us       0.000us      11.938ms         8.75%      11.938ms     221.068us            54  
         nvjet_sm100_tst_128x256_64x6_2x2_2cta_h_bz_TNT         0.00%       0.000us         0.00%       0.000us       0.000us       1.431ms         1.05%       1.431ms      10.599us           135  
void (anonymous namespace)::act_and_mul_kernel<__nv_...         0.00%       0.000us         0.00%       0.000us       0.000us       1.232ms         0.90%       1.232ms       7.750us           159  
void cutlass::device_kernel<cutlass::fmha::kernel::S...         0.00%       0.000us         0.00%       0.000us       0.000us       1.181ms         0.87%       1.181ms      43.731us            27  
         nvjet_sm100_tst_176x128_64x8_2x2_2cta_h_bz_TNN         0.00%       0.000us         0.00%       0.000us       0.000us     986.817us         0.72%     986.817us      18.977us            52  
                               _all_gather_kernel_inner         0.00%       0.000us         0.00%       0.000us       0.000us     967.005us         0.71%     967.005us     322.335us             3  
         nvjet_sm100_tst_192x128_64x6_2x2_2cta_h_bz_TNT         0.00%       0.000us         0.00%       0.000us       0.000us     708.710us         0.52%     708.710us      13.124us            54  
void at::native::sbtopk::gatherTopK<float, unsigned ...         0.00%       0.000us         0.00%       0.000us       0.000us     698.854us         0.51%     698.854us       6.720us           104  
void moe_sum_reduce_warp_per_token_vec_kernel<8>(c10...         0.00%       0.000us         0.00%       0.000us       0.000us     513.217us         0.38%     513.217us       9.870us            52  
               nvjet_sm100_tst_16x64_64x16_4x1_v_bz_TNN         0.00%       0.000us         0.00%       0.000us       0.000us     485.664us         0.36%     485.664us       6.071us            80  
         nvjet_sm100_tst_144x64_64x12_2x2_2cta_h_bz_TNN         0.00%       0.000us         0.00%       0.000us       0.000us     465.060us         0.34%     465.060us       8.612us            54  
          nvjet_sm100_tss_16x64_64x16_2x2_2cta_h_bz_TNN         0.00%       0.000us         0.00%       0.000us       0.000us     385.760us         0.28%     385.760us       7.418us            52  
                         Memcpy DtoD (Device -> Device)         0.00%       0.000us         0.00%       0.000us       0.000us     346.298us         0.25%     346.298us       3.148us           110  
void moe_align_block_size_kernel<int>(int const*, in...         0.00%       0.000us         0.00%       0.000us       0.000us     344.632us         0.25%     344.632us       4.418us            78  
void count_and_sort_expert_tokens_kernel<int>(int co...         0.00%       0.000us         0.00%       0.000us       0.000us     342.434us         0.25%     342.434us       4.390us            78  
void (anonymous namespace)::fused_rope_kernel<false,...         0.00%       0.000us         0.00%       0.000us       0.000us     311.198us         0.23%     311.198us       3.842us            81  
void at::native::vectorized_elementwise_kernel<8, at...         0.00%       0.000us         0.00%       0.000us       0.000us     275.197us         0.20%     275.197us       3.528us            78  
kernel_cutlass_kernel_flashinfernormkernelsrmsnormRM...         0.00%       0.000us         0.00%       0.000us       0.000us     244.740us         0.18%     244.740us       4.532us            54  
triton_red_fused__softmax_exp_max_prepare_softmax_on...         0.00%       0.000us         0.00%       0.000us       0.000us     231.361us         0.17%     231.361us       2.966us            78  
void at::native::sbtopk::gatherTopK<float, unsigned ...         0.00%       0.000us         0.00%       0.000us       0.000us     200.606us         0.15%     200.606us       3.858us            52  
         nvjet_sm100_tst_256x256_64x4_2x2_2cta_h_bz_TNT         0.00%       0.000us         0.00%       0.000us       0.000us     189.950us         0.14%     189.950us       7.035us            27  
               nvjet_sm100_tst_32x64_64x16_4x1_v_bz_TNN         0.00%       0.000us         0.00%       0.000us       0.000us     173.668us         0.13%     173.668us       6.680us            26  
triton_poi_fused__softmax__to_copy_arange_bitwise_no...         0.00%       0.000us         0.00%       0.000us       0.000us     173.598us         0.13%     173.598us       2.226us            78  
          nvjet_sm100_tst_64x256_64x8_2x2_2cta_h_bz_TNT         0.00%       0.000us         0.00%       0.000us       0.000us     148.510us         0.11%     148.510us       5.500us            27  
                            triton_poi_fused__to_copy_2         0.00%       0.000us         0.00%       0.000us       0.000us     133.252us         0.10%     133.252us       1.708us            78  
                nvjet_sm100_tst_384x8_64x4_2x1_v_bz_TNT         0.00%       0.000us         0.00%       0.000us       0.000us     131.007us         0.10%     131.007us      43.669us             3  
        nvjet_sm100_tst_32x64_64x16_4x1_v_bz_splitK_TNN         0.00%       0.000us         0.00%       0.000us       0.000us     129.022us         0.09%     129.022us       4.779us            27  
        nvjet_sm100_tss_32x64_64x16_2x1_v_bz_splitK_TNN         0.00%       0.000us         0.00%       0.000us       0.000us     128.960us         0.09%     128.960us       4.960us            26  
void (anonymous namespace)::set_mla_kv_buffer_kernel...         0.00%       0.000us         0.00%       0.000us       0.000us     124.097us         0.09%     124.097us       2.298us            54  
         nvjet_sm100_tst_128x256_64x6_2x1_2cta_v_bz_TNT         0.00%       0.000us         0.00%       0.000us       0.000us     104.960us         0.08%     104.960us      52.480us             2  
void cublasLt::splitKreduce_kernel<32, 16, int, floa...         0.00%       0.000us         0.00%       0.000us       0.000us      92.287us         0.07%      92.287us       3.182us            29  
                nvjet_sm100_tst_8x64_64x16_4x1_v_bz_TNN         0.00%       0.000us         0.00%       0.000us       0.000us      91.615us         0.07%      91.615us       3.393us            27  
                nvjet_sm100_tst_64x8_64x16_4x1_v_bz_TNT         0.00%       0.000us         0.00%       0.000us       0.000us      77.695us         0.06%      77.695us       2.878us            27  
                           concat_and_cast_mha_k_kernel         0.00%       0.000us         0.00%       0.000us       0.000us      76.894us         0.06%      76.894us       2.848us            27  
void at::native::reduce_kernel<512, 1, at::native::R...         0.00%       0.000us         0.00%       0.000us       0.000us      70.816us         0.05%      70.816us      23.605us             3  
kernel_cutlass_kernel_flashinfernormkernelsrmsnormRM...         0.00%       0.000us         0.00%       0.000us       0.000us      67.387us         0.05%      67.387us       2.496us            27  
void cublasLt::splitKreduce_kernel<32, 16, int, floa...         0.00%       0.000us         0.00%       0.000us       0.000us      62.525us         0.05%      62.525us       2.405us            26  
                         Memcpy HtoD (Pinned -> Device)         0.00%       0.000us         0.00%       0.000us       0.000us      61.917us         0.05%      61.917us       2.381us            26  
flashinfer::plan_kernel(int*, int*, int*, int*, int*...         0.00%       0.000us         0.00%       0.000us       0.000us      56.576us         0.04%      56.576us      56.576us             1  
                       triton_poi_fused_copy__mul_sum_0         0.00%       0.000us         0.00%       0.000us       0.000us      41.570us         0.03%      41.570us       1.599us            26  
                               set_mla_kv_buffer_kernel         0.00%       0.000us         0.00%       0.000us       0.000us      39.392us         0.03%      39.392us       1.459us            27  
                       Memcpy DtoH (Device -> Pageable)         0.00%       0.000us         0.00%       0.000us       0.000us      25.056us         0.02%      25.056us       3.132us             8  
void at::native::elementwise_kernel<128, 4, at::nati...         0.00%       0.000us         0.00%       0.000us       0.000us      23.616us         0.02%      23.616us       7.872us             3  
void at::native::index_elementwise_kernel<128, 4, at...         0.00%       0.000us         0.00%       0.000us       0.000us      21.536us         0.02%      21.536us       7.179us             3  
                       Memcpy HtoD (Pageable -> Device)         0.00%       0.000us         0.00%       0.000us       0.000us      20.733us         0.02%      20.733us       1.382us            15  
void at::native::unrolled_elementwise_kernel<at::nat...         0.00%       0.000us         0.00%       0.000us       0.000us      17.154us         0.01%      17.154us       2.451us             7  
         nvjet_sm100_tst_64x8_64x16_4x1_v_bz_splitK_TNT         0.00%       0.000us         0.00%       0.000us       0.000us      16.865us         0.01%      16.865us       8.433us             2  
void at_cuda_detail::cub::detail::scan::DeviceScanKe...         0.00%       0.000us         0.00%       0.000us       0.000us      16.222us         0.01%      16.222us       1.802us             9  
void at::native::unrolled_elementwise_kernel<at::nat...         0.00%       0.000us         0.00%       0.000us       0.000us      11.903us         0.01%      11.903us       3.968us             3  
                         write_req_to_token_pool_triton         0.00%       0.000us         0.00%       0.000us       0.000us      11.776us         0.01%      11.776us       3.925us             3  
void at::native::unrolled_elementwise_kernel<at::nat...         0.00%       0.000us         0.00%       0.000us       0.000us      11.039us         0.01%      11.039us       1.840us             6  
kernel_cutlass_kernel_flashinfernormkernelsrmsnormRM...         0.00%       0.000us         0.00%       0.000us       0.000us      10.847us         0.01%      10.847us       3.616us             3  
void at_cuda_detail::cub::detail::scan::DeviceScanIn...         0.00%       0.000us         0.00%       0.000us       0.000us      10.466us         0.01%      10.466us       1.163us             9  
void at::native::vectorized_elementwise_kernel<2, at...         0.00%       0.000us         0.00%       0.000us       0.000us      10.433us         0.01%      10.433us       1.739us             6  
                    create_flashinfer_kv_indices_triton         0.00%       0.000us         0.00%       0.000us       0.000us       9.824us         0.01%       9.824us       3.275us             3  
void at::native::vectorized_gather_kernel<16, long>(...         0.00%       0.000us         0.00%       0.000us       0.000us       8.736us         0.01%       8.736us       4.368us             2  
                         Memcpy DtoH (Device -> Pinned)         0.00%       0.000us         0.00%       0.000us       0.000us       6.720us         0.00%       6.720us       3.360us             2  
void at::native::unrolled_elementwise_kernel<at::nat...         0.00%       0.000us         0.00%       0.000us       0.000us       5.664us         0.00%       5.664us       1.888us             3  
void at::native::(anonymous namespace)::multi_tensor...         0.00%       0.000us         0.00%       0.000us       0.000us       4.992us         0.00%       4.992us       1.664us             3  
                                compute_position_kernel         0.00%       0.000us         0.00%       0.000us       0.000us       4.576us         0.00%       4.576us       1.525us             3  
void at::native::unrolled_elementwise_kernel<at::nat...         0.00%       0.000us         0.00%       0.000us       0.000us       4.384us         0.00%       4.384us       1.461us             3  
void at::native::vectorized_elementwise_kernel<4, at...         0.00%       0.000us         0.00%       0.000us       0.000us       3.360us         0.00%       3.360us       1.120us             3  
triton_poi_fused_add_bitwise_and_bitwise_not_bitwise...         0.00%       0.000us         0.00%       0.000us       0.000us       2.944us         0.00%       2.944us       1.472us             2  
void at::native::reduce_kernel<512, 1, at::native::R...         0.00%       0.000us         0.00%       0.000us       0.000us       2.272us         0.00%       2.272us       2.272us             1  
void at::native::reduce_kernel<512, 1, at::native::R...         0.00%       0.000us         0.00%       0.000us       0.000us       2.208us         0.00%       2.208us       2.208us             1  
void at::native::(anonymous namespace)::indexSelectS...         0.00%       0.000us         0.00%       0.000us       0.000us       2.112us         0.00%       2.112us       2.112us             1  
triton_poi_fused_add_bitwise_and_bitwise_or_ge_lt_mu...         0.00%       0.000us         0.00%       0.000us       0.000us       1.728us         0.00%       1.728us       1.728us             1  
triton_poi_fused_bitwise_and_bitwise_not_bitwise_or_...         0.00%       0.000us         0.00%       0.000us       0.000us       1.600us         0.00%       1.600us       1.600us             1  
                                  cudaDeviceSynchronize        13.85%       2.903ms        13.85%       2.903ms     414.754us       0.000us         0.00%       0.000us       0.000us             7  
                                Activity Buffer Request         1.43%     300.277us         1.43%     300.277us     300.277us       0.000us         0.00%       0.000us       0.000us             1  
                               cudaPointerGetAttributes         0.06%      11.656us         0.06%      11.656us       3.885us       0.000us         0.00%       0.000us       0.000us             3  
                                         cudaEventQuery         0.38%      80.178us         0.38%      80.178us       3.341us       0.000us         0.00%       0.000us       0.000us            24  
                                  cudaStreamIsCapturing         0.15%      31.518us         0.15%      31.518us       0.444us       0.000us         0.00%       0.000us       0.000us            71  
                                        cudaMemcpyAsync        10.71%       2.245ms        10.71%       2.245ms      13.941us       0.000us         0.00%       0.000us       0.000us           161  
                               cudaEventRecordWithFlags         0.14%      28.618us         0.14%      28.618us       1.192us       0.000us         0.00%       0.000us       0.000us            24  
                                       cuLaunchKernelEx        23.74%       4.977ms        23.74%       4.977ms       5.904us       0.000us         0.00%       0.000us       0.000us           843  
                                       cudaLaunchKernel        14.94%       3.131ms        14.94%       3.131ms       6.164us       0.000us         0.00%       0.000us       0.000us           508  
                                  cudaStreamSynchronize         0.26%      53.778us         0.26%      53.778us       5.378us       0.000us         0.00%       0.000us       0.000us            10  
                                    cudaPeekAtLastError         0.02%       4.140us         0.02%       4.140us       0.115us       0.000us         0.00%       0.000us       0.000us            36  
cudaOccupancyMaxActiveBlocksPerMultiprocessorWithFla...         0.08%      16.570us         0.08%      16.570us       1.841us       0.000us         0.00%       0.000us       0.000us             9  
                                 cudaDeviceGetAttribute         0.40%      82.866us         0.40%      82.866us       0.901us       0.000us         0.00%       0.000us       0.000us            92  
                                    cudaLaunchKernelExC        23.40%       4.906ms        23.40%       4.906ms       6.225us       0.000us         0.00%       0.000us       0.000us           788  
                                         cuLaunchKernel         6.94%       1.455ms         6.94%       1.455ms       5.512us       0.000us         0.00%       0.000us       0.000us           264  
                                                INVALID         0.23%      48.912us         0.23%      48.912us       0.453us       0.000us         0.00%       0.000us       0.000us           108  
                                   cudaDriverGetVersion         0.05%       9.866us         0.05%       9.866us       0.091us       0.000us         0.00%       0.000us       0.000us           108  
                                   cudaFuncSetAttribute         1.17%     245.367us         1.17%     245.367us       3.029us       0.000us         0.00%       0.000us       0.000us            81  
                            cudaLaunchCooperativeKernel         2.05%     430.364us         2.05%     430.364us       7.970us       0.000us         0.00%       0.000us       0.000us            54  
-------------------------------------------------------  ------------  ------------  ------------  ------------  ------------  ------------  ------------  ------------  ------------  ------------  
Self CPU time total: 20.961ms
Self CUDA time total: 136.379ms

-------------------------------------------------------  ------------  ------------  ------------  ------------  ------------  ------------  ------------  ------------  ------------  ------------  
                                                   Name    Self CPU %      Self CPU   CPU total %     CPU total  CPU time avg     Self CUDA   Self CUDA %    CUDA total  CUDA time avg    # of Calls  
-------------------------------------------------------  ------------  ------------  ------------  ------------  ------------  ------------  ------------  ------------  ------------  ------------  
                                       fused_moe_kernel         0.00%       0.000us         0.00%       0.000us       0.000us      15.969ms        36.19%      15.969ms     102.365us           156  
void flashinfer::mla::BatchMLAPagedAttentionKernel<f...         0.00%       0.000us         0.00%       0.000us       0.000us      11.921ms        27.02%      11.921ms     220.753us            54  
void (anonymous namespace)::all_reduce_one_shot_kern...         0.00%       0.000us         0.00%       0.000us       0.000us       2.578ms         5.84%       2.578ms      23.436us           110  
         nvjet_sm100_tst_128x256_64x6_2x2_2cta_h_bz_TNT         0.00%       0.000us         0.00%       0.000us       0.000us       1.452ms         3.29%       1.452ms      10.754us           135  
void cutlass::device_kernel<cutlass::fmha::kernel::S...         0.00%       0.000us         0.00%       0.000us       0.000us       1.186ms         2.69%       1.186ms      43.928us            27  
void (anonymous namespace)::act_and_mul_kernel<__nv_...         0.00%       0.000us         0.00%       0.000us       0.000us       1.146ms         2.60%       1.146ms       7.208us           159  
         nvjet_sm100_tst_176x128_64x8_2x2_2cta_h_bz_TNN         0.00%       0.000us         0.00%       0.000us       0.000us     985.463us         2.23%     985.463us      18.951us            52  
kernel_cutlass_kernel_flashinfernormkernelsfused_add...         0.00%       0.000us         0.00%       0.000us       0.000us     962.648us         2.18%     962.648us       5.942us           162  
void at::native::sbtopk::gatherTopK<float, unsigned ...         0.00%       0.000us         0.00%       0.000us       0.000us     698.530us         1.58%     698.530us       6.717us           104  
         nvjet_sm100_tst_192x128_64x6_2x2_2cta_h_bz_TNT         0.00%       0.000us         0.00%       0.000us       0.000us     665.374us         1.51%     665.374us      12.322us            54  
void moe_sum_reduce_warp_per_token_vec_kernel<8>(c10...         0.00%       0.000us         0.00%       0.000us       0.000us     516.157us         1.17%     516.157us       9.926us            52  
               nvjet_sm100_tst_16x64_64x16_4x1_v_bz_TNN         0.00%       0.000us         0.00%       0.000us       0.000us     468.254us         1.06%     468.254us       5.853us            80  
void moe_align_block_size_kernel<int>(int const*, in...         0.00%       0.000us         0.00%       0.000us       0.000us     382.787us         0.87%     382.787us       4.908us            78  
         nvjet_sm100_tst_144x64_64x12_2x2_2cta_h_bz_TNN         0.00%       0.000us         0.00%       0.000us       0.000us     375.905us         0.85%     375.905us       6.961us            54  
void count_and_sort_expert_tokens_kernel<int>(int co...         0.00%       0.000us         0.00%       0.000us       0.000us     349.149us         0.79%     349.149us       4.476us            78  
                         Memcpy DtoD (Device -> Device)         0.00%       0.000us         0.00%       0.000us       0.000us     348.254us         0.79%     348.254us       3.166us           110  
          nvjet_sm100_tss_16x64_64x16_2x2_2cta_h_bz_TNN         0.00%       0.000us         0.00%       0.000us       0.000us     288.190us         0.65%     288.190us       5.542us            52  
void at::native::vectorized_elementwise_kernel<8, at...         0.00%       0.000us         0.00%       0.000us       0.000us     279.614us         0.63%     279.614us       3.585us            78  
void (anonymous namespace)::all_reduce_one_shot_push...         0.00%       0.000us         0.00%       0.000us       0.000us     265.792us         0.60%     265.792us       4.833us            55  
void (anonymous namespace)::fused_rope_kernel<false,...         0.00%       0.000us         0.00%       0.000us       0.000us     234.270us         0.53%     234.270us       2.892us            81  
triton_red_fused__softmax_exp_max_prepare_softmax_on...         0.00%       0.000us         0.00%       0.000us       0.000us     233.665us         0.53%     233.665us       2.996us            78  
void at::native::sbtopk::gatherTopK<float, unsigned ...         0.00%       0.000us         0.00%       0.000us       0.000us     218.363us         0.49%     218.363us       4.199us            52  
triton_poi_fused__softmax__to_copy_arange_bitwise_no...         0.00%       0.000us         0.00%       0.000us       0.000us     200.216us         0.45%     200.216us       2.567us            78  
         nvjet_sm100_tst_256x256_64x4_2x2_2cta_h_bz_TNT         0.00%       0.000us         0.00%       0.000us       0.000us     188.960us         0.43%     188.960us       6.999us            27  
               nvjet_sm100_tst_32x64_64x16_4x1_v_bz_TNN         0.00%       0.000us         0.00%       0.000us       0.000us     177.375us         0.40%     177.375us       6.822us            26  
          nvjet_sm100_tst_64x256_64x8_2x2_2cta_h_bz_TNT         0.00%       0.000us         0.00%       0.000us       0.000us     152.962us         0.35%     152.962us       5.665us            27  
                            triton_poi_fused__to_copy_2         0.00%       0.000us         0.00%       0.000us       0.000us     143.102us         0.32%     143.102us       1.835us            78  
kernel_cutlass_kernel_flashinfernormkernelsrmsnormRM...         0.00%       0.000us         0.00%       0.000us       0.000us     134.817us         0.31%     134.817us       2.497us            54  
                nvjet_sm100_tst_384x8_64x4_2x1_v_bz_TNT         0.00%       0.000us         0.00%       0.000us       0.000us     133.055us         0.30%     133.055us      44.352us             3  
void (anonymous namespace)::set_mla_kv_buffer_kernel...         0.00%       0.000us         0.00%       0.000us       0.000us     122.650us         0.28%     122.650us       2.271us            54  
        nvjet_sm100_tst_32x64_64x16_4x1_v_bz_splitK_TNN         0.00%       0.000us         0.00%       0.000us       0.000us     109.952us         0.25%     109.952us       4.072us            27  
         nvjet_sm100_tst_128x256_64x6_2x1_2cta_v_bz_TNT         0.00%       0.000us         0.00%       0.000us       0.000us     104.576us         0.24%     104.576us      52.288us             2  
        nvjet_sm100_tss_32x64_64x16_2x1_v_bz_splitK_TNN         0.00%       0.000us         0.00%       0.000us       0.000us     101.951us         0.23%     101.951us       3.921us            26  
                nvjet_sm100_tst_8x64_64x16_4x1_v_bz_TNN         0.00%       0.000us         0.00%       0.000us       0.000us      92.673us         0.21%      92.673us       3.432us            27  
                nvjet_sm100_tst_64x8_64x16_4x1_v_bz_TNT         0.00%       0.000us         0.00%       0.000us       0.000us      78.172us         0.18%      78.172us       2.895us            27  
                           concat_and_cast_mha_k_kernel         0.00%       0.000us         0.00%       0.000us       0.000us      76.319us         0.17%      76.319us       2.827us            27  
void at::native::reduce_kernel<512, 1, at::native::R...         0.00%       0.000us         0.00%       0.000us       0.000us      73.310us         0.17%      73.310us      24.437us             3  
void cublasLt::splitKreduce_kernel<32, 16, int, floa...         0.00%       0.000us         0.00%       0.000us       0.000us      67.807us         0.15%      67.807us       2.338us            29  
                         Memcpy HtoD (Pinned -> Device)         0.00%       0.000us         0.00%       0.000us       0.000us      64.128us         0.15%      64.128us       2.466us            26  
void cublasLt::splitKreduce_kernel<32, 16, int, floa...         0.00%       0.000us         0.00%       0.000us       0.000us      60.893us         0.14%      60.893us       2.342us            26  
flashinfer::plan_kernel(int*, int*, int*, int*, int*...         0.00%       0.000us         0.00%       0.000us       0.000us      56.352us         0.13%      56.352us      56.352us             1  
kernel_cutlass_kernel_flashinfernormkernelsrmsnormRM...         0.00%       0.000us         0.00%       0.000us       0.000us      55.361us         0.13%      55.361us       2.050us            27  
                               set_mla_kv_buffer_kernel         0.00%       0.000us         0.00%       0.000us       0.000us      47.071us         0.11%      47.071us       1.743us            27  
                       triton_poi_fused_copy__mul_sum_0         0.00%       0.000us         0.00%       0.000us       0.000us      46.943us         0.11%      46.943us       1.806us            26  
                               _all_gather_kernel_inner         0.00%       0.000us         0.00%       0.000us       0.000us      35.776us         0.08%      35.776us      11.925us             3  
                       Memcpy DtoH (Device -> Pageable)         0.00%       0.000us         0.00%       0.000us       0.000us      25.085us         0.06%      25.085us       3.136us             8  
void at::native::index_elementwise_kernel<128, 4, at...         0.00%       0.000us         0.00%       0.000us       0.000us      20.704us         0.05%      20.704us       6.901us             3  
void at::native::elementwise_kernel<128, 4, at::nati...         0.00%       0.000us         0.00%       0.000us       0.000us      19.648us         0.04%      19.648us       6.549us             3  
void at_cuda_detail::cub::detail::scan::DeviceScanKe...         0.00%       0.000us         0.00%       0.000us       0.000us      17.536us         0.04%      17.536us       1.948us             9  
                       Memcpy HtoD (Pageable -> Device)         0.00%       0.000us         0.00%       0.000us       0.000us      17.408us         0.04%      17.408us       1.161us            15  
void at::native::unrolled_elementwise_kernel<at::nat...         0.00%       0.000us         0.00%       0.000us       0.000us      16.769us         0.04%      16.769us       2.396us             7  
         nvjet_sm100_tst_64x8_64x16_4x1_v_bz_splitK_TNT         0.00%       0.000us         0.00%       0.000us       0.000us      16.448us         0.04%      16.448us       8.224us             2  
                         write_req_to_token_pool_triton         0.00%       0.000us         0.00%       0.000us       0.000us      14.561us         0.03%      14.561us       4.854us             3  
void at::native::unrolled_elementwise_kernel<at::nat...         0.00%       0.000us         0.00%       0.000us       0.000us      14.080us         0.03%      14.080us       4.693us             3  
void at_cuda_detail::cub::detail::scan::DeviceScanIn...         0.00%       0.000us         0.00%       0.000us       0.000us      13.089us         0.03%      13.089us       1.454us             9  
                    create_flashinfer_kv_indices_triton         0.00%       0.000us         0.00%       0.000us       0.000us      12.160us         0.03%      12.160us       4.053us             3  
kernel_cutlass_kernel_flashinfernormkernelsrmsnormRM...         0.00%       0.000us         0.00%       0.000us       0.000us      11.744us         0.03%      11.744us       3.915us             3  
void at::native::vectorized_elementwise_kernel<2, at...         0.00%       0.000us         0.00%       0.000us       0.000us      10.656us         0.02%      10.656us       1.776us             6  
void at::native::unrolled_elementwise_kernel<at::nat...         0.00%       0.000us         0.00%       0.000us       0.000us      10.431us         0.02%      10.431us       1.738us             6  
void at::native::vectorized_gather_kernel<16, long>(...         0.00%       0.000us         0.00%       0.000us       0.000us       7.040us         0.02%       7.040us       3.520us             2  
                         Memcpy DtoH (Device -> Pinned)         0.00%       0.000us         0.00%       0.000us       0.000us       6.848us         0.02%       6.848us       3.424us             2  
void at::native::unrolled_elementwise_kernel<at::nat...         0.00%       0.000us         0.00%       0.000us       0.000us       6.463us         0.01%       6.463us       2.154us             3  
void at::native::(anonymous namespace)::multi_tensor...         0.00%       0.000us         0.00%       0.000us       0.000us       6.303us         0.01%       6.303us       2.101us             3  
                                compute_position_kernel         0.00%       0.000us         0.00%       0.000us       0.000us       6.145us         0.01%       6.145us       2.048us             3  
void at::native::unrolled_elementwise_kernel<at::nat...         0.00%       0.000us         0.00%       0.000us       0.000us       4.672us         0.01%       4.672us       1.557us             3  
void at::native::vectorized_elementwise_kernel<4, at...         0.00%       0.000us         0.00%       0.000us       0.000us       4.288us         0.01%       4.288us       1.429us             3  
void at::native::reduce_kernel<512, 1, at::native::R...         0.00%       0.000us         0.00%       0.000us       0.000us       3.488us         0.01%       3.488us       3.488us             1  
triton_poi_fused_add_bitwise_and_bitwise_not_bitwise...         0.00%       0.000us         0.00%       0.000us       0.000us       3.360us         0.01%       3.360us       1.680us             2  
void at::native::reduce_kernel<512, 1, at::native::R...         0.00%       0.000us         0.00%       0.000us       0.000us       2.784us         0.01%       2.784us       2.784us             1  
void at::native::(anonymous namespace)::indexSelectS...         0.00%       0.000us         0.00%       0.000us       0.000us       2.176us         0.00%       2.176us       2.176us             1  
triton_poi_fused_add_bitwise_and_bitwise_or_ge_lt_mu...         0.00%       0.000us         0.00%       0.000us       0.000us       1.792us         0.00%       1.792us       1.792us             1  
triton_poi_fused_bitwise_and_bitwise_not_bitwise_or_...         0.00%       0.000us         0.00%       0.000us       0.000us       1.440us         0.00%       1.440us       1.440us             1  
                                  cudaDeviceSynchronize         0.46%      85.164us         0.46%      85.164us      12.166us       0.000us         0.00%       0.000us       0.000us             7  
                                Activity Buffer Request         1.64%     299.972us         1.64%     299.972us     299.972us       0.000us         0.00%       0.000us       0.000us             1  
                               cudaPointerGetAttributes         0.06%      11.710us         0.06%      11.710us       3.903us       0.000us         0.00%       0.000us       0.000us             3  
                                         cudaEventQuery         0.45%      81.662us         0.45%      81.662us       3.403us       0.000us         0.00%       0.000us       0.000us            24  
                                  cudaStreamIsCapturing         0.16%      30.063us         0.16%      30.063us       0.423us       0.000us         0.00%       0.000us       0.000us            71  
                                        cudaMemcpyAsync        12.52%       2.297ms        12.52%       2.297ms      14.269us       0.000us         0.00%       0.000us       0.000us           161  
                               cudaEventRecordWithFlags         0.16%      28.905us         0.16%      28.905us       1.204us       0.000us         0.00%       0.000us       0.000us            24  
                                       cuLaunchKernelEx        27.25%       4.998ms        27.25%       4.998ms       5.929us       0.000us         0.00%       0.000us       0.000us           843  
                                       cudaLaunchKernel        17.33%       3.178ms        17.33%       3.178ms       6.256us       0.000us         0.00%       0.000us       0.000us           508  
                                  cudaStreamSynchronize         0.30%      54.298us         0.30%      54.298us       5.430us       0.000us         0.00%       0.000us       0.000us            10  
                                    cudaPeekAtLastError         0.02%       4.155us         0.02%       4.155us       0.115us       0.000us         0.00%       0.000us       0.000us            36  
cudaOccupancyMaxActiveBlocksPerMultiprocessorWithFla...         0.09%      15.923us         0.09%      15.923us       1.769us       0.000us         0.00%       0.000us       0.000us             9  
                                 cudaDeviceGetAttribute         0.50%      91.721us         0.50%      91.721us       0.997us       0.000us         0.00%       0.000us       0.000us            92  
                                    cudaLaunchKernelExC        27.02%       4.956ms        27.02%       4.956ms       6.289us       0.000us         0.00%       0.000us       0.000us           788  
                                         cuLaunchKernel         8.02%       1.472ms         8.02%       1.472ms       5.574us       0.000us         0.00%       0.000us       0.000us           264  
                                                INVALID         0.27%      49.253us         0.27%      49.253us       0.456us       0.000us         0.00%       0.000us       0.000us           108  
                                   cudaDriverGetVersion         0.05%      10.084us         0.05%      10.084us       0.093us       0.000us         0.00%       0.000us       0.000us           108  
                                   cudaFuncSetAttribute         1.38%     252.861us         1.38%     252.861us       3.122us       0.000us         0.00%       0.000us       0.000us            81  
                            cudaLaunchCooperativeKernel         2.32%     426.283us         2.32%     426.283us       7.894us       0.000us         0.00%       0.000us       0.000us            54  
-------------------------------------------------------  ------------  ------------  ------------  ------------  ------------  ------------  ------------  ------------  ------------  ------------  
Self CPU time total: 18.343ms
Self CUDA time total: 44.125ms

torch profiler chrome trace for prefill saved to /sgl-workspace/sglang-src/experiment-results/phase11/multiscale_timing_ground_truth/deepseek-v2-lite/chunked_prefill/c2048/r2/traces/trace_rank0_batch1_input4097_output8_prefill.trace.json.gz
Prefill. latency: 0.17458 s, throughput:  23467.88 token/s
Decode 0. Batch size: 1, latency: 0.06226 s, throughput:     16.06 token/s
Decode 1. Batch size: 1, latency: 0.05451 s, throughput:     18.35 token/s
Decode 2. Batch size: 1, latency: 0.05420 s, throughput:     18.45 token/s
Decode 3. Batch size: 1, latency: 0.05403 s, throughput:     18.51 token/s
Decode 4. Batch size: 1, latency: 0.05450 s, throughput:     18.35 token/s
Decode.  median latency: 0.05450 s, median throughput:     18.35 token/s
Total. latency:  0.564 s, throughput:   7274.76 token/s
Warmup workload: batch_size=4, input_len=2047, output_len=8
Prefill. latency: 0.35549 s, throughput:  23032.96 token/s
Decode 0. Batch size: 4, latency: 0.17449 s, throughput:     22.92 token/s
Decode 1. Batch size: 4, latency: 0.05450 s, throughput:     73.39 token/s
Decode 2. Batch size: 4, latency: 0.05443 s, throughput:     73.49 token/s
Decode 3. Batch size: 4, latency: 0.05665 s, throughput:     70.61 token/s
Decode 4. Batch size: 4, latency: 0.05515 s, throughput:     72.53 token/s
Decode.  median latency: 0.05515 s, median throughput:     72.53 token/s
Total. latency:  0.862 s, throughput:   9532.70 token/s
-------------------------------------------------------  ------------  ------------  ------------  ------------  ------------  ------------  ------------  ------------  ------------  ------------  
                                                   Name    Self CPU %      Self CPU   CPU total %     CPU total  CPU time avg     Self CUDA   Self CUDA %    CUDA total  CUDA time avg    # of Calls  
-------------------------------------------------------  ------------  ------------  ------------  ------------  ------------  ------------  ------------  ------------  ------------  ------------  
ncclDevKernel_AllReduce_Sum_bf16_RING_LL(ncclDevKern...         0.00%       0.000us         0.00%       0.000us       0.000us      32.902ms        45.68%      32.902ms     598.225us            55  
                                       fused_moe_kernel         0.00%       0.000us         0.00%       0.000us       0.000us      24.353ms        33.81%      24.353ms     468.325us            52  
         nvjet_sm100_tst_256x128_64x5_2x2_2cta_h_bz_TNT         0.00%       0.000us         0.00%       0.000us       0.000us       3.002ms         4.17%       3.002ms      27.796us           108  
void cutlass::device_kernel<cutlass::fmha::kernel::S...         0.00%       0.000us         0.00%       0.000us       0.000us       2.307ms         3.20%       2.307ms      85.442us            27  
         nvjet_sm100_tst_128x256_64x6_2x1_2cta_v_bz_TNT         0.00%       0.000us         0.00%       0.000us       0.000us       1.570ms         2.18%       1.570ms      58.140us            27  
void (anonymous namespace)::act_and_mul_kernel<__nv_...         0.00%       0.000us         0.00%       0.000us       0.000us       1.501ms         2.08%       1.501ms      28.326us            53  
kernel_cutlass_kernel_flashinfernormkernelsfused_add...         0.00%       0.000us         0.00%       0.000us       0.000us       1.115ms         1.55%       1.115ms      20.653us            54  
void moe_sum_reduce_warp_per_token_vec_kernel<8>(c10...         0.00%       0.000us         0.00%       0.000us       0.000us       1.011ms         1.40%       1.011ms      38.887us            26  
void at::native::sbtopk::gatherTopK<float, unsigned ...         0.00%       0.000us         0.00%       0.000us       0.000us     842.529us         1.17%     842.529us      16.202us            52  
              nvjet_sm100_tst_192x176_64x4_1x2_h_bz_TNT         0.00%       0.000us         0.00%       0.000us       0.000us     514.016us         0.71%     514.016us      19.038us            27  
void count_and_sort_expert_tokens_kernel<int>(int co...         0.00%       0.000us         0.00%       0.000us       0.000us     489.404us         0.68%     489.404us      18.823us            26  
void at::native::vectorized_elementwise_kernel<8, at...         0.00%       0.000us         0.00%       0.000us       0.000us     353.601us         0.49%     353.601us      13.600us            26  
void moe_align_block_size_kernel<int>(int const*, in...         0.00%       0.000us         0.00%       0.000us       0.000us     345.435us         0.48%     345.435us      13.286us            26  
         nvjet_sm100_tss_32x128_64x12_2x2_2cta_h_bz_TNN         0.00%       0.000us         0.00%       0.000us       0.000us     322.557us         0.45%     322.557us      12.406us            26  
flashinfer::plan_kernel(int*, int*, int*, int*, int*...         0.00%       0.000us         0.00%       0.000us       0.000us     218.976us         0.30%     218.976us     218.976us             1  
kernel_cutlass_kernel_flashinfernormkernelsrmsnormRM...         0.00%       0.000us         0.00%       0.000us       0.000us     197.184us         0.27%     197.184us       7.303us            27  
                           concat_and_cast_mha_k_kernel         0.00%       0.000us         0.00%       0.000us       0.000us     187.264us         0.26%     187.264us       6.936us            27  
triton_red_fused__softmax_exp_max_prepare_softmax_on...         0.00%       0.000us         0.00%       0.000us       0.000us     156.864us         0.22%     156.864us       6.033us            26  
void (anonymous namespace)::fused_rope_kernel<false,...         0.00%       0.000us         0.00%       0.000us       0.000us     153.343us         0.21%     153.343us       5.679us            27  
triton_poi_fused__softmax__to_copy_arange_bitwise_no...         0.00%       0.000us         0.00%       0.000us       0.000us     122.525us         0.17%     122.525us       4.712us            26  
void (anonymous namespace)::set_mla_kv_buffer_kernel...         0.00%       0.000us         0.00%       0.000us       0.000us      93.181us         0.13%      93.181us       3.451us            27  
                            triton_poi_fused__to_copy_2         0.00%       0.000us         0.00%       0.000us       0.000us      49.316us         0.07%      49.316us       1.897us            26  
                nvjet_sm100_tst_384x8_64x4_2x1_v_bz_TNT         0.00%       0.000us         0.00%       0.000us       0.000us      47.712us         0.07%      47.712us      47.712us             1  
void at::native::elementwise_kernel<128, 4, at::nati...         0.00%       0.000us         0.00%       0.000us       0.000us      32.160us         0.04%      32.160us      32.160us             1  
void at::native::reduce_kernel<512, 1, at::native::R...         0.00%       0.000us         0.00%       0.000us       0.000us      23.425us         0.03%      23.425us      23.425us             1  
                         Memcpy HtoD (Pinned -> Device)         0.00%       0.000us         0.00%       0.000us       0.000us      16.003us         0.02%      16.003us       2.000us             8  
                               _all_gather_kernel_inner         0.00%       0.000us         0.00%       0.000us       0.000us      13.471us         0.02%      13.471us      13.471us             1  
void at::native::vectorized_gather_kernel<16, long>(...         0.00%       0.000us         0.00%       0.000us       0.000us      13.247us         0.02%      13.247us       6.623us             2  
kernel_cutlass_kernel_flashinfernormkernelsrmsnormRM...         0.00%       0.000us         0.00%       0.000us       0.000us      10.305us         0.01%      10.305us      10.305us             1  
                         Memcpy DtoH (Device -> Pinned)         0.00%       0.000us         0.00%       0.000us       0.000us       9.311us         0.01%       9.311us       4.655us             2  
                       Memcpy HtoD (Pageable -> Device)         0.00%       0.000us         0.00%       0.000us       0.000us       7.072us         0.01%       7.072us       1.414us             5  
                       Memcpy DtoH (Device -> Pageable)         0.00%       0.000us         0.00%       0.000us       0.000us       6.369us         0.01%       6.369us       3.185us             2  
void at::native::unrolled_elementwise_kernel<at::nat...         0.00%       0.000us         0.00%       0.000us       0.000us       5.727us         0.01%       5.727us       1.909us             3  
void at_cuda_detail::cub::detail::scan::DeviceScanKe...         0.00%       0.000us         0.00%       0.000us       0.000us       4.800us         0.01%       4.800us       1.600us             3  
void at::native::unrolled_elementwise_kernel<at::nat...         0.00%       0.000us         0.00%       0.000us       0.000us       3.905us         0.01%       3.905us       3.905us             1  
void at_cuda_detail::cub::detail::scan::DeviceScanIn...         0.00%       0.000us         0.00%       0.000us       0.000us       3.841us         0.01%       3.841us       1.280us             3  
                         write_req_to_token_pool_triton         0.00%       0.000us         0.00%       0.000us       0.000us       3.264us         0.00%       3.264us       3.264us             1  
void at::native::(anonymous namespace)::multi_tensor...         0.00%       0.000us         0.00%       0.000us       0.000us       3.168us         0.00%       3.168us       3.168us             1  
void at::native::vectorized_elementwise_kernel<2, at...         0.00%       0.000us         0.00%       0.000us       0.000us       3.104us         0.00%       3.104us       1.552us             2  
void at::native::unrolled_elementwise_kernel<at::nat...         0.00%       0.000us         0.00%       0.000us       0.000us       2.912us         0.00%       2.912us       1.456us             2  
void at::native::reduce_kernel<512, 1, at::native::R...         0.00%       0.000us         0.00%       0.000us       0.000us       2.720us         0.00%       2.720us       2.720us             1  
void at::native::reduce_kernel<512, 1, at::native::R...         0.00%       0.000us         0.00%       0.000us       0.000us       2.272us         0.00%       2.272us       2.272us             1  
triton_poi_fused_add_bitwise_and_bitwise_not_bitwise...         0.00%       0.000us         0.00%       0.000us       0.000us       1.920us         0.00%       1.920us       1.920us             1  
void at::native::unrolled_elementwise_kernel<at::nat...         0.00%       0.000us         0.00%       0.000us       0.000us       1.888us         0.00%       1.888us       1.888us             1  
                                compute_position_kernel         0.00%       0.000us         0.00%       0.000us       0.000us       1.696us         0.00%       1.696us       1.696us             1  
                    create_flashinfer_kv_indices_triton         0.00%       0.000us         0.00%       0.000us       0.000us       1.216us         0.00%       1.216us       1.216us             1  
void at::native::unrolled_elementwise_kernel<at::nat...         0.00%       0.000us         0.00%       0.000us       0.000us       1.185us         0.00%       1.185us       1.185us             1  
void at::native::vectorized_elementwise_kernel<4, at...         0.00%       0.000us         0.00%       0.000us       0.000us       1.023us         0.00%       1.023us       1.023us             1  
                                  cudaDeviceSynchronize        61.80%      11.199ms        61.80%      11.199ms       3.733ms       0.000us         0.00%       0.000us       0.000us             3  
                                Activity Buffer Request         0.89%     160.427us         0.89%     160.427us     160.427us       0.000us         0.00%       0.000us       0.000us             1  
                               cudaPointerGetAttributes         0.06%      11.353us         0.06%      11.353us      11.353us       0.000us         0.00%       0.000us       0.000us             1  
                                  cudaStreamIsCapturing         0.51%      92.707us         0.51%      92.707us       0.697us       0.000us         0.00%       0.000us       0.000us           133  
                                        cudaMemcpyAsync         2.29%     415.817us         2.29%     415.817us      24.460us       0.000us         0.00%       0.000us       0.000us            17  
                               cudaEventRecordWithFlags         0.52%      94.625us         0.52%      94.625us       1.502us       0.000us         0.00%       0.000us       0.000us            63  
                                         cudaEventQuery         0.15%      27.169us         0.15%      27.169us       3.396us       0.000us         0.00%       0.000us       0.000us             8  
                                       cuLaunchKernelEx        11.32%       2.052ms        11.32%       2.052ms       6.275us       0.000us         0.00%       0.000us       0.000us           327  
                                       cudaLaunchKernel         6.05%       1.096ms         6.05%       1.096ms       6.091us       0.000us         0.00%       0.000us       0.000us           180  
                                  cudaStreamSynchronize         1.00%     181.666us         1.00%     181.666us      45.417us       0.000us         0.00%       0.000us       0.000us             4  
                                    cudaPeekAtLastError         0.01%       1.467us         0.01%       1.467us       0.122us       0.000us         0.00%       0.000us       0.000us            12  
cudaOccupancyMaxActiveBlocksPerMultiprocessorWithFla...         0.04%       6.495us         0.04%       6.495us       2.165us       0.000us         0.00%       0.000us       0.000us             3  
                                 cudaDeviceGetAttribute         0.17%      30.493us         0.17%      30.493us       1.016us       0.000us         0.00%       0.000us       0.000us            30  
                                    cudaLaunchKernelExC         8.04%       1.457ms         8.04%       1.457ms       6.713us       0.000us         0.00%       0.000us       0.000us           217  
                                         cuLaunchKernel         2.48%     448.898us         2.48%     448.898us       5.682us       0.000us         0.00%       0.000us       0.000us            79  
                                                INVALID         0.62%     111.907us         0.62%     111.907us       0.687us       0.000us         0.00%       0.000us       0.000us           163  
                                        cudaEventRecord         1.72%     312.020us         1.72%     312.020us       1.891us       0.000us         0.00%       0.000us       0.000us           165  
                                    cudaStreamWaitEvent         1.20%     218.158us         1.20%     218.158us       1.983us       0.000us         0.00%       0.000us       0.000us           110  
                                    cudaGetFuncBySymbol         0.52%      94.687us         0.52%      94.687us       1.722us       0.000us         0.00%       0.000us       0.000us            55  
                                   cudaDriverGetVersion         0.06%      10.136us         0.06%      10.136us       0.094us       0.000us         0.00%       0.000us       0.000us           108  
                                   cudaFuncSetAttribute         0.56%     100.713us         0.56%     100.713us       3.730us       0.000us         0.00%       0.000us       0.000us            27  
-------------------------------------------------------  ------------  ------------  ------------  ------------  ------------  ------------  ------------  ------------  ------------  ------------  
Self CPU time total: 18.123ms
Self CUDA time total: 72.031ms

-------------------------------------------------------  ------------  ------------  ------------  ------------  ------------  ------------  ------------  ------------  ------------  ------------  
                                                   Name    Self CPU %      Self CPU   CPU total %     CPU total  CPU time avg     Self CUDA   Self CUDA %    CUDA total  CUDA time avg    # of Calls  
-------------------------------------------------------  ------------  ------------  ------------  ------------  ------------  ------------  ------------  ------------  ------------  ------------  
                                       fused_moe_kernel         0.00%       0.000us         0.00%       0.000us       0.000us      24.330ms        55.97%      24.330ms     467.880us            52  
ncclDevKernel_AllReduce_Sum_bf16_RING_LL(ncclDevKern...         0.00%       0.000us         0.00%       0.000us       0.000us       4.641ms        10.67%       4.641ms      84.374us            55  
         nvjet_sm100_tst_256x128_64x5_2x2_2cta_h_bz_TNT         0.00%       0.000us         0.00%       0.000us       0.000us       3.014ms         6.93%       3.014ms      27.909us           108  
void cutlass::device_kernel<cutlass::fmha::kernel::S...         0.00%       0.000us         0.00%       0.000us       0.000us       2.293ms         5.27%       2.293ms      84.930us            27  
         nvjet_sm100_tst_128x256_64x6_2x1_2cta_v_bz_TNT         0.00%       0.000us         0.00%       0.000us       0.000us       1.562ms         3.59%       1.562ms      57.843us            27  
void (anonymous namespace)::act_and_mul_kernel<__nv_...         0.00%       0.000us         0.00%       0.000us       0.000us       1.427ms         3.28%       1.427ms      26.919us            53  
void moe_sum_reduce_warp_per_token_vec_kernel<8>(c10...         0.00%       0.000us         0.00%       0.000us       0.000us       1.010ms         2.32%       1.010ms      38.835us            26  
kernel_cutlass_kernel_flashinfernormkernelsfused_add...         0.00%       0.000us         0.00%       0.000us       0.000us       1.007ms         2.32%       1.007ms      18.641us            54  
void at::native::sbtopk::gatherTopK<float, unsigned ...         0.00%       0.000us         0.00%       0.000us       0.000us     843.228us         1.94%     843.228us      16.216us            52  
              nvjet_sm100_tst_192x176_64x4_1x2_h_bz_TNT         0.00%       0.000us         0.00%       0.000us       0.000us     516.162us         1.19%     516.162us      19.117us            27  
void count_and_sort_expert_tokens_kernel<int>(int co...         0.00%       0.000us         0.00%       0.000us       0.000us     490.944us         1.13%     490.944us      18.882us            26  
void moe_align_block_size_kernel<int>(int const*, in...         0.00%       0.000us         0.00%       0.000us       0.000us     352.191us         0.81%     352.191us      13.546us            26  
void at::native::vectorized_elementwise_kernel<8, at...         0.00%       0.000us         0.00%       0.000us       0.000us     351.711us         0.81%     351.711us      13.527us            26  
         nvjet_sm100_tss_32x128_64x12_2x2_2cta_h_bz_TNN         0.00%       0.000us         0.00%       0.000us       0.000us     285.756us         0.66%     285.756us      10.991us            26  
flashinfer::plan_kernel(int*, int*, int*, int*, int*...         0.00%       0.000us         0.00%       0.000us       0.000us     219.199us         0.50%     219.199us     219.199us             1  
kernel_cutlass_kernel_flashinfernormkernelsrmsnormRM...         0.00%       0.000us         0.00%       0.000us       0.000us     189.665us         0.44%     189.665us       7.025us            27  
                           concat_and_cast_mha_k_kernel         0.00%       0.000us         0.00%       0.000us       0.000us     185.792us         0.43%     185.792us       6.881us            27  
void (anonymous namespace)::fused_rope_kernel<false,...         0.00%       0.000us         0.00%       0.000us       0.000us     154.143us         0.35%     154.143us       5.709us            27  
triton_red_fused__softmax_exp_max_prepare_softmax_on...         0.00%       0.000us         0.00%       0.000us       0.000us     148.897us         0.34%     148.897us       5.727us            26  
void (anonymous namespace)::set_mla_kv_buffer_kernel...         0.00%       0.000us         0.00%       0.000us       0.000us      93.568us         0.22%      93.568us       3.465us            27  
triton_poi_fused__softmax__to_copy_arange_bitwise_no...         0.00%       0.000us         0.00%       0.000us       0.000us      80.956us         0.19%      80.956us       3.114us            26  
                            triton_poi_fused__to_copy_2         0.00%       0.000us         0.00%       0.000us       0.000us      53.026us         0.12%      53.026us       2.039us            26  
                nvjet_sm100_tst_384x8_64x4_2x1_v_bz_TNT         0.00%       0.000us         0.00%       0.000us       0.000us      47.424us         0.11%      47.424us      47.424us             1  
void at::native::elementwise_kernel<128, 4, at::nati...         0.00%       0.000us         0.00%       0.000us       0.000us      29.408us         0.07%      29.408us      29.408us             1  
void at::native::reduce_kernel<512, 1, at::native::R...         0.00%       0.000us         0.00%       0.000us       0.000us      24.224us         0.06%      24.224us      24.224us             1  
                         Memcpy HtoD (Pinned -> Device)         0.00%       0.000us         0.00%       0.000us       0.000us      16.767us         0.04%      16.767us       2.096us             8  
                               _all_gather_kernel_inner         0.00%       0.000us         0.00%       0.000us       0.000us      13.952us         0.03%      13.952us      13.952us             1  
kernel_cutlass_kernel_flashinfernormkernelsrmsnormRM...         0.00%       0.000us         0.00%       0.000us       0.000us      10.656us         0.02%      10.656us      10.656us             1  
void at::native::vectorized_gather_kernel<16, long>(...         0.00%       0.000us         0.00%       0.000us       0.000us      10.112us         0.02%      10.112us       5.056us             2  
                         Memcpy DtoH (Device -> Pinned)         0.00%       0.000us         0.00%       0.000us       0.000us       7.040us         0.02%       7.040us       3.520us             2  
                       Memcpy HtoD (Pageable -> Device)         0.00%       0.000us         0.00%       0.000us       0.000us       7.038us         0.02%       7.038us       1.408us             5  
void at::native::unrolled_elementwise_kernel<at::nat...         0.00%       0.000us         0.00%       0.000us       0.000us       6.304us         0.01%       6.304us       2.101us             3  
                       Memcpy DtoH (Device -> Pageable)         0.00%       0.000us         0.00%       0.000us       0.000us       6.272us         0.01%       6.272us       3.136us             2  
void at_cuda_detail::cub::detail::scan::DeviceScanKe...         0.00%       0.000us         0.00%       0.000us       0.000us       6.015us         0.01%       6.015us       2.005us             3  
void at_cuda_detail::cub::detail::scan::DeviceScanIn...         0.00%       0.000us         0.00%       0.000us       0.000us       4.256us         0.01%       4.256us       1.419us             3  
                         write_req_to_token_pool_triton         0.00%       0.000us         0.00%       0.000us       0.000us       4.064us         0.01%       4.064us       4.064us             1  
void at::native::unrolled_elementwise_kernel<at::nat...         0.00%       0.000us         0.00%       0.000us       0.000us       4.000us         0.01%       4.000us       4.000us             1  
void at::native::vectorized_elementwise_kernel<2, at...         0.00%       0.000us         0.00%       0.000us       0.000us       3.808us         0.01%       3.808us       1.904us             2  
void at::native::unrolled_elementwise_kernel<at::nat...         0.00%       0.000us         0.00%       0.000us       0.000us       3.616us         0.01%       3.616us       1.808us             2  
void at::native::(anonymous namespace)::multi_tensor...         0.00%       0.000us         0.00%       0.000us       0.000us       3.264us         0.01%       3.264us       3.264us             1  
void at::native::reduce_kernel<512, 1, at::native::R...         0.00%       0.000us         0.00%       0.000us       0.000us       2.880us         0.01%       2.880us       2.880us             1  
void at::native::reduce_kernel<512, 1, at::native::R...         0.00%       0.000us         0.00%       0.000us       0.000us       2.400us         0.01%       2.400us       2.400us             1  
triton_poi_fused_add_bitwise_and_bitwise_not_bitwise...         0.00%       0.000us         0.00%       0.000us       0.000us       2.143us         0.00%       2.143us       2.143us             1  
                                compute_position_kernel         0.00%       0.000us         0.00%       0.000us       0.000us       1.889us         0.00%       1.889us       1.889us             1  
void at::native::unrolled_elementwise_kernel<at::nat...         0.00%       0.000us         0.00%       0.000us       0.000us       1.856us         0.00%       1.856us       1.856us             1  
void at::native::unrolled_elementwise_kernel<at::nat...         0.00%       0.000us         0.00%       0.000us       0.000us       1.823us         0.00%       1.823us       1.823us             1  
void at::native::vectorized_elementwise_kernel<4, at...         0.00%       0.000us         0.00%       0.000us       0.000us       1.631us         0.00%       1.631us       1.631us             1  
                    create_flashinfer_kv_indices_triton         0.00%       0.000us         0.00%       0.000us       0.000us       1.312us         0.00%       1.312us       1.312us             1  
                                  cudaDeviceSynchronize         1.27%     161.611us         1.27%     161.611us      53.870us       0.000us         0.00%       0.000us       0.000us             3  
                                Activity Buffer Request        23.63%       3.003ms        23.63%       3.003ms       3.003ms       0.000us         0.00%       0.000us       0.000us             1  
                               cudaPointerGetAttributes         0.05%       6.051us         0.05%       6.051us       6.051us       0.000us         0.00%       0.000us       0.000us             1  
                                  cudaStreamIsCapturing         0.73%      93.235us         0.73%      93.235us       0.701us       0.000us         0.00%       0.000us       0.000us           133  
                                        cudaMemcpyAsync        22.42%       2.850ms        22.42%       2.850ms     167.630us       0.000us         0.00%       0.000us       0.000us            17  
                               cudaEventRecordWithFlags         0.80%     101.801us         0.80%     101.801us       1.616us       0.000us         0.00%       0.000us       0.000us            63  
                                         cudaEventQuery         0.22%      27.415us         0.22%      27.415us       3.427us       0.000us         0.00%       0.000us       0.000us             8  
                                       cuLaunchKernelEx        17.30%       2.199ms        17.30%       2.199ms       6.724us       0.000us         0.00%       0.000us       0.000us           327  
                                       cudaLaunchKernel         9.69%       1.231ms         9.69%       1.231ms       6.838us       0.000us         0.00%       0.000us       0.000us           180  
                                  cudaStreamSynchronize         1.14%     145.229us         1.14%     145.229us      36.307us       0.000us         0.00%       0.000us       0.000us             4  
                                    cudaPeekAtLastError         0.01%       1.463us         0.01%       1.463us       0.122us       0.000us         0.00%       0.000us       0.000us            12  
cudaOccupancyMaxActiveBlocksPerMultiprocessorWithFla...         0.04%       5.349us         0.04%       5.349us       1.783us       0.000us         0.00%       0.000us       0.000us             3  
                                 cudaDeviceGetAttribute         0.24%      30.808us         0.24%      30.808us       1.027us       0.000us         0.00%       0.000us       0.000us            30  
                                    cudaLaunchKernelExC        12.27%       1.559ms        12.27%       1.559ms       7.184us       0.000us         0.00%       0.000us       0.000us           217  
                                         cuLaunchKernel         3.78%     480.066us         3.78%     480.066us       6.077us       0.000us         0.00%       0.000us       0.000us            79  
                                                INVALID         0.93%     117.629us         0.93%     117.629us       0.722us       0.000us         0.00%       0.000us       0.000us           163  
                                        cudaEventRecord         2.32%     294.264us         2.32%     294.264us       1.783us       0.000us         0.00%       0.000us       0.000us           165  
                                    cudaStreamWaitEvent         1.52%     193.176us         1.52%     193.176us       1.756us       0.000us         0.00%       0.000us       0.000us           110  
                                    cudaGetFuncBySymbol         0.75%      95.498us         0.75%      95.498us       1.736us       0.000us         0.00%       0.000us       0.000us            55  
                                   cudaDriverGetVersion         0.08%      10.473us         0.08%      10.473us       0.097us       0.000us         0.00%       0.000us       0.000us           108  
                                   cudaFuncSetAttribute         0.81%     103.505us         0.81%     103.505us       3.834us       0.000us         0.00%       0.000us       0.000us            27  
-------------------------------------------------------  ------------  ------------  ------------  ------------  ------------  ------------  ------------  ------------  ------------  ------------  
Self CPU time total: 12.709ms
Self CUDA time total: 43.472ms

torch profiler chrome trace for prefill saved to /sgl-workspace/sglang-src/experiment-results/phase11/multiscale_timing_ground_truth/deepseek-v2-lite/chunked_prefill/c2048/r2/traces/trace_rank0_batch4_input2047_output8_prefill.trace.json.gz
Prefill. latency: 0.07479 s, throughput: 109484.30 token/s
Decode 0. Batch size: 4, latency: 0.07357 s, throughput:     54.37 token/s
Decode 1. Batch size: 4, latency: 0.05553 s, throughput:     72.03 token/s
Decode 2. Batch size: 4, latency: 0.05484 s, throughput:     72.94 token/s
Decode 3. Batch size: 4, latency: 0.05467 s, throughput:     73.16 token/s
Decode 4. Batch size: 4, latency: 0.05461 s, throughput:     73.25 token/s
Decode.  median latency: 0.05553 s, median throughput:     72.03 token/s
Total. latency:  0.487 s, throughput:  16885.70 token/s
Warmup workload: batch_size=4, input_len=2048, output_len=8
Prefill. latency: 0.06519 s, throughput: 125672.76 token/s
Decode 0. Batch size: 4, latency: 0.05387 s, throughput:     74.25 token/s
Decode 1. Batch size: 4, latency: 0.05488 s, throughput:     72.89 token/s
Decode 2. Batch size: 4, latency: 0.05397 s, throughput:     74.11 token/s
Decode 3. Batch size: 4, latency: 0.05390 s, throughput:     74.22 token/s
Decode 4. Batch size: 4, latency: 0.05383 s, throughput:     74.31 token/s
Decode.  median latency: 0.05397 s, median throughput:     74.11 token/s
Total. latency:  0.446 s, throughput:  18435.91 token/s
-------------------------------------------------------  ------------  ------------  ------------  ------------  ------------  ------------  ------------  ------------  ------------  ------------  
                                                   Name    Self CPU %      Self CPU   CPU total %     CPU total  CPU time avg     Self CUDA   Self CUDA %    CUDA total  CUDA time avg    # of Calls  
-------------------------------------------------------  ------------  ------------  ------------  ------------  ------------  ------------  ------------  ------------  ------------  ------------  
ncclDevKernel_AllReduce_Sum_bf16_RING_LL(ncclDevKern...         0.00%       0.000us         0.00%       0.000us       0.000us      24.868ms        38.85%      24.868ms     452.139us            55  
                                       fused_moe_kernel         0.00%       0.000us         0.00%       0.000us       0.000us      24.344ms        38.04%      24.344ms     468.155us            52  
         nvjet_sm100_tst_128x256_64x6_2x2_2cta_h_bz_TNT         0.00%       0.000us         0.00%       0.000us       0.000us       2.881ms         4.50%       2.881ms      26.680us           108  
void cutlass::device_kernel<cutlass::fmha::kernel::S...         0.00%       0.000us         0.00%       0.000us       0.000us       2.516ms         3.93%       2.516ms      93.203us            27  
         nvjet_sm100_tst_128x256_64x6_2x1_2cta_v_bz_TNT         0.00%       0.000us         0.00%       0.000us       0.000us       1.574ms         2.46%       1.574ms      58.278us            27  
void (anonymous namespace)::act_and_mul_kernel<__nv_...         0.00%       0.000us         0.00%       0.000us       0.000us       1.501ms         2.34%       1.501ms      28.316us            53  
kernel_cutlass_kernel_flashinfernormkernelsfused_add...         0.00%       0.000us         0.00%       0.000us       0.000us       1.119ms         1.75%       1.119ms      20.731us            54  
void moe_sum_reduce_warp_per_token_vec_kernel<8>(c10...         0.00%       0.000us         0.00%       0.000us       0.000us       1.008ms         1.57%       1.008ms      38.751us            26  
void at::native::sbtopk::gatherTopK<float, unsigned ...         0.00%       0.000us         0.00%       0.000us       0.000us     836.214us         1.31%     836.214us      16.081us            52  
void count_and_sort_expert_tokens_kernel<int>(int co...         0.00%       0.000us         0.00%       0.000us       0.000us     494.655us         0.77%     494.655us      19.025us            26  
         nvjet_sm100_tst_144x128_64x8_2x2_2cta_h_bz_TNN         0.00%       0.000us         0.00%       0.000us       0.000us     465.150us         0.73%     465.150us      17.228us            27  
void at::native::vectorized_elementwise_kernel<8, at...         0.00%       0.000us         0.00%       0.000us       0.000us     353.632us         0.55%     353.632us      13.601us            26  
void moe_align_block_size_kernel<int>(int const*, in...         0.00%       0.000us         0.00%       0.000us       0.000us     336.349us         0.53%     336.349us      12.936us            26  
         nvjet_sm100_tss_32x128_64x12_2x2_2cta_h_bz_TNN         0.00%       0.000us         0.00%       0.000us       0.000us     330.268us         0.52%     330.268us      12.703us            26  
flashinfer::plan_kernel(int*, int*, int*, int*, int*...         0.00%       0.000us         0.00%       0.000us       0.000us     219.168us         0.34%     219.168us     219.168us             1  
                           concat_and_cast_mha_k_kernel         0.00%       0.000us         0.00%       0.000us       0.000us     186.779us         0.29%     186.779us       6.918us            27  
kernel_cutlass_kernel_flashinfernormkernelsrmsnormRM...         0.00%       0.000us         0.00%       0.000us       0.000us     175.487us         0.27%     175.487us       6.500us            27  
triton_red_fused__softmax_exp_max_prepare_softmax_on...         0.00%       0.000us         0.00%       0.000us       0.000us     157.222us         0.25%     157.222us       6.047us            26  
void (anonymous namespace)::fused_rope_kernel<false,...         0.00%       0.000us         0.00%       0.000us       0.000us     152.605us         0.24%     152.605us       5.652us            27  
triton_poi_fused__softmax__to_copy_arange_bitwise_no...         0.00%       0.000us         0.00%       0.000us       0.000us     124.287us         0.19%     124.287us       4.780us            26  
void (anonymous namespace)::set_mla_kv_buffer_kernel...         0.00%       0.000us         0.00%       0.000us       0.000us      94.525us         0.15%      94.525us       3.501us            27  
                            triton_poi_fused__to_copy_2         0.00%       0.000us         0.00%       0.000us       0.000us      49.310us         0.08%      49.310us       1.897us            26  
                nvjet_sm100_tst_384x8_64x4_2x1_v_bz_TNT         0.00%       0.000us         0.00%       0.000us       0.000us      48.352us         0.08%      48.352us      48.352us             1  
void at::native::elementwise_kernel<128, 4, at::nati...         0.00%       0.000us         0.00%       0.000us       0.000us      32.448us         0.05%      32.448us      32.448us             1  
void at::native::reduce_kernel<512, 1, at::native::R...         0.00%       0.000us         0.00%       0.000us       0.000us      23.456us         0.04%      23.456us      23.456us             1  
                               _all_gather_kernel_inner         0.00%       0.000us         0.00%       0.000us       0.000us      16.192us         0.03%      16.192us      16.192us             1  
                         Memcpy HtoD (Pinned -> Device)         0.00%       0.000us         0.00%       0.000us       0.000us      13.056us         0.02%      13.056us       1.632us             8  
void at::native::vectorized_gather_kernel<16, long>(...         0.00%       0.000us         0.00%       0.000us       0.000us      12.801us         0.02%      12.801us       6.401us             2  
kernel_cutlass_kernel_flashinfernormkernelsrmsnormRM...         0.00%       0.000us         0.00%       0.000us       0.000us      10.624us         0.02%      10.624us      10.624us             1  
                         Memcpy DtoH (Device -> Pinned)         0.00%       0.000us         0.00%       0.000us       0.000us       6.624us         0.01%       6.624us       3.312us             2  
                       Memcpy DtoH (Device -> Pageable)         0.00%       0.000us         0.00%       0.000us       0.000us       6.466us         0.01%       6.466us       3.233us             2  
                       Memcpy HtoD (Pageable -> Device)         0.00%       0.000us         0.00%       0.000us       0.000us       5.728us         0.01%       5.728us       1.146us             5  
void at::native::unrolled_elementwise_kernel<at::nat...         0.00%       0.000us         0.00%       0.000us       0.000us       4.832us         0.01%       4.832us       1.611us             3  
void at_cuda_detail::cub::detail::scan::DeviceScanKe...         0.00%       0.000us         0.00%       0.000us       0.000us       4.576us         0.01%       4.576us       1.525us             3  
void at::native::unrolled_elementwise_kernel<at::nat...         0.00%       0.000us         0.00%       0.000us       0.000us       3.968us         0.01%       3.968us       3.968us             1  
void at_cuda_detail::cub::detail::scan::DeviceScanIn...         0.00%       0.000us         0.00%       0.000us       0.000us       3.232us         0.01%       3.232us       1.077us             3  
                         write_req_to_token_pool_triton         0.00%       0.000us         0.00%       0.000us       0.000us       3.103us         0.00%       3.103us       3.103us             1  
void at::native::(anonymous namespace)::multi_tensor...         0.00%       0.000us         0.00%       0.000us       0.000us       3.008us         0.00%       3.008us       3.008us             1  
void at::native::unrolled_elementwise_kernel<at::nat...         0.00%       0.000us         0.00%       0.000us       0.000us       2.880us         0.00%       2.880us       1.440us             2  
void at::native::vectorized_elementwise_kernel<2, at...         0.00%       0.000us         0.00%       0.000us       0.000us       2.848us         0.00%       2.848us       1.424us             2  
void at::native::reduce_kernel<512, 1, at::native::R...         0.00%       0.000us         0.00%       0.000us       0.000us       2.304us         0.00%       2.304us       2.304us             1  
void at::native::reduce_kernel<512, 1, at::native::R...         0.00%       0.000us         0.00%       0.000us       0.000us       2.113us         0.00%       2.113us       2.113us             1  
triton_poi_fused_add_bitwise_and_bitwise_not_bitwise...         0.00%       0.000us         0.00%       0.000us       0.000us       1.824us         0.00%       1.824us       1.824us             1  
void at::native::unrolled_elementwise_kernel<at::nat...         0.00%       0.000us         0.00%       0.000us       0.000us       1.664us         0.00%       1.664us       1.664us             1  
void at::native::unrolled_elementwise_kernel<at::nat...         0.00%       0.000us         0.00%       0.000us       0.000us       1.600us         0.00%       1.600us       1.600us             1  
                                compute_position_kernel         0.00%       0.000us         0.00%       0.000us       0.000us       1.568us         0.00%       1.568us       1.568us             1  
                    create_flashinfer_kv_indices_triton         0.00%       0.000us         0.00%       0.000us       0.000us       1.184us         0.00%       1.184us       1.184us             1  
void at::native::vectorized_elementwise_kernel<4, at...         0.00%       0.000us         0.00%       0.000us       0.000us       0.895us         0.00%       0.895us       0.895us             1  
                                  cudaDeviceSynchronize        26.79%       3.108ms        26.79%       3.108ms       1.036ms       0.000us         0.00%       0.000us       0.000us             3  
                                Activity Buffer Request        13.89%       1.611ms        13.89%       1.611ms       1.611ms       0.000us         0.00%       0.000us       0.000us             1  
                               cudaPointerGetAttributes         0.04%       4.190us         0.04%       4.190us       4.190us       0.000us         0.00%       0.000us       0.000us             1  
                                  cudaStreamIsCapturing         0.79%      92.018us         0.80%      92.314us       0.694us       0.000us         0.00%       0.000us       0.000us           133  
                                        cudaMemcpyAsync         3.38%     392.276us         3.38%     392.276us      23.075us       0.000us         0.00%       0.000us       0.000us            17  
                               cudaEventRecordWithFlags         0.70%      81.448us         0.70%      81.448us       1.293us       0.000us         0.00%       0.000us       0.000us            63  
                                         cudaEventQuery         2.37%     274.824us         2.37%     275.262us       2.202us       0.000us         0.00%       0.000us       0.000us           125  
                                       cuLaunchKernelEx        17.55%       2.036ms        17.60%       2.042ms       6.243us       0.000us         0.00%       0.000us       0.000us           327  
                                       cudaLaunchKernel         9.28%       1.077ms         9.28%       1.077ms       5.981us       0.000us         0.00%       0.000us       0.000us           180  
                                  cudaStreamSynchronize         1.58%     183.114us         1.58%     183.114us      45.778us       0.000us         0.00%       0.000us       0.000us             4  
                                    cudaPeekAtLastError         0.01%       1.347us         0.01%       1.347us       0.112us       0.000us         0.00%       0.000us       0.000us            12  
cudaOccupancyMaxActiveBlocksPerMultiprocessorWithFla...         0.05%       5.571us         0.05%       5.571us       1.857us       0.000us         0.00%       0.000us       0.000us             3  
                                 cudaDeviceGetAttribute         0.26%      30.333us         0.26%      30.333us       1.011us       0.000us         0.00%       0.000us       0.000us            30  
                                    cudaLaunchKernelExC        12.37%       1.436ms        12.37%       1.436ms       6.616us       0.000us         0.00%       0.000us       0.000us           217  
                                         cuLaunchKernel         3.81%     442.468us         3.81%     442.468us       5.601us       0.000us         0.00%       0.000us       0.000us            79  
                                                INVALID         0.95%     110.171us         0.95%     110.171us       0.676us       0.000us         0.00%       0.000us       0.000us           163  
                                        cudaEventRecord         2.60%     301.671us         2.60%     301.907us       1.830us       0.000us         0.00%       0.000us       0.000us           165  
                                    cudaStreamWaitEvent         1.69%     196.212us         1.69%     196.212us       1.784us       0.000us         0.00%       0.000us       0.000us           110  
                                    cudaGetFuncBySymbol         0.75%      87.163us         0.75%      87.163us       1.585us       0.000us         0.00%       0.000us       0.000us            55  
                                   cudaDriverGetVersion         0.09%      10.270us         0.09%      10.270us       0.095us       0.000us         0.00%       0.000us       0.000us           108  
                                   cudaFuncSetAttribute         0.86%      99.638us         0.86%      99.638us       3.690us       0.000us         0.00%       0.000us       0.000us            27  
                    cudaThreadExchangeStreamCaptureMode         0.19%      22.453us         0.19%      22.453us       0.274us       0.000us         0.00%       0.000us       0.000us            82  
-------------------------------------------------------  ------------  ------------  ------------  ------------  ------------  ------------  ------------  ------------  ------------  ------------  
Self CPU time total: 11.603ms
Self CUDA time total: 64.004ms

-------------------------------------------------------  ------------  ------------  ------------  ------------  ------------  ------------  ------------  ------------  ------------  ------------  
                                                   Name    Self CPU %      Self CPU   CPU total %     CPU total  CPU time avg     Self CUDA   Self CUDA %    CUDA total  CUDA time avg    # of Calls  
-------------------------------------------------------  ------------  ------------  ------------  ------------  ------------  ------------  ------------  ------------  ------------  ------------  
                                       fused_moe_kernel         0.00%       0.000us         0.00%       0.000us       0.000us      24.319ms        55.70%      24.319ms     467.671us            52  
ncclDevKernel_AllReduce_Sum_bf16_RING_LL(ncclDevKern...         0.00%       0.000us         0.00%       0.000us       0.000us       4.675ms        10.71%       4.675ms      85.002us            55  
         nvjet_sm100_tst_128x256_64x6_2x2_2cta_h_bz_TNT         0.00%       0.000us         0.00%       0.000us       0.000us       2.922ms         6.69%       2.922ms      27.060us           108  
void cutlass::device_kernel<cutlass::fmha::kernel::S...         0.00%       0.000us         0.00%       0.000us       0.000us       2.519ms         5.77%       2.519ms      93.311us            27  
         nvjet_sm100_tst_128x256_64x6_2x1_2cta_v_bz_TNT         0.00%       0.000us         0.00%       0.000us       0.000us       1.559ms         3.57%       1.559ms      57.743us            27  
void (anonymous namespace)::act_and_mul_kernel<__nv_...         0.00%       0.000us         0.00%       0.000us       0.000us       1.426ms         3.27%       1.426ms      26.903us            53  
kernel_cutlass_kernel_flashinfernormkernelsfused_add...         0.00%       0.000us         0.00%       0.000us       0.000us       1.100ms         2.52%       1.100ms      20.379us            54  
void moe_sum_reduce_warp_per_token_vec_kernel<8>(c10...         0.00%       0.000us         0.00%       0.000us       0.000us       1.008ms         2.31%       1.008ms      38.784us            26  
void at::native::sbtopk::gatherTopK<float, unsigned ...         0.00%       0.000us         0.00%       0.000us       0.000us     840.549us         1.93%     840.549us      16.164us            52  
void count_and_sort_expert_tokens_kernel<int>(int co...         0.00%       0.000us         0.00%       0.000us       0.000us     491.007us         1.12%     491.007us      18.885us            26  
         nvjet_sm100_tst_144x128_64x8_2x2_2cta_h_bz_TNN         0.00%       0.000us         0.00%       0.000us       0.000us     465.440us         1.07%     465.440us      17.239us            27  
void moe_align_block_size_kernel<int>(int const*, in...         0.00%       0.000us         0.00%       0.000us       0.000us     361.633us         0.83%     361.633us      13.909us            26  
void at::native::vectorized_elementwise_kernel<8, at...         0.00%       0.000us         0.00%       0.000us       0.000us     354.049us         0.81%     354.049us      13.617us            26  
         nvjet_sm100_tss_32x128_64x12_2x2_2cta_h_bz_TNN         0.00%       0.000us         0.00%       0.000us       0.000us     283.681us         0.65%     283.681us      10.911us            26  
flashinfer::plan_kernel(int*, int*, int*, int*, int*...         0.00%       0.000us         0.00%       0.000us       0.000us     218.912us         0.50%     218.912us     218.912us             1  
                           concat_and_cast_mha_k_kernel         0.00%       0.000us         0.00%       0.000us       0.000us     187.231us         0.43%     187.231us       6.934us            27  
kernel_cutlass_kernel_flashinfernormkernelsrmsnormRM...         0.00%       0.000us         0.00%       0.000us       0.000us     173.345us         0.40%     173.345us       6.420us            27  
void (anonymous namespace)::fused_rope_kernel<false,...         0.00%       0.000us         0.00%       0.000us       0.000us     152.833us         0.35%     152.833us       5.660us            27  
triton_red_fused__softmax_exp_max_prepare_softmax_on...         0.00%       0.000us         0.00%       0.000us       0.000us     148.892us         0.34%     148.892us       5.727us            26  
void (anonymous namespace)::set_mla_kv_buffer_kernel...         0.00%       0.000us         0.00%       0.000us       0.000us      93.436us         0.21%      93.436us       3.461us            27  
triton_poi_fused__softmax__to_copy_arange_bitwise_no...         0.00%       0.000us         0.00%       0.000us       0.000us      80.898us         0.19%      80.898us       3.111us            26  
                            triton_poi_fused__to_copy_2         0.00%       0.000us         0.00%       0.000us       0.000us      52.190us         0.12%      52.190us       2.007us            26  
                nvjet_sm100_tst_384x8_64x4_2x1_v_bz_TNT         0.00%       0.000us         0.00%       0.000us       0.000us      48.672us         0.11%      48.672us      48.672us             1  
void at::native::elementwise_kernel<128, 4, at::nati...         0.00%       0.000us         0.00%       0.000us       0.000us      29.408us         0.07%      29.408us      29.408us             1  
void at::native::reduce_kernel<512, 1, at::native::R...         0.00%       0.000us         0.00%       0.000us       0.000us      24.415us         0.06%      24.415us      24.415us             1  
                         Memcpy HtoD (Pinned -> Device)         0.00%       0.000us         0.00%       0.000us       0.000us      15.040us         0.03%      15.040us       1.880us             8  
                               _all_gather_kernel_inner         0.00%       0.000us         0.00%       0.000us       0.000us      13.920us         0.03%      13.920us      13.920us             1  
kernel_cutlass_kernel_flashinfernormkernelsrmsnormRM...         0.00%       0.000us         0.00%       0.000us       0.000us      10.368us         0.02%      10.368us      10.368us             1  
void at::native::vectorized_gather_kernel<16, long>(...         0.00%       0.000us         0.00%       0.000us       0.000us       9.760us         0.02%       9.760us       4.880us             2  
                       Memcpy HtoD (Pageable -> Device)         0.00%       0.000us         0.00%       0.000us       0.000us       7.648us         0.02%       7.648us       1.530us             5  
                         Memcpy DtoH (Device -> Pinned)         0.00%       0.000us         0.00%       0.000us       0.000us       6.687us         0.02%       6.687us       3.343us             2  
void at::native::unrolled_elementwise_kernel<at::nat...         0.00%       0.000us         0.00%       0.000us       0.000us       6.624us         0.02%       6.624us       2.208us             3  
                       Memcpy DtoH (Device -> Pageable)         0.00%       0.000us         0.00%       0.000us       0.000us       6.240us         0.01%       6.240us       3.120us             2  
void at_cuda_detail::cub::detail::scan::DeviceScanKe...         0.00%       0.000us         0.00%       0.000us       0.000us       6.080us         0.01%       6.080us       2.027us             3  
void at_cuda_detail::cub::detail::scan::DeviceScanIn...         0.00%       0.000us         0.00%       0.000us       0.000us       4.671us         0.01%       4.671us       1.557us             3  
                         write_req_to_token_pool_triton         0.00%       0.000us         0.00%       0.000us       0.000us       3.968us         0.01%       3.968us       3.968us             1  
void at::native::unrolled_elementwise_kernel<at::nat...         0.00%       0.000us         0.00%       0.000us       0.000us       3.936us         0.01%       3.936us       3.936us             1  
void at::native::vectorized_elementwise_kernel<2, at...         0.00%       0.000us         0.00%       0.000us       0.000us       3.841us         0.01%       3.841us       1.921us             2  
void at::native::unrolled_elementwise_kernel<at::nat...         0.00%       0.000us         0.00%       0.000us       0.000us       3.520us         0.01%       3.520us       1.760us             2  
void at::native::(anonymous namespace)::multi_tensor...         0.00%       0.000us         0.00%       0.000us       0.000us       3.360us         0.01%       3.360us       3.360us             1  
void at::native::reduce_kernel<512, 1, at::native::R...         0.00%       0.000us         0.00%       0.000us       0.000us       2.944us         0.01%       2.944us       2.944us             1  
void at::native::reduce_kernel<512, 1, at::native::R...         0.00%       0.000us         0.00%       0.000us       0.000us       2.528us         0.01%       2.528us       2.528us             1  
void at::native::unrolled_elementwise_kernel<at::nat...         0.00%       0.000us         0.00%       0.000us       0.000us       2.272us         0.01%       2.272us       2.272us             1  
                                compute_position_kernel         0.00%       0.000us         0.00%       0.000us       0.000us       1.888us         0.00%       1.888us       1.888us             1  
void at::native::vectorized_elementwise_kernel<4, at...         0.00%       0.000us         0.00%       0.000us       0.000us       1.696us         0.00%       1.696us       1.696us             1  
triton_poi_fused_add_bitwise_and_bitwise_not_bitwise...         0.00%       0.000us         0.00%       0.000us       0.000us       1.632us         0.00%       1.632us       1.632us             1  
void at::native::unrolled_elementwise_kernel<at::nat...         0.00%       0.000us         0.00%       0.000us       0.000us       1.472us         0.00%       1.472us       1.472us             1  
                    create_flashinfer_kv_indices_triton         0.00%       0.000us         0.00%       0.000us       0.000us       1.312us         0.00%       1.312us       1.312us             1  
                                  cudaDeviceSynchronize         2.82%     263.345us         2.82%     263.345us      87.782us       0.000us         0.00%       0.000us       0.000us             3  
                                Activity Buffer Request        20.17%       1.881ms        20.17%       1.881ms       1.881ms       0.000us         0.00%       0.000us       0.000us             1  
                               cudaPointerGetAttributes         0.06%       5.841us         0.06%       5.841us       5.841us       0.000us         0.00%       0.000us       0.000us             1  
                                  cudaStreamIsCapturing         0.92%      85.743us         0.92%      85.987us       0.647us       0.000us         0.00%       0.000us       0.000us           133  
                                        cudaMemcpyAsync         5.31%     494.923us         5.31%     494.923us      29.113us       0.000us         0.00%       0.000us       0.000us            17  
                               cudaEventRecordWithFlags         0.99%      92.236us         0.99%      92.236us       1.464us       0.000us         0.00%       0.000us       0.000us            63  
                                         cudaEventQuery         3.13%     291.622us         3.15%     294.002us       2.352us       0.000us         0.00%       0.000us       0.000us           125  
                                       cuLaunchKernelEx        22.68%       2.115ms        22.79%       2.125ms       6.499us       0.000us         0.00%       0.000us       0.000us           327  
                                       cudaLaunchKernel        12.30%       1.147ms        12.30%       1.147ms       6.373us       0.000us         0.00%       0.000us       0.000us           180  
                                  cudaStreamSynchronize         1.81%     168.938us         1.81%     168.938us      42.235us       0.000us         0.00%       0.000us       0.000us             4  
                                    cudaPeekAtLastError         0.01%       1.354us         0.01%       1.354us       0.113us       0.000us         0.00%       0.000us       0.000us            12  
cudaOccupancyMaxActiveBlocksPerMultiprocessorWithFla...         0.07%       6.074us         0.07%       6.074us       2.025us       0.000us         0.00%       0.000us       0.000us             3  
                                 cudaDeviceGetAttribute         0.32%      30.290us         0.32%      30.290us       1.010us       0.000us         0.00%       0.000us       0.000us            30  
                                    cudaLaunchKernelExC        15.93%       1.486ms        15.99%       1.491ms       6.871us       0.000us         0.00%       0.000us       0.000us           217  
                                         cuLaunchKernel         4.90%     456.816us         4.90%     456.816us       5.782us       0.000us         0.00%       0.000us       0.000us            79  
                                                INVALID         1.18%     109.923us         1.18%     109.923us       0.674us       0.000us         0.00%       0.000us       0.000us           163  
                                        cudaEventRecord         3.10%     288.917us         3.10%     289.133us       1.752us       0.000us         0.00%       0.000us       0.000us           165  
                                    cudaStreamWaitEvent         1.96%     183.095us         1.96%     183.095us       1.664us       0.000us         0.00%       0.000us       0.000us           110  
                                    cudaGetFuncBySymbol         0.97%      90.403us         0.97%      90.403us       1.644us       0.000us         0.00%       0.000us       0.000us            55  
                                   cudaDriverGetVersion         0.11%      10.246us         0.11%      10.246us       0.095us       0.000us         0.00%       0.000us       0.000us           108  
                                   cudaFuncSetAttribute         1.03%      96.497us         1.06%      98.464us       3.647us       0.000us         0.00%       0.000us       0.000us            27  
                    cudaThreadExchangeStreamCaptureMode         0.21%      19.378us         0.21%      19.378us       0.248us       0.000us         0.00%       0.000us       0.000us            78  
-------------------------------------------------------  ------------  ------------  ------------  ------------  ------------  ------------  ------------  ------------  ------------  ------------  
Self CPU time total: 9.324ms
Self CUDA time total: 43.658ms

torch profiler chrome trace for prefill saved to /sgl-workspace/sglang-src/experiment-results/phase11/multiscale_timing_ground_truth/deepseek-v2-lite/chunked_prefill/c2048/r2/traces/trace_rank0_batch4_input2048_output8_prefill.trace.json.gz
Prefill. latency: 0.06650 s, throughput: 123193.10 token/s
Decode 0. Batch size: 4, latency: 0.06209 s, throughput:     64.42 token/s
Decode 1. Batch size: 4, latency: 0.05518 s, throughput:     72.49 token/s
Decode 2. Batch size: 4, latency: 0.05474 s, throughput:     73.07 token/s
Decode 3. Batch size: 4, latency: 0.05638 s, throughput:     70.94 token/s
Decode 4. Batch size: 4, latency: 0.05621 s, throughput:     71.16 token/s
Decode.  median latency: 0.05621 s, median throughput:     71.16 token/s
Total. latency:  0.463 s, throughput:  17758.74 token/s
Warmup workload: batch_size=4, input_len=2049, output_len=8
Prefill. latency: 0.13407 s, throughput:  61130.32 token/s
Decode 0. Batch size: 4, latency: 0.05352 s, throughput:     74.74 token/s
Decode 1. Batch size: 4, latency: 0.05345 s, throughput:     74.83 token/s
Decode 2. Batch size: 4, latency: 0.05315 s, throughput:     75.26 token/s
Decode 3. Batch size: 4, latency: 0.05336 s, throughput:     74.96 token/s
Decode 4. Batch size: 4, latency: 0.05342 s, throughput:     74.88 token/s
Decode.  median latency: 0.05342 s, median throughput:     74.88 token/s
Total. latency:  0.508 s, throughput:  16200.53 token/s
-------------------------------------------------------  ------------  ------------  ------------  ------------  ------------  ------------  ------------  ------------  ------------  ------------  
                                                   Name    Self CPU %      Self CPU   CPU total %     CPU total  CPU time avg     Self CUDA   Self CUDA %    CUDA total  CUDA time avg    # of Calls  
-------------------------------------------------------  ------------  ------------  ------------  ------------  ------------  ------------  ------------  ------------  ------------  ------------  
void (anonymous namespace)::all_reduce_one_shot_push...         0.00%       0.000us         0.00%       0.000us       0.000us      51.555ms        29.90%      51.555ms     937.371us            55  
kernel_cutlass_kernel_flashinfernormkernelsfused_add...         0.00%       0.000us         0.00%       0.000us       0.000us      50.262ms        29.15%      50.262ms     465.389us           108  
ncclDevKernel_AllReduce_Sum_bf16_RING_LL(ncclDevKern...         0.00%       0.000us         0.00%       0.000us       0.000us      26.639ms        15.45%      26.639ms     484.340us            55  
                                       fused_moe_kernel         0.00%       0.000us         0.00%       0.000us       0.000us      25.453ms        14.76%      25.453ms     244.745us           104  
void cutlass::device_kernel<cutlass::fmha::kernel::S...         0.00%       0.000us         0.00%       0.000us       0.000us       3.910ms         2.27%       3.910ms      72.402us            54  
         nvjet_sm100_tst_128x256_64x6_2x2_2cta_h_bz_TNT         0.00%       0.000us         0.00%       0.000us       0.000us       2.881ms         1.67%       2.881ms      26.673us           108  
void (anonymous namespace)::act_and_mul_kernel<__nv_...         0.00%       0.000us         0.00%       0.000us       0.000us       1.669ms         0.97%       1.669ms      15.748us           106  
         nvjet_sm100_tst_128x256_64x6_2x1_2cta_v_bz_TNT         0.00%       0.000us         0.00%       0.000us       0.000us       1.575ms         0.91%       1.575ms      58.317us            27  
void at::native::sbtopk::gatherTopK<float, unsigned ...         0.00%       0.000us         0.00%       0.000us       0.000us       1.064ms         0.62%       1.064ms      10.230us           104  
void moe_sum_reduce_warp_per_token_vec_kernel<8>(c10...         0.00%       0.000us         0.00%       0.000us       0.000us       1.011ms         0.59%       1.011ms      38.867us            26  
void count_and_sort_expert_tokens_kernel<int>(int co...         0.00%       0.000us         0.00%       0.000us       0.000us     527.584us         0.31%     527.584us      10.146us            52  
               nvjet_sm100_tst_16x64_64x16_4x1_v_bz_TNN         0.00%       0.000us         0.00%       0.000us       0.000us     480.512us         0.28%     480.512us       6.006us            80  
         nvjet_sm100_tst_144x128_64x8_2x2_2cta_h_bz_TNN         0.00%       0.000us         0.00%       0.000us       0.000us     466.014us         0.27%     466.014us      17.260us            27  
         nvjet_sm100_tst_256x128_64x5_2x2_2cta_h_bz_TNT         0.00%       0.000us         0.00%       0.000us       0.000us     420.799us         0.24%     420.799us      15.585us            27  
                               _all_gather_kernel_inner         0.00%       0.000us         0.00%       0.000us       0.000us     406.398us         0.24%     406.398us     203.199us             2  
void moe_align_block_size_kernel<int>(int const*, in...         0.00%       0.000us         0.00%       0.000us       0.000us     405.885us         0.24%     405.885us       7.805us            52  
void at::native::vectorized_elementwise_kernel<8, at...         0.00%       0.000us         0.00%       0.000us       0.000us     400.640us         0.23%     400.640us       7.705us            52  
                           concat_and_cast_mha_k_kernel         0.00%       0.000us         0.00%       0.000us       0.000us     362.015us         0.21%     362.015us       6.704us            54  
         nvjet_sm100_tss_32x128_64x12_2x2_2cta_h_bz_TNN         0.00%       0.000us         0.00%       0.000us       0.000us     329.792us         0.19%     329.792us      12.684us            26  
flashinfer::plan_kernel(int*, int*, int*, int*, int*...         0.00%       0.000us         0.00%       0.000us       0.000us     259.710us         0.15%     259.710us     129.855us             2  
kernel_cutlass_kernel_flashinfernormkernelsrmsnormRM...         0.00%       0.000us         0.00%       0.000us       0.000us     248.320us         0.14%     248.320us       4.599us            54  
triton_red_fused__softmax_exp_max_prepare_softmax_on...         0.00%       0.000us         0.00%       0.000us       0.000us     215.649us         0.13%     215.649us       4.147us            52  
void (anonymous namespace)::fused_rope_kernel<false,...         0.00%       0.000us         0.00%       0.000us       0.000us     203.172us         0.12%     203.172us       3.762us            54  
                               get_mla_kv_buffer_kernel         0.00%       0.000us         0.00%       0.000us       0.000us     195.713us         0.11%     195.713us       7.249us            27  
               nvjet_sm100_tst_32x64_64x16_4x1_v_bz_TNN         0.00%       0.000us         0.00%       0.000us       0.000us     191.618us         0.11%     191.618us       7.370us            26  
triton_poi_fused__softmax__to_copy_arange_bitwise_no...         0.00%       0.000us         0.00%       0.000us       0.000us     172.062us         0.10%     172.062us       3.309us            52  
        nvjet_sm100_tss_32x64_64x16_2x1_v_bz_splitK_TNN         0.00%       0.000us         0.00%       0.000us       0.000us     148.734us         0.09%     148.734us       5.721us            26  
        nvjet_sm100_tst_32x64_64x16_4x1_v_bz_splitK_TNN         0.00%       0.000us         0.00%       0.000us       0.000us     136.832us         0.08%     136.832us       5.068us            27  
                            triton_poi_fused__to_copy_2         0.00%       0.000us         0.00%       0.000us       0.000us      98.366us         0.06%      98.366us       1.892us            52  
void cublasLt::splitKreduce_kernel<32, 16, int, floa...         0.00%       0.000us         0.00%       0.000us       0.000us      96.931us         0.06%      96.931us       3.342us            29  
void (anonymous namespace)::set_mla_kv_buffer_kernel...         0.00%       0.000us         0.00%       0.000us       0.000us      93.375us         0.05%      93.375us       3.458us            27  
                nvjet_sm100_tst_384x8_64x4_2x1_v_bz_TNT         0.00%       0.000us         0.00%       0.000us       0.000us      87.135us         0.05%      87.135us      43.568us             2  
void cublasLt::splitKreduce_kernel<32, 16, int, floa...         0.00%       0.000us         0.00%       0.000us       0.000us      63.200us         0.04%      63.200us       2.431us            26  
void at::native::reduce_kernel<512, 1, at::native::R...         0.00%       0.000us         0.00%       0.000us       0.000us      47.265us         0.03%      47.265us      23.632us             2  
                       triton_poi_fused_copy__mul_sum_0         0.00%       0.000us         0.00%       0.000us       0.000us      44.131us         0.03%      44.131us       1.697us            26  
                               set_mla_kv_buffer_kernel         0.00%       0.000us         0.00%       0.000us       0.000us      42.814us         0.02%      42.814us       1.586us            27  
                         Memcpy HtoD (Pinned -> Device)         0.00%       0.000us         0.00%       0.000us       0.000us      40.544us         0.02%      40.544us       2.385us            17  
void at::native::elementwise_kernel<128, 4, at::nati...         0.00%       0.000us         0.00%       0.000us       0.000us      35.744us         0.02%      35.744us      17.872us             2  
                       Memcpy DtoH (Device -> Pageable)         0.00%       0.000us         0.00%       0.000us       0.000us      22.432us         0.01%      22.432us       3.205us             7  
void at::native::unrolled_elementwise_kernel<at::nat...         0.00%       0.000us         0.00%       0.000us       0.000us      22.368us         0.01%      22.368us       2.796us             8  
         nvjet_sm100_tst_64x8_64x16_4x1_v_bz_splitK_TNT         0.00%       0.000us         0.00%       0.000us       0.000us      21.985us         0.01%      21.985us      10.993us             2  
void at::native::vectorized_gather_kernel<16, long>(...         0.00%       0.000us         0.00%       0.000us       0.000us      14.784us         0.01%      14.784us       4.928us             3  
kernel_cutlass_kernel_flashinfernormkernelsrmsnormRM...         0.00%       0.000us         0.00%       0.000us       0.000us      13.087us         0.01%      13.087us       6.544us             2  
void at_cuda_detail::cub::detail::scan::DeviceScanKe...         0.00%       0.000us         0.00%       0.000us       0.000us      12.672us         0.01%      12.672us       1.584us             8  
                       Memcpy HtoD (Pageable -> Device)         0.00%       0.000us         0.00%       0.000us       0.000us      11.742us         0.01%      11.742us       1.174us            10  
                         Memcpy DtoH (Device -> Pinned)         0.00%       0.000us         0.00%       0.000us       0.000us       9.952us         0.01%       9.952us       3.317us             3  
void at::native::unrolled_elementwise_kernel<at::nat...         0.00%       0.000us         0.00%       0.000us       0.000us       8.575us         0.00%       8.575us       1.429us             6  
void at::native::unrolled_elementwise_kernel<at::nat...         0.00%       0.000us         0.00%       0.000us       0.000us       8.257us         0.00%       8.257us       4.128us             2  
void at_cuda_detail::cub::detail::scan::DeviceScanIn...         0.00%       0.000us         0.00%       0.000us       0.000us       8.095us         0.00%       8.095us       1.012us             8  
                    create_flashinfer_kv_indices_triton         0.00%       0.000us         0.00%       0.000us       0.000us       6.880us         0.00%       6.880us       2.293us             3  
                         write_req_to_token_pool_triton         0.00%       0.000us         0.00%       0.000us       0.000us       6.400us         0.00%       6.400us       3.200us             2  
void at::native::vectorized_elementwise_kernel<2, at...         0.00%       0.000us         0.00%       0.000us       0.000us       6.049us         0.00%       6.049us       1.512us             4  
void at::native::unrolled_elementwise_kernel<at::nat...         0.00%       0.000us         0.00%       0.000us       0.000us       5.601us         0.00%       5.601us       1.867us             3  
void at::native::(anonymous namespace)::multi_tensor...         0.00%       0.000us         0.00%       0.000us       0.000us       5.055us         0.00%       5.055us       2.527us             2  
void at::native::reduce_kernel<512, 1, at::native::R...         0.00%       0.000us         0.00%       0.000us       0.000us       4.320us         0.00%       4.320us       2.160us             2  
void at::native::unrolled_elementwise_kernel<at::nat...         0.00%       0.000us         0.00%       0.000us       0.000us       4.159us         0.00%       4.159us       1.386us             3  
void at::native::(anonymous namespace)::indexSelectS...         0.00%       0.000us         0.00%       0.000us       0.000us       4.128us         0.00%       4.128us       4.128us             1  
                                compute_position_kernel         0.00%       0.000us         0.00%       0.000us       0.000us       3.200us         0.00%       3.200us       1.600us             2  
void at::native::vectorized_elementwise_kernel<4, at...         0.00%       0.000us         0.00%       0.000us       0.000us       3.008us         0.00%       3.008us       1.504us             2  
triton_poi_fused_add_bitwise_and_bitwise_not_bitwise...         0.00%       0.000us         0.00%       0.000us       0.000us       2.785us         0.00%       2.785us       1.393us             2  
void at::native::reduce_kernel<512, 1, at::native::R...         0.00%       0.000us         0.00%       0.000us       0.000us       2.336us         0.00%       2.336us       2.336us             1  
void at::native::vectorized_elementwise_kernel<4, at...         0.00%       0.000us         0.00%       0.000us       0.000us       1.472us         0.00%       1.472us       1.472us             1  
                                  cudaDeviceSynchronize        33.66%       7.546ms        33.66%       7.546ms       1.509ms       0.000us         0.00%       0.000us       0.000us             5  
                                Activity Buffer Request         8.01%       1.796ms         8.01%       1.796ms       1.796ms       0.000us         0.00%       0.000us       0.000us             1  
                               cudaPointerGetAttributes         0.04%       7.924us         0.04%       7.924us       3.962us       0.000us         0.00%       0.000us       0.000us             2  
                                  cudaStreamIsCapturing         0.46%     104.247us         0.46%     104.247us       0.656us       0.000us         0.00%       0.000us       0.000us           159  
                                        cudaMemcpyAsync         2.39%     536.960us         2.39%     536.960us      14.512us       0.000us         0.00%       0.000us       0.000us            37  
                               cudaEventRecordWithFlags         0.42%      93.416us         0.42%      93.416us       1.316us       0.000us         0.00%       0.000us       0.000us            71  
                                         cudaEventQuery         1.79%     400.952us         1.79%     400.952us       2.359us       0.000us         0.00%       0.000us       0.000us           170  
                                       cuLaunchKernelEx        18.28%       4.099ms        18.28%       4.099ms       6.267us       0.000us         0.00%       0.000us       0.000us           654  
                                       cudaLaunchKernel         9.33%       2.092ms         9.40%       2.107ms       6.126us       0.000us         0.00%       0.000us       0.000us           344  
                                  cudaStreamSynchronize         1.00%     223.146us         1.00%     223.146us      22.315us       0.000us         0.00%       0.000us       0.000us            10  
                                    cudaPeekAtLastError         0.02%       3.613us         0.02%       3.613us       0.113us       0.000us         0.00%       0.000us       0.000us            32  
cudaOccupancyMaxActiveBlocksPerMultiprocessorWithFla...         0.07%      14.866us         0.07%      14.866us       1.858us       0.000us         0.00%       0.000us       0.000us             8  
                                 cudaDeviceGetAttribute         0.28%      63.390us         0.28%      63.390us       1.006us       0.000us         0.00%       0.000us       0.000us            63  
                                    cudaLaunchKernelExC        15.15%       3.398ms        15.15%       3.398ms       6.572us       0.000us         0.00%       0.000us       0.000us           517  
                                         cuLaunchKernel         4.62%       1.037ms         4.65%       1.043ms       5.669us       0.000us         0.00%       0.000us       0.000us           184  
                                                INVALID         0.70%     158.053us         0.70%     158.053us       0.583us       0.000us         0.00%       0.000us       0.000us           271  
                                        cudaEventRecord         1.38%     308.984us         1.38%     308.984us       1.873us       0.000us         0.00%       0.000us       0.000us           165  
                                    cudaStreamWaitEvent         0.86%     193.166us         0.86%     193.166us       1.756us       0.000us         0.00%       0.000us       0.000us           110  
                                    cudaGetFuncBySymbol         0.40%      89.838us         0.40%      89.838us       1.633us       0.000us         0.00%       0.000us       0.000us            55  
                                   cudaDriverGetVersion         0.09%      19.992us         0.09%      19.992us       0.093us       0.000us         0.00%       0.000us       0.000us           216  
                                   cudaFuncSetAttribute         0.91%     204.744us         0.91%     204.744us       3.792us       0.000us         0.00%       0.000us       0.000us            54  
                    cudaThreadExchangeStreamCaptureMode         0.13%      29.247us         0.13%      29.247us       0.271us       0.000us         0.00%       0.000us       0.000us           108  
-------------------------------------------------------  ------------  ------------  ------------  ------------  ------------  ------------  ------------  ------------  ------------  ------------  
Self CPU time total: 22.420ms
Self CUDA time total: 172.449ms

-------------------------------------------------------  ------------  ------------  ------------  ------------  ------------  ------------  ------------  ------------  ------------  ------------  
                                                   Name    Self CPU %      Self CPU   CPU total %     CPU total  CPU time avg     Self CUDA   Self CUDA %    CUDA total  CUDA time avg    # of Calls  
-------------------------------------------------------  ------------  ------------  ------------  ------------  ------------  ------------  ------------  ------------  ------------  ------------  
                                       fused_moe_kernel         0.00%       0.000us         0.00%       0.000us       0.000us      25.430ms        51.20%      25.430ms     244.516us           104  
ncclDevKernel_AllReduce_Sum_bf16_RING_LL(ncclDevKern...         0.00%       0.000us         0.00%       0.000us       0.000us       4.672ms         9.41%       4.672ms      84.938us            55  
void cutlass::device_kernel<cutlass::fmha::kernel::S...         0.00%       0.000us         0.00%       0.000us       0.000us       3.916ms         7.88%       3.916ms      72.509us            54  
         nvjet_sm100_tst_128x256_64x6_2x2_2cta_h_bz_TNT         0.00%       0.000us         0.00%       0.000us       0.000us       2.929ms         5.90%       2.929ms      27.121us           108  
void (anonymous namespace)::act_and_mul_kernel<__nv_...         0.00%       0.000us         0.00%       0.000us       0.000us       1.578ms         3.18%       1.578ms      14.886us           106  
         nvjet_sm100_tst_128x256_64x6_2x1_2cta_v_bz_TNT         0.00%       0.000us         0.00%       0.000us       0.000us       1.563ms         3.15%       1.563ms      57.907us            27  
kernel_cutlass_kernel_flashinfernormkernelsfused_add...         0.00%       0.000us         0.00%       0.000us       0.000us       1.253ms         2.52%       1.253ms      11.604us           108  
void at::native::sbtopk::gatherTopK<float, unsigned ...         0.00%       0.000us         0.00%       0.000us       0.000us       1.062ms         2.14%       1.062ms      10.212us           104  
void moe_sum_reduce_warp_per_token_vec_kernel<8>(c10...         0.00%       0.000us         0.00%       0.000us       0.000us       1.011ms         2.04%       1.011ms      38.874us            26  
void count_and_sort_expert_tokens_kernel<int>(int co...         0.00%       0.000us         0.00%       0.000us       0.000us     549.598us         1.11%     549.598us      10.569us            52  
         nvjet_sm100_tst_144x128_64x8_2x2_2cta_h_bz_TNN         0.00%       0.000us         0.00%       0.000us       0.000us     467.136us         0.94%     467.136us      17.301us            27  
               nvjet_sm100_tst_16x64_64x16_4x1_v_bz_TNN         0.00%       0.000us         0.00%       0.000us       0.000us     445.944us         0.90%     445.944us       5.574us            80  
void moe_align_block_size_kernel<int>(int const*, in...         0.00%       0.000us         0.00%       0.000us       0.000us     436.159us         0.88%     436.159us       8.388us            52  
         nvjet_sm100_tst_256x128_64x5_2x2_2cta_h_bz_TNT         0.00%       0.000us         0.00%       0.000us       0.000us     426.112us         0.86%     426.112us      15.782us            27  
void at::native::vectorized_elementwise_kernel<8, at...         0.00%       0.000us         0.00%       0.000us       0.000us     400.989us         0.81%     400.989us       7.711us            52  
                           concat_and_cast_mha_k_kernel         0.00%       0.000us         0.00%       0.000us       0.000us     360.990us         0.73%     360.990us       6.685us            54  
void (anonymous namespace)::all_reduce_one_shot_push...         0.00%       0.000us         0.00%       0.000us       0.000us     359.133us         0.72%     359.133us       6.530us            55  
         nvjet_sm100_tss_32x128_64x12_2x2_2cta_h_bz_TNN         0.00%       0.000us         0.00%       0.000us       0.000us     283.491us         0.57%     283.491us      10.904us            26  
flashinfer::plan_kernel(int*, int*, int*, int*, int*...         0.00%       0.000us         0.00%       0.000us       0.000us     259.840us         0.52%     259.840us     129.920us             2  
kernel_cutlass_kernel_flashinfernormkernelsrmsnormRM...         0.00%       0.000us         0.00%       0.000us       0.000us     226.942us         0.46%     226.942us       4.203us            54  
triton_red_fused__softmax_exp_max_prepare_softmax_on...         0.00%       0.000us         0.00%       0.000us       0.000us     219.745us         0.44%     219.745us       4.226us            52  
void (anonymous namespace)::fused_rope_kernel<false,...         0.00%       0.000us         0.00%       0.000us       0.000us     210.048us         0.42%     210.048us       3.890us            54  
                               get_mla_kv_buffer_kernel         0.00%       0.000us         0.00%       0.000us       0.000us     195.681us         0.39%     195.681us       7.247us            27  
               nvjet_sm100_tst_32x64_64x16_4x1_v_bz_TNN         0.00%       0.000us         0.00%       0.000us       0.000us     175.709us         0.35%     175.709us       6.758us            26  
triton_poi_fused__softmax__to_copy_arange_bitwise_no...         0.00%       0.000us         0.00%       0.000us       0.000us     143.647us         0.29%     143.647us       2.762us            52  
        nvjet_sm100_tst_32x64_64x16_4x1_v_bz_splitK_TNN         0.00%       0.000us         0.00%       0.000us       0.000us     111.837us         0.23%     111.837us       4.142us            27  
        nvjet_sm100_tss_32x64_64x16_2x1_v_bz_splitK_TNN         0.00%       0.000us         0.00%       0.000us       0.000us     105.088us         0.21%     105.088us       4.042us            26  
void (anonymous namespace)::set_mla_kv_buffer_kernel...         0.00%       0.000us         0.00%       0.000us       0.000us      93.409us         0.19%      93.409us       3.460us            27  
                            triton_poi_fused__to_copy_2         0.00%       0.000us         0.00%       0.000us       0.000us      90.720us         0.18%      90.720us       1.745us            52  
                nvjet_sm100_tst_384x8_64x4_2x1_v_bz_TNT         0.00%       0.000us         0.00%       0.000us       0.000us      89.823us         0.18%      89.823us      44.912us             2  
void cublasLt::splitKreduce_kernel<32, 16, int, floa...         0.00%       0.000us         0.00%       0.000us       0.000us      72.548us         0.15%      72.548us       2.502us            29  
void cublasLt::splitKreduce_kernel<32, 16, int, floa...         0.00%       0.000us         0.00%       0.000us       0.000us      66.305us         0.13%      66.305us       2.550us            26  
void at::native::reduce_kernel<512, 1, at::native::R...         0.00%       0.000us         0.00%       0.000us       0.000us      48.832us         0.10%      48.832us      24.416us             2  
                               set_mla_kv_buffer_kernel         0.00%       0.000us         0.00%       0.000us       0.000us      44.642us         0.09%      44.642us       1.653us            27  
                       triton_poi_fused_copy__mul_sum_0         0.00%       0.000us         0.00%       0.000us       0.000us      41.825us         0.08%      41.825us       1.609us            26  
                         Memcpy HtoD (Pinned -> Device)         0.00%       0.000us         0.00%       0.000us       0.000us      40.641us         0.08%      40.641us       2.391us            17  
void at::native::elementwise_kernel<128, 4, at::nati...         0.00%       0.000us         0.00%       0.000us       0.000us      31.712us         0.06%      31.712us      15.856us             2  
                               _all_gather_kernel_inner         0.00%       0.000us         0.00%       0.000us       0.000us      27.585us         0.06%      27.585us      13.793us             2  
void at::native::unrolled_elementwise_kernel<at::nat...         0.00%       0.000us         0.00%       0.000us       0.000us      22.656us         0.05%      22.656us       2.832us             8  
                       Memcpy DtoH (Device -> Pageable)         0.00%       0.000us         0.00%       0.000us       0.000us      22.559us         0.05%      22.559us       3.223us             7  
         nvjet_sm100_tst_64x8_64x16_4x1_v_bz_splitK_TNT         0.00%       0.000us         0.00%       0.000us       0.000us      21.184us         0.04%      21.184us      10.592us             2  
void at_cuda_detail::cub::detail::scan::DeviceScanKe...         0.00%       0.000us         0.00%       0.000us       0.000us      16.031us         0.03%      16.031us       2.004us             8  
                       Memcpy HtoD (Pageable -> Device)         0.00%       0.000us         0.00%       0.000us       0.000us      13.856us         0.03%      13.856us       1.386us            10  
kernel_cutlass_kernel_flashinfernormkernelsrmsnormRM...         0.00%       0.000us         0.00%       0.000us       0.000us      13.440us         0.03%      13.440us       6.720us             2  
void at_cuda_detail::cub::detail::scan::DeviceScanIn...         0.00%       0.000us         0.00%       0.000us       0.000us      12.738us         0.03%      12.738us       1.592us             8  
void at::native::vectorized_gather_kernel<16, long>(...         0.00%       0.000us         0.00%       0.000us       0.000us      11.328us         0.02%      11.328us       3.776us             3  
void at::native::unrolled_elementwise_kernel<at::nat...         0.00%       0.000us         0.00%       0.000us       0.000us      10.881us         0.02%      10.881us       1.814us             6  
                         Memcpy DtoH (Device -> Pinned)         0.00%       0.000us         0.00%       0.000us       0.000us      10.240us         0.02%      10.240us       3.413us             3  
void at::native::unrolled_elementwise_kernel<at::nat...         0.00%       0.000us         0.00%       0.000us       0.000us       8.833us         0.02%       8.833us       4.416us             2  
                    create_flashinfer_kv_indices_triton         0.00%       0.000us         0.00%       0.000us       0.000us       8.097us         0.02%       8.097us       2.699us             3  
                         write_req_to_token_pool_triton         0.00%       0.000us         0.00%       0.000us       0.000us       7.968us         0.02%       7.968us       3.984us             2  
void at::native::vectorized_elementwise_kernel<2, at...         0.00%       0.000us         0.00%       0.000us       0.000us       7.679us         0.02%       7.679us       1.920us             4  
void at::native::unrolled_elementwise_kernel<at::nat...         0.00%       0.000us         0.00%       0.000us       0.000us       6.272us         0.01%       6.272us       2.091us             3  
void at::native::(anonymous namespace)::multi_tensor...         0.00%       0.000us         0.00%       0.000us       0.000us       5.984us         0.01%       5.984us       2.992us             2  
void at::native::reduce_kernel<512, 1, at::native::R...         0.00%       0.000us         0.00%       0.000us       0.000us       5.760us         0.01%       5.760us       2.880us             2  
void at::native::unrolled_elementwise_kernel<at::nat...         0.00%       0.000us         0.00%       0.000us       0.000us       4.705us         0.01%       4.705us       1.568us             3  
                                compute_position_kernel         0.00%       0.000us         0.00%       0.000us       0.000us       3.777us         0.01%       3.777us       1.888us             2  
triton_poi_fused_add_bitwise_and_bitwise_not_bitwise...         0.00%       0.000us         0.00%       0.000us       0.000us       3.552us         0.01%       3.552us       1.776us             2  
void at::native::(anonymous namespace)::indexSelectS...         0.00%       0.000us         0.00%       0.000us       0.000us       3.104us         0.01%       3.104us       3.104us             1  
void at::native::vectorized_elementwise_kernel<4, at...         0.00%       0.000us         0.00%       0.000us       0.000us       2.592us         0.01%       2.592us       1.296us             2  
void at::native::reduce_kernel<512, 1, at::native::R...         0.00%       0.000us         0.00%       0.000us       0.000us       2.528us         0.01%       2.528us       2.528us             1  
void at::native::vectorized_elementwise_kernel<4, at...         0.00%       0.000us         0.00%       0.000us       0.000us       1.280us         0.00%       1.280us       1.280us             1  
                                  cudaDeviceSynchronize         1.58%     288.254us         1.58%     288.254us      57.651us       0.000us         0.00%       0.000us       0.000us             5  
                                Activity Buffer Request         9.81%       1.795ms         9.81%       1.795ms       1.795ms       0.000us         0.00%       0.000us       0.000us             1  
                               cudaPointerGetAttributes         0.04%       7.799us         0.04%       7.799us       3.899us       0.000us         0.00%       0.000us       0.000us             2  
                                  cudaStreamIsCapturing         0.53%      97.661us         0.53%      97.661us       0.614us       0.000us         0.00%       0.000us       0.000us           159  
                                        cudaMemcpyAsync        17.77%       3.250ms        17.77%       3.250ms      87.843us       0.000us         0.00%       0.000us       0.000us            37  
                               cudaEventRecordWithFlags         0.52%      94.666us         0.52%      94.666us       1.333us       0.000us         0.00%       0.000us       0.000us            71  
                                         cudaEventQuery         2.14%     391.838us         2.14%     391.838us       2.360us       0.000us         0.00%       0.000us       0.000us           166  
                                       cuLaunchKernelEx        22.84%       4.177ms        22.86%       4.182ms       6.394us       0.000us         0.00%       0.000us       0.000us           654  
                                       cudaLaunchKernel        12.15%       2.221ms        12.22%       2.235ms       6.496us       0.000us         0.00%       0.000us       0.000us           344  
                                  cudaStreamSynchronize         1.22%     222.233us         1.22%     222.233us      22.223us       0.000us         0.00%       0.000us       0.000us            10  
                                    cudaPeekAtLastError         0.02%       3.694us         0.02%       3.694us       0.115us       0.000us         0.00%       0.000us       0.000us            32  
cudaOccupancyMaxActiveBlocksPerMultiprocessorWithFla...         0.08%      14.182us         0.08%      14.182us       1.773us       0.000us         0.00%       0.000us       0.000us             8  
                                 cudaDeviceGetAttribute         0.34%      62.928us         0.34%      62.928us       0.999us       0.000us         0.00%       0.000us       0.000us            63  
                                    cudaLaunchKernelExC        19.57%       3.580ms        19.59%       3.583ms       6.930us       0.000us         0.00%       0.000us       0.000us           517  
                                         cuLaunchKernel         6.07%       1.110ms         6.09%       1.113ms       6.050us       0.000us         0.00%       0.000us       0.000us           184  
                                                INVALID         0.88%     160.055us         0.88%     160.055us       0.591us       0.000us         0.00%       0.000us       0.000us           271  
                                        cudaEventRecord         1.56%     286.230us         1.56%     286.230us       1.735us       0.000us         0.00%       0.000us       0.000us           165  
                                    cudaStreamWaitEvent         1.00%     183.629us         1.00%     183.629us       1.669us       0.000us         0.00%       0.000us       0.000us           110  
                                    cudaGetFuncBySymbol         0.50%      92.130us         0.50%      92.130us       1.675us       0.000us         0.00%       0.000us       0.000us            55  
                                   cudaDriverGetVersion         0.11%      20.747us         0.11%      20.747us       0.096us       0.000us         0.00%       0.000us       0.000us           216  
                                   cudaFuncSetAttribute         1.10%     200.901us         1.10%     200.901us       3.720us       0.000us         0.00%       0.000us       0.000us            54  
                    cudaThreadExchangeStreamCaptureMode         0.16%      29.600us         0.16%      29.600us       0.296us       0.000us         0.00%       0.000us       0.000us           100  
-------------------------------------------------------  ------------  ------------  ------------  ------------  ------------  ------------  ------------  ------------  ------------  ------------  
Self CPU time total: 18.290ms
Self CUDA time total: 49.666ms

-------------------------------------------------------  ------------  ------------  ------------  ------------  ------------  ------------  ------------  ------------  ------------  ------------  
                                                   Name    Self CPU %      Self CPU   CPU total %     CPU total  CPU time avg     Self CUDA   Self CUDA %    CUDA total  CUDA time avg    # of Calls  
-------------------------------------------------------  ------------  ------------  ------------  ------------  ------------  ------------  ------------  ------------  ------------  ------------  
                                       fused_moe_kernel         0.00%       0.000us         0.00%       0.000us       0.000us      48.602ms        44.44%      48.602ms     467.327us           104  
ncclDevKernel_AllReduce_Sum_bf16_RING_LL(ncclDevKern...         0.00%       0.000us         0.00%       0.000us       0.000us      28.794ms        26.33%      28.794ms     261.760us           110  
void cutlass::device_kernel<cutlass::fmha::kernel::S...         0.00%       0.000us         0.00%       0.000us       0.000us       6.442ms         5.89%       6.442ms     119.301us            54  
         nvjet_sm100_tst_128x256_64x6_2x1_2cta_v_bz_TNT         0.00%       0.000us         0.00%       0.000us       0.000us       3.758ms         3.44%       3.758ms      46.394us            81  
void (anonymous namespace)::act_and_mul_kernel<__nv_...         0.00%       0.000us         0.00%       0.000us       0.000us       3.005ms         2.75%       3.005ms      28.350us           106  
         nvjet_sm100_tst_128x256_64x6_2x2_2cta_h_bz_TNT         0.00%       0.000us         0.00%       0.000us       0.000us       2.932ms         2.68%       2.932ms      27.151us           108  
         nvjet_sm100_tst_256x128_64x5_2x2_2cta_h_bz_TNT         0.00%       0.000us         0.00%       0.000us       0.000us       2.614ms         2.39%       2.614ms      32.271us            81  
kernel_cutlass_kernel_flashinfernormkernelsfused_add...         0.00%       0.000us         0.00%       0.000us       0.000us       2.211ms         2.02%       2.211ms      20.470us           108  
void moe_sum_reduce_warp_per_token_vec_kernel<8>(c10...         0.00%       0.000us         0.00%       0.000us       0.000us       2.019ms         1.85%       2.019ms      38.821us            52  
void at::native::sbtopk::gatherTopK<float, unsigned ...         0.00%       0.000us         0.00%       0.000us       0.000us       1.684ms         1.54%       1.684ms      16.195us           104  
void count_and_sort_expert_tokens_kernel<int>(int co...         0.00%       0.000us         0.00%       0.000us       0.000us     973.437us         0.89%     973.437us      18.720us            52  
void at::native::vectorized_elementwise_kernel<8, at...         0.00%       0.000us         0.00%       0.000us       0.000us     705.725us         0.65%     705.725us      13.572us            52  
void moe_align_block_size_kernel<int>(int const*, in...         0.00%       0.000us         0.00%       0.000us       0.000us     702.689us         0.64%     702.689us      13.513us            52  
         nvjet_sm100_tss_32x128_64x12_2x2_2cta_h_bz_TNN         0.00%       0.000us         0.00%       0.000us       0.000us     659.046us         0.60%     659.046us      12.674us            52  
                           concat_and_cast_mha_k_kernel         0.00%       0.000us         0.00%       0.000us       0.000us     548.378us         0.50%     548.378us      10.155us            54  
              nvjet_sm100_tst_192x176_64x4_1x2_h_bz_TNT         0.00%       0.000us         0.00%       0.000us       0.000us     513.184us         0.47%     513.184us      19.007us            27  
         nvjet_sm100_tst_144x128_64x8_2x2_2cta_h_bz_TNN         0.00%       0.000us         0.00%       0.000us       0.000us     467.067us         0.43%     467.067us      17.299us            27  
flashinfer::plan_kernel(int*, int*, int*, int*, int*...         0.00%       0.000us         0.00%       0.000us       0.000us     438.495us         0.40%     438.495us     219.248us             2  
kernel_cutlass_kernel_flashinfernormkernelsrmsnormRM...         0.00%       0.000us         0.00%       0.000us       0.000us     370.208us         0.34%     370.208us       6.856us            54  
                               get_mla_kv_buffer_kernel         0.00%       0.000us         0.00%       0.000us       0.000us     346.204us         0.32%     346.204us      12.822us            27  
triton_red_fused__softmax_exp_max_prepare_softmax_on...         0.00%       0.000us         0.00%       0.000us       0.000us     308.862us         0.28%     308.862us       5.940us            52  
void (anonymous namespace)::fused_rope_kernel<false,...         0.00%       0.000us         0.00%       0.000us       0.000us     306.173us         0.28%     306.173us       5.670us            54  
void (anonymous namespace)::set_mla_kv_buffer_kernel...         0.00%       0.000us         0.00%       0.000us       0.000us     186.399us         0.17%     186.399us       3.452us            54  
triton_poi_fused__softmax__to_copy_arange_bitwise_no...         0.00%       0.000us         0.00%       0.000us       0.000us     160.540us         0.15%     160.540us       3.087us            52  
                            triton_poi_fused__to_copy_2         0.00%       0.000us         0.00%       0.000us       0.000us     105.505us         0.10%     105.505us       2.029us            52  
                nvjet_sm100_tst_384x8_64x4_2x1_v_bz_TNT         0.00%       0.000us         0.00%       0.000us       0.000us      96.320us         0.09%      96.320us      48.160us             2  
void at::native::elementwise_kernel<128, 4, at::nati...         0.00%       0.000us         0.00%       0.000us       0.000us      58.879us         0.05%      58.879us      29.440us             2  
void at::native::reduce_kernel<512, 1, at::native::R...         0.00%       0.000us         0.00%       0.000us       0.000us      48.255us         0.04%      48.255us      24.128us             2  
                         Memcpy HtoD (Pinned -> Device)         0.00%       0.000us         0.00%       0.000us       0.000us      47.872us         0.04%      47.872us       2.816us            17  
                               _all_gather_kernel_inner         0.00%       0.000us         0.00%       0.000us       0.000us      28.096us         0.03%      28.096us      14.048us             2  
                       Memcpy DtoH (Device -> Pageable)         0.00%       0.000us         0.00%       0.000us       0.000us      22.464us         0.02%      22.464us       3.209us             7  
void at::native::unrolled_elementwise_kernel<at::nat...         0.00%       0.000us         0.00%       0.000us       0.000us      21.985us         0.02%      21.985us       2.748us             8  
void at::native::vectorized_gather_kernel<16, long>(...         0.00%       0.000us         0.00%       0.000us       0.000us      20.768us         0.02%      20.768us       5.192us             4  
kernel_cutlass_kernel_flashinfernormkernelsrmsnormRM...         0.00%       0.000us         0.00%       0.000us       0.000us      20.640us         0.02%      20.640us      10.320us             2  
void at_cuda_detail::cub::detail::scan::DeviceScanKe...         0.00%       0.000us         0.00%       0.000us       0.000us      15.903us         0.01%      15.903us       1.988us             8  
                       Memcpy HtoD (Pageable -> Device)         0.00%       0.000us         0.00%       0.000us       0.000us      14.496us         0.01%      14.496us       1.450us            10  
                    create_flashinfer_kv_indices_triton         0.00%       0.000us         0.00%       0.000us       0.000us      13.632us         0.01%      13.632us       4.544us             3  
void at_cuda_detail::cub::detail::scan::DeviceScanIn...         0.00%       0.000us         0.00%       0.000us       0.000us      11.744us         0.01%      11.744us       1.468us             8  
                         write_req_to_token_pool_triton         0.00%       0.000us         0.00%       0.000us       0.000us      10.657us         0.01%      10.657us       5.329us             2  
void at::native::unrolled_elementwise_kernel<at::nat...         0.00%       0.000us         0.00%       0.000us       0.000us      10.175us         0.01%      10.175us       1.696us             6  
                         Memcpy DtoH (Device -> Pinned)         0.00%       0.000us         0.00%       0.000us       0.000us       9.952us         0.01%       9.952us       3.317us             3  
void at::native::unrolled_elementwise_kernel<at::nat...         0.00%       0.000us         0.00%       0.000us       0.000us       8.192us         0.01%       8.192us       4.096us             2  
void at::native::unrolled_elementwise_kernel<at::nat...         0.00%       0.000us         0.00%       0.000us       0.000us       6.911us         0.01%       6.911us       2.304us             3  
void at::native::vectorized_elementwise_kernel<2, at...         0.00%       0.000us         0.00%       0.000us       0.000us       6.752us         0.01%       6.752us       1.688us             4  
void at::native::(anonymous namespace)::multi_tensor...         0.00%       0.000us         0.00%       0.000us       0.000us       6.145us         0.01%       6.145us       3.072us             2  
void at::native::reduce_kernel<512, 1, at::native::R...         0.00%       0.000us         0.00%       0.000us       0.000us       5.727us         0.01%       5.727us       2.863us             2  
void at::native::unrolled_elementwise_kernel<at::nat...         0.00%       0.000us         0.00%       0.000us       0.000us       4.736us         0.00%       4.736us       1.579us             3  
                                compute_position_kernel         0.00%       0.000us         0.00%       0.000us       0.000us       4.000us         0.00%       4.000us       2.000us             2  
void at::native::vectorized_elementwise_kernel<4, at...         0.00%       0.000us         0.00%       0.000us       0.000us       3.616us         0.00%       3.616us       1.808us             2  
triton_poi_fused_add_bitwise_and_bitwise_not_bitwise...         0.00%       0.000us         0.00%       0.000us       0.000us       3.264us         0.00%       3.264us       1.632us             2  
void at::native::reduce_kernel<512, 1, at::native::R...         0.00%       0.000us         0.00%       0.000us       0.000us       2.657us         0.00%       2.657us       2.657us             1  
void at::native::vectorized_elementwise_kernel<4, at...         0.00%       0.000us         0.00%       0.000us       0.000us       1.729us         0.00%       1.729us       1.729us             1  
                                  cudaDeviceSynchronize        10.39%       1.794ms        10.39%       1.794ms     358.822us       0.000us         0.00%       0.000us       0.000us             5  
                                Activity Buffer Request        11.06%       1.910ms        11.06%       1.910ms       1.910ms       0.000us         0.00%       0.000us       0.000us             1  
                               cudaPointerGetAttributes         0.05%       8.165us         0.05%       8.165us       4.082us       0.000us         0.00%       0.000us       0.000us             2  
                                  cudaStreamIsCapturing         0.98%     169.388us         0.98%     169.388us       0.630us       0.000us         0.00%       0.000us       0.000us           269  
                                        cudaMemcpyAsync         3.11%     536.766us         3.11%     536.766us      14.507us       0.000us         0.00%       0.000us       0.000us            37  
                               cudaEventRecordWithFlags         0.96%     165.136us         0.96%     165.136us       1.311us       0.000us         0.00%       0.000us       0.000us           126  
                                         cudaEventQuery         2.43%     419.315us         2.43%     419.315us       2.317us       0.000us         0.00%       0.000us       0.000us           181  
                                       cuLaunchKernelEx        24.34%       4.204ms        24.34%       4.204ms       6.165us       0.000us         0.00%       0.000us       0.000us           682  
                                       cudaLaunchKernel        13.23%       2.285ms        13.26%       2.290ms       6.189us       0.000us         0.00%       0.000us       0.000us           370  
                                  cudaStreamSynchronize         2.18%     377.069us         2.18%     377.069us      37.707us       0.000us         0.00%       0.000us       0.000us            10  
                                    cudaPeekAtLastError         0.02%       3.767us         0.02%       3.767us       0.118us       0.000us         0.00%       0.000us       0.000us            32  
cudaOccupancyMaxActiveBlocksPerMultiprocessorWithFla...         0.08%      14.080us         0.08%      14.080us       1.760us       0.000us         0.00%       0.000us       0.000us             8  
                                 cudaDeviceGetAttribute         0.36%      61.851us         0.36%      61.851us       0.982us       0.000us         0.00%       0.000us       0.000us            63  
                                    cudaLaunchKernelExC        16.60%       2.867ms        16.60%       2.867ms       6.607us       0.000us         0.00%       0.000us       0.000us           434  
                                         cuLaunchKernel         5.17%     893.327us         5.17%     893.327us       5.654us       0.000us         0.00%       0.000us       0.000us           158  
                                                INVALID         1.27%     219.274us         1.27%     219.274us       0.673us       0.000us         0.00%       0.000us       0.000us           326  
                                        cudaEventRecord         3.25%     561.223us         3.25%     561.223us       1.701us       0.000us         0.00%       0.000us       0.000us           330  
                                    cudaStreamWaitEvent         2.11%     364.280us         2.11%     364.280us       1.656us       0.000us         0.00%       0.000us       0.000us           220  
                                    cudaGetFuncBySymbol         1.03%     178.012us         1.03%     178.012us       1.618us       0.000us         0.00%       0.000us       0.000us           110  
                                   cudaDriverGetVersion         0.12%      20.286us         0.12%      20.286us       0.094us       0.000us         0.00%       0.000us       0.000us           216  
                                   cudaFuncSetAttribute         1.12%     193.953us         1.12%     193.953us       3.592us       0.000us         0.00%       0.000us       0.000us            54  
                    cudaThreadExchangeStreamCaptureMode         0.16%      27.141us         0.16%      27.141us       0.247us       0.000us         0.00%       0.000us       0.000us           110  
-------------------------------------------------------  ------------  ------------  ------------  ------------  ------------  ------------  ------------  ------------  ------------  ------------  
Self CPU time total: 17.275ms
Self CUDA time total: 109.358ms

torch profiler chrome trace for prefill saved to /sgl-workspace/sglang-src/experiment-results/phase11/multiscale_timing_ground_truth/deepseek-v2-lite/chunked_prefill/c2048/r2/traces/trace_rank0_batch4_input2049_output8_prefill.trace.json.gz
Prefill. latency: 0.13506 s, throughput:  60684.24 token/s
Decode 0. Batch size: 4, latency: 0.05678 s, throughput:     70.45 token/s
Decode 1. Batch size: 4, latency: 0.05416 s, throughput:     73.86 token/s
Decode 2. Batch size: 4, latency: 0.05408 s, throughput:     73.97 token/s
Decode 3. Batch size: 4, latency: 0.05427 s, throughput:     73.71 token/s
Decode 4. Batch size: 4, latency: 0.05403 s, throughput:     74.04 token/s
Decode.  median latency: 0.05408 s, median throughput:     73.97 token/s
Total. latency:  0.516 s, throughput:  15931.20 token/s
Warmup workload: batch_size=4, input_len=4095, output_len=8
Prefill. latency: 0.12010 s, throughput: 136387.06 token/s
Decode 0. Batch size: 4, latency: 0.05337 s, throughput:     74.95 token/s
Decode 1. Batch size: 4, latency: 0.05342 s, throughput:     74.88 token/s
Decode 2. Batch size: 4, latency: 0.05317 s, throughput:     75.23 token/s
Decode 3. Batch size: 4, latency: 0.05342 s, throughput:     74.87 token/s
Decode 4. Batch size: 4, latency: 0.05325 s, throughput:     75.12 token/s
Decode.  median latency: 0.05325 s, median throughput:     75.12 token/s
Total. latency:  0.493 s, throughput:  33277.70 token/s
-------------------------------------------------------  ------------  ------------  ------------  ------------  ------------  ------------  ------------  ------------  ------------  ------------  
                                                   Name    Self CPU %      Self CPU   CPU total %     CPU total  CPU time avg     Self CUDA   Self CUDA %    CUDA total  CUDA time avg    # of Calls  
-------------------------------------------------------  ------------  ------------  ------------  ------------  ------------  ------------  ------------  ------------  ------------  ------------  
                                       fused_moe_kernel         0.00%       0.000us         0.00%       0.000us       0.000us      48.694ms        54.26%      48.694ms     468.207us           104  
ncclDevKernel_AllReduce_Sum_bf16_RING_LL(ncclDevKern...         0.00%       0.000us         0.00%       0.000us       0.000us       9.401ms        10.48%       9.401ms      85.463us           110  
void cutlass::device_kernel<cutlass::fmha::kernel::S...         0.00%       0.000us         0.00%       0.000us       0.000us       6.446ms         7.18%       6.446ms     119.374us            54  
         nvjet_sm100_tst_128x256_64x6_2x1_2cta_v_bz_TNT         0.00%       0.000us         0.00%       0.000us       0.000us       3.758ms         4.19%       3.758ms      46.392us            81  
         nvjet_sm100_tst_128x256_64x6_2x2_2cta_h_bz_TNT         0.00%       0.000us         0.00%       0.000us       0.000us       2.879ms         3.21%       2.879ms      26.656us           108  
void (anonymous namespace)::act_and_mul_kernel<__nv_...         0.00%       0.000us         0.00%       0.000us       0.000us       2.860ms         3.19%       2.860ms      26.984us           106  
         nvjet_sm100_tst_256x128_64x5_2x2_2cta_h_bz_TNT         0.00%       0.000us         0.00%       0.000us       0.000us       2.552ms         2.84%       2.552ms      31.500us            81  
kernel_cutlass_kernel_flashinfernormkernelsfused_add...         0.00%       0.000us         0.00%       0.000us       0.000us       2.220ms         2.47%       2.220ms      20.556us           108  
void moe_sum_reduce_warp_per_token_vec_kernel<8>(c10...         0.00%       0.000us         0.00%       0.000us       0.000us       2.022ms         2.25%       2.022ms      38.884us            52  
void at::native::sbtopk::gatherTopK<float, unsigned ...         0.00%       0.000us         0.00%       0.000us       0.000us       1.684ms         1.88%       1.684ms      16.191us           104  
void count_and_sort_expert_tokens_kernel<int>(int co...         0.00%       0.000us         0.00%       0.000us       0.000us     976.312us         1.09%     976.312us      18.775us            52  
void at::native::vectorized_elementwise_kernel<8, at...         0.00%       0.000us         0.00%       0.000us       0.000us     706.432us         0.79%     706.432us      13.585us            52  
void moe_align_block_size_kernel<int>(int const*, in...         0.00%       0.000us         0.00%       0.000us       0.000us     673.634us         0.75%     673.634us      12.954us            52  
         nvjet_sm100_tss_32x128_64x12_2x2_2cta_h_bz_TNN         0.00%       0.000us         0.00%       0.000us       0.000us     572.130us         0.64%     572.130us      11.002us            52  
                           concat_and_cast_mha_k_kernel         0.00%       0.000us         0.00%       0.000us       0.000us     551.615us         0.61%     551.615us      10.215us            54  
              nvjet_sm100_tst_192x176_64x4_1x2_h_bz_TNT         0.00%       0.000us         0.00%       0.000us       0.000us     512.193us         0.57%     512.193us      18.970us            27  
         nvjet_sm100_tst_144x128_64x8_2x2_2cta_h_bz_TNN         0.00%       0.000us         0.00%       0.000us       0.000us     464.130us         0.52%     464.130us      17.190us            27  
flashinfer::plan_kernel(int*, int*, int*, int*, int*...         0.00%       0.000us         0.00%       0.000us       0.000us     438.462us         0.49%     438.462us     219.231us             2  
kernel_cutlass_kernel_flashinfernormkernelsrmsnormRM...         0.00%       0.000us         0.00%       0.000us       0.000us     362.106us         0.40%     362.106us       6.706us            54  
                               get_mla_kv_buffer_kernel         0.00%       0.000us         0.00%       0.000us       0.000us     345.308us         0.38%     345.308us      12.789us            27  
void (anonymous namespace)::fused_rope_kernel<false,...         0.00%       0.000us         0.00%       0.000us       0.000us     304.967us         0.34%     304.967us       5.648us            54  
triton_red_fused__softmax_exp_max_prepare_softmax_on...         0.00%       0.000us         0.00%       0.000us       0.000us     298.015us         0.33%     298.015us       5.731us            52  
triton_poi_fused__softmax__to_copy_arange_bitwise_no...         0.00%       0.000us         0.00%       0.000us       0.000us     247.650us         0.28%     247.650us       4.762us            52  
void (anonymous namespace)::set_mla_kv_buffer_kernel...         0.00%       0.000us         0.00%       0.000us       0.000us     186.718us         0.21%     186.718us       3.458us            54  
                            triton_poi_fused__to_copy_2         0.00%       0.000us         0.00%       0.000us       0.000us      99.043us         0.11%      99.043us       1.905us            52  
                nvjet_sm100_tst_384x8_64x4_2x1_v_bz_TNT         0.00%       0.000us         0.00%       0.000us       0.000us      95.039us         0.11%      95.039us      47.519us             2  
void at::native::elementwise_kernel<128, 4, at::nati...         0.00%       0.000us         0.00%       0.000us       0.000us      64.606us         0.07%      64.606us      32.303us             2  
void at::native::reduce_kernel<512, 1, at::native::R...         0.00%       0.000us         0.00%       0.000us       0.000us      47.424us         0.05%      47.424us      23.712us             2  
                         Memcpy HtoD (Pinned -> Device)         0.00%       0.000us         0.00%       0.000us       0.000us      46.719us         0.05%      46.719us       2.748us            17  
void at::native::vectorized_gather_kernel<16, long>(...         0.00%       0.000us         0.00%       0.000us       0.000us      24.640us         0.03%      24.640us       6.160us             4  
void at::native::unrolled_elementwise_kernel<at::nat...         0.00%       0.000us         0.00%       0.000us       0.000us      23.712us         0.03%      23.712us       2.964us             8  
                       Memcpy DtoH (Device -> Pageable)         0.00%       0.000us         0.00%       0.000us       0.000us      22.049us         0.02%      22.049us       3.150us             7  
                               _all_gather_kernel_inner         0.00%       0.000us         0.00%       0.000us       0.000us      21.696us         0.02%      21.696us      10.848us             2  
kernel_cutlass_kernel_flashinfernormkernelsrmsnormRM...         0.00%       0.000us         0.00%       0.000us       0.000us      21.184us         0.02%      21.184us      10.592us             2  
void at_cuda_detail::cub::detail::scan::DeviceScanKe...         0.00%       0.000us         0.00%       0.000us       0.000us      13.567us         0.02%      13.567us       1.696us             8  
                       Memcpy HtoD (Pageable -> Device)         0.00%       0.000us         0.00%       0.000us       0.000us      13.536us         0.02%      13.536us       1.354us            10  
                    create_flashinfer_kv_indices_triton         0.00%       0.000us         0.00%       0.000us       0.000us      12.255us         0.01%      12.255us       4.085us             3  
                         Memcpy DtoH (Device -> Pinned)         0.00%       0.000us         0.00%       0.000us       0.000us       9.761us         0.01%       9.761us       3.254us             3  
void at_cuda_detail::cub::detail::scan::DeviceScanIn...         0.00%       0.000us         0.00%       0.000us       0.000us       9.344us         0.01%       9.344us       1.168us             8  
void at::native::unrolled_elementwise_kernel<at::nat...         0.00%       0.000us         0.00%       0.000us       0.000us       9.248us         0.01%       9.248us       1.541us             6  
                         write_req_to_token_pool_triton         0.00%       0.000us         0.00%       0.000us       0.000us       9.024us         0.01%       9.024us       4.512us             2  
void at::native::unrolled_elementwise_kernel<at::nat...         0.00%       0.000us         0.00%       0.000us       0.000us       8.032us         0.01%       8.032us       4.016us             2  
void at::native::vectorized_elementwise_kernel<2, at...         0.00%       0.000us         0.00%       0.000us       0.000us       7.168us         0.01%       7.168us       1.792us             4  
void at::native::(anonymous namespace)::multi_tensor...         0.00%       0.000us         0.00%       0.000us       0.000us       6.047us         0.01%       6.047us       3.024us             2  
void at::native::unrolled_elementwise_kernel<at::nat...         0.00%       0.000us         0.00%       0.000us       0.000us       5.601us         0.01%       5.601us       1.867us             3  
void at::native::reduce_kernel<512, 1, at::native::R...         0.00%       0.000us         0.00%       0.000us       0.000us       4.641us         0.01%       4.641us       2.320us             2  
void at::native::unrolled_elementwise_kernel<at::nat...         0.00%       0.000us         0.00%       0.000us       0.000us       4.416us         0.00%       4.416us       1.472us             3  
triton_poi_fused_add_bitwise_and_bitwise_not_bitwise...         0.00%       0.000us         0.00%       0.000us       0.000us       3.232us         0.00%       3.232us       1.616us             2  
                                compute_position_kernel         0.00%       0.000us         0.00%       0.000us       0.000us       3.169us         0.00%       3.169us       1.585us             2  
void at::native::reduce_kernel<512, 1, at::native::R...         0.00%       0.000us         0.00%       0.000us       0.000us       2.304us         0.00%       2.304us       2.304us             1  
void at::native::vectorized_elementwise_kernel<4, at...         0.00%       0.000us         0.00%       0.000us       0.000us       2.272us         0.00%       2.272us       1.136us             2  
void at::native::vectorized_elementwise_kernel<4, at...         0.00%       0.000us         0.00%       0.000us       0.000us       1.055us         0.00%       1.055us       1.055us             1  
                                  cudaDeviceSynchronize         3.39%     550.032us         3.93%     638.836us     127.767us       0.000us         0.00%       0.000us       0.000us             5  
                                Activity Buffer Request        11.61%       1.886ms        11.61%       1.886ms       1.886ms       0.000us         0.00%       0.000us       0.000us             1  
                               cudaPointerGetAttributes         0.05%       8.257us         0.05%       8.257us       4.129us       0.000us         0.00%       0.000us       0.000us             2  
                                  cudaStreamIsCapturing         1.14%     185.316us         1.14%     185.316us       0.689us       0.000us         0.00%       0.000us       0.000us           269  
                                        cudaMemcpyAsync         3.22%     523.590us         3.22%     523.590us      14.151us       0.000us         0.00%       0.000us       0.000us            37  
                               cudaEventRecordWithFlags         1.03%     167.398us         1.03%     167.398us       1.329us       0.000us         0.00%       0.000us       0.000us           126  
                                         cudaEventQuery         2.60%     421.861us         2.60%     421.861us       2.331us       0.000us         0.00%       0.000us       0.000us           181  
                                       cuLaunchKernelEx        26.48%       4.302ms        26.48%       4.302ms       6.308us       0.000us         0.00%       0.000us       0.000us           682  
                                       cudaLaunchKernel        13.96%       2.268ms        13.99%       2.273ms       6.142us       0.000us         0.00%       0.000us       0.000us           370  
                                  cudaStreamSynchronize         2.31%     374.778us         2.31%     374.778us      37.478us       0.000us         0.00%       0.000us       0.000us            10  
                                    cudaPeekAtLastError         0.02%       3.694us         0.02%       3.694us       0.115us       0.000us         0.00%       0.000us       0.000us            32  
cudaOccupancyMaxActiveBlocksPerMultiprocessorWithFla...         0.09%      15.067us         0.09%      15.067us       1.883us       0.000us         0.00%       0.000us       0.000us             8  
                                 cudaDeviceGetAttribute         0.39%      62.617us         0.39%      62.617us       0.994us       0.000us         0.00%       0.000us       0.000us            63  
                                    cudaLaunchKernelExC        17.95%       2.916ms        17.95%       2.916ms       6.719us       0.000us         0.00%       0.000us       0.000us           434  
                                         cuLaunchKernel         5.60%     910.151us         5.60%     910.151us       5.760us       0.000us         0.00%       0.000us       0.000us           158  
                                                INVALID         1.36%     221.130us         1.36%     221.130us       0.678us       0.000us         0.00%       0.000us       0.000us           326  
                                        cudaEventRecord         3.78%     614.389us         3.78%     614.389us       1.862us       0.000us         0.00%       0.000us       0.000us           330  
                                    cudaStreamWaitEvent         2.35%     381.960us         2.35%     381.960us       1.736us       0.000us         0.00%       0.000us       0.000us           220  
                                    cudaGetFuncBySymbol         1.09%     177.133us         1.09%     177.133us       1.610us       0.000us         0.00%       0.000us       0.000us           110  
                                   cudaDriverGetVersion         0.12%      20.131us         0.12%      20.131us       0.093us       0.000us         0.00%       0.000us       0.000us           216  
                                   cudaFuncSetAttribute         1.27%     205.979us         1.27%     205.979us       3.814us       0.000us         0.00%       0.000us       0.000us            54  
                    cudaThreadExchangeStreamCaptureMode         0.19%      30.262us         0.19%      30.262us       0.275us       0.000us         0.00%       0.000us       0.000us           110  
-------------------------------------------------------  ------------  ------------  ------------  ------------  ------------  ------------  ------------  ------------  ------------  ------------  
Self CPU time total: 16.245ms
Self CUDA time total: 89.745ms

-------------------------------------------------------  ------------  ------------  ------------  ------------  ------------  ------------  ------------  ------------  ------------  ------------  
                                                   Name    Self CPU %      Self CPU   CPU total %     CPU total  CPU time avg     Self CUDA   Self CUDA %    CUDA total  CUDA time avg    # of Calls  
-------------------------------------------------------  ------------  ------------  ------------  ------------  ------------  ------------  ------------  ------------  ------------  ------------  
                                       fused_moe_kernel         0.00%       0.000us         0.00%       0.000us       0.000us      48.631ms        53.52%      48.631ms     467.610us           104  
ncclDevKernel_AllReduce_Sum_bf16_RING_LL(ncclDevKern...         0.00%       0.000us         0.00%       0.000us       0.000us      10.606ms        11.67%      10.606ms      96.421us           110  
void cutlass::device_kernel<cutlass::fmha::kernel::S...         0.00%       0.000us         0.00%       0.000us       0.000us       6.442ms         7.09%       6.442ms     119.303us            54  
         nvjet_sm100_tst_128x256_64x6_2x2_2cta_h_bz_TNT         0.00%       0.000us         0.00%       0.000us       0.000us       5.454ms         6.00%       5.454ms      28.856us           189  
         nvjet_sm100_tst_128x256_64x6_2x1_2cta_v_bz_TNT         0.00%       0.000us         0.00%       0.000us       0.000us       3.752ms         4.13%       3.752ms      46.318us            81  
void (anonymous namespace)::act_and_mul_kernel<__nv_...         0.00%       0.000us         0.00%       0.000us       0.000us       2.892ms         3.18%       2.892ms      27.284us           106  
kernel_cutlass_kernel_flashinfernormkernelsfused_add...         0.00%       0.000us         0.00%       0.000us       0.000us       2.193ms         2.41%       2.193ms      20.308us           108  
void moe_sum_reduce_warp_per_token_vec_kernel<8>(c10...         0.00%       0.000us         0.00%       0.000us       0.000us       2.027ms         2.23%       2.027ms      38.977us            52  
void at::native::sbtopk::gatherTopK<float, unsigned ...         0.00%       0.000us         0.00%       0.000us       0.000us       1.690ms         1.86%       1.690ms      16.248us           104  
void count_and_sort_expert_tokens_kernel<int>(int co...         0.00%       0.000us         0.00%       0.000us       0.000us     976.285us         1.07%     976.285us      18.775us            52  
         nvjet_sm100_tst_144x128_64x8_2x2_2cta_h_bz_TNN         0.00%       0.000us         0.00%       0.000us       0.000us     934.714us         1.03%     934.714us      17.310us            54  
void moe_align_block_size_kernel<int>(int const*, in...         0.00%       0.000us         0.00%       0.000us       0.000us     726.905us         0.80%     726.905us      13.979us            52  
void at::native::vectorized_elementwise_kernel<8, at...         0.00%       0.000us         0.00%       0.000us       0.000us     710.208us         0.78%     710.208us      13.658us            52  
         nvjet_sm100_tss_32x128_64x12_2x2_2cta_h_bz_TNN         0.00%       0.000us         0.00%       0.000us       0.000us     590.431us         0.65%     590.431us      11.354us            52  
                           concat_and_cast_mha_k_kernel         0.00%       0.000us         0.00%       0.000us       0.000us     549.694us         0.60%     549.694us      10.180us            54  
flashinfer::plan_kernel(int*, int*, int*, int*, int*...         0.00%       0.000us         0.00%       0.000us       0.000us     438.238us         0.48%     438.238us     219.119us             2  
                               get_mla_kv_buffer_kernel         0.00%       0.000us         0.00%       0.000us       0.000us     348.382us         0.38%     348.382us      12.903us            27  
kernel_cutlass_kernel_flashinfernormkernelsrmsnormRM...         0.00%       0.000us         0.00%       0.000us       0.000us     344.957us         0.38%     344.957us       6.388us            54  
void (anonymous namespace)::fused_rope_kernel<false,...         0.00%       0.000us         0.00%       0.000us       0.000us     304.963us         0.34%     304.963us       5.647us            54  
triton_red_fused__softmax_exp_max_prepare_softmax_on...         0.00%       0.000us         0.00%       0.000us       0.000us     298.077us         0.33%     298.077us       5.732us            52  
void (anonymous namespace)::set_mla_kv_buffer_kernel...         0.00%       0.000us         0.00%       0.000us       0.000us     185.789us         0.20%     185.789us       3.441us            54  
triton_poi_fused__softmax__to_copy_arange_bitwise_no...         0.00%       0.000us         0.00%       0.000us       0.000us     161.087us         0.18%     161.087us       3.098us            52  
                            triton_poi_fused__to_copy_2         0.00%       0.000us         0.00%       0.000us       0.000us     105.347us         0.12%     105.347us       2.026us            52  
                nvjet_sm100_tst_384x8_64x4_2x1_v_bz_TNT         0.00%       0.000us         0.00%       0.000us       0.000us      97.791us         0.11%      97.791us      48.896us             2  
void at::native::elementwise_kernel<128, 4, at::nati...         0.00%       0.000us         0.00%       0.000us       0.000us      58.880us         0.06%      58.880us      29.440us             2  
void at::native::reduce_kernel<512, 1, at::native::R...         0.00%       0.000us         0.00%       0.000us       0.000us      48.863us         0.05%      48.863us      24.432us             2  
                         Memcpy HtoD (Pinned -> Device)         0.00%       0.000us         0.00%       0.000us       0.000us      44.895us         0.05%      44.895us       2.641us            17  
                               _all_gather_kernel_inner         0.00%       0.000us         0.00%       0.000us       0.000us      28.096us         0.03%      28.096us      14.048us             2  
void at::native::unrolled_elementwise_kernel<at::nat...         0.00%       0.000us         0.00%       0.000us       0.000us      22.685us         0.02%      22.685us       2.836us             8  
                       Memcpy DtoH (Device -> Pageable)         0.00%       0.000us         0.00%       0.000us       0.000us      22.433us         0.02%      22.433us       3.205us             7  
kernel_cutlass_kernel_flashinfernormkernelsrmsnormRM...         0.00%       0.000us         0.00%       0.000us       0.000us      20.992us         0.02%      20.992us      10.496us             2  
void at::native::vectorized_gather_kernel<16, long>(...         0.00%       0.000us         0.00%       0.000us       0.000us      19.329us         0.02%      19.329us       4.832us             4  
void at_cuda_detail::cub::detail::scan::DeviceScanKe...         0.00%       0.000us         0.00%       0.000us       0.000us      15.903us         0.02%      15.903us       1.988us             8  
                       Memcpy HtoD (Pageable -> Device)         0.00%       0.000us         0.00%       0.000us       0.000us      14.464us         0.02%      14.464us       1.446us            10  
                    create_flashinfer_kv_indices_triton         0.00%       0.000us         0.00%       0.000us       0.000us      13.632us         0.02%      13.632us       4.544us             3  
void at_cuda_detail::cub::detail::scan::DeviceScanIn...         0.00%       0.000us         0.00%       0.000us       0.000us      11.742us         0.01%      11.742us       1.468us             8  
void at::native::unrolled_elementwise_kernel<at::nat...         0.00%       0.000us         0.00%       0.000us       0.000us      11.009us         0.01%      11.009us       1.835us             6  
                         Memcpy DtoH (Device -> Pinned)         0.00%       0.000us         0.00%       0.000us       0.000us      10.143us         0.01%      10.143us       3.381us             3  
                         write_req_to_token_pool_triton         0.00%       0.000us         0.00%       0.000us       0.000us       9.920us         0.01%       9.920us       4.960us             2  
void at::native::vectorized_elementwise_kernel<2, at...         0.00%       0.000us         0.00%       0.000us       0.000us       8.128us         0.01%       8.128us       2.032us             4  
void at::native::unrolled_elementwise_kernel<at::nat...         0.00%       0.000us         0.00%       0.000us       0.000us       8.097us         0.01%       8.097us       4.048us             2  
void at::native::(anonymous namespace)::multi_tensor...         0.00%       0.000us         0.00%       0.000us       0.000us       7.009us         0.01%       7.009us       3.505us             2  
void at::native::unrolled_elementwise_kernel<at::nat...         0.00%       0.000us         0.00%       0.000us       0.000us       6.624us         0.01%       6.624us       2.208us             3  
void at::native::reduce_kernel<512, 1, at::native::R...         0.00%       0.000us         0.00%       0.000us       0.000us       5.312us         0.01%       5.312us       2.656us             2  
void at::native::unrolled_elementwise_kernel<at::nat...         0.00%       0.000us         0.00%       0.000us       0.000us       5.119us         0.01%       5.119us       1.706us             3  
                                compute_position_kernel         0.00%       0.000us         0.00%       0.000us       0.000us       3.839us         0.00%       3.839us       1.919us             2  
triton_poi_fused_add_bitwise_and_bitwise_not_bitwise...         0.00%       0.000us         0.00%       0.000us       0.000us       3.584us         0.00%       3.584us       1.792us             2  
void at::native::reduce_kernel<512, 1, at::native::R...         0.00%       0.000us         0.00%       0.000us       0.000us       2.976us         0.00%       2.976us       2.976us             1  
void at::native::vectorized_elementwise_kernel<4, at...         0.00%       0.000us         0.00%       0.000us       0.000us       2.592us         0.00%       2.592us       1.296us             2  
void at::native::vectorized_elementwise_kernel<4, at...         0.00%       0.000us         0.00%       0.000us       0.000us       1.344us         0.00%       1.344us       1.344us             1  
                                  cudaDeviceSynchronize         2.31%     376.155us         2.31%     376.155us      75.231us       0.000us         0.00%       0.000us       0.000us             5  
                                Activity Buffer Request        11.36%       1.851ms        11.36%       1.851ms       1.851ms       0.000us         0.00%       0.000us       0.000us             1  
                               cudaPointerGetAttributes         0.05%       7.933us         0.05%       7.933us       3.966us       0.000us         0.00%       0.000us       0.000us             2  
                                  cudaStreamIsCapturing         1.04%     169.689us         1.04%     169.689us       0.631us       0.000us         0.00%       0.000us       0.000us           269  
                                        cudaMemcpyAsync         3.25%     529.241us         3.25%     529.241us      14.304us       0.000us         0.00%       0.000us       0.000us            37  
                               cudaEventRecordWithFlags         1.06%     173.430us         1.07%     173.637us       1.378us       0.000us         0.00%       0.000us       0.000us           126  
                                         cudaEventQuery         4.30%     701.197us         4.33%     706.493us       2.371us       0.000us         0.00%       0.000us       0.000us           298  
                                       cuLaunchKernelEx        26.17%       4.265ms        26.33%       4.291ms       6.292us       0.000us         0.00%       0.000us       0.000us           682  
                                       cudaLaunchKernel        14.32%       2.334ms        14.32%       2.334ms       6.307us       0.000us         0.00%       0.000us       0.000us           370  
                                  cudaStreamSynchronize         2.34%     381.444us         2.34%     381.444us      38.144us       0.000us         0.00%       0.000us       0.000us            10  
                                    cudaPeekAtLastError         0.02%       3.705us         0.02%       3.705us       0.116us       0.000us         0.00%       0.000us       0.000us            32  
cudaOccupancyMaxActiveBlocksPerMultiprocessorWithFla...         0.09%      14.894us         0.09%      14.894us       1.862us       0.000us         0.00%       0.000us       0.000us             8  
                                 cudaDeviceGetAttribute         0.38%      62.712us         0.38%      62.712us       0.995us       0.000us         0.00%       0.000us       0.000us            63  
                                    cudaLaunchKernelExC        17.89%       2.917ms        17.98%       2.930ms       6.752us       0.000us         0.00%       0.000us       0.000us           434  
                                         cuLaunchKernel         5.61%     913.661us         5.61%     913.661us       5.783us       0.000us         0.00%       0.000us       0.000us           158  
                                                INVALID         1.37%     223.176us         1.37%     223.176us       0.685us       0.000us         0.00%       0.000us       0.000us           326  
                                        cudaEventRecord         3.50%     569.986us         3.50%     570.494us       1.729us       0.000us         0.00%       0.000us       0.000us           330  
                                    cudaStreamWaitEvent         2.23%     363.971us         2.25%     366.358us       1.665us       0.000us         0.00%       0.000us       0.000us           220  
                                    cudaGetFuncBySymbol         1.11%     180.503us         1.11%     180.749us       1.643us       0.000us         0.00%       0.000us       0.000us           110  
                                   cudaDriverGetVersion         0.13%      20.554us         0.13%      20.554us       0.095us       0.000us         0.00%       0.000us       0.000us           216  
                                   cudaFuncSetAttribute         1.19%     194.158us         1.21%     196.580us       3.640us       0.000us         0.00%       0.000us       0.000us            54  
                    cudaThreadExchangeStreamCaptureMode         0.28%      46.173us         0.28%      46.173us       0.246us       0.000us         0.00%       0.000us       0.000us           188  
-------------------------------------------------------  ------------  ------------  ------------  ------------  ------------  ------------  ------------  ------------  ------------  ------------  
Self CPU time total: 16.299ms
Self CUDA time total: 90.868ms

torch profiler chrome trace for prefill saved to /sgl-workspace/sglang-src/experiment-results/phase11/multiscale_timing_ground_truth/deepseek-v2-lite/chunked_prefill/c2048/r2/traces/trace_rank0_batch4_input4095_output8_prefill.trace.json.gz
Prefill. latency: 0.12875 s, throughput: 127220.26 token/s
Decode 0. Batch size: 4, latency: 0.05611 s, throughput:     71.29 token/s
Decode 1. Batch size: 4, latency: 0.05432 s, throughput:     73.64 token/s
Decode 2. Batch size: 4, latency: 0.05786 s, throughput:     69.14 token/s
Decode 3. Batch size: 4, latency: 0.05452 s, throughput:     73.37 token/s
Decode 4. Batch size: 4, latency: 0.05422 s, throughput:     73.78 token/s
Decode.  median latency: 0.05461 s, median throughput:     73.25 token/s
Total. latency:  0.515 s, throughput:  31839.45 token/s
Warmup workload: batch_size=4, input_len=4096, output_len=8
Prefill. latency: 0.12201 s, throughput: 134284.70 token/s
Decode 0. Batch size: 4, latency: 0.05761 s, throughput:     69.44 token/s
Decode 1. Batch size: 4, latency: 0.05453 s, throughput:     73.35 token/s
Decode 2. Batch size: 4, latency: 0.05881 s, throughput:     68.02 token/s
Decode 3. Batch size: 4, latency: 0.05516 s, throughput:     72.52 token/s
Decode 4. Batch size: 4, latency: 0.05341 s, throughput:     74.90 token/s
Decode.  median latency: 0.05453 s, median throughput:     73.35 token/s
Total. latency:  0.508 s, throughput:  32287.23 token/s
-------------------------------------------------------  ------------  ------------  ------------  ------------  ------------  ------------  ------------  ------------  ------------  ------------  
                                                   Name    Self CPU %      Self CPU   CPU total %     CPU total  CPU time avg     Self CUDA   Self CUDA %    CUDA total  CUDA time avg    # of Calls  
-------------------------------------------------------  ------------  ------------  ------------  ------------  ------------  ------------  ------------  ------------  ------------  ------------  
                                       fused_moe_kernel         0.00%       0.000us         0.00%       0.000us       0.000us      48.689ms        43.97%      48.689ms     468.163us           104  
ncclDevKernel_AllReduce_Sum_bf16_RING_LL(ncclDevKern...         0.00%       0.000us         0.00%       0.000us       0.000us      30.305ms        27.37%      30.305ms     275.504us           110  
void cutlass::device_kernel<cutlass::fmha::kernel::S...         0.00%       0.000us         0.00%       0.000us       0.000us       6.453ms         5.83%       6.453ms     119.502us            54  
         nvjet_sm100_tst_128x256_64x6_2x2_2cta_h_bz_TNT         0.00%       0.000us         0.00%       0.000us       0.000us       5.368ms         4.85%       5.368ms      28.402us           189  
         nvjet_sm100_tst_128x256_64x6_2x1_2cta_v_bz_TNT         0.00%       0.000us         0.00%       0.000us       0.000us       3.776ms         3.41%       3.776ms      46.615us            81  
void (anonymous namespace)::act_and_mul_kernel<__nv_...         0.00%       0.000us         0.00%       0.000us       0.000us       2.962ms         2.67%       2.962ms      27.946us           106  
kernel_cutlass_kernel_flashinfernormkernelsfused_add...         0.00%       0.000us         0.00%       0.000us       0.000us       2.202ms         1.99%       2.202ms      20.386us           108  
void moe_sum_reduce_warp_per_token_vec_kernel<8>(c10...         0.00%       0.000us         0.00%       0.000us       0.000us       2.027ms         1.83%       2.027ms      38.972us            52  
void at::native::sbtopk::gatherTopK<float, unsigned ...         0.00%       0.000us         0.00%       0.000us       0.000us       1.684ms         1.52%       1.684ms      16.188us           104  
void count_and_sort_expert_tokens_kernel<int>(int co...         0.00%       0.000us         0.00%       0.000us       0.000us     979.995us         0.88%     979.995us      18.846us            52  
         nvjet_sm100_tst_144x128_64x8_2x2_2cta_h_bz_TNN         0.00%       0.000us         0.00%       0.000us       0.000us     929.345us         0.84%     929.345us      17.210us            54  
void at::native::vectorized_elementwise_kernel<8, at...         0.00%       0.000us         0.00%       0.000us       0.000us     708.667us         0.64%     708.667us      13.628us            52  
void moe_align_block_size_kernel<int>(int const*, in...         0.00%       0.000us         0.00%       0.000us       0.000us     689.796us         0.62%     689.796us      13.265us            52  
         nvjet_sm100_tss_32x128_64x12_2x2_2cta_h_bz_TNN         0.00%       0.000us         0.00%       0.000us       0.000us     630.820us         0.57%     630.820us      12.131us            52  
                           concat_and_cast_mha_k_kernel         0.00%       0.000us         0.00%       0.000us       0.000us     550.213us         0.50%     550.213us      10.189us            54  
flashinfer::plan_kernel(int*, int*, int*, int*, int*...         0.00%       0.000us         0.00%       0.000us       0.000us     438.367us         0.40%     438.367us     219.184us             2  
kernel_cutlass_kernel_flashinfernormkernelsrmsnormRM...         0.00%       0.000us         0.00%       0.000us       0.000us     351.358us         0.32%     351.358us       6.507us            54  
                               get_mla_kv_buffer_kernel         0.00%       0.000us         0.00%       0.000us       0.000us     349.184us         0.32%     349.184us      12.933us            27  
triton_red_fused__softmax_exp_max_prepare_softmax_on...         0.00%       0.000us         0.00%       0.000us       0.000us     306.747us         0.28%     306.747us       5.899us            52  
void (anonymous namespace)::fused_rope_kernel<false,...         0.00%       0.000us         0.00%       0.000us       0.000us     304.095us         0.27%     304.095us       5.631us            54  
triton_poi_fused__softmax__to_copy_arange_bitwise_no...         0.00%       0.000us         0.00%       0.000us       0.000us     248.291us         0.22%     248.291us       4.775us            52  
void (anonymous namespace)::set_mla_kv_buffer_kernel...         0.00%       0.000us         0.00%       0.000us       0.000us     188.028us         0.17%     188.028us       3.482us            54  
                            triton_poi_fused__to_copy_2         0.00%       0.000us         0.00%       0.000us       0.000us      98.881us         0.09%      98.881us       1.902us            52  
                nvjet_sm100_tst_384x8_64x4_2x1_v_bz_TNT         0.00%       0.000us         0.00%       0.000us       0.000us      96.640us         0.09%      96.640us      48.320us             2  
void at::native::elementwise_kernel<128, 4, at::nati...         0.00%       0.000us         0.00%       0.000us       0.000us      64.640us         0.06%      64.640us      32.320us             2  
void at::native::reduce_kernel<512, 1, at::native::R...         0.00%       0.000us         0.00%       0.000us       0.000us      47.168us         0.04%      47.168us      23.584us             2  
                         Memcpy HtoD (Pinned -> Device)         0.00%       0.000us         0.00%       0.000us       0.000us      45.088us         0.04%      45.088us       2.652us            17  
                               _all_gather_kernel_inner         0.00%       0.000us         0.00%       0.000us       0.000us      32.480us         0.03%      32.480us      16.240us             2  
void at::native::vectorized_gather_kernel<16, long>(...         0.00%       0.000us         0.00%       0.000us       0.000us      25.376us         0.02%      25.376us       6.344us             4  
void at::native::unrolled_elementwise_kernel<at::nat...         0.00%       0.000us         0.00%       0.000us       0.000us      22.369us         0.02%      22.369us       2.796us             8  
                       Memcpy DtoH (Device -> Pageable)         0.00%       0.000us         0.00%       0.000us       0.000us      22.207us         0.02%      22.207us       3.172us             7  
kernel_cutlass_kernel_flashinfernormkernelsrmsnormRM...         0.00%       0.000us         0.00%       0.000us       0.000us      20.736us         0.02%      20.736us      10.368us             2  
void at_cuda_detail::cub::detail::scan::DeviceScanKe...         0.00%       0.000us         0.00%       0.000us       0.000us      13.536us         0.01%      13.536us       1.692us             8  
                       Memcpy HtoD (Pageable -> Device)         0.00%       0.000us         0.00%       0.000us       0.000us      13.054us         0.01%      13.054us       1.305us            10  
                    create_flashinfer_kv_indices_triton         0.00%       0.000us         0.00%       0.000us       0.000us      11.936us         0.01%      11.936us       3.979us             3  
                         Memcpy DtoH (Device -> Pinned)         0.00%       0.000us         0.00%       0.000us       0.000us      10.305us         0.01%      10.305us       3.435us             3  
void at_cuda_detail::cub::detail::scan::DeviceScanIn...         0.00%       0.000us         0.00%       0.000us       0.000us       9.792us         0.01%       9.792us       1.224us             8  
                         write_req_to_token_pool_triton         0.00%       0.000us         0.00%       0.000us       0.000us       8.736us         0.01%       8.736us       4.368us             2  
void at::native::unrolled_elementwise_kernel<at::nat...         0.00%       0.000us         0.00%       0.000us       0.000us       8.511us         0.01%       8.511us       1.419us             6  
void at::native::unrolled_elementwise_kernel<at::nat...         0.00%       0.000us         0.00%       0.000us       0.000us       7.936us         0.01%       7.936us       3.968us             2  
void at::native::(anonymous namespace)::multi_tensor...         0.00%       0.000us         0.00%       0.000us       0.000us       6.271us         0.01%       6.271us       3.135us             2  
void at::native::unrolled_elementwise_kernel<at::nat...         0.00%       0.000us         0.00%       0.000us       0.000us       5.857us         0.01%       5.857us       1.952us             3  
void at::native::vectorized_elementwise_kernel<2, at...         0.00%       0.000us         0.00%       0.000us       0.000us       5.824us         0.01%       5.824us       1.456us             4  
void at::native::reduce_kernel<512, 1, at::native::R...         0.00%       0.000us         0.00%       0.000us       0.000us       4.864us         0.00%       4.864us       2.432us             2  
void at::native::unrolled_elementwise_kernel<at::nat...         0.00%       0.000us         0.00%       0.000us       0.000us       4.001us         0.00%       4.001us       1.334us             3  
                                compute_position_kernel         0.00%       0.000us         0.00%       0.000us       0.000us       3.392us         0.00%       3.392us       1.696us             2  
triton_poi_fused_add_bitwise_and_bitwise_not_bitwise...         0.00%       0.000us         0.00%       0.000us       0.000us       3.264us         0.00%       3.264us       1.632us             2  
void at::native::vectorized_elementwise_kernel<4, at...         0.00%       0.000us         0.00%       0.000us       0.000us       2.784us         0.00%       2.784us       1.392us             2  
void at::native::reduce_kernel<512, 1, at::native::R...         0.00%       0.000us         0.00%       0.000us       0.000us       2.112us         0.00%       2.112us       2.112us             1  
void at::native::vectorized_elementwise_kernel<4, at...         0.00%       0.000us         0.00%       0.000us       0.000us       1.503us         0.00%       1.503us       1.503us             1  
                                  cudaDeviceSynchronize        21.22%       4.533ms        21.22%       4.533ms     906.617us       0.000us         0.00%       0.000us       0.000us             5  
                                Activity Buffer Request         8.66%       1.850ms         8.66%       1.850ms       1.850ms       0.000us         0.00%       0.000us       0.000us             1  
                               cudaPointerGetAttributes         0.04%       8.303us         0.04%       8.303us       4.151us       0.000us         0.00%       0.000us       0.000us             2  
                                  cudaStreamIsCapturing         0.87%     185.892us         0.87%     185.892us       0.691us       0.000us         0.00%       0.000us       0.000us           269  
                                        cudaMemcpyAsync         6.58%       1.406ms         6.58%       1.406ms      38.012us       0.000us         0.00%       0.000us       0.000us            37  
                               cudaEventRecordWithFlags         0.79%     168.602us         0.79%     168.602us       1.338us       0.000us         0.00%       0.000us       0.000us           126  
                                         cudaEventQuery         3.18%     678.877us         3.18%     680.332us       2.253us       0.000us         0.00%       0.000us       0.000us           302  
                                       cuLaunchKernelEx        20.22%       4.321ms        20.29%       4.334ms       6.355us       0.000us         0.00%       0.000us       0.000us           682  
                                       cudaLaunchKernel        10.68%       2.282ms        10.72%       2.289ms       6.188us       0.000us         0.00%       0.000us       0.000us           370  
                                  cudaStreamSynchronize         1.75%     373.872us         1.75%     373.872us      37.387us       0.000us         0.00%       0.000us       0.000us            10  
                                    cudaPeekAtLastError         0.02%       3.656us         0.02%       3.656us       0.114us       0.000us         0.00%       0.000us       0.000us            32  
cudaOccupancyMaxActiveBlocksPerMultiprocessorWithFla...         0.07%      15.159us         0.07%      15.159us       1.895us       0.000us         0.00%       0.000us       0.000us             8  
                                 cudaDeviceGetAttribute         0.29%      62.910us         0.29%      62.910us       0.999us       0.000us         0.00%       0.000us       0.000us            63  
                                    cudaLaunchKernelExC        13.62%       2.910ms        13.64%       2.913ms       6.712us       0.000us         0.00%       0.000us       0.000us           434  
                                         cuLaunchKernel         4.18%     893.556us         4.18%     893.556us       5.655us       0.000us         0.00%       0.000us       0.000us           158  
                                                INVALID         1.04%     223.010us         1.04%     223.010us       0.684us       0.000us         0.00%       0.000us       0.000us           326  
                                        cudaEventRecord         2.84%     607.258us         2.85%     609.923us       1.848us       0.000us         0.00%       0.000us       0.000us           330  
                                    cudaStreamWaitEvent         1.84%     392.071us         1.84%     392.071us       1.782us       0.000us         0.00%       0.000us       0.000us           220  
                                    cudaGetFuncBySymbol         0.84%     178.423us         0.84%     178.691us       1.624us       0.000us         0.00%       0.000us       0.000us           110  
                                   cudaDriverGetVersion         0.10%      20.323us         0.10%      20.323us       0.094us       0.000us         0.00%       0.000us       0.000us           216  
                                   cudaFuncSetAttribute         0.93%     197.968us         0.93%     197.968us       3.666us       0.000us         0.00%       0.000us       0.000us            54  
                    cudaThreadExchangeStreamCaptureMode         0.24%      52.033us         0.24%      52.033us       0.265us       0.000us         0.00%       0.000us       0.000us           196  
-------------------------------------------------------  ------------  ------------  ------------  ------------  ------------  ------------  ------------  ------------  ------------  ------------  
Self CPU time total: 21.364ms
Self CUDA time total: 110.739ms

torch profiler chrome trace for prefill saved to /sgl-workspace/sglang-src/experiment-results/phase11/multiscale_timing_ground_truth/deepseek-v2-lite/chunked_prefill/c2048/r2/traces/trace_rank0_batch4_input4096_output8_prefill.trace.json.gz
Prefill. latency: 0.13458 s, throughput: 121737.66 token/s
Decode 0. Batch size: 4, latency: 0.05560 s, throughput:     71.95 token/s
Decode 1. Batch size: 4, latency: 0.05406 s, throughput:     73.99 token/s
Decode 2. Batch size: 4, latency: 0.05402 s, throughput:     74.04 token/s
Decode 3. Batch size: 4, latency: 0.05531 s, throughput:     72.32 token/s
Decode 4. Batch size: 4, latency: 0.05436 s, throughput:     73.58 token/s
Decode.  median latency: 0.05436 s, median throughput:     73.59 token/s
Total. latency:  0.517 s, throughput:  31779.89 token/s
Warmup workload: batch_size=4, input_len=4097, output_len=8
Prefill. latency: 0.18304 s, throughput:  89531.28 token/s
Decode 0. Batch size: 4, latency: 0.05420 s, throughput:     73.81 token/s
Decode 1. Batch size: 4, latency: 0.05361 s, throughput:     74.61 token/s
Decode 2. Batch size: 4, latency: 0.05335 s, throughput:     74.98 token/s
Decode 3. Batch size: 4, latency: 0.05359 s, throughput:     74.64 token/s
Decode 4. Batch size: 4, latency: 0.05336 s, throughput:     74.96 token/s
Decode.  median latency: 0.05359 s, median throughput:     74.64 token/s
Total. latency:  0.559 s, throughput:  29374.82 token/s
-------------------------------------------------------  ------------  ------------  ------------  ------------  ------------  ------------  ------------  ------------  ------------  ------------  
                                                   Name    Self CPU %      Self CPU   CPU total %     CPU total  CPU time avg     Self CUDA   Self CUDA %    CUDA total  CUDA time avg    # of Calls  
-------------------------------------------------------  ------------  ------------  ------------  ------------  ------------  ------------  ------------  ------------  ------------  ------------  
                                       fused_moe_kernel         0.00%       0.000us         0.00%       0.000us       0.000us      49.681ms        37.10%      49.681ms     318.469us           156  
ncclDevKernel_AllReduce_Sum_bf16_RING_LL(ncclDevKern...         0.00%       0.000us         0.00%       0.000us       0.000us      36.663ms        27.38%      36.663ms     333.304us           110  
void cutlass::device_kernel<cutlass::fmha::kernel::S...         0.00%       0.000us         0.00%       0.000us       0.000us       8.792ms         6.57%       8.792ms     108.540us            81  
void (anonymous namespace)::all_reduce_one_shot_push...         0.00%       0.000us         0.00%       0.000us       0.000us       7.813ms         5.84%       7.813ms     142.059us            55  
         nvjet_sm100_tst_128x256_64x6_2x2_2cta_h_bz_TNT         0.00%       0.000us         0.00%       0.000us       0.000us       5.377ms         4.02%       5.377ms      28.449us           189  
kernel_cutlass_kernel_flashinfernormkernelsfused_add...         0.00%       0.000us         0.00%       0.000us       0.000us       4.244ms         3.17%       4.244ms      26.200us           162  
         nvjet_sm100_tst_128x256_64x6_2x1_2cta_v_bz_TNT         0.00%       0.000us         0.00%       0.000us       0.000us       3.776ms         2.82%       3.776ms      46.617us            81  
void (anonymous namespace)::act_and_mul_kernel<__nv_...         0.00%       0.000us         0.00%       0.000us       0.000us       3.136ms         2.34%       3.136ms      19.722us           159  
void moe_sum_reduce_warp_per_token_vec_kernel<8>(c10...         0.00%       0.000us         0.00%       0.000us       0.000us       2.019ms         1.51%       2.019ms      38.831us            52  
void at::native::sbtopk::gatherTopK<float, unsigned ...         0.00%       0.000us         0.00%       0.000us       0.000us       1.887ms         1.41%       1.887ms      12.095us           156  
void count_and_sort_expert_tokens_kernel<int>(int co...         0.00%       0.000us         0.00%       0.000us       0.000us       1.017ms         0.76%       1.017ms      13.042us            78  
         nvjet_sm100_tst_144x128_64x8_2x2_2cta_h_bz_TNN         0.00%       0.000us         0.00%       0.000us       0.000us     929.182us         0.69%     929.182us      17.207us            54  
                           concat_and_cast_mha_k_kernel         0.00%       0.000us         0.00%       0.000us       0.000us     912.130us         0.68%     912.130us      11.261us            81  
void moe_align_block_size_kernel<int>(int const*, in...         0.00%       0.000us         0.00%       0.000us       0.000us     757.757us         0.57%     757.757us       9.715us            78  
void at::native::vectorized_elementwise_kernel<8, at...         0.00%       0.000us         0.00%       0.000us       0.000us     750.972us         0.56%     750.972us       9.628us            78  
         nvjet_sm100_tst_256x128_64x5_2x1_2cta_v_bz_TNT         0.00%       0.000us         0.00%       0.000us       0.000us     703.039us         0.53%     703.039us      26.038us            27  
                               get_mla_kv_buffer_kernel         0.00%       0.000us         0.00%       0.000us       0.000us     688.163us         0.51%     688.163us      12.744us            54  
         nvjet_sm100_tss_32x128_64x12_2x2_2cta_h_bz_TNN         0.00%       0.000us         0.00%       0.000us       0.000us     646.849us         0.48%     646.849us      12.439us            52  
flashinfer::plan_kernel(int*, int*, int*, int*, int*...         0.00%       0.000us         0.00%       0.000us       0.000us     478.879us         0.36%     478.879us     159.626us             3  
               nvjet_sm100_tst_16x64_64x16_4x1_v_bz_TNN         0.00%       0.000us         0.00%       0.000us       0.000us     429.661us         0.32%     429.661us       5.371us            80  
kernel_cutlass_kernel_flashinfernormkernelsrmsnormRM...         0.00%       0.000us         0.00%       0.000us       0.000us     393.535us         0.29%     393.535us       4.858us            81  
triton_red_fused__softmax_exp_max_prepare_softmax_on...         0.00%       0.000us         0.00%       0.000us       0.000us     373.087us         0.28%     373.087us       4.783us            78  
void (anonymous namespace)::fused_rope_kernel<false,...         0.00%       0.000us         0.00%       0.000us       0.000us     351.009us         0.26%     351.009us       4.333us            81  
triton_poi_fused__softmax__to_copy_arange_bitwise_no...         0.00%       0.000us         0.00%       0.000us       0.000us     292.991us         0.22%     292.991us       3.756us            78  
void (anonymous namespace)::set_mla_kv_buffer_kernel...         0.00%       0.000us         0.00%       0.000us       0.000us     188.000us         0.14%     188.000us       3.481us            54  
               nvjet_sm100_tst_32x64_64x16_4x1_v_bz_TNN         0.00%       0.000us         0.00%       0.000us       0.000us     176.990us         0.13%     176.990us       6.807us            26  
                               _all_gather_kernel_inner         0.00%       0.000us         0.00%       0.000us       0.000us     172.127us         0.13%     172.127us      57.376us             3  
                            triton_poi_fused__to_copy_2         0.00%       0.000us         0.00%       0.000us       0.000us     138.310us         0.10%     138.310us       1.773us            78  
                nvjet_sm100_tst_384x8_64x4_2x1_v_bz_TNT         0.00%       0.000us         0.00%       0.000us       0.000us     138.015us         0.10%     138.015us      46.005us             3  
        nvjet_sm100_tst_32x64_64x16_4x1_v_bz_splitK_TNN         0.00%       0.000us         0.00%       0.000us       0.000us     108.128us         0.08%     108.128us       4.005us            27  
        nvjet_sm100_tss_32x64_64x16_2x1_v_bz_splitK_TNN         0.00%       0.000us         0.00%       0.000us       0.000us     100.641us         0.08%     100.641us       3.871us            26  
                         Memcpy HtoD (Pinned -> Device)         0.00%       0.000us         0.00%       0.000us       0.000us      73.469us         0.05%      73.469us       2.826us            26  
void cublasLt::splitKreduce_kernel<32, 16, int, floa...         0.00%       0.000us         0.00%       0.000us       0.000us      71.326us         0.05%      71.326us       2.460us            29  
void at::native::reduce_kernel<512, 1, at::native::R...         0.00%       0.000us         0.00%       0.000us       0.000us      70.751us         0.05%      70.751us      23.584us             3  
void at::native::elementwise_kernel<128, 4, at::nati...         0.00%       0.000us         0.00%       0.000us       0.000us      67.999us         0.05%      67.999us      22.666us             3  
void cublasLt::splitKreduce_kernel<32, 16, int, floa...         0.00%       0.000us         0.00%       0.000us       0.000us      51.328us         0.04%      51.328us       1.974us            26  
                       triton_poi_fused_copy__mul_sum_0         0.00%       0.000us         0.00%       0.000us       0.000us      42.434us         0.03%      42.434us       1.632us            26  
void at::native::unrolled_elementwise_kernel<at::nat...         0.00%       0.000us         0.00%       0.000us       0.000us      41.472us         0.03%      41.472us       3.190us            13  
                       Memcpy DtoH (Device -> Pageable)         0.00%       0.000us         0.00%       0.000us       0.000us      38.239us         0.03%      38.239us       3.187us            12  
                               set_mla_kv_buffer_kernel         0.00%       0.000us         0.00%       0.000us       0.000us      35.516us         0.03%      35.516us       1.315us            27  
void at::native::vectorized_gather_kernel<16, long>(...         0.00%       0.000us         0.00%       0.000us       0.000us      26.527us         0.02%      26.527us       5.305us             5  
kernel_cutlass_kernel_flashinfernormkernelsrmsnormRM...         0.00%       0.000us         0.00%       0.000us       0.000us      23.679us         0.02%      23.679us       7.893us             3  
void at_cuda_detail::cub::detail::scan::DeviceScanKe...         0.00%       0.000us         0.00%       0.000us       0.000us      22.817us         0.02%      22.817us       1.755us            13  
                       Memcpy HtoD (Pageable -> Device)         0.00%       0.000us         0.00%       0.000us       0.000us      21.566us         0.02%      21.566us       1.438us            15  
                    create_flashinfer_kv_indices_triton         0.00%       0.000us         0.00%       0.000us       0.000us      20.800us         0.02%      20.800us       4.160us             5  
         nvjet_sm100_tst_64x8_64x16_4x1_v_bz_splitK_TNT         0.00%       0.000us         0.00%       0.000us       0.000us      20.384us         0.02%      20.384us      10.192us             2  
void at_cuda_detail::cub::detail::scan::DeviceScanIn...         0.00%       0.000us         0.00%       0.000us       0.000us      16.579us         0.01%      16.579us       1.275us            13  
void at::native::unrolled_elementwise_kernel<at::nat...         0.00%       0.000us         0.00%       0.000us       0.000us      15.774us         0.01%      15.774us       1.577us            10  
                         Memcpy DtoH (Device -> Pinned)         0.00%       0.000us         0.00%       0.000us       0.000us      12.896us         0.01%      12.896us       3.224us             4  
                         write_req_to_token_pool_triton         0.00%       0.000us         0.00%       0.000us       0.000us      12.736us         0.01%      12.736us       4.245us             3  
void at::native::unrolled_elementwise_kernel<at::nat...         0.00%       0.000us         0.00%       0.000us       0.000us      12.095us         0.01%      12.095us       4.032us             3  
void at::native::vectorized_elementwise_kernel<2, at...         0.00%       0.000us         0.00%       0.000us       0.000us       9.536us         0.01%       9.536us       1.589us             6  
void at::native::unrolled_elementwise_kernel<at::nat...         0.00%       0.000us         0.00%       0.000us       0.000us       9.278us         0.01%       9.278us       1.856us             5  
void at::native::(anonymous namespace)::multi_tensor...         0.00%       0.000us         0.00%       0.000us       0.000us       8.000us         0.01%       8.000us       2.667us             3  
void at::native::reduce_kernel<512, 1, at::native::R...         0.00%       0.000us         0.00%       0.000us       0.000us       7.072us         0.01%       7.072us       2.357us             3  
void at::native::unrolled_elementwise_kernel<at::nat...         0.00%       0.000us         0.00%       0.000us       0.000us       7.038us         0.01%       7.038us       1.408us             5  
                                compute_position_kernel         0.00%       0.000us         0.00%       0.000us       0.000us       4.928us         0.00%       4.928us       1.643us             3  
triton_poi_fused_add_bitwise_and_bitwise_not_bitwise...         0.00%       0.000us         0.00%       0.000us       0.000us       4.703us         0.00%       4.703us       1.568us             3  
void at::native::(anonymous namespace)::indexSelectS...         0.00%       0.000us         0.00%       0.000us       0.000us       3.904us         0.00%       3.904us       3.904us             1  
void at::native::vectorized_elementwise_kernel<4, at...         0.00%       0.000us         0.00%       0.000us       0.000us       3.008us         0.00%       3.008us       1.003us             3  
void at::native::reduce_kernel<512, 1, at::native::R...         0.00%       0.000us         0.00%       0.000us       0.000us       2.432us         0.00%       2.432us       2.432us             1  
void at::native::vectorized_elementwise_kernel<4, at...         0.00%       0.000us         0.00%       0.000us       0.000us       2.145us         0.00%       2.145us       1.072us             2  
                                  cudaDeviceSynchronize        14.01%       3.541ms        14.01%       3.541ms     505.894us       0.000us         0.00%       0.000us       0.000us             7  
                                Activity Buffer Request         6.82%       1.723ms         6.82%       1.723ms       1.723ms       0.000us         0.00%       0.000us       0.000us             1  
                               cudaPointerGetAttributes         0.05%      12.703us         0.05%      12.703us       4.234us       0.000us         0.00%       0.000us       0.000us             3  
                                  cudaStreamIsCapturing         0.82%     206.197us         0.82%     206.197us       0.699us       0.000us         0.00%       0.000us       0.000us           295  
                                        cudaMemcpyAsync         2.77%     699.891us         2.77%     699.891us      12.279us       0.000us         0.00%       0.000us       0.000us            57  
                               cudaEventRecordWithFlags         0.70%     177.164us         0.70%     177.164us       1.322us       0.000us         0.00%       0.000us       0.000us           134  
                                         cudaEventQuery         2.49%     630.152us         2.50%     632.155us       2.341us       0.000us         0.00%       0.000us       0.000us           270  
                                       cuLaunchKernelEx        24.55%       6.206ms        24.59%       6.214ms       6.159us       0.000us         0.00%       0.000us       0.000us          1009  
                                       cudaLaunchKernel        12.98%       3.280ms        12.98%       3.280ms       6.142us       0.000us         0.00%       0.000us       0.000us           534  
                                  cudaStreamSynchronize         1.61%     406.968us         1.61%     406.968us      25.436us       0.000us         0.00%       0.000us       0.000us            16  
                                    cudaPeekAtLastError         0.02%       5.933us         0.02%       5.933us       0.114us       0.000us         0.00%       0.000us       0.000us            52  
cudaOccupancyMaxActiveBlocksPerMultiprocessorWithFla...         0.09%      23.763us         0.09%      23.763us       1.828us       0.000us         0.00%       0.000us       0.000us            13  
                                 cudaDeviceGetAttribute         0.38%      96.408us         0.38%      96.408us       1.004us       0.000us         0.00%       0.000us       0.000us            96  
                                    cudaLaunchKernelExC        19.26%       4.868ms        19.26%       4.868ms       6.633us       0.000us         0.00%       0.000us       0.000us           734  
                                         cuLaunchKernel         6.20%       1.567ms         6.20%       1.567ms       5.957us       0.000us         0.00%       0.000us       0.000us           263  
                                                INVALID         1.11%     281.066us         1.11%     281.066us       0.648us       0.000us         0.00%       0.000us       0.000us           434  
                                        cudaEventRecord         2.43%     613.551us         2.43%     613.789us       1.860us       0.000us         0.00%       0.000us       0.000us           330  
                                    cudaStreamWaitEvent         1.53%     387.102us         1.53%     387.102us       1.760us       0.000us         0.00%       0.000us       0.000us           220  
                                    cudaGetFuncBySymbol         0.69%     173.619us         0.69%     173.619us       1.578us       0.000us         0.00%       0.000us       0.000us           110  
                                   cudaDriverGetVersion         0.12%      30.591us         0.12%      30.591us       0.094us       0.000us         0.00%       0.000us       0.000us           324  
                                   cudaFuncSetAttribute         1.20%     302.820us         1.20%     302.820us       3.739us       0.000us         0.00%       0.000us       0.000us            81  
                    cudaThreadExchangeStreamCaptureMode         0.17%      43.395us         0.17%      43.395us       0.265us       0.000us         0.00%       0.000us       0.000us           164  
-------------------------------------------------------  ------------  ------------  ------------  ------------  ------------  ------------  ------------  ------------  ------------  ------------  
Self CPU time total: 25.276ms
Self CUDA time total: 133.896ms

-------------------------------------------------------  ------------  ------------  ------------  ------------  ------------  ------------  ------------  ------------  ------------  ------------  
                                                   Name    Self CPU %      Self CPU   CPU total %     CPU total  CPU time avg     Self CUDA   Self CUDA %    CUDA total  CUDA time avg    # of Calls  
-------------------------------------------------------  ------------  ------------  ------------  ------------  ------------  ------------  ------------  ------------  ------------  ------------  
                                       fused_moe_kernel         0.00%       0.000us         0.00%       0.000us       0.000us      49.626ms        51.16%      49.626ms     318.114us           156  
ncclDevKernel_AllReduce_Sum_bf16_RING_LL(ncclDevKern...         0.00%       0.000us         0.00%       0.000us       0.000us       9.341ms         9.63%       9.341ms      84.918us           110  
void cutlass::device_kernel<cutlass::fmha::kernel::S...         0.00%       0.000us         0.00%       0.000us       0.000us       8.777ms         9.05%       8.777ms     108.352us            81  
         nvjet_sm100_tst_128x256_64x6_2x2_2cta_h_bz_TNT         0.00%       0.000us         0.00%       0.000us       0.000us       5.448ms         5.62%       5.448ms      28.824us           189  
         nvjet_sm100_tst_128x256_64x6_2x1_2cta_v_bz_TNT         0.00%       0.000us         0.00%       0.000us       0.000us       3.749ms         3.86%       3.749ms      46.283us            81  
void (anonymous namespace)::act_and_mul_kernel<__nv_...         0.00%       0.000us         0.00%       0.000us       0.000us       3.009ms         3.10%       3.009ms      18.922us           159  
kernel_cutlass_kernel_flashinfernormkernelsfused_add...         0.00%       0.000us         0.00%       0.000us       0.000us       2.391ms         2.46%       2.391ms      14.758us           162  
void moe_sum_reduce_warp_per_token_vec_kernel<8>(c10...         0.00%       0.000us         0.00%       0.000us       0.000us       2.037ms         2.10%       2.037ms      39.172us            52  
void at::native::sbtopk::gatherTopK<float, unsigned ...         0.00%       0.000us         0.00%       0.000us       0.000us       1.911ms         1.97%       1.911ms      12.248us           156  
void count_and_sort_expert_tokens_kernel<int>(int co...         0.00%       0.000us         0.00%       0.000us       0.000us       1.024ms         1.06%       1.024ms      13.131us            78  
         nvjet_sm100_tst_144x128_64x8_2x2_2cta_h_bz_TNN         0.00%       0.000us         0.00%       0.000us       0.000us     935.550us         0.96%     935.550us      17.325us            54  
                           concat_and_cast_mha_k_kernel         0.00%       0.000us         0.00%       0.000us       0.000us     908.575us         0.94%     908.575us      11.217us            81  
void moe_align_block_size_kernel<int>(int const*, in...         0.00%       0.000us         0.00%       0.000us       0.000us     790.780us         0.82%     790.780us      10.138us            78  
void at::native::vectorized_elementwise_kernel<8, at...         0.00%       0.000us         0.00%       0.000us       0.000us     762.846us         0.79%     762.846us       9.780us            78  
         nvjet_sm100_tst_256x128_64x5_2x1_2cta_v_bz_TNT         0.00%       0.000us         0.00%       0.000us       0.000us     701.148us         0.72%     701.148us      25.968us            27  
                               get_mla_kv_buffer_kernel         0.00%       0.000us         0.00%       0.000us       0.000us     689.987us         0.71%     689.987us      12.778us            54  
         nvjet_sm100_tss_32x128_64x12_2x2_2cta_h_bz_TNN         0.00%       0.000us         0.00%       0.000us       0.000us     574.278us         0.59%     574.278us      11.044us            52  
flashinfer::plan_kernel(int*, int*, int*, int*, int*...         0.00%       0.000us         0.00%       0.000us       0.000us     479.198us         0.49%     479.198us     159.733us             3  
               nvjet_sm100_tst_16x64_64x16_4x1_v_bz_TNN         0.00%       0.000us         0.00%       0.000us       0.000us     435.105us         0.45%     435.105us       5.439us            80  
kernel_cutlass_kernel_flashinfernormkernelsrmsnormRM...         0.00%       0.000us         0.00%       0.000us       0.000us     408.221us         0.42%     408.221us       5.040us            81  
triton_red_fused__softmax_exp_max_prepare_softmax_on...         0.00%       0.000us         0.00%       0.000us       0.000us     364.255us         0.38%     364.255us       4.670us            78  
void (anonymous namespace)::fused_rope_kernel<false,...         0.00%       0.000us         0.00%       0.000us       0.000us     361.919us         0.37%     361.919us       4.468us            81  
void (anonymous namespace)::all_reduce_one_shot_push...         0.00%       0.000us         0.00%       0.000us       0.000us     351.871us         0.36%     351.871us       6.398us            55  
triton_poi_fused__softmax__to_copy_arange_bitwise_no...         0.00%       0.000us         0.00%       0.000us       0.000us     234.365us         0.24%     234.365us       3.005us            78  
void (anonymous namespace)::set_mla_kv_buffer_kernel...         0.00%       0.000us         0.00%       0.000us       0.000us     186.046us         0.19%     186.046us       3.445us            54  
               nvjet_sm100_tst_32x64_64x16_4x1_v_bz_TNN         0.00%       0.000us         0.00%       0.000us       0.000us     171.040us         0.18%     171.040us       6.578us            26  
                            triton_poi_fused__to_copy_2         0.00%       0.000us         0.00%       0.000us       0.000us     157.023us         0.16%     157.023us       2.013us            78  
                nvjet_sm100_tst_384x8_64x4_2x1_v_bz_TNT         0.00%       0.000us         0.00%       0.000us       0.000us     139.713us         0.14%     139.713us      46.571us             3  
        nvjet_sm100_tst_32x64_64x16_4x1_v_bz_splitK_TNN         0.00%       0.000us         0.00%       0.000us       0.000us     109.823us         0.11%     109.823us       4.068us            27  
        nvjet_sm100_tss_32x64_64x16_2x1_v_bz_splitK_TNN         0.00%       0.000us         0.00%       0.000us       0.000us     101.537us         0.10%     101.537us       3.905us            26  
void at::native::reduce_kernel<512, 1, at::native::R...         0.00%       0.000us         0.00%       0.000us       0.000us      72.672us         0.07%      72.672us      24.224us             3  
void cublasLt::splitKreduce_kernel<32, 16, int, floa...         0.00%       0.000us         0.00%       0.000us       0.000us      71.741us         0.07%      71.741us       2.474us            29  
                         Memcpy HtoD (Pinned -> Device)         0.00%       0.000us         0.00%       0.000us       0.000us      71.551us         0.07%      71.551us       2.752us            26  
void at::native::elementwise_kernel<128, 4, at::nati...         0.00%       0.000us         0.00%       0.000us       0.000us      61.119us         0.06%      61.119us      20.373us             3  
void cublasLt::splitKreduce_kernel<32, 16, int, floa...         0.00%       0.000us         0.00%       0.000us       0.000us      57.252us         0.06%      57.252us       2.202us            26  
                               set_mla_kv_buffer_kernel         0.00%       0.000us         0.00%       0.000us       0.000us      49.211us         0.05%      49.211us       1.823us            27  
                       triton_poi_fused_copy__mul_sum_0         0.00%       0.000us         0.00%       0.000us       0.000us      45.729us         0.05%      45.729us       1.759us            26  
                               _all_gather_kernel_inner         0.00%       0.000us         0.00%       0.000us       0.000us      41.472us         0.04%      41.472us      13.824us             3  
                       Memcpy DtoH (Device -> Pageable)         0.00%       0.000us         0.00%       0.000us       0.000us      38.561us         0.04%      38.561us       3.213us            12  
void at::native::unrolled_elementwise_kernel<at::nat...         0.00%       0.000us         0.00%       0.000us       0.000us      38.466us         0.04%      38.466us       2.959us            13  
void at_cuda_detail::cub::detail::scan::DeviceScanKe...         0.00%       0.000us         0.00%       0.000us       0.000us      24.831us         0.03%      24.831us       1.910us            13  
kernel_cutlass_kernel_flashinfernormkernelsrmsnormRM...         0.00%       0.000us         0.00%       0.000us       0.000us      24.032us         0.02%      24.032us       8.011us             3  
                    create_flashinfer_kv_indices_triton         0.00%       0.000us         0.00%       0.000us       0.000us      22.945us         0.02%      22.945us       4.589us             5  
void at::native::vectorized_gather_kernel<16, long>(...         0.00%       0.000us         0.00%       0.000us       0.000us      21.664us         0.02%      21.664us       4.333us             5  
                       Memcpy HtoD (Pageable -> Device)         0.00%       0.000us         0.00%       0.000us       0.000us      20.737us         0.02%      20.737us       1.382us            15  
         nvjet_sm100_tst_64x8_64x16_4x1_v_bz_splitK_TNT         0.00%       0.000us         0.00%       0.000us       0.000us      20.671us         0.02%      20.671us      10.336us             2  
void at_cuda_detail::cub::detail::scan::DeviceScanIn...         0.00%       0.000us         0.00%       0.000us       0.000us      18.080us         0.02%      18.080us       1.391us            13  
void at::native::unrolled_elementwise_kernel<at::nat...         0.00%       0.000us         0.00%       0.000us       0.000us      16.830us         0.02%      16.830us       1.683us            10  
                         write_req_to_token_pool_triton         0.00%       0.000us         0.00%       0.000us       0.000us      15.072us         0.02%      15.072us       5.024us             3  
                         Memcpy DtoH (Device -> Pinned)         0.00%       0.000us         0.00%       0.000us       0.000us      13.088us         0.01%      13.088us       3.272us             4  
void at::native::unrolled_elementwise_kernel<at::nat...         0.00%       0.000us         0.00%       0.000us       0.000us      12.704us         0.01%      12.704us       4.235us             3  
void at::native::unrolled_elementwise_kernel<at::nat...         0.00%       0.000us         0.00%       0.000us       0.000us      11.745us         0.01%      11.745us       2.349us             5  
void at::native::vectorized_elementwise_kernel<2, at...         0.00%       0.000us         0.00%       0.000us       0.000us      11.104us         0.01%      11.104us       1.851us             6  
void at::native::reduce_kernel<512, 1, at::native::R...         0.00%       0.000us         0.00%       0.000us       0.000us       8.608us         0.01%       8.608us       2.869us             3  
void at::native::(anonymous namespace)::multi_tensor...         0.00%       0.000us         0.00%       0.000us       0.000us       8.608us         0.01%       8.608us       2.869us             3  
void at::native::unrolled_elementwise_kernel<at::nat...         0.00%       0.000us         0.00%       0.000us       0.000us       7.744us         0.01%       7.744us       1.549us             5  
                                compute_position_kernel         0.00%       0.000us         0.00%       0.000us       0.000us       5.600us         0.01%       5.600us       1.867us             3  
void at::native::vectorized_elementwise_kernel<4, at...         0.00%       0.000us         0.00%       0.000us       0.000us       4.800us         0.00%       4.800us       1.600us             3  
triton_poi_fused_add_bitwise_and_bitwise_not_bitwise...         0.00%       0.000us         0.00%       0.000us       0.000us       4.640us         0.00%       4.640us       1.547us             3  
void at::native::vectorized_elementwise_kernel<4, at...         0.00%       0.000us         0.00%       0.000us       0.000us       3.457us         0.00%       3.457us       1.729us             2  
void at::native::(anonymous namespace)::indexSelectS...         0.00%       0.000us         0.00%       0.000us       0.000us       3.040us         0.00%       3.040us       3.040us             1  
void at::native::reduce_kernel<512, 1, at::native::R...         0.00%       0.000us         0.00%       0.000us       0.000us       2.592us         0.00%       2.592us       2.592us             1  
                                  cudaDeviceSynchronize         2.71%     637.223us         2.71%     637.223us      91.032us       0.000us         0.00%       0.000us       0.000us             7  
                                Activity Buffer Request         7.20%       1.697ms         7.20%       1.697ms       1.697ms       0.000us         0.00%       0.000us       0.000us             1  
                               cudaPointerGetAttributes         0.06%      13.298us         0.06%      13.298us       4.433us       0.000us         0.00%       0.000us       0.000us             3  
                                  cudaStreamIsCapturing         0.79%     185.472us         0.79%     185.472us       0.629us       0.000us         0.00%       0.000us       0.000us           295  
                                        cudaMemcpyAsync         6.82%       1.606ms         6.82%       1.606ms      28.175us       0.000us         0.00%       0.000us       0.000us            57  
                               cudaEventRecordWithFlags         1.34%     314.826us         1.34%     314.826us       2.349us       0.000us         0.00%       0.000us       0.000us           134  
                                         cudaEventQuery         2.69%     633.155us         2.69%     634.724us       2.351us       0.000us         0.00%       0.000us       0.000us           270  
                                       cuLaunchKernelEx        26.63%       6.273ms        26.65%       6.278ms       6.222us       0.000us         0.00%       0.000us       0.000us          1009  
                                       cudaLaunchKernel        14.55%       3.427ms        14.55%       3.427ms       6.417us       0.000us         0.00%       0.000us       0.000us           534  
                                  cudaStreamSynchronize         1.58%     372.464us         1.58%     372.464us      23.279us       0.000us         0.00%       0.000us       0.000us            16  
                                    cudaPeekAtLastError         0.03%       6.038us         0.03%       6.038us       0.116us       0.000us         0.00%       0.000us       0.000us            52  
cudaOccupancyMaxActiveBlocksPerMultiprocessorWithFla...         0.10%      23.129us         0.10%      23.129us       1.779us       0.000us         0.00%       0.000us       0.000us            13  
                                 cudaDeviceGetAttribute         0.43%     101.395us         0.43%     101.395us       1.056us       0.000us         0.00%       0.000us       0.000us            96  
                                    cudaLaunchKernelExC        21.12%       4.975ms        21.12%       4.975ms       6.777us       0.000us         0.00%       0.000us       0.000us           734  
                                         cuLaunchKernel         6.44%       1.518ms         6.44%       1.518ms       5.771us       0.000us         0.00%       0.000us       0.000us           263  
                                                INVALID         1.16%     272.237us         1.16%     272.237us       0.627us       0.000us         0.00%       0.000us       0.000us           434  
                                        cudaEventRecord         2.43%     573.539us         2.44%     573.751us       1.739us       0.000us         0.00%       0.000us       0.000us           330  
                                    cudaStreamWaitEvent         1.58%     371.038us         1.58%     371.038us       1.687us       0.000us         0.00%       0.000us       0.000us           220  
                                    cudaGetFuncBySymbol         0.76%     179.284us         0.76%     179.662us       1.633us       0.000us         0.00%       0.000us       0.000us           110  
                                   cudaDriverGetVersion         0.13%      30.929us         0.13%      30.929us       0.095us       0.000us         0.00%       0.000us       0.000us           324  
                                   cudaFuncSetAttribute         1.30%     305.074us         1.30%     305.074us       3.766us       0.000us         0.00%       0.000us       0.000us            81  
                    cudaThreadExchangeStreamCaptureMode         0.17%      40.629us         0.17%      40.629us       0.248us       0.000us         0.00%       0.000us       0.000us           164  
-------------------------------------------------------  ------------  ------------  ------------  ------------  ------------  ------------  ------------  ------------  ------------  ------------  
Self CPU time total: 23.554ms
Self CUDA time total: 97.005ms


torch profiler chrome trace for prefill saved to /sgl-workspace/sglang-src/experiment-results/phase11/multiscale_timing_ground_truth/deepseek-v2-lite/chunked_prefill/c2048/r2/traces/trace_rank0_batch4_input4097_output8_prefill.trace.json.gz
Prefill. latency: 0.19688 s, throughput:  83238.15 token/s
Decode 0. Batch size: 4, latency: 0.10852 s, throughput:     36.86 token/s
Decode 1. Batch size: 4, latency: 0.05453 s, throughput:     73.35 token/s
Decode 2. Batch size: 4, latency: 0.05428 s, throughput:     73.70 token/s
Decode 3. Batch size: 4, latency: 0.05492 s, throughput:     72.84 token/s
Decode 4. Batch size: 4, latency: 0.05756 s, throughput:     69.50 token/s
Decode.  median latency: 0.05492 s, median throughput:     72.84 token/s
Total. latency:  0.639 s, throughput:  25700.20 token/s
kill_process_tree called: parent_pid=919393, include_parent=False, pid=919393
