timestamp, index, pstate, temperature.gpu, power.draw [W], clocks.current.sm [MHz], clocks.current.memory [MHz], utilization.gpu [%], memory.used [MiB]
2026/08/03 12:57:00.119, 0, P0, 37, 244.03 W, 1965 MHz, 3996 MHz, 0 %, 0 MiB
2026/08/03 12:57:00.122, 1, P0, 34, 240.90 W, 1965 MHz, 3996 MHz, 0 %, 0 MiB
2026/08/03 12:57:00.124, 2, P0, 37, 237.43 W, 1965 MHz, 3996 MHz, 0 %, 0 MiB
2026/08/03 12:57:00.127, 3, P0, 33, 239.75 W, 1965 MHz, 3996 MHz, 0 %, 0 MiB
2026/08/03 12:57:00.129, 4, P0, 34, 237.06 W, 1965 MHz, 3996 MHz, 0 %, 0 MiB
2026/08/03 12:57:00.132, 5, P0, 37, 245.67 W, 1965 MHz, 3996 MHz, 0 %, 0 MiB
2026/08/03 12:57:00.134, 6, P0, 34, 243.37 W, 1965 MHz, 3996 MHz, 0 %, 0 MiB
2026/08/03 12:57:00.137, 7, P0, 38, 244.79 W, 1965 MHz, 3996 MHz, 0 %, 0 MiB
2026/08/03 12:57:01.139, 0, P0, 37, 244.13 W, 1965 MHz, 3996 MHz, 0 %, 0 MiB
2026/08/03 12:57:01.139, 1, P0, 34, 240.99 W, 1965 MHz, 3996 MHz, 0 %, 0 MiB
2026/08/03 12:57:01.139, 2, P0, 37, 237.45 W, 1965 MHz, 3996 MHz, 0 %, 0 MiB
2026/08/03 12:57:01.139, 3, P0, 33, 239.79 W, 1965 MHz, 3996 MHz, 0 %, 0 MiB
2026/08/03 12:57:01.139, 4, P0, 34, 237.06 W, 1965 MHz, 3996 MHz, 0 %, 0 MiB
2026/08/03 12:57:01.139, 5, P0, 37, 245.70 W, 1965 MHz, 3996 MHz, 0 %, 0 MiB
2026/08/03 12:57:01.140, 6, P0, 33, 243.64 W, 1965 MHz, 3996 MHz, 0 %, 0 MiB
2026/08/03 12:57:01.140, 7, P0, 38, 244.74 W, 1965 MHz, 3996 MHz, 0 %, 0 MiB
2026/08/03 12:57:02.140, 0, P0, 37, 244.09 W, 1965 MHz, 3996 MHz, 0 %, 0 MiB
2026/08/03 12:57:02.140, 1, P0, 34, 241.05 W, 1965 MHz, 3996 MHz, 0 %, 0 MiB
2026/08/03 12:57:02.140, 2, P0, 37, 237.44 W, 1965 MHz, 3996 MHz, 0 %, 0 MiB
2026/08/03 12:57:02.140, 3, P0, 33, 239.77 W, 1965 MHz, 3996 MHz, 0 %, 0 MiB
2026/08/03 12:57:02.140, 4, P0, 34, 236.86 W, 1965 MHz, 3996 MHz, 0 %, 0 MiB
2026/08/03 12:57:02.140, 5, P0, 37, 245.82 W, 1965 MHz, 3996 MHz, 0 %, 0 MiB
2026/08/03 12:57:02.140, 6, P0, 33, 243.56 W, 1965 MHz, 3996 MHz, 0 %, 0 MiB
2026/08/03 12:57:02.140, 7, P0, 38, 244.72 W, 1965 MHz, 3996 MHz, 0 %, 0 MiB
2026/08/03 12:57:03.140, 0, P0, 37, 244.29 W, 1965 MHz, 3996 MHz, 0 %, 4 MiB
2026/08/03 12:57:03.141, 1, P0, 34, 241.17 W, 1965 MHz, 3996 MHz, 0 %, 4 MiB
2026/08/03 12:57:03.141, 2, P0, 37, 237.74 W, 1965 MHz, 3996 MHz, 0 %, 4 MiB
2026/08/03 12:57:03.141, 3, P0, 33, 239.90 W, 1965 MHz, 3996 MHz, 0 %, 1 MiB
2026/08/03 12:57:03.143, 4, P0, 34, 236.90 W, 1965 MHz, 3996 MHz, 0 %, 1 MiB
2026/08/03 12:57:03.144, 5, P0, 37, 245.69 W, 1965 MHz, 3996 MHz, 0 %, 1 MiB
2026/08/03 12:57:03.144, 6, P0, 33, 243.56 W, 1965 MHz, 3996 MHz, 0 %, 1 MiB
2026/08/03 12:57:03.144, 7, P0, 38, 244.64 W, 1965 MHz, 3996 MHz, 0 %, 1 MiB
2026/08/03 12:57:04.144, 0, P0, 36, 244.14 W, 1965 MHz, 3996 MHz, 0 %, 4 MiB
2026/08/03 12:57:04.145, 1, P0, 34, 241.08 W, 1965 MHz, 3996 MHz, 0 %, 4 MiB
2026/08/03 12:57:04.147, 2, P0, 37, 237.61 W, 1965 MHz, 3996 MHz, 0 %, 4 MiB
2026/08/03 12:57:04.147, 3, P0, 33, 240.04 W, 1965 MHz, 3996 MHz, 0 %, 4 MiB
2026/08/03 12:57:04.158, 4, P0, 34, 237.09 W, 1965 MHz, 3996 MHz, 0 %, 4 MiB
2026/08/03 12:57:04.169, 5, P0, 37, 246.02 W, 1965 MHz, 3996 MHz, 0 %, 4 MiB
2026/08/03 12:57:04.170, 6, P0, 33, 243.58 W, 1965 MHz, 3996 MHz, 0 %, 1 MiB
2026/08/03 12:57:04.171, 7, P0, 38, 244.62 W, 1965 MHz, 3996 MHz, 0 %, 1 MiB
2026/08/03 12:57:05.171, 0, P0, 36, 244.04 W, 1965 MHz, 3996 MHz, 0 %, 4 MiB
2026/08/03 12:57:05.202, 1, P0, 34, 241.03 W, 1965 MHz, 3996 MHz, 0 %, 4 MiB
2026/08/03 12:57:05.213, 2, P0, 37, 237.48 W, 1965 MHz, 3996 MHz, 0 %, 4 MiB
2026/08/03 12:57:05.214, 3, P0, 33, 239.88 W, 1965 MHz, 3996 MHz, 0 %, 4 MiB
2026/08/03 12:57:05.214, 4, P0, 34, 236.95 W, 1965 MHz, 3996 MHz, 0 %, 4 MiB
2026/08/03 12:57:05.226, 5, P0, 37, 245.95 W, 1965 MHz, 3996 MHz, 0 %, 4 MiB
2026/08/03 12:57:05.237, 6, P0, 33, 243.86 W, 1965 MHz, 3996 MHz, 0 %, 4 MiB
2026/08/03 12:57:05.238, 7, P0, 38, 244.76 W, 1965 MHz, 3996 MHz, 0 %, 4 MiB
2026/08/03 12:57:06.238, 0, P0, 36, 244.06 W, 1965 MHz, 3996 MHz, 0 %, 4 MiB
2026/08/03 12:57:06.238, 1, P0, 34, 241.00 W, 1965 MHz, 3996 MHz, 0 %, 4 MiB
2026/08/03 12:57:06.238, 2, P0, 37, 237.35 W, 1965 MHz, 3996 MHz, 0 %, 4 MiB
2026/08/03 12:57:06.238, 3, P0, 33, 239.79 W, 1965 MHz, 3996 MHz, 0 %, 4 MiB
2026/08/03 12:57:06.239, 4, P0, 34, 236.85 W, 1965 MHz, 3996 MHz, 0 %, 4 MiB
2026/08/03 12:57:06.239, 5, P0, 37, 245.80 W, 1965 MHz, 3996 MHz, 0 %, 4 MiB
2026/08/03 12:57:06.239, 6, P0, 33, 243.56 W, 1965 MHz, 3996 MHz, 0 %, 4 MiB
2026/08/03 12:57:06.239, 7, P0, 38, 245.05 W, 1965 MHz, 3996 MHz, 0 %, 4 MiB
2026/08/03 12:57:07.239, 0, P0, 36, 243.92 W, 1965 MHz, 3996 MHz, 0 %, 4 MiB
2026/08/03 12:57:07.239, 1, P0, 34, 240.88 W, 1965 MHz, 3996 MHz, 0 %, 4 MiB
2026/08/03 12:57:07.239, 2, P0, 37, 237.40 W, 1965 MHz, 3996 MHz, 0 %, 4 MiB
2026/08/03 12:57:07.239, 3, P0, 33, 239.73 W, 1965 MHz, 3996 MHz, 0 %, 4 MiB
2026/08/03 12:57:07.239, 4, P0, 34, 236.69 W, 1965 MHz, 3996 MHz, 0 %, 4 MiB
2026/08/03 12:57:07.239, 5, P0, 37, 245.70 W, 1965 MHz, 3996 MHz, 0 %, 4 MiB
2026/08/03 12:57:07.239, 6, P0, 33, 243.50 W, 1965 MHz, 3996 MHz, 0 %, 4 MiB
2026/08/03 12:57:07.239, 7, P0, 38, 244.60 W, 1965 MHz, 3996 MHz, 0 %, 4 MiB
2026/08/03 12:57:08.239, 0, P0, 36, 243.94 W, 1965 MHz, 3996 MHz, 0 %, 4 MiB
2026/08/03 12:57:08.239, 1, P0, 33, 240.87 W, 1965 MHz, 3996 MHz, 0 %, 4 MiB
2026/08/03 12:57:08.239, 2, P0, 37, 237.39 W, 1965 MHz, 3996 MHz, 0 %, 4 MiB
2026/08/03 12:57:08.239, 3, P0, 33, 239.70 W, 1965 MHz, 3996 MHz, 0 %, 4 MiB
2026/08/03 12:57:08.239, 4, P0, 34, 236.64 W, 1965 MHz, 3996 MHz, 0 %, 4 MiB
2026/08/03 12:57:08.239, 5, P0, 37, 245.70 W, 1965 MHz, 3996 MHz, 0 %, 4 MiB
2026/08/03 12:57:08.239, 6, P0, 33, 243.43 W, 1965 MHz, 3996 MHz, 0 %, 4 MiB
2026/08/03 12:57:08.239, 7, P0, 38, 244.59 W, 1965 MHz, 3996 MHz, 0 %, 4 MiB
2026/08/03 12:57:09.239, 0, P0, 36, 243.88 W, 1965 MHz, 3996 MHz, 0 %, 4 MiB
2026/08/03 12:57:09.239, 1, P0, 33, 240.83 W, 1965 MHz, 3996 MHz, 0 %, 4 MiB
2026/08/03 12:57:09.239, 2, P0, 37, 237.34 W, 1965 MHz, 3996 MHz, 0 %, 4 MiB
2026/08/03 12:57:09.239, 3, P0, 33, 239.72 W, 1965 MHz, 3996 MHz, 0 %, 4 MiB
2026/08/03 12:57:09.240, 4, P0, 34, 236.71 W, 1965 MHz, 3996 MHz, 0 %, 4 MiB
2026/08/03 12:57:09.240, 5, P0, 37, 245.59 W, 1965 MHz, 3996 MHz, 0 %, 4 MiB
2026/08/03 12:57:09.240, 6, P0, 33, 243.35 W, 1965 MHz, 3996 MHz, 0 %, 4 MiB
2026/08/03 12:57:09.240, 7, P0, 38, 244.62 W, 1965 MHz, 3996 MHz, 0 %, 4 MiB
2026/08/03 12:57:10.240, 0, P0, 36, 243.80 W, 1965 MHz, 3996 MHz, 0 %, 4 MiB
2026/08/03 12:57:10.240, 1, P0, 33, 240.74 W, 1965 MHz, 3996 MHz, 0 %, 4 MiB
2026/08/03 12:57:10.240, 2, P0, 37, 237.34 W, 1965 MHz, 3996 MHz, 0 %, 4 MiB
2026/08/03 12:57:10.240, 3, P0, 33, 239.75 W, 1965 MHz, 3996 MHz, 0 %, 4 MiB
2026/08/03 12:57:10.240, 4, P0, 34, 236.66 W, 1965 MHz, 3996 MHz, 0 %, 4 MiB
2026/08/03 12:57:10.240, 5, P0, 36, 245.54 W, 1965 MHz, 3996 MHz, 0 %, 4 MiB
2026/08/03 12:57:10.240, 6, P0, 33, 243.36 W, 1965 MHz, 3996 MHz, 0 %, 4 MiB
2026/08/03 12:57:10.240, 7, P0, 38, 244.58 W, 1965 MHz, 3996 MHz, 0 %, 4 MiB
2026/08/03 12:57:11.240, 0, P0, 36, 243.99 W, 1965 MHz, 3996 MHz, 0 %, 4 MiB
2026/08/03 12:57:11.240, 1, P0, 33, 240.78 W, 1965 MHz, 3996 MHz, 0 %, 4 MiB
2026/08/03 12:57:11.240, 2, P0, 37, 237.27 W, 1965 MHz, 3996 MHz, 0 %, 4 MiB
2026/08/03 12:57:11.240, 3, P0, 33, 239.68 W, 1965 MHz, 3996 MHz, 0 %, 4 MiB
2026/08/03 12:57:11.240, 4, P0, 34, 236.62 W, 1965 MHz, 3996 MHz, 0 %, 4 MiB
2026/08/03 12:57:11.240, 5, P0, 36, 245.49 W, 1965 MHz, 3996 MHz, 0 %, 4 MiB
2026/08/03 12:57:11.240, 6, P0, 33, 243.37 W, 1965 MHz, 3996 MHz, 0 %, 4 MiB
2026/08/03 12:57:11.240, 7, P0, 37, 244.66 W, 1965 MHz, 3996 MHz, 0 %, 4 MiB
2026/08/03 12:57:12.240, 0, P0, 36, 243.74 W, 1965 MHz, 3996 MHz, 0 %, 4 MiB
2026/08/03 12:57:12.240, 1, P0, 33, 240.70 W, 1965 MHz, 3996 MHz, 0 %, 4 MiB
2026/08/03 12:57:12.240, 2, P0, 37, 237.27 W, 1965 MHz, 3996 MHz, 0 %, 4 MiB
2026/08/03 12:57:12.240, 3, P0, 33, 239.71 W, 1965 MHz, 3996 MHz, 0 %, 4 MiB
2026/08/03 12:57:12.240, 4, P0, 34, 236.58 W, 1965 MHz, 3996 MHz, 0 %, 4 MiB
2026/08/03 12:57:12.241, 5, P0, 36, 245.49 W, 1965 MHz, 3996 MHz, 0 %, 4 MiB
2026/08/03 12:57:12.241, 6, P0, 33, 243.20 W, 1965 MHz, 3996 MHz, 0 %, 4 MiB
2026/08/03 12:57:12.241, 7, P0, 37, 244.66 W, 1965 MHz, 3996 MHz, 0 %, 4 MiB
2026/08/03 12:57:13.241, 0, P0, 36, 243.78 W, 1965 MHz, 3996 MHz, 0 %, 4 MiB
2026/08/03 12:57:13.242, 1, P0, 33, 240.61 W, 1965 MHz, 3996 MHz, 0 %, 4 MiB
2026/08/03 12:57:13.242, 2, P0, 36, 237.26 W, 1965 MHz, 3996 MHz, 0 %, 4 MiB
2026/08/03 12:57:13.243, 3, P0, 33, 239.67 W, 1965 MHz, 3996 MHz, 0 %, 4 MiB
2026/08/03 12:57:13.244, 4, P0, 34, 236.62 W, 1965 MHz, 3996 MHz, 0 %, 4 MiB
2026/08/03 12:57:13.244, 5, P0, 36, 245.59 W, 1965 MHz, 3996 MHz, 0 %, 4 MiB
2026/08/03 12:57:13.245, 6, P0, 33, 243.21 W, 1965 MHz, 3996 MHz, 0 %, 4 MiB
2026/08/03 12:57:13.245, 7, P0, 37, 244.61 W, 1965 MHz, 3996 MHz, 0 %, 4 MiB
2026/08/03 12:57:14.245, 0, P0, 36, 243.74 W, 1965 MHz, 3996 MHz, 0 %, 4 MiB
2026/08/03 12:57:14.246, 1, P0, 33, 240.66 W, 1965 MHz, 3996 MHz, 0 %, 4 MiB
2026/08/03 12:57:14.246, 2, P0, 36, 237.24 W, 1965 MHz, 3996 MHz, 0 %, 4 MiB
2026/08/03 12:57:14.246, 3, P0, 33, 239.66 W, 1965 MHz, 3996 MHz, 0 %, 4 MiB
2026/08/03 12:57:14.246, 4, P0, 34, 236.59 W, 1965 MHz, 3996 MHz, 0 %, 4 MiB
2026/08/03 12:57:14.246, 5, P0, 36, 245.54 W, 1965 MHz, 3996 MHz, 0 %, 4 MiB
2026/08/03 12:57:14.246, 6, P0, 33, 243.23 W, 1965 MHz, 3996 MHz, 0 %, 4 MiB
2026/08/03 12:57:14.246, 7, P0, 37, 244.55 W, 1965 MHz, 3996 MHz, 0 %, 4 MiB
2026/08/03 12:57:15.246, 0, P0, 36, 243.85 W, 1965 MHz, 3996 MHz, 0 %, 4 MiB
2026/08/03 12:57:15.249, 1, P0, 33, 240.70 W, 1965 MHz, 3996 MHz, 0 %, 4 MiB
2026/08/03 12:57:15.249, 2, P0, 36, 237.30 W, 1965 MHz, 3996 MHz, 0 %, 4 MiB
2026/08/03 12:57:15.250, 3, P0, 33, 239.63 W, 1965 MHz, 3996 MHz, 0 %, 4 MiB
2026/08/03 12:57:15.252, 4, P0, 34, 236.62 W, 1965 MHz, 3996 MHz, 0 %, 4 MiB
2026/08/03 12:57:15.253, 5, P0, 36, 245.54 W, 1965 MHz, 3996 MHz, 0 %, 4 MiB
2026/08/03 12:57:15.254, 6, P0, 33, 243.32 W, 1965 MHz, 3996 MHz, 0 %, 4 MiB
2026/08/03 12:57:15.256, 7, P0, 37, 244.54 W, 1965 MHz, 3996 MHz, 0 %, 4 MiB
2026/08/03 12:57:16.257, 0, P0, 36, 243.82 W, 1965 MHz, 3996 MHz, 0 %, 4 MiB
2026/08/03 12:57:16.260, 1, P0, 33, 240.84 W, 1965 MHz, 3996 MHz, 0 %, 4 MiB
2026/08/03 12:57:16.273, 2, P0, 36, 237.45 W, 1965 MHz, 3996 MHz, 0 %, 4 MiB
2026/08/03 12:57:16.274, 3, P0, 33, 239.68 W, 1965 MHz, 3996 MHz, 0 %, 4 MiB
2026/08/03 12:57:16.286, 4, P0, 34, 236.71 W, 1965 MHz, 3996 MHz, 0 %, 4 MiB
2026/08/03 12:57:16.288, 5, P0, 36, 245.63 W, 1965 MHz, 3996 MHz, 0 %, 4 MiB
2026/08/03 12:57:16.299, 6, P0, 33, 243.54 W, 1965 MHz, 3996 MHz, 0 %, 4 MiB
2026/08/03 12:57:16.299, 7, P0, 37, 244.66 W, 1965 MHz, 3996 MHz, 0 %, 4 MiB
2026/08/03 12:57:17.300, 0, P0, 36, 243.78 W, 1965 MHz, 3996 MHz, 0 %, 4 MiB
2026/08/03 12:57:17.300, 1, P0, 33, 240.81 W, 1965 MHz, 3996 MHz, 0 %, 4 MiB
2026/08/03 12:57:17.300, 2, P0, 36, 237.39 W, 1965 MHz, 3996 MHz, 0 %, 4 MiB
2026/08/03 12:57:17.300, 3, P0, 33, 239.77 W, 1965 MHz, 3996 MHz, 0 %, 4 MiB
2026/08/03 12:57:17.300, 4, P0, 34, 236.66 W, 1965 MHz, 3996 MHz, 0 %, 4 MiB
2026/08/03 12:57:17.300, 5, P0, 36, 245.59 W, 1965 MHz, 3996 MHz, 0 %, 4 MiB
2026/08/03 12:57:17.300, 6, P0, 33, 243.39 W, 1965 MHz, 3996 MHz, 0 %, 4 MiB
2026/08/03 12:57:17.300, 7, P0, 37, 244.57 W, 1965 MHz, 3996 MHz, 0 %, 4 MiB
2026/08/03 12:57:18.300, 0, P0, 36, 243.64 W, 1965 MHz, 3996 MHz, 0 %, 4 MiB
2026/08/03 12:57:18.300, 1, P0, 33, 240.60 W, 1965 MHz, 3996 MHz, 0 %, 4 MiB
2026/08/03 12:57:18.300, 2, P0, 36, 237.18 W, 1965 MHz, 3996 MHz, 0 %, 4 MiB
2026/08/03 12:57:18.300, 3, P0, 33, 239.53 W, 1965 MHz, 3996 MHz, 0 %, 4 MiB
2026/08/03 12:57:18.300, 4, P0, 34, 236.54 W, 1965 MHz, 3996 MHz, 0 %, 4 MiB
2026/08/03 12:57:18.300, 5, P0, 36, 245.37 W, 1965 MHz, 3996 MHz, 0 %, 4 MiB
2026/08/03 12:57:18.300, 6, P0, 33, 243.18 W, 1965 MHz, 3996 MHz, 0 %, 4 MiB
2026/08/03 12:57:18.300, 7, P0, 37, 244.46 W, 1965 MHz, 3996 MHz, 0 %, 4 MiB
2026/08/03 12:57:19.300, 0, P0, 36, 243.61 W, 1965 MHz, 3996 MHz, 0 %, 4 MiB
2026/08/03 12:57:19.300, 1, P0, 33, 240.56 W, 1965 MHz, 3996 MHz, 0 %, 4 MiB
2026/08/03 12:57:19.300, 2, P0, 36, 237.20 W, 1965 MHz, 3996 MHz, 0 %, 4 MiB
2026/08/03 12:57:19.300, 3, P0, 33, 239.50 W, 1965 MHz, 3996 MHz, 0 %, 4 MiB
2026/08/03 12:57:19.300, 4, P0, 34, 236.54 W, 1965 MHz, 3996 MHz, 0 %, 4 MiB
2026/08/03 12:57:19.300, 5, P0, 36, 245.42 W, 1965 MHz, 3996 MHz, 0 %, 4 MiB
2026/08/03 12:57:19.300, 6, P0, 33, 243.16 W, 1965 MHz, 3996 MHz, 0 %, 4 MiB
2026/08/03 12:57:19.300, 7, P0, 37, 244.44 W, 1965 MHz, 3996 MHz, 0 %, 4 MiB
2026/08/03 12:57:20.301, 0, P0, 36, 243.64 W, 1965 MHz, 3996 MHz, 0 %, 4 MiB
2026/08/03 12:57:20.301, 1, P0, 33, 240.61 W, 1965 MHz, 3996 MHz, 0 %, 4 MiB
2026/08/03 12:57:20.301, 2, P0, 36, 237.17 W, 1965 MHz, 3996 MHz, 0 %, 4 MiB
2026/08/03 12:57:20.301, 3, P0, 33, 239.54 W, 1965 MHz, 3996 MHz, 0 %, 4 MiB
2026/08/03 12:57:20.301, 4, P0, 34, 236.55 W, 1965 MHz, 3996 MHz, 0 %, 4 MiB
2026/08/03 12:57:20.301, 5, P0, 36, 245.27 W, 1965 MHz, 3996 MHz, 0 %, 4 MiB
2026/08/03 12:57:20.301, 6, P0, 33, 243.28 W, 1965 MHz, 3996 MHz, 0 %, 4 MiB
2026/08/03 12:57:20.301, 7, P0, 37, 244.36 W, 1965 MHz, 3996 MHz, 0 %, 4 MiB
2026/08/03 12:57:21.301, 0, P0, 36, 243.68 W, 1965 MHz, 3996 MHz, 0 %, 4 MiB
2026/08/03 12:57:21.301, 1, P0, 33, 240.57 W, 1965 MHz, 3996 MHz, 0 %, 4 MiB
2026/08/03 12:57:21.301, 2, P0, 36, 237.18 W, 1965 MHz, 3996 MHz, 0 %, 4 MiB
2026/08/03 12:57:21.301, 3, P0, 33, 239.42 W, 1965 MHz, 3996 MHz, 0 %, 4 MiB
2026/08/03 12:57:21.301, 4, P0, 34, 236.55 W, 1965 MHz, 3996 MHz, 0 %, 4 MiB
2026/08/03 12:57:21.301, 5, P0, 36, 245.25 W, 1965 MHz, 3996 MHz, 0 %, 4 MiB
2026/08/03 12:57:21.301, 6, P0, 33, 243.13 W, 1965 MHz, 3996 MHz, 0 %, 4 MiB
2026/08/03 12:57:21.301, 7, P0, 37, 244.33 W, 1965 MHz, 3996 MHz, 0 %, 4 MiB
2026/08/03 12:57:22.301, 0, P0, 36, 243.57 W, 1965 MHz, 3996 MHz, 0 %, 4 MiB
2026/08/03 12:57:22.301, 1, P0, 33, 240.60 W, 1965 MHz, 3996 MHz, 0 %, 4 MiB
2026/08/03 12:57:22.301, 2, P0, 36, 237.13 W, 1965 MHz, 3996 MHz, 0 %, 4 MiB
2026/08/03 12:57:22.301, 3, P0, 33, 239.45 W, 1965 MHz, 3996 MHz, 0 %, 4 MiB
2026/08/03 12:57:22.301, 4, P0, 33, 236.54 W, 1965 MHz, 3996 MHz, 0 %, 4 MiB
2026/08/03 12:57:22.301, 5, P0, 36, 245.38 W, 1965 MHz, 3996 MHz, 0 %, 4 MiB
2026/08/03 12:57:22.302, 6, P0, 33, 243.18 W, 1965 MHz, 3996 MHz, 0 %, 4 MiB
2026/08/03 12:57:22.302, 7, P0, 37, 244.30 W, 1965 MHz, 3996 MHz, 0 %, 4 MiB
2026/08/03 12:57:23.302, 0, P0, 36, 243.57 W, 1965 MHz, 3996 MHz, 0 %, 4 MiB
2026/08/03 12:57:23.302, 1, P0, 33, 240.52 W, 1965 MHz, 3996 MHz, 0 %, 4 MiB
2026/08/03 12:57:23.302, 2, P0, 36, 237.13 W, 1965 MHz, 3996 MHz, 0 %, 4 MiB
2026/08/03 12:57:23.302, 3, P0, 33, 239.38 W, 1965 MHz, 3996 MHz, 0 %, 4 MiB
2026/08/03 12:57:23.302, 4, P0, 34, 236.54 W, 1965 MHz, 3996 MHz, 0 %, 4 MiB
2026/08/03 12:57:23.302, 5, P0, 36, 245.48 W, 1965 MHz, 3996 MHz, 3 %, 631 MiB
2026/08/03 12:57:23.302, 6, P0, 33, 243.15 W, 1965 MHz, 3996 MHz, 0 %, 4 MiB
2026/08/03 12:57:23.302, 7, P0, 37, 244.27 W, 1965 MHz, 3996 MHz, 0 %, 4 MiB
2026/08/03 12:57:24.302, 0, P0, 36, 243.50 W, 1965 MHz, 3996 MHz, 0 %, 26 MiB
2026/08/03 12:57:24.304, 1, P0, 33, 240.41 W, 1965 MHz, 3996 MHz, 0 %, 27 MiB
2026/08/03 12:57:24.307, 2, P0, 36, 237.04 W, 1965 MHz, 3996 MHz, 0 %, 26 MiB
2026/08/03 12:57:24.307, 3, P0, 33, 239.41 W, 1965 MHz, 3996 MHz, 0 %, 26 MiB
2026/08/03 12:57:24.309, 4, P0, 33, 236.46 W, 1965 MHz, 3996 MHz, 0 %, 26 MiB
2026/08/03 12:57:24.313, 5, P0, 36, 245.32 W, 1965 MHz, 3996 MHz, 0 %, 631 MiB
2026/08/03 12:57:24.316, 6, P0, 33, 243.15 W, 1965 MHz, 3996 MHz, 0 %, 26 MiB
2026/08/03 12:57:24.320, 7, P0, 37, 244.29 W, 1965 MHz, 3996 MHz, 0 %, 26 MiB
2026/08/03 12:57:25.375, 0, P0, 36, 243.49 W, 1965 MHz, 3996 MHz, 0 %, 29 MiB
2026/08/03 12:57:25.414, 1, P0, 33, 240.51 W, 1965 MHz, 3996 MHz, 0 %, 29 MiB
2026/08/03 12:57:25.416, 2, P0, 36, 237.14 W, 1965 MHz, 3996 MHz, 0 %, 29 MiB
2026/08/03 12:57:25.421, 3, P0, 33, 239.54 W, 1965 MHz, 3996 MHz, 0 %, 29 MiB
2026/08/03 12:57:25.427, 4, P0, 33, 236.43 W, 1965 MHz, 3996 MHz, 0 %, 29 MiB
2026/08/03 12:57:25.427, 5, P0, 36, 245.29 W, 1965 MHz, 3996 MHz, 0 %, 631 MiB
2026/08/03 12:57:25.430, 6, P0, 33, 243.14 W, 1965 MHz, 3996 MHz, 0 %, 29 MiB
2026/08/03 12:57:25.436, 7, P0, 37, 244.22 W, 1965 MHz, 3996 MHz, 0 %, 29 MiB
2026/08/03 12:57:26.444, 0, P0, 36, 243.59 W, 1965 MHz, 3996 MHz, 0 %, 631 MiB
2026/08/03 12:57:26.444, 1, P0, 33, 240.50 W, 1965 MHz, 3996 MHz, 0 %, 727 MiB
2026/08/03 12:57:26.444, 2, P0, 36, 237.09 W, 1965 MHz, 3996 MHz, 0 %, 727 MiB
2026/08/03 12:57:26.444, 3, P0, 33, 239.48 W, 1965 MHz, 3996 MHz, 0 %, 727 MiB
2026/08/03 12:57:26.444, 4, P0, 33, 236.53 W, 1965 MHz, 3996 MHz, 0 %, 727 MiB
2026/08/03 12:57:26.444, 5, P0, 36, 245.24 W, 1965 MHz, 3996 MHz, 0 %, 631 MiB
2026/08/03 12:57:26.444, 6, P0, 33, 243.12 W, 1965 MHz, 3996 MHz, 0 %, 727 MiB
2026/08/03 12:57:26.444, 7, P0, 37, 244.28 W, 1965 MHz, 3996 MHz, 0 %, 727 MiB
2026/08/03 12:57:27.444, 0, P0, 36, 243.57 W, 1965 MHz, 3996 MHz, 0 %, 631 MiB
2026/08/03 12:57:27.444, 1, P0, 33, 240.37 W, 1965 MHz, 3996 MHz, 0 %, 727 MiB
2026/08/03 12:57:27.444, 2, P0, 36, 236.80 W, 1965 MHz, 3996 MHz, 0 %, 727 MiB
2026/08/03 12:57:27.444, 3, P0, 33, 239.42 W, 1965 MHz, 3996 MHz, 0 %, 727 MiB
2026/08/03 12:57:27.444, 4, P0, 33, 236.44 W, 1965 MHz, 3996 MHz, 0 %, 727 MiB
2026/08/03 12:57:27.445, 5, P0, 36, 245.28 W, 1965 MHz, 3996 MHz, 0 %, 631 MiB
2026/08/03 12:57:27.445, 6, P0, 33, 243.01 W, 1965 MHz, 3996 MHz, 0 %, 727 MiB
2026/08/03 12:57:27.445, 7, P0, 37, 244.24 W, 1965 MHz, 3996 MHz, 0 %, 727 MiB
2026/08/03 12:57:28.445, 0, P0, 36, 243.64 W, 1965 MHz, 3996 MHz, 0 %, 823 MiB
2026/08/03 12:57:28.445, 1, P0, 33, 240.55 W, 1965 MHz, 3996 MHz, 0 %, 823 MiB
2026/08/03 12:57:28.447, 2, P0, 36, 236.98 W, 1965 MHz, 3996 MHz, 0 %, 823 MiB
2026/08/03 12:57:28.447, 3, P0, 33, 239.34 W, 1965 MHz, 3996 MHz, 0 %, 823 MiB
2026/08/03 12:57:28.448, 4, P0, 33, 236.35 W, 1965 MHz, 3996 MHz, 0 %, 823 MiB
2026/08/03 12:57:28.449, 5, P0, 36, 245.19 W, 1965 MHz, 3996 MHz, 0 %, 823 MiB
2026/08/03 12:57:28.450, 6, P0, 33, 243.06 W, 1965 MHz, 3996 MHz, 0 %, 823 MiB
2026/08/03 12:57:28.450, 7, P0, 37, 244.06 W, 1965 MHz, 3996 MHz, 0 %, 823 MiB
2026/08/03 12:57:29.451, 0, P0, 36, 243.64 W, 1965 MHz, 3996 MHz, 0 %, 823 MiB
2026/08/03 12:57:29.461, 1, P0, 33, 240.55 W, 1965 MHz, 3996 MHz, 0 %, 823 MiB
2026/08/03 12:57:29.473, 2, P0, 36, 236.77 W, 1965 MHz, 3996 MHz, 0 %, 823 MiB
2026/08/03 12:57:29.473, 3, P0, 33, 239.40 W, 1965 MHz, 3996 MHz, 0 %, 823 MiB
2026/08/03 12:57:29.484, 4, P0, 33, 236.43 W, 1965 MHz, 3996 MHz, 0 %, 823 MiB
2026/08/03 12:57:29.484, 5, P0, 36, 245.38 W, 1965 MHz, 3996 MHz, 0 %, 823 MiB
2026/08/03 12:57:29.485, 6, P0, 33, 243.13 W, 1965 MHz, 3996 MHz, 0 %, 823 MiB
2026/08/03 12:57:29.485, 7, P0, 37, 244.27 W, 1965 MHz, 3996 MHz, 0 %, 823 MiB
2026/08/03 12:57:30.485, 0, P0, 36, 243.49 W, 1965 MHz, 3996 MHz, 4 %, 2103 MiB
2026/08/03 12:57:30.485, 1, P0, 33, 240.47 W, 1965 MHz, 3996 MHz, 0 %, 2167 MiB
2026/08/03 12:57:30.486, 2, P0, 36, 236.81 W, 1965 MHz, 3996 MHz, 0 %, 2167 MiB
2026/08/03 12:57:30.487, 3, P0, 33, 239.26 W, 1965 MHz, 3996 MHz, 0 %, 2167 MiB
2026/08/03 12:57:30.487, 4, P0, 33, 236.39 W, 1965 MHz, 3996 MHz, 0 %, 2167 MiB
2026/08/03 12:57:30.488, 5, P0, 36, 245.29 W, 1965 MHz, 3996 MHz, 0 %, 2167 MiB
2026/08/03 12:57:30.488, 6, P0, 33, 243.03 W, 1965 MHz, 3996 MHz, 0 %, 2167 MiB
2026/08/03 12:57:30.489, 7, P0, 37, 244.07 W, 1965 MHz, 3996 MHz, 0 %, 1847 MiB
2026/08/03 12:57:31.490, 0, P0, 36, 242.98 W, 1965 MHz, 3996 MHz, 0 %, 2169 MiB
2026/08/03 12:57:31.490, 1, P0, 33, 240.18 W, 1965 MHz, 3996 MHz, 0 %, 2233 MiB
2026/08/03 12:57:31.490, 2, P0, 36, 236.62 W, 1965 MHz, 3996 MHz, 0 %, 2233 MiB
2026/08/03 12:57:31.490, 3, P0, 33, 239.02 W, 1965 MHz, 3996 MHz, 0 %, 2233 MiB
2026/08/03 12:57:31.490, 4, P0, 33, 236.05 W, 1965 MHz, 3996 MHz, 0 %, 2233 MiB
2026/08/03 12:57:31.490, 5, P0, 36, 244.86 W, 1965 MHz, 3996 MHz, 0 %, 2233 MiB
2026/08/03 12:57:31.490, 6, P0, 33, 242.71 W, 1965 MHz, 3996 MHz, 0 %, 2233 MiB
2026/08/03 12:57:31.490, 7, P0, 37, 243.83 W, 1965 MHz, 3996 MHz, 0 %, 1913 MiB
2026/08/03 12:57:32.490, 0, P0, 36, 242.93 W, 1965 MHz, 3996 MHz, 0 %, 2169 MiB
2026/08/03 12:57:32.490, 1, P0, 33, 240.04 W, 1965 MHz, 3996 MHz, 0 %, 2233 MiB
2026/08/03 12:57:32.490, 2, P0, 36, 236.63 W, 1965 MHz, 3996 MHz, 0 %, 2233 MiB
2026/08/03 12:57:32.490, 3, P0, 33, 239.00 W, 1965 MHz, 3996 MHz, 0 %, 2233 MiB
2026/08/03 12:57:32.490, 4, P0, 33, 236.06 W, 1965 MHz, 3996 MHz, 0 %, 2233 MiB
2026/08/03 12:57:32.490, 5, P0, 36, 244.65 W, 1965 MHz, 3996 MHz, 0 %, 2233 MiB
2026/08/03 12:57:32.490, 6, P0, 33, 242.63 W, 1965 MHz, 3996 MHz, 0 %, 2233 MiB
2026/08/03 12:57:32.490, 7, P0, 37, 243.68 W, 1965 MHz, 3996 MHz, 0 %, 1913 MiB
2026/08/03 12:57:33.490, 0, P0, 36, 243.16 W, 1965 MHz, 3996 MHz, 0 %, 11833 MiB
2026/08/03 12:57:33.490, 1, P0, 33, 240.38 W, 1965 MHz, 3996 MHz, 0 %, 11897 MiB
2026/08/03 12:57:33.490, 2, P0, 36, 236.79 W, 1965 MHz, 3996 MHz, 0 %, 11897 MiB
2026/08/03 12:57:33.490, 3, P0, 33, 239.14 W, 1965 MHz, 3996 MHz, 0 %, 11897 MiB
2026/08/03 12:57:33.490, 4, P0, 33, 236.27 W, 1965 MHz, 3996 MHz, 1 %, 11897 MiB
2026/08/03 12:57:33.490, 5, P0, 36, 244.99 W, 1965 MHz, 3996 MHz, 0 %, 11897 MiB
2026/08/03 12:57:33.490, 6, P0, 33, 242.88 W, 1965 MHz, 3996 MHz, 0 %, 11897 MiB
2026/08/03 12:57:33.491, 7, P0, 37, 243.99 W, 1965 MHz, 3996 MHz, 2 %, 11577 MiB
2026/08/03 12:57:34.491, 0, P0, 36, 243.47 W, 1965 MHz, 3996 MHz, 2 %, 11833 MiB
2026/08/03 12:57:34.491, 1, P0, 33, 240.48 W, 1965 MHz, 3996 MHz, 5 %, 11897 MiB
2026/08/03 12:57:34.491, 2, P0, 36, 237.01 W, 1965 MHz, 3996 MHz, 4 %, 11897 MiB
2026/08/03 12:57:34.491, 3, P0, 33, 239.46 W, 1965 MHz, 3996 MHz, 5 %, 11897 MiB
2026/08/03 12:57:34.491, 4, P0, 33, 236.43 W, 1965 MHz, 3996 MHz, 5 %, 11897 MiB
2026/08/03 12:57:34.491, 5, P0, 36, 245.27 W, 1965 MHz, 3996 MHz, 4 %, 11897 MiB
2026/08/03 12:57:34.491, 6, P0, 33, 242.97 W, 1965 MHz, 3996 MHz, 3 %, 11897 MiB
2026/08/03 12:57:34.491, 7, P0, 37, 244.10 W, 1965 MHz, 3996 MHz, 3 %, 11577 MiB
2026/08/03 12:57:35.491, 0, P0, 36, 243.60 W, 1965 MHz, 3996 MHz, 5 %, 11833 MiB
2026/08/03 12:57:35.491, 1, P0, 33, 240.70 W, 1965 MHz, 3996 MHz, 3 %, 11897 MiB
2026/08/03 12:57:35.491, 2, P0, 36, 237.18 W, 1965 MHz, 3996 MHz, 5 %, 11897 MiB
2026/08/03 12:57:35.491, 3, P0, 33, 239.64 W, 1965 MHz, 3996 MHz, 4 %, 11897 MiB
2026/08/03 12:57:35.491, 4, P0, 33, 236.69 W, 1965 MHz, 3996 MHz, 5 %, 11897 MiB
2026/08/03 12:57:35.491, 5, P0, 36, 245.37 W, 1965 MHz, 3996 MHz, 4 %, 11897 MiB
2026/08/03 12:57:35.491, 6, P0, 33, 243.44 W, 1965 MHz, 3996 MHz, 4 %, 11897 MiB
2026/08/03 12:57:35.491, 7, P0, 37, 244.94 W, 1965 MHz, 3996 MHz, 7 %, 11581 MiB
2026/08/03 12:57:36.491, 0, P0, 36, 243.64 W, 1965 MHz, 3996 MHz, 2 %, 11833 MiB
2026/08/03 12:57:36.491, 1, P0, 33, 240.81 W, 1965 MHz, 3996 MHz, 5 %, 11897 MiB
2026/08/03 12:57:36.491, 2, P0, 36, 237.18 W, 1965 MHz, 3996 MHz, 4 %, 11897 MiB
2026/08/03 12:57:36.491, 3, P0, 33, 239.61 W, 1965 MHz, 3996 MHz, 5 %, 11897 MiB
2026/08/03 12:57:36.491, 4, P0, 33, 236.73 W, 1965 MHz, 3996 MHz, 5 %, 11897 MiB
2026/08/03 12:57:36.491, 5, P0, 36, 245.47 W, 1965 MHz, 3996 MHz, 6 %, 11897 MiB
2026/08/03 12:57:36.491, 6, P0, 33, 251.70 W, 1965 MHz, 3996 MHz, 10 %, 11921 MiB
2026/08/03 12:57:36.491, 7, P0, 37, 252.06 W, 1965 MHz, 3996 MHz, 0 %, 11601 MiB
2026/08/03 12:57:37.492, 0, P0, 36, 243.59 W, 1965 MHz, 3996 MHz, 5 %, 11833 MiB
2026/08/03 12:57:37.492, 1, P0, 33, 240.81 W, 1965 MHz, 3996 MHz, 5 %, 11897 MiB
2026/08/03 12:57:37.492, 2, P0, 36, 237.07 W, 1965 MHz, 3996 MHz, 5 %, 11897 MiB
2026/08/03 12:57:37.492, 3, P0, 33, 239.62 W, 1965 MHz, 3996 MHz, 2 %, 11897 MiB
2026/08/03 12:57:37.492, 4, P0, 33, 236.69 W, 1965 MHz, 3996 MHz, 3 %, 11897 MiB
2026/08/03 12:57:37.492, 5, P0, 36, 245.39 W, 1965 MHz, 3996 MHz, 5 %, 11897 MiB
2026/08/03 12:57:37.492, 6, P0, 33, 242.82 W, 1965 MHz, 3996 MHz, 0 %, 11921 MiB
2026/08/03 12:57:37.492, 7, P0, 37, 243.86 W, 1965 MHz, 3996 MHz, 0 %, 11601 MiB
2026/08/03 12:57:38.492, 0, P0, 36, 243.62 W, 1965 MHz, 3996 MHz, 5 %, 11833 MiB
2026/08/03 12:57:38.492, 1, P0, 33, 240.83 W, 1965 MHz, 3996 MHz, 4 %, 11897 MiB
2026/08/03 12:57:38.492, 2, P0, 36, 237.26 W, 1965 MHz, 3996 MHz, 5 %, 11897 MiB
2026/08/03 12:57:38.492, 3, P0, 33, 239.68 W, 1965 MHz, 3996 MHz, 5 %, 11897 MiB
2026/08/03 12:57:38.492, 4, P0, 33, 236.68 W, 1965 MHz, 3996 MHz, 5 %, 11897 MiB
2026/08/03 12:57:38.492, 5, P0, 36, 245.47 W, 1965 MHz, 3996 MHz, 2 %, 11897 MiB
2026/08/03 12:57:38.492, 6, P0, 33, 242.62 W, 1965 MHz, 3996 MHz, 0 %, 11921 MiB
2026/08/03 12:57:38.492, 7, P0, 37, 243.80 W, 1965 MHz, 3996 MHz, 0 %, 11601 MiB
2026/08/03 12:57:39.492, 0, P0, 36, 243.65 W, 1965 MHz, 3996 MHz, 2 %, 11833 MiB
2026/08/03 12:57:39.492, 1, P0, 33, 240.76 W, 1965 MHz, 3996 MHz, 5 %, 11897 MiB
2026/08/03 12:57:39.492, 2, P0, 36, 237.22 W, 1965 MHz, 3996 MHz, 2 %, 11897 MiB
2026/08/03 12:57:39.492, 3, P0, 33, 239.64 W, 1965 MHz, 3996 MHz, 3 %, 11897 MiB
2026/08/03 12:57:39.492, 4, P0, 33, 236.65 W, 1965 MHz, 3996 MHz, 3 %, 11897 MiB
2026/08/03 12:57:39.492, 5, P0, 36, 245.49 W, 1965 MHz, 3996 MHz, 6 %, 11901 MiB
2026/08/03 12:57:39.492, 6, P0, 33, 242.68 W, 1965 MHz, 3996 MHz, 0 %, 11921 MiB
2026/08/03 12:57:39.493, 7, P0, 37, 243.84 W, 1965 MHz, 3996 MHz, 0 %, 11601 MiB
2026/08/03 12:57:40.493, 0, P0, 36, 253.59 W, 1965 MHz, 3996 MHz, 25 %, 11857 MiB
2026/08/03 12:57:40.493, 1, P0, 33, 250.43 W, 1965 MHz, 3996 MHz, 24 %, 11901 MiB
2026/08/03 12:57:40.493, 2, P0, 36, 246.40 W, 1965 MHz, 3996 MHz, 24 %, 11901 MiB
2026/08/03 12:57:40.493, 3, P0, 33, 248.73 W, 1965 MHz, 3996 MHz, 24 %, 11901 MiB
2026/08/03 12:57:40.493, 4, P0, 34, 245.16 W, 1965 MHz, 3996 MHz, 25 %, 11901 MiB
2026/08/03 12:57:40.493, 5, P0, 36, 255.51 W, 1965 MHz, 3996 MHz, 10 %, 11921 MiB
2026/08/03 12:57:40.493, 6, P0, 33, 242.59 W, 1965 MHz, 3996 MHz, 0 %, 11921 MiB
2026/08/03 12:57:40.493, 7, P0, 37, 243.78 W, 1965 MHz, 3996 MHz, 0 %, 11601 MiB
2026/08/03 12:57:41.493, 0, P0, 36, 254.57 W, 1965 MHz, 3996 MHz, 0 %, 157645 MiB
2026/08/03 12:57:41.500, 1, P0, 33, 253.59 W, 1965 MHz, 3996 MHz, 0 %, 157709 MiB
2026/08/03 12:57:41.512, 2, P0, 36, 248.77 W, 1965 MHz, 3996 MHz, 0 %, 157709 MiB
2026/08/03 12:57:41.512, 3, P0, 33, 255.05 W, 1965 MHz, 3996 MHz, 0 %, 157709 MiB
2026/08/03 12:57:41.512, 4, P0, 33, 250.55 W, 1965 MHz, 3996 MHz, 0 %, 157709 MiB
2026/08/03 12:57:41.512, 5, P0, 36, 257.71 W, 1965 MHz, 3996 MHz, 0 %, 157709 MiB
2026/08/03 12:57:41.523, 6, P0, 33, 254.09 W, 1965 MHz, 3996 MHz, 0 %, 157709 MiB
2026/08/03 12:57:41.523, 7, P0, 37, 254.25 W, 1965 MHz, 3996 MHz, 0 %, 157389 MiB
2026/08/03 12:57:42.523, 0, P0, 36, 243.23 W, 1965 MHz, 3996 MHz, 0 %, 157645 MiB
2026/08/03 12:57:42.526, 1, P0, 33, 240.32 W, 1965 MHz, 3996 MHz, 0 %, 157709 MiB
2026/08/03 12:57:42.537, 2, P0, 36, 236.79 W, 1965 MHz, 3996 MHz, 0 %, 157709 MiB
2026/08/03 12:57:42.537, 3, P0, 33, 239.20 W, 1965 MHz, 3996 MHz, 0 %, 157709 MiB
2026/08/03 12:57:42.537, 4, P0, 33, 236.23 W, 1965 MHz, 3996 MHz, 0 %, 157709 MiB
2026/08/03 12:57:42.538, 5, P0, 36, 244.90 W, 1965 MHz, 3996 MHz, 0 %, 157709 MiB
2026/08/03 12:57:42.538, 6, P0, 33, 242.94 W, 1965 MHz, 3996 MHz, 0 %, 157709 MiB
2026/08/03 12:57:42.549, 7, P0, 37, 243.98 W, 1965 MHz, 3996 MHz, 0 %, 157389 MiB
2026/08/03 12:57:43.549, 0, P0, 36, 243.48 W, 1965 MHz, 3996 MHz, 0 %, 161057 MiB
2026/08/03 12:57:43.549, 1, P0, 33, 240.39 W, 1965 MHz, 3996 MHz, 0 %, 161185 MiB
2026/08/03 12:57:43.549, 2, P0, 36, 236.76 W, 1965 MHz, 3996 MHz, 0 %, 161185 MiB
2026/08/03 12:57:43.549, 3, P0, 33, 239.42 W, 1965 MHz, 3996 MHz, 0 %, 161185 MiB
2026/08/03 12:57:43.549, 4, P0, 33, 236.51 W, 1965 MHz, 3996 MHz, 0 %, 161185 MiB
2026/08/03 12:57:43.549, 5, P0, 36, 245.19 W, 1965 MHz, 3996 MHz, 0 %, 161185 MiB
2026/08/03 12:57:43.549, 6, P0, 33, 243.30 W, 1965 MHz, 3996 MHz, 0 %, 161185 MiB
2026/08/03 12:57:43.549, 7, P0, 37, 243.99 W, 1965 MHz, 3996 MHz, 0 %, 160545 MiB
2026/08/03 12:57:44.549, 0, P0, 36, 243.29 W, 1965 MHz, 3996 MHz, 0 %, 161089 MiB
2026/08/03 12:57:44.549, 1, P0, 33, 240.46 W, 1965 MHz, 3996 MHz, 0 %, 161217 MiB
2026/08/03 12:57:44.549, 2, P0, 36, 236.87 W, 1965 MHz, 3996 MHz, 0 %, 161217 MiB
2026/08/03 12:57:44.549, 3, P0, 33, 239.38 W, 1965 MHz, 3996 MHz, 0 %, 161217 MiB
2026/08/03 12:57:44.549, 4, P0, 33, 236.28 W, 1965 MHz, 3996 MHz, 0 %, 161217 MiB
2026/08/03 12:57:44.549, 5, P0, 36, 245.02 W, 1965 MHz, 3996 MHz, 0 %, 161217 MiB
2026/08/03 12:57:44.549, 6, P0, 33, 242.94 W, 1965 MHz, 3996 MHz, 0 %, 161217 MiB
2026/08/03 12:57:44.549, 7, P0, 37, 244.16 W, 1965 MHz, 3996 MHz, 0 %, 160577 MiB
2026/08/03 12:57:45.550, 0, P0, 36, 243.99 W, 1965 MHz, 3996 MHz, 0 %, 161125 MiB
2026/08/03 12:57:45.550, 1, P0, 33, 240.30 W, 1965 MHz, 3996 MHz, 0 %, 161253 MiB
2026/08/03 12:57:45.550, 2, P0, 36, 237.53 W, 1965 MHz, 3996 MHz, 0 %, 161253 MiB
2026/08/03 12:57:45.550, 3, P0, 33, 240.02 W, 1965 MHz, 3996 MHz, 0 %, 161253 MiB
2026/08/03 12:57:45.550, 4, P0, 33, 236.12 W, 1965 MHz, 3996 MHz, 0 %, 161253 MiB
2026/08/03 12:57:45.550, 5, P0, 36, 245.52 W, 1965 MHz, 3996 MHz, 0 %, 161253 MiB
2026/08/03 12:57:45.550, 6, P0, 33, 243.47 W, 1965 MHz, 3996 MHz, 0 %, 161253 MiB
2026/08/03 12:57:45.550, 7, P0, 37, 244.67 W, 1965 MHz, 3996 MHz, 0 %, 160613 MiB
2026/08/03 12:57:46.550, 0, P0, 36, 252.18 W, 1965 MHz, 3996 MHz, 0 %, 161535 MiB
2026/08/03 12:57:46.552, 1, P0, 33, 247.36 W, 1965 MHz, 3996 MHz, 0 %, 161663 MiB
2026/08/03 12:57:46.553, 2, P0, 36, 244.89 W, 1965 MHz, 3996 MHz, 0 %, 161663 MiB
2026/08/03 12:57:46.553, 3, P0, 33, 247.60 W, 1965 MHz, 3996 MHz, 0 %, 161663 MiB
2026/08/03 12:57:46.555, 4, P0, 33, 241.74 W, 1965 MHz, 3996 MHz, 0 %, 161663 MiB
2026/08/03 12:57:46.556, 5, P0, 36, 252.65 W, 1965 MHz, 3996 MHz, 0 %, 161663 MiB
2026/08/03 12:57:46.556, 6, P0, 33, 250.72 W, 1965 MHz, 3996 MHz, 0 %, 161663 MiB
2026/08/03 12:57:46.557, 7, P0, 37, 251.31 W, 1965 MHz, 3996 MHz, 0 %, 161023 MiB
2026/08/03 12:57:47.558, 0, P0, 36, 243.31 W, 1965 MHz, 3996 MHz, 0 %, 161535 MiB
2026/08/03 12:57:47.578, 1, P0, 33, 240.54 W, 1965 MHz, 3996 MHz, 0 %, 161663 MiB
2026/08/03 12:57:47.601, 2, P0, 36, 236.80 W, 1965 MHz, 3996 MHz, 0 %, 161663 MiB
2026/08/03 12:57:47.602, 3, P0, 33, 239.31 W, 1965 MHz, 3996 MHz, 0 %, 161663 MiB
2026/08/03 12:57:47.636, 4, P0, 33, 236.37 W, 1965 MHz, 3996 MHz, 0 %, 161663 MiB
2026/08/03 12:57:47.661, 5, P0, 36, 245.20 W, 1965 MHz, 3996 MHz, 0 %, 161663 MiB
2026/08/03 12:57:47.684, 6, P0, 33, 243.10 W, 1965 MHz, 3996 MHz, 0 %, 161663 MiB
2026/08/03 12:57:47.685, 7, P0, 37, 243.92 W, 1965 MHz, 3996 MHz, 0 %, 161023 MiB
2026/08/03 12:57:48.729, 0, P0, 36, 243.32 W, 1965 MHz, 3996 MHz, 0 %, 161863 MiB
2026/08/03 12:57:48.751, 1, P0, 33, 240.47 W, 1965 MHz, 3996 MHz, 0 %, 161987 MiB
2026/08/03 12:57:48.752, 2, P0, 36, 236.83 W, 1965 MHz, 3996 MHz, 0 %, 161999 MiB
2026/08/03 12:57:48.764, 3, P0, 33, 239.38 W, 1965 MHz, 3996 MHz, 0 %, 161983 MiB
2026/08/03 12:57:48.765, 4, P0, 33, 236.28 W, 1965 MHz, 3996 MHz, 0 %, 162001 MiB
2026/08/03 12:57:48.765, 5, P0, 36, 245.15 W, 1965 MHz, 3996 MHz, 0 %, 162001 MiB
2026/08/03 12:57:48.820, 6, P0, 33, 243.03 W, 1965 MHz, 3996 MHz, 0 %, 161989 MiB
2026/08/03 12:57:48.821, 7, P0, 37, 244.02 W, 1965 MHz, 3996 MHz, 0 %, 161361 MiB
2026/08/03 12:57:49.833, 0, P0, 36, 243.23 W, 1965 MHz, 3996 MHz, 0 %, 162239 MiB
2026/08/03 12:57:49.840, 1, P0, 33, 240.50 W, 1965 MHz, 3996 MHz, 0 %, 162431 MiB
2026/08/03 12:57:49.840, 2, P0, 36, 236.77 W, 1965 MHz, 3996 MHz, 0 %, 162431 MiB
2026/08/03 12:57:49.840, 3, P0, 33, 239.25 W, 1965 MHz, 3996 MHz, 0 %, 162429 MiB
2026/08/03 12:57:49.840, 4, P0, 33, 236.24 W, 1965 MHz, 3996 MHz, 0 %, 162429 MiB
2026/08/03 12:57:49.841, 5, P0, 36, 245.00 W, 1965 MHz, 3996 MHz, 0 %, 162431 MiB
2026/08/03 12:57:49.841, 6, P0, 33, 242.83 W, 1965 MHz, 3996 MHz, 0 %, 162431 MiB
2026/08/03 12:57:49.842, 7, P0, 37, 243.93 W, 1965 MHz, 3996 MHz, 0 %, 161471 MiB
2026/08/03 12:57:50.842, 0, P0, 36, 256.67 W, 1965 MHz, 3996 MHz, 89 %, 162537 MiB
2026/08/03 12:57:50.843, 1, P0, 33, 251.30 W, 1965 MHz, 3996 MHz, 77 %, 162729 MiB
2026/08/03 12:57:50.843, 2, P0, 36, 248.14 W, 1965 MHz, 3996 MHz, 99 %, 162729 MiB
2026/08/03 12:57:50.843, 3, P0, 33, 242.23 W, 1965 MHz, 3996 MHz, 68 %, 162729 MiB
2026/08/03 12:57:50.843, 4, P0, 34, 246.78 W, 1965 MHz, 3996 MHz, 93 %, 162729 MiB
2026/08/03 12:57:50.843, 5, P0, 36, 255.51 W, 1965 MHz, 3996 MHz, 79 %, 162729 MiB
2026/08/03 12:57:50.843, 6, P0, 33, 251.93 W, 1965 MHz, 3996 MHz, 8 %, 162729 MiB
2026/08/03 12:57:50.843, 7, P0, 37, 254.21 W, 1965 MHz, 3996 MHz, 94 %, 161769 MiB
2026/08/03 12:57:51.843, 0, P0, 36, 248.58 W, 1965 MHz, 3996 MHz, 100 %, 162537 MiB
2026/08/03 12:57:51.843, 1, P0, 33, 245.56 W, 1965 MHz, 3996 MHz, 100 %, 162729 MiB
2026/08/03 12:57:51.843, 2, P0, 36, 242.20 W, 1965 MHz, 3996 MHz, 100 %, 162729 MiB
2026/08/03 12:57:51.843, 3, P0, 33, 244.15 W, 1965 MHz, 3996 MHz, 0 %, 162729 MiB
2026/08/03 12:57:51.843, 4, P0, 33, 240.66 W, 1965 MHz, 3996 MHz, 0 %, 162729 MiB
2026/08/03 12:57:51.843, 5, P0, 36, 247.92 W, 1965 MHz, 3996 MHz, 0 %, 162729 MiB
2026/08/03 12:57:51.843, 6, P0, 33, 246.03 W, 1965 MHz, 3996 MHz, 59 %, 162729 MiB
2026/08/03 12:57:51.843, 7, P0, 37, 248.21 W, 1965 MHz, 3996 MHz, 26 %, 161769 MiB
2026/08/03 12:57:52.843, 0, P0, 36, 247.48 W, 1965 MHz, 3996 MHz, 0 %, 162537 MiB
2026/08/03 12:57:52.843, 1, P0, 33, 244.75 W, 1965 MHz, 3996 MHz, 97 %, 162729 MiB
2026/08/03 12:57:52.843, 2, P0, 36, 241.43 W, 1965 MHz, 3996 MHz, 0 %, 162729 MiB
2026/08/03 12:57:52.843, 3, P0, 33, 243.92 W, 1965 MHz, 3996 MHz, 97 %, 162729 MiB
2026/08/03 12:57:52.843, 4, P0, 34, 240.59 W, 1965 MHz, 3996 MHz, 100 %, 162729 MiB
2026/08/03 12:57:52.843, 5, P0, 36, 249.54 W, 1965 MHz, 3996 MHz, 100 %, 162729 MiB
2026/08/03 12:57:52.843, 6, P0, 33, 246.33 W, 1965 MHz, 3996 MHz, 12 %, 162729 MiB
2026/08/03 12:57:52.843, 7, P0, 37, 248.27 W, 1965 MHz, 3996 MHz, 56 %, 161769 MiB
2026/08/03 12:57:53.844, 0, P0, 36, 256.26 W, 1965 MHz, 3996 MHz, 74 %, 162537 MiB
2026/08/03 12:57:53.844, 1, P0, 33, 250.02 W, 1965 MHz, 3996 MHz, 55 %, 162729 MiB
2026/08/03 12:57:53.844, 2, P0, 36, 249.45 W, 1965 MHz, 3996 MHz, 90 %, 162729 MiB
2026/08/03 12:57:53.844, 3, P0, 33, 251.57 W, 1965 MHz, 3996 MHz, 80 %, 162729 MiB
2026/08/03 12:57:53.844, 4, P0, 34, 246.87 W, 1965 MHz, 3996 MHz, 86 %, 162729 MiB
2026/08/03 12:57:53.844, 5, P0, 36, 250.67 W, 1965 MHz, 3996 MHz, 65 %, 162729 MiB
2026/08/03 12:57:53.844, 6, P0, 33, 252.90 W, 1965 MHz, 3996 MHz, 57 %, 162729 MiB
2026/08/03 12:57:53.844, 7, P0, 37, 255.13 W, 1965 MHz, 3996 MHz, 78 %, 161769 MiB
2026/08/03 12:57:54.844, 0, P0, 36, 248.92 W, 1965 MHz, 3996 MHz, 84 %, 162537 MiB
2026/08/03 12:57:54.844, 1, P0, 33, 245.34 W, 1965 MHz, 3996 MHz, 80 %, 162729 MiB
2026/08/03 12:57:54.844, 2, P0, 36, 242.73 W, 1965 MHz, 3996 MHz, 94 %, 162729 MiB
2026/08/03 12:57:54.844, 3, P0, 33, 244.80 W, 1965 MHz, 3996 MHz, 89 %, 162729 MiB
2026/08/03 12:57:54.844, 4, P0, 34, 242.14 W, 1965 MHz, 3996 MHz, 98 %, 162729 MiB
2026/08/03 12:57:54.844, 5, P0, 36, 250.06 W, 1965 MHz, 3996 MHz, 81 %, 162729 MiB
2026/08/03 12:57:54.844, 6, P0, 33, 246.30 W, 1965 MHz, 3996 MHz, 5 %, 162729 MiB
2026/08/03 12:57:54.844, 7, P0, 37, 248.76 W, 1965 MHz, 3996 MHz, 72 %, 161769 MiB
2026/08/03 12:57:55.844, 0, P0, 37, 256.56 W, 1965 MHz, 3996 MHz, 63 %, 162537 MiB
2026/08/03 12:57:55.844, 1, P0, 33, 253.09 W, 1965 MHz, 3996 MHz, 73 %, 162729 MiB
2026/08/03 12:57:55.844, 2, P0, 36, 249.13 W, 1965 MHz, 3996 MHz, 86 %, 162729 MiB
2026/08/03 12:57:55.844, 3, P0, 33, 248.32 W, 1965 MHz, 3996 MHz, 83 %, 162729 MiB
2026/08/03 12:57:55.844, 4, P0, 34, 249.51 W, 1965 MHz, 3996 MHz, 22 %, 162729 MiB
2026/08/03 12:57:55.844, 5, P0, 37, 256.50 W, 1965 MHz, 3996 MHz, 73 %, 162729 MiB
2026/08/03 12:57:55.844, 6, P0, 33, 245.95 W, 1965 MHz, 3996 MHz, 23 %, 162729 MiB
2026/08/03 12:57:55.844, 7, P0, 37, 252.26 W, 1965 MHz, 3996 MHz, 66 %, 161769 MiB
2026/08/03 12:57:56.844, 0, P0, 36, 248.93 W, 1965 MHz, 3996 MHz, 99 %, 162537 MiB
2026/08/03 12:57:56.845, 1, P0, 33, 246.24 W, 1965 MHz, 3996 MHz, 91 %, 162729 MiB
2026/08/03 12:57:56.845, 2, P0, 36, 245.01 W, 1965 MHz, 3996 MHz, 93 %, 162729 MiB
2026/08/03 12:57:56.845, 3, P0, 33, 248.63 W, 1965 MHz, 3996 MHz, 97 %, 162729 MiB
2026/08/03 12:57:56.845, 4, P0, 34, 242.43 W, 1965 MHz, 3996 MHz, 92 %, 162729 MiB
2026/08/03 12:57:56.845, 5, P0, 36, 252.42 W, 1965 MHz, 3996 MHz, 72 %, 162729 MiB
2026/08/03 12:57:56.845, 6, P0, 33, 250.68 W, 1965 MHz, 3996 MHz, 89 %, 162729 MiB
2026/08/03 12:57:56.845, 7, P0, 37, 252.10 W, 1965 MHz, 3996 MHz, 98 %, 161769 MiB
2026/08/03 12:57:57.845, 0, P0, 36, 249.00 W, 1965 MHz, 3996 MHz, 89 %, 162537 MiB
2026/08/03 12:57:57.845, 1, P0, 33, 245.49 W, 1965 MHz, 3996 MHz, 82 %, 162729 MiB
2026/08/03 12:57:57.845, 2, P0, 36, 242.86 W, 1965 MHz, 3996 MHz, 92 %, 162729 MiB
2026/08/03 12:57:57.845, 3, P0, 33, 245.03 W, 1965 MHz, 3996 MHz, 93 %, 162729 MiB
2026/08/03 12:57:57.845, 4, P0, 34, 241.60 W, 1965 MHz, 3996 MHz, 58 %, 162729 MiB
2026/08/03 12:57:57.845, 5, P0, 36, 250.25 W, 1965 MHz, 3996 MHz, 52 %, 162729 MiB
2026/08/03 12:57:57.845, 6, P0, 33, 246.37 W, 1965 MHz, 3996 MHz, 15 %, 162729 MiB
2026/08/03 12:57:57.845, 7, P0, 37, 249.38 W, 1965 MHz, 3996 MHz, 88 %, 161769 MiB
2026/08/03 12:57:58.845, 0, P0, 36, 257.30 W, 1965 MHz, 3996 MHz, 18 %, 162537 MiB
2026/08/03 12:57:58.845, 1, P0, 33, 253.69 W, 1965 MHz, 3996 MHz, 55 %, 162729 MiB
2026/08/03 12:57:58.845, 2, P0, 36, 252.24 W, 1965 MHz, 3996 MHz, 96 %, 162729 MiB
2026/08/03 12:57:58.845, 3, P0, 33, 254.13 W, 1965 MHz, 3996 MHz, 87 %, 162729 MiB
2026/08/03 12:57:58.845, 4, P0, 34, 250.68 W, 1965 MHz, 3996 MHz, 83 %, 162729 MiB
2026/08/03 12:57:58.845, 5, P0, 36, 259.63 W, 1965 MHz, 3996 MHz, 91 %, 162729 MiB
2026/08/03 12:57:58.845, 6, P0, 33, 246.36 W, 1965 MHz, 3996 MHz, 51 %, 162729 MiB
2026/08/03 12:57:58.845, 7, P0, 37, 258.29 W, 1965 MHz, 3996 MHz, 56 %, 161769 MiB
2026/08/03 12:57:59.845, 0, P0, 36, 248.72 W, 1965 MHz, 3996 MHz, 37 %, 162537 MiB
2026/08/03 12:57:59.845, 1, P0, 33, 245.77 W, 1965 MHz, 3996 MHz, 68 %, 162729 MiB
2026/08/03 12:57:59.845, 2, P0, 36, 242.96 W, 1965 MHz, 3996 MHz, 93 %, 162729 MiB
2026/08/03 12:57:59.845, 3, P0, 33, 245.22 W, 1965 MHz, 3996 MHz, 89 %, 162729 MiB
2026/08/03 12:57:59.845, 4, P0, 34, 241.91 W, 1965 MHz, 3996 MHz, 88 %, 162729 MiB
2026/08/03 12:57:59.845, 5, P0, 36, 249.58 W, 1965 MHz, 3996 MHz, 29 %, 162729 MiB
2026/08/03 12:57:59.846, 6, P0, 33, 246.42 W, 1965 MHz, 3996 MHz, 18 %, 162729 MiB
2026/08/03 12:57:59.846, 7, P0, 37, 249.59 W, 1965 MHz, 3996 MHz, 86 %, 161769 MiB
2026/08/03 12:58:00.846, 0, P0, 36, 248.85 W, 1965 MHz, 3996 MHz, 69 %, 162537 MiB
2026/08/03 12:58:00.846, 1, P0, 33, 244.78 W, 1965 MHz, 3996 MHz, 46 %, 162729 MiB
2026/08/03 12:58:00.846, 2, P0, 36, 242.64 W, 1965 MHz, 3996 MHz, 93 %, 162729 MiB
2026/08/03 12:58:00.846, 3, P0, 33, 245.02 W, 1965 MHz, 3996 MHz, 82 %, 162729 MiB
2026/08/03 12:58:00.846, 4, P0, 34, 241.96 W, 1965 MHz, 3996 MHz, 63 %, 162729 MiB
2026/08/03 12:58:00.846, 5, P0, 36, 249.87 W, 1965 MHz, 3996 MHz, 61 %, 162729 MiB
2026/08/03 12:58:00.846, 6, P0, 33, 245.88 W, 1965 MHz, 3996 MHz, 53 %, 162729 MiB
2026/08/03 12:58:00.846, 7, P0, 37, 248.73 W, 1965 MHz, 3996 MHz, 87 %, 161769 MiB
2026/08/03 12:58:01.846, 0, P0, 36, 248.66 W, 1965 MHz, 3996 MHz, 67 %, 162537 MiB
2026/08/03 12:58:01.846, 1, P0, 33, 245.92 W, 1965 MHz, 3996 MHz, 31 %, 162729 MiB
2026/08/03 12:58:01.846, 2, P0, 36, 242.89 W, 1965 MHz, 3996 MHz, 98 %, 162729 MiB
2026/08/03 12:58:01.846, 3, P0, 33, 245.11 W, 1965 MHz, 3996 MHz, 88 %, 162729 MiB
2026/08/03 12:58:01.846, 4, P0, 34, 241.59 W, 1965 MHz, 3996 MHz, 57 %, 162729 MiB
2026/08/03 12:58:01.846, 5, P0, 36, 249.30 W, 1965 MHz, 3996 MHz, 24 %, 162729 MiB
2026/08/03 12:58:01.846, 6, P0, 33, 245.72 W, 1965 MHz, 3996 MHz, 7 %, 162729 MiB
2026/08/03 12:58:01.846, 7, P0, 37, 249.20 W, 1965 MHz, 3996 MHz, 94 %, 161769 MiB
2026/08/03 12:58:02.846, 0, P0, 36, 248.53 W, 1965 MHz, 3996 MHz, 81 %, 162537 MiB
2026/08/03 12:58:02.846, 1, P0, 33, 245.38 W, 1965 MHz, 3996 MHz, 26 %, 162729 MiB
2026/08/03 12:58:02.846, 2, P0, 36, 242.30 W, 1965 MHz, 3996 MHz, 89 %, 162729 MiB
2026/08/03 12:58:02.846, 3, P0, 33, 244.32 W, 1965 MHz, 3996 MHz, 78 %, 162729 MiB
2026/08/03 12:58:02.846, 4, P0, 34, 241.80 W, 1965 MHz, 3996 MHz, 87 %, 162729 MiB
2026/08/03 12:58:02.846, 5, P0, 36, 250.03 W, 1965 MHz, 3996 MHz, 72 %, 162729 MiB
2026/08/03 12:58:02.846, 6, P0, 33, 246.31 W, 1965 MHz, 3996 MHz, 5 %, 162729 MiB
2026/08/03 12:58:02.846, 7, P0, 37, 248.90 W, 1965 MHz, 3996 MHz, 75 %, 161769 MiB
2026/08/03 12:58:03.846, 0, P0, 36, 248.33 W, 1965 MHz, 3996 MHz, 47 %, 162537 MiB
2026/08/03 12:58:03.846, 1, P0, 33, 245.49 W, 1965 MHz, 3996 MHz, 39 %, 162729 MiB
2026/08/03 12:58:03.847, 2, P0, 36, 242.80 W, 1965 MHz, 3996 MHz, 93 %, 162729 MiB
2026/08/03 12:58:03.847, 3, P0, 33, 244.69 W, 1965 MHz, 3996 MHz, 72 %, 162729 MiB
2026/08/03 12:58:03.847, 4, P0, 34, 241.81 W, 1965 MHz, 3996 MHz, 70 %, 162729 MiB
2026/08/03 12:58:03.847, 5, P0, 36, 250.40 W, 1965 MHz, 3996 MHz, 78 %, 162729 MiB
2026/08/03 12:58:03.847, 6, P0, 33, 245.87 W, 1965 MHz, 3996 MHz, 7 %, 162729 MiB
2026/08/03 12:58:03.847, 7, P0, 37, 247.95 W, 1965 MHz, 3996 MHz, 65 %, 161769 MiB
2026/08/03 12:58:04.847, 0, P0, 36, 248.59 W, 1965 MHz, 3996 MHz, 72 %, 162537 MiB
2026/08/03 12:58:04.847, 1, P0, 33, 244.93 W, 1965 MHz, 3996 MHz, 40 %, 162729 MiB
2026/08/03 12:58:04.847, 2, P0, 36, 242.85 W, 1965 MHz, 3996 MHz, 89 %, 162729 MiB
2026/08/03 12:58:04.847, 3, P0, 33, 244.86 W, 1965 MHz, 3996 MHz, 85 %, 162729 MiB
2026/08/03 12:58:04.847, 4, P0, 34, 241.85 W, 1965 MHz, 3996 MHz, 69 %, 162729 MiB
2026/08/03 12:58:04.847, 5, P0, 36, 250.11 W, 1965 MHz, 3996 MHz, 63 %, 162729 MiB
2026/08/03 12:58:04.847, 6, P0, 33, 246.01 W, 1965 MHz, 3996 MHz, 36 %, 162729 MiB
2026/08/03 12:58:04.847, 7, P0, 37, 248.16 W, 1965 MHz, 3996 MHz, 34 %, 161769 MiB
2026/08/03 12:58:05.847, 0, P0, 36, 248.67 W, 1965 MHz, 3996 MHz, 84 %, 162537 MiB
2026/08/03 12:58:05.847, 1, P0, 33, 245.16 W, 1965 MHz, 3996 MHz, 75 %, 162729 MiB
2026/08/03 12:58:05.847, 2, P0, 36, 242.75 W, 1965 MHz, 3996 MHz, 92 %, 162729 MiB
2026/08/03 12:58:05.847, 3, P0, 33, 244.69 W, 1965 MHz, 3996 MHz, 71 %, 162729 MiB
2026/08/03 12:58:05.847, 4, P0, 34, 241.50 W, 1965 MHz, 3996 MHz, 82 %, 162729 MiB
2026/08/03 12:58:05.847, 5, P0, 36, 250.43 W, 1965 MHz, 3996 MHz, 71 %, 162729 MiB
2026/08/03 12:58:05.847, 6, P0, 33, 245.72 W, 1965 MHz, 3996 MHz, 17 %, 162729 MiB
2026/08/03 12:58:05.847, 7, P0, 37, 248.60 W, 1965 MHz, 3996 MHz, 82 %, 161769 MiB
2026/08/03 12:58:06.847, 0, P0, 36, 255.35 W, 1965 MHz, 3996 MHz, 72 %, 162537 MiB
2026/08/03 12:58:06.847, 1, P0, 34, 252.28 W, 1965 MHz, 3996 MHz, 73 %, 162729 MiB
2026/08/03 12:58:06.847, 2, P0, 36, 251.39 W, 1965 MHz, 3996 MHz, 97 %, 162729 MiB
2026/08/03 12:58:06.847, 3, P0, 33, 252.48 W, 1965 MHz, 3996 MHz, 81 %, 162729 MiB
2026/08/03 12:58:06.847, 4, P0, 34, 249.77 W, 1965 MHz, 3996 MHz, 86 %, 162729 MiB
2026/08/03 12:58:06.847, 5, P0, 36, 256.51 W, 1965 MHz, 3996 MHz, 66 %, 162729 MiB
2026/08/03 12:58:06.847, 6, P0, 33, 247.28 W, 1965 MHz, 3996 MHz, 20 %, 162729 MiB
2026/08/03 12:58:06.847, 7, P0, 37, 250.69 W, 1965 MHz, 3996 MHz, 51 %, 161769 MiB
2026/08/03 12:58:07.847, 0, P0, 36, 247.93 W, 1965 MHz, 3996 MHz, 100 %, 162537 MiB
2026/08/03 12:58:07.848, 1, P0, 33, 242.77 W, 1965 MHz, 3996 MHz, 0 %, 162729 MiB
2026/08/03 12:58:07.848, 2, P0, 36, 241.73 W, 1965 MHz, 3996 MHz, 99 %, 162729 MiB
2026/08/03 12:58:07.848, 3, P0, 33, 242.18 W, 1965 MHz, 3996 MHz, 0 %, 162729 MiB
2026/08/03 12:58:07.848, 4, P0, 34, 239.34 W, 1965 MHz, 3996 MHz, 45 %, 162729 MiB
2026/08/03 12:58:07.848, 5, P0, 36, 247.55 W, 1965 MHz, 3996 MHz, 67 %, 162729 MiB
2026/08/03 12:58:07.848, 6, P0, 33, 246.78 W, 1965 MHz, 3996 MHz, 100 %, 162729 MiB
2026/08/03 12:58:07.848, 7, P0, 37, 246.58 W, 1965 MHz, 3996 MHz, 0 %, 161769 MiB
2026/08/03 12:58:08.848, 0, P0, 36, 248.16 W, 1965 MHz, 3996 MHz, 32 %, 162537 MiB
2026/08/03 12:58:08.848, 1, P0, 33, 244.98 W, 1965 MHz, 3996 MHz, 90 %, 162729 MiB
2026/08/03 12:58:08.848, 2, P0, 36, 242.62 W, 1965 MHz, 3996 MHz, 100 %, 162729 MiB
2026/08/03 12:58:08.848, 3, P0, 33, 244.02 W, 1965 MHz, 3996 MHz, 33 %, 162729 MiB
2026/08/03 12:58:08.848, 4, P0, 34, 241.94 W, 1965 MHz, 3996 MHz, 100 %, 162729 MiB
2026/08/03 12:58:08.848, 5, P0, 36, 250.18 W, 1965 MHz, 3996 MHz, 100 %, 162729 MiB
2026/08/03 12:58:08.848, 6, P0, 33, 247.10 W, 1965 MHz, 3996 MHz, 63 %, 162729 MiB
2026/08/03 12:58:08.848, 7, P0, 37, 248.99 W, 1965 MHz, 3996 MHz, 94 %, 161769 MiB
2026/08/03 12:58:09.848, 0, P0, 37, 255.33 W, 1965 MHz, 3996 MHz, 81 %, 162537 MiB
2026/08/03 12:58:09.848, 1, P0, 34, 251.59 W, 1965 MHz, 3996 MHz, 43 %, 162729 MiB
2026/08/03 12:58:09.848, 2, P0, 37, 250.52 W, 1965 MHz, 3996 MHz, 96 %, 162729 MiB
2026/08/03 12:58:09.848, 3, P0, 33, 250.07 W, 1965 MHz, 3996 MHz, 26 %, 162729 MiB
2026/08/03 12:58:09.848, 4, P0, 34, 249.65 W, 1965 MHz, 3996 MHz, 81 %, 162729 MiB
2026/08/03 12:58:09.848, 5, P0, 37, 257.58 W, 1965 MHz, 3996 MHz, 78 %, 162729 MiB
2026/08/03 12:58:09.848, 6, P0, 33, 249.61 W, 1965 MHz, 3996 MHz, 55 %, 162729 MiB
2026/08/03 12:58:09.848, 7, P0, 37, 248.67 W, 1965 MHz, 3996 MHz, 81 %, 161769 MiB
2026/08/03 12:58:10.848, 0, P0, 36, 248.41 W, 1965 MHz, 3996 MHz, 85 %, 162537 MiB
2026/08/03 12:58:10.849, 1, P0, 33, 246.16 W, 1965 MHz, 3996 MHz, 60 %, 162729 MiB
2026/08/03 12:58:10.849, 2, P0, 36, 243.84 W, 1965 MHz, 3996 MHz, 98 %, 162729 MiB
2026/08/03 12:58:10.849, 3, P0, 33, 247.05 W, 1965 MHz, 3996 MHz, 77 %, 162729 MiB
2026/08/03 12:58:10.849, 4, P0, 34, 241.59 W, 1965 MHz, 3996 MHz, 82 %, 162729 MiB
2026/08/03 12:58:10.849, 5, P0, 36, 249.63 W, 1965 MHz, 3996 MHz, 59 %, 162729 MiB
2026/08/03 12:58:10.849, 6, P0, 33, 249.57 W, 1965 MHz, 3996 MHz, 5 %, 162729 MiB
2026/08/03 12:58:10.849, 7, P0, 37, 248.70 W, 1965 MHz, 3996 MHz, 58 %, 161769 MiB
2026/08/03 12:58:11.849, 0, P0, 36, 248.59 W, 1965 MHz, 3996 MHz, 81 %, 162537 MiB
2026/08/03 12:58:11.849, 1, P0, 33, 246.27 W, 1965 MHz, 3996 MHz, 80 %, 162729 MiB
2026/08/03 12:58:11.849, 2, P0, 36, 242.76 W, 1965 MHz, 3996 MHz, 92 %, 162729 MiB
2026/08/03 12:58:11.849, 3, P0, 33, 244.40 W, 1965 MHz, 3996 MHz, 80 %, 162729 MiB
2026/08/03 12:58:11.849, 4, P0, 34, 242.09 W, 1965 MHz, 3996 MHz, 89 %, 162729 MiB
2026/08/03 12:58:11.849, 5, P0, 36, 249.78 W, 1965 MHz, 3996 MHz, 93 %, 162729 MiB
2026/08/03 12:58:11.849, 6, P0, 33, 246.28 W, 1965 MHz, 3996 MHz, 7 %, 162729 MiB
2026/08/03 12:58:11.849, 7, P0, 37, 248.76 W, 1965 MHz, 3996 MHz, 68 %, 161769 MiB
2026/08/03 12:58:12.849, 0, P0, 36, 248.62 W, 1965 MHz, 3996 MHz, 84 %, 162537 MiB
2026/08/03 12:58:12.849, 1, P0, 33, 245.17 W, 1965 MHz, 3996 MHz, 6 %, 162729 MiB
2026/08/03 12:58:12.849, 2, P0, 36, 242.68 W, 1965 MHz, 3996 MHz, 79 %, 162729 MiB
2026/08/03 12:58:12.849, 3, P0, 33, 244.94 W, 1965 MHz, 3996 MHz, 80 %, 162729 MiB
2026/08/03 12:58:12.849, 4, P0, 34, 241.71 W, 1965 MHz, 3996 MHz, 62 %, 162729 MiB
2026/08/03 12:58:12.849, 5, P0, 36, 250.38 W, 1965 MHz, 3996 MHz, 48 %, 162729 MiB
2026/08/03 12:58:12.849, 6, P0, 33, 245.73 W, 1965 MHz, 3996 MHz, 14 %, 162729 MiB
2026/08/03 12:58:12.849, 7, P0, 37, 248.90 W, 1965 MHz, 3996 MHz, 56 %, 161769 MiB
2026/08/03 12:58:13.849, 0, P0, 36, 248.70 W, 1965 MHz, 3996 MHz, 39 %, 162537 MiB
2026/08/03 12:58:13.849, 1, P0, 33, 245.95 W, 1965 MHz, 3996 MHz, 33 %, 162729 MiB
2026/08/03 12:58:13.849, 2, P0, 36, 242.61 W, 1965 MHz, 3996 MHz, 92 %, 162729 MiB
2026/08/03 12:58:13.849, 3, P0, 33, 245.07 W, 1965 MHz, 3996 MHz, 81 %, 162729 MiB
2026/08/03 12:58:13.849, 4, P0, 34, 241.95 W, 1965 MHz, 3996 MHz, 78 %, 162729 MiB
2026/08/03 12:58:13.850, 5, P0, 36, 250.15 W, 1965 MHz, 3996 MHz, 73 %, 162729 MiB
2026/08/03 12:58:13.850, 6, P0, 33, 245.89 W, 1965 MHz, 3996 MHz, 5 %, 162729 MiB
2026/08/03 12:58:13.850, 7, P0, 37, 248.57 W, 1965 MHz, 3996 MHz, 63 %, 161769 MiB
2026/08/03 12:58:14.850, 0, P0, 36, 248.74 W, 1965 MHz, 3996 MHz, 97 %, 162537 MiB
2026/08/03 12:58:14.850, 1, P0, 33, 245.85 W, 1965 MHz, 3996 MHz, 91 %, 162729 MiB
2026/08/03 12:58:14.850, 2, P0, 36, 242.38 W, 1965 MHz, 3996 MHz, 94 %, 162729 MiB
2026/08/03 12:58:14.850, 3, P0, 33, 244.97 W, 1965 MHz, 3996 MHz, 96 %, 162729 MiB
2026/08/03 12:58:14.850, 4, P0, 34, 241.77 W, 1965 MHz, 3996 MHz, 91 %, 162729 MiB
2026/08/03 12:58:14.850, 5, P0, 36, 250.03 W, 1965 MHz, 3996 MHz, 52 %, 162729 MiB
2026/08/03 12:58:14.850, 6, P0, 33, 245.99 W, 1965 MHz, 3996 MHz, 6 %, 162729 MiB
2026/08/03 12:58:14.850, 7, P0, 37, 248.46 W, 1965 MHz, 3996 MHz, 63 %, 161769 MiB
2026/08/03 12:58:15.850, 0, P0, 36, 248.74 W, 1965 MHz, 3996 MHz, 62 %, 162537 MiB
2026/08/03 12:58:15.850, 1, P0, 33, 245.82 W, 1965 MHz, 3996 MHz, 73 %, 162729 MiB
2026/08/03 12:58:15.850, 2, P0, 36, 242.51 W, 1965 MHz, 3996 MHz, 92 %, 162729 MiB
2026/08/03 12:58:15.850, 3, P0, 33, 244.93 W, 1965 MHz, 3996 MHz, 79 %, 162729 MiB
2026/08/03 12:58:15.850, 4, P0, 34, 241.68 W, 1965 MHz, 3996 MHz, 84 %, 162729 MiB
2026/08/03 12:58:15.850, 5, P0, 36, 250.40 W, 1965 MHz, 3996 MHz, 88 %, 162729 MiB
2026/08/03 12:58:15.850, 6, P0, 33, 245.87 W, 1965 MHz, 3996 MHz, 5 %, 162729 MiB
2026/08/03 12:58:15.850, 7, P0, 37, 248.31 W, 1965 MHz, 3996 MHz, 84 %, 161769 MiB
2026/08/03 12:58:16.850, 0, P0, 36, 248.84 W, 1965 MHz, 3996 MHz, 70 %, 162537 MiB
2026/08/03 12:58:16.850, 1, P0, 33, 245.84 W, 1965 MHz, 3996 MHz, 58 %, 162729 MiB
2026/08/03 12:58:16.850, 2, P0, 36, 242.48 W, 1965 MHz, 3996 MHz, 88 %, 162729 MiB
2026/08/03 12:58:16.850, 3, P0, 33, 244.58 W, 1965 MHz, 3996 MHz, 62 %, 162729 MiB
2026/08/03 12:58:16.850, 4, P0, 34, 241.77 W, 1965 MHz, 3996 MHz, 81 %, 162729 MiB
2026/08/03 12:58:16.850, 5, P0, 36, 249.57 W, 1965 MHz, 3996 MHz, 58 %, 162729 MiB
2026/08/03 12:58:16.850, 6, P0, 33, 245.91 W, 1965 MHz, 3996 MHz, 5 %, 162729 MiB
2026/08/03 12:58:16.850, 7, P0, 37, 249.46 W, 1965 MHz, 3996 MHz, 67 %, 161769 MiB
2026/08/03 12:58:17.850, 0, P0, 36, 248.67 W, 1965 MHz, 3996 MHz, 85 %, 162537 MiB
2026/08/03 12:58:17.851, 1, P0, 33, 246.11 W, 1965 MHz, 3996 MHz, 83 %, 162729 MiB
2026/08/03 12:58:17.851, 2, P0, 36, 242.80 W, 1965 MHz, 3996 MHz, 86 %, 162729 MiB
2026/08/03 12:58:17.851, 3, P0, 33, 245.26 W, 1965 MHz, 3996 MHz, 82 %, 162729 MiB
2026/08/03 12:58:17.851, 4, P0, 34, 241.83 W, 1965 MHz, 3996 MHz, 87 %, 162729 MiB
2026/08/03 12:58:17.851, 5, P0, 36, 250.58 W, 1965 MHz, 3996 MHz, 65 %, 162729 MiB
2026/08/03 12:58:17.851, 6, P0, 33, 245.22 W, 1965 MHz, 3996 MHz, 8 %, 162729 MiB
2026/08/03 12:58:17.851, 7, P0, 37, 248.99 W, 1965 MHz, 3996 MHz, 47 %, 161769 MiB
2026/08/03 12:58:18.851, 0, P0, 36, 248.65 W, 1965 MHz, 3996 MHz, 81 %, 162537 MiB
2026/08/03 12:58:18.851, 1, P0, 33, 245.87 W, 1965 MHz, 3996 MHz, 81 %, 162729 MiB
2026/08/03 12:58:18.851, 2, P0, 36, 242.83 W, 1965 MHz, 3996 MHz, 88 %, 162729 MiB
2026/08/03 12:58:18.851, 3, P0, 33, 244.79 W, 1965 MHz, 3996 MHz, 87 %, 162729 MiB
2026/08/03 12:58:18.851, 4, P0, 34, 241.64 W, 1965 MHz, 3996 MHz, 74 %, 162729 MiB
2026/08/03 12:58:18.851, 5, P0, 36, 250.44 W, 1965 MHz, 3996 MHz, 66 %, 162729 MiB
2026/08/03 12:58:18.851, 6, P0, 33, 245.17 W, 1965 MHz, 3996 MHz, 5 %, 162729 MiB
2026/08/03 12:58:18.851, 7, P0, 37, 249.37 W, 1965 MHz, 3996 MHz, 64 %, 161769 MiB
2026/08/03 12:58:19.851, 0, P0, 36, 248.57 W, 1965 MHz, 3996 MHz, 62 %, 162537 MiB
2026/08/03 12:58:19.851, 1, P0, 33, 246.07 W, 1965 MHz, 3996 MHz, 45 %, 162729 MiB
2026/08/03 12:58:19.851, 2, P0, 36, 242.81 W, 1965 MHz, 3996 MHz, 91 %, 162729 MiB
2026/08/03 12:58:19.851, 3, P0, 33, 244.90 W, 1965 MHz, 3996 MHz, 82 %, 162729 MiB
2026/08/03 12:58:19.851, 4, P0, 34, 241.70 W, 1965 MHz, 3996 MHz, 81 %, 162729 MiB
2026/08/03 12:58:19.851, 5, P0, 36, 250.37 W, 1965 MHz, 3996 MHz, 58 %, 162729 MiB
2026/08/03 12:58:19.851, 6, P0, 33, 245.34 W, 1965 MHz, 3996 MHz, 5 %, 162729 MiB
2026/08/03 12:58:19.851, 7, P0, 37, 249.28 W, 1965 MHz, 3996 MHz, 82 %, 161769 MiB
2026/08/03 12:58:20.851, 0, P0, 36, 248.80 W, 1965 MHz, 3996 MHz, 67 %, 162537 MiB
2026/08/03 12:58:20.851, 1, P0, 33, 245.65 W, 1965 MHz, 3996 MHz, 83 %, 162729 MiB
2026/08/03 12:58:20.851, 2, P0, 36, 242.87 W, 1965 MHz, 3996 MHz, 88 %, 162729 MiB
2026/08/03 12:58:20.851, 3, P0, 33, 245.23 W, 1965 MHz, 3996 MHz, 86 %, 162729 MiB
2026/08/03 12:58:20.851, 4, P0, 34, 241.80 W, 1965 MHz, 3996 MHz, 84 %, 162729 MiB
2026/08/03 12:58:20.851, 5, P0, 36, 249.33 W, 1965 MHz, 3996 MHz, 22 %, 162729 MiB
2026/08/03 12:58:20.852, 6, P0, 33, 245.49 W, 1965 MHz, 3996 MHz, 5 %, 162729 MiB
2026/08/03 12:58:20.852, 7, P0, 37, 249.26 W, 1965 MHz, 3996 MHz, 78 %, 161769 MiB
2026/08/03 12:58:21.852, 0, P0, 36, 247.97 W, 1965 MHz, 3996 MHz, 69 %, 162537 MiB
2026/08/03 12:58:21.852, 1, P0, 33, 245.38 W, 1965 MHz, 3996 MHz, 80 %, 162729 MiB
2026/08/03 12:58:21.852, 2, P0, 36, 242.71 W, 1965 MHz, 3996 MHz, 84 %, 162729 MiB
2026/08/03 12:58:21.852, 3, P0, 33, 244.44 W, 1965 MHz, 3996 MHz, 65 %, 162729 MiB
2026/08/03 12:58:21.852, 4, P0, 34, 241.89 W, 1965 MHz, 3996 MHz, 86 %, 162729 MiB
2026/08/03 12:58:21.852, 5, P0, 36, 249.22 W, 1965 MHz, 3996 MHz, 48 %, 162729 MiB
2026/08/03 12:58:21.852, 6, P0, 33, 245.76 W, 1965 MHz, 3996 MHz, 26 %, 162729 MiB
2026/08/03 12:58:21.852, 7, P0, 37, 249.42 W, 1965 MHz, 3996 MHz, 82 %, 161769 MiB
2026/08/03 12:58:22.852, 0, P0, 36, 248.88 W, 1965 MHz, 3996 MHz, 80 %, 162537 MiB
2026/08/03 12:58:22.852, 1, P0, 33, 245.80 W, 1965 MHz, 3996 MHz, 78 %, 162729 MiB
2026/08/03 12:58:22.852, 2, P0, 36, 242.79 W, 1965 MHz, 3996 MHz, 80 %, 162729 MiB
2026/08/03 12:58:22.852, 3, P0, 33, 244.71 W, 1965 MHz, 3996 MHz, 77 %, 162729 MiB
2026/08/03 12:58:22.852, 4, P0, 34, 241.67 W, 1965 MHz, 3996 MHz, 79 %, 162729 MiB
2026/08/03 12:58:22.852, 5, P0, 36, 249.26 W, 1965 MHz, 3996 MHz, 61 %, 162729 MiB
2026/08/03 12:58:22.852, 6, P0, 33, 245.87 W, 1965 MHz, 3996 MHz, 5 %, 162729 MiB
2026/08/03 12:58:22.852, 7, P0, 37, 249.13 W, 1965 MHz, 3996 MHz, 70 %, 161769 MiB
2026/08/03 12:58:23.852, 0, P0, 36, 248.97 W, 1965 MHz, 3996 MHz, 77 %, 162537 MiB
2026/08/03 12:58:23.852, 1, P0, 33, 245.82 W, 1965 MHz, 3996 MHz, 28 %, 162729 MiB
2026/08/03 12:58:23.852, 2, P0, 36, 242.84 W, 1965 MHz, 3996 MHz, 87 %, 162729 MiB
2026/08/03 12:58:23.852, 3, P0, 33, 245.05 W, 1965 MHz, 3996 MHz, 77 %, 162729 MiB
2026/08/03 12:58:23.852, 4, P0, 34, 241.64 W, 1965 MHz, 3996 MHz, 79 %, 162729 MiB
2026/08/03 12:58:23.852, 5, P0, 36, 248.75 W, 1965 MHz, 3996 MHz, 29 %, 162729 MiB
2026/08/03 12:58:23.852, 6, P0, 33, 246.09 W, 1965 MHz, 3996 MHz, 13 %, 162729 MiB
2026/08/03 12:58:23.852, 7, P0, 37, 248.87 W, 1965 MHz, 3996 MHz, 81 %, 161769 MiB
2026/08/03 12:58:24.852, 0, P0, 36, 248.63 W, 1965 MHz, 3996 MHz, 73 %, 162537 MiB
2026/08/03 12:58:24.852, 1, P0, 33, 245.38 W, 1965 MHz, 3996 MHz, 62 %, 162729 MiB
2026/08/03 12:58:24.852, 2, P0, 36, 242.69 W, 1965 MHz, 3996 MHz, 91 %, 162729 MiB
2026/08/03 12:58:24.853, 3, P0, 33, 244.77 W, 1965 MHz, 3996 MHz, 85 %, 162729 MiB
2026/08/03 12:58:24.853, 4, P0, 34, 241.91 W, 1965 MHz, 3996 MHz, 77 %, 162729 MiB
2026/08/03 12:58:24.853, 5, P0, 36, 248.64 W, 1965 MHz, 3996 MHz, 31 %, 162729 MiB
2026/08/03 12:58:24.853, 6, P0, 33, 245.57 W, 1965 MHz, 3996 MHz, 45 %, 162729 MiB
2026/08/03 12:58:24.853, 7, P0, 37, 249.20 W, 1965 MHz, 3996 MHz, 80 %, 161769 MiB
2026/08/03 12:58:25.853, 0, P0, 36, 248.61 W, 1965 MHz, 3996 MHz, 79 %, 162537 MiB
2026/08/03 12:58:25.853, 1, P0, 33, 245.17 W, 1965 MHz, 3996 MHz, 65 %, 162729 MiB
2026/08/03 12:58:25.853, 2, P0, 36, 242.25 W, 1965 MHz, 3996 MHz, 93 %, 162729 MiB
2026/08/03 12:58:25.853, 3, P0, 33, 244.56 W, 1965 MHz, 3996 MHz, 85 %, 162729 MiB
2026/08/03 12:58:25.853, 4, P0, 34, 241.64 W, 1965 MHz, 3996 MHz, 85 %, 162729 MiB
2026/08/03 12:58:25.853, 5, P0, 36, 249.67 W, 1965 MHz, 3996 MHz, 62 %, 162729 MiB
2026/08/03 12:58:25.853, 6, P0, 33, 245.74 W, 1965 MHz, 3996 MHz, 7 %, 162729 MiB
2026/08/03 12:58:25.853, 7, P0, 37, 248.82 W, 1965 MHz, 3996 MHz, 67 %, 161769 MiB
2026/08/03 12:58:26.853, 0, P0, 36, 248.07 W, 1965 MHz, 3996 MHz, 100 %, 162537 MiB
2026/08/03 12:58:26.853, 1, P0, 33, 243.25 W, 1965 MHz, 3996 MHz, 0 %, 162729 MiB
2026/08/03 12:58:26.853, 2, P0, 36, 241.66 W, 1965 MHz, 3996 MHz, 100 %, 162729 MiB
2026/08/03 12:58:26.853, 3, P0, 33, 242.41 W, 1965 MHz, 3996 MHz, 0 %, 162729 MiB
2026/08/03 12:58:26.853, 4, P0, 33, 239.35 W, 1965 MHz, 3996 MHz, 0 %, 162729 MiB
2026/08/03 12:58:26.853, 5, P0, 36, 247.48 W, 1965 MHz, 3996 MHz, 0 %, 162729 MiB
2026/08/03 12:58:26.853, 6, P0, 33, 246.21 W, 1965 MHz, 3996 MHz, 100 %, 162729 MiB
2026/08/03 12:58:26.853, 7, P0, 37, 246.71 W, 1965 MHz, 3996 MHz, 0 %, 161769 MiB
2026/08/03 12:58:27.853, 0, P0, 36, 248.27 W, 1965 MHz, 3996 MHz, 83 %, 162537 MiB
2026/08/03 12:58:27.853, 1, P0, 33, 244.74 W, 1965 MHz, 3996 MHz, 59 %, 162729 MiB
2026/08/03 12:58:27.853, 2, P0, 36, 242.44 W, 1965 MHz, 3996 MHz, 92 %, 162729 MiB
2026/08/03 12:58:27.853, 3, P0, 33, 243.85 W, 1965 MHz, 3996 MHz, 78 %, 162729 MiB
2026/08/03 12:58:27.853, 4, P0, 34, 241.10 W, 1965 MHz, 3996 MHz, 78 %, 162729 MiB
2026/08/03 12:58:27.853, 5, P0, 36, 248.72 W, 1965 MHz, 3996 MHz, 42 %, 162729 MiB
2026/08/03 12:58:27.853, 6, P0, 33, 246.15 W, 1965 MHz, 3996 MHz, 11 %, 162729 MiB
2026/08/03 12:58:27.853, 7, P0, 37, 248.07 W, 1965 MHz, 3996 MHz, 92 %, 161769 MiB
2026/08/03 12:58:28.854, 0, P0, 36, 245.97 W, 1965 MHz, 3996 MHz, 0 %, 162537 MiB
2026/08/03 12:58:28.854, 1, P0, 33, 245.22 W, 1965 MHz, 3996 MHz, 100 %, 162729 MiB
2026/08/03 12:58:28.854, 2, P0, 36, 241.81 W, 1965 MHz, 3996 MHz, 100 %, 162729 MiB
2026/08/03 12:58:28.854, 3, P0, 33, 244.14 W, 1965 MHz, 3996 MHz, 100 %, 162729 MiB
2026/08/03 12:58:28.854, 4, P0, 34, 241.32 W, 1965 MHz, 3996 MHz, 100 %, 162729 MiB
2026/08/03 12:58:28.854, 5, P0, 36, 249.59 W, 1965 MHz, 3996 MHz, 100 %, 162729 MiB
2026/08/03 12:58:28.854, 6, P0, 33, 246.48 W, 1965 MHz, 3996 MHz, 100 %, 162729 MiB
2026/08/03 12:58:28.854, 7, P0, 37, 248.73 W, 1965 MHz, 3996 MHz, 100 %, 161769 MiB
2026/08/03 12:58:29.854, 0, P0, 36, 249.12 W, 1965 MHz, 3996 MHz, 84 %, 162537 MiB
2026/08/03 12:58:29.854, 1, P0, 33, 245.31 W, 1965 MHz, 3996 MHz, 37 %, 162729 MiB
2026/08/03 12:58:29.854, 2, P0, 36, 242.69 W, 1965 MHz, 3996 MHz, 90 %, 162729 MiB
2026/08/03 12:58:29.854, 3, P0, 33, 244.39 W, 1965 MHz, 3996 MHz, 62 %, 162729 MiB
2026/08/03 12:58:29.854, 4, P0, 34, 241.85 W, 1965 MHz, 3996 MHz, 85 %, 162729 MiB
2026/08/03 12:58:29.854, 5, P0, 36, 248.78 W, 1965 MHz, 3996 MHz, 18 %, 162729 MiB
2026/08/03 12:58:29.854, 6, P0, 33, 246.33 W, 1965 MHz, 3996 MHz, 5 %, 162729 MiB
2026/08/03 12:58:29.854, 7, P0, 37, 249.00 W, 1965 MHz, 3996 MHz, 63 %, 161769 MiB
2026/08/03 12:58:30.854, 0, P0, 36, 249.10 W, 1965 MHz, 3996 MHz, 81 %, 162537 MiB
2026/08/03 12:58:30.854, 1, P0, 33, 245.91 W, 1965 MHz, 3996 MHz, 75 %, 162729 MiB
2026/08/03 12:58:30.854, 2, P0, 36, 242.88 W, 1965 MHz, 3996 MHz, 84 %, 162729 MiB
2026/08/03 12:58:30.854, 3, P0, 33, 245.11 W, 1965 MHz, 3996 MHz, 75 %, 162729 MiB
2026/08/03 12:58:30.854, 4, P0, 34, 241.37 W, 1965 MHz, 3996 MHz, 81 %, 162729 MiB
2026/08/03 12:58:30.854, 5, P0, 36, 249.31 W, 1965 MHz, 3996 MHz, 36 %, 162729 MiB
2026/08/03 12:58:30.854, 6, P0, 33, 246.26 W, 1965 MHz, 3996 MHz, 33 %, 162729 MiB
2026/08/03 12:58:30.854, 7, P0, 37, 248.94 W, 1965 MHz, 3996 MHz, 67 %, 161769 MiB
2026/08/03 12:58:31.854, 0, P0, 36, 248.87 W, 1965 MHz, 3996 MHz, 88 %, 162537 MiB
2026/08/03 12:58:31.854, 1, P0, 33, 245.84 W, 1965 MHz, 3996 MHz, 84 %, 162729 MiB
2026/08/03 12:58:31.855, 2, P0, 36, 242.75 W, 1965 MHz, 3996 MHz, 92 %, 162729 MiB
2026/08/03 12:58:31.855, 3, P0, 33, 244.53 W, 1965 MHz, 3996 MHz, 31 %, 162729 MiB
2026/08/03 12:58:31.855, 4, P0, 34, 241.56 W, 1965 MHz, 3996 MHz, 76 %, 162729 MiB
2026/08/03 12:58:31.855, 5, P0, 36, 248.94 W, 1965 MHz, 3996 MHz, 57 %, 162729 MiB
2026/08/03 12:58:31.855, 6, P0, 33, 246.64 W, 1965 MHz, 3996 MHz, 34 %, 162729 MiB
2026/08/03 12:58:31.855, 7, P0, 37, 249.33 W, 1965 MHz, 3996 MHz, 83 %, 161769 MiB
2026/08/03 12:58:32.855, 0, P0, 36, 248.64 W, 1965 MHz, 3996 MHz, 86 %, 162537 MiB
2026/08/03 12:58:32.855, 1, P0, 33, 245.96 W, 1965 MHz, 3996 MHz, 76 %, 162729 MiB
2026/08/03 12:58:32.855, 2, P0, 36, 242.83 W, 1965 MHz, 3996 MHz, 92 %, 162729 MiB
2026/08/03 12:58:32.855, 3, P0, 33, 244.64 W, 1965 MHz, 3996 MHz, 82 %, 162729 MiB
2026/08/03 12:58:32.855, 4, P0, 34, 241.97 W, 1965 MHz, 3996 MHz, 83 %, 162729 MiB
2026/08/03 12:58:32.855, 5, P0, 36, 249.45 W, 1965 MHz, 3996 MHz, 54 %, 162729 MiB
2026/08/03 12:58:32.855, 6, P0, 33, 245.46 W, 1965 MHz, 3996 MHz, 5 %, 162729 MiB
2026/08/03 12:58:32.855, 7, P0, 37, 249.26 W, 1965 MHz, 3996 MHz, 80 %, 161769 MiB
2026/08/03 12:58:33.855, 0, P0, 36, 249.09 W, 1965 MHz, 3996 MHz, 86 %, 162537 MiB
2026/08/03 12:58:33.855, 1, P0, 33, 246.05 W, 1965 MHz, 3996 MHz, 72 %, 162729 MiB
2026/08/03 12:58:33.855, 2, P0, 36, 242.61 W, 1965 MHz, 3996 MHz, 92 %, 162729 MiB
2026/08/03 12:58:33.855, 3, P0, 33, 244.98 W, 1965 MHz, 3996 MHz, 84 %, 162729 MiB
2026/08/03 12:58:33.855, 4, P0, 34, 241.72 W, 1965 MHz, 3996 MHz, 33 %, 162729 MiB
2026/08/03 12:58:33.855, 5, P0, 36, 249.24 W, 1965 MHz, 3996 MHz, 80 %, 162729 MiB
2026/08/03 12:58:33.855, 6, P0, 33, 245.82 W, 1965 MHz, 3996 MHz, 5 %, 162729 MiB
2026/08/03 12:58:33.855, 7, P0, 37, 248.96 W, 1965 MHz, 3996 MHz, 67 %, 161769 MiB
2026/08/03 12:58:34.855, 0, P0, 36, 249.05 W, 1965 MHz, 3996 MHz, 89 %, 162537 MiB
2026/08/03 12:58:34.855, 1, P0, 33, 245.91 W, 1965 MHz, 3996 MHz, 87 %, 162729 MiB
2026/08/03 12:58:34.855, 2, P0, 36, 242.51 W, 1965 MHz, 3996 MHz, 76 %, 162729 MiB
2026/08/03 12:58:34.855, 3, P0, 33, 244.70 W, 1965 MHz, 3996 MHz, 84 %, 162729 MiB
2026/08/03 12:58:34.855, 4, P0, 34, 242.01 W, 1965 MHz, 3996 MHz, 86 %, 162729 MiB
2026/08/03 12:58:34.855, 5, P0, 36, 249.55 W, 1965 MHz, 3996 MHz, 24 %, 162729 MiB
2026/08/03 12:58:34.855, 6, P0, 33, 245.25 W, 1965 MHz, 3996 MHz, 5 %, 162729 MiB
2026/08/03 12:58:34.855, 7, P0, 37, 248.90 W, 1965 MHz, 3996 MHz, 72 %, 161769 MiB
2026/08/03 12:58:35.855, 0, P0, 36, 248.86 W, 1965 MHz, 3996 MHz, 85 %, 162537 MiB
2026/08/03 12:58:35.856, 1, P0, 33, 245.69 W, 1965 MHz, 3996 MHz, 65 %, 162729 MiB
2026/08/03 12:58:35.856, 2, P0, 36, 242.77 W, 1965 MHz, 3996 MHz, 89 %, 162729 MiB
2026/08/03 12:58:35.856, 3, P0, 33, 244.94 W, 1965 MHz, 3996 MHz, 81 %, 162729 MiB
2026/08/03 12:58:35.856, 4, P0, 34, 241.81 W, 1965 MHz, 3996 MHz, 80 %, 162729 MiB
2026/08/03 12:58:35.856, 5, P0, 36, 249.50 W, 1965 MHz, 3996 MHz, 67 %, 162729 MiB
2026/08/03 12:58:35.856, 6, P0, 33, 245.40 W, 1965 MHz, 3996 MHz, 5 %, 162729 MiB
2026/08/03 12:58:35.856, 7, P0, 37, 248.78 W, 1965 MHz, 3996 MHz, 84 %, 161769 MiB
2026/08/03 12:58:36.856, 0, P0, 36, 249.05 W, 1965 MHz, 3996 MHz, 77 %, 162537 MiB
2026/08/03 12:58:36.856, 1, P0, 33, 245.88 W, 1965 MHz, 3996 MHz, 56 %, 162729 MiB
2026/08/03 12:58:36.856, 2, P0, 36, 242.22 W, 1965 MHz, 3996 MHz, 86 %, 162729 MiB
2026/08/03 12:58:36.856, 3, P0, 33, 245.06 W, 1965 MHz, 3996 MHz, 59 %, 162729 MiB
2026/08/03 12:58:36.856, 4, P0, 34, 242.22 W, 1965 MHz, 3996 MHz, 81 %, 162729 MiB
2026/08/03 12:58:36.856, 5, P0, 36, 249.82 W, 1965 MHz, 3996 MHz, 42 %, 162729 MiB
2026/08/03 12:58:36.856, 6, P0, 33, 245.51 W, 1965 MHz, 3996 MHz, 8 %, 162729 MiB
2026/08/03 12:58:36.856, 7, P0, 37, 249.08 W, 1965 MHz, 3996 MHz, 84 %, 161769 MiB
2026/08/03 12:58:37.856, 0, P0, 36, 248.68 W, 1965 MHz, 3996 MHz, 76 %, 162537 MiB
2026/08/03 12:58:37.856, 1, P0, 33, 245.57 W, 1965 MHz, 3996 MHz, 42 %, 162729 MiB
2026/08/03 12:58:37.856, 2, P0, 36, 242.71 W, 1965 MHz, 3996 MHz, 91 %, 162729 MiB
2026/08/03 12:58:37.856, 3, P0, 33, 244.98 W, 1965 MHz, 3996 MHz, 91 %, 162729 MiB
2026/08/03 12:58:37.856, 4, P0, 34, 241.88 W, 1965 MHz, 3996 MHz, 81 %, 162729 MiB
2026/08/03 12:58:37.856, 5, P0, 36, 249.30 W, 1965 MHz, 3996 MHz, 62 %, 162729 MiB
2026/08/03 12:58:37.856, 6, P0, 33, 245.21 W, 1965 MHz, 3996 MHz, 7 %, 162729 MiB
2026/08/03 12:58:37.856, 7, P0, 37, 249.05 W, 1965 MHz, 3996 MHz, 50 %, 161769 MiB
2026/08/03 12:58:38.856, 0, P0, 36, 248.95 W, 1965 MHz, 3996 MHz, 80 %, 162537 MiB
2026/08/03 12:58:38.856, 1, P0, 33, 245.44 W, 1965 MHz, 3996 MHz, 65 %, 162729 MiB
2026/08/03 12:58:38.856, 2, P0, 36, 242.94 W, 1965 MHz, 3996 MHz, 84 %, 162729 MiB
2026/08/03 12:58:38.856, 3, P0, 33, 244.88 W, 1965 MHz, 3996 MHz, 76 %, 162729 MiB
2026/08/03 12:58:38.856, 4, P0, 34, 241.87 W, 1965 MHz, 3996 MHz, 80 %, 162729 MiB
2026/08/03 12:58:38.856, 5, P0, 36, 250.04 W, 1965 MHz, 3996 MHz, 52 %, 162729 MiB
2026/08/03 12:58:38.856, 6, P0, 33, 245.82 W, 1965 MHz, 3996 MHz, 48 %, 162729 MiB
2026/08/03 12:58:38.856, 7, P0, 37, 248.90 W, 1965 MHz, 3996 MHz, 76 %, 161769 MiB
2026/08/03 12:58:39.857, 0, P0, 36, 248.95 W, 1965 MHz, 3996 MHz, 57 %, 162537 MiB
2026/08/03 12:58:39.857, 1, P0, 33, 245.48 W, 1965 MHz, 3996 MHz, 70 %, 162729 MiB
2026/08/03 12:58:39.857, 2, P0, 36, 242.69 W, 1965 MHz, 3996 MHz, 80 %, 162729 MiB
2026/08/03 12:58:39.857, 3, P0, 33, 244.77 W, 1965 MHz, 3996 MHz, 81 %, 162729 MiB
2026/08/03 12:58:39.857, 4, P0, 34, 241.31 W, 1965 MHz, 3996 MHz, 65 %, 162729 MiB
2026/08/03 12:58:39.857, 5, P0, 36, 249.19 W, 1965 MHz, 3996 MHz, 36 %, 162729 MiB
2026/08/03 12:58:39.857, 6, P0, 33, 245.57 W, 1965 MHz, 3996 MHz, 36 %, 162729 MiB
2026/08/03 12:58:39.857, 7, P0, 37, 248.86 W, 1965 MHz, 3996 MHz, 79 %, 161769 MiB
2026/08/03 12:58:40.857, 0, P0, 36, 248.59 W, 1965 MHz, 3996 MHz, 95 %, 162537 MiB
2026/08/03 12:58:40.857, 1, P0, 33, 245.85 W, 1965 MHz, 3996 MHz, 80 %, 162729 MiB
2026/08/03 12:58:40.857, 2, P0, 36, 242.70 W, 1965 MHz, 3996 MHz, 91 %, 162729 MiB
2026/08/03 12:58:40.857, 3, P0, 33, 245.06 W, 1965 MHz, 3996 MHz, 88 %, 162729 MiB
2026/08/03 12:58:40.857, 4, P0, 34, 242.29 W, 1965 MHz, 3996 MHz, 84 %, 162729 MiB
2026/08/03 12:58:40.857, 5, P0, 36, 249.80 W, 1965 MHz, 3996 MHz, 44 %, 162729 MiB
2026/08/03 12:58:40.857, 6, P0, 33, 245.20 W, 1965 MHz, 3996 MHz, 5 %, 162729 MiB
2026/08/03 12:58:40.857, 7, P0, 37, 248.96 W, 1965 MHz, 3996 MHz, 85 %, 161769 MiB
2026/08/03 12:58:41.857, 0, P0, 36, 249.23 W, 1965 MHz, 3996 MHz, 99 %, 162537 MiB
2026/08/03 12:58:41.857, 1, P0, 33, 244.94 W, 1965 MHz, 3996 MHz, 12 %, 162729 MiB
2026/08/03 12:58:41.857, 2, P0, 36, 242.61 W, 1965 MHz, 3996 MHz, 94 %, 162729 MiB
2026/08/03 12:58:41.857, 3, P0, 33, 245.14 W, 1965 MHz, 3996 MHz, 94 %, 162729 MiB
2026/08/03 12:58:41.857, 4, P0, 34, 241.88 W, 1965 MHz, 3996 MHz, 34 %, 162729 MiB
2026/08/03 12:58:41.857, 5, P0, 36, 249.72 W, 1965 MHz, 3996 MHz, 44 %, 162729 MiB
2026/08/03 12:58:41.857, 6, P0, 33, 246.32 W, 1965 MHz, 3996 MHz, 24 %, 162729 MiB
2026/08/03 12:58:41.857, 7, P0, 37, 249.26 W, 1965 MHz, 3996 MHz, 55 %, 161769 MiB
2026/08/03 12:58:42.857, 0, P0, 36, 249.21 W, 1965 MHz, 3996 MHz, 70 %, 162537 MiB
2026/08/03 12:58:42.857, 1, P0, 33, 245.78 W, 1965 MHz, 3996 MHz, 74 %, 162729 MiB
2026/08/03 12:58:42.857, 2, P0, 36, 242.60 W, 1965 MHz, 3996 MHz, 92 %, 162729 MiB
2026/08/03 12:58:42.857, 3, P0, 33, 245.01 W, 1965 MHz, 3996 MHz, 85 %, 162729 MiB
2026/08/03 12:58:42.857, 4, P0, 34, 241.97 W, 1965 MHz, 3996 MHz, 77 %, 162729 MiB
2026/08/03 12:58:42.857, 5, P0, 36, 249.78 W, 1965 MHz, 3996 MHz, 67 %, 162729 MiB
2026/08/03 12:58:42.858, 6, P0, 33, 245.06 W, 1965 MHz, 3996 MHz, 8 %, 162729 MiB
2026/08/03 12:58:42.858, 7, P0, 37, 248.69 W, 1965 MHz, 3996 MHz, 54 %, 161769 MiB
2026/08/03 12:58:43.858, 0, P0, 36, 248.43 W, 1965 MHz, 3996 MHz, 68 %, 162537 MiB
2026/08/03 12:58:43.858, 1, P0, 33, 244.58 W, 1965 MHz, 3996 MHz, 19 %, 162729 MiB
2026/08/03 12:58:43.858, 2, P0, 36, 242.63 W, 1965 MHz, 3996 MHz, 80 %, 162729 MiB
2026/08/03 12:58:43.858, 3, P0, 33, 244.75 W, 1965 MHz, 3996 MHz, 78 %, 162729 MiB
2026/08/03 12:58:43.858, 4, P0, 34, 241.75 W, 1965 MHz, 3996 MHz, 72 %, 162729 MiB
2026/08/03 12:58:43.858, 5, P0, 36, 249.57 W, 1965 MHz, 3996 MHz, 25 %, 162729 MiB
2026/08/03 12:58:43.858, 6, P0, 33, 245.46 W, 1965 MHz, 3996 MHz, 24 %, 162729 MiB
2026/08/03 12:58:43.858, 7, P0, 37, 248.70 W, 1965 MHz, 3996 MHz, 74 %, 161769 MiB
2026/08/03 12:58:44.858, 0, P0, 36, 248.60 W, 1965 MHz, 3996 MHz, 81 %, 162537 MiB
2026/08/03 12:58:44.858, 1, P0, 33, 245.68 W, 1965 MHz, 3996 MHz, 78 %, 162729 MiB
2026/08/03 12:58:44.858, 2, P0, 36, 242.74 W, 1965 MHz, 3996 MHz, 84 %, 162729 MiB
2026/08/03 12:58:44.858, 3, P0, 33, 245.13 W, 1965 MHz, 3996 MHz, 83 %, 162729 MiB
2026/08/03 12:58:44.858, 4, P0, 34, 241.65 W, 1965 MHz, 3996 MHz, 80 %, 162729 MiB
2026/08/03 12:58:44.858, 5, P0, 36, 249.54 W, 1965 MHz, 3996 MHz, 49 %, 162729 MiB
2026/08/03 12:58:44.858, 6, P0, 33, 245.27 W, 1965 MHz, 3996 MHz, 5 %, 162729 MiB
2026/08/03 12:58:44.858, 7, P0, 37, 249.00 W, 1965 MHz, 3996 MHz, 71 %, 161769 MiB
2026/08/03 12:58:45.858, 0, P0, 37, 282.54 W, 1965 MHz, 3996 MHz, 87 %, 162537 MiB
2026/08/03 12:58:45.858, 1, P0, 34, 280.89 W, 1965 MHz, 3996 MHz, 77 %, 162729 MiB
2026/08/03 12:58:45.858, 2, P0, 37, 278.56 W, 1965 MHz, 3996 MHz, 93 %, 162729 MiB
2026/08/03 12:58:45.858, 3, P0, 33, 280.23 W, 1965 MHz, 3996 MHz, 93 %, 162729 MiB
2026/08/03 12:58:45.858, 4, P0, 34, 276.98 W, 1965 MHz, 3996 MHz, 78 %, 162729 MiB
2026/08/03 12:58:45.858, 5, P0, 37, 280.84 W, 1965 MHz, 3996 MHz, 67 %, 162729 MiB
2026/08/03 12:58:45.858, 6, P0, 33, 249.70 W, 1965 MHz, 3996 MHz, 12 %, 162729 MiB
2026/08/03 12:58:45.858, 7, P0, 38, 282.79 W, 1965 MHz, 3996 MHz, 86 %, 161769 MiB
2026/08/03 12:58:46.858, 0, P0, 36, 249.29 W, 1965 MHz, 3996 MHz, 74 %, 162537 MiB
2026/08/03 12:58:46.858, 1, P0, 33, 246.34 W, 1965 MHz, 3996 MHz, 71 %, 162729 MiB
2026/08/03 12:58:46.858, 2, P0, 36, 243.06 W, 1965 MHz, 3996 MHz, 88 %, 162729 MiB
2026/08/03 12:58:46.858, 3, P0, 33, 245.08 W, 1965 MHz, 3996 MHz, 53 %, 162729 MiB
2026/08/03 12:58:46.858, 4, P0, 34, 242.48 W, 1965 MHz, 3996 MHz, 72 %, 162729 MiB
2026/08/03 12:58:46.858, 5, P0, 36, 250.49 W, 1965 MHz, 3996 MHz, 43 %, 162729 MiB
2026/08/03 12:58:46.859, 6, P0, 33, 245.53 W, 1965 MHz, 3996 MHz, 6 %, 162729 MiB
2026/08/03 12:58:46.859, 7, P0, 37, 249.62 W, 1965 MHz, 3996 MHz, 86 %, 161769 MiB
2026/08/03 12:58:47.859, 0, P0, 37, 278.43 W, 1965 MHz, 3996 MHz, 71 %, 162537 MiB
2026/08/03 12:58:47.859, 1, P0, 34, 275.05 W, 1965 MHz, 3996 MHz, 63 %, 162729 MiB
2026/08/03 12:58:47.859, 2, P0, 38, 275.99 W, 1965 MHz, 3996 MHz, 85 %, 162729 MiB
2026/08/03 12:58:47.859, 3, P0, 34, 271.86 W, 1965 MHz, 3996 MHz, 80 %, 162729 MiB
2026/08/03 12:58:47.859, 4, P0, 35, 274.17 W, 1965 MHz, 3996 MHz, 88 %, 162729 MiB
2026/08/03 12:58:47.859, 5, P0, 37, 280.80 W, 1965 MHz, 3996 MHz, 56 %, 162729 MiB
2026/08/03 12:58:47.859, 6, P0, 33, 249.36 W, 1965 MHz, 3996 MHz, 13 %, 162729 MiB
2026/08/03 12:58:47.859, 7, P0, 39, 280.85 W, 1965 MHz, 3996 MHz, 75 %, 161769 MiB
2026/08/03 12:58:48.859, 0, P0, 36, 249.21 W, 1965 MHz, 3996 MHz, 74 %, 162537 MiB
2026/08/03 12:58:48.859, 1, P0, 33, 245.27 W, 1965 MHz, 3996 MHz, 52 %, 162729 MiB
2026/08/03 12:58:48.859, 2, P0, 36, 242.99 W, 1965 MHz, 3996 MHz, 87 %, 162729 MiB
2026/08/03 12:58:48.859, 3, P0, 33, 244.90 W, 1965 MHz, 3996 MHz, 79 %, 162729 MiB
2026/08/03 12:58:48.859, 4, P0, 34, 241.76 W, 1965 MHz, 3996 MHz, 64 %, 162729 MiB
2026/08/03 12:58:48.859, 5, P0, 36, 250.06 W, 1965 MHz, 3996 MHz, 36 %, 162729 MiB
2026/08/03 12:58:48.859, 6, P0, 33, 245.69 W, 1965 MHz, 3996 MHz, 5 %, 162729 MiB
2026/08/03 12:58:48.859, 7, P0, 37, 249.44 W, 1965 MHz, 3996 MHz, 64 %, 161769 MiB
2026/08/03 12:58:49.859, 0, P0, 36, 259.06 W, 1965 MHz, 3996 MHz, 62 %, 162537 MiB
2026/08/03 12:58:49.859, 1, P0, 35, 256.47 W, 1965 MHz, 3996 MHz, 51 %, 162729 MiB
2026/08/03 12:58:49.859, 2, P0, 36, 242.83 W, 1965 MHz, 3996 MHz, 92 %, 162729 MiB
2026/08/03 12:58:49.859, 3, P0, 33, 245.11 W, 1965 MHz, 3996 MHz, 86 %, 162729 MiB
2026/08/03 12:58:49.859, 4, P0, 34, 251.84 W, 1965 MHz, 3996 MHz, 63 %, 162729 MiB
2026/08/03 12:58:49.859, 5, P0, 36, 252.75 W, 1965 MHz, 3996 MHz, 67 %, 162729 MiB
2026/08/03 12:58:49.859, 6, P0, 33, 245.96 W, 1965 MHz, 3996 MHz, 39 %, 162729 MiB
2026/08/03 12:58:49.859, 7, P0, 37, 249.30 W, 1965 MHz, 3996 MHz, 77 %, 161769 MiB
2026/08/03 12:58:50.859, 0, P0, 36, 275.74 W, 1965 MHz, 3996 MHz, 100 %, 162537 MiB
2026/08/03 12:58:50.860, 1, P0, 33, 268.67 W, 1965 MHz, 3996 MHz, 0 %, 162729 MiB
2026/08/03 12:58:50.860, 2, P0, 36, 272.36 W, 1965 MHz, 3996 MHz, 100 %, 162729 MiB
2026/08/03 12:58:50.860, 3, P0, 33, 266.26 W, 1965 MHz, 3996 MHz, 0 %, 162729 MiB
2026/08/03 12:58:50.860, 4, P0, 34, 262.81 W, 1965 MHz, 3996 MHz, 0 %, 162729 MiB
2026/08/03 12:58:50.860, 5, P0, 36, 271.96 W, 1965 MHz, 3996 MHz, 0 %, 162729 MiB
2026/08/03 12:58:50.860, 6, P0, 33, 250.27 W, 1965 MHz, 3996 MHz, 100 %, 162729 MiB
2026/08/03 12:58:50.860, 7, P0, 37, 273.64 W, 1965 MHz, 3996 MHz, 0 %, 161769 MiB
2026/08/03 12:58:51.860, 0, P0, 36, 248.35 W, 1965 MHz, 3996 MHz, 89 %, 162537 MiB
2026/08/03 12:58:51.860, 1, P0, 33, 245.02 W, 1965 MHz, 3996 MHz, 85 %, 162729 MiB
2026/08/03 12:58:51.860, 2, P0, 36, 242.31 W, 1965 MHz, 3996 MHz, 88 %, 162729 MiB
2026/08/03 12:58:51.860, 3, P0, 33, 244.22 W, 1965 MHz, 3996 MHz, 92 %, 162729 MiB
2026/08/03 12:58:51.860, 4, P0, 34, 241.07 W, 1965 MHz, 3996 MHz, 32 %, 162729 MiB
2026/08/03 12:58:51.860, 5, P0, 36, 248.85 W, 1965 MHz, 3996 MHz, 18 %, 162729 MiB
2026/08/03 12:58:51.860, 6, P0, 33, 246.57 W, 1965 MHz, 3996 MHz, 11 %, 162729 MiB
2026/08/03 12:58:51.860, 7, P0, 37, 248.42 W, 1965 MHz, 3996 MHz, 71 %, 161769 MiB
2026/08/03 12:58:52.860, 0, P0, 36, 247.21 W, 1965 MHz, 3996 MHz, 0 %, 162537 MiB
2026/08/03 12:58:52.860, 1, P0, 33, 245.14 W, 1965 MHz, 3996 MHz, 100 %, 162729 MiB
2026/08/03 12:58:52.860, 2, P0, 36, 242.23 W, 1965 MHz, 3996 MHz, 100 %, 162729 MiB
2026/08/03 12:58:52.860, 3, P0, 33, 244.35 W, 1965 MHz, 3996 MHz, 100 %, 162729 MiB
2026/08/03 12:58:52.860, 4, P0, 34, 241.44 W, 1965 MHz, 3996 MHz, 100 %, 162729 MiB
2026/08/03 12:58:52.860, 5, P0, 36, 248.75 W, 1965 MHz, 3996 MHz, 100 %, 162729 MiB
2026/08/03 12:58:52.860, 6, P0, 33, 246.01 W, 1965 MHz, 3996 MHz, 80 %, 162729 MiB
2026/08/03 12:58:52.860, 7, P0, 37, 249.17 W, 1965 MHz, 3996 MHz, 93 %, 161769 MiB
2026/08/03 12:58:53.860, 0, P0, 36, 281.10 W, 1965 MHz, 3996 MHz, 81 %, 162537 MiB
2026/08/03 12:58:53.861, 1, P0, 33, 264.61 W, 1965 MHz, 3996 MHz, 30 %, 162729 MiB
2026/08/03 12:58:53.861, 2, P0, 37, 277.68 W, 1965 MHz, 3996 MHz, 81 %, 162729 MiB
2026/08/03 12:58:53.861, 3, P0, 33, 278.94 W, 1965 MHz, 3996 MHz, 93 %, 162729 MiB
2026/08/03 12:58:53.861, 4, P0, 34, 275.19 W, 1965 MHz, 3996 MHz, 80 %, 162729 MiB
2026/08/03 12:58:53.861, 5, P0, 36, 279.29 W, 1965 MHz, 3996 MHz, 44 %, 162729 MiB
2026/08/03 12:58:53.861, 6, P0, 33, 281.56 W, 1965 MHz, 3996 MHz, 27 %, 162729 MiB
2026/08/03 12:58:53.861, 7, P0, 37, 252.98 W, 1965 MHz, 3996 MHz, 49 %, 161769 MiB
2026/08/03 12:58:54.861, 0, P0, 36, 248.96 W, 1965 MHz, 3996 MHz, 83 %, 162537 MiB
2026/08/03 12:58:54.861, 1, P0, 33, 244.75 W, 1965 MHz, 3996 MHz, 60 %, 162729 MiB
2026/08/03 12:58:54.861, 2, P0, 36, 242.85 W, 1965 MHz, 3996 MHz, 92 %, 162729 MiB
2026/08/03 12:58:54.861, 3, P0, 33, 245.02 W, 1965 MHz, 3996 MHz, 73 %, 162729 MiB
2026/08/03 12:58:54.861, 4, P0, 34, 242.15 W, 1965 MHz, 3996 MHz, 93 %, 162729 MiB
2026/08/03 12:58:54.861, 5, P0, 36, 250.43 W, 1965 MHz, 3996 MHz, 86 %, 162729 MiB
2026/08/03 12:58:54.861, 6, P0, 33, 245.75 W, 1965 MHz, 3996 MHz, 5 %, 162729 MiB
2026/08/03 12:58:54.861, 7, P0, 37, 249.20 W, 1965 MHz, 3996 MHz, 71 %, 161769 MiB
2026/08/03 12:58:55.861, 0, P0, 36, 248.91 W, 1965 MHz, 3996 MHz, 82 %, 162537 MiB
2026/08/03 12:58:55.861, 1, P0, 33, 244.95 W, 1965 MHz, 3996 MHz, 71 %, 162729 MiB
2026/08/03 12:58:55.861, 2, P0, 36, 242.73 W, 1965 MHz, 3996 MHz, 89 %, 162729 MiB
2026/08/03 12:58:55.861, 3, P0, 33, 244.95 W, 1965 MHz, 3996 MHz, 42 %, 162729 MiB
2026/08/03 12:58:55.861, 4, P0, 34, 242.24 W, 1965 MHz, 3996 MHz, 75 %, 162729 MiB
2026/08/03 12:58:55.861, 5, P0, 36, 250.55 W, 1965 MHz, 3996 MHz, 71 %, 162729 MiB
2026/08/03 12:58:55.861, 6, P0, 33, 245.71 W, 1965 MHz, 3996 MHz, 5 %, 162729 MiB
2026/08/03 12:58:55.861, 7, P0, 37, 249.15 W, 1965 MHz, 3996 MHz, 79 %, 161769 MiB
2026/08/03 12:58:56.861, 0, P0, 36, 248.68 W, 1965 MHz, 3996 MHz, 79 %, 162537 MiB
2026/08/03 12:58:56.861, 1, P0, 33, 245.32 W, 1965 MHz, 3996 MHz, 47 %, 162729 MiB
2026/08/03 12:58:56.861, 2, P0, 36, 242.77 W, 1965 MHz, 3996 MHz, 83 %, 162729 MiB
2026/08/03 12:58:56.861, 3, P0, 33, 244.91 W, 1965 MHz, 3996 MHz, 95 %, 162729 MiB
2026/08/03 12:58:56.861, 4, P0, 34, 241.88 W, 1965 MHz, 3996 MHz, 75 %, 162729 MiB
2026/08/03 12:58:56.862, 5, P0, 36, 250.57 W, 1965 MHz, 3996 MHz, 86 %, 162729 MiB
2026/08/03 12:58:56.862, 6, P0, 33, 245.77 W, 1965 MHz, 3996 MHz, 26 %, 162729 MiB
2026/08/03 12:58:56.862, 7, P0, 37, 249.02 W, 1965 MHz, 3996 MHz, 80 %, 161769 MiB
2026/08/03 12:58:57.862, 0, P0, 36, 248.53 W, 1965 MHz, 3996 MHz, 44 %, 162537 MiB
2026/08/03 12:58:57.862, 1, P0, 33, 245.74 W, 1965 MHz, 3996 MHz, 67 %, 162729 MiB
2026/08/03 12:58:57.862, 2, P0, 36, 242.70 W, 1965 MHz, 3996 MHz, 87 %, 162729 MiB
2026/08/03 12:58:57.862, 3, P0, 33, 244.53 W, 1965 MHz, 3996 MHz, 36 %, 162729 MiB
2026/08/03 12:58:57.862, 4, P0, 34, 241.41 W, 1965 MHz, 3996 MHz, 35 %, 162729 MiB
2026/08/03 12:58:57.862, 5, P0, 36, 250.72 W, 1965 MHz, 3996 MHz, 60 %, 162729 MiB
2026/08/03 12:58:57.862, 6, P0, 33, 245.80 W, 1965 MHz, 3996 MHz, 53 %, 162729 MiB
2026/08/03 12:58:57.862, 7, P0, 37, 249.33 W, 1965 MHz, 3996 MHz, 83 %, 161769 MiB
2026/08/03 12:58:58.862, 0, P0, 36, 248.75 W, 1965 MHz, 3996 MHz, 80 %, 162537 MiB
2026/08/03 12:58:58.862, 1, P0, 33, 245.92 W, 1965 MHz, 3996 MHz, 70 %, 162729 MiB
2026/08/03 12:58:58.862, 2, P0, 36, 242.59 W, 1965 MHz, 3996 MHz, 93 %, 162729 MiB
2026/08/03 12:58:58.862, 3, P0, 33, 244.75 W, 1965 MHz, 3996 MHz, 76 %, 162729 MiB
2026/08/03 12:58:58.862, 4, P0, 34, 242.12 W, 1965 MHz, 3996 MHz, 84 %, 162729 MiB
2026/08/03 12:58:58.862, 5, P0, 36, 250.11 W, 1965 MHz, 3996 MHz, 6 %, 162729 MiB
2026/08/03 12:58:58.862, 6, P0, 33, 245.58 W, 1965 MHz, 3996 MHz, 5 %, 162729 MiB
2026/08/03 12:58:58.862, 7, P0, 37, 249.13 W, 1965 MHz, 3996 MHz, 71 %, 161769 MiB
2026/08/03 12:58:59.862, 0, P0, 36, 249.10 W, 1965 MHz, 3996 MHz, 76 %, 162537 MiB
2026/08/03 12:58:59.862, 1, P0, 33, 245.62 W, 1965 MHz, 3996 MHz, 41 %, 162729 MiB
2026/08/03 12:58:59.862, 2, P0, 36, 242.80 W, 1965 MHz, 3996 MHz, 85 %, 162729 MiB
2026/08/03 12:58:59.862, 3, P0, 33, 244.82 W, 1965 MHz, 3996 MHz, 43 %, 162729 MiB
2026/08/03 12:58:59.862, 4, P0, 34, 241.95 W, 1965 MHz, 3996 MHz, 83 %, 162729 MiB
2026/08/03 12:58:59.862, 5, P0, 36, 250.62 W, 1965 MHz, 3996 MHz, 64 %, 162729 MiB
2026/08/03 12:58:59.862, 6, P0, 33, 245.81 W, 1965 MHz, 3996 MHz, 63 %, 162729 MiB
2026/08/03 12:58:59.862, 7, P0, 37, 249.04 W, 1965 MHz, 3996 MHz, 86 %, 161769 MiB
2026/08/03 12:59:00.863, 0, P0, 36, 248.97 W, 1965 MHz, 3996 MHz, 80 %, 162537 MiB
2026/08/03 12:59:00.863, 1, P0, 33, 245.53 W, 1965 MHz, 3996 MHz, 64 %, 162729 MiB
2026/08/03 12:59:00.863, 2, P0, 36, 242.77 W, 1965 MHz, 3996 MHz, 92 %, 162729 MiB
2026/08/03 12:59:00.863, 3, P0, 33, 244.70 W, 1965 MHz, 3996 MHz, 80 %, 162729 MiB
2026/08/03 12:59:00.863, 4, P0, 34, 242.25 W, 1965 MHz, 3996 MHz, 90 %, 162729 MiB
2026/08/03 12:59:00.863, 5, P0, 36, 250.32 W, 1965 MHz, 3996 MHz, 79 %, 162729 MiB
2026/08/03 12:59:00.863, 6, P0, 33, 245.53 W, 1965 MHz, 3996 MHz, 6 %, 162729 MiB
2026/08/03 12:59:00.863, 7, P0, 37, 248.91 W, 1965 MHz, 3996 MHz, 40 %, 161769 MiB
2026/08/03 12:59:01.863, 0, P0, 36, 248.71 W, 1965 MHz, 3996 MHz, 87 %, 162537 MiB
2026/08/03 12:59:01.863, 1, P0, 33, 245.48 W, 1965 MHz, 3996 MHz, 68 %, 162729 MiB
2026/08/03 12:59:01.863, 2, P0, 36, 242.82 W, 1965 MHz, 3996 MHz, 94 %, 162729 MiB
2026/08/03 12:59:01.863, 3, P0, 33, 245.25 W, 1965 MHz, 3996 MHz, 85 %, 162729 MiB
2026/08/03 12:59:01.863, 4, P0, 34, 241.95 W, 1965 MHz, 3996 MHz, 85 %, 162729 MiB
2026/08/03 12:59:01.863, 5, P0, 36, 250.58 W, 1965 MHz, 3996 MHz, 79 %, 162729 MiB
2026/08/03 12:59:01.863, 6, P0, 33, 245.20 W, 1965 MHz, 3996 MHz, 5 %, 162729 MiB
2026/08/03 12:59:01.863, 7, P0, 37, 248.98 W, 1965 MHz, 3996 MHz, 82 %, 161769 MiB
2026/08/03 12:59:02.863, 0, P0, 36, 282.77 W, 1965 MHz, 3996 MHz, 85 %, 162537 MiB
2026/08/03 12:59:02.863, 1, P0, 33, 279.30 W, 1965 MHz, 3996 MHz, 76 %, 162729 MiB
2026/08/03 12:59:02.863, 2, P0, 36, 276.48 W, 1965 MHz, 3996 MHz, 90 %, 162729 MiB
2026/08/03 12:59:02.863, 3, P0, 33, 274.91 W, 1965 MHz, 3996 MHz, 86 %, 162729 MiB
2026/08/03 12:59:02.863, 4, P0, 34, 275.13 W, 1965 MHz, 3996 MHz, 85 %, 162729 MiB
2026/08/03 12:59:02.863, 5, P0, 36, 264.17 W, 1965 MHz, 3996 MHz, 37 %, 162729 MiB
2026/08/03 12:59:02.863, 6, P0, 33, 249.13 W, 1965 MHz, 3996 MHz, 6 %, 162729 MiB
2026/08/03 12:59:02.863, 7, P0, 37, 277.57 W, 1965 MHz, 3996 MHz, 85 %, 161769 MiB
2026/08/03 12:59:03.863, 0, P0, 36, 249.25 W, 1965 MHz, 3996 MHz, 86 %, 162537 MiB
2026/08/03 12:59:03.863, 1, P0, 33, 246.09 W, 1965 MHz, 3996 MHz, 76 %, 162729 MiB
2026/08/03 12:59:03.864, 2, P0, 36, 242.78 W, 1965 MHz, 3996 MHz, 88 %, 162729 MiB
2026/08/03 12:59:03.864, 3, P0, 33, 244.86 W, 1965 MHz, 3996 MHz, 80 %, 162729 MiB
2026/08/03 12:59:03.864, 4, P0, 34, 242.19 W, 1965 MHz, 3996 MHz, 82 %, 162729 MiB
2026/08/03 12:59:03.864, 5, P0, 36, 249.88 W, 1965 MHz, 3996 MHz, 60 %, 162729 MiB
2026/08/03 12:59:03.864, 6, P0, 33, 245.77 W, 1965 MHz, 3996 MHz, 6 %, 162729 MiB
2026/08/03 12:59:03.864, 7, P0, 37, 249.43 W, 1965 MHz, 3996 MHz, 84 %, 161769 MiB
2026/08/03 12:59:04.864, 0, P0, 36, 282.74 W, 1965 MHz, 3996 MHz, 84 %, 162537 MiB
2026/08/03 12:59:04.864, 1, P0, 33, 270.51 W, 1965 MHz, 3996 MHz, 74 %, 162729 MiB
2026/08/03 12:59:04.864, 2, P0, 36, 275.92 W, 1965 MHz, 3996 MHz, 89 %, 162729 MiB
2026/08/03 12:59:04.864, 3, P0, 33, 272.81 W, 1965 MHz, 3996 MHz, 82 %, 162729 MiB
2026/08/03 12:59:04.864, 4, P0, 34, 274.61 W, 1965 MHz, 3996 MHz, 82 %, 162729 MiB
2026/08/03 12:59:04.864, 5, P0, 36, 284.10 W, 1965 MHz, 3996 MHz, 61 %, 162729 MiB
2026/08/03 12:59:04.864, 6, P0, 33, 249.14 W, 1965 MHz, 3996 MHz, 5 %, 162729 MiB
2026/08/03 12:59:04.864, 7, P0, 37, 283.00 W, 1965 MHz, 3996 MHz, 85 %, 161769 MiB
2026/08/03 12:59:05.864, 0, P0, 36, 249.42 W, 1965 MHz, 3996 MHz, 87 %, 162537 MiB
2026/08/03 12:59:05.864, 1, P0, 33, 246.01 W, 1965 MHz, 3996 MHz, 73 %, 162729 MiB
2026/08/03 12:59:05.864, 2, P0, 36, 242.94 W, 1965 MHz, 3996 MHz, 91 %, 162729 MiB
2026/08/03 12:59:05.864, 3, P0, 33, 245.42 W, 1965 MHz, 3996 MHz, 90 %, 162729 MiB
2026/08/03 12:59:05.864, 4, P0, 34, 242.42 W, 1965 MHz, 3996 MHz, 89 %, 162729 MiB
2026/08/03 12:59:05.864, 5, P0, 36, 249.26 W, 1965 MHz, 3996 MHz, 37 %, 162729 MiB
2026/08/03 12:59:05.864, 6, P0, 33, 245.61 W, 1965 MHz, 3996 MHz, 5 %, 162729 MiB
2026/08/03 12:59:05.864, 7, P0, 37, 249.63 W, 1965 MHz, 3996 MHz, 88 %, 161769 MiB
2026/08/03 12:59:06.864, 0, P0, 36, 249.05 W, 1965 MHz, 3996 MHz, 66 %, 162537 MiB
2026/08/03 12:59:06.864, 1, P0, 33, 246.23 W, 1965 MHz, 3996 MHz, 78 %, 162729 MiB
2026/08/03 12:59:06.864, 2, P0, 36, 242.76 W, 1965 MHz, 3996 MHz, 93 %, 162729 MiB
2026/08/03 12:59:06.864, 3, P0, 33, 245.38 W, 1965 MHz, 3996 MHz, 92 %, 162729 MiB
2026/08/03 12:59:06.864, 4, P0, 34, 242.04 W, 1965 MHz, 3996 MHz, 75 %, 162729 MiB
2026/08/03 12:59:06.864, 5, P0, 36, 249.17 W, 1965 MHz, 3996 MHz, 43 %, 162729 MiB
2026/08/03 12:59:06.864, 6, P0, 33, 245.45 W, 1965 MHz, 3996 MHz, 51 %, 162729 MiB
2026/08/03 12:59:06.864, 7, P0, 37, 249.39 W, 1965 MHz, 3996 MHz, 53 %, 161769 MiB
2026/08/03 12:59:07.865, 0, P0, 36, 248.73 W, 1965 MHz, 3996 MHz, 72 %, 162537 MiB
2026/08/03 12:59:07.865, 1, P0, 33, 246.15 W, 1965 MHz, 3996 MHz, 71 %, 162729 MiB
2026/08/03 12:59:07.865, 2, P0, 36, 242.76 W, 1965 MHz, 3996 MHz, 88 %, 162729 MiB
2026/08/03 12:59:07.865, 3, P0, 33, 245.14 W, 1965 MHz, 3996 MHz, 84 %, 162729 MiB
2026/08/03 12:59:07.865, 4, P0, 34, 241.99 W, 1965 MHz, 3996 MHz, 80 %, 162729 MiB
2026/08/03 12:59:07.865, 5, P0, 36, 249.23 W, 1965 MHz, 3996 MHz, 36 %, 162729 MiB
2026/08/03 12:59:07.865, 6, P0, 33, 245.85 W, 1965 MHz, 3996 MHz, 60 %, 162729 MiB
2026/08/03 12:59:07.865, 7, P0, 37, 249.60 W, 1965 MHz, 3996 MHz, 93 %, 161769 MiB
2026/08/03 12:59:08.865, 0, P0, 36, 249.12 W, 1965 MHz, 3996 MHz, 74 %, 162537 MiB
2026/08/03 12:59:08.865, 1, P0, 33, 245.93 W, 1965 MHz, 3996 MHz, 62 %, 162729 MiB
2026/08/03 12:59:08.865, 2, P0, 36, 242.78 W, 1965 MHz, 3996 MHz, 84 %, 162729 MiB
2026/08/03 12:59:08.865, 3, P0, 33, 244.95 W, 1965 MHz, 3996 MHz, 84 %, 162729 MiB
2026/08/03 12:59:08.865, 4, P0, 34, 241.98 W, 1965 MHz, 3996 MHz, 84 %, 162729 MiB
2026/08/03 12:59:08.865, 5, P0, 36, 249.35 W, 1965 MHz, 3996 MHz, 54 %, 162729 MiB
2026/08/03 12:59:08.865, 6, P0, 33, 245.55 W, 1965 MHz, 3996 MHz, 8 %, 162729 MiB
2026/08/03 12:59:08.865, 7, P0, 37, 249.47 W, 1965 MHz, 3996 MHz, 75 %, 161769 MiB
2026/08/03 12:59:09.865, 0, P0, 36, 249.15 W, 1965 MHz, 3996 MHz, 93 %, 162537 MiB
2026/08/03 12:59:09.865, 1, P0, 33, 245.97 W, 1965 MHz, 3996 MHz, 62 %, 162729 MiB
2026/08/03 12:59:09.865, 2, P0, 36, 242.64 W, 1965 MHz, 3996 MHz, 89 %, 162729 MiB
2026/08/03 12:59:09.865, 3, P0, 33, 245.14 W, 1965 MHz, 3996 MHz, 79 %, 162729 MiB
2026/08/03 12:59:09.865, 4, P0, 34, 242.06 W, 1965 MHz, 3996 MHz, 84 %, 162729 MiB
2026/08/03 12:59:09.865, 5, P0, 36, 248.79 W, 1965 MHz, 3996 MHz, 43 %, 162729 MiB
2026/08/03 12:59:09.865, 6, P0, 33, 245.83 W, 1965 MHz, 3996 MHz, 46 %, 162729 MiB
2026/08/03 12:59:09.865, 7, P0, 37, 249.58 W, 1965 MHz, 3996 MHz, 84 %, 161769 MiB
2026/08/03 12:59:10.866, 0, P0, 36, 249.05 W, 1965 MHz, 3996 MHz, 84 %, 162537 MiB
2026/08/03 12:59:10.866, 1, P0, 33, 246.08 W, 1965 MHz, 3996 MHz, 74 %, 162729 MiB
2026/08/03 12:59:10.866, 2, P0, 36, 242.68 W, 1965 MHz, 3996 MHz, 93 %, 162729 MiB
2026/08/03 12:59:10.866, 3, P0, 33, 245.29 W, 1965 MHz, 3996 MHz, 84 %, 162729 MiB
2026/08/03 12:59:10.866, 4, P0, 34, 242.26 W, 1965 MHz, 3996 MHz, 86 %, 162729 MiB
2026/08/03 12:59:10.866, 5, P0, 36, 249.91 W, 1965 MHz, 3996 MHz, 53 %, 162729 MiB
2026/08/03 12:59:10.866, 6, P0, 33, 245.43 W, 1965 MHz, 3996 MHz, 5 %, 162729 MiB
2026/08/03 12:59:10.866, 7, P0, 37, 249.33 W, 1965 MHz, 3996 MHz, 81 %, 161769 MiB
2026/08/03 12:59:11.866, 0, P0, 36, 249.16 W, 1965 MHz, 3996 MHz, 84 %, 162537 MiB
2026/08/03 12:59:11.866, 1, P0, 33, 245.78 W, 1965 MHz, 3996 MHz, 77 %, 162729 MiB
2026/08/03 12:59:11.866, 2, P0, 36, 242.94 W, 1965 MHz, 3996 MHz, 92 %, 162729 MiB
2026/08/03 12:59:11.866, 3, P0, 33, 244.97 W, 1965 MHz, 3996 MHz, 88 %, 162729 MiB
2026/08/03 12:59:11.866, 4, P0, 34, 242.31 W, 1965 MHz, 3996 MHz, 75 %, 162729 MiB
2026/08/03 12:59:11.866, 5, P0, 36, 249.85 W, 1965 MHz, 3996 MHz, 50 %, 162729 MiB
2026/08/03 12:59:11.866, 6, P0, 33, 245.61 W, 1965 MHz, 3996 MHz, 5 %, 162729 MiB
2026/08/03 12:59:11.866, 7, P0, 37, 249.46 W, 1965 MHz, 3996 MHz, 84 %, 161769 MiB
2026/08/03 12:59:12.866, 0, P0, 36, 249.62 W, 1965 MHz, 3996 MHz, 86 %, 162537 MiB
2026/08/03 12:59:12.866, 1, P0, 33, 245.61 W, 1965 MHz, 3996 MHz, 82 %, 162729 MiB
2026/08/03 12:59:12.866, 2, P0, 36, 242.66 W, 1965 MHz, 3996 MHz, 92 %, 162729 MiB
2026/08/03 12:59:12.866, 3, P0, 33, 245.06 W, 1965 MHz, 3996 MHz, 86 %, 162729 MiB
2026/08/03 12:59:12.866, 4, P0, 34, 242.07 W, 1965 MHz, 3996 MHz, 72 %, 162729 MiB
2026/08/03 12:59:12.866, 5, P0, 36, 250.00 W, 1965 MHz, 3996 MHz, 68 %, 162729 MiB
2026/08/03 12:59:12.866, 6, P0, 33, 245.51 W, 1965 MHz, 3996 MHz, 5 %, 162729 MiB
2026/08/03 12:59:12.866, 7, P0, 37, 249.17 W, 1965 MHz, 3996 MHz, 61 %, 161769 MiB
2026/08/03 12:59:13.866, 0, P0, 36, 248.85 W, 1965 MHz, 3996 MHz, 71 %, 162537 MiB
2026/08/03 12:59:13.866, 1, P0, 33, 245.27 W, 1965 MHz, 3996 MHz, 70 %, 162729 MiB
2026/08/03 12:59:13.866, 2, P0, 36, 242.61 W, 1965 MHz, 3996 MHz, 82 %, 162729 MiB
2026/08/03 12:59:13.866, 3, P0, 33, 244.95 W, 1965 MHz, 3996 MHz, 73 %, 162729 MiB
2026/08/03 12:59:13.867, 4, P0, 34, 242.07 W, 1965 MHz, 3996 MHz, 75 %, 162729 MiB
2026/08/03 12:59:13.867, 5, P0, 36, 250.65 W, 1965 MHz, 3996 MHz, 69 %, 162729 MiB
2026/08/03 12:59:13.867, 6, P0, 33, 245.24 W, 1965 MHz, 3996 MHz, 5 %, 162729 MiB
2026/08/03 12:59:13.867, 7, P0, 37, 249.19 W, 1965 MHz, 3996 MHz, 69 %, 161769 MiB
2026/08/03 12:59:14.867, 0, P0, 36, 248.42 W, 1965 MHz, 3996 MHz, 88 %, 162537 MiB
2026/08/03 12:59:14.867, 1, P0, 33, 245.43 W, 1965 MHz, 3996 MHz, 72 %, 162729 MiB
2026/08/03 12:59:14.867, 2, P0, 36, 242.51 W, 1965 MHz, 3996 MHz, 87 %, 162729 MiB
2026/08/03 12:59:14.867, 3, P0, 33, 245.18 W, 1965 MHz, 3996 MHz, 78 %, 162729 MiB
2026/08/03 12:59:14.867, 4, P0, 34, 242.27 W, 1965 MHz, 3996 MHz, 77 %, 162729 MiB
2026/08/03 12:59:14.867, 5, P0, 36, 250.49 W, 1965 MHz, 3996 MHz, 70 %, 162729 MiB
2026/08/03 12:59:14.867, 6, P0, 33, 245.54 W, 1965 MHz, 3996 MHz, 8 %, 162729 MiB
2026/08/03 12:59:14.867, 7, P0, 37, 249.18 W, 1965 MHz, 3996 MHz, 69 %, 161769 MiB
2026/08/03 12:59:15.867, 0, P0, 36, 249.15 W, 1965 MHz, 3996 MHz, 89 %, 162537 MiB
2026/08/03 12:59:15.867, 1, P0, 33, 245.97 W, 1965 MHz, 3996 MHz, 56 %, 162729 MiB
2026/08/03 12:59:15.867, 2, P0, 36, 243.16 W, 1965 MHz, 3996 MHz, 90 %, 162729 MiB
2026/08/03 12:59:15.867, 3, P0, 33, 245.08 W, 1965 MHz, 3996 MHz, 78 %, 162729 MiB
2026/08/03 12:59:15.867, 4, P0, 34, 242.33 W, 1965 MHz, 3996 MHz, 84 %, 162729 MiB
2026/08/03 12:59:15.867, 5, P0, 36, 249.32 W, 1965 MHz, 3996 MHz, 69 %, 162729 MiB
2026/08/03 12:59:15.867, 6, P0, 33, 245.98 W, 1965 MHz, 3996 MHz, 24 %, 162729 MiB
2026/08/03 12:59:15.867, 7, P0, 37, 249.31 W, 1965 MHz, 3996 MHz, 72 %, 161769 MiB
2026/08/03 12:59:16.867, 0, P0, 36, 249.09 W, 1965 MHz, 3996 MHz, 75 %, 162537 MiB
2026/08/03 12:59:16.867, 1, P0, 33, 245.82 W, 1965 MHz, 3996 MHz, 77 %, 162729 MiB
2026/08/03 12:59:16.867, 2, P0, 36, 242.68 W, 1965 MHz, 3996 MHz, 92 %, 162729 MiB
2026/08/03 12:59:16.867, 3, P0, 33, 245.20 W, 1965 MHz, 3996 MHz, 91 %, 162729 MiB
2026/08/03 12:59:16.867, 4, P0, 34, 241.86 W, 1965 MHz, 3996 MHz, 80 %, 162729 MiB
2026/08/03 12:59:16.868, 5, P0, 36, 249.45 W, 1965 MHz, 3996 MHz, 63 %, 162729 MiB
2026/08/03 12:59:16.868, 6, P0, 33, 245.99 W, 1965 MHz, 3996 MHz, 44 %, 162729 MiB
2026/08/03 12:59:16.868, 7, P0, 37, 248.92 W, 1965 MHz, 3996 MHz, 44 %, 161769 MiB
2026/08/03 12:59:17.868, 0, P0, 36, 248.56 W, 1965 MHz, 3996 MHz, 68 %, 162537 MiB
2026/08/03 12:59:17.868, 1, P0, 33, 245.85 W, 1965 MHz, 3996 MHz, 45 %, 162729 MiB
2026/08/03 12:59:17.868, 2, P0, 36, 242.86 W, 1965 MHz, 3996 MHz, 93 %, 162729 MiB
2026/08/03 12:59:17.868, 3, P0, 33, 244.95 W, 1965 MHz, 3996 MHz, 79 %, 162729 MiB
2026/08/03 12:59:17.868, 4, P0, 34, 242.25 W, 1965 MHz, 3996 MHz, 81 %, 162729 MiB
2026/08/03 12:59:17.868, 5, P0, 36, 249.93 W, 1965 MHz, 3996 MHz, 72 %, 162729 MiB
2026/08/03 12:59:17.868, 6, P0, 33, 245.36 W, 1965 MHz, 3996 MHz, 21 %, 162729 MiB
2026/08/03 12:59:17.868, 7, P0, 37, 249.32 W, 1965 MHz, 3996 MHz, 87 %, 161769 MiB
2026/08/03 12:59:18.868, 0, P0, 36, 248.68 W, 1965 MHz, 3996 MHz, 59 %, 162537 MiB
2026/08/03 12:59:18.868, 1, P0, 33, 245.56 W, 1965 MHz, 3996 MHz, 53 %, 162729 MiB
2026/08/03 12:59:18.868, 2, P0, 36, 242.57 W, 1965 MHz, 3996 MHz, 91 %, 162729 MiB
2026/08/03 12:59:18.868, 3, P0, 33, 245.03 W, 1965 MHz, 3996 MHz, 79 %, 162729 MiB
2026/08/03 12:59:18.868, 4, P0, 34, 241.74 W, 1965 MHz, 3996 MHz, 60 %, 162729 MiB
2026/08/03 12:59:18.868, 5, P0, 36, 250.29 W, 1965 MHz, 3996 MHz, 78 %, 162729 MiB
2026/08/03 12:59:18.868, 6, P0, 33, 245.71 W, 1965 MHz, 3996 MHz, 29 %, 162729 MiB
2026/08/03 12:59:18.868, 7, P0, 37, 249.32 W, 1965 MHz, 3996 MHz, 90 %, 161769 MiB
2026/08/03 12:59:19.868, 0, P0, 36, 248.32 W, 1965 MHz, 3996 MHz, 54 %, 162537 MiB
2026/08/03 12:59:19.868, 1, P0, 33, 245.44 W, 1965 MHz, 3996 MHz, 64 %, 162729 MiB
2026/08/03 12:59:19.868, 2, P0, 36, 242.49 W, 1965 MHz, 3996 MHz, 97 %, 162729 MiB
2026/08/03 12:59:19.868, 3, P0, 33, 244.30 W, 1965 MHz, 3996 MHz, 74 %, 162729 MiB
2026/08/03 12:59:19.868, 4, P0, 33, 241.09 W, 1965 MHz, 3996 MHz, 0 %, 162729 MiB
2026/08/03 12:59:19.868, 5, P0, 36, 249.72 W, 1965 MHz, 3996 MHz, 0 %, 162729 MiB
2026/08/03 12:59:19.868, 6, P0, 33, 245.49 W, 1965 MHz, 3996 MHz, 5 %, 162729 MiB
2026/08/03 12:59:19.869, 7, P0, 37, 248.77 W, 1965 MHz, 3996 MHz, 77 %, 161769 MiB
2026/08/03 12:59:20.869, 0, P0, 36, 247.91 W, 1965 MHz, 3996 MHz, 86 %, 162537 MiB
2026/08/03 12:59:20.869, 1, P0, 33, 242.40 W, 1965 MHz, 3996 MHz, 78 %, 162729 MiB
2026/08/03 12:59:20.869, 2, P0, 36, 241.25 W, 1965 MHz, 3996 MHz, 87 %, 162729 MiB
2026/08/03 12:59:20.869, 3, P0, 33, 241.44 W, 1965 MHz, 3996 MHz, 85 %, 162729 MiB
2026/08/03 12:59:20.869, 4, P0, 33, 238.46 W, 1965 MHz, 3996 MHz, 68 %, 162729 MiB
2026/08/03 12:59:20.869, 5, P0, 36, 246.78 W, 1965 MHz, 3996 MHz, 56 %, 162729 MiB
2026/08/03 12:59:20.869, 6, P0, 33, 246.56 W, 1965 MHz, 3996 MHz, 24 %, 162729 MiB
2026/08/03 12:59:20.869, 7, P0, 37, 245.80 W, 1965 MHz, 3996 MHz, 95 %, 161769 MiB
2026/08/03 12:59:21.869, 0, P0, 36, 248.80 W, 1965 MHz, 3996 MHz, 75 %, 162537 MiB
2026/08/03 12:59:21.869, 1, P0, 33, 245.68 W, 1965 MHz, 3996 MHz, 85 %, 162729 MiB
2026/08/03 12:59:21.869, 2, P0, 36, 242.57 W, 1965 MHz, 3996 MHz, 92 %, 162729 MiB
2026/08/03 12:59:21.869, 3, P0, 33, 244.83 W, 1965 MHz, 3996 MHz, 94 %, 162729 MiB
2026/08/03 12:59:21.869, 4, P0, 34, 241.99 W, 1965 MHz, 3996 MHz, 88 %, 162729 MiB
2026/08/03 12:59:21.869, 5, P0, 36, 249.66 W, 1965 MHz, 3996 MHz, 65 %, 162729 MiB
2026/08/03 12:59:21.869, 6, P0, 33, 245.70 W, 1965 MHz, 3996 MHz, 5 %, 162729 MiB
2026/08/03 12:59:21.869, 7, P0, 37, 249.27 W, 1965 MHz, 3996 MHz, 84 %, 161769 MiB
2026/08/03 12:59:22.869, 0, P0, 36, 246.25 W, 1965 MHz, 3996 MHz, 0 %, 162537 MiB
2026/08/03 12:59:22.869, 1, P0, 33, 245.06 W, 1965 MHz, 3996 MHz, 100 %, 162729 MiB
2026/08/03 12:59:22.869, 2, P0, 36, 241.86 W, 1965 MHz, 3996 MHz, 100 %, 162729 MiB
2026/08/03 12:59:22.869, 3, P0, 33, 244.30 W, 1965 MHz, 3996 MHz, 100 %, 162729 MiB
2026/08/03 12:59:22.869, 4, P0, 33, 241.28 W, 1965 MHz, 3996 MHz, 100 %, 162729 MiB
2026/08/03 12:59:22.869, 5, P0, 36, 249.38 W, 1965 MHz, 3996 MHz, 100 %, 162729 MiB
2026/08/03 12:59:22.869, 6, P0, 33, 246.07 W, 1965 MHz, 3996 MHz, 100 %, 162729 MiB
2026/08/03 12:59:22.869, 7, P0, 37, 248.94 W, 1965 MHz, 3996 MHz, 100 %, 161769 MiB
2026/08/03 12:59:23.869, 0, P0, 36, 246.78 W, 1965 MHz, 3996 MHz, 100 %, 162537 MiB
2026/08/03 12:59:23.870, 1, P0, 33, 244.83 W, 1965 MHz, 3996 MHz, 100 %, 162729 MiB
2026/08/03 12:59:23.870, 2, P0, 36, 238.32 W, 1965 MHz, 3996 MHz, 31 %, 162729 MiB
2026/08/03 12:59:23.870, 3, P0, 33, 243.74 W, 1965 MHz, 3996 MHz, 100 %, 162729 MiB
2026/08/03 12:59:23.870, 4, P0, 33, 240.66 W, 1965 MHz, 3996 MHz, 91 %, 162729 MiB
2026/08/03 12:59:23.870, 5, P0, 36, 249.50 W, 1965 MHz, 3996 MHz, 100 %, 162729 MiB
2026/08/03 12:59:23.870, 6, P0, 33, 244.51 W, 1965 MHz, 3996 MHz, 0 %, 162729 MiB
2026/08/03 12:59:23.870, 7, P0, 37, 248.41 W, 1965 MHz, 3996 MHz, 100 %, 161769 MiB
2026/08/03 12:59:24.870, 0, P0, 36, 248.26 W, 1965 MHz, 3996 MHz, 75 %, 162537 MiB
2026/08/03 12:59:24.870, 1, P0, 33, 245.93 W, 1965 MHz, 3996 MHz, 73 %, 162729 MiB
2026/08/03 12:59:24.870, 2, P0, 36, 242.58 W, 1965 MHz, 3996 MHz, 86 %, 162729 MiB
2026/08/03 12:59:24.870, 3, P0, 33, 245.05 W, 1965 MHz, 3996 MHz, 79 %, 162729 MiB
2026/08/03 12:59:24.870, 4, P0, 33, 241.38 W, 1965 MHz, 3996 MHz, 85 %, 162729 MiB
2026/08/03 12:59:24.870, 5, P0, 36, 250.58 W, 1965 MHz, 3996 MHz, 63 %, 162729 MiB
2026/08/03 12:59:24.870, 6, P0, 33, 245.76 W, 1965 MHz, 3996 MHz, 5 %, 162729 MiB
2026/08/03 12:59:24.870, 7, P0, 37, 249.54 W, 1965 MHz, 3996 MHz, 82 %, 161769 MiB
2026/08/03 12:59:25.870, 0, P0, 36, 248.93 W, 1965 MHz, 3996 MHz, 73 %, 162537 MiB
2026/08/03 12:59:25.870, 1, P0, 33, 245.58 W, 1965 MHz, 3996 MHz, 69 %, 162729 MiB
2026/08/03 12:59:25.870, 2, P0, 36, 242.26 W, 1965 MHz, 3996 MHz, 90 %, 162729 MiB
2026/08/03 12:59:25.870, 3, P0, 33, 244.88 W, 1965 MHz, 3996 MHz, 84 %, 162729 MiB
2026/08/03 12:59:25.870, 4, P0, 33, 241.89 W, 1965 MHz, 3996 MHz, 81 %, 162729 MiB
2026/08/03 12:59:25.870, 5, P0, 36, 250.60 W, 1965 MHz, 3996 MHz, 67 %, 162729 MiB
2026/08/03 12:59:25.870, 6, P0, 33, 245.99 W, 1965 MHz, 3996 MHz, 5 %, 162729 MiB
2026/08/03 12:59:25.870, 7, P0, 37, 249.41 W, 1965 MHz, 3996 MHz, 84 %, 161769 MiB
2026/08/03 12:59:26.870, 0, P0, 36, 248.62 W, 1965 MHz, 3996 MHz, 87 %, 162537 MiB
2026/08/03 12:59:26.870, 1, P0, 33, 245.87 W, 1965 MHz, 3996 MHz, 67 %, 162729 MiB
2026/08/03 12:59:26.870, 2, P0, 36, 242.96 W, 1965 MHz, 3996 MHz, 91 %, 162729 MiB
2026/08/03 12:59:26.870, 3, P0, 33, 245.06 W, 1965 MHz, 3996 MHz, 87 %, 162729 MiB
2026/08/03 12:59:26.870, 4, P0, 33, 242.08 W, 1965 MHz, 3996 MHz, 80 %, 162729 MiB
2026/08/03 12:59:26.870, 5, P0, 36, 250.26 W, 1965 MHz, 3996 MHz, 74 %, 162729 MiB
2026/08/03 12:59:26.871, 6, P0, 33, 245.51 W, 1965 MHz, 3996 MHz, 5 %, 162729 MiB
2026/08/03 12:59:26.871, 7, P0, 37, 249.49 W, 1965 MHz, 3996 MHz, 82 %, 161769 MiB
2026/08/03 12:59:27.871, 0, P0, 36, 248.84 W, 1965 MHz, 3996 MHz, 61 %, 162537 MiB
2026/08/03 12:59:27.871, 1, P0, 33, 246.14 W, 1965 MHz, 3996 MHz, 63 %, 162729 MiB
2026/08/03 12:59:27.871, 2, P0, 36, 242.58 W, 1965 MHz, 3996 MHz, 93 %, 162729 MiB
2026/08/03 12:59:27.871, 3, P0, 33, 244.75 W, 1965 MHz, 3996 MHz, 79 %, 162729 MiB
2026/08/03 12:59:27.871, 4, P0, 33, 241.74 W, 1965 MHz, 3996 MHz, 74 %, 162729 MiB
2026/08/03 12:59:27.871, 5, P0, 36, 249.43 W, 1965 MHz, 3996 MHz, 75 %, 162729 MiB
2026/08/03 12:59:27.871, 6, P0, 33, 245.75 W, 1965 MHz, 3996 MHz, 5 %, 162729 MiB
2026/08/03 12:59:27.871, 7, P0, 37, 249.22 W, 1965 MHz, 3996 MHz, 72 %, 161769 MiB
2026/08/03 12:59:28.871, 0, P0, 36, 248.30 W, 1965 MHz, 3996 MHz, 89 %, 162537 MiB
2026/08/03 12:59:28.871, 1, P0, 33, 245.70 W, 1965 MHz, 3996 MHz, 78 %, 162729 MiB
2026/08/03 12:59:28.871, 2, P0, 36, 242.55 W, 1965 MHz, 3996 MHz, 87 %, 162729 MiB
2026/08/03 12:59:28.871, 3, P0, 33, 244.52 W, 1965 MHz, 3996 MHz, 82 %, 162729 MiB
2026/08/03 12:59:28.871, 4, P0, 33, 241.67 W, 1965 MHz, 3996 MHz, 62 %, 162729 MiB
2026/08/03 12:59:28.871, 5, P0, 36, 250.12 W, 1965 MHz, 3996 MHz, 68 %, 162729 MiB
2026/08/03 12:59:28.871, 6, P0, 33, 245.49 W, 1965 MHz, 3996 MHz, 7 %, 162729 MiB
2026/08/03 12:59:28.871, 7, P0, 37, 249.02 W, 1965 MHz, 3996 MHz, 71 %, 161769 MiB
2026/08/03 12:59:29.871, 0, P0, 36, 248.49 W, 1965 MHz, 3996 MHz, 68 %, 162537 MiB
2026/08/03 12:59:29.871, 1, P0, 33, 245.61 W, 1965 MHz, 3996 MHz, 72 %, 162729 MiB
2026/08/03 12:59:29.871, 2, P0, 36, 242.88 W, 1965 MHz, 3996 MHz, 84 %, 162729 MiB
2026/08/03 12:59:29.871, 3, P0, 33, 244.88 W, 1965 MHz, 3996 MHz, 58 %, 162729 MiB
2026/08/03 12:59:29.871, 4, P0, 33, 242.21 W, 1965 MHz, 3996 MHz, 72 %, 162729 MiB
2026/08/03 12:59:29.871, 5, P0, 36, 249.55 W, 1965 MHz, 3996 MHz, 37 %, 162729 MiB
2026/08/03 12:59:29.871, 6, P0, 33, 245.72 W, 1965 MHz, 3996 MHz, 7 %, 162729 MiB
2026/08/03 12:59:29.871, 7, P0, 37, 249.27 W, 1965 MHz, 3996 MHz, 72 %, 161769 MiB
2026/08/03 12:59:30.871, 0, P0, 36, 248.23 W, 1965 MHz, 3996 MHz, 73 %, 162537 MiB
2026/08/03 12:59:30.872, 1, P0, 33, 245.85 W, 1965 MHz, 3996 MHz, 52 %, 162729 MiB
2026/08/03 12:59:30.872, 2, P0, 36, 242.77 W, 1965 MHz, 3996 MHz, 85 %, 162729 MiB
2026/08/03 12:59:30.872, 3, P0, 33, 245.06 W, 1965 MHz, 3996 MHz, 68 %, 162729 MiB
2026/08/03 12:59:30.872, 4, P0, 33, 242.20 W, 1965 MHz, 3996 MHz, 78 %, 162729 MiB
2026/08/03 12:59:30.872, 5, P0, 36, 249.88 W, 1965 MHz, 3996 MHz, 37 %, 162729 MiB
2026/08/03 12:59:30.872, 6, P0, 33, 245.79 W, 1965 MHz, 3996 MHz, 39 %, 162729 MiB
2026/08/03 12:59:30.872, 7, P0, 37, 249.29 W, 1965 MHz, 3996 MHz, 74 %, 161769 MiB
2026/08/03 12:59:31.872, 0, P0, 36, 248.44 W, 1965 MHz, 3996 MHz, 78 %, 162537 MiB
2026/08/03 12:59:31.872, 1, P0, 33, 245.15 W, 1965 MHz, 3996 MHz, 63 %, 162729 MiB
2026/08/03 12:59:31.872, 2, P0, 36, 242.51 W, 1965 MHz, 3996 MHz, 92 %, 162729 MiB
2026/08/03 12:59:31.872, 3, P0, 33, 244.98 W, 1965 MHz, 3996 MHz, 81 %, 162729 MiB
2026/08/03 12:59:31.872, 4, P0, 33, 241.82 W, 1965 MHz, 3996 MHz, 87 %, 162729 MiB
2026/08/03 12:59:31.872, 5, P0, 36, 249.28 W, 1965 MHz, 3996 MHz, 54 %, 162729 MiB
2026/08/03 12:59:31.872, 6, P0, 33, 245.37 W, 1965 MHz, 3996 MHz, 6 %, 162729 MiB
2026/08/03 12:59:31.872, 7, P0, 37, 249.39 W, 1965 MHz, 3996 MHz, 79 %, 161769 MiB
2026/08/03 12:59:32.872, 0, P0, 36, 248.36 W, 1965 MHz, 3996 MHz, 85 %, 162537 MiB
2026/08/03 12:59:32.872, 1, P0, 33, 245.64 W, 1965 MHz, 3996 MHz, 67 %, 162729 MiB
2026/08/03 12:59:32.872, 2, P0, 36, 242.64 W, 1965 MHz, 3996 MHz, 94 %, 162729 MiB
2026/08/03 12:59:32.872, 3, P0, 33, 244.61 W, 1965 MHz, 3996 MHz, 84 %, 162729 MiB
2026/08/03 12:59:32.872, 4, P0, 33, 241.89 W, 1965 MHz, 3996 MHz, 83 %, 162729 MiB
2026/08/03 12:59:32.872, 5, P0, 36, 249.31 W, 1965 MHz, 3996 MHz, 43 %, 162729 MiB
2026/08/03 12:59:32.872, 6, P0, 33, 245.27 W, 1965 MHz, 3996 MHz, 6 %, 162729 MiB
2026/08/03 12:59:32.872, 7, P0, 37, 249.03 W, 1965 MHz, 3996 MHz, 77 %, 161769 MiB
2026/08/03 12:59:33.872, 0, P0, 36, 248.96 W, 1965 MHz, 3996 MHz, 77 %, 162537 MiB
2026/08/03 12:59:33.872, 1, P0, 33, 245.60 W, 1965 MHz, 3996 MHz, 63 %, 162729 MiB
2026/08/03 12:59:33.872, 2, P0, 36, 242.53 W, 1965 MHz, 3996 MHz, 90 %, 162729 MiB
2026/08/03 12:59:33.872, 3, P0, 33, 244.79 W, 1965 MHz, 3996 MHz, 86 %, 162729 MiB
2026/08/03 12:59:33.872, 4, P0, 33, 241.83 W, 1965 MHz, 3996 MHz, 76 %, 162729 MiB
2026/08/03 12:59:33.872, 5, P0, 36, 248.98 W, 1965 MHz, 3996 MHz, 33 %, 162729 MiB
2026/08/03 12:59:33.872, 6, P0, 33, 245.40 W, 1965 MHz, 3996 MHz, 5 %, 162729 MiB
2026/08/03 12:59:33.872, 7, P0, 37, 249.06 W, 1965 MHz, 3996 MHz, 83 %, 161769 MiB
2026/08/03 12:59:34.872, 0, P0, 36, 247.86 W, 1965 MHz, 3996 MHz, 14 %, 162537 MiB
2026/08/03 12:59:34.872, 1, P0, 33, 245.89 W, 1965 MHz, 3996 MHz, 86 %, 162729 MiB
2026/08/03 12:59:34.873, 2, P0, 36, 242.71 W, 1965 MHz, 3996 MHz, 87 %, 162729 MiB
2026/08/03 12:59:34.873, 3, P0, 33, 245.30 W, 1965 MHz, 3996 MHz, 92 %, 162729 MiB
2026/08/03 12:59:34.873, 4, P0, 33, 241.94 W, 1965 MHz, 3996 MHz, 68 %, 162729 MiB
2026/08/03 12:59:34.873, 5, P0, 36, 249.53 W, 1965 MHz, 3996 MHz, 40 %, 162729 MiB
2026/08/03 12:59:34.873, 6, P0, 33, 246.24 W, 1965 MHz, 3996 MHz, 18 %, 162729 MiB
2026/08/03 12:59:34.873, 7, P0, 37, 249.15 W, 1965 MHz, 3996 MHz, 83 %, 161769 MiB
2026/08/03 12:59:35.873, 0, P0, 36, 248.20 W, 1965 MHz, 3996 MHz, 62 %, 162537 MiB
2026/08/03 12:59:35.873, 1, P0, 33, 245.89 W, 1965 MHz, 3996 MHz, 82 %, 162729 MiB
2026/08/03 12:59:35.873, 2, P0, 36, 242.46 W, 1965 MHz, 3996 MHz, 88 %, 162729 MiB
2026/08/03 12:59:35.873, 3, P0, 33, 244.95 W, 1965 MHz, 3996 MHz, 77 %, 162729 MiB
2026/08/03 12:59:35.873, 4, P0, 33, 241.99 W, 1965 MHz, 3996 MHz, 73 %, 162729 MiB
2026/08/03 12:59:35.873, 5, P0, 36, 249.13 W, 1965 MHz, 3996 MHz, 44 %, 162729 MiB
2026/08/03 12:59:35.873, 6, P0, 33, 245.67 W, 1965 MHz, 3996 MHz, 5 %, 162729 MiB
2026/08/03 12:59:35.873, 7, P0, 37, 249.40 W, 1965 MHz, 3996 MHz, 79 %, 161769 MiB
2026/08/03 12:59:36.873, 0, P0, 36, 248.62 W, 1965 MHz, 3996 MHz, 70 %, 162537 MiB
2026/08/03 12:59:36.873, 1, P0, 33, 245.21 W, 1965 MHz, 3996 MHz, 76 %, 162729 MiB
2026/08/03 12:59:36.873, 2, P0, 36, 242.77 W, 1965 MHz, 3996 MHz, 82 %, 162729 MiB
2026/08/03 12:59:36.873, 3, P0, 33, 245.24 W, 1965 MHz, 3996 MHz, 72 %, 162729 MiB
2026/08/03 12:59:36.873, 4, P0, 33, 241.71 W, 1965 MHz, 3996 MHz, 65 %, 162729 MiB
2026/08/03 12:59:36.873, 5, P0, 36, 249.23 W, 1965 MHz, 3996 MHz, 40 %, 162729 MiB
2026/08/03 12:59:36.873, 6, P0, 33, 245.53 W, 1965 MHz, 3996 MHz, 5 %, 162729 MiB
2026/08/03 12:59:36.873, 7, P0, 37, 249.49 W, 1965 MHz, 3996 MHz, 71 %, 161769 MiB
2026/08/03 12:59:37.873, 0, P0, 36, 248.25 W, 1965 MHz, 3996 MHz, 70 %, 162537 MiB
2026/08/03 12:59:37.873, 1, P0, 33, 245.53 W, 1965 MHz, 3996 MHz, 78 %, 162729 MiB
2026/08/03 12:59:37.873, 2, P0, 36, 242.52 W, 1965 MHz, 3996 MHz, 89 %, 162729 MiB
2026/08/03 12:59:37.873, 3, P0, 33, 244.82 W, 1965 MHz, 3996 MHz, 77 %, 162729 MiB
2026/08/03 12:59:37.873, 4, P0, 33, 241.71 W, 1965 MHz, 3996 MHz, 45 %, 162729 MiB
2026/08/03 12:59:37.873, 5, P0, 36, 249.53 W, 1965 MHz, 3996 MHz, 62 %, 162729 MiB
2026/08/03 12:59:37.873, 6, P0, 33, 245.87 W, 1965 MHz, 3996 MHz, 14 %, 162729 MiB
2026/08/03 12:59:37.873, 7, P0, 37, 249.34 W, 1965 MHz, 3996 MHz, 78 %, 161769 MiB
2026/08/03 12:59:38.874, 0, P0, 36, 248.73 W, 1965 MHz, 3996 MHz, 81 %, 162537 MiB
2026/08/03 12:59:38.874, 1, P0, 33, 245.76 W, 1965 MHz, 3996 MHz, 66 %, 162729 MiB
2026/08/03 12:59:38.874, 2, P0, 36, 242.68 W, 1965 MHz, 3996 MHz, 86 %, 162729 MiB
2026/08/03 12:59:38.874, 3, P0, 33, 244.65 W, 1965 MHz, 3996 MHz, 74 %, 162729 MiB
2026/08/03 12:59:38.874, 4, P0, 33, 241.68 W, 1965 MHz, 3996 MHz, 81 %, 162729 MiB
2026/08/03 12:59:38.874, 5, P0, 36, 249.67 W, 1965 MHz, 3996 MHz, 76 %, 162729 MiB
2026/08/03 12:59:38.874, 6, P0, 33, 245.50 W, 1965 MHz, 3996 MHz, 13 %, 162729 MiB
2026/08/03 12:59:38.874, 7, P0, 37, 249.09 W, 1965 MHz, 3996 MHz, 84 %, 161769 MiB
2026/08/03 12:59:39.874, 0, P0, 36, 248.70 W, 1965 MHz, 3996 MHz, 90 %, 162537 MiB
2026/08/03 12:59:39.874, 1, P0, 33, 245.63 W, 1965 MHz, 3996 MHz, 66 %, 162729 MiB
2026/08/03 12:59:39.874, 2, P0, 36, 242.49 W, 1965 MHz, 3996 MHz, 89 %, 162729 MiB
2026/08/03 12:59:39.874, 3, P0, 33, 244.64 W, 1965 MHz, 3996 MHz, 63 %, 162729 MiB
2026/08/03 12:59:39.874, 4, P0, 33, 241.79 W, 1965 MHz, 3996 MHz, 87 %, 162729 MiB
2026/08/03 12:59:39.874, 5, P0, 36, 249.55 W, 1965 MHz, 3996 MHz, 50 %, 162729 MiB
2026/08/03 12:59:39.874, 6, P0, 33, 245.33 W, 1965 MHz, 3996 MHz, 5 %, 162729 MiB
2026/08/03 12:59:39.874, 7, P0, 37, 249.33 W, 1965 MHz, 3996 MHz, 79 %, 161769 MiB
2026/08/03 12:59:40.874, 0, P0, 36, 273.48 W, 1965 MHz, 3996 MHz, 87 %, 162537 MiB
2026/08/03 12:59:40.874, 1, P0, 34, 266.57 W, 1965 MHz, 3996 MHz, 51 %, 162729 MiB
2026/08/03 12:59:40.874, 2, P0, 37, 265.70 W, 1965 MHz, 3996 MHz, 81 %, 162729 MiB
2026/08/03 12:59:40.874, 3, P0, 33, 265.51 W, 1965 MHz, 3996 MHz, 76 %, 162729 MiB
2026/08/03 12:59:40.874, 4, P0, 34, 266.72 W, 1965 MHz, 3996 MHz, 82 %, 162729 MiB
2026/08/03 12:59:40.874, 5, P0, 37, 275.04 W, 1965 MHz, 3996 MHz, 60 %, 162729 MiB
2026/08/03 12:59:40.874, 6, P0, 34, 264.85 W, 1965 MHz, 3996 MHz, 6 %, 162729 MiB
2026/08/03 12:59:40.874, 7, P0, 38, 265.51 W, 1965 MHz, 3996 MHz, 57 %, 161769 MiB
2026/08/03 12:59:41.874, 0, P0, 36, 249.11 W, 1965 MHz, 3996 MHz, 87 %, 162537 MiB
2026/08/03 12:59:41.874, 1, P0, 33, 246.33 W, 1965 MHz, 3996 MHz, 69 %, 162729 MiB
2026/08/03 12:59:41.874, 2, P0, 36, 243.05 W, 1965 MHz, 3996 MHz, 88 %, 162729 MiB
2026/08/03 12:59:41.874, 3, P0, 33, 245.45 W, 1965 MHz, 3996 MHz, 87 %, 162729 MiB
2026/08/03 12:59:41.874, 4, P0, 34, 242.60 W, 1965 MHz, 3996 MHz, 85 %, 162729 MiB
2026/08/03 12:59:41.875, 5, P0, 36, 250.51 W, 1965 MHz, 3996 MHz, 53 %, 162729 MiB
2026/08/03 12:59:41.875, 6, P0, 33, 245.76 W, 1965 MHz, 3996 MHz, 6 %, 162729 MiB
2026/08/03 12:59:41.875, 7, P0, 37, 249.76 W, 1965 MHz, 3996 MHz, 75 %, 161769 MiB
2026/08/03 12:59:42.875, 0, P0, 38, 272.62 W, 1965 MHz, 3996 MHz, 82 %, 162537 MiB
2026/08/03 12:59:42.875, 1, P0, 34, 269.47 W, 1965 MHz, 3996 MHz, 69 %, 162729 MiB
2026/08/03 12:59:42.875, 2, P0, 37, 267.83 W, 1965 MHz, 3996 MHz, 93 %, 162729 MiB
2026/08/03 12:59:42.875, 3, P0, 34, 269.23 W, 1965 MHz, 3996 MHz, 80 %, 162729 MiB
2026/08/03 12:59:42.875, 4, P0, 35, 263.99 W, 1965 MHz, 3996 MHz, 81 %, 162729 MiB
2026/08/03 12:59:42.875, 5, P0, 38, 271.97 W, 1965 MHz, 3996 MHz, 76 %, 162729 MiB
2026/08/03 12:59:42.875, 6, P0, 34, 262.25 W, 1965 MHz, 3996 MHz, 6 %, 162729 MiB
2026/08/03 12:59:42.875, 7, P0, 38, 266.70 W, 1965 MHz, 3996 MHz, 54 %, 161769 MiB
2026/08/03 12:59:43.875, 0, P0, 36, 248.60 W, 1965 MHz, 3996 MHz, 62 %, 162537 MiB
2026/08/03 12:59:43.875, 1, P0, 33, 245.94 W, 1965 MHz, 3996 MHz, 10 %, 162729 MiB
2026/08/03 12:59:43.875, 2, P0, 36, 243.64 W, 1965 MHz, 3996 MHz, 90 %, 162729 MiB
2026/08/03 12:59:43.875, 3, P0, 33, 246.44 W, 1965 MHz, 3996 MHz, 79 %, 162729 MiB
2026/08/03 12:59:43.875, 4, P0, 34, 242.19 W, 1965 MHz, 3996 MHz, 81 %, 162729 MiB
2026/08/03 12:59:43.875, 5, P0, 36, 249.26 W, 1965 MHz, 3996 MHz, 23 %, 162729 MiB
2026/08/03 12:59:43.875, 6, P0, 33, 252.81 W, 1965 MHz, 3996 MHz, 36 %, 162729 MiB
2026/08/03 12:59:43.875, 7, P0, 37, 257.29 W, 1965 MHz, 3996 MHz, 61 %, 161769 MiB
2026/08/03 12:59:44.875, 0, P0, 36, 248.74 W, 1965 MHz, 3996 MHz, 76 %, 162537 MiB
2026/08/03 12:59:44.875, 1, P0, 33, 245.57 W, 1965 MHz, 3996 MHz, 43 %, 162729 MiB
2026/08/03 12:59:44.875, 2, P0, 36, 242.64 W, 1965 MHz, 3996 MHz, 92 %, 162729 MiB
2026/08/03 12:59:44.875, 3, P0, 33, 244.97 W, 1965 MHz, 3996 MHz, 83 %, 162729 MiB
2026/08/03 12:59:44.875, 4, P0, 34, 242.09 W, 1965 MHz, 3996 MHz, 77 %, 162729 MiB
2026/08/03 12:59:44.875, 5, P0, 36, 249.27 W, 1965 MHz, 3996 MHz, 54 %, 162729 MiB
2026/08/03 12:59:44.875, 6, P0, 33, 245.68 W, 1965 MHz, 3996 MHz, 6 %, 162729 MiB
2026/08/03 12:59:44.875, 7, P0, 37, 249.68 W, 1965 MHz, 3996 MHz, 73 %, 161769 MiB
2026/08/03 12:59:45.875, 0, P0, 36, 272.46 W, 1965 MHz, 3996 MHz, 60 %, 162537 MiB
2026/08/03 12:59:45.875, 1, P0, 33, 269.20 W, 1965 MHz, 3996 MHz, 70 %, 162729 MiB
2026/08/03 12:59:45.875, 2, P0, 36, 266.71 W, 1965 MHz, 3996 MHz, 91 %, 162729 MiB
2026/08/03 12:59:45.876, 3, P0, 33, 268.39 W, 1965 MHz, 3996 MHz, 91 %, 162729 MiB
2026/08/03 12:59:45.876, 4, P0, 34, 263.32 W, 1965 MHz, 3996 MHz, 79 %, 162729 MiB
2026/08/03 12:59:45.876, 5, P0, 36, 273.01 W, 1965 MHz, 3996 MHz, 32 %, 162729 MiB
2026/08/03 12:59:45.876, 6, P0, 33, 263.90 W, 1965 MHz, 3996 MHz, 39 %, 162729 MiB
2026/08/03 12:59:45.876, 7, P0, 37, 269.49 W, 1965 MHz, 3996 MHz, 82 %, 161769 MiB
2026/08/03 12:59:46.876, 0, P0, 36, 249.06 W, 1965 MHz, 3996 MHz, 81 %, 162537 MiB
2026/08/03 12:59:46.876, 1, P0, 33, 245.68 W, 1965 MHz, 3996 MHz, 62 %, 162729 MiB
2026/08/03 12:59:46.876, 2, P0, 36, 242.77 W, 1965 MHz, 3996 MHz, 87 %, 162729 MiB
2026/08/03 12:59:46.876, 3, P0, 33, 245.24 W, 1965 MHz, 3996 MHz, 80 %, 162729 MiB
2026/08/03 12:59:46.876, 4, P0, 34, 242.34 W, 1965 MHz, 3996 MHz, 82 %, 162729 MiB
2026/08/03 12:59:46.876, 5, P0, 36, 250.31 W, 1965 MHz, 3996 MHz, 69 %, 162729 MiB
2026/08/03 12:59:46.876, 6, P0, 33, 246.00 W, 1965 MHz, 3996 MHz, 6 %, 162729 MiB
2026/08/03 12:59:46.876, 7, P0, 37, 249.83 W, 1965 MHz, 3996 MHz, 80 %, 161769 MiB
2026/08/03 12:59:47.876, 0, P0, 36, 273.01 W, 1965 MHz, 3996 MHz, 90 %, 162537 MiB
2026/08/03 12:59:47.876, 1, P0, 33, 268.86 W, 1965 MHz, 3996 MHz, 80 %, 162729 MiB
2026/08/03 12:59:47.876, 2, P0, 36, 266.48 W, 1965 MHz, 3996 MHz, 44 %, 162729 MiB
2026/08/03 12:59:47.876, 3, P0, 33, 268.85 W, 1965 MHz, 3996 MHz, 86 %, 162729 MiB
2026/08/03 12:59:47.876, 4, P0, 34, 265.11 W, 1965 MHz, 3996 MHz, 77 %, 162729 MiB
2026/08/03 12:59:47.876, 5, P0, 36, 272.57 W, 1965 MHz, 3996 MHz, 52 %, 162729 MiB
2026/08/03 12:59:47.876, 6, P0, 33, 261.93 W, 1965 MHz, 3996 MHz, 6 %, 162729 MiB
2026/08/03 12:59:47.876, 7, P0, 37, 268.70 W, 1965 MHz, 3996 MHz, 81 %, 161769 MiB
2026/08/03 12:59:48.876, 0, P0, 36, 249.30 W, 1965 MHz, 3996 MHz, 81 %, 162537 MiB
2026/08/03 12:59:48.876, 1, P0, 33, 245.39 W, 1965 MHz, 3996 MHz, 27 %, 162729 MiB
2026/08/03 12:59:48.876, 2, P0, 36, 242.98 W, 1965 MHz, 3996 MHz, 90 %, 162729 MiB
2026/08/03 12:59:48.876, 3, P0, 33, 244.92 W, 1965 MHz, 3996 MHz, 79 %, 162729 MiB
2026/08/03 12:59:48.876, 4, P0, 34, 242.16 W, 1965 MHz, 3996 MHz, 75 %, 162729 MiB
2026/08/03 12:59:48.876, 5, P0, 36, 249.87 W, 1965 MHz, 3996 MHz, 40 %, 162729 MiB
2026/08/03 12:59:48.876, 6, P0, 33, 246.45 W, 1965 MHz, 3996 MHz, 93 %, 162729 MiB
2026/08/03 12:59:48.876, 7, P0, 37, 249.68 W, 1965 MHz, 3996 MHz, 72 %, 161769 MiB
2026/08/03 12:59:49.877, 0, P0, 36, 249.00 W, 1965 MHz, 3996 MHz, 74 %, 162537 MiB
2026/08/03 12:59:49.877, 1, P0, 33, 245.62 W, 1965 MHz, 3996 MHz, 65 %, 162729 MiB
2026/08/03 12:59:49.877, 2, P0, 36, 243.08 W, 1965 MHz, 3996 MHz, 92 %, 162729 MiB
2026/08/03 12:59:49.877, 3, P0, 33, 245.12 W, 1965 MHz, 3996 MHz, 86 %, 162729 MiB
2026/08/03 12:59:49.877, 4, P0, 34, 241.97 W, 1965 MHz, 3996 MHz, 81 %, 162729 MiB
2026/08/03 12:59:49.877, 5, P0, 36, 249.79 W, 1965 MHz, 3996 MHz, 52 %, 162729 MiB
2026/08/03 12:59:49.877, 6, P0, 33, 245.85 W, 1965 MHz, 3996 MHz, 7 %, 162729 MiB
2026/08/03 12:59:49.877, 7, P0, 37, 249.64 W, 1965 MHz, 3996 MHz, 80 %, 161769 MiB
2026/08/03 12:59:50.877, 0, P0, 36, 248.42 W, 1965 MHz, 3996 MHz, 84 %, 162537 MiB
2026/08/03 12:59:50.877, 1, P0, 33, 245.88 W, 1965 MHz, 3996 MHz, 69 %, 162729 MiB
2026/08/03 12:59:50.877, 2, P0, 36, 242.82 W, 1965 MHz, 3996 MHz, 93 %, 162729 MiB
2026/08/03 12:59:50.877, 3, P0, 33, 245.12 W, 1965 MHz, 3996 MHz, 54 %, 162729 MiB
2026/08/03 12:59:50.877, 4, P0, 34, 242.41 W, 1965 MHz, 3996 MHz, 74 %, 162729 MiB
2026/08/03 12:59:50.877, 5, P0, 36, 249.95 W, 1965 MHz, 3996 MHz, 54 %, 162729 MiB
2026/08/03 12:59:50.877, 6, P0, 33, 246.15 W, 1965 MHz, 3996 MHz, 6 %, 162729 MiB
2026/08/03 12:59:50.877, 7, P0, 37, 249.61 W, 1965 MHz, 3996 MHz, 85 %, 161769 MiB
2026/08/03 12:59:51.877, 0, P0, 36, 249.25 W, 1965 MHz, 3996 MHz, 71 %, 162537 MiB
2026/08/03 12:59:51.877, 1, P0, 33, 245.79 W, 1965 MHz, 3996 MHz, 57 %, 162729 MiB
2026/08/03 12:59:51.877, 2, P0, 36, 243.03 W, 1965 MHz, 3996 MHz, 85 %, 162729 MiB
2026/08/03 12:59:51.877, 3, P0, 33, 245.13 W, 1965 MHz, 3996 MHz, 78 %, 162729 MiB
2026/08/03 12:59:51.877, 4, P0, 34, 242.16 W, 1965 MHz, 3996 MHz, 80 %, 162729 MiB
2026/08/03 12:59:51.877, 5, P0, 36, 249.60 W, 1965 MHz, 3996 MHz, 51 %, 162729 MiB
2026/08/03 12:59:51.877, 6, P0, 33, 245.86 W, 1965 MHz, 3996 MHz, 9 %, 162729 MiB
2026/08/03 12:59:51.877, 7, P0, 37, 249.60 W, 1965 MHz, 3996 MHz, 84 %, 161769 MiB
2026/08/03 12:59:52.877, 0, P0, 36, 249.49 W, 1965 MHz, 3996 MHz, 77 %, 162537 MiB
2026/08/03 12:59:52.877, 1, P0, 33, 244.87 W, 1965 MHz, 3996 MHz, 26 %, 162729 MiB
2026/08/03 12:59:52.877, 2, P0, 36, 242.89 W, 1965 MHz, 3996 MHz, 86 %, 162729 MiB
2026/08/03 12:59:52.877, 3, P0, 33, 245.13 W, 1965 MHz, 3996 MHz, 74 %, 162729 MiB
2026/08/03 12:59:52.877, 4, P0, 34, 242.14 W, 1965 MHz, 3996 MHz, 81 %, 162729 MiB
2026/08/03 12:59:52.877, 5, P0, 36, 250.04 W, 1965 MHz, 3996 MHz, 81 %, 162729 MiB
2026/08/03 12:59:52.877, 6, P0, 33, 246.28 W, 1965 MHz, 3996 MHz, 6 %, 162729 MiB
2026/08/03 12:59:52.877, 7, P0, 37, 249.54 W, 1965 MHz, 3996 MHz, 89 %, 161769 MiB
2026/08/03 12:59:53.878, 0, P0, 36, 249.05 W, 1965 MHz, 3996 MHz, 81 %, 162537 MiB
2026/08/03 12:59:53.878, 1, P0, 33, 245.28 W, 1965 MHz, 3996 MHz, 47 %, 162729 MiB
2026/08/03 12:59:53.878, 2, P0, 36, 242.68 W, 1965 MHz, 3996 MHz, 88 %, 162729 MiB
2026/08/03 12:59:53.878, 3, P0, 33, 245.21 W, 1965 MHz, 3996 MHz, 68 %, 162729 MiB
2026/08/03 12:59:53.878, 4, P0, 34, 242.07 W, 1965 MHz, 3996 MHz, 88 %, 162729 MiB
2026/08/03 12:59:53.878, 5, P0, 36, 250.03 W, 1965 MHz, 3996 MHz, 60 %, 162729 MiB
2026/08/03 12:59:53.878, 6, P0, 33, 246.14 W, 1965 MHz, 3996 MHz, 6 %, 162729 MiB
2026/08/03 12:59:53.878, 7, P0, 37, 249.65 W, 1965 MHz, 3996 MHz, 77 %, 161769 MiB
2026/08/03 12:59:54.878, 0, P0, 36, 248.99 W, 1965 MHz, 3996 MHz, 64 %, 162537 MiB
2026/08/03 12:59:54.878, 1, P0, 33, 245.91 W, 1965 MHz, 3996 MHz, 59 %, 162729 MiB
2026/08/03 12:59:54.878, 2, P0, 36, 242.99 W, 1965 MHz, 3996 MHz, 83 %, 162729 MiB
2026/08/03 12:59:54.878, 3, P0, 33, 244.81 W, 1965 MHz, 3996 MHz, 76 %, 162729 MiB
2026/08/03 12:59:54.878, 4, P0, 34, 242.20 W, 1965 MHz, 3996 MHz, 85 %, 162729 MiB
2026/08/03 12:59:54.878, 5, P0, 36, 249.56 W, 1965 MHz, 3996 MHz, 51 %, 162729 MiB
2026/08/03 12:59:54.878, 6, P0, 33, 245.51 W, 1965 MHz, 3996 MHz, 6 %, 162729 MiB
2026/08/03 12:59:54.878, 7, P0, 37, 249.51 W, 1965 MHz, 3996 MHz, 70 %, 161769 MiB
2026/08/03 12:59:55.878, 0, P0, 36, 272.83 W, 1965 MHz, 3996 MHz, 83 %, 162537 MiB
2026/08/03 12:59:55.878, 1, P0, 34, 270.46 W, 1965 MHz, 3996 MHz, 81 %, 162729 MiB
2026/08/03 12:59:55.878, 2, P0, 37, 266.98 W, 1965 MHz, 3996 MHz, 93 %, 162729 MiB
2026/08/03 12:59:55.878, 3, P0, 33, 269.19 W, 1965 MHz, 3996 MHz, 88 %, 162729 MiB
2026/08/03 12:59:55.878, 4, P0, 34, 265.14 W, 1965 MHz, 3996 MHz, 81 %, 162729 MiB
2026/08/03 12:59:55.878, 5, P0, 37, 269.47 W, 1965 MHz, 3996 MHz, 50 %, 162729 MiB
2026/08/03 12:59:55.878, 6, P0, 33, 262.26 W, 1965 MHz, 3996 MHz, 38 %, 162729 MiB
2026/08/03 12:59:55.878, 7, P0, 38, 268.05 W, 1965 MHz, 3996 MHz, 79 %, 161769 MiB
2026/08/03 12:59:56.878, 0, P0, 36, 249.38 W, 1965 MHz, 3996 MHz, 91 %, 162537 MiB
2026/08/03 12:59:56.878, 1, P0, 33, 244.18 W, 1965 MHz, 3996 MHz, 19 %, 162729 MiB
2026/08/03 12:59:56.878, 2, P0, 36, 243.00 W, 1965 MHz, 3996 MHz, 100 %, 162729 MiB
2026/08/03 12:59:56.878, 3, P0, 33, 244.64 W, 1965 MHz, 3996 MHz, 86 %, 162729 MiB
2026/08/03 12:59:56.878, 4, P0, 34, 241.55 W, 1965 MHz, 3996 MHz, 0 %, 162729 MiB
2026/08/03 12:59:56.878, 5, P0, 36, 249.92 W, 1965 MHz, 3996 MHz, 0 %, 162729 MiB
2026/08/03 12:59:56.878, 6, P0, 33, 246.78 W, 1965 MHz, 3996 MHz, 44 %, 162729 MiB
2026/08/03 12:59:56.879, 7, P0, 37, 249.52 W, 1965 MHz, 3996 MHz, 74 %, 161769 MiB
2026/08/03 12:59:57.879, 0, P0, 36, 247.62 W, 1965 MHz, 3996 MHz, 82 %, 162537 MiB
2026/08/03 12:59:57.879, 1, P0, 33, 242.19 W, 1965 MHz, 3996 MHz, 98 %, 162729 MiB
2026/08/03 12:59:57.879, 2, P0, 36, 241.15 W, 1965 MHz, 3996 MHz, 85 %, 162729 MiB
2026/08/03 12:59:57.879, 3, P0, 33, 240.90 W, 1965 MHz, 3996 MHz, 99 %, 162729 MiB
2026/08/03 12:59:57.879, 4, P0, 34, 238.26 W, 1965 MHz, 3996 MHz, 80 %, 162729 MiB
2026/08/03 12:59:57.879, 5, P0, 36, 246.75 W, 1965 MHz, 3996 MHz, 69 %, 162729 MiB
2026/08/03 12:59:57.879, 6, P0, 33, 246.77 W, 1965 MHz, 3996 MHz, 41 %, 162729 MiB
2026/08/03 12:59:57.879, 7, P0, 37, 245.06 W, 1965 MHz, 3996 MHz, 60 %, 161769 MiB
2026/08/03 12:59:58.879, 0, P0, 37, 272.52 W, 1965 MHz, 3996 MHz, 88 %, 162537 MiB
2026/08/03 12:59:58.879, 1, P0, 34, 269.42 W, 1965 MHz, 3996 MHz, 87 %, 162729 MiB
2026/08/03 12:59:58.879, 2, P0, 37, 268.92 W, 1965 MHz, 3996 MHz, 85 %, 162729 MiB
2026/08/03 12:59:58.879, 3, P0, 33, 269.63 W, 1965 MHz, 3996 MHz, 88 %, 162729 MiB
2026/08/03 12:59:58.879, 4, P0, 34, 264.34 W, 1965 MHz, 3996 MHz, 74 %, 162729 MiB
2026/08/03 12:59:58.879, 5, P0, 37, 271.92 W, 1965 MHz, 3996 MHz, 55 %, 162729 MiB
2026/08/03 12:59:58.879, 6, P0, 34, 260.83 W, 1965 MHz, 3996 MHz, 37 %, 162729 MiB
2026/08/03 12:59:58.879, 7, P0, 38, 270.30 W, 1965 MHz, 3996 MHz, 94 %, 161769 MiB
2026/08/03 12:59:59.879, 0, P0, 36, 249.27 W, 1965 MHz, 3996 MHz, 75 %, 162537 MiB
2026/08/03 12:59:59.879, 1, P0, 33, 245.68 W, 1965 MHz, 3996 MHz, 54 %, 162729 MiB
2026/08/03 12:59:59.879, 2, P0, 36, 243.05 W, 1965 MHz, 3996 MHz, 89 %, 162729 MiB
2026/08/03 12:59:59.879, 3, P0, 33, 244.86 W, 1965 MHz, 3996 MHz, 68 %, 162729 MiB
2026/08/03 12:59:59.879, 4, P0, 34, 242.22 W, 1965 MHz, 3996 MHz, 92 %, 162729 MiB
2026/08/03 12:59:59.879, 5, P0, 36, 249.65 W, 1965 MHz, 3996 MHz, 71 %, 162729 MiB
2026/08/03 12:59:59.879, 6, P0, 33, 246.20 W, 1965 MHz, 3996 MHz, 6 %, 162729 MiB
2026/08/03 12:59:59.879, 7, P0, 37, 249.82 W, 1965 MHz, 3996 MHz, 69 %, 161769 MiB
2026/08/03 13:00:00.879, 0, P0, 36, 244.85 W, 1965 MHz, 3996 MHz, 0 %, 162537 MiB
2026/08/03 13:00:00.879, 1, P0, 33, 244.74 W, 1965 MHz, 3996 MHz, 100 %, 162729 MiB
2026/08/03 13:00:00.880, 2, P0, 36, 241.50 W, 1965 MHz, 3996 MHz, 100 %, 162729 MiB
2026/08/03 13:00:00.880, 3, P0, 33, 244.32 W, 1965 MHz, 3996 MHz, 100 %, 162729 MiB
2026/08/03 13:00:00.880, 4, P0, 34, 240.91 W, 1965 MHz, 3996 MHz, 100 %, 162729 MiB
2026/08/03 13:00:00.880, 5, P0, 36, 249.38 W, 1965 MHz, 3996 MHz, 100 %, 162729 MiB
2026/08/03 13:00:00.880, 6, P0, 33, 247.14 W, 1965 MHz, 3996 MHz, 100 %, 162729 MiB
2026/08/03 13:00:00.880, 7, P0, 37, 248.82 W, 1965 MHz, 3996 MHz, 100 %, 161769 MiB
2026/08/03 13:00:01.880, 0, P0, 36, 247.94 W, 1965 MHz, 3996 MHz, 79 %, 162537 MiB
2026/08/03 13:00:01.880, 1, P0, 33, 246.05 W, 1965 MHz, 3996 MHz, 66 %, 162729 MiB
2026/08/03 13:00:01.880, 2, P0, 36, 242.38 W, 1965 MHz, 3996 MHz, 87 %, 162729 MiB
2026/08/03 13:00:01.880, 3, P0, 33, 245.14 W, 1965 MHz, 3996 MHz, 71 %, 162729 MiB
2026/08/03 13:00:01.880, 4, P0, 34, 242.13 W, 1965 MHz, 3996 MHz, 86 %, 162729 MiB
2026/08/03 13:00:01.880, 5, P0, 36, 249.31 W, 1965 MHz, 3996 MHz, 49 %, 162729 MiB
2026/08/03 13:00:01.880, 6, P0, 33, 247.08 W, 1965 MHz, 3996 MHz, 6 %, 162729 MiB
2026/08/03 13:00:01.880, 7, P0, 37, 249.28 W, 1965 MHz, 3996 MHz, 83 %, 161769 MiB
2026/08/03 13:00:02.880, 0, P0, 36, 248.93 W, 1965 MHz, 3996 MHz, 83 %, 162537 MiB
2026/08/03 13:00:02.880, 1, P0, 33, 245.39 W, 1965 MHz, 3996 MHz, 55 %, 162729 MiB
2026/08/03 13:00:02.880, 2, P0, 36, 242.84 W, 1965 MHz, 3996 MHz, 90 %, 162729 MiB
2026/08/03 13:00:02.880, 3, P0, 33, 245.34 W, 1965 MHz, 3996 MHz, 86 %, 162729 MiB
2026/08/03 13:00:02.880, 4, P0, 34, 242.42 W, 1965 MHz, 3996 MHz, 78 %, 162729 MiB
2026/08/03 13:00:02.880, 5, P0, 36, 250.49 W, 1965 MHz, 3996 MHz, 50 %, 162729 MiB
2026/08/03 13:00:02.880, 6, P0, 33, 246.08 W, 1965 MHz, 3996 MHz, 14 %, 162729 MiB
2026/08/03 13:00:02.880, 7, P0, 37, 249.71 W, 1965 MHz, 3996 MHz, 69 %, 161769 MiB
2026/08/03 13:00:03.880, 0, P0, 36, 249.06 W, 1965 MHz, 3996 MHz, 93 %, 162537 MiB
2026/08/03 13:00:03.880, 1, P0, 33, 245.29 W, 1965 MHz, 3996 MHz, 70 %, 162729 MiB
2026/08/03 13:00:03.880, 2, P0, 36, 243.01 W, 1965 MHz, 3996 MHz, 92 %, 162729 MiB
2026/08/03 13:00:03.880, 3, P0, 33, 245.32 W, 1965 MHz, 3996 MHz, 94 %, 162729 MiB
2026/08/03 13:00:03.880, 4, P0, 34, 242.27 W, 1965 MHz, 3996 MHz, 92 %, 162729 MiB
2026/08/03 13:00:03.880, 5, P0, 36, 250.52 W, 1965 MHz, 3996 MHz, 66 %, 162729 MiB
2026/08/03 13:00:03.880, 6, P0, 33, 245.47 W, 1965 MHz, 3996 MHz, 7 %, 162729 MiB
2026/08/03 13:00:03.880, 7, P0, 37, 249.73 W, 1965 MHz, 3996 MHz, 87 %, 161769 MiB
2026/08/03 13:00:04.881, 0, P0, 36, 249.16 W, 1965 MHz, 3996 MHz, 78 %, 162537 MiB
2026/08/03 13:00:04.881, 1, P0, 33, 245.74 W, 1965 MHz, 3996 MHz, 75 %, 162729 MiB
2026/08/03 13:00:04.881, 2, P0, 36, 242.95 W, 1965 MHz, 3996 MHz, 90 %, 162729 MiB
2026/08/03 13:00:04.881, 3, P0, 33, 245.25 W, 1965 MHz, 3996 MHz, 84 %, 162729 MiB
2026/08/03 13:00:04.881, 4, P0, 34, 241.98 W, 1965 MHz, 3996 MHz, 69 %, 162729 MiB
2026/08/03 13:00:04.881, 5, P0, 36, 249.68 W, 1965 MHz, 3996 MHz, 44 %, 162729 MiB
2026/08/03 13:00:04.881, 6, P0, 33, 246.31 W, 1965 MHz, 3996 MHz, 6 %, 162729 MiB
2026/08/03 13:00:04.881, 7, P0, 37, 249.87 W, 1965 MHz, 3996 MHz, 82 %, 161769 MiB
2026/08/03 13:00:05.881, 0, P0, 36, 249.35 W, 1965 MHz, 3996 MHz, 70 %, 162537 MiB
2026/08/03 13:00:05.881, 1, P0, 33, 245.08 W, 1965 MHz, 3996 MHz, 47 %, 162729 MiB
2026/08/03 13:00:05.881, 2, P0, 36, 243.21 W, 1965 MHz, 3996 MHz, 86 %, 162729 MiB
2026/08/03 13:00:05.881, 3, P0, 33, 245.44 W, 1965 MHz, 3996 MHz, 75 %, 162729 MiB
2026/08/03 13:00:05.881, 4, P0, 34, 242.16 W, 1965 MHz, 3996 MHz, 73 %, 162729 MiB
2026/08/03 13:00:05.881, 5, P0, 36, 250.17 W, 1965 MHz, 3996 MHz, 53 %, 162729 MiB
2026/08/03 13:00:05.881, 6, P0, 33, 246.04 W, 1965 MHz, 3996 MHz, 8 %, 162729 MiB
2026/08/03 13:00:05.881, 7, P0, 37, 249.43 W, 1965 MHz, 3996 MHz, 86 %, 161769 MiB
2026/08/03 13:00:06.881, 0, P0, 36, 249.26 W, 1965 MHz, 3996 MHz, 78 %, 162537 MiB
2026/08/03 13:00:06.881, 1, P0, 33, 245.72 W, 1965 MHz, 3996 MHz, 60 %, 162729 MiB
2026/08/03 13:00:06.881, 2, P0, 36, 242.79 W, 1965 MHz, 3996 MHz, 79 %, 162729 MiB
2026/08/03 13:00:06.881, 3, P0, 33, 245.07 W, 1965 MHz, 3996 MHz, 74 %, 162729 MiB
2026/08/03 13:00:06.881, 4, P0, 34, 242.26 W, 1965 MHz, 3996 MHz, 79 %, 162729 MiB
2026/08/03 13:00:06.881, 5, P0, 36, 250.22 W, 1965 MHz, 3996 MHz, 37 %, 162729 MiB
2026/08/03 13:00:06.881, 6, P0, 33, 245.56 W, 1965 MHz, 3996 MHz, 6 %, 162729 MiB
2026/08/03 13:00:06.881, 7, P0, 37, 249.35 W, 1965 MHz, 3996 MHz, 82 %, 161769 MiB
2026/08/03 13:00:07.881, 0, P0, 36, 248.85 W, 1965 MHz, 3996 MHz, 80 %, 162537 MiB
2026/08/03 13:00:07.882, 1, P0, 33, 245.59 W, 1965 MHz, 3996 MHz, 77 %, 162729 MiB
2026/08/03 13:00:07.882, 2, P0, 36, 243.06 W, 1965 MHz, 3996 MHz, 94 %, 162729 MiB
2026/08/03 13:00:07.882, 3, P0, 33, 245.21 W, 1965 MHz, 3996 MHz, 89 %, 162729 MiB
2026/08/03 13:00:07.882, 4, P0, 34, 242.26 W, 1965 MHz, 3996 MHz, 84 %, 162729 MiB
2026/08/03 13:00:07.882, 5, P0, 36, 249.82 W, 1965 MHz, 3996 MHz, 67 %, 162729 MiB
2026/08/03 13:00:07.882, 6, P0, 33, 245.95 W, 1965 MHz, 3996 MHz, 6 %, 162729 MiB
2026/08/03 13:00:07.882, 7, P0, 37, 249.39 W, 1965 MHz, 3996 MHz, 67 %, 161769 MiB
2026/08/03 13:00:08.882, 0, P0, 36, 248.75 W, 1965 MHz, 3996 MHz, 79 %, 162537 MiB
2026/08/03 13:00:08.882, 1, P0, 33, 246.08 W, 1965 MHz, 3996 MHz, 61 %, 162729 MiB
2026/08/03 13:00:08.883, 2, P0, 36, 242.85 W, 1965 MHz, 3996 MHz, 90 %, 162729 MiB
2026/08/03 13:00:08.883, 3, P0, 33, 245.02 W, 1965 MHz, 3996 MHz, 79 %, 162729 MiB
2026/08/03 13:00:08.883, 4, P0, 34, 242.04 W, 1965 MHz, 3996 MHz, 75 %, 162729 MiB
2026/08/03 13:00:08.883, 5, P0, 36, 249.60 W, 1965 MHz, 3996 MHz, 50 %, 162729 MiB
2026/08/03 13:00:08.883, 6, P0, 33, 245.77 W, 1965 MHz, 3996 MHz, 6 %, 162729 MiB
2026/08/03 13:00:08.883, 7, P0, 37, 249.49 W, 1965 MHz, 3996 MHz, 74 %, 161769 MiB
2026/08/03 13:00:09.883, 0, P0, 36, 249.09 W, 1965 MHz, 3996 MHz, 79 %, 162537 MiB
2026/08/03 13:00:09.883, 1, P0, 33, 246.08 W, 1965 MHz, 3996 MHz, 84 %, 162729 MiB
2026/08/03 13:00:09.883, 2, P0, 36, 242.68 W, 1965 MHz, 3996 MHz, 89 %, 162729 MiB
2026/08/03 13:00:09.883, 3, P0, 33, 245.03 W, 1965 MHz, 3996 MHz, 86 %, 162729 MiB
2026/08/03 13:00:09.883, 4, P0, 34, 242.12 W, 1965 MHz, 3996 MHz, 58 %, 162729 MiB
2026/08/03 13:00:09.883, 5, P0, 36, 250.11 W, 1965 MHz, 3996 MHz, 55 %, 162729 MiB
2026/08/03 13:00:09.883, 6, P0, 33, 245.65 W, 1965 MHz, 3996 MHz, 6 %, 162729 MiB
2026/08/03 13:00:09.883, 7, P0, 37, 249.59 W, 1965 MHz, 3996 MHz, 81 %, 161769 MiB
2026/08/03 13:00:10.883, 0, P0, 36, 248.94 W, 1965 MHz, 3996 MHz, 68 %, 162537 MiB
2026/08/03 13:00:10.883, 1, P0, 33, 246.34 W, 1965 MHz, 3996 MHz, 77 %, 162729 MiB
2026/08/03 13:00:10.883, 2, P0, 36, 243.17 W, 1965 MHz, 3996 MHz, 85 %, 162729 MiB
2026/08/03 13:00:10.883, 3, P0, 33, 245.19 W, 1965 MHz, 3996 MHz, 73 %, 162729 MiB
2026/08/03 13:00:10.883, 4, P0, 34, 242.07 W, 1965 MHz, 3996 MHz, 76 %, 162729 MiB
2026/08/03 13:00:10.883, 5, P0, 36, 249.44 W, 1965 MHz, 3996 MHz, 24 %, 162729 MiB
2026/08/03 13:00:10.883, 6, P0, 33, 246.21 W, 1965 MHz, 3996 MHz, 27 %, 162729 MiB
2026/08/03 13:00:10.883, 7, P0, 37, 249.53 W, 1965 MHz, 3996 MHz, 85 %, 161769 MiB
2026/08/03 13:00:11.883, 0, P0, 36, 249.00 W, 1965 MHz, 3996 MHz, 66 %, 162537 MiB
2026/08/03 13:00:11.883, 1, P0, 33, 246.53 W, 1965 MHz, 3996 MHz, 81 %, 162729 MiB
2026/08/03 13:00:11.884, 2, P0, 36, 243.12 W, 1965 MHz, 3996 MHz, 88 %, 162729 MiB
2026/08/03 13:00:11.884, 3, P0, 33, 245.30 W, 1965 MHz, 3996 MHz, 80 %, 162729 MiB
2026/08/03 13:00:11.884, 4, P0, 34, 242.28 W, 1965 MHz, 3996 MHz, 85 %, 162729 MiB
2026/08/03 13:00:11.884, 5, P0, 36, 249.22 W, 1965 MHz, 3996 MHz, 26 %, 162729 MiB
2026/08/03 13:00:11.884, 6, P0, 33, 246.11 W, 1965 MHz, 3996 MHz, 6 %, 162729 MiB
2026/08/03 13:00:11.884, 7, P0, 37, 249.74 W, 1965 MHz, 3996 MHz, 89 %, 161769 MiB
2026/08/03 13:00:12.884, 0, P0, 36, 249.10 W, 1965 MHz, 3996 MHz, 87 %, 162537 MiB
2026/08/03 13:00:12.884, 1, P0, 33, 246.14 W, 1965 MHz, 3996 MHz, 66 %, 162729 MiB
2026/08/03 13:00:12.884, 2, P0, 36, 243.06 W, 1965 MHz, 3996 MHz, 88 %, 162729 MiB
2026/08/03 13:00:12.884, 3, P0, 33, 245.15 W, 1965 MHz, 3996 MHz, 83 %, 162729 MiB
2026/08/03 13:00:12.884, 4, P0, 34, 241.99 W, 1965 MHz, 3996 MHz, 81 %, 162729 MiB
2026/08/03 13:00:12.884, 5, P0, 36, 250.78 W, 1965 MHz, 3996 MHz, 64 %, 162729 MiB
2026/08/03 13:00:12.884, 6, P0, 33, 245.83 W, 1965 MHz, 3996 MHz, 6 %, 162729 MiB
2026/08/03 13:00:12.884, 7, P0, 37, 249.64 W, 1965 MHz, 3996 MHz, 74 %, 161769 MiB
2026/08/03 13:00:13.884, 0, P0, 36, 249.01 W, 1965 MHz, 3996 MHz, 81 %, 162537 MiB
2026/08/03 13:00:13.884, 1, P0, 33, 246.29 W, 1965 MHz, 3996 MHz, 70 %, 162729 MiB
2026/08/03 13:00:13.884, 2, P0, 36, 242.79 W, 1965 MHz, 3996 MHz, 91 %, 162729 MiB
2026/08/03 13:00:13.884, 3, P0, 33, 245.28 W, 1965 MHz, 3996 MHz, 86 %, 162729 MiB
2026/08/03 13:00:13.884, 4, P0, 34, 242.26 W, 1965 MHz, 3996 MHz, 78 %, 162729 MiB
2026/08/03 13:00:13.884, 5, P0, 36, 250.51 W, 1965 MHz, 3996 MHz, 59 %, 162729 MiB
2026/08/03 13:00:13.884, 6, P0, 33, 245.70 W, 1965 MHz, 3996 MHz, 6 %, 162729 MiB
2026/08/03 13:00:13.884, 7, P0, 37, 249.61 W, 1965 MHz, 3996 MHz, 70 %, 161769 MiB
2026/08/03 13:00:14.884, 0, P0, 36, 249.18 W, 1965 MHz, 3996 MHz, 81 %, 162537 MiB
2026/08/03 13:00:14.884, 1, P0, 33, 245.59 W, 1965 MHz, 3996 MHz, 75 %, 162729 MiB
2026/08/03 13:00:14.884, 2, P0, 36, 242.89 W, 1965 MHz, 3996 MHz, 91 %, 162729 MiB
2026/08/03 13:00:14.884, 3, P0, 33, 245.11 W, 1965 MHz, 3996 MHz, 93 %, 162729 MiB
2026/08/03 13:00:14.884, 4, P0, 34, 242.38 W, 1965 MHz, 3996 MHz, 31 %, 162729 MiB
2026/08/03 13:00:14.884, 5, P0, 36, 251.11 W, 1965 MHz, 3996 MHz, 83 %, 162729 MiB
2026/08/03 13:00:14.884, 6, P0, 33, 245.75 W, 1965 MHz, 3996 MHz, 6 %, 162729 MiB
2026/08/03 13:00:14.884, 7, P0, 37, 249.43 W, 1965 MHz, 3996 MHz, 74 %, 161769 MiB
2026/08/03 13:00:15.884, 0, P0, 36, 248.87 W, 1965 MHz, 3996 MHz, 79 %, 162537 MiB
2026/08/03 13:00:15.885, 1, P0, 33, 245.85 W, 1965 MHz, 3996 MHz, 74 %, 162729 MiB
2026/08/03 13:00:15.885, 2, P0, 36, 242.63 W, 1965 MHz, 3996 MHz, 47 %, 162729 MiB
2026/08/03 13:00:15.885, 3, P0, 33, 245.31 W, 1965 MHz, 3996 MHz, 81 %, 162729 MiB
2026/08/03 13:00:15.885, 4, P0, 34, 242.08 W, 1965 MHz, 3996 MHz, 69 %, 162729 MiB
2026/08/03 13:00:15.885, 5, P0, 36, 250.08 W, 1965 MHz, 3996 MHz, 78 %, 162729 MiB
2026/08/03 13:00:15.885, 6, P0, 33, 246.27 W, 1965 MHz, 3996 MHz, 32 %, 162729 MiB
2026/08/03 13:00:15.885, 7, P0, 37, 249.07 W, 1965 MHz, 3996 MHz, 39 %, 161769 MiB
2026/08/03 13:00:16.885, 0, P0, 36, 249.13 W, 1965 MHz, 3996 MHz, 78 %, 162537 MiB
2026/08/03 13:00:16.885, 1, P0, 33, 245.63 W, 1965 MHz, 3996 MHz, 82 %, 162729 MiB
2026/08/03 13:00:16.885, 2, P0, 36, 242.90 W, 1965 MHz, 3996 MHz, 87 %, 162729 MiB
2026/08/03 13:00:16.885, 3, P0, 33, 245.52 W, 1965 MHz, 3996 MHz, 78 %, 162729 MiB
2026/08/03 13:00:16.885, 4, P0, 34, 242.06 W, 1965 MHz, 3996 MHz, 85 %, 162729 MiB
2026/08/03 13:00:16.885, 5, P0, 36, 249.53 W, 1965 MHz, 3996 MHz, 6 %, 162729 MiB
2026/08/03 13:00:16.885, 6, P0, 33, 246.36 W, 1965 MHz, 3996 MHz, 54 %, 162729 MiB
2026/08/03 13:00:16.885, 7, P0, 37, 249.33 W, 1965 MHz, 3996 MHz, 89 %, 161769 MiB
2026/08/03 13:00:17.885, 0, P0, 36, 248.87 W, 1965 MHz, 3996 MHz, 74 %, 162537 MiB
2026/08/03 13:00:17.885, 1, P0, 33, 246.28 W, 1965 MHz, 3996 MHz, 61 %, 162729 MiB
2026/08/03 13:00:17.885, 2, P0, 36, 242.91 W, 1965 MHz, 3996 MHz, 85 %, 162729 MiB
2026/08/03 13:00:17.885, 3, P0, 33, 245.38 W, 1965 MHz, 3996 MHz, 80 %, 162729 MiB
2026/08/03 13:00:17.885, 4, P0, 34, 242.26 W, 1965 MHz, 3996 MHz, 84 %, 162729 MiB
2026/08/03 13:00:17.885, 5, P0, 36, 250.44 W, 1965 MHz, 3996 MHz, 54 %, 162729 MiB
2026/08/03 13:00:17.885, 6, P0, 33, 246.01 W, 1965 MHz, 3996 MHz, 6 %, 162729 MiB
2026/08/03 13:00:17.885, 7, P0, 37, 249.41 W, 1965 MHz, 3996 MHz, 79 %, 161769 MiB
2026/08/03 13:00:18.885, 0, P0, 36, 248.93 W, 1965 MHz, 3996 MHz, 57 %, 162537 MiB
2026/08/03 13:00:18.885, 1, P0, 33, 246.00 W, 1965 MHz, 3996 MHz, 69 %, 162729 MiB
2026/08/03 13:00:18.885, 2, P0, 36, 242.85 W, 1965 MHz, 3996 MHz, 90 %, 162729 MiB
2026/08/03 13:00:18.885, 3, P0, 33, 245.38 W, 1965 MHz, 3996 MHz, 85 %, 162729 MiB
2026/08/03 13:00:18.885, 4, P0, 34, 241.88 W, 1965 MHz, 3996 MHz, 73 %, 162729 MiB
2026/08/03 13:00:18.885, 5, P0, 36, 250.82 W, 1965 MHz, 3996 MHz, 54 %, 162729 MiB
2026/08/03 13:00:18.886, 6, P0, 33, 245.73 W, 1965 MHz, 3996 MHz, 16 %, 162729 MiB
2026/08/03 13:00:18.886, 7, P0, 37, 249.43 W, 1965 MHz, 3996 MHz, 74 %, 161769 MiB
2026/08/03 13:00:19.886, 0, P0, 36, 249.42 W, 1965 MHz, 3996 MHz, 84 %, 162537 MiB
2026/08/03 13:00:19.886, 1, P0, 33, 246.37 W, 1965 MHz, 3996 MHz, 89 %, 162729 MiB
2026/08/03 13:00:19.886, 2, P0, 36, 242.90 W, 1965 MHz, 3996 MHz, 91 %, 162729 MiB
2026/08/03 13:00:19.886, 3, P0, 33, 245.27 W, 1965 MHz, 3996 MHz, 98 %, 162729 MiB
2026/08/03 13:00:19.886, 4, P0, 34, 242.30 W, 1965 MHz, 3996 MHz, 59 %, 162729 MiB
2026/08/03 13:00:19.886, 5, P0, 36, 249.54 W, 1965 MHz, 3996 MHz, 73 %, 162729 MiB
2026/08/03 13:00:19.886, 6, P0, 33, 246.29 W, 1965 MHz, 3996 MHz, 5 %, 162729 MiB
2026/08/03 13:00:19.886, 7, P0, 37, 249.65 W, 1965 MHz, 3996 MHz, 85 %, 161769 MiB
2026/08/03 13:00:20.886, 0, P0, 36, 249.15 W, 1965 MHz, 3996 MHz, 65 %, 162537 MiB
2026/08/03 13:00:20.886, 1, P0, 33, 246.16 W, 1965 MHz, 3996 MHz, 63 %, 162729 MiB
2026/08/03 13:00:20.886, 2, P0, 36, 242.55 W, 1965 MHz, 3996 MHz, 87 %, 162729 MiB
2026/08/03 13:00:20.886, 3, P0, 33, 245.03 W, 1965 MHz, 3996 MHz, 73 %, 162729 MiB
2026/08/03 13:00:20.886, 4, P0, 34, 242.17 W, 1965 MHz, 3996 MHz, 70 %, 162729 MiB
2026/08/03 13:00:20.886, 5, P0, 36, 249.99 W, 1965 MHz, 3996 MHz, 69 %, 162729 MiB
2026/08/03 13:00:20.886, 6, P0, 33, 245.90 W, 1965 MHz, 3996 MHz, 6 %, 162729 MiB
2026/08/03 13:00:20.886, 7, P0, 37, 249.43 W, 1965 MHz, 3996 MHz, 83 %, 161769 MiB
2026/08/03 13:00:21.886, 0, P0, 36, 248.83 W, 1965 MHz, 3996 MHz, 72 %, 162537 MiB
2026/08/03 13:00:21.886, 1, P0, 33, 245.90 W, 1965 MHz, 3996 MHz, 75 %, 162729 MiB
2026/08/03 13:00:21.886, 2, P0, 36, 242.85 W, 1965 MHz, 3996 MHz, 83 %, 162729 MiB
2026/08/03 13:00:21.886, 3, P0, 33, 245.58 W, 1965 MHz, 3996 MHz, 78 %, 162729 MiB
2026/08/03 13:00:21.886, 4, P0, 34, 242.08 W, 1965 MHz, 3996 MHz, 73 %, 162729 MiB
2026/08/03 13:00:21.886, 5, P0, 36, 250.46 W, 1965 MHz, 3996 MHz, 70 %, 162729 MiB
2026/08/03 13:00:21.886, 6, P0, 33, 245.76 W, 1965 MHz, 3996 MHz, 6 %, 162729 MiB
2026/08/03 13:00:21.886, 7, P0, 37, 249.59 W, 1965 MHz, 3996 MHz, 90 %, 161769 MiB
2026/08/03 13:00:22.886, 0, P0, 36, 249.31 W, 1965 MHz, 3996 MHz, 77 %, 162537 MiB
2026/08/03 13:00:22.887, 1, P0, 33, 246.12 W, 1965 MHz, 3996 MHz, 71 %, 162729 MiB
2026/08/03 13:00:22.887, 2, P0, 36, 243.06 W, 1965 MHz, 3996 MHz, 82 %, 162729 MiB
2026/08/03 13:00:22.887, 3, P0, 33, 245.48 W, 1965 MHz, 3996 MHz, 82 %, 162729 MiB
2026/08/03 13:00:22.887, 4, P0, 34, 242.25 W, 1965 MHz, 3996 MHz, 78 %, 162729 MiB
2026/08/03 13:00:22.887, 5, P0, 36, 250.87 W, 1965 MHz, 3996 MHz, 59 %, 162729 MiB
2026/08/03 13:00:22.887, 6, P0, 33, 245.73 W, 1965 MHz, 3996 MHz, 6 %, 162729 MiB
2026/08/03 13:00:22.887, 7, P0, 37, 249.54 W, 1965 MHz, 3996 MHz, 83 %, 161769 MiB
2026/08/03 13:00:23.887, 0, P0, 36, 249.45 W, 1965 MHz, 3996 MHz, 95 %, 162537 MiB
2026/08/03 13:00:23.887, 1, P0, 33, 246.44 W, 1965 MHz, 3996 MHz, 72 %, 162729 MiB
2026/08/03 13:00:23.887, 2, P0, 36, 243.23 W, 1965 MHz, 3996 MHz, 97 %, 162729 MiB
2026/08/03 13:00:23.887, 3, P0, 33, 245.45 W, 1965 MHz, 3996 MHz, 83 %, 162729 MiB
2026/08/03 13:00:23.887, 4, P0, 34, 241.67 W, 1965 MHz, 3996 MHz, 87 %, 162729 MiB
2026/08/03 13:00:23.887, 5, P0, 36, 250.78 W, 1965 MHz, 3996 MHz, 83 %, 162729 MiB
2026/08/03 13:00:23.887, 6, P0, 33, 246.00 W, 1965 MHz, 3996 MHz, 17 %, 162729 MiB
2026/08/03 13:00:23.887, 7, P0, 37, 249.60 W, 1965 MHz, 3996 MHz, 67 %, 161769 MiB
2026/08/03 13:00:24.887, 0, P0, 36, 249.22 W, 1965 MHz, 3996 MHz, 79 %, 162537 MiB
2026/08/03 13:00:24.887, 1, P0, 33, 246.19 W, 1965 MHz, 3996 MHz, 73 %, 162729 MiB
2026/08/03 13:00:24.887, 2, P0, 36, 243.03 W, 1965 MHz, 3996 MHz, 92 %, 162729 MiB
2026/08/03 13:00:24.887, 3, P0, 33, 245.27 W, 1965 MHz, 3996 MHz, 91 %, 162729 MiB
2026/08/03 13:00:24.887, 4, P0, 34, 241.84 W, 1965 MHz, 3996 MHz, 78 %, 162729 MiB
2026/08/03 13:00:24.887, 5, P0, 36, 250.38 W, 1965 MHz, 3996 MHz, 57 %, 162729 MiB
2026/08/03 13:00:24.887, 6, P0, 33, 245.44 W, 1965 MHz, 3996 MHz, 12 %, 162729 MiB
2026/08/03 13:00:24.887, 7, P0, 37, 249.60 W, 1965 MHz, 3996 MHz, 74 %, 161769 MiB
2026/08/03 13:00:25.887, 0, P0, 36, 249.48 W, 1965 MHz, 3996 MHz, 79 %, 162537 MiB
2026/08/03 13:00:25.887, 1, P0, 33, 245.20 W, 1965 MHz, 3996 MHz, 67 %, 162729 MiB
2026/08/03 13:00:25.887, 2, P0, 36, 242.99 W, 1965 MHz, 3996 MHz, 90 %, 162729 MiB
2026/08/03 13:00:25.887, 3, P0, 33, 245.53 W, 1965 MHz, 3996 MHz, 85 %, 162729 MiB
2026/08/03 13:00:25.887, 4, P0, 34, 242.19 W, 1965 MHz, 3996 MHz, 64 %, 162729 MiB
2026/08/03 13:00:25.887, 5, P0, 36, 250.35 W, 1965 MHz, 3996 MHz, 58 %, 162729 MiB
2026/08/03 13:00:25.887, 6, P0, 33, 245.74 W, 1965 MHz, 3996 MHz, 6 %, 162729 MiB
2026/08/03 13:00:25.887, 7, P0, 37, 249.74 W, 1965 MHz, 3996 MHz, 80 %, 161769 MiB
2026/08/03 13:00:26.888, 0, P0, 36, 249.48 W, 1965 MHz, 3996 MHz, 72 %, 162537 MiB
2026/08/03 13:00:26.888, 1, P0, 33, 245.58 W, 1965 MHz, 3996 MHz, 74 %, 162729 MiB
2026/08/03 13:00:26.888, 2, P0, 36, 243.00 W, 1965 MHz, 3996 MHz, 85 %, 162729 MiB
2026/08/03 13:00:26.888, 3, P0, 33, 245.45 W, 1965 MHz, 3996 MHz, 79 %, 162729 MiB
2026/08/03 13:00:26.888, 4, P0, 34, 242.25 W, 1965 MHz, 3996 MHz, 77 %, 162729 MiB
2026/08/03 13:00:26.888, 5, P0, 36, 250.28 W, 1965 MHz, 3996 MHz, 68 %, 162729 MiB
2026/08/03 13:00:26.888, 6, P0, 33, 246.20 W, 1965 MHz, 3996 MHz, 6 %, 162729 MiB
2026/08/03 13:00:26.888, 7, P0, 37, 249.77 W, 1965 MHz, 3996 MHz, 83 %, 161769 MiB
2026/08/03 13:00:27.888, 0, P0, 36, 248.87 W, 1965 MHz, 3996 MHz, 74 %, 162537 MiB
2026/08/03 13:00:27.888, 1, P0, 33, 245.30 W, 1965 MHz, 3996 MHz, 58 %, 162729 MiB
2026/08/03 13:00:27.888, 2, P0, 36, 243.07 W, 1965 MHz, 3996 MHz, 86 %, 162729 MiB
2026/08/03 13:00:27.888, 3, P0, 33, 245.43 W, 1965 MHz, 3996 MHz, 74 %, 162729 MiB
2026/08/03 13:00:27.888, 4, P0, 34, 242.10 W, 1965 MHz, 3996 MHz, 80 %, 162729 MiB
2026/08/03 13:00:27.888, 5, P0, 36, 250.84 W, 1965 MHz, 3996 MHz, 27 %, 162729 MiB
2026/08/03 13:00:27.888, 6, P0, 33, 245.53 W, 1965 MHz, 3996 MHz, 6 %, 162729 MiB
2026/08/03 13:00:27.888, 7, P0, 37, 249.74 W, 1965 MHz, 3996 MHz, 80 %, 161769 MiB
2026/08/03 13:00:28.888, 0, P0, 36, 249.09 W, 1965 MHz, 3996 MHz, 87 %, 162537 MiB
2026/08/03 13:00:28.888, 1, P0, 33, 244.97 W, 1965 MHz, 3996 MHz, 56 %, 162729 MiB
2026/08/03 13:00:28.888, 2, P0, 36, 242.92 W, 1965 MHz, 3996 MHz, 88 %, 162729 MiB
2026/08/03 13:00:28.888, 3, P0, 33, 245.12 W, 1965 MHz, 3996 MHz, 80 %, 162729 MiB
2026/08/03 13:00:28.888, 4, P0, 34, 241.97 W, 1965 MHz, 3996 MHz, 84 %, 162729 MiB
2026/08/03 13:00:28.888, 5, P0, 36, 250.60 W, 1965 MHz, 3996 MHz, 57 %, 162729 MiB
2026/08/03 13:00:28.888, 6, P0, 33, 245.73 W, 1965 MHz, 3996 MHz, 5 %, 162729 MiB
2026/08/03 13:00:28.888, 7, P0, 37, 249.52 W, 1965 MHz, 3996 MHz, 72 %, 161769 MiB
2026/08/03 13:00:29.888, 0, P0, 36, 248.63 W, 1965 MHz, 3996 MHz, 83 %, 162537 MiB
2026/08/03 13:00:29.888, 1, P0, 33, 244.43 W, 1965 MHz, 3996 MHz, 60 %, 162729 MiB
2026/08/03 13:00:29.888, 2, P0, 36, 243.07 W, 1965 MHz, 3996 MHz, 93 %, 162729 MiB
2026/08/03 13:00:29.888, 3, P0, 33, 245.38 W, 1965 MHz, 3996 MHz, 85 %, 162729 MiB
2026/08/03 13:00:29.888, 4, P0, 34, 242.16 W, 1965 MHz, 3996 MHz, 84 %, 162729 MiB
2026/08/03 13:00:29.888, 5, P0, 36, 250.80 W, 1965 MHz, 3996 MHz, 74 %, 162729 MiB
2026/08/03 13:00:29.888, 6, P0, 33, 246.26 W, 1965 MHz, 3996 MHz, 6 %, 162729 MiB
2026/08/03 13:00:29.889, 7, P0, 37, 249.44 W, 1965 MHz, 3996 MHz, 73 %, 161769 MiB
2026/08/03 13:00:30.889, 0, P0, 36, 249.27 W, 1965 MHz, 3996 MHz, 90 %, 162537 MiB
2026/08/03 13:00:30.889, 1, P0, 33, 245.28 W, 1965 MHz, 3996 MHz, 63 %, 162729 MiB
2026/08/03 13:00:30.889, 2, P0, 36, 243.25 W, 1965 MHz, 3996 MHz, 94 %, 162729 MiB
2026/08/03 13:00:30.889, 3, P0, 33, 245.48 W, 1965 MHz, 3996 MHz, 86 %, 162729 MiB
2026/08/03 13:00:30.889, 4, P0, 34, 242.76 W, 1965 MHz, 3996 MHz, 76 %, 162729 MiB
2026/08/03 13:00:30.889, 5, P0, 36, 250.81 W, 1965 MHz, 3996 MHz, 66 %, 162729 MiB
2026/08/03 13:00:30.889, 6, P0, 33, 245.76 W, 1965 MHz, 3996 MHz, 6 %, 162729 MiB
2026/08/03 13:00:30.889, 7, P0, 37, 249.58 W, 1965 MHz, 3996 MHz, 81 %, 161769 MiB
2026/08/03 13:00:31.889, 0, P0, 36, 249.23 W, 1965 MHz, 3996 MHz, 80 %, 162537 MiB
2026/08/03 13:00:31.889, 1, P0, 33, 245.29 W, 1965 MHz, 3996 MHz, 14 %, 162729 MiB
2026/08/03 13:00:31.889, 2, P0, 36, 242.80 W, 1965 MHz, 3996 MHz, 92 %, 162729 MiB
2026/08/03 13:00:31.889, 3, P0, 33, 245.40 W, 1965 MHz, 3996 MHz, 81 %, 162729 MiB
2026/08/03 13:00:31.889, 4, P0, 34, 241.88 W, 1965 MHz, 3996 MHz, 74 %, 162729 MiB
2026/08/03 13:00:31.889, 5, P0, 36, 250.76 W, 1965 MHz, 3996 MHz, 75 %, 162729 MiB
2026/08/03 13:00:31.889, 6, P0, 33, 246.09 W, 1965 MHz, 3996 MHz, 24 %, 162729 MiB
2026/08/03 13:00:31.889, 7, P0, 37, 249.28 W, 1965 MHz, 3996 MHz, 86 %, 161769 MiB
2026/08/03 13:00:32.889, 0, P0, 36, 249.25 W, 1965 MHz, 3996 MHz, 79 %, 162537 MiB
2026/08/03 13:00:32.889, 1, P0, 33, 245.33 W, 1965 MHz, 3996 MHz, 72 %, 162729 MiB
2026/08/03 13:00:32.889, 2, P0, 36, 243.00 W, 1965 MHz, 3996 MHz, 89 %, 162729 MiB
2026/08/03 13:00:32.889, 3, P0, 33, 245.34 W, 1965 MHz, 3996 MHz, 81 %, 162729 MiB
2026/08/03 13:00:32.889, 4, P0, 34, 241.76 W, 1965 MHz, 3996 MHz, 49 %, 162729 MiB
2026/08/03 13:00:32.889, 5, P0, 36, 250.95 W, 1965 MHz, 3996 MHz, 64 %, 162729 MiB
2026/08/03 13:00:32.889, 6, P0, 33, 245.89 W, 1965 MHz, 3996 MHz, 6 %, 162729 MiB
2026/08/03 13:00:32.889, 7, P0, 37, 249.46 W, 1965 MHz, 3996 MHz, 85 %, 161769 MiB
2026/08/03 13:00:33.889, 0, P0, 36, 249.03 W, 1965 MHz, 3996 MHz, 79 %, 162537 MiB
2026/08/03 13:00:33.889, 1, P0, 33, 246.14 W, 1965 MHz, 3996 MHz, 61 %, 162729 MiB
2026/08/03 13:00:33.889, 2, P0, 36, 243.22 W, 1965 MHz, 3996 MHz, 85 %, 162729 MiB
2026/08/03 13:00:33.889, 3, P0, 33, 245.52 W, 1965 MHz, 3996 MHz, 74 %, 162729 MiB
2026/08/03 13:00:33.890, 4, P0, 34, 242.21 W, 1965 MHz, 3996 MHz, 89 %, 162729 MiB
2026/08/03 13:00:33.890, 5, P0, 36, 250.79 W, 1965 MHz, 3996 MHz, 62 %, 162729 MiB
2026/08/03 13:00:33.890, 6, P0, 33, 245.62 W, 1965 MHz, 3996 MHz, 6 %, 162729 MiB
2026/08/03 13:00:33.890, 7, P0, 37, 249.56 W, 1965 MHz, 3996 MHz, 77 %, 161769 MiB
2026/08/03 13:00:34.890, 0, P0, 36, 265.23 W, 1965 MHz, 3996 MHz, 78 %, 162539 MiB
2026/08/03 13:00:34.890, 1, P0, 33, 250.58 W, 1965 MHz, 3996 MHz, 45 %, 162731 MiB
2026/08/03 13:00:34.890, 2, P0, 36, 258.98 W, 1965 MHz, 3996 MHz, 93 %, 162731 MiB
2026/08/03 13:00:34.890, 3, P0, 33, 261.20 W, 1965 MHz, 3996 MHz, 91 %, 162731 MiB
2026/08/03 13:00:34.890, 4, P0, 34, 256.98 W, 1965 MHz, 3996 MHz, 84 %, 162731 MiB
2026/08/03 13:00:34.890, 5, P0, 36, 263.61 W, 1965 MHz, 3996 MHz, 74 %, 162731 MiB
2026/08/03 13:00:34.890, 6, P0, 33, 247.36 W, 1965 MHz, 3996 MHz, 13 %, 162731 MiB
2026/08/03 13:00:34.890, 7, P0, 37, 261.93 W, 1965 MHz, 3996 MHz, 29 %, 161771 MiB
2026/08/03 13:00:35.890, 0, P0, 36, 252.74 W, 1965 MHz, 3996 MHz, 90 %, 162539 MiB
2026/08/03 13:00:35.890, 1, P0, 33, 249.13 W, 1965 MHz, 3996 MHz, 73 %, 162731 MiB
2026/08/03 13:00:35.890, 2, P0, 36, 246.44 W, 1965 MHz, 3996 MHz, 94 %, 162731 MiB
2026/08/03 13:00:35.890, 3, P0, 33, 248.83 W, 1965 MHz, 3996 MHz, 88 %, 162731 MiB
2026/08/03 13:00:35.890, 4, P0, 34, 245.70 W, 1965 MHz, 3996 MHz, 81 %, 162731 MiB
2026/08/03 13:00:35.890, 5, P0, 36, 254.06 W, 1965 MHz, 3996 MHz, 48 %, 162731 MiB
2026/08/03 13:00:35.890, 6, P0, 33, 245.81 W, 1965 MHz, 3996 MHz, 5 %, 162731 MiB
2026/08/03 13:00:35.890, 7, P0, 37, 252.57 W, 1965 MHz, 3996 MHz, 77 %, 161771 MiB
2026/08/03 13:00:36.890, 0, P0, 36, 264.53 W, 1965 MHz, 3996 MHz, 77 %, 162539 MiB
2026/08/03 13:00:36.890, 1, P0, 33, 260.60 W, 1965 MHz, 3996 MHz, 60 %, 162731 MiB
2026/08/03 13:00:36.890, 2, P0, 36, 259.67 W, 1965 MHz, 3996 MHz, 93 %, 162731 MiB
2026/08/03 13:00:36.890, 3, P0, 33, 261.23 W, 1965 MHz, 3996 MHz, 90 %, 162731 MiB
2026/08/03 13:00:36.890, 4, P0, 34, 258.98 W, 1965 MHz, 3996 MHz, 82 %, 162731 MiB
2026/08/03 13:00:36.890, 5, P0, 36, 266.05 W, 1965 MHz, 3996 MHz, 64 %, 162731 MiB
2026/08/03 13:00:36.890, 6, P0, 33, 246.56 W, 1965 MHz, 3996 MHz, 6 %, 162731 MiB
2026/08/03 13:00:36.890, 7, P0, 37, 264.25 W, 1965 MHz, 3996 MHz, 72 %, 161771 MiB
2026/08/03 13:00:37.890, 0, P0, 36, 252.65 W, 1965 MHz, 3996 MHz, 95 %, 162539 MiB
2026/08/03 13:00:37.891, 1, P0, 33, 248.09 W, 1965 MHz, 3996 MHz, 79 %, 162731 MiB
2026/08/03 13:00:37.891, 2, P0, 36, 246.58 W, 1965 MHz, 3996 MHz, 97 %, 162731 MiB
2026/08/03 13:00:37.891, 3, P0, 33, 249.10 W, 1965 MHz, 3996 MHz, 86 %, 162731 MiB
2026/08/03 13:00:37.891, 4, P0, 34, 245.80 W, 1965 MHz, 3996 MHz, 81 %, 162731 MiB
2026/08/03 13:00:37.891, 5, P0, 36, 252.20 W, 1965 MHz, 3996 MHz, 83 %, 162731 MiB
2026/08/03 13:00:37.891, 6, P0, 33, 247.80 W, 1965 MHz, 3996 MHz, 57 %, 162731 MiB
2026/08/03 13:00:37.891, 7, P0, 37, 252.39 W, 1965 MHz, 3996 MHz, 84 %, 161771 MiB
2026/08/03 13:00:38.891, 0, P0, 36, 263.60 W, 1965 MHz, 3996 MHz, 84 %, 162539 MiB
2026/08/03 13:00:38.891, 1, P0, 34, 257.87 W, 1965 MHz, 3996 MHz, 86 %, 162731 MiB
2026/08/03 13:00:38.891, 2, P0, 36, 255.71 W, 1965 MHz, 3996 MHz, 87 %, 162731 MiB
2026/08/03 13:00:38.891, 3, P0, 33, 260.57 W, 1965 MHz, 3996 MHz, 84 %, 162731 MiB
2026/08/03 13:00:38.891, 4, P0, 34, 256.74 W, 1965 MHz, 3996 MHz, 78 %, 162731 MiB
2026/08/03 13:00:38.891, 5, P0, 36, 262.79 W, 1965 MHz, 3996 MHz, 81 %, 162731 MiB
2026/08/03 13:00:38.891, 6, P0, 33, 247.76 W, 1965 MHz, 3996 MHz, 15 %, 162731 MiB
2026/08/03 13:00:38.891, 7, P0, 37, 262.61 W, 1965 MHz, 3996 MHz, 88 %, 161771 MiB
2026/08/03 13:00:39.891, 0, P0, 36, 251.61 W, 1965 MHz, 3996 MHz, 70 %, 162539 MiB
2026/08/03 13:00:39.891, 1, P0, 33, 248.96 W, 1965 MHz, 3996 MHz, 63 %, 162731 MiB
2026/08/03 13:00:39.891, 2, P0, 36, 246.71 W, 1965 MHz, 3996 MHz, 88 %, 162731 MiB
2026/08/03 13:00:39.891, 3, P0, 33, 249.36 W, 1965 MHz, 3996 MHz, 85 %, 162731 MiB
2026/08/03 13:00:39.891, 4, P0, 34, 245.64 W, 1965 MHz, 3996 MHz, 79 %, 162731 MiB
2026/08/03 13:00:39.891, 5, P0, 36, 252.69 W, 1965 MHz, 3996 MHz, 68 %, 162731 MiB
2026/08/03 13:00:39.891, 6, P0, 33, 246.27 W, 1965 MHz, 3996 MHz, 6 %, 162731 MiB
2026/08/03 13:00:39.891, 7, P0, 37, 252.75 W, 1965 MHz, 3996 MHz, 81 %, 161771 MiB
2026/08/03 13:00:40.891, 0, P0, 36, 264.33 W, 1965 MHz, 3996 MHz, 67 %, 162539 MiB
2026/08/03 13:00:40.891, 1, P0, 34, 260.83 W, 1965 MHz, 3996 MHz, 68 %, 162731 MiB
2026/08/03 13:00:40.891, 2, P0, 37, 260.55 W, 1965 MHz, 3996 MHz, 84 %, 162731 MiB
2026/08/03 13:00:40.891, 3, P0, 33, 263.07 W, 1965 MHz, 3996 MHz, 85 %, 162731 MiB
2026/08/03 13:00:40.891, 4, P0, 34, 259.55 W, 1965 MHz, 3996 MHz, 71 %, 162731 MiB
2026/08/03 13:00:40.891, 5, P0, 36, 267.86 W, 1965 MHz, 3996 MHz, 76 %, 162731 MiB
2026/08/03 13:00:40.891, 6, P0, 33, 247.30 W, 1965 MHz, 3996 MHz, 6 %, 162731 MiB
2026/08/03 13:00:40.892, 7, P0, 38, 266.13 W, 1965 MHz, 3996 MHz, 87 %, 161771 MiB
2026/08/03 13:00:41.892, 0, P0, 36, 251.98 W, 1965 MHz, 3996 MHz, 77 %, 162539 MiB
2026/08/03 13:00:41.892, 1, P0, 33, 247.09 W, 1965 MHz, 3996 MHz, 74 %, 162731 MiB
2026/08/03 13:00:41.892, 2, P0, 36, 246.32 W, 1965 MHz, 3996 MHz, 85 %, 162731 MiB
2026/08/03 13:00:41.892, 3, P0, 33, 249.03 W, 1965 MHz, 3996 MHz, 81 %, 162731 MiB
2026/08/03 13:00:41.892, 4, P0, 34, 245.16 W, 1965 MHz, 3996 MHz, 79 %, 162731 MiB
2026/08/03 13:00:41.892, 5, P0, 36, 254.15 W, 1965 MHz, 3996 MHz, 74 %, 162731 MiB
2026/08/03 13:00:41.892, 6, P0, 33, 245.98 W, 1965 MHz, 3996 MHz, 5 %, 162731 MiB
2026/08/03 13:00:41.892, 7, P0, 37, 252.87 W, 1965 MHz, 3996 MHz, 84 %, 161771 MiB
2026/08/03 13:00:42.892, 0, P0, 36, 250.02 W, 1965 MHz, 3996 MHz, 100 %, 162539 MiB
2026/08/03 13:00:42.892, 1, P0, 33, 240.76 W, 1965 MHz, 3996 MHz, 0 %, 162731 MiB
2026/08/03 13:00:42.892, 2, P0, 36, 243.30 W, 1965 MHz, 3996 MHz, 100 %, 162731 MiB
2026/08/03 13:00:42.892, 3, P0, 33, 239.83 W, 1965 MHz, 3996 MHz, 0 %, 162731 MiB
2026/08/03 13:00:42.892, 4, P0, 34, 236.64 W, 1965 MHz, 3996 MHz, 0 %, 162731 MiB
2026/08/03 13:00:42.892, 5, P0, 36, 245.16 W, 1965 MHz, 3996 MHz, 0 %, 162731 MiB
2026/08/03 13:00:42.892, 6, P0, 33, 249.70 W, 1965 MHz, 3996 MHz, 100 %, 162731 MiB
2026/08/03 13:00:42.892, 7, P0, 37, 244.58 W, 1965 MHz, 3996 MHz, 0 %, 161771 MiB
2026/08/03 13:00:43.892, 0, P0, 36, 252.54 W, 1965 MHz, 3996 MHz, 76 %, 162539 MiB
2026/08/03 13:00:43.892, 1, P0, 33, 248.73 W, 1965 MHz, 3996 MHz, 63 %, 162731 MiB
2026/08/03 13:00:43.892, 2, P0, 36, 246.65 W, 1965 MHz, 3996 MHz, 85 %, 162731 MiB
2026/08/03 13:00:43.892, 3, P0, 33, 248.89 W, 1965 MHz, 3996 MHz, 79 %, 162731 MiB
2026/08/03 13:00:43.892, 4, P0, 34, 245.23 W, 1965 MHz, 3996 MHz, 21 %, 162731 MiB
2026/08/03 13:00:43.892, 5, P0, 36, 252.87 W, 1965 MHz, 3996 MHz, 38 %, 162731 MiB
2026/08/03 13:00:43.892, 6, P0, 33, 247.46 W, 1965 MHz, 3996 MHz, 5 %, 162731 MiB
2026/08/03 13:00:43.892, 7, P0, 37, 252.22 W, 1965 MHz, 3996 MHz, 82 %, 161771 MiB
2026/08/03 13:00:44.892, 0, P0, 36, 252.26 W, 1965 MHz, 3996 MHz, 71 %, 162539 MiB
2026/08/03 13:00:44.893, 1, P0, 33, 248.52 W, 1965 MHz, 3996 MHz, 53 %, 162731 MiB
2026/08/03 13:00:44.893, 2, P0, 36, 246.25 W, 1965 MHz, 3996 MHz, 82 %, 162731 MiB
2026/08/03 13:00:44.893, 3, P0, 33, 248.69 W, 1965 MHz, 3996 MHz, 76 %, 162731 MiB
2026/08/03 13:00:44.893, 4, P0, 34, 244.96 W, 1965 MHz, 3996 MHz, 86 %, 162731 MiB
2026/08/03 13:00:44.893, 5, P0, 36, 253.00 W, 1965 MHz, 3996 MHz, 50 %, 162731 MiB
2026/08/03 13:00:44.893, 6, P0, 33, 246.77 W, 1965 MHz, 3996 MHz, 5 %, 162731 MiB
2026/08/03 13:00:44.893, 7, P0, 37, 251.84 W, 1965 MHz, 3996 MHz, 75 %, 161771 MiB
2026/08/03 13:00:45.893, 0, P0, 36, 252.63 W, 1965 MHz, 3996 MHz, 88 %, 162539 MiB
2026/08/03 13:00:45.893, 1, P0, 33, 247.52 W, 1965 MHz, 3996 MHz, 66 %, 162731 MiB
2026/08/03 13:00:45.893, 2, P0, 36, 246.69 W, 1965 MHz, 3996 MHz, 93 %, 162731 MiB
2026/08/03 13:00:45.893, 3, P0, 33, 249.32 W, 1965 MHz, 3996 MHz, 82 %, 162731 MiB
2026/08/03 13:00:45.893, 4, P0, 34, 245.45 W, 1965 MHz, 3996 MHz, 72 %, 162731 MiB
2026/08/03 13:00:45.893, 5, P0, 36, 252.25 W, 1965 MHz, 3996 MHz, 67 %, 162731 MiB
2026/08/03 13:00:45.893, 6, P0, 33, 247.70 W, 1965 MHz, 3996 MHz, 11 %, 162731 MiB
2026/08/03 13:00:45.893, 7, P0, 37, 252.40 W, 1965 MHz, 3996 MHz, 69 %, 161771 MiB
2026/08/03 13:00:46.893, 0, P0, 36, 245.59 W, 1965 MHz, 3996 MHz, 0 %, 162539 MiB
2026/08/03 13:00:46.893, 1, P0, 33, 248.47 W, 1965 MHz, 3996 MHz, 100 %, 162731 MiB
2026/08/03 13:00:46.893, 2, P0, 36, 245.08 W, 1965 MHz, 3996 MHz, 100 %, 162731 MiB
2026/08/03 13:00:46.893, 3, P0, 33, 247.70 W, 1965 MHz, 3996 MHz, 100 %, 162731 MiB
2026/08/03 13:00:46.893, 4, P0, 34, 244.32 W, 1965 MHz, 3996 MHz, 100 %, 162731 MiB
2026/08/03 13:00:46.893, 5, P0, 36, 253.51 W, 1965 MHz, 3996 MHz, 100 %, 162731 MiB
2026/08/03 13:00:46.893, 6, P0, 33, 249.72 W, 1965 MHz, 3996 MHz, 100 %, 162731 MiB
2026/08/03 13:00:46.893, 7, P0, 37, 251.57 W, 1965 MHz, 3996 MHz, 100 %, 161771 MiB
2026/08/03 13:00:47.893, 0, P0, 36, 250.14 W, 1965 MHz, 3996 MHz, 70 %, 162539 MiB
2026/08/03 13:00:47.893, 1, P0, 33, 248.56 W, 1965 MHz, 3996 MHz, 63 %, 162731 MiB
2026/08/03 13:00:47.893, 2, P0, 36, 246.10 W, 1965 MHz, 3996 MHz, 86 %, 162731 MiB
2026/08/03 13:00:47.893, 3, P0, 33, 248.73 W, 1965 MHz, 3996 MHz, 72 %, 162731 MiB
2026/08/03 13:00:47.893, 4, P0, 34, 245.38 W, 1965 MHz, 3996 MHz, 83 %, 162731 MiB
2026/08/03 13:00:47.893, 5, P0, 36, 253.32 W, 1965 MHz, 3996 MHz, 66 %, 162731 MiB
2026/08/03 13:00:47.894, 6, P0, 33, 249.10 W, 1965 MHz, 3996 MHz, 5 %, 162731 MiB
2026/08/03 13:00:47.894, 7, P0, 37, 252.17 W, 1965 MHz, 3996 MHz, 85 %, 161771 MiB
2026/08/03 13:00:48.894, 0, P0, 36, 251.79 W, 1965 MHz, 3996 MHz, 74 %, 162539 MiB
2026/08/03 13:00:48.894, 1, P0, 33, 248.48 W, 1965 MHz, 3996 MHz, 65 %, 162731 MiB
2026/08/03 13:00:48.894, 2, P0, 36, 246.63 W, 1965 MHz, 3996 MHz, 87 %, 162731 MiB
2026/08/03 13:00:48.894, 3, P0, 33, 248.59 W, 1965 MHz, 3996 MHz, 78 %, 162731 MiB
2026/08/03 13:00:48.894, 4, P0, 34, 245.42 W, 1965 MHz, 3996 MHz, 81 %, 162731 MiB
2026/08/03 13:00:48.894, 5, P0, 36, 253.76 W, 1965 MHz, 3996 MHz, 62 %, 162731 MiB
2026/08/03 13:00:48.894, 6, P0, 33, 246.41 W, 1965 MHz, 3996 MHz, 34 %, 162731 MiB
2026/08/03 13:00:48.894, 7, P0, 37, 252.72 W, 1965 MHz, 3996 MHz, 81 %, 161771 MiB
2026/08/03 13:00:49.894, 0, P0, 36, 252.04 W, 1965 MHz, 3996 MHz, 74 %, 162539 MiB
2026/08/03 13:00:49.894, 1, P0, 33, 248.03 W, 1965 MHz, 3996 MHz, 11 %, 162731 MiB
2026/08/03 13:00:49.894, 2, P0, 36, 246.72 W, 1965 MHz, 3996 MHz, 90 %, 162731 MiB
2026/08/03 13:00:49.894, 3, P0, 33, 249.35 W, 1965 MHz, 3996 MHz, 85 %, 162731 MiB
2026/08/03 13:00:49.894, 4, P0, 34, 245.58 W, 1965 MHz, 3996 MHz, 86 %, 162731 MiB
2026/08/03 13:00:49.894, 5, P0, 36, 253.76 W, 1965 MHz, 3996 MHz, 67 %, 162731 MiB
2026/08/03 13:00:49.894, 6, P0, 33, 246.24 W, 1965 MHz, 3996 MHz, 6 %, 162731 MiB
2026/08/03 13:00:49.894, 7, P0, 37, 252.62 W, 1965 MHz, 3996 MHz, 72 %, 161771 MiB
2026/08/03 13:00:50.894, 0, P0, 36, 252.76 W, 1965 MHz, 3996 MHz, 69 %, 162539 MiB
2026/08/03 13:00:50.894, 1, P0, 33, 249.85 W, 1965 MHz, 3996 MHz, 76 %, 162731 MiB
2026/08/03 13:00:50.894, 2, P0, 36, 246.54 W, 1965 MHz, 3996 MHz, 92 %, 162731 MiB
2026/08/03 13:00:50.894, 3, P0, 33, 249.17 W, 1965 MHz, 3996 MHz, 86 %, 162731 MiB
2026/08/03 13:00:50.894, 4, P0, 34, 245.85 W, 1965 MHz, 3996 MHz, 76 %, 162731 MiB
2026/08/03 13:00:50.894, 5, P0, 36, 254.02 W, 1965 MHz, 3996 MHz, 52 %, 162731 MiB
2026/08/03 13:00:50.894, 6, P0, 33, 246.64 W, 1965 MHz, 3996 MHz, 6 %, 162731 MiB
2026/08/03 13:00:50.894, 7, P0, 37, 252.73 W, 1965 MHz, 3996 MHz, 76 %, 161771 MiB
2026/08/03 13:00:51.894, 0, P0, 36, 264.98 W, 1965 MHz, 3996 MHz, 71 %, 162539 MiB
2026/08/03 13:00:51.895, 1, P0, 34, 261.62 W, 1965 MHz, 3996 MHz, 71 %, 162731 MiB
2026/08/03 13:00:51.895, 2, P0, 36, 259.90 W, 1965 MHz, 3996 MHz, 86 %, 162731 MiB
2026/08/03 13:00:51.895, 3, P0, 33, 261.75 W, 1965 MHz, 3996 MHz, 85 %, 162731 MiB
2026/08/03 13:00:51.895, 4, P0, 34, 258.82 W, 1965 MHz, 3996 MHz, 85 %, 162731 MiB
2026/08/03 13:00:51.895, 5, P0, 36, 253.47 W, 1965 MHz, 3996 MHz, 52 %, 162731 MiB
2026/08/03 13:00:51.895, 6, P0, 33, 251.11 W, 1965 MHz, 3996 MHz, 6 %, 162731 MiB
2026/08/03 13:00:51.895, 7, P0, 37, 264.52 W, 1965 MHz, 3996 MHz, 88 %, 161771 MiB
2026/08/03 13:00:52.895, 0, P0, 36, 252.15 W, 1965 MHz, 3996 MHz, 74 %, 162539 MiB
2026/08/03 13:00:52.895, 1, P0, 33, 248.37 W, 1965 MHz, 3996 MHz, 62 %, 162731 MiB
2026/08/03 13:00:52.895, 2, P0, 36, 246.67 W, 1965 MHz, 3996 MHz, 87 %, 162731 MiB
2026/08/03 13:00:52.895, 3, P0, 33, 248.88 W, 1965 MHz, 3996 MHz, 83 %, 162731 MiB
2026/08/03 13:00:52.895, 4, P0, 34, 245.71 W, 1965 MHz, 3996 MHz, 78 %, 162731 MiB
2026/08/03 13:00:52.895, 5, P0, 36, 254.34 W, 1965 MHz, 3996 MHz, 71 %, 162731 MiB
2026/08/03 13:00:52.895, 6, P0, 33, 246.78 W, 1965 MHz, 3996 MHz, 19 %, 162731 MiB
2026/08/03 13:00:52.895, 7, P0, 37, 253.07 W, 1965 MHz, 3996 MHz, 89 %, 161771 MiB
2026/08/03 13:00:53.895, 0, P0, 36, 263.65 W, 1965 MHz, 3996 MHz, 80 %, 162539 MiB
2026/08/03 13:00:53.895, 1, P0, 33, 256.25 W, 1965 MHz, 3996 MHz, 26 %, 162731 MiB
2026/08/03 13:00:53.895, 2, P0, 36, 260.49 W, 1965 MHz, 3996 MHz, 86 %, 162731 MiB
2026/08/03 13:00:53.895, 3, P0, 33, 262.59 W, 1965 MHz, 3996 MHz, 85 %, 162731 MiB
2026/08/03 13:00:53.895, 4, P0, 34, 259.31 W, 1965 MHz, 3996 MHz, 85 %, 162731 MiB
2026/08/03 13:00:53.895, 5, P0, 36, 267.21 W, 1965 MHz, 3996 MHz, 83 %, 162731 MiB
2026/08/03 13:00:53.895, 6, P0, 33, 247.24 W, 1965 MHz, 3996 MHz, 5 %, 162731 MiB
2026/08/03 13:00:53.895, 7, P0, 37, 265.99 W, 1965 MHz, 3996 MHz, 74 %, 161771 MiB
2026/08/03 13:00:54.895, 0, P0, 36, 252.00 W, 1965 MHz, 3996 MHz, 86 %, 162539 MiB
2026/08/03 13:00:54.895, 1, P0, 33, 247.36 W, 1965 MHz, 3996 MHz, 71 %, 162731 MiB
2026/08/03 13:00:54.895, 2, P0, 36, 246.45 W, 1965 MHz, 3996 MHz, 85 %, 162731 MiB
2026/08/03 13:00:54.895, 3, P0, 33, 248.62 W, 1965 MHz, 3996 MHz, 81 %, 162731 MiB
2026/08/03 13:00:54.895, 4, P0, 34, 244.80 W, 1965 MHz, 3996 MHz, 49 %, 162731 MiB
2026/08/03 13:00:54.895, 5, P0, 36, 254.10 W, 1965 MHz, 3996 MHz, 75 %, 162731 MiB
2026/08/03 13:00:54.895, 6, P0, 33, 246.14 W, 1965 MHz, 3996 MHz, 13 %, 162731 MiB
2026/08/03 13:00:54.895, 7, P0, 37, 252.10 W, 1965 MHz, 3996 MHz, 80 %, 161771 MiB
2026/08/03 13:00:55.896, 0, P0, 36, 252.00 W, 1965 MHz, 3996 MHz, 82 %, 162539 MiB
2026/08/03 13:00:55.896, 1, P0, 33, 247.86 W, 1965 MHz, 3996 MHz, 76 %, 162731 MiB
2026/08/03 13:00:55.896, 2, P0, 36, 246.40 W, 1965 MHz, 3996 MHz, 92 %, 162731 MiB
2026/08/03 13:00:55.896, 3, P0, 33, 249.26 W, 1965 MHz, 3996 MHz, 87 %, 162731 MiB
2026/08/03 13:00:55.896, 4, P0, 34, 245.25 W, 1965 MHz, 3996 MHz, 82 %, 162731 MiB
2026/08/03 13:00:55.896, 5, P0, 36, 254.59 W, 1965 MHz, 3996 MHz, 78 %, 162731 MiB
2026/08/03 13:00:55.896, 6, P0, 33, 246.74 W, 1965 MHz, 3996 MHz, 5 %, 162731 MiB
2026/08/03 13:00:55.896, 7, P0, 37, 251.94 W, 1965 MHz, 3996 MHz, 70 %, 161771 MiB
2026/08/03 13:00:56.896, 0, P0, 36, 251.74 W, 1965 MHz, 3996 MHz, 61 %, 162539 MiB
2026/08/03 13:00:56.896, 1, P0, 33, 248.53 W, 1965 MHz, 3996 MHz, 56 %, 162731 MiB
2026/08/03 13:00:56.896, 2, P0, 36, 246.49 W, 1965 MHz, 3996 MHz, 88 %, 162731 MiB
2026/08/03 13:00:56.896, 3, P0, 33, 248.72 W, 1965 MHz, 3996 MHz, 87 %, 162731 MiB
2026/08/03 13:00:56.896, 4, P0, 34, 245.18 W, 1965 MHz, 3996 MHz, 65 %, 162731 MiB
2026/08/03 13:00:56.896, 5, P0, 36, 253.74 W, 1965 MHz, 3996 MHz, 72 %, 162731 MiB
2026/08/03 13:00:56.896, 6, P0, 33, 246.12 W, 1965 MHz, 3996 MHz, 5 %, 162731 MiB
2026/08/03 13:00:56.896, 7, P0, 37, 252.54 W, 1965 MHz, 3996 MHz, 73 %, 161771 MiB
2026/08/03 13:00:57.896, 0, P0, 36, 251.12 W, 1965 MHz, 3996 MHz, 60 %, 162539 MiB
2026/08/03 13:00:57.896, 1, P0, 33, 248.60 W, 1965 MHz, 3996 MHz, 63 %, 162731 MiB
2026/08/03 13:00:57.896, 2, P0, 36, 246.21 W, 1965 MHz, 3996 MHz, 84 %, 162731 MiB
2026/08/03 13:00:57.896, 3, P0, 33, 248.57 W, 1965 MHz, 3996 MHz, 73 %, 162731 MiB
2026/08/03 13:00:57.896, 4, P0, 34, 244.54 W, 1965 MHz, 3996 MHz, 76 %, 162731 MiB
2026/08/03 13:00:57.896, 5, P0, 36, 253.71 W, 1965 MHz, 3996 MHz, 64 %, 162731 MiB
2026/08/03 13:00:57.896, 6, P0, 33, 246.33 W, 1965 MHz, 3996 MHz, 5 %, 162731 MiB
2026/08/03 13:00:57.896, 7, P0, 37, 251.66 W, 1965 MHz, 3996 MHz, 75 %, 161771 MiB
2026/08/03 13:00:58.896, 0, P0, 36, 250.97 W, 1965 MHz, 3996 MHz, 69 %, 162539 MiB
2026/08/03 13:00:58.896, 1, P0, 33, 247.06 W, 1965 MHz, 3996 MHz, 42 %, 162731 MiB
2026/08/03 13:00:58.896, 2, P0, 36, 246.01 W, 1965 MHz, 3996 MHz, 85 %, 162731 MiB
2026/08/03 13:00:58.896, 3, P0, 33, 248.83 W, 1965 MHz, 3996 MHz, 73 %, 162731 MiB
2026/08/03 13:00:58.896, 4, P0, 34, 245.63 W, 1965 MHz, 3996 MHz, 86 %, 162731 MiB
2026/08/03 13:00:58.897, 5, P0, 36, 254.12 W, 1965 MHz, 3996 MHz, 70 %, 162731 MiB
2026/08/03 13:00:58.897, 6, P0, 33, 246.95 W, 1965 MHz, 3996 MHz, 5 %, 162731 MiB
2026/08/03 13:00:58.897, 7, P0, 37, 252.36 W, 1965 MHz, 3996 MHz, 75 %, 161771 MiB
2026/08/03 13:00:59.897, 0, P0, 36, 252.16 W, 1965 MHz, 3996 MHz, 91 %, 162539 MiB
2026/08/03 13:00:59.897, 1, P0, 33, 244.57 W, 1965 MHz, 3996 MHz, 5 %, 162731 MiB
2026/08/03 13:00:59.897, 2, P0, 36, 245.73 W, 1965 MHz, 3996 MHz, 92 %, 162731 MiB
2026/08/03 13:00:59.897, 3, P0, 33, 248.67 W, 1965 MHz, 3996 MHz, 92 %, 162731 MiB
2026/08/03 13:00:59.897, 4, P0, 34, 245.38 W, 1965 MHz, 3996 MHz, 81 %, 162731 MiB
2026/08/03 13:00:59.897, 5, P0, 36, 254.30 W, 1965 MHz, 3996 MHz, 83 %, 162731 MiB
2026/08/03 13:00:59.897, 6, P0, 33, 249.00 W, 1965 MHz, 3996 MHz, 49 %, 162731 MiB
2026/08/03 13:00:59.897, 7, P0, 37, 252.58 W, 1965 MHz, 3996 MHz, 82 %, 161771 MiB
2026/08/03 13:01:00.897, 0, P0, 36, 251.42 W, 1965 MHz, 3996 MHz, 73 %, 162539 MiB
2026/08/03 13:01:00.897, 1, P0, 33, 247.86 W, 1965 MHz, 3996 MHz, 49 %, 162731 MiB
2026/08/03 13:01:00.897, 2, P0, 36, 246.16 W, 1965 MHz, 3996 MHz, 89 %, 162731 MiB
2026/08/03 13:01:00.897, 3, P0, 33, 248.59 W, 1965 MHz, 3996 MHz, 85 %, 162731 MiB
2026/08/03 13:01:00.897, 4, P0, 34, 245.40 W, 1965 MHz, 3996 MHz, 66 %, 162731 MiB
2026/08/03 13:01:00.897, 5, P0, 36, 253.24 W, 1965 MHz, 3996 MHz, 84 %, 162731 MiB
2026/08/03 13:01:00.897, 6, P0, 33, 246.54 W, 1965 MHz, 3996 MHz, 5 %, 162731 MiB
2026/08/03 13:01:00.897, 7, P0, 37, 252.44 W, 1965 MHz, 3996 MHz, 80 %, 161771 MiB
2026/08/03 13:01:01.897, 0, P0, 36, 251.52 W, 1965 MHz, 3996 MHz, 64 %, 162539 MiB
2026/08/03 13:01:01.897, 1, P0, 33, 247.26 W, 1965 MHz, 3996 MHz, 63 %, 162731 MiB
2026/08/03 13:01:01.897, 2, P0, 36, 246.23 W, 1965 MHz, 3996 MHz, 83 %, 162731 MiB
2026/08/03 13:01:01.897, 3, P0, 33, 248.26 W, 1965 MHz, 3996 MHz, 76 %, 162731 MiB
2026/08/03 13:01:01.897, 4, P0, 34, 244.86 W, 1965 MHz, 3996 MHz, 69 %, 162731 MiB
2026/08/03 13:01:01.897, 5, P0, 36, 253.65 W, 1965 MHz, 3996 MHz, 74 %, 162731 MiB
2026/08/03 13:01:01.897, 6, P0, 33, 247.90 W, 1965 MHz, 3996 MHz, 5 %, 162731 MiB
2026/08/03 13:01:01.897, 7, P0, 37, 252.77 W, 1965 MHz, 3996 MHz, 81 %, 161771 MiB
2026/08/03 13:01:02.897, 0, P0, 36, 252.10 W, 1965 MHz, 3996 MHz, 74 %, 162539 MiB
2026/08/03 13:01:02.898, 1, P0, 33, 248.83 W, 1965 MHz, 3996 MHz, 86 %, 162731 MiB
2026/08/03 13:01:02.898, 2, P0, 36, 246.34 W, 1965 MHz, 3996 MHz, 88 %, 162731 MiB
2026/08/03 13:01:02.898, 3, P0, 33, 248.76 W, 1965 MHz, 3996 MHz, 80 %, 162731 MiB
2026/08/03 13:01:02.898, 4, P0, 34, 245.26 W, 1965 MHz, 3996 MHz, 81 %, 162731 MiB
2026/08/03 13:01:02.898, 5, P0, 36, 252.97 W, 1965 MHz, 3996 MHz, 77 %, 162731 MiB
2026/08/03 13:01:02.898, 6, P0, 33, 246.20 W, 1965 MHz, 3996 MHz, 5 %, 162731 MiB
2026/08/03 13:01:02.898, 7, P0, 37, 251.62 W, 1965 MHz, 3996 MHz, 63 %, 161771 MiB
2026/08/03 13:01:03.898, 0, P0, 36, 251.54 W, 1965 MHz, 3996 MHz, 68 %, 162539 MiB
2026/08/03 13:01:03.898, 1, P0, 33, 247.38 W, 1965 MHz, 3996 MHz, 55 %, 162731 MiB
2026/08/03 13:01:03.898, 2, P0, 36, 246.32 W, 1965 MHz, 3996 MHz, 91 %, 162731 MiB
2026/08/03 13:01:03.898, 3, P0, 33, 248.63 W, 1965 MHz, 3996 MHz, 89 %, 162731 MiB
2026/08/03 13:01:03.898, 4, P0, 34, 245.44 W, 1965 MHz, 3996 MHz, 80 %, 162731 MiB
2026/08/03 13:01:03.898, 5, P0, 36, 253.67 W, 1965 MHz, 3996 MHz, 72 %, 162731 MiB
2026/08/03 13:01:03.898, 6, P0, 33, 245.71 W, 1965 MHz, 3996 MHz, 8 %, 162731 MiB
2026/08/03 13:01:03.898, 7, P0, 37, 251.87 W, 1965 MHz, 3996 MHz, 50 %, 161771 MiB
2026/08/03 13:01:04.898, 0, P0, 36, 252.00 W, 1965 MHz, 3996 MHz, 91 %, 162539 MiB
2026/08/03 13:01:04.898, 1, P0, 33, 247.15 W, 1965 MHz, 3996 MHz, 70 %, 162731 MiB
2026/08/03 13:01:04.898, 2, P0, 36, 246.26 W, 1965 MHz, 3996 MHz, 89 %, 162731 MiB
2026/08/03 13:01:04.898, 3, P0, 33, 249.10 W, 1965 MHz, 3996 MHz, 89 %, 162731 MiB
2026/08/03 13:01:04.898, 4, P0, 34, 245.31 W, 1965 MHz, 3996 MHz, 74 %, 162731 MiB
2026/08/03 13:01:04.898, 5, P0, 36, 253.75 W, 1965 MHz, 3996 MHz, 77 %, 162731 MiB
2026/08/03 13:01:04.898, 6, P0, 33, 245.58 W, 1965 MHz, 3996 MHz, 5 %, 162731 MiB
2026/08/03 13:01:04.898, 7, P0, 37, 252.03 W, 1965 MHz, 3996 MHz, 75 %, 161771 MiB
2026/08/03 13:01:05.898, 0, P0, 36, 251.15 W, 1965 MHz, 3996 MHz, 68 %, 162539 MiB
2026/08/03 13:01:05.898, 1, P0, 33, 247.30 W, 1965 MHz, 3996 MHz, 69 %, 162731 MiB
2026/08/03 13:01:05.898, 2, P0, 36, 246.40 W, 1965 MHz, 3996 MHz, 90 %, 162731 MiB
2026/08/03 13:01:05.898, 3, P0, 33, 248.77 W, 1965 MHz, 3996 MHz, 87 %, 162731 MiB
2026/08/03 13:01:05.898, 4, P0, 34, 245.09 W, 1965 MHz, 3996 MHz, 76 %, 162731 MiB
2026/08/03 13:01:05.898, 5, P0, 36, 251.53 W, 1965 MHz, 3996 MHz, 51 %, 162731 MiB
2026/08/03 13:01:05.898, 6, P0, 33, 246.83 W, 1965 MHz, 3996 MHz, 5 %, 162731 MiB
2026/08/03 13:01:05.898, 7, P0, 37, 252.15 W, 1965 MHz, 3996 MHz, 73 %, 161771 MiB
2026/08/03 13:01:06.899, 0, P0, 36, 251.66 W, 1965 MHz, 3996 MHz, 84 %, 162539 MiB
2026/08/03 13:01:06.899, 1, P0, 33, 248.08 W, 1965 MHz, 3996 MHz, 63 %, 162731 MiB
2026/08/03 13:01:06.899, 2, P0, 36, 245.87 W, 1965 MHz, 3996 MHz, 86 %, 162731 MiB
2026/08/03 13:01:06.899, 3, P0, 33, 248.92 W, 1965 MHz, 3996 MHz, 91 %, 162731 MiB
2026/08/03 13:01:06.899, 4, P0, 34, 244.25 W, 1965 MHz, 3996 MHz, 71 %, 162731 MiB
2026/08/03 13:01:06.899, 5, P0, 36, 250.08 W, 1965 MHz, 3996 MHz, 36 %, 162731 MiB
2026/08/03 13:01:06.899, 6, P0, 33, 246.12 W, 1965 MHz, 3996 MHz, 7 %, 162731 MiB
2026/08/03 13:01:06.899, 7, P0, 37, 252.06 W, 1965 MHz, 3996 MHz, 87 %, 161771 MiB
2026/08/03 13:01:07.899, 0, P0, 36, 251.28 W, 1965 MHz, 3996 MHz, 82 %, 162539 MiB
2026/08/03 13:01:07.899, 1, P0, 33, 248.06 W, 1965 MHz, 3996 MHz, 62 %, 162731 MiB
2026/08/03 13:01:07.899, 2, P0, 36, 246.26 W, 1965 MHz, 3996 MHz, 89 %, 162731 MiB
2026/08/03 13:01:07.899, 3, P0, 33, 248.74 W, 1965 MHz, 3996 MHz, 82 %, 162731 MiB
2026/08/03 13:01:07.899, 4, P0, 34, 244.37 W, 1965 MHz, 3996 MHz, 87 %, 162731 MiB
2026/08/03 13:01:07.899, 5, P0, 36, 251.52 W, 1965 MHz, 3996 MHz, 52 %, 162731 MiB
2026/08/03 13:01:07.899, 6, P0, 33, 246.08 W, 1965 MHz, 3996 MHz, 5 %, 162731 MiB
2026/08/03 13:01:07.899, 7, P0, 37, 251.88 W, 1965 MHz, 3996 MHz, 67 %, 161771 MiB
2026/08/03 13:01:08.899, 0, P0, 36, 251.79 W, 1965 MHz, 3996 MHz, 65 %, 162539 MiB
2026/08/03 13:01:08.899, 1, P0, 33, 247.70 W, 1965 MHz, 3996 MHz, 76 %, 162731 MiB
2026/08/03 13:01:08.900, 2, P0, 36, 246.37 W, 1965 MHz, 3996 MHz, 96 %, 162731 MiB
2026/08/03 13:01:08.900, 3, P0, 33, 248.88 W, 1965 MHz, 3996 MHz, 91 %, 162731 MiB
2026/08/03 13:01:08.900, 4, P0, 34, 244.84 W, 1965 MHz, 3996 MHz, 41 %, 162731 MiB
2026/08/03 13:01:08.900, 5, P0, 36, 250.48 W, 1965 MHz, 3996 MHz, 53 %, 162731 MiB
2026/08/03 13:01:08.900, 6, P0, 33, 247.18 W, 1965 MHz, 3996 MHz, 5 %, 162731 MiB
2026/08/03 13:01:08.900, 7, P0, 37, 251.75 W, 1965 MHz, 3996 MHz, 78 %, 161771 MiB
2026/08/03 13:01:09.900, 0, P0, 36, 250.82 W, 1965 MHz, 3996 MHz, 70 %, 162539 MiB
2026/08/03 13:01:09.900, 1, P0, 33, 247.76 W, 1965 MHz, 3996 MHz, 22 %, 162731 MiB
2026/08/03 13:01:09.900, 2, P0, 36, 246.29 W, 1965 MHz, 3996 MHz, 82 %, 162731 MiB
2026/08/03 13:01:09.900, 3, P0, 33, 248.93 W, 1965 MHz, 3996 MHz, 86 %, 162731 MiB
2026/08/03 13:01:09.900, 4, P0, 34, 243.87 W, 1965 MHz, 3996 MHz, 59 %, 162731 MiB
2026/08/03 13:01:09.900, 5, P0, 36, 250.49 W, 1965 MHz, 3996 MHz, 46 %, 162731 MiB
2026/08/03 13:01:09.900, 6, P0, 33, 245.91 W, 1965 MHz, 3996 MHz, 5 %, 162731 MiB
2026/08/03 13:01:09.900, 7, P0, 37, 252.17 W, 1965 MHz, 3996 MHz, 83 %, 161771 MiB
2026/08/03 13:01:10.900, 0, P0, 36, 250.11 W, 1965 MHz, 3996 MHz, 35 %, 162539 MiB
2026/08/03 13:01:10.900, 1, P0, 33, 249.00 W, 1965 MHz, 3996 MHz, 72 %, 162731 MiB
2026/08/03 13:01:10.900, 2, P0, 36, 246.33 W, 1965 MHz, 3996 MHz, 86 %, 162731 MiB
2026/08/03 13:01:10.900, 3, P0, 33, 247.74 W, 1965 MHz, 3996 MHz, 75 %, 162731 MiB
2026/08/03 13:01:10.900, 4, P0, 34, 244.96 W, 1965 MHz, 3996 MHz, 80 %, 162731 MiB
2026/08/03 13:01:10.900, 5, P0, 36, 252.84 W, 1965 MHz, 3996 MHz, 69 %, 162731 MiB
2026/08/03 13:01:10.900, 6, P0, 33, 247.30 W, 1965 MHz, 3996 MHz, 59 %, 162731 MiB
2026/08/03 13:01:10.900, 7, P0, 37, 252.12 W, 1965 MHz, 3996 MHz, 73 %, 161771 MiB
2026/08/03 13:01:11.900, 0, P0, 36, 251.50 W, 1965 MHz, 3996 MHz, 74 %, 162539 MiB
2026/08/03 13:01:11.900, 1, P0, 33, 248.70 W, 1965 MHz, 3996 MHz, 78 %, 162731 MiB
2026/08/03 13:01:11.900, 2, P0, 36, 245.46 W, 1965 MHz, 3996 MHz, 94 %, 162731 MiB
2026/08/03 13:01:11.901, 3, P0, 33, 248.54 W, 1965 MHz, 3996 MHz, 86 %, 162731 MiB
2026/08/03 13:01:11.901, 4, P0, 34, 244.97 W, 1965 MHz, 3996 MHz, 76 %, 162731 MiB
2026/08/03 13:01:11.901, 5, P0, 36, 251.88 W, 1965 MHz, 3996 MHz, 22 %, 162731 MiB
2026/08/03 13:01:11.901, 6, P0, 33, 246.36 W, 1965 MHz, 3996 MHz, 5 %, 162731 MiB
2026/08/03 13:01:11.901, 7, P0, 37, 252.33 W, 1965 MHz, 3996 MHz, 68 %, 161771 MiB
2026/08/03 13:01:12.901, 0, P0, 36, 251.42 W, 1965 MHz, 3996 MHz, 59 %, 162539 MiB
2026/08/03 13:01:12.901, 1, P0, 33, 247.96 W, 1965 MHz, 3996 MHz, 55 %, 162731 MiB
2026/08/03 13:01:12.901, 2, P0, 36, 246.11 W, 1965 MHz, 3996 MHz, 91 %, 162731 MiB
2026/08/03 13:01:12.901, 3, P0, 33, 248.44 W, 1965 MHz, 3996 MHz, 41 %, 162731 MiB
2026/08/03 13:01:12.901, 4, P0, 34, 244.65 W, 1965 MHz, 3996 MHz, 70 %, 162731 MiB
2026/08/03 13:01:12.901, 5, P0, 36, 252.81 W, 1965 MHz, 3996 MHz, 58 %, 162731 MiB
2026/08/03 13:01:12.901, 6, P0, 33, 246.00 W, 1965 MHz, 3996 MHz, 6 %, 162731 MiB
2026/08/03 13:01:12.901, 7, P0, 37, 251.87 W, 1965 MHz, 3996 MHz, 36 %, 161771 MiB
2026/08/03 13:01:13.901, 0, P0, 36, 250.79 W, 1965 MHz, 3996 MHz, 66 %, 162539 MiB
2026/08/03 13:01:13.901, 1, P0, 33, 248.09 W, 1965 MHz, 3996 MHz, 50 %, 162731 MiB
2026/08/03 13:01:13.901, 2, P0, 36, 246.10 W, 1965 MHz, 3996 MHz, 84 %, 162731 MiB
2026/08/03 13:01:13.901, 3, P0, 33, 248.30 W, 1965 MHz, 3996 MHz, 57 %, 162731 MiB
2026/08/03 13:01:13.901, 4, P0, 34, 244.48 W, 1965 MHz, 3996 MHz, 62 %, 162731 MiB
2026/08/03 13:01:13.901, 5, P0, 36, 251.12 W, 1965 MHz, 3996 MHz, 45 %, 162731 MiB
2026/08/03 13:01:13.901, 6, P0, 33, 246.80 W, 1965 MHz, 3996 MHz, 46 %, 162731 MiB
2026/08/03 13:01:13.901, 7, P0, 37, 251.88 W, 1965 MHz, 3996 MHz, 81 %, 161771 MiB
2026/08/03 13:01:14.901, 0, P0, 36, 251.00 W, 1965 MHz, 3996 MHz, 65 %, 162539 MiB
2026/08/03 13:01:14.901, 1, P0, 33, 248.22 W, 1965 MHz, 3996 MHz, 67 %, 162731 MiB
2026/08/03 13:01:14.901, 2, P0, 36, 245.87 W, 1965 MHz, 3996 MHz, 74 %, 162731 MiB
2026/08/03 13:01:14.901, 3, P0, 33, 247.84 W, 1965 MHz, 3996 MHz, 67 %, 162731 MiB
2026/08/03 13:01:14.901, 4, P0, 34, 244.31 W, 1965 MHz, 3996 MHz, 47 %, 162731 MiB
2026/08/03 13:01:14.901, 5, P0, 36, 252.80 W, 1965 MHz, 3996 MHz, 58 %, 162731 MiB
2026/08/03 13:01:14.901, 6, P0, 33, 246.29 W, 1965 MHz, 3996 MHz, 5 %, 162731 MiB
2026/08/03 13:01:14.901, 7, P0, 37, 251.90 W, 1965 MHz, 3996 MHz, 73 %, 161771 MiB
2026/08/03 13:01:15.901, 0, P0, 36, 251.05 W, 1965 MHz, 3996 MHz, 63 %, 162539 MiB
2026/08/03 13:01:15.902, 1, P0, 33, 248.17 W, 1965 MHz, 3996 MHz, 64 %, 162731 MiB
2026/08/03 13:01:15.902, 2, P0, 36, 246.05 W, 1965 MHz, 3996 MHz, 84 %, 162731 MiB
2026/08/03 13:01:15.902, 3, P0, 33, 248.54 W, 1965 MHz, 3996 MHz, 77 %, 162731 MiB
2026/08/03 13:01:15.902, 4, P0, 34, 244.74 W, 1965 MHz, 3996 MHz, 80 %, 162731 MiB
2026/08/03 13:01:15.902, 5, P0, 36, 251.39 W, 1965 MHz, 3996 MHz, 62 %, 162731 MiB
2026/08/03 13:01:15.902, 6, P0, 33, 246.14 W, 1965 MHz, 3996 MHz, 28 %, 162731 MiB
2026/08/03 13:01:15.902, 7, P0, 37, 251.53 W, 1965 MHz, 3996 MHz, 69 %, 161771 MiB
2026/08/03 13:01:16.902, 0, P0, 36, 250.70 W, 1965 MHz, 3996 MHz, 55 %, 162539 MiB
2026/08/03 13:01:16.902, 1, P0, 33, 248.62 W, 1965 MHz, 3996 MHz, 77 %, 162731 MiB
2026/08/03 13:01:16.902, 2, P0, 36, 246.01 W, 1965 MHz, 3996 MHz, 94 %, 162731 MiB
2026/08/03 13:01:16.902, 3, P0, 33, 248.20 W, 1965 MHz, 3996 MHz, 59 %, 162731 MiB
2026/08/03 13:01:16.902, 4, P0, 34, 244.96 W, 1965 MHz, 3996 MHz, 80 %, 162731 MiB
2026/08/03 13:01:16.902, 5, P0, 36, 253.72 W, 1965 MHz, 3996 MHz, 68 %, 162731 MiB
2026/08/03 13:01:16.902, 6, P0, 33, 245.95 W, 1965 MHz, 3996 MHz, 7 %, 162731 MiB
2026/08/03 13:01:16.902, 7, P0, 37, 252.10 W, 1965 MHz, 3996 MHz, 72 %, 161771 MiB
2026/08/03 13:01:17.902, 0, P0, 36, 251.23 W, 1965 MHz, 3996 MHz, 67 %, 162539 MiB
2026/08/03 13:01:17.902, 1, P0, 33, 247.25 W, 1965 MHz, 3996 MHz, 65 %, 162731 MiB
2026/08/03 13:01:17.902, 2, P0, 36, 246.44 W, 1965 MHz, 3996 MHz, 90 %, 162731 MiB
2026/08/03 13:01:17.902, 3, P0, 33, 248.77 W, 1965 MHz, 3996 MHz, 85 %, 162731 MiB
2026/08/03 13:01:17.902, 4, P0, 34, 245.29 W, 1965 MHz, 3996 MHz, 77 %, 162731 MiB
2026/08/03 13:01:17.902, 5, P0, 36, 251.26 W, 1965 MHz, 3996 MHz, 6 %, 162731 MiB
2026/08/03 13:01:17.902, 6, P0, 33, 247.11 W, 1965 MHz, 3996 MHz, 25 %, 162731 MiB
2026/08/03 13:01:17.902, 7, P0, 37, 252.17 W, 1965 MHz, 3996 MHz, 69 %, 161771 MiB
2026/08/03 13:01:18.902, 0, P0, 36, 251.26 W, 1965 MHz, 3996 MHz, 78 %, 162539 MiB
2026/08/03 13:01:18.902, 1, P0, 33, 246.94 W, 1965 MHz, 3996 MHz, 64 %, 162731 MiB
2026/08/03 13:01:18.902, 2, P0, 36, 246.60 W, 1965 MHz, 3996 MHz, 90 %, 162731 MiB
2026/08/03 13:01:18.902, 3, P0, 33, 248.57 W, 1965 MHz, 3996 MHz, 78 %, 162731 MiB
2026/08/03 13:01:18.902, 4, P0, 34, 245.26 W, 1965 MHz, 3996 MHz, 73 %, 162731 MiB
2026/08/03 13:01:18.902, 5, P0, 36, 253.35 W, 1965 MHz, 3996 MHz, 78 %, 162731 MiB
2026/08/03 13:01:18.902, 6, P0, 33, 247.00 W, 1965 MHz, 3996 MHz, 5 %, 162731 MiB
2026/08/03 13:01:18.902, 7, P0, 37, 252.26 W, 1965 MHz, 3996 MHz, 73 %, 161771 MiB
2026/08/03 13:01:19.903, 0, P0, 36, 251.44 W, 1965 MHz, 3996 MHz, 71 %, 162539 MiB
2026/08/03 13:01:19.903, 1, P0, 33, 245.68 W, 1965 MHz, 3996 MHz, 68 %, 162731 MiB
2026/08/03 13:01:19.903, 2, P0, 36, 246.09 W, 1965 MHz, 3996 MHz, 64 %, 162731 MiB
2026/08/03 13:01:19.903, 3, P0, 33, 248.91 W, 1965 MHz, 3996 MHz, 78 %, 162731 MiB
2026/08/03 13:01:19.903, 4, P0, 34, 245.34 W, 1965 MHz, 3996 MHz, 80 %, 162731 MiB
2026/08/03 13:01:19.903, 5, P0, 36, 253.44 W, 1965 MHz, 3996 MHz, 72 %, 162731 MiB
2026/08/03 13:01:19.903, 6, P0, 33, 247.24 W, 1965 MHz, 3996 MHz, 5 %, 162731 MiB
2026/08/03 13:01:19.903, 7, P0, 37, 252.10 W, 1965 MHz, 3996 MHz, 81 %, 161771 MiB
2026/08/03 13:01:20.903, 0, P0, 36, 251.31 W, 1965 MHz, 3996 MHz, 79 %, 162539 MiB
2026/08/03 13:01:20.903, 1, P0, 33, 246.97 W, 1965 MHz, 3996 MHz, 50 %, 162731 MiB
2026/08/03 13:01:20.903, 2, P0, 36, 246.08 W, 1965 MHz, 3996 MHz, 90 %, 162731 MiB
2026/08/03 13:01:20.903, 3, P0, 33, 248.98 W, 1965 MHz, 3996 MHz, 65 %, 162731 MiB
2026/08/03 13:01:20.903, 4, P0, 34, 245.01 W, 1965 MHz, 3996 MHz, 78 %, 162731 MiB
2026/08/03 13:01:20.903, 5, P0, 36, 253.45 W, 1965 MHz, 3996 MHz, 55 %, 162731 MiB
2026/08/03 13:01:20.903, 6, P0, 33, 247.90 W, 1965 MHz, 3996 MHz, 8 %, 162731 MiB
2026/08/03 13:01:20.903, 7, P0, 37, 251.22 W, 1965 MHz, 3996 MHz, 52 %, 161771 MiB
2026/08/03 13:01:21.903, 0, P0, 36, 251.47 W, 1965 MHz, 3996 MHz, 71 %, 162539 MiB
2026/08/03 13:01:21.903, 1, P0, 33, 247.92 W, 1965 MHz, 3996 MHz, 56 %, 162731 MiB
2026/08/03 13:01:21.903, 2, P0, 36, 246.16 W, 1965 MHz, 3996 MHz, 92 %, 162731 MiB
2026/08/03 13:01:21.903, 3, P0, 33, 249.23 W, 1965 MHz, 3996 MHz, 86 %, 162731 MiB
2026/08/03 13:01:21.903, 4, P0, 34, 244.63 W, 1965 MHz, 3996 MHz, 72 %, 162731 MiB
2026/08/03 13:01:21.903, 5, P0, 36, 251.76 W, 1965 MHz, 3996 MHz, 76 %, 162731 MiB
2026/08/03 13:01:21.903, 6, P0, 33, 246.84 W, 1965 MHz, 3996 MHz, 5 %, 162731 MiB
2026/08/03 13:01:21.903, 7, P0, 37, 251.97 W, 1965 MHz, 3996 MHz, 71 %, 161771 MiB
2026/08/03 13:01:22.903, 0, P0, 36, 251.41 W, 1965 MHz, 3996 MHz, 66 %, 162539 MiB
2026/08/03 13:01:22.903, 1, P0, 33, 248.49 W, 1965 MHz, 3996 MHz, 59 %, 162731 MiB
2026/08/03 13:01:22.903, 2, P0, 36, 246.28 W, 1965 MHz, 3996 MHz, 87 %, 162731 MiB
2026/08/03 13:01:22.903, 3, P0, 33, 249.33 W, 1965 MHz, 3996 MHz, 84 %, 162731 MiB
2026/08/03 13:01:22.903, 4, P0, 34, 244.65 W, 1965 MHz, 3996 MHz, 66 %, 162731 MiB
2026/08/03 13:01:22.903, 5, P0, 36, 253.70 W, 1965 MHz, 3996 MHz, 80 %, 162731 MiB
2026/08/03 13:01:22.903, 6, P0, 33, 246.10 W, 1965 MHz, 3996 MHz, 5 %, 162731 MiB
2026/08/03 13:01:22.904, 7, P0, 37, 252.19 W, 1965 MHz, 3996 MHz, 79 %, 161771 MiB
2026/08/03 13:01:23.904, 0, P0, 36, 251.72 W, 1965 MHz, 3996 MHz, 68 %, 162539 MiB
2026/08/03 13:01:23.904, 1, P0, 33, 248.37 W, 1965 MHz, 3996 MHz, 64 %, 162731 MiB
2026/08/03 13:01:23.904, 2, P0, 36, 246.32 W, 1965 MHz, 3996 MHz, 85 %, 162731 MiB
2026/08/03 13:01:23.904, 3, P0, 33, 248.76 W, 1965 MHz, 3996 MHz, 79 %, 162731 MiB
2026/08/03 13:01:23.904, 4, P0, 34, 245.37 W, 1965 MHz, 3996 MHz, 82 %, 162731 MiB
2026/08/03 13:01:23.904, 5, P0, 36, 252.64 W, 1965 MHz, 3996 MHz, 78 %, 162731 MiB
2026/08/03 13:01:23.904, 6, P0, 33, 245.99 W, 1965 MHz, 3996 MHz, 5 %, 162731 MiB
2026/08/03 13:01:23.904, 7, P0, 37, 252.02 W, 1965 MHz, 3996 MHz, 81 %, 161771 MiB
2026/08/03 13:01:24.904, 0, P0, 36, 252.04 W, 1965 MHz, 3996 MHz, 77 %, 162539 MiB
2026/08/03 13:01:24.904, 1, P0, 33, 247.90 W, 1965 MHz, 3996 MHz, 78 %, 162731 MiB
2026/08/03 13:01:24.904, 2, P0, 36, 246.42 W, 1965 MHz, 3996 MHz, 87 %, 162731 MiB
2026/08/03 13:01:24.904, 3, P0, 33, 248.24 W, 1965 MHz, 3996 MHz, 84 %, 162731 MiB
2026/08/03 13:01:24.904, 4, P0, 34, 245.24 W, 1965 MHz, 3996 MHz, 92 %, 162731 MiB
2026/08/03 13:01:24.904, 5, P0, 36, 253.73 W, 1965 MHz, 3996 MHz, 80 %, 162731 MiB
2026/08/03 13:01:24.904, 6, P0, 33, 246.18 W, 1965 MHz, 3996 MHz, 5 %, 162731 MiB
2026/08/03 13:01:24.904, 7, P0, 37, 252.21 W, 1965 MHz, 3996 MHz, 81 %, 161771 MiB
2026/08/03 13:01:25.904, 0, P0, 36, 252.03 W, 1965 MHz, 3996 MHz, 83 %, 162539 MiB
2026/08/03 13:01:25.904, 1, P0, 33, 248.03 W, 1965 MHz, 3996 MHz, 67 %, 162731 MiB
2026/08/03 13:01:25.904, 2, P0, 36, 245.81 W, 1965 MHz, 3996 MHz, 92 %, 162731 MiB
2026/08/03 13:01:25.904, 3, P0, 33, 248.63 W, 1965 MHz, 3996 MHz, 87 %, 162731 MiB
2026/08/03 13:01:25.904, 4, P0, 34, 244.90 W, 1965 MHz, 3996 MHz, 79 %, 162731 MiB
2026/08/03 13:01:25.904, 5, P0, 36, 251.98 W, 1965 MHz, 3996 MHz, 71 %, 162731 MiB
2026/08/03 13:01:25.904, 6, P0, 33, 247.03 W, 1965 MHz, 3996 MHz, 5 %, 162731 MiB
2026/08/03 13:01:25.904, 7, P0, 37, 252.66 W, 1965 MHz, 3996 MHz, 66 %, 161771 MiB
2026/08/03 13:01:26.904, 0, P0, 36, 251.84 W, 1965 MHz, 3996 MHz, 76 %, 162539 MiB
2026/08/03 13:01:26.904, 1, P0, 33, 248.46 W, 1965 MHz, 3996 MHz, 61 %, 162731 MiB
2026/08/03 13:01:26.905, 2, P0, 36, 246.45 W, 1965 MHz, 3996 MHz, 90 %, 162731 MiB
2026/08/03 13:01:26.905, 3, P0, 33, 249.13 W, 1965 MHz, 3996 MHz, 89 %, 162731 MiB
2026/08/03 13:01:26.905, 4, P0, 34, 245.45 W, 1965 MHz, 3996 MHz, 65 %, 162731 MiB
2026/08/03 13:01:26.905, 5, P0, 36, 253.69 W, 1965 MHz, 3996 MHz, 80 %, 162731 MiB
2026/08/03 13:01:26.905, 6, P0, 33, 245.89 W, 1965 MHz, 3996 MHz, 5 %, 162731 MiB
2026/08/03 13:01:26.905, 7, P0, 37, 252.53 W, 1965 MHz, 3996 MHz, 73 %, 161771 MiB
2026/08/03 13:01:27.905, 0, P0, 36, 251.81 W, 1965 MHz, 3996 MHz, 56 %, 162539 MiB
2026/08/03 13:01:27.905, 1, P0, 33, 247.63 W, 1965 MHz, 3996 MHz, 62 %, 162731 MiB
2026/08/03 13:01:27.905, 2, P0, 36, 246.28 W, 1965 MHz, 3996 MHz, 86 %, 162731 MiB
2026/08/03 13:01:27.905, 3, P0, 33, 249.05 W, 1965 MHz, 3996 MHz, 88 %, 162731 MiB
2026/08/03 13:01:27.905, 4, P0, 34, 244.25 W, 1965 MHz, 3996 MHz, 45 %, 162731 MiB
2026/08/03 13:01:27.905, 5, P0, 36, 253.39 W, 1965 MHz, 3996 MHz, 74 %, 162731 MiB
2026/08/03 13:01:27.905, 6, P0, 33, 246.09 W, 1965 MHz, 3996 MHz, 5 %, 162731 MiB
2026/08/03 13:01:27.905, 7, P0, 37, 252.45 W, 1965 MHz, 3996 MHz, 79 %, 161771 MiB
2026/08/03 13:01:28.905, 0, P0, 36, 260.39 W, 1965 MHz, 3996 MHz, 71 %, 162539 MiB
2026/08/03 13:01:28.905, 1, P0, 33, 257.10 W, 1965 MHz, 3996 MHz, 68 %, 162731 MiB
2026/08/03 13:01:28.905, 2, P0, 36, 255.75 W, 1965 MHz, 3996 MHz, 86 %, 162731 MiB
2026/08/03 13:01:28.905, 3, P0, 33, 257.34 W, 1965 MHz, 3996 MHz, 83 %, 162731 MiB
2026/08/03 13:01:28.905, 4, P0, 34, 252.68 W, 1965 MHz, 3996 MHz, 68 %, 162731 MiB
2026/08/03 13:01:28.905, 5, P0, 36, 263.21 W, 1965 MHz, 3996 MHz, 41 %, 162731 MiB
2026/08/03 13:01:28.905, 6, P0, 33, 253.63 W, 1965 MHz, 3996 MHz, 6 %, 162731 MiB
2026/08/03 13:01:28.905, 7, P0, 37, 258.38 W, 1965 MHz, 3996 MHz, 86 %, 161771 MiB
2026/08/03 13:01:29.905, 0, P0, 36, 252.47 W, 1965 MHz, 3996 MHz, 78 %, 162539 MiB
2026/08/03 13:01:29.905, 1, P0, 33, 249.70 W, 1965 MHz, 3996 MHz, 87 %, 162731 MiB
2026/08/03 13:01:29.905, 2, P0, 36, 246.96 W, 1965 MHz, 3996 MHz, 95 %, 162731 MiB
2026/08/03 13:01:29.905, 3, P0, 33, 249.32 W, 1965 MHz, 3996 MHz, 70 %, 162731 MiB
2026/08/03 13:01:29.905, 4, P0, 34, 245.53 W, 1965 MHz, 3996 MHz, 88 %, 162731 MiB
2026/08/03 13:01:29.905, 5, P0, 36, 253.20 W, 1965 MHz, 3996 MHz, 93 %, 162731 MiB
2026/08/03 13:01:29.905, 6, P0, 33, 246.24 W, 1965 MHz, 3996 MHz, 26 %, 162731 MiB
2026/08/03 13:01:29.905, 7, P0, 37, 252.88 W, 1965 MHz, 3996 MHz, 81 %, 161771 MiB
2026/08/03 13:01:30.905, 0, P0, 36, 259.84 W, 1965 MHz, 3996 MHz, 68 %, 162539 MiB
2026/08/03 13:01:30.906, 1, P0, 33, 257.85 W, 1965 MHz, 3996 MHz, 59 %, 162731 MiB
2026/08/03 13:01:30.906, 2, P0, 36, 255.74 W, 1965 MHz, 3996 MHz, 82 %, 162731 MiB
2026/08/03 13:01:30.906, 3, P0, 33, 257.78 W, 1965 MHz, 3996 MHz, 82 %, 162731 MiB
2026/08/03 13:01:30.906, 4, P0, 34, 252.64 W, 1965 MHz, 3996 MHz, 64 %, 162731 MiB
2026/08/03 13:01:30.906, 5, P0, 36, 262.65 W, 1965 MHz, 3996 MHz, 55 %, 162731 MiB
2026/08/03 13:01:30.906, 6, P0, 33, 253.26 W, 1965 MHz, 3996 MHz, 6 %, 162731 MiB
2026/08/03 13:01:30.906, 7, P0, 37, 258.07 W, 1965 MHz, 3996 MHz, 79 %, 161771 MiB
2026/08/03 13:01:31.906, 0, P0, 36, 251.32 W, 1965 MHz, 3996 MHz, 73 %, 162539 MiB
2026/08/03 13:01:31.906, 1, P0, 33, 248.51 W, 1965 MHz, 3996 MHz, 53 %, 162731 MiB
2026/08/03 13:01:31.906, 2, P0, 36, 246.01 W, 1965 MHz, 3996 MHz, 81 %, 162731 MiB
2026/08/03 13:01:31.906, 3, P0, 33, 248.50 W, 1965 MHz, 3996 MHz, 83 %, 162731 MiB
2026/08/03 13:01:31.906, 4, P0, 34, 245.06 W, 1965 MHz, 3996 MHz, 82 %, 162731 MiB
2026/08/03 13:01:31.906, 5, P0, 36, 251.22 W, 1965 MHz, 3996 MHz, 20 %, 162731 MiB
2026/08/03 13:01:31.906, 6, P0, 33, 246.18 W, 1965 MHz, 3996 MHz, 5 %, 162731 MiB
2026/08/03 13:01:31.906, 7, P0, 37, 252.04 W, 1965 MHz, 3996 MHz, 80 %, 161771 MiB
2026/08/03 13:01:32.906, 0, P0, 36, 260.08 W, 1965 MHz, 3996 MHz, 52 %, 162539 MiB
2026/08/03 13:01:32.906, 1, P0, 33, 255.38 W, 1965 MHz, 3996 MHz, 87 %, 162731 MiB
2026/08/03 13:01:32.906, 2, P0, 36, 254.31 W, 1965 MHz, 3996 MHz, 93 %, 162731 MiB
2026/08/03 13:01:32.906, 3, P0, 33, 257.39 W, 1965 MHz, 3996 MHz, 81 %, 162731 MiB
2026/08/03 13:01:32.906, 4, P0, 34, 252.65 W, 1965 MHz, 3996 MHz, 88 %, 162731 MiB
2026/08/03 13:01:32.906, 5, P0, 36, 258.09 W, 1965 MHz, 3996 MHz, 62 %, 162731 MiB
2026/08/03 13:01:32.906, 6, P0, 33, 253.37 W, 1965 MHz, 3996 MHz, 10 %, 162731 MiB
2026/08/03 13:01:32.906, 7, P0, 37, 257.70 W, 1965 MHz, 3996 MHz, 69 %, 161771 MiB
2026/08/03 13:01:33.906, 0, P0, 36, 251.65 W, 1965 MHz, 3996 MHz, 76 %, 162539 MiB
2026/08/03 13:01:33.906, 1, P0, 33, 248.34 W, 1965 MHz, 3996 MHz, 74 %, 162731 MiB
2026/08/03 13:01:33.906, 2, P0, 36, 246.34 W, 1965 MHz, 3996 MHz, 90 %, 162731 MiB
2026/08/03 13:01:33.906, 3, P0, 33, 248.89 W, 1965 MHz, 3996 MHz, 78 %, 162731 MiB
2026/08/03 13:01:33.906, 4, P0, 34, 245.15 W, 1965 MHz, 3996 MHz, 79 %, 162731 MiB
2026/08/03 13:01:33.906, 5, P0, 36, 250.88 W, 1965 MHz, 3996 MHz, 51 %, 162731 MiB
2026/08/03 13:01:33.906, 6, P0, 33, 246.42 W, 1965 MHz, 3996 MHz, 9 %, 162731 MiB
2026/08/03 13:01:33.906, 7, P0, 37, 251.66 W, 1965 MHz, 3996 MHz, 72 %, 161771 MiB
2026/08/03 13:01:34.907, 0, P0, 36, 261.11 W, 1965 MHz, 3996 MHz, 62 %, 162539 MiB
2026/08/03 13:01:34.907, 1, P0, 33, 256.35 W, 1965 MHz, 3996 MHz, 63 %, 162731 MiB
2026/08/03 13:01:34.907, 2, P0, 36, 253.28 W, 1965 MHz, 3996 MHz, 82 %, 162731 MiB
2026/08/03 13:01:34.907, 3, P0, 33, 256.77 W, 1965 MHz, 3996 MHz, 83 %, 162731 MiB
2026/08/03 13:01:34.907, 4, P0, 34, 252.43 W, 1965 MHz, 3996 MHz, 64 %, 162731 MiB
2026/08/03 13:01:34.907, 5, P0, 36, 260.60 W, 1965 MHz, 3996 MHz, 55 %, 162731 MiB
2026/08/03 13:01:34.907, 6, P0, 33, 252.36 W, 1965 MHz, 3996 MHz, 5 %, 162731 MiB
2026/08/03 13:01:34.907, 7, P0, 37, 258.48 W, 1965 MHz, 3996 MHz, 74 %, 161771 MiB
2026/08/03 13:01:35.907, 0, P0, 36, 251.04 W, 1965 MHz, 3996 MHz, 73 %, 162539 MiB
2026/08/03 13:01:35.907, 1, P0, 33, 247.99 W, 1965 MHz, 3996 MHz, 64 %, 162731 MiB
2026/08/03 13:01:35.907, 2, P0, 36, 246.00 W, 1965 MHz, 3996 MHz, 84 %, 162731 MiB
2026/08/03 13:01:35.907, 3, P0, 33, 248.28 W, 1965 MHz, 3996 MHz, 76 %, 162731 MiB
2026/08/03 13:01:35.907, 4, P0, 34, 244.62 W, 1965 MHz, 3996 MHz, 82 %, 162731 MiB
2026/08/03 13:01:35.907, 5, P0, 36, 250.87 W, 1965 MHz, 3996 MHz, 22 %, 162731 MiB
2026/08/03 13:01:35.907, 6, P0, 33, 245.96 W, 1965 MHz, 3996 MHz, 5 %, 162731 MiB
2026/08/03 13:01:35.907, 7, P0, 37, 251.76 W, 1965 MHz, 3996 MHz, 68 %, 161771 MiB
2026/08/03 13:01:36.907, 0, P0, 36, 250.39 W, 1965 MHz, 3996 MHz, 66 %, 162539 MiB
2026/08/03 13:01:36.907, 1, P0, 33, 247.44 W, 1965 MHz, 3996 MHz, 48 %, 162731 MiB
2026/08/03 13:01:36.907, 2, P0, 36, 245.79 W, 1965 MHz, 3996 MHz, 90 %, 162731 MiB
2026/08/03 13:01:36.907, 3, P0, 33, 248.17 W, 1965 MHz, 3996 MHz, 85 %, 162731 MiB
2026/08/03 13:01:36.907, 4, P0, 34, 244.55 W, 1965 MHz, 3996 MHz, 78 %, 162731 MiB
2026/08/03 13:01:36.907, 5, P0, 36, 248.17 W, 1965 MHz, 3996 MHz, 6 %, 162731 MiB
2026/08/03 13:01:36.907, 6, P0, 33, 247.49 W, 1965 MHz, 3996 MHz, 33 %, 162731 MiB
2026/08/03 13:01:36.907, 7, P0, 37, 251.39 W, 1965 MHz, 3996 MHz, 64 %, 161771 MiB
2026/08/03 13:01:37.907, 0, P0, 36, 251.47 W, 1965 MHz, 3996 MHz, 66 %, 162539 MiB
2026/08/03 13:01:37.907, 1, P0, 33, 248.52 W, 1965 MHz, 3996 MHz, 80 %, 162731 MiB
2026/08/03 13:01:37.907, 2, P0, 36, 245.55 W, 1965 MHz, 3996 MHz, 95 %, 162731 MiB
2026/08/03 13:01:37.907, 3, P0, 33, 248.71 W, 1965 MHz, 3996 MHz, 89 %, 162731 MiB
2026/08/03 13:01:37.908, 4, P0, 34, 244.75 W, 1965 MHz, 3996 MHz, 48 %, 162731 MiB
2026/08/03 13:01:37.908, 5, P0, 36, 250.82 W, 1965 MHz, 3996 MHz, 48 %, 162731 MiB
2026/08/03 13:01:37.908, 6, P0, 33, 246.52 W, 1965 MHz, 3996 MHz, 9 %, 162731 MiB
2026/08/03 13:01:37.908, 7, P0, 37, 252.33 W, 1965 MHz, 3996 MHz, 80 %, 161771 MiB
2026/08/03 13:01:38.908, 0, P0, 36, 250.25 W, 1965 MHz, 3996 MHz, 100 %, 162539 MiB
2026/08/03 13:01:38.908, 1, P0, 33, 242.03 W, 1965 MHz, 3996 MHz, 0 %, 162731 MiB
2026/08/03 13:01:38.908, 2, P0, 36, 243.94 W, 1965 MHz, 3996 MHz, 100 %, 162731 MiB
2026/08/03 13:01:38.908, 3, P0, 33, 241.74 W, 1965 MHz, 3996 MHz, 0 %, 162731 MiB
2026/08/03 13:01:38.908, 4, P0, 34, 238.42 W, 1965 MHz, 3996 MHz, 0 %, 162731 MiB
2026/08/03 13:01:38.908, 5, P0, 36, 246.54 W, 1965 MHz, 3996 MHz, 0 %, 162731 MiB
2026/08/03 13:01:38.908, 6, P0, 33, 248.53 W, 1965 MHz, 3996 MHz, 100 %, 162731 MiB
2026/08/03 13:01:38.908, 7, P0, 37, 246.34 W, 1965 MHz, 3996 MHz, 0 %, 161771 MiB
2026/08/03 13:01:39.908, 0, P0, 36, 250.97 W, 1965 MHz, 3996 MHz, 72 %, 162539 MiB
2026/08/03 13:01:39.908, 1, P0, 33, 244.94 W, 1965 MHz, 3996 MHz, 55 %, 162731 MiB
2026/08/03 13:01:39.908, 2, P0, 36, 245.08 W, 1965 MHz, 3996 MHz, 84 %, 162731 MiB
2026/08/03 13:01:39.908, 3, P0, 33, 244.54 W, 1965 MHz, 3996 MHz, 73 %, 162731 MiB
2026/08/03 13:01:39.908, 4, P0, 34, 241.55 W, 1965 MHz, 3996 MHz, 73 %, 162731 MiB
2026/08/03 13:01:39.908, 5, P0, 36, 248.87 W, 1965 MHz, 3996 MHz, 26 %, 162731 MiB
2026/08/03 13:01:39.908, 6, P0, 33, 248.62 W, 1965 MHz, 3996 MHz, 6 %, 162731 MiB
2026/08/03 13:01:39.908, 7, P0, 37, 247.46 W, 1965 MHz, 3996 MHz, 74 %, 161771 MiB
2026/08/03 13:01:40.908, 0, P0, 36, 251.90 W, 1965 MHz, 3996 MHz, 85 %, 162539 MiB
2026/08/03 13:01:40.908, 1, P0, 33, 247.38 W, 1965 MHz, 3996 MHz, 76 %, 162731 MiB
2026/08/03 13:01:40.908, 2, P0, 36, 245.90 W, 1965 MHz, 3996 MHz, 90 %, 162731 MiB
2026/08/03 13:01:40.908, 3, P0, 33, 248.07 W, 1965 MHz, 3996 MHz, 79 %, 162731 MiB
2026/08/03 13:01:40.908, 4, P0, 34, 244.71 W, 1965 MHz, 3996 MHz, 86 %, 162731 MiB
2026/08/03 13:01:40.909, 5, P0, 36, 251.18 W, 1965 MHz, 3996 MHz, 34 %, 162731 MiB
2026/08/03 13:01:40.909, 6, P0, 33, 245.95 W, 1965 MHz, 3996 MHz, 6 %, 162731 MiB
2026/08/03 13:01:40.909, 7, P0, 37, 252.01 W, 1965 MHz, 3996 MHz, 65 %, 161771 MiB
2026/08/03 13:01:41.909, 0, P0, 36, 251.48 W, 1965 MHz, 3996 MHz, 63 %, 162539 MiB
2026/08/03 13:01:41.909, 1, P0, 33, 247.21 W, 1965 MHz, 3996 MHz, 31 %, 162731 MiB
2026/08/03 13:01:41.909, 2, P0, 36, 246.07 W, 1965 MHz, 3996 MHz, 92 %, 162731 MiB
2026/08/03 13:01:41.909, 3, P0, 33, 248.46 W, 1965 MHz, 3996 MHz, 79 %, 162731 MiB
2026/08/03 13:01:41.909, 4, P0, 34, 245.23 W, 1965 MHz, 3996 MHz, 70 %, 162731 MiB
2026/08/03 13:01:41.909, 5, P0, 36, 250.87 W, 1965 MHz, 3996 MHz, 47 %, 162731 MiB
2026/08/03 13:01:41.909, 6, P0, 33, 246.78 W, 1965 MHz, 3996 MHz, 14 %, 162731 MiB
2026/08/03 13:01:41.909, 7, P0, 37, 252.20 W, 1965 MHz, 3996 MHz, 58 %, 161771 MiB
2026/08/03 13:01:42.909, 0, P0, 36, 251.49 W, 1965 MHz, 3996 MHz, 66 %, 162539 MiB
2026/08/03 13:01:42.909, 1, P0, 33, 247.49 W, 1965 MHz, 3996 MHz, 57 %, 162731 MiB
2026/08/03 13:01:42.909, 2, P0, 36, 245.78 W, 1965 MHz, 3996 MHz, 84 %, 162731 MiB
2026/08/03 13:01:42.909, 3, P0, 33, 247.91 W, 1965 MHz, 3996 MHz, 78 %, 162731 MiB
2026/08/03 13:01:42.909, 4, P0, 34, 244.26 W, 1965 MHz, 3996 MHz, 60 %, 162731 MiB
2026/08/03 13:01:42.909, 5, P0, 36, 250.66 W, 1965 MHz, 3996 MHz, 34 %, 162731 MiB
2026/08/03 13:01:42.909, 6, P0, 33, 245.61 W, 1965 MHz, 3996 MHz, 10 %, 162731 MiB
2026/08/03 13:01:42.909, 7, P0, 37, 251.86 W, 1965 MHz, 3996 MHz, 80 %, 161771 MiB
2026/08/03 13:01:43.909, 0, P0, 36, 245.60 W, 1965 MHz, 3996 MHz, 0 %, 162539 MiB
2026/08/03 13:01:43.909, 1, P0, 33, 248.24 W, 1965 MHz, 3996 MHz, 100 %, 162731 MiB
2026/08/03 13:01:43.909, 2, P0, 36, 244.93 W, 1965 MHz, 3996 MHz, 100 %, 162731 MiB
2026/08/03 13:01:43.909, 3, P0, 33, 248.03 W, 1965 MHz, 3996 MHz, 100 %, 162731 MiB
2026/08/03 13:01:43.909, 4, P0, 34, 244.27 W, 1965 MHz, 3996 MHz, 100 %, 162731 MiB
2026/08/03 13:01:43.909, 5, P0, 36, 252.23 W, 1965 MHz, 3996 MHz, 100 %, 162731 MiB
2026/08/03 13:01:43.909, 6, P0, 33, 249.05 W, 1965 MHz, 3996 MHz, 100 %, 162731 MiB
2026/08/03 13:01:43.909, 7, P0, 37, 251.76 W, 1965 MHz, 3996 MHz, 100 %, 161771 MiB
2026/08/03 13:01:44.909, 0, P0, 36, 247.94 W, 1965 MHz, 3996 MHz, 100 %, 162539 MiB
2026/08/03 13:01:44.910, 1, P0, 33, 248.12 W, 1965 MHz, 3996 MHz, 100 %, 162731 MiB
2026/08/03 13:01:44.910, 2, P0, 36, 240.62 W, 1965 MHz, 3996 MHz, 0 %, 162731 MiB
2026/08/03 13:01:44.910, 3, P0, 33, 247.34 W, 1965 MHz, 3996 MHz, 100 %, 162731 MiB
2026/08/03 13:01:44.910, 4, P0, 34, 243.96 W, 1965 MHz, 3996 MHz, 100 %, 162731 MiB
2026/08/03 13:01:44.910, 5, P0, 36, 253.16 W, 1965 MHz, 3996 MHz, 100 %, 162731 MiB
2026/08/03 13:01:44.910, 6, P0, 33, 247.55 W, 1965 MHz, 3996 MHz, 0 %, 162731 MiB
2026/08/03 13:01:44.910, 7, P0, 37, 251.75 W, 1965 MHz, 3996 MHz, 100 %, 161771 MiB
2026/08/03 13:01:45.910, 0, P0, 36, 250.98 W, 1965 MHz, 3996 MHz, 71 %, 162539 MiB
2026/08/03 13:01:45.910, 1, P0, 33, 248.39 W, 1965 MHz, 3996 MHz, 76 %, 162731 MiB
2026/08/03 13:01:45.910, 2, P0, 36, 240.00 W, 1965 MHz, 3996 MHz, 84 %, 162731 MiB
2026/08/03 13:01:45.910, 3, P0, 33, 247.65 W, 1965 MHz, 3996 MHz, 60 %, 162731 MiB
2026/08/03 13:01:45.910, 4, P0, 34, 244.11 W, 1965 MHz, 3996 MHz, 76 %, 162731 MiB
2026/08/03 13:01:45.910, 5, P0, 36, 251.77 W, 1965 MHz, 3996 MHz, 18 %, 162731 MiB
2026/08/03 13:01:45.910, 6, P0, 33, 244.72 W, 1965 MHz, 3996 MHz, 81 %, 162731 MiB
2026/08/03 13:01:45.910, 7, P0, 37, 251.83 W, 1965 MHz, 3996 MHz, 75 %, 161771 MiB
2026/08/03 13:01:46.910, 0, P0, 36, 260.63 W, 1965 MHz, 3996 MHz, 91 %, 162539 MiB
2026/08/03 13:01:46.910, 1, P0, 34, 258.96 W, 1965 MHz, 3996 MHz, 86 %, 162731 MiB
2026/08/03 13:01:46.910, 2, P0, 36, 254.90 W, 1965 MHz, 3996 MHz, 86 %, 162731 MiB
2026/08/03 13:01:46.910, 3, P0, 33, 257.39 W, 1965 MHz, 3996 MHz, 85 %, 162731 MiB
2026/08/03 13:01:46.910, 4, P0, 34, 253.98 W, 1965 MHz, 3996 MHz, 80 %, 162731 MiB
2026/08/03 13:01:46.910, 5, P0, 36, 258.80 W, 1965 MHz, 3996 MHz, 42 %, 162731 MiB
2026/08/03 13:01:46.910, 6, P0, 33, 251.67 W, 1965 MHz, 3996 MHz, 16 %, 162731 MiB
2026/08/03 13:01:46.910, 7, P0, 38, 259.72 W, 1965 MHz, 3996 MHz, 86 %, 161771 MiB
2026/08/03 13:01:47.910, 0, P0, 36, 251.74 W, 1965 MHz, 3996 MHz, 64 %, 162539 MiB
2026/08/03 13:01:47.910, 1, P0, 33, 250.32 W, 1965 MHz, 3996 MHz, 85 %, 162731 MiB
2026/08/03 13:01:47.911, 2, P0, 36, 246.50 W, 1965 MHz, 3996 MHz, 87 %, 162731 MiB
2026/08/03 13:01:47.911, 3, P0, 33, 249.19 W, 1965 MHz, 3996 MHz, 87 %, 162731 MiB
2026/08/03 13:01:47.911, 4, P0, 34, 245.54 W, 1965 MHz, 3996 MHz, 91 %, 162731 MiB
2026/08/03 13:01:47.911, 5, P0, 36, 251.75 W, 1965 MHz, 3996 MHz, 52 %, 162731 MiB
2026/08/03 13:01:47.911, 6, P0, 33, 246.20 W, 1965 MHz, 3996 MHz, 8 %, 162731 MiB
2026/08/03 13:01:47.911, 7, P0, 37, 252.32 W, 1965 MHz, 3996 MHz, 70 %, 161771 MiB
2026/08/03 13:01:48.911, 0, P0, 36, 259.49 W, 1965 MHz, 3996 MHz, 54 %, 162539 MiB
2026/08/03 13:01:48.911, 1, P0, 34, 259.06 W, 1965 MHz, 3996 MHz, 82 %, 162731 MiB
2026/08/03 13:01:48.911, 2, P0, 37, 254.40 W, 1965 MHz, 3996 MHz, 87 %, 162731 MiB
2026/08/03 13:01:48.911, 3, P0, 34, 256.62 W, 1965 MHz, 3996 MHz, 80 %, 162731 MiB
2026/08/03 13:01:48.911, 4, P0, 35, 253.96 W, 1965 MHz, 3996 MHz, 85 %, 162731 MiB
2026/08/03 13:01:48.911, 5, P0, 37, 261.28 W, 1965 MHz, 3996 MHz, 71 %, 162731 MiB
2026/08/03 13:01:48.911, 6, P0, 33, 250.41 W, 1965 MHz, 3996 MHz, 6 %, 162731 MiB
2026/08/03 13:01:48.911, 7, P0, 37, 258.59 W, 1965 MHz, 3996 MHz, 71 %, 161771 MiB
2026/08/03 13:01:49.911, 0, P0, 36, 251.46 W, 1965 MHz, 3996 MHz, 10 %, 162539 MiB
2026/08/03 13:01:49.911, 1, P0, 33, 250.06 W, 1965 MHz, 3996 MHz, 77 %, 162731 MiB
2026/08/03 13:01:49.911, 2, P0, 36, 246.57 W, 1965 MHz, 3996 MHz, 78 %, 162731 MiB
2026/08/03 13:01:49.911, 3, P0, 33, 249.22 W, 1965 MHz, 3996 MHz, 86 %, 162731 MiB
2026/08/03 13:01:49.911, 4, P0, 34, 245.28 W, 1965 MHz, 3996 MHz, 72 %, 162731 MiB
2026/08/03 13:01:49.911, 5, P0, 36, 252.94 W, 1965 MHz, 3996 MHz, 44 %, 162731 MiB
2026/08/03 13:01:49.911, 6, P0, 33, 247.93 W, 1965 MHz, 3996 MHz, 84 %, 162731 MiB
2026/08/03 13:01:49.911, 7, P0, 37, 255.01 W, 1965 MHz, 3996 MHz, 94 %, 161771 MiB
2026/08/03 13:01:50.911, 0, P0, 36, 251.29 W, 1965 MHz, 3996 MHz, 74 %, 162539 MiB
2026/08/03 13:01:50.911, 1, P0, 33, 249.31 W, 1965 MHz, 3996 MHz, 75 %, 162731 MiB
2026/08/03 13:01:50.911, 2, P0, 36, 246.61 W, 1965 MHz, 3996 MHz, 88 %, 162731 MiB
2026/08/03 13:01:50.911, 3, P0, 33, 249.13 W, 1965 MHz, 3996 MHz, 84 %, 162731 MiB
2026/08/03 13:01:50.911, 4, P0, 34, 245.54 W, 1965 MHz, 3996 MHz, 80 %, 162731 MiB
2026/08/03 13:01:50.911, 5, P0, 36, 252.92 W, 1965 MHz, 3996 MHz, 47 %, 162731 MiB
2026/08/03 13:01:50.911, 6, P0, 33, 245.95 W, 1965 MHz, 3996 MHz, 5 %, 162731 MiB
2026/08/03 13:01:50.911, 7, P0, 37, 252.33 W, 1965 MHz, 3996 MHz, 74 %, 161771 MiB
2026/08/03 13:01:51.912, 0, P0, 36, 251.83 W, 1965 MHz, 3996 MHz, 67 %, 162539 MiB
2026/08/03 13:01:51.912, 1, P0, 33, 249.29 W, 1965 MHz, 3996 MHz, 81 %, 162731 MiB
2026/08/03 13:01:51.912, 2, P0, 36, 246.51 W, 1965 MHz, 3996 MHz, 89 %, 162731 MiB
2026/08/03 13:01:51.912, 3, P0, 33, 248.58 W, 1965 MHz, 3996 MHz, 74 %, 162731 MiB
2026/08/03 13:01:51.912, 4, P0, 34, 244.52 W, 1965 MHz, 3996 MHz, 72 %, 162731 MiB
2026/08/03 13:01:51.912, 5, P0, 36, 252.15 W, 1965 MHz, 3996 MHz, 63 %, 162731 MiB
2026/08/03 13:01:51.912, 6, P0, 33, 246.44 W, 1965 MHz, 3996 MHz, 5 %, 162731 MiB
2026/08/03 13:01:51.912, 7, P0, 37, 252.23 W, 1965 MHz, 3996 MHz, 62 %, 161771 MiB
2026/08/03 13:01:52.912, 0, P0, 36, 251.15 W, 1965 MHz, 3996 MHz, 79 %, 162539 MiB
2026/08/03 13:01:52.912, 1, P0, 33, 249.21 W, 1965 MHz, 3996 MHz, 70 %, 162731 MiB
2026/08/03 13:01:52.912, 2, P0, 36, 246.45 W, 1965 MHz, 3996 MHz, 88 %, 162731 MiB
2026/08/03 13:01:52.912, 3, P0, 33, 248.65 W, 1965 MHz, 3996 MHz, 77 %, 162731 MiB
2026/08/03 13:01:52.912, 4, P0, 34, 244.98 W, 1965 MHz, 3996 MHz, 62 %, 162731 MiB
2026/08/03 13:01:52.912, 5, P0, 36, 251.09 W, 1965 MHz, 3996 MHz, 12 %, 162731 MiB
2026/08/03 13:01:52.912, 6, P0, 33, 246.49 W, 1965 MHz, 3996 MHz, 9 %, 162731 MiB
2026/08/03 13:01:52.912, 7, P0, 37, 251.98 W, 1965 MHz, 3996 MHz, 69 %, 161771 MiB
2026/08/03 13:01:53.912, 0, P0, 36, 250.97 W, 1965 MHz, 3996 MHz, 65 %, 162539 MiB
2026/08/03 13:01:53.912, 1, P0, 33, 248.32 W, 1965 MHz, 3996 MHz, 56 %, 162731 MiB
2026/08/03 13:01:53.912, 2, P0, 36, 245.62 W, 1965 MHz, 3996 MHz, 82 %, 162731 MiB
2026/08/03 13:01:53.912, 3, P0, 33, 248.03 W, 1965 MHz, 3996 MHz, 37 %, 162731 MiB
2026/08/03 13:01:53.912, 4, P0, 34, 244.22 W, 1965 MHz, 3996 MHz, 43 %, 162731 MiB
2026/08/03 13:01:53.912, 5, P0, 36, 252.00 W, 1965 MHz, 3996 MHz, 65 %, 162731 MiB
2026/08/03 13:01:53.912, 6, P0, 33, 246.86 W, 1965 MHz, 3996 MHz, 41 %, 162731 MiB
2026/08/03 13:01:53.912, 7, P0, 37, 251.84 W, 1965 MHz, 3996 MHz, 78 %, 161771 MiB
2026/08/03 13:01:54.912, 0, P0, 36, 251.32 W, 1965 MHz, 3996 MHz, 49 %, 162539 MiB
2026/08/03 13:01:54.912, 1, P0, 33, 248.86 W, 1965 MHz, 3996 MHz, 71 %, 162731 MiB
2026/08/03 13:01:54.912, 2, P0, 36, 246.23 W, 1965 MHz, 3996 MHz, 84 %, 162731 MiB
2026/08/03 13:01:54.912, 3, P0, 33, 248.68 W, 1965 MHz, 3996 MHz, 85 %, 162731 MiB
2026/08/03 13:01:54.912, 4, P0, 34, 245.04 W, 1965 MHz, 3996 MHz, 72 %, 162731 MiB
2026/08/03 13:01:54.912, 5, P0, 36, 253.03 W, 1965 MHz, 3996 MHz, 67 %, 162731 MiB
2026/08/03 13:01:54.912, 6, P0, 33, 245.85 W, 1965 MHz, 3996 MHz, 6 %, 162731 MiB
2026/08/03 13:01:54.913, 7, P0, 37, 252.12 W, 1965 MHz, 3996 MHz, 76 %, 161771 MiB
2026/08/03 13:01:55.913, 0, P0, 36, 250.79 W, 1965 MHz, 3996 MHz, 63 %, 162539 MiB
2026/08/03 13:01:55.913, 1, P0, 33, 247.99 W, 1965 MHz, 3996 MHz, 41 %, 162731 MiB
2026/08/03 13:01:55.913, 2, P0, 36, 246.16 W, 1965 MHz, 3996 MHz, 81 %, 162731 MiB
2026/08/03 13:01:55.913, 3, P0, 33, 248.56 W, 1965 MHz, 3996 MHz, 85 %, 162731 MiB
2026/08/03 13:01:55.913, 4, P0, 34, 244.85 W, 1965 MHz, 3996 MHz, 62 %, 162731 MiB
2026/08/03 13:01:55.913, 5, P0, 36, 248.99 W, 1965 MHz, 3996 MHz, 8 %, 162731 MiB
2026/08/03 13:01:55.913, 6, P0, 33, 247.71 W, 1965 MHz, 3996 MHz, 28 %, 162731 MiB
2026/08/03 13:01:55.913, 7, P0, 37, 252.00 W, 1965 MHz, 3996 MHz, 72 %, 161771 MiB
2026/08/03 13:01:56.913, 0, P0, 36, 252.09 W, 1965 MHz, 3996 MHz, 77 %, 162539 MiB
2026/08/03 13:01:56.913, 1, P0, 33, 249.51 W, 1965 MHz, 3996 MHz, 82 %, 162731 MiB
2026/08/03 13:01:56.913, 2, P0, 36, 246.04 W, 1965 MHz, 3996 MHz, 85 %, 162731 MiB
2026/08/03 13:01:56.913, 3, P0, 33, 248.18 W, 1965 MHz, 3996 MHz, 85 %, 162731 MiB
2026/08/03 13:01:56.913, 4, P0, 34, 245.13 W, 1965 MHz, 3996 MHz, 83 %, 162731 MiB
2026/08/03 13:01:56.913, 5, P0, 36, 249.22 W, 1965 MHz, 3996 MHz, 16 %, 162731 MiB
2026/08/03 13:01:56.913, 6, P0, 33, 248.07 W, 1965 MHz, 3996 MHz, 21 %, 162731 MiB
2026/08/03 13:01:56.913, 7, P0, 37, 252.39 W, 1965 MHz, 3996 MHz, 75 %, 161771 MiB
2026/08/03 13:01:57.913, 0, P0, 36, 251.82 W, 1965 MHz, 3996 MHz, 78 %, 162539 MiB
2026/08/03 13:01:57.913, 1, P0, 33, 249.68 W, 1965 MHz, 3996 MHz, 78 %, 162731 MiB
2026/08/03 13:01:57.913, 2, P0, 36, 246.56 W, 1965 MHz, 3996 MHz, 93 %, 162731 MiB
2026/08/03 13:01:57.913, 3, P0, 33, 248.79 W, 1965 MHz, 3996 MHz, 79 %, 162731 MiB
2026/08/03 13:01:57.913, 4, P0, 34, 245.25 W, 1965 MHz, 3996 MHz, 81 %, 162731 MiB
2026/08/03 13:01:57.913, 5, P0, 36, 251.11 W, 1965 MHz, 3996 MHz, 30 %, 162731 MiB
2026/08/03 13:01:57.913, 6, P0, 33, 246.17 W, 1965 MHz, 3996 MHz, 10 %, 162731 MiB
2026/08/03 13:01:57.913, 7, P0, 37, 252.75 W, 1965 MHz, 3996 MHz, 71 %, 161771 MiB
2026/08/03 13:01:58.913, 0, P0, 36, 251.70 W, 1965 MHz, 3996 MHz, 58 %, 162539 MiB
2026/08/03 13:01:58.913, 1, P0, 33, 249.54 W, 1965 MHz, 3996 MHz, 72 %, 162731 MiB
2026/08/03 13:01:58.913, 2, P0, 36, 246.27 W, 1965 MHz, 3996 MHz, 86 %, 162731 MiB
2026/08/03 13:01:58.913, 3, P0, 33, 248.60 W, 1965 MHz, 3996 MHz, 76 %, 162731 MiB
2026/08/03 13:01:58.914, 4, P0, 34, 245.26 W, 1965 MHz, 3996 MHz, 70 %, 162731 MiB
2026/08/03 13:01:58.914, 5, P0, 36, 250.36 W, 1965 MHz, 3996 MHz, 32 %, 162731 MiB
2026/08/03 13:01:58.914, 6, P0, 33, 246.05 W, 1965 MHz, 3996 MHz, 7 %, 162731 MiB
2026/08/03 13:01:58.914, 7, P0, 37, 252.15 W, 1965 MHz, 3996 MHz, 69 %, 161771 MiB
2026/08/03 13:01:59.914, 0, P0, 36, 251.85 W, 1965 MHz, 3996 MHz, 57 %, 162539 MiB
2026/08/03 13:01:59.914, 1, P0, 33, 249.69 W, 1965 MHz, 3996 MHz, 73 %, 162731 MiB
2026/08/03 13:01:59.914, 2, P0, 36, 246.39 W, 1965 MHz, 3996 MHz, 83 %, 162731 MiB
2026/08/03 13:01:59.914, 3, P0, 33, 249.01 W, 1965 MHz, 3996 MHz, 89 %, 162731 MiB
2026/08/03 13:01:59.914, 4, P0, 34, 245.35 W, 1965 MHz, 3996 MHz, 81 %, 162731 MiB
2026/08/03 13:01:59.914, 5, P0, 36, 251.25 W, 1965 MHz, 3996 MHz, 32 %, 162731 MiB
2026/08/03 13:01:59.914, 6, P0, 33, 246.48 W, 1965 MHz, 3996 MHz, 30 %, 162731 MiB
2026/08/03 13:01:59.914, 7, P0, 37, 252.74 W, 1965 MHz, 3996 MHz, 71 %, 161771 MiB
2026/08/03 13:02:00.914, 0, P0, 36, 251.81 W, 1965 MHz, 3996 MHz, 61 %, 162539 MiB
2026/08/03 13:02:00.914, 1, P0, 33, 249.83 W, 1965 MHz, 3996 MHz, 85 %, 162731 MiB
2026/08/03 13:02:00.914, 2, P0, 36, 246.71 W, 1965 MHz, 3996 MHz, 85 %, 162731 MiB
2026/08/03 13:02:00.914, 3, P0, 33, 249.38 W, 1965 MHz, 3996 MHz, 87 %, 162731 MiB
2026/08/03 13:02:00.914, 4, P0, 34, 245.51 W, 1965 MHz, 3996 MHz, 70 %, 162731 MiB
2026/08/03 13:02:00.914, 5, P0, 36, 251.65 W, 1965 MHz, 3996 MHz, 18 %, 162731 MiB
2026/08/03 13:02:00.914, 6, P0, 33, 246.02 W, 1965 MHz, 3996 MHz, 6 %, 162731 MiB
2026/08/03 13:02:00.914, 7, P0, 37, 252.66 W, 1965 MHz, 3996 MHz, 79 %, 161771 MiB
2026/08/03 13:02:01.914, 0, P0, 36, 251.90 W, 1965 MHz, 3996 MHz, 80 %, 162539 MiB
2026/08/03 13:02:01.914, 1, P0, 33, 249.90 W, 1965 MHz, 3996 MHz, 81 %, 162731 MiB
2026/08/03 13:02:01.914, 2, P0, 36, 246.57 W, 1965 MHz, 3996 MHz, 82 %, 162731 MiB
2026/08/03 13:02:01.914, 3, P0, 33, 249.38 W, 1965 MHz, 3996 MHz, 81 %, 162731 MiB
2026/08/03 13:02:01.914, 4, P0, 34, 245.55 W, 1965 MHz, 3996 MHz, 77 %, 162731 MiB
2026/08/03 13:02:01.914, 5, P0, 36, 251.73 W, 1965 MHz, 3996 MHz, 45 %, 162731 MiB
2026/08/03 13:02:01.914, 6, P0, 33, 246.08 W, 1965 MHz, 3996 MHz, 5 %, 162731 MiB
2026/08/03 13:02:01.914, 7, P0, 37, 252.08 W, 1965 MHz, 3996 MHz, 78 %, 161771 MiB
2026/08/03 13:02:02.915, 0, P0, 36, 250.00 W, 1965 MHz, 3996 MHz, 52 %, 162539 MiB
2026/08/03 13:02:02.915, 1, P0, 33, 250.04 W, 1965 MHz, 3996 MHz, 85 %, 162731 MiB
2026/08/03 13:02:02.915, 2, P0, 36, 246.46 W, 1965 MHz, 3996 MHz, 92 %, 162731 MiB
2026/08/03 13:02:02.915, 3, P0, 33, 249.08 W, 1965 MHz, 3996 MHz, 80 %, 162731 MiB
2026/08/03 13:02:02.915, 4, P0, 34, 245.76 W, 1965 MHz, 3996 MHz, 75 %, 162731 MiB
2026/08/03 13:02:02.915, 5, P0, 36, 250.26 W, 1965 MHz, 3996 MHz, 6 %, 162731 MiB
2026/08/03 13:02:02.915, 6, P0, 33, 246.60 W, 1965 MHz, 3996 MHz, 9 %, 162731 MiB
2026/08/03 13:02:02.915, 7, P0, 37, 252.44 W, 1965 MHz, 3996 MHz, 81 %, 161771 MiB
2026/08/03 13:02:03.915, 0, P0, 36, 250.54 W, 1965 MHz, 3996 MHz, 73 %, 162539 MiB
2026/08/03 13:02:03.915, 1, P0, 33, 249.33 W, 1965 MHz, 3996 MHz, 80 %, 162731 MiB
2026/08/03 13:02:03.915, 2, P0, 36, 246.49 W, 1965 MHz, 3996 MHz, 91 %, 162731 MiB
2026/08/03 13:02:03.915, 3, P0, 33, 248.90 W, 1965 MHz, 3996 MHz, 75 %, 162731 MiB
2026/08/03 13:02:03.915, 4, P0, 34, 245.12 W, 1965 MHz, 3996 MHz, 76 %, 162731 MiB
2026/08/03 13:02:03.915, 5, P0, 36, 249.96 W, 1965 MHz, 3996 MHz, 8 %, 162731 MiB
2026/08/03 13:02:03.915, 6, P0, 33, 246.93 W, 1965 MHz, 3996 MHz, 13 %, 162731 MiB
2026/08/03 13:02:03.915, 7, P0, 37, 251.53 W, 1965 MHz, 3996 MHz, 80 %, 161771 MiB
2026/08/03 13:02:04.915, 0, P0, 36, 251.28 W, 1965 MHz, 3996 MHz, 69 %, 162539 MiB
2026/08/03 13:02:04.915, 1, P0, 33, 249.69 W, 1965 MHz, 3996 MHz, 73 %, 162731 MiB
2026/08/03 13:02:04.915, 2, P0, 36, 246.60 W, 1965 MHz, 3996 MHz, 84 %, 162731 MiB
2026/08/03 13:02:04.915, 3, P0, 33, 249.18 W, 1965 MHz, 3996 MHz, 89 %, 162731 MiB
2026/08/03 13:02:04.915, 4, P0, 34, 245.65 W, 1965 MHz, 3996 MHz, 75 %, 162731 MiB
2026/08/03 13:02:04.915, 5, P0, 36, 251.55 W, 1965 MHz, 3996 MHz, 39 %, 162731 MiB
2026/08/03 13:02:04.915, 6, P0, 33, 246.63 W, 1965 MHz, 3996 MHz, 6 %, 162731 MiB
2026/08/03 13:02:04.915, 7, P0, 37, 252.62 W, 1965 MHz, 3996 MHz, 84 %, 161771 MiB
2026/08/03 13:02:05.915, 0, P0, 36, 251.69 W, 1965 MHz, 3996 MHz, 82 %, 162539 MiB
2026/08/03 13:02:05.915, 1, P0, 33, 250.01 W, 1965 MHz, 3996 MHz, 67 %, 162731 MiB
2026/08/03 13:02:05.915, 2, P0, 36, 246.85 W, 1965 MHz, 3996 MHz, 84 %, 162731 MiB
2026/08/03 13:02:05.915, 3, P0, 33, 249.00 W, 1965 MHz, 3996 MHz, 85 %, 162731 MiB
2026/08/03 13:02:05.915, 4, P0, 34, 245.84 W, 1965 MHz, 3996 MHz, 80 %, 162731 MiB
2026/08/03 13:02:05.916, 5, P0, 36, 252.64 W, 1965 MHz, 3996 MHz, 37 %, 162731 MiB
2026/08/03 13:02:05.916, 6, P0, 33, 246.60 W, 1965 MHz, 3996 MHz, 49 %, 162731 MiB
2026/08/03 13:02:05.916, 7, P0, 37, 252.05 W, 1965 MHz, 3996 MHz, 51 %, 161771 MiB
2026/08/03 13:02:06.916, 0, P0, 36, 251.82 W, 1965 MHz, 3996 MHz, 75 %, 162539 MiB
2026/08/03 13:02:06.916, 1, P0, 33, 249.92 W, 1965 MHz, 3996 MHz, 86 %, 162731 MiB
2026/08/03 13:02:06.916, 2, P0, 36, 246.66 W, 1965 MHz, 3996 MHz, 90 %, 162731 MiB
2026/08/03 13:02:06.916, 3, P0, 33, 249.05 W, 1965 MHz, 3996 MHz, 83 %, 162731 MiB
2026/08/03 13:02:06.916, 4, P0, 34, 245.73 W, 1965 MHz, 3996 MHz, 88 %, 162731 MiB
2026/08/03 13:02:06.916, 5, P0, 36, 251.49 W, 1965 MHz, 3996 MHz, 51 %, 162731 MiB
2026/08/03 13:02:06.916, 6, P0, 33, 246.14 W, 1965 MHz, 3996 MHz, 7 %, 162731 MiB
2026/08/03 13:02:06.916, 7, P0, 37, 252.54 W, 1965 MHz, 3996 MHz, 80 %, 161771 MiB
2026/08/03 13:02:07.916, 0, P0, 36, 250.83 W, 1965 MHz, 3996 MHz, 83 %, 162539 MiB
2026/08/03 13:02:07.916, 1, P0, 33, 249.65 W, 1965 MHz, 3996 MHz, 78 %, 162731 MiB
2026/08/03 13:02:07.916, 2, P0, 36, 246.78 W, 1965 MHz, 3996 MHz, 93 %, 162731 MiB
2026/08/03 13:02:07.916, 3, P0, 33, 248.38 W, 1965 MHz, 3996 MHz, 82 %, 162731 MiB
2026/08/03 13:02:07.916, 4, P0, 34, 244.96 W, 1965 MHz, 3996 MHz, 66 %, 162731 MiB
2026/08/03 13:02:07.916, 5, P0, 36, 251.75 W, 1965 MHz, 3996 MHz, 33 %, 162731 MiB
2026/08/03 13:02:07.916, 6, P0, 33, 246.92 W, 1965 MHz, 3996 MHz, 35 %, 162731 MiB
2026/08/03 13:02:07.916, 7, P0, 37, 252.79 W, 1965 MHz, 3996 MHz, 82 %, 161771 MiB
2026/08/03 13:02:08.916, 0, P0, 36, 251.68 W, 1965 MHz, 3996 MHz, 72 %, 162539 MiB
2026/08/03 13:02:08.916, 1, P0, 33, 249.45 W, 1965 MHz, 3996 MHz, 81 %, 162731 MiB
2026/08/03 13:02:08.916, 2, P0, 36, 246.42 W, 1965 MHz, 3996 MHz, 86 %, 162731 MiB
2026/08/03 13:02:08.916, 3, P0, 33, 249.22 W, 1965 MHz, 3996 MHz, 91 %, 162731 MiB
2026/08/03 13:02:08.916, 4, P0, 34, 245.22 W, 1965 MHz, 3996 MHz, 74 %, 162731 MiB
2026/08/03 13:02:08.916, 5, P0, 36, 252.36 W, 1965 MHz, 3996 MHz, 69 %, 162731 MiB
2026/08/03 13:02:08.916, 6, P0, 33, 246.41 W, 1965 MHz, 3996 MHz, 5 %, 162731 MiB
2026/08/03 13:02:08.916, 7, P0, 37, 252.24 W, 1965 MHz, 3996 MHz, 81 %, 161771 MiB
2026/08/03 13:02:09.917, 0, P0, 36, 252.21 W, 1965 MHz, 3996 MHz, 69 %, 162539 MiB
2026/08/03 13:02:09.917, 1, P0, 33, 248.90 W, 1965 MHz, 3996 MHz, 38 %, 162731 MiB
2026/08/03 13:02:09.917, 2, P0, 36, 246.70 W, 1965 MHz, 3996 MHz, 91 %, 162731 MiB
2026/08/03 13:02:09.917, 3, P0, 33, 249.22 W, 1965 MHz, 3996 MHz, 87 %, 162731 MiB
2026/08/03 13:02:09.917, 4, P0, 34, 245.59 W, 1965 MHz, 3996 MHz, 95 %, 162731 MiB
2026/08/03 13:02:09.917, 5, P0, 36, 253.08 W, 1965 MHz, 3996 MHz, 65 %, 162731 MiB
2026/08/03 13:02:09.917, 6, P0, 33, 246.56 W, 1965 MHz, 3996 MHz, 13 %, 162731 MiB
2026/08/03 13:02:09.917, 7, P0, 37, 252.75 W, 1965 MHz, 3996 MHz, 78 %, 161771 MiB
2026/08/03 13:02:10.917, 0, P0, 36, 251.57 W, 1965 MHz, 3996 MHz, 74 %, 162539 MiB
2026/08/03 13:02:10.917, 1, P0, 33, 249.44 W, 1965 MHz, 3996 MHz, 76 %, 162731 MiB
2026/08/03 13:02:10.917, 2, P0, 36, 246.25 W, 1965 MHz, 3996 MHz, 93 %, 162731 MiB
2026/08/03 13:02:10.917, 3, P0, 33, 248.20 W, 1965 MHz, 3996 MHz, 82 %, 162731 MiB
2026/08/03 13:02:10.917, 4, P0, 34, 245.46 W, 1965 MHz, 3996 MHz, 79 %, 162731 MiB
2026/08/03 13:02:10.917, 5, P0, 36, 251.40 W, 1965 MHz, 3996 MHz, 33 %, 162731 MiB
2026/08/03 13:02:10.917, 6, P0, 33, 246.85 W, 1965 MHz, 3996 MHz, 6 %, 162731 MiB
2026/08/03 13:02:10.917, 7, P0, 37, 251.65 W, 1965 MHz, 3996 MHz, 69 %, 161771 MiB
2026/08/03 13:02:11.919, 0, P0, 36, 251.68 W, 1965 MHz, 3996 MHz, 56 %, 162539 MiB
2026/08/03 13:02:11.919, 1, P0, 33, 250.12 W, 1965 MHz, 3996 MHz, 69 %, 162731 MiB
2026/08/03 13:02:11.919, 2, P0, 36, 246.53 W, 1965 MHz, 3996 MHz, 89 %, 162731 MiB
2026/08/03 13:02:11.919, 3, P0, 33, 249.30 W, 1965 MHz, 3996 MHz, 77 %, 162731 MiB
2026/08/03 13:02:11.919, 4, P0, 34, 245.51 W, 1965 MHz, 3996 MHz, 73 %, 162731 MiB
2026/08/03 13:02:11.919, 5, P0, 36, 251.72 W, 1965 MHz, 3996 MHz, 31 %, 162731 MiB
2026/08/03 13:02:11.919, 6, P0, 33, 246.96 W, 1965 MHz, 3996 MHz, 6 %, 162731 MiB
2026/08/03 13:02:11.919, 7, P0, 37, 252.50 W, 1965 MHz, 3996 MHz, 76 %, 161771 MiB
2026/08/03 13:02:12.919, 0, P0, 36, 251.27 W, 1965 MHz, 3996 MHz, 58 %, 162539 MiB
2026/08/03 13:02:12.919, 1, P0, 33, 249.61 W, 1965 MHz, 3996 MHz, 71 %, 162731 MiB
2026/08/03 13:02:12.919, 2, P0, 36, 246.90 W, 1965 MHz, 3996 MHz, 86 %, 162731 MiB
2026/08/03 13:02:12.919, 3, P0, 33, 248.85 W, 1965 MHz, 3996 MHz, 83 %, 162731 MiB
2026/08/03 13:02:12.919, 4, P0, 34, 245.53 W, 1965 MHz, 3996 MHz, 72 %, 162731 MiB
2026/08/03 13:02:12.919, 5, P0, 36, 251.73 W, 1965 MHz, 3996 MHz, 68 %, 162731 MiB
2026/08/03 13:02:12.919, 6, P0, 33, 246.32 W, 1965 MHz, 3996 MHz, 8 %, 162731 MiB
2026/08/03 13:02:12.919, 7, P0, 37, 252.11 W, 1965 MHz, 3996 MHz, 57 %, 161771 MiB
2026/08/03 13:02:13.919, 0, P0, 36, 251.63 W, 1965 MHz, 3996 MHz, 52 %, 162539 MiB
2026/08/03 13:02:13.919, 1, P0, 33, 249.43 W, 1965 MHz, 3996 MHz, 78 %, 162731 MiB
2026/08/03 13:02:13.919, 2, P0, 36, 246.66 W, 1965 MHz, 3996 MHz, 85 %, 162731 MiB
2026/08/03 13:02:13.919, 3, P0, 33, 249.01 W, 1965 MHz, 3996 MHz, 90 %, 162731 MiB
2026/08/03 13:02:13.919, 4, P0, 34, 245.75 W, 1965 MHz, 3996 MHz, 81 %, 162731 MiB
2026/08/03 13:02:13.919, 5, P0, 36, 253.64 W, 1965 MHz, 3996 MHz, 75 %, 162731 MiB
2026/08/03 13:02:13.919, 6, P0, 33, 245.85 W, 1965 MHz, 3996 MHz, 6 %, 162731 MiB
2026/08/03 13:02:13.919, 7, P0, 37, 251.74 W, 1965 MHz, 3996 MHz, 75 %, 161771 MiB
2026/08/03 13:02:14.919, 0, P0, 36, 251.50 W, 1965 MHz, 3996 MHz, 80 %, 162539 MiB
2026/08/03 13:02:14.920, 1, P0, 33, 250.08 W, 1965 MHz, 3996 MHz, 79 %, 162731 MiB
2026/08/03 13:02:14.920, 2, P0, 36, 246.67 W, 1965 MHz, 3996 MHz, 88 %, 162731 MiB
2026/08/03 13:02:14.920, 3, P0, 33, 249.08 W, 1965 MHz, 3996 MHz, 85 %, 162731 MiB
2026/08/03 13:02:14.920, 4, P0, 34, 244.78 W, 1965 MHz, 3996 MHz, 40 %, 162731 MiB
2026/08/03 13:02:14.920, 5, P0, 36, 253.97 W, 1965 MHz, 3996 MHz, 64 %, 162731 MiB
2026/08/03 13:02:14.920, 6, P0, 33, 246.63 W, 1965 MHz, 3996 MHz, 48 %, 162731 MiB
2026/08/03 13:02:14.920, 7, P0, 37, 251.80 W, 1965 MHz, 3996 MHz, 78 %, 161771 MiB
2026/08/03 13:02:15.920, 0, P0, 36, 251.92 W, 1965 MHz, 3996 MHz, 58 %, 162539 MiB
2026/08/03 13:02:15.920, 1, P0, 33, 250.13 W, 1965 MHz, 3996 MHz, 78 %, 162731 MiB
2026/08/03 13:02:15.920, 2, P0, 36, 246.48 W, 1965 MHz, 3996 MHz, 83 %, 162731 MiB
2026/08/03 13:02:15.920, 3, P0, 33, 249.31 W, 1965 MHz, 3996 MHz, 80 %, 162731 MiB
2026/08/03 13:02:15.920, 4, P0, 34, 245.87 W, 1965 MHz, 3996 MHz, 74 %, 162731 MiB
2026/08/03 13:02:15.920, 5, P0, 36, 252.03 W, 1965 MHz, 3996 MHz, 73 %, 162731 MiB
2026/08/03 13:02:15.920, 6, P0, 33, 247.20 W, 1965 MHz, 3996 MHz, 8 %, 162731 MiB
2026/08/03 13:02:15.920, 7, P0, 37, 252.30 W, 1965 MHz, 3996 MHz, 78 %, 161771 MiB
2026/08/03 13:02:16.920, 0, P0, 36, 251.78 W, 1965 MHz, 3996 MHz, 71 %, 162539 MiB
2026/08/03 13:02:16.920, 1, P0, 33, 249.59 W, 1965 MHz, 3996 MHz, 69 %, 162731 MiB
2026/08/03 13:02:16.920, 2, P0, 36, 246.40 W, 1965 MHz, 3996 MHz, 94 %, 162731 MiB
2026/08/03 13:02:16.920, 3, P0, 33, 249.24 W, 1965 MHz, 3996 MHz, 84 %, 162731 MiB
2026/08/03 13:02:16.920, 4, P0, 34, 245.85 W, 1965 MHz, 3996 MHz, 76 %, 162731 MiB
2026/08/03 13:02:16.920, 5, P0, 36, 253.86 W, 1965 MHz, 3996 MHz, 57 %, 162731 MiB
2026/08/03 13:02:16.920, 6, P0, 33, 245.80 W, 1965 MHz, 3996 MHz, 6 %, 162731 MiB
2026/08/03 13:02:16.920, 7, P0, 37, 252.03 W, 1965 MHz, 3996 MHz, 71 %, 161771 MiB
2026/08/03 13:02:17.920, 0, P0, 36, 251.88 W, 1965 MHz, 3996 MHz, 73 %, 162539 MiB
2026/08/03 13:02:17.920, 1, P0, 33, 249.92 W, 1965 MHz, 3996 MHz, 73 %, 162731 MiB
2026/08/03 13:02:17.920, 2, P0, 36, 246.71 W, 1965 MHz, 3996 MHz, 92 %, 162731 MiB
2026/08/03 13:02:17.920, 3, P0, 33, 249.43 W, 1965 MHz, 3996 MHz, 91 %, 162731 MiB
2026/08/03 13:02:17.920, 4, P0, 34, 245.55 W, 1965 MHz, 3996 MHz, 77 %, 162731 MiB
2026/08/03 13:02:17.920, 5, P0, 36, 254.00 W, 1965 MHz, 3996 MHz, 75 %, 162731 MiB
2026/08/03 13:02:17.921, 6, P0, 33, 246.13 W, 1965 MHz, 3996 MHz, 5 %, 162731 MiB
2026/08/03 13:02:17.921, 7, P0, 37, 252.19 W, 1965 MHz, 3996 MHz, 72 %, 161771 MiB
2026/08/03 13:02:18.921, 0, P0, 36, 251.96 W, 1965 MHz, 3996 MHz, 80 %, 162539 MiB
2026/08/03 13:02:18.921, 1, P0, 33, 249.86 W, 1965 MHz, 3996 MHz, 86 %, 162731 MiB
2026/08/03 13:02:18.921, 2, P0, 36, 246.47 W, 1965 MHz, 3996 MHz, 89 %, 162731 MiB
2026/08/03 13:02:18.921, 3, P0, 33, 249.39 W, 1965 MHz, 3996 MHz, 90 %, 162731 MiB
2026/08/03 13:02:18.921, 4, P0, 34, 245.40 W, 1965 MHz, 3996 MHz, 83 %, 162731 MiB
2026/08/03 13:02:18.921, 5, P0, 36, 251.64 W, 1965 MHz, 3996 MHz, 13 %, 162731 MiB
2026/08/03 13:02:18.921, 6, P0, 33, 246.57 W, 1965 MHz, 3996 MHz, 18 %, 162731 MiB
2026/08/03 13:02:18.921, 7, P0, 37, 252.06 W, 1965 MHz, 3996 MHz, 74 %, 161771 MiB
2026/08/03 13:02:19.921, 0, P0, 36, 251.76 W, 1965 MHz, 3996 MHz, 69 %, 162539 MiB
2026/08/03 13:02:19.921, 1, P0, 33, 249.62 W, 1965 MHz, 3996 MHz, 82 %, 162731 MiB
2026/08/03 13:02:19.921, 2, P0, 36, 246.76 W, 1965 MHz, 3996 MHz, 75 %, 162731 MiB
2026/08/03 13:02:19.921, 3, P0, 33, 249.15 W, 1965 MHz, 3996 MHz, 86 %, 162731 MiB
2026/08/03 13:02:19.921, 4, P0, 34, 245.28 W, 1965 MHz, 3996 MHz, 84 %, 162731 MiB
2026/08/03 13:02:19.921, 5, P0, 36, 253.56 W, 1965 MHz, 3996 MHz, 51 %, 162731 MiB
2026/08/03 13:02:19.921, 6, P0, 33, 246.16 W, 1965 MHz, 3996 MHz, 10 %, 162731 MiB
2026/08/03 13:02:19.921, 7, P0, 37, 251.65 W, 1965 MHz, 3996 MHz, 29 %, 161771 MiB
2026/08/03 13:02:20.921, 0, P0, 36, 251.83 W, 1965 MHz, 3996 MHz, 72 %, 162539 MiB
2026/08/03 13:02:20.921, 1, P0, 33, 249.22 W, 1965 MHz, 3996 MHz, 72 %, 162731 MiB
2026/08/03 13:02:20.921, 2, P0, 36, 246.06 W, 1965 MHz, 3996 MHz, 84 %, 162731 MiB
2026/08/03 13:02:20.921, 3, P0, 33, 249.47 W, 1965 MHz, 3996 MHz, 77 %, 162731 MiB
2026/08/03 13:02:20.921, 4, P0, 34, 245.08 W, 1965 MHz, 3996 MHz, 68 %, 162731 MiB
2026/08/03 13:02:20.921, 5, P0, 36, 252.32 W, 1965 MHz, 3996 MHz, 56 %, 162731 MiB
2026/08/03 13:02:20.921, 6, P0, 33, 246.06 W, 1965 MHz, 3996 MHz, 6 %, 162731 MiB
2026/08/03 13:02:20.921, 7, P0, 37, 252.47 W, 1965 MHz, 3996 MHz, 76 %, 161771 MiB
2026/08/03 13:02:21.921, 0, P0, 36, 251.70 W, 1965 MHz, 3996 MHz, 62 %, 162539 MiB
2026/08/03 13:02:21.922, 1, P0, 33, 249.23 W, 1965 MHz, 3996 MHz, 70 %, 162731 MiB
2026/08/03 13:02:21.922, 2, P0, 36, 246.69 W, 1965 MHz, 3996 MHz, 93 %, 162731 MiB
2026/08/03 13:02:21.922, 3, P0, 33, 248.86 W, 1965 MHz, 3996 MHz, 86 %, 162731 MiB
2026/08/03 13:02:21.922, 4, P0, 34, 245.00 W, 1965 MHz, 3996 MHz, 77 %, 162731 MiB
2026/08/03 13:02:21.922, 5, P0, 36, 252.90 W, 1965 MHz, 3996 MHz, 68 %, 162731 MiB
2026/08/03 13:02:21.922, 6, P0, 33, 246.44 W, 1965 MHz, 3996 MHz, 6 %, 162731 MiB
2026/08/03 13:02:21.922, 7, P0, 37, 252.51 W, 1965 MHz, 3996 MHz, 79 %, 161771 MiB
2026/08/03 13:02:22.922, 0, P0, 36, 251.10 W, 1965 MHz, 3996 MHz, 71 %, 162539 MiB
2026/08/03 13:02:22.922, 1, P0, 33, 249.59 W, 1965 MHz, 3996 MHz, 81 %, 162731 MiB
2026/08/03 13:02:22.922, 2, P0, 36, 246.61 W, 1965 MHz, 3996 MHz, 88 %, 162731 MiB
2026/08/03 13:02:22.922, 3, P0, 33, 249.54 W, 1965 MHz, 3996 MHz, 89 %, 162731 MiB
2026/08/03 13:02:22.922, 4, P0, 34, 245.62 W, 1965 MHz, 3996 MHz, 85 %, 162731 MiB
2026/08/03 13:02:22.922, 5, P0, 36, 254.13 W, 1965 MHz, 3996 MHz, 67 %, 162731 MiB
2026/08/03 13:02:22.922, 6, P0, 33, 247.07 W, 1965 MHz, 3996 MHz, 6 %, 162731 MiB
2026/08/03 13:02:22.922, 7, P0, 37, 252.17 W, 1965 MHz, 3996 MHz, 72 %, 161771 MiB
2026/08/03 13:02:23.922, 0, P0, 36, 292.20 W, 1965 MHz, 3996 MHz, 74 %, 162539 MiB
2026/08/03 13:02:23.922, 1, P0, 34, 292.33 W, 1965 MHz, 3996 MHz, 77 %, 162733 MiB
2026/08/03 13:02:23.922, 2, P0, 37, 285.15 W, 1965 MHz, 3996 MHz, 85 %, 162733 MiB
2026/08/03 13:02:23.922, 3, P0, 33, 289.70 W, 1965 MHz, 3996 MHz, 64 %, 162731 MiB
2026/08/03 13:02:23.922, 4, P0, 34, 284.72 W, 1965 MHz, 3996 MHz, 80 %, 162731 MiB
2026/08/03 13:02:23.922, 5, P0, 37, 291.89 W, 1965 MHz, 3996 MHz, 41 %, 162731 MiB
2026/08/03 13:02:23.922, 6, P0, 33, 279.82 W, 1965 MHz, 3996 MHz, 22 %, 162731 MiB
2026/08/03 13:02:23.922, 7, P0, 38, 283.06 W, 1965 MHz, 3996 MHz, 75 %, 161771 MiB
2026/08/03 13:02:24.922, 0, P0, 36, 251.80 W, 1965 MHz, 3996 MHz, 74 %, 162539 MiB
2026/08/03 13:02:24.922, 1, P0, 33, 249.79 W, 1965 MHz, 3996 MHz, 85 %, 162733 MiB
2026/08/03 13:02:24.924, 2, P0, 36, 246.76 W, 1965 MHz, 3996 MHz, 84 %, 162733 MiB
2026/08/03 13:02:24.924, 3, P0, 33, 248.98 W, 1965 MHz, 3996 MHz, 79 %, 162731 MiB
2026/08/03 13:02:24.924, 4, P0, 34, 245.39 W, 1965 MHz, 3996 MHz, 83 %, 162731 MiB
2026/08/03 13:02:24.924, 5, P0, 36, 252.60 W, 1965 MHz, 3996 MHz, 66 %, 162731 MiB
2026/08/03 13:02:24.924, 6, P0, 33, 246.57 W, 1965 MHz, 3996 MHz, 6 %, 162731 MiB
2026/08/03 13:02:24.924, 7, P0, 37, 251.91 W, 1965 MHz, 3996 MHz, 57 %, 161771 MiB
2026/08/03 13:02:25.924, 0, P0, 37, 288.43 W, 1965 MHz, 3996 MHz, 55 %, 162539 MiB
2026/08/03 13:02:25.924, 1, P0, 34, 284.14 W, 1965 MHz, 3996 MHz, 87 %, 162733 MiB
2026/08/03 13:02:25.924, 2, P0, 37, 288.77 W, 1965 MHz, 3996 MHz, 84 %, 162733 MiB
2026/08/03 13:02:25.924, 3, P0, 34, 286.65 W, 1965 MHz, 3996 MHz, 82 %, 162731 MiB
2026/08/03 13:02:25.924, 4, P0, 34, 281.30 W, 1965 MHz, 3996 MHz, 80 %, 162731 MiB
2026/08/03 13:02:25.924, 5, P0, 37, 298.36 W, 1965 MHz, 3996 MHz, 54 %, 162731 MiB
2026/08/03 13:02:25.924, 6, P0, 34, 278.10 W, 1965 MHz, 3996 MHz, 23 %, 162731 MiB
2026/08/03 13:02:25.924, 7, P0, 38, 286.12 W, 1965 MHz, 3996 MHz, 68 %, 161771 MiB
2026/08/03 13:02:26.924, 0, P0, 36, 252.39 W, 1965 MHz, 3996 MHz, 81 %, 162539 MiB
2026/08/03 13:02:26.924, 1, P0, 34, 249.79 W, 1965 MHz, 3996 MHz, 74 %, 162733 MiB
2026/08/03 13:02:26.924, 2, P0, 36, 246.98 W, 1965 MHz, 3996 MHz, 91 %, 162733 MiB
2026/08/03 13:02:26.924, 3, P0, 33, 249.22 W, 1965 MHz, 3996 MHz, 88 %, 162731 MiB
2026/08/03 13:02:26.924, 4, P0, 34, 244.74 W, 1965 MHz, 3996 MHz, 66 %, 162731 MiB
2026/08/03 13:02:26.924, 5, P0, 36, 252.35 W, 1965 MHz, 3996 MHz, 58 %, 162731 MiB
2026/08/03 13:02:26.924, 6, P0, 33, 247.35 W, 1965 MHz, 3996 MHz, 64 %, 162731 MiB
2026/08/03 13:02:26.924, 7, P0, 37, 252.41 W, 1965 MHz, 3996 MHz, 76 %, 161771 MiB
2026/08/03 13:02:27.924, 0, P0, 37, 290.00 W, 1965 MHz, 3996 MHz, 81 %, 162539 MiB
2026/08/03 13:02:27.924, 1, P0, 34, 290.25 W, 1965 MHz, 3996 MHz, 87 %, 162733 MiB
2026/08/03 13:02:27.924, 2, P0, 38, 285.88 W, 1965 MHz, 3996 MHz, 88 %, 162733 MiB
2026/08/03 13:02:27.924, 3, P0, 35, 287.88 W, 1965 MHz, 3996 MHz, 92 %, 162731 MiB
2026/08/03 13:02:27.924, 4, P0, 35, 287.55 W, 1965 MHz, 3996 MHz, 82 %, 162731 MiB
2026/08/03 13:02:27.924, 5, P0, 37, 291.64 W, 1965 MHz, 3996 MHz, 82 %, 162731 MiB
2026/08/03 13:02:27.924, 6, P0, 34, 279.03 W, 1965 MHz, 3996 MHz, 25 %, 162731 MiB
2026/08/03 13:02:27.924, 7, P0, 38, 285.10 W, 1965 MHz, 3996 MHz, 66 %, 161771 MiB
2026/08/03 13:02:28.924, 0, P0, 36, 253.11 W, 1965 MHz, 3996 MHz, 78 %, 162539 MiB
2026/08/03 13:02:28.925, 1, P0, 34, 251.01 W, 1965 MHz, 3996 MHz, 82 %, 162733 MiB
2026/08/03 13:02:28.925, 2, P0, 36, 247.16 W, 1965 MHz, 3996 MHz, 94 %, 162733 MiB
2026/08/03 13:02:28.925, 3, P0, 33, 249.66 W, 1965 MHz, 3996 MHz, 90 %, 162731 MiB
2026/08/03 13:02:28.925, 4, P0, 34, 246.40 W, 1965 MHz, 3996 MHz, 83 %, 162731 MiB
2026/08/03 13:02:28.925, 5, P0, 36, 254.47 W, 1965 MHz, 3996 MHz, 71 %, 162731 MiB
2026/08/03 13:02:28.925, 6, P0, 33, 246.93 W, 1965 MHz, 3996 MHz, 6 %, 162731 MiB
2026/08/03 13:02:28.925, 7, P0, 37, 253.16 W, 1965 MHz, 3996 MHz, 78 %, 161771 MiB
2026/08/03 13:02:29.925, 0, P0, 40, 276.87 W, 1965 MHz, 3996 MHz, 72 %, 162539 MiB
2026/08/03 13:02:29.925, 1, P0, 36, 292.22 W, 1965 MHz, 3996 MHz, 76 %, 162733 MiB
2026/08/03 13:02:29.925, 2, P0, 36, 265.51 W, 1965 MHz, 3996 MHz, 96 %, 162733 MiB
2026/08/03 13:02:29.925, 3, P0, 33, 257.76 W, 1965 MHz, 3996 MHz, 83 %, 162731 MiB
2026/08/03 13:02:29.925, 4, P0, 38, 275.02 W, 1965 MHz, 3996 MHz, 87 %, 162731 MiB
2026/08/03 13:02:29.925, 5, P0, 39, 274.10 W, 1965 MHz, 3996 MHz, 44 %, 162731 MiB
2026/08/03 13:02:29.925, 6, P0, 33, 247.15 W, 1965 MHz, 3996 MHz, 6 %, 162731 MiB
2026/08/03 13:02:29.925, 7, P0, 37, 252.50 W, 1965 MHz, 3996 MHz, 85 %, 161771 MiB
2026/08/03 13:02:30.925, 0, P0, 36, 267.99 W, 1965 MHz, 3996 MHz, 86 %, 162539 MiB
2026/08/03 13:02:30.925, 1, P0, 34, 266.62 W, 1965 MHz, 3996 MHz, 91 %, 162733 MiB
2026/08/03 13:02:30.925, 2, P0, 37, 275.46 W, 1965 MHz, 3996 MHz, 82 %, 162733 MiB
2026/08/03 13:02:30.925, 3, P0, 33, 287.02 W, 1965 MHz, 3996 MHz, 87 %, 162731 MiB
2026/08/03 13:02:30.925, 4, P0, 34, 269.23 W, 1965 MHz, 3996 MHz, 84 %, 162731 MiB
2026/08/03 13:02:30.925, 5, P0, 36, 283.03 W, 1965 MHz, 3996 MHz, 23 %, 162731 MiB
2026/08/03 13:02:30.925, 6, P0, 33, 279.31 W, 1965 MHz, 3996 MHz, 6 %, 162731 MiB
2026/08/03 13:02:30.925, 7, P0, 37, 282.65 W, 1965 MHz, 3996 MHz, 77 %, 161771 MiB
2026/08/03 13:02:31.925, 0, P0, 36, 253.38 W, 1965 MHz, 3996 MHz, 81 %, 162539 MiB
2026/08/03 13:02:31.925, 1, P0, 34, 250.21 W, 1965 MHz, 3996 MHz, 76 %, 162733 MiB
2026/08/03 13:02:31.925, 2, P0, 36, 247.21 W, 1965 MHz, 3996 MHz, 87 %, 162733 MiB
2026/08/03 13:02:31.925, 3, P0, 33, 249.99 W, 1965 MHz, 3996 MHz, 83 %, 162731 MiB
2026/08/03 13:02:31.925, 4, P0, 34, 246.26 W, 1965 MHz, 3996 MHz, 78 %, 162731 MiB
2026/08/03 13:02:31.925, 5, P0, 36, 252.21 W, 1965 MHz, 3996 MHz, 65 %, 162731 MiB
2026/08/03 13:02:31.925, 6, P0, 33, 247.17 W, 1965 MHz, 3996 MHz, 6 %, 162731 MiB
2026/08/03 13:02:31.925, 7, P0, 37, 253.38 W, 1965 MHz, 3996 MHz, 74 %, 161771 MiB
2026/08/03 13:02:32.926, 0, P0, 36, 253.04 W, 1965 MHz, 3996 MHz, 80 %, 162539 MiB
2026/08/03 13:02:32.926, 1, P0, 34, 250.81 W, 1965 MHz, 3996 MHz, 76 %, 162733 MiB
2026/08/03 13:02:32.926, 2, P0, 36, 247.24 W, 1965 MHz, 3996 MHz, 93 %, 162733 MiB
2026/08/03 13:02:32.926, 3, P0, 33, 249.62 W, 1965 MHz, 3996 MHz, 95 %, 162731 MiB
2026/08/03 13:02:32.926, 4, P0, 34, 246.30 W, 1965 MHz, 3996 MHz, 84 %, 162731 MiB
2026/08/03 13:02:32.926, 5, P0, 36, 251.58 W, 1965 MHz, 3996 MHz, 6 %, 162731 MiB
2026/08/03 13:02:32.926, 6, P0, 33, 248.60 W, 1965 MHz, 3996 MHz, 19 %, 162731 MiB
2026/08/03 13:02:32.926, 7, P0, 37, 253.65 W, 1965 MHz, 3996 MHz, 84 %, 161771 MiB
2026/08/03 13:02:33.926, 0, P0, 36, 252.39 W, 1965 MHz, 3996 MHz, 72 %, 162539 MiB
2026/08/03 13:02:33.926, 1, P0, 33, 250.77 W, 1965 MHz, 3996 MHz, 91 %, 162733 MiB
2026/08/03 13:02:33.926, 2, P0, 36, 246.79 W, 1965 MHz, 3996 MHz, 89 %, 162733 MiB
2026/08/03 13:02:33.926, 3, P0, 33, 250.13 W, 1965 MHz, 3996 MHz, 89 %, 162731 MiB
2026/08/03 13:02:33.926, 4, P0, 34, 246.62 W, 1965 MHz, 3996 MHz, 88 %, 162731 MiB
2026/08/03 13:02:33.926, 5, P0, 36, 253.85 W, 1965 MHz, 3996 MHz, 72 %, 162731 MiB
2026/08/03 13:02:33.926, 6, P0, 33, 246.94 W, 1965 MHz, 3996 MHz, 6 %, 162731 MiB
2026/08/03 13:02:33.926, 7, P0, 37, 252.95 W, 1965 MHz, 3996 MHz, 80 %, 161771 MiB
2026/08/03 13:02:34.926, 0, P0, 36, 252.58 W, 1965 MHz, 3996 MHz, 78 %, 162539 MiB
2026/08/03 13:02:34.926, 1, P0, 33, 250.61 W, 1965 MHz, 3996 MHz, 74 %, 162733 MiB
2026/08/03 13:02:34.926, 2, P0, 36, 247.24 W, 1965 MHz, 3996 MHz, 85 %, 162733 MiB
2026/08/03 13:02:34.926, 3, P0, 33, 249.57 W, 1965 MHz, 3996 MHz, 80 %, 162731 MiB
2026/08/03 13:02:34.926, 4, P0, 34, 246.30 W, 1965 MHz, 3996 MHz, 82 %, 162731 MiB
2026/08/03 13:02:34.926, 5, P0, 36, 254.21 W, 1965 MHz, 3996 MHz, 69 %, 162731 MiB
2026/08/03 13:02:34.926, 6, P0, 33, 246.47 W, 1965 MHz, 3996 MHz, 6 %, 162731 MiB
2026/08/03 13:02:34.926, 7, P0, 37, 253.39 W, 1965 MHz, 3996 MHz, 76 %, 161771 MiB
2026/08/03 13:02:35.926, 0, P0, 36, 252.74 W, 1965 MHz, 3996 MHz, 74 %, 162539 MiB
2026/08/03 13:02:35.926, 1, P0, 33, 250.26 W, 1965 MHz, 3996 MHz, 74 %, 162733 MiB
2026/08/03 13:02:35.926, 2, P0, 36, 247.62 W, 1965 MHz, 3996 MHz, 95 %, 162733 MiB
2026/08/03 13:02:35.926, 3, P0, 33, 249.86 W, 1965 MHz, 3996 MHz, 85 %, 162731 MiB
2026/08/03 13:02:35.926, 4, P0, 34, 246.09 W, 1965 MHz, 3996 MHz, 67 %, 162731 MiB
2026/08/03 13:02:35.926, 5, P0, 36, 252.75 W, 1965 MHz, 3996 MHz, 14 %, 162731 MiB
2026/08/03 13:02:35.927, 6, P0, 33, 246.42 W, 1965 MHz, 3996 MHz, 12 %, 162731 MiB
2026/08/03 13:02:35.927, 7, P0, 37, 253.16 W, 1965 MHz, 3996 MHz, 85 %, 161771 MiB
2026/08/03 13:02:36.927, 0, P0, 36, 252.76 W, 1965 MHz, 3996 MHz, 79 %, 162539 MiB
2026/08/03 13:02:36.927, 1, P0, 33, 250.43 W, 1965 MHz, 3996 MHz, 78 %, 162733 MiB
2026/08/03 13:02:36.927, 2, P0, 36, 247.32 W, 1965 MHz, 3996 MHz, 89 %, 162733 MiB
2026/08/03 13:02:36.927, 3, P0, 33, 249.93 W, 1965 MHz, 3996 MHz, 92 %, 162731 MiB
2026/08/03 13:02:36.927, 4, P0, 34, 245.90 W, 1965 MHz, 3996 MHz, 86 %, 162731 MiB
2026/08/03 13:02:36.927, 5, P0, 36, 253.83 W, 1965 MHz, 3996 MHz, 65 %, 162731 MiB
2026/08/03 13:02:36.927, 6, P0, 33, 246.38 W, 1965 MHz, 3996 MHz, 6 %, 162731 MiB
2026/08/03 13:02:36.927, 7, P0, 37, 253.01 W, 1965 MHz, 3996 MHz, 82 %, 161771 MiB
2026/08/03 13:02:37.927, 0, P0, 36, 253.05 W, 1965 MHz, 3996 MHz, 72 %, 162539 MiB
2026/08/03 13:02:37.928, 1, P0, 33, 250.66 W, 1965 MHz, 3996 MHz, 82 %, 162733 MiB
2026/08/03 13:02:37.930, 2, P0, 36, 247.03 W, 1965 MHz, 3996 MHz, 84 %, 162733 MiB
2026/08/03 13:02:37.930, 3, P0, 33, 250.08 W, 1965 MHz, 3996 MHz, 84 %, 162731 MiB
2026/08/03 13:02:37.930, 4, P0, 34, 246.44 W, 1965 MHz, 3996 MHz, 88 %, 162731 MiB
2026/08/03 13:02:37.932, 5, P0, 36, 254.80 W, 1965 MHz, 3996 MHz, 70 %, 162731 MiB
2026/08/03 13:02:37.932, 6, P0, 33, 246.78 W, 1965 MHz, 3996 MHz, 6 %, 162731 MiB
2026/08/03 13:02:37.932, 7, P0, 37, 253.18 W, 1965 MHz, 3996 MHz, 73 %, 161771 MiB
2026/08/03 13:02:38.933, 0, P0, 37, 294.00 W, 1965 MHz, 3996 MHz, 72 %, 162539 MiB
2026/08/03 13:02:38.934, 1, P0, 34, 286.57 W, 1965 MHz, 3996 MHz, 83 %, 162733 MiB
2026/08/03 13:02:38.934, 2, P0, 37, 286.87 W, 1965 MHz, 3996 MHz, 83 %, 162733 MiB
2026/08/03 13:02:38.934, 3, P0, 34, 287.70 W, 1965 MHz, 3996 MHz, 86 %, 162731 MiB
2026/08/03 13:02:38.934, 4, P0, 34, 285.82 W, 1965 MHz, 3996 MHz, 77 %, 162731 MiB
2026/08/03 13:02:38.934, 5, P0, 37, 298.08 W, 1965 MHz, 3996 MHz, 78 %, 162731 MiB
2026/08/03 13:02:38.934, 6, P0, 34, 279.61 W, 1965 MHz, 3996 MHz, 27 %, 162731 MiB
2026/08/03 13:02:38.934, 7, P0, 38, 286.46 W, 1965 MHz, 3996 MHz, 84 %, 161771 MiB
2026/08/03 13:02:39.934, 0, P0, 36, 252.65 W, 1965 MHz, 3996 MHz, 64 %, 162539 MiB
2026/08/03 13:02:39.934, 1, P0, 34, 249.74 W, 1965 MHz, 3996 MHz, 72 %, 162733 MiB
2026/08/03 13:02:39.934, 2, P0, 36, 247.16 W, 1965 MHz, 3996 MHz, 85 %, 162733 MiB
2026/08/03 13:02:39.934, 3, P0, 33, 249.33 W, 1965 MHz, 3996 MHz, 82 %, 162731 MiB
2026/08/03 13:02:39.934, 4, P0, 34, 245.97 W, 1965 MHz, 3996 MHz, 73 %, 162731 MiB
2026/08/03 13:02:39.934, 5, P0, 36, 253.94 W, 1965 MHz, 3996 MHz, 71 %, 162731 MiB
2026/08/03 13:02:39.934, 6, P0, 33, 246.37 W, 1965 MHz, 3996 MHz, 6 %, 162731 MiB
2026/08/03 13:02:39.934, 7, P0, 37, 252.60 W, 1965 MHz, 3996 MHz, 67 %, 161771 MiB
2026/08/03 13:02:40.934, 0, P0, 37, 292.61 W, 1965 MHz, 3996 MHz, 85 %, 162539 MiB
2026/08/03 13:02:40.934, 1, P0, 34, 295.48 W, 1965 MHz, 3996 MHz, 86 %, 162733 MiB
2026/08/03 13:02:40.934, 2, P0, 38, 287.28 W, 1965 MHz, 3996 MHz, 93 %, 162733 MiB
2026/08/03 13:02:40.934, 3, P0, 34, 290.91 W, 1965 MHz, 3996 MHz, 87 %, 162731 MiB
2026/08/03 13:02:40.934, 4, P0, 35, 288.83 W, 1965 MHz, 3996 MHz, 76 %, 162731 MiB
2026/08/03 13:02:40.934, 5, P0, 37, 291.24 W, 1965 MHz, 3996 MHz, 80 %, 162731 MiB
2026/08/03 13:02:40.934, 6, P0, 34, 279.65 W, 1965 MHz, 3996 MHz, 15 %, 162731 MiB
2026/08/03 13:02:40.934, 7, P0, 38, 283.94 W, 1965 MHz, 3996 MHz, 63 %, 161771 MiB
2026/08/03 13:02:41.934, 0, P0, 36, 253.34 W, 1965 MHz, 3996 MHz, 77 %, 162539 MiB
2026/08/03 13:02:41.934, 1, P0, 34, 250.32 W, 1965 MHz, 3996 MHz, 66 %, 162733 MiB
2026/08/03 13:02:41.934, 2, P0, 37, 247.37 W, 1965 MHz, 3996 MHz, 91 %, 162733 MiB
2026/08/03 13:02:41.934, 3, P0, 33, 250.10 W, 1965 MHz, 3996 MHz, 89 %, 162731 MiB
2026/08/03 13:02:41.934, 4, P0, 34, 245.94 W, 1965 MHz, 3996 MHz, 75 %, 162731 MiB
2026/08/03 13:02:41.934, 5, P0, 36, 254.50 W, 1965 MHz, 3996 MHz, 63 %, 162731 MiB
2026/08/03 13:02:41.935, 6, P0, 33, 246.85 W, 1965 MHz, 3996 MHz, 6 %, 162731 MiB
2026/08/03 13:02:41.935, 7, P0, 37, 252.91 W, 1965 MHz, 3996 MHz, 82 %, 161771 MiB
2026/08/03 13:02:42.935, 0, P0, 36, 252.03 W, 1965 MHz, 3996 MHz, 86 %, 162539 MiB
2026/08/03 13:02:42.935, 1, P0, 34, 249.98 W, 1965 MHz, 3996 MHz, 85 %, 162733 MiB
2026/08/03 13:02:42.935, 2, P0, 36, 247.02 W, 1965 MHz, 3996 MHz, 86 %, 162733 MiB
2026/08/03 13:02:42.935, 3, P0, 33, 250.06 W, 1965 MHz, 3996 MHz, 87 %, 162731 MiB
2026/08/03 13:02:42.935, 4, P0, 34, 246.04 W, 1965 MHz, 3996 MHz, 80 %, 162731 MiB
2026/08/03 13:02:42.935, 5, P0, 36, 252.59 W, 1965 MHz, 3996 MHz, 29 %, 162731 MiB
2026/08/03 13:02:42.935, 6, P0, 33, 247.02 W, 1965 MHz, 3996 MHz, 6 %, 162731 MiB
2026/08/03 13:02:42.935, 7, P0, 37, 252.93 W, 1965 MHz, 3996 MHz, 73 %, 161771 MiB
2026/08/03 13:02:43.935, 0, P0, 36, 253.42 W, 1965 MHz, 3996 MHz, 78 %, 162539 MiB
2026/08/03 13:02:43.935, 1, P0, 34, 249.89 W, 1965 MHz, 3996 MHz, 74 %, 162733 MiB
2026/08/03 13:02:43.935, 2, P0, 36, 247.19 W, 1965 MHz, 3996 MHz, 81 %, 162733 MiB
2026/08/03 13:02:43.935, 3, P0, 33, 250.06 W, 1965 MHz, 3996 MHz, 78 %, 162731 MiB
2026/08/03 13:02:43.935, 4, P0, 34, 245.30 W, 1965 MHz, 3996 MHz, 70 %, 162731 MiB
2026/08/03 13:02:43.935, 5, P0, 36, 253.14 W, 1965 MHz, 3996 MHz, 71 %, 162731 MiB
2026/08/03 13:02:43.935, 6, P0, 33, 247.12 W, 1965 MHz, 3996 MHz, 6 %, 162731 MiB
2026/08/03 13:02:43.935, 7, P0, 37, 252.99 W, 1965 MHz, 3996 MHz, 73 %, 161771 MiB
2026/08/03 13:02:44.935, 0, P0, 36, 253.37 W, 1965 MHz, 3996 MHz, 69 %, 162539 MiB
2026/08/03 13:02:44.935, 1, P0, 33, 250.04 W, 1965 MHz, 3996 MHz, 77 %, 162733 MiB
2026/08/03 13:02:44.935, 2, P0, 36, 247.11 W, 1965 MHz, 3996 MHz, 93 %, 162733 MiB
2026/08/03 13:02:44.935, 3, P0, 33, 249.68 W, 1965 MHz, 3996 MHz, 87 %, 162731 MiB
2026/08/03 13:02:44.935, 4, P0, 34, 245.72 W, 1965 MHz, 3996 MHz, 77 %, 162731 MiB
2026/08/03 13:02:44.935, 5, P0, 36, 251.48 W, 1965 MHz, 3996 MHz, 63 %, 162731 MiB
2026/08/03 13:02:44.935, 6, P0, 33, 247.94 W, 1965 MHz, 3996 MHz, 6 %, 162731 MiB
2026/08/03 13:02:44.935, 7, P0, 37, 253.34 W, 1965 MHz, 3996 MHz, 80 %, 161771 MiB
2026/08/03 13:02:45.935, 0, P0, 36, 252.85 W, 1965 MHz, 3996 MHz, 77 %, 162539 MiB
2026/08/03 13:02:45.936, 1, P0, 34, 250.54 W, 1965 MHz, 3996 MHz, 77 %, 162733 MiB
2026/08/03 13:02:45.936, 2, P0, 36, 247.00 W, 1965 MHz, 3996 MHz, 55 %, 162733 MiB
2026/08/03 13:02:45.936, 3, P0, 33, 250.20 W, 1965 MHz, 3996 MHz, 87 %, 162731 MiB
2026/08/03 13:02:45.936, 4, P0, 34, 246.49 W, 1965 MHz, 3996 MHz, 85 %, 162731 MiB
2026/08/03 13:02:45.936, 5, P0, 36, 253.22 W, 1965 MHz, 3996 MHz, 35 %, 162731 MiB
2026/08/03 13:02:45.936, 6, P0, 33, 247.31 W, 1965 MHz, 3996 MHz, 57 %, 162731 MiB
2026/08/03 13:02:45.936, 7, P0, 37, 253.03 W, 1965 MHz, 3996 MHz, 83 %, 161771 MiB
2026/08/03 13:02:46.936, 0, P0, 36, 252.55 W, 1965 MHz, 3996 MHz, 82 %, 162539 MiB
2026/08/03 13:02:46.936, 1, P0, 34, 249.89 W, 1965 MHz, 3996 MHz, 81 %, 162733 MiB
2026/08/03 13:02:46.936, 2, P0, 36, 246.84 W, 1965 MHz, 3996 MHz, 82 %, 162733 MiB
2026/08/03 13:02:46.936, 3, P0, 33, 249.85 W, 1965 MHz, 3996 MHz, 81 %, 162731 MiB
2026/08/03 13:02:46.936, 4, P0, 34, 245.57 W, 1965 MHz, 3996 MHz, 80 %, 162731 MiB
2026/08/03 13:02:46.936, 5, P0, 36, 253.89 W, 1965 MHz, 3996 MHz, 45 %, 162731 MiB
2026/08/03 13:02:46.936, 6, P0, 33, 246.99 W, 1965 MHz, 3996 MHz, 6 %, 162731 MiB
2026/08/03 13:02:46.936, 7, P0, 37, 252.34 W, 1965 MHz, 3996 MHz, 75 %, 161771 MiB
2026/08/03 13:02:47.936, 0, P0, 36, 252.79 W, 1965 MHz, 3996 MHz, 78 %, 162539 MiB
2026/08/03 13:02:47.936, 1, P0, 34, 250.35 W, 1965 MHz, 3996 MHz, 76 %, 162733 MiB
2026/08/03 13:02:47.936, 2, P0, 36, 247.15 W, 1965 MHz, 3996 MHz, 83 %, 162733 MiB
2026/08/03 13:02:47.936, 3, P0, 33, 249.76 W, 1965 MHz, 3996 MHz, 82 %, 162731 MiB
2026/08/03 13:02:47.936, 4, P0, 34, 245.46 W, 1965 MHz, 3996 MHz, 68 %, 162731 MiB
2026/08/03 13:02:47.936, 5, P0, 36, 253.09 W, 1965 MHz, 3996 MHz, 69 %, 162731 MiB
2026/08/03 13:02:47.936, 6, P0, 33, 246.42 W, 1965 MHz, 3996 MHz, 6 %, 162731 MiB
2026/08/03 13:02:47.936, 7, P0, 37, 252.76 W, 1965 MHz, 3996 MHz, 78 %, 161771 MiB
2026/08/03 13:02:48.936, 0, P0, 36, 252.58 W, 1965 MHz, 3996 MHz, 77 %, 162539 MiB
2026/08/03 13:02:48.936, 1, P0, 33, 249.85 W, 1965 MHz, 3996 MHz, 78 %, 162733 MiB
2026/08/03 13:02:48.936, 2, P0, 36, 247.37 W, 1965 MHz, 3996 MHz, 92 %, 162733 MiB
2026/08/03 13:02:48.936, 3, P0, 33, 249.74 W, 1965 MHz, 3996 MHz, 90 %, 162731 MiB
2026/08/03 13:02:48.936, 4, P0, 34, 245.59 W, 1965 MHz, 3996 MHz, 75 %, 162731 MiB
2026/08/03 13:02:48.936, 5, P0, 36, 254.43 W, 1965 MHz, 3996 MHz, 70 %, 162731 MiB
2026/08/03 13:02:48.936, 6, P0, 33, 246.36 W, 1965 MHz, 3996 MHz, 6 %, 162731 MiB
2026/08/03 13:02:48.937, 7, P0, 37, 253.31 W, 1965 MHz, 3996 MHz, 91 %, 161771 MiB
2026/08/03 13:02:49.937, 0, P0, 36, 250.15 W, 1965 MHz, 3996 MHz, 100 %, 162539 MiB
2026/08/03 13:02:49.937, 1, P0, 33, 240.57 W, 1965 MHz, 3996 MHz, 0 %, 162733 MiB
2026/08/03 13:02:49.937, 2, P0, 36, 243.33 W, 1965 MHz, 3996 MHz, 100 %, 162733 MiB
2026/08/03 13:02:49.937, 3, P0, 33, 239.74 W, 1965 MHz, 3996 MHz, 0 %, 162731 MiB
2026/08/03 13:02:49.937, 4, P0, 34, 236.63 W, 1965 MHz, 3996 MHz, 0 %, 162731 MiB
2026/08/03 13:02:49.937, 5, P0, 36, 245.30 W, 1965 MHz, 3996 MHz, 0 %, 162731 MiB
2026/08/03 13:02:49.937, 6, P0, 33, 249.81 W, 1965 MHz, 3996 MHz, 100 %, 162731 MiB
2026/08/03 13:02:49.937, 7, P0, 37, 244.49 W, 1965 MHz, 3996 MHz, 0 %, 161771 MiB
2026/08/03 13:02:50.937, 0, P0, 36, 251.90 W, 1965 MHz, 3996 MHz, 91 %, 162539 MiB
2026/08/03 13:02:50.937, 1, P0, 33, 245.93 W, 1965 MHz, 3996 MHz, 65 %, 162733 MiB
2026/08/03 13:02:50.937, 2, P0, 36, 245.14 W, 1965 MHz, 3996 MHz, 84 %, 162733 MiB
2026/08/03 13:02:50.937, 3, P0, 33, 244.86 W, 1965 MHz, 3996 MHz, 76 %, 162731 MiB
2026/08/03 13:02:50.937, 4, P0, 34, 241.79 W, 1965 MHz, 3996 MHz, 70 %, 162731 MiB
2026/08/03 13:02:50.937, 5, P0, 36, 249.60 W, 1965 MHz, 3996 MHz, 53 %, 162731 MiB
2026/08/03 13:02:50.937, 6, P0, 33, 248.54 W, 1965 MHz, 3996 MHz, 6 %, 162731 MiB
2026/08/03 13:02:50.937, 7, P0, 37, 248.79 W, 1965 MHz, 3996 MHz, 59 %, 161771 MiB
2026/08/03 13:02:51.937, 0, P0, 36, 252.78 W, 1965 MHz, 3996 MHz, 81 %, 162539 MiB
2026/08/03 13:02:51.937, 1, P0, 33, 250.51 W, 1965 MHz, 3996 MHz, 65 %, 162733 MiB
2026/08/03 13:02:51.937, 2, P0, 36, 247.27 W, 1965 MHz, 3996 MHz, 88 %, 162733 MiB
2026/08/03 13:02:51.937, 3, P0, 33, 249.50 W, 1965 MHz, 3996 MHz, 77 %, 162731 MiB
2026/08/03 13:02:51.937, 4, P0, 34, 245.21 W, 1965 MHz, 3996 MHz, 63 %, 162731 MiB
2026/08/03 13:02:51.937, 5, P0, 36, 254.08 W, 1965 MHz, 3996 MHz, 73 %, 162731 MiB
2026/08/03 13:02:51.937, 6, P0, 33, 246.67 W, 1965 MHz, 3996 MHz, 9 %, 162731 MiB
2026/08/03 13:02:51.937, 7, P0, 37, 252.74 W, 1965 MHz, 3996 MHz, 70 %, 161771 MiB
2026/08/03 13:02:52.938, 0, P0, 36, 252.85 W, 1965 MHz, 3996 MHz, 80 %, 162539 MiB
2026/08/03 13:02:52.938, 1, P0, 33, 249.48 W, 1965 MHz, 3996 MHz, 77 %, 162733 MiB
2026/08/03 13:02:52.938, 2, P0, 36, 247.15 W, 1965 MHz, 3996 MHz, 92 %, 162733 MiB
2026/08/03 13:02:52.938, 3, P0, 33, 249.04 W, 1965 MHz, 3996 MHz, 85 %, 162731 MiB
2026/08/03 13:02:52.938, 4, P0, 34, 245.26 W, 1965 MHz, 3996 MHz, 82 %, 162731 MiB
2026/08/03 13:02:52.938, 5, P0, 36, 253.29 W, 1965 MHz, 3996 MHz, 75 %, 162731 MiB
2026/08/03 13:02:52.938, 6, P0, 33, 246.92 W, 1965 MHz, 3996 MHz, 10 %, 162731 MiB
2026/08/03 13:02:52.938, 7, P0, 37, 252.53 W, 1965 MHz, 3996 MHz, 53 %, 161771 MiB
2026/08/03 13:02:53.938, 0, P0, 36, 253.04 W, 1965 MHz, 3996 MHz, 90 %, 162539 MiB
2026/08/03 13:02:53.938, 1, P0, 33, 249.52 W, 1965 MHz, 3996 MHz, 81 %, 162733 MiB
2026/08/03 13:02:53.938, 2, P0, 36, 247.02 W, 1965 MHz, 3996 MHz, 90 %, 162733 MiB
2026/08/03 13:02:53.938, 3, P0, 33, 250.19 W, 1965 MHz, 3996 MHz, 88 %, 162731 MiB
2026/08/03 13:02:53.938, 4, P0, 34, 245.48 W, 1965 MHz, 3996 MHz, 68 %, 162731 MiB
2026/08/03 13:02:53.938, 5, P0, 36, 254.49 W, 1965 MHz, 3996 MHz, 69 %, 162731 MiB
2026/08/03 13:02:53.938, 6, P0, 33, 246.67 W, 1965 MHz, 3996 MHz, 6 %, 162731 MiB
2026/08/03 13:02:53.938, 7, P0, 37, 252.83 W, 1965 MHz, 3996 MHz, 62 %, 161771 MiB
2026/08/03 13:02:54.938, 0, P0, 36, 252.90 W, 1965 MHz, 3996 MHz, 74 %, 162539 MiB
2026/08/03 13:02:54.938, 1, P0, 33, 250.24 W, 1965 MHz, 3996 MHz, 75 %, 162733 MiB
2026/08/03 13:02:54.938, 2, P0, 36, 246.94 W, 1965 MHz, 3996 MHz, 85 %, 162733 MiB
2026/08/03 13:02:54.938, 3, P0, 33, 249.38 W, 1965 MHz, 3996 MHz, 76 %, 162731 MiB
2026/08/03 13:02:54.938, 4, P0, 34, 245.61 W, 1965 MHz, 3996 MHz, 77 %, 162731 MiB
2026/08/03 13:02:54.938, 5, P0, 36, 254.36 W, 1965 MHz, 3996 MHz, 82 %, 162731 MiB
2026/08/03 13:02:54.938, 6, P0, 33, 246.57 W, 1965 MHz, 3996 MHz, 10 %, 162731 MiB
2026/08/03 13:02:54.938, 7, P0, 37, 252.58 W, 1965 MHz, 3996 MHz, 37 %, 161771 MiB
2026/08/03 13:02:55.938, 0, P0, 36, 246.17 W, 1965 MHz, 3996 MHz, 0 %, 162539 MiB
2026/08/03 13:02:55.938, 1, P0, 33, 248.73 W, 1965 MHz, 3996 MHz, 100 %, 162733 MiB
2026/08/03 13:02:55.939, 2, P0, 36, 245.38 W, 1965 MHz, 3996 MHz, 100 %, 162733 MiB
2026/08/03 13:02:55.939, 3, P0, 33, 248.06 W, 1965 MHz, 3996 MHz, 100 %, 162731 MiB
2026/08/03 13:02:55.939, 4, P0, 34, 244.40 W, 1965 MHz, 3996 MHz, 100 %, 162731 MiB
2026/08/03 13:02:55.939, 5, P0, 36, 253.04 W, 1965 MHz, 3996 MHz, 100 %, 162731 MiB
2026/08/03 13:02:55.939, 6, P0, 33, 249.41 W, 1965 MHz, 3996 MHz, 100 %, 162731 MiB
2026/08/03 13:02:55.939, 7, P0, 37, 252.11 W, 1965 MHz, 3996 MHz, 100 %, 161771 MiB
2026/08/03 13:02:56.939, 0, P0, 36, 246.01 W, 1965 MHz, 3996 MHz, 100 %, 162539 MiB
2026/08/03 13:02:56.939, 1, P0, 33, 248.38 W, 1965 MHz, 3996 MHz, 100 %, 162733 MiB
2026/08/03 13:02:56.939, 2, P0, 36, 242.47 W, 1965 MHz, 3996 MHz, 0 %, 162733 MiB
2026/08/03 13:02:56.939, 3, P0, 33, 247.59 W, 1965 MHz, 3996 MHz, 100 %, 162731 MiB
2026/08/03 13:02:56.939, 4, P0, 34, 244.15 W, 1965 MHz, 3996 MHz, 100 %, 162731 MiB
2026/08/03 13:02:56.939, 5, P0, 36, 253.30 W, 1965 MHz, 3996 MHz, 100 %, 162731 MiB
2026/08/03 13:02:56.939, 6, P0, 33, 249.43 W, 1965 MHz, 3996 MHz, 18 %, 162731 MiB
2026/08/03 13:02:56.939, 7, P0, 37, 251.98 W, 1965 MHz, 3996 MHz, 100 %, 161771 MiB
2026/08/03 13:02:57.939, 0, P0, 36, 251.08 W, 1965 MHz, 3996 MHz, 100 %, 162539 MiB
2026/08/03 13:02:57.939, 1, P0, 33, 248.42 W, 1965 MHz, 3996 MHz, 100 %, 162733 MiB
2026/08/03 13:02:57.939, 2, P0, 36, 236.97 W, 1965 MHz, 3996 MHz, 0 %, 162733 MiB
2026/08/03 13:02:57.939, 3, P0, 33, 247.24 W, 1965 MHz, 3996 MHz, 100 %, 162731 MiB
2026/08/03 13:02:57.939, 4, P0, 34, 244.23 W, 1965 MHz, 3996 MHz, 100 %, 162731 MiB
2026/08/03 13:02:57.939, 5, P0, 36, 253.05 W, 1965 MHz, 3996 MHz, 100 %, 162731 MiB
2026/08/03 13:02:57.939, 6, P0, 33, 243.11 W, 1965 MHz, 3996 MHz, 0 %, 162731 MiB
2026/08/03 13:02:57.939, 7, P0, 37, 251.81 W, 1965 MHz, 3996 MHz, 100 %, 161771 MiB
2026/08/03 13:02:58.939, 0, P0, 36, 251.02 W, 1965 MHz, 3996 MHz, 67 %, 162539 MiB
2026/08/03 13:02:58.939, 1, P0, 33, 249.05 W, 1965 MHz, 3996 MHz, 52 %, 162733 MiB
2026/08/03 13:02:58.939, 2, P0, 36, 245.78 W, 1965 MHz, 3996 MHz, 91 %, 162733 MiB
2026/08/03 13:02:58.939, 3, P0, 33, 248.59 W, 1965 MHz, 3996 MHz, 70 %, 162731 MiB
2026/08/03 13:02:58.939, 4, P0, 34, 245.47 W, 1965 MHz, 3996 MHz, 78 %, 162731 MiB
2026/08/03 13:02:58.939, 5, P0, 36, 253.60 W, 1965 MHz, 3996 MHz, 50 %, 162731 MiB
2026/08/03 13:02:58.939, 6, P0, 33, 246.91 W, 1965 MHz, 3996 MHz, 6 %, 162731 MiB
2026/08/03 13:02:58.939, 7, P0, 37, 252.19 W, 1965 MHz, 3996 MHz, 87 %, 161771 MiB
2026/08/03 13:02:59.939, 0, P0, 36, 252.51 W, 1965 MHz, 3996 MHz, 84 %, 162539 MiB
2026/08/03 13:02:59.940, 1, P0, 33, 249.79 W, 1965 MHz, 3996 MHz, 30 %, 162733 MiB
2026/08/03 13:02:59.940, 2, P0, 36, 246.86 W, 1965 MHz, 3996 MHz, 87 %, 162733 MiB
2026/08/03 13:02:59.940, 3, P0, 33, 249.69 W, 1965 MHz, 3996 MHz, 88 %, 162731 MiB
2026/08/03 13:02:59.940, 4, P0, 34, 246.46 W, 1965 MHz, 3996 MHz, 79 %, 162731 MiB
2026/08/03 13:02:59.940, 5, P0, 36, 254.46 W, 1965 MHz, 3996 MHz, 61 %, 162731 MiB
2026/08/03 13:02:59.940, 6, P0, 33, 246.79 W, 1965 MHz, 3996 MHz, 38 %, 162731 MiB
2026/08/03 13:02:59.940, 7, P0, 37, 252.96 W, 1965 MHz, 3996 MHz, 86 %, 161771 MiB
2026/08/03 13:03:00.940, 0, P0, 36, 252.52 W, 1965 MHz, 3996 MHz, 79 %, 162539 MiB
2026/08/03 13:03:00.940, 1, P0, 33, 250.06 W, 1965 MHz, 3996 MHz, 94 %, 162733 MiB
2026/08/03 13:03:00.940, 2, P0, 36, 246.99 W, 1965 MHz, 3996 MHz, 83 %, 162733 MiB
2026/08/03 13:03:00.940, 3, P0, 33, 249.75 W, 1965 MHz, 3996 MHz, 89 %, 162731 MiB
2026/08/03 13:03:00.940, 4, P0, 34, 245.71 W, 1965 MHz, 3996 MHz, 87 %, 162731 MiB
2026/08/03 13:03:00.940, 5, P0, 36, 252.96 W, 1965 MHz, 3996 MHz, 30 %, 162731 MiB
2026/08/03 13:03:00.940, 6, P0, 33, 247.36 W, 1965 MHz, 3996 MHz, 6 %, 162731 MiB
2026/08/03 13:03:00.940, 7, P0, 37, 252.24 W, 1965 MHz, 3996 MHz, 72 %, 161771 MiB
2026/08/03 13:03:01.940, 0, P0, 36, 252.07 W, 1965 MHz, 3996 MHz, 78 %, 162539 MiB
2026/08/03 13:03:01.940, 1, P0, 33, 249.97 W, 1965 MHz, 3996 MHz, 60 %, 162733 MiB
2026/08/03 13:03:01.940, 2, P0, 36, 246.74 W, 1965 MHz, 3996 MHz, 90 %, 162733 MiB
2026/08/03 13:03:01.940, 3, P0, 33, 249.22 W, 1965 MHz, 3996 MHz, 78 %, 162731 MiB
2026/08/03 13:03:01.940, 4, P0, 34, 246.25 W, 1965 MHz, 3996 MHz, 75 %, 162731 MiB
2026/08/03 13:03:01.940, 5, P0, 36, 254.41 W, 1965 MHz, 3996 MHz, 65 %, 162731 MiB
2026/08/03 13:03:01.940, 6, P0, 33, 246.14 W, 1965 MHz, 3996 MHz, 6 %, 162731 MiB
2026/08/03 13:03:01.940, 7, P0, 37, 252.97 W, 1965 MHz, 3996 MHz, 86 %, 161771 MiB
2026/08/03 13:03:02.940, 0, P0, 36, 252.80 W, 1965 MHz, 3996 MHz, 89 %, 162539 MiB
2026/08/03 13:03:02.940, 1, P0, 33, 250.12 W, 1965 MHz, 3996 MHz, 84 %, 162733 MiB
2026/08/03 13:03:02.940, 2, P0, 36, 247.03 W, 1965 MHz, 3996 MHz, 93 %, 162733 MiB
2026/08/03 13:03:02.940, 3, P0, 33, 248.58 W, 1965 MHz, 3996 MHz, 91 %, 162731 MiB
2026/08/03 13:03:02.940, 4, P0, 34, 245.88 W, 1965 MHz, 3996 MHz, 91 %, 162731 MiB
2026/08/03 13:03:02.940, 5, P0, 36, 253.08 W, 1965 MHz, 3996 MHz, 7 %, 162731 MiB
2026/08/03 13:03:02.940, 6, P0, 33, 247.70 W, 1965 MHz, 3996 MHz, 34 %, 162731 MiB
2026/08/03 13:03:02.940, 7, P0, 37, 253.02 W, 1965 MHz, 3996 MHz, 84 %, 161771 MiB
2026/08/03 13:03:03.941, 0, P0, 36, 252.01 W, 1965 MHz, 3996 MHz, 70 %, 162539 MiB
2026/08/03 13:03:03.941, 1, P0, 33, 250.33 W, 1965 MHz, 3996 MHz, 80 %, 162733 MiB
2026/08/03 13:03:03.941, 2, P0, 36, 246.80 W, 1965 MHz, 3996 MHz, 85 %, 162733 MiB
2026/08/03 13:03:03.941, 3, P0, 33, 249.65 W, 1965 MHz, 3996 MHz, 73 %, 162731 MiB
2026/08/03 13:03:03.941, 4, P0, 34, 246.09 W, 1965 MHz, 3996 MHz, 80 %, 162731 MiB
2026/08/03 13:03:03.941, 5, P0, 36, 251.68 W, 1965 MHz, 3996 MHz, 53 %, 162731 MiB
2026/08/03 13:03:03.941, 6, P0, 33, 249.09 W, 1965 MHz, 3996 MHz, 64 %, 162731 MiB
2026/08/03 13:03:03.941, 7, P0, 37, 252.80 W, 1965 MHz, 3996 MHz, 73 %, 161771 MiB
2026/08/03 13:03:04.941, 0, P0, 36, 252.81 W, 1965 MHz, 3996 MHz, 98 %, 162539 MiB
2026/08/03 13:03:04.941, 1, P0, 33, 250.48 W, 1965 MHz, 3996 MHz, 94 %, 162733 MiB
2026/08/03 13:03:04.941, 2, P0, 36, 245.93 W, 1965 MHz, 3996 MHz, 5 %, 162733 MiB
2026/08/03 13:03:04.941, 3, P0, 33, 249.43 W, 1965 MHz, 3996 MHz, 90 %, 162731 MiB
2026/08/03 13:03:04.941, 4, P0, 34, 245.97 W, 1965 MHz, 3996 MHz, 94 %, 162731 MiB
2026/08/03 13:03:04.941, 5, P0, 36, 252.80 W, 1965 MHz, 3996 MHz, 64 %, 162731 MiB
2026/08/03 13:03:04.941, 6, P0, 33, 247.89 W, 1965 MHz, 3996 MHz, 26 %, 162731 MiB
2026/08/03 13:03:04.941, 7, P0, 37, 253.06 W, 1965 MHz, 3996 MHz, 77 %, 161771 MiB
2026/08/03 13:03:05.941, 0, P0, 36, 253.24 W, 1965 MHz, 3996 MHz, 70 %, 162539 MiB
2026/08/03 13:03:05.941, 1, P0, 33, 250.49 W, 1965 MHz, 3996 MHz, 87 %, 162733 MiB
2026/08/03 13:03:05.941, 2, P0, 36, 246.77 W, 1965 MHz, 3996 MHz, 88 %, 162733 MiB
2026/08/03 13:03:05.941, 3, P0, 33, 249.16 W, 1965 MHz, 3996 MHz, 84 %, 162731 MiB
2026/08/03 13:03:05.941, 4, P0, 34, 245.37 W, 1965 MHz, 3996 MHz, 81 %, 162731 MiB
2026/08/03 13:03:05.941, 5, P0, 36, 251.86 W, 1965 MHz, 3996 MHz, 70 %, 162731 MiB
2026/08/03 13:03:05.941, 6, P0, 33, 248.28 W, 1965 MHz, 3996 MHz, 47 %, 162731 MiB
2026/08/03 13:03:05.941, 7, P0, 37, 252.82 W, 1965 MHz, 3996 MHz, 74 %, 161771 MiB
2026/08/03 13:03:06.941, 0, P0, 36, 251.80 W, 1965 MHz, 3996 MHz, 61 %, 162539 MiB
2026/08/03 13:03:06.941, 1, P0, 33, 250.25 W, 1965 MHz, 3996 MHz, 77 %, 162733 MiB
2026/08/03 13:03:06.941, 2, P0, 36, 247.08 W, 1965 MHz, 3996 MHz, 87 %, 162733 MiB
2026/08/03 13:03:06.941, 3, P0, 33, 249.66 W, 1965 MHz, 3996 MHz, 77 %, 162731 MiB
2026/08/03 13:03:06.941, 4, P0, 34, 246.13 W, 1965 MHz, 3996 MHz, 67 %, 162731 MiB
2026/08/03 13:03:06.941, 5, P0, 36, 253.21 W, 1965 MHz, 3996 MHz, 67 %, 162731 MiB
2026/08/03 13:03:06.941, 6, P0, 33, 247.74 W, 1965 MHz, 3996 MHz, 6 %, 162731 MiB
2026/08/03 13:03:06.941, 7, P0, 37, 253.39 W, 1965 MHz, 3996 MHz, 79 %, 161771 MiB
2026/08/03 13:03:07.942, 0, P0, 36, 252.75 W, 1965 MHz, 3996 MHz, 60 %, 162539 MiB
2026/08/03 13:03:07.942, 1, P0, 33, 250.17 W, 1965 MHz, 3996 MHz, 78 %, 162733 MiB
2026/08/03 13:03:07.943, 2, P0, 36, 247.00 W, 1965 MHz, 3996 MHz, 91 %, 162733 MiB
2026/08/03 13:03:07.944, 3, P0, 33, 249.58 W, 1965 MHz, 3996 MHz, 85 %, 162731 MiB
2026/08/03 13:03:07.946, 4, P0, 34, 245.80 W, 1965 MHz, 3996 MHz, 74 %, 162731 MiB
2026/08/03 13:03:07.947, 5, P0, 36, 251.83 W, 1965 MHz, 3996 MHz, 52 %, 162731 MiB
2026/08/03 13:03:07.947, 6, P0, 33, 247.36 W, 1965 MHz, 3996 MHz, 19 %, 162731 MiB
2026/08/03 13:03:07.947, 7, P0, 37, 252.84 W, 1965 MHz, 3996 MHz, 82 %, 161771 MiB
2026/08/03 13:03:08.947, 0, P0, 36, 252.92 W, 1965 MHz, 3996 MHz, 79 %, 162539 MiB
2026/08/03 13:03:08.947, 1, P0, 33, 250.00 W, 1965 MHz, 3996 MHz, 75 %, 162733 MiB
2026/08/03 13:03:08.947, 2, P0, 36, 247.21 W, 1965 MHz, 3996 MHz, 89 %, 162733 MiB
2026/08/03 13:03:08.947, 3, P0, 33, 249.44 W, 1965 MHz, 3996 MHz, 86 %, 162731 MiB
2026/08/03 13:03:08.947, 4, P0, 34, 245.76 W, 1965 MHz, 3996 MHz, 84 %, 162731 MiB
2026/08/03 13:03:08.947, 5, P0, 36, 252.75 W, 1965 MHz, 3996 MHz, 57 %, 162731 MiB
2026/08/03 13:03:08.947, 6, P0, 33, 246.60 W, 1965 MHz, 3996 MHz, 6 %, 162731 MiB
2026/08/03 13:03:08.947, 7, P0, 37, 252.78 W, 1965 MHz, 3996 MHz, 79 %, 161771 MiB
2026/08/03 13:03:09.947, 0, P0, 36, 252.76 W, 1965 MHz, 3996 MHz, 47 %, 162539 MiB
2026/08/03 13:03:09.947, 1, P0, 33, 250.50 W, 1965 MHz, 3996 MHz, 75 %, 162733 MiB
2026/08/03 13:03:09.947, 2, P0, 36, 247.51 W, 1965 MHz, 3996 MHz, 83 %, 162733 MiB
2026/08/03 13:03:09.947, 3, P0, 33, 249.47 W, 1965 MHz, 3996 MHz, 83 %, 162731 MiB
2026/08/03 13:03:09.947, 4, P0, 34, 246.43 W, 1965 MHz, 3996 MHz, 82 %, 162731 MiB
2026/08/03 13:03:09.947, 5, P0, 36, 252.77 W, 1965 MHz, 3996 MHz, 46 %, 162731 MiB
2026/08/03 13:03:09.947, 6, P0, 33, 246.99 W, 1965 MHz, 3996 MHz, 6 %, 162731 MiB
2026/08/03 13:03:09.947, 7, P0, 37, 253.13 W, 1965 MHz, 3996 MHz, 71 %, 161771 MiB
2026/08/03 13:03:10.947, 0, P0, 36, 253.04 W, 1965 MHz, 3996 MHz, 72 %, 162539 MiB
2026/08/03 13:03:10.947, 1, P0, 33, 250.99 W, 1965 MHz, 3996 MHz, 73 %, 162733 MiB
2026/08/03 13:03:10.947, 2, P0, 36, 247.28 W, 1965 MHz, 3996 MHz, 92 %, 162733 MiB
2026/08/03 13:03:10.947, 3, P0, 33, 249.52 W, 1965 MHz, 3996 MHz, 62 %, 162731 MiB
2026/08/03 13:03:10.947, 4, P0, 34, 246.13 W, 1965 MHz, 3996 MHz, 70 %, 162731 MiB
2026/08/03 13:03:10.948, 5, P0, 36, 254.45 W, 1965 MHz, 3996 MHz, 78 %, 162731 MiB
2026/08/03 13:03:10.948, 6, P0, 33, 246.51 W, 1965 MHz, 3996 MHz, 6 %, 162731 MiB
2026/08/03 13:03:10.948, 7, P0, 37, 253.30 W, 1965 MHz, 3996 MHz, 86 %, 161771 MiB
2026/08/03 13:03:11.948, 0, P0, 36, 252.78 W, 1965 MHz, 3996 MHz, 78 %, 162539 MiB
2026/08/03 13:03:11.948, 1, P0, 33, 250.28 W, 1965 MHz, 3996 MHz, 84 %, 162733 MiB
2026/08/03 13:03:11.948, 2, P0, 36, 247.29 W, 1965 MHz, 3996 MHz, 92 %, 162733 MiB
2026/08/03 13:03:11.948, 3, P0, 33, 249.92 W, 1965 MHz, 3996 MHz, 92 %, 162731 MiB
2026/08/03 13:03:11.948, 4, P0, 34, 246.36 W, 1965 MHz, 3996 MHz, 69 %, 162731 MiB
2026/08/03 13:03:11.948, 5, P0, 36, 253.68 W, 1965 MHz, 3996 MHz, 60 %, 162731 MiB
2026/08/03 13:03:11.948, 6, P0, 33, 246.63 W, 1965 MHz, 3996 MHz, 6 %, 162731 MiB
2026/08/03 13:03:11.948, 7, P0, 37, 252.71 W, 1965 MHz, 3996 MHz, 71 %, 161771 MiB
2026/08/03 13:03:12.948, 0, P0, 36, 253.22 W, 1965 MHz, 3996 MHz, 74 %, 162539 MiB
2026/08/03 13:03:12.948, 1, P0, 33, 250.35 W, 1965 MHz, 3996 MHz, 82 %, 162733 MiB
2026/08/03 13:03:12.948, 2, P0, 36, 246.66 W, 1965 MHz, 3996 MHz, 85 %, 162733 MiB
2026/08/03 13:03:12.948, 3, P0, 33, 249.61 W, 1965 MHz, 3996 MHz, 83 %, 162731 MiB
2026/08/03 13:03:12.948, 4, P0, 34, 246.38 W, 1965 MHz, 3996 MHz, 86 %, 162731 MiB
2026/08/03 13:03:12.948, 5, P0, 36, 253.91 W, 1965 MHz, 3996 MHz, 65 %, 162731 MiB
2026/08/03 13:03:12.948, 6, P0, 33, 246.75 W, 1965 MHz, 3996 MHz, 6 %, 162731 MiB
2026/08/03 13:03:12.948, 7, P0, 37, 253.25 W, 1965 MHz, 3996 MHz, 70 %, 161771 MiB
2026/08/03 13:03:13.948, 0, P0, 36, 252.74 W, 1965 MHz, 3996 MHz, 89 %, 162539 MiB
2026/08/03 13:03:13.948, 1, P0, 33, 250.58 W, 1965 MHz, 3996 MHz, 78 %, 162733 MiB
2026/08/03 13:03:13.948, 2, P0, 36, 247.20 W, 1965 MHz, 3996 MHz, 92 %, 162733 MiB
2026/08/03 13:03:13.948, 3, P0, 33, 249.74 W, 1965 MHz, 3996 MHz, 84 %, 162731 MiB
2026/08/03 13:03:13.948, 4, P0, 34, 245.72 W, 1965 MHz, 3996 MHz, 46 %, 162731 MiB
2026/08/03 13:03:13.948, 5, P0, 36, 254.37 W, 1965 MHz, 3996 MHz, 88 %, 162731 MiB
2026/08/03 13:03:13.948, 6, P0, 33, 246.93 W, 1965 MHz, 3996 MHz, 6 %, 162731 MiB
2026/08/03 13:03:13.949, 7, P0, 37, 253.07 W, 1965 MHz, 3996 MHz, 84 %, 161771 MiB
2026/08/03 13:03:14.949, 0, P0, 36, 253.10 W, 1965 MHz, 3996 MHz, 80 %, 162539 MiB
2026/08/03 13:03:14.949, 1, P0, 33, 250.55 W, 1965 MHz, 3996 MHz, 83 %, 162733 MiB
2026/08/03 13:03:14.949, 2, P0, 36, 247.73 W, 1965 MHz, 3996 MHz, 93 %, 162733 MiB
2026/08/03 13:03:14.949, 3, P0, 33, 249.68 W, 1965 MHz, 3996 MHz, 93 %, 162731 MiB
2026/08/03 13:03:14.949, 4, P0, 34, 246.25 W, 1965 MHz, 3996 MHz, 80 %, 162731 MiB
2026/08/03 13:03:14.949, 5, P0, 36, 254.56 W, 1965 MHz, 3996 MHz, 69 %, 162731 MiB
2026/08/03 13:03:14.949, 6, P0, 33, 246.74 W, 1965 MHz, 3996 MHz, 8 %, 162731 MiB
2026/08/03 13:03:14.949, 7, P0, 37, 253.76 W, 1965 MHz, 3996 MHz, 83 %, 161771 MiB
2026/08/03 13:03:15.949, 0, P0, 36, 253.46 W, 1965 MHz, 3996 MHz, 72 %, 162539 MiB
2026/08/03 13:03:15.949, 1, P0, 33, 250.47 W, 1965 MHz, 3996 MHz, 79 %, 162733 MiB
2026/08/03 13:03:15.949, 2, P0, 36, 247.44 W, 1965 MHz, 3996 MHz, 86 %, 162733 MiB
2026/08/03 13:03:15.949, 3, P0, 33, 249.69 W, 1965 MHz, 3996 MHz, 87 %, 162731 MiB
2026/08/03 13:03:15.949, 4, P0, 34, 246.17 W, 1965 MHz, 3996 MHz, 80 %, 162731 MiB
2026/08/03 13:03:15.949, 5, P0, 36, 253.10 W, 1965 MHz, 3996 MHz, 63 %, 162731 MiB
2026/08/03 13:03:15.949, 6, P0, 33, 247.55 W, 1965 MHz, 3996 MHz, 6 %, 162731 MiB
2026/08/03 13:03:15.949, 7, P0, 37, 253.30 W, 1965 MHz, 3996 MHz, 79 %, 161771 MiB
2026/08/03 13:03:16.949, 0, P0, 36, 253.34 W, 1965 MHz, 3996 MHz, 80 %, 162539 MiB
2026/08/03 13:03:16.949, 1, P0, 33, 249.88 W, 1965 MHz, 3996 MHz, 56 %, 162733 MiB
2026/08/03 13:03:16.949, 2, P0, 36, 247.36 W, 1965 MHz, 3996 MHz, 87 %, 162733 MiB
2026/08/03 13:03:16.949, 3, P0, 33, 249.76 W, 1965 MHz, 3996 MHz, 68 %, 162731 MiB
2026/08/03 13:03:16.949, 4, P0, 34, 246.14 W, 1965 MHz, 3996 MHz, 72 %, 162731 MiB
2026/08/03 13:03:16.949, 5, P0, 36, 254.37 W, 1965 MHz, 3996 MHz, 58 %, 162731 MiB
2026/08/03 13:03:16.949, 6, P0, 33, 246.91 W, 1965 MHz, 3996 MHz, 8 %, 162731 MiB
2026/08/03 13:03:16.949, 7, P0, 37, 253.51 W, 1965 MHz, 3996 MHz, 77 %, 161771 MiB
2026/08/03 13:03:17.950, 0, P0, 36, 252.97 W, 1965 MHz, 3996 MHz, 84 %, 162539 MiB
2026/08/03 13:03:17.950, 1, P0, 33, 250.51 W, 1965 MHz, 3996 MHz, 83 %, 162733 MiB
2026/08/03 13:03:17.950, 2, P0, 36, 247.00 W, 1965 MHz, 3996 MHz, 94 %, 162733 MiB
2026/08/03 13:03:17.950, 3, P0, 33, 249.44 W, 1965 MHz, 3996 MHz, 93 %, 162731 MiB
2026/08/03 13:03:17.950, 4, P0, 34, 246.22 W, 1965 MHz, 3996 MHz, 79 %, 162731 MiB
2026/08/03 13:03:17.950, 5, P0, 36, 253.96 W, 1965 MHz, 3996 MHz, 75 %, 162731 MiB
2026/08/03 13:03:17.950, 6, P0, 33, 246.71 W, 1965 MHz, 3996 MHz, 6 %, 162731 MiB
2026/08/03 13:03:17.950, 7, P0, 37, 253.15 W, 1965 MHz, 3996 MHz, 87 %, 161771 MiB
2026/08/03 13:03:18.950, 0, P0, 36, 252.66 W, 1965 MHz, 3996 MHz, 71 %, 162539 MiB
2026/08/03 13:03:18.950, 1, P0, 33, 250.20 W, 1965 MHz, 3996 MHz, 85 %, 162733 MiB
2026/08/03 13:03:18.950, 2, P0, 36, 246.87 W, 1965 MHz, 3996 MHz, 89 %, 162733 MiB
2026/08/03 13:03:18.950, 3, P0, 33, 250.07 W, 1965 MHz, 3996 MHz, 86 %, 162731 MiB
2026/08/03 13:03:18.950, 4, P0, 34, 246.06 W, 1965 MHz, 3996 MHz, 88 %, 162731 MiB
2026/08/03 13:03:18.950, 5, P0, 36, 254.55 W, 1965 MHz, 3996 MHz, 70 %, 162731 MiB
2026/08/03 13:03:18.950, 6, P0, 33, 246.42 W, 1965 MHz, 3996 MHz, 6 %, 162731 MiB
2026/08/03 13:03:18.950, 7, P0, 37, 253.26 W, 1965 MHz, 3996 MHz, 81 %, 161771 MiB
2026/08/03 13:03:19.950, 0, P0, 39, 275.91 W, 1965 MHz, 3996 MHz, 80 %, 162541 MiB
2026/08/03 13:03:19.950, 1, P0, 34, 259.00 W, 1965 MHz, 3996 MHz, 85 %, 162733 MiB
2026/08/03 13:03:19.950, 2, P0, 37, 270.76 W, 1965 MHz, 3996 MHz, 83 %, 162733 MiB
2026/08/03 13:03:19.950, 3, P0, 33, 262.89 W, 1965 MHz, 3996 MHz, 82 %, 162733 MiB
2026/08/03 13:03:19.950, 4, P0, 35, 268.08 W, 1965 MHz, 3996 MHz, 74 %, 162733 MiB
2026/08/03 13:03:19.950, 5, P0, 38, 277.37 W, 1965 MHz, 3996 MHz, 85 %, 162733 MiB
2026/08/03 13:03:19.950, 6, P0, 33, 247.32 W, 1965 MHz, 3996 MHz, 36 %, 162733 MiB
2026/08/03 13:03:19.950, 7, P0, 38, 258.32 W, 1965 MHz, 3996 MHz, 21 %, 161773 MiB
2026/08/03 13:03:20.950, 0, P0, 36, 259.29 W, 1965 MHz, 3996 MHz, 81 %, 162541 MiB
2026/08/03 13:03:20.950, 1, P0, 34, 254.83 W, 1965 MHz, 3996 MHz, 77 %, 162733 MiB
2026/08/03 13:03:20.950, 2, P0, 37, 255.39 W, 1965 MHz, 3996 MHz, 90 %, 162733 MiB
2026/08/03 13:03:20.950, 3, P0, 33, 268.12 W, 1965 MHz, 3996 MHz, 86 %, 162733 MiB
2026/08/03 13:03:20.950, 4, P0, 34, 251.40 W, 1965 MHz, 3996 MHz, 69 %, 162733 MiB
2026/08/03 13:03:20.950, 5, P0, 36, 259.33 W, 1965 MHz, 3996 MHz, 73 %, 162733 MiB
2026/08/03 13:03:20.951, 6, P0, 33, 264.02 W, 1965 MHz, 3996 MHz, 6 %, 162733 MiB
2026/08/03 13:03:20.951, 7, P0, 37, 275.14 W, 1965 MHz, 3996 MHz, 88 %, 161773 MiB
2026/08/03 13:03:21.951, 0, P0, 36, 257.66 W, 1965 MHz, 3996 MHz, 66 %, 162541 MiB
2026/08/03 13:03:21.951, 1, P0, 34, 255.49 W, 1965 MHz, 3996 MHz, 74 %, 162733 MiB
2026/08/03 13:03:21.951, 2, P0, 36, 252.68 W, 1965 MHz, 3996 MHz, 87 %, 162733 MiB
2026/08/03 13:03:21.951, 3, P0, 33, 255.12 W, 1965 MHz, 3996 MHz, 84 %, 162733 MiB
2026/08/03 13:03:21.951, 4, P0, 34, 250.80 W, 1965 MHz, 3996 MHz, 72 %, 162733 MiB
2026/08/03 13:03:21.951, 5, P0, 36, 259.65 W, 1965 MHz, 3996 MHz, 71 %, 162733 MiB
2026/08/03 13:03:21.951, 6, P0, 33, 246.24 W, 1965 MHz, 3996 MHz, 6 %, 162733 MiB
2026/08/03 13:03:21.951, 7, P0, 37, 258.01 W, 1965 MHz, 3996 MHz, 80 %, 161773 MiB
2026/08/03 13:03:22.951, 0, P0, 36, 279.67 W, 1965 MHz, 3996 MHz, 66 %, 162541 MiB
2026/08/03 13:03:22.951, 1, P0, 34, 261.52 W, 1965 MHz, 3996 MHz, 77 %, 162733 MiB
2026/08/03 13:03:22.951, 2, P0, 37, 274.33 W, 1965 MHz, 3996 MHz, 91 %, 162733 MiB
2026/08/03 13:03:22.951, 3, P0, 33, 260.94 W, 1965 MHz, 3996 MHz, 88 %, 162733 MiB
2026/08/03 13:03:22.951, 4, P0, 34, 253.44 W, 1965 MHz, 3996 MHz, 74 %, 162733 MiB
2026/08/03 13:03:22.951, 5, P0, 36, 280.30 W, 1965 MHz, 3996 MHz, 50 %, 162733 MiB
2026/08/03 13:03:22.951, 6, P0, 33, 260.28 W, 1965 MHz, 3996 MHz, 6 %, 162733 MiB
2026/08/03 13:03:22.951, 7, P0, 38, 279.25 W, 1965 MHz, 3996 MHz, 89 %, 161773 MiB
2026/08/03 13:03:23.951, 0, P0, 36, 258.24 W, 1965 MHz, 3996 MHz, 76 %, 162541 MiB
2026/08/03 13:03:23.951, 1, P0, 34, 255.93 W, 1965 MHz, 3996 MHz, 83 %, 162733 MiB
2026/08/03 13:03:23.951, 2, P0, 37, 252.38 W, 1965 MHz, 3996 MHz, 89 %, 162733 MiB
2026/08/03 13:03:23.951, 3, P0, 33, 255.75 W, 1965 MHz, 3996 MHz, 90 %, 162733 MiB
2026/08/03 13:03:23.951, 4, P0, 34, 251.62 W, 1965 MHz, 3996 MHz, 86 %, 162733 MiB
2026/08/03 13:03:23.951, 5, P0, 36, 257.45 W, 1965 MHz, 3996 MHz, 66 %, 162733 MiB
2026/08/03 13:03:23.951, 6, P0, 33, 246.62 W, 1965 MHz, 3996 MHz, 5 %, 162733 MiB
2026/08/03 13:03:23.951, 7, P0, 37, 257.86 W, 1965 MHz, 3996 MHz, 78 %, 161773 MiB
2026/08/03 13:03:24.951, 0, P0, 36, 275.20 W, 1965 MHz, 3996 MHz, 82 %, 162541 MiB
2026/08/03 13:03:24.952, 1, P0, 34, 258.58 W, 1965 MHz, 3996 MHz, 81 %, 162733 MiB
2026/08/03 13:03:24.952, 2, P0, 37, 273.19 W, 1965 MHz, 3996 MHz, 90 %, 162733 MiB
2026/08/03 13:03:24.952, 3, P0, 33, 262.29 W, 1965 MHz, 3996 MHz, 87 %, 162733 MiB
2026/08/03 13:03:24.952, 4, P0, 34, 255.96 W, 1965 MHz, 3996 MHz, 86 %, 162733 MiB
2026/08/03 13:03:24.952, 5, P0, 36, 279.42 W, 1965 MHz, 3996 MHz, 47 %, 162733 MiB
2026/08/03 13:03:24.952, 6, P0, 33, 256.74 W, 1965 MHz, 3996 MHz, 6 %, 162733 MiB
2026/08/03 13:03:24.952, 7, P0, 38, 278.05 W, 1965 MHz, 3996 MHz, 82 %, 161773 MiB
2026/08/03 13:03:25.952, 0, P0, 36, 257.18 W, 1965 MHz, 3996 MHz, 72 %, 162541 MiB
2026/08/03 13:03:25.952, 1, P0, 34, 256.02 W, 1965 MHz, 3996 MHz, 82 %, 162733 MiB
2026/08/03 13:03:25.952, 2, P0, 37, 252.75 W, 1965 MHz, 3996 MHz, 88 %, 162733 MiB
2026/08/03 13:03:25.952, 3, P0, 33, 254.74 W, 1965 MHz, 3996 MHz, 90 %, 162733 MiB
2026/08/03 13:03:25.952, 4, P0, 34, 251.54 W, 1965 MHz, 3996 MHz, 81 %, 162733 MiB
2026/08/03 13:03:25.952, 5, P0, 36, 258.61 W, 1965 MHz, 3996 MHz, 41 %, 162733 MiB
2026/08/03 13:03:25.952, 6, P0, 33, 246.78 W, 1965 MHz, 3996 MHz, 8 %, 162733 MiB
2026/08/03 13:03:25.952, 7, P0, 37, 258.25 W, 1965 MHz, 3996 MHz, 86 %, 161773 MiB
2026/08/03 13:03:26.952, 0, P0, 36, 277.71 W, 1965 MHz, 3996 MHz, 77 %, 162541 MiB
2026/08/03 13:03:26.952, 1, P0, 34, 260.07 W, 1965 MHz, 3996 MHz, 56 %, 162733 MiB
2026/08/03 13:03:26.952, 2, P0, 37, 275.18 W, 1965 MHz, 3996 MHz, 90 %, 162733 MiB
2026/08/03 13:03:26.952, 3, P0, 33, 264.16 W, 1965 MHz, 3996 MHz, 78 %, 162733 MiB
2026/08/03 13:03:26.952, 4, P0, 34, 253.05 W, 1965 MHz, 3996 MHz, 83 %, 162733 MiB
2026/08/03 13:03:26.952, 5, P0, 37, 281.31 W, 1965 MHz, 3996 MHz, 49 %, 162733 MiB
2026/08/03 13:03:26.952, 6, P0, 33, 261.32 W, 1965 MHz, 3996 MHz, 6 %, 162733 MiB
2026/08/03 13:03:26.952, 7, P0, 38, 279.23 W, 1965 MHz, 3996 MHz, 85 %, 161773 MiB
2026/08/03 13:03:27.952, 0, P0, 36, 257.98 W, 1965 MHz, 3996 MHz, 72 %, 162541 MiB
2026/08/03 13:03:27.952, 1, P0, 34, 256.25 W, 1965 MHz, 3996 MHz, 89 %, 162733 MiB
2026/08/03 13:03:27.952, 2, P0, 37, 252.83 W, 1965 MHz, 3996 MHz, 83 %, 162733 MiB
2026/08/03 13:03:27.952, 3, P0, 33, 256.28 W, 1965 MHz, 3996 MHz, 89 %, 162733 MiB
2026/08/03 13:03:27.952, 4, P0, 34, 252.13 W, 1965 MHz, 3996 MHz, 80 %, 162733 MiB
2026/08/03 13:03:27.952, 5, P0, 36, 257.77 W, 1965 MHz, 3996 MHz, 68 %, 162733 MiB
2026/08/03 13:03:27.952, 6, P0, 33, 247.47 W, 1965 MHz, 3996 MHz, 6 %, 162733 MiB
2026/08/03 13:03:27.953, 7, P0, 37, 258.42 W, 1965 MHz, 3996 MHz, 74 %, 161773 MiB
2026/08/03 13:03:28.953, 0, P0, 36, 258.63 W, 1965 MHz, 3996 MHz, 72 %, 162541 MiB
2026/08/03 13:03:28.953, 1, P0, 34, 257.10 W, 1965 MHz, 3996 MHz, 78 %, 162733 MiB
2026/08/03 13:03:28.953, 2, P0, 37, 253.77 W, 1965 MHz, 3996 MHz, 82 %, 162733 MiB
2026/08/03 13:03:28.953, 3, P0, 33, 255.64 W, 1965 MHz, 3996 MHz, 79 %, 162733 MiB
2026/08/03 13:03:28.953, 4, P0, 34, 251.28 W, 1965 MHz, 3996 MHz, 70 %, 162733 MiB
2026/08/03 13:03:28.953, 5, P0, 36, 258.40 W, 1965 MHz, 3996 MHz, 43 %, 162733 MiB
2026/08/03 13:03:28.953, 6, P0, 33, 247.80 W, 1965 MHz, 3996 MHz, 6 %, 162733 MiB
2026/08/03 13:03:28.953, 7, P0, 37, 257.33 W, 1965 MHz, 3996 MHz, 73 %, 161773 MiB
2026/08/03 13:03:29.953, 0, P0, 36, 257.88 W, 1965 MHz, 3996 MHz, 76 %, 162541 MiB
2026/08/03 13:03:29.953, 1, P0, 34, 255.96 W, 1965 MHz, 3996 MHz, 74 %, 162733 MiB
2026/08/03 13:03:29.953, 2, P0, 37, 253.63 W, 1965 MHz, 3996 MHz, 90 %, 162733 MiB
2026/08/03 13:03:29.953, 3, P0, 33, 256.05 W, 1965 MHz, 3996 MHz, 84 %, 162733 MiB
2026/08/03 13:03:29.953, 4, P0, 34, 251.33 W, 1965 MHz, 3996 MHz, 72 %, 162733 MiB
2026/08/03 13:03:29.953, 5, P0, 36, 258.28 W, 1965 MHz, 3996 MHz, 48 %, 162733 MiB
2026/08/03 13:03:29.953, 6, P0, 33, 246.21 W, 1965 MHz, 3996 MHz, 5 %, 162733 MiB
2026/08/03 13:03:29.953, 7, P0, 37, 258.35 W, 1965 MHz, 3996 MHz, 87 %, 161773 MiB
2026/08/03 13:03:30.953, 0, P0, 36, 258.01 W, 1965 MHz, 3996 MHz, 75 %, 162541 MiB
2026/08/03 13:03:30.953, 1, P0, 34, 255.95 W, 1965 MHz, 3996 MHz, 76 %, 162733 MiB
2026/08/03 13:03:30.953, 2, P0, 37, 253.79 W, 1965 MHz, 3996 MHz, 91 %, 162733 MiB
2026/08/03 13:03:30.953, 3, P0, 33, 256.52 W, 1965 MHz, 3996 MHz, 90 %, 162733 MiB
2026/08/03 13:03:30.953, 4, P0, 34, 251.82 W, 1965 MHz, 3996 MHz, 78 %, 162733 MiB
2026/08/03 13:03:30.953, 5, P0, 36, 257.81 W, 1965 MHz, 3996 MHz, 59 %, 162733 MiB
2026/08/03 13:03:30.953, 6, P0, 33, 246.94 W, 1965 MHz, 3996 MHz, 5 %, 162733 MiB
2026/08/03 13:03:30.953, 7, P0, 37, 258.13 W, 1965 MHz, 3996 MHz, 81 %, 161773 MiB
2026/08/03 13:03:31.953, 0, P0, 36, 257.88 W, 1965 MHz, 3996 MHz, 72 %, 162541 MiB
2026/08/03 13:03:31.954, 1, P0, 34, 256.27 W, 1965 MHz, 3996 MHz, 75 %, 162733 MiB
2026/08/03 13:03:31.954, 2, P0, 37, 253.20 W, 1965 MHz, 3996 MHz, 88 %, 162733 MiB
2026/08/03 13:03:31.954, 3, P0, 33, 255.74 W, 1965 MHz, 3996 MHz, 87 %, 162733 MiB
2026/08/03 13:03:31.954, 4, P0, 34, 251.07 W, 1965 MHz, 3996 MHz, 89 %, 162733 MiB
2026/08/03 13:03:31.954, 5, P0, 36, 255.84 W, 1965 MHz, 3996 MHz, 39 %, 162733 MiB
2026/08/03 13:03:31.954, 6, P0, 33, 247.83 W, 1965 MHz, 3996 MHz, 30 %, 162733 MiB
2026/08/03 13:03:31.954, 7, P0, 37, 258.17 W, 1965 MHz, 3996 MHz, 72 %, 161773 MiB
2026/08/03 13:03:32.954, 0, P0, 36, 259.15 W, 1965 MHz, 3996 MHz, 73 %, 162541 MiB
2026/08/03 13:03:32.954, 1, P0, 34, 257.26 W, 1965 MHz, 3996 MHz, 84 %, 162733 MiB
2026/08/03 13:03:32.954, 2, P0, 37, 253.82 W, 1965 MHz, 3996 MHz, 84 %, 162733 MiB
2026/08/03 13:03:32.954, 3, P0, 33, 257.00 W, 1965 MHz, 3996 MHz, 83 %, 162733 MiB
2026/08/03 13:03:32.954, 4, P0, 34, 252.64 W, 1965 MHz, 3996 MHz, 75 %, 162733 MiB
2026/08/03 13:03:32.954, 5, P0, 36, 257.60 W, 1965 MHz, 3996 MHz, 69 %, 162733 MiB
2026/08/03 13:03:32.954, 6, P0, 33, 247.04 W, 1965 MHz, 3996 MHz, 6 %, 162733 MiB
2026/08/03 13:03:32.954, 7, P0, 37, 258.86 W, 1965 MHz, 3996 MHz, 80 %, 161773 MiB
2026/08/03 13:03:33.954, 0, P0, 36, 258.22 W, 1965 MHz, 3996 MHz, 74 %, 162541 MiB
2026/08/03 13:03:33.954, 1, P0, 34, 256.33 W, 1965 MHz, 3996 MHz, 79 %, 162733 MiB
2026/08/03 13:03:33.954, 2, P0, 37, 253.59 W, 1965 MHz, 3996 MHz, 84 %, 162733 MiB
2026/08/03 13:03:33.954, 3, P0, 33, 255.80 W, 1965 MHz, 3996 MHz, 86 %, 162733 MiB
2026/08/03 13:03:33.954, 4, P0, 34, 251.79 W, 1965 MHz, 3996 MHz, 70 %, 162733 MiB
2026/08/03 13:03:33.954, 5, P0, 36, 259.01 W, 1965 MHz, 3996 MHz, 67 %, 162733 MiB
2026/08/03 13:03:33.954, 6, P0, 33, 246.99 W, 1965 MHz, 3996 MHz, 6 %, 162733 MiB
2026/08/03 13:03:33.954, 7, P0, 37, 258.26 W, 1965 MHz, 3996 MHz, 74 %, 161773 MiB
2026/08/03 13:03:34.954, 0, P0, 36, 262.49 W, 1965 MHz, 3996 MHz, 68 %, 162541 MiB
2026/08/03 13:03:34.954, 1, P0, 34, 259.24 W, 1965 MHz, 3996 MHz, 80 %, 162733 MiB
2026/08/03 13:03:34.954, 2, P0, 37, 253.65 W, 1965 MHz, 3996 MHz, 92 %, 162733 MiB
2026/08/03 13:03:34.954, 3, P0, 33, 256.39 W, 1965 MHz, 3996 MHz, 90 %, 162733 MiB
2026/08/03 13:03:34.954, 4, P0, 34, 251.91 W, 1965 MHz, 3996 MHz, 46 %, 162733 MiB
2026/08/03 13:03:34.954, 5, P0, 36, 258.93 W, 1965 MHz, 3996 MHz, 51 %, 162733 MiB
2026/08/03 13:03:34.954, 6, P0, 33, 246.73 W, 1965 MHz, 3996 MHz, 6 %, 162733 MiB
2026/08/03 13:03:34.954, 7, P0, 37, 258.67 W, 1965 MHz, 3996 MHz, 88 %, 161773 MiB
2026/08/03 13:03:35.955, 0, P0, 36, 273.38 W, 1965 MHz, 3996 MHz, 76 %, 162541 MiB
2026/08/03 13:03:35.955, 1, P0, 34, 257.66 W, 1965 MHz, 3996 MHz, 82 %, 162733 MiB
2026/08/03 13:03:35.955, 2, P0, 37, 274.19 W, 1965 MHz, 3996 MHz, 91 %, 162733 MiB
2026/08/03 13:03:35.955, 3, P0, 33, 269.56 W, 1965 MHz, 3996 MHz, 91 %, 162733 MiB
2026/08/03 13:03:35.955, 4, P0, 34, 254.78 W, 1965 MHz, 3996 MHz, 80 %, 162733 MiB
2026/08/03 13:03:35.955, 5, P0, 36, 275.97 W, 1965 MHz, 3996 MHz, 68 %, 162733 MiB
2026/08/03 13:03:35.955, 6, P0, 33, 261.15 W, 1965 MHz, 3996 MHz, 6 %, 162733 MiB
2026/08/03 13:03:35.955, 7, P0, 38, 276.97 W, 1965 MHz, 3996 MHz, 87 %, 161773 MiB
2026/08/03 13:03:36.955, 0, P0, 36, 258.57 W, 1965 MHz, 3996 MHz, 80 %, 162541 MiB
2026/08/03 13:03:36.955, 1, P0, 34, 256.50 W, 1965 MHz, 3996 MHz, 69 %, 162733 MiB
2026/08/03 13:03:36.955, 2, P0, 37, 253.60 W, 1965 MHz, 3996 MHz, 93 %, 162733 MiB
2026/08/03 13:03:36.955, 3, P0, 33, 256.36 W, 1965 MHz, 3996 MHz, 92 %, 162733 MiB
2026/08/03 13:03:36.955, 4, P0, 34, 252.32 W, 1965 MHz, 3996 MHz, 68 %, 162733 MiB
2026/08/03 13:03:36.955, 5, P0, 36, 259.81 W, 1965 MHz, 3996 MHz, 72 %, 162733 MiB
2026/08/03 13:03:36.955, 6, P0, 33, 247.12 W, 1965 MHz, 3996 MHz, 6 %, 162733 MiB
2026/08/03 13:03:36.955, 7, P0, 37, 258.23 W, 1965 MHz, 3996 MHz, 87 %, 161773 MiB
2026/08/03 13:03:37.955, 0, P0, 36, 277.33 W, 1965 MHz, 3996 MHz, 84 %, 162541 MiB
2026/08/03 13:03:37.955, 1, P0, 34, 261.35 W, 1965 MHz, 3996 MHz, 81 %, 162733 MiB
2026/08/03 13:03:37.955, 2, P0, 37, 275.28 W, 1965 MHz, 3996 MHz, 90 %, 162733 MiB
2026/08/03 13:03:37.955, 3, P0, 33, 267.47 W, 1965 MHz, 3996 MHz, 90 %, 162733 MiB
2026/08/03 13:03:37.955, 4, P0, 34, 254.53 W, 1965 MHz, 3996 MHz, 79 %, 162733 MiB
2026/08/03 13:03:37.955, 5, P0, 37, 280.13 W, 1965 MHz, 3996 MHz, 73 %, 162733 MiB
2026/08/03 13:03:37.955, 6, P0, 33, 253.54 W, 1965 MHz, 3996 MHz, 6 %, 162733 MiB
2026/08/03 13:03:37.955, 7, P0, 38, 279.75 W, 1965 MHz, 3996 MHz, 86 %, 161773 MiB
2026/08/03 13:03:38.955, 0, P0, 36, 258.05 W, 1965 MHz, 3996 MHz, 71 %, 162541 MiB
2026/08/03 13:03:38.955, 1, P0, 34, 255.95 W, 1965 MHz, 3996 MHz, 83 %, 162733 MiB
2026/08/03 13:03:38.956, 2, P0, 37, 253.24 W, 1965 MHz, 3996 MHz, 83 %, 162733 MiB
2026/08/03 13:03:38.956, 3, P0, 33, 256.75 W, 1965 MHz, 3996 MHz, 91 %, 162733 MiB
2026/08/03 13:03:38.956, 4, P0, 34, 251.80 W, 1965 MHz, 3996 MHz, 82 %, 162733 MiB
2026/08/03 13:03:38.956, 5, P0, 36, 258.37 W, 1965 MHz, 3996 MHz, 73 %, 162733 MiB
2026/08/03 13:03:38.956, 6, P0, 33, 246.65 W, 1965 MHz, 3996 MHz, 5 %, 162733 MiB
2026/08/03 13:03:38.956, 7, P0, 38, 258.36 W, 1965 MHz, 3996 MHz, 69 %, 161773 MiB
2026/08/03 13:03:39.956, 0, P0, 36, 258.69 W, 1965 MHz, 3996 MHz, 74 %, 162541 MiB
2026/08/03 13:03:39.956, 1, P0, 34, 257.56 W, 1965 MHz, 3996 MHz, 89 %, 162733 MiB
2026/08/03 13:03:39.956, 2, P0, 37, 253.66 W, 1965 MHz, 3996 MHz, 76 %, 162733 MiB
2026/08/03 13:03:39.956, 3, P0, 33, 256.62 W, 1965 MHz, 3996 MHz, 88 %, 162733 MiB
2026/08/03 13:03:39.956, 4, P0, 34, 252.99 W, 1965 MHz, 3996 MHz, 78 %, 162733 MiB
2026/08/03 13:03:39.956, 5, P0, 36, 258.88 W, 1965 MHz, 3996 MHz, 50 %, 162733 MiB
2026/08/03 13:03:39.956, 6, P0, 33, 247.25 W, 1965 MHz, 3996 MHz, 6 %, 162733 MiB
2026/08/03 13:03:39.956, 7, P0, 38, 259.05 W, 1965 MHz, 3996 MHz, 75 %, 161773 MiB
2026/08/03 13:03:40.956, 0, P0, 36, 259.16 W, 1965 MHz, 3996 MHz, 79 %, 162541 MiB
2026/08/03 13:03:40.956, 1, P0, 34, 256.74 W, 1965 MHz, 3996 MHz, 83 %, 162733 MiB
2026/08/03 13:03:40.956, 2, P0, 37, 252.57 W, 1965 MHz, 3996 MHz, 27 %, 162733 MiB
2026/08/03 13:03:40.956, 3, P0, 33, 256.40 W, 1965 MHz, 3996 MHz, 83 %, 162733 MiB
2026/08/03 13:03:40.956, 4, P0, 34, 252.40 W, 1965 MHz, 3996 MHz, 88 %, 162733 MiB
2026/08/03 13:03:40.956, 5, P0, 36, 259.45 W, 1965 MHz, 3996 MHz, 85 %, 162733 MiB
2026/08/03 13:03:40.956, 6, P0, 33, 247.21 W, 1965 MHz, 3996 MHz, 6 %, 162733 MiB
2026/08/03 13:03:40.956, 7, P0, 38, 258.95 W, 1965 MHz, 3996 MHz, 83 %, 161773 MiB
2026/08/03 13:03:41.956, 0, P0, 36, 258.42 W, 1965 MHz, 3996 MHz, 80 %, 162541 MiB
2026/08/03 13:03:41.956, 1, P0, 34, 256.73 W, 1965 MHz, 3996 MHz, 72 %, 162733 MiB
2026/08/03 13:03:41.956, 2, P0, 37, 253.94 W, 1965 MHz, 3996 MHz, 90 %, 162733 MiB
2026/08/03 13:03:41.956, 3, P0, 33, 255.99 W, 1965 MHz, 3996 MHz, 78 %, 162733 MiB
2026/08/03 13:03:41.956, 4, P0, 34, 251.88 W, 1965 MHz, 3996 MHz, 80 %, 162733 MiB
2026/08/03 13:03:41.956, 5, P0, 36, 259.11 W, 1965 MHz, 3996 MHz, 54 %, 162733 MiB
2026/08/03 13:03:41.956, 6, P0, 33, 247.16 W, 1965 MHz, 3996 MHz, 16 %, 162733 MiB
2026/08/03 13:03:41.956, 7, P0, 37, 258.67 W, 1965 MHz, 3996 MHz, 79 %, 161773 MiB
2026/08/03 13:03:42.957, 0, P0, 36, 259.76 W, 1965 MHz, 3996 MHz, 69 %, 162541 MiB
2026/08/03 13:03:42.957, 1, P0, 34, 257.38 W, 1965 MHz, 3996 MHz, 88 %, 162733 MiB
2026/08/03 13:03:42.957, 2, P0, 37, 253.58 W, 1965 MHz, 3996 MHz, 88 %, 162733 MiB
2026/08/03 13:03:42.957, 3, P0, 33, 256.17 W, 1965 MHz, 3996 MHz, 89 %, 162733 MiB
2026/08/03 13:03:42.957, 4, P0, 34, 252.79 W, 1965 MHz, 3996 MHz, 88 %, 162733 MiB
2026/08/03 13:03:42.957, 5, P0, 36, 256.40 W, 1965 MHz, 3996 MHz, 45 %, 162733 MiB
2026/08/03 13:03:42.957, 6, P0, 33, 248.61 W, 1965 MHz, 3996 MHz, 5 %, 162733 MiB
2026/08/03 13:03:42.957, 7, P0, 38, 258.52 W, 1965 MHz, 3996 MHz, 93 %, 161773 MiB
2026/08/03 13:03:43.957, 0, P0, 36, 258.49 W, 1965 MHz, 3996 MHz, 68 %, 162541 MiB
2026/08/03 13:03:43.957, 1, P0, 34, 255.37 W, 1965 MHz, 3996 MHz, 84 %, 162733 MiB
2026/08/03 13:03:43.957, 2, P0, 37, 252.96 W, 1965 MHz, 3996 MHz, 81 %, 162733 MiB
2026/08/03 13:03:43.957, 3, P0, 33, 255.92 W, 1965 MHz, 3996 MHz, 80 %, 162733 MiB
2026/08/03 13:03:43.957, 4, P0, 34, 251.50 W, 1965 MHz, 3996 MHz, 71 %, 162733 MiB
2026/08/03 13:03:43.957, 5, P0, 36, 254.14 W, 1965 MHz, 3996 MHz, 59 %, 162733 MiB
2026/08/03 13:03:43.957, 6, P0, 33, 249.50 W, 1965 MHz, 3996 MHz, 16 %, 162733 MiB
2026/08/03 13:03:43.957, 7, P0, 37, 258.64 W, 1965 MHz, 3996 MHz, 75 %, 161773 MiB
2026/08/03 13:03:44.957, 0, P0, 36, 258.33 W, 1965 MHz, 3996 MHz, 66 %, 162541 MiB
2026/08/03 13:03:44.957, 1, P0, 34, 256.03 W, 1965 MHz, 3996 MHz, 83 %, 162733 MiB
2026/08/03 13:03:44.957, 2, P0, 37, 252.54 W, 1965 MHz, 3996 MHz, 85 %, 162733 MiB
2026/08/03 13:03:44.957, 3, P0, 33, 256.20 W, 1965 MHz, 3996 MHz, 87 %, 162733 MiB
2026/08/03 13:03:44.957, 4, P0, 34, 250.81 W, 1965 MHz, 3996 MHz, 53 %, 162733 MiB
2026/08/03 13:03:44.957, 5, P0, 36, 256.25 W, 1965 MHz, 3996 MHz, 49 %, 162733 MiB
2026/08/03 13:03:44.957, 6, P0, 33, 247.53 W, 1965 MHz, 3996 MHz, 6 %, 162733 MiB
2026/08/03 13:03:44.957, 7, P0, 37, 258.37 W, 1965 MHz, 3996 MHz, 78 %, 161773 MiB
2026/08/03 13:03:45.957, 0, P0, 36, 257.98 W, 1965 MHz, 3996 MHz, 73 %, 162541 MiB
2026/08/03 13:03:45.957, 1, P0, 34, 256.75 W, 1965 MHz, 3996 MHz, 83 %, 162733 MiB
2026/08/03 13:03:45.957, 2, P0, 37, 253.41 W, 1965 MHz, 3996 MHz, 92 %, 162733 MiB
2026/08/03 13:03:45.957, 3, P0, 33, 255.80 W, 1965 MHz, 3996 MHz, 92 %, 162733 MiB
2026/08/03 13:03:45.958, 4, P0, 34, 251.65 W, 1965 MHz, 3996 MHz, 71 %, 162733 MiB
2026/08/03 13:03:45.958, 5, P0, 36, 258.63 W, 1965 MHz, 3996 MHz, 80 %, 162733 MiB
2026/08/03 13:03:45.958, 6, P0, 33, 246.92 W, 1965 MHz, 3996 MHz, 6 %, 162733 MiB
2026/08/03 13:03:45.958, 7, P0, 37, 258.05 W, 1965 MHz, 3996 MHz, 87 %, 161773 MiB
2026/08/03 13:03:46.958, 0, P0, 36, 258.03 W, 1965 MHz, 3996 MHz, 52 %, 162541 MiB
2026/08/03 13:03:46.958, 1, P0, 34, 256.62 W, 1965 MHz, 3996 MHz, 76 %, 162733 MiB
2026/08/03 13:03:46.958, 2, P0, 37, 253.06 W, 1965 MHz, 3996 MHz, 86 %, 162733 MiB
2026/08/03 13:03:46.958, 3, P0, 33, 255.52 W, 1965 MHz, 3996 MHz, 90 %, 162733 MiB
2026/08/03 13:03:46.958, 4, P0, 34, 252.09 W, 1965 MHz, 3996 MHz, 78 %, 162733 MiB
2026/08/03 13:03:46.958, 5, P0, 36, 258.04 W, 1965 MHz, 3996 MHz, 64 %, 162733 MiB
2026/08/03 13:03:46.958, 6, P0, 33, 246.46 W, 1965 MHz, 3996 MHz, 6 %, 162733 MiB
2026/08/03 13:03:46.958, 7, P0, 38, 258.65 W, 1965 MHz, 3996 MHz, 79 %, 161773 MiB
2026/08/03 13:03:47.958, 0, P0, 36, 258.31 W, 1965 MHz, 3996 MHz, 71 %, 162541 MiB
2026/08/03 13:03:47.958, 1, P0, 34, 256.11 W, 1965 MHz, 3996 MHz, 84 %, 162733 MiB
2026/08/03 13:03:47.958, 2, P0, 37, 253.07 W, 1965 MHz, 3996 MHz, 83 %, 162733 MiB
2026/08/03 13:03:47.958, 3, P0, 33, 256.58 W, 1965 MHz, 3996 MHz, 82 %, 162733 MiB
2026/08/03 13:03:47.958, 4, P0, 34, 252.50 W, 1965 MHz, 3996 MHz, 85 %, 162733 MiB
2026/08/03 13:03:47.958, 5, P0, 36, 255.87 W, 1965 MHz, 3996 MHz, 52 %, 162733 MiB
2026/08/03 13:03:47.958, 6, P0, 33, 246.60 W, 1965 MHz, 3996 MHz, 6 %, 162733 MiB
2026/08/03 13:03:47.958, 7, P0, 38, 258.58 W, 1965 MHz, 3996 MHz, 72 %, 161773 MiB
2026/08/03 13:03:48.958, 0, P0, 36, 257.61 W, 1965 MHz, 3996 MHz, 34 %, 162541 MiB
2026/08/03 13:03:48.958, 1, P0, 34, 256.33 W, 1965 MHz, 3996 MHz, 85 %, 162733 MiB
2026/08/03 13:03:48.958, 2, P0, 37, 252.71 W, 1965 MHz, 3996 MHz, 85 %, 162733 MiB
2026/08/03 13:03:48.958, 3, P0, 33, 255.58 W, 1965 MHz, 3996 MHz, 83 %, 162733 MiB
2026/08/03 13:03:48.958, 4, P0, 34, 250.52 W, 1965 MHz, 3996 MHz, 74 %, 162733 MiB
2026/08/03 13:03:48.958, 5, P0, 36, 254.62 W, 1965 MHz, 3996 MHz, 11 %, 162733 MiB
2026/08/03 13:03:48.958, 6, P0, 33, 249.27 W, 1965 MHz, 3996 MHz, 29 %, 162733 MiB
2026/08/03 13:03:48.958, 7, P0, 38, 258.67 W, 1965 MHz, 3996 MHz, 77 %, 161773 MiB
2026/08/03 13:03:49.959, 0, P0, 36, 257.84 W, 1965 MHz, 3996 MHz, 82 %, 162541 MiB
2026/08/03 13:03:49.959, 1, P0, 34, 256.45 W, 1965 MHz, 3996 MHz, 67 %, 162733 MiB
2026/08/03 13:03:49.959, 2, P0, 37, 253.42 W, 1965 MHz, 3996 MHz, 89 %, 162733 MiB
2026/08/03 13:03:49.959, 3, P0, 33, 256.25 W, 1965 MHz, 3996 MHz, 89 %, 162733 MiB
2026/08/03 13:03:49.959, 4, P0, 34, 251.54 W, 1965 MHz, 3996 MHz, 56 %, 162733 MiB
2026/08/03 13:03:49.959, 5, P0, 36, 253.29 W, 1965 MHz, 3996 MHz, 7 %, 162733 MiB
2026/08/03 13:03:49.959, 6, P0, 33, 247.21 W, 1965 MHz, 3996 MHz, 32 %, 162733 MiB
2026/08/03 13:03:49.959, 7, P0, 37, 258.36 W, 1965 MHz, 3996 MHz, 86 %, 161773 MiB
2026/08/03 13:03:50.959, 0, P0, 36, 258.33 W, 1965 MHz, 3996 MHz, 82 %, 162541 MiB
2026/08/03 13:03:50.959, 1, P0, 34, 255.88 W, 1965 MHz, 3996 MHz, 63 %, 162733 MiB
2026/08/03 13:03:50.959, 2, P0, 37, 253.71 W, 1965 MHz, 3996 MHz, 90 %, 162733 MiB
2026/08/03 13:03:50.959, 3, P0, 33, 256.51 W, 1965 MHz, 3996 MHz, 93 %, 162733 MiB
2026/08/03 13:03:50.959, 4, P0, 34, 251.60 W, 1965 MHz, 3996 MHz, 86 %, 162733 MiB
2026/08/03 13:03:50.959, 5, P0, 36, 255.02 W, 1965 MHz, 3996 MHz, 47 %, 162733 MiB
2026/08/03 13:03:50.959, 6, P0, 33, 246.84 W, 1965 MHz, 3996 MHz, 6 %, 162733 MiB
2026/08/03 13:03:50.959, 7, P0, 38, 258.99 W, 1965 MHz, 3996 MHz, 84 %, 161773 MiB
2026/08/03 13:03:51.959, 0, P0, 36, 258.51 W, 1965 MHz, 3996 MHz, 81 %, 162541 MiB
2026/08/03 13:03:51.959, 1, P0, 34, 256.40 W, 1965 MHz, 3996 MHz, 95 %, 162733 MiB
2026/08/03 13:03:51.959, 2, P0, 37, 253.43 W, 1965 MHz, 3996 MHz, 81 %, 162733 MiB
2026/08/03 13:03:51.959, 3, P0, 33, 255.33 W, 1965 MHz, 3996 MHz, 60 %, 162733 MiB
2026/08/03 13:03:51.959, 4, P0, 34, 251.24 W, 1965 MHz, 3996 MHz, 78 %, 162733 MiB
2026/08/03 13:03:51.959, 5, P0, 36, 254.76 W, 1965 MHz, 3996 MHz, 41 %, 162733 MiB
2026/08/03 13:03:51.959, 6, P0, 33, 248.07 W, 1965 MHz, 3996 MHz, 8 %, 162733 MiB
2026/08/03 13:03:51.959, 7, P0, 37, 258.70 W, 1965 MHz, 3996 MHz, 63 %, 161773 MiB
2026/08/03 13:03:52.959, 0, P0, 36, 258.55 W, 1965 MHz, 3996 MHz, 77 %, 162541 MiB
2026/08/03 13:03:52.960, 1, P0, 34, 257.07 W, 1965 MHz, 3996 MHz, 87 %, 162733 MiB
2026/08/03 13:03:52.960, 2, P0, 37, 253.27 W, 1965 MHz, 3996 MHz, 85 %, 162733 MiB
2026/08/03 13:03:52.960, 3, P0, 33, 256.62 W, 1965 MHz, 3996 MHz, 87 %, 162733 MiB
2026/08/03 13:03:52.960, 4, P0, 34, 252.43 W, 1965 MHz, 3996 MHz, 72 %, 162733 MiB
2026/08/03 13:03:52.960, 5, P0, 36, 256.29 W, 1965 MHz, 3996 MHz, 36 %, 162733 MiB
2026/08/03 13:03:52.960, 6, P0, 33, 246.58 W, 1965 MHz, 3996 MHz, 6 %, 162733 MiB
2026/08/03 13:03:52.960, 7, P0, 38, 258.98 W, 1965 MHz, 3996 MHz, 90 %, 161773 MiB
2026/08/03 13:03:53.960, 0, P0, 36, 258.41 W, 1965 MHz, 3996 MHz, 82 %, 162541 MiB
2026/08/03 13:03:53.960, 1, P0, 34, 256.28 W, 1965 MHz, 3996 MHz, 77 %, 162733 MiB
2026/08/03 13:03:53.960, 2, P0, 37, 253.69 W, 1965 MHz, 3996 MHz, 93 %, 162733 MiB
2026/08/03 13:03:53.960, 3, P0, 33, 256.66 W, 1965 MHz, 3996 MHz, 88 %, 162733 MiB
2026/08/03 13:03:53.960, 4, P0, 34, 252.56 W, 1965 MHz, 3996 MHz, 78 %, 162733 MiB
2026/08/03 13:03:53.960, 5, P0, 36, 256.55 W, 1965 MHz, 3996 MHz, 61 %, 162733 MiB
2026/08/03 13:03:53.960, 6, P0, 33, 246.97 W, 1965 MHz, 3996 MHz, 6 %, 162733 MiB
2026/08/03 13:03:53.960, 7, P0, 37, 258.69 W, 1965 MHz, 3996 MHz, 88 %, 161773 MiB
2026/08/03 13:03:54.960, 0, P0, 36, 258.86 W, 1965 MHz, 3996 MHz, 70 %, 162541 MiB
2026/08/03 13:03:54.960, 1, P0, 34, 256.45 W, 1965 MHz, 3996 MHz, 84 %, 162733 MiB
2026/08/03 13:03:54.960, 2, P0, 37, 253.53 W, 1965 MHz, 3996 MHz, 87 %, 162733 MiB
2026/08/03 13:03:54.960, 3, P0, 33, 256.38 W, 1965 MHz, 3996 MHz, 92 %, 162733 MiB
2026/08/03 13:03:54.960, 4, P0, 34, 251.43 W, 1965 MHz, 3996 MHz, 36 %, 162733 MiB
2026/08/03 13:03:54.960, 5, P0, 36, 257.15 W, 1965 MHz, 3996 MHz, 50 %, 162733 MiB
2026/08/03 13:03:54.960, 6, P0, 33, 247.33 W, 1965 MHz, 3996 MHz, 9 %, 162733 MiB
2026/08/03 13:03:54.960, 7, P0, 38, 259.10 W, 1965 MHz, 3996 MHz, 81 %, 161773 MiB
2026/08/03 13:03:55.960, 0, P0, 36, 259.53 W, 1965 MHz, 3996 MHz, 76 %, 162541 MiB
2026/08/03 13:03:55.960, 1, P0, 34, 257.09 W, 1965 MHz, 3996 MHz, 87 %, 162733 MiB
2026/08/03 13:03:55.960, 2, P0, 37, 253.79 W, 1965 MHz, 3996 MHz, 92 %, 162733 MiB
2026/08/03 13:03:55.960, 3, P0, 33, 255.82 W, 1965 MHz, 3996 MHz, 87 %, 162733 MiB
2026/08/03 13:03:55.960, 4, P0, 34, 252.50 W, 1965 MHz, 3996 MHz, 90 %, 162733 MiB
2026/08/03 13:03:55.960, 5, P0, 36, 255.94 W, 1965 MHz, 3996 MHz, 73 %, 162733 MiB
2026/08/03 13:03:55.960, 6, P0, 33, 247.74 W, 1965 MHz, 3996 MHz, 8 %, 162733 MiB
2026/08/03 13:03:55.961, 7, P0, 38, 258.46 W, 1965 MHz, 3996 MHz, 36 %, 161773 MiB
2026/08/03 13:03:56.961, 0, P0, 36, 259.16 W, 1965 MHz, 3996 MHz, 75 %, 162541 MiB
2026/08/03 13:03:56.961, 1, P0, 34, 257.23 W, 1965 MHz, 3996 MHz, 84 %, 162733 MiB
2026/08/03 13:03:56.961, 2, P0, 37, 253.69 W, 1965 MHz, 3996 MHz, 86 %, 162733 MiB
2026/08/03 13:03:56.961, 3, P0, 33, 256.19 W, 1965 MHz, 3996 MHz, 83 %, 162733 MiB
2026/08/03 13:03:56.961, 4, P0, 34, 252.24 W, 1965 MHz, 3996 MHz, 75 %, 162733 MiB
2026/08/03 13:03:56.961, 5, P0, 36, 256.28 W, 1965 MHz, 3996 MHz, 43 %, 162733 MiB
2026/08/03 13:03:56.961, 6, P0, 33, 246.66 W, 1965 MHz, 3996 MHz, 6 %, 162733 MiB
2026/08/03 13:03:56.961, 7, P0, 38, 259.43 W, 1965 MHz, 3996 MHz, 81 %, 161773 MiB
2026/08/03 13:03:57.961, 0, P0, 36, 258.78 W, 1965 MHz, 3996 MHz, 73 %, 162541 MiB
2026/08/03 13:03:57.961, 1, P0, 34, 257.03 W, 1965 MHz, 3996 MHz, 77 %, 162733 MiB
2026/08/03 13:03:57.961, 2, P0, 37, 253.56 W, 1965 MHz, 3996 MHz, 90 %, 162733 MiB
2026/08/03 13:03:57.961, 3, P0, 33, 255.63 W, 1965 MHz, 3996 MHz, 86 %, 162733 MiB
2026/08/03 13:03:57.961, 4, P0, 34, 252.58 W, 1965 MHz, 3996 MHz, 73 %, 162733 MiB
2026/08/03 13:03:57.961, 5, P0, 36, 256.09 W, 1965 MHz, 3996 MHz, 36 %, 162733 MiB
2026/08/03 13:03:57.961, 6, P0, 33, 247.24 W, 1965 MHz, 3996 MHz, 6 %, 162733 MiB
2026/08/03 13:03:57.961, 7, P0, 37, 258.82 W, 1965 MHz, 3996 MHz, 84 %, 161773 MiB
2026/08/03 13:03:58.961, 0, P0, 36, 258.62 W, 1965 MHz, 3996 MHz, 76 %, 162541 MiB
2026/08/03 13:03:58.961, 1, P0, 34, 256.17 W, 1965 MHz, 3996 MHz, 82 %, 162733 MiB
2026/08/03 13:03:58.961, 2, P0, 37, 252.99 W, 1965 MHz, 3996 MHz, 93 %, 162733 MiB
2026/08/03 13:03:58.961, 3, P0, 33, 256.05 W, 1965 MHz, 3996 MHz, 92 %, 162733 MiB
2026/08/03 13:03:58.961, 4, P0, 34, 251.95 W, 1965 MHz, 3996 MHz, 83 %, 162733 MiB
2026/08/03 13:03:58.961, 5, P0, 36, 255.28 W, 1965 MHz, 3996 MHz, 57 %, 162733 MiB
2026/08/03 13:03:58.961, 6, P0, 33, 248.51 W, 1965 MHz, 3996 MHz, 6 %, 162733 MiB
2026/08/03 13:03:58.961, 7, P0, 38, 259.29 W, 1965 MHz, 3996 MHz, 90 %, 161773 MiB
2026/08/03 13:03:59.961, 0, P0, 36, 258.20 W, 1965 MHz, 3996 MHz, 63 %, 162541 MiB
2026/08/03 13:03:59.961, 1, P0, 34, 257.20 W, 1965 MHz, 3996 MHz, 89 %, 162733 MiB
2026/08/03 13:03:59.961, 2, P0, 37, 253.55 W, 1965 MHz, 3996 MHz, 84 %, 162733 MiB
2026/08/03 13:03:59.962, 3, P0, 33, 256.85 W, 1965 MHz, 3996 MHz, 90 %, 162733 MiB
2026/08/03 13:03:59.962, 4, P0, 34, 252.10 W, 1965 MHz, 3996 MHz, 79 %, 162733 MiB
2026/08/03 13:03:59.962, 5, P0, 36, 256.13 W, 1965 MHz, 3996 MHz, 55 %, 162733 MiB
2026/08/03 13:03:59.962, 6, P0, 33, 246.92 W, 1965 MHz, 3996 MHz, 6 %, 162733 MiB
2026/08/03 13:03:59.962, 7, P0, 37, 257.34 W, 1965 MHz, 3996 MHz, 77 %, 161773 MiB
2026/08/03 13:04:00.962, 0, P0, 36, 259.04 W, 1965 MHz, 3996 MHz, 78 %, 162541 MiB
2026/08/03 13:04:00.962, 1, P0, 34, 256.86 W, 1965 MHz, 3996 MHz, 81 %, 162733 MiB
2026/08/03 13:04:00.962, 2, P0, 37, 254.07 W, 1965 MHz, 3996 MHz, 84 %, 162733 MiB
2026/08/03 13:04:00.962, 3, P0, 33, 256.09 W, 1965 MHz, 3996 MHz, 81 %, 162733 MiB
2026/08/03 13:04:00.962, 4, P0, 34, 251.89 W, 1965 MHz, 3996 MHz, 81 %, 162733 MiB
2026/08/03 13:04:00.962, 5, P0, 36, 254.86 W, 1965 MHz, 3996 MHz, 33 %, 162733 MiB
2026/08/03 13:04:00.962, 6, P0, 33, 246.72 W, 1965 MHz, 3996 MHz, 6 %, 162733 MiB
2026/08/03 13:04:00.962, 7, P0, 37, 258.79 W, 1965 MHz, 3996 MHz, 74 %, 161773 MiB
2026/08/03 13:04:01.962, 0, P0, 36, 257.72 W, 1965 MHz, 3996 MHz, 83 %, 162541 MiB
2026/08/03 13:04:01.962, 1, P0, 34, 255.29 W, 1965 MHz, 3996 MHz, 75 %, 162733 MiB
2026/08/03 13:04:01.962, 2, P0, 37, 253.38 W, 1965 MHz, 3996 MHz, 87 %, 162733 MiB
2026/08/03 13:04:01.962, 3, P0, 33, 256.01 W, 1965 MHz, 3996 MHz, 78 %, 162733 MiB
2026/08/03 13:04:01.962, 4, P0, 34, 252.10 W, 1965 MHz, 3996 MHz, 74 %, 162733 MiB
2026/08/03 13:04:01.962, 5, P0, 36, 254.87 W, 1965 MHz, 3996 MHz, 49 %, 162733 MiB
2026/08/03 13:04:01.962, 6, P0, 33, 247.32 W, 1965 MHz, 3996 MHz, 6 %, 162733 MiB
2026/08/03 13:04:01.962, 7, P0, 37, 258.69 W, 1965 MHz, 3996 MHz, 77 %, 161773 MiB
2026/08/03 13:04:02.962, 0, P0, 36, 258.80 W, 1965 MHz, 3996 MHz, 87 %, 162541 MiB
2026/08/03 13:04:02.962, 1, P0, 34, 256.57 W, 1965 MHz, 3996 MHz, 79 %, 162733 MiB
2026/08/03 13:04:02.962, 2, P0, 37, 253.64 W, 1965 MHz, 3996 MHz, 91 %, 162733 MiB
2026/08/03 13:04:02.962, 3, P0, 33, 256.47 W, 1965 MHz, 3996 MHz, 93 %, 162733 MiB
2026/08/03 13:04:02.962, 4, P0, 34, 252.08 W, 1965 MHz, 3996 MHz, 68 %, 162733 MiB
2026/08/03 13:04:02.962, 5, P0, 36, 256.14 W, 1965 MHz, 3996 MHz, 32 %, 162733 MiB
2026/08/03 13:04:02.962, 6, P0, 33, 247.41 W, 1965 MHz, 3996 MHz, 6 %, 162733 MiB
2026/08/03 13:04:02.962, 7, P0, 37, 258.12 W, 1965 MHz, 3996 MHz, 88 %, 161773 MiB
2026/08/03 13:04:03.962, 0, P0, 36, 258.59 W, 1965 MHz, 3996 MHz, 82 %, 162541 MiB
2026/08/03 13:04:03.963, 1, P0, 34, 256.84 W, 1965 MHz, 3996 MHz, 89 %, 162733 MiB
2026/08/03 13:04:03.963, 2, P0, 37, 253.43 W, 1965 MHz, 3996 MHz, 90 %, 162733 MiB
2026/08/03 13:04:03.963, 3, P0, 33, 256.72 W, 1965 MHz, 3996 MHz, 90 %, 162733 MiB
2026/08/03 13:04:03.963, 4, P0, 34, 252.61 W, 1965 MHz, 3996 MHz, 91 %, 162733 MiB
2026/08/03 13:04:03.963, 5, P0, 36, 257.46 W, 1965 MHz, 3996 MHz, 60 %, 162733 MiB
2026/08/03 13:04:03.963, 6, P0, 33, 246.69 W, 1965 MHz, 3996 MHz, 6 %, 162733 MiB
2026/08/03 13:04:03.963, 7, P0, 37, 258.52 W, 1965 MHz, 3996 MHz, 73 %, 161773 MiB
2026/08/03 13:04:04.963, 0, P0, 36, 259.02 W, 1965 MHz, 3996 MHz, 77 %, 162541 MiB
2026/08/03 13:04:04.963, 1, P0, 34, 256.50 W, 1965 MHz, 3996 MHz, 84 %, 162733 MiB
2026/08/03 13:04:04.963, 2, P0, 37, 253.68 W, 1965 MHz, 3996 MHz, 84 %, 162733 MiB
2026/08/03 13:04:04.963, 3, P0, 33, 256.03 W, 1965 MHz, 3996 MHz, 84 %, 162733 MiB
2026/08/03 13:04:04.963, 4, P0, 34, 252.57 W, 1965 MHz, 3996 MHz, 85 %, 162733 MiB
2026/08/03 13:04:04.963, 5, P0, 36, 255.71 W, 1965 MHz, 3996 MHz, 32 %, 162733 MiB
2026/08/03 13:04:04.963, 6, P0, 33, 247.71 W, 1965 MHz, 3996 MHz, 6 %, 162733 MiB
2026/08/03 13:04:04.963, 7, P0, 37, 258.41 W, 1965 MHz, 3996 MHz, 71 %, 161773 MiB
2026/08/03 13:04:05.963, 0, P0, 36, 258.88 W, 1965 MHz, 3996 MHz, 75 %, 162541 MiB
2026/08/03 13:04:05.963, 1, P0, 34, 257.00 W, 1965 MHz, 3996 MHz, 82 %, 162733 MiB
2026/08/03 13:04:05.963, 2, P0, 37, 253.30 W, 1965 MHz, 3996 MHz, 69 %, 162733 MiB
2026/08/03 13:04:05.963, 3, P0, 33, 256.53 W, 1965 MHz, 3996 MHz, 86 %, 162733 MiB
2026/08/03 13:04:05.963, 4, P0, 34, 251.95 W, 1965 MHz, 3996 MHz, 67 %, 162733 MiB
2026/08/03 13:04:05.963, 5, P0, 36, 255.38 W, 1965 MHz, 3996 MHz, 32 %, 162733 MiB
2026/08/03 13:04:05.963, 6, P0, 33, 247.32 W, 1965 MHz, 3996 MHz, 6 %, 162733 MiB
2026/08/03 13:04:05.963, 7, P0, 37, 258.63 W, 1965 MHz, 3996 MHz, 77 %, 161773 MiB
2026/08/03 13:04:06.963, 0, P0, 36, 257.16 W, 1965 MHz, 3996 MHz, 55 %, 162541 MiB
2026/08/03 13:04:06.963, 1, P0, 34, 256.91 W, 1965 MHz, 3996 MHz, 74 %, 162733 MiB
2026/08/03 13:04:06.963, 2, P0, 37, 253.26 W, 1965 MHz, 3996 MHz, 92 %, 162733 MiB
2026/08/03 13:04:06.963, 3, P0, 33, 254.69 W, 1965 MHz, 3996 MHz, 89 %, 162733 MiB
2026/08/03 13:04:06.963, 4, P0, 34, 250.54 W, 1965 MHz, 3996 MHz, 65 %, 162733 MiB
2026/08/03 13:04:06.963, 5, P0, 36, 256.78 W, 1965 MHz, 3996 MHz, 59 %, 162733 MiB
2026/08/03 13:04:06.963, 6, P0, 33, 247.37 W, 1965 MHz, 3996 MHz, 17 %, 162733 MiB
2026/08/03 13:04:06.963, 7, P0, 37, 257.47 W, 1965 MHz, 3996 MHz, 82 %, 161773 MiB
2026/08/03 13:04:07.963, 0, P0, 36, 257.40 W, 1965 MHz, 3996 MHz, 45 %, 162541 MiB
2026/08/03 13:04:07.964, 1, P0, 34, 256.66 W, 1965 MHz, 3996 MHz, 82 %, 162733 MiB
2026/08/03 13:04:07.964, 2, P0, 37, 253.12 W, 1965 MHz, 3996 MHz, 88 %, 162733 MiB
2026/08/03 13:04:07.964, 3, P0, 33, 254.38 W, 1965 MHz, 3996 MHz, 88 %, 162733 MiB
2026/08/03 13:04:07.964, 4, P0, 34, 250.31 W, 1965 MHz, 3996 MHz, 72 %, 162733 MiB
2026/08/03 13:04:07.964, 5, P0, 36, 256.61 W, 1965 MHz, 3996 MHz, 46 %, 162733 MiB
2026/08/03 13:04:07.964, 6, P0, 33, 247.52 W, 1965 MHz, 3996 MHz, 16 %, 162733 MiB
2026/08/03 13:04:07.964, 7, P0, 37, 258.81 W, 1965 MHz, 3996 MHz, 70 %, 161773 MiB
2026/08/03 13:04:08.964, 0, P0, 36, 257.12 W, 1965 MHz, 3996 MHz, 68 %, 162541 MiB
2026/08/03 13:04:08.964, 1, P0, 34, 255.56 W, 1965 MHz, 3996 MHz, 57 %, 162733 MiB
2026/08/03 13:04:08.964, 2, P0, 37, 253.12 W, 1965 MHz, 3996 MHz, 81 %, 162733 MiB
2026/08/03 13:04:08.964, 3, P0, 33, 256.02 W, 1965 MHz, 3996 MHz, 85 %, 162733 MiB
2026/08/03 13:04:08.964, 4, P0, 34, 250.74 W, 1965 MHz, 3996 MHz, 84 %, 162733 MiB
2026/08/03 13:04:08.964, 5, P0, 36, 256.14 W, 1965 MHz, 3996 MHz, 57 %, 162733 MiB
2026/08/03 13:04:08.964, 6, P0, 33, 246.86 W, 1965 MHz, 3996 MHz, 6 %, 162733 MiB
2026/08/03 13:04:08.964, 7, P0, 37, 257.25 W, 1965 MHz, 3996 MHz, 49 %, 161773 MiB
2026/08/03 13:04:09.964, 0, P0, 36, 258.16 W, 1965 MHz, 3996 MHz, 66 %, 162541 MiB
2026/08/03 13:04:09.964, 1, P0, 34, 256.30 W, 1965 MHz, 3996 MHz, 76 %, 162733 MiB
2026/08/03 13:04:09.964, 2, P0, 37, 252.50 W, 1965 MHz, 3996 MHz, 87 %, 162733 MiB
2026/08/03 13:04:09.964, 3, P0, 33, 256.44 W, 1965 MHz, 3996 MHz, 83 %, 162733 MiB
2026/08/03 13:04:09.964, 4, P0, 34, 251.37 W, 1965 MHz, 3996 MHz, 56 %, 162733 MiB
2026/08/03 13:04:09.964, 5, P0, 36, 256.75 W, 1965 MHz, 3996 MHz, 71 %, 162733 MiB
2026/08/03 13:04:09.964, 6, P0, 33, 247.35 W, 1965 MHz, 3996 MHz, 6 %, 162733 MiB
2026/08/03 13:04:09.964, 7, P0, 37, 258.05 W, 1965 MHz, 3996 MHz, 73 %, 161773 MiB
2026/08/03 13:04:10.964, 0, P0, 36, 256.60 W, 1965 MHz, 3996 MHz, 62 %, 162541 MiB
2026/08/03 13:04:10.965, 1, P0, 34, 255.88 W, 1965 MHz, 3996 MHz, 75 %, 162733 MiB
2026/08/03 13:04:10.965, 2, P0, 37, 253.06 W, 1965 MHz, 3996 MHz, 89 %, 162733 MiB
2026/08/03 13:04:10.965, 3, P0, 33, 256.35 W, 1965 MHz, 3996 MHz, 87 %, 162733 MiB
2026/08/03 13:04:10.965, 4, P0, 34, 249.84 W, 1965 MHz, 3996 MHz, 54 %, 162733 MiB
2026/08/03 13:04:10.965, 5, P0, 36, 257.80 W, 1965 MHz, 3996 MHz, 56 %, 162733 MiB
2026/08/03 13:04:10.965, 6, P0, 33, 247.49 W, 1965 MHz, 3996 MHz, 6 %, 162733 MiB
2026/08/03 13:04:10.965, 7, P0, 37, 258.74 W, 1965 MHz, 3996 MHz, 76 %, 161773 MiB
2026/08/03 13:04:11.965, 0, P0, 37, 276.20 W, 1965 MHz, 3996 MHz, 84 %, 162541 MiB
2026/08/03 13:04:11.965, 1, P0, 34, 275.13 W, 1965 MHz, 3996 MHz, 82 %, 162733 MiB
2026/08/03 13:04:11.965, 2, P0, 37, 274.52 W, 1965 MHz, 3996 MHz, 88 %, 162733 MiB
2026/08/03 13:04:11.965, 3, P0, 34, 275.92 W, 1965 MHz, 3996 MHz, 93 %, 162733 MiB
2026/08/03 13:04:11.965, 4, P0, 34, 275.15 W, 1965 MHz, 3996 MHz, 91 %, 162733 MiB
2026/08/03 13:04:11.965, 5, P0, 37, 275.61 W, 1965 MHz, 3996 MHz, 50 %, 162733 MiB
2026/08/03 13:04:11.965, 6, P0, 34, 262.37 W, 1965 MHz, 3996 MHz, 6 %, 162733 MiB
2026/08/03 13:04:11.965, 7, P0, 38, 273.67 W, 1965 MHz, 3996 MHz, 81 %, 161773 MiB
2026/08/03 13:04:12.965, 0, P0, 36, 254.97 W, 1965 MHz, 3996 MHz, 35 %, 162541 MiB
2026/08/03 13:04:12.965, 1, P0, 34, 253.32 W, 1965 MHz, 3996 MHz, 62 %, 162733 MiB
2026/08/03 13:04:12.965, 2, P0, 37, 251.39 W, 1965 MHz, 3996 MHz, 82 %, 162733 MiB
2026/08/03 13:04:12.965, 3, P0, 33, 254.12 W, 1965 MHz, 3996 MHz, 75 %, 162733 MiB
2026/08/03 13:04:12.965, 4, P0, 34, 249.42 W, 1965 MHz, 3996 MHz, 65 %, 162733 MiB
2026/08/03 13:04:12.965, 5, P0, 36, 252.90 W, 1965 MHz, 3996 MHz, 23 %, 162733 MiB
2026/08/03 13:04:12.965, 6, P0, 33, 247.21 W, 1965 MHz, 3996 MHz, 24 %, 162733 MiB
2026/08/03 13:04:12.965, 7, P0, 37, 255.55 W, 1965 MHz, 3996 MHz, 28 %, 161773 MiB
2026/08/03 13:04:13.965, 0, P0, 38, 274.42 W, 1965 MHz, 3996 MHz, 25 %, 162541 MiB
2026/08/03 13:04:13.965, 1, P0, 34, 272.25 W, 1965 MHz, 3996 MHz, 65 %, 162733 MiB
2026/08/03 13:04:13.965, 2, P0, 37, 271.94 W, 1965 MHz, 3996 MHz, 89 %, 162733 MiB
2026/08/03 13:04:13.965, 3, P0, 33, 273.19 W, 1965 MHz, 3996 MHz, 71 %, 162733 MiB
2026/08/03 13:04:13.965, 4, P0, 35, 271.71 W, 1965 MHz, 3996 MHz, 75 %, 162733 MiB
2026/08/03 13:04:13.965, 5, P0, 38, 274.44 W, 1965 MHz, 3996 MHz, 68 %, 162733 MiB
2026/08/03 13:04:13.966, 6, P0, 34, 253.75 W, 1965 MHz, 3996 MHz, 8 %, 162733 MiB
2026/08/03 13:04:13.966, 7, P0, 38, 261.28 W, 1965 MHz, 3996 MHz, 79 %, 161773 MiB
2026/08/03 13:04:14.966, 0, P0, 36, 253.70 W, 1965 MHz, 3996 MHz, 53 %, 162541 MiB
2026/08/03 13:04:14.966, 1, P0, 34, 254.02 W, 1965 MHz, 3996 MHz, 72 %, 162733 MiB
2026/08/03 13:04:14.966, 2, P0, 37, 252.65 W, 1965 MHz, 3996 MHz, 73 %, 162733 MiB
2026/08/03 13:04:14.966, 3, P0, 33, 261.36 W, 1965 MHz, 3996 MHz, 83 %, 162733 MiB
2026/08/03 13:04:14.966, 4, P0, 34, 248.73 W, 1965 MHz, 3996 MHz, 59 %, 162733 MiB
2026/08/03 13:04:14.966, 5, P0, 36, 256.05 W, 1965 MHz, 3996 MHz, 15 %, 162733 MiB
2026/08/03 13:04:14.966, 6, P0, 33, 253.66 W, 1965 MHz, 3996 MHz, 17 %, 162733 MiB
2026/08/03 13:04:14.966, 7, P0, 37, 262.89 W, 1965 MHz, 3996 MHz, 76 %, 161773 MiB
2026/08/03 13:04:15.966, 0, P0, 36, 252.03 W, 1965 MHz, 3996 MHz, 63 %, 162541 MiB
2026/08/03 13:04:15.966, 1, P0, 34, 253.63 W, 1965 MHz, 3996 MHz, 83 %, 162733 MiB
2026/08/03 13:04:15.966, 2, P0, 37, 251.27 W, 1965 MHz, 3996 MHz, 74 %, 162733 MiB
2026/08/03 13:04:15.966, 3, P0, 33, 252.97 W, 1965 MHz, 3996 MHz, 83 %, 162733 MiB
2026/08/03 13:04:15.966, 4, P0, 34, 248.37 W, 1965 MHz, 3996 MHz, 53 %, 162733 MiB
2026/08/03 13:04:15.966, 5, P0, 36, 252.75 W, 1965 MHz, 3996 MHz, 9 %, 162733 MiB
2026/08/03 13:04:15.966, 6, P0, 33, 249.15 W, 1965 MHz, 3996 MHz, 14 %, 162733 MiB
2026/08/03 13:04:15.966, 7, P0, 37, 253.95 W, 1965 MHz, 3996 MHz, 30 %, 161773 MiB
2026/08/03 13:04:16.966, 0, P0, 36, 270.75 W, 1965 MHz, 3996 MHz, 18 %, 162541 MiB
2026/08/03 13:04:16.966, 1, P0, 34, 274.70 W, 1965 MHz, 3996 MHz, 47 %, 162733 MiB
2026/08/03 13:04:16.966, 2, P0, 37, 271.73 W, 1965 MHz, 3996 MHz, 76 %, 162733 MiB
2026/08/03 13:04:16.966, 3, P0, 33, 274.29 W, 1965 MHz, 3996 MHz, 77 %, 162733 MiB
2026/08/03 13:04:16.966, 4, P0, 34, 269.48 W, 1965 MHz, 3996 MHz, 56 %, 162733 MiB
2026/08/03 13:04:16.966, 5, P0, 36, 270.20 W, 1965 MHz, 3996 MHz, 6 %, 162733 MiB
2026/08/03 13:04:16.967, 6, P0, 33, 264.44 W, 1965 MHz, 3996 MHz, 13 %, 162733 MiB
2026/08/03 13:04:16.967, 7, P0, 37, 269.82 W, 1965 MHz, 3996 MHz, 38 %, 161773 MiB
2026/08/03 13:04:17.967, 0, P0, 36, 255.22 W, 1965 MHz, 3996 MHz, 100 %, 162541 MiB
2026/08/03 13:04:17.967, 1, P0, 33, 242.06 W, 1965 MHz, 3996 MHz, 0 %, 162733 MiB
2026/08/03 13:04:17.967, 2, P0, 37, 249.59 W, 1965 MHz, 3996 MHz, 100 %, 162733 MiB
2026/08/03 13:04:17.967, 3, P0, 33, 242.33 W, 1965 MHz, 3996 MHz, 0 %, 162733 MiB
2026/08/03 13:04:17.967, 4, P0, 34, 238.04 W, 1965 MHz, 3996 MHz, 0 %, 162733 MiB
2026/08/03 13:04:17.967, 5, P0, 36, 246.22 W, 1965 MHz, 3996 MHz, 0 %, 162733 MiB
2026/08/03 13:04:17.967, 6, P0, 33, 254.95 W, 1965 MHz, 3996 MHz, 100 %, 162733 MiB
2026/08/03 13:04:17.967, 7, P0, 37, 246.30 W, 1965 MHz, 3996 MHz, 0 %, 161773 MiB
2026/08/03 13:04:18.967, 0, P0, 36, 256.06 W, 1965 MHz, 3996 MHz, 100 %, 162541 MiB
2026/08/03 13:04:18.967, 1, P0, 34, 242.94 W, 1965 MHz, 3996 MHz, 0 %, 162733 MiB
2026/08/03 13:04:18.967, 2, P0, 37, 249.62 W, 1965 MHz, 3996 MHz, 89 %, 162733 MiB
2026/08/03 13:04:18.967, 3, P0, 33, 241.32 W, 1965 MHz, 3996 MHz, 0 %, 162733 MiB
2026/08/03 13:04:18.967, 4, P0, 34, 238.60 W, 1965 MHz, 3996 MHz, 92 %, 162733 MiB
2026/08/03 13:04:18.967, 5, P0, 36, 246.13 W, 1965 MHz, 3996 MHz, 41 %, 162733 MiB
2026/08/03 13:04:18.967, 6, P0, 33, 256.29 W, 1965 MHz, 3996 MHz, 100 %, 162733 MiB
2026/08/03 13:04:18.967, 7, P0, 37, 245.25 W, 1965 MHz, 3996 MHz, 0 %, 161773 MiB
2026/08/03 13:04:19.967, 0, P0, 37, 271.39 W, 1965 MHz, 3996 MHz, 70 %, 162541 MiB
2026/08/03 13:04:19.967, 1, P0, 35, 273.42 W, 1965 MHz, 3996 MHz, 71 %, 162733 MiB
2026/08/03 13:04:19.967, 2, P0, 37, 266.32 W, 1965 MHz, 3996 MHz, 85 %, 162733 MiB
2026/08/03 13:04:19.967, 3, P0, 33, 261.65 W, 1965 MHz, 3996 MHz, 76 %, 162733 MiB
2026/08/03 13:04:19.967, 4, P0, 36, 268.88 W, 1965 MHz, 3996 MHz, 72 %, 162733 MiB
2026/08/03 13:04:19.967, 5, P0, 36, 264.40 W, 1965 MHz, 3996 MHz, 26 %, 162733 MiB
2026/08/03 13:04:19.967, 6, P0, 33, 253.65 W, 1965 MHz, 3996 MHz, 69 %, 162733 MiB
2026/08/03 13:04:19.967, 7, P0, 37, 257.30 W, 1965 MHz, 3996 MHz, 75 %, 161773 MiB
2026/08/03 13:04:20.967, 0, P0, 36, 263.10 W, 1965 MHz, 3996 MHz, 43 %, 162541 MiB
2026/08/03 13:04:20.968, 1, P0, 34, 253.11 W, 1965 MHz, 3996 MHz, 47 %, 162733 MiB
2026/08/03 13:04:20.968, 2, P0, 37, 262.69 W, 1965 MHz, 3996 MHz, 86 %, 162733 MiB
2026/08/03 13:04:20.968, 3, P0, 33, 272.35 W, 1965 MHz, 3996 MHz, 63 %, 162733 MiB
2026/08/03 13:04:20.968, 4, P0, 34, 254.35 W, 1965 MHz, 3996 MHz, 35 %, 162733 MiB
2026/08/03 13:04:20.968, 5, P0, 36, 259.63 W, 1965 MHz, 3996 MHz, 6 %, 162733 MiB
2026/08/03 13:04:20.968, 6, P0, 33, 271.10 W, 1965 MHz, 3996 MHz, 26 %, 162733 MiB
2026/08/03 13:04:20.968, 7, P0, 37, 269.22 W, 1965 MHz, 3996 MHz, 26 %, 161773 MiB
2026/08/03 13:04:21.968, 0, P0, 36, 252.73 W, 1965 MHz, 3996 MHz, 97 %, 162541 MiB
2026/08/03 13:04:21.968, 1, P0, 34, 250.93 W, 1965 MHz, 3996 MHz, 81 %, 162733 MiB
2026/08/03 13:04:21.968, 2, P0, 37, 251.01 W, 1965 MHz, 3996 MHz, 81 %, 162733 MiB
2026/08/03 13:04:21.968, 3, P0, 33, 251.16 W, 1965 MHz, 3996 MHz, 75 %, 162733 MiB
2026/08/03 13:04:21.968, 4, P0, 34, 246.16 W, 1965 MHz, 3996 MHz, 39 %, 162733 MiB
2026/08/03 13:04:21.968, 5, P0, 36, 251.39 W, 1965 MHz, 3996 MHz, 6 %, 162733 MiB
2026/08/03 13:04:21.968, 6, P0, 33, 251.92 W, 1965 MHz, 3996 MHz, 37 %, 162733 MiB
2026/08/03 13:04:21.968, 7, P0, 37, 251.99 W, 1965 MHz, 3996 MHz, 49 %, 161773 MiB
2026/08/03 13:04:22.968, 0, P0, 36, 253.19 W, 1965 MHz, 3996 MHz, 60 %, 162541 MiB
2026/08/03 13:04:22.968, 1, P0, 34, 251.20 W, 1965 MHz, 3996 MHz, 65 %, 162733 MiB
2026/08/03 13:04:22.968, 2, P0, 37, 250.73 W, 1965 MHz, 3996 MHz, 76 %, 162733 MiB
2026/08/03 13:04:22.968, 3, P0, 33, 251.88 W, 1965 MHz, 3996 MHz, 78 %, 162733 MiB
2026/08/03 13:04:22.968, 4, P0, 34, 246.63 W, 1965 MHz, 3996 MHz, 33 %, 162733 MiB
2026/08/03 13:04:22.968, 5, P0, 36, 251.58 W, 1965 MHz, 3996 MHz, 25 %, 162733 MiB
2026/08/03 13:04:22.968, 6, P0, 33, 249.96 W, 1965 MHz, 3996 MHz, 24 %, 162733 MiB
2026/08/03 13:04:22.968, 7, P0, 37, 250.88 W, 1965 MHz, 3996 MHz, 20 %, 161773 MiB
2026/08/03 13:04:23.968, 0, P0, 36, 252.52 W, 1965 MHz, 3996 MHz, 49 %, 162541 MiB
2026/08/03 13:04:23.968, 1, P0, 34, 250.65 W, 1965 MHz, 3996 MHz, 7 %, 162733 MiB
2026/08/03 13:04:23.968, 2, P0, 37, 251.02 W, 1965 MHz, 3996 MHz, 74 %, 162733 MiB
2026/08/03 13:04:23.968, 3, P0, 33, 251.22 W, 1965 MHz, 3996 MHz, 72 %, 162733 MiB
2026/08/03 13:04:23.969, 4, P0, 34, 246.82 W, 1965 MHz, 3996 MHz, 41 %, 162733 MiB
2026/08/03 13:04:23.969, 5, P0, 36, 250.53 W, 1965 MHz, 3996 MHz, 9 %, 162733 MiB
2026/08/03 13:04:23.969, 6, P0, 33, 250.20 W, 1965 MHz, 3996 MHz, 24 %, 162733 MiB
2026/08/03 13:04:23.969, 7, P0, 37, 250.86 W, 1965 MHz, 3996 MHz, 33 %, 161773 MiB
2026/08/03 13:04:24.969, 0, P0, 36, 248.67 W, 1965 MHz, 3996 MHz, 0 %, 162541 MiB
2026/08/03 13:04:24.969, 1, P0, 34, 253.84 W, 1965 MHz, 3996 MHz, 100 %, 162733 MiB
2026/08/03 13:04:24.969, 2, P0, 37, 250.91 W, 1965 MHz, 3996 MHz, 100 %, 162733 MiB
2026/08/03 13:04:24.969, 3, P0, 33, 252.51 W, 1965 MHz, 3996 MHz, 100 %, 162733 MiB
2026/08/03 13:04:24.969, 4, P0, 34, 247.93 W, 1965 MHz, 3996 MHz, 100 %, 162733 MiB
2026/08/03 13:04:24.969, 5, P0, 36, 253.31 W, 1965 MHz, 3996 MHz, 100 %, 162733 MiB
2026/08/03 13:04:24.969, 6, P0, 33, 253.34 W, 1965 MHz, 3996 MHz, 100 %, 162733 MiB
2026/08/03 13:04:24.969, 7, P0, 37, 254.07 W, 1965 MHz, 3996 MHz, 100 %, 161773 MiB
2026/08/03 13:04:25.969, 0, P0, 36, 243.49 W, 1965 MHz, 3996 MHz, 0 %, 162541 MiB
2026/08/03 13:04:25.969, 1, P0, 34, 255.17 W, 1965 MHz, 3996 MHz, 100 %, 162733 MiB
2026/08/03 13:04:25.969, 2, P0, 37, 251.12 W, 1965 MHz, 3996 MHz, 100 %, 162733 MiB
2026/08/03 13:04:25.969, 3, P0, 33, 254.21 W, 1965 MHz, 3996 MHz, 100 %, 162733 MiB
2026/08/03 13:04:25.969, 4, P0, 34, 250.59 W, 1965 MHz, 3996 MHz, 100 %, 162733 MiB
2026/08/03 13:04:25.969, 5, P0, 36, 259.59 W, 1965 MHz, 3996 MHz, 100 %, 162733 MiB
2026/08/03 13:04:25.969, 6, P0, 33, 257.99 W, 1965 MHz, 3996 MHz, 100 %, 162733 MiB
2026/08/03 13:04:25.969, 7, P0, 37, 258.38 W, 1965 MHz, 3996 MHz, 100 %, 161773 MiB
2026/08/03 13:04:26.969, 0, P0, 36, 253.87 W, 1965 MHz, 3996 MHz, 100 %, 162541 MiB
2026/08/03 13:04:26.969, 1, P0, 34, 254.60 W, 1965 MHz, 3996 MHz, 100 %, 162733 MiB
2026/08/03 13:04:26.969, 2, P0, 36, 242.72 W, 1965 MHz, 3996 MHz, 0 %, 162733 MiB
2026/08/03 13:04:26.969, 3, P0, 33, 253.58 W, 1965 MHz, 3996 MHz, 100 %, 162733 MiB
2026/08/03 13:04:26.969, 4, P0, 34, 250.57 W, 1965 MHz, 3996 MHz, 100 %, 162733 MiB
2026/08/03 13:04:26.969, 5, P0, 36, 259.82 W, 1965 MHz, 3996 MHz, 100 %, 162733 MiB
2026/08/03 13:04:26.969, 6, P0, 33, 249.82 W, 1965 MHz, 3996 MHz, 0 %, 162733 MiB
2026/08/03 13:04:26.969, 7, P0, 37, 258.71 W, 1965 MHz, 3996 MHz, 100 %, 161773 MiB
2026/08/03 13:04:27.970, 0, P0, 36, 257.99 W, 1965 MHz, 3996 MHz, 100 %, 162541 MiB
2026/08/03 13:04:27.970, 1, P0, 34, 255.07 W, 1965 MHz, 3996 MHz, 100 %, 162733 MiB
2026/08/03 13:04:27.970, 2, P0, 36, 237.05 W, 1965 MHz, 3996 MHz, 0 %, 162733 MiB
2026/08/03 13:04:27.970, 3, P0, 33, 254.62 W, 1965 MHz, 3996 MHz, 100 %, 162733 MiB
2026/08/03 13:04:27.970, 4, P0, 34, 250.64 W, 1965 MHz, 3996 MHz, 100 %, 162733 MiB
2026/08/03 13:04:27.970, 5, P0, 36, 259.71 W, 1965 MHz, 3996 MHz, 100 %, 162733 MiB
2026/08/03 13:04:27.970, 6, P0, 33, 243.15 W, 1965 MHz, 3996 MHz, 0 %, 162733 MiB
2026/08/03 13:04:27.970, 7, P0, 37, 258.61 W, 1965 MHz, 3996 MHz, 100 %, 161773 MiB
2026/08/03 13:04:28.970, 0, P0, 36, 256.15 W, 1965 MHz, 3996 MHz, 66 %, 162541 MiB
2026/08/03 13:04:28.970, 1, P0, 34, 254.39 W, 1965 MHz, 3996 MHz, 69 %, 162733 MiB
2026/08/03 13:04:28.970, 2, P0, 37, 250.90 W, 1965 MHz, 3996 MHz, 85 %, 162733 MiB
2026/08/03 13:04:28.970, 3, P0, 33, 254.02 W, 1965 MHz, 3996 MHz, 63 %, 162733 MiB
2026/08/03 13:04:28.970, 4, P0, 34, 249.01 W, 1965 MHz, 3996 MHz, 61 %, 162733 MiB
2026/08/03 13:04:28.970, 5, P0, 36, 252.51 W, 1965 MHz, 3996 MHz, 61 %, 162733 MiB
2026/08/03 13:04:28.970, 6, P0, 33, 253.58 W, 1965 MHz, 3996 MHz, 58 %, 162733 MiB
2026/08/03 13:04:28.970, 7, P0, 37, 255.07 W, 1965 MHz, 3996 MHz, 40 %, 161773 MiB
2026/08/03 13:04:29.970, 0, P0, 36, 252.43 W, 1965 MHz, 3996 MHz, 57 %, 162541 MiB
2026/08/03 13:04:29.970, 1, P0, 34, 252.01 W, 1965 MHz, 3996 MHz, 64 %, 162733 MiB
2026/08/03 13:04:29.970, 2, P0, 37, 250.66 W, 1965 MHz, 3996 MHz, 78 %, 162733 MiB
2026/08/03 13:04:29.970, 3, P0, 33, 252.45 W, 1965 MHz, 3996 MHz, 61 %, 162733 MiB
2026/08/03 13:04:29.970, 4, P0, 34, 247.77 W, 1965 MHz, 3996 MHz, 48 %, 162733 MiB
2026/08/03 13:04:29.970, 5, P0, 36, 249.52 W, 1965 MHz, 3996 MHz, 22 %, 162733 MiB
2026/08/03 13:04:29.970, 6, P0, 33, 253.10 W, 1965 MHz, 3996 MHz, 47 %, 162733 MiB
2026/08/03 13:04:29.970, 7, P0, 37, 252.29 W, 1965 MHz, 3996 MHz, 49 %, 161773 MiB
2026/08/03 13:04:30.970, 0, P0, 36, 253.98 W, 1965 MHz, 3996 MHz, 58 %, 162541 MiB
2026/08/03 13:04:30.970, 1, P0, 34, 252.29 W, 1965 MHz, 3996 MHz, 62 %, 162733 MiB
2026/08/03 13:04:30.970, 2, P0, 36, 251.32 W, 1965 MHz, 3996 MHz, 83 %, 162733 MiB
2026/08/03 13:04:30.970, 3, P0, 33, 253.02 W, 1965 MHz, 3996 MHz, 68 %, 162733 MiB
2026/08/03 13:04:30.970, 4, P0, 34, 247.79 W, 1965 MHz, 3996 MHz, 44 %, 162733 MiB
2026/08/03 13:04:30.970, 5, P0, 36, 249.47 W, 1965 MHz, 3996 MHz, 11 %, 162733 MiB
2026/08/03 13:04:30.970, 6, P0, 33, 252.89 W, 1965 MHz, 3996 MHz, 62 %, 162733 MiB
2026/08/03 13:04:30.970, 7, P0, 37, 253.59 W, 1965 MHz, 3996 MHz, 72 %, 161773 MiB
2026/08/03 13:04:31.971, 0, P0, 36, 262.65 W, 1965 MHz, 3996 MHz, 93 %, 162541 MiB
2026/08/03 13:04:31.971, 1, P0, 35, 268.16 W, 1965 MHz, 3996 MHz, 75 %, 162733 MiB
2026/08/03 13:04:31.971, 2, P0, 37, 256.39 W, 1965 MHz, 3996 MHz, 85 %, 162733 MiB
2026/08/03 13:04:31.971, 3, P0, 33, 251.72 W, 1965 MHz, 3996 MHz, 74 %, 162733 MiB
2026/08/03 13:04:31.971, 4, P0, 34, 258.26 W, 1965 MHz, 3996 MHz, 78 %, 162733 MiB
2026/08/03 13:04:31.971, 5, P0, 36, 252.71 W, 1965 MHz, 3996 MHz, 9 %, 162733 MiB
2026/08/03 13:04:31.971, 6, P0, 33, 251.81 W, 1965 MHz, 3996 MHz, 41 %, 162733 MiB
2026/08/03 13:04:31.971, 7, P0, 37, 252.74 W, 1965 MHz, 3996 MHz, 27 %, 161773 MiB
2026/08/03 13:04:32.971, 0, P0, 36, 271.67 W, 1965 MHz, 3996 MHz, 19 %, 162541 MiB
2026/08/03 13:04:32.971, 1, P0, 34, 265.39 W, 1965 MHz, 3996 MHz, 47 %, 162733 MiB
2026/08/03 13:04:32.971, 2, P0, 37, 271.48 W, 1965 MHz, 3996 MHz, 87 %, 162733 MiB
2026/08/03 13:04:32.971, 3, P0, 33, 271.84 W, 1965 MHz, 3996 MHz, 69 %, 162733 MiB
2026/08/03 13:04:32.971, 4, P0, 34, 264.80 W, 1965 MHz, 3996 MHz, 40 %, 162733 MiB
2026/08/03 13:04:32.971, 5, P0, 36, 267.71 W, 1965 MHz, 3996 MHz, 26 %, 162733 MiB
2026/08/03 13:04:32.971, 6, P0, 33, 269.40 W, 1965 MHz, 3996 MHz, 27 %, 162733 MiB
2026/08/03 13:04:32.971, 7, P0, 37, 266.94 W, 1965 MHz, 3996 MHz, 25 %, 161773 MiB
2026/08/03 13:04:33.971, 0, P0, 36, 252.25 W, 1965 MHz, 3996 MHz, 60 %, 162541 MiB
2026/08/03 13:04:33.971, 1, P0, 34, 251.14 W, 1965 MHz, 3996 MHz, 72 %, 162733 MiB
2026/08/03 13:04:33.971, 2, P0, 37, 251.05 W, 1965 MHz, 3996 MHz, 74 %, 162733 MiB
2026/08/03 13:04:33.971, 3, P0, 33, 252.44 W, 1965 MHz, 3996 MHz, 83 %, 162733 MiB
2026/08/03 13:04:33.971, 4, P0, 34, 247.21 W, 1965 MHz, 3996 MHz, 41 %, 162733 MiB
2026/08/03 13:04:33.971, 5, P0, 36, 253.52 W, 1965 MHz, 3996 MHz, 46 %, 162733 MiB
2026/08/03 13:04:33.971, 6, P0, 33, 251.34 W, 1965 MHz, 3996 MHz, 34 %, 162733 MiB
2026/08/03 13:04:33.971, 7, P0, 37, 252.69 W, 1965 MHz, 3996 MHz, 22 %, 161773 MiB
2026/08/03 13:04:34.971, 0, P0, 36, 268.61 W, 1965 MHz, 3996 MHz, 43 %, 162541 MiB
2026/08/03 13:04:34.971, 1, P0, 34, 272.22 W, 1965 MHz, 3996 MHz, 62 %, 162733 MiB
2026/08/03 13:04:34.971, 2, P0, 37, 271.04 W, 1965 MHz, 3996 MHz, 85 %, 162733 MiB
2026/08/03 13:04:34.971, 3, P0, 33, 273.15 W, 1965 MHz, 3996 MHz, 64 %, 162733 MiB
2026/08/03 13:04:34.971, 4, P0, 34, 268.64 W, 1965 MHz, 3996 MHz, 34 %, 162733 MiB
2026/08/03 13:04:34.971, 5, P0, 36, 272.34 W, 1965 MHz, 3996 MHz, 6 %, 162733 MiB
2026/08/03 13:04:34.971, 6, P0, 33, 267.68 W, 1965 MHz, 3996 MHz, 34 %, 162733 MiB
2026/08/03 13:04:34.971, 7, P0, 37, 266.11 W, 1965 MHz, 3996 MHz, 44 %, 161773 MiB
2026/08/03 13:04:35.972, 0, P0, 36, 254.22 W, 1965 MHz, 3996 MHz, 70 %, 162541 MiB
2026/08/03 13:04:35.972, 1, P0, 34, 253.32 W, 1965 MHz, 3996 MHz, 66 %, 162733 MiB
2026/08/03 13:04:35.972, 2, P0, 37, 251.59 W, 1965 MHz, 3996 MHz, 96 %, 162733 MiB
2026/08/03 13:04:35.972, 3, P0, 33, 252.44 W, 1965 MHz, 3996 MHz, 78 %, 162733 MiB
2026/08/03 13:04:35.972, 4, P0, 34, 247.73 W, 1965 MHz, 3996 MHz, 68 %, 162733 MiB
2026/08/03 13:04:35.972, 5, P0, 36, 252.87 W, 1965 MHz, 3996 MHz, 75 %, 162733 MiB
2026/08/03 13:04:35.972, 6, P0, 33, 248.95 W, 1965 MHz, 3996 MHz, 17 %, 162733 MiB
2026/08/03 13:04:35.972, 7, P0, 37, 253.88 W, 1965 MHz, 3996 MHz, 50 %, 161773 MiB
2026/08/03 13:04:36.972, 0, P0, 36, 255.00 W, 1965 MHz, 3996 MHz, 57 %, 162541 MiB
2026/08/03 13:04:36.972, 1, P0, 34, 253.68 W, 1965 MHz, 3996 MHz, 55 %, 162733 MiB
2026/08/03 13:04:36.972, 2, P0, 37, 251.54 W, 1965 MHz, 3996 MHz, 79 %, 162733 MiB
2026/08/03 13:04:36.972, 3, P0, 33, 253.31 W, 1965 MHz, 3996 MHz, 69 %, 162733 MiB
2026/08/03 13:04:36.972, 4, P0, 34, 248.42 W, 1965 MHz, 3996 MHz, 43 %, 162733 MiB
2026/08/03 13:04:36.972, 5, P0, 36, 249.76 W, 1965 MHz, 3996 MHz, 6 %, 162733 MiB
2026/08/03 13:04:36.972, 6, P0, 33, 251.60 W, 1965 MHz, 3996 MHz, 51 %, 162733 MiB
2026/08/03 13:04:36.972, 7, P0, 37, 254.35 W, 1965 MHz, 3996 MHz, 59 %, 161773 MiB
2026/08/03 13:04:37.972, 0, P0, 36, 254.09 W, 1965 MHz, 3996 MHz, 62 %, 162541 MiB
2026/08/03 13:04:37.972, 1, P0, 34, 252.62 W, 1965 MHz, 3996 MHz, 77 %, 162733 MiB
2026/08/03 13:04:37.972, 2, P0, 36, 250.70 W, 1965 MHz, 3996 MHz, 76 %, 162733 MiB
2026/08/03 13:04:37.972, 3, P0, 33, 252.87 W, 1965 MHz, 3996 MHz, 76 %, 162733 MiB
2026/08/03 13:04:37.972, 4, P0, 34, 247.78 W, 1965 MHz, 3996 MHz, 73 %, 162733 MiB
2026/08/03 13:04:37.972, 5, P0, 36, 250.53 W, 1965 MHz, 3996 MHz, 21 %, 162733 MiB
2026/08/03 13:04:37.972, 6, P0, 33, 252.71 W, 1965 MHz, 3996 MHz, 58 %, 162733 MiB
2026/08/03 13:04:37.972, 7, P0, 37, 254.61 W, 1965 MHz, 3996 MHz, 64 %, 161773 MiB
2026/08/03 13:04:38.972, 0, P0, 36, 254.57 W, 1965 MHz, 3996 MHz, 35 %, 162541 MiB
2026/08/03 13:04:38.972, 1, P0, 34, 253.89 W, 1965 MHz, 3996 MHz, 43 %, 162733 MiB
2026/08/03 13:04:38.972, 2, P0, 37, 251.05 W, 1965 MHz, 3996 MHz, 74 %, 162733 MiB
2026/08/03 13:04:38.972, 3, P0, 33, 253.10 W, 1965 MHz, 3996 MHz, 67 %, 162733 MiB
2026/08/03 13:04:38.972, 4, P0, 34, 248.45 W, 1965 MHz, 3996 MHz, 59 %, 162733 MiB
2026/08/03 13:04:38.972, 5, P0, 36, 250.93 W, 1965 MHz, 3996 MHz, 11 %, 162733 MiB
2026/08/03 13:04:38.973, 6, P0, 33, 253.53 W, 1965 MHz, 3996 MHz, 74 %, 162733 MiB
2026/08/03 13:04:38.973, 7, P0, 37, 255.51 W, 1965 MHz, 3996 MHz, 79 %, 161773 MiB
2026/08/03 13:04:39.973, 0, P0, 36, 254.07 W, 1965 MHz, 3996 MHz, 79 %, 162541 MiB
2026/08/03 13:04:39.973, 1, P0, 34, 253.67 W, 1965 MHz, 3996 MHz, 83 %, 162733 MiB
2026/08/03 13:04:39.973, 2, P0, 37, 251.90 W, 1965 MHz, 3996 MHz, 85 %, 162733 MiB
2026/08/03 13:04:39.973, 3, P0, 33, 253.87 W, 1965 MHz, 3996 MHz, 84 %, 162733 MiB
2026/08/03 13:04:39.973, 4, P0, 34, 248.93 W, 1965 MHz, 3996 MHz, 60 %, 162733 MiB
2026/08/03 13:04:39.973, 5, P0, 36, 251.90 W, 1965 MHz, 3996 MHz, 39 %, 162733 MiB
2026/08/03 13:04:39.973, 6, P0, 33, 250.07 W, 1965 MHz, 3996 MHz, 27 %, 162733 MiB
2026/08/03 13:04:39.973, 7, P0, 37, 255.38 W, 1965 MHz, 3996 MHz, 51 %, 161773 MiB
2026/08/03 13:04:40.973, 0, P0, 36, 252.50 W, 1965 MHz, 3996 MHz, 61 %, 162541 MiB
2026/08/03 13:04:40.973, 1, P0, 34, 251.62 W, 1965 MHz, 3996 MHz, 78 %, 162733 MiB
2026/08/03 13:04:40.973, 2, P0, 37, 250.47 W, 1965 MHz, 3996 MHz, 80 %, 162733 MiB
2026/08/03 13:04:40.973, 3, P0, 33, 252.45 W, 1965 MHz, 3996 MHz, 91 %, 162733 MiB
2026/08/03 13:04:40.973, 4, P0, 34, 246.28 W, 1965 MHz, 3996 MHz, 43 %, 162733 MiB
2026/08/03 13:04:40.973, 5, P0, 36, 252.15 W, 1965 MHz, 3996 MHz, 18 %, 162733 MiB
2026/08/03 13:04:40.973, 6, P0, 33, 248.40 W, 1965 MHz, 3996 MHz, 33 %, 162733 MiB
2026/08/03 13:04:40.973, 7, P0, 37, 252.41 W, 1965 MHz, 3996 MHz, 34 %, 161773 MiB
2026/08/03 13:04:41.973, 0, P0, 36, 251.80 W, 1965 MHz, 3996 MHz, 19 %, 162541 MiB
2026/08/03 13:04:41.973, 1, P0, 33, 251.59 W, 1965 MHz, 3996 MHz, 45 %, 162733 MiB
2026/08/03 13:04:41.973, 2, P0, 36, 250.51 W, 1965 MHz, 3996 MHz, 86 %, 162733 MiB
2026/08/03 13:04:41.973, 3, P0, 33, 251.68 W, 1965 MHz, 3996 MHz, 61 %, 162733 MiB
2026/08/03 13:04:41.973, 4, P0, 34, 245.99 W, 1965 MHz, 3996 MHz, 33 %, 162733 MiB
2026/08/03 13:04:41.973, 5, P0, 36, 252.10 W, 1965 MHz, 3996 MHz, 36 %, 162733 MiB
2026/08/03 13:04:41.973, 6, P0, 33, 249.14 W, 1965 MHz, 3996 MHz, 29 %, 162733 MiB
2026/08/03 13:04:41.973, 7, P0, 37, 250.74 W, 1965 MHz, 3996 MHz, 11 %, 161773 MiB
2026/08/03 13:04:42.973, 0, P0, 36, 254.28 W, 1965 MHz, 3996 MHz, 70 %, 162541 MiB
2026/08/03 13:04:42.974, 1, P0, 34, 254.40 W, 1965 MHz, 3996 MHz, 77 %, 162733 MiB
2026/08/03 13:04:42.974, 2, P0, 37, 252.16 W, 1965 MHz, 3996 MHz, 84 %, 162733 MiB
2026/08/03 13:04:42.974, 3, P0, 33, 254.32 W, 1965 MHz, 3996 MHz, 80 %, 162733 MiB
2026/08/03 13:04:42.974, 4, P0, 34, 249.95 W, 1965 MHz, 3996 MHz, 52 %, 162733 MiB
2026/08/03 13:04:42.974, 5, P0, 36, 252.13 W, 1965 MHz, 3996 MHz, 30 %, 162733 MiB
2026/08/03 13:04:42.974, 6, P0, 33, 252.52 W, 1965 MHz, 3996 MHz, 49 %, 162733 MiB
2026/08/03 13:04:42.974, 7, P0, 37, 254.40 W, 1965 MHz, 3996 MHz, 52 %, 161773 MiB
2026/08/03 13:04:43.974, 0, P0, 36, 252.09 W, 1965 MHz, 3996 MHz, 17 %, 162541 MiB
2026/08/03 13:04:43.974, 1, P0, 34, 251.84 W, 1965 MHz, 3996 MHz, 52 %, 162733 MiB
2026/08/03 13:04:43.974, 2, P0, 37, 251.25 W, 1965 MHz, 3996 MHz, 72 %, 162733 MiB
2026/08/03 13:04:43.974, 3, P0, 33, 252.42 W, 1965 MHz, 3996 MHz, 70 %, 162733 MiB
2026/08/03 13:04:43.974, 4, P0, 34, 246.74 W, 1965 MHz, 3996 MHz, 43 %, 162733 MiB
2026/08/03 13:04:43.974, 5, P0, 36, 249.92 W, 1965 MHz, 3996 MHz, 14 %, 162733 MiB
2026/08/03 13:04:43.974, 6, P0, 33, 250.18 W, 1965 MHz, 3996 MHz, 17 %, 162733 MiB
2026/08/03 13:04:43.974, 7, P0, 37, 253.10 W, 1965 MHz, 3996 MHz, 24 %, 161773 MiB
2026/08/03 13:04:44.974, 0, P0, 36, 252.42 W, 1965 MHz, 3996 MHz, 22 %, 162541 MiB
2026/08/03 13:04:44.974, 1, P0, 33, 251.39 W, 1965 MHz, 3996 MHz, 61 %, 162733 MiB
2026/08/03 13:04:44.974, 2, P0, 37, 251.08 W, 1965 MHz, 3996 MHz, 84 %, 162733 MiB
2026/08/03 13:04:44.974, 3, P0, 33, 252.12 W, 1965 MHz, 3996 MHz, 61 %, 162733 MiB
2026/08/03 13:04:44.974, 4, P0, 34, 246.42 W, 1965 MHz, 3996 MHz, 6 %, 162733 MiB
2026/08/03 13:04:44.974, 5, P0, 36, 251.51 W, 1965 MHz, 3996 MHz, 56 %, 162733 MiB
2026/08/03 13:04:44.974, 6, P0, 33, 250.31 W, 1965 MHz, 3996 MHz, 14 %, 162733 MiB
2026/08/03 13:04:44.974, 7, P0, 37, 253.59 W, 1965 MHz, 3996 MHz, 33 %, 161773 MiB
2026/08/03 13:04:45.974, 0, P0, 36, 254.12 W, 1965 MHz, 3996 MHz, 46 %, 162541 MiB
2026/08/03 13:04:45.974, 1, P0, 33, 254.10 W, 1965 MHz, 3996 MHz, 56 %, 162733 MiB
2026/08/03 13:04:45.974, 2, P0, 37, 251.42 W, 1965 MHz, 3996 MHz, 76 %, 162733 MiB
2026/08/03 13:04:45.974, 3, P0, 33, 252.63 W, 1965 MHz, 3996 MHz, 36 %, 162733 MiB
2026/08/03 13:04:45.974, 4, P0, 34, 248.87 W, 1965 MHz, 3996 MHz, 50 %, 162733 MiB
2026/08/03 13:04:45.974, 5, P0, 36, 250.76 W, 1965 MHz, 3996 MHz, 8 %, 162733 MiB
2026/08/03 13:04:45.974, 6, P0, 33, 251.94 W, 1965 MHz, 3996 MHz, 53 %, 162733 MiB
2026/08/03 13:04:45.974, 7, P0, 37, 255.64 W, 1965 MHz, 3996 MHz, 49 %, 161773 MiB
2026/08/03 13:04:46.975, 0, P0, 36, 250.60 W, 1965 MHz, 3996 MHz, 36 %, 162541 MiB
2026/08/03 13:04:46.975, 1, P0, 33, 251.50 W, 1965 MHz, 3996 MHz, 54 %, 162733 MiB
2026/08/03 13:04:46.975, 2, P0, 36, 250.24 W, 1965 MHz, 3996 MHz, 82 %, 162733 MiB
2026/08/03 13:04:46.975, 3, P0, 33, 251.82 W, 1965 MHz, 3996 MHz, 76 %, 162733 MiB
2026/08/03 13:04:46.975, 4, P0, 34, 246.48 W, 1965 MHz, 3996 MHz, 40 %, 162733 MiB
2026/08/03 13:04:46.975, 5, P0, 36, 250.55 W, 1965 MHz, 3996 MHz, 6 %, 162733 MiB
2026/08/03 13:04:46.975, 6, P0, 33, 249.80 W, 1965 MHz, 3996 MHz, 52 %, 162733 MiB
2026/08/03 13:04:46.975, 7, P0, 37, 252.31 W, 1965 MHz, 3996 MHz, 49 %, 161773 MiB
2026/08/03 13:04:47.975, 0, P0, 36, 252.00 W, 1965 MHz, 3996 MHz, 70 %, 162541 MiB
2026/08/03 13:04:47.975, 1, P0, 33, 251.66 W, 1965 MHz, 3996 MHz, 26 %, 162733 MiB
2026/08/03 13:04:47.975, 2, P0, 36, 251.10 W, 1965 MHz, 3996 MHz, 78 %, 162733 MiB
2026/08/03 13:04:47.975, 3, P0, 33, 252.44 W, 1965 MHz, 3996 MHz, 81 %, 162733 MiB
2026/08/03 13:04:47.975, 4, P0, 34, 247.37 W, 1965 MHz, 3996 MHz, 41 %, 162733 MiB
2026/08/03 13:04:47.975, 5, P0, 36, 252.83 W, 1965 MHz, 3996 MHz, 9 %, 162733 MiB
2026/08/03 13:04:47.975, 6, P0, 33, 249.88 W, 1965 MHz, 3996 MHz, 37 %, 162733 MiB
2026/08/03 13:04:47.975, 7, P0, 37, 252.77 W, 1965 MHz, 3996 MHz, 38 %, 161773 MiB
2026/08/03 13:04:48.975, 0, P0, 36, 252.22 W, 1965 MHz, 3996 MHz, 32 %, 162541 MiB
2026/08/03 13:04:48.975, 1, P0, 33, 251.67 W, 1965 MHz, 3996 MHz, 43 %, 162733 MiB
2026/08/03 13:04:48.975, 2, P0, 36, 250.64 W, 1965 MHz, 3996 MHz, 76 %, 162733 MiB
2026/08/03 13:04:48.975, 3, P0, 33, 252.41 W, 1965 MHz, 3996 MHz, 73 %, 162733 MiB
2026/08/03 13:04:48.975, 4, P0, 34, 246.07 W, 1965 MHz, 3996 MHz, 30 %, 162733 MiB
2026/08/03 13:04:48.975, 5, P0, 36, 250.70 W, 1965 MHz, 3996 MHz, 7 %, 162733 MiB
2026/08/03 13:04:48.975, 6, P0, 33, 251.19 W, 1965 MHz, 3996 MHz, 74 %, 162733 MiB
2026/08/03 13:04:48.975, 7, P0, 37, 252.66 W, 1965 MHz, 3996 MHz, 84 %, 161773 MiB
2026/08/03 13:04:49.975, 0, P0, 36, 252.73 W, 1965 MHz, 3996 MHz, 58 %, 162541 MiB
2026/08/03 13:04:49.975, 1, P0, 34, 252.84 W, 1965 MHz, 3996 MHz, 81 %, 162733 MiB
2026/08/03 13:04:49.975, 2, P0, 36, 251.42 W, 1965 MHz, 3996 MHz, 77 %, 162733 MiB
2026/08/03 13:04:49.975, 3, P0, 33, 252.32 W, 1965 MHz, 3996 MHz, 86 %, 162733 MiB
2026/08/03 13:04:49.975, 4, P0, 34, 248.01 W, 1965 MHz, 3996 MHz, 58 %, 162733 MiB
2026/08/03 13:04:49.975, 5, P0, 36, 252.52 W, 1965 MHz, 3996 MHz, 31 %, 162733 MiB
2026/08/03 13:04:49.976, 6, P0, 33, 248.80 W, 1965 MHz, 3996 MHz, 72 %, 162733 MiB
2026/08/03 13:04:49.976, 7, P0, 37, 254.13 W, 1965 MHz, 3996 MHz, 78 %, 161773 MiB
2026/08/03 13:04:50.976, 0, P0, 36, 250.25 W, 1965 MHz, 3996 MHz, 30 %, 162541 MiB
2026/08/03 13:04:50.976, 1, P0, 33, 251.46 W, 1965 MHz, 3996 MHz, 48 %, 162733 MiB
2026/08/03 13:04:50.976, 2, P0, 36, 250.31 W, 1965 MHz, 3996 MHz, 71 %, 162733 MiB
2026/08/03 13:04:50.976, 3, P0, 33, 252.08 W, 1965 MHz, 3996 MHz, 58 %, 162733 MiB
2026/08/03 13:04:50.976, 4, P0, 34, 246.61 W, 1965 MHz, 3996 MHz, 48 %, 162733 MiB
2026/08/03 13:04:50.976, 5, P0, 36, 251.13 W, 1965 MHz, 3996 MHz, 19 %, 162733 MiB
2026/08/03 13:04:50.976, 6, P0, 33, 248.69 W, 1965 MHz, 3996 MHz, 8 %, 162733 MiB
2026/08/03 13:04:50.976, 7, P0, 37, 252.70 W, 1965 MHz, 3996 MHz, 24 %, 161773 MiB
2026/08/03 13:04:51.976, 0, P0, 36, 252.79 W, 1965 MHz, 3996 MHz, 74 %, 162541 MiB
2026/08/03 13:04:51.976, 1, P0, 34, 253.09 W, 1965 MHz, 3996 MHz, 74 %, 162733 MiB
2026/08/03 13:04:51.976, 2, P0, 36, 250.71 W, 1965 MHz, 3996 MHz, 85 %, 162733 MiB
2026/08/03 13:04:51.976, 3, P0, 33, 253.31 W, 1965 MHz, 3996 MHz, 73 %, 162733 MiB
2026/08/03 13:04:51.976, 4, P0, 34, 248.08 W, 1965 MHz, 3996 MHz, 80 %, 162733 MiB
2026/08/03 13:04:51.976, 5, P0, 36, 250.45 W, 1965 MHz, 3996 MHz, 6 %, 162733 MiB
2026/08/03 13:04:51.976, 6, P0, 33, 250.54 W, 1965 MHz, 3996 MHz, 25 %, 162733 MiB
2026/08/03 13:04:51.976, 7, P0, 37, 254.17 W, 1965 MHz, 3996 MHz, 35 %, 161773 MiB
2026/08/03 13:04:52.976, 0, P0, 36, 255.76 W, 1965 MHz, 3996 MHz, 40 %, 162541 MiB
2026/08/03 13:04:52.976, 1, P0, 34, 254.62 W, 1965 MHz, 3996 MHz, 85 %, 162733 MiB
2026/08/03 13:04:52.976, 2, P0, 37, 252.07 W, 1965 MHz, 3996 MHz, 83 %, 162733 MiB
2026/08/03 13:04:52.976, 3, P0, 33, 254.44 W, 1965 MHz, 3996 MHz, 96 %, 162733 MiB
2026/08/03 13:04:52.976, 4, P0, 34, 249.32 W, 1965 MHz, 3996 MHz, 48 %, 162733 MiB
2026/08/03 13:04:52.976, 5, P0, 36, 250.63 W, 1965 MHz, 3996 MHz, 6 %, 162733 MiB
2026/08/03 13:04:52.976, 6, P0, 33, 253.92 W, 1965 MHz, 3996 MHz, 56 %, 162733 MiB
2026/08/03 13:04:52.976, 7, P0, 37, 256.11 W, 1965 MHz, 3996 MHz, 75 %, 161773 MiB
2026/08/03 13:04:53.976, 0, P0, 36, 254.54 W, 1965 MHz, 3996 MHz, 54 %, 162541 MiB
2026/08/03 13:04:53.977, 1, P0, 34, 253.91 W, 1965 MHz, 3996 MHz, 72 %, 162733 MiB
2026/08/03 13:04:53.977, 2, P0, 37, 251.66 W, 1965 MHz, 3996 MHz, 81 %, 162733 MiB
2026/08/03 13:04:53.977, 3, P0, 33, 253.74 W, 1965 MHz, 3996 MHz, 80 %, 162733 MiB
2026/08/03 13:04:53.977, 4, P0, 34, 248.81 W, 1965 MHz, 3996 MHz, 63 %, 162733 MiB
2026/08/03 13:04:53.977, 5, P0, 36, 249.43 W, 1965 MHz, 3996 MHz, 6 %, 162733 MiB
2026/08/03 13:04:53.977, 6, P0, 33, 253.69 W, 1965 MHz, 3996 MHz, 62 %, 162733 MiB
2026/08/03 13:04:53.977, 7, P0, 37, 254.33 W, 1965 MHz, 3996 MHz, 53 %, 161773 MiB
2026/08/03 13:04:54.977, 0, P0, 36, 256.84 W, 1965 MHz, 3996 MHz, 62 %, 162541 MiB
2026/08/03 13:04:54.977, 1, P0, 34, 254.88 W, 1965 MHz, 3996 MHz, 79 %, 162733 MiB
2026/08/03 13:04:54.977, 2, P0, 37, 252.61 W, 1965 MHz, 3996 MHz, 77 %, 162733 MiB
2026/08/03 13:04:54.977, 3, P0, 33, 254.59 W, 1965 MHz, 3996 MHz, 81 %, 162733 MiB
2026/08/03 13:04:54.977, 4, P0, 34, 249.96 W, 1965 MHz, 3996 MHz, 69 %, 162733 MiB
2026/08/03 13:04:54.977, 5, P0, 36, 250.43 W, 1965 MHz, 3996 MHz, 31 %, 162733 MiB
2026/08/03 13:04:54.977, 6, P0, 33, 254.49 W, 1965 MHz, 3996 MHz, 63 %, 162733 MiB
2026/08/03 13:04:54.977, 7, P0, 37, 256.24 W, 1965 MHz, 3996 MHz, 63 %, 161773 MiB
2026/08/03 13:04:55.977, 0, P0, 36, 255.82 W, 1965 MHz, 3996 MHz, 64 %, 162541 MiB
2026/08/03 13:04:55.977, 1, P0, 34, 255.33 W, 1965 MHz, 3996 MHz, 73 %, 162733 MiB
2026/08/03 13:04:55.977, 2, P0, 37, 250.89 W, 1965 MHz, 3996 MHz, 74 %, 162733 MiB
2026/08/03 13:04:55.977, 3, P0, 33, 253.91 W, 1965 MHz, 3996 MHz, 77 %, 162733 MiB
2026/08/03 13:04:55.977, 4, P0, 34, 250.20 W, 1965 MHz, 3996 MHz, 74 %, 162733 MiB
2026/08/03 13:04:55.977, 5, P0, 36, 250.60 W, 1965 MHz, 3996 MHz, 6 %, 162733 MiB
2026/08/03 13:04:55.977, 6, P0, 33, 253.99 W, 1965 MHz, 3996 MHz, 69 %, 162733 MiB
2026/08/03 13:04:55.977, 7, P0, 37, 256.61 W, 1965 MHz, 3996 MHz, 62 %, 161773 MiB
2026/08/03 13:04:56.977, 0, P0, 36, 254.89 W, 1965 MHz, 3996 MHz, 34 %, 162541 MiB
2026/08/03 13:04:56.977, 1, P0, 34, 254.94 W, 1965 MHz, 3996 MHz, 67 %, 162733 MiB
2026/08/03 13:04:56.977, 2, P0, 37, 252.35 W, 1965 MHz, 3996 MHz, 89 %, 162733 MiB
2026/08/03 13:04:56.977, 3, P0, 33, 254.34 W, 1965 MHz, 3996 MHz, 81 %, 162733 MiB
2026/08/03 13:04:56.977, 4, P0, 34, 251.03 W, 1965 MHz, 3996 MHz, 77 %, 162733 MiB
2026/08/03 13:04:56.977, 5, P0, 36, 250.26 W, 1965 MHz, 3996 MHz, 6 %, 162733 MiB
2026/08/03 13:04:56.977, 6, P0, 33, 254.11 W, 1965 MHz, 3996 MHz, 65 %, 162733 MiB
2026/08/03 13:04:56.978, 7, P0, 37, 256.66 W, 1965 MHz, 3996 MHz, 74 %, 161773 MiB
2026/08/03 13:04:57.978, 0, P0, 36, 256.44 W, 1965 MHz, 3996 MHz, 72 %, 162541 MiB
2026/08/03 13:04:57.978, 1, P0, 34, 254.73 W, 1965 MHz, 3996 MHz, 72 %, 162733 MiB
2026/08/03 13:04:57.978, 2, P0, 36, 252.41 W, 1965 MHz, 3996 MHz, 90 %, 162733 MiB
2026/08/03 13:04:57.978, 3, P0, 33, 254.34 W, 1965 MHz, 3996 MHz, 78 %, 162733 MiB
2026/08/03 13:04:57.978, 4, P0, 34, 250.42 W, 1965 MHz, 3996 MHz, 74 %, 162733 MiB
2026/08/03 13:04:57.978, 5, P0, 36, 249.52 W, 1965 MHz, 3996 MHz, 6 %, 162733 MiB
2026/08/03 13:04:57.978, 6, P0, 33, 255.04 W, 1965 MHz, 3996 MHz, 69 %, 162733 MiB
2026/08/03 13:04:57.978, 7, P0, 37, 256.10 W, 1965 MHz, 3996 MHz, 66 %, 161773 MiB
2026/08/03 13:04:58.978, 0, P0, 36, 255.71 W, 1965 MHz, 3996 MHz, 67 %, 162541 MiB
2026/08/03 13:04:58.978, 1, P0, 34, 254.48 W, 1965 MHz, 3996 MHz, 80 %, 162733 MiB
2026/08/03 13:04:58.978, 2, P0, 36, 252.02 W, 1965 MHz, 3996 MHz, 78 %, 162733 MiB
2026/08/03 13:04:58.978, 3, P0, 33, 254.54 W, 1965 MHz, 3996 MHz, 76 %, 162733 MiB
2026/08/03 13:04:58.978, 4, P0, 34, 250.43 W, 1965 MHz, 3996 MHz, 72 %, 162733 MiB
2026/08/03 13:04:58.978, 5, P0, 36, 249.32 W, 1965 MHz, 3996 MHz, 6 %, 162733 MiB
2026/08/03 13:04:58.978, 6, P0, 33, 254.43 W, 1965 MHz, 3996 MHz, 59 %, 162733 MiB
2026/08/03 13:04:58.978, 7, P0, 37, 256.29 W, 1965 MHz, 3996 MHz, 58 %, 161773 MiB
2026/08/03 13:04:59.978, 0, P0, 36, 255.98 W, 1965 MHz, 3996 MHz, 55 %, 162541 MiB
2026/08/03 13:04:59.978, 1, P0, 34, 254.29 W, 1965 MHz, 3996 MHz, 73 %, 162733 MiB
2026/08/03 13:04:59.978, 2, P0, 37, 252.11 W, 1965 MHz, 3996 MHz, 83 %, 162733 MiB
2026/08/03 13:04:59.978, 3, P0, 33, 254.65 W, 1965 MHz, 3996 MHz, 78 %, 162733 MiB
2026/08/03 13:04:59.978, 4, P0, 34, 250.05 W, 1965 MHz, 3996 MHz, 68 %, 162733 MiB
2026/08/03 13:04:59.978, 5, P0, 36, 250.67 W, 1965 MHz, 3996 MHz, 27 %, 162733 MiB
2026/08/03 13:04:59.978, 6, P0, 33, 254.52 W, 1965 MHz, 3996 MHz, 58 %, 162733 MiB
2026/08/03 13:04:59.978, 7, P0, 37, 255.37 W, 1965 MHz, 3996 MHz, 62 %, 161773 MiB
2026/08/03 13:05:00.978, 0, P0, 36, 255.31 W, 1965 MHz, 3996 MHz, 67 %, 162541 MiB
2026/08/03 13:05:00.978, 1, P0, 34, 254.55 W, 1965 MHz, 3996 MHz, 62 %, 162733 MiB
2026/08/03 13:05:00.978, 2, P0, 36, 252.31 W, 1965 MHz, 3996 MHz, 79 %, 162733 MiB
2026/08/03 13:05:00.978, 3, P0, 33, 253.86 W, 1965 MHz, 3996 MHz, 79 %, 162733 MiB
2026/08/03 13:05:00.978, 4, P0, 34, 249.90 W, 1965 MHz, 3996 MHz, 74 %, 162733 MiB
2026/08/03 13:05:00.978, 5, P0, 36, 249.63 W, 1965 MHz, 3996 MHz, 6 %, 162733 MiB
2026/08/03 13:05:00.979, 6, P0, 33, 254.02 W, 1965 MHz, 3996 MHz, 65 %, 162733 MiB
2026/08/03 13:05:00.979, 7, P0, 37, 256.01 W, 1965 MHz, 3996 MHz, 64 %, 161773 MiB
2026/08/03 13:05:01.979, 0, P0, 36, 255.06 W, 1965 MHz, 3996 MHz, 75 %, 162541 MiB
2026/08/03 13:05:01.979, 1, P0, 34, 254.36 W, 1965 MHz, 3996 MHz, 74 %, 162733 MiB
2026/08/03 13:05:01.979, 2, P0, 37, 252.17 W, 1965 MHz, 3996 MHz, 91 %, 162733 MiB
2026/08/03 13:05:01.979, 3, P0, 33, 254.69 W, 1965 MHz, 3996 MHz, 86 %, 162733 MiB
2026/08/03 13:05:01.979, 4, P0, 34, 249.54 W, 1965 MHz, 3996 MHz, 68 %, 162733 MiB
2026/08/03 13:05:01.979, 5, P0, 36, 249.77 W, 1965 MHz, 3996 MHz, 6 %, 162733 MiB
2026/08/03 13:05:01.979, 6, P0, 33, 253.74 W, 1965 MHz, 3996 MHz, 58 %, 162733 MiB
2026/08/03 13:05:01.979, 7, P0, 37, 256.38 W, 1965 MHz, 3996 MHz, 65 %, 161773 MiB
2026/08/03 13:05:02.979, 0, P0, 36, 256.08 W, 1965 MHz, 3996 MHz, 44 %, 162541 MiB
2026/08/03 13:05:02.979, 1, P0, 34, 254.39 W, 1965 MHz, 3996 MHz, 75 %, 162733 MiB
2026/08/03 13:05:02.979, 2, P0, 36, 251.84 W, 1965 MHz, 3996 MHz, 55 %, 162733 MiB
2026/08/03 13:05:02.979, 3, P0, 33, 254.91 W, 1965 MHz, 3996 MHz, 81 %, 162733 MiB
2026/08/03 13:05:02.979, 4, P0, 34, 249.12 W, 1965 MHz, 3996 MHz, 72 %, 162733 MiB
2026/08/03 13:05:02.979, 5, P0, 36, 252.20 W, 1965 MHz, 3996 MHz, 29 %, 162733 MiB
2026/08/03 13:05:02.979, 6, P0, 33, 252.79 W, 1965 MHz, 3996 MHz, 74 %, 162733 MiB
2026/08/03 13:05:02.979, 7, P0, 37, 255.90 W, 1965 MHz, 3996 MHz, 46 %, 161773 MiB
2026/08/03 13:05:03.979, 0, P0, 36, 255.96 W, 1965 MHz, 3996 MHz, 56 %, 162541 MiB
2026/08/03 13:05:03.979, 1, P0, 34, 255.12 W, 1965 MHz, 3996 MHz, 84 %, 162733 MiB
2026/08/03 13:05:03.979, 2, P0, 36, 252.07 W, 1965 MHz, 3996 MHz, 79 %, 162733 MiB
2026/08/03 13:05:03.979, 3, P0, 33, 253.85 W, 1965 MHz, 3996 MHz, 81 %, 162733 MiB
2026/08/03 13:05:03.979, 4, P0, 34, 249.46 W, 1965 MHz, 3996 MHz, 65 %, 162733 MiB
2026/08/03 13:05:03.979, 5, P0, 36, 250.15 W, 1965 MHz, 3996 MHz, 6 %, 162733 MiB
2026/08/03 13:05:03.979, 6, P0, 33, 253.78 W, 1965 MHz, 3996 MHz, 57 %, 162733 MiB
2026/08/03 13:05:03.979, 7, P0, 37, 256.38 W, 1965 MHz, 3996 MHz, 63 %, 161773 MiB
2026/08/03 13:05:04.979, 0, P0, 36, 256.23 W, 1965 MHz, 3996 MHz, 62 %, 162541 MiB
2026/08/03 13:05:04.979, 1, P0, 34, 255.35 W, 1965 MHz, 3996 MHz, 80 %, 162733 MiB
2026/08/03 13:05:04.980, 2, P0, 37, 252.42 W, 1965 MHz, 3996 MHz, 83 %, 162733 MiB
2026/08/03 13:05:04.980, 3, P0, 33, 254.92 W, 1965 MHz, 3996 MHz, 80 %, 162733 MiB
2026/08/03 13:05:04.980, 4, P0, 34, 250.26 W, 1965 MHz, 3996 MHz, 77 %, 162733 MiB
2026/08/03 13:05:04.980, 5, P0, 36, 249.67 W, 1965 MHz, 3996 MHz, 7 %, 162733 MiB
2026/08/03 13:05:04.980, 6, P0, 33, 254.91 W, 1965 MHz, 3996 MHz, 61 %, 162733 MiB
2026/08/03 13:05:04.980, 7, P0, 37, 256.48 W, 1965 MHz, 3996 MHz, 66 %, 161773 MiB
2026/08/03 13:05:05.980, 0, P0, 36, 254.93 W, 1965 MHz, 3996 MHz, 40 %, 162541 MiB
2026/08/03 13:05:05.980, 1, P0, 34, 254.73 W, 1965 MHz, 3996 MHz, 69 %, 162733 MiB
2026/08/03 13:05:05.980, 2, P0, 37, 252.31 W, 1965 MHz, 3996 MHz, 81 %, 162733 MiB
2026/08/03 13:05:05.980, 3, P0, 33, 254.76 W, 1965 MHz, 3996 MHz, 76 %, 162733 MiB
2026/08/03 13:05:05.980, 4, P0, 34, 250.27 W, 1965 MHz, 3996 MHz, 73 %, 162733 MiB
2026/08/03 13:05:05.980, 5, P0, 36, 249.53 W, 1965 MHz, 3996 MHz, 6 %, 162733 MiB
2026/08/03 13:05:05.980, 6, P0, 33, 254.36 W, 1965 MHz, 3996 MHz, 67 %, 162733 MiB
2026/08/03 13:05:05.980, 7, P0, 37, 256.94 W, 1965 MHz, 3996 MHz, 70 %, 161773 MiB
2026/08/03 13:05:06.980, 0, P0, 36, 256.87 W, 1965 MHz, 3996 MHz, 76 %, 162541 MiB
2026/08/03 13:05:06.980, 1, P0, 34, 255.79 W, 1965 MHz, 3996 MHz, 79 %, 162733 MiB
2026/08/03 13:05:06.980, 2, P0, 36, 252.01 W, 1965 MHz, 3996 MHz, 86 %, 162733 MiB
2026/08/03 13:05:06.980, 3, P0, 33, 255.14 W, 1965 MHz, 3996 MHz, 88 %, 162733 MiB
2026/08/03 13:05:06.980, 4, P0, 34, 249.78 W, 1965 MHz, 3996 MHz, 74 %, 162733 MiB
2026/08/03 13:05:06.980, 5, P0, 36, 250.28 W, 1965 MHz, 3996 MHz, 6 %, 162733 MiB
2026/08/03 13:05:06.980, 6, P0, 33, 256.07 W, 1965 MHz, 3996 MHz, 83 %, 162733 MiB
2026/08/03 13:05:06.980, 7, P0, 37, 256.76 W, 1965 MHz, 3996 MHz, 84 %, 161773 MiB
2026/08/03 13:05:07.980, 0, P0, 36, 256.16 W, 1965 MHz, 3996 MHz, 52 %, 162541 MiB
2026/08/03 13:05:07.980, 1, P0, 34, 255.29 W, 1965 MHz, 3996 MHz, 74 %, 162733 MiB
2026/08/03 13:05:07.980, 2, P0, 37, 252.30 W, 1965 MHz, 3996 MHz, 85 %, 162733 MiB
2026/08/03 13:05:07.980, 3, P0, 33, 254.77 W, 1965 MHz, 3996 MHz, 86 %, 162733 MiB
2026/08/03 13:05:07.980, 4, P0, 34, 250.00 W, 1965 MHz, 3996 MHz, 66 %, 162733 MiB
2026/08/03 13:05:07.980, 5, P0, 36, 249.82 W, 1965 MHz, 3996 MHz, 6 %, 162733 MiB
2026/08/03 13:05:07.980, 6, P0, 33, 254.80 W, 1965 MHz, 3996 MHz, 72 %, 162733 MiB
2026/08/03 13:05:07.980, 7, P0, 37, 256.91 W, 1965 MHz, 3996 MHz, 74 %, 161773 MiB
2026/08/03 13:05:08.981, 0, P0, 38, 329.87 W, 1965 MHz, 3996 MHz, 27 %, 162541 MiB
2026/08/03 13:05:08.981, 1, P0, 35, 329.48 W, 1965 MHz, 3996 MHz, 67 %, 162733 MiB
2026/08/03 13:05:08.981, 2, P0, 38, 327.63 W, 1965 MHz, 3996 MHz, 82 %, 162733 MiB
2026/08/03 13:05:08.981, 3, P0, 34, 328.09 W, 1965 MHz, 3996 MHz, 80 %, 162733 MiB
2026/08/03 13:05:08.981, 4, P0, 35, 326.98 W, 1965 MHz, 3996 MHz, 62 %, 162733 MiB
2026/08/03 13:05:08.981, 5, P0, 38, 323.73 W, 1965 MHz, 3996 MHz, 9 %, 162733 MiB
2026/08/03 13:05:08.981, 6, P0, 35, 317.34 W, 1965 MHz, 3996 MHz, 90 %, 162733 MiB
2026/08/03 13:05:08.981, 7, P0, 39, 319.29 W, 1965 MHz, 3996 MHz, 89 %, 161773 MiB
2026/08/03 13:05:09.981, 0, P0, 36, 256.53 W, 1965 MHz, 3996 MHz, 47 %, 162541 MiB
2026/08/03 13:05:09.981, 1, P0, 34, 255.57 W, 1965 MHz, 3996 MHz, 73 %, 162733 MiB
2026/08/03 13:05:09.981, 2, P0, 37, 253.11 W, 1965 MHz, 3996 MHz, 88 %, 162733 MiB
2026/08/03 13:05:09.981, 3, P0, 33, 255.82 W, 1965 MHz, 3996 MHz, 87 %, 162733 MiB
2026/08/03 13:05:09.981, 4, P0, 34, 250.01 W, 1965 MHz, 3996 MHz, 53 %, 162733 MiB
2026/08/03 13:05:09.981, 5, P0, 36, 251.17 W, 1965 MHz, 3996 MHz, 6 %, 162733 MiB
2026/08/03 13:05:09.981, 6, P0, 34, 254.62 W, 1965 MHz, 3996 MHz, 48 %, 162733 MiB
2026/08/03 13:05:09.981, 7, P0, 38, 256.49 W, 1965 MHz, 3996 MHz, 52 %, 161773 MiB
2026/08/03 13:05:10.981, 0, P0, 40, 330.27 W, 1965 MHz, 3996 MHz, 64 %, 162541 MiB
2026/08/03 13:05:10.981, 1, P0, 36, 330.38 W, 1965 MHz, 3996 MHz, 80 %, 162733 MiB
2026/08/03 13:05:10.981, 2, P0, 39, 330.79 W, 1965 MHz, 3996 MHz, 92 %, 162733 MiB
2026/08/03 13:05:10.981, 3, P0, 36, 328.53 W, 1965 MHz, 3996 MHz, 78 %, 162733 MiB
2026/08/03 13:05:10.981, 4, P0, 37, 321.86 W, 1965 MHz, 3996 MHz, 74 %, 162733 MiB
2026/08/03 13:05:10.981, 5, P0, 42, 333.38 W, 1965 MHz, 3996 MHz, 73 %, 162733 MiB
2026/08/03 13:05:10.981, 6, P0, 37, 315.34 W, 1965 MHz, 3996 MHz, 40 %, 162733 MiB
2026/08/03 13:05:10.981, 7, P0, 41, 317.57 W, 1965 MHz, 3996 MHz, 60 %, 161773 MiB
2026/08/03 13:05:11.981, 0, P0, 37, 257.34 W, 1965 MHz, 3996 MHz, 61 %, 162541 MiB
2026/08/03 13:05:11.981, 1, P0, 34, 255.94 W, 1965 MHz, 3996 MHz, 72 %, 162733 MiB
2026/08/03 13:05:11.981, 2, P0, 37, 253.69 W, 1965 MHz, 3996 MHz, 86 %, 162733 MiB
2026/08/03 13:05:11.982, 3, P0, 33, 257.20 W, 1965 MHz, 3996 MHz, 87 %, 162733 MiB
2026/08/03 13:05:11.982, 4, P0, 34, 249.82 W, 1965 MHz, 3996 MHz, 57 %, 162733 MiB
2026/08/03 13:05:11.982, 5, P0, 36, 251.43 W, 1965 MHz, 3996 MHz, 7 %, 162733 MiB
2026/08/03 13:05:11.982, 6, P0, 34, 263.98 W, 1965 MHz, 3996 MHz, 39 %, 162733 MiB
2026/08/03 13:05:11.982, 7, P0, 38, 271.46 W, 1965 MHz, 3996 MHz, 66 %, 161773 MiB
2026/08/03 13:05:12.982, 0, P0, 36, 255.94 W, 1965 MHz, 3996 MHz, 73 %, 162541 MiB
2026/08/03 13:05:12.982, 1, P0, 34, 254.49 W, 1965 MHz, 3996 MHz, 56 %, 162733 MiB
2026/08/03 13:05:12.982, 2, P0, 37, 252.32 W, 1965 MHz, 3996 MHz, 86 %, 162733 MiB
2026/08/03 13:05:12.982, 3, P0, 33, 254.82 W, 1965 MHz, 3996 MHz, 79 %, 162733 MiB
2026/08/03 13:05:12.982, 4, P0, 34, 248.79 W, 1965 MHz, 3996 MHz, 41 %, 162733 MiB
2026/08/03 13:05:12.982, 5, P0, 36, 250.39 W, 1965 MHz, 3996 MHz, 25 %, 162733 MiB
2026/08/03 13:05:12.982, 6, P0, 33, 251.55 W, 1965 MHz, 3996 MHz, 48 %, 162733 MiB
2026/08/03 13:05:12.982, 7, P0, 38, 257.34 W, 1965 MHz, 3996 MHz, 71 %, 161773 MiB
2026/08/03 13:05:13.982, 0, P0, 37, 332.36 W, 1965 MHz, 3996 MHz, 55 %, 162541 MiB
2026/08/03 13:05:13.982, 1, P0, 34, 328.45 W, 1965 MHz, 3996 MHz, 57 %, 162733 MiB
2026/08/03 13:05:13.982, 2, P0, 37, 328.25 W, 1965 MHz, 3996 MHz, 74 %, 162733 MiB
2026/08/03 13:05:13.982, 3, P0, 33, 326.39 W, 1965 MHz, 3996 MHz, 60 %, 162733 MiB
2026/08/03 13:05:13.982, 4, P0, 34, 323.23 W, 1965 MHz, 3996 MHz, 44 %, 162733 MiB
2026/08/03 13:05:13.982, 5, P0, 37, 325.32 W, 1965 MHz, 3996 MHz, 8 %, 162733 MiB
2026/08/03 13:05:13.982, 6, P0, 34, 314.95 W, 1965 MHz, 3996 MHz, 8 %, 162733 MiB
2026/08/03 13:05:13.982, 7, P0, 38, 317.99 W, 1965 MHz, 3996 MHz, 73 %, 161773 MiB
2026/08/03 13:05:14.982, 0, P0, 36, 253.34 W, 1965 MHz, 3996 MHz, 51 %, 162541 MiB
2026/08/03 13:05:14.982, 1, P0, 34, 254.24 W, 1965 MHz, 3996 MHz, 45 %, 162733 MiB
2026/08/03 13:05:14.982, 2, P0, 37, 252.28 W, 1965 MHz, 3996 MHz, 75 %, 162733 MiB
2026/08/03 13:05:14.982, 3, P0, 33, 253.38 W, 1965 MHz, 3996 MHz, 54 %, 162733 MiB
2026/08/03 13:05:14.982, 4, P0, 34, 248.16 W, 1965 MHz, 3996 MHz, 42 %, 162733 MiB
2026/08/03 13:05:14.982, 5, P0, 36, 254.49 W, 1965 MHz, 3996 MHz, 11 %, 162733 MiB
2026/08/03 13:05:14.982, 6, P0, 33, 250.35 W, 1965 MHz, 3996 MHz, 25 %, 162733 MiB
2026/08/03 13:05:14.982, 7, P0, 38, 256.24 W, 1965 MHz, 3996 MHz, 58 %, 161773 MiB
2026/08/03 13:05:15.983, 0, P0, 37, 330.11 W, 1965 MHz, 3996 MHz, 74 %, 162541 MiB
2026/08/03 13:05:15.983, 1, P0, 34, 330.65 W, 1965 MHz, 3996 MHz, 85 %, 162733 MiB
2026/08/03 13:05:15.983, 2, P0, 37, 327.74 W, 1965 MHz, 3996 MHz, 71 %, 162733 MiB
2026/08/03 13:05:15.983, 3, P0, 34, 327.12 W, 1965 MHz, 3996 MHz, 90 %, 162733 MiB
2026/08/03 13:05:15.983, 4, P0, 34, 321.49 W, 1965 MHz, 3996 MHz, 31 %, 162733 MiB
2026/08/03 13:05:15.983, 5, P0, 37, 329.88 W, 1965 MHz, 3996 MHz, 8 %, 162733 MiB
2026/08/03 13:05:15.983, 6, P0, 34, 314.06 W, 1965 MHz, 3996 MHz, 7 %, 162733 MiB
2026/08/03 13:05:15.983, 7, P0, 38, 319.69 W, 1965 MHz, 3996 MHz, 48 %, 161773 MiB
2026/08/03 13:05:16.983, 0, P0, 37, 255.52 W, 1965 MHz, 3996 MHz, 75 %, 162541 MiB
2026/08/03 13:05:16.983, 1, P0, 34, 254.73 W, 1965 MHz, 3996 MHz, 86 %, 162733 MiB
2026/08/03 13:05:16.983, 2, P0, 37, 252.29 W, 1965 MHz, 3996 MHz, 79 %, 162733 MiB
2026/08/03 13:05:16.983, 3, P0, 33, 254.35 W, 1965 MHz, 3996 MHz, 81 %, 162733 MiB
2026/08/03 13:05:16.983, 4, P0, 34, 247.45 W, 1965 MHz, 3996 MHz, 49 %, 162733 MiB
2026/08/03 13:05:16.983, 5, P0, 36, 251.16 W, 1965 MHz, 3996 MHz, 60 %, 162733 MiB
2026/08/03 13:05:16.983, 6, P0, 34, 253.35 W, 1965 MHz, 3996 MHz, 71 %, 162733 MiB
2026/08/03 13:05:16.983, 7, P0, 38, 256.27 W, 1965 MHz, 3996 MHz, 49 %, 161773 MiB
2026/08/03 13:05:17.983, 0, P0, 36, 254.45 W, 1965 MHz, 3996 MHz, 53 %, 162541 MiB
2026/08/03 13:05:17.983, 1, P0, 34, 253.76 W, 1965 MHz, 3996 MHz, 77 %, 162733 MiB
2026/08/03 13:05:17.983, 2, P0, 37, 251.42 W, 1965 MHz, 3996 MHz, 71 %, 162733 MiB
2026/08/03 13:05:17.983, 3, P0, 33, 252.96 W, 1965 MHz, 3996 MHz, 76 %, 162733 MiB
2026/08/03 13:05:17.983, 4, P0, 34, 246.07 W, 1965 MHz, 3996 MHz, 29 %, 162733 MiB
2026/08/03 13:05:17.983, 5, P0, 36, 252.24 W, 1965 MHz, 3996 MHz, 21 %, 162733 MiB
2026/08/03 13:05:17.983, 6, P0, 33, 251.35 W, 1965 MHz, 3996 MHz, 10 %, 162733 MiB
2026/08/03 13:05:17.983, 7, P0, 38, 254.89 W, 1965 MHz, 3996 MHz, 51 %, 161773 MiB
2026/08/03 13:05:18.983, 0, P0, 36, 255.66 W, 1965 MHz, 3996 MHz, 59 %, 162541 MiB
2026/08/03 13:05:18.983, 1, P0, 34, 254.88 W, 1965 MHz, 3996 MHz, 70 %, 162733 MiB
2026/08/03 13:05:18.984, 2, P0, 37, 252.36 W, 1965 MHz, 3996 MHz, 82 %, 162733 MiB
2026/08/03 13:05:18.984, 3, P0, 33, 254.60 W, 1965 MHz, 3996 MHz, 82 %, 162733 MiB
2026/08/03 13:05:18.984, 4, P0, 34, 247.86 W, 1965 MHz, 3996 MHz, 40 %, 162733 MiB
2026/08/03 13:05:18.984, 5, P0, 36, 251.16 W, 1965 MHz, 3996 MHz, 8 %, 162733 MiB
2026/08/03 13:05:18.984, 6, P0, 33, 251.89 W, 1965 MHz, 3996 MHz, 48 %, 162733 MiB
2026/08/03 13:05:18.984, 7, P0, 38, 256.72 W, 1965 MHz, 3996 MHz, 60 %, 161773 MiB
2026/08/03 13:05:19.984, 0, P0, 36, 254.04 W, 1965 MHz, 3996 MHz, 61 %, 162541 MiB
2026/08/03 13:05:19.984, 1, P0, 34, 252.34 W, 1965 MHz, 3996 MHz, 45 %, 162733 MiB
2026/08/03 13:05:19.984, 2, P0, 37, 251.98 W, 1965 MHz, 3996 MHz, 84 %, 162733 MiB
2026/08/03 13:05:19.984, 3, P0, 33, 254.08 W, 1965 MHz, 3996 MHz, 78 %, 162733 MiB
2026/08/03 13:05:19.984, 4, P0, 34, 246.24 W, 1965 MHz, 3996 MHz, 59 %, 162733 MiB
2026/08/03 13:05:19.984, 5, P0, 36, 251.29 W, 1965 MHz, 3996 MHz, 26 %, 162733 MiB
2026/08/03 13:05:19.984, 6, P0, 33, 250.12 W, 1965 MHz, 3996 MHz, 34 %, 162733 MiB
2026/08/03 13:05:19.984, 7, P0, 38, 254.95 W, 1965 MHz, 3996 MHz, 63 %, 161773 MiB
2026/08/03 13:05:20.984, 0, P0, 36, 257.03 W, 1965 MHz, 3996 MHz, 47 %, 162541 MiB
2026/08/03 13:05:20.984, 1, P0, 34, 254.21 W, 1965 MHz, 3996 MHz, 55 %, 162733 MiB
2026/08/03 13:05:20.984, 2, P0, 37, 252.13 W, 1965 MHz, 3996 MHz, 82 %, 162733 MiB
2026/08/03 13:05:20.984, 3, P0, 33, 254.95 W, 1965 MHz, 3996 MHz, 76 %, 162733 MiB
2026/08/03 13:05:20.984, 4, P0, 34, 249.45 W, 1965 MHz, 3996 MHz, 68 %, 162733 MiB
2026/08/03 13:05:20.984, 5, P0, 36, 250.70 W, 1965 MHz, 3996 MHz, 6 %, 162733 MiB
2026/08/03 13:05:20.984, 6, P0, 33, 254.47 W, 1965 MHz, 3996 MHz, 57 %, 162733 MiB
2026/08/03 13:05:20.984, 7, P0, 38, 257.11 W, 1965 MHz, 3996 MHz, 67 %, 161773 MiB
2026/08/03 13:05:21.984, 0, P0, 36, 254.81 W, 1965 MHz, 3996 MHz, 70 %, 162541 MiB
2026/08/03 13:05:21.984, 1, P0, 34, 253.42 W, 1965 MHz, 3996 MHz, 59 %, 162733 MiB
2026/08/03 13:05:21.984, 2, P0, 37, 252.43 W, 1965 MHz, 3996 MHz, 84 %, 162733 MiB
2026/08/03 13:05:21.984, 3, P0, 33, 254.08 W, 1965 MHz, 3996 MHz, 71 %, 162733 MiB
2026/08/03 13:05:21.984, 4, P0, 34, 248.76 W, 1965 MHz, 3996 MHz, 73 %, 162733 MiB
2026/08/03 13:05:21.984, 5, P0, 36, 251.61 W, 1965 MHz, 3996 MHz, 6 %, 162733 MiB
2026/08/03 13:05:21.985, 6, P0, 33, 251.61 W, 1965 MHz, 3996 MHz, 52 %, 162733 MiB
2026/08/03 13:05:21.985, 7, P0, 38, 256.62 W, 1965 MHz, 3996 MHz, 51 %, 161773 MiB
2026/08/03 13:05:22.985, 0, P0, 36, 255.03 W, 1965 MHz, 3996 MHz, 51 %, 162541 MiB
2026/08/03 13:05:22.985, 1, P0, 34, 253.59 W, 1965 MHz, 3996 MHz, 70 %, 162733 MiB
2026/08/03 13:05:22.985, 2, P0, 37, 251.85 W, 1965 MHz, 3996 MHz, 78 %, 162733 MiB
2026/08/03 13:05:22.985, 3, P0, 33, 254.13 W, 1965 MHz, 3996 MHz, 81 %, 162733 MiB
2026/08/03 13:05:22.985, 4, P0, 34, 248.98 W, 1965 MHz, 3996 MHz, 54 %, 162733 MiB
2026/08/03 13:05:22.985, 5, P0, 36, 250.52 W, 1965 MHz, 3996 MHz, 10 %, 162733 MiB
2026/08/03 13:05:22.985, 6, P0, 33, 252.84 W, 1965 MHz, 3996 MHz, 13 %, 162733 MiB
2026/08/03 13:05:22.985, 7, P0, 38, 255.92 W, 1965 MHz, 3996 MHz, 67 %, 161773 MiB
2026/08/03 13:05:23.985, 0, P0, 41, 326.03 W, 1965 MHz, 3996 MHz, 36 %, 162541 MiB
2026/08/03 13:05:23.985, 1, P0, 39, 332.03 W, 1965 MHz, 3996 MHz, 57 %, 162733 MiB
2026/08/03 13:05:23.985, 2, P0, 42, 316.70 W, 1965 MHz, 3996 MHz, 88 %, 162733 MiB
2026/08/03 13:05:23.985, 3, P0, 38, 302.25 W, 1965 MHz, 3996 MHz, 74 %, 162733 MiB
2026/08/03 13:05:23.985, 4, P0, 39, 319.55 W, 1965 MHz, 3996 MHz, 95 %, 162733 MiB
2026/08/03 13:05:23.985, 5, P0, 40, 318.14 W, 1965 MHz, 3996 MHz, 68 %, 162733 MiB
2026/08/03 13:05:23.985, 6, P0, 33, 274.43 W, 1965 MHz, 3996 MHz, 9 %, 162733 MiB
2026/08/03 13:05:23.985, 7, P0, 37, 274.54 W, 1965 MHz, 3996 MHz, 50 %, 161773 MiB
2026/08/03 13:05:24.985, 0, P0, 37, 272.38 W, 1965 MHz, 3996 MHz, 9 %, 162541 MiB
2026/08/03 13:05:24.985, 1, P0, 34, 257.06 W, 1965 MHz, 3996 MHz, 41 %, 162733 MiB
2026/08/03 13:05:24.985, 2, P0, 37, 273.35 W, 1965 MHz, 3996 MHz, 79 %, 162733 MiB
2026/08/03 13:05:24.985, 3, P0, 33, 298.99 W, 1965 MHz, 3996 MHz, 69 %, 162733 MiB
2026/08/03 13:05:24.985, 4, P0, 34, 256.54 W, 1965 MHz, 3996 MHz, 58 %, 162733 MiB
2026/08/03 13:05:24.985, 5, P0, 37, 275.54 W, 1965 MHz, 3996 MHz, 27 %, 162733 MiB
2026/08/03 13:05:24.985, 6, P0, 34, 305.26 W, 1965 MHz, 3996 MHz, 48 %, 162733 MiB
2026/08/03 13:05:24.985, 7, P0, 38, 306.14 W, 1965 MHz, 3996 MHz, 61 %, 161773 MiB
2026/08/03 13:05:25.985, 0, P0, 36, 253.21 W, 1965 MHz, 3996 MHz, 29 %, 162541 MiB
2026/08/03 13:05:25.985, 1, P0, 34, 252.48 W, 1965 MHz, 3996 MHz, 63 %, 162733 MiB
2026/08/03 13:05:25.986, 2, P0, 37, 251.38 W, 1965 MHz, 3996 MHz, 68 %, 162733 MiB
2026/08/03 13:05:25.986, 3, P0, 33, 253.67 W, 1965 MHz, 3996 MHz, 68 %, 162733 MiB
2026/08/03 13:05:25.986, 4, P0, 34, 245.91 W, 1965 MHz, 3996 MHz, 47 %, 162733 MiB
2026/08/03 13:05:25.986, 5, P0, 36, 251.77 W, 1965 MHz, 3996 MHz, 8 %, 162733 MiB
2026/08/03 13:05:25.986, 6, P0, 33, 251.77 W, 1965 MHz, 3996 MHz, 41 %, 162733 MiB
2026/08/03 13:05:25.986, 7, P0, 38, 255.36 W, 1965 MHz, 3996 MHz, 60 %, 161773 MiB
2026/08/03 13:05:26.986, 0, P0, 37, 329.35 W, 1965 MHz, 3996 MHz, 41 %, 162541 MiB
2026/08/03 13:05:26.986, 1, P0, 34, 330.78 W, 1965 MHz, 3996 MHz, 59 %, 162733 MiB
2026/08/03 13:05:26.986, 2, P0, 37, 323.80 W, 1965 MHz, 3996 MHz, 78 %, 162733 MiB
2026/08/03 13:05:26.986, 3, P0, 33, 328.29 W, 1965 MHz, 3996 MHz, 80 %, 162733 MiB
2026/08/03 13:05:26.986, 4, P0, 34, 323.85 W, 1965 MHz, 3996 MHz, 35 %, 162733 MiB
2026/08/03 13:05:26.986, 5, P0, 37, 327.41 W, 1965 MHz, 3996 MHz, 10 %, 162733 MiB
2026/08/03 13:05:26.986, 6, P0, 34, 313.56 W, 1965 MHz, 3996 MHz, 37 %, 162733 MiB
2026/08/03 13:05:26.986, 7, P0, 38, 316.72 W, 1965 MHz, 3996 MHz, 56 %, 161773 MiB
2026/08/03 13:05:27.986, 0, P0, 36, 253.59 W, 1965 MHz, 3996 MHz, 35 %, 162541 MiB
2026/08/03 13:05:27.986, 1, P0, 34, 252.45 W, 1965 MHz, 3996 MHz, 58 %, 162733 MiB
2026/08/03 13:05:27.986, 2, P0, 37, 251.83 W, 1965 MHz, 3996 MHz, 77 %, 162733 MiB
2026/08/03 13:05:27.986, 3, P0, 33, 254.36 W, 1965 MHz, 3996 MHz, 76 %, 162733 MiB
2026/08/03 13:05:27.986, 4, P0, 34, 246.63 W, 1965 MHz, 3996 MHz, 26 %, 162733 MiB
2026/08/03 13:05:27.986, 5, P0, 36, 251.89 W, 1965 MHz, 3996 MHz, 12 %, 162733 MiB
2026/08/03 13:05:27.986, 6, P0, 33, 250.32 W, 1965 MHz, 3996 MHz, 22 %, 162733 MiB
2026/08/03 13:05:27.986, 7, P0, 38, 254.87 W, 1965 MHz, 3996 MHz, 53 %, 161773 MiB
2026/08/03 13:05:28.986, 0, P0, 36, 253.92 W, 1965 MHz, 3996 MHz, 52 %, 162541 MiB
2026/08/03 13:05:28.986, 1, P0, 34, 251.93 W, 1965 MHz, 3996 MHz, 48 %, 162733 MiB
2026/08/03 13:05:28.986, 2, P0, 37, 251.62 W, 1965 MHz, 3996 MHz, 76 %, 162733 MiB
2026/08/03 13:05:28.986, 3, P0, 33, 254.05 W, 1965 MHz, 3996 MHz, 66 %, 162733 MiB
2026/08/03 13:05:28.986, 4, P0, 34, 245.88 W, 1965 MHz, 3996 MHz, 72 %, 162733 MiB
2026/08/03 13:05:28.986, 5, P0, 36, 252.61 W, 1965 MHz, 3996 MHz, 45 %, 162733 MiB
2026/08/03 13:05:28.986, 6, P0, 33, 250.20 W, 1965 MHz, 3996 MHz, 36 %, 162733 MiB
2026/08/03 13:05:28.986, 7, P0, 38, 254.58 W, 1965 MHz, 3996 MHz, 67 %, 161773 MiB
2026/08/03 13:05:29.987, 0, P0, 36, 255.82 W, 1965 MHz, 3996 MHz, 87 %, 162541 MiB
2026/08/03 13:05:29.987, 1, P0, 34, 254.49 W, 1965 MHz, 3996 MHz, 76 %, 162733 MiB
2026/08/03 13:05:29.987, 2, P0, 37, 252.76 W, 1965 MHz, 3996 MHz, 83 %, 162733 MiB
2026/08/03 13:05:29.987, 3, P0, 33, 254.91 W, 1965 MHz, 3996 MHz, 81 %, 162733 MiB
2026/08/03 13:05:29.987, 4, P0, 34, 248.73 W, 1965 MHz, 3996 MHz, 69 %, 162733 MiB
2026/08/03 13:05:29.987, 5, P0, 36, 251.49 W, 1965 MHz, 3996 MHz, 6 %, 162733 MiB
2026/08/03 13:05:29.987, 6, P0, 33, 252.98 W, 1965 MHz, 3996 MHz, 91 %, 162733 MiB
2026/08/03 13:05:29.987, 7, P0, 38, 256.93 W, 1965 MHz, 3996 MHz, 85 %, 161773 MiB
2026/08/03 13:05:30.987, 0, P0, 36, 256.94 W, 1965 MHz, 3996 MHz, 73 %, 162541 MiB
2026/08/03 13:05:30.987, 1, P0, 34, 255.25 W, 1965 MHz, 3996 MHz, 66 %, 162733 MiB
2026/08/03 13:05:30.987, 2, P0, 37, 252.87 W, 1965 MHz, 3996 MHz, 87 %, 162733 MiB
2026/08/03 13:05:30.987, 3, P0, 33, 255.62 W, 1965 MHz, 3996 MHz, 78 %, 162733 MiB
2026/08/03 13:05:30.987, 4, P0, 34, 250.16 W, 1965 MHz, 3996 MHz, 66 %, 162733 MiB
2026/08/03 13:05:30.987, 5, P0, 36, 250.28 W, 1965 MHz, 3996 MHz, 8 %, 162733 MiB
2026/08/03 13:05:30.987, 6, P0, 33, 255.94 W, 1965 MHz, 3996 MHz, 51 %, 162733 MiB
2026/08/03 13:05:30.987, 7, P0, 38, 257.83 W, 1965 MHz, 3996 MHz, 65 %, 161773 MiB
2026/08/03 13:05:31.987, 0, P0, 36, 257.31 W, 1965 MHz, 3996 MHz, 64 %, 162541 MiB
2026/08/03 13:05:31.987, 1, P0, 34, 255.54 W, 1965 MHz, 3996 MHz, 70 %, 162733 MiB
2026/08/03 13:05:31.987, 2, P0, 37, 253.12 W, 1965 MHz, 3996 MHz, 89 %, 162733 MiB
2026/08/03 13:05:31.987, 3, P0, 33, 255.59 W, 1965 MHz, 3996 MHz, 83 %, 162733 MiB
2026/08/03 13:05:31.987, 4, P0, 34, 250.08 W, 1965 MHz, 3996 MHz, 65 %, 162733 MiB
2026/08/03 13:05:31.987, 5, P0, 36, 250.90 W, 1965 MHz, 3996 MHz, 6 %, 162733 MiB
2026/08/03 13:05:31.987, 6, P0, 33, 255.25 W, 1965 MHz, 3996 MHz, 54 %, 162733 MiB
2026/08/03 13:05:31.987, 7, P0, 38, 257.07 W, 1965 MHz, 3996 MHz, 59 %, 161773 MiB
2026/08/03 13:05:32.987, 0, P0, 36, 257.43 W, 1965 MHz, 3996 MHz, 57 %, 162541 MiB
2026/08/03 13:05:32.987, 1, P0, 34, 255.64 W, 1965 MHz, 3996 MHz, 68 %, 162733 MiB
2026/08/03 13:05:32.987, 2, P0, 37, 253.01 W, 1965 MHz, 3996 MHz, 82 %, 162733 MiB
2026/08/03 13:05:32.987, 3, P0, 33, 255.70 W, 1965 MHz, 3996 MHz, 76 %, 162733 MiB
2026/08/03 13:05:32.987, 4, P0, 34, 250.05 W, 1965 MHz, 3996 MHz, 73 %, 162733 MiB
2026/08/03 13:05:32.987, 5, P0, 36, 250.51 W, 1965 MHz, 3996 MHz, 6 %, 162733 MiB
2026/08/03 13:05:32.988, 6, P0, 33, 255.65 W, 1965 MHz, 3996 MHz, 68 %, 162733 MiB
2026/08/03 13:05:32.988, 7, P0, 38, 257.44 W, 1965 MHz, 3996 MHz, 66 %, 161773 MiB
2026/08/03 13:05:33.988, 0, P0, 36, 258.39 W, 1965 MHz, 3996 MHz, 84 %, 162541 MiB
2026/08/03 13:05:33.988, 1, P0, 34, 256.02 W, 1965 MHz, 3996 MHz, 79 %, 162733 MiB
2026/08/03 13:05:33.988, 2, P0, 37, 253.96 W, 1965 MHz, 3996 MHz, 83 %, 162733 MiB
2026/08/03 13:05:33.988, 3, P0, 33, 256.27 W, 1965 MHz, 3996 MHz, 83 %, 162733 MiB
2026/08/03 13:05:33.988, 4, P0, 34, 251.63 W, 1965 MHz, 3996 MHz, 66 %, 162733 MiB
2026/08/03 13:05:33.988, 5, P0, 36, 250.14 W, 1965 MHz, 3996 MHz, 6 %, 162733 MiB
2026/08/03 13:05:33.988, 6, P0, 33, 256.22 W, 1965 MHz, 3996 MHz, 41 %, 162733 MiB
2026/08/03 13:05:33.988, 7, P0, 38, 258.68 W, 1965 MHz, 3996 MHz, 85 %, 161773 MiB
2026/08/03 13:05:34.988, 0, P0, 36, 257.82 W, 1965 MHz, 3996 MHz, 77 %, 162541 MiB
2026/08/03 13:05:34.988, 1, P0, 34, 254.70 W, 1965 MHz, 3996 MHz, 44 %, 162733 MiB
2026/08/03 13:05:34.988, 2, P0, 37, 253.19 W, 1965 MHz, 3996 MHz, 54 %, 162733 MiB
2026/08/03 13:05:34.988, 3, P0, 33, 256.37 W, 1965 MHz, 3996 MHz, 84 %, 162733 MiB
2026/08/03 13:05:34.988, 4, P0, 34, 250.52 W, 1965 MHz, 3996 MHz, 32 %, 162733 MiB
2026/08/03 13:05:34.988, 5, P0, 36, 252.22 W, 1965 MHz, 3996 MHz, 52 %, 162733 MiB
2026/08/03 13:05:34.988, 6, P0, 33, 257.46 W, 1965 MHz, 3996 MHz, 86 %, 162733 MiB
2026/08/03 13:05:34.988, 7, P0, 38, 258.38 W, 1965 MHz, 3996 MHz, 29 %, 161773 MiB
2026/08/03 13:05:35.988, 0, P0, 36, 255.84 W, 1965 MHz, 3996 MHz, 34 %, 162541 MiB
2026/08/03 13:05:35.988, 1, P0, 34, 255.34 W, 1965 MHz, 3996 MHz, 77 %, 162733 MiB
2026/08/03 13:05:35.988, 2, P0, 37, 252.23 W, 1965 MHz, 3996 MHz, 89 %, 162733 MiB
2026/08/03 13:05:35.988, 3, P0, 33, 254.01 W, 1965 MHz, 3996 MHz, 72 %, 162733 MiB
2026/08/03 13:05:35.988, 4, P0, 34, 251.09 W, 1965 MHz, 3996 MHz, 57 %, 162733 MiB
2026/08/03 13:05:35.988, 5, P0, 36, 252.13 W, 1965 MHz, 3996 MHz, 7 %, 162733 MiB
2026/08/03 13:05:35.988, 6, P0, 33, 255.34 W, 1965 MHz, 3996 MHz, 44 %, 162733 MiB
2026/08/03 13:05:35.988, 7, P0, 38, 258.42 W, 1965 MHz, 3996 MHz, 67 %, 161773 MiB
2026/08/03 13:05:36.988, 0, P0, 36, 256.56 W, 1965 MHz, 3996 MHz, 46 %, 162541 MiB
2026/08/03 13:05:36.988, 1, P0, 34, 255.12 W, 1965 MHz, 3996 MHz, 57 %, 162733 MiB
2026/08/03 13:05:36.989, 2, P0, 37, 252.62 W, 1965 MHz, 3996 MHz, 80 %, 162733 MiB
2026/08/03 13:05:36.989, 3, P0, 33, 254.65 W, 1965 MHz, 3996 MHz, 81 %, 162733 MiB
2026/08/03 13:05:36.989, 4, P0, 34, 251.11 W, 1965 MHz, 3996 MHz, 68 %, 162733 MiB
2026/08/03 13:05:36.989, 5, P0, 36, 250.90 W, 1965 MHz, 3996 MHz, 7 %, 162733 MiB
2026/08/03 13:05:36.989, 6, P0, 33, 254.71 W, 1965 MHz, 3996 MHz, 68 %, 162733 MiB
2026/08/03 13:05:36.989, 7, P0, 38, 257.06 W, 1965 MHz, 3996 MHz, 72 %, 161773 MiB
2026/08/03 13:05:37.989, 0, P0, 36, 255.22 W, 1965 MHz, 3996 MHz, 45 %, 162541 MiB
2026/08/03 13:05:37.989, 1, P0, 34, 254.32 W, 1965 MHz, 3996 MHz, 71 %, 162733 MiB
2026/08/03 13:05:37.989, 2, P0, 37, 253.38 W, 1965 MHz, 3996 MHz, 86 %, 162733 MiB
2026/08/03 13:05:37.989, 3, P0, 33, 254.91 W, 1965 MHz, 3996 MHz, 50 %, 162733 MiB
2026/08/03 13:05:37.989, 4, P0, 34, 251.03 W, 1965 MHz, 3996 MHz, 75 %, 162733 MiB
2026/08/03 13:05:37.989, 5, P0, 36, 250.91 W, 1965 MHz, 3996 MHz, 6 %, 162733 MiB
2026/08/03 13:05:37.989, 6, P0, 33, 255.40 W, 1965 MHz, 3996 MHz, 34 %, 162733 MiB
2026/08/03 13:05:37.989, 7, P0, 38, 258.32 W, 1965 MHz, 3996 MHz, 61 %, 161773 MiB
2026/08/03 13:05:38.989, 0, P0, 36, 257.22 W, 1965 MHz, 3996 MHz, 69 %, 162541 MiB
2026/08/03 13:05:38.989, 1, P0, 34, 256.32 W, 1965 MHz, 3996 MHz, 84 %, 162733 MiB
2026/08/03 13:05:38.989, 2, P0, 37, 252.41 W, 1965 MHz, 3996 MHz, 79 %, 162733 MiB
2026/08/03 13:05:38.989, 3, P0, 33, 254.98 W, 1965 MHz, 3996 MHz, 88 %, 162733 MiB
2026/08/03 13:05:38.989, 4, P0, 34, 251.47 W, 1965 MHz, 3996 MHz, 71 %, 162733 MiB
2026/08/03 13:05:38.989, 5, P0, 36, 251.41 W, 1965 MHz, 3996 MHz, 6 %, 162733 MiB
2026/08/03 13:05:38.989, 6, P0, 33, 254.88 W, 1965 MHz, 3996 MHz, 76 %, 162733 MiB
2026/08/03 13:05:38.989, 7, P0, 38, 257.36 W, 1965 MHz, 3996 MHz, 85 %, 161773 MiB
2026/08/03 13:05:39.989, 0, P0, 36, 255.63 W, 1965 MHz, 3996 MHz, 65 %, 162541 MiB
2026/08/03 13:05:39.989, 1, P0, 34, 255.36 W, 1965 MHz, 3996 MHz, 70 %, 162733 MiB
2026/08/03 13:05:39.989, 2, P0, 37, 253.06 W, 1965 MHz, 3996 MHz, 85 %, 162733 MiB
2026/08/03 13:05:39.989, 3, P0, 33, 254.19 W, 1965 MHz, 3996 MHz, 86 %, 162733 MiB
2026/08/03 13:05:39.989, 4, P0, 34, 250.14 W, 1965 MHz, 3996 MHz, 66 %, 162733 MiB
2026/08/03 13:05:39.989, 5, P0, 36, 250.75 W, 1965 MHz, 3996 MHz, 6 %, 162733 MiB
2026/08/03 13:05:39.989, 6, P0, 33, 255.65 W, 1965 MHz, 3996 MHz, 55 %, 162733 MiB
2026/08/03 13:05:39.989, 7, P0, 38, 256.99 W, 1965 MHz, 3996 MHz, 64 %, 161773 MiB
2026/08/03 13:05:40.990, 0, P0, 36, 256.01 W, 1965 MHz, 3996 MHz, 52 %, 162541 MiB
2026/08/03 13:05:40.990, 1, P0, 34, 255.12 W, 1965 MHz, 3996 MHz, 64 %, 162733 MiB
2026/08/03 13:05:40.990, 2, P0, 37, 253.01 W, 1965 MHz, 3996 MHz, 85 %, 162733 MiB
2026/08/03 13:05:40.990, 3, P0, 33, 255.15 W, 1965 MHz, 3996 MHz, 78 %, 162733 MiB
2026/08/03 13:05:40.990, 4, P0, 34, 250.03 W, 1965 MHz, 3996 MHz, 58 %, 162733 MiB
2026/08/03 13:05:40.990, 5, P0, 36, 250.53 W, 1965 MHz, 3996 MHz, 6 %, 162733 MiB
2026/08/03 13:05:40.990, 6, P0, 33, 254.85 W, 1965 MHz, 3996 MHz, 50 %, 162733 MiB
2026/08/03 13:05:40.990, 7, P0, 38, 256.49 W, 1965 MHz, 3996 MHz, 64 %, 161773 MiB
2026/08/03 13:05:41.990, 0, P0, 36, 257.46 W, 1965 MHz, 3996 MHz, 65 %, 162541 MiB
2026/08/03 13:05:41.990, 1, P0, 34, 254.65 W, 1965 MHz, 3996 MHz, 83 %, 162733 MiB
2026/08/03 13:05:41.990, 2, P0, 37, 253.20 W, 1965 MHz, 3996 MHz, 89 %, 162733 MiB
2026/08/03 13:05:41.990, 3, P0, 33, 255.50 W, 1965 MHz, 3996 MHz, 79 %, 162733 MiB
2026/08/03 13:05:41.990, 4, P0, 34, 250.15 W, 1965 MHz, 3996 MHz, 22 %, 162733 MiB
2026/08/03 13:05:41.990, 5, P0, 36, 250.90 W, 1965 MHz, 3996 MHz, 46 %, 162733 MiB
2026/08/03 13:05:41.990, 6, P0, 33, 256.07 W, 1965 MHz, 3996 MHz, 57 %, 162733 MiB
2026/08/03 13:05:41.990, 7, P0, 38, 257.92 W, 1965 MHz, 3996 MHz, 71 %, 161773 MiB
2026/08/03 13:05:42.990, 0, P0, 36, 256.58 W, 1965 MHz, 3996 MHz, 80 %, 162541 MiB
2026/08/03 13:05:42.990, 1, P0, 34, 255.18 W, 1965 MHz, 3996 MHz, 79 %, 162733 MiB
2026/08/03 13:05:42.990, 2, P0, 37, 252.58 W, 1965 MHz, 3996 MHz, 87 %, 162733 MiB
2026/08/03 13:05:42.990, 3, P0, 33, 255.41 W, 1965 MHz, 3996 MHz, 76 %, 162733 MiB
2026/08/03 13:05:42.990, 4, P0, 34, 251.33 W, 1965 MHz, 3996 MHz, 74 %, 162733 MiB
2026/08/03 13:05:42.990, 5, P0, 36, 251.64 W, 1965 MHz, 3996 MHz, 6 %, 162733 MiB
2026/08/03 13:05:42.990, 6, P0, 33, 256.81 W, 1965 MHz, 3996 MHz, 40 %, 162733 MiB
2026/08/03 13:05:42.990, 7, P0, 38, 258.01 W, 1965 MHz, 3996 MHz, 62 %, 161773 MiB
2026/08/03 13:05:43.990, 0, P0, 36, 256.07 W, 1965 MHz, 3996 MHz, 70 %, 162541 MiB
2026/08/03 13:05:43.990, 1, P0, 34, 255.26 W, 1965 MHz, 3996 MHz, 75 %, 162733 MiB
2026/08/03 13:05:43.990, 2, P0, 37, 253.06 W, 1965 MHz, 3996 MHz, 89 %, 162733 MiB
2026/08/03 13:05:43.990, 3, P0, 33, 254.86 W, 1965 MHz, 3996 MHz, 86 %, 162733 MiB
2026/08/03 13:05:43.990, 4, P0, 34, 251.67 W, 1965 MHz, 3996 MHz, 78 %, 162733 MiB
2026/08/03 13:05:43.991, 5, P0, 36, 252.11 W, 1965 MHz, 3996 MHz, 6 %, 162733 MiB
2026/08/03 13:05:43.991, 6, P0, 33, 252.97 W, 1965 MHz, 3996 MHz, 34 %, 162733 MiB
2026/08/03 13:05:43.991, 7, P0, 38, 258.46 W, 1965 MHz, 3996 MHz, 65 %, 161773 MiB
2026/08/03 13:05:44.991, 0, P0, 36, 256.20 W, 1965 MHz, 3996 MHz, 70 %, 162541 MiB
2026/08/03 13:05:44.991, 1, P0, 34, 254.56 W, 1965 MHz, 3996 MHz, 45 %, 162733 MiB
2026/08/03 13:05:44.991, 2, P0, 37, 252.90 W, 1965 MHz, 3996 MHz, 86 %, 162733 MiB
2026/08/03 13:05:44.991, 3, P0, 33, 255.46 W, 1965 MHz, 3996 MHz, 87 %, 162733 MiB
2026/08/03 13:05:44.991, 4, P0, 34, 250.92 W, 1965 MHz, 3996 MHz, 62 %, 162733 MiB
2026/08/03 13:05:44.991, 5, P0, 36, 251.26 W, 1965 MHz, 3996 MHz, 6 %, 162733 MiB
2026/08/03 13:05:44.991, 6, P0, 33, 253.84 W, 1965 MHz, 3996 MHz, 15 %, 162733 MiB
2026/08/03 13:05:44.991, 7, P0, 38, 257.33 W, 1965 MHz, 3996 MHz, 73 %, 161773 MiB
2026/08/03 13:05:45.991, 0, P0, 36, 258.53 W, 1965 MHz, 3996 MHz, 72 %, 162541 MiB
2026/08/03 13:05:45.991, 1, P0, 34, 256.32 W, 1965 MHz, 3996 MHz, 83 %, 162733 MiB
2026/08/03 13:05:45.991, 2, P0, 37, 253.09 W, 1965 MHz, 3996 MHz, 85 %, 162733 MiB
2026/08/03 13:05:45.991, 3, P0, 33, 256.04 W, 1965 MHz, 3996 MHz, 82 %, 162733 MiB
2026/08/03 13:05:45.991, 4, P0, 34, 250.83 W, 1965 MHz, 3996 MHz, 80 %, 162733 MiB
2026/08/03 13:05:45.991, 5, P0, 36, 251.38 W, 1965 MHz, 3996 MHz, 6 %, 162733 MiB
2026/08/03 13:05:45.991, 6, P0, 33, 256.45 W, 1965 MHz, 3996 MHz, 81 %, 162733 MiB
2026/08/03 13:05:45.991, 7, P0, 38, 258.16 W, 1965 MHz, 3996 MHz, 78 %, 161773 MiB
2026/08/03 13:05:46.991, 0, P0, 36, 257.36 W, 1965 MHz, 3996 MHz, 67 %, 162541 MiB
2026/08/03 13:05:46.991, 1, P0, 34, 255.87 W, 1965 MHz, 3996 MHz, 80 %, 162733 MiB
2026/08/03 13:05:46.991, 2, P0, 37, 253.32 W, 1965 MHz, 3996 MHz, 85 %, 162733 MiB
2026/08/03 13:05:46.991, 3, P0, 33, 254.85 W, 1965 MHz, 3996 MHz, 81 %, 162733 MiB
2026/08/03 13:05:46.991, 4, P0, 34, 251.27 W, 1965 MHz, 3996 MHz, 81 %, 162733 MiB
2026/08/03 13:05:46.991, 5, P0, 36, 250.87 W, 1965 MHz, 3996 MHz, 6 %, 162733 MiB
2026/08/03 13:05:46.991, 6, P0, 33, 255.80 W, 1965 MHz, 3996 MHz, 61 %, 162733 MiB
2026/08/03 13:05:46.991, 7, P0, 38, 258.08 W, 1965 MHz, 3996 MHz, 76 %, 161773 MiB
2026/08/03 13:05:47.991, 0, P0, 36, 257.94 W, 1965 MHz, 3996 MHz, 67 %, 162541 MiB
2026/08/03 13:05:47.992, 1, P0, 34, 255.89 W, 1965 MHz, 3996 MHz, 83 %, 162733 MiB
2026/08/03 13:05:47.992, 2, P0, 37, 253.70 W, 1965 MHz, 3996 MHz, 91 %, 162733 MiB
2026/08/03 13:05:47.992, 3, P0, 33, 255.49 W, 1965 MHz, 3996 MHz, 85 %, 162733 MiB
2026/08/03 13:05:47.992, 4, P0, 34, 251.83 W, 1965 MHz, 3996 MHz, 85 %, 162733 MiB
2026/08/03 13:05:47.992, 5, P0, 36, 250.77 W, 1965 MHz, 3996 MHz, 6 %, 162733 MiB
2026/08/03 13:05:47.992, 6, P0, 33, 255.69 W, 1965 MHz, 3996 MHz, 66 %, 162733 MiB
2026/08/03 13:05:47.992, 7, P0, 38, 258.62 W, 1965 MHz, 3996 MHz, 64 %, 161773 MiB
2026/08/03 13:05:48.992, 0, P0, 36, 256.95 W, 1965 MHz, 3996 MHz, 54 %, 162541 MiB
2026/08/03 13:05:48.992, 1, P0, 34, 255.45 W, 1965 MHz, 3996 MHz, 72 %, 162733 MiB
2026/08/03 13:05:48.992, 2, P0, 37, 253.10 W, 1965 MHz, 3996 MHz, 88 %, 162733 MiB
2026/08/03 13:05:48.992, 3, P0, 33, 255.30 W, 1965 MHz, 3996 MHz, 82 %, 162733 MiB
2026/08/03 13:05:48.992, 4, P0, 34, 250.73 W, 1965 MHz, 3996 MHz, 55 %, 162733 MiB
2026/08/03 13:05:48.992, 5, P0, 36, 250.44 W, 1965 MHz, 3996 MHz, 6 %, 162733 MiB
2026/08/03 13:05:48.992, 6, P0, 33, 256.18 W, 1965 MHz, 3996 MHz, 60 %, 162733 MiB
2026/08/03 13:05:48.992, 7, P0, 38, 258.35 W, 1965 MHz, 3996 MHz, 71 %, 161773 MiB
2026/08/03 13:05:49.992, 0, P0, 36, 257.42 W, 1965 MHz, 3996 MHz, 36 %, 162541 MiB
2026/08/03 13:05:49.992, 1, P0, 34, 255.64 W, 1965 MHz, 3996 MHz, 80 %, 162733 MiB
2026/08/03 13:05:49.992, 2, P0, 37, 253.14 W, 1965 MHz, 3996 MHz, 81 %, 162733 MiB
2026/08/03 13:05:49.992, 3, P0, 33, 255.29 W, 1965 MHz, 3996 MHz, 70 %, 162733 MiB
2026/08/03 13:05:49.992, 4, P0, 34, 251.63 W, 1965 MHz, 3996 MHz, 69 %, 162733 MiB
2026/08/03 13:05:49.992, 5, P0, 36, 251.97 W, 1965 MHz, 3996 MHz, 25 %, 162733 MiB
2026/08/03 13:05:49.992, 6, P0, 33, 254.56 W, 1965 MHz, 3996 MHz, 69 %, 162733 MiB
2026/08/03 13:05:49.992, 7, P0, 38, 257.88 W, 1965 MHz, 3996 MHz, 74 %, 161773 MiB
2026/08/03 13:05:50.992, 0, P0, 36, 257.83 W, 1965 MHz, 3996 MHz, 67 %, 162541 MiB
2026/08/03 13:05:50.992, 1, P0, 34, 255.87 W, 1965 MHz, 3996 MHz, 79 %, 162733 MiB
2026/08/03 13:05:50.992, 2, P0, 37, 253.52 W, 1965 MHz, 3996 MHz, 85 %, 162733 MiB
2026/08/03 13:05:50.992, 3, P0, 33, 254.76 W, 1965 MHz, 3996 MHz, 75 %, 162733 MiB
2026/08/03 13:05:50.992, 4, P0, 34, 251.01 W, 1965 MHz, 3996 MHz, 78 %, 162733 MiB
2026/08/03 13:05:50.993, 5, P0, 36, 250.34 W, 1965 MHz, 3996 MHz, 7 %, 162733 MiB
2026/08/03 13:05:50.993, 6, P0, 33, 255.46 W, 1965 MHz, 3996 MHz, 70 %, 162733 MiB
2026/08/03 13:05:50.993, 7, P0, 38, 258.28 W, 1965 MHz, 3996 MHz, 71 %, 161773 MiB
2026/08/03 13:05:51.993, 0, P0, 36, 257.18 W, 1965 MHz, 3996 MHz, 57 %, 162541 MiB
2026/08/03 13:05:51.993, 1, P0, 34, 255.71 W, 1965 MHz, 3996 MHz, 75 %, 162733 MiB
2026/08/03 13:05:51.993, 2, P0, 37, 253.04 W, 1965 MHz, 3996 MHz, 79 %, 162733 MiB
2026/08/03 13:05:51.993, 3, P0, 33, 255.57 W, 1965 MHz, 3996 MHz, 78 %, 162733 MiB
2026/08/03 13:05:51.993, 4, P0, 34, 251.25 W, 1965 MHz, 3996 MHz, 79 %, 162733 MiB
2026/08/03 13:05:51.993, 5, P0, 36, 250.21 W, 1965 MHz, 3996 MHz, 11 %, 162733 MiB
2026/08/03 13:05:51.993, 6, P0, 33, 255.76 W, 1965 MHz, 3996 MHz, 60 %, 162733 MiB
2026/08/03 13:05:51.993, 7, P0, 37, 257.55 W, 1965 MHz, 3996 MHz, 63 %, 161773 MiB
2026/08/03 13:05:52.993, 0, P0, 36, 257.15 W, 1965 MHz, 3996 MHz, 64 %, 162541 MiB
2026/08/03 13:05:52.993, 1, P0, 34, 255.34 W, 1965 MHz, 3996 MHz, 62 %, 162733 MiB
2026/08/03 13:05:52.993, 2, P0, 37, 252.80 W, 1965 MHz, 3996 MHz, 60 %, 162733 MiB
2026/08/03 13:05:52.993, 3, P0, 33, 255.40 W, 1965 MHz, 3996 MHz, 80 %, 162733 MiB
2026/08/03 13:05:52.993, 4, P0, 34, 251.08 W, 1965 MHz, 3996 MHz, 70 %, 162733 MiB
2026/08/03 13:05:52.993, 5, P0, 36, 250.59 W, 1965 MHz, 3996 MHz, 7 %, 162733 MiB
2026/08/03 13:05:52.993, 6, P0, 33, 255.65 W, 1965 MHz, 3996 MHz, 44 %, 162733 MiB
2026/08/03 13:05:52.993, 7, P0, 37, 256.92 W, 1965 MHz, 3996 MHz, 59 %, 161773 MiB
2026/08/03 13:05:53.993, 0, P0, 36, 256.32 W, 1965 MHz, 3996 MHz, 47 %, 162541 MiB
2026/08/03 13:05:53.993, 1, P0, 34, 256.39 W, 1965 MHz, 3996 MHz, 69 %, 162733 MiB
2026/08/03 13:05:53.993, 2, P0, 37, 253.33 W, 1965 MHz, 3996 MHz, 86 %, 162733 MiB
2026/08/03 13:05:53.993, 3, P0, 33, 255.94 W, 1965 MHz, 3996 MHz, 81 %, 162733 MiB
2026/08/03 13:05:53.993, 4, P0, 34, 252.47 W, 1965 MHz, 3996 MHz, 70 %, 162733 MiB
2026/08/03 13:05:53.993, 5, P0, 36, 251.06 W, 1965 MHz, 3996 MHz, 6 %, 162733 MiB
2026/08/03 13:05:53.993, 6, P0, 33, 256.44 W, 1965 MHz, 3996 MHz, 45 %, 162733 MiB
2026/08/03 13:05:53.993, 7, P0, 38, 258.29 W, 1965 MHz, 3996 MHz, 73 %, 161773 MiB
2026/08/03 13:05:54.993, 0, P0, 36, 256.39 W, 1965 MHz, 3996 MHz, 66 %, 162541 MiB
2026/08/03 13:05:54.994, 1, P0, 34, 257.15 W, 1965 MHz, 3996 MHz, 79 %, 162733 MiB
2026/08/03 13:05:54.994, 2, P0, 37, 254.10 W, 1965 MHz, 3996 MHz, 82 %, 162733 MiB
2026/08/03 13:05:54.994, 3, P0, 33, 256.36 W, 1965 MHz, 3996 MHz, 79 %, 162733 MiB
2026/08/03 13:05:54.994, 4, P0, 34, 252.55 W, 1965 MHz, 3996 MHz, 80 %, 162733 MiB
2026/08/03 13:05:54.994, 5, P0, 36, 250.83 W, 1965 MHz, 3996 MHz, 6 %, 162733 MiB
2026/08/03 13:05:54.994, 6, P0, 33, 255.82 W, 1965 MHz, 3996 MHz, 62 %, 162733 MiB
2026/08/03 13:05:54.994, 7, P0, 38, 258.92 W, 1965 MHz, 3996 MHz, 85 %, 161773 MiB
2026/08/03 13:05:55.994, 0, P0, 36, 256.45 W, 1965 MHz, 3996 MHz, 74 %, 162541 MiB
2026/08/03 13:05:55.994, 1, P0, 34, 256.67 W, 1965 MHz, 3996 MHz, 83 %, 162733 MiB
2026/08/03 13:05:55.994, 2, P0, 37, 253.51 W, 1965 MHz, 3996 MHz, 85 %, 162733 MiB
2026/08/03 13:05:55.994, 3, P0, 33, 255.93 W, 1965 MHz, 3996 MHz, 79 %, 162733 MiB
2026/08/03 13:05:55.994, 4, P0, 34, 252.14 W, 1965 MHz, 3996 MHz, 81 %, 162733 MiB
2026/08/03 13:05:55.994, 5, P0, 36, 250.59 W, 1965 MHz, 3996 MHz, 6 %, 162733 MiB
2026/08/03 13:05:55.994, 6, P0, 33, 255.76 W, 1965 MHz, 3996 MHz, 61 %, 162733 MiB
2026/08/03 13:05:55.994, 7, P0, 38, 259.15 W, 1965 MHz, 3996 MHz, 72 %, 161773 MiB
2026/08/03 13:05:56.994, 0, P0, 36, 254.50 W, 1965 MHz, 3996 MHz, 46 %, 162541 MiB
2026/08/03 13:05:56.994, 1, P0, 34, 256.10 W, 1965 MHz, 3996 MHz, 71 %, 162733 MiB
2026/08/03 13:05:56.994, 2, P0, 37, 252.43 W, 1965 MHz, 3996 MHz, 88 %, 162733 MiB
2026/08/03 13:05:56.994, 3, P0, 33, 256.25 W, 1965 MHz, 3996 MHz, 87 %, 162733 MiB
2026/08/03 13:05:56.994, 4, P0, 34, 250.36 W, 1965 MHz, 3996 MHz, 84 %, 162733 MiB
2026/08/03 13:05:56.994, 5, P0, 36, 251.86 W, 1965 MHz, 3996 MHz, 24 %, 162733 MiB
2026/08/03 13:05:56.994, 6, P0, 33, 255.51 W, 1965 MHz, 3996 MHz, 17 %, 162733 MiB
2026/08/03 13:05:56.994, 7, P0, 38, 258.23 W, 1965 MHz, 3996 MHz, 65 %, 161773 MiB
2026/08/03 13:05:57.994, 0, P0, 36, 254.92 W, 1965 MHz, 3996 MHz, 50 %, 162541 MiB
2026/08/03 13:05:57.994, 1, P0, 34, 255.65 W, 1965 MHz, 3996 MHz, 74 %, 162733 MiB
2026/08/03 13:05:57.994, 2, P0, 37, 253.40 W, 1965 MHz, 3996 MHz, 85 %, 162733 MiB
2026/08/03 13:05:57.994, 3, P0, 33, 255.98 W, 1965 MHz, 3996 MHz, 85 %, 162733 MiB
2026/08/03 13:05:57.994, 4, P0, 34, 250.86 W, 1965 MHz, 3996 MHz, 62 %, 162733 MiB
2026/08/03 13:05:57.994, 5, P0, 36, 252.02 W, 1965 MHz, 3996 MHz, 12 %, 162733 MiB
2026/08/03 13:05:57.994, 6, P0, 33, 254.02 W, 1965 MHz, 3996 MHz, 66 %, 162733 MiB
2026/08/03 13:05:57.994, 7, P0, 37, 257.87 W, 1965 MHz, 3996 MHz, 72 %, 161773 MiB
2026/08/03 13:05:58.995, 0, P0, 36, 255.27 W, 1965 MHz, 3996 MHz, 58 %, 162541 MiB
2026/08/03 13:05:58.995, 1, P0, 34, 255.56 W, 1965 MHz, 3996 MHz, 62 %, 162733 MiB
2026/08/03 13:05:58.995, 2, P0, 37, 252.95 W, 1965 MHz, 3996 MHz, 78 %, 162733 MiB
2026/08/03 13:05:58.995, 3, P0, 33, 255.94 W, 1965 MHz, 3996 MHz, 78 %, 162733 MiB
2026/08/03 13:05:58.995, 4, P0, 34, 251.19 W, 1965 MHz, 3996 MHz, 67 %, 162733 MiB
2026/08/03 13:05:58.995, 5, P0, 36, 250.81 W, 1965 MHz, 3996 MHz, 16 %, 162733 MiB
2026/08/03 13:05:58.995, 6, P0, 33, 255.60 W, 1965 MHz, 3996 MHz, 47 %, 162733 MiB
2026/08/03 13:05:58.995, 7, P0, 37, 258.01 W, 1965 MHz, 3996 MHz, 78 %, 161773 MiB
2026/08/03 13:05:59.995, 0, P0, 36, 256.65 W, 1965 MHz, 3996 MHz, 65 %, 162541 MiB
2026/08/03 13:05:59.995, 1, P0, 34, 255.03 W, 1965 MHz, 3996 MHz, 82 %, 162733 MiB
2026/08/03 13:05:59.995, 2, P0, 37, 253.34 W, 1965 MHz, 3996 MHz, 83 %, 162733 MiB
2026/08/03 13:05:59.995, 3, P0, 33, 255.99 W, 1965 MHz, 3996 MHz, 81 %, 162733 MiB
2026/08/03 13:05:59.995, 4, P0, 34, 251.35 W, 1965 MHz, 3996 MHz, 80 %, 162733 MiB
2026/08/03 13:05:59.995, 5, P0, 36, 250.77 W, 1965 MHz, 3996 MHz, 6 %, 162733 MiB
2026/08/03 13:05:59.995, 6, P0, 33, 255.86 W, 1965 MHz, 3996 MHz, 40 %, 162733 MiB
2026/08/03 13:05:59.995, 7, P0, 37, 257.29 W, 1965 MHz, 3996 MHz, 10 %, 161773 MiB
2026/08/03 13:06:00.995, 0, P0, 37, 271.80 W, 1965 MHz, 3996 MHz, 35 %, 162541 MiB
2026/08/03 13:06:00.995, 1, P0, 34, 280.16 W, 1965 MHz, 3996 MHz, 74 %, 162733 MiB
2026/08/03 13:06:00.995, 2, P0, 37, 281.14 W, 1965 MHz, 3996 MHz, 83 %, 162733 MiB
2026/08/03 13:06:00.995, 3, P0, 34, 281.31 W, 1965 MHz, 3996 MHz, 77 %, 162733 MiB
2026/08/03 13:06:00.995, 4, P0, 35, 280.14 W, 1965 MHz, 3996 MHz, 45 %, 162733 MiB
2026/08/03 13:06:00.995, 5, P0, 36, 256.31 W, 1965 MHz, 3996 MHz, 33 %, 162733 MiB
2026/08/03 13:06:00.995, 6, P0, 34, 283.13 W, 1965 MHz, 3996 MHz, 84 %, 162733 MiB
2026/08/03 13:06:00.995, 7, P0, 38, 275.97 W, 1965 MHz, 3996 MHz, 56 %, 161773 MiB
2026/08/03 13:06:01.995, 0, P0, 36, 261.22 W, 1965 MHz, 3996 MHz, 42 %, 162541 MiB
2026/08/03 13:06:01.995, 1, P0, 34, 266.19 W, 1965 MHz, 3996 MHz, 85 %, 162733 MiB
2026/08/03 13:06:01.995, 2, P0, 37, 264.68 W, 1965 MHz, 3996 MHz, 91 %, 162733 MiB
2026/08/03 13:06:01.995, 3, P0, 33, 266.59 W, 1965 MHz, 3996 MHz, 87 %, 162733 MiB
2026/08/03 13:06:01.995, 4, P0, 34, 259.55 W, 1965 MHz, 3996 MHz, 78 %, 162733 MiB
2026/08/03 13:06:01.995, 5, P0, 36, 252.01 W, 1965 MHz, 3996 MHz, 7 %, 162733 MiB
2026/08/03 13:06:01.995, 6, P0, 34, 258.76 W, 1965 MHz, 3996 MHz, 47 %, 162733 MiB
2026/08/03 13:06:01.995, 7, P0, 38, 265.23 W, 1965 MHz, 3996 MHz, 67 %, 161773 MiB
2026/08/03 13:06:02.996, 0, P0, 39, 285.27 W, 1965 MHz, 3996 MHz, 51 %, 162541 MiB
2026/08/03 13:06:02.996, 1, P0, 35, 282.57 W, 1965 MHz, 3996 MHz, 70 %, 162733 MiB
2026/08/03 13:06:02.996, 2, P0, 38, 289.78 W, 1965 MHz, 3996 MHz, 86 %, 162733 MiB
2026/08/03 13:06:02.996, 3, P0, 35, 291.30 W, 1965 MHz, 3996 MHz, 80 %, 162733 MiB
2026/08/03 13:06:02.996, 4, P0, 35, 283.25 W, 1965 MHz, 3996 MHz, 85 %, 162733 MiB
2026/08/03 13:06:02.996, 5, P0, 37, 262.57 W, 1965 MHz, 3996 MHz, 20 %, 162733 MiB
2026/08/03 13:06:02.996, 6, P0, 34, 264.03 W, 1965 MHz, 3996 MHz, 40 %, 162733 MiB
2026/08/03 13:06:02.996, 7, P0, 38, 284.64 W, 1965 MHz, 3996 MHz, 62 %, 161773 MiB
2026/08/03 13:06:03.996, 0, P0, 37, 265.28 W, 1965 MHz, 3996 MHz, 49 %, 162541 MiB
2026/08/03 13:06:03.996, 1, P0, 34, 268.25 W, 1965 MHz, 3996 MHz, 81 %, 162733 MiB
2026/08/03 13:06:03.996, 2, P0, 37, 265.24 W, 1965 MHz, 3996 MHz, 91 %, 162733 MiB
2026/08/03 13:06:03.996, 3, P0, 33, 267.68 W, 1965 MHz, 3996 MHz, 92 %, 162733 MiB
2026/08/03 13:06:03.996, 4, P0, 34, 262.33 W, 1965 MHz, 3996 MHz, 75 %, 162733 MiB
2026/08/03 13:06:03.996, 5, P0, 36, 253.01 W, 1965 MHz, 3996 MHz, 6 %, 162733 MiB
2026/08/03 13:06:03.996, 6, P0, 34, 265.59 W, 1965 MHz, 3996 MHz, 61 %, 162733 MiB
2026/08/03 13:06:03.996, 7, P0, 38, 267.38 W, 1965 MHz, 3996 MHz, 73 %, 161773 MiB
2026/08/03 13:06:04.996, 0, P0, 36, 262.03 W, 1965 MHz, 3996 MHz, 39 %, 162541 MiB
2026/08/03 13:06:04.996, 1, P0, 34, 267.66 W, 1965 MHz, 3996 MHz, 78 %, 162733 MiB
2026/08/03 13:06:04.996, 2, P0, 37, 264.23 W, 1965 MHz, 3996 MHz, 81 %, 162733 MiB
2026/08/03 13:06:04.996, 3, P0, 33, 266.65 W, 1965 MHz, 3996 MHz, 85 %, 162733 MiB
2026/08/03 13:06:04.996, 4, P0, 34, 260.80 W, 1965 MHz, 3996 MHz, 73 %, 162733 MiB
2026/08/03 13:06:04.996, 5, P0, 36, 250.98 W, 1965 MHz, 3996 MHz, 6 %, 162733 MiB
2026/08/03 13:06:04.996, 6, P0, 33, 262.05 W, 1965 MHz, 3996 MHz, 60 %, 162733 MiB
2026/08/03 13:06:04.996, 7, P0, 38, 265.11 W, 1965 MHz, 3996 MHz, 62 %, 161773 MiB
2026/08/03 13:06:05.996, 0, P0, 37, 290.87 W, 1965 MHz, 3996 MHz, 36 %, 162541 MiB
2026/08/03 13:06:05.996, 1, P0, 34, 295.05 W, 1965 MHz, 3996 MHz, 78 %, 162733 MiB
2026/08/03 13:06:05.996, 2, P0, 37, 290.97 W, 1965 MHz, 3996 MHz, 88 %, 162733 MiB
2026/08/03 13:06:05.996, 3, P0, 33, 293.27 W, 1965 MHz, 3996 MHz, 80 %, 162733 MiB
2026/08/03 13:06:05.996, 4, P0, 34, 286.74 W, 1965 MHz, 3996 MHz, 71 %, 162733 MiB
2026/08/03 13:06:05.997, 5, P0, 36, 279.24 W, 1965 MHz, 3996 MHz, 6 %, 162733 MiB
2026/08/03 13:06:05.997, 6, P0, 33, 259.22 W, 1965 MHz, 3996 MHz, 32 %, 162733 MiB
2026/08/03 13:06:05.997, 7, P0, 38, 290.00 W, 1965 MHz, 3996 MHz, 65 %, 161773 MiB
2026/08/03 13:06:06.997, 0, P0, 37, 266.20 W, 1965 MHz, 3996 MHz, 100 %, 162541 MiB
2026/08/03 13:06:06.997, 1, P0, 33, 245.15 W, 1965 MHz, 3996 MHz, 0 %, 162733 MiB
2026/08/03 13:06:06.997, 2, P0, 37, 261.52 W, 1965 MHz, 3996 MHz, 100 %, 162733 MiB
2026/08/03 13:06:06.997, 3, P0, 33, 245.12 W, 1965 MHz, 3996 MHz, 0 %, 162733 MiB
2026/08/03 13:06:06.997, 4, P0, 34, 240.73 W, 1965 MHz, 3996 MHz, 0 %, 162733 MiB
2026/08/03 13:06:06.997, 5, P0, 36, 247.12 W, 1965 MHz, 3996 MHz, 0 %, 162733 MiB
2026/08/03 13:06:06.997, 6, P0, 34, 265.77 W, 1965 MHz, 3996 MHz, 100 %, 162733 MiB
2026/08/03 13:06:06.997, 7, P0, 37, 249.24 W, 1965 MHz, 3996 MHz, 0 %, 161773 MiB
2026/08/03 13:06:07.997, 0, P0, 37, 267.76 W, 1965 MHz, 3996 MHz, 100 %, 162541 MiB
2026/08/03 13:06:07.997, 1, P0, 33, 240.73 W, 1965 MHz, 3996 MHz, 0 %, 162733 MiB
2026/08/03 13:06:07.998, 2, P0, 37, 260.85 W, 1965 MHz, 3996 MHz, 100 %, 162733 MiB
2026/08/03 13:06:07.998, 3, P0, 33, 239.64 W, 1965 MHz, 3996 MHz, 0 %, 162733 MiB
2026/08/03 13:06:07.998, 4, P0, 34, 236.65 W, 1965 MHz, 3996 MHz, 0 %, 162733 MiB
2026/08/03 13:06:07.998, 5, P0, 36, 245.17 W, 1965 MHz, 3996 MHz, 0 %, 162733 MiB
2026/08/03 13:06:07.998, 6, P0, 34, 268.34 W, 1965 MHz, 3996 MHz, 100 %, 162733 MiB
2026/08/03 13:06:07.998, 7, P0, 37, 244.38 W, 1965 MHz, 3996 MHz, 0 %, 161773 MiB
2026/08/03 13:06:08.998, 0, P0, 37, 265.51 W, 1965 MHz, 3996 MHz, 33 %, 162541 MiB
2026/08/03 13:06:08.998, 1, P0, 34, 260.18 W, 1965 MHz, 3996 MHz, 87 %, 162733 MiB
2026/08/03 13:06:08.998, 2, P0, 37, 264.50 W, 1965 MHz, 3996 MHz, 86 %, 162733 MiB
2026/08/03 13:06:08.998, 3, P0, 33, 257.53 W, 1965 MHz, 3996 MHz, 74 %, 162733 MiB
2026/08/03 13:06:08.998, 4, P0, 34, 253.20 W, 1965 MHz, 3996 MHz, 65 %, 162733 MiB
2026/08/03 13:06:08.998, 5, P0, 36, 251.75 W, 1965 MHz, 3996 MHz, 8 %, 162733 MiB
2026/08/03 13:06:08.998, 6, P0, 34, 264.04 W, 1965 MHz, 3996 MHz, 62 %, 162733 MiB
2026/08/03 13:06:08.998, 7, P0, 38, 259.55 W, 1965 MHz, 3996 MHz, 67 %, 161773 MiB
2026/08/03 13:06:09.998, 0, P0, 37, 273.56 W, 1965 MHz, 3996 MHz, 37 %, 162541 MiB
2026/08/03 13:06:09.998, 1, P0, 34, 286.10 W, 1965 MHz, 3996 MHz, 91 %, 162733 MiB
2026/08/03 13:06:09.998, 2, P0, 37, 284.15 W, 1965 MHz, 3996 MHz, 94 %, 162733 MiB
2026/08/03 13:06:09.998, 3, P0, 33, 284.37 W, 1965 MHz, 3996 MHz, 76 %, 162733 MiB
2026/08/03 13:06:09.998, 4, P0, 34, 272.30 W, 1965 MHz, 3996 MHz, 64 %, 162733 MiB
2026/08/03 13:06:09.999, 5, P0, 36, 254.19 W, 1965 MHz, 3996 MHz, 11 %, 162733 MiB
2026/08/03 13:06:09.999, 6, P0, 34, 270.04 W, 1965 MHz, 3996 MHz, 23 %, 162733 MiB
2026/08/03 13:06:09.999, 7, P0, 38, 281.30 W, 1965 MHz, 3996 MHz, 47 %, 161773 MiB
2026/08/03 13:06:10.999, 0, P0, 36, 261.49 W, 1965 MHz, 3996 MHz, 20 %, 162541 MiB
2026/08/03 13:06:10.999, 1, P0, 34, 265.37 W, 1965 MHz, 3996 MHz, 67 %, 162733 MiB
2026/08/03 13:06:10.999, 2, P0, 37, 263.73 W, 1965 MHz, 3996 MHz, 81 %, 162733 MiB
2026/08/03 13:06:10.999, 3, P0, 33, 264.83 W, 1965 MHz, 3996 MHz, 84 %, 162733 MiB
2026/08/03 13:06:10.999, 4, P0, 34, 255.72 W, 1965 MHz, 3996 MHz, 40 %, 162733 MiB
2026/08/03 13:06:10.999, 5, P0, 36, 251.70 W, 1965 MHz, 3996 MHz, 6 %, 162733 MiB
2026/08/03 13:06:10.999, 6, P0, 33, 259.24 W, 1965 MHz, 3996 MHz, 21 %, 162733 MiB
2026/08/03 13:06:10.999, 7, P0, 38, 263.99 W, 1965 MHz, 3996 MHz, 57 %, 161773 MiB
2026/08/03 13:06:11.999, 0, P0, 36, 263.51 W, 1965 MHz, 3996 MHz, 47 %, 162541 MiB
2026/08/03 13:06:11.999, 1, P0, 34, 266.61 W, 1965 MHz, 3996 MHz, 72 %, 162733 MiB
2026/08/03 13:06:11.999, 2, P0, 37, 263.93 W, 1965 MHz, 3996 MHz, 78 %, 162733 MiB
2026/08/03 13:06:11.999, 3, P0, 33, 266.18 W, 1965 MHz, 3996 MHz, 79 %, 162733 MiB
2026/08/03 13:06:11.999, 4, P0, 34, 257.16 W, 1965 MHz, 3996 MHz, 35 %, 162733 MiB
2026/08/03 13:06:11.999, 5, P0, 36, 251.92 W, 1965 MHz, 3996 MHz, 6 %, 162733 MiB
2026/08/03 13:06:11.999, 6, P0, 34, 260.95 W, 1965 MHz, 3996 MHz, 59 %, 162733 MiB
2026/08/03 13:06:11.999, 7, P0, 38, 266.30 W, 1965 MHz, 3996 MHz, 78 %, 161773 MiB
2026/08/03 13:06:12.999, 0, P0, 36, 259.49 W, 1965 MHz, 3996 MHz, 39 %, 162541 MiB
2026/08/03 13:06:12.999, 1, P0, 34, 264.33 W, 1965 MHz, 3996 MHz, 60 %, 162733 MiB
2026/08/03 13:06:12.999, 2, P0, 37, 263.32 W, 1965 MHz, 3996 MHz, 80 %, 162733 MiB
2026/08/03 13:06:12.999, 3, P0, 33, 265.04 W, 1965 MHz, 3996 MHz, 67 %, 162733 MiB
2026/08/03 13:06:12.999, 4, P0, 34, 256.44 W, 1965 MHz, 3996 MHz, 56 %, 162733 MiB
2026/08/03 13:06:12.999, 5, P0, 36, 254.59 W, 1965 MHz, 3996 MHz, 13 %, 162733 MiB
2026/08/03 13:06:12.999, 6, P0, 33, 256.81 W, 1965 MHz, 3996 MHz, 35 %, 162733 MiB
2026/08/03 13:06:12.999, 7, P0, 38, 262.98 W, 1965 MHz, 3996 MHz, 56 %, 161773 MiB
2026/08/03 13:06:14.000, 0, P0, 36, 262.40 W, 1965 MHz, 3996 MHz, 79 %, 162541 MiB
2026/08/03 13:06:14.000, 1, P0, 34, 262.64 W, 1965 MHz, 3996 MHz, 70 %, 162733 MiB
2026/08/03 13:06:14.000, 2, P0, 37, 263.60 W, 1965 MHz, 3996 MHz, 82 %, 162733 MiB
2026/08/03 13:06:14.000, 3, P0, 33, 265.01 W, 1965 MHz, 3996 MHz, 78 %, 162733 MiB
2026/08/03 13:06:14.000, 4, P0, 34, 257.61 W, 1965 MHz, 3996 MHz, 88 %, 162733 MiB
2026/08/03 13:06:14.000, 5, P0, 36, 259.46 W, 1965 MHz, 3996 MHz, 57 %, 162733 MiB
2026/08/03 13:06:14.000, 6, P0, 33, 255.61 W, 1965 MHz, 3996 MHz, 12 %, 162733 MiB
2026/08/03 13:06:14.000, 7, P0, 38, 264.20 W, 1965 MHz, 3996 MHz, 72 %, 161773 MiB
2026/08/03 13:06:15.000, 0, P0, 36, 260.61 W, 1965 MHz, 3996 MHz, 70 %, 162541 MiB
2026/08/03 13:06:15.000, 1, P0, 34, 265.75 W, 1965 MHz, 3996 MHz, 76 %, 162733 MiB
2026/08/03 13:06:15.000, 2, P0, 37, 263.61 W, 1965 MHz, 3996 MHz, 90 %, 162733 MiB
2026/08/03 13:06:15.000, 3, P0, 33, 266.16 W, 1965 MHz, 3996 MHz, 86 %, 162733 MiB
2026/08/03 13:06:15.000, 4, P0, 34, 259.23 W, 1965 MHz, 3996 MHz, 77 %, 162733 MiB
2026/08/03 13:06:15.000, 5, P0, 36, 258.80 W, 1965 MHz, 3996 MHz, 6 %, 162733 MiB
2026/08/03 13:06:15.000, 6, P0, 33, 256.97 W, 1965 MHz, 3996 MHz, 14 %, 162733 MiB
2026/08/03 13:06:15.000, 7, P0, 38, 263.58 W, 1965 MHz, 3996 MHz, 72 %, 161773 MiB
2026/08/03 13:06:16.000, 0, P0, 36, 257.20 W, 1965 MHz, 3996 MHz, 0 %, 162541 MiB
2026/08/03 13:06:16.000, 1, P0, 34, 267.63 W, 1965 MHz, 3996 MHz, 100 %, 162733 MiB
2026/08/03 13:06:16.000, 2, P0, 37, 265.08 W, 1965 MHz, 3996 MHz, 100 %, 162733 MiB
2026/08/03 13:06:16.000, 3, P0, 33, 266.74 W, 1965 MHz, 3996 MHz, 100 %, 162733 MiB
2026/08/03 13:06:16.000, 4, P0, 34, 261.88 W, 1965 MHz, 3996 MHz, 100 %, 162733 MiB
2026/08/03 13:06:16.000, 5, P0, 37, 259.96 W, 1965 MHz, 3996 MHz, 100 %, 162733 MiB
2026/08/03 13:06:16.000, 6, P0, 34, 263.26 W, 1965 MHz, 3996 MHz, 100 %, 162733 MiB
2026/08/03 13:06:16.000, 7, P0, 38, 268.36 W, 1965 MHz, 3996 MHz, 100 %, 161773 MiB
2026/08/03 13:06:17.000, 0, P0, 36, 243.65 W, 1965 MHz, 3996 MHz, 0 %, 162541 MiB
2026/08/03 13:06:17.000, 1, P0, 34, 269.52 W, 1965 MHz, 3996 MHz, 100 %, 162733 MiB
2026/08/03 13:06:17.000, 2, P0, 37, 265.66 W, 1965 MHz, 3996 MHz, 100 %, 162733 MiB
2026/08/03 13:06:17.001, 3, P0, 33, 267.95 W, 1965 MHz, 3996 MHz, 100 %, 162733 MiB
2026/08/03 13:06:17.001, 4, P0, 34, 265.02 W, 1965 MHz, 3996 MHz, 100 %, 162733 MiB
2026/08/03 13:06:17.001, 5, P0, 37, 274.11 W, 1965 MHz, 3996 MHz, 100 %, 162733 MiB
2026/08/03 13:06:17.001, 6, P0, 34, 272.83 W, 1965 MHz, 3996 MHz, 100 %, 162733 MiB
2026/08/03 13:06:17.001, 7, P0, 38, 272.71 W, 1965 MHz, 3996 MHz, 100 %, 161773 MiB
2026/08/03 13:06:18.001, 0, P0, 36, 251.03 W, 1965 MHz, 3996 MHz, 82 %, 162541 MiB
2026/08/03 13:06:18.001, 1, P0, 34, 269.64 W, 1965 MHz, 3996 MHz, 90 %, 162733 MiB
2026/08/03 13:06:18.001, 2, P0, 37, 261.00 W, 1965 MHz, 3996 MHz, 3 %, 162733 MiB
2026/08/03 13:06:18.001, 3, P0, 33, 267.89 W, 1965 MHz, 3996 MHz, 93 %, 162733 MiB
2026/08/03 13:06:18.001, 4, P0, 34, 263.04 W, 1965 MHz, 3996 MHz, 100 %, 162733 MiB
2026/08/03 13:06:18.001, 5, P0, 37, 274.28 W, 1965 MHz, 3996 MHz, 100 %, 162733 MiB
2026/08/03 13:06:18.001, 6, P0, 34, 269.79 W, 1965 MHz, 3996 MHz, 86 %, 162733 MiB
2026/08/03 13:06:18.001, 7, P0, 38, 272.61 W, 1965 MHz, 3996 MHz, 100 %, 161773 MiB
2026/08/03 13:06:19.001, 0, P0, 37, 272.23 W, 1965 MHz, 3996 MHz, 100 %, 162541 MiB
2026/08/03 13:06:19.001, 1, P0, 34, 269.92 W, 1965 MHz, 3996 MHz, 100 %, 162733 MiB
2026/08/03 13:06:19.001, 2, P0, 36, 237.31 W, 1965 MHz, 3996 MHz, 0 %, 162733 MiB
2026/08/03 13:06:19.001, 3, P0, 33, 267.84 W, 1965 MHz, 3996 MHz, 100 %, 162733 MiB
2026/08/03 13:06:19.001, 4, P0, 34, 265.03 W, 1965 MHz, 3996 MHz, 100 %, 162733 MiB
2026/08/03 13:06:19.001, 5, P0, 37, 274.12 W, 1965 MHz, 3996 MHz, 100 %, 162733 MiB
2026/08/03 13:06:19.001, 6, P0, 33, 243.27 W, 1965 MHz, 3996 MHz, 0 %, 162733 MiB
2026/08/03 13:06:19.002, 7, P0, 38, 272.77 W, 1965 MHz, 3996 MHz, 100 %, 161773 MiB
2026/08/03 13:06:20.002, 0, P0, 37, 271.84 W, 1965 MHz, 3996 MHz, 100 %, 162541 MiB
2026/08/03 13:06:20.002, 1, P0, 34, 269.94 W, 1965 MHz, 3996 MHz, 100 %, 162733 MiB
2026/08/03 13:06:20.002, 2, P0, 37, 242.27 W, 1965 MHz, 3996 MHz, 98 %, 162733 MiB
2026/08/03 13:06:20.002, 3, P0, 33, 268.12 W, 1965 MHz, 3996 MHz, 100 %, 162733 MiB
2026/08/03 13:06:20.002, 4, P0, 34, 265.26 W, 1965 MHz, 3996 MHz, 93 %, 162733 MiB
2026/08/03 13:06:20.002, 5, P0, 37, 272.72 W, 1965 MHz, 3996 MHz, 74 %, 162733 MiB
2026/08/03 13:06:20.002, 6, P0, 33, 243.73 W, 1965 MHz, 3996 MHz, 0 %, 162733 MiB
2026/08/03 13:06:20.002, 7, P0, 38, 272.84 W, 1965 MHz, 3996 MHz, 100 %, 161773 MiB
2026/08/03 13:06:21.002, 0, P0, 36, 260.86 W, 1965 MHz, 3996 MHz, 64 %, 162541 MiB
2026/08/03 13:06:21.002, 1, P0, 34, 266.05 W, 1965 MHz, 3996 MHz, 61 %, 162733 MiB
2026/08/03 13:06:21.002, 2, P0, 37, 263.54 W, 1965 MHz, 3996 MHz, 86 %, 162733 MiB
2026/08/03 13:06:21.002, 3, P0, 33, 265.74 W, 1965 MHz, 3996 MHz, 89 %, 162733 MiB
2026/08/03 13:06:21.002, 4, P0, 34, 256.09 W, 1965 MHz, 3996 MHz, 21 %, 162733 MiB
2026/08/03 13:06:21.002, 5, P0, 36, 254.56 W, 1965 MHz, 3996 MHz, 30 %, 162733 MiB
2026/08/03 13:06:21.002, 6, P0, 33, 253.99 W, 1965 MHz, 3996 MHz, 6 %, 162733 MiB
2026/08/03 13:06:21.002, 7, P0, 38, 266.10 W, 1965 MHz, 3996 MHz, 67 %, 161773 MiB
2026/08/03 13:06:22.002, 0, P0, 36, 263.95 W, 1965 MHz, 3996 MHz, 68 %, 162541 MiB
2026/08/03 13:06:22.002, 1, P0, 34, 266.54 W, 1965 MHz, 3996 MHz, 87 %, 162733 MiB
2026/08/03 13:06:22.002, 2, P0, 37, 263.95 W, 1965 MHz, 3996 MHz, 88 %, 162733 MiB
2026/08/03 13:06:22.002, 3, P0, 33, 266.41 W, 1965 MHz, 3996 MHz, 76 %, 162733 MiB
2026/08/03 13:06:22.002, 4, P0, 34, 258.98 W, 1965 MHz, 3996 MHz, 62 %, 162733 MiB
2026/08/03 13:06:22.002, 5, P0, 36, 256.81 W, 1965 MHz, 3996 MHz, 62 %, 162733 MiB
2026/08/03 13:06:22.002, 6, P0, 33, 248.75 W, 1965 MHz, 3996 MHz, 6 %, 162733 MiB
2026/08/03 13:06:22.002, 7, P0, 38, 265.85 W, 1965 MHz, 3996 MHz, 69 %, 161773 MiB
2026/08/03 13:06:23.003, 0, P0, 37, 281.68 W, 1965 MHz, 3996 MHz, 49 %, 162541 MiB
2026/08/03 13:06:23.003, 1, P0, 34, 288.69 W, 1965 MHz, 3996 MHz, 69 %, 162733 MiB
2026/08/03 13:06:23.003, 2, P0, 37, 286.59 W, 1965 MHz, 3996 MHz, 77 %, 162733 MiB
2026/08/03 13:06:23.003, 3, P0, 33, 287.64 W, 1965 MHz, 3996 MHz, 72 %, 162733 MiB
2026/08/03 13:06:23.003, 4, P0, 34, 273.79 W, 1965 MHz, 3996 MHz, 51 %, 162733 MiB
2026/08/03 13:06:23.003, 5, P0, 36, 268.91 W, 1965 MHz, 3996 MHz, 17 %, 162733 MiB
2026/08/03 13:06:23.003, 6, P0, 33, 254.07 W, 1965 MHz, 3996 MHz, 14 %, 162733 MiB
2026/08/03 13:06:23.003, 7, P0, 38, 278.93 W, 1965 MHz, 3996 MHz, 71 %, 161773 MiB
2026/08/03 13:06:24.003, 0, P0, 36, 259.11 W, 1965 MHz, 3996 MHz, 56 %, 162541 MiB
2026/08/03 13:06:24.003, 1, P0, 34, 266.18 W, 1965 MHz, 3996 MHz, 75 %, 162733 MiB
2026/08/03 13:06:24.003, 2, P0, 37, 263.55 W, 1965 MHz, 3996 MHz, 73 %, 162733 MiB
2026/08/03 13:06:24.003, 3, P0, 33, 265.23 W, 1965 MHz, 3996 MHz, 75 %, 162733 MiB
2026/08/03 13:06:24.003, 4, P0, 34, 258.06 W, 1965 MHz, 3996 MHz, 73 %, 162733 MiB
2026/08/03 13:06:24.003, 5, P0, 36, 254.10 W, 1965 MHz, 3996 MHz, 9 %, 162733 MiB
2026/08/03 13:06:24.003, 6, P0, 33, 252.42 W, 1965 MHz, 3996 MHz, 28 %, 162733 MiB
2026/08/03 13:06:24.003, 7, P0, 38, 264.38 W, 1965 MHz, 3996 MHz, 70 %, 161773 MiB
2026/08/03 13:06:25.003, 0, P0, 36, 265.61 W, 1965 MHz, 3996 MHz, 41 %, 162541 MiB
2026/08/03 13:06:25.003, 1, P0, 34, 294.11 W, 1965 MHz, 3996 MHz, 71 %, 162733 MiB
2026/08/03 13:06:25.003, 2, P0, 37, 288.59 W, 1965 MHz, 3996 MHz, 77 %, 162733 MiB
2026/08/03 13:06:25.003, 3, P0, 33, 287.10 W, 1965 MHz, 3996 MHz, 82 %, 162733 MiB
2026/08/03 13:06:25.003, 4, P0, 34, 285.37 W, 1965 MHz, 3996 MHz, 66 %, 162733 MiB
2026/08/03 13:06:25.003, 5, P0, 36, 279.29 W, 1965 MHz, 3996 MHz, 8 %, 162733 MiB
2026/08/03 13:06:25.003, 6, P0, 34, 280.52 W, 1965 MHz, 3996 MHz, 43 %, 162733 MiB
2026/08/03 13:06:25.003, 7, P0, 38, 290.47 W, 1965 MHz, 3996 MHz, 66 %, 161773 MiB
2026/08/03 13:06:26.003, 0, P0, 36, 261.07 W, 1965 MHz, 3996 MHz, 59 %, 162541 MiB
2026/08/03 13:06:26.003, 1, P0, 34, 264.46 W, 1965 MHz, 3996 MHz, 83 %, 162733 MiB
2026/08/03 13:06:26.003, 2, P0, 37, 261.99 W, 1965 MHz, 3996 MHz, 80 %, 162733 MiB
2026/08/03 13:06:26.004, 3, P0, 33, 263.38 W, 1965 MHz, 3996 MHz, 70 %, 162733 MiB
2026/08/03 13:06:26.004, 4, P0, 34, 257.49 W, 1965 MHz, 3996 MHz, 62 %, 162733 MiB
2026/08/03 13:06:26.004, 5, P0, 36, 253.22 W, 1965 MHz, 3996 MHz, 6 %, 162733 MiB
2026/08/03 13:06:26.004, 6, P0, 33, 253.69 W, 1965 MHz, 3996 MHz, 29 %, 162733 MiB
2026/08/03 13:06:26.004, 7, P0, 38, 262.24 W, 1965 MHz, 3996 MHz, 39 %, 161773 MiB
2026/08/03 13:06:27.004, 0, P0, 36, 264.29 W, 1965 MHz, 3996 MHz, 69 %, 162541 MiB
2026/08/03 13:06:27.004, 1, P0, 34, 265.96 W, 1965 MHz, 3996 MHz, 77 %, 162733 MiB
2026/08/03 13:06:27.004, 2, P0, 37, 263.20 W, 1965 MHz, 3996 MHz, 85 %, 162733 MiB
2026/08/03 13:06:27.004, 3, P0, 33, 265.68 W, 1965 MHz, 3996 MHz, 90 %, 162733 MiB
2026/08/03 13:06:27.004, 4, P0, 34, 258.26 W, 1965 MHz, 3996 MHz, 70 %, 162733 MiB
2026/08/03 13:06:27.004, 5, P0, 36, 252.67 W, 1965 MHz, 3996 MHz, 6 %, 162733 MiB
2026/08/03 13:06:27.004, 6, P0, 33, 251.64 W, 1965 MHz, 3996 MHz, 7 %, 162733 MiB
2026/08/03 13:06:27.004, 7, P0, 38, 264.82 W, 1965 MHz, 3996 MHz, 72 %, 161773 MiB
2026/08/03 13:06:28.004, 0, P0, 37, 263.99 W, 1965 MHz, 3996 MHz, 51 %, 162541 MiB
2026/08/03 13:06:28.004, 1, P0, 34, 264.80 W, 1965 MHz, 3996 MHz, 72 %, 162733 MiB
2026/08/03 13:06:28.004, 2, P0, 37, 262.65 W, 1965 MHz, 3996 MHz, 77 %, 162733 MiB
2026/08/03 13:06:28.004, 3, P0, 33, 263.99 W, 1965 MHz, 3996 MHz, 80 %, 162733 MiB
2026/08/03 13:06:28.004, 4, P0, 34, 258.13 W, 1965 MHz, 3996 MHz, 66 %, 162733 MiB
2026/08/03 13:06:28.004, 5, P0, 36, 251.49 W, 1965 MHz, 3996 MHz, 6 %, 162733 MiB
2026/08/03 13:06:28.004, 6, P0, 33, 256.75 W, 1965 MHz, 3996 MHz, 6 %, 162733 MiB
2026/08/03 13:06:28.004, 7, P0, 38, 264.32 W, 1965 MHz, 3996 MHz, 61 %, 161773 MiB
2026/08/03 13:06:29.004, 0, P0, 36, 264.53 W, 1965 MHz, 3996 MHz, 53 %, 162541 MiB
2026/08/03 13:06:29.004, 1, P0, 34, 265.99 W, 1965 MHz, 3996 MHz, 81 %, 162733 MiB
2026/08/03 13:06:29.004, 2, P0, 37, 263.20 W, 1965 MHz, 3996 MHz, 86 %, 162733 MiB
2026/08/03 13:06:29.004, 3, P0, 33, 265.78 W, 1965 MHz, 3996 MHz, 76 %, 162733 MiB
2026/08/03 13:06:29.004, 4, P0, 34, 259.27 W, 1965 MHz, 3996 MHz, 86 %, 162733 MiB
2026/08/03 13:06:29.005, 5, P0, 36, 253.60 W, 1965 MHz, 3996 MHz, 28 %, 162733 MiB
2026/08/03 13:06:29.005, 6, P0, 33, 256.22 W, 1965 MHz, 3996 MHz, 36 %, 162733 MiB
2026/08/03 13:06:29.005, 7, P0, 38, 265.56 W, 1965 MHz, 3996 MHz, 65 %, 161773 MiB
2026/08/03 13:06:30.005, 0, P0, 36, 263.72 W, 1965 MHz, 3996 MHz, 46 %, 162541 MiB
2026/08/03 13:06:30.005, 1, P0, 34, 265.80 W, 1965 MHz, 3996 MHz, 92 %, 162733 MiB
2026/08/03 13:06:30.005, 2, P0, 37, 263.30 W, 1965 MHz, 3996 MHz, 96 %, 162733 MiB
2026/08/03 13:06:30.005, 3, P0, 33, 265.25 W, 1965 MHz, 3996 MHz, 84 %, 162733 MiB
2026/08/03 13:06:30.005, 4, P0, 34, 258.43 W, 1965 MHz, 3996 MHz, 80 %, 162733 MiB
2026/08/03 13:06:30.005, 5, P0, 36, 250.45 W, 1965 MHz, 3996 MHz, 6 %, 162733 MiB
2026/08/03 13:06:30.005, 6, P0, 33, 258.83 W, 1965 MHz, 3996 MHz, 45 %, 162733 MiB
2026/08/03 13:06:30.005, 7, P0, 38, 266.61 W, 1965 MHz, 3996 MHz, 66 %, 161773 MiB
2026/08/03 13:06:31.005, 0, P0, 36, 261.05 W, 1965 MHz, 3996 MHz, 60 %, 162541 MiB
2026/08/03 13:06:31.005, 1, P0, 34, 263.90 W, 1965 MHz, 3996 MHz, 67 %, 162733 MiB
2026/08/03 13:06:31.005, 2, P0, 37, 259.73 W, 1965 MHz, 3996 MHz, 76 %, 162733 MiB
2026/08/03 13:06:31.005, 3, P0, 33, 260.98 W, 1965 MHz, 3996 MHz, 37 %, 162733 MiB
2026/08/03 13:06:31.005, 4, P0, 34, 255.52 W, 1965 MHz, 3996 MHz, 59 %, 162733 MiB
2026/08/03 13:06:31.005, 5, P0, 36, 251.93 W, 1965 MHz, 3996 MHz, 8 %, 162733 MiB
2026/08/03 13:06:31.005, 6, P0, 33, 253.76 W, 1965 MHz, 3996 MHz, 49 %, 162733 MiB
2026/08/03 13:06:31.005, 7, P0, 38, 262.78 W, 1965 MHz, 3996 MHz, 62 %, 161773 MiB
2026/08/03 13:06:32.005, 0, P0, 37, 263.39 W, 1965 MHz, 3996 MHz, 70 %, 162541 MiB
2026/08/03 13:06:32.005, 1, P0, 34, 265.69 W, 1965 MHz, 3996 MHz, 89 %, 162733 MiB
2026/08/03 13:06:32.005, 2, P0, 37, 262.85 W, 1965 MHz, 3996 MHz, 83 %, 162733 MiB
2026/08/03 13:06:32.005, 3, P0, 33, 263.62 W, 1965 MHz, 3996 MHz, 67 %, 162733 MiB
2026/08/03 13:06:32.005, 4, P0, 34, 258.52 W, 1965 MHz, 3996 MHz, 74 %, 162733 MiB
2026/08/03 13:06:32.005, 5, P0, 36, 250.03 W, 1965 MHz, 3996 MHz, 6 %, 162733 MiB
2026/08/03 13:06:32.005, 6, P0, 33, 258.05 W, 1965 MHz, 3996 MHz, 46 %, 162733 MiB
2026/08/03 13:06:32.005, 7, P0, 38, 266.29 W, 1965 MHz, 3996 MHz, 65 %, 161773 MiB
2026/08/03 13:06:33.006, 0, P0, 36, 264.35 W, 1965 MHz, 3996 MHz, 42 %, 162541 MiB
2026/08/03 13:06:33.006, 1, P0, 34, 265.12 W, 1965 MHz, 3996 MHz, 78 %, 162733 MiB
2026/08/03 13:06:33.006, 2, P0, 37, 263.35 W, 1965 MHz, 3996 MHz, 85 %, 162733 MiB
2026/08/03 13:06:33.006, 3, P0, 33, 263.65 W, 1965 MHz, 3996 MHz, 80 %, 162733 MiB
2026/08/03 13:06:33.006, 4, P0, 34, 257.72 W, 1965 MHz, 3996 MHz, 70 %, 162733 MiB
2026/08/03 13:06:33.006, 5, P0, 36, 250.49 W, 1965 MHz, 3996 MHz, 7 %, 162733 MiB
2026/08/03 13:06:33.006, 6, P0, 33, 255.88 W, 1965 MHz, 3996 MHz, 29 %, 162733 MiB
2026/08/03 13:06:33.006, 7, P0, 38, 265.67 W, 1965 MHz, 3996 MHz, 61 %, 161773 MiB
2026/08/03 13:06:34.006, 0, P0, 37, 263.55 W, 1965 MHz, 3996 MHz, 60 %, 162541 MiB
2026/08/03 13:06:34.006, 1, P0, 34, 265.13 W, 1965 MHz, 3996 MHz, 71 %, 162733 MiB
2026/08/03 13:06:34.006, 2, P0, 37, 262.89 W, 1965 MHz, 3996 MHz, 83 %, 162733 MiB
2026/08/03 13:06:34.006, 3, P0, 33, 262.98 W, 1965 MHz, 3996 MHz, 79 %, 162733 MiB
2026/08/03 13:06:34.006, 4, P0, 34, 255.31 W, 1965 MHz, 3996 MHz, 37 %, 162733 MiB
2026/08/03 13:06:34.006, 5, P0, 36, 250.53 W, 1965 MHz, 3996 MHz, 17 %, 162733 MiB
2026/08/03 13:06:34.006, 6, P0, 33, 258.02 W, 1965 MHz, 3996 MHz, 56 %, 162733 MiB
2026/08/03 13:06:34.006, 7, P0, 38, 264.87 W, 1965 MHz, 3996 MHz, 70 %, 161773 MiB
2026/08/03 13:06:35.006, 0, P0, 37, 265.92 W, 1965 MHz, 3996 MHz, 70 %, 162541 MiB
2026/08/03 13:06:35.006, 1, P0, 34, 264.75 W, 1965 MHz, 3996 MHz, 91 %, 162733 MiB
2026/08/03 13:06:35.006, 2, P0, 37, 263.10 W, 1965 MHz, 3996 MHz, 85 %, 162733 MiB
2026/08/03 13:06:35.006, 3, P0, 33, 264.08 W, 1965 MHz, 3996 MHz, 73 %, 162733 MiB
2026/08/03 13:06:35.006, 4, P0, 34, 257.15 W, 1965 MHz, 3996 MHz, 92 %, 162733 MiB
2026/08/03 13:06:35.006, 5, P0, 36, 253.23 W, 1965 MHz, 3996 MHz, 41 %, 162733 MiB
2026/08/03 13:06:35.006, 6, P0, 33, 260.76 W, 1965 MHz, 3996 MHz, 65 %, 162733 MiB
2026/08/03 13:06:35.006, 7, P0, 38, 264.86 W, 1965 MHz, 3996 MHz, 7 %, 161773 MiB
2026/08/03 13:06:36.006, 0, P0, 37, 266.41 W, 1965 MHz, 3996 MHz, 65 %, 162541 MiB
2026/08/03 13:06:36.006, 1, P0, 34, 265.86 W, 1965 MHz, 3996 MHz, 80 %, 162733 MiB
2026/08/03 13:06:36.006, 2, P0, 37, 263.59 W, 1965 MHz, 3996 MHz, 87 %, 162733 MiB
2026/08/03 13:06:36.006, 3, P0, 33, 264.19 W, 1965 MHz, 3996 MHz, 73 %, 162733 MiB
2026/08/03 13:06:36.006, 4, P0, 34, 257.98 W, 1965 MHz, 3996 MHz, 69 %, 162733 MiB
2026/08/03 13:06:36.006, 5, P0, 36, 252.45 W, 1965 MHz, 3996 MHz, 10 %, 162733 MiB
2026/08/03 13:06:36.007, 6, P0, 33, 254.41 W, 1965 MHz, 3996 MHz, 23 %, 162733 MiB
2026/08/03 13:06:36.007, 7, P0, 38, 265.36 W, 1965 MHz, 3996 MHz, 71 %, 161773 MiB
2026/08/03 13:06:37.007, 0, P0, 37, 265.55 W, 1965 MHz, 3996 MHz, 63 %, 162541 MiB
2026/08/03 13:06:37.007, 1, P0, 34, 266.38 W, 1965 MHz, 3996 MHz, 78 %, 162733 MiB
2026/08/03 13:06:37.007, 2, P0, 37, 263.78 W, 1965 MHz, 3996 MHz, 93 %, 162733 MiB
2026/08/03 13:06:37.007, 3, P0, 33, 264.61 W, 1965 MHz, 3996 MHz, 73 %, 162733 MiB
2026/08/03 13:06:37.007, 4, P0, 34, 259.32 W, 1965 MHz, 3996 MHz, 88 %, 162733 MiB
2026/08/03 13:06:37.007, 5, P0, 36, 250.20 W, 1965 MHz, 3996 MHz, 7 %, 162733 MiB
2026/08/03 13:06:37.007, 6, P0, 33, 255.19 W, 1965 MHz, 3996 MHz, 29 %, 162733 MiB
2026/08/03 13:06:37.007, 7, P0, 38, 266.54 W, 1965 MHz, 3996 MHz, 85 %, 161773 MiB
2026/08/03 13:06:38.007, 0, P0, 36, 265.97 W, 1965 MHz, 3996 MHz, 70 %, 162541 MiB
2026/08/03 13:06:38.007, 1, P0, 34, 263.40 W, 1965 MHz, 3996 MHz, 75 %, 162733 MiB
2026/08/03 13:06:38.007, 2, P0, 37, 261.05 W, 1965 MHz, 3996 MHz, 81 %, 162733 MiB
2026/08/03 13:06:38.007, 3, P0, 33, 262.25 W, 1965 MHz, 3996 MHz, 70 %, 162733 MiB
2026/08/03 13:06:38.007, 4, P0, 34, 257.41 W, 1965 MHz, 3996 MHz, 65 %, 162733 MiB
2026/08/03 13:06:38.007, 5, P0, 36, 254.15 W, 1965 MHz, 3996 MHz, 6 %, 162733 MiB
2026/08/03 13:06:38.007, 6, P0, 33, 255.09 W, 1965 MHz, 3996 MHz, 12 %, 162733 MiB
2026/08/03 13:06:38.007, 7, P0, 38, 265.85 W, 1965 MHz, 3996 MHz, 69 %, 161773 MiB
2026/08/03 13:06:39.007, 0, P0, 36, 266.49 W, 1965 MHz, 3996 MHz, 76 %, 162541 MiB
2026/08/03 13:06:39.007, 1, P0, 34, 265.26 W, 1965 MHz, 3996 MHz, 64 %, 162733 MiB
2026/08/03 13:06:39.007, 2, P0, 37, 263.72 W, 1965 MHz, 3996 MHz, 85 %, 162733 MiB
2026/08/03 13:06:39.007, 3, P0, 33, 264.74 W, 1965 MHz, 3996 MHz, 85 %, 162733 MiB
2026/08/03 13:06:39.007, 4, P0, 34, 259.05 W, 1965 MHz, 3996 MHz, 67 %, 162733 MiB
2026/08/03 13:06:39.007, 5, P0, 36, 251.77 W, 1965 MHz, 3996 MHz, 6 %, 162733 MiB
2026/08/03 13:06:39.007, 6, P0, 33, 257.41 W, 1965 MHz, 3996 MHz, 12 %, 162733 MiB
2026/08/03 13:06:39.007, 7, P0, 38, 265.26 W, 1965 MHz, 3996 MHz, 63 %, 161773 MiB
2026/08/03 13:06:40.007, 0, P0, 37, 264.66 W, 1965 MHz, 3996 MHz, 75 %, 162541 MiB
2026/08/03 13:06:40.007, 1, P0, 34, 265.12 W, 1965 MHz, 3996 MHz, 87 %, 162733 MiB
2026/08/03 13:06:40.007, 2, P0, 37, 263.50 W, 1965 MHz, 3996 MHz, 93 %, 162733 MiB
2026/08/03 13:06:40.008, 3, P0, 33, 264.53 W, 1965 MHz, 3996 MHz, 83 %, 162733 MiB
2026/08/03 13:06:40.008, 4, P0, 34, 259.91 W, 1965 MHz, 3996 MHz, 83 %, 162733 MiB
2026/08/03 13:06:40.008, 5, P0, 36, 250.61 W, 1965 MHz, 3996 MHz, 7 %, 162733 MiB
2026/08/03 13:06:40.008, 6, P0, 33, 256.06 W, 1965 MHz, 3996 MHz, 27 %, 162733 MiB
2026/08/03 13:06:40.008, 7, P0, 38, 267.33 W, 1965 MHz, 3996 MHz, 79 %, 161773 MiB
2026/08/03 13:06:41.008, 0, P0, 37, 264.21 W, 1965 MHz, 3996 MHz, 68 %, 162541 MiB
2026/08/03 13:06:41.008, 1, P0, 34, 263.28 W, 1965 MHz, 3996 MHz, 68 %, 162733 MiB
2026/08/03 13:06:41.008, 2, P0, 37, 262.86 W, 1965 MHz, 3996 MHz, 79 %, 162733 MiB
2026/08/03 13:06:41.008, 3, P0, 33, 263.10 W, 1965 MHz, 3996 MHz, 72 %, 162733 MiB
2026/08/03 13:06:41.008, 4, P0, 34, 255.95 W, 1965 MHz, 3996 MHz, 68 %, 162733 MiB
2026/08/03 13:06:41.008, 5, P0, 36, 253.12 W, 1965 MHz, 3996 MHz, 12 %, 162733 MiB
2026/08/03 13:06:41.008, 6, P0, 33, 256.10 W, 1965 MHz, 3996 MHz, 19 %, 162733 MiB
2026/08/03 13:06:41.008, 7, P0, 38, 265.61 W, 1965 MHz, 3996 MHz, 76 %, 161773 MiB
2026/08/03 13:06:42.008, 0, P0, 37, 266.36 W, 1965 MHz, 3996 MHz, 81 %, 162541 MiB
2026/08/03 13:06:42.008, 1, P0, 34, 265.67 W, 1965 MHz, 3996 MHz, 86 %, 162733 MiB
2026/08/03 13:06:42.008, 2, P0, 37, 263.78 W, 1965 MHz, 3996 MHz, 88 %, 162733 MiB
2026/08/03 13:06:42.008, 3, P0, 33, 263.84 W, 1965 MHz, 3996 MHz, 82 %, 162733 MiB
2026/08/03 13:06:42.008, 4, P0, 34, 259.69 W, 1965 MHz, 3996 MHz, 80 %, 162733 MiB
2026/08/03 13:06:42.008, 5, P0, 36, 250.90 W, 1965 MHz, 3996 MHz, 6 %, 162733 MiB
2026/08/03 13:06:42.008, 6, P0, 33, 258.22 W, 1965 MHz, 3996 MHz, 70 %, 162733 MiB
2026/08/03 13:06:42.008, 7, P0, 38, 267.62 W, 1965 MHz, 3996 MHz, 69 %, 161773 MiB
2026/08/03 13:06:43.008, 0, P0, 37, 266.25 W, 1965 MHz, 3996 MHz, 72 %, 162541 MiB
2026/08/03 13:06:43.008, 1, P0, 34, 266.13 W, 1965 MHz, 3996 MHz, 76 %, 162733 MiB
2026/08/03 13:06:43.008, 2, P0, 37, 264.06 W, 1965 MHz, 3996 MHz, 89 %, 162733 MiB
2026/08/03 13:06:43.008, 3, P0, 33, 265.45 W, 1965 MHz, 3996 MHz, 85 %, 162733 MiB
2026/08/03 13:06:43.008, 4, P0, 34, 259.88 W, 1965 MHz, 3996 MHz, 66 %, 162733 MiB
2026/08/03 13:06:43.008, 5, P0, 36, 250.17 W, 1965 MHz, 3996 MHz, 7 %, 162733 MiB
2026/08/03 13:06:43.008, 6, P0, 33, 257.77 W, 1965 MHz, 3996 MHz, 34 %, 162733 MiB
2026/08/03 13:06:43.008, 7, P0, 38, 267.78 W, 1965 MHz, 3996 MHz, 75 %, 161773 MiB
2026/08/03 13:06:44.009, 0, P0, 37, 265.25 W, 1965 MHz, 3996 MHz, 59 %, 162541 MiB
2026/08/03 13:06:44.009, 1, P0, 34, 263.76 W, 1965 MHz, 3996 MHz, 76 %, 162733 MiB
2026/08/03 13:06:44.009, 2, P0, 37, 263.26 W, 1965 MHz, 3996 MHz, 81 %, 162733 MiB
2026/08/03 13:06:44.009, 3, P0, 33, 264.55 W, 1965 MHz, 3996 MHz, 73 %, 162733 MiB
2026/08/03 13:06:44.009, 4, P0, 34, 255.49 W, 1965 MHz, 3996 MHz, 57 %, 162733 MiB
2026/08/03 13:06:44.009, 5, P0, 36, 251.07 W, 1965 MHz, 3996 MHz, 6 %, 162733 MiB
2026/08/03 13:06:44.009, 6, P0, 33, 255.12 W, 1965 MHz, 3996 MHz, 40 %, 162733 MiB
2026/08/03 13:06:44.009, 7, P0, 38, 265.86 W, 1965 MHz, 3996 MHz, 75 %, 161773 MiB
2026/08/03 13:06:45.009, 0, P0, 37, 265.53 W, 1965 MHz, 3996 MHz, 66 %, 162541 MiB
2026/08/03 13:06:45.009, 1, P0, 34, 263.54 W, 1965 MHz, 3996 MHz, 89 %, 162733 MiB
2026/08/03 13:06:45.009, 2, P0, 37, 263.53 W, 1965 MHz, 3996 MHz, 88 %, 162733 MiB
2026/08/03 13:06:45.009, 3, P0, 33, 264.56 W, 1965 MHz, 3996 MHz, 80 %, 162733 MiB
2026/08/03 13:06:45.009, 4, P0, 34, 257.09 W, 1965 MHz, 3996 MHz, 77 %, 162733 MiB
2026/08/03 13:06:45.009, 5, P0, 36, 250.90 W, 1965 MHz, 3996 MHz, 6 %, 162733 MiB
2026/08/03 13:06:45.009, 6, P0, 33, 256.28 W, 1965 MHz, 3996 MHz, 37 %, 162733 MiB
2026/08/03 13:06:45.009, 7, P0, 38, 266.19 W, 1965 MHz, 3996 MHz, 66 %, 161773 MiB
2026/08/03 13:06:46.009, 0, P0, 37, 268.29 W, 1965 MHz, 3996 MHz, 58 %, 162541 MiB
2026/08/03 13:06:46.009, 1, P0, 34, 266.38 W, 1965 MHz, 3996 MHz, 78 %, 162733 MiB
2026/08/03 13:06:46.009, 2, P0, 37, 263.82 W, 1965 MHz, 3996 MHz, 90 %, 162733 MiB
2026/08/03 13:06:46.009, 3, P0, 33, 265.81 W, 1965 MHz, 3996 MHz, 81 %, 162733 MiB
2026/08/03 13:06:46.009, 4, P0, 34, 260.38 W, 1965 MHz, 3996 MHz, 71 %, 162733 MiB
2026/08/03 13:06:46.009, 5, P0, 36, 254.73 W, 1965 MHz, 3996 MHz, 14 %, 162733 MiB
2026/08/03 13:06:46.009, 6, P0, 33, 251.78 W, 1965 MHz, 3996 MHz, 18 %, 162733 MiB
2026/08/03 13:06:46.009, 7, P0, 38, 267.33 W, 1965 MHz, 3996 MHz, 74 %, 161773 MiB
2026/08/03 13:06:47.009, 0, P0, 37, 263.36 W, 1965 MHz, 3996 MHz, 50 %, 162541 MiB
2026/08/03 13:06:47.009, 1, P0, 34, 263.75 W, 1965 MHz, 3996 MHz, 67 %, 162733 MiB
2026/08/03 13:06:47.009, 2, P0, 37, 263.81 W, 1965 MHz, 3996 MHz, 76 %, 162733 MiB
2026/08/03 13:06:47.009, 3, P0, 33, 265.02 W, 1965 MHz, 3996 MHz, 79 %, 162733 MiB
2026/08/03 13:06:47.009, 4, P0, 34, 256.46 W, 1965 MHz, 3996 MHz, 54 %, 162733 MiB
2026/08/03 13:06:47.010, 5, P0, 36, 255.18 W, 1965 MHz, 3996 MHz, 33 %, 162733 MiB
2026/08/03 13:06:47.010, 6, P0, 33, 250.19 W, 1965 MHz, 3996 MHz, 14 %, 162733 MiB
2026/08/03 13:06:47.010, 7, P0, 38, 265.98 W, 1965 MHz, 3996 MHz, 69 %, 161773 MiB
2026/08/03 13:06:48.010, 0, P0, 37, 266.19 W, 1965 MHz, 3996 MHz, 42 %, 162541 MiB
2026/08/03 13:06:48.010, 1, P0, 34, 264.53 W, 1965 MHz, 3996 MHz, 77 %, 162733 MiB
2026/08/03 13:06:48.010, 2, P0, 37, 262.52 W, 1965 MHz, 3996 MHz, 82 %, 162733 MiB
2026/08/03 13:06:48.010, 3, P0, 33, 264.40 W, 1965 MHz, 3996 MHz, 75 %, 162733 MiB
2026/08/03 13:06:48.010, 4, P0, 34, 257.17 W, 1965 MHz, 3996 MHz, 72 %, 162733 MiB
2026/08/03 13:06:48.010, 5, P0, 36, 254.44 W, 1965 MHz, 3996 MHz, 12 %, 162733 MiB
2026/08/03 13:06:48.010, 6, P0, 33, 250.09 W, 1965 MHz, 3996 MHz, 7 %, 162733 MiB
2026/08/03 13:06:48.010, 7, P0, 38, 266.38 W, 1965 MHz, 3996 MHz, 66 %, 161773 MiB
2026/08/03 13:06:49.010, 0, P0, 37, 266.82 W, 1965 MHz, 3996 MHz, 70 %, 162541 MiB
2026/08/03 13:06:49.010, 1, P0, 34, 264.66 W, 1965 MHz, 3996 MHz, 75 %, 162733 MiB
2026/08/03 13:06:49.010, 2, P0, 37, 264.02 W, 1965 MHz, 3996 MHz, 85 %, 162733 MiB
2026/08/03 13:06:49.010, 3, P0, 33, 264.71 W, 1965 MHz, 3996 MHz, 84 %, 162733 MiB
2026/08/03 13:06:49.010, 4, P0, 34, 258.10 W, 1965 MHz, 3996 MHz, 71 %, 162733 MiB
2026/08/03 13:06:49.010, 5, P0, 36, 253.76 W, 1965 MHz, 3996 MHz, 49 %, 162733 MiB
2026/08/03 13:06:49.010, 6, P0, 33, 252.15 W, 1965 MHz, 3996 MHz, 8 %, 162733 MiB
2026/08/03 13:06:49.010, 7, P0, 38, 264.99 W, 1965 MHz, 3996 MHz, 65 %, 161773 MiB
2026/08/03 13:06:50.010, 0, P0, 36, 262.42 W, 1965 MHz, 3996 MHz, 24 %, 162541 MiB
2026/08/03 13:06:50.010, 1, P0, 34, 262.79 W, 1965 MHz, 3996 MHz, 67 %, 162733 MiB
2026/08/03 13:06:50.010, 2, P0, 37, 263.25 W, 1965 MHz, 3996 MHz, 87 %, 162733 MiB
2026/08/03 13:06:50.010, 3, P0, 33, 264.68 W, 1965 MHz, 3996 MHz, 88 %, 162733 MiB
2026/08/03 13:06:50.010, 4, P0, 34, 255.55 W, 1965 MHz, 3996 MHz, 37 %, 162733 MiB
2026/08/03 13:06:50.010, 5, P0, 36, 259.70 W, 1965 MHz, 3996 MHz, 43 %, 162733 MiB
2026/08/03 13:06:50.010, 6, P0, 33, 247.35 W, 1965 MHz, 3996 MHz, 17 %, 162733 MiB
2026/08/03 13:06:50.010, 7, P0, 38, 264.94 W, 1965 MHz, 3996 MHz, 70 %, 161773 MiB
2026/08/03 13:06:51.010, 0, P0, 36, 262.32 W, 1965 MHz, 3996 MHz, 54 %, 162541 MiB
2026/08/03 13:06:51.011, 1, P0, 34, 262.42 W, 1965 MHz, 3996 MHz, 76 %, 162733 MiB
2026/08/03 13:06:51.011, 2, P0, 37, 262.86 W, 1965 MHz, 3996 MHz, 78 %, 162733 MiB
2026/08/03 13:06:51.011, 3, P0, 33, 263.96 W, 1965 MHz, 3996 MHz, 75 %, 162733 MiB
2026/08/03 13:06:51.011, 4, P0, 34, 252.71 W, 1965 MHz, 3996 MHz, 18 %, 162733 MiB
2026/08/03 13:06:51.011, 5, P0, 36, 252.88 W, 1965 MHz, 3996 MHz, 61 %, 162733 MiB
2026/08/03 13:06:51.011, 6, P0, 33, 252.35 W, 1965 MHz, 3996 MHz, 33 %, 162733 MiB
2026/08/03 13:06:51.011, 7, P0, 38, 262.95 W, 1965 MHz, 3996 MHz, 65 %, 161773 MiB
2026/08/03 13:06:52.011, 0, P0, 37, 266.97 W, 1965 MHz, 3996 MHz, 75 %, 162541 MiB
2026/08/03 13:06:52.011, 1, P0, 34, 258.95 W, 1965 MHz, 3996 MHz, 54 %, 162733 MiB
2026/08/03 13:06:52.011, 2, P0, 37, 263.43 W, 1965 MHz, 3996 MHz, 89 %, 162733 MiB
2026/08/03 13:06:52.011, 3, P0, 33, 263.91 W, 1965 MHz, 3996 MHz, 73 %, 162733 MiB
2026/08/03 13:06:52.011, 4, P0, 34, 258.49 W, 1965 MHz, 3996 MHz, 62 %, 162733 MiB
2026/08/03 13:06:52.011, 5, P0, 36, 255.81 W, 1965 MHz, 3996 MHz, 12 %, 162733 MiB
2026/08/03 13:06:52.011, 6, P0, 33, 253.95 W, 1965 MHz, 3996 MHz, 53 %, 162733 MiB
2026/08/03 13:06:52.011, 7, P0, 38, 262.37 W, 1965 MHz, 3996 MHz, 15 %, 161773 MiB
2026/08/03 13:06:53.011, 0, P0, 36, 263.45 W, 1965 MHz, 3996 MHz, 52 %, 162541 MiB
2026/08/03 13:06:53.011, 1, P0, 34, 261.71 W, 1965 MHz, 3996 MHz, 73 %, 162733 MiB
2026/08/03 13:06:53.011, 2, P0, 37, 262.81 W, 1965 MHz, 3996 MHz, 85 %, 162733 MiB
2026/08/03 13:06:53.011, 3, P0, 33, 264.11 W, 1965 MHz, 3996 MHz, 74 %, 162733 MiB
2026/08/03 13:06:53.011, 4, P0, 34, 254.41 W, 1965 MHz, 3996 MHz, 54 %, 162733 MiB
2026/08/03 13:06:53.011, 5, P0, 36, 255.64 W, 1965 MHz, 3996 MHz, 22 %, 162733 MiB
2026/08/03 13:06:53.011, 6, P0, 33, 249.43 W, 1965 MHz, 3996 MHz, 10 %, 162733 MiB
2026/08/03 13:06:53.011, 7, P0, 38, 259.74 W, 1965 MHz, 3996 MHz, 28 %, 161773 MiB
2026/08/03 13:06:54.011, 0, P0, 36, 262.92 W, 1965 MHz, 3996 MHz, 66 %, 162541 MiB
2026/08/03 13:06:54.011, 1, P0, 34, 262.52 W, 1965 MHz, 3996 MHz, 60 %, 162733 MiB
2026/08/03 13:06:54.011, 2, P0, 37, 263.10 W, 1965 MHz, 3996 MHz, 77 %, 162733 MiB
2026/08/03 13:06:54.011, 3, P0, 33, 264.41 W, 1965 MHz, 3996 MHz, 80 %, 162733 MiB
2026/08/03 13:06:54.011, 4, P0, 34, 254.86 W, 1965 MHz, 3996 MHz, 55 %, 162733 MiB
2026/08/03 13:06:54.011, 5, P0, 36, 251.80 W, 1965 MHz, 3996 MHz, 7 %, 162733 MiB
2026/08/03 13:06:54.012, 6, P0, 33, 254.37 W, 1965 MHz, 3996 MHz, 45 %, 162733 MiB
2026/08/03 13:06:54.012, 7, P0, 38, 261.11 W, 1965 MHz, 3996 MHz, 75 %, 161773 MiB
2026/08/03 13:06:55.012, 0, P0, 36, 264.54 W, 1965 MHz, 3996 MHz, 89 %, 162541 MiB
2026/08/03 13:06:55.012, 1, P0, 34, 262.11 W, 1965 MHz, 3996 MHz, 79 %, 162733 MiB
2026/08/03 13:06:55.012, 2, P0, 37, 261.74 W, 1965 MHz, 3996 MHz, 88 %, 162733 MiB
2026/08/03 13:06:55.012, 3, P0, 33, 264.32 W, 1965 MHz, 3996 MHz, 72 %, 162733 MiB
2026/08/03 13:06:55.012, 4, P0, 34, 257.11 W, 1965 MHz, 3996 MHz, 61 %, 162733 MiB
2026/08/03 13:06:55.012, 5, P0, 36, 252.97 W, 1965 MHz, 3996 MHz, 6 %, 162733 MiB
2026/08/03 13:06:55.012, 6, P0, 33, 257.54 W, 1965 MHz, 3996 MHz, 58 %, 162733 MiB
2026/08/03 13:06:55.012, 7, P0, 38, 264.05 W, 1965 MHz, 3996 MHz, 63 %, 161773 MiB
2026/08/03 13:06:56.012, 0, P0, 37, 262.39 W, 1965 MHz, 3996 MHz, 67 %, 162541 MiB
2026/08/03 13:06:56.012, 1, P0, 34, 263.16 W, 1965 MHz, 3996 MHz, 73 %, 162733 MiB
2026/08/03 13:06:56.012, 2, P0, 37, 262.67 W, 1965 MHz, 3996 MHz, 81 %, 162733 MiB
2026/08/03 13:06:56.012, 3, P0, 33, 264.04 W, 1965 MHz, 3996 MHz, 81 %, 162733 MiB
2026/08/03 13:06:56.012, 4, P0, 34, 255.71 W, 1965 MHz, 3996 MHz, 59 %, 162733 MiB
2026/08/03 13:06:56.012, 5, P0, 36, 254.99 W, 1965 MHz, 3996 MHz, 9 %, 162733 MiB
2026/08/03 13:06:56.012, 6, P0, 33, 250.64 W, 1965 MHz, 3996 MHz, 24 %, 162733 MiB
2026/08/03 13:06:56.012, 7, P0, 38, 259.99 W, 1965 MHz, 3996 MHz, 56 %, 161773 MiB
2026/08/03 13:06:57.012, 0, P0, 36, 261.16 W, 1965 MHz, 3996 MHz, 66 %, 162541 MiB
2026/08/03 13:06:57.012, 1, P0, 34, 262.44 W, 1965 MHz, 3996 MHz, 70 %, 162733 MiB
2026/08/03 13:06:57.012, 2, P0, 37, 261.51 W, 1965 MHz, 3996 MHz, 79 %, 162733 MiB
2026/08/03 13:06:57.012, 3, P0, 33, 263.46 W, 1965 MHz, 3996 MHz, 63 %, 162733 MiB
2026/08/03 13:06:57.012, 4, P0, 34, 255.43 W, 1965 MHz, 3996 MHz, 57 %, 162733 MiB
2026/08/03 13:06:57.012, 5, P0, 36, 252.23 W, 1965 MHz, 3996 MHz, 23 %, 162733 MiB
2026/08/03 13:06:57.012, 6, P0, 33, 254.60 W, 1965 MHz, 3996 MHz, 12 %, 162733 MiB
2026/08/03 13:06:57.012, 7, P0, 38, 260.47 W, 1965 MHz, 3996 MHz, 49 %, 161773 MiB
2026/08/03 13:06:58.012, 0, P0, 36, 262.37 W, 1965 MHz, 3996 MHz, 68 %, 162541 MiB
2026/08/03 13:06:58.012, 1, P0, 34, 261.01 W, 1965 MHz, 3996 MHz, 24 %, 162733 MiB
2026/08/03 13:06:58.013, 2, P0, 37, 262.13 W, 1965 MHz, 3996 MHz, 86 %, 162733 MiB
2026/08/03 13:06:58.013, 3, P0, 33, 264.02 W, 1965 MHz, 3996 MHz, 72 %, 162733 MiB
2026/08/03 13:06:58.013, 4, P0, 34, 255.50 W, 1965 MHz, 3996 MHz, 66 %, 162733 MiB
2026/08/03 13:06:58.013, 5, P0, 36, 257.21 W, 1965 MHz, 3996 MHz, 69 %, 162733 MiB
2026/08/03 13:06:58.013, 6, P0, 33, 249.42 W, 1965 MHz, 3996 MHz, 6 %, 162733 MiB
2026/08/03 13:06:58.013, 7, P0, 38, 261.65 W, 1965 MHz, 3996 MHz, 47 %, 161773 MiB
2026/08/03 13:06:59.013, 0, P0, 36, 260.05 W, 1965 MHz, 3996 MHz, 77 %, 162541 MiB
2026/08/03 13:06:59.013, 1, P0, 34, 262.58 W, 1965 MHz, 3996 MHz, 80 %, 162733 MiB
2026/08/03 13:06:59.013, 2, P0, 37, 261.52 W, 1965 MHz, 3996 MHz, 86 %, 162733 MiB
2026/08/03 13:06:59.013, 3, P0, 33, 262.64 W, 1965 MHz, 3996 MHz, 79 %, 162733 MiB
2026/08/03 13:06:59.013, 4, P0, 34, 253.33 W, 1965 MHz, 3996 MHz, 48 %, 162733 MiB
2026/08/03 13:06:59.013, 5, P0, 36, 253.41 W, 1965 MHz, 3996 MHz, 21 %, 162733 MiB
2026/08/03 13:06:59.013, 6, P0, 33, 251.41 W, 1965 MHz, 3996 MHz, 7 %, 162733 MiB
2026/08/03 13:06:59.013, 7, P0, 38, 259.05 W, 1965 MHz, 3996 MHz, 63 %, 161773 MiB
2026/08/03 13:07:00.013, 0, P0, 37, 301.68 W, 1965 MHz, 3996 MHz, 51 %, 162541 MiB
2026/08/03 13:07:00.013, 1, P0, 34, 299.60 W, 1965 MHz, 3996 MHz, 72 %, 162733 MiB
2026/08/03 13:07:00.013, 2, P0, 37, 297.97 W, 1965 MHz, 3996 MHz, 90 %, 162733 MiB
2026/08/03 13:07:00.013, 3, P0, 33, 304.12 W, 1965 MHz, 3996 MHz, 82 %, 162733 MiB
2026/08/03 13:07:00.013, 4, P0, 34, 291.77 W, 1965 MHz, 3996 MHz, 53 %, 162733 MiB
2026/08/03 13:07:00.013, 5, P0, 36, 288.79 W, 1965 MHz, 3996 MHz, 6 %, 162733 MiB
2026/08/03 13:07:00.013, 6, P0, 33, 285.82 W, 1965 MHz, 3996 MHz, 35 %, 162733 MiB
2026/08/03 13:07:00.013, 7, P0, 38, 292.70 W, 1965 MHz, 3996 MHz, 58 %, 161773 MiB
2026/08/03 13:07:01.013, 0, P0, 37, 263.50 W, 1965 MHz, 3996 MHz, 49 %, 162541 MiB
2026/08/03 13:07:01.013, 1, P0, 34, 263.56 W, 1965 MHz, 3996 MHz, 74 %, 162733 MiB
2026/08/03 13:07:01.013, 2, P0, 37, 263.29 W, 1965 MHz, 3996 MHz, 90 %, 162733 MiB
2026/08/03 13:07:01.013, 3, P0, 33, 264.98 W, 1965 MHz, 3996 MHz, 84 %, 162733 MiB
2026/08/03 13:07:01.013, 4, P0, 34, 255.05 W, 1965 MHz, 3996 MHz, 61 %, 162733 MiB
2026/08/03 13:07:01.013, 5, P0, 36, 251.07 W, 1965 MHz, 3996 MHz, 6 %, 162733 MiB
2026/08/03 13:07:01.013, 6, P0, 33, 253.97 W, 1965 MHz, 3996 MHz, 17 %, 162733 MiB
2026/08/03 13:07:01.013, 7, P0, 38, 262.08 W, 1965 MHz, 3996 MHz, 54 %, 161773 MiB
2026/08/03 13:07:02.013, 0, P0, 37, 303.29 W, 1965 MHz, 3996 MHz, 45 %, 162541 MiB
2026/08/03 13:07:02.014, 1, P0, 34, 296.76 W, 1965 MHz, 3996 MHz, 56 %, 162733 MiB
2026/08/03 13:07:02.014, 2, P0, 37, 296.71 W, 1965 MHz, 3996 MHz, 83 %, 162733 MiB
2026/08/03 13:07:02.014, 3, P0, 34, 300.40 W, 1965 MHz, 3996 MHz, 83 %, 162733 MiB
2026/08/03 13:07:02.014, 4, P0, 34, 294.82 W, 1965 MHz, 3996 MHz, 67 %, 162733 MiB
2026/08/03 13:07:02.014, 5, P0, 36, 284.92 W, 1965 MHz, 3996 MHz, 6 %, 162733 MiB
2026/08/03 13:07:02.014, 6, P0, 34, 286.63 W, 1965 MHz, 3996 MHz, 43 %, 162733 MiB
2026/08/03 13:07:02.014, 7, P0, 38, 290.68 W, 1965 MHz, 3996 MHz, 45 %, 161773 MiB
2026/08/03 13:07:03.014, 0, P0, 37, 264.94 W, 1965 MHz, 3996 MHz, 51 %, 162541 MiB
2026/08/03 13:07:03.014, 1, P0, 34, 262.12 W, 1965 MHz, 3996 MHz, 66 %, 162733 MiB
2026/08/03 13:07:03.014, 2, P0, 37, 262.90 W, 1965 MHz, 3996 MHz, 75 %, 162733 MiB
2026/08/03 13:07:03.014, 3, P0, 33, 265.61 W, 1965 MHz, 3996 MHz, 79 %, 162733 MiB
2026/08/03 13:07:03.014, 4, P0, 34, 256.60 W, 1965 MHz, 3996 MHz, 66 %, 162733 MiB
2026/08/03 13:07:03.014, 5, P0, 36, 253.12 W, 1965 MHz, 3996 MHz, 6 %, 162733 MiB
2026/08/03 13:07:03.014, 6, P0, 33, 258.18 W, 1965 MHz, 3996 MHz, 63 %, 162733 MiB
2026/08/03 13:07:03.014, 7, P0, 38, 259.92 W, 1965 MHz, 3996 MHz, 49 %, 161773 MiB
2026/08/03 13:07:04.014, 0, P0, 37, 298.66 W, 1965 MHz, 3996 MHz, 58 %, 162541 MiB
2026/08/03 13:07:04.014, 1, P0, 34, 298.99 W, 1965 MHz, 3996 MHz, 61 %, 162733 MiB
2026/08/03 13:07:04.014, 2, P0, 37, 300.40 W, 1965 MHz, 3996 MHz, 81 %, 162733 MiB
2026/08/03 13:07:04.014, 3, P0, 34, 302.26 W, 1965 MHz, 3996 MHz, 79 %, 162733 MiB
2026/08/03 13:07:04.014, 4, P0, 34, 294.10 W, 1965 MHz, 3996 MHz, 66 %, 162733 MiB
2026/08/03 13:07:04.014, 5, P0, 37, 291.25 W, 1965 MHz, 3996 MHz, 7 %, 162733 MiB
2026/08/03 13:07:04.014, 6, P0, 34, 288.64 W, 1965 MHz, 3996 MHz, 56 %, 162733 MiB
2026/08/03 13:07:04.014, 7, P0, 38, 291.89 W, 1965 MHz, 3996 MHz, 69 %, 161773 MiB
2026/08/03 13:07:05.014, 0, P0, 37, 266.25 W, 1965 MHz, 3996 MHz, 77 %, 162541 MiB
2026/08/03 13:07:05.014, 1, P0, 34, 265.62 W, 1965 MHz, 3996 MHz, 97 %, 162733 MiB
2026/08/03 13:07:05.014, 2, P0, 37, 265.11 W, 1965 MHz, 3996 MHz, 92 %, 162733 MiB
2026/08/03 13:07:05.014, 3, P0, 33, 265.42 W, 1965 MHz, 3996 MHz, 72 %, 162733 MiB
2026/08/03 13:07:05.014, 4, P0, 34, 260.59 W, 1965 MHz, 3996 MHz, 75 %, 162733 MiB
2026/08/03 13:07:05.014, 5, P0, 36, 255.88 W, 1965 MHz, 3996 MHz, 6 %, 162733 MiB
2026/08/03 13:07:05.014, 6, P0, 34, 264.63 W, 1965 MHz, 3996 MHz, 50 %, 162733 MiB
2026/08/03 13:07:05.015, 7, P0, 38, 268.14 W, 1965 MHz, 3996 MHz, 60 %, 161773 MiB
2026/08/03 13:07:06.015, 0, P0, 37, 294.97 W, 1965 MHz, 3996 MHz, 71 %, 162541 MiB
2026/08/03 13:07:06.015, 1, P0, 34, 299.81 W, 1965 MHz, 3996 MHz, 83 %, 162733 MiB
2026/08/03 13:07:06.015, 2, P0, 37, 297.92 W, 1965 MHz, 3996 MHz, 87 %, 162733 MiB
2026/08/03 13:07:06.015, 3, P0, 34, 301.23 W, 1965 MHz, 3996 MHz, 86 %, 162733 MiB
2026/08/03 13:07:06.015, 4, P0, 35, 298.45 W, 1965 MHz, 3996 MHz, 79 %, 162733 MiB
2026/08/03 13:07:06.015, 5, P0, 37, 292.97 W, 1965 MHz, 3996 MHz, 53 %, 162733 MiB
2026/08/03 13:07:06.015, 6, P0, 34, 284.02 W, 1965 MHz, 3996 MHz, 39 %, 162733 MiB
2026/08/03 13:07:06.015, 7, P0, 38, 294.29 W, 1965 MHz, 3996 MHz, 58 %, 161773 MiB
2026/08/03 13:07:07.015, 0, P0, 37, 260.97 W, 1965 MHz, 3996 MHz, 72 %, 162541 MiB
2026/08/03 13:07:07.015, 1, P0, 34, 264.21 W, 1965 MHz, 3996 MHz, 77 %, 162733 MiB
2026/08/03 13:07:07.015, 2, P0, 37, 264.06 W, 1965 MHz, 3996 MHz, 88 %, 162733 MiB
2026/08/03 13:07:07.015, 3, P0, 33, 265.84 W, 1965 MHz, 3996 MHz, 82 %, 162733 MiB
2026/08/03 13:07:07.015, 4, P0, 34, 258.23 W, 1965 MHz, 3996 MHz, 53 %, 162733 MiB
2026/08/03 13:07:07.015, 5, P0, 36, 252.57 W, 1965 MHz, 3996 MHz, 6 %, 162733 MiB
2026/08/03 13:07:07.015, 6, P0, 34, 259.95 W, 1965 MHz, 3996 MHz, 30 %, 162733 MiB
2026/08/03 13:07:07.015, 7, P0, 38, 265.07 W, 1965 MHz, 3996 MHz, 60 %, 161773 MiB
2026/08/03 13:07:08.015, 0, P0, 37, 262.03 W, 1965 MHz, 3996 MHz, 55 %, 162541 MiB
2026/08/03 13:07:08.016, 1, P0, 34, 263.81 W, 1965 MHz, 3996 MHz, 64 %, 162733 MiB
2026/08/03 13:07:08.016, 2, P0, 37, 262.95 W, 1965 MHz, 3996 MHz, 76 %, 162733 MiB
2026/08/03 13:07:08.016, 3, P0, 33, 265.77 W, 1965 MHz, 3996 MHz, 74 %, 162733 MiB
2026/08/03 13:07:08.016, 4, P0, 34, 258.58 W, 1965 MHz, 3996 MHz, 57 %, 162733 MiB
2026/08/03 13:07:08.016, 5, P0, 36, 252.67 W, 1965 MHz, 3996 MHz, 6 %, 162733 MiB
2026/08/03 13:07:08.016, 6, P0, 33, 256.88 W, 1965 MHz, 3996 MHz, 38 %, 162733 MiB
2026/08/03 13:07:08.016, 7, P0, 38, 265.86 W, 1965 MHz, 3996 MHz, 66 %, 161773 MiB
2026/08/03 13:07:09.016, 0, P0, 37, 263.54 W, 1965 MHz, 3996 MHz, 80 %, 162541 MiB
2026/08/03 13:07:09.016, 1, P0, 34, 262.45 W, 1965 MHz, 3996 MHz, 53 %, 162733 MiB
2026/08/03 13:07:09.016, 2, P0, 37, 263.86 W, 1965 MHz, 3996 MHz, 82 %, 162733 MiB
2026/08/03 13:07:09.016, 3, P0, 33, 265.72 W, 1965 MHz, 3996 MHz, 78 %, 162733 MiB
2026/08/03 13:07:09.017, 4, P0, 34, 257.96 W, 1965 MHz, 3996 MHz, 48 %, 162733 MiB
2026/08/03 13:07:09.017, 5, P0, 36, 254.66 W, 1965 MHz, 3996 MHz, 16 %, 162733 MiB
2026/08/03 13:07:09.017, 6, P0, 34, 260.83 W, 1965 MHz, 3996 MHz, 69 %, 162733 MiB
2026/08/03 13:07:09.017, 7, P0, 38, 263.70 W, 1965 MHz, 3996 MHz, 55 %, 161773 MiB
2026/08/03 13:07:10.017, 0, P0, 36, 261.86 W, 1965 MHz, 3996 MHz, 61 %, 162541 MiB
2026/08/03 13:07:10.017, 1, P0, 34, 263.47 W, 1965 MHz, 3996 MHz, 42 %, 162733 MiB
2026/08/03 13:07:10.017, 2, P0, 37, 263.61 W, 1965 MHz, 3996 MHz, 79 %, 162733 MiB
2026/08/03 13:07:10.017, 3, P0, 33, 264.84 W, 1965 MHz, 3996 MHz, 84 %, 162733 MiB
2026/08/03 13:07:10.017, 4, P0, 34, 258.23 W, 1965 MHz, 3996 MHz, 63 %, 162733 MiB
2026/08/03 13:07:10.017, 5, P0, 36, 253.40 W, 1965 MHz, 3996 MHz, 27 %, 162733 MiB
2026/08/03 13:07:10.017, 6, P0, 33, 255.48 W, 1965 MHz, 3996 MHz, 33 %, 162733 MiB
2026/08/03 13:07:10.017, 7, P0, 38, 263.95 W, 1965 MHz, 3996 MHz, 53 %, 161773 MiB
2026/08/03 13:07:11.017, 0, P0, 37, 262.74 W, 1965 MHz, 3996 MHz, 54 %, 162541 MiB
2026/08/03 13:07:11.017, 1, P0, 34, 263.59 W, 1965 MHz, 3996 MHz, 64 %, 162733 MiB
2026/08/03 13:07:11.017, 2, P0, 37, 263.56 W, 1965 MHz, 3996 MHz, 81 %, 162733 MiB
2026/08/03 13:07:11.017, 3, P0, 33, 264.86 W, 1965 MHz, 3996 MHz, 83 %, 162733 MiB
2026/08/03 13:07:11.017, 4, P0, 34, 255.35 W, 1965 MHz, 3996 MHz, 67 %, 162733 MiB
2026/08/03 13:07:11.017, 5, P0, 36, 251.55 W, 1965 MHz, 3996 MHz, 6 %, 162733 MiB
2026/08/03 13:07:11.017, 6, P0, 33, 258.37 W, 1965 MHz, 3996 MHz, 50 %, 162733 MiB
2026/08/03 13:07:11.017, 7, P0, 38, 264.42 W, 1965 MHz, 3996 MHz, 75 %, 161773 MiB
2026/08/03 13:07:12.017, 0, P0, 37, 265.18 W, 1965 MHz, 3996 MHz, 69 %, 162541 MiB
2026/08/03 13:07:12.017, 1, P0, 34, 264.36 W, 1965 MHz, 3996 MHz, 73 %, 162733 MiB
2026/08/03 13:07:12.017, 2, P0, 37, 263.86 W, 1965 MHz, 3996 MHz, 82 %, 162733 MiB
2026/08/03 13:07:12.017, 3, P0, 33, 266.21 W, 1965 MHz, 3996 MHz, 72 %, 162733 MiB
2026/08/03 13:07:12.017, 4, P0, 34, 257.08 W, 1965 MHz, 3996 MHz, 69 %, 162733 MiB
2026/08/03 13:07:12.017, 5, P0, 36, 252.99 W, 1965 MHz, 3996 MHz, 6 %, 162733 MiB
2026/08/03 13:07:12.017, 6, P0, 33, 259.49 W, 1965 MHz, 3996 MHz, 50 %, 162733 MiB
2026/08/03 13:07:12.017, 7, P0, 38, 265.90 W, 1965 MHz, 3996 MHz, 80 %, 161773 MiB
2026/08/03 13:07:13.018, 0, P0, 37, 264.95 W, 1965 MHz, 3996 MHz, 56 %, 162541 MiB
2026/08/03 13:07:13.018, 1, P0, 34, 263.37 W, 1965 MHz, 3996 MHz, 65 %, 162733 MiB
2026/08/03 13:07:13.018, 2, P0, 37, 264.22 W, 1965 MHz, 3996 MHz, 88 %, 162733 MiB
2026/08/03 13:07:13.018, 3, P0, 33, 266.35 W, 1965 MHz, 3996 MHz, 86 %, 162733 MiB
2026/08/03 13:07:13.018, 4, P0, 34, 259.26 W, 1965 MHz, 3996 MHz, 64 %, 162733 MiB
2026/08/03 13:07:13.018, 5, P0, 36, 252.56 W, 1965 MHz, 3996 MHz, 6 %, 162733 MiB
2026/08/03 13:07:13.018, 6, P0, 33, 258.65 W, 1965 MHz, 3996 MHz, 48 %, 162733 MiB
2026/08/03 13:07:13.018, 7, P0, 38, 263.12 W, 1965 MHz, 3996 MHz, 63 %, 161773 MiB
2026/08/03 13:07:14.018, 0, P0, 37, 258.70 W, 1965 MHz, 3996 MHz, 35 %, 162541 MiB
2026/08/03 13:07:14.018, 1, P0, 34, 260.14 W, 1965 MHz, 3996 MHz, 57 %, 162733 MiB
2026/08/03 13:07:14.018, 2, P0, 37, 262.43 W, 1965 MHz, 3996 MHz, 75 %, 162733 MiB
2026/08/03 13:07:14.018, 3, P0, 33, 263.66 W, 1965 MHz, 3996 MHz, 76 %, 162733 MiB
2026/08/03 13:07:14.018, 4, P0, 34, 256.46 W, 1965 MHz, 3996 MHz, 45 %, 162733 MiB
2026/08/03 13:07:14.018, 5, P0, 36, 253.09 W, 1965 MHz, 3996 MHz, 8 %, 162733 MiB
2026/08/03 13:07:14.018, 6, P0, 33, 257.65 W, 1965 MHz, 3996 MHz, 49 %, 162733 MiB
2026/08/03 13:07:14.018, 7, P0, 38, 261.22 W, 1965 MHz, 3996 MHz, 50 %, 161773 MiB
2026/08/03 13:07:15.018, 0, P0, 37, 296.27 W, 1965 MHz, 3996 MHz, 30 %, 162541 MiB
2026/08/03 13:07:15.018, 1, P0, 34, 298.87 W, 1965 MHz, 3996 MHz, 48 %, 162733 MiB
2026/08/03 13:07:15.018, 2, P0, 37, 299.49 W, 1965 MHz, 3996 MHz, 75 %, 162733 MiB
2026/08/03 13:07:15.018, 3, P0, 33, 295.37 W, 1965 MHz, 3996 MHz, 56 %, 162733 MiB
2026/08/03 13:07:15.018, 4, P0, 34, 293.14 W, 1965 MHz, 3996 MHz, 51 %, 162733 MiB
2026/08/03 13:07:15.018, 5, P0, 36, 291.14 W, 1965 MHz, 3996 MHz, 6 %, 162733 MiB
2026/08/03 13:07:15.018, 6, P0, 34, 286.36 W, 1965 MHz, 3996 MHz, 29 %, 162733 MiB
2026/08/03 13:07:15.018, 7, P0, 38, 291.17 W, 1965 MHz, 3996 MHz, 44 %, 161773 MiB
2026/08/03 13:07:16.018, 0, P0, 37, 263.09 W, 1965 MHz, 3996 MHz, 34 %, 162541 MiB
2026/08/03 13:07:16.018, 1, P0, 34, 262.32 W, 1965 MHz, 3996 MHz, 56 %, 162733 MiB
2026/08/03 13:07:16.018, 2, P0, 37, 263.28 W, 1965 MHz, 3996 MHz, 76 %, 162733 MiB
2026/08/03 13:07:16.019, 3, P0, 33, 263.58 W, 1965 MHz, 3996 MHz, 65 %, 162733 MiB
2026/08/03 13:07:16.019, 4, P0, 34, 256.99 W, 1965 MHz, 3996 MHz, 53 %, 162733 MiB
2026/08/03 13:07:16.019, 5, P0, 36, 252.18 W, 1965 MHz, 3996 MHz, 11 %, 162733 MiB
2026/08/03 13:07:16.019, 6, P0, 33, 256.63 W, 1965 MHz, 3996 MHz, 34 %, 162733 MiB
2026/08/03 13:07:16.019, 7, P0, 38, 259.81 W, 1965 MHz, 3996 MHz, 41 %, 161773 MiB
2026/08/03 13:07:17.019, 0, P0, 37, 297.57 W, 1965 MHz, 3996 MHz, 38 %, 162541 MiB
2026/08/03 13:07:17.019, 1, P0, 34, 298.27 W, 1965 MHz, 3996 MHz, 48 %, 162733 MiB
2026/08/03 13:07:17.019, 2, P0, 37, 299.09 W, 1965 MHz, 3996 MHz, 75 %, 162733 MiB
2026/08/03 13:07:17.019, 3, P0, 34, 298.88 W, 1965 MHz, 3996 MHz, 77 %, 162733 MiB
2026/08/03 13:07:17.019, 4, P0, 34, 293.57 W, 1965 MHz, 3996 MHz, 44 %, 162733 MiB
2026/08/03 13:07:17.019, 5, P0, 37, 286.61 W, 1965 MHz, 3996 MHz, 11 %, 162733 MiB
2026/08/03 13:07:17.019, 6, P0, 34, 286.43 W, 1965 MHz, 3996 MHz, 46 %, 162733 MiB
2026/08/03 13:07:17.019, 7, P0, 38, 287.16 W, 1965 MHz, 3996 MHz, 49 %, 161773 MiB
2026/08/03 13:07:18.019, 0, P0, 37, 263.77 W, 1965 MHz, 3996 MHz, 60 %, 162541 MiB
2026/08/03 13:07:18.019, 1, P0, 34, 262.67 W, 1965 MHz, 3996 MHz, 73 %, 162733 MiB
2026/08/03 13:07:18.019, 2, P0, 37, 263.18 W, 1965 MHz, 3996 MHz, 75 %, 162733 MiB
2026/08/03 13:07:18.019, 3, P0, 33, 263.59 W, 1965 MHz, 3996 MHz, 71 %, 162733 MiB
2026/08/03 13:07:18.019, 4, P0, 34, 257.44 W, 1965 MHz, 3996 MHz, 56 %, 162733 MiB
2026/08/03 13:07:18.019, 5, P0, 36, 251.57 W, 1965 MHz, 3996 MHz, 6 %, 162733 MiB
2026/08/03 13:07:18.019, 6, P0, 33, 255.51 W, 1965 MHz, 3996 MHz, 30 %, 162733 MiB
2026/08/03 13:07:18.019, 7, P0, 38, 261.53 W, 1965 MHz, 3996 MHz, 41 %, 161773 MiB
2026/08/03 13:07:19.019, 0, P0, 37, 264.42 W, 1965 MHz, 3996 MHz, 71 %, 162541 MiB
2026/08/03 13:07:19.019, 1, P0, 34, 262.04 W, 1965 MHz, 3996 MHz, 55 %, 162733 MiB
2026/08/03 13:07:19.019, 2, P0, 37, 263.69 W, 1965 MHz, 3996 MHz, 89 %, 162733 MiB
2026/08/03 13:07:19.019, 3, P0, 33, 263.68 W, 1965 MHz, 3996 MHz, 95 %, 162733 MiB
2026/08/03 13:07:19.019, 4, P0, 34, 258.25 W, 1965 MHz, 3996 MHz, 75 %, 162733 MiB
2026/08/03 13:07:19.019, 5, P0, 36, 252.99 W, 1965 MHz, 3996 MHz, 18 %, 162733 MiB
2026/08/03 13:07:19.019, 6, P0, 34, 258.10 W, 1965 MHz, 3996 MHz, 70 %, 162733 MiB
2026/08/03 13:07:19.019, 7, P0, 38, 259.41 W, 1965 MHz, 3996 MHz, 8 %, 161773 MiB
2026/08/03 13:07:20.019, 0, P0, 37, 261.05 W, 1965 MHz, 3996 MHz, 52 %, 162541 MiB
2026/08/03 13:07:20.019, 1, P0, 34, 260.85 W, 1965 MHz, 3996 MHz, 57 %, 162733 MiB
2026/08/03 13:07:20.019, 2, P0, 37, 261.39 W, 1965 MHz, 3996 MHz, 59 %, 162733 MiB
2026/08/03 13:07:20.020, 3, P0, 33, 262.51 W, 1965 MHz, 3996 MHz, 78 %, 162733 MiB
2026/08/03 13:07:20.020, 4, P0, 34, 255.32 W, 1965 MHz, 3996 MHz, 53 %, 162733 MiB
2026/08/03 13:07:20.020, 5, P0, 36, 253.56 W, 1965 MHz, 3996 MHz, 6 %, 162733 MiB
2026/08/03 13:07:20.020, 6, P0, 33, 253.74 W, 1965 MHz, 3996 MHz, 22 %, 162733 MiB
2026/08/03 13:07:20.020, 7, P0, 38, 260.25 W, 1965 MHz, 3996 MHz, 54 %, 161773 MiB
2026/08/03 13:07:21.020, 0, P0, 37, 261.35 W, 1965 MHz, 3996 MHz, 60 %, 162541 MiB
2026/08/03 13:07:21.020, 1, P0, 34, 260.15 W, 1965 MHz, 3996 MHz, 46 %, 162733 MiB
2026/08/03 13:07:21.020, 2, P0, 37, 261.86 W, 1965 MHz, 3996 MHz, 73 %, 162733 MiB
2026/08/03 13:07:21.020, 3, P0, 33, 263.26 W, 1965 MHz, 3996 MHz, 73 %, 162733 MiB
2026/08/03 13:07:21.020, 4, P0, 34, 254.83 W, 1965 MHz, 3996 MHz, 51 %, 162733 MiB
2026/08/03 13:07:21.020, 5, P0, 36, 254.50 W, 1965 MHz, 3996 MHz, 6 %, 162733 MiB
2026/08/03 13:07:21.020, 6, P0, 33, 257.15 W, 1965 MHz, 3996 MHz, 12 %, 162733 MiB
2026/08/03 13:07:21.020, 7, P0, 38, 257.75 W, 1965 MHz, 3996 MHz, 46 %, 161773 MiB
2026/08/03 13:07:22.020, 0, P0, 37, 263.43 W, 1965 MHz, 3996 MHz, 73 %, 162541 MiB
2026/08/03 13:07:22.020, 1, P0, 34, 259.49 W, 1965 MHz, 3996 MHz, 63 %, 162733 MiB
2026/08/03 13:07:22.020, 2, P0, 37, 260.96 W, 1965 MHz, 3996 MHz, 83 %, 162733 MiB
2026/08/03 13:07:22.020, 3, P0, 33, 263.33 W, 1965 MHz, 3996 MHz, 57 %, 162733 MiB
2026/08/03 13:07:22.020, 4, P0, 34, 256.62 W, 1965 MHz, 3996 MHz, 67 %, 162733 MiB
2026/08/03 13:07:22.020, 5, P0, 36, 254.26 W, 1965 MHz, 3996 MHz, 29 %, 162733 MiB
2026/08/03 13:07:22.020, 6, P0, 33, 254.05 W, 1965 MHz, 3996 MHz, 11 %, 162733 MiB
2026/08/03 13:07:22.020, 7, P0, 38, 260.37 W, 1965 MHz, 3996 MHz, 60 %, 161773 MiB
2026/08/03 13:07:23.020, 0, P0, 37, 264.20 W, 1965 MHz, 3996 MHz, 65 %, 162541 MiB
2026/08/03 13:07:23.020, 1, P0, 34, 262.58 W, 1965 MHz, 3996 MHz, 50 %, 162733 MiB
2026/08/03 13:07:23.020, 2, P0, 37, 263.84 W, 1965 MHz, 3996 MHz, 84 %, 162733 MiB
2026/08/03 13:07:23.020, 3, P0, 33, 264.49 W, 1965 MHz, 3996 MHz, 90 %, 162733 MiB
2026/08/03 13:07:23.020, 4, P0, 34, 256.78 W, 1965 MHz, 3996 MHz, 49 %, 162733 MiB
2026/08/03 13:07:23.020, 5, P0, 36, 256.60 W, 1965 MHz, 3996 MHz, 11 %, 162733 MiB
2026/08/03 13:07:23.020, 6, P0, 33, 249.61 W, 1965 MHz, 3996 MHz, 6 %, 162733 MiB
2026/08/03 13:07:23.020, 7, P0, 38, 262.03 W, 1965 MHz, 3996 MHz, 34 %, 161773 MiB
2026/08/03 13:07:24.021, 0, P0, 36, 258.30 W, 1965 MHz, 3996 MHz, 51 %, 162541 MiB
2026/08/03 13:07:24.021, 1, P0, 34, 260.60 W, 1965 MHz, 3996 MHz, 55 %, 162733 MiB
2026/08/03 13:07:24.021, 2, P0, 37, 262.57 W, 1965 MHz, 3996 MHz, 80 %, 162733 MiB
2026/08/03 13:07:24.021, 3, P0, 33, 262.61 W, 1965 MHz, 3996 MHz, 63 %, 162733 MiB
2026/08/03 13:07:24.021, 4, P0, 34, 254.01 W, 1965 MHz, 3996 MHz, 43 %, 162733 MiB
2026/08/03 13:07:24.021, 5, P0, 36, 254.26 W, 1965 MHz, 3996 MHz, 11 %, 162733 MiB
2026/08/03 13:07:24.021, 6, P0, 33, 252.32 W, 1965 MHz, 3996 MHz, 32 %, 162733 MiB
2026/08/03 13:07:24.021, 7, P0, 38, 260.94 W, 1965 MHz, 3996 MHz, 46 %, 161773 MiB
2026/08/03 13:07:25.021, 0, P0, 37, 264.64 W, 1965 MHz, 3996 MHz, 50 %, 162541 MiB
2026/08/03 13:07:25.021, 1, P0, 34, 260.96 W, 1965 MHz, 3996 MHz, 31 %, 162733 MiB
2026/08/03 13:07:25.021, 2, P0, 37, 262.80 W, 1965 MHz, 3996 MHz, 89 %, 162733 MiB
2026/08/03 13:07:25.021, 3, P0, 33, 264.53 W, 1965 MHz, 3996 MHz, 82 %, 162733 MiB
2026/08/03 13:07:25.021, 4, P0, 34, 255.96 W, 1965 MHz, 3996 MHz, 74 %, 162733 MiB
2026/08/03 13:07:25.021, 5, P0, 36, 255.41 W, 1965 MHz, 3996 MHz, 70 %, 162733 MiB
2026/08/03 13:07:25.021, 6, P0, 33, 255.04 W, 1965 MHz, 3996 MHz, 30 %, 162733 MiB
2026/08/03 13:07:25.021, 7, P0, 38, 263.58 W, 1965 MHz, 3996 MHz, 47 %, 161773 MiB
2026/08/03 13:07:26.021, 0, P0, 37, 261.33 W, 1965 MHz, 3996 MHz, 36 %, 162541 MiB
2026/08/03 13:07:26.021, 1, P0, 34, 260.72 W, 1965 MHz, 3996 MHz, 46 %, 162733 MiB
2026/08/03 13:07:26.021, 2, P0, 37, 262.15 W, 1965 MHz, 3996 MHz, 73 %, 162733 MiB
2026/08/03 13:07:26.021, 3, P0, 33, 262.35 W, 1965 MHz, 3996 MHz, 69 %, 162733 MiB
2026/08/03 13:07:26.021, 4, P0, 34, 254.75 W, 1965 MHz, 3996 MHz, 51 %, 162733 MiB
2026/08/03 13:07:26.021, 5, P0, 36, 253.96 W, 1965 MHz, 3996 MHz, 8 %, 162733 MiB
2026/08/03 13:07:26.021, 6, P0, 33, 252.99 W, 1965 MHz, 3996 MHz, 19 %, 162733 MiB
2026/08/03 13:07:26.021, 7, P0, 38, 258.84 W, 1965 MHz, 3996 MHz, 64 %, 161773 MiB
2026/08/03 13:07:27.022, 0, P0, 36, 260.13 W, 1965 MHz, 3996 MHz, 28 %, 162541 MiB
2026/08/03 13:07:27.022, 1, P0, 34, 260.95 W, 1965 MHz, 3996 MHz, 77 %, 162733 MiB
2026/08/03 13:07:27.022, 2, P0, 37, 262.64 W, 1965 MHz, 3996 MHz, 88 %, 162733 MiB
2026/08/03 13:07:27.022, 3, P0, 33, 263.93 W, 1965 MHz, 3996 MHz, 72 %, 162733 MiB
2026/08/03 13:07:27.022, 4, P0, 34, 254.57 W, 1965 MHz, 3996 MHz, 57 %, 162733 MiB
2026/08/03 13:07:27.022, 5, P0, 36, 252.45 W, 1965 MHz, 3996 MHz, 49 %, 162733 MiB
2026/08/03 13:07:27.022, 6, P0, 33, 256.44 W, 1965 MHz, 3996 MHz, 38 %, 162733 MiB
2026/08/03 13:07:27.022, 7, P0, 38, 262.67 W, 1965 MHz, 3996 MHz, 42 %, 161773 MiB
2026/08/03 13:07:28.022, 0, P0, 36, 261.30 W, 1965 MHz, 3996 MHz, 17 %, 162541 MiB
2026/08/03 13:07:28.022, 1, P0, 34, 260.68 W, 1965 MHz, 3996 MHz, 59 %, 162733 MiB
2026/08/03 13:07:28.022, 2, P0, 37, 261.98 W, 1965 MHz, 3996 MHz, 79 %, 162733 MiB
2026/08/03 13:07:28.022, 3, P0, 33, 262.87 W, 1965 MHz, 3996 MHz, 74 %, 162733 MiB
2026/08/03 13:07:28.022, 4, P0, 34, 251.87 W, 1965 MHz, 3996 MHz, 28 %, 162733 MiB
2026/08/03 13:07:28.022, 5, P0, 36, 252.78 W, 1965 MHz, 3996 MHz, 14 %, 162733 MiB
2026/08/03 13:07:28.022, 6, P0, 33, 251.30 W, 1965 MHz, 3996 MHz, 26 %, 162733 MiB
2026/08/03 13:07:28.022, 7, P0, 38, 261.83 W, 1965 MHz, 3996 MHz, 62 %, 161773 MiB
2026/08/03 13:07:29.022, 0, P0, 37, 262.49 W, 1965 MHz, 3996 MHz, 62 %, 162541 MiB
2026/08/03 13:07:29.022, 1, P0, 34, 261.48 W, 1965 MHz, 3996 MHz, 91 %, 162733 MiB
2026/08/03 13:07:29.022, 2, P0, 37, 262.95 W, 1965 MHz, 3996 MHz, 96 %, 162733 MiB
2026/08/03 13:07:29.022, 3, P0, 33, 263.49 W, 1965 MHz, 3996 MHz, 77 %, 162733 MiB
2026/08/03 13:07:29.022, 4, P0, 34, 254.25 W, 1965 MHz, 3996 MHz, 73 %, 162733 MiB
2026/08/03 13:07:29.022, 5, P0, 36, 251.38 W, 1965 MHz, 3996 MHz, 7 %, 162733 MiB
2026/08/03 13:07:29.022, 6, P0, 33, 256.61 W, 1965 MHz, 3996 MHz, 37 %, 162733 MiB
2026/08/03 13:07:29.022, 7, P0, 38, 262.67 W, 1965 MHz, 3996 MHz, 54 %, 161773 MiB
2026/08/03 13:07:30.022, 0, P0, 37, 261.30 W, 1965 MHz, 3996 MHz, 25 %, 162541 MiB
2026/08/03 13:07:30.022, 1, P0, 34, 259.50 W, 1965 MHz, 3996 MHz, 45 %, 162733 MiB
2026/08/03 13:07:30.022, 2, P0, 37, 262.34 W, 1965 MHz, 3996 MHz, 70 %, 162733 MiB
2026/08/03 13:07:30.022, 3, P0, 33, 263.03 W, 1965 MHz, 3996 MHz, 67 %, 162733 MiB
2026/08/03 13:07:30.022, 4, P0, 34, 253.33 W, 1965 MHz, 3996 MHz, 37 %, 162733 MiB
2026/08/03 13:07:30.022, 5, P0, 36, 254.27 W, 1965 MHz, 3996 MHz, 17 %, 162733 MiB
2026/08/03 13:07:30.022, 6, P0, 33, 253.26 W, 1965 MHz, 3996 MHz, 6 %, 162733 MiB
2026/08/03 13:07:30.022, 7, P0, 38, 259.70 W, 1965 MHz, 3996 MHz, 50 %, 161773 MiB
2026/08/03 13:07:31.022, 0, P0, 36, 260.05 W, 1965 MHz, 3996 MHz, 49 %, 162541 MiB
2026/08/03 13:07:31.023, 1, P0, 34, 260.18 W, 1965 MHz, 3996 MHz, 61 %, 162733 MiB
2026/08/03 13:07:31.023, 2, P0, 37, 262.20 W, 1965 MHz, 3996 MHz, 77 %, 162733 MiB
2026/08/03 13:07:31.023, 3, P0, 33, 263.27 W, 1965 MHz, 3996 MHz, 74 %, 162733 MiB
2026/08/03 13:07:31.023, 4, P0, 34, 255.52 W, 1965 MHz, 3996 MHz, 56 %, 162733 MiB
2026/08/03 13:07:31.023, 5, P0, 36, 252.50 W, 1965 MHz, 3996 MHz, 16 %, 162733 MiB
2026/08/03 13:07:31.023, 6, P0, 33, 253.99 W, 1965 MHz, 3996 MHz, 37 %, 162733 MiB
2026/08/03 13:07:31.023, 7, P0, 38, 262.64 W, 1965 MHz, 3996 MHz, 65 %, 161773 MiB
2026/08/03 13:07:32.023, 0, P0, 36, 260.65 W, 1965 MHz, 3996 MHz, 56 %, 162541 MiB
2026/08/03 13:07:32.023, 1, P0, 34, 259.73 W, 1965 MHz, 3996 MHz, 53 %, 162733 MiB
2026/08/03 13:07:32.023, 2, P0, 37, 262.17 W, 1965 MHz, 3996 MHz, 84 %, 162733 MiB
2026/08/03 13:07:32.023, 3, P0, 33, 262.88 W, 1965 MHz, 3996 MHz, 77 %, 162733 MiB
2026/08/03 13:07:32.023, 4, P0, 34, 253.74 W, 1965 MHz, 3996 MHz, 48 %, 162733 MiB
2026/08/03 13:07:32.023, 5, P0, 36, 252.21 W, 1965 MHz, 3996 MHz, 10 %, 162733 MiB
2026/08/03 13:07:32.023, 6, P0, 33, 251.28 W, 1965 MHz, 3996 MHz, 31 %, 162733 MiB
2026/08/03 13:07:32.023, 7, P0, 38, 261.30 W, 1965 MHz, 3996 MHz, 56 %, 161773 MiB
2026/08/03 13:07:33.023, 0, P0, 36, 261.92 W, 1965 MHz, 3996 MHz, 80 %, 162541 MiB
2026/08/03 13:07:33.023, 1, P0, 34, 263.06 W, 1965 MHz, 3996 MHz, 75 %, 162733 MiB
2026/08/03 13:07:33.023, 2, P0, 37, 262.95 W, 1965 MHz, 3996 MHz, 89 %, 162733 MiB
2026/08/03 13:07:33.023, 3, P0, 33, 264.53 W, 1965 MHz, 3996 MHz, 76 %, 162733 MiB
2026/08/03 13:07:33.023, 4, P0, 34, 257.53 W, 1965 MHz, 3996 MHz, 55 %, 162733 MiB
2026/08/03 13:07:33.023, 5, P0, 36, 253.77 W, 1965 MHz, 3996 MHz, 30 %, 162733 MiB
2026/08/03 13:07:33.023, 6, P0, 33, 254.98 W, 1965 MHz, 3996 MHz, 15 %, 162733 MiB
2026/08/03 13:07:33.023, 7, P0, 38, 263.25 W, 1965 MHz, 3996 MHz, 67 %, 161773 MiB
2026/08/03 13:07:34.023, 0, P0, 36, 257.96 W, 1965 MHz, 3996 MHz, 51 %, 162541 MiB
2026/08/03 13:07:34.023, 1, P0, 34, 259.58 W, 1965 MHz, 3996 MHz, 50 %, 162733 MiB
2026/08/03 13:07:34.023, 2, P0, 37, 261.76 W, 1965 MHz, 3996 MHz, 78 %, 162733 MiB
2026/08/03 13:07:34.023, 3, P0, 33, 263.19 W, 1965 MHz, 3996 MHz, 72 %, 162733 MiB
2026/08/03 13:07:34.023, 4, P0, 34, 254.00 W, 1965 MHz, 3996 MHz, 40 %, 162733 MiB
2026/08/03 13:07:34.023, 5, P0, 36, 252.18 W, 1965 MHz, 3996 MHz, 6 %, 162733 MiB
2026/08/03 13:07:34.023, 6, P0, 33, 252.63 W, 1965 MHz, 3996 MHz, 19 %, 162733 MiB
2026/08/03 13:07:34.023, 7, P0, 38, 260.86 W, 1965 MHz, 3996 MHz, 57 %, 161773 MiB
2026/08/03 13:07:35.023, 0, P0, 36, 259.26 W, 1965 MHz, 3996 MHz, 50 %, 162541 MiB
2026/08/03 13:07:35.024, 1, P0, 34, 259.55 W, 1965 MHz, 3996 MHz, 52 %, 162733 MiB
2026/08/03 13:07:35.024, 2, P0, 37, 261.27 W, 1965 MHz, 3996 MHz, 74 %, 162733 MiB
2026/08/03 13:07:35.024, 3, P0, 33, 260.66 W, 1965 MHz, 3996 MHz, 74 %, 162733 MiB
2026/08/03 13:07:35.024, 4, P0, 34, 255.60 W, 1965 MHz, 3996 MHz, 59 %, 162733 MiB
2026/08/03 13:07:35.024, 5, P0, 36, 252.29 W, 1965 MHz, 3996 MHz, 9 %, 162733 MiB
2026/08/03 13:07:35.024, 6, P0, 33, 252.90 W, 1965 MHz, 3996 MHz, 23 %, 162733 MiB
2026/08/03 13:07:35.024, 7, P0, 38, 260.82 W, 1965 MHz, 3996 MHz, 52 %, 161773 MiB
2026/08/03 13:07:36.024, 0, P0, 36, 262.26 W, 1965 MHz, 3996 MHz, 44 %, 162541 MiB
2026/08/03 13:07:36.024, 1, P0, 34, 260.67 W, 1965 MHz, 3996 MHz, 53 %, 162733 MiB
2026/08/03 13:07:36.024, 2, P0, 37, 262.11 W, 1965 MHz, 3996 MHz, 71 %, 162733 MiB
2026/08/03 13:07:36.024, 3, P0, 33, 262.91 W, 1965 MHz, 3996 MHz, 71 %, 162733 MiB
2026/08/03 13:07:36.024, 4, P0, 34, 256.14 W, 1965 MHz, 3996 MHz, 46 %, 162733 MiB
2026/08/03 13:07:36.024, 5, P0, 36, 253.20 W, 1965 MHz, 3996 MHz, 6 %, 162733 MiB
2026/08/03 13:07:36.024, 6, P0, 33, 253.39 W, 1965 MHz, 3996 MHz, 29 %, 162733 MiB
2026/08/03 13:07:36.024, 7, P0, 38, 261.55 W, 1965 MHz, 3996 MHz, 51 %, 161773 MiB
2026/08/03 13:07:37.024, 0, P0, 36, 261.02 W, 1965 MHz, 3996 MHz, 55 %, 162541 MiB
2026/08/03 13:07:37.024, 1, P0, 34, 259.37 W, 1965 MHz, 3996 MHz, 47 %, 162733 MiB
2026/08/03 13:07:37.024, 2, P0, 37, 261.53 W, 1965 MHz, 3996 MHz, 78 %, 162733 MiB
2026/08/03 13:07:37.024, 3, P0, 33, 262.17 W, 1965 MHz, 3996 MHz, 64 %, 162733 MiB
2026/08/03 13:07:37.024, 4, P0, 34, 253.64 W, 1965 MHz, 3996 MHz, 58 %, 162733 MiB
2026/08/03 13:07:37.024, 5, P0, 36, 252.55 W, 1965 MHz, 3996 MHz, 13 %, 162733 MiB
2026/08/03 13:07:37.024, 6, P0, 33, 251.93 W, 1965 MHz, 3996 MHz, 23 %, 162733 MiB
2026/08/03 13:07:37.024, 7, P0, 38, 260.85 W, 1965 MHz, 3996 MHz, 39 %, 161773 MiB
2026/08/03 13:07:38.024, 0, P0, 36, 263.60 W, 1965 MHz, 3996 MHz, 42 %, 162541 MiB
2026/08/03 13:07:38.024, 1, P0, 34, 261.57 W, 1965 MHz, 3996 MHz, 63 %, 162733 MiB
2026/08/03 13:07:38.024, 2, P0, 37, 262.43 W, 1965 MHz, 3996 MHz, 65 %, 162733 MiB
2026/08/03 13:07:38.024, 3, P0, 33, 263.24 W, 1965 MHz, 3996 MHz, 69 %, 162733 MiB
2026/08/03 13:07:38.024, 4, P0, 34, 255.48 W, 1965 MHz, 3996 MHz, 47 %, 162733 MiB
2026/08/03 13:07:38.024, 5, P0, 36, 252.47 W, 1965 MHz, 3996 MHz, 12 %, 162733 MiB
2026/08/03 13:07:38.024, 6, P0, 33, 252.34 W, 1965 MHz, 3996 MHz, 20 %, 162733 MiB
2026/08/03 13:07:38.024, 7, P0, 38, 263.30 W, 1965 MHz, 3996 MHz, 48 %, 161773 MiB
2026/08/03 13:07:39.025, 0, P0, 36, 260.44 W, 1965 MHz, 3996 MHz, 22 %, 162541 MiB
2026/08/03 13:07:39.025, 1, P0, 34, 257.70 W, 1965 MHz, 3996 MHz, 46 %, 162733 MiB
2026/08/03 13:07:39.025, 2, P0, 37, 261.66 W, 1965 MHz, 3996 MHz, 76 %, 162733 MiB
2026/08/03 13:07:39.025, 3, P0, 33, 262.12 W, 1965 MHz, 3996 MHz, 64 %, 162733 MiB
2026/08/03 13:07:39.025, 4, P0, 34, 254.33 W, 1965 MHz, 3996 MHz, 46 %, 162733 MiB
2026/08/03 13:07:39.025, 5, P0, 36, 253.66 W, 1965 MHz, 3996 MHz, 6 %, 162733 MiB
2026/08/03 13:07:39.025, 6, P0, 33, 254.31 W, 1965 MHz, 3996 MHz, 29 %, 162733 MiB
2026/08/03 13:07:39.025, 7, P0, 38, 260.26 W, 1965 MHz, 3996 MHz, 53 %, 161773 MiB
2026/08/03 13:07:40.025, 0, P0, 37, 263.36 W, 1965 MHz, 3996 MHz, 34 %, 162541 MiB
2026/08/03 13:07:40.025, 1, P0, 34, 261.22 W, 1965 MHz, 3996 MHz, 76 %, 162733 MiB
2026/08/03 13:07:40.025, 2, P0, 37, 262.40 W, 1965 MHz, 3996 MHz, 87 %, 162733 MiB
2026/08/03 13:07:40.025, 3, P0, 33, 263.62 W, 1965 MHz, 3996 MHz, 84 %, 162733 MiB
2026/08/03 13:07:40.025, 4, P0, 34, 256.00 W, 1965 MHz, 3996 MHz, 52 %, 162733 MiB
2026/08/03 13:07:40.025, 5, P0, 36, 254.03 W, 1965 MHz, 3996 MHz, 7 %, 162733 MiB
2026/08/03 13:07:40.025, 6, P0, 33, 253.05 W, 1965 MHz, 3996 MHz, 27 %, 162733 MiB
2026/08/03 13:07:40.025, 7, P0, 38, 260.72 W, 1965 MHz, 3996 MHz, 54 %, 161773 MiB
2026/08/03 13:07:41.025, 0, P0, 36, 258.88 W, 1965 MHz, 3996 MHz, 43 %, 162541 MiB
2026/08/03 13:07:41.025, 1, P0, 34, 261.44 W, 1965 MHz, 3996 MHz, 63 %, 162733 MiB
2026/08/03 13:07:41.025, 2, P0, 37, 260.62 W, 1965 MHz, 3996 MHz, 39 %, 162733 MiB
2026/08/03 13:07:41.025, 3, P0, 33, 262.16 W, 1965 MHz, 3996 MHz, 39 %, 162733 MiB
2026/08/03 13:07:41.025, 4, P0, 34, 253.95 W, 1965 MHz, 3996 MHz, 56 %, 162733 MiB
2026/08/03 13:07:41.025, 5, P0, 36, 253.96 W, 1965 MHz, 3996 MHz, 17 %, 162733 MiB
2026/08/03 13:07:41.025, 6, P0, 33, 255.70 W, 1965 MHz, 3996 MHz, 32 %, 162733 MiB
2026/08/03 13:07:41.025, 7, P0, 38, 261.72 W, 1965 MHz, 3996 MHz, 58 %, 161773 MiB
2026/08/03 13:07:42.025, 0, P0, 36, 257.92 W, 1965 MHz, 3996 MHz, 26 %, 162541 MiB
2026/08/03 13:07:42.025, 1, P0, 34, 259.04 W, 1965 MHz, 3996 MHz, 71 %, 162733 MiB
2026/08/03 13:07:42.025, 2, P0, 37, 260.58 W, 1965 MHz, 3996 MHz, 76 %, 162733 MiB
2026/08/03 13:07:42.025, 3, P0, 33, 261.51 W, 1965 MHz, 3996 MHz, 70 %, 162733 MiB
2026/08/03 13:07:42.025, 4, P0, 34, 252.48 W, 1965 MHz, 3996 MHz, 59 %, 162733 MiB
2026/08/03 13:07:42.025, 5, P0, 36, 253.22 W, 1965 MHz, 3996 MHz, 15 %, 162733 MiB
2026/08/03 13:07:42.025, 6, P0, 33, 253.95 W, 1965 MHz, 3996 MHz, 28 %, 162733 MiB
2026/08/03 13:07:42.025, 7, P0, 38, 260.29 W, 1965 MHz, 3996 MHz, 41 %, 161773 MiB
2026/08/03 13:07:43.026, 0, P0, 36, 262.03 W, 1965 MHz, 3996 MHz, 61 %, 162541 MiB
2026/08/03 13:07:43.026, 1, P0, 34, 262.28 W, 1965 MHz, 3996 MHz, 56 %, 162733 MiB
2026/08/03 13:07:43.026, 2, P0, 37, 262.15 W, 1965 MHz, 3996 MHz, 75 %, 162733 MiB
2026/08/03 13:07:43.026, 3, P0, 33, 263.43 W, 1965 MHz, 3996 MHz, 63 %, 162733 MiB
2026/08/03 13:07:43.026, 4, P0, 34, 255.96 W, 1965 MHz, 3996 MHz, 50 %, 162733 MiB
2026/08/03 13:07:43.026, 5, P0, 36, 252.00 W, 1965 MHz, 3996 MHz, 15 %, 162733 MiB
2026/08/03 13:07:43.026, 6, P0, 33, 254.99 W, 1965 MHz, 3996 MHz, 22 %, 162733 MiB
2026/08/03 13:07:43.026, 7, P0, 38, 261.29 W, 1965 MHz, 3996 MHz, 53 %, 161773 MiB
2026/08/03 13:07:44.026, 0, P0, 36, 259.41 W, 1965 MHz, 3996 MHz, 58 %, 162541 MiB
2026/08/03 13:07:44.026, 1, P0, 34, 260.98 W, 1965 MHz, 3996 MHz, 60 %, 162733 MiB
2026/08/03 13:07:44.026, 2, P0, 37, 261.87 W, 1965 MHz, 3996 MHz, 70 %, 162733 MiB
2026/08/03 13:07:44.026, 3, P0, 33, 262.64 W, 1965 MHz, 3996 MHz, 71 %, 162733 MiB
2026/08/03 13:07:44.026, 4, P0, 34, 255.33 W, 1965 MHz, 3996 MHz, 55 %, 162733 MiB
2026/08/03 13:07:44.026, 5, P0, 36, 252.16 W, 1965 MHz, 3996 MHz, 7 %, 162733 MiB
2026/08/03 13:07:44.026, 6, P0, 33, 256.95 W, 1965 MHz, 3996 MHz, 29 %, 162733 MiB
2026/08/03 13:07:44.026, 7, P0, 38, 261.96 W, 1965 MHz, 3996 MHz, 53 %, 161773 MiB
2026/08/03 13:07:45.026, 0, P0, 36, 261.44 W, 1965 MHz, 3996 MHz, 63 %, 162541 MiB
2026/08/03 13:07:45.026, 1, P0, 34, 261.17 W, 1965 MHz, 3996 MHz, 64 %, 162733 MiB
2026/08/03 13:07:45.026, 2, P0, 37, 261.58 W, 1965 MHz, 3996 MHz, 74 %, 162733 MiB
2026/08/03 13:07:45.026, 3, P0, 33, 262.22 W, 1965 MHz, 3996 MHz, 77 %, 162733 MiB
2026/08/03 13:07:45.026, 4, P0, 34, 252.52 W, 1965 MHz, 3996 MHz, 49 %, 162733 MiB
2026/08/03 13:07:45.026, 5, P0, 36, 254.18 W, 1965 MHz, 3996 MHz, 6 %, 162733 MiB
2026/08/03 13:07:45.026, 6, P0, 33, 254.21 W, 1965 MHz, 3996 MHz, 21 %, 162733 MiB
2026/08/03 13:07:45.026, 7, P0, 38, 261.59 W, 1965 MHz, 3996 MHz, 44 %, 161773 MiB
2026/08/03 13:07:46.026, 0, P0, 36, 261.68 W, 1965 MHz, 3996 MHz, 70 %, 162541 MiB
2026/08/03 13:07:46.026, 1, P0, 34, 260.09 W, 1965 MHz, 3996 MHz, 48 %, 162733 MiB
2026/08/03 13:07:46.026, 2, P0, 37, 261.04 W, 1965 MHz, 3996 MHz, 80 %, 162733 MiB
2026/08/03 13:07:46.026, 3, P0, 33, 262.12 W, 1965 MHz, 3996 MHz, 67 %, 162733 MiB
2026/08/03 13:07:46.026, 4, P0, 34, 254.21 W, 1965 MHz, 3996 MHz, 35 %, 162733 MiB
2026/08/03 13:07:46.026, 5, P0, 36, 253.23 W, 1965 MHz, 3996 MHz, 19 %, 162733 MiB
2026/08/03 13:07:46.027, 6, P0, 33, 252.37 W, 1965 MHz, 3996 MHz, 23 %, 162733 MiB
2026/08/03 13:07:46.027, 7, P0, 38, 261.22 W, 1965 MHz, 3996 MHz, 57 %, 161773 MiB
2026/08/03 13:07:47.027, 0, P0, 36, 263.19 W, 1965 MHz, 3996 MHz, 55 %, 162541 MiB
2026/08/03 13:07:47.027, 1, P0, 34, 260.79 W, 1965 MHz, 3996 MHz, 56 %, 162733 MiB
2026/08/03 13:07:47.027, 2, P0, 37, 261.79 W, 1965 MHz, 3996 MHz, 82 %, 162733 MiB
2026/08/03 13:07:47.027, 3, P0, 33, 261.91 W, 1965 MHz, 3996 MHz, 70 %, 162733 MiB
2026/08/03 13:07:47.027, 4, P0, 34, 255.08 W, 1965 MHz, 3996 MHz, 59 %, 162733 MiB
2026/08/03 13:07:47.027, 5, P0, 36, 256.65 W, 1965 MHz, 3996 MHz, 34 %, 162733 MiB
2026/08/03 13:07:47.027, 6, P0, 33, 249.40 W, 1965 MHz, 3996 MHz, 6 %, 162733 MiB
2026/08/03 13:07:47.027, 7, P0, 38, 261.99 W, 1965 MHz, 3996 MHz, 69 %, 161773 MiB
2026/08/03 13:07:48.027, 0, P0, 36, 263.23 W, 1965 MHz, 3996 MHz, 63 %, 162541 MiB
2026/08/03 13:07:48.027, 1, P0, 34, 260.80 W, 1965 MHz, 3996 MHz, 63 %, 162733 MiB
2026/08/03 13:07:48.027, 2, P0, 37, 262.08 W, 1965 MHz, 3996 MHz, 83 %, 162733 MiB
2026/08/03 13:07:48.027, 3, P0, 33, 263.41 W, 1965 MHz, 3996 MHz, 75 %, 162733 MiB
2026/08/03 13:07:48.027, 4, P0, 34, 254.70 W, 1965 MHz, 3996 MHz, 36 %, 162733 MiB
2026/08/03 13:07:48.027, 5, P0, 36, 257.95 W, 1965 MHz, 3996 MHz, 33 %, 162733 MiB
2026/08/03 13:07:48.027, 6, P0, 33, 248.31 W, 1965 MHz, 3996 MHz, 26 %, 162733 MiB
2026/08/03 13:07:48.027, 7, P0, 38, 262.73 W, 1965 MHz, 3996 MHz, 47 %, 161773 MiB
2026/08/03 13:07:49.027, 0, P0, 36, 264.08 W, 1965 MHz, 3996 MHz, 54 %, 162541 MiB
2026/08/03 13:07:49.027, 1, P0, 34, 261.08 W, 1965 MHz, 3996 MHz, 67 %, 162733 MiB
2026/08/03 13:07:49.027, 2, P0, 37, 262.92 W, 1965 MHz, 3996 MHz, 74 %, 162733 MiB
2026/08/03 13:07:49.027, 3, P0, 33, 263.58 W, 1965 MHz, 3996 MHz, 80 %, 162733 MiB
2026/08/03 13:07:49.027, 4, P0, 34, 255.42 W, 1965 MHz, 3996 MHz, 62 %, 162733 MiB
2026/08/03 13:07:49.027, 5, P0, 36, 252.45 W, 1965 MHz, 3996 MHz, 6 %, 162733 MiB
2026/08/03 13:07:49.027, 6, P0, 33, 254.70 W, 1965 MHz, 3996 MHz, 49 %, 162733 MiB
2026/08/03 13:07:49.027, 7, P0, 38, 264.16 W, 1965 MHz, 3996 MHz, 75 %, 161773 MiB
2026/08/03 13:07:50.027, 0, P0, 36, 265.26 W, 1965 MHz, 3996 MHz, 59 %, 162541 MiB
2026/08/03 13:07:50.027, 1, P0, 34, 262.51 W, 1965 MHz, 3996 MHz, 65 %, 162733 MiB
2026/08/03 13:07:50.028, 2, P0, 37, 263.48 W, 1965 MHz, 3996 MHz, 77 %, 162733 MiB
2026/08/03 13:07:50.028, 3, P0, 33, 264.32 W, 1965 MHz, 3996 MHz, 72 %, 162733 MiB
2026/08/03 13:07:50.028, 4, P0, 34, 257.33 W, 1965 MHz, 3996 MHz, 71 %, 162733 MiB
2026/08/03 13:07:50.028, 5, P0, 36, 250.89 W, 1965 MHz, 3996 MHz, 6 %, 162733 MiB
2026/08/03 13:07:50.028, 6, P0, 33, 259.25 W, 1965 MHz, 3996 MHz, 38 %, 162733 MiB
2026/08/03 13:07:50.028, 7, P0, 38, 264.80 W, 1965 MHz, 3996 MHz, 53 %, 161773 MiB
2026/08/03 13:07:51.028, 0, P0, 41, 302.11 W, 1965 MHz, 3996 MHz, 29 %, 164621 MiB
2026/08/03 13:07:51.028, 1, P0, 40, 320.42 W, 1965 MHz, 3996 MHz, 53 %, 164813 MiB
2026/08/03 13:07:51.028, 2, P0, 38, 299.49 W, 1965 MHz, 3996 MHz, 83 %, 164813 MiB
2026/08/03 13:07:51.028, 3, P0, 33, 278.82 W, 1965 MHz, 3996 MHz, 58 %, 164813 MiB
2026/08/03 13:07:51.028, 4, P0, 39, 304.42 W, 1965 MHz, 3996 MHz, 61 %, 164813 MiB
2026/08/03 13:07:51.028, 5, P0, 40, 291.38 W, 1965 MHz, 3996 MHz, 7 %, 164813 MiB
2026/08/03 13:07:51.028, 6, P0, 34, 258.38 W, 1965 MHz, 3996 MHz, 39 %, 164813 MiB
2026/08/03 13:07:51.028, 7, P0, 40, 265.35 W, 1965 MHz, 3996 MHz, 61 %, 163853 MiB
2026/08/03 13:07:52.028, 0, P0, 37, 368.96 W, 1965 MHz, 3996 MHz, 70 %, 164621 MiB
2026/08/03 13:07:52.028, 1, P0, 34, 370.49 W, 1965 MHz, 3996 MHz, 83 %, 164813 MiB
2026/08/03 13:07:52.028, 2, P0, 37, 391.40 W, 1965 MHz, 3996 MHz, 91 %, 164813 MiB
2026/08/03 13:07:52.028, 3, P0, 34, 411.41 W, 1965 MHz, 3996 MHz, 84 %, 164813 MiB
2026/08/03 13:07:52.028, 4, P0, 35, 376.14 W, 1965 MHz, 3996 MHz, 71 %, 164813 MiB
2026/08/03 13:07:52.028, 5, P0, 37, 383.57 W, 1965 MHz, 3996 MHz, 8 %, 164813 MiB
2026/08/03 13:07:52.028, 6, P0, 34, 390.56 W, 1965 MHz, 3996 MHz, 26 %, 164813 MiB
2026/08/03 13:07:52.028, 7, P0, 38, 391.71 W, 1965 MHz, 3996 MHz, 66 %, 163853 MiB
2026/08/03 13:07:53.028, 0, P0, 37, 265.80 W, 1965 MHz, 3996 MHz, 66 %, 164621 MiB
2026/08/03 13:07:53.028, 1, P0, 34, 266.99 W, 1965 MHz, 3996 MHz, 76 %, 164813 MiB
2026/08/03 13:07:53.028, 2, P0, 37, 265.78 W, 1965 MHz, 3996 MHz, 86 %, 164813 MiB
2026/08/03 13:07:53.028, 3, P0, 33, 266.04 W, 1965 MHz, 3996 MHz, 83 %, 164813 MiB
2026/08/03 13:07:53.028, 4, P0, 34, 262.42 W, 1965 MHz, 3996 MHz, 71 %, 164813 MiB
2026/08/03 13:07:53.028, 5, P0, 37, 257.72 W, 1965 MHz, 3996 MHz, 28 %, 164813 MiB
2026/08/03 13:07:53.028, 6, P0, 33, 252.49 W, 1965 MHz, 3996 MHz, 8 %, 164813 MiB
2026/08/03 13:07:53.028, 7, P0, 38, 267.73 W, 1965 MHz, 3996 MHz, 66 %, 163853 MiB
2026/08/03 13:07:54.029, 0, P0, 37, 407.79 W, 1965 MHz, 3996 MHz, 47 %, 164621 MiB
2026/08/03 13:07:54.029, 1, P0, 35, 413.22 W, 1965 MHz, 3996 MHz, 52 %, 164813 MiB
2026/08/03 13:07:54.029, 2, P0, 38, 417.64 W, 1965 MHz, 3996 MHz, 87 %, 164813 MiB
2026/08/03 13:07:54.029, 3, P0, 34, 412.38 W, 1965 MHz, 3996 MHz, 72 %, 164813 MiB
2026/08/03 13:07:54.029, 4, P0, 35, 409.71 W, 1965 MHz, 3996 MHz, 46 %, 164813 MiB
2026/08/03 13:07:54.029, 5, P0, 37, 410.84 W, 1965 MHz, 3996 MHz, 10 %, 164813 MiB
2026/08/03 13:07:54.029, 6, P0, 34, 385.32 W, 1965 MHz, 3996 MHz, 15 %, 164813 MiB
2026/08/03 13:07:54.029, 7, P0, 39, 392.82 W, 1965 MHz, 3996 MHz, 60 %, 163853 MiB
2026/08/03 13:07:55.029, 0, P0, 37, 262.38 W, 1965 MHz, 3996 MHz, 82 %, 164621 MiB
2026/08/03 13:07:55.029, 1, P0, 34, 261.72 W, 1965 MHz, 3996 MHz, 14 %, 164813 MiB
2026/08/03 13:07:55.029, 2, P0, 37, 265.07 W, 1965 MHz, 3996 MHz, 84 %, 164813 MiB
2026/08/03 13:07:55.029, 3, P0, 34, 263.97 W, 1965 MHz, 3996 MHz, 72 %, 164813 MiB
2026/08/03 13:07:55.029, 4, P0, 34, 261.31 W, 1965 MHz, 3996 MHz, 63 %, 164813 MiB
2026/08/03 13:07:55.029, 5, P0, 37, 255.11 W, 1965 MHz, 3996 MHz, 7 %, 164813 MiB
2026/08/03 13:07:55.029, 6, P0, 34, 254.19 W, 1965 MHz, 3996 MHz, 38 %, 164813 MiB
2026/08/03 13:07:55.029, 7, P0, 38, 263.43 W, 1965 MHz, 3996 MHz, 61 %, 163853 MiB
2026/08/03 13:07:56.029, 0, P0, 39, 417.62 W, 1965 MHz, 3996 MHz, 63 %, 164621 MiB
2026/08/03 13:07:56.029, 1, P0, 35, 415.52 W, 1965 MHz, 3996 MHz, 71 %, 164813 MiB
2026/08/03 13:07:56.029, 2, P0, 39, 417.82 W, 1965 MHz, 3996 MHz, 82 %, 164813 MiB
2026/08/03 13:07:56.029, 3, P0, 36, 414.13 W, 1965 MHz, 3996 MHz, 83 %, 164813 MiB
2026/08/03 13:07:56.029, 4, P0, 36, 417.34 W, 1965 MHz, 3996 MHz, 67 %, 164813 MiB
2026/08/03 13:07:56.029, 5, P0, 38, 415.83 W, 1965 MHz, 3996 MHz, 50 %, 164813 MiB
2026/08/03 13:07:56.029, 6, P0, 35, 383.36 W, 1965 MHz, 3996 MHz, 26 %, 164813 MiB
2026/08/03 13:07:56.029, 7, P0, 40, 391.26 W, 1965 MHz, 3996 MHz, 67 %, 163853 MiB
2026/08/03 13:07:57.029, 0, P0, 37, 263.94 W, 1965 MHz, 3996 MHz, 45 %, 164621 MiB
2026/08/03 13:07:57.029, 1, P0, 34, 262.55 W, 1965 MHz, 3996 MHz, 42 %, 164813 MiB
2026/08/03 13:07:57.029, 2, P0, 37, 265.13 W, 1965 MHz, 3996 MHz, 72 %, 164813 MiB
2026/08/03 13:07:57.029, 3, P0, 34, 264.10 W, 1965 MHz, 3996 MHz, 69 %, 164813 MiB
2026/08/03 13:07:57.029, 4, P0, 35, 260.02 W, 1965 MHz, 3996 MHz, 43 %, 164813 MiB
2026/08/03 13:07:57.029, 5, P0, 37, 256.91 W, 1965 MHz, 3996 MHz, 13 %, 164813 MiB
2026/08/03 13:07:57.029, 6, P0, 34, 253.38 W, 1965 MHz, 3996 MHz, 7 %, 164813 MiB
2026/08/03 13:07:57.030, 7, P0, 38, 265.19 W, 1965 MHz, 3996 MHz, 52 %, 163853 MiB
2026/08/03 13:07:58.030, 0, P0, 43, 409.51 W, 1950 MHz, 3996 MHz, 71 %, 164621 MiB
2026/08/03 13:07:58.030, 1, P0, 38, 412.60 W, 1965 MHz, 3996 MHz, 100 %, 164813 MiB
2026/08/03 13:07:58.030, 2, P0, 44, 414.89 W, 1965 MHz, 3996 MHz, 93 %, 164813 MiB
2026/08/03 13:07:58.030, 3, P0, 40, 394.65 W, 1965 MHz, 3996 MHz, 94 %, 164813 MiB
2026/08/03 13:07:58.030, 4, P0, 39, 409.85 W, 1965 MHz, 3996 MHz, 100 %, 164813 MiB
2026/08/03 13:07:58.030, 5, P0, 44, 412.42 W, 1965 MHz, 3996 MHz, 100 %, 164813 MiB
2026/08/03 13:07:58.030, 6, P0, 39, 360.85 W, 1965 MHz, 3996 MHz, 31 %, 164813 MiB
2026/08/03 13:07:58.030, 7, P0, 44, 355.57 W, 1965 MHz, 3996 MHz, 58 %, 163853 MiB
2026/08/03 13:07:59.030, 0, P0, 37, 263.56 W, 1965 MHz, 3996 MHz, 52 %, 164621 MiB
2026/08/03 13:07:59.030, 1, P0, 34, 265.41 W, 1965 MHz, 3996 MHz, 86 %, 164813 MiB
2026/08/03 13:07:59.030, 2, P0, 38, 278.33 W, 1965 MHz, 3996 MHz, 92 %, 164813 MiB
2026/08/03 13:07:59.030, 3, P0, 34, 301.50 W, 1965 MHz, 3996 MHz, 90 %, 164813 MiB
2026/08/03 13:07:59.030, 4, P0, 35, 265.42 W, 1965 MHz, 3996 MHz, 81 %, 164813 MiB
2026/08/03 13:07:59.030, 5, P0, 37, 275.67 W, 1965 MHz, 3996 MHz, 75 %, 164813 MiB
2026/08/03 13:07:59.030, 6, P0, 34, 288.59 W, 1965 MHz, 3996 MHz, 12 %, 164813 MiB
2026/08/03 13:07:59.030, 7, P0, 38, 310.69 W, 1965 MHz, 3996 MHz, 68 %, 163853 MiB
2026/08/03 13:08:00.030, 0, P0, 37, 256.97 W, 1965 MHz, 3996 MHz, 8 %, 164621 MiB
2026/08/03 13:08:00.030, 1, P0, 34, 261.54 W, 1965 MHz, 3996 MHz, 43 %, 164813 MiB
2026/08/03 13:08:00.030, 2, P0, 37, 263.04 W, 1965 MHz, 3996 MHz, 81 %, 164813 MiB
2026/08/03 13:08:00.030, 3, P0, 34, 263.16 W, 1965 MHz, 3996 MHz, 59 %, 164813 MiB
2026/08/03 13:08:00.030, 4, P0, 34, 256.82 W, 1965 MHz, 3996 MHz, 55 %, 164813 MiB
2026/08/03 13:08:00.030, 5, P0, 37, 255.29 W, 1965 MHz, 3996 MHz, 18 %, 164813 MiB
2026/08/03 13:08:00.030, 6, P0, 34, 254.66 W, 1965 MHz, 3996 MHz, 29 %, 164813 MiB
2026/08/03 13:08:00.030, 7, P0, 38, 262.92 W, 1965 MHz, 3996 MHz, 50 %, 163853 MiB
2026/08/03 13:08:01.030, 0, P0, 37, 259.04 W, 1965 MHz, 3996 MHz, 34 %, 164621 MiB
2026/08/03 13:08:01.030, 1, P0, 34, 263.46 W, 1965 MHz, 3996 MHz, 67 %, 164813 MiB
2026/08/03 13:08:01.031, 2, P0, 37, 263.22 W, 1965 MHz, 3996 MHz, 80 %, 164813 MiB
2026/08/03 13:08:01.031, 3, P0, 34, 265.05 W, 1965 MHz, 3996 MHz, 75 %, 164813 MiB
2026/08/03 13:08:01.031, 4, P0, 34, 247.96 W, 1965 MHz, 3996 MHz, 28 %, 164813 MiB
2026/08/03 13:08:01.031, 5, P0, 37, 261.88 W, 1965 MHz, 3996 MHz, 39 %, 164813 MiB
2026/08/03 13:08:01.031, 6, P0, 34, 259.77 W, 1965 MHz, 3996 MHz, 21 %, 164813 MiB
2026/08/03 13:08:01.031, 7, P0, 38, 264.55 W, 1965 MHz, 3996 MHz, 53 %, 163853 MiB
2026/08/03 13:08:02.031, 0, P0, 37, 258.30 W, 1965 MHz, 3996 MHz, 15 %, 164621 MiB
2026/08/03 13:08:02.031, 1, P0, 34, 260.18 W, 1965 MHz, 3996 MHz, 51 %, 164813 MiB
2026/08/03 13:08:02.031, 2, P0, 37, 262.83 W, 1965 MHz, 3996 MHz, 64 %, 164813 MiB
2026/08/03 13:08:02.031, 3, P0, 33, 264.26 W, 1965 MHz, 3996 MHz, 59 %, 164813 MiB
2026/08/03 13:08:02.031, 4, P0, 34, 249.24 W, 1965 MHz, 3996 MHz, 8 %, 164813 MiB
2026/08/03 13:08:02.031, 5, P0, 37, 256.70 W, 1965 MHz, 3996 MHz, 21 %, 164813 MiB
2026/08/03 13:08:02.031, 6, P0, 34, 257.20 W, 1965 MHz, 3996 MHz, 26 %, 164813 MiB
2026/08/03 13:08:02.031, 7, P0, 38, 263.79 W, 1965 MHz, 3996 MHz, 38 %, 163853 MiB
2026/08/03 13:08:03.031, 0, P0, 37, 263.48 W, 1965 MHz, 3996 MHz, 47 %, 164621 MiB
2026/08/03 13:08:03.031, 1, P0, 34, 263.26 W, 1965 MHz, 3996 MHz, 68 %, 164813 MiB
2026/08/03 13:08:03.031, 2, P0, 37, 263.15 W, 1965 MHz, 3996 MHz, 67 %, 164813 MiB
2026/08/03 13:08:03.031, 3, P0, 33, 263.46 W, 1965 MHz, 3996 MHz, 62 %, 164813 MiB
2026/08/03 13:08:03.031, 4, P0, 34, 253.91 W, 1965 MHz, 3996 MHz, 38 %, 164813 MiB
2026/08/03 13:08:03.031, 5, P0, 37, 255.57 W, 1965 MHz, 3996 MHz, 16 %, 164813 MiB
2026/08/03 13:08:03.031, 6, P0, 33, 255.15 W, 1965 MHz, 3996 MHz, 30 %, 164813 MiB
2026/08/03 13:08:03.031, 7, P0, 38, 264.29 W, 1965 MHz, 3996 MHz, 52 %, 163853 MiB
2026/08/03 13:08:04.031, 0, P0, 37, 258.12 W, 1965 MHz, 3996 MHz, 18 %, 164621 MiB
2026/08/03 13:08:04.031, 1, P0, 34, 262.51 W, 1965 MHz, 3996 MHz, 55 %, 164813 MiB
2026/08/03 13:08:04.031, 2, P0, 37, 260.67 W, 1965 MHz, 3996 MHz, 74 %, 164813 MiB
2026/08/03 13:08:04.031, 3, P0, 33, 262.97 W, 1965 MHz, 3996 MHz, 71 %, 164813 MiB
2026/08/03 13:08:04.031, 4, P0, 34, 254.21 W, 1965 MHz, 3996 MHz, 49 %, 164813 MiB
2026/08/03 13:08:04.031, 5, P0, 37, 256.77 W, 1965 MHz, 3996 MHz, 7 %, 164813 MiB
2026/08/03 13:08:04.031, 6, P0, 33, 256.17 W, 1965 MHz, 3996 MHz, 53 %, 164813 MiB
2026/08/03 13:08:04.031, 7, P0, 38, 263.00 W, 1965 MHz, 3996 MHz, 70 %, 163853 MiB
2026/08/03 13:08:05.032, 0, P0, 37, 258.91 W, 1965 MHz, 3996 MHz, 62 %, 164621 MiB
2026/08/03 13:08:05.032, 1, P0, 34, 264.89 W, 1965 MHz, 3996 MHz, 74 %, 164813 MiB
2026/08/03 13:08:05.032, 2, P0, 37, 263.00 W, 1965 MHz, 3996 MHz, 86 %, 164813 MiB
2026/08/03 13:08:05.032, 3, P0, 33, 265.00 W, 1965 MHz, 3996 MHz, 84 %, 164813 MiB
2026/08/03 13:08:05.032, 4, P0, 34, 258.67 W, 1965 MHz, 3996 MHz, 61 %, 164813 MiB
2026/08/03 13:08:05.032, 5, P0, 36, 255.60 W, 1965 MHz, 3996 MHz, 8 %, 164813 MiB
2026/08/03 13:08:05.032, 6, P0, 34, 259.21 W, 1965 MHz, 3996 MHz, 43 %, 164813 MiB
2026/08/03 13:08:05.032, 7, P0, 38, 267.27 W, 1965 MHz, 3996 MHz, 77 %, 163853 MiB
2026/08/03 13:08:06.032, 0, P0, 37, 260.47 W, 1965 MHz, 3996 MHz, 44 %, 164621 MiB
2026/08/03 13:08:06.032, 1, P0, 34, 264.53 W, 1965 MHz, 3996 MHz, 64 %, 164813 MiB
2026/08/03 13:08:06.032, 2, P0, 37, 263.66 W, 1965 MHz, 3996 MHz, 69 %, 164813 MiB
2026/08/03 13:08:06.032, 3, P0, 33, 263.79 W, 1965 MHz, 3996 MHz, 61 %, 164813 MiB
2026/08/03 13:08:06.032, 4, P0, 34, 257.30 W, 1965 MHz, 3996 MHz, 51 %, 164813 MiB
2026/08/03 13:08:06.032, 5, P0, 36, 255.13 W, 1965 MHz, 3996 MHz, 17 %, 164813 MiB
2026/08/03 13:08:06.032, 6, P0, 33, 257.08 W, 1965 MHz, 3996 MHz, 29 %, 164813 MiB
2026/08/03 13:08:06.032, 7, P0, 38, 265.33 W, 1965 MHz, 3996 MHz, 53 %, 163853 MiB
2026/08/03 13:08:07.032, 0, P0, 39, 413.65 W, 1965 MHz, 3996 MHz, 82 %, 164621 MiB
2026/08/03 13:08:07.032, 1, P0, 36, 417.65 W, 1965 MHz, 3996 MHz, 73 %, 164813 MiB
2026/08/03 13:08:07.032, 2, P0, 40, 414.16 W, 1965 MHz, 3996 MHz, 73 %, 164813 MiB
2026/08/03 13:08:07.032, 3, P0, 36, 416.66 W, 1965 MHz, 3996 MHz, 74 %, 164813 MiB
2026/08/03 13:08:07.032, 4, P0, 36, 413.49 W, 1965 MHz, 3996 MHz, 54 %, 164813 MiB
2026/08/03 13:08:07.032, 5, P0, 39, 410.04 W, 1965 MHz, 3996 MHz, 16 %, 164813 MiB
2026/08/03 13:08:07.032, 6, P0, 36, 388.82 W, 1965 MHz, 3996 MHz, 84 %, 164813 MiB
2026/08/03 13:08:07.032, 7, P0, 40, 388.50 W, 1965 MHz, 3996 MHz, 87 %, 163853 MiB
2026/08/03 13:08:08.032, 0, P0, 37, 266.06 W, 1965 MHz, 3996 MHz, 48 %, 164621 MiB
2026/08/03 13:08:08.032, 1, P0, 34, 266.01 W, 1965 MHz, 3996 MHz, 65 %, 164813 MiB
2026/08/03 13:08:08.032, 2, P0, 37, 265.74 W, 1965 MHz, 3996 MHz, 75 %, 164813 MiB
2026/08/03 13:08:08.032, 3, P0, 34, 267.55 W, 1965 MHz, 3996 MHz, 75 %, 164813 MiB
2026/08/03 13:08:08.032, 4, P0, 35, 260.28 W, 1965 MHz, 3996 MHz, 34 %, 164813 MiB
2026/08/03 13:08:08.032, 5, P0, 37, 254.41 W, 1965 MHz, 3996 MHz, 20 %, 164813 MiB
2026/08/03 13:08:08.032, 6, P0, 34, 259.21 W, 1965 MHz, 3996 MHz, 42 %, 164813 MiB
2026/08/03 13:08:08.033, 7, P0, 38, 266.73 W, 1965 MHz, 3996 MHz, 72 %, 163853 MiB
2026/08/03 13:08:09.033, 0, P0, 43, 379.18 W, 1965 MHz, 3996 MHz, 59 %, 164621 MiB
2026/08/03 13:08:09.033, 1, P0, 40, 328.23 W, 1965 MHz, 3996 MHz, 76 %, 164813 MiB
2026/08/03 13:08:09.033, 2, P0, 43, 363.36 W, 1965 MHz, 3996 MHz, 100 %, 164813 MiB
2026/08/03 13:08:09.033, 3, P0, 38, 341.78 W, 1957 MHz, 3996 MHz, 70 %, 164813 MiB
2026/08/03 13:08:09.033, 4, P0, 42, 381.68 W, 1965 MHz, 3996 MHz, 100 %, 164813 MiB
2026/08/03 13:08:09.033, 5, P0, 43, 352.62 W, 1965 MHz, 3996 MHz, 67 %, 164813 MiB
2026/08/03 13:08:09.033, 6, P0, 38, 315.93 W, 1965 MHz, 3996 MHz, 27 %, 164813 MiB
2026/08/03 13:08:09.033, 7, P0, 42, 321.72 W, 1965 MHz, 3996 MHz, 58 %, 163853 MiB
2026/08/03 13:08:10.033, 0, P0, 37, 294.05 W, 1965 MHz, 3996 MHz, 62 %, 164621 MiB
2026/08/03 13:08:10.033, 1, P0, 35, 355.49 W, 1965 MHz, 3996 MHz, 71 %, 164813 MiB
2026/08/03 13:08:10.033, 2, P0, 38, 320.26 W, 1965 MHz, 3996 MHz, 84 %, 164813 MiB
2026/08/03 13:08:10.033, 3, P0, 34, 341.48 W, 1965 MHz, 3996 MHz, 79 %, 164813 MiB
2026/08/03 13:08:10.033, 4, P0, 35, 302.58 W, 1965 MHz, 3996 MHz, 71 %, 164813 MiB
2026/08/03 13:08:10.033, 5, P0, 37, 326.15 W, 1965 MHz, 3996 MHz, 9 %, 164813 MiB
2026/08/03 13:08:10.033, 6, P0, 34, 337.58 W, 1965 MHz, 3996 MHz, 45 %, 164813 MiB
2026/08/03 13:08:10.033, 7, P0, 38, 346.04 W, 1965 MHz, 3996 MHz, 54 %, 163853 MiB
2026/08/03 13:08:11.033, 0, P0, 37, 262.98 W, 1965 MHz, 3996 MHz, 58 %, 164621 MiB
2026/08/03 13:08:11.033, 1, P0, 34, 263.12 W, 1965 MHz, 3996 MHz, 37 %, 164813 MiB
2026/08/03 13:08:11.033, 2, P0, 37, 265.10 W, 1965 MHz, 3996 MHz, 85 %, 164813 MiB
2026/08/03 13:08:11.033, 3, P0, 34, 267.11 W, 1965 MHz, 3996 MHz, 64 %, 164813 MiB
2026/08/03 13:08:11.033, 4, P0, 35, 259.89 W, 1965 MHz, 3996 MHz, 81 %, 164813 MiB
2026/08/03 13:08:11.033, 5, P0, 37, 255.78 W, 1965 MHz, 3996 MHz, 9 %, 164813 MiB
2026/08/03 13:08:11.033, 6, P0, 34, 262.92 W, 1965 MHz, 3996 MHz, 33 %, 164813 MiB
2026/08/03 13:08:11.033, 7, P0, 38, 268.53 W, 1965 MHz, 3996 MHz, 55 %, 163853 MiB
2026/08/03 13:08:12.033, 0, P0, 37, 260.47 W, 1965 MHz, 3996 MHz, 68 %, 164621 MiB
2026/08/03 13:08:12.034, 1, P0, 34, 262.08 W, 1965 MHz, 3996 MHz, 60 %, 164813 MiB
2026/08/03 13:08:12.034, 2, P0, 37, 263.90 W, 1965 MHz, 3996 MHz, 76 %, 164813 MiB
2026/08/03 13:08:12.034, 3, P0, 34, 265.26 W, 1965 MHz, 3996 MHz, 78 %, 164813 MiB
2026/08/03 13:08:12.034, 4, P0, 34, 258.27 W, 1965 MHz, 3996 MHz, 59 %, 164813 MiB
2026/08/03 13:08:12.034, 5, P0, 37, 252.93 W, 1965 MHz, 3996 MHz, 17 %, 164813 MiB
2026/08/03 13:08:12.034, 6, P0, 34, 258.80 W, 1965 MHz, 3996 MHz, 33 %, 164813 MiB
2026/08/03 13:08:12.034, 7, P0, 38, 266.01 W, 1965 MHz, 3996 MHz, 54 %, 163853 MiB
2026/08/03 13:08:13.034, 0, P0, 37, 263.36 W, 1965 MHz, 3996 MHz, 57 %, 164621 MiB
2026/08/03 13:08:13.035, 1, P0, 34, 262.07 W, 1965 MHz, 3996 MHz, 63 %, 164813 MiB
2026/08/03 13:08:13.035, 2, P0, 37, 264.30 W, 1965 MHz, 3996 MHz, 79 %, 164813 MiB
2026/08/03 13:08:13.035, 3, P0, 34, 265.75 W, 1965 MHz, 3996 MHz, 79 %, 164813 MiB
2026/08/03 13:08:13.038, 4, P0, 34, 258.36 W, 1965 MHz, 3996 MHz, 26 %, 164813 MiB
2026/08/03 13:08:13.038, 5, P0, 37, 253.88 W, 1965 MHz, 3996 MHz, 30 %, 164813 MiB
2026/08/03 13:08:13.039, 6, P0, 34, 258.49 W, 1965 MHz, 3996 MHz, 9 %, 164813 MiB
2026/08/03 13:08:13.039, 7, P0, 38, 265.60 W, 1965 MHz, 3996 MHz, 51 %, 163853 MiB
2026/08/03 13:08:14.041, 0, P0, 37, 261.15 W, 1965 MHz, 3996 MHz, 67 %, 164621 MiB
2026/08/03 13:08:14.041, 1, P0, 34, 260.31 W, 1965 MHz, 3996 MHz, 22 %, 164813 MiB
2026/08/03 13:08:14.041, 2, P0, 37, 263.45 W, 1965 MHz, 3996 MHz, 80 %, 164813 MiB
2026/08/03 13:08:14.041, 3, P0, 33, 264.09 W, 1965 MHz, 3996 MHz, 80 %, 164813 MiB
2026/08/03 13:08:14.041, 4, P0, 34, 257.84 W, 1965 MHz, 3996 MHz, 43 %, 164813 MiB
2026/08/03 13:08:14.041, 5, P0, 37, 255.74 W, 1965 MHz, 3996 MHz, 47 %, 164813 MiB
2026/08/03 13:08:14.041, 6, P0, 33, 255.87 W, 1965 MHz, 3996 MHz, 16 %, 164813 MiB
2026/08/03 13:08:14.041, 7, P0, 38, 264.80 W, 1965 MHz, 3996 MHz, 54 %, 163853 MiB
2026/08/03 13:08:15.041, 0, P0, 37, 261.72 W, 1965 MHz, 3996 MHz, 30 %, 164621 MiB
2026/08/03 13:08:15.041, 1, P0, 34, 261.81 W, 1965 MHz, 3996 MHz, 60 %, 164813 MiB
2026/08/03 13:08:15.041, 2, P0, 37, 263.25 W, 1965 MHz, 3996 MHz, 73 %, 164813 MiB
2026/08/03 13:08:15.041, 3, P0, 33, 265.25 W, 1965 MHz, 3996 MHz, 78 %, 164813 MiB
2026/08/03 13:08:15.041, 4, P0, 34, 256.24 W, 1965 MHz, 3996 MHz, 28 %, 164813 MiB
2026/08/03 13:08:15.041, 5, P0, 37, 255.90 W, 1965 MHz, 3996 MHz, 45 %, 164813 MiB
2026/08/03 13:08:15.041, 6, P0, 34, 258.35 W, 1965 MHz, 3996 MHz, 68 %, 164813 MiB
2026/08/03 13:08:15.041, 7, P0, 38, 262.91 W, 1965 MHz, 3996 MHz, 43 %, 163853 MiB
2026/08/03 13:08:16.041, 0, P0, 37, 264.29 W, 1965 MHz, 3996 MHz, 45 %, 164621 MiB
2026/08/03 13:08:16.041, 1, P0, 34, 261.03 W, 1965 MHz, 3996 MHz, 46 %, 164813 MiB
2026/08/03 13:08:16.041, 2, P0, 37, 263.09 W, 1965 MHz, 3996 MHz, 72 %, 164813 MiB
2026/08/03 13:08:16.041, 3, P0, 33, 263.97 W, 1965 MHz, 3996 MHz, 64 %, 164813 MiB
2026/08/03 13:08:16.041, 4, P0, 34, 254.21 W, 1965 MHz, 3996 MHz, 51 %, 164813 MiB
2026/08/03 13:08:16.042, 5, P0, 37, 253.91 W, 1965 MHz, 3996 MHz, 8 %, 164813 MiB
2026/08/03 13:08:16.042, 6, P0, 33, 254.20 W, 1965 MHz, 3996 MHz, 12 %, 164813 MiB
2026/08/03 13:08:16.042, 7, P0, 38, 258.95 W, 1965 MHz, 3996 MHz, 41 %, 163853 MiB
2026/08/03 13:08:17.042, 0, P0, 37, 260.25 W, 1965 MHz, 3996 MHz, 14 %, 164621 MiB
2026/08/03 13:08:17.042, 1, P0, 34, 263.04 W, 1965 MHz, 3996 MHz, 67 %, 164813 MiB
2026/08/03 13:08:17.042, 2, P0, 37, 263.24 W, 1965 MHz, 3996 MHz, 74 %, 164813 MiB
2026/08/03 13:08:17.042, 3, P0, 33, 265.47 W, 1965 MHz, 3996 MHz, 69 %, 164813 MiB
2026/08/03 13:08:17.042, 4, P0, 34, 256.75 W, 1965 MHz, 3996 MHz, 44 %, 164813 MiB
2026/08/03 13:08:17.042, 5, P0, 36, 253.37 W, 1965 MHz, 3996 MHz, 9 %, 164813 MiB
2026/08/03 13:08:17.042, 6, P0, 33, 255.42 W, 1965 MHz, 3996 MHz, 25 %, 164813 MiB
2026/08/03 13:08:17.042, 7, P0, 38, 261.20 W, 1965 MHz, 3996 MHz, 44 %, 163853 MiB
2026/08/03 13:08:18.042, 0, P0, 37, 263.01 W, 1965 MHz, 3996 MHz, 50 %, 164621 MiB
2026/08/03 13:08:18.042, 1, P0, 34, 262.98 W, 1965 MHz, 3996 MHz, 58 %, 164813 MiB
2026/08/03 13:08:18.042, 2, P0, 37, 263.18 W, 1965 MHz, 3996 MHz, 73 %, 164813 MiB
2026/08/03 13:08:18.042, 3, P0, 33, 264.44 W, 1965 MHz, 3996 MHz, 72 %, 164813 MiB
2026/08/03 13:08:18.042, 4, P0, 34, 257.17 W, 1965 MHz, 3996 MHz, 63 %, 164813 MiB
2026/08/03 13:08:18.042, 5, P0, 37, 254.46 W, 1965 MHz, 3996 MHz, 58 %, 164813 MiB
2026/08/03 13:08:18.042, 6, P0, 33, 256.09 W, 1965 MHz, 3996 MHz, 18 %, 164813 MiB
2026/08/03 13:08:18.042, 7, P0, 38, 259.71 W, 1965 MHz, 3996 MHz, 11 %, 163853 MiB
2026/08/03 13:08:19.042, 0, P0, 37, 260.44 W, 1965 MHz, 3996 MHz, 14 %, 164621 MiB
2026/08/03 13:08:19.042, 1, P0, 34, 261.96 W, 1965 MHz, 3996 MHz, 46 %, 164813 MiB
2026/08/03 13:08:19.042, 2, P0, 37, 262.37 W, 1965 MHz, 3996 MHz, 77 %, 164813 MiB
2026/08/03 13:08:19.042, 3, P0, 33, 263.17 W, 1965 MHz, 3996 MHz, 70 %, 164813 MiB
2026/08/03 13:08:19.042, 4, P0, 34, 256.21 W, 1965 MHz, 3996 MHz, 36 %, 164813 MiB
2026/08/03 13:08:19.042, 5, P0, 36, 254.44 W, 1965 MHz, 3996 MHz, 16 %, 164813 MiB
2026/08/03 13:08:19.042, 6, P0, 33, 254.13 W, 1965 MHz, 3996 MHz, 47 %, 164813 MiB
2026/08/03 13:08:19.042, 7, P0, 38, 260.82 W, 1965 MHz, 3996 MHz, 46 %, 163853 MiB
2026/08/03 13:08:20.042, 0, P0, 37, 261.18 W, 1965 MHz, 3996 MHz, 52 %, 164621 MiB
2026/08/03 13:08:20.043, 1, P0, 34, 261.76 W, 1965 MHz, 3996 MHz, 70 %, 164813 MiB
2026/08/03 13:08:20.043, 2, P0, 37, 262.39 W, 1965 MHz, 3996 MHz, 64 %, 164813 MiB
2026/08/03 13:08:20.043, 3, P0, 33, 264.05 W, 1965 MHz, 3996 MHz, 74 %, 164813 MiB
2026/08/03 13:08:20.043, 4, P0, 34, 256.30 W, 1965 MHz, 3996 MHz, 69 %, 164813 MiB
2026/08/03 13:08:20.043, 5, P0, 36, 253.39 W, 1965 MHz, 3996 MHz, 14 %, 164813 MiB
2026/08/03 13:08:20.043, 6, P0, 33, 256.89 W, 1965 MHz, 3996 MHz, 26 %, 164813 MiB
2026/08/03 13:08:20.043, 7, P0, 38, 261.83 W, 1965 MHz, 3996 MHz, 61 %, 163853 MiB
2026/08/03 13:08:21.043, 0, P0, 37, 259.77 W, 1965 MHz, 3996 MHz, 43 %, 164621 MiB
2026/08/03 13:08:21.043, 1, P0, 34, 263.16 W, 1965 MHz, 3996 MHz, 51 %, 164813 MiB
2026/08/03 13:08:21.043, 2, P0, 37, 262.83 W, 1965 MHz, 3996 MHz, 77 %, 164813 MiB
2026/08/03 13:08:21.043, 3, P0, 33, 264.38 W, 1965 MHz, 3996 MHz, 55 %, 164813 MiB
2026/08/03 13:08:21.043, 4, P0, 34, 256.83 W, 1965 MHz, 3996 MHz, 64 %, 164813 MiB
2026/08/03 13:08:21.043, 5, P0, 36, 253.92 W, 1965 MHz, 3996 MHz, 9 %, 164813 MiB
2026/08/03 13:08:21.043, 6, P0, 33, 256.87 W, 1965 MHz, 3996 MHz, 24 %, 164813 MiB
2026/08/03 13:08:21.043, 7, P0, 38, 261.76 W, 1965 MHz, 3996 MHz, 56 %, 163853 MiB
2026/08/03 13:08:22.043, 0, P0, 37, 260.15 W, 1965 MHz, 3996 MHz, 44 %, 164621 MiB
2026/08/03 13:08:22.043, 1, P0, 34, 262.84 W, 1965 MHz, 3996 MHz, 54 %, 164813 MiB
2026/08/03 13:08:22.043, 2, P0, 37, 263.14 W, 1965 MHz, 3996 MHz, 80 %, 164813 MiB
2026/08/03 13:08:22.043, 3, P0, 33, 264.20 W, 1965 MHz, 3996 MHz, 75 %, 164813 MiB
2026/08/03 13:08:22.043, 4, P0, 34, 256.66 W, 1965 MHz, 3996 MHz, 45 %, 164813 MiB
2026/08/03 13:08:22.043, 5, P0, 36, 253.37 W, 1965 MHz, 3996 MHz, 7 %, 164813 MiB
2026/08/03 13:08:22.043, 6, P0, 33, 255.94 W, 1965 MHz, 3996 MHz, 54 %, 164813 MiB
2026/08/03 13:08:22.043, 7, P0, 38, 263.20 W, 1965 MHz, 3996 MHz, 43 %, 163853 MiB
2026/08/03 13:08:23.043, 0, P0, 37, 263.01 W, 1965 MHz, 3996 MHz, 100 %, 164621 MiB
2026/08/03 13:08:23.043, 1, P0, 34, 255.07 W, 1965 MHz, 3996 MHz, 0 %, 164813 MiB
2026/08/03 13:08:23.043, 2, P0, 37, 261.92 W, 1965 MHz, 3996 MHz, 100 %, 164813 MiB
2026/08/03 13:08:23.043, 3, P0, 33, 255.53 W, 1965 MHz, 3996 MHz, 0 %, 164813 MiB
2026/08/03 13:08:23.043, 4, P0, 34, 248.55 W, 1965 MHz, 3996 MHz, 0 %, 164813 MiB
2026/08/03 13:08:23.043, 5, P0, 36, 251.11 W, 1965 MHz, 3996 MHz, 0 %, 164813 MiB
2026/08/03 13:08:23.044, 6, P0, 34, 258.38 W, 1965 MHz, 3996 MHz, 100 %, 164813 MiB
2026/08/03 13:08:23.044, 7, P0, 38, 254.69 W, 1965 MHz, 3996 MHz, 0 %, 163853 MiB
2026/08/03 13:08:24.044, 0, P0, 37, 268.08 W, 1965 MHz, 3996 MHz, 100 %, 164621 MiB
2026/08/03 13:08:24.044, 1, P0, 33, 240.76 W, 1965 MHz, 3996 MHz, 0 %, 164813 MiB
2026/08/03 13:08:24.044, 2, P0, 37, 261.11 W, 1965 MHz, 3996 MHz, 100 %, 164813 MiB
2026/08/03 13:08:24.044, 3, P0, 33, 239.69 W, 1965 MHz, 3996 MHz, 0 %, 164813 MiB
2026/08/03 13:08:24.044, 4, P0, 34, 236.73 W, 1965 MHz, 3996 MHz, 0 %, 164813 MiB
2026/08/03 13:08:24.044, 5, P0, 36, 245.35 W, 1965 MHz, 3996 MHz, 0 %, 164813 MiB
2026/08/03 13:08:24.044, 6, P0, 34, 268.04 W, 1965 MHz, 3996 MHz, 100 %, 164813 MiB
2026/08/03 13:08:24.044, 7, P0, 37, 244.56 W, 1965 MHz, 3996 MHz, 0 %, 163853 MiB
2026/08/03 13:08:25.044, 0, P0, 37, 268.03 W, 1965 MHz, 3996 MHz, 100 %, 164621 MiB
2026/08/03 13:08:25.044, 1, P0, 33, 240.63 W, 1965 MHz, 3996 MHz, 0 %, 164813 MiB
2026/08/03 13:08:25.044, 2, P0, 37, 261.05 W, 1965 MHz, 3996 MHz, 100 %, 164813 MiB
2026/08/03 13:08:25.044, 3, P0, 33, 239.75 W, 1965 MHz, 3996 MHz, 0 %, 164813 MiB
2026/08/03 13:08:25.044, 4, P0, 34, 236.64 W, 1965 MHz, 3996 MHz, 0 %, 164813 MiB
2026/08/03 13:08:25.044, 5, P0, 36, 245.25 W, 1965 MHz, 3996 MHz, 0 %, 164813 MiB
2026/08/03 13:08:25.044, 6, P0, 34, 268.17 W, 1965 MHz, 3996 MHz, 100 %, 164813 MiB
2026/08/03 13:08:25.044, 7, P0, 37, 244.55 W, 1965 MHz, 3996 MHz, 0 %, 163853 MiB
2026/08/03 13:08:26.044, 0, P0, 37, 262.71 W, 1965 MHz, 3996 MHz, 57 %, 164621 MiB
2026/08/03 13:08:26.044, 1, P0, 34, 255.69 W, 1965 MHz, 3996 MHz, 69 %, 164813 MiB
2026/08/03 13:08:26.044, 2, P0, 37, 263.52 W, 1965 MHz, 3996 MHz, 84 %, 164813 MiB
2026/08/03 13:08:26.044, 3, P0, 33, 259.53 W, 1965 MHz, 3996 MHz, 75 %, 164813 MiB
2026/08/03 13:08:26.044, 4, P0, 34, 252.89 W, 1965 MHz, 3996 MHz, 44 %, 164813 MiB
2026/08/03 13:08:26.044, 5, P0, 36, 255.47 W, 1965 MHz, 3996 MHz, 15 %, 164813 MiB
2026/08/03 13:08:26.044, 6, P0, 33, 261.45 W, 1965 MHz, 3996 MHz, 45 %, 164813 MiB
2026/08/03 13:08:26.044, 7, P0, 38, 263.34 W, 1965 MHz, 3996 MHz, 67 %, 163853 MiB
2026/08/03 13:08:27.045, 0, P0, 37, 260.59 W, 1965 MHz, 3996 MHz, 74 %, 164621 MiB
2026/08/03 13:08:27.045, 1, P0, 34, 262.31 W, 1965 MHz, 3996 MHz, 67 %, 164813 MiB
2026/08/03 13:08:27.045, 2, P0, 37, 265.04 W, 1965 MHz, 3996 MHz, 82 %, 164813 MiB
2026/08/03 13:08:27.045, 3, P0, 33, 265.53 W, 1965 MHz, 3996 MHz, 76 %, 164813 MiB
2026/08/03 13:08:27.045, 4, P0, 34, 257.24 W, 1965 MHz, 3996 MHz, 52 %, 164813 MiB
2026/08/03 13:08:27.045, 5, P0, 36, 255.08 W, 1965 MHz, 3996 MHz, 6 %, 164813 MiB
2026/08/03 13:08:27.045, 6, P0, 34, 262.04 W, 1965 MHz, 3996 MHz, 45 %, 164813 MiB
2026/08/03 13:08:27.045, 7, P0, 38, 261.99 W, 1965 MHz, 3996 MHz, 49 %, 163853 MiB
2026/08/03 13:08:28.045, 0, P0, 37, 261.55 W, 1965 MHz, 3996 MHz, 58 %, 164621 MiB
2026/08/03 13:08:28.045, 1, P0, 34, 262.21 W, 1965 MHz, 3996 MHz, 45 %, 164813 MiB
2026/08/03 13:08:28.045, 2, P0, 37, 264.67 W, 1965 MHz, 3996 MHz, 87 %, 164813 MiB
2026/08/03 13:08:28.045, 3, P0, 33, 264.66 W, 1965 MHz, 3996 MHz, 73 %, 164813 MiB
2026/08/03 13:08:28.045, 4, P0, 34, 257.05 W, 1965 MHz, 3996 MHz, 52 %, 164813 MiB
2026/08/03 13:08:28.045, 5, P0, 36, 253.36 W, 1965 MHz, 3996 MHz, 12 %, 164813 MiB
2026/08/03 13:08:28.045, 6, P0, 33, 258.61 W, 1965 MHz, 3996 MHz, 36 %, 164813 MiB
2026/08/03 13:08:28.045, 7, P0, 38, 261.54 W, 1965 MHz, 3996 MHz, 59 %, 163853 MiB
2026/08/03 13:08:29.045, 0, P0, 37, 261.63 W, 1965 MHz, 3996 MHz, 57 %, 164621 MiB
2026/08/03 13:08:29.045, 1, P0, 34, 261.63 W, 1965 MHz, 3996 MHz, 64 %, 164813 MiB
2026/08/03 13:08:29.045, 2, P0, 37, 261.72 W, 1965 MHz, 3996 MHz, 82 %, 164813 MiB
2026/08/03 13:08:29.045, 3, P0, 33, 262.83 W, 1965 MHz, 3996 MHz, 74 %, 164813 MiB
2026/08/03 13:08:29.045, 4, P0, 34, 254.16 W, 1965 MHz, 3996 MHz, 16 %, 164813 MiB
2026/08/03 13:08:29.045, 5, P0, 36, 254.46 W, 1965 MHz, 3996 MHz, 15 %, 164813 MiB
2026/08/03 13:08:29.045, 6, P0, 33, 260.17 W, 1965 MHz, 3996 MHz, 38 %, 164813 MiB
2026/08/03 13:08:29.045, 7, P0, 38, 262.79 W, 1965 MHz, 3996 MHz, 46 %, 163853 MiB
2026/08/03 13:08:30.046, 0, P0, 37, 261.32 W, 1965 MHz, 3996 MHz, 73 %, 164621 MiB
2026/08/03 13:08:30.046, 1, P0, 34, 260.52 W, 1965 MHz, 3996 MHz, 32 %, 164813 MiB
2026/08/03 13:08:30.046, 2, P0, 37, 263.84 W, 1965 MHz, 3996 MHz, 69 %, 164813 MiB
2026/08/03 13:08:30.046, 3, P0, 33, 263.19 W, 1965 MHz, 3996 MHz, 71 %, 164813 MiB
2026/08/03 13:08:30.046, 4, P0, 34, 255.23 W, 1965 MHz, 3996 MHz, 63 %, 164813 MiB
2026/08/03 13:08:30.046, 5, P0, 36, 254.98 W, 1965 MHz, 3996 MHz, 64 %, 164813 MiB
2026/08/03 13:08:30.046, 6, P0, 33, 259.09 W, 1965 MHz, 3996 MHz, 14 %, 164813 MiB
2026/08/03 13:08:30.046, 7, P0, 38, 264.43 W, 1965 MHz, 3996 MHz, 40 %, 163853 MiB
2026/08/03 13:08:31.046, 0, P0, 37, 260.81 W, 1965 MHz, 3996 MHz, 44 %, 164621 MiB
2026/08/03 13:08:31.046, 1, P0, 34, 263.12 W, 1965 MHz, 3996 MHz, 67 %, 164813 MiB
2026/08/03 13:08:31.046, 2, P0, 37, 263.75 W, 1965 MHz, 3996 MHz, 75 %, 164813 MiB
2026/08/03 13:08:31.046, 3, P0, 33, 264.25 W, 1965 MHz, 3996 MHz, 73 %, 164813 MiB
2026/08/03 13:08:31.046, 4, P0, 34, 257.11 W, 1965 MHz, 3996 MHz, 49 %, 164813 MiB
2026/08/03 13:08:31.046, 5, P0, 36, 254.85 W, 1965 MHz, 3996 MHz, 17 %, 164813 MiB
2026/08/03 13:08:31.046, 6, P0, 33, 258.39 W, 1965 MHz, 3996 MHz, 36 %, 164813 MiB
2026/08/03 13:08:31.046, 7, P0, 38, 261.11 W, 1965 MHz, 3996 MHz, 43 %, 163853 MiB
2026/08/03 13:08:32.046, 0, P0, 37, 261.52 W, 1965 MHz, 3996 MHz, 50 %, 164621 MiB
2026/08/03 13:08:32.046, 1, P0, 34, 261.61 W, 1965 MHz, 3996 MHz, 63 %, 164813 MiB
2026/08/03 13:08:32.046, 2, P0, 37, 261.69 W, 1965 MHz, 3996 MHz, 81 %, 164813 MiB
2026/08/03 13:08:32.046, 3, P0, 33, 264.34 W, 1965 MHz, 3996 MHz, 92 %, 164813 MiB
2026/08/03 13:08:32.046, 4, P0, 34, 254.65 W, 1965 MHz, 3996 MHz, 46 %, 164813 MiB
2026/08/03 13:08:32.046, 5, P0, 36, 253.71 W, 1965 MHz, 3996 MHz, 15 %, 164813 MiB
2026/08/03 13:08:32.046, 6, P0, 33, 258.60 W, 1965 MHz, 3996 MHz, 48 %, 164813 MiB
2026/08/03 13:08:32.046, 7, P0, 38, 262.61 W, 1965 MHz, 3996 MHz, 59 %, 163853 MiB
2026/08/03 13:08:33.046, 0, P0, 36, 258.73 W, 1965 MHz, 3996 MHz, 60 %, 164621 MiB
2026/08/03 13:08:33.046, 1, P0, 34, 260.31 W, 1965 MHz, 3996 MHz, 59 %, 164813 MiB
2026/08/03 13:08:33.047, 2, P0, 37, 263.42 W, 1965 MHz, 3996 MHz, 82 %, 164813 MiB
2026/08/03 13:08:33.047, 3, P0, 33, 263.59 W, 1965 MHz, 3996 MHz, 76 %, 164813 MiB
2026/08/03 13:08:33.047, 4, P0, 34, 256.16 W, 1965 MHz, 3996 MHz, 61 %, 164813 MiB
2026/08/03 13:08:33.047, 5, P0, 36, 253.09 W, 1965 MHz, 3996 MHz, 6 %, 164813 MiB
2026/08/03 13:08:33.047, 6, P0, 33, 258.64 W, 1965 MHz, 3996 MHz, 36 %, 164813 MiB
2026/08/03 13:08:33.047, 7, P0, 38, 263.79 W, 1965 MHz, 3996 MHz, 45 %, 163853 MiB
2026/08/03 13:08:34.047, 0, P0, 37, 263.95 W, 1965 MHz, 3996 MHz, 43 %, 164621 MiB
2026/08/03 13:08:34.047, 1, P0, 34, 259.44 W, 1965 MHz, 3996 MHz, 56 %, 164813 MiB
2026/08/03 13:08:34.047, 2, P0, 37, 265.17 W, 1965 MHz, 3996 MHz, 73 %, 164813 MiB
2026/08/03 13:08:34.047, 3, P0, 33, 265.39 W, 1965 MHz, 3996 MHz, 71 %, 164813 MiB
2026/08/03 13:08:34.047, 4, P0, 34, 257.27 W, 1965 MHz, 3996 MHz, 53 %, 164813 MiB
2026/08/03 13:08:34.047, 5, P0, 36, 255.73 W, 1965 MHz, 3996 MHz, 7 %, 164813 MiB
2026/08/03 13:08:34.047, 6, P0, 33, 256.68 W, 1965 MHz, 3996 MHz, 61 %, 164813 MiB
2026/08/03 13:08:34.047, 7, P0, 38, 263.00 W, 1965 MHz, 3996 MHz, 25 %, 163853 MiB
2026/08/03 13:08:35.047, 0, P0, 36, 245.93 W, 1965 MHz, 3996 MHz, 0 %, 164621 MiB
2026/08/03 13:08:35.047, 1, P0, 34, 268.30 W, 1965 MHz, 3996 MHz, 100 %, 164813 MiB
2026/08/03 13:08:35.047, 2, P0, 37, 265.05 W, 1965 MHz, 3996 MHz, 100 %, 164813 MiB
2026/08/03 13:08:35.047, 3, P0, 33, 267.49 W, 1965 MHz, 3996 MHz, 100 %, 164813 MiB
2026/08/03 13:08:35.047, 4, P0, 34, 263.33 W, 1965 MHz, 3996 MHz, 100 %, 164813 MiB
2026/08/03 13:08:35.047, 5, P0, 37, 272.04 W, 1965 MHz, 3996 MHz, 100 %, 164813 MiB
2026/08/03 13:08:35.047, 6, P0, 34, 270.52 W, 1965 MHz, 3996 MHz, 100 %, 164813 MiB
2026/08/03 13:08:35.047, 7, P0, 38, 271.09 W, 1965 MHz, 3996 MHz, 100 %, 163853 MiB
2026/08/03 13:08:36.047, 0, P0, 36, 243.75 W, 1965 MHz, 3996 MHz, 0 %, 164621 MiB
2026/08/03 13:08:36.047, 1, P0, 34, 269.55 W, 1965 MHz, 3996 MHz, 100 %, 164813 MiB
2026/08/03 13:08:36.048, 2, P0, 37, 265.27 W, 1965 MHz, 3996 MHz, 100 %, 164813 MiB
2026/08/03 13:08:36.048, 3, P0, 33, 267.77 W, 1965 MHz, 3996 MHz, 100 %, 164813 MiB
2026/08/03 13:08:36.048, 4, P0, 34, 264.92 W, 1965 MHz, 3996 MHz, 100 %, 164813 MiB
2026/08/03 13:08:36.048, 5, P0, 37, 274.06 W, 1965 MHz, 3996 MHz, 100 %, 164813 MiB
2026/08/03 13:08:36.048, 6, P0, 34, 272.59 W, 1965 MHz, 3996 MHz, 100 %, 164813 MiB
2026/08/03 13:08:36.048, 7, P0, 38, 273.04 W, 1965 MHz, 3996 MHz, 100 %, 163853 MiB
2026/08/03 13:08:37.048, 0, P0, 36, 251.19 W, 1965 MHz, 3996 MHz, 48 %, 164621 MiB
2026/08/03 13:08:37.048, 1, P0, 34, 268.00 W, 1965 MHz, 3996 MHz, 24 %, 164813 MiB
2026/08/03 13:08:37.048, 2, P0, 37, 262.18 W, 1965 MHz, 3996 MHz, 0 %, 164813 MiB
2026/08/03 13:08:37.048, 3, P0, 33, 266.50 W, 1965 MHz, 3996 MHz, 59 %, 164813 MiB
2026/08/03 13:08:37.048, 4, P0, 34, 261.62 W, 1965 MHz, 3996 MHz, 64 %, 164813 MiB
2026/08/03 13:08:37.048, 5, P0, 37, 273.33 W, 1965 MHz, 3996 MHz, 52 %, 164813 MiB
2026/08/03 13:08:37.048, 6, P0, 34, 270.22 W, 1965 MHz, 3996 MHz, 98 %, 164813 MiB
2026/08/03 13:08:37.048, 7, P0, 38, 272.66 W, 1965 MHz, 3996 MHz, 100 %, 163853 MiB
2026/08/03 13:08:38.048, 0, P0, 37, 271.89 W, 1965 MHz, 3996 MHz, 100 %, 164621 MiB
2026/08/03 13:08:38.048, 1, P0, 34, 269.69 W, 1965 MHz, 3996 MHz, 100 %, 164813 MiB
2026/08/03 13:08:38.048, 2, P0, 37, 237.36 W, 1965 MHz, 3996 MHz, 0 %, 164813 MiB
2026/08/03 13:08:38.048, 3, P0, 33, 267.62 W, 1965 MHz, 3996 MHz, 100 %, 164813 MiB
2026/08/03 13:08:38.048, 4, P0, 34, 264.92 W, 1965 MHz, 3996 MHz, 100 %, 164813 MiB
2026/08/03 13:08:38.048, 5, P0, 37, 273.94 W, 1965 MHz, 3996 MHz, 100 %, 164813 MiB
2026/08/03 13:08:38.048, 6, P0, 33, 243.32 W, 1965 MHz, 3996 MHz, 0 %, 164813 MiB
2026/08/03 13:08:38.048, 7, P0, 38, 272.61 W, 1965 MHz, 3996 MHz, 100 %, 163853 MiB
2026/08/03 13:08:39.048, 0, P0, 37, 271.97 W, 1965 MHz, 3996 MHz, 100 %, 164621 MiB
2026/08/03 13:08:39.049, 1, P0, 34, 269.80 W, 1965 MHz, 3996 MHz, 100 %, 164813 MiB
2026/08/03 13:08:39.049, 2, P0, 36, 237.32 W, 1965 MHz, 3996 MHz, 0 %, 164813 MiB
2026/08/03 13:08:39.049, 3, P0, 33, 267.60 W, 1965 MHz, 3996 MHz, 100 %, 164813 MiB
2026/08/03 13:08:39.049, 4, P0, 34, 264.89 W, 1965 MHz, 3996 MHz, 100 %, 164813 MiB
2026/08/03 13:08:39.049, 5, P0, 37, 273.91 W, 1965 MHz, 3996 MHz, 100 %, 164813 MiB
2026/08/03 13:08:39.049, 6, P0, 33, 243.25 W, 1965 MHz, 3996 MHz, 0 %, 164813 MiB
2026/08/03 13:08:39.049, 7, P0, 38, 272.59 W, 1965 MHz, 3996 MHz, 100 %, 163853 MiB
2026/08/03 13:08:40.049, 0, P0, 36, 266.51 W, 1965 MHz, 3996 MHz, 35 %, 164621 MiB
2026/08/03 13:08:40.049, 1, P0, 34, 268.07 W, 1965 MHz, 3996 MHz, 56 %, 164813 MiB
2026/08/03 13:08:40.049, 2, P0, 37, 254.92 W, 1965 MHz, 3996 MHz, 82 %, 164813 MiB
2026/08/03 13:08:40.049, 3, P0, 33, 267.21 W, 1965 MHz, 3996 MHz, 77 %, 164813 MiB
2026/08/03 13:08:40.049, 4, P0, 34, 260.40 W, 1965 MHz, 3996 MHz, 59 %, 164813 MiB
2026/08/03 13:08:40.049, 5, P0, 37, 265.09 W, 1965 MHz, 3996 MHz, 12 %, 164813 MiB
2026/08/03 13:08:40.049, 6, P0, 33, 251.57 W, 1965 MHz, 3996 MHz, 21 %, 164813 MiB
2026/08/03 13:08:40.049, 7, P0, 38, 269.99 W, 1965 MHz, 3996 MHz, 64 %, 163853 MiB
2026/08/03 13:08:41.049, 0, P0, 37, 261.51 W, 1965 MHz, 3996 MHz, 13 %, 164621 MiB
2026/08/03 13:08:41.049, 1, P0, 34, 260.17 W, 1965 MHz, 3996 MHz, 48 %, 164813 MiB
2026/08/03 13:08:41.049, 2, P0, 37, 263.64 W, 1965 MHz, 3996 MHz, 72 %, 164813 MiB
2026/08/03 13:08:41.049, 3, P0, 33, 263.63 W, 1965 MHz, 3996 MHz, 74 %, 164813 MiB
2026/08/03 13:08:41.049, 4, P0, 34, 255.63 W, 1965 MHz, 3996 MHz, 43 %, 164813 MiB
2026/08/03 13:08:41.049, 5, P0, 36, 255.49 W, 1965 MHz, 3996 MHz, 27 %, 164813 MiB
2026/08/03 13:08:41.049, 6, P0, 33, 253.18 W, 1965 MHz, 3996 MHz, 14 %, 164813 MiB
2026/08/03 13:08:41.049, 7, P0, 38, 262.38 W, 1965 MHz, 3996 MHz, 48 %, 163853 MiB
2026/08/03 13:08:42.049, 0, P0, 36, 259.36 W, 1965 MHz, 3996 MHz, 27 %, 164621 MiB
2026/08/03 13:08:42.050, 1, P0, 34, 260.57 W, 1965 MHz, 3996 MHz, 44 %, 164813 MiB
2026/08/03 13:08:42.050, 2, P0, 37, 260.95 W, 1965 MHz, 3996 MHz, 71 %, 164813 MiB
2026/08/03 13:08:42.050, 3, P0, 33, 263.34 W, 1965 MHz, 3996 MHz, 68 %, 164813 MiB
2026/08/03 13:08:42.050, 4, P0, 34, 255.34 W, 1965 MHz, 3996 MHz, 35 %, 164813 MiB
2026/08/03 13:08:42.050, 5, P0, 36, 254.90 W, 1965 MHz, 3996 MHz, 7 %, 164813 MiB
2026/08/03 13:08:42.050, 6, P0, 33, 255.59 W, 1965 MHz, 3996 MHz, 19 %, 164813 MiB
2026/08/03 13:08:42.050, 7, P0, 38, 262.47 W, 1965 MHz, 3996 MHz, 46 %, 163853 MiB
2026/08/03 13:08:43.050, 0, P0, 37, 263.40 W, 1965 MHz, 3996 MHz, 43 %, 164621 MiB
2026/08/03 13:08:43.051, 1, P0, 34, 261.01 W, 1965 MHz, 3996 MHz, 45 %, 164813 MiB
2026/08/03 13:08:43.052, 2, P0, 37, 263.64 W, 1965 MHz, 3996 MHz, 81 %, 164813 MiB
2026/08/03 13:08:43.052, 3, P0, 33, 265.31 W, 1965 MHz, 3996 MHz, 72 %, 164813 MiB
2026/08/03 13:08:43.053, 4, P0, 34, 257.95 W, 1965 MHz, 3996 MHz, 53 %, 164813 MiB
2026/08/03 13:08:43.054, 5, P0, 36, 254.90 W, 1965 MHz, 3996 MHz, 27 %, 164813 MiB
2026/08/03 13:08:43.055, 6, P0, 33, 256.39 W, 1965 MHz, 3996 MHz, 6 %, 164813 MiB
2026/08/03 13:08:43.056, 7, P0, 38, 264.19 W, 1965 MHz, 3996 MHz, 45 %, 163853 MiB
2026/08/03 13:08:44.056, 0, P0, 36, 262.05 W, 1965 MHz, 3996 MHz, 40 %, 164621 MiB
2026/08/03 13:08:44.056, 1, P0, 34, 260.70 W, 1965 MHz, 3996 MHz, 55 %, 164813 MiB
2026/08/03 13:08:44.056, 2, P0, 37, 263.41 W, 1965 MHz, 3996 MHz, 74 %, 164813 MiB
2026/08/03 13:08:44.056, 3, P0, 33, 264.27 W, 1965 MHz, 3996 MHz, 78 %, 164813 MiB
2026/08/03 13:08:44.056, 4, P0, 34, 255.33 W, 1965 MHz, 3996 MHz, 41 %, 164813 MiB
2026/08/03 13:08:44.056, 5, P0, 36, 259.03 W, 1965 MHz, 3996 MHz, 38 %, 164813 MiB
2026/08/03 13:08:44.056, 6, P0, 33, 252.23 W, 1965 MHz, 3996 MHz, 7 %, 164813 MiB
2026/08/03 13:08:44.056, 7, P0, 38, 262.49 W, 1965 MHz, 3996 MHz, 47 %, 163853 MiB
2026/08/03 13:08:45.056, 0, P0, 36, 261.30 W, 1965 MHz, 3996 MHz, 47 %, 164621 MiB
2026/08/03 13:08:45.057, 1, P0, 34, 259.50 W, 1965 MHz, 3996 MHz, 52 %, 164813 MiB
2026/08/03 13:08:45.057, 2, P0, 37, 262.69 W, 1965 MHz, 3996 MHz, 75 %, 164813 MiB
2026/08/03 13:08:45.057, 3, P0, 33, 264.03 W, 1965 MHz, 3996 MHz, 77 %, 164813 MiB
2026/08/03 13:08:45.057, 4, P0, 34, 255.57 W, 1965 MHz, 3996 MHz, 39 %, 164813 MiB
2026/08/03 13:08:45.057, 5, P0, 36, 253.45 W, 1965 MHz, 3996 MHz, 7 %, 164813 MiB
2026/08/03 13:08:45.057, 6, P0, 33, 253.77 W, 1965 MHz, 3996 MHz, 19 %, 164813 MiB
2026/08/03 13:08:45.057, 7, P0, 38, 262.33 W, 1965 MHz, 3996 MHz, 40 %, 163853 MiB
2026/08/03 13:08:46.057, 0, P0, 37, 263.12 W, 1965 MHz, 3996 MHz, 84 %, 164621 MiB
2026/08/03 13:08:46.057, 1, P0, 34, 259.97 W, 1965 MHz, 3996 MHz, 12 %, 164813 MiB
2026/08/03 13:08:46.057, 2, P0, 37, 263.74 W, 1965 MHz, 3996 MHz, 71 %, 164813 MiB
2026/08/03 13:08:46.057, 3, P0, 33, 266.19 W, 1965 MHz, 3996 MHz, 83 %, 164813 MiB
2026/08/03 13:08:46.057, 4, P0, 34, 258.04 W, 1965 MHz, 3996 MHz, 79 %, 164813 MiB
2026/08/03 13:08:46.057, 5, P0, 36, 257.88 W, 1965 MHz, 3996 MHz, 88 %, 164813 MiB
2026/08/03 13:08:46.057, 6, P0, 33, 257.72 W, 1965 MHz, 3996 MHz, 28 %, 164813 MiB
2026/08/03 13:08:46.057, 7, P0, 38, 266.12 W, 1965 MHz, 3996 MHz, 57 %, 163853 MiB
2026/08/03 13:08:47.057, 0, P0, 36, 261.26 W, 1965 MHz, 3996 MHz, 36 %, 164621 MiB
2026/08/03 13:08:47.057, 1, P0, 34, 260.56 W, 1965 MHz, 3996 MHz, 50 %, 164813 MiB
2026/08/03 13:08:47.057, 2, P0, 37, 263.28 W, 1965 MHz, 3996 MHz, 83 %, 164813 MiB
2026/08/03 13:08:47.057, 3, P0, 33, 264.00 W, 1965 MHz, 3996 MHz, 74 %, 164813 MiB
2026/08/03 13:08:47.057, 4, P0, 34, 255.65 W, 1965 MHz, 3996 MHz, 29 %, 164813 MiB
2026/08/03 13:08:47.057, 5, P0, 36, 256.57 W, 1965 MHz, 3996 MHz, 20 %, 164813 MiB
2026/08/03 13:08:47.057, 6, P0, 33, 254.78 W, 1965 MHz, 3996 MHz, 24 %, 164813 MiB
2026/08/03 13:08:47.057, 7, P0, 38, 262.60 W, 1965 MHz, 3996 MHz, 45 %, 163853 MiB
2026/08/03 13:08:48.057, 0, P0, 36, 261.93 W, 1965 MHz, 3996 MHz, 53 %, 164621 MiB
2026/08/03 13:08:48.057, 1, P0, 34, 260.35 W, 1965 MHz, 3996 MHz, 40 %, 164813 MiB
2026/08/03 13:08:48.057, 2, P0, 37, 262.90 W, 1965 MHz, 3996 MHz, 84 %, 164813 MiB
2026/08/03 13:08:48.057, 3, P0, 33, 264.82 W, 1965 MHz, 3996 MHz, 80 %, 164813 MiB
2026/08/03 13:08:48.057, 4, P0, 34, 255.23 W, 1965 MHz, 3996 MHz, 48 %, 164813 MiB
2026/08/03 13:08:48.057, 5, P0, 36, 254.46 W, 1965 MHz, 3996 MHz, 11 %, 164813 MiB
2026/08/03 13:08:48.057, 6, P0, 33, 256.07 W, 1965 MHz, 3996 MHz, 47 %, 164813 MiB
2026/08/03 13:08:48.057, 7, P0, 38, 263.47 W, 1965 MHz, 3996 MHz, 68 %, 163853 MiB
2026/08/03 13:08:49.058, 0, P0, 36, 261.95 W, 1965 MHz, 3996 MHz, 52 %, 164621 MiB
2026/08/03 13:08:49.058, 1, P0, 34, 260.05 W, 1965 MHz, 3996 MHz, 64 %, 164813 MiB
2026/08/03 13:08:49.058, 2, P0, 37, 263.01 W, 1965 MHz, 3996 MHz, 69 %, 164813 MiB
2026/08/03 13:08:49.058, 3, P0, 33, 263.65 W, 1965 MHz, 3996 MHz, 72 %, 164813 MiB
2026/08/03 13:08:49.058, 4, P0, 34, 254.88 W, 1965 MHz, 3996 MHz, 61 %, 164813 MiB
2026/08/03 13:08:49.058, 5, P0, 36, 254.21 W, 1965 MHz, 3996 MHz, 17 %, 164813 MiB
2026/08/03 13:08:49.058, 6, P0, 33, 255.49 W, 1965 MHz, 3996 MHz, 22 %, 164813 MiB
2026/08/03 13:08:49.058, 7, P0, 38, 264.07 W, 1965 MHz, 3996 MHz, 46 %, 163853 MiB
2026/08/03 13:08:50.058, 0, P0, 36, 260.23 W, 1965 MHz, 3996 MHz, 55 %, 164621 MiB
2026/08/03 13:08:50.058, 1, P0, 34, 258.91 W, 1965 MHz, 3996 MHz, 48 %, 164813 MiB
2026/08/03 13:08:50.058, 2, P0, 37, 263.27 W, 1965 MHz, 3996 MHz, 80 %, 164813 MiB
2026/08/03 13:08:50.058, 3, P0, 33, 263.76 W, 1965 MHz, 3996 MHz, 66 %, 164813 MiB
2026/08/03 13:08:50.058, 4, P0, 34, 256.33 W, 1965 MHz, 3996 MHz, 42 %, 164813 MiB
2026/08/03 13:08:50.058, 5, P0, 36, 256.53 W, 1965 MHz, 3996 MHz, 48 %, 164813 MiB
2026/08/03 13:08:50.058, 6, P0, 33, 255.19 W, 1965 MHz, 3996 MHz, 58 %, 164813 MiB
2026/08/03 13:08:50.058, 7, P0, 38, 261.46 W, 1965 MHz, 3996 MHz, 16 %, 163853 MiB
2026/08/03 13:08:51.058, 0, P0, 36, 261.78 W, 1965 MHz, 3996 MHz, 72 %, 164621 MiB
2026/08/03 13:08:51.058, 1, P0, 34, 261.90 W, 1965 MHz, 3996 MHz, 59 %, 164813 MiB
2026/08/03 13:08:51.058, 2, P0, 37, 263.00 W, 1965 MHz, 3996 MHz, 86 %, 164813 MiB
2026/08/03 13:08:51.058, 3, P0, 33, 263.59 W, 1965 MHz, 3996 MHz, 28 %, 164813 MiB
2026/08/03 13:08:51.058, 4, P0, 34, 255.31 W, 1965 MHz, 3996 MHz, 47 %, 164813 MiB
2026/08/03 13:08:51.058, 5, P0, 36, 254.10 W, 1965 MHz, 3996 MHz, 21 %, 164813 MiB
2026/08/03 13:08:51.058, 6, P0, 33, 255.29 W, 1965 MHz, 3996 MHz, 25 %, 164813 MiB
2026/08/03 13:08:51.058, 7, P0, 38, 261.77 W, 1965 MHz, 3996 MHz, 49 %, 163853 MiB
2026/08/03 13:08:52.058, 0, P0, 37, 295.29 W, 1965 MHz, 3996 MHz, 62 %, 164621 MiB
2026/08/03 13:08:52.058, 1, P0, 34, 292.00 W, 1965 MHz, 3996 MHz, 67 %, 164813 MiB
2026/08/03 13:08:52.058, 2, P0, 37, 305.37 W, 1965 MHz, 3996 MHz, 82 %, 164813 MiB
2026/08/03 13:08:52.058, 3, P0, 34, 283.29 W, 1965 MHz, 3996 MHz, 79 %, 164813 MiB
2026/08/03 13:08:52.058, 4, P0, 34, 288.89 W, 1965 MHz, 3996 MHz, 61 %, 164813 MiB
2026/08/03 13:08:52.058, 5, P0, 37, 283.62 W, 1965 MHz, 3996 MHz, 7 %, 164813 MiB
2026/08/03 13:08:52.058, 6, P0, 33, 272.90 W, 1965 MHz, 3996 MHz, 37 %, 164813 MiB
2026/08/03 13:08:52.059, 7, P0, 38, 294.86 W, 1965 MHz, 3996 MHz, 56 %, 163853 MiB
2026/08/03 13:08:53.059, 0, P0, 37, 272.28 W, 1965 MHz, 3996 MHz, 47 %, 164621 MiB
2026/08/03 13:08:53.059, 1, P0, 34, 279.12 W, 1965 MHz, 3996 MHz, 49 %, 164813 MiB
2026/08/03 13:08:53.059, 2, P0, 37, 284.66 W, 1965 MHz, 3996 MHz, 83 %, 164813 MiB
2026/08/03 13:08:53.059, 3, P0, 34, 283.55 W, 1965 MHz, 3996 MHz, 73 %, 164813 MiB
2026/08/03 13:08:53.059, 4, P0, 34, 272.94 W, 1965 MHz, 3996 MHz, 56 %, 164813 MiB
2026/08/03 13:08:53.059, 5, P0, 36, 255.88 W, 1965 MHz, 3996 MHz, 15 %, 164813 MiB
2026/08/03 13:08:53.059, 6, P0, 33, 264.93 W, 1965 MHz, 3996 MHz, 13 %, 164813 MiB
2026/08/03 13:08:53.059, 7, P0, 38, 275.08 W, 1965 MHz, 3996 MHz, 43 %, 163853 MiB
2026/08/03 13:08:54.059, 0, P0, 37, 281.30 W, 1965 MHz, 3996 MHz, 71 %, 164621 MiB
2026/08/03 13:08:54.059, 1, P0, 34, 300.83 W, 1965 MHz, 3996 MHz, 67 %, 164813 MiB
2026/08/03 13:08:54.059, 2, P0, 38, 312.46 W, 1965 MHz, 3996 MHz, 77 %, 164813 MiB
2026/08/03 13:08:54.059, 3, P0, 34, 312.56 W, 1965 MHz, 3996 MHz, 78 %, 164813 MiB
2026/08/03 13:08:54.059, 4, P0, 35, 297.36 W, 1965 MHz, 3996 MHz, 66 %, 164813 MiB
2026/08/03 13:08:54.059, 5, P0, 36, 269.10 W, 1965 MHz, 3996 MHz, 7 %, 164813 MiB
2026/08/03 13:08:54.059, 6, P0, 34, 279.75 W, 1965 MHz, 3996 MHz, 24 %, 164813 MiB
2026/08/03 13:08:54.059, 7, P0, 38, 286.09 W, 1965 MHz, 3996 MHz, 46 %, 163853 MiB
2026/08/03 13:08:55.059, 0, P0, 37, 275.14 W, 1965 MHz, 3996 MHz, 26 %, 164621 MiB
2026/08/03 13:08:55.059, 1, P0, 34, 278.33 W, 1965 MHz, 3996 MHz, 67 %, 164813 MiB
2026/08/03 13:08:55.059, 2, P0, 37, 285.71 W, 1965 MHz, 3996 MHz, 79 %, 164813 MiB
2026/08/03 13:08:55.059, 3, P0, 34, 283.38 W, 1965 MHz, 3996 MHz, 82 %, 164813 MiB
2026/08/03 13:08:55.059, 4, P0, 34, 276.59 W, 1965 MHz, 3996 MHz, 69 %, 164813 MiB
2026/08/03 13:08:55.059, 5, P0, 36, 262.09 W, 1965 MHz, 3996 MHz, 6 %, 164813 MiB
2026/08/03 13:08:55.059, 6, P0, 34, 261.50 W, 1965 MHz, 3996 MHz, 42 %, 164813 MiB
2026/08/03 13:08:55.059, 7, P0, 38, 279.24 W, 1965 MHz, 3996 MHz, 59 %, 163853 MiB
2026/08/03 13:08:56.059, 0, P0, 37, 277.89 W, 1965 MHz, 3996 MHz, 7 %, 164621 MiB
2026/08/03 13:08:56.060, 1, P0, 34, 282.10 W, 1965 MHz, 3996 MHz, 36 %, 164813 MiB
2026/08/03 13:08:56.060, 2, P0, 38, 305.22 W, 1965 MHz, 3996 MHz, 81 %, 164813 MiB
2026/08/03 13:08:56.060, 3, P0, 34, 303.21 W, 1965 MHz, 3996 MHz, 74 %, 164813 MiB
2026/08/03 13:08:56.060, 4, P0, 35, 288.38 W, 1965 MHz, 3996 MHz, 50 %, 164813 MiB
2026/08/03 13:08:56.060, 5, P0, 37, 278.55 W, 1965 MHz, 3996 MHz, 16 %, 164813 MiB
2026/08/03 13:08:56.060, 6, P0, 34, 272.09 W, 1965 MHz, 3996 MHz, 39 %, 164813 MiB
2026/08/03 13:08:56.060, 7, P0, 38, 290.59 W, 1965 MHz, 3996 MHz, 42 %, 163853 MiB
2026/08/03 13:08:57.060, 0, P0, 37, 274.51 W, 1965 MHz, 3996 MHz, 36 %, 164621 MiB
2026/08/03 13:08:57.060, 1, P0, 34, 280.00 W, 1965 MHz, 3996 MHz, 48 %, 164813 MiB
2026/08/03 13:08:57.060, 2, P0, 37, 284.36 W, 1965 MHz, 3996 MHz, 85 %, 164813 MiB
2026/08/03 13:08:57.060, 3, P0, 34, 287.24 W, 1965 MHz, 3996 MHz, 79 %, 164813 MiB
2026/08/03 13:08:57.060, 4, P0, 34, 277.14 W, 1965 MHz, 3996 MHz, 60 %, 164813 MiB
2026/08/03 13:08:57.060, 5, P0, 36, 260.47 W, 1965 MHz, 3996 MHz, 10 %, 164813 MiB
2026/08/03 13:08:57.060, 6, P0, 34, 264.24 W, 1965 MHz, 3996 MHz, 25 %, 164813 MiB
2026/08/03 13:08:57.060, 7, P0, 38, 278.86 W, 1965 MHz, 3996 MHz, 54 %, 163853 MiB
2026/08/03 13:08:58.060, 0, P0, 37, 286.02 W, 1965 MHz, 3996 MHz, 61 %, 164621 MiB
2026/08/03 13:08:58.060, 1, P0, 35, 296.57 W, 1965 MHz, 3996 MHz, 60 %, 164813 MiB
2026/08/03 13:08:58.060, 2, P0, 39, 297.08 W, 1965 MHz, 3996 MHz, 84 %, 164813 MiB
2026/08/03 13:08:58.060, 3, P0, 37, 308.11 W, 1965 MHz, 3996 MHz, 77 %, 164813 MiB
2026/08/03 13:08:58.060, 4, P0, 35, 294.11 W, 1965 MHz, 3996 MHz, 59 %, 164813 MiB
2026/08/03 13:08:58.060, 5, P0, 37, 271.98 W, 1965 MHz, 3996 MHz, 35 %, 164813 MiB
2026/08/03 13:08:58.060, 6, P0, 34, 270.24 W, 1965 MHz, 3996 MHz, 12 %, 164813 MiB
2026/08/03 13:08:58.060, 7, P0, 39, 301.54 W, 1965 MHz, 3996 MHz, 67 %, 163853 MiB
2026/08/03 13:08:59.060, 0, P0, 37, 272.59 W, 1965 MHz, 3996 MHz, 45 %, 164621 MiB
2026/08/03 13:08:59.060, 1, P0, 34, 271.92 W, 1965 MHz, 3996 MHz, 63 %, 164813 MiB
2026/08/03 13:08:59.060, 2, P0, 38, 282.94 W, 1965 MHz, 3996 MHz, 85 %, 164813 MiB
2026/08/03 13:08:59.060, 3, P0, 34, 283.92 W, 1965 MHz, 3996 MHz, 84 %, 164813 MiB
2026/08/03 13:08:59.060, 4, P0, 35, 270.93 W, 1965 MHz, 3996 MHz, 54 %, 164813 MiB
2026/08/03 13:08:59.060, 5, P0, 37, 261.19 W, 1965 MHz, 3996 MHz, 17 %, 164813 MiB
2026/08/03 13:08:59.060, 6, P0, 33, 261.04 W, 1965 MHz, 3996 MHz, 28 %, 164813 MiB
2026/08/03 13:08:59.060, 7, P0, 38, 278.50 W, 1965 MHz, 3996 MHz, 65 %, 163853 MiB
2026/08/03 13:09:00.061, 0, P0, 37, 273.60 W, 1965 MHz, 3996 MHz, 75 %, 164621 MiB
2026/08/03 13:09:00.061, 1, P0, 34, 278.35 W, 1965 MHz, 3996 MHz, 62 %, 164813 MiB
2026/08/03 13:09:00.061, 2, P0, 37, 285.30 W, 1965 MHz, 3996 MHz, 74 %, 164813 MiB
2026/08/03 13:09:00.061, 3, P0, 34, 287.01 W, 1965 MHz, 3996 MHz, 80 %, 164813 MiB
2026/08/03 13:09:00.061, 4, P0, 34, 273.59 W, 1965 MHz, 3996 MHz, 78 %, 164813 MiB
2026/08/03 13:09:00.061, 5, P0, 36, 257.19 W, 1965 MHz, 3996 MHz, 9 %, 164813 MiB
2026/08/03 13:09:00.061, 6, P0, 34, 263.18 W, 1965 MHz, 3996 MHz, 29 %, 164813 MiB
2026/08/03 13:09:00.061, 7, P0, 38, 279.05 W, 1965 MHz, 3996 MHz, 65 %, 163853 MiB
2026/08/03 13:09:01.061, 0, P0, 37, 268.15 W, 1965 MHz, 3996 MHz, 46 %, 164621 MiB
2026/08/03 13:09:01.061, 1, P0, 34, 272.26 W, 1965 MHz, 3996 MHz, 51 %, 164813 MiB
2026/08/03 13:09:01.061, 2, P0, 37, 282.49 W, 1965 MHz, 3996 MHz, 80 %, 164813 MiB
2026/08/03 13:09:01.061, 3, P0, 34, 280.98 W, 1965 MHz, 3996 MHz, 68 %, 164813 MiB
2026/08/03 13:09:01.061, 4, P0, 34, 267.28 W, 1965 MHz, 3996 MHz, 61 %, 164813 MiB
2026/08/03 13:09:01.061, 5, P0, 36, 256.06 W, 1965 MHz, 3996 MHz, 10 %, 164813 MiB
2026/08/03 13:09:01.061, 6, P0, 34, 265.36 W, 1965 MHz, 3996 MHz, 45 %, 164813 MiB
2026/08/03 13:09:01.061, 7, P0, 38, 276.79 W, 1965 MHz, 3996 MHz, 39 %, 163853 MiB
2026/08/03 13:09:02.061, 0, P0, 37, 265.74 W, 1965 MHz, 3996 MHz, 54 %, 164621 MiB
2026/08/03 13:09:02.061, 1, P0, 34, 270.24 W, 1965 MHz, 3996 MHz, 39 %, 164813 MiB
2026/08/03 13:09:02.061, 2, P0, 37, 282.43 W, 1965 MHz, 3996 MHz, 81 %, 164813 MiB
2026/08/03 13:09:02.061, 3, P0, 34, 285.00 W, 1965 MHz, 3996 MHz, 79 %, 164813 MiB
2026/08/03 13:09:02.061, 4, P0, 34, 270.04 W, 1965 MHz, 3996 MHz, 41 %, 164813 MiB
2026/08/03 13:09:02.061, 5, P0, 36, 258.47 W, 1965 MHz, 3996 MHz, 24 %, 164813 MiB
2026/08/03 13:09:02.061, 6, P0, 33, 262.93 W, 1965 MHz, 3996 MHz, 34 %, 164813 MiB
2026/08/03 13:09:02.061, 7, P0, 38, 276.87 W, 1965 MHz, 3996 MHz, 60 %, 163853 MiB
2026/08/03 13:09:03.061, 0, P0, 37, 267.71 W, 1965 MHz, 3996 MHz, 60 %, 164621 MiB
2026/08/03 13:09:03.061, 1, P0, 34, 270.39 W, 1965 MHz, 3996 MHz, 53 %, 164813 MiB
2026/08/03 13:09:03.061, 2, P0, 37, 284.00 W, 1965 MHz, 3996 MHz, 89 %, 164813 MiB
2026/08/03 13:09:03.061, 3, P0, 34, 282.34 W, 1965 MHz, 3996 MHz, 83 %, 164813 MiB
2026/08/03 13:09:03.061, 4, P0, 34, 271.44 W, 1965 MHz, 3996 MHz, 65 %, 164813 MiB
2026/08/03 13:09:03.061, 5, P0, 36, 263.62 W, 1965 MHz, 3996 MHz, 16 %, 164813 MiB
2026/08/03 13:09:03.061, 6, P0, 33, 265.29 W, 1965 MHz, 3996 MHz, 17 %, 164813 MiB
2026/08/03 13:09:03.061, 7, P0, 38, 273.47 W, 1965 MHz, 3996 MHz, 65 %, 163853 MiB
2026/08/03 13:09:04.062, 0, P0, 37, 273.70 W, 1965 MHz, 3996 MHz, 76 %, 164621 MiB
2026/08/03 13:09:04.062, 1, P0, 34, 276.16 W, 1965 MHz, 3996 MHz, 59 %, 164813 MiB
2026/08/03 13:09:04.062, 2, P0, 37, 284.82 W, 1965 MHz, 3996 MHz, 92 %, 164813 MiB
2026/08/03 13:09:04.062, 3, P0, 34, 285.56 W, 1965 MHz, 3996 MHz, 75 %, 164813 MiB
2026/08/03 13:09:04.062, 4, P0, 34, 268.55 W, 1965 MHz, 3996 MHz, 27 %, 164813 MiB
2026/08/03 13:09:04.062, 5, P0, 37, 262.01 W, 1965 MHz, 3996 MHz, 63 %, 164813 MiB
2026/08/03 13:09:04.062, 6, P0, 34, 261.73 W, 1965 MHz, 3996 MHz, 72 %, 164813 MiB
2026/08/03 13:09:04.062, 7, P0, 38, 279.44 W, 1965 MHz, 3996 MHz, 84 %, 163853 MiB
2026/08/03 13:09:05.062, 0, P0, 37, 266.56 W, 1965 MHz, 3996 MHz, 42 %, 164621 MiB
2026/08/03 13:09:05.062, 1, P0, 34, 272.11 W, 1965 MHz, 3996 MHz, 48 %, 164813 MiB
2026/08/03 13:09:05.062, 2, P0, 37, 283.75 W, 1965 MHz, 3996 MHz, 74 %, 164813 MiB
2026/08/03 13:09:05.062, 3, P0, 34, 282.75 W, 1965 MHz, 3996 MHz, 70 %, 164813 MiB
2026/08/03 13:09:05.062, 4, P0, 34, 270.47 W, 1965 MHz, 3996 MHz, 32 %, 164813 MiB
2026/08/03 13:09:05.062, 5, P0, 36, 259.57 W, 1965 MHz, 3996 MHz, 15 %, 164813 MiB
2026/08/03 13:09:05.062, 6, P0, 33, 262.51 W, 1965 MHz, 3996 MHz, 15 %, 164813 MiB
2026/08/03 13:09:05.062, 7, P0, 38, 276.99 W, 1965 MHz, 3996 MHz, 46 %, 163853 MiB
2026/08/03 13:09:06.062, 0, P0, 37, 273.67 W, 1965 MHz, 3996 MHz, 44 %, 164621 MiB
2026/08/03 13:09:06.062, 1, P0, 34, 275.27 W, 1965 MHz, 3996 MHz, 46 %, 164813 MiB
2026/08/03 13:09:06.062, 2, P0, 37, 284.71 W, 1965 MHz, 3996 MHz, 94 %, 164813 MiB
2026/08/03 13:09:06.062, 3, P0, 34, 283.04 W, 1965 MHz, 3996 MHz, 75 %, 164813 MiB
2026/08/03 13:09:06.062, 4, P0, 34, 270.13 W, 1965 MHz, 3996 MHz, 58 %, 164813 MiB
2026/08/03 13:09:06.062, 5, P0, 36, 259.20 W, 1965 MHz, 3996 MHz, 21 %, 164813 MiB
2026/08/03 13:09:06.062, 6, P0, 33, 258.30 W, 1965 MHz, 3996 MHz, 30 %, 164813 MiB
2026/08/03 13:09:06.062, 7, P0, 38, 274.42 W, 1965 MHz, 3996 MHz, 38 %, 163853 MiB
2026/08/03 13:09:07.062, 0, P0, 37, 287.69 W, 1965 MHz, 3996 MHz, 29 %, 164621 MiB
2026/08/03 13:09:07.062, 1, P0, 34, 301.48 W, 1965 MHz, 3996 MHz, 48 %, 164813 MiB
2026/08/03 13:09:07.062, 2, P0, 38, 308.43 W, 1965 MHz, 3996 MHz, 84 %, 164813 MiB
2026/08/03 13:09:07.062, 3, P0, 34, 302.50 W, 1965 MHz, 3996 MHz, 36 %, 164813 MiB
2026/08/03 13:09:07.062, 4, P0, 35, 282.03 W, 1965 MHz, 3996 MHz, 46 %, 164813 MiB
2026/08/03 13:09:07.062, 5, P0, 37, 278.11 W, 1965 MHz, 3996 MHz, 11 %, 164813 MiB
2026/08/03 13:09:07.062, 6, P0, 33, 264.71 W, 1965 MHz, 3996 MHz, 9 %, 164813 MiB
2026/08/03 13:09:07.062, 7, P0, 38, 301.13 W, 1965 MHz, 3996 MHz, 52 %, 163853 MiB
2026/08/03 13:09:08.063, 0, P0, 37, 277.73 W, 1965 MHz, 3996 MHz, 61 %, 164621 MiB
2026/08/03 13:09:08.063, 1, P0, 34, 281.05 W, 1965 MHz, 3996 MHz, 63 %, 164813 MiB
2026/08/03 13:09:08.063, 2, P0, 38, 285.65 W, 1965 MHz, 3996 MHz, 81 %, 164813 MiB
2026/08/03 13:09:08.063, 3, P0, 34, 283.96 W, 1965 MHz, 3996 MHz, 86 %, 164813 MiB
2026/08/03 13:09:08.063, 4, P0, 34, 274.46 W, 1965 MHz, 3996 MHz, 58 %, 164813 MiB
2026/08/03 13:09:08.063, 5, P0, 36, 262.35 W, 1965 MHz, 3996 MHz, 7 %, 164813 MiB
2026/08/03 13:09:08.063, 6, P0, 34, 266.61 W, 1965 MHz, 3996 MHz, 14 %, 164813 MiB
2026/08/03 13:09:08.063, 7, P0, 38, 281.48 W, 1965 MHz, 3996 MHz, 49 %, 163853 MiB
2026/08/03 13:09:09.063, 0, P0, 37, 309.47 W, 1965 MHz, 3996 MHz, 53 %, 164621 MiB
2026/08/03 13:09:09.063, 1, P0, 35, 306.17 W, 1965 MHz, 3996 MHz, 69 %, 164813 MiB
2026/08/03 13:09:09.063, 2, P0, 38, 315.09 W, 1965 MHz, 3996 MHz, 86 %, 164813 MiB
2026/08/03 13:09:09.063, 3, P0, 34, 310.52 W, 1965 MHz, 3996 MHz, 78 %, 164813 MiB
2026/08/03 13:09:09.063, 4, P0, 35, 302.17 W, 1965 MHz, 3996 MHz, 34 %, 164813 MiB
2026/08/03 13:09:09.063, 5, P0, 36, 258.83 W, 1965 MHz, 3996 MHz, 12 %, 164813 MiB
2026/08/03 13:09:09.063, 6, P0, 34, 292.03 W, 1965 MHz, 3996 MHz, 40 %, 164813 MiB
2026/08/03 13:09:09.063, 7, P0, 39, 305.04 W, 1965 MHz, 3996 MHz, 43 %, 163853 MiB
2026/08/03 13:09:10.063, 0, P0, 37, 276.82 W, 1965 MHz, 3996 MHz, 56 %, 164621 MiB
2026/08/03 13:09:10.063, 1, P0, 34, 274.98 W, 1965 MHz, 3996 MHz, 37 %, 164813 MiB
2026/08/03 13:09:10.063, 2, P0, 38, 285.70 W, 1965 MHz, 3996 MHz, 72 %, 164813 MiB
2026/08/03 13:09:10.063, 3, P0, 34, 279.89 W, 1965 MHz, 3996 MHz, 42 %, 164813 MiB
2026/08/03 13:09:10.063, 4, P0, 34, 268.31 W, 1965 MHz, 3996 MHz, 53 %, 164813 MiB
2026/08/03 13:09:10.063, 5, P0, 36, 262.21 W, 1965 MHz, 3996 MHz, 15 %, 164813 MiB
2026/08/03 13:09:10.064, 6, P0, 34, 261.39 W, 1965 MHz, 3996 MHz, 29 %, 164813 MiB
2026/08/03 13:09:10.064, 7, P0, 38, 272.47 W, 1965 MHz, 3996 MHz, 45 %, 163853 MiB
2026/08/03 13:09:11.064, 0, P0, 37, 270.00 W, 1965 MHz, 3996 MHz, 10 %, 164621 MiB
2026/08/03 13:09:11.064, 1, P0, 34, 270.35 W, 1965 MHz, 3996 MHz, 36 %, 164813 MiB
2026/08/03 13:09:11.064, 2, P0, 37, 283.16 W, 1965 MHz, 3996 MHz, 77 %, 164813 MiB
2026/08/03 13:09:11.064, 3, P0, 34, 278.15 W, 1965 MHz, 3996 MHz, 73 %, 164813 MiB
2026/08/03 13:09:11.064, 4, P0, 34, 261.60 W, 1965 MHz, 3996 MHz, 33 %, 164813 MiB
2026/08/03 13:09:11.065, 5, P0, 37, 265.67 W, 1965 MHz, 3996 MHz, 23 %, 164813 MiB
2026/08/03 13:09:11.065, 6, P0, 34, 262.07 W, 1965 MHz, 3996 MHz, 17 %, 164813 MiB
2026/08/03 13:09:11.065, 7, P0, 38, 269.98 W, 1965 MHz, 3996 MHz, 49 %, 163853 MiB
2026/08/03 13:09:12.065, 0, P0, 37, 271.11 W, 1965 MHz, 3996 MHz, 38 %, 164621 MiB
2026/08/03 13:09:12.065, 1, P0, 34, 269.18 W, 1965 MHz, 3996 MHz, 43 %, 164813 MiB
2026/08/03 13:09:12.065, 2, P0, 38, 283.92 W, 1965 MHz, 3996 MHz, 86 %, 164813 MiB
2026/08/03 13:09:12.065, 3, P0, 34, 282.92 W, 1965 MHz, 3996 MHz, 66 %, 164813 MiB
2026/08/03 13:09:12.065, 4, P0, 34, 267.34 W, 1965 MHz, 3996 MHz, 45 %, 164813 MiB
2026/08/03 13:09:12.065, 5, P0, 36, 261.46 W, 1965 MHz, 3996 MHz, 15 %, 164813 MiB
2026/08/03 13:09:12.065, 6, P0, 34, 264.00 W, 1965 MHz, 3996 MHz, 15 %, 164813 MiB
2026/08/03 13:09:12.065, 7, P0, 38, 272.16 W, 1965 MHz, 3996 MHz, 46 %, 163853 MiB
2026/08/03 13:09:13.065, 0, P0, 37, 266.83 W, 1965 MHz, 3996 MHz, 14 %, 164621 MiB
2026/08/03 13:09:13.065, 1, P0, 34, 271.73 W, 1965 MHz, 3996 MHz, 29 %, 164813 MiB
2026/08/03 13:09:13.065, 2, P0, 38, 284.79 W, 1965 MHz, 3996 MHz, 70 %, 164813 MiB
2026/08/03 13:09:13.065, 3, P0, 34, 278.72 W, 1965 MHz, 3996 MHz, 59 %, 164813 MiB
2026/08/03 13:09:13.065, 4, P0, 34, 266.50 W, 1965 MHz, 3996 MHz, 35 %, 164813 MiB
2026/08/03 13:09:13.065, 5, P0, 36, 264.58 W, 1965 MHz, 3996 MHz, 20 %, 164813 MiB
2026/08/03 13:09:13.065, 6, P0, 33, 261.95 W, 1965 MHz, 3996 MHz, 15 %, 164813 MiB
2026/08/03 13:09:13.065, 7, P0, 38, 270.53 W, 1965 MHz, 3996 MHz, 42 %, 163853 MiB
2026/08/03 13:09:14.066, 0, P0, 37, 273.90 W, 1965 MHz, 3996 MHz, 33 %, 164621 MiB
2026/08/03 13:09:14.066, 1, P0, 34, 270.85 W, 1965 MHz, 3996 MHz, 30 %, 164813 MiB
2026/08/03 13:09:14.066, 2, P0, 37, 280.64 W, 1965 MHz, 3996 MHz, 84 %, 164813 MiB
2026/08/03 13:09:14.066, 3, P0, 34, 281.67 W, 1965 MHz, 3996 MHz, 74 %, 164813 MiB
2026/08/03 13:09:14.066, 4, P0, 34, 271.06 W, 1965 MHz, 3996 MHz, 55 %, 164813 MiB
2026/08/03 13:09:14.066, 5, P0, 37, 266.46 W, 1965 MHz, 3996 MHz, 14 %, 164813 MiB
2026/08/03 13:09:14.066, 6, P0, 34, 263.98 W, 1965 MHz, 3996 MHz, 42 %, 164813 MiB
2026/08/03 13:09:14.066, 7, P0, 38, 269.88 W, 1965 MHz, 3996 MHz, 38 %, 163853 MiB
2026/08/03 13:09:15.066, 0, P0, 37, 278.55 W, 1965 MHz, 3996 MHz, 62 %, 164621 MiB
2026/08/03 13:09:15.066, 1, P0, 34, 270.81 W, 1965 MHz, 3996 MHz, 44 %, 164813 MiB
2026/08/03 13:09:15.066, 2, P0, 38, 283.78 W, 1965 MHz, 3996 MHz, 82 %, 164813 MiB
2026/08/03 13:09:15.066, 3, P0, 34, 285.65 W, 1965 MHz, 3996 MHz, 77 %, 164813 MiB
2026/08/03 13:09:15.066, 4, P0, 35, 274.56 W, 1965 MHz, 3996 MHz, 59 %, 164813 MiB
2026/08/03 13:09:15.066, 5, P0, 36, 260.78 W, 1965 MHz, 3996 MHz, 13 %, 164813 MiB
2026/08/03 13:09:15.066, 6, P0, 34, 265.70 W, 1965 MHz, 3996 MHz, 24 %, 164813 MiB
2026/08/03 13:09:15.066, 7, P0, 38, 272.18 W, 1965 MHz, 3996 MHz, 36 %, 163853 MiB
2026/08/03 13:09:16.066, 0, P0, 37, 275.23 W, 1965 MHz, 3996 MHz, 73 %, 164621 MiB
2026/08/03 13:09:16.066, 1, P0, 34, 273.58 W, 1965 MHz, 3996 MHz, 68 %, 164813 MiB
2026/08/03 13:09:16.066, 2, P0, 38, 285.37 W, 1965 MHz, 3996 MHz, 85 %, 164813 MiB
2026/08/03 13:09:16.066, 3, P0, 34, 283.00 W, 1965 MHz, 3996 MHz, 82 %, 164813 MiB
2026/08/03 13:09:16.066, 4, P0, 34, 271.42 W, 1965 MHz, 3996 MHz, 50 %, 164813 MiB
2026/08/03 13:09:16.066, 5, P0, 36, 264.53 W, 1965 MHz, 3996 MHz, 10 %, 164813 MiB
2026/08/03 13:09:16.066, 6, P0, 33, 256.59 W, 1965 MHz, 3996 MHz, 34 %, 164813 MiB
2026/08/03 13:09:16.066, 7, P0, 38, 269.02 W, 1965 MHz, 3996 MHz, 31 %, 163853 MiB
2026/08/03 13:09:17.066, 0, P0, 37, 273.42 W, 1965 MHz, 3996 MHz, 52 %, 164621 MiB
2026/08/03 13:09:17.066, 1, P0, 34, 270.84 W, 1965 MHz, 3996 MHz, 44 %, 164813 MiB
2026/08/03 13:09:17.066, 2, P0, 37, 279.89 W, 1965 MHz, 3996 MHz, 74 %, 164813 MiB
2026/08/03 13:09:17.066, 3, P0, 34, 281.83 W, 1965 MHz, 3996 MHz, 67 %, 164813 MiB
2026/08/03 13:09:17.066, 4, P0, 34, 268.09 W, 1965 MHz, 3996 MHz, 49 %, 164813 MiB
2026/08/03 13:09:17.066, 5, P0, 36, 260.66 W, 1965 MHz, 3996 MHz, 10 %, 164813 MiB
2026/08/03 13:09:17.066, 6, P0, 34, 264.23 W, 1965 MHz, 3996 MHz, 24 %, 164813 MiB
2026/08/03 13:09:17.067, 7, P0, 38, 272.59 W, 1965 MHz, 3996 MHz, 48 %, 163853 MiB
2026/08/03 13:09:18.067, 0, P0, 37, 271.39 W, 1965 MHz, 3996 MHz, 49 %, 164621 MiB
2026/08/03 13:09:18.067, 1, P0, 34, 269.20 W, 1965 MHz, 3996 MHz, 7 %, 164813 MiB
2026/08/03 13:09:18.067, 2, P0, 37, 283.71 W, 1965 MHz, 3996 MHz, 82 %, 164813 MiB
2026/08/03 13:09:18.067, 3, P0, 34, 285.02 W, 1965 MHz, 3996 MHz, 83 %, 164813 MiB
2026/08/03 13:09:18.067, 4, P0, 34, 271.23 W, 1965 MHz, 3996 MHz, 40 %, 164813 MiB
2026/08/03 13:09:18.067, 5, P0, 36, 260.81 W, 1965 MHz, 3996 MHz, 9 %, 164813 MiB
2026/08/03 13:09:18.067, 6, P0, 33, 262.93 W, 1965 MHz, 3996 MHz, 29 %, 164813 MiB
2026/08/03 13:09:18.067, 7, P0, 38, 273.92 W, 1965 MHz, 3996 MHz, 58 %, 163853 MiB
2026/08/03 13:09:19.067, 0, P0, 37, 273.60 W, 1965 MHz, 3996 MHz, 51 %, 164621 MiB
2026/08/03 13:09:19.067, 1, P0, 34, 273.33 W, 1965 MHz, 3996 MHz, 37 %, 164813 MiB
2026/08/03 13:09:19.067, 2, P0, 38, 283.99 W, 1965 MHz, 3996 MHz, 83 %, 164813 MiB
2026/08/03 13:09:19.067, 3, P0, 34, 284.30 W, 1965 MHz, 3996 MHz, 80 %, 164813 MiB
2026/08/03 13:09:19.067, 4, P0, 34, 270.27 W, 1965 MHz, 3996 MHz, 63 %, 164813 MiB
2026/08/03 13:09:19.067, 5, P0, 36, 262.08 W, 1965 MHz, 3996 MHz, 12 %, 164813 MiB
2026/08/03 13:09:19.067, 6, P0, 33, 260.84 W, 1965 MHz, 3996 MHz, 40 %, 164813 MiB
2026/08/03 13:09:19.067, 7, P0, 38, 271.06 W, 1965 MHz, 3996 MHz, 46 %, 163853 MiB
2026/08/03 13:09:20.067, 0, P0, 37, 272.69 W, 1965 MHz, 3996 MHz, 57 %, 164621 MiB
2026/08/03 13:09:20.067, 1, P0, 34, 273.86 W, 1965 MHz, 3996 MHz, 75 %, 164813 MiB
2026/08/03 13:09:20.067, 2, P0, 38, 284.23 W, 1965 MHz, 3996 MHz, 94 %, 164813 MiB
2026/08/03 13:09:20.067, 3, P0, 34, 281.19 W, 1965 MHz, 3996 MHz, 84 %, 164813 MiB
2026/08/03 13:09:20.067, 4, P0, 34, 267.97 W, 1965 MHz, 3996 MHz, 32 %, 164813 MiB
2026/08/03 13:09:20.067, 5, P0, 37, 261.68 W, 1965 MHz, 3996 MHz, 10 %, 164813 MiB
2026/08/03 13:09:20.067, 6, P0, 34, 265.28 W, 1965 MHz, 3996 MHz, 33 %, 164813 MiB
2026/08/03 13:09:20.067, 7, P0, 38, 277.45 W, 1965 MHz, 3996 MHz, 47 %, 163853 MiB
2026/08/03 13:09:21.067, 0, P0, 37, 280.10 W, 1965 MHz, 3996 MHz, 33 %, 164621 MiB
2026/08/03 13:09:21.068, 1, P0, 34, 280.27 W, 1965 MHz, 3996 MHz, 62 %, 164813 MiB
2026/08/03 13:09:21.068, 2, P0, 38, 288.56 W, 1965 MHz, 3996 MHz, 80 %, 164813 MiB
2026/08/03 13:09:21.068, 3, P0, 34, 287.12 W, 1965 MHz, 3996 MHz, 72 %, 164813 MiB
2026/08/03 13:09:21.068, 4, P0, 34, 270.42 W, 1965 MHz, 3996 MHz, 50 %, 164813 MiB
2026/08/03 13:09:21.068, 5, P0, 36, 254.85 W, 1965 MHz, 3996 MHz, 7 %, 164813 MiB
2026/08/03 13:09:21.068, 6, P0, 34, 272.56 W, 1965 MHz, 3996 MHz, 31 %, 164813 MiB
2026/08/03 13:09:21.068, 7, P0, 38, 279.32 W, 1965 MHz, 3996 MHz, 54 %, 163853 MiB
2026/08/03 13:09:22.068, 0, P0, 37, 277.87 W, 1965 MHz, 3996 MHz, 61 %, 164621 MiB
2026/08/03 13:09:22.068, 1, P0, 34, 273.92 W, 1965 MHz, 3996 MHz, 62 %, 164813 MiB
2026/08/03 13:09:22.068, 2, P0, 38, 285.64 W, 1965 MHz, 3996 MHz, 92 %, 164813 MiB
2026/08/03 13:09:22.068, 3, P0, 34, 283.77 W, 1965 MHz, 3996 MHz, 83 %, 164813 MiB
2026/08/03 13:09:22.068, 4, P0, 34, 269.33 W, 1965 MHz, 3996 MHz, 66 %, 164813 MiB
2026/08/03 13:09:22.068, 5, P0, 37, 259.16 W, 1965 MHz, 3996 MHz, 33 %, 164813 MiB
2026/08/03 13:09:22.068, 6, P0, 34, 265.70 W, 1965 MHz, 3996 MHz, 46 %, 164813 MiB
2026/08/03 13:09:22.068, 7, P0, 38, 274.26 W, 1965 MHz, 3996 MHz, 11 %, 163853 MiB
2026/08/03 13:09:23.068, 0, P0, 37, 277.02 W, 1965 MHz, 3996 MHz, 51 %, 164621 MiB
2026/08/03 13:09:23.068, 1, P0, 34, 277.13 W, 1965 MHz, 3996 MHz, 67 %, 164813 MiB
2026/08/03 13:09:23.068, 2, P0, 37, 284.27 W, 1965 MHz, 3996 MHz, 73 %, 164813 MiB
2026/08/03 13:09:23.068, 3, P0, 34, 276.33 W, 1965 MHz, 3996 MHz, 20 %, 164813 MiB
2026/08/03 13:09:23.068, 4, P0, 34, 268.46 W, 1965 MHz, 3996 MHz, 52 %, 164813 MiB
2026/08/03 13:09:23.068, 5, P0, 36, 263.10 W, 1965 MHz, 3996 MHz, 32 %, 164813 MiB
2026/08/03 13:09:23.068, 6, P0, 34, 266.28 W, 1965 MHz, 3996 MHz, 20 %, 164813 MiB
2026/08/03 13:09:23.068, 7, P0, 38, 279.04 W, 1965 MHz, 3996 MHz, 42 %, 163853 MiB
2026/08/03 13:09:24.068, 0, P0, 37, 274.27 W, 1965 MHz, 3996 MHz, 50 %, 164621 MiB
2026/08/03 13:09:24.068, 1, P0, 34, 276.42 W, 1965 MHz, 3996 MHz, 56 %, 164813 MiB
2026/08/03 13:09:24.068, 2, P0, 38, 285.33 W, 1965 MHz, 3996 MHz, 76 %, 164813 MiB
2026/08/03 13:09:24.068, 3, P0, 34, 282.68 W, 1965 MHz, 3996 MHz, 64 %, 164813 MiB
2026/08/03 13:09:24.068, 4, P0, 34, 270.58 W, 1965 MHz, 3996 MHz, 59 %, 164813 MiB
2026/08/03 13:09:24.068, 5, P0, 36, 258.55 W, 1965 MHz, 3996 MHz, 11 %, 164813 MiB
2026/08/03 13:09:24.068, 6, P0, 34, 264.47 W, 1965 MHz, 3996 MHz, 45 %, 164813 MiB
2026/08/03 13:09:24.068, 7, P0, 38, 277.48 W, 1965 MHz, 3996 MHz, 54 %, 163853 MiB
2026/08/03 13:09:25.069, 0, P0, 37, 282.05 W, 1965 MHz, 3996 MHz, 66 %, 164621 MiB
2026/08/03 13:09:25.069, 1, P0, 34, 279.67 W, 1965 MHz, 3996 MHz, 44 %, 164813 MiB
2026/08/03 13:09:25.069, 2, P0, 38, 286.06 W, 1965 MHz, 3996 MHz, 85 %, 164813 MiB
2026/08/03 13:09:25.069, 3, P0, 34, 286.42 W, 1965 MHz, 3996 MHz, 77 %, 164813 MiB
2026/08/03 13:09:25.069, 4, P0, 34, 275.79 W, 1965 MHz, 3996 MHz, 60 %, 164813 MiB
2026/08/03 13:09:25.069, 5, P0, 36, 255.84 W, 1965 MHz, 3996 MHz, 10 %, 164813 MiB
2026/08/03 13:09:25.069, 6, P0, 34, 273.71 W, 1965 MHz, 3996 MHz, 57 %, 164813 MiB
2026/08/03 13:09:25.069, 7, P0, 38, 282.09 W, 1965 MHz, 3996 MHz, 68 %, 163853 MiB
2026/08/03 13:09:26.069, 0, P0, 37, 277.80 W, 1965 MHz, 3996 MHz, 33 %, 164621 MiB
2026/08/03 13:09:26.069, 1, P0, 34, 280.72 W, 1965 MHz, 3996 MHz, 38 %, 164813 MiB
2026/08/03 13:09:26.069, 2, P0, 38, 284.96 W, 1965 MHz, 3996 MHz, 83 %, 164813 MiB
2026/08/03 13:09:26.069, 3, P0, 34, 282.46 W, 1965 MHz, 3996 MHz, 59 %, 164813 MiB
2026/08/03 13:09:26.069, 4, P0, 35, 274.74 W, 1965 MHz, 3996 MHz, 58 %, 164813 MiB
2026/08/03 13:09:26.069, 5, P0, 36, 260.64 W, 1965 MHz, 3996 MHz, 41 %, 164813 MiB
2026/08/03 13:09:26.069, 6, P0, 34, 267.79 W, 1965 MHz, 3996 MHz, 52 %, 164813 MiB
2026/08/03 13:09:26.069, 7, P0, 38, 275.82 W, 1965 MHz, 3996 MHz, 55 %, 163853 MiB
2026/08/03 13:09:27.069, 0, P0, 37, 279.70 W, 1965 MHz, 3996 MHz, 46 %, 164621 MiB
2026/08/03 13:09:27.069, 1, P0, 34, 282.02 W, 1965 MHz, 3996 MHz, 61 %, 164813 MiB
2026/08/03 13:09:27.069, 2, P0, 38, 283.07 W, 1965 MHz, 3996 MHz, 78 %, 164813 MiB
2026/08/03 13:09:27.069, 3, P0, 34, 283.14 W, 1965 MHz, 3996 MHz, 67 %, 164813 MiB
2026/08/03 13:09:27.069, 4, P0, 34, 271.07 W, 1965 MHz, 3996 MHz, 59 %, 164813 MiB
2026/08/03 13:09:27.069, 5, P0, 36, 260.95 W, 1965 MHz, 3996 MHz, 7 %, 164813 MiB
2026/08/03 13:09:27.069, 6, P0, 34, 272.45 W, 1965 MHz, 3996 MHz, 39 %, 164813 MiB
2026/08/03 13:09:27.069, 7, P0, 38, 276.75 W, 1965 MHz, 3996 MHz, 46 %, 163853 MiB
2026/08/03 13:09:28.069, 0, P0, 37, 278.70 W, 1965 MHz, 3996 MHz, 43 %, 164621 MiB
2026/08/03 13:09:28.069, 1, P0, 34, 273.63 W, 1965 MHz, 3996 MHz, 39 %, 164813 MiB
2026/08/03 13:09:28.069, 2, P0, 38, 285.32 W, 1965 MHz, 3996 MHz, 71 %, 164813 MiB
2026/08/03 13:09:28.070, 3, P0, 34, 287.07 W, 1965 MHz, 3996 MHz, 73 %, 164813 MiB
2026/08/03 13:09:28.070, 4, P0, 34, 275.37 W, 1965 MHz, 3996 MHz, 48 %, 164813 MiB
2026/08/03 13:09:28.070, 5, P0, 36, 258.83 W, 1965 MHz, 3996 MHz, 13 %, 164813 MiB
2026/08/03 13:09:28.070, 6, P0, 34, 270.00 W, 1965 MHz, 3996 MHz, 28 %, 164813 MiB
2026/08/03 13:09:28.070, 7, P0, 38, 277.63 W, 1965 MHz, 3996 MHz, 48 %, 163853 MiB
2026/08/03 13:09:29.070, 0, P0, 37, 279.08 W, 1965 MHz, 3996 MHz, 52 %, 164621 MiB
2026/08/03 13:09:29.070, 1, P0, 34, 275.71 W, 1965 MHz, 3996 MHz, 45 %, 164813 MiB
2026/08/03 13:09:29.070, 2, P0, 38, 285.53 W, 1965 MHz, 3996 MHz, 91 %, 164813 MiB
2026/08/03 13:09:29.070, 3, P0, 34, 282.89 W, 1965 MHz, 3996 MHz, 63 %, 164813 MiB
2026/08/03 13:09:29.070, 4, P0, 34, 273.57 W, 1965 MHz, 3996 MHz, 60 %, 164813 MiB
2026/08/03 13:09:29.070, 5, P0, 36, 261.40 W, 1965 MHz, 3996 MHz, 26 %, 164813 MiB
2026/08/03 13:09:29.070, 6, P0, 34, 259.00 W, 1965 MHz, 3996 MHz, 31 %, 164813 MiB
2026/08/03 13:09:29.070, 7, P0, 38, 275.72 W, 1965 MHz, 3996 MHz, 58 %, 163853 MiB
2026/08/03 13:09:30.070, 0, P0, 37, 276.63 W, 1965 MHz, 3996 MHz, 14 %, 164621 MiB
2026/08/03 13:09:30.070, 1, P0, 34, 280.15 W, 1965 MHz, 3996 MHz, 75 %, 164813 MiB
2026/08/03 13:09:30.070, 2, P0, 38, 283.86 W, 1965 MHz, 3996 MHz, 76 %, 164813 MiB
2026/08/03 13:09:30.070, 3, P0, 34, 282.62 W, 1965 MHz, 3996 MHz, 84 %, 164813 MiB
2026/08/03 13:09:30.070, 4, P0, 34, 273.54 W, 1965 MHz, 3996 MHz, 60 %, 164813 MiB
2026/08/03 13:09:30.070, 5, P0, 36, 265.01 W, 1965 MHz, 3996 MHz, 7 %, 164813 MiB
2026/08/03 13:09:30.070, 6, P0, 34, 262.89 W, 1965 MHz, 3996 MHz, 41 %, 164813 MiB
2026/08/03 13:09:30.070, 7, P0, 38, 275.29 W, 1965 MHz, 3996 MHz, 24 %, 163853 MiB
2026/08/03 13:09:31.070, 0, P0, 37, 285.08 W, 1965 MHz, 3996 MHz, 62 %, 164621 MiB
2026/08/03 13:09:31.070, 1, P0, 34, 273.02 W, 1965 MHz, 3996 MHz, 47 %, 164813 MiB
2026/08/03 13:09:31.070, 2, P0, 38, 286.66 W, 1965 MHz, 3996 MHz, 86 %, 164813 MiB
2026/08/03 13:09:31.070, 3, P0, 34, 286.22 W, 1965 MHz, 3996 MHz, 68 %, 164813 MiB
2026/08/03 13:09:31.070, 4, P0, 34, 275.81 W, 1965 MHz, 3996 MHz, 56 %, 164813 MiB
2026/08/03 13:09:31.071, 5, P0, 36, 261.04 W, 1965 MHz, 3996 MHz, 7 %, 164813 MiB
2026/08/03 13:09:31.071, 6, P0, 34, 270.53 W, 1965 MHz, 3996 MHz, 32 %, 164813 MiB
2026/08/03 13:09:31.071, 7, P0, 38, 278.84 W, 1965 MHz, 3996 MHz, 72 %, 163853 MiB
2026/08/03 13:09:32.071, 0, P0, 37, 278.51 W, 1965 MHz, 3996 MHz, 66 %, 164621 MiB
2026/08/03 13:09:32.071, 1, P0, 34, 279.24 W, 1965 MHz, 3996 MHz, 67 %, 164813 MiB
2026/08/03 13:09:32.071, 2, P0, 38, 285.92 W, 1965 MHz, 3996 MHz, 83 %, 164813 MiB
2026/08/03 13:09:32.071, 3, P0, 34, 284.47 W, 1965 MHz, 3996 MHz, 72 %, 164813 MiB
2026/08/03 13:09:32.071, 4, P0, 35, 273.84 W, 1965 MHz, 3996 MHz, 62 %, 164813 MiB
2026/08/03 13:09:32.071, 5, P0, 36, 261.78 W, 1965 MHz, 3996 MHz, 7 %, 164813 MiB
2026/08/03 13:09:32.071, 6, P0, 33, 257.47 W, 1965 MHz, 3996 MHz, 50 %, 164813 MiB
2026/08/03 13:09:32.071, 7, P0, 38, 276.05 W, 1965 MHz, 3996 MHz, 46 %, 163853 MiB
2026/08/03 13:09:33.071, 0, P0, 37, 278.77 W, 1965 MHz, 3996 MHz, 79 %, 164621 MiB
2026/08/03 13:09:33.071, 1, P0, 34, 268.92 W, 1965 MHz, 3996 MHz, 27 %, 164813 MiB
2026/08/03 13:09:33.071, 2, P0, 38, 281.92 W, 1965 MHz, 3996 MHz, 72 %, 164813 MiB
2026/08/03 13:09:33.071, 3, P0, 34, 283.18 W, 1965 MHz, 3996 MHz, 71 %, 164813 MiB
2026/08/03 13:09:33.071, 4, P0, 34, 271.59 W, 1965 MHz, 3996 MHz, 70 %, 164813 MiB
2026/08/03 13:09:33.071, 5, P0, 37, 264.79 W, 1965 MHz, 3996 MHz, 44 %, 164813 MiB
2026/08/03 13:09:33.071, 6, P0, 34, 265.85 W, 1965 MHz, 3996 MHz, 43 %, 164813 MiB
2026/08/03 13:09:33.071, 7, P0, 38, 276.92 W, 1965 MHz, 3996 MHz, 50 %, 163853 MiB
2026/08/03 13:09:34.071, 0, P0, 37, 282.64 W, 1965 MHz, 3996 MHz, 89 %, 164621 MiB
2026/08/03 13:09:34.071, 1, P0, 34, 266.39 W, 1965 MHz, 3996 MHz, 38 %, 164813 MiB
2026/08/03 13:09:34.071, 2, P0, 38, 286.00 W, 1965 MHz, 3996 MHz, 93 %, 164813 MiB
2026/08/03 13:09:34.071, 3, P0, 34, 286.68 W, 1965 MHz, 3996 MHz, 83 %, 164813 MiB
2026/08/03 13:09:34.071, 4, P0, 35, 277.68 W, 1965 MHz, 3996 MHz, 89 %, 164813 MiB
2026/08/03 13:09:34.071, 5, P0, 37, 269.65 W, 1965 MHz, 3996 MHz, 13 %, 164813 MiB
2026/08/03 13:09:34.071, 6, P0, 34, 271.69 W, 1965 MHz, 3996 MHz, 88 %, 164813 MiB
2026/08/03 13:09:34.071, 7, P0, 38, 283.17 W, 1965 MHz, 3996 MHz, 89 %, 163853 MiB
2026/08/03 13:09:35.071, 0, P0, 37, 276.45 W, 1965 MHz, 3996 MHz, 50 %, 164621 MiB
2026/08/03 13:09:35.071, 1, P0, 34, 270.93 W, 1965 MHz, 3996 MHz, 43 %, 164813 MiB
2026/08/03 13:09:35.071, 2, P0, 38, 285.49 W, 1965 MHz, 3996 MHz, 76 %, 164813 MiB
2026/08/03 13:09:35.071, 3, P0, 34, 283.22 W, 1965 MHz, 3996 MHz, 65 %, 164813 MiB
2026/08/03 13:09:35.072, 4, P0, 34, 273.55 W, 1965 MHz, 3996 MHz, 56 %, 164813 MiB
2026/08/03 13:09:35.072, 5, P0, 37, 264.94 W, 1965 MHz, 3996 MHz, 18 %, 164813 MiB
2026/08/03 13:09:35.072, 6, P0, 34, 263.10 W, 1965 MHz, 3996 MHz, 35 %, 164813 MiB
2026/08/03 13:09:35.072, 7, P0, 38, 273.38 W, 1965 MHz, 3996 MHz, 26 %, 163853 MiB
2026/08/03 13:09:36.072, 0, P0, 37, 278.31 W, 1965 MHz, 3996 MHz, 65 %, 164621 MiB
2026/08/03 13:09:36.072, 1, P0, 34, 270.86 W, 1965 MHz, 3996 MHz, 59 %, 164813 MiB
2026/08/03 13:09:36.072, 2, P0, 38, 284.10 W, 1965 MHz, 3996 MHz, 76 %, 164813 MiB
2026/08/03 13:09:36.072, 3, P0, 34, 280.91 W, 1965 MHz, 3996 MHz, 77 %, 164813 MiB
2026/08/03 13:09:36.072, 4, P0, 34, 271.88 W, 1965 MHz, 3996 MHz, 53 %, 164813 MiB
2026/08/03 13:09:36.072, 5, P0, 37, 260.94 W, 1965 MHz, 3996 MHz, 50 %, 164813 MiB
2026/08/03 13:09:36.072, 6, P0, 34, 263.85 W, 1965 MHz, 3996 MHz, 61 %, 164813 MiB
2026/08/03 13:09:36.072, 7, P0, 38, 270.84 W, 1965 MHz, 3996 MHz, 67 %, 163853 MiB
2026/08/03 13:09:37.072, 0, P0, 37, 277.91 W, 1965 MHz, 3996 MHz, 87 %, 164621 MiB
2026/08/03 13:09:37.072, 1, P0, 34, 266.47 W, 1965 MHz, 3996 MHz, 40 %, 164813 MiB
2026/08/03 13:09:37.072, 2, P0, 38, 286.89 W, 1965 MHz, 3996 MHz, 76 %, 164813 MiB
2026/08/03 13:09:37.072, 3, P0, 34, 283.89 W, 1965 MHz, 3996 MHz, 80 %, 164813 MiB
2026/08/03 13:09:37.072, 4, P0, 34, 274.02 W, 1965 MHz, 3996 MHz, 73 %, 164813 MiB
2026/08/03 13:09:37.072, 5, P0, 37, 264.47 W, 1965 MHz, 3996 MHz, 25 %, 164813 MiB
2026/08/03 13:09:37.072, 6, P0, 34, 270.50 W, 1965 MHz, 3996 MHz, 41 %, 164813 MiB
2026/08/03 13:09:37.072, 7, P0, 38, 272.31 W, 1965 MHz, 3996 MHz, 48 %, 163853 MiB
2026/08/03 13:09:38.072, 0, P0, 37, 275.40 W, 1965 MHz, 3996 MHz, 51 %, 164621 MiB
2026/08/03 13:09:38.072, 1, P0, 34, 277.72 W, 1965 MHz, 3996 MHz, 69 %, 164813 MiB
2026/08/03 13:09:38.072, 2, P0, 38, 285.45 W, 1965 MHz, 3996 MHz, 83 %, 164813 MiB
2026/08/03 13:09:38.072, 3, P0, 34, 283.75 W, 1965 MHz, 3996 MHz, 85 %, 164813 MiB
2026/08/03 13:09:38.072, 4, P0, 34, 273.12 W, 1965 MHz, 3996 MHz, 58 %, 164813 MiB
2026/08/03 13:09:38.072, 5, P0, 37, 267.08 W, 1965 MHz, 3996 MHz, 28 %, 164813 MiB
2026/08/03 13:09:38.072, 6, P0, 33, 262.09 W, 1965 MHz, 3996 MHz, 13 %, 164813 MiB
2026/08/03 13:09:38.072, 7, P0, 38, 271.17 W, 1965 MHz, 3996 MHz, 14 %, 163853 MiB
2026/08/03 13:09:39.072, 0, P0, 37, 280.31 W, 1965 MHz, 3996 MHz, 23 %, 164621 MiB
2026/08/03 13:09:39.073, 1, P0, 34, 276.77 W, 1965 MHz, 3996 MHz, 45 %, 164813 MiB
2026/08/03 13:09:39.073, 2, P0, 38, 284.23 W, 1965 MHz, 3996 MHz, 58 %, 164813 MiB
2026/08/03 13:09:39.073, 3, P0, 34, 285.63 W, 1965 MHz, 3996 MHz, 58 %, 164813 MiB
2026/08/03 13:09:39.073, 4, P0, 35, 273.99 W, 1965 MHz, 3996 MHz, 73 %, 164813 MiB
2026/08/03 13:09:39.073, 5, P0, 37, 267.41 W, 1965 MHz, 3996 MHz, 55 %, 164813 MiB
2026/08/03 13:09:39.073, 6, P0, 33, 254.93 W, 1965 MHz, 3996 MHz, 27 %, 164813 MiB
2026/08/03 13:09:39.073, 7, P0, 38, 263.11 W, 1965 MHz, 3996 MHz, 42 %, 163853 MiB
2026/08/03 13:09:40.073, 0, P0, 37, 279.48 W, 1965 MHz, 3996 MHz, 47 %, 164621 MiB
2026/08/03 13:09:40.073, 1, P0, 34, 276.34 W, 1965 MHz, 3996 MHz, 40 %, 164813 MiB
2026/08/03 13:09:40.073, 2, P0, 37, 284.12 W, 1965 MHz, 3996 MHz, 73 %, 164813 MiB
2026/08/03 13:09:40.073, 3, P0, 34, 281.85 W, 1965 MHz, 3996 MHz, 61 %, 164813 MiB
2026/08/03 13:09:40.073, 4, P0, 34, 265.41 W, 1965 MHz, 3996 MHz, 57 %, 164813 MiB
2026/08/03 13:09:40.073, 5, P0, 37, 269.44 W, 1965 MHz, 3996 MHz, 21 %, 164813 MiB
2026/08/03 13:09:40.073, 6, P0, 33, 255.24 W, 1965 MHz, 3996 MHz, 10 %, 164813 MiB
2026/08/03 13:09:40.073, 7, P0, 38, 265.89 W, 1965 MHz, 3996 MHz, 17 %, 163853 MiB
2026/08/03 13:09:41.073, 0, P0, 37, 281.29 W, 1965 MHz, 3996 MHz, 63 %, 164621 MiB
2026/08/03 13:09:41.073, 1, P0, 34, 275.07 W, 1965 MHz, 3996 MHz, 41 %, 164813 MiB
2026/08/03 13:09:41.073, 2, P0, 37, 284.83 W, 1965 MHz, 3996 MHz, 85 %, 164813 MiB
2026/08/03 13:09:41.073, 3, P0, 34, 280.52 W, 1965 MHz, 3996 MHz, 60 %, 164813 MiB
2026/08/03 13:09:41.073, 4, P0, 34, 268.08 W, 1965 MHz, 3996 MHz, 65 %, 164813 MiB
2026/08/03 13:09:41.073, 5, P0, 36, 264.11 W, 1965 MHz, 3996 MHz, 16 %, 164813 MiB
2026/08/03 13:09:41.073, 6, P0, 33, 261.53 W, 1965 MHz, 3996 MHz, 19 %, 164813 MiB
2026/08/03 13:09:41.073, 7, P0, 38, 267.87 W, 1965 MHz, 3996 MHz, 34 %, 163853 MiB
2026/08/03 13:09:42.073, 0, P0, 37, 284.18 W, 1965 MHz, 3996 MHz, 72 %, 164621 MiB
2026/08/03 13:09:42.073, 1, P0, 34, 279.32 W, 1965 MHz, 3996 MHz, 59 %, 164813 MiB
2026/08/03 13:09:42.073, 2, P0, 38, 286.68 W, 1965 MHz, 3996 MHz, 91 %, 164813 MiB
2026/08/03 13:09:42.073, 3, P0, 34, 282.27 W, 1965 MHz, 3996 MHz, 72 %, 164813 MiB
2026/08/03 13:09:42.073, 4, P0, 35, 274.50 W, 1965 MHz, 3996 MHz, 72 %, 164813 MiB
2026/08/03 13:09:42.073, 5, P0, 37, 264.38 W, 1965 MHz, 3996 MHz, 72 %, 164813 MiB
2026/08/03 13:09:42.073, 6, P0, 34, 261.05 W, 1965 MHz, 3996 MHz, 59 %, 164813 MiB
2026/08/03 13:09:42.073, 7, P0, 38, 271.27 W, 1965 MHz, 3996 MHz, 79 %, 163853 MiB
2026/08/03 13:09:43.073, 0, P0, 37, 280.55 W, 1965 MHz, 3996 MHz, 51 %, 164621 MiB
2026/08/03 13:09:43.074, 1, P0, 34, 274.98 W, 1965 MHz, 3996 MHz, 46 %, 164813 MiB
2026/08/03 13:09:43.074, 2, P0, 38, 284.45 W, 1965 MHz, 3996 MHz, 77 %, 164813 MiB
2026/08/03 13:09:43.074, 3, P0, 34, 280.02 W, 1965 MHz, 3996 MHz, 65 %, 164813 MiB
2026/08/03 13:09:43.074, 4, P0, 34, 268.09 W, 1965 MHz, 3996 MHz, 38 %, 164813 MiB
2026/08/03 13:09:43.074, 5, P0, 36, 258.79 W, 1965 MHz, 3996 MHz, 16 %, 164813 MiB
2026/08/03 13:09:43.074, 6, P0, 33, 264.72 W, 1965 MHz, 3996 MHz, 18 %, 164813 MiB
2026/08/03 13:09:43.074, 7, P0, 38, 271.97 W, 1965 MHz, 3996 MHz, 35 %, 163853 MiB
2026/08/03 13:09:44.074, 0, P0, 38, 341.03 W, 1965 MHz, 3996 MHz, 57 %, 164621 MiB
2026/08/03 13:09:44.074, 1, P0, 35, 342.34 W, 1965 MHz, 3996 MHz, 58 %, 164813 MiB
2026/08/03 13:09:44.074, 2, P0, 38, 344.05 W, 1965 MHz, 3996 MHz, 72 %, 164813 MiB
2026/08/03 13:09:44.074, 3, P0, 34, 339.36 W, 1965 MHz, 3996 MHz, 72 %, 164813 MiB
2026/08/03 13:09:44.074, 4, P0, 35, 334.08 W, 1965 MHz, 3996 MHz, 51 %, 164813 MiB
2026/08/03 13:09:44.074, 5, P0, 37, 322.74 W, 1965 MHz, 3996 MHz, 14 %, 164813 MiB
2026/08/03 13:09:44.074, 6, P0, 34, 320.26 W, 1965 MHz, 3996 MHz, 30 %, 164813 MiB
2026/08/03 13:09:44.074, 7, P0, 38, 329.39 W, 1965 MHz, 3996 MHz, 39 %, 163853 MiB
2026/08/03 13:09:45.074, 0, P0, 37, 282.71 W, 1965 MHz, 3996 MHz, 46 %, 164621 MiB
2026/08/03 13:09:45.074, 1, P0, 34, 280.17 W, 1965 MHz, 3996 MHz, 39 %, 164813 MiB
2026/08/03 13:09:45.074, 2, P0, 38, 284.27 W, 1965 MHz, 3996 MHz, 73 %, 164813 MiB
2026/08/03 13:09:45.074, 3, P0, 34, 283.21 W, 1965 MHz, 3996 MHz, 71 %, 164813 MiB
2026/08/03 13:09:45.074, 4, P0, 35, 273.21 W, 1965 MHz, 3996 MHz, 73 %, 164813 MiB
2026/08/03 13:09:45.074, 5, P0, 37, 258.36 W, 1965 MHz, 3996 MHz, 22 %, 164813 MiB
2026/08/03 13:09:45.074, 6, P0, 34, 270.34 W, 1965 MHz, 3996 MHz, 26 %, 164813 MiB
2026/08/03 13:09:45.074, 7, P0, 38, 274.35 W, 1965 MHz, 3996 MHz, 51 %, 163853 MiB
2026/08/03 13:09:46.074, 0, P0, 38, 347.77 W, 1965 MHz, 3996 MHz, 53 %, 164621 MiB
2026/08/03 13:09:46.074, 1, P0, 35, 344.24 W, 1965 MHz, 3996 MHz, 42 %, 164813 MiB
2026/08/03 13:09:46.074, 2, P0, 39, 349.90 W, 1965 MHz, 3996 MHz, 77 %, 164813 MiB
2026/08/03 13:09:46.074, 3, P0, 35, 344.59 W, 1965 MHz, 3996 MHz, 75 %, 164813 MiB
2026/08/03 13:09:46.074, 4, P0, 35, 343.04 W, 1965 MHz, 3996 MHz, 59 %, 164813 MiB
2026/08/03 13:09:46.074, 5, P0, 38, 323.45 W, 1965 MHz, 3996 MHz, 14 %, 164813 MiB
2026/08/03 13:09:46.074, 6, P0, 34, 319.47 W, 1965 MHz, 3996 MHz, 22 %, 164813 MiB
2026/08/03 13:09:46.074, 7, P0, 39, 321.61 W, 1965 MHz, 3996 MHz, 66 %, 163853 MiB
2026/08/03 13:09:47.075, 0, P0, 37, 277.71 W, 1965 MHz, 3996 MHz, 50 %, 164621 MiB
2026/08/03 13:09:47.075, 1, P0, 34, 272.90 W, 1965 MHz, 3996 MHz, 50 %, 164813 MiB
2026/08/03 13:09:47.075, 2, P0, 38, 280.18 W, 1965 MHz, 3996 MHz, 77 %, 164813 MiB
2026/08/03 13:09:47.075, 3, P0, 34, 278.86 W, 1965 MHz, 3996 MHz, 63 %, 164813 MiB
2026/08/03 13:09:47.075, 4, P0, 35, 267.29 W, 1965 MHz, 3996 MHz, 43 %, 164813 MiB
2026/08/03 13:09:47.075, 5, P0, 37, 254.00 W, 1965 MHz, 3996 MHz, 12 %, 164813 MiB
2026/08/03 13:09:47.075, 6, P0, 34, 264.61 W, 1965 MHz, 3996 MHz, 26 %, 164813 MiB
2026/08/03 13:09:47.075, 7, P0, 38, 274.42 W, 1965 MHz, 3996 MHz, 44 %, 163853 MiB
2026/08/03 13:09:48.075, 0, P0, 42, 344.01 W, 1965 MHz, 3996 MHz, 66 %, 164621 MiB
2026/08/03 13:09:48.075, 1, P0, 36, 339.63 W, 1965 MHz, 3996 MHz, 63 %, 164813 MiB
2026/08/03 13:09:48.075, 2, P0, 40, 342.96 W, 1965 MHz, 3996 MHz, 94 %, 164813 MiB
2026/08/03 13:09:48.075, 3, P0, 35, 338.00 W, 1965 MHz, 3996 MHz, 67 %, 164813 MiB
2026/08/03 13:09:48.075, 4, P0, 39, 334.10 W, 1965 MHz, 3996 MHz, 72 %, 164813 MiB
2026/08/03 13:09:48.075, 5, P0, 41, 324.92 W, 1965 MHz, 3996 MHz, 83 %, 164813 MiB
2026/08/03 13:09:48.075, 6, P0, 35, 320.81 W, 1965 MHz, 3996 MHz, 96 %, 164813 MiB
2026/08/03 13:09:48.075, 7, P0, 40, 330.29 W, 1965 MHz, 3996 MHz, 94 %, 163853 MiB
2026/08/03 13:09:49.075, 0, P0, 37, 277.03 W, 1965 MHz, 3996 MHz, 41 %, 164621 MiB
2026/08/03 13:09:49.075, 1, P0, 34, 277.91 W, 1965 MHz, 3996 MHz, 48 %, 164813 MiB
2026/08/03 13:09:49.075, 2, P0, 38, 283.10 W, 1965 MHz, 3996 MHz, 86 %, 164813 MiB
2026/08/03 13:09:49.075, 3, P0, 34, 296.75 W, 1965 MHz, 3996 MHz, 81 %, 164813 MiB
2026/08/03 13:09:49.075, 4, P0, 35, 273.41 W, 1965 MHz, 3996 MHz, 50 %, 164813 MiB
2026/08/03 13:09:49.075, 5, P0, 37, 259.14 W, 1965 MHz, 3996 MHz, 29 %, 164813 MiB
2026/08/03 13:09:49.075, 6, P0, 34, 267.72 W, 1965 MHz, 3996 MHz, 61 %, 164813 MiB
2026/08/03 13:09:49.075, 7, P0, 38, 276.86 W, 1965 MHz, 3996 MHz, 61 %, 163853 MiB
2026/08/03 13:09:50.075, 0, P0, 37, 276.94 W, 1965 MHz, 3996 MHz, 66 %, 164621 MiB
2026/08/03 13:09:50.075, 1, P0, 34, 273.61 W, 1965 MHz, 3996 MHz, 62 %, 164813 MiB
2026/08/03 13:09:50.075, 2, P0, 38, 282.45 W, 1965 MHz, 3996 MHz, 82 %, 164813 MiB
2026/08/03 13:09:50.075, 3, P0, 34, 278.84 W, 1965 MHz, 3996 MHz, 68 %, 164813 MiB
2026/08/03 13:09:50.075, 4, P0, 35, 269.95 W, 1965 MHz, 3996 MHz, 69 %, 164813 MiB
2026/08/03 13:09:50.075, 5, P0, 36, 253.83 W, 1965 MHz, 3996 MHz, 7 %, 164813 MiB
2026/08/03 13:09:50.075, 6, P0, 34, 269.51 W, 1965 MHz, 3996 MHz, 46 %, 164813 MiB
2026/08/03 13:09:50.075, 7, P0, 38, 275.34 W, 1965 MHz, 3996 MHz, 61 %, 163853 MiB
2026/08/03 13:09:51.076, 0, P0, 37, 341.61 W, 1965 MHz, 3996 MHz, 59 %, 164621 MiB
2026/08/03 13:09:51.076, 1, P0, 34, 338.53 W, 1965 MHz, 3996 MHz, 48 %, 164813 MiB
2026/08/03 13:09:51.076, 2, P0, 38, 346.19 W, 1965 MHz, 3996 MHz, 83 %, 164813 MiB
2026/08/03 13:09:51.076, 3, P0, 34, 346.49 W, 1965 MHz, 3996 MHz, 71 %, 164813 MiB
2026/08/03 13:09:51.076, 4, P0, 35, 329.17 W, 1965 MHz, 3996 MHz, 53 %, 164813 MiB
2026/08/03 13:09:51.076, 5, P0, 37, 328.12 W, 1965 MHz, 3996 MHz, 14 %, 164813 MiB
2026/08/03 13:09:51.076, 6, P0, 34, 319.69 W, 1965 MHz, 3996 MHz, 32 %, 164813 MiB
2026/08/03 13:09:51.076, 7, P0, 38, 328.78 W, 1965 MHz, 3996 MHz, 53 %, 163853 MiB
2026/08/03 13:09:52.076, 0, P0, 37, 275.95 W, 1965 MHz, 3996 MHz, 54 %, 164621 MiB
2026/08/03 13:09:52.076, 1, P0, 34, 267.83 W, 1965 MHz, 3996 MHz, 40 %, 164813 MiB
2026/08/03 13:09:52.076, 2, P0, 38, 277.99 W, 1965 MHz, 3996 MHz, 85 %, 164813 MiB
2026/08/03 13:09:52.076, 3, P0, 34, 275.55 W, 1965 MHz, 3996 MHz, 65 %, 164813 MiB
2026/08/03 13:09:52.076, 4, P0, 34, 263.56 W, 1965 MHz, 3996 MHz, 45 %, 164813 MiB
2026/08/03 13:09:52.076, 5, P0, 37, 255.50 W, 1965 MHz, 3996 MHz, 12 %, 164813 MiB
2026/08/03 13:09:52.076, 6, P0, 34, 263.05 W, 1965 MHz, 3996 MHz, 34 %, 164813 MiB
2026/08/03 13:09:52.076, 7, P0, 38, 272.45 W, 1965 MHz, 3996 MHz, 51 %, 163853 MiB
2026/08/03 13:09:53.076, 0, P0, 37, 274.33 W, 1965 MHz, 3996 MHz, 63 %, 164621 MiB
2026/08/03 13:09:53.076, 1, P0, 34, 270.80 W, 1965 MHz, 3996 MHz, 35 %, 164813 MiB
2026/08/03 13:09:53.076, 2, P0, 38, 283.48 W, 1965 MHz, 3996 MHz, 86 %, 164813 MiB
2026/08/03 13:09:53.076, 3, P0, 34, 279.42 W, 1965 MHz, 3996 MHz, 77 %, 164813 MiB
2026/08/03 13:09:53.076, 4, P0, 34, 268.34 W, 1965 MHz, 3996 MHz, 40 %, 164813 MiB
2026/08/03 13:09:53.076, 5, P0, 37, 258.17 W, 1965 MHz, 3996 MHz, 6 %, 164813 MiB
2026/08/03 13:09:53.076, 6, P0, 34, 266.74 W, 1965 MHz, 3996 MHz, 31 %, 164813 MiB
2026/08/03 13:09:53.076, 7, P0, 38, 274.56 W, 1965 MHz, 3996 MHz, 28 %, 163853 MiB
2026/08/03 13:09:54.076, 0, P0, 37, 277.26 W, 1965 MHz, 3996 MHz, 67 %, 164621 MiB
2026/08/03 13:09:54.076, 1, P0, 34, 270.59 W, 1965 MHz, 3996 MHz, 40 %, 164813 MiB
2026/08/03 13:09:54.076, 2, P0, 38, 282.43 W, 1965 MHz, 3996 MHz, 72 %, 164813 MiB
2026/08/03 13:09:54.076, 3, P0, 34, 280.06 W, 1965 MHz, 3996 MHz, 69 %, 164813 MiB
2026/08/03 13:09:54.076, 4, P0, 34, 266.49 W, 1965 MHz, 3996 MHz, 66 %, 164813 MiB
2026/08/03 13:09:54.077, 5, P0, 36, 254.95 W, 1965 MHz, 3996 MHz, 29 %, 164813 MiB
2026/08/03 13:09:54.077, 6, P0, 34, 262.86 W, 1965 MHz, 3996 MHz, 21 %, 164813 MiB
2026/08/03 13:09:54.077, 7, P0, 38, 271.71 W, 1965 MHz, 3996 MHz, 28 %, 163853 MiB
2026/08/03 13:09:55.077, 0, P0, 37, 276.84 W, 1965 MHz, 3996 MHz, 54 %, 164621 MiB
2026/08/03 13:09:55.077, 1, P0, 34, 271.03 W, 1965 MHz, 3996 MHz, 58 %, 164813 MiB
2026/08/03 13:09:55.077, 2, P0, 38, 279.35 W, 1965 MHz, 3996 MHz, 76 %, 164813 MiB
2026/08/03 13:09:55.077, 3, P0, 34, 275.80 W, 1965 MHz, 3996 MHz, 77 %, 164813 MiB
2026/08/03 13:09:55.077, 4, P0, 34, 266.55 W, 1965 MHz, 3996 MHz, 74 %, 164813 MiB
2026/08/03 13:09:55.077, 5, P0, 36, 256.09 W, 1965 MHz, 3996 MHz, 6 %, 164813 MiB
2026/08/03 13:09:55.077, 6, P0, 34, 267.48 W, 1965 MHz, 3996 MHz, 47 %, 164813 MiB
2026/08/03 13:09:55.077, 7, P0, 38, 273.20 W, 1965 MHz, 3996 MHz, 56 %, 163853 MiB
2026/08/03 13:09:56.077, 0, P0, 37, 274.97 W, 1965 MHz, 3996 MHz, 62 %, 164621 MiB
2026/08/03 13:09:56.077, 1, P0, 34, 273.31 W, 1965 MHz, 3996 MHz, 49 %, 164813 MiB
2026/08/03 13:09:56.077, 2, P0, 38, 282.39 W, 1965 MHz, 3996 MHz, 78 %, 164813 MiB
2026/08/03 13:09:56.077, 3, P0, 34, 280.43 W, 1965 MHz, 3996 MHz, 78 %, 164813 MiB
2026/08/03 13:09:56.077, 4, P0, 34, 267.57 W, 1965 MHz, 3996 MHz, 38 %, 164813 MiB
2026/08/03 13:09:56.077, 5, P0, 36, 258.46 W, 1965 MHz, 3996 MHz, 6 %, 164813 MiB
2026/08/03 13:09:56.077, 6, P0, 34, 266.08 W, 1965 MHz, 3996 MHz, 25 %, 164813 MiB
2026/08/03 13:09:56.077, 7, P0, 38, 276.47 W, 1965 MHz, 3996 MHz, 50 %, 163853 MiB
2026/08/03 13:09:57.077, 0, P0, 37, 277.01 W, 1965 MHz, 3996 MHz, 41 %, 164621 MiB
2026/08/03 13:09:57.077, 1, P0, 34, 270.08 W, 1965 MHz, 3996 MHz, 52 %, 164813 MiB
2026/08/03 13:09:57.077, 2, P0, 38, 282.98 W, 1965 MHz, 3996 MHz, 75 %, 164813 MiB
2026/08/03 13:09:57.077, 3, P0, 34, 278.96 W, 1965 MHz, 3996 MHz, 75 %, 164813 MiB
2026/08/03 13:09:57.077, 4, P0, 34, 270.85 W, 1965 MHz, 3996 MHz, 46 %, 164813 MiB
2026/08/03 13:09:57.077, 5, P0, 36, 253.82 W, 1965 MHz, 3996 MHz, 6 %, 164813 MiB
2026/08/03 13:09:57.077, 6, P0, 34, 268.09 W, 1965 MHz, 3996 MHz, 30 %, 164813 MiB
2026/08/03 13:09:57.077, 7, P0, 38, 275.28 W, 1965 MHz, 3996 MHz, 36 %, 163853 MiB
2026/08/03 13:09:58.077, 0, P0, 37, 275.78 W, 1965 MHz, 3996 MHz, 51 %, 164621 MiB
2026/08/03 13:09:58.077, 1, P0, 34, 270.55 W, 1965 MHz, 3996 MHz, 49 %, 164813 MiB
2026/08/03 13:09:58.077, 2, P0, 38, 282.68 W, 1965 MHz, 3996 MHz, 83 %, 164813 MiB
2026/08/03 13:09:58.078, 3, P0, 34, 278.98 W, 1965 MHz, 3996 MHz, 51 %, 164813 MiB
2026/08/03 13:09:58.078, 4, P0, 34, 268.35 W, 1965 MHz, 3996 MHz, 55 %, 164813 MiB
2026/08/03 13:09:58.078, 5, P0, 36, 254.68 W, 1965 MHz, 3996 MHz, 6 %, 164813 MiB
2026/08/03 13:09:58.078, 6, P0, 34, 264.52 W, 1965 MHz, 3996 MHz, 33 %, 164813 MiB
2026/08/03 13:09:58.078, 7, P0, 38, 274.23 W, 1965 MHz, 3996 MHz, 49 %, 163853 MiB
2026/08/03 13:09:59.078, 0, P0, 39, 337.88 W, 1965 MHz, 3996 MHz, 83 %, 164621 MiB
2026/08/03 13:09:59.078, 1, P0, 36, 337.29 W, 1965 MHz, 3996 MHz, 43 %, 164813 MiB
2026/08/03 13:09:59.078, 2, P0, 39, 345.76 W, 1965 MHz, 3996 MHz, 73 %, 164813 MiB
2026/08/03 13:09:59.078, 3, P0, 35, 338.88 W, 1965 MHz, 3996 MHz, 86 %, 164813 MiB
2026/08/03 13:09:59.078, 4, P0, 36, 329.63 W, 1965 MHz, 3996 MHz, 44 %, 164813 MiB
2026/08/03 13:09:59.078, 5, P0, 38, 326.80 W, 1965 MHz, 3996 MHz, 10 %, 164813 MiB
2026/08/03 13:09:59.078, 6, P0, 35, 317.57 W, 1965 MHz, 3996 MHz, 16 %, 164813 MiB
2026/08/03 13:09:59.078, 7, P0, 39, 328.55 W, 1965 MHz, 3996 MHz, 40 %, 163853 MiB
2026/08/03 13:10:00.078, 0, P0, 37, 282.26 W, 1965 MHz, 3996 MHz, 48 %, 164621 MiB
2026/08/03 13:10:00.078, 1, P0, 34, 276.84 W, 1965 MHz, 3996 MHz, 65 %, 164813 MiB
2026/08/03 13:10:00.078, 2, P0, 38, 284.04 W, 1965 MHz, 3996 MHz, 74 %, 164813 MiB
2026/08/03 13:10:00.078, 3, P0, 34, 283.55 W, 1965 MHz, 3996 MHz, 65 %, 164813 MiB
2026/08/03 13:10:00.078, 4, P0, 35, 271.53 W, 1965 MHz, 3996 MHz, 50 %, 164813 MiB
2026/08/03 13:10:00.078, 5, P0, 37, 256.09 W, 1965 MHz, 3996 MHz, 7 %, 164813 MiB
2026/08/03 13:10:00.078, 6, P0, 34, 267.79 W, 1965 MHz, 3996 MHz, 39 %, 164813 MiB
2026/08/03 13:10:00.078, 7, P0, 38, 278.05 W, 1965 MHz, 3996 MHz, 57 %, 163853 MiB
2026/08/03 13:10:01.078, 0, P0, 40, 327.46 W, 1965 MHz, 3996 MHz, 63 %, 164621 MiB
2026/08/03 13:10:01.078, 1, P0, 34, 278.83 W, 1965 MHz, 3996 MHz, 68 %, 164813 MiB
2026/08/03 13:10:01.078, 2, P0, 42, 316.15 W, 1965 MHz, 3996 MHz, 81 %, 164813 MiB
2026/08/03 13:10:01.078, 3, P0, 34, 295.80 W, 1965 MHz, 3996 MHz, 68 %, 164813 MiB
2026/08/03 13:10:01.078, 4, P0, 38, 316.92 W, 1965 MHz, 3996 MHz, 90 %, 164813 MiB
2026/08/03 13:10:01.078, 5, P0, 36, 287.29 W, 1965 MHz, 3996 MHz, 46 %, 164813 MiB
2026/08/03 13:10:01.078, 6, P0, 37, 314.72 W, 1965 MHz, 3996 MHz, 65 %, 164813 MiB
2026/08/03 13:10:01.078, 7, P0, 42, 326.37 W, 1965 MHz, 3996 MHz, 67 %, 163853 MiB
2026/08/03 13:10:02.078, 0, P0, 37, 306.37 W, 1965 MHz, 3996 MHz, 41 %, 164621 MiB
2026/08/03 13:10:02.078, 1, P0, 34, 336.11 W, 1965 MHz, 3996 MHz, 54 %, 164813 MiB
2026/08/03 13:10:02.079, 2, P0, 38, 321.54 W, 1965 MHz, 3996 MHz, 69 %, 164813 MiB
2026/08/03 13:10:02.079, 3, P0, 34, 341.52 W, 1965 MHz, 3996 MHz, 76 %, 164813 MiB
2026/08/03 13:10:02.079, 4, P0, 35, 306.26 W, 1965 MHz, 3996 MHz, 47 %, 164813 MiB
2026/08/03 13:10:02.079, 5, P0, 37, 299.46 W, 1965 MHz, 3996 MHz, 6 %, 164813 MiB
2026/08/03 13:10:02.079, 6, P0, 34, 269.74 W, 1965 MHz, 3996 MHz, 31 %, 164813 MiB
2026/08/03 13:10:02.079, 7, P0, 38, 291.39 W, 1965 MHz, 3996 MHz, 53 %, 163853 MiB
2026/08/03 13:10:03.079, 0, P0, 37, 280.83 W, 1965 MHz, 3996 MHz, 45 %, 164621 MiB
2026/08/03 13:10:03.079, 1, P0, 34, 271.46 W, 1965 MHz, 3996 MHz, 34 %, 164813 MiB
2026/08/03 13:10:03.079, 2, P0, 38, 282.91 W, 1965 MHz, 3996 MHz, 71 %, 164813 MiB
2026/08/03 13:10:03.079, 3, P0, 34, 282.33 W, 1965 MHz, 3996 MHz, 61 %, 164813 MiB
2026/08/03 13:10:03.079, 4, P0, 35, 274.50 W, 1965 MHz, 3996 MHz, 51 %, 164813 MiB
2026/08/03 13:10:03.079, 5, P0, 37, 259.31 W, 1965 MHz, 3996 MHz, 14 %, 164813 MiB
2026/08/03 13:10:03.079, 6, P0, 34, 273.32 W, 1965 MHz, 3996 MHz, 22 %, 164813 MiB
2026/08/03 13:10:03.079, 7, P0, 38, 277.82 W, 1965 MHz, 3996 MHz, 32 %, 163853 MiB
2026/08/03 13:10:04.079, 0, P0, 37, 273.19 W, 1965 MHz, 3996 MHz, 56 %, 164621 MiB
2026/08/03 13:10:04.079, 1, P0, 34, 271.03 W, 1965 MHz, 3996 MHz, 53 %, 164813 MiB
2026/08/03 13:10:04.079, 2, P0, 38, 280.07 W, 1965 MHz, 3996 MHz, 79 %, 164813 MiB
2026/08/03 13:10:04.079, 3, P0, 34, 278.73 W, 1965 MHz, 3996 MHz, 72 %, 164813 MiB
2026/08/03 13:10:04.079, 4, P0, 34, 268.17 W, 1965 MHz, 3996 MHz, 54 %, 164813 MiB
2026/08/03 13:10:04.079, 5, P0, 36, 253.57 W, 1965 MHz, 3996 MHz, 11 %, 164813 MiB
2026/08/03 13:10:04.079, 6, P0, 34, 266.76 W, 1965 MHz, 3996 MHz, 32 %, 164813 MiB
2026/08/03 13:10:04.079, 7, P0, 38, 272.98 W, 1965 MHz, 3996 MHz, 51 %, 163853 MiB
2026/08/03 13:10:05.079, 0, P0, 37, 271.91 W, 1965 MHz, 3996 MHz, 50 %, 164621 MiB
2026/08/03 13:10:05.079, 1, P0, 34, 272.26 W, 1965 MHz, 3996 MHz, 54 %, 164813 MiB
2026/08/03 13:10:05.079, 2, P0, 38, 276.79 W, 1965 MHz, 3996 MHz, 74 %, 164813 MiB
2026/08/03 13:10:05.079, 3, P0, 34, 277.56 W, 1965 MHz, 3996 MHz, 64 %, 164813 MiB
2026/08/03 13:10:05.079, 4, P0, 35, 270.22 W, 1965 MHz, 3996 MHz, 63 %, 164813 MiB
2026/08/03 13:10:05.079, 5, P0, 36, 256.97 W, 1965 MHz, 3996 MHz, 15 %, 164813 MiB
2026/08/03 13:10:05.079, 6, P0, 34, 266.65 W, 1965 MHz, 3996 MHz, 32 %, 164813 MiB
2026/08/03 13:10:05.079, 7, P0, 38, 276.52 W, 1965 MHz, 3996 MHz, 62 %, 163853 MiB
2026/08/03 13:10:06.079, 0, P0, 37, 273.32 W, 1965 MHz, 3996 MHz, 44 %, 164621 MiB
2026/08/03 13:10:06.080, 1, P0, 34, 270.85 W, 1965 MHz, 3996 MHz, 50 %, 164813 MiB
2026/08/03 13:10:06.080, 2, P0, 38, 281.75 W, 1965 MHz, 3996 MHz, 81 %, 164813 MiB
2026/08/03 13:10:06.080, 3, P0, 34, 281.09 W, 1965 MHz, 3996 MHz, 71 %, 164813 MiB
2026/08/03 13:10:06.080, 4, P0, 34, 269.58 W, 1965 MHz, 3996 MHz, 49 %, 164813 MiB
2026/08/03 13:10:06.080, 5, P0, 36, 255.29 W, 1965 MHz, 3996 MHz, 9 %, 164813 MiB
2026/08/03 13:10:06.080, 6, P0, 34, 267.10 W, 1965 MHz, 3996 MHz, 30 %, 164813 MiB
2026/08/03 13:10:06.080, 7, P0, 38, 273.83 W, 1965 MHz, 3996 MHz, 55 %, 163853 MiB
2026/08/03 13:10:07.080, 0, P0, 37, 277.80 W, 1965 MHz, 3996 MHz, 71 %, 164621 MiB
2026/08/03 13:10:07.080, 1, P0, 34, 277.67 W, 1965 MHz, 3996 MHz, 58 %, 164813 MiB
2026/08/03 13:10:07.080, 2, P0, 38, 280.91 W, 1965 MHz, 3996 MHz, 76 %, 164813 MiB
2026/08/03 13:10:07.080, 3, P0, 34, 281.76 W, 1965 MHz, 3996 MHz, 68 %, 164813 MiB
2026/08/03 13:10:07.080, 4, P0, 34, 272.03 W, 1965 MHz, 3996 MHz, 52 %, 164813 MiB
2026/08/03 13:10:07.080, 5, P0, 37, 259.20 W, 1965 MHz, 3996 MHz, 9 %, 164813 MiB
2026/08/03 13:10:07.080, 6, P0, 34, 262.71 W, 1965 MHz, 3996 MHz, 33 %, 164813 MiB
2026/08/03 13:10:07.080, 7, P0, 38, 271.70 W, 1965 MHz, 3996 MHz, 26 %, 163853 MiB
2026/08/03 13:10:08.080, 0, P0, 37, 275.78 W, 1965 MHz, 3996 MHz, 55 %, 164621 MiB
2026/08/03 13:10:08.080, 1, P0, 34, 273.41 W, 1965 MHz, 3996 MHz, 61 %, 164813 MiB
2026/08/03 13:10:08.081, 2, P0, 38, 281.36 W, 1965 MHz, 3996 MHz, 73 %, 164813 MiB
2026/08/03 13:10:08.082, 3, P0, 34, 279.80 W, 1965 MHz, 3996 MHz, 79 %, 164813 MiB
2026/08/03 13:10:08.083, 4, P0, 34, 266.42 W, 1965 MHz, 3996 MHz, 63 %, 164813 MiB
2026/08/03 13:10:08.084, 5, P0, 37, 256.97 W, 1965 MHz, 3996 MHz, 10 %, 164813 MiB
2026/08/03 13:10:08.085, 6, P0, 34, 263.82 W, 1965 MHz, 3996 MHz, 25 %, 164813 MiB
2026/08/03 13:10:08.087, 7, P0, 38, 271.87 W, 1965 MHz, 3996 MHz, 63 %, 163853 MiB
2026/08/03 13:10:09.087, 0, P0, 37, 267.56 W, 1965 MHz, 3996 MHz, 68 %, 164621 MiB
2026/08/03 13:10:09.087, 1, P0, 34, 276.92 W, 1965 MHz, 3996 MHz, 64 %, 164813 MiB
2026/08/03 13:10:09.087, 2, P0, 38, 280.84 W, 1965 MHz, 3996 MHz, 82 %, 164813 MiB
2026/08/03 13:10:09.087, 3, P0, 34, 280.12 W, 1965 MHz, 3996 MHz, 83 %, 164813 MiB
2026/08/03 13:10:09.087, 4, P0, 34, 269.62 W, 1965 MHz, 3996 MHz, 59 %, 164813 MiB
2026/08/03 13:10:09.087, 5, P0, 36, 256.43 W, 1965 MHz, 3996 MHz, 7 %, 164813 MiB
2026/08/03 13:10:09.087, 6, P0, 34, 266.15 W, 1965 MHz, 3996 MHz, 55 %, 164813 MiB
2026/08/03 13:10:09.087, 7, P0, 38, 274.22 W, 1965 MHz, 3996 MHz, 59 %, 163853 MiB
2026/08/03 13:10:10.087, 0, P0, 37, 278.96 W, 1965 MHz, 3996 MHz, 62 %, 164621 MiB
2026/08/03 13:10:10.087, 1, P0, 34, 281.26 W, 1965 MHz, 3996 MHz, 62 %, 164813 MiB
2026/08/03 13:10:10.087, 2, P0, 38, 282.21 W, 1965 MHz, 3996 MHz, 75 %, 164813 MiB
2026/08/03 13:10:10.087, 3, P0, 34, 284.48 W, 1965 MHz, 3996 MHz, 84 %, 164813 MiB
2026/08/03 13:10:10.087, 4, P0, 34, 274.68 W, 1965 MHz, 3996 MHz, 58 %, 164813 MiB
2026/08/03 13:10:10.087, 5, P0, 36, 254.91 W, 1965 MHz, 3996 MHz, 6 %, 164813 MiB
2026/08/03 13:10:10.087, 6, P0, 34, 264.24 W, 1965 MHz, 3996 MHz, 27 %, 164813 MiB
2026/08/03 13:10:10.087, 7, P0, 38, 278.83 W, 1965 MHz, 3996 MHz, 50 %, 163853 MiB
2026/08/03 13:10:11.087, 0, P0, 37, 271.42 W, 1965 MHz, 3996 MHz, 58 %, 164621 MiB
2026/08/03 13:10:11.087, 1, P0, 34, 278.89 W, 1965 MHz, 3996 MHz, 52 %, 164813 MiB
2026/08/03 13:10:11.087, 2, P0, 38, 280.01 W, 1965 MHz, 3996 MHz, 87 %, 164813 MiB
2026/08/03 13:10:11.087, 3, P0, 34, 274.76 W, 1965 MHz, 3996 MHz, 70 %, 164813 MiB
2026/08/03 13:10:11.087, 4, P0, 34, 265.67 W, 1965 MHz, 3996 MHz, 10 %, 164813 MiB
2026/08/03 13:10:11.087, 5, P0, 36, 257.57 W, 1965 MHz, 3996 MHz, 17 %, 164813 MiB
2026/08/03 13:10:11.087, 6, P0, 33, 257.29 W, 1965 MHz, 3996 MHz, 27 %, 164813 MiB
2026/08/03 13:10:11.087, 7, P0, 38, 275.55 W, 1965 MHz, 3996 MHz, 56 %, 163853 MiB
2026/08/03 13:10:12.088, 0, P0, 37, 270.35 W, 1965 MHz, 3996 MHz, 38 %, 164621 MiB
2026/08/03 13:10:12.088, 1, P0, 34, 277.79 W, 1965 MHz, 3996 MHz, 49 %, 164813 MiB
2026/08/03 13:10:12.088, 2, P0, 38, 279.94 W, 1965 MHz, 3996 MHz, 73 %, 164813 MiB
2026/08/03 13:10:12.088, 3, P0, 34, 276.11 W, 1965 MHz, 3996 MHz, 57 %, 164813 MiB
2026/08/03 13:10:12.088, 4, P0, 34, 266.70 W, 1965 MHz, 3996 MHz, 40 %, 164813 MiB
2026/08/03 13:10:12.088, 5, P0, 36, 258.95 W, 1965 MHz, 3996 MHz, 8 %, 164813 MiB
2026/08/03 13:10:12.088, 6, P0, 33, 255.53 W, 1965 MHz, 3996 MHz, 21 %, 164813 MiB
2026/08/03 13:10:12.088, 7, P0, 38, 273.15 W, 1965 MHz, 3996 MHz, 46 %, 163853 MiB
2026/08/03 13:10:13.088, 0, P0, 37, 276.51 W, 1965 MHz, 3996 MHz, 34 %, 164621 MiB
2026/08/03 13:10:13.088, 1, P0, 34, 274.85 W, 1965 MHz, 3996 MHz, 76 %, 164813 MiB
2026/08/03 13:10:13.088, 2, P0, 38, 282.82 W, 1965 MHz, 3996 MHz, 85 %, 164813 MiB
2026/08/03 13:10:13.088, 3, P0, 34, 278.39 W, 1965 MHz, 3996 MHz, 71 %, 164813 MiB
2026/08/03 13:10:13.088, 4, P0, 34, 271.72 W, 1965 MHz, 3996 MHz, 84 %, 164813 MiB
2026/08/03 13:10:13.088, 5, P0, 37, 258.56 W, 1965 MHz, 3996 MHz, 74 %, 164813 MiB
2026/08/03 13:10:13.088, 6, P0, 34, 267.10 W, 1965 MHz, 3996 MHz, 70 %, 164813 MiB
2026/08/03 13:10:13.088, 7, P0, 38, 271.09 W, 1965 MHz, 3996 MHz, 16 %, 163853 MiB
2026/08/03 13:10:14.088, 0, P0, 37, 269.01 W, 1965 MHz, 3996 MHz, 36 %, 164621 MiB
2026/08/03 13:10:14.088, 1, P0, 34, 271.91 W, 1965 MHz, 3996 MHz, 46 %, 164813 MiB
2026/08/03 13:10:14.088, 2, P0, 38, 280.75 W, 1965 MHz, 3996 MHz, 73 %, 164813 MiB
2026/08/03 13:10:14.088, 3, P0, 34, 280.28 W, 1965 MHz, 3996 MHz, 74 %, 164813 MiB
2026/08/03 13:10:14.088, 4, P0, 34, 265.80 W, 1965 MHz, 3996 MHz, 37 %, 164813 MiB
2026/08/03 13:10:14.088, 5, P0, 36, 256.05 W, 1965 MHz, 3996 MHz, 11 %, 164813 MiB
2026/08/03 13:10:14.088, 6, P0, 33, 264.30 W, 1965 MHz, 3996 MHz, 30 %, 164813 MiB
2026/08/03 13:10:14.088, 7, P0, 38, 267.93 W, 1965 MHz, 3996 MHz, 44 %, 163853 MiB
2026/08/03 13:10:15.088, 0, P0, 37, 267.74 W, 1965 MHz, 3996 MHz, 38 %, 164621 MiB
2026/08/03 13:10:15.088, 1, P0, 34, 268.66 W, 1965 MHz, 3996 MHz, 52 %, 164813 MiB
2026/08/03 13:10:15.088, 2, P0, 37, 278.03 W, 1965 MHz, 3996 MHz, 50 %, 164813 MiB
2026/08/03 13:10:15.088, 3, P0, 34, 277.65 W, 1965 MHz, 3996 MHz, 74 %, 164813 MiB
2026/08/03 13:10:15.088, 4, P0, 34, 264.28 W, 1965 MHz, 3996 MHz, 46 %, 164813 MiB
2026/08/03 13:10:15.089, 5, P0, 36, 254.48 W, 1965 MHz, 3996 MHz, 6 %, 164813 MiB
2026/08/03 13:10:15.089, 6, P0, 34, 264.26 W, 1965 MHz, 3996 MHz, 51 %, 164813 MiB
2026/08/03 13:10:15.089, 7, P0, 38, 268.22 W, 1965 MHz, 3996 MHz, 60 %, 163853 MiB
2026/08/03 13:10:16.089, 0, P0, 37, 271.54 W, 1965 MHz, 3996 MHz, 28 %, 164621 MiB
2026/08/03 13:10:16.089, 1, P0, 34, 267.28 W, 1965 MHz, 3996 MHz, 34 %, 164813 MiB
2026/08/03 13:10:16.089, 2, P0, 38, 280.57 W, 1965 MHz, 3996 MHz, 71 %, 164813 MiB
2026/08/03 13:10:16.089, 3, P0, 34, 280.11 W, 1965 MHz, 3996 MHz, 71 %, 164813 MiB
2026/08/03 13:10:16.089, 4, P0, 34, 268.63 W, 1965 MHz, 3996 MHz, 32 %, 164813 MiB
2026/08/03 13:10:16.089, 5, P0, 36, 256.93 W, 1965 MHz, 3996 MHz, 7 %, 164813 MiB
2026/08/03 13:10:16.089, 6, P0, 34, 270.63 W, 1965 MHz, 3996 MHz, 26 %, 164813 MiB
2026/08/03 13:10:16.089, 7, P0, 38, 271.23 W, 1965 MHz, 3996 MHz, 29 %, 163853 MiB
2026/08/03 13:10:17.089, 0, P0, 37, 270.86 W, 1965 MHz, 3996 MHz, 38 %, 164621 MiB
2026/08/03 13:10:17.089, 1, P0, 34, 271.06 W, 1965 MHz, 3996 MHz, 45 %, 164813 MiB
2026/08/03 13:10:17.089, 2, P0, 38, 282.28 W, 1965 MHz, 3996 MHz, 78 %, 164813 MiB
2026/08/03 13:10:17.089, 3, P0, 34, 279.29 W, 1965 MHz, 3996 MHz, 69 %, 164813 MiB
2026/08/03 13:10:17.089, 4, P0, 34, 267.50 W, 1965 MHz, 3996 MHz, 45 %, 164813 MiB
2026/08/03 13:10:17.089, 5, P0, 36, 256.83 W, 1965 MHz, 3996 MHz, 8 %, 164813 MiB
2026/08/03 13:10:17.089, 6, P0, 33, 258.86 W, 1965 MHz, 3996 MHz, 20 %, 164813 MiB
2026/08/03 13:10:17.089, 7, P0, 38, 269.86 W, 1965 MHz, 3996 MHz, 41 %, 163853 MiB
2026/08/03 13:10:18.089, 0, P0, 37, 271.73 W, 1965 MHz, 3996 MHz, 31 %, 164621 MiB
2026/08/03 13:10:18.089, 1, P0, 34, 270.19 W, 1965 MHz, 3996 MHz, 53 %, 164813 MiB
2026/08/03 13:10:18.089, 2, P0, 37, 281.35 W, 1965 MHz, 3996 MHz, 88 %, 164813 MiB
2026/08/03 13:10:18.089, 3, P0, 34, 281.26 W, 1965 MHz, 3996 MHz, 74 %, 164813 MiB
2026/08/03 13:10:18.089, 4, P0, 34, 269.68 W, 1965 MHz, 3996 MHz, 62 %, 164813 MiB
2026/08/03 13:10:18.089, 5, P0, 36, 256.76 W, 1965 MHz, 3996 MHz, 6 %, 164813 MiB
2026/08/03 13:10:18.089, 6, P0, 33, 261.12 W, 1965 MHz, 3996 MHz, 37 %, 164813 MiB
2026/08/03 13:10:18.089, 7, P0, 38, 273.35 W, 1965 MHz, 3996 MHz, 55 %, 163853 MiB
2026/08/03 13:10:19.090, 0, P0, 37, 271.08 W, 1965 MHz, 3996 MHz, 32 %, 164621 MiB
2026/08/03 13:10:19.090, 1, P0, 34, 268.77 W, 1965 MHz, 3996 MHz, 54 %, 164813 MiB
2026/08/03 13:10:19.090, 2, P0, 38, 281.91 W, 1965 MHz, 3996 MHz, 78 %, 164813 MiB
2026/08/03 13:10:19.090, 3, P0, 34, 280.87 W, 1965 MHz, 3996 MHz, 74 %, 164813 MiB
2026/08/03 13:10:19.090, 4, P0, 34, 272.47 W, 1965 MHz, 3996 MHz, 55 %, 164813 MiB
2026/08/03 13:10:19.090, 5, P0, 36, 255.61 W, 1965 MHz, 3996 MHz, 17 %, 164813 MiB
2026/08/03 13:10:19.090, 6, P0, 33, 259.76 W, 1965 MHz, 3996 MHz, 18 %, 164813 MiB
2026/08/03 13:10:19.090, 7, P0, 38, 272.01 W, 1965 MHz, 3996 MHz, 44 %, 163853 MiB
2026/08/03 13:10:20.090, 0, P0, 37, 271.31 W, 1965 MHz, 3996 MHz, 34 %, 164621 MiB
2026/08/03 13:10:20.090, 1, P0, 34, 270.72 W, 1965 MHz, 3996 MHz, 63 %, 164813 MiB
2026/08/03 13:10:20.090, 2, P0, 38, 282.95 W, 1965 MHz, 3996 MHz, 84 %, 164813 MiB
2026/08/03 13:10:20.090, 3, P0, 34, 278.83 W, 1965 MHz, 3996 MHz, 62 %, 164813 MiB
2026/08/03 13:10:20.090, 4, P0, 34, 271.36 W, 1965 MHz, 3996 MHz, 74 %, 164813 MiB
2026/08/03 13:10:20.090, 5, P0, 36, 256.84 W, 1965 MHz, 3996 MHz, 24 %, 164813 MiB
2026/08/03 13:10:20.090, 6, P0, 34, 263.14 W, 1965 MHz, 3996 MHz, 51 %, 164813 MiB
2026/08/03 13:10:20.090, 7, P0, 38, 268.07 W, 1965 MHz, 3996 MHz, 19 %, 163853 MiB
2026/08/03 13:10:21.090, 0, P0, 37, 276.25 W, 1965 MHz, 3996 MHz, 52 %, 164621 MiB
2026/08/03 13:10:21.090, 1, P0, 34, 274.03 W, 1965 MHz, 3996 MHz, 52 %, 164813 MiB
2026/08/03 13:10:21.090, 2, P0, 38, 281.15 W, 1965 MHz, 3996 MHz, 74 %, 164813 MiB
2026/08/03 13:10:21.090, 3, P0, 34, 283.14 W, 1965 MHz, 3996 MHz, 78 %, 164813 MiB
2026/08/03 13:10:21.090, 4, P0, 34, 270.77 W, 1965 MHz, 3996 MHz, 58 %, 164813 MiB
2026/08/03 13:10:21.090, 5, P0, 36, 253.39 W, 1965 MHz, 3996 MHz, 7 %, 164813 MiB
2026/08/03 13:10:21.090, 6, P0, 34, 267.17 W, 1965 MHz, 3996 MHz, 29 %, 164813 MiB
2026/08/03 13:10:21.090, 7, P0, 38, 272.33 W, 1965 MHz, 3996 MHz, 60 %, 163853 MiB
2026/08/03 13:10:22.090, 0, P0, 37, 275.10 W, 1965 MHz, 3996 MHz, 49 %, 164621 MiB
2026/08/03 13:10:22.090, 1, P0, 34, 270.28 W, 1965 MHz, 3996 MHz, 48 %, 164813 MiB
2026/08/03 13:10:22.090, 2, P0, 37, 280.03 W, 1965 MHz, 3996 MHz, 72 %, 164813 MiB
2026/08/03 13:10:22.090, 3, P0, 34, 279.79 W, 1965 MHz, 3996 MHz, 71 %, 164813 MiB
2026/08/03 13:10:22.090, 4, P0, 34, 267.61 W, 1965 MHz, 3996 MHz, 55 %, 164813 MiB
2026/08/03 13:10:22.090, 5, P0, 36, 253.77 W, 1965 MHz, 3996 MHz, 11 %, 164813 MiB
2026/08/03 13:10:22.090, 6, P0, 34, 264.61 W, 1965 MHz, 3996 MHz, 29 %, 164813 MiB
2026/08/03 13:10:22.091, 7, P0, 38, 272.01 W, 1965 MHz, 3996 MHz, 41 %, 163853 MiB
2026/08/03 13:10:23.091, 0, P0, 37, 277.64 W, 1965 MHz, 3996 MHz, 51 %, 164621 MiB
2026/08/03 13:10:23.091, 1, P0, 34, 272.26 W, 1965 MHz, 3996 MHz, 57 %, 164813 MiB
2026/08/03 13:10:23.091, 2, P0, 38, 280.18 W, 1965 MHz, 3996 MHz, 62 %, 164813 MiB
2026/08/03 13:10:23.091, 3, P0, 34, 283.05 W, 1965 MHz, 3996 MHz, 67 %, 164813 MiB
2026/08/03 13:10:23.091, 4, P0, 34, 270.54 W, 1965 MHz, 3996 MHz, 44 %, 164813 MiB
2026/08/03 13:10:23.091, 5, P0, 36, 258.32 W, 1965 MHz, 3996 MHz, 19 %, 164813 MiB
2026/08/03 13:10:23.091, 6, P0, 33, 265.22 W, 1965 MHz, 3996 MHz, 23 %, 164813 MiB
2026/08/03 13:10:23.091, 7, P0, 38, 268.39 W, 1965 MHz, 3996 MHz, 47 %, 163853 MiB
2026/08/03 13:10:24.091, 0, P0, 37, 279.38 W, 1965 MHz, 3996 MHz, 61 %, 164621 MiB
2026/08/03 13:10:24.091, 1, P0, 34, 275.18 W, 1965 MHz, 3996 MHz, 57 %, 164813 MiB
2026/08/03 13:10:24.091, 2, P0, 38, 279.38 W, 1965 MHz, 3996 MHz, 85 %, 164813 MiB
2026/08/03 13:10:24.091, 3, P0, 34, 282.60 W, 1965 MHz, 3996 MHz, 76 %, 164813 MiB
2026/08/03 13:10:24.091, 4, P0, 34, 272.94 W, 1965 MHz, 3996 MHz, 66 %, 164813 MiB
2026/08/03 13:10:24.091, 5, P0, 36, 253.80 W, 1965 MHz, 3996 MHz, 12 %, 164813 MiB
2026/08/03 13:10:24.091, 6, P0, 34, 269.32 W, 1965 MHz, 3996 MHz, 36 %, 164813 MiB
2026/08/03 13:10:24.091, 7, P0, 38, 271.78 W, 1965 MHz, 3996 MHz, 48 %, 163853 MiB
2026/08/03 13:10:25.091, 0, P0, 37, 269.18 W, 1965 MHz, 3996 MHz, 10 %, 164621 MiB
2026/08/03 13:10:25.091, 1, P0, 34, 273.12 W, 1965 MHz, 3996 MHz, 43 %, 164813 MiB
2026/08/03 13:10:25.091, 2, P0, 37, 282.92 W, 1965 MHz, 3996 MHz, 74 %, 164813 MiB
2026/08/03 13:10:25.091, 3, P0, 34, 283.66 W, 1965 MHz, 3996 MHz, 61 %, 164813 MiB
2026/08/03 13:10:25.091, 4, P0, 34, 273.42 W, 1965 MHz, 3996 MHz, 54 %, 164813 MiB
2026/08/03 13:10:25.091, 5, P0, 36, 262.11 W, 1965 MHz, 3996 MHz, 9 %, 164813 MiB
2026/08/03 13:10:25.091, 6, P0, 34, 267.46 W, 1965 MHz, 3996 MHz, 54 %, 164813 MiB
2026/08/03 13:10:25.091, 7, P0, 38, 278.09 W, 1965 MHz, 3996 MHz, 50 %, 163853 MiB
2026/08/03 13:10:26.091, 0, P0, 37, 276.04 W, 1965 MHz, 3996 MHz, 64 %, 164621 MiB
2026/08/03 13:10:26.091, 1, P0, 34, 275.15 W, 1965 MHz, 3996 MHz, 63 %, 164813 MiB
2026/08/03 13:10:26.092, 2, P0, 38, 282.54 W, 1965 MHz, 3996 MHz, 72 %, 164813 MiB
2026/08/03 13:10:26.092, 3, P0, 34, 277.60 W, 1965 MHz, 3996 MHz, 61 %, 164813 MiB
2026/08/03 13:10:26.092, 4, P0, 34, 274.51 W, 1965 MHz, 3996 MHz, 62 %, 164813 MiB
2026/08/03 13:10:26.092, 5, P0, 36, 259.17 W, 1965 MHz, 3996 MHz, 6 %, 164813 MiB
2026/08/03 13:10:26.092, 6, P0, 34, 267.09 W, 1965 MHz, 3996 MHz, 38 %, 164813 MiB
2026/08/03 13:10:26.092, 7, P0, 38, 271.76 W, 1965 MHz, 3996 MHz, 52 %, 163853 MiB
2026/08/03 13:10:27.092, 0, P0, 37, 273.65 W, 1965 MHz, 3996 MHz, 48 %, 164621 MiB
2026/08/03 13:10:27.092, 1, P0, 34, 275.71 W, 1965 MHz, 3996 MHz, 73 %, 164813 MiB
2026/08/03 13:10:27.092, 2, P0, 38, 281.06 W, 1965 MHz, 3996 MHz, 93 %, 164813 MiB
2026/08/03 13:10:27.092, 3, P0, 34, 281.22 W, 1965 MHz, 3996 MHz, 62 %, 164813 MiB
2026/08/03 13:10:27.092, 4, P0, 34, 270.64 W, 1965 MHz, 3996 MHz, 75 %, 164813 MiB
2026/08/03 13:10:27.092, 5, P0, 36, 256.32 W, 1965 MHz, 3996 MHz, 6 %, 164813 MiB
2026/08/03 13:10:27.092, 6, P0, 34, 270.02 W, 1965 MHz, 3996 MHz, 73 %, 164813 MiB
2026/08/03 13:10:27.092, 7, P0, 38, 273.22 W, 1965 MHz, 3996 MHz, 71 %, 163853 MiB
2026/08/03 13:10:28.092, 0, P0, 37, 272.86 W, 1965 MHz, 3996 MHz, 62 %, 164621 MiB
2026/08/03 13:10:28.092, 1, P0, 34, 272.19 W, 1965 MHz, 3996 MHz, 44 %, 164813 MiB
2026/08/03 13:10:28.092, 2, P0, 37, 280.74 W, 1965 MHz, 3996 MHz, 74 %, 164813 MiB
2026/08/03 13:10:28.092, 3, P0, 34, 281.09 W, 1965 MHz, 3996 MHz, 79 %, 164813 MiB
2026/08/03 13:10:28.092, 4, P0, 34, 270.63 W, 1965 MHz, 3996 MHz, 43 %, 164813 MiB
2026/08/03 13:10:28.092, 5, P0, 36, 255.28 W, 1965 MHz, 3996 MHz, 6 %, 164813 MiB
2026/08/03 13:10:28.092, 6, P0, 34, 263.32 W, 1965 MHz, 3996 MHz, 24 %, 164813 MiB
2026/08/03 13:10:28.092, 7, P0, 38, 273.95 W, 1965 MHz, 3996 MHz, 43 %, 163853 MiB
2026/08/03 13:10:29.092, 0, P0, 37, 276.95 W, 1965 MHz, 3996 MHz, 68 %, 164621 MiB
2026/08/03 13:10:29.092, 1, P0, 34, 273.36 W, 1965 MHz, 3996 MHz, 63 %, 164813 MiB
2026/08/03 13:10:29.092, 2, P0, 38, 282.48 W, 1965 MHz, 3996 MHz, 76 %, 164813 MiB
2026/08/03 13:10:29.092, 3, P0, 34, 276.64 W, 1965 MHz, 3996 MHz, 66 %, 164813 MiB
2026/08/03 13:10:29.092, 4, P0, 34, 269.57 W, 1965 MHz, 3996 MHz, 62 %, 164813 MiB
2026/08/03 13:10:29.092, 5, P0, 36, 258.02 W, 1965 MHz, 3996 MHz, 30 %, 164813 MiB
2026/08/03 13:10:29.092, 6, P0, 33, 266.29 W, 1965 MHz, 3996 MHz, 14 %, 164813 MiB
2026/08/03 13:10:29.092, 7, P0, 38, 276.82 W, 1965 MHz, 3996 MHz, 58 %, 163853 MiB
2026/08/03 13:10:30.093, 0, P0, 37, 273.45 W, 1965 MHz, 3996 MHz, 35 %, 164621 MiB
2026/08/03 13:10:30.093, 1, P0, 34, 273.92 W, 1965 MHz, 3996 MHz, 59 %, 164813 MiB
2026/08/03 13:10:30.093, 2, P0, 38, 280.67 W, 1965 MHz, 3996 MHz, 82 %, 164813 MiB
2026/08/03 13:10:30.093, 3, P0, 34, 280.79 W, 1965 MHz, 3996 MHz, 66 %, 164813 MiB
2026/08/03 13:10:30.093, 4, P0, 34, 269.19 W, 1965 MHz, 3996 MHz, 63 %, 164813 MiB
2026/08/03 13:10:30.093, 5, P0, 36, 253.27 W, 1965 MHz, 3996 MHz, 9 %, 164813 MiB
2026/08/03 13:10:30.093, 6, P0, 34, 266.41 W, 1965 MHz, 3996 MHz, 35 %, 164813 MiB
2026/08/03 13:10:30.093, 7, P0, 38, 274.14 W, 1965 MHz, 3996 MHz, 61 %, 163853 MiB
2026/08/03 13:10:31.093, 0, P0, 37, 282.57 W, 1965 MHz, 3996 MHz, 70 %, 164621 MiB
2026/08/03 13:10:31.093, 1, P0, 34, 272.82 W, 1965 MHz, 3996 MHz, 32 %, 164813 MiB
2026/08/03 13:10:31.093, 2, P0, 38, 283.98 W, 1965 MHz, 3996 MHz, 88 %, 164813 MiB
2026/08/03 13:10:31.093, 3, P0, 34, 282.10 W, 1965 MHz, 3996 MHz, 82 %, 164813 MiB
2026/08/03 13:10:31.093, 4, P0, 35, 274.22 W, 1965 MHz, 3996 MHz, 89 %, 164813 MiB
2026/08/03 13:10:31.093, 5, P0, 36, 255.01 W, 1965 MHz, 3996 MHz, 12 %, 164813 MiB
2026/08/03 13:10:31.093, 6, P0, 34, 272.15 W, 1965 MHz, 3996 MHz, 82 %, 164813 MiB
2026/08/03 13:10:31.093, 7, P0, 38, 278.93 W, 1965 MHz, 3996 MHz, 79 %, 163853 MiB
2026/08/03 13:10:32.093, 0, P0, 37, 276.42 W, 1965 MHz, 3996 MHz, 39 %, 164621 MiB
2026/08/03 13:10:32.093, 1, P0, 34, 273.85 W, 1965 MHz, 3996 MHz, 44 %, 164813 MiB
2026/08/03 13:10:32.093, 2, P0, 38, 283.20 W, 1965 MHz, 3996 MHz, 70 %, 164813 MiB
2026/08/03 13:10:32.093, 3, P0, 34, 284.15 W, 1965 MHz, 3996 MHz, 66 %, 164813 MiB
2026/08/03 13:10:32.093, 4, P0, 34, 273.75 W, 1965 MHz, 3996 MHz, 63 %, 164813 MiB
2026/08/03 13:10:32.093, 5, P0, 36, 252.76 W, 1965 MHz, 3996 MHz, 7 %, 164813 MiB
2026/08/03 13:10:32.093, 6, P0, 34, 268.24 W, 1965 MHz, 3996 MHz, 33 %, 164813 MiB
2026/08/03 13:10:32.093, 7, P0, 38, 275.33 W, 1965 MHz, 3996 MHz, 39 %, 163853 MiB
2026/08/03 13:10:33.093, 0, P0, 37, 280.30 W, 1965 MHz, 3996 MHz, 65 %, 164621 MiB
2026/08/03 13:10:33.093, 1, P0, 34, 275.43 W, 1965 MHz, 3996 MHz, 58 %, 164813 MiB
2026/08/03 13:10:33.093, 2, P0, 38, 283.41 W, 1965 MHz, 3996 MHz, 87 %, 164813 MiB
2026/08/03 13:10:33.093, 3, P0, 34, 284.71 W, 1965 MHz, 3996 MHz, 80 %, 164813 MiB
2026/08/03 13:10:33.093, 4, P0, 34, 272.70 W, 1965 MHz, 3996 MHz, 67 %, 164813 MiB
2026/08/03 13:10:33.094, 5, P0, 36, 254.13 W, 1965 MHz, 3996 MHz, 6 %, 164813 MiB
2026/08/03 13:10:33.094, 6, P0, 34, 267.83 W, 1965 MHz, 3996 MHz, 52 %, 164813 MiB
2026/08/03 13:10:33.094, 7, P0, 38, 275.20 W, 1965 MHz, 3996 MHz, 67 %, 163853 MiB
2026/08/03 13:10:34.094, 0, P0, 37, 279.28 W, 1965 MHz, 3996 MHz, 72 %, 164621 MiB
2026/08/03 13:10:34.094, 1, P0, 34, 275.01 W, 1965 MHz, 3996 MHz, 30 %, 164813 MiB
2026/08/03 13:10:34.094, 2, P0, 38, 284.02 W, 1965 MHz, 3996 MHz, 83 %, 164813 MiB
2026/08/03 13:10:34.094, 3, P0, 34, 283.07 W, 1965 MHz, 3996 MHz, 68 %, 164813 MiB
2026/08/03 13:10:34.094, 4, P0, 35, 275.54 W, 1965 MHz, 3996 MHz, 67 %, 164813 MiB
2026/08/03 13:10:34.094, 5, P0, 36, 253.58 W, 1965 MHz, 3996 MHz, 6 %, 164813 MiB
2026/08/03 13:10:34.094, 6, P0, 34, 272.43 W, 1965 MHz, 3996 MHz, 59 %, 164813 MiB
2026/08/03 13:10:34.094, 7, P0, 38, 278.79 W, 1965 MHz, 3996 MHz, 51 %, 163853 MiB
2026/08/03 13:10:35.094, 0, P0, 37, 278.89 W, 1965 MHz, 3996 MHz, 44 %, 164621 MiB
2026/08/03 13:10:35.094, 1, P0, 34, 275.24 W, 1965 MHz, 3996 MHz, 54 %, 164813 MiB
2026/08/03 13:10:35.094, 2, P0, 38, 283.03 W, 1965 MHz, 3996 MHz, 79 %, 164813 MiB
2026/08/03 13:10:35.094, 3, P0, 34, 282.60 W, 1965 MHz, 3996 MHz, 62 %, 164813 MiB
2026/08/03 13:10:35.094, 4, P0, 35, 273.62 W, 1965 MHz, 3996 MHz, 85 %, 164813 MiB
2026/08/03 13:10:35.094, 5, P0, 36, 254.84 W, 1965 MHz, 3996 MHz, 24 %, 164813 MiB
2026/08/03 13:10:35.094, 6, P0, 34, 268.14 W, 1965 MHz, 3996 MHz, 6 %, 164813 MiB
2026/08/03 13:10:35.094, 7, P0, 38, 277.86 W, 1965 MHz, 3996 MHz, 41 %, 163853 MiB
2026/08/03 13:10:36.094, 0, P0, 43, 410.37 W, 1965 MHz, 3996 MHz, 58 %, 168749 MiB
2026/08/03 13:10:36.094, 1, P0, 40, 416.79 W, 1927 MHz, 3996 MHz, 95 %, 168941 MiB
2026/08/03 13:10:36.094, 2, P0, 44, 387.72 W, 1965 MHz, 3996 MHz, 100 %, 168941 MiB
2026/08/03 13:10:36.094, 3, P0, 40, 367.36 W, 1965 MHz, 3996 MHz, 68 %, 168941 MiB
2026/08/03 13:10:36.094, 4, P0, 41, 391.53 W, 1957 MHz, 3996 MHz, 100 %, 168941 MiB
2026/08/03 13:10:36.094, 5, P0, 41, 369.77 W, 1860 MHz, 3996 MHz, 100 %, 168941 MiB
2026/08/03 13:10:36.094, 6, P0, 39, 382.64 W, 1965 MHz, 3996 MHz, 100 %, 168941 MiB
2026/08/03 13:10:36.094, 7, P0, 44, 372.68 W, 1965 MHz, 3996 MHz, 100 %, 167981 MiB
2026/08/03 13:10:37.094, 0, P0, 38, 454.71 W, 1965 MHz, 3996 MHz, 27 %, 168749 MiB
2026/08/03 13:10:37.095, 1, P0, 35, 436.18 W, 1965 MHz, 3996 MHz, 29 %, 168941 MiB
2026/08/03 13:10:37.095, 2, P0, 39, 478.44 W, 1965 MHz, 3996 MHz, 78 %, 168941 MiB
2026/08/03 13:10:37.095, 3, P0, 35, 497.59 W, 1965 MHz, 3996 MHz, 74 %, 168941 MiB
2026/08/03 13:10:37.095, 4, P0, 36, 459.70 W, 1965 MHz, 3996 MHz, 80 %, 168941 MiB
2026/08/03 13:10:37.095, 5, P0, 38, 467.78 W, 1965 MHz, 3996 MHz, 37 %, 168941 MiB
2026/08/03 13:10:37.095, 6, P0, 35, 419.72 W, 1965 MHz, 3996 MHz, 55 %, 168941 MiB
2026/08/03 13:10:37.095, 7, P0, 39, 415.77 W, 1965 MHz, 3996 MHz, 22 %, 167981 MiB
2026/08/03 13:10:38.095, 0, P0, 37, 277.00 W, 1965 MHz, 3996 MHz, 47 %, 168749 MiB
2026/08/03 13:10:38.095, 1, P0, 35, 276.98 W, 1965 MHz, 3996 MHz, 48 %, 168941 MiB
2026/08/03 13:10:38.095, 2, P0, 38, 285.53 W, 1965 MHz, 3996 MHz, 76 %, 168941 MiB
2026/08/03 13:10:38.095, 3, P0, 34, 286.58 W, 1965 MHz, 3996 MHz, 72 %, 168941 MiB
2026/08/03 13:10:38.095, 4, P0, 35, 276.21 W, 1965 MHz, 3996 MHz, 63 %, 168941 MiB
2026/08/03 13:10:38.095, 5, P0, 37, 263.13 W, 1965 MHz, 3996 MHz, 10 %, 168941 MiB
2026/08/03 13:10:38.095, 6, P0, 34, 274.09 W, 1965 MHz, 3996 MHz, 30 %, 168941 MiB
2026/08/03 13:10:38.095, 7, P0, 38, 272.45 W, 1965 MHz, 3996 MHz, 28 %, 167981 MiB
2026/08/03 13:10:39.095, 0, P0, 41, 570.76 W, 1965 MHz, 3996 MHz, 64 %, 168749 MiB
2026/08/03 13:10:39.095, 1, P0, 37, 571.95 W, 1965 MHz, 3996 MHz, 74 %, 168941 MiB
2026/08/03 13:10:39.095, 2, P0, 41, 566.94 W, 1965 MHz, 3996 MHz, 79 %, 168941 MiB
2026/08/03 13:10:39.095, 3, P0, 37, 569.72 W, 1965 MHz, 3996 MHz, 74 %, 168941 MiB
2026/08/03 13:10:39.095, 4, P0, 38, 573.90 W, 1965 MHz, 3996 MHz, 64 %, 168941 MiB
2026/08/03 13:10:39.095, 5, P0, 40, 566.32 W, 1965 MHz, 3996 MHz, 50 %, 168941 MiB
2026/08/03 13:10:39.095, 6, P0, 37, 532.11 W, 1965 MHz, 3996 MHz, 31 %, 168941 MiB
2026/08/03 13:10:39.095, 7, P0, 41, 518.71 W, 1965 MHz, 3996 MHz, 7 %, 167981 MiB
2026/08/03 13:10:40.095, 0, P0, 38, 285.42 W, 1965 MHz, 3996 MHz, 56 %, 168749 MiB
2026/08/03 13:10:40.095, 1, P0, 35, 279.64 W, 1965 MHz, 3996 MHz, 21 %, 168941 MiB
2026/08/03 13:10:40.095, 2, P0, 38, 289.16 W, 1965 MHz, 3996 MHz, 76 %, 168941 MiB
2026/08/03 13:10:40.095, 3, P0, 35, 289.33 W, 1965 MHz, 3996 MHz, 71 %, 168941 MiB
2026/08/03 13:10:40.095, 4, P0, 35, 279.10 W, 1965 MHz, 3996 MHz, 58 %, 168941 MiB
2026/08/03 13:10:40.095, 5, P0, 37, 265.84 W, 1965 MHz, 3996 MHz, 12 %, 168941 MiB
2026/08/03 13:10:40.095, 6, P0, 34, 276.71 W, 1965 MHz, 3996 MHz, 52 %, 168941 MiB
2026/08/03 13:10:40.095, 7, P0, 39, 271.32 W, 1965 MHz, 3996 MHz, 47 %, 167981 MiB
2026/08/03 13:10:41.096, 0, P0, 42, 369.04 W, 1965 MHz, 3996 MHz, 35 %, 168749 MiB
2026/08/03 13:10:41.096, 1, P0, 40, 382.81 W, 1950 MHz, 3996 MHz, 55 %, 168941 MiB
2026/08/03 13:10:41.096, 2, P0, 43, 355.77 W, 1965 MHz, 3996 MHz, 78 %, 168941 MiB
2026/08/03 13:10:41.096, 3, P0, 39, 337.86 W, 1965 MHz, 3996 MHz, 73 %, 168941 MiB
2026/08/03 13:10:41.096, 4, P0, 40, 360.31 W, 1965 MHz, 3996 MHz, 100 %, 168941 MiB
2026/08/03 13:10:41.096, 5, P0, 41, 328.55 W, 1942 MHz, 3996 MHz, 72 %, 168941 MiB
2026/08/03 13:10:41.096, 6, P0, 39, 359.45 W, 1965 MHz, 3996 MHz, 100 %, 168941 MiB
2026/08/03 13:10:41.096, 7, P0, 43, 358.19 W, 1965 MHz, 3996 MHz, 65 %, 167981 MiB
2026/08/03 13:10:42.096, 0, P0, 39, 494.74 W, 1965 MHz, 3996 MHz, 39 %, 168749 MiB
2026/08/03 13:10:42.096, 1, P0, 36, 479.63 W, 1965 MHz, 3996 MHz, 60 %, 168941 MiB
2026/08/03 13:10:42.096, 2, P0, 39, 515.60 W, 1965 MHz, 3996 MHz, 75 %, 168941 MiB
2026/08/03 13:10:42.096, 3, P0, 35, 541.90 W, 1965 MHz, 3996 MHz, 69 %, 168941 MiB
2026/08/03 13:10:42.096, 4, P0, 36, 485.78 W, 1965 MHz, 3996 MHz, 49 %, 168941 MiB
2026/08/03 13:10:42.096, 5, P0, 38, 507.52 W, 1965 MHz, 3996 MHz, 14 %, 168941 MiB
2026/08/03 13:10:42.096, 6, P0, 35, 442.62 W, 1965 MHz, 3996 MHz, 41 %, 168941 MiB
2026/08/03 13:10:42.096, 7, P0, 39, 448.44 W, 1965 MHz, 3996 MHz, 58 %, 167981 MiB
2026/08/03 13:10:43.096, 0, P0, 38, 279.41 W, 1965 MHz, 3996 MHz, 41 %, 168749 MiB
2026/08/03 13:10:43.096, 1, P0, 35, 282.11 W, 1965 MHz, 3996 MHz, 65 %, 168941 MiB
2026/08/03 13:10:43.096, 2, P0, 38, 286.51 W, 1965 MHz, 3996 MHz, 71 %, 168941 MiB
2026/08/03 13:10:43.096, 3, P0, 35, 288.50 W, 1965 MHz, 3996 MHz, 73 %, 168941 MiB
2026/08/03 13:10:43.096, 4, P0, 35, 273.34 W, 1965 MHz, 3996 MHz, 58 %, 168941 MiB
2026/08/03 13:10:43.096, 5, P0, 37, 257.89 W, 1965 MHz, 3996 MHz, 12 %, 168941 MiB
2026/08/03 13:10:43.096, 6, P0, 34, 269.43 W, 1965 MHz, 3996 MHz, 53 %, 168941 MiB
2026/08/03 13:10:43.096, 7, P0, 39, 281.17 W, 1965 MHz, 3996 MHz, 60 %, 167981 MiB
2026/08/03 13:10:44.096, 0, P0, 42, 570.98 W, 1965 MHz, 3996 MHz, 68 %, 168749 MiB
2026/08/03 13:10:44.096, 1, P0, 38, 571.09 W, 1965 MHz, 3996 MHz, 70 %, 168941 MiB
2026/08/03 13:10:44.096, 2, P0, 42, 575.48 W, 1965 MHz, 3996 MHz, 79 %, 168941 MiB
2026/08/03 13:10:44.096, 3, P0, 38, 577.22 W, 1965 MHz, 3996 MHz, 88 %, 168941 MiB
2026/08/03 13:10:44.096, 4, P0, 39, 568.71 W, 1965 MHz, 3996 MHz, 59 %, 168941 MiB
2026/08/03 13:10:44.096, 5, P0, 41, 555.90 W, 1965 MHz, 3996 MHz, 30 %, 168941 MiB
2026/08/03 13:10:44.097, 6, P0, 37, 527.65 W, 1965 MHz, 3996 MHz, 43 %, 168941 MiB
2026/08/03 13:10:44.097, 7, P0, 41, 523.32 W, 1965 MHz, 3996 MHz, 28 %, 167981 MiB
2026/08/03 13:10:45.097, 0, P0, 38, 286.64 W, 1965 MHz, 3996 MHz, 46 %, 168749 MiB
2026/08/03 13:10:45.097, 1, P0, 35, 282.46 W, 1965 MHz, 3996 MHz, 55 %, 168941 MiB
2026/08/03 13:10:45.097, 2, P0, 39, 285.78 W, 1965 MHz, 3996 MHz, 69 %, 168941 MiB
2026/08/03 13:10:45.097, 3, P0, 35, 289.29 W, 1965 MHz, 3996 MHz, 75 %, 168941 MiB
2026/08/03 13:10:45.097, 4, P0, 36, 274.10 W, 1965 MHz, 3996 MHz, 59 %, 168941 MiB
2026/08/03 13:10:45.097, 5, P0, 38, 264.33 W, 1965 MHz, 3996 MHz, 15 %, 168941 MiB
2026/08/03 13:10:45.097, 6, P0, 35, 268.32 W, 1965 MHz, 3996 MHz, 33 %, 168941 MiB
2026/08/03 13:10:45.097, 7, P0, 39, 280.38 W, 1965 MHz, 3996 MHz, 52 %, 167981 MiB
2026/08/03 13:10:46.097, 0, P0, 38, 284.13 W, 1965 MHz, 3996 MHz, 44 %, 168749 MiB
2026/08/03 13:10:46.097, 1, P0, 35, 279.46 W, 1965 MHz, 3996 MHz, 55 %, 168941 MiB
2026/08/03 13:10:46.097, 2, P0, 39, 286.73 W, 1965 MHz, 3996 MHz, 79 %, 168941 MiB
2026/08/03 13:10:46.097, 3, P0, 35, 286.76 W, 1965 MHz, 3996 MHz, 59 %, 168941 MiB
2026/08/03 13:10:46.097, 4, P0, 35, 276.00 W, 1965 MHz, 3996 MHz, 83 %, 168941 MiB
2026/08/03 13:10:46.097, 5, P0, 37, 262.28 W, 1965 MHz, 3996 MHz, 59 %, 168941 MiB
2026/08/03 13:10:46.097, 6, P0, 35, 269.30 W, 1965 MHz, 3996 MHz, 69 %, 168941 MiB
2026/08/03 13:10:46.097, 7, P0, 39, 279.38 W, 1965 MHz, 3996 MHz, 64 %, 167981 MiB
2026/08/03 13:10:47.097, 0, P0, 38, 288.05 W, 1965 MHz, 3996 MHz, 64 %, 168749 MiB
2026/08/03 13:10:47.097, 1, P0, 35, 280.70 W, 1965 MHz, 3996 MHz, 60 %, 168941 MiB
2026/08/03 13:10:47.097, 2, P0, 38, 287.59 W, 1965 MHz, 3996 MHz, 85 %, 168941 MiB
2026/08/03 13:10:47.097, 3, P0, 34, 289.67 W, 1965 MHz, 3996 MHz, 78 %, 168941 MiB
2026/08/03 13:10:47.097, 4, P0, 35, 281.83 W, 1965 MHz, 3996 MHz, 73 %, 168941 MiB
2026/08/03 13:10:47.097, 5, P0, 37, 256.95 W, 1965 MHz, 3996 MHz, 7 %, 168941 MiB
2026/08/03 13:10:47.097, 6, P0, 34, 279.81 W, 1965 MHz, 3996 MHz, 49 %, 168941 MiB
2026/08/03 13:10:47.097, 7, P0, 39, 288.45 W, 1965 MHz, 3996 MHz, 60 %, 167981 MiB
2026/08/03 13:10:48.097, 0, P0, 38, 287.81 W, 1965 MHz, 3996 MHz, 70 %, 168749 MiB
2026/08/03 13:10:48.098, 1, P0, 35, 282.45 W, 1965 MHz, 3996 MHz, 53 %, 168941 MiB
2026/08/03 13:10:48.098, 2, P0, 38, 286.74 W, 1965 MHz, 3996 MHz, 75 %, 168941 MiB
2026/08/03 13:10:48.098, 3, P0, 34, 289.44 W, 1965 MHz, 3996 MHz, 85 %, 168941 MiB
2026/08/03 13:10:48.098, 4, P0, 35, 280.47 W, 1965 MHz, 3996 MHz, 68 %, 168941 MiB
2026/08/03 13:10:48.098, 5, P0, 37, 257.56 W, 1965 MHz, 3996 MHz, 10 %, 168941 MiB
2026/08/03 13:10:48.098, 6, P0, 34, 273.73 W, 1965 MHz, 3996 MHz, 57 %, 168941 MiB
2026/08/03 13:10:48.098, 7, P0, 39, 283.49 W, 1965 MHz, 3996 MHz, 64 %, 167981 MiB
2026/08/03 13:10:49.098, 0, P0, 38, 284.16 W, 1965 MHz, 3996 MHz, 60 %, 168749 MiB
2026/08/03 13:10:49.098, 1, P0, 35, 275.62 W, 1965 MHz, 3996 MHz, 50 %, 168941 MiB
2026/08/03 13:10:49.098, 2, P0, 38, 287.92 W, 1965 MHz, 3996 MHz, 78 %, 168941 MiB
2026/08/03 13:10:49.098, 3, P0, 34, 287.81 W, 1965 MHz, 3996 MHz, 71 %, 168941 MiB
2026/08/03 13:10:49.098, 4, P0, 35, 279.36 W, 1965 MHz, 3996 MHz, 73 %, 168941 MiB
2026/08/03 13:10:49.098, 5, P0, 37, 261.96 W, 1965 MHz, 3996 MHz, 19 %, 168941 MiB
2026/08/03 13:10:49.098, 6, P0, 34, 276.36 W, 1965 MHz, 3996 MHz, 59 %, 168941 MiB
2026/08/03 13:10:49.098, 7, P0, 39, 280.91 W, 1965 MHz, 3996 MHz, 53 %, 167981 MiB
2026/08/03 13:10:50.098, 0, P0, 38, 281.63 W, 1965 MHz, 3996 MHz, 70 %, 168749 MiB
2026/08/03 13:10:50.098, 1, P0, 35, 276.08 W, 1965 MHz, 3996 MHz, 43 %, 168941 MiB
2026/08/03 13:10:50.098, 2, P0, 38, 285.54 W, 1965 MHz, 3996 MHz, 82 %, 168941 MiB
2026/08/03 13:10:50.098, 3, P0, 34, 286.50 W, 1965 MHz, 3996 MHz, 75 %, 168941 MiB
2026/08/03 13:10:50.098, 4, P0, 35, 278.91 W, 1965 MHz, 3996 MHz, 74 %, 168941 MiB
2026/08/03 13:10:50.098, 5, P0, 37, 259.34 W, 1965 MHz, 3996 MHz, 7 %, 168941 MiB
2026/08/03 13:10:50.098, 6, P0, 34, 269.89 W, 1965 MHz, 3996 MHz, 38 %, 168941 MiB
2026/08/03 13:10:50.098, 7, P0, 39, 283.01 W, 1965 MHz, 3996 MHz, 60 %, 167981 MiB
2026/08/03 13:10:51.098, 0, P0, 38, 285.92 W, 1965 MHz, 3996 MHz, 56 %, 168749 MiB
2026/08/03 13:10:51.098, 1, P0, 35, 281.58 W, 1965 MHz, 3996 MHz, 45 %, 168941 MiB
2026/08/03 13:10:51.098, 2, P0, 38, 289.06 W, 1965 MHz, 3996 MHz, 80 %, 168941 MiB
2026/08/03 13:10:51.098, 3, P0, 34, 288.07 W, 1965 MHz, 3996 MHz, 79 %, 168941 MiB
2026/08/03 13:10:51.098, 4, P0, 35, 281.36 W, 1965 MHz, 3996 MHz, 59 %, 168941 MiB
2026/08/03 13:10:51.098, 5, P0, 37, 260.92 W, 1965 MHz, 3996 MHz, 14 %, 168941 MiB
2026/08/03 13:10:51.098, 6, P0, 34, 263.11 W, 1965 MHz, 3996 MHz, 7 %, 168941 MiB
2026/08/03 13:10:51.098, 7, P0, 39, 284.36 W, 1965 MHz, 3996 MHz, 56 %, 167981 MiB
2026/08/03 13:10:52.099, 0, P0, 38, 284.06 W, 1965 MHz, 3996 MHz, 68 %, 168749 MiB
2026/08/03 13:10:52.099, 1, P0, 35, 280.50 W, 1965 MHz, 3996 MHz, 61 %, 168941 MiB
2026/08/03 13:10:52.099, 2, P0, 38, 288.23 W, 1965 MHz, 3996 MHz, 75 %, 168941 MiB
2026/08/03 13:10:52.099, 3, P0, 34, 286.98 W, 1965 MHz, 3996 MHz, 70 %, 168941 MiB
2026/08/03 13:10:52.099, 4, P0, 35, 280.16 W, 1965 MHz, 3996 MHz, 69 %, 168941 MiB
2026/08/03 13:10:52.099, 5, P0, 37, 264.02 W, 1965 MHz, 3996 MHz, 22 %, 168941 MiB
2026/08/03 13:10:52.099, 6, P0, 34, 262.64 W, 1965 MHz, 3996 MHz, 40 %, 168941 MiB
2026/08/03 13:10:52.099, 7, P0, 39, 278.02 W, 1965 MHz, 3996 MHz, 39 %, 167981 MiB
2026/08/03 13:10:53.099, 0, P0, 41, 568.54 W, 1965 MHz, 3996 MHz, 100 %, 168749 MiB
2026/08/03 13:10:53.099, 1, P0, 39, 572.00 W, 1965 MHz, 3996 MHz, 81 %, 168941 MiB
2026/08/03 13:10:53.099, 2, P0, 43, 574.73 W, 1965 MHz, 3996 MHz, 84 %, 168941 MiB
2026/08/03 13:10:53.099, 3, P0, 39, 578.69 W, 1965 MHz, 3996 MHz, 100 %, 168941 MiB
2026/08/03 13:10:53.099, 4, P0, 40, 568.00 W, 1965 MHz, 3996 MHz, 45 %, 168941 MiB
2026/08/03 13:10:53.099, 5, P0, 45, 567.46 W, 1965 MHz, 3996 MHz, 64 %, 168941 MiB
2026/08/03 13:10:53.099, 6, P0, 38, 527.88 W, 1965 MHz, 3996 MHz, 7 %, 168941 MiB
2026/08/03 13:10:53.099, 7, P0, 42, 524.76 W, 1965 MHz, 3996 MHz, 70 %, 167981 MiB
2026/08/03 13:10:54.099, 0, P0, 38, 283.07 W, 1965 MHz, 3996 MHz, 73 %, 168749 MiB
2026/08/03 13:10:54.099, 1, P0, 35, 282.07 W, 1965 MHz, 3996 MHz, 73 %, 168941 MiB
2026/08/03 13:10:54.099, 2, P0, 39, 290.18 W, 1965 MHz, 3996 MHz, 84 %, 168941 MiB
2026/08/03 13:10:54.099, 3, P0, 35, 290.13 W, 1965 MHz, 3996 MHz, 70 %, 168941 MiB
2026/08/03 13:10:54.099, 4, P0, 36, 280.81 W, 1965 MHz, 3996 MHz, 54 %, 168941 MiB
2026/08/03 13:10:54.099, 5, P0, 38, 267.42 W, 1965 MHz, 3996 MHz, 53 %, 168941 MiB
2026/08/03 13:10:54.099, 6, P0, 35, 268.73 W, 1965 MHz, 3996 MHz, 25 %, 168941 MiB
2026/08/03 13:10:54.099, 7, P0, 39, 274.02 W, 1965 MHz, 3996 MHz, 11 %, 167981 MiB
2026/08/03 13:10:55.099, 0, P0, 42, 302.06 W, 1965 MHz, 3996 MHz, 46 %, 168749 MiB
2026/08/03 13:10:55.100, 1, P0, 35, 316.61 W, 1965 MHz, 3996 MHz, 47 %, 168941 MiB
2026/08/03 13:10:55.100, 2, P0, 38, 289.09 W, 1965 MHz, 3996 MHz, 79 %, 168941 MiB
2026/08/03 13:10:55.100, 3, P0, 35, 288.13 W, 1965 MHz, 3996 MHz, 79 %, 168941 MiB
2026/08/03 13:10:55.100, 4, P0, 35, 287.54 W, 1965 MHz, 3996 MHz, 54 %, 168941 MiB
2026/08/03 13:10:55.100, 5, P0, 37, 261.81 W, 1965 MHz, 3996 MHz, 14 %, 168941 MiB
2026/08/03 13:10:55.100, 6, P0, 34, 288.94 W, 1965 MHz, 3996 MHz, 56 %, 168941 MiB
2026/08/03 13:10:55.100, 7, P0, 39, 302.04 W, 1965 MHz, 3996 MHz, 52 %, 167981 MiB
2026/08/03 13:10:56.100, 0, P0, 39, 570.34 W, 1965 MHz, 3996 MHz, 62 %, 168749 MiB
2026/08/03 13:10:56.100, 1, P0, 36, 547.52 W, 1965 MHz, 3996 MHz, 51 %, 168941 MiB
2026/08/03 13:10:56.100, 2, P0, 40, 571.28 W, 1965 MHz, 3996 MHz, 88 %, 168941 MiB
2026/08/03 13:10:56.100, 3, P0, 36, 572.86 W, 1965 MHz, 3996 MHz, 72 %, 168941 MiB
2026/08/03 13:10:56.100, 4, P0, 37, 563.14 W, 1965 MHz, 3996 MHz, 56 %, 168941 MiB
2026/08/03 13:10:56.100, 5, P0, 39, 553.63 W, 1965 MHz, 3996 MHz, 7 %, 168941 MiB
2026/08/03 13:10:56.100, 6, P0, 35, 503.56 W, 1965 MHz, 3996 MHz, 49 %, 168941 MiB
2026/08/03 13:10:56.100, 7, P0, 40, 512.06 W, 1965 MHz, 3996 MHz, 55 %, 167981 MiB
2026/08/03 13:10:57.100, 0, P0, 38, 293.27 W, 1965 MHz, 3996 MHz, 74 %, 168749 MiB
2026/08/03 13:10:57.100, 1, P0, 35, 283.83 W, 1965 MHz, 3996 MHz, 77 %, 168941 MiB
2026/08/03 13:10:57.100, 2, P0, 39, 290.61 W, 1965 MHz, 3996 MHz, 81 %, 168941 MiB
2026/08/03 13:10:57.100, 3, P0, 35, 290.89 W, 1965 MHz, 3996 MHz, 78 %, 168941 MiB
2026/08/03 13:10:57.100, 4, P0, 36, 281.89 W, 1965 MHz, 3996 MHz, 54 %, 168941 MiB
2026/08/03 13:10:57.100, 5, P0, 38, 267.14 W, 1965 MHz, 3996 MHz, 58 %, 168941 MiB
2026/08/03 13:10:57.100, 6, P0, 35, 272.82 W, 1965 MHz, 3996 MHz, 46 %, 168941 MiB
2026/08/03 13:10:57.100, 7, P0, 39, 270.00 W, 1965 MHz, 3996 MHz, 9 %, 167981 MiB
2026/08/03 13:10:58.101, 0, P0, 38, 289.21 W, 1965 MHz, 3996 MHz, 88 %, 168749 MiB
2026/08/03 13:10:58.101, 1, P0, 35, 284.39 W, 1965 MHz, 3996 MHz, 66 %, 168941 MiB
2026/08/03 13:10:58.101, 2, P0, 39, 289.48 W, 1965 MHz, 3996 MHz, 80 %, 168941 MiB
2026/08/03 13:10:58.101, 3, P0, 35, 288.48 W, 1965 MHz, 3996 MHz, 74 %, 168941 MiB
2026/08/03 13:10:58.101, 4, P0, 35, 282.80 W, 1965 MHz, 3996 MHz, 73 %, 168941 MiB
2026/08/03 13:10:58.101, 5, P0, 37, 265.88 W, 1965 MHz, 3996 MHz, 17 %, 168941 MiB
2026/08/03 13:10:58.101, 6, P0, 34, 273.95 W, 1965 MHz, 3996 MHz, 45 %, 168941 MiB
2026/08/03 13:10:58.101, 7, P0, 39, 267.35 W, 1965 MHz, 3996 MHz, 29 %, 167981 MiB
2026/08/03 13:10:59.101, 0, P0, 38, 280.94 W, 1965 MHz, 3996 MHz, 26 %, 168749 MiB
2026/08/03 13:10:59.101, 1, P0, 35, 281.10 W, 1965 MHz, 3996 MHz, 45 %, 168941 MiB
2026/08/03 13:10:59.101, 2, P0, 39, 287.81 W, 1965 MHz, 3996 MHz, 82 %, 168941 MiB
2026/08/03 13:10:59.101, 3, P0, 34, 286.35 W, 1965 MHz, 3996 MHz, 72 %, 168941 MiB
2026/08/03 13:10:59.101, 4, P0, 35, 276.47 W, 1965 MHz, 3996 MHz, 58 %, 168941 MiB
2026/08/03 13:10:59.101, 5, P0, 37, 260.26 W, 1965 MHz, 3996 MHz, 7 %, 168941 MiB
2026/08/03 13:10:59.101, 6, P0, 34, 271.53 W, 1965 MHz, 3996 MHz, 51 %, 168941 MiB
2026/08/03 13:10:59.101, 7, P0, 39, 276.52 W, 1965 MHz, 3996 MHz, 45 %, 167981 MiB
2026/08/03 13:11:00.101, 0, P0, 38, 288.34 W, 1965 MHz, 3996 MHz, 57 %, 168749 MiB
2026/08/03 13:11:00.101, 1, P0, 35, 283.78 W, 1965 MHz, 3996 MHz, 58 %, 168941 MiB
2026/08/03 13:11:00.101, 2, P0, 39, 290.01 W, 1965 MHz, 3996 MHz, 76 %, 168941 MiB
2026/08/03 13:11:00.101, 3, P0, 34, 287.67 W, 1965 MHz, 3996 MHz, 67 %, 168941 MiB
2026/08/03 13:11:00.101, 4, P0, 35, 278.70 W, 1965 MHz, 3996 MHz, 56 %, 168941 MiB
2026/08/03 13:11:00.101, 5, P0, 37, 260.16 W, 1965 MHz, 3996 MHz, 7 %, 168941 MiB
2026/08/03 13:11:00.101, 6, P0, 34, 274.51 W, 1965 MHz, 3996 MHz, 25 %, 168941 MiB
2026/08/03 13:11:00.101, 7, P0, 39, 279.29 W, 1965 MHz, 3996 MHz, 54 %, 167981 MiB
2026/08/03 13:11:01.101, 0, P0, 38, 284.95 W, 1965 MHz, 3996 MHz, 55 %, 168749 MiB
2026/08/03 13:11:01.101, 1, P0, 35, 282.17 W, 1965 MHz, 3996 MHz, 71 %, 168941 MiB
2026/08/03 13:11:01.101, 2, P0, 38, 289.36 W, 1965 MHz, 3996 MHz, 79 %, 168941 MiB
2026/08/03 13:11:01.101, 3, P0, 34, 285.91 W, 1965 MHz, 3996 MHz, 69 %, 168941 MiB
2026/08/03 13:11:01.101, 4, P0, 35, 277.85 W, 1965 MHz, 3996 MHz, 66 %, 168941 MiB
2026/08/03 13:11:01.101, 5, P0, 37, 258.49 W, 1965 MHz, 3996 MHz, 7 %, 168941 MiB
2026/08/03 13:11:01.101, 6, P0, 34, 270.83 W, 1965 MHz, 3996 MHz, 41 %, 168941 MiB
2026/08/03 13:11:01.101, 7, P0, 39, 280.19 W, 1965 MHz, 3996 MHz, 65 %, 167981 MiB
2026/08/03 13:11:02.102, 0, P0, 38, 288.17 W, 1965 MHz, 3996 MHz, 54 %, 168749 MiB
2026/08/03 13:11:02.102, 1, P0, 35, 282.77 W, 1965 MHz, 3996 MHz, 49 %, 168941 MiB
2026/08/03 13:11:02.102, 2, P0, 38, 288.43 W, 1965 MHz, 3996 MHz, 84 %, 168941 MiB
2026/08/03 13:11:02.102, 3, P0, 34, 281.32 W, 1965 MHz, 3996 MHz, 80 %, 168941 MiB
2026/08/03 13:11:02.102, 4, P0, 35, 279.41 W, 1965 MHz, 3996 MHz, 55 %, 168941 MiB
2026/08/03 13:11:02.102, 5, P0, 37, 262.28 W, 1965 MHz, 3996 MHz, 7 %, 168941 MiB
2026/08/03 13:11:02.102, 6, P0, 34, 273.20 W, 1965 MHz, 3996 MHz, 34 %, 168941 MiB
2026/08/03 13:11:02.102, 7, P0, 39, 286.05 W, 1965 MHz, 3996 MHz, 64 %, 167981 MiB
2026/08/03 13:11:03.102, 0, P0, 38, 283.89 W, 1965 MHz, 3996 MHz, 45 %, 168749 MiB
2026/08/03 13:11:03.102, 1, P0, 35, 280.93 W, 1965 MHz, 3996 MHz, 53 %, 168941 MiB
2026/08/03 13:11:03.102, 2, P0, 38, 287.18 W, 1965 MHz, 3996 MHz, 76 %, 168941 MiB
2026/08/03 13:11:03.102, 3, P0, 34, 284.89 W, 1965 MHz, 3996 MHz, 59 %, 168941 MiB
2026/08/03 13:11:03.102, 4, P0, 35, 277.33 W, 1965 MHz, 3996 MHz, 57 %, 168941 MiB
2026/08/03 13:11:03.102, 5, P0, 37, 257.42 W, 1965 MHz, 3996 MHz, 9 %, 168941 MiB
2026/08/03 13:11:03.102, 6, P0, 34, 269.42 W, 1965 MHz, 3996 MHz, 55 %, 168941 MiB
2026/08/03 13:11:03.102, 7, P0, 39, 280.17 W, 1965 MHz, 3996 MHz, 41 %, 167981 MiB
2026/08/03 13:11:04.102, 0, P0, 38, 280.80 W, 1965 MHz, 3996 MHz, 52 %, 168749 MiB
2026/08/03 13:11:04.102, 1, P0, 35, 279.57 W, 1965 MHz, 3996 MHz, 60 %, 168941 MiB
2026/08/03 13:11:04.102, 2, P0, 38, 286.48 W, 1965 MHz, 3996 MHz, 74 %, 168941 MiB
2026/08/03 13:11:04.102, 3, P0, 34, 285.93 W, 1965 MHz, 3996 MHz, 68 %, 168941 MiB
2026/08/03 13:11:04.102, 4, P0, 35, 276.11 W, 1965 MHz, 3996 MHz, 55 %, 168941 MiB
2026/08/03 13:11:04.102, 5, P0, 37, 259.46 W, 1965 MHz, 3996 MHz, 13 %, 168941 MiB
2026/08/03 13:11:04.102, 6, P0, 34, 266.05 W, 1965 MHz, 3996 MHz, 46 %, 168941 MiB
2026/08/03 13:11:04.102, 7, P0, 39, 280.90 W, 1965 MHz, 3996 MHz, 58 %, 167981 MiB
2026/08/03 13:11:05.102, 0, P0, 38, 281.80 W, 1965 MHz, 3996 MHz, 54 %, 168749 MiB
2026/08/03 13:11:05.102, 1, P0, 35, 278.89 W, 1965 MHz, 3996 MHz, 66 %, 168941 MiB
2026/08/03 13:11:05.102, 2, P0, 38, 286.92 W, 1965 MHz, 3996 MHz, 83 %, 168941 MiB
2026/08/03 13:11:05.102, 3, P0, 34, 284.99 W, 1965 MHz, 3996 MHz, 72 %, 168941 MiB
2026/08/03 13:11:05.102, 4, P0, 35, 275.25 W, 1965 MHz, 3996 MHz, 65 %, 168941 MiB
2026/08/03 13:11:05.102, 5, P0, 37, 256.91 W, 1965 MHz, 3996 MHz, 9 %, 168941 MiB
2026/08/03 13:11:05.102, 6, P0, 34, 271.69 W, 1965 MHz, 3996 MHz, 24 %, 168941 MiB
2026/08/03 13:11:05.102, 7, P0, 39, 282.68 W, 1965 MHz, 3996 MHz, 65 %, 167981 MiB
2026/08/03 13:11:06.103, 0, P0, 38, 281.52 W, 1965 MHz, 3996 MHz, 52 %, 168749 MiB
2026/08/03 13:11:06.103, 1, P0, 34, 277.09 W, 1965 MHz, 3996 MHz, 49 %, 168941 MiB
2026/08/03 13:11:06.103, 2, P0, 38, 286.51 W, 1965 MHz, 3996 MHz, 83 %, 168941 MiB
2026/08/03 13:11:06.103, 3, P0, 34, 285.55 W, 1965 MHz, 3996 MHz, 69 %, 168941 MiB
2026/08/03 13:11:06.103, 4, P0, 35, 274.10 W, 1965 MHz, 3996 MHz, 57 %, 168941 MiB
2026/08/03 13:11:06.103, 5, P0, 37, 260.14 W, 1965 MHz, 3996 MHz, 7 %, 168941 MiB
2026/08/03 13:11:06.103, 6, P0, 34, 265.77 W, 1965 MHz, 3996 MHz, 67 %, 168941 MiB
2026/08/03 13:11:06.103, 7, P0, 39, 279.69 W, 1965 MHz, 3996 MHz, 72 %, 167981 MiB
2026/08/03 13:11:07.103, 0, P0, 38, 283.19 W, 1965 MHz, 3996 MHz, 64 %, 168749 MiB
2026/08/03 13:11:07.103, 1, P0, 35, 277.91 W, 1965 MHz, 3996 MHz, 63 %, 168941 MiB
2026/08/03 13:11:07.103, 2, P0, 38, 287.35 W, 1965 MHz, 3996 MHz, 72 %, 168941 MiB
2026/08/03 13:11:07.103, 3, P0, 34, 284.00 W, 1965 MHz, 3996 MHz, 69 %, 168941 MiB
2026/08/03 13:11:07.103, 4, P0, 35, 273.17 W, 1965 MHz, 3996 MHz, 71 %, 168941 MiB
2026/08/03 13:11:07.103, 5, P0, 37, 257.70 W, 1965 MHz, 3996 MHz, 20 %, 168941 MiB
2026/08/03 13:11:07.103, 6, P0, 34, 268.41 W, 1965 MHz, 3996 MHz, 34 %, 168941 MiB
2026/08/03 13:11:07.103, 7, P0, 39, 281.17 W, 1965 MHz, 3996 MHz, 61 %, 167981 MiB
2026/08/03 13:11:08.103, 0, P0, 38, 278.36 W, 1965 MHz, 3996 MHz, 51 %, 168749 MiB
2026/08/03 13:11:08.103, 1, P0, 34, 280.16 W, 1965 MHz, 3996 MHz, 69 %, 168941 MiB
2026/08/03 13:11:08.103, 2, P0, 38, 287.45 W, 1965 MHz, 3996 MHz, 92 %, 168941 MiB
2026/08/03 13:11:08.103, 3, P0, 34, 286.59 W, 1965 MHz, 3996 MHz, 72 %, 168941 MiB
2026/08/03 13:11:08.103, 4, P0, 35, 279.22 W, 1965 MHz, 3996 MHz, 73 %, 168941 MiB
2026/08/03 13:11:08.103, 5, P0, 37, 264.11 W, 1965 MHz, 3996 MHz, 7 %, 168941 MiB
2026/08/03 13:11:08.103, 6, P0, 34, 268.37 W, 1965 MHz, 3996 MHz, 26 %, 168941 MiB
2026/08/03 13:11:08.103, 7, P0, 39, 286.41 W, 1965 MHz, 3996 MHz, 63 %, 167981 MiB
2026/08/03 13:11:09.104, 0, P0, 37, 272.82 W, 1965 MHz, 3996 MHz, 47 %, 168749 MiB
2026/08/03 13:11:09.104, 1, P0, 34, 276.45 W, 1965 MHz, 3996 MHz, 45 %, 168941 MiB
2026/08/03 13:11:09.104, 2, P0, 38, 286.75 W, 1965 MHz, 3996 MHz, 84 %, 168941 MiB
2026/08/03 13:11:09.104, 3, P0, 34, 282.28 W, 1965 MHz, 3996 MHz, 52 %, 168941 MiB
2026/08/03 13:11:09.104, 4, P0, 35, 276.61 W, 1965 MHz, 3996 MHz, 59 %, 168941 MiB
2026/08/03 13:11:09.104, 5, P0, 37, 260.45 W, 1965 MHz, 3996 MHz, 18 %, 168941 MiB
2026/08/03 13:11:09.104, 6, P0, 34, 264.60 W, 1965 MHz, 3996 MHz, 11 %, 168941 MiB
2026/08/03 13:11:09.104, 7, P0, 39, 286.00 W, 1965 MHz, 3996 MHz, 69 %, 167981 MiB
2026/08/03 13:11:10.104, 0, P0, 37, 278.05 W, 1965 MHz, 3996 MHz, 58 %, 168749 MiB
2026/08/03 13:11:10.104, 1, P0, 34, 280.66 W, 1965 MHz, 3996 MHz, 67 %, 168941 MiB
2026/08/03 13:11:10.104, 2, P0, 38, 288.53 W, 1965 MHz, 3996 MHz, 74 %, 168941 MiB
2026/08/03 13:11:10.104, 3, P0, 34, 281.08 W, 1965 MHz, 3996 MHz, 64 %, 168941 MiB
2026/08/03 13:11:10.104, 4, P0, 35, 274.28 W, 1965 MHz, 3996 MHz, 54 %, 168941 MiB
2026/08/03 13:11:10.104, 5, P0, 37, 265.99 W, 1965 MHz, 3996 MHz, 12 %, 168941 MiB
2026/08/03 13:11:10.104, 6, P0, 34, 259.49 W, 1965 MHz, 3996 MHz, 10 %, 168941 MiB
2026/08/03 13:11:10.104, 7, P0, 39, 283.84 W, 1965 MHz, 3996 MHz, 47 %, 167981 MiB
2026/08/03 13:11:11.104, 0, P0, 37, 278.16 W, 1965 MHz, 3996 MHz, 70 %, 168749 MiB
2026/08/03 13:11:11.104, 1, P0, 34, 281.83 W, 1965 MHz, 3996 MHz, 62 %, 168941 MiB
2026/08/03 13:11:11.104, 2, P0, 38, 287.98 W, 1965 MHz, 3996 MHz, 90 %, 168941 MiB
2026/08/03 13:11:11.104, 3, P0, 34, 278.20 W, 1965 MHz, 3996 MHz, 75 %, 168941 MiB
2026/08/03 13:11:11.104, 4, P0, 35, 277.79 W, 1965 MHz, 3996 MHz, 55 %, 168941 MiB
2026/08/03 13:11:11.104, 5, P0, 37, 267.33 W, 1965 MHz, 3996 MHz, 45 %, 168941 MiB
2026/08/03 13:11:11.104, 6, P0, 34, 262.18 W, 1965 MHz, 3996 MHz, 8 %, 168941 MiB
2026/08/03 13:11:11.104, 7, P0, 39, 285.35 W, 1965 MHz, 3996 MHz, 67 %, 167981 MiB
2026/08/03 13:11:12.104, 0, P0, 38, 281.89 W, 1965 MHz, 3996 MHz, 83 %, 168749 MiB
2026/08/03 13:11:12.104, 1, P0, 35, 282.80 W, 1965 MHz, 3996 MHz, 79 %, 168941 MiB
2026/08/03 13:11:12.104, 2, P0, 38, 288.13 W, 1965 MHz, 3996 MHz, 80 %, 168941 MiB
2026/08/03 13:11:12.105, 3, P0, 34, 284.84 W, 1965 MHz, 3996 MHz, 75 %, 168941 MiB
2026/08/03 13:11:12.105, 4, P0, 35, 279.26 W, 1965 MHz, 3996 MHz, 59 %, 168941 MiB
2026/08/03 13:11:12.105, 5, P0, 37, 272.27 W, 1965 MHz, 3996 MHz, 68 %, 168941 MiB
2026/08/03 13:11:12.105, 6, P0, 34, 260.10 W, 1965 MHz, 3996 MHz, 20 %, 168941 MiB
2026/08/03 13:11:12.105, 7, P0, 39, 287.76 W, 1965 MHz, 3996 MHz, 59 %, 167981 MiB
2026/08/03 13:11:13.105, 0, P0, 37, 279.81 W, 1965 MHz, 3996 MHz, 84 %, 168749 MiB
2026/08/03 13:11:13.105, 1, P0, 34, 280.10 W, 1965 MHz, 3996 MHz, 57 %, 168941 MiB
2026/08/03 13:11:13.105, 2, P0, 38, 288.32 W, 1965 MHz, 3996 MHz, 81 %, 168941 MiB
2026/08/03 13:11:13.105, 3, P0, 34, 282.45 W, 1965 MHz, 3996 MHz, 71 %, 168941 MiB
2026/08/03 13:11:13.105, 4, P0, 35, 276.20 W, 1965 MHz, 3996 MHz, 57 %, 168941 MiB
2026/08/03 13:11:13.105, 5, P0, 37, 269.95 W, 1965 MHz, 3996 MHz, 37 %, 168941 MiB
2026/08/03 13:11:13.105, 6, P0, 34, 255.36 W, 1965 MHz, 3996 MHz, 12 %, 168941 MiB
2026/08/03 13:11:13.105, 7, P0, 39, 284.77 W, 1965 MHz, 3996 MHz, 53 %, 167981 MiB
2026/08/03 13:11:14.105, 0, P0, 38, 282.41 W, 1965 MHz, 3996 MHz, 91 %, 168749 MiB
2026/08/03 13:11:14.105, 1, P0, 34, 273.91 W, 1965 MHz, 3996 MHz, 0 %, 168941 MiB
2026/08/03 13:11:14.105, 2, P0, 38, 287.19 W, 1965 MHz, 3996 MHz, 100 %, 168941 MiB
2026/08/03 13:11:14.105, 3, P0, 33, 270.85 W, 1965 MHz, 3996 MHz, 47 %, 168941 MiB
2026/08/03 13:11:14.105, 4, P0, 34, 269.57 W, 1965 MHz, 3996 MHz, 0 %, 168941 MiB
2026/08/03 13:11:14.105, 5, P0, 37, 264.40 W, 1965 MHz, 3996 MHz, 0 %, 168941 MiB
2026/08/03 13:11:14.105, 6, P0, 34, 270.00 W, 1965 MHz, 3996 MHz, 100 %, 168941 MiB
2026/08/03 13:11:14.105, 7, P0, 38, 277.39 W, 1965 MHz, 3996 MHz, 0 %, 167981 MiB
2026/08/03 13:11:15.105, 0, P0, 38, 290.69 W, 1965 MHz, 3996 MHz, 100 %, 168749 MiB
2026/08/03 13:11:15.105, 1, P0, 34, 241.23 W, 1965 MHz, 3996 MHz, 0 %, 168941 MiB
2026/08/03 13:11:15.105, 2, P0, 38, 283.46 W, 1965 MHz, 3996 MHz, 100 %, 168941 MiB
2026/08/03 13:11:15.105, 3, P0, 33, 239.95 W, 1965 MHz, 3996 MHz, 0 %, 168941 MiB
2026/08/03 13:11:15.105, 4, P0, 34, 237.20 W, 1965 MHz, 3996 MHz, 0 %, 168941 MiB
2026/08/03 13:11:15.105, 5, P0, 37, 245.73 W, 1965 MHz, 3996 MHz, 0 %, 168941 MiB
2026/08/03 13:11:15.106, 6, P0, 34, 291.16 W, 1965 MHz, 3996 MHz, 100 %, 168941 MiB
2026/08/03 13:11:15.106, 7, P0, 38, 245.16 W, 1965 MHz, 3996 MHz, 0 %, 167981 MiB
2026/08/03 13:11:16.106, 0, P0, 38, 290.68 W, 1965 MHz, 3996 MHz, 100 %, 168749 MiB
2026/08/03 13:11:16.106, 1, P0, 34, 241.13 W, 1965 MHz, 3996 MHz, 0 %, 168941 MiB
2026/08/03 13:11:16.106, 2, P0, 38, 283.37 W, 1965 MHz, 3996 MHz, 100 %, 168941 MiB
2026/08/03 13:11:16.106, 3, P0, 33, 239.82 W, 1965 MHz, 3996 MHz, 0 %, 168941 MiB
2026/08/03 13:11:16.106, 4, P0, 34, 237.09 W, 1965 MHz, 3996 MHz, 0 %, 168941 MiB
2026/08/03 13:11:16.106, 5, P0, 37, 245.70 W, 1965 MHz, 3996 MHz, 0 %, 168941 MiB
2026/08/03 13:11:16.106, 6, P0, 34, 291.18 W, 1965 MHz, 3996 MHz, 100 %, 168941 MiB
2026/08/03 13:11:16.106, 7, P0, 38, 245.09 W, 1965 MHz, 3996 MHz, 0 %, 167981 MiB
2026/08/03 13:11:17.106, 0, P0, 38, 290.06 W, 1965 MHz, 3996 MHz, 100 %, 168749 MiB
2026/08/03 13:11:17.106, 1, P0, 34, 244.18 W, 1965 MHz, 3996 MHz, 0 %, 168941 MiB
2026/08/03 13:11:17.106, 2, P0, 38, 283.68 W, 1965 MHz, 3996 MHz, 100 %, 168941 MiB
2026/08/03 13:11:17.106, 3, P0, 33, 240.86 W, 1965 MHz, 3996 MHz, 0 %, 168941 MiB
2026/08/03 13:11:17.106, 4, P0, 34, 240.66 W, 1965 MHz, 3996 MHz, 42 %, 168941 MiB
2026/08/03 13:11:17.106, 5, P0, 37, 245.61 W, 1965 MHz, 3996 MHz, 0 %, 168941 MiB
2026/08/03 13:11:17.106, 6, P0, 34, 289.83 W, 1965 MHz, 3996 MHz, 65 %, 168941 MiB
2026/08/03 13:11:17.106, 7, P0, 38, 247.02 W, 1965 MHz, 3996 MHz, 53 %, 167981 MiB
2026/08/03 13:11:18.106, 0, P0, 38, 284.99 W, 1965 MHz, 3996 MHz, 65 %, 168749 MiB
2026/08/03 13:11:18.106, 1, P0, 34, 286.95 W, 1965 MHz, 3996 MHz, 82 %, 168941 MiB
2026/08/03 13:11:18.106, 2, P0, 38, 283.24 W, 1965 MHz, 3996 MHz, 89 %, 168941 MiB
2026/08/03 13:11:18.106, 3, P0, 34, 288.65 W, 1965 MHz, 3996 MHz, 66 %, 168941 MiB
2026/08/03 13:11:18.106, 4, P0, 34, 273.43 W, 1965 MHz, 3996 MHz, 17 %, 168941 MiB
2026/08/03 13:11:18.106, 5, P0, 37, 273.87 W, 1965 MHz, 3996 MHz, 68 %, 168941 MiB
2026/08/03 13:11:18.106, 6, P0, 34, 265.46 W, 1965 MHz, 3996 MHz, 42 %, 168941 MiB
2026/08/03 13:11:18.106, 7, P0, 38, 281.77 W, 1965 MHz, 3996 MHz, 58 %, 167981 MiB
2026/08/03 13:11:19.106, 0, P0, 37, 280.37 W, 1965 MHz, 3996 MHz, 52 %, 168749 MiB
2026/08/03 13:11:19.107, 1, P0, 34, 281.37 W, 1965 MHz, 3996 MHz, 57 %, 168941 MiB
2026/08/03 13:11:19.107, 2, P0, 38, 288.61 W, 1965 MHz, 3996 MHz, 77 %, 168941 MiB
2026/08/03 13:11:19.107, 3, P0, 34, 282.91 W, 1965 MHz, 3996 MHz, 62 %, 168941 MiB
2026/08/03 13:11:19.107, 4, P0, 34, 271.06 W, 1965 MHz, 3996 MHz, 45 %, 168941 MiB
2026/08/03 13:11:19.107, 5, P0, 37, 258.34 W, 1965 MHz, 3996 MHz, 16 %, 168941 MiB
2026/08/03 13:11:19.107, 6, P0, 34, 266.40 W, 1965 MHz, 3996 MHz, 38 %, 168941 MiB
2026/08/03 13:11:19.107, 7, P0, 38, 277.80 W, 1965 MHz, 3996 MHz, 45 %, 167981 MiB
2026/08/03 13:11:20.107, 0, P0, 37, 282.30 W, 1965 MHz, 3996 MHz, 76 %, 168749 MiB
2026/08/03 13:11:20.107, 1, P0, 34, 280.14 W, 1965 MHz, 3996 MHz, 79 %, 168941 MiB
2026/08/03 13:11:20.107, 2, P0, 38, 288.74 W, 1965 MHz, 3996 MHz, 92 %, 168941 MiB
2026/08/03 13:11:20.107, 3, P0, 34, 285.54 W, 1965 MHz, 3996 MHz, 60 %, 168941 MiB
2026/08/03 13:11:20.107, 4, P0, 34, 273.04 W, 1965 MHz, 3996 MHz, 27 %, 168941 MiB
2026/08/03 13:11:20.107, 5, P0, 37, 262.64 W, 1965 MHz, 3996 MHz, 64 %, 168941 MiB
2026/08/03 13:11:20.107, 6, P0, 34, 266.22 W, 1965 MHz, 3996 MHz, 56 %, 168941 MiB
2026/08/03 13:11:20.107, 7, P0, 38, 282.13 W, 1965 MHz, 3996 MHz, 35 %, 167981 MiB
2026/08/03 13:11:21.107, 0, P0, 37, 285.24 W, 1965 MHz, 3996 MHz, 59 %, 168749 MiB
2026/08/03 13:11:21.107, 1, P0, 34, 285.18 W, 1965 MHz, 3996 MHz, 80 %, 168941 MiB
2026/08/03 13:11:21.107, 2, P0, 38, 290.67 W, 1965 MHz, 3996 MHz, 93 %, 168941 MiB
2026/08/03 13:11:21.107, 3, P0, 34, 287.61 W, 1965 MHz, 3996 MHz, 62 %, 168941 MiB
2026/08/03 13:11:21.107, 4, P0, 34, 267.93 W, 1965 MHz, 3996 MHz, 10 %, 168941 MiB
2026/08/03 13:11:21.107, 5, P0, 37, 273.70 W, 1965 MHz, 3996 MHz, 78 %, 168941 MiB
2026/08/03 13:11:21.107, 6, P0, 34, 264.36 W, 1965 MHz, 3996 MHz, 37 %, 168941 MiB
2026/08/03 13:11:21.107, 7, P0, 38, 281.35 W, 1965 MHz, 3996 MHz, 46 %, 167981 MiB
2026/08/03 13:11:22.107, 0, P0, 37, 282.84 W, 1965 MHz, 3996 MHz, 77 %, 168749 MiB
2026/08/03 13:11:22.107, 1, P0, 34, 284.07 W, 1965 MHz, 3996 MHz, 70 %, 168941 MiB
2026/08/03 13:11:22.107, 2, P0, 38, 288.44 W, 1965 MHz, 3996 MHz, 81 %, 168941 MiB
2026/08/03 13:11:22.107, 3, P0, 34, 284.12 W, 1965 MHz, 3996 MHz, 66 %, 168941 MiB
2026/08/03 13:11:22.107, 4, P0, 34, 269.43 W, 1965 MHz, 3996 MHz, 48 %, 168941 MiB
2026/08/03 13:11:22.107, 5, P0, 37, 266.87 W, 1965 MHz, 3996 MHz, 16 %, 168941 MiB
2026/08/03 13:11:22.107, 6, P0, 34, 261.23 W, 1965 MHz, 3996 MHz, 42 %, 168941 MiB
2026/08/03 13:11:22.107, 7, P0, 39, 283.30 W, 1965 MHz, 3996 MHz, 60 %, 167981 MiB
2026/08/03 13:11:23.108, 0, P0, 37, 285.44 W, 1965 MHz, 3996 MHz, 75 %, 168749 MiB
2026/08/03 13:11:23.108, 1, P0, 34, 280.23 W, 1965 MHz, 3996 MHz, 67 %, 168941 MiB
2026/08/03 13:11:23.108, 2, P0, 38, 288.65 W, 1965 MHz, 3996 MHz, 92 %, 168941 MiB
2026/08/03 13:11:23.108, 3, P0, 34, 286.11 W, 1965 MHz, 3996 MHz, 84 %, 168941 MiB
2026/08/03 13:11:23.108, 4, P0, 35, 275.81 W, 1965 MHz, 3996 MHz, 37 %, 168941 MiB
2026/08/03 13:11:23.108, 5, P0, 37, 271.22 W, 1965 MHz, 3996 MHz, 38 %, 168941 MiB
2026/08/03 13:11:23.108, 6, P0, 34, 267.06 W, 1965 MHz, 3996 MHz, 28 %, 168941 MiB
2026/08/03 13:11:23.108, 7, P0, 38, 285.64 W, 1965 MHz, 3996 MHz, 56 %, 167981 MiB
2026/08/03 13:11:24.108, 0, P0, 37, 279.70 W, 1965 MHz, 3996 MHz, 54 %, 168749 MiB
2026/08/03 13:11:24.108, 1, P0, 34, 283.71 W, 1965 MHz, 3996 MHz, 55 %, 168941 MiB
2026/08/03 13:11:24.108, 2, P0, 38, 288.89 W, 1965 MHz, 3996 MHz, 77 %, 168941 MiB
2026/08/03 13:11:24.108, 3, P0, 34, 284.83 W, 1965 MHz, 3996 MHz, 68 %, 168941 MiB
2026/08/03 13:11:24.108, 4, P0, 34, 272.15 W, 1965 MHz, 3996 MHz, 40 %, 168941 MiB
2026/08/03 13:11:24.108, 5, P0, 37, 258.90 W, 1965 MHz, 3996 MHz, 10 %, 168941 MiB
2026/08/03 13:11:24.108, 6, P0, 34, 268.44 W, 1965 MHz, 3996 MHz, 45 %, 168941 MiB
2026/08/03 13:11:24.108, 7, P0, 38, 278.82 W, 1965 MHz, 3996 MHz, 53 %, 167981 MiB
2026/08/03 13:11:25.108, 0, P0, 37, 277.90 W, 1965 MHz, 3996 MHz, 58 %, 168749 MiB
2026/08/03 13:11:25.108, 1, P0, 34, 280.83 W, 1965 MHz, 3996 MHz, 59 %, 168941 MiB
2026/08/03 13:11:25.108, 2, P0, 38, 287.68 W, 1965 MHz, 3996 MHz, 86 %, 168941 MiB
2026/08/03 13:11:25.108, 3, P0, 34, 283.19 W, 1965 MHz, 3996 MHz, 59 %, 168941 MiB
2026/08/03 13:11:25.108, 4, P0, 34, 267.37 W, 1965 MHz, 3996 MHz, 32 %, 168941 MiB
2026/08/03 13:11:25.108, 5, P0, 37, 257.17 W, 1965 MHz, 3996 MHz, 7 %, 168941 MiB
2026/08/03 13:11:25.108, 6, P0, 34, 268.65 W, 1965 MHz, 3996 MHz, 27 %, 168941 MiB
2026/08/03 13:11:25.108, 7, P0, 38, 276.67 W, 1965 MHz, 3996 MHz, 37 %, 167981 MiB
2026/08/03 13:11:26.108, 0, P0, 37, 284.29 W, 1965 MHz, 3996 MHz, 61 %, 168749 MiB
2026/08/03 13:11:26.108, 1, P0, 34, 284.89 W, 1965 MHz, 3996 MHz, 58 %, 168941 MiB
2026/08/03 13:11:26.108, 2, P0, 38, 290.22 W, 1965 MHz, 3996 MHz, 87 %, 168941 MiB
2026/08/03 13:11:26.108, 3, P0, 34, 282.66 W, 1965 MHz, 3996 MHz, 50 %, 168941 MiB
2026/08/03 13:11:26.108, 4, P0, 35, 277.92 W, 1965 MHz, 3996 MHz, 42 %, 168941 MiB
2026/08/03 13:11:26.108, 5, P0, 37, 264.16 W, 1965 MHz, 3996 MHz, 7 %, 168941 MiB
2026/08/03 13:11:26.108, 6, P0, 34, 274.13 W, 1965 MHz, 3996 MHz, 41 %, 168941 MiB
2026/08/03 13:11:26.108, 7, P0, 38, 285.63 W, 1965 MHz, 3996 MHz, 54 %, 167981 MiB
2026/08/03 13:11:27.109, 0, P0, 37, 281.03 W, 1965 MHz, 3996 MHz, 38 %, 168749 MiB
2026/08/03 13:11:27.109, 1, P0, 34, 282.72 W, 1965 MHz, 3996 MHz, 58 %, 168941 MiB
2026/08/03 13:11:27.109, 2, P0, 38, 288.13 W, 1965 MHz, 3996 MHz, 77 %, 168941 MiB
2026/08/03 13:11:27.109, 3, P0, 34, 283.98 W, 1965 MHz, 3996 MHz, 66 %, 168941 MiB
2026/08/03 13:11:27.109, 4, P0, 34, 270.65 W, 1965 MHz, 3996 MHz, 27 %, 168941 MiB
2026/08/03 13:11:27.109, 5, P0, 37, 264.12 W, 1965 MHz, 3996 MHz, 11 %, 168941 MiB
2026/08/03 13:11:27.109, 6, P0, 34, 265.36 W, 1965 MHz, 3996 MHz, 48 %, 168941 MiB
2026/08/03 13:11:27.109, 7, P0, 38, 277.90 W, 1965 MHz, 3996 MHz, 49 %, 167981 MiB
2026/08/03 13:11:28.109, 0, P0, 37, 283.91 W, 1965 MHz, 3996 MHz, 69 %, 168749 MiB
2026/08/03 13:11:28.109, 1, P0, 34, 284.91 W, 1965 MHz, 3996 MHz, 69 %, 168941 MiB
2026/08/03 13:11:28.109, 2, P0, 38, 288.29 W, 1965 MHz, 3996 MHz, 84 %, 168941 MiB
2026/08/03 13:11:28.109, 3, P0, 34, 286.77 W, 1965 MHz, 3996 MHz, 75 %, 168941 MiB
2026/08/03 13:11:28.109, 4, P0, 35, 274.89 W, 1965 MHz, 3996 MHz, 55 %, 168941 MiB
2026/08/03 13:11:28.109, 5, P0, 37, 258.15 W, 1965 MHz, 3996 MHz, 7 %, 168941 MiB
2026/08/03 13:11:28.109, 6, P0, 34, 272.10 W, 1965 MHz, 3996 MHz, 40 %, 168941 MiB
2026/08/03 13:11:28.109, 7, P0, 38, 284.70 W, 1965 MHz, 3996 MHz, 63 %, 167981 MiB
2026/08/03 13:11:29.109, 0, P0, 37, 251.07 W, 1965 MHz, 3996 MHz, 0 %, 168749 MiB
2026/08/03 13:11:29.109, 1, P0, 35, 293.75 W, 1965 MHz, 3996 MHz, 100 %, 168941 MiB
2026/08/03 13:11:29.109, 2, P0, 38, 291.12 W, 1965 MHz, 3996 MHz, 100 %, 168941 MiB
2026/08/03 13:11:29.109, 3, P0, 34, 292.13 W, 1965 MHz, 3996 MHz, 100 %, 168941 MiB
2026/08/03 13:11:29.109, 4, P0, 35, 287.90 W, 1965 MHz, 3996 MHz, 100 %, 168941 MiB
2026/08/03 13:11:29.109, 5, P0, 37, 292.52 W, 1965 MHz, 3996 MHz, 100 %, 168941 MiB
2026/08/03 13:11:29.109, 6, P0, 34, 294.95 W, 1965 MHz, 3996 MHz, 100 %, 168941 MiB
2026/08/03 13:11:29.109, 7, P0, 39, 297.35 W, 1965 MHz, 3996 MHz, 100 %, 167981 MiB
2026/08/03 13:11:30.109, 0, P0, 37, 244.41 W, 1965 MHz, 3996 MHz, 0 %, 168749 MiB
2026/08/03 13:11:30.109, 1, P0, 35, 296.29 W, 1965 MHz, 3996 MHz, 100 %, 168941 MiB
2026/08/03 13:11:30.109, 2, P0, 38, 291.91 W, 1965 MHz, 3996 MHz, 100 %, 168941 MiB
2026/08/03 13:11:30.109, 3, P0, 34, 293.86 W, 1965 MHz, 3996 MHz, 100 %, 168941 MiB
2026/08/03 13:11:30.109, 4, P0, 35, 291.52 W, 1965 MHz, 3996 MHz, 100 %, 168941 MiB
2026/08/03 13:11:30.109, 5, P0, 37, 300.71 W, 1965 MHz, 3996 MHz, 100 %, 168941 MiB
2026/08/03 13:11:30.109, 6, P0, 34, 300.36 W, 1965 MHz, 3996 MHz, 100 %, 168941 MiB
2026/08/03 13:11:30.109, 7, P0, 39, 299.76 W, 1965 MHz, 3996 MHz, 100 %, 167981 MiB
2026/08/03 13:11:31.110, 0, P0, 37, 244.36 W, 1965 MHz, 3996 MHz, 0 %, 168749 MiB
2026/08/03 13:11:31.110, 1, P0, 35, 296.30 W, 1965 MHz, 3996 MHz, 100 %, 168941 MiB
2026/08/03 13:11:31.110, 2, P0, 38, 291.88 W, 1965 MHz, 3996 MHz, 100 %, 168941 MiB
2026/08/03 13:11:31.110, 3, P0, 34, 293.87 W, 1965 MHz, 3996 MHz, 100 %, 168941 MiB
2026/08/03 13:11:31.110, 4, P0, 35, 291.49 W, 1965 MHz, 3996 MHz, 100 %, 168941 MiB
2026/08/03 13:11:31.110, 5, P0, 38, 300.74 W, 1965 MHz, 3996 MHz, 100 %, 168941 MiB
2026/08/03 13:11:31.110, 6, P0, 34, 300.42 W, 1965 MHz, 3996 MHz, 100 %, 168941 MiB
2026/08/03 13:11:31.110, 7, P0, 39, 299.83 W, 1965 MHz, 3996 MHz, 100 %, 167981 MiB
2026/08/03 13:11:32.110, 0, P0, 37, 284.09 W, 1965 MHz, 3996 MHz, 100 %, 168749 MiB
2026/08/03 13:11:32.110, 1, P0, 35, 290.57 W, 1965 MHz, 3996 MHz, 100 %, 168941 MiB
2026/08/03 13:11:32.110, 2, P0, 37, 263.60 W, 1965 MHz, 3996 MHz, 0 %, 168941 MiB
2026/08/03 13:11:32.110, 3, P0, 34, 292.05 W, 1965 MHz, 3996 MHz, 100 %, 168941 MiB
2026/08/03 13:11:32.110, 4, P0, 35, 285.70 W, 1965 MHz, 3996 MHz, 100 %, 168941 MiB
2026/08/03 13:11:32.110, 5, P0, 38, 298.48 W, 1965 MHz, 3996 MHz, 100 %, 168941 MiB
2026/08/03 13:11:32.110, 6, P0, 34, 266.56 W, 1965 MHz, 3996 MHz, 0 %, 168941 MiB
2026/08/03 13:11:32.110, 7, P0, 39, 297.65 W, 1965 MHz, 3996 MHz, 100 %, 167981 MiB
2026/08/03 13:11:33.110, 0, P0, 38, 299.24 W, 1965 MHz, 3996 MHz, 100 %, 168749 MiB
2026/08/03 13:11:33.110, 1, P0, 35, 296.70 W, 1965 MHz, 3996 MHz, 100 %, 168941 MiB
2026/08/03 13:11:33.110, 2, P0, 37, 237.80 W, 1965 MHz, 3996 MHz, 0 %, 168941 MiB
2026/08/03 13:11:33.110, 3, P0, 34, 293.89 W, 1965 MHz, 3996 MHz, 100 %, 168941 MiB
2026/08/03 13:11:33.110, 4, P0, 35, 291.67 W, 1965 MHz, 3996 MHz, 100 %, 168941 MiB
2026/08/03 13:11:33.110, 5, P0, 38, 300.71 W, 1965 MHz, 3996 MHz, 100 %, 168941 MiB
2026/08/03 13:11:33.110, 6, P0, 33, 243.60 W, 1965 MHz, 3996 MHz, 0 %, 168941 MiB
2026/08/03 13:11:33.110, 7, P0, 39, 299.45 W, 1965 MHz, 3996 MHz, 100 %, 167981 MiB
2026/08/03 13:11:34.110, 0, P0, 38, 299.34 W, 1965 MHz, 3996 MHz, 100 %, 168749 MiB
2026/08/03 13:11:34.110, 1, P0, 35, 296.78 W, 1965 MHz, 3996 MHz, 100 %, 168941 MiB
2026/08/03 13:11:34.111, 2, P0, 37, 237.62 W, 1965 MHz, 3996 MHz, 0 %, 168941 MiB
2026/08/03 13:11:34.111, 3, P0, 34, 293.92 W, 1965 MHz, 3996 MHz, 100 %, 168941 MiB
2026/08/03 13:11:34.111, 4, P0, 35, 291.66 W, 1965 MHz, 3996 MHz, 100 %, 168941 MiB
2026/08/03 13:11:34.111, 5, P0, 38, 300.77 W, 1965 MHz, 3996 MHz, 100 %, 168941 MiB
2026/08/03 13:11:34.111, 6, P0, 33, 243.44 W, 1965 MHz, 3996 MHz, 0 %, 168941 MiB
2026/08/03 13:11:34.111, 7, P0, 39, 299.44 W, 1965 MHz, 3996 MHz, 100 %, 167981 MiB
2026/08/03 13:11:35.111, 0, P0, 37, 292.51 W, 1965 MHz, 3996 MHz, 54 %, 168749 MiB
2026/08/03 13:11:35.111, 1, P0, 35, 293.43 W, 1965 MHz, 3996 MHz, 72 %, 168941 MiB
2026/08/03 13:11:35.111, 2, P0, 38, 262.62 W, 1965 MHz, 3996 MHz, 83 %, 168941 MiB
2026/08/03 13:11:35.111, 3, P0, 34, 291.44 W, 1965 MHz, 3996 MHz, 54 %, 168941 MiB
2026/08/03 13:11:35.111, 4, P0, 35, 288.16 W, 1965 MHz, 3996 MHz, 62 %, 168941 MiB
2026/08/03 13:11:35.111, 5, P0, 37, 287.23 W, 1965 MHz, 3996 MHz, 50 %, 168941 MiB
2026/08/03 13:11:35.111, 6, P0, 34, 257.69 W, 1965 MHz, 3996 MHz, 51 %, 168941 MiB
2026/08/03 13:11:35.111, 7, P0, 39, 293.93 W, 1965 MHz, 3996 MHz, 53 %, 167981 MiB
2026/08/03 13:11:36.111, 0, P0, 37, 278.73 W, 1965 MHz, 3996 MHz, 35 %, 168749 MiB
2026/08/03 13:11:36.111, 1, P0, 34, 284.54 W, 1965 MHz, 3996 MHz, 64 %, 168941 MiB
2026/08/03 13:11:36.111, 2, P0, 38, 287.74 W, 1965 MHz, 3996 MHz, 78 %, 168941 MiB
2026/08/03 13:11:36.111, 3, P0, 34, 286.53 W, 1965 MHz, 3996 MHz, 59 %, 168941 MiB
2026/08/03 13:11:36.111, 4, P0, 35, 271.26 W, 1965 MHz, 3996 MHz, 51 %, 168941 MiB
2026/08/03 13:11:36.111, 5, P0, 37, 267.00 W, 1965 MHz, 3996 MHz, 23 %, 168941 MiB
2026/08/03 13:11:36.111, 6, P0, 34, 262.77 W, 1965 MHz, 3996 MHz, 28 %, 168941 MiB
2026/08/03 13:11:36.111, 7, P0, 38, 274.38 W, 1965 MHz, 3996 MHz, 35 %, 167981 MiB
2026/08/03 13:11:37.111, 0, P0, 37, 273.21 W, 1965 MHz, 3996 MHz, 51 %, 168749 MiB
2026/08/03 13:11:37.111, 1, P0, 34, 281.50 W, 1965 MHz, 3996 MHz, 45 %, 168941 MiB
2026/08/03 13:11:37.111, 2, P0, 38, 286.51 W, 1965 MHz, 3996 MHz, 83 %, 168941 MiB
2026/08/03 13:11:37.111, 3, P0, 34, 284.10 W, 1965 MHz, 3996 MHz, 63 %, 168941 MiB
2026/08/03 13:11:37.111, 4, P0, 34, 267.54 W, 1965 MHz, 3996 MHz, 22 %, 168941 MiB
2026/08/03 13:11:37.111, 5, P0, 37, 261.66 W, 1965 MHz, 3996 MHz, 27 %, 168941 MiB
2026/08/03 13:11:37.112, 6, P0, 34, 260.43 W, 1965 MHz, 3996 MHz, 30 %, 168941 MiB
2026/08/03 13:11:37.112, 7, P0, 38, 277.98 W, 1965 MHz, 3996 MHz, 51 %, 167981 MiB
2026/08/03 13:11:38.112, 0, P0, 37, 276.71 W, 1965 MHz, 3996 MHz, 55 %, 168749 MiB
2026/08/03 13:11:38.112, 1, P0, 34, 281.18 W, 1965 MHz, 3996 MHz, 65 %, 168941 MiB
2026/08/03 13:11:38.112, 2, P0, 38, 286.58 W, 1965 MHz, 3996 MHz, 80 %, 168941 MiB
2026/08/03 13:11:38.112, 3, P0, 34, 285.15 W, 1965 MHz, 3996 MHz, 63 %, 168941 MiB
2026/08/03 13:11:38.112, 4, P0, 35, 269.56 W, 1965 MHz, 3996 MHz, 50 %, 168941 MiB
2026/08/03 13:11:38.112, 5, P0, 37, 261.83 W, 1965 MHz, 3996 MHz, 18 %, 168941 MiB
2026/08/03 13:11:38.112, 6, P0, 34, 264.66 W, 1965 MHz, 3996 MHz, 31 %, 168941 MiB
2026/08/03 13:11:38.112, 7, P0, 38, 281.59 W, 1965 MHz, 3996 MHz, 56 %, 167981 MiB
2026/08/03 13:11:39.112, 0, P0, 37, 277.48 W, 1965 MHz, 3996 MHz, 58 %, 168749 MiB
2026/08/03 13:11:39.112, 1, P0, 34, 283.05 W, 1965 MHz, 3996 MHz, 61 %, 168941 MiB
2026/08/03 13:11:39.112, 2, P0, 38, 285.71 W, 1965 MHz, 3996 MHz, 80 %, 168941 MiB
2026/08/03 13:11:39.112, 3, P0, 34, 287.94 W, 1965 MHz, 3996 MHz, 66 %, 168941 MiB
2026/08/03 13:11:39.112, 4, P0, 34, 269.10 W, 1965 MHz, 3996 MHz, 35 %, 168941 MiB
2026/08/03 13:11:39.112, 5, P0, 37, 265.75 W, 1965 MHz, 3996 MHz, 8 %, 168941 MiB
2026/08/03 13:11:39.112, 6, P0, 34, 259.18 W, 1965 MHz, 3996 MHz, 12 %, 168941 MiB
2026/08/03 13:11:39.112, 7, P0, 38, 280.32 W, 1965 MHz, 3996 MHz, 48 %, 167981 MiB
2026/08/03 13:11:40.112, 0, P0, 37, 262.14 W, 1965 MHz, 3996 MHz, 0 %, 168007 MiB
2026/08/03 13:11:40.112, 1, P0, 34, 263.28 W, 1965 MHz, 3996 MHz, 0 %, 167917 MiB
2026/08/03 13:11:40.113, 2, P0, 37, 266.30 W, 1965 MHz, 3996 MHz, 0 %, 168181 MiB
2026/08/03 13:11:40.113, 3, P0, 33, 267.47 W, 1965 MHz, 3996 MHz, 0 %, 168025 MiB
2026/08/03 13:11:40.113, 4, P0, 34, 253.35 W, 1965 MHz, 3996 MHz, 0 %, 168135 MiB
2026/08/03 13:11:40.114, 5, P0, 37, 255.98 W, 1965 MHz, 3996 MHz, 0 %, 168157 MiB
2026/08/03 13:11:40.114, 6, P0, 33, 254.02 W, 1965 MHz, 3996 MHz, 0 %, 168087 MiB
2026/08/03 13:11:40.114, 7, P0, 38, 264.75 W, 1965 MHz, 3996 MHz, 0 %, 167399 MiB
2026/08/03 13:11:41.115, 0, P0, 37, 244.35 W, 1965 MHz, 3996 MHz, 0 %, 166829 MiB
2026/08/03 13:11:41.130, 1, P0, 34, 241.12 W, 1965 MHz, 3996 MHz, 0 %, 166893 MiB
2026/08/03 13:11:41.130, 2, P0, 37, 237.65 W, 1965 MHz, 3996 MHz, 0 %, 166893 MiB
2026/08/03 13:11:41.130, 3, P0, 33, 239.93 W, 1965 MHz, 3996 MHz, 0 %, 166893 MiB
2026/08/03 13:11:41.130, 4, P0, 34, 237.05 W, 1965 MHz, 3996 MHz, 0 %, 166893 MiB
2026/08/03 13:11:41.130, 5, P0, 36, 245.66 W, 1965 MHz, 3996 MHz, 0 %, 166893 MiB
2026/08/03 13:11:41.131, 6, P0, 33, 243.60 W, 1965 MHz, 3996 MHz, 0 %, 166893 MiB
2026/08/03 13:11:41.131, 7, P0, 38, 244.93 W, 1965 MHz, 3996 MHz, 0 %, 166573 MiB
2026/08/03 13:11:42.131, 0, P0, 37, 244.18 W, 1965 MHz, 3996 MHz, 0 %, 166829 MiB
2026/08/03 13:11:42.131, 1, P0, 34, 241.09 W, 1965 MHz, 3996 MHz, 0 %, 166893 MiB
2026/08/03 13:11:42.131, 2, P0, 37, 237.49 W, 1965 MHz, 3996 MHz, 0 %, 166893 MiB
2026/08/03 13:11:42.131, 3, P0, 33, 239.83 W, 1965 MHz, 3996 MHz, 0 %, 166893 MiB
2026/08/03 13:11:42.131, 4, P0, 34, 236.99 W, 1965 MHz, 3996 MHz, 0 %, 166893 MiB
2026/08/03 13:11:42.131, 5, P0, 36, 245.54 W, 1965 MHz, 3996 MHz, 0 %, 166893 MiB
2026/08/03 13:11:42.131, 6, P0, 33, 243.53 W, 1965 MHz, 3996 MHz, 0 %, 166893 MiB
2026/08/03 13:11:42.131, 7, P0, 38, 244.74 W, 1965 MHz, 3996 MHz, 0 %, 166573 MiB
2026/08/03 13:11:43.131, 0, P0, 37, 244.15 W, 1965 MHz, 3996 MHz, 0 %, 166829 MiB
2026/08/03 13:11:43.131, 1, P0, 34, 241.07 W, 1965 MHz, 3996 MHz, 0 %, 166893 MiB
2026/08/03 13:11:43.131, 2, P0, 37, 237.52 W, 1965 MHz, 3996 MHz, 0 %, 166893 MiB
2026/08/03 13:11:43.131, 3, P0, 33, 239.83 W, 1965 MHz, 3996 MHz, 0 %, 166893 MiB
2026/08/03 13:11:43.131, 4, P0, 34, 236.88 W, 1965 MHz, 3996 MHz, 0 %, 166893 MiB
2026/08/03 13:11:43.131, 5, P0, 36, 245.46 W, 1965 MHz, 3996 MHz, 0 %, 166893 MiB
2026/08/03 13:11:43.131, 6, P0, 33, 243.30 W, 1965 MHz, 3996 MHz, 0 %, 166893 MiB
2026/08/03 13:11:43.131, 7, P0, 38, 244.67 W, 1965 MHz, 3996 MHz, 0 %, 166573 MiB
2026/08/03 13:11:44.131, 0, P0, 36, 244.00 W, 1965 MHz, 3996 MHz, 0 %, 166829 MiB
2026/08/03 13:11:44.131, 1, P0, 34, 241.07 W, 1965 MHz, 3996 MHz, 0 %, 166893 MiB
2026/08/03 13:11:44.131, 2, P0, 37, 237.46 W, 1965 MHz, 3996 MHz, 0 %, 166893 MiB
2026/08/03 13:11:44.131, 3, P0, 33, 239.81 W, 1965 MHz, 3996 MHz, 0 %, 166893 MiB
2026/08/03 13:11:44.131, 4, P0, 34, 236.84 W, 1965 MHz, 3996 MHz, 0 %, 166893 MiB
2026/08/03 13:11:44.131, 5, P0, 36, 245.43 W, 1965 MHz, 3996 MHz, 0 %, 166893 MiB
2026/08/03 13:11:44.131, 6, P0, 33, 243.25 W, 1965 MHz, 3996 MHz, 0 %, 166893 MiB
2026/08/03 13:11:44.132, 7, P0, 38, 244.65 W, 1965 MHz, 3996 MHz, 0 %, 166573 MiB
2026/08/03 13:11:45.132, 0, P0, 36, 244.07 W, 1965 MHz, 3996 MHz, 0 %, 166791 MiB
2026/08/03 13:11:45.132, 1, P0, 34, 241.04 W, 1965 MHz, 3996 MHz, 0 %, 166855 MiB
2026/08/03 13:11:45.132, 2, P0, 37, 237.44 W, 1965 MHz, 3996 MHz, 0 %, 166855 MiB
2026/08/03 13:11:45.132, 3, P0, 33, 239.75 W, 1965 MHz, 3996 MHz, 0 %, 166855 MiB
2026/08/03 13:11:45.132, 4, P0, 34, 236.80 W, 1965 MHz, 3996 MHz, 0 %, 166855 MiB
2026/08/03 13:11:45.132, 5, P0, 36, 245.52 W, 1965 MHz, 3996 MHz, 0 %, 166855 MiB
2026/08/03 13:11:45.132, 6, P0, 33, 243.32 W, 1965 MHz, 3996 MHz, 0 %, 166855 MiB
2026/08/03 13:11:45.132, 7, P0, 38, 244.62 W, 1965 MHz, 3996 MHz, 0 %, 166535 MiB
2026/08/03 13:11:46.132, 0, P0, 36, 244.07 W, 1965 MHz, 3996 MHz, 0 %, 166791 MiB
2026/08/03 13:11:46.132, 1, P0, 34, 240.94 W, 1965 MHz, 3996 MHz, 0 %, 166855 MiB
2026/08/03 13:11:46.132, 2, P0, 37, 237.46 W, 1965 MHz, 3996 MHz, 0 %, 166855 MiB
2026/08/03 13:11:46.132, 3, P0, 33, 239.77 W, 1965 MHz, 3996 MHz, 0 %, 166855 MiB
2026/08/03 13:11:46.132, 4, P0, 34, 236.74 W, 1965 MHz, 3996 MHz, 0 %, 166855 MiB
2026/08/03 13:11:46.132, 5, P0, 36, 245.36 W, 1965 MHz, 3996 MHz, 0 %, 166855 MiB
2026/08/03 13:11:46.132, 6, P0, 33, 243.34 W, 1965 MHz, 3996 MHz, 0 %, 166855 MiB
2026/08/03 13:11:46.132, 7, P0, 38, 244.65 W, 1965 MHz, 3996 MHz, 0 %, 166535 MiB
2026/08/03 13:11:47.132, 0, P0, 36, 244.04 W, 1965 MHz, 3996 MHz, 0 %, 166791 MiB
2026/08/03 13:11:47.132, 1, P0, 34, 240.95 W, 1965 MHz, 3996 MHz, 0 %, 166855 MiB
2026/08/03 13:11:47.132, 2, P0, 37, 237.44 W, 1965 MHz, 3996 MHz, 0 %, 166855 MiB
2026/08/03 13:11:47.132, 3, P0, 33, 239.76 W, 1965 MHz, 3996 MHz, 0 %, 166855 MiB
2026/08/03 13:11:47.133, 4, P0, 34, 236.74 W, 1965 MHz, 3996 MHz, 0 %, 166855 MiB
2026/08/03 13:11:47.133, 5, P0, 36, 245.44 W, 1965 MHz, 3996 MHz, 0 %, 166855 MiB
2026/08/03 13:11:47.133, 6, P0, 33, 243.27 W, 1965 MHz, 3996 MHz, 0 %, 166855 MiB
2026/08/03 13:11:47.133, 7, P0, 38, 244.59 W, 1965 MHz, 3996 MHz, 0 %, 166535 MiB
2026/08/03 13:11:48.133, 0, P0, 36, 243.97 W, 1965 MHz, 3996 MHz, 0 %, 166791 MiB
2026/08/03 13:11:48.133, 1, P0, 33, 240.91 W, 1965 MHz, 3996 MHz, 0 %, 166855 MiB
2026/08/03 13:11:48.133, 2, P0, 37, 237.37 W, 1965 MHz, 3996 MHz, 0 %, 166855 MiB
2026/08/03 13:11:48.133, 3, P0, 33, 239.77 W, 1965 MHz, 3996 MHz, 0 %, 166855 MiB
2026/08/03 13:11:48.133, 4, P0, 34, 236.72 W, 1965 MHz, 3996 MHz, 0 %, 166855 MiB
2026/08/03 13:11:48.133, 5, P0, 36, 245.39 W, 1965 MHz, 3996 MHz, 0 %, 166855 MiB
2026/08/03 13:11:48.133, 6, P0, 33, 243.25 W, 1965 MHz, 3996 MHz, 0 %, 166855 MiB
2026/08/03 13:11:48.133, 7, P0, 38, 244.49 W, 1965 MHz, 3996 MHz, 0 %, 166535 MiB
2026/08/03 13:11:49.133, 0, P0, 36, 243.92 W, 1965 MHz, 3996 MHz, 0 %, 166791 MiB
2026/08/03 13:11:49.133, 1, P0, 33, 240.88 W, 1965 MHz, 3996 MHz, 0 %, 166855 MiB
2026/08/03 13:11:49.133, 2, P0, 37, 237.39 W, 1965 MHz, 3996 MHz, 0 %, 166855 MiB
2026/08/03 13:11:49.133, 3, P0, 33, 239.73 W, 1965 MHz, 3996 MHz, 0 %, 166855 MiB
2026/08/03 13:11:49.133, 4, P0, 34, 236.65 W, 1965 MHz, 3996 MHz, 0 %, 166855 MiB
2026/08/03 13:11:49.133, 5, P0, 36, 245.41 W, 1965 MHz, 3996 MHz, 0 %, 166855 MiB
2026/08/03 13:11:49.133, 6, P0, 33, 243.30 W, 1965 MHz, 3996 MHz, 0 %, 166855 MiB
2026/08/03 13:11:49.133, 7, P0, 38, 244.58 W, 1965 MHz, 3996 MHz, 0 %, 166535 MiB
2026/08/03 13:11:50.133, 0, P0, 36, 243.80 W, 1965 MHz, 3996 MHz, 0 %, 166791 MiB
2026/08/03 13:11:50.133, 1, P0, 33, 240.81 W, 1965 MHz, 3996 MHz, 0 %, 166855 MiB
2026/08/03 13:11:50.133, 2, P0, 37, 237.30 W, 1965 MHz, 3996 MHz, 0 %, 166855 MiB
2026/08/03 13:11:50.133, 3, P0, 33, 239.72 W, 1965 MHz, 3996 MHz, 0 %, 166855 MiB
2026/08/03 13:11:50.133, 4, P0, 34, 236.64 W, 1965 MHz, 3996 MHz, 0 %, 166855 MiB
2026/08/03 13:11:50.133, 5, P0, 36, 245.38 W, 1965 MHz, 3996 MHz, 0 %, 166855 MiB
2026/08/03 13:11:50.133, 6, P0, 33, 243.27 W, 1965 MHz, 3996 MHz, 0 %, 166855 MiB
2026/08/03 13:11:50.133, 7, P0, 37, 244.55 W, 1965 MHz, 3996 MHz, 0 %, 166535 MiB
2026/08/03 13:11:51.134, 0, P0, 36, 243.88 W, 1965 MHz, 3996 MHz, 0 %, 166791 MiB
2026/08/03 13:11:51.134, 1, P0, 33, 240.70 W, 1965 MHz, 3996 MHz, 0 %, 166855 MiB
2026/08/03 13:11:51.134, 2, P0, 37, 237.40 W, 1965 MHz, 3996 MHz, 0 %, 166855 MiB
2026/08/03 13:11:51.134, 3, P0, 33, 239.71 W, 1965 MHz, 3996 MHz, 0 %, 166855 MiB
2026/08/03 13:11:51.134, 4, P0, 34, 236.61 W, 1965 MHz, 3996 MHz, 0 %, 166855 MiB
2026/08/03 13:11:51.134, 5, P0, 36, 245.35 W, 1965 MHz, 3996 MHz, 0 %, 166855 MiB
2026/08/03 13:11:51.134, 6, P0, 33, 243.25 W, 1965 MHz, 3996 MHz, 0 %, 166855 MiB
2026/08/03 13:11:51.134, 7, P0, 37, 244.52 W, 1965 MHz, 3996 MHz, 0 %, 166535 MiB
2026/08/03 13:11:52.134, 0, P0, 36, 243.86 W, 1965 MHz, 3996 MHz, 0 %, 166791 MiB
2026/08/03 13:11:52.134, 1, P0, 33, 240.73 W, 1965 MHz, 3996 MHz, 0 %, 166855 MiB
2026/08/03 13:11:52.134, 2, P0, 37, 237.35 W, 1965 MHz, 3996 MHz, 0 %, 166855 MiB
2026/08/03 13:11:52.134, 3, P0, 33, 239.66 W, 1965 MHz, 3996 MHz, 0 %, 166855 MiB
2026/08/03 13:11:52.134, 4, P0, 34, 236.57 W, 1965 MHz, 3996 MHz, 0 %, 166855 MiB
2026/08/03 13:11:52.134, 5, P0, 36, 245.33 W, 1965 MHz, 3996 MHz, 0 %, 166855 MiB
2026/08/03 13:11:52.134, 6, P0, 33, 243.20 W, 1965 MHz, 3996 MHz, 0 %, 166855 MiB
2026/08/03 13:11:52.134, 7, P0, 37, 244.47 W, 1965 MHz, 3996 MHz, 0 %, 166535 MiB
2026/08/03 13:11:53.134, 0, P0, 36, 243.76 W, 1965 MHz, 3996 MHz, 0 %, 166791 MiB
2026/08/03 13:11:53.134, 1, P0, 33, 240.69 W, 1965 MHz, 3996 MHz, 0 %, 166855 MiB
2026/08/03 13:11:53.134, 2, P0, 37, 237.30 W, 1965 MHz, 3996 MHz, 0 %, 166855 MiB
2026/08/03 13:11:53.134, 3, P0, 33, 239.69 W, 1965 MHz, 3996 MHz, 0 %, 166855 MiB
2026/08/03 13:11:53.134, 4, P0, 34, 236.56 W, 1965 MHz, 3996 MHz, 0 %, 166855 MiB
2026/08/03 13:11:53.134, 5, P0, 36, 245.23 W, 1965 MHz, 3996 MHz, 0 %, 166855 MiB
2026/08/03 13:11:53.134, 6, P0, 33, 243.17 W, 1965 MHz, 3996 MHz, 0 %, 166855 MiB
2026/08/03 13:11:53.134, 7, P0, 37, 244.53 W, 1965 MHz, 3996 MHz, 0 %, 166535 MiB
2026/08/03 13:11:54.135, 0, P0, 36, 243.77 W, 1965 MHz, 3996 MHz, 0 %, 166791 MiB
2026/08/03 13:11:54.135, 1, P0, 33, 240.61 W, 1965 MHz, 3996 MHz, 0 %, 166855 MiB
2026/08/03 13:11:54.135, 2, P0, 37, 237.30 W, 1965 MHz, 3996 MHz, 0 %, 166855 MiB
2026/08/03 13:11:54.135, 3, P0, 33, 239.60 W, 1965 MHz, 3996 MHz, 0 %, 166855 MiB
2026/08/03 13:11:54.135, 4, P0, 34, 236.61 W, 1965 MHz, 3996 MHz, 0 %, 166855 MiB
2026/08/03 13:11:54.135, 5, P0, 36, 245.25 W, 1965 MHz, 3996 MHz, 0 %, 166855 MiB
2026/08/03 13:11:54.135, 6, P0, 33, 243.16 W, 1965 MHz, 3996 MHz, 0 %, 166855 MiB
2026/08/03 13:11:54.135, 7, P0, 37, 244.51 W, 1965 MHz, 3996 MHz, 0 %, 166535 MiB
2026/08/03 13:11:55.135, 0, P0, 36, 243.75 W, 1965 MHz, 3996 MHz, 0 %, 166791 MiB
2026/08/03 13:11:55.135, 1, P0, 33, 240.60 W, 1965 MHz, 3996 MHz, 0 %, 166855 MiB
2026/08/03 13:11:55.135, 2, P0, 36, 237.30 W, 1965 MHz, 3996 MHz, 0 %, 166855 MiB
2026/08/03 13:11:55.135, 3, P0, 33, 239.60 W, 1965 MHz, 3996 MHz, 0 %, 166855 MiB
2026/08/03 13:11:55.135, 4, P0, 34, 236.55 W, 1965 MHz, 3996 MHz, 0 %, 166855 MiB
2026/08/03 13:11:55.135, 5, P0, 36, 245.21 W, 1965 MHz, 3996 MHz, 0 %, 166855 MiB
2026/08/03 13:11:55.135, 6, P0, 33, 243.10 W, 1965 MHz, 3996 MHz, 0 %, 166855 MiB
2026/08/03 13:11:55.135, 7, P0, 37, 244.46 W, 1965 MHz, 3996 MHz, 0 %, 166535 MiB
2026/08/03 13:11:56.135, 0, P0, 36, 243.71 W, 1965 MHz, 3996 MHz, 0 %, 166791 MiB
2026/08/03 13:11:56.135, 1, P0, 33, 240.64 W, 1965 MHz, 3996 MHz, 0 %, 166855 MiB
2026/08/03 13:11:56.135, 2, P0, 36, 237.25 W, 1965 MHz, 3996 MHz, 0 %, 166855 MiB
2026/08/03 13:11:56.135, 3, P0, 33, 239.54 W, 1965 MHz, 3996 MHz, 0 %, 166855 MiB
2026/08/03 13:11:56.135, 4, P0, 34, 236.59 W, 1965 MHz, 3996 MHz, 0 %, 166855 MiB
2026/08/03 13:11:56.135, 5, P0, 36, 245.27 W, 1965 MHz, 3996 MHz, 0 %, 166855 MiB
2026/08/03 13:11:56.135, 6, P0, 33, 243.12 W, 1965 MHz, 3996 MHz, 0 %, 166855 MiB
2026/08/03 13:11:56.135, 7, P0, 37, 244.48 W, 1965 MHz, 3996 MHz, 0 %, 166535 MiB
2026/08/03 13:11:57.135, 0, P0, 36, 243.71 W, 1965 MHz, 3996 MHz, 0 %, 166791 MiB
2026/08/03 13:11:57.136, 1, P0, 33, 240.59 W, 1965 MHz, 3996 MHz, 0 %, 166855 MiB
2026/08/03 13:11:57.136, 2, P0, 36, 237.27 W, 1965 MHz, 3996 MHz, 0 %, 166855 MiB
2026/08/03 13:11:57.136, 3, P0, 33, 239.51 W, 1965 MHz, 3996 MHz, 0 %, 166855 MiB
2026/08/03 13:11:57.136, 4, P0, 34, 236.60 W, 1965 MHz, 3996 MHz, 0 %, 166855 MiB
2026/08/03 13:11:57.136, 5, P0, 36, 245.30 W, 1965 MHz, 3996 MHz, 0 %, 166855 MiB
2026/08/03 13:11:57.136, 6, P0, 33, 243.14 W, 1965 MHz, 3996 MHz, 0 %, 166855 MiB
2026/08/03 13:11:57.136, 7, P0, 37, 244.40 W, 1965 MHz, 3996 MHz, 0 %, 166535 MiB
2026/08/03 13:11:58.136, 0, P0, 36, 243.81 W, 1965 MHz, 3996 MHz, 0 %, 166789 MiB
2026/08/03 13:11:58.713, 1, P0, 33, 240.59 W, 1965 MHz, 3996 MHz, 0 %, 166855 MiB
2026/08/03 13:11:58.724, 2, P0, 36, 237.27 W, 1965 MHz, 3996 MHz, 0 %, 166853 MiB
2026/08/03 13:11:58.729, 3, P0, 33, 239.61 W, 1965 MHz, 3996 MHz, 0 %, 166853 MiB
2026/08/03 13:11:58.736, 4, P0, 34, 236.61 W, 1965 MHz, 3996 MHz, 0 %, 166853 MiB
2026/08/03 13:11:58.743, 5, P0, 36, 245.32 W, 1965 MHz, 3996 MHz, 0 %, 166853 MiB
2026/08/03 13:11:58.748, 6, P0, 33, 250.71 W, 1965 MHz, 3996 MHz, 18 %, 524 MiB
2026/08/03 13:11:58.753, 7, P0, 37, 252.42 W, 1965 MHz, 3996 MHz, 0 %, 204 MiB
2026/08/03 13:11:59.758, 0, P0, 36, 243.68 W, 1965 MHz, 3996 MHz, 0 %, 524 MiB
2026/08/03 13:12:00.679, 1, P0, 33, 240.62 W, 1965 MHz, 3996 MHz, 0 %, 166817 MiB
2026/08/03 13:12:00.695, 2, P0, 36, 245.70 W, 1965 MHz, 3996 MHz, 0 %, 524 MiB
2026/08/03 13:12:00.696, 3, P0, 33, 239.48 W, 1965 MHz, 3996 MHz, 0 %, 140 MiB
2026/08/03 13:12:00.696, 4, P0, 34, 236.54 W, 1965 MHz, 3996 MHz, 0 %, 140 MiB
2026/08/03 13:12:00.696, 5, P0, 36, 253.59 W, 1965 MHz, 3996 MHz, 0 %, 140 MiB
2026/08/03 13:12:00.696, 6, P0, 33, 243.07 W, 1965 MHz, 3996 MHz, 0 %, 140 MiB
2026/08/03 13:12:00.696, 7, P0, 37, 244.30 W, 1965 MHz, 3996 MHz, 0 %, 140 MiB
2026/08/03 13:12:01.697, 0, P0, 36, 243.79 W, 1965 MHz, 3996 MHz, 0 %, 4 MiB
2026/08/03 13:12:01.697, 1, P0, 33, 249.15 W, 1965 MHz, 3996 MHz, 0 %, 4 MiB
2026/08/03 13:12:01.697, 2, P0, 36, 237.07 W, 1965 MHz, 3996 MHz, 0 %, 4 MiB
2026/08/03 13:12:01.697, 3, P0, 33, 239.37 W, 1965 MHz, 3996 MHz, 0 %, 4 MiB
2026/08/03 13:12:01.697, 4, P0, 33, 236.26 W, 1965 MHz, 3996 MHz, 0 %, 4 MiB
2026/08/03 13:12:01.697, 5, P0, 36, 245.25 W, 1965 MHz, 3996 MHz, 0 %, 4 MiB
2026/08/03 13:12:01.697, 6, P0, 33, 242.94 W, 1965 MHz, 3996 MHz, 0 %, 4 MiB
2026/08/03 13:12:01.697, 7, P0, 37, 244.23 W, 1965 MHz, 3996 MHz, 0 %, 4 MiB
2026/08/03 13:12:02.697, 0, P0, 36, 243.77 W, 1965 MHz, 3996 MHz, 0 %, 1 MiB
2026/08/03 13:12:02.703, 1, P0, 33, 240.63 W, 1965 MHz, 3996 MHz, 0 %, 1 MiB
2026/08/03 13:12:02.703, 2, P0, 36, 236.89 W, 1965 MHz, 3996 MHz, 0 %, 1 MiB
2026/08/03 13:12:02.703, 3, P0, 33, 239.19 W, 1965 MHz, 3996 MHz, 0 %, 1 MiB
2026/08/03 13:12:02.704, 4, P0, 33, 236.16 W, 1965 MHz, 3996 MHz, 0 %, 1 MiB
2026/08/03 13:12:02.704, 5, P0, 36, 245.16 W, 1965 MHz, 3996 MHz, 0 %, 4 MiB
2026/08/03 13:12:02.704, 6, P0, 33, 242.74 W, 1965 MHz, 3996 MHz, 0 %, 4 MiB
2026/08/03 13:12:02.704, 7, P0, 37, 244.38 W, 1965 MHz, 3996 MHz, 0 %, 4 MiB
