[1;33m'--disable-cuda-graph' is deprecated and will be removed in a future release. Use '--cuda-graph-backend-{decode,prefill}=disabled' instead.[0m
Fail to set RLIMIT_STACK: current limit exceeds maximum limit
[2026-08-05 06:47:07 TP6] Init torch distributed begin.
[2026-08-05 06:47:07 TP5] Init torch distributed begin.
[2026-08-05 06:47:07 TP4] Init torch distributed begin.
[2026-08-05 06:47:07 TP1] Init torch distributed begin.
[2026-08-05 06:47:07 TP3] Init torch distributed begin.
[2026-08-05 06:47:07 TP0] Init torch distributed begin.
[2026-08-05 06:47:08 TP2] Init torch distributed begin.
[2026-08-05 06:47:08 TP7] Init torch distributed begin.
[2026-08-05 06:47:10 TP0] sglang is using nccl==2.28.9
[2026-08-05 06:47:13 TP6] Init torch distributed ends. elapsed=6.28 s, mem usage=1.53 GB
[2026-08-05 06:47:13 TP7] Init torch distributed ends. elapsed=5.69 s, mem usage=1.22 GB
[2026-08-05 06:47:13 TP0] Init torch distributed ends. elapsed=5.82 s, mem usage=1.47 GB
[2026-08-05 06:47:13 TP4] Init torch distributed ends. elapsed=5.87 s, mem usage=1.53 GB
[2026-08-05 06:47:13 TP1] Init torch distributed ends. elapsed=5.87 s, mem usage=1.53 GB
[2026-08-05 06:47:13 TP5] Init torch distributed ends. elapsed=5.97 s, mem usage=1.53 GB
[2026-08-05 06:47:13 TP3] Init torch distributed ends. elapsed=5.82 s, mem usage=1.53 GB
[2026-08-05 06:47:13 TP2] Init torch distributed ends. elapsed=5.71 s, mem usage=1.53 GB
[2026-08-05 06:47:15 TP6] Load weight begin. avail mem=176.17 GB
[2026-08-05 06:47:15 TP1] Load weight begin. avail mem=176.17 GB
[2026-08-05 06:47:15 TP5] Load weight begin. avail mem=176.17 GB
[2026-08-05 06:47:15 TP7] Load weight begin. avail mem=176.48 GB
[2026-08-05 06:47:15 TP4] Load weight begin. avail mem=176.17 GB
[2026-08-05 06:47:15 TP0] Load weight begin. avail mem=176.23 GB
[2026-08-05 06:47:15 TP0] Config does not support fused shared expert(s). Shared experts fusion optimization is disabled.
[2026-08-05 06:47:15 TP3] Load weight begin. avail mem=176.17 GB
[2026-08-05 06:47:15 TP6] FlashInfer TRTLLM MoE deferred finalize is disabled (moe_runner_backend=auto, quant_method=UnquantizedFusedMoEMethod).
[2026-08-05 06:47:15 TP1] FlashInfer TRTLLM MoE deferred finalize is disabled (moe_runner_backend=auto, quant_method=UnquantizedFusedMoEMethod).
[2026-08-05 06:47:15 TP5] FlashInfer TRTLLM MoE deferred finalize is disabled (moe_runner_backend=auto, quant_method=UnquantizedFusedMoEMethod).
[2026-08-05 06:47:15 TP4] FlashInfer TRTLLM MoE deferred finalize is disabled (moe_runner_backend=auto, quant_method=UnquantizedFusedMoEMethod).
[2026-08-05 06:47:15 TP7] FlashInfer TRTLLM MoE deferred finalize is disabled (moe_runner_backend=auto, quant_method=UnquantizedFusedMoEMethod).
[2026-08-05 06:47:15 TP2] Load weight begin. avail mem=176.17 GB
[2026-08-05 06:47:15 TP0] FlashInfer TRTLLM MoE deferred finalize is disabled (moe_runner_backend=auto, quant_method=UnquantizedFusedMoEMethod).
[2026-08-05 06:47:15 TP3] FlashInfer TRTLLM MoE deferred finalize is disabled (moe_runner_backend=auto, quant_method=UnquantizedFusedMoEMethod).
Multi-thread loading shards:   0% Completed | 0/4 [00:00<?, ?it/s][2026-08-05 06:47:16 TP2] FlashInfer TRTLLM MoE deferred finalize is disabled (moe_runner_backend=auto, quant_method=UnquantizedFusedMoEMethod).
Multi-thread loading shards:  25% Completed | 1/4 [00:00<00:00,  3.88it/s]Multi-thread loading shards:  50% Completed | 2/4 [00:00<00:00,  2.72it/s]Multi-thread loading shards:  75% Completed | 3/4 [00:00<00:00,  3.95it/s]Multi-thread loading shards: 100% Completed | 4/4 [00:00<00:00,  4.76it/s]
[2026-08-05 06:47:18 TP7] Load weight end. elapsed=2.33 s, type=DeepseekV2ForCausalLM, avail mem=172.70 GB, mem usage=3.78 GB.
[2026-08-05 06:47:18 TP0] Load weight end. elapsed=2.30 s, type=DeepseekV2ForCausalLM, avail mem=172.45 GB, mem usage=3.78 GB.
[2026-08-05 06:47:18 TP6] Load weight end. elapsed=2.36 s, type=DeepseekV2ForCausalLM, avail mem=172.39 GB, mem usage=3.78 GB.
[2026-08-05 06:47:18 TP5] Load weight end. elapsed=2.36 s, type=DeepseekV2ForCausalLM, avail mem=172.39 GB, mem usage=3.78 GB.
[2026-08-05 06:47:18 TP3] Load weight end. elapsed=2.33 s, type=DeepseekV2ForCausalLM, avail mem=172.39 GB, mem usage=3.78 GB.
[2026-08-05 06:47:18 TP1] Load weight end. elapsed=2.39 s, type=DeepseekV2ForCausalLM, avail mem=172.39 GB, mem usage=3.78 GB.
[2026-08-05 06:47:18 TP4] Load weight end. elapsed=2.42 s, type=DeepseekV2ForCausalLM, avail mem=172.39 GB, mem usage=3.78 GB.
[2026-08-05 06:47:18 TP2] Load weight end. elapsed=2.43 s, type=DeepseekV2ForCausalLM, avail mem=172.39 GB, mem usage=3.78 GB.
[2026-08-05 06:47:18 TP0] KV Cache is allocated. dtype: torch.bfloat16, #tokens: 5038524, KV size: 145.96 GB
[2026-08-05 06:47:18 TP0] Memory pool end. avail mem=23.94 GB
[2026-08-05 06:47:18 TP3] KV Cache is allocated. dtype: torch.bfloat16, #tokens: 5038524, KV size: 145.96 GB
[2026-08-05 06:47:18 TP1] KV Cache is allocated. dtype: torch.bfloat16, #tokens: 5038524, KV size: 145.96 GB
[2026-08-05 06:47:18 TP3] Memory pool end. avail mem=23.87 GB
[2026-08-05 06:47:18 TP1] Memory pool end. avail mem=23.87 GB
[2026-08-05 06:47:18 TP6] KV Cache is allocated. dtype: torch.bfloat16, #tokens: 5038524, KV size: 145.96 GB
[2026-08-05 06:47:18 TP5] KV Cache is allocated. dtype: torch.bfloat16, #tokens: 5038524, KV size: 145.96 GB
[2026-08-05 06:47:18 TP7] KV Cache is allocated. dtype: torch.bfloat16, #tokens: 5038524, KV size: 145.96 GB
[2026-08-05 06:47:18 TP5] Memory pool end. avail mem=23.87 GB
[2026-08-05 06:47:18 TP6] Memory pool end. avail mem=23.87 GB
[2026-08-05 06:47:18 TP7] Memory pool end. avail mem=24.19 GB
[2026-08-05 06:47:18 TP2] KV Cache is allocated. dtype: torch.bfloat16, #tokens: 5038524, KV size: 145.96 GB
[2026-08-05 06:47:18 TP2] Memory pool end. avail mem=23.87 GB
[2026-08-05 06:47:18 TP4] KV Cache is allocated. dtype: torch.bfloat16, #tokens: 5038524, KV size: 145.96 GB
[2026-08-05 06:47:18 TP4] Memory pool end. avail mem=23.87 GB
[2026-08-05 06:47:18 TP0] Disable prefill CUDA graph because cuda_graph_config resolved prefill.backend='disabled' (e.g. via --cuda-graph-backend-prefill=disabled or auto-disable rules).
[2026-08-05 06:47:18 TP3] Disable prefill CUDA graph because cuda_graph_config resolved prefill.backend='disabled' (e.g. via --cuda-graph-backend-prefill=disabled or auto-disable rules).
[2026-08-05 06:47:18 TP1] Disable prefill CUDA graph because cuda_graph_config resolved prefill.backend='disabled' (e.g. via --cuda-graph-backend-prefill=disabled or auto-disable rules).
[2026-08-05 06:47:18 TP7] Disable prefill CUDA graph because cuda_graph_config resolved prefill.backend='disabled' (e.g. via --cuda-graph-backend-prefill=disabled or auto-disable rules).
[2026-08-05 06:47:18 TP5] Disable prefill CUDA graph because cuda_graph_config resolved prefill.backend='disabled' (e.g. via --cuda-graph-backend-prefill=disabled or auto-disable rules).
[2026-08-05 06:47:18 TP6] Disable prefill CUDA graph because cuda_graph_config resolved prefill.backend='disabled' (e.g. via --cuda-graph-backend-prefill=disabled or auto-disable rules).
[2026-08-05 06:47:18 TP2] Disable prefill CUDA graph because cuda_graph_config resolved prefill.backend='disabled' (e.g. via --cuda-graph-backend-prefill=disabled or auto-disable rules).
[2026-08-05 06:47:18 TP4] Disable prefill CUDA graph because cuda_graph_config resolved prefill.backend='disabled' (e.g. via --cuda-graph-backend-prefill=disabled or auto-disable rules).
[2026-08-05 06:47:20 TP2] Fixing v5 tokenizer component mismatch for /media/ssd1/DeepSeek-V2-Lite: pre_tokenizer Metaspace -> Sequence, decoder Sequence -> ByteLevel
[2026-08-05 06:47:20 TP2] Restoring add_bos_token=True for /media/ssd1/DeepSeek-V2-Lite (was False after v5 loading)
[2026-08-05 06:47:20 TP3] Fixing v5 tokenizer component mismatch for /media/ssd1/DeepSeek-V2-Lite: pre_tokenizer Metaspace -> Sequence, decoder Sequence -> ByteLevel
[2026-08-05 06:47:20 TP1] Fixing v5 tokenizer component mismatch for /media/ssd1/DeepSeek-V2-Lite: pre_tokenizer Metaspace -> Sequence, decoder Sequence -> ByteLevel
[2026-08-05 06:47:20 TP0] Fixing v5 tokenizer component mismatch for /media/ssd1/DeepSeek-V2-Lite: pre_tokenizer Metaspace -> Sequence, decoder Sequence -> ByteLevel
[2026-08-05 06:47:20 TP5] Fixing v5 tokenizer component mismatch for /media/ssd1/DeepSeek-V2-Lite: pre_tokenizer Metaspace -> Sequence, decoder Sequence -> ByteLevel
[2026-08-05 06:47:20 TP3] Restoring add_bos_token=True for /media/ssd1/DeepSeek-V2-Lite (was False after v5 loading)
[2026-08-05 06:47:20 TP4] Fixing v5 tokenizer component mismatch for /media/ssd1/DeepSeek-V2-Lite: pre_tokenizer Metaspace -> Sequence, decoder Sequence -> ByteLevel
[2026-08-05 06:47:20 TP6] Fixing v5 tokenizer component mismatch for /media/ssd1/DeepSeek-V2-Lite: pre_tokenizer Metaspace -> Sequence, decoder Sequence -> ByteLevel
[2026-08-05 06:47:20 TP7] Fixing v5 tokenizer component mismatch for /media/ssd1/DeepSeek-V2-Lite: pre_tokenizer Metaspace -> Sequence, decoder Sequence -> ByteLevel
[2026-08-05 06:47:20 TP1] Restoring add_bos_token=True for /media/ssd1/DeepSeek-V2-Lite (was False after v5 loading)
[2026-08-05 06:47:20 TP0] Restoring add_bos_token=True for /media/ssd1/DeepSeek-V2-Lite (was False after v5 loading)
/usr/local/lib/python3.12/dist-packages/torch/distributed/c10d_logger.py:83: UserWarning: barrier(): using the device under current context. You can specify `device_id` in `init_process_group` to mute this warning.
  return func(*args, **kwargs)
[rank0]:[W805 06:47:20.957837425 ProcessGroupNCCL.cpp:5188] Guessing device ID based on global rank. This can cause a hang if rank to GPU mapping is heterogeneous. You can specify device_id in init_process_group()
[2026-08-05 06:47:20 TP5] Restoring add_bos_token=True for /media/ssd1/DeepSeek-V2-Lite (was False after v5 loading)
[2026-08-05 06:47:20 TP4] Restoring add_bos_token=True for /media/ssd1/DeepSeek-V2-Lite (was False after v5 loading)
[2026-08-05 06:47:20 TP6] Restoring add_bos_token=True for /media/ssd1/DeepSeek-V2-Lite (was False after v5 loading)
[2026-08-05 06:47:20 TP7] Restoring add_bos_token=True for /media/ssd1/DeepSeek-V2-Lite (was False after v5 loading)
[2026-08-05 06:47:25 TP2] Using default MoE kernel config. Performance might be sub-optimal! Config file not found at /sgl-workspace/sglang-src/python/sglang/srt/layers/moe/moe_runner/triton_utils/configs/triton_3_6_0/E=64,N=176,device_name=NVIDIA_B200.json, you can create them with https://github.com/sgl-project/sglang/tree/main/benchmark/kernels/fused_moe_triton
[2026-08-05 06:47:25 TP2] Using MoE kernel config with down_moe=False. Performance might be sub-optimal! Config file not found at /sgl-workspace/sglang-src/python/sglang/srt/layers/moe/moe_runner/triton_utils/configs/triton_3_6_0/E=64,N=176,device_name=NVIDIA_B200_down.json, you can create them with https://github.com/sgl-project/sglang/tree/main/benchmark/kernels/fused_moe_triton
[2026-08-05 06:47:25 TP0] Using default MoE kernel config. Performance might be sub-optimal! Config file not found at /sgl-workspace/sglang-src/python/sglang/srt/layers/moe/moe_runner/triton_utils/configs/triton_3_6_0/E=64,N=176,device_name=NVIDIA_B200.json, you can create them with https://github.com/sgl-project/sglang/tree/main/benchmark/kernels/fused_moe_triton
[2026-08-05 06:47:25 TP0] Using MoE kernel config with down_moe=False. Performance might be sub-optimal! Config file not found at /sgl-workspace/sglang-src/python/sglang/srt/layers/moe/moe_runner/triton_utils/configs/triton_3_6_0/E=64,N=176,device_name=NVIDIA_B200_down.json, you can create them with https://github.com/sgl-project/sglang/tree/main/benchmark/kernels/fused_moe_triton
[2026-08-05 06:47:25 TP7] Using default MoE kernel config. Performance might be sub-optimal! Config file not found at /sgl-workspace/sglang-src/python/sglang/srt/layers/moe/moe_runner/triton_utils/configs/triton_3_6_0/E=64,N=176,device_name=NVIDIA_B200.json, you can create them with https://github.com/sgl-project/sglang/tree/main/benchmark/kernels/fused_moe_triton
[2026-08-05 06:47:25 TP7] Using MoE kernel config with down_moe=False. Performance might be sub-optimal! Config file not found at /sgl-workspace/sglang-src/python/sglang/srt/layers/moe/moe_runner/triton_utils/configs/triton_3_6_0/E=64,N=176,device_name=NVIDIA_B200_down.json, you can create them with https://github.com/sgl-project/sglang/tree/main/benchmark/kernels/fused_moe_triton
[2026-08-05 06:47:25 TP5] Using default MoE kernel config. Performance might be sub-optimal! Config file not found at /sgl-workspace/sglang-src/python/sglang/srt/layers/moe/moe_runner/triton_utils/configs/triton_3_6_0/E=64,N=176,device_name=NVIDIA_B200.json, you can create them with https://github.com/sgl-project/sglang/tree/main/benchmark/kernels/fused_moe_triton
[2026-08-05 06:47:25 TP5] Using MoE kernel config with down_moe=False. Performance might be sub-optimal! Config file not found at /sgl-workspace/sglang-src/python/sglang/srt/layers/moe/moe_runner/triton_utils/configs/triton_3_6_0/E=64,N=176,device_name=NVIDIA_B200_down.json, you can create them with https://github.com/sgl-project/sglang/tree/main/benchmark/kernels/fused_moe_triton
[2026-08-05 06:47:25 TP3] Using default MoE kernel config. Performance might be sub-optimal! Config file not found at /sgl-workspace/sglang-src/python/sglang/srt/layers/moe/moe_runner/triton_utils/configs/triton_3_6_0/E=64,N=176,device_name=NVIDIA_B200.json, you can create them with https://github.com/sgl-project/sglang/tree/main/benchmark/kernels/fused_moe_triton
[2026-08-05 06:47:25 TP3] Using MoE kernel config with down_moe=False. Performance might be sub-optimal! Config file not found at /sgl-workspace/sglang-src/python/sglang/srt/layers/moe/moe_runner/triton_utils/configs/triton_3_6_0/E=64,N=176,device_name=NVIDIA_B200_down.json, you can create them with https://github.com/sgl-project/sglang/tree/main/benchmark/kernels/fused_moe_triton
[2026-08-05 06:47:25 TP6] Using default MoE kernel config. Performance might be sub-optimal! Config file not found at /sgl-workspace/sglang-src/python/sglang/srt/layers/moe/moe_runner/triton_utils/configs/triton_3_6_0/E=64,N=176,device_name=NVIDIA_B200.json, you can create them with https://github.com/sgl-project/sglang/tree/main/benchmark/kernels/fused_moe_triton
[2026-08-05 06:47:25 TP6] Using MoE kernel config with down_moe=False. Performance might be sub-optimal! Config file not found at /sgl-workspace/sglang-src/python/sglang/srt/layers/moe/moe_runner/triton_utils/configs/triton_3_6_0/E=64,N=176,device_name=NVIDIA_B200_down.json, you can create them with https://github.com/sgl-project/sglang/tree/main/benchmark/kernels/fused_moe_triton
[2026-08-05 06:47:25 TP4] Using default MoE kernel config. Performance might be sub-optimal! Config file not found at /sgl-workspace/sglang-src/python/sglang/srt/layers/moe/moe_runner/triton_utils/configs/triton_3_6_0/E=64,N=176,device_name=NVIDIA_B200.json, you can create them with https://github.com/sgl-project/sglang/tree/main/benchmark/kernels/fused_moe_triton
[2026-08-05 06:47:25 TP4] Using MoE kernel config with down_moe=False. Performance might be sub-optimal! Config file not found at /sgl-workspace/sglang-src/python/sglang/srt/layers/moe/moe_runner/triton_utils/configs/triton_3_6_0/E=64,N=176,device_name=NVIDIA_B200_down.json, you can create them with https://github.com/sgl-project/sglang/tree/main/benchmark/kernels/fused_moe_triton
[2026-08-05 06:47:25 TP1] Using default MoE kernel config. Performance might be sub-optimal! Config file not found at /sgl-workspace/sglang-src/python/sglang/srt/layers/moe/moe_runner/triton_utils/configs/triton_3_6_0/E=64,N=176,device_name=NVIDIA_B200.json, you can create them with https://github.com/sgl-project/sglang/tree/main/benchmark/kernels/fused_moe_triton
[2026-08-05 06:47:25 TP1] Using MoE kernel config with down_moe=False. Performance might be sub-optimal! Config file not found at /sgl-workspace/sglang-src/python/sglang/srt/layers/moe/moe_runner/triton_utils/configs/triton_3_6_0/E=64,N=176,device_name=NVIDIA_B200_down.json, you can create them with https://github.com/sgl-project/sglang/tree/main/benchmark/kernels/fused_moe_triton
/usr/local/lib/python3.12/dist-packages/torch/profiler/profiler.py:224: UserWarning: Warning: Profiler clears events at the end of each cycle.Only events from the current cycle will be reported.To keep events across cycles, set acc_events=True.
  _warn_once(
/usr/local/lib/python3.12/dist-packages/torch/profiler/profiler.py:224: UserWarning: Warning: Profiler clears events at the end of each cycle.Only events from the current cycle will be reported.To keep events across cycles, set acc_events=True.
  _warn_once(
/usr/local/lib/python3.12/dist-packages/torch/profiler/profiler.py:224: UserWarning: Warning: Profiler clears events at the end of each cycle.Only events from the current cycle will be reported.To keep events across cycles, set acc_events=True.
  _warn_once(
/usr/local/lib/python3.12/dist-packages/torch/profiler/profiler.py:224: UserWarning: Warning: Profiler clears events at the end of each cycle.Only events from the current cycle will be reported.To keep events across cycles, set acc_events=True.
  _warn_once(
/usr/local/lib/python3.12/dist-packages/torch/profiler/profiler.py:224: UserWarning: Warning: Profiler clears events at the end of each cycle.Only events from the current cycle will be reported.To keep events across cycles, set acc_events=True.
  _warn_once(
/usr/local/lib/python3.12/dist-packages/torch/profiler/profiler.py:224: UserWarning: Warning: Profiler clears events at the end of each cycle.Only events from the current cycle will be reported.To keep events across cycles, set acc_events=True.
  _warn_once(
/usr/local/lib/python3.12/dist-packages/torch/profiler/profiler.py:224: UserWarning: Warning: Profiler clears events at the end of each cycle.Only events from the current cycle will be reported.To keep events across cycles, set acc_events=True.
  _warn_once(
/usr/local/lib/python3.12/dist-packages/torch/profiler/profiler.py:224: UserWarning: Warning: Profiler clears events at the end of each cycle.Only events from the current cycle will be reported.To keep events across cycles, set acc_events=True.
  _warn_once(
-------------------------------------------------------  ------------  ------------  ------------  ------------  ------------  ------------  ------------  ------------  ------------  ------------  
                                                   Name    Self CPU %      Self CPU   CPU total %     CPU total  CPU time avg     Self CUDA   Self CUDA %    CUDA total  CUDA time avg    # of Calls  
-------------------------------------------------------  ------------  ------------  ------------  ------------  ------------  ------------  ------------  ------------  ------------  ------------  
void (anonymous namespace)::all_reduce_one_shot_push...         0.00%       0.000us         0.00%       0.000us       0.000us        2.980s        49.91%        2.980s     860.116us          3465  
kernel_cutlass_kernel_flashinfernormkernelsfused_add...         0.00%       0.000us         0.00%       0.000us       0.000us        2.776s        46.49%        2.776s     815.966us          3402  
                                       fused_moe_kernel         0.00%       0.000us         0.00%       0.000us       0.000us      35.242ms         0.59%      35.242ms      10.757us          3276  
void flashinfer::mla::BatchMLAPagedAttentionKernel<f...         0.00%       0.000us         0.00%       0.000us       0.000us      26.499ms         0.44%      26.499ms      15.579us          1701  
        nvjet_sm100_tst_32x64_64x16_4x1_v_bz_splitK_TNN         0.00%       0.000us         0.00%       0.000us       0.000us      20.815ms         0.35%      20.815ms       4.130us          5040  
                               _all_gather_kernel_inner         0.00%       0.000us         0.00%       0.000us       0.000us      19.499ms         0.33%      19.499ms     309.504us            63  
void cublasLt::splitKreduce_kernel<32, 16, int, floa...         0.00%       0.000us         0.00%       0.000us       0.000us      16.472ms         0.28%      16.472ms       3.268us          5040  
void at::native::sbtopk::gatherTopK<float, unsigned ...         0.00%       0.000us         0.00%       0.000us       0.000us      13.341ms         0.22%      13.341ms       4.072us          3276  
               nvjet_sm100_tst_16x64_64x16_4x1_v_bz_TNN         0.00%       0.000us         0.00%       0.000us       0.000us      12.301ms         0.21%      12.301ms       3.616us          3402  
                nvjet_sm100_tst_8x64_64x16_4x1_v_bz_TNN         0.00%       0.000us         0.00%       0.000us       0.000us      10.278ms         0.17%      10.278ms       3.021us          3402  
void (anonymous namespace)::act_and_mul_kernel<__nv_...         0.00%       0.000us         0.00%       0.000us       0.000us       9.449ms         0.16%       9.449ms       2.884us          3276  
        nvjet_sm100_tss_32x64_64x16_2x1_v_bz_splitK_TNN         0.00%       0.000us         0.00%       0.000us       0.000us       7.317ms         0.12%       7.317ms       4.467us          1638  
void moe_align_block_size_kernel<int>(int const*, in...         0.00%       0.000us         0.00%       0.000us       0.000us       4.762ms         0.08%       4.762ms       2.907us          1638  
void cublasLt::splitKreduce_kernel<32, 16, int, floa...         0.00%       0.000us         0.00%       0.000us       0.000us       4.258ms         0.07%       4.258ms       2.599us          1638  
kernel_cutlass_kernel_flashinfernormkernelsrmsnormRM...         0.00%       0.000us         0.00%       0.000us       0.000us       4.180ms         0.07%       4.180ms       2.457us          1701  
triton_red_fused__softmax_exp_max_prepare_softmax_on...         0.00%       0.000us         0.00%       0.000us       0.000us       3.986ms         0.07%       3.986ms       2.434us          1638  
void (anonymous namespace)::fused_rope_kernel<false,...         0.00%       0.000us         0.00%       0.000us       0.000us       3.627ms         0.06%       3.627ms       2.132us          1701  
triton_poi_fused__softmax__to_copy_arange_bitwise_no...         0.00%       0.000us         0.00%       0.000us       0.000us       2.949ms         0.05%       2.949ms       1.800us          1638  
                       triton_poi_fused_copy__mul_sum_0         0.00%       0.000us         0.00%       0.000us       0.000us       2.708ms         0.05%       2.708ms       1.653us          1638  
void at::native::vectorized_elementwise_kernel<8, at...         0.00%       0.000us         0.00%       0.000us       0.000us       2.632ms         0.04%       2.632ms       1.607us          1638  
void count_and_sort_expert_tokens_kernel<int>(int co...         0.00%       0.000us         0.00%       0.000us       0.000us       2.585ms         0.04%       2.585ms       1.578us          1638  
                               set_mla_kv_buffer_kernel         0.00%       0.000us         0.00%       0.000us       0.000us       2.550ms         0.04%       2.550ms       1.499us          1701  
                            triton_poi_fused__to_copy_2         0.00%       0.000us         0.00%       0.000us       0.000us       2.433ms         0.04%       2.433ms       1.485us          1638  
void at::native::reduce_kernel<512, 1, at::native::R...         0.00%       0.000us         0.00%       0.000us       0.000us       1.505ms         0.03%       1.505ms      23.881us            63  
                         Memcpy HtoD (Pinned -> Device)         0.00%       0.000us         0.00%       0.000us       0.000us     899.968us         0.02%     899.968us      13.846us            65  
               nvjet_sm100_tst_128x8_64x12_4x1_v_bz_TNT         0.00%       0.000us         0.00%       0.000us       0.000us     710.526us         0.01%     710.526us      11.278us            63  
                       Memcpy DtoH (Device -> Pageable)         0.00%       0.000us         0.00%       0.000us       0.000us     591.449us         0.01%     591.449us       3.129us           189  
               nvjet_sm100_tst_32x64_64x16_4x1_v_bz_TNN         0.00%       0.000us         0.00%       0.000us       0.000us     409.182us         0.01%     409.182us       6.495us            63  
void at::native::unrolled_elementwise_kernel<at::nat...         0.00%       0.000us         0.00%       0.000us       0.000us     319.765us         0.01%     319.765us       1.692us           189  
void at::native::unrolled_elementwise_kernel<at::nat...         0.00%       0.000us         0.00%       0.000us       0.000us     249.153us         0.00%     249.153us       3.955us            63  
void at::native::index_elementwise_kernel<128, 4, at...         0.00%       0.000us         0.00%       0.000us       0.000us     209.083us         0.00%     209.083us       3.319us            63  
void at::native::(anonymous namespace)::indexSelectS...         0.00%       0.000us         0.00%       0.000us       0.000us     196.639us         0.00%     196.639us       3.121us            63  
void at::native::elementwise_kernel<128, 4, at::nati...         0.00%       0.000us         0.00%       0.000us       0.000us     195.518us         0.00%     195.518us       3.103us            63  
                    create_flashinfer_kv_indices_triton         0.00%       0.000us         0.00%       0.000us       0.000us     187.998us         0.00%     187.998us       2.984us            63  
void at::native::elementwise_kernel<128, 4, at::nati...         0.00%       0.000us         0.00%       0.000us       0.000us     184.417us         0.00%     184.417us       2.927us            63  
kernel_cutlass_kernel_flashinfernormkernelsrmsnormRM...         0.00%       0.000us         0.00%       0.000us       0.000us     157.662us         0.00%     157.662us       2.503us            63  
void at::native::elementwise_kernel<128, 4, at::nati...         0.00%       0.000us         0.00%       0.000us       0.000us     139.780us         0.00%     139.780us       2.219us            63  
void at::native::(anonymous namespace)::multi_tensor...         0.00%       0.000us         0.00%       0.000us       0.000us     121.115us         0.00%     121.115us       1.922us            63  
                         Memcpy DtoD (Device -> Device)         0.00%       0.000us         0.00%       0.000us       0.000us     108.059us         0.00%     108.059us       1.715us            63  
void at_cuda_detail::cub::detail::scan::DeviceScanKe...         0.00%       0.000us         0.00%       0.000us       0.000us     107.521us         0.00%     107.521us       1.707us            63  
triton_poi_fused_add_bitwise_and_bitwise_not_bitwise...         0.00%       0.000us         0.00%       0.000us       0.000us     105.658us         0.00%     105.658us       1.677us            63  
void at::native::vectorized_elementwise_kernel<4, at...         0.00%       0.000us         0.00%       0.000us       0.000us      99.579us         0.00%      99.579us       1.581us            63  
void (anonymous namespace)::clamp_position_kernel<lo...         0.00%       0.000us         0.00%       0.000us       0.000us      95.296us         0.00%      95.296us       1.513us            63  
void at::native::vectorized_elementwise_kernel<2, at...         0.00%       0.000us         0.00%       0.000us       0.000us      94.465us         0.00%      94.465us       1.499us            63  
void at::native::vectorized_elementwise_kernel<4, at...         0.00%       0.000us         0.00%       0.000us       0.000us      78.528us         0.00%      78.528us       1.246us            63  
void at_cuda_detail::cub::detail::scan::DeviceScanIn...         0.00%       0.000us         0.00%       0.000us       0.000us      74.403us         0.00%      74.403us       1.181us            63  
void at::native::index_elementwise_kernel<128, 4, at...         0.00%       0.000us         0.00%       0.000us       0.000us      22.336us         0.00%      22.336us       2.234us            10  
void at::native::index_elementwise_kernel<128, 4, at...         0.00%       0.000us         0.00%       0.000us       0.000us      21.152us         0.00%      21.152us       2.644us             8  
                       Memcpy HtoD (Pageable -> Device)         0.00%       0.000us         0.00%       0.000us       0.000us       3.488us         0.00%       3.488us       1.744us             2  
                                        cudaMemcpyAsync         1.03%       5.624ms         1.35%       7.362ms      23.079us       0.000us         0.00%       0.000us       0.000us           319  
                                Activity Buffer Request         1.85%      10.115ms         1.88%      10.256ms       1.709ms       0.000us         0.00%       0.000us       0.000us             6  
                                       cudaLaunchKernel        10.65%      58.190ms        10.65%      58.190ms       6.314us       0.000us         0.00%       0.000us       0.000us          9216  
                                    cudaLaunchKernelExC        22.51%     123.009ms        22.81%     124.606ms       6.123us       0.000us         0.00%       0.000us       0.000us         20349  
                                    cudaPeekAtLastError         0.01%      28.796us         0.01%      28.796us       0.114us       0.000us         0.00%       0.000us       0.000us           252  
cudaOccupancyMaxActiveBlocksPerMultiprocessorWithFla...         0.02%     132.978us         0.02%     132.978us       2.111us       0.000us         0.00%       0.000us       0.000us            63  
                                 cudaDeviceGetAttribute         0.30%       1.613ms         0.30%       1.613ms       0.883us       0.000us         0.00%       0.000us       0.000us          1827  
                                       cuLaunchKernelEx        19.69%     107.561ms        19.69%     107.561ms       5.749us       0.000us         0.00%       0.000us       0.000us         18711  
                                  cudaStreamIsCapturing         0.02%     107.828us         0.02%     107.828us       0.553us       0.000us         0.00%       0.000us       0.000us           195  
                                  cudaStreamSynchronize         0.13%     686.162us         0.13%     686.162us       3.592us       0.000us         0.00%       0.000us       0.000us           191  
                                         cuLaunchKernel         6.83%      37.308ms         6.83%      37.308ms       5.640us       0.000us         0.00%       0.000us       0.000us          6615  
                                   cudaFuncSetAttribute         0.80%       4.398ms         0.80%       4.398ms       2.585us       0.000us         0.00%       0.000us       0.000us          1701  
                            cudaLaunchCooperativeKernel         2.48%      13.529ms         2.48%      13.529ms       7.953us       0.000us         0.00%       0.000us       0.000us          1701  
                                  cudaDeviceSynchronize        33.62%     183.681ms        33.62%     183.681ms       1.458ms       0.000us         0.00%       0.000us       0.000us           126  
                               cudaEventRecordWithFlags         0.00%       7.422us         0.00%       7.422us       3.711us       0.000us         0.00%       0.000us       0.000us             2  
                                           Buffer Flush         0.07%     393.893us         0.07%     393.893us      98.473us       0.000us         0.00%       0.000us       0.000us             4  
                                         cudaEventQuery         0.00%       5.688us         0.00%       5.688us       5.688us       0.000us         0.00%       0.000us       0.000us             1  
-------------------------------------------------------  ------------  ------------  ------------  ------------  ------------  ------------  ------------  ------------  ------------  ------------  
Self CPU time total: 546.391ms
Self CUDA time total: 5.971s
-------------------------------------------------------  ------------  ------------  ------------  ------------  ------------  ------------  ------------  ------------  ------------  ------------  
                                                   Name    Self CPU %      Self CPU   CPU total %     CPU total  CPU time avg     Self CUDA   Self CUDA %    CUDA total  CUDA time avg    # of Calls  
-------------------------------------------------------  ------------  ------------  ------------  ------------  ------------  ------------  ------------  ------------  ------------  ------------  
void (anonymous namespace)::all_reduce_one_shot_push...         0.00%       0.000us         0.00%       0.000us       0.000us        1.943s        50.24%        1.943s     560.624us          3465  
kernel_cutlass_kernel_flashinfernormkernelsfused_add...         0.00%       0.000us         0.00%       0.000us       0.000us        1.711s        44.26%        1.711s     503.081us          3402  
                                       fused_moe_kernel         0.00%       0.000us         0.00%       0.000us       0.000us      35.374ms         0.91%      35.374ms      10.798us          3276  
void flashinfer::mla::BatchMLAPagedAttentionKernel<f...         0.00%       0.000us         0.00%       0.000us       0.000us      25.991ms         0.67%      25.991ms      15.280us          1701  
        nvjet_sm100_tst_32x64_64x16_4x1_v_bz_splitK_TNN         0.00%       0.000us         0.00%       0.000us       0.000us      20.943ms         0.54%      20.943ms       4.155us          5040  
                               _all_gather_kernel_inner         0.00%       0.000us         0.00%       0.000us       0.000us      16.385ms         0.42%      16.385ms     260.085us            63  
void cublasLt::splitKreduce_kernel<32, 16, int, floa...         0.00%       0.000us         0.00%       0.000us       0.000us      15.711ms         0.41%      15.711ms       3.117us          5040  
void at::native::sbtopk::gatherTopK<float, unsigned ...         0.00%       0.000us         0.00%       0.000us       0.000us      13.858ms         0.36%      13.858ms       4.230us          3276  
               nvjet_sm100_tst_16x64_64x16_4x1_v_bz_TNN         0.00%       0.000us         0.00%       0.000us       0.000us      11.813ms         0.31%      11.813ms       3.472us          3402  
                nvjet_sm100_tst_8x64_64x16_4x1_v_bz_TNN         0.00%       0.000us         0.00%       0.000us       0.000us      10.273ms         0.27%      10.273ms       3.020us          3402  
void (anonymous namespace)::act_and_mul_kernel<__nv_...         0.00%       0.000us         0.00%       0.000us       0.000us       9.654ms         0.25%       9.654ms       2.947us          3276  
        nvjet_sm100_tss_32x64_64x16_2x1_v_bz_splitK_TNN         0.00%       0.000us         0.00%       0.000us       0.000us       7.073ms         0.18%       7.073ms       4.318us          1638  
void moe_align_block_size_kernel<int>(int const*, in...         0.00%       0.000us         0.00%       0.000us       0.000us       5.111ms         0.13%       5.111ms       3.120us          1638  
triton_red_fused__softmax_exp_max_prepare_softmax_on...         0.00%       0.000us         0.00%       0.000us       0.000us       4.344ms         0.11%       4.344ms       2.652us          1638  
kernel_cutlass_kernel_flashinfernormkernelsrmsnormRM...         0.00%       0.000us         0.00%       0.000us       0.000us       4.222ms         0.11%       4.222ms       2.482us          1701  
void cublasLt::splitKreduce_kernel<32, 16, int, floa...         0.00%       0.000us         0.00%       0.000us       0.000us       4.150ms         0.11%       4.150ms       2.534us          1638  
void (anonymous namespace)::fused_rope_kernel<false,...         0.00%       0.000us         0.00%       0.000us       0.000us       3.668ms         0.09%       3.668ms       2.156us          1701  
void count_and_sort_expert_tokens_kernel<int>(int co...         0.00%       0.000us         0.00%       0.000us       0.000us       2.941ms         0.08%       2.941ms       1.796us          1638  
                               set_mla_kv_buffer_kernel         0.00%       0.000us         0.00%       0.000us       0.000us       2.902ms         0.08%       2.902ms       1.706us          1701  
                            triton_poi_fused__to_copy_2         0.00%       0.000us         0.00%       0.000us       0.000us       2.844ms         0.07%       2.844ms       1.736us          1638  
void at::native::vectorized_elementwise_kernel<8, at...         0.00%       0.000us         0.00%       0.000us       0.000us       2.800ms         0.07%       2.800ms       1.709us          1638  
                       triton_poi_fused_copy__mul_sum_0         0.00%       0.000us         0.00%       0.000us       0.000us       2.763ms         0.07%       2.763ms       1.687us          1638  
triton_poi_fused__softmax__to_copy_arange_bitwise_no...         0.00%       0.000us         0.00%       0.000us       0.000us       2.712ms         0.07%       2.712ms       1.655us          1638  
void at::native::reduce_kernel<512, 1, at::native::R...         0.00%       0.000us         0.00%       0.000us       0.000us       1.502ms         0.04%       1.502ms      23.836us            63  
                         Memcpy HtoD (Pinned -> Device)         0.00%       0.000us         0.00%       0.000us       0.000us     905.922us         0.02%     905.922us      13.937us            65  
               nvjet_sm100_tst_128x8_64x12_4x1_v_bz_TNT         0.00%       0.000us         0.00%       0.000us       0.000us     713.944us         0.02%     713.944us      11.332us            63  
                       Memcpy DtoH (Device -> Pageable)         0.00%       0.000us         0.00%       0.000us       0.000us     598.586us         0.02%     598.586us       3.167us           189  
               nvjet_sm100_tst_32x64_64x16_4x1_v_bz_TNN         0.00%       0.000us         0.00%       0.000us       0.000us     423.330us         0.01%     423.330us       6.720us            63  
void at::native::unrolled_elementwise_kernel<at::nat...         0.00%       0.000us         0.00%       0.000us       0.000us     359.426us         0.01%     359.426us       1.902us           189  
void at::native::unrolled_elementwise_kernel<at::nat...         0.00%       0.000us         0.00%       0.000us       0.000us     251.614us         0.01%     251.614us       3.994us            63  
void at::native::elementwise_kernel<128, 4, at::nati...         0.00%       0.000us         0.00%       0.000us       0.000us     221.056us         0.01%     221.056us       3.509us            63  
void at::native::index_elementwise_kernel<128, 4, at...         0.00%       0.000us         0.00%       0.000us       0.000us     220.858us         0.01%     220.858us       3.506us            63  
void at::native::(anonymous namespace)::indexSelectS...         0.00%       0.000us         0.00%       0.000us       0.000us     200.509us         0.01%     200.509us       3.183us            63  
void at::native::elementwise_kernel<128, 4, at::nati...         0.00%       0.000us         0.00%       0.000us       0.000us     198.720us         0.01%     198.720us       3.154us            63  
                    create_flashinfer_kv_indices_triton         0.00%       0.000us         0.00%       0.000us       0.000us     185.469us         0.00%     185.469us       2.944us            63  
kernel_cutlass_kernel_flashinfernormkernelsrmsnormRM...         0.00%       0.000us         0.00%       0.000us       0.000us     180.313us         0.00%     180.313us       2.862us            63  
void at::native::elementwise_kernel<128, 4, at::nati...         0.00%       0.000us         0.00%       0.000us       0.000us     144.772us         0.00%     144.772us       2.298us            63  
void at::native::(anonymous namespace)::multi_tensor...         0.00%       0.000us         0.00%       0.000us       0.000us     125.993us         0.00%     125.993us       2.000us            63  
void at::native::vectorized_elementwise_kernel<4, at...         0.00%       0.000us         0.00%       0.000us       0.000us     125.983us         0.00%     125.983us       2.000us            63  
void at_cuda_detail::cub::detail::scan::DeviceScanKe...         0.00%       0.000us         0.00%       0.000us       0.000us     125.627us         0.00%     125.627us       1.994us            63  
triton_poi_fused_add_bitwise_and_bitwise_not_bitwise...         0.00%       0.000us         0.00%       0.000us       0.000us     107.142us         0.00%     107.142us       1.701us            63  
                         Memcpy DtoD (Device -> Device)         0.00%       0.000us         0.00%       0.000us       0.000us     105.313us         0.00%     105.313us       1.672us            63  
void at::native::vectorized_elementwise_kernel<2, at...         0.00%       0.000us         0.00%       0.000us       0.000us     104.029us         0.00%     104.029us       1.651us            63  
void (anonymous namespace)::clamp_position_kernel<lo...         0.00%       0.000us         0.00%       0.000us       0.000us      96.162us         0.00%      96.162us       1.526us            63  
void at_cuda_detail::cub::detail::scan::DeviceScanIn...         0.00%       0.000us         0.00%       0.000us       0.000us      92.026us         0.00%      92.026us       1.461us            63  
void at::native::vectorized_elementwise_kernel<4, at...         0.00%       0.000us         0.00%       0.000us       0.000us      88.768us         0.00%      88.768us       1.409us            63  
void at::native::index_elementwise_kernel<128, 4, at...         0.00%       0.000us         0.00%       0.000us       0.000us      25.216us         0.00%      25.216us       2.522us            10  
void at::native::index_elementwise_kernel<128, 4, at...         0.00%       0.000us         0.00%       0.000us       0.000us      18.273us         0.00%      18.273us       2.284us             8  
                       Memcpy HtoD (Pageable -> Device)         0.00%       0.000us         0.00%       0.000us       0.000us       3.232us         0.00%       3.232us       1.616us             2  
                                        cudaMemcpyAsync         1.34%       5.782ms         1.75%       7.529ms      23.601us       0.000us         0.00%       0.000us       0.000us           319  
                                Activity Buffer Request         2.65%      11.389ms         2.70%      11.619ms       1.937ms       0.000us         0.00%       0.000us       0.000us             6  
                                       cudaLaunchKernel        13.09%      56.301ms        13.09%      56.301ms       6.109us       0.000us         0.00%       0.000us       0.000us          9216  
                                    cudaLaunchKernelExC        27.13%     116.707ms        27.56%     118.546ms       5.826us       0.000us         0.00%       0.000us       0.000us         20349  
                                    cudaPeekAtLastError         0.01%      29.678us         0.01%      29.678us       0.118us       0.000us         0.00%       0.000us       0.000us           252  
cudaOccupancyMaxActiveBlocksPerMultiprocessorWithFla...         0.03%     139.596us         0.03%     139.596us       2.216us       0.000us         0.00%       0.000us       0.000us            63  
                                 cudaDeviceGetAttribute         0.48%       2.067ms         0.48%       2.067ms       1.132us       0.000us         0.00%       0.000us       0.000us          1827  
                                       cuLaunchKernelEx        23.97%     103.127ms        23.97%     103.127ms       5.512us       0.000us         0.00%       0.000us       0.000us         18711  
                                  cudaStreamIsCapturing         0.03%     120.264us         0.03%     120.264us       0.617us       0.000us         0.00%       0.000us       0.000us           195  
                                  cudaStreamSynchronize         0.17%     714.728us         0.17%     714.728us       3.742us       0.000us         0.00%       0.000us       0.000us           191  
                                         cuLaunchKernel         8.10%      34.842ms         8.10%      34.842ms       5.267us       0.000us         0.00%       0.000us       0.000us          6615  
                                   cudaFuncSetAttribute         1.08%       4.625ms         1.08%       4.625ms       2.719us       0.000us         0.00%       0.000us       0.000us          1701  
                            cudaLaunchCooperativeKernel         3.20%      13.777ms         3.20%      13.777ms       8.099us       0.000us         0.00%       0.000us       0.000us          1701  
                                  cudaDeviceSynchronize        18.63%      80.129ms        18.63%      80.129ms     635.945us       0.000us         0.00%       0.000us       0.000us           126  
                               cudaEventRecordWithFlags         0.00%       8.711us         0.00%       8.711us       4.356us       0.000us         0.00%       0.000us       0.000us             2  
                                           Buffer Flush         0.09%     395.768us         0.09%     395.768us      98.942us       0.000us         0.00%       0.000us       0.000us             4  
                                         cudaEventQuery         0.00%       4.474us         0.00%       4.474us       4.474us       0.000us         0.00%       0.000us       0.000us             1  
-------------------------------------------------------  ------------  ------------  ------------  ------------  ------------  ------------  ------------  ------------  ------------  ------------  
Self CPU time total: 430.158ms
Self CUDA time total: 3.867s
-------------------------------------------------------  ------------  ------------  ------------  ------------  ------------  ------------  ------------  ------------  ------------  ------------  
                                                   Name    Self CPU %      Self CPU   CPU total %     CPU total  CPU time avg     Self CUDA   Self CUDA %    CUDA total  CUDA time avg    # of Calls  
-------------------------------------------------------  ------------  ------------  ------------  ------------  ------------  ------------  ------------  ------------  ------------  ------------  
void (anonymous namespace)::all_reduce_one_shot_push...         0.00%       0.000us         0.00%       0.000us       0.000us        2.387s        50.17%        2.387s     688.946us          3465  
kernel_cutlass_kernel_flashinfernormkernelsfused_add...         0.00%       0.000us         0.00%       0.000us       0.000us        2.152s        45.24%        2.152s     632.709us          3402  
                                       fused_moe_kernel         0.00%       0.000us         0.00%       0.000us       0.000us      35.441ms         0.74%      35.441ms      10.818us          3276  
void flashinfer::mla::BatchMLAPagedAttentionKernel<f...         0.00%       0.000us         0.00%       0.000us       0.000us      26.137ms         0.55%      26.137ms      15.365us          1701  
        nvjet_sm100_tst_32x64_64x16_4x1_v_bz_splitK_TNN         0.00%       0.000us         0.00%       0.000us       0.000us      20.943ms         0.44%      20.943ms       4.155us          5040  
                               _all_gather_kernel_inner         0.00%       0.000us         0.00%       0.000us       0.000us      18.095ms         0.38%      18.095ms     287.224us            63  
void cublasLt::splitKreduce_kernel<32, 16, int, floa...         0.00%       0.000us         0.00%       0.000us       0.000us      16.128ms         0.34%      16.128ms       3.200us          5040  
void at::native::sbtopk::gatherTopK<float, unsigned ...         0.00%       0.000us         0.00%       0.000us       0.000us      13.934ms         0.29%      13.934ms       4.253us          3276  
               nvjet_sm100_tst_16x64_64x16_4x1_v_bz_TNN         0.00%       0.000us         0.00%       0.000us       0.000us      11.838ms         0.25%      11.838ms       3.480us          3402  
                nvjet_sm100_tst_8x64_64x16_4x1_v_bz_TNN         0.00%       0.000us         0.00%       0.000us       0.000us      10.281ms         0.22%      10.281ms       3.022us          3402  
void (anonymous namespace)::act_and_mul_kernel<__nv_...         0.00%       0.000us         0.00%       0.000us       0.000us       9.938ms         0.21%       9.938ms       3.033us          3276  
        nvjet_sm100_tss_32x64_64x16_2x1_v_bz_splitK_TNN         0.00%       0.000us         0.00%       0.000us       0.000us       7.250ms         0.15%       7.250ms       4.426us          1638  
void moe_align_block_size_kernel<int>(int const*, in...         0.00%       0.000us         0.00%       0.000us       0.000us       5.179ms         0.11%       5.179ms       3.162us          1638  
void cublasLt::splitKreduce_kernel<32, 16, int, floa...         0.00%       0.000us         0.00%       0.000us       0.000us       4.641ms         0.10%       4.641ms       2.833us          1638  
triton_red_fused__softmax_exp_max_prepare_softmax_on...         0.00%       0.000us         0.00%       0.000us       0.000us       4.418ms         0.09%       4.418ms       2.697us          1638  
triton_poi_fused__softmax__to_copy_arange_bitwise_no...         0.00%       0.000us         0.00%       0.000us       0.000us       4.272ms         0.09%       4.272ms       2.608us          1638  
kernel_cutlass_kernel_flashinfernormkernelsrmsnormRM...         0.00%       0.000us         0.00%       0.000us       0.000us       4.196ms         0.09%       4.196ms       2.467us          1701  
void (anonymous namespace)::fused_rope_kernel<false,...         0.00%       0.000us         0.00%       0.000us       0.000us       3.859ms         0.08%       3.859ms       2.269us          1701  
void count_and_sort_expert_tokens_kernel<int>(int co...         0.00%       0.000us         0.00%       0.000us       0.000us       3.035ms         0.06%       3.035ms       1.853us          1638  
                               set_mla_kv_buffer_kernel         0.00%       0.000us         0.00%       0.000us       0.000us       3.026ms         0.06%       3.026ms       1.779us          1701  
void at::native::vectorized_elementwise_kernel<8, at...         0.00%       0.000us         0.00%       0.000us       0.000us       2.958ms         0.06%       2.958ms       1.806us          1638  
                            triton_poi_fused__to_copy_2         0.00%       0.000us         0.00%       0.000us       0.000us       2.925ms         0.06%       2.925ms       1.786us          1638  
                       triton_poi_fused_copy__mul_sum_0         0.00%       0.000us         0.00%       0.000us       0.000us       2.772ms         0.06%       2.772ms       1.693us          1638  
void at::native::reduce_kernel<512, 1, at::native::R...         0.00%       0.000us         0.00%       0.000us       0.000us       1.508ms         0.03%       1.508ms      23.936us            63  
                         Memcpy HtoD (Pinned -> Device)         0.00%       0.000us         0.00%       0.000us       0.000us     911.102us         0.02%     911.102us      14.017us            65  
               nvjet_sm100_tst_128x8_64x12_4x1_v_bz_TNT         0.00%       0.000us         0.00%       0.000us       0.000us     692.601us         0.01%     692.601us      10.994us            63  
                       Memcpy DtoH (Device -> Pageable)         0.00%       0.000us         0.00%       0.000us       0.000us     596.709us         0.01%     596.709us       3.157us           189  
               nvjet_sm100_tst_32x64_64x16_4x1_v_bz_TNN         0.00%       0.000us         0.00%       0.000us       0.000us     401.276us         0.01%     401.276us       6.369us            63  
void at::native::unrolled_elementwise_kernel<at::nat...         0.00%       0.000us         0.00%       0.000us       0.000us     374.467us         0.01%     374.467us       1.981us           189  
void at::native::unrolled_elementwise_kernel<at::nat...         0.00%       0.000us         0.00%       0.000us       0.000us     249.082us         0.01%     249.082us       3.954us            63  
void at::native::index_elementwise_kernel<128, 4, at...         0.00%       0.000us         0.00%       0.000us       0.000us     218.948us         0.00%     218.948us       3.475us            63  
void at::native::elementwise_kernel<128, 4, at::nati...         0.00%       0.000us         0.00%       0.000us       0.000us     216.764us         0.00%     216.764us       3.441us            63  
void at::native::elementwise_kernel<128, 4, at::nati...         0.00%       0.000us         0.00%       0.000us       0.000us     203.010us         0.00%     203.010us       3.222us            63  
void at::native::(anonymous namespace)::indexSelectS...         0.00%       0.000us         0.00%       0.000us       0.000us     199.934us         0.00%     199.934us       3.174us            63  
                    create_flashinfer_kv_indices_triton         0.00%       0.000us         0.00%       0.000us       0.000us     187.041us         0.00%     187.041us       2.969us            63  
kernel_cutlass_kernel_flashinfernormkernelsrmsnormRM...         0.00%       0.000us         0.00%       0.000us       0.000us     182.392us         0.00%     182.392us       2.895us            63  
void at::native::elementwise_kernel<128, 4, at::nati...         0.00%       0.000us         0.00%       0.000us       0.000us     144.957us         0.00%     144.957us       2.301us            63  
void at::native::vectorized_elementwise_kernel<4, at...         0.00%       0.000us         0.00%       0.000us       0.000us     129.152us         0.00%     129.152us       2.050us            63  
void at::native::(anonymous namespace)::multi_tensor...         0.00%       0.000us         0.00%       0.000us       0.000us     127.291us         0.00%     127.291us       2.020us            63  
void at_cuda_detail::cub::detail::scan::DeviceScanKe...         0.00%       0.000us         0.00%       0.000us       0.000us     126.014us         0.00%     126.014us       2.000us            63  
triton_poi_fused_add_bitwise_and_bitwise_not_bitwise...         0.00%       0.000us         0.00%       0.000us       0.000us     118.526us         0.00%     118.526us       1.881us            63  
                         Memcpy DtoD (Device -> Device)         0.00%       0.000us         0.00%       0.000us       0.000us     104.739us         0.00%     104.739us       1.663us            63  
void at::native::vectorized_elementwise_kernel<2, at...         0.00%       0.000us         0.00%       0.000us       0.000us     103.999us         0.00%     103.999us       1.651us            63  
void (anonymous namespace)::clamp_position_kernel<lo...         0.00%       0.000us         0.00%       0.000us       0.000us      95.965us         0.00%      95.965us       1.523us            63  
void at_cuda_detail::cub::detail::scan::DeviceScanIn...         0.00%       0.000us         0.00%       0.000us       0.000us      91.806us         0.00%      91.806us       1.457us            63  
void at::native::vectorized_elementwise_kernel<4, at...         0.00%       0.000us         0.00%       0.000us       0.000us      89.373us         0.00%      89.373us       1.419us            63  
void at::native::index_elementwise_kernel<128, 4, at...         0.00%       0.000us         0.00%       0.000us       0.000us      25.472us         0.00%      25.472us       2.547us            10  
void at::native::index_elementwise_kernel<128, 4, at...         0.00%       0.000us         0.00%       0.000us       0.000us      18.945us         0.00%      18.945us       2.368us             8  
                       Memcpy HtoD (Pageable -> Device)         0.00%       0.000us         0.00%       0.000us       0.000us       2.464us         0.00%       2.464us       1.232us             2  
                                        cudaMemcpyAsync         1.27%       5.784ms         1.65%       7.514ms      23.556us       0.000us         0.00%       0.000us       0.000us           319  
                                Activity Buffer Request         2.40%      10.939ms         2.42%      11.067ms       1.844ms       0.000us         0.00%       0.000us       0.000us             6  
                                       cudaLaunchKernel        12.08%      55.128ms        12.08%      55.128ms       5.982us       0.000us         0.00%       0.000us       0.000us          9216  
                                    cudaLaunchKernelExC        25.24%     115.175ms        25.63%     116.986ms       5.749us       0.000us         0.00%       0.000us       0.000us         20349  
                                    cudaPeekAtLastError         0.01%      29.479us         0.01%      29.479us       0.117us       0.000us         0.00%       0.000us       0.000us           252  
cudaOccupancyMaxActiveBlocksPerMultiprocessorWithFla...         0.03%     145.506us         0.03%     145.506us       2.310us       0.000us         0.00%       0.000us       0.000us            63  
                                 cudaDeviceGetAttribute         0.36%       1.664ms         0.36%       1.664ms       0.911us       0.000us         0.00%       0.000us       0.000us          1827  
                                       cuLaunchKernelEx        22.08%     100.787ms        22.08%     100.787ms       5.386us       0.000us         0.00%       0.000us       0.000us         18711  
                                  cudaStreamIsCapturing         0.03%     123.715us         0.03%     123.715us       0.634us       0.000us         0.00%       0.000us       0.000us           195  
                                  cudaStreamSynchronize         0.15%     706.520us         0.15%     706.520us       3.699us       0.000us         0.00%       0.000us       0.000us           191  
                                         cuLaunchKernel         7.57%      34.559ms         7.57%      34.559ms       5.224us       0.000us         0.00%       0.000us       0.000us          6615  
                                   cudaFuncSetAttribute         1.02%       4.655ms         1.02%       4.655ms       2.737us       0.000us         0.00%       0.000us       0.000us          1701  
                            cudaLaunchCooperativeKernel         2.76%      12.585ms         2.76%      12.585ms       7.399us       0.000us         0.00%       0.000us       0.000us          1701  
                                  cudaDeviceSynchronize        24.87%     113.480ms        24.87%     113.480ms     900.638us       0.000us         0.00%       0.000us       0.000us           126  
                               cudaEventRecordWithFlags         0.00%       7.075us         0.00%       7.075us       3.538us       0.000us         0.00%       0.000us       0.000us             2  
                                           Buffer Flush         0.13%     608.930us         0.13%     608.930us     152.232us       0.000us         0.00%       0.000us       0.000us             4  
                                         cudaEventQuery         0.00%       4.160us         0.00%       4.160us       4.160us       0.000us         0.00%       0.000us       0.000us             1  
-------------------------------------------------------  ------------  ------------  ------------  ------------  ------------  ------------  ------------  ------------  ------------  ------------  
Self CPU time total: 456.383ms
Self CUDA time total: 4.758s
-------------------------------------------------------  ------------  ------------  ------------  ------------  ------------  ------------  ------------  ------------  ------------  ------------  
                                                   Name    Self CPU %      Self CPU   CPU total %     CPU total  CPU time avg     Self CUDA   Self CUDA %    CUDA total  CUDA time avg    # of Calls  
-------------------------------------------------------  ------------  ------------  ------------  ------------  ------------  ------------  ------------  ------------  ------------  ------------  
void (anonymous namespace)::all_reduce_one_shot_push...         0.00%       0.000us         0.00%       0.000us       0.000us        1.537s        49.75%        1.537s     443.493us          3465  
kernel_cutlass_kernel_flashinfernormkernelsfused_add...         0.00%       0.000us         0.00%       0.000us       0.000us        1.349s        43.68%        1.349s     396.652us          3402  
                                       fused_moe_kernel         0.00%       0.000us         0.00%       0.000us       0.000us      35.012ms         1.13%      35.012ms      10.687us          3276  
void flashinfer::mla::BatchMLAPagedAttentionKernel<f...         0.00%       0.000us         0.00%       0.000us       0.000us      26.456ms         0.86%      26.456ms      15.553us          1701  
        nvjet_sm100_tst_32x64_64x16_4x1_v_bz_splitK_TNN         0.00%       0.000us         0.00%       0.000us       0.000us      20.678ms         0.67%      20.678ms       4.103us          5040  
void cublasLt::splitKreduce_kernel<32, 16, int, floa...         0.00%       0.000us         0.00%       0.000us       0.000us      14.449ms         0.47%      14.449ms       2.867us          5040  
void at::native::sbtopk::gatherTopK<float, unsigned ...         0.00%       0.000us         0.00%       0.000us       0.000us      13.210ms         0.43%      13.210ms       4.032us          3276  
                               _all_gather_kernel_inner         0.00%       0.000us         0.00%       0.000us       0.000us      13.194ms         0.43%      13.194ms     209.432us            63  
               nvjet_sm100_tst_16x64_64x16_4x1_v_bz_TNN         0.00%       0.000us         0.00%       0.000us       0.000us      11.785ms         0.38%      11.785ms       3.464us          3402  
                nvjet_sm100_tst_8x64_64x16_4x1_v_bz_TNN         0.00%       0.000us         0.00%       0.000us       0.000us      10.122ms         0.33%      10.122ms       2.975us          3402  
void (anonymous namespace)::act_and_mul_kernel<__nv_...         0.00%       0.000us         0.00%       0.000us       0.000us       9.105ms         0.29%       9.105ms       2.779us          3276  
        nvjet_sm100_tss_32x64_64x16_2x1_v_bz_splitK_TNN         0.00%       0.000us         0.00%       0.000us       0.000us       6.703ms         0.22%       6.703ms       4.092us          1638  
void moe_align_block_size_kernel<int>(int const*, in...         0.00%       0.000us         0.00%       0.000us       0.000us       4.827ms         0.16%       4.827ms       2.947us          1638  
triton_red_fused__softmax_exp_max_prepare_softmax_on...         0.00%       0.000us         0.00%       0.000us       0.000us       4.014ms         0.13%       4.014ms       2.450us          1638  
void cublasLt::splitKreduce_kernel<32, 16, int, floa...         0.00%       0.000us         0.00%       0.000us       0.000us       3.845ms         0.12%       3.845ms       2.348us          1638  
kernel_cutlass_kernel_flashinfernormkernelsrmsnormRM...         0.00%       0.000us         0.00%       0.000us       0.000us       3.757ms         0.12%       3.757ms       2.208us          1701  
void (anonymous namespace)::fused_rope_kernel<false,...         0.00%       0.000us         0.00%       0.000us       0.000us       3.245ms         0.11%       3.245ms       1.908us          1701  
                       triton_poi_fused_copy__mul_sum_0         0.00%       0.000us         0.00%       0.000us       0.000us       2.713ms         0.09%       2.713ms       1.656us          1638  
                            triton_poi_fused__to_copy_2         0.00%       0.000us         0.00%       0.000us       0.000us       2.665ms         0.09%       2.665ms       1.627us          1638  
void at::native::vectorized_elementwise_kernel<8, at...         0.00%       0.000us         0.00%       0.000us       0.000us       2.663ms         0.09%       2.663ms       1.626us          1638  
void count_and_sort_expert_tokens_kernel<int>(int co...         0.00%       0.000us         0.00%       0.000us       0.000us       2.647ms         0.09%       2.647ms       1.616us          1638  
                               set_mla_kv_buffer_kernel         0.00%       0.000us         0.00%       0.000us       0.000us       2.528ms         0.08%       2.528ms       1.486us          1701  
triton_poi_fused__softmax__to_copy_arange_bitwise_no...         0.00%       0.000us         0.00%       0.000us       0.000us       2.423ms         0.08%       2.423ms       1.479us          1638  
void at::native::reduce_kernel<512, 1, at::native::R...         0.00%       0.000us         0.00%       0.000us       0.000us       1.508ms         0.05%       1.508ms      23.942us            63  
                         Memcpy HtoD (Pinned -> Device)         0.00%       0.000us         0.00%       0.000us       0.000us     906.525us         0.03%     906.525us      13.947us            65  
               nvjet_sm100_tst_128x8_64x12_4x1_v_bz_TNT         0.00%       0.000us         0.00%       0.000us       0.000us     701.474us         0.02%     701.474us      11.135us            63  
                       Memcpy DtoH (Device -> Pageable)         0.00%       0.000us         0.00%       0.000us       0.000us     599.207us         0.02%     599.207us       3.170us           189  
               nvjet_sm100_tst_32x64_64x16_4x1_v_bz_TNN         0.00%       0.000us         0.00%       0.000us       0.000us     414.172us         0.01%     414.172us       6.574us            63  
void at::native::unrolled_elementwise_kernel<at::nat...         0.00%       0.000us         0.00%       0.000us       0.000us     320.923us         0.01%     320.923us       1.698us           189  
void at::native::unrolled_elementwise_kernel<at::nat...         0.00%       0.000us         0.00%       0.000us       0.000us     250.083us         0.01%     250.083us       3.970us            63  
void at::native::index_elementwise_kernel<128, 4, at...         0.00%       0.000us         0.00%       0.000us       0.000us     212.581us         0.01%     212.581us       3.374us            63  
void at::native::(anonymous namespace)::indexSelectS...         0.00%       0.000us         0.00%       0.000us       0.000us     198.814us         0.01%     198.814us       3.156us            63  
void at::native::elementwise_kernel<128, 4, at::nati...         0.00%       0.000us         0.00%       0.000us       0.000us     195.267us         0.01%     195.267us       3.099us            63  
                    create_flashinfer_kv_indices_triton         0.00%       0.000us         0.00%       0.000us       0.000us     187.902us         0.01%     187.902us       2.983us            63  
void at::native::elementwise_kernel<128, 4, at::nati...         0.00%       0.000us         0.00%       0.000us       0.000us     185.564us         0.01%     185.564us       2.945us            63  
kernel_cutlass_kernel_flashinfernormkernelsrmsnormRM...         0.00%       0.000us         0.00%       0.000us       0.000us     161.126us         0.01%     161.126us       2.558us            63  
void at::native::elementwise_kernel<128, 4, at::nati...         0.00%       0.000us         0.00%       0.000us       0.000us     141.854us         0.00%     141.854us       2.252us            63  
void at::native::(anonymous namespace)::multi_tensor...         0.00%       0.000us         0.00%       0.000us       0.000us     122.692us         0.00%     122.692us       1.947us            63  
                         Memcpy DtoD (Device -> Device)         0.00%       0.000us         0.00%       0.000us       0.000us     110.879us         0.00%     110.879us       1.760us            63  
void at_cuda_detail::cub::detail::scan::DeviceScanKe...         0.00%       0.000us         0.00%       0.000us       0.000us     110.047us         0.00%     110.047us       1.747us            63  
triton_poi_fused_add_bitwise_and_bitwise_not_bitwise...         0.00%       0.000us         0.00%       0.000us       0.000us     106.756us         0.00%     106.756us       1.695us            63  
void at::native::vectorized_elementwise_kernel<4, at...         0.00%       0.000us         0.00%       0.000us       0.000us     102.750us         0.00%     102.750us       1.631us            63  
void (anonymous namespace)::clamp_position_kernel<lo...         0.00%       0.000us         0.00%       0.000us       0.000us      99.904us         0.00%      99.904us       1.586us            63  
void at::native::vectorized_elementwise_kernel<2, at...         0.00%       0.000us         0.00%       0.000us       0.000us      99.545us         0.00%      99.545us       1.580us            63  
void at::native::vectorized_elementwise_kernel<4, at...         0.00%       0.000us         0.00%       0.000us       0.000us      79.166us         0.00%      79.166us       1.257us            63  
void at_cuda_detail::cub::detail::scan::DeviceScanIn...         0.00%       0.000us         0.00%       0.000us       0.000us      76.898us         0.00%      76.898us       1.221us            63  
void at::native::index_elementwise_kernel<128, 4, at...         0.00%       0.000us         0.00%       0.000us       0.000us      22.432us         0.00%      22.432us       2.243us            10  
void at::native::index_elementwise_kernel<128, 4, at...         0.00%       0.000us         0.00%       0.000us       0.000us      21.793us         0.00%      21.793us       2.724us             8  
                       Memcpy HtoD (Pageable -> Device)         0.00%       0.000us         0.00%       0.000us       0.000us       2.848us         0.00%       2.848us       1.424us             2  
                                        cudaMemcpyAsync         1.45%       5.789ms         1.88%       7.547ms      23.658us       0.000us         0.00%       0.000us       0.000us           319  
                                Activity Buffer Request         2.68%      10.741ms         2.72%      10.878ms       1.813ms       0.000us         0.00%       0.000us       0.000us             6  
                                       cudaLaunchKernel        13.94%      55.844ms        13.94%      55.844ms       6.059us       0.000us         0.00%       0.000us       0.000us          9216  
                                    cudaLaunchKernelExC        28.99%     116.113ms        29.46%     117.990ms       5.798us       0.000us         0.00%       0.000us       0.000us         20349  
                                    cudaPeekAtLastError         0.01%      28.917us         0.01%      28.917us       0.115us       0.000us         0.00%       0.000us       0.000us           252  
cudaOccupancyMaxActiveBlocksPerMultiprocessorWithFla...         0.04%     149.013us         0.04%     149.013us       2.365us       0.000us         0.00%       0.000us       0.000us            63  
                                 cudaDeviceGetAttribute         0.44%       1.770ms         0.44%       1.770ms       0.969us       0.000us         0.00%       0.000us       0.000us          1827  
                                       cuLaunchKernelEx        25.26%     101.185ms        25.26%     101.185ms       5.408us       0.000us         0.00%       0.000us       0.000us         18711  
                                  cudaStreamIsCapturing         0.03%     119.351us         0.03%     119.351us       0.612us       0.000us         0.00%       0.000us       0.000us           195  
                                  cudaStreamSynchronize         0.18%     706.202us         0.18%     706.202us       3.697us       0.000us         0.00%       0.000us       0.000us           191  
                                         cuLaunchKernel         8.52%      34.142ms         8.52%      34.142ms       5.161us       0.000us         0.00%       0.000us       0.000us          6615  
                                   cudaFuncSetAttribute         1.17%       4.686ms         1.17%       4.686ms       2.755us       0.000us         0.00%       0.000us       0.000us          1701  
                            cudaLaunchCooperativeKernel         3.21%      12.844ms         3.21%      12.844ms       7.551us       0.000us         0.00%       0.000us       0.000us          1701  
                                  cudaDeviceSynchronize        13.91%      55.704ms        13.91%      55.704ms     442.092us       0.000us         0.00%       0.000us       0.000us           126  
                               cudaEventRecordWithFlags         0.00%       7.601us         0.00%       7.601us       3.801us       0.000us         0.00%       0.000us       0.000us             2  
                                           Buffer Flush         0.18%     723.784us         0.18%     723.784us     180.946us       0.000us         0.00%       0.000us       0.000us             4  
                                         cudaEventQuery         0.00%       4.831us         0.00%       4.831us       4.831us       0.000us         0.00%       0.000us       0.000us             1  
-------------------------------------------------------  ------------  ------------  ------------  ------------  ------------  ------------  ------------  ------------  ------------  ------------  
Self CPU time total: 400.557ms
Self CUDA time total: 3.089s
-------------------------------------------------------  ------------  ------------  ------------  ------------  ------------  ------------  ------------  ------------  ------------  ------------  
                                                   Name    Self CPU %      Self CPU   CPU total %     CPU total  CPU time avg     Self CUDA   Self CUDA %    CUDA total  CUDA time avg    # of Calls  
-------------------------------------------------------  ------------  ------------  ------------  ------------  ------------  ------------  ------------  ------------  ------------  ------------  
void (anonymous namespace)::all_reduce_one_shot_push...         0.00%       0.000us         0.00%       0.000us       0.000us        2.158s        50.25%        2.158s     622.848us          3465  
kernel_cutlass_kernel_flashinfernormkernelsfused_add...         0.00%       0.000us         0.00%       0.000us       0.000us        1.920s        44.71%        1.920s     564.494us          3402  
                                       fused_moe_kernel         0.00%       0.000us         0.00%       0.000us       0.000us      35.271ms         0.82%      35.271ms      10.766us          3276  
void flashinfer::mla::BatchMLAPagedAttentionKernel<f...         0.00%       0.000us         0.00%       0.000us       0.000us      26.121ms         0.61%      26.121ms      15.356us          1701  
        nvjet_sm100_tst_32x64_64x16_4x1_v_bz_splitK_TNN         0.00%       0.000us         0.00%       0.000us       0.000us      20.934ms         0.49%      20.934ms       4.154us          5040  
                               _all_gather_kernel_inner         0.00%       0.000us         0.00%       0.000us       0.000us      17.827ms         0.42%      17.827ms     282.968us            63  
void cublasLt::splitKreduce_kernel<32, 16, int, floa...         0.00%       0.000us         0.00%       0.000us       0.000us      16.047ms         0.37%      16.047ms       3.184us          5040  
void at::native::sbtopk::gatherTopK<float, unsigned ...         0.00%       0.000us         0.00%       0.000us       0.000us      13.966ms         0.33%      13.966ms       4.263us          3276  
               nvjet_sm100_tst_16x64_64x16_4x1_v_bz_TNN         0.00%       0.000us         0.00%       0.000us       0.000us      11.744ms         0.27%      11.744ms       3.452us          3402  
                nvjet_sm100_tst_8x64_64x16_4x1_v_bz_TNN         0.00%       0.000us         0.00%       0.000us       0.000us      10.258ms         0.24%      10.258ms       3.015us          3402  
void (anonymous namespace)::act_and_mul_kernel<__nv_...         0.00%       0.000us         0.00%       0.000us       0.000us       9.729ms         0.23%       9.729ms       2.970us          3276  
        nvjet_sm100_tss_32x64_64x16_2x1_v_bz_splitK_TNN         0.00%       0.000us         0.00%       0.000us       0.000us       7.241ms         0.17%       7.241ms       4.421us          1638  
void moe_align_block_size_kernel<int>(int const*, in...         0.00%       0.000us         0.00%       0.000us       0.000us       5.103ms         0.12%       5.103ms       3.116us          1638  
void cublasLt::splitKreduce_kernel<32, 16, int, floa...         0.00%       0.000us         0.00%       0.000us       0.000us       4.399ms         0.10%       4.399ms       2.685us          1638  
triton_red_fused__softmax_exp_max_prepare_softmax_on...         0.00%       0.000us         0.00%       0.000us       0.000us       4.373ms         0.10%       4.373ms       2.670us          1638  
triton_poi_fused__softmax__to_copy_arange_bitwise_no...         0.00%       0.000us         0.00%       0.000us       0.000us       4.262ms         0.10%       4.262ms       2.602us          1638  
kernel_cutlass_kernel_flashinfernormkernelsrmsnormRM...         0.00%       0.000us         0.00%       0.000us       0.000us       4.094ms         0.10%       4.094ms       2.407us          1701  
void (anonymous namespace)::fused_rope_kernel<false,...         0.00%       0.000us         0.00%       0.000us       0.000us       3.729ms         0.09%       3.729ms       2.192us          1701  
                            triton_poi_fused__to_copy_2         0.00%       0.000us         0.00%       0.000us       0.000us       3.010ms         0.07%       3.010ms       1.838us          1638  
                               set_mla_kv_buffer_kernel         0.00%       0.000us         0.00%       0.000us       0.000us       3.001ms         0.07%       3.001ms       1.764us          1701  
void count_and_sort_expert_tokens_kernel<int>(int co...         0.00%       0.000us         0.00%       0.000us       0.000us       2.941ms         0.07%       2.941ms       1.795us          1638  
void at::native::vectorized_elementwise_kernel<8, at...         0.00%       0.000us         0.00%       0.000us       0.000us       2.802ms         0.07%       2.802ms       1.711us          1638  
                       triton_poi_fused_copy__mul_sum_0         0.00%       0.000us         0.00%       0.000us       0.000us       2.759ms         0.06%       2.759ms       1.684us          1638  
void at::native::reduce_kernel<512, 1, at::native::R...         0.00%       0.000us         0.00%       0.000us       0.000us       1.526ms         0.04%       1.526ms      24.228us            63  
                         Memcpy HtoD (Pinned -> Device)         0.00%       0.000us         0.00%       0.000us       0.000us     926.492us         0.02%     926.492us      14.254us            65  
               nvjet_sm100_tst_128x8_64x12_4x1_v_bz_TNT         0.00%       0.000us         0.00%       0.000us       0.000us     700.991us         0.02%     700.991us      11.127us            63  
                       Memcpy DtoH (Device -> Pageable)         0.00%       0.000us         0.00%       0.000us       0.000us     576.668us         0.01%     576.668us       3.051us           189  
               nvjet_sm100_tst_32x64_64x16_4x1_v_bz_TNN         0.00%       0.000us         0.00%       0.000us       0.000us     424.253us         0.01%     424.253us       6.734us            63  
void at::native::unrolled_elementwise_kernel<at::nat...         0.00%       0.000us         0.00%       0.000us       0.000us     361.637us         0.01%     361.637us       1.913us           189  
void at::native::unrolled_elementwise_kernel<at::nat...         0.00%       0.000us         0.00%       0.000us       0.000us     247.931us         0.01%     247.931us       3.935us            63  
void at::native::index_elementwise_kernel<128, 4, at...         0.00%       0.000us         0.00%       0.000us       0.000us     224.510us         0.01%     224.510us       3.564us            63  
void at::native::(anonymous namespace)::indexSelectS...         0.00%       0.000us         0.00%       0.000us       0.000us     200.388us         0.00%     200.388us       3.181us            63  
void at::native::elementwise_kernel<128, 4, at::nati...         0.00%       0.000us         0.00%       0.000us       0.000us     196.675us         0.00%     196.675us       3.122us            63  
void at::native::elementwise_kernel<128, 4, at::nati...         0.00%       0.000us         0.00%       0.000us       0.000us     190.336us         0.00%     190.336us       3.021us            63  
kernel_cutlass_kernel_flashinfernormkernelsrmsnormRM...         0.00%       0.000us         0.00%       0.000us       0.000us     180.769us         0.00%     180.769us       2.869us            63  
                    create_flashinfer_kv_indices_triton         0.00%       0.000us         0.00%       0.000us       0.000us     169.987us         0.00%     169.987us       2.698us            63  
void at::native::elementwise_kernel<128, 4, at::nati...         0.00%       0.000us         0.00%       0.000us       0.000us     143.009us         0.00%     143.009us       2.270us            63  
void at::native::(anonymous namespace)::multi_tensor...         0.00%       0.000us         0.00%       0.000us       0.000us     129.753us         0.00%     129.753us       2.060us            63  
void at::native::vectorized_elementwise_kernel<4, at...         0.00%       0.000us         0.00%       0.000us       0.000us     128.033us         0.00%     128.033us       2.032us            63  
void at_cuda_detail::cub::detail::scan::DeviceScanKe...         0.00%       0.000us         0.00%       0.000us       0.000us     125.537us         0.00%     125.537us       1.993us            63  
triton_poi_fused_add_bitwise_and_bitwise_not_bitwise...         0.00%       0.000us         0.00%       0.000us       0.000us     107.229us         0.00%     107.229us       1.702us            63  
                         Memcpy DtoD (Device -> Device)         0.00%       0.000us         0.00%       0.000us       0.000us     104.192us         0.00%     104.192us       1.654us            63  
void at::native::vectorized_elementwise_kernel<2, at...         0.00%       0.000us         0.00%       0.000us       0.000us     103.938us         0.00%     103.938us       1.650us            63  
void (anonymous namespace)::clamp_position_kernel<lo...         0.00%       0.000us         0.00%       0.000us       0.000us      95.998us         0.00%      95.998us       1.524us            63  
void at_cuda_detail::cub::detail::scan::DeviceScanIn...         0.00%       0.000us         0.00%       0.000us       0.000us      91.812us         0.00%      91.812us       1.457us            63  
void at::native::vectorized_elementwise_kernel<4, at...         0.00%       0.000us         0.00%       0.000us       0.000us      88.834us         0.00%      88.834us       1.410us            63  
void at::native::index_elementwise_kernel<128, 4, at...         0.00%       0.000us         0.00%       0.000us       0.000us      25.600us         0.00%      25.600us       2.560us            10  
void at::native::index_elementwise_kernel<128, 4, at...         0.00%       0.000us         0.00%       0.000us       0.000us      18.304us         0.00%      18.304us       2.288us             8  
                       Memcpy HtoD (Pageable -> Device)         0.00%       0.000us         0.00%       0.000us       0.000us       3.136us         0.00%       3.136us       1.568us             2  
                                        cudaMemcpyAsync         1.26%       5.656ms         1.64%       7.374ms      23.115us       0.000us         0.00%       0.000us       0.000us           319  
                                Activity Buffer Request         2.50%      11.255ms         2.55%      11.464ms       1.911ms       0.000us         0.00%       0.000us       0.000us             6  
                                       cudaLaunchKernel        12.69%      57.173ms        12.69%      57.173ms       6.204us       0.000us         0.00%       0.000us       0.000us          9216  
                                    cudaLaunchKernelExC        27.20%     122.528ms        27.60%     124.329ms       6.110us       0.000us         0.00%       0.000us       0.000us         20349  
                                    cudaPeekAtLastError         0.01%      28.232us         0.01%      28.232us       0.112us       0.000us         0.00%       0.000us       0.000us           252  
cudaOccupancyMaxActiveBlocksPerMultiprocessorWithFla...         0.03%     134.481us         0.03%     134.481us       2.135us       0.000us         0.00%       0.000us       0.000us            63  
                                 cudaDeviceGetAttribute         0.36%       1.644ms         0.36%       1.644ms       0.900us       0.000us         0.00%       0.000us       0.000us          1827  
                                       cuLaunchKernelEx        23.36%     105.229ms        23.36%     105.229ms       5.624us       0.000us         0.00%       0.000us       0.000us         18711  
                                  cudaStreamIsCapturing         0.03%     120.553us         0.03%     120.553us       0.618us       0.000us         0.00%       0.000us       0.000us           195  
                                  cudaStreamSynchronize         0.16%     720.505us         0.16%     720.505us       3.772us       0.000us         0.00%       0.000us       0.000us           191  
                                         cuLaunchKernel         7.92%      35.694ms         7.92%      35.694ms       5.396us       0.000us         0.00%       0.000us       0.000us          6615  
                                   cudaFuncSetAttribute         1.10%       4.942ms         1.10%       4.942ms       2.906us       0.000us         0.00%       0.000us       0.000us          1701  
                            cudaLaunchCooperativeKernel         2.91%      13.127ms         2.91%      13.127ms       7.717us       0.000us         0.00%       0.000us       0.000us          1701  
                                  cudaDeviceSynchronize        20.26%      91.232ms        20.26%      91.232ms     724.066us       0.000us         0.00%       0.000us       0.000us           126  
                               cudaEventRecordWithFlags         0.00%       6.026us         0.00%       6.026us       3.013us       0.000us         0.00%       0.000us       0.000us             2  
                                           Buffer Flush         0.20%     912.267us         0.20%     912.267us     228.067us       0.000us         0.00%       0.000us       0.000us             4  
                                         cudaEventQuery         0.00%       5.074us         0.00%       5.074us       5.074us       0.000us         0.00%       0.000us       0.000us             1  
-------------------------------------------------------  ------------  ------------  ------------  ------------  ------------  ------------  ------------  ------------  ------------  ------------  
Self CPU time total: 450.408ms
Self CUDA time total: 4.295s
-------------------------------------------------------  ------------  ------------  ------------  ------------  ------------  ------------  ------------  ------------  ------------  ------------  
                                                   Name    Self CPU %      Self CPU   CPU total %     CPU total  CPU time avg     Self CUDA   Self CUDA %    CUDA total  CUDA time avg    # of Calls  
-------------------------------------------------------  ------------  ------------  ------------  ------------  ------------  ------------  ------------  ------------  ------------  ------------  
void (anonymous namespace)::all_reduce_one_shot_push...         0.00%       0.000us         0.00%       0.000us       0.000us        1.978s        50.35%        1.978s     570.829us          3465  
kernel_cutlass_kernel_flashinfernormkernelsfused_add...         0.00%       0.000us         0.00%       0.000us       0.000us        1.742s        44.36%        1.742s     512.189us          3402  
                                       fused_moe_kernel         0.00%       0.000us         0.00%       0.000us       0.000us      35.071ms         0.89%      35.071ms      10.706us          3276  
void flashinfer::mla::BatchMLAPagedAttentionKernel<f...         0.00%       0.000us         0.00%       0.000us       0.000us      26.455ms         0.67%      26.455ms      15.553us          1701  
        nvjet_sm100_tst_32x64_64x16_4x1_v_bz_splitK_TNN         0.00%       0.000us         0.00%       0.000us       0.000us      20.630ms         0.53%      20.630ms       4.093us          5040  
                               _all_gather_kernel_inner         0.00%       0.000us         0.00%       0.000us       0.000us      16.563ms         0.42%      16.563ms     262.898us            63  
void cublasLt::splitKreduce_kernel<32, 16, int, floa...         0.00%       0.000us         0.00%       0.000us       0.000us      15.194ms         0.39%      15.194ms       3.015us          5040  
void at::native::sbtopk::gatherTopK<float, unsigned ...         0.00%       0.000us         0.00%       0.000us       0.000us      13.357ms         0.34%      13.357ms       4.077us          3276  
               nvjet_sm100_tst_16x64_64x16_4x1_v_bz_TNN         0.00%       0.000us         0.00%       0.000us       0.000us      11.912ms         0.30%      11.912ms       3.501us          3402  
                nvjet_sm100_tst_8x64_64x16_4x1_v_bz_TNN         0.00%       0.000us         0.00%       0.000us       0.000us      10.185ms         0.26%      10.185ms       2.994us          3402  
void (anonymous namespace)::act_and_mul_kernel<__nv_...         0.00%       0.000us         0.00%       0.000us       0.000us       9.183ms         0.23%       9.183ms       2.803us          3276  
        nvjet_sm100_tss_32x64_64x16_2x1_v_bz_splitK_TNN         0.00%       0.000us         0.00%       0.000us       0.000us       6.869ms         0.17%       6.869ms       4.193us          1638  
void moe_align_block_size_kernel<int>(int const*, in...         0.00%       0.000us         0.00%       0.000us       0.000us       4.795ms         0.12%       4.795ms       2.927us          1638  
void cublasLt::splitKreduce_kernel<32, 16, int, floa...         0.00%       0.000us         0.00%       0.000us       0.000us       3.963ms         0.10%       3.963ms       2.419us          1638  
triton_red_fused__softmax_exp_max_prepare_softmax_on...         0.00%       0.000us         0.00%       0.000us       0.000us       3.959ms         0.10%       3.959ms       2.417us          1638  
kernel_cutlass_kernel_flashinfernormkernelsrmsnormRM...         0.00%       0.000us         0.00%       0.000us       0.000us       3.845ms         0.10%       3.845ms       2.261us          1701  
void (anonymous namespace)::fused_rope_kernel<false,...         0.00%       0.000us         0.00%       0.000us       0.000us       3.297ms         0.08%       3.297ms       1.938us          1701  
triton_poi_fused__softmax__to_copy_arange_bitwise_no...         0.00%       0.000us         0.00%       0.000us       0.000us       2.956ms         0.08%       2.956ms       1.805us          1638  
                       triton_poi_fused_copy__mul_sum_0         0.00%       0.000us         0.00%       0.000us       0.000us       2.689ms         0.07%       2.689ms       1.642us          1638  
void at::native::vectorized_elementwise_kernel<8, at...         0.00%       0.000us         0.00%       0.000us       0.000us       2.637ms         0.07%       2.637ms       1.610us          1638  
void count_and_sort_expert_tokens_kernel<int>(int co...         0.00%       0.000us         0.00%       0.000us       0.000us       2.611ms         0.07%       2.611ms       1.594us          1638  
                               set_mla_kv_buffer_kernel         0.00%       0.000us         0.00%       0.000us       0.000us       2.510ms         0.06%       2.510ms       1.475us          1701  
                            triton_poi_fused__to_copy_2         0.00%       0.000us         0.00%       0.000us       0.000us       2.450ms         0.06%       2.450ms       1.496us          1638  
void at::native::reduce_kernel<512, 1, at::native::R...         0.00%       0.000us         0.00%       0.000us       0.000us       1.506ms         0.04%       1.506ms      23.913us            63  
                         Memcpy HtoD (Pinned -> Device)         0.00%       0.000us         0.00%       0.000us       0.000us     913.052us         0.02%     913.052us      14.047us            65  
               nvjet_sm100_tst_128x8_64x12_4x1_v_bz_TNT         0.00%       0.000us         0.00%       0.000us       0.000us     702.593us         0.02%     702.593us      11.152us            63  
                       Memcpy DtoH (Device -> Pageable)         0.00%       0.000us         0.00%       0.000us       0.000us     604.827us         0.02%     604.827us       3.200us           189  
               nvjet_sm100_tst_32x64_64x16_4x1_v_bz_TNN         0.00%       0.000us         0.00%       0.000us       0.000us     409.859us         0.01%     409.859us       6.506us            63  
void at::native::unrolled_elementwise_kernel<at::nat...         0.00%       0.000us         0.00%       0.000us       0.000us     319.995us         0.01%     319.995us       1.693us           189  
void at::native::unrolled_elementwise_kernel<at::nat...         0.00%       0.000us         0.00%       0.000us       0.000us     250.945us         0.01%     250.945us       3.983us            63  
void at::native::index_elementwise_kernel<128, 4, at...         0.00%       0.000us         0.00%       0.000us       0.000us     211.390us         0.01%     211.390us       3.355us            63  
void at::native::elementwise_kernel<128, 4, at::nati...         0.00%       0.000us         0.00%       0.000us       0.000us     196.929us         0.01%     196.929us       3.126us            63  
void at::native::(anonymous namespace)::indexSelectS...         0.00%       0.000us         0.00%       0.000us       0.000us     196.603us         0.01%     196.603us       3.121us            63  
                    create_flashinfer_kv_indices_triton         0.00%       0.000us         0.00%       0.000us       0.000us     186.020us         0.00%     186.020us       2.953us            63  
void at::native::elementwise_kernel<128, 4, at::nati...         0.00%       0.000us         0.00%       0.000us       0.000us     183.356us         0.00%     183.356us       2.910us            63  
kernel_cutlass_kernel_flashinfernormkernelsrmsnormRM...         0.00%       0.000us         0.00%       0.000us       0.000us     160.613us         0.00%     160.613us       2.549us            63  
void at::native::elementwise_kernel<128, 4, at::nati...         0.00%       0.000us         0.00%       0.000us       0.000us     140.257us         0.00%     140.257us       2.226us            63  
void at::native::(anonymous namespace)::multi_tensor...         0.00%       0.000us         0.00%       0.000us       0.000us     123.389us         0.00%     123.389us       1.959us            63  
void at_cuda_detail::cub::detail::scan::DeviceScanKe...         0.00%       0.000us         0.00%       0.000us       0.000us     108.606us         0.00%     108.606us       1.724us            63  
                         Memcpy DtoD (Device -> Device)         0.00%       0.000us         0.00%       0.000us       0.000us     107.266us         0.00%     107.266us       1.703us            63  
triton_poi_fused_add_bitwise_and_bitwise_not_bitwise...         0.00%       0.000us         0.00%       0.000us       0.000us     106.394us         0.00%     106.394us       1.689us            63  
void at::native::vectorized_elementwise_kernel<4, at...         0.00%       0.000us         0.00%       0.000us       0.000us     101.695us         0.00%     101.695us       1.614us            63  
void (anonymous namespace)::clamp_position_kernel<lo...         0.00%       0.000us         0.00%       0.000us       0.000us      96.097us         0.00%      96.097us       1.525us            63  
void at::native::vectorized_elementwise_kernel<2, at...         0.00%       0.000us         0.00%       0.000us       0.000us      94.783us         0.00%      94.783us       1.504us            63  
void at::native::vectorized_elementwise_kernel<4, at...         0.00%       0.000us         0.00%       0.000us       0.000us      78.241us         0.00%      78.241us       1.242us            63  
void at_cuda_detail::cub::detail::scan::DeviceScanIn...         0.00%       0.000us         0.00%       0.000us       0.000us      75.585us         0.00%      75.585us       1.200us            63  
void at::native::index_elementwise_kernel<128, 4, at...         0.00%       0.000us         0.00%       0.000us       0.000us      22.784us         0.00%      22.784us       2.278us            10  
void at::native::index_elementwise_kernel<128, 4, at...         0.00%       0.000us         0.00%       0.000us       0.000us      21.728us         0.00%      21.728us       2.716us             8  
                       Memcpy HtoD (Pageable -> Device)         0.00%       0.000us         0.00%       0.000us       0.000us       3.647us         0.00%       3.647us       1.824us             2  
                                        cudaMemcpyAsync         1.32%       5.753ms         1.71%       7.436ms      23.311us       0.000us         0.00%       0.000us       0.000us           319  
                                Activity Buffer Request         2.85%      12.378ms         2.92%      12.713ms       2.119ms       0.000us         0.00%       0.000us       0.000us             6  
                                       cudaLaunchKernel        13.33%      57.936ms        13.33%      57.936ms       6.286us       0.000us         0.00%       0.000us       0.000us          9216  
                                    cudaLaunchKernelExC        27.46%     119.401ms        27.89%     121.239ms       5.958us       0.000us         0.00%       0.000us       0.000us         20349  
                                    cudaPeekAtLastError         0.01%      30.520us         0.01%      30.520us       0.121us       0.000us         0.00%       0.000us       0.000us           252  
cudaOccupancyMaxActiveBlocksPerMultiprocessorWithFla...         0.03%     144.884us         0.03%     144.884us       2.300us       0.000us         0.00%       0.000us       0.000us            63  
                                 cudaDeviceGetAttribute         0.39%       1.675ms         0.39%       1.675ms       0.917us       0.000us         0.00%       0.000us       0.000us          1827  
                                       cuLaunchKernelEx        24.05%     104.557ms        24.05%     104.557ms       5.588us       0.000us         0.00%       0.000us       0.000us         18711  
                                  cudaStreamIsCapturing         0.03%     124.572us         0.03%     124.572us       0.639us       0.000us         0.00%       0.000us       0.000us           195  
                                  cudaStreamSynchronize         0.16%     710.048us         0.16%     710.048us       3.718us       0.000us         0.00%       0.000us       0.000us           191  
                                         cuLaunchKernel         8.35%      36.291ms         8.35%      36.291ms       5.486us       0.000us         0.00%       0.000us       0.000us          6615  
                                   cudaFuncSetAttribute         1.08%       4.692ms         1.08%       4.692ms       2.758us       0.000us         0.00%       0.000us       0.000us          1701  
                            cudaLaunchCooperativeKernel         3.04%      13.220ms         3.04%      13.220ms       7.772us       0.000us         0.00%       0.000us       0.000us          1701  
                                  cudaDeviceSynchronize        17.79%      77.334ms        17.79%      77.334ms     613.761us       0.000us         0.00%       0.000us       0.000us           126  
                               cudaEventRecordWithFlags         0.00%       6.260us         0.00%       6.260us       3.130us       0.000us         0.00%       0.000us       0.000us             2  
                                           Buffer Flush         0.12%     505.761us         0.12%     505.761us     126.440us       0.000us         0.00%       0.000us       0.000us             4  
                                         cudaEventQuery         0.00%       5.491us         0.00%       5.491us       5.491us       0.000us         0.00%       0.000us       0.000us             1  
-------------------------------------------------------  ------------  ------------  ------------  ------------  ------------  ------------  ------------  ------------  ------------  ------------  
Self CPU time total: 434.765ms
Self CUDA time total: 3.928s
max_total_num_tokens=5038524
Warmup is enabled separately for every workload point.
Benchmark ...
Warmup workload: batch_size=8, input_len=512, output_len=32
Prefill. latency: 3.88189 s, throughput:   1055.16 token/s
Decode 0. Batch size: 8, latency: 0.19126 s, throughput:     41.83 token/s
Decode 1. Batch size: 8, latency: 0.05019 s, throughput:    159.41 token/s
Decode 2. Batch size: 8, latency: 0.04787 s, throughput:    167.12 token/s
Decode 3. Batch size: 8, latency: 0.04782 s, throughput:    167.29 token/s
Decode 4. Batch size: 8, latency: 0.04841 s, throughput:    165.26 token/s
Decode.  median latency: 0.04828 s, median throughput:     62.49 token/s
Total. latency:  5.642 s, throughput:    754.28 token/s
Prefill. latency: 0.05512 s, throughput:  74310.04 token/s
Decode 0. Batch size: 8, latency: 0.06687 s, throughput:    119.63 token/s
Decode 1. Batch size: 8, latency: 0.05998 s, throughput:    133.38 token/s
Decode 2. Batch size: 8, latency: 0.06065 s, throughput:    131.91 token/s
Decode 3. Batch size: 8, latency: 0.06051 s, throughput:    132.20 token/s
Decode 4. Batch size: 8, latency: 0.06105 s, throughput:    131.03 token/s
-------------------------------------------------------  ------------  ------------  ------------  ------------  ------------  ------------  ------------  ------------  ------------  ------------  
                                                   Name    Self CPU %      Self CPU   CPU total %     CPU total  CPU time avg     Self CUDA   Self CUDA %    CUDA total  CUDA time avg    # of Calls  
-------------------------------------------------------  ------------  ------------  ------------  ------------  ------------  ------------  ------------  ------------  ------------  ------------  
void (anonymous namespace)::all_reduce_one_shot_push...         0.00%       0.000us         0.00%       0.000us       0.000us        1.933s        50.57%        1.933s     557.813us          3465  
kernel_cutlass_kernel_flashinfernormkernelsfused_add...         0.00%       0.000us         0.00%       0.000us       0.000us        1.681s        43.98%        1.681s     494.110us          3402  
                                       fused_moe_kernel         0.00%       0.000us         0.00%       0.000us       0.000us      35.110ms         0.92%      35.110ms      10.717us          3276  
void flashinfer::mla::BatchMLAPagedAttentionKernel<f...         0.00%       0.000us         0.00%       0.000us       0.000us      26.926ms         0.70%      26.926ms      15.830us          1701  
        nvjet_sm100_tst_32x64_64x16_4x1_v_bz_splitK_TNN         0.00%       0.000us         0.00%       0.000us       0.000us      20.670ms         0.54%      20.670ms       4.101us          5040  
                               _all_gather_kernel_inner         0.00%       0.000us         0.00%       0.000us       0.000us      15.497ms         0.41%      15.497ms     245.977us            63  
void cublasLt::splitKreduce_kernel<32, 16, int, floa...         0.00%       0.000us         0.00%       0.000us       0.000us      15.255ms         0.40%      15.255ms       3.027us          5040  
void at::native::sbtopk::gatherTopK<float, unsigned ...         0.00%       0.000us         0.00%       0.000us       0.000us      13.328ms         0.35%      13.328ms       4.068us          3276  
               nvjet_sm100_tst_16x64_64x16_4x1_v_bz_TNN         0.00%       0.000us         0.00%       0.000us       0.000us      12.013ms         0.31%      12.013ms       3.531us          3402  
                nvjet_sm100_tst_8x64_64x16_4x1_v_bz_TNN         0.00%       0.000us         0.00%       0.000us       0.000us      10.181ms         0.27%      10.181ms       2.993us          3402  
void (anonymous namespace)::act_and_mul_kernel<__nv_...         0.00%       0.000us         0.00%       0.000us       0.000us       9.221ms         0.24%       9.221ms       2.815us          3276  
        nvjet_sm100_tss_32x64_64x16_2x1_v_bz_splitK_TNN         0.00%       0.000us         0.00%       0.000us       0.000us       6.895ms         0.18%       6.895ms       4.209us          1638  
void moe_align_block_size_kernel<int>(int const*, in...         0.00%       0.000us         0.00%       0.000us       0.000us       4.822ms         0.13%       4.822ms       2.944us          1638  
void cublasLt::splitKreduce_kernel<32, 16, int, floa...         0.00%       0.000us         0.00%       0.000us       0.000us       4.063ms         0.11%       4.063ms       2.481us          1638  
triton_red_fused__softmax_exp_max_prepare_softmax_on...         0.00%       0.000us         0.00%       0.000us       0.000us       4.026ms         0.11%       4.026ms       2.458us          1638  
kernel_cutlass_kernel_flashinfernormkernelsrmsnormRM...         0.00%       0.000us         0.00%       0.000us       0.000us       3.921ms         0.10%       3.921ms       2.305us          1701  
void (anonymous namespace)::fused_rope_kernel<false,...         0.00%       0.000us         0.00%       0.000us       0.000us       3.476ms         0.09%       3.476ms       2.044us          1701  
triton_poi_fused__softmax__to_copy_arange_bitwise_no...         0.00%       0.000us         0.00%       0.000us       0.000us       3.169ms         0.08%       3.169ms       1.935us          1638  
                       triton_poi_fused_copy__mul_sum_0         0.00%       0.000us         0.00%       0.000us       0.000us       2.714ms         0.07%       2.714ms       1.657us          1638  
                            triton_poi_fused__to_copy_2         0.00%       0.000us         0.00%       0.000us       0.000us       2.626ms         0.07%       2.626ms       1.603us          1638  
void count_and_sort_expert_tokens_kernel<int>(int co...         0.00%       0.000us         0.00%       0.000us       0.000us       2.616ms         0.07%       2.616ms       1.597us          1638  
                               set_mla_kv_buffer_kernel         0.00%       0.000us         0.00%       0.000us       0.000us       2.576ms         0.07%       2.576ms       1.515us          1701  
void at::native::vectorized_elementwise_kernel<8, at...         0.00%       0.000us         0.00%       0.000us       0.000us       2.474ms         0.06%       2.474ms       1.510us          1638  
void at::native::reduce_kernel<512, 1, at::native::R...         0.00%       0.000us         0.00%       0.000us       0.000us       1.513ms         0.04%       1.513ms      24.009us            63  
                         Memcpy HtoD (Pinned -> Device)         0.00%       0.000us         0.00%       0.000us       0.000us     922.271us         0.02%     922.271us      14.189us            65  
               nvjet_sm100_tst_128x8_64x12_4x1_v_bz_TNT         0.00%       0.000us         0.00%       0.000us       0.000us     680.289us         0.02%     680.289us      10.798us            63  
                       Memcpy DtoH (Device -> Pageable)         0.00%       0.000us         0.00%       0.000us       0.000us     593.946us         0.02%     593.946us       3.143us           189  
               nvjet_sm100_tst_32x64_64x16_4x1_v_bz_TNN         0.00%       0.000us         0.00%       0.000us       0.000us     414.583us         0.01%     414.583us       6.581us            63  
void at::native::unrolled_elementwise_kernel<at::nat...         0.00%       0.000us         0.00%       0.000us       0.000us     313.567us         0.01%     313.567us       1.659us           189  
void at::native::(anonymous namespace)::indexSelectS...         0.00%       0.000us         0.00%       0.000us       0.000us     262.371us         0.01%     262.371us       4.165us            63  
void at::native::unrolled_elementwise_kernel<at::nat...         0.00%       0.000us         0.00%       0.000us       0.000us     246.174us         0.01%     246.174us       3.908us            63  
void at::native::index_elementwise_kernel<128, 4, at...         0.00%       0.000us         0.00%       0.000us       0.000us     215.517us         0.01%     215.517us       3.421us            63  
void at::native::elementwise_kernel<128, 4, at::nati...         0.00%       0.000us         0.00%       0.000us       0.000us     193.858us         0.01%     193.858us       3.077us            63  
                    create_flashinfer_kv_indices_triton         0.00%       0.000us         0.00%       0.000us       0.000us     189.246us         0.00%     189.246us       3.004us            63  
void at::native::elementwise_kernel<128, 4, at::nati...         0.00%       0.000us         0.00%       0.000us       0.000us     187.999us         0.00%     187.999us       2.984us            63  
kernel_cutlass_kernel_flashinfernormkernelsrmsnormRM...         0.00%       0.000us         0.00%       0.000us       0.000us     170.146us         0.00%     170.146us       2.701us            63  
void at::native::elementwise_kernel<128, 4, at::nati...         0.00%       0.000us         0.00%       0.000us       0.000us     169.020us         0.00%     169.020us       2.683us            63  
void at::native::(anonymous namespace)::multi_tensor...         0.00%       0.000us         0.00%       0.000us       0.000us     123.902us         0.00%     123.902us       1.967us            63  
void at_cuda_detail::cub::detail::scan::DeviceScanKe...         0.00%       0.000us         0.00%       0.000us       0.000us     111.362us         0.00%     111.362us       1.768us            63  
                         Memcpy DtoD (Device -> Device)         0.00%       0.000us         0.00%       0.000us       0.000us     110.238us         0.00%     110.238us       1.750us            63  
void at::native::vectorized_elementwise_kernel<4, at...         0.00%       0.000us         0.00%       0.000us       0.000us     103.838us         0.00%     103.838us       1.648us            63  
void (anonymous namespace)::clamp_position_kernel<lo...         0.00%       0.000us         0.00%       0.000us       0.000us      98.885us         0.00%      98.885us       1.570us            63  
void at::native::vectorized_elementwise_kernel<2, at...         0.00%       0.000us         0.00%       0.000us       0.000us      97.911us         0.00%      97.911us       1.554us            63  
triton_poi_fused_add_bitwise_and_bitwise_not_bitwise...         0.00%       0.000us         0.00%       0.000us       0.000us      95.861us         0.00%      95.861us       1.522us            63  
void at::native::vectorized_elementwise_kernel<4, at...         0.00%       0.000us         0.00%       0.000us       0.000us      80.777us         0.00%      80.777us       1.282us            63  
void at_cuda_detail::cub::detail::scan::DeviceScanIn...         0.00%       0.000us         0.00%       0.000us       0.000us      78.082us         0.00%      78.082us       1.239us            63  
void at::native::index_elementwise_kernel<128, 4, at...         0.00%       0.000us         0.00%       0.000us       0.000us      23.328us         0.00%      23.328us       2.333us            10  
void at::native::index_elementwise_kernel<128, 4, at...         0.00%       0.000us         0.00%       0.000us       0.000us      21.983us         0.00%      21.983us       2.748us             8  
                       Memcpy HtoD (Pageable -> Device)         0.00%       0.000us         0.00%       0.000us       0.000us       2.848us         0.00%       2.848us       1.424us             2  
                                        cudaMemcpyAsync         1.35%       5.781ms         1.76%       7.527ms      23.596us       0.000us         0.00%       0.000us       0.000us           319  
                                Activity Buffer Request         2.62%      11.190ms         2.67%      11.395ms       1.899ms       0.000us         0.00%       0.000us       0.000us             6  
                                       cudaLaunchKernel        13.81%      58.937ms        13.81%      58.937ms       6.395us       0.000us         0.00%       0.000us       0.000us          9216  
                                    cudaLaunchKernelExC        28.38%     121.162ms        28.80%     122.948ms       6.042us       0.000us         0.00%       0.000us       0.000us         20349  
                                    cudaPeekAtLastError         0.01%      30.567us         0.01%      30.567us       0.121us       0.000us         0.00%       0.000us       0.000us           252  
cudaOccupancyMaxActiveBlocksPerMultiprocessorWithFla...         0.03%     143.779us         0.03%     143.779us       2.282us       0.000us         0.00%       0.000us       0.000us            63  
                                 cudaDeviceGetAttribute         0.41%       1.741ms         0.41%       1.741ms       0.953us       0.000us         0.00%       0.000us       0.000us          1827  
                                       cuLaunchKernelEx        24.76%     105.682ms        24.76%     105.682ms       5.648us       0.000us         0.00%       0.000us       0.000us         18711  
                                  cudaStreamIsCapturing         0.03%     119.588us         0.03%     119.588us       0.613us       0.000us         0.00%       0.000us       0.000us           195  
                                  cudaStreamSynchronize         0.17%     731.109us         0.17%     731.109us       3.828us       0.000us         0.00%       0.000us       0.000us           191  
                                         cuLaunchKernel         8.52%      36.357ms         8.52%      36.357ms       5.496us       0.000us         0.00%       0.000us       0.000us          6615  
                                   cudaFuncSetAttribute         1.14%       4.860ms         1.14%       4.860ms       2.857us       0.000us         0.00%       0.000us       0.000us          1701  
                            cudaLaunchCooperativeKernel         3.19%      13.617ms         3.19%      13.617ms       8.005us       0.000us         0.00%       0.000us       0.000us          1701  
                                  cudaDeviceSynchronize        15.47%      66.046ms        15.47%      66.046ms     524.172us       0.000us         0.00%       0.000us       0.000us           126  
                               cudaEventRecordWithFlags         0.00%       6.683us         0.00%       6.683us       3.342us       0.000us         0.00%       0.000us       0.000us             2  
                                           Buffer Flush         0.12%     494.572us         0.12%     494.572us     123.643us       0.000us         0.00%       0.000us       0.000us             4  
                                         cudaEventQuery         0.00%       5.733us         0.00%       5.733us       5.733us       0.000us         0.00%       0.000us       0.000us             1  
-------------------------------------------------------  ------------  ------------  ------------  ------------  ------------  ------------  ------------  ------------  ------------  ------------  
Self CPU time total: 426.904ms
Self CUDA time total: 3.822s
-------------------------------------------------------  ------------  ------------  ------------  ------------  ------------  ------------  ------------  ------------  ------------  ------------  
                                                   Name    Self CPU %      Self CPU   CPU total %     CPU total  CPU time avg     Self CUDA   Self CUDA %    CUDA total  CUDA time avg    # of Calls  
-------------------------------------------------------  ------------  ------------  ------------  ------------  ------------  ------------  ------------  ------------  ------------  ------------  
void (anonymous namespace)::all_reduce_one_shot_push...         0.00%       0.000us         0.00%       0.000us       0.000us        2.031s        50.31%        2.031s     586.276us          3465  
kernel_cutlass_kernel_flashinfernormkernelsfused_add...         0.00%       0.000us         0.00%       0.000us       0.000us        1.796s        44.49%        1.796s     528.046us          3402  
                                       fused_moe_kernel         0.00%       0.000us         0.00%       0.000us       0.000us      35.161ms         0.87%      35.161ms      10.733us          3276  
void flashinfer::mla::BatchMLAPagedAttentionKernel<f...         0.00%       0.000us         0.00%       0.000us       0.000us      27.045ms         0.67%      27.045ms      15.900us          1701  
        nvjet_sm100_tst_32x64_64x16_4x1_v_bz_splitK_TNN         0.00%       0.000us         0.00%       0.000us       0.000us      20.847ms         0.52%      20.847ms       4.136us          5040  
                               _all_gather_kernel_inner         0.00%       0.000us         0.00%       0.000us       0.000us      15.847ms         0.39%      15.847ms     251.540us            63  
void cublasLt::splitKreduce_kernel<32, 16, int, floa...         0.00%       0.000us         0.00%       0.000us       0.000us      15.205ms         0.38%      15.205ms       3.017us          5040  
void at::native::sbtopk::gatherTopK<float, unsigned ...         0.00%       0.000us         0.00%       0.000us       0.000us      13.270ms         0.33%      13.270ms       4.051us          3276  
               nvjet_sm100_tst_16x64_64x16_4x1_v_bz_TNN         0.00%       0.000us         0.00%       0.000us       0.000us      11.847ms         0.29%      11.847ms       3.482us          3402  
                nvjet_sm100_tst_8x64_64x16_4x1_v_bz_TNN         0.00%       0.000us         0.00%       0.000us       0.000us      10.206ms         0.25%      10.206ms       3.000us          3402  
void (anonymous namespace)::act_and_mul_kernel<__nv_...         0.00%       0.000us         0.00%       0.000us       0.000us       9.308ms         0.23%       9.308ms       2.841us          3276  
        nvjet_sm100_tss_32x64_64x16_2x1_v_bz_splitK_TNN         0.00%       0.000us         0.00%       0.000us       0.000us       6.866ms         0.17%       6.866ms       4.192us          1638  
void moe_align_block_size_kernel<int>(int const*, in...         0.00%       0.000us         0.00%       0.000us       0.000us       4.830ms         0.12%       4.830ms       2.949us          1638  
triton_red_fused__softmax_exp_max_prepare_softmax_on...         0.00%       0.000us         0.00%       0.000us       0.000us       4.071ms         0.10%       4.071ms       2.485us          1638  
void cublasLt::splitKreduce_kernel<32, 16, int, floa...         0.00%       0.000us         0.00%       0.000us       0.000us       3.972ms         0.10%       3.972ms       2.425us          1638  
triton_poi_fused__softmax__to_copy_arange_bitwise_no...         0.00%       0.000us         0.00%       0.000us       0.000us       3.932ms         0.10%       3.932ms       2.401us          1638  
kernel_cutlass_kernel_flashinfernormkernelsrmsnormRM...         0.00%       0.000us         0.00%       0.000us       0.000us       3.915ms         0.10%       3.915ms       2.302us          1701  
void (anonymous namespace)::fused_rope_kernel<false,...         0.00%       0.000us         0.00%       0.000us       0.000us       3.380ms         0.08%       3.380ms       1.987us          1701  
                       triton_poi_fused_copy__mul_sum_0         0.00%       0.000us         0.00%       0.000us       0.000us       2.721ms         0.07%       2.721ms       1.661us          1638  
                            triton_poi_fused__to_copy_2         0.00%       0.000us         0.00%       0.000us       0.000us       2.669ms         0.07%       2.669ms       1.630us          1638  
void count_and_sort_expert_tokens_kernel<int>(int co...         0.00%       0.000us         0.00%       0.000us       0.000us       2.666ms         0.07%       2.666ms       1.628us          1638  
void at::native::vectorized_elementwise_kernel<8, at...         0.00%       0.000us         0.00%       0.000us       0.000us       2.641ms         0.07%       2.641ms       1.612us          1638  
                               set_mla_kv_buffer_kernel         0.00%       0.000us         0.00%       0.000us       0.000us       2.572ms         0.06%       2.572ms       1.512us          1701  
void at::native::reduce_kernel<512, 1, at::native::R...         0.00%       0.000us         0.00%       0.000us       0.000us       1.513ms         0.04%       1.513ms      24.016us            63  
                         Memcpy HtoD (Pinned -> Device)         0.00%       0.000us         0.00%       0.000us       0.000us     922.973us         0.02%     922.973us      14.200us            65  
               nvjet_sm100_tst_128x8_64x12_4x1_v_bz_TNT         0.00%       0.000us         0.00%       0.000us       0.000us     702.786us         0.02%     702.786us      11.155us            63  
                       Memcpy DtoH (Device -> Pageable)         0.00%       0.000us         0.00%       0.000us       0.000us     573.505us         0.01%     573.505us       3.034us           189  
               nvjet_sm100_tst_32x64_64x16_4x1_v_bz_TNN         0.00%       0.000us         0.00%       0.000us       0.000us     414.431us         0.01%     414.431us       6.578us            63  
void at::native::unrolled_elementwise_kernel<at::nat...         0.00%       0.000us         0.00%       0.000us       0.000us     323.613us         0.01%     323.613us       1.712us           189  
void at::native::unrolled_elementwise_kernel<at::nat...         0.00%       0.000us         0.00%       0.000us       0.000us     247.102us         0.01%     247.102us       3.922us            63  
void at::native::index_elementwise_kernel<128, 4, at...         0.00%       0.000us         0.00%       0.000us       0.000us     217.533us         0.01%     217.533us       3.453us            63  
void at::native::elementwise_kernel<128, 4, at::nati...         0.00%       0.000us         0.00%       0.000us       0.000us     203.302us         0.01%     203.302us       3.227us            63  
void at::native::(anonymous namespace)::indexSelectS...         0.00%       0.000us         0.00%       0.000us       0.000us     196.900us         0.00%     196.900us       3.125us            63  
                    create_flashinfer_kv_indices_triton         0.00%       0.000us         0.00%       0.000us       0.000us     186.236us         0.00%     186.236us       2.956us            63  
void at::native::elementwise_kernel<128, 4, at::nati...         0.00%       0.000us         0.00%       0.000us       0.000us     186.236us         0.00%     186.236us       2.956us            63  
kernel_cutlass_kernel_flashinfernormkernelsrmsnormRM...         0.00%       0.000us         0.00%       0.000us       0.000us     170.397us         0.00%     170.397us       2.705us            63  
void at::native::elementwise_kernel<128, 4, at::nati...         0.00%       0.000us         0.00%       0.000us       0.000us     133.403us         0.00%     133.403us       2.118us            63  
void at::native::(anonymous namespace)::multi_tensor...         0.00%       0.000us         0.00%       0.000us       0.000us     125.792us         0.00%     125.792us       1.997us            63  
void at_cuda_detail::cub::detail::scan::DeviceScanKe...         0.00%       0.000us         0.00%       0.000us       0.000us     111.810us         0.00%     111.810us       1.775us            63  
                         Memcpy DtoD (Device -> Device)         0.00%       0.000us         0.00%       0.000us       0.000us     111.583us         0.00%     111.583us       1.771us            63  
triton_poi_fused_add_bitwise_and_bitwise_not_bitwise...         0.00%       0.000us         0.00%       0.000us       0.000us     107.903us         0.00%     107.903us       1.713us            63  
void (anonymous namespace)::clamp_position_kernel<lo...         0.00%       0.000us         0.00%       0.000us       0.000us     100.511us         0.00%     100.511us       1.595us            63  
void at::native::vectorized_elementwise_kernel<2, at...         0.00%       0.000us         0.00%       0.000us       0.000us      99.810us         0.00%      99.810us       1.584us            63  
void at::native::vectorized_elementwise_kernel<4, at...         0.00%       0.000us         0.00%       0.000us       0.000us      94.942us         0.00%      94.942us       1.507us            63  
void at::native::vectorized_elementwise_kernel<4, at...         0.00%       0.000us         0.00%       0.000us       0.000us      79.648us         0.00%      79.648us       1.264us            63  
void at_cuda_detail::cub::detail::scan::DeviceScanIn...         0.00%       0.000us         0.00%       0.000us       0.000us      77.697us         0.00%      77.697us       1.233us            63  
void at::native::index_elementwise_kernel<128, 4, at...         0.00%       0.000us         0.00%       0.000us       0.000us      23.104us         0.00%      23.104us       2.310us            10  
void at::native::index_elementwise_kernel<128, 4, at...         0.00%       0.000us         0.00%       0.000us       0.000us      21.695us         0.00%      21.695us       2.712us             8  
                       Memcpy HtoD (Pageable -> Device)         0.00%       0.000us         0.00%       0.000us       0.000us       3.457us         0.00%       3.457us       1.729us             2  
                                        cudaMemcpyAsync         1.22%       5.833ms         1.58%       7.535ms      23.621us       0.000us         0.00%       0.000us       0.000us           319  
                                Activity Buffer Request         2.27%      10.843ms         2.31%      11.064ms       1.844ms       0.000us         0.00%       0.000us       0.000us             6  
                                       cudaLaunchKernel        12.46%      59.600ms        12.46%      59.600ms       6.467us       0.000us         0.00%       0.000us       0.000us          9216  
                                    cudaLaunchKernelExC        26.22%     125.395ms        26.57%     127.087ms       6.245us       0.000us         0.00%       0.000us       0.000us         20349  
                                    cudaPeekAtLastError         0.01%      28.995us         0.01%      28.995us       0.115us       0.000us         0.00%       0.000us       0.000us           252  
cudaOccupancyMaxActiveBlocksPerMultiprocessorWithFla...         0.03%     136.711us         0.03%     136.711us       2.170us       0.000us         0.00%       0.000us       0.000us            63  
                                 cudaDeviceGetAttribute         0.35%       1.697ms         0.35%       1.697ms       0.929us       0.000us         0.00%       0.000us       0.000us          1827  
                                       cuLaunchKernelEx        22.82%     109.128ms        22.82%     109.128ms       5.832us       0.000us         0.00%       0.000us       0.000us         18711  
                                  cudaStreamIsCapturing         0.03%     122.643us         0.03%     122.643us       0.629us       0.000us         0.00%       0.000us       0.000us           195  
                                  cudaStreamSynchronize         0.14%     688.575us         0.14%     688.575us       3.605us       0.000us         0.00%       0.000us       0.000us           191  
                                         cuLaunchKernel         7.76%      37.093ms         7.76%      37.093ms       5.607us       0.000us         0.00%       0.000us       0.000us          6615  
                                   cudaFuncSetAttribute         0.95%       4.541ms         0.95%       4.541ms       2.670us       0.000us         0.00%       0.000us       0.000us          1701  
                            cudaLaunchCooperativeKernel         2.86%      13.669ms         2.86%      13.669ms       8.036us       0.000us         0.00%       0.000us       0.000us          1701  
                                  cudaDeviceSynchronize        22.78%     108.935ms        22.78%     108.935ms     864.560us       0.000us         0.00%       0.000us       0.000us           126  
                               cudaEventRecordWithFlags         0.00%       6.240us         0.00%       6.240us       3.120us       0.000us         0.00%       0.000us       0.000us             2  
                                           Buffer Flush         0.11%     524.374us         0.11%     524.374us     131.094us       0.000us         0.00%       0.000us       0.000us             4  
                                         cudaEventQuery         0.00%       5.388us         0.00%       5.388us       5.388us       0.000us         0.00%       0.000us       0.000us             1  
-------------------------------------------------------  ------------  ------------  ------------  ------------  ------------  ------------  ------------  ------------  ------------  ------------  
Self CPU time total: 478.246ms
Self CUDA time total: 4.038s


torch profiler chrome trace for decode saved to /sgl-workspace/sglang-src/experiment-results/phase14c/deepseek_tp_extension/tp8/deepseek-v2-lite/mixed_same_coarse/bimodal/r0/traces/trace_rank0_batch8_input512_output64_decode.trace.json.gz
Decode.  median latency: 0.05915 s, median throughput:     51.40 token/s
Total. latency:  3.803 s, throughput:   1144.25 token/s






kill_process_tree called: parent_pid=1200072, include_parent=False, pid=1200072
