[1;33m'--disable-cuda-graph' is deprecated and will be removed in a future release. Use '--cuda-graph-backend-{decode,prefill}=disabled' instead.[0m
Fail to set RLIMIT_STACK: current limit exceeds maximum limit
[2026-08-05 08:30:05 TP1] Init torch distributed begin.
[2026-08-05 08:30:06 TP7] Init torch distributed begin.
[2026-08-05 08:30:06 TP0] Init torch distributed begin.
[2026-08-05 08:30:06 TP5] Init torch distributed begin.
[2026-08-05 08:30:06 TP6] Init torch distributed begin.
[2026-08-05 08:30:06 TP4] Init torch distributed begin.
[2026-08-05 08:30:06 TP3] Init torch distributed begin.
[2026-08-05 08:30:06 TP2] Init torch distributed begin.
[2026-08-05 08:30:08 TP0] sglang is using nccl==2.28.9
[2026-08-05 08:30:11 TP0] Init torch distributed ends. elapsed=5.36 s, mem usage=1.47 GB
[2026-08-05 08:30:11 TP3] Init torch distributed ends. elapsed=5.17 s, mem usage=1.53 GB
[2026-08-05 08:30:11 TP6] Init torch distributed ends. elapsed=5.19 s, mem usage=1.53 GB
[2026-08-05 08:30:11 TP5] Init torch distributed ends. elapsed=5.33 s, mem usage=1.53 GB
[2026-08-05 08:30:11 TP1] Init torch distributed ends. elapsed=6.43 s, mem usage=1.53 GB
[2026-08-05 08:30:11 TP4] Init torch distributed ends. elapsed=5.18 s, mem usage=1.53 GB
[2026-08-05 08:30:11 TP7] Init torch distributed ends. elapsed=5.66 s, mem usage=1.22 GB
[2026-08-05 08:30:11 TP2] Init torch distributed ends. elapsed=5.09 s, mem usage=1.53 GB
[2026-08-05 08:30:13 TP3] Load weight begin. avail mem=176.17 GB
[2026-08-05 08:30:13 TP0] Load weight begin. avail mem=176.23 GB
[2026-08-05 08:30:13 TP0] Config does not support fused shared expert(s). Shared experts fusion optimization is disabled.
[2026-08-05 08:30:13 TP6] Load weight begin. avail mem=176.17 GB
[2026-08-05 08:30:13 TP4] Load weight begin. avail mem=176.17 GB
[2026-08-05 08:30:13 TP7] Load weight begin. avail mem=176.48 GB
[2026-08-05 08:30:13 TP5] Load weight begin. avail mem=176.17 GB
[2026-08-05 08:30:13 TP2] Load weight begin. avail mem=176.17 GB
[2026-08-05 08:30:13 TP1] Load weight begin. avail mem=176.17 GB
[2026-08-05 08:30:14 TP3] FlashInfer TRTLLM MoE deferred finalize is disabled (moe_runner_backend=auto, quant_method=UnquantizedFusedMoEMethod).
[2026-08-05 08:30:14 TP0] FlashInfer TRTLLM MoE deferred finalize is disabled (moe_runner_backend=auto, quant_method=UnquantizedFusedMoEMethod).
[2026-08-05 08:30:14 TP6] FlashInfer TRTLLM MoE deferred finalize is disabled (moe_runner_backend=auto, quant_method=UnquantizedFusedMoEMethod).
[2026-08-05 08:30:14 TP4] FlashInfer TRTLLM MoE deferred finalize is disabled (moe_runner_backend=auto, quant_method=UnquantizedFusedMoEMethod).
[2026-08-05 08:30:14 TP7] FlashInfer TRTLLM MoE deferred finalize is disabled (moe_runner_backend=auto, quant_method=UnquantizedFusedMoEMethod).
[2026-08-05 08:30:14 TP5] FlashInfer TRTLLM MoE deferred finalize is disabled (moe_runner_backend=auto, quant_method=UnquantizedFusedMoEMethod).
[2026-08-05 08:30:14 TP2] FlashInfer TRTLLM MoE deferred finalize is disabled (moe_runner_backend=auto, quant_method=UnquantizedFusedMoEMethod).
[2026-08-05 08:30:14 TP1] FlashInfer TRTLLM MoE deferred finalize is disabled (moe_runner_backend=auto, quant_method=UnquantizedFusedMoEMethod).
Multi-thread loading shards:   0% Completed | 0/4 [00:00<?, ?it/s]Multi-thread loading shards:  25% Completed | 1/4 [00:00<00:01,  1.95it/s]Multi-thread loading shards:  50% Completed | 2/4 [00:01<00:00,  2.01it/s]Multi-thread loading shards: 100% Completed | 4/4 [00:01<00:00,  3.81it/s]
[2026-08-05 08:30:16 TP0] Load weight end. elapsed=2.29 s, type=DeepseekV2ForCausalLM, avail mem=172.45 GB, mem usage=3.78 GB.
[2026-08-05 08:30:16 TP2] Load weight end. elapsed=2.27 s, type=DeepseekV2ForCausalLM, avail mem=172.39 GB, mem usage=3.78 GB.
[2026-08-05 08:30:16 TP4] Load weight end. elapsed=2.29 s, type=DeepseekV2ForCausalLM, avail mem=172.39 GB, mem usage=3.78 GB.
[2026-08-05 08:30:16 TP7] Load weight end. elapsed=2.34 s, type=DeepseekV2ForCausalLM, avail mem=172.70 GB, mem usage=3.78 GB.
[2026-08-05 08:30:16 TP3] Load weight end. elapsed=2.37 s, type=DeepseekV2ForCausalLM, avail mem=172.39 GB, mem usage=3.78 GB.
[2026-08-05 08:30:16 TP1] Load weight end. elapsed=2.32 s, type=DeepseekV2ForCausalLM, avail mem=172.39 GB, mem usage=3.78 GB.
[2026-08-05 08:30:16 TP5] Load weight end. elapsed=2.50 s, type=DeepseekV2ForCausalLM, avail mem=172.39 GB, mem usage=3.78 GB.
[2026-08-05 08:30:16 TP6] Load weight end. elapsed=2.64 s, type=DeepseekV2ForCausalLM, avail mem=172.39 GB, mem usage=3.78 GB.
[2026-08-05 08:30:16 TP4] KV Cache is allocated. dtype: torch.bfloat16, #tokens: 5038524, KV size: 145.96 GB
[2026-08-05 08:30:16 TP1] KV Cache is allocated. dtype: torch.bfloat16, #tokens: 5038524, KV size: 145.96 GB
[2026-08-05 08:30:16 TP4] Memory pool end. avail mem=23.87 GB
[2026-08-05 08:30:16 TP1] Memory pool end. avail mem=23.87 GB
[2026-08-05 08:30:16 TP3] KV Cache is allocated. dtype: torch.bfloat16, #tokens: 5038524, KV size: 145.96 GB
[2026-08-05 08:30:16 TP3] Memory pool end. avail mem=23.87 GB
[2026-08-05 08:30:16 TP7] KV Cache is allocated. dtype: torch.bfloat16, #tokens: 5038524, KV size: 145.96 GB
[2026-08-05 08:30:16 TP5] KV Cache is allocated. dtype: torch.bfloat16, #tokens: 5038524, KV size: 145.96 GB
[2026-08-05 08:30:16 TP7] Memory pool end. avail mem=24.19 GB
[2026-08-05 08:30:16 TP5] Memory pool end. avail mem=23.87 GB
[2026-08-05 08:30:16 TP6] KV Cache is allocated. dtype: torch.bfloat16, #tokens: 5038524, KV size: 145.96 GB
[2026-08-05 08:30:16 TP6] Memory pool end. avail mem=23.87 GB
[2026-08-05 08:30:16 TP0] KV Cache is allocated. dtype: torch.bfloat16, #tokens: 5038524, KV size: 145.96 GB
[2026-08-05 08:30:16 TP2] KV Cache is allocated. dtype: torch.bfloat16, #tokens: 5038524, KV size: 145.96 GB
[2026-08-05 08:30:16 TP2] Memory pool end. avail mem=23.87 GB
[2026-08-05 08:30:16 TP0] Memory pool end. avail mem=23.94 GB
[2026-08-05 08:30:16 TP4] Disable prefill CUDA graph because cuda_graph_config resolved prefill.backend='disabled' (e.g. via --cuda-graph-backend-prefill=disabled or auto-disable rules).
[2026-08-05 08:30:16 TP1] Disable prefill CUDA graph because cuda_graph_config resolved prefill.backend='disabled' (e.g. via --cuda-graph-backend-prefill=disabled or auto-disable rules).
[2026-08-05 08:30:16 TP3] Disable prefill CUDA graph because cuda_graph_config resolved prefill.backend='disabled' (e.g. via --cuda-graph-backend-prefill=disabled or auto-disable rules).
[2026-08-05 08:30:16 TP0] Disable prefill CUDA graph because cuda_graph_config resolved prefill.backend='disabled' (e.g. via --cuda-graph-backend-prefill=disabled or auto-disable rules).
[2026-08-05 08:30:16 TP2] Disable prefill CUDA graph because cuda_graph_config resolved prefill.backend='disabled' (e.g. via --cuda-graph-backend-prefill=disabled or auto-disable rules).
[2026-08-05 08:30:16 TP5] Disable prefill CUDA graph because cuda_graph_config resolved prefill.backend='disabled' (e.g. via --cuda-graph-backend-prefill=disabled or auto-disable rules).
[2026-08-05 08:30:16 TP7] Disable prefill CUDA graph because cuda_graph_config resolved prefill.backend='disabled' (e.g. via --cuda-graph-backend-prefill=disabled or auto-disable rules).
[2026-08-05 08:30:16 TP6] Disable prefill CUDA graph because cuda_graph_config resolved prefill.backend='disabled' (e.g. via --cuda-graph-backend-prefill=disabled or auto-disable rules).
[2026-08-05 08:30:18 TP6] Fixing v5 tokenizer component mismatch for /media/ssd1/DeepSeek-V2-Lite: pre_tokenizer Metaspace -> Sequence, decoder Sequence -> ByteLevel
[2026-08-05 08:30:18 TP7] Fixing v5 tokenizer component mismatch for /media/ssd1/DeepSeek-V2-Lite: pre_tokenizer Metaspace -> Sequence, decoder Sequence -> ByteLevel
[2026-08-05 08:30:18 TP6] Restoring add_bos_token=True for /media/ssd1/DeepSeek-V2-Lite (was False after v5 loading)
[2026-08-05 08:30:18 TP7] Restoring add_bos_token=True for /media/ssd1/DeepSeek-V2-Lite (was False after v5 loading)
[2026-08-05 08:30:18 TP0] Fixing v5 tokenizer component mismatch for /media/ssd1/DeepSeek-V2-Lite: pre_tokenizer Metaspace -> Sequence, decoder Sequence -> ByteLevel
[2026-08-05 08:30:18 TP1] Fixing v5 tokenizer component mismatch for /media/ssd1/DeepSeek-V2-Lite: pre_tokenizer Metaspace -> Sequence, decoder Sequence -> ByteLevel
[2026-08-05 08:30:18 TP2] Fixing v5 tokenizer component mismatch for /media/ssd1/DeepSeek-V2-Lite: pre_tokenizer Metaspace -> Sequence, decoder Sequence -> ByteLevel
[2026-08-05 08:30:18 TP0] Restoring add_bos_token=True for /media/ssd1/DeepSeek-V2-Lite (was False after v5 loading)
/usr/local/lib/python3.12/dist-packages/torch/distributed/c10d_logger.py:83: UserWarning: barrier(): using the device under current context. You can specify `device_id` in `init_process_group` to mute this warning.
  return func(*args, **kwargs)
[rank0]:[W805 08:30:18.127167216 ProcessGroupNCCL.cpp:5188] Guessing device ID based on global rank. This can cause a hang if rank to GPU mapping is heterogeneous. You can specify device_id in init_process_group()
[2026-08-05 08:30:18 TP1] Restoring add_bos_token=True for /media/ssd1/DeepSeek-V2-Lite (was False after v5 loading)
[2026-08-05 08:30:18 TP2] Restoring add_bos_token=True for /media/ssd1/DeepSeek-V2-Lite (was False after v5 loading)
[2026-08-05 08:30:18 TP3] Fixing v5 tokenizer component mismatch for /media/ssd1/DeepSeek-V2-Lite: pre_tokenizer Metaspace -> Sequence, decoder Sequence -> ByteLevel
[2026-08-05 08:30:18 TP4] Fixing v5 tokenizer component mismatch for /media/ssd1/DeepSeek-V2-Lite: pre_tokenizer Metaspace -> Sequence, decoder Sequence -> ByteLevel
[2026-08-05 08:30:18 TP3] Restoring add_bos_token=True for /media/ssd1/DeepSeek-V2-Lite (was False after v5 loading)
[2026-08-05 08:30:18 TP4] Restoring add_bos_token=True for /media/ssd1/DeepSeek-V2-Lite (was False after v5 loading)
[2026-08-05 08:30:18 TP5] Fixing v5 tokenizer component mismatch for /media/ssd1/DeepSeek-V2-Lite: pre_tokenizer Metaspace -> Sequence, decoder Sequence -> ByteLevel
[2026-08-05 08:30:18 TP5] Restoring add_bos_token=True for /media/ssd1/DeepSeek-V2-Lite (was False after v5 loading)
[2026-08-05 08:30:25 TP0] Using default MoE kernel config. Performance might be sub-optimal! Config file not found at /sgl-workspace/sglang-src/python/sglang/srt/layers/moe/moe_runner/triton_utils/configs/triton_3_6_0/E=64,N=176,device_name=NVIDIA_B200.json, you can create them with https://github.com/sgl-project/sglang/tree/main/benchmark/kernels/fused_moe_triton
[2026-08-05 08:30:25 TP0] Using MoE kernel config with down_moe=False. Performance might be sub-optimal! Config file not found at /sgl-workspace/sglang-src/python/sglang/srt/layers/moe/moe_runner/triton_utils/configs/triton_3_6_0/E=64,N=176,device_name=NVIDIA_B200_down.json, you can create them with https://github.com/sgl-project/sglang/tree/main/benchmark/kernels/fused_moe_triton
[2026-08-05 08:30:25 TP2] Using default MoE kernel config. Performance might be sub-optimal! Config file not found at /sgl-workspace/sglang-src/python/sglang/srt/layers/moe/moe_runner/triton_utils/configs/triton_3_6_0/E=64,N=176,device_name=NVIDIA_B200.json, you can create them with https://github.com/sgl-project/sglang/tree/main/benchmark/kernels/fused_moe_triton
[2026-08-05 08:30:25 TP2] Using MoE kernel config with down_moe=False. Performance might be sub-optimal! Config file not found at /sgl-workspace/sglang-src/python/sglang/srt/layers/moe/moe_runner/triton_utils/configs/triton_3_6_0/E=64,N=176,device_name=NVIDIA_B200_down.json, you can create them with https://github.com/sgl-project/sglang/tree/main/benchmark/kernels/fused_moe_triton
[2026-08-05 08:30:25 TP5] Using default MoE kernel config. Performance might be sub-optimal! Config file not found at /sgl-workspace/sglang-src/python/sglang/srt/layers/moe/moe_runner/triton_utils/configs/triton_3_6_0/E=64,N=176,device_name=NVIDIA_B200.json, you can create them with https://github.com/sgl-project/sglang/tree/main/benchmark/kernels/fused_moe_triton
[2026-08-05 08:30:25 TP5] Using MoE kernel config with down_moe=False. Performance might be sub-optimal! Config file not found at /sgl-workspace/sglang-src/python/sglang/srt/layers/moe/moe_runner/triton_utils/configs/triton_3_6_0/E=64,N=176,device_name=NVIDIA_B200_down.json, you can create them with https://github.com/sgl-project/sglang/tree/main/benchmark/kernels/fused_moe_triton
[2026-08-05 08:30:25 TP7] Using default MoE kernel config. Performance might be sub-optimal! Config file not found at /sgl-workspace/sglang-src/python/sglang/srt/layers/moe/moe_runner/triton_utils/configs/triton_3_6_0/E=64,N=176,device_name=NVIDIA_B200.json, you can create them with https://github.com/sgl-project/sglang/tree/main/benchmark/kernels/fused_moe_triton
[2026-08-05 08:30:25 TP7] Using MoE kernel config with down_moe=False. Performance might be sub-optimal! Config file not found at /sgl-workspace/sglang-src/python/sglang/srt/layers/moe/moe_runner/triton_utils/configs/triton_3_6_0/E=64,N=176,device_name=NVIDIA_B200_down.json, you can create them with https://github.com/sgl-project/sglang/tree/main/benchmark/kernels/fused_moe_triton
[2026-08-05 08:30:25 TP3] Using default MoE kernel config. Performance might be sub-optimal! Config file not found at /sgl-workspace/sglang-src/python/sglang/srt/layers/moe/moe_runner/triton_utils/configs/triton_3_6_0/E=64,N=176,device_name=NVIDIA_B200.json, you can create them with https://github.com/sgl-project/sglang/tree/main/benchmark/kernels/fused_moe_triton
[2026-08-05 08:30:25 TP6] Using default MoE kernel config. Performance might be sub-optimal! Config file not found at /sgl-workspace/sglang-src/python/sglang/srt/layers/moe/moe_runner/triton_utils/configs/triton_3_6_0/E=64,N=176,device_name=NVIDIA_B200.json, you can create them with https://github.com/sgl-project/sglang/tree/main/benchmark/kernels/fused_moe_triton
[2026-08-05 08:30:25 TP3] Using MoE kernel config with down_moe=False. Performance might be sub-optimal! Config file not found at /sgl-workspace/sglang-src/python/sglang/srt/layers/moe/moe_runner/triton_utils/configs/triton_3_6_0/E=64,N=176,device_name=NVIDIA_B200_down.json, you can create them with https://github.com/sgl-project/sglang/tree/main/benchmark/kernels/fused_moe_triton
[2026-08-05 08:30:25 TP6] Using MoE kernel config with down_moe=False. Performance might be sub-optimal! Config file not found at /sgl-workspace/sglang-src/python/sglang/srt/layers/moe/moe_runner/triton_utils/configs/triton_3_6_0/E=64,N=176,device_name=NVIDIA_B200_down.json, you can create them with https://github.com/sgl-project/sglang/tree/main/benchmark/kernels/fused_moe_triton
[2026-08-05 08:30:25 TP1] Using default MoE kernel config. Performance might be sub-optimal! Config file not found at /sgl-workspace/sglang-src/python/sglang/srt/layers/moe/moe_runner/triton_utils/configs/triton_3_6_0/E=64,N=176,device_name=NVIDIA_B200.json, you can create them with https://github.com/sgl-project/sglang/tree/main/benchmark/kernels/fused_moe_triton
[2026-08-05 08:30:25 TP1] Using MoE kernel config with down_moe=False. Performance might be sub-optimal! Config file not found at /sgl-workspace/sglang-src/python/sglang/srt/layers/moe/moe_runner/triton_utils/configs/triton_3_6_0/E=64,N=176,device_name=NVIDIA_B200_down.json, you can create them with https://github.com/sgl-project/sglang/tree/main/benchmark/kernels/fused_moe_triton
[2026-08-05 08:30:25 TP4] Using default MoE kernel config. Performance might be sub-optimal! Config file not found at /sgl-workspace/sglang-src/python/sglang/srt/layers/moe/moe_runner/triton_utils/configs/triton_3_6_0/E=64,N=176,device_name=NVIDIA_B200.json, you can create them with https://github.com/sgl-project/sglang/tree/main/benchmark/kernels/fused_moe_triton
[2026-08-05 08:30:25 TP4] Using MoE kernel config with down_moe=False. Performance might be sub-optimal! Config file not found at /sgl-workspace/sglang-src/python/sglang/srt/layers/moe/moe_runner/triton_utils/configs/triton_3_6_0/E=64,N=176,device_name=NVIDIA_B200_down.json, you can create them with https://github.com/sgl-project/sglang/tree/main/benchmark/kernels/fused_moe_triton
/usr/local/lib/python3.12/dist-packages/torch/profiler/profiler.py:224: UserWarning: Warning: Profiler clears events at the end of each cycle.Only events from the current cycle will be reported.To keep events across cycles, set acc_events=True.
  _warn_once(
/usr/local/lib/python3.12/dist-packages/torch/profiler/profiler.py:224: UserWarning: Warning: Profiler clears events at the end of each cycle.Only events from the current cycle will be reported.To keep events across cycles, set acc_events=True.
  _warn_once(
/usr/local/lib/python3.12/dist-packages/torch/profiler/profiler.py:224: UserWarning: Warning: Profiler clears events at the end of each cycle.Only events from the current cycle will be reported.To keep events across cycles, set acc_events=True.
  _warn_once(
/usr/local/lib/python3.12/dist-packages/torch/profiler/profiler.py:224: UserWarning: Warning: Profiler clears events at the end of each cycle.Only events from the current cycle will be reported.To keep events across cycles, set acc_events=True.
  _warn_once(
/usr/local/lib/python3.12/dist-packages/torch/profiler/profiler.py:224: UserWarning: Warning: Profiler clears events at the end of each cycle.Only events from the current cycle will be reported.To keep events across cycles, set acc_events=True.
  _warn_once(
/usr/local/lib/python3.12/dist-packages/torch/profiler/profiler.py:224: UserWarning: Warning: Profiler clears events at the end of each cycle.Only events from the current cycle will be reported.To keep events across cycles, set acc_events=True.
  _warn_once(
/usr/local/lib/python3.12/dist-packages/torch/profiler/profiler.py:224: UserWarning: Warning: Profiler clears events at the end of each cycle.Only events from the current cycle will be reported.To keep events across cycles, set acc_events=True.
  _warn_once(
/usr/local/lib/python3.12/dist-packages/torch/profiler/profiler.py:224: UserWarning: Warning: Profiler clears events at the end of each cycle.Only events from the current cycle will be reported.To keep events across cycles, set acc_events=True.
  _warn_once(
-------------------------------------------------------  ------------  ------------  ------------  ------------  ------------  ------------  ------------  ------------  ------------  ------------  
                                                   Name    Self CPU %      Self CPU   CPU total %     CPU total  CPU time avg     Self CUDA   Self CUDA %    CUDA total  CUDA time avg    # of Calls  
-------------------------------------------------------  ------------  ------------  ------------  ------------  ------------  ------------  ------------  ------------  ------------  ------------  
void (anonymous namespace)::all_reduce_one_shot_push...         0.00%       0.000us         0.00%       0.000us       0.000us        2.418s        49.85%        2.418s     697.851us          3465  
kernel_cutlass_kernel_flashinfernormkernelsfused_add...         0.00%       0.000us         0.00%       0.000us       0.000us        2.188s        45.09%        2.188s     643.028us          3402  
void flashinfer::mla::BatchMLAPagedAttentionKernel<f...         0.00%       0.000us         0.00%       0.000us       0.000us      44.448ms         0.92%      44.448ms      26.131us          1701  
                                       fused_moe_kernel         0.00%       0.000us         0.00%       0.000us       0.000us      41.965ms         0.87%      41.965ms      12.810us          3276  
        nvjet_sm100_tst_32x64_64x16_4x1_v_bz_splitK_TNN         0.00%       0.000us         0.00%       0.000us       0.000us      21.728ms         0.45%      21.728ms       4.311us          5040  
                               _all_gather_kernel_inner         0.00%       0.000us         0.00%       0.000us       0.000us      17.364ms         0.36%      17.364ms     275.626us            63  
void cublasLt::splitKreduce_kernel<32, 16, int, floa...         0.00%       0.000us         0.00%       0.000us       0.000us      16.538ms         0.34%      16.538ms       3.281us          5040  
void at::native::sbtopk::gatherTopK<float, unsigned ...         0.00%       0.000us         0.00%       0.000us       0.000us      14.449ms         0.30%      14.449ms       4.411us          3276  
                nvjet_sm100_tst_64x8_64x16_4x2_h_bz_TNT         0.00%       0.000us         0.00%       0.000us       0.000us      11.738ms         0.24%      11.738ms       3.388us          3465  
void (anonymous namespace)::act_and_mul_kernel<__nv_...         0.00%       0.000us         0.00%       0.000us       0.000us      10.437ms         0.22%      10.437ms       3.186us          3276  
                nvjet_sm100_tst_8x64_64x16_4x1_v_bz_TNN         0.00%       0.000us         0.00%       0.000us       0.000us      10.415ms         0.21%      10.415ms       3.061us          3402  
        nvjet_sm100_tss_32x64_64x16_2x1_v_bz_splitK_TNN         0.00%       0.000us         0.00%       0.000us       0.000us       7.193ms         0.15%       7.193ms       4.391us          1638  
void moe_align_block_size_kernel<int>(int const*, in...         0.00%       0.000us         0.00%       0.000us       0.000us       5.044ms         0.10%       5.044ms       3.079us          1638  
void cublasLt::splitKreduce_kernel<32, 16, int, floa...         0.00%       0.000us         0.00%       0.000us       0.000us       4.726ms         0.10%       4.726ms       2.885us          1638  
triton_red_fused__softmax_exp_max_prepare_softmax_on...         0.00%       0.000us         0.00%       0.000us       0.000us       4.529ms         0.09%       4.529ms       2.765us          1638  
kernel_cutlass_kernel_flashinfernormkernelsrmsnormRM...         0.00%       0.000us         0.00%       0.000us       0.000us       4.400ms         0.09%       4.400ms       2.587us          1701  
triton_poi_fused__softmax__to_copy_arange_bitwise_no...         0.00%       0.000us         0.00%       0.000us       0.000us       4.363ms         0.09%       4.363ms       2.663us          1638  
void (anonymous namespace)::fused_rope_kernel<false,...         0.00%       0.000us         0.00%       0.000us       0.000us       4.093ms         0.08%       4.093ms       2.406us          1701  
void count_and_sort_expert_tokens_kernel<int>(int co...         0.00%       0.000us         0.00%       0.000us       0.000us       3.126ms         0.06%       3.126ms       1.908us          1638  
                            triton_poi_fused__to_copy_2         0.00%       0.000us         0.00%       0.000us       0.000us       3.041ms         0.06%       3.041ms       1.856us          1638  
                       triton_poi_fused_copy__mul_sum_0         0.00%       0.000us         0.00%       0.000us       0.000us       2.986ms         0.06%       2.986ms       1.823us          1638  
                               set_mla_kv_buffer_kernel         0.00%       0.000us         0.00%       0.000us       0.000us       2.949ms         0.06%       2.949ms       1.734us          1701  
void at::native::vectorized_elementwise_kernel<8, at...         0.00%       0.000us         0.00%       0.000us       0.000us       2.943ms         0.06%       2.943ms       1.797us          1638  
void at::native::reduce_kernel<512, 1, at::native::R...         0.00%       0.000us         0.00%       0.000us       0.000us       1.504ms         0.03%       1.504ms      23.869us            63  
                         Memcpy HtoD (Pinned -> Device)         0.00%       0.000us         0.00%       0.000us       0.000us     890.237us         0.02%     890.237us      14.131us            63  
              nvjet_sm100_tst_128x16_64x11_4x1_v_bz_TNT         0.00%       0.000us         0.00%       0.000us       0.000us     748.889us         0.02%     748.889us      11.887us            63  
                       Memcpy DtoH (Device -> Pageable)         0.00%       0.000us         0.00%       0.000us       0.000us     555.223us         0.01%     555.223us       2.938us           189  
void at::native::(anonymous namespace)::indexSelectS...         0.00%       0.000us         0.00%       0.000us       0.000us     410.051us         0.01%     410.051us       6.509us            63  
void at::native::unrolled_elementwise_kernel<at::nat...         0.00%       0.000us         0.00%       0.000us       0.000us     387.233us         0.01%     387.233us       6.147us            63  
void at::native::unrolled_elementwise_kernel<at::nat...         0.00%       0.000us         0.00%       0.000us       0.000us     351.871us         0.01%     351.871us       1.862us           189  
void at::native::elementwise_kernel<128, 4, at::nati...         0.00%       0.000us         0.00%       0.000us       0.000us     218.876us         0.00%     218.876us       3.474us            63  
void at::native::index_elementwise_kernel<128, 4, at...         0.00%       0.000us         0.00%       0.000us       0.000us     205.632us         0.00%     205.632us       3.264us            63  
void at::native::elementwise_kernel<128, 4, at::nati...         0.00%       0.000us         0.00%       0.000us       0.000us     200.313us         0.00%     200.313us       3.180us            63  
                    create_flashinfer_kv_indices_triton         0.00%       0.000us         0.00%       0.000us       0.000us     193.756us         0.00%     193.756us       3.075us            63  
kernel_cutlass_kernel_flashinfernormkernelsrmsnormRM...         0.00%       0.000us         0.00%       0.000us       0.000us     185.697us         0.00%     185.697us       2.948us            63  
void at::native::elementwise_kernel<128, 4, at::nati...         0.00%       0.000us         0.00%       0.000us       0.000us     144.764us         0.00%     144.764us       2.298us            63  
void at_cuda_detail::cub::detail::scan::DeviceScanKe...         0.00%       0.000us         0.00%       0.000us       0.000us     130.334us         0.00%     130.334us       2.069us            63  
                         Memcpy DtoD (Device -> Device)         0.00%       0.000us         0.00%       0.000us       0.000us     121.283us         0.00%     121.283us       1.925us            63  
void at::native::(anonymous namespace)::multi_tensor...         0.00%       0.000us         0.00%       0.000us       0.000us     116.066us         0.00%     116.066us       1.842us            63  
void at::native::vectorized_elementwise_kernel<4, at...         0.00%       0.000us         0.00%       0.000us       0.000us     115.007us         0.00%     115.007us       1.826us            63  
void at::native::vectorized_elementwise_kernel<2, at...         0.00%       0.000us         0.00%       0.000us       0.000us     109.215us         0.00%     109.215us       1.734us            63  
void (anonymous namespace)::clamp_position_kernel<lo...         0.00%       0.000us         0.00%       0.000us       0.000us     100.286us         0.00%     100.286us       1.592us            63  
triton_poi_fused_add_bitwise_and_bitwise_not_bitwise...         0.00%       0.000us         0.00%       0.000us       0.000us      99.744us         0.00%      99.744us       1.583us            63  
void at::native::vectorized_elementwise_kernel<4, at...         0.00%       0.000us         0.00%       0.000us       0.000us      93.187us         0.00%      93.187us       1.479us            63  
void at_cuda_detail::cub::detail::scan::DeviceScanIn...         0.00%       0.000us         0.00%       0.000us       0.000us      88.350us         0.00%      88.350us       1.402us            63  
                                        cudaMemcpyAsync         1.24%       5.601ms         1.66%       7.517ms      23.864us       0.000us         0.00%       0.000us       0.000us           315  
                                Activity Buffer Request         2.36%      10.686ms         2.40%      10.842ms       1.807ms       0.000us         0.00%       0.000us       0.000us             6  
                                       cudaLaunchKernel        12.18%      55.105ms        12.99%      58.746ms       6.387us       0.000us         0.00%       0.000us       0.000us          9198  
                                    cudaLaunchKernelExC        26.11%     118.094ms        26.49%     119.831ms       5.889us       0.000us         0.00%       0.000us       0.000us         20349  
                                    cudaPeekAtLastError         0.01%      28.627us         0.01%      28.627us       0.114us       0.000us         0.00%       0.000us       0.000us           252  
cudaOccupancyMaxActiveBlocksPerMultiprocessorWithFla...         0.03%     136.899us         0.03%     136.899us       2.173us       0.000us         0.00%       0.000us       0.000us            63  
                                 cudaDeviceGetAttribute         0.34%       1.559ms         0.34%       1.559ms       0.854us       0.000us         0.00%       0.000us       0.000us          1827  
                                       cuLaunchKernelEx        22.78%     103.035ms        23.17%     104.774ms       5.600us       0.000us         0.00%       0.000us       0.000us         18711  
                                  cudaStreamIsCapturing         0.03%     120.592us         0.03%     120.592us       0.638us       0.000us         0.00%       0.000us       0.000us           189  
                                  cudaStreamSynchronize         0.15%     685.065us         0.15%     685.065us       3.625us       0.000us         0.00%       0.000us       0.000us           189  
                                         cuLaunchKernel         7.67%      34.674ms         7.67%      34.674ms       5.242us       0.000us         0.00%       0.000us       0.000us          6615  
                                   cudaFuncSetAttribute         1.03%       4.668ms         1.03%       4.668ms       2.744us       0.000us         0.00%       0.000us       0.000us          1701  
                            cudaLaunchCooperativeKernel         2.94%      13.300ms         2.94%      13.300ms       7.819us       0.000us         0.00%       0.000us       0.000us          1701  
                                  cudaDeviceSynchronize        22.99%     103.969ms        22.99%     103.969ms     825.154us       0.000us         0.00%       0.000us       0.000us           126  
                                           Buffer Flush         0.14%     625.081us         0.14%     625.081us     156.270us       0.000us         0.00%       0.000us       0.000us             4  
-------------------------------------------------------  ------------  ------------  ------------  ------------  ------------  ------------  ------------  ------------  ------------  ------------  
Self CPU time total: 452.287ms
Self CUDA time total: 4.851s
-------------------------------------------------------  ------------  ------------  ------------  ------------  ------------  ------------  ------------  ------------  ------------  ------------  
                                                   Name    Self CPU %      Self CPU   CPU total %     CPU total  CPU time avg     Self CUDA   Self CUDA %    CUDA total  CUDA time avg    # of Calls  
-------------------------------------------------------  ------------  ------------  ------------  ------------  ------------  ------------  ------------  ------------  ------------  ------------  
void (anonymous namespace)::all_reduce_one_shot_push...         0.00%       0.000us         0.00%       0.000us       0.000us        2.681s        49.78%        2.681s     773.645us          3465  
kernel_cutlass_kernel_flashinfernormkernelsfused_add...         0.00%       0.000us         0.00%       0.000us       0.000us        2.457s        45.63%        2.457s     722.290us          3402  
void flashinfer::mla::BatchMLAPagedAttentionKernel<f...         0.00%       0.000us         0.00%       0.000us       0.000us      44.260ms         0.82%      44.260ms      26.020us          1701  
                                       fused_moe_kernel         0.00%       0.000us         0.00%       0.000us       0.000us      42.191ms         0.78%      42.191ms      12.879us          3276  
        nvjet_sm100_tst_32x64_64x16_4x1_v_bz_splitK_TNN         0.00%       0.000us         0.00%       0.000us       0.000us      21.868ms         0.41%      21.868ms       4.339us          5040  
                               _all_gather_kernel_inner         0.00%       0.000us         0.00%       0.000us       0.000us      18.784ms         0.35%      18.784ms     298.164us            63  
void cublasLt::splitKreduce_kernel<32, 16, int, floa...         0.00%       0.000us         0.00%       0.000us       0.000us      16.843ms         0.31%      16.843ms       3.342us          5040  
void at::native::sbtopk::gatherTopK<float, unsigned ...         0.00%       0.000us         0.00%       0.000us       0.000us      14.492ms         0.27%      14.492ms       4.424us          3276  
                nvjet_sm100_tst_64x8_64x16_4x2_h_bz_TNT         0.00%       0.000us         0.00%       0.000us       0.000us      11.872ms         0.22%      11.872ms       3.426us          3465  
void (anonymous namespace)::act_and_mul_kernel<__nv_...         0.00%       0.000us         0.00%       0.000us       0.000us      10.454ms         0.19%      10.454ms       3.191us          3276  
                nvjet_sm100_tst_8x64_64x16_4x1_v_bz_TNN         0.00%       0.000us         0.00%       0.000us       0.000us      10.441ms         0.19%      10.441ms       3.069us          3402  
        nvjet_sm100_tss_32x64_64x16_2x1_v_bz_splitK_TNN         0.00%       0.000us         0.00%       0.000us       0.000us       7.171ms         0.13%       7.171ms       4.378us          1638  
void moe_align_block_size_kernel<int>(int const*, in...         0.00%       0.000us         0.00%       0.000us       0.000us       5.046ms         0.09%       5.046ms       3.080us          1638  
void cublasLt::splitKreduce_kernel<32, 16, int, floa...         0.00%       0.000us         0.00%       0.000us       0.000us       4.777ms         0.09%       4.777ms       2.916us          1638  
kernel_cutlass_kernel_flashinfernormkernelsrmsnormRM...         0.00%       0.000us         0.00%       0.000us       0.000us       4.538ms         0.08%       4.538ms       2.668us          1701  
triton_red_fused__softmax_exp_max_prepare_softmax_on...         0.00%       0.000us         0.00%       0.000us       0.000us       4.432ms         0.08%       4.432ms       2.706us          1638  
triton_poi_fused__softmax__to_copy_arange_bitwise_no...         0.00%       0.000us         0.00%       0.000us       0.000us       4.268ms         0.08%       4.268ms       2.606us          1638  
void (anonymous namespace)::fused_rope_kernel<false,...         0.00%       0.000us         0.00%       0.000us       0.000us       4.176ms         0.08%       4.176ms       2.455us          1701  
void count_and_sort_expert_tokens_kernel<int>(int co...         0.00%       0.000us         0.00%       0.000us       0.000us       3.121ms         0.06%       3.121ms       1.905us          1638  
                            triton_poi_fused__to_copy_2         0.00%       0.000us         0.00%       0.000us       0.000us       3.024ms         0.06%       3.024ms       1.846us          1638  
                               set_mla_kv_buffer_kernel         0.00%       0.000us         0.00%       0.000us       0.000us       2.979ms         0.06%       2.979ms       1.751us          1701  
                       triton_poi_fused_copy__mul_sum_0         0.00%       0.000us         0.00%       0.000us       0.000us       2.975ms         0.06%       2.975ms       1.816us          1638  
void at::native::vectorized_elementwise_kernel<8, at...         0.00%       0.000us         0.00%       0.000us       0.000us       2.932ms         0.05%       2.932ms       1.790us          1638  
void at::native::reduce_kernel<512, 1, at::native::R...         0.00%       0.000us         0.00%       0.000us       0.000us       1.506ms         0.03%       1.506ms      23.913us            63  
                         Memcpy HtoD (Pinned -> Device)         0.00%       0.000us         0.00%       0.000us       0.000us     889.399us         0.02%     889.399us      14.117us            63  
              nvjet_sm100_tst_128x16_64x11_4x1_v_bz_TNT         0.00%       0.000us         0.00%       0.000us       0.000us     736.765us         0.01%     736.765us      11.695us            63  
                       Memcpy DtoH (Device -> Pageable)         0.00%       0.000us         0.00%       0.000us       0.000us     572.034us         0.01%     572.034us       3.027us           189  
void at::native::(anonymous namespace)::indexSelectS...         0.00%       0.000us         0.00%       0.000us       0.000us     411.198us         0.01%     411.198us       6.527us            63  
void at::native::unrolled_elementwise_kernel<at::nat...         0.00%       0.000us         0.00%       0.000us       0.000us     386.145us         0.01%     386.145us       6.129us            63  
void at::native::unrolled_elementwise_kernel<at::nat...         0.00%       0.000us         0.00%       0.000us       0.000us     343.417us         0.01%     343.417us       1.817us           189  
void at::native::elementwise_kernel<128, 4, at::nati...         0.00%       0.000us         0.00%       0.000us       0.000us     223.364us         0.00%     223.364us       3.545us            63  
void at::native::index_elementwise_kernel<128, 4, at...         0.00%       0.000us         0.00%       0.000us       0.000us     205.121us         0.00%     205.121us       3.256us            63  
void at::native::elementwise_kernel<128, 4, at::nati...         0.00%       0.000us         0.00%       0.000us       0.000us     199.589us         0.00%     199.589us       3.168us            63  
kernel_cutlass_kernel_flashinfernormkernelsrmsnormRM...         0.00%       0.000us         0.00%       0.000us       0.000us     192.964us         0.00%     192.964us       3.063us            63  
                    create_flashinfer_kv_indices_triton         0.00%       0.000us         0.00%       0.000us       0.000us     187.584us         0.00%     187.584us       2.978us            63  
void at::native::elementwise_kernel<128, 4, at::nati...         0.00%       0.000us         0.00%       0.000us       0.000us     145.624us         0.00%     145.624us       2.311us            63  
void at_cuda_detail::cub::detail::scan::DeviceScanKe...         0.00%       0.000us         0.00%       0.000us       0.000us     130.310us         0.00%     130.310us       2.068us            63  
                         Memcpy DtoD (Device -> Device)         0.00%       0.000us         0.00%       0.000us       0.000us     121.148us         0.00%     121.148us       1.923us            63  
void at::native::vectorized_elementwise_kernel<4, at...         0.00%       0.000us         0.00%       0.000us       0.000us     114.847us         0.00%     114.847us       1.823us            63  
void at::native::(anonymous namespace)::multi_tensor...         0.00%       0.000us         0.00%       0.000us       0.000us     113.186us         0.00%     113.186us       1.797us            63  
void at::native::vectorized_elementwise_kernel<2, at...         0.00%       0.000us         0.00%       0.000us       0.000us     109.539us         0.00%     109.539us       1.739us            63  
void (anonymous namespace)::clamp_position_kernel<lo...         0.00%       0.000us         0.00%       0.000us       0.000us     100.417us         0.00%     100.417us       1.594us            63  
triton_poi_fused_add_bitwise_and_bitwise_not_bitwise...         0.00%       0.000us         0.00%       0.000us       0.000us      99.170us         0.00%      99.170us       1.574us            63  
void at::native::vectorized_elementwise_kernel<4, at...         0.00%       0.000us         0.00%       0.000us       0.000us      91.651us         0.00%      91.651us       1.455us            63  
void at_cuda_detail::cub::detail::scan::DeviceScanIn...         0.00%       0.000us         0.00%       0.000us       0.000us      87.940us         0.00%      87.940us       1.396us            63  
                                        cudaMemcpyAsync         1.15%       5.561ms         1.53%       7.414ms      23.538us       0.000us         0.00%       0.000us       0.000us           315  
                                Activity Buffer Request         2.26%      10.926ms         2.29%      11.071ms       1.845ms       0.000us         0.00%       0.000us       0.000us             6  
                                       cudaLaunchKernel        11.70%      56.669ms        12.48%      60.420ms       6.569us       0.000us         0.00%       0.000us       0.000us          9198  
                                    cudaLaunchKernelExC        24.16%     116.979ms        24.54%     118.832ms       5.840us       0.000us         0.00%       0.000us       0.000us         20349  
                                    cudaPeekAtLastError         0.01%      29.175us         0.01%      29.175us       0.116us       0.000us         0.00%       0.000us       0.000us           252  
cudaOccupancyMaxActiveBlocksPerMultiprocessorWithFla...         0.03%     138.908us         0.03%     138.908us       2.205us       0.000us         0.00%       0.000us       0.000us            63  
                                 cudaDeviceGetAttribute         0.36%       1.736ms         0.36%       1.736ms       0.950us       0.000us         0.00%       0.000us       0.000us          1827  
                                       cuLaunchKernelEx        21.19%     102.611ms        21.58%     104.510ms       5.585us       0.000us         0.00%       0.000us       0.000us         18711  
                                  cudaStreamIsCapturing         0.02%     116.674us         0.02%     116.674us       0.617us       0.000us         0.00%       0.000us       0.000us           189  
                                  cudaStreamSynchronize         0.14%     666.776us         0.14%     666.776us       3.528us       0.000us         0.00%       0.000us       0.000us           189  
                                         cuLaunchKernel         7.24%      35.041ms         7.24%      35.041ms       5.297us       0.000us         0.00%       0.000us       0.000us          6615  
                                   cudaFuncSetAttribute         0.98%       4.756ms         0.98%       4.756ms       2.796us       0.000us         0.00%       0.000us       0.000us          1701  
                            cudaLaunchCooperativeKernel         2.73%      13.216ms         2.73%      13.216ms       7.770us       0.000us         0.00%       0.000us       0.000us          1701  
                                  cudaDeviceSynchronize        27.91%     135.143ms        27.91%     135.143ms       1.073ms       0.000us         0.00%       0.000us       0.000us           126  
                                           Buffer Flush         0.14%     661.213us         0.14%     661.213us     165.303us       0.000us         0.00%       0.000us       0.000us             4  
-------------------------------------------------------  ------------  ------------  ------------  ------------  ------------  ------------  ------------  ------------  ------------  ------------  
Self CPU time total: 484.253ms
Self CUDA time total: 5.386s
-------------------------------------------------------  ------------  ------------  ------------  ------------  ------------  ------------  ------------  ------------  ------------  ------------  
                                                   Name    Self CPU %      Self CPU   CPU total %     CPU total  CPU time avg     Self CUDA   Self CUDA %    CUDA total  CUDA time avg    # of Calls  
-------------------------------------------------------  ------------  ------------  ------------  ------------  ------------  ------------  ------------  ------------  ------------  ------------  
void (anonymous namespace)::all_reduce_one_shot_push...         0.00%       0.000us         0.00%       0.000us       0.000us        1.623s        50.24%        1.623s     468.487us          3465  
kernel_cutlass_kernel_flashinfernormkernelsfused_add...         0.00%       0.000us         0.00%       0.000us       0.000us        1.375s        42.56%        1.375s     404.250us          3402  
void flashinfer::mla::BatchMLAPagedAttentionKernel<f...         0.00%       0.000us         0.00%       0.000us       0.000us      44.664ms         1.38%      44.664ms      26.257us          1701  
                                       fused_moe_kernel         0.00%       0.000us         0.00%       0.000us       0.000us      41.774ms         1.29%      41.774ms      12.752us          3276  
        nvjet_sm100_tst_32x64_64x16_4x1_v_bz_splitK_TNN         0.00%       0.000us         0.00%       0.000us       0.000us      21.261ms         0.66%      21.261ms       4.218us          5040  
void cublasLt::splitKreduce_kernel<32, 16, int, floa...         0.00%       0.000us         0.00%       0.000us       0.000us      14.884ms         0.46%      14.884ms       2.953us          5040  
void at::native::sbtopk::gatherTopK<float, unsigned ...         0.00%       0.000us         0.00%       0.000us       0.000us      14.208ms         0.44%      14.208ms       4.337us          3276  
                               _all_gather_kernel_inner         0.00%       0.000us         0.00%       0.000us       0.000us      13.750ms         0.43%      13.750ms     218.255us            63  
                nvjet_sm100_tst_64x8_64x16_4x2_h_bz_TNT         0.00%       0.000us         0.00%       0.000us       0.000us      11.404ms         0.35%      11.404ms       3.291us          3465  
                nvjet_sm100_tst_8x64_64x16_4x1_v_bz_TNN         0.00%       0.000us         0.00%       0.000us       0.000us      10.126ms         0.31%      10.126ms       2.976us          3402  
void (anonymous namespace)::act_and_mul_kernel<__nv_...         0.00%       0.000us         0.00%       0.000us       0.000us       9.424ms         0.29%       9.424ms       2.877us          3276  
        nvjet_sm100_tss_32x64_64x16_2x1_v_bz_splitK_TNN         0.00%       0.000us         0.00%       0.000us       0.000us       6.510ms         0.20%       6.510ms       3.975us          1638  
void moe_align_block_size_kernel<int>(int const*, in...         0.00%       0.000us         0.00%       0.000us       0.000us       4.684ms         0.14%       4.684ms       2.859us          1638  
triton_red_fused__softmax_exp_max_prepare_softmax_on...         0.00%       0.000us         0.00%       0.000us       0.000us       3.988ms         0.12%       3.988ms       2.434us          1638  
triton_poi_fused__softmax__to_copy_arange_bitwise_no...         0.00%       0.000us         0.00%       0.000us       0.000us       3.896ms         0.12%       3.896ms       2.379us          1638  
void cublasLt::splitKreduce_kernel<32, 16, int, floa...         0.00%       0.000us         0.00%       0.000us       0.000us       3.892ms         0.12%       3.892ms       2.376us          1638  
kernel_cutlass_kernel_flashinfernormkernelsrmsnormRM...         0.00%       0.000us         0.00%       0.000us       0.000us       3.794ms         0.12%       3.794ms       2.231us          1701  
void (anonymous namespace)::fused_rope_kernel<false,...         0.00%       0.000us         0.00%       0.000us       0.000us       3.495ms         0.11%       3.495ms       2.055us          1701  
                               set_mla_kv_buffer_kernel         0.00%       0.000us         0.00%       0.000us       0.000us       2.886ms         0.09%       2.886ms       1.697us          1701  
void at::native::vectorized_elementwise_kernel<8, at...         0.00%       0.000us         0.00%       0.000us       0.000us       2.884ms         0.09%       2.884ms       1.761us          1638  
                       triton_poi_fused_copy__mul_sum_0         0.00%       0.000us         0.00%       0.000us       0.000us       2.825ms         0.09%       2.825ms       1.725us          1638  
                            triton_poi_fused__to_copy_2         0.00%       0.000us         0.00%       0.000us       0.000us       2.678ms         0.08%       2.678ms       1.635us          1638  
void count_and_sort_expert_tokens_kernel<int>(int co...         0.00%       0.000us         0.00%       0.000us       0.000us       2.584ms         0.08%       2.584ms       1.578us          1638  
void at::native::reduce_kernel<512, 1, at::native::R...         0.00%       0.000us         0.00%       0.000us       0.000us       1.533ms         0.05%       1.533ms      24.340us            63  
                         Memcpy HtoD (Pinned -> Device)         0.00%       0.000us         0.00%       0.000us       0.000us     889.978us         0.03%     889.978us      14.127us            63  
              nvjet_sm100_tst_128x16_64x11_4x1_v_bz_TNT         0.00%       0.000us         0.00%       0.000us       0.000us     736.888us         0.02%     736.888us      11.697us            63  
                       Memcpy DtoH (Device -> Pageable)         0.00%       0.000us         0.00%       0.000us       0.000us     549.684us         0.02%     549.684us       2.908us           189  
void at::native::(anonymous namespace)::indexSelectS...         0.00%       0.000us         0.00%       0.000us       0.000us     409.307us         0.01%     409.307us       6.497us            63  
void at::native::unrolled_elementwise_kernel<at::nat...         0.00%       0.000us         0.00%       0.000us       0.000us     386.779us         0.01%     386.779us       6.139us            63  
void at::native::unrolled_elementwise_kernel<at::nat...         0.00%       0.000us         0.00%       0.000us       0.000us     297.594us         0.01%     297.594us       1.575us           189  
void at::native::elementwise_kernel<128, 4, at::nati...         0.00%       0.000us         0.00%       0.000us       0.000us     216.543us         0.01%     216.543us       3.437us            63  
void at::native::index_elementwise_kernel<128, 4, at...         0.00%       0.000us         0.00%       0.000us       0.000us     203.099us         0.01%     203.099us       3.224us            63  
void at::native::elementwise_kernel<128, 4, at::nati...         0.00%       0.000us         0.00%       0.000us       0.000us     198.394us         0.01%     198.394us       3.149us            63  
                    create_flashinfer_kv_indices_triton         0.00%       0.000us         0.00%       0.000us       0.000us     194.623us         0.01%     194.623us       3.089us            63  
kernel_cutlass_kernel_flashinfernormkernelsrmsnormRM...         0.00%       0.000us         0.00%       0.000us       0.000us     177.089us         0.01%     177.089us       2.811us            63  
void at::native::elementwise_kernel<128, 4, at::nati...         0.00%       0.000us         0.00%       0.000us       0.000us     144.993us         0.00%     144.993us       2.301us            63  
void at::native::vectorized_elementwise_kernel<4, at...         0.00%       0.000us         0.00%       0.000us       0.000us     121.184us         0.00%     121.184us       1.924us            63  
void at_cuda_detail::cub::detail::scan::DeviceScanKe...         0.00%       0.000us         0.00%       0.000us       0.000us     114.821us         0.00%     114.821us       1.823us            63  
void at::native::(anonymous namespace)::multi_tensor...         0.00%       0.000us         0.00%       0.000us       0.000us     100.161us         0.00%     100.161us       1.590us            63  
                         Memcpy DtoD (Device -> Device)         0.00%       0.000us         0.00%       0.000us       0.000us      98.620us         0.00%      98.620us       1.565us            63  
void at::native::vectorized_elementwise_kernel<2, at...         0.00%       0.000us         0.00%       0.000us       0.000us      93.212us         0.00%      93.212us       1.480us            63  
void (anonymous namespace)::clamp_position_kernel<lo...         0.00%       0.000us         0.00%       0.000us       0.000us      89.053us         0.00%      89.053us       1.414us            63  
triton_poi_fused_add_bitwise_and_bitwise_not_bitwise...         0.00%       0.000us         0.00%       0.000us       0.000us      87.337us         0.00%      87.337us       1.386us            63  
void at_cuda_detail::cub::detail::scan::DeviceScanIn...         0.00%       0.000us         0.00%       0.000us       0.000us      80.453us         0.00%      80.453us       1.277us            63  
void at::native::vectorized_elementwise_kernel<4, at...         0.00%       0.000us         0.00%       0.000us       0.000us      77.823us         0.00%      77.823us       1.235us            63  
                                        cudaMemcpyAsync         1.41%       5.747ms         1.88%       7.683ms      24.390us       0.000us         0.00%       0.000us       0.000us           315  
                                Activity Buffer Request         2.52%      10.278ms         2.55%      10.401ms       1.734ms       0.000us         0.00%       0.000us       0.000us             6  
                                       cudaLaunchKernel        14.06%      57.342ms        14.92%      60.885ms       6.619us       0.000us         0.00%       0.000us       0.000us          9198  
                                    cudaLaunchKernelExC        29.09%     118.693ms        29.52%     120.429ms       5.918us       0.000us         0.00%       0.000us       0.000us         20349  
                                    cudaPeekAtLastError         0.01%      31.434us         0.01%      31.434us       0.125us       0.000us         0.00%       0.000us       0.000us           252  
cudaOccupancyMaxActiveBlocksPerMultiprocessorWithFla...         0.04%     144.387us         0.04%     144.387us       2.292us       0.000us         0.00%       0.000us       0.000us            63  
                                 cudaDeviceGetAttribute         0.40%       1.643ms         0.40%       1.643ms       0.899us       0.000us         0.00%       0.000us       0.000us          1827  
                                       cuLaunchKernelEx        25.45%     103.838ms        25.88%     105.598ms       5.644us       0.000us         0.00%       0.000us       0.000us         18711  
                                  cudaStreamIsCapturing         0.03%     123.305us         0.03%     123.305us       0.652us       0.000us         0.00%       0.000us       0.000us           189  
                                  cudaStreamSynchronize         0.17%     686.905us         0.17%     686.905us       3.634us       0.000us         0.00%       0.000us       0.000us           189  
                                         cuLaunchKernel         8.73%      35.631ms         8.73%      35.631ms       5.386us       0.000us         0.00%       0.000us       0.000us          6615  
                                   cudaFuncSetAttribute         1.19%       4.862ms         1.19%       4.862ms       2.858us       0.000us         0.00%       0.000us       0.000us          1701  
                            cudaLaunchCooperativeKernel         3.22%      13.135ms         3.22%      13.135ms       7.722us       0.000us         0.00%       0.000us       0.000us          1701  
                                  cudaDeviceSynchronize        13.53%      55.187ms        13.53%      55.187ms     437.991us       0.000us         0.00%       0.000us       0.000us           126  
                                           Buffer Flush         0.15%     609.596us         0.15%     609.596us     152.399us       0.000us         0.00%       0.000us       0.000us             4  
-------------------------------------------------------  ------------  ------------  ------------  ------------  ------------  ------------  ------------  ------------  ------------  ------------  
Self CPU time total: 407.952ms
Self CUDA time total: 3.231s
max_total_num_tokens=5038524
Warmup is enabled separately for every workload point.
Benchmark ...
Warmup workload: batch_size=16, input_len=512, output_len=32
Prefill. latency: 5.52220 s, throughput:   1483.47 token/s
Decode 0. Batch size: 16, latency: 0.18859 s, throughput:     84.84 token/s
Decode 1. Batch size: 16, latency: 0.04955 s, throughput:    322.90 token/s
Decode 2. Batch size: 16, latency: 0.05012 s, throughput:    319.24 token/s
Decode 3. Batch size: 16, latency: 0.04842 s, throughput:    330.47 token/s
Decode 4. Batch size: 16, latency: 0.04970 s, throughput:    321.92 token/s
Decode.  median latency: 0.04955 s, median throughput:    322.90 token/s
Total. latency:  7.207 s, throughput:   1207.74 token/s
Prefill. latency: 0.06148 s, throughput: 133237.17 token/s
Decode 0. Batch size: 16, latency: 0.06565 s, throughput:    243.73 token/s
Decode 1. Batch size: 16, latency: 0.05926 s, throughput:    269.99 token/s
Decode 2. Batch size: 16, latency: 0.05889 s, throughput:    271.71 token/s
Decode 3. Batch size: 16, latency: 0.06270 s, throughput:    255.18 token/s
Decode 4. Batch size: 16, latency: 0.05929 s, throughput:    269.84 token/s
-------------------------------------------------------  ------------  ------------  ------------  ------------  ------------  ------------  ------------  ------------  ------------  ------------  
                                                   Name    Self CPU %      Self CPU   CPU total %     CPU total  CPU time avg     Self CUDA   Self CUDA %    CUDA total  CUDA time avg    # of Calls  
-------------------------------------------------------  ------------  ------------  ------------  ------------  ------------  ------------  ------------  ------------  ------------  ------------  
void (anonymous namespace)::all_reduce_one_shot_push...         0.00%       0.000us         0.00%       0.000us       0.000us        2.758s        49.55%        2.758s     795.832us          3465  
kernel_cutlass_kernel_flashinfernormkernelsfused_add...         0.00%       0.000us         0.00%       0.000us       0.000us        2.566s        46.10%        2.566s     754.143us          3402  
void flashinfer::mla::BatchMLAPagedAttentionKernel<f...         0.00%       0.000us         0.00%       0.000us       0.000us      44.235ms         0.79%      44.235ms      26.005us          1701  
                                       fused_moe_kernel         0.00%       0.000us         0.00%       0.000us       0.000us      41.870ms         0.75%      41.870ms      12.781us          3276  
        nvjet_sm100_tst_32x64_64x16_4x1_v_bz_splitK_TNN         0.00%       0.000us         0.00%       0.000us       0.000us      21.725ms         0.39%      21.725ms       4.310us          5040  
                               _all_gather_kernel_inner         0.00%       0.000us         0.00%       0.000us       0.000us      18.869ms         0.34%      18.869ms     299.506us            63  
void cublasLt::splitKreduce_kernel<32, 16, int, floa...         0.00%       0.000us         0.00%       0.000us       0.000us      16.580ms         0.30%      16.580ms       3.290us          5040  
void at::native::sbtopk::gatherTopK<float, unsigned ...         0.00%       0.000us         0.00%       0.000us       0.000us      14.332ms         0.26%      14.332ms       4.375us          3276  
                nvjet_sm100_tst_64x8_64x16_4x2_h_bz_TNT         0.00%       0.000us         0.00%       0.000us       0.000us      11.895ms         0.21%      11.895ms       3.433us          3465  
                nvjet_sm100_tst_8x64_64x16_4x1_v_bz_TNN         0.00%       0.000us         0.00%       0.000us       0.000us      10.255ms         0.18%      10.255ms       3.014us          3402  
void (anonymous namespace)::act_and_mul_kernel<__nv_...         0.00%       0.000us         0.00%       0.000us       0.000us       9.914ms         0.18%       9.914ms       3.026us          3276  
        nvjet_sm100_tss_32x64_64x16_2x1_v_bz_splitK_TNN         0.00%       0.000us         0.00%       0.000us       0.000us       6.857ms         0.12%       6.857ms       4.186us          1638  
void moe_align_block_size_kernel<int>(int const*, in...         0.00%       0.000us         0.00%       0.000us       0.000us       4.661ms         0.08%       4.661ms       2.845us          1638  
void cublasLt::splitKreduce_kernel<32, 16, int, floa...         0.00%       0.000us         0.00%       0.000us       0.000us       4.356ms         0.08%       4.356ms       2.660us          1638  
kernel_cutlass_kernel_flashinfernormkernelsrmsnormRM...         0.00%       0.000us         0.00%       0.000us       0.000us       4.278ms         0.08%       4.278ms       2.515us          1701  
triton_red_fused__softmax_exp_max_prepare_softmax_on...         0.00%       0.000us         0.00%       0.000us       0.000us       4.066ms         0.07%       4.066ms       2.482us          1638  
void (anonymous namespace)::fused_rope_kernel<false,...         0.00%       0.000us         0.00%       0.000us       0.000us       3.985ms         0.07%       3.985ms       2.343us          1701  
triton_poi_fused__softmax__to_copy_arange_bitwise_no...         0.00%       0.000us         0.00%       0.000us       0.000us       3.241ms         0.06%       3.241ms       1.978us          1638  
                               set_mla_kv_buffer_kernel         0.00%       0.000us         0.00%       0.000us       0.000us       2.918ms         0.05%       2.918ms       1.715us          1701  
void at::native::vectorized_elementwise_kernel<8, at...         0.00%       0.000us         0.00%       0.000us       0.000us       2.857ms         0.05%       2.857ms       1.744us          1638  
                       triton_poi_fused_copy__mul_sum_0         0.00%       0.000us         0.00%       0.000us       0.000us       2.829ms         0.05%       2.829ms       1.727us          1638  
void count_and_sort_expert_tokens_kernel<int>(int co...         0.00%       0.000us         0.00%       0.000us       0.000us       2.547ms         0.05%       2.547ms       1.555us          1638  
                            triton_poi_fused__to_copy_2         0.00%       0.000us         0.00%       0.000us       0.000us       2.473ms         0.04%       2.473ms       1.510us          1638  
void at::native::reduce_kernel<512, 1, at::native::R...         0.00%       0.000us         0.00%       0.000us       0.000us       1.545ms         0.03%       1.545ms      24.521us            63  
                         Memcpy HtoD (Pinned -> Device)         0.00%       0.000us         0.00%       0.000us       0.000us     897.687us         0.02%     897.687us      14.249us            63  
              nvjet_sm100_tst_128x16_64x11_4x1_v_bz_TNT         0.00%       0.000us         0.00%       0.000us       0.000us     738.748us         0.01%     738.748us      11.726us            63  
                       Memcpy DtoH (Device -> Pageable)         0.00%       0.000us         0.00%       0.000us       0.000us     575.491us         0.01%     575.491us       3.045us           189  
void at::native::(anonymous namespace)::indexSelectS...         0.00%       0.000us         0.00%       0.000us       0.000us     516.797us         0.01%     516.797us       8.203us            63  
void at::native::unrolled_elementwise_kernel<at::nat...         0.00%       0.000us         0.00%       0.000us       0.000us     383.779us         0.01%     383.779us       6.092us            63  
void at::native::unrolled_elementwise_kernel<at::nat...         0.00%       0.000us         0.00%       0.000us       0.000us     303.670us         0.01%     303.670us       1.607us           189  
void at::native::elementwise_kernel<128, 4, at::nati...         0.00%       0.000us         0.00%       0.000us       0.000us     226.818us         0.00%     226.818us       3.600us            63  
void at::native::elementwise_kernel<128, 4, at::nati...         0.00%       0.000us         0.00%       0.000us       0.000us     214.558us         0.00%     214.558us       3.406us            63  
void at::native::index_elementwise_kernel<128, 4, at...         0.00%       0.000us         0.00%       0.000us       0.000us     201.628us         0.00%     201.628us       3.200us            63  
void at::native::elementwise_kernel<128, 4, at::nati...         0.00%       0.000us         0.00%       0.000us       0.000us     198.208us         0.00%     198.208us       3.146us            63  
                    create_flashinfer_kv_indices_triton         0.00%       0.000us         0.00%       0.000us       0.000us     197.601us         0.00%     197.601us       3.137us            63  
kernel_cutlass_kernel_flashinfernormkernelsrmsnormRM...         0.00%       0.000us         0.00%       0.000us       0.000us     174.685us         0.00%     174.685us       2.773us            63  
void at::native::vectorized_elementwise_kernel<4, at...         0.00%       0.000us         0.00%       0.000us       0.000us     121.825us         0.00%     121.825us       1.934us            63  
void at_cuda_detail::cub::detail::scan::DeviceScanKe...         0.00%       0.000us         0.00%       0.000us       0.000us     114.433us         0.00%     114.433us       1.816us            63  
void at::native::(anonymous namespace)::multi_tensor...         0.00%       0.000us         0.00%       0.000us       0.000us      99.454us         0.00%      99.454us       1.579us            63  
                         Memcpy DtoD (Device -> Device)         0.00%       0.000us         0.00%       0.000us       0.000us      97.504us         0.00%      97.504us       1.548us            63  
void at::native::vectorized_elementwise_kernel<2, at...         0.00%       0.000us         0.00%       0.000us       0.000us      92.189us         0.00%      92.189us       1.463us            63  
void (anonymous namespace)::clamp_position_kernel<lo...         0.00%       0.000us         0.00%       0.000us       0.000us      88.095us         0.00%      88.095us       1.398us            63  
triton_poi_fused_add_bitwise_and_bitwise_not_bitwise...         0.00%       0.000us         0.00%       0.000us       0.000us      82.205us         0.00%      82.205us       1.305us            63  
void at_cuda_detail::cub::detail::scan::DeviceScanIn...         0.00%       0.000us         0.00%       0.000us       0.000us      81.471us         0.00%      81.471us       1.293us            63  
void at::native::vectorized_elementwise_kernel<4, at...         0.00%       0.000us         0.00%       0.000us       0.000us      76.802us         0.00%      76.802us       1.219us            63  
                                        cudaMemcpyAsync         1.15%       5.617ms         1.52%       7.452ms      23.656us       0.000us         0.00%       0.000us       0.000us           315  
                                Activity Buffer Request         2.14%      10.475ms         2.17%      10.609ms       1.768ms       0.000us         0.00%       0.000us       0.000us             6  
                                       cudaLaunchKernel        11.26%      55.126ms        12.01%      58.780ms       6.391us       0.000us         0.00%       0.000us       0.000us          9198  
                                    cudaLaunchKernelExC        23.25%     113.817ms        23.60%     115.530ms       5.677us       0.000us         0.00%       0.000us       0.000us         20349  
                                    cudaPeekAtLastError         0.01%      32.406us         0.01%      32.406us       0.129us       0.000us         0.00%       0.000us       0.000us           252  
cudaOccupancyMaxActiveBlocksPerMultiprocessorWithFla...         0.03%     135.129us         0.03%     135.129us       2.145us       0.000us         0.00%       0.000us       0.000us            63  
                                 cudaDeviceGetAttribute         0.31%       1.498ms         0.31%       1.498ms       0.820us       0.000us         0.00%       0.000us       0.000us          1827  
                                       cuLaunchKernelEx        20.68%     101.231ms        21.04%     102.995ms       5.504us       0.000us         0.00%       0.000us       0.000us         18711  
                                  cudaStreamIsCapturing         0.02%     113.006us         0.02%     113.006us       0.598us       0.000us         0.00%       0.000us       0.000us           189  
                                  cudaStreamSynchronize         0.14%     680.242us         0.14%     680.242us       3.599us       0.000us         0.00%       0.000us       0.000us           189  
                                         cuLaunchKernel         6.97%      34.102ms         6.97%      34.102ms       5.155us       0.000us         0.00%       0.000us       0.000us          6615  
                                   cudaFuncSetAttribute         0.94%       4.593ms         0.94%       4.593ms       2.700us       0.000us         0.00%       0.000us       0.000us          1701  
                            cudaLaunchCooperativeKernel         2.55%      12.472ms         2.55%      12.472ms       7.332us       0.000us         0.00%       0.000us       0.000us          1701  
                                  cudaDeviceSynchronize        30.43%     148.942ms        30.43%     148.942ms       1.182ms       0.000us         0.00%       0.000us       0.000us           126  
                                           Buffer Flush         0.13%     643.068us         0.13%     643.068us     160.767us       0.000us         0.00%       0.000us       0.000us             4  
-------------------------------------------------------  ------------  ------------  ------------  ------------  ------------  ------------  ------------  ------------  ------------  ------------  
Self CPU time total: 489.475ms
Self CUDA time total: 5.565s
-------------------------------------------------------  ------------  ------------  ------------  ------------  ------------  ------------  ------------  ------------  ------------  ------------  
                                                   Name    Self CPU %      Self CPU   CPU total %     CPU total  CPU time avg     Self CUDA   Self CUDA %    CUDA total  CUDA time avg    # of Calls  
-------------------------------------------------------  ------------  ------------  ------------  ------------  ------------  ------------  ------------  ------------  ------------  ------------  
void (anonymous namespace)::all_reduce_one_shot_push...         0.00%       0.000us         0.00%       0.000us       0.000us        1.777s        50.83%        1.777s     512.797us          3465  
kernel_cutlass_kernel_flashinfernormkernelsfused_add...         0.00%       0.000us         0.00%       0.000us       0.000us        1.485s        42.47%        1.485s     436.381us          3402  
void flashinfer::mla::BatchMLAPagedAttentionKernel<f...         0.00%       0.000us         0.00%       0.000us       0.000us      45.014ms         1.29%      45.014ms      26.463us          1701  
                                       fused_moe_kernel         0.00%       0.000us         0.00%       0.000us       0.000us      41.800ms         1.20%      41.800ms      12.759us          3276  
        nvjet_sm100_tst_32x64_64x16_4x1_v_bz_splitK_TNN         0.00%       0.000us         0.00%       0.000us       0.000us      21.340ms         0.61%      21.340ms       4.234us          5040  
                               _all_gather_kernel_inner         0.00%       0.000us         0.00%       0.000us       0.000us      15.556ms         0.45%      15.556ms     246.915us            63  
void cublasLt::splitKreduce_kernel<32, 16, int, floa...         0.00%       0.000us         0.00%       0.000us       0.000us      15.480ms         0.44%      15.480ms       3.071us          5040  
void at::native::sbtopk::gatherTopK<float, unsigned ...         0.00%       0.000us         0.00%       0.000us       0.000us      14.192ms         0.41%      14.192ms       4.332us          3276  
                nvjet_sm100_tst_64x8_64x16_4x2_h_bz_TNT         0.00%       0.000us         0.00%       0.000us       0.000us      11.422ms         0.33%      11.422ms       3.296us          3465  
                nvjet_sm100_tst_8x64_64x16_4x1_v_bz_TNN         0.00%       0.000us         0.00%       0.000us       0.000us      10.115ms         0.29%      10.115ms       2.973us          3402  
void (anonymous namespace)::act_and_mul_kernel<__nv_...         0.00%       0.000us         0.00%       0.000us       0.000us       9.415ms         0.27%       9.415ms       2.874us          3276  
        nvjet_sm100_tss_32x64_64x16_2x1_v_bz_splitK_TNN         0.00%       0.000us         0.00%       0.000us       0.000us       6.527ms         0.19%       6.527ms       3.985us          1638  
void moe_align_block_size_kernel<int>(int const*, in...         0.00%       0.000us         0.00%       0.000us       0.000us       4.607ms         0.13%       4.607ms       2.813us          1638  
triton_red_fused__softmax_exp_max_prepare_softmax_on...         0.00%       0.000us         0.00%       0.000us       0.000us       3.926ms         0.11%       3.926ms       2.397us          1638  
void cublasLt::splitKreduce_kernel<32, 16, int, floa...         0.00%       0.000us         0.00%       0.000us       0.000us       3.892ms         0.11%       3.892ms       2.376us          1638  
kernel_cutlass_kernel_flashinfernormkernelsrmsnormRM...         0.00%       0.000us         0.00%       0.000us       0.000us       3.871ms         0.11%       3.871ms       2.276us          1701  
void (anonymous namespace)::fused_rope_kernel<false,...         0.00%       0.000us         0.00%       0.000us       0.000us       3.518ms         0.10%       3.518ms       2.068us          1701  
triton_poi_fused__softmax__to_copy_arange_bitwise_no...         0.00%       0.000us         0.00%       0.000us       0.000us       3.182ms         0.09%       3.182ms       1.943us          1638  
void at::native::vectorized_elementwise_kernel<8, at...         0.00%       0.000us         0.00%       0.000us       0.000us       2.885ms         0.08%       2.885ms       1.761us          1638  
                               set_mla_kv_buffer_kernel         0.00%       0.000us         0.00%       0.000us       0.000us       2.821ms         0.08%       2.821ms       1.659us          1701  
                       triton_poi_fused_copy__mul_sum_0         0.00%       0.000us         0.00%       0.000us       0.000us       2.800ms         0.08%       2.800ms       1.710us          1638  
void count_and_sort_expert_tokens_kernel<int>(int co...         0.00%       0.000us         0.00%       0.000us       0.000us       2.477ms         0.07%       2.477ms       1.512us          1638  
                            triton_poi_fused__to_copy_2         0.00%       0.000us         0.00%       0.000us       0.000us       2.420ms         0.07%       2.420ms       1.477us          1638  
void at::native::reduce_kernel<512, 1, at::native::R...         0.00%       0.000us         0.00%       0.000us       0.000us       1.515ms         0.04%       1.515ms      24.042us            63  
                         Memcpy HtoD (Pinned -> Device)         0.00%       0.000us         0.00%       0.000us       0.000us     899.936us         0.03%     899.936us      14.285us            63  
              nvjet_sm100_tst_128x16_64x11_4x1_v_bz_TNT         0.00%       0.000us         0.00%       0.000us       0.000us     745.951us         0.02%     745.951us      11.840us            63  
                       Memcpy DtoH (Device -> Pageable)         0.00%       0.000us         0.00%       0.000us       0.000us     581.178us         0.02%     581.178us       3.075us           189  
void at::native::(anonymous namespace)::indexSelectS...         0.00%       0.000us         0.00%       0.000us       0.000us     409.630us         0.01%     409.630us       6.502us            63  
void at::native::unrolled_elementwise_kernel<at::nat...         0.00%       0.000us         0.00%       0.000us       0.000us     385.053us         0.01%     385.053us       6.112us            63  
void at::native::unrolled_elementwise_kernel<at::nat...         0.00%       0.000us         0.00%       0.000us       0.000us     290.434us         0.01%     290.434us       1.537us           189  
void at::native::elementwise_kernel<128, 4, at::nati...         0.00%       0.000us         0.00%       0.000us       0.000us     212.160us         0.01%     212.160us       3.368us            63  
void at::native::index_elementwise_kernel<128, 4, at...         0.00%       0.000us         0.00%       0.000us       0.000us     199.072us         0.01%     199.072us       3.160us            63  
void at::native::elementwise_kernel<128, 4, at::nati...         0.00%       0.000us         0.00%       0.000us       0.000us     195.809us         0.01%     195.809us       3.108us            63  
                    create_flashinfer_kv_indices_triton         0.00%       0.000us         0.00%       0.000us       0.000us     193.631us         0.01%     193.631us       3.074us            63  
kernel_cutlass_kernel_flashinfernormkernelsrmsnormRM...         0.00%       0.000us         0.00%       0.000us       0.000us     160.096us         0.00%     160.096us       2.541us            63  
void at::native::elementwise_kernel<128, 4, at::nati...         0.00%       0.000us         0.00%       0.000us       0.000us     142.912us         0.00%     142.912us       2.268us            63  
void at::native::vectorized_elementwise_kernel<4, at...         0.00%       0.000us         0.00%       0.000us       0.000us     119.839us         0.00%     119.839us       1.902us            63  
void at_cuda_detail::cub::detail::scan::DeviceScanKe...         0.00%       0.000us         0.00%       0.000us       0.000us     109.215us         0.00%     109.215us       1.734us            63  
void at::native::(anonymous namespace)::multi_tensor...         0.00%       0.000us         0.00%       0.000us       0.000us      96.863us         0.00%      96.863us       1.538us            63  
                         Memcpy DtoD (Device -> Device)         0.00%       0.000us         0.00%       0.000us       0.000us      94.397us         0.00%      94.397us       1.498us            63  
void at::native::vectorized_elementwise_kernel<2, at...         0.00%       0.000us         0.00%       0.000us       0.000us      89.945us         0.00%      89.945us       1.428us            63  
triton_poi_fused_add_bitwise_and_bitwise_not_bitwise...         0.00%       0.000us         0.00%       0.000us       0.000us      84.865us         0.00%      84.865us       1.347us            63  
void (anonymous namespace)::clamp_position_kernel<lo...         0.00%       0.000us         0.00%       0.000us       0.000us      83.778us         0.00%      83.778us       1.330us            63  
void at_cuda_detail::cub::detail::scan::DeviceScanIn...         0.00%       0.000us         0.00%       0.000us       0.000us      77.957us         0.00%      77.957us       1.237us            63  
void at::native::vectorized_elementwise_kernel<4, at...         0.00%       0.000us         0.00%       0.000us       0.000us      75.774us         0.00%      75.774us       1.203us            63  
                                        cudaMemcpyAsync         1.32%       5.644ms         1.79%       7.640ms      24.254us       0.000us         0.00%       0.000us       0.000us           315  
                                Activity Buffer Request         2.33%       9.968ms         2.34%      10.036ms       1.673ms       0.000us         0.00%       0.000us       0.000us             6  
                                       cudaLaunchKernel        13.32%      57.015ms        14.16%      60.603ms       6.589us       0.000us         0.00%       0.000us       0.000us          9198  
                                    cudaLaunchKernelExC        27.91%     119.445ms        28.31%     121.171ms       5.955us       0.000us         0.00%       0.000us       0.000us         20349  
                                    cudaPeekAtLastError         0.01%      30.364us         0.01%      30.364us       0.120us       0.000us         0.00%       0.000us       0.000us           252  
cudaOccupancyMaxActiveBlocksPerMultiprocessorWithFla...         0.03%     146.430us         0.03%     146.430us       2.324us       0.000us         0.00%       0.000us       0.000us            63  
                                 cudaDeviceGetAttribute         0.40%       1.696ms         0.40%       1.696ms       0.928us       0.000us         0.00%       0.000us       0.000us          1827  
                                       cuLaunchKernelEx        24.44%     104.612ms        24.85%     106.352ms       5.684us       0.000us         0.00%       0.000us       0.000us         18711  
                                  cudaStreamIsCapturing         0.03%     121.849us         0.03%     121.849us       0.645us       0.000us         0.00%       0.000us       0.000us           189  
                                  cudaStreamSynchronize         0.17%     723.504us         0.17%     723.504us       3.828us       0.000us         0.00%       0.000us       0.000us           189  
                                         cuLaunchKernel         8.38%      35.855ms         8.38%      35.855ms       5.420us       0.000us         0.00%       0.000us       0.000us          6615  
                                   cudaFuncSetAttribute         1.13%       4.837ms         1.13%       4.837ms       2.843us       0.000us         0.00%       0.000us       0.000us          1701  
                            cudaLaunchCooperativeKernel         3.14%      13.437ms         3.14%      13.437ms       7.899us       0.000us         0.00%       0.000us       0.000us          1701  
                                  cudaDeviceSynchronize        17.24%      73.791ms        17.24%      73.791ms     585.639us       0.000us         0.00%       0.000us       0.000us           126  
                                           Buffer Flush         0.15%     653.857us         0.15%     653.857us     163.464us       0.000us         0.00%       0.000us       0.000us             4  
-------------------------------------------------------  ------------  ------------  ------------  ------------  ------------  ------------  ------------  ------------  ------------  ------------  
Self CPU time total: 427.976ms
Self CUDA time total: 3.495s
-------------------------------------------------------  ------------  ------------  ------------  ------------  ------------  ------------  ------------  ------------  ------------  ------------  
                                                   Name    Self CPU %      Self CPU   CPU total %     CPU total  CPU time avg     Self CUDA   Self CUDA %    CUDA total  CUDA time avg    # of Calls  
-------------------------------------------------------  ------------  ------------  ------------  ------------  ------------  ------------  ------------  ------------  ------------  ------------  
void (anonymous namespace)::all_reduce_one_shot_push...         0.00%       0.000us         0.00%       0.000us       0.000us        1.376s        49.59%        1.376s     397.037us          3465  
kernel_cutlass_kernel_flashinfernormkernelsfused_add...         0.00%       0.000us         0.00%       0.000us       0.000us        1.165s        41.99%        1.165s     342.426us          3402  
void flashinfer::mla::BatchMLAPagedAttentionKernel<f...         0.00%       0.000us         0.00%       0.000us       0.000us      44.565ms         1.61%      44.565ms      26.199us          1701  
                                       fused_moe_kernel         0.00%       0.000us         0.00%       0.000us       0.000us      41.928ms         1.51%      41.928ms      12.799us          3276  
        nvjet_sm100_tst_32x64_64x16_4x1_v_bz_splitK_TNN         0.00%       0.000us         0.00%       0.000us       0.000us      21.214ms         0.76%      21.214ms       4.209us          5040  
void cublasLt::splitKreduce_kernel<32, 16, int, floa...         0.00%       0.000us         0.00%       0.000us       0.000us      15.051ms         0.54%      15.051ms       2.986us          5040  
void at::native::sbtopk::gatherTopK<float, unsigned ...         0.00%       0.000us         0.00%       0.000us       0.000us      14.466ms         0.52%      14.466ms       4.416us          3276  
                               _all_gather_kernel_inner         0.00%       0.000us         0.00%       0.000us       0.000us      11.771ms         0.42%      11.771ms     186.838us            63  
                nvjet_sm100_tst_64x8_64x16_4x2_h_bz_TNT         0.00%       0.000us         0.00%       0.000us       0.000us      11.398ms         0.41%      11.398ms       3.289us          3465  
                nvjet_sm100_tst_8x64_64x16_4x1_v_bz_TNN         0.00%       0.000us         0.00%       0.000us       0.000us      10.303ms         0.37%      10.303ms       3.029us          3402  
void (anonymous namespace)::act_and_mul_kernel<__nv_...         0.00%       0.000us         0.00%       0.000us       0.000us       9.915ms         0.36%       9.915ms       3.027us          3276  
        nvjet_sm100_tss_32x64_64x16_2x1_v_bz_splitK_TNN         0.00%       0.000us         0.00%       0.000us       0.000us       6.809ms         0.25%       6.809ms       4.157us          1638  
void moe_align_block_size_kernel<int>(int const*, in...         0.00%       0.000us         0.00%       0.000us       0.000us       5.047ms         0.18%       5.047ms       3.081us          1638  
triton_red_fused__softmax_exp_max_prepare_softmax_on...         0.00%       0.000us         0.00%       0.000us       0.000us       4.368ms         0.16%       4.368ms       2.667us          1638  
void cublasLt::splitKreduce_kernel<32, 16, int, floa...         0.00%       0.000us         0.00%       0.000us       0.000us       4.261ms         0.15%       4.261ms       2.601us          1638  
kernel_cutlass_kernel_flashinfernormkernelsrmsnormRM...         0.00%       0.000us         0.00%       0.000us       0.000us       4.064ms         0.15%       4.064ms       2.389us          1701  
void (anonymous namespace)::fused_rope_kernel<false,...         0.00%       0.000us         0.00%       0.000us       0.000us       3.833ms         0.14%       3.833ms       2.253us          1701  
void count_and_sort_expert_tokens_kernel<int>(int co...         0.00%       0.000us         0.00%       0.000us       0.000us       3.125ms         0.11%       3.125ms       1.908us          1638  
void at::native::vectorized_elementwise_kernel<8, at...         0.00%       0.000us         0.00%       0.000us       0.000us       2.933ms         0.11%       2.933ms       1.790us          1638  
                               set_mla_kv_buffer_kernel         0.00%       0.000us         0.00%       0.000us       0.000us       2.929ms         0.11%       2.929ms       1.722us          1701  
                            triton_poi_fused__to_copy_2         0.00%       0.000us         0.00%       0.000us       0.000us       2.876ms         0.10%       2.876ms       1.756us          1638  
                       triton_poi_fused_copy__mul_sum_0         0.00%       0.000us         0.00%       0.000us       0.000us       2.839ms         0.10%       2.839ms       1.733us          1638  
triton_poi_fused__softmax__to_copy_arange_bitwise_no...         0.00%       0.000us         0.00%       0.000us       0.000us       2.739ms         0.10%       2.739ms       1.672us          1638  
void at::native::reduce_kernel<512, 1, at::native::R...         0.00%       0.000us         0.00%       0.000us       0.000us       1.510ms         0.05%       1.510ms      23.971us            63  
                         Memcpy HtoD (Pinned -> Device)         0.00%       0.000us         0.00%       0.000us       0.000us     902.392us         0.03%     902.392us      14.324us            63  
              nvjet_sm100_tst_128x16_64x11_4x1_v_bz_TNT         0.00%       0.000us         0.00%       0.000us       0.000us     734.715us         0.03%     734.715us      11.662us            63  
                       Memcpy DtoH (Device -> Pageable)         0.00%       0.000us         0.00%       0.000us       0.000us     606.779us         0.02%     606.779us       3.210us           189  
void at::native::(anonymous namespace)::indexSelectS...         0.00%       0.000us         0.00%       0.000us       0.000us     410.815us         0.01%     410.815us       6.521us            63  
void at::native::unrolled_elementwise_kernel<at::nat...         0.00%       0.000us         0.00%       0.000us       0.000us     385.986us         0.01%     385.986us       6.127us            63  
void at::native::unrolled_elementwise_kernel<at::nat...         0.00%       0.000us         0.00%       0.000us       0.000us     341.797us         0.01%     341.797us       1.808us           189  
void at::native::elementwise_kernel<128, 4, at::nati...         0.00%       0.000us         0.00%       0.000us       0.000us     218.559us         0.01%     218.559us       3.469us            63  
void at::native::index_elementwise_kernel<128, 4, at...         0.00%       0.000us         0.00%       0.000us       0.000us     203.296us         0.01%     203.296us       3.227us            63  
void at::native::elementwise_kernel<128, 4, at::nati...         0.00%       0.000us         0.00%       0.000us       0.000us     200.608us         0.01%     200.608us       3.184us            63  
kernel_cutlass_kernel_flashinfernormkernelsrmsnormRM...         0.00%       0.000us         0.00%       0.000us       0.000us     193.570us         0.01%     193.570us       3.073us            63  
                    create_flashinfer_kv_indices_triton         0.00%       0.000us         0.00%       0.000us       0.000us     187.072us         0.01%     187.072us       2.969us            63  
void at::native::elementwise_kernel<128, 4, at::nati...         0.00%       0.000us         0.00%       0.000us       0.000us     146.013us         0.01%     146.013us       2.318us            63  
void at_cuda_detail::cub::detail::scan::DeviceScanKe...         0.00%       0.000us         0.00%       0.000us       0.000us     130.463us         0.00%     130.463us       2.071us            63  
                         Memcpy DtoD (Device -> Device)         0.00%       0.000us         0.00%       0.000us       0.000us     121.566us         0.00%     121.566us       1.930us            63  
void at::native::vectorized_elementwise_kernel<4, at...         0.00%       0.000us         0.00%       0.000us       0.000us     115.522us         0.00%     115.522us       1.834us            63  
void at::native::(anonymous namespace)::multi_tensor...         0.00%       0.000us         0.00%       0.000us       0.000us     113.247us         0.00%     113.247us       1.798us            63  
void at::native::vectorized_elementwise_kernel<2, at...         0.00%       0.000us         0.00%       0.000us       0.000us     109.348us         0.00%     109.348us       1.736us            63  
void (anonymous namespace)::clamp_position_kernel<lo...         0.00%       0.000us         0.00%       0.000us       0.000us     100.127us         0.00%     100.127us       1.589us            63  
triton_poi_fused_add_bitwise_and_bitwise_not_bitwise...         0.00%       0.000us         0.00%       0.000us       0.000us      99.581us         0.00%      99.581us       1.581us            63  
void at::native::vectorized_elementwise_kernel<4, at...         0.00%       0.000us         0.00%       0.000us       0.000us      92.288us         0.00%      92.288us       1.465us            63  
void at_cuda_detail::cub::detail::scan::DeviceScanIn...         0.00%       0.000us         0.00%       0.000us       0.000us      88.321us         0.00%      88.321us       1.402us            63  
                                        cudaMemcpyAsync         1.42%       5.927ms         1.83%       7.641ms      24.256us       0.000us         0.00%       0.000us       0.000us           315  
                                Activity Buffer Request         2.40%      10.017ms         2.43%      10.132ms       1.689ms       0.000us         0.00%       0.000us       0.000us             6  
                                       cudaLaunchKernel        14.15%      59.031ms        15.01%      62.628ms       6.809us       0.000us         0.00%       0.000us       0.000us          9198  
                                    cudaLaunchKernelExC        29.48%     123.005ms        29.90%     124.749ms       6.130us       0.000us         0.00%       0.000us       0.000us         20349  
                                    cudaPeekAtLastError         0.01%      30.877us         0.01%      30.877us       0.123us       0.000us         0.00%       0.000us       0.000us           252  
cudaOccupancyMaxActiveBlocksPerMultiprocessorWithFla...         0.03%     144.307us         0.03%     144.307us       2.291us       0.000us         0.00%       0.000us       0.000us            63  
                                 cudaDeviceGetAttribute         0.41%       1.704ms         0.41%       1.704ms       0.933us       0.000us         0.00%       0.000us       0.000us          1827  
                                       cuLaunchKernelEx        25.29%     105.528ms        25.70%     107.249ms       5.732us       0.000us         0.00%       0.000us       0.000us         18711  
                                  cudaStreamIsCapturing         0.03%     112.406us         0.03%     112.406us       0.595us       0.000us         0.00%       0.000us       0.000us           189  
                                  cudaStreamSynchronize         0.17%     708.447us         0.17%     708.447us       3.748us       0.000us         0.00%       0.000us       0.000us           189  
                                         cuLaunchKernel         8.74%      36.471ms         8.74%      36.471ms       5.513us       0.000us         0.00%       0.000us       0.000us          6615  
                                   cudaFuncSetAttribute         1.25%       5.219ms         1.25%       5.219ms       3.068us       0.000us         0.00%       0.000us       0.000us          1701  
                            cudaLaunchCooperativeKernel         3.25%      13.547ms         3.25%      13.547ms       7.964us       0.000us         0.00%       0.000us       0.000us          1701  
                                  cudaDeviceSynchronize        13.23%      55.185ms        13.23%      55.185ms     437.976us       0.000us         0.00%       0.000us       0.000us           126  
                                           Buffer Flush         0.15%     620.435us         0.15%     620.435us     155.109us       0.000us         0.00%       0.000us       0.000us             4  
-------------------------------------------------------  ------------  ------------  ------------  ------------  ------------  ------------  ------------  ------------  ------------  ------------  
Self CPU time total: 417.250ms
Self CUDA time total: 2.774s
-------------------------------------------------------  ------------  ------------  ------------  ------------  ------------  ------------  ------------  ------------  ------------  ------------  
                                                   Name    Self CPU %      Self CPU   CPU total %     CPU total  CPU time avg     Self CUDA   Self CUDA %    CUDA total  CUDA time avg    # of Calls  
-------------------------------------------------------  ------------  ------------  ------------  ------------  ------------  ------------  ------------  ------------  ------------  ------------  
void (anonymous namespace)::all_reduce_one_shot_push...         0.00%       0.000us         0.00%       0.000us       0.000us        2.621s        49.55%        2.621s     756.389us          3465  
kernel_cutlass_kernel_flashinfernormkernelsfused_add...         0.00%       0.000us         0.00%       0.000us       0.000us        2.428s        45.90%        2.428s     713.574us          3402  
void flashinfer::mla::BatchMLAPagedAttentionKernel<f...         0.00%       0.000us         0.00%       0.000us       0.000us      45.129ms         0.85%      45.129ms      26.531us          1701  
                                       fused_moe_kernel         0.00%       0.000us         0.00%       0.000us       0.000us      41.827ms         0.79%      41.827ms      12.768us          3276  
        nvjet_sm100_tst_32x64_64x16_4x1_v_bz_splitK_TNN         0.00%       0.000us         0.00%       0.000us       0.000us      21.663ms         0.41%      21.663ms       4.298us          5040  
                               _all_gather_kernel_inner         0.00%       0.000us         0.00%       0.000us       0.000us      18.187ms         0.34%      18.187ms     288.675us            63  
void cublasLt::splitKreduce_kernel<32, 16, int, floa...         0.00%       0.000us         0.00%       0.000us       0.000us      16.486ms         0.31%      16.486ms       3.271us          5040  
void at::native::sbtopk::gatherTopK<float, unsigned ...         0.00%       0.000us         0.00%       0.000us       0.000us      14.199ms         0.27%      14.199ms       4.334us          3276  
                nvjet_sm100_tst_64x8_64x16_4x2_h_bz_TNT         0.00%       0.000us         0.00%       0.000us       0.000us      11.849ms         0.22%      11.849ms       3.420us          3465  
                nvjet_sm100_tst_8x64_64x16_4x1_v_bz_TNN         0.00%       0.000us         0.00%       0.000us       0.000us      10.213ms         0.19%      10.213ms       3.002us          3402  
void (anonymous namespace)::act_and_mul_kernel<__nv_...         0.00%       0.000us         0.00%       0.000us       0.000us       9.763ms         0.18%       9.763ms       2.980us          3276  
        nvjet_sm100_tss_32x64_64x16_2x1_v_bz_splitK_TNN         0.00%       0.000us         0.00%       0.000us       0.000us       6.809ms         0.13%       6.809ms       4.157us          1638  
void moe_align_block_size_kernel<int>(int const*, in...         0.00%       0.000us         0.00%       0.000us       0.000us       4.629ms         0.09%       4.629ms       2.826us          1638  
void cublasLt::splitKreduce_kernel<32, 16, int, floa...         0.00%       0.000us         0.00%       0.000us       0.000us       4.261ms         0.08%       4.261ms       2.601us          1638  
kernel_cutlass_kernel_flashinfernormkernelsrmsnormRM...         0.00%       0.000us         0.00%       0.000us       0.000us       4.239ms         0.08%       4.239ms       2.492us          1701  
triton_red_fused__softmax_exp_max_prepare_softmax_on...         0.00%       0.000us         0.00%       0.000us       0.000us       3.993ms         0.08%       3.993ms       2.438us          1638  
void (anonymous namespace)::fused_rope_kernel<false,...         0.00%       0.000us         0.00%       0.000us       0.000us       3.830ms         0.07%       3.830ms       2.252us          1701  
triton_poi_fused__softmax__to_copy_arange_bitwise_no...         0.00%       0.000us         0.00%       0.000us       0.000us       3.191ms         0.06%       3.191ms       1.948us          1638  
void at::native::vectorized_elementwise_kernel<8, at...         0.00%       0.000us         0.00%       0.000us       0.000us       2.897ms         0.05%       2.897ms       1.769us          1638  
                               set_mla_kv_buffer_kernel         0.00%       0.000us         0.00%       0.000us       0.000us       2.844ms         0.05%       2.844ms       1.672us          1701  
                       triton_poi_fused_copy__mul_sum_0         0.00%       0.000us         0.00%       0.000us       0.000us       2.826ms         0.05%       2.826ms       1.725us          1638  
void count_and_sort_expert_tokens_kernel<int>(int co...         0.00%       0.000us         0.00%       0.000us       0.000us       2.506ms         0.05%       2.506ms       1.530us          1638  
                            triton_poi_fused__to_copy_2         0.00%       0.000us         0.00%       0.000us       0.000us       2.450ms         0.05%       2.450ms       1.496us          1638  
void at::native::reduce_kernel<512, 1, at::native::R...         0.00%       0.000us         0.00%       0.000us       0.000us       1.513ms         0.03%       1.513ms      24.018us            63  
                         Memcpy HtoD (Pinned -> Device)         0.00%       0.000us         0.00%       0.000us       0.000us     898.357us         0.02%     898.357us      14.260us            63  
              nvjet_sm100_tst_128x16_64x11_4x1_v_bz_TNT         0.00%       0.000us         0.00%       0.000us       0.000us     749.951us         0.01%     749.951us      11.904us            63  
                       Memcpy DtoH (Device -> Pageable)         0.00%       0.000us         0.00%       0.000us       0.000us     597.176us         0.01%     597.176us       3.160us           189  
void at::native::(anonymous namespace)::indexSelectS...         0.00%       0.000us         0.00%       0.000us       0.000us     407.130us         0.01%     407.130us       6.462us            63  
void at::native::unrolled_elementwise_kernel<at::nat...         0.00%       0.000us         0.00%       0.000us       0.000us     385.951us         0.01%     385.951us       6.126us            63  
void at::native::unrolled_elementwise_kernel<at::nat...         0.00%       0.000us         0.00%       0.000us       0.000us     294.401us         0.01%     294.401us       1.558us           189  
void at::native::elementwise_kernel<128, 4, at::nati...         0.00%       0.000us         0.00%       0.000us       0.000us     212.700us         0.00%     212.700us       3.376us            63  
void at::native::index_elementwise_kernel<128, 4, at...         0.00%       0.000us         0.00%       0.000us       0.000us     201.724us         0.00%     201.724us       3.202us            63  
void at::native::elementwise_kernel<128, 4, at::nati...         0.00%       0.000us         0.00%       0.000us       0.000us     196.603us         0.00%     196.603us       3.121us            63  
                    create_flashinfer_kv_indices_triton         0.00%       0.000us         0.00%       0.000us       0.000us     194.041us         0.00%     194.041us       3.080us            63  
kernel_cutlass_kernel_flashinfernormkernelsrmsnormRM...         0.00%       0.000us         0.00%       0.000us       0.000us     167.134us         0.00%     167.134us       2.653us            63  
void at::native::elementwise_kernel<128, 4, at::nati...         0.00%       0.000us         0.00%       0.000us       0.000us     143.582us         0.00%     143.582us       2.279us            63  
void at::native::vectorized_elementwise_kernel<4, at...         0.00%       0.000us         0.00%       0.000us       0.000us     120.479us         0.00%     120.479us       1.912us            63  
void at_cuda_detail::cub::detail::scan::DeviceScanKe...         0.00%       0.000us         0.00%       0.000us       0.000us     110.044us         0.00%     110.044us       1.747us            63  
void at::native::(anonymous namespace)::multi_tensor...         0.00%       0.000us         0.00%       0.000us       0.000us      98.082us         0.00%      98.082us       1.557us            63  
                         Memcpy DtoD (Device -> Device)         0.00%       0.000us         0.00%       0.000us       0.000us      94.047us         0.00%      94.047us       1.493us            63  
void at::native::vectorized_elementwise_kernel<2, at...         0.00%       0.000us         0.00%       0.000us       0.000us      90.689us         0.00%      90.689us       1.440us            63  
triton_poi_fused_add_bitwise_and_bitwise_not_bitwise...         0.00%       0.000us         0.00%       0.000us       0.000us      85.662us         0.00%      85.662us       1.360us            63  
void (anonymous namespace)::clamp_position_kernel<lo...         0.00%       0.000us         0.00%       0.000us       0.000us      84.676us         0.00%      84.676us       1.344us            63  
void at_cuda_detail::cub::detail::scan::DeviceScanIn...         0.00%       0.000us         0.00%       0.000us       0.000us      78.498us         0.00%      78.498us       1.246us            63  
void at::native::vectorized_elementwise_kernel<4, at...         0.00%       0.000us         0.00%       0.000us       0.000us      75.938us         0.00%      75.938us       1.205us            63  
                                        cudaMemcpyAsync         1.18%       5.834ms         1.57%       7.766ms      24.653us       0.000us         0.00%       0.000us       0.000us           315  
                                Activity Buffer Request         2.20%      10.906ms         2.23%      11.044ms       1.841ms       0.000us         0.00%       0.000us       0.000us             6  
                                       cudaLaunchKernel        11.79%      58.360ms        12.55%      62.121ms       6.754us       0.000us         0.00%       0.000us       0.000us          9198  
                                    cudaLaunchKernelExC        24.93%     123.403ms        25.31%     125.249ms       6.155us       0.000us         0.00%       0.000us       0.000us         20349  
                                    cudaPeekAtLastError         0.01%      28.958us         0.01%      28.958us       0.115us       0.000us         0.00%       0.000us       0.000us           252  
cudaOccupancyMaxActiveBlocksPerMultiprocessorWithFla...         0.03%     135.551us         0.03%     135.551us       2.152us       0.000us         0.00%       0.000us       0.000us            63  
                                 cudaDeviceGetAttribute         0.31%       1.542ms         0.31%       1.542ms       0.844us       0.000us         0.00%       0.000us       0.000us          1827  
                                       cuLaunchKernelEx        21.60%     106.902ms        21.98%     108.777ms       5.814us       0.000us         0.00%       0.000us       0.000us         18711  
                                  cudaStreamIsCapturing         0.02%     112.667us         0.02%     112.667us       0.596us       0.000us         0.00%       0.000us       0.000us           189  
                                  cudaStreamSynchronize         0.14%     690.772us         0.14%     690.772us       3.655us       0.000us         0.00%       0.000us       0.000us           189  
                                         cuLaunchKernel         7.47%      36.960ms         7.47%      36.960ms       5.587us       0.000us         0.00%       0.000us       0.000us          6615  
                                   cudaFuncSetAttribute         0.90%       4.432ms         0.90%       4.432ms       2.605us       0.000us         0.00%       0.000us       0.000us          1701  
                            cudaLaunchCooperativeKernel         2.72%      13.475ms         2.72%      13.475ms       7.922us       0.000us         0.00%       0.000us       0.000us          1701  
                                  cudaDeviceSynchronize        26.60%     131.630ms        26.60%     131.630ms       1.045ms       0.000us         0.00%       0.000us       0.000us           126  
                                           Buffer Flush         0.10%     489.944us         0.10%     489.944us     122.486us       0.000us         0.00%       0.000us       0.000us             4  
-------------------------------------------------------  ------------  ------------  ------------  ------------  ------------  ------------  ------------  ------------  ------------  ------------  
Self CPU time total: 494.900ms
Self CUDA time total: 5.289s
-------------------------------------------------------  ------------  ------------  ------------  ------------  ------------  ------------  ------------  ------------  ------------  ------------  
                                                   Name    Self CPU %      Self CPU   CPU total %     CPU total  CPU time avg     Self CUDA   Self CUDA %    CUDA total  CUDA time avg    # of Calls  
-------------------------------------------------------  ------------  ------------  ------------  ------------  ------------  ------------  ------------  ------------  ------------  ------------  
void (anonymous namespace)::all_reduce_one_shot_push...         0.00%       0.000us         0.00%       0.000us       0.000us        1.429s        50.19%        1.429s     412.279us          3465  
kernel_cutlass_kernel_flashinfernormkernelsfused_add...         0.00%       0.000us         0.00%       0.000us       0.000us        1.187s        41.72%        1.187s     349.048us          3402  
void flashinfer::mla::BatchMLAPagedAttentionKernel<f...         0.00%       0.000us         0.00%       0.000us       0.000us      44.678ms         1.57%      44.678ms      26.266us          1701  
                                       fused_moe_kernel         0.00%       0.000us         0.00%       0.000us       0.000us      41.766ms         1.47%      41.766ms      12.749us          3276  
        nvjet_sm100_tst_32x64_64x16_4x1_v_bz_splitK_TNN         0.00%       0.000us         0.00%       0.000us       0.000us      21.298ms         0.75%      21.298ms       4.226us          5040  
void cublasLt::splitKreduce_kernel<32, 16, int, floa...         0.00%       0.000us         0.00%       0.000us       0.000us      14.805ms         0.52%      14.805ms       2.938us          5040  
void at::native::sbtopk::gatherTopK<float, unsigned ...         0.00%       0.000us         0.00%       0.000us       0.000us      14.163ms         0.50%      14.163ms       4.323us          3276  
                               _all_gather_kernel_inner         0.00%       0.000us         0.00%       0.000us       0.000us      13.563ms         0.48%      13.563ms     215.289us            63  
                nvjet_sm100_tst_64x8_64x16_4x2_h_bz_TNT         0.00%       0.000us         0.00%       0.000us       0.000us      11.363ms         0.40%      11.363ms       3.279us          3465  
                nvjet_sm100_tst_8x64_64x16_4x1_v_bz_TNN         0.00%       0.000us         0.00%       0.000us       0.000us      10.111ms         0.36%      10.111ms       2.972us          3402  
void (anonymous namespace)::act_and_mul_kernel<__nv_...         0.00%       0.000us         0.00%       0.000us       0.000us       9.377ms         0.33%       9.377ms       2.862us          3276  
        nvjet_sm100_tss_32x64_64x16_2x1_v_bz_splitK_TNN         0.00%       0.000us         0.00%       0.000us       0.000us       6.470ms         0.23%       6.470ms       3.950us          1638  
void moe_align_block_size_kernel<int>(int const*, in...         0.00%       0.000us         0.00%       0.000us       0.000us       4.670ms         0.16%       4.670ms       2.851us          1638  
triton_red_fused__softmax_exp_max_prepare_softmax_on...         0.00%       0.000us         0.00%       0.000us       0.000us       3.954ms         0.14%       3.954ms       2.414us          1638  
void cublasLt::splitKreduce_kernel<32, 16, int, floa...         0.00%       0.000us         0.00%       0.000us       0.000us       3.833ms         0.13%       3.833ms       2.340us          1638  
kernel_cutlass_kernel_flashinfernormkernelsrmsnormRM...         0.00%       0.000us         0.00%       0.000us       0.000us       3.814ms         0.13%       3.814ms       2.242us          1701  
void (anonymous namespace)::fused_rope_kernel<false,...         0.00%       0.000us         0.00%       0.000us       0.000us       3.475ms         0.12%       3.475ms       2.043us          1701  
                               set_mla_kv_buffer_kernel         0.00%       0.000us         0.00%       0.000us       0.000us       2.889ms         0.10%       2.889ms       1.699us          1701  
void at::native::vectorized_elementwise_kernel<8, at...         0.00%       0.000us         0.00%       0.000us       0.000us       2.884ms         0.10%       2.884ms       1.761us          1638  
                       triton_poi_fused_copy__mul_sum_0         0.00%       0.000us         0.00%       0.000us       0.000us       2.816ms         0.10%       2.816ms       1.719us          1638  
                            triton_poi_fused__to_copy_2         0.00%       0.000us         0.00%       0.000us       0.000us       2.659ms         0.09%       2.659ms       1.623us          1638  
void count_and_sort_expert_tokens_kernel<int>(int co...         0.00%       0.000us         0.00%       0.000us       0.000us       2.558ms         0.09%       2.558ms       1.562us          1638  
triton_poi_fused__softmax__to_copy_arange_bitwise_no...         0.00%       0.000us         0.00%       0.000us       0.000us       2.359ms         0.08%       2.359ms       1.440us          1638  
void at::native::reduce_kernel<512, 1, at::native::R...         0.00%       0.000us         0.00%       0.000us       0.000us       1.511ms         0.05%       1.511ms      23.992us            63  
                         Memcpy HtoD (Pinned -> Device)         0.00%       0.000us         0.00%       0.000us       0.000us     908.985us         0.03%     908.985us      14.428us            63  
              nvjet_sm100_tst_128x16_64x11_4x1_v_bz_TNT         0.00%       0.000us         0.00%       0.000us       0.000us     735.866us         0.03%     735.866us      11.680us            63  
                       Memcpy DtoH (Device -> Pageable)         0.00%       0.000us         0.00%       0.000us       0.000us     599.670us         0.02%     599.670us       3.173us           189  
void at::native::(anonymous namespace)::indexSelectS...         0.00%       0.000us         0.00%       0.000us       0.000us     408.953us         0.01%     408.953us       6.491us            63  
void at::native::unrolled_elementwise_kernel<at::nat...         0.00%       0.000us         0.00%       0.000us       0.000us     385.757us         0.01%     385.757us       6.123us            63  
void at::native::unrolled_elementwise_kernel<at::nat...         0.00%       0.000us         0.00%       0.000us       0.000us     297.547us         0.01%     297.547us       1.574us           189  
void at::native::elementwise_kernel<128, 4, at::nati...         0.00%       0.000us         0.00%       0.000us       0.000us     211.038us         0.01%     211.038us       3.350us            63  
void at::native::index_elementwise_kernel<128, 4, at...         0.00%       0.000us         0.00%       0.000us       0.000us     199.386us         0.01%     199.386us       3.165us            63  
                    create_flashinfer_kv_indices_triton         0.00%       0.000us         0.00%       0.000us       0.000us     198.589us         0.01%     198.589us       3.152us            63  
void at::native::elementwise_kernel<128, 4, at::nati...         0.00%       0.000us         0.00%       0.000us       0.000us     196.448us         0.01%     196.448us       3.118us            63  
kernel_cutlass_kernel_flashinfernormkernelsrmsnormRM...         0.00%       0.000us         0.00%       0.000us       0.000us     167.740us         0.01%     167.740us       2.663us            63  
void at::native::elementwise_kernel<128, 4, at::nati...         0.00%       0.000us         0.00%       0.000us       0.000us     144.445us         0.01%     144.445us       2.293us            63  
void at::native::vectorized_elementwise_kernel<4, at...         0.00%       0.000us         0.00%       0.000us       0.000us     117.057us         0.00%     117.057us       1.858us            63  
void at_cuda_detail::cub::detail::scan::DeviceScanKe...         0.00%       0.000us         0.00%       0.000us       0.000us     114.112us         0.00%     114.112us       1.811us            63  
void at::native::(anonymous namespace)::multi_tensor...         0.00%       0.000us         0.00%       0.000us       0.000us      99.388us         0.00%      99.388us       1.578us            63  
                         Memcpy DtoD (Device -> Device)         0.00%       0.000us         0.00%       0.000us       0.000us      98.968us         0.00%      98.968us       1.571us            63  
void at::native::vectorized_elementwise_kernel<2, at...         0.00%       0.000us         0.00%       0.000us       0.000us      93.090us         0.00%      93.090us       1.478us            63  
void (anonymous namespace)::clamp_position_kernel<lo...         0.00%       0.000us         0.00%       0.000us       0.000us      88.320us         0.00%      88.320us       1.402us            63  
triton_poi_fused_add_bitwise_and_bitwise_not_bitwise...         0.00%       0.000us         0.00%       0.000us       0.000us      87.103us         0.00%      87.103us       1.383us            63  
void at_cuda_detail::cub::detail::scan::DeviceScanIn...         0.00%       0.000us         0.00%       0.000us       0.000us      79.650us         0.00%      79.650us       1.264us            63  
void at::native::vectorized_elementwise_kernel<4, at...         0.00%       0.000us         0.00%       0.000us       0.000us      77.406us         0.00%      77.406us       1.229us            63  
                                        cudaMemcpyAsync         1.44%       6.030ms         1.88%       7.889ms      25.045us       0.000us         0.00%       0.000us       0.000us           315  
                                Activity Buffer Request         2.57%      10.782ms         2.60%      10.914ms       1.819ms       0.000us         0.00%       0.000us       0.000us             6  
                                       cudaLaunchKernel        14.15%      59.335ms        15.04%      63.088ms       6.859us       0.000us         0.00%       0.000us       0.000us          9198  
                                    cudaLaunchKernelExC        29.81%     125.024ms        30.26%     126.893ms       6.236us       0.000us         0.00%       0.000us       0.000us         20349  
                                    cudaPeekAtLastError         0.01%      28.758us         0.01%      28.758us       0.114us       0.000us         0.00%       0.000us       0.000us           252  
cudaOccupancyMaxActiveBlocksPerMultiprocessorWithFla...         0.03%     138.689us         0.03%     138.689us       2.201us       0.000us         0.00%       0.000us       0.000us            63  
                                 cudaDeviceGetAttribute         0.39%       1.640ms         0.39%       1.640ms       0.898us       0.000us         0.00%       0.000us       0.000us          1827  
                                       cuLaunchKernelEx        26.00%     109.024ms        26.44%     110.898ms       5.927us       0.000us         0.00%       0.000us       0.000us         18711  
                                  cudaStreamIsCapturing         0.03%     112.145us         0.03%     112.145us       0.593us       0.000us         0.00%       0.000us       0.000us           189  
                                  cudaStreamSynchronize         0.17%     703.149us         0.17%     703.149us       3.720us       0.000us         0.00%       0.000us       0.000us           189  
                                         cuLaunchKernel         8.88%      37.248ms         8.88%      37.248ms       5.631us       0.000us         0.00%       0.000us       0.000us          6615  
                                   cudaFuncSetAttribute         1.12%       4.708ms         1.12%       4.708ms       2.768us       0.000us         0.00%       0.000us       0.000us          1701  
                            cudaLaunchCooperativeKernel         3.23%      13.556ms         3.23%      13.556ms       7.969us       0.000us         0.00%       0.000us       0.000us          1701  
                                  cudaDeviceSynchronize        11.98%      50.219ms        11.98%      50.219ms     398.563us       0.000us         0.00%       0.000us       0.000us           126  
                                           Buffer Flush         0.19%     806.795us         0.19%     806.795us     201.699us       0.000us         0.00%       0.000us       0.000us             4  
-------------------------------------------------------  ------------  ------------  ------------  ------------  ------------  ------------  ------------  ------------  ------------  ------------  
Self CPU time total: 419.356ms
Self CUDA time total: 2.846s

torch profiler chrome trace for decode saved to /sgl-workspace/sglang-src/experiment-results/phase14c/decode_extension/tp8/deepseek-v2-lite/mixed_same_coarse/uniform_b16/r1/traces/trace_rank0_batch16_input512_output64_decode.trace.json.gz
Decode.  median latency: 0.05929 s, median throughput:    269.84 token/s
Total. latency:  3.835 s, throughput:   2403.25 token/s







kill_process_tree called: parent_pid=1378348, include_parent=False, pid=1378348
