[1;33m'--disable-cuda-graph' is deprecated and will be removed in a future release. Use '--cuda-graph-backend-{decode,prefill}=disabled' instead.[0m
Fail to set RLIMIT_STACK: current limit exceeds maximum limit
[2026-08-05 06:59:02 TP7] Init torch distributed begin.
[2026-08-05 06:59:02 TP6] Init torch distributed begin.
[2026-08-05 06:59:02 TP0] Init torch distributed begin.
[2026-08-05 06:59:02 TP4] Init torch distributed begin.
[2026-08-05 06:59:02 TP3] Init torch distributed begin.
[2026-08-05 06:59:02 TP1] Init torch distributed begin.
[2026-08-05 06:59:02 TP2] Init torch distributed begin.
[2026-08-05 06:59:02 TP5] Init torch distributed begin.
[2026-08-05 06:59:04 TP0] sglang is using nccl==2.28.9
[2026-08-05 06:59:07 TP0] Init torch distributed ends. elapsed=4.89 s, mem usage=1.47 GB
[2026-08-05 06:59:07 TP7] Init torch distributed ends. elapsed=5.10 s, mem usage=1.22 GB
[2026-08-05 06:59:07 TP4] Init torch distributed ends. elapsed=4.70 s, mem usage=1.53 GB
[2026-08-05 06:59:07 TP6] Init torch distributed ends. elapsed=4.95 s, mem usage=1.53 GB
[2026-08-05 06:59:07 TP3] Init torch distributed ends. elapsed=4.70 s, mem usage=1.53 GB
[2026-08-05 06:59:07 TP2] Init torch distributed ends. elapsed=4.63 s, mem usage=1.53 GB
[2026-08-05 06:59:07 TP5] Init torch distributed ends. elapsed=4.54 s, mem usage=1.53 GB
[2026-08-05 06:59:07 TP1] Init torch distributed ends. elapsed=4.65 s, mem usage=1.53 GB
[2026-08-05 06:59:09 TP4] Load weight begin. avail mem=176.17 GB
[2026-08-05 06:59:09 TP5] Load weight begin. avail mem=176.17 GB
[2026-08-05 06:59:09 TP6] Load weight begin. avail mem=176.17 GB
[2026-08-05 06:59:09 TP3] Load weight begin. avail mem=176.17 GB
[2026-08-05 06:59:09 TP2] Load weight begin. avail mem=176.17 GB
[2026-08-05 06:59:09 TP7] Load weight begin. avail mem=176.48 GB
[2026-08-05 06:59:09 TP0] Load weight begin. avail mem=176.23 GB
[2026-08-05 06:59:09 TP0] Config does not support fused shared expert(s). Shared experts fusion optimization is disabled.
[2026-08-05 06:59:09 TP4] FlashInfer TRTLLM MoE deferred finalize is disabled (moe_runner_backend=auto, quant_method=UnquantizedFusedMoEMethod).
[2026-08-05 06:59:09 TP5] FlashInfer TRTLLM MoE deferred finalize is disabled (moe_runner_backend=auto, quant_method=UnquantizedFusedMoEMethod).
[2026-08-05 06:59:09 TP1] Load weight begin. avail mem=176.17 GB
[2026-08-05 06:59:09 TP6] FlashInfer TRTLLM MoE deferred finalize is disabled (moe_runner_backend=auto, quant_method=UnquantizedFusedMoEMethod).
[2026-08-05 06:59:09 TP3] FlashInfer TRTLLM MoE deferred finalize is disabled (moe_runner_backend=auto, quant_method=UnquantizedFusedMoEMethod).
[2026-08-05 06:59:09 TP2] FlashInfer TRTLLM MoE deferred finalize is disabled (moe_runner_backend=auto, quant_method=UnquantizedFusedMoEMethod).
[2026-08-05 06:59:09 TP7] FlashInfer TRTLLM MoE deferred finalize is disabled (moe_runner_backend=auto, quant_method=UnquantizedFusedMoEMethod).
[2026-08-05 06:59:09 TP0] FlashInfer TRTLLM MoE deferred finalize is disabled (moe_runner_backend=auto, quant_method=UnquantizedFusedMoEMethod).
[2026-08-05 06:59:09 TP1] FlashInfer TRTLLM MoE deferred finalize is disabled (moe_runner_backend=auto, quant_method=UnquantizedFusedMoEMethod).
Multi-thread loading shards:   0% Completed | 0/4 [00:00<?, ?it/s]Multi-thread loading shards:  25% Completed | 1/4 [00:00<00:00,  3.91it/s]Multi-thread loading shards:  50% Completed | 2/4 [00:00<00:00,  2.43it/s]Multi-thread loading shards: 100% Completed | 4/4 [00:00<00:00,  4.85it/s]
[2026-08-05 06:59:11 TP5] Load weight end. elapsed=2.11 s, type=DeepseekV2ForCausalLM, avail mem=172.39 GB, mem usage=3.78 GB.
[2026-08-05 06:59:11 TP4] Load weight end. elapsed=2.35 s, type=DeepseekV2ForCausalLM, avail mem=172.39 GB, mem usage=3.78 GB.
[2026-08-05 06:59:11 TP3] Load weight end. elapsed=2.33 s, type=DeepseekV2ForCausalLM, avail mem=172.39 GB, mem usage=3.78 GB.
[2026-08-05 06:59:11 TP2] Load weight end. elapsed=2.35 s, type=DeepseekV2ForCausalLM, avail mem=172.39 GB, mem usage=3.78 GB.
[2026-08-05 06:59:11 TP7] Load weight end. elapsed=2.35 s, type=DeepseekV2ForCausalLM, avail mem=172.70 GB, mem usage=3.78 GB.
[2026-08-05 06:59:11 TP0] Load weight end. elapsed=2.35 s, type=DeepseekV2ForCausalLM, avail mem=172.45 GB, mem usage=3.78 GB.
[2026-08-05 06:59:11 TP6] Load weight end. elapsed=2.44 s, type=DeepseekV2ForCausalLM, avail mem=172.39 GB, mem usage=3.78 GB.
[2026-08-05 06:59:11 TP1] Load weight end. elapsed=2.43 s, type=DeepseekV2ForCausalLM, avail mem=172.39 GB, mem usage=3.78 GB.
[2026-08-05 06:59:11 TP2] KV Cache is allocated. dtype: torch.bfloat16, #tokens: 5038524, KV size: 145.96 GB
[2026-08-05 06:59:11 TP2] Memory pool end. avail mem=23.87 GB
[2026-08-05 06:59:11 TP0] KV Cache is allocated. dtype: torch.bfloat16, #tokens: 5038524, KV size: 145.96 GB
[2026-08-05 06:59:11 TP7] KV Cache is allocated. dtype: torch.bfloat16, #tokens: 5038524, KV size: 145.96 GB
[2026-08-05 06:59:11 TP0] Memory pool end. avail mem=23.94 GB
[2026-08-05 06:59:11 TP7] Memory pool end. avail mem=24.19 GB
[2026-08-05 06:59:11 TP6] KV Cache is allocated. dtype: torch.bfloat16, #tokens: 5038524, KV size: 145.96 GB
[2026-08-05 06:59:11 TP5] KV Cache is allocated. dtype: torch.bfloat16, #tokens: 5038524, KV size: 145.96 GB
[2026-08-05 06:59:11 TP4] KV Cache is allocated. dtype: torch.bfloat16, #tokens: 5038524, KV size: 145.96 GB
[2026-08-05 06:59:11 TP6] Memory pool end. avail mem=23.87 GB
[2026-08-05 06:59:11 TP5] Memory pool end. avail mem=23.87 GB
[2026-08-05 06:59:11 TP4] Memory pool end. avail mem=23.87 GB
[2026-08-05 06:59:11 TP3] KV Cache is allocated. dtype: torch.bfloat16, #tokens: 5038524, KV size: 145.96 GB
[2026-08-05 06:59:11 TP1] KV Cache is allocated. dtype: torch.bfloat16, #tokens: 5038524, KV size: 145.96 GB
[2026-08-05 06:59:11 TP3] Memory pool end. avail mem=23.87 GB
[2026-08-05 06:59:11 TP1] Memory pool end. avail mem=23.87 GB
[2026-08-05 06:59:11 TP0] Disable prefill CUDA graph because cuda_graph_config resolved prefill.backend='disabled' (e.g. via --cuda-graph-backend-prefill=disabled or auto-disable rules).
[2026-08-05 06:59:11 TP2] Disable prefill CUDA graph because cuda_graph_config resolved prefill.backend='disabled' (e.g. via --cuda-graph-backend-prefill=disabled or auto-disable rules).
[2026-08-05 06:59:11 TP7] Disable prefill CUDA graph because cuda_graph_config resolved prefill.backend='disabled' (e.g. via --cuda-graph-backend-prefill=disabled or auto-disable rules).
[2026-08-05 06:59:11 TP6] Disable prefill CUDA graph because cuda_graph_config resolved prefill.backend='disabled' (e.g. via --cuda-graph-backend-prefill=disabled or auto-disable rules).
[2026-08-05 06:59:11 TP4] Disable prefill CUDA graph because cuda_graph_config resolved prefill.backend='disabled' (e.g. via --cuda-graph-backend-prefill=disabled or auto-disable rules).
[2026-08-05 06:59:11 TP3] Disable prefill CUDA graph because cuda_graph_config resolved prefill.backend='disabled' (e.g. via --cuda-graph-backend-prefill=disabled or auto-disable rules).
[2026-08-05 06:59:11 TP5] Disable prefill CUDA graph because cuda_graph_config resolved prefill.backend='disabled' (e.g. via --cuda-graph-backend-prefill=disabled or auto-disable rules).
[2026-08-05 06:59:11 TP1] Disable prefill CUDA graph because cuda_graph_config resolved prefill.backend='disabled' (e.g. via --cuda-graph-backend-prefill=disabled or auto-disable rules).
[2026-08-05 06:59:13 TP5] Fixing v5 tokenizer component mismatch for /media/ssd1/DeepSeek-V2-Lite: pre_tokenizer Metaspace -> Sequence, decoder Sequence -> ByteLevel
[2026-08-05 06:59:13 TP5] Restoring add_bos_token=True for /media/ssd1/DeepSeek-V2-Lite (was False after v5 loading)
[2026-08-05 06:59:13 TP6] Fixing v5 tokenizer component mismatch for /media/ssd1/DeepSeek-V2-Lite: pre_tokenizer Metaspace -> Sequence, decoder Sequence -> ByteLevel
[2026-08-05 06:59:13 TP6] Restoring add_bos_token=True for /media/ssd1/DeepSeek-V2-Lite (was False after v5 loading)
[2026-08-05 06:59:13 TP2] Fixing v5 tokenizer component mismatch for /media/ssd1/DeepSeek-V2-Lite: pre_tokenizer Metaspace -> Sequence, decoder Sequence -> ByteLevel
[2026-08-05 06:59:13 TP0] Fixing v5 tokenizer component mismatch for /media/ssd1/DeepSeek-V2-Lite: pre_tokenizer Metaspace -> Sequence, decoder Sequence -> ByteLevel
[2026-08-05 06:59:13 TP0] Restoring add_bos_token=True for /media/ssd1/DeepSeek-V2-Lite (was False after v5 loading)
[2026-08-05 06:59:13 TP2] Restoring add_bos_token=True for /media/ssd1/DeepSeek-V2-Lite (was False after v5 loading)
/usr/local/lib/python3.12/dist-packages/torch/distributed/c10d_logger.py:83: UserWarning: barrier(): using the device under current context. You can specify `device_id` in `init_process_group` to mute this warning.
  return func(*args, **kwargs)
[rank0]:[W805 06:59:13.295622120 ProcessGroupNCCL.cpp:5188] Guessing device ID based on global rank. This can cause a hang if rank to GPU mapping is heterogeneous. You can specify device_id in init_process_group()
[2026-08-05 06:59:13 TP7] Fixing v5 tokenizer component mismatch for /media/ssd1/DeepSeek-V2-Lite: pre_tokenizer Metaspace -> Sequence, decoder Sequence -> ByteLevel
[2026-08-05 06:59:13 TP4] Fixing v5 tokenizer component mismatch for /media/ssd1/DeepSeek-V2-Lite: pre_tokenizer Metaspace -> Sequence, decoder Sequence -> ByteLevel
[2026-08-05 06:59:13 TP3] Fixing v5 tokenizer component mismatch for /media/ssd1/DeepSeek-V2-Lite: pre_tokenizer Metaspace -> Sequence, decoder Sequence -> ByteLevel
[2026-08-05 06:59:13 TP7] Restoring add_bos_token=True for /media/ssd1/DeepSeek-V2-Lite (was False after v5 loading)
[2026-08-05 06:59:13 TP4] Restoring add_bos_token=True for /media/ssd1/DeepSeek-V2-Lite (was False after v5 loading)
[2026-08-05 06:59:13 TP3] Restoring add_bos_token=True for /media/ssd1/DeepSeek-V2-Lite (was False after v5 loading)
[2026-08-05 06:59:13 TP1] Fixing v5 tokenizer component mismatch for /media/ssd1/DeepSeek-V2-Lite: pre_tokenizer Metaspace -> Sequence, decoder Sequence -> ByteLevel
[2026-08-05 06:59:13 TP1] Restoring add_bos_token=True for /media/ssd1/DeepSeek-V2-Lite (was False after v5 loading)
[2026-08-05 06:59:18 TP4] Using default MoE kernel config. Performance might be sub-optimal! Config file not found at /sgl-workspace/sglang-src/python/sglang/srt/layers/moe/moe_runner/triton_utils/configs/triton_3_6_0/E=64,N=176,device_name=NVIDIA_B200.json, you can create them with https://github.com/sgl-project/sglang/tree/main/benchmark/kernels/fused_moe_triton
[2026-08-05 06:59:18 TP4] Using MoE kernel config with down_moe=False. Performance might be sub-optimal! Config file not found at /sgl-workspace/sglang-src/python/sglang/srt/layers/moe/moe_runner/triton_utils/configs/triton_3_6_0/E=64,N=176,device_name=NVIDIA_B200_down.json, you can create them with https://github.com/sgl-project/sglang/tree/main/benchmark/kernels/fused_moe_triton
[2026-08-05 06:59:18 TP3] Using default MoE kernel config. Performance might be sub-optimal! Config file not found at /sgl-workspace/sglang-src/python/sglang/srt/layers/moe/moe_runner/triton_utils/configs/triton_3_6_0/E=64,N=176,device_name=NVIDIA_B200.json, you can create them with https://github.com/sgl-project/sglang/tree/main/benchmark/kernels/fused_moe_triton
[2026-08-05 06:59:18 TP3] Using MoE kernel config with down_moe=False. Performance might be sub-optimal! Config file not found at /sgl-workspace/sglang-src/python/sglang/srt/layers/moe/moe_runner/triton_utils/configs/triton_3_6_0/E=64,N=176,device_name=NVIDIA_B200_down.json, you can create them with https://github.com/sgl-project/sglang/tree/main/benchmark/kernels/fused_moe_triton
[2026-08-05 06:59:18 TP1] Using default MoE kernel config. Performance might be sub-optimal! Config file not found at /sgl-workspace/sglang-src/python/sglang/srt/layers/moe/moe_runner/triton_utils/configs/triton_3_6_0/E=64,N=176,device_name=NVIDIA_B200.json, you can create them with https://github.com/sgl-project/sglang/tree/main/benchmark/kernels/fused_moe_triton
[2026-08-05 06:59:18 TP1] Using MoE kernel config with down_moe=False. Performance might be sub-optimal! Config file not found at /sgl-workspace/sglang-src/python/sglang/srt/layers/moe/moe_runner/triton_utils/configs/triton_3_6_0/E=64,N=176,device_name=NVIDIA_B200_down.json, you can create them with https://github.com/sgl-project/sglang/tree/main/benchmark/kernels/fused_moe_triton
[2026-08-05 06:59:18 TP7] Using default MoE kernel config. Performance might be sub-optimal! Config file not found at /sgl-workspace/sglang-src/python/sglang/srt/layers/moe/moe_runner/triton_utils/configs/triton_3_6_0/E=64,N=176,device_name=NVIDIA_B200.json, you can create them with https://github.com/sgl-project/sglang/tree/main/benchmark/kernels/fused_moe_triton
[2026-08-05 06:59:18 TP7] Using MoE kernel config with down_moe=False. Performance might be sub-optimal! Config file not found at /sgl-workspace/sglang-src/python/sglang/srt/layers/moe/moe_runner/triton_utils/configs/triton_3_6_0/E=64,N=176,device_name=NVIDIA_B200_down.json, you can create them with https://github.com/sgl-project/sglang/tree/main/benchmark/kernels/fused_moe_triton
[2026-08-05 06:59:18 TP6] Using default MoE kernel config. Performance might be sub-optimal! Config file not found at /sgl-workspace/sglang-src/python/sglang/srt/layers/moe/moe_runner/triton_utils/configs/triton_3_6_0/E=64,N=176,device_name=NVIDIA_B200.json, you can create them with https://github.com/sgl-project/sglang/tree/main/benchmark/kernels/fused_moe_triton
[2026-08-05 06:59:18 TP6] Using MoE kernel config with down_moe=False. Performance might be sub-optimal! Config file not found at /sgl-workspace/sglang-src/python/sglang/srt/layers/moe/moe_runner/triton_utils/configs/triton_3_6_0/E=64,N=176,device_name=NVIDIA_B200_down.json, you can create them with https://github.com/sgl-project/sglang/tree/main/benchmark/kernels/fused_moe_triton
[2026-08-05 06:59:18 TP2] Using default MoE kernel config. Performance might be sub-optimal! Config file not found at /sgl-workspace/sglang-src/python/sglang/srt/layers/moe/moe_runner/triton_utils/configs/triton_3_6_0/E=64,N=176,device_name=NVIDIA_B200.json, you can create them with https://github.com/sgl-project/sglang/tree/main/benchmark/kernels/fused_moe_triton
[2026-08-05 06:59:18 TP2] Using MoE kernel config with down_moe=False. Performance might be sub-optimal! Config file not found at /sgl-workspace/sglang-src/python/sglang/srt/layers/moe/moe_runner/triton_utils/configs/triton_3_6_0/E=64,N=176,device_name=NVIDIA_B200_down.json, you can create them with https://github.com/sgl-project/sglang/tree/main/benchmark/kernels/fused_moe_triton
[2026-08-05 06:59:18 TP5] Using default MoE kernel config. Performance might be sub-optimal! Config file not found at /sgl-workspace/sglang-src/python/sglang/srt/layers/moe/moe_runner/triton_utils/configs/triton_3_6_0/E=64,N=176,device_name=NVIDIA_B200.json, you can create them with https://github.com/sgl-project/sglang/tree/main/benchmark/kernels/fused_moe_triton
[2026-08-05 06:59:18 TP5] Using MoE kernel config with down_moe=False. Performance might be sub-optimal! Config file not found at /sgl-workspace/sglang-src/python/sglang/srt/layers/moe/moe_runner/triton_utils/configs/triton_3_6_0/E=64,N=176,device_name=NVIDIA_B200_down.json, you can create them with https://github.com/sgl-project/sglang/tree/main/benchmark/kernels/fused_moe_triton
[2026-08-05 06:59:18 TP0] Using default MoE kernel config. Performance might be sub-optimal! Config file not found at /sgl-workspace/sglang-src/python/sglang/srt/layers/moe/moe_runner/triton_utils/configs/triton_3_6_0/E=64,N=176,device_name=NVIDIA_B200.json, you can create them with https://github.com/sgl-project/sglang/tree/main/benchmark/kernels/fused_moe_triton
[2026-08-05 06:59:18 TP0] Using MoE kernel config with down_moe=False. Performance might be sub-optimal! Config file not found at /sgl-workspace/sglang-src/python/sglang/srt/layers/moe/moe_runner/triton_utils/configs/triton_3_6_0/E=64,N=176,device_name=NVIDIA_B200_down.json, you can create them with https://github.com/sgl-project/sglang/tree/main/benchmark/kernels/fused_moe_triton
/usr/local/lib/python3.12/dist-packages/torch/profiler/profiler.py:224: UserWarning: Warning: Profiler clears events at the end of each cycle.Only events from the current cycle will be reported.To keep events across cycles, set acc_events=True.
  _warn_once(
/usr/local/lib/python3.12/dist-packages/torch/profiler/profiler.py:224: UserWarning: Warning: Profiler clears events at the end of each cycle.Only events from the current cycle will be reported.To keep events across cycles, set acc_events=True.
  _warn_once(
/usr/local/lib/python3.12/dist-packages/torch/profiler/profiler.py:224: UserWarning: Warning: Profiler clears events at the end of each cycle.Only events from the current cycle will be reported.To keep events across cycles, set acc_events=True.
  _warn_once(
/usr/local/lib/python3.12/dist-packages/torch/profiler/profiler.py:224: UserWarning: Warning: Profiler clears events at the end of each cycle.Only events from the current cycle will be reported.To keep events across cycles, set acc_events=True.
  _warn_once(
/usr/local/lib/python3.12/dist-packages/torch/profiler/profiler.py:224: UserWarning: Warning: Profiler clears events at the end of each cycle.Only events from the current cycle will be reported.To keep events across cycles, set acc_events=True.
  _warn_once(
/usr/local/lib/python3.12/dist-packages/torch/profiler/profiler.py:224: UserWarning: Warning: Profiler clears events at the end of each cycle.Only events from the current cycle will be reported.To keep events across cycles, set acc_events=True.
  _warn_once(
/usr/local/lib/python3.12/dist-packages/torch/profiler/profiler.py:224: UserWarning: Warning: Profiler clears events at the end of each cycle.Only events from the current cycle will be reported.To keep events across cycles, set acc_events=True.
  _warn_once(
/usr/local/lib/python3.12/dist-packages/torch/profiler/profiler.py:224: UserWarning: Warning: Profiler clears events at the end of each cycle.Only events from the current cycle will be reported.To keep events across cycles, set acc_events=True.
  _warn_once(
-------------------------------------------------------  ------------  ------------  ------------  ------------  ------------  ------------  ------------  ------------  ------------  ------------  
                                                   Name    Self CPU %      Self CPU   CPU total %     CPU total  CPU time avg     Self CUDA   Self CUDA %    CUDA total  CUDA time avg    # of Calls  
-------------------------------------------------------  ------------  ------------  ------------  ------------  ------------  ------------  ------------  ------------  ------------  ------------  
                                       fused_moe_kernel         0.00%       0.000us         0.00%       0.000us       0.000us       5.604ms        34.93%       5.604ms     107.768us            52  
void (anonymous namespace)::all_reduce_two_shot_kern...         0.00%       0.000us         0.00%       0.000us       0.000us       3.134ms        19.54%       3.134ms      56.991us            55  
void cutlass::device_kernel<cutlass::fmha::kernel::S...         0.00%       0.000us         0.00%       0.000us       0.000us       1.951ms        12.16%       1.951ms      72.262us            27  
                         Memcpy DtoD (Device -> Device)         0.00%       0.000us         0.00%       0.000us       0.000us     533.667us         3.33%     533.667us       4.852us           110  
kernel_cutlass_kernel_flashinfernormkernelsfused_add...         0.00%       0.000us         0.00%       0.000us       0.000us     531.453us         3.31%     531.453us       9.842us            54  
void at::native::sbtopk::gatherTopK<float, unsigned ...         0.00%       0.000us         0.00%       0.000us       0.000us     523.489us         3.26%     523.489us      10.067us            52  
void moe_sum_reduce_warp_per_token_vec_kernel<8>(c10...         0.00%       0.000us         0.00%       0.000us       0.000us     521.627us         3.25%     521.627us      20.063us            26  
         nvjet_sm100_tst_128x256_64x6_2x2_2cta_h_bz_TNT         0.00%       0.000us         0.00%       0.000us       0.000us     425.539us         2.65%     425.539us       7.880us            54  
         nvjet_sm100_tst_176x128_64x8_2x2_2cta_h_bz_TNN         0.00%       0.000us         0.00%       0.000us       0.000us     302.273us         1.88%     302.273us      11.626us            26  
void (anonymous namespace)::act_and_mul_kernel<__nv_...         0.00%       0.000us         0.00%       0.000us       0.000us     280.965us         1.75%     280.965us       5.403us            52  
void count_and_sort_expert_tokens_kernel<int>(int co...         0.00%       0.000us         0.00%       0.000us       0.000us     269.409us         1.68%     269.409us      10.362us            26  
         nvjet_sm100_tst_144x128_64x8_2x2_2cta_h_bz_TNN         0.00%       0.000us         0.00%       0.000us       0.000us     267.643us         1.67%     267.643us       9.913us            27  
          nvjet_sm100_tst_96x128_64x9_2x2_2cta_h_bz_TNN         0.00%       0.000us         0.00%       0.000us       0.000us     212.029us         1.32%     212.029us       7.853us            27  
void moe_align_block_size_kernel<int>(int const*, in...         0.00%       0.000us         0.00%       0.000us       0.000us     205.408us         1.28%     205.408us       7.900us            26  
void at::native::vectorized_elementwise_kernel<8, at...         0.00%       0.000us         0.00%       0.000us       0.000us     200.638us         1.25%     200.638us       7.717us            26  
          nvjet_sm100_tss_32x64_64x16_2x2_2cta_h_bz_TNN         0.00%       0.000us         0.00%       0.000us       0.000us     149.282us         0.93%     149.282us       5.742us            26  
         nvjet_sm100_tst_128x128_64x8_2x2_2cta_h_bz_TNT         0.00%       0.000us         0.00%       0.000us       0.000us     139.231us         0.87%     139.231us       5.157us            27  
triton_red_fused__softmax_exp_max_prepare_softmax_on...         0.00%       0.000us         0.00%       0.000us       0.000us     102.562us         0.64%     102.562us       3.945us            26  
                           concat_and_cast_mha_k_kernel         0.00%       0.000us         0.00%       0.000us       0.000us      99.104us         0.62%      99.104us       3.671us            27  
kernel_cutlass_kernel_flashinfernormkernelsrmsnormRM...         0.00%       0.000us         0.00%       0.000us       0.000us      84.030us         0.52%      84.030us       3.112us            27  
void (anonymous namespace)::fused_rope_kernel<false,...         0.00%       0.000us         0.00%       0.000us       0.000us      80.255us         0.50%      80.255us       2.972us            27  
void (anonymous namespace)::set_mla_kv_buffer_kernel...         0.00%       0.000us         0.00%       0.000us       0.000us      74.046us         0.46%      74.046us       2.742us            27  
triton_poi_fused__softmax__to_copy_arange_bitwise_no...         0.00%       0.000us         0.00%       0.000us       0.000us      56.607us         0.35%      56.607us       2.177us            26  
                            triton_poi_fused__to_copy_2         0.00%       0.000us         0.00%       0.000us       0.000us      48.956us         0.31%      48.956us       1.883us            26  
         nvjet_sm100_tst_128x160_64x8_2x1_2cta_v_bz_TNT         0.00%       0.000us         0.00%       0.000us       0.000us      29.984us         0.19%      29.984us      29.984us             1  
flashinfer::plan_kernel(int*, int*, int*, int*, int*...         0.00%       0.000us         0.00%       0.000us       0.000us      27.904us         0.17%      27.904us      27.904us             1  
void at::native::reduce_kernel<512, 1, at::native::R...         0.00%       0.000us         0.00%       0.000us       0.000us      24.160us         0.15%      24.160us      24.160us             1  
void at::native::elementwise_kernel<128, 4, at::nati...         0.00%       0.000us         0.00%       0.000us       0.000us      15.648us         0.10%      15.648us      15.648us             1  
void at::native::elementwise_kernel<128, 4, at::nati...         0.00%       0.000us         0.00%       0.000us       0.000us      14.144us         0.09%      14.144us      14.144us             1  
               nvjet_sm100_tst_128x8_64x12_4x1_v_bz_TNT         0.00%       0.000us         0.00%       0.000us       0.000us      12.864us         0.08%      12.864us      12.864us             1  
void at::native::elementwise_kernel<128, 4, at::nati...         0.00%       0.000us         0.00%       0.000us       0.000us      12.831us         0.08%      12.831us      12.831us             1  
                         Memcpy HtoD (Pinned -> Device)         0.00%       0.000us         0.00%       0.000us       0.000us      12.160us         0.08%      12.160us       1.520us             8  
                               _all_gather_kernel_inner         0.00%       0.000us         0.00%       0.000us       0.000us       8.352us         0.05%       8.352us       8.352us             1  
void at::native::index_elementwise_kernel<128, 4, at...         0.00%       0.000us         0.00%       0.000us       0.000us       7.424us         0.05%       7.424us       7.424us             1  
                       Memcpy DtoH (Device -> Pageable)         0.00%       0.000us         0.00%       0.000us       0.000us       6.880us         0.04%       6.880us       3.440us             2  
                       Memcpy HtoD (Pageable -> Device)         0.00%       0.000us         0.00%       0.000us       0.000us       6.560us         0.04%       6.560us       1.312us             5  
                         Memcpy DtoH (Device -> Pinned)         0.00%       0.000us         0.00%       0.000us       0.000us       6.272us         0.04%       6.272us       3.136us             2  
kernel_cutlass_kernel_flashinfernormkernelsrmsnormRM...         0.00%       0.000us         0.00%       0.000us       0.000us       6.016us         0.04%       6.016us       6.016us             1  
void at::native::unrolled_elementwise_kernel<at::nat...         0.00%       0.000us         0.00%       0.000us       0.000us       5.665us         0.04%       5.665us       1.888us             3  
void at_cuda_detail::cub::detail::scan::DeviceScanKe...         0.00%       0.000us         0.00%       0.000us       0.000us       5.472us         0.03%       5.472us       1.824us             3  
void at::native::vectorized_gather_kernel<16, long>(...         0.00%       0.000us         0.00%       0.000us       0.000us       5.183us         0.03%       5.183us       5.183us             1  
void at::native::unrolled_elementwise_kernel<at::nat...         0.00%       0.000us         0.00%       0.000us       0.000us       4.672us         0.03%       4.672us       4.672us             1  
                         write_req_to_token_pool_triton         0.00%       0.000us         0.00%       0.000us       0.000us       4.128us         0.03%       4.128us       4.128us             1  
void at_cuda_detail::cub::detail::scan::DeviceScanIn...         0.00%       0.000us         0.00%       0.000us       0.000us       3.614us         0.02%       3.614us       1.205us             3  
void at::native::unrolled_elementwise_kernel<at::nat...         0.00%       0.000us         0.00%       0.000us       0.000us       3.552us         0.02%       3.552us       1.776us             2  
void at::native::reduce_kernel<512, 1, at::native::R...         0.00%       0.000us         0.00%       0.000us       0.000us       3.104us         0.02%       3.104us       3.104us             1  
void at::native::vectorized_elementwise_kernel<2, at...         0.00%       0.000us         0.00%       0.000us       0.000us       3.040us         0.02%       3.040us       1.520us             2  
void at::native::(anonymous namespace)::multi_tensor...         0.00%       0.000us         0.00%       0.000us       0.000us       2.592us         0.02%       2.592us       2.592us             1  
void at::native::reduce_kernel<512, 1, at::native::R...         0.00%       0.000us         0.00%       0.000us       0.000us       2.176us         0.01%       2.176us       2.176us             1  
void at::native::unrolled_elementwise_kernel<at::nat...         0.00%       0.000us         0.00%       0.000us       0.000us       2.112us         0.01%       2.112us       2.112us             1  
                                compute_position_kernel         0.00%       0.000us         0.00%       0.000us       0.000us       1.985us         0.01%       1.985us       1.985us             1  
triton_poi_fused_add_bitwise_and_bitwise_not_bitwise...         0.00%       0.000us         0.00%       0.000us       0.000us       1.824us         0.01%       1.824us       1.824us             1  
void at::native::unrolled_elementwise_kernel<at::nat...         0.00%       0.000us         0.00%       0.000us       0.000us       1.216us         0.01%       1.216us       1.216us             1  
                    create_flashinfer_kv_indices_triton         0.00%       0.000us         0.00%       0.000us       0.000us       1.056us         0.01%       1.056us       1.056us             1  
void at::native::vectorized_elementwise_kernel<4, at...         0.00%       0.000us         0.00%       0.000us       0.000us       1.056us         0.01%       1.056us       1.056us             1  
                                  cudaDeviceSynchronize         0.52%      41.492us         0.52%      41.492us      13.831us       0.000us         0.00%       0.000us       0.000us             3  
                                Activity Buffer Request        20.78%       1.652ms        20.78%       1.652ms       1.652ms       0.000us         0.00%       0.000us       0.000us             1  
                               cudaPointerGetAttributes         0.06%       4.710us         0.06%       4.710us       4.710us       0.000us         0.00%       0.000us       0.000us             1  
                                  cudaStreamIsCapturing         0.14%      11.349us         0.14%      11.349us       0.493us       0.000us         0.00%       0.000us       0.000us            23  
                                        cudaMemcpyAsync        15.18%       1.207ms        15.18%       1.207ms       9.503us       0.000us         0.00%       0.000us       0.000us           127  
                               cudaEventRecordWithFlags         0.16%      12.955us         0.16%      12.955us       1.619us       0.000us         0.00%       0.000us       0.000us             8  
                                         cudaEventQuery         0.39%      31.134us         0.39%      31.134us       3.892us       0.000us         0.00%       0.000us       0.000us             8  
                                       cuLaunchKernelEx        19.64%       1.561ms        19.64%       1.561ms       5.740us       0.000us         0.00%       0.000us       0.000us           272  
                                       cudaLaunchKernel        14.15%       1.125ms        14.15%       1.125ms       6.181us       0.000us         0.00%       0.000us       0.000us           182  
                                  cudaStreamSynchronize         0.38%      29.833us         0.38%      29.833us       7.458us       0.000us         0.00%       0.000us       0.000us             4  
                                    cudaPeekAtLastError         0.02%       1.367us         0.02%       1.367us       0.114us       0.000us         0.00%       0.000us       0.000us            12  
cudaOccupancyMaxActiveBlocksPerMultiprocessorWithFla...         0.07%       5.558us         0.07%       5.558us       1.853us       0.000us         0.00%       0.000us       0.000us             3  
                                 cudaDeviceGetAttribute         0.38%      29.897us         0.38%      29.897us       0.997us       0.000us         0.00%       0.000us       0.000us            30  
                                    cudaLaunchKernelExC        20.95%       1.665ms        20.95%       1.665ms       6.146us       0.000us         0.00%       0.000us       0.000us           271  
                                         cuLaunchKernel         5.14%     408.936us         5.14%     408.936us       5.176us       0.000us         0.00%       0.000us       0.000us            79  
                                                INVALID         0.60%      48.070us         0.60%      48.070us       0.445us       0.000us         0.00%       0.000us       0.000us           108  
                                   cudaDriverGetVersion         0.12%       9.888us         0.12%       9.888us       0.092us       0.000us         0.00%       0.000us       0.000us           108  
                                   cudaFuncSetAttribute         1.32%     104.624us         1.32%     104.624us       3.875us       0.000us         0.00%       0.000us       0.000us            27  
-------------------------------------------------------  ------------  ------------  ------------  ------------  ------------  ------------  ------------  ------------  ------------  ------------  
Self CPU time total: 7.951ms
Self CUDA time total: 16.041ms
-------------------------------------------------------  ------------  ------------  ------------  ------------  ------------  ------------  ------------  ------------  ------------  ------------  
                                                   Name    Self CPU %      Self CPU   CPU total %     CPU total  CPU time avg     Self CUDA   Self CUDA %    CUDA total  CUDA time avg    # of Calls  
-------------------------------------------------------  ------------  ------------  ------------  ------------  ------------  ------------  ------------  ------------  ------------  ------------  
void (anonymous namespace)::all_reduce_two_shot_kern...         0.00%       0.000us         0.00%       0.000us       0.000us      92.658ms        87.11%      92.658ms       1.685ms            55  
                                       fused_moe_kernel         0.00%       0.000us         0.00%       0.000us       0.000us       5.599ms         5.26%       5.599ms     107.678us            52  
void cutlass::device_kernel<cutlass::fmha::kernel::S...         0.00%       0.000us         0.00%       0.000us       0.000us       1.958ms         1.84%       1.958ms      72.507us            27  
                         Memcpy DtoD (Device -> Device)         0.00%       0.000us         0.00%       0.000us       0.000us     536.035us         0.50%     536.035us       4.873us           110  
kernel_cutlass_kernel_flashinfernormkernelsfused_add...         0.00%       0.000us         0.00%       0.000us       0.000us     531.101us         0.50%     531.101us       9.835us            54  
void at::native::sbtopk::gatherTopK<float, unsigned ...         0.00%       0.000us         0.00%       0.000us       0.000us     524.547us         0.49%     524.547us      10.087us            52  
void moe_sum_reduce_warp_per_token_vec_kernel<8>(c10...         0.00%       0.000us         0.00%       0.000us       0.000us     521.982us         0.49%     521.982us      20.076us            26  
void (anonymous namespace)::act_and_mul_kernel<__nv_...         0.00%       0.000us         0.00%       0.000us       0.000us     455.041us         0.43%     455.041us       8.751us            52  
         nvjet_sm100_tst_128x256_64x6_2x2_2cta_h_bz_TNT         0.00%       0.000us         0.00%       0.000us       0.000us     439.131us         0.41%     439.131us       8.132us            54  
                               _all_gather_kernel_inner         0.00%       0.000us         0.00%       0.000us       0.000us     346.942us         0.33%     346.942us     346.942us             1  
         nvjet_sm100_tst_176x128_64x8_2x2_2cta_h_bz_TNN         0.00%       0.000us         0.00%       0.000us       0.000us     344.861us         0.32%     344.861us      13.264us            26  
         nvjet_sm100_tst_144x128_64x8_2x2_2cta_h_bz_TNN         0.00%       0.000us         0.00%       0.000us       0.000us     306.750us         0.29%     306.750us      11.361us            27  
void count_and_sort_expert_tokens_kernel<int>(int co...         0.00%       0.000us         0.00%       0.000us       0.000us     264.991us         0.25%     264.991us      10.192us            26  
          nvjet_sm100_tst_96x128_64x9_2x2_2cta_h_bz_TNN         0.00%       0.000us         0.00%       0.000us       0.000us     231.393us         0.22%     231.393us       8.570us            27  
void moe_align_block_size_kernel<int>(int const*, in...         0.00%       0.000us         0.00%       0.000us       0.000us     220.479us         0.21%     220.479us       8.480us            26  
          nvjet_sm100_tss_32x64_64x16_2x2_2cta_h_bz_TNN         0.00%       0.000us         0.00%       0.000us       0.000us     207.361us         0.19%     207.361us       7.975us            26  
void at::native::vectorized_elementwise_kernel<8, at...         0.00%       0.000us         0.00%       0.000us       0.000us     199.742us         0.19%     199.742us       7.682us            26  
kernel_cutlass_kernel_flashinfernormkernelsrmsnormRM...         0.00%       0.000us         0.00%       0.000us       0.000us     166.687us         0.16%     166.687us       6.174us            27  
         nvjet_sm100_tst_128x128_64x8_2x2_2cta_h_bz_TNT         0.00%       0.000us         0.00%       0.000us       0.000us     139.488us         0.13%     139.488us       5.166us            27  
triton_red_fused__softmax_exp_max_prepare_softmax_on...         0.00%       0.000us         0.00%       0.000us       0.000us     106.432us         0.10%     106.432us       4.094us            26  
                           concat_and_cast_mha_k_kernel         0.00%       0.000us         0.00%       0.000us       0.000us     102.046us         0.10%     102.046us       3.779us            27  
void (anonymous namespace)::fused_rope_kernel<false,...         0.00%       0.000us         0.00%       0.000us       0.000us      80.929us         0.08%      80.929us       2.997us            27  
void (anonymous namespace)::set_mla_kv_buffer_kernel...         0.00%       0.000us         0.00%       0.000us       0.000us      74.338us         0.07%      74.338us       2.753us            27  
triton_poi_fused__softmax__to_copy_arange_bitwise_no...         0.00%       0.000us         0.00%       0.000us       0.000us      57.023us         0.05%      57.023us       2.193us            26  
                            triton_poi_fused__to_copy_2         0.00%       0.000us         0.00%       0.000us       0.000us      48.513us         0.05%      48.513us       1.866us            26  
         nvjet_sm100_tst_128x160_64x8_2x1_2cta_v_bz_TNT         0.00%       0.000us         0.00%       0.000us       0.000us      29.888us         0.03%      29.888us      29.888us             1  
flashinfer::plan_kernel(int*, int*, int*, int*, int*...         0.00%       0.000us         0.00%       0.000us       0.000us      28.736us         0.03%      28.736us      28.736us             1  
void at::native::reduce_kernel<512, 1, at::native::R...         0.00%       0.000us         0.00%       0.000us       0.000us      24.608us         0.02%      24.608us      24.608us             1  
void at::native::elementwise_kernel<128, 4, at::nati...         0.00%       0.000us         0.00%       0.000us       0.000us      15.648us         0.01%      15.648us      15.648us             1  
                         Memcpy HtoD (Pinned -> Device)         0.00%       0.000us         0.00%       0.000us       0.000us      15.391us         0.01%      15.391us       1.924us             8  
void at::native::elementwise_kernel<128, 4, at::nati...         0.00%       0.000us         0.00%       0.000us       0.000us      14.305us         0.01%      14.305us      14.305us             1  
               nvjet_sm100_tst_128x8_64x12_4x1_v_bz_TNT         0.00%       0.000us         0.00%       0.000us       0.000us      12.865us         0.01%      12.865us      12.865us             1  
void at::native::elementwise_kernel<128, 4, at::nati...         0.00%       0.000us         0.00%       0.000us       0.000us      12.768us         0.01%      12.768us      12.768us             1  
void at::native::index_elementwise_kernel<128, 4, at...         0.00%       0.000us         0.00%       0.000us       0.000us       7.520us         0.01%       7.520us       7.520us             1  
                       Memcpy DtoH (Device -> Pageable)         0.00%       0.000us         0.00%       0.000us       0.000us       6.850us         0.01%       6.850us       3.425us             2  
                         Memcpy DtoH (Device -> Pinned)         0.00%       0.000us         0.00%       0.000us       0.000us       6.176us         0.01%       6.176us       3.088us             2  
kernel_cutlass_kernel_flashinfernormkernelsrmsnormRM...         0.00%       0.000us         0.00%       0.000us       0.000us       6.080us         0.01%       6.080us       6.080us             1  
                       Memcpy HtoD (Pageable -> Device)         0.00%       0.000us         0.00%       0.000us       0.000us       5.825us         0.01%       5.825us       1.165us             5  
void at_cuda_detail::cub::detail::scan::DeviceScanKe...         0.00%       0.000us         0.00%       0.000us       0.000us       5.665us         0.01%       5.665us       1.888us             3  
void at::native::unrolled_elementwise_kernel<at::nat...         0.00%       0.000us         0.00%       0.000us       0.000us       5.599us         0.01%       5.599us       1.866us             3  
void at::native::vectorized_gather_kernel<16, long>(...         0.00%       0.000us         0.00%       0.000us       0.000us       5.280us         0.00%       5.280us       5.280us             1  
                         write_req_to_token_pool_triton         0.00%       0.000us         0.00%       0.000us       0.000us       4.832us         0.00%       4.832us       4.832us             1  
void at_cuda_detail::cub::detail::scan::DeviceScanIn...         0.00%       0.000us         0.00%       0.000us       0.000us       4.289us         0.00%       4.289us       1.430us             3  
void at::native::vectorized_elementwise_kernel<2, at...         0.00%       0.000us         0.00%       0.000us       0.000us       4.192us         0.00%       4.192us       2.096us             2  
void at::native::unrolled_elementwise_kernel<at::nat...         0.00%       0.000us         0.00%       0.000us       0.000us       4.000us         0.00%       4.000us       4.000us             1  
void at::native::unrolled_elementwise_kernel<at::nat...         0.00%       0.000us         0.00%       0.000us       0.000us       3.329us         0.00%       3.329us       1.665us             2  
void at::native::reduce_kernel<512, 1, at::native::R...         0.00%       0.000us         0.00%       0.000us       0.000us       3.007us         0.00%       3.007us       3.007us             1  
void at::native::(anonymous namespace)::multi_tensor...         0.00%       0.000us         0.00%       0.000us       0.000us       2.560us         0.00%       2.560us       2.560us             1  
void at::native::reduce_kernel<512, 1, at::native::R...         0.00%       0.000us         0.00%       0.000us       0.000us       2.432us         0.00%       2.432us       2.432us             1  
                                compute_position_kernel         0.00%       0.000us         0.00%       0.000us       0.000us       2.208us         0.00%       2.208us       2.208us             1  
void at::native::unrolled_elementwise_kernel<at::nat...         0.00%       0.000us         0.00%       0.000us       0.000us       2.208us         0.00%       2.208us       2.208us             1  
triton_poi_fused_add_bitwise_and_bitwise_not_bitwise...         0.00%       0.000us         0.00%       0.000us       0.000us       1.888us         0.00%       1.888us       1.888us             1  
void at::native::unrolled_elementwise_kernel<at::nat...         0.00%       0.000us         0.00%       0.000us       0.000us       1.856us         0.00%       1.856us       1.856us             1  
void at::native::vectorized_elementwise_kernel<4, at...         0.00%       0.000us         0.00%       0.000us       0.000us       1.600us         0.00%       1.600us       1.600us             1  
                    create_flashinfer_kv_indices_triton         0.00%       0.000us         0.00%       0.000us       0.000us       1.408us         0.00%       1.408us       1.408us             1  
                                  cudaDeviceSynchronize        86.40%      50.589ms        86.40%      50.589ms      16.863ms       0.000us         0.00%       0.000us       0.000us             3  
                                Activity Buffer Request         2.80%       1.642ms         2.80%       1.642ms       1.642ms       0.000us         0.00%       0.000us       0.000us             1  
                               cudaPointerGetAttributes         0.01%       5.317us         0.01%       5.317us       5.317us       0.000us         0.00%       0.000us       0.000us             1  
                                  cudaStreamIsCapturing         0.02%      11.547us         0.02%      11.547us       0.502us       0.000us         0.00%       0.000us       0.000us            23  
                                        cudaMemcpyAsync         2.06%       1.207ms         2.06%       1.207ms       9.505us       0.000us         0.00%       0.000us       0.000us           127  
                               cudaEventRecordWithFlags         0.03%      15.168us         0.03%      15.168us       1.896us       0.000us         0.00%       0.000us       0.000us             8  
                                         cudaEventQuery         0.06%      32.819us         0.06%      32.819us       4.102us       0.000us         0.00%       0.000us       0.000us             8  
                                       cuLaunchKernelEx         2.77%       1.621ms         2.77%       1.621ms       5.958us       0.000us         0.00%       0.000us       0.000us           272  
                                       cudaLaunchKernel         1.92%       1.122ms         1.92%       1.122ms       6.165us       0.000us         0.00%       0.000us       0.000us           182  
                                  cudaStreamSynchronize         0.05%      30.645us         0.05%      30.645us       7.661us       0.000us         0.00%       0.000us       0.000us             4  
                                    cudaPeekAtLastError         0.00%       1.321us         0.00%       1.321us       0.110us       0.000us         0.00%       0.000us       0.000us            12  
cudaOccupancyMaxActiveBlocksPerMultiprocessorWithFla...         0.01%       5.371us         0.01%       5.371us       1.790us       0.000us         0.00%       0.000us       0.000us             3  
                                 cudaDeviceGetAttribute         0.05%      28.437us         0.05%      28.437us       0.948us       0.000us         0.00%       0.000us       0.000us            30  
                                    cudaLaunchKernelExC         2.84%       1.663ms         2.84%       1.663ms       6.136us       0.000us         0.00%       0.000us       0.000us           271  
                                         cuLaunchKernel         0.71%     415.116us         0.71%     415.116us       5.255us       0.000us         0.00%       0.000us       0.000us            79  
                                                INVALID         0.09%      49.894us         0.09%      49.894us       0.462us       0.000us         0.00%       0.000us       0.000us           108  
                                   cudaDriverGetVersion         0.02%      10.136us         0.02%      10.136us       0.094us       0.000us         0.00%       0.000us       0.000us           108  
                                   cudaFuncSetAttribute         0.18%     104.767us         0.18%     104.767us       3.880us       0.000us         0.00%       0.000us       0.000us            27  
-------------------------------------------------------  ------------  ------------  ------------  ------------  ------------  ------------  ------------  ------------  ------------  ------------  
Self CPU time total: 58.553ms
Self CUDA time total: 106.364ms
-------------------------------------------------------  ------------  ------------  ------------  ------------  ------------  ------------  ------------  ------------  ------------  ------------  
                                                   Name    Self CPU %      Self CPU   CPU total %     CPU total  CPU time avg     Self CUDA   Self CUDA %    CUDA total  CUDA time avg    # of Calls  
-------------------------------------------------------  ------------  ------------  ------------  ------------  ------------  ------------  ------------  ------------  ------------  ------------  
void (anonymous namespace)::all_reduce_two_shot_kern...         0.00%       0.000us         0.00%       0.000us       0.000us      60.120ms        81.48%      60.120ms       1.093ms            55  
                                       fused_moe_kernel         0.00%       0.000us         0.00%       0.000us       0.000us       5.599ms         7.59%       5.599ms     107.672us            52  
void cutlass::device_kernel<cutlass::fmha::kernel::S...         0.00%       0.000us         0.00%       0.000us       0.000us       1.948ms         2.64%       1.948ms      72.155us            27  
                         Memcpy DtoD (Device -> Device)         0.00%       0.000us         0.00%       0.000us       0.000us     534.874us         0.72%     534.874us       4.862us           110  
kernel_cutlass_kernel_flashinfernormkernelsfused_add...         0.00%       0.000us         0.00%       0.000us       0.000us     527.874us         0.72%     527.874us       9.775us            54  
void at::native::sbtopk::gatherTopK<float, unsigned ...         0.00%       0.000us         0.00%       0.000us       0.000us     522.717us         0.71%     522.717us      10.052us            52  
void moe_sum_reduce_warp_per_token_vec_kernel<8>(c10...         0.00%       0.000us         0.00%       0.000us       0.000us     520.416us         0.71%     520.416us      20.016us            26  
void (anonymous namespace)::act_and_mul_kernel<__nv_...         0.00%       0.000us         0.00%       0.000us       0.000us     441.985us         0.60%     441.985us       8.500us            52  
         nvjet_sm100_tst_128x256_64x6_2x2_2cta_h_bz_TNT         0.00%       0.000us         0.00%       0.000us       0.000us     429.084us         0.58%     429.084us       7.946us            54  
                               _all_gather_kernel_inner         0.00%       0.000us         0.00%       0.000us       0.000us     347.486us         0.47%     347.486us     347.486us             1  
         nvjet_sm100_tst_176x128_64x8_2x2_2cta_h_bz_TNN         0.00%       0.000us         0.00%       0.000us       0.000us     333.406us         0.45%     333.406us      12.823us            26  
         nvjet_sm100_tst_144x128_64x8_2x2_2cta_h_bz_TNN         0.00%       0.000us         0.00%       0.000us       0.000us     305.758us         0.41%     305.758us      11.324us            27  
void count_and_sort_expert_tokens_kernel<int>(int co...         0.00%       0.000us         0.00%       0.000us       0.000us     268.703us         0.36%     268.703us      10.335us            26  
          nvjet_sm100_tst_96x128_64x9_2x2_2cta_h_bz_TNN         0.00%       0.000us         0.00%       0.000us       0.000us     231.488us         0.31%     231.488us       8.574us            27  
void moe_align_block_size_kernel<int>(int const*, in...         0.00%       0.000us         0.00%       0.000us       0.000us     213.789us         0.29%     213.789us       8.223us            26  
          nvjet_sm100_tss_32x64_64x16_2x2_2cta_h_bz_TNN         0.00%       0.000us         0.00%       0.000us       0.000us     205.155us         0.28%     205.155us       7.891us            26  
void at::native::vectorized_elementwise_kernel<8, at...         0.00%       0.000us         0.00%       0.000us       0.000us     200.701us         0.27%     200.701us       7.719us            26  
kernel_cutlass_kernel_flashinfernormkernelsrmsnormRM...         0.00%       0.000us         0.00%       0.000us       0.000us     166.429us         0.23%     166.429us       6.164us            27  
         nvjet_sm100_tst_128x128_64x8_2x2_2cta_h_bz_TNT         0.00%       0.000us         0.00%       0.000us       0.000us     138.912us         0.19%     138.912us       5.145us            27  
triton_red_fused__softmax_exp_max_prepare_softmax_on...         0.00%       0.000us         0.00%       0.000us       0.000us     106.049us         0.14%     106.049us       4.079us            26  
                           concat_and_cast_mha_k_kernel         0.00%       0.000us         0.00%       0.000us       0.000us      99.805us         0.14%      99.805us       3.696us            27  
void (anonymous namespace)::fused_rope_kernel<false,...         0.00%       0.000us         0.00%       0.000us       0.000us      80.572us         0.11%      80.572us       2.984us            27  
triton_poi_fused__softmax__to_copy_arange_bitwise_no...         0.00%       0.000us         0.00%       0.000us       0.000us      77.760us         0.11%      77.760us       2.991us            26  
void (anonymous namespace)::set_mla_kv_buffer_kernel...         0.00%       0.000us         0.00%       0.000us       0.000us      73.149us         0.10%      73.149us       2.709us            27  
                            triton_poi_fused__to_copy_2         0.00%       0.000us         0.00%       0.000us       0.000us      48.612us         0.07%      48.612us       1.870us            26  
         nvjet_sm100_tst_128x160_64x8_2x1_2cta_v_bz_TNT         0.00%       0.000us         0.00%       0.000us       0.000us      30.272us         0.04%      30.272us      30.272us             1  
flashinfer::plan_kernel(int*, int*, int*, int*, int*...         0.00%       0.000us         0.00%       0.000us       0.000us      28.096us         0.04%      28.096us      28.096us             1  
void at::native::reduce_kernel<512, 1, at::native::R...         0.00%       0.000us         0.00%       0.000us       0.000us      23.905us         0.03%      23.905us      23.905us             1  
void at::native::elementwise_kernel<128, 4, at::nati...         0.00%       0.000us         0.00%       0.000us       0.000us      15.648us         0.02%      15.648us      15.648us             1  
                         Memcpy HtoD (Pinned -> Device)         0.00%       0.000us         0.00%       0.000us       0.000us      15.582us         0.02%      15.582us       1.948us             8  
void at::native::elementwise_kernel<128, 4, at::nati...         0.00%       0.000us         0.00%       0.000us       0.000us      14.208us         0.02%      14.208us      14.208us             1  
void at::native::elementwise_kernel<128, 4, at::nati...         0.00%       0.000us         0.00%       0.000us       0.000us      12.865us         0.02%      12.865us      12.865us             1  
               nvjet_sm100_tst_128x8_64x12_4x1_v_bz_TNT         0.00%       0.000us         0.00%       0.000us       0.000us      12.544us         0.02%      12.544us      12.544us             1  
void at::native::index_elementwise_kernel<128, 4, at...         0.00%       0.000us         0.00%       0.000us       0.000us       7.520us         0.01%       7.520us       7.520us             1  
                         Memcpy DtoH (Device -> Pinned)         0.00%       0.000us         0.00%       0.000us       0.000us       7.232us         0.01%       7.232us       3.616us             2  
                       Memcpy HtoD (Pageable -> Device)         0.00%       0.000us         0.00%       0.000us       0.000us       7.007us         0.01%       7.007us       1.401us             5  
                       Memcpy DtoH (Device -> Pageable)         0.00%       0.000us         0.00%       0.000us       0.000us       6.528us         0.01%       6.528us       3.264us             2  
kernel_cutlass_kernel_flashinfernormkernelsrmsnormRM...         0.00%       0.000us         0.00%       0.000us       0.000us       5.952us         0.01%       5.952us       5.952us             1  
void at::native::unrolled_elementwise_kernel<at::nat...         0.00%       0.000us         0.00%       0.000us       0.000us       5.888us         0.01%       5.888us       1.963us             3  
void at_cuda_detail::cub::detail::scan::DeviceScanKe...         0.00%       0.000us         0.00%       0.000us       0.000us       5.600us         0.01%       5.600us       1.867us             3  
void at::native::vectorized_gather_kernel<16, long>(...         0.00%       0.000us         0.00%       0.000us       0.000us       5.247us         0.01%       5.247us       5.247us             1  
                         write_req_to_token_pool_triton         0.00%       0.000us         0.00%       0.000us       0.000us       4.224us         0.01%       4.224us       4.224us             1  
void at::native::unrolled_elementwise_kernel<at::nat...         0.00%       0.000us         0.00%       0.000us       0.000us       4.000us         0.01%       4.000us       4.000us             1  
void at_cuda_detail::cub::detail::scan::DeviceScanIn...         0.00%       0.000us         0.00%       0.000us       0.000us       3.584us         0.00%       3.584us       1.195us             3  
void at::native::unrolled_elementwise_kernel<at::nat...         0.00%       0.000us         0.00%       0.000us       0.000us       3.552us         0.00%       3.552us       1.776us             2  
void at::native::reduce_kernel<512, 1, at::native::R...         0.00%       0.000us         0.00%       0.000us       0.000us       3.169us         0.00%       3.169us       3.169us             1  
void at::native::vectorized_elementwise_kernel<2, at...         0.00%       0.000us         0.00%       0.000us       0.000us       3.103us         0.00%       3.103us       1.552us             2  
void at::native::(anonymous namespace)::multi_tensor...         0.00%       0.000us         0.00%       0.000us       0.000us       2.657us         0.00%       2.657us       2.657us             1  
void at::native::reduce_kernel<512, 1, at::native::R...         0.00%       0.000us         0.00%       0.000us       0.000us       2.240us         0.00%       2.240us       2.240us             1  
triton_poi_fused_add_bitwise_and_bitwise_not_bitwise...         0.00%       0.000us         0.00%       0.000us       0.000us       2.144us         0.00%       2.144us       2.144us             1  
void at::native::unrolled_elementwise_kernel<at::nat...         0.00%       0.000us         0.00%       0.000us       0.000us       2.049us         0.00%       2.049us       2.049us             1  
                                compute_position_kernel         0.00%       0.000us         0.00%       0.000us       0.000us       1.984us         0.00%       1.984us       1.984us             1  
void at::native::unrolled_elementwise_kernel<at::nat...         0.00%       0.000us         0.00%       0.000us       0.000us       1.248us         0.00%       1.248us       1.248us             1  
void at::native::vectorized_elementwise_kernel<4, at...         0.00%       0.000us         0.00%       0.000us       0.000us       1.184us         0.00%       1.184us       1.184us             1  
                    create_flashinfer_kv_indices_triton         0.00%       0.000us         0.00%       0.000us       0.000us       1.120us         0.00%       1.120us       1.120us             1  
                                  cudaDeviceSynchronize        66.96%      16.925ms        66.96%      16.925ms       5.642ms       0.000us         0.00%       0.000us       0.000us             3  
                                Activity Buffer Request         7.59%       1.919ms         7.59%       1.919ms       1.919ms       0.000us         0.00%       0.000us       0.000us             1  
                               cudaPointerGetAttributes         0.03%       7.844us         0.03%       7.844us       7.844us       0.000us         0.00%       0.000us       0.000us             1  
                                  cudaStreamIsCapturing         0.05%      11.943us         0.05%      11.943us       0.519us       0.000us         0.00%       0.000us       0.000us            23  
                                        cudaMemcpyAsync         4.94%       1.247ms         4.94%       1.247ms       9.823us       0.000us         0.00%       0.000us       0.000us           127  
                               cudaEventRecordWithFlags         0.05%      11.394us         0.05%      11.394us       1.424us       0.000us         0.00%       0.000us       0.000us             8  
                                         cudaEventQuery         0.13%      31.642us         0.13%      31.642us       3.955us       0.000us         0.00%       0.000us       0.000us             8  
                                       cuLaunchKernelEx         6.51%       1.646ms         6.51%       1.646ms       6.050us       0.000us         0.00%       0.000us       0.000us           272  
                                       cudaLaunchKernel         4.58%       1.156ms         4.58%       1.156ms       6.354us       0.000us         0.00%       0.000us       0.000us           182  
                                  cudaStreamSynchronize         0.13%      32.429us         0.13%      32.429us       8.107us       0.000us         0.00%       0.000us       0.000us             4  
                                    cudaPeekAtLastError         0.01%       1.293us         0.01%       1.293us       0.108us       0.000us         0.00%       0.000us       0.000us            12  
cudaOccupancyMaxActiveBlocksPerMultiprocessorWithFla...         0.03%       6.386us         0.03%       6.386us       2.129us       0.000us         0.00%       0.000us       0.000us             3  
                                 cudaDeviceGetAttribute         0.11%      28.614us         0.11%      28.614us       0.954us       0.000us         0.00%       0.000us       0.000us            30  
                                    cudaLaunchKernelExC         6.61%       1.670ms         6.61%       1.670ms       6.163us       0.000us         0.00%       0.000us       0.000us           271  
                                         cuLaunchKernel         1.68%     425.575us         1.68%     425.575us       5.387us       0.000us         0.00%       0.000us       0.000us            79  
                                                INVALID         0.20%      49.463us         0.20%      49.463us       0.458us       0.000us         0.00%       0.000us       0.000us           108  
                                   cudaDriverGetVersion         0.04%       9.857us         0.04%       9.857us       0.091us       0.000us         0.00%       0.000us       0.000us           108  
                                   cudaFuncSetAttribute         0.37%      94.775us         0.37%      94.775us       3.510us       0.000us         0.00%       0.000us       0.000us            27  
-------------------------------------------------------  ------------  ------------  ------------  ------------  ------------  ------------  ------------  ------------  ------------  ------------  
Self CPU time total: 25.275ms
Self CUDA time total: 73.782ms
-------------------------------------------------------  ------------  ------------  ------------  ------------  ------------  ------------  ------------  ------------  ------------  ------------  
                                                   Name    Self CPU %      Self CPU   CPU total %     CPU total  CPU time avg     Self CUDA   Self CUDA %    CUDA total  CUDA time avg    # of Calls  
-------------------------------------------------------  ------------  ------------  ------------  ------------  ------------  ------------  ------------  ------------  ------------  ------------  
void (anonymous namespace)::all_reduce_two_shot_kern...         0.00%       0.000us         0.00%       0.000us       0.000us      92.226ms        87.06%      92.226ms       1.677ms            55  
                                       fused_moe_kernel         0.00%       0.000us         0.00%       0.000us       0.000us       5.587ms         5.27%       5.587ms     107.451us            52  
void cutlass::device_kernel<cutlass::fmha::kernel::S...         0.00%       0.000us         0.00%       0.000us       0.000us       1.949ms         1.84%       1.949ms      72.188us            27  
                         Memcpy DtoD (Device -> Device)         0.00%       0.000us         0.00%       0.000us       0.000us     535.556us         0.51%     535.556us       4.869us           110  
kernel_cutlass_kernel_flashinfernormkernelsfused_add...         0.00%       0.000us         0.00%       0.000us       0.000us     530.015us         0.50%     530.015us       9.815us            54  
void at::native::sbtopk::gatherTopK<float, unsigned ...         0.00%       0.000us         0.00%       0.000us       0.000us     524.859us         0.50%     524.859us      10.093us            52  
void moe_sum_reduce_warp_per_token_vec_kernel<8>(c10...         0.00%       0.000us         0.00%       0.000us       0.000us     521.697us         0.49%     521.697us      20.065us            26  
void (anonymous namespace)::act_and_mul_kernel<__nv_...         0.00%       0.000us         0.00%       0.000us       0.000us     452.479us         0.43%     452.479us       8.702us            52  
         nvjet_sm100_tst_128x256_64x6_2x2_2cta_h_bz_TNT         0.00%       0.000us         0.00%       0.000us       0.000us     439.036us         0.41%     439.036us       8.130us            54  
                               _all_gather_kernel_inner         0.00%       0.000us         0.00%       0.000us       0.000us     349.215us         0.33%     349.215us     349.215us             1  
         nvjet_sm100_tst_176x128_64x8_2x2_2cta_h_bz_TNN         0.00%       0.000us         0.00%       0.000us       0.000us     338.654us         0.32%     338.654us      13.025us            26  
         nvjet_sm100_tst_144x128_64x8_2x2_2cta_h_bz_TNN         0.00%       0.000us         0.00%       0.000us       0.000us     305.568us         0.29%     305.568us      11.317us            27  
void count_and_sort_expert_tokens_kernel<int>(int co...         0.00%       0.000us         0.00%       0.000us       0.000us     268.607us         0.25%     268.607us      10.331us            26  
          nvjet_sm100_tst_96x128_64x9_2x2_2cta_h_bz_TNN         0.00%       0.000us         0.00%       0.000us       0.000us     233.855us         0.22%     233.855us       8.661us            27  
void moe_align_block_size_kernel<int>(int const*, in...         0.00%       0.000us         0.00%       0.000us       0.000us     223.776us         0.21%     223.776us       8.607us            26  
          nvjet_sm100_tss_32x64_64x16_2x2_2cta_h_bz_TNN         0.00%       0.000us         0.00%       0.000us       0.000us     204.068us         0.19%     204.068us       7.849us            26  
void at::native::vectorized_elementwise_kernel<8, at...         0.00%       0.000us         0.00%       0.000us       0.000us     202.566us         0.19%     202.566us       7.791us            26  
kernel_cutlass_kernel_flashinfernormkernelsrmsnormRM...         0.00%       0.000us         0.00%       0.000us       0.000us     167.329us         0.16%     167.329us       6.197us            27  
         nvjet_sm100_tst_128x128_64x8_2x2_2cta_h_bz_TNT         0.00%       0.000us         0.00%       0.000us       0.000us     139.681us         0.13%     139.681us       5.173us            27  
triton_red_fused__softmax_exp_max_prepare_softmax_on...         0.00%       0.000us         0.00%       0.000us       0.000us     107.552us         0.10%     107.552us       4.137us            26  
                           concat_and_cast_mha_k_kernel         0.00%       0.000us         0.00%       0.000us       0.000us     103.776us         0.10%     103.776us       3.844us            27  
void (anonymous namespace)::fused_rope_kernel<false,...         0.00%       0.000us         0.00%       0.000us       0.000us      82.081us         0.08%      82.081us       3.040us            27  
triton_poi_fused__softmax__to_copy_arange_bitwise_no...         0.00%       0.000us         0.00%       0.000us       0.000us      78.851us         0.07%      78.851us       3.033us            26  
void (anonymous namespace)::set_mla_kv_buffer_kernel...         0.00%       0.000us         0.00%       0.000us       0.000us      75.424us         0.07%      75.424us       2.793us            27  
                            triton_poi_fused__to_copy_2         0.00%       0.000us         0.00%       0.000us       0.000us      48.609us         0.05%      48.609us       1.870us            26  
         nvjet_sm100_tst_128x160_64x8_2x1_2cta_v_bz_TNT         0.00%       0.000us         0.00%       0.000us       0.000us      29.504us         0.03%      29.504us      29.504us             1  
flashinfer::plan_kernel(int*, int*, int*, int*, int*...         0.00%       0.000us         0.00%       0.000us       0.000us      28.608us         0.03%      28.608us      28.608us             1  
void at::native::reduce_kernel<512, 1, at::native::R...         0.00%       0.000us         0.00%       0.000us       0.000us      24.480us         0.02%      24.480us      24.480us             1  
void at::native::elementwise_kernel<128, 4, at::nati...         0.00%       0.000us         0.00%       0.000us       0.000us      15.680us         0.01%      15.680us      15.680us             1  
void at::native::elementwise_kernel<128, 4, at::nati...         0.00%       0.000us         0.00%       0.000us       0.000us      14.336us         0.01%      14.336us      14.336us             1  
void at::native::elementwise_kernel<128, 4, at::nati...         0.00%       0.000us         0.00%       0.000us       0.000us      12.800us         0.01%      12.800us      12.800us             1  
               nvjet_sm100_tst_128x8_64x12_4x1_v_bz_TNT         0.00%       0.000us         0.00%       0.000us       0.000us      12.513us         0.01%      12.513us      12.513us             1  
                         Memcpy HtoD (Pinned -> Device)         0.00%       0.000us         0.00%       0.000us       0.000us      12.129us         0.01%      12.129us       1.516us             8  
void at::native::index_elementwise_kernel<128, 4, at...         0.00%       0.000us         0.00%       0.000us       0.000us       7.520us         0.01%       7.520us       7.520us             1  
void at_cuda_detail::cub::detail::scan::DeviceScanKe...         0.00%       0.000us         0.00%       0.000us       0.000us       6.368us         0.01%       6.368us       2.123us             3  
                       Memcpy DtoH (Device -> Pageable)         0.00%       0.000us         0.00%       0.000us       0.000us       6.080us         0.01%       6.080us       3.040us             2  
kernel_cutlass_kernel_flashinfernormkernelsrmsnormRM...         0.00%       0.000us         0.00%       0.000us       0.000us       6.048us         0.01%       6.048us       6.048us             1  
                         Memcpy DtoH (Device -> Pinned)         0.00%       0.000us         0.00%       0.000us       0.000us       5.664us         0.01%       5.664us       2.832us             2  
void at::native::unrolled_elementwise_kernel<at::nat...         0.00%       0.000us         0.00%       0.000us       0.000us       5.631us         0.01%       5.631us       1.877us             3  
                       Memcpy HtoD (Pageable -> Device)         0.00%       0.000us         0.00%       0.000us       0.000us       5.087us         0.00%       5.087us       1.017us             5  
void at::native::vectorized_gather_kernel<16, long>(...         0.00%       0.000us         0.00%       0.000us       0.000us       5.056us         0.00%       5.056us       5.056us             1  
                         write_req_to_token_pool_triton         0.00%       0.000us         0.00%       0.000us       0.000us       4.800us         0.00%       4.800us       4.800us             1  
void at_cuda_detail::cub::detail::scan::DeviceScanIn...         0.00%       0.000us         0.00%       0.000us       0.000us       4.640us         0.00%       4.640us       1.547us             3  
void at::native::vectorized_elementwise_kernel<2, at...         0.00%       0.000us         0.00%       0.000us       0.000us       4.192us         0.00%       4.192us       2.096us             2  
void at::native::unrolled_elementwise_kernel<at::nat...         0.00%       0.000us         0.00%       0.000us       0.000us       4.000us         0.00%       4.000us       4.000us             1  
void at::native::unrolled_elementwise_kernel<at::nat...         0.00%       0.000us         0.00%       0.000us       0.000us       3.936us         0.00%       3.936us       1.968us             2  
void at::native::reduce_kernel<512, 1, at::native::R...         0.00%       0.000us         0.00%       0.000us       0.000us       3.136us         0.00%       3.136us       3.136us             1  
void at::native::reduce_kernel<512, 1, at::native::R...         0.00%       0.000us         0.00%       0.000us       0.000us       2.944us         0.00%       2.944us       2.944us             1  
void at::native::(anonymous namespace)::multi_tensor...         0.00%       0.000us         0.00%       0.000us       0.000us       2.624us         0.00%       2.624us       2.624us             1  
                                compute_position_kernel         0.00%       0.000us         0.00%       0.000us       0.000us       2.176us         0.00%       2.176us       2.176us             1  
void at::native::unrolled_elementwise_kernel<at::nat...         0.00%       0.000us         0.00%       0.000us       0.000us       2.080us         0.00%       2.080us       2.080us             1  
void at::native::unrolled_elementwise_kernel<at::nat...         0.00%       0.000us         0.00%       0.000us       0.000us       1.825us         0.00%       1.825us       1.825us             1  
triton_poi_fused_add_bitwise_and_bitwise_not_bitwise...         0.00%       0.000us         0.00%       0.000us       0.000us       1.760us         0.00%       1.760us       1.760us             1  
void at::native::vectorized_elementwise_kernel<4, at...         0.00%       0.000us         0.00%       0.000us       0.000us       1.632us         0.00%       1.632us       1.632us             1  
                    create_flashinfer_kv_indices_triton         0.00%       0.000us         0.00%       0.000us       0.000us       1.440us         0.00%       1.440us       1.440us             1  
                                  cudaDeviceSynchronize        86.09%      49.108ms        86.09%      49.108ms      16.369ms       0.000us         0.00%       0.000us       0.000us             3  
                                Activity Buffer Request         3.05%       1.741ms         3.05%       1.741ms       1.741ms       0.000us         0.00%       0.000us       0.000us             1  
                               cudaPointerGetAttributes         0.01%       7.152us         0.01%       7.152us       7.152us       0.000us         0.00%       0.000us       0.000us             1  
                                  cudaStreamIsCapturing         0.02%      11.499us         0.02%      11.499us       0.500us       0.000us         0.00%       0.000us       0.000us            23  
                                        cudaMemcpyAsync         2.10%       1.198ms         2.10%       1.198ms       9.437us       0.000us         0.00%       0.000us       0.000us           127  
                               cudaEventRecordWithFlags         0.02%      14.162us         0.02%      14.162us       1.770us       0.000us         0.00%       0.000us       0.000us             8  
                                         cudaEventQuery         0.06%      31.861us         0.06%      31.861us       3.983us       0.000us         0.00%       0.000us       0.000us             8  
                                       cuLaunchKernelEx         2.72%       1.550ms         2.72%       1.550ms       5.697us       0.000us         0.00%       0.000us       0.000us           272  
                                       cudaLaunchKernel         1.98%       1.132ms         1.98%       1.132ms       6.221us       0.000us         0.00%       0.000us       0.000us           182  
                                  cudaStreamSynchronize         0.05%      28.848us         0.05%      28.848us       7.212us       0.000us         0.00%       0.000us       0.000us             4  
                                    cudaPeekAtLastError         0.00%       1.281us         0.00%       1.281us       0.107us       0.000us         0.00%       0.000us       0.000us            12  
cudaOccupancyMaxActiveBlocksPerMultiprocessorWithFla...         0.01%       6.742us         0.01%       6.742us       2.247us       0.000us         0.00%       0.000us       0.000us             3  
                                 cudaDeviceGetAttribute         0.05%      28.889us         0.05%      28.889us       0.963us       0.000us         0.00%       0.000us       0.000us            30  
                                    cudaLaunchKernelExC         2.84%       1.617ms         2.84%       1.617ms       5.968us       0.000us         0.00%       0.000us       0.000us           271  
                                         cuLaunchKernel         0.71%     404.362us         0.71%     404.362us       5.119us       0.000us         0.00%       0.000us       0.000us            79  
                                                INVALID         0.08%      48.277us         0.08%      48.277us       0.447us       0.000us         0.00%       0.000us       0.000us           108  
                                   cudaDriverGetVersion         0.02%       9.854us         0.02%       9.854us       0.091us       0.000us         0.00%       0.000us       0.000us           108  
                                   cudaFuncSetAttribute         0.18%     104.098us         0.18%     104.098us       3.855us       0.000us         0.00%       0.000us       0.000us            27  
-------------------------------------------------------  ------------  ------------  ------------  ------------  ------------  ------------  ------------  ------------  ------------  ------------  
Self CPU time total: 57.044ms
Self CUDA time total: 105.934ms
-------------------------------------------------------  ------------  ------------  ------------  ------------  ------------  ------------  ------------  ------------  ------------  ------------  
                                                   Name    Self CPU %      Self CPU   CPU total %     CPU total  CPU time avg     Self CUDA   Self CUDA %    CUDA total  CUDA time avg    # of Calls  
-------------------------------------------------------  ------------  ------------  ------------  ------------  ------------  ------------  ------------  ------------  ------------  ------------  
void (anonymous namespace)::all_reduce_two_shot_kern...         0.00%       0.000us         0.00%       0.000us       0.000us      74.388ms        84.46%      74.388ms       1.353ms            55  
                                       fused_moe_kernel         0.00%       0.000us         0.00%       0.000us       0.000us       5.603ms         6.36%       5.603ms     107.755us            52  
void cutlass::device_kernel<cutlass::fmha::kernel::S...         0.00%       0.000us         0.00%       0.000us       0.000us       1.945ms         2.21%       1.945ms      72.041us            27  
                         Memcpy DtoD (Device -> Device)         0.00%       0.000us         0.00%       0.000us       0.000us     536.467us         0.61%     536.467us       4.877us           110  
kernel_cutlass_kernel_flashinfernormkernelsfused_add...         0.00%       0.000us         0.00%       0.000us       0.000us     529.718us         0.60%     529.718us       9.810us            54  
void at::native::sbtopk::gatherTopK<float, unsigned ...         0.00%       0.000us         0.00%       0.000us       0.000us     522.244us         0.59%     522.244us      10.043us            52  
void moe_sum_reduce_warp_per_token_vec_kernel<8>(c10...         0.00%       0.000us         0.00%       0.000us       0.000us     522.015us         0.59%     522.015us      20.078us            26  
void (anonymous namespace)::act_and_mul_kernel<__nv_...         0.00%       0.000us         0.00%       0.000us       0.000us     448.891us         0.51%     448.891us       8.633us            52  
         nvjet_sm100_tst_128x256_64x6_2x2_2cta_h_bz_TNT         0.00%       0.000us         0.00%       0.000us       0.000us     432.125us         0.49%     432.125us       8.002us            54  
                               _all_gather_kernel_inner         0.00%       0.000us         0.00%       0.000us       0.000us     351.295us         0.40%     351.295us     351.295us             1  
         nvjet_sm100_tst_176x128_64x8_2x2_2cta_h_bz_TNN         0.00%       0.000us         0.00%       0.000us       0.000us     340.863us         0.39%     340.863us      13.110us            26  
         nvjet_sm100_tst_144x128_64x8_2x2_2cta_h_bz_TNN         0.00%       0.000us         0.00%       0.000us       0.000us     310.238us         0.35%     310.238us      11.490us            27  
void count_and_sort_expert_tokens_kernel<int>(int co...         0.00%       0.000us         0.00%       0.000us       0.000us     267.775us         0.30%     267.775us      10.299us            26  
          nvjet_sm100_tst_96x128_64x9_2x2_2cta_h_bz_TNN         0.00%       0.000us         0.00%       0.000us       0.000us     234.691us         0.27%     234.691us       8.692us            27  
          nvjet_sm100_tss_32x64_64x16_2x2_2cta_h_bz_TNN         0.00%       0.000us         0.00%       0.000us       0.000us     208.737us         0.24%     208.737us       8.028us            26  
void moe_align_block_size_kernel<int>(int const*, in...         0.00%       0.000us         0.00%       0.000us       0.000us     205.184us         0.23%     205.184us       7.892us            26  
void at::native::vectorized_elementwise_kernel<8, at...         0.00%       0.000us         0.00%       0.000us       0.000us     200.356us         0.23%     200.356us       7.706us            26  
kernel_cutlass_kernel_flashinfernormkernelsrmsnormRM...         0.00%       0.000us         0.00%       0.000us       0.000us     167.904us         0.19%     167.904us       6.219us            27  
         nvjet_sm100_tst_128x128_64x8_2x2_2cta_h_bz_TNT         0.00%       0.000us         0.00%       0.000us       0.000us     138.911us         0.16%     138.911us       5.145us            27  
triton_red_fused__softmax_exp_max_prepare_softmax_on...         0.00%       0.000us         0.00%       0.000us       0.000us     106.209us         0.12%     106.209us       4.085us            26  
                           concat_and_cast_mha_k_kernel         0.00%       0.000us         0.00%       0.000us       0.000us     101.279us         0.11%     101.279us       3.751us            27  
triton_poi_fused__softmax__to_copy_arange_bitwise_no...         0.00%       0.000us         0.00%       0.000us       0.000us      81.825us         0.09%      81.825us       3.147us            26  
void (anonymous namespace)::fused_rope_kernel<false,...         0.00%       0.000us         0.00%       0.000us       0.000us      80.385us         0.09%      80.385us       2.977us            27  
void (anonymous namespace)::set_mla_kv_buffer_kernel...         0.00%       0.000us         0.00%       0.000us       0.000us      74.463us         0.08%      74.463us       2.758us            27  
                            triton_poi_fused__to_copy_2         0.00%       0.000us         0.00%       0.000us       0.000us      45.665us         0.05%      45.665us       1.756us            26  
         nvjet_sm100_tst_128x160_64x8_2x1_2cta_v_bz_TNT         0.00%       0.000us         0.00%       0.000us       0.000us      29.441us         0.03%      29.441us      29.441us             1  
flashinfer::plan_kernel(int*, int*, int*, int*, int*...         0.00%       0.000us         0.00%       0.000us       0.000us      27.840us         0.03%      27.840us      27.840us             1  
void at::native::reduce_kernel<512, 1, at::native::R...         0.00%       0.000us         0.00%       0.000us       0.000us      23.872us         0.03%      23.872us      23.872us             1  
void at::native::elementwise_kernel<128, 4, at::nati...         0.00%       0.000us         0.00%       0.000us       0.000us      15.712us         0.02%      15.712us      15.712us             1  
                         Memcpy HtoD (Pinned -> Device)         0.00%       0.000us         0.00%       0.000us       0.000us      14.720us         0.02%      14.720us       1.840us             8  
void at::native::elementwise_kernel<128, 4, at::nati...         0.00%       0.000us         0.00%       0.000us       0.000us      14.495us         0.02%      14.495us      14.495us             1  
void at::native::elementwise_kernel<128, 4, at::nati...         0.00%       0.000us         0.00%       0.000us       0.000us      12.800us         0.01%      12.800us      12.800us             1  
               nvjet_sm100_tst_128x8_64x12_4x1_v_bz_TNT         0.00%       0.000us         0.00%       0.000us       0.000us      12.384us         0.01%      12.384us      12.384us             1  
void at::native::index_elementwise_kernel<128, 4, at...         0.00%       0.000us         0.00%       0.000us       0.000us       7.104us         0.01%       7.104us       7.104us             1  
                       Memcpy DtoH (Device -> Pageable)         0.00%       0.000us         0.00%       0.000us       0.000us       6.496us         0.01%       6.496us       3.248us             2  
                       Memcpy HtoD (Pageable -> Device)         0.00%       0.000us         0.00%       0.000us       0.000us       6.432us         0.01%       6.432us       1.286us             5  
kernel_cutlass_kernel_flashinfernormkernelsrmsnormRM...         0.00%       0.000us         0.00%       0.000us       0.000us       6.207us         0.01%       6.207us       6.207us             1  
                         Memcpy DtoH (Device -> Pinned)         0.00%       0.000us         0.00%       0.000us       0.000us       5.985us         0.01%       5.985us       2.993us             2  
void at::native::unrolled_elementwise_kernel<at::nat...         0.00%       0.000us         0.00%       0.000us       0.000us       5.536us         0.01%       5.536us       1.845us             3  
void at_cuda_detail::cub::detail::scan::DeviceScanKe...         0.00%       0.000us         0.00%       0.000us       0.000us       5.440us         0.01%       5.440us       1.813us             3  
void at::native::vectorized_gather_kernel<16, long>(...         0.00%       0.000us         0.00%       0.000us       0.000us       5.216us         0.01%       5.216us       5.216us             1  
                         write_req_to_token_pool_triton         0.00%       0.000us         0.00%       0.000us       0.000us       4.097us         0.00%       4.097us       4.097us             1  
void at::native::unrolled_elementwise_kernel<at::nat...         0.00%       0.000us         0.00%       0.000us       0.000us       4.064us         0.00%       4.064us       4.064us             1  
void at::native::unrolled_elementwise_kernel<at::nat...         0.00%       0.000us         0.00%       0.000us       0.000us       3.744us         0.00%       3.744us       1.872us             2  
void at_cuda_detail::cub::detail::scan::DeviceScanIn...         0.00%       0.000us         0.00%       0.000us       0.000us       3.584us         0.00%       3.584us       1.195us             3  
void at::native::vectorized_elementwise_kernel<2, at...         0.00%       0.000us         0.00%       0.000us       0.000us       3.041us         0.00%       3.041us       1.520us             2  
void at::native::reduce_kernel<512, 1, at::native::R...         0.00%       0.000us         0.00%       0.000us       0.000us       2.976us         0.00%       2.976us       2.976us             1  
void at::native::(anonymous namespace)::multi_tensor...         0.00%       0.000us         0.00%       0.000us       0.000us       2.688us         0.00%       2.688us       2.688us             1  
void at::native::reduce_kernel<512, 1, at::native::R...         0.00%       0.000us         0.00%       0.000us       0.000us       2.240us         0.00%       2.240us       2.240us             1  
triton_poi_fused_add_bitwise_and_bitwise_not_bitwise...         0.00%       0.000us         0.00%       0.000us       0.000us       2.080us         0.00%       2.080us       2.080us             1  
void at::native::unrolled_elementwise_kernel<at::nat...         0.00%       0.000us         0.00%       0.000us       0.000us       1.984us         0.00%       1.984us       1.984us             1  
                                compute_position_kernel         0.00%       0.000us         0.00%       0.000us       0.000us       1.920us         0.00%       1.920us       1.920us             1  
void at::native::unrolled_elementwise_kernel<at::nat...         0.00%       0.000us         0.00%       0.000us       0.000us       1.184us         0.00%       1.184us       1.184us             1  
void at::native::vectorized_elementwise_kernel<4, at...         0.00%       0.000us         0.00%       0.000us       0.000us       1.024us         0.00%       1.024us       1.024us             1  
                    create_flashinfer_kv_indices_triton         0.00%       0.000us         0.00%       0.000us       0.000us       1.024us         0.00%       1.024us       1.024us             1  
                                  cudaDeviceSynchronize        78.35%      30.456ms        78.35%      30.456ms      10.152ms       0.000us         0.00%       0.000us       0.000us             3  
                                Activity Buffer Request         4.38%       1.701ms         4.38%       1.701ms       1.701ms       0.000us         0.00%       0.000us       0.000us             1  
                               cudaPointerGetAttributes         0.01%       5.483us         0.01%       5.483us       5.483us       0.000us         0.00%       0.000us       0.000us             1  
                                  cudaStreamIsCapturing         0.03%      11.058us         0.03%      11.058us       0.481us       0.000us         0.00%       0.000us       0.000us            23  
                                        cudaMemcpyAsync         3.24%       1.259ms         3.24%       1.259ms       9.915us       0.000us         0.00%       0.000us       0.000us           127  
                               cudaEventRecordWithFlags         0.06%      21.869us         0.06%      21.869us       2.734us       0.000us         0.00%       0.000us       0.000us             8  
                                         cudaEventQuery         0.09%      34.949us         0.09%      34.949us       4.369us       0.000us         0.00%       0.000us       0.000us             8  
                                       cuLaunchKernelEx         4.37%       1.698ms         4.37%       1.698ms       6.242us       0.000us         0.00%       0.000us       0.000us           272  
                                       cudaLaunchKernel         3.24%       1.259ms         3.24%       1.259ms       6.917us       0.000us         0.00%       0.000us       0.000us           182  
                                  cudaStreamSynchronize         0.07%      27.598us         0.07%      27.598us       6.899us       0.000us         0.00%       0.000us       0.000us             4  
                                    cudaPeekAtLastError         0.00%       1.339us         0.00%       1.339us       0.112us       0.000us         0.00%       0.000us       0.000us            12  
cudaOccupancyMaxActiveBlocksPerMultiprocessorWithFla...         0.01%       5.332us         0.01%       5.332us       1.777us       0.000us         0.00%       0.000us       0.000us             3  
                                 cudaDeviceGetAttribute         0.07%      28.381us         0.07%      28.381us       0.946us       0.000us         0.00%       0.000us       0.000us            30  
                                    cudaLaunchKernelExC         4.51%       1.752ms         4.51%       1.752ms       6.466us       0.000us         0.00%       0.000us       0.000us           271  
                                         cuLaunchKernel         1.18%     457.242us         1.18%     457.242us       5.788us       0.000us         0.00%       0.000us       0.000us            79  
                                                INVALID         0.13%      48.785us         0.13%      48.785us       0.452us       0.000us         0.00%       0.000us       0.000us           108  
                                   cudaDriverGetVersion         0.03%      10.016us         0.03%      10.016us       0.093us       0.000us         0.00%       0.000us       0.000us           108  
                                   cudaFuncSetAttribute         0.24%      94.241us         0.24%      94.241us       3.490us       0.000us         0.00%       0.000us       0.000us            27  
-------------------------------------------------------  ------------  ------------  ------------  ------------  ------------  ------------  ------------  ------------  ------------  ------------  
Self CPU time total: 38.872ms
Self CUDA time total: 88.079ms
-------------------------------------------------------  ------------  ------------  ------------  ------------  ------------  ------------  ------------  ------------  ------------  ------------  
                                                   Name    Self CPU %      Self CPU   CPU total %     CPU total  CPU time avg     Self CUDA   Self CUDA %    CUDA total  CUDA time avg    # of Calls  
-------------------------------------------------------  ------------  ------------  ------------  ------------  ------------  ------------  ------------  ------------  ------------  ------------  
void (anonymous namespace)::all_reduce_two_shot_kern...         0.00%       0.000us         0.00%       0.000us       0.000us      59.056ms        81.23%      59.056ms       1.074ms            55  
                                       fused_moe_kernel         0.00%       0.000us         0.00%       0.000us       0.000us       5.590ms         7.69%       5.590ms     107.496us            52  
void cutlass::device_kernel<cutlass::fmha::kernel::S...         0.00%       0.000us         0.00%       0.000us       0.000us       1.944ms         2.67%       1.944ms      72.002us            27  
                         Memcpy DtoD (Device -> Device)         0.00%       0.000us         0.00%       0.000us       0.000us     533.527us         0.73%     533.527us       4.850us           110  
kernel_cutlass_kernel_flashinfernormkernelsfused_add...         0.00%       0.000us         0.00%       0.000us       0.000us     531.221us         0.73%     531.221us       9.837us            54  
void moe_sum_reduce_warp_per_token_vec_kernel<8>(c10...         0.00%       0.000us         0.00%       0.000us       0.000us     522.688us         0.72%     522.688us      20.103us            26  
void at::native::sbtopk::gatherTopK<float, unsigned ...         0.00%       0.000us         0.00%       0.000us       0.000us     519.904us         0.72%     519.904us       9.998us            52  
void (anonymous namespace)::act_and_mul_kernel<__nv_...         0.00%       0.000us         0.00%       0.000us       0.000us     442.879us         0.61%     442.879us       8.517us            52  
         nvjet_sm100_tst_128x256_64x6_2x2_2cta_h_bz_TNT         0.00%       0.000us         0.00%       0.000us       0.000us     427.167us         0.59%     427.167us       7.911us            54  
                               _all_gather_kernel_inner         0.00%       0.000us         0.00%       0.000us       0.000us     348.703us         0.48%     348.703us     348.703us             1  
         nvjet_sm100_tst_176x128_64x8_2x2_2cta_h_bz_TNN         0.00%       0.000us         0.00%       0.000us       0.000us     331.264us         0.46%     331.264us      12.741us            26  
         nvjet_sm100_tst_144x128_64x8_2x2_2cta_h_bz_TNN         0.00%       0.000us         0.00%       0.000us       0.000us     308.221us         0.42%     308.221us      11.416us            27  
void count_and_sort_expert_tokens_kernel<int>(int co...         0.00%       0.000us         0.00%       0.000us       0.000us     267.874us         0.37%     267.874us      10.303us            26  
          nvjet_sm100_tst_96x128_64x9_2x2_2cta_h_bz_TNN         0.00%       0.000us         0.00%       0.000us       0.000us     233.628us         0.32%     233.628us       8.653us            27  
void moe_align_block_size_kernel<int>(int const*, in...         0.00%       0.000us         0.00%       0.000us       0.000us     207.458us         0.29%     207.458us       7.979us            26  
          nvjet_sm100_tss_32x64_64x16_2x2_2cta_h_bz_TNN         0.00%       0.000us         0.00%       0.000us       0.000us     203.933us         0.28%     203.933us       7.844us            26  
void at::native::vectorized_elementwise_kernel<8, at...         0.00%       0.000us         0.00%       0.000us       0.000us     200.734us         0.28%     200.734us       7.721us            26  
kernel_cutlass_kernel_flashinfernormkernelsrmsnormRM...         0.00%       0.000us         0.00%       0.000us       0.000us     166.653us         0.23%     166.653us       6.172us            27  
         nvjet_sm100_tst_128x128_64x8_2x2_2cta_h_bz_TNT         0.00%       0.000us         0.00%       0.000us       0.000us     138.907us         0.19%     138.907us       5.145us            27  
triton_red_fused__softmax_exp_max_prepare_softmax_on...         0.00%       0.000us         0.00%       0.000us       0.000us     106.275us         0.15%     106.275us       4.088us            26  
                           concat_and_cast_mha_k_kernel         0.00%       0.000us         0.00%       0.000us       0.000us     101.057us         0.14%     101.057us       3.743us            27  
triton_poi_fused__softmax__to_copy_arange_bitwise_no...         0.00%       0.000us         0.00%       0.000us       0.000us      81.696us         0.11%      81.696us       3.142us            26  
void (anonymous namespace)::fused_rope_kernel<false,...         0.00%       0.000us         0.00%       0.000us       0.000us      80.131us         0.11%      80.131us       2.968us            27  
void (anonymous namespace)::set_mla_kv_buffer_kernel...         0.00%       0.000us         0.00%       0.000us       0.000us      74.178us         0.10%      74.178us       2.747us            27  
                            triton_poi_fused__to_copy_2         0.00%       0.000us         0.00%       0.000us       0.000us      45.885us         0.06%      45.885us       1.765us            26  
         nvjet_sm100_tst_128x160_64x8_2x1_2cta_v_bz_TNT         0.00%       0.000us         0.00%       0.000us       0.000us      29.984us         0.04%      29.984us      29.984us             1  
flashinfer::plan_kernel(int*, int*, int*, int*, int*...         0.00%       0.000us         0.00%       0.000us       0.000us      27.840us         0.04%      27.840us      27.840us             1  
void at::native::reduce_kernel<512, 1, at::native::R...         0.00%       0.000us         0.00%       0.000us       0.000us      23.968us         0.03%      23.968us      23.968us             1  
                         Memcpy HtoD (Pinned -> Device)         0.00%       0.000us         0.00%       0.000us       0.000us      15.777us         0.02%      15.777us       1.972us             8  
void at::native::elementwise_kernel<128, 4, at::nati...         0.00%       0.000us         0.00%       0.000us       0.000us      15.584us         0.02%      15.584us      15.584us             1  
void at::native::elementwise_kernel<128, 4, at::nati...         0.00%       0.000us         0.00%       0.000us       0.000us      14.336us         0.02%      14.336us      14.336us             1  
void at::native::elementwise_kernel<128, 4, at::nati...         0.00%       0.000us         0.00%       0.000us       0.000us      12.800us         0.02%      12.800us      12.800us             1  
               nvjet_sm100_tst_128x8_64x12_4x1_v_bz_TNT         0.00%       0.000us         0.00%       0.000us       0.000us      12.351us         0.02%      12.351us      12.351us             1  
                       Memcpy HtoD (Pageable -> Device)         0.00%       0.000us         0.00%       0.000us       0.000us       8.192us         0.01%       8.192us       1.638us             5  
void at::native::index_elementwise_kernel<128, 4, at...         0.00%       0.000us         0.00%       0.000us       0.000us       7.360us         0.01%       7.360us       7.360us             1  
                       Memcpy DtoH (Device -> Pageable)         0.00%       0.000us         0.00%       0.000us       0.000us       7.008us         0.01%       7.008us       3.504us             2  
kernel_cutlass_kernel_flashinfernormkernelsrmsnormRM...         0.00%       0.000us         0.00%       0.000us       0.000us       5.985us         0.01%       5.985us       5.985us             1  
void at::native::unrolled_elementwise_kernel<at::nat...         0.00%       0.000us         0.00%       0.000us       0.000us       5.536us         0.01%       5.536us       1.845us             3  
void at_cuda_detail::cub::detail::scan::DeviceScanKe...         0.00%       0.000us         0.00%       0.000us       0.000us       5.506us         0.01%       5.506us       1.835us             3  
                         Memcpy DtoH (Device -> Pinned)         0.00%       0.000us         0.00%       0.000us       0.000us       5.313us         0.01%       5.313us       2.657us             2  
void at::native::vectorized_gather_kernel<16, long>(...         0.00%       0.000us         0.00%       0.000us       0.000us       5.088us         0.01%       5.088us       5.088us             1  
                         write_req_to_token_pool_triton         0.00%       0.000us         0.00%       0.000us       0.000us       4.128us         0.01%       4.128us       4.128us             1  
void at::native::unrolled_elementwise_kernel<at::nat...         0.00%       0.000us         0.00%       0.000us       0.000us       4.000us         0.01%       4.000us       4.000us             1  
void at_cuda_detail::cub::detail::scan::DeviceScanIn...         0.00%       0.000us         0.00%       0.000us       0.000us       3.552us         0.00%       3.552us       1.184us             3  
void at::native::unrolled_elementwise_kernel<at::nat...         0.00%       0.000us         0.00%       0.000us       0.000us       3.551us         0.00%       3.551us       1.776us             2  
void at::native::reduce_kernel<512, 1, at::native::R...         0.00%       0.000us         0.00%       0.000us       0.000us       3.200us         0.00%       3.200us       3.200us             1  
void at::native::vectorized_elementwise_kernel<2, at...         0.00%       0.000us         0.00%       0.000us       0.000us       3.040us         0.00%       3.040us       1.520us             2  
void at::native::(anonymous namespace)::multi_tensor...         0.00%       0.000us         0.00%       0.000us       0.000us       2.528us         0.00%       2.528us       2.528us             1  
triton_poi_fused_add_bitwise_and_bitwise_not_bitwise...         0.00%       0.000us         0.00%       0.000us       0.000us       2.367us         0.00%       2.367us       2.367us             1  
void at::native::reduce_kernel<512, 1, at::native::R...         0.00%       0.000us         0.00%       0.000us       0.000us       2.176us         0.00%       2.176us       2.176us             1  
void at::native::unrolled_elementwise_kernel<at::nat...         0.00%       0.000us         0.00%       0.000us       0.000us       2.015us         0.00%       2.015us       2.015us             1  
                                compute_position_kernel         0.00%       0.000us         0.00%       0.000us       0.000us       1.952us         0.00%       1.952us       1.952us             1  
void at::native::unrolled_elementwise_kernel<at::nat...         0.00%       0.000us         0.00%       0.000us       0.000us       1.184us         0.00%       1.184us       1.184us             1  
                    create_flashinfer_kv_indices_triton         0.00%       0.000us         0.00%       0.000us       0.000us       1.056us         0.00%       1.056us       1.056us             1  
void at::native::vectorized_elementwise_kernel<4, at...         0.00%       0.000us         0.00%       0.000us       0.000us       1.056us         0.00%       1.056us       1.056us             1  
                                  cudaDeviceSynchronize        61.47%      13.701ms        61.47%      13.701ms       4.567ms       0.000us         0.00%       0.000us       0.000us             3  
                                Activity Buffer Request         8.46%       1.885ms         8.46%       1.885ms       1.885ms       0.000us         0.00%       0.000us       0.000us             1  
                               cudaPointerGetAttributes         0.04%       8.008us         0.04%       8.008us       8.008us       0.000us         0.00%       0.000us       0.000us             1  
                                  cudaStreamIsCapturing         0.08%      17.581us         0.08%      17.581us       0.764us       0.000us         0.00%       0.000us       0.000us            23  
                                        cudaMemcpyAsync         5.87%       1.309ms         5.87%       1.309ms      10.306us       0.000us         0.00%       0.000us       0.000us           127  
                               cudaEventRecordWithFlags         0.08%      18.475us         0.08%      18.475us       2.309us       0.000us         0.00%       0.000us       0.000us             8  
                                         cudaEventQuery         0.14%      31.688us         0.14%      31.688us       3.961us       0.000us         0.00%       0.000us       0.000us             8  
                                       cuLaunchKernelEx         7.53%       1.678ms         7.53%       1.678ms       6.168us       0.000us         0.00%       0.000us       0.000us           272  
                                       cudaLaunchKernel         5.49%       1.224ms         5.49%       1.224ms       6.724us       0.000us         0.00%       0.000us       0.000us           182  
                                  cudaStreamSynchronize         0.13%      28.945us         0.13%      28.945us       7.236us       0.000us         0.00%       0.000us       0.000us             4  
                                    cudaPeekAtLastError         0.01%       1.275us         0.01%       1.275us       0.106us       0.000us         0.00%       0.000us       0.000us            12  
cudaOccupancyMaxActiveBlocksPerMultiprocessorWithFla...         0.03%       7.329us         0.03%       7.329us       2.443us       0.000us         0.00%       0.000us       0.000us             3  
                                 cudaDeviceGetAttribute         0.14%      30.146us         0.14%      30.146us       1.005us       0.000us         0.00%       0.000us       0.000us            30  
                                    cudaLaunchKernelExC         7.83%       1.745ms         7.83%       1.745ms       6.439us       0.000us         0.00%       0.000us       0.000us           271  
                                         cuLaunchKernel         1.94%     433.160us         1.94%     433.160us       5.483us       0.000us         0.00%       0.000us       0.000us            79  
                                                INVALID         0.23%      51.277us         0.23%      51.277us       0.475us       0.000us         0.00%       0.000us       0.000us           108  
                                   cudaDriverGetVersion         0.05%      10.142us         0.05%      10.142us       0.094us       0.000us         0.00%       0.000us       0.000us           108  
                                   cudaFuncSetAttribute         0.48%     108.015us         0.48%     108.015us       4.001us       0.000us         0.00%       0.000us       0.000us            27  
-------------------------------------------------------  ------------  ------------  ------------  ------------  ------------  ------------  ------------  ------------  ------------  ------------  
Self CPU time total: 22.288ms
Self CUDA time total: 72.702ms
-------------------------------------------------------  ------------  ------------  ------------  ------------  ------------  ------------  ------------  ------------  ------------  ------------  
                                                   Name    Self CPU %      Self CPU   CPU total %     CPU total  CPU time avg     Self CUDA   Self CUDA %    CUDA total  CUDA time avg    # of Calls  
-------------------------------------------------------  ------------  ------------  ------------  ------------  ------------  ------------  ------------  ------------  ------------  ------------  
void (anonymous namespace)::all_reduce_two_shot_kern...         0.00%       0.000us         0.00%       0.000us       0.000us      90.003ms        86.76%      90.003ms       1.636ms            55  
                                       fused_moe_kernel         0.00%       0.000us         0.00%       0.000us       0.000us       5.605ms         5.40%       5.605ms     107.796us            52  
void cutlass::device_kernel<cutlass::fmha::kernel::S...         0.00%       0.000us         0.00%       0.000us       0.000us       1.958ms         1.89%       1.958ms      72.521us            27  
                         Memcpy DtoD (Device -> Device)         0.00%       0.000us         0.00%       0.000us       0.000us     534.397us         0.52%     534.397us       4.858us           110  
kernel_cutlass_kernel_flashinfernormkernelsfused_add...         0.00%       0.000us         0.00%       0.000us       0.000us     531.006us         0.51%     531.006us       9.833us            54  
void moe_sum_reduce_warp_per_token_vec_kernel<8>(c10...         0.00%       0.000us         0.00%       0.000us       0.000us     523.102us         0.50%     523.102us      20.119us            26  
void at::native::sbtopk::gatherTopK<float, unsigned ...         0.00%       0.000us         0.00%       0.000us       0.000us     521.757us         0.50%     521.757us      10.034us            52  
void (anonymous namespace)::act_and_mul_kernel<__nv_...         0.00%       0.000us         0.00%       0.000us       0.000us     448.480us         0.43%     448.480us       8.625us            52  
         nvjet_sm100_tst_128x256_64x6_2x2_2cta_h_bz_TNT         0.00%       0.000us         0.00%       0.000us       0.000us     436.898us         0.42%     436.898us       8.091us            54  
                               _all_gather_kernel_inner         0.00%       0.000us         0.00%       0.000us       0.000us     353.951us         0.34%     353.951us     353.951us             1  
         nvjet_sm100_tst_176x128_64x8_2x2_2cta_h_bz_TNN         0.00%       0.000us         0.00%       0.000us       0.000us     339.392us         0.33%     339.392us      13.054us            26  
         nvjet_sm100_tst_144x128_64x8_2x2_2cta_h_bz_TNN         0.00%       0.000us         0.00%       0.000us       0.000us     307.902us         0.30%     307.902us      11.404us            27  
void count_and_sort_expert_tokens_kernel<int>(int co...         0.00%       0.000us         0.00%       0.000us       0.000us     265.568us         0.26%     265.568us      10.214us            26  
          nvjet_sm100_tst_96x128_64x9_2x2_2cta_h_bz_TNN         0.00%       0.000us         0.00%       0.000us       0.000us     233.403us         0.22%     233.403us       8.645us            27  
void moe_align_block_size_kernel<int>(int const*, in...         0.00%       0.000us         0.00%       0.000us       0.000us     224.384us         0.22%     224.384us       8.630us            26  
          nvjet_sm100_tss_32x64_64x16_2x2_2cta_h_bz_TNN         0.00%       0.000us         0.00%       0.000us       0.000us     207.648us         0.20%     207.648us       7.986us            26  
void at::native::vectorized_elementwise_kernel<8, at...         0.00%       0.000us         0.00%       0.000us       0.000us     200.737us         0.19%     200.737us       7.721us            26  
kernel_cutlass_kernel_flashinfernormkernelsrmsnormRM...         0.00%       0.000us         0.00%       0.000us       0.000us     168.158us         0.16%     168.158us       6.228us            27  
         nvjet_sm100_tst_128x128_64x8_2x2_2cta_h_bz_TNT         0.00%       0.000us         0.00%       0.000us       0.000us     138.686us         0.13%     138.686us       5.137us            27  
triton_red_fused__softmax_exp_max_prepare_softmax_on...         0.00%       0.000us         0.00%       0.000us       0.000us     106.785us         0.10%     106.785us       4.107us            26  
                           concat_and_cast_mha_k_kernel         0.00%       0.000us         0.00%       0.000us       0.000us     102.141us         0.10%     102.141us       3.783us            27  
void (anonymous namespace)::fused_rope_kernel<false,...         0.00%       0.000us         0.00%       0.000us       0.000us      80.511us         0.08%      80.511us       2.982us            27  
triton_poi_fused__softmax__to_copy_arange_bitwise_no...         0.00%       0.000us         0.00%       0.000us       0.000us      77.756us         0.07%      77.756us       2.991us            26  
void (anonymous namespace)::set_mla_kv_buffer_kernel...         0.00%       0.000us         0.00%       0.000us       0.000us      74.051us         0.07%      74.051us       2.743us            27  
                            triton_poi_fused__to_copy_2         0.00%       0.000us         0.00%       0.000us       0.000us      51.681us         0.05%      51.681us       1.988us            26  
         nvjet_sm100_tst_128x160_64x8_2x1_2cta_v_bz_TNT         0.00%       0.000us         0.00%       0.000us       0.000us      29.984us         0.03%      29.984us      29.984us             1  
flashinfer::plan_kernel(int*, int*, int*, int*, int*...         0.00%       0.000us         0.00%       0.000us       0.000us      28.608us         0.03%      28.608us      28.608us             1  
void at::native::reduce_kernel<512, 1, at::native::R...         0.00%       0.000us         0.00%       0.000us       0.000us      24.352us         0.02%      24.352us      24.352us             1  
                         Memcpy HtoD (Pinned -> Device)         0.00%       0.000us         0.00%       0.000us       0.000us      15.937us         0.02%      15.937us       1.992us             8  
void at::native::elementwise_kernel<128, 4, at::nati...         0.00%       0.000us         0.00%       0.000us       0.000us      15.712us         0.02%      15.712us      15.712us             1  
void at::native::elementwise_kernel<128, 4, at::nati...         0.00%       0.000us         0.00%       0.000us       0.000us      14.272us         0.01%      14.272us      14.272us             1  
void at::native::elementwise_kernel<128, 4, at::nati...         0.00%       0.000us         0.00%       0.000us       0.000us      12.832us         0.01%      12.832us      12.832us             1  
               nvjet_sm100_tst_128x8_64x12_4x1_v_bz_TNT         0.00%       0.000us         0.00%       0.000us       0.000us      12.448us         0.01%      12.448us      12.448us             1  
void at::native::index_elementwise_kernel<128, 4, at...         0.00%       0.000us         0.00%       0.000us       0.000us       7.264us         0.01%       7.264us       7.264us             1  
                       Memcpy HtoD (Pageable -> Device)         0.00%       0.000us         0.00%       0.000us       0.000us       7.231us         0.01%       7.231us       1.446us             5  
                       Memcpy DtoH (Device -> Pageable)         0.00%       0.000us         0.00%       0.000us       0.000us       6.688us         0.01%       6.688us       3.344us             2  
kernel_cutlass_kernel_flashinfernormkernelsrmsnormRM...         0.00%       0.000us         0.00%       0.000us       0.000us       6.144us         0.01%       6.144us       6.144us             1  
                         Memcpy DtoH (Device -> Pinned)         0.00%       0.000us         0.00%       0.000us       0.000us       5.985us         0.01%       5.985us       2.992us             2  
void at_cuda_detail::cub::detail::scan::DeviceScanKe...         0.00%       0.000us         0.00%       0.000us       0.000us       5.760us         0.01%       5.760us       1.920us             3  
void at::native::unrolled_elementwise_kernel<at::nat...         0.00%       0.000us         0.00%       0.000us       0.000us       5.248us         0.01%       5.248us       1.749us             3  
void at::native::vectorized_gather_kernel<16, long>(...         0.00%       0.000us         0.00%       0.000us       0.000us       5.055us         0.00%       5.055us       5.055us             1  
                         write_req_to_token_pool_triton         0.00%       0.000us         0.00%       0.000us       0.000us       4.992us         0.00%       4.992us       4.992us             1  
void at_cuda_detail::cub::detail::scan::DeviceScanIn...         0.00%       0.000us         0.00%       0.000us       0.000us       4.256us         0.00%       4.256us       1.419us             3  
void at::native::vectorized_elementwise_kernel<2, at...         0.00%       0.000us         0.00%       0.000us       0.000us       4.160us         0.00%       4.160us       2.080us             2  
void at::native::unrolled_elementwise_kernel<at::nat...         0.00%       0.000us         0.00%       0.000us       0.000us       4.032us         0.00%       4.032us       4.032us             1  
void at::native::unrolled_elementwise_kernel<at::nat...         0.00%       0.000us         0.00%       0.000us       0.000us       3.328us         0.00%       3.328us       1.664us             2  
void at::native::reduce_kernel<512, 1, at::native::R...         0.00%       0.000us         0.00%       0.000us       0.000us       2.977us         0.00%       2.977us       2.977us             1  
void at::native::(anonymous namespace)::multi_tensor...         0.00%       0.000us         0.00%       0.000us       0.000us       2.624us         0.00%       2.624us       2.624us             1  
void at::native::reduce_kernel<512, 1, at::native::R...         0.00%       0.000us         0.00%       0.000us       0.000us       2.400us         0.00%       2.400us       2.400us             1  
                                compute_position_kernel         0.00%       0.000us         0.00%       0.000us       0.000us       2.176us         0.00%       2.176us       2.176us             1  
void at::native::unrolled_elementwise_kernel<at::nat...         0.00%       0.000us         0.00%       0.000us       0.000us       2.080us         0.00%       2.080us       2.080us             1  
triton_poi_fused_add_bitwise_and_bitwise_not_bitwise...         0.00%       0.000us         0.00%       0.000us       0.000us       1.856us         0.00%       1.856us       1.856us             1  
void at::native::unrolled_elementwise_kernel<at::nat...         0.00%       0.000us         0.00%       0.000us       0.000us       1.824us         0.00%       1.824us       1.824us             1  
void at::native::vectorized_elementwise_kernel<4, at...         0.00%       0.000us         0.00%       0.000us       0.000us       1.600us         0.00%       1.600us       1.600us             1  
                    create_flashinfer_kv_indices_triton         0.00%       0.000us         0.00%       0.000us       0.000us       1.440us         0.00%       1.440us       1.440us             1  
                                  cudaDeviceSynchronize        83.91%      46.089ms        83.91%      46.089ms      15.363ms       0.000us         0.00%       0.000us       0.000us             3  
                                Activity Buffer Request         3.15%       1.731ms         3.15%       1.731ms       1.731ms       0.000us         0.00%       0.000us       0.000us             1  
                               cudaPointerGetAttributes         0.03%      13.751us         0.03%      13.751us      13.751us       0.000us         0.00%       0.000us       0.000us             1  
                                  cudaStreamIsCapturing         0.02%      12.556us         0.02%      12.556us       0.546us       0.000us         0.00%       0.000us       0.000us            23  
                                        cudaMemcpyAsync         2.34%       1.286ms         2.34%       1.286ms      10.130us       0.000us         0.00%       0.000us       0.000us           127  
                               cudaEventRecordWithFlags         0.02%      12.164us         0.02%      12.164us       1.521us       0.000us         0.00%       0.000us       0.000us             8  
                                         cudaEventQuery         0.06%      31.044us         0.06%      31.044us       3.880us       0.000us         0.00%       0.000us       0.000us             8  
                                       cuLaunchKernelEx         3.03%       1.662ms         3.03%       1.662ms       6.112us       0.000us         0.00%       0.000us       0.000us           272  
                                       cudaLaunchKernel         3.05%       1.677ms         3.05%       1.677ms       9.216us       0.000us         0.00%       0.000us       0.000us           182  
                                  cudaStreamSynchronize         0.05%      27.975us         0.05%      27.975us       6.994us       0.000us         0.00%       0.000us       0.000us             4  
                                    cudaPeekAtLastError         0.00%       1.273us         0.00%       1.273us       0.106us       0.000us         0.00%       0.000us       0.000us            12  
cudaOccupancyMaxActiveBlocksPerMultiprocessorWithFla...         0.03%      14.171us         0.03%      14.171us       4.724us       0.000us         0.00%       0.000us       0.000us             3  
                                 cudaDeviceGetAttribute         0.05%      27.254us         0.05%      27.254us       0.908us       0.000us         0.00%       0.000us       0.000us            30  
                                    cudaLaunchKernelExC         3.15%       1.731ms         3.15%       1.731ms       6.388us       0.000us         0.00%       0.000us       0.000us           271  
                                         cuLaunchKernel         0.80%     440.792us         0.80%     440.792us       5.580us       0.000us         0.00%       0.000us       0.000us            79  
                                                INVALID         0.09%      49.547us         0.09%      49.547us       0.459us       0.000us         0.00%       0.000us       0.000us           108  
                                   cudaDriverGetVersion         0.02%      10.252us         0.02%      10.252us       0.095us       0.000us         0.00%       0.000us       0.000us           108  
                                   cudaFuncSetAttribute         0.19%     105.723us         0.19%     105.723us       3.916us       0.000us         0.00%       0.000us       0.000us            27  
-------------------------------------------------------  ------------  ------------  ------------  ------------  ------------  ------------  ------------  ------------  ------------  ------------  
Self CPU time total: 54.923ms
Self CUDA time total: 103.738ms
max_total_num_tokens=5038524
Warmup is enabled separately for every workload point.
Benchmark ...
Warmup workload: batch_size=1, input_len=4095, output_len=8
Prefill. latency: 4.01282 s, throughput:   1020.48 token/s
Decode 0. Batch size: 1, latency: 0.80083 s, throughput:      1.25 token/s
Decode 1. Batch size: 1, latency: 0.04946 s, throughput:     20.22 token/s
Decode 2. Batch size: 1, latency: 0.04872 s, throughput:     20.53 token/s
Decode 3. Batch size: 1, latency: 0.04863 s, throughput:     20.56 token/s
Decode 4. Batch size: 1, latency: 0.05093 s, throughput:     19.63 token/s
Decode.  median latency: 0.04978 s, median throughput:     20.09 token/s
Total. latency:  5.118 s, throughput:    801.72 token/s
-------------------------------------------------------  ------------  ------------  ------------  ------------  ------------  ------------  ------------  ------------  ------------  ------------  
                                                   Name    Self CPU %      Self CPU   CPU total %     CPU total  CPU time avg     Self CUDA   Self CUDA %    CUDA total  CUDA time avg    # of Calls  
-------------------------------------------------------  ------------  ------------  ------------  ------------  ------------  ------------  ------------  ------------  ------------  ------------  
void (anonymous namespace)::all_reduce_two_shot_kern...         0.00%       0.000us         0.00%       0.000us       0.000us      76.256ms        84.79%      76.256ms       1.386ms            55  
                                       fused_moe_kernel         0.00%       0.000us         0.00%       0.000us       0.000us       5.602ms         6.23%       5.602ms     107.734us            52  
void cutlass::device_kernel<cutlass::fmha::kernel::S...         0.00%       0.000us         0.00%       0.000us       0.000us       1.954ms         2.17%       1.954ms      72.377us            27  
                         Memcpy DtoD (Device -> Device)         0.00%       0.000us         0.00%       0.000us       0.000us     532.953us         0.59%     532.953us       4.845us           110  
kernel_cutlass_kernel_flashinfernormkernelsfused_add...         0.00%       0.000us         0.00%       0.000us       0.000us     529.081us         0.59%     529.081us       9.798us            54  
void at::native::sbtopk::gatherTopK<float, unsigned ...         0.00%       0.000us         0.00%       0.000us       0.000us     525.920us         0.58%     525.920us      10.114us            52  
void moe_sum_reduce_warp_per_token_vec_kernel<8>(c10...         0.00%       0.000us         0.00%       0.000us       0.000us     522.524us         0.58%     522.524us      20.097us            26  
void (anonymous namespace)::act_and_mul_kernel<__nv_...         0.00%       0.000us         0.00%       0.000us       0.000us     439.963us         0.49%     439.963us       8.461us            52  
         nvjet_sm100_tst_128x256_64x6_2x2_2cta_h_bz_TNT         0.00%       0.000us         0.00%       0.000us       0.000us     431.360us         0.48%     431.360us       7.988us            54  
                               _all_gather_kernel_inner         0.00%       0.000us         0.00%       0.000us       0.000us     350.783us         0.39%     350.783us     350.783us             1  
         nvjet_sm100_tst_176x128_64x8_2x2_2cta_h_bz_TNN         0.00%       0.000us         0.00%       0.000us       0.000us     326.558us         0.36%     326.558us      12.560us            26  
         nvjet_sm100_tst_144x128_64x8_2x2_2cta_h_bz_TNN         0.00%       0.000us         0.00%       0.000us       0.000us     306.780us         0.34%     306.780us      11.362us            27  
void count_and_sort_expert_tokens_kernel<int>(int co...         0.00%       0.000us         0.00%       0.000us       0.000us     262.624us         0.29%     262.624us      10.101us            26  
          nvjet_sm100_tst_96x128_64x9_2x2_2cta_h_bz_TNN         0.00%       0.000us         0.00%       0.000us       0.000us     232.319us         0.26%     232.319us       8.604us            27  
void moe_align_block_size_kernel<int>(int const*, in...         0.00%       0.000us         0.00%       0.000us       0.000us     208.894us         0.23%     208.894us       8.034us            26  
          nvjet_sm100_tss_32x64_64x16_2x2_2cta_h_bz_TNN         0.00%       0.000us         0.00%       0.000us       0.000us     208.380us         0.23%     208.380us       8.015us            26  
void at::native::vectorized_elementwise_kernel<8, at...         0.00%       0.000us         0.00%       0.000us       0.000us     202.367us         0.23%     202.367us       7.783us            26  
kernel_cutlass_kernel_flashinfernormkernelsrmsnormRM...         0.00%       0.000us         0.00%       0.000us       0.000us     167.293us         0.19%     167.293us       6.196us            27  
         nvjet_sm100_tst_128x128_64x8_2x2_2cta_h_bz_TNT         0.00%       0.000us         0.00%       0.000us       0.000us     137.693us         0.15%     137.693us       5.100us            27  
triton_red_fused__softmax_exp_max_prepare_softmax_on...         0.00%       0.000us         0.00%       0.000us       0.000us     106.592us         0.12%     106.592us       4.100us            26  
                           concat_and_cast_mha_k_kernel         0.00%       0.000us         0.00%       0.000us       0.000us     101.119us         0.11%     101.119us       3.745us            27  
triton_poi_fused__softmax__to_copy_arange_bitwise_no...         0.00%       0.000us         0.00%       0.000us       0.000us      81.537us         0.09%      81.537us       3.136us            26  
void (anonymous namespace)::fused_rope_kernel<false,...         0.00%       0.000us         0.00%       0.000us       0.000us      80.387us         0.09%      80.387us       2.977us            27  
void (anonymous namespace)::set_mla_kv_buffer_kernel...         0.00%       0.000us         0.00%       0.000us       0.000us      74.304us         0.08%      74.304us       2.752us            27  
                            triton_poi_fused__to_copy_2         0.00%       0.000us         0.00%       0.000us       0.000us      51.138us         0.06%      51.138us       1.967us            26  
         nvjet_sm100_tst_128x160_64x8_2x1_2cta_v_bz_TNT         0.00%       0.000us         0.00%       0.000us       0.000us      30.080us         0.03%      30.080us      30.080us             1  
flashinfer::plan_kernel(int*, int*, int*, int*, int*...         0.00%       0.000us         0.00%       0.000us       0.000us      28.000us         0.03%      28.000us      28.000us             1  
void at::native::reduce_kernel<512, 1, at::native::R...         0.00%       0.000us         0.00%       0.000us       0.000us      24.576us         0.03%      24.576us      24.576us             1  
void at::native::elementwise_kernel<128, 4, at::nati...         0.00%       0.000us         0.00%       0.000us       0.000us      17.664us         0.02%      17.664us      17.664us             1  
                         Memcpy HtoD (Pinned -> Device)         0.00%       0.000us         0.00%       0.000us       0.000us      14.752us         0.02%      14.752us       1.844us             8  
void at::native::elementwise_kernel<128, 4, at::nati...         0.00%       0.000us         0.00%       0.000us       0.000us      14.431us         0.02%      14.431us      14.431us             1  
void at::native::elementwise_kernel<128, 4, at::nati...         0.00%       0.000us         0.00%       0.000us       0.000us      12.800us         0.01%      12.800us      12.800us             1  
               nvjet_sm100_tst_128x8_64x12_4x1_v_bz_TNT         0.00%       0.000us         0.00%       0.000us       0.000us      12.320us         0.01%      12.320us      12.320us             1  
                         Memcpy DtoH (Device -> Pinned)         0.00%       0.000us         0.00%       0.000us       0.000us       7.648us         0.01%       7.648us       3.824us             2  
void at::native::vectorized_gather_kernel<16, long>(...         0.00%       0.000us         0.00%       0.000us       0.000us       7.072us         0.01%       7.072us       7.072us             1  
                       Memcpy DtoH (Device -> Pageable)         0.00%       0.000us         0.00%       0.000us       0.000us       6.784us         0.01%       6.784us       3.392us             2  
                       Memcpy HtoD (Pageable -> Device)         0.00%       0.000us         0.00%       0.000us       0.000us       6.627us         0.01%       6.627us       1.325us             5  
void at::native::index_elementwise_kernel<128, 4, at...         0.00%       0.000us         0.00%       0.000us       0.000us       6.624us         0.01%       6.624us       6.624us             1  
kernel_cutlass_kernel_flashinfernormkernelsrmsnormRM...         0.00%       0.000us         0.00%       0.000us       0.000us       6.304us         0.01%       6.304us       6.304us             1  
void at::native::unrolled_elementwise_kernel<at::nat...         0.00%       0.000us         0.00%       0.000us       0.000us       5.761us         0.01%       5.761us       1.920us             3  
void at_cuda_detail::cub::detail::scan::DeviceScanKe...         0.00%       0.000us         0.00%       0.000us       0.000us       5.408us         0.01%       5.408us       1.803us             3  
                         write_req_to_token_pool_triton         0.00%       0.000us         0.00%       0.000us       0.000us       4.256us         0.00%       4.256us       4.256us             1  
void at::native::unrolled_elementwise_kernel<at::nat...         0.00%       0.000us         0.00%       0.000us       0.000us       4.032us         0.00%       4.032us       4.032us             1  
void at::native::vectorized_elementwise_kernel<2, at...         0.00%       0.000us         0.00%       0.000us       0.000us       3.392us         0.00%       3.392us       1.696us             2  
void at_cuda_detail::cub::detail::scan::DeviceScanIn...         0.00%       0.000us         0.00%       0.000us       0.000us       3.360us         0.00%       3.360us       1.120us             3  
void at::native::reduce_kernel<512, 1, at::native::R...         0.00%       0.000us         0.00%       0.000us       0.000us       3.135us         0.00%       3.135us       3.135us             1  
void at::native::unrolled_elementwise_kernel<at::nat...         0.00%       0.000us         0.00%       0.000us       0.000us       2.912us         0.00%       2.912us       1.456us             2  
void at::native::(anonymous namespace)::multi_tensor...         0.00%       0.000us         0.00%       0.000us       0.000us       2.688us         0.00%       2.688us       2.688us             1  
void at::native::unrolled_elementwise_kernel<at::nat...         0.00%       0.000us         0.00%       0.000us       0.000us       2.144us         0.00%       2.144us       2.144us             1  
triton_poi_fused_add_bitwise_and_bitwise_not_bitwise...         0.00%       0.000us         0.00%       0.000us       0.000us       2.144us         0.00%       2.144us       2.144us             1  
void at::native::reduce_kernel<512, 1, at::native::R...         0.00%       0.000us         0.00%       0.000us       0.000us       2.048us         0.00%       2.048us       2.048us             1  
                                compute_position_kernel         0.00%       0.000us         0.00%       0.000us       0.000us       2.016us         0.00%       2.016us       2.016us             1  
                    create_flashinfer_kv_indices_triton         0.00%       0.000us         0.00%       0.000us       0.000us       1.056us         0.00%       1.056us       1.056us             1  
void at::native::unrolled_elementwise_kernel<at::nat...         0.00%       0.000us         0.00%       0.000us       0.000us       1.056us         0.00%       1.056us       1.056us             1  
void at::native::vectorized_elementwise_kernel<4, at...         0.00%       0.000us         0.00%       0.000us       0.000us       1.055us         0.00%       1.055us       1.055us             1  
                                  cudaDeviceSynchronize        79.32%      32.487ms        79.32%      32.487ms      10.829ms       0.000us         0.00%       0.000us       0.000us             3  
                                Activity Buffer Request         4.14%       1.695ms         4.14%       1.695ms       1.695ms       0.000us         0.00%       0.000us       0.000us             1  
                               cudaPointerGetAttributes         0.03%      13.879us         0.03%      13.879us      13.879us       0.000us         0.00%       0.000us       0.000us             1  
                                  cudaStreamIsCapturing         0.03%      12.515us         0.03%      12.515us       0.544us       0.000us         0.00%       0.000us       0.000us            23  
                                        cudaMemcpyAsync         3.22%       1.317ms         3.22%       1.317ms      10.368us       0.000us         0.00%       0.000us       0.000us           127  
                               cudaEventRecordWithFlags         0.03%      12.409us         0.03%      12.409us       1.551us       0.000us         0.00%       0.000us       0.000us             8  
                                         cudaEventQuery         0.08%      33.794us         0.08%      33.794us       4.224us       0.000us         0.00%       0.000us       0.000us             8  
                                       cuLaunchKernelEx         4.16%       1.705ms         4.16%       1.705ms       6.267us       0.000us         0.00%       0.000us       0.000us           272  
                                       cudaLaunchKernel         2.96%       1.213ms         2.96%       1.213ms       6.665us       0.000us         0.00%       0.000us       0.000us           182  
                                  cudaStreamSynchronize         0.08%      32.709us         0.08%      32.709us       8.177us       0.000us         0.00%       0.000us       0.000us             4  
                                    cudaPeekAtLastError         0.00%       1.375us         0.00%       1.375us       0.115us       0.000us         0.00%       0.000us       0.000us            12  
cudaOccupancyMaxActiveBlocksPerMultiprocessorWithFla...         0.01%       5.644us         0.01%       5.644us       1.881us       0.000us         0.00%       0.000us       0.000us             3  
                                 cudaDeviceGetAttribute         0.07%      30.684us         0.07%      30.684us       1.023us       0.000us         0.00%       0.000us       0.000us            30  
                                    cudaLaunchKernelExC         4.36%       1.786ms         4.36%       1.786ms       6.590us       0.000us         0.00%       0.000us       0.000us           271  
                                         cuLaunchKernel         1.09%     446.712us         1.09%     446.712us       5.655us       0.000us         0.00%       0.000us       0.000us            79  
                                                INVALID         0.12%      50.553us         0.12%      50.553us       0.468us       0.000us         0.00%       0.000us       0.000us           108  
                                   cudaDriverGetVersion         0.02%       9.797us         0.02%       9.797us       0.091us       0.000us         0.00%       0.000us       0.000us           108  
                                   cudaFuncSetAttribute         0.25%     103.672us         0.25%     103.672us       3.840us       0.000us         0.00%       0.000us       0.000us            27  
-------------------------------------------------------  ------------  ------------  ------------  ------------  ------------  ------------  ------------  ------------  ------------  ------------  
Self CPU time total: 40.955ms
Self CUDA time total: 89.935ms

-------------------------------------------------------  ------------  ------------  ------------  ------------  ------------  ------------  ------------  ------------  ------------  ------------  
                                                   Name    Self CPU %      Self CPU   CPU total %     CPU total  CPU time avg     Self CUDA   Self CUDA %    CUDA total  CUDA time avg    # of Calls  
-------------------------------------------------------  ------------  ------------  ------------  ------------  ------------  ------------  ------------  ------------  ------------  ------------  
void (anonymous namespace)::all_reduce_two_shot_kern...         0.00%       0.000us         0.00%       0.000us       0.000us      44.493ms        76.39%      44.493ms     808.955us            55  
                                       fused_moe_kernel         0.00%       0.000us         0.00%       0.000us       0.000us       5.587ms         9.59%       5.587ms     107.440us            52  
void cutlass::device_kernel<cutlass::fmha::kernel::S...         0.00%       0.000us         0.00%       0.000us       0.000us       1.959ms         3.36%       1.959ms      72.559us            27  
                         Memcpy DtoD (Device -> Device)         0.00%       0.000us         0.00%       0.000us       0.000us     534.540us         0.92%     534.540us       4.859us           110  
kernel_cutlass_kernel_flashinfernormkernelsfused_add...         0.00%       0.000us         0.00%       0.000us       0.000us     530.174us         0.91%     530.174us       9.818us            54  
void moe_sum_reduce_warp_per_token_vec_kernel<8>(c10...         0.00%       0.000us         0.00%       0.000us       0.000us     522.879us         0.90%     522.879us      20.111us            26  
void at::native::sbtopk::gatherTopK<float, unsigned ...         0.00%       0.000us         0.00%       0.000us       0.000us     522.206us         0.90%     522.206us      10.042us            52  
         nvjet_sm100_tst_160x192_64x6_1x2_2cta_h_bz_TNN         0.00%       0.000us         0.00%       0.000us       0.000us     480.288us         0.82%     480.288us       8.894us            54  
void (anonymous namespace)::act_and_mul_kernel<__nv_...         0.00%       0.000us         0.00%       0.000us       0.000us     449.150us         0.77%     449.150us       8.637us            52  
                               _all_gather_kernel_inner         0.00%       0.000us         0.00%       0.000us       0.000us     354.751us         0.61%     354.751us     354.751us             1  
         nvjet_sm100_tst_176x128_64x8_2x2_2cta_h_bz_TNN         0.00%       0.000us         0.00%       0.000us       0.000us     338.880us         0.58%     338.880us      13.034us            26  
         nvjet_sm100_tst_144x128_64x8_2x2_2cta_h_bz_TNN         0.00%       0.000us         0.00%       0.000us       0.000us     308.385us         0.53%     308.385us      11.422us            27  
void count_and_sort_expert_tokens_kernel<int>(int co...         0.00%       0.000us         0.00%       0.000us       0.000us     265.918us         0.46%     265.918us      10.228us            26  
          nvjet_sm100_tst_96x128_64x9_2x2_2cta_h_bz_TNN         0.00%       0.000us         0.00%       0.000us       0.000us     231.744us         0.40%     231.744us       8.583us            27  
void moe_align_block_size_kernel<int>(int const*, in...         0.00%       0.000us         0.00%       0.000us       0.000us     220.254us         0.38%     220.254us       8.471us            26  
void at::native::vectorized_elementwise_kernel<8, at...         0.00%       0.000us         0.00%       0.000us       0.000us     201.313us         0.35%     201.313us       7.743us            26  
          nvjet_sm100_tss_32x64_64x16_2x2_2cta_h_bz_TNN         0.00%       0.000us         0.00%       0.000us       0.000us     200.642us         0.34%     200.642us       7.717us            26  
kernel_cutlass_kernel_flashinfernormkernelsrmsnormRM...         0.00%       0.000us         0.00%       0.000us       0.000us     168.641us         0.29%     168.641us       6.246us            27  
         nvjet_sm100_tst_128x128_64x8_2x2_2cta_h_bz_TNT         0.00%       0.000us         0.00%       0.000us       0.000us     139.263us         0.24%     139.263us       5.158us            27  
triton_red_fused__softmax_exp_max_prepare_softmax_on...         0.00%       0.000us         0.00%       0.000us       0.000us     106.878us         0.18%     106.878us       4.111us            26  
                           concat_and_cast_mha_k_kernel         0.00%       0.000us         0.00%       0.000us       0.000us     102.301us         0.18%     102.301us       3.789us            27  
void (anonymous namespace)::fused_rope_kernel<false,...         0.00%       0.000us         0.00%       0.000us       0.000us      80.896us         0.14%      80.896us       2.996us            27  
triton_poi_fused__softmax__to_copy_arange_bitwise_no...         0.00%       0.000us         0.00%       0.000us       0.000us      77.824us         0.13%      77.824us       2.993us            26  
void (anonymous namespace)::set_mla_kv_buffer_kernel...         0.00%       0.000us         0.00%       0.000us       0.000us      74.273us         0.13%      74.273us       2.751us            27  
                            triton_poi_fused__to_copy_2         0.00%       0.000us         0.00%       0.000us       0.000us      48.929us         0.08%      48.929us       1.882us            26  
         nvjet_sm100_tst_128x256_64x6_2x4_2cta_h_bz_TNT         0.00%       0.000us         0.00%       0.000us       0.000us      33.920us         0.06%      33.920us      33.920us             1  
flashinfer::plan_kernel(int*, int*, int*, int*, int*...         0.00%       0.000us         0.00%       0.000us       0.000us      28.608us         0.05%      28.608us      28.608us             1  
void at::native::reduce_kernel<512, 1, at::native::R...         0.00%       0.000us         0.00%       0.000us       0.000us      24.480us         0.04%      24.480us      24.480us             1  
                         Memcpy HtoD (Pinned -> Device)         0.00%       0.000us         0.00%       0.000us       0.000us      15.744us         0.03%      15.744us       1.968us             8  
void at::native::elementwise_kernel<128, 4, at::nati...         0.00%       0.000us         0.00%       0.000us       0.000us      15.648us         0.03%      15.648us      15.648us             1  
void at::native::elementwise_kernel<128, 4, at::nati...         0.00%       0.000us         0.00%       0.000us       0.000us      14.528us         0.02%      14.528us      14.528us             1  
void at::native::elementwise_kernel<128, 4, at::nati...         0.00%       0.000us         0.00%       0.000us       0.000us      12.640us         0.02%      12.640us      12.640us             1  
               nvjet_sm100_tst_128x8_64x12_4x1_v_bz_TNT         0.00%       0.000us         0.00%       0.000us       0.000us      12.223us         0.02%      12.223us      12.223us             1  
void at::native::index_elementwise_kernel<128, 4, at...         0.00%       0.000us         0.00%       0.000us       0.000us       6.592us         0.01%       6.592us       6.592us             1  
                       Memcpy DtoH (Device -> Pageable)         0.00%       0.000us         0.00%       0.000us       0.000us       6.528us         0.01%       6.528us       3.264us             2  
                       Memcpy HtoD (Pageable -> Device)         0.00%       0.000us         0.00%       0.000us       0.000us       6.304us         0.01%       6.304us       1.261us             5  
void at_cuda_detail::cub::detail::scan::DeviceScanKe...         0.00%       0.000us         0.00%       0.000us       0.000us       6.208us         0.01%       6.208us       2.069us             3  
kernel_cutlass_kernel_flashinfernormkernelsrmsnormRM...         0.00%       0.000us         0.00%       0.000us       0.000us       6.176us         0.01%       6.176us       6.176us             1  
                         Memcpy DtoH (Device -> Pinned)         0.00%       0.000us         0.00%       0.000us       0.000us       5.728us         0.01%       5.728us       2.864us             2  
void at::native::unrolled_elementwise_kernel<at::nat...         0.00%       0.000us         0.00%       0.000us       0.000us       5.664us         0.01%       5.664us       1.888us             3  
                         write_req_to_token_pool_triton         0.00%       0.000us         0.00%       0.000us       0.000us       4.992us         0.01%       4.992us       4.992us             1  
void at::native::vectorized_gather_kernel<16, long>(...         0.00%       0.000us         0.00%       0.000us       0.000us       4.960us         0.01%       4.960us       4.960us             1  
void at_cuda_detail::cub::detail::scan::DeviceScanIn...         0.00%       0.000us         0.00%       0.000us       0.000us       4.671us         0.01%       4.671us       1.557us             3  
void at::native::vectorized_elementwise_kernel<2, at...         0.00%       0.000us         0.00%       0.000us       0.000us       4.064us         0.01%       4.064us       2.032us             2  
void at::native::unrolled_elementwise_kernel<at::nat...         0.00%       0.000us         0.00%       0.000us       0.000us       4.000us         0.01%       4.000us       4.000us             1  
void at::native::unrolled_elementwise_kernel<at::nat...         0.00%       0.000us         0.00%       0.000us       0.000us       3.936us         0.01%       3.936us       1.968us             2  
void at::native::reduce_kernel<512, 1, at::native::R...         0.00%       0.000us         0.00%       0.000us       0.000us       2.783us         0.00%       2.783us       2.783us             1  
void at::native::reduce_kernel<512, 1, at::native::R...         0.00%       0.000us         0.00%       0.000us       0.000us       2.720us         0.00%       2.720us       2.720us             1  
void at::native::(anonymous namespace)::multi_tensor...         0.00%       0.000us         0.00%       0.000us       0.000us       2.528us         0.00%       2.528us       2.528us             1  
                                compute_position_kernel         0.00%       0.000us         0.00%       0.000us       0.000us       2.368us         0.00%       2.368us       2.368us             1  
void at::native::unrolled_elementwise_kernel<at::nat...         0.00%       0.000us         0.00%       0.000us       0.000us       2.048us         0.00%       2.048us       2.048us             1  
void at::native::unrolled_elementwise_kernel<at::nat...         0.00%       0.000us         0.00%       0.000us       0.000us       1.824us         0.00%       1.824us       1.824us             1  
triton_poi_fused_add_bitwise_and_bitwise_not_bitwise...         0.00%       0.000us         0.00%       0.000us       0.000us       1.792us         0.00%       1.792us       1.792us             1  
void at::native::vectorized_elementwise_kernel<4, at...         0.00%       0.000us         0.00%       0.000us       0.000us       1.631us         0.00%       1.631us       1.631us             1  
                    create_flashinfer_kv_indices_triton         0.00%       0.000us         0.00%       0.000us       0.000us       1.600us         0.00%       1.600us       1.600us             1  
                                  cudaDeviceSynchronize        22.81%       2.396ms        22.81%       2.396ms     798.510us       0.000us         0.00%       0.000us       0.000us             3  
                                Activity Buffer Request        16.27%       1.709ms        16.27%       1.709ms       1.709ms       0.000us         0.00%       0.000us       0.000us             1  
                               cudaPointerGetAttributes         0.06%       6.688us         0.06%       6.688us       6.688us       0.000us         0.00%       0.000us       0.000us             1  
                                  cudaStreamIsCapturing         0.11%      11.084us         0.11%      11.084us       0.482us       0.000us         0.00%       0.000us       0.000us            23  
                                        cudaMemcpyAsync        11.83%       1.242ms        11.83%       1.242ms       9.783us       0.000us         0.00%       0.000us       0.000us           127  
                               cudaEventRecordWithFlags         0.12%      12.944us         0.12%      12.944us       1.618us       0.000us         0.00%       0.000us       0.000us             8  
                                         cudaEventQuery         0.30%      31.530us         0.30%      31.530us       3.941us       0.000us         0.00%       0.000us       0.000us             8  
                                       cuLaunchKernelEx        15.40%       1.617ms        15.40%       1.617ms       5.946us       0.000us         0.00%       0.000us       0.000us           272  
                                       cudaLaunchKernel        10.90%       1.145ms        10.90%       1.145ms       6.292us       0.000us         0.00%       0.000us       0.000us           182  
                                  cudaStreamSynchronize         0.27%      27.876us         0.27%      27.876us       6.969us       0.000us         0.00%       0.000us       0.000us             4  
                                    cudaPeekAtLastError         0.01%       1.317us         0.01%       1.317us       0.110us       0.000us         0.00%       0.000us       0.000us            12  
cudaOccupancyMaxActiveBlocksPerMultiprocessorWithFla...         0.05%       5.193us         0.05%       5.193us       1.731us       0.000us         0.00%       0.000us       0.000us             3  
                                 cudaDeviceGetAttribute         0.26%      27.407us         0.26%      27.407us       0.914us       0.000us         0.00%       0.000us       0.000us            30  
                                    cudaLaunchKernelExC        16.14%       1.695ms        16.14%       1.695ms       6.254us       0.000us         0.00%       0.000us       0.000us           271  
                                         cuLaunchKernel         3.99%     419.308us         3.99%     419.308us       5.308us       0.000us         0.00%       0.000us       0.000us            79  
                                                INVALID         0.48%      50.522us         0.48%      50.522us       0.468us       0.000us         0.00%       0.000us       0.000us           108  
                                   cudaDriverGetVersion         0.10%      10.431us         0.10%      10.431us       0.097us       0.000us         0.00%       0.000us       0.000us           108  
                                   cudaFuncSetAttribute         0.89%      93.464us         0.89%      93.464us       3.462us       0.000us         0.00%       0.000us       0.000us            27  
-------------------------------------------------------  ------------  ------------  ------------  ------------  ------------  ------------  ------------  ------------  ------------  ------------  
Self CPU time total: 10.502ms
Self CUDA time total: 58.245ms

-------------------------------------------------------  ------------  ------------  ------------  ------------  ------------  ------------  ------------  ------------  ------------  ------------  
                                                   Name    Self CPU %      Self CPU   CPU total %     CPU total  CPU time avg     Self CUDA   Self CUDA %    CUDA total  CUDA time avg    # of Calls  
-------------------------------------------------------  ------------  ------------  ------------  ------------  ------------  ------------  ------------  ------------  ------------  ------------  
void (anonymous namespace)::all_reduce_two_shot_kern...         0.00%       0.000us         0.00%       0.000us       0.000us      44.435ms        76.45%      44.435ms     807.902us            55  
                                       fused_moe_kernel         0.00%       0.000us         0.00%       0.000us       0.000us       5.595ms         9.63%       5.595ms     107.604us            52  
void cutlass::device_kernel<cutlass::fmha::kernel::S...         0.00%       0.000us         0.00%       0.000us       0.000us       1.953ms         3.36%       1.953ms      72.319us            27  
                         Memcpy DtoD (Device -> Device)         0.00%       0.000us         0.00%       0.000us       0.000us     533.726us         0.92%     533.726us       4.852us           110  
kernel_cutlass_kernel_flashinfernormkernelsfused_add...         0.00%       0.000us         0.00%       0.000us       0.000us     530.522us         0.91%     530.522us       9.824us            54  
void moe_sum_reduce_warp_per_token_vec_kernel<8>(c10...         0.00%       0.000us         0.00%       0.000us       0.000us     523.616us         0.90%     523.616us      20.139us            26  
void at::native::sbtopk::gatherTopK<float, unsigned ...         0.00%       0.000us         0.00%       0.000us       0.000us     520.633us         0.90%     520.633us      10.012us            52  
         nvjet_sm100_tst_160x192_64x6_1x2_2cta_h_bz_TNN         0.00%       0.000us         0.00%       0.000us       0.000us     472.987us         0.81%     472.987us       8.759us            54  
void (anonymous namespace)::act_and_mul_kernel<__nv_...         0.00%       0.000us         0.00%       0.000us       0.000us     447.040us         0.77%     447.040us       8.597us            52  
                               _all_gather_kernel_inner         0.00%       0.000us         0.00%       0.000us       0.000us     353.919us         0.61%     353.919us     353.919us             1  
         nvjet_sm100_tst_176x128_64x8_2x2_2cta_h_bz_TNN         0.00%       0.000us         0.00%       0.000us       0.000us     338.467us         0.58%     338.467us      13.018us            26  
         nvjet_sm100_tst_144x128_64x8_2x2_2cta_h_bz_TNN         0.00%       0.000us         0.00%       0.000us       0.000us     303.517us         0.52%     303.517us      11.241us            27  
void count_and_sort_expert_tokens_kernel<int>(int co...         0.00%       0.000us         0.00%       0.000us       0.000us     263.709us         0.45%     263.709us      10.143us            26  
          nvjet_sm100_tst_96x128_64x9_2x2_2cta_h_bz_TNN         0.00%       0.000us         0.00%       0.000us       0.000us     230.591us         0.40%     230.591us       8.540us            27  
void moe_align_block_size_kernel<int>(int const*, in...         0.00%       0.000us         0.00%       0.000us       0.000us     210.655us         0.36%     210.655us       8.102us            26  
void at::native::vectorized_elementwise_kernel<8, at...         0.00%       0.000us         0.00%       0.000us       0.000us     201.022us         0.35%     201.022us       7.732us            26  
          nvjet_sm100_tss_32x64_64x16_2x2_2cta_h_bz_TNN         0.00%       0.000us         0.00%       0.000us       0.000us     199.679us         0.34%     199.679us       7.680us            26  
kernel_cutlass_kernel_flashinfernormkernelsrmsnormRM...         0.00%       0.000us         0.00%       0.000us       0.000us     166.400us         0.29%     166.400us       6.163us            27  
         nvjet_sm100_tst_128x128_64x8_2x2_2cta_h_bz_TNT         0.00%       0.000us         0.00%       0.000us       0.000us     138.973us         0.24%     138.973us       5.147us            27  
triton_red_fused__softmax_exp_max_prepare_softmax_on...         0.00%       0.000us         0.00%       0.000us       0.000us     106.464us         0.18%     106.464us       4.095us            26  
                           concat_and_cast_mha_k_kernel         0.00%       0.000us         0.00%       0.000us       0.000us     101.150us         0.17%     101.150us       3.746us            27  
void (anonymous namespace)::fused_rope_kernel<false,...         0.00%       0.000us         0.00%       0.000us       0.000us      80.287us         0.14%      80.287us       2.974us            27  
void (anonymous namespace)::set_mla_kv_buffer_kernel...         0.00%       0.000us         0.00%       0.000us       0.000us      73.982us         0.13%      73.982us       2.740us            27  
triton_poi_fused__softmax__to_copy_arange_bitwise_no...         0.00%       0.000us         0.00%       0.000us       0.000us      55.968us         0.10%      55.968us       2.153us            26  
                            triton_poi_fused__to_copy_2         0.00%       0.000us         0.00%       0.000us       0.000us      51.810us         0.09%      51.810us       1.993us            26  
         nvjet_sm100_tst_128x256_64x6_2x4_2cta_h_bz_TNT         0.00%       0.000us         0.00%       0.000us       0.000us      33.504us         0.06%      33.504us      33.504us             1  
flashinfer::plan_kernel(int*, int*, int*, int*, int*...         0.00%       0.000us         0.00%       0.000us       0.000us      27.872us         0.05%      27.872us      27.872us             1  
void at::native::reduce_kernel<512, 1, at::native::R...         0.00%       0.000us         0.00%       0.000us       0.000us      24.064us         0.04%      24.064us      24.064us             1  
void at::native::elementwise_kernel<128, 4, at::nati...         0.00%       0.000us         0.00%       0.000us       0.000us      15.712us         0.03%      15.712us      15.712us             1  
void at::native::elementwise_kernel<128, 4, at::nati...         0.00%       0.000us         0.00%       0.000us       0.000us      14.208us         0.02%      14.208us      14.208us             1  
void at::native::elementwise_kernel<128, 4, at::nati...         0.00%       0.000us         0.00%       0.000us       0.000us      12.672us         0.02%      12.672us      12.672us             1  
               nvjet_sm100_tst_128x8_64x12_4x1_v_bz_TNT         0.00%       0.000us         0.00%       0.000us       0.000us      12.384us         0.02%      12.384us      12.384us             1  
                         Memcpy HtoD (Pinned -> Device)         0.00%       0.000us         0.00%       0.000us       0.000us      11.329us         0.02%      11.329us       1.416us             8  
                       Memcpy DtoH (Device -> Pageable)         0.00%       0.000us         0.00%       0.000us       0.000us       6.751us         0.01%       6.751us       3.376us             2  
                         Memcpy DtoH (Device -> Pinned)         0.00%       0.000us         0.00%       0.000us       0.000us       6.625us         0.01%       6.625us       3.312us             2  
kernel_cutlass_kernel_flashinfernormkernelsrmsnormRM...         0.00%       0.000us         0.00%       0.000us       0.000us       6.432us         0.01%       6.432us       6.432us             1  
void at::native::index_elementwise_kernel<128, 4, at...         0.00%       0.000us         0.00%       0.000us       0.000us       6.400us         0.01%       6.400us       6.400us             1  
void at::native::unrolled_elementwise_kernel<at::nat...         0.00%       0.000us         0.00%       0.000us       0.000us       5.408us         0.01%       5.408us       1.803us             3  
void at::native::vectorized_gather_kernel<16, long>(...         0.00%       0.000us         0.00%       0.000us       0.000us       4.992us         0.01%       4.992us       4.992us             1  
void at_cuda_detail::cub::detail::scan::DeviceScanKe...         0.00%       0.000us         0.00%       0.000us       0.000us       4.959us         0.01%       4.959us       1.653us             3  
                       Memcpy HtoD (Pageable -> Device)         0.00%       0.000us         0.00%       0.000us       0.000us       4.192us         0.01%       4.192us       0.838us             5  
                         write_req_to_token_pool_triton         0.00%       0.000us         0.00%       0.000us       0.000us       4.128us         0.01%       4.128us       4.128us             1  
void at::native::unrolled_elementwise_kernel<at::nat...         0.00%       0.000us         0.00%       0.000us       0.000us       4.032us         0.01%       4.032us       4.032us             1  
void at::native::vectorized_elementwise_kernel<2, at...         0.00%       0.000us         0.00%       0.000us       0.000us       3.616us         0.01%       3.616us       1.808us             2  
void at_cuda_detail::cub::detail::scan::DeviceScanIn...         0.00%       0.000us         0.00%       0.000us       0.000us       3.264us         0.01%       3.264us       1.088us             3  
void at::native::unrolled_elementwise_kernel<at::nat...         0.00%       0.000us         0.00%       0.000us       0.000us       2.912us         0.01%       2.912us       1.456us             2  
void at::native::reduce_kernel<512, 1, at::native::R...         0.00%       0.000us         0.00%       0.000us       0.000us       2.880us         0.00%       2.880us       2.880us             1  
void at::native::(anonymous namespace)::multi_tensor...         0.00%       0.000us         0.00%       0.000us       0.000us       2.432us         0.00%       2.432us       2.432us             1  
void at::native::reduce_kernel<512, 1, at::native::R...         0.00%       0.000us         0.00%       0.000us       0.000us       2.080us         0.00%       2.080us       2.080us             1  
                                compute_position_kernel         0.00%       0.000us         0.00%       0.000us       0.000us       2.048us         0.00%       2.048us       2.048us             1  
void at::native::unrolled_elementwise_kernel<at::nat...         0.00%       0.000us         0.00%       0.000us       0.000us       1.856us         0.00%       1.856us       1.856us             1  
triton_poi_fused_add_bitwise_and_bitwise_not_bitwise...         0.00%       0.000us         0.00%       0.000us       0.000us       1.440us         0.00%       1.440us       1.440us             1  
void at::native::unrolled_elementwise_kernel<at::nat...         0.00%       0.000us         0.00%       0.000us       0.000us       1.088us         0.00%       1.088us       1.088us             1  
void at::native::vectorized_elementwise_kernel<4, at...         0.00%       0.000us         0.00%       0.000us       0.000us       1.088us         0.00%       1.088us       1.088us             1  
                    create_flashinfer_kv_indices_triton         0.00%       0.000us         0.00%       0.000us       0.000us       0.896us         0.00%       0.896us       0.896us             1  
                                  cudaDeviceSynchronize        24.65%       2.563ms        24.65%       2.563ms     854.424us       0.000us         0.00%       0.000us       0.000us             3  
                                Activity Buffer Request        16.45%       1.710ms        16.45%       1.710ms       1.710ms       0.000us         0.00%       0.000us       0.000us             1  
                               cudaPointerGetAttributes         0.05%       4.697us         0.05%       4.697us       4.697us       0.000us         0.00%       0.000us       0.000us             1  
                                  cudaStreamIsCapturing         0.11%      11.527us         0.11%      11.527us       0.501us       0.000us         0.00%       0.000us       0.000us            23  
                                        cudaMemcpyAsync        11.30%       1.175ms        11.30%       1.175ms       9.249us       0.000us         0.00%       0.000us       0.000us           127  
                               cudaEventRecordWithFlags         0.11%      10.936us         0.11%      10.936us       1.367us       0.000us         0.00%       0.000us       0.000us             8  
                                         cudaEventQuery         0.29%      30.118us         0.29%      30.118us       3.765us       0.000us         0.00%       0.000us       0.000us             8  
                                       cuLaunchKernelEx        14.63%       1.521ms        14.63%       1.521ms       5.594us       0.000us         0.00%       0.000us       0.000us           272  
                                       cudaLaunchKernel        10.33%       1.074ms        10.33%       1.074ms       5.900us       0.000us         0.00%       0.000us       0.000us           182  
                                  cudaStreamSynchronize         0.31%      31.725us         0.31%      31.725us       7.931us       0.000us         0.00%       0.000us       0.000us             4  
                                    cudaPeekAtLastError         0.01%       1.341us         0.01%       1.341us       0.112us       0.000us         0.00%       0.000us       0.000us            12  
cudaOccupancyMaxActiveBlocksPerMultiprocessorWithFla...         0.05%       5.208us         0.05%       5.208us       1.736us       0.000us         0.00%       0.000us       0.000us             3  
                                 cudaDeviceGetAttribute         0.29%      30.110us         0.29%      30.110us       1.004us       0.000us         0.00%       0.000us       0.000us            30  
                                    cudaLaunchKernelExC        15.77%       1.640ms        15.77%       1.640ms       6.050us       0.000us         0.00%       0.000us       0.000us           271  
                                         cuLaunchKernel         4.15%     431.864us         4.15%     431.864us       5.467us       0.000us         0.00%       0.000us       0.000us            79  
                                                INVALID         0.47%      49.312us         0.47%      49.312us       0.457us       0.000us         0.00%       0.000us       0.000us           108  
                                   cudaDriverGetVersion         0.10%      10.208us         0.10%      10.208us       0.095us       0.000us         0.00%       0.000us       0.000us           108  
                                   cudaFuncSetAttribute         0.95%      98.417us         0.95%      98.417us       3.645us       0.000us         0.00%       0.000us       0.000us            27  
-------------------------------------------------------  ------------  ------------  ------------  ------------  ------------  ------------  ------------  ------------  ------------  ------------  
Self CPU time total: 10.399ms
Self CUDA time total: 58.119ms

-------------------------------------------------------  ------------  ------------  ------------  ------------  ------------  ------------  ------------  ------------  ------------  ------------  
                                                   Name    Self CPU %      Self CPU   CPU total %     CPU total  CPU time avg     Self CUDA   Self CUDA %    CUDA total  CUDA time avg    # of Calls  
-------------------------------------------------------  ------------  ------------  ------------  ------------  ------------  ------------  ------------  ------------  ------------  ------------  
void (anonymous namespace)::all_reduce_two_shot_kern...         0.00%       0.000us         0.00%       0.000us       0.000us      43.306ms        75.93%      43.306ms     787.383us            55  
                                       fused_moe_kernel         0.00%       0.000us         0.00%       0.000us       0.000us       5.601ms         9.82%       5.601ms     107.705us            52  
void cutlass::device_kernel<cutlass::fmha::kernel::S...         0.00%       0.000us         0.00%       0.000us       0.000us       1.947ms         3.41%       1.947ms      72.128us            27  
                         Memcpy DtoD (Device -> Device)         0.00%       0.000us         0.00%       0.000us       0.000us     536.989us         0.94%     536.989us       4.882us           110  
kernel_cutlass_kernel_flashinfernormkernelsfused_add...         0.00%       0.000us         0.00%       0.000us       0.000us     530.524us         0.93%     530.524us       9.825us            54  
void at::native::sbtopk::gatherTopK<float, unsigned ...         0.00%       0.000us         0.00%       0.000us       0.000us     523.201us         0.92%     523.201us      10.062us            52  
void moe_sum_reduce_warp_per_token_vec_kernel<8>(c10...         0.00%       0.000us         0.00%       0.000us       0.000us     521.791us         0.91%     521.791us      20.069us            26  
         nvjet_sm100_tst_160x192_64x6_1x2_2cta_h_bz_TNN         0.00%       0.000us         0.00%       0.000us       0.000us     475.136us         0.83%     475.136us       8.799us            54  
void (anonymous namespace)::act_and_mul_kernel<__nv_...         0.00%       0.000us         0.00%       0.000us       0.000us     448.317us         0.79%     448.317us       8.621us            52  
                               _all_gather_kernel_inner         0.00%       0.000us         0.00%       0.000us       0.000us     352.832us         0.62%     352.832us     352.832us             1  
         nvjet_sm100_tst_176x128_64x8_2x2_2cta_h_bz_TNN         0.00%       0.000us         0.00%       0.000us       0.000us     337.695us         0.59%     337.695us      12.988us            26  
         nvjet_sm100_tst_144x128_64x8_2x2_2cta_h_bz_TNN         0.00%       0.000us         0.00%       0.000us       0.000us     311.037us         0.55%     311.037us      11.520us            27  
void count_and_sort_expert_tokens_kernel<int>(int co...         0.00%       0.000us         0.00%       0.000us       0.000us     263.266us         0.46%     263.266us      10.126us            26  
          nvjet_sm100_tst_96x128_64x9_2x2_2cta_h_bz_TNN         0.00%       0.000us         0.00%       0.000us       0.000us     237.056us         0.42%     237.056us       8.780us            27  
void moe_align_block_size_kernel<int>(int const*, in...         0.00%       0.000us         0.00%       0.000us       0.000us     210.018us         0.37%     210.018us       8.078us            26  
          nvjet_sm100_tss_32x64_64x16_2x2_2cta_h_bz_TNN         0.00%       0.000us         0.00%       0.000us       0.000us     201.437us         0.35%     201.437us       7.748us            26  
void at::native::vectorized_elementwise_kernel<8, at...         0.00%       0.000us         0.00%       0.000us       0.000us     200.509us         0.35%     200.509us       7.712us            26  
kernel_cutlass_kernel_flashinfernormkernelsrmsnormRM...         0.00%       0.000us         0.00%       0.000us       0.000us     167.714us         0.29%     167.714us       6.212us            27  
         nvjet_sm100_tst_128x128_64x8_2x2_2cta_h_bz_TNT         0.00%       0.000us         0.00%       0.000us       0.000us     139.071us         0.24%     139.071us       5.151us            27  
triton_red_fused__softmax_exp_max_prepare_softmax_on...         0.00%       0.000us         0.00%       0.000us       0.000us     106.784us         0.19%     106.784us       4.107us            26  
                           concat_and_cast_mha_k_kernel         0.00%       0.000us         0.00%       0.000us       0.000us     101.916us         0.18%     101.916us       3.775us            27  
triton_poi_fused__softmax__to_copy_arange_bitwise_no...         0.00%       0.000us         0.00%       0.000us       0.000us      81.853us         0.14%      81.853us       3.148us            26  
void (anonymous namespace)::fused_rope_kernel<false,...         0.00%       0.000us         0.00%       0.000us       0.000us      80.002us         0.14%      80.002us       2.963us            27  
void (anonymous namespace)::set_mla_kv_buffer_kernel...         0.00%       0.000us         0.00%       0.000us       0.000us      73.984us         0.13%      73.984us       2.740us            27  
                            triton_poi_fused__to_copy_2         0.00%       0.000us         0.00%       0.000us       0.000us      48.479us         0.08%      48.479us       1.865us            26  
         nvjet_sm100_tst_128x256_64x6_2x4_2cta_h_bz_TNT         0.00%       0.000us         0.00%       0.000us       0.000us      33.312us         0.06%      33.312us      33.312us             1  
flashinfer::plan_kernel(int*, int*, int*, int*, int*...         0.00%       0.000us         0.00%       0.000us       0.000us      27.808us         0.05%      27.808us      27.808us             1  
void at::native::reduce_kernel<512, 1, at::native::R...         0.00%       0.000us         0.00%       0.000us       0.000us      23.391us         0.04%      23.391us      23.391us             1  
void at::native::elementwise_kernel<128, 4, at::nati...         0.00%       0.000us         0.00%       0.000us       0.000us      15.712us         0.03%      15.712us      15.712us             1  
void at::native::elementwise_kernel<128, 4, at::nati...         0.00%       0.000us         0.00%       0.000us       0.000us      14.336us         0.03%      14.336us      14.336us             1  
                         Memcpy HtoD (Pinned -> Device)         0.00%       0.000us         0.00%       0.000us       0.000us      12.895us         0.02%      12.895us       1.612us             8  
void at::native::elementwise_kernel<128, 4, at::nati...         0.00%       0.000us         0.00%       0.000us       0.000us      12.800us         0.02%      12.800us      12.800us             1  
               nvjet_sm100_tst_128x8_64x12_4x1_v_bz_TNT         0.00%       0.000us         0.00%       0.000us       0.000us      12.480us         0.02%      12.480us      12.480us             1  
                       Memcpy HtoD (Pageable -> Device)         0.00%       0.000us         0.00%       0.000us       0.000us       6.976us         0.01%       6.976us       1.395us             5  
                         Memcpy DtoH (Device -> Pinned)         0.00%       0.000us         0.00%       0.000us       0.000us       6.496us         0.01%       6.496us       3.248us             2  
void at::native::index_elementwise_kernel<128, 4, at...         0.00%       0.000us         0.00%       0.000us       0.000us       6.336us         0.01%       6.336us       6.336us             1  
kernel_cutlass_kernel_flashinfernormkernelsrmsnormRM...         0.00%       0.000us         0.00%       0.000us       0.000us       6.112us         0.01%       6.112us       6.112us             1  
                       Memcpy DtoH (Device -> Pageable)         0.00%       0.000us         0.00%       0.000us       0.000us       5.728us         0.01%       5.728us       2.864us             2  
void at::native::unrolled_elementwise_kernel<at::nat...         0.00%       0.000us         0.00%       0.000us       0.000us       5.280us         0.01%       5.280us       1.760us             3  
void at::native::vectorized_gather_kernel<16, long>(...         0.00%       0.000us         0.00%       0.000us       0.000us       5.024us         0.01%       5.024us       5.024us             1  
void at_cuda_detail::cub::detail::scan::DeviceScanKe...         0.00%       0.000us         0.00%       0.000us       0.000us       4.863us         0.01%       4.863us       1.621us             3  
void at::native::unrolled_elementwise_kernel<at::nat...         0.00%       0.000us         0.00%       0.000us       0.000us       4.065us         0.01%       4.065us       4.065us             1  
                         write_req_to_token_pool_triton         0.00%       0.000us         0.00%       0.000us       0.000us       4.065us         0.01%       4.065us       4.065us             1  
void at::native::vectorized_elementwise_kernel<2, at...         0.00%       0.000us         0.00%       0.000us       0.000us       3.521us         0.01%       3.521us       1.761us             2  
void at_cuda_detail::cub::detail::scan::DeviceScanIn...         0.00%       0.000us         0.00%       0.000us       0.000us       3.198us         0.01%       3.198us       1.066us             3  
void at::native::unrolled_elementwise_kernel<at::nat...         0.00%       0.000us         0.00%       0.000us       0.000us       3.009us         0.01%       3.009us       1.505us             2  
void at::native::reduce_kernel<512, 1, at::native::R...         0.00%       0.000us         0.00%       0.000us       0.000us       2.976us         0.01%       2.976us       2.976us             1  
void at::native::(anonymous namespace)::multi_tensor...         0.00%       0.000us         0.00%       0.000us       0.000us       2.208us         0.00%       2.208us       2.208us             1  
void at::native::reduce_kernel<512, 1, at::native::R...         0.00%       0.000us         0.00%       0.000us       0.000us       2.048us         0.00%       2.048us       2.048us             1  
                                compute_position_kernel         0.00%       0.000us         0.00%       0.000us       0.000us       1.920us         0.00%       1.920us       1.920us             1  
void at::native::unrolled_elementwise_kernel<at::nat...         0.00%       0.000us         0.00%       0.000us       0.000us       1.855us         0.00%       1.855us       1.855us             1  
triton_poi_fused_add_bitwise_and_bitwise_not_bitwise...         0.00%       0.000us         0.00%       0.000us       0.000us       1.631us         0.00%       1.631us       1.631us             1  
void at::native::vectorized_elementwise_kernel<4, at...         0.00%       0.000us         0.00%       0.000us       0.000us       1.056us         0.00%       1.056us       1.056us             1  
void at::native::unrolled_elementwise_kernel<at::nat...         0.00%       0.000us         0.00%       0.000us       0.000us       1.024us         0.00%       1.024us       1.024us             1  
                    create_flashinfer_kv_indices_triton         0.00%       0.000us         0.00%       0.000us       0.000us       0.865us         0.00%       0.865us       0.865us             1  
                                  cudaDeviceSynchronize        13.00%       1.213ms        13.00%       1.213ms     404.358us       0.000us         0.00%       0.000us       0.000us             3  
                                Activity Buffer Request        18.87%       1.761ms        18.87%       1.761ms       1.761ms       0.000us         0.00%       0.000us       0.000us             1  
                               cudaPointerGetAttributes         0.07%       6.729us         0.07%       6.729us       6.729us       0.000us         0.00%       0.000us       0.000us             1  
                                  cudaStreamIsCapturing         0.10%       9.609us         0.10%       9.609us       0.418us       0.000us         0.00%       0.000us       0.000us            23  
                                        cudaMemcpyAsync        13.10%       1.222ms        13.10%       1.222ms       9.623us       0.000us         0.00%       0.000us       0.000us           127  
                               cudaEventRecordWithFlags         0.11%      10.692us         0.11%      10.692us       1.337us       0.000us         0.00%       0.000us       0.000us             8  
                                         cudaEventQuery         0.32%      29.551us         0.32%      29.551us       3.694us       0.000us         0.00%       0.000us       0.000us             8  
                                       cuLaunchKernelEx        17.31%       1.616ms        17.31%       1.616ms       5.939us       0.000us         0.00%       0.000us       0.000us           272  
                                       cudaLaunchKernel        12.06%       1.126ms        12.06%       1.126ms       6.185us       0.000us         0.00%       0.000us       0.000us           182  
                                  cudaStreamSynchronize         0.31%      29.371us         0.31%      29.371us       7.343us       0.000us         0.00%       0.000us       0.000us             4  
                                    cudaPeekAtLastError         0.01%       1.295us         0.01%       1.295us       0.108us       0.000us         0.00%       0.000us       0.000us            12  
cudaOccupancyMaxActiveBlocksPerMultiprocessorWithFla...         0.05%       5.087us         0.05%       5.087us       1.696us       0.000us         0.00%       0.000us       0.000us             3  
                                 cudaDeviceGetAttribute         0.30%      28.027us         0.30%      28.027us       0.934us       0.000us         0.00%       0.000us       0.000us            30  
                                    cudaLaunchKernelExC        18.08%       1.687ms        18.08%       1.687ms       6.224us       0.000us         0.00%       0.000us       0.000us           271  
                                         cuLaunchKernel         4.63%     432.058us         4.63%     432.058us       5.469us       0.000us         0.00%       0.000us       0.000us            79  
                                                INVALID         0.54%      50.050us         0.54%      50.050us       0.463us       0.000us         0.00%       0.000us       0.000us           108  
                                   cudaDriverGetVersion         0.11%      10.037us         0.11%      10.037us       0.093us       0.000us         0.00%       0.000us       0.000us           108  
                                   cudaFuncSetAttribute         1.01%      94.704us         1.01%      94.704us       3.508us       0.000us         0.00%       0.000us       0.000us            27  
-------------------------------------------------------  ------------  ------------  ------------  ------------  ------------  ------------  ------------  ------------  ------------  ------------  
Self CPU time total: 9.331ms
Self CUDA time total: 57.037ms

-------------------------------------------------------  ------------  ------------  ------------  ------------  ------------  ------------  ------------  ------------  ------------  ------------  
                                                   Name    Self CPU %      Self CPU   CPU total %     CPU total  CPU time avg     Self CUDA   Self CUDA %    CUDA total  CUDA time avg    # of Calls  
-------------------------------------------------------  ------------  ------------  ------------  ------------  ------------  ------------  ------------  ------------  ------------  ------------  
void (anonymous namespace)::all_reduce_two_shot_kern...         0.00%       0.000us         0.00%       0.000us       0.000us       7.441ms        35.75%       7.441ms     135.299us            55  
                                       fused_moe_kernel         0.00%       0.000us         0.00%       0.000us       0.000us       5.589ms        26.85%       5.589ms     107.489us            52  
void cutlass::device_kernel<cutlass::fmha::kernel::S...         0.00%       0.000us         0.00%       0.000us       0.000us       1.944ms         9.34%       1.944ms      72.007us            27  
                         Memcpy DtoD (Device -> Device)         0.00%       0.000us         0.00%       0.000us       0.000us     533.734us         2.56%     533.734us       4.852us           110  
kernel_cutlass_kernel_flashinfernormkernelsfused_add...         0.00%       0.000us         0.00%       0.000us       0.000us     529.950us         2.55%     529.950us       9.814us            54  
void moe_sum_reduce_warp_per_token_vec_kernel<8>(c10...         0.00%       0.000us         0.00%       0.000us       0.000us     523.451us         2.51%     523.451us      20.133us            26  
void at::native::sbtopk::gatherTopK<float, unsigned ...         0.00%       0.000us         0.00%       0.000us       0.000us     522.559us         2.51%     522.559us      10.049us            52  
         nvjet_sm100_tst_160x192_64x6_1x2_2cta_h_bz_TNN         0.00%       0.000us         0.00%       0.000us       0.000us     472.412us         2.27%     472.412us       8.748us            54  
                               _all_gather_kernel_inner         0.00%       0.000us         0.00%       0.000us       0.000us     356.830us         1.71%     356.830us     356.830us             1  
void (anonymous namespace)::act_and_mul_kernel<__nv_...         0.00%       0.000us         0.00%       0.000us       0.000us     320.797us         1.54%     320.797us       6.169us            52  
         nvjet_sm100_tst_176x128_64x8_2x2_2cta_h_bz_TNN         0.00%       0.000us         0.00%       0.000us       0.000us     312.608us         1.50%     312.608us      12.023us            26  
         nvjet_sm100_tst_144x128_64x8_2x2_2cta_h_bz_TNN         0.00%       0.000us         0.00%       0.000us       0.000us     274.428us         1.32%     274.428us      10.164us            27  
void count_and_sort_expert_tokens_kernel<int>(int co...         0.00%       0.000us         0.00%       0.000us       0.000us     263.934us         1.27%     263.934us      10.151us            26  
          nvjet_sm100_tst_96x128_64x9_2x2_2cta_h_bz_TNN         0.00%       0.000us         0.00%       0.000us       0.000us     214.720us         1.03%     214.720us       7.953us            27  
void moe_align_block_size_kernel<int>(int const*, in...         0.00%       0.000us         0.00%       0.000us       0.000us     207.777us         1.00%     207.777us       7.991us            26  
void at::native::vectorized_elementwise_kernel<8, at...         0.00%       0.000us         0.00%       0.000us       0.000us     200.449us         0.96%     200.449us       7.710us            26  
          nvjet_sm100_tss_32x64_64x16_2x2_2cta_h_bz_TNN         0.00%       0.000us         0.00%       0.000us       0.000us     149.694us         0.72%     149.694us       5.757us            26  
         nvjet_sm100_tst_128x128_64x8_2x2_2cta_h_bz_TNT         0.00%       0.000us         0.00%       0.000us       0.000us     141.409us         0.68%     141.409us       5.237us            27  
triton_red_fused__softmax_exp_max_prepare_softmax_on...         0.00%       0.000us         0.00%       0.000us       0.000us     103.455us         0.50%     103.455us       3.979us            26  
                           concat_and_cast_mha_k_kernel         0.00%       0.000us         0.00%       0.000us       0.000us      99.264us         0.48%      99.264us       3.676us            27  
kernel_cutlass_kernel_flashinfernormkernelsrmsnormRM...         0.00%       0.000us         0.00%       0.000us       0.000us      93.505us         0.45%      93.505us       3.463us            27  
void (anonymous namespace)::fused_rope_kernel<false,...         0.00%       0.000us         0.00%       0.000us       0.000us      79.647us         0.38%      79.647us       2.950us            27  
triton_poi_fused__softmax__to_copy_arange_bitwise_no...         0.00%       0.000us         0.00%       0.000us       0.000us      76.800us         0.37%      76.800us       2.954us            26  
void (anonymous namespace)::set_mla_kv_buffer_kernel...         0.00%       0.000us         0.00%       0.000us       0.000us      72.448us         0.35%      72.448us       2.683us            27  
                            triton_poi_fused__to_copy_2         0.00%       0.000us         0.00%       0.000us       0.000us      51.742us         0.25%      51.742us       1.990us            26  
         nvjet_sm100_tst_128x256_64x6_2x4_2cta_h_bz_TNT         0.00%       0.000us         0.00%       0.000us       0.000us      33.824us         0.16%      33.824us      33.824us             1  
flashinfer::plan_kernel(int*, int*, int*, int*, int*...         0.00%       0.000us         0.00%       0.000us       0.000us      27.904us         0.13%      27.904us      27.904us             1  
void at::native::reduce_kernel<512, 1, at::native::R...         0.00%       0.000us         0.00%       0.000us       0.000us      23.903us         0.11%      23.903us      23.903us             1  
void at::native::elementwise_kernel<128, 4, at::nati...         0.00%       0.000us         0.00%       0.000us       0.000us      15.584us         0.07%      15.584us      15.584us             1  
                         Memcpy HtoD (Pinned -> Device)         0.00%       0.000us         0.00%       0.000us       0.000us      15.261us         0.07%      15.261us       1.908us             8  
void at::native::elementwise_kernel<128, 4, at::nati...         0.00%       0.000us         0.00%       0.000us       0.000us      14.112us         0.07%      14.112us      14.112us             1  
void at::native::elementwise_kernel<128, 4, at::nati...         0.00%       0.000us         0.00%       0.000us       0.000us      12.897us         0.06%      12.897us      12.897us             1  
               nvjet_sm100_tst_128x8_64x12_4x1_v_bz_TNT         0.00%       0.000us         0.00%       0.000us       0.000us      12.288us         0.06%      12.288us      12.288us             1  
                       Memcpy HtoD (Pageable -> Device)         0.00%       0.000us         0.00%       0.000us       0.000us       6.880us         0.03%       6.880us       1.376us             5  
                       Memcpy DtoH (Device -> Pageable)         0.00%       0.000us         0.00%       0.000us       0.000us       6.430us         0.03%       6.430us       3.215us             2  
void at::native::index_elementwise_kernel<128, 4, at...         0.00%       0.000us         0.00%       0.000us       0.000us       6.400us         0.03%       6.400us       6.400us             1  
                         Memcpy DtoH (Device -> Pinned)         0.00%       0.000us         0.00%       0.000us       0.000us       6.398us         0.03%       6.398us       3.199us             2  
kernel_cutlass_kernel_flashinfernormkernelsrmsnormRM...         0.00%       0.000us         0.00%       0.000us       0.000us       6.048us         0.03%       6.048us       6.048us             1  
void at::native::unrolled_elementwise_kernel<at::nat...         0.00%       0.000us         0.00%       0.000us       0.000us       5.472us         0.03%       5.472us       1.824us             3  
void at_cuda_detail::cub::detail::scan::DeviceScanKe...         0.00%       0.000us         0.00%       0.000us       0.000us       4.992us         0.02%       4.992us       1.664us             3  
void at::native::vectorized_gather_kernel<16, long>(...         0.00%       0.000us         0.00%       0.000us       0.000us       4.992us         0.02%       4.992us       4.992us             1  
                         write_req_to_token_pool_triton         0.00%       0.000us         0.00%       0.000us       0.000us       4.224us         0.02%       4.224us       4.224us             1  
void at::native::unrolled_elementwise_kernel<at::nat...         0.00%       0.000us         0.00%       0.000us       0.000us       4.000us         0.02%       4.000us       4.000us             1  
void at::native::vectorized_elementwise_kernel<2, at...         0.00%       0.000us         0.00%       0.000us       0.000us       3.616us         0.02%       3.616us       1.808us             2  
void at_cuda_detail::cub::detail::scan::DeviceScanIn...         0.00%       0.000us         0.00%       0.000us       0.000us       3.296us         0.02%       3.296us       1.099us             3  
void at::native::unrolled_elementwise_kernel<at::nat...         0.00%       0.000us         0.00%       0.000us       0.000us       2.976us         0.01%       2.976us       1.488us             2  
void at::native::reduce_kernel<512, 1, at::native::R...         0.00%       0.000us         0.00%       0.000us       0.000us       2.944us         0.01%       2.944us       2.944us             1  
void at::native::(anonymous namespace)::multi_tensor...         0.00%       0.000us         0.00%       0.000us       0.000us       2.367us         0.01%       2.367us       2.367us             1  
void at::native::reduce_kernel<512, 1, at::native::R...         0.00%       0.000us         0.00%       0.000us       0.000us       2.048us         0.01%       2.048us       2.048us             1  
                                compute_position_kernel         0.00%       0.000us         0.00%       0.000us       0.000us       1.984us         0.01%       1.984us       1.984us             1  
void at::native::unrolled_elementwise_kernel<at::nat...         0.00%       0.000us         0.00%       0.000us       0.000us       1.856us         0.01%       1.856us       1.856us             1  
triton_poi_fused_add_bitwise_and_bitwise_not_bitwise...         0.00%       0.000us         0.00%       0.000us       0.000us       1.664us         0.01%       1.664us       1.664us             1  
void at::native::unrolled_elementwise_kernel<at::nat...         0.00%       0.000us         0.00%       0.000us       0.000us       1.088us         0.01%       1.088us       1.088us             1  
                    create_flashinfer_kv_indices_triton         0.00%       0.000us         0.00%       0.000us       0.000us       0.896us         0.00%       0.896us       0.896us             1  
void at::native::vectorized_elementwise_kernel<4, at...         0.00%       0.000us         0.00%       0.000us       0.000us       0.896us         0.00%       0.896us       0.896us             1  
                                  cudaDeviceSynchronize         4.81%     416.493us         4.81%     416.493us     138.831us       0.000us         0.00%       0.000us       0.000us             3  
                                Activity Buffer Request        19.99%       1.731ms        19.99%       1.731ms       1.731ms       0.000us         0.00%       0.000us       0.000us             1  
                               cudaPointerGetAttributes         0.06%       5.258us         0.06%       5.258us       5.258us       0.000us         0.00%       0.000us       0.000us             1  
                                  cudaStreamIsCapturing         0.14%      11.944us         0.14%      11.944us       0.519us       0.000us         0.00%       0.000us       0.000us            23  
                                        cudaMemcpyAsync        14.86%       1.288ms        14.86%       1.288ms      10.139us       0.000us         0.00%       0.000us       0.000us           127  
                               cudaEventRecordWithFlags         0.12%       9.962us         0.12%       9.962us       1.245us       0.000us         0.00%       0.000us       0.000us             8  
                                         cudaEventQuery         0.37%      31.840us         0.37%      31.840us       3.980us       0.000us         0.00%       0.000us       0.000us             8  
                                       cuLaunchKernelEx        18.92%       1.639ms        18.92%       1.639ms       6.025us       0.000us         0.00%       0.000us       0.000us           272  
                                       cudaLaunchKernel        13.43%       1.163ms        13.43%       1.163ms       6.392us       0.000us         0.00%       0.000us       0.000us           182  
                                  cudaStreamSynchronize         0.34%      29.467us         0.34%      29.467us       7.367us       0.000us         0.00%       0.000us       0.000us             4  
                                    cudaPeekAtLastError         0.01%       1.292us         0.01%       1.292us       0.108us       0.000us         0.00%       0.000us       0.000us            12  
cudaOccupancyMaxActiveBlocksPerMultiprocessorWithFla...         0.06%       5.046us         0.06%       5.046us       1.682us       0.000us         0.00%       0.000us       0.000us             3  
                                 cudaDeviceGetAttribute         0.33%      28.463us         0.33%      28.463us       0.949us       0.000us         0.00%       0.000us       0.000us            30  
                                    cudaLaunchKernelExC        19.62%       1.699ms        19.62%       1.699ms       6.270us       0.000us         0.00%       0.000us       0.000us           271  
                                         cuLaunchKernel         5.14%     444.898us         5.14%     444.898us       5.632us       0.000us         0.00%       0.000us       0.000us            79  
                                                INVALID         0.58%      50.021us         0.58%      50.021us       0.463us       0.000us         0.00%       0.000us       0.000us           108  
                                   cudaDriverGetVersion         0.12%      10.185us         0.12%      10.185us       0.094us       0.000us         0.00%       0.000us       0.000us           108  
                                   cudaFuncSetAttribute         1.12%      96.886us         1.12%      96.886us       3.588us       0.000us         0.00%       0.000us       0.000us            27  
-------------------------------------------------------  ------------  ------------  ------------  ------------  ------------  ------------  ------------  ------------  ------------  ------------  
Self CPU time total: 8.662ms
Self CUDA time total: 20.814ms

torch profiler chrome trace for prefill saved to /sgl-workspace/sglang-src/experiment-results/phase14c/deepseek_tp_extension/tp8/deepseek-v2-lite/chunked_prefill/c4096/r1/traces/trace_rank0_batch1_input4095_output8_prefill.trace.json.gz
Prefill. latency: 0.09411 s, throughput:  43511.24 token/s
Decode 0. Batch size: 1, latency: 0.05728 s, throughput:     17.46 token/s
Decode 1. Batch size: 1, latency: 0.05381 s, throughput:     18.58 token/s
Decode 2. Batch size: 1, latency: 0.05803 s, throughput:     17.23 token/s
Decode 3. Batch size: 1, latency: 0.05366 s, throughput:     18.64 token/s
Decode 4. Batch size: 1, latency: 0.05601 s, throughput:     17.85 token/s
Decode.  median latency: 0.05601 s, median throughput:     17.85 token/s
Total. latency:  0.484 s, throughput:   8473.54 token/s
Warmup workload: batch_size=1, input_len=4096, output_len=8
Prefill. latency: 0.07086 s, throughput:  57806.83 token/s
Decode 0. Batch size: 1, latency: 0.05552 s, throughput:     18.01 token/s
Decode 1. Batch size: 1, latency: 0.05747 s, throughput:     17.40 token/s
Decode 2. Batch size: 1, latency: 0.05417 s, throughput:     18.46 token/s
Decode 3. Batch size: 1, latency: 0.05363 s, throughput:     18.65 token/s
Decode 4. Batch size: 1, latency: 0.05538 s, throughput:     18.06 token/s
Decode.  median latency: 0.05493 s, median throughput:     18.21 token/s
Total. latency:  0.455 s, throughput:   9010.36 token/s

-------------------------------------------------------  ------------  ------------  ------------  ------------  ------------  ------------  ------------  ------------  ------------  ------------  
                                                   Name    Self CPU %      Self CPU   CPU total %     CPU total  CPU time avg     Self CUDA   Self CUDA %    CUDA total  CUDA time avg    # of Calls  
-------------------------------------------------------  ------------  ------------  ------------  ------------  ------------  ------------  ------------  ------------  ------------  ------------  
void (anonymous namespace)::all_reduce_two_shot_kern...         0.00%       0.000us         0.00%       0.000us       0.000us      24.768ms        65.23%      24.768ms     450.325us            55  
                                       fused_moe_kernel         0.00%       0.000us         0.00%       0.000us       0.000us       5.589ms        14.72%       5.589ms     107.489us            52  
void cutlass::device_kernel<cutlass::fmha::kernel::S...         0.00%       0.000us         0.00%       0.000us       0.000us       1.952ms         5.14%       1.952ms      72.309us            27  
kernel_cutlass_kernel_flashinfernormkernelsfused_add...         0.00%       0.000us         0.00%       0.000us       0.000us     530.654us         1.40%     530.654us       9.827us            54  
                         Memcpy DtoD (Device -> Device)         0.00%       0.000us         0.00%       0.000us       0.000us     530.491us         1.40%     530.491us       4.823us           110  
void at::native::sbtopk::gatherTopK<float, unsigned ...         0.00%       0.000us         0.00%       0.000us       0.000us     522.847us         1.38%     522.847us      10.055us            52  
void moe_sum_reduce_warp_per_token_vec_kernel<8>(c10...         0.00%       0.000us         0.00%       0.000us       0.000us     522.333us         1.38%     522.333us      20.090us            26  
         nvjet_sm100_tst_160x192_64x6_1x2_2cta_h_bz_TNN         0.00%       0.000us         0.00%       0.000us       0.000us     472.476us         1.24%     472.476us       8.750us            54  
void (anonymous namespace)::act_and_mul_kernel<__nv_...         0.00%       0.000us         0.00%       0.000us       0.000us     376.954us         0.99%     376.954us       7.249us            52  
         nvjet_sm100_tst_176x128_64x8_2x2_2cta_h_bz_TNN         0.00%       0.000us         0.00%       0.000us       0.000us     315.678us         0.83%     315.678us      12.141us            26  
         nvjet_sm100_tst_144x128_64x8_2x2_2cta_h_bz_TNN         0.00%       0.000us         0.00%       0.000us       0.000us     291.649us         0.77%     291.649us      10.802us            27  
void count_and_sort_expert_tokens_kernel<int>(int co...         0.00%       0.000us         0.00%       0.000us       0.000us     268.223us         0.71%     268.223us      10.316us            26  
          nvjet_sm100_tst_96x128_64x9_2x2_2cta_h_bz_TNN         0.00%       0.000us         0.00%       0.000us       0.000us     225.025us         0.59%     225.025us       8.334us            27  
void moe_align_block_size_kernel<int>(int const*, in...         0.00%       0.000us         0.00%       0.000us       0.000us     214.209us         0.56%     214.209us       8.239us            26  
void at::native::vectorized_elementwise_kernel<8, at...         0.00%       0.000us         0.00%       0.000us       0.000us     201.663us         0.53%     201.663us       7.756us            26  
          nvjet_sm100_tss_32x64_64x16_2x2_2cta_h_bz_TNN         0.00%       0.000us         0.00%       0.000us       0.000us     176.091us         0.46%     176.091us       6.773us            26  
         nvjet_sm100_tst_128x128_64x8_2x2_2cta_h_bz_TNT         0.00%       0.000us         0.00%       0.000us       0.000us     140.574us         0.37%     140.574us       5.206us            27  
kernel_cutlass_kernel_flashinfernormkernelsrmsnormRM...         0.00%       0.000us         0.00%       0.000us       0.000us     132.670us         0.35%     132.670us       4.914us            27  
triton_red_fused__softmax_exp_max_prepare_softmax_on...         0.00%       0.000us         0.00%       0.000us       0.000us     104.578us         0.28%     104.578us       4.022us            26  
                           concat_and_cast_mha_k_kernel         0.00%       0.000us         0.00%       0.000us       0.000us     100.287us         0.26%     100.287us       3.714us            27  
triton_poi_fused__softmax__to_copy_arange_bitwise_no...         0.00%       0.000us         0.00%       0.000us       0.000us      80.673us         0.21%      80.673us       3.103us            26  
void (anonymous namespace)::fused_rope_kernel<false,...         0.00%       0.000us         0.00%       0.000us       0.000us      79.713us         0.21%      79.713us       2.952us            27  
void (anonymous namespace)::set_mla_kv_buffer_kernel...         0.00%       0.000us         0.00%       0.000us       0.000us      73.599us         0.19%      73.599us       2.726us            27  
                            triton_poi_fused__to_copy_2         0.00%       0.000us         0.00%       0.000us       0.000us      48.609us         0.13%      48.609us       1.870us            26  
         nvjet_sm100_tst_128x256_64x6_2x4_2cta_h_bz_TNT         0.00%       0.000us         0.00%       0.000us       0.000us      32.960us         0.09%      32.960us      32.960us             1  
flashinfer::plan_kernel(int*, int*, int*, int*, int*...         0.00%       0.000us         0.00%       0.000us       0.000us      27.967us         0.07%      27.967us      27.967us             1  
void at::native::reduce_kernel<512, 1, at::native::R...         0.00%       0.000us         0.00%       0.000us       0.000us      24.192us         0.06%      24.192us      24.192us             1  
void at::native::elementwise_kernel<128, 4, at::nati...         0.00%       0.000us         0.00%       0.000us       0.000us      17.920us         0.05%      17.920us      17.920us             1  
void at::native::elementwise_kernel<128, 4, at::nati...         0.00%       0.000us         0.00%       0.000us       0.000us      14.272us         0.04%      14.272us      14.272us             1  
                         Memcpy HtoD (Pinned -> Device)         0.00%       0.000us         0.00%       0.000us       0.000us      13.857us         0.04%      13.857us       1.732us             8  
void at::native::elementwise_kernel<128, 4, at::nati...         0.00%       0.000us         0.00%       0.000us       0.000us      12.928us         0.03%      12.928us      12.928us             1  
               nvjet_sm100_tst_128x8_64x12_4x1_v_bz_TNT         0.00%       0.000us         0.00%       0.000us       0.000us      12.736us         0.03%      12.736us      12.736us             1  
                               _all_gather_kernel_inner         0.00%       0.000us         0.00%       0.000us       0.000us       8.256us         0.02%       8.256us       8.256us             1  
void at::native::index_elementwise_kernel<128, 4, at...         0.00%       0.000us         0.00%       0.000us       0.000us       8.000us         0.02%       8.000us       8.000us             1  
                       Memcpy HtoD (Pageable -> Device)         0.00%       0.000us         0.00%       0.000us       0.000us       7.136us         0.02%       7.136us       1.427us             5  
void at::native::vectorized_gather_kernel<16, long>(...         0.00%       0.000us         0.00%       0.000us       0.000us       6.848us         0.02%       6.848us       6.848us             1  
                       Memcpy DtoH (Device -> Pageable)         0.00%       0.000us         0.00%       0.000us       0.000us       6.720us         0.02%       6.720us       3.360us             2  
kernel_cutlass_kernel_flashinfernormkernelsrmsnormRM...         0.00%       0.000us         0.00%       0.000us       0.000us       6.112us         0.02%       6.112us       6.112us             1  
void at::native::unrolled_elementwise_kernel<at::nat...         0.00%       0.000us         0.00%       0.000us       0.000us       5.856us         0.02%       5.856us       1.952us             3  
                         Memcpy DtoH (Device -> Pinned)         0.00%       0.000us         0.00%       0.000us       0.000us       5.664us         0.01%       5.664us       2.832us             2  
void at_cuda_detail::cub::detail::scan::DeviceScanKe...         0.00%       0.000us         0.00%       0.000us       0.000us       5.568us         0.01%       5.568us       1.856us             3  
void at::native::unrolled_elementwise_kernel<at::nat...         0.00%       0.000us         0.00%       0.000us       0.000us       4.416us         0.01%       4.416us       4.416us             1  
                         write_req_to_token_pool_triton         0.00%       0.000us         0.00%       0.000us       0.000us       4.255us         0.01%       4.255us       4.255us             1  
void at::native::vectorized_elementwise_kernel<2, at...         0.00%       0.000us         0.00%       0.000us       0.000us       3.775us         0.01%       3.775us       1.887us             2  
void at_cuda_detail::cub::detail::scan::DeviceScanIn...         0.00%       0.000us         0.00%       0.000us       0.000us       3.649us         0.01%       3.649us       1.216us             3  
void at::native::unrolled_elementwise_kernel<at::nat...         0.00%       0.000us         0.00%       0.000us       0.000us       3.201us         0.01%       3.201us       1.600us             2  
void at::native::reduce_kernel<512, 1, at::native::R...         0.00%       0.000us         0.00%       0.000us       0.000us       3.136us         0.01%       3.136us       3.136us             1  
void at::native::(anonymous namespace)::multi_tensor...         0.00%       0.000us         0.00%       0.000us       0.000us       2.368us         0.01%       2.368us       2.368us             1  
void at::native::reduce_kernel<512, 1, at::native::R...         0.00%       0.000us         0.00%       0.000us       0.000us       2.337us         0.01%       2.337us       2.337us             1  
void at::native::unrolled_elementwise_kernel<at::nat...         0.00%       0.000us         0.00%       0.000us       0.000us       2.273us         0.01%       2.273us       2.273us             1  
                                compute_position_kernel         0.00%       0.000us         0.00%       0.000us       0.000us       1.984us         0.01%       1.984us       1.984us             1  
triton_poi_fused_add_bitwise_and_bitwise_not_bitwise...         0.00%       0.000us         0.00%       0.000us       0.000us       1.600us         0.00%       1.600us       1.600us             1  
void at::native::unrolled_elementwise_kernel<at::nat...         0.00%       0.000us         0.00%       0.000us       0.000us       1.217us         0.00%       1.217us       1.217us             1  
                    create_flashinfer_kv_indices_triton         0.00%       0.000us         0.00%       0.000us       0.000us       1.088us         0.00%       1.088us       1.088us             1  
void at::native::vectorized_elementwise_kernel<4, at...         0.00%       0.000us         0.00%       0.000us       0.000us       1.056us         0.00%       1.056us       1.056us             1  
                                  cudaDeviceSynchronize         0.48%      41.599us         0.48%      41.599us      13.866us       0.000us         0.00%       0.000us       0.000us             3  
                                Activity Buffer Request        20.07%       1.755ms        20.07%       1.755ms       1.755ms       0.000us         0.00%       0.000us       0.000us             1  
                               cudaPointerGetAttributes         0.10%       8.667us         0.10%       8.667us       8.667us       0.000us         0.00%       0.000us       0.000us             1  
                                  cudaStreamIsCapturing         0.13%      11.036us         0.13%      11.036us       0.480us       0.000us         0.00%       0.000us       0.000us            23  
                                        cudaMemcpyAsync        15.19%       1.328ms        15.19%       1.328ms      10.459us       0.000us         0.00%       0.000us       0.000us           127  
                               cudaEventRecordWithFlags         0.14%      12.046us         0.14%      12.046us       1.506us       0.000us         0.00%       0.000us       0.000us             8  
                                         cudaEventQuery         0.34%      29.890us         0.34%      29.890us       3.736us       0.000us         0.00%       0.000us       0.000us             8  
                                       cuLaunchKernelEx        20.17%       1.764ms        20.17%       1.764ms       6.485us       0.000us         0.00%       0.000us       0.000us           272  
                                       cudaLaunchKernel        14.28%       1.249ms        14.28%       1.249ms       6.863us       0.000us         0.00%       0.000us       0.000us           182  
                                  cudaStreamSynchronize         0.35%      30.595us         0.35%      30.595us       7.649us       0.000us         0.00%       0.000us       0.000us             4  
                                    cudaPeekAtLastError         0.02%       1.314us         0.02%       1.314us       0.110us       0.000us         0.00%       0.000us       0.000us            12  
cudaOccupancyMaxActiveBlocksPerMultiprocessorWithFla...         0.06%       5.288us         0.06%       5.288us       1.763us       0.000us         0.00%       0.000us       0.000us             3  
                                 cudaDeviceGetAttribute         0.35%      30.222us         0.35%      30.222us       1.007us       0.000us         0.00%       0.000us       0.000us            30  
                                    cudaLaunchKernelExC        21.18%       1.853ms        21.18%       1.853ms       6.836us       0.000us         0.00%       0.000us       0.000us           271  
                                         cuLaunchKernel         5.30%     463.344us         5.30%     463.344us       5.865us       0.000us         0.00%       0.000us       0.000us            79  
                                                INVALID         0.60%      52.192us         0.60%      52.192us       0.483us       0.000us         0.00%       0.000us       0.000us           108  
                                   cudaDriverGetVersion         0.12%      10.227us         0.12%      10.227us       0.095us       0.000us         0.00%       0.000us       0.000us           108  
                                   cudaFuncSetAttribute         1.14%      99.513us         1.14%      99.513us       3.686us       0.000us         0.00%       0.000us       0.000us            27  
-------------------------------------------------------  ------------  ------------  ------------  ------------  ------------  ------------  ------------  ------------  ------------  ------------  
Self CPU time total: 8.745ms
Self CUDA time total: 37.972ms
-------------------------------------------------------  ------------  ------------  ------------  ------------  ------------  ------------  ------------  ------------  ------------  ------------  
                                                   Name    Self CPU %      Self CPU   CPU total %     CPU total  CPU time avg     Self CUDA   Self CUDA %    CUDA total  CUDA time avg    # of Calls  
-------------------------------------------------------  ------------  ------------  ------------  ------------  ------------  ------------  ------------  ------------  ------------  ------------  
void (anonymous namespace)::all_reduce_two_shot_kern...         0.00%       0.000us         0.00%       0.000us       0.000us      44.062ms        76.28%      44.062ms     801.135us            55  
                                       fused_moe_kernel         0.00%       0.000us         0.00%       0.000us       0.000us       5.583ms         9.66%       5.583ms     107.359us            52  
void cutlass::device_kernel<cutlass::fmha::kernel::S...         0.00%       0.000us         0.00%       0.000us       0.000us       1.944ms         3.37%       1.944ms      71.994us            27  
                         Memcpy DtoD (Device -> Device)         0.00%       0.000us         0.00%       0.000us       0.000us     532.515us         0.92%     532.515us       4.841us           110  
kernel_cutlass_kernel_flashinfernormkernelsfused_add...         0.00%       0.000us         0.00%       0.000us       0.000us     528.928us         0.92%     528.928us       9.795us            54  
void at::native::sbtopk::gatherTopK<float, unsigned ...         0.00%       0.000us         0.00%       0.000us       0.000us     521.635us         0.90%     521.635us      10.031us            52  
void moe_sum_reduce_warp_per_token_vec_kernel<8>(c10...         0.00%       0.000us         0.00%       0.000us       0.000us     520.604us         0.90%     520.604us      20.023us            26  
         nvjet_sm100_tst_160x192_64x6_1x2_2cta_h_bz_TNN         0.00%       0.000us         0.00%       0.000us       0.000us     475.326us         0.82%     475.326us       8.802us            54  
void (anonymous namespace)::act_and_mul_kernel<__nv_...         0.00%       0.000us         0.00%       0.000us       0.000us     444.797us         0.77%     444.797us       8.554us            52  
                               _all_gather_kernel_inner         0.00%       0.000us         0.00%       0.000us       0.000us     358.815us         0.62%     358.815us     358.815us             1  
         nvjet_sm100_tst_176x128_64x8_2x2_2cta_h_bz_TNN         0.00%       0.000us         0.00%       0.000us       0.000us     333.023us         0.58%     333.023us      12.809us            26  
         nvjet_sm100_tst_144x128_64x8_2x2_2cta_h_bz_TNN         0.00%       0.000us         0.00%       0.000us       0.000us     312.416us         0.54%     312.416us      11.571us            27  
void count_and_sort_expert_tokens_kernel<int>(int co...         0.00%       0.000us         0.00%       0.000us       0.000us     263.329us         0.46%     263.329us      10.128us            26  
          nvjet_sm100_tst_96x128_64x9_2x2_2cta_h_bz_TNN         0.00%       0.000us         0.00%       0.000us       0.000us     237.150us         0.41%     237.150us       8.783us            27  
void moe_align_block_size_kernel<int>(int const*, in...         0.00%       0.000us         0.00%       0.000us       0.000us     212.193us         0.37%     212.193us       8.161us            26  
          nvjet_sm100_tss_32x64_64x16_2x2_2cta_h_bz_TNN         0.00%       0.000us         0.00%       0.000us       0.000us     201.469us         0.35%     201.469us       7.749us            26  
void at::native::vectorized_elementwise_kernel<8, at...         0.00%       0.000us         0.00%       0.000us       0.000us     200.349us         0.35%     200.349us       7.706us            26  
kernel_cutlass_kernel_flashinfernormkernelsrmsnormRM...         0.00%       0.000us         0.00%       0.000us       0.000us     167.198us         0.29%     167.198us       6.193us            27  
         nvjet_sm100_tst_128x128_64x8_2x2_2cta_h_bz_TNT         0.00%       0.000us         0.00%       0.000us       0.000us     137.697us         0.24%     137.697us       5.100us            27  
triton_red_fused__softmax_exp_max_prepare_softmax_on...         0.00%       0.000us         0.00%       0.000us       0.000us     106.587us         0.18%     106.587us       4.100us            26  
                           concat_and_cast_mha_k_kernel         0.00%       0.000us         0.00%       0.000us       0.000us     101.440us         0.18%     101.440us       3.757us            27  
triton_poi_fused__softmax__to_copy_arange_bitwise_no...         0.00%       0.000us         0.00%       0.000us       0.000us      80.544us         0.14%      80.544us       3.098us            26  
void (anonymous namespace)::fused_rope_kernel<false,...         0.00%       0.000us         0.00%       0.000us       0.000us      79.619us         0.14%      79.619us       2.949us            27  
void (anonymous namespace)::set_mla_kv_buffer_kernel...         0.00%       0.000us         0.00%       0.000us       0.000us      74.304us         0.13%      74.304us       2.752us            27  
                            triton_poi_fused__to_copy_2         0.00%       0.000us         0.00%       0.000us       0.000us      48.546us         0.08%      48.546us       1.867us            26  
         nvjet_sm100_tst_128x256_64x6_2x4_2cta_h_bz_TNT         0.00%       0.000us         0.00%       0.000us       0.000us      33.279us         0.06%      33.279us      33.279us             1  
flashinfer::plan_kernel(int*, int*, int*, int*, int*...         0.00%       0.000us         0.00%       0.000us       0.000us      27.840us         0.05%      27.840us      27.840us             1  
void at::native::reduce_kernel<512, 1, at::native::R...         0.00%       0.000us         0.00%       0.000us       0.000us      23.744us         0.04%      23.744us      23.744us             1  
void at::native::elementwise_kernel<128, 4, at::nati...         0.00%       0.000us         0.00%       0.000us       0.000us      15.648us         0.03%      15.648us      15.648us             1  
void at::native::elementwise_kernel<128, 4, at::nati...         0.00%       0.000us         0.00%       0.000us       0.000us      14.528us         0.03%      14.528us      14.528us             1  
                         Memcpy HtoD (Pinned -> Device)         0.00%       0.000us         0.00%       0.000us       0.000us      13.921us         0.02%      13.921us       1.740us             8  
void at::native::elementwise_kernel<128, 4, at::nati...         0.00%       0.000us         0.00%       0.000us       0.000us      12.737us         0.02%      12.737us      12.737us             1  
               nvjet_sm100_tst_128x8_64x12_4x1_v_bz_TNT         0.00%       0.000us         0.00%       0.000us       0.000us      12.576us         0.02%      12.576us      12.576us             1  
                       Memcpy HtoD (Pageable -> Device)         0.00%       0.000us         0.00%       0.000us       0.000us       8.066us         0.01%       8.066us       1.613us             5  
                         Memcpy DtoH (Device -> Pinned)         0.00%       0.000us         0.00%       0.000us       0.000us       7.104us         0.01%       7.104us       3.552us             2  
void at::native::index_elementwise_kernel<128, 4, at...         0.00%       0.000us         0.00%       0.000us       0.000us       6.208us         0.01%       6.208us       6.208us             1  
kernel_cutlass_kernel_flashinfernormkernelsrmsnormRM...         0.00%       0.000us         0.00%       0.000us       0.000us       6.112us         0.01%       6.112us       6.112us             1  
                       Memcpy DtoH (Device -> Pageable)         0.00%       0.000us         0.00%       0.000us       0.000us       5.856us         0.01%       5.856us       2.928us             2  
void at::native::unrolled_elementwise_kernel<at::nat...         0.00%       0.000us         0.00%       0.000us       0.000us       5.152us         0.01%       5.152us       1.717us             3  
void at::native::vectorized_gather_kernel<16, long>(...         0.00%       0.000us         0.00%       0.000us       0.000us       5.024us         0.01%       5.024us       5.024us             1  
void at_cuda_detail::cub::detail::scan::DeviceScanKe...         0.00%       0.000us         0.00%       0.000us       0.000us       4.992us         0.01%       4.992us       1.664us             3  
                         write_req_to_token_pool_triton         0.00%       0.000us         0.00%       0.000us       0.000us       4.128us         0.01%       4.128us       4.128us             1  
void at::native::unrolled_elementwise_kernel<at::nat...         0.00%       0.000us         0.00%       0.000us       0.000us       4.000us         0.01%       4.000us       4.000us             1  
void at::native::vectorized_elementwise_kernel<2, at...         0.00%       0.000us         0.00%       0.000us       0.000us       3.552us         0.01%       3.552us       1.776us             2  
void at_cuda_detail::cub::detail::scan::DeviceScanIn...         0.00%       0.000us         0.00%       0.000us       0.000us       3.200us         0.01%       3.200us       1.067us             3  
void at::native::unrolled_elementwise_kernel<at::nat...         0.00%       0.000us         0.00%       0.000us       0.000us       3.009us         0.01%       3.009us       1.505us             2  
void at::native::reduce_kernel<512, 1, at::native::R...         0.00%       0.000us         0.00%       0.000us       0.000us       2.816us         0.00%       2.816us       2.816us             1  
void at::native::(anonymous namespace)::multi_tensor...         0.00%       0.000us         0.00%       0.000us       0.000us       2.272us         0.00%       2.272us       2.272us             1  
void at::native::reduce_kernel<512, 1, at::native::R...         0.00%       0.000us         0.00%       0.000us       0.000us       2.016us         0.00%       2.016us       2.016us             1  
                                compute_position_kernel         0.00%       0.000us         0.00%       0.000us       0.000us       1.920us         0.00%       1.920us       1.920us             1  
void at::native::unrolled_elementwise_kernel<at::nat...         0.00%       0.000us         0.00%       0.000us       0.000us       1.856us         0.00%       1.856us       1.856us             1  
triton_poi_fused_add_bitwise_and_bitwise_not_bitwise...         0.00%       0.000us         0.00%       0.000us       0.000us       1.631us         0.00%       1.631us       1.631us             1  
void at::native::vectorized_elementwise_kernel<4, at...         0.00%       0.000us         0.00%       0.000us       0.000us       1.056us         0.00%       1.056us       1.056us             1  
void at::native::unrolled_elementwise_kernel<at::nat...         0.00%       0.000us         0.00%       0.000us       0.000us       1.056us         0.00%       1.056us       1.056us             1  
                    create_flashinfer_kv_indices_triton         0.00%       0.000us         0.00%       0.000us       0.000us       0.865us         0.00%       0.865us       0.865us             1  
                                  cudaDeviceSynchronize        15.34%       1.448ms        15.34%       1.448ms     482.722us       0.000us         0.00%       0.000us       0.000us             3  
                                Activity Buffer Request        18.31%       1.729ms        18.31%       1.729ms       1.729ms       0.000us         0.00%       0.000us       0.000us             1  
                               cudaPointerGetAttributes         0.16%      14.862us         0.16%      14.862us      14.862us       0.000us         0.00%       0.000us       0.000us             1  
                                  cudaStreamIsCapturing         0.11%      10.106us         0.11%      10.106us       0.439us       0.000us         0.00%       0.000us       0.000us            23  
                                        cudaMemcpyAsync        12.69%       1.198ms        12.69%       1.198ms       9.433us       0.000us         0.00%       0.000us       0.000us           127  
                               cudaEventRecordWithFlags         0.11%      10.355us         0.11%      10.355us       1.294us       0.000us         0.00%       0.000us       0.000us             8  
                                         cudaEventQuery         0.30%      28.523us         0.30%      28.523us       3.565us       0.000us         0.00%       0.000us       0.000us             8  
                                       cuLaunchKernelEx        16.77%       1.583ms        16.77%       1.583ms       5.820us       0.000us         0.00%       0.000us       0.000us           272  
                                       cudaLaunchKernel        11.67%       1.102ms        11.67%       1.102ms       6.055us       0.000us         0.00%       0.000us       0.000us           182  
                                  cudaStreamSynchronize         0.34%      31.907us         0.34%      31.907us       7.977us       0.000us         0.00%       0.000us       0.000us             4  
                                    cudaPeekAtLastError         0.01%       1.279us         0.01%       1.279us       0.107us       0.000us         0.00%       0.000us       0.000us            12  
cudaOccupancyMaxActiveBlocksPerMultiprocessorWithFla...         0.06%       5.257us         0.06%       5.257us       1.752us       0.000us         0.00%       0.000us       0.000us             3  
                                 cudaDeviceGetAttribute         0.31%      28.841us         0.31%      28.841us       0.961us       0.000us         0.00%       0.000us       0.000us            30  
                                    cudaLaunchKernelExC        17.66%       1.667ms        17.66%       1.667ms       6.151us       0.000us         0.00%       0.000us       0.000us           271  
                                         cuLaunchKernel         4.44%     419.203us         4.44%     419.203us       5.306us       0.000us         0.00%       0.000us       0.000us            79  
                                                INVALID         0.53%      50.327us         0.53%      50.327us       0.466us       0.000us         0.00%       0.000us       0.000us           108  
                                   cudaDriverGetVersion         0.11%      10.136us         0.11%      10.136us       0.094us       0.000us         0.00%       0.000us       0.000us           108  
                                   cudaFuncSetAttribute         1.10%     103.639us         1.10%     103.639us       3.838us       0.000us         0.00%       0.000us       0.000us            27  
-------------------------------------------------------  ------------  ------------  ------------  ------------  ------------  ------------  ------------  ------------  ------------  ------------  
Self CPU time total: 9.441ms
Self CUDA time total: 57.764ms

-------------------------------------------------------  ------------  ------------  ------------  ------------  ------------  ------------  ------------  ------------  ------------  ------------  
                                                   Name    Self CPU %      Self CPU   CPU total %     CPU total  CPU time avg     Self CUDA   Self CUDA %    CUDA total  CUDA time avg    # of Calls  
-------------------------------------------------------  ------------  ------------  ------------  ------------  ------------  ------------  ------------  ------------  ------------  ------------  
void (anonymous namespace)::all_reduce_two_shot_kern...         0.00%       0.000us         0.00%       0.000us       0.000us      43.551ms        76.05%      43.551ms     791.838us            55  
                                       fused_moe_kernel         0.00%       0.000us         0.00%       0.000us       0.000us       5.581ms         9.75%       5.581ms     107.336us            52  
void cutlass::device_kernel<cutlass::fmha::kernel::S...         0.00%       0.000us         0.00%       0.000us       0.000us       1.957ms         3.42%       1.957ms      72.485us            27  
                         Memcpy DtoD (Device -> Device)         0.00%       0.000us         0.00%       0.000us       0.000us     534.622us         0.93%     534.622us       4.860us           110  
kernel_cutlass_kernel_flashinfernormkernelsfused_add...         0.00%       0.000us         0.00%       0.000us       0.000us     531.073us         0.93%     531.073us       9.835us            54  
void at::native::sbtopk::gatherTopK<float, unsigned ...         0.00%       0.000us         0.00%       0.000us       0.000us     524.382us         0.92%     524.382us      10.084us            52  
void moe_sum_reduce_warp_per_token_vec_kernel<8>(c10...         0.00%       0.000us         0.00%       0.000us       0.000us     521.404us         0.91%     521.404us      20.054us            26  
         nvjet_sm100_tst_160x192_64x6_1x2_2cta_h_bz_TNN         0.00%       0.000us         0.00%       0.000us       0.000us     475.901us         0.83%     475.901us       8.813us            54  
void (anonymous namespace)::act_and_mul_kernel<__nv_...         0.00%       0.000us         0.00%       0.000us       0.000us     453.240us         0.79%     453.240us       8.716us            52  
                               _all_gather_kernel_inner         0.00%       0.000us         0.00%       0.000us       0.000us     349.823us         0.61%     349.823us     349.823us             1  
         nvjet_sm100_tst_176x128_64x8_2x2_2cta_h_bz_TNN         0.00%       0.000us         0.00%       0.000us       0.000us     344.059us         0.60%     344.059us      13.233us            26  
         nvjet_sm100_tst_144x128_64x8_2x2_2cta_h_bz_TNN         0.00%       0.000us         0.00%       0.000us       0.000us     307.741us         0.54%     307.741us      11.398us            27  
void count_and_sort_expert_tokens_kernel<int>(int co...         0.00%       0.000us         0.00%       0.000us       0.000us     269.283us         0.47%     269.283us      10.357us            26  
          nvjet_sm100_tst_96x128_64x9_2x2_2cta_h_bz_TNN         0.00%       0.000us         0.00%       0.000us       0.000us     234.209us         0.41%     234.209us       8.674us            27  
void moe_align_block_size_kernel<int>(int const*, in...         0.00%       0.000us         0.00%       0.000us       0.000us     215.331us         0.38%     215.331us       8.282us            26  
void at::native::vectorized_elementwise_kernel<8, at...         0.00%       0.000us         0.00%       0.000us       0.000us     201.245us         0.35%     201.245us       7.740us            26  
          nvjet_sm100_tss_32x64_64x16_2x2_2cta_h_bz_TNN         0.00%       0.000us         0.00%       0.000us       0.000us     200.896us         0.35%     200.896us       7.727us            26  
kernel_cutlass_kernel_flashinfernormkernelsrmsnormRM...         0.00%       0.000us         0.00%       0.000us       0.000us     166.240us         0.29%     166.240us       6.157us            27  
         nvjet_sm100_tst_128x128_64x8_2x2_2cta_h_bz_TNT         0.00%       0.000us         0.00%       0.000us       0.000us     140.192us         0.24%     140.192us       5.192us            27  
triton_red_fused__softmax_exp_max_prepare_softmax_on...         0.00%       0.000us         0.00%       0.000us       0.000us     106.819us         0.19%     106.819us       4.108us            26  
                           concat_and_cast_mha_k_kernel         0.00%       0.000us         0.00%       0.000us       0.000us     102.050us         0.18%     102.050us       3.780us            27  
void (anonymous namespace)::fused_rope_kernel<false,...         0.00%       0.000us         0.00%       0.000us       0.000us      80.735us         0.14%      80.735us       2.990us            27  
void (anonymous namespace)::set_mla_kv_buffer_kernel...         0.00%       0.000us         0.00%       0.000us       0.000us      73.537us         0.13%      73.537us       2.724us            27  
triton_poi_fused__softmax__to_copy_arange_bitwise_no...         0.00%       0.000us         0.00%       0.000us       0.000us      56.699us         0.10%      56.699us       2.181us            26  
                            triton_poi_fused__to_copy_2         0.00%       0.000us         0.00%       0.000us       0.000us      46.233us         0.08%      46.233us       1.778us            26  
         nvjet_sm100_tst_128x256_64x6_2x4_2cta_h_bz_TNT         0.00%       0.000us         0.00%       0.000us       0.000us      33.824us         0.06%      33.824us      33.824us             1  
flashinfer::plan_kernel(int*, int*, int*, int*, int*...         0.00%       0.000us         0.00%       0.000us       0.000us      28.672us         0.05%      28.672us      28.672us             1  
void at::native::reduce_kernel<512, 1, at::native::R...         0.00%       0.000us         0.00%       0.000us       0.000us      24.000us         0.04%      24.000us      24.000us             1  
void at::native::elementwise_kernel<128, 4, at::nati...         0.00%       0.000us         0.00%       0.000us       0.000us      15.584us         0.03%      15.584us      15.584us             1  
void at::native::elementwise_kernel<128, 4, at::nati...         0.00%       0.000us         0.00%       0.000us       0.000us      14.208us         0.02%      14.208us      14.208us             1  
               nvjet_sm100_tst_128x8_64x12_4x1_v_bz_TNT         0.00%       0.000us         0.00%       0.000us       0.000us      12.768us         0.02%      12.768us      12.768us             1  
void at::native::elementwise_kernel<128, 4, at::nati...         0.00%       0.000us         0.00%       0.000us       0.000us      12.736us         0.02%      12.736us      12.736us             1  
                         Memcpy HtoD (Pinned -> Device)         0.00%       0.000us         0.00%       0.000us       0.000us      11.488us         0.02%      11.488us       1.436us             8  
void at::native::index_elementwise_kernel<128, 4, at...         0.00%       0.000us         0.00%       0.000us       0.000us       7.680us         0.01%       7.680us       7.680us             1  
                       Memcpy DtoH (Device -> Pageable)         0.00%       0.000us         0.00%       0.000us       0.000us       6.719us         0.01%       6.719us       3.360us             2  
                         Memcpy DtoH (Device -> Pinned)         0.00%       0.000us         0.00%       0.000us       0.000us       6.592us         0.01%       6.592us       3.296us             2  
void at_cuda_detail::cub::detail::scan::DeviceScanKe...         0.00%       0.000us         0.00%       0.000us       0.000us       6.111us         0.01%       6.111us       2.037us             3  
kernel_cutlass_kernel_flashinfernormkernelsrmsnormRM...         0.00%       0.000us         0.00%       0.000us       0.000us       6.016us         0.01%       6.016us       6.016us             1  
void at::native::unrolled_elementwise_kernel<at::nat...         0.00%       0.000us         0.00%       0.000us       0.000us       5.761us         0.01%       5.761us       1.920us             3  
void at::native::vectorized_gather_kernel<16, long>(...         0.00%       0.000us         0.00%       0.000us       0.000us       5.024us         0.01%       5.024us       5.024us             1  
                         write_req_to_token_pool_triton         0.00%       0.000us         0.00%       0.000us       0.000us       4.800us         0.01%       4.800us       4.800us             1  
void at_cuda_detail::cub::detail::scan::DeviceScanIn...         0.00%       0.000us         0.00%       0.000us       0.000us       4.639us         0.01%       4.639us       1.546us             3  
                       Memcpy HtoD (Pageable -> Device)         0.00%       0.000us         0.00%       0.000us       0.000us       4.161us         0.01%       4.161us       0.832us             5  
void at::native::unrolled_elementwise_kernel<at::nat...         0.00%       0.000us         0.00%       0.000us       0.000us       4.064us         0.01%       4.064us       4.064us             1  
void at::native::vectorized_elementwise_kernel<2, at...         0.00%       0.000us         0.00%       0.000us       0.000us       3.968us         0.01%       3.968us       1.984us             2  
void at::native::unrolled_elementwise_kernel<at::nat...         0.00%       0.000us         0.00%       0.000us       0.000us       3.872us         0.01%       3.872us       1.936us             2  
void at::native::reduce_kernel<512, 1, at::native::R...         0.00%       0.000us         0.00%       0.000us       0.000us       2.816us         0.00%       2.816us       2.816us             1  
void at::native::reduce_kernel<512, 1, at::native::R...         0.00%       0.000us         0.00%       0.000us       0.000us       2.752us         0.00%       2.752us       2.752us             1  
                                compute_position_kernel         0.00%       0.000us         0.00%       0.000us       0.000us       2.400us         0.00%       2.400us       2.400us             1  
void at::native::(anonymous namespace)::multi_tensor...         0.00%       0.000us         0.00%       0.000us       0.000us       2.400us         0.00%       2.400us       2.400us             1  
void at::native::unrolled_elementwise_kernel<at::nat...         0.00%       0.000us         0.00%       0.000us       0.000us       2.080us         0.00%       2.080us       2.080us             1  
void at::native::unrolled_elementwise_kernel<at::nat...         0.00%       0.000us         0.00%       0.000us       0.000us       1.824us         0.00%       1.824us       1.824us             1  
triton_poi_fused_add_bitwise_and_bitwise_not_bitwise...         0.00%       0.000us         0.00%       0.000us       0.000us       1.760us         0.00%       1.760us       1.760us             1  
                    create_flashinfer_kv_indices_triton         0.00%       0.000us         0.00%       0.000us       0.000us       1.600us         0.00%       1.600us       1.600us             1  
void at::native::vectorized_elementwise_kernel<4, at...         0.00%       0.000us         0.00%       0.000us       0.000us       1.600us         0.00%       1.600us       1.600us             1  
                                  cudaDeviceSynchronize        15.00%       1.457ms        15.00%       1.457ms     485.725us       0.000us         0.00%       0.000us       0.000us             3  
                                Activity Buffer Request        17.96%       1.744ms        17.96%       1.744ms       1.744ms       0.000us         0.00%       0.000us       0.000us             1  
                               cudaPointerGetAttributes         0.06%       5.923us         0.06%       5.923us       5.923us       0.000us         0.00%       0.000us       0.000us             1  
                                  cudaStreamIsCapturing         0.11%      10.732us         0.11%      10.732us       0.467us       0.000us         0.00%       0.000us       0.000us            23  
                                        cudaMemcpyAsync        12.77%       1.240ms        12.77%       1.240ms       9.766us       0.000us         0.00%       0.000us       0.000us           127  
                               cudaEventRecordWithFlags         0.12%      12.000us         0.12%      12.000us       1.500us       0.000us         0.00%       0.000us       0.000us             8  
                                         cudaEventQuery         0.29%      28.391us         0.29%      28.391us       3.549us       0.000us         0.00%       0.000us       0.000us             8  
                                       cuLaunchKernelEx        17.02%       1.653ms        17.02%       1.653ms       6.078us       0.000us         0.00%       0.000us       0.000us           272  
                                       cudaLaunchKernel        11.83%       1.149ms        11.83%       1.149ms       6.314us       0.000us         0.00%       0.000us       0.000us           182  
                                  cudaStreamSynchronize         0.31%      30.056us         0.31%      30.056us       7.514us       0.000us         0.00%       0.000us       0.000us             4  
                                    cudaPeekAtLastError         0.01%       1.266us         0.01%       1.266us       0.106us       0.000us         0.00%       0.000us       0.000us            12  
cudaOccupancyMaxActiveBlocksPerMultiprocessorWithFla...         0.05%       4.899us         0.05%       4.899us       1.633us       0.000us         0.00%       0.000us       0.000us             3  
                                 cudaDeviceGetAttribute         0.30%      28.929us         0.30%      28.929us       0.964us       0.000us         0.00%       0.000us       0.000us            30  
                                    cudaLaunchKernelExC        17.76%       1.725ms        17.76%       1.725ms       6.365us       0.000us         0.00%       0.000us       0.000us           271  
                                         cuLaunchKernel         4.58%     444.636us         4.58%     444.636us       5.628us       0.000us         0.00%       0.000us       0.000us            79  
                                                INVALID         0.50%      48.972us         0.50%      48.972us       0.453us       0.000us         0.00%       0.000us       0.000us           108  
                                   cudaDriverGetVersion         0.10%      10.035us         0.10%      10.035us       0.093us       0.000us         0.00%       0.000us       0.000us           108  
                                   cudaFuncSetAttribute         1.22%     118.902us         1.22%     118.902us       4.404us       0.000us         0.00%       0.000us       0.000us            27  
-------------------------------------------------------  ------------  ------------  ------------  ------------  ------------  ------------  ------------  ------------  ------------  ------------  
Self CPU time total: 9.714ms
Self CUDA time total: 57.267ms

-------------------------------------------------------  ------------  ------------  ------------  ------------  ------------  ------------  ------------  ------------  ------------  ------------  
                                                   Name    Self CPU %      Self CPU   CPU total %     CPU total  CPU time avg     Self CUDA   Self CUDA %    CUDA total  CUDA time avg    # of Calls  
-------------------------------------------------------  ------------  ------------  ------------  ------------  ------------  ------------  ------------  ------------  ------------  ------------  
void (anonymous namespace)::all_reduce_two_shot_kern...         0.00%       0.000us         0.00%       0.000us       0.000us      30.920ms        69.32%      30.920ms     562.181us            55  
                                       fused_moe_kernel         0.00%       0.000us         0.00%       0.000us       0.000us       5.580ms        12.51%       5.580ms     107.313us            52  
void cutlass::device_kernel<cutlass::fmha::kernel::S...         0.00%       0.000us         0.00%       0.000us       0.000us       1.945ms         4.36%       1.945ms      72.048us            27  
                         Memcpy DtoD (Device -> Device)         0.00%       0.000us         0.00%       0.000us       0.000us     534.372us         1.20%     534.372us       4.858us           110  
kernel_cutlass_kernel_flashinfernormkernelsfused_add...         0.00%       0.000us         0.00%       0.000us       0.000us     531.906us         1.19%     531.906us       9.850us            54  
void at::native::sbtopk::gatherTopK<float, unsigned ...         0.00%       0.000us         0.00%       0.000us       0.000us     524.126us         1.18%     524.126us      10.079us            52  
void moe_sum_reduce_warp_per_token_vec_kernel<8>(c10...         0.00%       0.000us         0.00%       0.000us       0.000us     522.172us         1.17%     522.172us      20.084us            26  
         nvjet_sm100_tst_160x192_64x6_1x2_2cta_h_bz_TNN         0.00%       0.000us         0.00%       0.000us       0.000us     476.251us         1.07%     476.251us       8.819us            54  
void (anonymous namespace)::act_and_mul_kernel<__nv_...         0.00%       0.000us         0.00%       0.000us       0.000us     451.518us         1.01%     451.518us       8.683us            52  
                               _all_gather_kernel_inner         0.00%       0.000us         0.00%       0.000us       0.000us     352.447us         0.79%     352.447us     352.447us             1  
         nvjet_sm100_tst_176x128_64x8_2x2_2cta_h_bz_TNN         0.00%       0.000us         0.00%       0.000us       0.000us     340.353us         0.76%     340.353us      13.091us            26  
         nvjet_sm100_tst_144x128_64x8_2x2_2cta_h_bz_TNN         0.00%       0.000us         0.00%       0.000us       0.000us     299.456us         0.67%     299.456us      11.091us            27  
void count_and_sort_expert_tokens_kernel<int>(int co...         0.00%       0.000us         0.00%       0.000us       0.000us     267.036us         0.60%     267.036us      10.271us            26  
          nvjet_sm100_tst_96x128_64x9_2x2_2cta_h_bz_TNN         0.00%       0.000us         0.00%       0.000us       0.000us     236.158us         0.53%     236.158us       8.747us            27  
void moe_align_block_size_kernel<int>(int const*, in...         0.00%       0.000us         0.00%       0.000us       0.000us     214.082us         0.48%     214.082us       8.234us            26  
void at::native::vectorized_elementwise_kernel<8, at...         0.00%       0.000us         0.00%       0.000us       0.000us     201.475us         0.45%     201.475us       7.749us            26  
          nvjet_sm100_tss_32x64_64x16_2x2_2cta_h_bz_TNN         0.00%       0.000us         0.00%       0.000us       0.000us     190.014us         0.43%     190.014us       7.308us            26  
kernel_cutlass_kernel_flashinfernormkernelsrmsnormRM...         0.00%       0.000us         0.00%       0.000us       0.000us     146.531us         0.33%     146.531us       5.427us            27  
         nvjet_sm100_tst_128x128_64x8_2x2_2cta_h_bz_TNT         0.00%       0.000us         0.00%       0.000us       0.000us     140.027us         0.31%     140.027us       5.186us            27  
triton_red_fused__softmax_exp_max_prepare_softmax_on...         0.00%       0.000us         0.00%       0.000us       0.000us     105.953us         0.24%     105.953us       4.075us            26  
                           concat_and_cast_mha_k_kernel         0.00%       0.000us         0.00%       0.000us       0.000us     102.016us         0.23%     102.016us       3.778us            27  
void (anonymous namespace)::fused_rope_kernel<false,...         0.00%       0.000us         0.00%       0.000us       0.000us      80.511us         0.18%      80.511us       2.982us            27  
triton_poi_fused__softmax__to_copy_arange_bitwise_no...         0.00%       0.000us         0.00%       0.000us       0.000us      79.170us         0.18%      79.170us       3.045us            26  
void (anonymous namespace)::set_mla_kv_buffer_kernel...         0.00%       0.000us         0.00%       0.000us       0.000us      74.562us         0.17%      74.562us       2.762us            27  
                            triton_poi_fused__to_copy_2         0.00%       0.000us         0.00%       0.000us       0.000us      46.624us         0.10%      46.624us       1.793us            26  
         nvjet_sm100_tst_128x256_64x6_2x4_2cta_h_bz_TNT         0.00%       0.000us         0.00%       0.000us       0.000us      33.536us         0.08%      33.536us      33.536us             1  
flashinfer::plan_kernel(int*, int*, int*, int*, int*...         0.00%       0.000us         0.00%       0.000us       0.000us      28.640us         0.06%      28.640us      28.640us             1  
void at::native::reduce_kernel<512, 1, at::native::R...         0.00%       0.000us         0.00%       0.000us       0.000us      24.000us         0.05%      24.000us      24.000us             1  
void at::native::elementwise_kernel<128, 4, at::nati...         0.00%       0.000us         0.00%       0.000us       0.000us      15.808us         0.04%      15.808us      15.808us             1  
void at::native::elementwise_kernel<128, 4, at::nati...         0.00%       0.000us         0.00%       0.000us       0.000us      14.208us         0.03%      14.208us      14.208us             1  
void at::native::elementwise_kernel<128, 4, at::nati...         0.00%       0.000us         0.00%       0.000us       0.000us      12.768us         0.03%      12.768us      12.768us             1  
               nvjet_sm100_tst_128x8_64x12_4x1_v_bz_TNT         0.00%       0.000us         0.00%       0.000us       0.000us      12.415us         0.03%      12.415us      12.415us             1  
                         Memcpy HtoD (Pinned -> Device)         0.00%       0.000us         0.00%       0.000us       0.000us       9.888us         0.02%       9.888us       1.236us             8  
void at::native::index_elementwise_kernel<128, 4, at...         0.00%       0.000us         0.00%       0.000us       0.000us       8.352us         0.02%       8.352us       8.352us             1  
kernel_cutlass_kernel_flashinfernormkernelsrmsnormRM...         0.00%       0.000us         0.00%       0.000us       0.000us       6.112us         0.01%       6.112us       6.112us             1  
void at_cuda_detail::cub::detail::scan::DeviceScanKe...         0.00%       0.000us         0.00%       0.000us       0.000us       6.081us         0.01%       6.081us       2.027us             3  
                       Memcpy DtoH (Device -> Pageable)         0.00%       0.000us         0.00%       0.000us       0.000us       5.856us         0.01%       5.856us       2.928us             2  
void at::native::unrolled_elementwise_kernel<at::nat...         0.00%       0.000us         0.00%       0.000us       0.000us       5.824us         0.01%       5.824us       1.941us             3  
                       Memcpy HtoD (Pageable -> Device)         0.00%       0.000us         0.00%       0.000us       0.000us       5.664us         0.01%       5.664us       1.133us             5  
                         Memcpy DtoH (Device -> Pinned)         0.00%       0.000us         0.00%       0.000us       0.000us       5.056us         0.01%       5.056us       2.528us             2  
void at::native::vectorized_gather_kernel<16, long>(...         0.00%       0.000us         0.00%       0.000us       0.000us       4.992us         0.01%       4.992us       4.992us             1  
                         write_req_to_token_pool_triton         0.00%       0.000us         0.00%       0.000us       0.000us       4.864us         0.01%       4.864us       4.864us             1  
void at_cuda_detail::cub::detail::scan::DeviceScanIn...         0.00%       0.000us         0.00%       0.000us       0.000us       4.480us         0.01%       4.480us       1.493us             3  
void at::native::unrolled_elementwise_kernel<at::nat...         0.00%       0.000us         0.00%       0.000us       0.000us       4.032us         0.01%       4.032us       4.032us             1  
void at::native::unrolled_elementwise_kernel<at::nat...         0.00%       0.000us         0.00%       0.000us       0.000us       3.904us         0.01%       3.904us       1.952us             2  
void at::native::vectorized_elementwise_kernel<2, at...         0.00%       0.000us         0.00%       0.000us       0.000us       3.488us         0.01%       3.488us       1.744us             2  
void at::native::reduce_kernel<512, 1, at::native::R...         0.00%       0.000us         0.00%       0.000us       0.000us       3.136us         0.01%       3.136us       3.136us             1  
void at::native::reduce_kernel<512, 1, at::native::R...         0.00%       0.000us         0.00%       0.000us       0.000us       2.688us         0.01%       2.688us       2.688us             1  
                                compute_position_kernel         0.00%       0.000us         0.00%       0.000us       0.000us       2.400us         0.01%       2.400us       2.400us             1  
void at::native::unrolled_elementwise_kernel<at::nat...         0.00%       0.000us         0.00%       0.000us       0.000us       2.271us         0.01%       2.271us       2.271us             1  
void at::native::(anonymous namespace)::multi_tensor...         0.00%       0.000us         0.00%       0.000us       0.000us       2.240us         0.01%       2.240us       2.240us             1  
void at::native::unrolled_elementwise_kernel<at::nat...         0.00%       0.000us         0.00%       0.000us       0.000us       1.824us         0.00%       1.824us       1.824us             1  
triton_poi_fused_add_bitwise_and_bitwise_not_bitwise...         0.00%       0.000us         0.00%       0.000us       0.000us       1.760us         0.00%       1.760us       1.760us             1  
void at::native::vectorized_elementwise_kernel<4, at...         0.00%       0.000us         0.00%       0.000us       0.000us       1.631us         0.00%       1.631us       1.631us             1  
                    create_flashinfer_kv_indices_triton         0.00%       0.000us         0.00%       0.000us       0.000us       1.600us         0.00%       1.600us       1.600us             1  
                                  cudaDeviceSynchronize         2.86%     234.502us         2.86%     234.502us      78.167us       0.000us         0.00%       0.000us       0.000us             3  
                                Activity Buffer Request        21.35%       1.753ms        21.35%       1.753ms       1.753ms       0.000us         0.00%       0.000us       0.000us             1  
                               cudaPointerGetAttributes         0.09%       7.108us         0.09%       7.108us       7.108us       0.000us         0.00%       0.000us       0.000us             1  
                                  cudaStreamIsCapturing         0.13%      11.011us         0.13%      11.011us       0.479us       0.000us         0.00%       0.000us       0.000us            23  
                                        cudaMemcpyAsync        14.87%       1.221ms        14.87%       1.221ms       9.613us       0.000us         0.00%       0.000us       0.000us           127  
                               cudaEventRecordWithFlags         0.14%      11.694us         0.14%      11.694us       1.462us       0.000us         0.00%       0.000us       0.000us             8  
                                         cudaEventQuery         0.36%      29.382us         0.36%      29.382us       3.673us       0.000us         0.00%       0.000us       0.000us             8  
                                       cuLaunchKernelEx        19.10%       1.569ms        19.10%       1.569ms       5.768us       0.000us         0.00%       0.000us       0.000us           272  
                                       cudaLaunchKernel        13.28%       1.090ms        13.28%       1.090ms       5.991us       0.000us         0.00%       0.000us       0.000us           182  
                                  cudaStreamSynchronize         0.34%      27.626us         0.34%      27.626us       6.906us       0.000us         0.00%       0.000us       0.000us             4  
                                    cudaPeekAtLastError         0.02%       1.331us         0.02%       1.331us       0.111us       0.000us         0.00%       0.000us       0.000us            12  
cudaOccupancyMaxActiveBlocksPerMultiprocessorWithFla...         0.06%       5.189us         0.06%       5.189us       1.730us       0.000us         0.00%       0.000us       0.000us             3  
                                 cudaDeviceGetAttribute         0.35%      28.395us         0.35%      28.395us       0.946us       0.000us         0.00%       0.000us       0.000us            30  
                                    cudaLaunchKernelExC        20.13%       1.653ms        20.13%       1.653ms       6.100us       0.000us         0.00%       0.000us       0.000us           271  
                                         cuLaunchKernel         5.08%     417.137us         5.08%     417.137us       5.280us       0.000us         0.00%       0.000us       0.000us            79  
                                                INVALID         0.57%      47.025us         0.57%      47.025us       0.435us       0.000us         0.00%       0.000us       0.000us           108  
                                   cudaDriverGetVersion         0.12%      10.007us         0.12%      10.007us       0.093us       0.000us         0.00%       0.000us       0.000us           108  
                                   cudaFuncSetAttribute         1.16%      95.591us         1.16%      95.591us       3.540us       0.000us         0.00%       0.000us       0.000us            27  
-------------------------------------------------------  ------------  ------------  ------------  ------------  ------------  ------------  ------------  ------------  ------------  ------------  
Self CPU time total: 8.213ms
Self CUDA time total: 44.602ms

-------------------------------------------------------  ------------  ------------  ------------  ------------  ------------  ------------  ------------  ------------  ------------  ------------  
                                                   Name    Self CPU %      Self CPU   CPU total %     CPU total  CPU time avg     Self CUDA   Self CUDA %    CUDA total  CUDA time avg    # of Calls  
-------------------------------------------------------  ------------  ------------  ------------  ------------  ------------  ------------  ------------  ------------  ------------  ------------  
void (anonymous namespace)::all_reduce_one_shot_push...         0.00%       0.000us         0.00%       0.000us       0.000us      47.198ms        30.67%      47.198ms     858.145us            55  
kernel_cutlass_kernel_flashinfernormkernelsfused_add...         0.00%       0.000us         0.00%       0.000us       0.000us      44.816ms        29.12%      44.816ms     414.961us           108  
void (anonymous namespace)::all_reduce_two_shot_kern...         0.00%       0.000us         0.00%       0.000us       0.000us      44.785ms        29.10%      44.785ms     814.270us            55  
                                       fused_moe_kernel         0.00%       0.000us         0.00%       0.000us       0.000us       6.074ms         3.95%       6.074ms      58.405us           104  
void cutlass::device_kernel<cutlass::fmha::kernel::S...         0.00%       0.000us         0.00%       0.000us       0.000us       1.958ms         1.27%       1.958ms      72.514us            27  
                               _all_gather_kernel_inner         0.00%       0.000us         0.00%       0.000us       0.000us     770.685us         0.50%     770.685us     385.342us             2  
void flashinfer::mla::BatchMLAPagedAttentionKernel<f...         0.00%       0.000us         0.00%       0.000us       0.000us     686.912us         0.45%     686.912us      25.441us            27  
void (anonymous namespace)::act_and_mul_kernel<__nv_...         0.00%       0.000us         0.00%       0.000us       0.000us     612.257us         0.40%     612.257us       5.887us           104  
                         Memcpy DtoD (Device -> Device)         0.00%       0.000us         0.00%       0.000us       0.000us     535.296us         0.35%     535.296us       4.866us           110  
void moe_sum_reduce_warp_per_token_vec_kernel<8>(c10...         0.00%       0.000us         0.00%       0.000us       0.000us     525.601us         0.34%     525.601us      20.215us            26  
void at::native::sbtopk::gatherTopK<float, unsigned ...         0.00%       0.000us         0.00%       0.000us       0.000us     524.382us         0.34%     524.382us      10.084us            52  
         nvjet_sm100_tst_160x192_64x6_1x2_2cta_h_bz_TNN         0.00%       0.000us         0.00%       0.000us       0.000us     479.805us         0.31%     479.805us       8.885us            54  
        nvjet_sm100_tst_32x64_64x16_4x1_v_bz_splitK_TNN         0.00%       0.000us         0.00%       0.000us       0.000us     340.130us         0.22%     340.130us       4.252us            80  
         nvjet_sm100_tst_176x128_64x8_2x2_2cta_h_bz_TNN         0.00%       0.000us         0.00%       0.000us       0.000us     335.330us         0.22%     335.330us      12.897us            26  
void count_and_sort_expert_tokens_kernel<int>(int co...         0.00%       0.000us         0.00%       0.000us       0.000us     315.679us         0.21%     315.679us       6.071us            52  
         nvjet_sm100_tst_144x128_64x8_2x2_2cta_h_bz_TNN         0.00%       0.000us         0.00%       0.000us       0.000us     309.375us         0.20%     309.375us      11.458us            27  
void moe_align_block_size_kernel<int>(int const*, in...         0.00%       0.000us         0.00%       0.000us       0.000us     305.729us         0.20%     305.729us       5.879us            52  
void cublasLt::splitKreduce_kernel<32, 16, int, floa...         0.00%       0.000us         0.00%       0.000us       0.000us     275.516us         0.18%     275.516us       3.444us            80  
void at::native::vectorized_elementwise_kernel<8, at...         0.00%       0.000us         0.00%       0.000us       0.000us     247.454us         0.16%     247.454us       4.759us            52  
          nvjet_sm100_tst_96x128_64x9_2x2_2cta_h_bz_TNN         0.00%       0.000us         0.00%       0.000us       0.000us     235.265us         0.15%     235.265us       8.714us            27  
void at::native::sbtopk::gatherTopK<float, unsigned ...         0.00%       0.000us         0.00%       0.000us       0.000us     223.706us         0.15%     223.706us       4.302us            52  
          nvjet_sm100_tss_32x64_64x16_2x2_2cta_h_bz_TNN         0.00%       0.000us         0.00%       0.000us       0.000us     199.197us         0.13%     199.197us       7.661us            26  
               nvjet_sm100_tst_16x64_64x16_4x1_v_bz_TNN         0.00%       0.000us         0.00%       0.000us       0.000us     193.918us         0.13%     193.918us       3.591us            54  
triton_red_fused__softmax_exp_max_prepare_softmax_on...         0.00%       0.000us         0.00%       0.000us       0.000us     175.554us         0.11%     175.554us       3.376us            52  
kernel_cutlass_kernel_flashinfernormkernelsrmsnormRM...         0.00%       0.000us         0.00%       0.000us       0.000us     167.424us         0.11%     167.424us       6.201us            27  
                nvjet_sm100_tst_8x64_64x16_4x1_v_bz_TNN         0.00%       0.000us         0.00%       0.000us       0.000us     163.840us         0.11%     163.840us       3.034us            54  
void (anonymous namespace)::fused_rope_kernel<false,...         0.00%       0.000us         0.00%       0.000us       0.000us     141.534us         0.09%     141.534us       2.621us            54  
         nvjet_sm100_tst_128x128_64x8_2x2_2cta_h_bz_TNT         0.00%       0.000us         0.00%       0.000us       0.000us     141.245us         0.09%     141.245us       5.231us            27  
triton_poi_fused__softmax__to_copy_arange_bitwise_no...         0.00%       0.000us         0.00%       0.000us       0.000us     127.458us         0.08%     127.458us       2.451us            52  
        nvjet_sm100_tss_32x64_64x16_2x1_v_bz_splitK_TNN         0.00%       0.000us         0.00%       0.000us       0.000us     120.640us         0.08%     120.640us       4.640us            26  
                           concat_and_cast_mha_k_kernel         0.00%       0.000us         0.00%       0.000us       0.000us     102.430us         0.07%     102.430us       3.794us            27  
                            triton_poi_fused__to_copy_2         0.00%       0.000us         0.00%       0.000us       0.000us      95.520us         0.06%      95.520us       1.837us            52  
void cublasLt::splitKreduce_kernel<32, 16, int, floa...         0.00%       0.000us         0.00%       0.000us       0.000us      75.838us         0.05%      75.838us       2.917us            26  
kernel_cutlass_kernel_flashinfernormkernelsrmsnormRM...         0.00%       0.000us         0.00%       0.000us       0.000us      75.330us         0.05%      75.330us       2.790us            27  
void (anonymous namespace)::set_mla_kv_buffer_kernel...         0.00%       0.000us         0.00%       0.000us       0.000us      74.753us         0.05%      74.753us       2.769us            27  
void at::native::reduce_kernel<512, 1, at::native::R...         0.00%       0.000us         0.00%       0.000us       0.000us      48.768us         0.03%      48.768us      24.384us             2  
                       triton_poi_fused_copy__mul_sum_0         0.00%       0.000us         0.00%       0.000us       0.000us      46.240us         0.03%      46.240us       1.778us            26  
                               set_mla_kv_buffer_kernel         0.00%       0.000us         0.00%       0.000us       0.000us      46.239us         0.03%      46.239us       1.713us            27  
                         Memcpy HtoD (Pinned -> Device)         0.00%       0.000us         0.00%       0.000us       0.000us      40.831us         0.03%      40.831us       2.402us            17  
         nvjet_sm100_tst_128x256_64x6_2x4_2cta_h_bz_TNT         0.00%       0.000us         0.00%       0.000us       0.000us      33.952us         0.02%      33.952us      33.952us             1  
flashinfer::plan_kernel(int*, int*, int*, int*, int*...         0.00%       0.000us         0.00%       0.000us       0.000us      28.640us         0.02%      28.640us      28.640us             1  
               nvjet_sm100_tst_128x8_64x12_4x1_v_bz_TNT         0.00%       0.000us         0.00%       0.000us       0.000us      23.648us         0.02%      23.648us      11.824us             2  
void at::native::elementwise_kernel<128, 4, at::nati...         0.00%       0.000us         0.00%       0.000us       0.000us      17.920us         0.01%      17.920us       8.960us             2  
                       Memcpy DtoH (Device -> Pageable)         0.00%       0.000us         0.00%       0.000us       0.000us      16.511us         0.01%      16.511us       3.302us             5  
                       Memcpy HtoD (Pageable -> Device)         0.00%       0.000us         0.00%       0.000us       0.000us      15.648us         0.01%      15.648us       1.565us            10  
void at::native::elementwise_kernel<128, 4, at::nati...         0.00%       0.000us         0.00%       0.000us       0.000us      14.432us         0.01%      14.432us      14.432us             1  
void at::native::index_elementwise_kernel<128, 4, at...         0.00%       0.000us         0.00%       0.000us       0.000us      13.535us         0.01%      13.535us       6.768us             2  
void at_cuda_detail::cub::detail::scan::DeviceScanKe...         0.00%       0.000us         0.00%       0.000us       0.000us      12.768us         0.01%      12.768us       2.128us             6  
void at::native::elementwise_kernel<128, 4, at::nati...         0.00%       0.000us         0.00%       0.000us       0.000us      12.672us         0.01%      12.672us      12.672us             1  
void at::native::unrolled_elementwise_kernel<at::nat...         0.00%       0.000us         0.00%       0.000us       0.000us      11.646us         0.01%      11.646us       2.329us             5  
                         write_req_to_token_pool_triton         0.00%       0.000us         0.00%       0.000us       0.000us       9.600us         0.01%       9.600us       4.800us             2  
kernel_cutlass_kernel_flashinfernormkernelsrmsnormRM...         0.00%       0.000us         0.00%       0.000us       0.000us       9.472us         0.01%       9.472us       4.736us             2  
void at_cuda_detail::cub::detail::scan::DeviceScanIn...         0.00%       0.000us         0.00%       0.000us       0.000us       9.408us         0.01%       9.408us       1.568us             6  
void at::native::vectorized_elementwise_kernel<2, at...         0.00%       0.000us         0.00%       0.000us       0.000us       8.576us         0.01%       8.576us       2.144us             4  
void at::native::unrolled_elementwise_kernel<at::nat...         0.00%       0.000us         0.00%       0.000us       0.000us       7.936us         0.01%       7.936us       3.968us             2  
void at::native::unrolled_elementwise_kernel<at::nat...         0.00%       0.000us         0.00%       0.000us       0.000us       7.584us         0.00%       7.584us       1.896us             4  
               nvjet_sm100_tst_32x64_64x16_4x1_v_bz_TNN         0.00%       0.000us         0.00%       0.000us       0.000us       7.008us         0.00%       7.008us       7.008us             1  
                    create_flashinfer_kv_indices_triton         0.00%       0.000us         0.00%       0.000us       0.000us       6.176us         0.00%       6.176us       3.088us             2  
                         Memcpy DtoH (Device -> Pinned)         0.00%       0.000us         0.00%       0.000us       0.000us       5.568us         0.00%       5.568us       2.784us             2  
void at::native::vectorized_gather_kernel<16, long>(...         0.00%       0.000us         0.00%       0.000us       0.000us       5.088us         0.00%       5.088us       5.088us             1  
void at::native::(anonymous namespace)::multi_tensor...         0.00%       0.000us         0.00%       0.000us       0.000us       4.319us         0.00%       4.319us       2.160us             2  
void at::native::unrolled_elementwise_kernel<at::nat...         0.00%       0.000us         0.00%       0.000us       0.000us       3.968us         0.00%       3.968us       1.984us             2  
                                compute_position_kernel         0.00%       0.000us         0.00%       0.000us       0.000us       3.871us         0.00%       3.871us       1.935us             2  
void at::native::unrolled_elementwise_kernel<at::nat...         0.00%       0.000us         0.00%       0.000us       0.000us       3.264us         0.00%       3.264us       1.632us             2  
void at::native::reduce_kernel<512, 1, at::native::R...         0.00%       0.000us         0.00%       0.000us       0.000us       3.040us         0.00%       3.040us       3.040us             1  
void at::native::vectorized_elementwise_kernel<4, at...         0.00%       0.000us         0.00%       0.000us       0.000us       2.912us         0.00%       2.912us       1.456us             2  
void at::native::reduce_kernel<512, 1, at::native::R...         0.00%       0.000us         0.00%       0.000us       0.000us       2.625us         0.00%       2.625us       2.625us             1  
void at::native::vectorized_elementwise_kernel<8, at...         0.00%       0.000us         0.00%       0.000us       0.000us       2.528us         0.00%       2.528us       2.528us             1  
void at::native::(anonymous namespace)::indexSelectS...         0.00%       0.000us         0.00%       0.000us       0.000us       2.304us         0.00%       2.304us       2.304us             1  
void at::native::vectorized_elementwise_kernel<8, at...         0.00%       0.000us         0.00%       0.000us       0.000us       2.016us         0.00%       2.016us       2.016us             1  
triton_poi_fused_add_bitwise_and_bitwise_or_ge_lt_mu...         0.00%       0.000us         0.00%       0.000us       0.000us       1.632us         0.00%       1.632us       1.632us             1  
triton_poi_fused_add_bitwise_and_bitwise_not_bitwise...         0.00%       0.000us         0.00%       0.000us       0.000us       1.568us         0.00%       1.568us       1.568us             1  
triton_poi_fused_bitwise_and_bitwise_not_bitwise_or_...         0.00%       0.000us         0.00%       0.000us       0.000us       1.440us         0.00%       1.440us       1.440us             1  
                                  cudaDeviceSynchronize        27.78%       5.218ms        27.78%       5.218ms       1.044ms       0.000us         0.00%       0.000us       0.000us             5  
                                Activity Buffer Request         9.37%       1.759ms         9.37%       1.759ms       1.759ms       0.000us         0.00%       0.000us       0.000us             1  
                               cudaPointerGetAttributes         0.04%       7.405us         0.04%       7.405us       3.702us       0.000us         0.00%       0.000us       0.000us             2  
                                         cudaEventQuery         0.29%      55.398us         0.29%      55.398us       3.462us       0.000us         0.00%       0.000us       0.000us            16  
                                  cudaStreamIsCapturing         0.11%      21.431us         0.11%      21.431us       0.456us       0.000us         0.00%       0.000us       0.000us            47  
                                        cudaMemcpyAsync         7.05%       1.324ms         7.05%       1.324ms       9.196us       0.000us         0.00%       0.000us       0.000us           144  
                               cudaEventRecordWithFlags         0.09%      17.749us         0.09%      17.749us       1.109us       0.000us         0.00%       0.000us       0.000us            16  
                                       cuLaunchKernelEx        17.47%       3.280ms        17.47%       3.280ms       5.745us       0.000us         0.00%       0.000us       0.000us           571  
                                       cudaLaunchKernel        10.78%       2.024ms        10.78%       2.024ms       6.042us       0.000us         0.00%       0.000us       0.000us           335  
                                  cudaStreamSynchronize         0.22%      40.587us         0.22%      40.587us       5.798us       0.000us         0.00%       0.000us       0.000us             7  
                                    cudaPeekAtLastError         0.01%       2.533us         0.01%       2.533us       0.106us       0.000us         0.00%       0.000us       0.000us            24  
cudaOccupancyMaxActiveBlocksPerMultiprocessorWithFla...         0.05%      10.282us         0.05%      10.282us       1.714us       0.000us         0.00%       0.000us       0.000us             6  
                                 cudaDeviceGetAttribute         0.28%      52.296us         0.28%      52.296us       0.857us       0.000us         0.00%       0.000us       0.000us            61  
                                    cudaLaunchKernelExC        18.86%       3.542ms        18.86%       3.542ms       5.973us       0.000us         0.00%       0.000us       0.000us           593  
                                         cuLaunchKernel         5.32%     999.103us         5.32%     999.103us       5.401us       0.000us         0.00%       0.000us       0.000us           185  
                                                INVALID         0.26%      49.676us         0.26%      49.676us       0.460us       0.000us         0.00%       0.000us       0.000us           108  
                                   cudaDriverGetVersion         0.08%      15.197us         0.08%      15.197us       0.141us       0.000us         0.00%       0.000us       0.000us           108  
                                   cudaFuncSetAttribute         0.86%     160.779us         0.86%     160.779us       2.977us       0.000us         0.00%       0.000us       0.000us            54  
                            cudaLaunchCooperativeKernel         1.08%     201.941us         1.08%     201.941us       7.479us       0.000us         0.00%       0.000us       0.000us            27  
-------------------------------------------------------  ------------  ------------  ------------  ------------  ------------  ------------  ------------  ------------  ------------  ------------  
Self CPU time total: 18.781ms
Self CUDA time total: 153.904ms

-------------------------------------------------------  ------------  ------------  ------------  ------------  ------------  ------------  ------------  ------------  ------------  ------------  
                                                   Name    Self CPU %      Self CPU   CPU total %     CPU total  CPU time avg     Self CUDA   Self CUDA %    CUDA total  CUDA time avg    # of Calls  
-------------------------------------------------------  ------------  ------------  ------------  ------------  ------------  ------------  ------------  ------------  ------------  ------------  
void (anonymous namespace)::all_reduce_one_shot_push...         0.00%       0.000us         0.00%       0.000us       0.000us      46.296ms        30.54%      46.296ms     841.737us            55  
void (anonymous namespace)::all_reduce_two_shot_kern...         0.00%       0.000us         0.00%       0.000us       0.000us      44.781ms        29.54%      44.781ms     814.192us            55  
kernel_cutlass_kernel_flashinfernormkernelsfused_add...         0.00%       0.000us         0.00%       0.000us       0.000us      43.613ms        28.77%      43.613ms     403.824us           108  
                                       fused_moe_kernel         0.00%       0.000us         0.00%       0.000us       0.000us       6.082ms         4.01%       6.082ms      58.479us           104  
void cutlass::device_kernel<cutlass::fmha::kernel::S...         0.00%       0.000us         0.00%       0.000us       0.000us       1.953ms         1.29%       1.953ms      72.341us            27  
                               _all_gather_kernel_inner         0.00%       0.000us         0.00%       0.000us       0.000us     769.405us         0.51%     769.405us     384.702us             2  
void flashinfer::mla::BatchMLAPagedAttentionKernel<f...         0.00%       0.000us         0.00%       0.000us       0.000us     681.695us         0.45%     681.695us      25.248us            27  
void (anonymous namespace)::act_and_mul_kernel<__nv_...         0.00%       0.000us         0.00%       0.000us       0.000us     589.629us         0.39%     589.629us       5.670us           104  
                         Memcpy DtoD (Device -> Device)         0.00%       0.000us         0.00%       0.000us       0.000us     534.372us         0.35%     534.372us       4.858us           110  
void at::native::sbtopk::gatherTopK<float, unsigned ...         0.00%       0.000us         0.00%       0.000us       0.000us     523.773us         0.35%     523.773us      10.073us            52  
void moe_sum_reduce_warp_per_token_vec_kernel<8>(c10...         0.00%       0.000us         0.00%       0.000us       0.000us     521.342us         0.34%     521.342us      20.052us            26  
         nvjet_sm100_tst_160x192_64x6_1x2_2cta_h_bz_TNN         0.00%       0.000us         0.00%       0.000us       0.000us     474.426us         0.31%     474.426us       8.786us            54  
        nvjet_sm100_tst_32x64_64x16_4x1_v_bz_splitK_TNN         0.00%       0.000us         0.00%       0.000us       0.000us     338.437us         0.22%     338.437us       4.230us            80  
         nvjet_sm100_tst_176x128_64x8_2x2_2cta_h_bz_TNN         0.00%       0.000us         0.00%       0.000us       0.000us     335.872us         0.22%     335.872us      12.918us            26  
void count_and_sort_expert_tokens_kernel<int>(int co...         0.00%       0.000us         0.00%       0.000us       0.000us     306.849us         0.20%     306.849us       5.901us            52  
         nvjet_sm100_tst_144x128_64x8_2x2_2cta_h_bz_TNN         0.00%       0.000us         0.00%       0.000us       0.000us     304.577us         0.20%     304.577us      11.281us            27  
void moe_align_block_size_kernel<int>(int const*, in...         0.00%       0.000us         0.00%       0.000us       0.000us     281.116us         0.19%     281.116us       5.406us            52  
void cublasLt::splitKreduce_kernel<32, 16, int, floa...         0.00%       0.000us         0.00%       0.000us       0.000us     266.141us         0.18%     266.141us       3.327us            80  
void at::native::vectorized_elementwise_kernel<8, at...         0.00%       0.000us         0.00%       0.000us       0.000us     240.001us         0.16%     240.001us       4.615us            52  
          nvjet_sm100_tst_96x128_64x9_2x2_2cta_h_bz_TNN         0.00%       0.000us         0.00%       0.000us       0.000us     229.789us         0.15%     229.789us       8.511us            27  
void at::native::sbtopk::gatherTopK<float, unsigned ...         0.00%       0.000us         0.00%       0.000us       0.000us     203.267us         0.13%     203.267us       3.909us            52  
               nvjet_sm100_tst_16x64_64x16_4x1_v_bz_TNN         0.00%       0.000us         0.00%       0.000us       0.000us     201.696us         0.13%     201.696us       3.735us            54  
          nvjet_sm100_tss_32x64_64x16_2x2_2cta_h_bz_TNN         0.00%       0.000us         0.00%       0.000us       0.000us     200.576us         0.13%     200.576us       7.714us            26  
triton_red_fused__softmax_exp_max_prepare_softmax_on...         0.00%       0.000us         0.00%       0.000us       0.000us     167.199us         0.11%     167.199us       3.215us            52  
kernel_cutlass_kernel_flashinfernormkernelsrmsnormRM...         0.00%       0.000us         0.00%       0.000us       0.000us     166.337us         0.11%     166.337us       6.161us            27  
                nvjet_sm100_tst_8x64_64x16_4x1_v_bz_TNN         0.00%       0.000us         0.00%       0.000us       0.000us     164.799us         0.11%     164.799us       3.052us            54  
void (anonymous namespace)::fused_rope_kernel<false,...         0.00%       0.000us         0.00%       0.000us       0.000us     138.588us         0.09%     138.588us       2.566us            54  
         nvjet_sm100_tst_128x128_64x8_2x2_2cta_h_bz_TNT         0.00%       0.000us         0.00%       0.000us       0.000us     137.791us         0.09%     137.791us       5.103us            27  
        nvjet_sm100_tss_32x64_64x16_2x1_v_bz_splitK_TNN         0.00%       0.000us         0.00%       0.000us       0.000us     118.721us         0.08%     118.721us       4.566us            26  
                           concat_and_cast_mha_k_kernel         0.00%       0.000us         0.00%       0.000us       0.000us     101.056us         0.07%     101.056us       3.743us            27  
triton_poi_fused__softmax__to_copy_arange_bitwise_no...         0.00%       0.000us         0.00%       0.000us       0.000us      94.015us         0.06%      94.015us       1.808us            52  
                            triton_poi_fused__to_copy_2         0.00%       0.000us         0.00%       0.000us       0.000us      85.440us         0.06%      85.440us       1.643us            52  
void (anonymous namespace)::set_mla_kv_buffer_kernel...         0.00%       0.000us         0.00%       0.000us       0.000us      74.113us         0.05%      74.113us       2.745us            27  
kernel_cutlass_kernel_flashinfernormkernelsrmsnormRM...         0.00%       0.000us         0.00%       0.000us       0.000us      69.025us         0.05%      69.025us       2.556us            27  
void cublasLt::splitKreduce_kernel<32, 16, int, floa...         0.00%       0.000us         0.00%       0.000us       0.000us      68.960us         0.05%      68.960us       2.652us            26  
void at::native::reduce_kernel<512, 1, at::native::R...         0.00%       0.000us         0.00%       0.000us       0.000us      48.287us         0.03%      48.287us      24.144us             2  
                       triton_poi_fused_copy__mul_sum_0         0.00%       0.000us         0.00%       0.000us       0.000us      42.814us         0.03%      42.814us       1.647us            26  
                               set_mla_kv_buffer_kernel         0.00%       0.000us         0.00%       0.000us       0.000us      41.282us         0.03%      41.282us       1.529us            27  
                         Memcpy HtoD (Pinned -> Device)         0.00%       0.000us         0.00%       0.000us       0.000us      35.841us         0.02%      35.841us       2.108us            17  
         nvjet_sm100_tst_128x256_64x6_2x4_2cta_h_bz_TNT         0.00%       0.000us         0.00%       0.000us       0.000us      33.056us         0.02%      33.056us      33.056us             1  
flashinfer::plan_kernel(int*, int*, int*, int*, int*...         0.00%       0.000us         0.00%       0.000us       0.000us      27.903us         0.02%      27.903us      27.903us             1  
               nvjet_sm100_tst_128x8_64x12_4x1_v_bz_TNT         0.00%       0.000us         0.00%       0.000us       0.000us      23.936us         0.02%      23.936us      11.968us             2  
void at::native::elementwise_kernel<128, 4, at::nati...         0.00%       0.000us         0.00%       0.000us       0.000us      17.569us         0.01%      17.569us       8.785us             2  
                       Memcpy DtoH (Device -> Pageable)         0.00%       0.000us         0.00%       0.000us       0.000us      16.672us         0.01%      16.672us       3.334us             5  
void at::native::elementwise_kernel<128, 4, at::nati...         0.00%       0.000us         0.00%       0.000us       0.000us      14.336us         0.01%      14.336us      14.336us             1  
void at::native::index_elementwise_kernel<128, 4, at...         0.00%       0.000us         0.00%       0.000us       0.000us      13.440us         0.01%      13.440us       6.720us             2  
void at::native::elementwise_kernel<128, 4, at::nati...         0.00%       0.000us         0.00%       0.000us       0.000us      12.640us         0.01%      12.640us      12.640us             1  
void at::native::unrolled_elementwise_kernel<at::nat...         0.00%       0.000us         0.00%       0.000us       0.000us      11.201us         0.01%      11.201us       2.240us             5  
void at_cuda_detail::cub::detail::scan::DeviceScanKe...         0.00%       0.000us         0.00%       0.000us       0.000us      10.688us         0.01%      10.688us       1.781us             6  
                       Memcpy HtoD (Pageable -> Device)         0.00%       0.000us         0.00%       0.000us       0.000us       8.926us         0.01%       8.926us       0.893us            10  
                         write_req_to_token_pool_triton         0.00%       0.000us         0.00%       0.000us       0.000us       8.640us         0.01%       8.640us       4.320us             2  
kernel_cutlass_kernel_flashinfernormkernelsrmsnormRM...         0.00%       0.000us         0.00%       0.000us       0.000us       8.480us         0.01%       8.480us       4.240us             2  
void at::native::unrolled_elementwise_kernel<at::nat...         0.00%       0.000us         0.00%       0.000us       0.000us       7.649us         0.01%       7.649us       3.824us             2  
               nvjet_sm100_tst_32x64_64x16_4x1_v_bz_TNN         0.00%       0.000us         0.00%       0.000us       0.000us       6.880us         0.00%       6.880us       6.880us             1  
void at_cuda_detail::cub::detail::scan::DeviceScanIn...         0.00%       0.000us         0.00%       0.000us       0.000us       6.848us         0.00%       6.848us       1.141us             6  
void at::native::unrolled_elementwise_kernel<at::nat...         0.00%       0.000us         0.00%       0.000us       0.000us       6.626us         0.00%       6.626us       1.656us             4  
                    create_flashinfer_kv_indices_triton         0.00%       0.000us         0.00%       0.000us       0.000us       6.368us         0.00%       6.368us       3.184us             2  
void at::native::vectorized_elementwise_kernel<2, at...         0.00%       0.000us         0.00%       0.000us       0.000us       6.336us         0.00%       6.336us       1.584us             4  
                         Memcpy DtoH (Device -> Pinned)         0.00%       0.000us         0.00%       0.000us       0.000us       5.760us         0.00%       5.760us       2.880us             2  
void at::native::vectorized_gather_kernel<16, long>(...         0.00%       0.000us         0.00%       0.000us       0.000us       5.089us         0.00%       5.089us       5.089us             1  
void at::native::(anonymous namespace)::multi_tensor...         0.00%       0.000us         0.00%       0.000us       0.000us       4.192us         0.00%       4.192us       2.096us             2  
void at::native::unrolled_elementwise_kernel<at::nat...         0.00%       0.000us         0.00%       0.000us       0.000us       4.000us         0.00%       4.000us       2.000us             2  
                                compute_position_kernel         0.00%       0.000us         0.00%       0.000us       0.000us       3.520us         0.00%       3.520us       1.760us             2  
void at::native::reduce_kernel<512, 1, at::native::R...         0.00%       0.000us         0.00%       0.000us       0.000us       2.816us         0.00%       2.816us       2.816us             1  
void at::native::unrolled_elementwise_kernel<at::nat...         0.00%       0.000us         0.00%       0.000us       0.000us       2.655us         0.00%       2.655us       1.328us             2  
void at::native::reduce_kernel<512, 1, at::native::R...         0.00%       0.000us         0.00%       0.000us       0.000us       2.464us         0.00%       2.464us       2.464us             1  
void at::native::vectorized_elementwise_kernel<4, at...         0.00%       0.000us         0.00%       0.000us       0.000us       2.432us         0.00%       2.432us       1.216us             2  
void at::native::(anonymous namespace)::indexSelectS...         0.00%       0.000us         0.00%       0.000us       0.000us       2.304us         0.00%       2.304us       2.304us             1  
triton_poi_fused_add_bitwise_and_bitwise_or_ge_lt_mu...         0.00%       0.000us         0.00%       0.000us       0.000us       1.952us         0.00%       1.952us       1.952us             1  
void at::native::vectorized_elementwise_kernel<8, at...         0.00%       0.000us         0.00%       0.000us       0.000us       1.856us         0.00%       1.856us       1.856us             1  
triton_poi_fused_add_bitwise_and_bitwise_not_bitwise...         0.00%       0.000us         0.00%       0.000us       0.000us       1.664us         0.00%       1.664us       1.664us             1  
triton_poi_fused_bitwise_and_bitwise_not_bitwise_or_...         0.00%       0.000us         0.00%       0.000us       0.000us       1.568us         0.00%       1.568us       1.568us             1  
void at::native::vectorized_elementwise_kernel<8, at...         0.00%       0.000us         0.00%       0.000us       0.000us       1.504us         0.00%       1.504us       1.504us             1  
                                  cudaDeviceSynchronize        26.96%       4.843ms        26.96%       4.843ms     968.622us       0.000us         0.00%       0.000us       0.000us             5  
                                Activity Buffer Request         9.70%       1.743ms         9.70%       1.743ms       1.743ms       0.000us         0.00%       0.000us       0.000us             1  
                               cudaPointerGetAttributes         0.04%       7.522us         0.04%       7.522us       3.761us       0.000us         0.00%       0.000us       0.000us             2  
                                         cudaEventQuery         0.30%      53.845us         0.30%      53.845us       3.365us       0.000us         0.00%       0.000us       0.000us            16  
                                  cudaStreamIsCapturing         0.14%      24.969us         0.14%      24.969us       0.531us       0.000us         0.00%       0.000us       0.000us            47  
                                        cudaMemcpyAsync         7.18%       1.291ms         7.18%       1.291ms       8.962us       0.000us         0.00%       0.000us       0.000us           144  
                               cudaEventRecordWithFlags         0.10%      18.385us         0.10%      18.385us       1.149us       0.000us         0.00%       0.000us       0.000us            16  
                                       cuLaunchKernelEx        17.42%       3.129ms        17.42%       3.129ms       5.481us       0.000us         0.00%       0.000us       0.000us           571  
                                       cudaLaunchKernel        10.90%       1.958ms        10.90%       1.958ms       5.844us       0.000us         0.00%       0.000us       0.000us           335  
                                  cudaStreamSynchronize         0.23%      41.175us         0.23%      41.175us       5.882us       0.000us         0.00%       0.000us       0.000us             7  
                                    cudaPeekAtLastError         0.01%       2.665us         0.01%       2.665us       0.111us       0.000us         0.00%       0.000us       0.000us            24  
cudaOccupancyMaxActiveBlocksPerMultiprocessorWithFla...         0.06%      10.676us         0.06%      10.676us       1.779us       0.000us         0.00%       0.000us       0.000us             6  
                                 cudaDeviceGetAttribute         0.32%      56.800us         0.32%      56.800us       0.931us       0.000us         0.00%       0.000us       0.000us            61  
                                    cudaLaunchKernelExC        18.98%       3.409ms        18.98%       3.409ms       5.749us       0.000us         0.00%       0.000us       0.000us           593  
                                         cuLaunchKernel         5.25%     942.950us         5.25%     942.950us       5.097us       0.000us         0.00%       0.000us       0.000us           185  
                                                INVALID         0.27%      47.963us         0.27%      47.963us       0.444us       0.000us         0.00%       0.000us       0.000us           108  
                                   cudaDriverGetVersion         0.06%       9.916us         0.06%       9.916us       0.092us       0.000us         0.00%       0.000us       0.000us           108  
                                   cudaFuncSetAttribute         0.95%     170.470us         0.95%     170.470us       3.157us       0.000us         0.00%       0.000us       0.000us            54  
                            cudaLaunchCooperativeKernel         1.13%     202.956us         1.13%     202.956us       7.517us       0.000us         0.00%       0.000us       0.000us            27  
-------------------------------------------------------  ------------  ------------  ------------  ------------  ------------  ------------  ------------  ------------  ------------  ------------  
Self CPU time total: 17.963ms
Self CUDA time total: 151.573ms

torch profiler chrome trace for prefill saved to /sgl-workspace/sglang-src/experiment-results/phase14c/deepseek_tp_extension/tp8/deepseek-v2-lite/chunked_prefill/c4096/r1/traces/trace_rank0_batch1_input4096_output8_prefill.trace.json.gz
Prefill. latency: 0.06081 s, throughput:  67361.54 token/s
Decode 0. Batch size: 1, latency: 0.05732 s, throughput:     17.45 token/s
Decode 1. Batch size: 1, latency: 0.05393 s, throughput:     18.54 token/s
Decode 2. Batch size: 1, latency: 0.05494 s, throughput:     18.20 token/s
Decode 3. Batch size: 1, latency: 0.05469 s, throughput:     18.28 token/s
Decode 4. Batch size: 1, latency: 0.05547 s, throughput:     18.03 token/s
Decode.  median latency: 0.05469 s, median throughput:     18.28 token/s
Total. latency:  0.445 s, throughput:   9217.51 token/s
Warmup workload: batch_size=1, input_len=4097, output_len=8
Prefill. latency: 0.11093 s, throughput:  36932.20 token/s
Decode 0. Batch size: 1, latency: 0.05365 s, throughput:     18.64 token/s
Decode 1. Batch size: 1, latency: 0.05308 s, throughput:     18.84 token/s
Decode 2. Batch size: 1, latency: 0.05283 s, throughput:     18.93 token/s
Decode 3. Batch size: 1, latency: 0.05295 s, throughput:     18.89 token/s
Decode 4. Batch size: 1, latency: 0.05306 s, throughput:     18.85 token/s
Decode.  median latency: 0.05295 s, median throughput:     18.89 token/s
Total. latency:  0.482 s, throughput:   8512.16 token/s
-------------------------------------------------------  ------------  ------------  ------------  ------------  ------------  ------------  ------------  ------------  ------------  ------------  
                                                   Name    Self CPU %      Self CPU   CPU total %     CPU total  CPU time avg     Self CUDA   Self CUDA %    CUDA total  CUDA time avg    # of Calls  
-------------------------------------------------------  ------------  ------------  ------------  ------------  ------------  ------------  ------------  ------------  ------------  ------------  
void (anonymous namespace)::all_reduce_two_shot_kern...         0.00%       0.000us         0.00%       0.000us       0.000us      43.196ms        53.05%      43.196ms     785.389us            55  
void (anonymous namespace)::all_reduce_one_shot_push...         0.00%       0.000us         0.00%       0.000us       0.000us      13.834ms        16.99%      13.834ms     251.532us            55  
kernel_cutlass_kernel_flashinfernormkernelsfused_add...         0.00%       0.000us         0.00%       0.000us       0.000us       7.754ms         9.52%       7.754ms      71.800us           108  
                                       fused_moe_kernel         0.00%       0.000us         0.00%       0.000us       0.000us       6.068ms         7.45%       6.068ms      58.343us           104  
void cutlass::device_kernel<cutlass::fmha::kernel::S...         0.00%       0.000us         0.00%       0.000us       0.000us       1.957ms         2.40%       1.957ms      72.464us            27  
void flashinfer::mla::BatchMLAPagedAttentionKernel<f...         0.00%       0.000us         0.00%       0.000us       0.000us     703.868us         0.86%     703.868us      26.069us            27  
void (anonymous namespace)::act_and_mul_kernel<__nv_...         0.00%       0.000us         0.00%       0.000us       0.000us     585.435us         0.72%     585.435us       5.629us           104  
                               _all_gather_kernel_inner         0.00%       0.000us         0.00%       0.000us       0.000us     577.663us         0.71%     577.663us     288.832us             2  
                         Memcpy DtoD (Device -> Device)         0.00%       0.000us         0.00%       0.000us       0.000us     531.739us         0.65%     531.739us       4.834us           110  
void moe_sum_reduce_warp_per_token_vec_kernel<8>(c10...         0.00%       0.000us         0.00%       0.000us       0.000us     524.220us         0.64%     524.220us      20.162us            26  
void at::native::sbtopk::gatherTopK<float, unsigned ...         0.00%       0.000us         0.00%       0.000us       0.000us     522.205us         0.64%     522.205us      10.042us            52  
         nvjet_sm100_tst_160x192_64x6_1x2_2cta_h_bz_TNN         0.00%       0.000us         0.00%       0.000us       0.000us     472.415us         0.58%     472.415us       8.748us            54  
         nvjet_sm100_tst_176x128_64x8_2x2_2cta_h_bz_TNN         0.00%       0.000us         0.00%       0.000us       0.000us     333.346us         0.41%     333.346us      12.821us            26  
        nvjet_sm100_tst_32x64_64x16_4x1_v_bz_splitK_TNN         0.00%       0.000us         0.00%       0.000us       0.000us     327.066us         0.40%     327.066us       4.088us            80  
         nvjet_sm100_tst_144x128_64x8_2x2_2cta_h_bz_TNN         0.00%       0.000us         0.00%       0.000us       0.000us     308.222us         0.38%     308.222us      11.416us            27  
void count_and_sort_expert_tokens_kernel<int>(int co...         0.00%       0.000us         0.00%       0.000us       0.000us     307.454us         0.38%     307.454us       5.913us            52  
void moe_align_block_size_kernel<int>(int const*, in...         0.00%       0.000us         0.00%       0.000us       0.000us     297.407us         0.37%     297.407us       5.719us            52  
void at::native::vectorized_elementwise_kernel<8, at...         0.00%       0.000us         0.00%       0.000us       0.000us     244.988us         0.30%     244.988us       4.711us            52  
          nvjet_sm100_tst_96x128_64x9_2x2_2cta_h_bz_TNN         0.00%       0.000us         0.00%       0.000us       0.000us     234.043us         0.29%     234.043us       8.668us            27  
void cublasLt::splitKreduce_kernel<32, 16, int, floa...         0.00%       0.000us         0.00%       0.000us       0.000us     227.228us         0.28%     227.228us       2.840us            80  
void at::native::sbtopk::gatherTopK<float, unsigned ...         0.00%       0.000us         0.00%       0.000us       0.000us     211.870us         0.26%     211.870us       4.074us            52  
          nvjet_sm100_tss_32x64_64x16_2x2_2cta_h_bz_TNN         0.00%       0.000us         0.00%       0.000us       0.000us     199.137us         0.24%     199.137us       7.659us            26  
               nvjet_sm100_tst_16x64_64x16_4x1_v_bz_TNN         0.00%       0.000us         0.00%       0.000us       0.000us     184.321us         0.23%     184.321us       3.413us            54  
kernel_cutlass_kernel_flashinfernormkernelsrmsnormRM...         0.00%       0.000us         0.00%       0.000us       0.000us     166.624us         0.20%     166.624us       6.171us            27  
triton_red_fused__softmax_exp_max_prepare_softmax_on...         0.00%       0.000us         0.00%       0.000us       0.000us     165.736us         0.20%     165.736us       3.187us            52  
                nvjet_sm100_tst_8x64_64x16_4x1_v_bz_TNN         0.00%       0.000us         0.00%       0.000us       0.000us     159.681us         0.20%     159.681us       2.957us            54  
         nvjet_sm100_tst_128x128_64x8_2x2_2cta_h_bz_TNT         0.00%       0.000us         0.00%       0.000us       0.000us     138.076us         0.17%     138.076us       5.114us            27  
void (anonymous namespace)::fused_rope_kernel<false,...         0.00%       0.000us         0.00%       0.000us       0.000us     125.630us         0.15%     125.630us       2.326us            54  
triton_poi_fused__softmax__to_copy_arange_bitwise_no...         0.00%       0.000us         0.00%       0.000us       0.000us     123.747us         0.15%     123.747us       2.380us            52  
                           concat_and_cast_mha_k_kernel         0.00%       0.000us         0.00%       0.000us       0.000us     100.642us         0.12%     100.642us       3.727us            27  
        nvjet_sm100_tss_32x64_64x16_2x1_v_bz_splitK_TNN         0.00%       0.000us         0.00%       0.000us       0.000us      95.550us         0.12%      95.550us       3.675us            26  
                            triton_poi_fused__to_copy_2         0.00%       0.000us         0.00%       0.000us       0.000us      85.059us         0.10%      85.059us       1.636us            52  
void (anonymous namespace)::set_mla_kv_buffer_kernel...         0.00%       0.000us         0.00%       0.000us       0.000us      74.877us         0.09%      74.877us       2.773us            27  
void cublasLt::splitKreduce_kernel<32, 16, int, floa...         0.00%       0.000us         0.00%       0.000us       0.000us      54.049us         0.07%      54.049us       2.079us            26  
kernel_cutlass_kernel_flashinfernormkernelsrmsnormRM...         0.00%       0.000us         0.00%       0.000us       0.000us      51.937us         0.06%      51.937us       1.924us            27  
void at::native::reduce_kernel<512, 1, at::native::R...         0.00%       0.000us         0.00%       0.000us       0.000us      48.959us         0.06%      48.959us      24.480us             2  
                         Memcpy HtoD (Pinned -> Device)         0.00%       0.000us         0.00%       0.000us       0.000us      42.719us         0.05%      42.719us       2.513us            17  
                       triton_poi_fused_copy__mul_sum_0         0.00%       0.000us         0.00%       0.000us       0.000us      42.492us         0.05%      42.492us       1.634us            26  
                               set_mla_kv_buffer_kernel         0.00%       0.000us         0.00%       0.000us       0.000us      39.295us         0.05%      39.295us       1.455us            27  
         nvjet_sm100_tst_128x256_64x6_2x4_2cta_h_bz_TNT         0.00%       0.000us         0.00%       0.000us       0.000us      33.120us         0.04%      33.120us      33.120us             1  
flashinfer::plan_kernel(int*, int*, int*, int*, int*...         0.00%       0.000us         0.00%       0.000us       0.000us      27.936us         0.03%      27.936us      27.936us             1  
               nvjet_sm100_tst_128x8_64x12_4x1_v_bz_TNT         0.00%       0.000us         0.00%       0.000us       0.000us      23.233us         0.03%      23.233us      11.617us             2  
void at::native::elementwise_kernel<128, 4, at::nati...         0.00%       0.000us         0.00%       0.000us       0.000us      20.032us         0.02%      20.032us      10.016us             2  
                       Memcpy DtoH (Device -> Pageable)         0.00%       0.000us         0.00%       0.000us       0.000us      15.680us         0.02%      15.680us       3.136us             5  
                       Memcpy HtoD (Pageable -> Device)         0.00%       0.000us         0.00%       0.000us       0.000us      14.879us         0.02%      14.879us       1.488us            10  
void at::native::index_elementwise_kernel<128, 4, at...         0.00%       0.000us         0.00%       0.000us       0.000us      14.624us         0.02%      14.624us       7.312us             2  
void at::native::elementwise_kernel<128, 4, at::nati...         0.00%       0.000us         0.00%       0.000us       0.000us      14.143us         0.02%      14.143us      14.143us             1  
void at::native::elementwise_kernel<128, 4, at::nati...         0.00%       0.000us         0.00%       0.000us       0.000us      12.703us         0.02%      12.703us      12.703us             1  
void at::native::unrolled_elementwise_kernel<at::nat...         0.00%       0.000us         0.00%       0.000us       0.000us      11.457us         0.01%      11.457us       2.291us             5  
void at_cuda_detail::cub::detail::scan::DeviceScanKe...         0.00%       0.000us         0.00%       0.000us       0.000us      10.944us         0.01%      10.944us       1.824us             6  
                         write_req_to_token_pool_triton         0.00%       0.000us         0.00%       0.000us       0.000us       8.673us         0.01%       8.673us       4.337us             2  
kernel_cutlass_kernel_flashinfernormkernelsrmsnormRM...         0.00%       0.000us         0.00%       0.000us       0.000us       8.607us         0.01%       8.607us       4.303us             2  
void at::native::unrolled_elementwise_kernel<at::nat...         0.00%       0.000us         0.00%       0.000us       0.000us       7.680us         0.01%       7.680us       3.840us             2  
               nvjet_sm100_tst_32x64_64x16_4x1_v_bz_TNN         0.00%       0.000us         0.00%       0.000us       0.000us       6.944us         0.01%       6.944us       6.944us             1  
void at::native::vectorized_gather_kernel<16, long>(...         0.00%       0.000us         0.00%       0.000us       0.000us       6.848us         0.01%       6.848us       6.848us             1  
void at::native::unrolled_elementwise_kernel<at::nat...         0.00%       0.000us         0.00%       0.000us       0.000us       6.720us         0.01%       6.720us       1.680us             4  
void at_cuda_detail::cub::detail::scan::DeviceScanIn...         0.00%       0.000us         0.00%       0.000us       0.000us       6.527us         0.01%       6.527us       1.088us             6  
                    create_flashinfer_kv_indices_triton         0.00%       0.000us         0.00%       0.000us       0.000us       6.337us         0.01%       6.337us       3.168us             2  
void at::native::vectorized_elementwise_kernel<2, at...         0.00%       0.000us         0.00%       0.000us       0.000us       6.207us         0.01%       6.207us       1.552us             4  
                         Memcpy DtoH (Device -> Pinned)         0.00%       0.000us         0.00%       0.000us       0.000us       5.728us         0.01%       5.728us       2.864us             2  
void at::native::(anonymous namespace)::multi_tensor...         0.00%       0.000us         0.00%       0.000us       0.000us       4.032us         0.00%       4.032us       2.016us             2  
void at::native::unrolled_elementwise_kernel<at::nat...         0.00%       0.000us         0.00%       0.000us       0.000us       3.840us         0.00%       3.840us       1.920us             2  
                                compute_position_kernel         0.00%       0.000us         0.00%       0.000us       0.000us       3.521us         0.00%       3.521us       1.761us             2  
void at::native::unrolled_elementwise_kernel<at::nat...         0.00%       0.000us         0.00%       0.000us       0.000us       2.945us         0.00%       2.945us       1.472us             2  
void at::native::reduce_kernel<512, 1, at::native::R...         0.00%       0.000us         0.00%       0.000us       0.000us       2.912us         0.00%       2.912us       2.912us             1  
void at::native::reduce_kernel<512, 1, at::native::R...         0.00%       0.000us         0.00%       0.000us       0.000us       2.528us         0.00%       2.528us       2.528us             1  
void at::native::(anonymous namespace)::indexSelectS...         0.00%       0.000us         0.00%       0.000us       0.000us       2.368us         0.00%       2.368us       2.368us             1  
void at::native::vectorized_elementwise_kernel<4, at...         0.00%       0.000us         0.00%       0.000us       0.000us       2.367us         0.00%       2.367us       1.183us             2  
void at::native::vectorized_elementwise_kernel<8, at...         0.00%       0.000us         0.00%       0.000us       0.000us       1.984us         0.00%       1.984us       1.984us             1  
triton_poi_fused_add_bitwise_and_bitwise_not_bitwise...         0.00%       0.000us         0.00%       0.000us       0.000us       1.632us         0.00%       1.632us       1.632us             1  
triton_poi_fused_add_bitwise_and_bitwise_or_ge_lt_mu...         0.00%       0.000us         0.00%       0.000us       0.000us       1.600us         0.00%       1.600us       1.600us             1  
void at::native::vectorized_elementwise_kernel<8, at...         0.00%       0.000us         0.00%       0.000us       0.000us       1.536us         0.00%       1.536us       1.536us             1  
triton_poi_fused_bitwise_and_bitwise_not_bitwise_or_...         0.00%       0.000us         0.00%       0.000us       0.000us       1.440us         0.00%       1.440us       1.440us             1  
                                  cudaDeviceSynchronize         7.16%       1.108ms         7.16%       1.108ms     221.661us       0.000us         0.00%       0.000us       0.000us             5  
                                Activity Buffer Request        11.36%       1.757ms        11.36%       1.757ms       1.757ms       0.000us         0.00%       0.000us       0.000us             1  
                               cudaPointerGetAttributes         0.05%       8.288us         0.05%       8.288us       4.144us       0.000us         0.00%       0.000us       0.000us             2  
                                         cudaEventQuery         0.34%      53.035us         0.34%      53.035us       3.315us       0.000us         0.00%       0.000us       0.000us            16  
                                  cudaStreamIsCapturing         0.14%      21.690us         0.14%      21.690us       0.461us       0.000us         0.00%       0.000us       0.000us            47  
                                        cudaMemcpyAsync         9.14%       1.414ms         9.14%       1.414ms       9.819us       0.000us         0.00%       0.000us       0.000us           144  
                               cudaEventRecordWithFlags         0.15%      23.745us         0.15%      23.745us       1.484us       0.000us         0.00%       0.000us       0.000us            16  
                                       cuLaunchKernelEx        22.55%       3.490ms        22.55%       3.490ms       6.111us       0.000us         0.00%       0.000us       0.000us           571  
                                       cudaLaunchKernel        14.08%       2.179ms        14.08%       2.179ms       6.505us       0.000us         0.00%       0.000us       0.000us           335  
                                  cudaStreamSynchronize         0.27%      41.479us         0.27%      41.479us       5.926us       0.000us         0.00%       0.000us       0.000us             7  
                                    cudaPeekAtLastError         0.02%       2.653us         0.02%       2.653us       0.111us       0.000us         0.00%       0.000us       0.000us            24  
cudaOccupancyMaxActiveBlocksPerMultiprocessorWithFla...         0.07%      11.056us         0.07%      11.056us       1.843us       0.000us         0.00%       0.000us       0.000us             6  
                                 cudaDeviceGetAttribute         0.37%      56.703us         0.37%      56.703us       0.930us       0.000us         0.00%       0.000us       0.000us            61  
                                    cudaLaunchKernelExC        24.56%       3.800ms        24.56%       3.800ms       6.408us       0.000us         0.00%       0.000us       0.000us           593  
                                         cuLaunchKernel         6.85%       1.060ms         6.85%       1.060ms       5.729us       0.000us         0.00%       0.000us       0.000us           185  
                                                INVALID         0.33%      51.408us         0.33%      51.408us       0.476us       0.000us         0.00%       0.000us       0.000us           108  
                                   cudaDriverGetVersion         0.06%      10.035us         0.06%      10.035us       0.093us       0.000us         0.00%       0.000us       0.000us           108  
                                   cudaFuncSetAttribute         1.10%     169.802us         1.10%     169.802us       3.144us       0.000us         0.00%       0.000us       0.000us            54  
                            cudaLaunchCooperativeKernel         1.38%     214.147us         1.38%     214.147us       7.931us       0.000us         0.00%       0.000us       0.000us            27  
-------------------------------------------------------  ------------  ------------  ------------  ------------  ------------  ------------  ------------  ------------  ------------  ------------  
Self CPU time total: 15.472ms
Self CUDA time total: 81.419ms

-------------------------------------------------------  ------------  ------------  ------------  ------------  ------------  ------------  ------------  ------------  ------------  ------------  
                                                   Name    Self CPU %      Self CPU   CPU total %     CPU total  CPU time avg     Self CUDA   Self CUDA %    CUDA total  CUDA time avg    # of Calls  
-------------------------------------------------------  ------------  ------------  ------------  ------------  ------------  ------------  ------------  ------------  ------------  ------------  
void (anonymous namespace)::all_reduce_two_shot_kern...         0.00%       0.000us         0.00%       0.000us       0.000us      44.622ms        33.08%      44.622ms     811.307us            55  
void (anonymous namespace)::all_reduce_one_shot_push...         0.00%       0.000us         0.00%       0.000us       0.000us      39.189ms        29.05%      39.189ms     712.528us            55  
kernel_cutlass_kernel_flashinfernormkernelsfused_add...         0.00%       0.000us         0.00%       0.000us       0.000us      34.208ms        25.36%      34.208ms     316.740us           108  
                                       fused_moe_kernel         0.00%       0.000us         0.00%       0.000us       0.000us       6.080ms         4.51%       6.080ms      58.462us           104  
void cutlass::device_kernel<cutlass::fmha::kernel::S...         0.00%       0.000us         0.00%       0.000us       0.000us       1.943ms         1.44%       1.943ms      71.974us            27  
                               _all_gather_kernel_inner         0.00%       0.000us         0.00%       0.000us       0.000us     769.151us         0.57%     769.151us     384.575us             2  
void flashinfer::mla::BatchMLAPagedAttentionKernel<f...         0.00%       0.000us         0.00%       0.000us       0.000us     678.907us         0.50%     678.907us      25.145us            27  
void (anonymous namespace)::act_and_mul_kernel<__nv_...         0.00%       0.000us         0.00%       0.000us       0.000us     587.253us         0.44%     587.253us       5.647us           104  
                         Memcpy DtoD (Device -> Device)         0.00%       0.000us         0.00%       0.000us       0.000us     536.734us         0.40%     536.734us       4.879us           110  
void moe_sum_reduce_warp_per_token_vec_kernel<8>(c10...         0.00%       0.000us         0.00%       0.000us       0.000us     524.863us         0.39%     524.863us      20.187us            26  
void at::native::sbtopk::gatherTopK<float, unsigned ...         0.00%       0.000us         0.00%       0.000us       0.000us     523.077us         0.39%     523.077us      10.059us            52  
         nvjet_sm100_tst_160x192_64x6_1x2_2cta_h_bz_TNN         0.00%       0.000us         0.00%       0.000us       0.000us     477.281us         0.35%     477.281us       8.839us            54  
        nvjet_sm100_tst_32x64_64x16_4x1_v_bz_splitK_TNN         0.00%       0.000us         0.00%       0.000us       0.000us     336.737us         0.25%     336.737us       4.209us            80  
         nvjet_sm100_tst_176x128_64x8_2x2_2cta_h_bz_TNN         0.00%       0.000us         0.00%       0.000us       0.000us     335.006us         0.25%     335.006us      12.885us            26  
         nvjet_sm100_tst_144x128_64x8_2x2_2cta_h_bz_TNN         0.00%       0.000us         0.00%       0.000us       0.000us     309.792us         0.23%     309.792us      11.474us            27  
void count_and_sort_expert_tokens_kernel<int>(int co...         0.00%       0.000us         0.00%       0.000us       0.000us     304.639us         0.23%     304.639us       5.858us            52  
void moe_align_block_size_kernel<int>(int const*, in...         0.00%       0.000us         0.00%       0.000us       0.000us     275.527us         0.20%     275.527us       5.299us            52  
void cublasLt::splitKreduce_kernel<32, 16, int, floa...         0.00%       0.000us         0.00%       0.000us       0.000us     266.723us         0.20%     266.723us       3.334us            80  
void at::native::vectorized_elementwise_kernel<8, at...         0.00%       0.000us         0.00%       0.000us       0.000us     238.714us         0.18%     238.714us       4.591us            52  
          nvjet_sm100_tst_96x128_64x9_2x2_2cta_h_bz_TNN         0.00%       0.000us         0.00%       0.000us       0.000us     234.404us         0.17%     234.404us       8.682us            27  
          nvjet_sm100_tss_32x64_64x16_2x2_2cta_h_bz_TNN         0.00%       0.000us         0.00%       0.000us       0.000us     202.719us         0.15%     202.719us       7.797us            26  
void at::native::sbtopk::gatherTopK<float, unsigned ...         0.00%       0.000us         0.00%       0.000us       0.000us     199.772us         0.15%     199.772us       3.842us            52  
               nvjet_sm100_tst_16x64_64x16_4x1_v_bz_TNN         0.00%       0.000us         0.00%       0.000us       0.000us     198.398us         0.15%     198.398us       3.674us            54  
triton_red_fused__softmax_exp_max_prepare_softmax_on...         0.00%       0.000us         0.00%       0.000us       0.000us     167.037us         0.12%     167.037us       3.212us            52  
kernel_cutlass_kernel_flashinfernormkernelsrmsnormRM...         0.00%       0.000us         0.00%       0.000us       0.000us     166.751us         0.12%     166.751us       6.176us            27  
                nvjet_sm100_tst_8x64_64x16_4x1_v_bz_TNN         0.00%       0.000us         0.00%       0.000us       0.000us     162.977us         0.12%     162.977us       3.018us            54  
         nvjet_sm100_tst_128x128_64x8_2x2_2cta_h_bz_TNT         0.00%       0.000us         0.00%       0.000us       0.000us     139.009us         0.10%     139.009us       5.148us            27  
void (anonymous namespace)::fused_rope_kernel<false,...         0.00%       0.000us         0.00%       0.000us       0.000us     134.554us         0.10%     134.554us       2.492us            54  
        nvjet_sm100_tss_32x64_64x16_2x1_v_bz_splitK_TNN         0.00%       0.000us         0.00%       0.000us       0.000us     120.541us         0.09%     120.541us       4.636us            26  
triton_poi_fused__softmax__to_copy_arange_bitwise_no...         0.00%       0.000us         0.00%       0.000us       0.000us     118.269us         0.09%     118.269us       2.274us            52  
                           concat_and_cast_mha_k_kernel         0.00%       0.000us         0.00%       0.000us       0.000us     101.599us         0.08%     101.599us       3.763us            27  
                            triton_poi_fused__to_copy_2         0.00%       0.000us         0.00%       0.000us       0.000us      81.119us         0.06%      81.119us       1.560us            52  
void (anonymous namespace)::set_mla_kv_buffer_kernel...         0.00%       0.000us         0.00%       0.000us       0.000us      74.525us         0.06%      74.525us       2.760us            27  
void cublasLt::splitKreduce_kernel<32, 16, int, floa...         0.00%       0.000us         0.00%       0.000us       0.000us      68.707us         0.05%      68.707us       2.643us            26  
kernel_cutlass_kernel_flashinfernormkernelsrmsnormRM...         0.00%       0.000us         0.00%       0.000us       0.000us      68.352us         0.05%      68.352us       2.532us            27  
void at::native::reduce_kernel<512, 1, at::native::R...         0.00%       0.000us         0.00%       0.000us       0.000us      47.584us         0.04%      47.584us      23.792us             2  
                       triton_poi_fused_copy__mul_sum_0         0.00%       0.000us         0.00%       0.000us       0.000us      41.728us         0.03%      41.728us       1.605us            26  
                         Memcpy HtoD (Pinned -> Device)         0.00%       0.000us         0.00%       0.000us       0.000us      41.188us         0.03%      41.188us       2.423us            17  
                               set_mla_kv_buffer_kernel         0.00%       0.000us         0.00%       0.000us       0.000us      38.655us         0.03%      38.655us       1.432us            27  
         nvjet_sm100_tst_128x256_64x6_2x4_2cta_h_bz_TNT         0.00%       0.000us         0.00%       0.000us       0.000us      33.088us         0.02%      33.088us      33.088us             1  
flashinfer::plan_kernel(int*, int*, int*, int*, int*...         0.00%       0.000us         0.00%       0.000us       0.000us      27.840us         0.02%      27.840us      27.840us             1  
               nvjet_sm100_tst_128x8_64x12_4x1_v_bz_TNT         0.00%       0.000us         0.00%       0.000us       0.000us      23.361us         0.02%      23.361us      11.681us             2  
void at::native::elementwise_kernel<128, 4, at::nati...         0.00%       0.000us         0.00%       0.000us       0.000us      17.696us         0.01%      17.696us       8.848us             2  
                       Memcpy DtoH (Device -> Pageable)         0.00%       0.000us         0.00%       0.000us       0.000us      15.296us         0.01%      15.296us       3.059us             5  
void at::native::elementwise_kernel<128, 4, at::nati...         0.00%       0.000us         0.00%       0.000us       0.000us      14.303us         0.01%      14.303us      14.303us             1  
                       Memcpy HtoD (Pageable -> Device)         0.00%       0.000us         0.00%       0.000us       0.000us      13.696us         0.01%      13.696us       1.370us            10  
void at::native::index_elementwise_kernel<128, 4, at...         0.00%       0.000us         0.00%       0.000us       0.000us      13.152us         0.01%      13.152us       6.576us             2  
void at::native::elementwise_kernel<128, 4, at::nati...         0.00%       0.000us         0.00%       0.000us       0.000us      12.737us         0.01%      12.737us      12.737us             1  
void at::native::unrolled_elementwise_kernel<at::nat...         0.00%       0.000us         0.00%       0.000us       0.000us      11.137us         0.01%      11.137us       2.227us             5  
void at_cuda_detail::cub::detail::scan::DeviceScanKe...         0.00%       0.000us         0.00%       0.000us       0.000us      10.656us         0.01%      10.656us       1.776us             6  
                         write_req_to_token_pool_triton         0.00%       0.000us         0.00%       0.000us       0.000us       8.640us         0.01%       8.640us       4.320us             2  
kernel_cutlass_kernel_flashinfernormkernelsrmsnormRM...         0.00%       0.000us         0.00%       0.000us       0.000us       8.320us         0.01%       8.320us       4.160us             2  
void at::native::unrolled_elementwise_kernel<at::nat...         0.00%       0.000us         0.00%       0.000us       0.000us       7.841us         0.01%       7.841us       3.921us             2  
               nvjet_sm100_tst_32x64_64x16_4x1_v_bz_TNN         0.00%       0.000us         0.00%       0.000us       0.000us       6.752us         0.01%       6.752us       6.752us             1  
void at::native::unrolled_elementwise_kernel<at::nat...         0.00%       0.000us         0.00%       0.000us       0.000us       6.688us         0.00%       6.688us       1.672us             4  
void at_cuda_detail::cub::detail::scan::DeviceScanIn...         0.00%       0.000us         0.00%       0.000us       0.000us       6.559us         0.00%       6.559us       1.093us             6  
void at::native::vectorized_elementwise_kernel<2, at...         0.00%       0.000us         0.00%       0.000us       0.000us       6.272us         0.00%       6.272us       1.568us             4  
                    create_flashinfer_kv_indices_triton         0.00%       0.000us         0.00%       0.000us       0.000us       5.888us         0.00%       5.888us       2.944us             2  
                         Memcpy DtoH (Device -> Pinned)         0.00%       0.000us         0.00%       0.000us       0.000us       5.568us         0.00%       5.568us       2.784us             2  
void at::native::vectorized_gather_kernel<16, long>(...         0.00%       0.000us         0.00%       0.000us       0.000us       5.120us         0.00%       5.120us       5.120us             1  
void at::native::(anonymous namespace)::multi_tensor...         0.00%       0.000us         0.00%       0.000us       0.000us       3.936us         0.00%       3.936us       1.968us             2  
void at::native::unrolled_elementwise_kernel<at::nat...         0.00%       0.000us         0.00%       0.000us       0.000us       3.872us         0.00%       3.872us       1.936us             2  
                                compute_position_kernel         0.00%       0.000us         0.00%       0.000us       0.000us       3.488us         0.00%       3.488us       1.744us             2  
void at::native::unrolled_elementwise_kernel<at::nat...         0.00%       0.000us         0.00%       0.000us       0.000us       2.624us         0.00%       2.624us       1.312us             2  
void at::native::reduce_kernel<512, 1, at::native::R...         0.00%       0.000us         0.00%       0.000us       0.000us       2.560us         0.00%       2.560us       2.560us             1  
void at::native::reduce_kernel<512, 1, at::native::R...         0.00%       0.000us         0.00%       0.000us       0.000us       2.400us         0.00%       2.400us       2.400us             1  
void at::native::vectorized_elementwise_kernel<4, at...         0.00%       0.000us         0.00%       0.000us       0.000us       2.400us         0.00%       2.400us       1.200us             2  
void at::native::(anonymous namespace)::indexSelectS...         0.00%       0.000us         0.00%       0.000us       0.000us       2.240us         0.00%       2.240us       2.240us             1  
triton_poi_fused_add_bitwise_and_bitwise_or_ge_lt_mu...         0.00%       0.000us         0.00%       0.000us       0.000us       1.952us         0.00%       1.952us       1.952us             1  
void at::native::vectorized_elementwise_kernel<8, at...         0.00%       0.000us         0.00%       0.000us       0.000us       1.792us         0.00%       1.792us       1.792us             1  
triton_poi_fused_add_bitwise_and_bitwise_not_bitwise...         0.00%       0.000us         0.00%       0.000us       0.000us       1.600us         0.00%       1.600us       1.600us             1  
triton_poi_fused_bitwise_and_bitwise_not_bitwise_or_...         0.00%       0.000us         0.00%       0.000us       0.000us       1.600us         0.00%       1.600us       1.600us             1  
void at::native::vectorized_elementwise_kernel<8, at...         0.00%       0.000us         0.00%       0.000us       0.000us       1.504us         0.00%       1.504us       1.504us             1  
                                  cudaDeviceSynchronize        19.81%       3.367ms        19.81%       3.367ms     673.401us       0.000us         0.00%       0.000us       0.000us             5  
                                Activity Buffer Request        10.41%       1.770ms        10.41%       1.770ms       1.770ms       0.000us         0.00%       0.000us       0.000us             1  
                               cudaPointerGetAttributes         0.05%       7.790us         0.05%       7.790us       3.895us       0.000us         0.00%       0.000us       0.000us             2  
                                         cudaEventQuery         0.33%      55.647us         0.33%      55.647us       3.478us       0.000us         0.00%       0.000us       0.000us            16  
                                  cudaStreamIsCapturing         0.11%      18.808us         0.11%      18.808us       0.400us       0.000us         0.00%       0.000us       0.000us            47  
                                        cudaMemcpyAsync         7.92%       1.346ms         7.92%       1.346ms       9.349us       0.000us         0.00%       0.000us       0.000us           144  
                               cudaEventRecordWithFlags         0.10%      17.094us         0.10%      17.094us       1.068us       0.000us         0.00%       0.000us       0.000us            16  
                                       cuLaunchKernelEx        19.19%       3.261ms        19.19%       3.261ms       5.711us       0.000us         0.00%       0.000us       0.000us           571  
                                       cudaLaunchKernel        11.90%       2.023ms        11.90%       2.023ms       6.039us       0.000us         0.00%       0.000us       0.000us           335  
                                  cudaStreamSynchronize         0.24%      40.537us         0.24%      40.537us       5.791us       0.000us         0.00%       0.000us       0.000us             7  
                                    cudaPeekAtLastError         0.02%       2.605us         0.02%       2.605us       0.109us       0.000us         0.00%       0.000us       0.000us            24  
cudaOccupancyMaxActiveBlocksPerMultiprocessorWithFla...         0.06%      10.359us         0.06%      10.359us       1.727us       0.000us         0.00%       0.000us       0.000us             6  
                                 cudaDeviceGetAttribute         0.32%      55.127us         0.32%      55.127us       0.904us       0.000us         0.00%       0.000us       0.000us            61  
                                    cudaLaunchKernelExC        21.08%       3.583ms        21.08%       3.583ms       6.042us       0.000us         0.00%       0.000us       0.000us           593  
                                         cuLaunchKernel         5.81%     986.747us         5.81%     986.747us       5.334us       0.000us         0.00%       0.000us       0.000us           185  
                                                INVALID         0.29%      50.019us         0.29%      50.019us       0.463us       0.000us         0.00%       0.000us       0.000us           108  
                                   cudaDriverGetVersion         0.06%      10.141us         0.06%      10.141us       0.094us       0.000us         0.00%       0.000us       0.000us           108  
                                   cudaFuncSetAttribute         1.04%     176.052us         1.04%     176.052us       3.260us       0.000us         0.00%       0.000us       0.000us            54  
                            cudaLaunchCooperativeKernel         1.25%     212.685us         1.25%     212.685us       7.877us       0.000us         0.00%       0.000us       0.000us            27  
-------------------------------------------------------  ------------  ------------  ------------  ------------  ------------  ------------  ------------  ------------  ------------  ------------  
Self CPU time total: 16.994ms
Self CUDA time total: 134.907ms

-------------------------------------------------------  ------------  ------------  ------------  ------------  ------------  ------------  ------------  ------------  ------------  ------------  
                                                   Name    Self CPU %      Self CPU   CPU total %     CPU total  CPU time avg     Self CUDA   Self CUDA %    CUDA total  CUDA time avg    # of Calls  
-------------------------------------------------------  ------------  ------------  ------------  ------------  ------------  ------------  ------------  ------------  ------------  ------------  
void (anonymous namespace)::all_reduce_two_shot_kern...         0.00%       0.000us         0.00%       0.000us       0.000us      42.224ms        31.88%      42.224ms     767.712us            55  
void (anonymous namespace)::all_reduce_one_shot_push...         0.00%       0.000us         0.00%       0.000us       0.000us      39.084ms        29.51%      39.084ms     710.624us            55  
kernel_cutlass_kernel_flashinfernormkernelsfused_add...         0.00%       0.000us         0.00%       0.000us       0.000us      34.253ms        25.86%      34.253ms     317.159us           108  
                                       fused_moe_kernel         0.00%       0.000us         0.00%       0.000us       0.000us       6.061ms         4.58%       6.061ms      58.283us           104  
void cutlass::device_kernel<cutlass::fmha::kernel::S...         0.00%       0.000us         0.00%       0.000us       0.000us       1.946ms         1.47%       1.946ms      72.075us            27  
                               _all_gather_kernel_inner         0.00%       0.000us         0.00%       0.000us       0.000us     771.806us         0.58%     771.806us     385.903us             2  
void flashinfer::mla::BatchMLAPagedAttentionKernel<f...         0.00%       0.000us         0.00%       0.000us       0.000us     679.294us         0.51%     679.294us      25.159us            27  
void (anonymous namespace)::act_and_mul_kernel<__nv_...         0.00%       0.000us         0.00%       0.000us       0.000us     590.457us         0.45%     590.457us       5.677us           104  
                         Memcpy DtoD (Device -> Device)         0.00%       0.000us         0.00%       0.000us       0.000us     532.415us         0.40%     532.415us       4.840us           110  
void moe_sum_reduce_warp_per_token_vec_kernel<8>(c10...         0.00%       0.000us         0.00%       0.000us       0.000us     522.527us         0.39%     522.527us      20.097us            26  
void at::native::sbtopk::gatherTopK<float, unsigned ...         0.00%       0.000us         0.00%       0.000us       0.000us     521.018us         0.39%     521.018us      10.020us            52  
         nvjet_sm100_tst_160x192_64x6_1x2_2cta_h_bz_TNN         0.00%       0.000us         0.00%       0.000us       0.000us     478.845us         0.36%     478.845us       8.867us            54  
         nvjet_sm100_tst_176x128_64x8_2x2_2cta_h_bz_TNN         0.00%       0.000us         0.00%       0.000us       0.000us     337.280us         0.25%     337.280us      12.972us            26  
        nvjet_sm100_tst_32x64_64x16_4x1_v_bz_splitK_TNN         0.00%       0.000us         0.00%       0.000us       0.000us     336.507us         0.25%     336.507us       4.206us            80  
         nvjet_sm100_tst_144x128_64x8_2x2_2cta_h_bz_TNN         0.00%       0.000us         0.00%       0.000us       0.000us     308.543us         0.23%     308.543us      11.428us            27  
void count_and_sort_expert_tokens_kernel<int>(int co...         0.00%       0.000us         0.00%       0.000us       0.000us     305.085us         0.23%     305.085us       5.867us            52  
void moe_align_block_size_kernel<int>(int const*, in...         0.00%       0.000us         0.00%       0.000us       0.000us     277.599us         0.21%     277.599us       5.338us            52  
void cublasLt::splitKreduce_kernel<32, 16, int, floa...         0.00%       0.000us         0.00%       0.000us       0.000us     265.371us         0.20%     265.371us       3.317us            80  
void at::native::vectorized_elementwise_kernel<8, at...         0.00%       0.000us         0.00%       0.000us       0.000us     238.015us         0.18%     238.015us       4.577us            52  
          nvjet_sm100_tst_96x128_64x9_2x2_2cta_h_bz_TNN         0.00%       0.000us         0.00%       0.000us       0.000us     234.079us         0.18%     234.079us       8.670us            27  
void at::native::sbtopk::gatherTopK<float, unsigned ...         0.00%       0.000us         0.00%       0.000us       0.000us     201.054us         0.15%     201.054us       3.866us            52  
          nvjet_sm100_tss_32x64_64x16_2x2_2cta_h_bz_TNN         0.00%       0.000us         0.00%       0.000us       0.000us     200.062us         0.15%     200.062us       7.695us            26  
               nvjet_sm100_tst_16x64_64x16_4x1_v_bz_TNN         0.00%       0.000us         0.00%       0.000us       0.000us     200.034us         0.15%     200.034us       3.704us            54  
kernel_cutlass_kernel_flashinfernormkernelsrmsnormRM...         0.00%       0.000us         0.00%       0.000us       0.000us     167.325us         0.13%     167.325us       6.197us            27  
triton_red_fused__softmax_exp_max_prepare_softmax_on...         0.00%       0.000us         0.00%       0.000us       0.000us     166.558us         0.13%     166.558us       3.203us            52  
                nvjet_sm100_tst_8x64_64x16_4x1_v_bz_TNN         0.00%       0.000us         0.00%       0.000us       0.000us     163.394us         0.12%     163.394us       3.026us            54  
         nvjet_sm100_tst_128x128_64x8_2x2_2cta_h_bz_TNT         0.00%       0.000us         0.00%       0.000us       0.000us     139.165us         0.11%     139.165us       5.154us            27  
void (anonymous namespace)::fused_rope_kernel<false,...         0.00%       0.000us         0.00%       0.000us       0.000us     132.832us         0.10%     132.832us       2.460us            54  
        nvjet_sm100_tss_32x64_64x16_2x1_v_bz_splitK_TNN         0.00%       0.000us         0.00%       0.000us       0.000us     120.446us         0.09%     120.446us       4.633us            26  
triton_poi_fused__softmax__to_copy_arange_bitwise_no...         0.00%       0.000us         0.00%       0.000us       0.000us     118.304us         0.09%     118.304us       2.275us            52  
                           concat_and_cast_mha_k_kernel         0.00%       0.000us         0.00%       0.000us       0.000us     101.315us         0.08%     101.315us       3.752us            27  
                            triton_poi_fused__to_copy_2         0.00%       0.000us         0.00%       0.000us       0.000us      81.598us         0.06%      81.598us       1.569us            52  
void (anonymous namespace)::set_mla_kv_buffer_kernel...         0.00%       0.000us         0.00%       0.000us       0.000us      74.655us         0.06%      74.655us       2.765us            27  
void cublasLt::splitKreduce_kernel<32, 16, int, floa...         0.00%       0.000us         0.00%       0.000us       0.000us      69.919us         0.05%      69.919us       2.689us            26  
kernel_cutlass_kernel_flashinfernormkernelsrmsnormRM...         0.00%       0.000us         0.00%       0.000us       0.000us      68.064us         0.05%      68.064us       2.521us            27  
void at::native::reduce_kernel<512, 1, at::native::R...         0.00%       0.000us         0.00%       0.000us       0.000us      48.031us         0.04%      48.031us      24.015us             2  
                         Memcpy HtoD (Pinned -> Device)         0.00%       0.000us         0.00%       0.000us       0.000us      42.783us         0.03%      42.783us       2.517us            17  
                       triton_poi_fused_copy__mul_sum_0         0.00%       0.000us         0.00%       0.000us       0.000us      41.792us         0.03%      41.792us       1.607us            26  
                               set_mla_kv_buffer_kernel         0.00%       0.000us         0.00%       0.000us       0.000us      39.232us         0.03%      39.232us       1.453us            27  
         nvjet_sm100_tst_128x256_64x6_2x4_2cta_h_bz_TNT         0.00%       0.000us         0.00%       0.000us       0.000us      32.608us         0.02%      32.608us      32.608us             1  
flashinfer::plan_kernel(int*, int*, int*, int*, int*...         0.00%       0.000us         0.00%       0.000us       0.000us      27.840us         0.02%      27.840us      27.840us             1  
               nvjet_sm100_tst_128x8_64x12_4x1_v_bz_TNT         0.00%       0.000us         0.00%       0.000us       0.000us      23.424us         0.02%      23.424us      11.712us             2  
void at::native::elementwise_kernel<128, 4, at::nati...         0.00%       0.000us         0.00%       0.000us       0.000us      17.600us         0.01%      17.600us       8.800us             2  
                       Memcpy DtoH (Device -> Pageable)         0.00%       0.000us         0.00%       0.000us       0.000us      16.129us         0.01%      16.129us       3.226us             5  
void at::native::elementwise_kernel<128, 4, at::nati...         0.00%       0.000us         0.00%       0.000us       0.000us      14.400us         0.01%      14.400us      14.400us             1  
                       Memcpy HtoD (Pageable -> Device)         0.00%       0.000us         0.00%       0.000us       0.000us      14.176us         0.01%      14.176us       1.418us            10  
void at::native::index_elementwise_kernel<128, 4, at...         0.00%       0.000us         0.00%       0.000us       0.000us      13.184us         0.01%      13.184us       6.592us             2  
void at::native::elementwise_kernel<128, 4, at::nati...         0.00%       0.000us         0.00%       0.000us       0.000us      12.640us         0.01%      12.640us      12.640us             1  
void at::native::unrolled_elementwise_kernel<at::nat...         0.00%       0.000us         0.00%       0.000us       0.000us      11.391us         0.01%      11.391us       2.278us             5  
void at_cuda_detail::cub::detail::scan::DeviceScanKe...         0.00%       0.000us         0.00%       0.000us       0.000us      10.943us         0.01%      10.943us       1.824us             6  
kernel_cutlass_kernel_flashinfernormkernelsrmsnormRM...         0.00%       0.000us         0.00%       0.000us       0.000us       8.608us         0.01%       8.608us       4.304us             2  
                         write_req_to_token_pool_triton         0.00%       0.000us         0.00%       0.000us       0.000us       8.576us         0.01%       8.576us       4.288us             2  
void at::native::unrolled_elementwise_kernel<at::nat...         0.00%       0.000us         0.00%       0.000us       0.000us       7.648us         0.01%       7.648us       3.824us             2  
void at::native::unrolled_elementwise_kernel<at::nat...         0.00%       0.000us         0.00%       0.000us       0.000us       6.719us         0.01%       6.719us       1.680us             4  
               nvjet_sm100_tst_32x64_64x16_4x1_v_bz_TNN         0.00%       0.000us         0.00%       0.000us       0.000us       6.689us         0.01%       6.689us       6.689us             1  
void at_cuda_detail::cub::detail::scan::DeviceScanIn...         0.00%       0.000us         0.00%       0.000us       0.000us       6.656us         0.01%       6.656us       1.109us             6  
void at::native::vectorized_elementwise_kernel<2, at...         0.00%       0.000us         0.00%       0.000us       0.000us       6.273us         0.00%       6.273us       1.568us             4  
                    create_flashinfer_kv_indices_triton         0.00%       0.000us         0.00%       0.000us       0.000us       6.048us         0.00%       6.048us       3.024us             2  
                         Memcpy DtoH (Device -> Pinned)         0.00%       0.000us         0.00%       0.000us       0.000us       5.760us         0.00%       5.760us       2.880us             2  
void at::native::vectorized_gather_kernel<16, long>(...         0.00%       0.000us         0.00%       0.000us       0.000us       5.089us         0.00%       5.089us       5.089us             1  
void at::native::unrolled_elementwise_kernel<at::nat...         0.00%       0.000us         0.00%       0.000us       0.000us       3.936us         0.00%       3.936us       1.968us             2  
void at::native::(anonymous namespace)::multi_tensor...         0.00%       0.000us         0.00%       0.000us       0.000us       3.936us         0.00%       3.936us       1.968us             2  
                                compute_position_kernel         0.00%       0.000us         0.00%       0.000us       0.000us       3.456us         0.00%       3.456us       1.728us             2  
void at::native::unrolled_elementwise_kernel<at::nat...         0.00%       0.000us         0.00%       0.000us       0.000us       2.656us         0.00%       2.656us       1.328us             2  
void at::native::reduce_kernel<512, 1, at::native::R...         0.00%       0.000us         0.00%       0.000us       0.000us       2.624us         0.00%       2.624us       2.624us             1  
void at::native::reduce_kernel<512, 1, at::native::R...         0.00%       0.000us         0.00%       0.000us       0.000us       2.464us         0.00%       2.464us       2.464us             1  
void at::native::(anonymous namespace)::indexSelectS...         0.00%       0.000us         0.00%       0.000us       0.000us       2.432us         0.00%       2.432us       2.432us             1  
void at::native::vectorized_elementwise_kernel<4, at...         0.00%       0.000us         0.00%       0.000us       0.000us       2.368us         0.00%       2.368us       1.184us             2  
triton_poi_fused_add_bitwise_and_bitwise_or_ge_lt_mu...         0.00%       0.000us         0.00%       0.000us       0.000us       1.984us         0.00%       1.984us       1.984us             1  
void at::native::vectorized_elementwise_kernel<8, at...         0.00%       0.000us         0.00%       0.000us       0.000us       1.824us         0.00%       1.824us       1.824us             1  
triton_poi_fused_add_bitwise_and_bitwise_not_bitwise...         0.00%       0.000us         0.00%       0.000us       0.000us       1.632us         0.00%       1.632us       1.632us             1  
triton_poi_fused_bitwise_and_bitwise_not_bitwise_or_...         0.00%       0.000us         0.00%       0.000us       0.000us       1.632us         0.00%       1.632us       1.632us             1  
void at::native::vectorized_elementwise_kernel<8, at...         0.00%       0.000us         0.00%       0.000us       0.000us       1.504us         0.00%       1.504us       1.504us             1  
                                  cudaDeviceSynchronize        18.57%       3.093ms        18.57%       3.093ms     618.639us       0.000us         0.00%       0.000us       0.000us             5  
                                Activity Buffer Request        10.50%       1.750ms        10.50%       1.750ms       1.750ms       0.000us         0.00%       0.000us       0.000us             1  
                               cudaPointerGetAttributes         0.04%       7.482us         0.04%       7.482us       3.741us       0.000us         0.00%       0.000us       0.000us             2  
                                         cudaEventQuery         0.32%      53.027us         0.32%      53.027us       3.314us       0.000us         0.00%       0.000us       0.000us            16  
                                  cudaStreamIsCapturing         0.11%      18.663us         0.11%      18.663us       0.397us       0.000us         0.00%       0.000us       0.000us            47  
                                        cudaMemcpyAsync         8.22%       1.370ms         8.22%       1.370ms       9.511us       0.000us         0.00%       0.000us       0.000us           144  
                               cudaEventRecordWithFlags         0.11%      18.812us         0.11%      18.812us       1.176us       0.000us         0.00%       0.000us       0.000us            16  
                                       cuLaunchKernelEx        19.21%       3.200ms        19.21%       3.200ms       5.605us       0.000us         0.00%       0.000us       0.000us           571  
                                       cudaLaunchKernel        12.40%       2.066ms        12.40%       2.066ms       6.167us       0.000us         0.00%       0.000us       0.000us           335  
                                  cudaStreamSynchronize         0.23%      38.622us         0.23%      38.622us       5.517us       0.000us         0.00%       0.000us       0.000us             7  
                                    cudaPeekAtLastError         0.02%       2.665us         0.02%       2.665us       0.111us       0.000us         0.00%       0.000us       0.000us            24  
cudaOccupancyMaxActiveBlocksPerMultiprocessorWithFla...         0.06%      10.162us         0.06%      10.162us       1.694us       0.000us         0.00%       0.000us       0.000us             6  
                                 cudaDeviceGetAttribute         0.34%      56.724us         0.34%      56.724us       0.930us       0.000us         0.00%       0.000us       0.000us            61  
                                    cudaLaunchKernelExC        21.26%       3.542ms        21.26%       3.542ms       5.974us       0.000us         0.00%       0.000us       0.000us           593  
                                         cuLaunchKernel         5.93%     988.736us         5.93%     988.736us       5.345us       0.000us         0.00%       0.000us       0.000us           185  
                                                INVALID         0.30%      49.521us         0.30%      49.521us       0.459us       0.000us         0.00%       0.000us       0.000us           108  
                                   cudaDriverGetVersion         0.06%      10.189us         0.06%      10.189us       0.094us       0.000us         0.00%       0.000us       0.000us           108  
                                   cudaFuncSetAttribute         1.01%     168.121us         1.01%     168.121us       3.113us       0.000us         0.00%       0.000us       0.000us            54  
                            cudaLaunchCooperativeKernel         1.30%     215.764us         1.30%     215.764us       7.991us       0.000us         0.00%       0.000us       0.000us            27  
-------------------------------------------------------  ------------  ------------  ------------  ------------  ------------  ------------  ------------  ------------  ------------  ------------  
Self CPU time total: 16.660ms
Self CUDA time total: 132.439ms

-------------------------------------------------------  ------------  ------------  ------------  ------------  ------------  ------------  ------------  ------------  ------------  ------------  
                                                   Name    Self CPU %      Self CPU   CPU total %     CPU total  CPU time avg     Self CUDA   Self CUDA %    CUDA total  CUDA time avg    # of Calls  
-------------------------------------------------------  ------------  ------------  ------------  ------------  ------------  ------------  ------------  ------------  ------------  ------------  
void (anonymous namespace)::all_reduce_two_shot_kern...         0.00%       0.000us         0.00%       0.000us       0.000us      40.882ms        38.75%      40.882ms     743.309us            55  
void (anonymous namespace)::all_reduce_one_shot_push...         0.00%       0.000us         0.00%       0.000us       0.000us      26.776ms        25.38%      26.776ms     486.827us            55  
kernel_cutlass_kernel_flashinfernormkernelsfused_add...         0.00%       0.000us         0.00%       0.000us       0.000us      20.972ms        19.88%      20.972ms     194.189us           108  
                                       fused_moe_kernel         0.00%       0.000us         0.00%       0.000us       0.000us       6.060ms         5.74%       6.060ms      58.273us           104  
void cutlass::device_kernel<cutlass::fmha::kernel::S...         0.00%       0.000us         0.00%       0.000us       0.000us       1.949ms         1.85%       1.949ms      72.190us            27  
                               _all_gather_kernel_inner         0.00%       0.000us         0.00%       0.000us       0.000us     767.390us         0.73%     767.390us     383.695us             2  
void flashinfer::mla::BatchMLAPagedAttentionKernel<f...         0.00%       0.000us         0.00%       0.000us       0.000us     703.808us         0.67%     703.808us      26.067us            27  
void (anonymous namespace)::act_and_mul_kernel<__nv_...         0.00%       0.000us         0.00%       0.000us       0.000us     592.922us         0.56%     592.922us       5.701us           104  
                         Memcpy DtoD (Device -> Device)         0.00%       0.000us         0.00%       0.000us       0.000us     533.594us         0.51%     533.594us       4.851us           110  
void moe_sum_reduce_warp_per_token_vec_kernel<8>(c10...         0.00%       0.000us         0.00%       0.000us       0.000us     523.741us         0.50%     523.741us      20.144us            26  
void at::native::sbtopk::gatherTopK<float, unsigned ...         0.00%       0.000us         0.00%       0.000us       0.000us     519.968us         0.49%     519.968us       9.999us            52  
         nvjet_sm100_tst_160x192_64x6_1x2_2cta_h_bz_TNN         0.00%       0.000us         0.00%       0.000us       0.000us     472.642us         0.45%     472.642us       8.753us            54  
         nvjet_sm100_tst_176x128_64x8_2x2_2cta_h_bz_TNN         0.00%       0.000us         0.00%       0.000us       0.000us     343.840us         0.33%     343.840us      13.225us            26  
        nvjet_sm100_tst_32x64_64x16_4x1_v_bz_splitK_TNN         0.00%       0.000us         0.00%       0.000us       0.000us     342.469us         0.32%     342.469us       4.281us            80  
void count_and_sort_expert_tokens_kernel<int>(int co...         0.00%       0.000us         0.00%       0.000us       0.000us     306.974us         0.29%     306.974us       5.903us            52  
         nvjet_sm100_tst_144x128_64x8_2x2_2cta_h_bz_TNN         0.00%       0.000us         0.00%       0.000us       0.000us     306.241us         0.29%     306.241us      11.342us            27  
void moe_align_block_size_kernel<int>(int const*, in...         0.00%       0.000us         0.00%       0.000us       0.000us     283.935us         0.27%     283.935us       5.460us            52  
void cublasLt::splitKreduce_kernel<32, 16, int, floa...         0.00%       0.000us         0.00%       0.000us       0.000us     259.802us         0.25%     259.802us       3.248us            80  
void at::native::vectorized_elementwise_kernel<8, at...         0.00%       0.000us         0.00%       0.000us       0.000us     239.101us         0.23%     239.101us       4.598us            52  
          nvjet_sm100_tst_96x128_64x9_2x2_2cta_h_bz_TNN         0.00%       0.000us         0.00%       0.000us       0.000us     232.380us         0.22%     232.380us       8.607us            27  
void at::native::sbtopk::gatherTopK<float, unsigned ...         0.00%       0.000us         0.00%       0.000us       0.000us     204.543us         0.19%     204.543us       3.934us            52  
          nvjet_sm100_tss_32x64_64x16_2x2_2cta_h_bz_TNN         0.00%       0.000us         0.00%       0.000us       0.000us     198.497us         0.19%     198.497us       7.634us            26  
               nvjet_sm100_tst_16x64_64x16_4x1_v_bz_TNN         0.00%       0.000us         0.00%       0.000us       0.000us     192.222us         0.18%     192.222us       3.560us            54  
triton_red_fused__softmax_exp_max_prepare_softmax_on...         0.00%       0.000us         0.00%       0.000us       0.000us     167.839us         0.16%     167.839us       3.228us            52  
kernel_cutlass_kernel_flashinfernormkernelsrmsnormRM...         0.00%       0.000us         0.00%       0.000us       0.000us     166.878us         0.16%     166.878us       6.181us            27  
                nvjet_sm100_tst_8x64_64x16_4x1_v_bz_TNN         0.00%       0.000us         0.00%       0.000us       0.000us     162.753us         0.15%     162.753us       3.014us            54  
         nvjet_sm100_tst_128x128_64x8_2x2_2cta_h_bz_TNT         0.00%       0.000us         0.00%       0.000us       0.000us     140.031us         0.13%     140.031us       5.186us            27  
void (anonymous namespace)::fused_rope_kernel<false,...         0.00%       0.000us         0.00%       0.000us       0.000us     130.657us         0.12%     130.657us       2.420us            54  
triton_poi_fused__softmax__to_copy_arange_bitwise_no...         0.00%       0.000us         0.00%       0.000us       0.000us     115.743us         0.11%     115.743us       2.226us            52  
        nvjet_sm100_tss_32x64_64x16_2x1_v_bz_splitK_TNN         0.00%       0.000us         0.00%       0.000us       0.000us     111.488us         0.11%     111.488us       4.288us            26  
                           concat_and_cast_mha_k_kernel         0.00%       0.000us         0.00%       0.000us       0.000us      99.932us         0.09%      99.932us       3.701us            27  
                            triton_poi_fused__to_copy_2         0.00%       0.000us         0.00%       0.000us       0.000us      85.630us         0.08%      85.630us       1.647us            52  
void (anonymous namespace)::set_mla_kv_buffer_kernel...         0.00%       0.000us         0.00%       0.000us       0.000us      73.786us         0.07%      73.786us       2.733us            27  
void cublasLt::splitKreduce_kernel<32, 16, int, floa...         0.00%       0.000us         0.00%       0.000us       0.000us      63.521us         0.06%      63.521us       2.443us            26  
kernel_cutlass_kernel_flashinfernormkernelsrmsnormRM...         0.00%       0.000us         0.00%       0.000us       0.000us      62.428us         0.06%      62.428us       2.312us            27  
void at::native::reduce_kernel<512, 1, at::native::R...         0.00%       0.000us         0.00%       0.000us       0.000us      48.063us         0.05%      48.063us      24.032us             2  
                         Memcpy HtoD (Pinned -> Device)         0.00%       0.000us         0.00%       0.000us       0.000us      43.008us         0.04%      43.008us       2.530us            17  
                       triton_poi_fused_copy__mul_sum_0         0.00%       0.000us         0.00%       0.000us       0.000us      41.248us         0.04%      41.248us       1.586us            26  
                               set_mla_kv_buffer_kernel         0.00%       0.000us         0.00%       0.000us       0.000us      40.353us         0.04%      40.353us       1.495us            27  
         nvjet_sm100_tst_128x256_64x6_2x4_2cta_h_bz_TNT         0.00%       0.000us         0.00%       0.000us       0.000us      33.632us         0.03%      33.632us      33.632us             1  
flashinfer::plan_kernel(int*, int*, int*, int*, int*...         0.00%       0.000us         0.00%       0.000us       0.000us      27.904us         0.03%      27.904us      27.904us             1  
               nvjet_sm100_tst_128x8_64x12_4x1_v_bz_TNT         0.00%       0.000us         0.00%       0.000us       0.000us      23.648us         0.02%      23.648us      11.824us             2  
void at::native::elementwise_kernel<128, 4, at::nati...         0.00%       0.000us         0.00%       0.000us       0.000us      17.632us         0.02%      17.632us       8.816us             2  
                       Memcpy DtoH (Device -> Pageable)         0.00%       0.000us         0.00%       0.000us       0.000us      15.072us         0.01%      15.072us       3.014us             5  
                       Memcpy HtoD (Pageable -> Device)         0.00%       0.000us         0.00%       0.000us       0.000us      14.496us         0.01%      14.496us       1.450us            10  
void at::native::elementwise_kernel<128, 4, at::nati...         0.00%       0.000us         0.00%       0.000us       0.000us      14.271us         0.01%      14.271us      14.271us             1  
void at::native::index_elementwise_kernel<128, 4, at...         0.00%       0.000us         0.00%       0.000us       0.000us      13.376us         0.01%      13.376us       6.688us             2  
void at::native::elementwise_kernel<128, 4, at::nati...         0.00%       0.000us         0.00%       0.000us       0.000us      12.735us         0.01%      12.735us      12.735us             1  
void at::native::unrolled_elementwise_kernel<at::nat...         0.00%       0.000us         0.00%       0.000us       0.000us      11.616us         0.01%      11.616us       2.323us             5  
void at_cuda_detail::cub::detail::scan::DeviceScanKe...         0.00%       0.000us         0.00%       0.000us       0.000us      11.008us         0.01%      11.008us       1.835us             6  
                         write_req_to_token_pool_triton         0.00%       0.000us         0.00%       0.000us       0.000us       8.960us         0.01%       8.960us       4.480us             2  
kernel_cutlass_kernel_flashinfernormkernelsrmsnormRM...         0.00%       0.000us         0.00%       0.000us       0.000us       8.479us         0.01%       8.479us       4.239us             2  
void at::native::unrolled_elementwise_kernel<at::nat...         0.00%       0.000us         0.00%       0.000us       0.000us       7.680us         0.01%       7.680us       3.840us             2  
               nvjet_sm100_tst_32x64_64x16_4x1_v_bz_TNN         0.00%       0.000us         0.00%       0.000us       0.000us       7.040us         0.01%       7.040us       7.040us             1  
void at_cuda_detail::cub::detail::scan::DeviceScanIn...         0.00%       0.000us         0.00%       0.000us       0.000us       6.880us         0.01%       6.880us       1.147us             6  
void at::native::unrolled_elementwise_kernel<at::nat...         0.00%       0.000us         0.00%       0.000us       0.000us       6.657us         0.01%       6.657us       1.664us             4  
void at::native::vectorized_elementwise_kernel<2, at...         0.00%       0.000us         0.00%       0.000us       0.000us       6.399us         0.01%       6.399us       1.600us             4  
                         Memcpy DtoH (Device -> Pinned)         0.00%       0.000us         0.00%       0.000us       0.000us       6.272us         0.01%       6.272us       3.136us             2  
                    create_flashinfer_kv_indices_triton         0.00%       0.000us         0.00%       0.000us       0.000us       6.143us         0.01%       6.143us       3.072us             2  
void at::native::vectorized_gather_kernel<16, long>(...         0.00%       0.000us         0.00%       0.000us       0.000us       5.280us         0.01%       5.280us       5.280us             1  
void at::native::unrolled_elementwise_kernel<at::nat...         0.00%       0.000us         0.00%       0.000us       0.000us       4.160us         0.00%       4.160us       2.080us             2  
void at::native::(anonymous namespace)::multi_tensor...         0.00%       0.000us         0.00%       0.000us       0.000us       4.064us         0.00%       4.064us       2.032us             2  
                                compute_position_kernel         0.00%       0.000us         0.00%       0.000us       0.000us       3.679us         0.00%       3.679us       1.840us             2  
void at::native::reduce_kernel<512, 1, at::native::R...         0.00%       0.000us         0.00%       0.000us       0.000us       2.880us         0.00%       2.880us       2.880us             1  
void at::native::unrolled_elementwise_kernel<at::nat...         0.00%       0.000us         0.00%       0.000us       0.000us       2.623us         0.00%       2.623us       1.312us             2  
void at::native::reduce_kernel<512, 1, at::native::R...         0.00%       0.000us         0.00%       0.000us       0.000us       2.528us         0.00%       2.528us       2.528us             1  
void at::native::vectorized_elementwise_kernel<4, at...         0.00%       0.000us         0.00%       0.000us       0.000us       2.368us         0.00%       2.368us       1.184us             2  
void at::native::(anonymous namespace)::indexSelectS...         0.00%       0.000us         0.00%       0.000us       0.000us       2.208us         0.00%       2.208us       2.208us             1  
triton_poi_fused_add_bitwise_and_bitwise_or_ge_lt_mu...         0.00%       0.000us         0.00%       0.000us       0.000us       1.920us         0.00%       1.920us       1.920us             1  
triton_poi_fused_add_bitwise_and_bitwise_not_bitwise...         0.00%       0.000us         0.00%       0.000us       0.000us       1.728us         0.00%       1.728us       1.728us             1  
void at::native::vectorized_elementwise_kernel<8, at...         0.00%       0.000us         0.00%       0.000us       0.000us       1.728us         0.00%       1.728us       1.728us             1  
triton_poi_fused_bitwise_and_bitwise_not_bitwise_or_...         0.00%       0.000us         0.00%       0.000us       0.000us       1.600us         0.00%       1.600us       1.600us             1  
void at::native::vectorized_elementwise_kernel<8, at...         0.00%       0.000us         0.00%       0.000us       0.000us       1.504us         0.00%       1.504us       1.504us             1  
                                  cudaDeviceSynchronize        12.30%       1.973ms        12.30%       1.973ms     394.503us       0.000us         0.00%       0.000us       0.000us             5  
                                Activity Buffer Request        11.06%       1.773ms        11.06%       1.773ms       1.773ms       0.000us         0.00%       0.000us       0.000us             1  
                               cudaPointerGetAttributes         0.06%       9.863us         0.06%       9.863us       4.931us       0.000us         0.00%       0.000us       0.000us             2  
                                         cudaEventQuery         0.36%      57.759us         0.36%      57.759us       3.610us       0.000us         0.00%       0.000us       0.000us            16  
                                  cudaStreamIsCapturing         0.13%      21.058us         0.13%      21.058us       0.448us       0.000us         0.00%       0.000us       0.000us            47  
                                        cudaMemcpyAsync         8.69%       1.393ms         8.69%       1.393ms       9.673us       0.000us         0.00%       0.000us       0.000us           144  
                               cudaEventRecordWithFlags         0.10%      16.597us         0.10%      16.597us       1.037us       0.000us         0.00%       0.000us       0.000us            16  
                                       cuLaunchKernelEx        21.13%       3.387ms        21.13%       3.387ms       5.932us       0.000us         0.00%       0.000us       0.000us           571  
                                       cudaLaunchKernel        13.54%       2.171ms        13.54%       2.171ms       6.481us       0.000us         0.00%       0.000us       0.000us           335  
                                  cudaStreamSynchronize         0.27%      43.379us         0.27%      43.379us       6.197us       0.000us         0.00%       0.000us       0.000us             7  
                                    cudaPeekAtLastError         0.02%       2.545us         0.02%       2.545us       0.106us       0.000us         0.00%       0.000us       0.000us            24  
cudaOccupancyMaxActiveBlocksPerMultiprocessorWithFla...         0.07%      10.873us         0.07%      10.873us       1.812us       0.000us         0.00%       0.000us       0.000us             6  
                                 cudaDeviceGetAttribute         0.34%      53.842us         0.34%      53.842us       0.883us       0.000us         0.00%       0.000us       0.000us            61  
                                    cudaLaunchKernelExC        22.83%       3.660ms        22.83%       3.660ms       6.172us       0.000us         0.00%       0.000us       0.000us           593  
                                         cuLaunchKernel         6.30%       1.011ms         6.30%       1.011ms       5.463us       0.000us         0.00%       0.000us       0.000us           185  
                                                INVALID         0.31%      49.810us         0.31%      49.810us       0.461us       0.000us         0.00%       0.000us       0.000us           108  
                                   cudaDriverGetVersion         0.06%      10.139us         0.06%      10.139us       0.094us       0.000us         0.00%       0.000us       0.000us           108  
                                   cudaFuncSetAttribute         1.12%     180.368us         1.12%     180.368us       3.340us       0.000us         0.00%       0.000us       0.000us            54  
                            cudaLaunchCooperativeKernel         1.30%     208.676us         1.30%     208.676us       7.729us       0.000us         0.00%       0.000us       0.000us            27  
-------------------------------------------------------  ------------  ------------  ------------  ------------  ------------  ------------  ------------  ------------  ------------  ------------  
Self CPU time total: 16.033ms
Self CUDA time total: 105.515ms

-------------------------------------------------------  ------------  ------------  ------------  ------------  ------------  ------------  ------------  ------------  ------------  ------------  
                                                   Name    Self CPU %      Self CPU   CPU total %     CPU total  CPU time avg     Self CUDA   Self CUDA %    CUDA total  CUDA time avg    # of Calls  
-------------------------------------------------------  ------------  ------------  ------------  ------------  ------------  ------------  ------------  ------------  ------------  ------------  
void (anonymous namespace)::all_reduce_two_shot_kern...         0.00%       0.000us         0.00%       0.000us       0.000us      36.343ms        65.97%      36.343ms     660.789us            55  
                                       fused_moe_kernel         0.00%       0.000us         0.00%       0.000us       0.000us       6.058ms        11.00%       6.058ms      58.253us           104  
void cutlass::device_kernel<cutlass::fmha::kernel::S...         0.00%       0.000us         0.00%       0.000us       0.000us       1.950ms         3.54%       1.950ms      72.216us            27  
void (anonymous namespace)::all_reduce_one_shot_push...         0.00%       0.000us         0.00%       0.000us       0.000us       1.240ms         2.25%       1.240ms      22.548us            55  
kernel_cutlass_kernel_flashinfernormkernelsfused_add...         0.00%       0.000us         0.00%       0.000us       0.000us       1.091ms         1.98%       1.091ms      10.100us           108  
void flashinfer::mla::BatchMLAPagedAttentionKernel<f...         0.00%       0.000us         0.00%       0.000us       0.000us     670.335us         1.22%     670.335us      24.827us            27  
void (anonymous namespace)::act_and_mul_kernel<__nv_...         0.00%       0.000us         0.00%       0.000us       0.000us     593.948us         1.08%     593.948us       5.711us           104  
                         Memcpy DtoD (Device -> Device)         0.00%       0.000us         0.00%       0.000us       0.000us     536.613us         0.97%     536.613us       4.878us           110  
void at::native::sbtopk::gatherTopK<float, unsigned ...         0.00%       0.000us         0.00%       0.000us       0.000us     524.003us         0.95%     524.003us      10.077us            52  
void moe_sum_reduce_warp_per_token_vec_kernel<8>(c10...         0.00%       0.000us         0.00%       0.000us       0.000us     521.856us         0.95%     521.856us      20.071us            26  
         nvjet_sm100_tst_160x192_64x6_1x2_2cta_h_bz_TNN         0.00%       0.000us         0.00%       0.000us       0.000us     475.871us         0.86%     475.871us       8.812us            54  
                               _all_gather_kernel_inner         0.00%       0.000us         0.00%       0.000us       0.000us     373.855us         0.68%     373.855us     186.927us             2  
         nvjet_sm100_tst_176x128_64x8_2x2_2cta_h_bz_TNN         0.00%       0.000us         0.00%       0.000us       0.000us     334.175us         0.61%     334.175us      12.853us            26  
        nvjet_sm100_tst_32x64_64x16_4x1_v_bz_splitK_TNN         0.00%       0.000us         0.00%       0.000us       0.000us     324.990us         0.59%     324.990us       4.062us            80  
void count_and_sort_expert_tokens_kernel<int>(int co...         0.00%       0.000us         0.00%       0.000us       0.000us     316.226us         0.57%     316.226us       6.081us            52  
         nvjet_sm100_tst_144x128_64x8_2x2_2cta_h_bz_TNN         0.00%       0.000us         0.00%       0.000us       0.000us     303.270us         0.55%     303.270us      11.232us            27  
void moe_align_block_size_kernel<int>(int const*, in...         0.00%       0.000us         0.00%       0.000us       0.000us     297.501us         0.54%     297.501us       5.721us            52  
void at::native::vectorized_elementwise_kernel<8, at...         0.00%       0.000us         0.00%       0.000us       0.000us     249.407us         0.45%     249.407us       4.796us            52  
          nvjet_sm100_tst_96x128_64x9_2x2_2cta_h_bz_TNN         0.00%       0.000us         0.00%       0.000us       0.000us     229.179us         0.42%     229.179us       8.488us            27  
void at::native::sbtopk::gatherTopK<float, unsigned ...         0.00%       0.000us         0.00%       0.000us       0.000us     224.189us         0.41%     224.189us       4.311us            52  
          nvjet_sm100_tss_32x64_64x16_2x2_2cta_h_bz_TNN         0.00%       0.000us         0.00%       0.000us       0.000us     196.861us         0.36%     196.861us       7.572us            26  
void cublasLt::splitKreduce_kernel<32, 16, int, floa...         0.00%       0.000us         0.00%       0.000us       0.000us     192.452us         0.35%     192.452us       2.406us            80  
               nvjet_sm100_tst_16x64_64x16_4x1_v_bz_TNN         0.00%       0.000us         0.00%       0.000us       0.000us     180.896us         0.33%     180.896us       3.350us            54  
triton_red_fused__softmax_exp_max_prepare_softmax_on...         0.00%       0.000us         0.00%       0.000us       0.000us     172.090us         0.31%     172.090us       3.309us            52  
kernel_cutlass_kernel_flashinfernormkernelsrmsnormRM...         0.00%       0.000us         0.00%       0.000us       0.000us     165.121us         0.30%     165.121us       6.116us            27  
                nvjet_sm100_tst_8x64_64x16_4x1_v_bz_TNN         0.00%       0.000us         0.00%       0.000us       0.000us     158.049us         0.29%     158.049us       2.927us            54  
         nvjet_sm100_tst_128x128_64x8_2x2_2cta_h_bz_TNT         0.00%       0.000us         0.00%       0.000us       0.000us     141.087us         0.26%     141.087us       5.225us            27  
void (anonymous namespace)::fused_rope_kernel<false,...         0.00%       0.000us         0.00%       0.000us       0.000us     134.434us         0.24%     134.434us       2.490us            54  
triton_poi_fused__softmax__to_copy_arange_bitwise_no...         0.00%       0.000us         0.00%       0.000us       0.000us     128.705us         0.23%     128.705us       2.475us            52  
                           concat_and_cast_mha_k_kernel         0.00%       0.000us         0.00%       0.000us       0.000us     102.271us         0.19%     102.271us       3.788us            27  
        nvjet_sm100_tss_32x64_64x16_2x1_v_bz_splitK_TNN         0.00%       0.000us         0.00%       0.000us       0.000us     100.224us         0.18%     100.224us       3.855us            26  
                            triton_poi_fused__to_copy_2         0.00%       0.000us         0.00%       0.000us       0.000us      93.469us         0.17%      93.469us       1.797us            52  
void (anonymous namespace)::set_mla_kv_buffer_kernel...         0.00%       0.000us         0.00%       0.000us       0.000us      74.715us         0.14%      74.715us       2.767us            27  
void cublasLt::splitKreduce_kernel<32, 16, int, floa...         0.00%       0.000us         0.00%       0.000us       0.000us      57.984us         0.11%      57.984us       2.230us            26  
kernel_cutlass_kernel_flashinfernormkernelsrmsnormRM...         0.00%       0.000us         0.00%       0.000us       0.000us      57.438us         0.10%      57.438us       2.127us            27  
void at::native::reduce_kernel<512, 1, at::native::R...         0.00%       0.000us         0.00%       0.000us       0.000us      48.607us         0.09%      48.607us      24.303us             2  
                       triton_poi_fused_copy__mul_sum_0         0.00%       0.000us         0.00%       0.000us       0.000us      44.959us         0.08%      44.959us       1.729us            26  
                               set_mla_kv_buffer_kernel         0.00%       0.000us         0.00%       0.000us       0.000us      44.029us         0.08%      44.029us       1.631us            27  
         nvjet_sm100_tst_128x256_64x6_2x4_2cta_h_bz_TNT         0.00%       0.000us         0.00%       0.000us       0.000us      33.248us         0.06%      33.248us      33.248us             1  
                         Memcpy HtoD (Pinned -> Device)         0.00%       0.000us         0.00%       0.000us       0.000us      31.234us         0.06%      31.234us       1.837us            17  
flashinfer::plan_kernel(int*, int*, int*, int*, int*...         0.00%       0.000us         0.00%       0.000us       0.000us      28.608us         0.05%      28.608us      28.608us             1  
               nvjet_sm100_tst_128x8_64x12_4x1_v_bz_TNT         0.00%       0.000us         0.00%       0.000us       0.000us      23.584us         0.04%      23.584us      11.792us             2  
void at::native::elementwise_kernel<128, 4, at::nati...         0.00%       0.000us         0.00%       0.000us       0.000us      17.888us         0.03%      17.888us       8.944us             2  
                       Memcpy DtoH (Device -> Pageable)         0.00%       0.000us         0.00%       0.000us       0.000us      15.294us         0.03%      15.294us       3.059us             5  
void at::native::index_elementwise_kernel<128, 4, at...         0.00%       0.000us         0.00%       0.000us       0.000us      15.040us         0.03%      15.040us       7.520us             2  
void at::native::elementwise_kernel<128, 4, at::nati...         0.00%       0.000us         0.00%       0.000us       0.000us      14.464us         0.03%      14.464us      14.464us             1  
void at::native::elementwise_kernel<128, 4, at::nati...         0.00%       0.000us         0.00%       0.000us       0.000us      12.768us         0.02%      12.768us      12.768us             1  
void at_cuda_detail::cub::detail::scan::DeviceScanKe...         0.00%       0.000us         0.00%       0.000us       0.000us      12.417us         0.02%      12.417us       2.069us             6  
void at::native::unrolled_elementwise_kernel<at::nat...         0.00%       0.000us         0.00%       0.000us       0.000us      12.127us         0.02%      12.127us       2.425us             5  
                       Memcpy HtoD (Pageable -> Device)         0.00%       0.000us         0.00%       0.000us       0.000us      10.080us         0.02%      10.080us       1.008us            10  
void at_cuda_detail::cub::detail::scan::DeviceScanIn...         0.00%       0.000us         0.00%       0.000us       0.000us       9.505us         0.02%       9.505us       1.584us             6  
                         write_req_to_token_pool_triton         0.00%       0.000us         0.00%       0.000us       0.000us       9.185us         0.02%       9.185us       4.593us             2  
kernel_cutlass_kernel_flashinfernormkernelsrmsnormRM...         0.00%       0.000us         0.00%       0.000us       0.000us       9.184us         0.02%       9.184us       4.592us             2  
void at::native::vectorized_elementwise_kernel<2, at...         0.00%       0.000us         0.00%       0.000us       0.000us       8.670us         0.02%       8.670us       2.167us             4  
void at::native::unrolled_elementwise_kernel<at::nat...         0.00%       0.000us         0.00%       0.000us       0.000us       7.649us         0.01%       7.649us       3.824us             2  
void at::native::unrolled_elementwise_kernel<at::nat...         0.00%       0.000us         0.00%       0.000us       0.000us       7.424us         0.01%       7.424us       1.856us             4  
               nvjet_sm100_tst_32x64_64x16_4x1_v_bz_TNN         0.00%       0.000us         0.00%       0.000us       0.000us       6.944us         0.01%       6.944us       6.944us             1  
                    create_flashinfer_kv_indices_triton         0.00%       0.000us         0.00%       0.000us       0.000us       6.144us         0.01%       6.144us       3.072us             2  
void at::native::vectorized_gather_kernel<16, long>(...         0.00%       0.000us         0.00%       0.000us       0.000us       5.056us         0.01%       5.056us       5.056us             1  
                         Memcpy DtoH (Device -> Pinned)         0.00%       0.000us         0.00%       0.000us       0.000us       4.704us         0.01%       4.704us       2.352us             2  
void at::native::(anonymous namespace)::multi_tensor...         0.00%       0.000us         0.00%       0.000us       0.000us       4.224us         0.01%       4.224us       2.112us             2  
                                compute_position_kernel         0.00%       0.000us         0.00%       0.000us       0.000us       3.936us         0.01%       3.936us       1.968us             2  
void at::native::unrolled_elementwise_kernel<at::nat...         0.00%       0.000us         0.00%       0.000us       0.000us       3.905us         0.01%       3.905us       1.952us             2  
void at::native::unrolled_elementwise_kernel<at::nat...         0.00%       0.000us         0.00%       0.000us       0.000us       3.328us         0.01%       3.328us       1.664us             2  
void at::native::reduce_kernel<512, 1, at::native::R...         0.00%       0.000us         0.00%       0.000us       0.000us       3.136us         0.01%       3.136us       3.136us             1  
void at::native::vectorized_elementwise_kernel<4, at...         0.00%       0.000us         0.00%       0.000us       0.000us       2.944us         0.01%       2.944us       1.472us             2  
void at::native::reduce_kernel<512, 1, at::native::R...         0.00%       0.000us         0.00%       0.000us       0.000us       2.592us         0.00%       2.592us       2.592us             1  
void at::native::vectorized_elementwise_kernel<8, at...         0.00%       0.000us         0.00%       0.000us       0.000us       2.560us         0.00%       2.560us       2.560us             1  
void at::native::(anonymous namespace)::indexSelectS...         0.00%       0.000us         0.00%       0.000us       0.000us       2.304us         0.00%       2.304us       2.304us             1  
void at::native::vectorized_elementwise_kernel<8, at...         0.00%       0.000us         0.00%       0.000us       0.000us       2.016us         0.00%       2.016us       2.016us             1  
triton_poi_fused_add_bitwise_and_bitwise_or_ge_lt_mu...         0.00%       0.000us         0.00%       0.000us       0.000us       1.792us         0.00%       1.792us       1.792us             1  
triton_poi_fused_add_bitwise_and_bitwise_not_bitwise...         0.00%       0.000us         0.00%       0.000us       0.000us       1.568us         0.00%       1.568us       1.568us             1  
triton_poi_fused_bitwise_and_bitwise_not_bitwise_or_...         0.00%       0.000us         0.00%       0.000us       0.000us       1.472us         0.00%       1.472us       1.472us             1  
                                  cudaDeviceSynchronize         8.73%       1.263ms         8.73%       1.263ms     252.507us       0.000us         0.00%       0.000us       0.000us             5  
                                Activity Buffer Request        12.11%       1.751ms        12.11%       1.751ms       1.751ms       0.000us         0.00%       0.000us       0.000us             1  
                               cudaPointerGetAttributes         0.10%      14.833us         0.10%      14.833us       7.416us       0.000us         0.00%       0.000us       0.000us             2  
                                         cudaEventQuery         0.37%      53.542us         0.37%      53.542us       3.346us       0.000us         0.00%       0.000us       0.000us            16  
                                  cudaStreamIsCapturing         0.14%      20.867us         0.14%      20.867us       0.444us       0.000us         0.00%       0.000us       0.000us            47  
                                        cudaMemcpyAsync         9.15%       1.324ms         9.15%       1.324ms       9.192us       0.000us         0.00%       0.000us       0.000us           144  
                               cudaEventRecordWithFlags         0.12%      16.775us         0.12%      16.775us       1.048us       0.000us         0.00%       0.000us       0.000us            16  
                                       cuLaunchKernelEx        21.75%       3.146ms        21.75%       3.146ms       5.509us       0.000us         0.00%       0.000us       0.000us           571  
                                       cudaLaunchKernel        13.79%       1.995ms        13.79%       1.995ms       5.955us       0.000us         0.00%       0.000us       0.000us           335  
                                  cudaStreamSynchronize         0.27%      38.665us         0.27%      38.665us       5.524us       0.000us         0.00%       0.000us       0.000us             7  
                                    cudaPeekAtLastError         0.02%       2.636us         0.02%       2.636us       0.110us       0.000us         0.00%       0.000us       0.000us            24  
cudaOccupancyMaxActiveBlocksPerMultiprocessorWithFla...         0.07%      10.531us         0.07%      10.531us       1.755us       0.000us         0.00%       0.000us       0.000us             6  
                                 cudaDeviceGetAttribute         0.38%      54.394us         0.38%      54.394us       0.892us       0.000us         0.00%       0.000us       0.000us            61  
                                    cudaLaunchKernelExC        23.58%       3.410ms        23.58%       3.410ms       5.750us       0.000us         0.00%       0.000us       0.000us           593  
                                         cuLaunchKernel         6.49%     938.826us         6.49%     938.826us       5.075us       0.000us         0.00%       0.000us       0.000us           185  
                                                INVALID         0.33%      47.452us         0.33%      47.452us       0.439us       0.000us         0.00%       0.000us       0.000us           108  
                                   cudaDriverGetVersion         0.07%       9.778us         0.07%       9.778us       0.091us       0.000us         0.00%       0.000us       0.000us           108  
                                   cudaFuncSetAttribute         1.17%     169.229us         1.17%     169.229us       3.134us       0.000us         0.00%       0.000us       0.000us            54  
                            cudaLaunchCooperativeKernel         1.37%     197.777us         1.37%     197.777us       7.325us       0.000us         0.00%       0.000us       0.000us            27  
-------------------------------------------------------  ------------  ------------  ------------  ------------  ------------  ------------  ------------  ------------  ------------  ------------  
Self CPU time total: 14.463ms
Self CUDA time total: 55.088ms

-------------------------------------------------------  ------------  ------------  ------------  ------------  ------------  ------------  ------------  ------------  ------------  ------------  
                                                   Name    Self CPU %      Self CPU   CPU total %     CPU total  CPU time avg     Self CUDA   Self CUDA %    CUDA total  CUDA time avg    # of Calls  
-------------------------------------------------------  ------------  ------------  ------------  ------------  ------------  ------------  ------------  ------------  ------------  ------------  
void (anonymous namespace)::all_reduce_one_shot_push...         0.00%       0.000us         0.00%       0.000us       0.000us      16.020ms        35.06%      16.020ms     291.269us            55  
kernel_cutlass_kernel_flashinfernormkernelsfused_add...         0.00%       0.000us         0.00%       0.000us       0.000us      10.593ms        23.18%      10.593ms      98.087us           108  
                                       fused_moe_kernel         0.00%       0.000us         0.00%       0.000us       0.000us       6.066ms        13.27%       6.066ms      58.323us           104  
void (anonymous namespace)::all_reduce_two_shot_kern...         0.00%       0.000us         0.00%       0.000us       0.000us       3.136ms         6.86%       3.136ms      57.024us            55  
void cutlass::device_kernel<cutlass::fmha::kernel::S...         0.00%       0.000us         0.00%       0.000us       0.000us       1.961ms         4.29%       1.961ms      72.611us            27  
void flashinfer::mla::BatchMLAPagedAttentionKernel<f...         0.00%       0.000us         0.00%       0.000us       0.000us     674.594us         1.48%     674.594us      24.985us            27  
                         Memcpy DtoD (Device -> Device)         0.00%       0.000us         0.00%       0.000us       0.000us     533.759us         1.17%     533.759us       4.852us           110  
void at::native::sbtopk::gatherTopK<float, unsigned ...         0.00%       0.000us         0.00%       0.000us       0.000us     523.423us         1.15%     523.423us      10.066us            52  
void moe_sum_reduce_warp_per_token_vec_kernel<8>(c10...         0.00%       0.000us         0.00%       0.000us       0.000us     520.799us         1.14%     520.799us      20.031us            26  
         nvjet_sm100_tst_160x192_64x6_1x2_2cta_h_bz_TNN         0.00%       0.000us         0.00%       0.000us       0.000us     474.818us         1.04%     474.818us       8.793us            54  
void (anonymous namespace)::act_and_mul_kernel<__nv_...         0.00%       0.000us         0.00%       0.000us       0.000us     439.394us         0.96%     439.394us       4.225us           104  
        nvjet_sm100_tst_32x64_64x16_4x1_v_bz_splitK_TNN         0.00%       0.000us         0.00%       0.000us       0.000us     335.936us         0.74%     335.936us       4.199us            80  
void count_and_sort_expert_tokens_kernel<int>(int co...         0.00%       0.000us         0.00%       0.000us       0.000us     315.521us         0.69%     315.521us       6.068us            52  
void moe_align_block_size_kernel<int>(int const*, in...         0.00%       0.000us         0.00%       0.000us       0.000us     310.784us         0.68%     310.784us       5.977us            52  
         nvjet_sm100_tst_176x128_64x8_2x2_2cta_h_bz_TNN         0.00%       0.000us         0.00%       0.000us       0.000us     302.111us         0.66%     302.111us      11.620us            26  
         nvjet_sm100_tst_144x128_64x8_2x2_2cta_h_bz_TNN         0.00%       0.000us         0.00%       0.000us       0.000us     268.798us         0.59%     268.798us       9.955us            27  
void at::native::vectorized_elementwise_kernel<8, at...         0.00%       0.000us         0.00%       0.000us       0.000us     244.927us         0.54%     244.927us       4.710us            52  
void cublasLt::splitKreduce_kernel<32, 16, int, floa...         0.00%       0.000us         0.00%       0.000us       0.000us     229.855us         0.50%     229.855us       2.873us            80  
void at::native::sbtopk::gatherTopK<float, unsigned ...         0.00%       0.000us         0.00%       0.000us       0.000us     222.752us         0.49%     222.752us       4.284us            52  
          nvjet_sm100_tst_96x128_64x9_2x2_2cta_h_bz_TNN         0.00%       0.000us         0.00%       0.000us       0.000us     211.456us         0.46%     211.456us       7.832us            27  
                               _all_gather_kernel_inner         0.00%       0.000us         0.00%       0.000us       0.000us     206.047us         0.45%     206.047us     103.023us             2  
               nvjet_sm100_tst_16x64_64x16_4x1_v_bz_TNN         0.00%       0.000us         0.00%       0.000us       0.000us     180.098us         0.39%     180.098us       3.335us            54  
triton_red_fused__softmax_exp_max_prepare_softmax_on...         0.00%       0.000us         0.00%       0.000us       0.000us     169.406us         0.37%     169.406us       3.258us            52  
                nvjet_sm100_tst_8x64_64x16_4x1_v_bz_TNN         0.00%       0.000us         0.00%       0.000us       0.000us     161.117us         0.35%     161.117us       2.984us            54  
          nvjet_sm100_tss_32x64_64x16_2x2_2cta_h_bz_TNN         0.00%       0.000us         0.00%       0.000us       0.000us     145.251us         0.32%     145.251us       5.587us            26  
         nvjet_sm100_tst_128x128_64x8_2x2_2cta_h_bz_TNT         0.00%       0.000us         0.00%       0.000us       0.000us     140.704us         0.31%     140.704us       5.211us            27  
void (anonymous namespace)::fused_rope_kernel<false,...         0.00%       0.000us         0.00%       0.000us       0.000us     136.221us         0.30%     136.221us       2.523us            54  
        nvjet_sm100_tss_32x64_64x16_2x1_v_bz_splitK_TNN         0.00%       0.000us         0.00%       0.000us       0.000us     106.205us         0.23%     106.205us       4.085us            26  
triton_poi_fused__softmax__to_copy_arange_bitwise_no...         0.00%       0.000us         0.00%       0.000us       0.000us     105.632us         0.23%     105.632us       2.031us            52  
                           concat_and_cast_mha_k_kernel         0.00%       0.000us         0.00%       0.000us       0.000us     100.927us         0.22%     100.927us       3.738us            27  
                            triton_poi_fused__to_copy_2         0.00%       0.000us         0.00%       0.000us       0.000us      93.211us         0.20%      93.211us       1.793us            52  
kernel_cutlass_kernel_flashinfernormkernelsrmsnormRM...         0.00%       0.000us         0.00%       0.000us       0.000us      85.344us         0.19%      85.344us       3.161us            27  
void (anonymous namespace)::set_mla_kv_buffer_kernel...         0.00%       0.000us         0.00%       0.000us       0.000us      73.532us         0.16%      73.532us       2.723us            27  
kernel_cutlass_kernel_flashinfernormkernelsrmsnormRM...         0.00%       0.000us         0.00%       0.000us       0.000us      63.740us         0.14%      63.740us       2.361us            27  
void cublasLt::splitKreduce_kernel<32, 16, int, floa...         0.00%       0.000us         0.00%       0.000us       0.000us      61.185us         0.13%      61.185us       2.353us            26  
void at::native::reduce_kernel<512, 1, at::native::R...         0.00%       0.000us         0.00%       0.000us       0.000us      48.544us         0.11%      48.544us      24.272us             2  
                               set_mla_kv_buffer_kernel         0.00%       0.000us         0.00%       0.000us       0.000us      44.031us         0.10%      44.031us       1.631us            27  
                       triton_poi_fused_copy__mul_sum_0         0.00%       0.000us         0.00%       0.000us       0.000us      43.425us         0.10%      43.425us       1.670us            26  
                         Memcpy HtoD (Pinned -> Device)         0.00%       0.000us         0.00%       0.000us       0.000us      37.534us         0.08%      37.534us       2.208us            17  
         nvjet_sm100_tst_128x256_64x6_2x4_2cta_h_bz_TNT         0.00%       0.000us         0.00%       0.000us       0.000us      34.047us         0.07%      34.047us      34.047us             1  
flashinfer::plan_kernel(int*, int*, int*, int*, int*...         0.00%       0.000us         0.00%       0.000us       0.000us      28.704us         0.06%      28.704us      28.704us             1  
               nvjet_sm100_tst_128x8_64x12_4x1_v_bz_TNT         0.00%       0.000us         0.00%       0.000us       0.000us      23.840us         0.05%      23.840us      11.920us             2  
void at::native::elementwise_kernel<128, 4, at::nati...         0.00%       0.000us         0.00%       0.000us       0.000us      17.888us         0.04%      17.888us       8.944us             2  
void at::native::index_elementwise_kernel<128, 4, at...         0.00%       0.000us         0.00%       0.000us       0.000us      16.096us         0.04%      16.096us       8.048us             2  
                       Memcpy DtoH (Device -> Pageable)         0.00%       0.000us         0.00%       0.000us       0.000us      15.648us         0.03%      15.648us       3.130us             5  
void at::native::elementwise_kernel<128, 4, at::nati...         0.00%       0.000us         0.00%       0.000us       0.000us      14.272us         0.03%      14.272us      14.272us             1  
void at::native::elementwise_kernel<128, 4, at::nati...         0.00%       0.000us         0.00%       0.000us       0.000us      12.704us         0.03%      12.704us      12.704us             1  
void at_cuda_detail::cub::detail::scan::DeviceScanKe...         0.00%       0.000us         0.00%       0.000us       0.000us      12.448us         0.03%      12.448us       2.075us             6  
void at::native::unrolled_elementwise_kernel<at::nat...         0.00%       0.000us         0.00%       0.000us       0.000us      12.352us         0.03%      12.352us       2.470us             5  
                       Memcpy HtoD (Pageable -> Device)         0.00%       0.000us         0.00%       0.000us       0.000us      10.079us         0.02%      10.079us       1.008us            10  
void at_cuda_detail::cub::detail::scan::DeviceScanIn...         0.00%       0.000us         0.00%       0.000us       0.000us       9.504us         0.02%       9.504us       1.584us             6  
                         write_req_to_token_pool_triton         0.00%       0.000us         0.00%       0.000us       0.000us       8.928us         0.02%       8.928us       4.464us             2  
kernel_cutlass_kernel_flashinfernormkernelsrmsnormRM...         0.00%       0.000us         0.00%       0.000us       0.000us       8.832us         0.02%       8.832us       4.416us             2  
void at::native::unrolled_elementwise_kernel<at::nat...         0.00%       0.000us         0.00%       0.000us       0.000us       8.352us         0.02%       8.352us       4.176us             2  
void at::native::vectorized_elementwise_kernel<2, at...         0.00%       0.000us         0.00%       0.000us       0.000us       8.320us         0.02%       8.320us       2.080us             4  
void at::native::unrolled_elementwise_kernel<at::nat...         0.00%       0.000us         0.00%       0.000us       0.000us       7.520us         0.02%       7.520us       1.880us             4  
               nvjet_sm100_tst_32x64_64x16_4x1_v_bz_TNN         0.00%       0.000us         0.00%       0.000us       0.000us       6.944us         0.02%       6.944us       6.944us             1  
                    create_flashinfer_kv_indices_triton         0.00%       0.000us         0.00%       0.000us       0.000us       6.272us         0.01%       6.272us       3.136us             2  
                         Memcpy DtoH (Device -> Pinned)         0.00%       0.000us         0.00%       0.000us       0.000us       5.728us         0.01%       5.728us       2.864us             2  
void at::native::vectorized_gather_kernel<16, long>(...         0.00%       0.000us         0.00%       0.000us       0.000us       5.152us         0.01%       5.152us       5.152us             1  
void at::native::(anonymous namespace)::multi_tensor...         0.00%       0.000us         0.00%       0.000us       0.000us       4.255us         0.01%       4.255us       2.127us             2  
void at::native::unrolled_elementwise_kernel<at::nat...         0.00%       0.000us         0.00%       0.000us       0.000us       3.936us         0.01%       3.936us       1.968us             2  
                                compute_position_kernel         0.00%       0.000us         0.00%       0.000us       0.000us       3.872us         0.01%       3.872us       1.936us             2  
void at::native::unrolled_elementwise_kernel<at::nat...         0.00%       0.000us         0.00%       0.000us       0.000us       3.296us         0.01%       3.296us       1.648us             2  
void at::native::reduce_kernel<512, 1, at::native::R...         0.00%       0.000us         0.00%       0.000us       0.000us       3.104us         0.01%       3.104us       3.104us             1  
void at::native::vectorized_elementwise_kernel<4, at...         0.00%       0.000us         0.00%       0.000us       0.000us       2.944us         0.01%       2.944us       1.472us             2  
void at::native::reduce_kernel<512, 1, at::native::R...         0.00%       0.000us         0.00%       0.000us       0.000us       2.592us         0.01%       2.592us       2.592us             1  
void at::native::vectorized_elementwise_kernel<8, at...         0.00%       0.000us         0.00%       0.000us       0.000us       2.464us         0.01%       2.464us       2.464us             1  
void at::native::(anonymous namespace)::indexSelectS...         0.00%       0.000us         0.00%       0.000us       0.000us       2.272us         0.00%       2.272us       2.272us             1  
void at::native::vectorized_elementwise_kernel<8, at...         0.00%       0.000us         0.00%       0.000us       0.000us       1.984us         0.00%       1.984us       1.984us             1  
triton_poi_fused_add_bitwise_and_bitwise_or_ge_lt_mu...         0.00%       0.000us         0.00%       0.000us       0.000us       1.600us         0.00%       1.600us       1.600us             1  
triton_poi_fused_add_bitwise_and_bitwise_not_bitwise...         0.00%       0.000us         0.00%       0.000us       0.000us       1.568us         0.00%       1.568us       1.568us             1  
triton_poi_fused_bitwise_and_bitwise_not_bitwise_or_...         0.00%       0.000us         0.00%       0.000us       0.000us       1.471us         0.00%       1.471us       1.471us             1  
                                  cudaDeviceSynchronize         0.49%      70.589us         0.49%      70.589us      14.118us       0.000us         0.00%       0.000us       0.000us             5  
                                Activity Buffer Request        12.26%       1.761ms        12.26%       1.761ms       1.761ms       0.000us         0.00%       0.000us       0.000us             1  
                               cudaPointerGetAttributes         0.12%      16.687us         0.12%      16.687us       8.343us       0.000us         0.00%       0.000us       0.000us             2  
                                         cudaEventQuery         0.38%      55.245us         0.38%      55.245us       3.453us       0.000us         0.00%       0.000us       0.000us            16  
                                  cudaStreamIsCapturing         0.14%      20.657us         0.14%      20.657us       0.440us       0.000us         0.00%       0.000us       0.000us            47  
                                        cudaMemcpyAsync        11.60%       1.667ms        11.60%       1.667ms      11.574us       0.000us         0.00%       0.000us       0.000us           144  
                               cudaEventRecordWithFlags         0.14%      20.692us         0.14%      20.692us       1.293us       0.000us         0.00%       0.000us       0.000us            16  
                                       cuLaunchKernelEx        23.34%       3.352ms        23.34%       3.352ms       5.870us       0.000us         0.00%       0.000us       0.000us           571  
                                       cudaLaunchKernel        15.23%       2.188ms        15.23%       2.188ms       6.530us       0.000us         0.00%       0.000us       0.000us           335  
                                  cudaStreamSynchronize         0.29%      41.964us         0.29%      41.964us       5.995us       0.000us         0.00%       0.000us       0.000us             7  
                                    cudaPeekAtLastError         0.02%       2.551us         0.02%       2.551us       0.106us       0.000us         0.00%       0.000us       0.000us            24  
cudaOccupancyMaxActiveBlocksPerMultiprocessorWithFla...         0.09%      12.600us         0.09%      12.600us       2.100us       0.000us         0.00%       0.000us       0.000us             6  
                                 cudaDeviceGetAttribute         0.39%      56.345us         0.39%      56.345us       0.924us       0.000us         0.00%       0.000us       0.000us            61  
                                    cudaLaunchKernelExC        25.46%       3.657ms        25.46%       3.657ms       6.167us       0.000us         0.00%       0.000us       0.000us           593  
                                         cuLaunchKernel         6.93%     995.032us         6.93%     995.032us       5.379us       0.000us         0.00%       0.000us       0.000us           185  
                                                INVALID         0.34%      49.032us         0.34%      49.032us       0.454us       0.000us         0.00%       0.000us       0.000us           108  
                                   cudaDriverGetVersion         0.07%      10.272us         0.07%      10.272us       0.095us       0.000us         0.00%       0.000us       0.000us           108  
                                   cudaFuncSetAttribute         1.25%     179.364us         1.25%     179.364us       3.322us       0.000us         0.00%       0.000us       0.000us            54  
                            cudaLaunchCooperativeKernel         1.45%     207.669us         1.45%     207.669us       7.691us       0.000us         0.00%       0.000us       0.000us            27  
-------------------------------------------------------  ------------  ------------  ------------  ------------  ------------  ------------  ------------  ------------  ------------  ------------  
Self CPU time total: 14.363ms
Self CUDA time total: 45.696ms

torch profiler chrome trace for prefill saved to /sgl-workspace/sglang-src/experiment-results/phase14c/deepseek_tp_extension/tp8/deepseek-v2-lite/chunked_prefill/c4096/r1/traces/trace_rank0_batch1_input4097_output8_prefill.trace.json.gz
Prefill. latency: 0.11940 s, throughput:  34313.54 token/s
Decode 0. Batch size: 1, latency: 0.06370 s, throughput:     15.70 token/s
Decode 1. Batch size: 1, latency: 0.05461 s, throughput:     18.31 token/s
Decode 2. Batch size: 1, latency: 0.05414 s, throughput:     18.47 token/s
Decode 3. Batch size: 1, latency: 0.05655 s, throughput:     17.68 token/s
Decode 4. Batch size: 1, latency: 0.05401 s, throughput:     18.52 token/s
Decode.  median latency: 0.05551 s, median throughput:     18.01 token/s
Total. latency:  0.514 s, throughput:   7982.38 token/s
Warmup workload: batch_size=4, input_len=4095, output_len=8
Prefill. latency: 1.74740 s, throughput:   9373.95 token/s
Decode 0. Batch size: 4, latency: 0.18161 s, throughput:     22.03 token/s
Decode 1. Batch size: 4, latency: 0.05425 s, throughput:     73.74 token/s
Decode 2. Batch size: 4, latency: 0.05307 s, throughput:     75.37 token/s
Decode 3. Batch size: 4, latency: 0.05316 s, throughput:     75.24 token/s
Decode 4. Batch size: 4, latency: 0.05271 s, throughput:     75.88 token/s
Decode.  median latency: 0.05307 s, median throughput:     75.37 token/s
Total. latency:  2.247 s, throughput:   7302.40 token/s
-------------------------------------------------------  ------------  ------------  ------------  ------------  ------------  ------------  ------------  ------------  ------------  ------------  
                                                   Name    Self CPU %      Self CPU   CPU total %     CPU total  CPU time avg     Self CUDA   Self CUDA %    CUDA total  CUDA time avg    # of Calls  
-------------------------------------------------------  ------------  ------------  ------------  ------------  ------------  ------------  ------------  ------------  ------------  ------------  
ncclDevKernel_AllReduce_Sum_bf16_RING_LL(ncclDevKern...         0.00%       0.000us         0.00%       0.000us       0.000us      26.879ms        42.55%      26.879ms     488.707us            55  
                                       fused_moe_kernel         0.00%       0.000us         0.00%       0.000us       0.000us      19.123ms        30.27%      19.123ms     367.756us            52  
kernel_cutlass_kernel_flashinfernormkernelsfused_add...         0.00%       0.000us         0.00%       0.000us       0.000us       2.283ms         3.61%       2.283ms      42.277us            54  
void cutlass::device_kernel<cutlass::fmha::kernel::S...         0.00%       0.000us         0.00%       0.000us       0.000us       1.994ms         3.16%       1.994ms      73.856us            27  
void moe_sum_reduce_warp_per_token_vec_kernel<8>(c10...         0.00%       0.000us         0.00%       0.000us       0.000us       1.994ms         3.16%       1.994ms      76.687us            26  
void at::native::sbtopk::gatherTopK<float, unsigned ...         0.00%       0.000us         0.00%       0.000us       0.000us       1.466ms         2.32%       1.466ms      28.200us            52  
         nvjet_sm100_tst_128x256_64x6_2x1_2cta_v_bz_TNT         0.00%       0.000us         0.00%       0.000us       0.000us       1.247ms         1.97%       1.247ms      22.679us            55  
void count_and_sort_expert_tokens_kernel<int>(int co...         0.00%       0.000us         0.00%       0.000us       0.000us     936.507us         1.48%     936.507us      36.019us            26  
         nvjet_sm100_tst_176x128_64x8_2x2_2cta_h_bz_TNN         0.00%       0.000us         0.00%       0.000us       0.000us     907.610us         1.44%     907.610us      34.908us            26  
              nvjet_sm100_tst_192x176_64x4_1x2_h_bz_TNT         0.00%       0.000us         0.00%       0.000us       0.000us     882.686us         1.40%     882.686us      32.692us            27  
void (anonymous namespace)::act_and_mul_kernel<__nv_...         0.00%       0.000us         0.00%       0.000us       0.000us     795.805us         1.26%     795.805us      15.304us            52  
void at::native::vectorized_elementwise_kernel<8, at...         0.00%       0.000us         0.00%       0.000us       0.000us     725.083us         1.15%     725.083us      27.888us            26  
void moe_align_block_size_kernel<int>(int const*, in...         0.00%       0.000us         0.00%       0.000us       0.000us     637.948us         1.01%     637.948us      24.536us            26  
         nvjet_sm100_tst_192x128_64x6_2x2_2cta_h_bz_TNT         0.00%       0.000us         0.00%       0.000us       0.000us     627.004us         0.99%     627.004us      23.222us            27  
          nvjet_sm100_tss_32x256_64x6_2x2_2cta_h_bz_TNN         0.00%       0.000us         0.00%       0.000us       0.000us     540.641us         0.86%     540.641us      20.794us            26  
                           concat_and_cast_mha_k_kernel         0.00%       0.000us         0.00%       0.000us       0.000us     278.401us         0.44%     278.401us      10.311us            27  
              nvjet_sm100_tst_256x112_64x4_1x2_h_bz_TNT         0.00%       0.000us         0.00%       0.000us       0.000us     261.532us         0.41%     261.532us       9.686us            27  
kernel_cutlass_kernel_flashinfernormkernelsrmsnormRM...         0.00%       0.000us         0.00%       0.000us       0.000us     258.945us         0.41%     258.945us       9.591us            27  
triton_red_fused__softmax_exp_max_prepare_softmax_on...         0.00%       0.000us         0.00%       0.000us       0.000us     252.573us         0.40%     252.573us       9.714us            26  
triton_poi_fused__softmax__to_copy_arange_bitwise_no...         0.00%       0.000us         0.00%       0.000us       0.000us     198.754us         0.31%     198.754us       7.644us            26  
void (anonymous namespace)::set_mla_kv_buffer_kernel...         0.00%       0.000us         0.00%       0.000us       0.000us     137.954us         0.22%     137.954us       5.109us            27  
void (anonymous namespace)::fused_rope_kernel<false,...         0.00%       0.000us         0.00%       0.000us       0.000us     132.768us         0.21%     132.768us       4.917us            27  
flashinfer::plan_kernel(int*, int*, int*, int*, int*...         0.00%       0.000us         0.00%       0.000us       0.000us     107.296us         0.17%     107.296us     107.296us             1  
                               _all_gather_kernel_inner         0.00%       0.000us         0.00%       0.000us       0.000us      87.936us         0.14%      87.936us      87.936us             1  
void at::native::elementwise_kernel<128, 4, at::nati...         0.00%       0.000us         0.00%       0.000us       0.000us      69.313us         0.11%      69.313us      69.313us             1  
void at::native::elementwise_kernel<128, 4, at::nati...         0.00%       0.000us         0.00%       0.000us       0.000us      60.319us         0.10%      60.319us      60.319us             1  
void at::native::elementwise_kernel<128, 4, at::nati...         0.00%       0.000us         0.00%       0.000us       0.000us      59.680us         0.09%      59.680us      59.680us             1  
                            triton_poi_fused__to_copy_2         0.00%       0.000us         0.00%       0.000us       0.000us      53.986us         0.09%      53.986us       2.076us            26  
void at::native::reduce_kernel<512, 1, at::native::R...         0.00%       0.000us         0.00%       0.000us       0.000us      23.872us         0.04%      23.872us      23.872us             1  
void at::native::vectorized_gather_kernel<16, long>(...         0.00%       0.000us         0.00%       0.000us       0.000us      22.272us         0.04%      22.272us      11.136us             2  
kernel_cutlass_kernel_flashinfernormkernelsrmsnormRM...         0.00%       0.000us         0.00%       0.000us       0.000us      21.215us         0.03%      21.215us      21.215us             1  
                         Memcpy HtoD (Pinned -> Device)         0.00%       0.000us         0.00%       0.000us       0.000us      18.016us         0.03%      18.016us       2.252us             8  
               nvjet_sm100_tst_128x8_64x12_4x1_v_bz_TNT         0.00%       0.000us         0.00%       0.000us       0.000us      13.760us         0.02%      13.760us      13.760us             1  
                         Memcpy DtoH (Device -> Pinned)         0.00%       0.000us         0.00%       0.000us       0.000us       7.104us         0.01%       7.104us       3.552us             2  
                       Memcpy HtoD (Pageable -> Device)         0.00%       0.000us         0.00%       0.000us       0.000us       6.558us         0.01%       6.558us       1.312us             5  
void at::native::unrolled_elementwise_kernel<at::nat...         0.00%       0.000us         0.00%       0.000us       0.000us       5.983us         0.01%       5.983us       1.994us             3  
                       Memcpy DtoH (Device -> Pageable)         0.00%       0.000us         0.00%       0.000us       0.000us       5.824us         0.01%       5.824us       2.912us             2  
void at_cuda_detail::cub::detail::scan::DeviceScanKe...         0.00%       0.000us         0.00%       0.000us       0.000us       5.568us         0.01%       5.568us       1.856us             3  
                         write_req_to_token_pool_triton         0.00%       0.000us         0.00%       0.000us       0.000us       5.087us         0.01%       5.087us       5.087us             1  
void at::native::(anonymous namespace)::multi_tensor...         0.00%       0.000us         0.00%       0.000us       0.000us       4.929us         0.01%       4.929us       4.929us             1  
void at_cuda_detail::cub::detail::scan::DeviceScanIn...         0.00%       0.000us         0.00%       0.000us       0.000us       4.065us         0.01%       4.065us       1.355us             3  
void at::native::unrolled_elementwise_kernel<at::nat...         0.00%       0.000us         0.00%       0.000us       0.000us       3.808us         0.01%       3.808us       3.808us             1  
void at::native::vectorized_elementwise_kernel<2, at...         0.00%       0.000us         0.00%       0.000us       0.000us       3.232us         0.01%       3.232us       1.616us             2  
void at::native::unrolled_elementwise_kernel<at::nat...         0.00%       0.000us         0.00%       0.000us       0.000us       2.817us         0.00%       2.817us       1.409us             2  
void at::native::reduce_kernel<512, 1, at::native::R...         0.00%       0.000us         0.00%       0.000us       0.000us       2.656us         0.00%       2.656us       2.656us             1  
void at::native::reduce_kernel<512, 1, at::native::R...         0.00%       0.000us         0.00%       0.000us       0.000us       2.336us         0.00%       2.336us       2.336us             1  
                                compute_position_kernel         0.00%       0.000us         0.00%       0.000us       0.000us       2.176us         0.00%       2.176us       2.176us             1  
triton_poi_fused_add_bitwise_and_bitwise_not_bitwise...         0.00%       0.000us         0.00%       0.000us       0.000us       2.176us         0.00%       2.176us       2.176us             1  
void at::native::unrolled_elementwise_kernel<at::nat...         0.00%       0.000us         0.00%       0.000us       0.000us       1.984us         0.00%       1.984us       1.984us             1  
void at::native::vectorized_elementwise_kernel<4, at...         0.00%       0.000us         0.00%       0.000us       0.000us       1.408us         0.00%       1.408us       1.408us             1  
                    create_flashinfer_kv_indices_triton         0.00%       0.000us         0.00%       0.000us       0.000us       1.376us         0.00%       1.376us       1.376us             1  
void at::native::unrolled_elementwise_kernel<at::nat...         0.00%       0.000us         0.00%       0.000us       0.000us       1.280us         0.00%       1.280us       1.280us             1  
                                  cudaDeviceSynchronize        28.13%       3.554ms        28.13%       3.554ms       1.185ms       0.000us         0.00%       0.000us       0.000us             3  
                                Activity Buffer Request        12.36%       1.561ms        12.36%       1.561ms       1.561ms       0.000us         0.00%       0.000us       0.000us             1  
                               cudaPointerGetAttributes         0.04%       5.036us         0.04%       5.036us       5.036us       0.000us         0.00%       0.000us       0.000us             1  
                                  cudaStreamIsCapturing         0.70%      89.049us         0.70%      89.049us       0.670us       0.000us         0.00%       0.000us       0.000us           133  
                                        cudaMemcpyAsync         9.58%       1.210ms         9.58%       1.210ms      71.201us       0.000us         0.00%       0.000us       0.000us            17  
                               cudaEventRecordWithFlags         0.76%      96.229us         0.76%      96.229us       1.527us       0.000us         0.00%       0.000us       0.000us            63  
                                         cudaEventQuery         0.18%      22.853us         0.18%      22.853us       2.857us       0.000us         0.00%       0.000us       0.000us             8  
                                       cuLaunchKernelEx        16.75%       2.117ms        16.75%       2.117ms       6.473us       0.000us         0.00%       0.000us       0.000us           327  
                                       cudaLaunchKernel         9.12%       1.153ms         9.12%       1.153ms       6.334us       0.000us         0.00%       0.000us       0.000us           182  
                                  cudaStreamSynchronize         0.59%      74.565us         0.59%      74.565us      18.641us       0.000us         0.00%       0.000us       0.000us             4  
                                    cudaPeekAtLastError         0.01%       1.323us         0.01%       1.323us       0.110us       0.000us         0.00%       0.000us       0.000us            12  
cudaOccupancyMaxActiveBlocksPerMultiprocessorWithFla...         0.04%       5.378us         0.04%       5.378us       1.793us       0.000us         0.00%       0.000us       0.000us             3  
                                 cudaDeviceGetAttribute         0.24%      29.907us         0.24%      29.907us       0.997us       0.000us         0.00%       0.000us       0.000us            30  
                                    cudaLaunchKernelExC        11.79%       1.490ms        11.79%       1.490ms       6.898us       0.000us         0.00%       0.000us       0.000us           216  
                                         cuLaunchKernel         3.56%     449.373us         3.56%     449.373us       5.688us       0.000us         0.00%       0.000us       0.000us            79  
                                                INVALID         0.84%     105.763us         0.84%     105.763us       0.649us       0.000us         0.00%       0.000us       0.000us           163  
                                        cudaEventRecord         2.31%     291.306us         2.31%     291.306us       1.765us       0.000us         0.00%       0.000us       0.000us           165  
                                    cudaStreamWaitEvent         1.52%     191.589us         1.52%     191.589us       1.742us       0.000us         0.00%       0.000us       0.000us           110  
                                    cudaGetFuncBySymbol         0.68%      85.500us         0.68%      85.500us       1.555us       0.000us         0.00%       0.000us       0.000us            55  
                                   cudaDriverGetVersion         0.08%      10.178us         0.08%      10.178us       0.094us       0.000us         0.00%       0.000us       0.000us           108  
                                   cudaFuncSetAttribute         0.74%      93.815us         0.74%      93.815us       3.475us       0.000us         0.00%       0.000us       0.000us            27  
-------------------------------------------------------  ------------  ------------  ------------  ------------  ------------  ------------  ------------  ------------  ------------  ------------  
Self CPU time total: 12.638ms
Self CUDA time total: 63.169ms

-------------------------------------------------------  ------------  ------------  ------------  ------------  ------------  ------------  ------------  ------------  ------------  ------------  
                                                   Name    Self CPU %      Self CPU   CPU total %     CPU total  CPU time avg     Self CUDA   Self CUDA %    CUDA total  CUDA time avg    # of Calls  
-------------------------------------------------------  ------------  ------------  ------------  ------------  ------------  ------------  ------------  ------------  ------------  ------------  
ncclDevKernel_AllReduce_Sum_bf16_RING_LL(ncclDevKern...         0.00%       0.000us         0.00%       0.000us       0.000us      26.716ms        42.57%      26.716ms     485.738us            55  
                                       fused_moe_kernel         0.00%       0.000us         0.00%       0.000us       0.000us      19.121ms        30.47%      19.121ms     367.708us            52  
kernel_cutlass_kernel_flashinfernormkernelsfused_add...         0.00%       0.000us         0.00%       0.000us       0.000us       2.213ms         3.53%       2.213ms      40.982us            54  
void moe_sum_reduce_warp_per_token_vec_kernel<8>(c10...         0.00%       0.000us         0.00%       0.000us       0.000us       1.999ms         3.19%       1.999ms      76.888us            26  
void cutlass::device_kernel<cutlass::fmha::kernel::S...         0.00%       0.000us         0.00%       0.000us       0.000us       1.992ms         3.17%       1.992ms      73.774us            27  
void at::native::sbtopk::gatherTopK<float, unsigned ...         0.00%       0.000us         0.00%       0.000us       0.000us       1.468ms         2.34%       1.468ms      28.226us            52  
         nvjet_sm100_tst_128x256_64x6_2x1_2cta_v_bz_TNT         0.00%       0.000us         0.00%       0.000us       0.000us       1.234ms         1.97%       1.234ms      22.441us            55  
void count_and_sort_expert_tokens_kernel<int>(int co...         0.00%       0.000us         0.00%       0.000us       0.000us     939.709us         1.50%     939.709us      36.143us            26  
         nvjet_sm100_tst_176x128_64x8_2x2_2cta_h_bz_TNN         0.00%       0.000us         0.00%       0.000us       0.000us     911.035us         1.45%     911.035us      35.040us            26  
              nvjet_sm100_tst_192x176_64x4_1x2_h_bz_TNT         0.00%       0.000us         0.00%       0.000us       0.000us     889.086us         1.42%     889.086us      32.929us            27  
void (anonymous namespace)::act_and_mul_kernel<__nv_...         0.00%       0.000us         0.00%       0.000us       0.000us     796.387us         1.27%     796.387us      15.315us            52  
void at::native::vectorized_elementwise_kernel<8, at...         0.00%       0.000us         0.00%       0.000us       0.000us     721.147us         1.15%     721.147us      27.736us            26  
         nvjet_sm100_tst_192x128_64x6_2x2_2cta_h_bz_TNT         0.00%       0.000us         0.00%       0.000us       0.000us     628.992us         1.00%     628.992us      23.296us            27  
void moe_align_block_size_kernel<int>(int const*, in...         0.00%       0.000us         0.00%       0.000us       0.000us     613.788us         0.98%     613.788us      23.607us            26  
          nvjet_sm100_tss_32x256_64x6_2x2_2cta_h_bz_TNN         0.00%       0.000us         0.00%       0.000us       0.000us     543.551us         0.87%     543.551us      20.906us            26  
                           concat_and_cast_mha_k_kernel         0.00%       0.000us         0.00%       0.000us       0.000us     278.206us         0.44%     278.206us      10.304us            27  
              nvjet_sm100_tst_256x112_64x4_1x2_h_bz_TNT         0.00%       0.000us         0.00%       0.000us       0.000us     263.391us         0.42%     263.391us       9.755us            27  
kernel_cutlass_kernel_flashinfernormkernelsrmsnormRM...         0.00%       0.000us         0.00%       0.000us       0.000us     258.110us         0.41%     258.110us       9.560us            27  
triton_red_fused__softmax_exp_max_prepare_softmax_on...         0.00%       0.000us         0.00%       0.000us       0.000us     253.147us         0.40%     253.147us       9.736us            26  
void (anonymous namespace)::set_mla_kv_buffer_kernel...         0.00%       0.000us         0.00%       0.000us       0.000us     139.422us         0.22%     139.422us       5.164us            27  
void (anonymous namespace)::fused_rope_kernel<false,...         0.00%       0.000us         0.00%       0.000us       0.000us     133.505us         0.21%     133.505us       4.945us            27  
flashinfer::plan_kernel(int*, int*, int*, int*, int*...         0.00%       0.000us         0.00%       0.000us       0.000us     106.943us         0.17%     106.943us     106.943us             1  
triton_poi_fused__softmax__to_copy_arange_bitwise_no...         0.00%       0.000us         0.00%       0.000us       0.000us     106.305us         0.17%     106.305us       4.089us            26  
void at::native::elementwise_kernel<128, 4, at::nati...         0.00%       0.000us         0.00%       0.000us       0.000us      59.968us         0.10%      59.968us      59.968us             1  
void at::native::elementwise_kernel<128, 4, at::nati...         0.00%       0.000us         0.00%       0.000us       0.000us      59.328us         0.09%      59.328us      59.328us             1  
void at::native::elementwise_kernel<128, 4, at::nati...         0.00%       0.000us         0.00%       0.000us       0.000us      56.864us         0.09%      56.864us      56.864us             1  
                            triton_poi_fused__to_copy_2         0.00%       0.000us         0.00%       0.000us       0.000us      52.576us         0.08%      52.576us       2.022us            26  
                               _all_gather_kernel_inner         0.00%       0.000us         0.00%       0.000us       0.000us      38.720us         0.06%      38.720us      38.720us             1  
void at::native::reduce_kernel<512, 1, at::native::R...         0.00%       0.000us         0.00%       0.000us       0.000us      23.872us         0.04%      23.872us      23.872us             1  
kernel_cutlass_kernel_flashinfernormkernelsrmsnormRM...         0.00%       0.000us         0.00%       0.000us       0.000us      20.768us         0.03%      20.768us      20.768us             1  
                         Memcpy HtoD (Pinned -> Device)         0.00%       0.000us         0.00%       0.000us       0.000us      17.793us         0.03%      17.793us       2.224us             8  
void at::native::vectorized_gather_kernel<16, long>(...         0.00%       0.000us         0.00%       0.000us       0.000us      15.904us         0.03%      15.904us       7.952us             2  
               nvjet_sm100_tst_128x8_64x12_4x1_v_bz_TNT         0.00%       0.000us         0.00%       0.000us       0.000us      13.568us         0.02%      13.568us      13.568us             1  
                       Memcpy HtoD (Pageable -> Device)         0.00%       0.000us         0.00%       0.000us       0.000us       8.096us         0.01%       8.096us       1.619us             5  
                       Memcpy DtoH (Device -> Pageable)         0.00%       0.000us         0.00%       0.000us       0.000us       6.752us         0.01%       6.752us       3.376us             2  
                         Memcpy DtoH (Device -> Pinned)         0.00%       0.000us         0.00%       0.000us       0.000us       6.208us         0.01%       6.208us       3.104us             2  
void at::native::unrolled_elementwise_kernel<at::nat...         0.00%       0.000us         0.00%       0.000us       0.000us       5.984us         0.01%       5.984us       1.995us             3  
                         write_req_to_token_pool_triton         0.00%       0.000us         0.00%       0.000us       0.000us       5.120us         0.01%       5.120us       5.120us             1  
void at_cuda_detail::cub::detail::scan::DeviceScanKe...         0.00%       0.000us         0.00%       0.000us       0.000us       5.087us         0.01%       5.087us       1.696us             3  
void at::native::(anonymous namespace)::multi_tensor...         0.00%       0.000us         0.00%       0.000us       0.000us       4.832us         0.01%       4.832us       4.832us             1  
void at::native::unrolled_elementwise_kernel<at::nat...         0.00%       0.000us         0.00%       0.000us       0.000us       4.352us         0.01%       4.352us       4.352us             1  
void at_cuda_detail::cub::detail::scan::DeviceScanIn...         0.00%       0.000us         0.00%       0.000us       0.000us       4.001us         0.01%       4.001us       1.334us             3  
void at::native::vectorized_elementwise_kernel<2, at...         0.00%       0.000us         0.00%       0.000us       0.000us       2.913us         0.00%       2.913us       1.457us             2  
void at::native::unrolled_elementwise_kernel<at::nat...         0.00%       0.000us         0.00%       0.000us       0.000us       2.848us         0.00%       2.848us       1.424us             2  
void at::native::reduce_kernel<512, 1, at::native::R...         0.00%       0.000us         0.00%       0.000us       0.000us       2.560us         0.00%       2.560us       2.560us             1  
                                compute_position_kernel         0.00%       0.000us         0.00%       0.000us       0.000us       2.208us         0.00%       2.208us       2.208us             1  
void at::native::reduce_kernel<512, 1, at::native::R...         0.00%       0.000us         0.00%       0.000us       0.000us       2.016us         0.00%       2.016us       2.016us             1  
void at::native::unrolled_elementwise_kernel<at::nat...         0.00%       0.000us         0.00%       0.000us       0.000us       1.984us         0.00%       1.984us       1.984us             1  
triton_poi_fused_add_bitwise_and_bitwise_not_bitwise...         0.00%       0.000us         0.00%       0.000us       0.000us       1.888us         0.00%       1.888us       1.888us             1  
                    create_flashinfer_kv_indices_triton         0.00%       0.000us         0.00%       0.000us       0.000us       1.376us         0.00%       1.376us       1.376us             1  
void at::native::vectorized_elementwise_kernel<4, at...         0.00%       0.000us         0.00%       0.000us       0.000us       1.248us         0.00%       1.248us       1.248us             1  
void at::native::unrolled_elementwise_kernel<at::nat...         0.00%       0.000us         0.00%       0.000us       0.000us       1.088us         0.00%       1.088us       1.088us             1  
                                  cudaDeviceSynchronize        31.01%       3.941ms        31.01%       3.941ms       1.314ms       0.000us         0.00%       0.000us       0.000us             3  
                                Activity Buffer Request        12.44%       1.580ms        12.44%       1.580ms       1.580ms       0.000us         0.00%       0.000us       0.000us             1  
                               cudaPointerGetAttributes         0.04%       5.089us         0.04%       5.089us       5.089us       0.000us         0.00%       0.000us       0.000us             1  
                                  cudaStreamIsCapturing         0.68%      86.345us         0.68%      86.345us       0.649us       0.000us         0.00%       0.000us       0.000us           133  
                                        cudaMemcpyAsync        10.76%       1.367ms        10.76%       1.367ms      80.413us       0.000us         0.00%       0.000us       0.000us            17  
                               cudaEventRecordWithFlags         0.65%      82.752us         0.65%      82.752us       1.314us       0.000us         0.00%       0.000us       0.000us            63  
                                         cudaEventQuery         0.21%      26.451us         0.21%      26.451us       3.306us       0.000us         0.00%       0.000us       0.000us             8  
                                       cuLaunchKernelEx        15.16%       1.926ms        15.16%       1.926ms       5.891us       0.000us         0.00%       0.000us       0.000us           327  
                                       cudaLaunchKernel         8.40%       1.067ms         8.40%       1.067ms       5.863us       0.000us         0.00%       0.000us       0.000us           182  
                                  cudaStreamSynchronize         0.37%      47.185us         0.37%      47.185us      11.796us       0.000us         0.00%       0.000us       0.000us             4  
                                    cudaPeekAtLastError         0.01%       1.350us         0.01%       1.350us       0.113us       0.000us         0.00%       0.000us       0.000us            12  
cudaOccupancyMaxActiveBlocksPerMultiprocessorWithFla...         0.04%       5.327us         0.04%       5.327us       1.776us       0.000us         0.00%       0.000us       0.000us             3  
                                 cudaDeviceGetAttribute         0.24%      30.626us         0.24%      30.626us       1.021us       0.000us         0.00%       0.000us       0.000us            30  
                                    cudaLaunchKernelExC        10.61%       1.348ms        10.61%       1.348ms       6.239us       0.000us         0.00%       0.000us       0.000us           216  
                                         cuLaunchKernel         3.27%     415.085us         3.27%     415.085us       5.254us       0.000us         0.00%       0.000us       0.000us            79  
                                                INVALID         0.81%     102.557us         0.81%     102.557us       0.629us       0.000us         0.00%       0.000us       0.000us           163  
                                        cudaEventRecord         2.21%     281.214us         2.21%     281.214us       1.704us       0.000us         0.00%       0.000us       0.000us           165  
                                    cudaStreamWaitEvent         1.48%     188.281us         1.48%     188.281us       1.712us       0.000us         0.00%       0.000us       0.000us           110  
                                    cudaGetFuncBySymbol         0.77%      97.908us         0.77%      97.908us       1.780us       0.000us         0.00%       0.000us       0.000us            55  
                                   cudaDriverGetVersion         0.08%       9.890us         0.08%       9.890us       0.092us       0.000us         0.00%       0.000us       0.000us           108  
                                   cudaFuncSetAttribute         0.76%      96.772us         0.76%      96.772us       3.584us       0.000us         0.00%       0.000us       0.000us            27  
-------------------------------------------------------  ------------  ------------  ------------  ------------  ------------  ------------  ------------  ------------  ------------  ------------  
Self CPU time total: 12.706ms
Self CUDA time total: 62.755ms

-------------------------------------------------------  ------------  ------------  ------------  ------------  ------------  ------------  ------------  ------------  ------------  ------------  
                                                   Name    Self CPU %      Self CPU   CPU total %     CPU total  CPU time avg     Self CUDA   Self CUDA %    CUDA total  CUDA time avg    # of Calls  
-------------------------------------------------------  ------------  ------------  ------------  ------------  ------------  ------------  ------------  ------------  ------------  ------------  
ncclDevKernel_AllReduce_Sum_bf16_RING_LL(ncclDevKern...         0.00%       0.000us         0.00%       0.000us       0.000us      24.875ms        40.82%      24.875ms     452.279us            55  
                                       fused_moe_kernel         0.00%       0.000us         0.00%       0.000us       0.000us      19.093ms        31.33%      19.093ms     367.175us            52  
kernel_cutlass_kernel_flashinfernormkernelsfused_add...         0.00%       0.000us         0.00%       0.000us       0.000us       2.237ms         3.67%       2.237ms      41.422us            54  
void moe_sum_reduce_warp_per_token_vec_kernel<8>(c10...         0.00%       0.000us         0.00%       0.000us       0.000us       1.999ms         3.28%       1.999ms      76.892us            26  
void cutlass::device_kernel<cutlass::fmha::kernel::S...         0.00%       0.000us         0.00%       0.000us       0.000us       1.987ms         3.26%       1.987ms      73.583us            27  
void at::native::sbtopk::gatherTopK<float, unsigned ...         0.00%       0.000us         0.00%       0.000us       0.000us       1.467ms         2.41%       1.467ms      28.205us            52  
         nvjet_sm100_tst_128x256_64x6_2x1_2cta_v_bz_TNT         0.00%       0.000us         0.00%       0.000us       0.000us       1.241ms         2.04%       1.241ms      22.556us            55  
void count_and_sort_expert_tokens_kernel<int>(int co...         0.00%       0.000us         0.00%       0.000us       0.000us     940.284us         1.54%     940.284us      36.165us            26  
         nvjet_sm100_tst_176x128_64x8_2x2_2cta_h_bz_TNN         0.00%       0.000us         0.00%       0.000us       0.000us     905.757us         1.49%     905.757us      34.837us            26  
              nvjet_sm100_tst_192x176_64x4_1x2_h_bz_TNT         0.00%       0.000us         0.00%       0.000us       0.000us     889.982us         1.46%     889.982us      32.962us            27  
void (anonymous namespace)::act_and_mul_kernel<__nv_...         0.00%       0.000us         0.00%       0.000us       0.000us     797.401us         1.31%     797.401us      15.335us            52  
void at::native::vectorized_elementwise_kernel<8, at...         0.00%       0.000us         0.00%       0.000us       0.000us     720.770us         1.18%     720.770us      27.722us            26  
void moe_align_block_size_kernel<int>(int const*, in...         0.00%       0.000us         0.00%       0.000us       0.000us     632.320us         1.04%     632.320us      24.320us            26  
         nvjet_sm100_tst_192x128_64x6_2x2_2cta_h_bz_TNT         0.00%       0.000us         0.00%       0.000us       0.000us     626.878us         1.03%     626.878us      23.218us            27  
          nvjet_sm100_tss_32x256_64x6_2x2_2cta_h_bz_TNN         0.00%       0.000us         0.00%       0.000us       0.000us     540.383us         0.89%     540.383us      20.784us            26  
                           concat_and_cast_mha_k_kernel         0.00%       0.000us         0.00%       0.000us       0.000us     278.944us         0.46%     278.944us      10.331us            27  
              nvjet_sm100_tst_256x112_64x4_1x2_h_bz_TNT         0.00%       0.000us         0.00%       0.000us       0.000us     264.733us         0.43%     264.733us       9.805us            27  
kernel_cutlass_kernel_flashinfernormkernelsrmsnormRM...         0.00%       0.000us         0.00%       0.000us       0.000us     255.393us         0.42%     255.393us       9.459us            27  
triton_red_fused__softmax_exp_max_prepare_softmax_on...         0.00%       0.000us         0.00%       0.000us       0.000us     253.470us         0.42%     253.470us       9.749us            26  
void (anonymous namespace)::set_mla_kv_buffer_kernel...         0.00%       0.000us         0.00%       0.000us       0.000us     139.780us         0.23%     139.780us       5.177us            27  
void (anonymous namespace)::fused_rope_kernel<false,...         0.00%       0.000us         0.00%       0.000us       0.000us     132.928us         0.22%     132.928us       4.923us            27  
triton_poi_fused__softmax__to_copy_arange_bitwise_no...         0.00%       0.000us         0.00%       0.000us       0.000us     127.777us         0.21%     127.777us       4.915us            26  
flashinfer::plan_kernel(int*, int*, int*, int*, int*...         0.00%       0.000us         0.00%       0.000us       0.000us     107.616us         0.18%     107.616us     107.616us             1  
void at::native::elementwise_kernel<128, 4, at::nati...         0.00%       0.000us         0.00%       0.000us       0.000us      60.511us         0.10%      60.511us      60.511us             1  
void at::native::elementwise_kernel<128, 4, at::nati...         0.00%       0.000us         0.00%       0.000us       0.000us      59.232us         0.10%      59.232us      59.232us             1  
void at::native::elementwise_kernel<128, 4, at::nati...         0.00%       0.000us         0.00%       0.000us       0.000us      56.736us         0.09%      56.736us      56.736us             1  
                            triton_poi_fused__to_copy_2         0.00%       0.000us         0.00%       0.000us       0.000us      54.718us         0.09%      54.718us       2.105us            26  
                               _all_gather_kernel_inner         0.00%       0.000us         0.00%       0.000us       0.000us      27.584us         0.05%      27.584us      27.584us             1  
void at::native::reduce_kernel<512, 1, at::native::R...         0.00%       0.000us         0.00%       0.000us       0.000us      24.000us         0.04%      24.000us      24.000us             1  
kernel_cutlass_kernel_flashinfernormkernelsrmsnormRM...         0.00%       0.000us         0.00%       0.000us       0.000us      21.153us         0.03%      21.153us      21.153us             1  
void at::native::vectorized_gather_kernel<16, long>(...         0.00%       0.000us         0.00%       0.000us       0.000us      16.192us         0.03%      16.192us       8.096us             2  
                         Memcpy HtoD (Pinned -> Device)         0.00%       0.000us         0.00%       0.000us       0.000us      16.064us         0.03%      16.064us       2.008us             8  
               nvjet_sm100_tst_128x8_64x12_4x1_v_bz_TNT         0.00%       0.000us         0.00%       0.000us       0.000us      14.048us         0.02%      14.048us      14.048us             1  
                       Memcpy DtoH (Device -> Pageable)         0.00%       0.000us         0.00%       0.000us       0.000us       6.688us         0.01%       6.688us       3.344us             2  
                         Memcpy DtoH (Device -> Pinned)         0.00%       0.000us         0.00%       0.000us       0.000us       6.528us         0.01%       6.528us       3.264us             2  
                       Memcpy HtoD (Pageable -> Device)         0.00%       0.000us         0.00%       0.000us       0.000us       6.464us         0.01%       6.464us       1.293us             5  
void at::native::unrolled_elementwise_kernel<at::nat...         0.00%       0.000us         0.00%       0.000us       0.000us       6.208us         0.01%       6.208us       2.069us             3  
void at_cuda_detail::cub::detail::scan::DeviceScanKe...         0.00%       0.000us         0.00%       0.000us       0.000us       5.856us         0.01%       5.856us       1.952us             3  
void at::native::(anonymous namespace)::multi_tensor...         0.00%       0.000us         0.00%       0.000us       0.000us       5.568us         0.01%       5.568us       5.568us             1  
                         write_req_to_token_pool_triton         0.00%       0.000us         0.00%       0.000us       0.000us       5.312us         0.01%       5.312us       5.312us             1  
void at::native::unrolled_elementwise_kernel<at::nat...         0.00%       0.000us         0.00%       0.000us       0.000us       4.705us         0.01%       4.705us       4.705us             1  
void at_cuda_detail::cub::detail::scan::DeviceScanIn...         0.00%       0.000us         0.00%       0.000us       0.000us       4.224us         0.01%       4.224us       1.408us             3  
void at::native::vectorized_elementwise_kernel<2, at...         0.00%       0.000us         0.00%       0.000us       0.000us       3.968us         0.01%       3.968us       1.984us             2  
void at::native::unrolled_elementwise_kernel<at::nat...         0.00%       0.000us         0.00%       0.000us       0.000us       3.840us         0.01%       3.840us       1.920us             2  
void at::native::reduce_kernel<512, 1, at::native::R...         0.00%       0.000us         0.00%       0.000us       0.000us       3.296us         0.01%       3.296us       3.296us             1  
void at::native::reduce_kernel<512, 1, at::native::R...         0.00%       0.000us         0.00%       0.000us       0.000us       2.592us         0.00%       2.592us       2.592us             1  
                                compute_position_kernel         0.00%       0.000us         0.00%       0.000us       0.000us       2.144us         0.00%       2.144us       2.144us             1  
triton_poi_fused_add_bitwise_and_bitwise_not_bitwise...         0.00%       0.000us         0.00%       0.000us       0.000us       2.112us         0.00%       2.112us       2.112us             1  
void at::native::unrolled_elementwise_kernel<at::nat...         0.00%       0.000us         0.00%       0.000us       0.000us       2.080us         0.00%       2.080us       2.080us             1  
void at::native::vectorized_elementwise_kernel<4, at...         0.00%       0.000us         0.00%       0.000us       0.000us       1.983us         0.00%       1.983us       1.983us             1  
void at::native::unrolled_elementwise_kernel<at::nat...         0.00%       0.000us         0.00%       0.000us       0.000us       1.856us         0.00%       1.856us       1.856us             1  
                    create_flashinfer_kv_indices_triton         0.00%       0.000us         0.00%       0.000us       0.000us       1.408us         0.00%       1.408us       1.408us             1  
                                  cudaDeviceSynchronize        18.27%       2.114ms        18.27%       2.114ms     704.610us       0.000us         0.00%       0.000us       0.000us             3  
                                Activity Buffer Request        15.45%       1.787ms        15.45%       1.787ms       1.787ms       0.000us         0.00%       0.000us       0.000us             1  
                               cudaPointerGetAttributes         0.13%      14.919us         0.13%      14.919us      14.919us       0.000us         0.00%       0.000us       0.000us             1  
                                  cudaStreamIsCapturing         0.74%      85.424us         0.74%      85.424us       0.642us       0.000us         0.00%       0.000us       0.000us           133  
                                        cudaMemcpyAsync        11.24%       1.300ms        11.24%       1.300ms      76.452us       0.000us         0.00%       0.000us       0.000us            17  
                               cudaEventRecordWithFlags         0.69%      79.590us         0.69%      79.590us       1.263us       0.000us         0.00%       0.000us       0.000us            63  
                                         cudaEventQuery         3.11%     359.665us         3.14%     363.157us       2.374us       0.000us         0.00%       0.000us       0.000us           153  
                                       cuLaunchKernelEx        17.37%       2.009ms        17.49%       2.023ms       6.187us       0.000us         0.00%       0.000us       0.000us           327  
                                       cudaLaunchKernel         9.69%       1.121ms         9.69%       1.121ms       6.161us       0.000us         0.00%       0.000us       0.000us           182  
                                  cudaStreamSynchronize         0.58%      66.607us         0.58%      66.607us      16.652us       0.000us         0.00%       0.000us       0.000us             4  
                                    cudaPeekAtLastError         0.01%       1.245us         0.01%       1.245us       0.104us       0.000us         0.00%       0.000us       0.000us            12  
cudaOccupancyMaxActiveBlocksPerMultiprocessorWithFla...         0.05%       5.366us         0.05%       5.366us       1.789us       0.000us         0.00%       0.000us       0.000us             3  
                                 cudaDeviceGetAttribute         0.28%      32.811us         0.28%      32.811us       1.094us       0.000us         0.00%       0.000us       0.000us            30  
                                    cudaLaunchKernelExC        12.25%       1.417ms        12.33%       1.426ms       6.601us       0.000us         0.00%       0.000us       0.000us           216  
                                         cuLaunchKernel         3.74%     432.094us         3.74%     432.094us       5.470us       0.000us         0.00%       0.000us       0.000us            79  
                                                INVALID         0.91%     105.083us         0.91%     105.083us       0.645us       0.000us         0.00%       0.000us       0.000us           163  
                                        cudaEventRecord         2.20%     254.715us         2.20%     254.995us       1.545us       0.000us         0.00%       0.000us       0.000us           165  
                                    cudaStreamWaitEvent         1.38%     159.839us         1.38%     160.077us       1.455us       0.000us         0.00%       0.000us       0.000us           110  
                                    cudaGetFuncBySymbol         0.78%      90.365us         0.78%      90.365us       1.643us       0.000us         0.00%       0.000us       0.000us            55  
                                   cudaDriverGetVersion         0.09%      10.156us         0.09%      10.156us       0.094us       0.000us         0.00%       0.000us       0.000us           108  
                                   cudaFuncSetAttribute         0.83%      96.467us         0.85%      98.571us       3.651us       0.000us         0.00%       0.000us       0.000us            27  
                    cudaThreadExchangeStreamCaptureMode         0.22%      25.294us         0.22%      25.420us       0.259us       0.000us         0.00%       0.000us       0.000us            98  
-------------------------------------------------------  ------------  ------------  ------------  ------------  ------------  ------------  ------------  ------------  ------------  ------------  
Self CPU time total: 11.568ms
Self CUDA time total: 60.940ms

-------------------------------------------------------  ------------  ------------  ------------  ------------  ------------  ------------  ------------  ------------  ------------  ------------  
                                                   Name    Self CPU %      Self CPU   CPU total %     CPU total  CPU time avg     Self CUDA   Self CUDA %    CUDA total  CUDA time avg    # of Calls  
-------------------------------------------------------  ------------  ------------  ------------  ------------  ------------  ------------  ------------  ------------  ------------  ------------  
ncclDevKernel_AllReduce_Sum_bf16_RING_LL(ncclDevKern...         0.00%       0.000us         0.00%       0.000us       0.000us      27.200ms        42.90%      27.200ms     494.553us            55  
                                       fused_moe_kernel         0.00%       0.000us         0.00%       0.000us       0.000us      19.141ms        30.19%      19.141ms     368.092us            52  
kernel_cutlass_kernel_flashinfernormkernelsfused_add...         0.00%       0.000us         0.00%       0.000us       0.000us       2.272ms         3.58%       2.272ms      42.076us            54  
void moe_sum_reduce_warp_per_token_vec_kernel<8>(c10...         0.00%       0.000us         0.00%       0.000us       0.000us       1.998ms         3.15%       1.998ms      76.849us            26  
void cutlass::device_kernel<cutlass::fmha::kernel::S...         0.00%       0.000us         0.00%       0.000us       0.000us       1.987ms         3.13%       1.987ms      73.609us            27  
void at::native::sbtopk::gatherTopK<float, unsigned ...         0.00%       0.000us         0.00%       0.000us       0.000us       1.471ms         2.32%       1.471ms      28.279us            52  
         nvjet_sm100_tst_128x256_64x6_2x1_2cta_v_bz_TNT         0.00%       0.000us         0.00%       0.000us       0.000us       1.247ms         1.97%       1.247ms      22.672us            55  
void count_and_sort_expert_tokens_kernel<int>(int co...         0.00%       0.000us         0.00%       0.000us       0.000us     939.133us         1.48%     939.133us      36.121us            26  
         nvjet_sm100_tst_176x128_64x8_2x2_2cta_h_bz_TNN         0.00%       0.000us         0.00%       0.000us       0.000us     906.977us         1.43%     906.977us      34.884us            26  
              nvjet_sm100_tst_192x176_64x4_1x2_h_bz_TNT         0.00%       0.000us         0.00%       0.000us       0.000us     887.739us         1.40%     887.739us      32.879us            27  
void (anonymous namespace)::act_and_mul_kernel<__nv_...         0.00%       0.000us         0.00%       0.000us       0.000us     795.995us         1.26%     795.995us      15.308us            52  
void at::native::vectorized_elementwise_kernel<8, at...         0.00%       0.000us         0.00%       0.000us       0.000us     720.764us         1.14%     720.764us      27.722us            26  
void moe_align_block_size_kernel<int>(int const*, in...         0.00%       0.000us         0.00%       0.000us       0.000us     635.201us         1.00%     635.201us      24.431us            26  
         nvjet_sm100_tst_192x128_64x6_2x2_2cta_h_bz_TNT         0.00%       0.000us         0.00%       0.000us       0.000us     626.815us         0.99%     626.815us      23.215us            27  
          nvjet_sm100_tss_32x256_64x6_2x2_2cta_h_bz_TNN         0.00%       0.000us         0.00%       0.000us       0.000us     537.571us         0.85%     537.571us      20.676us            26  
                           concat_and_cast_mha_k_kernel         0.00%       0.000us         0.00%       0.000us       0.000us     278.785us         0.44%     278.785us      10.325us            27  
              nvjet_sm100_tst_256x112_64x4_1x2_h_bz_TNT         0.00%       0.000us         0.00%       0.000us       0.000us     263.554us         0.42%     263.554us       9.761us            27  
kernel_cutlass_kernel_flashinfernormkernelsrmsnormRM...         0.00%       0.000us         0.00%       0.000us       0.000us     257.886us         0.41%     257.886us       9.551us            27  
triton_red_fused__softmax_exp_max_prepare_softmax_on...         0.00%       0.000us         0.00%       0.000us       0.000us     253.410us         0.40%     253.410us       9.747us            26  
triton_poi_fused__softmax__to_copy_arange_bitwise_no...         0.00%       0.000us         0.00%       0.000us       0.000us     199.265us         0.31%     199.265us       7.664us            26  
void (anonymous namespace)::set_mla_kv_buffer_kernel...         0.00%       0.000us         0.00%       0.000us       0.000us     139.363us         0.22%     139.363us       5.162us            27  
void (anonymous namespace)::fused_rope_kernel<false,...         0.00%       0.000us         0.00%       0.000us       0.000us     133.955us         0.21%     133.955us       4.961us            27  
flashinfer::plan_kernel(int*, int*, int*, int*, int*...         0.00%       0.000us         0.00%       0.000us       0.000us     107.007us         0.17%     107.007us     107.007us             1  
void at::native::elementwise_kernel<128, 4, at::nati...         0.00%       0.000us         0.00%       0.000us       0.000us      60.512us         0.10%      60.512us      60.512us             1  
void at::native::elementwise_kernel<128, 4, at::nati...         0.00%       0.000us         0.00%       0.000us       0.000us      59.040us         0.09%      59.040us      59.040us             1  
void at::native::elementwise_kernel<128, 4, at::nati...         0.00%       0.000us         0.00%       0.000us       0.000us      57.056us         0.09%      57.056us      57.056us             1  
                            triton_poi_fused__to_copy_2         0.00%       0.000us         0.00%       0.000us       0.000us      52.227us         0.08%      52.227us       2.009us            26  
void at::native::reduce_kernel<512, 1, at::native::R...         0.00%       0.000us         0.00%       0.000us       0.000us      23.615us         0.04%      23.615us      23.615us             1  
kernel_cutlass_kernel_flashinfernormkernelsrmsnormRM...         0.00%       0.000us         0.00%       0.000us       0.000us      21.344us         0.03%      21.344us      21.344us             1  
                         Memcpy HtoD (Pinned -> Device)         0.00%       0.000us         0.00%       0.000us       0.000us      18.368us         0.03%      18.368us       2.296us             8  
void at::native::vectorized_gather_kernel<16, long>(...         0.00%       0.000us         0.00%       0.000us       0.000us      15.873us         0.03%      15.873us       7.937us             2  
               nvjet_sm100_tst_128x8_64x12_4x1_v_bz_TNT         0.00%       0.000us         0.00%       0.000us       0.000us      13.759us         0.02%      13.759us      13.759us             1  
                               _all_gather_kernel_inner         0.00%       0.000us         0.00%       0.000us       0.000us      11.424us         0.02%      11.424us      11.424us             1  
                       Memcpy HtoD (Pageable -> Device)         0.00%       0.000us         0.00%       0.000us       0.000us       7.775us         0.01%       7.775us       1.555us             5  
                         Memcpy DtoH (Device -> Pinned)         0.00%       0.000us         0.00%       0.000us       0.000us       6.975us         0.01%       6.975us       3.487us             2  
void at::native::unrolled_elementwise_kernel<at::nat...         0.00%       0.000us         0.00%       0.000us       0.000us       5.760us         0.01%       5.760us       1.920us             3  
                       Memcpy DtoH (Device -> Pageable)         0.00%       0.000us         0.00%       0.000us       0.000us       5.728us         0.01%       5.728us       2.864us             2  
                         write_req_to_token_pool_triton         0.00%       0.000us         0.00%       0.000us       0.000us       5.056us         0.01%       5.056us       5.056us             1  
void at::native::(anonymous namespace)::multi_tensor...         0.00%       0.000us         0.00%       0.000us       0.000us       5.024us         0.01%       5.024us       5.024us             1  
void at_cuda_detail::cub::detail::scan::DeviceScanKe...         0.00%       0.000us         0.00%       0.000us       0.000us       4.961us         0.01%       4.961us       1.654us             3  
void at::native::unrolled_elementwise_kernel<at::nat...         0.00%       0.000us         0.00%       0.000us       0.000us       4.735us         0.01%       4.735us       4.735us             1  
void at_cuda_detail::cub::detail::scan::DeviceScanIn...         0.00%       0.000us         0.00%       0.000us       0.000us       3.872us         0.01%       3.872us       1.291us             3  
void at::native::vectorized_elementwise_kernel<2, at...         0.00%       0.000us         0.00%       0.000us       0.000us       2.817us         0.00%       2.817us       1.408us             2  
void at::native::unrolled_elementwise_kernel<at::nat...         0.00%       0.000us         0.00%       0.000us       0.000us       2.592us         0.00%       2.592us       1.296us             2  
void at::native::reduce_kernel<512, 1, at::native::R...         0.00%       0.000us         0.00%       0.000us       0.000us       2.497us         0.00%       2.497us       2.497us             1  
                                compute_position_kernel         0.00%       0.000us         0.00%       0.000us       0.000us       2.176us         0.00%       2.176us       2.176us             1  
void at::native::reduce_kernel<512, 1, at::native::R...         0.00%       0.000us         0.00%       0.000us       0.000us       1.984us         0.00%       1.984us       1.984us             1  
void at::native::unrolled_elementwise_kernel<at::nat...         0.00%       0.000us         0.00%       0.000us       0.000us       1.920us         0.00%       1.920us       1.920us             1  
triton_poi_fused_add_bitwise_and_bitwise_not_bitwise...         0.00%       0.000us         0.00%       0.000us       0.000us       1.888us         0.00%       1.888us       1.888us             1  
                    create_flashinfer_kv_indices_triton         0.00%       0.000us         0.00%       0.000us       0.000us       1.344us         0.00%       1.344us       1.344us             1  
void at::native::vectorized_elementwise_kernel<4, at...         0.00%       0.000us         0.00%       0.000us       0.000us       1.184us         0.00%       1.184us       1.184us             1  
void at::native::unrolled_elementwise_kernel<at::nat...         0.00%       0.000us         0.00%       0.000us       0.000us       1.057us         0.00%       1.057us       1.057us             1  
                                  cudaDeviceSynchronize        35.34%       4.638ms        35.34%       4.638ms       1.546ms       0.000us         0.00%       0.000us       0.000us             3  
                                Activity Buffer Request        12.41%       1.628ms        12.41%       1.628ms       1.628ms       0.000us         0.00%       0.000us       0.000us             1  
                               cudaPointerGetAttributes         0.04%       5.215us         0.04%       5.215us       5.215us       0.000us         0.00%       0.000us       0.000us             1  
                                  cudaStreamIsCapturing         0.60%      79.084us         0.60%      79.084us       0.595us       0.000us         0.00%       0.000us       0.000us           133  
                                        cudaMemcpyAsync         3.20%     420.630us         3.20%     420.630us      24.743us       0.000us         0.00%       0.000us       0.000us            17  
                               cudaEventRecordWithFlags         0.60%      79.398us         0.60%      79.398us       1.260us       0.000us         0.00%       0.000us       0.000us            63  
                                         cudaEventQuery         2.95%     386.825us         2.95%     386.825us       2.480us       0.000us         0.00%       0.000us       0.000us           156  
                                       cuLaunchKernelEx        15.84%       2.079ms        15.85%       2.080ms       6.361us       0.000us         0.00%       0.000us       0.000us           327  
                                       cudaLaunchKernel         8.41%       1.103ms         8.57%       1.124ms       6.178us       0.000us         0.00%       0.000us       0.000us           182  
                                  cudaStreamSynchronize         0.45%      58.523us         0.45%      58.523us      14.631us       0.000us         0.00%       0.000us       0.000us             4  
                                    cudaPeekAtLastError         0.01%       1.294us         0.01%       1.294us       0.108us       0.000us         0.00%       0.000us       0.000us            12  
cudaOccupancyMaxActiveBlocksPerMultiprocessorWithFla...         0.04%       5.148us         0.04%       5.148us       1.716us       0.000us         0.00%       0.000us       0.000us             3  
                                 cudaDeviceGetAttribute         0.22%      28.875us         0.22%      28.875us       0.962us       0.000us         0.00%       0.000us       0.000us            30  
                                    cudaLaunchKernelExC        10.95%       1.437ms        10.95%       1.437ms       6.655us       0.000us         0.00%       0.000us       0.000us           216  
                                         cuLaunchKernel         3.25%     426.966us         3.36%     440.835us       5.580us       0.000us         0.00%       0.000us       0.000us            79  
                                                INVALID         0.76%     100.021us         0.76%     100.021us       0.614us       0.000us         0.00%       0.000us       0.000us           163  
                                        cudaEventRecord         2.04%     268.035us         2.04%     268.035us       1.624us       0.000us         0.00%       0.000us       0.000us           165  
                                    cudaStreamWaitEvent         1.32%     173.556us         1.32%     173.556us       1.578us       0.000us         0.00%       0.000us       0.000us           110  
                                    cudaGetFuncBySymbol         0.60%      78.727us         0.60%      78.727us       1.431us       0.000us         0.00%       0.000us       0.000us            55  
                                   cudaDriverGetVersion         0.08%      10.248us         0.08%      10.248us       0.095us       0.000us         0.00%       0.000us       0.000us           108  
                                   cudaFuncSetAttribute         0.68%      89.459us         0.68%      89.459us       3.313us       0.000us         0.00%       0.000us       0.000us            27  
                    cudaThreadExchangeStreamCaptureMode         0.20%      25.808us         0.20%      25.808us       0.248us       0.000us         0.00%       0.000us       0.000us           104  
-------------------------------------------------------  ------------  ------------  ------------  ------------  ------------  ------------  ------------  ------------  ------------  ------------  
Self CPU time total: 13.124ms
Self CUDA time total: 63.402ms

-------------------------------------------------------  ------------  ------------  ------------  ------------  ------------  ------------  ------------  ------------  ------------  ------------  
                                                   Name    Self CPU %      Self CPU   CPU total %     CPU total  CPU time avg     Self CUDA   Self CUDA %    CUDA total  CUDA time avg    # of Calls  
-------------------------------------------------------  ------------  ------------  ------------  ------------  ------------  ------------  ------------  ------------  ------------  ------------  
ncclDevKernel_AllReduce_Sum_bf16_RING_LL(ncclDevKern...         0.00%       0.000us         0.00%       0.000us       0.000us      26.047ms        41.75%      26.047ms     473.580us            55  
                                       fused_moe_kernel         0.00%       0.000us         0.00%       0.000us       0.000us      19.191ms        30.76%      19.191ms     369.067us            52  
kernel_cutlass_kernel_flashinfernormkernelsfused_add...         0.00%       0.000us         0.00%       0.000us       0.000us       2.289ms         3.67%       2.289ms      42.394us            54  
void moe_sum_reduce_warp_per_token_vec_kernel<8>(c10...         0.00%       0.000us         0.00%       0.000us       0.000us       1.999ms         3.20%       1.999ms      76.869us            26  
void cutlass::device_kernel<cutlass::fmha::kernel::S...         0.00%       0.000us         0.00%       0.000us       0.000us       1.983ms         3.18%       1.983ms      73.447us            27  
void at::native::sbtopk::gatherTopK<float, unsigned ...         0.00%       0.000us         0.00%       0.000us       0.000us       1.470ms         2.36%       1.470ms      28.275us            52  
         nvjet_sm100_tst_128x256_64x6_2x1_2cta_v_bz_TNT         0.00%       0.000us         0.00%       0.000us       0.000us       1.250ms         2.00%       1.250ms      22.734us            55  
void count_and_sort_expert_tokens_kernel<int>(int co...         0.00%       0.000us         0.00%       0.000us       0.000us     939.006us         1.51%     939.006us      36.116us            26  
         nvjet_sm100_tst_176x128_64x8_2x2_2cta_h_bz_TNN         0.00%       0.000us         0.00%       0.000us       0.000us     899.454us         1.44%     899.454us      34.594us            26  
              nvjet_sm100_tst_192x176_64x4_1x2_h_bz_TNT         0.00%       0.000us         0.00%       0.000us       0.000us     887.421us         1.42%     887.421us      32.867us            27  
void (anonymous namespace)::act_and_mul_kernel<__nv_...         0.00%       0.000us         0.00%       0.000us       0.000us     807.065us         1.29%     807.065us      15.520us            52  
void at::native::vectorized_elementwise_kernel<8, at...         0.00%       0.000us         0.00%       0.000us       0.000us     720.926us         1.16%     720.926us      27.728us            26  
void moe_align_block_size_kernel<int>(int const*, in...         0.00%       0.000us         0.00%       0.000us       0.000us     642.047us         1.03%     642.047us      24.694us            26  
         nvjet_sm100_tst_192x128_64x6_2x2_2cta_h_bz_TNT         0.00%       0.000us         0.00%       0.000us       0.000us     625.983us         1.00%     625.983us      23.185us            27  
          nvjet_sm100_tss_32x256_64x6_2x2_2cta_h_bz_TNN         0.00%       0.000us         0.00%       0.000us       0.000us     539.455us         0.86%     539.455us      20.748us            26  
                           concat_and_cast_mha_k_kernel         0.00%       0.000us         0.00%       0.000us       0.000us     277.151us         0.44%     277.151us      10.265us            27  
              nvjet_sm100_tst_256x112_64x4_1x2_h_bz_TNT         0.00%       0.000us         0.00%       0.000us       0.000us     265.089us         0.42%     265.089us       9.818us            27  
kernel_cutlass_kernel_flashinfernormkernelsrmsnormRM...         0.00%       0.000us         0.00%       0.000us       0.000us     258.337us         0.41%     258.337us       9.568us            27  
triton_red_fused__softmax_exp_max_prepare_softmax_on...         0.00%       0.000us         0.00%       0.000us       0.000us     253.821us         0.41%     253.821us       9.762us            26  
triton_poi_fused__softmax__to_copy_arange_bitwise_no...         0.00%       0.000us         0.00%       0.000us       0.000us     199.838us         0.32%     199.838us       7.686us            26  
void (anonymous namespace)::set_mla_kv_buffer_kernel...         0.00%       0.000us         0.00%       0.000us       0.000us     139.999us         0.22%     139.999us       5.185us            27  
void (anonymous namespace)::fused_rope_kernel<false,...         0.00%       0.000us         0.00%       0.000us       0.000us     132.640us         0.21%     132.640us       4.913us            27  
flashinfer::plan_kernel(int*, int*, int*, int*, int*...         0.00%       0.000us         0.00%       0.000us       0.000us     106.879us         0.17%     106.879us     106.879us             1  
                               _all_gather_kernel_inner         0.00%       0.000us         0.00%       0.000us       0.000us      63.904us         0.10%      63.904us      63.904us             1  
void at::native::elementwise_kernel<128, 4, at::nati...         0.00%       0.000us         0.00%       0.000us       0.000us      61.472us         0.10%      61.472us      61.472us             1  
void at::native::elementwise_kernel<128, 4, at::nati...         0.00%       0.000us         0.00%       0.000us       0.000us      59.551us         0.10%      59.551us      59.551us             1  
void at::native::elementwise_kernel<128, 4, at::nati...         0.00%       0.000us         0.00%       0.000us       0.000us      56.672us         0.09%      56.672us      56.672us             1  
                            triton_poi_fused__to_copy_2         0.00%       0.000us         0.00%       0.000us       0.000us      52.510us         0.08%      52.510us       2.020us            26  
void at::native::reduce_kernel<512, 1, at::native::R...         0.00%       0.000us         0.00%       0.000us       0.000us      23.616us         0.04%      23.616us      23.616us             1  
kernel_cutlass_kernel_flashinfernormkernelsrmsnormRM...         0.00%       0.000us         0.00%       0.000us       0.000us      20.992us         0.03%      20.992us      20.992us             1  
                         Memcpy HtoD (Pinned -> Device)         0.00%       0.000us         0.00%       0.000us       0.000us      18.046us         0.03%      18.046us       2.256us             8  
void at::native::vectorized_gather_kernel<16, long>(...         0.00%       0.000us         0.00%       0.000us       0.000us      15.872us         0.03%      15.872us       7.936us             2  
               nvjet_sm100_tst_128x8_64x12_4x1_v_bz_TNT         0.00%       0.000us         0.00%       0.000us       0.000us      13.792us         0.02%      13.792us      13.792us             1  
                       Memcpy HtoD (Pageable -> Device)         0.00%       0.000us         0.00%       0.000us       0.000us       8.225us         0.01%       8.225us       1.645us             5  
                       Memcpy DtoH (Device -> Pageable)         0.00%       0.000us         0.00%       0.000us       0.000us       6.880us         0.01%       6.880us       3.440us             2  
                         Memcpy DtoH (Device -> Pinned)         0.00%       0.000us         0.00%       0.000us       0.000us       6.336us         0.01%       6.336us       3.168us             2  
void at::native::unrolled_elementwise_kernel<at::nat...         0.00%       0.000us         0.00%       0.000us       0.000us       5.791us         0.01%       5.791us       1.930us             3  
                         write_req_to_token_pool_triton         0.00%       0.000us         0.00%       0.000us       0.000us       5.280us         0.01%       5.280us       5.280us             1  
void at_cuda_detail::cub::detail::scan::DeviceScanKe...         0.00%       0.000us         0.00%       0.000us       0.000us       5.056us         0.01%       5.056us       1.685us             3  
void at::native::(anonymous namespace)::multi_tensor...         0.00%       0.000us         0.00%       0.000us       0.000us       4.736us         0.01%       4.736us       4.736us             1  
void at::native::unrolled_elementwise_kernel<at::nat...         0.00%       0.000us         0.00%       0.000us       0.000us       4.000us         0.01%       4.000us       4.000us             1  
void at_cuda_detail::cub::detail::scan::DeviceScanIn...         0.00%       0.000us         0.00%       0.000us       0.000us       3.936us         0.01%       3.936us       1.312us             3  
void at::native::vectorized_elementwise_kernel<2, at...         0.00%       0.000us         0.00%       0.000us       0.000us       2.848us         0.00%       2.848us       1.424us             2  
void at::native::unrolled_elementwise_kernel<at::nat...         0.00%       0.000us         0.00%       0.000us       0.000us       2.624us         0.00%       2.624us       1.312us             2  
void at::native::reduce_kernel<512, 1, at::native::R...         0.00%       0.000us         0.00%       0.000us       0.000us       2.496us         0.00%       2.496us       2.496us             1  
                                compute_position_kernel         0.00%       0.000us         0.00%       0.000us       0.000us       2.175us         0.00%       2.175us       2.175us             1  
void at::native::reduce_kernel<512, 1, at::native::R...         0.00%       0.000us         0.00%       0.000us       0.000us       2.049us         0.00%       2.049us       2.049us             1  
triton_poi_fused_add_bitwise_and_bitwise_not_bitwise...         0.00%       0.000us         0.00%       0.000us       0.000us       1.920us         0.00%       1.920us       1.920us             1  
void at::native::unrolled_elementwise_kernel<at::nat...         0.00%       0.000us         0.00%       0.000us       0.000us       1.888us         0.00%       1.888us       1.888us             1  
                    create_flashinfer_kv_indices_triton         0.00%       0.000us         0.00%       0.000us       0.000us       1.344us         0.00%       1.344us       1.344us             1  
void at::native::vectorized_elementwise_kernel<4, at...         0.00%       0.000us         0.00%       0.000us       0.000us       1.216us         0.00%       1.216us       1.216us             1  
void at::native::unrolled_elementwise_kernel<at::nat...         0.00%       0.000us         0.00%       0.000us       0.000us       1.056us         0.00%       1.056us       1.056us             1  
                                  cudaDeviceSynchronize        10.90%       1.156ms        10.90%       1.156ms     385.350us       0.000us         0.00%       0.000us       0.000us             3  
                                Activity Buffer Request        15.64%       1.660ms        15.64%       1.660ms       1.660ms       0.000us         0.00%       0.000us       0.000us             1  
                               cudaPointerGetAttributes         0.05%       4.866us         0.05%       4.866us       4.866us       0.000us         0.00%       0.000us       0.000us             1  
                                  cudaStreamIsCapturing         0.83%      88.560us         0.83%      88.560us       0.666us       0.000us         0.00%       0.000us       0.000us           133  
                                        cudaMemcpyAsync        11.77%       1.248ms        11.77%       1.248ms      73.439us       0.000us         0.00%       0.000us       0.000us            17  
                               cudaEventRecordWithFlags         0.78%      83.235us         0.78%      83.235us       1.321us       0.000us         0.00%       0.000us       0.000us            63  
                                         cudaEventQuery         3.28%     347.878us         3.31%     351.470us       2.297us       0.000us         0.00%       0.000us       0.000us           153  
                                       cuLaunchKernelEx        19.29%       2.047ms        19.40%       2.058ms       6.294us       0.000us         0.00%       0.000us       0.000us           327  
                                       cudaLaunchKernel        10.85%       1.151ms        10.85%       1.151ms       6.324us       0.000us         0.00%       0.000us       0.000us           182  
                                  cudaStreamSynchronize         0.52%      55.402us         0.52%      55.402us      13.851us       0.000us         0.00%       0.000us       0.000us             4  
                                    cudaPeekAtLastError         0.01%       1.336us         0.01%       1.336us       0.111us       0.000us         0.00%       0.000us       0.000us            12  
cudaOccupancyMaxActiveBlocksPerMultiprocessorWithFla...         0.06%       5.845us         0.06%       5.845us       1.948us       0.000us         0.00%       0.000us       0.000us             3  
                                 cudaDeviceGetAttribute         0.30%      32.076us         0.30%      32.076us       1.069us       0.000us         0.00%       0.000us       0.000us            30  
                                    cudaLaunchKernelExC        13.90%       1.475ms        13.93%       1.478ms       6.840us       0.000us         0.00%       0.000us       0.000us           216  
                                         cuLaunchKernel         4.04%     428.828us         4.04%     428.828us       5.428us       0.000us         0.00%       0.000us       0.000us            79  
                                                INVALID         1.05%     111.090us         1.05%     111.090us       0.682us       0.000us         0.00%       0.000us       0.000us           163  
                                        cudaEventRecord         2.71%     287.412us         2.71%     287.967us       1.745us       0.000us         0.00%       0.000us       0.000us           165  
                                    cudaStreamWaitEvent         1.89%     200.981us         1.90%     201.189us       1.829us       0.000us         0.00%       0.000us       0.000us           110  
                                    cudaGetFuncBySymbol         0.87%      92.410us         0.87%      92.410us       1.680us       0.000us         0.00%       0.000us       0.000us            55  
                                   cudaDriverGetVersion         0.10%      10.355us         0.10%      10.355us       0.096us       0.000us         0.00%       0.000us       0.000us           108  
                                   cudaFuncSetAttribute         0.92%      97.806us         0.95%     100.625us       3.727us       0.000us         0.00%       0.000us       0.000us            27  
                    cudaThreadExchangeStreamCaptureMode         0.24%      25.272us         0.24%      25.272us       0.258us       0.000us         0.00%       0.000us       0.000us            98  
-------------------------------------------------------  ------------  ------------  ------------  ------------  ------------  ------------  ------------  ------------  ------------  ------------  
Self CPU time total: 10.611ms
Self CUDA time total: 62.381ms

-------------------------------------------------------  ------------  ------------  ------------  ------------  ------------  ------------  ------------  ------------  ------------  ------------  
                                                   Name    Self CPU %      Self CPU   CPU total %     CPU total  CPU time avg     Self CUDA   Self CUDA %    CUDA total  CUDA time avg    # of Calls  
-------------------------------------------------------  ------------  ------------  ------------  ------------  ------------  ------------  ------------  ------------  ------------  ------------  
ncclDevKernel_AllReduce_Sum_bf16_RING_LL(ncclDevKern...         0.00%       0.000us         0.00%       0.000us       0.000us      25.992ms        41.82%      25.992ms     472.576us            55  
                                       fused_moe_kernel         0.00%       0.000us         0.00%       0.000us       0.000us      19.160ms        30.83%      19.160ms     368.455us            52  
kernel_cutlass_kernel_flashinfernormkernelsfused_add...         0.00%       0.000us         0.00%       0.000us       0.000us       2.226ms         3.58%       2.226ms      41.226us            54  
void moe_sum_reduce_warp_per_token_vec_kernel<8>(c10...         0.00%       0.000us         0.00%       0.000us       0.000us       1.999ms         3.22%       1.999ms      76.881us            26  
void cutlass::device_kernel<cutlass::fmha::kernel::S...         0.00%       0.000us         0.00%       0.000us       0.000us       1.989ms         3.20%       1.989ms      73.681us            27  
void at::native::sbtopk::gatherTopK<float, unsigned ...         0.00%       0.000us         0.00%       0.000us       0.000us       1.468ms         2.36%       1.468ms      28.234us            52  
         nvjet_sm100_tst_128x256_64x6_2x1_2cta_v_bz_TNT         0.00%       0.000us         0.00%       0.000us       0.000us       1.245ms         2.00%       1.245ms      22.630us            55  
void count_and_sort_expert_tokens_kernel<int>(int co...         0.00%       0.000us         0.00%       0.000us       0.000us     940.796us         1.51%     940.796us      36.184us            26  
         nvjet_sm100_tst_176x128_64x8_2x2_2cta_h_bz_TNN         0.00%       0.000us         0.00%       0.000us       0.000us     914.650us         1.47%     914.650us      35.179us            26  
              nvjet_sm100_tst_192x176_64x4_1x2_h_bz_TNT         0.00%       0.000us         0.00%       0.000us       0.000us     887.550us         1.43%     887.550us      32.872us            27  
void (anonymous namespace)::act_and_mul_kernel<__nv_...         0.00%       0.000us         0.00%       0.000us       0.000us     806.909us         1.30%     806.909us      15.517us            52  
void at::native::vectorized_elementwise_kernel<8, at...         0.00%       0.000us         0.00%       0.000us       0.000us     721.246us         1.16%     721.246us      27.740us            26  
void moe_align_block_size_kernel<int>(int const*, in...         0.00%       0.000us         0.00%       0.000us       0.000us     637.440us         1.03%     637.440us      24.517us            26  
         nvjet_sm100_tst_192x128_64x6_2x2_2cta_h_bz_TNT         0.00%       0.000us         0.00%       0.000us       0.000us     625.309us         1.01%     625.309us      23.160us            27  
          nvjet_sm100_tss_32x256_64x6_2x2_2cta_h_bz_TNN         0.00%       0.000us         0.00%       0.000us       0.000us     541.601us         0.87%     541.601us      20.831us            26  
                           concat_and_cast_mha_k_kernel         0.00%       0.000us         0.00%       0.000us       0.000us     279.359us         0.45%     279.359us      10.347us            27  
              nvjet_sm100_tst_256x112_64x4_1x2_h_bz_TNT         0.00%       0.000us         0.00%       0.000us       0.000us     265.569us         0.43%     265.569us       9.836us            27  
kernel_cutlass_kernel_flashinfernormkernelsrmsnormRM...         0.00%       0.000us         0.00%       0.000us       0.000us     258.752us         0.42%     258.752us       9.583us            27  
triton_red_fused__softmax_exp_max_prepare_softmax_on...         0.00%       0.000us         0.00%       0.000us       0.000us     254.114us         0.41%     254.114us       9.774us            26  
void (anonymous namespace)::set_mla_kv_buffer_kernel...         0.00%       0.000us         0.00%       0.000us       0.000us     140.253us         0.23%     140.253us       5.195us            27  
void (anonymous namespace)::fused_rope_kernel<false,...         0.00%       0.000us         0.00%       0.000us       0.000us     134.270us         0.22%     134.270us       4.973us            27  
flashinfer::plan_kernel(int*, int*, int*, int*, int*...         0.00%       0.000us         0.00%       0.000us       0.000us     107.872us         0.17%     107.872us     107.872us             1  
triton_poi_fused__softmax__to_copy_arange_bitwise_no...         0.00%       0.000us         0.00%       0.000us       0.000us     106.143us         0.17%     106.143us       4.082us            26  
void at::native::elementwise_kernel<128, 4, at::nati...         0.00%       0.000us         0.00%       0.000us       0.000us      60.928us         0.10%      60.928us      60.928us             1  
void at::native::elementwise_kernel<128, 4, at::nati...         0.00%       0.000us         0.00%       0.000us       0.000us      59.296us         0.10%      59.296us      59.296us             1  
void at::native::elementwise_kernel<128, 4, at::nati...         0.00%       0.000us         0.00%       0.000us       0.000us      56.768us         0.09%      56.768us      56.768us             1  
                            triton_poi_fused__to_copy_2         0.00%       0.000us         0.00%       0.000us       0.000us      53.888us         0.09%      53.888us       2.073us            26  
                               _all_gather_kernel_inner         0.00%       0.000us         0.00%       0.000us       0.000us      52.160us         0.08%      52.160us      52.160us             1  
void at::native::reduce_kernel<512, 1, at::native::R...         0.00%       0.000us         0.00%       0.000us       0.000us      23.488us         0.04%      23.488us      23.488us             1  
kernel_cutlass_kernel_flashinfernormkernelsrmsnormRM...         0.00%       0.000us         0.00%       0.000us       0.000us      20.992us         0.03%      20.992us      20.992us             1  
void at::native::vectorized_gather_kernel<16, long>(...         0.00%       0.000us         0.00%       0.000us       0.000us      16.289us         0.03%      16.289us       8.144us             2  
                         Memcpy HtoD (Pinned -> Device)         0.00%       0.000us         0.00%       0.000us       0.000us      15.362us         0.02%      15.362us       1.920us             8  
               nvjet_sm100_tst_128x8_64x12_4x1_v_bz_TNT         0.00%       0.000us         0.00%       0.000us       0.000us      13.505us         0.02%      13.505us      13.505us             1  
                       Memcpy HtoD (Pageable -> Device)         0.00%       0.000us         0.00%       0.000us       0.000us       8.095us         0.01%       8.095us       1.619us             5  
                         Memcpy DtoH (Device -> Pinned)         0.00%       0.000us         0.00%       0.000us       0.000us       7.072us         0.01%       7.072us       3.536us             2  
                       Memcpy DtoH (Device -> Pageable)         0.00%       0.000us         0.00%       0.000us       0.000us       6.751us         0.01%       6.751us       3.376us             2  
void at::native::unrolled_elementwise_kernel<at::nat...         0.00%       0.000us         0.00%       0.000us       0.000us       6.079us         0.01%       6.079us       2.026us             3  
void at_cuda_detail::cub::detail::scan::DeviceScanKe...         0.00%       0.000us         0.00%       0.000us       0.000us       5.759us         0.01%       5.759us       1.920us             3  
                         write_req_to_token_pool_triton         0.00%       0.000us         0.00%       0.000us       0.000us       5.088us         0.01%       5.088us       5.088us             1  
void at::native::(anonymous namespace)::multi_tensor...         0.00%       0.000us         0.00%       0.000us       0.000us       5.056us         0.01%       5.056us       5.056us             1  
void at_cuda_detail::cub::detail::scan::DeviceScanIn...         0.00%       0.000us         0.00%       0.000us       0.000us       4.223us         0.01%       4.223us       1.408us             3  
void at::native::unrolled_elementwise_kernel<at::nat...         0.00%       0.000us         0.00%       0.000us       0.000us       4.031us         0.01%       4.031us       4.031us             1  
void at::native::unrolled_elementwise_kernel<at::nat...         0.00%       0.000us         0.00%       0.000us       0.000us       3.904us         0.01%       3.904us       1.952us             2  
void at::native::vectorized_elementwise_kernel<2, at...         0.00%       0.000us         0.00%       0.000us       0.000us       3.808us         0.01%       3.808us       1.904us             2  
void at::native::reduce_kernel<512, 1, at::native::R...         0.00%       0.000us         0.00%       0.000us       0.000us       3.072us         0.00%       3.072us       3.072us             1  
void at::native::reduce_kernel<512, 1, at::native::R...         0.00%       0.000us         0.00%       0.000us       0.000us       2.560us         0.00%       2.560us       2.560us             1  
triton_poi_fused_add_bitwise_and_bitwise_not_bitwise...         0.00%       0.000us         0.00%       0.000us       0.000us       2.144us         0.00%       2.144us       2.144us             1  
                                compute_position_kernel         0.00%       0.000us         0.00%       0.000us       0.000us       2.048us         0.00%       2.048us       2.048us             1  
void at::native::unrolled_elementwise_kernel<at::nat...         0.00%       0.000us         0.00%       0.000us       0.000us       1.984us         0.00%       1.984us       1.984us             1  
void at::native::vectorized_elementwise_kernel<4, at...         0.00%       0.000us         0.00%       0.000us       0.000us       1.952us         0.00%       1.952us       1.952us             1  
void at::native::unrolled_elementwise_kernel<at::nat...         0.00%       0.000us         0.00%       0.000us       0.000us       1.856us         0.00%       1.856us       1.856us             1  
                    create_flashinfer_kv_indices_triton         0.00%       0.000us         0.00%       0.000us       0.000us       1.216us         0.00%       1.216us       1.216us             1  
                                  cudaDeviceSynchronize        23.50%       2.938ms        23.50%       2.938ms     979.181us       0.000us         0.00%       0.000us       0.000us             3  
                                Activity Buffer Request        13.02%       1.627ms        13.02%       1.627ms       1.627ms       0.000us         0.00%       0.000us       0.000us             1  
                               cudaPointerGetAttributes         0.04%       5.448us         0.04%       5.448us       5.448us       0.000us         0.00%       0.000us       0.000us             1  
                                  cudaStreamIsCapturing         0.68%      85.603us         0.68%      85.603us       0.644us       0.000us         0.00%       0.000us       0.000us           133  
                                        cudaMemcpyAsync        11.21%       1.401ms        11.21%       1.401ms      82.398us       0.000us         0.00%       0.000us       0.000us            17  
                               cudaEventRecordWithFlags         0.68%      84.983us         0.68%      84.983us       1.349us       0.000us         0.00%       0.000us       0.000us            63  
                                         cudaEventQuery         3.24%     405.312us         3.24%     405.312us       2.533us       0.000us         0.00%       0.000us       0.000us           160  
                                       cuLaunchKernelEx        16.65%       2.081ms        16.72%       2.090ms       6.391us       0.000us         0.00%       0.000us       0.000us           327  
                                       cudaLaunchKernel         9.03%       1.129ms         9.10%       1.137ms       6.248us       0.000us         0.00%       0.000us       0.000us           182  
                                  cudaStreamSynchronize         0.56%      69.401us         0.56%      69.401us      17.350us       0.000us         0.00%       0.000us       0.000us             4  
                                    cudaPeekAtLastError         0.01%       1.291us         0.01%       1.291us       0.108us       0.000us         0.00%       0.000us       0.000us            12  
cudaOccupancyMaxActiveBlocksPerMultiprocessorWithFla...         0.04%       4.879us         0.04%       4.879us       1.626us       0.000us         0.00%       0.000us       0.000us             3  
                                 cudaDeviceGetAttribute         0.23%      28.407us         0.23%      28.407us       0.947us       0.000us         0.00%       0.000us       0.000us            30  
                                    cudaLaunchKernelExC        11.58%       1.448ms        11.63%       1.454ms       6.730us       0.000us         0.00%       0.000us       0.000us           216  
                                         cuLaunchKernel         3.46%     432.864us         3.60%     450.500us       5.703us       0.000us         0.00%       0.000us       0.000us            79  
                                                INVALID         0.81%     100.728us         0.81%     100.728us       0.618us       0.000us         0.00%       0.000us       0.000us           163  
                                        cudaEventRecord         2.18%     272.795us         2.18%     272.795us       1.653us       0.000us         0.00%       0.000us       0.000us           165  
                                    cudaStreamWaitEvent         1.37%     171.149us         1.37%     171.149us       1.556us       0.000us         0.00%       0.000us       0.000us           110  
                                    cudaGetFuncBySymbol         0.65%      81.733us         0.65%      81.733us       1.486us       0.000us         0.00%       0.000us       0.000us            55  
                                   cudaDriverGetVersion         0.08%       9.893us         0.08%       9.893us       0.092us       0.000us         0.00%       0.000us       0.000us           108  
                                   cudaFuncSetAttribute         0.75%      93.953us         0.75%      93.953us       3.480us       0.000us         0.00%       0.000us       0.000us            27  
                    cudaThreadExchangeStreamCaptureMode         0.22%      27.729us         0.22%      27.729us       0.267us       0.000us         0.00%       0.000us       0.000us           104  
-------------------------------------------------------  ------------  ------------  ------------  ------------  ------------  ------------  ------------  ------------  ------------  ------------  
Self CPU time total: 12.499ms
Self CUDA time total: 62.150ms

-------------------------------------------------------  ------------  ------------  ------------  ------------  ------------  ------------  ------------  ------------  ------------  ------------  
                                                   Name    Self CPU %      Self CPU   CPU total %     CPU total  CPU time avg     Self CUDA   Self CUDA %    CUDA total  CUDA time avg    # of Calls  
-------------------------------------------------------  ------------  ------------  ------------  ------------  ------------  ------------  ------------  ------------  ------------  ------------  
                                       fused_moe_kernel         0.00%       0.000us         0.00%       0.000us       0.000us      19.152ms        38.25%      19.152ms     368.312us            52  
ncclDevKernel_AllReduce_Sum_bf16_RING_LL(ncclDevKern...         0.00%       0.000us         0.00%       0.000us       0.000us      14.086ms        28.13%      14.086ms     256.100us            55  
kernel_cutlass_kernel_flashinfernormkernelsfused_add...         0.00%       0.000us         0.00%       0.000us       0.000us       2.089ms         4.17%       2.089ms      38.686us            54  
void cutlass::device_kernel<cutlass::fmha::kernel::S...         0.00%       0.000us         0.00%       0.000us       0.000us       2.009ms         4.01%       2.009ms      74.391us            27  
void moe_sum_reduce_warp_per_token_vec_kernel<8>(c10...         0.00%       0.000us         0.00%       0.000us       0.000us       1.998ms         3.99%       1.998ms      76.843us            26  
void at::native::sbtopk::gatherTopK<float, unsigned ...         0.00%       0.000us         0.00%       0.000us       0.000us       1.469ms         2.93%       1.469ms      28.245us            52  
         nvjet_sm100_tst_128x256_64x6_2x1_2cta_v_bz_TNT         0.00%       0.000us         0.00%       0.000us       0.000us       1.246ms         2.49%       1.246ms      22.651us            55  
void count_and_sort_expert_tokens_kernel<int>(int co...         0.00%       0.000us         0.00%       0.000us       0.000us     937.211us         1.87%     937.211us      36.047us            26  
         nvjet_sm100_tst_176x128_64x8_2x2_2cta_h_bz_TNN         0.00%       0.000us         0.00%       0.000us       0.000us     910.399us         1.82%     910.399us      35.015us            26  
              nvjet_sm100_tst_192x176_64x4_1x2_h_bz_TNT         0.00%       0.000us         0.00%       0.000us       0.000us     886.299us         1.77%     886.299us      32.826us            27  
void (anonymous namespace)::act_and_mul_kernel<__nv_...         0.00%       0.000us         0.00%       0.000us       0.000us     801.342us         1.60%     801.342us      15.410us            52  
void at::native::vectorized_elementwise_kernel<8, at...         0.00%       0.000us         0.00%       0.000us       0.000us     721.278us         1.44%     721.278us      27.741us            26  
void moe_align_block_size_kernel<int>(int const*, in...         0.00%       0.000us         0.00%       0.000us       0.000us     636.446us         1.27%     636.446us      24.479us            26  
         nvjet_sm100_tst_192x128_64x6_2x2_2cta_h_bz_TNT         0.00%       0.000us         0.00%       0.000us       0.000us     630.333us         1.26%     630.333us      23.346us            27  
          nvjet_sm100_tss_32x256_64x6_2x2_2cta_h_bz_TNN         0.00%       0.000us         0.00%       0.000us       0.000us     545.182us         1.09%     545.182us      20.969us            26  
                           concat_and_cast_mha_k_kernel         0.00%       0.000us         0.00%       0.000us       0.000us     278.143us         0.56%     278.143us      10.302us            27  
              nvjet_sm100_tst_256x112_64x4_1x2_h_bz_TNT         0.00%       0.000us         0.00%       0.000us       0.000us     267.072us         0.53%     267.072us       9.892us            27  
kernel_cutlass_kernel_flashinfernormkernelsrmsnormRM...         0.00%       0.000us         0.00%       0.000us       0.000us     254.913us         0.51%     254.913us       9.441us            27  
triton_red_fused__softmax_exp_max_prepare_softmax_on...         0.00%       0.000us         0.00%       0.000us       0.000us     248.835us         0.50%     248.835us       9.571us            26  
void (anonymous namespace)::set_mla_kv_buffer_kernel...         0.00%       0.000us         0.00%       0.000us       0.000us     140.483us         0.28%     140.483us       5.203us            27  
void (anonymous namespace)::fused_rope_kernel<false,...         0.00%       0.000us         0.00%       0.000us       0.000us     133.217us         0.27%     133.217us       4.934us            27  
triton_poi_fused__softmax__to_copy_arange_bitwise_no...         0.00%       0.000us         0.00%       0.000us       0.000us     129.439us         0.26%     129.439us       4.978us            26  
flashinfer::plan_kernel(int*, int*, int*, int*, int*...         0.00%       0.000us         0.00%       0.000us       0.000us     107.455us         0.21%     107.455us     107.455us             1  
void at::native::elementwise_kernel<128, 4, at::nati...         0.00%       0.000us         0.00%       0.000us       0.000us      60.607us         0.12%      60.607us      60.607us             1  
void at::native::elementwise_kernel<128, 4, at::nati...         0.00%       0.000us         0.00%       0.000us       0.000us      59.392us         0.12%      59.392us      59.392us             1  
void at::native::elementwise_kernel<128, 4, at::nati...         0.00%       0.000us         0.00%       0.000us       0.000us      56.736us         0.11%      56.736us      56.736us             1  
                            triton_poi_fused__to_copy_2         0.00%       0.000us         0.00%       0.000us       0.000us      52.413us         0.10%      52.413us       2.016us            26  
void at::native::reduce_kernel<512, 1, at::native::R...         0.00%       0.000us         0.00%       0.000us       0.000us      24.128us         0.05%      24.128us      24.128us             1  
kernel_cutlass_kernel_flashinfernormkernelsrmsnormRM...         0.00%       0.000us         0.00%       0.000us       0.000us      20.160us         0.04%      20.160us      20.160us             1  
                         Memcpy HtoD (Pinned -> Device)         0.00%       0.000us         0.00%       0.000us       0.000us      16.767us         0.03%      16.767us       2.096us             8  
void at::native::vectorized_gather_kernel<16, long>(...         0.00%       0.000us         0.00%       0.000us       0.000us      15.968us         0.03%      15.968us       7.984us             2  
               nvjet_sm100_tst_128x8_64x12_4x1_v_bz_TNT         0.00%       0.000us         0.00%       0.000us       0.000us      13.376us         0.03%      13.376us      13.376us             1  
                               _all_gather_kernel_inner         0.00%       0.000us         0.00%       0.000us       0.000us       8.736us         0.02%       8.736us       8.736us             1  
                         Memcpy DtoH (Device -> Pinned)         0.00%       0.000us         0.00%       0.000us       0.000us       7.041us         0.01%       7.041us       3.521us             2  
                       Memcpy DtoH (Device -> Pageable)         0.00%       0.000us         0.00%       0.000us       0.000us       6.464us         0.01%       6.464us       3.232us             2  
                       Memcpy HtoD (Pageable -> Device)         0.00%       0.000us         0.00%       0.000us       0.000us       6.367us         0.01%       6.367us       1.273us             5  
void at::native::unrolled_elementwise_kernel<at::nat...         0.00%       0.000us         0.00%       0.000us       0.000us       6.176us         0.01%       6.176us       2.059us             3  
void at::native::(anonymous namespace)::multi_tensor...         0.00%       0.000us         0.00%       0.000us       0.000us       5.632us         0.01%       5.632us       5.632us             1  
void at_cuda_detail::cub::detail::scan::DeviceScanKe...         0.00%       0.000us         0.00%       0.000us       0.000us       5.248us         0.01%       5.248us       1.749us             3  
                         write_req_to_token_pool_triton         0.00%       0.000us         0.00%       0.000us       0.000us       4.928us         0.01%       4.928us       4.928us             1  
void at::native::unrolled_elementwise_kernel<at::nat...         0.00%       0.000us         0.00%       0.000us       0.000us       4.737us         0.01%       4.737us       4.737us             1  
void at_cuda_detail::cub::detail::scan::DeviceScanIn...         0.00%       0.000us         0.00%       0.000us       0.000us       4.033us         0.01%       4.033us       1.344us             3  
void at::native::vectorized_elementwise_kernel<2, at...         0.00%       0.000us         0.00%       0.000us       0.000us       2.912us         0.01%       2.912us       1.456us             2  
void at::native::unrolled_elementwise_kernel<at::nat...         0.00%       0.000us         0.00%       0.000us       0.000us       2.753us         0.01%       2.753us       1.376us             2  
void at::native::reduce_kernel<512, 1, at::native::R...         0.00%       0.000us         0.00%       0.000us       0.000us       2.655us         0.01%       2.655us       2.655us             1  
                                compute_position_kernel         0.00%       0.000us         0.00%       0.000us       0.000us       2.208us         0.00%       2.208us       2.208us             1  
triton_poi_fused_add_bitwise_and_bitwise_not_bitwise...         0.00%       0.000us         0.00%       0.000us       0.000us       2.144us         0.00%       2.144us       2.144us             1  
void at::native::reduce_kernel<512, 1, at::native::R...         0.00%       0.000us         0.00%       0.000us       0.000us       2.048us         0.00%       2.048us       2.048us             1  
void at::native::unrolled_elementwise_kernel<at::nat...         0.00%       0.000us         0.00%       0.000us       0.000us       1.984us         0.00%       1.984us       1.984us             1  
                    create_flashinfer_kv_indices_triton         0.00%       0.000us         0.00%       0.000us       0.000us       1.344us         0.00%       1.344us       1.344us             1  
void at::native::vectorized_elementwise_kernel<4, at...         0.00%       0.000us         0.00%       0.000us       0.000us       1.216us         0.00%       1.216us       1.216us             1  
void at::native::unrolled_elementwise_kernel<at::nat...         0.00%       0.000us         0.00%       0.000us       0.000us       1.088us         0.00%       1.088us       1.088us             1  
                                  cudaDeviceSynchronize         2.43%     250.044us         2.43%     250.044us      83.348us       0.000us         0.00%       0.000us       0.000us             3  
                                Activity Buffer Request        14.71%       1.512ms        14.71%       1.512ms       1.512ms       0.000us         0.00%       0.000us       0.000us             1  
                               cudaPointerGetAttributes         0.10%      10.075us         0.10%      10.075us      10.075us       0.000us         0.00%       0.000us       0.000us             1  
                                  cudaStreamIsCapturing         0.86%      87.958us         0.86%      87.958us       0.661us       0.000us         0.00%       0.000us       0.000us           133  
                                        cudaMemcpyAsync        15.34%       1.576ms        15.34%       1.576ms      92.722us       0.000us         0.00%       0.000us       0.000us            17  
                               cudaEventRecordWithFlags         0.89%      91.649us         0.89%      91.649us       1.455us       0.000us         0.00%       0.000us       0.000us            63  
                                         cudaEventQuery         3.55%     364.300us         3.55%     364.300us       2.397us       0.000us         0.00%       0.000us       0.000us           152  
                                       cuLaunchKernelEx        21.55%       2.214ms        21.56%       2.215ms       6.772us       0.000us         0.00%       0.000us       0.000us           327  
                                       cudaLaunchKernel        12.44%       1.277ms        12.57%       1.291ms       7.093us       0.000us         0.00%       0.000us       0.000us           182  
                                  cudaStreamSynchronize         0.31%      31.757us         0.31%      31.757us       7.939us       0.000us         0.00%       0.000us       0.000us             4  
                                    cudaPeekAtLastError         0.01%       1.353us         0.01%       1.353us       0.113us       0.000us         0.00%       0.000us       0.000us            12  
cudaOccupancyMaxActiveBlocksPerMultiprocessorWithFla...         0.05%       5.259us         0.05%       5.259us       1.753us       0.000us         0.00%       0.000us       0.000us             3  
                                 cudaDeviceGetAttribute         0.30%      30.547us         0.30%      30.547us       1.018us       0.000us         0.00%       0.000us       0.000us            30  
                                    cudaLaunchKernelExC        15.16%       1.558ms        15.16%       1.558ms       7.211us       0.000us         0.00%       0.000us       0.000us           216  
                                         cuLaunchKernel         4.64%     477.008us         4.75%     488.126us       6.179us       0.000us         0.00%       0.000us       0.000us            79  
                                                INVALID         1.03%     105.476us         1.03%     105.476us       0.647us       0.000us         0.00%       0.000us       0.000us           163  
                                        cudaEventRecord         2.62%     269.081us         2.62%     269.081us       1.631us       0.000us         0.00%       0.000us       0.000us           165  
                                    cudaStreamWaitEvent         1.67%     172.020us         1.67%     172.020us       1.564us       0.000us         0.00%       0.000us       0.000us           110  
                                    cudaGetFuncBySymbol         0.91%      93.988us         0.91%      93.988us       1.709us       0.000us         0.00%       0.000us       0.000us            55  
                                   cudaDriverGetVersion         0.10%      10.211us         0.10%      10.211us       0.095us       0.000us         0.00%       0.000us       0.000us           108  
                                   cudaFuncSetAttribute         1.06%     109.363us         1.06%     109.363us       4.050us       0.000us         0.00%       0.000us       0.000us            27  
                    cudaThreadExchangeStreamCaptureMode         0.25%      25.382us         0.25%      25.382us       0.264us       0.000us         0.00%       0.000us       0.000us            96  
-------------------------------------------------------  ------------  ------------  ------------  ------------  ------------  ------------  ------------  ------------  ------------  ------------  
Self CPU time total: 10.272ms
Self CUDA time total: 50.075ms

-------------------------------------------------------  ------------  ------------  ------------  ------------  ------------  ------------  ------------  ------------  ------------  ------------  
                                                   Name    Self CPU %      Self CPU   CPU total %     CPU total  CPU time avg     Self CUDA   Self CUDA %    CUDA total  CUDA time avg    # of Calls  
-------------------------------------------------------  ------------  ------------  ------------  ------------  ------------  ------------  ------------  ------------  ------------  ------------  
ncclDevKernel_AllReduce_Sum_bf16_RING_LL(ncclDevKern...         0.00%       0.000us         0.00%       0.000us       0.000us      25.681ms        41.61%      25.681ms     466.932us            55  
                                       fused_moe_kernel         0.00%       0.000us         0.00%       0.000us       0.000us      19.114ms        30.97%      19.114ms     367.582us            52  
kernel_cutlass_kernel_flashinfernormkernelsfused_add...         0.00%       0.000us         0.00%       0.000us       0.000us       2.145ms         3.48%       2.145ms      39.730us            54  
void moe_sum_reduce_warp_per_token_vec_kernel<8>(c10...         0.00%       0.000us         0.00%       0.000us       0.000us       1.994ms         3.23%       1.994ms      76.698us            26  
void cutlass::device_kernel<cutlass::fmha::kernel::S...         0.00%       0.000us         0.00%       0.000us       0.000us       1.986ms         3.22%       1.986ms      73.539us            27  
void at::native::sbtopk::gatherTopK<float, unsigned ...         0.00%       0.000us         0.00%       0.000us       0.000us       1.464ms         2.37%       1.464ms      28.153us            52  
         nvjet_sm100_tst_128x256_64x6_2x1_2cta_v_bz_TNT         0.00%       0.000us         0.00%       0.000us       0.000us       1.242ms         2.01%       1.242ms      22.576us            55  
void count_and_sort_expert_tokens_kernel<int>(int co...         0.00%       0.000us         0.00%       0.000us       0.000us     939.802us         1.52%     939.802us      36.146us            26  
         nvjet_sm100_tst_176x128_64x8_2x2_2cta_h_bz_TNN         0.00%       0.000us         0.00%       0.000us       0.000us     913.087us         1.48%     913.087us      35.119us            26  
              nvjet_sm100_tst_192x176_64x4_1x2_h_bz_TNT         0.00%       0.000us         0.00%       0.000us       0.000us     886.113us         1.44%     886.113us      32.819us            27  
void (anonymous namespace)::act_and_mul_kernel<__nv_...         0.00%       0.000us         0.00%       0.000us       0.000us     798.624us         1.29%     798.624us      15.358us            52  
void at::native::vectorized_elementwise_kernel<8, at...         0.00%       0.000us         0.00%       0.000us       0.000us     724.255us         1.17%     724.255us      27.856us            26  
void moe_align_block_size_kernel<int>(int const*, in...         0.00%       0.000us         0.00%       0.000us       0.000us     637.788us         1.03%     637.788us      24.530us            26  
         nvjet_sm100_tst_192x128_64x6_2x2_2cta_h_bz_TNT         0.00%       0.000us         0.00%       0.000us       0.000us     625.857us         1.01%     625.857us      23.180us            27  
          nvjet_sm100_tss_32x256_64x6_2x2_2cta_h_bz_TNN         0.00%       0.000us         0.00%       0.000us       0.000us     535.296us         0.87%     535.296us      20.588us            26  
                           concat_and_cast_mha_k_kernel         0.00%       0.000us         0.00%       0.000us       0.000us     280.351us         0.45%     280.351us      10.383us            27  
              nvjet_sm100_tst_256x112_64x4_1x2_h_bz_TNT         0.00%       0.000us         0.00%       0.000us       0.000us     263.103us         0.43%     263.103us       9.745us            27  
kernel_cutlass_kernel_flashinfernormkernelsrmsnormRM...         0.00%       0.000us         0.00%       0.000us       0.000us     258.624us         0.42%     258.624us       9.579us            27  
triton_red_fused__softmax_exp_max_prepare_softmax_on...         0.00%       0.000us         0.00%       0.000us       0.000us     253.536us         0.41%     253.536us       9.751us            26  
void (anonymous namespace)::set_mla_kv_buffer_kernel...         0.00%       0.000us         0.00%       0.000us       0.000us     138.785us         0.22%     138.785us       5.140us            27  
void (anonymous namespace)::fused_rope_kernel<false,...         0.00%       0.000us         0.00%       0.000us       0.000us     134.912us         0.22%     134.912us       4.997us            27  
triton_poi_fused__softmax__to_copy_arange_bitwise_no...         0.00%       0.000us         0.00%       0.000us       0.000us     128.448us         0.21%     128.448us       4.940us            26  
flashinfer::plan_kernel(int*, int*, int*, int*, int*...         0.00%       0.000us         0.00%       0.000us       0.000us     107.583us         0.17%     107.583us     107.583us             1  
                               _all_gather_kernel_inner         0.00%       0.000us         0.00%       0.000us       0.000us      77.344us         0.13%      77.344us      77.344us             1  
void at::native::elementwise_kernel<128, 4, at::nati...         0.00%       0.000us         0.00%       0.000us       0.000us      60.544us         0.10%      60.544us      60.544us             1  
void at::native::elementwise_kernel<128, 4, at::nati...         0.00%       0.000us         0.00%       0.000us       0.000us      58.880us         0.10%      58.880us      58.880us             1  
void at::native::elementwise_kernel<128, 4, at::nati...         0.00%       0.000us         0.00%       0.000us       0.000us      56.896us         0.09%      56.896us      56.896us             1  
                            triton_poi_fused__to_copy_2         0.00%       0.000us         0.00%       0.000us       0.000us      53.184us         0.09%      53.184us       2.046us            26  
void at::native::reduce_kernel<512, 1, at::native::R...         0.00%       0.000us         0.00%       0.000us       0.000us      23.808us         0.04%      23.808us      23.808us             1  
kernel_cutlass_kernel_flashinfernormkernelsrmsnormRM...         0.00%       0.000us         0.00%       0.000us       0.000us      21.344us         0.03%      21.344us      21.344us             1  
void at::native::vectorized_gather_kernel<16, long>(...         0.00%       0.000us         0.00%       0.000us       0.000us      16.416us         0.03%      16.416us       8.208us             2  
                         Memcpy HtoD (Pinned -> Device)         0.00%       0.000us         0.00%       0.000us       0.000us      13.665us         0.02%      13.665us       1.708us             8  
               nvjet_sm100_tst_128x8_64x12_4x1_v_bz_TNT         0.00%       0.000us         0.00%       0.000us       0.000us      13.408us         0.02%      13.408us      13.408us             1  
                       Memcpy HtoD (Pageable -> Device)         0.00%       0.000us         0.00%       0.000us       0.000us       7.328us         0.01%       7.328us       1.466us             5  
void at::native::unrolled_elementwise_kernel<at::nat...         0.00%       0.000us         0.00%       0.000us       0.000us       6.208us         0.01%       6.208us       2.069us             3  
                       Memcpy DtoH (Device -> Pageable)         0.00%       0.000us         0.00%       0.000us       0.000us       6.016us         0.01%       6.016us       3.008us             2  
void at_cuda_detail::cub::detail::scan::DeviceScanKe...         0.00%       0.000us         0.00%       0.000us       0.000us       5.730us         0.01%       5.730us       1.910us             3  
                         Memcpy DtoH (Device -> Pinned)         0.00%       0.000us         0.00%       0.000us       0.000us       5.472us         0.01%       5.472us       2.736us             2  
                         write_req_to_token_pool_triton         0.00%       0.000us         0.00%       0.000us       0.000us       5.088us         0.01%       5.088us       5.088us             1  
void at::native::(anonymous namespace)::multi_tensor...         0.00%       0.000us         0.00%       0.000us       0.000us       4.832us         0.01%       4.832us       4.832us             1  
void at_cuda_detail::cub::detail::scan::DeviceScanIn...         0.00%       0.000us         0.00%       0.000us       0.000us       4.225us         0.01%       4.225us       1.408us             3  
void at::native::unrolled_elementwise_kernel<at::nat...         0.00%       0.000us         0.00%       0.000us       0.000us       3.968us         0.01%       3.968us       3.968us             1  
void at::native::unrolled_elementwise_kernel<at::nat...         0.00%       0.000us         0.00%       0.000us       0.000us       3.873us         0.01%       3.873us       1.937us             2  
void at::native::vectorized_elementwise_kernel<2, at...         0.00%       0.000us         0.00%       0.000us       0.000us       3.808us         0.01%       3.808us       1.904us             2  
void at::native::reduce_kernel<512, 1, at::native::R...         0.00%       0.000us         0.00%       0.000us       0.000us       3.040us         0.00%       3.040us       3.040us             1  
void at::native::reduce_kernel<512, 1, at::native::R...         0.00%       0.000us         0.00%       0.000us       0.000us       2.592us         0.00%       2.592us       2.592us             1  
triton_poi_fused_add_bitwise_and_bitwise_not_bitwise...         0.00%       0.000us         0.00%       0.000us       0.000us       2.080us         0.00%       2.080us       2.080us             1  
                                compute_position_kernel         0.00%       0.000us         0.00%       0.000us       0.000us       2.048us         0.00%       2.048us       2.048us             1  
void at::native::vectorized_elementwise_kernel<4, at...         0.00%       0.000us         0.00%       0.000us       0.000us       1.984us         0.00%       1.984us       1.984us             1  
void at::native::unrolled_elementwise_kernel<at::nat...         0.00%       0.000us         0.00%       0.000us       0.000us       1.856us         0.00%       1.856us       1.856us             1  
void at::native::unrolled_elementwise_kernel<at::nat...         0.00%       0.000us         0.00%       0.000us       0.000us       1.824us         0.00%       1.824us       1.824us             1  
                    create_flashinfer_kv_indices_triton         0.00%       0.000us         0.00%       0.000us       0.000us       1.183us         0.00%       1.183us       1.183us             1  
                                  cudaDeviceSynchronize        21.11%       2.385ms        21.11%       2.385ms     794.848us       0.000us         0.00%       0.000us       0.000us             3  
                                Activity Buffer Request        13.96%       1.577ms        13.96%       1.577ms       1.577ms       0.000us         0.00%       0.000us       0.000us             1  
                               cudaPointerGetAttributes         0.04%       4.666us         0.04%       4.666us       4.666us       0.000us         0.00%       0.000us       0.000us             1  
                                  cudaStreamIsCapturing         0.75%      84.233us         0.75%      84.233us       0.633us       0.000us         0.00%       0.000us       0.000us           133  
                                        cudaMemcpyAsync        11.31%       1.277ms        11.31%       1.277ms      75.106us       0.000us         0.00%       0.000us       0.000us            17  
                               cudaEventRecordWithFlags         0.64%      72.415us         0.64%      72.415us       1.149us       0.000us         0.00%       0.000us       0.000us            63  
                                         cudaEventQuery         3.03%     342.639us         3.03%     342.639us       2.225us       0.000us         0.00%       0.000us       0.000us           154  
                                       cuLaunchKernelEx        16.94%       1.913ms        17.03%       1.923ms       5.881us       0.000us         0.00%       0.000us       0.000us           327  
                                       cudaLaunchKernel         9.42%       1.064ms         9.47%       1.069ms       5.875us       0.000us         0.00%       0.000us       0.000us           182  
                                  cudaStreamSynchronize         0.60%      67.631us         0.60%      67.631us      16.908us       0.000us         0.00%       0.000us       0.000us             4  
                                    cudaPeekAtLastError         0.01%       1.237us         0.01%       1.237us       0.103us       0.000us         0.00%       0.000us       0.000us            12  
cudaOccupancyMaxActiveBlocksPerMultiprocessorWithFla...         0.05%       5.321us         0.05%       5.321us       1.774us       0.000us         0.00%       0.000us       0.000us             3  
                                 cudaDeviceGetAttribute         0.26%      28.873us         0.26%      28.873us       0.962us       0.000us         0.00%       0.000us       0.000us            30  
                                    cudaLaunchKernelExC        11.81%       1.334ms        11.88%       1.341ms       6.210us       0.000us         0.00%       0.000us       0.000us           216  
                                         cuLaunchKernel         3.52%     397.145us         3.54%     399.363us       5.055us       0.000us         0.00%       0.000us       0.000us            79  
                                                INVALID         0.87%      98.447us         0.87%      98.447us       0.604us       0.000us         0.00%       0.000us       0.000us           163  
                                        cudaEventRecord         2.32%     262.201us         2.32%     262.201us       1.589us       0.000us         0.00%       0.000us       0.000us           165  
                                    cudaStreamWaitEvent         1.51%     170.871us         1.51%     170.871us       1.553us       0.000us         0.00%       0.000us       0.000us           110  
                                    cudaGetFuncBySymbol         0.71%      80.209us         0.71%      80.209us       1.458us       0.000us         0.00%       0.000us       0.000us            55  
                                   cudaDriverGetVersion         0.09%      10.021us         0.09%      10.021us       0.093us       0.000us         0.00%       0.000us       0.000us           108  
                                   cudaFuncSetAttribute         0.81%      91.160us         0.81%      91.160us       3.376us       0.000us         0.00%       0.000us       0.000us            27  
                    cudaThreadExchangeStreamCaptureMode         0.24%      27.270us         0.24%      27.270us       0.273us       0.000us         0.00%       0.000us       0.000us           100  
-------------------------------------------------------  ------------  ------------  ------------  ------------  ------------  ------------  ------------  ------------  ------------  ------------  
Self CPU time total: 11.294ms
Self CUDA time total: 61.721ms

-------------------------------------------------------  ------------  ------------  ------------  ------------  ------------  ------------  ------------  ------------  ------------  ------------  
                                                   Name    Self CPU %      Self CPU   CPU total %     CPU total  CPU time avg     Self CUDA   Self CUDA %    CUDA total  CUDA time avg    # of Calls  
-------------------------------------------------------  ------------  ------------  ------------  ------------  ------------  ------------  ------------  ------------  ------------  ------------  
ncclDevKernel_AllReduce_Sum_bf16_RING_LL(ncclDevKern...         0.00%       0.000us         0.00%       0.000us       0.000us      26.199ms        42.02%      26.199ms     476.354us            55  
                                       fused_moe_kernel         0.00%       0.000us         0.00%       0.000us       0.000us      19.166ms        30.74%      19.166ms     368.572us            52  
kernel_cutlass_kernel_flashinfernormkernelsfused_add...         0.00%       0.000us         0.00%       0.000us       0.000us       2.294ms         3.68%       2.294ms      42.483us            54  
void moe_sum_reduce_warp_per_token_vec_kernel<8>(c10...         0.00%       0.000us         0.00%       0.000us       0.000us       2.001ms         3.21%       2.001ms      76.962us            26  
void cutlass::device_kernel<cutlass::fmha::kernel::S...         0.00%       0.000us         0.00%       0.000us       0.000us       1.980ms         3.18%       1.980ms      73.320us            27  
void at::native::sbtopk::gatherTopK<float, unsigned ...         0.00%       0.000us         0.00%       0.000us       0.000us       1.465ms         2.35%       1.465ms      28.180us            52  
         nvjet_sm100_tst_128x256_64x6_2x1_2cta_v_bz_TNT         0.00%       0.000us         0.00%       0.000us       0.000us       1.238ms         1.99%       1.238ms      22.516us            55  
void count_and_sort_expert_tokens_kernel<int>(int co...         0.00%       0.000us         0.00%       0.000us       0.000us     935.451us         1.50%     935.451us      35.979us            26  
         nvjet_sm100_tst_176x128_64x8_2x2_2cta_h_bz_TNN         0.00%       0.000us         0.00%       0.000us       0.000us     904.570us         1.45%     904.570us      34.791us            26  
void (anonymous namespace)::act_and_mul_kernel<__nv_...         0.00%       0.000us         0.00%       0.000us       0.000us     807.162us         1.29%     807.162us      15.522us            52  
         nvjet_sm100_tst_144x128_64x8_2x2_2cta_h_bz_TNN         0.00%       0.000us         0.00%       0.000us       0.000us     788.704us         1.27%     788.704us      29.211us            27  
void at::native::vectorized_elementwise_kernel<8, at...         0.00%       0.000us         0.00%       0.000us       0.000us     719.007us         1.15%     719.007us      27.654us            26  
         nvjet_sm100_tst_192x128_64x6_2x2_2cta_h_bz_TNT         0.00%       0.000us         0.00%       0.000us       0.000us     626.433us         1.00%     626.433us      23.201us            27  
void moe_align_block_size_kernel<int>(int const*, in...         0.00%       0.000us         0.00%       0.000us       0.000us     617.824us         0.99%     617.824us      23.762us            26  
          nvjet_sm100_tss_32x256_64x6_2x2_2cta_h_bz_TNN         0.00%       0.000us         0.00%       0.000us       0.000us     542.270us         0.87%     542.270us      20.857us            26  
                           concat_and_cast_mha_k_kernel         0.00%       0.000us         0.00%       0.000us       0.000us     277.958us         0.45%     277.958us      10.295us            27  
         nvjet_sm100_tst_256x128_64x5_2x2_2cta_h_bz_TNT         0.00%       0.000us         0.00%       0.000us       0.000us     260.703us         0.42%     260.703us       9.656us            27  
triton_red_fused__softmax_exp_max_prepare_softmax_on...         0.00%       0.000us         0.00%       0.000us       0.000us     253.569us         0.41%     253.569us       9.753us            26  
kernel_cutlass_kernel_flashinfernormkernelsrmsnormRM...         0.00%       0.000us         0.00%       0.000us       0.000us     235.267us         0.38%     235.267us       8.714us            27  
triton_poi_fused__softmax__to_copy_arange_bitwise_no...         0.00%       0.000us         0.00%       0.000us       0.000us     199.453us         0.32%     199.453us       7.671us            26  
void (anonymous namespace)::set_mla_kv_buffer_kernel...         0.00%       0.000us         0.00%       0.000us       0.000us     140.578us         0.23%     140.578us       5.207us            27  
void (anonymous namespace)::fused_rope_kernel<false,...         0.00%       0.000us         0.00%       0.000us       0.000us     133.055us         0.21%     133.055us       4.928us            27  
flashinfer::plan_kernel(int*, int*, int*, int*, int*...         0.00%       0.000us         0.00%       0.000us       0.000us     107.103us         0.17%     107.103us     107.103us             1  
                               _all_gather_kernel_inner         0.00%       0.000us         0.00%       0.000us       0.000us      63.840us         0.10%      63.840us      63.840us             1  
void at::native::elementwise_kernel<128, 4, at::nati...         0.00%       0.000us         0.00%       0.000us       0.000us      60.864us         0.10%      60.864us      60.864us             1  
void at::native::elementwise_kernel<128, 4, at::nati...         0.00%       0.000us         0.00%       0.000us       0.000us      59.520us         0.10%      59.520us      59.520us             1  
void at::native::elementwise_kernel<128, 4, at::nati...         0.00%       0.000us         0.00%       0.000us       0.000us      56.704us         0.09%      56.704us      56.704us             1  
                            triton_poi_fused__to_copy_2         0.00%       0.000us         0.00%       0.000us       0.000us      51.837us         0.08%      51.837us       1.994us            26  
void at::native::reduce_kernel<512, 1, at::native::R...         0.00%       0.000us         0.00%       0.000us       0.000us      23.680us         0.04%      23.680us      23.680us             1  
kernel_cutlass_kernel_flashinfernormkernelsrmsnormRM...         0.00%       0.000us         0.00%       0.000us       0.000us      21.280us         0.03%      21.280us      21.280us             1  
                         Memcpy HtoD (Pinned -> Device)         0.00%       0.000us         0.00%       0.000us       0.000us      16.547us         0.03%      16.547us       2.068us             8  
void at::native::vectorized_gather_kernel<16, long>(...         0.00%       0.000us         0.00%       0.000us       0.000us      15.392us         0.02%      15.392us       7.696us             2  
               nvjet_sm100_tst_128x8_64x12_4x1_v_bz_TNT         0.00%       0.000us         0.00%       0.000us       0.000us      13.600us         0.02%      13.600us      13.600us             1  
                         Memcpy DtoH (Device -> Pinned)         0.00%       0.000us         0.00%       0.000us       0.000us       6.975us         0.01%       6.975us       3.487us             2  
                       Memcpy DtoH (Device -> Pageable)         0.00%       0.000us         0.00%       0.000us       0.000us       6.784us         0.01%       6.784us       3.392us             2  
                       Memcpy HtoD (Pageable -> Device)         0.00%       0.000us         0.00%       0.000us       0.000us       6.272us         0.01%       6.272us       1.254us             5  
void at::native::unrolled_elementwise_kernel<at::nat...         0.00%       0.000us         0.00%       0.000us       0.000us       5.505us         0.01%       5.505us       1.835us             3  
void at_cuda_detail::cub::detail::scan::DeviceScanKe...         0.00%       0.000us         0.00%       0.000us       0.000us       4.992us         0.01%       4.992us       1.664us             3  
                         write_req_to_token_pool_triton         0.00%       0.000us         0.00%       0.000us       0.000us       4.768us         0.01%       4.768us       4.768us             1  
void at::native::(anonymous namespace)::multi_tensor...         0.00%       0.000us         0.00%       0.000us       0.000us       4.704us         0.01%       4.704us       4.704us             1  
void at_cuda_detail::cub::detail::scan::DeviceScanIn...         0.00%       0.000us         0.00%       0.000us       0.000us       4.320us         0.01%       4.320us       1.440us             3  
void at::native::unrolled_elementwise_kernel<at::nat...         0.00%       0.000us         0.00%       0.000us       0.000us       4.096us         0.01%       4.096us       4.096us             1  
void at::native::vectorized_elementwise_kernel<2, at...         0.00%       0.000us         0.00%       0.000us       0.000us       3.520us         0.01%       3.520us       1.760us             2  
void at::native::unrolled_elementwise_kernel<at::nat...         0.00%       0.000us         0.00%       0.000us       0.000us       3.039us         0.00%       3.039us       1.519us             2  
void at::native::reduce_kernel<512, 1, at::native::R...         0.00%       0.000us         0.00%       0.000us       0.000us       2.495us         0.00%       2.495us       2.495us             1  
void at::native::reduce_kernel<512, 1, at::native::R...         0.00%       0.000us         0.00%       0.000us       0.000us       2.271us         0.00%       2.271us       2.271us             1  
                                compute_position_kernel         0.00%       0.000us         0.00%       0.000us       0.000us       2.016us         0.00%       2.016us       2.016us             1  
void at::native::vectorized_elementwise_kernel<4, at...         0.00%       0.000us         0.00%       0.000us       0.000us       1.888us         0.00%       1.888us       1.888us             1  
triton_poi_fused_add_bitwise_and_bitwise_not_bitwise...         0.00%       0.000us         0.00%       0.000us       0.000us       1.728us         0.00%       1.728us       1.728us             1  
void at::native::unrolled_elementwise_kernel<at::nat...         0.00%       0.000us         0.00%       0.000us       0.000us       1.504us         0.00%       1.504us       1.504us             1  
void at::native::unrolled_elementwise_kernel<at::nat...         0.00%       0.000us         0.00%       0.000us       0.000us       1.215us         0.00%       1.215us       1.215us             1  
                    create_flashinfer_kv_indices_triton         0.00%       0.000us         0.00%       0.000us       0.000us       0.832us         0.00%       0.832us       0.832us             1  
                                  cudaDeviceSynchronize        19.83%       2.233ms        19.83%       2.233ms     744.255us       0.000us         0.00%       0.000us       0.000us             3  
                                Activity Buffer Request        13.51%       1.522ms        13.51%       1.522ms       1.522ms       0.000us         0.00%       0.000us       0.000us             1  
                               cudaPointerGetAttributes         0.04%       4.644us         0.04%       4.644us       4.644us       0.000us         0.00%       0.000us       0.000us             1  
                                  cudaStreamIsCapturing         0.77%      86.567us         0.77%      86.567us       0.651us       0.000us         0.00%       0.000us       0.000us           133  
                                        cudaMemcpyAsync        11.23%       1.265ms        11.23%       1.265ms      74.393us       0.000us         0.00%       0.000us       0.000us            17  
                               cudaEventRecordWithFlags         0.73%      82.057us         0.73%      82.057us       1.302us       0.000us         0.00%       0.000us       0.000us            63  
                                         cudaEventQuery         1.79%     202.047us         1.81%     203.334us       2.234us       0.000us         0.00%       0.000us       0.000us            91  
                                       cuLaunchKernelEx        18.02%       2.029ms        18.04%       2.032ms       6.213us       0.000us         0.00%       0.000us       0.000us           327  
                                       cudaLaunchKernel         9.55%       1.076ms         9.55%       1.076ms       5.911us       0.000us         0.00%       0.000us       0.000us           182  
                                  cudaStreamSynchronize         0.65%      72.851us         0.65%      72.851us      18.213us       0.000us         0.00%       0.000us       0.000us             4  
                                    cudaPeekAtLastError         0.01%       1.295us         0.01%       1.295us       0.108us       0.000us         0.00%       0.000us       0.000us            12  
cudaOccupancyMaxActiveBlocksPerMultiprocessorWithFla...         0.05%       5.102us         0.05%       5.102us       1.701us       0.000us         0.00%       0.000us       0.000us             3  
                                 cudaDeviceGetAttribute         0.28%      31.038us         0.28%      31.038us       1.035us       0.000us         0.00%       0.000us       0.000us            30  
                                    cudaLaunchKernelExC        12.51%       1.408ms        12.51%       1.409ms       6.524us       0.000us         0.00%       0.000us       0.000us           216  
                                         cuLaunchKernel         3.98%     448.041us         3.98%     448.041us       5.671us       0.000us         0.00%       0.000us       0.000us            79  
                                                INVALID         0.96%     107.759us         0.96%     107.759us       0.661us       0.000us         0.00%       0.000us       0.000us           163  
                                        cudaEventRecord         2.54%     286.546us         2.54%     286.546us       1.737us       0.000us         0.00%       0.000us       0.000us           165  
                                    cudaStreamWaitEvent         1.67%     187.991us         1.67%     187.991us       1.709us       0.000us         0.00%       0.000us       0.000us           110  
                                    cudaGetFuncBySymbol         0.82%      92.131us         0.82%      92.131us       1.675us       0.000us         0.00%       0.000us       0.000us            55  
                                   cudaDriverGetVersion         0.09%      10.367us         0.09%      10.367us       0.096us       0.000us         0.00%       0.000us       0.000us           108  
                                   cudaFuncSetAttribute         0.86%      96.568us         0.87%      98.471us       3.647us       0.000us         0.00%       0.000us       0.000us            27  
                    cudaThreadExchangeStreamCaptureMode         0.12%      14.012us         0.13%      14.079us       0.243us       0.000us         0.00%       0.000us       0.000us            58  
-------------------------------------------------------  ------------  ------------  ------------  ------------  ------------  ------------  ------------  ------------  ------------  ------------  
Self CPU time total: 11.261ms
Self CUDA time total: 62.345ms

-------------------------------------------------------  ------------  ------------  ------------  ------------  ------------  ------------  ------------  ------------  ------------  ------------  
                                                   Name    Self CPU %      Self CPU   CPU total %     CPU total  CPU time avg     Self CUDA   Self CUDA %    CUDA total  CUDA time avg    # of Calls  
-------------------------------------------------------  ------------  ------------  ------------  ------------  ------------  ------------  ------------  ------------  ------------  ------------  
ncclDevKernel_AllReduce_Sum_bf16_RING_LL(ncclDevKern...         0.00%       0.000us         0.00%       0.000us       0.000us      27.644ms        43.46%      27.644ms     502.626us            55  
                                       fused_moe_kernel         0.00%       0.000us         0.00%       0.000us       0.000us      19.069ms        29.98%      19.069ms     366.718us            52  
kernel_cutlass_kernel_flashinfernormkernelsfused_add...         0.00%       0.000us         0.00%       0.000us       0.000us       2.270ms         3.57%       2.270ms      42.040us            54  
void moe_sum_reduce_warp_per_token_vec_kernel<8>(c10...         0.00%       0.000us         0.00%       0.000us       0.000us       2.001ms         3.15%       2.001ms      76.951us            26  
void cutlass::device_kernel<cutlass::fmha::kernel::S...         0.00%       0.000us         0.00%       0.000us       0.000us       1.982ms         3.12%       1.982ms      73.396us            27  
void at::native::sbtopk::gatherTopK<float, unsigned ...         0.00%       0.000us         0.00%       0.000us       0.000us       1.464ms         2.30%       1.464ms      28.152us            52  
         nvjet_sm100_tst_128x256_64x6_2x1_2cta_v_bz_TNT         0.00%       0.000us         0.00%       0.000us       0.000us       1.241ms         1.95%       1.241ms      22.560us            55  
void count_and_sort_expert_tokens_kernel<int>(int co...         0.00%       0.000us         0.00%       0.000us       0.000us     932.125us         1.47%     932.125us      35.851us            26  
         nvjet_sm100_tst_176x128_64x8_2x2_2cta_h_bz_TNN         0.00%       0.000us         0.00%       0.000us       0.000us     907.297us         1.43%     907.297us      34.896us            26  
         nvjet_sm100_tst_144x128_64x8_2x2_2cta_h_bz_TNN         0.00%       0.000us         0.00%       0.000us       0.000us     798.208us         1.25%     798.208us      29.563us            27  
void (anonymous namespace)::act_and_mul_kernel<__nv_...         0.00%       0.000us         0.00%       0.000us       0.000us     797.758us         1.25%     797.758us      15.342us            52  
void at::native::vectorized_elementwise_kernel<8, at...         0.00%       0.000us         0.00%       0.000us       0.000us     719.071us         1.13%     719.071us      27.657us            26  
void moe_align_block_size_kernel<int>(int const*, in...         0.00%       0.000us         0.00%       0.000us       0.000us     643.483us         1.01%     643.483us      24.749us            26  
         nvjet_sm100_tst_192x128_64x6_2x2_2cta_h_bz_TNT         0.00%       0.000us         0.00%       0.000us       0.000us     627.550us         0.99%     627.550us      23.243us            27  
          nvjet_sm100_tss_32x256_64x6_2x2_2cta_h_bz_TNN         0.00%       0.000us         0.00%       0.000us       0.000us     542.907us         0.85%     542.907us      20.881us            26  
                           concat_and_cast_mha_k_kernel         0.00%       0.000us         0.00%       0.000us       0.000us     279.262us         0.44%     279.262us      10.343us            27  
         nvjet_sm100_tst_256x128_64x5_2x2_2cta_h_bz_TNT         0.00%       0.000us         0.00%       0.000us       0.000us     259.267us         0.41%     259.267us       9.602us            27  
triton_red_fused__softmax_exp_max_prepare_softmax_on...         0.00%       0.000us         0.00%       0.000us       0.000us     252.957us         0.40%     252.957us       9.729us            26  
kernel_cutlass_kernel_flashinfernormkernelsrmsnormRM...         0.00%       0.000us         0.00%       0.000us       0.000us     235.232us         0.37%     235.232us       8.712us            27  
void (anonymous namespace)::set_mla_kv_buffer_kernel...         0.00%       0.000us         0.00%       0.000us       0.000us     139.551us         0.22%     139.551us       5.169us            27  
void (anonymous namespace)::fused_rope_kernel<false,...         0.00%       0.000us         0.00%       0.000us       0.000us     133.152us         0.21%     133.152us       4.932us            27  
triton_poi_fused__softmax__to_copy_arange_bitwise_no...         0.00%       0.000us         0.00%       0.000us       0.000us     127.389us         0.20%     127.389us       4.900us            26  
flashinfer::plan_kernel(int*, int*, int*, int*, int*...         0.00%       0.000us         0.00%       0.000us       0.000us     107.424us         0.17%     107.424us     107.424us             1  
void at::native::elementwise_kernel<128, 4, at::nati...         0.00%       0.000us         0.00%       0.000us       0.000us      60.736us         0.10%      60.736us      60.736us             1  
void at::native::elementwise_kernel<128, 4, at::nati...         0.00%       0.000us         0.00%       0.000us       0.000us      59.360us         0.09%      59.360us      59.360us             1  
void at::native::elementwise_kernel<128, 4, at::nati...         0.00%       0.000us         0.00%       0.000us       0.000us      56.800us         0.09%      56.800us      56.800us             1  
                            triton_poi_fused__to_copy_2         0.00%       0.000us         0.00%       0.000us       0.000us      52.384us         0.08%      52.384us       2.015us            26  
                               _all_gather_kernel_inner         0.00%       0.000us         0.00%       0.000us       0.000us      34.560us         0.05%      34.560us      34.560us             1  
void at::native::reduce_kernel<512, 1, at::native::R...         0.00%       0.000us         0.00%       0.000us       0.000us      23.936us         0.04%      23.936us      23.936us             1  
kernel_cutlass_kernel_flashinfernormkernelsrmsnormRM...         0.00%       0.000us         0.00%       0.000us       0.000us      20.768us         0.03%      20.768us      20.768us             1  
void at::native::vectorized_gather_kernel<16, long>(...         0.00%       0.000us         0.00%       0.000us       0.000us      15.616us         0.02%      15.616us       7.808us             2  
                         Memcpy HtoD (Pinned -> Device)         0.00%       0.000us         0.00%       0.000us       0.000us      15.519us         0.02%      15.519us       1.940us             8  
               nvjet_sm100_tst_128x8_64x12_4x1_v_bz_TNT         0.00%       0.000us         0.00%       0.000us       0.000us      13.312us         0.02%      13.312us      13.312us             1  
                       Memcpy HtoD (Pageable -> Device)         0.00%       0.000us         0.00%       0.000us       0.000us       7.617us         0.01%       7.617us       1.523us             5  
                       Memcpy DtoH (Device -> Pageable)         0.00%       0.000us         0.00%       0.000us       0.000us       6.560us         0.01%       6.560us       3.280us             2  
                         Memcpy DtoH (Device -> Pinned)         0.00%       0.000us         0.00%       0.000us       0.000us       6.400us         0.01%       6.400us       3.200us             2  
void at::native::unrolled_elementwise_kernel<at::nat...         0.00%       0.000us         0.00%       0.000us       0.000us       6.080us         0.01%       6.080us       2.027us             3  
void at_cuda_detail::cub::detail::scan::DeviceScanKe...         0.00%       0.000us         0.00%       0.000us       0.000us       5.728us         0.01%       5.728us       1.909us             3  
                         write_req_to_token_pool_triton         0.00%       0.000us         0.00%       0.000us       0.000us       5.312us         0.01%       5.312us       5.312us             1  
void at::native::(anonymous namespace)::multi_tensor...         0.00%       0.000us         0.00%       0.000us       0.000us       5.023us         0.01%       5.023us       5.023us             1  
void at::native::unrolled_elementwise_kernel<at::nat...         0.00%       0.000us         0.00%       0.000us       0.000us       4.896us         0.01%       4.896us       4.896us             1  
void at_cuda_detail::cub::detail::scan::DeviceScanIn...         0.00%       0.000us         0.00%       0.000us       0.000us       3.873us         0.01%       3.873us       1.291us             3  
void at::native::vectorized_elementwise_kernel<2, at...         0.00%       0.000us         0.00%       0.000us       0.000us       3.616us         0.01%       3.616us       1.808us             2  
void at::native::unrolled_elementwise_kernel<at::nat...         0.00%       0.000us         0.00%       0.000us       0.000us       3.520us         0.01%       3.520us       1.760us             2  
void at::native::reduce_kernel<512, 1, at::native::R...         0.00%       0.000us         0.00%       0.000us       0.000us       2.976us         0.00%       2.976us       2.976us             1  
void at::native::reduce_kernel<512, 1, at::native::R...         0.00%       0.000us         0.00%       0.000us       0.000us       2.592us         0.00%       2.592us       2.592us             1  
void at::native::unrolled_elementwise_kernel<at::nat...         0.00%       0.000us         0.00%       0.000us       0.000us       2.497us         0.00%       2.497us       2.497us             1  
                                compute_position_kernel         0.00%       0.000us         0.00%       0.000us       0.000us       2.240us         0.00%       2.240us       2.240us             1  
void at::native::unrolled_elementwise_kernel<at::nat...         0.00%       0.000us         0.00%       0.000us       0.000us       1.824us         0.00%       1.824us       1.824us             1  
triton_poi_fused_add_bitwise_and_bitwise_not_bitwise...         0.00%       0.000us         0.00%       0.000us       0.000us       1.792us         0.00%       1.792us       1.792us             1  
void at::native::vectorized_elementwise_kernel<4, at...         0.00%       0.000us         0.00%       0.000us       0.000us       1.600us         0.00%       1.600us       1.600us             1  
                    create_flashinfer_kv_indices_triton         0.00%       0.000us         0.00%       0.000us       0.000us       1.600us         0.00%       1.600us       1.600us             1  
                                  cudaDeviceSynchronize        34.69%       4.311ms        34.69%       4.311ms       1.437ms       0.000us         0.00%       0.000us       0.000us             3  
                                Activity Buffer Request        12.23%       1.520ms        12.23%       1.520ms       1.520ms       0.000us         0.00%       0.000us       0.000us             1  
                               cudaPointerGetAttributes         0.04%       5.079us         0.04%       5.079us       5.079us       0.000us         0.00%       0.000us       0.000us             1  
                                  cudaStreamIsCapturing         0.67%      82.831us         0.67%      82.831us       0.623us       0.000us         0.00%       0.000us       0.000us           133  
                                        cudaMemcpyAsync         3.22%     400.487us         3.22%     400.487us      23.558us       0.000us         0.00%       0.000us       0.000us            17  
                               cudaEventRecordWithFlags         0.62%      77.206us         0.62%      77.206us       1.225us       0.000us         0.00%       0.000us       0.000us            63  
                                         cudaEventQuery         1.74%     215.914us         1.74%     215.914us       2.399us       0.000us         0.00%       0.000us       0.000us            90  
                                       cuLaunchKernelEx        16.08%       1.999ms        16.08%       1.999ms       6.112us       0.000us         0.00%       0.000us       0.000us           327  
                                       cudaLaunchKernel         8.83%       1.098ms         8.90%       1.106ms       6.078us       0.000us         0.00%       0.000us       0.000us           182  
                                  cudaStreamSynchronize         0.64%      79.772us         0.64%      79.772us      19.943us       0.000us         0.00%       0.000us       0.000us             4  
                                    cudaPeekAtLastError         0.01%       1.320us         0.01%       1.320us       0.110us       0.000us         0.00%       0.000us       0.000us            12  
cudaOccupancyMaxActiveBlocksPerMultiprocessorWithFla...         0.04%       5.201us         0.04%       5.201us       1.734us       0.000us         0.00%       0.000us       0.000us             3  
                                 cudaDeviceGetAttribute         0.25%      31.492us         0.25%      31.492us       1.050us       0.000us         0.00%       0.000us       0.000us            30  
                                    cudaLaunchKernelExC        11.60%       1.442ms        11.60%       1.442ms       6.677us       0.000us         0.00%       0.000us       0.000us           216  
                                         cuLaunchKernel         3.44%     427.374us         3.47%     431.109us       5.457us       0.000us         0.00%       0.000us       0.000us            79  
                                                INVALID         0.84%     104.024us         0.84%     104.024us       0.638us       0.000us         0.00%       0.000us       0.000us           163  
                                        cudaEventRecord         2.04%     253.554us         2.04%     253.554us       1.537us       0.000us         0.00%       0.000us       0.000us           165  
                                    cudaStreamWaitEvent         1.38%     171.689us         1.38%     171.689us       1.561us       0.000us         0.00%       0.000us       0.000us           110  
                                    cudaGetFuncBySymbol         0.66%      82.523us         0.66%      82.523us       1.500us       0.000us         0.00%       0.000us       0.000us            55  
                                   cudaDriverGetVersion         0.08%       9.964us         0.08%       9.964us       0.092us       0.000us         0.00%       0.000us       0.000us           108  
                                   cudaFuncSetAttribute         0.76%      94.378us         0.76%      94.378us       3.495us       0.000us         0.00%       0.000us       0.000us            27  
                    cudaThreadExchangeStreamCaptureMode         0.13%      16.392us         0.13%      16.392us       0.273us       0.000us         0.00%       0.000us       0.000us            60  
-------------------------------------------------------  ------------  ------------  ------------  ------------  ------------  ------------  ------------  ------------  ------------  ------------  
Self CPU time total: 12.429ms
Self CUDA time total: 63.602ms

-------------------------------------------------------  ------------  ------------  ------------  ------------  ------------  ------------  ------------  ------------  ------------  ------------  
                                                   Name    Self CPU %      Self CPU   CPU total %     CPU total  CPU time avg     Self CUDA   Self CUDA %    CUDA total  CUDA time avg    # of Calls  
-------------------------------------------------------  ------------  ------------  ------------  ------------  ------------  ------------  ------------  ------------  ------------  ------------  
ncclDevKernel_AllReduce_Sum_bf16_RING_LL(ncclDevKern...         0.00%       0.000us         0.00%       0.000us       0.000us      27.658ms        43.43%      27.658ms     502.864us            55  
                                       fused_moe_kernel         0.00%       0.000us         0.00%       0.000us       0.000us      19.121ms        30.03%      19.121ms     367.704us            52  
kernel_cutlass_kernel_flashinfernormkernelsfused_add...         0.00%       0.000us         0.00%       0.000us       0.000us       2.276ms         3.57%       2.276ms      42.142us            54  
void moe_sum_reduce_warp_per_token_vec_kernel<8>(c10...         0.00%       0.000us         0.00%       0.000us       0.000us       1.999ms         3.14%       1.999ms      76.872us            26  
void cutlass::device_kernel<cutlass::fmha::kernel::S...         0.00%       0.000us         0.00%       0.000us       0.000us       1.984ms         3.12%       1.984ms      73.498us            27  
void at::native::sbtopk::gatherTopK<float, unsigned ...         0.00%       0.000us         0.00%       0.000us       0.000us       1.469ms         2.31%       1.469ms      28.250us            52  
         nvjet_sm100_tst_128x256_64x6_2x1_2cta_v_bz_TNT         0.00%       0.000us         0.00%       0.000us       0.000us       1.237ms         1.94%       1.237ms      22.493us            55  
void count_and_sort_expert_tokens_kernel<int>(int co...         0.00%       0.000us         0.00%       0.000us       0.000us     935.328us         1.47%     935.328us      35.974us            26  
         nvjet_sm100_tst_176x128_64x8_2x2_2cta_h_bz_TNN         0.00%       0.000us         0.00%       0.000us       0.000us     908.448us         1.43%     908.448us      34.940us            26  
void (anonymous namespace)::act_and_mul_kernel<__nv_...         0.00%       0.000us         0.00%       0.000us       0.000us     796.322us         1.25%     796.322us      15.314us            52  
         nvjet_sm100_tst_144x128_64x8_2x2_2cta_h_bz_TNN         0.00%       0.000us         0.00%       0.000us       0.000us     789.663us         1.24%     789.663us      29.247us            27  
void at::native::vectorized_elementwise_kernel<8, at...         0.00%       0.000us         0.00%       0.000us       0.000us     721.152us         1.13%     721.152us      27.737us            26  
         nvjet_sm100_tst_192x128_64x6_2x2_2cta_h_bz_TNT         0.00%       0.000us         0.00%       0.000us       0.000us     629.473us         0.99%     629.473us      23.314us            27  
void moe_align_block_size_kernel<int>(int const*, in...         0.00%       0.000us         0.00%       0.000us       0.000us     607.740us         0.95%     607.740us      23.375us            26  
          nvjet_sm100_tss_32x256_64x6_2x2_2cta_h_bz_TNN         0.00%       0.000us         0.00%       0.000us       0.000us     540.513us         0.85%     540.513us      20.789us            26  
                           concat_and_cast_mha_k_kernel         0.00%       0.000us         0.00%       0.000us       0.000us     278.433us         0.44%     278.433us      10.312us            27  
         nvjet_sm100_tst_256x128_64x5_2x2_2cta_h_bz_TNT         0.00%       0.000us         0.00%       0.000us       0.000us     259.139us         0.41%     259.139us       9.598us            27  
triton_red_fused__softmax_exp_max_prepare_softmax_on...         0.00%       0.000us         0.00%       0.000us       0.000us     253.660us         0.40%     253.660us       9.756us            26  
kernel_cutlass_kernel_flashinfernormkernelsrmsnormRM...         0.00%       0.000us         0.00%       0.000us       0.000us     236.160us         0.37%     236.160us       8.747us            27  
triton_poi_fused__softmax__to_copy_arange_bitwise_no...         0.00%       0.000us         0.00%       0.000us       0.000us     198.818us         0.31%     198.818us       7.647us            26  
void (anonymous namespace)::set_mla_kv_buffer_kernel...         0.00%       0.000us         0.00%       0.000us       0.000us     140.034us         0.22%     140.034us       5.186us            27  
void (anonymous namespace)::fused_rope_kernel<false,...         0.00%       0.000us         0.00%       0.000us       0.000us     133.509us         0.21%     133.509us       4.945us            27  
flashinfer::plan_kernel(int*, int*, int*, int*, int*...         0.00%       0.000us         0.00%       0.000us       0.000us     107.168us         0.17%     107.168us     107.168us             1  
void at::native::elementwise_kernel<128, 4, at::nati...         0.00%       0.000us         0.00%       0.000us       0.000us      60.384us         0.09%      60.384us      60.384us             1  
void at::native::elementwise_kernel<128, 4, at::nati...         0.00%       0.000us         0.00%       0.000us       0.000us      59.360us         0.09%      59.360us      59.360us             1  
void at::native::elementwise_kernel<128, 4, at::nati...         0.00%       0.000us         0.00%       0.000us       0.000us      56.864us         0.09%      56.864us      56.864us             1  
                            triton_poi_fused__to_copy_2         0.00%       0.000us         0.00%       0.000us       0.000us      51.742us         0.08%      51.742us       1.990us            26  
void at::native::reduce_kernel<512, 1, at::native::R...         0.00%       0.000us         0.00%       0.000us       0.000us      23.583us         0.04%      23.583us      23.583us             1  
kernel_cutlass_kernel_flashinfernormkernelsrmsnormRM...         0.00%       0.000us         0.00%       0.000us       0.000us      21.408us         0.03%      21.408us      21.408us             1  
void at::native::vectorized_gather_kernel<16, long>(...         0.00%       0.000us         0.00%       0.000us       0.000us      15.456us         0.02%      15.456us       7.728us             2  
                         Memcpy HtoD (Pinned -> Device)         0.00%       0.000us         0.00%       0.000us       0.000us      15.265us         0.02%      15.265us       1.908us             8  
                               _all_gather_kernel_inner         0.00%       0.000us         0.00%       0.000us       0.000us      14.048us         0.02%      14.048us      14.048us             1  
               nvjet_sm100_tst_128x8_64x12_4x1_v_bz_TNT         0.00%       0.000us         0.00%       0.000us       0.000us      13.697us         0.02%      13.697us      13.697us             1  
                         Memcpy DtoH (Device -> Pinned)         0.00%       0.000us         0.00%       0.000us       0.000us       6.784us         0.01%       6.784us       3.392us             2  
                       Memcpy HtoD (Pageable -> Device)         0.00%       0.000us         0.00%       0.000us       0.000us       6.783us         0.01%       6.783us       1.357us             5  
                       Memcpy DtoH (Device -> Pageable)         0.00%       0.000us         0.00%       0.000us       0.000us       6.624us         0.01%       6.624us       3.312us             2  
void at::native::unrolled_elementwise_kernel<at::nat...         0.00%       0.000us         0.00%       0.000us       0.000us       5.407us         0.01%       5.407us       1.802us             3  
void at_cuda_detail::cub::detail::scan::DeviceScanKe...         0.00%       0.000us         0.00%       0.000us       0.000us       5.280us         0.01%       5.280us       1.760us             3  
void at::native::unrolled_elementwise_kernel<at::nat...         0.00%       0.000us         0.00%       0.000us       0.000us       4.863us         0.01%       4.863us       4.863us             1  
                         write_req_to_token_pool_triton         0.00%       0.000us         0.00%       0.000us       0.000us       4.832us         0.01%       4.832us       4.832us             1  
void at::native::(anonymous namespace)::multi_tensor...         0.00%       0.000us         0.00%       0.000us       0.000us       4.576us         0.01%       4.576us       4.576us             1  
void at_cuda_detail::cub::detail::scan::DeviceScanIn...         0.00%       0.000us         0.00%       0.000us       0.000us       4.288us         0.01%       4.288us       1.429us             3  
void at::native::vectorized_elementwise_kernel<2, at...         0.00%       0.000us         0.00%       0.000us       0.000us       3.360us         0.01%       3.360us       1.680us             2  
void at::native::unrolled_elementwise_kernel<at::nat...         0.00%       0.000us         0.00%       0.000us       0.000us       2.913us         0.00%       2.913us       1.457us             2  
void at::native::reduce_kernel<512, 1, at::native::R...         0.00%       0.000us         0.00%       0.000us       0.000us       2.465us         0.00%       2.465us       2.465us             1  
void at::native::reduce_kernel<512, 1, at::native::R...         0.00%       0.000us         0.00%       0.000us       0.000us       2.337us         0.00%       2.337us       2.337us             1  
                                compute_position_kernel         0.00%       0.000us         0.00%       0.000us       0.000us       2.016us         0.00%       2.016us       2.016us             1  
triton_poi_fused_add_bitwise_and_bitwise_not_bitwise...         0.00%       0.000us         0.00%       0.000us       0.000us       1.792us         0.00%       1.792us       1.792us             1  
void at::native::vectorized_elementwise_kernel<4, at...         0.00%       0.000us         0.00%       0.000us       0.000us       1.728us         0.00%       1.728us       1.728us             1  
void at::native::unrolled_elementwise_kernel<at::nat...         0.00%       0.000us         0.00%       0.000us       0.000us       1.632us         0.00%       1.632us       1.632us             1  
void at::native::unrolled_elementwise_kernel<at::nat...         0.00%       0.000us         0.00%       0.000us       0.000us       1.183us         0.00%       1.183us       1.183us             1  
                    create_flashinfer_kv_indices_triton         0.00%       0.000us         0.00%       0.000us       0.000us       0.832us         0.00%       0.832us       0.832us             1  
                                  cudaDeviceSynchronize        37.03%       4.814ms        37.03%       4.814ms       1.605ms       0.000us         0.00%       0.000us       0.000us             3  
                                Activity Buffer Request        11.41%       1.483ms        11.41%       1.483ms       1.483ms       0.000us         0.00%       0.000us       0.000us             1  
                               cudaPointerGetAttributes         0.03%       3.705us         0.03%       3.705us       3.705us       0.000us         0.00%       0.000us       0.000us             1  
                                  cudaStreamIsCapturing         0.62%      79.980us         0.62%      79.980us       0.601us       0.000us         0.00%       0.000us       0.000us           133  
                                        cudaMemcpyAsync         2.90%     377.652us         2.90%     377.652us      22.215us       0.000us         0.00%       0.000us       0.000us            17  
                               cudaEventRecordWithFlags         0.76%      98.950us         0.76%      98.950us       1.571us       0.000us         0.00%       0.000us       0.000us            63  
                                         cudaEventQuery         1.93%     250.457us         1.93%     250.457us       2.693us       0.000us         0.00%       0.000us       0.000us            93  
                                       cuLaunchKernelEx        15.81%       2.056ms        15.85%       2.061ms       6.302us       0.000us         0.00%       0.000us       0.000us           327  
                                       cudaLaunchKernel         8.49%       1.104ms         8.49%       1.104ms       6.064us       0.000us         0.00%       0.000us       0.000us           182  
                                  cudaStreamSynchronize         0.62%      81.203us         0.62%      81.203us      20.301us       0.000us         0.00%       0.000us       0.000us             4  
                                    cudaPeekAtLastError         0.01%       1.299us         0.01%       1.299us       0.108us       0.000us         0.00%       0.000us       0.000us            12  
cudaOccupancyMaxActiveBlocksPerMultiprocessorWithFla...         0.04%       5.045us         0.04%       5.045us       1.682us       0.000us         0.00%       0.000us       0.000us             3  
                                 cudaDeviceGetAttribute         0.22%      28.608us         0.22%      28.608us       0.954us       0.000us         0.00%       0.000us       0.000us            30  
                                    cudaLaunchKernelExC        11.04%       1.435ms        11.27%       1.465ms       6.782us       0.000us         0.00%       0.000us       0.000us           216  
                                         cuLaunchKernel         3.42%     444.756us         3.42%     444.756us       5.630us       0.000us         0.00%       0.000us       0.000us            79  
                                                INVALID         0.78%     100.816us         0.78%     100.816us       0.619us       0.000us         0.00%       0.000us       0.000us           163  
                                        cudaEventRecord         2.06%     267.695us         2.06%     267.695us       1.622us       0.000us         0.00%       0.000us       0.000us           165  
                                    cudaStreamWaitEvent         1.34%     174.251us         1.34%     174.251us       1.584us       0.000us         0.00%       0.000us       0.000us           110  
                                    cudaGetFuncBySymbol         0.60%      78.543us         0.60%      78.543us       1.428us       0.000us         0.00%       0.000us       0.000us            55  
                                   cudaDriverGetVersion         0.08%      10.034us         0.08%      10.034us       0.093us       0.000us         0.00%       0.000us       0.000us           108  
                                   cudaFuncSetAttribute         0.69%      90.159us         0.69%      90.159us       3.339us       0.000us         0.00%       0.000us       0.000us            27  
                    cudaThreadExchangeStreamCaptureMode         0.13%      16.482us         0.13%      16.482us       0.266us       0.000us         0.00%       0.000us       0.000us            62  
-------------------------------------------------------  ------------  ------------  ------------  ------------  ------------  ------------  ------------  ------------  ------------  ------------  
Self CPU time total: 13.001ms
Self CUDA time total: 63.680ms

-------------------------------------------------------  ------------  ------------  ------------  ------------  ------------  ------------  ------------  ------------  ------------  ------------  
                                                   Name    Self CPU %      Self CPU   CPU total %     CPU total  CPU time avg     Self CUDA   Self CUDA %    CUDA total  CUDA time avg    # of Calls  
-------------------------------------------------------  ------------  ------------  ------------  ------------  ------------  ------------  ------------  ------------  ------------  ------------  
                                       fused_moe_kernel         0.00%       0.000us         0.00%       0.000us       0.000us      19.135ms        38.34%      19.135ms     367.981us            52  
ncclDevKernel_AllReduce_Sum_bf16_RING_LL(ncclDevKern...         0.00%       0.000us         0.00%       0.000us       0.000us      14.082ms        28.22%      14.082ms     256.032us            55  
kernel_cutlass_kernel_flashinfernormkernelsfused_add...         0.00%       0.000us         0.00%       0.000us       0.000us       2.088ms         4.18%       2.088ms      38.666us            54  
void cutlass::device_kernel<cutlass::fmha::kernel::S...         0.00%       0.000us         0.00%       0.000us       0.000us       1.999ms         4.01%       1.999ms      74.036us            27  
void moe_sum_reduce_warp_per_token_vec_kernel<8>(c10...         0.00%       0.000us         0.00%       0.000us       0.000us       1.996ms         4.00%       1.996ms      76.768us            26  
void at::native::sbtopk::gatherTopK<float, unsigned ...         0.00%       0.000us         0.00%       0.000us       0.000us       1.465ms         2.94%       1.465ms      28.171us            52  
         nvjet_sm100_tst_128x256_64x6_2x1_2cta_v_bz_TNT         0.00%       0.000us         0.00%       0.000us       0.000us       1.248ms         2.50%       1.248ms      22.683us            55  
void count_and_sort_expert_tokens_kernel<int>(int co...         0.00%       0.000us         0.00%       0.000us       0.000us     934.460us         1.87%     934.460us      35.941us            26  
         nvjet_sm100_tst_176x128_64x8_2x2_2cta_h_bz_TNN         0.00%       0.000us         0.00%       0.000us       0.000us     911.514us         1.83%     911.514us      35.058us            26  
void (anonymous namespace)::act_and_mul_kernel<__nv_...         0.00%       0.000us         0.00%       0.000us       0.000us     798.751us         1.60%     798.751us      15.361us            52  
         nvjet_sm100_tst_144x128_64x8_2x2_2cta_h_bz_TNN         0.00%       0.000us         0.00%       0.000us       0.000us     790.238us         1.58%     790.238us      29.268us            27  
void at::native::vectorized_elementwise_kernel<8, at...         0.00%       0.000us         0.00%       0.000us       0.000us     720.123us         1.44%     720.123us      27.697us            26  
void moe_align_block_size_kernel<int>(int const*, in...         0.00%       0.000us         0.00%       0.000us       0.000us     632.958us         1.27%     632.958us      24.345us            26  
         nvjet_sm100_tst_192x128_64x6_2x2_2cta_h_bz_TNT         0.00%       0.000us         0.00%       0.000us       0.000us     628.350us         1.26%     628.350us      23.272us            27  
          nvjet_sm100_tss_32x256_64x6_2x2_2cta_h_bz_TNN         0.00%       0.000us         0.00%       0.000us       0.000us     544.637us         1.09%     544.637us      20.948us            26  
                           concat_and_cast_mha_k_kernel         0.00%       0.000us         0.00%       0.000us       0.000us     277.824us         0.56%     277.824us      10.290us            27  
         nvjet_sm100_tst_256x128_64x5_2x2_2cta_h_bz_TNT         0.00%       0.000us         0.00%       0.000us       0.000us     262.590us         0.53%     262.590us       9.726us            27  
triton_red_fused__softmax_exp_max_prepare_softmax_on...         0.00%       0.000us         0.00%       0.000us       0.000us     249.247us         0.50%     249.247us       9.586us            26  
kernel_cutlass_kernel_flashinfernormkernelsrmsnormRM...         0.00%       0.000us         0.00%       0.000us       0.000us     234.047us         0.47%     234.047us       8.668us            27  
void (anonymous namespace)::set_mla_kv_buffer_kernel...         0.00%       0.000us         0.00%       0.000us       0.000us     139.553us         0.28%     139.553us       5.169us            27  
void (anonymous namespace)::fused_rope_kernel<false,...         0.00%       0.000us         0.00%       0.000us       0.000us     134.658us         0.27%     134.658us       4.987us            27  
triton_poi_fused__softmax__to_copy_arange_bitwise_no...         0.00%       0.000us         0.00%       0.000us       0.000us     127.970us         0.26%     127.970us       4.922us            26  
flashinfer::plan_kernel(int*, int*, int*, int*, int*...         0.00%       0.000us         0.00%       0.000us       0.000us     107.135us         0.21%     107.135us     107.135us             1  
void at::native::elementwise_kernel<128, 4, at::nati...         0.00%       0.000us         0.00%       0.000us       0.000us      61.056us         0.12%      61.056us      61.056us             1  
void at::native::elementwise_kernel<128, 4, at::nati...         0.00%       0.000us         0.00%       0.000us       0.000us      59.456us         0.12%      59.456us      59.456us             1  
void at::native::elementwise_kernel<128, 4, at::nati...         0.00%       0.000us         0.00%       0.000us       0.000us      56.768us         0.11%      56.768us      56.768us             1  
                            triton_poi_fused__to_copy_2         0.00%       0.000us         0.00%       0.000us       0.000us      53.149us         0.11%      53.149us       2.044us            26  
void at::native::reduce_kernel<512, 1, at::native::R...         0.00%       0.000us         0.00%       0.000us       0.000us      23.871us         0.05%      23.871us      23.871us             1  
kernel_cutlass_kernel_flashinfernormkernelsrmsnormRM...         0.00%       0.000us         0.00%       0.000us       0.000us      19.679us         0.04%      19.679us      19.679us             1  
                         Memcpy HtoD (Pinned -> Device)         0.00%       0.000us         0.00%       0.000us       0.000us      17.631us         0.04%      17.631us       2.204us             8  
void at::native::vectorized_gather_kernel<16, long>(...         0.00%       0.000us         0.00%       0.000us       0.000us      15.681us         0.03%      15.681us       7.840us             2  
               nvjet_sm100_tst_128x8_64x12_4x1_v_bz_TNT         0.00%       0.000us         0.00%       0.000us       0.000us      13.504us         0.03%      13.504us      13.504us             1  
                               _all_gather_kernel_inner         0.00%       0.000us         0.00%       0.000us       0.000us       8.672us         0.02%       8.672us       8.672us             1  
                       Memcpy HtoD (Pageable -> Device)         0.00%       0.000us         0.00%       0.000us       0.000us       6.752us         0.01%       6.752us       1.350us             5  
                       Memcpy DtoH (Device -> Pageable)         0.00%       0.000us         0.00%       0.000us       0.000us       6.625us         0.01%       6.625us       3.313us             2  
                         Memcpy DtoH (Device -> Pinned)         0.00%       0.000us         0.00%       0.000us       0.000us       6.625us         0.01%       6.625us       3.312us             2  
void at::native::unrolled_elementwise_kernel<at::nat...         0.00%       0.000us         0.00%       0.000us       0.000us       5.633us         0.01%       5.633us       1.878us             3  
void at_cuda_detail::cub::detail::scan::DeviceScanKe...         0.00%       0.000us         0.00%       0.000us       0.000us       5.215us         0.01%       5.215us       1.738us             3  
void at::native::(anonymous namespace)::multi_tensor...         0.00%       0.000us         0.00%       0.000us       0.000us       4.992us         0.01%       4.992us       4.992us             1  
                         write_req_to_token_pool_triton         0.00%       0.000us         0.00%       0.000us       0.000us       4.768us         0.01%       4.768us       4.768us             1  
void at::native::unrolled_elementwise_kernel<at::nat...         0.00%       0.000us         0.00%       0.000us       0.000us       4.704us         0.01%       4.704us       4.704us             1  
void at_cuda_detail::cub::detail::scan::DeviceScanIn...         0.00%       0.000us         0.00%       0.000us       0.000us       4.352us         0.01%       4.352us       1.451us             3  
void at::native::vectorized_elementwise_kernel<2, at...         0.00%       0.000us         0.00%       0.000us       0.000us       3.551us         0.01%       3.551us       1.776us             2  
void at::native::unrolled_elementwise_kernel<at::nat...         0.00%       0.000us         0.00%       0.000us       0.000us       2.913us         0.01%       2.913us       1.456us             2  
void at::native::reduce_kernel<512, 1, at::native::R...         0.00%       0.000us         0.00%       0.000us       0.000us       2.880us         0.01%       2.880us       2.880us             1  
void at::native::reduce_kernel<512, 1, at::native::R...         0.00%       0.000us         0.00%       0.000us       0.000us       2.400us         0.00%       2.400us       2.400us             1  
                                compute_position_kernel         0.00%       0.000us         0.00%       0.000us       0.000us       2.144us         0.00%       2.144us       2.144us             1  
void at::native::vectorized_elementwise_kernel<4, at...         0.00%       0.000us         0.00%       0.000us       0.000us       2.080us         0.00%       2.080us       2.080us             1  
triton_poi_fused_add_bitwise_and_bitwise_not_bitwise...         0.00%       0.000us         0.00%       0.000us       0.000us       1.728us         0.00%       1.728us       1.728us             1  
void at::native::unrolled_elementwise_kernel<at::nat...         0.00%       0.000us         0.00%       0.000us       0.000us       1.472us         0.00%       1.472us       1.472us             1  
void at::native::unrolled_elementwise_kernel<at::nat...         0.00%       0.000us         0.00%       0.000us       0.000us       1.248us         0.00%       1.248us       1.248us             1  
                    create_flashinfer_kv_indices_triton         0.00%       0.000us         0.00%       0.000us       0.000us       0.832us         0.00%       0.832us       0.832us             1  
                                  cudaDeviceSynchronize         2.24%     245.832us         2.24%     245.832us      81.944us       0.000us         0.00%       0.000us       0.000us             3  
                                Activity Buffer Request        13.62%       1.493ms        13.62%       1.493ms       1.493ms       0.000us         0.00%       0.000us       0.000us             1  
                               cudaPointerGetAttributes         0.05%       5.338us         0.05%       5.338us       5.338us       0.000us         0.00%       0.000us       0.000us             1  
                                  cudaStreamIsCapturing         0.77%      83.885us         0.77%      83.885us       0.631us       0.000us         0.00%       0.000us       0.000us           133  
                                        cudaMemcpyAsync        25.62%       2.808ms        25.62%       2.808ms     165.156us       0.000us         0.00%       0.000us       0.000us            17  
                               cudaEventRecordWithFlags         0.94%     102.682us         0.94%     102.682us       1.630us       0.000us         0.00%       0.000us       0.000us            63  
                                         cudaEventQuery         2.02%     221.647us         2.13%     233.664us       2.625us       0.000us         0.00%       0.000us       0.000us            89  
                                       cuLaunchKernelEx        18.83%       2.064ms        18.88%       2.069ms       6.328us       0.000us         0.00%       0.000us       0.000us           327  
                                       cudaLaunchKernel        10.52%       1.154ms        10.52%       1.154ms       6.339us       0.000us         0.00%       0.000us       0.000us           182  
                                  cudaStreamSynchronize         0.73%      80.470us         0.73%      80.470us      20.117us       0.000us         0.00%       0.000us       0.000us             4  
                                    cudaPeekAtLastError         0.01%       1.259us         0.01%       1.259us       0.105us       0.000us         0.00%       0.000us       0.000us            12  
cudaOccupancyMaxActiveBlocksPerMultiprocessorWithFla...         0.05%       5.257us         0.05%       5.257us       1.752us       0.000us         0.00%       0.000us       0.000us             3  
                                 cudaDeviceGetAttribute         0.27%      29.252us         0.27%      29.252us       0.975us       0.000us         0.00%       0.000us       0.000us            30  
                                    cudaLaunchKernelExC        13.44%       1.473ms        13.44%       1.473ms       6.820us       0.000us         0.00%       0.000us       0.000us           216  
                                         cuLaunchKernel         4.09%     448.803us         4.09%     448.803us       5.681us       0.000us         0.00%       0.000us       0.000us            79  
                                                INVALID         0.98%     107.439us         0.98%     107.439us       0.659us       0.000us         0.00%       0.000us       0.000us           163  
                                        cudaEventRecord         2.43%     266.285us         2.43%     266.285us       1.614us       0.000us         0.00%       0.000us       0.000us           165  
                                    cudaStreamWaitEvent         1.51%     166.030us         1.51%     166.030us       1.509us       0.000us         0.00%       0.000us       0.000us           110  
                                    cudaGetFuncBySymbol         0.82%      89.919us         0.82%      89.919us       1.635us       0.000us         0.00%       0.000us       0.000us            55  
                                   cudaDriverGetVersion         0.09%      10.177us         0.09%      10.177us       0.094us       0.000us         0.00%       0.000us       0.000us           108  
                                   cudaFuncSetAttribute         0.83%      90.933us         0.83%      90.933us       3.368us       0.000us         0.00%       0.000us       0.000us            27  
                    cudaThreadExchangeStreamCaptureMode         0.13%      14.706us         0.13%      14.706us       0.272us       0.000us         0.00%       0.000us       0.000us            54  
-------------------------------------------------------  ------------  ------------  ------------  ------------  ------------  ------------  ------------  ------------  ------------  ------------  
Self CPU time total: 10.961ms
Self CUDA time total: 49.907ms

-------------------------------------------------------  ------------  ------------  ------------  ------------  ------------  ------------  ------------  ------------  ------------  ------------  
                                                   Name    Self CPU %      Self CPU   CPU total %     CPU total  CPU time avg     Self CUDA   Self CUDA %    CUDA total  CUDA time avg    # of Calls  
-------------------------------------------------------  ------------  ------------  ------------  ------------  ------------  ------------  ------------  ------------  ------------  ------------  
ncclDevKernel_AllReduce_Sum_bf16_RING_LL(ncclDevKern...         0.00%       0.000us         0.00%       0.000us       0.000us      27.399ms        43.24%      27.399ms     498.163us            55  
                                       fused_moe_kernel         0.00%       0.000us         0.00%       0.000us       0.000us      19.137ms        30.20%      19.137ms     368.018us            52  
kernel_cutlass_kernel_flashinfernormkernelsfused_add...         0.00%       0.000us         0.00%       0.000us       0.000us       2.216ms         3.50%       2.216ms      41.030us            54  
void moe_sum_reduce_warp_per_token_vec_kernel<8>(c10...         0.00%       0.000us         0.00%       0.000us       0.000us       1.996ms         3.15%       1.996ms      76.752us            26  
void cutlass::device_kernel<cutlass::fmha::kernel::S...         0.00%       0.000us         0.00%       0.000us       0.000us       1.982ms         3.13%       1.982ms      73.424us            27  
void at::native::sbtopk::gatherTopK<float, unsigned ...         0.00%       0.000us         0.00%       0.000us       0.000us       1.467ms         2.32%       1.467ms      28.218us            52  
         nvjet_sm100_tst_128x256_64x6_2x1_2cta_v_bz_TNT         0.00%       0.000us         0.00%       0.000us       0.000us       1.239ms         1.95%       1.239ms      22.522us            55  
void count_and_sort_expert_tokens_kernel<int>(int co...         0.00%       0.000us         0.00%       0.000us       0.000us     932.666us         1.47%     932.666us      35.872us            26  
         nvjet_sm100_tst_176x128_64x8_2x2_2cta_h_bz_TNN         0.00%       0.000us         0.00%       0.000us       0.000us     910.361us         1.44%     910.361us      35.014us            26  
void (anonymous namespace)::act_and_mul_kernel<__nv_...         0.00%       0.000us         0.00%       0.000us       0.000us     805.914us         1.27%     805.914us      15.498us            52  
         nvjet_sm100_tst_144x128_64x8_2x2_2cta_h_bz_TNN         0.00%       0.000us         0.00%       0.000us       0.000us     796.638us         1.26%     796.638us      29.505us            27  
void at::native::vectorized_elementwise_kernel<8, at...         0.00%       0.000us         0.00%       0.000us       0.000us     720.894us         1.14%     720.894us      27.727us            26  
void moe_align_block_size_kernel<int>(int const*, in...         0.00%       0.000us         0.00%       0.000us       0.000us     635.420us         1.00%     635.420us      24.439us            26  
         nvjet_sm100_tst_192x128_64x6_2x2_2cta_h_bz_TNT         0.00%       0.000us         0.00%       0.000us       0.000us     627.515us         0.99%     627.515us      23.241us            27  
          nvjet_sm100_tss_32x256_64x6_2x2_2cta_h_bz_TNN         0.00%       0.000us         0.00%       0.000us       0.000us     537.086us         0.85%     537.086us      20.657us            26  
                           concat_and_cast_mha_k_kernel         0.00%       0.000us         0.00%       0.000us       0.000us     278.815us         0.44%     278.815us      10.326us            27  
         nvjet_sm100_tst_256x128_64x5_2x2_2cta_h_bz_TNT         0.00%       0.000us         0.00%       0.000us       0.000us     262.495us         0.41%     262.495us       9.722us            27  
triton_red_fused__softmax_exp_max_prepare_softmax_on...         0.00%       0.000us         0.00%       0.000us       0.000us     253.856us         0.40%     253.856us       9.764us            26  
kernel_cutlass_kernel_flashinfernormkernelsrmsnormRM...         0.00%       0.000us         0.00%       0.000us       0.000us     236.767us         0.37%     236.767us       8.769us            27  
void (anonymous namespace)::set_mla_kv_buffer_kernel...         0.00%       0.000us         0.00%       0.000us       0.000us     141.119us         0.22%     141.119us       5.227us            27  
void (anonymous namespace)::fused_rope_kernel<false,...         0.00%       0.000us         0.00%       0.000us       0.000us     133.952us         0.21%     133.952us       4.961us            27  
flashinfer::plan_kernel(int*, int*, int*, int*, int*...         0.00%       0.000us         0.00%       0.000us       0.000us     107.712us         0.17%     107.712us     107.712us             1  
triton_poi_fused__softmax__to_copy_arange_bitwise_no...         0.00%       0.000us         0.00%       0.000us       0.000us     104.509us         0.16%     104.509us       4.020us            26  
void at::native::elementwise_kernel<128, 4, at::nati...         0.00%       0.000us         0.00%       0.000us       0.000us      61.215us         0.10%      61.215us      61.215us             1  
void at::native::elementwise_kernel<128, 4, at::nati...         0.00%       0.000us         0.00%       0.000us       0.000us      59.456us         0.09%      59.456us      59.456us             1  
                               _all_gather_kernel_inner         0.00%       0.000us         0.00%       0.000us       0.000us      57.984us         0.09%      57.984us      57.984us             1  
void at::native::elementwise_kernel<128, 4, at::nati...         0.00%       0.000us         0.00%       0.000us       0.000us      56.736us         0.09%      56.736us      56.736us             1  
                            triton_poi_fused__to_copy_2         0.00%       0.000us         0.00%       0.000us       0.000us      50.497us         0.08%      50.497us       1.942us            26  
void at::native::reduce_kernel<512, 1, at::native::R...         0.00%       0.000us         0.00%       0.000us       0.000us      23.679us         0.04%      23.679us      23.679us             1  
kernel_cutlass_kernel_flashinfernormkernelsrmsnormRM...         0.00%       0.000us         0.00%       0.000us       0.000us      20.865us         0.03%      20.865us      20.865us             1  
void at::native::vectorized_gather_kernel<16, long>(...         0.00%       0.000us         0.00%       0.000us       0.000us      15.648us         0.02%      15.648us       7.824us             2  
                         Memcpy HtoD (Pinned -> Device)         0.00%       0.000us         0.00%       0.000us       0.000us      15.521us         0.02%      15.521us       1.940us             8  
               nvjet_sm100_tst_128x8_64x12_4x1_v_bz_TNT         0.00%       0.000us         0.00%       0.000us       0.000us      13.408us         0.02%      13.408us      13.408us             1  
                       Memcpy HtoD (Pageable -> Device)         0.00%       0.000us         0.00%       0.000us       0.000us       7.776us         0.01%       7.776us       1.555us             5  
                         Memcpy DtoH (Device -> Pinned)         0.00%       0.000us         0.00%       0.000us       0.000us       6.752us         0.01%       6.752us       3.376us             2  
                       Memcpy DtoH (Device -> Pageable)         0.00%       0.000us         0.00%       0.000us       0.000us       6.720us         0.01%       6.720us       3.360us             2  
void at::native::unrolled_elementwise_kernel<at::nat...         0.00%       0.000us         0.00%       0.000us       0.000us       6.048us         0.01%       6.048us       2.016us             3  
void at_cuda_detail::cub::detail::scan::DeviceScanKe...         0.00%       0.000us         0.00%       0.000us       0.000us       5.664us         0.01%       5.664us       1.888us             3  
void at::native::(anonymous namespace)::multi_tensor...         0.00%       0.000us         0.00%       0.000us       0.000us       5.056us         0.01%       5.056us       5.056us             1  
                         write_req_to_token_pool_triton         0.00%       0.000us         0.00%       0.000us       0.000us       5.024us         0.01%       5.024us       5.024us             1  
void at::native::unrolled_elementwise_kernel<at::nat...         0.00%       0.000us         0.00%       0.000us       0.000us       4.191us         0.01%       4.191us       4.191us             1  
void at_cuda_detail::cub::detail::scan::DeviceScanIn...         0.00%       0.000us         0.00%       0.000us       0.000us       3.872us         0.01%       3.872us       1.291us             3  
void at::native::vectorized_elementwise_kernel<2, at...         0.00%       0.000us         0.00%       0.000us       0.000us       3.648us         0.01%       3.648us       1.824us             2  
void at::native::unrolled_elementwise_kernel<at::nat...         0.00%       0.000us         0.00%       0.000us       0.000us       3.456us         0.01%       3.456us       1.728us             2  
void at::native::reduce_kernel<512, 1, at::native::R...         0.00%       0.000us         0.00%       0.000us       0.000us       2.880us         0.00%       2.880us       2.880us             1  
void at::native::reduce_kernel<512, 1, at::native::R...         0.00%       0.000us         0.00%       0.000us       0.000us       2.592us         0.00%       2.592us       2.592us             1  
                                compute_position_kernel         0.00%       0.000us         0.00%       0.000us       0.000us       2.368us         0.00%       2.368us       2.368us             1  
void at::native::unrolled_elementwise_kernel<at::nat...         0.00%       0.000us         0.00%       0.000us       0.000us       2.240us         0.00%       2.240us       2.240us             1  
void at::native::unrolled_elementwise_kernel<at::nat...         0.00%       0.000us         0.00%       0.000us       0.000us       1.824us         0.00%       1.824us       1.824us             1  
triton_poi_fused_add_bitwise_and_bitwise_not_bitwise...         0.00%       0.000us         0.00%       0.000us       0.000us       1.792us         0.00%       1.792us       1.792us             1  
void at::native::vectorized_elementwise_kernel<4, at...         0.00%       0.000us         0.00%       0.000us       0.000us       1.632us         0.00%       1.632us       1.632us             1  
                    create_flashinfer_kv_indices_triton         0.00%       0.000us         0.00%       0.000us       0.000us       1.600us         0.00%       1.600us       1.600us             1  
                                  cudaDeviceSynchronize        34.83%       4.488ms        34.83%       4.488ms       1.496ms       0.000us         0.00%       0.000us       0.000us             3  
                                Activity Buffer Request        11.77%       1.517ms        11.77%       1.517ms       1.517ms       0.000us         0.00%       0.000us       0.000us             1  
                               cudaPointerGetAttributes         0.04%       4.651us         0.04%       4.651us       4.651us       0.000us         0.00%       0.000us       0.000us             1  
                                  cudaStreamIsCapturing         0.66%      84.689us         0.66%      84.689us       0.637us       0.000us         0.00%       0.000us       0.000us           133  
                                        cudaMemcpyAsync         3.94%     507.762us         3.94%     507.762us      29.868us       0.000us         0.00%       0.000us       0.000us            17  
                               cudaEventRecordWithFlags         0.80%     103.503us         0.80%     103.503us       1.643us       0.000us         0.00%       0.000us       0.000us            63  
                                         cudaEventQuery         1.87%     240.422us         1.87%     240.422us       2.504us       0.000us         0.00%       0.000us       0.000us            96  
                                       cuLaunchKernelEx        16.15%       2.081ms        16.15%       2.081ms       6.365us       0.000us         0.00%       0.000us       0.000us           327  
                                       cudaLaunchKernel         8.66%       1.116ms         8.75%       1.127ms       6.192us       0.000us         0.00%       0.000us       0.000us           182  
                                  cudaStreamSynchronize         0.62%      79.811us         0.62%      79.811us      19.953us       0.000us         0.00%       0.000us       0.000us             4  
                                    cudaPeekAtLastError         0.01%       1.270us         0.01%       1.270us       0.106us       0.000us         0.00%       0.000us       0.000us            12  
cudaOccupancyMaxActiveBlocksPerMultiprocessorWithFla...         0.04%       4.884us         0.04%       4.884us       1.628us       0.000us         0.00%       0.000us       0.000us             3  
                                 cudaDeviceGetAttribute         0.21%      27.698us         0.21%      27.698us       0.923us       0.000us         0.00%       0.000us       0.000us            30  
                                    cudaLaunchKernelExC        11.15%       1.437ms        11.15%       1.437ms       6.653us       0.000us         0.00%       0.000us       0.000us           216  
                                         cuLaunchKernel         3.44%     443.804us         3.50%     451.040us       5.709us       0.000us         0.00%       0.000us       0.000us            79  
                                                INVALID         0.78%     101.099us         0.78%     101.099us       0.620us       0.000us         0.00%       0.000us       0.000us           163  
                                        cudaEventRecord         2.08%     268.558us         2.08%     268.558us       1.628us       0.000us         0.00%       0.000us       0.000us           165  
                                    cudaStreamWaitEvent         1.36%     175.531us         1.36%     175.531us       1.596us       0.000us         0.00%       0.000us       0.000us           110  
                                    cudaGetFuncBySymbol         0.64%      83.009us         0.64%      83.009us       1.509us       0.000us         0.00%       0.000us       0.000us            55  
                                   cudaDriverGetVersion         0.08%       9.808us         0.08%       9.808us       0.091us       0.000us         0.00%       0.000us       0.000us           108  
                                   cudaFuncSetAttribute         0.74%      94.844us         0.74%      94.844us       3.513us       0.000us         0.00%       0.000us       0.000us            27  
                    cudaThreadExchangeStreamCaptureMode         0.13%      16.379us         0.13%      16.379us       0.256us       0.000us         0.00%       0.000us       0.000us            64  
-------------------------------------------------------  ------------  ------------  ------------  ------------  ------------  ------------  ------------  ------------  ------------  ------------  
Self CPU time total: 12.888ms
Self CUDA time total: 63.372ms

torch profiler chrome trace for prefill saved to /sgl-workspace/sglang-src/experiment-results/phase14c/deepseek_tp_extension/tp8/deepseek-v2-lite/chunked_prefill/c4096/r1/traces/trace_rank0_batch4_input4095_output8_prefill.trace.json.gz
Prefill. latency: 0.06661 s, throughput: 245907.92 token/s
Decode 0. Batch size: 4, latency: 0.07977 s, throughput:     50.14 token/s
Decode 1. Batch size: 4, latency: 0.05427 s, throughput:     73.70 token/s
Decode 2. Batch size: 4, latency: 0.05395 s, throughput:     74.14 token/s
Decode 3. Batch size: 4, latency: 0.05366 s, throughput:     74.55 token/s
Decode 4. Batch size: 4, latency: 0.05736 s, throughput:     69.74 token/s
Decode.  median latency: 0.05513 s, median throughput:     72.56 token/s
Total. latency:  0.481 s, throughput:  34150.57 token/s
Warmup workload: batch_size=4, input_len=4096, output_len=8
Prefill. latency: 0.06489 s, throughput: 252480.47 token/s
Decode 0. Batch size: 4, latency: 0.05283 s, throughput:     75.71 token/s
Decode 1. Batch size: 4, latency: 0.05328 s, throughput:     75.07 token/s
Decode 2. Batch size: 4, latency: 0.05337 s, throughput:     74.95 token/s
Decode 3. Batch size: 4, latency: 0.05293 s, throughput:     75.57 token/s
Decode 4. Batch size: 4, latency: 0.05273 s, throughput:     75.86 token/s
Decode.  median latency: 0.05293 s, median throughput:     75.57 token/s
Total. latency:  0.437 s, throughput:  37602.34 token/s
-------------------------------------------------------  ------------  ------------  ------------  ------------  ------------  ------------  ------------  ------------  ------------  ------------  
                                                   Name    Self CPU %      Self CPU   CPU total %     CPU total  CPU time avg     Self CUDA   Self CUDA %    CUDA total  CUDA time avg    # of Calls  
-------------------------------------------------------  ------------  ------------  ------------  ------------  ------------  ------------  ------------  ------------  ------------  ------------  
ncclDevKernel_AllReduce_Sum_bf16_RING_LL(ncclDevKern...         0.00%       0.000us         0.00%       0.000us       0.000us      27.720ms        43.40%      27.720ms     504.005us            55  
                                       fused_moe_kernel         0.00%       0.000us         0.00%       0.000us       0.000us      19.100ms        29.90%      19.100ms     367.301us            52  
kernel_cutlass_kernel_flashinfernormkernelsfused_add...         0.00%       0.000us         0.00%       0.000us       0.000us       2.283ms         3.57%       2.283ms      42.278us            54  
void cutlass::device_kernel<cutlass::fmha::kernel::S...         0.00%       0.000us         0.00%       0.000us       0.000us       1.993ms         3.12%       1.993ms      73.830us            27  
void moe_sum_reduce_warp_per_token_vec_kernel<8>(c10...         0.00%       0.000us         0.00%       0.000us       0.000us       1.993ms         3.12%       1.993ms      76.669us            26  
void at::native::sbtopk::gatherTopK<float, unsigned ...         0.00%       0.000us         0.00%       0.000us       0.000us       1.472ms         2.30%       1.472ms      28.310us            52  
         nvjet_sm100_tst_128x256_64x6_2x1_2cta_v_bz_TNT         0.00%       0.000us         0.00%       0.000us       0.000us       1.242ms         1.94%       1.242ms      22.584us            55  
void count_and_sort_expert_tokens_kernel<int>(int co...         0.00%       0.000us         0.00%       0.000us       0.000us     934.875us         1.46%     934.875us      35.957us            26  
         nvjet_sm100_tst_176x128_64x8_2x2_2cta_h_bz_TNN         0.00%       0.000us         0.00%       0.000us       0.000us     905.021us         1.42%     905.021us      34.808us            26  
void (anonymous namespace)::act_and_mul_kernel<__nv_...         0.00%       0.000us         0.00%       0.000us       0.000us     798.368us         1.25%     798.368us      15.353us            52  
         nvjet_sm100_tst_144x128_64x8_2x2_2cta_h_bz_TNN         0.00%       0.000us         0.00%       0.000us       0.000us     785.565us         1.23%     785.565us      29.095us            27  
void at::native::vectorized_elementwise_kernel<8, at...         0.00%       0.000us         0.00%       0.000us       0.000us     725.503us         1.14%     725.503us      27.904us            26  
void moe_align_block_size_kernel<int>(int const*, in...         0.00%       0.000us         0.00%       0.000us       0.000us     639.519us         1.00%     639.519us      24.597us            26  
         nvjet_sm100_tst_192x128_64x6_2x2_2cta_h_bz_TNT         0.00%       0.000us         0.00%       0.000us       0.000us     629.629us         0.99%     629.629us      23.320us            27  
          nvjet_sm100_tss_32x256_64x6_2x2_2cta_h_bz_TNN         0.00%       0.000us         0.00%       0.000us       0.000us     542.848us         0.85%     542.848us      20.879us            26  
                           concat_and_cast_mha_k_kernel         0.00%       0.000us         0.00%       0.000us       0.000us     278.273us         0.44%     278.273us      10.306us            27  
         nvjet_sm100_tst_256x128_64x5_2x2_2cta_h_bz_TNT         0.00%       0.000us         0.00%       0.000us       0.000us     262.234us         0.41%     262.234us       9.712us            27  
triton_red_fused__softmax_exp_max_prepare_softmax_on...         0.00%       0.000us         0.00%       0.000us       0.000us     252.734us         0.40%     252.734us       9.721us            26  
kernel_cutlass_kernel_flashinfernormkernelsrmsnormRM...         0.00%       0.000us         0.00%       0.000us       0.000us     237.056us         0.37%     237.056us       8.780us            27  
triton_poi_fused__softmax__to_copy_arange_bitwise_no...         0.00%       0.000us         0.00%       0.000us       0.000us     199.362us         0.31%     199.362us       7.668us            26  
void (anonymous namespace)::set_mla_kv_buffer_kernel...         0.00%       0.000us         0.00%       0.000us       0.000us     139.003us         0.22%     139.003us       5.148us            27  
void (anonymous namespace)::fused_rope_kernel<false,...         0.00%       0.000us         0.00%       0.000us       0.000us     133.698us         0.21%     133.698us       4.952us            27  
flashinfer::plan_kernel(int*, int*, int*, int*, int*...         0.00%       0.000us         0.00%       0.000us       0.000us     107.648us         0.17%     107.648us     107.648us             1  
                               _all_gather_kernel_inner         0.00%       0.000us         0.00%       0.000us       0.000us      89.312us         0.14%      89.312us      89.312us             1  
void at::native::elementwise_kernel<128, 4, at::nati...         0.00%       0.000us         0.00%       0.000us       0.000us      69.375us         0.11%      69.375us      69.375us             1  
void at::native::elementwise_kernel<128, 4, at::nati...         0.00%       0.000us         0.00%       0.000us       0.000us      60.576us         0.09%      60.576us      60.576us             1  
void at::native::elementwise_kernel<128, 4, at::nati...         0.00%       0.000us         0.00%       0.000us       0.000us      59.104us         0.09%      59.104us      59.104us             1  
                            triton_poi_fused__to_copy_2         0.00%       0.000us         0.00%       0.000us       0.000us      51.074us         0.08%      51.074us       1.964us            26  
void at::native::reduce_kernel<512, 1, at::native::R...         0.00%       0.000us         0.00%       0.000us       0.000us      24.128us         0.04%      24.128us      24.128us             1  
void at::native::vectorized_gather_kernel<16, long>(...         0.00%       0.000us         0.00%       0.000us       0.000us      22.528us         0.04%      22.528us      11.264us             2  
kernel_cutlass_kernel_flashinfernormkernelsrmsnormRM...         0.00%       0.000us         0.00%       0.000us       0.000us      21.631us         0.03%      21.631us      21.631us             1  
                         Memcpy HtoD (Pinned -> Device)         0.00%       0.000us         0.00%       0.000us       0.000us      16.097us         0.03%      16.097us       2.012us             8  
               nvjet_sm100_tst_128x8_64x12_4x1_v_bz_TNT         0.00%       0.000us         0.00%       0.000us       0.000us      13.664us         0.02%      13.664us      13.664us             1  
                       Memcpy DtoH (Device -> Pageable)         0.00%       0.000us         0.00%       0.000us       0.000us       6.849us         0.01%       6.849us       3.424us             2  
                         Memcpy DtoH (Device -> Pinned)         0.00%       0.000us         0.00%       0.000us       0.000us       6.752us         0.01%       6.752us       3.376us             2  
                       Memcpy HtoD (Pageable -> Device)         0.00%       0.000us         0.00%       0.000us       0.000us       6.272us         0.01%       6.272us       1.254us             5  
void at::native::unrolled_elementwise_kernel<at::nat...         0.00%       0.000us         0.00%       0.000us       0.000us       5.985us         0.01%       5.985us       1.995us             3  
void at_cuda_detail::cub::detail::scan::DeviceScanKe...         0.00%       0.000us         0.00%       0.000us       0.000us       5.439us         0.01%       5.439us       1.813us             3  
void at::native::(anonymous namespace)::multi_tensor...         0.00%       0.000us         0.00%       0.000us       0.000us       5.088us         0.01%       5.088us       5.088us             1  
                         write_req_to_token_pool_triton         0.00%       0.000us         0.00%       0.000us       0.000us       4.864us         0.01%       4.864us       4.864us             1  
void at_cuda_detail::cub::detail::scan::DeviceScanIn...         0.00%       0.000us         0.00%       0.000us       0.000us       4.512us         0.01%       4.512us       1.504us             3  
void at::native::unrolled_elementwise_kernel<at::nat...         0.00%       0.000us         0.00%       0.000us       0.000us       3.937us         0.01%       3.937us       3.937us             1  
void at::native::vectorized_elementwise_kernel<2, at...         0.00%       0.000us         0.00%       0.000us       0.000us       3.520us         0.01%       3.520us       1.760us             2  
void at::native::unrolled_elementwise_kernel<at::nat...         0.00%       0.000us         0.00%       0.000us       0.000us       3.105us         0.00%       3.105us       1.553us             2  
void at::native::reduce_kernel<512, 1, at::native::R...         0.00%       0.000us         0.00%       0.000us       0.000us       2.624us         0.00%       2.624us       2.624us             1  
void at::native::reduce_kernel<512, 1, at::native::R...         0.00%       0.000us         0.00%       0.000us       0.000us       2.400us         0.00%       2.400us       2.400us             1  
void at::native::vectorized_elementwise_kernel<4, at...         0.00%       0.000us         0.00%       0.000us       0.000us       2.144us         0.00%       2.144us       2.144us             1  
void at::native::unrolled_elementwise_kernel<at::nat...         0.00%       0.000us         0.00%       0.000us       0.000us       1.888us         0.00%       1.888us       1.888us             1  
                                compute_position_kernel         0.00%       0.000us         0.00%       0.000us       0.000us       1.792us         0.00%       1.792us       1.792us             1  
triton_poi_fused_add_bitwise_and_bitwise_not_bitwise...         0.00%       0.000us         0.00%       0.000us       0.000us       1.760us         0.00%       1.760us       1.760us             1  
void at::native::unrolled_elementwise_kernel<at::nat...         0.00%       0.000us         0.00%       0.000us       0.000us       1.312us         0.00%       1.312us       1.312us             1  
                    create_flashinfer_kv_indices_triton         0.00%       0.000us         0.00%       0.000us       0.000us       1.024us         0.00%       1.024us       1.024us             1  
                                  cudaDeviceSynchronize        33.66%       4.319ms        33.66%       4.319ms       1.440ms       0.000us         0.00%       0.000us       0.000us             3  
                                Activity Buffer Request        11.76%       1.509ms        11.76%       1.509ms       1.509ms       0.000us         0.00%       0.000us       0.000us             1  
                               cudaPointerGetAttributes         0.04%       4.606us         0.04%       4.606us       4.606us       0.000us         0.00%       0.000us       0.000us             1  
                                  cudaStreamIsCapturing         0.69%      88.374us         0.69%      88.374us       0.664us       0.000us         0.00%       0.000us       0.000us           133  
                                        cudaMemcpyAsync         2.96%     379.745us         2.96%     379.745us      22.338us       0.000us         0.00%       0.000us       0.000us            17  
                               cudaEventRecordWithFlags         0.79%     101.060us         0.79%     101.060us       1.604us       0.000us         0.00%       0.000us       0.000us            63  
                                         cudaEventQuery         2.53%     324.256us         2.53%     324.256us       2.573us       0.000us         0.00%       0.000us       0.000us           126  
                                       cuLaunchKernelEx        16.41%       2.105ms        16.41%       2.105ms       6.439us       0.000us         0.00%       0.000us       0.000us           327  
                                       cudaLaunchKernel         8.79%       1.128ms         8.90%       1.142ms       6.273us       0.000us         0.00%       0.000us       0.000us           182  
                                  cudaStreamSynchronize         0.63%      81.365us         0.63%      81.365us      20.341us       0.000us         0.00%       0.000us       0.000us             4  
                                    cudaPeekAtLastError         0.01%       1.323us         0.01%       1.323us       0.110us       0.000us         0.00%       0.000us       0.000us            12  
cudaOccupancyMaxActiveBlocksPerMultiprocessorWithFla...         0.04%       5.652us         0.04%       5.652us       1.884us       0.000us         0.00%       0.000us       0.000us             3  
                                 cudaDeviceGetAttribute         0.24%      30.226us         0.24%      30.226us       1.008us       0.000us         0.00%       0.000us       0.000us            30  
                                    cudaLaunchKernelExC        11.59%       1.487ms        11.59%       1.487ms       6.887us       0.000us         0.00%       0.000us       0.000us           216  
                                         cuLaunchKernel         3.52%     451.679us         3.60%     462.188us       5.850us       0.000us         0.00%       0.000us       0.000us            79  
                                                INVALID         0.85%     108.674us         0.85%     108.674us       0.667us       0.000us         0.00%       0.000us       0.000us           163  
                                        cudaEventRecord         2.34%     300.771us         2.34%     300.771us       1.823us       0.000us         0.00%       0.000us       0.000us           165  
                                    cudaStreamWaitEvent         1.47%     188.364us         1.47%     188.364us       1.712us       0.000us         0.00%       0.000us       0.000us           110  
                                    cudaGetFuncBySymbol         0.69%      88.103us         0.69%      88.103us       1.602us       0.000us         0.00%       0.000us       0.000us            55  
                                   cudaDriverGetVersion         0.08%      10.208us         0.08%      10.208us       0.095us       0.000us         0.00%       0.000us       0.000us           108  
                                   cudaFuncSetAttribute         0.73%      93.613us         0.73%      93.613us       3.467us       0.000us         0.00%       0.000us       0.000us            27  
                    cudaThreadExchangeStreamCaptureMode         0.19%      24.545us         0.19%      24.545us       0.292us       0.000us         0.00%       0.000us       0.000us            84  
-------------------------------------------------------  ------------  ------------  ------------  ------------  ------------  ------------  ------------  ------------  ------------  ------------  
Self CPU time total: 12.832ms
Self CUDA time total: 63.874ms

-------------------------------------------------------  ------------  ------------  ------------  ------------  ------------  ------------  ------------  ------------  ------------  ------------  
                                                   Name    Self CPU %      Self CPU   CPU total %     CPU total  CPU time avg     Self CUDA   Self CUDA %    CUDA total  CUDA time avg    # of Calls  
-------------------------------------------------------  ------------  ------------  ------------  ------------  ------------  ------------  ------------  ------------  ------------  ------------  
ncclDevKernel_AllReduce_Sum_bf16_RING_LL(ncclDevKern...         0.00%       0.000us         0.00%       0.000us       0.000us      27.808ms        43.65%      27.808ms     505.593us            55  
                                       fused_moe_kernel         0.00%       0.000us         0.00%       0.000us       0.000us      19.094ms        29.97%      19.094ms     367.184us            52  
kernel_cutlass_kernel_flashinfernormkernelsfused_add...         0.00%       0.000us         0.00%       0.000us       0.000us       2.214ms         3.48%       2.214ms      41.004us            54  
void moe_sum_reduce_warp_per_token_vec_kernel<8>(c10...         0.00%       0.000us         0.00%       0.000us       0.000us       2.000ms         3.14%       2.000ms      76.907us            26  
void cutlass::device_kernel<cutlass::fmha::kernel::S...         0.00%       0.000us         0.00%       0.000us       0.000us       1.986ms         3.12%       1.986ms      73.549us            27  
void at::native::sbtopk::gatherTopK<float, unsigned ...         0.00%       0.000us         0.00%       0.000us       0.000us       1.468ms         2.31%       1.468ms      28.238us            52  
         nvjet_sm100_tst_128x256_64x6_2x1_2cta_v_bz_TNT         0.00%       0.000us         0.00%       0.000us       0.000us       1.232ms         1.93%       1.232ms      22.409us            55  
void count_and_sort_expert_tokens_kernel<int>(int co...         0.00%       0.000us         0.00%       0.000us       0.000us     934.527us         1.47%     934.527us      35.943us            26  
         nvjet_sm100_tst_176x128_64x8_2x2_2cta_h_bz_TNN         0.00%       0.000us         0.00%       0.000us       0.000us     907.005us         1.42%     907.005us      34.885us            26  
void (anonymous namespace)::act_and_mul_kernel<__nv_...         0.00%       0.000us         0.00%       0.000us       0.000us     794.171us         1.25%     794.171us      15.273us            52  
         nvjet_sm100_tst_144x128_64x8_2x2_2cta_h_bz_TNN         0.00%       0.000us         0.00%       0.000us       0.000us     788.156us         1.24%     788.156us      29.191us            27  
void at::native::vectorized_elementwise_kernel<8, at...         0.00%       0.000us         0.00%       0.000us       0.000us     722.016us         1.13%     722.016us      27.770us            26  
void moe_align_block_size_kernel<int>(int const*, in...         0.00%       0.000us         0.00%       0.000us       0.000us     642.619us         1.01%     642.619us      24.716us            26  
         nvjet_sm100_tst_192x128_64x6_2x2_2cta_h_bz_TNT         0.00%       0.000us         0.00%       0.000us       0.000us     632.512us         0.99%     632.512us      23.426us            27  
          nvjet_sm100_tss_32x256_64x6_2x2_2cta_h_bz_TNN         0.00%       0.000us         0.00%       0.000us       0.000us     540.831us         0.85%     540.831us      20.801us            26  
                           concat_and_cast_mha_k_kernel         0.00%       0.000us         0.00%       0.000us       0.000us     277.923us         0.44%     277.923us      10.293us            27  
         nvjet_sm100_tst_256x128_64x5_2x2_2cta_h_bz_TNT         0.00%       0.000us         0.00%       0.000us       0.000us     261.347us         0.41%     261.347us       9.680us            27  
triton_red_fused__softmax_exp_max_prepare_softmax_on...         0.00%       0.000us         0.00%       0.000us       0.000us     252.733us         0.40%     252.733us       9.721us            26  
kernel_cutlass_kernel_flashinfernormkernelsrmsnormRM...         0.00%       0.000us         0.00%       0.000us       0.000us     235.812us         0.37%     235.812us       8.734us            27  
void (anonymous namespace)::set_mla_kv_buffer_kernel...         0.00%       0.000us         0.00%       0.000us       0.000us     139.227us         0.22%     139.227us       5.157us            27  
void (anonymous namespace)::fused_rope_kernel<false,...         0.00%       0.000us         0.00%       0.000us       0.000us     133.278us         0.21%     133.278us       4.936us            27  
flashinfer::plan_kernel(int*, int*, int*, int*, int*...         0.00%       0.000us         0.00%       0.000us       0.000us     107.136us         0.17%     107.136us     107.136us             1  
triton_poi_fused__softmax__to_copy_arange_bitwise_no...         0.00%       0.000us         0.00%       0.000us       0.000us     104.512us         0.16%     104.512us       4.020us            26  
void at::native::elementwise_kernel<128, 4, at::nati...         0.00%       0.000us         0.00%       0.000us       0.000us      60.575us         0.10%      60.575us      60.575us             1  
void at::native::elementwise_kernel<128, 4, at::nati...         0.00%       0.000us         0.00%       0.000us       0.000us      58.880us         0.09%      58.880us      58.880us             1  
void at::native::elementwise_kernel<128, 4, at::nati...         0.00%       0.000us         0.00%       0.000us       0.000us      56.768us         0.09%      56.768us      56.768us             1  
                            triton_poi_fused__to_copy_2         0.00%       0.000us         0.00%       0.000us       0.000us      53.248us         0.08%      53.248us       2.048us            26  
                               _all_gather_kernel_inner         0.00%       0.000us         0.00%       0.000us       0.000us      40.128us         0.06%      40.128us      40.128us             1  
void at::native::reduce_kernel<512, 1, at::native::R...         0.00%       0.000us         0.00%       0.000us       0.000us      23.584us         0.04%      23.584us      23.584us             1  
kernel_cutlass_kernel_flashinfernormkernelsrmsnormRM...         0.00%       0.000us         0.00%       0.000us       0.000us      21.184us         0.03%      21.184us      21.184us             1  
void at::native::vectorized_gather_kernel<16, long>(...         0.00%       0.000us         0.00%       0.000us       0.000us      15.392us         0.02%      15.392us       7.696us             2  
                         Memcpy HtoD (Pinned -> Device)         0.00%       0.000us         0.00%       0.000us       0.000us      13.984us         0.02%      13.984us       1.748us             8  
               nvjet_sm100_tst_128x8_64x12_4x1_v_bz_TNT         0.00%       0.000us         0.00%       0.000us       0.000us      13.632us         0.02%      13.632us      13.632us             1  
                       Memcpy HtoD (Pageable -> Device)         0.00%       0.000us         0.00%       0.000us       0.000us       6.976us         0.01%       6.976us       1.395us             5  
                         Memcpy DtoH (Device -> Pinned)         0.00%       0.000us         0.00%       0.000us       0.000us       6.720us         0.01%       6.720us       3.360us             2  
                       Memcpy DtoH (Device -> Pageable)         0.00%       0.000us         0.00%       0.000us       0.000us       6.719us         0.01%       6.719us       3.360us             2  
void at::native::unrolled_elementwise_kernel<at::nat...         0.00%       0.000us         0.00%       0.000us       0.000us       5.887us         0.01%       5.887us       1.962us             3  
                         write_req_to_token_pool_triton         0.00%       0.000us         0.00%       0.000us       0.000us       5.088us         0.01%       5.088us       5.088us             1  
void at_cuda_detail::cub::detail::scan::DeviceScanKe...         0.00%       0.000us         0.00%       0.000us       0.000us       5.056us         0.01%       5.056us       1.685us             3  
void at::native::(anonymous namespace)::multi_tensor...         0.00%       0.000us         0.00%       0.000us       0.000us       4.864us         0.01%       4.864us       4.864us             1  
void at_cuda_detail::cub::detail::scan::DeviceScanIn...         0.00%       0.000us         0.00%       0.000us       0.000us       4.352us         0.01%       4.352us       1.451us             3  
void at::native::unrolled_elementwise_kernel<at::nat...         0.00%       0.000us         0.00%       0.000us       0.000us       4.064us         0.01%       4.064us       4.064us             1  
void at::native::vectorized_elementwise_kernel<2, at...         0.00%       0.000us         0.00%       0.000us       0.000us       3.328us         0.01%       3.328us       1.664us             2  
void at::native::unrolled_elementwise_kernel<at::nat...         0.00%       0.000us         0.00%       0.000us       0.000us       2.944us         0.00%       2.944us       1.472us             2  
void at::native::reduce_kernel<512, 1, at::native::R...         0.00%       0.000us         0.00%       0.000us       0.000us       2.528us         0.00%       2.528us       2.528us             1  
void at::native::reduce_kernel<512, 1, at::native::R...         0.00%       0.000us         0.00%       0.000us       0.000us       2.400us         0.00%       2.400us       2.400us             1  
                                compute_position_kernel         0.00%       0.000us         0.00%       0.000us       0.000us       1.824us         0.00%       1.824us       1.824us             1  
void at::native::vectorized_elementwise_kernel<4, at...         0.00%       0.000us         0.00%       0.000us       0.000us       1.760us         0.00%       1.760us       1.760us             1  
triton_poi_fused_add_bitwise_and_bitwise_not_bitwise...         0.00%       0.000us         0.00%       0.000us       0.000us       1.696us         0.00%       1.696us       1.696us             1  
void at::native::unrolled_elementwise_kernel<at::nat...         0.00%       0.000us         0.00%       0.000us       0.000us       1.632us         0.00%       1.632us       1.632us             1  
void at::native::unrolled_elementwise_kernel<at::nat...         0.00%       0.000us         0.00%       0.000us       0.000us       1.216us         0.00%       1.216us       1.216us             1  
                    create_flashinfer_kv_indices_triton         0.00%       0.000us         0.00%       0.000us       0.000us       0.832us         0.00%       0.832us       0.832us             1  
                                  cudaDeviceSynchronize        40.16%       5.379ms        40.16%       5.379ms       1.793ms       0.000us         0.00%       0.000us       0.000us             3  
                                Activity Buffer Request        11.22%       1.503ms        11.22%       1.503ms       1.503ms       0.000us         0.00%       0.000us       0.000us             1  
                               cudaPointerGetAttributes         0.03%       4.290us         0.03%       4.290us       4.290us       0.000us         0.00%       0.000us       0.000us             1  
                                  cudaStreamIsCapturing         0.65%      86.505us         0.65%      86.505us       0.650us       0.000us         0.00%       0.000us       0.000us           133  
                                        cudaMemcpyAsync         2.95%     395.279us         2.95%     395.279us      23.252us       0.000us         0.00%       0.000us       0.000us            17  
                               cudaEventRecordWithFlags         0.59%      78.739us         0.59%      78.739us       1.250us       0.000us         0.00%       0.000us       0.000us            63  
                                         cudaEventQuery         2.12%     284.618us         2.12%     284.618us       2.259us       0.000us         0.00%       0.000us       0.000us           126  
                                       cuLaunchKernelEx        14.42%       1.932ms        14.43%       1.933ms       5.910us       0.000us         0.00%       0.000us       0.000us           327  
                                       cudaLaunchKernel         8.01%       1.073ms         8.03%       1.076ms       5.913us       0.000us         0.00%       0.000us       0.000us           182  
                                  cudaStreamSynchronize         0.60%      80.691us         0.60%      80.691us      20.173us       0.000us         0.00%       0.000us       0.000us             4  
                                    cudaPeekAtLastError         0.01%       1.345us         0.01%       1.345us       0.112us       0.000us         0.00%       0.000us       0.000us            12  
cudaOccupancyMaxActiveBlocksPerMultiprocessorWithFla...         0.04%       4.983us         0.04%       4.983us       1.661us       0.000us         0.00%       0.000us       0.000us             3  
                                 cudaDeviceGetAttribute         0.23%      30.423us         0.23%      30.423us       1.014us       0.000us         0.00%       0.000us       0.000us            30  
                                    cudaLaunchKernelExC         9.93%       1.330ms         9.95%       1.333ms       6.170us       0.000us         0.00%       0.000us       0.000us           216  
                                         cuLaunchKernel         3.04%     407.860us         3.05%     408.396us       5.170us       0.000us         0.00%       0.000us       0.000us            79  
                                                INVALID         0.82%     109.585us         0.82%     109.585us       0.672us       0.000us         0.00%       0.000us       0.000us           163  
                                        cudaEventRecord         2.13%     284.848us         2.13%     284.848us       1.726us       0.000us         0.00%       0.000us       0.000us           165  
                                    cudaStreamWaitEvent         1.39%     186.110us         1.39%     186.110us       1.692us       0.000us         0.00%       0.000us       0.000us           110  
                                    cudaGetFuncBySymbol         0.71%      94.789us         0.71%      94.789us       1.723us       0.000us         0.00%       0.000us       0.000us            55  
                                   cudaDriverGetVersion         0.08%      10.097us         0.08%      10.097us       0.093us       0.000us         0.00%       0.000us       0.000us           108  
                                   cudaFuncSetAttribute         0.72%      96.760us         0.72%      96.760us       3.584us       0.000us         0.00%       0.000us       0.000us            27  
                    cudaThreadExchangeStreamCaptureMode         0.16%      21.208us         0.16%      21.208us       0.252us       0.000us         0.00%       0.000us       0.000us            84  
-------------------------------------------------------  ------------  ------------  ------------  ------------  ------------  ------------  ------------  ------------  ------------  ------------  
Self CPU time total: 13.395ms
Self CUDA time total: 63.703ms

-------------------------------------------------------  ------------  ------------  ------------  ------------  ------------  ------------  ------------  ------------  ------------  ------------  
                                                   Name    Self CPU %      Self CPU   CPU total %     CPU total  CPU time avg     Self CUDA   Self CUDA %    CUDA total  CUDA time avg    # of Calls  
-------------------------------------------------------  ------------  ------------  ------------  ------------  ------------  ------------  ------------  ------------  ------------  ------------  
ncclDevKernel_AllReduce_Sum_bf16_RING_LL(ncclDevKern...         0.00%       0.000us         0.00%       0.000us       0.000us      27.376ms        43.28%      27.376ms     497.740us            55  
                                       fused_moe_kernel         0.00%       0.000us         0.00%       0.000us       0.000us      19.095ms        30.19%      19.095ms     367.220us            52  
kernel_cutlass_kernel_flashinfernormkernelsfused_add...         0.00%       0.000us         0.00%       0.000us       0.000us       2.151ms         3.40%       2.151ms      39.841us            54  
void moe_sum_reduce_warp_per_token_vec_kernel<8>(c10...         0.00%       0.000us         0.00%       0.000us       0.000us       1.995ms         3.15%       1.995ms      76.715us            26  
void cutlass::device_kernel<cutlass::fmha::kernel::S...         0.00%       0.000us         0.00%       0.000us       0.000us       1.975ms         3.12%       1.975ms      73.158us            27  
void at::native::sbtopk::gatherTopK<float, unsigned ...         0.00%       0.000us         0.00%       0.000us       0.000us       1.468ms         2.32%       1.468ms      28.236us            52  
         nvjet_sm100_tst_128x256_64x6_2x1_2cta_v_bz_TNT         0.00%       0.000us         0.00%       0.000us       0.000us       1.236ms         1.95%       1.236ms      22.467us            55  
void count_and_sort_expert_tokens_kernel<int>(int co...         0.00%       0.000us         0.00%       0.000us       0.000us     932.860us         1.47%     932.860us      35.879us            26  
         nvjet_sm100_tst_176x128_64x8_2x2_2cta_h_bz_TNN         0.00%       0.000us         0.00%       0.000us       0.000us     910.941us         1.44%     910.941us      35.036us            26  
void (anonymous namespace)::act_and_mul_kernel<__nv_...         0.00%       0.000us         0.00%       0.000us       0.000us     799.072us         1.26%     799.072us      15.367us            52  
         nvjet_sm100_tst_144x128_64x8_2x2_2cta_h_bz_TNN         0.00%       0.000us         0.00%       0.000us       0.000us     793.179us         1.25%     793.179us      29.377us            27  
void at::native::vectorized_elementwise_kernel<8, at...         0.00%       0.000us         0.00%       0.000us       0.000us     724.797us         1.15%     724.797us      27.877us            26  
void moe_align_block_size_kernel<int>(int const*, in...         0.00%       0.000us         0.00%       0.000us       0.000us     633.823us         1.00%     633.823us      24.378us            26  
         nvjet_sm100_tst_192x128_64x6_2x2_2cta_h_bz_TNT         0.00%       0.000us         0.00%       0.000us       0.000us     628.318us         0.99%     628.318us      23.271us            27  
          nvjet_sm100_tss_32x256_64x6_2x2_2cta_h_bz_TNN         0.00%       0.000us         0.00%       0.000us       0.000us     535.452us         0.85%     535.452us      20.594us            26  
                           concat_and_cast_mha_k_kernel         0.00%       0.000us         0.00%       0.000us       0.000us     279.712us         0.44%     279.712us      10.360us            27  
         nvjet_sm100_tst_256x128_64x5_2x2_2cta_h_bz_TNT         0.00%       0.000us         0.00%       0.000us       0.000us     260.641us         0.41%     260.641us       9.653us            27  
triton_red_fused__softmax_exp_max_prepare_softmax_on...         0.00%       0.000us         0.00%       0.000us       0.000us     253.218us         0.40%     253.218us       9.739us            26  
kernel_cutlass_kernel_flashinfernormkernelsrmsnormRM...         0.00%       0.000us         0.00%       0.000us       0.000us     236.864us         0.37%     236.864us       8.773us            27  
void (anonymous namespace)::set_mla_kv_buffer_kernel...         0.00%       0.000us         0.00%       0.000us       0.000us     138.367us         0.22%     138.367us       5.125us            27  
void (anonymous namespace)::fused_rope_kernel<false,...         0.00%       0.000us         0.00%       0.000us       0.000us     134.020us         0.21%     134.020us       4.964us            27  
triton_poi_fused__softmax__to_copy_arange_bitwise_no...         0.00%       0.000us         0.00%       0.000us       0.000us     128.961us         0.20%     128.961us       4.960us            26  
flashinfer::plan_kernel(int*, int*, int*, int*, int*...         0.00%       0.000us         0.00%       0.000us       0.000us     107.391us         0.17%     107.391us     107.391us             1  
                               _all_gather_kernel_inner         0.00%       0.000us         0.00%       0.000us       0.000us      78.656us         0.12%      78.656us      78.656us             1  
void at::native::elementwise_kernel<128, 4, at::nati...         0.00%       0.000us         0.00%       0.000us       0.000us      60.225us         0.10%      60.225us      60.225us             1  
void at::native::elementwise_kernel<128, 4, at::nati...         0.00%       0.000us         0.00%       0.000us       0.000us      59.264us         0.09%      59.264us      59.264us             1  
void at::native::elementwise_kernel<128, 4, at::nati...         0.00%       0.000us         0.00%       0.000us       0.000us      56.672us         0.09%      56.672us      56.672us             1  
                            triton_poi_fused__to_copy_2         0.00%       0.000us         0.00%       0.000us       0.000us      50.493us         0.08%      50.493us       1.942us            26  
void at::native::reduce_kernel<512, 1, at::native::R...         0.00%       0.000us         0.00%       0.000us       0.000us      23.936us         0.04%      23.936us      23.936us             1  
kernel_cutlass_kernel_flashinfernormkernelsrmsnormRM...         0.00%       0.000us         0.00%       0.000us       0.000us      21.248us         0.03%      21.248us      21.248us             1  
void at::native::vectorized_gather_kernel<16, long>(...         0.00%       0.000us         0.00%       0.000us       0.000us      15.616us         0.02%      15.616us       7.808us             2  
               nvjet_sm100_tst_128x8_64x12_4x1_v_bz_TNT         0.00%       0.000us         0.00%       0.000us       0.000us      13.472us         0.02%      13.472us      13.472us             1  
                         Memcpy HtoD (Pinned -> Device)         0.00%       0.000us         0.00%       0.000us       0.000us      11.648us         0.02%      11.648us       1.456us             8  
void at::native::unrolled_elementwise_kernel<at::nat...         0.00%       0.000us         0.00%       0.000us       0.000us       6.271us         0.01%       6.271us       2.090us             3  
                       Memcpy DtoH (Device -> Pageable)         0.00%       0.000us         0.00%       0.000us       0.000us       6.112us         0.01%       6.112us       3.056us             2  
void at_cuda_detail::cub::detail::scan::DeviceScanKe...         0.00%       0.000us         0.00%       0.000us       0.000us       5.664us         0.01%       5.664us       1.888us             3  
                       Memcpy HtoD (Pageable -> Device)         0.00%       0.000us         0.00%       0.000us       0.000us       5.534us         0.01%       5.534us       1.107us             5  
void at::native::(anonymous namespace)::multi_tensor...         0.00%       0.000us         0.00%       0.000us       0.000us       5.248us         0.01%       5.248us       5.248us             1  
                         Memcpy DtoH (Device -> Pinned)         0.00%       0.000us         0.00%       0.000us       0.000us       5.183us         0.01%       5.183us       2.591us             2  
                         write_req_to_token_pool_triton         0.00%       0.000us         0.00%       0.000us       0.000us       5.056us         0.01%       5.056us       5.056us             1  
void at::native::unrolled_elementwise_kernel<at::nat...         0.00%       0.000us         0.00%       0.000us       0.000us       4.192us         0.01%       4.192us       4.192us             1  
void at_cuda_detail::cub::detail::scan::DeviceScanIn...         0.00%       0.000us         0.00%       0.000us       0.000us       3.809us         0.01%       3.809us       1.270us             3  
void at::native::vectorized_elementwise_kernel<2, at...         0.00%       0.000us         0.00%       0.000us       0.000us       3.616us         0.01%       3.616us       1.808us             2  
void at::native::unrolled_elementwise_kernel<at::nat...         0.00%       0.000us         0.00%       0.000us       0.000us       3.488us         0.01%       3.488us       1.744us             2  
void at::native::reduce_kernel<512, 1, at::native::R...         0.00%       0.000us         0.00%       0.000us       0.000us       2.848us         0.00%       2.848us       2.848us             1  
void at::native::reduce_kernel<512, 1, at::native::R...         0.00%       0.000us         0.00%       0.000us       0.000us       2.625us         0.00%       2.625us       2.625us             1  
                                compute_position_kernel         0.00%       0.000us         0.00%       0.000us       0.000us       2.400us         0.00%       2.400us       2.400us             1  
void at::native::unrolled_elementwise_kernel<at::nat...         0.00%       0.000us         0.00%       0.000us       0.000us       2.304us         0.00%       2.304us       2.304us             1  
void at::native::unrolled_elementwise_kernel<at::nat...         0.00%       0.000us         0.00%       0.000us       0.000us       1.823us         0.00%       1.823us       1.823us             1  
triton_poi_fused_add_bitwise_and_bitwise_not_bitwise...         0.00%       0.000us         0.00%       0.000us       0.000us       1.760us         0.00%       1.760us       1.760us             1  
void at::native::vectorized_elementwise_kernel<4, at...         0.00%       0.000us         0.00%       0.000us       0.000us       1.632us         0.00%       1.632us       1.632us             1  
                    create_flashinfer_kv_indices_triton         0.00%       0.000us         0.00%       0.000us       0.000us       1.568us         0.00%       1.568us       1.568us             1  
                                  cudaDeviceSynchronize        34.56%       4.135ms        34.56%       4.135ms       1.378ms       0.000us         0.00%       0.000us       0.000us             3  
                                Activity Buffer Request        12.75%       1.526ms        12.75%       1.526ms       1.526ms       0.000us         0.00%       0.000us       0.000us             1  
                               cudaPointerGetAttributes         0.05%       5.537us         0.05%       5.537us       5.537us       0.000us         0.00%       0.000us       0.000us             1  
                                  cudaStreamIsCapturing         0.70%      84.132us         0.70%      84.132us       0.633us       0.000us         0.00%       0.000us       0.000us           133  
                                        cudaMemcpyAsync         3.23%     386.582us         3.23%     386.582us      22.740us       0.000us         0.00%       0.000us       0.000us            17  
                               cudaEventRecordWithFlags         0.65%      78.027us         0.65%      78.027us       1.239us       0.000us         0.00%       0.000us       0.000us            63  
                                         cudaEventQuery         1.71%     205.200us         1.71%     205.200us       2.280us       0.000us         0.00%       0.000us       0.000us            90  
                                       cuLaunchKernelEx        16.07%       1.923ms        16.10%       1.926ms       5.891us       0.000us         0.00%       0.000us       0.000us           327  
                                       cudaLaunchKernel         8.67%       1.038ms         8.72%       1.043ms       5.732us       0.000us         0.00%       0.000us       0.000us           182  
                                  cudaStreamSynchronize         0.54%      65.069us         0.54%      65.069us      16.267us       0.000us         0.00%       0.000us       0.000us             4  
                                    cudaPeekAtLastError         0.01%       1.308us         0.01%       1.308us       0.109us       0.000us         0.00%       0.000us       0.000us            12  
cudaOccupancyMaxActiveBlocksPerMultiprocessorWithFla...         0.04%       5.171us         0.04%       5.171us       1.724us       0.000us         0.00%       0.000us       0.000us             3  
                                 cudaDeviceGetAttribute         0.24%      28.361us         0.24%      28.361us       0.945us       0.000us         0.00%       0.000us       0.000us            30  
                                    cudaLaunchKernelExC        11.21%       1.341ms        11.21%       1.341ms       6.209us       0.000us         0.00%       0.000us       0.000us           216  
                                         cuLaunchKernel         3.35%     400.528us         3.35%     400.528us       5.070us       0.000us         0.00%       0.000us       0.000us            79  
                                                INVALID         0.81%      96.777us         0.81%      96.777us       0.594us       0.000us         0.00%       0.000us       0.000us           163  
                                        cudaEventRecord         2.25%     269.298us         2.25%     269.298us       1.632us       0.000us         0.00%       0.000us       0.000us           165  
                                    cudaStreamWaitEvent         1.45%     173.786us         1.45%     173.786us       1.580us       0.000us         0.00%       0.000us       0.000us           110  
                                    cudaGetFuncBySymbol         0.67%      79.701us         0.67%      79.701us       1.449us       0.000us         0.00%       0.000us       0.000us            55  
                                   cudaDriverGetVersion         0.08%       9.925us         0.08%       9.925us       0.092us       0.000us         0.00%       0.000us       0.000us           108  
                                   cudaFuncSetAttribute         0.76%      91.008us         0.76%      91.008us       3.371us       0.000us         0.00%       0.000us       0.000us            27  
                    cudaThreadExchangeStreamCaptureMode         0.18%      21.274us         0.18%      21.274us       0.355us       0.000us         0.00%       0.000us       0.000us            60  
-------------------------------------------------------  ------------  ------------  ------------  ------------  ------------  ------------  ------------  ------------  ------------  ------------  
Self CPU time total: 11.965ms
Self CUDA time total: 63.256ms

-------------------------------------------------------  ------------  ------------  ------------  ------------  ------------  ------------  ------------  ------------  ------------  ------------  
                                                   Name    Self CPU %      Self CPU   CPU total %     CPU total  CPU time avg     Self CUDA   Self CUDA %    CUDA total  CUDA time avg    # of Calls  
-------------------------------------------------------  ------------  ------------  ------------  ------------  ------------  ------------  ------------  ------------  ------------  ------------  
kernel_cutlass_kernel_flashinfernormkernelsfused_add...         0.00%       0.000us         0.00%       0.000us       0.000us      52.806ms        31.22%      52.806ms     488.944us           108  
void (anonymous namespace)::all_reduce_one_shot_push...         0.00%       0.000us         0.00%       0.000us       0.000us      52.111ms        30.81%      52.111ms     947.467us            55  
ncclDevKernel_AllReduce_Sum_bf16_RING_LL(ncclDevKern...         0.00%       0.000us         0.00%       0.000us       0.000us      24.123ms        14.26%      24.123ms     438.594us            55  
                                       fused_moe_kernel         0.00%       0.000us         0.00%       0.000us       0.000us      19.794ms        11.70%      19.794ms     190.329us           104  
void cutlass::device_kernel<cutlass::fmha::kernel::S...         0.00%       0.000us         0.00%       0.000us       0.000us       4.165ms         2.46%       4.165ms      77.128us            54  
void moe_sum_reduce_warp_per_token_vec_kernel<8>(c10...         0.00%       0.000us         0.00%       0.000us       0.000us       2.001ms         1.18%       2.001ms      76.968us            26  
void at::native::sbtopk::gatherTopK<float, unsigned ...         0.00%       0.000us         0.00%       0.000us       0.000us       1.673ms         0.99%       1.673ms      16.089us           104  
         nvjet_sm100_tst_128x256_64x6_2x1_2cta_v_bz_TNT         0.00%       0.000us         0.00%       0.000us       0.000us       1.241ms         0.73%       1.241ms      22.558us            55  
void count_and_sort_expert_tokens_kernel<int>(int co...         0.00%       0.000us         0.00%       0.000us       0.000us     977.791us         0.58%     977.791us      18.804us            52  
void (anonymous namespace)::act_and_mul_kernel<__nv_...         0.00%       0.000us         0.00%       0.000us       0.000us     957.692us         0.57%     957.692us       9.209us           104  
         nvjet_sm100_tst_176x128_64x8_2x2_2cta_h_bz_TNN         0.00%       0.000us         0.00%       0.000us       0.000us     906.940us         0.54%     906.940us      34.882us            26  
         nvjet_sm100_tst_144x128_64x8_2x2_2cta_h_bz_TNN         0.00%       0.000us         0.00%       0.000us       0.000us     787.038us         0.47%     787.038us      29.150us            27  
void at::native::vectorized_elementwise_kernel<8, at...         0.00%       0.000us         0.00%       0.000us       0.000us     761.822us         0.45%     761.822us      14.650us            52  
void moe_align_block_size_kernel<int>(int const*, in...         0.00%       0.000us         0.00%       0.000us       0.000us     690.844us         0.41%     690.844us      13.285us            52  
         nvjet_sm100_tst_192x128_64x6_2x2_2cta_h_bz_TNT         0.00%       0.000us         0.00%       0.000us       0.000us     625.602us         0.37%     625.602us      23.170us            27  
                           concat_and_cast_mha_k_kernel         0.00%       0.000us         0.00%       0.000us       0.000us     551.899us         0.33%     551.899us      10.220us            54  
          nvjet_sm100_tss_32x256_64x6_2x2_2cta_h_bz_TNN         0.00%       0.000us         0.00%       0.000us       0.000us     542.491us         0.32%     542.491us      20.865us            26  
                               _all_gather_kernel_inner         0.00%       0.000us         0.00%       0.000us       0.000us     524.701us         0.31%     524.701us     262.351us             2  
                               get_mla_kv_buffer_kernel         0.00%       0.000us         0.00%       0.000us       0.000us     362.015us         0.21%     362.015us      13.408us            27  
        nvjet_sm100_tst_32x64_64x16_4x1_v_bz_splitK_TNN         0.00%       0.000us         0.00%       0.000us       0.000us     358.625us         0.21%     358.625us       4.483us            80  
triton_red_fused__softmax_exp_max_prepare_softmax_on...         0.00%       0.000us         0.00%       0.000us       0.000us     317.657us         0.19%     317.657us       6.109us            52  
kernel_cutlass_kernel_flashinfernormkernelsrmsnormRM...         0.00%       0.000us         0.00%       0.000us       0.000us     300.482us         0.18%     300.482us       5.564us            54  
void cublasLt::splitKreduce_kernel<32, 16, int, floa...         0.00%       0.000us         0.00%       0.000us       0.000us     269.663us         0.16%     269.663us       3.371us            80  
              nvjet_sm100_tst_256x112_64x4_1x2_h_bz_TNT         0.00%       0.000us         0.00%       0.000us       0.000us     264.448us         0.16%     264.448us       9.794us            27  
         nvjet_sm100_tst_256x128_64x5_2x2_2cta_h_bz_TNT         0.00%       0.000us         0.00%       0.000us       0.000us     261.854us         0.15%     261.854us       9.698us            27  
triton_poi_fused__softmax__to_copy_arange_bitwise_no...         0.00%       0.000us         0.00%       0.000us       0.000us     247.970us         0.15%     247.970us       4.769us            52  
               nvjet_sm100_tst_16x64_64x16_4x1_v_bz_TNN         0.00%       0.000us         0.00%       0.000us       0.000us     189.118us         0.11%     189.118us       3.502us            54  
void (anonymous namespace)::fused_rope_kernel<false,...         0.00%       0.000us         0.00%       0.000us       0.000us     185.050us         0.11%     185.050us       3.427us            54  
void (anonymous namespace)::set_mla_kv_buffer_kernel...         0.00%       0.000us         0.00%       0.000us       0.000us     141.117us         0.08%     141.117us       5.227us            27  
        nvjet_sm100_tss_32x64_64x16_2x1_v_bz_splitK_TNN         0.00%       0.000us         0.00%       0.000us       0.000us     121.886us         0.07%     121.886us       4.688us            26  
flashinfer::plan_kernel(int*, int*, int*, int*, int*...         0.00%       0.000us         0.00%       0.000us       0.000us     118.176us         0.07%     118.176us      59.088us             2  
                            triton_poi_fused__to_copy_2         0.00%       0.000us         0.00%       0.000us       0.000us      86.592us         0.05%      86.592us       1.665us            52  
void cublasLt::splitKreduce_kernel<32, 16, int, floa...         0.00%       0.000us         0.00%       0.000us       0.000us      69.150us         0.04%      69.150us       2.660us            26  
void at::native::elementwise_kernel<128, 4, at::nati...         0.00%       0.000us         0.00%       0.000us       0.000us      64.096us         0.04%      64.096us      32.048us             2  
void at::native::elementwise_kernel<128, 4, at::nati...         0.00%       0.000us         0.00%       0.000us       0.000us      62.847us         0.04%      62.847us      31.424us             2  
void at::native::elementwise_kernel<128, 4, at::nati...         0.00%       0.000us         0.00%       0.000us       0.000us      59.008us         0.03%      59.008us      29.504us             2  
                               set_mla_kv_buffer_kernel         0.00%       0.000us         0.00%       0.000us       0.000us      50.208us         0.03%      50.208us       1.860us            27  
void at::native::reduce_kernel<512, 1, at::native::R...         0.00%       0.000us         0.00%       0.000us       0.000us      47.552us         0.03%      47.552us      23.776us             2  
                       triton_poi_fused_copy__mul_sum_0         0.00%       0.000us         0.00%       0.000us       0.000us      43.201us         0.03%      43.201us       1.662us            26  
                         Memcpy HtoD (Pinned -> Device)         0.00%       0.000us         0.00%       0.000us       0.000us      42.592us         0.03%      42.592us       2.505us            17  
               nvjet_sm100_tst_128x8_64x12_4x1_v_bz_TNT         0.00%       0.000us         0.00%       0.000us       0.000us      27.424us         0.02%      27.424us      13.712us             2  
kernel_cutlass_kernel_flashinfernormkernelsrmsnormRM...         0.00%       0.000us         0.00%       0.000us       0.000us      24.000us         0.01%      24.000us      12.000us             2  
void at::native::unrolled_elementwise_kernel<at::nat...         0.00%       0.000us         0.00%       0.000us       0.000us      23.265us         0.01%      23.265us       2.908us             8  
                       Memcpy DtoH (Device -> Pageable)         0.00%       0.000us         0.00%       0.000us       0.000us      22.976us         0.01%      22.976us       3.282us             7  
void at::native::vectorized_gather_kernel<16, long>(...         0.00%       0.000us         0.00%       0.000us       0.000us      16.769us         0.01%      16.769us       5.590us             3  
void at_cuda_detail::cub::detail::scan::DeviceScanKe...         0.00%       0.000us         0.00%       0.000us       0.000us      14.399us         0.01%      14.399us       1.800us             8  
                       Memcpy HtoD (Pageable -> Device)         0.00%       0.000us         0.00%       0.000us       0.000us      13.473us         0.01%      13.473us       1.347us            10  
void at_cuda_detail::cub::detail::scan::DeviceScanIn...         0.00%       0.000us         0.00%       0.000us       0.000us       9.951us         0.01%       9.951us       1.244us             8  
                    create_flashinfer_kv_indices_triton         0.00%       0.000us         0.00%       0.000us       0.000us       9.921us         0.01%       9.921us       3.307us             3  
                         Memcpy DtoH (Device -> Pinned)         0.00%       0.000us         0.00%       0.000us       0.000us       9.121us         0.01%       9.121us       3.040us             3  
void at::native::unrolled_elementwise_kernel<at::nat...         0.00%       0.000us         0.00%       0.000us       0.000us       8.959us         0.01%       8.959us       1.493us             6  
                         write_req_to_token_pool_triton         0.00%       0.000us         0.00%       0.000us       0.000us       8.256us         0.00%       8.256us       4.128us             2  
void at::native::unrolled_elementwise_kernel<at::nat...         0.00%       0.000us         0.00%       0.000us       0.000us       8.096us         0.00%       8.096us       4.048us             2  
void at::native::(anonymous namespace)::multi_tensor...         0.00%       0.000us         0.00%       0.000us       0.000us       6.816us         0.00%       6.816us       3.408us             2  
               nvjet_sm100_tst_32x64_64x16_4x1_v_bz_TNN         0.00%       0.000us         0.00%       0.000us       0.000us       6.816us         0.00%       6.816us       6.816us             1  
void at::native::vectorized_elementwise_kernel<2, at...         0.00%       0.000us         0.00%       0.000us       0.000us       6.687us         0.00%       6.687us       1.672us             4  
void at::native::unrolled_elementwise_kernel<at::nat...         0.00%       0.000us         0.00%       0.000us       0.000us       5.792us         0.00%       5.792us       1.931us             3  
void at::native::reduce_kernel<512, 1, at::native::R...         0.00%       0.000us         0.00%       0.000us       0.000us       4.576us         0.00%       4.576us       2.288us             2  
void at::native::unrolled_elementwise_kernel<at::nat...         0.00%       0.000us         0.00%       0.000us       0.000us       4.000us         0.00%       4.000us       1.333us             3  
                                compute_position_kernel         0.00%       0.000us         0.00%       0.000us       0.000us       3.617us         0.00%       3.617us       1.809us             2  
triton_poi_fused_add_bitwise_and_bitwise_not_bitwise...         0.00%       0.000us         0.00%       0.000us       0.000us       3.200us         0.00%       3.200us       1.600us             2  
void at::native::(anonymous namespace)::indexSelectS...         0.00%       0.000us         0.00%       0.000us       0.000us       3.104us         0.00%       3.104us       3.104us             1  
void at::native::reduce_kernel<512, 1, at::native::R...         0.00%       0.000us         0.00%       0.000us       0.000us       2.527us         0.00%       2.527us       2.527us             1  
void at::native::vectorized_elementwise_kernel<4, at...         0.00%       0.000us         0.00%       0.000us       0.000us       2.304us         0.00%       2.304us       1.152us             2  
void at::native::vectorized_elementwise_kernel<4, at...         0.00%       0.000us         0.00%       0.000us       0.000us       1.472us         0.00%       1.472us       1.472us             1  
                                  cudaDeviceSynchronize        15.91%       2.710ms        15.91%       2.710ms     541.951us       0.000us         0.00%       0.000us       0.000us             5  
                                Activity Buffer Request         9.99%       1.701ms         9.99%       1.701ms       1.701ms       0.000us         0.00%       0.000us       0.000us             1  
                               cudaPointerGetAttributes         0.05%       8.044us         0.05%       8.044us       4.022us       0.000us         0.00%       0.000us       0.000us             2  
                                  cudaStreamIsCapturing         0.57%      96.954us         0.57%      96.954us       0.610us       0.000us         0.00%       0.000us       0.000us           159  
                                        cudaMemcpyAsync         3.28%     558.722us         3.28%     558.722us      15.101us       0.000us         0.00%       0.000us       0.000us            37  
                               cudaEventRecordWithFlags         0.54%      91.773us         0.54%      91.773us       1.293us       0.000us         0.00%       0.000us       0.000us            71  
                                         cudaEventQuery         2.18%     371.116us         2.19%     372.609us       2.166us       0.000us         0.00%       0.000us       0.000us           172  
                                       cuLaunchKernelEx        22.33%       3.803ms        22.37%       3.809ms       5.824us       0.000us         0.00%       0.000us       0.000us           654  
                                       cudaLaunchKernel        12.04%       2.051ms        12.04%       2.051ms       5.893us       0.000us         0.00%       0.000us       0.000us           348  
                                  cudaStreamSynchronize         0.64%     108.698us         0.64%     108.698us      10.870us       0.000us         0.00%       0.000us       0.000us            10  
                                    cudaPeekAtLastError         0.02%       3.507us         0.02%       3.507us       0.110us       0.000us         0.00%       0.000us       0.000us            32  
cudaOccupancyMaxActiveBlocksPerMultiprocessorWithFla...         0.08%      13.338us         0.08%      13.338us       1.667us       0.000us         0.00%       0.000us       0.000us             8  
                                 cudaDeviceGetAttribute         0.37%      63.433us         0.37%      63.433us       1.007us       0.000us         0.00%       0.000us       0.000us            63  
                                    cudaLaunchKernelExC        20.50%       3.490ms        20.50%       3.490ms       6.167us       0.000us         0.00%       0.000us       0.000us           566  
                                         cuLaunchKernel         5.77%     982.633us         5.77%     982.633us       5.340us       0.000us         0.00%       0.000us       0.000us           184  
                                                INVALID         0.96%     163.246us         0.96%     163.246us       0.602us       0.000us         0.00%       0.000us       0.000us           271  
                                        cudaEventRecord         1.67%     284.441us         1.67%     285.154us       1.728us       0.000us         0.00%       0.000us       0.000us           165  
                                    cudaStreamWaitEvent         1.12%     190.807us         1.12%     190.807us       1.735us       0.000us         0.00%       0.000us       0.000us           110  
                                    cudaGetFuncBySymbol         0.53%      89.589us         0.53%      89.817us       1.633us       0.000us         0.00%       0.000us       0.000us            55  
                                   cudaDriverGetVersion         0.12%      20.845us         0.12%      20.845us       0.097us       0.000us         0.00%       0.000us       0.000us           216  
                                   cudaFuncSetAttribute         1.19%     202.344us         1.19%     202.344us       3.747us       0.000us         0.00%       0.000us       0.000us            54  
                    cudaThreadExchangeStreamCaptureMode         0.15%      25.270us         0.15%      25.270us       0.243us       0.000us         0.00%       0.000us       0.000us           104  
-------------------------------------------------------  ------------  ------------  ------------  ------------  ------------  ------------  ------------  ------------  ------------  ------------  
Self CPU time total: 17.030ms
Self CUDA time total: 169.151ms

-------------------------------------------------------  ------------  ------------  ------------  ------------  ------------  ------------  ------------  ------------  ------------  ------------  
                                                   Name    Self CPU %      Self CPU   CPU total %     CPU total  CPU time avg     Self CUDA   Self CUDA %    CUDA total  CUDA time avg    # of Calls  
-------------------------------------------------------  ------------  ------------  ------------  ------------  ------------  ------------  ------------  ------------  ------------  ------------  
kernel_cutlass_kernel_flashinfernormkernelsfused_add...         0.00%       0.000us         0.00%       0.000us       0.000us      53.095ms        31.56%      53.095ms     491.622us           108  
void (anonymous namespace)::all_reduce_one_shot_push...         0.00%       0.000us         0.00%       0.000us       0.000us      52.244ms        31.06%      52.244ms     949.889us            55  
ncclDevKernel_AllReduce_Sum_bf16_RING_LL(ncclDevKern...         0.00%       0.000us         0.00%       0.000us       0.000us      22.963ms        13.65%      22.963ms     417.518us            55  
                                       fused_moe_kernel         0.00%       0.000us         0.00%       0.000us       0.000us      19.729ms        11.73%      19.729ms     189.703us           104  
void cutlass::device_kernel<cutlass::fmha::kernel::S...         0.00%       0.000us         0.00%       0.000us       0.000us       4.165ms         2.48%       4.165ms      77.130us            54  
void moe_sum_reduce_warp_per_token_vec_kernel<8>(c10...         0.00%       0.000us         0.00%       0.000us       0.000us       2.003ms         1.19%       2.003ms      77.046us            26  
void at::native::sbtopk::gatherTopK<float, unsigned ...         0.00%       0.000us         0.00%       0.000us       0.000us       1.672ms         0.99%       1.672ms      16.078us           104  
         nvjet_sm100_tst_128x256_64x6_2x1_2cta_v_bz_TNT         0.00%       0.000us         0.00%       0.000us       0.000us       1.235ms         0.73%       1.235ms      22.455us            55  
void count_and_sort_expert_tokens_kernel<int>(int co...         0.00%       0.000us         0.00%       0.000us       0.000us     978.492us         0.58%     978.492us      18.817us            52  
void (anonymous namespace)::act_and_mul_kernel<__nv_...         0.00%       0.000us         0.00%       0.000us       0.000us     946.178us         0.56%     946.178us       9.098us           104  
         nvjet_sm100_tst_176x128_64x8_2x2_2cta_h_bz_TNN         0.00%       0.000us         0.00%       0.000us       0.000us     907.548us         0.54%     907.548us      34.906us            26  
         nvjet_sm100_tst_144x128_64x8_2x2_2cta_h_bz_TNN         0.00%       0.000us         0.00%       0.000us       0.000us     788.832us         0.47%     788.832us      29.216us            27  
void at::native::vectorized_elementwise_kernel<8, at...         0.00%       0.000us         0.00%       0.000us       0.000us     767.934us         0.46%     767.934us      14.768us            52  
void moe_align_block_size_kernel<int>(int const*, in...         0.00%       0.000us         0.00%       0.000us       0.000us     717.567us         0.43%     717.567us      13.799us            52  
         nvjet_sm100_tst_192x128_64x6_2x2_2cta_h_bz_TNT         0.00%       0.000us         0.00%       0.000us       0.000us     627.967us         0.37%     627.967us      23.258us            27  
                           concat_and_cast_mha_k_kernel         0.00%       0.000us         0.00%       0.000us       0.000us     550.654us         0.33%     550.654us      10.197us            54  
          nvjet_sm100_tss_32x256_64x6_2x2_2cta_h_bz_TNN         0.00%       0.000us         0.00%       0.000us       0.000us     537.149us         0.32%     537.149us      20.660us            26  
                               _all_gather_kernel_inner         0.00%       0.000us         0.00%       0.000us       0.000us     499.167us         0.30%     499.167us     249.584us             2  
                               get_mla_kv_buffer_kernel         0.00%       0.000us         0.00%       0.000us       0.000us     364.442us         0.22%     364.442us      13.498us            27  
        nvjet_sm100_tst_32x64_64x16_4x1_v_bz_splitK_TNN         0.00%       0.000us         0.00%       0.000us       0.000us     358.142us         0.21%     358.142us       4.477us            80  
triton_red_fused__softmax_exp_max_prepare_softmax_on...         0.00%       0.000us         0.00%       0.000us       0.000us     317.181us         0.19%     317.181us       6.100us            52  
kernel_cutlass_kernel_flashinfernormkernelsrmsnormRM...         0.00%       0.000us         0.00%       0.000us       0.000us     301.183us         0.18%     301.183us       5.577us            54  
void cublasLt::splitKreduce_kernel<32, 16, int, floa...         0.00%       0.000us         0.00%       0.000us       0.000us     268.097us         0.16%     268.097us       3.351us            80  
              nvjet_sm100_tst_256x112_64x4_1x2_h_bz_TNT         0.00%       0.000us         0.00%       0.000us       0.000us     263.805us         0.16%     263.805us       9.771us            27  
         nvjet_sm100_tst_256x128_64x5_2x2_2cta_h_bz_TNT         0.00%       0.000us         0.00%       0.000us       0.000us     260.287us         0.15%     260.287us       9.640us            27  
void (anonymous namespace)::fused_rope_kernel<false,...         0.00%       0.000us         0.00%       0.000us       0.000us     187.680us         0.11%     187.680us       3.476us            54  
               nvjet_sm100_tst_16x64_64x16_4x1_v_bz_TNN         0.00%       0.000us         0.00%       0.000us       0.000us     187.165us         0.11%     187.165us       3.466us            54  
triton_poi_fused__softmax__to_copy_arange_bitwise_no...         0.00%       0.000us         0.00%       0.000us       0.000us     141.185us         0.08%     141.185us       2.715us            52  
void (anonymous namespace)::set_mla_kv_buffer_kernel...         0.00%       0.000us         0.00%       0.000us       0.000us     139.166us         0.08%     139.166us       5.154us            27  
        nvjet_sm100_tss_32x64_64x16_2x1_v_bz_splitK_TNN         0.00%       0.000us         0.00%       0.000us       0.000us     121.473us         0.07%     121.473us       4.672us            26  
flashinfer::plan_kernel(int*, int*, int*, int*, int*...         0.00%       0.000us         0.00%       0.000us       0.000us     118.272us         0.07%     118.272us      59.136us             2  
                            triton_poi_fused__to_copy_2         0.00%       0.000us         0.00%       0.000us       0.000us      91.202us         0.05%      91.202us       1.754us            52  
void cublasLt::splitKreduce_kernel<32, 16, int, floa...         0.00%       0.000us         0.00%       0.000us       0.000us      68.606us         0.04%      68.606us       2.639us            26  
void at::native::elementwise_kernel<128, 4, at::nati...         0.00%       0.000us         0.00%       0.000us       0.000us      63.679us         0.04%      63.679us      31.840us             2  
void at::native::elementwise_kernel<128, 4, at::nati...         0.00%       0.000us         0.00%       0.000us       0.000us      61.982us         0.04%      61.982us      30.991us             2  
void at::native::elementwise_kernel<128, 4, at::nati...         0.00%       0.000us         0.00%       0.000us       0.000us      58.783us         0.03%      58.783us      29.392us             2  
                               set_mla_kv_buffer_kernel         0.00%       0.000us         0.00%       0.000us       0.000us      50.942us         0.03%      50.942us       1.887us            27  
void at::native::reduce_kernel<512, 1, at::native::R...         0.00%       0.000us         0.00%       0.000us       0.000us      47.359us         0.03%      47.359us      23.679us             2  
                       triton_poi_fused_copy__mul_sum_0         0.00%       0.000us         0.00%       0.000us       0.000us      43.551us         0.03%      43.551us       1.675us            26  
                         Memcpy HtoD (Pinned -> Device)         0.00%       0.000us         0.00%       0.000us       0.000us      35.229us         0.02%      35.229us       2.072us            17  
               nvjet_sm100_tst_128x8_64x12_4x1_v_bz_TNT         0.00%       0.000us         0.00%       0.000us       0.000us      27.264us         0.02%      27.264us      13.632us             2  
kernel_cutlass_kernel_flashinfernormkernelsrmsnormRM...         0.00%       0.000us         0.00%       0.000us       0.000us      24.127us         0.01%      24.127us      12.064us             2  
void at::native::unrolled_elementwise_kernel<at::nat...         0.00%       0.000us         0.00%       0.000us       0.000us      22.944us         0.01%      22.944us       2.868us             8  
                       Memcpy DtoH (Device -> Pageable)         0.00%       0.000us         0.00%       0.000us       0.000us      22.368us         0.01%      22.368us       3.195us             7  
void at::native::vectorized_gather_kernel<16, long>(...         0.00%       0.000us         0.00%       0.000us       0.000us      17.023us         0.01%      17.023us       5.674us             3  
void at_cuda_detail::cub::detail::scan::DeviceScanKe...         0.00%       0.000us         0.00%       0.000us       0.000us      14.272us         0.01%      14.272us       1.784us             8  
                       Memcpy HtoD (Pageable -> Device)         0.00%       0.000us         0.00%       0.000us       0.000us      11.712us         0.01%      11.712us       1.171us            10  
void at_cuda_detail::cub::detail::scan::DeviceScanIn...         0.00%       0.000us         0.00%       0.000us       0.000us      10.177us         0.01%      10.177us       1.272us             8  
                    create_flashinfer_kv_indices_triton         0.00%       0.000us         0.00%       0.000us       0.000us       9.888us         0.01%       9.888us       3.296us             3  
void at::native::unrolled_elementwise_kernel<at::nat...         0.00%       0.000us         0.00%       0.000us       0.000us       9.118us         0.01%       9.118us       1.520us             6  
                         Memcpy DtoH (Device -> Pinned)         0.00%       0.000us         0.00%       0.000us       0.000us       9.088us         0.01%       9.088us       3.029us             3  
                         write_req_to_token_pool_triton         0.00%       0.000us         0.00%       0.000us       0.000us       8.448us         0.01%       8.448us       4.224us             2  
void at::native::unrolled_elementwise_kernel<at::nat...         0.00%       0.000us         0.00%       0.000us       0.000us       7.968us         0.00%       7.968us       3.984us             2  
void at::native::(anonymous namespace)::multi_tensor...         0.00%       0.000us         0.00%       0.000us       0.000us       6.720us         0.00%       6.720us       3.360us             2  
void at::native::vectorized_elementwise_kernel<2, at...         0.00%       0.000us         0.00%       0.000us       0.000us       6.657us         0.00%       6.657us       1.664us             4  
               nvjet_sm100_tst_32x64_64x16_4x1_v_bz_TNN         0.00%       0.000us         0.00%       0.000us       0.000us       6.656us         0.00%       6.656us       6.656us             1  
void at::native::unrolled_elementwise_kernel<at::nat...         0.00%       0.000us         0.00%       0.000us       0.000us       5.952us         0.00%       5.952us       1.984us             3  
void at::native::reduce_kernel<512, 1, at::native::R...         0.00%       0.000us         0.00%       0.000us       0.000us       4.544us         0.00%       4.544us       2.272us             2  
void at::native::unrolled_elementwise_kernel<at::nat...         0.00%       0.000us         0.00%       0.000us       0.000us       4.096us         0.00%       4.096us       1.365us             3  
                                compute_position_kernel         0.00%       0.000us         0.00%       0.000us       0.000us       3.904us         0.00%       3.904us       1.952us             2  
triton_poi_fused_add_bitwise_and_bitwise_not_bitwise...         0.00%       0.000us         0.00%       0.000us       0.000us       3.263us         0.00%       3.263us       1.631us             2  
void at::native::(anonymous namespace)::indexSelectS...         0.00%       0.000us         0.00%       0.000us       0.000us       3.169us         0.00%       3.169us       3.169us             1  
void at::native::reduce_kernel<512, 1, at::native::R...         0.00%       0.000us         0.00%       0.000us       0.000us       2.592us         0.00%       2.592us       2.592us             1  
void at::native::vectorized_elementwise_kernel<4, at...         0.00%       0.000us         0.00%       0.000us       0.000us       2.272us         0.00%       2.272us       1.136us             2  
void at::native::vectorized_elementwise_kernel<4, at...         0.00%       0.000us         0.00%       0.000us       0.000us       1.504us         0.00%       1.504us       1.504us             1  
                                  cudaDeviceSynchronize        22.22%       4.023ms        22.22%       4.023ms     804.635us       0.000us         0.00%       0.000us       0.000us             5  
                                Activity Buffer Request         9.45%       1.712ms         9.45%       1.712ms       1.712ms       0.000us         0.00%       0.000us       0.000us             1  
                               cudaPointerGetAttributes         0.10%      17.283us         0.10%      17.283us       8.642us       0.000us         0.00%       0.000us       0.000us             2  
                                  cudaStreamIsCapturing         0.55%     100.488us         0.55%     100.488us       0.632us       0.000us         0.00%       0.000us       0.000us           159  
                                        cudaMemcpyAsync         3.25%     589.352us         3.25%     589.352us      15.928us       0.000us         0.00%       0.000us       0.000us            37  
                               cudaEventRecordWithFlags         0.50%      90.012us         0.50%      90.012us       1.268us       0.000us         0.00%       0.000us       0.000us            71  
                                         cudaEventQuery         2.24%     406.020us         2.24%     406.020us       2.243us       0.000us         0.00%       0.000us       0.000us           181  
                                       cuLaunchKernelEx        20.19%       3.656ms        20.23%       3.662ms       5.600us       0.000us         0.00%       0.000us       0.000us           654  
                                       cudaLaunchKernel        11.25%       2.037ms        11.29%       2.045ms       5.875us       0.000us         0.00%       0.000us       0.000us           348  
                                  cudaStreamSynchronize         0.55%      99.469us         0.55%      99.469us       9.947us       0.000us         0.00%       0.000us       0.000us            10  
                                    cudaPeekAtLastError         0.02%       3.646us         0.02%       3.646us       0.114us       0.000us         0.00%       0.000us       0.000us            32  
cudaOccupancyMaxActiveBlocksPerMultiprocessorWithFla...         0.08%      14.960us         0.08%      14.960us       1.870us       0.000us         0.00%       0.000us       0.000us             8  
                                 cudaDeviceGetAttribute         0.35%      62.727us         0.35%      62.727us       0.996us       0.000us         0.00%       0.000us       0.000us            63  
                                    cudaLaunchKernelExC        18.61%       3.370ms        18.63%       3.374ms       5.962us       0.000us         0.00%       0.000us       0.000us           566  
                                         cuLaunchKernel         5.29%     957.195us         5.30%     959.383us       5.214us       0.000us         0.00%       0.000us       0.000us           184  
                                                INVALID         0.85%     154.482us         0.85%     154.482us       0.570us       0.000us         0.00%       0.000us       0.000us           271  
                                        cudaEventRecord         1.56%     281.842us         1.56%     281.842us       1.708us       0.000us         0.00%       0.000us       0.000us           165  
                                    cudaStreamWaitEvent         1.00%     181.248us         1.00%     181.248us       1.648us       0.000us         0.00%       0.000us       0.000us           110  
                                    cudaGetFuncBySymbol         0.57%     103.010us         0.57%     103.010us       1.873us       0.000us         0.00%       0.000us       0.000us            55  
                                   cudaDriverGetVersion         0.11%      19.849us         0.11%      19.849us       0.092us       0.000us         0.00%       0.000us       0.000us           216  
                                   cudaFuncSetAttribute         1.12%     202.289us         1.12%     202.289us       3.746us       0.000us         0.00%       0.000us       0.000us            54  
                    cudaThreadExchangeStreamCaptureMode         0.15%      27.246us         0.15%      27.246us       0.248us       0.000us         0.00%       0.000us       0.000us           110  
-------------------------------------------------------  ------------  ------------  ------------  ------------  ------------  ------------  ------------  ------------  ------------  ------------  
Self CPU time total: 18.109ms
Self CUDA time total: 168.224ms

-------------------------------------------------------  ------------  ------------  ------------  ------------  ------------  ------------  ------------  ------------  ------------  ------------  
                                                   Name    Self CPU %      Self CPU   CPU total %     CPU total  CPU time avg     Self CUDA   Self CUDA %    CUDA total  CUDA time avg    # of Calls  
-------------------------------------------------------  ------------  ------------  ------------  ------------  ------------  ------------  ------------  ------------  ------------  ------------  
void (anonymous namespace)::all_reduce_one_shot_push...         0.00%       0.000us         0.00%       0.000us       0.000us      49.205ms        30.42%      49.205ms     894.636us            55  
kernel_cutlass_kernel_flashinfernormkernelsfused_add...         0.00%       0.000us         0.00%       0.000us       0.000us      47.648ms        29.45%      47.648ms     441.185us           108  
ncclDevKernel_AllReduce_Sum_bf16_RING_LL(ncclDevKern...         0.00%       0.000us         0.00%       0.000us       0.000us      24.843ms        15.36%      24.843ms     451.692us            55  
                                       fused_moe_kernel         0.00%       0.000us         0.00%       0.000us       0.000us      19.713ms        12.19%      19.713ms     189.548us           104  
void cutlass::device_kernel<cutlass::fmha::kernel::S...         0.00%       0.000us         0.00%       0.000us       0.000us       4.144ms         2.56%       4.144ms      76.740us            54  
void moe_sum_reduce_warp_per_token_vec_kernel<8>(c10...         0.00%       0.000us         0.00%       0.000us       0.000us       2.000ms         1.24%       2.000ms      76.913us            26  
void at::native::sbtopk::gatherTopK<float, unsigned ...         0.00%       0.000us         0.00%       0.000us       0.000us       1.690ms         1.04%       1.690ms      16.254us           104  
         nvjet_sm100_tst_128x256_64x6_2x1_2cta_v_bz_TNT         0.00%       0.000us         0.00%       0.000us       0.000us       1.239ms         0.77%       1.239ms      22.534us            55  
void count_and_sort_expert_tokens_kernel<int>(int co...         0.00%       0.000us         0.00%       0.000us       0.000us     989.695us         0.61%     989.695us      19.033us            52  
void (anonymous namespace)::act_and_mul_kernel<__nv_...         0.00%       0.000us         0.00%       0.000us       0.000us     962.495us         0.59%     962.495us       9.255us           104  
         nvjet_sm100_tst_176x128_64x8_2x2_2cta_h_bz_TNN         0.00%       0.000us         0.00%       0.000us       0.000us     909.755us         0.56%     909.755us      34.991us            26  
         nvjet_sm100_tst_144x128_64x8_2x2_2cta_h_bz_TNN         0.00%       0.000us         0.00%       0.000us       0.000us     796.957us         0.49%     796.957us      29.517us            27  
void at::native::vectorized_elementwise_kernel<8, at...         0.00%       0.000us         0.00%       0.000us       0.000us     766.176us         0.47%     766.176us      14.734us            52  
void moe_align_block_size_kernel<int>(int const*, in...         0.00%       0.000us         0.00%       0.000us       0.000us     723.996us         0.45%     723.996us      13.923us            52  
         nvjet_sm100_tst_192x128_64x6_2x2_2cta_h_bz_TNT         0.00%       0.000us         0.00%       0.000us       0.000us     626.906us         0.39%     626.906us      23.219us            27  
                           concat_and_cast_mha_k_kernel         0.00%       0.000us         0.00%       0.000us       0.000us     553.532us         0.34%     553.532us      10.251us            54  
          nvjet_sm100_tss_32x256_64x6_2x2_2cta_h_bz_TNN         0.00%       0.000us         0.00%       0.000us       0.000us     542.684us         0.34%     542.684us      20.872us            26  
                               _all_gather_kernel_inner         0.00%       0.000us         0.00%       0.000us       0.000us     487.487us         0.30%     487.487us     243.743us             2  
                               get_mla_kv_buffer_kernel         0.00%       0.000us         0.00%       0.000us       0.000us     373.310us         0.23%     373.310us      13.826us            27  
        nvjet_sm100_tst_32x64_64x16_4x1_v_bz_splitK_TNN         0.00%       0.000us         0.00%       0.000us       0.000us     356.544us         0.22%     356.544us       4.457us            80  
triton_red_fused__softmax_exp_max_prepare_softmax_on...         0.00%       0.000us         0.00%       0.000us       0.000us     324.669us         0.20%     324.669us       6.244us            52  
kernel_cutlass_kernel_flashinfernormkernelsrmsnormRM...         0.00%       0.000us         0.00%       0.000us       0.000us     307.903us         0.19%     307.903us       5.702us            54  
void cublasLt::splitKreduce_kernel<32, 16, int, floa...         0.00%       0.000us         0.00%       0.000us       0.000us     267.943us         0.17%     267.943us       3.349us            80  
              nvjet_sm100_tst_256x112_64x4_1x2_h_bz_TNT         0.00%       0.000us         0.00%       0.000us       0.000us     263.876us         0.16%     263.876us       9.773us            27  
         nvjet_sm100_tst_256x128_64x5_2x2_2cta_h_bz_TNT         0.00%       0.000us         0.00%       0.000us       0.000us     259.681us         0.16%     259.681us       9.618us            27  
void (anonymous namespace)::fused_rope_kernel<false,...         0.00%       0.000us         0.00%       0.000us       0.000us     203.391us         0.13%     203.391us       3.766us            54  
triton_poi_fused__softmax__to_copy_arange_bitwise_no...         0.00%       0.000us         0.00%       0.000us       0.000us     196.639us         0.12%     196.639us       3.782us            52  
               nvjet_sm100_tst_16x64_64x16_4x1_v_bz_TNN         0.00%       0.000us         0.00%       0.000us       0.000us     182.369us         0.11%     182.369us       3.377us            54  
void (anonymous namespace)::set_mla_kv_buffer_kernel...         0.00%       0.000us         0.00%       0.000us       0.000us     139.870us         0.09%     139.870us       5.180us            27  
        nvjet_sm100_tss_32x64_64x16_2x1_v_bz_splitK_TNN         0.00%       0.000us         0.00%       0.000us       0.000us     120.961us         0.07%     120.961us       4.652us            26  
flashinfer::plan_kernel(int*, int*, int*, int*, int*...         0.00%       0.000us         0.00%       0.000us       0.000us     119.360us         0.07%     119.360us      59.680us             2  
                            triton_poi_fused__to_copy_2         0.00%       0.000us         0.00%       0.000us       0.000us     104.738us         0.06%     104.738us       2.014us            52  
void cublasLt::splitKreduce_kernel<32, 16, int, floa...         0.00%       0.000us         0.00%       0.000us       0.000us      72.000us         0.04%      72.000us       2.769us            26  
                               set_mla_kv_buffer_kernel         0.00%       0.000us         0.00%       0.000us       0.000us      65.598us         0.04%      65.598us       2.430us            27  
void at::native::elementwise_kernel<128, 4, at::nati...         0.00%       0.000us         0.00%       0.000us       0.000us      63.488us         0.04%      63.488us      31.744us             2  
void at::native::elementwise_kernel<128, 4, at::nati...         0.00%       0.000us         0.00%       0.000us       0.000us      62.175us         0.04%      62.175us      31.088us             2  
void at::native::elementwise_kernel<128, 4, at::nati...         0.00%       0.000us         0.00%       0.000us       0.000us      59.136us         0.04%      59.136us      29.568us             2  
void at::native::reduce_kernel<512, 1, at::native::R...         0.00%       0.000us         0.00%       0.000us       0.000us      48.255us         0.03%      48.255us      24.128us             2  
                       triton_poi_fused_copy__mul_sum_0         0.00%       0.000us         0.00%       0.000us       0.000us      44.480us         0.03%      44.480us       1.711us            26  
                         Memcpy HtoD (Pinned -> Device)         0.00%       0.000us         0.00%       0.000us       0.000us      40.000us         0.02%      40.000us       2.353us            17  
               nvjet_sm100_tst_128x8_64x12_4x1_v_bz_TNT         0.00%       0.000us         0.00%       0.000us       0.000us      27.168us         0.02%      27.168us      13.584us             2  
kernel_cutlass_kernel_flashinfernormkernelsrmsnormRM...         0.00%       0.000us         0.00%       0.000us       0.000us      24.064us         0.01%      24.064us      12.032us             2  
void at::native::unrolled_elementwise_kernel<at::nat...         0.00%       0.000us         0.00%       0.000us       0.000us      22.112us         0.01%      22.112us       2.764us             8  
                       Memcpy DtoH (Device -> Pageable)         0.00%       0.000us         0.00%       0.000us       0.000us      21.728us         0.01%      21.728us       3.104us             7  
void at::native::vectorized_gather_kernel<16, long>(...         0.00%       0.000us         0.00%       0.000us       0.000us      17.568us         0.01%      17.568us       5.856us             3  
void at_cuda_detail::cub::detail::scan::DeviceScanKe...         0.00%       0.000us         0.00%       0.000us       0.000us      15.680us         0.01%      15.680us       1.960us             8  
                       Memcpy HtoD (Pageable -> Device)         0.00%       0.000us         0.00%       0.000us       0.000us      13.599us         0.01%      13.599us       1.360us            10  
void at_cuda_detail::cub::detail::scan::DeviceScanIn...         0.00%       0.000us         0.00%       0.000us       0.000us      11.616us         0.01%      11.616us       1.452us             8  
void at::native::unrolled_elementwise_kernel<at::nat...         0.00%       0.000us         0.00%       0.000us       0.000us      10.880us         0.01%      10.880us       1.813us             6  
                    create_flashinfer_kv_indices_triton         0.00%       0.000us         0.00%       0.000us       0.000us      10.272us         0.01%      10.272us       3.424us             3  
                         write_req_to_token_pool_triton         0.00%       0.000us         0.00%       0.000us       0.000us      10.016us         0.01%      10.016us       5.008us             2  
                         Memcpy DtoH (Device -> Pinned)         0.00%       0.000us         0.00%       0.000us       0.000us       8.671us         0.01%       8.671us       2.890us             3  
void at::native::unrolled_elementwise_kernel<at::nat...         0.00%       0.000us         0.00%       0.000us       0.000us       8.094us         0.01%       8.094us       4.047us             2  
void at::native::vectorized_elementwise_kernel<2, at...         0.00%       0.000us         0.00%       0.000us       0.000us       7.424us         0.00%       7.424us       1.856us             4  
               nvjet_sm100_tst_32x64_64x16_4x1_v_bz_TNN         0.00%       0.000us         0.00%       0.000us       0.000us       6.720us         0.00%       6.720us       6.720us             1  
void at::native::unrolled_elementwise_kernel<at::nat...         0.00%       0.000us         0.00%       0.000us       0.000us       6.559us         0.00%       6.559us       2.186us             3  
void at::native::(anonymous namespace)::multi_tensor...         0.00%       0.000us         0.00%       0.000us       0.000us       6.400us         0.00%       6.400us       3.200us             2  
void at::native::reduce_kernel<512, 1, at::native::R...         0.00%       0.000us         0.00%       0.000us       0.000us       5.567us         0.00%       5.567us       2.783us             2  
void at::native::unrolled_elementwise_kernel<at::nat...         0.00%       0.000us         0.00%       0.000us       0.000us       5.152us         0.00%       5.152us       1.717us             3  
                                compute_position_kernel         0.00%       0.000us         0.00%       0.000us       0.000us       3.840us         0.00%       3.840us       1.920us             2  
void at::native::vectorized_elementwise_kernel<4, at...         0.00%       0.000us         0.00%       0.000us       0.000us       3.710us         0.00%       3.710us       1.855us             2  
triton_poi_fused_add_bitwise_and_bitwise_not_bitwise...         0.00%       0.000us         0.00%       0.000us       0.000us       3.071us         0.00%       3.071us       1.535us             2  
void at::native::(anonymous namespace)::indexSelectS...         0.00%       0.000us         0.00%       0.000us       0.000us       2.880us         0.00%       2.880us       2.880us             1  
void at::native::reduce_kernel<512, 1, at::native::R...         0.00%       0.000us         0.00%       0.000us       0.000us       2.560us         0.00%       2.560us       2.560us             1  
void at::native::vectorized_elementwise_kernel<4, at...         0.00%       0.000us         0.00%       0.000us       0.000us       1.312us         0.00%       1.312us       1.312us             1  
                                  cudaDeviceSynchronize        11.54%       1.943ms        11.54%       1.943ms     388.543us       0.000us         0.00%       0.000us       0.000us             5  
                                Activity Buffer Request        10.07%       1.696ms        10.07%       1.696ms       1.696ms       0.000us         0.00%       0.000us       0.000us             1  
                               cudaPointerGetAttributes         0.06%       9.566us         0.06%       9.566us       4.783us       0.000us         0.00%       0.000us       0.000us             2  
                                  cudaStreamIsCapturing         0.57%      96.328us         0.57%      96.328us       0.606us       0.000us         0.00%       0.000us       0.000us           159  
                                        cudaMemcpyAsync         3.50%     588.821us         3.50%     588.821us      15.914us       0.000us         0.00%       0.000us       0.000us            37  
                               cudaEventRecordWithFlags         0.58%      97.074us         0.58%      97.074us       1.367us       0.000us         0.00%       0.000us       0.000us            71  
                                         cudaEventQuery         2.45%     411.785us         2.45%     411.785us       2.394us       0.000us         0.00%       0.000us       0.000us           172  
                                       cuLaunchKernelEx        23.82%       4.010ms        23.86%       4.016ms       6.141us       0.000us         0.00%       0.000us       0.000us           654  
                                       cudaLaunchKernel        12.98%       2.185ms        13.03%       2.193ms       6.300us       0.000us         0.00%       0.000us       0.000us           348  
                                  cudaStreamSynchronize         0.52%      87.214us         0.52%      87.214us       8.721us       0.000us         0.00%       0.000us       0.000us            10  
                                    cudaPeekAtLastError         0.02%       3.436us         0.02%       3.436us       0.107us       0.000us         0.00%       0.000us       0.000us            32  
cudaOccupancyMaxActiveBlocksPerMultiprocessorWithFla...         0.08%      13.618us         0.08%      13.618us       1.702us       0.000us         0.00%       0.000us       0.000us             8  
                                 cudaDeviceGetAttribute         0.37%      62.716us         0.37%      62.716us       0.995us       0.000us         0.00%       0.000us       0.000us            63  
                                    cudaLaunchKernelExC        21.86%       3.680ms        21.89%       3.685ms       6.510us       0.000us         0.00%       0.000us       0.000us           566  
                                         cuLaunchKernel         6.02%       1.014ms         6.06%       1.019ms       5.540us       0.000us         0.00%       0.000us       0.000us           184  
                                                INVALID         0.92%     154.521us         0.92%     154.521us       0.570us       0.000us         0.00%       0.000us       0.000us           271  
                                        cudaEventRecord         1.56%     261.815us         1.56%     261.815us       1.587us       0.000us         0.00%       0.000us       0.000us           165  
                                    cudaStreamWaitEvent         0.96%     161.199us         0.96%     161.199us       1.465us       0.000us         0.00%       0.000us       0.000us           110  
                                    cudaGetFuncBySymbol         0.49%      82.679us         0.49%      82.679us       1.503us       0.000us         0.00%       0.000us       0.000us            55  
                                   cudaDriverGetVersion         0.12%      20.260us         0.12%      20.260us       0.094us       0.000us         0.00%       0.000us       0.000us           216  
                                   cudaFuncSetAttribute         1.32%     222.306us         1.32%     222.306us       4.117us       0.000us         0.00%       0.000us       0.000us            54  
                    cudaThreadExchangeStreamCaptureMode         0.19%      31.723us         0.19%      31.723us       0.305us       0.000us         0.00%       0.000us       0.000us           104  
-------------------------------------------------------  ------------  ------------  ------------  ------------  ------------  ------------  ------------  ------------  ------------  ------------  
Self CPU time total: 16.833ms
Self CUDA time total: 161.775ms

-------------------------------------------------------  ------------  ------------  ------------  ------------  ------------  ------------  ------------  ------------  ------------  ------------  
                                                   Name    Self CPU %      Self CPU   CPU total %     CPU total  CPU time avg     Self CUDA   Self CUDA %    CUDA total  CUDA time avg    # of Calls  
-------------------------------------------------------  ------------  ------------  ------------  ------------  ------------  ------------  ------------  ------------  ------------  ------------  
kernel_cutlass_kernel_flashinfernormkernelsfused_add...         0.00%       0.000us         0.00%       0.000us       0.000us      50.049ms        32.23%      50.049ms     463.414us           108  
void (anonymous namespace)::all_reduce_one_shot_push...         0.00%       0.000us         0.00%       0.000us       0.000us      49.978ms        32.18%      49.978ms     908.692us            55  
                                       fused_moe_kernel         0.00%       0.000us         0.00%       0.000us       0.000us      19.746ms        12.72%      19.746ms     189.866us           104  
ncclDevKernel_AllReduce_Sum_bf16_RING_LL(ncclDevKern...         0.00%       0.000us         0.00%       0.000us       0.000us      15.183ms         9.78%      15.183ms     276.051us            55  
void cutlass::device_kernel<cutlass::fmha::kernel::S...         0.00%       0.000us         0.00%       0.000us       0.000us       4.156ms         2.68%       4.156ms      76.959us            54  
void moe_sum_reduce_warp_per_token_vec_kernel<8>(c10...         0.00%       0.000us         0.00%       0.000us       0.000us       2.024ms         1.30%       2.024ms      77.834us            26  
void at::native::sbtopk::gatherTopK<float, unsigned ...         0.00%       0.000us         0.00%       0.000us       0.000us       1.694ms         1.09%       1.694ms      16.289us           104  
         nvjet_sm100_tst_128x256_64x6_2x1_2cta_v_bz_TNT         0.00%       0.000us         0.00%       0.000us       0.000us       1.245ms         0.80%       1.245ms      22.636us            55  
void count_and_sort_expert_tokens_kernel<int>(int co...         0.00%       0.000us         0.00%       0.000us       0.000us     990.204us         0.64%     990.204us      19.042us            52  
void (anonymous namespace)::act_and_mul_kernel<__nv_...         0.00%       0.000us         0.00%       0.000us       0.000us     963.872us         0.62%     963.872us       9.268us           104  
         nvjet_sm100_tst_176x128_64x8_2x2_2cta_h_bz_TNN         0.00%       0.000us         0.00%       0.000us       0.000us     910.076us         0.59%     910.076us      35.003us            26  
         nvjet_sm100_tst_144x128_64x8_2x2_2cta_h_bz_TNN         0.00%       0.000us         0.00%       0.000us       0.000us     794.077us         0.51%     794.077us      29.410us            27  
void at::native::vectorized_elementwise_kernel<8, at...         0.00%       0.000us         0.00%       0.000us       0.000us     774.429us         0.50%     774.429us      14.893us            52  
void moe_align_block_size_kernel<int>(int const*, in...         0.00%       0.000us         0.00%       0.000us       0.000us     713.121us         0.46%     713.121us      13.714us            52  
         nvjet_sm100_tst_192x128_64x6_2x2_2cta_h_bz_TNT         0.00%       0.000us         0.00%       0.000us       0.000us     625.409us         0.40%     625.409us      23.163us            27  
                           concat_and_cast_mha_k_kernel         0.00%       0.000us         0.00%       0.000us       0.000us     556.001us         0.36%     556.001us      10.296us            54  
          nvjet_sm100_tss_32x256_64x6_2x2_2cta_h_bz_TNN         0.00%       0.000us         0.00%       0.000us       0.000us     543.553us         0.35%     543.553us      20.906us            26  
                               _all_gather_kernel_inner         0.00%       0.000us         0.00%       0.000us       0.000us     440.927us         0.28%     440.927us     220.463us             2  
                               get_mla_kv_buffer_kernel         0.00%       0.000us         0.00%       0.000us       0.000us     373.182us         0.24%     373.182us      13.822us            27  
        nvjet_sm100_tst_32x64_64x16_4x1_v_bz_splitK_TNN         0.00%       0.000us         0.00%       0.000us       0.000us     352.610us         0.23%     352.610us       4.408us            80  
triton_red_fused__softmax_exp_max_prepare_softmax_on...         0.00%       0.000us         0.00%       0.000us       0.000us     320.574us         0.21%     320.574us       6.165us            52  
kernel_cutlass_kernel_flashinfernormkernelsrmsnormRM...         0.00%       0.000us         0.00%       0.000us       0.000us     304.545us         0.20%     304.545us       5.640us            54  
              nvjet_sm100_tst_256x112_64x4_1x2_h_bz_TNT         0.00%       0.000us         0.00%       0.000us       0.000us     264.448us         0.17%     264.448us       9.794us            27  
         nvjet_sm100_tst_256x128_64x5_2x2_2cta_h_bz_TNT         0.00%       0.000us         0.00%       0.000us       0.000us     261.792us         0.17%     261.792us       9.696us            27  
void cublasLt::splitKreduce_kernel<32, 16, int, floa...         0.00%       0.000us         0.00%       0.000us       0.000us     260.159us         0.17%     260.159us       3.252us            80  
triton_poi_fused__softmax__to_copy_arange_bitwise_no...         0.00%       0.000us         0.00%       0.000us       0.000us     196.283us         0.13%     196.283us       3.775us            52  
void (anonymous namespace)::fused_rope_kernel<false,...         0.00%       0.000us         0.00%       0.000us       0.000us     195.838us         0.13%     195.838us       3.627us            54  
               nvjet_sm100_tst_16x64_64x16_4x1_v_bz_TNN         0.00%       0.000us         0.00%       0.000us       0.000us     188.736us         0.12%     188.736us       3.495us            54  
void (anonymous namespace)::set_mla_kv_buffer_kernel...         0.00%       0.000us         0.00%       0.000us       0.000us     138.845us         0.09%     138.845us       5.142us            27  
        nvjet_sm100_tss_32x64_64x16_2x1_v_bz_splitK_TNN         0.00%       0.000us         0.00%       0.000us       0.000us     121.122us         0.08%     121.122us       4.659us            26  
flashinfer::plan_kernel(int*, int*, int*, int*, int*...         0.00%       0.000us         0.00%       0.000us       0.000us     119.392us         0.08%     119.392us      59.696us             2  
                            triton_poi_fused__to_copy_2         0.00%       0.000us         0.00%       0.000us       0.000us     100.929us         0.06%     100.929us       1.941us            52  
void cublasLt::splitKreduce_kernel<32, 16, int, floa...         0.00%       0.000us         0.00%       0.000us       0.000us      74.049us         0.05%      74.049us       2.848us            26  
void at::native::elementwise_kernel<128, 4, at::nati...         0.00%       0.000us         0.00%       0.000us       0.000us      63.872us         0.04%      63.872us      31.936us             2  
void at::native::elementwise_kernel<128, 4, at::nati...         0.00%       0.000us         0.00%       0.000us       0.000us      62.720us         0.04%      62.720us      31.360us             2  
                               set_mla_kv_buffer_kernel         0.00%       0.000us         0.00%       0.000us       0.000us      61.281us         0.04%      61.281us       2.270us            27  
void at::native::elementwise_kernel<128, 4, at::nati...         0.00%       0.000us         0.00%       0.000us       0.000us      59.040us         0.04%      59.040us      29.520us             2  
void at::native::reduce_kernel<512, 1, at::native::R...         0.00%       0.000us         0.00%       0.000us       0.000us      47.839us         0.03%      47.839us      23.920us             2  
                       triton_poi_fused_copy__mul_sum_0         0.00%       0.000us         0.00%       0.000us       0.000us      44.638us         0.03%      44.638us       1.717us            26  
                         Memcpy HtoD (Pinned -> Device)         0.00%       0.000us         0.00%       0.000us       0.000us      33.186us         0.02%      33.186us       1.952us            17  
               nvjet_sm100_tst_128x8_64x12_4x1_v_bz_TNT         0.00%       0.000us         0.00%       0.000us       0.000us      27.456us         0.02%      27.456us      13.728us             2  
void at::native::unrolled_elementwise_kernel<at::nat...         0.00%       0.000us         0.00%       0.000us       0.000us      24.993us         0.02%      24.993us       3.124us             8  
kernel_cutlass_kernel_flashinfernormkernelsrmsnormRM...         0.00%       0.000us         0.00%       0.000us       0.000us      23.936us         0.02%      23.936us      11.968us             2  
                       Memcpy DtoH (Device -> Pageable)         0.00%       0.000us         0.00%       0.000us       0.000us      20.863us         0.01%      20.863us       2.980us             7  
void at::native::vectorized_gather_kernel<16, long>(...         0.00%       0.000us         0.00%       0.000us       0.000us      17.728us         0.01%      17.728us       5.909us             3  
void at_cuda_detail::cub::detail::scan::DeviceScanKe...         0.00%       0.000us         0.00%       0.000us       0.000us      15.169us         0.01%      15.169us       1.896us             8  
                       Memcpy HtoD (Pageable -> Device)         0.00%       0.000us         0.00%       0.000us       0.000us      12.001us         0.01%      12.001us       1.200us            10  
void at_cuda_detail::cub::detail::scan::DeviceScanIn...         0.00%       0.000us         0.00%       0.000us       0.000us      11.455us         0.01%      11.455us       1.432us             8  
void at::native::unrolled_elementwise_kernel<at::nat...         0.00%       0.000us         0.00%       0.000us       0.000us      10.753us         0.01%      10.753us       1.792us             6  
                    create_flashinfer_kv_indices_triton         0.00%       0.000us         0.00%       0.000us       0.000us      10.560us         0.01%      10.560us       3.520us             3  
                         write_req_to_token_pool_triton         0.00%       0.000us         0.00%       0.000us       0.000us       9.824us         0.01%       9.824us       4.912us             2  
void at::native::unrolled_elementwise_kernel<at::nat...         0.00%       0.000us         0.00%       0.000us       0.000us       9.121us         0.01%       9.121us       4.560us             2  
void at::native::vectorized_elementwise_kernel<2, at...         0.00%       0.000us         0.00%       0.000us       0.000us       7.424us         0.00%       7.424us       1.856us             4  
                         Memcpy DtoH (Device -> Pinned)         0.00%       0.000us         0.00%       0.000us       0.000us       7.232us         0.00%       7.232us       2.411us             3  
void at::native::(anonymous namespace)::multi_tensor...         0.00%       0.000us         0.00%       0.000us       0.000us       6.592us         0.00%       6.592us       3.296us             2  
               nvjet_sm100_tst_32x64_64x16_4x1_v_bz_TNN         0.00%       0.000us         0.00%       0.000us       0.000us       6.432us         0.00%       6.432us       6.432us             1  
void at::native::unrolled_elementwise_kernel<at::nat...         0.00%       0.000us         0.00%       0.000us       0.000us       6.209us         0.00%       6.209us       2.070us             3  
void at::native::reduce_kernel<512, 1, at::native::R...         0.00%       0.000us         0.00%       0.000us       0.000us       5.505us         0.00%       5.505us       2.752us             2  
void at::native::unrolled_elementwise_kernel<at::nat...         0.00%       0.000us         0.00%       0.000us       0.000us       5.088us         0.00%       5.088us       1.696us             3  
                                compute_position_kernel         0.00%       0.000us         0.00%       0.000us       0.000us       3.743us         0.00%       3.743us       1.871us             2  
void at::native::vectorized_elementwise_kernel<4, at...         0.00%       0.000us         0.00%       0.000us       0.000us       3.584us         0.00%       3.584us       1.792us             2  
void at::native::(anonymous namespace)::indexSelectS...         0.00%       0.000us         0.00%       0.000us       0.000us       3.008us         0.00%       3.008us       3.008us             1  
triton_poi_fused_add_bitwise_and_bitwise_not_bitwise...         0.00%       0.000us         0.00%       0.000us       0.000us       3.008us         0.00%       3.008us       1.504us             2  
void at::native::reduce_kernel<512, 1, at::native::R...         0.00%       0.000us         0.00%       0.000us       0.000us       2.624us         0.00%       2.624us       2.624us             1  
void at::native::vectorized_elementwise_kernel<4, at...         0.00%       0.000us         0.00%       0.000us       0.000us       1.312us         0.00%       1.312us       1.312us             1  
                                  cudaDeviceSynchronize        13.28%       2.289ms        13.28%       2.289ms     457.815us       0.000us         0.00%       0.000us       0.000us             5  
                                Activity Buffer Request         9.73%       1.678ms         9.73%       1.678ms       1.678ms       0.000us         0.00%       0.000us       0.000us             1  
                               cudaPointerGetAttributes         0.05%       8.030us         0.05%       8.030us       4.015us       0.000us         0.00%       0.000us       0.000us             2  
                                  cudaStreamIsCapturing         0.57%      97.500us         0.57%      97.500us       0.613us       0.000us         0.00%       0.000us       0.000us           159  
                                        cudaMemcpyAsync         8.37%       1.443ms         8.37%       1.443ms      39.006us       0.000us         0.00%       0.000us       0.000us            37  
                               cudaEventRecordWithFlags         0.48%      82.847us         0.48%      82.847us       1.167us       0.000us         0.00%       0.000us       0.000us            71  
                                         cudaEventQuery         2.32%     400.353us         2.32%     400.353us       2.328us       0.000us         0.00%       0.000us       0.000us           172  
                                       cuLaunchKernelEx        21.18%       3.651ms        21.18%       3.652ms       5.584us       0.000us         0.00%       0.000us       0.000us           654  
                                       cudaLaunchKernel        13.14%       2.265ms        13.17%       2.271ms       6.526us       0.000us         0.00%       0.000us       0.000us           348  
                                  cudaStreamSynchronize         0.61%     105.612us         0.61%     105.612us      10.561us       0.000us         0.00%       0.000us       0.000us            10  
                                    cudaPeekAtLastError         0.02%       3.383us         0.02%       3.383us       0.106us       0.000us         0.00%       0.000us       0.000us            32  
cudaOccupancyMaxActiveBlocksPerMultiprocessorWithFla...         0.08%      13.647us         0.08%      13.647us       1.706us       0.000us         0.00%       0.000us       0.000us             8  
                                 cudaDeviceGetAttribute         0.34%      59.302us         0.34%      59.302us       0.941us       0.000us         0.00%       0.000us       0.000us            63  
                                    cudaLaunchKernelExC        19.23%       3.316ms        19.26%       3.321ms       5.867us       0.000us         0.00%       0.000us       0.000us           566  
                                         cuLaunchKernel         5.44%     938.615us         5.51%     950.169us       5.164us       0.000us         0.00%       0.000us       0.000us           184  
                                                INVALID         0.85%     146.386us         0.85%     146.386us       0.540us       0.000us         0.00%       0.000us       0.000us           271  
                                        cudaEventRecord         1.51%     259.956us         1.51%     259.956us       1.575us       0.000us         0.00%       0.000us       0.000us           165  
                                    cudaStreamWaitEvent         0.97%     166.922us         0.97%     166.922us       1.517us       0.000us         0.00%       0.000us       0.000us           110  
                                    cudaGetFuncBySymbol         0.48%      82.020us         0.48%      82.020us       1.491us       0.000us         0.00%       0.000us       0.000us            55  
                                   cudaDriverGetVersion         0.11%      19.719us         0.11%      19.719us       0.091us       0.000us         0.00%       0.000us       0.000us           216  
                                   cudaFuncSetAttribute         1.08%     186.931us         1.08%     186.931us       3.462us       0.000us         0.00%       0.000us       0.000us            54  
                    cudaThreadExchangeStreamCaptureMode         0.16%      28.070us         0.16%      28.070us       0.270us       0.000us         0.00%       0.000us       0.000us           104  
-------------------------------------------------------  ------------  ------------  ------------  ------------  ------------  ------------  ------------  ------------  ------------  ------------  
Self CPU time total: 17.242ms
Self CUDA time total: 155.286ms

-------------------------------------------------------  ------------  ------------  ------------  ------------  ------------  ------------  ------------  ------------  ------------  ------------  
                                                   Name    Self CPU %      Self CPU   CPU total %     CPU total  CPU time avg     Self CUDA   Self CUDA %    CUDA total  CUDA time avg    # of Calls  
-------------------------------------------------------  ------------  ------------  ------------  ------------  ------------  ------------  ------------  ------------  ------------  ------------  
                                       fused_moe_kernel         0.00%       0.000us         0.00%       0.000us       0.000us      19.775ms        33.17%      19.775ms     190.144us           104  
ncclDevKernel_AllReduce_Sum_bf16_RING_LL(ncclDevKern...         0.00%       0.000us         0.00%       0.000us       0.000us      17.355ms        29.11%      17.355ms     315.546us            55  
void cutlass::device_kernel<cutlass::fmha::kernel::S...         0.00%       0.000us         0.00%       0.000us       0.000us       4.161ms         6.98%       4.161ms      77.052us            54  
kernel_cutlass_kernel_flashinfernormkernelsfused_add...         0.00%       0.000us         0.00%       0.000us       0.000us       2.332ms         3.91%       2.332ms      21.592us           108  
void moe_sum_reduce_warp_per_token_vec_kernel<8>(c10...         0.00%       0.000us         0.00%       0.000us       0.000us       2.025ms         3.40%       2.025ms      77.878us            26  
void at::native::sbtopk::gatherTopK<float, unsigned ...         0.00%       0.000us         0.00%       0.000us       0.000us       1.692ms         2.84%       1.692ms      16.272us           104  
         nvjet_sm100_tst_128x256_64x6_2x1_2cta_v_bz_TNT         0.00%       0.000us         0.00%       0.000us       0.000us       1.246ms         2.09%       1.246ms      22.650us            55  
void count_and_sort_expert_tokens_kernel<int>(int co...         0.00%       0.000us         0.00%       0.000us       0.000us     989.082us         1.66%     989.082us      19.021us            52  
void (anonymous namespace)::act_and_mul_kernel<__nv_...         0.00%       0.000us         0.00%       0.000us       0.000us     953.052us         1.60%     953.052us       9.164us           104  
         nvjet_sm100_tst_176x128_64x8_2x2_2cta_h_bz_TNN         0.00%       0.000us         0.00%       0.000us       0.000us     916.927us         1.54%     916.927us      35.266us            26  
         nvjet_sm100_tst_144x128_64x8_2x2_2cta_h_bz_TNN         0.00%       0.000us         0.00%       0.000us       0.000us     793.693us         1.33%     793.693us      29.396us            27  
void at::native::vectorized_elementwise_kernel<8, at...         0.00%       0.000us         0.00%       0.000us       0.000us     775.515us         1.30%     775.515us      14.914us            52  
void moe_align_block_size_kernel<int>(int const*, in...         0.00%       0.000us         0.00%       0.000us       0.000us     711.641us         1.19%     711.641us      13.685us            52  
         nvjet_sm100_tst_192x128_64x6_2x2_2cta_h_bz_TNT         0.00%       0.000us         0.00%       0.000us       0.000us     625.950us         1.05%     625.950us      23.183us            27  
                           concat_and_cast_mha_k_kernel         0.00%       0.000us         0.00%       0.000us       0.000us     554.878us         0.93%     554.878us      10.276us            54  
          nvjet_sm100_tss_32x256_64x6_2x2_2cta_h_bz_TNN         0.00%       0.000us         0.00%       0.000us       0.000us     541.856us         0.91%     541.856us      20.841us            26  
void (anonymous namespace)::all_reduce_one_shot_push...         0.00%       0.000us         0.00%       0.000us       0.000us     384.029us         0.64%     384.029us       6.982us            55  
                               get_mla_kv_buffer_kernel         0.00%       0.000us         0.00%       0.000us       0.000us     363.391us         0.61%     363.391us      13.459us            27  
        nvjet_sm100_tst_32x64_64x16_4x1_v_bz_splitK_TNN         0.00%       0.000us         0.00%       0.000us       0.000us     333.091us         0.56%     333.091us       4.164us            80  
triton_red_fused__softmax_exp_max_prepare_softmax_on...         0.00%       0.000us         0.00%       0.000us       0.000us     321.213us         0.54%     321.213us       6.177us            52  
kernel_cutlass_kernel_flashinfernormkernelsrmsnormRM...         0.00%       0.000us         0.00%       0.000us       0.000us     293.024us         0.49%     293.024us       5.426us            54  
              nvjet_sm100_tst_256x112_64x4_1x2_h_bz_TNT         0.00%       0.000us         0.00%       0.000us       0.000us     267.584us         0.45%     267.584us       9.911us            27  
         nvjet_sm100_tst_256x128_64x5_2x2_2cta_h_bz_TNT         0.00%       0.000us         0.00%       0.000us       0.000us     263.230us         0.44%     263.230us       9.749us            27  
void (anonymous namespace)::fused_rope_kernel<false,...         0.00%       0.000us         0.00%       0.000us       0.000us     198.782us         0.33%     198.782us       3.681us            54  
void cublasLt::splitKreduce_kernel<32, 16, int, floa...         0.00%       0.000us         0.00%       0.000us       0.000us     190.435us         0.32%     190.435us       2.380us            80  
               nvjet_sm100_tst_16x64_64x16_4x1_v_bz_TNN         0.00%       0.000us         0.00%       0.000us       0.000us     182.243us         0.31%     182.243us       3.375us            54  
triton_poi_fused__softmax__to_copy_arange_bitwise_no...         0.00%       0.000us         0.00%       0.000us       0.000us     149.214us         0.25%     149.214us       2.870us            52  
void (anonymous namespace)::set_mla_kv_buffer_kernel...         0.00%       0.000us         0.00%       0.000us       0.000us     140.638us         0.24%     140.638us       5.209us            27  
flashinfer::plan_kernel(int*, int*, int*, int*, int*...         0.00%       0.000us         0.00%       0.000us       0.000us     119.680us         0.20%     119.680us      59.840us             2  
        nvjet_sm100_tss_32x64_64x16_2x1_v_bz_splitK_TNN         0.00%       0.000us         0.00%       0.000us       0.000us     101.377us         0.17%     101.377us       3.899us            26  
                            triton_poi_fused__to_copy_2         0.00%       0.000us         0.00%       0.000us       0.000us     100.545us         0.17%     100.545us       1.934us            52  
                               _all_gather_kernel_inner         0.00%       0.000us         0.00%       0.000us       0.000us      83.904us         0.14%      83.904us      41.952us             2  
void at::native::elementwise_kernel<128, 4, at::nati...         0.00%       0.000us         0.00%       0.000us       0.000us      64.705us         0.11%      64.705us      32.352us             2  
void at::native::elementwise_kernel<128, 4, at::nati...         0.00%       0.000us         0.00%       0.000us       0.000us      62.592us         0.10%      62.592us      31.296us             2  
void at::native::elementwise_kernel<128, 4, at::nati...         0.00%       0.000us         0.00%       0.000us       0.000us      59.230us         0.10%      59.230us      29.615us             2  
void cublasLt::splitKreduce_kernel<32, 16, int, floa...         0.00%       0.000us         0.00%       0.000us       0.000us      53.794us         0.09%      53.794us       2.069us            26  
void at::native::reduce_kernel<512, 1, at::native::R...         0.00%       0.000us         0.00%       0.000us       0.000us      47.680us         0.08%      47.680us      23.840us             2  
                               set_mla_kv_buffer_kernel         0.00%       0.000us         0.00%       0.000us       0.000us      44.926us         0.08%      44.926us       1.664us            27  
                       triton_poi_fused_copy__mul_sum_0         0.00%       0.000us         0.00%       0.000us       0.000us      44.063us         0.07%      44.063us       1.695us            26  
                         Memcpy HtoD (Pinned -> Device)         0.00%       0.000us         0.00%       0.000us       0.000us      38.591us         0.06%      38.591us       2.270us            17  
               nvjet_sm100_tst_128x8_64x12_4x1_v_bz_TNT         0.00%       0.000us         0.00%       0.000us       0.000us      26.815us         0.04%      26.815us      13.407us             2  
void at::native::unrolled_elementwise_kernel<at::nat...         0.00%       0.000us         0.00%       0.000us       0.000us      25.119us         0.04%      25.119us       3.140us             8  
                       Memcpy DtoH (Device -> Pageable)         0.00%       0.000us         0.00%       0.000us       0.000us      23.393us         0.04%      23.393us       3.342us             7  
kernel_cutlass_kernel_flashinfernormkernelsrmsnormRM...         0.00%       0.000us         0.00%       0.000us       0.000us      23.262us         0.04%      23.262us      11.631us             2  
void at::native::vectorized_gather_kernel<16, long>(...         0.00%       0.000us         0.00%       0.000us       0.000us      17.728us         0.03%      17.728us       5.909us             3  
void at_cuda_detail::cub::detail::scan::DeviceScanKe...         0.00%       0.000us         0.00%       0.000us       0.000us      15.425us         0.03%      15.425us       1.928us             8  
                       Memcpy HtoD (Pageable -> Device)         0.00%       0.000us         0.00%       0.000us       0.000us      12.481us         0.02%      12.481us       1.248us            10  
void at_cuda_detail::cub::detail::scan::DeviceScanIn...         0.00%       0.000us         0.00%       0.000us       0.000us      11.521us         0.02%      11.521us       1.440us             8  
void at::native::unrolled_elementwise_kernel<at::nat...         0.00%       0.000us         0.00%       0.000us       0.000us      10.785us         0.02%      10.785us       1.797us             6  
                    create_flashinfer_kv_indices_triton         0.00%       0.000us         0.00%       0.000us       0.000us      10.464us         0.02%      10.464us       3.488us             3  
                         Memcpy DtoH (Device -> Pinned)         0.00%       0.000us         0.00%       0.000us       0.000us       9.921us         0.02%       9.921us       3.307us             3  
                         write_req_to_token_pool_triton         0.00%       0.000us         0.00%       0.000us       0.000us       9.504us         0.02%       9.504us       4.752us             2  
void at::native::unrolled_elementwise_kernel<at::nat...         0.00%       0.000us         0.00%       0.000us       0.000us       8.000us         0.01%       8.000us       4.000us             2  
void at::native::vectorized_elementwise_kernel<2, at...         0.00%       0.000us         0.00%       0.000us       0.000us       7.424us         0.01%       7.424us       1.856us             4  
void at::native::(anonymous namespace)::multi_tensor...         0.00%       0.000us         0.00%       0.000us       0.000us       6.559us         0.01%       6.559us       3.280us             2  
               nvjet_sm100_tst_32x64_64x16_4x1_v_bz_TNN         0.00%       0.000us         0.00%       0.000us       0.000us       6.528us         0.01%       6.528us       6.528us             1  
void at::native::unrolled_elementwise_kernel<at::nat...         0.00%       0.000us         0.00%       0.000us       0.000us       6.111us         0.01%       6.111us       2.037us             3  
void at::native::reduce_kernel<512, 1, at::native::R...         0.00%       0.000us         0.00%       0.000us       0.000us       5.537us         0.01%       5.537us       2.768us             2  
void at::native::unrolled_elementwise_kernel<at::nat...         0.00%       0.000us         0.00%       0.000us       0.000us       5.215us         0.01%       5.215us       1.738us             3  
                                compute_position_kernel         0.00%       0.000us         0.00%       0.000us       0.000us       3.936us         0.01%       3.936us       1.968us             2  
void at::native::vectorized_elementwise_kernel<4, at...         0.00%       0.000us         0.00%       0.000us       0.000us       3.648us         0.01%       3.648us       1.824us             2  
triton_poi_fused_add_bitwise_and_bitwise_not_bitwise...         0.00%       0.000us         0.00%       0.000us       0.000us       3.040us         0.01%       3.040us       1.520us             2  
void at::native::(anonymous namespace)::indexSelectS...         0.00%       0.000us         0.00%       0.000us       0.000us       2.880us         0.00%       2.880us       2.880us             1  
void at::native::reduce_kernel<512, 1, at::native::R...         0.00%       0.000us         0.00%       0.000us       0.000us       2.688us         0.00%       2.688us       2.688us             1  
void at::native::vectorized_elementwise_kernel<4, at...         0.00%       0.000us         0.00%       0.000us       0.000us       1.312us         0.00%       1.312us       1.312us             1  
                                  cudaDeviceSynchronize         2.77%     432.885us         2.77%     432.885us      86.577us       0.000us         0.00%       0.000us       0.000us             5  
                                Activity Buffer Request        11.16%       1.744ms        11.16%       1.744ms       1.744ms       0.000us         0.00%       0.000us       0.000us             1  
                               cudaPointerGetAttributes         0.10%      15.796us         0.10%      15.796us       7.898us       0.000us         0.00%       0.000us       0.000us             2  
                                  cudaStreamIsCapturing         0.62%      96.105us         0.62%      96.105us       0.604us       0.000us         0.00%       0.000us       0.000us           159  
                                        cudaMemcpyAsync         3.98%     622.094us         3.98%     622.094us      16.813us       0.000us         0.00%       0.000us       0.000us            37  
                               cudaEventRecordWithFlags         0.61%      95.843us         0.61%      95.843us       1.350us       0.000us         0.00%       0.000us       0.000us            71  
                                         cudaEventQuery         2.78%     433.567us         2.78%     433.567us       2.436us       0.000us         0.00%       0.000us       0.000us           178  
                                       cuLaunchKernelEx        25.41%       3.968ms        25.46%       3.977ms       6.081us       0.000us         0.00%       0.000us       0.000us           654  
                                       cudaLaunchKernel        14.28%       2.230ms        14.33%       2.238ms       6.431us       0.000us         0.00%       0.000us       0.000us           348  
                                  cudaStreamSynchronize         1.55%     242.177us         1.55%     242.177us      24.218us       0.000us         0.00%       0.000us       0.000us            10  
                                    cudaPeekAtLastError         0.02%       3.443us         0.02%       3.443us       0.108us       0.000us         0.00%       0.000us       0.000us            32  
cudaOccupancyMaxActiveBlocksPerMultiprocessorWithFla...         0.11%      16.687us         0.11%      16.687us       2.086us       0.000us         0.00%       0.000us       0.000us             8  
                                 cudaDeviceGetAttribute         0.39%      61.207us         0.39%      61.207us       0.972us       0.000us         0.00%       0.000us       0.000us            63  
                                    cudaLaunchKernelExC        23.48%       3.667ms        23.50%       3.670ms       6.485us       0.000us         0.00%       0.000us       0.000us           566  
                                         cuLaunchKernel         6.74%       1.053ms         6.79%       1.061ms       5.765us       0.000us         0.00%       0.000us       0.000us           184  
                                                INVALID         1.06%     164.886us         1.06%     164.886us       0.608us       0.000us         0.00%       0.000us       0.000us           271  
                                        cudaEventRecord         1.66%     259.122us         1.66%     259.122us       1.570us       0.000us         0.00%       0.000us       0.000us           165  
                                    cudaStreamWaitEvent         1.11%     173.977us         1.11%     173.977us       1.582us       0.000us         0.00%       0.000us       0.000us           110  
                                    cudaGetFuncBySymbol         0.58%      90.470us         0.58%      90.470us       1.645us       0.000us         0.00%       0.000us       0.000us            55  
                                   cudaDriverGetVersion         0.13%      19.560us         0.13%      19.560us       0.091us       0.000us         0.00%       0.000us       0.000us           216  
                                   cudaFuncSetAttribute         1.29%     201.624us         1.29%     201.624us       3.734us       0.000us         0.00%       0.000us       0.000us            54  
                    cudaThreadExchangeStreamCaptureMode         0.17%      27.238us         0.17%      27.238us       0.252us       0.000us         0.00%       0.000us       0.000us           108  
-------------------------------------------------------  ------------  ------------  ------------  ------------  ------------  ------------  ------------  ------------  ------------  ------------  
Self CPU time total: 15.619ms
Self CUDA time total: 59.615ms

-------------------------------------------------------  ------------  ------------  ------------  ------------  ------------  ------------  ------------  ------------  ------------  ------------  
                                                   Name    Self CPU %      Self CPU   CPU total %     CPU total  CPU time avg     Self CUDA   Self CUDA %    CUDA total  CUDA time avg    # of Calls  
-------------------------------------------------------  ------------  ------------  ------------  ------------  ------------  ------------  ------------  ------------  ------------  ------------  
kernel_cutlass_kernel_flashinfernormkernelsfused_add...         0.00%       0.000us         0.00%       0.000us       0.000us      52.972ms        31.06%      52.972ms     490.483us           108  
void (anonymous namespace)::all_reduce_one_shot_push...         0.00%       0.000us         0.00%       0.000us       0.000us      52.212ms        30.61%      52.212ms     949.308us            55  
ncclDevKernel_AllReduce_Sum_bf16_RING_LL(ncclDevKern...         0.00%       0.000us         0.00%       0.000us       0.000us      25.447ms        14.92%      25.447ms     462.679us            55  
                                       fused_moe_kernel         0.00%       0.000us         0.00%       0.000us       0.000us      19.724ms        11.56%      19.724ms     189.658us           104  
void cutlass::device_kernel<cutlass::fmha::kernel::S...         0.00%       0.000us         0.00%       0.000us       0.000us       4.142ms         2.43%       4.142ms      76.700us            54  
void moe_sum_reduce_warp_per_token_vec_kernel<8>(c10...         0.00%       0.000us         0.00%       0.000us       0.000us       2.000ms         1.17%       2.000ms      76.931us            26  
void at::native::sbtopk::gatherTopK<float, unsigned ...         0.00%       0.000us         0.00%       0.000us       0.000us       1.670ms         0.98%       1.670ms      16.053us           104  
         nvjet_sm100_tst_128x256_64x6_2x1_2cta_v_bz_TNT         0.00%       0.000us         0.00%       0.000us       0.000us       1.236ms         0.72%       1.236ms      22.471us            55  
void count_and_sort_expert_tokens_kernel<int>(int co...         0.00%       0.000us         0.00%       0.000us       0.000us     979.896us         0.57%     979.896us      18.844us            52  
void (anonymous namespace)::act_and_mul_kernel<__nv_...         0.00%       0.000us         0.00%       0.000us       0.000us     953.497us         0.56%     953.497us       9.168us           104  
         nvjet_sm100_tst_176x128_64x8_2x2_2cta_h_bz_TNN         0.00%       0.000us         0.00%       0.000us       0.000us     913.471us         0.54%     913.471us      35.133us            26  
         nvjet_sm100_tst_144x128_64x8_2x2_2cta_h_bz_TNN         0.00%       0.000us         0.00%       0.000us       0.000us     791.677us         0.46%     791.677us      29.321us            27  
void at::native::vectorized_elementwise_kernel<8, at...         0.00%       0.000us         0.00%       0.000us       0.000us     765.250us         0.45%     765.250us      14.716us            52  
void moe_align_block_size_kernel<int>(int const*, in...         0.00%       0.000us         0.00%       0.000us       0.000us     705.724us         0.41%     705.724us      13.572us            52  
         nvjet_sm100_tst_192x128_64x6_2x2_2cta_h_bz_TNT         0.00%       0.000us         0.00%       0.000us       0.000us     630.014us         0.37%     630.014us      23.334us            27  
                           concat_and_cast_mha_k_kernel         0.00%       0.000us         0.00%       0.000us       0.000us     550.719us         0.32%     550.719us      10.198us            54  
          nvjet_sm100_tss_32x256_64x6_2x2_2cta_h_bz_TNN         0.00%       0.000us         0.00%       0.000us       0.000us     542.109us         0.32%     542.109us      20.850us            26  
                               _all_gather_kernel_inner         0.00%       0.000us         0.00%       0.000us       0.000us     461.534us         0.27%     461.534us     230.767us             2  
                               get_mla_kv_buffer_kernel         0.00%       0.000us         0.00%       0.000us       0.000us     372.255us         0.22%     372.255us      13.787us            27  
        nvjet_sm100_tst_32x64_64x16_4x1_v_bz_splitK_TNN         0.00%       0.000us         0.00%       0.000us       0.000us     355.673us         0.21%     355.673us       4.446us            80  
triton_red_fused__softmax_exp_max_prepare_softmax_on...         0.00%       0.000us         0.00%       0.000us       0.000us     317.568us         0.19%     317.568us       6.107us            52  
kernel_cutlass_kernel_flashinfernormkernelsrmsnormRM...         0.00%       0.000us         0.00%       0.000us       0.000us     299.872us         0.18%     299.872us       5.553us            54  
void cublasLt::splitKreduce_kernel<32, 16, int, floa...         0.00%       0.000us         0.00%       0.000us       0.000us     269.624us         0.16%     269.624us       3.370us            80  
              nvjet_sm100_tst_256x112_64x4_1x2_h_bz_TNT         0.00%       0.000us         0.00%       0.000us       0.000us     265.729us         0.16%     265.729us       9.842us            27  
         nvjet_sm100_tst_256x128_64x5_2x2_2cta_h_bz_TNT         0.00%       0.000us         0.00%       0.000us       0.000us     262.432us         0.15%     262.432us       9.720us            27  
triton_poi_fused__softmax__to_copy_arange_bitwise_no...         0.00%       0.000us         0.00%       0.000us       0.000us     189.152us         0.11%     189.152us       3.638us            52  
void (anonymous namespace)::fused_rope_kernel<false,...         0.00%       0.000us         0.00%       0.000us       0.000us     188.324us         0.11%     188.324us       3.487us            54  
               nvjet_sm100_tst_16x64_64x16_4x1_v_bz_TNN         0.00%       0.000us         0.00%       0.000us       0.000us     185.797us         0.11%     185.797us       3.441us            54  
void (anonymous namespace)::set_mla_kv_buffer_kernel...         0.00%       0.000us         0.00%       0.000us       0.000us     139.776us         0.08%     139.776us       5.177us            27  
        nvjet_sm100_tss_32x64_64x16_2x1_v_bz_splitK_TNN         0.00%       0.000us         0.00%       0.000us       0.000us     119.961us         0.07%     119.961us       4.614us            26  
flashinfer::plan_kernel(int*, int*, int*, int*, int*...         0.00%       0.000us         0.00%       0.000us       0.000us     118.112us         0.07%     118.112us      59.056us             2  
                            triton_poi_fused__to_copy_2         0.00%       0.000us         0.00%       0.000us       0.000us      89.850us         0.05%      89.850us       1.728us            52  
void cublasLt::splitKreduce_kernel<32, 16, int, floa...         0.00%       0.000us         0.00%       0.000us       0.000us      67.486us         0.04%      67.486us       2.596us            26  
void at::native::elementwise_kernel<128, 4, at::nati...         0.00%       0.000us         0.00%       0.000us       0.000us      64.094us         0.04%      64.094us      32.047us             2  
void at::native::elementwise_kernel<128, 4, at::nati...         0.00%       0.000us         0.00%       0.000us       0.000us      62.751us         0.04%      62.751us      31.376us             2  
void at::native::elementwise_kernel<128, 4, at::nati...         0.00%       0.000us         0.00%       0.000us       0.000us      58.976us         0.03%      58.976us      29.488us             2  
                               set_mla_kv_buffer_kernel         0.00%       0.000us         0.00%       0.000us       0.000us      50.813us         0.03%      50.813us       1.882us            27  
void at::native::reduce_kernel<512, 1, at::native::R...         0.00%       0.000us         0.00%       0.000us       0.000us      47.904us         0.03%      47.904us      23.952us             2  
                       triton_poi_fused_copy__mul_sum_0         0.00%       0.000us         0.00%       0.000us       0.000us      43.617us         0.03%      43.617us       1.678us            26  
                         Memcpy HtoD (Pinned -> Device)         0.00%       0.000us         0.00%       0.000us       0.000us      37.470us         0.02%      37.470us       2.204us            17  
               nvjet_sm100_tst_128x8_64x12_4x1_v_bz_TNT         0.00%       0.000us         0.00%       0.000us       0.000us      26.848us         0.02%      26.848us      13.424us             2  
kernel_cutlass_kernel_flashinfernormkernelsrmsnormRM...         0.00%       0.000us         0.00%       0.000us       0.000us      24.192us         0.01%      24.192us      12.096us             2  
void at::native::unrolled_elementwise_kernel<at::nat...         0.00%       0.000us         0.00%       0.000us       0.000us      23.041us         0.01%      23.041us       2.880us             8  
                       Memcpy DtoH (Device -> Pageable)         0.00%       0.000us         0.00%       0.000us       0.000us      22.239us         0.01%      22.239us       3.177us             7  
void at::native::vectorized_gather_kernel<16, long>(...         0.00%       0.000us         0.00%       0.000us       0.000us      16.929us         0.01%      16.929us       5.643us             3  
void at_cuda_detail::cub::detail::scan::DeviceScanKe...         0.00%       0.000us         0.00%       0.000us       0.000us      14.657us         0.01%      14.657us       1.832us             8  
                       Memcpy HtoD (Pageable -> Device)         0.00%       0.000us         0.00%       0.000us       0.000us      12.769us         0.01%      12.769us       1.277us            10  
void at_cuda_detail::cub::detail::scan::DeviceScanIn...         0.00%       0.000us         0.00%       0.000us       0.000us      10.145us         0.01%      10.145us       1.268us             8  
                    create_flashinfer_kv_indices_triton         0.00%       0.000us         0.00%       0.000us       0.000us      10.113us         0.01%      10.113us       3.371us             3  
void at::native::unrolled_elementwise_kernel<at::nat...         0.00%       0.000us         0.00%       0.000us       0.000us       9.630us         0.01%       9.630us       1.605us             6  
                         Memcpy DtoH (Device -> Pinned)         0.00%       0.000us         0.00%       0.000us       0.000us       9.474us         0.01%       9.474us       3.158us             3  
void at::native::unrolled_elementwise_kernel<at::nat...         0.00%       0.000us         0.00%       0.000us       0.000us       8.768us         0.01%       8.768us       4.384us             2  
                         write_req_to_token_pool_triton         0.00%       0.000us         0.00%       0.000us       0.000us       8.384us         0.00%       8.384us       4.192us             2  
void at::native::(anonymous namespace)::multi_tensor...         0.00%       0.000us         0.00%       0.000us       0.000us       7.264us         0.00%       7.264us       3.632us             2  
               nvjet_sm100_tst_32x64_64x16_4x1_v_bz_TNN         0.00%       0.000us         0.00%       0.000us       0.000us       6.879us         0.00%       6.879us       6.879us             1  
void at::native::vectorized_elementwise_kernel<2, at...         0.00%       0.000us         0.00%       0.000us       0.000us       6.656us         0.00%       6.656us       1.664us             4  
void at::native::unrolled_elementwise_kernel<at::nat...         0.00%       0.000us         0.00%       0.000us       0.000us       5.888us         0.00%       5.888us       1.963us             3  
void at::native::reduce_kernel<512, 1, at::native::R...         0.00%       0.000us         0.00%       0.000us       0.000us       4.671us         0.00%       4.671us       2.336us             2  
void at::native::unrolled_elementwise_kernel<at::nat...         0.00%       0.000us         0.00%       0.000us       0.000us       4.097us         0.00%       4.097us       1.366us             3  
                                compute_position_kernel         0.00%       0.000us         0.00%       0.000us       0.000us       3.839us         0.00%       3.839us       1.920us             2  
void at::native::(anonymous namespace)::indexSelectS...         0.00%       0.000us         0.00%       0.000us       0.000us       3.328us         0.00%       3.328us       3.328us             1  
triton_poi_fused_add_bitwise_and_bitwise_not_bitwise...         0.00%       0.000us         0.00%       0.000us       0.000us       3.232us         0.00%       3.232us       1.616us             2  
void at::native::vectorized_elementwise_kernel<4, at...         0.00%       0.000us         0.00%       0.000us       0.000us       2.656us         0.00%       2.656us       1.328us             2  
void at::native::reduce_kernel<512, 1, at::native::R...         0.00%       0.000us         0.00%       0.000us       0.000us       2.625us         0.00%       2.625us       2.625us             1  
void at::native::vectorized_elementwise_kernel<4, at...         0.00%       0.000us         0.00%       0.000us       0.000us       1.472us         0.00%       1.472us       1.472us             1  
                                  cudaDeviceSynchronize        22.83%       4.399ms        22.83%       4.399ms     879.791us       0.000us         0.00%       0.000us       0.000us             5  
                                Activity Buffer Request         9.07%       1.748ms         9.07%       1.748ms       1.748ms       0.000us         0.00%       0.000us       0.000us             1  
                               cudaPointerGetAttributes         0.04%       7.396us         0.04%       7.396us       3.698us       0.000us         0.00%       0.000us       0.000us             2  
                                  cudaStreamIsCapturing         0.50%      96.221us         0.50%      96.221us       0.605us       0.000us         0.00%       0.000us       0.000us           159  
                                        cudaMemcpyAsync         2.98%     574.103us         2.98%     574.103us      15.516us       0.000us         0.00%       0.000us       0.000us            37  
                               cudaEventRecordWithFlags         0.53%     102.868us         0.53%     102.868us       1.449us       0.000us         0.00%       0.000us       0.000us            71  
                                         cudaEventQuery         2.28%     439.689us         2.29%     441.469us       2.537us       0.000us         0.00%       0.000us       0.000us           174  
                                       cuLaunchKernelEx        20.57%       3.963ms        20.66%       3.981ms       6.087us       0.000us         0.00%       0.000us       0.000us           654  
                                       cudaLaunchKernel        11.23%       2.164ms        11.28%       2.174ms       6.248us       0.000us         0.00%       0.000us       0.000us           348  
                                  cudaStreamSynchronize         0.57%     110.765us         0.57%     110.765us      11.076us       0.000us         0.00%       0.000us       0.000us            10  
                                    cudaPeekAtLastError         0.02%       3.308us         0.02%       3.308us       0.103us       0.000us         0.00%       0.000us       0.000us            32  
cudaOccupancyMaxActiveBlocksPerMultiprocessorWithFla...         0.07%      13.941us         0.07%      13.941us       1.743us       0.000us         0.00%       0.000us       0.000us             8  
                                 cudaDeviceGetAttribute         0.31%      59.925us         0.31%      59.925us       0.951us       0.000us         0.00%       0.000us       0.000us            63  
                                    cudaLaunchKernelExC        18.95%       3.651ms        18.96%       3.654ms       6.456us       0.000us         0.00%       0.000us       0.000us           566  
                                         cuLaunchKernel         5.26%       1.014ms         5.26%       1.014ms       5.509us       0.000us         0.00%       0.000us       0.000us           184  
                                                INVALID         0.81%     156.309us         0.81%     156.309us       0.577us       0.000us         0.00%       0.000us       0.000us           271  
                                        cudaEventRecord         1.40%     270.669us         1.41%     270.901us       1.642us       0.000us         0.00%       0.000us       0.000us           165  
                                    cudaStreamWaitEvent         0.88%     169.820us         0.88%     169.820us       1.544us       0.000us         0.00%       0.000us       0.000us           110  
                                    cudaGetFuncBySymbol         0.45%      87.623us         0.45%      87.623us       1.593us       0.000us         0.00%       0.000us       0.000us            55  
                                   cudaDriverGetVersion         0.10%      20.028us         0.10%      20.028us       0.093us       0.000us         0.00%       0.000us       0.000us           216  
                                   cudaFuncSetAttribute         0.98%     188.564us         0.98%     188.564us       3.492us       0.000us         0.00%       0.000us       0.000us            54  
                    cudaThreadExchangeStreamCaptureMode         0.15%      28.337us         0.15%      28.337us       0.262us       0.000us         0.00%       0.000us       0.000us           108  
-------------------------------------------------------  ------------  ------------  ------------  ------------  ------------  ------------  ------------  ------------  ------------  ------------  
Self CPU time total: 19.269ms
Self CUDA time total: 170.554ms

torch profiler chrome trace for prefill saved to /sgl-workspace/sglang-src/experiment-results/phase14c/deepseek_tp_extension/tp8/deepseek-v2-lite/chunked_prefill/c4096/r1/traces/trace_rank0_batch4_input4096_output8_prefill.trace.json.gz
Prefill. latency: 0.06641 s, throughput: 246718.82 token/s
Decode 0. Batch size: 4, latency: 0.05581 s, throughput:     71.67 token/s
Decode 1. Batch size: 4, latency: 0.05404 s, throughput:     74.01 token/s
Decode 2. Batch size: 4, latency: 0.05377 s, throughput:     74.39 token/s
Decode 3. Batch size: 4, latency: 0.05598 s, throughput:     71.46 token/s
Decode 4. Batch size: 4, latency: 0.05383 s, throughput:     74.30 token/s
Decode.  median latency: 0.05404 s, median throughput:     74.01 token/s
Total. latency:  0.449 s, throughput:  36520.91 token/s
Warmup workload: batch_size=4, input_len=4097, output_len=8
Prefill. latency: 0.12529 s, throughput: 130796.09 token/s
Decode 0. Batch size: 4, latency: 0.05335 s, throughput:     74.98 token/s
Decode 1. Batch size: 4, latency: 0.05525 s, throughput:     72.40 token/s
Decode 2. Batch size: 4, latency: 0.05363 s, throughput:     74.58 token/s
Decode 3. Batch size: 4, latency: 0.05540 s, throughput:     72.20 token/s
Decode 4. Batch size: 4, latency: 0.05411 s, throughput:     73.92 token/s
Decode.  median latency: 0.05411 s, median throughput:     73.92 token/s
Total. latency:  0.505 s, throughput:  32498.06 token/s
-------------------------------------------------------  ------------  ------------  ------------  ------------  ------------  ------------  ------------  ------------  ------------  ------------  
                                                   Name    Self CPU %      Self CPU   CPU total %     CPU total  CPU time avg     Self CUDA   Self CUDA %    CUDA total  CUDA time avg    # of Calls  
-------------------------------------------------------  ------------  ------------  ------------  ------------  ------------  ------------  ------------  ------------  ------------  ------------  
void (anonymous namespace)::all_reduce_one_shot_push...         0.00%       0.000us         0.00%       0.000us       0.000us      40.531ms        29.44%      40.531ms     736.931us            55  
kernel_cutlass_kernel_flashinfernormkernelsfused_add...         0.00%       0.000us         0.00%       0.000us       0.000us      38.983ms        28.31%      38.983ms     360.950us           108  
                                       fused_moe_kernel         0.00%       0.000us         0.00%       0.000us       0.000us      19.738ms        14.33%      19.738ms     189.785us           104  
ncclDevKernel_AllReduce_Sum_bf16_RING_LL(ncclDevKern...         0.00%       0.000us         0.00%       0.000us       0.000us      18.480ms        13.42%      18.480ms     336.006us            55  
void cutlass::device_kernel<cutlass::fmha::kernel::S...         0.00%       0.000us         0.00%       0.000us       0.000us       4.164ms         3.02%       4.164ms      77.116us            54  
void moe_sum_reduce_warp_per_token_vec_kernel<8>(c10...         0.00%       0.000us         0.00%       0.000us       0.000us       2.000ms         1.45%       2.000ms      76.933us            26  
void at::native::sbtopk::gatherTopK<float, unsigned ...         0.00%       0.000us         0.00%       0.000us       0.000us       1.679ms         1.22%       1.679ms      16.140us           104  
         nvjet_sm100_tst_128x256_64x6_2x1_2cta_v_bz_TNT         0.00%       0.000us         0.00%       0.000us       0.000us       1.240ms         0.90%       1.240ms      22.547us            55  
void count_and_sort_expert_tokens_kernel<int>(int co...         0.00%       0.000us         0.00%       0.000us       0.000us     978.559us         0.71%     978.559us      18.818us            52  
void (anonymous namespace)::act_and_mul_kernel<__nv_...         0.00%       0.000us         0.00%       0.000us       0.000us     947.003us         0.69%     947.003us       9.106us           104  
         nvjet_sm100_tst_176x128_64x8_2x2_2cta_h_bz_TNN         0.00%       0.000us         0.00%       0.000us       0.000us     903.963us         0.66%     903.963us      34.768us            26  
         nvjet_sm100_tst_144x128_64x8_2x2_2cta_h_bz_TNN         0.00%       0.000us         0.00%       0.000us       0.000us     786.140us         0.57%     786.140us      29.116us            27  
void at::native::vectorized_elementwise_kernel<8, at...         0.00%       0.000us         0.00%       0.000us       0.000us     765.818us         0.56%     765.818us      14.727us            52  
void moe_align_block_size_kernel<int>(int const*, in...         0.00%       0.000us         0.00%       0.000us       0.000us     711.517us         0.52%     711.517us      13.683us            52  
         nvjet_sm100_tst_192x128_64x6_2x2_2cta_h_bz_TNT         0.00%       0.000us         0.00%       0.000us       0.000us     630.813us         0.46%     630.813us      23.363us            27  
                           concat_and_cast_mha_k_kernel         0.00%       0.000us         0.00%       0.000us       0.000us     552.060us         0.40%     552.060us      10.223us            54  
          nvjet_sm100_tss_32x256_64x6_2x2_2cta_h_bz_TNN         0.00%       0.000us         0.00%       0.000us       0.000us     542.109us         0.39%     542.109us      20.850us            26  
                               get_mla_kv_buffer_kernel         0.00%       0.000us         0.00%       0.000us       0.000us     387.969us         0.28%     387.969us      14.369us            27  
        nvjet_sm100_tst_32x64_64x16_4x1_v_bz_splitK_TNN         0.00%       0.000us         0.00%       0.000us       0.000us     353.919us         0.26%     353.919us       4.424us            80  
triton_red_fused__softmax_exp_max_prepare_softmax_on...         0.00%       0.000us         0.00%       0.000us       0.000us     317.247us         0.23%     317.247us       6.101us            52  
kernel_cutlass_kernel_flashinfernormkernelsrmsnormRM...         0.00%       0.000us         0.00%       0.000us       0.000us     294.848us         0.21%     294.848us       5.460us            54  
              nvjet_sm100_tst_256x112_64x4_1x2_h_bz_TNT         0.00%       0.000us         0.00%       0.000us       0.000us     264.065us         0.19%     264.065us       9.780us            27  
         nvjet_sm100_tst_256x128_64x5_2x2_2cta_h_bz_TNT         0.00%       0.000us         0.00%       0.000us       0.000us     263.613us         0.19%     263.613us       9.763us            27  
triton_poi_fused__softmax__to_copy_arange_bitwise_no...         0.00%       0.000us         0.00%       0.000us       0.000us     247.901us         0.18%     247.901us       4.767us            52  
void cublasLt::splitKreduce_kernel<32, 16, int, floa...         0.00%       0.000us         0.00%       0.000us       0.000us     247.871us         0.18%     247.871us       3.098us            80  
void (anonymous namespace)::fused_rope_kernel<false,...         0.00%       0.000us         0.00%       0.000us       0.000us     195.833us         0.14%     195.833us       3.627us            54  
               nvjet_sm100_tst_16x64_64x16_4x1_v_bz_TNN         0.00%       0.000us         0.00%       0.000us       0.000us     182.147us         0.13%     182.147us       3.373us            54  
void (anonymous namespace)::set_mla_kv_buffer_kernel...         0.00%       0.000us         0.00%       0.000us       0.000us     140.220us         0.10%     140.220us       5.193us            27  
                               _all_gather_kernel_inner         0.00%       0.000us         0.00%       0.000us       0.000us     134.976us         0.10%     134.976us      67.488us             2  
flashinfer::plan_kernel(int*, int*, int*, int*, int*...         0.00%       0.000us         0.00%       0.000us       0.000us     118.398us         0.09%     118.398us      59.199us             2  
        nvjet_sm100_tss_32x64_64x16_2x1_v_bz_splitK_TNN         0.00%       0.000us         0.00%       0.000us       0.000us     110.688us         0.08%     110.688us       4.257us            26  
                            triton_poi_fused__to_copy_2         0.00%       0.000us         0.00%       0.000us       0.000us      93.339us         0.07%      93.339us       1.795us            52  
void at::native::elementwise_kernel<128, 4, at::nati...         0.00%       0.000us         0.00%       0.000us       0.000us      72.768us         0.05%      72.768us      36.384us             2  
void cublasLt::splitKreduce_kernel<32, 16, int, floa...         0.00%       0.000us         0.00%       0.000us       0.000us      64.577us         0.05%      64.577us       2.484us            26  
void at::native::elementwise_kernel<128, 4, at::nati...         0.00%       0.000us         0.00%       0.000us       0.000us      63.903us         0.05%      63.903us      31.952us             2  
void at::native::elementwise_kernel<128, 4, at::nati...         0.00%       0.000us         0.00%       0.000us       0.000us      62.080us         0.05%      62.080us      31.040us             2  
                               set_mla_kv_buffer_kernel         0.00%       0.000us         0.00%       0.000us       0.000us      52.926us         0.04%      52.926us       1.960us            27  
void at::native::reduce_kernel<512, 1, at::native::R...         0.00%       0.000us         0.00%       0.000us       0.000us      47.905us         0.03%      47.905us      23.952us             2  
                       triton_poi_fused_copy__mul_sum_0         0.00%       0.000us         0.00%       0.000us       0.000us      43.261us         0.03%      43.261us       1.664us            26  
                         Memcpy HtoD (Pinned -> Device)         0.00%       0.000us         0.00%       0.000us       0.000us      39.680us         0.03%      39.680us       2.334us            17  
               nvjet_sm100_tst_128x8_64x12_4x1_v_bz_TNT         0.00%       0.000us         0.00%       0.000us       0.000us      26.719us         0.02%      26.719us      13.360us             2  
kernel_cutlass_kernel_flashinfernormkernelsrmsnormRM...         0.00%       0.000us         0.00%       0.000us       0.000us      24.767us         0.02%      24.767us      12.383us             2  
void at::native::vectorized_gather_kernel<16, long>(...         0.00%       0.000us         0.00%       0.000us       0.000us      23.551us         0.02%      23.551us       7.850us             3  
void at::native::unrolled_elementwise_kernel<at::nat...         0.00%       0.000us         0.00%       0.000us       0.000us      22.943us         0.02%      22.943us       2.868us             8  
                       Memcpy DtoH (Device -> Pageable)         0.00%       0.000us         0.00%       0.000us       0.000us      22.496us         0.02%      22.496us       3.214us             7  
void at_cuda_detail::cub::detail::scan::DeviceScanKe...         0.00%       0.000us         0.00%       0.000us       0.000us      14.432us         0.01%      14.432us       1.804us             8  
                       Memcpy HtoD (Pageable -> Device)         0.00%       0.000us         0.00%       0.000us       0.000us      12.671us         0.01%      12.671us       1.267us            10  
void at_cuda_detail::cub::detail::scan::DeviceScanIn...         0.00%       0.000us         0.00%       0.000us       0.000us      10.495us         0.01%      10.495us       1.312us             8  
                    create_flashinfer_kv_indices_triton         0.00%       0.000us         0.00%       0.000us       0.000us      10.048us         0.01%      10.048us       3.349us             3  
void at::native::unrolled_elementwise_kernel<at::nat...         0.00%       0.000us         0.00%       0.000us       0.000us       9.409us         0.01%       9.409us       1.568us             6  
                         Memcpy DtoH (Device -> Pinned)         0.00%       0.000us         0.00%       0.000us       0.000us       9.056us         0.01%       9.056us       3.019us             3  
void at::native::unrolled_elementwise_kernel<at::nat...         0.00%       0.000us         0.00%       0.000us       0.000us       8.768us         0.01%       8.768us       4.384us             2  
                         write_req_to_token_pool_triton         0.00%       0.000us         0.00%       0.000us       0.000us       8.289us         0.01%       8.289us       4.144us             2  
void at::native::(anonymous namespace)::multi_tensor...         0.00%       0.000us         0.00%       0.000us       0.000us       7.295us         0.01%       7.295us       3.647us             2  
               nvjet_sm100_tst_32x64_64x16_4x1_v_bz_TNN         0.00%       0.000us         0.00%       0.000us       0.000us       6.816us         0.00%       6.816us       6.816us             1  
void at::native::vectorized_elementwise_kernel<2, at...         0.00%       0.000us         0.00%       0.000us       0.000us       6.625us         0.00%       6.625us       1.656us             4  
void at::native::unrolled_elementwise_kernel<at::nat...         0.00%       0.000us         0.00%       0.000us       0.000us       6.304us         0.00%       6.304us       2.101us             3  
void at::native::reduce_kernel<512, 1, at::native::R...         0.00%       0.000us         0.00%       0.000us       0.000us       4.831us         0.00%       4.831us       2.415us             2  
void at::native::(anonymous namespace)::indexSelectS...         0.00%       0.000us         0.00%       0.000us       0.000us       4.256us         0.00%       4.256us       4.256us             1  
void at::native::unrolled_elementwise_kernel<at::nat...         0.00%       0.000us         0.00%       0.000us       0.000us       4.193us         0.00%       4.193us       1.398us             3  
                                compute_position_kernel         0.00%       0.000us         0.00%       0.000us       0.000us       3.841us         0.00%       3.841us       1.920us             2  
triton_poi_fused_add_bitwise_and_bitwise_not_bitwise...         0.00%       0.000us         0.00%       0.000us       0.000us       3.200us         0.00%       3.200us       1.600us             2  
void at::native::reduce_kernel<512, 1, at::native::R...         0.00%       0.000us         0.00%       0.000us       0.000us       2.656us         0.00%       2.656us       2.656us             1  
void at::native::vectorized_elementwise_kernel<4, at...         0.00%       0.000us         0.00%       0.000us       0.000us       2.497us         0.00%       2.497us       1.249us             2  
void at::native::vectorized_elementwise_kernel<4, at...         0.00%       0.000us         0.00%       0.000us       0.000us       1.536us         0.00%       1.536us       1.536us             1  
                                  cudaDeviceSynchronize         3.15%     522.192us         3.15%     522.192us     104.438us       0.000us         0.00%       0.000us       0.000us             5  
                                Activity Buffer Request        10.58%       1.752ms        10.58%       1.752ms       1.752ms       0.000us         0.00%       0.000us       0.000us             1  
                               cudaPointerGetAttributes         0.07%      10.827us         0.07%      10.827us       5.414us       0.000us         0.00%       0.000us       0.000us             2  
                                  cudaStreamIsCapturing         0.65%     107.761us         0.65%     107.761us       0.678us       0.000us         0.00%       0.000us       0.000us           159  
                                        cudaMemcpyAsync         3.39%     560.825us         3.39%     560.825us      15.157us       0.000us         0.00%       0.000us       0.000us            37  
                               cudaEventRecordWithFlags         0.77%     127.248us         0.77%     127.248us       1.792us       0.000us         0.00%       0.000us       0.000us            71  
                                         cudaEventQuery         2.76%     456.595us         2.76%     456.595us       2.523us       0.000us         0.00%       0.000us       0.000us           181  
                                       cuLaunchKernelEx        29.21%       4.839ms        29.40%       4.870ms       7.446us       0.000us         0.00%       0.000us       0.000us           654  
                                       cudaLaunchKernel        13.37%       2.215ms        13.37%       2.215ms       6.366us       0.000us         0.00%       0.000us       0.000us           348  
                                  cudaStreamSynchronize         0.61%     101.477us         0.61%     101.477us      10.148us       0.000us         0.00%       0.000us       0.000us            10  
                                    cudaPeekAtLastError         0.02%       3.587us         0.02%       3.587us       0.112us       0.000us         0.00%       0.000us       0.000us            32  
cudaOccupancyMaxActiveBlocksPerMultiprocessorWithFla...         0.09%      15.697us         0.09%      15.697us       1.962us       0.000us         0.00%       0.000us       0.000us             8  
                                 cudaDeviceGetAttribute         0.37%      60.676us         0.37%      60.676us       0.963us       0.000us         0.00%       0.000us       0.000us            63  
                                    cudaLaunchKernelExC        22.72%       3.764ms        22.82%       3.781ms       6.680us       0.000us         0.00%       0.000us       0.000us           566  
                                         cuLaunchKernel         6.41%       1.061ms         6.41%       1.061ms       5.768us       0.000us         0.00%       0.000us       0.000us           184  
                                                INVALID         0.94%     155.899us         0.94%     155.899us       0.575us       0.000us         0.00%       0.000us       0.000us           271  
                                        cudaEventRecord         1.73%     287.188us         1.73%     287.188us       1.741us       0.000us         0.00%       0.000us       0.000us           165  
                                    cudaStreamWaitEvent         1.14%     188.770us         1.14%     188.770us       1.716us       0.000us         0.00%       0.000us       0.000us           110  
                                    cudaGetFuncBySymbol         0.54%      89.321us         0.54%      89.321us       1.624us       0.000us         0.00%       0.000us       0.000us            55  
                                   cudaDriverGetVersion         0.12%      20.164us         0.12%      20.164us       0.093us       0.000us         0.00%       0.000us       0.000us           216  
                                   cudaFuncSetAttribute         1.17%     194.589us         1.17%     194.589us       3.604us       0.000us         0.00%       0.000us       0.000us            54  
                    cudaThreadExchangeStreamCaptureMode         0.18%      30.040us         0.18%      30.040us       0.273us       0.000us         0.00%       0.000us       0.000us           110  
-------------------------------------------------------  ------------  ------------  ------------  ------------  ------------  ------------  ------------  ------------  ------------  ------------  
Self CPU time total: 16.565ms
Self CUDA time total: 137.691ms

-------------------------------------------------------  ------------  ------------  ------------  ------------  ------------  ------------  ------------  ------------  ------------  ------------  
                                                   Name    Self CPU %      Self CPU   CPU total %     CPU total  CPU time avg     Self CUDA   Self CUDA %    CUDA total  CUDA time avg    # of Calls  
-------------------------------------------------------  ------------  ------------  ------------  ------------  ------------  ------------  ------------  ------------  ------------  ------------  
kernel_cutlass_kernel_flashinfernormkernelsfused_add...         0.00%       0.000us         0.00%       0.000us       0.000us      52.361ms        31.03%      52.361ms     484.823us           108  
void (anonymous namespace)::all_reduce_one_shot_push...         0.00%       0.000us         0.00%       0.000us       0.000us      51.654ms        30.61%      51.654ms     939.166us            55  
ncclDevKernel_AllReduce_Sum_bf16_RING_LL(ncclDevKern...         0.00%       0.000us         0.00%       0.000us       0.000us      24.780ms        14.68%      24.780ms     450.545us            55  
                                       fused_moe_kernel         0.00%       0.000us         0.00%       0.000us       0.000us      19.748ms        11.70%      19.748ms     189.882us           104  
void cutlass::device_kernel<cutlass::fmha::kernel::S...         0.00%       0.000us         0.00%       0.000us       0.000us       4.162ms         2.47%       4.162ms      77.077us            54  
void moe_sum_reduce_warp_per_token_vec_kernel<8>(c10...         0.00%       0.000us         0.00%       0.000us       0.000us       2.003ms         1.19%       2.003ms      77.047us            26  
void at::native::sbtopk::gatherTopK<float, unsigned ...         0.00%       0.000us         0.00%       0.000us       0.000us       1.674ms         0.99%       1.674ms      16.095us           104  
         nvjet_sm100_tst_128x256_64x6_2x1_2cta_v_bz_TNT         0.00%       0.000us         0.00%       0.000us       0.000us       1.239ms         0.73%       1.239ms      22.534us            55  
void count_and_sort_expert_tokens_kernel<int>(int co...         0.00%       0.000us         0.00%       0.000us       0.000us     978.497us         0.58%     978.497us      18.817us            52  
void (anonymous namespace)::act_and_mul_kernel<__nv_...         0.00%       0.000us         0.00%       0.000us       0.000us     944.640us         0.56%     944.640us       9.083us           104  
         nvjet_sm100_tst_176x128_64x8_2x2_2cta_h_bz_TNN         0.00%       0.000us         0.00%       0.000us       0.000us     906.077us         0.54%     906.077us      34.849us            26  
         nvjet_sm100_tst_144x128_64x8_2x2_2cta_h_bz_TNN         0.00%       0.000us         0.00%       0.000us       0.000us     791.201us         0.47%     791.201us      29.304us            27  
void at::native::vectorized_elementwise_kernel<8, at...         0.00%       0.000us         0.00%       0.000us       0.000us     760.993us         0.45%     760.993us      14.634us            52  
void moe_align_block_size_kernel<int>(int const*, in...         0.00%       0.000us         0.00%       0.000us       0.000us     680.256us         0.40%     680.256us      13.082us            52  
         nvjet_sm100_tst_192x128_64x6_2x2_2cta_h_bz_TNT         0.00%       0.000us         0.00%       0.000us       0.000us     627.548us         0.37%     627.548us      23.243us            27  
                           concat_and_cast_mha_k_kernel         0.00%       0.000us         0.00%       0.000us       0.000us     553.214us         0.33%     553.214us      10.245us            54  
          nvjet_sm100_tss_32x256_64x6_2x2_2cta_h_bz_TNN         0.00%       0.000us         0.00%       0.000us       0.000us     544.546us         0.32%     544.546us      20.944us            26  
                               _all_gather_kernel_inner         0.00%       0.000us         0.00%       0.000us       0.000us     472.831us         0.28%     472.831us     236.415us             2  
                               get_mla_kv_buffer_kernel         0.00%       0.000us         0.00%       0.000us       0.000us     360.351us         0.21%     360.351us      13.346us            27  
        nvjet_sm100_tst_32x64_64x16_4x1_v_bz_splitK_TNN         0.00%       0.000us         0.00%       0.000us       0.000us     355.454us         0.21%     355.454us       4.443us            80  
triton_red_fused__softmax_exp_max_prepare_softmax_on...         0.00%       0.000us         0.00%       0.000us       0.000us     316.990us         0.19%     316.990us       6.096us            52  
kernel_cutlass_kernel_flashinfernormkernelsrmsnormRM...         0.00%       0.000us         0.00%       0.000us       0.000us     300.224us         0.18%     300.224us       5.560us            54  
void cublasLt::splitKreduce_kernel<32, 16, int, floa...         0.00%       0.000us         0.00%       0.000us       0.000us     265.855us         0.16%     265.855us       3.323us            80  
              nvjet_sm100_tst_256x112_64x4_1x2_h_bz_TNT         0.00%       0.000us         0.00%       0.000us       0.000us     263.968us         0.16%     263.968us       9.777us            27  
         nvjet_sm100_tst_256x128_64x5_2x2_2cta_h_bz_TNT         0.00%       0.000us         0.00%       0.000us       0.000us     259.744us         0.15%     259.744us       9.620us            27  
triton_poi_fused__softmax__to_copy_arange_bitwise_no...         0.00%       0.000us         0.00%       0.000us       0.000us     247.231us         0.15%     247.231us       4.754us            52  
               nvjet_sm100_tst_16x64_64x16_4x1_v_bz_TNN         0.00%       0.000us         0.00%       0.000us       0.000us     187.195us         0.11%     187.195us       3.467us            54  
void (anonymous namespace)::fused_rope_kernel<false,...         0.00%       0.000us         0.00%       0.000us       0.000us     184.092us         0.11%     184.092us       3.409us            54  
void (anonymous namespace)::set_mla_kv_buffer_kernel...         0.00%       0.000us         0.00%       0.000us       0.000us     139.101us         0.08%     139.101us       5.152us            27  
        nvjet_sm100_tss_32x64_64x16_2x1_v_bz_splitK_TNN         0.00%       0.000us         0.00%       0.000us       0.000us     123.298us         0.07%     123.298us       4.742us            26  
flashinfer::plan_kernel(int*, int*, int*, int*, int*...         0.00%       0.000us         0.00%       0.000us       0.000us     117.856us         0.07%     117.856us      58.928us             2  
                            triton_poi_fused__to_copy_2         0.00%       0.000us         0.00%       0.000us       0.000us      86.658us         0.05%      86.658us       1.666us            52  
void cublasLt::splitKreduce_kernel<32, 16, int, floa...         0.00%       0.000us         0.00%       0.000us       0.000us      67.904us         0.04%      67.904us       2.612us            26  
void at::native::elementwise_kernel<128, 4, at::nati...         0.00%       0.000us         0.00%       0.000us       0.000us      63.200us         0.04%      63.200us      31.600us             2  
void at::native::elementwise_kernel<128, 4, at::nati...         0.00%       0.000us         0.00%       0.000us       0.000us      62.144us         0.04%      62.144us      31.072us             2  
void at::native::elementwise_kernel<128, 4, at::nati...         0.00%       0.000us         0.00%       0.000us       0.000us      59.040us         0.03%      59.040us      29.520us             2  
                               set_mla_kv_buffer_kernel         0.00%       0.000us         0.00%       0.000us       0.000us      48.512us         0.03%      48.512us       1.797us            27  
void at::native::reduce_kernel<512, 1, at::native::R...         0.00%       0.000us         0.00%       0.000us       0.000us      47.135us         0.03%      47.135us      23.568us             2  
                       triton_poi_fused_copy__mul_sum_0         0.00%       0.000us         0.00%       0.000us       0.000us      43.394us         0.03%      43.394us       1.669us            26  
                         Memcpy HtoD (Pinned -> Device)         0.00%       0.000us         0.00%       0.000us       0.000us      39.616us         0.02%      39.616us       2.330us            17  
               nvjet_sm100_tst_128x8_64x12_4x1_v_bz_TNT         0.00%       0.000us         0.00%       0.000us       0.000us      27.648us         0.02%      27.648us      13.824us             2  
kernel_cutlass_kernel_flashinfernormkernelsrmsnormRM...         0.00%       0.000us         0.00%       0.000us       0.000us      23.904us         0.01%      23.904us      11.952us             2  
                       Memcpy DtoH (Device -> Pageable)         0.00%       0.000us         0.00%       0.000us       0.000us      22.400us         0.01%      22.400us       3.200us             7  
void at::native::unrolled_elementwise_kernel<at::nat...         0.00%       0.000us         0.00%       0.000us       0.000us      22.334us         0.01%      22.334us       2.792us             8  
void at::native::vectorized_gather_kernel<16, long>(...         0.00%       0.000us         0.00%       0.000us       0.000us      16.993us         0.01%      16.993us       5.664us             3  
                       Memcpy HtoD (Pageable -> Device)         0.00%       0.000us         0.00%       0.000us       0.000us      14.494us         0.01%      14.494us       1.449us            10  
void at_cuda_detail::cub::detail::scan::DeviceScanKe...         0.00%       0.000us         0.00%       0.000us       0.000us      14.208us         0.01%      14.208us       1.776us             8  
                    create_flashinfer_kv_indices_triton         0.00%       0.000us         0.00%       0.000us       0.000us       9.950us         0.01%       9.950us       3.317us             3  
void at_cuda_detail::cub::detail::scan::DeviceScanIn...         0.00%       0.000us         0.00%       0.000us       0.000us       9.730us         0.01%       9.730us       1.216us             8  
                         Memcpy DtoH (Device -> Pinned)         0.00%       0.000us         0.00%       0.000us       0.000us       9.504us         0.01%       9.504us       3.168us             3  
void at::native::unrolled_elementwise_kernel<at::nat...         0.00%       0.000us         0.00%       0.000us       0.000us       9.055us         0.01%       9.055us       1.509us             6  
void at::native::unrolled_elementwise_kernel<at::nat...         0.00%       0.000us         0.00%       0.000us       0.000us       8.705us         0.01%       8.705us       4.352us             2  
                         write_req_to_token_pool_triton         0.00%       0.000us         0.00%       0.000us       0.000us       8.319us         0.00%       8.319us       4.159us             2  
               nvjet_sm100_tst_32x64_64x16_4x1_v_bz_TNN         0.00%       0.000us         0.00%       0.000us       0.000us       6.880us         0.00%       6.880us       6.880us             1  
void at::native::(anonymous namespace)::multi_tensor...         0.00%       0.000us         0.00%       0.000us       0.000us       6.848us         0.00%       6.848us       3.424us             2  
void at::native::vectorized_elementwise_kernel<2, at...         0.00%       0.000us         0.00%       0.000us       0.000us       6.622us         0.00%       6.622us       1.655us             4  
void at::native::unrolled_elementwise_kernel<at::nat...         0.00%       0.000us         0.00%       0.000us       0.000us       6.079us         0.00%       6.079us       2.026us             3  
void at::native::reduce_kernel<512, 1, at::native::R...         0.00%       0.000us         0.00%       0.000us       0.000us       4.544us         0.00%       4.544us       2.272us             2  
void at::native::unrolled_elementwise_kernel<at::nat...         0.00%       0.000us         0.00%       0.000us       0.000us       3.936us         0.00%       3.936us       1.312us             3  
                                compute_position_kernel         0.00%       0.000us         0.00%       0.000us       0.000us       3.872us         0.00%       3.872us       1.936us             2  
triton_poi_fused_add_bitwise_and_bitwise_not_bitwise...         0.00%       0.000us         0.00%       0.000us       0.000us       3.199us         0.00%       3.199us       1.600us             2  
void at::native::(anonymous namespace)::indexSelectS...         0.00%       0.000us         0.00%       0.000us       0.000us       3.104us         0.00%       3.104us       3.104us             1  
void at::native::reduce_kernel<512, 1, at::native::R...         0.00%       0.000us         0.00%       0.000us       0.000us       2.496us         0.00%       2.496us       2.496us             1  
void at::native::vectorized_elementwise_kernel<4, at...         0.00%       0.000us         0.00%       0.000us       0.000us       2.337us         0.00%       2.337us       1.168us             2  
void at::native::vectorized_elementwise_kernel<4, at...         0.00%       0.000us         0.00%       0.000us       0.000us       1.471us         0.00%       1.471us       1.471us             1  
                                  cudaDeviceSynchronize        18.06%       3.323ms        18.06%       3.323ms     664.699us       0.000us         0.00%       0.000us       0.000us             5  
                                Activity Buffer Request         9.55%       1.757ms         9.55%       1.757ms       1.757ms       0.000us         0.00%       0.000us       0.000us             1  
                               cudaPointerGetAttributes         0.05%       9.071us         0.05%       9.071us       4.535us       0.000us         0.00%       0.000us       0.000us             2  
                                  cudaStreamIsCapturing         0.48%      88.314us         0.48%      88.314us       0.555us       0.000us         0.00%       0.000us       0.000us           159  
                                        cudaMemcpyAsync         3.07%     564.051us         3.07%     564.051us      15.245us       0.000us         0.00%       0.000us       0.000us            37  
                               cudaEventRecordWithFlags         0.63%     115.196us         0.63%     115.554us       1.628us       0.000us         0.00%       0.000us       0.000us            71  
                                         cudaEventQuery         2.38%     438.037us         2.41%     442.868us       2.560us       0.000us         0.00%       0.000us       0.000us           173  
                                       cuLaunchKernelEx        22.29%       4.101ms        22.33%       4.108ms       6.281us       0.000us         0.00%       0.000us       0.000us           654  
                                       cudaLaunchKernel        12.02%       2.211ms        12.02%       2.211ms       6.354us       0.000us         0.00%       0.000us       0.000us           348  
                                  cudaStreamSynchronize         0.47%      86.792us         0.47%      86.792us       8.679us       0.000us         0.00%       0.000us       0.000us            10  
                                    cudaPeekAtLastError         0.02%       3.407us         0.02%       3.407us       0.106us       0.000us         0.00%       0.000us       0.000us            32  
cudaOccupancyMaxActiveBlocksPerMultiprocessorWithFla...         0.07%      13.386us         0.07%      13.386us       1.673us       0.000us         0.00%       0.000us       0.000us             8  
                                 cudaDeviceGetAttribute         0.31%      57.960us         0.31%      57.960us       0.920us       0.000us         0.00%       0.000us       0.000us            63  
                                    cudaLaunchKernelExC        19.95%       3.671ms        20.01%       3.682ms       6.505us       0.000us         0.00%       0.000us       0.000us           566  
                                         cuLaunchKernel         5.70%       1.050ms         5.70%       1.050ms       5.705us       0.000us         0.00%       0.000us       0.000us           184  
                                                INVALID         0.82%     150.284us         0.82%     150.284us       0.555us       0.000us         0.00%       0.000us       0.000us           271  
                                        cudaEventRecord         1.46%     267.962us         1.46%     268.210us       1.626us       0.000us         0.00%       0.000us       0.000us           165  
                                    cudaStreamWaitEvent         0.94%     173.448us         0.94%     173.668us       1.579us       0.000us         0.00%       0.000us       0.000us           110  
                                    cudaGetFuncBySymbol         0.43%      79.334us         0.43%      79.334us       1.442us       0.000us         0.00%       0.000us       0.000us            55  
                                   cudaDriverGetVersion         0.11%      19.998us         0.11%      19.998us       0.093us       0.000us         0.00%       0.000us       0.000us           216  
                                   cudaFuncSetAttribute         1.05%     193.626us         1.05%     193.875us       3.590us       0.000us         0.00%       0.000us       0.000us            54  
                    cudaThreadExchangeStreamCaptureMode         0.15%      26.745us         0.15%      26.745us       0.252us       0.000us         0.00%       0.000us       0.000us           106  
-------------------------------------------------------  ------------  ------------  ------------  ------------  ------------  ------------  ------------  ------------  ------------  ------------  
Self CPU time total: 18.401ms
Self CUDA time total: 168.769ms






torch profiler chrome trace for prefill saved to /sgl-workspace/sglang-src/experiment-results/phase14c/deepseek_tp_extension/tp8/deepseek-v2-lite/chunked_prefill/c4096/r1/traces/trace_rank0_batch4_input4097_output8_prefill.trace.json.gz
Prefill. latency: 0.12940 s, throughput: 126644.00 token/s
Decode 0. Batch size: 4, latency: 0.06066 s, throughput:     65.94 token/s
Decode 1. Batch size: 4, latency: 0.05508 s, throughput:     72.62 token/s
Decode 2. Batch size: 4, latency: 0.05785 s, throughput:     69.14 token/s
Decode 3. Batch size: 4, latency: 0.05419 s, throughput:     73.82 token/s
Decode 4. Batch size: 4, latency: 0.05464 s, throughput:     73.20 token/s
Decode.  median latency: 0.05471 s, median throughput:     73.12 token/s
Total. latency:  0.521 s, throughput:  31520.51 token/s


kill_process_tree called: parent_pid=1232819, include_parent=False, pid=1232819
