timestamp, index, pstate, temperature.gpu, power.draw [W], clocks.current.sm [MHz], clocks.current.memory [MHz], utilization.gpu [%], memory.used [MiB]
2026/07/30 06:09:47.527, 0, P0, 37, 244.67 W, 1965 MHz, 3996 MHz, 0 %, 0 MiB
2026/07/30 06:09:47.530, 1, P0, 34, 241.26 W, 1965 MHz, 3996 MHz, 0 %, 0 MiB
2026/07/30 06:09:47.532, 2, P0, 37, 237.87 W, 1965 MHz, 3996 MHz, 0 %, 0 MiB
2026/07/30 06:09:47.535, 3, P0, 33, 239.82 W, 1965 MHz, 3996 MHz, 0 %, 0 MiB
2026/07/30 06:09:47.537, 4, P0, 34, 235.81 W, 1965 MHz, 3996 MHz, 0 %, 0 MiB
2026/07/30 06:09:47.540, 5, P0, 36, 244.33 W, 1965 MHz, 3996 MHz, 0 %, 0 MiB
2026/07/30 06:09:47.542, 6, P0, 33, 242.42 W, 1965 MHz, 3996 MHz, 0 %, 0 MiB
2026/07/30 06:09:47.544, 7, P0, 37, 243.33 W, 1965 MHz, 3996 MHz, 0 %, 0 MiB
2026/07/30 06:09:48.547, 0, P0, 37, 244.84 W, 1965 MHz, 3996 MHz, 0 %, 0 MiB
2026/07/30 06:09:48.547, 1, P0, 34, 241.29 W, 1965 MHz, 3996 MHz, 0 %, 0 MiB
2026/07/30 06:09:48.547, 2, P0, 37, 237.90 W, 1965 MHz, 3996 MHz, 0 %, 0 MiB
2026/07/30 06:09:48.547, 3, P0, 33, 239.94 W, 1965 MHz, 3996 MHz, 0 %, 0 MiB
2026/07/30 06:09:48.547, 4, P0, 33, 235.80 W, 1965 MHz, 3996 MHz, 0 %, 0 MiB
2026/07/30 06:09:48.547, 5, P0, 36, 244.30 W, 1965 MHz, 3996 MHz, 0 %, 0 MiB
2026/07/30 06:09:48.547, 6, P0, 33, 242.43 W, 1965 MHz, 3996 MHz, 0 %, 0 MiB
2026/07/30 06:09:48.547, 7, P0, 37, 243.35 W, 1965 MHz, 3996 MHz, 0 %, 0 MiB
2026/07/30 06:09:49.547, 0, P0, 37, 244.68 W, 1965 MHz, 3996 MHz, 0 %, 0 MiB
2026/07/30 06:09:49.547, 1, P0, 34, 241.18 W, 1965 MHz, 3996 MHz, 0 %, 0 MiB
2026/07/30 06:09:49.547, 2, P0, 37, 237.78 W, 1965 MHz, 3996 MHz, 0 %, 0 MiB
2026/07/30 06:09:49.547, 3, P0, 33, 239.92 W, 1965 MHz, 3996 MHz, 0 %, 0 MiB
2026/07/30 06:09:49.547, 4, P0, 33, 235.71 W, 1965 MHz, 3996 MHz, 0 %, 0 MiB
2026/07/30 06:09:49.547, 5, P0, 36, 244.20 W, 1965 MHz, 3996 MHz, 0 %, 0 MiB
2026/07/30 06:09:49.547, 6, P0, 33, 242.41 W, 1965 MHz, 3996 MHz, 0 %, 0 MiB
2026/07/30 06:09:49.547, 7, P0, 37, 243.34 W, 1965 MHz, 3996 MHz, 0 %, 0 MiB
2026/07/30 06:09:50.547, 0, P0, 37, 244.99 W, 1965 MHz, 3996 MHz, 0 %, 4 MiB
2026/07/30 06:09:50.547, 1, P0, 34, 241.45 W, 1965 MHz, 3996 MHz, 0 %, 4 MiB
2026/07/30 06:09:50.548, 2, P0, 37, 238.08 W, 1965 MHz, 3996 MHz, 0 %, 4 MiB
2026/07/30 06:09:50.548, 3, P0, 33, 239.96 W, 1965 MHz, 3996 MHz, 0 %, 2 MiB
2026/07/30 06:09:50.548, 4, P0, 33, 235.79 W, 1965 MHz, 3996 MHz, 0 %, 0 MiB
2026/07/30 06:09:50.548, 5, P0, 36, 244.25 W, 1965 MHz, 3996 MHz, 0 %, 0 MiB
2026/07/30 06:09:50.548, 6, P0, 33, 242.49 W, 1965 MHz, 3996 MHz, 0 %, 0 MiB
2026/07/30 06:09:50.548, 7, P0, 37, 243.35 W, 1965 MHz, 3996 MHz, 0 %, 0 MiB
2026/07/30 06:09:51.548, 0, P0, 37, 244.64 W, 1965 MHz, 3996 MHz, 0 %, 4 MiB
2026/07/30 06:09:51.548, 1, P0, 34, 241.24 W, 1965 MHz, 3996 MHz, 0 %, 4 MiB
2026/07/30 06:09:51.548, 2, P0, 37, 237.91 W, 1965 MHz, 3996 MHz, 0 %, 4 MiB
2026/07/30 06:09:51.548, 3, P0, 33, 240.17 W, 1965 MHz, 3996 MHz, 0 %, 4 MiB
2026/07/30 06:09:51.548, 4, P0, 33, 235.79 W, 1965 MHz, 3996 MHz, 0 %, 0 MiB
2026/07/30 06:09:51.548, 5, P0, 36, 244.26 W, 1965 MHz, 3996 MHz, 0 %, 0 MiB
2026/07/30 06:09:51.548, 6, P0, 33, 242.48 W, 1965 MHz, 3996 MHz, 0 %, 0 MiB
2026/07/30 06:09:51.548, 7, P0, 37, 243.32 W, 1965 MHz, 3996 MHz, 0 %, 0 MiB
2026/07/30 06:09:52.549, 0, P0, 37, 244.56 W, 1965 MHz, 3996 MHz, 0 %, 4 MiB
2026/07/30 06:09:52.549, 1, P0, 34, 241.18 W, 1965 MHz, 3996 MHz, 0 %, 4 MiB
2026/07/30 06:09:52.549, 2, P0, 37, 237.75 W, 1965 MHz, 3996 MHz, 0 %, 4 MiB
2026/07/30 06:09:52.549, 3, P0, 33, 239.90 W, 1965 MHz, 3996 MHz, 0 %, 4 MiB
2026/07/30 06:09:52.549, 4, P0, 33, 235.76 W, 1965 MHz, 3996 MHz, 0 %, 0 MiB
2026/07/30 06:09:52.549, 5, P0, 36, 244.19 W, 1965 MHz, 3996 MHz, 0 %, 0 MiB
2026/07/30 06:09:52.549, 6, P0, 33, 242.48 W, 1965 MHz, 3996 MHz, 0 %, 0 MiB
2026/07/30 06:09:52.549, 7, P0, 37, 243.37 W, 1965 MHz, 3996 MHz, 0 %, 0 MiB
2026/07/30 06:09:53.549, 0, P0, 37, 244.53 W, 1965 MHz, 3996 MHz, 0 %, 4 MiB
2026/07/30 06:09:53.549, 1, P0, 34, 241.12 W, 1965 MHz, 3996 MHz, 0 %, 4 MiB
2026/07/30 06:09:53.549, 2, P0, 37, 237.71 W, 1965 MHz, 3996 MHz, 0 %, 4 MiB
2026/07/30 06:09:53.549, 3, P0, 33, 239.87 W, 1965 MHz, 3996 MHz, 0 %, 4 MiB
2026/07/30 06:09:53.549, 4, P0, 33, 235.76 W, 1965 MHz, 3996 MHz, 0 %, 0 MiB
2026/07/30 06:09:53.549, 5, P0, 36, 244.29 W, 1965 MHz, 3996 MHz, 0 %, 0 MiB
2026/07/30 06:09:53.549, 6, P0, 33, 242.44 W, 1965 MHz, 3996 MHz, 0 %, 0 MiB
2026/07/30 06:09:53.549, 7, P0, 37, 243.35 W, 1965 MHz, 3996 MHz, 0 %, 0 MiB
2026/07/30 06:09:54.549, 0, P0, 37, 244.39 W, 1965 MHz, 3996 MHz, 0 %, 4 MiB
2026/07/30 06:09:54.549, 1, P0, 34, 241.12 W, 1965 MHz, 3996 MHz, 0 %, 4 MiB
2026/07/30 06:09:54.549, 2, P0, 37, 237.76 W, 1965 MHz, 3996 MHz, 0 %, 4 MiB
2026/07/30 06:09:54.549, 3, P0, 33, 239.87 W, 1965 MHz, 3996 MHz, 0 %, 4 MiB
2026/07/30 06:09:54.549, 4, P0, 33, 235.80 W, 1965 MHz, 3996 MHz, 0 %, 0 MiB
2026/07/30 06:09:54.549, 5, P0, 36, 244.23 W, 1965 MHz, 3996 MHz, 0 %, 0 MiB
2026/07/30 06:09:54.549, 6, P0, 33, 242.41 W, 1965 MHz, 3996 MHz, 0 %, 0 MiB
2026/07/30 06:09:54.549, 7, P0, 37, 243.34 W, 1965 MHz, 3996 MHz, 0 %, 0 MiB
2026/07/30 06:09:55.549, 0, P0, 37, 244.41 W, 1965 MHz, 3996 MHz, 0 %, 4 MiB
2026/07/30 06:09:55.549, 1, P0, 34, 241.09 W, 1965 MHz, 3996 MHz, 0 %, 4 MiB
2026/07/30 06:09:55.549, 2, P0, 37, 237.65 W, 1965 MHz, 3996 MHz, 0 %, 4 MiB
2026/07/30 06:09:55.550, 3, P0, 33, 239.80 W, 1965 MHz, 3996 MHz, 0 %, 4 MiB
2026/07/30 06:09:55.550, 4, P0, 33, 235.76 W, 1965 MHz, 3996 MHz, 0 %, 0 MiB
2026/07/30 06:09:55.550, 5, P0, 36, 244.34 W, 1965 MHz, 3996 MHz, 0 %, 0 MiB
2026/07/30 06:09:55.550, 6, P0, 33, 242.36 W, 1965 MHz, 3996 MHz, 0 %, 0 MiB
2026/07/30 06:09:55.550, 7, P0, 37, 243.40 W, 1965 MHz, 3996 MHz, 0 %, 0 MiB
2026/07/30 06:09:56.550, 0, P0, 37, 244.37 W, 1965 MHz, 3996 MHz, 0 %, 4 MiB
2026/07/30 06:09:56.550, 1, P0, 34, 241.10 W, 1965 MHz, 3996 MHz, 0 %, 4 MiB
2026/07/30 06:09:56.550, 2, P0, 37, 237.64 W, 1965 MHz, 3996 MHz, 0 %, 4 MiB
2026/07/30 06:09:56.550, 3, P0, 33, 239.84 W, 1965 MHz, 3996 MHz, 0 %, 4 MiB
2026/07/30 06:09:56.550, 4, P0, 33, 235.76 W, 1965 MHz, 3996 MHz, 0 %, 0 MiB
2026/07/30 06:09:56.550, 5, P0, 36, 244.22 W, 1965 MHz, 3996 MHz, 0 %, 0 MiB
2026/07/30 06:09:56.550, 6, P0, 33, 242.41 W, 1965 MHz, 3996 MHz, 0 %, 0 MiB
2026/07/30 06:09:56.550, 7, P0, 37, 243.37 W, 1965 MHz, 3996 MHz, 0 %, 0 MiB
2026/07/30 06:09:57.550, 0, P0, 37, 244.32 W, 1965 MHz, 3996 MHz, 0 %, 4 MiB
2026/07/30 06:09:57.550, 1, P0, 34, 241.10 W, 1965 MHz, 3996 MHz, 0 %, 4 MiB
2026/07/30 06:09:57.550, 2, P0, 37, 237.61 W, 1965 MHz, 3996 MHz, 0 %, 4 MiB
2026/07/30 06:09:57.550, 3, P0, 33, 239.79 W, 1965 MHz, 3996 MHz, 0 %, 4 MiB
2026/07/30 06:09:57.550, 4, P0, 34, 235.75 W, 1965 MHz, 3996 MHz, 0 %, 0 MiB
2026/07/30 06:09:57.550, 5, P0, 36, 244.18 W, 1965 MHz, 3996 MHz, 0 %, 0 MiB
2026/07/30 06:09:57.550, 6, P0, 33, 242.41 W, 1965 MHz, 3996 MHz, 0 %, 0 MiB
2026/07/30 06:09:57.550, 7, P0, 37, 243.37 W, 1965 MHz, 3996 MHz, 0 %, 0 MiB
2026/07/30 06:09:58.550, 0, P0, 37, 244.38 W, 1965 MHz, 3996 MHz, 0 %, 4 MiB
2026/07/30 06:09:58.550, 1, P0, 34, 241.12 W, 1965 MHz, 3996 MHz, 0 %, 4 MiB
2026/07/30 06:09:58.550, 2, P0, 37, 237.46 W, 1965 MHz, 3996 MHz, 0 %, 4 MiB
2026/07/30 06:09:58.550, 3, P0, 33, 239.79 W, 1965 MHz, 3996 MHz, 0 %, 4 MiB
2026/07/30 06:09:58.550, 4, P0, 34, 235.83 W, 1965 MHz, 3996 MHz, 0 %, 0 MiB
2026/07/30 06:09:58.550, 5, P0, 36, 244.22 W, 1965 MHz, 3996 MHz, 0 %, 0 MiB
2026/07/30 06:09:58.550, 6, P0, 33, 242.40 W, 1965 MHz, 3996 MHz, 0 %, 0 MiB
2026/07/30 06:09:58.550, 7, P0, 37, 243.34 W, 1965 MHz, 3996 MHz, 0 %, 0 MiB
2026/07/30 06:09:59.551, 0, P0, 37, 244.25 W, 1965 MHz, 3996 MHz, 0 %, 4 MiB
2026/07/30 06:09:59.551, 1, P0, 34, 241.07 W, 1965 MHz, 3996 MHz, 0 %, 4 MiB
2026/07/30 06:09:59.551, 2, P0, 37, 237.46 W, 1965 MHz, 3996 MHz, 0 %, 4 MiB
2026/07/30 06:09:59.551, 3, P0, 33, 239.78 W, 1965 MHz, 3996 MHz, 0 %, 4 MiB
2026/07/30 06:09:59.551, 4, P0, 34, 235.82 W, 1965 MHz, 3996 MHz, 0 %, 0 MiB
2026/07/30 06:09:59.551, 5, P0, 36, 244.27 W, 1965 MHz, 3996 MHz, 0 %, 0 MiB
2026/07/30 06:09:59.551, 6, P0, 33, 242.41 W, 1965 MHz, 3996 MHz, 0 %, 0 MiB
2026/07/30 06:09:59.551, 7, P0, 37, 243.36 W, 1965 MHz, 3996 MHz, 0 %, 0 MiB
2026/07/30 06:10:00.551, 0, P0, 37, 244.42 W, 1965 MHz, 3996 MHz, 0 %, 4 MiB
2026/07/30 06:10:00.556, 1, P0, 34, 241.10 W, 1965 MHz, 3996 MHz, 0 %, 4 MiB
2026/07/30 06:10:00.556, 2, P0, 37, 237.58 W, 1965 MHz, 3996 MHz, 0 %, 4 MiB
2026/07/30 06:10:00.557, 3, P0, 33, 239.92 W, 1965 MHz, 3996 MHz, 0 %, 4 MiB
2026/07/30 06:10:00.557, 4, P0, 34, 235.86 W, 1965 MHz, 3996 MHz, 0 %, 0 MiB
2026/07/30 06:10:00.557, 5, P0, 36, 244.38 W, 1965 MHz, 3996 MHz, 0 %, 0 MiB
2026/07/30 06:10:00.557, 6, P0, 33, 242.55 W, 1965 MHz, 3996 MHz, 0 %, 0 MiB
2026/07/30 06:10:00.557, 7, P0, 37, 243.45 W, 1965 MHz, 3996 MHz, 0 %, 0 MiB
2026/07/30 06:10:01.558, 0, P0, 37, 244.30 W, 1965 MHz, 3996 MHz, 0 %, 4 MiB
2026/07/30 06:10:01.558, 1, P0, 34, 241.10 W, 1965 MHz, 3996 MHz, 0 %, 4 MiB
2026/07/30 06:10:01.558, 2, P0, 37, 237.60 W, 1965 MHz, 3996 MHz, 0 %, 4 MiB
2026/07/30 06:10:01.558, 3, P0, 33, 239.86 W, 1965 MHz, 3996 MHz, 0 %, 4 MiB
2026/07/30 06:10:01.558, 4, P0, 34, 235.83 W, 1965 MHz, 3996 MHz, 0 %, 0 MiB
2026/07/30 06:10:01.558, 5, P0, 36, 244.34 W, 1965 MHz, 3996 MHz, 0 %, 0 MiB
2026/07/30 06:10:01.558, 6, P0, 33, 242.46 W, 1965 MHz, 3996 MHz, 0 %, 0 MiB
2026/07/30 06:10:01.558, 7, P0, 37, 243.35 W, 1965 MHz, 3996 MHz, 0 %, 0 MiB
2026/07/30 06:10:02.558, 0, P0, 37, 244.25 W, 1965 MHz, 3996 MHz, 0 %, 4 MiB
2026/07/30 06:10:02.558, 1, P0, 34, 241.03 W, 1965 MHz, 3996 MHz, 0 %, 4 MiB
2026/07/30 06:10:02.558, 2, P0, 37, 237.46 W, 1965 MHz, 3996 MHz, 0 %, 4 MiB
2026/07/30 06:10:02.558, 3, P0, 33, 239.81 W, 1965 MHz, 3996 MHz, 0 %, 4 MiB
2026/07/30 06:10:02.558, 4, P0, 34, 235.79 W, 1965 MHz, 3996 MHz, 0 %, 0 MiB
2026/07/30 06:10:02.558, 5, P0, 36, 244.39 W, 1965 MHz, 3996 MHz, 0 %, 0 MiB
2026/07/30 06:10:02.558, 6, P0, 33, 242.42 W, 1965 MHz, 3996 MHz, 0 %, 0 MiB
2026/07/30 06:10:02.558, 7, P0, 37, 243.35 W, 1965 MHz, 3996 MHz, 0 %, 0 MiB
2026/07/30 06:10:03.558, 0, P0, 36, 244.21 W, 1965 MHz, 3996 MHz, 0 %, 4 MiB
2026/07/30 06:10:03.558, 1, P0, 34, 240.96 W, 1965 MHz, 3996 MHz, 0 %, 4 MiB
2026/07/30 06:10:03.558, 2, P0, 37, 237.45 W, 1965 MHz, 3996 MHz, 0 %, 4 MiB
2026/07/30 06:10:03.558, 3, P0, 33, 239.79 W, 1965 MHz, 3996 MHz, 0 %, 4 MiB
2026/07/30 06:10:03.558, 4, P0, 34, 235.82 W, 1965 MHz, 3996 MHz, 0 %, 0 MiB
2026/07/30 06:10:03.558, 5, P0, 36, 244.27 W, 1965 MHz, 3996 MHz, 0 %, 0 MiB
2026/07/30 06:10:03.558, 6, P0, 33, 242.40 W, 1965 MHz, 3996 MHz, 0 %, 0 MiB
2026/07/30 06:10:03.558, 7, P0, 37, 243.37 W, 1965 MHz, 3996 MHz, 0 %, 0 MiB
2026/07/30 06:10:04.558, 0, P0, 36, 244.18 W, 1965 MHz, 3996 MHz, 0 %, 4 MiB
2026/07/30 06:10:04.558, 1, P0, 34, 240.99 W, 1965 MHz, 3996 MHz, 0 %, 4 MiB
2026/07/30 06:10:04.558, 2, P0, 37, 237.43 W, 1965 MHz, 3996 MHz, 0 %, 4 MiB
2026/07/30 06:10:04.559, 3, P0, 33, 239.76 W, 1965 MHz, 3996 MHz, 0 %, 4 MiB
2026/07/30 06:10:04.559, 4, P0, 34, 235.80 W, 1965 MHz, 3996 MHz, 0 %, 0 MiB
2026/07/30 06:10:04.559, 5, P0, 36, 244.27 W, 1965 MHz, 3996 MHz, 0 %, 0 MiB
2026/07/30 06:10:04.559, 6, P0, 33, 242.41 W, 1965 MHz, 3996 MHz, 0 %, 0 MiB
2026/07/30 06:10:04.559, 7, P0, 37, 243.33 W, 1965 MHz, 3996 MHz, 0 %, 0 MiB
2026/07/30 06:10:05.559, 0, P0, 36, 244.15 W, 1965 MHz, 3996 MHz, 0 %, 4 MiB
2026/07/30 06:10:05.559, 1, P0, 33, 240.97 W, 1965 MHz, 3996 MHz, 0 %, 4 MiB
2026/07/30 06:10:05.559, 2, P0, 37, 237.39 W, 1965 MHz, 3996 MHz, 0 %, 4 MiB
2026/07/30 06:10:05.559, 3, P0, 33, 239.75 W, 1965 MHz, 3996 MHz, 0 %, 4 MiB
2026/07/30 06:10:05.559, 4, P0, 34, 235.74 W, 1965 MHz, 3996 MHz, 0 %, 0 MiB
2026/07/30 06:10:05.559, 5, P0, 36, 244.30 W, 1965 MHz, 3996 MHz, 0 %, 0 MiB
2026/07/30 06:10:05.559, 6, P0, 33, 242.45 W, 1965 MHz, 3996 MHz, 0 %, 0 MiB
2026/07/30 06:10:05.559, 7, P0, 37, 243.31 W, 1965 MHz, 3996 MHz, 0 %, 0 MiB
2026/07/30 06:10:06.559, 0, P0, 36, 244.11 W, 1965 MHz, 3996 MHz, 0 %, 4 MiB
2026/07/30 06:10:06.559, 1, P0, 33, 240.92 W, 1965 MHz, 3996 MHz, 0 %, 4 MiB
2026/07/30 06:10:06.559, 2, P0, 37, 237.44 W, 1965 MHz, 3996 MHz, 0 %, 4 MiB
2026/07/30 06:10:06.559, 3, P0, 33, 239.75 W, 1965 MHz, 3996 MHz, 0 %, 4 MiB
2026/07/30 06:10:06.559, 4, P0, 34, 235.84 W, 1965 MHz, 3996 MHz, 0 %, 0 MiB
2026/07/30 06:10:06.559, 5, P0, 36, 244.31 W, 1965 MHz, 3996 MHz, 0 %, 0 MiB
2026/07/30 06:10:06.559, 6, P0, 33, 242.46 W, 1965 MHz, 3996 MHz, 0 %, 0 MiB
2026/07/30 06:10:06.559, 7, P0, 37, 243.27 W, 1965 MHz, 3996 MHz, 0 %, 0 MiB
2026/07/30 06:10:07.559, 0, P0, 36, 244.10 W, 1965 MHz, 3996 MHz, 0 %, 26 MiB
2026/07/30 06:10:07.560, 1, P0, 33, 240.76 W, 1965 MHz, 3996 MHz, 0 %, 26 MiB
2026/07/30 06:10:07.612, 2, P0, 37, 237.31 W, 1965 MHz, 3996 MHz, 0 %, 26 MiB
2026/07/30 06:10:07.613, 3, P0, 33, 239.73 W, 1965 MHz, 3996 MHz, 0 %, 26 MiB
2026/07/30 06:10:07.617, 4, P0, 34, 235.83 W, 1965 MHz, 3996 MHz, 0 %, 0 MiB
2026/07/30 06:10:07.618, 5, P0, 36, 244.29 W, 1965 MHz, 3996 MHz, 0 %, 0 MiB
2026/07/30 06:10:07.619, 6, P0, 33, 242.41 W, 1965 MHz, 3996 MHz, 0 %, 0 MiB
2026/07/30 06:10:07.620, 7, P0, 37, 243.38 W, 1965 MHz, 3996 MHz, 0 %, 0 MiB
2026/07/30 06:10:08.623, 0, P0, 36, 243.99 W, 1965 MHz, 3996 MHz, 2 %, 629 MiB
2026/07/30 06:10:08.623, 1, P0, 33, 240.92 W, 1965 MHz, 3996 MHz, 2 %, 725 MiB
2026/07/30 06:10:08.623, 2, P0, 37, 237.27 W, 1965 MHz, 3996 MHz, 0 %, 629 MiB
2026/07/30 06:10:08.623, 3, P0, 33, 239.85 W, 1965 MHz, 3996 MHz, 0 %, 725 MiB
2026/07/30 06:10:08.623, 4, P0, 34, 235.85 W, 1965 MHz, 3996 MHz, 0 %, 0 MiB
2026/07/30 06:10:08.623, 5, P0, 36, 244.30 W, 1965 MHz, 3996 MHz, 0 %, 0 MiB
2026/07/30 06:10:08.623, 6, P0, 33, 242.45 W, 1965 MHz, 3996 MHz, 0 %, 0 MiB
2026/07/30 06:10:08.623, 7, P0, 37, 243.37 W, 1965 MHz, 3996 MHz, 0 %, 0 MiB
2026/07/30 06:10:09.623, 0, P0, 36, 244.04 W, 1965 MHz, 3996 MHz, 0 %, 821 MiB
2026/07/30 06:10:09.626, 1, P0, 33, 240.96 W, 1965 MHz, 3996 MHz, 0 %, 821 MiB
2026/07/30 06:10:09.638, 2, P0, 37, 237.47 W, 1965 MHz, 3996 MHz, 0 %, 821 MiB
2026/07/30 06:10:09.649, 3, P0, 33, 239.80 W, 1965 MHz, 3996 MHz, 0 %, 821 MiB
2026/07/30 06:10:09.649, 4, P0, 34, 235.82 W, 1965 MHz, 3996 MHz, 0 %, 0 MiB
2026/07/30 06:10:09.660, 5, P0, 36, 244.29 W, 1965 MHz, 3996 MHz, 0 %, 0 MiB
2026/07/30 06:10:09.660, 6, P0, 33, 242.44 W, 1965 MHz, 3996 MHz, 0 %, 0 MiB
2026/07/30 06:10:09.660, 7, P0, 37, 243.39 W, 1965 MHz, 3996 MHz, 0 %, 0 MiB
2026/07/30 06:10:10.660, 0, P0, 36, 243.99 W, 1965 MHz, 3996 MHz, 0 %, 2157 MiB
2026/07/30 06:10:10.660, 1, P0, 33, 240.87 W, 1965 MHz, 3996 MHz, 0 %, 2189 MiB
2026/07/30 06:10:10.660, 2, P0, 37, 237.41 W, 1965 MHz, 3996 MHz, 0 %, 2189 MiB
2026/07/30 06:10:10.660, 3, P0, 33, 239.60 W, 1965 MHz, 3996 MHz, 0 %, 2029 MiB
2026/07/30 06:10:10.660, 4, P0, 34, 235.84 W, 1965 MHz, 3996 MHz, 0 %, 0 MiB
2026/07/30 06:10:10.660, 5, P0, 36, 244.36 W, 1965 MHz, 3996 MHz, 0 %, 0 MiB
2026/07/30 06:10:10.660, 6, P0, 33, 242.39 W, 1965 MHz, 3996 MHz, 0 %, 0 MiB
2026/07/30 06:10:10.660, 7, P0, 37, 243.38 W, 1965 MHz, 3996 MHz, 0 %, 0 MiB
2026/07/30 06:10:11.660, 0, P0, 36, 243.65 W, 1965 MHz, 3996 MHz, 0 %, 2157 MiB
2026/07/30 06:10:11.660, 1, P0, 33, 240.42 W, 1965 MHz, 3996 MHz, 0 %, 2189 MiB
2026/07/30 06:10:11.660, 2, P0, 37, 236.83 W, 1965 MHz, 3996 MHz, 0 %, 2189 MiB
2026/07/30 06:10:11.660, 3, P0, 33, 239.13 W, 1965 MHz, 3996 MHz, 0 %, 2029 MiB
2026/07/30 06:10:11.660, 4, P0, 34, 235.79 W, 1965 MHz, 3996 MHz, 0 %, 0 MiB
2026/07/30 06:10:11.660, 5, P0, 36, 244.34 W, 1965 MHz, 3996 MHz, 0 %, 0 MiB
2026/07/30 06:10:11.660, 6, P0, 33, 242.45 W, 1965 MHz, 3996 MHz, 0 %, 0 MiB
2026/07/30 06:10:11.660, 7, P0, 37, 243.39 W, 1965 MHz, 3996 MHz, 0 %, 0 MiB
2026/07/30 06:10:12.660, 0, P0, 36, 243.96 W, 1965 MHz, 3996 MHz, 8 %, 6101 MiB
2026/07/30 06:10:12.661, 1, P0, 33, 240.76 W, 1965 MHz, 3996 MHz, 7 %, 6133 MiB
2026/07/30 06:10:12.661, 2, P0, 36, 237.09 W, 1965 MHz, 3996 MHz, 8 %, 6133 MiB
2026/07/30 06:10:12.661, 3, P0, 33, 239.49 W, 1965 MHz, 3996 MHz, 8 %, 5973 MiB
2026/07/30 06:10:12.661, 4, P0, 34, 235.83 W, 1965 MHz, 3996 MHz, 0 %, 0 MiB
2026/07/30 06:10:12.661, 5, P0, 36, 244.32 W, 1965 MHz, 3996 MHz, 0 %, 0 MiB
2026/07/30 06:10:12.661, 6, P0, 33, 242.42 W, 1965 MHz, 3996 MHz, 0 %, 0 MiB
2026/07/30 06:10:12.661, 7, P0, 37, 243.35 W, 1965 MHz, 3996 MHz, 0 %, 0 MiB
2026/07/30 06:10:13.661, 0, P0, 37, 258.09 W, 1965 MHz, 3996 MHz, 20 %, 156281 MiB
2026/07/30 06:10:13.661, 1, P0, 33, 246.12 W, 1965 MHz, 3996 MHz, 7 %, 156313 MiB
2026/07/30 06:10:13.661, 2, P0, 36, 239.57 W, 1965 MHz, 3996 MHz, 7 %, 156313 MiB
2026/07/30 06:10:13.661, 3, P0, 33, 244.37 W, 1965 MHz, 3996 MHz, 7 %, 156153 MiB
2026/07/30 06:10:13.661, 4, P0, 34, 235.81 W, 1965 MHz, 3996 MHz, 0 %, 0 MiB
2026/07/30 06:10:13.661, 5, P0, 36, 244.32 W, 1965 MHz, 3996 MHz, 0 %, 0 MiB
2026/07/30 06:10:13.661, 6, P0, 33, 242.40 W, 1965 MHz, 3996 MHz, 0 %, 0 MiB
2026/07/30 06:10:13.661, 7, P0, 37, 243.36 W, 1965 MHz, 3996 MHz, 0 %, 0 MiB
2026/07/30 06:10:14.661, 0, P0, 36, 248.75 W, 1965 MHz, 3996 MHz, 0 %, 157547 MiB
2026/07/30 06:10:14.661, 1, P0, 33, 250.95 W, 1965 MHz, 3996 MHz, 0 %, 157579 MiB
2026/07/30 06:10:14.661, 2, P0, 36, 244.68 W, 1965 MHz, 3996 MHz, 0 %, 157579 MiB
2026/07/30 06:10:14.661, 3, P0, 33, 247.69 W, 1965 MHz, 3996 MHz, 0 %, 157419 MiB
2026/07/30 06:10:14.661, 4, P0, 34, 235.75 W, 1965 MHz, 3996 MHz, 0 %, 0 MiB
2026/07/30 06:10:14.661, 5, P0, 36, 244.29 W, 1965 MHz, 3996 MHz, 0 %, 0 MiB
2026/07/30 06:10:14.661, 6, P0, 33, 242.41 W, 1965 MHz, 3996 MHz, 0 %, 0 MiB
2026/07/30 06:10:14.661, 7, P0, 37, 243.31 W, 1965 MHz, 3996 MHz, 0 %, 0 MiB
2026/07/30 06:10:15.661, 0, P0, 36, 243.79 W, 1965 MHz, 3996 MHz, 1 %, 158491 MiB
2026/07/30 06:10:15.661, 1, P0, 33, 240.69 W, 1965 MHz, 3996 MHz, 0 %, 158555 MiB
2026/07/30 06:10:15.661, 2, P0, 36, 237.12 W, 1965 MHz, 3996 MHz, 1 %, 158555 MiB
2026/07/30 06:10:15.662, 3, P0, 33, 239.45 W, 1965 MHz, 3996 MHz, 1 %, 158235 MiB
2026/07/30 06:10:15.662, 4, P0, 34, 235.85 W, 1965 MHz, 3996 MHz, 0 %, 0 MiB
2026/07/30 06:10:15.662, 5, P0, 36, 244.35 W, 1965 MHz, 3996 MHz, 0 %, 0 MiB
2026/07/30 06:10:15.662, 6, P0, 33, 242.38 W, 1965 MHz, 3996 MHz, 0 %, 0 MiB
2026/07/30 06:10:15.662, 7, P0, 37, 243.37 W, 1965 MHz, 3996 MHz, 0 %, 0 MiB
2026/07/30 06:10:16.662, 0, P0, 36, 243.54 W, 1965 MHz, 3996 MHz, 0 %, 158495 MiB
2026/07/30 06:10:16.662, 1, P0, 33, 241.71 W, 1965 MHz, 3996 MHz, 7 %, 158559 MiB
2026/07/30 06:10:16.662, 2, P0, 36, 237.71 W, 1965 MHz, 3996 MHz, 6 %, 158559 MiB
2026/07/30 06:10:16.662, 3, P0, 33, 239.84 W, 1965 MHz, 3996 MHz, 6 %, 158239 MiB
2026/07/30 06:10:16.662, 4, P0, 34, 235.81 W, 1965 MHz, 3996 MHz, 0 %, 0 MiB
2026/07/30 06:10:16.662, 5, P0, 36, 244.35 W, 1965 MHz, 3996 MHz, 0 %, 0 MiB
2026/07/30 06:10:16.662, 6, P0, 33, 242.38 W, 1965 MHz, 3996 MHz, 0 %, 0 MiB
2026/07/30 06:10:16.662, 7, P0, 37, 243.37 W, 1965 MHz, 3996 MHz, 0 %, 0 MiB
2026/07/30 06:10:17.662, 0, P0, 36, 243.53 W, 1965 MHz, 3996 MHz, 0 %, 158497 MiB
2026/07/30 06:10:17.662, 1, P0, 33, 242.94 W, 1965 MHz, 3996 MHz, 5 %, 158561 MiB
2026/07/30 06:10:17.662, 2, P0, 36, 239.85 W, 1965 MHz, 3996 MHz, 0 %, 158561 MiB
2026/07/30 06:10:17.662, 3, P0, 33, 241.36 W, 1965 MHz, 3996 MHz, 0 %, 158241 MiB
2026/07/30 06:10:17.662, 4, P0, 34, 235.86 W, 1965 MHz, 3996 MHz, 0 %, 0 MiB
2026/07/30 06:10:17.662, 5, P0, 36, 244.27 W, 1965 MHz, 3996 MHz, 0 %, 0 MiB
2026/07/30 06:10:17.662, 6, P0, 33, 242.38 W, 1965 MHz, 3996 MHz, 0 %, 0 MiB
2026/07/30 06:10:17.662, 7, P0, 37, 243.34 W, 1965 MHz, 3996 MHz, 0 %, 0 MiB
2026/07/30 06:10:18.662, 0, P0, 36, 251.79 W, 1965 MHz, 3996 MHz, 35 %, 158537 MiB
2026/07/30 06:10:18.663, 1, P0, 34, 256.18 W, 1965 MHz, 3996 MHz, 66 %, 158601 MiB
2026/07/30 06:10:18.665, 2, P0, 37, 254.28 W, 1965 MHz, 3996 MHz, 90 %, 158601 MiB
2026/07/30 06:10:18.665, 3, P0, 33, 253.45 W, 1965 MHz, 3996 MHz, 75 %, 158281 MiB
2026/07/30 06:10:18.665, 4, P0, 34, 235.86 W, 1965 MHz, 3996 MHz, 0 %, 0 MiB
2026/07/30 06:10:18.666, 5, P0, 36, 244.32 W, 1965 MHz, 3996 MHz, 0 %, 0 MiB
2026/07/30 06:10:18.666, 6, P0, 33, 242.46 W, 1965 MHz, 3996 MHz, 0 %, 0 MiB
2026/07/30 06:10:18.666, 7, P0, 37, 243.36 W, 1965 MHz, 3996 MHz, 0 %, 0 MiB
2026/07/30 06:10:19.666, 0, P0, 36, 260.41 W, 1965 MHz, 3996 MHz, 0 %, 158537 MiB
2026/07/30 06:10:19.674, 1, P0, 34, 263.00 W, 1965 MHz, 3996 MHz, 0 %, 158601 MiB
2026/07/30 06:10:19.675, 2, P0, 37, 253.68 W, 1965 MHz, 3996 MHz, 0 %, 158601 MiB
2026/07/30 06:10:19.676, 3, P0, 33, 256.72 W, 1965 MHz, 3996 MHz, 0 %, 158281 MiB
2026/07/30 06:10:19.676, 4, P0, 34, 235.92 W, 1965 MHz, 3996 MHz, 0 %, 0 MiB
2026/07/30 06:10:19.677, 5, P0, 36, 244.50 W, 1965 MHz, 3996 MHz, 0 %, 0 MiB
2026/07/30 06:10:19.680, 6, P0, 33, 242.49 W, 1965 MHz, 3996 MHz, 0 %, 0 MiB
2026/07/30 06:10:19.681, 7, P0, 37, 243.45 W, 1965 MHz, 3996 MHz, 0 %, 1 MiB
2026/07/30 06:10:20.682, 0, P0, 36, 249.20 W, 1965 MHz, 3996 MHz, 0 %, 158549 MiB
2026/07/30 06:10:20.683, 1, P0, 33, 246.03 W, 1965 MHz, 3996 MHz, 0 %, 158613 MiB
2026/07/30 06:10:20.683, 2, P0, 36, 242.17 W, 1965 MHz, 3996 MHz, 13 %, 158613 MiB
2026/07/30 06:10:20.683, 3, P0, 33, 243.89 W, 1965 MHz, 3996 MHz, 0 %, 158293 MiB
2026/07/30 06:10:20.683, 4, P0, 34, 235.88 W, 1965 MHz, 3996 MHz, 0 %, 0 MiB
2026/07/30 06:10:20.683, 5, P0, 36, 244.30 W, 1965 MHz, 3996 MHz, 0 %, 0 MiB
2026/07/30 06:10:20.683, 6, P0, 33, 242.44 W, 1965 MHz, 3996 MHz, 0 %, 0 MiB
2026/07/30 06:10:20.683, 7, P0, 37, 243.34 W, 1965 MHz, 3996 MHz, 0 %, 0 MiB
2026/07/30 06:10:21.683, 0, P0, 37, 268.13 W, 1965 MHz, 3996 MHz, 64 %, 158549 MiB
2026/07/30 06:10:21.683, 1, P0, 34, 270.00 W, 1965 MHz, 3996 MHz, 47 %, 158613 MiB
2026/07/30 06:10:21.683, 2, P0, 37, 264.37 W, 1965 MHz, 3996 MHz, 22 %, 158613 MiB
2026/07/30 06:10:21.683, 3, P0, 33, 267.17 W, 1965 MHz, 3996 MHz, 63 %, 158293 MiB
2026/07/30 06:10:21.683, 4, P0, 34, 235.80 W, 1965 MHz, 3996 MHz, 0 %, 0 MiB
2026/07/30 06:10:21.683, 5, P0, 36, 244.23 W, 1965 MHz, 3996 MHz, 0 %, 0 MiB
2026/07/30 06:10:21.683, 6, P0, 33, 242.46 W, 1965 MHz, 3996 MHz, 0 %, 0 MiB
2026/07/30 06:10:21.683, 7, P0, 37, 243.33 W, 1965 MHz, 3996 MHz, 0 %, 0 MiB
2026/07/30 06:10:22.683, 0, P0, 36, 259.05 W, 1965 MHz, 3996 MHz, 0 %, 158549 MiB
2026/07/30 06:10:22.683, 1, P0, 34, 263.50 W, 1965 MHz, 3996 MHz, 0 %, 158613 MiB
2026/07/30 06:10:22.683, 2, P0, 37, 255.73 W, 1965 MHz, 3996 MHz, 0 %, 158613 MiB
2026/07/30 06:10:22.683, 3, P0, 33, 260.15 W, 1965 MHz, 3996 MHz, 0 %, 158293 MiB
2026/07/30 06:10:22.683, 4, P0, 34, 235.83 W, 1965 MHz, 3996 MHz, 0 %, 0 MiB
2026/07/30 06:10:22.683, 5, P0, 36, 244.21 W, 1965 MHz, 3996 MHz, 0 %, 0 MiB
2026/07/30 06:10:22.683, 6, P0, 33, 242.42 W, 1965 MHz, 3996 MHz, 0 %, 0 MiB
2026/07/30 06:10:22.683, 7, P0, 37, 243.35 W, 1965 MHz, 3996 MHz, 0 %, 0 MiB
2026/07/30 06:10:23.683, 0, P0, 37, 263.30 W, 1965 MHz, 3996 MHz, 77 %, 158549 MiB
2026/07/30 06:10:23.683, 1, P0, 34, 258.51 W, 1965 MHz, 3996 MHz, 84 %, 158613 MiB
2026/07/30 06:10:23.683, 2, P0, 37, 252.67 W, 1965 MHz, 3996 MHz, 12 %, 158613 MiB
2026/07/30 06:10:23.684, 3, P0, 33, 256.17 W, 1965 MHz, 3996 MHz, 79 %, 158293 MiB
2026/07/30 06:10:23.684, 4, P0, 34, 235.80 W, 1965 MHz, 3996 MHz, 0 %, 0 MiB
2026/07/30 06:10:23.684, 5, P0, 36, 244.31 W, 1965 MHz, 3996 MHz, 0 %, 0 MiB
2026/07/30 06:10:23.684, 6, P0, 33, 242.41 W, 1965 MHz, 3996 MHz, 0 %, 0 MiB
2026/07/30 06:10:23.684, 7, P0, 37, 243.34 W, 1965 MHz, 3996 MHz, 0 %, 0 MiB
2026/07/30 06:10:24.684, 0, P0, 37, 268.00 W, 1965 MHz, 3996 MHz, 76 %, 158549 MiB
2026/07/30 06:10:24.684, 1, P0, 34, 265.60 W, 1965 MHz, 3996 MHz, 65 %, 158613 MiB
2026/07/30 06:10:24.684, 2, P0, 37, 258.35 W, 1965 MHz, 3996 MHz, 49 %, 158613 MiB
2026/07/30 06:10:24.684, 3, P0, 33, 262.58 W, 1965 MHz, 3996 MHz, 39 %, 158293 MiB
2026/07/30 06:10:24.684, 4, P0, 34, 235.82 W, 1965 MHz, 3996 MHz, 0 %, 0 MiB
2026/07/30 06:10:24.684, 5, P0, 36, 244.26 W, 1965 MHz, 3996 MHz, 0 %, 0 MiB
2026/07/30 06:10:24.684, 6, P0, 33, 242.41 W, 1965 MHz, 3996 MHz, 0 %, 0 MiB
2026/07/30 06:10:24.684, 7, P0, 37, 243.40 W, 1965 MHz, 3996 MHz, 0 %, 0 MiB
2026/07/30 06:10:25.684, 0, P0, 37, 267.95 W, 1965 MHz, 3996 MHz, 79 %, 158549 MiB
2026/07/30 06:10:25.684, 1, P0, 34, 264.88 W, 1965 MHz, 3996 MHz, 61 %, 158613 MiB
2026/07/30 06:10:25.684, 2, P0, 37, 259.37 W, 1965 MHz, 3996 MHz, 12 %, 158613 MiB
2026/07/30 06:10:25.684, 3, P0, 33, 262.50 W, 1965 MHz, 3996 MHz, 65 %, 158293 MiB
2026/07/30 06:10:25.684, 4, P0, 34, 235.75 W, 1965 MHz, 3996 MHz, 0 %, 0 MiB
2026/07/30 06:10:25.684, 5, P0, 36, 244.33 W, 1965 MHz, 3996 MHz, 0 %, 0 MiB
2026/07/30 06:10:25.684, 6, P0, 33, 242.39 W, 1965 MHz, 3996 MHz, 0 %, 0 MiB
2026/07/30 06:10:25.684, 7, P0, 37, 243.42 W, 1965 MHz, 3996 MHz, 0 %, 0 MiB
2026/07/30 06:10:26.684, 0, P0, 37, 280.63 W, 1965 MHz, 3996 MHz, 82 %, 158549 MiB
2026/07/30 06:10:26.684, 1, P0, 34, 277.85 W, 1965 MHz, 3996 MHz, 75 %, 158613 MiB
2026/07/30 06:10:26.684, 2, P0, 37, 261.18 W, 1965 MHz, 3996 MHz, 20 %, 158613 MiB
2026/07/30 06:10:26.684, 3, P0, 34, 273.64 W, 1965 MHz, 3996 MHz, 72 %, 158293 MiB
2026/07/30 06:10:26.684, 4, P0, 34, 235.76 W, 1965 MHz, 3996 MHz, 0 %, 0 MiB
2026/07/30 06:10:26.684, 5, P0, 36, 244.28 W, 1965 MHz, 3996 MHz, 0 %, 0 MiB
2026/07/30 06:10:26.685, 6, P0, 33, 242.46 W, 1965 MHz, 3996 MHz, 0 %, 0 MiB
2026/07/30 06:10:26.685, 7, P0, 37, 243.35 W, 1965 MHz, 3996 MHz, 0 %, 0 MiB
2026/07/30 06:10:27.685, 0, P0, 36, 252.92 W, 1965 MHz, 3996 MHz, 54 %, 158549 MiB
2026/07/30 06:10:27.685, 1, P0, 34, 253.10 W, 1965 MHz, 3996 MHz, 0 %, 158613 MiB
2026/07/30 06:10:27.685, 2, P0, 37, 244.55 W, 1965 MHz, 3996 MHz, 46 %, 158613 MiB
2026/07/30 06:10:27.685, 3, P0, 33, 248.04 W, 1965 MHz, 3996 MHz, 0 %, 158293 MiB
2026/07/30 06:10:27.685, 4, P0, 34, 235.79 W, 1965 MHz, 3996 MHz, 0 %, 0 MiB
2026/07/30 06:10:27.685, 5, P0, 36, 244.34 W, 1965 MHz, 3996 MHz, 0 %, 0 MiB
2026/07/30 06:10:27.685, 6, P0, 33, 242.39 W, 1965 MHz, 3996 MHz, 0 %, 0 MiB
2026/07/30 06:10:27.685, 7, P0, 37, 243.34 W, 1965 MHz, 3996 MHz, 0 %, 0 MiB
2026/07/30 06:10:28.685, 0, P0, 37, 267.43 W, 1965 MHz, 3996 MHz, 66 %, 158549 MiB
2026/07/30 06:10:28.685, 1, P0, 34, 265.57 W, 1965 MHz, 3996 MHz, 84 %, 158613 MiB
2026/07/30 06:10:28.685, 2, P0, 37, 257.75 W, 1965 MHz, 3996 MHz, 39 %, 158613 MiB
2026/07/30 06:10:28.685, 3, P0, 33, 262.99 W, 1965 MHz, 3996 MHz, 73 %, 158293 MiB
2026/07/30 06:10:28.685, 4, P0, 34, 235.80 W, 1965 MHz, 3996 MHz, 0 %, 0 MiB
2026/07/30 06:10:28.685, 5, P0, 36, 244.30 W, 1965 MHz, 3996 MHz, 0 %, 0 MiB
2026/07/30 06:10:28.685, 6, P0, 33, 242.42 W, 1965 MHz, 3996 MHz, 0 %, 0 MiB
2026/07/30 06:10:28.685, 7, P0, 37, 243.37 W, 1965 MHz, 3996 MHz, 0 %, 0 MiB
2026/07/30 06:10:29.685, 0, P0, 37, 267.93 W, 1965 MHz, 3996 MHz, 63 %, 158549 MiB
2026/07/30 06:10:29.685, 1, P0, 34, 265.95 W, 1965 MHz, 3996 MHz, 88 %, 158613 MiB
2026/07/30 06:10:29.685, 2, P0, 37, 259.32 W, 1965 MHz, 3996 MHz, 13 %, 158613 MiB
2026/07/30 06:10:29.685, 3, P0, 33, 263.93 W, 1965 MHz, 3996 MHz, 73 %, 158293 MiB
2026/07/30 06:10:29.685, 4, P0, 34, 235.82 W, 1965 MHz, 3996 MHz, 0 %, 0 MiB
2026/07/30 06:10:29.685, 5, P0, 36, 244.26 W, 1965 MHz, 3996 MHz, 0 %, 0 MiB
2026/07/30 06:10:29.685, 6, P0, 33, 242.40 W, 1965 MHz, 3996 MHz, 0 %, 0 MiB
2026/07/30 06:10:29.685, 7, P0, 37, 243.35 W, 1965 MHz, 3996 MHz, 0 %, 0 MiB
2026/07/30 06:10:30.686, 0, P0, 37, 267.35 W, 1965 MHz, 3996 MHz, 62 %, 158549 MiB
2026/07/30 06:10:30.686, 1, P0, 34, 265.64 W, 1965 MHz, 3996 MHz, 85 %, 158613 MiB
2026/07/30 06:10:30.686, 2, P0, 37, 259.09 W, 1965 MHz, 3996 MHz, 13 %, 158613 MiB
2026/07/30 06:10:30.686, 3, P0, 33, 263.08 W, 1965 MHz, 3996 MHz, 60 %, 158293 MiB
2026/07/30 06:10:30.686, 4, P0, 34, 235.84 W, 1965 MHz, 3996 MHz, 0 %, 0 MiB
2026/07/30 06:10:30.686, 5, P0, 36, 244.27 W, 1965 MHz, 3996 MHz, 0 %, 0 MiB
2026/07/30 06:10:30.686, 6, P0, 33, 242.41 W, 1965 MHz, 3996 MHz, 0 %, 0 MiB
2026/07/30 06:10:30.686, 7, P0, 37, 243.37 W, 1965 MHz, 3996 MHz, 0 %, 0 MiB
2026/07/30 06:10:31.686, 0, P0, 37, 267.14 W, 1965 MHz, 3996 MHz, 32 %, 158549 MiB
2026/07/30 06:10:31.686, 1, P0, 34, 265.27 W, 1965 MHz, 3996 MHz, 81 %, 158613 MiB
2026/07/30 06:10:31.686, 2, P0, 37, 258.93 W, 1965 MHz, 3996 MHz, 29 %, 158613 MiB
2026/07/30 06:10:31.686, 3, P0, 33, 262.19 W, 1965 MHz, 3996 MHz, 57 %, 158293 MiB
2026/07/30 06:10:31.686, 4, P0, 34, 235.83 W, 1965 MHz, 3996 MHz, 0 %, 0 MiB
2026/07/30 06:10:31.686, 5, P0, 36, 244.27 W, 1965 MHz, 3996 MHz, 0 %, 0 MiB
2026/07/30 06:10:31.686, 6, P0, 33, 242.32 W, 1965 MHz, 3996 MHz, 0 %, 0 MiB
2026/07/30 06:10:31.686, 7, P0, 37, 243.34 W, 1965 MHz, 3996 MHz, 0 %, 0 MiB
2026/07/30 06:10:32.686, 0, P0, 37, 267.33 W, 1965 MHz, 3996 MHz, 38 %, 158549 MiB
2026/07/30 06:10:32.686, 1, P0, 34, 265.37 W, 1965 MHz, 3996 MHz, 80 %, 158613 MiB
2026/07/30 06:10:32.686, 2, P0, 37, 259.57 W, 1965 MHz, 3996 MHz, 27 %, 158613 MiB
2026/07/30 06:10:32.686, 3, P0, 33, 263.01 W, 1965 MHz, 3996 MHz, 66 %, 158293 MiB
2026/07/30 06:10:32.686, 4, P0, 34, 235.80 W, 1965 MHz, 3996 MHz, 0 %, 0 MiB
2026/07/30 06:10:32.686, 5, P0, 36, 244.30 W, 1965 MHz, 3996 MHz, 0 %, 0 MiB
2026/07/30 06:10:32.686, 6, P0, 33, 242.43 W, 1965 MHz, 3996 MHz, 0 %, 0 MiB
2026/07/30 06:10:32.686, 7, P0, 37, 243.32 W, 1965 MHz, 3996 MHz, 0 %, 0 MiB
2026/07/30 06:10:33.686, 0, P0, 37, 267.27 W, 1965 MHz, 3996 MHz, 56 %, 158549 MiB
2026/07/30 06:10:33.686, 1, P0, 34, 264.87 W, 1965 MHz, 3996 MHz, 81 %, 158613 MiB
2026/07/30 06:10:33.686, 2, P0, 37, 259.19 W, 1965 MHz, 3996 MHz, 14 %, 158613 MiB
2026/07/30 06:10:33.687, 3, P0, 33, 262.87 W, 1965 MHz, 3996 MHz, 75 %, 158293 MiB
2026/07/30 06:10:33.687, 4, P0, 34, 235.83 W, 1965 MHz, 3996 MHz, 0 %, 0 MiB
2026/07/30 06:10:33.687, 5, P0, 36, 244.31 W, 1965 MHz, 3996 MHz, 0 %, 0 MiB
2026/07/30 06:10:33.687, 6, P0, 33, 242.43 W, 1965 MHz, 3996 MHz, 0 %, 0 MiB
2026/07/30 06:10:33.687, 7, P0, 37, 243.36 W, 1965 MHz, 3996 MHz, 0 %, 0 MiB
2026/07/30 06:10:34.687, 0, P0, 37, 267.13 W, 1965 MHz, 3996 MHz, 60 %, 158549 MiB
2026/07/30 06:10:34.687, 1, P0, 34, 264.36 W, 1965 MHz, 3996 MHz, 75 %, 158613 MiB
2026/07/30 06:10:34.687, 2, P0, 37, 258.92 W, 1965 MHz, 3996 MHz, 13 %, 158613 MiB
2026/07/30 06:10:34.687, 3, P0, 33, 263.71 W, 1965 MHz, 3996 MHz, 64 %, 158293 MiB
2026/07/30 06:10:34.687, 4, P0, 34, 235.77 W, 1965 MHz, 3996 MHz, 0 %, 0 MiB
2026/07/30 06:10:34.687, 5, P0, 36, 244.26 W, 1965 MHz, 3996 MHz, 0 %, 0 MiB
2026/07/30 06:10:34.687, 6, P0, 33, 242.42 W, 1965 MHz, 3996 MHz, 0 %, 0 MiB
2026/07/30 06:10:34.687, 7, P0, 37, 243.37 W, 1965 MHz, 3996 MHz, 0 %, 0 MiB
2026/07/30 06:10:35.687, 0, P0, 37, 267.32 W, 1965 MHz, 3996 MHz, 27 %, 158549 MiB
2026/07/30 06:10:35.687, 1, P0, 34, 265.19 W, 1965 MHz, 3996 MHz, 79 %, 158613 MiB
2026/07/30 06:10:35.687, 2, P0, 37, 258.54 W, 1965 MHz, 3996 MHz, 42 %, 158613 MiB
2026/07/30 06:10:35.687, 3, P0, 33, 262.84 W, 1965 MHz, 3996 MHz, 65 %, 158293 MiB
2026/07/30 06:10:35.687, 4, P0, 34, 235.78 W, 1965 MHz, 3996 MHz, 0 %, 0 MiB
2026/07/30 06:10:35.687, 5, P0, 36, 244.23 W, 1965 MHz, 3996 MHz, 0 %, 0 MiB
2026/07/30 06:10:35.687, 6, P0, 33, 242.45 W, 1965 MHz, 3996 MHz, 0 %, 0 MiB
2026/07/30 06:10:35.687, 7, P0, 37, 243.33 W, 1965 MHz, 3996 MHz, 0 %, 0 MiB
2026/07/30 06:10:36.687, 0, P0, 37, 268.10 W, 1965 MHz, 3996 MHz, 53 %, 158549 MiB
2026/07/30 06:10:36.687, 1, P0, 34, 266.02 W, 1965 MHz, 3996 MHz, 54 %, 158613 MiB
2026/07/30 06:10:36.687, 2, P0, 37, 259.95 W, 1965 MHz, 3996 MHz, 62 %, 158613 MiB
2026/07/30 06:10:36.687, 3, P0, 33, 262.82 W, 1965 MHz, 3996 MHz, 27 %, 158293 MiB
2026/07/30 06:10:36.687, 4, P0, 34, 235.84 W, 1965 MHz, 3996 MHz, 0 %, 0 MiB
2026/07/30 06:10:36.687, 5, P0, 36, 244.23 W, 1965 MHz, 3996 MHz, 0 %, 0 MiB
2026/07/30 06:10:36.687, 6, P0, 33, 242.45 W, 1965 MHz, 3996 MHz, 0 %, 0 MiB
2026/07/30 06:10:36.687, 7, P0, 37, 243.35 W, 1965 MHz, 3996 MHz, 0 %, 0 MiB
2026/07/30 06:10:37.688, 0, P0, 37, 268.29 W, 1965 MHz, 3996 MHz, 56 %, 158549 MiB
2026/07/30 06:10:37.688, 1, P0, 34, 264.78 W, 1965 MHz, 3996 MHz, 78 %, 158613 MiB
2026/07/30 06:10:37.688, 2, P0, 37, 258.76 W, 1965 MHz, 3996 MHz, 15 %, 158613 MiB
2026/07/30 06:10:37.688, 3, P0, 33, 263.91 W, 1965 MHz, 3996 MHz, 42 %, 158293 MiB
2026/07/30 06:10:37.688, 4, P0, 34, 235.81 W, 1965 MHz, 3996 MHz, 0 %, 0 MiB
2026/07/30 06:10:37.688, 5, P0, 36, 244.25 W, 1965 MHz, 3996 MHz, 0 %, 0 MiB
2026/07/30 06:10:37.688, 6, P0, 33, 242.38 W, 1965 MHz, 3996 MHz, 0 %, 0 MiB
2026/07/30 06:10:37.688, 7, P0, 37, 243.34 W, 1965 MHz, 3996 MHz, 0 %, 0 MiB
2026/07/30 06:10:38.688, 0, P0, 37, 268.06 W, 1965 MHz, 3996 MHz, 78 %, 158549 MiB
2026/07/30 06:10:38.688, 1, P0, 34, 265.51 W, 1965 MHz, 3996 MHz, 75 %, 158613 MiB
2026/07/30 06:10:38.688, 2, P0, 37, 259.55 W, 1965 MHz, 3996 MHz, 13 %, 158613 MiB
2026/07/30 06:10:38.688, 3, P0, 33, 263.64 W, 1965 MHz, 3996 MHz, 64 %, 158293 MiB
2026/07/30 06:10:38.688, 4, P0, 34, 235.83 W, 1965 MHz, 3996 MHz, 0 %, 0 MiB
2026/07/30 06:10:38.688, 5, P0, 36, 244.26 W, 1965 MHz, 3996 MHz, 0 %, 0 MiB
2026/07/30 06:10:38.688, 6, P0, 33, 242.48 W, 1965 MHz, 3996 MHz, 0 %, 0 MiB
2026/07/30 06:10:38.688, 7, P0, 37, 243.38 W, 1965 MHz, 3996 MHz, 0 %, 0 MiB
2026/07/30 06:10:39.688, 0, P0, 37, 266.76 W, 1965 MHz, 3996 MHz, 47 %, 158549 MiB
2026/07/30 06:10:39.688, 1, P0, 34, 265.45 W, 1965 MHz, 3996 MHz, 78 %, 158613 MiB
2026/07/30 06:10:39.688, 2, P0, 37, 259.89 W, 1965 MHz, 3996 MHz, 62 %, 158613 MiB
2026/07/30 06:10:39.688, 3, P0, 33, 263.70 W, 1965 MHz, 3996 MHz, 56 %, 158293 MiB
2026/07/30 06:10:39.688, 4, P0, 34, 235.81 W, 1965 MHz, 3996 MHz, 0 %, 0 MiB
2026/07/30 06:10:39.688, 5, P0, 36, 244.29 W, 1965 MHz, 3996 MHz, 0 %, 0 MiB
2026/07/30 06:10:39.688, 6, P0, 33, 242.38 W, 1965 MHz, 3996 MHz, 0 %, 0 MiB
2026/07/30 06:10:39.688, 7, P0, 37, 243.32 W, 1965 MHz, 3996 MHz, 0 %, 0 MiB
2026/07/30 06:10:40.688, 0, P0, 37, 274.08 W, 1965 MHz, 3996 MHz, 50 %, 158657 MiB
2026/07/30 06:10:40.688, 1, P0, 34, 272.58 W, 1965 MHz, 3996 MHz, 85 %, 158721 MiB
2026/07/30 06:10:40.688, 2, P0, 37, 265.01 W, 1965 MHz, 3996 MHz, 49 %, 158721 MiB
2026/07/30 06:10:40.688, 3, P0, 33, 270.98 W, 1965 MHz, 3996 MHz, 67 %, 158401 MiB
2026/07/30 06:10:40.688, 4, P0, 34, 235.85 W, 1965 MHz, 3996 MHz, 0 %, 0 MiB
2026/07/30 06:10:40.689, 5, P0, 36, 244.31 W, 1965 MHz, 3996 MHz, 0 %, 0 MiB
2026/07/30 06:10:40.689, 6, P0, 33, 242.32 W, 1965 MHz, 3996 MHz, 0 %, 0 MiB
2026/07/30 06:10:40.689, 7, P0, 37, 243.36 W, 1965 MHz, 3996 MHz, 0 %, 0 MiB
2026/07/30 06:10:41.689, 0, P0, 36, 264.33 W, 1965 MHz, 3996 MHz, 0 %, 158657 MiB
2026/07/30 06:10:41.689, 1, P0, 34, 262.65 W, 1965 MHz, 3996 MHz, 0 %, 158721 MiB
2026/07/30 06:10:41.689, 2, P0, 37, 257.16 W, 1965 MHz, 3996 MHz, 0 %, 158721 MiB
2026/07/30 06:10:41.689, 3, P0, 33, 260.70 W, 1965 MHz, 3996 MHz, 0 %, 158401 MiB
2026/07/30 06:10:41.689, 4, P0, 34, 235.83 W, 1965 MHz, 3996 MHz, 0 %, 0 MiB
2026/07/30 06:10:41.689, 5, P0, 36, 244.32 W, 1965 MHz, 3996 MHz, 0 %, 0 MiB
2026/07/30 06:10:41.689, 6, P0, 33, 242.39 W, 1965 MHz, 3996 MHz, 0 %, 0 MiB
2026/07/30 06:10:41.689, 7, P0, 37, 243.33 W, 1965 MHz, 3996 MHz, 0 %, 0 MiB
2026/07/30 06:10:42.689, 0, P0, 36, 249.13 W, 1965 MHz, 3996 MHz, 56 %, 158657 MiB
2026/07/30 06:10:42.689, 1, P0, 34, 245.16 W, 1965 MHz, 3996 MHz, 42 %, 158721 MiB
2026/07/30 06:10:42.689, 2, P0, 37, 240.81 W, 1965 MHz, 3996 MHz, 13 %, 158721 MiB
2026/07/30 06:10:42.689, 3, P0, 33, 243.88 W, 1965 MHz, 3996 MHz, 66 %, 158401 MiB
2026/07/30 06:10:42.689, 4, P0, 34, 235.78 W, 1965 MHz, 3996 MHz, 0 %, 0 MiB
2026/07/30 06:10:42.689, 5, P0, 36, 244.24 W, 1965 MHz, 3996 MHz, 0 %, 0 MiB
2026/07/30 06:10:42.689, 6, P0, 33, 242.41 W, 1965 MHz, 3996 MHz, 0 %, 0 MiB
2026/07/30 06:10:42.689, 7, P0, 37, 243.38 W, 1965 MHz, 3996 MHz, 0 %, 0 MiB
2026/07/30 06:10:43.689, 0, P0, 37, 276.54 W, 1965 MHz, 3996 MHz, 63 %, 158657 MiB
2026/07/30 06:10:43.689, 1, P0, 34, 271.17 W, 1965 MHz, 3996 MHz, 62 %, 158721 MiB
2026/07/30 06:10:43.689, 2, P0, 37, 266.77 W, 1965 MHz, 3996 MHz, 56 %, 158721 MiB
2026/07/30 06:10:43.689, 3, P0, 33, 273.20 W, 1965 MHz, 3996 MHz, 80 %, 158401 MiB
2026/07/30 06:10:43.689, 4, P0, 34, 235.80 W, 1965 MHz, 3996 MHz, 0 %, 0 MiB
2026/07/30 06:10:43.689, 5, P0, 36, 244.22 W, 1965 MHz, 3996 MHz, 0 %, 0 MiB
2026/07/30 06:10:43.689, 6, P0, 33, 242.39 W, 1965 MHz, 3996 MHz, 0 %, 0 MiB
2026/07/30 06:10:43.689, 7, P0, 37, 243.31 W, 1965 MHz, 3996 MHz, 0 %, 0 MiB
2026/07/30 06:10:44.689, 0, P0, 36, 260.79 W, 1965 MHz, 3996 MHz, 0 %, 158657 MiB
2026/07/30 06:10:44.690, 1, P0, 34, 257.95 W, 1965 MHz, 3996 MHz, 0 %, 158721 MiB
2026/07/30 06:10:44.690, 2, P0, 37, 254.06 W, 1965 MHz, 3996 MHz, 0 %, 158721 MiB
2026/07/30 06:10:44.690, 3, P0, 33, 259.44 W, 1965 MHz, 3996 MHz, 0 %, 158401 MiB
2026/07/30 06:10:44.690, 4, P0, 34, 235.82 W, 1965 MHz, 3996 MHz, 0 %, 0 MiB
2026/07/30 06:10:44.690, 5, P0, 36, 244.30 W, 1965 MHz, 3996 MHz, 0 %, 0 MiB
2026/07/30 06:10:44.690, 6, P0, 33, 242.43 W, 1965 MHz, 3996 MHz, 0 %, 0 MiB
2026/07/30 06:10:44.690, 7, P0, 37, 243.33 W, 1965 MHz, 3996 MHz, 0 %, 0 MiB
2026/07/30 06:10:45.690, 0, P0, 37, 267.17 W, 1965 MHz, 3996 MHz, 63 %, 158657 MiB
2026/07/30 06:10:45.690, 1, P0, 34, 263.20 W, 1965 MHz, 3996 MHz, 62 %, 158721 MiB
2026/07/30 06:10:45.690, 2, P0, 37, 257.25 W, 1965 MHz, 3996 MHz, 36 %, 158721 MiB
2026/07/30 06:10:45.690, 3, P0, 33, 262.76 W, 1965 MHz, 3996 MHz, 85 %, 158401 MiB
2026/07/30 06:10:45.690, 4, P0, 34, 235.87 W, 1965 MHz, 3996 MHz, 0 %, 0 MiB
2026/07/30 06:10:45.690, 5, P0, 36, 244.29 W, 1965 MHz, 3996 MHz, 0 %, 0 MiB
2026/07/30 06:10:45.690, 6, P0, 33, 242.43 W, 1965 MHz, 3996 MHz, 0 %, 0 MiB
2026/07/30 06:10:45.690, 7, P0, 37, 243.38 W, 1965 MHz, 3996 MHz, 0 %, 0 MiB
2026/07/30 06:10:46.690, 0, P0, 37, 268.93 W, 1965 MHz, 3996 MHz, 78 %, 158657 MiB
2026/07/30 06:10:46.690, 1, P0, 34, 266.24 W, 1965 MHz, 3996 MHz, 84 %, 158721 MiB
2026/07/30 06:10:46.690, 2, P0, 37, 257.78 W, 1965 MHz, 3996 MHz, 13 %, 158721 MiB
2026/07/30 06:10:46.690, 3, P0, 33, 265.61 W, 1965 MHz, 3996 MHz, 74 %, 158401 MiB
2026/07/30 06:10:46.690, 4, P0, 34, 235.84 W, 1965 MHz, 3996 MHz, 0 %, 0 MiB
2026/07/30 06:10:46.690, 5, P0, 36, 244.27 W, 1965 MHz, 3996 MHz, 0 %, 0 MiB
2026/07/30 06:10:46.690, 6, P0, 33, 242.38 W, 1965 MHz, 3996 MHz, 0 %, 0 MiB
2026/07/30 06:10:46.690, 7, P0, 37, 243.34 W, 1965 MHz, 3996 MHz, 0 %, 0 MiB
2026/07/30 06:10:47.690, 0, P0, 37, 275.76 W, 1965 MHz, 3996 MHz, 69 %, 158657 MiB
2026/07/30 06:10:47.690, 1, P0, 34, 265.19 W, 1965 MHz, 3996 MHz, 82 %, 158721 MiB
2026/07/30 06:10:47.690, 2, P0, 37, 258.83 W, 1965 MHz, 3996 MHz, 30 %, 158721 MiB
2026/07/30 06:10:47.691, 3, P0, 33, 266.47 W, 1965 MHz, 3996 MHz, 63 %, 158401 MiB
2026/07/30 06:10:47.691, 4, P0, 34, 235.84 W, 1965 MHz, 3996 MHz, 0 %, 0 MiB
2026/07/30 06:10:47.691, 5, P0, 36, 244.30 W, 1965 MHz, 3996 MHz, 0 %, 0 MiB
2026/07/30 06:10:47.691, 6, P0, 33, 242.39 W, 1965 MHz, 3996 MHz, 0 %, 0 MiB
2026/07/30 06:10:47.691, 7, P0, 37, 243.40 W, 1965 MHz, 3996 MHz, 0 %, 0 MiB
2026/07/30 06:10:48.691, 0, P0, 37, 274.25 W, 1965 MHz, 3996 MHz, 72 %, 158657 MiB
2026/07/30 06:10:48.691, 1, P0, 34, 279.63 W, 1965 MHz, 3996 MHz, 65 %, 158721 MiB
2026/07/30 06:10:48.691, 2, P0, 37, 272.40 W, 1965 MHz, 3996 MHz, 12 %, 158721 MiB
2026/07/30 06:10:48.691, 3, P0, 33, 280.36 W, 1965 MHz, 3996 MHz, 74 %, 158401 MiB
2026/07/30 06:10:48.691, 4, P0, 34, 235.88 W, 1965 MHz, 3996 MHz, 0 %, 0 MiB
2026/07/30 06:10:48.691, 5, P0, 36, 244.22 W, 1965 MHz, 3996 MHz, 0 %, 0 MiB
2026/07/30 06:10:48.691, 6, P0, 33, 242.43 W, 1965 MHz, 3996 MHz, 0 %, 0 MiB
2026/07/30 06:10:48.691, 7, P0, 37, 243.32 W, 1965 MHz, 3996 MHz, 0 %, 0 MiB
2026/07/30 06:10:49.691, 0, P0, 37, 252.95 W, 1965 MHz, 3996 MHz, 80 %, 158657 MiB
2026/07/30 06:10:49.691, 1, P0, 34, 250.36 W, 1965 MHz, 3996 MHz, 85 %, 158721 MiB
2026/07/30 06:10:49.691, 2, P0, 37, 245.12 W, 1965 MHz, 3996 MHz, 14 %, 158721 MiB
2026/07/30 06:10:49.691, 3, P0, 33, 248.43 W, 1965 MHz, 3996 MHz, 55 %, 158401 MiB
2026/07/30 06:10:49.691, 4, P0, 34, 235.87 W, 1965 MHz, 3996 MHz, 0 %, 0 MiB
2026/07/30 06:10:49.691, 5, P0, 36, 244.36 W, 1965 MHz, 3996 MHz, 0 %, 0 MiB
2026/07/30 06:10:49.691, 6, P0, 33, 242.42 W, 1965 MHz, 3996 MHz, 0 %, 0 MiB
2026/07/30 06:10:49.691, 7, P0, 37, 243.35 W, 1965 MHz, 3996 MHz, 0 %, 0 MiB
2026/07/30 06:10:50.691, 0, P0, 37, 270.17 W, 1965 MHz, 3996 MHz, 81 %, 158657 MiB
2026/07/30 06:10:50.691, 1, P0, 34, 266.34 W, 1965 MHz, 3996 MHz, 73 %, 158721 MiB
2026/07/30 06:10:50.691, 2, P0, 37, 259.50 W, 1965 MHz, 3996 MHz, 14 %, 158721 MiB
2026/07/30 06:10:50.691, 3, P0, 33, 263.04 W, 1965 MHz, 3996 MHz, 50 %, 158401 MiB
2026/07/30 06:10:50.691, 4, P0, 34, 235.81 W, 1965 MHz, 3996 MHz, 0 %, 0 MiB
2026/07/30 06:10:50.691, 5, P0, 36, 244.32 W, 1965 MHz, 3996 MHz, 0 %, 0 MiB
2026/07/30 06:10:50.692, 6, P0, 33, 242.48 W, 1965 MHz, 3996 MHz, 0 %, 0 MiB
2026/07/30 06:10:50.692, 7, P0, 37, 243.36 W, 1965 MHz, 3996 MHz, 0 %, 0 MiB
2026/07/30 06:10:51.692, 0, P0, 37, 268.86 W, 1965 MHz, 3996 MHz, 82 %, 158657 MiB
2026/07/30 06:10:51.692, 1, P0, 34, 265.65 W, 1965 MHz, 3996 MHz, 81 %, 158721 MiB
2026/07/30 06:10:51.692, 2, P0, 37, 258.33 W, 1965 MHz, 3996 MHz, 13 %, 158721 MiB
2026/07/30 06:10:51.692, 3, P0, 33, 263.19 W, 1965 MHz, 3996 MHz, 67 %, 158401 MiB
2026/07/30 06:10:51.692, 4, P0, 34, 235.87 W, 1965 MHz, 3996 MHz, 0 %, 0 MiB
2026/07/30 06:10:51.692, 5, P0, 36, 244.27 W, 1965 MHz, 3996 MHz, 0 %, 0 MiB
2026/07/30 06:10:51.692, 6, P0, 33, 242.46 W, 1965 MHz, 3996 MHz, 0 %, 0 MiB
2026/07/30 06:10:51.692, 7, P0, 37, 243.38 W, 1965 MHz, 3996 MHz, 0 %, 0 MiB
2026/07/30 06:10:52.692, 0, P0, 37, 269.01 W, 1965 MHz, 3996 MHz, 66 %, 158657 MiB
2026/07/30 06:10:52.692, 1, P0, 34, 265.51 W, 1965 MHz, 3996 MHz, 88 %, 158721 MiB
2026/07/30 06:10:52.692, 2, P0, 37, 258.39 W, 1965 MHz, 3996 MHz, 13 %, 158721 MiB
2026/07/30 06:10:52.692, 3, P0, 33, 263.42 W, 1965 MHz, 3996 MHz, 43 %, 158401 MiB
2026/07/30 06:10:52.692, 4, P0, 34, 235.78 W, 1965 MHz, 3996 MHz, 0 %, 0 MiB
2026/07/30 06:10:52.692, 5, P0, 36, 244.29 W, 1965 MHz, 3996 MHz, 0 %, 0 MiB
2026/07/30 06:10:52.692, 6, P0, 33, 242.48 W, 1965 MHz, 3996 MHz, 0 %, 0 MiB
2026/07/30 06:10:52.692, 7, P0, 37, 243.34 W, 1965 MHz, 3996 MHz, 0 %, 0 MiB
2026/07/30 06:10:53.692, 0, P0, 37, 268.51 W, 1965 MHz, 3996 MHz, 89 %, 158657 MiB
2026/07/30 06:10:53.692, 1, P0, 34, 265.09 W, 1965 MHz, 3996 MHz, 50 %, 158721 MiB
2026/07/30 06:10:53.692, 2, P0, 37, 258.66 W, 1965 MHz, 3996 MHz, 37 %, 158721 MiB
2026/07/30 06:10:53.692, 3, P0, 33, 262.94 W, 1965 MHz, 3996 MHz, 62 %, 158401 MiB
2026/07/30 06:10:53.692, 4, P0, 34, 235.82 W, 1965 MHz, 3996 MHz, 0 %, 0 MiB
2026/07/30 06:10:53.692, 5, P0, 36, 244.29 W, 1965 MHz, 3996 MHz, 0 %, 0 MiB
2026/07/30 06:10:53.692, 6, P0, 33, 242.45 W, 1965 MHz, 3996 MHz, 0 %, 0 MiB
2026/07/30 06:10:53.692, 7, P0, 37, 243.37 W, 1965 MHz, 3996 MHz, 0 %, 0 MiB
2026/07/30 06:10:54.692, 0, P0, 37, 269.84 W, 1965 MHz, 3996 MHz, 81 %, 158657 MiB
2026/07/30 06:10:54.692, 1, P0, 34, 264.33 W, 1965 MHz, 3996 MHz, 65 %, 158721 MiB
2026/07/30 06:10:54.692, 2, P0, 37, 258.71 W, 1965 MHz, 3996 MHz, 13 %, 158721 MiB
2026/07/30 06:10:54.692, 3, P0, 33, 263.61 W, 1965 MHz, 3996 MHz, 65 %, 158401 MiB
2026/07/30 06:10:54.692, 4, P0, 34, 235.84 W, 1965 MHz, 3996 MHz, 0 %, 0 MiB
2026/07/30 06:10:54.692, 5, P0, 36, 244.21 W, 1965 MHz, 3996 MHz, 0 %, 0 MiB
2026/07/30 06:10:54.693, 6, P0, 33, 242.46 W, 1965 MHz, 3996 MHz, 0 %, 0 MiB
2026/07/30 06:10:54.693, 7, P0, 37, 243.35 W, 1965 MHz, 3996 MHz, 0 %, 0 MiB
2026/07/30 06:10:55.693, 0, P0, 37, 268.07 W, 1965 MHz, 3996 MHz, 87 %, 158657 MiB
2026/07/30 06:10:55.693, 1, P0, 34, 266.18 W, 1965 MHz, 3996 MHz, 80 %, 158721 MiB
2026/07/30 06:10:55.693, 2, P0, 37, 257.86 W, 1965 MHz, 3996 MHz, 13 %, 158721 MiB
2026/07/30 06:10:55.693, 3, P0, 33, 263.23 W, 1965 MHz, 3996 MHz, 18 %, 158401 MiB
2026/07/30 06:10:55.693, 4, P0, 34, 235.86 W, 1965 MHz, 3996 MHz, 0 %, 0 MiB
2026/07/30 06:10:55.693, 5, P0, 36, 244.29 W, 1965 MHz, 3996 MHz, 0 %, 0 MiB
2026/07/30 06:10:55.693, 6, P0, 33, 242.39 W, 1965 MHz, 3996 MHz, 0 %, 0 MiB
2026/07/30 06:10:55.693, 7, P0, 37, 243.38 W, 1965 MHz, 3996 MHz, 0 %, 0 MiB
2026/07/30 06:10:56.693, 0, P0, 37, 267.93 W, 1965 MHz, 3996 MHz, 84 %, 158657 MiB
2026/07/30 06:10:56.693, 1, P0, 34, 266.23 W, 1965 MHz, 3996 MHz, 86 %, 158721 MiB
2026/07/30 06:10:56.693, 2, P0, 37, 258.48 W, 1965 MHz, 3996 MHz, 13 %, 158721 MiB
2026/07/30 06:10:56.693, 3, P0, 33, 263.37 W, 1965 MHz, 3996 MHz, 50 %, 158401 MiB
2026/07/30 06:10:56.693, 4, P0, 34, 235.79 W, 1965 MHz, 3996 MHz, 0 %, 0 MiB
2026/07/30 06:10:56.693, 5, P0, 36, 244.31 W, 1965 MHz, 3996 MHz, 0 %, 0 MiB
2026/07/30 06:10:56.693, 6, P0, 33, 242.36 W, 1965 MHz, 3996 MHz, 0 %, 0 MiB
2026/07/30 06:10:56.693, 7, P0, 37, 243.38 W, 1965 MHz, 3996 MHz, 0 %, 0 MiB
2026/07/30 06:10:57.693, 0, P0, 37, 268.34 W, 1965 MHz, 3996 MHz, 70 %, 158657 MiB
2026/07/30 06:10:57.693, 1, P0, 34, 264.97 W, 1965 MHz, 3996 MHz, 81 %, 158721 MiB
2026/07/30 06:10:57.693, 2, P0, 37, 259.48 W, 1965 MHz, 3996 MHz, 13 %, 158721 MiB
2026/07/30 06:10:57.693, 3, P0, 33, 264.97 W, 1965 MHz, 3996 MHz, 70 %, 158401 MiB
2026/07/30 06:10:57.693, 4, P0, 34, 235.85 W, 1965 MHz, 3996 MHz, 0 %, 0 MiB
2026/07/30 06:10:57.693, 5, P0, 36, 244.32 W, 1965 MHz, 3996 MHz, 0 %, 0 MiB
2026/07/30 06:10:57.693, 6, P0, 33, 242.45 W, 1965 MHz, 3996 MHz, 0 %, 0 MiB
2026/07/30 06:10:57.693, 7, P0, 37, 243.36 W, 1965 MHz, 3996 MHz, 0 %, 0 MiB
2026/07/30 06:10:58.693, 0, P0, 37, 269.02 W, 1965 MHz, 3996 MHz, 72 %, 158657 MiB
2026/07/30 06:10:58.693, 1, P0, 34, 266.14 W, 1965 MHz, 3996 MHz, 86 %, 158721 MiB
2026/07/30 06:10:58.694, 2, P0, 37, 258.35 W, 1965 MHz, 3996 MHz, 13 %, 158721 MiB
2026/07/30 06:10:58.694, 3, P0, 33, 263.89 W, 1965 MHz, 3996 MHz, 76 %, 158401 MiB
2026/07/30 06:10:58.694, 4, P0, 34, 235.85 W, 1965 MHz, 3996 MHz, 0 %, 0 MiB
2026/07/30 06:10:58.694, 5, P0, 36, 244.24 W, 1965 MHz, 3996 MHz, 0 %, 0 MiB
2026/07/30 06:10:58.694, 6, P0, 33, 242.40 W, 1965 MHz, 3996 MHz, 0 %, 0 MiB
2026/07/30 06:10:58.694, 7, P0, 37, 243.35 W, 1965 MHz, 3996 MHz, 0 %, 0 MiB
2026/07/30 06:10:59.694, 0, P0, 37, 269.44 W, 1965 MHz, 3996 MHz, 82 %, 158657 MiB
2026/07/30 06:10:59.694, 1, P0, 34, 266.21 W, 1965 MHz, 3996 MHz, 86 %, 158721 MiB
2026/07/30 06:10:59.694, 2, P0, 37, 258.62 W, 1965 MHz, 3996 MHz, 13 %, 158721 MiB
2026/07/30 06:10:59.694, 3, P0, 33, 264.66 W, 1965 MHz, 3996 MHz, 72 %, 158401 MiB
2026/07/30 06:10:59.694, 4, P0, 34, 235.79 W, 1965 MHz, 3996 MHz, 0 %, 0 MiB
2026/07/30 06:10:59.694, 5, P0, 36, 244.31 W, 1965 MHz, 3996 MHz, 0 %, 0 MiB
2026/07/30 06:10:59.694, 6, P0, 33, 242.34 W, 1965 MHz, 3996 MHz, 0 %, 0 MiB
2026/07/30 06:10:59.694, 7, P0, 37, 243.32 W, 1965 MHz, 3996 MHz, 0 %, 0 MiB
2026/07/30 06:11:00.694, 0, P0, 37, 270.61 W, 1965 MHz, 3996 MHz, 80 %, 158657 MiB
2026/07/30 06:11:00.694, 1, P0, 34, 265.74 W, 1965 MHz, 3996 MHz, 83 %, 158721 MiB
2026/07/30 06:11:00.694, 2, P0, 37, 259.56 W, 1965 MHz, 3996 MHz, 14 %, 158721 MiB
2026/07/30 06:11:00.694, 3, P0, 33, 264.85 W, 1965 MHz, 3996 MHz, 60 %, 158401 MiB
2026/07/30 06:11:00.694, 4, P0, 34, 235.78 W, 1965 MHz, 3996 MHz, 0 %, 0 MiB
2026/07/30 06:11:00.694, 5, P0, 36, 244.20 W, 1965 MHz, 3996 MHz, 0 %, 0 MiB
2026/07/30 06:11:00.694, 6, P0, 33, 242.42 W, 1965 MHz, 3996 MHz, 0 %, 0 MiB
2026/07/30 06:11:00.694, 7, P0, 37, 243.33 W, 1965 MHz, 3996 MHz, 0 %, 0 MiB
2026/07/30 06:11:01.694, 0, P0, 37, 268.49 W, 1965 MHz, 3996 MHz, 87 %, 158657 MiB
2026/07/30 06:11:01.694, 1, P0, 34, 265.80 W, 1965 MHz, 3996 MHz, 76 %, 158721 MiB
2026/07/30 06:11:01.694, 2, P0, 37, 257.86 W, 1965 MHz, 3996 MHz, 55 %, 158721 MiB
2026/07/30 06:11:01.694, 3, P0, 33, 262.63 W, 1965 MHz, 3996 MHz, 66 %, 158401 MiB
2026/07/30 06:11:01.694, 4, P0, 34, 235.83 W, 1965 MHz, 3996 MHz, 0 %, 0 MiB
2026/07/30 06:11:01.694, 5, P0, 36, 244.26 W, 1965 MHz, 3996 MHz, 0 %, 0 MiB
2026/07/30 06:11:01.694, 6, P0, 33, 242.42 W, 1965 MHz, 3996 MHz, 0 %, 0 MiB
2026/07/30 06:11:01.694, 7, P0, 37, 243.38 W, 1965 MHz, 3996 MHz, 0 %, 0 MiB
2026/07/30 06:11:02.695, 0, P0, 36, 250.96 W, 1965 MHz, 3996 MHz, 0 %, 159411 MiB
2026/07/30 06:11:02.695, 1, P0, 34, 249.95 W, 1965 MHz, 3996 MHz, 0 %, 159507 MiB
2026/07/30 06:11:02.695, 2, P0, 37, 244.54 W, 1965 MHz, 3996 MHz, 0 %, 159507 MiB
2026/07/30 06:11:02.695, 3, P0, 33, 248.41 W, 1965 MHz, 3996 MHz, 0 %, 159027 MiB
2026/07/30 06:11:02.695, 4, P0, 34, 235.77 W, 1965 MHz, 3996 MHz, 0 %, 0 MiB
2026/07/30 06:11:02.695, 5, P0, 36, 244.24 W, 1965 MHz, 3996 MHz, 0 %, 0 MiB
2026/07/30 06:11:02.695, 6, P0, 33, 242.41 W, 1965 MHz, 3996 MHz, 0 %, 0 MiB
2026/07/30 06:11:02.695, 7, P0, 37, 243.35 W, 1965 MHz, 3996 MHz, 0 %, 0 MiB
2026/07/30 06:11:03.695, 0, P0, 39, 333.62 W, 1912 MHz, 3996 MHz, 70 %, 160019 MiB
2026/07/30 06:11:03.695, 1, P0, 34, 300.20 W, 1965 MHz, 3996 MHz, 17 %, 160115 MiB
2026/07/30 06:11:03.695, 2, P0, 37, 317.64 W, 1965 MHz, 3996 MHz, 72 %, 160115 MiB
2026/07/30 06:11:03.695, 3, P0, 33, 306.23 W, 1965 MHz, 3996 MHz, 41 %, 159635 MiB
2026/07/30 06:11:03.695, 4, P0, 34, 235.74 W, 1965 MHz, 3996 MHz, 0 %, 0 MiB
2026/07/30 06:11:03.695, 5, P0, 36, 244.19 W, 1965 MHz, 3996 MHz, 0 %, 0 MiB
2026/07/30 06:11:03.695, 6, P0, 33, 242.38 W, 1965 MHz, 3996 MHz, 0 %, 0 MiB
2026/07/30 06:11:03.695, 7, P0, 37, 243.34 W, 1965 MHz, 3996 MHz, 0 %, 0 MiB
2026/07/30 06:11:04.695, 0, P0, 36, 251.98 W, 1965 MHz, 3996 MHz, 0 %, 160019 MiB
2026/07/30 06:11:04.695, 1, P0, 34, 280.84 W, 1965 MHz, 3996 MHz, 0 %, 160115 MiB
2026/07/30 06:11:04.695, 2, P0, 37, 267.02 W, 1965 MHz, 3996 MHz, 0 %, 160115 MiB
2026/07/30 06:11:04.695, 3, P0, 33, 267.83 W, 1965 MHz, 3996 MHz, 0 %, 159635 MiB
2026/07/30 06:11:04.695, 4, P0, 34, 235.80 W, 1965 MHz, 3996 MHz, 0 %, 0 MiB
2026/07/30 06:11:04.695, 5, P0, 36, 244.26 W, 1965 MHz, 3996 MHz, 0 %, 0 MiB
2026/07/30 06:11:04.695, 6, P0, 33, 242.40 W, 1965 MHz, 3996 MHz, 0 %, 0 MiB
2026/07/30 06:11:04.695, 7, P0, 37, 243.33 W, 1965 MHz, 3996 MHz, 0 %, 0 MiB
2026/07/30 06:11:05.695, 0, P0, 37, 254.53 W, 1965 MHz, 3996 MHz, 81 %, 160019 MiB
2026/07/30 06:11:05.695, 1, P0, 34, 247.47 W, 1965 MHz, 3996 MHz, 28 %, 160115 MiB
2026/07/30 06:11:05.696, 2, P0, 37, 245.43 W, 1965 MHz, 3996 MHz, 16 %, 160115 MiB
2026/07/30 06:11:05.696, 3, P0, 33, 248.72 W, 1965 MHz, 3996 MHz, 64 %, 159635 MiB
2026/07/30 06:11:05.696, 4, P0, 34, 235.82 W, 1965 MHz, 3996 MHz, 0 %, 0 MiB
2026/07/30 06:11:05.696, 5, P0, 36, 244.26 W, 1965 MHz, 3996 MHz, 0 %, 0 MiB
2026/07/30 06:11:05.696, 6, P0, 33, 242.45 W, 1965 MHz, 3996 MHz, 0 %, 0 MiB
2026/07/30 06:11:05.696, 7, P0, 37, 243.34 W, 1965 MHz, 3996 MHz, 0 %, 0 MiB
2026/07/30 06:11:06.696, 0, P0, 38, 336.70 W, 1950 MHz, 3996 MHz, 90 %, 160019 MiB
2026/07/30 06:11:06.696, 1, P0, 39, 305.82 W, 1965 MHz, 3996 MHz, 78 %, 160115 MiB
2026/07/30 06:11:06.696, 2, P0, 37, 321.99 W, 1965 MHz, 3996 MHz, 83 %, 160115 MiB
2026/07/30 06:11:06.696, 3, P0, 33, 311.27 W, 1965 MHz, 3996 MHz, 81 %, 159635 MiB
2026/07/30 06:11:06.696, 4, P0, 34, 235.82 W, 1965 MHz, 3996 MHz, 0 %, 0 MiB
2026/07/30 06:11:06.696, 5, P0, 36, 244.29 W, 1965 MHz, 3996 MHz, 0 %, 0 MiB
2026/07/30 06:11:06.696, 6, P0, 33, 242.40 W, 1965 MHz, 3996 MHz, 0 %, 0 MiB
2026/07/30 06:11:06.696, 7, P0, 37, 243.31 W, 1965 MHz, 3996 MHz, 0 %, 0 MiB
2026/07/30 06:11:07.696, 0, P0, 37, 254.17 W, 1965 MHz, 3996 MHz, 6 %, 160019 MiB
2026/07/30 06:11:07.696, 1, P0, 34, 281.51 W, 1965 MHz, 3996 MHz, 0 %, 160115 MiB
2026/07/30 06:11:07.696, 2, P0, 37, 267.01 W, 1965 MHz, 3996 MHz, 29 %, 160115 MiB
2026/07/30 06:11:07.696, 3, P0, 33, 267.70 W, 1965 MHz, 3996 MHz, 29 %, 159635 MiB
2026/07/30 06:11:07.696, 4, P0, 34, 235.84 W, 1965 MHz, 3996 MHz, 0 %, 0 MiB
2026/07/30 06:11:07.696, 5, P0, 36, 244.29 W, 1965 MHz, 3996 MHz, 0 %, 0 MiB
2026/07/30 06:11:07.696, 6, P0, 33, 242.41 W, 1965 MHz, 3996 MHz, 0 %, 0 MiB
2026/07/30 06:11:07.696, 7, P0, 37, 243.32 W, 1965 MHz, 3996 MHz, 0 %, 0 MiB
2026/07/30 06:11:08.696, 0, P0, 37, 270.38 W, 1965 MHz, 3996 MHz, 83 %, 160019 MiB
2026/07/30 06:11:08.696, 1, P0, 34, 266.08 W, 1965 MHz, 3996 MHz, 87 %, 160115 MiB
2026/07/30 06:11:08.696, 2, P0, 37, 262.40 W, 1965 MHz, 3996 MHz, 74 %, 160115 MiB
2026/07/30 06:11:08.697, 3, P0, 33, 263.36 W, 1965 MHz, 3996 MHz, 30 %, 159635 MiB
2026/07/30 06:11:08.697, 4, P0, 34, 235.84 W, 1965 MHz, 3996 MHz, 0 %, 0 MiB
2026/07/30 06:11:08.697, 5, P0, 36, 244.24 W, 1965 MHz, 3996 MHz, 0 %, 0 MiB
2026/07/30 06:11:08.697, 6, P0, 33, 242.49 W, 1965 MHz, 3996 MHz, 0 %, 0 MiB
2026/07/30 06:11:08.697, 7, P0, 37, 243.37 W, 1965 MHz, 3996 MHz, 0 %, 0 MiB
2026/07/30 06:11:09.697, 0, P0, 37, 268.98 W, 1965 MHz, 3996 MHz, 78 %, 160019 MiB
2026/07/30 06:11:09.697, 1, P0, 34, 266.58 W, 1965 MHz, 3996 MHz, 90 %, 160115 MiB
2026/07/30 06:11:09.697, 2, P0, 37, 260.64 W, 1965 MHz, 3996 MHz, 20 %, 160115 MiB
2026/07/30 06:11:09.697, 3, P0, 33, 263.04 W, 1965 MHz, 3996 MHz, 60 %, 159635 MiB
2026/07/30 06:11:09.697, 4, P0, 34, 235.79 W, 1965 MHz, 3996 MHz, 0 %, 0 MiB
2026/07/30 06:11:09.697, 5, P0, 36, 244.32 W, 1965 MHz, 3996 MHz, 0 %, 0 MiB
2026/07/30 06:11:09.697, 6, P0, 33, 242.46 W, 1965 MHz, 3996 MHz, 0 %, 0 MiB
2026/07/30 06:11:09.697, 7, P0, 37, 243.34 W, 1965 MHz, 3996 MHz, 0 %, 0 MiB
2026/07/30 06:11:10.697, 0, P0, 38, 301.95 W, 1957 MHz, 3996 MHz, 63 %, 160019 MiB
2026/07/30 06:11:10.697, 1, P0, 40, 297.86 W, 1965 MHz, 3996 MHz, 92 %, 160115 MiB
2026/07/30 06:11:10.697, 2, P0, 37, 293.23 W, 1965 MHz, 3996 MHz, 67 %, 160115 MiB
2026/07/30 06:11:10.697, 3, P0, 33, 298.17 W, 1965 MHz, 3996 MHz, 52 %, 159635 MiB
2026/07/30 06:11:10.697, 4, P0, 34, 235.84 W, 1965 MHz, 3996 MHz, 0 %, 0 MiB
2026/07/30 06:11:10.697, 5, P0, 36, 244.37 W, 1965 MHz, 3996 MHz, 0 %, 0 MiB
2026/07/30 06:11:10.697, 6, P0, 33, 242.44 W, 1965 MHz, 3996 MHz, 0 %, 0 MiB
2026/07/30 06:11:10.697, 7, P0, 37, 243.36 W, 1965 MHz, 3996 MHz, 0 %, 0 MiB
2026/07/30 06:11:11.697, 0, P0, 37, 301.85 W, 1965 MHz, 3996 MHz, 84 %, 160019 MiB
2026/07/30 06:11:11.697, 1, P0, 35, 311.41 W, 1965 MHz, 3996 MHz, 73 %, 160115 MiB
2026/07/30 06:11:11.697, 2, P0, 38, 302.29 W, 1965 MHz, 3996 MHz, 20 %, 160115 MiB
2026/07/30 06:11:11.697, 3, P0, 34, 301.63 W, 1965 MHz, 3996 MHz, 77 %, 159635 MiB
2026/07/30 06:11:11.697, 4, P0, 34, 235.84 W, 1965 MHz, 3996 MHz, 0 %, 0 MiB
2026/07/30 06:11:11.697, 5, P0, 36, 244.33 W, 1965 MHz, 3996 MHz, 0 %, 0 MiB
2026/07/30 06:11:11.698, 6, P0, 33, 242.44 W, 1965 MHz, 3996 MHz, 0 %, 0 MiB
2026/07/30 06:11:11.698, 7, P0, 37, 243.33 W, 1965 MHz, 3996 MHz, 0 %, 0 MiB
2026/07/30 06:11:12.698, 0, P0, 37, 252.97 W, 1965 MHz, 3996 MHz, 55 %, 160019 MiB
2026/07/30 06:11:12.698, 1, P0, 34, 250.17 W, 1965 MHz, 3996 MHz, 37 %, 160115 MiB
2026/07/30 06:11:12.698, 2, P0, 37, 246.29 W, 1965 MHz, 3996 MHz, 67 %, 160115 MiB
2026/07/30 06:11:12.698, 3, P0, 33, 249.05 W, 1965 MHz, 3996 MHz, 63 %, 159635 MiB
2026/07/30 06:11:12.698, 4, P0, 34, 235.75 W, 1965 MHz, 3996 MHz, 0 %, 0 MiB
2026/07/30 06:11:12.698, 5, P0, 36, 244.28 W, 1965 MHz, 3996 MHz, 0 %, 0 MiB
2026/07/30 06:11:12.698, 6, P0, 33, 242.45 W, 1965 MHz, 3996 MHz, 0 %, 0 MiB
2026/07/30 06:11:12.698, 7, P0, 37, 243.37 W, 1965 MHz, 3996 MHz, 0 %, 0 MiB
2026/07/30 06:11:13.698, 0, P0, 37, 270.64 W, 1965 MHz, 3996 MHz, 90 %, 160019 MiB
2026/07/30 06:11:13.698, 1, P0, 34, 265.79 W, 1965 MHz, 3996 MHz, 85 %, 160115 MiB
2026/07/30 06:11:13.698, 2, P0, 37, 262.13 W, 1965 MHz, 3996 MHz, 87 %, 160115 MiB
2026/07/30 06:11:13.698, 3, P0, 33, 262.08 W, 1965 MHz, 3996 MHz, 67 %, 159635 MiB
2026/07/30 06:11:13.698, 4, P0, 34, 235.83 W, 1965 MHz, 3996 MHz, 0 %, 0 MiB
2026/07/30 06:11:13.698, 5, P0, 36, 244.33 W, 1965 MHz, 3996 MHz, 0 %, 0 MiB
2026/07/30 06:11:13.698, 6, P0, 33, 242.42 W, 1965 MHz, 3996 MHz, 0 %, 0 MiB
2026/07/30 06:11:13.698, 7, P0, 37, 243.34 W, 1965 MHz, 3996 MHz, 0 %, 0 MiB
2026/07/30 06:11:14.698, 0, P0, 37, 270.38 W, 1965 MHz, 3996 MHz, 73 %, 160019 MiB
2026/07/30 06:11:14.698, 1, P0, 34, 266.32 W, 1965 MHz, 3996 MHz, 89 %, 160115 MiB
2026/07/30 06:11:14.698, 2, P0, 37, 261.68 W, 1965 MHz, 3996 MHz, 93 %, 160115 MiB
2026/07/30 06:11:14.698, 3, P0, 33, 262.56 W, 1965 MHz, 3996 MHz, 33 %, 159635 MiB
2026/07/30 06:11:14.698, 4, P0, 34, 235.73 W, 1965 MHz, 3996 MHz, 0 %, 0 MiB
2026/07/30 06:11:14.698, 5, P0, 36, 244.30 W, 1965 MHz, 3996 MHz, 0 %, 0 MiB
2026/07/30 06:11:14.698, 6, P0, 33, 242.43 W, 1965 MHz, 3996 MHz, 0 %, 0 MiB
2026/07/30 06:11:14.698, 7, P0, 37, 243.37 W, 1965 MHz, 3996 MHz, 0 %, 0 MiB
2026/07/30 06:11:15.699, 0, P0, 37, 270.06 W, 1965 MHz, 3996 MHz, 87 %, 160019 MiB
2026/07/30 06:11:15.699, 1, P0, 34, 266.16 W, 1965 MHz, 3996 MHz, 86 %, 160115 MiB
2026/07/30 06:11:15.699, 2, P0, 37, 261.00 W, 1965 MHz, 3996 MHz, 13 %, 160115 MiB
2026/07/30 06:11:15.699, 3, P0, 33, 264.10 W, 1965 MHz, 3996 MHz, 88 %, 159635 MiB
2026/07/30 06:11:15.699, 4, P0, 34, 235.81 W, 1965 MHz, 3996 MHz, 0 %, 0 MiB
2026/07/30 06:11:15.699, 5, P0, 36, 244.32 W, 1965 MHz, 3996 MHz, 0 %, 0 MiB
2026/07/30 06:11:15.699, 6, P0, 33, 242.43 W, 1965 MHz, 3996 MHz, 0 %, 0 MiB
2026/07/30 06:11:15.699, 7, P0, 37, 243.36 W, 1965 MHz, 3996 MHz, 0 %, 0 MiB
2026/07/30 06:11:16.699, 0, P0, 37, 270.17 W, 1965 MHz, 3996 MHz, 89 %, 160019 MiB
2026/07/30 06:11:16.699, 1, P0, 34, 266.10 W, 1965 MHz, 3996 MHz, 80 %, 160115 MiB
2026/07/30 06:11:16.699, 2, P0, 37, 259.31 W, 1965 MHz, 3996 MHz, 13 %, 160115 MiB
2026/07/30 06:11:16.699, 3, P0, 33, 265.83 W, 1965 MHz, 3996 MHz, 87 %, 159635 MiB
2026/07/30 06:11:16.699, 4, P0, 34, 235.87 W, 1965 MHz, 3996 MHz, 0 %, 0 MiB
2026/07/30 06:11:16.699, 5, P0, 36, 244.30 W, 1965 MHz, 3996 MHz, 0 %, 0 MiB
2026/07/30 06:11:16.699, 6, P0, 33, 242.41 W, 1965 MHz, 3996 MHz, 0 %, 0 MiB
2026/07/30 06:11:16.699, 7, P0, 37, 243.35 W, 1965 MHz, 3996 MHz, 0 %, 0 MiB
2026/07/30 06:11:17.699, 0, P0, 37, 269.53 W, 1965 MHz, 3996 MHz, 76 %, 160019 MiB
2026/07/30 06:11:17.699, 1, P0, 34, 266.07 W, 1965 MHz, 3996 MHz, 67 %, 160115 MiB
2026/07/30 06:11:17.699, 2, P0, 37, 261.10 W, 1965 MHz, 3996 MHz, 29 %, 160115 MiB
2026/07/30 06:11:17.699, 3, P0, 33, 264.77 W, 1965 MHz, 3996 MHz, 66 %, 159635 MiB
2026/07/30 06:11:17.699, 4, P0, 34, 235.82 W, 1965 MHz, 3996 MHz, 0 %, 0 MiB
2026/07/30 06:11:17.699, 5, P0, 36, 244.35 W, 1965 MHz, 3996 MHz, 0 %, 0 MiB
2026/07/30 06:11:17.699, 6, P0, 33, 242.40 W, 1965 MHz, 3996 MHz, 0 %, 0 MiB
2026/07/30 06:11:17.699, 7, P0, 37, 243.35 W, 1965 MHz, 3996 MHz, 0 %, 0 MiB
2026/07/30 06:11:18.699, 0, P0, 37, 269.45 W, 1965 MHz, 3996 MHz, 76 %, 160019 MiB
2026/07/30 06:11:18.699, 1, P0, 34, 265.67 W, 1965 MHz, 3996 MHz, 78 %, 160115 MiB
2026/07/30 06:11:18.700, 2, P0, 37, 260.89 W, 1965 MHz, 3996 MHz, 13 %, 160115 MiB
2026/07/30 06:11:18.700, 3, P0, 33, 265.07 W, 1965 MHz, 3996 MHz, 81 %, 159635 MiB
2026/07/30 06:11:18.700, 4, P0, 34, 235.84 W, 1965 MHz, 3996 MHz, 0 %, 0 MiB
2026/07/30 06:11:18.700, 5, P0, 36, 244.33 W, 1965 MHz, 3996 MHz, 0 %, 0 MiB
2026/07/30 06:11:18.700, 6, P0, 33, 242.44 W, 1965 MHz, 3996 MHz, 0 %, 0 MiB
2026/07/30 06:11:18.700, 7, P0, 37, 243.38 W, 1965 MHz, 3996 MHz, 0 %, 0 MiB
2026/07/30 06:11:19.700, 0, P0, 37, 270.19 W, 1965 MHz, 3996 MHz, 65 %, 160019 MiB
2026/07/30 06:11:19.700, 1, P0, 34, 266.17 W, 1965 MHz, 3996 MHz, 76 %, 160115 MiB
2026/07/30 06:11:19.700, 2, P0, 37, 260.06 W, 1965 MHz, 3996 MHz, 25 %, 160115 MiB
2026/07/30 06:11:19.700, 3, P0, 33, 264.87 W, 1965 MHz, 3996 MHz, 87 %, 159635 MiB
2026/07/30 06:11:19.700, 4, P0, 34, 235.83 W, 1965 MHz, 3996 MHz, 0 %, 0 MiB
2026/07/30 06:11:19.700, 5, P0, 36, 244.37 W, 1965 MHz, 3996 MHz, 0 %, 0 MiB
2026/07/30 06:11:19.700, 6, P0, 33, 242.41 W, 1965 MHz, 3996 MHz, 0 %, 0 MiB
2026/07/30 06:11:19.700, 7, P0, 37, 243.37 W, 1965 MHz, 3996 MHz, 0 %, 0 MiB
2026/07/30 06:11:20.700, 0, P0, 37, 269.38 W, 1965 MHz, 3996 MHz, 66 %, 160019 MiB
2026/07/30 06:11:20.700, 1, P0, 34, 266.94 W, 1965 MHz, 3996 MHz, 82 %, 160115 MiB
2026/07/30 06:11:20.700, 2, P0, 37, 259.10 W, 1965 MHz, 3996 MHz, 13 %, 160115 MiB
2026/07/30 06:11:20.700, 3, P0, 33, 266.28 W, 1965 MHz, 3996 MHz, 85 %, 159635 MiB
2026/07/30 06:11:20.700, 4, P0, 34, 235.80 W, 1965 MHz, 3996 MHz, 0 %, 0 MiB
2026/07/30 06:11:20.700, 5, P0, 36, 244.46 W, 1965 MHz, 3996 MHz, 0 %, 0 MiB
2026/07/30 06:11:20.700, 6, P0, 33, 242.40 W, 1965 MHz, 3996 MHz, 0 %, 0 MiB
2026/07/30 06:11:20.700, 7, P0, 37, 243.38 W, 1965 MHz, 3996 MHz, 0 %, 0 MiB
2026/07/30 06:11:21.700, 0, P0, 37, 270.20 W, 1965 MHz, 3996 MHz, 70 %, 160019 MiB
2026/07/30 06:11:21.700, 1, P0, 34, 266.71 W, 1965 MHz, 3996 MHz, 75 %, 160115 MiB
2026/07/30 06:11:21.700, 2, P0, 37, 259.42 W, 1965 MHz, 3996 MHz, 13 %, 160115 MiB
2026/07/30 06:11:21.700, 3, P0, 33, 265.67 W, 1965 MHz, 3996 MHz, 87 %, 159635 MiB
2026/07/30 06:11:21.700, 4, P0, 34, 235.84 W, 1965 MHz, 3996 MHz, 0 %, 0 MiB
2026/07/30 06:11:21.700, 5, P0, 36, 244.29 W, 1965 MHz, 3996 MHz, 0 %, 0 MiB
2026/07/30 06:11:21.700, 6, P0, 33, 242.44 W, 1965 MHz, 3996 MHz, 0 %, 0 MiB
2026/07/30 06:11:21.701, 7, P0, 37, 243.34 W, 1965 MHz, 3996 MHz, 0 %, 0 MiB
2026/07/30 06:11:22.701, 0, P0, 37, 270.12 W, 1965 MHz, 3996 MHz, 89 %, 160019 MiB
2026/07/30 06:11:22.701, 1, P0, 34, 267.38 W, 1965 MHz, 3996 MHz, 81 %, 160115 MiB
2026/07/30 06:11:22.701, 2, P0, 37, 260.20 W, 1965 MHz, 3996 MHz, 48 %, 160115 MiB
2026/07/30 06:11:22.701, 3, P0, 33, 266.18 W, 1965 MHz, 3996 MHz, 84 %, 159635 MiB
2026/07/30 06:11:22.701, 4, P0, 34, 235.88 W, 1965 MHz, 3996 MHz, 0 %, 0 MiB
2026/07/30 06:11:22.701, 5, P0, 36, 244.29 W, 1965 MHz, 3996 MHz, 0 %, 0 MiB
2026/07/30 06:11:22.701, 6, P0, 33, 242.50 W, 1965 MHz, 3996 MHz, 0 %, 0 MiB
2026/07/30 06:11:22.701, 7, P0, 37, 243.32 W, 1965 MHz, 3996 MHz, 0 %, 0 MiB
2026/07/30 06:11:23.701, 0, P0, 37, 269.63 W, 1965 MHz, 3996 MHz, 85 %, 160019 MiB
2026/07/30 06:11:23.701, 1, P0, 34, 267.58 W, 1965 MHz, 3996 MHz, 85 %, 160115 MiB
2026/07/30 06:11:23.701, 2, P0, 37, 260.48 W, 1965 MHz, 3996 MHz, 13 %, 160115 MiB
2026/07/30 06:11:23.701, 3, P0, 33, 266.49 W, 1965 MHz, 3996 MHz, 87 %, 159635 MiB
2026/07/30 06:11:23.701, 4, P0, 34, 235.85 W, 1965 MHz, 3996 MHz, 0 %, 0 MiB
2026/07/30 06:11:23.701, 5, P0, 36, 244.25 W, 1965 MHz, 3996 MHz, 0 %, 0 MiB
2026/07/30 06:11:23.701, 6, P0, 33, 242.47 W, 1965 MHz, 3996 MHz, 0 %, 0 MiB
2026/07/30 06:11:23.701, 7, P0, 37, 243.34 W, 1965 MHz, 3996 MHz, 0 %, 0 MiB
2026/07/30 06:11:24.701, 0, P0, 37, 269.02 W, 1965 MHz, 3996 MHz, 87 %, 160019 MiB
2026/07/30 06:11:24.701, 1, P0, 34, 266.51 W, 1965 MHz, 3996 MHz, 84 %, 160115 MiB
2026/07/30 06:11:24.701, 2, P0, 37, 260.20 W, 1965 MHz, 3996 MHz, 15 %, 160115 MiB
2026/07/30 06:11:24.701, 3, P0, 33, 265.27 W, 1965 MHz, 3996 MHz, 78 %, 159635 MiB
2026/07/30 06:11:24.701, 4, P0, 34, 235.81 W, 1965 MHz, 3996 MHz, 0 %, 0 MiB
2026/07/30 06:11:24.701, 5, P0, 36, 244.29 W, 1965 MHz, 3996 MHz, 0 %, 0 MiB
2026/07/30 06:11:24.701, 6, P0, 33, 242.49 W, 1965 MHz, 3996 MHz, 0 %, 0 MiB
2026/07/30 06:11:24.701, 7, P0, 37, 243.39 W, 1965 MHz, 3996 MHz, 0 %, 0 MiB
2026/07/30 06:11:25.701, 0, P0, 37, 281.92 W, 1965 MHz, 3996 MHz, 70 %, 160019 MiB
2026/07/30 06:11:25.701, 1, P0, 34, 267.47 W, 1965 MHz, 3996 MHz, 58 %, 160115 MiB
2026/07/30 06:11:25.701, 2, P0, 37, 270.25 W, 1965 MHz, 3996 MHz, 17 %, 160115 MiB
2026/07/30 06:11:25.702, 3, P0, 34, 279.37 W, 1965 MHz, 3996 MHz, 73 %, 159635 MiB
2026/07/30 06:11:25.702, 4, P0, 34, 235.87 W, 1965 MHz, 3996 MHz, 0 %, 0 MiB
2026/07/30 06:11:25.702, 5, P0, 36, 244.26 W, 1965 MHz, 3996 MHz, 0 %, 0 MiB
2026/07/30 06:11:25.702, 6, P0, 33, 242.41 W, 1965 MHz, 3996 MHz, 0 %, 0 MiB
2026/07/30 06:11:25.702, 7, P0, 37, 243.34 W, 1965 MHz, 3996 MHz, 0 %, 0 MiB
2026/07/30 06:11:26.702, 0, P0, 37, 260.96 W, 1965 MHz, 3996 MHz, 0 %, 160019 MiB
2026/07/30 06:11:26.702, 1, P0, 34, 267.22 W, 1965 MHz, 3996 MHz, 0 %, 160115 MiB
2026/07/30 06:11:26.702, 2, P0, 37, 257.88 W, 1965 MHz, 3996 MHz, 0 %, 160115 MiB
2026/07/30 06:11:26.702, 3, P0, 33, 266.41 W, 1965 MHz, 3996 MHz, 0 %, 159635 MiB
2026/07/30 06:11:26.702, 4, P0, 34, 235.85 W, 1965 MHz, 3996 MHz, 0 %, 0 MiB
2026/07/30 06:11:26.702, 5, P0, 36, 244.27 W, 1965 MHz, 3996 MHz, 0 %, 0 MiB
2026/07/30 06:11:26.702, 6, P0, 33, 242.40 W, 1965 MHz, 3996 MHz, 0 %, 0 MiB
2026/07/30 06:11:26.702, 7, P0, 37, 243.36 W, 1965 MHz, 3996 MHz, 0 %, 0 MiB
2026/07/30 06:11:27.702, 0, P0, 37, 248.98 W, 1965 MHz, 3996 MHz, 72 %, 160019 MiB
2026/07/30 06:11:27.702, 1, P0, 34, 243.75 W, 1965 MHz, 3996 MHz, 0 %, 160115 MiB
2026/07/30 06:11:27.702, 2, P0, 37, 240.41 W, 1965 MHz, 3996 MHz, 30 %, 160115 MiB
2026/07/30 06:11:27.702, 3, P0, 33, 243.62 W, 1965 MHz, 3996 MHz, 63 %, 159635 MiB
2026/07/30 06:11:27.702, 4, P0, 34, 235.85 W, 1965 MHz, 3996 MHz, 0 %, 0 MiB
2026/07/30 06:11:27.702, 5, P0, 36, 244.32 W, 1965 MHz, 3996 MHz, 0 %, 0 MiB
2026/07/30 06:11:27.702, 6, P0, 33, 242.42 W, 1965 MHz, 3996 MHz, 0 %, 0 MiB
2026/07/30 06:11:27.702, 7, P0, 37, 243.37 W, 1965 MHz, 3996 MHz, 0 %, 0 MiB
2026/07/30 06:11:28.702, 0, P0, 37, 282.85 W, 1965 MHz, 3996 MHz, 46 %, 160019 MiB
2026/07/30 06:11:28.702, 1, P0, 34, 279.58 W, 1965 MHz, 3996 MHz, 71 %, 160115 MiB
2026/07/30 06:11:28.702, 2, P0, 37, 270.30 W, 1965 MHz, 3996 MHz, 13 %, 160115 MiB
2026/07/30 06:11:28.702, 3, P0, 33, 268.03 W, 1965 MHz, 3996 MHz, 78 %, 159635 MiB
2026/07/30 06:11:28.702, 4, P0, 34, 235.88 W, 1965 MHz, 3996 MHz, 0 %, 0 MiB
2026/07/30 06:11:28.702, 5, P0, 36, 244.27 W, 1965 MHz, 3996 MHz, 0 %, 0 MiB
2026/07/30 06:11:28.702, 6, P0, 33, 242.43 W, 1965 MHz, 3996 MHz, 0 %, 0 MiB
2026/07/30 06:11:28.702, 7, P0, 37, 243.36 W, 1965 MHz, 3996 MHz, 0 %, 0 MiB
2026/07/30 06:11:29.702, 0, P0, 37, 266.51 W, 1965 MHz, 3996 MHz, 0 %, 160019 MiB
2026/07/30 06:11:29.703, 1, P0, 34, 260.75 W, 1965 MHz, 3996 MHz, 0 %, 160115 MiB
2026/07/30 06:11:29.703, 2, P0, 37, 254.64 W, 1965 MHz, 3996 MHz, 0 %, 160115 MiB
2026/07/30 06:11:29.703, 3, P0, 33, 263.98 W, 1965 MHz, 3996 MHz, 0 %, 159635 MiB
2026/07/30 06:11:29.703, 4, P0, 34, 235.85 W, 1965 MHz, 3996 MHz, 0 %, 0 MiB
2026/07/30 06:11:29.703, 5, P0, 36, 244.29 W, 1965 MHz, 3996 MHz, 0 %, 0 MiB
2026/07/30 06:11:29.703, 6, P0, 33, 242.41 W, 1965 MHz, 3996 MHz, 0 %, 0 MiB
2026/07/30 06:11:29.703, 7, P0, 37, 243.34 W, 1965 MHz, 3996 MHz, 0 %, 0 MiB
2026/07/30 06:11:30.703, 0, P0, 37, 268.42 W, 1965 MHz, 3996 MHz, 86 %, 160019 MiB
2026/07/30 06:11:30.703, 1, P0, 34, 263.31 W, 1965 MHz, 3996 MHz, 70 %, 160115 MiB
2026/07/30 06:11:30.703, 2, P0, 37, 254.79 W, 1965 MHz, 3996 MHz, 12 %, 160115 MiB
2026/07/30 06:11:30.703, 3, P0, 33, 262.97 W, 1965 MHz, 3996 MHz, 82 %, 159635 MiB
2026/07/30 06:11:30.703, 4, P0, 34, 235.82 W, 1965 MHz, 3996 MHz, 0 %, 0 MiB
2026/07/30 06:11:30.703, 5, P0, 36, 244.32 W, 1965 MHz, 3996 MHz, 0 %, 0 MiB
2026/07/30 06:11:30.703, 6, P0, 33, 242.41 W, 1965 MHz, 3996 MHz, 0 %, 0 MiB
2026/07/30 06:11:30.703, 7, P0, 37, 243.40 W, 1965 MHz, 3996 MHz, 0 %, 0 MiB
2026/07/30 06:11:31.703, 0, P0, 37, 271.82 W, 1965 MHz, 3996 MHz, 39 %, 160019 MiB
2026/07/30 06:11:31.703, 1, P0, 34, 268.67 W, 1965 MHz, 3996 MHz, 84 %, 160115 MiB
2026/07/30 06:11:31.703, 2, P0, 37, 258.78 W, 1965 MHz, 3996 MHz, 24 %, 160115 MiB
2026/07/30 06:11:31.703, 3, P0, 33, 266.85 W, 1965 MHz, 3996 MHz, 87 %, 159635 MiB
2026/07/30 06:11:31.703, 4, P0, 34, 235.82 W, 1965 MHz, 3996 MHz, 0 %, 0 MiB
2026/07/30 06:11:31.703, 5, P0, 36, 244.27 W, 1965 MHz, 3996 MHz, 0 %, 0 MiB
2026/07/30 06:11:31.703, 6, P0, 33, 242.44 W, 1965 MHz, 3996 MHz, 0 %, 0 MiB
2026/07/30 06:11:31.703, 7, P0, 37, 243.36 W, 1965 MHz, 3996 MHz, 0 %, 0 MiB
2026/07/30 06:11:32.703, 0, P0, 37, 271.01 W, 1965 MHz, 3996 MHz, 63 %, 160019 MiB
2026/07/30 06:11:32.703, 1, P0, 34, 268.44 W, 1965 MHz, 3996 MHz, 73 %, 160115 MiB
2026/07/30 06:11:32.703, 2, P0, 37, 259.61 W, 1965 MHz, 3996 MHz, 40 %, 160115 MiB
2026/07/30 06:11:32.703, 3, P0, 33, 265.90 W, 1965 MHz, 3996 MHz, 38 %, 159635 MiB
2026/07/30 06:11:32.703, 4, P0, 34, 235.84 W, 1965 MHz, 3996 MHz, 0 %, 0 MiB
2026/07/30 06:11:32.703, 5, P0, 36, 244.27 W, 1965 MHz, 3996 MHz, 0 %, 0 MiB
2026/07/30 06:11:32.704, 6, P0, 33, 242.45 W, 1965 MHz, 3996 MHz, 0 %, 0 MiB
2026/07/30 06:11:32.704, 7, P0, 37, 243.37 W, 1965 MHz, 3996 MHz, 0 %, 0 MiB
2026/07/30 06:11:33.704, 0, P0, 37, 288.90 W, 1965 MHz, 3996 MHz, 62 %, 160019 MiB
2026/07/30 06:11:33.704, 1, P0, 34, 287.02 W, 1965 MHz, 3996 MHz, 80 %, 160115 MiB
2026/07/30 06:11:33.704, 2, P0, 37, 259.89 W, 1965 MHz, 3996 MHz, 23 %, 160115 MiB
2026/07/30 06:11:33.704, 3, P0, 34, 286.55 W, 1965 MHz, 3996 MHz, 85 %, 159635 MiB
2026/07/30 06:11:33.704, 4, P0, 34, 235.87 W, 1965 MHz, 3996 MHz, 0 %, 0 MiB
2026/07/30 06:11:33.704, 5, P0, 36, 244.24 W, 1965 MHz, 3996 MHz, 0 %, 0 MiB
2026/07/30 06:11:33.704, 6, P0, 33, 242.44 W, 1965 MHz, 3996 MHz, 0 %, 0 MiB
2026/07/30 06:11:33.704, 7, P0, 37, 243.38 W, 1965 MHz, 3996 MHz, 0 %, 0 MiB
2026/07/30 06:11:34.704, 0, P0, 37, 254.58 W, 1965 MHz, 3996 MHz, 84 %, 160019 MiB
2026/07/30 06:11:34.704, 1, P0, 34, 249.67 W, 1965 MHz, 3996 MHz, 0 %, 160115 MiB
2026/07/30 06:11:34.704, 2, P0, 37, 246.15 W, 1965 MHz, 3996 MHz, 12 %, 160115 MiB
2026/07/30 06:11:34.704, 3, P0, 33, 250.25 W, 1965 MHz, 3996 MHz, 65 %, 159635 MiB
2026/07/30 06:11:34.704, 4, P0, 34, 235.84 W, 1965 MHz, 3996 MHz, 0 %, 0 MiB
2026/07/30 06:11:34.704, 5, P0, 36, 244.30 W, 1965 MHz, 3996 MHz, 0 %, 0 MiB
2026/07/30 06:11:34.704, 6, P0, 33, 242.40 W, 1965 MHz, 3996 MHz, 0 %, 0 MiB
2026/07/30 06:11:34.704, 7, P0, 37, 243.38 W, 1965 MHz, 3996 MHz, 0 %, 0 MiB
2026/07/30 06:11:35.704, 0, P0, 37, 271.33 W, 1965 MHz, 3996 MHz, 85 %, 160019 MiB
2026/07/30 06:11:35.704, 1, P0, 34, 269.20 W, 1965 MHz, 3996 MHz, 83 %, 160115 MiB
2026/07/30 06:11:35.704, 2, P0, 37, 257.83 W, 1965 MHz, 3996 MHz, 36 %, 160115 MiB
2026/07/30 06:11:35.704, 3, P0, 33, 264.22 W, 1965 MHz, 3996 MHz, 45 %, 159635 MiB
2026/07/30 06:11:35.704, 4, P0, 34, 235.88 W, 1965 MHz, 3996 MHz, 0 %, 0 MiB
2026/07/30 06:11:35.704, 5, P0, 36, 244.25 W, 1965 MHz, 3996 MHz, 0 %, 0 MiB
2026/07/30 06:11:35.704, 6, P0, 33, 242.40 W, 1965 MHz, 3996 MHz, 0 %, 0 MiB
2026/07/30 06:11:35.704, 7, P0, 37, 243.36 W, 1965 MHz, 3996 MHz, 0 %, 0 MiB
2026/07/30 06:11:36.704, 0, P0, 37, 270.72 W, 1965 MHz, 3996 MHz, 88 %, 160019 MiB
2026/07/30 06:11:36.705, 1, P0, 34, 268.23 W, 1965 MHz, 3996 MHz, 72 %, 160115 MiB
2026/07/30 06:11:36.705, 2, P0, 37, 258.43 W, 1965 MHz, 3996 MHz, 13 %, 160115 MiB
2026/07/30 06:11:36.705, 3, P0, 33, 265.53 W, 1965 MHz, 3996 MHz, 70 %, 159635 MiB
2026/07/30 06:11:36.705, 4, P0, 34, 235.88 W, 1965 MHz, 3996 MHz, 0 %, 0 MiB
2026/07/30 06:11:36.705, 5, P0, 36, 244.30 W, 1965 MHz, 3996 MHz, 0 %, 0 MiB
2026/07/30 06:11:36.705, 6, P0, 33, 242.43 W, 1965 MHz, 3996 MHz, 0 %, 0 MiB
2026/07/30 06:11:36.705, 7, P0, 37, 243.35 W, 1965 MHz, 3996 MHz, 0 %, 0 MiB
2026/07/30 06:11:37.705, 0, P0, 37, 270.83 W, 1965 MHz, 3996 MHz, 64 %, 160019 MiB
2026/07/30 06:11:37.705, 1, P0, 34, 267.78 W, 1965 MHz, 3996 MHz, 76 %, 160115 MiB
2026/07/30 06:11:37.705, 2, P0, 37, 259.06 W, 1965 MHz, 3996 MHz, 14 %, 160115 MiB
2026/07/30 06:11:37.705, 3, P0, 33, 265.90 W, 1965 MHz, 3996 MHz, 68 %, 159635 MiB
2026/07/30 06:11:37.705, 4, P0, 34, 235.80 W, 1965 MHz, 3996 MHz, 0 %, 0 MiB
2026/07/30 06:11:37.705, 5, P0, 36, 244.28 W, 1965 MHz, 3996 MHz, 0 %, 0 MiB
2026/07/30 06:11:37.705, 6, P0, 33, 242.39 W, 1965 MHz, 3996 MHz, 0 %, 0 MiB
2026/07/30 06:11:37.705, 7, P0, 37, 243.31 W, 1965 MHz, 3996 MHz, 0 %, 0 MiB
2026/07/30 06:11:38.705, 0, P0, 37, 273.44 W, 1965 MHz, 3996 MHz, 85 %, 160019 MiB
2026/07/30 06:11:38.705, 1, P0, 34, 267.66 W, 1965 MHz, 3996 MHz, 72 %, 160115 MiB
2026/07/30 06:11:38.705, 2, P0, 37, 258.35 W, 1965 MHz, 3996 MHz, 39 %, 160115 MiB
2026/07/30 06:11:38.705, 3, P0, 33, 265.39 W, 1965 MHz, 3996 MHz, 46 %, 159635 MiB
2026/07/30 06:11:38.705, 4, P0, 34, 235.83 W, 1965 MHz, 3996 MHz, 0 %, 0 MiB
2026/07/30 06:11:38.705, 5, P0, 36, 244.24 W, 1965 MHz, 3996 MHz, 0 %, 0 MiB
2026/07/30 06:11:38.705, 6, P0, 33, 242.46 W, 1965 MHz, 3996 MHz, 0 %, 0 MiB
2026/07/30 06:11:38.705, 7, P0, 37, 243.34 W, 1965 MHz, 3996 MHz, 0 %, 0 MiB
2026/07/30 06:11:39.705, 0, P0, 37, 269.78 W, 1965 MHz, 3996 MHz, 34 %, 160019 MiB
2026/07/30 06:11:39.705, 1, P0, 34, 267.35 W, 1965 MHz, 3996 MHz, 77 %, 160115 MiB
2026/07/30 06:11:39.705, 2, P0, 37, 258.52 W, 1965 MHz, 3996 MHz, 13 %, 160115 MiB
2026/07/30 06:11:39.705, 3, P0, 33, 266.91 W, 1965 MHz, 3996 MHz, 71 %, 159635 MiB
2026/07/30 06:11:39.706, 4, P0, 34, 235.80 W, 1965 MHz, 3996 MHz, 0 %, 0 MiB
2026/07/30 06:11:39.706, 5, P0, 36, 244.23 W, 1965 MHz, 3996 MHz, 0 %, 0 MiB
2026/07/30 06:11:39.706, 6, P0, 33, 242.45 W, 1965 MHz, 3996 MHz, 0 %, 0 MiB
2026/07/30 06:11:39.706, 7, P0, 37, 243.36 W, 1965 MHz, 3996 MHz, 0 %, 0 MiB
2026/07/30 06:11:40.706, 0, P0, 37, 269.90 W, 1965 MHz, 3996 MHz, 75 %, 160019 MiB
2026/07/30 06:11:40.706, 1, P0, 34, 266.93 W, 1965 MHz, 3996 MHz, 64 %, 160115 MiB
2026/07/30 06:11:40.706, 2, P0, 37, 258.99 W, 1965 MHz, 3996 MHz, 20 %, 160115 MiB
2026/07/30 06:11:40.706, 3, P0, 33, 267.71 W, 1965 MHz, 3996 MHz, 80 %, 159635 MiB
2026/07/30 06:11:40.706, 4, P0, 34, 235.80 W, 1965 MHz, 3996 MHz, 0 %, 0 MiB
2026/07/30 06:11:40.706, 5, P0, 36, 244.23 W, 1965 MHz, 3996 MHz, 0 %, 0 MiB
2026/07/30 06:11:40.706, 6, P0, 33, 242.48 W, 1965 MHz, 3996 MHz, 0 %, 0 MiB
2026/07/30 06:11:40.706, 7, P0, 37, 243.30 W, 1965 MHz, 3996 MHz, 0 %, 0 MiB
2026/07/30 06:11:41.706, 0, P0, 37, 269.69 W, 1965 MHz, 3996 MHz, 78 %, 160019 MiB
2026/07/30 06:11:41.706, 1, P0, 34, 266.63 W, 1965 MHz, 3996 MHz, 66 %, 160115 MiB
2026/07/30 06:11:41.706, 2, P0, 37, 259.50 W, 1965 MHz, 3996 MHz, 12 %, 160115 MiB
2026/07/30 06:11:41.706, 3, P0, 33, 266.94 W, 1965 MHz, 3996 MHz, 79 %, 159635 MiB
2026/07/30 06:11:41.706, 4, P0, 34, 235.82 W, 1965 MHz, 3996 MHz, 0 %, 0 MiB
2026/07/30 06:11:41.706, 5, P0, 36, 244.29 W, 1965 MHz, 3996 MHz, 0 %, 0 MiB
2026/07/30 06:11:41.706, 6, P0, 33, 242.45 W, 1965 MHz, 3996 MHz, 0 %, 0 MiB
2026/07/30 06:11:41.706, 7, P0, 37, 243.34 W, 1965 MHz, 3996 MHz, 0 %, 0 MiB
2026/07/30 06:11:42.706, 0, P0, 37, 269.95 W, 1965 MHz, 3996 MHz, 59 %, 160019 MiB
2026/07/30 06:11:42.706, 1, P0, 34, 267.38 W, 1965 MHz, 3996 MHz, 72 %, 160115 MiB
2026/07/30 06:11:42.706, 2, P0, 37, 258.27 W, 1965 MHz, 3996 MHz, 17 %, 160115 MiB
2026/07/30 06:11:42.706, 3, P0, 33, 266.41 W, 1965 MHz, 3996 MHz, 64 %, 159635 MiB
2026/07/30 06:11:42.706, 4, P0, 34, 235.88 W, 1965 MHz, 3996 MHz, 0 %, 0 MiB
2026/07/30 06:11:42.706, 5, P0, 36, 244.30 W, 1965 MHz, 3996 MHz, 0 %, 0 MiB
2026/07/30 06:11:42.706, 6, P0, 33, 242.46 W, 1965 MHz, 3996 MHz, 0 %, 0 MiB
2026/07/30 06:11:42.706, 7, P0, 37, 243.38 W, 1965 MHz, 3996 MHz, 0 %, 0 MiB
2026/07/30 06:11:43.707, 0, P0, 37, 271.33 W, 1965 MHz, 3996 MHz, 56 %, 160019 MiB
2026/07/30 06:11:43.707, 1, P0, 34, 266.56 W, 1965 MHz, 3996 MHz, 73 %, 160115 MiB
2026/07/30 06:11:43.707, 2, P0, 37, 258.92 W, 1965 MHz, 3996 MHz, 35 %, 160115 MiB
2026/07/30 06:11:43.707, 3, P0, 33, 266.10 W, 1965 MHz, 3996 MHz, 26 %, 159635 MiB
2026/07/30 06:11:43.707, 4, P0, 34, 235.85 W, 1965 MHz, 3996 MHz, 0 %, 0 MiB
2026/07/30 06:11:43.707, 5, P0, 36, 244.28 W, 1965 MHz, 3996 MHz, 0 %, 0 MiB
2026/07/30 06:11:43.707, 6, P0, 33, 242.45 W, 1965 MHz, 3996 MHz, 0 %, 0 MiB
2026/07/30 06:11:43.707, 7, P0, 37, 243.40 W, 1965 MHz, 3996 MHz, 0 %, 0 MiB
2026/07/30 06:11:44.707, 0, P0, 37, 270.96 W, 1965 MHz, 3996 MHz, 80 %, 160019 MiB
2026/07/30 06:11:44.707, 1, P0, 34, 269.49 W, 1965 MHz, 3996 MHz, 80 %, 160115 MiB
2026/07/30 06:11:44.707, 2, P0, 37, 258.59 W, 1965 MHz, 3996 MHz, 41 %, 160115 MiB
2026/07/30 06:11:44.707, 3, P0, 33, 264.54 W, 1965 MHz, 3996 MHz, 67 %, 159635 MiB
2026/07/30 06:11:44.707, 4, P0, 34, 235.89 W, 1965 MHz, 3996 MHz, 0 %, 0 MiB
2026/07/30 06:11:44.707, 5, P0, 36, 244.37 W, 1965 MHz, 3996 MHz, 0 %, 0 MiB
2026/07/30 06:11:44.707, 6, P0, 33, 242.44 W, 1965 MHz, 3996 MHz, 0 %, 0 MiB
2026/07/30 06:11:44.707, 7, P0, 37, 243.40 W, 1965 MHz, 3996 MHz, 0 %, 0 MiB
2026/07/30 06:11:45.707, 0, P0, 37, 272.95 W, 1965 MHz, 3996 MHz, 83 %, 160019 MiB
2026/07/30 06:11:45.707, 1, P0, 34, 267.76 W, 1965 MHz, 3996 MHz, 72 %, 160115 MiB
2026/07/30 06:11:45.707, 2, P0, 37, 258.23 W, 1965 MHz, 3996 MHz, 13 %, 160115 MiB
2026/07/30 06:11:45.707, 3, P0, 33, 268.18 W, 1965 MHz, 3996 MHz, 74 %, 159635 MiB
2026/07/30 06:11:45.707, 4, P0, 34, 235.88 W, 1965 MHz, 3996 MHz, 0 %, 0 MiB
2026/07/30 06:11:45.707, 5, P0, 36, 244.38 W, 1965 MHz, 3996 MHz, 0 %, 0 MiB
2026/07/30 06:11:45.707, 6, P0, 33, 242.34 W, 1965 MHz, 3996 MHz, 0 %, 0 MiB
2026/07/30 06:11:45.707, 7, P0, 37, 243.40 W, 1965 MHz, 3996 MHz, 0 %, 0 MiB
2026/07/30 06:11:46.707, 0, P0, 37, 270.33 W, 1965 MHz, 3996 MHz, 78 %, 160019 MiB
2026/07/30 06:11:46.707, 1, P0, 34, 267.22 W, 1965 MHz, 3996 MHz, 46 %, 160115 MiB
2026/07/30 06:11:46.707, 2, P0, 37, 259.19 W, 1965 MHz, 3996 MHz, 12 %, 160115 MiB
2026/07/30 06:11:46.707, 3, P0, 33, 266.12 W, 1965 MHz, 3996 MHz, 63 %, 159635 MiB
2026/07/30 06:11:46.708, 4, P0, 34, 235.88 W, 1965 MHz, 3996 MHz, 0 %, 0 MiB
2026/07/30 06:11:46.708, 5, P0, 36, 244.31 W, 1965 MHz, 3996 MHz, 0 %, 0 MiB
2026/07/30 06:11:46.708, 6, P0, 33, 242.45 W, 1965 MHz, 3996 MHz, 0 %, 0 MiB
2026/07/30 06:11:46.708, 7, P0, 37, 243.45 W, 1965 MHz, 3996 MHz, 0 %, 0 MiB
2026/07/30 06:11:47.708, 0, P0, 37, 288.51 W, 1965 MHz, 3996 MHz, 89 %, 160019 MiB
2026/07/30 06:11:47.708, 1, P0, 34, 282.02 W, 1965 MHz, 3996 MHz, 32 %, 160115 MiB
2026/07/30 06:11:47.708, 2, P0, 37, 274.12 W, 1965 MHz, 3996 MHz, 14 %, 160115 MiB
2026/07/30 06:11:47.708, 3, P0, 34, 283.33 W, 1965 MHz, 3996 MHz, 74 %, 159635 MiB
2026/07/30 06:11:47.708, 4, P0, 34, 235.79 W, 1965 MHz, 3996 MHz, 0 %, 0 MiB
2026/07/30 06:11:47.708, 5, P0, 36, 244.27 W, 1965 MHz, 3996 MHz, 0 %, 0 MiB
2026/07/30 06:11:47.708, 6, P0, 33, 242.44 W, 1965 MHz, 3996 MHz, 0 %, 0 MiB
2026/07/30 06:11:47.708, 7, P0, 37, 243.35 W, 1965 MHz, 3996 MHz, 0 %, 0 MiB
2026/07/30 06:11:48.708, 0, P0, 37, 280.59 W, 1965 MHz, 3996 MHz, 0 %, 160019 MiB
2026/07/30 06:11:48.708, 1, P0, 34, 272.61 W, 1965 MHz, 3996 MHz, 0 %, 160115 MiB
2026/07/30 06:11:48.708, 2, P0, 37, 266.79 W, 1965 MHz, 3996 MHz, 0 %, 160115 MiB
2026/07/30 06:11:48.708, 3, P0, 33, 273.26 W, 1965 MHz, 3996 MHz, 0 %, 159635 MiB
2026/07/30 06:11:48.708, 4, P0, 34, 235.85 W, 1965 MHz, 3996 MHz, 0 %, 0 MiB
2026/07/30 06:11:48.708, 5, P0, 36, 244.33 W, 1965 MHz, 3996 MHz, 0 %, 0 MiB
2026/07/30 06:11:48.708, 6, P0, 33, 242.36 W, 1965 MHz, 3996 MHz, 0 %, 0 MiB
2026/07/30 06:11:48.708, 7, P0, 37, 243.34 W, 1965 MHz, 3996 MHz, 0 %, 0 MiB
2026/07/30 06:11:49.708, 0, P0, 37, 280.43 W, 1965 MHz, 3996 MHz, 90 %, 160019 MiB
2026/07/30 06:11:49.708, 1, P0, 34, 275.27 W, 1965 MHz, 3996 MHz, 66 %, 160115 MiB
2026/07/30 06:11:49.708, 2, P0, 37, 266.63 W, 1965 MHz, 3996 MHz, 17 %, 160115 MiB
2026/07/30 06:11:49.708, 3, P0, 34, 272.31 W, 1965 MHz, 3996 MHz, 64 %, 159635 MiB
2026/07/30 06:11:49.708, 4, P0, 34, 235.84 W, 1965 MHz, 3996 MHz, 0 %, 0 MiB
2026/07/30 06:11:49.708, 5, P0, 36, 244.36 W, 1965 MHz, 3996 MHz, 0 %, 0 MiB
2026/07/30 06:11:49.708, 6, P0, 33, 242.44 W, 1965 MHz, 3996 MHz, 0 %, 0 MiB
2026/07/30 06:11:49.708, 7, P0, 37, 243.34 W, 1965 MHz, 3996 MHz, 0 %, 0 MiB
2026/07/30 06:11:50.709, 0, P0, 37, 285.97 W, 1965 MHz, 3996 MHz, 2 %, 160019 MiB
2026/07/30 06:11:50.709, 1, P0, 34, 283.30 W, 1965 MHz, 3996 MHz, 78 %, 160115 MiB
2026/07/30 06:11:50.709, 2, P0, 37, 272.10 W, 1965 MHz, 3996 MHz, 10 %, 160115 MiB
2026/07/30 06:11:50.709, 3, P0, 34, 283.09 W, 1965 MHz, 3996 MHz, 48 %, 159635 MiB
2026/07/30 06:11:50.709, 4, P0, 34, 235.85 W, 1965 MHz, 3996 MHz, 0 %, 0 MiB
2026/07/30 06:11:50.709, 5, P0, 36, 244.26 W, 1965 MHz, 3996 MHz, 0 %, 0 MiB
2026/07/30 06:11:50.709, 6, P0, 33, 242.41 W, 1965 MHz, 3996 MHz, 0 %, 0 MiB
2026/07/30 06:11:50.709, 7, P0, 37, 243.32 W, 1965 MHz, 3996 MHz, 0 %, 0 MiB
2026/07/30 06:11:51.709, 0, P0, 37, 244.22 W, 1965 MHz, 3996 MHz, 0 %, 160019 MiB
2026/07/30 06:11:51.709, 1, P0, 34, 241.25 W, 1965 MHz, 3996 MHz, 0 %, 160115 MiB
2026/07/30 06:11:51.709, 2, P0, 37, 237.45 W, 1965 MHz, 3996 MHz, 0 %, 160115 MiB
2026/07/30 06:11:51.709, 3, P0, 33, 239.96 W, 1965 MHz, 3996 MHz, 0 %, 159635 MiB
2026/07/30 06:11:51.709, 4, P0, 34, 235.88 W, 1965 MHz, 3996 MHz, 0 %, 0 MiB
2026/07/30 06:11:51.709, 5, P0, 36, 244.30 W, 1965 MHz, 3996 MHz, 0 %, 0 MiB
2026/07/30 06:11:51.709, 6, P0, 33, 242.43 W, 1965 MHz, 3996 MHz, 0 %, 0 MiB
2026/07/30 06:11:51.709, 7, P0, 37, 243.38 W, 1965 MHz, 3996 MHz, 0 %, 0 MiB
2026/07/30 06:11:52.709, 0, P0, 37, 268.43 W, 1965 MHz, 3996 MHz, 86 %, 160019 MiB
2026/07/30 06:11:52.709, 1, P0, 34, 263.35 W, 1965 MHz, 3996 MHz, 62 %, 160115 MiB
2026/07/30 06:11:52.709, 2, P0, 37, 255.67 W, 1965 MHz, 3996 MHz, 13 %, 160115 MiB
2026/07/30 06:11:52.709, 3, P0, 33, 262.80 W, 1965 MHz, 3996 MHz, 82 %, 159635 MiB
2026/07/30 06:11:52.709, 4, P0, 34, 235.84 W, 1965 MHz, 3996 MHz, 0 %, 0 MiB
2026/07/30 06:11:52.709, 5, P0, 36, 244.26 W, 1965 MHz, 3996 MHz, 0 %, 0 MiB
2026/07/30 06:11:52.709, 6, P0, 33, 242.42 W, 1965 MHz, 3996 MHz, 0 %, 0 MiB
2026/07/30 06:11:52.709, 7, P0, 37, 243.30 W, 1965 MHz, 3996 MHz, 0 %, 0 MiB
2026/07/30 06:11:53.709, 0, P0, 37, 273.88 W, 1965 MHz, 3996 MHz, 84 %, 160019 MiB
2026/07/30 06:11:53.709, 1, P0, 34, 269.22 W, 1965 MHz, 3996 MHz, 89 %, 160115 MiB
2026/07/30 06:11:53.709, 2, P0, 37, 259.58 W, 1965 MHz, 3996 MHz, 13 %, 160115 MiB
2026/07/30 06:11:53.709, 3, P0, 33, 268.45 W, 1965 MHz, 3996 MHz, 78 %, 159635 MiB
2026/07/30 06:11:53.709, 4, P0, 34, 235.82 W, 1965 MHz, 3996 MHz, 0 %, 0 MiB
2026/07/30 06:11:53.710, 5, P0, 36, 244.31 W, 1965 MHz, 3996 MHz, 0 %, 0 MiB
2026/07/30 06:11:53.710, 6, P0, 33, 242.38 W, 1965 MHz, 3996 MHz, 0 %, 0 MiB
2026/07/30 06:11:53.710, 7, P0, 37, 243.34 W, 1965 MHz, 3996 MHz, 0 %, 0 MiB
2026/07/30 06:11:54.710, 0, P0, 37, 272.80 W, 1965 MHz, 3996 MHz, 78 %, 160019 MiB
2026/07/30 06:11:54.710, 1, P0, 34, 269.57 W, 1965 MHz, 3996 MHz, 79 %, 160115 MiB
2026/07/30 06:11:54.710, 2, P0, 37, 260.83 W, 1965 MHz, 3996 MHz, 13 %, 160115 MiB
2026/07/30 06:11:54.710, 3, P0, 34, 267.51 W, 1965 MHz, 3996 MHz, 84 %, 159635 MiB
2026/07/30 06:11:54.710, 4, P0, 34, 235.87 W, 1965 MHz, 3996 MHz, 0 %, 0 MiB
2026/07/30 06:11:54.710, 5, P0, 36, 244.30 W, 1965 MHz, 3996 MHz, 0 %, 0 MiB
2026/07/30 06:11:54.710, 6, P0, 33, 242.39 W, 1965 MHz, 3996 MHz, 0 %, 0 MiB
2026/07/30 06:11:54.710, 7, P0, 37, 243.37 W, 1965 MHz, 3996 MHz, 0 %, 0 MiB
2026/07/30 06:11:55.710, 0, P0, 38, 304.60 W, 1965 MHz, 3996 MHz, 69 %, 160019 MiB
2026/07/30 06:11:55.710, 1, P0, 35, 298.04 W, 1965 MHz, 3996 MHz, 77 %, 160115 MiB
2026/07/30 06:11:55.710, 2, P0, 37, 287.24 W, 1965 MHz, 3996 MHz, 41 %, 160115 MiB
2026/07/30 06:11:55.710, 3, P0, 34, 296.53 W, 1965 MHz, 3996 MHz, 67 %, 159635 MiB
2026/07/30 06:11:55.710, 4, P0, 34, 235.85 W, 1965 MHz, 3996 MHz, 0 %, 0 MiB
2026/07/30 06:11:55.710, 5, P0, 36, 244.26 W, 1965 MHz, 3996 MHz, 0 %, 0 MiB
2026/07/30 06:11:55.710, 6, P0, 33, 242.43 W, 1965 MHz, 3996 MHz, 0 %, 0 MiB
2026/07/30 06:11:55.710, 7, P0, 37, 243.34 W, 1965 MHz, 3996 MHz, 0 %, 0 MiB
2026/07/30 06:11:56.710, 0, P0, 37, 254.51 W, 1965 MHz, 3996 MHz, 89 %, 160019 MiB
2026/07/30 06:11:56.710, 1, P0, 34, 251.94 W, 1965 MHz, 3996 MHz, 0 %, 160115 MiB
2026/07/30 06:11:56.710, 2, P0, 37, 246.90 W, 1965 MHz, 3996 MHz, 54 %, 160115 MiB
2026/07/30 06:11:56.710, 3, P0, 33, 251.65 W, 1965 MHz, 3996 MHz, 53 %, 159635 MiB
2026/07/30 06:11:56.710, 4, P0, 34, 235.84 W, 1965 MHz, 3996 MHz, 0 %, 0 MiB
2026/07/30 06:11:56.710, 5, P0, 36, 244.30 W, 1965 MHz, 3996 MHz, 0 %, 0 MiB
2026/07/30 06:11:56.710, 6, P0, 33, 242.41 W, 1965 MHz, 3996 MHz, 0 %, 0 MiB
2026/07/30 06:11:56.710, 7, P0, 37, 243.28 W, 1965 MHz, 3996 MHz, 0 %, 0 MiB
2026/07/30 06:11:57.711, 0, P0, 37, 273.08 W, 1965 MHz, 3996 MHz, 86 %, 160019 MiB
2026/07/30 06:11:57.711, 1, P0, 34, 270.00 W, 1965 MHz, 3996 MHz, 79 %, 160115 MiB
2026/07/30 06:11:57.711, 2, P0, 37, 259.14 W, 1965 MHz, 3996 MHz, 13 %, 160115 MiB
2026/07/30 06:11:57.711, 3, P0, 34, 265.79 W, 1965 MHz, 3996 MHz, 71 %, 159635 MiB
2026/07/30 06:11:57.711, 4, P0, 34, 235.84 W, 1965 MHz, 3996 MHz, 0 %, 0 MiB
2026/07/30 06:11:57.711, 5, P0, 36, 244.27 W, 1965 MHz, 3996 MHz, 0 %, 0 MiB
2026/07/30 06:11:57.711, 6, P0, 33, 242.43 W, 1965 MHz, 3996 MHz, 0 %, 0 MiB
2026/07/30 06:11:57.711, 7, P0, 37, 243.40 W, 1965 MHz, 3996 MHz, 0 %, 0 MiB
2026/07/30 06:11:58.711, 0, P0, 37, 273.37 W, 1965 MHz, 3996 MHz, 86 %, 160019 MiB
2026/07/30 06:11:58.711, 1, P0, 34, 268.20 W, 1965 MHz, 3996 MHz, 67 %, 160115 MiB
2026/07/30 06:11:58.711, 2, P0, 37, 259.36 W, 1965 MHz, 3996 MHz, 13 %, 160115 MiB
2026/07/30 06:11:58.711, 3, P0, 33, 267.29 W, 1965 MHz, 3996 MHz, 68 %, 159635 MiB
2026/07/30 06:11:58.711, 4, P0, 34, 235.89 W, 1965 MHz, 3996 MHz, 0 %, 0 MiB
2026/07/30 06:11:58.711, 5, P0, 36, 244.34 W, 1965 MHz, 3996 MHz, 0 %, 0 MiB
2026/07/30 06:11:58.711, 6, P0, 33, 242.42 W, 1965 MHz, 3996 MHz, 0 %, 0 MiB
2026/07/30 06:11:58.711, 7, P0, 37, 243.36 W, 1965 MHz, 3996 MHz, 0 %, 0 MiB
2026/07/30 06:11:59.711, 0, P0, 37, 272.44 W, 1965 MHz, 3996 MHz, 86 %, 160019 MiB
2026/07/30 06:11:59.711, 1, P0, 34, 268.11 W, 1965 MHz, 3996 MHz, 52 %, 160115 MiB
2026/07/30 06:11:59.711, 2, P0, 37, 259.11 W, 1965 MHz, 3996 MHz, 27 %, 160115 MiB
2026/07/30 06:11:59.711, 3, P0, 33, 266.77 W, 1965 MHz, 3996 MHz, 22 %, 159635 MiB
2026/07/30 06:11:59.711, 4, P0, 34, 235.89 W, 1965 MHz, 3996 MHz, 0 %, 0 MiB
2026/07/30 06:11:59.711, 5, P0, 36, 244.31 W, 1965 MHz, 3996 MHz, 0 %, 0 MiB
2026/07/30 06:11:59.711, 6, P0, 33, 242.38 W, 1965 MHz, 3996 MHz, 0 %, 0 MiB
2026/07/30 06:11:59.711, 7, P0, 37, 243.38 W, 1965 MHz, 3996 MHz, 0 %, 0 MiB
2026/07/30 06:12:00.711, 0, P0, 37, 273.10 W, 1965 MHz, 3996 MHz, 82 %, 160019 MiB
2026/07/30 06:12:00.711, 1, P0, 34, 266.93 W, 1965 MHz, 3996 MHz, 33 %, 160115 MiB
2026/07/30 06:12:00.711, 2, P0, 37, 260.17 W, 1965 MHz, 3996 MHz, 20 %, 160115 MiB
2026/07/30 06:12:00.711, 3, P0, 33, 266.44 W, 1965 MHz, 3996 MHz, 58 %, 159635 MiB
2026/07/30 06:12:00.711, 4, P0, 34, 235.87 W, 1965 MHz, 3996 MHz, 0 %, 0 MiB
2026/07/30 06:12:00.711, 5, P0, 36, 244.31 W, 1965 MHz, 3996 MHz, 0 %, 0 MiB
2026/07/30 06:12:00.711, 6, P0, 33, 242.40 W, 1965 MHz, 3996 MHz, 0 %, 0 MiB
2026/07/30 06:12:00.712, 7, P0, 37, 243.38 W, 1965 MHz, 3996 MHz, 0 %, 0 MiB
2026/07/30 06:12:01.712, 0, P0, 37, 272.44 W, 1965 MHz, 3996 MHz, 77 %, 160019 MiB
2026/07/30 06:12:01.712, 1, P0, 34, 266.90 W, 1965 MHz, 3996 MHz, 52 %, 160115 MiB
2026/07/30 06:12:01.712, 2, P0, 37, 260.21 W, 1965 MHz, 3996 MHz, 29 %, 160115 MiB
2026/07/30 06:12:01.712, 3, P0, 33, 264.48 W, 1965 MHz, 3996 MHz, 45 %, 159635 MiB
2026/07/30 06:12:01.712, 4, P0, 34, 235.77 W, 1965 MHz, 3996 MHz, 0 %, 0 MiB
2026/07/30 06:12:01.712, 5, P0, 36, 244.33 W, 1965 MHz, 3996 MHz, 0 %, 0 MiB
2026/07/30 06:12:01.712, 6, P0, 33, 242.42 W, 1965 MHz, 3996 MHz, 0 %, 0 MiB
2026/07/30 06:12:01.712, 7, P0, 37, 243.34 W, 1965 MHz, 3996 MHz, 0 %, 0 MiB
2026/07/30 06:12:02.712, 0, P0, 37, 272.95 W, 1965 MHz, 3996 MHz, 82 %, 160019 MiB
2026/07/30 06:12:02.712, 1, P0, 34, 267.65 W, 1965 MHz, 3996 MHz, 53 %, 160115 MiB
2026/07/30 06:12:02.712, 2, P0, 37, 259.68 W, 1965 MHz, 3996 MHz, 44 %, 160115 MiB
2026/07/30 06:12:02.712, 3, P0, 33, 263.60 W, 1965 MHz, 3996 MHz, 14 %, 159635 MiB
2026/07/30 06:12:02.712, 4, P0, 34, 235.78 W, 1965 MHz, 3996 MHz, 0 %, 0 MiB
2026/07/30 06:12:02.712, 5, P0, 36, 244.35 W, 1965 MHz, 3996 MHz, 0 %, 0 MiB
2026/07/30 06:12:02.712, 6, P0, 33, 242.46 W, 1965 MHz, 3996 MHz, 0 %, 0 MiB
2026/07/30 06:12:02.712, 7, P0, 37, 243.46 W, 1965 MHz, 3996 MHz, 0 %, 0 MiB
2026/07/30 06:12:03.712, 0, P0, 37, 272.35 W, 1965 MHz, 3996 MHz, 88 %, 160019 MiB
2026/07/30 06:12:03.712, 1, P0, 34, 266.93 W, 1965 MHz, 3996 MHz, 37 %, 160115 MiB
2026/07/30 06:12:03.712, 2, P0, 37, 259.83 W, 1965 MHz, 3996 MHz, 13 %, 160115 MiB
2026/07/30 06:12:03.712, 3, P0, 33, 264.60 W, 1965 MHz, 3996 MHz, 75 %, 159635 MiB
2026/07/30 06:12:03.712, 4, P0, 34, 235.80 W, 1965 MHz, 3996 MHz, 0 %, 0 MiB
2026/07/30 06:12:03.712, 5, P0, 36, 244.36 W, 1965 MHz, 3996 MHz, 0 %, 0 MiB
2026/07/30 06:12:03.712, 6, P0, 33, 242.41 W, 1965 MHz, 3996 MHz, 0 %, 0 MiB
2026/07/30 06:12:03.712, 7, P0, 37, 243.41 W, 1965 MHz, 3996 MHz, 0 %, 0 MiB
2026/07/30 06:12:04.712, 0, P0, 37, 273.84 W, 1965 MHz, 3996 MHz, 84 %, 160019 MiB
2026/07/30 06:12:04.713, 1, P0, 34, 267.30 W, 1965 MHz, 3996 MHz, 71 %, 160115 MiB
2026/07/30 06:12:04.713, 2, P0, 37, 261.90 W, 1965 MHz, 3996 MHz, 27 %, 160115 MiB
2026/07/30 06:12:04.713, 3, P0, 33, 260.36 W, 1965 MHz, 3996 MHz, 19 %, 159635 MiB
2026/07/30 06:12:04.713, 4, P0, 34, 235.82 W, 1965 MHz, 3996 MHz, 0 %, 0 MiB
2026/07/30 06:12:04.713, 5, P0, 36, 244.30 W, 1965 MHz, 3996 MHz, 0 %, 0 MiB
2026/07/30 06:12:04.713, 6, P0, 33, 242.43 W, 1965 MHz, 3996 MHz, 0 %, 0 MiB
2026/07/30 06:12:04.713, 7, P0, 37, 243.38 W, 1965 MHz, 3996 MHz, 0 %, 0 MiB
2026/07/30 06:12:05.713, 0, P0, 37, 273.12 W, 1965 MHz, 3996 MHz, 75 %, 160019 MiB
2026/07/30 06:12:05.713, 1, P0, 34, 267.61 W, 1965 MHz, 3996 MHz, 31 %, 160115 MiB
2026/07/30 06:12:05.713, 2, P0, 37, 261.04 W, 1965 MHz, 3996 MHz, 21 %, 160115 MiB
2026/07/30 06:12:05.713, 3, P0, 33, 263.26 W, 1965 MHz, 3996 MHz, 36 %, 159635 MiB
2026/07/30 06:12:05.713, 4, P0, 34, 235.84 W, 1965 MHz, 3996 MHz, 0 %, 0 MiB
2026/07/30 06:12:05.713, 5, P0, 36, 244.34 W, 1965 MHz, 3996 MHz, 0 %, 0 MiB
2026/07/30 06:12:05.713, 6, P0, 33, 242.39 W, 1965 MHz, 3996 MHz, 0 %, 0 MiB
2026/07/30 06:12:05.713, 7, P0, 37, 243.40 W, 1965 MHz, 3996 MHz, 0 %, 0 MiB
2026/07/30 06:12:06.713, 0, P0, 37, 272.16 W, 1965 MHz, 3996 MHz, 86 %, 160019 MiB
2026/07/30 06:12:06.713, 1, P0, 34, 268.49 W, 1965 MHz, 3996 MHz, 69 %, 160115 MiB
2026/07/30 06:12:06.713, 2, P0, 37, 259.35 W, 1965 MHz, 3996 MHz, 49 %, 160115 MiB
2026/07/30 06:12:06.713, 3, P0, 33, 265.81 W, 1965 MHz, 3996 MHz, 16 %, 159635 MiB
2026/07/30 06:12:06.713, 4, P0, 34, 235.84 W, 1965 MHz, 3996 MHz, 0 %, 0 MiB
2026/07/30 06:12:06.713, 5, P0, 36, 244.36 W, 1965 MHz, 3996 MHz, 0 %, 0 MiB
2026/07/30 06:12:06.713, 6, P0, 33, 242.37 W, 1965 MHz, 3996 MHz, 0 %, 0 MiB
2026/07/30 06:12:06.713, 7, P0, 37, 243.40 W, 1965 MHz, 3996 MHz, 0 %, 0 MiB
2026/07/30 06:12:07.713, 0, P0, 37, 272.34 W, 1965 MHz, 3996 MHz, 76 %, 160019 MiB
2026/07/30 06:12:07.713, 1, P0, 34, 268.91 W, 1965 MHz, 3996 MHz, 82 %, 160115 MiB
2026/07/30 06:12:07.713, 2, P0, 37, 260.02 W, 1965 MHz, 3996 MHz, 25 %, 160115 MiB
2026/07/30 06:12:07.714, 3, P0, 33, 264.94 W, 1965 MHz, 3996 MHz, 25 %, 159635 MiB
2026/07/30 06:12:07.714, 4, P0, 34, 235.86 W, 1965 MHz, 3996 MHz, 0 %, 0 MiB
2026/07/30 06:12:07.714, 5, P0, 36, 244.43 W, 1965 MHz, 3996 MHz, 0 %, 0 MiB
2026/07/30 06:12:07.714, 6, P0, 33, 242.39 W, 1965 MHz, 3996 MHz, 0 %, 0 MiB
2026/07/30 06:12:07.714, 7, P0, 37, 243.37 W, 1965 MHz, 3996 MHz, 0 %, 0 MiB
2026/07/30 06:12:08.714, 0, P0, 37, 271.00 W, 1965 MHz, 3996 MHz, 77 %, 160019 MiB
2026/07/30 06:12:08.714, 1, P0, 34, 265.83 W, 1965 MHz, 3996 MHz, 28 %, 160115 MiB
2026/07/30 06:12:08.714, 2, P0, 37, 261.19 W, 1965 MHz, 3996 MHz, 69 %, 160115 MiB
2026/07/30 06:12:08.714, 3, P0, 33, 265.82 W, 1965 MHz, 3996 MHz, 56 %, 159635 MiB
2026/07/30 06:12:08.714, 4, P0, 34, 235.87 W, 1965 MHz, 3996 MHz, 0 %, 0 MiB
2026/07/30 06:12:08.714, 5, P0, 36, 244.39 W, 1965 MHz, 3996 MHz, 0 %, 0 MiB
2026/07/30 06:12:08.714, 6, P0, 33, 242.43 W, 1965 MHz, 3996 MHz, 0 %, 0 MiB
2026/07/30 06:12:08.714, 7, P0, 37, 243.37 W, 1965 MHz, 3996 MHz, 0 %, 0 MiB
2026/07/30 06:12:09.714, 0, P0, 38, 334.67 W, 1965 MHz, 3996 MHz, 89 %, 160723 MiB
2026/07/30 06:12:09.714, 1, P0, 35, 326.10 W, 1965 MHz, 3996 MHz, 78 %, 160819 MiB
2026/07/30 06:12:09.714, 2, P0, 38, 320.98 W, 1965 MHz, 3996 MHz, 44 %, 160819 MiB
2026/07/30 06:12:09.714, 3, P0, 35, 327.40 W, 1965 MHz, 3996 MHz, 33 %, 160339 MiB
2026/07/30 06:12:09.714, 4, P0, 34, 235.87 W, 1965 MHz, 3996 MHz, 0 %, 0 MiB
2026/07/30 06:12:09.714, 5, P0, 36, 244.34 W, 1965 MHz, 3996 MHz, 0 %, 0 MiB
2026/07/30 06:12:09.714, 6, P0, 33, 242.38 W, 1965 MHz, 3996 MHz, 0 %, 0 MiB
2026/07/30 06:12:09.714, 7, P0, 37, 243.32 W, 1965 MHz, 3996 MHz, 0 %, 0 MiB
2026/07/30 06:12:10.714, 0, P0, 38, 333.29 W, 1965 MHz, 3996 MHz, 0 %, 160723 MiB
2026/07/30 06:12:10.714, 1, P0, 35, 326.60 W, 1965 MHz, 3996 MHz, 30 %, 160819 MiB
2026/07/30 06:12:10.714, 2, P0, 38, 323.61 W, 1965 MHz, 3996 MHz, 17 %, 160819 MiB
2026/07/30 06:12:10.714, 3, P0, 34, 325.56 W, 1965 MHz, 3996 MHz, 44 %, 160339 MiB
2026/07/30 06:12:10.714, 4, P0, 34, 235.90 W, 1965 MHz, 3996 MHz, 0 %, 0 MiB
2026/07/30 06:12:10.714, 5, P0, 36, 244.30 W, 1965 MHz, 3996 MHz, 0 %, 0 MiB
2026/07/30 06:12:10.715, 6, P0, 33, 242.39 W, 1965 MHz, 3996 MHz, 0 %, 0 MiB
2026/07/30 06:12:10.715, 7, P0, 37, 243.29 W, 1965 MHz, 3996 MHz, 0 %, 0 MiB
2026/07/30 06:12:11.715, 0, P0, 37, 263.95 W, 1965 MHz, 3996 MHz, 90 %, 160723 MiB
2026/07/30 06:12:11.715, 1, P0, 34, 253.96 W, 1965 MHz, 3996 MHz, 83 %, 160819 MiB
2026/07/30 06:12:11.715, 2, P0, 37, 248.42 W, 1965 MHz, 3996 MHz, 14 %, 160819 MiB
2026/07/30 06:12:11.715, 3, P0, 34, 252.56 W, 1965 MHz, 3996 MHz, 80 %, 160339 MiB
2026/07/30 06:12:11.715, 4, P0, 34, 235.85 W, 1965 MHz, 3996 MHz, 0 %, 0 MiB
2026/07/30 06:12:11.715, 5, P0, 36, 244.37 W, 1965 MHz, 3996 MHz, 0 %, 0 MiB
2026/07/30 06:12:11.715, 6, P0, 33, 242.38 W, 1965 MHz, 3996 MHz, 0 %, 0 MiB
2026/07/30 06:12:11.715, 7, P0, 37, 243.37 W, 1965 MHz, 3996 MHz, 0 %, 0 MiB
2026/07/30 06:12:12.715, 0, P0, 40, 392.03 W, 1942 MHz, 3996 MHz, 90 %, 160723 MiB
2026/07/30 06:12:12.715, 1, P0, 42, 391.40 W, 1912 MHz, 3996 MHz, 86 %, 160819 MiB
2026/07/30 06:12:12.715, 2, P0, 41, 388.05 W, 1830 MHz, 3996 MHz, 77 %, 160819 MiB
2026/07/30 06:12:12.715, 3, P0, 39, 394.58 W, 1837 MHz, 3996 MHz, 94 %, 160339 MiB
2026/07/30 06:12:12.715, 4, P0, 34, 235.79 W, 1965 MHz, 3996 MHz, 0 %, 0 MiB
2026/07/30 06:12:12.715, 5, P0, 36, 244.35 W, 1965 MHz, 3996 MHz, 0 %, 0 MiB
2026/07/30 06:12:12.715, 6, P0, 33, 242.38 W, 1965 MHz, 3996 MHz, 0 %, 0 MiB
2026/07/30 06:12:12.715, 7, P0, 37, 243.35 W, 1965 MHz, 3996 MHz, 0 %, 0 MiB
2026/07/30 06:12:13.715, 0, P0, 37, 252.69 W, 1965 MHz, 3996 MHz, 0 %, 160723 MiB
2026/07/30 06:12:13.715, 1, P0, 34, 271.39 W, 1965 MHz, 3996 MHz, 0 %, 160819 MiB
2026/07/30 06:12:13.715, 2, P0, 37, 248.24 W, 1965 MHz, 3996 MHz, 0 %, 160819 MiB
2026/07/30 06:12:13.716, 3, P0, 33, 250.87 W, 1965 MHz, 3996 MHz, 0 %, 160339 MiB
2026/07/30 06:12:13.716, 4, P0, 34, 235.83 W, 1965 MHz, 3996 MHz, 0 %, 0 MiB
2026/07/30 06:12:13.716, 5, P0, 36, 244.31 W, 1965 MHz, 3996 MHz, 0 %, 0 MiB
2026/07/30 06:12:13.716, 6, P0, 33, 242.35 W, 1965 MHz, 3996 MHz, 0 %, 0 MiB
2026/07/30 06:12:13.716, 7, P0, 37, 243.33 W, 1965 MHz, 3996 MHz, 0 %, 0 MiB
2026/07/30 06:12:14.716, 0, P0, 37, 260.70 W, 1965 MHz, 3996 MHz, 63 %, 160723 MiB
2026/07/30 06:12:14.716, 1, P0, 34, 255.55 W, 1965 MHz, 3996 MHz, 83 %, 160819 MiB
2026/07/30 06:12:14.716, 2, P0, 37, 249.69 W, 1965 MHz, 3996 MHz, 14 %, 160819 MiB
2026/07/30 06:12:14.716, 3, P0, 34, 255.05 W, 1965 MHz, 3996 MHz, 71 %, 160339 MiB
2026/07/30 06:12:14.716, 4, P0, 34, 235.78 W, 1965 MHz, 3996 MHz, 0 %, 0 MiB
2026/07/30 06:12:14.716, 5, P0, 36, 244.39 W, 1965 MHz, 3996 MHz, 0 %, 0 MiB
2026/07/30 06:12:14.716, 6, P0, 33, 242.41 W, 1965 MHz, 3996 MHz, 0 %, 0 MiB
2026/07/30 06:12:14.716, 7, P0, 37, 243.33 W, 1965 MHz, 3996 MHz, 0 %, 0 MiB
2026/07/30 06:12:15.716, 0, P0, 37, 275.81 W, 1965 MHz, 3996 MHz, 88 %, 160723 MiB
2026/07/30 06:12:15.716, 1, P0, 34, 272.72 W, 1965 MHz, 3996 MHz, 89 %, 160819 MiB
2026/07/30 06:12:15.716, 2, P0, 37, 261.45 W, 1965 MHz, 3996 MHz, 14 %, 160819 MiB
2026/07/30 06:12:15.716, 3, P0, 34, 270.54 W, 1965 MHz, 3996 MHz, 86 %, 160339 MiB
2026/07/30 06:12:15.716, 4, P0, 34, 235.85 W, 1965 MHz, 3996 MHz, 0 %, 0 MiB
2026/07/30 06:12:15.716, 5, P0, 36, 244.35 W, 1965 MHz, 3996 MHz, 0 %, 0 MiB
2026/07/30 06:12:15.716, 6, P0, 33, 242.43 W, 1965 MHz, 3996 MHz, 0 %, 0 MiB
2026/07/30 06:12:15.716, 7, P0, 37, 243.37 W, 1965 MHz, 3996 MHz, 0 %, 0 MiB
2026/07/30 06:12:16.716, 0, P0, 37, 275.50 W, 1965 MHz, 3996 MHz, 87 %, 160723 MiB
2026/07/30 06:12:16.716, 1, P0, 34, 273.91 W, 1965 MHz, 3996 MHz, 85 %, 160819 MiB
2026/07/30 06:12:16.716, 2, P0, 37, 260.38 W, 1965 MHz, 3996 MHz, 14 %, 160819 MiB
2026/07/30 06:12:16.716, 3, P0, 34, 270.74 W, 1965 MHz, 3996 MHz, 85 %, 160339 MiB
2026/07/30 06:12:16.716, 4, P0, 34, 235.81 W, 1965 MHz, 3996 MHz, 0 %, 0 MiB
2026/07/30 06:12:16.716, 5, P0, 36, 244.41 W, 1965 MHz, 3996 MHz, 0 %, 0 MiB
2026/07/30 06:12:16.716, 6, P0, 33, 242.39 W, 1965 MHz, 3996 MHz, 0 %, 0 MiB
2026/07/30 06:12:16.716, 7, P0, 37, 243.39 W, 1965 MHz, 3996 MHz, 0 %, 0 MiB
2026/07/30 06:12:17.717, 0, P0, 38, 339.85 W, 1965 MHz, 3996 MHz, 88 %, 160723 MiB
2026/07/30 06:12:17.717, 1, P0, 35, 340.08 W, 1965 MHz, 3996 MHz, 76 %, 160819 MiB
2026/07/30 06:12:17.717, 2, P0, 38, 319.61 W, 1965 MHz, 3996 MHz, 14 %, 160819 MiB
2026/07/30 06:12:17.717, 3, P0, 34, 328.41 W, 1965 MHz, 3996 MHz, 87 %, 160339 MiB
2026/07/30 06:12:17.717, 4, P0, 34, 235.74 W, 1965 MHz, 3996 MHz, 0 %, 0 MiB
2026/07/30 06:12:17.717, 5, P0, 36, 244.21 W, 1965 MHz, 3996 MHz, 0 %, 0 MiB
2026/07/30 06:12:17.717, 6, P0, 33, 242.37 W, 1965 MHz, 3996 MHz, 0 %, 0 MiB
2026/07/30 06:12:17.717, 7, P0, 37, 243.42 W, 1965 MHz, 3996 MHz, 0 %, 0 MiB
2026/07/30 06:12:18.717, 0, P0, 37, 327.01 W, 1965 MHz, 3996 MHz, 0 %, 160723 MiB
2026/07/30 06:12:18.717, 1, P0, 34, 327.94 W, 1965 MHz, 3996 MHz, 0 %, 160819 MiB
2026/07/30 06:12:18.717, 2, P0, 37, 318.95 W, 1965 MHz, 3996 MHz, 0 %, 160819 MiB
2026/07/30 06:12:18.717, 3, P0, 34, 323.00 W, 1965 MHz, 3996 MHz, 0 %, 160339 MiB
2026/07/30 06:12:18.717, 4, P0, 34, 235.85 W, 1965 MHz, 3996 MHz, 0 %, 0 MiB
2026/07/30 06:12:18.717, 5, P0, 36, 244.29 W, 1965 MHz, 3996 MHz, 0 %, 0 MiB
2026/07/30 06:12:18.717, 6, P0, 33, 242.37 W, 1965 MHz, 3996 MHz, 0 %, 0 MiB
2026/07/30 06:12:18.717, 7, P0, 37, 243.36 W, 1965 MHz, 3996 MHz, 0 %, 0 MiB
2026/07/30 06:12:19.717, 0, P0, 37, 267.38 W, 1965 MHz, 3996 MHz, 91 %, 160723 MiB
2026/07/30 06:12:19.717, 1, P0, 34, 261.49 W, 1965 MHz, 3996 MHz, 89 %, 160819 MiB
2026/07/30 06:12:19.717, 2, P0, 37, 254.02 W, 1965 MHz, 3996 MHz, 22 %, 160819 MiB
2026/07/30 06:12:19.717, 3, P0, 34, 261.13 W, 1965 MHz, 3996 MHz, 89 %, 160339 MiB
2026/07/30 06:12:19.717, 4, P0, 34, 235.80 W, 1965 MHz, 3996 MHz, 0 %, 0 MiB
2026/07/30 06:12:19.717, 5, P0, 36, 244.37 W, 1965 MHz, 3996 MHz, 0 %, 0 MiB
2026/07/30 06:12:19.717, 6, P0, 33, 242.43 W, 1965 MHz, 3996 MHz, 0 %, 0 MiB
2026/07/30 06:12:19.717, 7, P0, 37, 243.47 W, 1965 MHz, 3996 MHz, 0 %, 0 MiB
2026/07/30 06:12:20.717, 0, P0, 37, 276.35 W, 1965 MHz, 3996 MHz, 90 %, 160723 MiB
2026/07/30 06:12:20.717, 1, P0, 34, 273.16 W, 1965 MHz, 3996 MHz, 84 %, 160819 MiB
2026/07/30 06:12:20.717, 2, P0, 37, 260.78 W, 1965 MHz, 3996 MHz, 14 %, 160819 MiB
2026/07/30 06:12:20.718, 3, P0, 34, 271.46 W, 1965 MHz, 3996 MHz, 82 %, 160339 MiB
2026/07/30 06:12:20.718, 4, P0, 34, 235.85 W, 1965 MHz, 3996 MHz, 0 %, 0 MiB
2026/07/30 06:12:20.718, 5, P0, 36, 244.44 W, 1965 MHz, 3996 MHz, 0 %, 0 MiB
2026/07/30 06:12:20.718, 6, P0, 33, 242.44 W, 1965 MHz, 3996 MHz, 0 %, 0 MiB
2026/07/30 06:12:20.718, 7, P0, 37, 243.41 W, 1965 MHz, 3996 MHz, 0 %, 0 MiB
2026/07/30 06:12:21.718, 0, P0, 37, 277.31 W, 1965 MHz, 3996 MHz, 92 %, 160723 MiB
2026/07/30 06:12:21.718, 1, P0, 34, 272.58 W, 1965 MHz, 3996 MHz, 88 %, 160819 MiB
2026/07/30 06:12:21.718, 2, P0, 37, 261.64 W, 1965 MHz, 3996 MHz, 19 %, 160819 MiB
2026/07/30 06:12:21.718, 3, P0, 34, 271.08 W, 1965 MHz, 3996 MHz, 82 %, 160339 MiB
2026/07/30 06:12:21.718, 4, P0, 34, 235.84 W, 1965 MHz, 3996 MHz, 0 %, 0 MiB
2026/07/30 06:12:21.718, 5, P0, 36, 244.35 W, 1965 MHz, 3996 MHz, 0 %, 0 MiB
2026/07/30 06:12:21.718, 6, P0, 33, 242.41 W, 1965 MHz, 3996 MHz, 0 %, 0 MiB
2026/07/30 06:12:21.718, 7, P0, 37, 243.41 W, 1965 MHz, 3996 MHz, 0 %, 0 MiB
2026/07/30 06:12:22.718, 0, P0, 37, 276.60 W, 1965 MHz, 3996 MHz, 91 %, 160723 MiB
2026/07/30 06:12:22.718, 1, P0, 34, 272.44 W, 1965 MHz, 3996 MHz, 79 %, 160819 MiB
2026/07/30 06:12:22.718, 2, P0, 37, 260.93 W, 1965 MHz, 3996 MHz, 14 %, 160819 MiB
2026/07/30 06:12:22.718, 3, P0, 34, 271.01 W, 1965 MHz, 3996 MHz, 86 %, 160339 MiB
2026/07/30 06:12:22.718, 4, P0, 34, 235.83 W, 1965 MHz, 3996 MHz, 0 %, 0 MiB
2026/07/30 06:12:22.718, 5, P0, 36, 244.34 W, 1965 MHz, 3996 MHz, 0 %, 0 MiB
2026/07/30 06:12:22.718, 6, P0, 33, 242.42 W, 1965 MHz, 3996 MHz, 0 %, 0 MiB
2026/07/30 06:12:22.718, 7, P0, 37, 243.38 W, 1965 MHz, 3996 MHz, 0 %, 0 MiB
2026/07/30 06:12:23.718, 0, P0, 37, 275.63 W, 1965 MHz, 3996 MHz, 89 %, 160723 MiB
2026/07/30 06:12:23.718, 1, P0, 34, 272.62 W, 1965 MHz, 3996 MHz, 81 %, 160819 MiB
2026/07/30 06:12:23.718, 2, P0, 37, 261.02 W, 1965 MHz, 3996 MHz, 14 %, 160819 MiB
2026/07/30 06:12:23.718, 3, P0, 34, 271.19 W, 1965 MHz, 3996 MHz, 74 %, 160339 MiB
2026/07/30 06:12:23.718, 4, P0, 34, 235.82 W, 1965 MHz, 3996 MHz, 0 %, 0 MiB
2026/07/30 06:12:23.718, 5, P0, 36, 244.26 W, 1965 MHz, 3996 MHz, 0 %, 0 MiB
2026/07/30 06:12:23.718, 6, P0, 33, 242.46 W, 1965 MHz, 3996 MHz, 0 %, 0 MiB
2026/07/30 06:12:23.718, 7, P0, 37, 243.35 W, 1965 MHz, 3996 MHz, 0 %, 0 MiB
2026/07/30 06:12:24.719, 0, P0, 37, 275.26 W, 1965 MHz, 3996 MHz, 89 %, 160723 MiB
2026/07/30 06:12:24.719, 1, P0, 34, 273.25 W, 1965 MHz, 3996 MHz, 88 %, 160819 MiB
2026/07/30 06:12:24.719, 2, P0, 37, 261.08 W, 1965 MHz, 3996 MHz, 33 %, 160819 MiB
2026/07/30 06:12:24.719, 3, P0, 34, 271.13 W, 1965 MHz, 3996 MHz, 82 %, 160339 MiB
2026/07/30 06:12:24.719, 4, P0, 34, 235.84 W, 1965 MHz, 3996 MHz, 0 %, 0 MiB
2026/07/30 06:12:24.719, 5, P0, 36, 244.34 W, 1965 MHz, 3996 MHz, 0 %, 0 MiB
2026/07/30 06:12:24.719, 6, P0, 33, 242.45 W, 1965 MHz, 3996 MHz, 0 %, 0 MiB
2026/07/30 06:12:24.719, 7, P0, 37, 243.35 W, 1965 MHz, 3996 MHz, 0 %, 0 MiB
2026/07/30 06:12:25.719, 0, P0, 37, 275.72 W, 1965 MHz, 3996 MHz, 90 %, 160723 MiB
2026/07/30 06:12:25.719, 1, P0, 34, 272.36 W, 1965 MHz, 3996 MHz, 66 %, 160819 MiB
2026/07/30 06:12:25.719, 2, P0, 37, 262.02 W, 1965 MHz, 3996 MHz, 46 %, 160819 MiB
2026/07/30 06:12:25.719, 3, P0, 34, 270.98 W, 1965 MHz, 3996 MHz, 34 %, 160339 MiB
2026/07/30 06:12:25.719, 4, P0, 33, 235.78 W, 1965 MHz, 3996 MHz, 0 %, 0 MiB
2026/07/30 06:12:25.719, 5, P0, 36, 244.29 W, 1965 MHz, 3996 MHz, 0 %, 0 MiB
2026/07/30 06:12:25.719, 6, P0, 33, 242.40 W, 1965 MHz, 3996 MHz, 0 %, 0 MiB
2026/07/30 06:12:25.719, 7, P0, 37, 243.32 W, 1965 MHz, 3996 MHz, 0 %, 0 MiB
2026/07/30 06:12:26.719, 0, P0, 37, 275.73 W, 1965 MHz, 3996 MHz, 89 %, 160723 MiB
2026/07/30 06:12:26.719, 1, P0, 34, 272.73 W, 1965 MHz, 3996 MHz, 89 %, 160819 MiB
2026/07/30 06:12:26.719, 2, P0, 37, 261.22 W, 1965 MHz, 3996 MHz, 13 %, 160819 MiB
2026/07/30 06:12:26.719, 3, P0, 34, 270.59 W, 1965 MHz, 3996 MHz, 86 %, 160339 MiB
2026/07/30 06:12:26.719, 4, P0, 33, 235.81 W, 1965 MHz, 3996 MHz, 0 %, 0 MiB
2026/07/30 06:12:26.719, 5, P0, 36, 244.36 W, 1965 MHz, 3996 MHz, 0 %, 0 MiB
2026/07/30 06:12:26.719, 6, P0, 33, 242.42 W, 1965 MHz, 3996 MHz, 0 %, 0 MiB
2026/07/30 06:12:26.719, 7, P0, 37, 243.34 W, 1965 MHz, 3996 MHz, 0 %, 0 MiB
2026/07/30 06:12:27.719, 0, P0, 37, 276.07 W, 1965 MHz, 3996 MHz, 90 %, 160723 MiB
2026/07/30 06:12:27.719, 1, P0, 34, 272.29 W, 1965 MHz, 3996 MHz, 88 %, 160819 MiB
2026/07/30 06:12:27.719, 2, P0, 37, 260.73 W, 1965 MHz, 3996 MHz, 13 %, 160819 MiB
2026/07/30 06:12:27.719, 3, P0, 34, 271.95 W, 1965 MHz, 3996 MHz, 87 %, 160339 MiB
2026/07/30 06:12:27.719, 4, P0, 33, 235.79 W, 1965 MHz, 3996 MHz, 0 %, 0 MiB
2026/07/30 06:12:27.720, 5, P0, 36, 244.40 W, 1965 MHz, 3996 MHz, 0 %, 0 MiB
2026/07/30 06:12:27.720, 6, P0, 33, 242.41 W, 1965 MHz, 3996 MHz, 0 %, 0 MiB
2026/07/30 06:12:27.720, 7, P0, 37, 243.35 W, 1965 MHz, 3996 MHz, 0 %, 0 MiB
2026/07/30 06:12:28.720, 0, P0, 37, 276.25 W, 1965 MHz, 3996 MHz, 89 %, 160723 MiB
2026/07/30 06:12:28.720, 1, P0, 34, 273.35 W, 1965 MHz, 3996 MHz, 85 %, 160819 MiB
2026/07/30 06:12:28.720, 2, P0, 37, 261.00 W, 1965 MHz, 3996 MHz, 13 %, 160819 MiB
2026/07/30 06:12:28.720, 3, P0, 34, 271.77 W, 1965 MHz, 3996 MHz, 87 %, 160339 MiB
2026/07/30 06:12:28.720, 4, P0, 33, 235.78 W, 1965 MHz, 3996 MHz, 0 %, 0 MiB
2026/07/30 06:12:28.720, 5, P0, 36, 244.34 W, 1965 MHz, 3996 MHz, 0 %, 0 MiB
2026/07/30 06:12:28.720, 6, P0, 33, 242.34 W, 1965 MHz, 3996 MHz, 0 %, 0 MiB
2026/07/30 06:12:28.720, 7, P0, 37, 243.37 W, 1965 MHz, 3996 MHz, 0 %, 0 MiB
2026/07/30 06:12:29.720, 0, P0, 37, 276.66 W, 1965 MHz, 3996 MHz, 93 %, 160723 MiB
2026/07/30 06:12:29.720, 1, P0, 34, 273.15 W, 1965 MHz, 3996 MHz, 89 %, 160819 MiB
2026/07/30 06:12:29.720, 2, P0, 37, 260.62 W, 1965 MHz, 3996 MHz, 28 %, 160819 MiB
2026/07/30 06:12:29.720, 3, P0, 34, 272.11 W, 1965 MHz, 3996 MHz, 71 %, 160339 MiB
2026/07/30 06:12:29.720, 4, P0, 33, 235.79 W, 1965 MHz, 3996 MHz, 0 %, 0 MiB
2026/07/30 06:12:29.720, 5, P0, 36, 244.39 W, 1965 MHz, 3996 MHz, 0 %, 0 MiB
2026/07/30 06:12:29.720, 6, P0, 33, 242.37 W, 1965 MHz, 3996 MHz, 0 %, 0 MiB
2026/07/30 06:12:29.720, 7, P0, 37, 243.34 W, 1965 MHz, 3996 MHz, 0 %, 0 MiB
2026/07/30 06:12:30.720, 0, P0, 37, 275.07 W, 1965 MHz, 3996 MHz, 90 %, 160723 MiB
2026/07/30 06:12:30.720, 1, P0, 34, 273.02 W, 1965 MHz, 3996 MHz, 89 %, 160819 MiB
2026/07/30 06:12:30.720, 2, P0, 37, 261.26 W, 1965 MHz, 3996 MHz, 17 %, 160819 MiB
2026/07/30 06:12:30.720, 3, P0, 34, 272.51 W, 1965 MHz, 3996 MHz, 79 %, 160339 MiB
2026/07/30 06:12:30.720, 4, P0, 33, 235.75 W, 1965 MHz, 3996 MHz, 0 %, 0 MiB
2026/07/30 06:12:30.720, 5, P0, 36, 244.33 W, 1965 MHz, 3996 MHz, 0 %, 0 MiB
2026/07/30 06:12:30.720, 6, P0, 33, 242.41 W, 1965 MHz, 3996 MHz, 0 %, 0 MiB
2026/07/30 06:12:30.720, 7, P0, 37, 243.38 W, 1965 MHz, 3996 MHz, 0 %, 0 MiB
2026/07/30 06:12:31.720, 0, P0, 37, 276.73 W, 1965 MHz, 3996 MHz, 91 %, 160723 MiB
2026/07/30 06:12:31.721, 1, P0, 34, 273.47 W, 1965 MHz, 3996 MHz, 87 %, 160819 MiB
2026/07/30 06:12:31.721, 2, P0, 37, 260.83 W, 1965 MHz, 3996 MHz, 14 %, 160819 MiB
2026/07/30 06:12:31.721, 3, P0, 34, 271.62 W, 1965 MHz, 3996 MHz, 81 %, 160339 MiB
2026/07/30 06:12:31.721, 4, P0, 33, 235.76 W, 1965 MHz, 3996 MHz, 0 %, 0 MiB
2026/07/30 06:12:31.721, 5, P0, 36, 244.46 W, 1965 MHz, 3996 MHz, 0 %, 0 MiB
2026/07/30 06:12:31.721, 6, P0, 33, 242.43 W, 1965 MHz, 3996 MHz, 0 %, 0 MiB
2026/07/30 06:12:31.721, 7, P0, 37, 243.37 W, 1965 MHz, 3996 MHz, 0 %, 0 MiB
2026/07/30 06:12:32.721, 0, P0, 37, 281.93 W, 1965 MHz, 3996 MHz, 87 %, 160723 MiB
2026/07/30 06:12:32.721, 1, P0, 34, 277.62 W, 1965 MHz, 3996 MHz, 85 %, 160819 MiB
2026/07/30 06:12:32.721, 2, P0, 37, 260.81 W, 1965 MHz, 3996 MHz, 13 %, 160819 MiB
2026/07/30 06:12:32.721, 3, P0, 34, 276.44 W, 1965 MHz, 3996 MHz, 86 %, 160339 MiB
2026/07/30 06:12:32.721, 4, P0, 33, 235.79 W, 1965 MHz, 3996 MHz, 0 %, 0 MiB
2026/07/30 06:12:32.721, 5, P0, 36, 244.32 W, 1965 MHz, 3996 MHz, 0 %, 0 MiB
2026/07/30 06:12:32.721, 6, P0, 33, 242.43 W, 1965 MHz, 3996 MHz, 0 %, 0 MiB
2026/07/30 06:12:32.721, 7, P0, 37, 243.37 W, 1965 MHz, 3996 MHz, 0 %, 0 MiB
2026/07/30 06:12:33.721, 0, P0, 37, 258.85 W, 1965 MHz, 3996 MHz, 25 %, 160723 MiB
2026/07/30 06:12:33.721, 1, P0, 34, 256.55 W, 1965 MHz, 3996 MHz, 0 %, 160819 MiB
2026/07/30 06:12:33.721, 2, P0, 37, 248.36 W, 1965 MHz, 3996 MHz, 0 %, 160819 MiB
2026/07/30 06:12:33.721, 3, P0, 33, 255.50 W, 1965 MHz, 3996 MHz, 0 %, 160339 MiB
2026/07/30 06:12:33.721, 4, P0, 33, 235.73 W, 1965 MHz, 3996 MHz, 0 %, 0 MiB
2026/07/30 06:12:33.721, 5, P0, 36, 244.37 W, 1965 MHz, 3996 MHz, 0 %, 0 MiB
2026/07/30 06:12:33.721, 6, P0, 33, 242.38 W, 1965 MHz, 3996 MHz, 0 %, 0 MiB
2026/07/30 06:12:33.721, 7, P0, 37, 243.38 W, 1965 MHz, 3996 MHz, 0 %, 0 MiB
2026/07/30 06:12:34.721, 0, P0, 37, 283.84 W, 1965 MHz, 3996 MHz, 90 %, 160723 MiB
2026/07/30 06:12:34.721, 1, P0, 34, 275.48 W, 1965 MHz, 3996 MHz, 85 %, 160819 MiB
2026/07/30 06:12:34.721, 2, P0, 37, 261.48 W, 1965 MHz, 3996 MHz, 13 %, 160819 MiB
2026/07/30 06:12:34.721, 3, P0, 34, 275.01 W, 1965 MHz, 3996 MHz, 79 %, 160339 MiB
2026/07/30 06:12:34.722, 4, P0, 33, 235.73 W, 1965 MHz, 3996 MHz, 0 %, 0 MiB
2026/07/30 06:12:34.722, 5, P0, 36, 244.28 W, 1965 MHz, 3996 MHz, 0 %, 0 MiB
2026/07/30 06:12:34.722, 6, P0, 33, 242.38 W, 1965 MHz, 3996 MHz, 0 %, 0 MiB
2026/07/30 06:12:34.722, 7, P0, 37, 243.38 W, 1965 MHz, 3996 MHz, 0 %, 0 MiB
2026/07/30 06:12:35.722, 0, P0, 37, 267.54 W, 1965 MHz, 3996 MHz, 0 %, 160723 MiB
2026/07/30 06:12:35.722, 1, P0, 34, 267.41 W, 1965 MHz, 3996 MHz, 0 %, 160819 MiB
2026/07/30 06:12:35.722, 2, P0, 37, 253.15 W, 1965 MHz, 3996 MHz, 0 %, 160819 MiB
2026/07/30 06:12:35.722, 3, P0, 33, 265.68 W, 1965 MHz, 3996 MHz, 0 %, 160339 MiB
2026/07/30 06:12:35.722, 4, P0, 33, 235.79 W, 1965 MHz, 3996 MHz, 0 %, 0 MiB
2026/07/30 06:12:35.722, 5, P0, 36, 244.36 W, 1965 MHz, 3996 MHz, 0 %, 0 MiB
2026/07/30 06:12:35.722, 6, P0, 33, 242.40 W, 1965 MHz, 3996 MHz, 0 %, 0 MiB
2026/07/30 06:12:35.722, 7, P0, 37, 243.38 W, 1965 MHz, 3996 MHz, 0 %, 0 MiB
2026/07/30 06:12:36.722, 0, P0, 37, 270.89 W, 1965 MHz, 3996 MHz, 89 %, 160723 MiB
2026/07/30 06:12:36.722, 1, P0, 34, 264.77 W, 1965 MHz, 3996 MHz, 75 %, 160819 MiB
2026/07/30 06:12:36.722, 2, P0, 37, 251.51 W, 1965 MHz, 3996 MHz, 12 %, 160819 MiB
2026/07/30 06:12:36.722, 3, P0, 34, 265.17 W, 1965 MHz, 3996 MHz, 81 %, 160339 MiB
2026/07/30 06:12:36.722, 4, P0, 33, 235.77 W, 1965 MHz, 3996 MHz, 0 %, 0 MiB
2026/07/30 06:12:36.722, 5, P0, 36, 244.32 W, 1965 MHz, 3996 MHz, 0 %, 0 MiB
2026/07/30 06:12:36.722, 6, P0, 33, 242.37 W, 1965 MHz, 3996 MHz, 0 %, 0 MiB
2026/07/30 06:12:36.722, 7, P0, 37, 243.39 W, 1965 MHz, 3996 MHz, 0 %, 0 MiB
2026/07/30 06:12:37.722, 0, P0, 37, 281.47 W, 1965 MHz, 3996 MHz, 92 %, 160723 MiB
2026/07/30 06:12:37.722, 1, P0, 34, 277.11 W, 1965 MHz, 3996 MHz, 90 %, 160819 MiB
2026/07/30 06:12:37.722, 2, P0, 37, 257.24 W, 1965 MHz, 3996 MHz, 12 %, 160819 MiB
2026/07/30 06:12:37.722, 3, P0, 34, 276.95 W, 1965 MHz, 3996 MHz, 89 %, 160339 MiB
2026/07/30 06:12:37.722, 4, P0, 33, 235.83 W, 1965 MHz, 3996 MHz, 0 %, 0 MiB
2026/07/30 06:12:37.722, 5, P0, 36, 244.31 W, 1965 MHz, 3996 MHz, 0 %, 0 MiB
2026/07/30 06:12:37.722, 6, P0, 33, 242.45 W, 1965 MHz, 3996 MHz, 0 %, 0 MiB
2026/07/30 06:12:37.722, 7, P0, 37, 243.38 W, 1965 MHz, 3996 MHz, 0 %, 0 MiB
2026/07/30 06:12:38.723, 0, P0, 37, 281.76 W, 1965 MHz, 3996 MHz, 88 %, 160723 MiB
2026/07/30 06:12:38.723, 1, P0, 34, 277.65 W, 1965 MHz, 3996 MHz, 84 %, 160819 MiB
2026/07/30 06:12:38.723, 2, P0, 37, 257.67 W, 1965 MHz, 3996 MHz, 12 %, 160819 MiB
2026/07/30 06:12:38.723, 3, P0, 34, 276.71 W, 1965 MHz, 3996 MHz, 82 %, 160339 MiB
2026/07/30 06:12:38.723, 4, P0, 33, 235.79 W, 1965 MHz, 3996 MHz, 0 %, 0 MiB
2026/07/30 06:12:38.723, 5, P0, 36, 244.29 W, 1965 MHz, 3996 MHz, 0 %, 0 MiB
2026/07/30 06:12:38.723, 6, P0, 33, 242.46 W, 1965 MHz, 3996 MHz, 0 %, 0 MiB
2026/07/30 06:12:38.723, 7, P0, 37, 243.36 W, 1965 MHz, 3996 MHz, 0 %, 0 MiB
2026/07/30 06:12:39.723, 0, P0, 37, 284.41 W, 1965 MHz, 3996 MHz, 89 %, 160723 MiB
2026/07/30 06:12:39.723, 1, P0, 34, 279.44 W, 1965 MHz, 3996 MHz, 88 %, 160819 MiB
2026/07/30 06:12:39.723, 2, P0, 37, 259.99 W, 1965 MHz, 3996 MHz, 13 %, 160819 MiB
2026/07/30 06:12:39.723, 3, P0, 34, 276.83 W, 1965 MHz, 3996 MHz, 83 %, 160339 MiB
2026/07/30 06:12:39.723, 4, P0, 33, 235.77 W, 1965 MHz, 3996 MHz, 0 %, 0 MiB
2026/07/30 06:12:39.723, 5, P0, 36, 244.32 W, 1965 MHz, 3996 MHz, 0 %, 0 MiB
2026/07/30 06:12:39.723, 6, P0, 33, 242.43 W, 1965 MHz, 3996 MHz, 0 %, 0 MiB
2026/07/30 06:12:39.723, 7, P0, 37, 243.37 W, 1965 MHz, 3996 MHz, 0 %, 0 MiB
2026/07/30 06:12:40.723, 0, P0, 37, 259.03 W, 1965 MHz, 3996 MHz, 0 %, 160723 MiB
2026/07/30 06:12:40.723, 1, P0, 34, 255.80 W, 1965 MHz, 3996 MHz, 0 %, 160819 MiB
2026/07/30 06:12:40.723, 2, P0, 37, 248.07 W, 1965 MHz, 3996 MHz, 0 %, 160819 MiB
2026/07/30 06:12:40.723, 3, P0, 33, 255.70 W, 1965 MHz, 3996 MHz, 0 %, 160339 MiB
2026/07/30 06:12:40.723, 4, P0, 33, 235.79 W, 1965 MHz, 3996 MHz, 0 %, 0 MiB
2026/07/30 06:12:40.723, 5, P0, 36, 244.32 W, 1965 MHz, 3996 MHz, 0 %, 0 MiB
2026/07/30 06:12:40.723, 6, P0, 33, 242.40 W, 1965 MHz, 3996 MHz, 0 %, 0 MiB
2026/07/30 06:12:40.723, 7, P0, 37, 243.29 W, 1965 MHz, 3996 MHz, 0 %, 0 MiB
2026/07/30 06:12:41.723, 0, P0, 37, 259.62 W, 1965 MHz, 3996 MHz, 74 %, 160723 MiB
2026/07/30 06:12:41.723, 1, P0, 34, 254.05 W, 1965 MHz, 3996 MHz, 78 %, 160819 MiB
2026/07/30 06:12:41.723, 2, P0, 37, 245.79 W, 1965 MHz, 3996 MHz, 12 %, 160819 MiB
2026/07/30 06:12:41.723, 3, P0, 34, 253.93 W, 1965 MHz, 3996 MHz, 89 %, 160339 MiB
2026/07/30 06:12:41.723, 4, P0, 34, 235.79 W, 1965 MHz, 3996 MHz, 0 %, 0 MiB
2026/07/30 06:12:41.724, 5, P0, 36, 244.38 W, 1965 MHz, 3996 MHz, 0 %, 0 MiB
2026/07/30 06:12:41.724, 6, P0, 33, 242.45 W, 1965 MHz, 3996 MHz, 0 %, 0 MiB
2026/07/30 06:12:41.724, 7, P0, 37, 243.35 W, 1965 MHz, 3996 MHz, 0 %, 0 MiB
2026/07/30 06:12:42.724, 0, P0, 37, 278.73 W, 1965 MHz, 3996 MHz, 83 %, 160723 MiB
2026/07/30 06:12:42.724, 1, P0, 34, 275.64 W, 1965 MHz, 3996 MHz, 80 %, 160819 MiB
2026/07/30 06:12:42.724, 2, P0, 37, 259.44 W, 1965 MHz, 3996 MHz, 12 %, 160819 MiB
2026/07/30 06:12:42.724, 3, P0, 34, 275.41 W, 1965 MHz, 3996 MHz, 85 %, 160339 MiB
2026/07/30 06:12:42.724, 4, P0, 33, 235.80 W, 1965 MHz, 3996 MHz, 0 %, 0 MiB
2026/07/30 06:12:42.724, 5, P0, 36, 244.33 W, 1965 MHz, 3996 MHz, 0 %, 0 MiB
2026/07/30 06:12:42.724, 6, P0, 33, 242.46 W, 1965 MHz, 3996 MHz, 0 %, 0 MiB
2026/07/30 06:12:42.724, 7, P0, 37, 243.33 W, 1965 MHz, 3996 MHz, 0 %, 0 MiB
2026/07/30 06:12:43.724, 0, P0, 37, 280.60 W, 1965 MHz, 3996 MHz, 86 %, 160723 MiB
2026/07/30 06:12:43.724, 1, P0, 34, 275.79 W, 1965 MHz, 3996 MHz, 79 %, 160819 MiB
2026/07/30 06:12:43.724, 2, P0, 37, 258.69 W, 1965 MHz, 3996 MHz, 12 %, 160819 MiB
2026/07/30 06:12:43.724, 3, P0, 34, 277.07 W, 1965 MHz, 3996 MHz, 88 %, 160339 MiB
2026/07/30 06:12:43.724, 4, P0, 33, 235.75 W, 1965 MHz, 3996 MHz, 0 %, 0 MiB
2026/07/30 06:12:43.724, 5, P0, 36, 244.33 W, 1965 MHz, 3996 MHz, 0 %, 0 MiB
2026/07/30 06:12:43.724, 6, P0, 33, 242.44 W, 1965 MHz, 3996 MHz, 0 %, 0 MiB
2026/07/30 06:12:43.724, 7, P0, 37, 243.28 W, 1965 MHz, 3996 MHz, 0 %, 0 MiB
2026/07/30 06:12:44.724, 0, P0, 37, 281.03 W, 1965 MHz, 3996 MHz, 90 %, 160723 MiB
2026/07/30 06:12:44.724, 1, P0, 34, 277.12 W, 1965 MHz, 3996 MHz, 82 %, 160819 MiB
2026/07/30 06:12:44.724, 2, P0, 37, 258.24 W, 1965 MHz, 3996 MHz, 37 %, 160819 MiB
2026/07/30 06:12:44.724, 3, P0, 34, 275.95 W, 1965 MHz, 3996 MHz, 60 %, 160339 MiB
2026/07/30 06:12:44.724, 4, P0, 33, 235.79 W, 1965 MHz, 3996 MHz, 0 %, 0 MiB
2026/07/30 06:12:44.724, 5, P0, 36, 244.31 W, 1965 MHz, 3996 MHz, 0 %, 0 MiB
2026/07/30 06:12:44.724, 6, P0, 33, 242.46 W, 1965 MHz, 3996 MHz, 0 %, 0 MiB
2026/07/30 06:12:44.724, 7, P0, 37, 243.35 W, 1965 MHz, 3996 MHz, 0 %, 0 MiB
2026/07/30 06:12:45.725, 0, P0, 37, 280.40 W, 1965 MHz, 3996 MHz, 88 %, 160723 MiB
2026/07/30 06:12:45.725, 1, P0, 34, 276.73 W, 1965 MHz, 3996 MHz, 85 %, 160819 MiB
2026/07/30 06:12:45.725, 2, P0, 37, 259.21 W, 1965 MHz, 3996 MHz, 20 %, 160819 MiB
2026/07/30 06:12:45.725, 3, P0, 34, 277.01 W, 1965 MHz, 3996 MHz, 69 %, 160339 MiB
2026/07/30 06:12:45.725, 4, P0, 34, 235.79 W, 1965 MHz, 3996 MHz, 0 %, 0 MiB
2026/07/30 06:12:45.725, 5, P0, 36, 244.40 W, 1965 MHz, 3996 MHz, 0 %, 0 MiB
2026/07/30 06:12:45.725, 6, P0, 33, 242.40 W, 1965 MHz, 3996 MHz, 0 %, 0 MiB
2026/07/30 06:12:45.725, 7, P0, 37, 243.30 W, 1965 MHz, 3996 MHz, 0 %, 0 MiB
2026/07/30 06:12:46.725, 0, P0, 37, 279.61 W, 1965 MHz, 3996 MHz, 86 %, 160723 MiB
2026/07/30 06:12:46.725, 1, P0, 34, 276.51 W, 1965 MHz, 3996 MHz, 86 %, 160819 MiB
2026/07/30 06:12:46.725, 2, P0, 37, 259.39 W, 1965 MHz, 3996 MHz, 12 %, 160819 MiB
2026/07/30 06:12:46.725, 3, P0, 34, 277.52 W, 1965 MHz, 3996 MHz, 86 %, 160339 MiB
2026/07/30 06:12:46.725, 4, P0, 33, 235.79 W, 1965 MHz, 3996 MHz, 0 %, 0 MiB
2026/07/30 06:12:46.725, 5, P0, 36, 244.29 W, 1965 MHz, 3996 MHz, 0 %, 0 MiB
2026/07/30 06:12:46.725, 6, P0, 33, 242.38 W, 1965 MHz, 3996 MHz, 0 %, 0 MiB
2026/07/30 06:12:46.725, 7, P0, 37, 243.38 W, 1965 MHz, 3996 MHz, 0 %, 0 MiB
2026/07/30 06:12:47.725, 0, P0, 37, 281.19 W, 1965 MHz, 3996 MHz, 86 %, 160723 MiB
2026/07/30 06:12:47.725, 1, P0, 34, 276.35 W, 1965 MHz, 3996 MHz, 87 %, 160819 MiB
2026/07/30 06:12:47.725, 2, P0, 37, 257.81 W, 1965 MHz, 3996 MHz, 12 %, 160819 MiB
2026/07/30 06:12:47.725, 3, P0, 34, 277.13 W, 1965 MHz, 3996 MHz, 87 %, 160339 MiB
2026/07/30 06:12:47.725, 4, P0, 33, 235.82 W, 1965 MHz, 3996 MHz, 0 %, 0 MiB
2026/07/30 06:12:47.725, 5, P0, 36, 244.29 W, 1965 MHz, 3996 MHz, 0 %, 0 MiB
2026/07/30 06:12:47.725, 6, P0, 33, 242.40 W, 1965 MHz, 3996 MHz, 0 %, 0 MiB
2026/07/30 06:12:47.725, 7, P0, 37, 243.38 W, 1965 MHz, 3996 MHz, 0 %, 0 MiB
2026/07/30 06:12:48.725, 0, P0, 37, 281.82 W, 1965 MHz, 3996 MHz, 85 %, 160723 MiB
2026/07/30 06:12:48.725, 1, P0, 34, 278.13 W, 1965 MHz, 3996 MHz, 84 %, 160819 MiB
2026/07/30 06:12:48.725, 2, P0, 37, 258.24 W, 1965 MHz, 3996 MHz, 12 %, 160819 MiB
2026/07/30 06:12:48.726, 3, P0, 34, 276.72 W, 1965 MHz, 3996 MHz, 85 %, 160339 MiB
2026/07/30 06:12:48.726, 4, P0, 33, 235.83 W, 1965 MHz, 3996 MHz, 0 %, 0 MiB
2026/07/30 06:12:48.726, 5, P0, 36, 244.26 W, 1965 MHz, 3996 MHz, 0 %, 0 MiB
2026/07/30 06:12:48.726, 6, P0, 33, 242.42 W, 1965 MHz, 3996 MHz, 0 %, 0 MiB
2026/07/30 06:12:48.726, 7, P0, 37, 243.38 W, 1965 MHz, 3996 MHz, 0 %, 0 MiB
2026/07/30 06:12:49.726, 0, P0, 37, 281.63 W, 1965 MHz, 3996 MHz, 86 %, 160723 MiB
2026/07/30 06:12:49.726, 1, P0, 34, 276.52 W, 1965 MHz, 3996 MHz, 89 %, 160819 MiB
2026/07/30 06:12:49.726, 2, P0, 37, 258.78 W, 1965 MHz, 3996 MHz, 12 %, 160819 MiB
2026/07/30 06:12:49.726, 3, P0, 34, 276.44 W, 1965 MHz, 3996 MHz, 88 %, 160339 MiB
2026/07/30 06:12:49.726, 4, P0, 34, 235.79 W, 1965 MHz, 3996 MHz, 0 %, 0 MiB
2026/07/30 06:12:49.726, 5, P0, 36, 244.32 W, 1965 MHz, 3996 MHz, 0 %, 0 MiB
2026/07/30 06:12:49.726, 6, P0, 33, 242.39 W, 1965 MHz, 3996 MHz, 0 %, 0 MiB
2026/07/30 06:12:49.726, 7, P0, 37, 243.38 W, 1965 MHz, 3996 MHz, 0 %, 0 MiB
2026/07/30 06:12:50.726, 0, P0, 37, 279.91 W, 1965 MHz, 3996 MHz, 88 %, 160723 MiB
2026/07/30 06:12:50.726, 1, P0, 34, 277.64 W, 1965 MHz, 3996 MHz, 78 %, 160819 MiB
2026/07/30 06:12:50.726, 2, P0, 37, 258.74 W, 1965 MHz, 3996 MHz, 24 %, 160819 MiB
2026/07/30 06:12:50.726, 3, P0, 34, 275.99 W, 1965 MHz, 3996 MHz, 58 %, 160339 MiB
2026/07/30 06:12:50.726, 4, P0, 33, 235.82 W, 1965 MHz, 3996 MHz, 0 %, 0 MiB
2026/07/30 06:12:50.726, 5, P0, 36, 244.34 W, 1965 MHz, 3996 MHz, 0 %, 0 MiB
2026/07/30 06:12:50.726, 6, P0, 33, 242.43 W, 1965 MHz, 3996 MHz, 0 %, 0 MiB
2026/07/30 06:12:50.726, 7, P0, 37, 243.37 W, 1965 MHz, 3996 MHz, 0 %, 0 MiB
2026/07/30 06:12:51.726, 0, P0, 37, 280.20 W, 1965 MHz, 3996 MHz, 89 %, 160723 MiB
2026/07/30 06:12:51.726, 1, P0, 34, 277.42 W, 1965 MHz, 3996 MHz, 84 %, 160819 MiB
2026/07/30 06:12:51.726, 2, P0, 37, 258.19 W, 1965 MHz, 3996 MHz, 12 %, 160819 MiB
2026/07/30 06:12:51.726, 3, P0, 34, 277.31 W, 1965 MHz, 3996 MHz, 89 %, 160339 MiB
2026/07/30 06:12:51.726, 4, P0, 34, 235.79 W, 1965 MHz, 3996 MHz, 0 %, 0 MiB
2026/07/30 06:12:51.726, 5, P0, 36, 244.32 W, 1965 MHz, 3996 MHz, 0 %, 0 MiB
2026/07/30 06:12:51.726, 6, P0, 33, 242.37 W, 1965 MHz, 3996 MHz, 0 %, 0 MiB
2026/07/30 06:12:51.727, 7, P0, 37, 243.34 W, 1965 MHz, 3996 MHz, 0 %, 0 MiB
2026/07/30 06:12:52.727, 0, P0, 37, 280.89 W, 1965 MHz, 3996 MHz, 83 %, 160723 MiB
2026/07/30 06:12:52.727, 1, P0, 34, 277.38 W, 1965 MHz, 3996 MHz, 87 %, 160819 MiB
2026/07/30 06:12:52.727, 2, P0, 37, 257.14 W, 1965 MHz, 3996 MHz, 12 %, 160819 MiB
2026/07/30 06:12:52.727, 3, P0, 34, 277.39 W, 1965 MHz, 3996 MHz, 91 %, 160339 MiB
2026/07/30 06:12:52.727, 4, P0, 33, 235.82 W, 1965 MHz, 3996 MHz, 0 %, 0 MiB
2026/07/30 06:12:52.727, 5, P0, 36, 244.29 W, 1965 MHz, 3996 MHz, 0 %, 0 MiB
2026/07/30 06:12:52.727, 6, P0, 33, 242.40 W, 1965 MHz, 3996 MHz, 0 %, 0 MiB
2026/07/30 06:12:52.727, 7, P0, 37, 243.40 W, 1965 MHz, 3996 MHz, 0 %, 0 MiB
2026/07/30 06:12:53.727, 0, P0, 37, 280.66 W, 1965 MHz, 3996 MHz, 85 %, 160723 MiB
2026/07/30 06:12:53.727, 1, P0, 34, 277.94 W, 1965 MHz, 3996 MHz, 86 %, 160819 MiB
2026/07/30 06:12:53.727, 2, P0, 37, 258.12 W, 1965 MHz, 3996 MHz, 12 %, 160819 MiB
2026/07/30 06:12:53.727, 3, P0, 34, 278.55 W, 1965 MHz, 3996 MHz, 89 %, 160339 MiB
2026/07/30 06:12:53.727, 4, P0, 34, 235.81 W, 1965 MHz, 3996 MHz, 0 %, 0 MiB
2026/07/30 06:12:53.727, 5, P0, 36, 244.16 W, 1965 MHz, 3996 MHz, 0 %, 0 MiB
2026/07/30 06:12:53.727, 6, P0, 33, 242.39 W, 1965 MHz, 3996 MHz, 0 %, 0 MiB
2026/07/30 06:12:53.727, 7, P0, 37, 243.32 W, 1965 MHz, 3996 MHz, 0 %, 0 MiB
2026/07/30 06:12:54.727, 0, P0, 38, 314.08 W, 1965 MHz, 3996 MHz, 90 %, 160723 MiB
2026/07/30 06:12:54.727, 1, P0, 35, 311.23 W, 1965 MHz, 3996 MHz, 58 %, 160819 MiB
2026/07/30 06:12:54.727, 2, P0, 37, 291.34 W, 1965 MHz, 3996 MHz, 13 %, 160819 MiB
2026/07/30 06:12:54.727, 3, P0, 34, 304.43 W, 1965 MHz, 3996 MHz, 88 %, 160339 MiB
2026/07/30 06:12:54.727, 4, P0, 34, 235.84 W, 1965 MHz, 3996 MHz, 0 %, 0 MiB
2026/07/30 06:12:54.727, 5, P0, 36, 244.20 W, 1965 MHz, 3996 MHz, 0 %, 0 MiB
2026/07/30 06:12:54.727, 6, P0, 33, 242.46 W, 1965 MHz, 3996 MHz, 0 %, 0 MiB
2026/07/30 06:12:54.727, 7, P0, 37, 243.30 W, 1965 MHz, 3996 MHz, 0 %, 0 MiB
2026/07/30 06:12:55.728, 0, P0, 37, 296.68 W, 1965 MHz, 3996 MHz, 0 %, 160723 MiB
2026/07/30 06:12:55.728, 1, P0, 34, 294.50 W, 1965 MHz, 3996 MHz, 0 %, 160819 MiB
2026/07/30 06:12:55.728, 2, P0, 37, 282.67 W, 1965 MHz, 3996 MHz, 0 %, 160819 MiB
2026/07/30 06:12:55.728, 3, P0, 33, 292.40 W, 1965 MHz, 3996 MHz, 0 %, 160339 MiB
2026/07/30 06:12:55.728, 4, P0, 33, 235.79 W, 1965 MHz, 3996 MHz, 0 %, 0 MiB
2026/07/30 06:12:55.728, 5, P0, 36, 244.30 W, 1965 MHz, 3996 MHz, 0 %, 0 MiB
2026/07/30 06:12:55.728, 6, P0, 33, 242.42 W, 1965 MHz, 3996 MHz, 0 %, 0 MiB
2026/07/30 06:12:55.728, 7, P0, 37, 243.32 W, 1965 MHz, 3996 MHz, 0 %, 0 MiB
2026/07/30 06:12:56.728, 0, P0, 38, 303.69 W, 1965 MHz, 3996 MHz, 91 %, 160723 MiB
2026/07/30 06:12:56.728, 1, P0, 35, 300.05 W, 1965 MHz, 3996 MHz, 85 %, 160819 MiB
2026/07/30 06:12:56.728, 2, P0, 38, 285.91 W, 1965 MHz, 3996 MHz, 13 %, 160819 MiB
2026/07/30 06:12:56.728, 3, P0, 35, 294.03 W, 1965 MHz, 3996 MHz, 82 %, 160339 MiB
2026/07/30 06:12:56.728, 4, P0, 33, 235.78 W, 1965 MHz, 3996 MHz, 0 %, 0 MiB
2026/07/30 06:12:56.728, 5, P0, 36, 244.19 W, 1965 MHz, 3996 MHz, 0 %, 0 MiB
2026/07/30 06:12:56.728, 6, P0, 33, 242.46 W, 1965 MHz, 3996 MHz, 0 %, 0 MiB
2026/07/30 06:12:56.728, 7, P0, 37, 243.28 W, 1965 MHz, 3996 MHz, 0 %, 0 MiB
2026/07/30 06:12:57.728, 0, P0, 37, 304.54 W, 1965 MHz, 3996 MHz, 3 %, 160723 MiB
2026/07/30 06:12:57.728, 1, P0, 35, 304.72 W, 1965 MHz, 3996 MHz, 87 %, 160819 MiB
2026/07/30 06:12:57.728, 2, P0, 37, 288.05 W, 1965 MHz, 3996 MHz, 10 %, 160819 MiB
2026/07/30 06:12:57.728, 3, P0, 34, 305.48 W, 1965 MHz, 3996 MHz, 61 %, 160339 MiB
2026/07/30 06:12:57.728, 4, P0, 34, 235.88 W, 1965 MHz, 3996 MHz, 0 %, 0 MiB
2026/07/30 06:12:57.728, 5, P0, 36, 244.21 W, 1965 MHz, 3996 MHz, 0 %, 0 MiB
2026/07/30 06:12:57.728, 6, P0, 33, 242.38 W, 1965 MHz, 3996 MHz, 0 %, 0 MiB
2026/07/30 06:12:57.728, 7, P0, 37, 243.27 W, 1965 MHz, 3996 MHz, 0 %, 0 MiB
2026/07/30 06:12:58.728, 0, P0, 37, 263.05 W, 1965 MHz, 3996 MHz, 92 %, 160723 MiB
2026/07/30 06:12:58.728, 1, P0, 34, 256.69 W, 1965 MHz, 3996 MHz, 84 %, 160819 MiB
2026/07/30 06:12:58.728, 2, P0, 37, 247.87 W, 1965 MHz, 3996 MHz, 13 %, 160819 MiB
2026/07/30 06:12:58.729, 3, P0, 34, 255.31 W, 1965 MHz, 3996 MHz, 81 %, 160339 MiB
2026/07/30 06:12:58.729, 4, P0, 34, 235.80 W, 1965 MHz, 3996 MHz, 0 %, 0 MiB
2026/07/30 06:12:58.729, 5, P0, 36, 244.31 W, 1965 MHz, 3996 MHz, 0 %, 0 MiB
2026/07/30 06:12:58.729, 6, P0, 33, 242.42 W, 1965 MHz, 3996 MHz, 0 %, 0 MiB
2026/07/30 06:12:58.729, 7, P0, 37, 243.34 W, 1965 MHz, 3996 MHz, 0 %, 0 MiB
2026/07/30 06:12:59.729, 0, P0, 37, 283.77 W, 1965 MHz, 3996 MHz, 91 %, 160723 MiB
2026/07/30 06:12:59.729, 1, P0, 34, 279.43 W, 1965 MHz, 3996 MHz, 88 %, 160819 MiB
2026/07/30 06:12:59.729, 2, P0, 37, 260.49 W, 1965 MHz, 3996 MHz, 17 %, 160819 MiB
2026/07/30 06:12:59.729, 3, P0, 34, 276.92 W, 1965 MHz, 3996 MHz, 75 %, 160339 MiB
2026/07/30 06:12:59.729, 4, P0, 34, 235.84 W, 1965 MHz, 3996 MHz, 0 %, 0 MiB
2026/07/30 06:12:59.729, 5, P0, 36, 244.31 W, 1965 MHz, 3996 MHz, 0 %, 0 MiB
2026/07/30 06:12:59.729, 6, P0, 33, 242.38 W, 1965 MHz, 3996 MHz, 0 %, 0 MiB
2026/07/30 06:12:59.729, 7, P0, 37, 243.35 W, 1965 MHz, 3996 MHz, 0 %, 0 MiB
2026/07/30 06:13:00.729, 0, P0, 37, 282.79 W, 1965 MHz, 3996 MHz, 90 %, 160723 MiB
2026/07/30 06:13:00.729, 1, P0, 34, 279.41 W, 1965 MHz, 3996 MHz, 69 %, 160819 MiB
2026/07/30 06:13:00.729, 2, P0, 37, 260.12 W, 1965 MHz, 3996 MHz, 13 %, 160819 MiB
2026/07/30 06:13:00.729, 3, P0, 34, 278.17 W, 1965 MHz, 3996 MHz, 87 %, 160339 MiB
2026/07/30 06:13:00.729, 4, P0, 34, 235.85 W, 1965 MHz, 3996 MHz, 0 %, 0 MiB
2026/07/30 06:13:00.729, 5, P0, 36, 244.32 W, 1965 MHz, 3996 MHz, 0 %, 0 MiB
2026/07/30 06:13:00.729, 6, P0, 33, 242.43 W, 1965 MHz, 3996 MHz, 0 %, 0 MiB
2026/07/30 06:13:00.729, 7, P0, 37, 243.38 W, 1965 MHz, 3996 MHz, 0 %, 0 MiB
2026/07/30 06:13:01.729, 0, P0, 38, 313.57 W, 1965 MHz, 3996 MHz, 89 %, 160723 MiB
2026/07/30 06:13:01.729, 1, P0, 35, 310.19 W, 1965 MHz, 3996 MHz, 88 %, 160819 MiB
2026/07/30 06:13:01.729, 2, P0, 37, 293.26 W, 1965 MHz, 3996 MHz, 13 %, 160819 MiB
2026/07/30 06:13:01.729, 3, P0, 34, 303.64 W, 1965 MHz, 3996 MHz, 84 %, 160339 MiB
2026/07/30 06:13:01.729, 4, P0, 34, 235.87 W, 1965 MHz, 3996 MHz, 0 %, 0 MiB
2026/07/30 06:13:01.729, 5, P0, 36, 244.13 W, 1965 MHz, 3996 MHz, 0 %, 0 MiB
2026/07/30 06:13:01.729, 6, P0, 33, 242.40 W, 1965 MHz, 3996 MHz, 0 %, 0 MiB
2026/07/30 06:13:01.729, 7, P0, 37, 243.34 W, 1965 MHz, 3996 MHz, 0 %, 0 MiB
2026/07/30 06:13:02.730, 0, P0, 37, 298.02 W, 1965 MHz, 3996 MHz, 0 %, 160723 MiB
2026/07/30 06:13:02.730, 1, P0, 34, 295.21 W, 1965 MHz, 3996 MHz, 0 %, 160819 MiB
2026/07/30 06:13:02.730, 2, P0, 37, 286.69 W, 1965 MHz, 3996 MHz, 0 %, 160819 MiB
2026/07/30 06:13:02.730, 3, P0, 34, 294.75 W, 1965 MHz, 3996 MHz, 0 %, 160339 MiB
2026/07/30 06:13:02.730, 4, P0, 34, 235.82 W, 1965 MHz, 3996 MHz, 0 %, 0 MiB
2026/07/30 06:13:02.730, 5, P0, 36, 244.27 W, 1965 MHz, 3996 MHz, 0 %, 0 MiB
2026/07/30 06:13:02.730, 6, P0, 33, 242.40 W, 1965 MHz, 3996 MHz, 0 %, 0 MiB
2026/07/30 06:13:02.730, 7, P0, 37, 243.29 W, 1965 MHz, 3996 MHz, 0 %, 0 MiB
2026/07/30 06:13:03.730, 0, P0, 37, 250.45 W, 1965 MHz, 3996 MHz, 84 %, 160723 MiB
2026/07/30 06:13:03.730, 1, P0, 34, 242.91 W, 1965 MHz, 3996 MHz, 0 %, 160819 MiB
2026/07/30 06:13:03.730, 2, P0, 37, 241.09 W, 1965 MHz, 3996 MHz, 61 %, 160819 MiB
2026/07/30 06:13:03.730, 3, P0, 33, 243.70 W, 1965 MHz, 3996 MHz, 76 %, 160339 MiB
2026/07/30 06:13:03.730, 4, P0, 34, 235.83 W, 1965 MHz, 3996 MHz, 0 %, 0 MiB
2026/07/30 06:13:03.730, 5, P0, 36, 244.20 W, 1965 MHz, 3996 MHz, 0 %, 0 MiB
2026/07/30 06:13:03.730, 6, P0, 33, 242.35 W, 1965 MHz, 3996 MHz, 0 %, 0 MiB
2026/07/30 06:13:03.730, 7, P0, 37, 243.35 W, 1965 MHz, 3996 MHz, 0 %, 0 MiB
2026/07/30 06:13:04.730, 0, P0, 37, 280.35 W, 1965 MHz, 3996 MHz, 57 %, 160723 MiB
2026/07/30 06:13:04.730, 1, P0, 34, 275.54 W, 1965 MHz, 3996 MHz, 66 %, 160819 MiB
2026/07/30 06:13:04.730, 2, P0, 37, 261.31 W, 1965 MHz, 3996 MHz, 13 %, 160819 MiB
2026/07/30 06:13:04.730, 3, P0, 34, 274.85 W, 1965 MHz, 3996 MHz, 84 %, 160339 MiB
2026/07/30 06:13:04.730, 4, P0, 34, 235.79 W, 1965 MHz, 3996 MHz, 0 %, 0 MiB
2026/07/30 06:13:04.730, 5, P0, 36, 244.28 W, 1965 MHz, 3996 MHz, 0 %, 0 MiB
2026/07/30 06:13:04.730, 6, P0, 33, 242.41 W, 1965 MHz, 3996 MHz, 0 %, 0 MiB
2026/07/30 06:13:04.730, 7, P0, 37, 243.36 W, 1965 MHz, 3996 MHz, 0 %, 0 MiB
2026/07/30 06:13:05.730, 0, P0, 37, 282.00 W, 1965 MHz, 3996 MHz, 89 %, 160723 MiB
2026/07/30 06:13:05.731, 1, P0, 34, 278.33 W, 1965 MHz, 3996 MHz, 82 %, 160819 MiB
2026/07/30 06:13:05.731, 2, P0, 37, 259.26 W, 1965 MHz, 3996 MHz, 13 %, 160819 MiB
2026/07/30 06:13:05.731, 3, P0, 34, 278.07 W, 1965 MHz, 3996 MHz, 86 %, 160339 MiB
2026/07/30 06:13:05.731, 4, P0, 34, 235.84 W, 1965 MHz, 3996 MHz, 0 %, 0 MiB
2026/07/30 06:13:05.731, 5, P0, 36, 244.30 W, 1965 MHz, 3996 MHz, 0 %, 0 MiB
2026/07/30 06:13:05.731, 6, P0, 33, 242.39 W, 1965 MHz, 3996 MHz, 0 %, 0 MiB
2026/07/30 06:13:05.731, 7, P0, 37, 243.37 W, 1965 MHz, 3996 MHz, 0 %, 0 MiB
2026/07/30 06:13:06.731, 0, P0, 37, 281.98 W, 1965 MHz, 3996 MHz, 90 %, 160723 MiB
2026/07/30 06:13:06.731, 1, P0, 34, 276.51 W, 1965 MHz, 3996 MHz, 83 %, 160819 MiB
2026/07/30 06:13:06.731, 2, P0, 37, 261.34 W, 1965 MHz, 3996 MHz, 13 %, 160819 MiB
2026/07/30 06:13:06.731, 3, P0, 34, 278.15 W, 1965 MHz, 3996 MHz, 88 %, 160339 MiB
2026/07/30 06:13:06.731, 4, P0, 34, 235.82 W, 1965 MHz, 3996 MHz, 0 %, 0 MiB
2026/07/30 06:13:06.731, 5, P0, 36, 244.16 W, 1965 MHz, 3996 MHz, 0 %, 0 MiB
2026/07/30 06:13:06.731, 6, P0, 33, 242.36 W, 1965 MHz, 3996 MHz, 0 %, 0 MiB
2026/07/30 06:13:06.731, 7, P0, 37, 243.35 W, 1965 MHz, 3996 MHz, 0 %, 0 MiB
2026/07/30 06:13:07.731, 0, P0, 37, 283.36 W, 1965 MHz, 3996 MHz, 89 %, 160723 MiB
2026/07/30 06:13:07.731, 1, P0, 34, 276.10 W, 1965 MHz, 3996 MHz, 61 %, 160819 MiB
2026/07/30 06:13:07.731, 2, P0, 37, 261.55 W, 1965 MHz, 3996 MHz, 30 %, 160819 MiB
2026/07/30 06:13:07.731, 3, P0, 34, 276.64 W, 1965 MHz, 3996 MHz, 84 %, 160339 MiB
2026/07/30 06:13:07.731, 4, P0, 34, 235.85 W, 1965 MHz, 3996 MHz, 0 %, 0 MiB
2026/07/30 06:13:07.731, 5, P0, 36, 244.34 W, 1965 MHz, 3996 MHz, 0 %, 0 MiB
2026/07/30 06:13:07.731, 6, P0, 33, 242.37 W, 1965 MHz, 3996 MHz, 0 %, 0 MiB
2026/07/30 06:13:07.731, 7, P0, 37, 243.34 W, 1965 MHz, 3996 MHz, 0 %, 0 MiB
2026/07/30 06:13:08.731, 0, P0, 37, 281.85 W, 1965 MHz, 3996 MHz, 88 %, 160723 MiB
2026/07/30 06:13:08.732, 1, P0, 34, 277.98 W, 1965 MHz, 3996 MHz, 64 %, 160819 MiB
2026/07/30 06:13:08.732, 2, P0, 37, 261.56 W, 1965 MHz, 3996 MHz, 38 %, 160819 MiB
2026/07/30 06:13:08.732, 3, P0, 34, 275.80 W, 1965 MHz, 3996 MHz, 25 %, 160339 MiB
2026/07/30 06:13:08.732, 4, P0, 34, 235.84 W, 1965 MHz, 3996 MHz, 0 %, 0 MiB
2026/07/30 06:13:08.732, 5, P0, 36, 244.26 W, 1965 MHz, 3996 MHz, 0 %, 0 MiB
2026/07/30 06:13:08.732, 6, P0, 33, 242.32 W, 1965 MHz, 3996 MHz, 0 %, 0 MiB
2026/07/30 06:13:08.732, 7, P0, 37, 243.32 W, 1965 MHz, 3996 MHz, 0 %, 0 MiB
2026/07/30 06:13:09.732, 0, P0, 37, 282.73 W, 1965 MHz, 3996 MHz, 87 %, 160723 MiB
2026/07/30 06:13:09.732, 1, P0, 34, 277.69 W, 1965 MHz, 3996 MHz, 80 %, 160819 MiB
2026/07/30 06:13:09.732, 2, P0, 37, 261.30 W, 1965 MHz, 3996 MHz, 13 %, 160819 MiB
2026/07/30 06:13:09.732, 3, P0, 34, 275.66 W, 1965 MHz, 3996 MHz, 82 %, 160339 MiB
2026/07/30 06:13:09.732, 4, P0, 34, 235.81 W, 1965 MHz, 3996 MHz, 0 %, 0 MiB
2026/07/30 06:13:09.732, 5, P0, 36, 244.28 W, 1965 MHz, 3996 MHz, 0 %, 0 MiB
2026/07/30 06:13:09.732, 6, P0, 33, 242.40 W, 1965 MHz, 3996 MHz, 0 %, 0 MiB
2026/07/30 06:13:09.732, 7, P0, 37, 243.34 W, 1965 MHz, 3996 MHz, 0 %, 0 MiB
2026/07/30 06:13:10.732, 0, P0, 37, 280.53 W, 1965 MHz, 3996 MHz, 87 %, 160723 MiB
2026/07/30 06:13:10.732, 1, P0, 34, 274.32 W, 1965 MHz, 3996 MHz, 62 %, 160819 MiB
2026/07/30 06:13:10.732, 2, P0, 37, 262.05 W, 1965 MHz, 3996 MHz, 13 %, 160819 MiB
2026/07/30 06:13:10.732, 3, P0, 34, 276.72 W, 1965 MHz, 3996 MHz, 85 %, 160339 MiB
2026/07/30 06:13:10.732, 4, P0, 34, 235.86 W, 1965 MHz, 3996 MHz, 0 %, 0 MiB
2026/07/30 06:13:10.732, 5, P0, 36, 244.32 W, 1965 MHz, 3996 MHz, 0 %, 0 MiB
2026/07/30 06:13:10.732, 6, P0, 33, 242.39 W, 1965 MHz, 3996 MHz, 0 %, 0 MiB
2026/07/30 06:13:10.732, 7, P0, 37, 243.41 W, 1965 MHz, 3996 MHz, 0 %, 0 MiB
2026/07/30 06:13:11.733, 0, P0, 37, 282.50 W, 1965 MHz, 3996 MHz, 88 %, 160723 MiB
2026/07/30 06:13:11.733, 1, P0, 34, 275.60 W, 1965 MHz, 3996 MHz, 36 %, 160819 MiB
2026/07/30 06:13:11.733, 2, P0, 37, 261.30 W, 1965 MHz, 3996 MHz, 13 %, 160819 MiB
2026/07/30 06:13:11.733, 3, P0, 34, 276.65 W, 1965 MHz, 3996 MHz, 83 %, 160339 MiB
2026/07/30 06:13:11.733, 4, P0, 33, 235.81 W, 1965 MHz, 3996 MHz, 0 %, 0 MiB
2026/07/30 06:13:11.733, 5, P0, 36, 244.25 W, 1965 MHz, 3996 MHz, 0 %, 0 MiB
2026/07/30 06:13:11.733, 6, P0, 33, 242.41 W, 1965 MHz, 3996 MHz, 0 %, 0 MiB
2026/07/30 06:13:11.733, 7, P0, 37, 243.29 W, 1965 MHz, 3996 MHz, 0 %, 0 MiB
2026/07/30 06:13:12.733, 0, P0, 37, 282.63 W, 1965 MHz, 3996 MHz, 86 %, 160723 MiB
2026/07/30 06:13:12.733, 1, P0, 34, 278.10 W, 1965 MHz, 3996 MHz, 87 %, 160819 MiB
2026/07/30 06:13:12.733, 2, P0, 37, 260.29 W, 1965 MHz, 3996 MHz, 13 %, 160819 MiB
2026/07/30 06:13:12.733, 3, P0, 34, 278.16 W, 1965 MHz, 3996 MHz, 89 %, 160339 MiB
2026/07/30 06:13:12.733, 4, P0, 34, 235.81 W, 1965 MHz, 3996 MHz, 0 %, 0 MiB
2026/07/30 06:13:12.733, 5, P0, 36, 244.28 W, 1965 MHz, 3996 MHz, 0 %, 0 MiB
2026/07/30 06:13:12.733, 6, P0, 33, 242.44 W, 1965 MHz, 3996 MHz, 0 %, 0 MiB
2026/07/30 06:13:12.733, 7, P0, 37, 243.30 W, 1965 MHz, 3996 MHz, 0 %, 0 MiB
2026/07/30 06:13:13.733, 0, P0, 37, 279.85 W, 1965 MHz, 3996 MHz, 84 %, 160723 MiB
2026/07/30 06:13:13.733, 1, P0, 34, 276.95 W, 1965 MHz, 3996 MHz, 78 %, 160819 MiB
2026/07/30 06:13:13.733, 2, P0, 37, 261.00 W, 1965 MHz, 3996 MHz, 13 %, 160819 MiB
2026/07/30 06:13:13.733, 3, P0, 34, 275.17 W, 1965 MHz, 3996 MHz, 71 %, 160339 MiB
2026/07/30 06:13:13.733, 4, P0, 34, 235.84 W, 1965 MHz, 3996 MHz, 0 %, 0 MiB
2026/07/30 06:13:13.733, 5, P0, 36, 244.24 W, 1965 MHz, 3996 MHz, 0 %, 0 MiB
2026/07/30 06:13:13.733, 6, P0, 33, 242.40 W, 1965 MHz, 3996 MHz, 0 %, 0 MiB
2026/07/30 06:13:13.733, 7, P0, 37, 243.34 W, 1965 MHz, 3996 MHz, 0 %, 0 MiB
2026/07/30 06:13:14.733, 0, P0, 37, 281.55 W, 1965 MHz, 3996 MHz, 86 %, 160723 MiB
2026/07/30 06:13:14.733, 1, P0, 34, 276.25 W, 1965 MHz, 3996 MHz, 85 %, 160819 MiB
2026/07/30 06:13:14.733, 2, P0, 37, 261.57 W, 1965 MHz, 3996 MHz, 24 %, 160819 MiB
2026/07/30 06:13:14.733, 3, P0, 34, 275.55 W, 1965 MHz, 3996 MHz, 58 %, 160339 MiB
2026/07/30 06:13:14.733, 4, P0, 34, 235.85 W, 1965 MHz, 3996 MHz, 0 %, 0 MiB
2026/07/30 06:13:14.734, 5, P0, 36, 244.27 W, 1965 MHz, 3996 MHz, 0 %, 0 MiB
2026/07/30 06:13:14.734, 6, P0, 33, 242.43 W, 1965 MHz, 3996 MHz, 0 %, 0 MiB
2026/07/30 06:13:14.734, 7, P0, 37, 243.33 W, 1965 MHz, 3996 MHz, 0 %, 0 MiB
2026/07/30 06:13:15.734, 0, P0, 37, 280.86 W, 1965 MHz, 3996 MHz, 89 %, 160723 MiB
2026/07/30 06:13:15.734, 1, P0, 34, 277.73 W, 1965 MHz, 3996 MHz, 67 %, 160819 MiB
2026/07/30 06:13:15.734, 2, P0, 37, 260.14 W, 1965 MHz, 3996 MHz, 13 %, 160819 MiB
2026/07/30 06:13:15.734, 3, P0, 34, 276.61 W, 1965 MHz, 3996 MHz, 88 %, 160339 MiB
2026/07/30 06:13:15.734, 4, P0, 33, 235.80 W, 1965 MHz, 3996 MHz, 0 %, 0 MiB
2026/07/30 06:13:15.734, 5, P0, 36, 244.27 W, 1965 MHz, 3996 MHz, 0 %, 0 MiB
2026/07/30 06:13:15.734, 6, P0, 33, 242.38 W, 1965 MHz, 3996 MHz, 0 %, 0 MiB
2026/07/30 06:13:15.734, 7, P0, 37, 243.38 W, 1965 MHz, 3996 MHz, 0 %, 0 MiB
2026/07/30 06:13:16.734, 0, P0, 40, 395.72 W, 1957 MHz, 3996 MHz, 69 %, 162131 MiB
2026/07/30 06:13:16.734, 1, P0, 38, 389.39 W, 1710 MHz, 3996 MHz, 85 %, 162227 MiB
2026/07/30 06:13:16.734, 2, P0, 40, 375.24 W, 1950 MHz, 3996 MHz, 81 %, 162227 MiB
2026/07/30 06:13:16.734, 3, P0, 36, 391.21 W, 1912 MHz, 3996 MHz, 88 %, 161747 MiB
2026/07/30 06:13:16.734, 4, P0, 33, 235.79 W, 1965 MHz, 3996 MHz, 0 %, 0 MiB
2026/07/30 06:13:16.734, 5, P0, 36, 244.25 W, 1965 MHz, 3996 MHz, 0 %, 0 MiB
2026/07/30 06:13:16.734, 6, P0, 33, 242.35 W, 1965 MHz, 3996 MHz, 0 %, 0 MiB
2026/07/30 06:13:16.734, 7, P0, 37, 243.38 W, 1965 MHz, 3996 MHz, 0 %, 0 MiB
2026/07/30 06:13:17.734, 0, P0, 40, 394.04 W, 1965 MHz, 3996 MHz, 52 %, 162131 MiB
2026/07/30 06:13:17.734, 1, P0, 37, 391.62 W, 1965 MHz, 3996 MHz, 100 %, 162227 MiB
2026/07/30 06:13:17.734, 2, P0, 40, 379.93 W, 1965 MHz, 3996 MHz, 30 %, 162227 MiB
2026/07/30 06:13:17.734, 3, P0, 36, 389.89 W, 1965 MHz, 3996 MHz, 87 %, 161747 MiB
2026/07/30 06:13:17.734, 4, P0, 33, 235.83 W, 1965 MHz, 3996 MHz, 0 %, 0 MiB
2026/07/30 06:13:17.734, 5, P0, 36, 244.23 W, 1965 MHz, 3996 MHz, 0 %, 0 MiB
2026/07/30 06:13:17.734, 6, P0, 33, 242.37 W, 1965 MHz, 3996 MHz, 0 %, 0 MiB
2026/07/30 06:13:17.734, 7, P0, 37, 243.33 W, 1965 MHz, 3996 MHz, 0 %, 0 MiB
2026/07/30 06:13:18.734, 0, P0, 37, 261.59 W, 1965 MHz, 3996 MHz, 89 %, 162131 MiB
2026/07/30 06:13:18.735, 1, P0, 34, 256.17 W, 1965 MHz, 3996 MHz, 27 %, 162227 MiB
2026/07/30 06:13:18.735, 2, P0, 37, 248.95 W, 1965 MHz, 3996 MHz, 32 %, 162227 MiB
2026/07/30 06:13:18.735, 3, P0, 34, 254.86 W, 1965 MHz, 3996 MHz, 77 %, 161747 MiB
2026/07/30 06:13:18.735, 4, P0, 33, 235.82 W, 1965 MHz, 3996 MHz, 0 %, 0 MiB
2026/07/30 06:13:18.735, 5, P0, 36, 244.28 W, 1965 MHz, 3996 MHz, 0 %, 0 MiB
2026/07/30 06:13:18.735, 6, P0, 33, 242.35 W, 1965 MHz, 3996 MHz, 0 %, 0 MiB
2026/07/30 06:13:18.735, 7, P0, 37, 243.35 W, 1965 MHz, 3996 MHz, 0 %, 0 MiB
2026/07/30 06:13:19.735, 0, P0, 38, 397.35 W, 1965 MHz, 3996 MHz, 91 %, 162131 MiB
2026/07/30 06:13:19.735, 1, P0, 35, 399.66 W, 1965 MHz, 3996 MHz, 74 %, 162227 MiB
2026/07/30 06:13:19.735, 2, P0, 38, 376.83 W, 1965 MHz, 3996 MHz, 14 %, 162227 MiB
2026/07/30 06:13:19.735, 3, P0, 35, 395.44 W, 1965 MHz, 3996 MHz, 80 %, 161747 MiB
2026/07/30 06:13:19.735, 4, P0, 33, 235.82 W, 1965 MHz, 3996 MHz, 0 %, 0 MiB
2026/07/30 06:13:19.735, 5, P0, 36, 244.28 W, 1965 MHz, 3996 MHz, 0 %, 0 MiB
2026/07/30 06:13:19.735, 6, P0, 33, 242.41 W, 1965 MHz, 3996 MHz, 0 %, 0 MiB
2026/07/30 06:13:19.735, 7, P0, 37, 243.31 W, 1965 MHz, 3996 MHz, 0 %, 0 MiB
2026/07/30 06:13:20.735, 0, P0, 38, 384.98 W, 1965 MHz, 3996 MHz, 0 %, 162131 MiB
2026/07/30 06:13:20.735, 1, P0, 35, 387.08 W, 1965 MHz, 3996 MHz, 0 %, 162227 MiB
2026/07/30 06:13:20.735, 2, P0, 38, 377.11 W, 1965 MHz, 3996 MHz, 0 %, 162227 MiB
2026/07/30 06:13:20.735, 3, P0, 34, 378.88 W, 1965 MHz, 3996 MHz, 0 %, 161747 MiB
2026/07/30 06:13:20.735, 4, P0, 33, 235.78 W, 1965 MHz, 3996 MHz, 0 %, 0 MiB
2026/07/30 06:13:20.735, 5, P0, 36, 244.30 W, 1965 MHz, 3996 MHz, 0 %, 0 MiB
2026/07/30 06:13:20.735, 6, P0, 33, 242.44 W, 1965 MHz, 3996 MHz, 0 %, 0 MiB
2026/07/30 06:13:20.735, 7, P0, 37, 243.27 W, 1965 MHz, 3996 MHz, 0 %, 0 MiB
2026/07/30 06:13:21.735, 0, P0, 38, 275.73 W, 1965 MHz, 3996 MHz, 88 %, 162131 MiB
2026/07/30 06:13:21.735, 1, P0, 35, 267.26 W, 1965 MHz, 3996 MHz, 66 %, 162227 MiB
2026/07/30 06:13:21.735, 2, P0, 37, 257.14 W, 1965 MHz, 3996 MHz, 32 %, 162227 MiB
2026/07/30 06:13:21.735, 3, P0, 34, 268.18 W, 1965 MHz, 3996 MHz, 87 %, 161747 MiB
2026/07/30 06:13:21.735, 4, P0, 33, 235.84 W, 1965 MHz, 3996 MHz, 0 %, 0 MiB
2026/07/30 06:13:21.735, 5, P0, 36, 244.30 W, 1965 MHz, 3996 MHz, 0 %, 0 MiB
2026/07/30 06:13:21.736, 6, P0, 33, 242.44 W, 1965 MHz, 3996 MHz, 0 %, 0 MiB
2026/07/30 06:13:21.736, 7, P0, 37, 243.35 W, 1965 MHz, 3996 MHz, 0 %, 0 MiB
2026/07/30 06:13:22.736, 0, P0, 38, 287.85 W, 1965 MHz, 3996 MHz, 89 %, 162131 MiB
2026/07/30 06:13:22.736, 1, P0, 35, 281.29 W, 1965 MHz, 3996 MHz, 69 %, 162227 MiB
2026/07/30 06:13:22.736, 2, P0, 37, 265.23 W, 1965 MHz, 3996 MHz, 13 %, 162227 MiB
2026/07/30 06:13:22.736, 3, P0, 34, 280.88 W, 1965 MHz, 3996 MHz, 72 %, 161747 MiB
2026/07/30 06:13:22.736, 4, P0, 33, 235.80 W, 1965 MHz, 3996 MHz, 0 %, 0 MiB
2026/07/30 06:13:22.736, 5, P0, 36, 244.30 W, 1965 MHz, 3996 MHz, 0 %, 0 MiB
2026/07/30 06:13:22.736, 6, P0, 33, 242.43 W, 1965 MHz, 3996 MHz, 0 %, 0 MiB
2026/07/30 06:13:22.736, 7, P0, 37, 243.37 W, 1965 MHz, 3996 MHz, 0 %, 0 MiB
2026/07/30 06:13:23.736, 0, P0, 38, 287.23 W, 1965 MHz, 3996 MHz, 88 %, 162131 MiB
2026/07/30 06:13:23.736, 1, P0, 35, 281.16 W, 1965 MHz, 3996 MHz, 76 %, 162227 MiB
2026/07/30 06:13:23.737, 2, P0, 37, 265.44 W, 1965 MHz, 3996 MHz, 13 %, 162227 MiB
2026/07/30 06:13:23.737, 3, P0, 34, 279.58 W, 1965 MHz, 3996 MHz, 89 %, 161747 MiB
2026/07/30 06:13:23.737, 4, P0, 34, 235.84 W, 1965 MHz, 3996 MHz, 0 %, 0 MiB
2026/07/30 06:13:23.737, 5, P0, 36, 244.25 W, 1965 MHz, 3996 MHz, 0 %, 0 MiB
2026/07/30 06:13:23.737, 6, P0, 33, 242.41 W, 1965 MHz, 3996 MHz, 0 %, 0 MiB
2026/07/30 06:13:23.737, 7, P0, 37, 243.38 W, 1965 MHz, 3996 MHz, 0 %, 0 MiB
2026/07/30 06:13:24.737, 0, P0, 38, 404.02 W, 1965 MHz, 3996 MHz, 88 %, 162131 MiB
2026/07/30 06:13:24.737, 1, P0, 35, 392.45 W, 1965 MHz, 3996 MHz, 50 %, 162227 MiB
2026/07/30 06:13:24.737, 2, P0, 38, 385.50 W, 1965 MHz, 3996 MHz, 14 %, 162227 MiB
2026/07/30 06:13:24.737, 3, P0, 35, 397.08 W, 1965 MHz, 3996 MHz, 81 %, 161747 MiB
2026/07/30 06:13:24.737, 4, P0, 34, 235.76 W, 1965 MHz, 3996 MHz, 0 %, 0 MiB
2026/07/30 06:13:24.737, 5, P0, 36, 244.25 W, 1965 MHz, 3996 MHz, 0 %, 0 MiB
2026/07/30 06:13:24.737, 6, P0, 33, 242.40 W, 1965 MHz, 3996 MHz, 0 %, 0 MiB
2026/07/30 06:13:24.737, 7, P0, 37, 243.30 W, 1965 MHz, 3996 MHz, 0 %, 0 MiB
2026/07/30 06:13:25.737, 0, P0, 38, 387.57 W, 1965 MHz, 3996 MHz, 0 %, 162131 MiB
2026/07/30 06:13:25.737, 1, P0, 35, 382.21 W, 1965 MHz, 3996 MHz, 0 %, 162227 MiB
2026/07/30 06:13:25.737, 2, P0, 38, 376.99 W, 1965 MHz, 3996 MHz, 0 %, 162227 MiB
2026/07/30 06:13:25.737, 3, P0, 34, 379.28 W, 1965 MHz, 3996 MHz, 0 %, 161747 MiB
2026/07/30 06:13:25.737, 4, P0, 33, 235.77 W, 1965 MHz, 3996 MHz, 0 %, 0 MiB
2026/07/30 06:13:25.737, 5, P0, 36, 244.31 W, 1965 MHz, 3996 MHz, 0 %, 0 MiB
2026/07/30 06:13:25.737, 6, P0, 33, 242.40 W, 1965 MHz, 3996 MHz, 0 %, 0 MiB
2026/07/30 06:13:25.737, 7, P0, 37, 243.32 W, 1965 MHz, 3996 MHz, 0 %, 0 MiB
2026/07/30 06:13:26.737, 0, P0, 38, 277.30 W, 1965 MHz, 3996 MHz, 82 %, 162131 MiB
2026/07/30 06:13:26.737, 1, P0, 35, 267.17 W, 1965 MHz, 3996 MHz, 59 %, 162227 MiB
2026/07/30 06:13:26.737, 2, P0, 38, 257.98 W, 1965 MHz, 3996 MHz, 14 %, 162227 MiB
2026/07/30 06:13:26.737, 3, P0, 34, 266.98 W, 1965 MHz, 3996 MHz, 73 %, 161747 MiB
2026/07/30 06:13:26.737, 4, P0, 34, 235.81 W, 1965 MHz, 3996 MHz, 0 %, 0 MiB
2026/07/30 06:13:26.737, 5, P0, 36, 244.29 W, 1965 MHz, 3996 MHz, 0 %, 0 MiB
2026/07/30 06:13:26.737, 6, P0, 33, 242.41 W, 1965 MHz, 3996 MHz, 0 %, 0 MiB
2026/07/30 06:13:26.737, 7, P0, 37, 243.36 W, 1965 MHz, 3996 MHz, 0 %, 0 MiB
2026/07/30 06:13:27.738, 0, P0, 38, 287.33 W, 1965 MHz, 3996 MHz, 89 %, 162131 MiB
2026/07/30 06:13:27.738, 1, P0, 35, 281.21 W, 1965 MHz, 3996 MHz, 73 %, 162227 MiB
2026/07/30 06:13:27.738, 2, P0, 37, 265.14 W, 1965 MHz, 3996 MHz, 13 %, 162227 MiB
2026/07/30 06:13:27.738, 3, P0, 34, 281.09 W, 1965 MHz, 3996 MHz, 86 %, 161747 MiB
2026/07/30 06:13:27.738, 4, P0, 33, 235.79 W, 1965 MHz, 3996 MHz, 0 %, 0 MiB
2026/07/30 06:13:27.738, 5, P0, 36, 244.27 W, 1965 MHz, 3996 MHz, 0 %, 0 MiB
2026/07/30 06:13:27.738, 6, P0, 33, 242.48 W, 1965 MHz, 3996 MHz, 0 %, 0 MiB
2026/07/30 06:13:27.738, 7, P0, 37, 243.31 W, 1965 MHz, 3996 MHz, 0 %, 0 MiB
2026/07/30 06:13:28.738, 0, P0, 38, 285.58 W, 1965 MHz, 3996 MHz, 87 %, 162131 MiB
2026/07/30 06:13:28.738, 1, P0, 35, 282.64 W, 1965 MHz, 3996 MHz, 87 %, 162227 MiB
2026/07/30 06:13:28.738, 2, P0, 37, 264.59 W, 1965 MHz, 3996 MHz, 29 %, 162227 MiB
2026/07/30 06:13:28.738, 3, P0, 34, 280.01 W, 1965 MHz, 3996 MHz, 81 %, 161747 MiB
2026/07/30 06:13:28.738, 4, P0, 33, 235.81 W, 1965 MHz, 3996 MHz, 0 %, 0 MiB
2026/07/30 06:13:28.738, 5, P0, 36, 244.21 W, 1965 MHz, 3996 MHz, 0 %, 0 MiB
2026/07/30 06:13:28.738, 6, P0, 33, 242.44 W, 1965 MHz, 3996 MHz, 0 %, 0 MiB
2026/07/30 06:13:28.738, 7, P0, 37, 243.34 W, 1965 MHz, 3996 MHz, 0 %, 0 MiB
2026/07/30 06:13:29.738, 0, P0, 38, 287.04 W, 1965 MHz, 3996 MHz, 84 %, 162131 MiB
2026/07/30 06:13:29.738, 1, P0, 35, 281.74 W, 1965 MHz, 3996 MHz, 84 %, 162227 MiB
2026/07/30 06:13:29.738, 2, P0, 37, 265.32 W, 1965 MHz, 3996 MHz, 14 %, 162227 MiB
2026/07/30 06:13:29.738, 3, P0, 34, 279.71 W, 1965 MHz, 3996 MHz, 73 %, 161747 MiB
2026/07/30 06:13:29.738, 4, P0, 33, 235.79 W, 1965 MHz, 3996 MHz, 0 %, 0 MiB
2026/07/30 06:13:29.738, 5, P0, 36, 244.26 W, 1965 MHz, 3996 MHz, 0 %, 0 MiB
2026/07/30 06:13:29.738, 6, P0, 33, 242.45 W, 1965 MHz, 3996 MHz, 0 %, 0 MiB
2026/07/30 06:13:29.738, 7, P0, 37, 243.32 W, 1965 MHz, 3996 MHz, 0 %, 0 MiB
2026/07/30 06:13:30.738, 0, P0, 38, 285.81 W, 1965 MHz, 3996 MHz, 85 %, 162131 MiB
2026/07/30 06:13:30.738, 1, P0, 35, 283.35 W, 1965 MHz, 3996 MHz, 87 %, 162227 MiB
2026/07/30 06:13:30.738, 2, P0, 37, 265.10 W, 1965 MHz, 3996 MHz, 49 %, 162227 MiB
2026/07/30 06:13:30.738, 3, P0, 34, 281.28 W, 1965 MHz, 3996 MHz, 31 %, 161747 MiB
2026/07/30 06:13:30.738, 4, P0, 33, 235.81 W, 1965 MHz, 3996 MHz, 0 %, 0 MiB
2026/07/30 06:13:30.738, 5, P0, 36, 244.24 W, 1965 MHz, 3996 MHz, 0 %, 0 MiB
2026/07/30 06:13:30.738, 6, P0, 33, 242.46 W, 1965 MHz, 3996 MHz, 0 %, 0 MiB
2026/07/30 06:13:30.739, 7, P0, 37, 243.33 W, 1965 MHz, 3996 MHz, 0 %, 0 MiB
2026/07/30 06:13:31.739, 0, P0, 38, 284.77 W, 1965 MHz, 3996 MHz, 85 %, 162131 MiB
2026/07/30 06:13:31.739, 1, P0, 35, 282.31 W, 1965 MHz, 3996 MHz, 83 %, 162227 MiB
2026/07/30 06:13:31.739, 2, P0, 37, 265.41 W, 1965 MHz, 3996 MHz, 14 %, 162227 MiB
2026/07/30 06:13:31.739, 3, P0, 34, 273.63 W, 1965 MHz, 3996 MHz, 65 %, 161747 MiB
2026/07/30 06:13:31.739, 4, P0, 33, 235.82 W, 1965 MHz, 3996 MHz, 0 %, 0 MiB
2026/07/30 06:13:31.739, 5, P0, 36, 244.27 W, 1965 MHz, 3996 MHz, 0 %, 0 MiB
2026/07/30 06:13:31.739, 6, P0, 33, 242.45 W, 1965 MHz, 3996 MHz, 0 %, 0 MiB
2026/07/30 06:13:31.739, 7, P0, 37, 243.35 W, 1965 MHz, 3996 MHz, 0 %, 0 MiB
2026/07/30 06:13:32.739, 0, P0, 38, 285.35 W, 1965 MHz, 3996 MHz, 87 %, 162131 MiB
2026/07/30 06:13:32.739, 1, P0, 35, 283.54 W, 1965 MHz, 3996 MHz, 68 %, 162227 MiB
2026/07/30 06:13:32.739, 2, P0, 37, 265.14 W, 1965 MHz, 3996 MHz, 13 %, 162227 MiB
2026/07/30 06:13:32.739, 3, P0, 34, 276.51 W, 1965 MHz, 3996 MHz, 61 %, 161747 MiB
2026/07/30 06:13:32.739, 4, P0, 33, 235.78 W, 1965 MHz, 3996 MHz, 0 %, 0 MiB
2026/07/30 06:13:32.739, 5, P0, 36, 244.29 W, 1965 MHz, 3996 MHz, 0 %, 0 MiB
2026/07/30 06:13:32.739, 6, P0, 33, 242.47 W, 1965 MHz, 3996 MHz, 0 %, 0 MiB
2026/07/30 06:13:32.739, 7, P0, 37, 243.34 W, 1965 MHz, 3996 MHz, 0 %, 0 MiB
2026/07/30 06:13:33.739, 0, P0, 38, 286.42 W, 1965 MHz, 3996 MHz, 82 %, 162131 MiB
2026/07/30 06:13:33.739, 1, P0, 35, 281.19 W, 1965 MHz, 3996 MHz, 80 %, 162227 MiB
2026/07/30 06:13:33.739, 2, P0, 37, 266.17 W, 1965 MHz, 3996 MHz, 13 %, 162227 MiB
2026/07/30 06:13:33.739, 3, P0, 34, 276.17 W, 1965 MHz, 3996 MHz, 68 %, 161747 MiB
2026/07/30 06:13:33.739, 4, P0, 33, 235.76 W, 1965 MHz, 3996 MHz, 0 %, 0 MiB
2026/07/30 06:13:33.739, 5, P0, 36, 244.29 W, 1965 MHz, 3996 MHz, 0 %, 0 MiB
2026/07/30 06:13:33.739, 6, P0, 33, 242.38 W, 1965 MHz, 3996 MHz, 0 %, 0 MiB
2026/07/30 06:13:33.739, 7, P0, 37, 243.38 W, 1965 MHz, 3996 MHz, 0 %, 0 MiB
2026/07/30 06:13:34.739, 0, P0, 38, 286.35 W, 1965 MHz, 3996 MHz, 89 %, 162131 MiB
2026/07/30 06:13:34.739, 1, P0, 35, 281.99 W, 1965 MHz, 3996 MHz, 69 %, 162227 MiB
2026/07/30 06:13:34.740, 2, P0, 37, 264.62 W, 1965 MHz, 3996 MHz, 48 %, 162227 MiB
2026/07/30 06:13:34.740, 3, P0, 34, 277.46 W, 1965 MHz, 3996 MHz, 41 %, 161747 MiB
2026/07/30 06:13:34.740, 4, P0, 33, 235.77 W, 1965 MHz, 3996 MHz, 0 %, 0 MiB
2026/07/30 06:13:34.740, 5, P0, 36, 244.29 W, 1965 MHz, 3996 MHz, 0 %, 0 MiB
2026/07/30 06:13:34.740, 6, P0, 33, 242.39 W, 1965 MHz, 3996 MHz, 0 %, 0 MiB
2026/07/30 06:13:34.740, 7, P0, 37, 243.38 W, 1965 MHz, 3996 MHz, 0 %, 0 MiB
2026/07/30 06:13:35.740, 0, P0, 38, 285.74 W, 1965 MHz, 3996 MHz, 86 %, 162131 MiB
2026/07/30 06:13:35.740, 1, P0, 35, 282.81 W, 1965 MHz, 3996 MHz, 88 %, 162227 MiB
2026/07/30 06:13:35.740, 2, P0, 37, 265.48 W, 1965 MHz, 3996 MHz, 23 %, 162227 MiB
2026/07/30 06:13:35.740, 3, P0, 34, 277.14 W, 1965 MHz, 3996 MHz, 27 %, 161747 MiB
2026/07/30 06:13:35.740, 4, P0, 33, 235.74 W, 1965 MHz, 3996 MHz, 0 %, 0 MiB
2026/07/30 06:13:35.740, 5, P0, 36, 244.32 W, 1965 MHz, 3996 MHz, 0 %, 0 MiB
2026/07/30 06:13:35.740, 6, P0, 33, 242.42 W, 1965 MHz, 3996 MHz, 0 %, 0 MiB
2026/07/30 06:13:35.740, 7, P0, 37, 243.37 W, 1965 MHz, 3996 MHz, 0 %, 0 MiB
2026/07/30 06:13:36.740, 0, P0, 38, 286.97 W, 1965 MHz, 3996 MHz, 88 %, 162131 MiB
2026/07/30 06:13:36.740, 1, P0, 35, 281.70 W, 1965 MHz, 3996 MHz, 83 %, 162227 MiB
2026/07/30 06:13:36.740, 2, P0, 37, 265.90 W, 1965 MHz, 3996 MHz, 13 %, 162227 MiB
2026/07/30 06:13:36.740, 3, P0, 34, 280.86 W, 1965 MHz, 3996 MHz, 82 %, 161747 MiB
2026/07/30 06:13:36.740, 4, P0, 33, 235.73 W, 1965 MHz, 3996 MHz, 0 %, 0 MiB
2026/07/30 06:13:36.740, 5, P0, 36, 244.24 W, 1965 MHz, 3996 MHz, 0 %, 0 MiB
2026/07/30 06:13:36.740, 6, P0, 33, 242.42 W, 1965 MHz, 3996 MHz, 0 %, 0 MiB
2026/07/30 06:13:36.740, 7, P0, 37, 243.37 W, 1965 MHz, 3996 MHz, 0 %, 0 MiB
2026/07/30 06:13:37.740, 0, P0, 38, 286.58 W, 1965 MHz, 3996 MHz, 92 %, 162131 MiB
2026/07/30 06:13:37.740, 1, P0, 34, 281.72 W, 1965 MHz, 3996 MHz, 76 %, 162227 MiB
2026/07/30 06:13:37.740, 2, P0, 37, 264.59 W, 1965 MHz, 3996 MHz, 14 %, 162227 MiB
2026/07/30 06:13:37.740, 3, P0, 34, 279.19 W, 1965 MHz, 3996 MHz, 71 %, 161747 MiB
2026/07/30 06:13:37.740, 4, P0, 33, 235.75 W, 1965 MHz, 3996 MHz, 0 %, 0 MiB
2026/07/30 06:13:37.740, 5, P0, 36, 244.23 W, 1965 MHz, 3996 MHz, 0 %, 0 MiB
2026/07/30 06:13:37.740, 6, P0, 33, 242.40 W, 1965 MHz, 3996 MHz, 0 %, 0 MiB
2026/07/30 06:13:37.740, 7, P0, 37, 243.39 W, 1965 MHz, 3996 MHz, 0 %, 0 MiB
2026/07/30 06:13:38.741, 0, P0, 38, 288.86 W, 1965 MHz, 3996 MHz, 88 %, 162131 MiB
2026/07/30 06:13:38.741, 1, P0, 35, 282.57 W, 1965 MHz, 3996 MHz, 84 %, 162227 MiB
2026/07/30 06:13:38.741, 2, P0, 37, 263.53 W, 1965 MHz, 3996 MHz, 14 %, 162227 MiB
2026/07/30 06:13:38.741, 3, P0, 34, 281.34 W, 1965 MHz, 3996 MHz, 82 %, 161747 MiB
2026/07/30 06:13:38.741, 4, P0, 33, 235.76 W, 1965 MHz, 3996 MHz, 0 %, 0 MiB
2026/07/30 06:13:38.741, 5, P0, 36, 244.27 W, 1965 MHz, 3996 MHz, 0 %, 0 MiB
2026/07/30 06:13:38.741, 6, P0, 33, 242.34 W, 1965 MHz, 3996 MHz, 0 %, 0 MiB
2026/07/30 06:13:38.741, 7, P0, 37, 243.32 W, 1965 MHz, 3996 MHz, 0 %, 0 MiB
2026/07/30 06:13:39.741, 0, P0, 38, 301.96 W, 1965 MHz, 3996 MHz, 86 %, 162131 MiB
2026/07/30 06:13:39.741, 1, P0, 35, 292.14 W, 1965 MHz, 3996 MHz, 76 %, 162227 MiB
2026/07/30 06:13:39.741, 2, P0, 37, 268.02 W, 1965 MHz, 3996 MHz, 14 %, 162227 MiB
2026/07/30 06:13:39.741, 3, P0, 34, 295.17 W, 1965 MHz, 3996 MHz, 78 %, 161747 MiB
2026/07/30 06:13:39.741, 4, P0, 33, 235.70 W, 1965 MHz, 3996 MHz, 0 %, 0 MiB
2026/07/30 06:13:39.741, 5, P0, 36, 244.20 W, 1965 MHz, 3996 MHz, 0 %, 0 MiB
2026/07/30 06:13:39.741, 6, P0, 33, 242.38 W, 1965 MHz, 3996 MHz, 0 %, 0 MiB
2026/07/30 06:13:39.741, 7, P0, 37, 243.33 W, 1965 MHz, 3996 MHz, 0 %, 0 MiB
2026/07/30 06:13:40.741, 0, P0, 37, 252.62 W, 1965 MHz, 3996 MHz, 0 %, 162131 MiB
2026/07/30 06:13:40.741, 1, P0, 34, 250.41 W, 1965 MHz, 3996 MHz, 0 %, 162227 MiB
2026/07/30 06:13:40.741, 2, P0, 37, 242.41 W, 1965 MHz, 3996 MHz, 0 %, 162227 MiB
2026/07/30 06:13:40.741, 3, P0, 33, 250.29 W, 1965 MHz, 3996 MHz, 0 %, 161747 MiB
2026/07/30 06:13:40.741, 4, P0, 33, 235.72 W, 1965 MHz, 3996 MHz, 0 %, 0 MiB
2026/07/30 06:13:40.741, 5, P0, 36, 244.25 W, 1965 MHz, 3996 MHz, 0 %, 0 MiB
2026/07/30 06:13:40.741, 6, P0, 33, 242.41 W, 1965 MHz, 3996 MHz, 0 %, 0 MiB
2026/07/30 06:13:40.741, 7, P0, 37, 243.31 W, 1965 MHz, 3996 MHz, 0 %, 0 MiB
2026/07/30 06:13:41.741, 0, P0, 38, 277.61 W, 1965 MHz, 3996 MHz, 91 %, 162131 MiB
2026/07/30 06:13:41.741, 1, P0, 35, 269.45 W, 1965 MHz, 3996 MHz, 87 %, 162227 MiB
2026/07/30 06:13:41.741, 2, P0, 37, 255.69 W, 1965 MHz, 3996 MHz, 16 %, 162227 MiB
2026/07/30 06:13:41.741, 3, P0, 34, 267.26 W, 1965 MHz, 3996 MHz, 75 %, 161747 MiB
2026/07/30 06:13:41.741, 4, P0, 33, 235.75 W, 1965 MHz, 3996 MHz, 0 %, 0 MiB
2026/07/30 06:13:41.741, 5, P0, 36, 244.25 W, 1965 MHz, 3996 MHz, 0 %, 0 MiB
2026/07/30 06:13:41.741, 6, P0, 33, 242.43 W, 1965 MHz, 3996 MHz, 0 %, 0 MiB
2026/07/30 06:13:41.741, 7, P0, 37, 243.29 W, 1965 MHz, 3996 MHz, 0 %, 0 MiB
2026/07/30 06:13:42.741, 0, P0, 38, 299.17 W, 1965 MHz, 3996 MHz, 93 %, 162131 MiB
2026/07/30 06:13:42.742, 1, P0, 35, 291.64 W, 1965 MHz, 3996 MHz, 77 %, 162227 MiB
2026/07/30 06:13:42.742, 2, P0, 37, 264.01 W, 1965 MHz, 3996 MHz, 12 %, 162227 MiB
2026/07/30 06:13:42.742, 3, P0, 34, 293.86 W, 1965 MHz, 3996 MHz, 86 %, 161747 MiB
2026/07/30 06:13:42.742, 4, P0, 33, 235.69 W, 1965 MHz, 3996 MHz, 0 %, 0 MiB
2026/07/30 06:13:42.742, 5, P0, 36, 244.22 W, 1965 MHz, 3996 MHz, 0 %, 0 MiB
2026/07/30 06:13:42.742, 6, P0, 33, 242.40 W, 1965 MHz, 3996 MHz, 0 %, 0 MiB
2026/07/30 06:13:42.742, 7, P0, 37, 243.27 W, 1965 MHz, 3996 MHz, 0 %, 0 MiB
2026/07/30 06:13:43.742, 0, P0, 37, 264.13 W, 1965 MHz, 3996 MHz, 90 %, 162131 MiB
2026/07/30 06:13:43.742, 1, P0, 34, 260.08 W, 1965 MHz, 3996 MHz, 78 %, 162227 MiB
2026/07/30 06:13:43.742, 2, P0, 37, 246.52 W, 1965 MHz, 3996 MHz, 12 %, 162227 MiB
2026/07/30 06:13:43.742, 3, P0, 34, 259.80 W, 1965 MHz, 3996 MHz, 88 %, 161747 MiB
2026/07/30 06:13:43.742, 4, P0, 33, 235.70 W, 1965 MHz, 3996 MHz, 0 %, 0 MiB
2026/07/30 06:13:43.742, 5, P0, 36, 244.19 W, 1965 MHz, 3996 MHz, 0 %, 0 MiB
2026/07/30 06:13:43.742, 6, P0, 33, 242.44 W, 1965 MHz, 3996 MHz, 0 %, 0 MiB
2026/07/30 06:13:43.742, 7, P0, 37, 243.35 W, 1965 MHz, 3996 MHz, 0 %, 0 MiB
2026/07/30 06:13:44.742, 0, P0, 38, 298.17 W, 1965 MHz, 3996 MHz, 92 %, 162131 MiB
2026/07/30 06:13:44.742, 1, P0, 35, 292.37 W, 1965 MHz, 3996 MHz, 88 %, 162227 MiB
2026/07/30 06:13:44.742, 2, P0, 37, 257.93 W, 1965 MHz, 3996 MHz, 12 %, 162227 MiB
2026/07/30 06:13:44.742, 3, P0, 34, 291.12 W, 1965 MHz, 3996 MHz, 86 %, 161747 MiB
2026/07/30 06:13:44.742, 4, P0, 33, 235.70 W, 1965 MHz, 3996 MHz, 0 %, 0 MiB
2026/07/30 06:13:44.742, 5, P0, 36, 244.22 W, 1965 MHz, 3996 MHz, 0 %, 0 MiB
2026/07/30 06:13:44.742, 6, P0, 33, 242.38 W, 1965 MHz, 3996 MHz, 0 %, 0 MiB
2026/07/30 06:13:44.742, 7, P0, 37, 243.29 W, 1965 MHz, 3996 MHz, 0 %, 0 MiB
2026/07/30 06:13:45.742, 0, P0, 38, 296.78 W, 1965 MHz, 3996 MHz, 91 %, 162131 MiB
2026/07/30 06:13:45.742, 1, P0, 35, 292.00 W, 1965 MHz, 3996 MHz, 87 %, 162227 MiB
2026/07/30 06:13:45.742, 2, P0, 37, 258.33 W, 1965 MHz, 3996 MHz, 12 %, 162227 MiB
2026/07/30 06:13:45.743, 3, P0, 34, 290.77 W, 1965 MHz, 3996 MHz, 83 %, 161747 MiB
2026/07/30 06:13:45.743, 4, P0, 33, 235.70 W, 1965 MHz, 3996 MHz, 0 %, 0 MiB
2026/07/30 06:13:45.743, 5, P0, 36, 244.17 W, 1965 MHz, 3996 MHz, 0 %, 0 MiB
2026/07/30 06:13:45.743, 6, P0, 33, 242.37 W, 1965 MHz, 3996 MHz, 0 %, 0 MiB
2026/07/30 06:13:45.743, 7, P0, 37, 243.32 W, 1965 MHz, 3996 MHz, 0 %, 0 MiB
2026/07/30 06:13:46.743, 0, P0, 38, 299.30 W, 1965 MHz, 3996 MHz, 87 %, 162131 MiB
2026/07/30 06:13:46.743, 1, P0, 34, 292.12 W, 1965 MHz, 3996 MHz, 85 %, 162227 MiB
2026/07/30 06:13:46.743, 2, P0, 37, 263.93 W, 1965 MHz, 3996 MHz, 18 %, 162227 MiB
2026/07/30 06:13:46.743, 3, P0, 34, 291.03 W, 1965 MHz, 3996 MHz, 72 %, 161747 MiB
2026/07/30 06:13:46.743, 4, P0, 33, 235.67 W, 1965 MHz, 3996 MHz, 0 %, 0 MiB
2026/07/30 06:13:46.743, 5, P0, 36, 244.20 W, 1965 MHz, 3996 MHz, 0 %, 0 MiB
2026/07/30 06:13:46.743, 6, P0, 33, 242.41 W, 1965 MHz, 3996 MHz, 0 %, 0 MiB
2026/07/30 06:13:46.743, 7, P0, 37, 243.32 W, 1965 MHz, 3996 MHz, 0 %, 0 MiB
2026/07/30 06:13:47.743, 0, P0, 37, 288.67 W, 1965 MHz, 3996 MHz, 0 %, 162131 MiB
2026/07/30 06:13:47.743, 1, P0, 34, 279.14 W, 1965 MHz, 3996 MHz, 39 %, 162227 MiB
2026/07/30 06:13:47.743, 2, P0, 37, 261.26 W, 1965 MHz, 3996 MHz, 2 %, 162227 MiB
2026/07/30 06:13:47.743, 3, P0, 34, 280.67 W, 1965 MHz, 3996 MHz, 13 %, 161747 MiB
2026/07/30 06:13:47.743, 4, P0, 33, 235.70 W, 1965 MHz, 3996 MHz, 0 %, 0 MiB
2026/07/30 06:13:47.743, 5, P0, 36, 244.22 W, 1965 MHz, 3996 MHz, 0 %, 0 MiB
2026/07/30 06:13:47.743, 6, P0, 33, 242.40 W, 1965 MHz, 3996 MHz, 0 %, 0 MiB
2026/07/30 06:13:47.743, 7, P0, 37, 243.30 W, 1965 MHz, 3996 MHz, 0 %, 0 MiB
2026/07/30 06:13:48.743, 0, P0, 38, 271.42 W, 1965 MHz, 3996 MHz, 83 %, 162131 MiB
2026/07/30 06:13:48.743, 1, P0, 34, 263.00 W, 1965 MHz, 3996 MHz, 78 %, 162227 MiB
2026/07/30 06:13:48.743, 2, P0, 37, 250.14 W, 1965 MHz, 3996 MHz, 12 %, 162227 MiB
2026/07/30 06:13:48.743, 3, P0, 34, 263.81 W, 1965 MHz, 3996 MHz, 79 %, 161747 MiB
2026/07/30 06:13:48.743, 4, P0, 33, 235.67 W, 1965 MHz, 3996 MHz, 0 %, 0 MiB
2026/07/30 06:13:48.743, 5, P0, 36, 244.19 W, 1965 MHz, 3996 MHz, 0 %, 0 MiB
2026/07/30 06:13:48.743, 6, P0, 33, 242.44 W, 1965 MHz, 3996 MHz, 0 %, 0 MiB
2026/07/30 06:13:48.743, 7, P0, 37, 243.36 W, 1965 MHz, 3996 MHz, 0 %, 0 MiB
2026/07/30 06:13:49.744, 0, P0, 38, 296.31 W, 1965 MHz, 3996 MHz, 86 %, 162131 MiB
2026/07/30 06:13:49.744, 1, P0, 35, 289.23 W, 1965 MHz, 3996 MHz, 85 %, 162227 MiB
2026/07/30 06:13:49.744, 2, P0, 37, 260.58 W, 1965 MHz, 3996 MHz, 12 %, 162227 MiB
2026/07/30 06:13:49.744, 3, P0, 34, 289.93 W, 1965 MHz, 3996 MHz, 81 %, 161747 MiB
2026/07/30 06:13:49.744, 4, P0, 33, 235.71 W, 1965 MHz, 3996 MHz, 0 %, 0 MiB
2026/07/30 06:13:49.744, 5, P0, 36, 244.21 W, 1965 MHz, 3996 MHz, 0 %, 0 MiB
2026/07/30 06:13:49.744, 6, P0, 33, 242.40 W, 1965 MHz, 3996 MHz, 0 %, 0 MiB
2026/07/30 06:13:49.744, 7, P0, 37, 243.39 W, 1965 MHz, 3996 MHz, 0 %, 0 MiB
2026/07/30 06:13:50.744, 0, P0, 38, 295.55 W, 1965 MHz, 3996 MHz, 90 %, 162131 MiB
2026/07/30 06:13:50.744, 1, P0, 35, 289.90 W, 1965 MHz, 3996 MHz, 77 %, 162227 MiB
2026/07/30 06:13:50.744, 2, P0, 37, 259.76 W, 1965 MHz, 3996 MHz, 12 %, 162227 MiB
2026/07/30 06:13:50.744, 3, P0, 34, 291.78 W, 1965 MHz, 3996 MHz, 85 %, 161747 MiB
2026/07/30 06:13:50.744, 4, P0, 33, 235.66 W, 1965 MHz, 3996 MHz, 0 %, 0 MiB
2026/07/30 06:13:50.744, 5, P0, 36, 244.29 W, 1965 MHz, 3996 MHz, 0 %, 0 MiB
2026/07/30 06:13:50.744, 6, P0, 33, 242.37 W, 1965 MHz, 3996 MHz, 0 %, 0 MiB
2026/07/30 06:13:50.744, 7, P0, 37, 243.31 W, 1965 MHz, 3996 MHz, 0 %, 0 MiB
2026/07/30 06:13:51.744, 0, P0, 38, 295.38 W, 1965 MHz, 3996 MHz, 85 %, 162131 MiB
2026/07/30 06:13:51.744, 1, P0, 35, 285.70 W, 1965 MHz, 3996 MHz, 77 %, 162227 MiB
2026/07/30 06:13:51.744, 2, P0, 37, 259.60 W, 1965 MHz, 3996 MHz, 12 %, 162227 MiB
2026/07/30 06:13:51.744, 3, P0, 34, 290.61 W, 1965 MHz, 3996 MHz, 84 %, 161747 MiB
2026/07/30 06:13:51.744, 4, P0, 33, 235.68 W, 1965 MHz, 3996 MHz, 0 %, 0 MiB
2026/07/30 06:13:51.744, 5, P0, 36, 244.22 W, 1965 MHz, 3996 MHz, 0 %, 0 MiB
2026/07/30 06:13:51.744, 6, P0, 33, 242.38 W, 1965 MHz, 3996 MHz, 0 %, 0 MiB
2026/07/30 06:13:51.744, 7, P0, 37, 243.34 W, 1965 MHz, 3996 MHz, 0 %, 0 MiB
2026/07/30 06:13:52.744, 0, P0, 38, 295.98 W, 1965 MHz, 3996 MHz, 82 %, 162131 MiB
2026/07/30 06:13:52.744, 1, P0, 35, 287.55 W, 1965 MHz, 3996 MHz, 65 %, 162227 MiB
2026/07/30 06:13:52.744, 2, P0, 37, 259.83 W, 1965 MHz, 3996 MHz, 12 %, 162227 MiB
2026/07/30 06:13:52.744, 3, P0, 34, 290.64 W, 1965 MHz, 3996 MHz, 81 %, 161747 MiB
2026/07/30 06:13:52.745, 4, P0, 33, 235.68 W, 1965 MHz, 3996 MHz, 0 %, 0 MiB
2026/07/30 06:13:52.745, 5, P0, 36, 244.25 W, 1965 MHz, 3996 MHz, 0 %, 0 MiB
2026/07/30 06:13:52.745, 6, P0, 33, 242.40 W, 1965 MHz, 3996 MHz, 0 %, 0 MiB
2026/07/30 06:13:52.745, 7, P0, 37, 243.36 W, 1965 MHz, 3996 MHz, 0 %, 0 MiB
2026/07/30 06:13:53.745, 0, P0, 38, 295.07 W, 1965 MHz, 3996 MHz, 84 %, 162131 MiB
2026/07/30 06:13:53.745, 1, P0, 34, 281.15 W, 1965 MHz, 3996 MHz, 44 %, 162227 MiB
2026/07/30 06:13:53.745, 2, P0, 37, 260.23 W, 1965 MHz, 3996 MHz, 55 %, 162227 MiB
2026/07/30 06:13:53.745, 3, P0, 34, 289.06 W, 1965 MHz, 3996 MHz, 79 %, 161747 MiB
2026/07/30 06:13:53.745, 4, P0, 33, 235.75 W, 1965 MHz, 3996 MHz, 0 %, 0 MiB
2026/07/30 06:13:53.745, 5, P0, 36, 244.17 W, 1965 MHz, 3996 MHz, 0 %, 0 MiB
2026/07/30 06:13:53.745, 6, P0, 33, 242.44 W, 1965 MHz, 3996 MHz, 0 %, 0 MiB
2026/07/30 06:13:53.745, 7, P0, 37, 243.30 W, 1965 MHz, 3996 MHz, 0 %, 0 MiB
2026/07/30 06:13:54.745, 0, P0, 38, 294.30 W, 1965 MHz, 3996 MHz, 87 %, 162131 MiB
2026/07/30 06:13:54.745, 1, P0, 34, 270.75 W, 1965 MHz, 3996 MHz, 36 %, 162227 MiB
2026/07/30 06:13:54.745, 2, P0, 37, 266.52 W, 1965 MHz, 3996 MHz, 12 %, 162227 MiB
2026/07/30 06:13:54.745, 3, P0, 34, 289.94 W, 1965 MHz, 3996 MHz, 86 %, 161747 MiB
2026/07/30 06:13:54.745, 4, P0, 33, 235.79 W, 1965 MHz, 3996 MHz, 0 %, 0 MiB
2026/07/30 06:13:54.745, 5, P0, 36, 244.26 W, 1965 MHz, 3996 MHz, 0 %, 0 MiB
2026/07/30 06:13:54.745, 6, P0, 33, 242.48 W, 1965 MHz, 3996 MHz, 0 %, 0 MiB
2026/07/30 06:13:54.745, 7, P0, 37, 243.31 W, 1965 MHz, 3996 MHz, 0 %, 0 MiB
2026/07/30 06:13:55.745, 0, P0, 38, 296.82 W, 1965 MHz, 3996 MHz, 87 %, 162131 MiB
2026/07/30 06:13:55.745, 1, P0, 35, 286.47 W, 1965 MHz, 3996 MHz, 75 %, 162227 MiB
2026/07/30 06:13:55.745, 2, P0, 37, 260.24 W, 1965 MHz, 3996 MHz, 12 %, 162227 MiB
2026/07/30 06:13:55.745, 3, P0, 34, 290.06 W, 1965 MHz, 3996 MHz, 85 %, 161747 MiB
2026/07/30 06:13:55.745, 4, P0, 33, 235.75 W, 1965 MHz, 3996 MHz, 0 %, 0 MiB
2026/07/30 06:13:55.745, 5, P0, 36, 244.23 W, 1965 MHz, 3996 MHz, 0 %, 0 MiB
2026/07/30 06:13:55.745, 6, P0, 33, 242.38 W, 1965 MHz, 3996 MHz, 0 %, 0 MiB
2026/07/30 06:13:55.745, 7, P0, 37, 243.26 W, 1965 MHz, 3996 MHz, 0 %, 0 MiB
2026/07/30 06:13:56.746, 0, P0, 38, 294.07 W, 1965 MHz, 3996 MHz, 85 %, 162131 MiB
2026/07/30 06:13:56.746, 1, P0, 34, 273.72 W, 1965 MHz, 3996 MHz, 23 %, 162227 MiB
2026/07/30 06:13:56.746, 2, P0, 37, 266.67 W, 1965 MHz, 3996 MHz, 36 %, 162227 MiB
2026/07/30 06:13:56.746, 3, P0, 34, 288.05 W, 1965 MHz, 3996 MHz, 76 %, 161747 MiB
2026/07/30 06:13:56.746, 4, P0, 33, 235.78 W, 1965 MHz, 3996 MHz, 0 %, 0 MiB
2026/07/30 06:13:56.746, 5, P0, 36, 244.19 W, 1965 MHz, 3996 MHz, 0 %, 0 MiB
2026/07/30 06:13:56.746, 6, P0, 33, 242.37 W, 1965 MHz, 3996 MHz, 0 %, 0 MiB
2026/07/30 06:13:56.746, 7, P0, 37, 243.31 W, 1965 MHz, 3996 MHz, 0 %, 0 MiB
2026/07/30 06:13:57.746, 0, P0, 38, 295.00 W, 1965 MHz, 3996 MHz, 85 %, 162131 MiB
2026/07/30 06:13:57.746, 1, P0, 34, 273.96 W, 1965 MHz, 3996 MHz, 31 %, 162227 MiB
2026/07/30 06:13:57.746, 2, P0, 37, 260.05 W, 1965 MHz, 3996 MHz, 18 %, 162227 MiB
2026/07/30 06:13:57.746, 3, P0, 34, 288.85 W, 1965 MHz, 3996 MHz, 82 %, 161747 MiB
2026/07/30 06:13:57.746, 4, P0, 33, 235.79 W, 1965 MHz, 3996 MHz, 0 %, 0 MiB
2026/07/30 06:13:57.746, 5, P0, 36, 244.27 W, 1965 MHz, 3996 MHz, 0 %, 0 MiB
2026/07/30 06:13:57.746, 6, P0, 33, 242.38 W, 1965 MHz, 3996 MHz, 0 %, 0 MiB
2026/07/30 06:13:57.746, 7, P0, 37, 243.32 W, 1965 MHz, 3996 MHz, 0 %, 0 MiB
2026/07/30 06:13:58.746, 0, P0, 38, 292.50 W, 1965 MHz, 3996 MHz, 76 %, 162131 MiB
2026/07/30 06:13:58.746, 1, P0, 34, 281.98 W, 1965 MHz, 3996 MHz, 60 %, 162227 MiB
2026/07/30 06:13:58.746, 2, P0, 37, 259.58 W, 1965 MHz, 3996 MHz, 12 %, 162227 MiB
2026/07/30 06:13:58.746, 3, P0, 34, 284.76 W, 1965 MHz, 3996 MHz, 70 %, 161747 MiB
2026/07/30 06:13:58.746, 4, P0, 33, 235.76 W, 1965 MHz, 3996 MHz, 0 %, 0 MiB
2026/07/30 06:13:58.746, 5, P0, 36, 244.22 W, 1965 MHz, 3996 MHz, 0 %, 0 MiB
2026/07/30 06:13:58.746, 6, P0, 33, 242.35 W, 1965 MHz, 3996 MHz, 0 %, 0 MiB
2026/07/30 06:13:58.746, 7, P0, 37, 243.29 W, 1965 MHz, 3996 MHz, 0 %, 0 MiB
2026/07/30 06:13:59.746, 0, P0, 38, 294.15 W, 1965 MHz, 3996 MHz, 84 %, 162131 MiB
2026/07/30 06:13:59.746, 1, P0, 34, 286.27 W, 1965 MHz, 3996 MHz, 56 %, 162227 MiB
2026/07/30 06:13:59.746, 2, P0, 37, 260.73 W, 1965 MHz, 3996 MHz, 15 %, 162227 MiB
2026/07/30 06:13:59.746, 3, P0, 34, 280.26 W, 1965 MHz, 3996 MHz, 31 %, 161747 MiB
2026/07/30 06:13:59.746, 4, P0, 33, 235.75 W, 1965 MHz, 3996 MHz, 0 %, 0 MiB
2026/07/30 06:13:59.746, 5, P0, 36, 244.23 W, 1965 MHz, 3996 MHz, 0 %, 0 MiB
2026/07/30 06:13:59.747, 6, P0, 33, 242.32 W, 1965 MHz, 3996 MHz, 0 %, 0 MiB
2026/07/30 06:13:59.747, 7, P0, 37, 243.29 W, 1965 MHz, 3996 MHz, 0 %, 0 MiB
2026/07/30 06:14:00.747, 0, P0, 38, 293.73 W, 1965 MHz, 3996 MHz, 88 %, 162131 MiB
2026/07/30 06:14:00.747, 1, P0, 35, 286.70 W, 1965 MHz, 3996 MHz, 57 %, 162227 MiB
2026/07/30 06:14:00.747, 2, P0, 37, 260.48 W, 1965 MHz, 3996 MHz, 12 %, 162227 MiB
2026/07/30 06:14:00.747, 3, P0, 34, 281.94 W, 1965 MHz, 3996 MHz, 75 %, 161747 MiB
2026/07/30 06:14:00.747, 4, P0, 33, 235.76 W, 1965 MHz, 3996 MHz, 0 %, 0 MiB
2026/07/30 06:14:00.747, 5, P0, 36, 244.21 W, 1965 MHz, 3996 MHz, 0 %, 0 MiB
2026/07/30 06:14:00.747, 6, P0, 33, 242.40 W, 1965 MHz, 3996 MHz, 0 %, 0 MiB
2026/07/30 06:14:00.747, 7, P0, 37, 243.28 W, 1965 MHz, 3996 MHz, 0 %, 0 MiB
2026/07/30 06:14:01.747, 0, P0, 38, 354.32 W, 1965 MHz, 3996 MHz, 86 %, 162131 MiB
2026/07/30 06:14:01.747, 1, P0, 35, 344.52 W, 1965 MHz, 3996 MHz, 65 %, 162227 MiB
2026/07/30 06:14:01.747, 2, P0, 37, 316.05 W, 1965 MHz, 3996 MHz, 14 %, 162227 MiB
2026/07/30 06:14:01.747, 3, P0, 34, 338.78 W, 1965 MHz, 3996 MHz, 75 %, 161747 MiB
2026/07/30 06:14:01.747, 4, P0, 33, 235.72 W, 1965 MHz, 3996 MHz, 0 %, 0 MiB
2026/07/30 06:14:01.747, 5, P0, 36, 244.22 W, 1965 MHz, 3996 MHz, 0 %, 0 MiB
2026/07/30 06:14:01.747, 6, P0, 33, 242.35 W, 1965 MHz, 3996 MHz, 0 %, 0 MiB
2026/07/30 06:14:01.747, 7, P0, 37, 243.27 W, 1965 MHz, 3996 MHz, 0 %, 0 MiB
2026/07/30 06:14:02.747, 0, P0, 37, 328.45 W, 1965 MHz, 3996 MHz, 0 %, 162131 MiB
2026/07/30 06:14:02.747, 1, P0, 34, 324.14 W, 1965 MHz, 3996 MHz, 0 %, 162227 MiB
2026/07/30 06:14:02.747, 2, P0, 37, 312.60 W, 1965 MHz, 3996 MHz, 0 %, 162227 MiB
2026/07/30 06:14:02.747, 3, P0, 34, 322.41 W, 1965 MHz, 3996 MHz, 0 %, 161747 MiB
2026/07/30 06:14:02.747, 4, P0, 33, 235.73 W, 1965 MHz, 3996 MHz, 0 %, 0 MiB
2026/07/30 06:14:02.747, 5, P0, 36, 244.15 W, 1965 MHz, 3996 MHz, 0 %, 0 MiB
2026/07/30 06:14:02.747, 6, P0, 33, 242.35 W, 1965 MHz, 3996 MHz, 0 %, 0 MiB
2026/07/30 06:14:02.747, 7, P0, 37, 243.31 W, 1965 MHz, 3996 MHz, 0 %, 0 MiB
2026/07/30 06:14:03.747, 0, P0, 38, 259.66 W, 1965 MHz, 3996 MHz, 90 %, 162131 MiB
2026/07/30 06:14:03.747, 1, P0, 34, 252.65 W, 1965 MHz, 3996 MHz, 84 %, 162227 MiB
2026/07/30 06:14:03.747, 2, P0, 37, 242.70 W, 1965 MHz, 3996 MHz, 13 %, 162227 MiB
2026/07/30 06:14:03.747, 3, P0, 34, 251.92 W, 1965 MHz, 3996 MHz, 77 %, 161747 MiB
2026/07/30 06:14:03.748, 4, P0, 33, 235.71 W, 1965 MHz, 3996 MHz, 0 %, 0 MiB
2026/07/30 06:14:03.748, 5, P0, 36, 244.19 W, 1965 MHz, 3996 MHz, 0 %, 0 MiB
2026/07/30 06:14:03.748, 6, P0, 33, 242.39 W, 1965 MHz, 3996 MHz, 0 %, 0 MiB
2026/07/30 06:14:03.748, 7, P0, 37, 243.37 W, 1965 MHz, 3996 MHz, 0 %, 0 MiB
2026/07/30 06:14:04.748, 0, P0, 38, 350.42 W, 1965 MHz, 3996 MHz, 91 %, 162131 MiB
2026/07/30 06:14:04.748, 1, P0, 35, 346.59 W, 1965 MHz, 3996 MHz, 74 %, 162227 MiB
2026/07/30 06:14:04.748, 2, P0, 37, 322.06 W, 1965 MHz, 3996 MHz, 43 %, 162227 MiB
2026/07/30 06:14:04.748, 3, P0, 34, 346.75 W, 1965 MHz, 3996 MHz, 80 %, 161747 MiB
2026/07/30 06:14:04.748, 4, P0, 33, 235.70 W, 1965 MHz, 3996 MHz, 0 %, 0 MiB
2026/07/30 06:14:04.748, 5, P0, 36, 244.19 W, 1965 MHz, 3996 MHz, 0 %, 0 MiB
2026/07/30 06:14:04.748, 6, P0, 33, 242.40 W, 1965 MHz, 3996 MHz, 0 %, 0 MiB
2026/07/30 06:14:04.748, 7, P0, 37, 243.30 W, 1965 MHz, 3996 MHz, 0 %, 0 MiB
2026/07/30 06:14:05.748, 0, P0, 37, 321.72 W, 1965 MHz, 3996 MHz, 0 %, 162131 MiB
2026/07/30 06:14:05.748, 1, P0, 34, 319.42 W, 1965 MHz, 3996 MHz, 0 %, 162227 MiB
2026/07/30 06:14:05.748, 2, P0, 37, 304.85 W, 1965 MHz, 3996 MHz, 0 %, 162227 MiB
2026/07/30 06:14:05.748, 3, P0, 34, 324.20 W, 1965 MHz, 3996 MHz, 0 %, 161747 MiB
2026/07/30 06:14:05.748, 4, P0, 33, 235.82 W, 1965 MHz, 3996 MHz, 0 %, 0 MiB
2026/07/30 06:14:05.748, 5, P0, 36, 244.23 W, 1965 MHz, 3996 MHz, 0 %, 0 MiB
2026/07/30 06:14:05.748, 6, P0, 33, 242.35 W, 1965 MHz, 3996 MHz, 0 %, 0 MiB
2026/07/30 06:14:05.748, 7, P0, 37, 243.29 W, 1965 MHz, 3996 MHz, 0 %, 0 MiB
2026/07/30 06:14:06.748, 0, P0, 38, 291.58 W, 1965 MHz, 3996 MHz, 89 %, 162131 MiB
2026/07/30 06:14:06.748, 1, P0, 35, 281.04 W, 1965 MHz, 3996 MHz, 75 %, 162227 MiB
2026/07/30 06:14:06.748, 2, P0, 37, 261.52 W, 1965 MHz, 3996 MHz, 13 %, 162227 MiB
2026/07/30 06:14:06.748, 3, P0, 34, 272.94 W, 1965 MHz, 3996 MHz, 66 %, 161747 MiB
2026/07/30 06:14:06.748, 4, P0, 33, 235.66 W, 1965 MHz, 3996 MHz, 0 %, 0 MiB
2026/07/30 06:14:06.748, 5, P0, 36, 244.25 W, 1965 MHz, 3996 MHz, 0 %, 0 MiB
2026/07/30 06:14:06.748, 6, P0, 33, 242.42 W, 1965 MHz, 3996 MHz, 0 %, 0 MiB
2026/07/30 06:14:06.748, 7, P0, 37, 243.35 W, 1965 MHz, 3996 MHz, 0 %, 0 MiB
2026/07/30 06:14:07.749, 0, P0, 38, 298.12 W, 1965 MHz, 3996 MHz, 90 %, 162131 MiB
2026/07/30 06:14:07.749, 1, P0, 35, 294.25 W, 1965 MHz, 3996 MHz, 82 %, 162227 MiB
2026/07/30 06:14:07.749, 2, P0, 37, 264.46 W, 1965 MHz, 3996 MHz, 13 %, 162227 MiB
2026/07/30 06:14:07.749, 3, P0, 34, 286.36 W, 1965 MHz, 3996 MHz, 79 %, 161747 MiB
2026/07/30 06:14:07.749, 4, P0, 33, 235.70 W, 1965 MHz, 3996 MHz, 0 %, 0 MiB
2026/07/30 06:14:07.749, 5, P0, 36, 244.31 W, 1965 MHz, 3996 MHz, 0 %, 0 MiB
2026/07/30 06:14:07.749, 6, P0, 33, 242.45 W, 1965 MHz, 3996 MHz, 0 %, 0 MiB
2026/07/30 06:14:07.749, 7, P0, 37, 243.32 W, 1965 MHz, 3996 MHz, 0 %, 0 MiB
2026/07/30 06:14:08.749, 0, P0, 38, 297.15 W, 1965 MHz, 3996 MHz, 76 %, 162131 MiB
2026/07/30 06:14:08.749, 1, P0, 35, 291.63 W, 1965 MHz, 3996 MHz, 83 %, 162227 MiB
2026/07/30 06:14:08.749, 2, P0, 37, 263.30 W, 1965 MHz, 3996 MHz, 13 %, 162227 MiB
2026/07/30 06:14:08.749, 3, P0, 34, 285.40 W, 1965 MHz, 3996 MHz, 74 %, 161747 MiB
2026/07/30 06:14:08.749, 4, P0, 33, 235.65 W, 1965 MHz, 3996 MHz, 0 %, 0 MiB
2026/07/30 06:14:08.749, 5, P0, 36, 244.21 W, 1965 MHz, 3996 MHz, 0 %, 0 MiB
2026/07/30 06:14:08.749, 6, P0, 33, 242.40 W, 1965 MHz, 3996 MHz, 0 %, 0 MiB
2026/07/30 06:14:08.749, 7, P0, 37, 243.27 W, 1965 MHz, 3996 MHz, 0 %, 0 MiB
2026/07/30 06:14:09.749, 0, P0, 38, 380.70 W, 1965 MHz, 3996 MHz, 88 %, 162131 MiB
2026/07/30 06:14:09.749, 1, P0, 35, 346.63 W, 1965 MHz, 3996 MHz, 79 %, 162227 MiB
2026/07/30 06:14:09.749, 2, P0, 37, 318.19 W, 1965 MHz, 3996 MHz, 13 %, 162227 MiB
2026/07/30 06:14:09.749, 3, P0, 34, 341.23 W, 1965 MHz, 3996 MHz, 85 %, 161747 MiB
2026/07/30 06:14:09.749, 4, P0, 33, 235.80 W, 1965 MHz, 3996 MHz, 0 %, 0 MiB
2026/07/30 06:14:09.749, 5, P0, 36, 244.26 W, 1965 MHz, 3996 MHz, 0 %, 0 MiB
2026/07/30 06:14:09.749, 6, P0, 33, 242.33 W, 1965 MHz, 3996 MHz, 0 %, 0 MiB
2026/07/30 06:14:09.749, 7, P0, 37, 243.32 W, 1965 MHz, 3996 MHz, 0 %, 0 MiB
2026/07/30 06:14:10.749, 0, P0, 37, 301.32 W, 1965 MHz, 3996 MHz, 0 %, 162131 MiB
2026/07/30 06:14:10.750, 1, P0, 34, 314.36 W, 1965 MHz, 3996 MHz, 0 %, 162227 MiB
2026/07/30 06:14:10.750, 2, P0, 37, 307.79 W, 1965 MHz, 3996 MHz, 0 %, 162227 MiB
2026/07/30 06:14:10.750, 3, P0, 34, 317.79 W, 1965 MHz, 3996 MHz, 0 %, 161747 MiB
2026/07/30 06:14:10.750, 4, P0, 33, 235.73 W, 1965 MHz, 3996 MHz, 0 %, 0 MiB
2026/07/30 06:14:10.750, 5, P0, 36, 244.23 W, 1965 MHz, 3996 MHz, 0 %, 0 MiB
2026/07/30 06:14:10.750, 6, P0, 33, 242.35 W, 1965 MHz, 3996 MHz, 0 %, 0 MiB
2026/07/30 06:14:10.750, 7, P0, 37, 243.18 W, 1965 MHz, 3996 MHz, 0 %, 0 MiB
2026/07/30 06:14:11.750, 0, P0, 38, 298.42 W, 1965 MHz, 3996 MHz, 87 %, 162131 MiB
2026/07/30 06:14:11.750, 1, P0, 35, 289.47 W, 1965 MHz, 3996 MHz, 83 %, 162227 MiB
2026/07/30 06:14:11.750, 2, P0, 37, 260.42 W, 1965 MHz, 3996 MHz, 13 %, 162227 MiB
2026/07/30 06:14:11.750, 3, P0, 34, 288.83 W, 1965 MHz, 3996 MHz, 83 %, 161747 MiB
2026/07/30 06:14:11.750, 4, P0, 33, 235.66 W, 1965 MHz, 3996 MHz, 0 %, 0 MiB
2026/07/30 06:14:11.750, 5, P0, 36, 244.22 W, 1965 MHz, 3996 MHz, 0 %, 0 MiB
2026/07/30 06:14:11.750, 6, P0, 33, 242.39 W, 1965 MHz, 3996 MHz, 0 %, 0 MiB
2026/07/30 06:14:11.750, 7, P0, 37, 243.30 W, 1965 MHz, 3996 MHz, 0 %, 0 MiB
2026/07/30 06:14:12.750, 0, P0, 38, 299.47 W, 1965 MHz, 3996 MHz, 90 %, 162131 MiB
2026/07/30 06:14:12.750, 1, P0, 35, 293.38 W, 1965 MHz, 3996 MHz, 81 %, 162227 MiB
2026/07/30 06:14:12.750, 2, P0, 37, 261.56 W, 1965 MHz, 3996 MHz, 13 %, 162227 MiB
2026/07/30 06:14:12.750, 3, P0, 34, 291.37 W, 1965 MHz, 3996 MHz, 77 %, 161747 MiB
2026/07/30 06:14:12.750, 4, P0, 33, 235.81 W, 1965 MHz, 3996 MHz, 0 %, 0 MiB
2026/07/30 06:14:12.750, 5, P0, 36, 244.20 W, 1965 MHz, 3996 MHz, 0 %, 0 MiB
2026/07/30 06:14:12.750, 6, P0, 33, 242.35 W, 1965 MHz, 3996 MHz, 0 %, 0 MiB
2026/07/30 06:14:12.750, 7, P0, 37, 243.34 W, 1965 MHz, 3996 MHz, 0 %, 0 MiB
2026/07/30 06:14:13.750, 0, P0, 38, 300.17 W, 1965 MHz, 3996 MHz, 90 %, 162131 MiB
2026/07/30 06:14:13.750, 1, P0, 35, 294.94 W, 1965 MHz, 3996 MHz, 86 %, 162227 MiB
2026/07/30 06:14:13.750, 2, P0, 37, 261.48 W, 1965 MHz, 3996 MHz, 23 %, 162227 MiB
2026/07/30 06:14:13.751, 3, P0, 34, 291.91 W, 1965 MHz, 3996 MHz, 56 %, 161747 MiB
2026/07/30 06:14:13.751, 4, P0, 33, 235.69 W, 1965 MHz, 3996 MHz, 0 %, 0 MiB
2026/07/30 06:14:13.751, 5, P0, 36, 244.20 W, 1965 MHz, 3996 MHz, 0 %, 0 MiB
2026/07/30 06:14:13.751, 6, P0, 33, 242.29 W, 1965 MHz, 3996 MHz, 0 %, 0 MiB
2026/07/30 06:14:13.751, 7, P0, 37, 243.30 W, 1965 MHz, 3996 MHz, 0 %, 0 MiB
2026/07/30 06:14:14.751, 0, P0, 38, 299.00 W, 1965 MHz, 3996 MHz, 90 %, 162131 MiB
2026/07/30 06:14:14.751, 1, P0, 35, 296.17 W, 1965 MHz, 3996 MHz, 89 %, 162227 MiB
2026/07/30 06:14:14.751, 2, P0, 37, 262.61 W, 1965 MHz, 3996 MHz, 13 %, 162227 MiB
2026/07/30 06:14:14.751, 3, P0, 34, 294.54 W, 1965 MHz, 3996 MHz, 91 %, 161747 MiB
2026/07/30 06:14:14.751, 4, P0, 33, 235.66 W, 1965 MHz, 3996 MHz, 0 %, 0 MiB
2026/07/30 06:14:14.751, 5, P0, 36, 244.33 W, 1965 MHz, 3996 MHz, 0 %, 0 MiB
2026/07/30 06:14:14.751, 6, P0, 33, 242.41 W, 1965 MHz, 3996 MHz, 0 %, 0 MiB
2026/07/30 06:14:14.751, 7, P0, 37, 243.35 W, 1965 MHz, 3996 MHz, 0 %, 0 MiB
2026/07/30 06:14:15.751, 0, P0, 38, 300.62 W, 1965 MHz, 3996 MHz, 89 %, 162131 MiB
2026/07/30 06:14:15.751, 1, P0, 35, 295.74 W, 1965 MHz, 3996 MHz, 84 %, 162227 MiB
2026/07/30 06:14:15.751, 2, P0, 37, 262.62 W, 1965 MHz, 3996 MHz, 14 %, 162227 MiB
2026/07/30 06:14:15.751, 3, P0, 34, 292.62 W, 1965 MHz, 3996 MHz, 72 %, 161747 MiB
2026/07/30 06:14:15.751, 4, P0, 33, 235.77 W, 1965 MHz, 3996 MHz, 0 %, 0 MiB
2026/07/30 06:14:15.751, 5, P0, 36, 244.27 W, 1965 MHz, 3996 MHz, 0 %, 0 MiB
2026/07/30 06:14:15.751, 6, P0, 33, 242.46 W, 1965 MHz, 3996 MHz, 0 %, 0 MiB
2026/07/30 06:14:15.751, 7, P0, 37, 243.32 W, 1965 MHz, 3996 MHz, 0 %, 0 MiB
2026/07/30 06:14:16.751, 0, P0, 38, 297.59 W, 1965 MHz, 3996 MHz, 89 %, 162131 MiB
2026/07/30 06:14:16.751, 1, P0, 35, 295.77 W, 1965 MHz, 3996 MHz, 82 %, 162227 MiB
2026/07/30 06:14:16.751, 2, P0, 37, 262.14 W, 1965 MHz, 3996 MHz, 13 %, 162227 MiB
2026/07/30 06:14:16.751, 3, P0, 34, 291.50 W, 1965 MHz, 3996 MHz, 81 %, 161747 MiB
2026/07/30 06:14:16.751, 4, P0, 33, 235.69 W, 1965 MHz, 3996 MHz, 0 %, 0 MiB
2026/07/30 06:14:16.751, 5, P0, 36, 244.22 W, 1965 MHz, 3996 MHz, 0 %, 0 MiB
2026/07/30 06:14:16.751, 6, P0, 33, 242.44 W, 1965 MHz, 3996 MHz, 0 %, 0 MiB
2026/07/30 06:14:16.751, 7, P0, 37, 243.32 W, 1965 MHz, 3996 MHz, 0 %, 0 MiB
2026/07/30 06:14:17.752, 0, P0, 38, 300.44 W, 1965 MHz, 3996 MHz, 89 %, 162131 MiB
2026/07/30 06:14:17.752, 1, P0, 35, 295.49 W, 1965 MHz, 3996 MHz, 88 %, 162227 MiB
2026/07/30 06:14:17.752, 2, P0, 37, 263.58 W, 1965 MHz, 3996 MHz, 13 %, 162227 MiB
2026/07/30 06:14:17.752, 3, P0, 34, 293.50 W, 1965 MHz, 3996 MHz, 83 %, 161747 MiB
2026/07/30 06:14:17.752, 4, P0, 33, 235.76 W, 1965 MHz, 3996 MHz, 0 %, 0 MiB
2026/07/30 06:14:17.752, 5, P0, 36, 244.21 W, 1965 MHz, 3996 MHz, 0 %, 0 MiB
2026/07/30 06:14:17.752, 6, P0, 33, 242.40 W, 1965 MHz, 3996 MHz, 0 %, 0 MiB
2026/07/30 06:14:17.752, 7, P0, 37, 243.31 W, 1965 MHz, 3996 MHz, 0 %, 0 MiB
2026/07/30 06:14:18.752, 0, P0, 38, 299.92 W, 1965 MHz, 3996 MHz, 90 %, 162131 MiB
2026/07/30 06:14:18.752, 1, P0, 35, 295.66 W, 1965 MHz, 3996 MHz, 87 %, 162227 MiB
2026/07/30 06:14:18.752, 2, P0, 37, 263.80 W, 1965 MHz, 3996 MHz, 13 %, 162227 MiB
2026/07/30 06:14:18.752, 3, P0, 34, 291.84 W, 1965 MHz, 3996 MHz, 82 %, 161747 MiB
2026/07/30 06:14:18.752, 4, P0, 33, 235.70 W, 1965 MHz, 3996 MHz, 0 %, 0 MiB
2026/07/30 06:14:18.752, 5, P0, 36, 244.26 W, 1965 MHz, 3996 MHz, 0 %, 0 MiB
2026/07/30 06:14:18.752, 6, P0, 33, 242.40 W, 1965 MHz, 3996 MHz, 0 %, 0 MiB
2026/07/30 06:14:18.752, 7, P0, 37, 243.34 W, 1965 MHz, 3996 MHz, 0 %, 0 MiB
2026/07/30 06:14:19.752, 0, P0, 38, 301.00 W, 1965 MHz, 3996 MHz, 88 %, 162131 MiB
2026/07/30 06:14:19.752, 1, P0, 35, 295.24 W, 1965 MHz, 3996 MHz, 83 %, 162227 MiB
2026/07/30 06:14:19.752, 2, P0, 37, 263.02 W, 1965 MHz, 3996 MHz, 13 %, 162227 MiB
2026/07/30 06:14:19.752, 3, P0, 34, 293.42 W, 1965 MHz, 3996 MHz, 81 %, 161747 MiB
2026/07/30 06:14:19.752, 4, P0, 33, 235.84 W, 1965 MHz, 3996 MHz, 0 %, 0 MiB
2026/07/30 06:14:19.752, 5, P0, 36, 244.23 W, 1965 MHz, 3996 MHz, 0 %, 0 MiB
2026/07/30 06:14:19.752, 6, P0, 33, 242.38 W, 1965 MHz, 3996 MHz, 0 %, 0 MiB
2026/07/30 06:14:19.752, 7, P0, 37, 243.31 W, 1965 MHz, 3996 MHz, 0 %, 0 MiB
2026/07/30 06:14:20.752, 0, P0, 38, 298.49 W, 1965 MHz, 3996 MHz, 85 %, 162131 MiB
2026/07/30 06:14:20.753, 1, P0, 35, 292.85 W, 1965 MHz, 3996 MHz, 81 %, 162227 MiB
2026/07/30 06:14:20.753, 2, P0, 37, 267.67 W, 1965 MHz, 3996 MHz, 18 %, 162227 MiB
2026/07/30 06:14:20.753, 3, P0, 34, 277.17 W, 1965 MHz, 3996 MHz, 33 %, 161747 MiB
2026/07/30 06:14:20.753, 4, P0, 33, 235.81 W, 1965 MHz, 3996 MHz, 0 %, 0 MiB
2026/07/30 06:14:20.753, 5, P0, 36, 244.20 W, 1965 MHz, 3996 MHz, 0 %, 0 MiB
2026/07/30 06:14:20.753, 6, P0, 33, 242.40 W, 1965 MHz, 3996 MHz, 0 %, 0 MiB
2026/07/30 06:14:20.753, 7, P0, 37, 243.31 W, 1965 MHz, 3996 MHz, 0 %, 0 MiB
2026/07/30 06:14:21.753, 0, P0, 38, 297.03 W, 1965 MHz, 3996 MHz, 80 %, 162131 MiB
2026/07/30 06:14:21.753, 1, P0, 35, 291.70 W, 1965 MHz, 3996 MHz, 78 %, 162227 MiB
2026/07/30 06:14:21.753, 2, P0, 37, 265.41 W, 1965 MHz, 3996 MHz, 35 %, 162227 MiB
2026/07/30 06:14:21.753, 3, P0, 34, 278.46 W, 1965 MHz, 3996 MHz, 72 %, 161747 MiB
2026/07/30 06:14:21.753, 4, P0, 33, 235.79 W, 1965 MHz, 3996 MHz, 0 %, 0 MiB
2026/07/30 06:14:21.753, 5, P0, 36, 244.18 W, 1965 MHz, 3996 MHz, 0 %, 0 MiB
2026/07/30 06:14:21.753, 6, P0, 33, 242.40 W, 1965 MHz, 3996 MHz, 0 %, 0 MiB
2026/07/30 06:14:21.753, 7, P0, 37, 243.35 W, 1965 MHz, 3996 MHz, 0 %, 0 MiB
2026/07/30 06:14:22.753, 0, P0, 38, 298.42 W, 1965 MHz, 3996 MHz, 83 %, 162131 MiB
2026/07/30 06:14:22.753, 1, P0, 35, 293.27 W, 1965 MHz, 3996 MHz, 86 %, 162227 MiB
2026/07/30 06:14:22.753, 2, P0, 37, 263.20 W, 1965 MHz, 3996 MHz, 13 %, 162227 MiB
2026/07/30 06:14:22.753, 3, P0, 34, 286.10 W, 1965 MHz, 3996 MHz, 66 %, 161747 MiB
2026/07/30 06:14:22.753, 4, P0, 33, 235.76 W, 1965 MHz, 3996 MHz, 0 %, 0 MiB
2026/07/30 06:14:22.753, 5, P0, 36, 244.12 W, 1965 MHz, 3996 MHz, 0 %, 0 MiB
2026/07/30 06:14:22.753, 6, P0, 33, 242.40 W, 1965 MHz, 3996 MHz, 0 %, 0 MiB
2026/07/30 06:14:22.753, 7, P0, 37, 243.34 W, 1965 MHz, 3996 MHz, 0 %, 0 MiB
2026/07/30 06:14:23.753, 0, P0, 38, 299.07 W, 1965 MHz, 3996 MHz, 88 %, 164435 MiB
2026/07/30 06:14:23.753, 1, P0, 35, 294.96 W, 1965 MHz, 3996 MHz, 70 %, 164531 MiB
2026/07/30 06:14:23.753, 2, P0, 37, 262.53 W, 1965 MHz, 3996 MHz, 23 %, 164531 MiB
2026/07/30 06:14:23.753, 3, P0, 34, 284.21 W, 1965 MHz, 3996 MHz, 30 %, 164051 MiB
2026/07/30 06:14:23.753, 4, P0, 33, 235.79 W, 1965 MHz, 3996 MHz, 0 %, 0 MiB
2026/07/30 06:14:23.753, 5, P0, 36, 244.14 W, 1965 MHz, 3996 MHz, 0 %, 0 MiB
2026/07/30 06:14:23.753, 6, P0, 33, 242.44 W, 1965 MHz, 3996 MHz, 0 %, 0 MiB
2026/07/30 06:14:23.753, 7, P0, 37, 243.31 W, 1965 MHz, 3996 MHz, 0 %, 0 MiB
2026/07/30 06:14:24.754, 0, P0, 39, 523.61 W, 1965 MHz, 3996 MHz, 89 %, 164947 MiB
2026/07/30 06:14:24.754, 1, P0, 36, 512.72 W, 1965 MHz, 3996 MHz, 84 %, 165043 MiB
2026/07/30 06:14:24.754, 2, P0, 38, 498.89 W, 1965 MHz, 3996 MHz, 14 %, 165043 MiB
2026/07/30 06:14:24.754, 3, P0, 35, 514.58 W, 1965 MHz, 3996 MHz, 78 %, 164563 MiB
2026/07/30 06:14:24.754, 4, P0, 33, 235.83 W, 1965 MHz, 3996 MHz, 0 %, 0 MiB
2026/07/30 06:14:24.754, 5, P0, 36, 244.19 W, 1965 MHz, 3996 MHz, 0 %, 0 MiB
2026/07/30 06:14:24.754, 6, P0, 33, 242.50 W, 1965 MHz, 3996 MHz, 0 %, 0 MiB
2026/07/30 06:14:24.754, 7, P0, 37, 243.29 W, 1965 MHz, 3996 MHz, 0 %, 0 MiB
2026/07/30 06:14:25.754, 0, P0, 39, 503.20 W, 1965 MHz, 3996 MHz, 0 %, 164947 MiB
2026/07/30 06:14:25.754, 1, P0, 36, 516.45 W, 1965 MHz, 3996 MHz, 90 %, 165043 MiB
2026/07/30 06:14:25.754, 2, P0, 39, 491.49 W, 1965 MHz, 3996 MHz, 0 %, 165043 MiB
2026/07/30 06:14:25.754, 3, P0, 35, 501.33 W, 1965 MHz, 3996 MHz, 0 %, 164563 MiB
2026/07/30 06:14:25.754, 4, P0, 33, 235.78 W, 1965 MHz, 3996 MHz, 0 %, 0 MiB
2026/07/30 06:14:25.754, 5, P0, 36, 244.20 W, 1965 MHz, 3996 MHz, 0 %, 0 MiB
2026/07/30 06:14:25.754, 6, P0, 33, 242.48 W, 1965 MHz, 3996 MHz, 0 %, 0 MiB
2026/07/30 06:14:25.754, 7, P0, 37, 243.30 W, 1965 MHz, 3996 MHz, 0 %, 0 MiB
2026/07/30 06:14:26.754, 0, P0, 43, 356.31 W, 1785 MHz, 3996 MHz, 85 %, 164947 MiB
2026/07/30 06:14:26.754, 1, P0, 35, 288.74 W, 1965 MHz, 3996 MHz, 89 %, 165043 MiB
2026/07/30 06:14:26.754, 2, P0, 42, 288.05 W, 1957 MHz, 3996 MHz, 14 %, 165043 MiB
2026/07/30 06:14:26.754, 3, P0, 39, 310.19 W, 1875 MHz, 3996 MHz, 85 %, 164563 MiB
2026/07/30 06:14:26.754, 4, P0, 33, 235.75 W, 1965 MHz, 3996 MHz, 0 %, 0 MiB
2026/07/30 06:14:26.754, 5, P0, 36, 244.22 W, 1965 MHz, 3996 MHz, 0 %, 0 MiB
2026/07/30 06:14:26.754, 6, P0, 33, 242.31 W, 1965 MHz, 3996 MHz, 0 %, 0 MiB
2026/07/30 06:14:26.754, 7, P0, 37, 243.33 W, 1965 MHz, 3996 MHz, 0 %, 0 MiB
2026/07/30 06:14:27.754, 0, P0, 39, 469.03 W, 1965 MHz, 3996 MHz, 89 %, 164947 MiB
2026/07/30 06:14:27.755, 1, P0, 36, 505.24 W, 1965 MHz, 3996 MHz, 87 %, 165043 MiB
2026/07/30 06:14:27.755, 2, P0, 39, 480.81 W, 1965 MHz, 3996 MHz, 14 %, 165043 MiB
2026/07/30 06:14:27.755, 3, P0, 35, 494.72 W, 1965 MHz, 3996 MHz, 88 %, 164563 MiB
2026/07/30 06:14:27.755, 4, P0, 33, 235.76 W, 1965 MHz, 3996 MHz, 0 %, 0 MiB
2026/07/30 06:14:27.755, 5, P0, 36, 244.22 W, 1965 MHz, 3996 MHz, 0 %, 0 MiB
2026/07/30 06:14:27.755, 6, P0, 33, 242.36 W, 1965 MHz, 3996 MHz, 0 %, 0 MiB
2026/07/30 06:14:27.755, 7, P0, 37, 243.23 W, 1965 MHz, 3996 MHz, 0 %, 0 MiB
2026/07/30 06:14:28.755, 0, P0, 39, 494.92 W, 1965 MHz, 3996 MHz, 0 %, 164947 MiB
2026/07/30 06:14:28.755, 1, P0, 36, 492.02 W, 1965 MHz, 3996 MHz, 0 %, 165043 MiB
2026/07/30 06:14:28.755, 2, P0, 39, 483.85 W, 1965 MHz, 3996 MHz, 0 %, 165043 MiB
2026/07/30 06:14:28.755, 3, P0, 35, 497.33 W, 1965 MHz, 3996 MHz, 0 %, 164563 MiB
2026/07/30 06:14:28.755, 4, P0, 33, 235.78 W, 1965 MHz, 3996 MHz, 0 %, 0 MiB
2026/07/30 06:14:28.755, 5, P0, 36, 244.19 W, 1965 MHz, 3996 MHz, 0 %, 0 MiB
2026/07/30 06:14:28.755, 6, P0, 33, 242.25 W, 1965 MHz, 3996 MHz, 0 %, 0 MiB
2026/07/30 06:14:28.755, 7, P0, 37, 243.27 W, 1965 MHz, 3996 MHz, 0 %, 0 MiB
2026/07/30 06:14:29.755, 0, P0, 38, 256.49 W, 1965 MHz, 3996 MHz, 84 %, 164947 MiB
2026/07/30 06:14:29.755, 1, P0, 35, 246.66 W, 1965 MHz, 3996 MHz, 0 %, 165043 MiB
2026/07/30 06:14:29.755, 2, P0, 38, 244.09 W, 1965 MHz, 3996 MHz, 64 %, 165043 MiB
2026/07/30 06:14:29.755, 3, P0, 34, 248.71 W, 1965 MHz, 3996 MHz, 75 %, 164563 MiB
2026/07/30 06:14:29.755, 4, P0, 33, 235.67 W, 1965 MHz, 3996 MHz, 0 %, 0 MiB
2026/07/30 06:14:29.755, 5, P0, 36, 244.19 W, 1965 MHz, 3996 MHz, 0 %, 0 MiB
2026/07/30 06:14:29.755, 6, P0, 33, 242.41 W, 1965 MHz, 3996 MHz, 0 %, 0 MiB
2026/07/30 06:14:29.755, 7, P0, 37, 243.31 W, 1965 MHz, 3996 MHz, 0 %, 0 MiB
2026/07/30 06:14:30.755, 0, P0, 39, 306.39 W, 1965 MHz, 3996 MHz, 87 %, 164947 MiB
2026/07/30 06:14:30.755, 1, P0, 35, 299.90 W, 1965 MHz, 3996 MHz, 76 %, 165043 MiB
2026/07/30 06:14:30.755, 2, P0, 38, 271.11 W, 1965 MHz, 3996 MHz, 22 %, 165043 MiB
2026/07/30 06:14:30.755, 3, P0, 34, 288.88 W, 1965 MHz, 3996 MHz, 41 %, 164563 MiB
2026/07/30 06:14:30.755, 4, P0, 33, 235.73 W, 1965 MHz, 3996 MHz, 0 %, 0 MiB
2026/07/30 06:14:30.755, 5, P0, 36, 244.20 W, 1965 MHz, 3996 MHz, 0 %, 0 MiB
2026/07/30 06:14:30.755, 6, P0, 33, 242.38 W, 1965 MHz, 3996 MHz, 0 %, 0 MiB
2026/07/30 06:14:30.755, 7, P0, 37, 243.27 W, 1965 MHz, 3996 MHz, 0 %, 0 MiB
2026/07/30 06:14:31.756, 0, P0, 38, 306.37 W, 1965 MHz, 3996 MHz, 83 %, 164947 MiB
2026/07/30 06:14:31.756, 1, P0, 35, 298.81 W, 1965 MHz, 3996 MHz, 84 %, 165043 MiB
2026/07/30 06:14:31.756, 2, P0, 38, 274.23 W, 1965 MHz, 3996 MHz, 14 %, 165043 MiB
2026/07/30 06:14:31.756, 3, P0, 34, 281.43 W, 1965 MHz, 3996 MHz, 57 %, 164563 MiB
2026/07/30 06:14:31.756, 4, P0, 33, 235.65 W, 1965 MHz, 3996 MHz, 0 %, 0 MiB
2026/07/30 06:14:31.756, 5, P0, 36, 244.20 W, 1965 MHz, 3996 MHz, 0 %, 0 MiB
2026/07/30 06:14:31.756, 6, P0, 33, 242.33 W, 1965 MHz, 3996 MHz, 0 %, 0 MiB
2026/07/30 06:14:31.756, 7, P0, 37, 243.28 W, 1965 MHz, 3996 MHz, 0 %, 0 MiB
2026/07/30 06:14:32.756, 0, P0, 45, 430.89 W, 1702 MHz, 3996 MHz, 100 %, 164947 MiB
2026/07/30 06:14:32.756, 1, P0, 42, 386.69 W, 1792 MHz, 3996 MHz, 78 %, 165043 MiB
2026/07/30 06:14:32.756, 2, P0, 45, 364.25 W, 1717 MHz, 3996 MHz, 56 %, 165043 MiB
2026/07/30 06:14:32.756, 3, P0, 41, 378.44 W, 1777 MHz, 3996 MHz, 82 %, 164563 MiB
2026/07/30 06:14:32.756, 4, P0, 33, 235.67 W, 1965 MHz, 3996 MHz, 0 %, 0 MiB
2026/07/30 06:14:32.756, 5, P0, 36, 244.21 W, 1965 MHz, 3996 MHz, 0 %, 0 MiB
2026/07/30 06:14:32.756, 6, P0, 33, 242.52 W, 1965 MHz, 3996 MHz, 0 %, 0 MiB
2026/07/30 06:14:32.756, 7, P0, 37, 243.28 W, 1965 MHz, 3996 MHz, 0 %, 0 MiB
2026/07/30 06:14:33.756, 0, P0, 41, 465.25 W, 1792 MHz, 3996 MHz, 88 %, 164947 MiB
2026/07/30 06:14:33.756, 1, P0, 36, 460.76 W, 1965 MHz, 3996 MHz, 76 %, 165043 MiB
2026/07/30 06:14:33.756, 2, P0, 39, 431.55 W, 1792 MHz, 3996 MHz, 16 %, 165043 MiB
2026/07/30 06:14:33.756, 3, P0, 39, 452.29 W, 1837 MHz, 3996 MHz, 53 %, 164563 MiB
2026/07/30 06:14:33.756, 4, P0, 33, 235.77 W, 1965 MHz, 3996 MHz, 0 %, 0 MiB
2026/07/30 06:14:33.756, 5, P0, 36, 244.23 W, 1965 MHz, 3996 MHz, 0 %, 0 MiB
2026/07/30 06:14:33.756, 6, P0, 33, 242.48 W, 1965 MHz, 3996 MHz, 0 %, 0 MiB
2026/07/30 06:14:33.756, 7, P0, 37, 243.27 W, 1965 MHz, 3996 MHz, 0 %, 0 MiB
2026/07/30 06:14:34.756, 0, P0, 39, 440.07 W, 1965 MHz, 3996 MHz, 0 %, 164947 MiB
2026/07/30 06:14:34.756, 1, P0, 36, 483.28 W, 1965 MHz, 3996 MHz, 0 %, 165043 MiB
2026/07/30 06:14:34.756, 2, P0, 39, 471.99 W, 1965 MHz, 3996 MHz, 0 %, 165043 MiB
2026/07/30 06:14:34.756, 3, P0, 35, 480.21 W, 1965 MHz, 3996 MHz, 0 %, 164563 MiB
2026/07/30 06:14:34.756, 4, P0, 33, 235.69 W, 1965 MHz, 3996 MHz, 0 %, 0 MiB
2026/07/30 06:14:34.756, 5, P0, 36, 244.17 W, 1965 MHz, 3996 MHz, 0 %, 0 MiB
2026/07/30 06:14:34.757, 6, P0, 33, 242.37 W, 1965 MHz, 3996 MHz, 0 %, 0 MiB
2026/07/30 06:14:34.757, 7, P0, 37, 243.24 W, 1965 MHz, 3996 MHz, 0 %, 0 MiB
2026/07/30 06:14:35.757, 0, P0, 39, 295.90 W, 1965 MHz, 3996 MHz, 82 %, 164947 MiB
2026/07/30 06:14:35.757, 1, P0, 35, 285.17 W, 1965 MHz, 3996 MHz, 72 %, 165043 MiB
2026/07/30 06:14:35.757, 2, P0, 38, 266.83 W, 1965 MHz, 3996 MHz, 14 %, 165043 MiB
2026/07/30 06:14:35.757, 3, P0, 35, 281.55 W, 1965 MHz, 3996 MHz, 81 %, 164563 MiB
2026/07/30 06:14:35.757, 4, P0, 33, 235.72 W, 1965 MHz, 3996 MHz, 0 %, 0 MiB
2026/07/30 06:14:35.757, 5, P0, 36, 244.20 W, 1965 MHz, 3996 MHz, 0 %, 0 MiB
2026/07/30 06:14:35.757, 6, P0, 33, 242.41 W, 1965 MHz, 3996 MHz, 0 %, 0 MiB
2026/07/30 06:14:35.757, 7, P0, 37, 243.33 W, 1965 MHz, 3996 MHz, 0 %, 0 MiB
2026/07/30 06:14:36.757, 0, P0, 39, 308.24 W, 1965 MHz, 3996 MHz, 88 %, 164947 MiB
2026/07/30 06:14:36.757, 1, P0, 35, 301.74 W, 1965 MHz, 3996 MHz, 82 %, 165043 MiB
2026/07/30 06:14:36.757, 2, P0, 38, 271.49 W, 1965 MHz, 3996 MHz, 14 %, 165043 MiB
2026/07/30 06:14:36.757, 3, P0, 35, 300.60 W, 1965 MHz, 3996 MHz, 85 %, 164563 MiB
2026/07/30 06:14:36.757, 4, P0, 33, 235.67 W, 1965 MHz, 3996 MHz, 0 %, 0 MiB
2026/07/30 06:14:36.757, 5, P0, 36, 244.20 W, 1965 MHz, 3996 MHz, 0 %, 0 MiB
2026/07/30 06:14:36.757, 6, P0, 33, 242.38 W, 1965 MHz, 3996 MHz, 0 %, 0 MiB
2026/07/30 06:14:36.757, 7, P0, 37, 243.32 W, 1965 MHz, 3996 MHz, 0 %, 0 MiB
2026/07/30 06:14:37.757, 0, P0, 39, 307.85 W, 1965 MHz, 3996 MHz, 93 %, 164947 MiB
2026/07/30 06:14:37.757, 1, P0, 35, 302.18 W, 1965 MHz, 3996 MHz, 87 %, 165043 MiB
2026/07/30 06:14:37.757, 2, P0, 38, 272.29 W, 1965 MHz, 3996 MHz, 14 %, 165043 MiB
2026/07/30 06:14:37.757, 3, P0, 35, 302.41 W, 1965 MHz, 3996 MHz, 83 %, 164563 MiB
2026/07/30 06:14:37.757, 4, P0, 33, 235.73 W, 1965 MHz, 3996 MHz, 0 %, 0 MiB
2026/07/30 06:14:37.757, 5, P0, 36, 244.10 W, 1965 MHz, 3996 MHz, 0 %, 0 MiB
2026/07/30 06:14:37.757, 6, P0, 33, 242.43 W, 1965 MHz, 3996 MHz, 0 %, 0 MiB
2026/07/30 06:14:37.757, 7, P0, 37, 243.27 W, 1965 MHz, 3996 MHz, 0 %, 0 MiB
2026/07/30 06:14:38.757, 0, P0, 39, 309.18 W, 1965 MHz, 3996 MHz, 90 %, 164947 MiB
2026/07/30 06:14:38.758, 1, P0, 35, 304.11 W, 1965 MHz, 3996 MHz, 86 %, 165043 MiB
2026/07/30 06:14:38.758, 2, P0, 38, 270.53 W, 1965 MHz, 3996 MHz, 14 %, 165043 MiB
2026/07/30 06:14:38.758, 3, P0, 35, 302.02 W, 1965 MHz, 3996 MHz, 85 %, 164563 MiB
2026/07/30 06:14:38.758, 4, P0, 33, 235.72 W, 1965 MHz, 3996 MHz, 0 %, 0 MiB
2026/07/30 06:14:38.758, 5, P0, 36, 244.21 W, 1965 MHz, 3996 MHz, 0 %, 0 MiB
2026/07/30 06:14:38.758, 6, P0, 33, 242.48 W, 1965 MHz, 3996 MHz, 0 %, 0 MiB
2026/07/30 06:14:38.758, 7, P0, 37, 243.29 W, 1965 MHz, 3996 MHz, 0 %, 0 MiB
2026/07/30 06:14:39.758, 0, P0, 39, 309.01 W, 1965 MHz, 3996 MHz, 90 %, 164947 MiB
2026/07/30 06:14:39.758, 1, P0, 35, 302.87 W, 1965 MHz, 3996 MHz, 85 %, 165043 MiB
2026/07/30 06:14:39.758, 2, P0, 38, 271.08 W, 1965 MHz, 3996 MHz, 14 %, 165043 MiB
2026/07/30 06:14:39.758, 3, P0, 35, 303.27 W, 1965 MHz, 3996 MHz, 86 %, 164563 MiB
2026/07/30 06:14:39.758, 4, P0, 33, 235.69 W, 1965 MHz, 3996 MHz, 0 %, 0 MiB
2026/07/30 06:14:39.758, 5, P0, 36, 244.20 W, 1965 MHz, 3996 MHz, 0 %, 0 MiB
2026/07/30 06:14:39.758, 6, P0, 33, 242.40 W, 1965 MHz, 3996 MHz, 0 %, 0 MiB
2026/07/30 06:14:39.758, 7, P0, 37, 243.29 W, 1965 MHz, 3996 MHz, 0 %, 0 MiB
2026/07/30 06:14:40.758, 0, P0, 39, 307.38 W, 1965 MHz, 3996 MHz, 86 %, 164947 MiB
2026/07/30 06:14:40.758, 1, P0, 35, 303.14 W, 1965 MHz, 3996 MHz, 86 %, 165043 MiB
2026/07/30 06:14:40.758, 2, P0, 38, 270.88 W, 1965 MHz, 3996 MHz, 23 %, 165043 MiB
2026/07/30 06:14:40.758, 3, P0, 35, 299.16 W, 1965 MHz, 3996 MHz, 63 %, 164563 MiB
2026/07/30 06:14:40.758, 4, P0, 33, 235.78 W, 1965 MHz, 3996 MHz, 0 %, 0 MiB
2026/07/30 06:14:40.758, 5, P0, 36, 244.07 W, 1965 MHz, 3996 MHz, 0 %, 0 MiB
2026/07/30 06:14:40.758, 6, P0, 33, 242.40 W, 1965 MHz, 3996 MHz, 0 %, 0 MiB
2026/07/30 06:14:40.758, 7, P0, 37, 243.36 W, 1965 MHz, 3996 MHz, 0 %, 0 MiB
2026/07/30 06:14:41.758, 0, P0, 39, 305.88 W, 1965 MHz, 3996 MHz, 89 %, 164947 MiB
2026/07/30 06:14:41.758, 1, P0, 35, 300.27 W, 1965 MHz, 3996 MHz, 65 %, 165043 MiB
2026/07/30 06:14:41.758, 2, P0, 38, 271.86 W, 1965 MHz, 3996 MHz, 14 %, 165043 MiB
2026/07/30 06:14:41.758, 3, P0, 35, 300.46 W, 1965 MHz, 3996 MHz, 83 %, 164563 MiB
2026/07/30 06:14:41.758, 4, P0, 33, 235.72 W, 1965 MHz, 3996 MHz, 0 %, 0 MiB
2026/07/30 06:14:41.758, 5, P0, 36, 244.20 W, 1965 MHz, 3996 MHz, 0 %, 0 MiB
2026/07/30 06:14:41.758, 6, P0, 33, 242.40 W, 1965 MHz, 3996 MHz, 0 %, 0 MiB
2026/07/30 06:14:41.759, 7, P0, 37, 243.32 W, 1965 MHz, 3996 MHz, 0 %, 0 MiB
2026/07/30 06:14:42.759, 0, P0, 39, 308.40 W, 1965 MHz, 3996 MHz, 89 %, 164947 MiB
2026/07/30 06:14:42.759, 1, P0, 35, 301.19 W, 1965 MHz, 3996 MHz, 81 %, 165043 MiB
2026/07/30 06:14:42.759, 2, P0, 38, 269.54 W, 1965 MHz, 3996 MHz, 14 %, 165043 MiB
2026/07/30 06:14:42.759, 3, P0, 35, 302.25 W, 1965 MHz, 3996 MHz, 89 %, 164563 MiB
2026/07/30 06:14:42.759, 4, P0, 33, 235.69 W, 1965 MHz, 3996 MHz, 0 %, 0 MiB
2026/07/30 06:14:42.759, 5, P0, 36, 244.17 W, 1965 MHz, 3996 MHz, 0 %, 0 MiB
2026/07/30 06:14:42.759, 6, P0, 33, 242.35 W, 1965 MHz, 3996 MHz, 0 %, 0 MiB
2026/07/30 06:14:42.759, 7, P0, 37, 243.33 W, 1965 MHz, 3996 MHz, 0 %, 0 MiB
2026/07/30 06:14:43.759, 0, P0, 39, 307.11 W, 1965 MHz, 3996 MHz, 90 %, 164947 MiB
2026/07/30 06:14:43.759, 1, P0, 35, 301.83 W, 1965 MHz, 3996 MHz, 79 %, 165043 MiB
2026/07/30 06:14:43.759, 2, P0, 38, 272.11 W, 1965 MHz, 3996 MHz, 14 %, 165043 MiB
2026/07/30 06:14:43.759, 3, P0, 35, 301.87 W, 1965 MHz, 3996 MHz, 88 %, 164563 MiB
2026/07/30 06:14:43.759, 4, P0, 33, 235.82 W, 1965 MHz, 3996 MHz, 0 %, 0 MiB
2026/07/30 06:14:43.759, 5, P0, 36, 244.23 W, 1965 MHz, 3996 MHz, 0 %, 0 MiB
2026/07/30 06:14:43.759, 6, P0, 33, 242.39 W, 1965 MHz, 3996 MHz, 0 %, 0 MiB
2026/07/30 06:14:43.759, 7, P0, 37, 243.33 W, 1965 MHz, 3996 MHz, 0 %, 0 MiB
2026/07/30 06:14:44.759, 0, P0, 39, 309.39 W, 1965 MHz, 3996 MHz, 91 %, 164947 MiB
2026/07/30 06:14:44.759, 1, P0, 35, 302.34 W, 1965 MHz, 3996 MHz, 84 %, 165043 MiB
2026/07/30 06:14:44.759, 2, P0, 38, 270.89 W, 1965 MHz, 3996 MHz, 14 %, 165043 MiB
2026/07/30 06:14:44.759, 3, P0, 35, 301.98 W, 1965 MHz, 3996 MHz, 82 %, 164563 MiB
2026/07/30 06:14:44.759, 4, P0, 33, 235.68 W, 1965 MHz, 3996 MHz, 0 %, 0 MiB
2026/07/30 06:14:44.759, 5, P0, 36, 244.28 W, 1965 MHz, 3996 MHz, 0 %, 0 MiB
2026/07/30 06:14:44.759, 6, P0, 33, 242.41 W, 1965 MHz, 3996 MHz, 0 %, 0 MiB
2026/07/30 06:14:44.759, 7, P0, 37, 243.24 W, 1965 MHz, 3996 MHz, 0 %, 0 MiB
2026/07/30 06:14:45.759, 0, P0, 38, 308.30 W, 1965 MHz, 3996 MHz, 85 %, 164947 MiB
2026/07/30 06:14:45.759, 1, P0, 35, 302.36 W, 1965 MHz, 3996 MHz, 76 %, 165043 MiB
2026/07/30 06:14:45.759, 2, P0, 38, 270.57 W, 1965 MHz, 3996 MHz, 14 %, 165043 MiB
2026/07/30 06:14:45.759, 3, P0, 35, 303.27 W, 1965 MHz, 3996 MHz, 85 %, 164563 MiB
2026/07/30 06:14:45.759, 4, P0, 33, 235.70 W, 1965 MHz, 3996 MHz, 0 %, 0 MiB
2026/07/30 06:14:45.760, 5, P0, 36, 244.18 W, 1965 MHz, 3996 MHz, 0 %, 0 MiB
2026/07/30 06:14:45.760, 6, P0, 33, 242.42 W, 1965 MHz, 3996 MHz, 0 %, 0 MiB
2026/07/30 06:14:45.760, 7, P0, 37, 243.36 W, 1965 MHz, 3996 MHz, 0 %, 0 MiB
2026/07/30 06:14:46.760, 0, P0, 39, 309.62 W, 1965 MHz, 3996 MHz, 90 %, 164947 MiB
2026/07/30 06:14:46.760, 1, P0, 35, 301.17 W, 1965 MHz, 3996 MHz, 89 %, 165043 MiB
2026/07/30 06:14:46.760, 2, P0, 38, 272.34 W, 1965 MHz, 3996 MHz, 14 %, 165043 MiB
2026/07/30 06:14:46.760, 3, P0, 35, 300.25 W, 1965 MHz, 3996 MHz, 86 %, 164563 MiB
2026/07/30 06:14:46.760, 4, P0, 33, 235.74 W, 1965 MHz, 3996 MHz, 0 %, 0 MiB
2026/07/30 06:14:46.760, 5, P0, 36, 244.23 W, 1965 MHz, 3996 MHz, 0 %, 0 MiB
2026/07/30 06:14:46.760, 6, P0, 33, 242.40 W, 1965 MHz, 3996 MHz, 0 %, 0 MiB
2026/07/30 06:14:46.760, 7, P0, 37, 243.31 W, 1965 MHz, 3996 MHz, 0 %, 0 MiB
2026/07/30 06:14:47.760, 0, P0, 38, 307.65 W, 1965 MHz, 3996 MHz, 89 %, 164947 MiB
2026/07/30 06:14:47.760, 1, P0, 35, 301.64 W, 1965 MHz, 3996 MHz, 72 %, 165043 MiB
2026/07/30 06:14:47.760, 2, P0, 38, 270.84 W, 1965 MHz, 3996 MHz, 14 %, 165043 MiB
2026/07/30 06:14:47.760, 3, P0, 35, 301.74 W, 1965 MHz, 3996 MHz, 89 %, 164563 MiB
2026/07/30 06:14:47.760, 4, P0, 33, 235.73 W, 1965 MHz, 3996 MHz, 0 %, 0 MiB
2026/07/30 06:14:47.760, 5, P0, 36, 244.22 W, 1965 MHz, 3996 MHz, 0 %, 0 MiB
2026/07/30 06:14:47.760, 6, P0, 33, 242.39 W, 1965 MHz, 3996 MHz, 0 %, 0 MiB
2026/07/30 06:14:47.760, 7, P0, 37, 243.30 W, 1965 MHz, 3996 MHz, 0 %, 0 MiB
2026/07/30 06:14:48.760, 0, P0, 39, 324.16 W, 1965 MHz, 3996 MHz, 83 %, 164947 MiB
2026/07/30 06:14:48.760, 1, P0, 36, 318.90 W, 1965 MHz, 3996 MHz, 81 %, 165043 MiB
2026/07/30 06:14:48.760, 2, P0, 38, 271.36 W, 1965 MHz, 3996 MHz, 14 %, 165043 MiB
2026/07/30 06:14:48.760, 3, P0, 35, 311.52 W, 1965 MHz, 3996 MHz, 74 %, 164563 MiB
2026/07/30 06:14:48.760, 4, P0, 33, 235.77 W, 1965 MHz, 3996 MHz, 0 %, 0 MiB
2026/07/30 06:14:48.760, 5, P0, 36, 244.25 W, 1965 MHz, 3996 MHz, 0 %, 0 MiB
2026/07/30 06:14:48.760, 6, P0, 33, 242.34 W, 1965 MHz, 3996 MHz, 0 %, 0 MiB
2026/07/30 06:14:48.760, 7, P0, 37, 243.32 W, 1965 MHz, 3996 MHz, 0 %, 0 MiB
2026/07/30 06:14:49.760, 0, P0, 38, 276.82 W, 1965 MHz, 3996 MHz, 0 %, 164947 MiB
2026/07/30 06:14:49.761, 1, P0, 34, 275.11 W, 1965 MHz, 3996 MHz, 0 %, 165043 MiB
2026/07/30 06:14:49.761, 2, P0, 37, 259.67 W, 1965 MHz, 3996 MHz, 0 %, 165043 MiB
2026/07/30 06:14:49.761, 3, P0, 34, 277.23 W, 1965 MHz, 3996 MHz, 0 %, 164563 MiB
2026/07/30 06:14:49.761, 4, P0, 33, 235.81 W, 1965 MHz, 3996 MHz, 0 %, 0 MiB
2026/07/30 06:14:49.761, 5, P0, 36, 244.15 W, 1965 MHz, 3996 MHz, 0 %, 0 MiB
2026/07/30 06:14:49.761, 6, P0, 33, 242.33 W, 1965 MHz, 3996 MHz, 0 %, 0 MiB
2026/07/30 06:14:49.761, 7, P0, 37, 243.30 W, 1965 MHz, 3996 MHz, 0 %, 0 MiB
2026/07/30 06:14:50.761, 0, P0, 39, 325.21 W, 1965 MHz, 3996 MHz, 89 %, 164947 MiB
2026/07/30 06:14:50.761, 1, P0, 35, 310.06 W, 1965 MHz, 3996 MHz, 78 %, 165043 MiB
2026/07/30 06:14:50.761, 2, P0, 38, 272.25 W, 1965 MHz, 3996 MHz, 19 %, 165043 MiB
2026/07/30 06:14:50.761, 3, P0, 35, 302.18 W, 1965 MHz, 3996 MHz, 65 %, 164563 MiB
2026/07/30 06:14:50.761, 4, P0, 33, 235.77 W, 1965 MHz, 3996 MHz, 0 %, 0 MiB
2026/07/30 06:14:50.761, 5, P0, 36, 244.09 W, 1965 MHz, 3996 MHz, 0 %, 0 MiB
2026/07/30 06:14:50.761, 6, P0, 33, 242.38 W, 1965 MHz, 3996 MHz, 0 %, 0 MiB
2026/07/30 06:14:50.761, 7, P0, 37, 243.29 W, 1965 MHz, 3996 MHz, 0 %, 0 MiB
2026/07/30 06:14:51.761, 0, P0, 38, 301.05 W, 1965 MHz, 3996 MHz, 0 %, 164947 MiB
2026/07/30 06:14:51.761, 1, P0, 35, 295.41 W, 1965 MHz, 3996 MHz, 0 %, 165043 MiB
2026/07/30 06:14:51.761, 2, P0, 37, 264.32 W, 1965 MHz, 3996 MHz, 0 %, 165043 MiB
2026/07/30 06:14:51.761, 3, P0, 34, 296.37 W, 1965 MHz, 3996 MHz, 0 %, 164563 MiB
2026/07/30 06:14:51.761, 4, P0, 33, 235.71 W, 1965 MHz, 3996 MHz, 0 %, 0 MiB
2026/07/30 06:14:51.761, 5, P0, 36, 244.21 W, 1965 MHz, 3996 MHz, 0 %, 0 MiB
2026/07/30 06:14:51.761, 6, P0, 33, 242.37 W, 1965 MHz, 3996 MHz, 0 %, 0 MiB
2026/07/30 06:14:51.761, 7, P0, 37, 243.31 W, 1965 MHz, 3996 MHz, 0 %, 0 MiB
2026/07/30 06:14:52.761, 0, P0, 38, 259.77 W, 1965 MHz, 3996 MHz, 89 %, 164947 MiB
2026/07/30 06:14:52.761, 1, P0, 35, 253.33 W, 1965 MHz, 3996 MHz, 43 %, 165043 MiB
2026/07/30 06:14:52.761, 2, P0, 37, 240.76 W, 1965 MHz, 3996 MHz, 8 %, 165043 MiB
2026/07/30 06:14:52.761, 3, P0, 34, 252.29 W, 1965 MHz, 3996 MHz, 66 %, 164563 MiB
2026/07/30 06:14:52.761, 4, P0, 33, 235.67 W, 1965 MHz, 3996 MHz, 0 %, 0 MiB
2026/07/30 06:14:52.762, 5, P0, 36, 244.16 W, 1965 MHz, 3996 MHz, 0 %, 0 MiB
2026/07/30 06:14:52.762, 6, P0, 33, 242.44 W, 1965 MHz, 3996 MHz, 0 %, 0 MiB
2026/07/30 06:14:52.762, 7, P0, 37, 243.27 W, 1965 MHz, 3996 MHz, 0 %, 0 MiB
2026/07/30 06:14:53.762, 0, P0, 39, 324.56 W, 1965 MHz, 3996 MHz, 89 %, 164947 MiB
2026/07/30 06:14:53.762, 1, P0, 35, 314.94 W, 1965 MHz, 3996 MHz, 82 %, 165043 MiB
2026/07/30 06:14:53.762, 2, P0, 37, 262.04 W, 1965 MHz, 3996 MHz, 13 %, 165043 MiB
2026/07/30 06:14:53.762, 3, P0, 35, 311.79 W, 1965 MHz, 3996 MHz, 85 %, 164563 MiB
2026/07/30 06:14:53.762, 4, P0, 33, 235.78 W, 1965 MHz, 3996 MHz, 0 %, 0 MiB
2026/07/30 06:14:53.762, 5, P0, 36, 244.11 W, 1965 MHz, 3996 MHz, 0 %, 0 MiB
2026/07/30 06:14:53.762, 6, P0, 33, 242.45 W, 1965 MHz, 3996 MHz, 0 %, 0 MiB
2026/07/30 06:14:53.762, 7, P0, 37, 243.23 W, 1965 MHz, 3996 MHz, 0 %, 0 MiB
2026/07/30 06:14:54.762, 0, P0, 39, 324.54 W, 1965 MHz, 3996 MHz, 83 %, 164947 MiB
2026/07/30 06:14:54.762, 1, P0, 35, 316.68 W, 1965 MHz, 3996 MHz, 80 %, 165043 MiB
2026/07/30 06:14:54.762, 2, P0, 37, 259.52 W, 1965 MHz, 3996 MHz, 13 %, 165043 MiB
2026/07/30 06:14:54.762, 3, P0, 35, 316.34 W, 1965 MHz, 3996 MHz, 83 %, 164563 MiB
2026/07/30 06:14:54.762, 4, P0, 33, 235.68 W, 1965 MHz, 3996 MHz, 0 %, 0 MiB
2026/07/30 06:14:54.762, 5, P0, 36, 244.15 W, 1965 MHz, 3996 MHz, 0 %, 0 MiB
2026/07/30 06:14:54.762, 6, P0, 33, 242.42 W, 1965 MHz, 3996 MHz, 0 %, 0 MiB
2026/07/30 06:14:54.762, 7, P0, 37, 243.21 W, 1965 MHz, 3996 MHz, 0 %, 0 MiB
2026/07/30 06:14:55.762, 0, P0, 39, 328.50 W, 1965 MHz, 3996 MHz, 88 %, 164947 MiB
2026/07/30 06:14:55.762, 1, P0, 36, 322.29 W, 1965 MHz, 3996 MHz, 80 %, 165043 MiB
2026/07/30 06:14:55.762, 2, P0, 38, 269.21 W, 1965 MHz, 3996 MHz, 21 %, 165043 MiB
2026/07/30 06:14:55.762, 3, P0, 35, 310.88 W, 1965 MHz, 3996 MHz, 79 %, 164563 MiB
2026/07/30 06:14:55.762, 4, P0, 33, 235.74 W, 1965 MHz, 3996 MHz, 0 %, 0 MiB
2026/07/30 06:14:55.762, 5, P0, 36, 244.16 W, 1965 MHz, 3996 MHz, 0 %, 0 MiB
2026/07/30 06:14:55.762, 6, P0, 33, 242.39 W, 1965 MHz, 3996 MHz, 0 %, 0 MiB
2026/07/30 06:14:55.762, 7, P0, 37, 243.25 W, 1965 MHz, 3996 MHz, 0 %, 0 MiB
2026/07/30 06:14:56.763, 0, P0, 38, 326.78 W, 1965 MHz, 3996 MHz, 93 %, 164947 MiB
2026/07/30 06:14:56.763, 1, P0, 36, 319.94 W, 1965 MHz, 3996 MHz, 52 %, 165043 MiB
2026/07/30 06:14:56.763, 2, P0, 38, 268.41 W, 1965 MHz, 3996 MHz, 13 %, 165043 MiB
2026/07/30 06:14:56.763, 3, P0, 35, 317.18 W, 1965 MHz, 3996 MHz, 76 %, 164563 MiB
2026/07/30 06:14:56.763, 4, P0, 33, 235.75 W, 1965 MHz, 3996 MHz, 0 %, 0 MiB
2026/07/30 06:14:56.763, 5, P0, 36, 244.14 W, 1965 MHz, 3996 MHz, 0 %, 0 MiB
2026/07/30 06:14:56.763, 6, P0, 33, 242.40 W, 1965 MHz, 3996 MHz, 0 %, 0 MiB
2026/07/30 06:14:56.763, 7, P0, 37, 243.17 W, 1965 MHz, 3996 MHz, 0 %, 0 MiB
2026/07/30 06:14:57.763, 0, P0, 39, 277.56 W, 1965 MHz, 3996 MHz, 87 %, 164947 MiB
2026/07/30 06:14:57.763, 1, P0, 35, 257.48 W, 1965 MHz, 3996 MHz, 13 %, 165043 MiB
2026/07/30 06:14:57.763, 2, P0, 37, 253.33 W, 1965 MHz, 3996 MHz, 39 %, 165043 MiB
2026/07/30 06:14:57.763, 3, P0, 35, 267.11 W, 1965 MHz, 3996 MHz, 79 %, 164563 MiB
2026/07/30 06:14:57.763, 4, P0, 33, 235.72 W, 1965 MHz, 3996 MHz, 0 %, 0 MiB
2026/07/30 06:14:57.764, 5, P0, 36, 244.10 W, 1965 MHz, 3996 MHz, 0 %, 0 MiB
2026/07/30 06:14:57.764, 6, P0, 33, 242.37 W, 1965 MHz, 3996 MHz, 0 %, 0 MiB
2026/07/30 06:14:57.764, 7, P0, 37, 243.20 W, 1965 MHz, 3996 MHz, 0 %, 0 MiB
2026/07/30 06:14:58.764, 0, P0, 39, 326.80 W, 1965 MHz, 3996 MHz, 90 %, 164947 MiB
2026/07/30 06:14:58.764, 1, P0, 35, 316.08 W, 1965 MHz, 3996 MHz, 82 %, 165043 MiB
2026/07/30 06:14:58.764, 2, P0, 37, 260.30 W, 1965 MHz, 3996 MHz, 13 %, 165043 MiB
2026/07/30 06:14:58.764, 3, P0, 35, 317.66 W, 1965 MHz, 3996 MHz, 88 %, 164563 MiB
2026/07/30 06:14:58.764, 4, P0, 33, 235.73 W, 1965 MHz, 3996 MHz, 0 %, 0 MiB
2026/07/30 06:14:58.764, 5, P0, 36, 244.16 W, 1965 MHz, 3996 MHz, 0 %, 0 MiB
2026/07/30 06:14:58.764, 6, P0, 33, 242.40 W, 1965 MHz, 3996 MHz, 0 %, 0 MiB
2026/07/30 06:14:58.764, 7, P0, 37, 243.22 W, 1965 MHz, 3996 MHz, 0 %, 0 MiB
2026/07/30 06:14:59.764, 0, P0, 39, 323.47 W, 1965 MHz, 3996 MHz, 91 %, 164947 MiB
2026/07/30 06:14:59.764, 1, P0, 35, 316.58 W, 1965 MHz, 3996 MHz, 83 %, 165043 MiB
2026/07/30 06:14:59.764, 2, P0, 37, 262.71 W, 1965 MHz, 3996 MHz, 13 %, 165043 MiB
2026/07/30 06:14:59.764, 3, P0, 35, 314.59 W, 1965 MHz, 3996 MHz, 84 %, 164563 MiB
2026/07/30 06:14:59.764, 4, P0, 33, 235.75 W, 1965 MHz, 3996 MHz, 0 %, 0 MiB
2026/07/30 06:14:59.764, 5, P0, 36, 244.16 W, 1965 MHz, 3996 MHz, 0 %, 0 MiB
2026/07/30 06:14:59.764, 6, P0, 33, 242.34 W, 1965 MHz, 3996 MHz, 0 %, 0 MiB
2026/07/30 06:14:59.764, 7, P0, 37, 243.27 W, 1965 MHz, 3996 MHz, 0 %, 0 MiB
2026/07/30 06:15:00.764, 0, P0, 39, 325.21 W, 1965 MHz, 3996 MHz, 88 %, 164947 MiB
2026/07/30 06:15:00.764, 1, P0, 36, 320.30 W, 1965 MHz, 3996 MHz, 82 %, 165043 MiB
2026/07/30 06:15:00.764, 2, P0, 37, 261.10 W, 1965 MHz, 3996 MHz, 13 %, 165043 MiB
2026/07/30 06:15:00.764, 3, P0, 35, 316.38 W, 1965 MHz, 3996 MHz, 78 %, 164563 MiB
2026/07/30 06:15:00.764, 4, P0, 33, 235.70 W, 1965 MHz, 3996 MHz, 0 %, 0 MiB
2026/07/30 06:15:00.764, 5, P0, 36, 244.18 W, 1965 MHz, 3996 MHz, 0 %, 0 MiB
2026/07/30 06:15:00.764, 6, P0, 33, 242.35 W, 1965 MHz, 3996 MHz, 0 %, 0 MiB
2026/07/30 06:15:00.764, 7, P0, 37, 243.26 W, 1965 MHz, 3996 MHz, 0 %, 0 MiB
2026/07/30 06:15:01.765, 0, P0, 39, 325.10 W, 1965 MHz, 3996 MHz, 81 %, 164947 MiB
2026/07/30 06:15:01.765, 1, P0, 36, 319.32 W, 1965 MHz, 3996 MHz, 85 %, 165043 MiB
2026/07/30 06:15:01.765, 2, P0, 37, 261.78 W, 1965 MHz, 3996 MHz, 16 %, 165043 MiB
2026/07/30 06:15:01.765, 3, P0, 35, 313.46 W, 1965 MHz, 3996 MHz, 83 %, 164563 MiB
2026/07/30 06:15:01.765, 4, P0, 33, 235.71 W, 1965 MHz, 3996 MHz, 0 %, 0 MiB
2026/07/30 06:15:01.765, 5, P0, 36, 244.23 W, 1965 MHz, 3996 MHz, 0 %, 0 MiB
2026/07/30 06:15:01.765, 6, P0, 33, 242.38 W, 1965 MHz, 3996 MHz, 0 %, 0 MiB
2026/07/30 06:15:01.765, 7, P0, 37, 243.30 W, 1965 MHz, 3996 MHz, 0 %, 0 MiB
2026/07/30 06:15:02.765, 0, P0, 39, 326.32 W, 1965 MHz, 3996 MHz, 91 %, 164947 MiB
2026/07/30 06:15:02.765, 1, P0, 36, 318.79 W, 1965 MHz, 3996 MHz, 78 %, 165043 MiB
2026/07/30 06:15:02.765, 2, P0, 37, 261.38 W, 1965 MHz, 3996 MHz, 13 %, 165043 MiB
2026/07/30 06:15:02.765, 3, P0, 35, 314.42 W, 1965 MHz, 3996 MHz, 74 %, 164563 MiB
2026/07/30 06:15:02.765, 4, P0, 33, 235.65 W, 1965 MHz, 3996 MHz, 0 %, 0 MiB
2026/07/30 06:15:02.765, 5, P0, 36, 244.26 W, 1965 MHz, 3996 MHz, 0 %, 0 MiB
2026/07/30 06:15:02.765, 6, P0, 33, 242.41 W, 1965 MHz, 3996 MHz, 0 %, 0 MiB
2026/07/30 06:15:02.765, 7, P0, 37, 243.28 W, 1965 MHz, 3996 MHz, 0 %, 0 MiB
2026/07/30 06:15:03.765, 0, P0, 39, 325.83 W, 1965 MHz, 3996 MHz, 91 %, 164947 MiB
2026/07/30 06:15:03.765, 1, P0, 36, 316.38 W, 1965 MHz, 3996 MHz, 75 %, 165043 MiB
2026/07/30 06:15:03.765, 2, P0, 37, 263.45 W, 1965 MHz, 3996 MHz, 13 %, 165043 MiB
2026/07/30 06:15:03.765, 3, P0, 35, 307.29 W, 1965 MHz, 3996 MHz, 81 %, 164563 MiB
2026/07/30 06:15:03.765, 4, P0, 33, 235.74 W, 1965 MHz, 3996 MHz, 0 %, 0 MiB
2026/07/30 06:15:03.765, 5, P0, 36, 244.16 W, 1965 MHz, 3996 MHz, 0 %, 0 MiB
2026/07/30 06:15:03.765, 6, P0, 33, 242.35 W, 1965 MHz, 3996 MHz, 0 %, 0 MiB
2026/07/30 06:15:03.765, 7, P0, 37, 243.27 W, 1965 MHz, 3996 MHz, 0 %, 0 MiB
2026/07/30 06:15:04.765, 0, P0, 39, 324.17 W, 1965 MHz, 3996 MHz, 91 %, 164947 MiB
2026/07/30 06:15:04.765, 1, P0, 35, 312.00 W, 1965 MHz, 3996 MHz, 84 %, 165043 MiB
2026/07/30 06:15:04.765, 2, P0, 37, 262.06 W, 1965 MHz, 3996 MHz, 13 %, 165043 MiB
2026/07/30 06:15:04.765, 3, P0, 35, 306.76 W, 1965 MHz, 3996 MHz, 72 %, 164563 MiB
2026/07/30 06:15:04.765, 4, P0, 33, 235.73 W, 1965 MHz, 3996 MHz, 0 %, 0 MiB
2026/07/30 06:15:04.765, 5, P0, 36, 244.22 W, 1965 MHz, 3996 MHz, 0 %, 0 MiB
2026/07/30 06:15:04.766, 6, P0, 33, 242.38 W, 1965 MHz, 3996 MHz, 0 %, 0 MiB
2026/07/30 06:15:04.766, 7, P0, 37, 243.21 W, 1965 MHz, 3996 MHz, 0 %, 0 MiB
2026/07/30 06:15:05.766, 0, P0, 39, 324.31 W, 1965 MHz, 3996 MHz, 88 %, 164947 MiB
2026/07/30 06:15:05.766, 1, P0, 35, 313.17 W, 1965 MHz, 3996 MHz, 54 %, 165043 MiB
2026/07/30 06:15:05.766, 2, P0, 37, 261.27 W, 1965 MHz, 3996 MHz, 14 %, 165043 MiB
2026/07/30 06:15:05.766, 3, P0, 35, 307.60 W, 1965 MHz, 3996 MHz, 59 %, 164563 MiB
2026/07/30 06:15:05.766, 4, P0, 33, 235.73 W, 1965 MHz, 3996 MHz, 0 %, 0 MiB
2026/07/30 06:15:05.766, 5, P0, 36, 244.12 W, 1965 MHz, 3996 MHz, 0 %, 0 MiB
2026/07/30 06:15:05.766, 6, P0, 33, 242.37 W, 1965 MHz, 3996 MHz, 0 %, 0 MiB
2026/07/30 06:15:05.766, 7, P0, 37, 243.33 W, 1965 MHz, 3996 MHz, 0 %, 0 MiB
2026/07/30 06:15:06.766, 0, P0, 39, 326.46 W, 1965 MHz, 3996 MHz, 88 %, 164947 MiB
2026/07/30 06:15:06.766, 1, P0, 35, 312.08 W, 1965 MHz, 3996 MHz, 85 %, 165043 MiB
2026/07/30 06:15:06.766, 2, P0, 37, 263.49 W, 1965 MHz, 3996 MHz, 13 %, 165043 MiB
2026/07/30 06:15:06.766, 3, P0, 35, 309.52 W, 1965 MHz, 3996 MHz, 80 %, 164563 MiB
2026/07/30 06:15:06.766, 4, P0, 33, 235.79 W, 1965 MHz, 3996 MHz, 0 %, 0 MiB
2026/07/30 06:15:06.766, 5, P0, 36, 244.20 W, 1965 MHz, 3996 MHz, 0 %, 0 MiB
2026/07/30 06:15:06.766, 6, P0, 33, 242.37 W, 1965 MHz, 3996 MHz, 0 %, 0 MiB
2026/07/30 06:15:06.766, 7, P0, 37, 243.29 W, 1965 MHz, 3996 MHz, 0 %, 0 MiB
2026/07/30 06:15:07.766, 0, P0, 39, 324.85 W, 1965 MHz, 3996 MHz, 94 %, 164947 MiB
2026/07/30 06:15:07.766, 1, P0, 36, 317.55 W, 1965 MHz, 3996 MHz, 78 %, 165043 MiB
2026/07/30 06:15:07.766, 2, P0, 37, 260.60 W, 1965 MHz, 3996 MHz, 13 %, 165043 MiB
2026/07/30 06:15:07.766, 3, P0, 35, 309.92 W, 1965 MHz, 3996 MHz, 82 %, 164563 MiB
2026/07/30 06:15:07.766, 4, P0, 33, 235.75 W, 1965 MHz, 3996 MHz, 0 %, 0 MiB
2026/07/30 06:15:07.766, 5, P0, 36, 244.20 W, 1965 MHz, 3996 MHz, 0 %, 0 MiB
2026/07/30 06:15:07.766, 6, P0, 33, 242.42 W, 1965 MHz, 3996 MHz, 0 %, 0 MiB
2026/07/30 06:15:07.766, 7, P0, 37, 243.40 W, 1965 MHz, 3996 MHz, 0 %, 0 MiB
2026/07/30 06:15:08.767, 0, P0, 39, 323.33 W, 1965 MHz, 3996 MHz, 82 %, 164947 MiB
2026/07/30 06:15:08.767, 1, P0, 36, 315.14 W, 1965 MHz, 3996 MHz, 76 %, 165043 MiB
2026/07/30 06:15:08.767, 2, P0, 37, 265.67 W, 1965 MHz, 3996 MHz, 13 %, 165043 MiB
2026/07/30 06:15:08.767, 3, P0, 35, 311.89 W, 1965 MHz, 3996 MHz, 74 %, 164563 MiB
2026/07/30 06:15:08.767, 4, P0, 33, 235.81 W, 1965 MHz, 3996 MHz, 0 %, 0 MiB
2026/07/30 06:15:08.767, 5, P0, 36, 244.17 W, 1965 MHz, 3996 MHz, 0 %, 0 MiB
2026/07/30 06:15:08.767, 6, P0, 33, 242.43 W, 1965 MHz, 3996 MHz, 0 %, 0 MiB
2026/07/30 06:15:08.767, 7, P0, 37, 243.24 W, 1965 MHz, 3996 MHz, 0 %, 0 MiB
2026/07/30 06:15:09.767, 0, P0, 39, 322.61 W, 1965 MHz, 3996 MHz, 87 %, 164947 MiB
2026/07/30 06:15:09.767, 1, P0, 35, 304.35 W, 1965 MHz, 3996 MHz, 63 %, 165043 MiB
2026/07/30 06:15:09.767, 2, P0, 37, 263.47 W, 1965 MHz, 3996 MHz, 13 %, 165043 MiB
2026/07/30 06:15:09.767, 3, P0, 35, 306.60 W, 1965 MHz, 3996 MHz, 72 %, 164563 MiB
2026/07/30 06:15:09.767, 4, P0, 33, 235.79 W, 1965 MHz, 3996 MHz, 0 %, 0 MiB
2026/07/30 06:15:09.767, 5, P0, 36, 244.30 W, 1965 MHz, 3996 MHz, 0 %, 0 MiB
2026/07/30 06:15:09.767, 6, P0, 33, 242.41 W, 1965 MHz, 3996 MHz, 0 %, 0 MiB
2026/07/30 06:15:09.767, 7, P0, 37, 243.30 W, 1965 MHz, 3996 MHz, 0 %, 0 MiB
2026/07/30 06:15:10.767, 0, P0, 40, 421.65 W, 1965 MHz, 3996 MHz, 91 %, 164947 MiB
2026/07/30 06:15:10.767, 1, P0, 37, 398.81 W, 1965 MHz, 3996 MHz, 54 %, 165043 MiB
2026/07/30 06:15:10.767, 2, P0, 39, 377.71 W, 1965 MHz, 3996 MHz, 14 %, 165043 MiB
2026/07/30 06:15:10.767, 3, P0, 36, 409.89 W, 1965 MHz, 3996 MHz, 81 %, 164563 MiB
2026/07/30 06:15:10.767, 4, P0, 33, 235.79 W, 1965 MHz, 3996 MHz, 0 %, 0 MiB
2026/07/30 06:15:10.767, 5, P0, 36, 244.15 W, 1965 MHz, 3996 MHz, 0 %, 0 MiB
2026/07/30 06:15:10.767, 6, P0, 33, 242.36 W, 1965 MHz, 3996 MHz, 0 %, 0 MiB
2026/07/30 06:15:10.767, 7, P0, 37, 243.31 W, 1965 MHz, 3996 MHz, 0 %, 0 MiB
2026/07/30 06:15:11.767, 0, P0, 39, 417.34 W, 1965 MHz, 3996 MHz, 59 %, 164947 MiB
2026/07/30 06:15:11.768, 1, P0, 37, 409.84 W, 1965 MHz, 3996 MHz, 67 %, 165043 MiB
2026/07/30 06:15:11.768, 2, P0, 39, 375.20 W, 1965 MHz, 3996 MHz, 13 %, 165043 MiB
2026/07/30 06:15:11.768, 3, P0, 36, 409.69 W, 1965 MHz, 3996 MHz, 58 %, 164563 MiB
2026/07/30 06:15:11.768, 4, P0, 33, 235.82 W, 1965 MHz, 3996 MHz, 0 %, 0 MiB
2026/07/30 06:15:11.768, 5, P0, 36, 244.13 W, 1965 MHz, 3996 MHz, 0 %, 0 MiB
2026/07/30 06:15:11.768, 6, P0, 33, 242.40 W, 1965 MHz, 3996 MHz, 0 %, 0 MiB
2026/07/30 06:15:11.768, 7, P0, 37, 243.28 W, 1965 MHz, 3996 MHz, 0 %, 0 MiB
2026/07/30 06:15:12.768, 0, P0, 39, 284.14 W, 1965 MHz, 3996 MHz, 87 %, 164947 MiB
2026/07/30 06:15:12.768, 1, P0, 35, 269.58 W, 1965 MHz, 3996 MHz, 64 %, 165043 MiB
2026/07/30 06:15:12.768, 2, P0, 38, 252.24 W, 1965 MHz, 3996 MHz, 14 %, 165043 MiB
2026/07/30 06:15:12.768, 3, P0, 35, 269.84 W, 1965 MHz, 3996 MHz, 61 %, 164563 MiB
2026/07/30 06:15:12.768, 4, P0, 33, 235.76 W, 1965 MHz, 3996 MHz, 0 %, 0 MiB
2026/07/30 06:15:12.768, 5, P0, 36, 244.19 W, 1965 MHz, 3996 MHz, 0 %, 0 MiB
2026/07/30 06:15:12.768, 6, P0, 33, 242.40 W, 1965 MHz, 3996 MHz, 0 %, 0 MiB
2026/07/30 06:15:12.768, 7, P0, 37, 243.31 W, 1965 MHz, 3996 MHz, 0 %, 0 MiB
2026/07/30 06:15:13.768, 0, P0, 45, 463.87 W, 1965 MHz, 3996 MHz, 80 %, 164947 MiB
2026/07/30 06:15:13.768, 1, P0, 36, 419.07 W, 1965 MHz, 3996 MHz, 74 %, 165043 MiB
2026/07/30 06:15:13.768, 2, P0, 38, 375.64 W, 1965 MHz, 3996 MHz, 14 %, 165043 MiB
2026/07/30 06:15:13.768, 3, P0, 35, 416.36 W, 1965 MHz, 3996 MHz, 78 %, 164563 MiB
2026/07/30 06:15:13.768, 4, P0, 33, 235.70 W, 1965 MHz, 3996 MHz, 0 %, 0 MiB
2026/07/30 06:15:13.768, 5, P0, 36, 244.16 W, 1965 MHz, 3996 MHz, 0 %, 0 MiB
2026/07/30 06:15:13.768, 6, P0, 33, 242.38 W, 1965 MHz, 3996 MHz, 0 %, 0 MiB
2026/07/30 06:15:13.768, 7, P0, 37, 243.20 W, 1965 MHz, 3996 MHz, 0 %, 0 MiB
2026/07/30 06:15:14.768, 0, P0, 38, 357.03 W, 1965 MHz, 3996 MHz, 0 %, 164947 MiB
2026/07/30 06:15:14.768, 1, P0, 35, 379.41 W, 1965 MHz, 3996 MHz, 0 %, 165043 MiB
2026/07/30 06:15:14.769, 2, P0, 38, 360.75 W, 1965 MHz, 3996 MHz, 0 %, 165043 MiB
2026/07/30 06:15:14.769, 3, P0, 34, 373.02 W, 1965 MHz, 3996 MHz, 0 %, 164563 MiB
2026/07/30 06:15:14.769, 4, P0, 33, 235.66 W, 1965 MHz, 3996 MHz, 0 %, 0 MiB
2026/07/30 06:15:14.769, 5, P0, 36, 244.15 W, 1965 MHz, 3996 MHz, 0 %, 0 MiB
2026/07/30 06:15:14.769, 6, P0, 33, 242.34 W, 1965 MHz, 3996 MHz, 0 %, 0 MiB
2026/07/30 06:15:14.769, 7, P0, 37, 243.32 W, 1965 MHz, 3996 MHz, 0 %, 0 MiB
2026/07/30 06:15:15.769, 0, P0, 39, 280.77 W, 1965 MHz, 3996 MHz, 81 %, 164947 MiB
2026/07/30 06:15:15.769, 1, P0, 35, 264.89 W, 1965 MHz, 3996 MHz, 68 %, 165043 MiB
2026/07/30 06:15:15.769, 2, P0, 38, 253.46 W, 1965 MHz, 3996 MHz, 14 %, 165043 MiB
2026/07/30 06:15:15.769, 3, P0, 35, 270.30 W, 1965 MHz, 3996 MHz, 71 %, 164563 MiB
2026/07/30 06:15:15.769, 4, P0, 33, 235.70 W, 1965 MHz, 3996 MHz, 0 %, 0 MiB
2026/07/30 06:15:15.769, 5, P0, 36, 244.08 W, 1965 MHz, 3996 MHz, 0 %, 0 MiB
2026/07/30 06:15:15.769, 6, P0, 33, 242.46 W, 1965 MHz, 3996 MHz, 0 %, 0 MiB
2026/07/30 06:15:15.769, 7, P0, 37, 243.22 W, 1965 MHz, 3996 MHz, 0 %, 0 MiB
2026/07/30 06:15:16.769, 0, P0, 39, 329.18 W, 1965 MHz, 3996 MHz, 91 %, 164947 MiB
2026/07/30 06:15:16.769, 1, P0, 36, 322.49 W, 1965 MHz, 3996 MHz, 79 %, 165043 MiB
2026/07/30 06:15:16.769, 2, P0, 38, 266.48 W, 1965 MHz, 3996 MHz, 13 %, 165043 MiB
2026/07/30 06:15:16.769, 3, P0, 35, 321.95 W, 1965 MHz, 3996 MHz, 89 %, 164563 MiB
2026/07/30 06:15:16.769, 4, P0, 33, 235.74 W, 1965 MHz, 3996 MHz, 0 %, 0 MiB
2026/07/30 06:15:16.769, 5, P0, 36, 244.20 W, 1965 MHz, 3996 MHz, 0 %, 0 MiB
2026/07/30 06:15:16.769, 6, P0, 33, 242.41 W, 1965 MHz, 3996 MHz, 0 %, 0 MiB
2026/07/30 06:15:16.769, 7, P0, 37, 243.23 W, 1965 MHz, 3996 MHz, 0 %, 0 MiB
2026/07/30 06:15:17.769, 0, P0, 39, 328.53 W, 1965 MHz, 3996 MHz, 85 %, 164947 MiB
2026/07/30 06:15:17.769, 1, P0, 36, 319.39 W, 1965 MHz, 3996 MHz, 64 %, 165043 MiB
2026/07/30 06:15:17.769, 2, P0, 38, 266.80 W, 1965 MHz, 3996 MHz, 14 %, 165043 MiB
2026/07/30 06:15:17.769, 3, P0, 35, 319.41 W, 1965 MHz, 3996 MHz, 79 %, 164563 MiB
2026/07/30 06:15:17.769, 4, P0, 33, 235.80 W, 1965 MHz, 3996 MHz, 0 %, 0 MiB
2026/07/30 06:15:17.770, 5, P0, 36, 244.15 W, 1965 MHz, 3996 MHz, 0 %, 0 MiB
2026/07/30 06:15:17.770, 6, P0, 33, 242.36 W, 1965 MHz, 3996 MHz, 0 %, 0 MiB
2026/07/30 06:15:17.770, 7, P0, 37, 243.26 W, 1965 MHz, 3996 MHz, 0 %, 0 MiB
2026/07/30 06:15:18.770, 0, P0, 40, 424.30 W, 1965 MHz, 3996 MHz, 90 %, 164947 MiB
2026/07/30 06:15:18.770, 1, P0, 37, 425.96 W, 1965 MHz, 3996 MHz, 80 %, 165043 MiB
2026/07/30 06:15:18.770, 2, P0, 39, 373.51 W, 1965 MHz, 3996 MHz, 15 %, 165043 MiB
2026/07/30 06:15:18.770, 3, P0, 37, 420.32 W, 1965 MHz, 3996 MHz, 72 %, 164563 MiB
2026/07/30 06:15:18.770, 4, P0, 33, 235.79 W, 1965 MHz, 3996 MHz, 0 %, 0 MiB
2026/07/30 06:15:18.770, 5, P0, 36, 244.14 W, 1965 MHz, 3996 MHz, 0 %, 0 MiB
2026/07/30 06:15:18.770, 6, P0, 33, 242.33 W, 1965 MHz, 3996 MHz, 0 %, 0 MiB
2026/07/30 06:15:18.770, 7, P0, 37, 243.26 W, 1965 MHz, 3996 MHz, 0 %, 0 MiB
2026/07/30 06:15:19.770, 0, P0, 40, 417.57 W, 1965 MHz, 3996 MHz, 86 %, 164947 MiB
2026/07/30 06:15:19.770, 1, P0, 37, 423.97 W, 1965 MHz, 3996 MHz, 88 %, 165043 MiB
2026/07/30 06:15:19.770, 2, P0, 39, 370.96 W, 1965 MHz, 3996 MHz, 13 %, 165043 MiB
2026/07/30 06:15:19.770, 3, P0, 36, 417.89 W, 1965 MHz, 3996 MHz, 82 %, 164563 MiB
2026/07/30 06:15:19.770, 4, P0, 33, 235.78 W, 1965 MHz, 3996 MHz, 0 %, 0 MiB
2026/07/30 06:15:19.770, 5, P0, 36, 244.20 W, 1965 MHz, 3996 MHz, 0 %, 0 MiB
2026/07/30 06:15:19.770, 6, P0, 33, 242.35 W, 1965 MHz, 3996 MHz, 0 %, 0 MiB
2026/07/30 06:15:19.770, 7, P0, 37, 243.23 W, 1965 MHz, 3996 MHz, 0 %, 0 MiB
2026/07/30 06:15:20.770, 0, P0, 39, 280.78 W, 1965 MHz, 3996 MHz, 89 %, 164947 MiB
2026/07/30 06:15:20.770, 1, P0, 36, 268.78 W, 1965 MHz, 3996 MHz, 88 %, 165043 MiB
2026/07/30 06:15:20.770, 2, P0, 38, 252.44 W, 1965 MHz, 3996 MHz, 13 %, 165043 MiB
2026/07/30 06:15:20.770, 3, P0, 35, 272.23 W, 1965 MHz, 3996 MHz, 88 %, 164563 MiB
2026/07/30 06:15:20.770, 4, P0, 33, 235.74 W, 1965 MHz, 3996 MHz, 0 %, 0 MiB
2026/07/30 06:15:20.770, 5, P0, 36, 244.21 W, 1965 MHz, 3996 MHz, 0 %, 0 MiB
2026/07/30 06:15:20.770, 6, P0, 33, 242.45 W, 1965 MHz, 3996 MHz, 0 %, 0 MiB
2026/07/30 06:15:20.770, 7, P0, 37, 243.30 W, 1965 MHz, 3996 MHz, 0 %, 0 MiB
2026/07/30 06:15:21.771, 0, P0, 39, 330.09 W, 1965 MHz, 3996 MHz, 81 %, 164947 MiB
2026/07/30 06:15:21.771, 1, P0, 36, 326.61 W, 1965 MHz, 3996 MHz, 87 %, 165043 MiB
2026/07/30 06:15:21.771, 2, P0, 38, 265.13 W, 1965 MHz, 3996 MHz, 14 %, 165043 MiB
2026/07/30 06:15:21.771, 3, P0, 35, 320.68 W, 1965 MHz, 3996 MHz, 80 %, 164563 MiB
2026/07/30 06:15:21.771, 4, P0, 33, 235.75 W, 1965 MHz, 3996 MHz, 0 %, 0 MiB
2026/07/30 06:15:21.771, 5, P0, 36, 244.23 W, 1965 MHz, 3996 MHz, 0 %, 0 MiB
2026/07/30 06:15:21.771, 6, P0, 33, 242.29 W, 1965 MHz, 3996 MHz, 0 %, 0 MiB
2026/07/30 06:15:21.771, 7, P0, 37, 243.30 W, 1965 MHz, 3996 MHz, 0 %, 0 MiB
2026/07/30 06:15:22.771, 0, P0, 39, 327.51 W, 1965 MHz, 3996 MHz, 85 %, 164947 MiB
2026/07/30 06:15:22.771, 1, P0, 36, 325.70 W, 1965 MHz, 3996 MHz, 88 %, 165043 MiB
2026/07/30 06:15:22.771, 2, P0, 38, 268.90 W, 1965 MHz, 3996 MHz, 14 %, 165043 MiB
2026/07/30 06:15:22.771, 3, P0, 35, 314.85 W, 1965 MHz, 3996 MHz, 62 %, 164563 MiB
2026/07/30 06:15:22.771, 4, P0, 33, 235.67 W, 1965 MHz, 3996 MHz, 0 %, 0 MiB
2026/07/30 06:15:22.771, 5, P0, 36, 244.25 W, 1965 MHz, 3996 MHz, 0 %, 0 MiB
2026/07/30 06:15:22.771, 6, P0, 33, 242.31 W, 1965 MHz, 3996 MHz, 0 %, 0 MiB
2026/07/30 06:15:22.771, 7, P0, 37, 243.34 W, 1965 MHz, 3996 MHz, 0 %, 0 MiB
2026/07/30 06:15:23.771, 0, P0, 39, 328.18 W, 1965 MHz, 3996 MHz, 86 %, 164947 MiB
2026/07/30 06:15:23.771, 1, P0, 36, 325.52 W, 1965 MHz, 3996 MHz, 86 %, 165043 MiB
2026/07/30 06:15:23.771, 2, P0, 38, 265.59 W, 1965 MHz, 3996 MHz, 14 %, 165043 MiB
2026/07/30 06:15:23.771, 3, P0, 35, 319.60 W, 1965 MHz, 3996 MHz, 82 %, 164563 MiB
2026/07/30 06:15:23.771, 4, P0, 33, 235.75 W, 1965 MHz, 3996 MHz, 0 %, 0 MiB
2026/07/30 06:15:23.771, 5, P0, 36, 244.24 W, 1965 MHz, 3996 MHz, 0 %, 0 MiB
2026/07/30 06:15:23.771, 6, P0, 33, 242.32 W, 1965 MHz, 3996 MHz, 0 %, 0 MiB
2026/07/30 06:15:23.771, 7, P0, 37, 243.33 W, 1965 MHz, 3996 MHz, 0 %, 0 MiB
2026/07/30 06:15:24.771, 0, P0, 39, 328.22 W, 1965 MHz, 3996 MHz, 76 %, 164947 MiB
2026/07/30 06:15:24.771, 1, P0, 36, 324.33 W, 1965 MHz, 3996 MHz, 85 %, 165043 MiB
2026/07/30 06:15:24.771, 2, P0, 38, 265.59 W, 1965 MHz, 3996 MHz, 14 %, 165043 MiB
2026/07/30 06:15:24.771, 3, P0, 35, 317.59 W, 1965 MHz, 3996 MHz, 71 %, 164563 MiB
2026/07/30 06:15:24.771, 4, P0, 33, 235.80 W, 1965 MHz, 3996 MHz, 0 %, 0 MiB
2026/07/30 06:15:24.772, 5, P0, 36, 244.20 W, 1965 MHz, 3996 MHz, 0 %, 0 MiB
2026/07/30 06:15:24.772, 6, P0, 33, 242.32 W, 1965 MHz, 3996 MHz, 0 %, 0 MiB
2026/07/30 06:15:24.772, 7, P0, 37, 243.21 W, 1965 MHz, 3996 MHz, 0 %, 0 MiB
2026/07/30 06:15:25.772, 0, P0, 39, 329.91 W, 1965 MHz, 3996 MHz, 84 %, 164947 MiB
2026/07/30 06:15:25.772, 1, P0, 36, 327.75 W, 1965 MHz, 3996 MHz, 85 %, 165043 MiB
2026/07/30 06:15:25.772, 2, P0, 38, 265.86 W, 1965 MHz, 3996 MHz, 14 %, 165043 MiB
2026/07/30 06:15:25.772, 3, P0, 35, 317.85 W, 1965 MHz, 3996 MHz, 69 %, 164563 MiB
2026/07/30 06:15:25.772, 4, P0, 33, 235.76 W, 1965 MHz, 3996 MHz, 0 %, 0 MiB
2026/07/30 06:15:25.772, 5, P0, 36, 244.15 W, 1965 MHz, 3996 MHz, 0 %, 0 MiB
2026/07/30 06:15:25.772, 6, P0, 33, 242.32 W, 1965 MHz, 3996 MHz, 0 %, 0 MiB
2026/07/30 06:15:25.772, 7, P0, 37, 243.31 W, 1965 MHz, 3996 MHz, 0 %, 0 MiB
2026/07/30 06:15:26.772, 0, P0, 39, 327.49 W, 1965 MHz, 3996 MHz, 81 %, 164947 MiB
2026/07/30 06:15:26.772, 1, P0, 36, 325.96 W, 1965 MHz, 3996 MHz, 87 %, 165043 MiB
2026/07/30 06:15:26.772, 2, P0, 38, 269.02 W, 1965 MHz, 3996 MHz, 21 %, 165043 MiB
2026/07/30 06:15:26.772, 3, P0, 35, 312.90 W, 1965 MHz, 3996 MHz, 55 %, 164563 MiB
2026/07/30 06:15:26.772, 4, P0, 33, 235.67 W, 1965 MHz, 3996 MHz, 0 %, 0 MiB
2026/07/30 06:15:26.772, 5, P0, 36, 244.24 W, 1965 MHz, 3996 MHz, 0 %, 0 MiB
2026/07/30 06:15:26.772, 6, P0, 33, 242.40 W, 1965 MHz, 3996 MHz, 0 %, 0 MiB
2026/07/30 06:15:26.772, 7, P0, 37, 243.31 W, 1965 MHz, 3996 MHz, 0 %, 0 MiB
2026/07/30 06:15:27.772, 0, P0, 39, 323.65 W, 1965 MHz, 3996 MHz, 82 %, 164947 MiB
2026/07/30 06:15:27.772, 1, P0, 36, 324.65 W, 1965 MHz, 3996 MHz, 83 %, 165043 MiB
2026/07/30 06:15:27.772, 2, P0, 38, 272.21 W, 1965 MHz, 3996 MHz, 14 %, 165043 MiB
2026/07/30 06:15:27.772, 3, P0, 35, 312.37 W, 1965 MHz, 3996 MHz, 78 %, 164563 MiB
2026/07/30 06:15:27.772, 4, P0, 33, 235.77 W, 1965 MHz, 3996 MHz, 0 %, 0 MiB
2026/07/30 06:15:27.772, 5, P0, 36, 244.12 W, 1965 MHz, 3996 MHz, 0 %, 0 MiB
2026/07/30 06:15:27.772, 6, P0, 33, 242.40 W, 1965 MHz, 3996 MHz, 0 %, 0 MiB
2026/07/30 06:15:27.772, 7, P0, 37, 243.28 W, 1965 MHz, 3996 MHz, 0 %, 0 MiB
2026/07/30 06:15:28.773, 0, P0, 39, 328.62 W, 1965 MHz, 3996 MHz, 82 %, 164947 MiB
2026/07/30 06:15:28.773, 1, P0, 36, 325.96 W, 1965 MHz, 3996 MHz, 82 %, 165043 MiB
2026/07/30 06:15:28.773, 2, P0, 38, 266.94 W, 1965 MHz, 3996 MHz, 14 %, 165043 MiB
2026/07/30 06:15:28.773, 3, P0, 35, 318.52 W, 1965 MHz, 3996 MHz, 76 %, 164563 MiB
2026/07/30 06:15:28.773, 4, P0, 33, 235.76 W, 1965 MHz, 3996 MHz, 0 %, 0 MiB
2026/07/30 06:15:28.773, 5, P0, 36, 244.14 W, 1965 MHz, 3996 MHz, 0 %, 0 MiB
2026/07/30 06:15:28.773, 6, P0, 33, 242.39 W, 1965 MHz, 3996 MHz, 0 %, 0 MiB
2026/07/30 06:15:28.773, 7, P0, 37, 243.29 W, 1965 MHz, 3996 MHz, 0 %, 0 MiB
2026/07/30 06:15:29.773, 0, P0, 39, 327.23 W, 1965 MHz, 3996 MHz, 86 %, 164947 MiB
2026/07/30 06:15:29.773, 1, P0, 36, 324.63 W, 1965 MHz, 3996 MHz, 82 %, 165043 MiB
2026/07/30 06:15:29.773, 2, P0, 38, 267.58 W, 1965 MHz, 3996 MHz, 14 %, 165043 MiB
2026/07/30 06:15:29.773, 3, P0, 35, 317.71 W, 1965 MHz, 3996 MHz, 75 %, 164563 MiB
2026/07/30 06:15:29.773, 4, P0, 33, 235.74 W, 1965 MHz, 3996 MHz, 0 %, 0 MiB
2026/07/30 06:15:29.773, 5, P0, 36, 244.20 W, 1965 MHz, 3996 MHz, 0 %, 0 MiB
2026/07/30 06:15:29.773, 6, P0, 33, 242.36 W, 1965 MHz, 3996 MHz, 0 %, 0 MiB
2026/07/30 06:15:29.773, 7, P0, 37, 243.37 W, 1965 MHz, 3996 MHz, 0 %, 0 MiB
2026/07/30 06:15:30.773, 0, P0, 39, 330.98 W, 1965 MHz, 3996 MHz, 88 %, 164947 MiB
2026/07/30 06:15:30.773, 1, P0, 36, 322.68 W, 1965 MHz, 3996 MHz, 68 %, 165043 MiB
2026/07/30 06:15:30.773, 2, P0, 38, 266.29 W, 1965 MHz, 3996 MHz, 14 %, 165043 MiB
2026/07/30 06:15:30.773, 3, P0, 35, 323.30 W, 1965 MHz, 3996 MHz, 86 %, 164563 MiB
2026/07/30 06:15:30.773, 4, P0, 33, 235.71 W, 1965 MHz, 3996 MHz, 0 %, 0 MiB
2026/07/30 06:15:30.773, 5, P0, 36, 244.10 W, 1965 MHz, 3996 MHz, 0 %, 0 MiB
2026/07/30 06:15:30.773, 6, P0, 33, 242.40 W, 1965 MHz, 3996 MHz, 0 %, 0 MiB
2026/07/30 06:15:30.773, 7, P0, 37, 243.34 W, 1965 MHz, 3996 MHz, 0 %, 0 MiB
2026/07/30 06:15:31.773, 0, P0, 39, 329.00 W, 1965 MHz, 3996 MHz, 84 %, 164947 MiB
2026/07/30 06:15:31.773, 1, P0, 36, 314.87 W, 1965 MHz, 3996 MHz, 76 %, 165043 MiB
2026/07/30 06:15:31.773, 2, P0, 38, 265.50 W, 1965 MHz, 3996 MHz, 14 %, 165043 MiB
2026/07/30 06:15:31.774, 3, P0, 35, 321.64 W, 1965 MHz, 3996 MHz, 79 %, 164563 MiB
2026/07/30 06:15:31.774, 4, P0, 33, 235.71 W, 1965 MHz, 3996 MHz, 0 %, 0 MiB
2026/07/30 06:15:31.774, 5, P0, 36, 244.07 W, 1965 MHz, 3996 MHz, 0 %, 0 MiB
2026/07/30 06:15:31.774, 6, P0, 33, 242.41 W, 1965 MHz, 3996 MHz, 0 %, 0 MiB
2026/07/30 06:15:31.774, 7, P0, 37, 243.33 W, 1965 MHz, 3996 MHz, 0 %, 0 MiB
2026/07/30 06:15:32.774, 0, P0, 39, 330.92 W, 1965 MHz, 3996 MHz, 86 %, 164947 MiB
2026/07/30 06:15:32.774, 1, P0, 36, 312.10 W, 1965 MHz, 3996 MHz, 70 %, 165043 MiB
2026/07/30 06:15:32.774, 2, P0, 38, 267.84 W, 1965 MHz, 3996 MHz, 14 %, 165043 MiB
2026/07/30 06:15:32.774, 3, P0, 35, 321.21 W, 1965 MHz, 3996 MHz, 87 %, 164563 MiB
2026/07/30 06:15:32.774, 4, P0, 33, 235.69 W, 1965 MHz, 3996 MHz, 0 %, 0 MiB
2026/07/30 06:15:32.774, 5, P0, 36, 244.06 W, 1965 MHz, 3996 MHz, 0 %, 0 MiB
2026/07/30 06:15:32.774, 6, P0, 33, 242.38 W, 1965 MHz, 3996 MHz, 0 %, 0 MiB
2026/07/30 06:15:32.774, 7, P0, 37, 243.27 W, 1965 MHz, 3996 MHz, 0 %, 0 MiB
2026/07/30 06:15:33.774, 0, P0, 51, 713.16 W, 1672 MHz, 3996 MHz, 100 %, 170579 MiB
2026/07/30 06:15:33.774, 1, P0, 47, 674.86 W, 1680 MHz, 3996 MHz, 100 %, 170675 MiB
2026/07/30 06:15:33.774, 2, P0, 50, 643.33 W, 1537 MHz, 3996 MHz, 100 %, 170675 MiB
2026/07/30 06:15:33.774, 3, P0, 46, 671.28 W, 1597 MHz, 3996 MHz, 100 %, 170195 MiB
2026/07/30 06:15:33.774, 4, P0, 33, 235.71 W, 1965 MHz, 3996 MHz, 0 %, 0 MiB
2026/07/30 06:15:33.774, 5, P0, 36, 244.19 W, 1965 MHz, 3996 MHz, 0 %, 0 MiB
2026/07/30 06:15:33.774, 6, P0, 33, 242.36 W, 1965 MHz, 3996 MHz, 0 %, 0 MiB
2026/07/30 06:15:33.774, 7, P0, 37, 243.26 W, 1965 MHz, 3996 MHz, 0 %, 0 MiB
2026/07/30 06:15:34.774, 0, P0, 49, 485.68 W, 1695 MHz, 3996 MHz, 100 %, 170579 MiB
2026/07/30 06:15:34.774, 1, P0, 43, 477.94 W, 1875 MHz, 3996 MHz, 68 %, 170675 MiB
2026/07/30 06:15:34.774, 2, P0, 47, 431.62 W, 1747 MHz, 3996 MHz, 100 %, 170675 MiB
2026/07/30 06:15:34.774, 3, P0, 44, 473.49 W, 1717 MHz, 3996 MHz, 100 %, 170195 MiB
2026/07/30 06:15:34.774, 4, P0, 33, 235.66 W, 1965 MHz, 3996 MHz, 0 %, 0 MiB
2026/07/30 06:15:34.774, 5, P0, 36, 244.15 W, 1965 MHz, 3996 MHz, 0 %, 0 MiB
2026/07/30 06:15:34.774, 6, P0, 33, 242.43 W, 1965 MHz, 3996 MHz, 0 %, 0 MiB
2026/07/30 06:15:34.774, 7, P0, 37, 243.30 W, 1965 MHz, 3996 MHz, 0 %, 0 MiB
2026/07/30 06:15:35.775, 0, P0, 40, 599.03 W, 1965 MHz, 3996 MHz, 0 %, 170579 MiB
2026/07/30 06:15:35.775, 1, P0, 37, 626.70 W, 1965 MHz, 3996 MHz, 36 %, 170675 MiB
2026/07/30 06:15:35.775, 2, P0, 40, 628.63 W, 1965 MHz, 3996 MHz, 0 %, 170675 MiB
2026/07/30 06:15:35.775, 3, P0, 37, 634.65 W, 1965 MHz, 3996 MHz, 0 %, 170195 MiB
2026/07/30 06:15:35.775, 4, P0, 33, 235.74 W, 1965 MHz, 3996 MHz, 0 %, 0 MiB
2026/07/30 06:15:35.775, 5, P0, 36, 244.07 W, 1965 MHz, 3996 MHz, 0 %, 0 MiB
2026/07/30 06:15:35.775, 6, P0, 33, 242.39 W, 1965 MHz, 3996 MHz, 0 %, 0 MiB
2026/07/30 06:15:35.775, 7, P0, 37, 243.35 W, 1965 MHz, 3996 MHz, 0 %, 0 MiB
2026/07/30 06:15:36.775, 0, P0, 47, 372.69 W, 1950 MHz, 3996 MHz, 78 %, 170579 MiB
2026/07/30 06:15:36.775, 1, P0, 37, 315.80 W, 1965 MHz, 3996 MHz, 84 %, 170675 MiB
2026/07/30 06:15:36.775, 2, P0, 39, 300.23 W, 1905 MHz, 3996 MHz, 55 %, 170675 MiB
2026/07/30 06:15:36.775, 3, P0, 36, 324.32 W, 1965 MHz, 3996 MHz, 79 %, 170195 MiB
2026/07/30 06:15:36.775, 4, P0, 33, 235.74 W, 1965 MHz, 3996 MHz, 0 %, 0 MiB
2026/07/30 06:15:36.775, 5, P0, 36, 244.16 W, 1965 MHz, 3996 MHz, 0 %, 0 MiB
2026/07/30 06:15:36.775, 6, P0, 33, 242.41 W, 1965 MHz, 3996 MHz, 0 %, 0 MiB
2026/07/30 06:15:36.775, 7, P0, 37, 243.33 W, 1965 MHz, 3996 MHz, 0 %, 0 MiB
2026/07/30 06:15:37.775, 0, P0, 42, 680.68 W, 1965 MHz, 3996 MHz, 88 %, 170579 MiB
2026/07/30 06:15:37.775, 1, P0, 39, 713.73 W, 1965 MHz, 3996 MHz, 84 %, 170675 MiB
2026/07/30 06:15:37.775, 2, P0, 41, 701.54 W, 1965 MHz, 3996 MHz, 16 %, 170675 MiB
2026/07/30 06:15:37.775, 3, P0, 38, 712.45 W, 1965 MHz, 3996 MHz, 77 %, 170195 MiB
2026/07/30 06:15:37.775, 4, P0, 33, 235.72 W, 1965 MHz, 3996 MHz, 0 %, 0 MiB
2026/07/30 06:15:37.775, 5, P0, 36, 244.23 W, 1965 MHz, 3996 MHz, 0 %, 0 MiB
2026/07/30 06:15:37.775, 6, P0, 33, 242.37 W, 1965 MHz, 3996 MHz, 0 %, 0 MiB
2026/07/30 06:15:37.775, 7, P0, 37, 243.28 W, 1965 MHz, 3996 MHz, 0 %, 0 MiB
2026/07/30 06:15:38.775, 0, P0, 45, 724.54 W, 1920 MHz, 3996 MHz, 87 %, 170579 MiB
2026/07/30 06:15:38.775, 1, P0, 48, 724.14 W, 1485 MHz, 3996 MHz, 100 %, 170675 MiB
2026/07/30 06:15:38.775, 2, P0, 51, 726.18 W, 1552 MHz, 3996 MHz, 64 %, 170675 MiB
2026/07/30 06:15:38.775, 3, P0, 46, 741.94 W, 1627 MHz, 3996 MHz, 88 %, 170195 MiB
2026/07/30 06:15:38.776, 4, P0, 33, 235.78 W, 1965 MHz, 3996 MHz, 0 %, 0 MiB
2026/07/30 06:15:38.776, 5, P0, 36, 244.20 W, 1965 MHz, 3996 MHz, 0 %, 0 MiB
2026/07/30 06:15:38.776, 6, P0, 33, 242.37 W, 1965 MHz, 3996 MHz, 0 %, 0 MiB
2026/07/30 06:15:38.776, 7, P0, 37, 243.30 W, 1965 MHz, 3996 MHz, 0 %, 0 MiB
2026/07/30 06:15:39.776, 0, P0, 40, 287.77 W, 1965 MHz, 3996 MHz, 66 %, 170579 MiB
2026/07/30 06:15:39.776, 1, P0, 36, 266.48 W, 1965 MHz, 3996 MHz, 0 %, 170675 MiB
2026/07/30 06:15:39.776, 2, P0, 40, 262.09 W, 1965 MHz, 3996 MHz, 46 %, 170675 MiB
2026/07/30 06:15:39.776, 3, P0, 36, 276.05 W, 1965 MHz, 3996 MHz, 86 %, 170195 MiB
2026/07/30 06:15:39.776, 4, P0, 33, 235.70 W, 1965 MHz, 3996 MHz, 0 %, 0 MiB
2026/07/30 06:15:39.776, 5, P0, 36, 244.10 W, 1965 MHz, 3996 MHz, 0 %, 0 MiB
2026/07/30 06:15:39.776, 6, P0, 33, 242.40 W, 1965 MHz, 3996 MHz, 0 %, 0 MiB
2026/07/30 06:15:39.776, 7, P0, 37, 243.35 W, 1965 MHz, 3996 MHz, 0 %, 0 MiB
2026/07/30 06:15:40.776, 0, P0, 41, 345.68 W, 1965 MHz, 3996 MHz, 87 %, 170579 MiB
2026/07/30 06:15:40.776, 1, P0, 37, 336.39 W, 1965 MHz, 3996 MHz, 85 %, 170675 MiB
2026/07/30 06:15:40.776, 2, P0, 39, 284.73 W, 1965 MHz, 3996 MHz, 16 %, 170675 MiB
2026/07/30 06:15:40.776, 3, P0, 36, 331.24 W, 1965 MHz, 3996 MHz, 80 %, 170195 MiB
2026/07/30 06:15:40.776, 4, P0, 33, 235.70 W, 1965 MHz, 3996 MHz, 0 %, 0 MiB
2026/07/30 06:15:40.776, 5, P0, 36, 244.20 W, 1965 MHz, 3996 MHz, 0 %, 0 MiB
2026/07/30 06:15:40.776, 6, P0, 33, 242.40 W, 1965 MHz, 3996 MHz, 0 %, 0 MiB
2026/07/30 06:15:40.776, 7, P0, 37, 243.25 W, 1965 MHz, 3996 MHz, 0 %, 0 MiB
2026/07/30 06:15:41.776, 0, P0, 40, 344.11 W, 1965 MHz, 3996 MHz, 80 %, 170579 MiB
2026/07/30 06:15:41.776, 1, P0, 37, 336.21 W, 1965 MHz, 3996 MHz, 58 %, 170675 MiB
2026/07/30 06:15:41.776, 2, P0, 39, 283.98 W, 1965 MHz, 3996 MHz, 16 %, 170675 MiB
2026/07/30 06:15:41.776, 3, P0, 36, 330.98 W, 1965 MHz, 3996 MHz, 71 %, 170195 MiB
2026/07/30 06:15:41.776, 4, P0, 33, 235.70 W, 1965 MHz, 3996 MHz, 0 %, 0 MiB
2026/07/30 06:15:41.776, 5, P0, 36, 244.13 W, 1965 MHz, 3996 MHz, 0 %, 0 MiB
2026/07/30 06:15:41.776, 6, P0, 33, 242.43 W, 1965 MHz, 3996 MHz, 0 %, 0 MiB
2026/07/30 06:15:41.776, 7, P0, 37, 243.25 W, 1965 MHz, 3996 MHz, 0 %, 0 MiB
2026/07/30 06:15:42.777, 0, P0, 49, 448.18 W, 1597 MHz, 3996 MHz, 88 %, 170579 MiB
2026/07/30 06:15:42.777, 1, P0, 41, 398.75 W, 1815 MHz, 3996 MHz, 76 %, 170675 MiB
2026/07/30 06:15:42.777, 2, P0, 46, 357.24 W, 1822 MHz, 3996 MHz, 100 %, 170675 MiB
2026/07/30 06:15:42.777, 3, P0, 42, 396.02 W, 1770 MHz, 3996 MHz, 100 %, 170195 MiB
2026/07/30 06:15:42.777, 4, P0, 33, 235.74 W, 1965 MHz, 3996 MHz, 0 %, 0 MiB
2026/07/30 06:15:42.777, 5, P0, 36, 244.05 W, 1965 MHz, 3996 MHz, 0 %, 0 MiB
2026/07/30 06:15:42.777, 6, P0, 33, 242.37 W, 1965 MHz, 3996 MHz, 0 %, 0 MiB
2026/07/30 06:15:42.777, 7, P0, 37, 243.28 W, 1965 MHz, 3996 MHz, 0 %, 0 MiB
2026/07/30 06:15:43.777, 0, P0, 42, 631.85 W, 1965 MHz, 3996 MHz, 87 %, 170579 MiB
2026/07/30 06:15:43.777, 1, P0, 39, 683.20 W, 1965 MHz, 3996 MHz, 84 %, 170675 MiB
2026/07/30 06:15:43.777, 2, P0, 41, 646.96 W, 1965 MHz, 3996 MHz, 16 %, 170675 MiB
2026/07/30 06:15:43.777, 3, P0, 38, 676.59 W, 1965 MHz, 3996 MHz, 76 %, 170195 MiB
2026/07/30 06:15:43.777, 4, P0, 33, 235.71 W, 1965 MHz, 3996 MHz, 0 %, 0 MiB
2026/07/30 06:15:43.777, 5, P0, 36, 244.18 W, 1965 MHz, 3996 MHz, 0 %, 0 MiB
2026/07/30 06:15:43.777, 6, P0, 33, 242.41 W, 1965 MHz, 3996 MHz, 0 %, 0 MiB
2026/07/30 06:15:43.777, 7, P0, 37, 243.21 W, 1965 MHz, 3996 MHz, 0 %, 0 MiB
2026/07/30 06:15:44.777, 0, P0, 45, 725.46 W, 1965 MHz, 3996 MHz, 84 %, 170579 MiB
2026/07/30 06:15:44.777, 1, P0, 41, 732.38 W, 1665 MHz, 3996 MHz, 100 %, 170675 MiB
2026/07/30 06:15:44.777, 2, P0, 46, 711.77 W, 1920 MHz, 3996 MHz, 17 %, 170675 MiB
2026/07/30 06:15:44.777, 3, P0, 42, 734.58 W, 1942 MHz, 3996 MHz, 71 %, 170195 MiB
2026/07/30 06:15:44.777, 4, P0, 33, 235.74 W, 1965 MHz, 3996 MHz, 0 %, 0 MiB
2026/07/30 06:15:44.777, 5, P0, 36, 244.22 W, 1965 MHz, 3996 MHz, 0 %, 0 MiB
2026/07/30 06:15:44.777, 6, P0, 33, 242.31 W, 1965 MHz, 3996 MHz, 0 %, 0 MiB
2026/07/30 06:15:44.777, 7, P0, 37, 243.21 W, 1965 MHz, 3996 MHz, 0 %, 0 MiB
2026/07/30 06:15:45.777, 0, P0, 40, 268.67 W, 1965 MHz, 3996 MHz, 0 %, 170579 MiB
2026/07/30 06:15:45.777, 1, P0, 36, 268.18 W, 1965 MHz, 3996 MHz, 0 %, 170675 MiB
2026/07/30 06:15:45.777, 2, P0, 39, 251.53 W, 1965 MHz, 3996 MHz, 0 %, 170675 MiB
2026/07/30 06:15:45.777, 3, P0, 35, 263.55 W, 1965 MHz, 3996 MHz, 0 %, 170195 MiB
2026/07/30 06:15:45.778, 4, P0, 33, 235.79 W, 1965 MHz, 3996 MHz, 0 %, 0 MiB
2026/07/30 06:15:45.778, 5, P0, 36, 244.16 W, 1965 MHz, 3996 MHz, 0 %, 0 MiB
2026/07/30 06:15:45.778, 6, P0, 33, 242.40 W, 1965 MHz, 3996 MHz, 0 %, 0 MiB
2026/07/30 06:15:45.778, 7, P0, 37, 243.31 W, 1965 MHz, 3996 MHz, 0 %, 0 MiB
2026/07/30 06:15:46.778, 0, P0, 41, 310.33 W, 1965 MHz, 3996 MHz, 90 %, 170579 MiB
2026/07/30 06:15:46.778, 1, P0, 37, 297.53 W, 1965 MHz, 3996 MHz, 86 %, 170675 MiB
2026/07/30 06:15:46.778, 2, P0, 39, 263.82 W, 1965 MHz, 3996 MHz, 16 %, 170675 MiB
2026/07/30 06:15:46.778, 3, P0, 36, 298.31 W, 1965 MHz, 3996 MHz, 89 %, 170195 MiB
2026/07/30 06:15:46.778, 4, P0, 33, 235.66 W, 1965 MHz, 3996 MHz, 0 %, 0 MiB
2026/07/30 06:15:46.778, 5, P0, 36, 244.24 W, 1965 MHz, 3996 MHz, 0 %, 0 MiB
2026/07/30 06:15:46.778, 6, P0, 33, 242.39 W, 1965 MHz, 3996 MHz, 0 %, 0 MiB
2026/07/30 06:15:46.778, 7, P0, 37, 243.35 W, 1965 MHz, 3996 MHz, 0 %, 0 MiB
2026/07/30 06:15:47.778, 0, P0, 41, 347.32 W, 1965 MHz, 3996 MHz, 86 %, 170579 MiB
2026/07/30 06:15:47.778, 1, P0, 37, 337.06 W, 1965 MHz, 3996 MHz, 81 %, 170675 MiB
2026/07/30 06:15:47.778, 2, P0, 39, 285.12 W, 1965 MHz, 3996 MHz, 16 %, 170675 MiB
2026/07/30 06:15:47.778, 3, P0, 36, 340.17 W, 1965 MHz, 3996 MHz, 88 %, 170195 MiB
2026/07/30 06:15:47.778, 4, P0, 33, 235.74 W, 1965 MHz, 3996 MHz, 0 %, 0 MiB
2026/07/30 06:15:47.778, 5, P0, 36, 244.20 W, 1965 MHz, 3996 MHz, 0 %, 0 MiB
2026/07/30 06:15:47.778, 6, P0, 33, 242.38 W, 1965 MHz, 3996 MHz, 0 %, 0 MiB
2026/07/30 06:15:47.778, 7, P0, 37, 243.32 W, 1965 MHz, 3996 MHz, 0 %, 0 MiB
2026/07/30 06:15:48.778, 0, P0, 41, 346.85 W, 1965 MHz, 3996 MHz, 83 %, 170579 MiB
2026/07/30 06:15:48.778, 1, P0, 37, 340.80 W, 1965 MHz, 3996 MHz, 87 %, 170675 MiB
2026/07/30 06:15:48.778, 2, P0, 39, 287.54 W, 1965 MHz, 3996 MHz, 25 %, 170675 MiB
2026/07/30 06:15:48.778, 3, P0, 36, 339.51 W, 1965 MHz, 3996 MHz, 87 %, 170195 MiB
2026/07/30 06:15:48.778, 4, P0, 33, 235.74 W, 1965 MHz, 3996 MHz, 0 %, 0 MiB
2026/07/30 06:15:48.778, 5, P0, 36, 244.16 W, 1965 MHz, 3996 MHz, 0 %, 0 MiB
2026/07/30 06:15:48.778, 6, P0, 33, 242.36 W, 1965 MHz, 3996 MHz, 0 %, 0 MiB
2026/07/30 06:15:48.778, 7, P0, 37, 243.33 W, 1965 MHz, 3996 MHz, 0 %, 0 MiB
2026/07/30 06:15:49.779, 0, P0, 41, 347.16 W, 1965 MHz, 3996 MHz, 86 %, 170579 MiB
2026/07/30 06:15:49.779, 1, P0, 37, 339.90 W, 1965 MHz, 3996 MHz, 83 %, 170675 MiB
2026/07/30 06:15:49.779, 2, P0, 39, 282.18 W, 1965 MHz, 3996 MHz, 16 %, 170675 MiB
2026/07/30 06:15:49.779, 3, P0, 36, 340.55 W, 1965 MHz, 3996 MHz, 86 %, 170195 MiB
2026/07/30 06:15:49.779, 4, P0, 33, 235.76 W, 1965 MHz, 3996 MHz, 0 %, 0 MiB
2026/07/30 06:15:49.779, 5, P0, 36, 244.15 W, 1965 MHz, 3996 MHz, 0 %, 0 MiB
2026/07/30 06:15:49.779, 6, P0, 33, 242.35 W, 1965 MHz, 3996 MHz, 0 %, 0 MiB
2026/07/30 06:15:49.779, 7, P0, 37, 243.32 W, 1965 MHz, 3996 MHz, 0 %, 0 MiB
2026/07/30 06:15:50.779, 0, P0, 40, 345.31 W, 1965 MHz, 3996 MHz, 82 %, 170579 MiB
2026/07/30 06:15:50.779, 1, P0, 37, 339.69 W, 1965 MHz, 3996 MHz, 78 %, 170675 MiB
2026/07/30 06:15:50.779, 2, P0, 39, 283.93 W, 1965 MHz, 3996 MHz, 16 %, 170675 MiB
2026/07/30 06:15:50.779, 3, P0, 36, 338.93 W, 1965 MHz, 3996 MHz, 88 %, 170195 MiB
2026/07/30 06:15:50.779, 4, P0, 33, 235.76 W, 1965 MHz, 3996 MHz, 0 %, 0 MiB
2026/07/30 06:15:50.779, 5, P0, 36, 244.22 W, 1965 MHz, 3996 MHz, 0 %, 0 MiB
2026/07/30 06:15:50.779, 6, P0, 33, 242.32 W, 1965 MHz, 3996 MHz, 0 %, 0 MiB
2026/07/30 06:15:50.779, 7, P0, 37, 243.34 W, 1965 MHz, 3996 MHz, 0 %, 0 MiB
2026/07/30 06:15:51.779, 0, P0, 40, 342.48 W, 1965 MHz, 3996 MHz, 85 %, 170579 MiB
2026/07/30 06:15:51.779, 1, P0, 37, 338.95 W, 1965 MHz, 3996 MHz, 83 %, 170675 MiB
2026/07/30 06:15:51.779, 2, P0, 39, 286.32 W, 1965 MHz, 3996 MHz, 16 %, 170675 MiB
2026/07/30 06:15:51.779, 3, P0, 36, 338.77 W, 1965 MHz, 3996 MHz, 88 %, 170195 MiB
2026/07/30 06:15:51.779, 4, P0, 33, 235.70 W, 1965 MHz, 3996 MHz, 0 %, 0 MiB
2026/07/30 06:15:51.779, 5, P0, 36, 244.19 W, 1965 MHz, 3996 MHz, 0 %, 0 MiB
2026/07/30 06:15:51.779, 6, P0, 33, 242.39 W, 1965 MHz, 3996 MHz, 0 %, 0 MiB
2026/07/30 06:15:51.779, 7, P0, 37, 243.33 W, 1965 MHz, 3996 MHz, 0 %, 0 MiB
2026/07/30 06:15:52.779, 0, P0, 40, 344.93 W, 1965 MHz, 3996 MHz, 88 %, 170579 MiB
2026/07/30 06:15:52.779, 1, P0, 37, 339.03 W, 1965 MHz, 3996 MHz, 81 %, 170675 MiB
2026/07/30 06:15:52.779, 2, P0, 39, 283.36 W, 1965 MHz, 3996 MHz, 16 %, 170675 MiB
2026/07/30 06:15:52.779, 3, P0, 36, 340.60 W, 1965 MHz, 3996 MHz, 88 %, 170195 MiB
2026/07/30 06:15:52.780, 4, P0, 33, 235.73 W, 1965 MHz, 3996 MHz, 0 %, 0 MiB
2026/07/30 06:15:52.780, 5, P0, 36, 244.17 W, 1965 MHz, 3996 MHz, 0 %, 0 MiB
2026/07/30 06:15:52.780, 6, P0, 33, 242.40 W, 1965 MHz, 3996 MHz, 0 %, 0 MiB
2026/07/30 06:15:52.780, 7, P0, 37, 243.32 W, 1965 MHz, 3996 MHz, 0 %, 0 MiB
2026/07/30 06:15:53.780, 0, P0, 40, 346.85 W, 1965 MHz, 3996 MHz, 88 %, 170579 MiB
2026/07/30 06:15:53.780, 1, P0, 37, 340.18 W, 1965 MHz, 3996 MHz, 82 %, 170675 MiB
2026/07/30 06:15:53.780, 2, P0, 39, 283.25 W, 1965 MHz, 3996 MHz, 16 %, 170675 MiB
2026/07/30 06:15:53.780, 3, P0, 36, 340.83 W, 1965 MHz, 3996 MHz, 88 %, 170195 MiB
2026/07/30 06:15:53.780, 4, P0, 33, 235.70 W, 1965 MHz, 3996 MHz, 0 %, 0 MiB
2026/07/30 06:15:53.780, 5, P0, 36, 244.18 W, 1965 MHz, 3996 MHz, 0 %, 0 MiB
2026/07/30 06:15:53.780, 6, P0, 33, 242.36 W, 1965 MHz, 3996 MHz, 0 %, 0 MiB
2026/07/30 06:15:53.780, 7, P0, 37, 243.35 W, 1965 MHz, 3996 MHz, 0 %, 0 MiB
2026/07/30 06:15:54.780, 0, P0, 40, 345.85 W, 1965 MHz, 3996 MHz, 89 %, 170579 MiB
2026/07/30 06:15:54.780, 1, P0, 36, 339.91 W, 1965 MHz, 3996 MHz, 83 %, 170675 MiB
2026/07/30 06:15:54.780, 2, P0, 39, 284.41 W, 1965 MHz, 3996 MHz, 16 %, 170675 MiB
2026/07/30 06:15:54.780, 3, P0, 36, 340.63 W, 1965 MHz, 3996 MHz, 90 %, 170195 MiB
2026/07/30 06:15:54.780, 4, P0, 33, 235.70 W, 1965 MHz, 3996 MHz, 0 %, 0 MiB
2026/07/30 06:15:54.780, 5, P0, 36, 244.21 W, 1965 MHz, 3996 MHz, 0 %, 0 MiB
2026/07/30 06:15:54.780, 6, P0, 33, 242.40 W, 1965 MHz, 3996 MHz, 0 %, 0 MiB
2026/07/30 06:15:54.780, 7, P0, 37, 243.27 W, 1965 MHz, 3996 MHz, 0 %, 0 MiB
2026/07/30 06:15:55.780, 0, P0, 40, 349.99 W, 1965 MHz, 3996 MHz, 84 %, 170579 MiB
2026/07/30 06:15:55.780, 1, P0, 37, 343.29 W, 1965 MHz, 3996 MHz, 79 %, 170675 MiB
2026/07/30 06:15:55.780, 2, P0, 39, 285.40 W, 1965 MHz, 3996 MHz, 16 %, 170675 MiB
2026/07/30 06:15:55.780, 3, P0, 36, 342.46 W, 1965 MHz, 3996 MHz, 89 %, 170195 MiB
2026/07/30 06:15:55.780, 4, P0, 33, 235.71 W, 1965 MHz, 3996 MHz, 0 %, 0 MiB
2026/07/30 06:15:55.780, 5, P0, 36, 244.19 W, 1965 MHz, 3996 MHz, 0 %, 0 MiB
2026/07/30 06:15:55.780, 6, P0, 33, 242.41 W, 1965 MHz, 3996 MHz, 0 %, 0 MiB
2026/07/30 06:15:55.780, 7, P0, 37, 243.31 W, 1965 MHz, 3996 MHz, 0 %, 0 MiB
2026/07/30 06:15:56.781, 0, P0, 40, 346.24 W, 1965 MHz, 3996 MHz, 86 %, 170579 MiB
2026/07/30 06:15:56.781, 1, P0, 36, 341.74 W, 1965 MHz, 3996 MHz, 79 %, 170675 MiB
2026/07/30 06:15:56.781, 2, P0, 39, 283.86 W, 1965 MHz, 3996 MHz, 16 %, 170675 MiB
2026/07/30 06:15:56.781, 3, P0, 36, 341.49 W, 1965 MHz, 3996 MHz, 88 %, 170195 MiB
2026/07/30 06:15:56.781, 4, P0, 33, 235.68 W, 1965 MHz, 3996 MHz, 0 %, 0 MiB
2026/07/30 06:15:56.781, 5, P0, 36, 244.18 W, 1965 MHz, 3996 MHz, 0 %, 0 MiB
2026/07/30 06:15:56.781, 6, P0, 33, 242.40 W, 1965 MHz, 3996 MHz, 0 %, 0 MiB
2026/07/30 06:15:56.781, 7, P0, 37, 243.28 W, 1965 MHz, 3996 MHz, 0 %, 0 MiB
2026/07/30 06:15:57.781, 0, P0, 40, 348.26 W, 1965 MHz, 3996 MHz, 90 %, 170579 MiB
2026/07/30 06:15:57.781, 1, P0, 36, 341.96 W, 1965 MHz, 3996 MHz, 85 %, 170675 MiB
2026/07/30 06:15:57.781, 2, P0, 39, 285.65 W, 1965 MHz, 3996 MHz, 16 %, 170675 MiB
2026/07/30 06:15:57.781, 3, P0, 36, 341.82 W, 1965 MHz, 3996 MHz, 89 %, 170195 MiB
2026/07/30 06:15:57.781, 4, P0, 33, 235.75 W, 1965 MHz, 3996 MHz, 0 %, 0 MiB
2026/07/30 06:15:57.781, 5, P0, 36, 244.18 W, 1965 MHz, 3996 MHz, 0 %, 0 MiB
2026/07/30 06:15:57.781, 6, P0, 33, 242.40 W, 1965 MHz, 3996 MHz, 0 %, 0 MiB
2026/07/30 06:15:57.781, 7, P0, 37, 243.34 W, 1965 MHz, 3996 MHz, 0 %, 0 MiB
2026/07/30 06:15:58.781, 0, P0, 40, 346.13 W, 1965 MHz, 3996 MHz, 89 %, 170579 MiB
2026/07/30 06:15:58.781, 1, P0, 36, 336.58 W, 1965 MHz, 3996 MHz, 84 %, 170675 MiB
2026/07/30 06:15:58.781, 2, P0, 39, 286.71 W, 1965 MHz, 3996 MHz, 16 %, 170675 MiB
2026/07/30 06:15:58.781, 3, P0, 36, 340.78 W, 1965 MHz, 3996 MHz, 88 %, 170195 MiB
2026/07/30 06:15:58.781, 4, P0, 33, 235.76 W, 1965 MHz, 3996 MHz, 0 %, 0 MiB
2026/07/30 06:15:58.781, 5, P0, 36, 244.18 W, 1965 MHz, 3996 MHz, 0 %, 0 MiB
2026/07/30 06:15:58.781, 6, P0, 33, 242.42 W, 1965 MHz, 3996 MHz, 0 %, 0 MiB
2026/07/30 06:15:58.781, 7, P0, 37, 243.29 W, 1965 MHz, 3996 MHz, 0 %, 0 MiB
2026/07/30 06:15:59.781, 0, P0, 39, 277.71 W, 1965 MHz, 3996 MHz, 0 %, 169379 MiB
2026/07/30 06:15:59.781, 1, P0, 35, 278.93 W, 1965 MHz, 3996 MHz, 0 %, 169443 MiB
2026/07/30 06:15:59.781, 2, P0, 38, 254.81 W, 1965 MHz, 3996 MHz, 0 %, 169443 MiB
2026/07/30 06:15:59.781, 3, P0, 34, 275.19 W, 1965 MHz, 3996 MHz, 0 %, 169123 MiB
2026/07/30 06:15:59.781, 4, P0, 33, 235.72 W, 1965 MHz, 3996 MHz, 0 %, 0 MiB
2026/07/30 06:15:59.782, 5, P0, 36, 244.15 W, 1965 MHz, 3996 MHz, 0 %, 0 MiB
2026/07/30 06:15:59.782, 6, P0, 33, 242.43 W, 1965 MHz, 3996 MHz, 0 %, 0 MiB
2026/07/30 06:15:59.782, 7, P0, 37, 243.34 W, 1965 MHz, 3996 MHz, 0 %, 0 MiB
2026/07/30 06:16:00.782, 0, P0, 38, 245.95 W, 1965 MHz, 3996 MHz, 0 %, 168691 MiB
2026/07/30 06:16:00.782, 1, P0, 35, 241.95 W, 1965 MHz, 3996 MHz, 0 %, 168723 MiB
2026/07/30 06:16:00.782, 2, P0, 38, 238.53 W, 1965 MHz, 3996 MHz, 0 %, 168723 MiB
2026/07/30 06:16:00.782, 3, P0, 34, 240.79 W, 1965 MHz, 3996 MHz, 0 %, 168563 MiB
2026/07/30 06:16:00.782, 4, P0, 33, 235.62 W, 1965 MHz, 3996 MHz, 0 %, 0 MiB
2026/07/30 06:16:00.782, 5, P0, 36, 244.21 W, 1965 MHz, 3996 MHz, 0 %, 0 MiB
2026/07/30 06:16:00.782, 6, P0, 33, 242.49 W, 1965 MHz, 3996 MHz, 0 %, 0 MiB
2026/07/30 06:16:00.782, 7, P0, 37, 243.33 W, 1965 MHz, 3996 MHz, 0 %, 0 MiB
2026/07/30 06:16:01.782, 0, P0, 38, 245.92 W, 1965 MHz, 3996 MHz, 0 %, 168653 MiB
2026/07/30 06:16:01.782, 1, P0, 34, 241.79 W, 1965 MHz, 3996 MHz, 0 %, 168685 MiB
2026/07/30 06:16:01.782, 2, P0, 38, 238.32 W, 1965 MHz, 3996 MHz, 0 %, 168685 MiB
2026/07/30 06:16:01.782, 3, P0, 34, 240.51 W, 1965 MHz, 3996 MHz, 0 %, 168525 MiB
2026/07/30 06:16:01.782, 4, P0, 33, 235.68 W, 1965 MHz, 3996 MHz, 0 %, 0 MiB
2026/07/30 06:16:01.782, 5, P0, 36, 244.21 W, 1965 MHz, 3996 MHz, 0 %, 0 MiB
2026/07/30 06:16:01.782, 6, P0, 33, 242.44 W, 1965 MHz, 3996 MHz, 0 %, 0 MiB
2026/07/30 06:16:01.782, 7, P0, 37, 243.33 W, 1965 MHz, 3996 MHz, 0 %, 0 MiB
2026/07/30 06:16:02.782, 0, P0, 38, 245.76 W, 1965 MHz, 3996 MHz, 0 %, 168651 MiB
2026/07/30 06:16:02.884, 1, P0, 34, 241.76 W, 1965 MHz, 3996 MHz, 0 %, 168683 MiB
2026/07/30 06:16:02.894, 2, P0, 38, 238.40 W, 1965 MHz, 3996 MHz, 0 %, 168683 MiB
2026/07/30 06:16:02.899, 3, P0, 34, 248.76 W, 1965 MHz, 3996 MHz, 11 %, 606 MiB
2026/07/30 06:16:02.904, 4, P0, 33, 235.73 W, 1965 MHz, 3996 MHz, 0 %, 0 MiB
2026/07/30 06:16:02.909, 5, P0, 36, 244.23 W, 1965 MHz, 3996 MHz, 0 %, 0 MiB
2026/07/30 06:16:02.914, 6, P0, 33, 242.43 W, 1965 MHz, 3996 MHz, 0 %, 0 MiB
2026/07/30 06:16:02.914, 7, P0, 37, 243.33 W, 1965 MHz, 3996 MHz, 0 %, 0 MiB
2026/07/30 06:16:03.919, 0, P0, 38, 253.96 W, 1965 MHz, 3996 MHz, 0 %, 4 MiB
2026/07/30 06:16:04.022, 1, P0, 34, 249.55 W, 1965 MHz, 3996 MHz, 0 %, 4 MiB
2026/07/30 06:16:04.022, 2, P0, 38, 246.52 W, 1965 MHz, 3996 MHz, 40 %, 4 MiB
2026/07/30 06:16:04.028, 3, P0, 34, 240.46 W, 1965 MHz, 3996 MHz, 0 %, 4 MiB
2026/07/30 06:16:04.028, 4, P0, 33, 235.69 W, 1965 MHz, 3996 MHz, 0 %, 0 MiB
2026/07/30 06:16:04.028, 5, P0, 36, 244.16 W, 1965 MHz, 3996 MHz, 0 %, 0 MiB
2026/07/30 06:16:04.028, 6, P0, 33, 242.48 W, 1965 MHz, 3996 MHz, 0 %, 0 MiB
2026/07/30 06:16:04.028, 7, P0, 37, 243.37 W, 1965 MHz, 3996 MHz, 0 %, 0 MiB
2026/07/30 06:16:05.028, 0, P0, 38, 245.34 W, 1965 MHz, 3996 MHz, 0 %, 4 MiB
2026/07/30 06:16:05.028, 1, P0, 34, 241.61 W, 1965 MHz, 3996 MHz, 0 %, 4 MiB
2026/07/30 06:16:05.028, 2, P0, 38, 238.30 W, 1965 MHz, 3996 MHz, 0 %, 4 MiB
2026/07/30 06:16:05.028, 3, P0, 33, 240.46 W, 1965 MHz, 3996 MHz, 0 %, 4 MiB
2026/07/30 06:16:05.028, 4, P0, 33, 235.73 W, 1965 MHz, 3996 MHz, 0 %, 0 MiB
2026/07/30 06:16:05.028, 5, P0, 36, 244.16 W, 1965 MHz, 3996 MHz, 0 %, 0 MiB
2026/07/30 06:16:05.028, 6, P0, 33, 242.46 W, 1965 MHz, 3996 MHz, 0 %, 0 MiB
2026/07/30 06:16:05.028, 7, P0, 37, 243.31 W, 1965 MHz, 3996 MHz, 0 %, 0 MiB
