{
  "schema_version": "phase14f-support-inventory-v1",
  "source": "/sgl-workspace/sglang-src/experiment-results/phase14c/extended_dataset_analysis/aggregated_configurations.csv",
  "source_configurations": 162,
  "total_supports": 105,
  "supports": {
    "tp2:all_reduce": [
      4096,
      8192,
      12288,
      16384,
      20480,
      24576,
      32768,
      40960,
      49152,
      65536,
      131072,
      4190208,
      4194304,
      8380416,
      8388608,
      16760832,
      16773120,
      16777216,
      33521664,
      33546240,
      33554432,
      67092480,
      67108864,
      134184960,
      134217728
    ],
    "tp2:fused_allreduce_residual_rmsnorm": [
      4096,
      8192,
      12288,
      16384,
      20480,
      24576,
      32768,
      65536,
      4190208,
      4194304
    ],
    "tp4:all_reduce": [
      4096,
      8192,
      12288,
      16384,
      20480,
      24576,
      32768,
      40960,
      49152,
      65536,
      131072,
      4190208,
      4194304,
      8380416,
      8388608,
      16760832,
      16773120,
      16777216,
      33521664,
      33546240,
      33554432,
      67092480,
      67108864,
      134184960,
      134217728
    ],
    "tp4:fused_allreduce_residual_rmsnorm": [
      4096,
      8192,
      12288,
      16384,
      20480,
      24576,
      32768,
      65536,
      4190208,
      4194304
    ],
    "tp8:all_reduce": [
      4096,
      8192,
      12288,
      16384,
      20480,
      24576,
      32768,
      40960,
      49152,
      65536,
      131072,
      4190208,
      4194304,
      8380416,
      8388608,
      16760832,
      16773120,
      16777216,
      33521664,
      33546240,
      33554432,
      67092480,
      67108864,
      134184960,
      134217728
    ],
    "tp8:fused_allreduce_residual_rmsnorm": [
      4096,
      8192,
      12288,
      16384,
      20480,
      24576,
      32768,
      65536,
      4190208,
      4194304
    ]
  }
}
start TP=2 op=all_reduce repeat=0 attempt=1
W0806 06:22:24.754000 1398048 torch/distributed/run.py:851] 
W0806 06:22:24.754000 1398048 torch/distributed/run.py:851] *****************************************
W0806 06:22:24.754000 1398048 torch/distributed/run.py:851] Setting OMP_NUM_THREADS environment variable for each process to be 1 in default, to avoid your system being overloaded, please further tune the variable for optimal performance in your application as needed. 
W0806 06:22:24.754000 1398048 torch/distributed/run.py:851] *****************************************
repeat=0 tp=2 op=all_reduce payload=4096 proxy=sglang_custom:one_shot_push observed=sglang_custom:all_reduce_one_shot_push completion_median=7.984 us
repeat=0 tp=2 op=all_reduce payload=8192 proxy=sglang_custom:one_shot_push observed=sglang_custom:all_reduce_one_shot_push completion_median=8.272 us
repeat=0 tp=2 op=all_reduce payload=12288 proxy=sglang_custom:one_shot_push observed=sglang_custom:all_reduce_one_shot_push completion_median=8.480 us
repeat=0 tp=2 op=all_reduce payload=16384 proxy=sglang_custom:one_shot_push observed=sglang_custom:all_reduce_one_shot_push completion_median=8.385 us
repeat=0 tp=2 op=all_reduce payload=20480 proxy=sglang_custom:one_shot_push observed=sglang_custom:all_reduce_one_shot_push completion_median=7.584 us
repeat=0 tp=2 op=all_reduce payload=24576 proxy=sglang_custom:one_shot_push observed=sglang_custom:all_reduce_one_shot_push completion_median=8.432 us
repeat=0 tp=2 op=all_reduce payload=32768 proxy=sglang_custom:one_shot_push observed=sglang_custom:all_reduce_one_shot_push completion_median=8.240 us
repeat=0 tp=2 op=all_reduce payload=40960 proxy=sglang_custom:one_shot_push observed=sglang_custom:all_reduce_one_shot_push completion_median=8.016 us
repeat=0 tp=2 op=all_reduce payload=49152 proxy=sglang_custom:one_shot_push observed=sglang_custom:all_reduce_one_shot_push completion_median=8.913 us
repeat=0 tp=2 op=all_reduce payload=65536 proxy=sglang_custom:one_shot_push observed=sglang_custom:all_reduce_one_shot_push completion_median=9.280 us
repeat=0 tp=2 op=all_reduce payload=131072 proxy=sglang_custom:one_shot_push observed=sglang_custom:all_reduce_one_shot_push completion_median=10.560 us
repeat=0 tp=2 op=all_reduce payload=4190208 proxy=sglang_custom:one_shot_push observed=sglang_custom:all_reduce_one_shot_push completion_median=19.136 us
repeat=0 tp=2 op=all_reduce payload=4194304 proxy=sglang_custom:one_shot_push observed=sglang_custom:all_reduce_one_shot_push completion_median=19.487 us
repeat=0 tp=2 op=all_reduce payload=8380416 proxy=sglang_custom:one_shot_pull observed=sglang_custom:all_reduce_one_shot completion_median=26.096 us
repeat=0 tp=2 op=all_reduce payload=8388608 proxy=sglang_custom:one_shot_pull observed=sglang_custom:all_reduce_one_shot completion_median=26.096 us
repeat=0 tp=2 op=all_reduce payload=16760832 proxy=sglang_custom:one_shot_pull observed=sglang_custom:all_reduce_one_shot completion_median=40.287 us
repeat=0 tp=2 op=all_reduce payload=16773120 proxy=sglang_custom:one_shot_pull observed=sglang_custom:all_reduce_one_shot completion_median=40.976 us
repeat=0 tp=2 op=all_reduce payload=16777216 proxy=sglang_custom:one_shot_pull observed=sglang_custom:all_reduce_one_shot completion_median=40.272 us
repeat=0 tp=2 op=all_reduce payload=33521664 proxy=nccl:all_reduce observed=nccl:all_reduce completion_median=83.727 us
repeat=0 tp=2 op=all_reduce payload=33546240 proxy=nccl:all_reduce observed=nccl:all_reduce completion_median=83.616 us
repeat=0 tp=2 op=all_reduce payload=33554432 proxy=nccl:all_reduce observed=nccl:all_reduce completion_median=84.336 us
repeat=0 tp=2 op=all_reduce payload=67092480 proxy=nccl:all_reduce observed=nccl:all_reduce completion_median=149.279 us
repeat=0 tp=2 op=all_reduce payload=67108864 proxy=nccl:all_reduce observed=nccl:all_reduce completion_median=149.247 us
repeat=0 tp=2 op=all_reduce payload=134184960 proxy=nccl:all_reduce observed=nccl:all_reduce completion_median=278.335 us
repeat=0 tp=2 op=all_reduce payload=134217728 proxy=nccl:all_reduce observed=nccl:all_reduce completion_median=278.590 us
complete TP=2 op=all_reduce repeat=0
start TP=2 op=fused_allreduce_residual_rmsnorm repeat=0 attempt=1
W0806 06:22:41.404000 1398262 torch/distributed/run.py:851] 
W0806 06:22:41.404000 1398262 torch/distributed/run.py:851] *****************************************
W0806 06:22:41.404000 1398262 torch/distributed/run.py:851] Setting OMP_NUM_THREADS environment variable for each process to be 1 in default, to avoid your system being overloaded, please further tune the variable for optimal performance in your application as needed. 
W0806 06:22:41.404000 1398262 torch/distributed/run.py:851] *****************************************
/usr/local/lib/python3.12/dist-packages/torch/distributed/c10d_logger.py:83: UserWarning: barrier(): using the device under current context. You can specify `device_id` in `init_process_group` to mute this warning.
  return func(*args, **kwargs)
[rank0]:[W806 06:22:52.790588436 ProcessGroupNCCL.cpp:5188] Guessing device ID based on global rank. This can cause a hang if rank to GPU mapping is heterogeneous. You can specify device_id in init_process_group()
repeat=0 tp=2 op=fused_allreduce_residual_rmsnorm payload=4096 proxy=flashinfer_mnnvl:auto_one_or_two_shot observed=flashinfer_mnnvl:fused_allreduce_residual_rmsnorm completion_median=8.960 us
repeat=0 tp=2 op=fused_allreduce_residual_rmsnorm payload=8192 proxy=flashinfer_mnnvl:auto_one_or_two_shot observed=flashinfer_mnnvl:fused_allreduce_residual_rmsnorm completion_median=8.320 us
repeat=0 tp=2 op=fused_allreduce_residual_rmsnorm payload=12288 proxy=flashinfer_mnnvl:auto_one_or_two_shot observed=flashinfer_mnnvl:fused_allreduce_residual_rmsnorm completion_median=7.952 us
repeat=0 tp=2 op=fused_allreduce_residual_rmsnorm payload=16384 proxy=flashinfer_mnnvl:auto_one_or_two_shot observed=flashinfer_mnnvl:fused_allreduce_residual_rmsnorm completion_median=7.872 us
repeat=0 tp=2 op=fused_allreduce_residual_rmsnorm payload=20480 proxy=flashinfer_mnnvl:auto_one_or_two_shot observed=flashinfer_mnnvl:fused_allreduce_residual_rmsnorm completion_median=8.176 us
repeat=0 tp=2 op=fused_allreduce_residual_rmsnorm payload=24576 proxy=flashinfer_mnnvl:auto_one_or_two_shot observed=flashinfer_mnnvl:fused_allreduce_residual_rmsnorm completion_median=8.256 us
repeat=0 tp=2 op=fused_allreduce_residual_rmsnorm payload=32768 proxy=flashinfer_mnnvl:auto_one_or_two_shot observed=flashinfer_mnnvl:fused_allreduce_residual_rmsnorm completion_median=8.896 us
repeat=0 tp=2 op=fused_allreduce_residual_rmsnorm payload=65536 proxy=flashinfer_mnnvl:auto_one_or_two_shot observed=flashinfer_mnnvl:fused_allreduce_residual_rmsnorm completion_median=8.912 us
repeat=0 tp=2 op=fused_allreduce_residual_rmsnorm payload=4190208 proxy=flashinfer_mnnvl:auto_one_or_two_shot observed=flashinfer_mnnvl:fused_allreduce_residual_rmsnorm_twoshot completion_median=15.888 us
repeat=0 tp=2 op=fused_allreduce_residual_rmsnorm payload=4194304 proxy=flashinfer_mnnvl:auto_one_or_two_shot observed=flashinfer_mnnvl:fused_allreduce_residual_rmsnorm_twoshot completion_median=15.824 us
complete TP=2 op=fused_allreduce_residual_rmsnorm repeat=0
start TP=2 op=all_reduce repeat=1 attempt=1
W0806 06:22:57.051000 1398449 torch/distributed/run.py:851] 
W0806 06:22:57.051000 1398449 torch/distributed/run.py:851] *****************************************
W0806 06:22:57.051000 1398449 torch/distributed/run.py:851] Setting OMP_NUM_THREADS environment variable for each process to be 1 in default, to avoid your system being overloaded, please further tune the variable for optimal performance in your application as needed. 
W0806 06:22:57.051000 1398449 torch/distributed/run.py:851] *****************************************
repeat=1 tp=2 op=all_reduce payload=4096 proxy=sglang_custom:one_shot_push observed=sglang_custom:all_reduce_one_shot_push completion_median=7.312 us
repeat=1 tp=2 op=all_reduce payload=8192 proxy=sglang_custom:one_shot_push observed=sglang_custom:all_reduce_one_shot_push completion_median=7.328 us
repeat=1 tp=2 op=all_reduce payload=12288 proxy=sglang_custom:one_shot_push observed=sglang_custom:all_reduce_one_shot_push completion_median=7.456 us
repeat=1 tp=2 op=all_reduce payload=16384 proxy=sglang_custom:one_shot_push observed=sglang_custom:all_reduce_one_shot_push completion_median=7.376 us
repeat=1 tp=2 op=all_reduce payload=20480 proxy=sglang_custom:one_shot_push observed=sglang_custom:all_reduce_one_shot_push completion_median=7.665 us
repeat=1 tp=2 op=all_reduce payload=24576 proxy=sglang_custom:one_shot_push observed=sglang_custom:all_reduce_one_shot_push completion_median=7.760 us
repeat=1 tp=2 op=all_reduce payload=32768 proxy=sglang_custom:one_shot_push observed=sglang_custom:all_reduce_one_shot_push completion_median=8.225 us
repeat=1 tp=2 op=all_reduce payload=40960 proxy=sglang_custom:one_shot_push observed=sglang_custom:all_reduce_one_shot_push completion_median=8.144 us
repeat=1 tp=2 op=all_reduce payload=49152 proxy=sglang_custom:one_shot_push observed=sglang_custom:all_reduce_one_shot_push completion_median=7.936 us
repeat=1 tp=2 op=all_reduce payload=65536 proxy=sglang_custom:one_shot_push observed=sglang_custom:all_reduce_one_shot_push completion_median=8.144 us
repeat=1 tp=2 op=all_reduce payload=131072 proxy=sglang_custom:one_shot_push observed=sglang_custom:all_reduce_one_shot_push completion_median=8.976 us
repeat=1 tp=2 op=all_reduce payload=4190208 proxy=sglang_custom:one_shot_push observed=sglang_custom:all_reduce_one_shot_push completion_median=16.832 us
repeat=1 tp=2 op=all_reduce payload=4194304 proxy=sglang_custom:one_shot_push observed=sglang_custom:all_reduce_one_shot_push completion_median=17.008 us
repeat=1 tp=2 op=all_reduce payload=8380416 proxy=sglang_custom:one_shot_pull observed=sglang_custom:all_reduce_one_shot completion_median=24.160 us
repeat=1 tp=2 op=all_reduce payload=8388608 proxy=sglang_custom:one_shot_pull observed=sglang_custom:all_reduce_one_shot completion_median=24.256 us
repeat=1 tp=2 op=all_reduce payload=16760832 proxy=sglang_custom:one_shot_pull observed=sglang_custom:all_reduce_one_shot completion_median=38.400 us
repeat=1 tp=2 op=all_reduce payload=16773120 proxy=sglang_custom:one_shot_pull observed=sglang_custom:all_reduce_one_shot completion_median=38.751 us
repeat=1 tp=2 op=all_reduce payload=16777216 proxy=sglang_custom:one_shot_pull observed=sglang_custom:all_reduce_one_shot completion_median=38.383 us
repeat=1 tp=2 op=all_reduce payload=33521664 proxy=nccl:all_reduce observed=nccl:all_reduce completion_median=82.543 us
repeat=1 tp=2 op=all_reduce payload=33546240 proxy=nccl:all_reduce observed=nccl:all_reduce completion_median=82.912 us
repeat=1 tp=2 op=all_reduce payload=33554432 proxy=nccl:all_reduce observed=nccl:all_reduce completion_median=82.272 us
repeat=1 tp=2 op=all_reduce payload=67092480 proxy=nccl:all_reduce observed=nccl:all_reduce completion_median=149.439 us
repeat=1 tp=2 op=all_reduce payload=67108864 proxy=nccl:all_reduce observed=nccl:all_reduce completion_median=149.839 us
repeat=1 tp=2 op=all_reduce payload=134184960 proxy=nccl:all_reduce observed=nccl:all_reduce completion_median=278.175 us
repeat=1 tp=2 op=all_reduce payload=134217728 proxy=nccl:all_reduce observed=nccl:all_reduce completion_median=277.022 us
complete TP=2 op=all_reduce repeat=1
start TP=2 op=fused_allreduce_residual_rmsnorm repeat=1 attempt=1
W0806 06:23:14.103000 1398664 torch/distributed/run.py:851] 
W0806 06:23:14.103000 1398664 torch/distributed/run.py:851] *****************************************
W0806 06:23:14.103000 1398664 torch/distributed/run.py:851] Setting OMP_NUM_THREADS environment variable for each process to be 1 in default, to avoid your system being overloaded, please further tune the variable for optimal performance in your application as needed. 
W0806 06:23:14.103000 1398664 torch/distributed/run.py:851] *****************************************
/usr/local/lib/python3.12/dist-packages/torch/distributed/c10d_logger.py:83: UserWarning: barrier(): using the device under current context. You can specify `device_id` in `init_process_group` to mute this warning.
  return func(*args, **kwargs)
[rank0]:[W806 06:23:24.303101056 ProcessGroupNCCL.cpp:5188] Guessing device ID based on global rank. This can cause a hang if rank to GPU mapping is heterogeneous. You can specify device_id in init_process_group()
repeat=1 tp=2 op=fused_allreduce_residual_rmsnorm payload=4096 proxy=flashinfer_mnnvl:auto_one_or_two_shot observed=flashinfer_mnnvl:fused_allreduce_residual_rmsnorm completion_median=8.800 us
repeat=1 tp=2 op=fused_allreduce_residual_rmsnorm payload=8192 proxy=flashinfer_mnnvl:auto_one_or_two_shot observed=flashinfer_mnnvl:fused_allreduce_residual_rmsnorm completion_median=8.800 us
repeat=1 tp=2 op=fused_allreduce_residual_rmsnorm payload=12288 proxy=flashinfer_mnnvl:auto_one_or_two_shot observed=flashinfer_mnnvl:fused_allreduce_residual_rmsnorm completion_median=9.008 us
repeat=1 tp=2 op=fused_allreduce_residual_rmsnorm payload=16384 proxy=flashinfer_mnnvl:auto_one_or_two_shot observed=flashinfer_mnnvl:fused_allreduce_residual_rmsnorm completion_median=9.040 us
repeat=1 tp=2 op=fused_allreduce_residual_rmsnorm payload=20480 proxy=flashinfer_mnnvl:auto_one_or_two_shot observed=flashinfer_mnnvl:fused_allreduce_residual_rmsnorm completion_median=9.312 us
repeat=1 tp=2 op=fused_allreduce_residual_rmsnorm payload=24576 proxy=flashinfer_mnnvl:auto_one_or_two_shot observed=flashinfer_mnnvl:fused_allreduce_residual_rmsnorm completion_median=8.544 us
repeat=1 tp=2 op=fused_allreduce_residual_rmsnorm payload=32768 proxy=flashinfer_mnnvl:auto_one_or_two_shot observed=flashinfer_mnnvl:fused_allreduce_residual_rmsnorm completion_median=10.704 us
repeat=1 tp=2 op=fused_allreduce_residual_rmsnorm payload=65536 proxy=flashinfer_mnnvl:auto_one_or_two_shot observed=flashinfer_mnnvl:fused_allreduce_residual_rmsnorm completion_median=10.336 us
repeat=1 tp=2 op=fused_allreduce_residual_rmsnorm payload=4190208 proxy=flashinfer_mnnvl:auto_one_or_two_shot observed=flashinfer_mnnvl:fused_allreduce_residual_rmsnorm_twoshot completion_median=17.552 us
repeat=1 tp=2 op=fused_allreduce_residual_rmsnorm payload=4194304 proxy=flashinfer_mnnvl:auto_one_or_two_shot observed=flashinfer_mnnvl:fused_allreduce_residual_rmsnorm_twoshot completion_median=17.456 us
complete TP=2 op=fused_allreduce_residual_rmsnorm repeat=1
start TP=2 op=all_reduce repeat=2 attempt=1
W0806 06:23:29.383000 1398851 torch/distributed/run.py:851] 
W0806 06:23:29.383000 1398851 torch/distributed/run.py:851] *****************************************
W0806 06:23:29.383000 1398851 torch/distributed/run.py:851] Setting OMP_NUM_THREADS environment variable for each process to be 1 in default, to avoid your system being overloaded, please further tune the variable for optimal performance in your application as needed. 
W0806 06:23:29.383000 1398851 torch/distributed/run.py:851] *****************************************
repeat=2 tp=2 op=all_reduce payload=4096 proxy=sglang_custom:one_shot_push observed=sglang_custom:all_reduce_one_shot_push completion_median=6.976 us
repeat=2 tp=2 op=all_reduce payload=8192 proxy=sglang_custom:one_shot_push observed=sglang_custom:all_reduce_one_shot_push completion_median=7.552 us
repeat=2 tp=2 op=all_reduce payload=12288 proxy=sglang_custom:one_shot_push observed=sglang_custom:all_reduce_one_shot_push completion_median=7.040 us
repeat=2 tp=2 op=all_reduce payload=16384 proxy=sglang_custom:one_shot_push observed=sglang_custom:all_reduce_one_shot_push completion_median=7.392 us
repeat=2 tp=2 op=all_reduce payload=20480 proxy=sglang_custom:one_shot_push observed=sglang_custom:all_reduce_one_shot_push completion_median=7.584 us
repeat=2 tp=2 op=all_reduce payload=24576 proxy=sglang_custom:one_shot_push observed=sglang_custom:all_reduce_one_shot_push completion_median=7.519 us
repeat=2 tp=2 op=all_reduce payload=32768 proxy=sglang_custom:one_shot_push observed=sglang_custom:all_reduce_one_shot_push completion_median=7.472 us
repeat=2 tp=2 op=all_reduce payload=40960 proxy=sglang_custom:one_shot_push observed=sglang_custom:all_reduce_one_shot_push completion_median=6.976 us
repeat=2 tp=2 op=all_reduce payload=49152 proxy=sglang_custom:one_shot_push observed=sglang_custom:all_reduce_one_shot_push completion_median=7.552 us
repeat=2 tp=2 op=all_reduce payload=65536 proxy=sglang_custom:one_shot_push observed=sglang_custom:all_reduce_one_shot_push completion_median=7.168 us
repeat=2 tp=2 op=all_reduce payload=131072 proxy=sglang_custom:one_shot_push observed=sglang_custom:all_reduce_one_shot_push completion_median=9.744 us
repeat=2 tp=2 op=all_reduce payload=4190208 proxy=sglang_custom:one_shot_push observed=sglang_custom:all_reduce_one_shot_push completion_median=17.488 us
repeat=2 tp=2 op=all_reduce payload=4194304 proxy=sglang_custom:one_shot_push observed=sglang_custom:all_reduce_one_shot_push completion_median=17.696 us
repeat=2 tp=2 op=all_reduce payload=8380416 proxy=sglang_custom:one_shot_pull observed=sglang_custom:all_reduce_one_shot completion_median=24.736 us
repeat=2 tp=2 op=all_reduce payload=8388608 proxy=sglang_custom:one_shot_pull observed=sglang_custom:all_reduce_one_shot completion_median=24.928 us
repeat=2 tp=2 op=all_reduce payload=16760832 proxy=sglang_custom:one_shot_pull observed=sglang_custom:all_reduce_one_shot completion_median=39.296 us
repeat=2 tp=2 op=all_reduce payload=16773120 proxy=sglang_custom:one_shot_pull observed=sglang_custom:all_reduce_one_shot completion_median=39.136 us
repeat=2 tp=2 op=all_reduce payload=16777216 proxy=sglang_custom:one_shot_pull observed=sglang_custom:all_reduce_one_shot completion_median=38.671 us
repeat=2 tp=2 op=all_reduce payload=33521664 proxy=nccl:all_reduce observed=nccl:all_reduce completion_median=82.496 us
repeat=2 tp=2 op=all_reduce payload=33546240 proxy=nccl:all_reduce observed=nccl:all_reduce completion_median=82.143 us
repeat=2 tp=2 op=all_reduce payload=33554432 proxy=nccl:all_reduce observed=nccl:all_reduce completion_median=82.575 us
repeat=2 tp=2 op=all_reduce payload=67092480 proxy=nccl:all_reduce observed=nccl:all_reduce completion_median=148.448 us
repeat=2 tp=2 op=all_reduce payload=67108864 proxy=nccl:all_reduce observed=nccl:all_reduce completion_median=148.463 us
repeat=2 tp=2 op=all_reduce payload=134184960 proxy=nccl:all_reduce observed=nccl:all_reduce completion_median=277.983 us
repeat=2 tp=2 op=all_reduce payload=134217728 proxy=nccl:all_reduce observed=nccl:all_reduce completion_median=278.382 us
complete TP=2 op=all_reduce repeat=2
start TP=2 op=fused_allreduce_residual_rmsnorm repeat=2 attempt=1
W0806 06:23:46.536000 1399053 torch/distributed/run.py:851] 
W0806 06:23:46.536000 1399053 torch/distributed/run.py:851] *****************************************
W0806 06:23:46.536000 1399053 torch/distributed/run.py:851] Setting OMP_NUM_THREADS environment variable for each process to be 1 in default, to avoid your system being overloaded, please further tune the variable for optimal performance in your application as needed. 
W0806 06:23:46.536000 1399053 torch/distributed/run.py:851] *****************************************
/usr/local/lib/python3.12/dist-packages/torch/distributed/c10d_logger.py:83: UserWarning: barrier(): using the device under current context. You can specify `device_id` in `init_process_group` to mute this warning.
  return func(*args, **kwargs)
[rank0]:[W806 06:23:57.866718392 ProcessGroupNCCL.cpp:5188] Guessing device ID based on global rank. This can cause a hang if rank to GPU mapping is heterogeneous. You can specify device_id in init_process_group()
repeat=2 tp=2 op=fused_allreduce_residual_rmsnorm payload=4096 proxy=flashinfer_mnnvl:auto_one_or_two_shot observed=flashinfer_mnnvl:fused_allreduce_residual_rmsnorm completion_median=10.240 us
repeat=2 tp=2 op=fused_allreduce_residual_rmsnorm payload=8192 proxy=flashinfer_mnnvl:auto_one_or_two_shot observed=flashinfer_mnnvl:fused_allreduce_residual_rmsnorm completion_median=10.640 us
repeat=2 tp=2 op=fused_allreduce_residual_rmsnorm payload=12288 proxy=flashinfer_mnnvl:auto_one_or_two_shot observed=flashinfer_mnnvl:fused_allreduce_residual_rmsnorm completion_median=9.616 us
repeat=2 tp=2 op=fused_allreduce_residual_rmsnorm payload=16384 proxy=flashinfer_mnnvl:auto_one_or_two_shot observed=flashinfer_mnnvl:fused_allreduce_residual_rmsnorm completion_median=10.784 us
repeat=2 tp=2 op=fused_allreduce_residual_rmsnorm payload=20480 proxy=flashinfer_mnnvl:auto_one_or_two_shot observed=flashinfer_mnnvl:fused_allreduce_residual_rmsnorm completion_median=10.688 us
repeat=2 tp=2 op=fused_allreduce_residual_rmsnorm payload=24576 proxy=flashinfer_mnnvl:auto_one_or_two_shot observed=flashinfer_mnnvl:fused_allreduce_residual_rmsnorm completion_median=9.680 us
repeat=2 tp=2 op=fused_allreduce_residual_rmsnorm payload=32768 proxy=flashinfer_mnnvl:auto_one_or_two_shot observed=flashinfer_mnnvl:fused_allreduce_residual_rmsnorm completion_median=10.463 us
repeat=2 tp=2 op=fused_allreduce_residual_rmsnorm payload=65536 proxy=flashinfer_mnnvl:auto_one_or_two_shot observed=flashinfer_mnnvl:fused_allreduce_residual_rmsnorm completion_median=11.616 us
repeat=2 tp=2 op=fused_allreduce_residual_rmsnorm payload=4190208 proxy=flashinfer_mnnvl:auto_one_or_two_shot observed=flashinfer_mnnvl:fused_allreduce_residual_rmsnorm_twoshot completion_median=19.920 us
repeat=2 tp=2 op=fused_allreduce_residual_rmsnorm payload=4194304 proxy=flashinfer_mnnvl:auto_one_or_two_shot observed=flashinfer_mnnvl:fused_allreduce_residual_rmsnorm_twoshot completion_median=19.056 us
complete TP=2 op=fused_allreduce_residual_rmsnorm repeat=2
start TP=2 op=all_reduce repeat=3 attempt=1
W0806 06:24:01.948000 1399240 torch/distributed/run.py:851] 
W0806 06:24:01.948000 1399240 torch/distributed/run.py:851] *****************************************
W0806 06:24:01.948000 1399240 torch/distributed/run.py:851] Setting OMP_NUM_THREADS environment variable for each process to be 1 in default, to avoid your system being overloaded, please further tune the variable for optimal performance in your application as needed. 
W0806 06:24:01.948000 1399240 torch/distributed/run.py:851] *****************************************
repeat=3 tp=2 op=all_reduce payload=4096 proxy=sglang_custom:one_shot_push observed=sglang_custom:all_reduce_one_shot_push completion_median=10.352 us
repeat=3 tp=2 op=all_reduce payload=8192 proxy=sglang_custom:one_shot_push observed=sglang_custom:all_reduce_one_shot_push completion_median=9.169 us
repeat=3 tp=2 op=all_reduce payload=12288 proxy=sglang_custom:one_shot_push observed=sglang_custom:all_reduce_one_shot_push completion_median=9.072 us
repeat=3 tp=2 op=all_reduce payload=16384 proxy=sglang_custom:one_shot_push observed=sglang_custom:all_reduce_one_shot_push completion_median=8.816 us
repeat=3 tp=2 op=all_reduce payload=20480 proxy=sglang_custom:one_shot_push observed=sglang_custom:all_reduce_one_shot_push completion_median=9.857 us
repeat=3 tp=2 op=all_reduce payload=24576 proxy=sglang_custom:one_shot_push observed=sglang_custom:all_reduce_one_shot_push completion_median=9.776 us
repeat=3 tp=2 op=all_reduce payload=32768 proxy=sglang_custom:one_shot_push observed=sglang_custom:all_reduce_one_shot_push completion_median=9.440 us
repeat=3 tp=2 op=all_reduce payload=40960 proxy=sglang_custom:one_shot_push observed=sglang_custom:all_reduce_one_shot_push completion_median=9.920 us
repeat=3 tp=2 op=all_reduce payload=49152 proxy=sglang_custom:one_shot_push observed=sglang_custom:all_reduce_one_shot_push completion_median=10.672 us
repeat=3 tp=2 op=all_reduce payload=65536 proxy=sglang_custom:one_shot_push observed=sglang_custom:all_reduce_one_shot_push completion_median=9.184 us
repeat=3 tp=2 op=all_reduce payload=131072 proxy=sglang_custom:one_shot_push observed=sglang_custom:all_reduce_one_shot_push completion_median=12.031 us
repeat=3 tp=2 op=all_reduce payload=4190208 proxy=sglang_custom:one_shot_push observed=sglang_custom:all_reduce_one_shot_push completion_median=20.353 us
repeat=3 tp=2 op=all_reduce payload=4194304 proxy=sglang_custom:one_shot_push observed=sglang_custom:all_reduce_one_shot_push completion_median=20.272 us
repeat=3 tp=2 op=all_reduce payload=8380416 proxy=sglang_custom:one_shot_pull observed=sglang_custom:all_reduce_one_shot completion_median=27.056 us
repeat=3 tp=2 op=all_reduce payload=8388608 proxy=sglang_custom:one_shot_pull observed=sglang_custom:all_reduce_one_shot completion_median=27.216 us
repeat=3 tp=2 op=all_reduce payload=16760832 proxy=sglang_custom:one_shot_pull observed=sglang_custom:all_reduce_one_shot completion_median=41.184 us
repeat=3 tp=2 op=all_reduce payload=16773120 proxy=sglang_custom:one_shot_pull observed=sglang_custom:all_reduce_one_shot completion_median=40.336 us
repeat=3 tp=2 op=all_reduce payload=16777216 proxy=sglang_custom:one_shot_pull observed=sglang_custom:all_reduce_one_shot completion_median=40.447 us
repeat=3 tp=2 op=all_reduce payload=33521664 proxy=nccl:all_reduce observed=nccl:all_reduce completion_median=84.448 us
repeat=3 tp=2 op=all_reduce payload=33546240 proxy=nccl:all_reduce observed=nccl:all_reduce completion_median=83.280 us
repeat=3 tp=2 op=all_reduce payload=33554432 proxy=nccl:all_reduce observed=nccl:all_reduce completion_median=88.192 us
repeat=3 tp=2 op=all_reduce payload=67092480 proxy=nccl:all_reduce observed=nccl:all_reduce completion_median=148.736 us
repeat=3 tp=2 op=all_reduce payload=67108864 proxy=nccl:all_reduce observed=nccl:all_reduce completion_median=148.943 us
repeat=3 tp=2 op=all_reduce payload=134184960 proxy=nccl:all_reduce observed=nccl:all_reduce completion_median=277.807 us
repeat=3 tp=2 op=all_reduce payload=134217728 proxy=nccl:all_reduce observed=nccl:all_reduce completion_median=277.999 us
complete TP=2 op=all_reduce repeat=3
start TP=2 op=fused_allreduce_residual_rmsnorm repeat=3 attempt=1
W0806 06:24:19.189000 1399442 torch/distributed/run.py:851] 
W0806 06:24:19.189000 1399442 torch/distributed/run.py:851] *****************************************
W0806 06:24:19.189000 1399442 torch/distributed/run.py:851] Setting OMP_NUM_THREADS environment variable for each process to be 1 in default, to avoid your system being overloaded, please further tune the variable for optimal performance in your application as needed. 
W0806 06:24:19.189000 1399442 torch/distributed/run.py:851] *****************************************
/usr/local/lib/python3.12/dist-packages/torch/distributed/c10d_logger.py:83: UserWarning: barrier(): using the device under current context. You can specify `device_id` in `init_process_group` to mute this warning.
  return func(*args, **kwargs)
[rank0]:[W806 06:24:30.715151573 ProcessGroupNCCL.cpp:5188] Guessing device ID based on global rank. This can cause a hang if rank to GPU mapping is heterogeneous. You can specify device_id in init_process_group()
repeat=3 tp=2 op=fused_allreduce_residual_rmsnorm payload=4096 proxy=flashinfer_mnnvl:auto_one_or_two_shot observed=flashinfer_mnnvl:fused_allreduce_residual_rmsnorm completion_median=11.375 us
repeat=3 tp=2 op=fused_allreduce_residual_rmsnorm payload=8192 proxy=flashinfer_mnnvl:auto_one_or_two_shot observed=flashinfer_mnnvl:fused_allreduce_residual_rmsnorm completion_median=12.000 us
repeat=3 tp=2 op=fused_allreduce_residual_rmsnorm payload=12288 proxy=flashinfer_mnnvl:auto_one_or_two_shot observed=flashinfer_mnnvl:fused_allreduce_residual_rmsnorm completion_median=10.993 us
repeat=3 tp=2 op=fused_allreduce_residual_rmsnorm payload=16384 proxy=flashinfer_mnnvl:auto_one_or_two_shot observed=flashinfer_mnnvl:fused_allreduce_residual_rmsnorm completion_median=11.024 us
repeat=3 tp=2 op=fused_allreduce_residual_rmsnorm payload=20480 proxy=flashinfer_mnnvl:auto_one_or_two_shot observed=flashinfer_mnnvl:fused_allreduce_residual_rmsnorm completion_median=10.416 us
repeat=3 tp=2 op=fused_allreduce_residual_rmsnorm payload=24576 proxy=flashinfer_mnnvl:auto_one_or_two_shot observed=flashinfer_mnnvl:fused_allreduce_residual_rmsnorm completion_median=11.936 us
repeat=3 tp=2 op=fused_allreduce_residual_rmsnorm payload=32768 proxy=flashinfer_mnnvl:auto_one_or_two_shot observed=flashinfer_mnnvl:fused_allreduce_residual_rmsnorm completion_median=11.008 us
repeat=3 tp=2 op=fused_allreduce_residual_rmsnorm payload=65536 proxy=flashinfer_mnnvl:auto_one_or_two_shot observed=flashinfer_mnnvl:fused_allreduce_residual_rmsnorm completion_median=11.392 us
repeat=3 tp=2 op=fused_allreduce_residual_rmsnorm payload=4190208 proxy=flashinfer_mnnvl:auto_one_or_two_shot observed=flashinfer_mnnvl:fused_allreduce_residual_rmsnorm_twoshot completion_median=18.672 us
repeat=3 tp=2 op=fused_allreduce_residual_rmsnorm payload=4194304 proxy=flashinfer_mnnvl:auto_one_or_two_shot observed=flashinfer_mnnvl:fused_allreduce_residual_rmsnorm_twoshot completion_median=18.432 us
complete TP=2 op=fused_allreduce_residual_rmsnorm repeat=3
start TP=2 op=all_reduce repeat=4 attempt=1
W0806 06:24:34.845000 1399629 torch/distributed/run.py:851] 
W0806 06:24:34.845000 1399629 torch/distributed/run.py:851] *****************************************
W0806 06:24:34.845000 1399629 torch/distributed/run.py:851] Setting OMP_NUM_THREADS environment variable for each process to be 1 in default, to avoid your system being overloaded, please further tune the variable for optimal performance in your application as needed. 
W0806 06:24:34.845000 1399629 torch/distributed/run.py:851] *****************************************
repeat=4 tp=2 op=all_reduce payload=4096 proxy=sglang_custom:one_shot_push observed=sglang_custom:all_reduce_one_shot_push completion_median=8.144 us
repeat=4 tp=2 op=all_reduce payload=8192 proxy=sglang_custom:one_shot_push observed=sglang_custom:all_reduce_one_shot_push completion_median=7.760 us
repeat=4 tp=2 op=all_reduce payload=12288 proxy=sglang_custom:one_shot_push observed=sglang_custom:all_reduce_one_shot_push completion_median=8.080 us
repeat=4 tp=2 op=all_reduce payload=16384 proxy=sglang_custom:one_shot_push observed=sglang_custom:all_reduce_one_shot_push completion_median=7.984 us
repeat=4 tp=2 op=all_reduce payload=20480 proxy=sglang_custom:one_shot_push observed=sglang_custom:all_reduce_one_shot_push completion_median=7.745 us
repeat=4 tp=2 op=all_reduce payload=24576 proxy=sglang_custom:one_shot_push observed=sglang_custom:all_reduce_one_shot_push completion_median=8.160 us
repeat=4 tp=2 op=all_reduce payload=32768 proxy=sglang_custom:one_shot_push observed=sglang_custom:all_reduce_one_shot_push completion_median=8.032 us
repeat=4 tp=2 op=all_reduce payload=40960 proxy=sglang_custom:one_shot_push observed=sglang_custom:all_reduce_one_shot_push completion_median=7.904 us
repeat=4 tp=2 op=all_reduce payload=49152 proxy=sglang_custom:one_shot_push observed=sglang_custom:all_reduce_one_shot_push completion_median=8.319 us
repeat=4 tp=2 op=all_reduce payload=65536 proxy=sglang_custom:one_shot_push observed=sglang_custom:all_reduce_one_shot_push completion_median=8.048 us
repeat=4 tp=2 op=all_reduce payload=131072 proxy=sglang_custom:one_shot_push observed=sglang_custom:all_reduce_one_shot_push completion_median=9.584 us
repeat=4 tp=2 op=all_reduce payload=4190208 proxy=sglang_custom:one_shot_push observed=sglang_custom:all_reduce_one_shot_push completion_median=17.775 us
repeat=4 tp=2 op=all_reduce payload=4194304 proxy=sglang_custom:one_shot_push observed=sglang_custom:all_reduce_one_shot_push completion_median=17.296 us
repeat=4 tp=2 op=all_reduce payload=8380416 proxy=sglang_custom:one_shot_pull observed=sglang_custom:all_reduce_one_shot completion_median=24.656 us
repeat=4 tp=2 op=all_reduce payload=8388608 proxy=sglang_custom:one_shot_pull observed=sglang_custom:all_reduce_one_shot completion_median=25.520 us
repeat=4 tp=2 op=all_reduce payload=16760832 proxy=sglang_custom:one_shot_pull observed=sglang_custom:all_reduce_one_shot completion_median=38.992 us
repeat=4 tp=2 op=all_reduce payload=16773120 proxy=sglang_custom:one_shot_pull observed=sglang_custom:all_reduce_one_shot completion_median=39.919 us
repeat=4 tp=2 op=all_reduce payload=16777216 proxy=sglang_custom:one_shot_pull observed=sglang_custom:all_reduce_one_shot completion_median=38.912 us
repeat=4 tp=2 op=all_reduce payload=33521664 proxy=nccl:all_reduce observed=nccl:all_reduce completion_median=83.263 us
repeat=4 tp=2 op=all_reduce payload=33546240 proxy=nccl:all_reduce observed=nccl:all_reduce completion_median=84.655 us
repeat=4 tp=2 op=all_reduce payload=33554432 proxy=nccl:all_reduce observed=nccl:all_reduce completion_median=82.416 us
repeat=4 tp=2 op=all_reduce payload=67092480 proxy=nccl:all_reduce observed=nccl:all_reduce completion_median=148.336 us
repeat=4 tp=2 op=all_reduce payload=67108864 proxy=nccl:all_reduce observed=nccl:all_reduce completion_median=148.432 us
repeat=4 tp=2 op=all_reduce payload=134184960 proxy=nccl:all_reduce observed=nccl:all_reduce completion_median=278.382 us
repeat=4 tp=2 op=all_reduce payload=134217728 proxy=nccl:all_reduce observed=nccl:all_reduce completion_median=277.807 us
complete TP=2 op=all_reduce repeat=4
start TP=2 op=fused_allreduce_residual_rmsnorm repeat=4 attempt=1
W0806 06:24:51.181000 1399831 torch/distributed/run.py:851] 
W0806 06:24:51.181000 1399831 torch/distributed/run.py:851] *****************************************
W0806 06:24:51.181000 1399831 torch/distributed/run.py:851] Setting OMP_NUM_THREADS environment variable for each process to be 1 in default, to avoid your system being overloaded, please further tune the variable for optimal performance in your application as needed. 
W0806 06:24:51.181000 1399831 torch/distributed/run.py:851] *****************************************
/usr/local/lib/python3.12/dist-packages/torch/distributed/c10d_logger.py:83: UserWarning: barrier(): using the device under current context. You can specify `device_id` in `init_process_group` to mute this warning.
  return func(*args, **kwargs)
[rank0]:[W806 06:25:01.579300143 ProcessGroupNCCL.cpp:5188] Guessing device ID based on global rank. This can cause a hang if rank to GPU mapping is heterogeneous. You can specify device_id in init_process_group()
repeat=4 tp=2 op=fused_allreduce_residual_rmsnorm payload=4096 proxy=flashinfer_mnnvl:auto_one_or_two_shot observed=flashinfer_mnnvl:fused_allreduce_residual_rmsnorm completion_median=8.848 us
repeat=4 tp=2 op=fused_allreduce_residual_rmsnorm payload=8192 proxy=flashinfer_mnnvl:auto_one_or_two_shot observed=flashinfer_mnnvl:fused_allreduce_residual_rmsnorm completion_median=8.368 us
repeat=4 tp=2 op=fused_allreduce_residual_rmsnorm payload=12288 proxy=flashinfer_mnnvl:auto_one_or_two_shot observed=flashinfer_mnnvl:fused_allreduce_residual_rmsnorm completion_median=8.672 us
repeat=4 tp=2 op=fused_allreduce_residual_rmsnorm payload=16384 proxy=flashinfer_mnnvl:auto_one_or_two_shot observed=flashinfer_mnnvl:fused_allreduce_residual_rmsnorm completion_median=8.576 us
repeat=4 tp=2 op=fused_allreduce_residual_rmsnorm payload=20480 proxy=flashinfer_mnnvl:auto_one_or_two_shot observed=flashinfer_mnnvl:fused_allreduce_residual_rmsnorm completion_median=8.928 us
repeat=4 tp=2 op=fused_allreduce_residual_rmsnorm payload=24576 proxy=flashinfer_mnnvl:auto_one_or_two_shot observed=flashinfer_mnnvl:fused_allreduce_residual_rmsnorm completion_median=8.608 us
repeat=4 tp=2 op=fused_allreduce_residual_rmsnorm payload=32768 proxy=flashinfer_mnnvl:auto_one_or_two_shot observed=flashinfer_mnnvl:fused_allreduce_residual_rmsnorm completion_median=9.456 us
repeat=4 tp=2 op=fused_allreduce_residual_rmsnorm payload=65536 proxy=flashinfer_mnnvl:auto_one_or_two_shot observed=flashinfer_mnnvl:fused_allreduce_residual_rmsnorm completion_median=8.832 us
repeat=4 tp=2 op=fused_allreduce_residual_rmsnorm payload=4190208 proxy=flashinfer_mnnvl:auto_one_or_two_shot observed=flashinfer_mnnvl:fused_allreduce_residual_rmsnorm_twoshot completion_median=16.112 us
repeat=4 tp=2 op=fused_allreduce_residual_rmsnorm payload=4194304 proxy=flashinfer_mnnvl:auto_one_or_two_shot observed=flashinfer_mnnvl:fused_allreduce_residual_rmsnorm_twoshot completion_median=15.568 us
complete TP=2 op=fused_allreduce_residual_rmsnorm repeat=4
start TP=4 op=all_reduce repeat=0 attempt=1
W0806 06:25:06.751000 1400019 torch/distributed/run.py:851] 
W0806 06:25:06.751000 1400019 torch/distributed/run.py:851] *****************************************
W0806 06:25:06.751000 1400019 torch/distributed/run.py:851] Setting OMP_NUM_THREADS environment variable for each process to be 1 in default, to avoid your system being overloaded, please further tune the variable for optimal performance in your application as needed. 
W0806 06:25:06.751000 1400019 torch/distributed/run.py:851] *****************************************
repeat=0 tp=4 op=all_reduce payload=4096 proxy=sglang_custom:one_shot_push observed=sglang_custom:all_reduce_one_shot_push completion_median=21.040 us
repeat=0 tp=4 op=all_reduce payload=8192 proxy=sglang_custom:one_shot_push observed=sglang_custom:all_reduce_one_shot_push completion_median=19.984 us
repeat=0 tp=4 op=all_reduce payload=12288 proxy=sglang_custom:one_shot_push observed=sglang_custom:all_reduce_one_shot_push completion_median=21.600 us
repeat=0 tp=4 op=all_reduce payload=16384 proxy=sglang_custom:one_shot_push observed=sglang_custom:all_reduce_one_shot_push completion_median=20.416 us
repeat=0 tp=4 op=all_reduce payload=20480 proxy=sglang_custom:one_shot_push observed=sglang_custom:all_reduce_one_shot_push completion_median=20.896 us
repeat=0 tp=4 op=all_reduce payload=24576 proxy=sglang_custom:one_shot_push observed=sglang_custom:all_reduce_one_shot_push completion_median=18.672 us
repeat=0 tp=4 op=all_reduce payload=32768 proxy=sglang_custom:one_shot_push observed=sglang_custom:all_reduce_one_shot_push completion_median=20.224 us
repeat=0 tp=4 op=all_reduce payload=40960 proxy=sglang_custom:one_shot_push observed=sglang_custom:all_reduce_one_shot_push completion_median=20.064 us
repeat=0 tp=4 op=all_reduce payload=49152 proxy=sglang_custom:one_shot_push observed=sglang_custom:all_reduce_one_shot_push completion_median=19.264 us
repeat=0 tp=4 op=all_reduce payload=65536 proxy=sglang_custom:one_shot_push observed=sglang_custom:all_reduce_one_shot_push completion_median=22.400 us
repeat=0 tp=4 op=all_reduce payload=131072 proxy=sglang_custom:one_shot_push observed=sglang_custom:all_reduce_one_shot_push completion_median=18.368 us
repeat=0 tp=4 op=all_reduce payload=4190208 proxy=sglang_custom:two_shot_pull observed=sglang_custom:all_reduce_two_shot completion_median=30.064 us
repeat=0 tp=4 op=all_reduce payload=4194304 proxy=sglang_custom:two_shot_pull observed=sglang_custom:all_reduce_two_shot completion_median=32.912 us
repeat=0 tp=4 op=all_reduce payload=8380416 proxy=sglang_custom:two_shot_pull observed=sglang_custom:all_reduce_two_shot completion_median=43.344 us
repeat=0 tp=4 op=all_reduce payload=8388608 proxy=sglang_custom:two_shot_pull observed=sglang_custom:all_reduce_two_shot completion_median=41.808 us
repeat=0 tp=4 op=all_reduce payload=16760832 proxy=sglang_custom:two_shot_pull observed=sglang_custom:all_reduce_two_shot completion_median=67.632 us
repeat=0 tp=4 op=all_reduce payload=16773120 proxy=sglang_custom:two_shot_pull observed=sglang_custom:all_reduce_two_shot completion_median=67.280 us
repeat=0 tp=4 op=all_reduce payload=16777216 proxy=sglang_custom:two_shot_pull observed=sglang_custom:all_reduce_two_shot completion_median=66.815 us
repeat=0 tp=4 op=all_reduce payload=33521664 proxy=nccl:all_reduce observed=nccl:all_reduce completion_median=138.927 us
repeat=0 tp=4 op=all_reduce payload=33546240 proxy=nccl:all_reduce observed=nccl:all_reduce completion_median=134.720 us
repeat=0 tp=4 op=all_reduce payload=33554432 proxy=nccl:all_reduce observed=nccl:all_reduce completion_median=134.144 us
repeat=0 tp=4 op=all_reduce payload=67092480 proxy=nccl:all_reduce observed=nccl:all_reduce completion_median=199.695 us
repeat=0 tp=4 op=all_reduce payload=67108864 proxy=nccl:all_reduce observed=nccl:all_reduce completion_median=200.639 us
repeat=0 tp=4 op=all_reduce payload=134184960 proxy=nccl:all_reduce observed=nccl:all_reduce completion_median=353.166 us
repeat=0 tp=4 op=all_reduce payload=134217728 proxy=nccl:all_reduce observed=nccl:all_reduce completion_median=354.959 us
complete TP=4 op=all_reduce repeat=0
start TP=4 op=fused_allreduce_residual_rmsnorm repeat=0 attempt=1
W0806 06:25:28.123000 1400317 torch/distributed/run.py:851] 
W0806 06:25:28.123000 1400317 torch/distributed/run.py:851] *****************************************
W0806 06:25:28.123000 1400317 torch/distributed/run.py:851] Setting OMP_NUM_THREADS environment variable for each process to be 1 in default, to avoid your system being overloaded, please further tune the variable for optimal performance in your application as needed. 
W0806 06:25:28.123000 1400317 torch/distributed/run.py:851] *****************************************
/usr/local/lib/python3.12/dist-packages/torch/distributed/c10d_logger.py:83: UserWarning: barrier(): using the device under current context. You can specify `device_id` in `init_process_group` to mute this warning.
  return func(*args, **kwargs)
[rank0]:[W806 06:25:41.996200267 ProcessGroupNCCL.cpp:5188] Guessing device ID based on global rank. This can cause a hang if rank to GPU mapping is heterogeneous. You can specify device_id in init_process_group()
repeat=0 tp=4 op=fused_allreduce_residual_rmsnorm payload=4096 proxy=flashinfer_mnnvl:auto_one_or_two_shot observed=flashinfer_mnnvl:fused_allreduce_residual_rmsnorm completion_median=17.648 us
repeat=0 tp=4 op=fused_allreduce_residual_rmsnorm payload=8192 proxy=flashinfer_mnnvl:auto_one_or_two_shot observed=flashinfer_mnnvl:fused_allreduce_residual_rmsnorm completion_median=16.640 us
repeat=0 tp=4 op=fused_allreduce_residual_rmsnorm payload=12288 proxy=flashinfer_mnnvl:auto_one_or_two_shot observed=flashinfer_mnnvl:fused_allreduce_residual_rmsnorm completion_median=17.872 us
repeat=0 tp=4 op=fused_allreduce_residual_rmsnorm payload=16384 proxy=flashinfer_mnnvl:auto_one_or_two_shot observed=flashinfer_mnnvl:fused_allreduce_residual_rmsnorm completion_median=18.560 us
repeat=0 tp=4 op=fused_allreduce_residual_rmsnorm payload=20480 proxy=flashinfer_mnnvl:auto_one_or_two_shot observed=flashinfer_mnnvl:fused_allreduce_residual_rmsnorm completion_median=18.256 us
repeat=0 tp=4 op=fused_allreduce_residual_rmsnorm payload=24576 proxy=flashinfer_mnnvl:auto_one_or_two_shot observed=flashinfer_mnnvl:fused_allreduce_residual_rmsnorm completion_median=17.968 us
repeat=0 tp=4 op=fused_allreduce_residual_rmsnorm payload=32768 proxy=flashinfer_mnnvl:auto_one_or_two_shot observed=flashinfer_mnnvl:fused_allreduce_residual_rmsnorm completion_median=17.376 us
repeat=0 tp=4 op=fused_allreduce_residual_rmsnorm payload=65536 proxy=flashinfer_mnnvl:auto_one_or_two_shot observed=flashinfer_mnnvl:fused_allreduce_residual_rmsnorm completion_median=19.232 us
repeat=0 tp=4 op=fused_allreduce_residual_rmsnorm payload=4190208 proxy=flashinfer_mnnvl:auto_one_or_two_shot observed=flashinfer_mnnvl:fused_allreduce_residual_rmsnorm_twoshot completion_median=25.376 us
repeat=0 tp=4 op=fused_allreduce_residual_rmsnorm payload=4194304 proxy=flashinfer_mnnvl:auto_one_or_two_shot observed=flashinfer_mnnvl:fused_allreduce_residual_rmsnorm_twoshot completion_median=24.816 us
complete TP=4 op=fused_allreduce_residual_rmsnorm repeat=0
start TP=4 op=all_reduce repeat=1 attempt=1
W0806 06:25:48.125000 1400600 torch/distributed/run.py:851] 
W0806 06:25:48.125000 1400600 torch/distributed/run.py:851] *****************************************
W0806 06:25:48.125000 1400600 torch/distributed/run.py:851] Setting OMP_NUM_THREADS environment variable for each process to be 1 in default, to avoid your system being overloaded, please further tune the variable for optimal performance in your application as needed. 
W0806 06:25:48.125000 1400600 torch/distributed/run.py:851] *****************************************
repeat=1 tp=4 op=all_reduce payload=4096 proxy=sglang_custom:one_shot_push observed=sglang_custom:all_reduce_one_shot_push completion_median=16.496 us
repeat=1 tp=4 op=all_reduce payload=8192 proxy=sglang_custom:one_shot_push observed=sglang_custom:all_reduce_one_shot_push completion_median=18.160 us
repeat=1 tp=4 op=all_reduce payload=12288 proxy=sglang_custom:one_shot_push observed=sglang_custom:all_reduce_one_shot_push completion_median=19.552 us
repeat=1 tp=4 op=all_reduce payload=16384 proxy=sglang_custom:one_shot_push observed=sglang_custom:all_reduce_one_shot_push completion_median=22.288 us
repeat=1 tp=4 op=all_reduce payload=20480 proxy=sglang_custom:one_shot_push observed=sglang_custom:all_reduce_one_shot_push completion_median=20.400 us
repeat=1 tp=4 op=all_reduce payload=24576 proxy=sglang_custom:one_shot_push observed=sglang_custom:all_reduce_one_shot_push completion_median=20.288 us
repeat=1 tp=4 op=all_reduce payload=32768 proxy=sglang_custom:one_shot_push observed=sglang_custom:all_reduce_one_shot_push completion_median=19.568 us
repeat=1 tp=4 op=all_reduce payload=40960 proxy=sglang_custom:one_shot_push observed=sglang_custom:all_reduce_one_shot_push completion_median=23.392 us
repeat=1 tp=4 op=all_reduce payload=49152 proxy=sglang_custom:one_shot_push observed=sglang_custom:all_reduce_one_shot_push completion_median=20.336 us
repeat=1 tp=4 op=all_reduce payload=65536 proxy=sglang_custom:one_shot_push observed=sglang_custom:all_reduce_one_shot_push completion_median=18.704 us
repeat=1 tp=4 op=all_reduce payload=131072 proxy=sglang_custom:one_shot_push observed=sglang_custom:all_reduce_one_shot_push completion_median=22.288 us
repeat=1 tp=4 op=all_reduce payload=4190208 proxy=sglang_custom:two_shot_pull observed=sglang_custom:all_reduce_two_shot completion_median=31.712 us
repeat=1 tp=4 op=all_reduce payload=4194304 proxy=sglang_custom:two_shot_pull observed=sglang_custom:all_reduce_two_shot completion_median=33.999 us
repeat=1 tp=4 op=all_reduce payload=8380416 proxy=sglang_custom:two_shot_pull observed=sglang_custom:all_reduce_two_shot completion_median=40.209 us
repeat=1 tp=4 op=all_reduce payload=8388608 proxy=sglang_custom:two_shot_pull observed=sglang_custom:all_reduce_two_shot completion_median=41.184 us
repeat=1 tp=4 op=all_reduce payload=16760832 proxy=sglang_custom:two_shot_pull observed=sglang_custom:all_reduce_two_shot completion_median=63.775 us
repeat=1 tp=4 op=all_reduce payload=16773120 proxy=sglang_custom:two_shot_pull observed=sglang_custom:all_reduce_two_shot completion_median=62.592 us
repeat=1 tp=4 op=all_reduce payload=16777216 proxy=sglang_custom:two_shot_pull observed=sglang_custom:all_reduce_two_shot completion_median=62.832 us
repeat=1 tp=4 op=all_reduce payload=33521664 proxy=nccl:all_reduce observed=nccl:all_reduce completion_median=134.592 us
repeat=1 tp=4 op=all_reduce payload=33546240 proxy=nccl:all_reduce observed=nccl:all_reduce completion_median=135.680 us
repeat=1 tp=4 op=all_reduce payload=33554432 proxy=nccl:all_reduce observed=nccl:all_reduce completion_median=134.879 us
repeat=1 tp=4 op=all_reduce payload=67092480 proxy=nccl:all_reduce observed=nccl:all_reduce completion_median=197.823 us
repeat=1 tp=4 op=all_reduce payload=67108864 proxy=nccl:all_reduce observed=nccl:all_reduce completion_median=198.639 us
repeat=1 tp=4 op=all_reduce payload=134184960 proxy=nccl:all_reduce observed=nccl:all_reduce completion_median=354.207 us
repeat=1 tp=4 op=all_reduce payload=134217728 proxy=nccl:all_reduce observed=nccl:all_reduce completion_median=353.359 us
complete TP=4 op=all_reduce repeat=1
start TP=4 op=fused_allreduce_residual_rmsnorm repeat=1 attempt=1
W0806 06:26:09.626000 1400898 torch/distributed/run.py:851] 
W0806 06:26:09.626000 1400898 torch/distributed/run.py:851] *****************************************
W0806 06:26:09.626000 1400898 torch/distributed/run.py:851] Setting OMP_NUM_THREADS environment variable for each process to be 1 in default, to avoid your system being overloaded, please further tune the variable for optimal performance in your application as needed. 
W0806 06:26:09.626000 1400898 torch/distributed/run.py:851] *****************************************
/usr/local/lib/python3.12/dist-packages/torch/distributed/c10d_logger.py:83: UserWarning: barrier(): using the device under current context. You can specify `device_id` in `init_process_group` to mute this warning.
  return func(*args, **kwargs)
[rank0]:[W806 06:26:23.887234458 ProcessGroupNCCL.cpp:5188] Guessing device ID based on global rank. This can cause a hang if rank to GPU mapping is heterogeneous. You can specify device_id in init_process_group()
repeat=1 tp=4 op=fused_allreduce_residual_rmsnorm payload=4096 proxy=flashinfer_mnnvl:auto_one_or_two_shot observed=flashinfer_mnnvl:fused_allreduce_residual_rmsnorm completion_median=16.864 us
repeat=1 tp=4 op=fused_allreduce_residual_rmsnorm payload=8192 proxy=flashinfer_mnnvl:auto_one_or_two_shot observed=flashinfer_mnnvl:fused_allreduce_residual_rmsnorm completion_median=21.200 us
repeat=1 tp=4 op=fused_allreduce_residual_rmsnorm payload=12288 proxy=flashinfer_mnnvl:auto_one_or_two_shot observed=flashinfer_mnnvl:fused_allreduce_residual_rmsnorm completion_median=19.472 us
repeat=1 tp=4 op=fused_allreduce_residual_rmsnorm payload=16384 proxy=flashinfer_mnnvl:auto_one_or_two_shot observed=flashinfer_mnnvl:fused_allreduce_residual_rmsnorm completion_median=18.192 us
repeat=1 tp=4 op=fused_allreduce_residual_rmsnorm payload=20480 proxy=flashinfer_mnnvl:auto_one_or_two_shot observed=flashinfer_mnnvl:fused_allreduce_residual_rmsnorm completion_median=16.416 us
repeat=1 tp=4 op=fused_allreduce_residual_rmsnorm payload=24576 proxy=flashinfer_mnnvl:auto_one_or_two_shot observed=flashinfer_mnnvl:fused_allreduce_residual_rmsnorm completion_median=18.128 us
repeat=1 tp=4 op=fused_allreduce_residual_rmsnorm payload=32768 proxy=flashinfer_mnnvl:auto_one_or_two_shot observed=flashinfer_mnnvl:fused_allreduce_residual_rmsnorm completion_median=18.528 us
repeat=1 tp=4 op=fused_allreduce_residual_rmsnorm payload=65536 proxy=flashinfer_mnnvl:auto_one_or_two_shot observed=flashinfer_mnnvl:fused_allreduce_residual_rmsnorm completion_median=16.992 us
repeat=1 tp=4 op=fused_allreduce_residual_rmsnorm payload=4190208 proxy=flashinfer_mnnvl:auto_one_or_two_shot observed=flashinfer_mnnvl:fused_allreduce_residual_rmsnorm_twoshot completion_median=24.880 us
repeat=1 tp=4 op=fused_allreduce_residual_rmsnorm payload=4194304 proxy=flashinfer_mnnvl:auto_one_or_two_shot observed=flashinfer_mnnvl:fused_allreduce_residual_rmsnorm_twoshot completion_median=27.984 us
complete TP=4 op=fused_allreduce_residual_rmsnorm repeat=1
start TP=4 op=all_reduce repeat=2 attempt=1
W0806 06:26:29.780000 1401181 torch/distributed/run.py:851] 
W0806 06:26:29.780000 1401181 torch/distributed/run.py:851] *****************************************
W0806 06:26:29.780000 1401181 torch/distributed/run.py:851] Setting OMP_NUM_THREADS environment variable for each process to be 1 in default, to avoid your system being overloaded, please further tune the variable for optimal performance in your application as needed. 
W0806 06:26:29.780000 1401181 torch/distributed/run.py:851] *****************************************
repeat=2 tp=4 op=all_reduce payload=4096 proxy=sglang_custom:one_shot_push observed=sglang_custom:all_reduce_one_shot_push completion_median=18.832 us
repeat=2 tp=4 op=all_reduce payload=8192 proxy=sglang_custom:one_shot_push observed=sglang_custom:all_reduce_one_shot_push completion_median=16.848 us
repeat=2 tp=4 op=all_reduce payload=12288 proxy=sglang_custom:one_shot_push observed=sglang_custom:all_reduce_one_shot_push completion_median=18.032 us
repeat=2 tp=4 op=all_reduce payload=16384 proxy=sglang_custom:one_shot_push observed=sglang_custom:all_reduce_one_shot_push completion_median=16.944 us
repeat=2 tp=4 op=all_reduce payload=20480 proxy=sglang_custom:one_shot_push observed=sglang_custom:all_reduce_one_shot_push completion_median=16.960 us
repeat=2 tp=4 op=all_reduce payload=24576 proxy=sglang_custom:one_shot_push observed=sglang_custom:all_reduce_one_shot_push completion_median=16.272 us
repeat=2 tp=4 op=all_reduce payload=32768 proxy=sglang_custom:one_shot_push observed=sglang_custom:all_reduce_one_shot_push completion_median=15.295 us
repeat=2 tp=4 op=all_reduce payload=40960 proxy=sglang_custom:one_shot_push observed=sglang_custom:all_reduce_one_shot_push completion_median=18.064 us
repeat=2 tp=4 op=all_reduce payload=49152 proxy=sglang_custom:one_shot_push observed=sglang_custom:all_reduce_one_shot_push completion_median=17.520 us
repeat=2 tp=4 op=all_reduce payload=65536 proxy=sglang_custom:one_shot_push observed=sglang_custom:all_reduce_one_shot_push completion_median=17.344 us
repeat=2 tp=4 op=all_reduce payload=131072 proxy=sglang_custom:one_shot_push observed=sglang_custom:all_reduce_one_shot_push completion_median=18.656 us
repeat=2 tp=4 op=all_reduce payload=4190208 proxy=sglang_custom:two_shot_pull observed=sglang_custom:all_reduce_two_shot completion_median=29.056 us
repeat=2 tp=4 op=all_reduce payload=4194304 proxy=sglang_custom:two_shot_pull observed=sglang_custom:all_reduce_two_shot completion_median=29.184 us
repeat=2 tp=4 op=all_reduce payload=8380416 proxy=sglang_custom:two_shot_pull observed=sglang_custom:all_reduce_two_shot completion_median=40.480 us
repeat=2 tp=4 op=all_reduce payload=8388608 proxy=sglang_custom:two_shot_pull observed=sglang_custom:all_reduce_two_shot completion_median=39.360 us
repeat=2 tp=4 op=all_reduce payload=16760832 proxy=sglang_custom:two_shot_pull observed=sglang_custom:all_reduce_two_shot completion_median=58.736 us
repeat=2 tp=4 op=all_reduce payload=16773120 proxy=sglang_custom:two_shot_pull observed=sglang_custom:all_reduce_two_shot completion_median=58.431 us
repeat=2 tp=4 op=all_reduce payload=16777216 proxy=sglang_custom:two_shot_pull observed=sglang_custom:all_reduce_two_shot completion_median=59.104 us
repeat=2 tp=4 op=all_reduce payload=33521664 proxy=nccl:all_reduce observed=nccl:all_reduce completion_median=127.120 us
repeat=2 tp=4 op=all_reduce payload=33546240 proxy=nccl:all_reduce observed=nccl:all_reduce completion_median=150.879 us
repeat=2 tp=4 op=all_reduce payload=33554432 proxy=nccl:all_reduce observed=nccl:all_reduce completion_median=153.679 us
repeat=2 tp=4 op=all_reduce payload=67092480 proxy=nccl:all_reduce observed=nccl:all_reduce completion_median=218.160 us
repeat=2 tp=4 op=all_reduce payload=67108864 proxy=nccl:all_reduce observed=nccl:all_reduce completion_median=191.071 us
repeat=2 tp=4 op=all_reduce payload=134184960 proxy=nccl:all_reduce observed=nccl:all_reduce completion_median=349.631 us
repeat=2 tp=4 op=all_reduce payload=134217728 proxy=nccl:all_reduce observed=nccl:all_reduce completion_median=350.127 us
complete TP=4 op=all_reduce repeat=2
start TP=4 op=fused_allreduce_residual_rmsnorm repeat=2 attempt=1
W0806 06:26:50.929000 1401479 torch/distributed/run.py:851] 
W0806 06:26:50.929000 1401479 torch/distributed/run.py:851] *****************************************
W0806 06:26:50.929000 1401479 torch/distributed/run.py:851] Setting OMP_NUM_THREADS environment variable for each process to be 1 in default, to avoid your system being overloaded, please further tune the variable for optimal performance in your application as needed. 
W0806 06:26:50.929000 1401479 torch/distributed/run.py:851] *****************************************
/usr/local/lib/python3.12/dist-packages/torch/distributed/c10d_logger.py:83: UserWarning: barrier(): using the device under current context. You can specify `device_id` in `init_process_group` to mute this warning.
  return func(*args, **kwargs)
[rank0]:[W806 06:27:04.203752699 ProcessGroupNCCL.cpp:5188] Guessing device ID based on global rank. This can cause a hang if rank to GPU mapping is heterogeneous. You can specify device_id in init_process_group()
repeat=2 tp=4 op=fused_allreduce_residual_rmsnorm payload=4096 proxy=flashinfer_mnnvl:auto_one_or_two_shot observed=flashinfer_mnnvl:fused_allreduce_residual_rmsnorm completion_median=22.672 us
repeat=2 tp=4 op=fused_allreduce_residual_rmsnorm payload=8192 proxy=flashinfer_mnnvl:auto_one_or_two_shot observed=flashinfer_mnnvl:fused_allreduce_residual_rmsnorm completion_median=20.800 us
repeat=2 tp=4 op=fused_allreduce_residual_rmsnorm payload=12288 proxy=flashinfer_mnnvl:auto_one_or_two_shot observed=flashinfer_mnnvl:fused_allreduce_residual_rmsnorm completion_median=19.184 us
repeat=2 tp=4 op=fused_allreduce_residual_rmsnorm payload=16384 proxy=flashinfer_mnnvl:auto_one_or_two_shot observed=flashinfer_mnnvl:fused_allreduce_residual_rmsnorm completion_median=21.536 us
repeat=2 tp=4 op=fused_allreduce_residual_rmsnorm payload=20480 proxy=flashinfer_mnnvl:auto_one_or_two_shot observed=flashinfer_mnnvl:fused_allreduce_residual_rmsnorm completion_median=20.576 us
repeat=2 tp=4 op=fused_allreduce_residual_rmsnorm payload=24576 proxy=flashinfer_mnnvl:auto_one_or_two_shot observed=flashinfer_mnnvl:fused_allreduce_residual_rmsnorm completion_median=48.927 us
repeat=2 tp=4 op=fused_allreduce_residual_rmsnorm payload=32768 proxy=flashinfer_mnnvl:auto_one_or_two_shot observed=flashinfer_mnnvl:fused_allreduce_residual_rmsnorm completion_median=54.400 us
repeat=2 tp=4 op=fused_allreduce_residual_rmsnorm payload=65536 proxy=flashinfer_mnnvl:auto_one_or_two_shot observed=flashinfer_mnnvl:fused_allreduce_residual_rmsnorm completion_median=54.784 us
repeat=2 tp=4 op=fused_allreduce_residual_rmsnorm payload=4190208 proxy=flashinfer_mnnvl:auto_one_or_two_shot observed=flashinfer_mnnvl:fused_allreduce_residual_rmsnorm_twoshot completion_median=31.952 us
repeat=2 tp=4 op=fused_allreduce_residual_rmsnorm payload=4194304 proxy=flashinfer_mnnvl:auto_one_or_two_shot observed=flashinfer_mnnvl:fused_allreduce_residual_rmsnorm_twoshot completion_median=30.704 us
complete TP=4 op=fused_allreduce_residual_rmsnorm repeat=2
start TP=4 op=all_reduce repeat=3 attempt=1
W0806 06:27:11.177000 1401762 torch/distributed/run.py:851] 
W0806 06:27:11.177000 1401762 torch/distributed/run.py:851] *****************************************
W0806 06:27:11.177000 1401762 torch/distributed/run.py:851] Setting OMP_NUM_THREADS environment variable for each process to be 1 in default, to avoid your system being overloaded, please further tune the variable for optimal performance in your application as needed. 
W0806 06:27:11.177000 1401762 torch/distributed/run.py:851] *****************************************
repeat=3 tp=4 op=all_reduce payload=4096 proxy=sglang_custom:one_shot_push observed=sglang_custom:all_reduce_one_shot_push completion_median=17.088 us
repeat=3 tp=4 op=all_reduce payload=8192 proxy=sglang_custom:one_shot_push observed=sglang_custom:all_reduce_one_shot_push completion_median=16.944 us
repeat=3 tp=4 op=all_reduce payload=12288 proxy=sglang_custom:one_shot_push observed=sglang_custom:all_reduce_one_shot_push completion_median=15.551 us
repeat=3 tp=4 op=all_reduce payload=16384 proxy=sglang_custom:one_shot_push observed=sglang_custom:all_reduce_one_shot_push completion_median=15.744 us
repeat=3 tp=4 op=all_reduce payload=20480 proxy=sglang_custom:one_shot_push observed=sglang_custom:all_reduce_one_shot_push completion_median=15.856 us
repeat=3 tp=4 op=all_reduce payload=24576 proxy=sglang_custom:one_shot_push observed=sglang_custom:all_reduce_one_shot_push completion_median=15.968 us
repeat=3 tp=4 op=all_reduce payload=32768 proxy=sglang_custom:one_shot_push observed=sglang_custom:all_reduce_one_shot_push completion_median=16.384 us
repeat=3 tp=4 op=all_reduce payload=40960 proxy=sglang_custom:one_shot_push observed=sglang_custom:all_reduce_one_shot_push completion_median=14.800 us
repeat=3 tp=4 op=all_reduce payload=49152 proxy=sglang_custom:one_shot_push observed=sglang_custom:all_reduce_one_shot_push completion_median=16.144 us
repeat=3 tp=4 op=all_reduce payload=65536 proxy=sglang_custom:one_shot_push observed=sglang_custom:all_reduce_one_shot_push completion_median=15.456 us
repeat=3 tp=4 op=all_reduce payload=131072 proxy=sglang_custom:one_shot_push observed=sglang_custom:all_reduce_one_shot_push completion_median=16.112 us
repeat=3 tp=4 op=all_reduce payload=4190208 proxy=sglang_custom:two_shot_pull observed=sglang_custom:all_reduce_two_shot completion_median=27.536 us
repeat=3 tp=4 op=all_reduce payload=4194304 proxy=sglang_custom:two_shot_pull observed=sglang_custom:all_reduce_two_shot completion_median=28.896 us
repeat=3 tp=4 op=all_reduce payload=8380416 proxy=sglang_custom:two_shot_pull observed=sglang_custom:all_reduce_two_shot completion_median=38.352 us
repeat=3 tp=4 op=all_reduce payload=8388608 proxy=sglang_custom:two_shot_pull observed=sglang_custom:all_reduce_two_shot completion_median=37.664 us
repeat=3 tp=4 op=all_reduce payload=16760832 proxy=sglang_custom:two_shot_pull observed=sglang_custom:all_reduce_two_shot completion_median=60.128 us
repeat=3 tp=4 op=all_reduce payload=16773120 proxy=sglang_custom:two_shot_pull observed=sglang_custom:all_reduce_two_shot completion_median=59.264 us
repeat=3 tp=4 op=all_reduce payload=16777216 proxy=sglang_custom:two_shot_pull observed=sglang_custom:all_reduce_two_shot completion_median=55.008 us
repeat=3 tp=4 op=all_reduce payload=33521664 proxy=nccl:all_reduce observed=nccl:all_reduce completion_median=130.896 us
repeat=3 tp=4 op=all_reduce payload=33546240 proxy=nccl:all_reduce observed=nccl:all_reduce completion_median=131.087 us
repeat=3 tp=4 op=all_reduce payload=33554432 proxy=nccl:all_reduce observed=nccl:all_reduce completion_median=130.448 us
repeat=3 tp=4 op=all_reduce payload=67092480 proxy=nccl:all_reduce observed=nccl:all_reduce completion_median=195.551 us
repeat=3 tp=4 op=all_reduce payload=67108864 proxy=nccl:all_reduce observed=nccl:all_reduce completion_median=194.927 us
repeat=3 tp=4 op=all_reduce payload=134184960 proxy=nccl:all_reduce observed=nccl:all_reduce completion_median=349.136 us
repeat=3 tp=4 op=all_reduce payload=134217728 proxy=nccl:all_reduce observed=nccl:all_reduce completion_median=349.424 us
complete TP=4 op=all_reduce repeat=3
start TP=4 op=fused_allreduce_residual_rmsnorm repeat=3 attempt=1
W0806 06:27:32.467000 1402060 torch/distributed/run.py:851] 
W0806 06:27:32.467000 1402060 torch/distributed/run.py:851] *****************************************
W0806 06:27:32.467000 1402060 torch/distributed/run.py:851] Setting OMP_NUM_THREADS environment variable for each process to be 1 in default, to avoid your system being overloaded, please further tune the variable for optimal performance in your application as needed. 
W0806 06:27:32.467000 1402060 torch/distributed/run.py:851] *****************************************
/usr/local/lib/python3.12/dist-packages/torch/distributed/c10d_logger.py:83: UserWarning: barrier(): using the device under current context. You can specify `device_id` in `init_process_group` to mute this warning.
  return func(*args, **kwargs)
[rank0]:[W806 06:27:45.352218691 ProcessGroupNCCL.cpp:5188] Guessing device ID based on global rank. This can cause a hang if rank to GPU mapping is heterogeneous. You can specify device_id in init_process_group()
repeat=3 tp=4 op=fused_allreduce_residual_rmsnorm payload=4096 proxy=flashinfer_mnnvl:auto_one_or_two_shot observed=flashinfer_mnnvl:fused_allreduce_residual_rmsnorm completion_median=18.016 us
repeat=3 tp=4 op=fused_allreduce_residual_rmsnorm payload=8192 proxy=flashinfer_mnnvl:auto_one_or_two_shot observed=flashinfer_mnnvl:fused_allreduce_residual_rmsnorm completion_median=17.360 us
repeat=3 tp=4 op=fused_allreduce_residual_rmsnorm payload=12288 proxy=flashinfer_mnnvl:auto_one_or_two_shot observed=flashinfer_mnnvl:fused_allreduce_residual_rmsnorm completion_median=17.152 us
repeat=3 tp=4 op=fused_allreduce_residual_rmsnorm payload=16384 proxy=flashinfer_mnnvl:auto_one_or_two_shot observed=flashinfer_mnnvl:fused_allreduce_residual_rmsnorm completion_median=18.256 us
repeat=3 tp=4 op=fused_allreduce_residual_rmsnorm payload=20480 proxy=flashinfer_mnnvl:auto_one_or_two_shot observed=flashinfer_mnnvl:fused_allreduce_residual_rmsnorm completion_median=18.064 us
repeat=3 tp=4 op=fused_allreduce_residual_rmsnorm payload=24576 proxy=flashinfer_mnnvl:auto_one_or_two_shot observed=flashinfer_mnnvl:fused_allreduce_residual_rmsnorm completion_median=18.288 us
repeat=3 tp=4 op=fused_allreduce_residual_rmsnorm payload=32768 proxy=flashinfer_mnnvl:auto_one_or_two_shot observed=flashinfer_mnnvl:fused_allreduce_residual_rmsnorm completion_median=19.151 us
repeat=3 tp=4 op=fused_allreduce_residual_rmsnorm payload=65536 proxy=flashinfer_mnnvl:auto_one_or_two_shot observed=flashinfer_mnnvl:fused_allreduce_residual_rmsnorm completion_median=20.112 us
repeat=3 tp=4 op=fused_allreduce_residual_rmsnorm payload=4190208 proxy=flashinfer_mnnvl:auto_one_or_two_shot observed=flashinfer_mnnvl:fused_allreduce_residual_rmsnorm_twoshot completion_median=28.832 us
repeat=3 tp=4 op=fused_allreduce_residual_rmsnorm payload=4194304 proxy=flashinfer_mnnvl:auto_one_or_two_shot observed=flashinfer_mnnvl:fused_allreduce_residual_rmsnorm_twoshot completion_median=30.144 us
complete TP=4 op=fused_allreduce_residual_rmsnorm repeat=3
start TP=4 op=all_reduce repeat=4 attempt=1
W0806 06:27:51.724000 1402343 torch/distributed/run.py:851] 
W0806 06:27:51.724000 1402343 torch/distributed/run.py:851] *****************************************
W0806 06:27:51.724000 1402343 torch/distributed/run.py:851] Setting OMP_NUM_THREADS environment variable for each process to be 1 in default, to avoid your system being overloaded, please further tune the variable for optimal performance in your application as needed. 
W0806 06:27:51.724000 1402343 torch/distributed/run.py:851] *****************************************
repeat=4 tp=4 op=all_reduce payload=4096 proxy=sglang_custom:one_shot_push observed=sglang_custom:all_reduce_one_shot_push completion_median=18.752 us
repeat=4 tp=4 op=all_reduce payload=8192 proxy=sglang_custom:one_shot_push observed=sglang_custom:all_reduce_one_shot_push completion_median=17.952 us
repeat=4 tp=4 op=all_reduce payload=12288 proxy=sglang_custom:one_shot_push observed=sglang_custom:all_reduce_one_shot_push completion_median=17.008 us
repeat=4 tp=4 op=all_reduce payload=16384 proxy=sglang_custom:one_shot_push observed=sglang_custom:all_reduce_one_shot_push completion_median=17.376 us
repeat=4 tp=4 op=all_reduce payload=20480 proxy=sglang_custom:one_shot_push observed=sglang_custom:all_reduce_one_shot_push completion_median=18.704 us
repeat=4 tp=4 op=all_reduce payload=24576 proxy=sglang_custom:one_shot_push observed=sglang_custom:all_reduce_one_shot_push completion_median=17.776 us
repeat=4 tp=4 op=all_reduce payload=32768 proxy=sglang_custom:one_shot_push observed=sglang_custom:all_reduce_one_shot_push completion_median=18.816 us
repeat=4 tp=4 op=all_reduce payload=40960 proxy=sglang_custom:one_shot_push observed=sglang_custom:all_reduce_one_shot_push completion_median=18.864 us
repeat=4 tp=4 op=all_reduce payload=49152 proxy=sglang_custom:one_shot_push observed=sglang_custom:all_reduce_one_shot_push completion_median=17.440 us
repeat=4 tp=4 op=all_reduce payload=65536 proxy=sglang_custom:one_shot_push observed=sglang_custom:all_reduce_one_shot_push completion_median=17.488 us
repeat=4 tp=4 op=all_reduce payload=131072 proxy=sglang_custom:one_shot_push observed=sglang_custom:all_reduce_one_shot_push completion_median=19.696 us
repeat=4 tp=4 op=all_reduce payload=4190208 proxy=sglang_custom:two_shot_pull observed=sglang_custom:all_reduce_two_shot completion_median=30.352 us
repeat=4 tp=4 op=all_reduce payload=4194304 proxy=sglang_custom:two_shot_pull observed=sglang_custom:all_reduce_two_shot completion_median=29.280 us
repeat=4 tp=4 op=all_reduce payload=8380416 proxy=sglang_custom:two_shot_pull observed=sglang_custom:all_reduce_two_shot completion_median=38.479 us
repeat=4 tp=4 op=all_reduce payload=8388608 proxy=sglang_custom:two_shot_pull observed=sglang_custom:all_reduce_two_shot completion_median=40.720 us
repeat=4 tp=4 op=all_reduce payload=16760832 proxy=sglang_custom:two_shot_pull observed=sglang_custom:all_reduce_two_shot completion_median=61.551 us
repeat=4 tp=4 op=all_reduce payload=16773120 proxy=sglang_custom:two_shot_pull observed=sglang_custom:all_reduce_two_shot completion_median=57.952 us
repeat=4 tp=4 op=all_reduce payload=16777216 proxy=sglang_custom:two_shot_pull observed=sglang_custom:all_reduce_two_shot completion_median=61.632 us
repeat=4 tp=4 op=all_reduce payload=33521664 proxy=nccl:all_reduce observed=nccl:all_reduce completion_median=134.576 us
repeat=4 tp=4 op=all_reduce payload=33546240 proxy=nccl:all_reduce observed=nccl:all_reduce completion_median=135.840 us
repeat=4 tp=4 op=all_reduce payload=33554432 proxy=nccl:all_reduce observed=nccl:all_reduce completion_median=138.351 us
repeat=4 tp=4 op=all_reduce payload=67092480 proxy=nccl:all_reduce observed=nccl:all_reduce completion_median=198.031 us
repeat=4 tp=4 op=all_reduce payload=67108864 proxy=nccl:all_reduce observed=nccl:all_reduce completion_median=199.103 us
repeat=4 tp=4 op=all_reduce payload=134184960 proxy=nccl:all_reduce observed=nccl:all_reduce completion_median=356.031 us
repeat=4 tp=4 op=all_reduce payload=134217728 proxy=nccl:all_reduce observed=nccl:all_reduce completion_median=353.439 us
complete TP=4 op=all_reduce repeat=4
start TP=4 op=fused_allreduce_residual_rmsnorm repeat=4 attempt=1
W0806 06:28:13.234000 1402641 torch/distributed/run.py:851] 
W0806 06:28:13.234000 1402641 torch/distributed/run.py:851] *****************************************
W0806 06:28:13.234000 1402641 torch/distributed/run.py:851] Setting OMP_NUM_THREADS environment variable for each process to be 1 in default, to avoid your system being overloaded, please further tune the variable for optimal performance in your application as needed. 
W0806 06:28:13.234000 1402641 torch/distributed/run.py:851] *****************************************
/usr/local/lib/python3.12/dist-packages/torch/distributed/c10d_logger.py:83: UserWarning: barrier(): using the device under current context. You can specify `device_id` in `init_process_group` to mute this warning.
  return func(*args, **kwargs)
[rank0]:[W806 06:28:26.333117679 ProcessGroupNCCL.cpp:5188] Guessing device ID based on global rank. This can cause a hang if rank to GPU mapping is heterogeneous. You can specify device_id in init_process_group()
repeat=4 tp=4 op=fused_allreduce_residual_rmsnorm payload=4096 proxy=flashinfer_mnnvl:auto_one_or_two_shot observed=flashinfer_mnnvl:fused_allreduce_residual_rmsnorm completion_median=15.024 us
repeat=4 tp=4 op=fused_allreduce_residual_rmsnorm payload=8192 proxy=flashinfer_mnnvl:auto_one_or_two_shot observed=flashinfer_mnnvl:fused_allreduce_residual_rmsnorm completion_median=15.905 us
repeat=4 tp=4 op=fused_allreduce_residual_rmsnorm payload=12288 proxy=flashinfer_mnnvl:auto_one_or_two_shot observed=flashinfer_mnnvl:fused_allreduce_residual_rmsnorm completion_median=15.296 us
repeat=4 tp=4 op=fused_allreduce_residual_rmsnorm payload=16384 proxy=flashinfer_mnnvl:auto_one_or_two_shot observed=flashinfer_mnnvl:fused_allreduce_residual_rmsnorm completion_median=16.095 us
repeat=4 tp=4 op=fused_allreduce_residual_rmsnorm payload=20480 proxy=flashinfer_mnnvl:auto_one_or_two_shot observed=flashinfer_mnnvl:fused_allreduce_residual_rmsnorm completion_median=16.977 us
repeat=4 tp=4 op=fused_allreduce_residual_rmsnorm payload=24576 proxy=flashinfer_mnnvl:auto_one_or_two_shot observed=flashinfer_mnnvl:fused_allreduce_residual_rmsnorm completion_median=15.888 us
repeat=4 tp=4 op=fused_allreduce_residual_rmsnorm payload=32768 proxy=flashinfer_mnnvl:auto_one_or_two_shot observed=flashinfer_mnnvl:fused_allreduce_residual_rmsnorm completion_median=17.360 us
repeat=4 tp=4 op=fused_allreduce_residual_rmsnorm payload=65536 proxy=flashinfer_mnnvl:auto_one_or_two_shot observed=flashinfer_mnnvl:fused_allreduce_residual_rmsnorm completion_median=17.745 us
repeat=4 tp=4 op=fused_allreduce_residual_rmsnorm payload=4190208 proxy=flashinfer_mnnvl:auto_one_or_two_shot observed=flashinfer_mnnvl:fused_allreduce_residual_rmsnorm_twoshot completion_median=24.176 us
repeat=4 tp=4 op=fused_allreduce_residual_rmsnorm payload=4194304 proxy=flashinfer_mnnvl:auto_one_or_two_shot observed=flashinfer_mnnvl:fused_allreduce_residual_rmsnorm_twoshot completion_median=24.336 us
complete TP=4 op=fused_allreduce_residual_rmsnorm repeat=4
start TP=8 op=all_reduce repeat=0 attempt=1
W0806 06:28:33.291000 1402925 torch/distributed/run.py:851] 
W0806 06:28:33.291000 1402925 torch/distributed/run.py:851] *****************************************
W0806 06:28:33.291000 1402925 torch/distributed/run.py:851] Setting OMP_NUM_THREADS environment variable for each process to be 1 in default, to avoid your system being overloaded, please further tune the variable for optimal performance in your application as needed. 
W0806 06:28:33.291000 1402925 torch/distributed/run.py:851] *****************************************
repeat=0 tp=8 op=all_reduce payload=4096 proxy=sglang_custom:one_shot_push observed=sglang_custom:all_reduce_one_shot_push completion_median=37.311 us
repeat=0 tp=8 op=all_reduce payload=8192 proxy=sglang_custom:one_shot_push observed=sglang_custom:all_reduce_one_shot_push completion_median=35.184 us
repeat=0 tp=8 op=all_reduce payload=12288 proxy=sglang_custom:one_shot_push observed=sglang_custom:all_reduce_one_shot_push completion_median=34.592 us
repeat=0 tp=8 op=all_reduce payload=16384 proxy=sglang_custom:one_shot_push observed=sglang_custom:all_reduce_one_shot_push completion_median=32.384 us
repeat=0 tp=8 op=all_reduce payload=20480 proxy=sglang_custom:one_shot_push observed=sglang_custom:all_reduce_one_shot_push completion_median=41.680 us
repeat=0 tp=8 op=all_reduce payload=24576 proxy=sglang_custom:one_shot_push observed=sglang_custom:all_reduce_one_shot_push completion_median=32.112 us
repeat=0 tp=8 op=all_reduce payload=32768 proxy=sglang_custom:one_shot_push observed=sglang_custom:all_reduce_one_shot_push completion_median=29.743 us
repeat=0 tp=8 op=all_reduce payload=40960 proxy=sglang_custom:one_shot_push observed=sglang_custom:all_reduce_one_shot_push completion_median=32.992 us
repeat=0 tp=8 op=all_reduce payload=49152 proxy=sglang_custom:one_shot_push observed=sglang_custom:all_reduce_one_shot_push completion_median=30.432 us
repeat=0 tp=8 op=all_reduce payload=65536 proxy=sglang_custom:one_shot_push observed=sglang_custom:all_reduce_one_shot_push completion_median=27.536 us
repeat=0 tp=8 op=all_reduce payload=131072 proxy=sglang_custom:one_shot_push observed=sglang_custom:all_reduce_one_shot_push completion_median=29.537 us
repeat=0 tp=8 op=all_reduce payload=4190208 proxy=sglang_custom:two_shot_pull observed=sglang_custom:all_reduce_two_shot completion_median=51.056 us
repeat=0 tp=8 op=all_reduce payload=4194304 proxy=sglang_custom:two_shot_pull observed=sglang_custom:all_reduce_two_shot completion_median=51.792 us
repeat=0 tp=8 op=all_reduce payload=8380416 proxy=sglang_custom:two_shot_pull observed=sglang_custom:all_reduce_two_shot completion_median=60.688 us
repeat=0 tp=8 op=all_reduce payload=8388608 proxy=sglang_custom:two_shot_pull observed=sglang_custom:all_reduce_two_shot completion_median=59.536 us
repeat=0 tp=8 op=all_reduce payload=16760832 proxy=sglang_custom:two_shot_pull observed=sglang_custom:all_reduce_two_shot completion_median=85.136 us
repeat=0 tp=8 op=all_reduce payload=16773120 proxy=sglang_custom:two_shot_pull observed=sglang_custom:all_reduce_two_shot completion_median=80.320 us
repeat=0 tp=8 op=all_reduce payload=16777216 proxy=sglang_custom:two_shot_pull observed=sglang_custom:all_reduce_two_shot completion_median=81.584 us
repeat=0 tp=8 op=all_reduce payload=33521664 proxy=nccl:all_reduce observed=nccl:all_reduce completion_median=184.735 us
repeat=0 tp=8 op=all_reduce payload=33546240 proxy=nccl:all_reduce observed=nccl:all_reduce completion_median=177.520 us
repeat=0 tp=8 op=all_reduce payload=33554432 proxy=nccl:all_reduce observed=nccl:all_reduce completion_median=179.856 us
repeat=0 tp=8 op=all_reduce payload=67092480 proxy=nccl:all_reduce observed=nccl:all_reduce completion_median=298.223 us
repeat=0 tp=8 op=all_reduce payload=67108864 proxy=nccl:all_reduce observed=nccl:all_reduce completion_median=295.887 us
repeat=0 tp=8 op=all_reduce payload=134184960 proxy=nccl:all_reduce observed=nccl:all_reduce completion_median=415.327 us
repeat=0 tp=8 op=all_reduce payload=134217728 proxy=nccl:all_reduce observed=nccl:all_reduce completion_median=418.526 us
complete TP=8 op=all_reduce repeat=0
start TP=8 op=fused_allreduce_residual_rmsnorm repeat=0 attempt=1
W0806 06:29:03.592000 1403415 torch/distributed/run.py:851] 
W0806 06:29:03.592000 1403415 torch/distributed/run.py:851] *****************************************
W0806 06:29:03.592000 1403415 torch/distributed/run.py:851] Setting OMP_NUM_THREADS environment variable for each process to be 1 in default, to avoid your system being overloaded, please further tune the variable for optimal performance in your application as needed. 
W0806 06:29:03.592000 1403415 torch/distributed/run.py:851] *****************************************
/usr/local/lib/python3.12/dist-packages/torch/distributed/c10d_logger.py:83: UserWarning: barrier(): using the device under current context. You can specify `device_id` in `init_process_group` to mute this warning.
  return func(*args, **kwargs)
[rank0]:[W806 06:29:23.128848366 ProcessGroupNCCL.cpp:5188] Guessing device ID based on global rank. This can cause a hang if rank to GPU mapping is heterogeneous. You can specify device_id in init_process_group()
repeat=0 tp=8 op=fused_allreduce_residual_rmsnorm payload=4096 proxy=flashinfer_mnnvl:auto_one_or_two_shot observed=flashinfer_mnnvl:fused_allreduce_residual_rmsnorm completion_median=30.176 us
repeat=0 tp=8 op=fused_allreduce_residual_rmsnorm payload=8192 proxy=flashinfer_mnnvl:auto_one_or_two_shot observed=flashinfer_mnnvl:fused_allreduce_residual_rmsnorm completion_median=31.376 us
repeat=0 tp=8 op=fused_allreduce_residual_rmsnorm payload=12288 proxy=flashinfer_mnnvl:auto_one_or_two_shot observed=flashinfer_mnnvl:fused_allreduce_residual_rmsnorm completion_median=27.792 us
repeat=0 tp=8 op=fused_allreduce_residual_rmsnorm payload=16384 proxy=flashinfer_mnnvl:auto_one_or_two_shot observed=flashinfer_mnnvl:fused_allreduce_residual_rmsnorm completion_median=28.656 us
repeat=0 tp=8 op=fused_allreduce_residual_rmsnorm payload=20480 proxy=flashinfer_mnnvl:auto_one_or_two_shot observed=flashinfer_mnnvl:fused_allreduce_residual_rmsnorm completion_median=31.361 us
repeat=0 tp=8 op=fused_allreduce_residual_rmsnorm payload=24576 proxy=flashinfer_mnnvl:auto_one_or_two_shot observed=flashinfer_mnnvl:fused_allreduce_residual_rmsnorm completion_median=29.488 us
repeat=0 tp=8 op=fused_allreduce_residual_rmsnorm payload=32768 proxy=flashinfer_mnnvl:auto_one_or_two_shot observed=flashinfer_mnnvl:fused_allreduce_residual_rmsnorm completion_median=29.488 us
repeat=0 tp=8 op=fused_allreduce_residual_rmsnorm payload=65536 proxy=flashinfer_mnnvl:auto_one_or_two_shot observed=flashinfer_mnnvl:fused_allreduce_residual_rmsnorm completion_median=30.431 us
repeat=0 tp=8 op=fused_allreduce_residual_rmsnorm payload=4190208 proxy=flashinfer_mnnvl:auto_one_or_two_shot observed=flashinfer_mnnvl:fused_allreduce_residual_rmsnorm_twoshot completion_median=40.640 us
repeat=0 tp=8 op=fused_allreduce_residual_rmsnorm payload=4194304 proxy=flashinfer_mnnvl:auto_one_or_two_shot observed=flashinfer_mnnvl:fused_allreduce_residual_rmsnorm_twoshot completion_median=38.912 us
complete TP=8 op=fused_allreduce_residual_rmsnorm repeat=0
start TP=8 op=all_reduce repeat=1 attempt=1
W0806 06:29:32.974000 1403890 torch/distributed/run.py:851] 
W0806 06:29:32.974000 1403890 torch/distributed/run.py:851] *****************************************
W0806 06:29:32.974000 1403890 torch/distributed/run.py:851] Setting OMP_NUM_THREADS environment variable for each process to be 1 in default, to avoid your system being overloaded, please further tune the variable for optimal performance in your application as needed. 
W0806 06:29:32.974000 1403890 torch/distributed/run.py:851] *****************************************
repeat=1 tp=8 op=all_reduce payload=4096 proxy=sglang_custom:one_shot_push observed=sglang_custom:all_reduce_one_shot_push completion_median=31.008 us
repeat=1 tp=8 op=all_reduce payload=8192 proxy=sglang_custom:one_shot_push observed=sglang_custom:all_reduce_one_shot_push completion_median=32.656 us
repeat=1 tp=8 op=all_reduce payload=12288 proxy=sglang_custom:one_shot_push observed=sglang_custom:all_reduce_one_shot_push completion_median=33.648 us
repeat=1 tp=8 op=all_reduce payload=16384 proxy=sglang_custom:one_shot_push observed=sglang_custom:all_reduce_one_shot_push completion_median=31.728 us
repeat=1 tp=8 op=all_reduce payload=20480 proxy=sglang_custom:one_shot_push observed=sglang_custom:all_reduce_one_shot_push completion_median=30.080 us
repeat=1 tp=8 op=all_reduce payload=24576 proxy=sglang_custom:one_shot_push observed=sglang_custom:all_reduce_one_shot_push completion_median=29.696 us
repeat=1 tp=8 op=all_reduce payload=32768 proxy=sglang_custom:one_shot_push observed=sglang_custom:all_reduce_one_shot_push completion_median=32.016 us
repeat=1 tp=8 op=all_reduce payload=40960 proxy=sglang_custom:one_shot_push observed=sglang_custom:all_reduce_one_shot_push completion_median=31.728 us
repeat=1 tp=8 op=all_reduce payload=49152 proxy=sglang_custom:one_shot_push observed=sglang_custom:all_reduce_one_shot_push completion_median=31.615 us
repeat=1 tp=8 op=all_reduce payload=65536 proxy=sglang_custom:one_shot_push observed=sglang_custom:all_reduce_one_shot_push completion_median=31.184 us
repeat=1 tp=8 op=all_reduce payload=131072 proxy=sglang_custom:one_shot_push observed=sglang_custom:all_reduce_one_shot_push completion_median=33.568 us
repeat=1 tp=8 op=all_reduce payload=4190208 proxy=sglang_custom:two_shot_pull observed=sglang_custom:all_reduce_two_shot completion_median=44.656 us
repeat=1 tp=8 op=all_reduce payload=4194304 proxy=sglang_custom:two_shot_pull observed=sglang_custom:all_reduce_two_shot completion_median=44.928 us
repeat=1 tp=8 op=all_reduce payload=8380416 proxy=sglang_custom:two_shot_pull observed=sglang_custom:all_reduce_two_shot completion_median=54.720 us
repeat=1 tp=8 op=all_reduce payload=8388608 proxy=sglang_custom:two_shot_pull observed=sglang_custom:all_reduce_two_shot completion_median=55.136 us
repeat=1 tp=8 op=all_reduce payload=16760832 proxy=sglang_custom:two_shot_pull observed=sglang_custom:all_reduce_two_shot completion_median=76.784 us
repeat=1 tp=8 op=all_reduce payload=16773120 proxy=sglang_custom:two_shot_pull observed=sglang_custom:all_reduce_two_shot completion_median=75.808 us
repeat=1 tp=8 op=all_reduce payload=16777216 proxy=sglang_custom:two_shot_pull observed=sglang_custom:all_reduce_two_shot completion_median=74.512 us
repeat=1 tp=8 op=all_reduce payload=33521664 proxy=nccl:all_reduce observed=nccl:all_reduce completion_median=179.343 us
repeat=1 tp=8 op=all_reduce payload=33546240 proxy=nccl:all_reduce observed=nccl:all_reduce completion_median=186.432 us
repeat=1 tp=8 op=all_reduce payload=33554432 proxy=nccl:all_reduce observed=nccl:all_reduce completion_median=182.352 us
repeat=1 tp=8 op=all_reduce payload=67092480 proxy=nccl:all_reduce observed=nccl:all_reduce completion_median=295.119 us
repeat=1 tp=8 op=all_reduce payload=67108864 proxy=nccl:all_reduce observed=nccl:all_reduce completion_median=292.303 us
repeat=1 tp=8 op=all_reduce payload=134184960 proxy=nccl:all_reduce observed=nccl:all_reduce completion_median=442.016 us
repeat=1 tp=8 op=all_reduce payload=134217728 proxy=nccl:all_reduce observed=nccl:all_reduce completion_median=415.134 us
complete TP=8 op=all_reduce repeat=1
start TP=8 op=fused_allreduce_residual_rmsnorm repeat=1 attempt=1
W0806 06:30:03.176000 1404380 torch/distributed/run.py:851] 
W0806 06:30:03.176000 1404380 torch/distributed/run.py:851] *****************************************
W0806 06:30:03.176000 1404380 torch/distributed/run.py:851] Setting OMP_NUM_THREADS environment variable for each process to be 1 in default, to avoid your system being overloaded, please further tune the variable for optimal performance in your application as needed. 
W0806 06:30:03.176000 1404380 torch/distributed/run.py:851] *****************************************
/usr/local/lib/python3.12/dist-packages/torch/distributed/c10d_logger.py:83: UserWarning: barrier(): using the device under current context. You can specify `device_id` in `init_process_group` to mute this warning.
  return func(*args, **kwargs)
[rank0]:[W806 06:30:23.996594422 ProcessGroupNCCL.cpp:5188] Guessing device ID based on global rank. This can cause a hang if rank to GPU mapping is heterogeneous. You can specify device_id in init_process_group()
repeat=1 tp=8 op=fused_allreduce_residual_rmsnorm payload=4096 proxy=flashinfer_mnnvl:auto_one_or_two_shot observed=flashinfer_mnnvl:fused_allreduce_residual_rmsnorm completion_median=63.600 us
repeat=1 tp=8 op=fused_allreduce_residual_rmsnorm payload=8192 proxy=flashinfer_mnnvl:auto_one_or_two_shot observed=flashinfer_mnnvl:fused_allreduce_residual_rmsnorm completion_median=68.336 us
repeat=1 tp=8 op=fused_allreduce_residual_rmsnorm payload=12288 proxy=flashinfer_mnnvl:auto_one_or_two_shot observed=flashinfer_mnnvl:fused_allreduce_residual_rmsnorm completion_median=70.336 us
repeat=1 tp=8 op=fused_allreduce_residual_rmsnorm payload=16384 proxy=flashinfer_mnnvl:auto_one_or_two_shot observed=flashinfer_mnnvl:fused_allreduce_residual_rmsnorm completion_median=70.288 us
repeat=1 tp=8 op=fused_allreduce_residual_rmsnorm payload=20480 proxy=flashinfer_mnnvl:auto_one_or_two_shot observed=flashinfer_mnnvl:fused_allreduce_residual_rmsnorm completion_median=69.840 us
repeat=1 tp=8 op=fused_allreduce_residual_rmsnorm payload=24576 proxy=flashinfer_mnnvl:auto_one_or_two_shot observed=flashinfer_mnnvl:fused_allreduce_residual_rmsnorm completion_median=70.047 us
repeat=1 tp=8 op=fused_allreduce_residual_rmsnorm payload=32768 proxy=flashinfer_mnnvl:auto_one_or_two_shot observed=flashinfer_mnnvl:fused_allreduce_residual_rmsnorm completion_median=32.799 us
repeat=1 tp=8 op=fused_allreduce_residual_rmsnorm payload=65536 proxy=flashinfer_mnnvl:auto_one_or_two_shot observed=flashinfer_mnnvl:fused_allreduce_residual_rmsnorm completion_median=32.049 us
repeat=1 tp=8 op=fused_allreduce_residual_rmsnorm payload=4190208 proxy=flashinfer_mnnvl:auto_one_or_two_shot observed=flashinfer_mnnvl:fused_allreduce_residual_rmsnorm_twoshot completion_median=39.505 us
repeat=1 tp=8 op=fused_allreduce_residual_rmsnorm payload=4194304 proxy=flashinfer_mnnvl:auto_one_or_two_shot observed=flashinfer_mnnvl:fused_allreduce_residual_rmsnorm_twoshot completion_median=41.184 us
complete TP=8 op=fused_allreduce_residual_rmsnorm repeat=1
start TP=8 op=all_reduce repeat=2 attempt=1
W0806 06:30:32.941000 1404855 torch/distributed/run.py:851] 
W0806 06:30:32.941000 1404855 torch/distributed/run.py:851] *****************************************
W0806 06:30:32.941000 1404855 torch/distributed/run.py:851] Setting OMP_NUM_THREADS environment variable for each process to be 1 in default, to avoid your system being overloaded, please further tune the variable for optimal performance in your application as needed. 
W0806 06:30:32.941000 1404855 torch/distributed/run.py:851] *****************************************
repeat=2 tp=8 op=all_reduce payload=4096 proxy=sglang_custom:one_shot_push observed=sglang_custom:all_reduce_one_shot_push completion_median=23.936 us
repeat=2 tp=8 op=all_reduce payload=8192 proxy=sglang_custom:one_shot_push observed=sglang_custom:all_reduce_one_shot_push completion_median=23.855 us
repeat=2 tp=8 op=all_reduce payload=12288 proxy=sglang_custom:one_shot_push observed=sglang_custom:all_reduce_one_shot_push completion_median=24.544 us
repeat=2 tp=8 op=all_reduce payload=16384 proxy=sglang_custom:one_shot_push observed=sglang_custom:all_reduce_one_shot_push completion_median=25.615 us
repeat=2 tp=8 op=all_reduce payload=20480 proxy=sglang_custom:one_shot_push observed=sglang_custom:all_reduce_one_shot_push completion_median=25.872 us
repeat=2 tp=8 op=all_reduce payload=24576 proxy=sglang_custom:one_shot_push observed=sglang_custom:all_reduce_one_shot_push completion_median=25.456 us
repeat=2 tp=8 op=all_reduce payload=32768 proxy=sglang_custom:one_shot_push observed=sglang_custom:all_reduce_one_shot_push completion_median=24.656 us
repeat=2 tp=8 op=all_reduce payload=40960 proxy=sglang_custom:one_shot_push observed=sglang_custom:all_reduce_one_shot_push completion_median=28.624 us
repeat=2 tp=8 op=all_reduce payload=49152 proxy=sglang_custom:one_shot_push observed=sglang_custom:all_reduce_one_shot_push completion_median=28.816 us
repeat=2 tp=8 op=all_reduce payload=65536 proxy=sglang_custom:one_shot_push observed=sglang_custom:all_reduce_one_shot_push completion_median=31.360 us
repeat=2 tp=8 op=all_reduce payload=131072 proxy=sglang_custom:one_shot_push observed=sglang_custom:all_reduce_one_shot_push completion_median=32.976 us
repeat=2 tp=8 op=all_reduce payload=4190208 proxy=sglang_custom:two_shot_pull observed=sglang_custom:all_reduce_two_shot completion_median=50.064 us
repeat=2 tp=8 op=all_reduce payload=4194304 proxy=sglang_custom:two_shot_pull observed=sglang_custom:all_reduce_two_shot completion_median=45.712 us
repeat=2 tp=8 op=all_reduce payload=8380416 proxy=sglang_custom:two_shot_pull observed=sglang_custom:all_reduce_two_shot completion_median=58.064 us
repeat=2 tp=8 op=all_reduce payload=8388608 proxy=sglang_custom:two_shot_pull observed=sglang_custom:all_reduce_two_shot completion_median=58.640 us
repeat=2 tp=8 op=all_reduce payload=16760832 proxy=sglang_custom:two_shot_pull observed=sglang_custom:all_reduce_two_shot completion_median=81.568 us
repeat=2 tp=8 op=all_reduce payload=16773120 proxy=sglang_custom:two_shot_pull observed=sglang_custom:all_reduce_two_shot completion_median=78.672 us
repeat=2 tp=8 op=all_reduce payload=16777216 proxy=sglang_custom:two_shot_pull observed=sglang_custom:all_reduce_two_shot completion_median=79.440 us
repeat=2 tp=8 op=all_reduce payload=33521664 proxy=nccl:all_reduce observed=nccl:all_reduce completion_median=190.303 us
repeat=2 tp=8 op=all_reduce payload=33546240 proxy=nccl:all_reduce observed=nccl:all_reduce completion_median=178.127 us
repeat=2 tp=8 op=all_reduce payload=33554432 proxy=nccl:all_reduce observed=nccl:all_reduce completion_median=177.807 us
repeat=2 tp=8 op=all_reduce payload=67092480 proxy=nccl:all_reduce observed=nccl:all_reduce completion_median=295.631 us
repeat=2 tp=8 op=all_reduce payload=67108864 proxy=nccl:all_reduce observed=nccl:all_reduce completion_median=290.655 us
repeat=2 tp=8 op=all_reduce payload=134184960 proxy=nccl:all_reduce observed=nccl:all_reduce completion_median=415.951 us
repeat=2 tp=8 op=all_reduce payload=134217728 proxy=nccl:all_reduce observed=nccl:all_reduce completion_median=414.527 us
complete TP=8 op=all_reduce repeat=2
start TP=8 op=fused_allreduce_residual_rmsnorm repeat=2 attempt=1
W0806 06:31:02.665000 1405345 torch/distributed/run.py:851] 
W0806 06:31:02.665000 1405345 torch/distributed/run.py:851] *****************************************
W0806 06:31:02.665000 1405345 torch/distributed/run.py:851] Setting OMP_NUM_THREADS environment variable for each process to be 1 in default, to avoid your system being overloaded, please further tune the variable for optimal performance in your application as needed. 
W0806 06:31:02.665000 1405345 torch/distributed/run.py:851] *****************************************
/usr/local/lib/python3.12/dist-packages/torch/distributed/c10d_logger.py:83: UserWarning: barrier(): using the device under current context. You can specify `device_id` in `init_process_group` to mute this warning.
  return func(*args, **kwargs)
[rank0]:[W806 06:31:22.494492453 ProcessGroupNCCL.cpp:5188] Guessing device ID based on global rank. This can cause a hang if rank to GPU mapping is heterogeneous. You can specify device_id in init_process_group()
repeat=2 tp=8 op=fused_allreduce_residual_rmsnorm payload=4096 proxy=flashinfer_mnnvl:auto_one_or_two_shot observed=flashinfer_mnnvl:fused_allreduce_residual_rmsnorm completion_median=33.888 us
repeat=2 tp=8 op=fused_allreduce_residual_rmsnorm payload=8192 proxy=flashinfer_mnnvl:auto_one_or_two_shot observed=flashinfer_mnnvl:fused_allreduce_residual_rmsnorm completion_median=32.800 us
repeat=2 tp=8 op=fused_allreduce_residual_rmsnorm payload=12288 proxy=flashinfer_mnnvl:auto_one_or_two_shot observed=flashinfer_mnnvl:fused_allreduce_residual_rmsnorm completion_median=32.176 us
repeat=2 tp=8 op=fused_allreduce_residual_rmsnorm payload=16384 proxy=flashinfer_mnnvl:auto_one_or_two_shot observed=flashinfer_mnnvl:fused_allreduce_residual_rmsnorm completion_median=33.871 us
repeat=2 tp=8 op=fused_allreduce_residual_rmsnorm payload=20480 proxy=flashinfer_mnnvl:auto_one_or_two_shot observed=flashinfer_mnnvl:fused_allreduce_residual_rmsnorm completion_median=34.144 us
repeat=2 tp=8 op=fused_allreduce_residual_rmsnorm payload=24576 proxy=flashinfer_mnnvl:auto_one_or_two_shot observed=flashinfer_mnnvl:fused_allreduce_residual_rmsnorm completion_median=69.344 us
repeat=2 tp=8 op=fused_allreduce_residual_rmsnorm payload=32768 proxy=flashinfer_mnnvl:auto_one_or_two_shot observed=flashinfer_mnnvl:fused_allreduce_residual_rmsnorm completion_median=67.360 us
repeat=2 tp=8 op=fused_allreduce_residual_rmsnorm payload=65536 proxy=flashinfer_mnnvl:auto_one_or_two_shot observed=flashinfer_mnnvl:fused_allreduce_residual_rmsnorm completion_median=69.168 us
repeat=2 tp=8 op=fused_allreduce_residual_rmsnorm payload=4190208 proxy=flashinfer_mnnvl:auto_one_or_two_shot observed=flashinfer_mnnvl:fused_allreduce_residual_rmsnorm_twoshot completion_median=73.280 us
repeat=2 tp=8 op=fused_allreduce_residual_rmsnorm payload=4194304 proxy=flashinfer_mnnvl:auto_one_or_two_shot observed=flashinfer_mnnvl:fused_allreduce_residual_rmsnorm_twoshot completion_median=44.192 us
complete TP=8 op=fused_allreduce_residual_rmsnorm repeat=2
start TP=8 op=all_reduce repeat=3 attempt=1
W0806 06:31:32.341000 1405820 torch/distributed/run.py:851] 
W0806 06:31:32.341000 1405820 torch/distributed/run.py:851] *****************************************
W0806 06:31:32.341000 1405820 torch/distributed/run.py:851] Setting OMP_NUM_THREADS environment variable for each process to be 1 in default, to avoid your system being overloaded, please further tune the variable for optimal performance in your application as needed. 
W0806 06:31:32.341000 1405820 torch/distributed/run.py:851] *****************************************
repeat=3 tp=8 op=all_reduce payload=4096 proxy=sglang_custom:one_shot_push observed=sglang_custom:all_reduce_one_shot_push completion_median=26.305 us
repeat=3 tp=8 op=all_reduce payload=8192 proxy=sglang_custom:one_shot_push observed=sglang_custom:all_reduce_one_shot_push completion_median=24.832 us
repeat=3 tp=8 op=all_reduce payload=12288 proxy=sglang_custom:one_shot_push observed=sglang_custom:all_reduce_one_shot_push completion_median=36.352 us
repeat=3 tp=8 op=all_reduce payload=16384 proxy=sglang_custom:one_shot_push observed=sglang_custom:all_reduce_one_shot_push completion_median=35.488 us
repeat=3 tp=8 op=all_reduce payload=20480 proxy=sglang_custom:one_shot_push observed=sglang_custom:all_reduce_one_shot_push completion_median=36.640 us
repeat=3 tp=8 op=all_reduce payload=24576 proxy=sglang_custom:one_shot_push observed=sglang_custom:all_reduce_one_shot_push completion_median=36.560 us
repeat=3 tp=8 op=all_reduce payload=32768 proxy=sglang_custom:one_shot_push observed=sglang_custom:all_reduce_one_shot_push completion_median=36.448 us
repeat=3 tp=8 op=all_reduce payload=40960 proxy=sglang_custom:one_shot_push observed=sglang_custom:all_reduce_one_shot_push completion_median=38.000 us
repeat=3 tp=8 op=all_reduce payload=49152 proxy=sglang_custom:one_shot_push observed=sglang_custom:all_reduce_one_shot_push completion_median=33.456 us
repeat=3 tp=8 op=all_reduce payload=65536 proxy=sglang_custom:one_shot_push observed=sglang_custom:all_reduce_one_shot_push completion_median=32.272 us
repeat=3 tp=8 op=all_reduce payload=131072 proxy=sglang_custom:one_shot_push observed=sglang_custom:all_reduce_one_shot_push completion_median=34.239 us
repeat=3 tp=8 op=all_reduce payload=4190208 proxy=sglang_custom:two_shot_pull observed=sglang_custom:all_reduce_two_shot completion_median=47.664 us
repeat=3 tp=8 op=all_reduce payload=4194304 proxy=sglang_custom:two_shot_pull observed=sglang_custom:all_reduce_two_shot completion_median=48.624 us
repeat=3 tp=8 op=all_reduce payload=8380416 proxy=sglang_custom:two_shot_pull observed=sglang_custom:all_reduce_two_shot completion_median=58.704 us
repeat=3 tp=8 op=all_reduce payload=8388608 proxy=sglang_custom:two_shot_pull observed=sglang_custom:all_reduce_two_shot completion_median=58.496 us
repeat=3 tp=8 op=all_reduce payload=16760832 proxy=sglang_custom:two_shot_pull observed=sglang_custom:all_reduce_two_shot completion_median=83.007 us
repeat=3 tp=8 op=all_reduce payload=16773120 proxy=sglang_custom:two_shot_pull observed=sglang_custom:all_reduce_two_shot completion_median=85.136 us
repeat=3 tp=8 op=all_reduce payload=16777216 proxy=sglang_custom:two_shot_pull observed=sglang_custom:all_reduce_two_shot completion_median=84.191 us
repeat=3 tp=8 op=all_reduce payload=33521664 proxy=nccl:all_reduce observed=nccl:all_reduce completion_median=174.608 us
repeat=3 tp=8 op=all_reduce payload=33546240 proxy=nccl:all_reduce observed=nccl:all_reduce completion_median=172.160 us
repeat=3 tp=8 op=all_reduce payload=33554432 proxy=nccl:all_reduce observed=nccl:all_reduce completion_median=174.032 us
repeat=3 tp=8 op=all_reduce payload=67092480 proxy=nccl:all_reduce observed=nccl:all_reduce completion_median=289.214 us
repeat=3 tp=8 op=all_reduce payload=67108864 proxy=nccl:all_reduce observed=nccl:all_reduce completion_median=289.823 us
repeat=3 tp=8 op=all_reduce payload=134184960 proxy=nccl:all_reduce observed=nccl:all_reduce completion_median=413.056 us
repeat=3 tp=8 op=all_reduce payload=134217728 proxy=nccl:all_reduce observed=nccl:all_reduce completion_median=410.944 us
complete TP=8 op=all_reduce repeat=3
start TP=8 op=fused_allreduce_residual_rmsnorm repeat=3 attempt=1
W0806 06:32:01.787000 1406310 torch/distributed/run.py:851] 
W0806 06:32:01.787000 1406310 torch/distributed/run.py:851] *****************************************
W0806 06:32:01.787000 1406310 torch/distributed/run.py:851] Setting OMP_NUM_THREADS environment variable for each process to be 1 in default, to avoid your system being overloaded, please further tune the variable for optimal performance in your application as needed. 
W0806 06:32:01.787000 1406310 torch/distributed/run.py:851] *****************************************
/usr/local/lib/python3.12/dist-packages/torch/distributed/c10d_logger.py:83: UserWarning: barrier(): using the device under current context. You can specify `device_id` in `init_process_group` to mute this warning.
  return func(*args, **kwargs)
[rank0]:[W806 06:32:21.991387216 ProcessGroupNCCL.cpp:5188] Guessing device ID based on global rank. This can cause a hang if rank to GPU mapping is heterogeneous. You can specify device_id in init_process_group()
repeat=3 tp=8 op=fused_allreduce_residual_rmsnorm payload=4096 proxy=flashinfer_mnnvl:auto_one_or_two_shot observed=flashinfer_mnnvl:fused_allreduce_residual_rmsnorm completion_median=57.616 us
repeat=3 tp=8 op=fused_allreduce_residual_rmsnorm payload=8192 proxy=flashinfer_mnnvl:auto_one_or_two_shot observed=flashinfer_mnnvl:fused_allreduce_residual_rmsnorm completion_median=55.280 us
repeat=3 tp=8 op=fused_allreduce_residual_rmsnorm payload=12288 proxy=flashinfer_mnnvl:auto_one_or_two_shot observed=flashinfer_mnnvl:fused_allreduce_residual_rmsnorm completion_median=46.704 us
repeat=3 tp=8 op=fused_allreduce_residual_rmsnorm payload=16384 proxy=flashinfer_mnnvl:auto_one_or_two_shot observed=flashinfer_mnnvl:fused_allreduce_residual_rmsnorm completion_median=44.240 us
repeat=3 tp=8 op=fused_allreduce_residual_rmsnorm payload=20480 proxy=flashinfer_mnnvl:auto_one_or_two_shot observed=flashinfer_mnnvl:fused_allreduce_residual_rmsnorm completion_median=45.631 us
repeat=3 tp=8 op=fused_allreduce_residual_rmsnorm payload=24576 proxy=flashinfer_mnnvl:auto_one_or_two_shot observed=flashinfer_mnnvl:fused_allreduce_residual_rmsnorm completion_median=50.559 us
repeat=3 tp=8 op=fused_allreduce_residual_rmsnorm payload=32768 proxy=flashinfer_mnnvl:auto_one_or_two_shot observed=flashinfer_mnnvl:fused_allreduce_residual_rmsnorm completion_median=57.952 us
repeat=3 tp=8 op=fused_allreduce_residual_rmsnorm payload=65536 proxy=flashinfer_mnnvl:auto_one_or_two_shot observed=flashinfer_mnnvl:fused_allreduce_residual_rmsnorm completion_median=49.200 us
repeat=3 tp=8 op=fused_allreduce_residual_rmsnorm payload=4190208 proxy=flashinfer_mnnvl:auto_one_or_two_shot observed=flashinfer_mnnvl:fused_allreduce_residual_rmsnorm_twoshot completion_median=44.544 us
repeat=3 tp=8 op=fused_allreduce_residual_rmsnorm payload=4194304 proxy=flashinfer_mnnvl:auto_one_or_two_shot observed=flashinfer_mnnvl:fused_allreduce_residual_rmsnorm_twoshot completion_median=51.200 us
complete TP=8 op=fused_allreduce_residual_rmsnorm repeat=3
start TP=8 op=all_reduce repeat=4 attempt=1
W0806 06:32:30.881000 1406836 torch/distributed/run.py:851] 
W0806 06:32:30.881000 1406836 torch/distributed/run.py:851] *****************************************
W0806 06:32:30.881000 1406836 torch/distributed/run.py:851] Setting OMP_NUM_THREADS environment variable for each process to be 1 in default, to avoid your system being overloaded, please further tune the variable for optimal performance in your application as needed. 
W0806 06:32:30.881000 1406836 torch/distributed/run.py:851] *****************************************
repeat=4 tp=8 op=all_reduce payload=4096 proxy=sglang_custom:one_shot_push observed=sglang_custom:all_reduce_one_shot_push completion_median=27.488 us
repeat=4 tp=8 op=all_reduce payload=8192 proxy=sglang_custom:one_shot_push observed=sglang_custom:all_reduce_one_shot_push completion_median=29.568 us
repeat=4 tp=8 op=all_reduce payload=12288 proxy=sglang_custom:one_shot_push observed=sglang_custom:all_reduce_one_shot_push completion_median=28.736 us
repeat=4 tp=8 op=all_reduce payload=16384 proxy=sglang_custom:one_shot_push observed=sglang_custom:all_reduce_one_shot_push completion_median=28.448 us
repeat=4 tp=8 op=all_reduce payload=20480 proxy=sglang_custom:one_shot_push observed=sglang_custom:all_reduce_one_shot_push completion_median=31.168 us
repeat=4 tp=8 op=all_reduce payload=24576 proxy=sglang_custom:one_shot_push observed=sglang_custom:all_reduce_one_shot_push completion_median=30.016 us
repeat=4 tp=8 op=all_reduce payload=32768 proxy=sglang_custom:one_shot_push observed=sglang_custom:all_reduce_one_shot_push completion_median=28.879 us
repeat=4 tp=8 op=all_reduce payload=40960 proxy=sglang_custom:one_shot_push observed=sglang_custom:all_reduce_one_shot_push completion_median=30.608 us
repeat=4 tp=8 op=all_reduce payload=49152 proxy=sglang_custom:one_shot_push observed=sglang_custom:all_reduce_one_shot_push completion_median=31.024 us
repeat=4 tp=8 op=all_reduce payload=65536 proxy=sglang_custom:one_shot_push observed=sglang_custom:all_reduce_one_shot_push completion_median=28.256 us
repeat=4 tp=8 op=all_reduce payload=131072 proxy=sglang_custom:one_shot_push observed=sglang_custom:all_reduce_one_shot_push completion_median=31.232 us
repeat=4 tp=8 op=all_reduce payload=4190208 proxy=sglang_custom:two_shot_pull observed=sglang_custom:all_reduce_two_shot completion_median=44.880 us
repeat=4 tp=8 op=all_reduce payload=4194304 proxy=sglang_custom:two_shot_pull observed=sglang_custom:all_reduce_two_shot completion_median=42.640 us
repeat=4 tp=8 op=all_reduce payload=8380416 proxy=sglang_custom:two_shot_pull observed=sglang_custom:all_reduce_two_shot completion_median=56.304 us
repeat=4 tp=8 op=all_reduce payload=8388608 proxy=sglang_custom:two_shot_pull observed=sglang_custom:all_reduce_two_shot completion_median=55.056 us
repeat=4 tp=8 op=all_reduce payload=16760832 proxy=sglang_custom:two_shot_pull observed=sglang_custom:all_reduce_two_shot completion_median=77.967 us
repeat=4 tp=8 op=all_reduce payload=16773120 proxy=sglang_custom:two_shot_pull observed=sglang_custom:all_reduce_two_shot completion_median=80.304 us
repeat=4 tp=8 op=all_reduce payload=16777216 proxy=sglang_custom:two_shot_pull observed=sglang_custom:all_reduce_two_shot completion_median=76.096 us
repeat=4 tp=8 op=all_reduce payload=33521664 proxy=nccl:all_reduce observed=nccl:all_reduce completion_median=185.808 us
repeat=4 tp=8 op=all_reduce payload=33546240 proxy=nccl:all_reduce observed=nccl:all_reduce completion_median=176.175 us
repeat=4 tp=8 op=all_reduce payload=33554432 proxy=nccl:all_reduce observed=nccl:all_reduce completion_median=174.432 us
repeat=4 tp=8 op=all_reduce payload=67092480 proxy=nccl:all_reduce observed=nccl:all_reduce completion_median=288.127 us
repeat=4 tp=8 op=all_reduce payload=67108864 proxy=nccl:all_reduce observed=nccl:all_reduce completion_median=288.735 us
repeat=4 tp=8 op=all_reduce payload=134184960 proxy=nccl:all_reduce observed=nccl:all_reduce completion_median=407.583 us
repeat=4 tp=8 op=all_reduce payload=134217728 proxy=nccl:all_reduce observed=nccl:all_reduce completion_median=405.823 us
complete TP=8 op=all_reduce repeat=4
start TP=8 op=fused_allreduce_residual_rmsnorm repeat=4 attempt=1
W0806 06:33:01.663000 1407326 torch/distributed/run.py:851] 
W0806 06:33:01.663000 1407326 torch/distributed/run.py:851] *****************************************
W0806 06:33:01.663000 1407326 torch/distributed/run.py:851] Setting OMP_NUM_THREADS environment variable for each process to be 1 in default, to avoid your system being overloaded, please further tune the variable for optimal performance in your application as needed. 
W0806 06:33:01.663000 1407326 torch/distributed/run.py:851] *****************************************
/usr/local/lib/python3.12/dist-packages/torch/distributed/c10d_logger.py:83: UserWarning: barrier(): using the device under current context. You can specify `device_id` in `init_process_group` to mute this warning.
  return func(*args, **kwargs)
[rank0]:[W806 06:33:21.556022552 ProcessGroupNCCL.cpp:5188] Guessing device ID based on global rank. This can cause a hang if rank to GPU mapping is heterogeneous. You can specify device_id in init_process_group()
repeat=4 tp=8 op=fused_allreduce_residual_rmsnorm payload=4096 proxy=flashinfer_mnnvl:auto_one_or_two_shot observed=flashinfer_mnnvl:fused_allreduce_residual_rmsnorm completion_median=29.584 us
repeat=4 tp=8 op=fused_allreduce_residual_rmsnorm payload=8192 proxy=flashinfer_mnnvl:auto_one_or_two_shot observed=flashinfer_mnnvl:fused_allreduce_residual_rmsnorm completion_median=28.832 us
repeat=4 tp=8 op=fused_allreduce_residual_rmsnorm payload=12288 proxy=flashinfer_mnnvl:auto_one_or_two_shot observed=flashinfer_mnnvl:fused_allreduce_residual_rmsnorm completion_median=26.672 us
repeat=4 tp=8 op=fused_allreduce_residual_rmsnorm payload=16384 proxy=flashinfer_mnnvl:auto_one_or_two_shot observed=flashinfer_mnnvl:fused_allreduce_residual_rmsnorm completion_median=26.624 us
repeat=4 tp=8 op=fused_allreduce_residual_rmsnorm payload=20480 proxy=flashinfer_mnnvl:auto_one_or_two_shot observed=flashinfer_mnnvl:fused_allreduce_residual_rmsnorm completion_median=25.967 us
repeat=4 tp=8 op=fused_allreduce_residual_rmsnorm payload=24576 proxy=flashinfer_mnnvl:auto_one_or_two_shot observed=flashinfer_mnnvl:fused_allreduce_residual_rmsnorm completion_median=30.848 us
repeat=4 tp=8 op=fused_allreduce_residual_rmsnorm payload=32768 proxy=flashinfer_mnnvl:auto_one_or_two_shot observed=flashinfer_mnnvl:fused_allreduce_residual_rmsnorm completion_median=30.112 us
repeat=4 tp=8 op=fused_allreduce_residual_rmsnorm payload=65536 proxy=flashinfer_mnnvl:auto_one_or_two_shot observed=flashinfer_mnnvl:fused_allreduce_residual_rmsnorm completion_median=28.320 us
repeat=4 tp=8 op=fused_allreduce_residual_rmsnorm payload=4190208 proxy=flashinfer_mnnvl:auto_one_or_two_shot observed=flashinfer_mnnvl:fused_allreduce_residual_rmsnorm_twoshot completion_median=34.768 us
repeat=4 tp=8 op=fused_allreduce_residual_rmsnorm payload=4194304 proxy=flashinfer_mnnvl:auto_one_or_two_shot observed=flashinfer_mnnvl:fused_allreduce_residual_rmsnorm_twoshot completion_median=34.288 us
complete TP=8 op=fused_allreduce_residual_rmsnorm repeat=4
{
  "schema_version": "phase14f-backend-curve-analysis-v1",
  "dataset": {
    "configurations": 162,
    "models": [
      "deepseek-v2-lite",
      "qwen3-30b-a3b",
      "qwen3-8b"
    ],
    "tensor_parallel_sizes": [
      2,
      4,
      8
    ],
    "support_points": 105,
    "curve_records": 525,
    "source_curve_files": [
      "/sgl-workspace/sglang-src/experiment-results/phase14f/curve/tp2/all_reduce/r0/curve.jsonl",
      "/sgl-workspace/sglang-src/experiment-results/phase14f/curve/tp2/all_reduce/r1/curve.jsonl",
      "/sgl-workspace/sglang-src/experiment-results/phase14f/curve/tp2/all_reduce/r2/curve.jsonl",
      "/sgl-workspace/sglang-src/experiment-results/phase14f/curve/tp2/all_reduce/r3/curve.jsonl",
      "/sgl-workspace/sglang-src/experiment-results/phase14f/curve/tp2/all_reduce/r4/curve.jsonl",
      "/sgl-workspace/sglang-src/experiment-results/phase14f/curve/tp2/fused_allreduce_residual_rmsnorm/r0/curve.jsonl",
      "/sgl-workspace/sglang-src/experiment-results/phase14f/curve/tp2/fused_allreduce_residual_rmsnorm/r1/curve.jsonl",
      "/sgl-workspace/sglang-src/experiment-results/phase14f/curve/tp2/fused_allreduce_residual_rmsnorm/r2/curve.jsonl",
      "/sgl-workspace/sglang-src/experiment-results/phase14f/curve/tp2/fused_allreduce_residual_rmsnorm/r3/curve.jsonl",
      "/sgl-workspace/sglang-src/experiment-results/phase14f/curve/tp2/fused_allreduce_residual_rmsnorm/r4/curve.jsonl",
      "/sgl-workspace/sglang-src/experiment-results/phase14f/curve/tp4/all_reduce/r0/curve.jsonl",
      "/sgl-workspace/sglang-src/experiment-results/phase14f/curve/tp4/all_reduce/r1/curve.jsonl",
      "/sgl-workspace/sglang-src/experiment-results/phase14f/curve/tp4/all_reduce/r2/curve.jsonl",
      "/sgl-workspace/sglang-src/experiment-results/phase14f/curve/tp4/all_reduce/r3/curve.jsonl",
      "/sgl-workspace/sglang-src/experiment-results/phase14f/curve/tp4/all_reduce/r4/curve.jsonl",
      "/sgl-workspace/sglang-src/experiment-results/phase14f/curve/tp4/fused_allreduce_residual_rmsnorm/r0/curve.jsonl",
      "/sgl-workspace/sglang-src/experiment-results/phase14f/curve/tp4/fused_allreduce_residual_rmsnorm/r1/curve.jsonl",
      "/sgl-workspace/sglang-src/experiment-results/phase14f/curve/tp4/fused_allreduce_residual_rmsnorm/r2/curve.jsonl",
      "/sgl-workspace/sglang-src/experiment-results/phase14f/curve/tp4/fused_allreduce_residual_rmsnorm/r3/curve.jsonl",
      "/sgl-workspace/sglang-src/experiment-results/phase14f/curve/tp4/fused_allreduce_residual_rmsnorm/r4/curve.jsonl",
      "/sgl-workspace/sglang-src/experiment-results/phase14f/curve/tp8/all_reduce/r0/curve.jsonl",
      "/sgl-workspace/sglang-src/experiment-results/phase14f/curve/tp8/all_reduce/r1/curve.jsonl",
      "/sgl-workspace/sglang-src/experiment-results/phase14f/curve/tp8/all_reduce/r2/curve.jsonl",
      "/sgl-workspace/sglang-src/experiment-results/phase14f/curve/tp8/all_reduce/r3/curve.jsonl",
      "/sgl-workspace/sglang-src/experiment-results/phase14f/curve/tp8/all_reduce/r4/curve.jsonl",
      "/sgl-workspace/sglang-src/experiment-results/phase14f/curve/tp8/fused_allreduce_residual_rmsnorm/r0/curve.jsonl",
      "/sgl-workspace/sglang-src/experiment-results/phase14f/curve/tp8/fused_allreduce_residual_rmsnorm/r1/curve.jsonl",
      "/sgl-workspace/sglang-src/experiment-results/phase14f/curve/tp8/fused_allreduce_residual_rmsnorm/r2/curve.jsonl",
      "/sgl-workspace/sglang-src/experiment-results/phase14f/curve/tp8/fused_allreduce_residual_rmsnorm/r3/curve.jsonl",
      "/sgl-workspace/sglang-src/experiment-results/phase14f/curve/tp8/fused_allreduce_residual_rmsnorm/r4/curve.jsonl"
    ],
    "curve_samples": 52500
  },
  "predictive_contract": {
    "inputs": [
      "raw_op",
      "payload_bytes",
      "group_size",
      "topology"
    ],
    "backend_proxy": "lookup table measured before inference evaluation",
    "observed_backend": "audit-only; never read from Phase 14C traces by the predictor",
    "structural_formula": "sum(count(op,payload,tp) * C(op,payload,tp,L1,backend_proxy))",
    "calibration": "one nonnegative scalar per phase fitted inside each outer training fold"
  },
  "selected_workload_cv": {
    "evaluation": "workload_cv",
    "scope": "all",
    "method": "phase14f_op_backend_scaled",
    "samples": 162,
    "mape": 0.2608582529999144,
    "median_ape": 0.1590770588842331,
    "p95_ape": 0.6728301168904742,
    "mae_us": 5373.588193542953,
    "rmse_us": 10108.616888347718,
    "r2": 0.7316045065301898
  },
  "selected_decode_workload_cv": {
    "evaluation": "workload_cv",
    "scope": "decode",
    "method": "phase14f_op_backend_scaled",
    "samples": 54,
    "mape": 0.351410043045665,
    "median_ape": 0.30424424141826023,
    "p95_ape": 0.6276956097078636,
    "mae_us": 14125.319976159199,
    "rmse_us": 17393.582683555305,
    "r2": 0.05171134176803971
  },
  "selected_lomo": [
    {
      "evaluation": "leave_one_model_out",
      "scope": "model:deepseek-v2-lite",
      "method": "phase14f_op_backend_scaled",
      "samples": 54,
      "mape": 0.24621331277198846,
      "median_ape": 0.18137595678191487,
      "p95_ape": 0.6633034894359181,
      "mae_us": 3068.484030160083,
      "rmse_us": 5360.780923409062,
      "r2": 0.7906422515510663
    },
    {
      "evaluation": "leave_one_model_out",
      "scope": "model:qwen3-30b-a3b",
      "method": "phase14f_op_backend_scaled",
      "samples": 54,
      "mape": 0.3430731885022349,
      "median_ape": 0.2383327976667745,
      "p95_ape": 1.0077994647625066,
      "mae_us": 8640.209577260595,
      "rmse_us": 14926.337135557324,
      "r2": 0.6573202435562875
    },
    {
      "evaluation": "leave_one_model_out",
      "scope": "model:qwen3-8b",
      "method": "phase14f_op_backend_scaled",
      "samples": 54,
      "mape": 0.19766242216981453,
      "median_ape": 0.14706515950051668,
      "p95_ape": 0.5801185782574542,
      "mae_us": 4567.291567317042,
      "rmse_us": 7747.491460989173,
      "r2": 0.7808713644139603
    }
  ],
  "gates": {
    "overall_mape_below_10pct": false,
    "overall_p95_below_25pct": false,
    "decode_mape_below_10pct": false,
    "every_lomo_mape_below_15pct": false
  },
  "all_gates_passed": false,
  "max_repeat_median_cv": 0.5730648023387787
}
