candidate_id,oof_scheme,slice_type,slice_value,points,wape,signed_bias
max_edge,payload_cohort,configuration,P1D4,180,0.6212915393941626,-0.6212854357950485
max_edge,payload_cohort,configuration,P2D2_ALL_TO_ALL,180,0.37519970781344447,-0.3744302055544888
max_edge,payload_cohort,configuration,P2D2_MATCHING,180,0.04420577976657956,0.04379552175927982
max_edge,payload_cohort,configuration,P4D1,180,0.6200089823903958,-0.6187314356261664
max_edge,payload_cohort,configuration_topology,P1D4/L1,60,0.622339735313459,-0.6223214376126365
max_edge,payload_cohort,configuration_topology,P1D4/L2,60,0.6212506312675435,-0.6212506312675435
max_edge,payload_cohort,configuration_topology,P1D4/L3,60,0.6202835478632142,-0.6202835478632142
max_edge,payload_cohort,configuration_topology,P2D2_ALL_TO_ALL/L1,60,0.3742168341365442,-0.3732508286160044
max_edge,payload_cohort,configuration_topology,P2D2_ALL_TO_ALL/L2,60,0.3818951257565423,-0.38117439643822326
max_edge,payload_cohort,configuration_topology,P2D2_ALL_TO_ALL/L3,60,0.36937850689805213,-0.3687563986521389
max_edge,payload_cohort,configuration_topology,P2D2_MATCHING/L1,60,0.05879374214980056,0.05817827015161263
max_edge,payload_cohort,configuration_topology,P2D2_MATCHING/L2,60,0.03610831419113207,0.03608882756797372
max_edge,payload_cohort,configuration_topology,P2D2_MATCHING/L3,60,0.03804386122527842,0.03744404129029871
max_edge,payload_cohort,configuration_topology,P4D1/L1,60,0.622544665594513,-0.6216112887108313
max_edge,payload_cohort,configuration_topology,P4D1/L2,60,0.6194953933813501,-0.6180925377165827
max_edge,payload_cohort,configuration_topology,P4D1/L3,60,0.6179649958698367,-0.6164656627175429
max_edge,payload_cohort,model,deepseek-v2-lite,360,0.5154901396865408,-0.5078862447260055
max_edge,payload_cohort,model,qwen3-8b,360,0.3706635711585874,-0.3253194572031886
max_edge,payload_cohort,model_configuration,deepseek-v2-lite/P1D4,90,0.6347766711704295,-0.6347766711704294
max_edge,payload_cohort,model_configuration,deepseek-v2-lite/P2D2_ALL_TO_ALL,90,0.3878079123492862,-0.3873533566910057
max_edge,payload_cohort,model_configuration,deepseek-v2-lite/P2D2_MATCHING,90,0.03334889785578314,0.03289001566595277
max_edge,payload_cohort,model_configuration,deepseek-v2-lite/P4D1,90,0.6327215700861584,-0.6327215700861584
max_edge,payload_cohort,model_configuration,qwen3-8b/P1D4,90,0.4645176271686003,-0.4644405650406664
max_edge,payload_cohort,model_configuration,qwen3-8b/P2D2_ALL_TO_ALL,90,0.2526348242117127,-0.2488037128756835
max_edge,payload_cohort,model_configuration,qwen3-8b/P2D2_MATCHING,90,0.13580881567155004,0.13580881567154998
max_edge,payload_cohort,model_configuration,qwen3-8b/P4D1,90,0.4701168714931174,-0.45377597288871346
max_edge,payload_cohort,overall,all,720,0.5031999437369921,-0.49239335819737123
max_edge,payload_cohort,source_model_configuration,phase64/deepseek-v2-lite/P1D4,30,0.47889406321305394,-0.4788940632130539
max_edge,payload_cohort,source_model_configuration,phase64/deepseek-v2-lite/P2D2_ALL_TO_ALL,30,0.26664664638213126,-0.26228154029968953
max_edge,payload_cohort,source_model_configuration,phase64/deepseek-v2-lite/P2D2_MATCHING,30,0.0762722199235575,0.07627221992355752
max_edge,payload_cohort,source_model_configuration,phase64/deepseek-v2-lite/P4D1,30,0.46872683697707673,-0.46872683697707673
max_edge,payload_cohort,source_model_configuration,phase64/qwen3-8b/P1D4,30,0.1561790601046449,-0.15617906010464486
max_edge,payload_cohort,source_model_configuration,phase64/qwen3-8b/P2D2_ALL_TO_ALL,30,0.07756464775397189,-0.05597205992049746
max_edge,payload_cohort,source_model_configuration,phase64/qwen3-8b/P2D2_MATCHING,30,0.20572404982501902,0.205724049825019
max_edge,payload_cohort,source_model_configuration,phase64/qwen3-8b/P4D1,30,0.17097802275252882,-0.053572756108012994
max_edge,payload_cohort,source_model_configuration,phase66/deepseek-v2-lite/P1D4,30,0.565189205575417,-0.565189205575417
max_edge,payload_cohort,source_model_configuration,phase66/deepseek-v2-lite/P2D2_ALL_TO_ALL,30,0.34704100561318024,-0.34704100561318024
max_edge,payload_cohort,source_model_configuration,phase66/deepseek-v2-lite/P2D2_MATCHING,30,0.03279952171365006,0.030852185329366694
max_edge,payload_cohort,source_model_configuration,phase66/deepseek-v2-lite/P4D1,30,0.5627807785959855,-0.5627807785959854
max_edge,payload_cohort,source_model_configuration,phase66/qwen3-8b/P1D4,30,0.33068682816042094,-0.33033893721682817
max_edge,payload_cohort,source_model_configuration,phase66/qwen3-8b/P2D2_ALL_TO_ALL,30,0.19117494599635113,-0.19075048008367568
max_edge,payload_cohort,source_model_configuration,phase66/qwen3-8b/P2D2_MATCHING,30,0.1435669867124427,0.14356698671244278
max_edge,payload_cohort,source_model_configuration,phase66/qwen3-8b/P4D1,30,0.31835127202142044,-0.31077652792414096
max_edge,payload_cohort,source_model_configuration,phase68/deepseek-v2-lite/P1D4,30,0.6749436872845138,-0.6749436872845139
max_edge,payload_cohort,source_model_configuration,phase68/deepseek-v2-lite/P2D2_ALL_TO_ALL,30,0.42122183794712253,-0.4212218379471225
max_edge,payload_cohort,source_model_configuration,phase68/deepseek-v2-lite/P2D2_MATCHING,30,0.02551085742799532,0.02551085742799532
max_edge,payload_cohort,source_model_configuration,phase68/deepseek-v2-lite/P4D1,30,0.6736615891266305,-0.6736615891266305
max_edge,payload_cohort,source_model_configuration,phase68/qwen3-8b/P1D4,30,0.5769000505543445,-0.5769000505543445
max_edge,payload_cohort,source_model_configuration,phase68/qwen3-8b/P2D2_ALL_TO_ALL,30,0.33322676472128065,-0.33322676472128065
max_edge,payload_cohort,source_model_configuration,phase68/qwen3-8b/P2D2_MATCHING,30,0.10388111054995514,0.10388111054995516
max_edge,payload_cohort,source_model_configuration,phase68/qwen3-8b/P4D1,30,0.577998480919238,-0.577998480919238
max_edge,topology,configuration,P1D4,180,0.6212915393941626,-0.6212854357950485
max_edge,topology,configuration,P2D2_ALL_TO_ALL,180,0.37519970781344447,-0.3744302055544888
max_edge,topology,configuration,P2D2_MATCHING,180,0.04420577976657956,0.04379552175927982
max_edge,topology,configuration,P4D1,180,0.6200089823903958,-0.6187314356261664
max_edge,topology,configuration_topology,P1D4/L1,60,0.622339735313459,-0.6223214376126365
max_edge,topology,configuration_topology,P1D4/L2,60,0.6212506312675435,-0.6212506312675435
max_edge,topology,configuration_topology,P1D4/L3,60,0.6202835478632142,-0.6202835478632142
max_edge,topology,configuration_topology,P2D2_ALL_TO_ALL/L1,60,0.3742168341365442,-0.3732508286160044
max_edge,topology,configuration_topology,P2D2_ALL_TO_ALL/L2,60,0.3818951257565423,-0.38117439643822326
max_edge,topology,configuration_topology,P2D2_ALL_TO_ALL/L3,60,0.36937850689805213,-0.3687563986521389
max_edge,topology,configuration_topology,P2D2_MATCHING/L1,60,0.05879374214980056,0.05817827015161263
max_edge,topology,configuration_topology,P2D2_MATCHING/L2,60,0.03610831419113207,0.03608882756797372
max_edge,topology,configuration_topology,P2D2_MATCHING/L3,60,0.03804386122527842,0.03744404129029871
max_edge,topology,configuration_topology,P4D1/L1,60,0.622544665594513,-0.6216112887108313
max_edge,topology,configuration_topology,P4D1/L2,60,0.6194953933813501,-0.6180925377165827
max_edge,topology,configuration_topology,P4D1/L3,60,0.6179649958698367,-0.6164656627175429
max_edge,topology,model,deepseek-v2-lite,360,0.5154901396865408,-0.5078862447260055
max_edge,topology,model,qwen3-8b,360,0.3706635711585874,-0.3253194572031886
max_edge,topology,model_configuration,deepseek-v2-lite/P1D4,90,0.6347766711704295,-0.6347766711704294
max_edge,topology,model_configuration,deepseek-v2-lite/P2D2_ALL_TO_ALL,90,0.3878079123492862,-0.3873533566910057
max_edge,topology,model_configuration,deepseek-v2-lite/P2D2_MATCHING,90,0.03334889785578314,0.03289001566595277
max_edge,topology,model_configuration,deepseek-v2-lite/P4D1,90,0.6327215700861584,-0.6327215700861584
max_edge,topology,model_configuration,qwen3-8b/P1D4,90,0.4645176271686003,-0.4644405650406664
max_edge,topology,model_configuration,qwen3-8b/P2D2_ALL_TO_ALL,90,0.2526348242117127,-0.2488037128756835
max_edge,topology,model_configuration,qwen3-8b/P2D2_MATCHING,90,0.13580881567155004,0.13580881567154998
max_edge,topology,model_configuration,qwen3-8b/P4D1,90,0.4701168714931174,-0.45377597288871346
max_edge,topology,overall,all,720,0.5031999437369921,-0.49239335819737123
max_edge,topology,source_model_configuration,phase64/deepseek-v2-lite/P1D4,30,0.47889406321305394,-0.4788940632130539
max_edge,topology,source_model_configuration,phase64/deepseek-v2-lite/P2D2_ALL_TO_ALL,30,0.26664664638213126,-0.26228154029968953
max_edge,topology,source_model_configuration,phase64/deepseek-v2-lite/P2D2_MATCHING,30,0.0762722199235575,0.07627221992355752
max_edge,topology,source_model_configuration,phase64/deepseek-v2-lite/P4D1,30,0.46872683697707673,-0.46872683697707673
max_edge,topology,source_model_configuration,phase64/qwen3-8b/P1D4,30,0.1561790601046449,-0.15617906010464486
max_edge,topology,source_model_configuration,phase64/qwen3-8b/P2D2_ALL_TO_ALL,30,0.07756464775397189,-0.05597205992049746
max_edge,topology,source_model_configuration,phase64/qwen3-8b/P2D2_MATCHING,30,0.20572404982501902,0.205724049825019
max_edge,topology,source_model_configuration,phase64/qwen3-8b/P4D1,30,0.17097802275252882,-0.053572756108012994
max_edge,topology,source_model_configuration,phase66/deepseek-v2-lite/P1D4,30,0.565189205575417,-0.565189205575417
max_edge,topology,source_model_configuration,phase66/deepseek-v2-lite/P2D2_ALL_TO_ALL,30,0.34704100561318024,-0.34704100561318024
max_edge,topology,source_model_configuration,phase66/deepseek-v2-lite/P2D2_MATCHING,30,0.03279952171365006,0.030852185329366694
max_edge,topology,source_model_configuration,phase66/deepseek-v2-lite/P4D1,30,0.5627807785959855,-0.5627807785959854
max_edge,topology,source_model_configuration,phase66/qwen3-8b/P1D4,30,0.33068682816042094,-0.33033893721682817
max_edge,topology,source_model_configuration,phase66/qwen3-8b/P2D2_ALL_TO_ALL,30,0.19117494599635113,-0.19075048008367568
max_edge,topology,source_model_configuration,phase66/qwen3-8b/P2D2_MATCHING,30,0.1435669867124427,0.14356698671244278
max_edge,topology,source_model_configuration,phase66/qwen3-8b/P4D1,30,0.31835127202142044,-0.31077652792414096
max_edge,topology,source_model_configuration,phase68/deepseek-v2-lite/P1D4,30,0.6749436872845138,-0.6749436872845139
max_edge,topology,source_model_configuration,phase68/deepseek-v2-lite/P2D2_ALL_TO_ALL,30,0.42122183794712253,-0.4212218379471225
max_edge,topology,source_model_configuration,phase68/deepseek-v2-lite/P2D2_MATCHING,30,0.02551085742799532,0.02551085742799532
max_edge,topology,source_model_configuration,phase68/deepseek-v2-lite/P4D1,30,0.6736615891266305,-0.6736615891266305
max_edge,topology,source_model_configuration,phase68/qwen3-8b/P1D4,30,0.5769000505543445,-0.5769000505543445
max_edge,topology,source_model_configuration,phase68/qwen3-8b/P2D2_ALL_TO_ALL,30,0.33322676472128065,-0.33322676472128065
max_edge,topology,source_model_configuration,phase68/qwen3-8b/P2D2_MATCHING,30,0.10388111054995514,0.10388111054995516
max_edge,topology,source_model_configuration,phase68/qwen3-8b/P4D1,30,0.577998480919238,-0.577998480919238
max_edge,tail64,configuration,P1D4,24,0.6471266258855954,-0.6471266258855954
max_edge,tail64,configuration,P2D2_ALL_TO_ALL,24,0.392800576618587,-0.3928005766185869
max_edge,tail64,configuration,P2D2_MATCHING,18,0.025672333775845272,0.02567233377584518
max_edge,tail64,configuration,P4D1,24,0.6443266907781806,-0.6443266907781806
max_edge,tail64,configuration_topology,P1D4/L1,8,0.6495694990232801,-0.6495694990232801
max_edge,tail64,configuration_topology,P1D4/L2,8,0.6464320878294375,-0.6464320878294376
max_edge,tail64,configuration_topology,P1D4/L3,8,0.6453775200652803,-0.6453775200652802
max_edge,tail64,configuration_topology,P2D2_ALL_TO_ALL/L1,8,0.39158991505378626,-0.39158991505378615
max_edge,tail64,configuration_topology,P2D2_ALL_TO_ALL/L2,8,0.40108555314599215,-0.4010855531459922
max_edge,tail64,configuration_topology,P2D2_ALL_TO_ALL/L3,8,0.3855430141239062,-0.3855430141239062
max_edge,tail64,configuration_topology,P2D2_MATCHING/L1,6,0.04269183350218956,0.04269183350218956
max_edge,tail64,configuration_topology,P2D2_MATCHING/L2,6,0.015582624599234101,0.015582624599234242
max_edge,tail64,configuration_topology,P2D2_MATCHING/L3,6,0.01931687699828994,0.019316876998289895
max_edge,tail64,configuration_topology,P4D1/L1,8,0.6477253619474302,-0.6477253619474302
max_edge,tail64,configuration_topology,P4D1/L2,8,0.6436240760971448,-0.6436240760971449
max_edge,tail64,configuration_topology,P4D1/L3,8,0.6416136062037175,-0.6416136062037175
max_edge,tail64,model,deepseek-v2-lite,45,0.5427044217098588,-0.5390009988381835
max_edge,tail64,model,qwen3-8b,45,0.4715298735490614,-0.45495830070148524
max_edge,tail64,model_configuration,deepseek-v2-lite/P1D4,12,0.652518567643082,-0.6525185676430821
max_edge,tail64,model_configuration,deepseek-v2-lite/P2D2_ALL_TO_ALL,12,0.39818642786251146,-0.39818642786251157
max_edge,tail64,model_configuration,deepseek-v2-lite/P2D2_MATCHING,9,0.02049530278396763,0.02049530278396763
max_edge,tail64,model_configuration,deepseek-v2-lite/P4D1,12,0.6503588028757291,-0.6503588028757292
max_edge,tail64,model_configuration,qwen3-8b/P1D4,12,0.5799422611710751,-0.5799422611710751
max_edge,tail64,model_configuration,qwen3-8b/P2D2_ALL_TO_ALL,12,0.33109843726646615,-0.33109843726646615
max_edge,tail64,model_configuration,qwen3-8b/P2D2_MATCHING,9,0.08226346673250258,0.08226346673250261
max_edge,tail64,model_configuration,qwen3-8b/P4D1,12,0.5673995895631779,-0.5673995895631779
max_edge,tail64,overall,all,90,0.5373068487964706,-0.5326275605410291
max_edge,tail64,source_model_configuration,phase68/deepseek-v2-lite/P1D4,12,0.652518567643082,-0.6525185676430821
max_edge,tail64,source_model_configuration,phase68/deepseek-v2-lite/P2D2_ALL_TO_ALL,12,0.39818642786251146,-0.39818642786251157
max_edge,tail64,source_model_configuration,phase68/deepseek-v2-lite/P2D2_MATCHING,9,0.02049530278396763,0.02049530278396763
max_edge,tail64,source_model_configuration,phase68/deepseek-v2-lite/P4D1,12,0.6503588028757291,-0.6503588028757292
max_edge,tail64,source_model_configuration,phase68/qwen3-8b/P1D4,12,0.5799422611710751,-0.5799422611710751
max_edge,tail64,source_model_configuration,phase68/qwen3-8b/P2D2_ALL_TO_ALL,12,0.33109843726646615,-0.33109843726646615
max_edge,tail64,source_model_configuration,phase68/qwen3-8b/P2D2_MATCHING,9,0.08226346673250258,0.08226346673250261
max_edge,tail64,source_model_configuration,phase68/qwen3-8b/P4D1,12,0.5673995895631779,-0.5673995895631779
max_edge,source_blocked,configuration,P1D4,180,0.6212915393941626,-0.6212854357950485
max_edge,source_blocked,configuration,P2D2_ALL_TO_ALL,180,0.37519970781344447,-0.3744302055544888
max_edge,source_blocked,configuration,P2D2_MATCHING,180,0.04420577976657956,0.04379552175927982
max_edge,source_blocked,configuration,P4D1,180,0.6200089823903958,-0.6187314356261664
max_edge,source_blocked,configuration_topology,P1D4/L1,60,0.622339735313459,-0.6223214376126365
max_edge,source_blocked,configuration_topology,P1D4/L2,60,0.6212506312675435,-0.6212506312675435
max_edge,source_blocked,configuration_topology,P1D4/L3,60,0.6202835478632142,-0.6202835478632142
max_edge,source_blocked,configuration_topology,P2D2_ALL_TO_ALL/L1,60,0.3742168341365442,-0.3732508286160044
max_edge,source_blocked,configuration_topology,P2D2_ALL_TO_ALL/L2,60,0.3818951257565423,-0.38117439643822326
max_edge,source_blocked,configuration_topology,P2D2_ALL_TO_ALL/L3,60,0.36937850689805213,-0.3687563986521389
max_edge,source_blocked,configuration_topology,P2D2_MATCHING/L1,60,0.05879374214980056,0.05817827015161263
max_edge,source_blocked,configuration_topology,P2D2_MATCHING/L2,60,0.03610831419113207,0.03608882756797372
max_edge,source_blocked,configuration_topology,P2D2_MATCHING/L3,60,0.03804386122527842,0.03744404129029871
max_edge,source_blocked,configuration_topology,P4D1/L1,60,0.622544665594513,-0.6216112887108313
max_edge,source_blocked,configuration_topology,P4D1/L2,60,0.6194953933813501,-0.6180925377165827
max_edge,source_blocked,configuration_topology,P4D1/L3,60,0.6179649958698367,-0.6164656627175429
max_edge,source_blocked,model,deepseek-v2-lite,360,0.5154901396865408,-0.5078862447260055
max_edge,source_blocked,model,qwen3-8b,360,0.3706635711585874,-0.3253194572031886
max_edge,source_blocked,model_configuration,deepseek-v2-lite/P1D4,90,0.6347766711704295,-0.6347766711704294
max_edge,source_blocked,model_configuration,deepseek-v2-lite/P2D2_ALL_TO_ALL,90,0.3878079123492862,-0.3873533566910057
max_edge,source_blocked,model_configuration,deepseek-v2-lite/P2D2_MATCHING,90,0.03334889785578314,0.03289001566595277
max_edge,source_blocked,model_configuration,deepseek-v2-lite/P4D1,90,0.6327215700861584,-0.6327215700861584
max_edge,source_blocked,model_configuration,qwen3-8b/P1D4,90,0.4645176271686003,-0.4644405650406664
max_edge,source_blocked,model_configuration,qwen3-8b/P2D2_ALL_TO_ALL,90,0.2526348242117127,-0.2488037128756835
max_edge,source_blocked,model_configuration,qwen3-8b/P2D2_MATCHING,90,0.13580881567155004,0.13580881567154998
max_edge,source_blocked,model_configuration,qwen3-8b/P4D1,90,0.4701168714931174,-0.45377597288871346
max_edge,source_blocked,overall,all,720,0.5031999437369921,-0.49239335819737123
max_edge,source_blocked,source_model_configuration,phase64/deepseek-v2-lite/P1D4,30,0.47889406321305394,-0.4788940632130539
max_edge,source_blocked,source_model_configuration,phase64/deepseek-v2-lite/P2D2_ALL_TO_ALL,30,0.26664664638213126,-0.26228154029968953
max_edge,source_blocked,source_model_configuration,phase64/deepseek-v2-lite/P2D2_MATCHING,30,0.0762722199235575,0.07627221992355752
max_edge,source_blocked,source_model_configuration,phase64/deepseek-v2-lite/P4D1,30,0.46872683697707673,-0.46872683697707673
max_edge,source_blocked,source_model_configuration,phase64/qwen3-8b/P1D4,30,0.1561790601046449,-0.15617906010464486
max_edge,source_blocked,source_model_configuration,phase64/qwen3-8b/P2D2_ALL_TO_ALL,30,0.07756464775397189,-0.05597205992049746
max_edge,source_blocked,source_model_configuration,phase64/qwen3-8b/P2D2_MATCHING,30,0.20572404982501902,0.205724049825019
max_edge,source_blocked,source_model_configuration,phase64/qwen3-8b/P4D1,30,0.17097802275252882,-0.053572756108012994
max_edge,source_blocked,source_model_configuration,phase66/deepseek-v2-lite/P1D4,30,0.565189205575417,-0.565189205575417
max_edge,source_blocked,source_model_configuration,phase66/deepseek-v2-lite/P2D2_ALL_TO_ALL,30,0.34704100561318024,-0.34704100561318024
max_edge,source_blocked,source_model_configuration,phase66/deepseek-v2-lite/P2D2_MATCHING,30,0.03279952171365006,0.030852185329366694
max_edge,source_blocked,source_model_configuration,phase66/deepseek-v2-lite/P4D1,30,0.5627807785959855,-0.5627807785959854
max_edge,source_blocked,source_model_configuration,phase66/qwen3-8b/P1D4,30,0.33068682816042094,-0.33033893721682817
max_edge,source_blocked,source_model_configuration,phase66/qwen3-8b/P2D2_ALL_TO_ALL,30,0.19117494599635113,-0.19075048008367568
max_edge,source_blocked,source_model_configuration,phase66/qwen3-8b/P2D2_MATCHING,30,0.1435669867124427,0.14356698671244278
max_edge,source_blocked,source_model_configuration,phase66/qwen3-8b/P4D1,30,0.31835127202142044,-0.31077652792414096
max_edge,source_blocked,source_model_configuration,phase68/deepseek-v2-lite/P1D4,30,0.6749436872845138,-0.6749436872845139
max_edge,source_blocked,source_model_configuration,phase68/deepseek-v2-lite/P2D2_ALL_TO_ALL,30,0.42122183794712253,-0.4212218379471225
max_edge,source_blocked,source_model_configuration,phase68/deepseek-v2-lite/P2D2_MATCHING,30,0.02551085742799532,0.02551085742799532
max_edge,source_blocked,source_model_configuration,phase68/deepseek-v2-lite/P4D1,30,0.6736615891266305,-0.6736615891266305
max_edge,source_blocked,source_model_configuration,phase68/qwen3-8b/P1D4,30,0.5769000505543445,-0.5769000505543445
max_edge,source_blocked,source_model_configuration,phase68/qwen3-8b/P2D2_ALL_TO_ALL,30,0.33322676472128065,-0.33322676472128065
max_edge,source_blocked,source_model_configuration,phase68/qwen3-8b/P2D2_MATCHING,30,0.10388111054995514,0.10388111054995516
max_edge,source_blocked,source_model_configuration,phase68/qwen3-8b/P4D1,30,0.577998480919238,-0.577998480919238
r61_graph,payload_cohort,configuration,P1D4,180,0.0556207784479238,0.053388960741472445
r61_graph,payload_cohort,configuration,P2D2_ALL_TO_ALL,180,0.03705534117493772,-0.03513195509672341
r61_graph,payload_cohort,configuration,P2D2_MATCHING,180,0.13252475338312114,-0.1325247533831212
r61_graph,payload_cohort,configuration,P4D1,180,0.06296422477145626,0.060492874448304076
r61_graph,payload_cohort,configuration_topology,P1D4/L1,60,0.05584843651676935,0.05171669221588426
r61_graph,payload_cohort,configuration_topology,P1D4/L2,60,0.05397487258878289,0.052629273076677384
r61_graph,payload_cohort,configuration_topology,P1D4/L3,60,0.05703744524579712,0.055821319967431185
r61_graph,payload_cohort,configuration_topology,P2D2_ALL_TO_ALL/L1,60,0.036063123319300595,-0.03300263244243927
r61_graph,payload_cohort,configuration_topology,P2D2_ALL_TO_ALL/L2,60,0.046418262295319195,-0.045956422971705754
r61_graph,payload_cohort,configuration_topology,P2D2_ALL_TO_ALL/L3,60,0.028531772712276367,-0.026262443879747785
r61_graph,payload_cohort,configuration_topology,P2D2_MATCHING/L1,60,0.12163363416167224,-0.12163363416167233
r61_graph,payload_cohort,configuration_topology,P2D2_MATCHING/L2,60,0.13845648291850834,-0.1384564829185084
r61_graph,payload_cohort,configuration_topology,P2D2_MATCHING/L3,60,0.13723857858033647,-0.1372385785803365
r61_graph,payload_cohort,configuration_topology,P4D1/L1,60,0.05855834500456754,0.053694234836429794
r61_graph,payload_cohort,configuration_topology,P4D1/L2,60,0.06259711709413278,0.06140632194670288
r61_graph,payload_cohort,configuration_topology,P4D1/L3,60,0.06777629445700029,0.06643714793933765
r61_graph,payload_cohort,model,deepseek-v2-lite,360,0.034842564315110715,0.005735637466305352
r61_graph,payload_cohort,model,qwen3-8b,360,0.3690654720656691,0.12647397906576632
r61_graph,payload_cohort,model_configuration,deepseek-v2-lite/P1D4,90,0.027678529506488816,0.025254738815216067
r61_graph,payload_cohort,model_configuration,deepseek-v2-lite/P2D2_ALL_TO_ALL,90,0.025132757113652465,-0.023011513016380068
r61_graph,payload_cohort,model_configuration,deepseek-v2-lite/P2D2_MATCHING,90,0.07735028264954236,-0.07735028264954226
r61_graph,payload_cohort,model_configuration,deepseek-v2-lite/P4D1,90,0.03370476697486707,0.031023817510559756
r61_graph,payload_cohort,model_configuration,qwen3-8b/P1D4,90,0.38046860015323697,0.380468600153237
r61_graph,payload_cohort,model_configuration,qwen3-8b/P2D2_ALL_TO_ALL,90,0.15295527946902557,-0.15295527946902565
r61_graph,payload_cohort,model_configuration,qwen3-8b/P2D2_MATCHING,90,0.5980496679186436,-0.5980496679186436
r61_graph,payload_cohort,model_configuration,qwen3-8b/P4D1,90,0.4079578639738426,0.4079578639738427
r61_graph,payload_cohort,overall,all,720,0.06320521261116203,0.015981670994293876
r61_graph,payload_cohort,source_model_configuration,phase64/deepseek-v2-lite/P1D4,30,0.10036020253654102,0.1001828068733247
r61_graph,payload_cohort,source_model_configuration,phase64/deepseek-v2-lite/P2D2_ALL_TO_ALL,30,0.0454929300788599,-0.03402971295602949
r61_graph,payload_cohort,source_model_configuration,phase64/deepseek-v2-lite/P2D2_MATCHING,30,0.18205480133585392,-0.182054801335854
r61_graph,payload_cohort,source_model_configuration,phase64/deepseek-v2-lite/P4D1,30,0.12292528652911473,0.12164832224891861
r61_graph,payload_cohort,source_model_configuration,phase64/qwen3-8b/P1D4,30,0.9111042574903084,0.9111042574903084
r61_graph,payload_cohort,source_model_configuration,phase64/qwen3-8b/P2D2_ALL_TO_ALL,30,0.25475475624637334,-0.25475475624637334
r61_graph,payload_cohort,source_model_configuration,phase64/qwen3-8b/P2D2_MATCHING,30,0.9091263055208313,-0.9091263055208313
r61_graph,payload_cohort,source_model_configuration,phase64/qwen3-8b/P4D1,30,1.143489275617052,1.1434892756170523
r61_graph,payload_cohort,source_model_configuration,phase66/deepseek-v2-lite/P1D4,30,0.05568976871305494,0.04924679390861886
r61_graph,payload_cohort,source_model_configuration,phase66/deepseek-v2-lite/P2D2_ALL_TO_ALL,30,0.03677935204082567,-0.03370846495379634
r61_graph,payload_cohort,source_model_configuration,phase66/deepseek-v2-lite/P2D2_MATCHING,30,0.11614271479413726,-0.11614271479413721
r61_graph,payload_cohort,source_model_configuration,phase66/deepseek-v2-lite/P4D1,30,0.062329925032237235,0.055058596004920975
r61_graph,payload_cohort,source_model_configuration,phase66/qwen3-8b/P1D4,30,0.570283137668961,0.570283137668961
r61_graph,payload_cohort,source_model_configuration,phase66/qwen3-8b/P2D2_ALL_TO_ALL,30,0.21527093837260414,-0.21527093837260422
r61_graph,payload_cohort,source_model_configuration,phase66/qwen3-8b/P2D2_MATCHING,30,0.7599431789548878,-0.7599431789548879
r61_graph,payload_cohort,source_model_configuration,phase66/qwen3-8b/P4D1,30,0.6161548825734897,0.6161548825734898
r61_graph,payload_cohort,source_model_configuration,phase68/deepseek-v2-lite/P1D4,30,0.010268371270382796,0.00875842442931489
r61_graph,payload_cohort,source_model_configuration,phase68/deepseek-v2-lite/P2D2_ALL_TO_ALL,30,0.01782759948420888,-0.017509612330166874
r61_graph,payload_cohort,source_model_configuration,phase68/deepseek-v2-lite/P2D2_MATCHING,30,0.043540727097571875,-0.04354072709757184
r61_graph,payload_cohort,source_model_configuration,phase68/deepseek-v2-lite/P4D1,30,0.014228726064472464,0.012737203696530796
r61_graph,payload_cohort,source_model_configuration,phase68/qwen3-8b/P1D4,30,0.20106019408230305,0.20106019408230288
r61_graph,payload_cohort,source_model_configuration,phase68/qwen3-8b/P2D2_ALL_TO_ALL,30,0.0941152233754452,-0.09411522337544512
r61_graph,payload_cohort,source_model_configuration,phase68/qwen3-8b/P2D2_MATCHING,30,0.3899972627419769,-0.3899972627419769
r61_graph,payload_cohort,source_model_configuration,phase68/qwen3-8b/P4D1,30,0.19794206327426694,0.19794206327426678
r61_graph,topology,configuration,P1D4,180,0.0556207784479238,0.053388960741472445
r61_graph,topology,configuration,P2D2_ALL_TO_ALL,180,0.03705534117493772,-0.03513195509672341
r61_graph,topology,configuration,P2D2_MATCHING,180,0.13252475338312114,-0.1325247533831212
r61_graph,topology,configuration,P4D1,180,0.06296422477145626,0.060492874448304076
r61_graph,topology,configuration_topology,P1D4/L1,60,0.05584843651676935,0.05171669221588426
r61_graph,topology,configuration_topology,P1D4/L2,60,0.05397487258878289,0.052629273076677384
r61_graph,topology,configuration_topology,P1D4/L3,60,0.05703744524579712,0.055821319967431185
r61_graph,topology,configuration_topology,P2D2_ALL_TO_ALL/L1,60,0.036063123319300595,-0.03300263244243927
r61_graph,topology,configuration_topology,P2D2_ALL_TO_ALL/L2,60,0.046418262295319195,-0.045956422971705754
r61_graph,topology,configuration_topology,P2D2_ALL_TO_ALL/L3,60,0.028531772712276367,-0.026262443879747785
r61_graph,topology,configuration_topology,P2D2_MATCHING/L1,60,0.12163363416167224,-0.12163363416167233
r61_graph,topology,configuration_topology,P2D2_MATCHING/L2,60,0.13845648291850834,-0.1384564829185084
r61_graph,topology,configuration_topology,P2D2_MATCHING/L3,60,0.13723857858033647,-0.1372385785803365
r61_graph,topology,configuration_topology,P4D1/L1,60,0.05855834500456754,0.053694234836429794
r61_graph,topology,configuration_topology,P4D1/L2,60,0.06259711709413278,0.06140632194670288
r61_graph,topology,configuration_topology,P4D1/L3,60,0.06777629445700029,0.06643714793933765
r61_graph,topology,model,deepseek-v2-lite,360,0.034842564315110715,0.005735637466305352
r61_graph,topology,model,qwen3-8b,360,0.3690654720656691,0.12647397906576632
r61_graph,topology,model_configuration,deepseek-v2-lite/P1D4,90,0.027678529506488816,0.025254738815216067
r61_graph,topology,model_configuration,deepseek-v2-lite/P2D2_ALL_TO_ALL,90,0.025132757113652465,-0.023011513016380068
r61_graph,topology,model_configuration,deepseek-v2-lite/P2D2_MATCHING,90,0.07735028264954236,-0.07735028264954226
r61_graph,topology,model_configuration,deepseek-v2-lite/P4D1,90,0.03370476697486707,0.031023817510559756
r61_graph,topology,model_configuration,qwen3-8b/P1D4,90,0.38046860015323697,0.380468600153237
r61_graph,topology,model_configuration,qwen3-8b/P2D2_ALL_TO_ALL,90,0.15295527946902557,-0.15295527946902565
r61_graph,topology,model_configuration,qwen3-8b/P2D2_MATCHING,90,0.5980496679186436,-0.5980496679186436
r61_graph,topology,model_configuration,qwen3-8b/P4D1,90,0.4079578639738426,0.4079578639738427
r61_graph,topology,overall,all,720,0.06320521261116203,0.015981670994293876
r61_graph,topology,source_model_configuration,phase64/deepseek-v2-lite/P1D4,30,0.10036020253654102,0.1001828068733247
r61_graph,topology,source_model_configuration,phase64/deepseek-v2-lite/P2D2_ALL_TO_ALL,30,0.0454929300788599,-0.03402971295602949
r61_graph,topology,source_model_configuration,phase64/deepseek-v2-lite/P2D2_MATCHING,30,0.18205480133585392,-0.182054801335854
r61_graph,topology,source_model_configuration,phase64/deepseek-v2-lite/P4D1,30,0.12292528652911473,0.12164832224891861
r61_graph,topology,source_model_configuration,phase64/qwen3-8b/P1D4,30,0.9111042574903084,0.9111042574903084
r61_graph,topology,source_model_configuration,phase64/qwen3-8b/P2D2_ALL_TO_ALL,30,0.25475475624637334,-0.25475475624637334
r61_graph,topology,source_model_configuration,phase64/qwen3-8b/P2D2_MATCHING,30,0.9091263055208313,-0.9091263055208313
r61_graph,topology,source_model_configuration,phase64/qwen3-8b/P4D1,30,1.143489275617052,1.1434892756170523
r61_graph,topology,source_model_configuration,phase66/deepseek-v2-lite/P1D4,30,0.05568976871305494,0.04924679390861886
r61_graph,topology,source_model_configuration,phase66/deepseek-v2-lite/P2D2_ALL_TO_ALL,30,0.03677935204082567,-0.03370846495379634
r61_graph,topology,source_model_configuration,phase66/deepseek-v2-lite/P2D2_MATCHING,30,0.11614271479413726,-0.11614271479413721
r61_graph,topology,source_model_configuration,phase66/deepseek-v2-lite/P4D1,30,0.062329925032237235,0.055058596004920975
r61_graph,topology,source_model_configuration,phase66/qwen3-8b/P1D4,30,0.570283137668961,0.570283137668961
r61_graph,topology,source_model_configuration,phase66/qwen3-8b/P2D2_ALL_TO_ALL,30,0.21527093837260414,-0.21527093837260422
r61_graph,topology,source_model_configuration,phase66/qwen3-8b/P2D2_MATCHING,30,0.7599431789548878,-0.7599431789548879
r61_graph,topology,source_model_configuration,phase66/qwen3-8b/P4D1,30,0.6161548825734897,0.6161548825734898
r61_graph,topology,source_model_configuration,phase68/deepseek-v2-lite/P1D4,30,0.010268371270382796,0.00875842442931489
r61_graph,topology,source_model_configuration,phase68/deepseek-v2-lite/P2D2_ALL_TO_ALL,30,0.01782759948420888,-0.017509612330166874
r61_graph,topology,source_model_configuration,phase68/deepseek-v2-lite/P2D2_MATCHING,30,0.043540727097571875,-0.04354072709757184
r61_graph,topology,source_model_configuration,phase68/deepseek-v2-lite/P4D1,30,0.014228726064472464,0.012737203696530796
r61_graph,topology,source_model_configuration,phase68/qwen3-8b/P1D4,30,0.20106019408230305,0.20106019408230288
r61_graph,topology,source_model_configuration,phase68/qwen3-8b/P2D2_ALL_TO_ALL,30,0.0941152233754452,-0.09411522337544512
r61_graph,topology,source_model_configuration,phase68/qwen3-8b/P2D2_MATCHING,30,0.3899972627419769,-0.3899972627419769
r61_graph,topology,source_model_configuration,phase68/qwen3-8b/P4D1,30,0.19794206327426694,0.19794206327426678
r61_graph,tail64,configuration,P1D4,24,0.02121002291085805,0.01995732543051878
r61_graph,tail64,configuration,P2D2_ALL_TO_ALL,24,0.022919728613828284,-0.022275818695252612
r61_graph,tail64,configuration,P2D2_MATCHING,18,0.06486259593153343,-0.06486259593153348
r61_graph,tail64,configuration,P4D1,24,0.029314057140797007,0.02805035407203922
r61_graph,tail64,configuration_topology,P1D4/L1,8,0.017313363765009672,0.013556627988491174
r61_graph,tail64,configuration_topology,P1D4/L2,8,0.021918855382582012,0.02191885538258189
r61_graph,tail64,configuration_topology,P1D4/L3,8,0.024398660885338458,0.024398660885338357
r61_graph,tail64,configuration_topology,P2D2_ALL_TO_ALL/L1,8,0.020252513662893414,-0.0202525136628934
r61_graph,tail64,configuration_topology,P2D2_ALL_TO_ALL/L2,8,0.03561004134413356,-0.03561004134413367
r61_graph,tail64,configuration_topology,P2D2_ALL_TO_ALL/L3,8,0.01261433483247351,-0.010669825787471712
r61_graph,tail64,configuration_topology,P2D2_MATCHING/L1,6,0.04979147323618062,-0.04979147323618059
r61_graph,tail64,configuration_topology,P2D2_MATCHING/L2,6,0.07397880538016717,-0.07397880538016703
r61_graph,tail64,configuration_topology,P2D2_MATCHING/L3,6,0.07030898930986512,-0.07030898930986511
r61_graph,tail64,configuration_topology,P4D1/L1,8,0.02267015326767749,0.018890459806604126
r61_graph,tail64,configuration_topology,P4D1/L2,8,0.030034863754917516,0.030034863754917377
r61_graph,tail64,configuration_topology,P4D1/L3,8,0.03527148631981821,0.035271486319818086
r61_graph,tail64,model,deepseek-v2-lite,45,0.016903125256003234,0.002143151288316869
r61_graph,tail64,model,qwen3-8b,45,0.16822839491981026,0.05820288512151725
r61_graph,tail64,model_configuration,deepseek-v2-lite/P1D4,12,0.01094573269368252,0.00959249884774025
r61_graph,tail64,model_configuration,deepseek-v2-lite/P2D2_ALL_TO_ALL,12,0.016552216613399576,-0.015852101139030458
r61_graph,tail64,model_configuration,deepseek-v2-lite/P2D2_MATCHING,9,0.03975072730386833,-0.039750727303868416
r61_graph,tail64,model_configuration,deepseek-v2-lite/P4D1,12,0.017230397638450717,0.015867603372333713
r61_graph,tail64,model_configuration,qwen3-8b/P1D4,12,0.14910454560834677,0.14910454560834682
r61_graph,tail64,model_configuration,qwen3-8b/P2D2_ALL_TO_ALL,12,0.09586810668497418,-0.09586810668497416
r61_graph,tail64,model_configuration,qwen3-8b/P2D2_MATCHING,9,0.3393653173809351,-0.339365317380935
r61_graph,tail64,model_configuration,qwen3-8b/P4D1,12,0.1834161166768592,0.1834161166768592
r61_graph,tail64,overall,all,90,0.028378985626809152,0.006394481415291701
r61_graph,tail64,source_model_configuration,phase68/deepseek-v2-lite/P1D4,12,0.01094573269368252,0.00959249884774025
r61_graph,tail64,source_model_configuration,phase68/deepseek-v2-lite/P2D2_ALL_TO_ALL,12,0.016552216613399576,-0.015852101139030458
r61_graph,tail64,source_model_configuration,phase68/deepseek-v2-lite/P2D2_MATCHING,9,0.03975072730386833,-0.039750727303868416
r61_graph,tail64,source_model_configuration,phase68/deepseek-v2-lite/P4D1,12,0.017230397638450717,0.015867603372333713
r61_graph,tail64,source_model_configuration,phase68/qwen3-8b/P1D4,12,0.14910454560834677,0.14910454560834682
r61_graph,tail64,source_model_configuration,phase68/qwen3-8b/P2D2_ALL_TO_ALL,12,0.09586810668497418,-0.09586810668497416
r61_graph,tail64,source_model_configuration,phase68/qwen3-8b/P2D2_MATCHING,9,0.3393653173809351,-0.339365317380935
r61_graph,tail64,source_model_configuration,phase68/qwen3-8b/P4D1,12,0.1834161166768592,0.1834161166768592
r61_graph,source_blocked,configuration,P1D4,180,0.0556207784479238,0.053388960741472445
r61_graph,source_blocked,configuration,P2D2_ALL_TO_ALL,180,0.03705534117493772,-0.03513195509672341
r61_graph,source_blocked,configuration,P2D2_MATCHING,180,0.13252475338312114,-0.1325247533831212
r61_graph,source_blocked,configuration,P4D1,180,0.06296422477145626,0.060492874448304076
r61_graph,source_blocked,configuration_topology,P1D4/L1,60,0.05584843651676935,0.05171669221588426
r61_graph,source_blocked,configuration_topology,P1D4/L2,60,0.05397487258878289,0.052629273076677384
r61_graph,source_blocked,configuration_topology,P1D4/L3,60,0.05703744524579712,0.055821319967431185
r61_graph,source_blocked,configuration_topology,P2D2_ALL_TO_ALL/L1,60,0.036063123319300595,-0.03300263244243927
r61_graph,source_blocked,configuration_topology,P2D2_ALL_TO_ALL/L2,60,0.046418262295319195,-0.045956422971705754
r61_graph,source_blocked,configuration_topology,P2D2_ALL_TO_ALL/L3,60,0.028531772712276367,-0.026262443879747785
r61_graph,source_blocked,configuration_topology,P2D2_MATCHING/L1,60,0.12163363416167224,-0.12163363416167233
r61_graph,source_blocked,configuration_topology,P2D2_MATCHING/L2,60,0.13845648291850834,-0.1384564829185084
r61_graph,source_blocked,configuration_topology,P2D2_MATCHING/L3,60,0.13723857858033647,-0.1372385785803365
r61_graph,source_blocked,configuration_topology,P4D1/L1,60,0.05855834500456754,0.053694234836429794
r61_graph,source_blocked,configuration_topology,P4D1/L2,60,0.06259711709413278,0.06140632194670288
r61_graph,source_blocked,configuration_topology,P4D1/L3,60,0.06777629445700029,0.06643714793933765
r61_graph,source_blocked,model,deepseek-v2-lite,360,0.034842564315110715,0.005735637466305352
r61_graph,source_blocked,model,qwen3-8b,360,0.3690654720656691,0.12647397906576632
r61_graph,source_blocked,model_configuration,deepseek-v2-lite/P1D4,90,0.027678529506488816,0.025254738815216067
r61_graph,source_blocked,model_configuration,deepseek-v2-lite/P2D2_ALL_TO_ALL,90,0.025132757113652465,-0.023011513016380068
r61_graph,source_blocked,model_configuration,deepseek-v2-lite/P2D2_MATCHING,90,0.07735028264954236,-0.07735028264954226
r61_graph,source_blocked,model_configuration,deepseek-v2-lite/P4D1,90,0.03370476697486707,0.031023817510559756
r61_graph,source_blocked,model_configuration,qwen3-8b/P1D4,90,0.38046860015323697,0.380468600153237
r61_graph,source_blocked,model_configuration,qwen3-8b/P2D2_ALL_TO_ALL,90,0.15295527946902557,-0.15295527946902565
r61_graph,source_blocked,model_configuration,qwen3-8b/P2D2_MATCHING,90,0.5980496679186436,-0.5980496679186436
r61_graph,source_blocked,model_configuration,qwen3-8b/P4D1,90,0.4079578639738426,0.4079578639738427
r61_graph,source_blocked,overall,all,720,0.06320521261116203,0.015981670994293876
r61_graph,source_blocked,source_model_configuration,phase64/deepseek-v2-lite/P1D4,30,0.10036020253654102,0.1001828068733247
r61_graph,source_blocked,source_model_configuration,phase64/deepseek-v2-lite/P2D2_ALL_TO_ALL,30,0.0454929300788599,-0.03402971295602949
r61_graph,source_blocked,source_model_configuration,phase64/deepseek-v2-lite/P2D2_MATCHING,30,0.18205480133585392,-0.182054801335854
r61_graph,source_blocked,source_model_configuration,phase64/deepseek-v2-lite/P4D1,30,0.12292528652911473,0.12164832224891861
r61_graph,source_blocked,source_model_configuration,phase64/qwen3-8b/P1D4,30,0.9111042574903084,0.9111042574903084
r61_graph,source_blocked,source_model_configuration,phase64/qwen3-8b/P2D2_ALL_TO_ALL,30,0.25475475624637334,-0.25475475624637334
r61_graph,source_blocked,source_model_configuration,phase64/qwen3-8b/P2D2_MATCHING,30,0.9091263055208313,-0.9091263055208313
r61_graph,source_blocked,source_model_configuration,phase64/qwen3-8b/P4D1,30,1.143489275617052,1.1434892756170523
r61_graph,source_blocked,source_model_configuration,phase66/deepseek-v2-lite/P1D4,30,0.05568976871305494,0.04924679390861886
r61_graph,source_blocked,source_model_configuration,phase66/deepseek-v2-lite/P2D2_ALL_TO_ALL,30,0.03677935204082567,-0.03370846495379634
r61_graph,source_blocked,source_model_configuration,phase66/deepseek-v2-lite/P2D2_MATCHING,30,0.11614271479413726,-0.11614271479413721
r61_graph,source_blocked,source_model_configuration,phase66/deepseek-v2-lite/P4D1,30,0.062329925032237235,0.055058596004920975
r61_graph,source_blocked,source_model_configuration,phase66/qwen3-8b/P1D4,30,0.570283137668961,0.570283137668961
r61_graph,source_blocked,source_model_configuration,phase66/qwen3-8b/P2D2_ALL_TO_ALL,30,0.21527093837260414,-0.21527093837260422
r61_graph,source_blocked,source_model_configuration,phase66/qwen3-8b/P2D2_MATCHING,30,0.7599431789548878,-0.7599431789548879
r61_graph,source_blocked,source_model_configuration,phase66/qwen3-8b/P4D1,30,0.6161548825734897,0.6161548825734898
r61_graph,source_blocked,source_model_configuration,phase68/deepseek-v2-lite/P1D4,30,0.010268371270382796,0.00875842442931489
r61_graph,source_blocked,source_model_configuration,phase68/deepseek-v2-lite/P2D2_ALL_TO_ALL,30,0.01782759948420888,-0.017509612330166874
r61_graph,source_blocked,source_model_configuration,phase68/deepseek-v2-lite/P2D2_MATCHING,30,0.043540727097571875,-0.04354072709757184
r61_graph,source_blocked,source_model_configuration,phase68/deepseek-v2-lite/P4D1,30,0.014228726064472464,0.012737203696530796
r61_graph,source_blocked,source_model_configuration,phase68/qwen3-8b/P1D4,30,0.20106019408230305,0.20106019408230288
r61_graph,source_blocked,source_model_configuration,phase68/qwen3-8b/P2D2_ALL_TO_ALL,30,0.0941152233754452,-0.09411522337544512
r61_graph,source_blocked,source_model_configuration,phase68/qwen3-8b/P2D2_MATCHING,30,0.3899972627419769,-0.3899972627419769
r61_graph,source_blocked,source_model_configuration,phase68/qwen3-8b/P4D1,30,0.19794206327426694,0.19794206327426678
r65_frozen,payload_cohort,configuration,P1D4,180,0.0650077797583788,-0.05985744502764999
r65_frozen,payload_cohort,configuration,P2D2_ALL_TO_ALL,180,0.052269576144167086,-0.047936333421553956
r65_frozen,payload_cohort,configuration,P2D2_MATCHING,180,0.03886665913741778,-0.03383678483294187
r65_frozen,payload_cohort,configuration,P4D1,180,0.05442483536163996,-0.04965899595996986
r65_frozen,payload_cohort,configuration_topology,P1D4/L1,60,0.06923900210274345,-0.062296425458063465
r65_frozen,payload_cohort,configuration_topology,P1D4/L2,60,0.06361804466095212,-0.059819472385670265
r65_frozen,payload_cohort,configuration_topology,P1D4/L3,60,0.06216238340065261,-0.05745484966912231
r65_frozen,payload_cohort,configuration_topology,P2D2_ALL_TO_ALL/L1,60,0.05145165730861448,-0.04567544884984089
r65_frozen,payload_cohort,configuration_topology,P2D2_ALL_TO_ALL/L2,60,0.060602230891980524,-0.058601666427830136
r65_frozen,payload_cohort,configuration_topology,P2D2_ALL_TO_ALL/L3,60,0.04461863928669641,-0.039360473964600115
r65_frozen,payload_cohort,configuration_topology,P2D2_MATCHING/L1,60,0.028403416813250565,-0.020857750478361064
r65_frozen,payload_cohort,configuration_topology,P2D2_MATCHING/L2,60,0.04470908232421613,-0.040676558405495604
r65_frozen,payload_cohort,configuration_topology,P2D2_MATCHING/L3,60,0.043251881894977695,-0.03968289326953972
r65_frozen,payload_cohort,configuration_topology,P4D1/L1,60,0.06062734364633116,-0.05561756690981023
r65_frozen,payload_cohort,configuration_topology,P4D1/L2,60,0.053151015538268544,-0.04898455222456953
r65_frozen,payload_cohort,configuration_topology,P4D1/L3,60,0.04944261083467263,-0.04432298323957981
r65_frozen,payload_cohort,model,deepseek-v2-lite,360,0.0489950293603244,-0.04527257871967581
r65_frozen,payload_cohort,model,qwen3-8b,360,0.12888829715302294,-0.11201807892750594
r65_frozen,payload_cohort,model_configuration,deepseek-v2-lite/P1D4,90,0.05060596189319704,-0.04678357226949064
r65_frozen,payload_cohort,model_configuration,deepseek-v2-lite/P2D2_ALL_TO_ALL,90,0.04949376848294065,-0.0464258274366313
r65_frozen,payload_cohort,model_configuration,deepseek-v2-lite/P2D2_MATCHING,90,0.03316977979508985,-0.028564389103077962
r65_frozen,payload_cohort,model_configuration,deepseek-v2-lite/P4D1,90,0.05234884645659375,-0.04862870839089834
r65_frozen,payload_cohort,model_configuration,qwen3-8b/P1D4,90,0.23243879692190642,-0.2118501889059937
r65_frozen,payload_cohort,model_configuration,qwen3-8b/P2D2_ALL_TO_ALL,90,0.07925331851064527,-0.06262002527438451
r65_frozen,payload_cohort,model_configuration,qwen3-8b/P2D2_MATCHING,90,0.08693307887277534,-0.07832169857854111
r65_frozen,payload_cohort,model_configuration,qwen3-8b/P4D1,90,0.07890249220253867,-0.06180695373656332
r65_frozen,payload_cohort,overall,all,720,0.055774889756122686,-0.05093670019022304
r65_frozen,payload_cohort,source_model_configuration,phase64/deepseek-v2-lite/P1D4,30,0.018821140478519086,4.64573064175439e-06
r65_frozen,payload_cohort,source_model_configuration,phase64/deepseek-v2-lite/P2D2_ALL_TO_ALL,30,0.017972807291677106,1.191496882112998e-06
r65_frozen,payload_cohort,source_model_configuration,phase64/deepseek-v2-lite/P2D2_MATCHING,30,0.010393404261409524,1.6808737685849603e-07
r65_frozen,payload_cohort,source_model_configuration,phase64/deepseek-v2-lite/P4D1,30,0.020839032816420258,4.403799284941095e-06
r65_frozen,payload_cohort,source_model_configuration,phase64/qwen3-8b/P1D4,30,0.07156992767340109,1.885093834878494e-06
r65_frozen,payload_cohort,source_model_configuration,phase64/qwen3-8b/P2D2_ALL_TO_ALL,30,0.038505292413362854,8.707073679391353e-07
r65_frozen,payload_cohort,source_model_configuration,phase64/qwen3-8b/P2D2_MATCHING,30,0.03323091665147219,-3.936479455574017e-08
r65_frozen,payload_cohort,source_model_configuration,phase64/qwen3-8b/P4D1,30,0.07751636237264464,4.93710185305268e-06
r65_frozen,payload_cohort,source_model_configuration,phase66/deepseek-v2-lite/P1D4,30,0.04139857826533008,-0.031025243525715326
r65_frozen,payload_cohort,source_model_configuration,phase66/deepseek-v2-lite/P2D2_ALL_TO_ALL,30,0.055208061192098916,-0.050083856301041216
r65_frozen,payload_cohort,source_model_configuration,phase66/deepseek-v2-lite/P2D2_MATCHING,30,0.04820539757869057,-0.03397983885997766
r65_frozen,payload_cohort,source_model_configuration,phase66/deepseek-v2-lite/P4D1,30,0.05032142742076984,-0.041167246133243025
r65_frozen,payload_cohort,source_model_configuration,phase66/qwen3-8b/P1D4,30,0.16150257630765785,-0.1129793147842541
r65_frozen,payload_cohort,source_model_configuration,phase66/qwen3-8b/P2D2_ALL_TO_ALL,30,0.09898428728212738,-0.06664441338629143
r65_frozen,payload_cohort,source_model_configuration,phase66/qwen3-8b/P2D2_MATCHING,30,0.07005562086078099,-0.06379115878150537
r65_frozen,payload_cohort,source_model_configuration,phase66/qwen3-8b/P4D1,30,0.11185195626205718,-0.0781236726377945
r65_frozen,payload_cohort,source_model_configuration,phase68/deepseek-v2-lite/P1D4,30,0.057315414411611046,-0.05731541441161108
r65_frozen,payload_cohort,source_model_configuration,phase68/deepseek-v2-lite/P2D2_ALL_TO_ALL,30,0.05243512855702733,-0.05243512855702729
r65_frozen,payload_cohort,source_model_configuration,phase68/deepseek-v2-lite/P2D2_MATCHING,30,0.031932015243637125,-0.03193201524363705
r65_frozen,payload_cohort,source_model_configuration,phase68/deepseek-v2-lite/P4D1,30,0.05682874215238328,-0.05682874215238332
r65_frozen,payload_cohort,source_model_configuration,phase68/qwen3-8b/P1D4,30,0.29145645787809255,-0.2914564578780926
r65_frozen,payload_cohort,source_model_configuration,phase68/qwen3-8b/P2D2_ALL_TO_ALL,30,0.0826727668417219,-0.07972628914112975
r65_frozen,payload_cohort,source_model_configuration,phase68/qwen3-8b/P2D2_MATCHING,30,0.11711388320247738,-0.11711388320247736
r65_frozen,payload_cohort,source_model_configuration,phase68/qwen3-8b/P4D1,30,0.06813236960111616,-0.06813236960111618
r65_frozen,topology,configuration,P1D4,180,0.0650077797583788,-0.05985744502764999
r65_frozen,topology,configuration,P2D2_ALL_TO_ALL,180,0.052269576144167086,-0.047936333421553956
r65_frozen,topology,configuration,P2D2_MATCHING,180,0.03886665913741778,-0.03383678483294187
r65_frozen,topology,configuration,P4D1,180,0.05442483536163996,-0.04965899595996986
r65_frozen,topology,configuration_topology,P1D4/L1,60,0.06923900210274345,-0.062296425458063465
r65_frozen,topology,configuration_topology,P1D4/L2,60,0.06361804466095212,-0.059819472385670265
r65_frozen,topology,configuration_topology,P1D4/L3,60,0.06216238340065261,-0.05745484966912231
r65_frozen,topology,configuration_topology,P2D2_ALL_TO_ALL/L1,60,0.05145165730861448,-0.04567544884984089
r65_frozen,topology,configuration_topology,P2D2_ALL_TO_ALL/L2,60,0.060602230891980524,-0.058601666427830136
r65_frozen,topology,configuration_topology,P2D2_ALL_TO_ALL/L3,60,0.04461863928669641,-0.039360473964600115
r65_frozen,topology,configuration_topology,P2D2_MATCHING/L1,60,0.028403416813250565,-0.020857750478361064
r65_frozen,topology,configuration_topology,P2D2_MATCHING/L2,60,0.04470908232421613,-0.040676558405495604
r65_frozen,topology,configuration_topology,P2D2_MATCHING/L3,60,0.043251881894977695,-0.03968289326953972
r65_frozen,topology,configuration_topology,P4D1/L1,60,0.06062734364633116,-0.05561756690981023
r65_frozen,topology,configuration_topology,P4D1/L2,60,0.053151015538268544,-0.04898455222456953
r65_frozen,topology,configuration_topology,P4D1/L3,60,0.04944261083467263,-0.04432298323957981
r65_frozen,topology,model,deepseek-v2-lite,360,0.0489950293603244,-0.04527257871967581
r65_frozen,topology,model,qwen3-8b,360,0.12888829715302294,-0.11201807892750594
r65_frozen,topology,model_configuration,deepseek-v2-lite/P1D4,90,0.05060596189319704,-0.04678357226949064
r65_frozen,topology,model_configuration,deepseek-v2-lite/P2D2_ALL_TO_ALL,90,0.04949376848294065,-0.0464258274366313
r65_frozen,topology,model_configuration,deepseek-v2-lite/P2D2_MATCHING,90,0.03316977979508985,-0.028564389103077962
r65_frozen,topology,model_configuration,deepseek-v2-lite/P4D1,90,0.05234884645659375,-0.04862870839089834
r65_frozen,topology,model_configuration,qwen3-8b/P1D4,90,0.23243879692190642,-0.2118501889059937
r65_frozen,topology,model_configuration,qwen3-8b/P2D2_ALL_TO_ALL,90,0.07925331851064527,-0.06262002527438451
r65_frozen,topology,model_configuration,qwen3-8b/P2D2_MATCHING,90,0.08693307887277534,-0.07832169857854111
r65_frozen,topology,model_configuration,qwen3-8b/P4D1,90,0.07890249220253867,-0.06180695373656332
r65_frozen,topology,overall,all,720,0.055774889756122686,-0.05093670019022304
r65_frozen,topology,source_model_configuration,phase64/deepseek-v2-lite/P1D4,30,0.018821140478519086,4.64573064175439e-06
r65_frozen,topology,source_model_configuration,phase64/deepseek-v2-lite/P2D2_ALL_TO_ALL,30,0.017972807291677106,1.191496882112998e-06
r65_frozen,topology,source_model_configuration,phase64/deepseek-v2-lite/P2D2_MATCHING,30,0.010393404261409524,1.6808737685849603e-07
r65_frozen,topology,source_model_configuration,phase64/deepseek-v2-lite/P4D1,30,0.020839032816420258,4.403799284941095e-06
r65_frozen,topology,source_model_configuration,phase64/qwen3-8b/P1D4,30,0.07156992767340109,1.885093834878494e-06
r65_frozen,topology,source_model_configuration,phase64/qwen3-8b/P2D2_ALL_TO_ALL,30,0.038505292413362854,8.707073679391353e-07
r65_frozen,topology,source_model_configuration,phase64/qwen3-8b/P2D2_MATCHING,30,0.03323091665147219,-3.936479455574017e-08
r65_frozen,topology,source_model_configuration,phase64/qwen3-8b/P4D1,30,0.07751636237264464,4.93710185305268e-06
r65_frozen,topology,source_model_configuration,phase66/deepseek-v2-lite/P1D4,30,0.04139857826533008,-0.031025243525715326
r65_frozen,topology,source_model_configuration,phase66/deepseek-v2-lite/P2D2_ALL_TO_ALL,30,0.055208061192098916,-0.050083856301041216
r65_frozen,topology,source_model_configuration,phase66/deepseek-v2-lite/P2D2_MATCHING,30,0.04820539757869057,-0.03397983885997766
r65_frozen,topology,source_model_configuration,phase66/deepseek-v2-lite/P4D1,30,0.05032142742076984,-0.041167246133243025
r65_frozen,topology,source_model_configuration,phase66/qwen3-8b/P1D4,30,0.16150257630765785,-0.1129793147842541
r65_frozen,topology,source_model_configuration,phase66/qwen3-8b/P2D2_ALL_TO_ALL,30,0.09898428728212738,-0.06664441338629143
r65_frozen,topology,source_model_configuration,phase66/qwen3-8b/P2D2_MATCHING,30,0.07005562086078099,-0.06379115878150537
r65_frozen,topology,source_model_configuration,phase66/qwen3-8b/P4D1,30,0.11185195626205718,-0.0781236726377945
r65_frozen,topology,source_model_configuration,phase68/deepseek-v2-lite/P1D4,30,0.057315414411611046,-0.05731541441161108
r65_frozen,topology,source_model_configuration,phase68/deepseek-v2-lite/P2D2_ALL_TO_ALL,30,0.05243512855702733,-0.05243512855702729
r65_frozen,topology,source_model_configuration,phase68/deepseek-v2-lite/P2D2_MATCHING,30,0.031932015243637125,-0.03193201524363705
r65_frozen,topology,source_model_configuration,phase68/deepseek-v2-lite/P4D1,30,0.05682874215238328,-0.05682874215238332
r65_frozen,topology,source_model_configuration,phase68/qwen3-8b/P1D4,30,0.29145645787809255,-0.2914564578780926
r65_frozen,topology,source_model_configuration,phase68/qwen3-8b/P2D2_ALL_TO_ALL,30,0.0826727668417219,-0.07972628914112975
r65_frozen,topology,source_model_configuration,phase68/qwen3-8b/P2D2_MATCHING,30,0.11711388320247738,-0.11711388320247736
r65_frozen,topology,source_model_configuration,phase68/qwen3-8b/P4D1,30,0.06813236960111616,-0.06813236960111618
r65_frozen,tail64,configuration,P1D4,24,0.0755119957235721,-0.07551199572357209
r65_frozen,tail64,configuration,P2D2_ALL_TO_ALL,24,0.05644233568182569,-0.05591371528648006
r65_frozen,tail64,configuration,P2D2_MATCHING,18,0.044918248224650216,-0.04491824822465025
r65_frozen,tail64,configuration,P4D1,24,0.060094762604903394,-0.06009476260490344
r65_frozen,tail64,configuration_topology,P1D4/L1,8,0.08178418599483957,-0.08178418599483948
r65_frozen,tail64,configuration_topology,P1D4/L2,8,0.07335316802162334,-0.07335316802162342
r65_frozen,tail64,configuration_topology,P1D4/L3,8,0.07139626071878195,-0.07139626071878191
r65_frozen,tail64,configuration_topology,P2D2_ALL_TO_ALL/L1,8,0.05465285012895542,-0.05382678353150269
r65_frozen,tail64,configuration_topology,P2D2_ALL_TO_ALL/L2,8,0.06881680398040452,-0.06881680398040464
r65_frozen,tail64,configuration_topology,P2D2_ALL_TO_ALL/L3,8,0.045583691005057,-0.04481176792023869
r65_frozen,tail64,configuration_topology,P2D2_MATCHING/L1,6,0.029308038417417283,-0.029308038417417387
r65_frozen,tail64,configuration_topology,P2D2_MATCHING/L2,6,0.05408872197284194,-0.054088721972841924
r65_frozen,tail64,configuration_topology,P2D2_MATCHING/L3,6,0.050831178045808334,-0.05083117804580836
r65_frozen,tail64,configuration_topology,P4D1/L1,8,0.06848938898391191,-0.06848938898391183
r65_frozen,tail64,configuration_topology,P4D1/L2,8,0.05825499708368302,-0.05825499708368317
r65_frozen,tail64,configuration_topology,P4D1/L3,8,0.053498009783395715,-0.05349800978339582
r65_frozen,tail64,model,deepseek-v2-lite,45,0.05537966232744375,-0.055379662327443756
r65_frozen,tail64,model,qwen3-8b,45,0.16123440067614186,-0.1598036281345751
r65_frozen,tail64,model_configuration,deepseek-v2-lite/P1D4,12,0.057403884723374723,-0.057403884723374834
r65_frozen,tail64,model_configuration,deepseek-v2-lite/P2D2_ALL_TO_ALL,12,0.05456119260226091,-0.05456119260226092
r65_frozen,tail64,model_configuration,deepseek-v2-lite/P2D2_MATCHING,9,0.03640004911734839,-0.03640004911734842
r65_frozen,tail64,model_configuration,deepseek-v2-lite/P4D1,12,0.05869545604434716,-0.05869545604434724
r65_frozen,tail64,model_configuration,qwen3-8b/P1D4,12,0.30114164612531935,-0.3011416461253193
r65_frozen,tail64,model_configuration,qwen3-8b/P2D2_ALL_TO_ALL,12,0.07799334910194512,-0.07140867408853313
r65_frozen,tail64,model_configuration,qwen3-8b/P2D2_MATCHING,9,0.13803233987078936,-0.1380323398707893
r65_frozen,tail64,model_configuration,qwen3-8b/P4D1,12,0.07794002072908082,-0.07794002072908085
r65_frozen,tail64,overall,all,90,0.0634072323398856,-0.06329872867790058
r65_frozen,tail64,source_model_configuration,phase68/deepseek-v2-lite/P1D4,12,0.057403884723374723,-0.057403884723374834
r65_frozen,tail64,source_model_configuration,phase68/deepseek-v2-lite/P2D2_ALL_TO_ALL,12,0.05456119260226091,-0.05456119260226092
r65_frozen,tail64,source_model_configuration,phase68/deepseek-v2-lite/P2D2_MATCHING,9,0.03640004911734839,-0.03640004911734842
r65_frozen,tail64,source_model_configuration,phase68/deepseek-v2-lite/P4D1,12,0.05869545604434716,-0.05869545604434724
r65_frozen,tail64,source_model_configuration,phase68/qwen3-8b/P1D4,12,0.30114164612531935,-0.3011416461253193
r65_frozen,tail64,source_model_configuration,phase68/qwen3-8b/P2D2_ALL_TO_ALL,12,0.07799334910194512,-0.07140867408853313
r65_frozen,tail64,source_model_configuration,phase68/qwen3-8b/P2D2_MATCHING,9,0.13803233987078936,-0.1380323398707893
r65_frozen,tail64,source_model_configuration,phase68/qwen3-8b/P4D1,12,0.07794002072908082,-0.07794002072908085
r65_frozen,source_blocked,configuration,P1D4,180,0.0650077797583788,-0.05985744502764999
r65_frozen,source_blocked,configuration,P2D2_ALL_TO_ALL,180,0.052269576144167086,-0.047936333421553956
r65_frozen,source_blocked,configuration,P2D2_MATCHING,180,0.03886665913741778,-0.03383678483294187
r65_frozen,source_blocked,configuration,P4D1,180,0.05442483536163996,-0.04965899595996986
r65_frozen,source_blocked,configuration_topology,P1D4/L1,60,0.06923900210274345,-0.062296425458063465
r65_frozen,source_blocked,configuration_topology,P1D4/L2,60,0.06361804466095212,-0.059819472385670265
r65_frozen,source_blocked,configuration_topology,P1D4/L3,60,0.06216238340065261,-0.05745484966912231
r65_frozen,source_blocked,configuration_topology,P2D2_ALL_TO_ALL/L1,60,0.05145165730861448,-0.04567544884984089
r65_frozen,source_blocked,configuration_topology,P2D2_ALL_TO_ALL/L2,60,0.060602230891980524,-0.058601666427830136
r65_frozen,source_blocked,configuration_topology,P2D2_ALL_TO_ALL/L3,60,0.04461863928669641,-0.039360473964600115
r65_frozen,source_blocked,configuration_topology,P2D2_MATCHING/L1,60,0.028403416813250565,-0.020857750478361064
r65_frozen,source_blocked,configuration_topology,P2D2_MATCHING/L2,60,0.04470908232421613,-0.040676558405495604
r65_frozen,source_blocked,configuration_topology,P2D2_MATCHING/L3,60,0.043251881894977695,-0.03968289326953972
r65_frozen,source_blocked,configuration_topology,P4D1/L1,60,0.06062734364633116,-0.05561756690981023
r65_frozen,source_blocked,configuration_topology,P4D1/L2,60,0.053151015538268544,-0.04898455222456953
r65_frozen,source_blocked,configuration_topology,P4D1/L3,60,0.04944261083467263,-0.04432298323957981
r65_frozen,source_blocked,model,deepseek-v2-lite,360,0.0489950293603244,-0.04527257871967581
r65_frozen,source_blocked,model,qwen3-8b,360,0.12888829715302294,-0.11201807892750594
r65_frozen,source_blocked,model_configuration,deepseek-v2-lite/P1D4,90,0.05060596189319704,-0.04678357226949064
r65_frozen,source_blocked,model_configuration,deepseek-v2-lite/P2D2_ALL_TO_ALL,90,0.04949376848294065,-0.0464258274366313
r65_frozen,source_blocked,model_configuration,deepseek-v2-lite/P2D2_MATCHING,90,0.03316977979508985,-0.028564389103077962
r65_frozen,source_blocked,model_configuration,deepseek-v2-lite/P4D1,90,0.05234884645659375,-0.04862870839089834
r65_frozen,source_blocked,model_configuration,qwen3-8b/P1D4,90,0.23243879692190642,-0.2118501889059937
r65_frozen,source_blocked,model_configuration,qwen3-8b/P2D2_ALL_TO_ALL,90,0.07925331851064527,-0.06262002527438451
r65_frozen,source_blocked,model_configuration,qwen3-8b/P2D2_MATCHING,90,0.08693307887277534,-0.07832169857854111
r65_frozen,source_blocked,model_configuration,qwen3-8b/P4D1,90,0.07890249220253867,-0.06180695373656332
r65_frozen,source_blocked,overall,all,720,0.055774889756122686,-0.05093670019022304
r65_frozen,source_blocked,source_model_configuration,phase64/deepseek-v2-lite/P1D4,30,0.018821140478519086,4.64573064175439e-06
r65_frozen,source_blocked,source_model_configuration,phase64/deepseek-v2-lite/P2D2_ALL_TO_ALL,30,0.017972807291677106,1.191496882112998e-06
r65_frozen,source_blocked,source_model_configuration,phase64/deepseek-v2-lite/P2D2_MATCHING,30,0.010393404261409524,1.6808737685849603e-07
r65_frozen,source_blocked,source_model_configuration,phase64/deepseek-v2-lite/P4D1,30,0.020839032816420258,4.403799284941095e-06
r65_frozen,source_blocked,source_model_configuration,phase64/qwen3-8b/P1D4,30,0.07156992767340109,1.885093834878494e-06
r65_frozen,source_blocked,source_model_configuration,phase64/qwen3-8b/P2D2_ALL_TO_ALL,30,0.038505292413362854,8.707073679391353e-07
r65_frozen,source_blocked,source_model_configuration,phase64/qwen3-8b/P2D2_MATCHING,30,0.03323091665147219,-3.936479455574017e-08
r65_frozen,source_blocked,source_model_configuration,phase64/qwen3-8b/P4D1,30,0.07751636237264464,4.93710185305268e-06
r65_frozen,source_blocked,source_model_configuration,phase66/deepseek-v2-lite/P1D4,30,0.04139857826533008,-0.031025243525715326
r65_frozen,source_blocked,source_model_configuration,phase66/deepseek-v2-lite/P2D2_ALL_TO_ALL,30,0.055208061192098916,-0.050083856301041216
r65_frozen,source_blocked,source_model_configuration,phase66/deepseek-v2-lite/P2D2_MATCHING,30,0.04820539757869057,-0.03397983885997766
r65_frozen,source_blocked,source_model_configuration,phase66/deepseek-v2-lite/P4D1,30,0.05032142742076984,-0.041167246133243025
r65_frozen,source_blocked,source_model_configuration,phase66/qwen3-8b/P1D4,30,0.16150257630765785,-0.1129793147842541
r65_frozen,source_blocked,source_model_configuration,phase66/qwen3-8b/P2D2_ALL_TO_ALL,30,0.09898428728212738,-0.06664441338629143
r65_frozen,source_blocked,source_model_configuration,phase66/qwen3-8b/P2D2_MATCHING,30,0.07005562086078099,-0.06379115878150537
r65_frozen,source_blocked,source_model_configuration,phase66/qwen3-8b/P4D1,30,0.11185195626205718,-0.0781236726377945
r65_frozen,source_blocked,source_model_configuration,phase68/deepseek-v2-lite/P1D4,30,0.057315414411611046,-0.05731541441161108
r65_frozen,source_blocked,source_model_configuration,phase68/deepseek-v2-lite/P2D2_ALL_TO_ALL,30,0.05243512855702733,-0.05243512855702729
r65_frozen,source_blocked,source_model_configuration,phase68/deepseek-v2-lite/P2D2_MATCHING,30,0.031932015243637125,-0.03193201524363705
r65_frozen,source_blocked,source_model_configuration,phase68/deepseek-v2-lite/P4D1,30,0.05682874215238328,-0.05682874215238332
r65_frozen,source_blocked,source_model_configuration,phase68/qwen3-8b/P1D4,30,0.29145645787809255,-0.2914564578780926
r65_frozen,source_blocked,source_model_configuration,phase68/qwen3-8b/P2D2_ALL_TO_ALL,30,0.0826727668417219,-0.07972628914112975
r65_frozen,source_blocked,source_model_configuration,phase68/qwen3-8b/P2D2_MATCHING,30,0.11711388320247738,-0.11711388320247736
r65_frozen,source_blocked,source_model_configuration,phase68/qwen3-8b/P4D1,30,0.06813236960111616,-0.06813236960111618
r67_frozen,payload_cohort,configuration,P1D4,180,0.010271285020868985,0.006142915241040505
r67_frozen,payload_cohort,configuration,P2D2_ALL_TO_ALL,180,0.026250538488158517,0.020157383126951357
r67_frozen,payload_cohort,configuration,P2D2_MATCHING,180,0.014220999916397277,0.007509133520554867
r67_frozen,payload_cohort,configuration,P4D1,180,0.01107244399602295,0.006955190118649105
r67_frozen,payload_cohort,configuration_topology,P1D4/L1,60,0.010003864070689957,0.005521689205995169
r67_frozen,payload_cohort,configuration_topology,P1D4/L2,60,0.010368706473661803,0.006396673735766304
r67_frozen,payload_cohort,configuration_topology,P1D4/L3,60,0.010441539945508262,0.006511000089643152
r67_frozen,payload_cohort,configuration_topology,P2D2_ALL_TO_ALL/L1,60,0.027975448491054416,0.0238323113354439
r67_frozen,payload_cohort,configuration_topology,P2D2_ALL_TO_ALL/L2,60,0.020998738871672258,0.009207243999535403
r67_frozen,payload_cohort,configuration_topology,P2D2_ALL_TO_ALL/L3,60,0.029860363553617215,0.02760532803215695
r67_frozen,payload_cohort,configuration_topology,P2D2_MATCHING/L1,60,0.02913708000960298,0.02247499653551251
r67_frozen,payload_cohort,configuration_topology,P2D2_MATCHING/L2,60,0.0073356506408099095,0.0009326636553790908
r67_frozen,payload_cohort,configuration_topology,P2D2_MATCHING/L3,60,0.00652934849993176,-0.0005393081444194814
r67_frozen,payload_cohort,configuration_topology,P4D1/L1,60,0.009879105684682362,0.00282906576979753
r67_frozen,payload_cohort,configuration_topology,P4D1/L2,60,0.01107200232290533,0.008026255066339708
r67_frozen,payload_cohort,configuration_topology,P4D1/L3,60,0.012276727466417931,0.010045678309835947
r67_frozen,payload_cohort,model,deepseek-v2-lite,360,0.009062481063777763,0.005208496926480312
r67_frozen,payload_cohort,model,qwen3-8b,360,0.07067329176270996,0.05532895574864727
r67_frozen,payload_cohort,model_configuration,deepseek-v2-lite/P1D4,90,0.004527045921310656,0.0009979977160328305
r67_frozen,payload_cohort,model_configuration,deepseek-v2-lite/P2D2_ALL_TO_ALL,90,0.01953142773921544,0.014547501148729616
r67_frozen,payload_cohort,model_configuration,deepseek-v2-lite/P2D2_MATCHING,90,0.01349846374042373,0.009439116405476197
r67_frozen,payload_cohort,model_configuration,deepseek-v2-lite/P4D1,90,0.005869336169188062,0.002434407078463948
r67_frozen,payload_cohort,model_configuration,qwen3-8b/P1D4,90,0.07705200702921651,0.0659561126094837
r67_frozen,payload_cohort,model_configuration,qwen3-8b/P2D2_ALL_TO_ALL,90,0.09156729508980549,0.07469128045750534
r67_frozen,payload_cohort,model_configuration,qwen3-8b/P2D2_MATCHING,90,0.02031727210708283,-0.008774758388375487
r67_frozen,payload_cohort,model_configuration,qwen3-8b/P4D1,90,0.07242146545845887,0.06025902793821632
r67_frozen,payload_cohort,overall,all,720,0.014290865218680117,0.009461792894663392
r67_frozen,payload_cohort,source_model_configuration,phase64/deepseek-v2-lite/P1D4,30,0.004661275016345666,0.00017101651249242238
r67_frozen,payload_cohort,source_model_configuration,phase64/deepseek-v2-lite/P2D2_ALL_TO_ALL,30,0.018407734141896306,-0.0025362049311654987
r67_frozen,payload_cohort,source_model_configuration,phase64/deepseek-v2-lite/P2D2_MATCHING,30,0.008437032827082492,-0.0037183580012642233
r67_frozen,payload_cohort,source_model_configuration,phase64/deepseek-v2-lite/P4D1,30,0.010717985935790044,0.0007147945654234906
r67_frozen,payload_cohort,source_model_configuration,phase64/qwen3-8b/P1D4,30,0.03763584341531361,-0.004855378546693966
r67_frozen,payload_cohort,source_model_configuration,phase64/qwen3-8b/P2D2_ALL_TO_ALL,30,0.041932182071317804,-0.0019417515921336926
r67_frozen,payload_cohort,source_model_configuration,phase64/qwen3-8b/P2D2_MATCHING,30,0.018523352336222543,0.009200110558087511
r67_frozen,payload_cohort,source_model_configuration,phase64/qwen3-8b/P4D1,30,0.03792309668418034,-0.004750873314823721
r67_frozen,payload_cohort,source_model_configuration,phase66/deepseek-v2-lite/P1D4,30,0.002511591225335303,-7.191480139047512e-05
r67_frozen,payload_cohort,source_model_configuration,phase66/deepseek-v2-lite/P2D2_ALL_TO_ALL,30,0.013138045499980992,0.0011313201980603675
r67_frozen,payload_cohort,source_model_configuration,phase66/deepseek-v2-lite/P2D2_MATCHING,30,0.010947494428846696,0.001902585884786151
r67_frozen,payload_cohort,source_model_configuration,phase66/deepseek-v2-lite/P4D1,30,0.005272090026000719,-0.00029646167221374347
r67_frozen,payload_cohort,source_model_configuration,phase66/qwen3-8b/P1D4,30,0.026732149487107712,0.0030135823387759286
r67_frozen,payload_cohort,source_model_configuration,phase66/qwen3-8b/P2D2_ALL_TO_ALL,30,0.03752519338089896,0.0013018066910087825
r67_frozen,payload_cohort,source_model_configuration,phase66/qwen3-8b/P2D2_MATCHING,30,0.01310415498518544,-0.007087970687475528
r67_frozen,payload_cohort,source_model_configuration,phase66/qwen3-8b/P4D1,30,0.03380808926439015,0.0027058362408956217
r67_frozen,payload_cohort,source_model_configuration,phase68/deepseek-v2-lite/P1D4,30,0.0051093204874314724,0.0014193703008151053
r67_frozen,payload_cohort,source_model_configuration,phase68/deepseek-v2-lite/P2D2_ALL_TO_ALL,30,0.02196122444084951,0.021961224440849653
r67_frozen,payload_cohort,source_model_configuration,phase68/deepseek-v2-lite/P2D2_MATCHING,30,0.015380166073771377,0.014662021324820118
r67_frozen,payload_cohort,source_model_configuration,phase68/deepseek-v2-lite/P4D1,30,0.005449799306326049,0.003456464060975249
r67_frozen,payload_cohort,source_model_configuration,phase68/qwen3-8b/P1D4,30,0.10289534908262142,0.1028953490826213
r67_frozen,payload_cohort,source_model_configuration,phase68/qwen3-8b/P2D2_ALL_TO_ALL,30,0.13091820010747357,0.13091820010747368
r67_frozen,payload_cohort,source_model_configuration,phase68/qwen3-8b/P2D2_MATCHING,30,0.024770598493167446,-0.016823740028001914
r67_frozen,payload_cohort,source_model_configuration,phase68/qwen3-8b/P4D1,30,0.09193285157040126,0.09193285157040114
r67_frozen,topology,configuration,P1D4,180,0.010271285020868985,0.006142915241040505
r67_frozen,topology,configuration,P2D2_ALL_TO_ALL,180,0.026250538488158517,0.020157383126951357
r67_frozen,topology,configuration,P2D2_MATCHING,180,0.014220999916397277,0.007509133520554867
r67_frozen,topology,configuration,P4D1,180,0.01107244399602295,0.006955190118649105
r67_frozen,topology,configuration_topology,P1D4/L1,60,0.010003864070689957,0.005521689205995169
r67_frozen,topology,configuration_topology,P1D4/L2,60,0.010368706473661803,0.006396673735766304
r67_frozen,topology,configuration_topology,P1D4/L3,60,0.010441539945508262,0.006511000089643152
r67_frozen,topology,configuration_topology,P2D2_ALL_TO_ALL/L1,60,0.027975448491054416,0.0238323113354439
r67_frozen,topology,configuration_topology,P2D2_ALL_TO_ALL/L2,60,0.020998738871672258,0.009207243999535403
r67_frozen,topology,configuration_topology,P2D2_ALL_TO_ALL/L3,60,0.029860363553617215,0.02760532803215695
r67_frozen,topology,configuration_topology,P2D2_MATCHING/L1,60,0.02913708000960298,0.02247499653551251
r67_frozen,topology,configuration_topology,P2D2_MATCHING/L2,60,0.0073356506408099095,0.0009326636553790908
r67_frozen,topology,configuration_topology,P2D2_MATCHING/L3,60,0.00652934849993176,-0.0005393081444194814
r67_frozen,topology,configuration_topology,P4D1/L1,60,0.009879105684682362,0.00282906576979753
r67_frozen,topology,configuration_topology,P4D1/L2,60,0.01107200232290533,0.008026255066339708
r67_frozen,topology,configuration_topology,P4D1/L3,60,0.012276727466417931,0.010045678309835947
r67_frozen,topology,model,deepseek-v2-lite,360,0.009062481063777763,0.005208496926480312
r67_frozen,topology,model,qwen3-8b,360,0.07067329176270996,0.05532895574864727
r67_frozen,topology,model_configuration,deepseek-v2-lite/P1D4,90,0.004527045921310656,0.0009979977160328305
r67_frozen,topology,model_configuration,deepseek-v2-lite/P2D2_ALL_TO_ALL,90,0.01953142773921544,0.014547501148729616
r67_frozen,topology,model_configuration,deepseek-v2-lite/P2D2_MATCHING,90,0.01349846374042373,0.009439116405476197
r67_frozen,topology,model_configuration,deepseek-v2-lite/P4D1,90,0.005869336169188062,0.002434407078463948
r67_frozen,topology,model_configuration,qwen3-8b/P1D4,90,0.07705200702921651,0.0659561126094837
r67_frozen,topology,model_configuration,qwen3-8b/P2D2_ALL_TO_ALL,90,0.09156729508980549,0.07469128045750534
r67_frozen,topology,model_configuration,qwen3-8b/P2D2_MATCHING,90,0.02031727210708283,-0.008774758388375487
r67_frozen,topology,model_configuration,qwen3-8b/P4D1,90,0.07242146545845887,0.06025902793821632
r67_frozen,topology,overall,all,720,0.014290865218680117,0.009461792894663392
r67_frozen,topology,source_model_configuration,phase64/deepseek-v2-lite/P1D4,30,0.004661275016345666,0.00017101651249242238
r67_frozen,topology,source_model_configuration,phase64/deepseek-v2-lite/P2D2_ALL_TO_ALL,30,0.018407734141896306,-0.0025362049311654987
r67_frozen,topology,source_model_configuration,phase64/deepseek-v2-lite/P2D2_MATCHING,30,0.008437032827082492,-0.0037183580012642233
r67_frozen,topology,source_model_configuration,phase64/deepseek-v2-lite/P4D1,30,0.010717985935790044,0.0007147945654234906
r67_frozen,topology,source_model_configuration,phase64/qwen3-8b/P1D4,30,0.03763584341531361,-0.004855378546693966
r67_frozen,topology,source_model_configuration,phase64/qwen3-8b/P2D2_ALL_TO_ALL,30,0.041932182071317804,-0.0019417515921336926
r67_frozen,topology,source_model_configuration,phase64/qwen3-8b/P2D2_MATCHING,30,0.018523352336222543,0.009200110558087511
r67_frozen,topology,source_model_configuration,phase64/qwen3-8b/P4D1,30,0.03792309668418034,-0.004750873314823721
r67_frozen,topology,source_model_configuration,phase66/deepseek-v2-lite/P1D4,30,0.002511591225335303,-7.191480139047512e-05
r67_frozen,topology,source_model_configuration,phase66/deepseek-v2-lite/P2D2_ALL_TO_ALL,30,0.013138045499980992,0.0011313201980603675
r67_frozen,topology,source_model_configuration,phase66/deepseek-v2-lite/P2D2_MATCHING,30,0.010947494428846696,0.001902585884786151
r67_frozen,topology,source_model_configuration,phase66/deepseek-v2-lite/P4D1,30,0.005272090026000719,-0.00029646167221374347
r67_frozen,topology,source_model_configuration,phase66/qwen3-8b/P1D4,30,0.026732149487107712,0.0030135823387759286
r67_frozen,topology,source_model_configuration,phase66/qwen3-8b/P2D2_ALL_TO_ALL,30,0.03752519338089896,0.0013018066910087825
r67_frozen,topology,source_model_configuration,phase66/qwen3-8b/P2D2_MATCHING,30,0.01310415498518544,-0.007087970687475528
r67_frozen,topology,source_model_configuration,phase66/qwen3-8b/P4D1,30,0.03380808926439015,0.0027058362408956217
r67_frozen,topology,source_model_configuration,phase68/deepseek-v2-lite/P1D4,30,0.0051093204874314724,0.0014193703008151053
r67_frozen,topology,source_model_configuration,phase68/deepseek-v2-lite/P2D2_ALL_TO_ALL,30,0.02196122444084951,0.021961224440849653
r67_frozen,topology,source_model_configuration,phase68/deepseek-v2-lite/P2D2_MATCHING,30,0.015380166073771377,0.014662021324820118
r67_frozen,topology,source_model_configuration,phase68/deepseek-v2-lite/P4D1,30,0.005449799306326049,0.003456464060975249
r67_frozen,topology,source_model_configuration,phase68/qwen3-8b/P1D4,30,0.10289534908262142,0.1028953490826213
r67_frozen,topology,source_model_configuration,phase68/qwen3-8b/P2D2_ALL_TO_ALL,30,0.13091820010747357,0.13091820010747368
r67_frozen,topology,source_model_configuration,phase68/qwen3-8b/P2D2_MATCHING,30,0.024770598493167446,-0.016823740028001914
r67_frozen,topology,source_model_configuration,phase68/qwen3-8b/P4D1,30,0.09193285157040126,0.09193285157040114
r67_frozen,tail64,configuration,P1D4,24,0.014117776704766159,0.007662700997843549
r67_frozen,tail64,configuration,P2D2_ALL_TO_ALL,24,0.04186719089479906,0.04186719089479912
r67_frozen,tail64,configuration,P2D2_MATCHING,18,0.013147002949928781,0.009673179176248669
r67_frozen,tail64,configuration,P4D1,24,0.011860830719053613,0.009038044017697247
r67_frozen,tail64,configuration_topology,P1D4/L1,8,0.013623256515628228,0.006532052749724356
r67_frozen,tail64,configuration_topology,P1D4/L2,8,0.01465713445736884,0.008270884420034652
r67_frozen,tail64,configuration_topology,P1D4/L3,8,0.014073512992439221,0.008185822986202579
r67_frozen,tail64,configuration_topology,P2D2_ALL_TO_ALL/L1,8,0.04868522858147479,0.048685228581474914
r67_frozen,tail64,configuration_topology,P2D2_ALL_TO_ALL/L2,8,0.026363182782827056,0.026363182782827062
r67_frozen,tail64,configuration_topology,P2D2_ALL_TO_ALL/L3,8,0.050905102904770655,0.050905102904770703
r67_frozen,tail64,configuration_topology,P2D2_MATCHING/L1,6,0.03500574408347777,0.031396856215420155
r67_frozen,tail64,configuration_topology,P2D2_MATCHING/L2,6,0.0034436039068937345,-0.0011051108741638965
r67_frozen,tail64,configuration_topology,P2D2_MATCHING/L3,6,0.0017304576992951432,-0.0005383803057587889
r67_frozen,tail64,configuration_topology,P4D1/L1,8,0.011080089381809897,0.006749846003566183
r67_frozen,tail64,configuration_topology,P4D1/L2,8,0.011616637902829728,0.009114713205487237
r67_frozen,tail64,configuration_topology,P4D1/L3,8,0.012890325627573349,0.011261671528762437
r67_frozen,tail64,model,deepseek-v2-lite,45,0.011622187910363556,0.008007671621177914
r67_frozen,tail64,model,qwen3-8b,45,0.10804176749788777,0.10480828438739329
r67_frozen,tail64,model_configuration,deepseek-v2-lite/P1D4,12,0.005667037976445693,-0.0013060956506460765
r67_frozen,tail64,model_configuration,deepseek-v2-lite/P2D2_ALL_TO_ALL,12,0.03305352032001515,0.033053520320015094
r67_frozen,tail64,model_configuration,deepseek-v2-lite/P2D2_MATCHING,9,0.012873166381965008,0.012018365333430148
r67_frozen,tail64,model_configuration,deepseek-v2-lite/P4D1,12,0.004841735715803387,0.0017976048387128667
r67_frozen,tail64,model_configuration,qwen3-8b/P1D4,12,0.11941518872563732,0.11941518872563728
r67_frozen,tail64,model_configuration,qwen3-8b/P2D2_ALL_TO_ALL,12,0.14283959161278473,0.14283959161278467
r67_frozen,tail64,model_configuration,qwen3-8b/P2D2_MATCHING,9,0.016140363748878166,-0.015962506960726125
r67_frozen,tail64,model_configuration,qwen3-8b/P4D1,12,0.10137485549524972,0.1013748554952498
r67_frozen,tail64,overall,all,90,0.01893423589029774,0.015348615525533824
r67_frozen,tail64,source_model_configuration,phase68/deepseek-v2-lite/P1D4,12,0.005667037976445693,-0.0013060956506460765
r67_frozen,tail64,source_model_configuration,phase68/deepseek-v2-lite/P2D2_ALL_TO_ALL,12,0.03305352032001515,0.033053520320015094
r67_frozen,tail64,source_model_configuration,phase68/deepseek-v2-lite/P2D2_MATCHING,9,0.012873166381965008,0.012018365333430148
r67_frozen,tail64,source_model_configuration,phase68/deepseek-v2-lite/P4D1,12,0.004841735715803387,0.0017976048387128667
r67_frozen,tail64,source_model_configuration,phase68/qwen3-8b/P1D4,12,0.11941518872563732,0.11941518872563728
r67_frozen,tail64,source_model_configuration,phase68/qwen3-8b/P2D2_ALL_TO_ALL,12,0.14283959161278473,0.14283959161278467
r67_frozen,tail64,source_model_configuration,phase68/qwen3-8b/P2D2_MATCHING,9,0.016140363748878166,-0.015962506960726125
r67_frozen,tail64,source_model_configuration,phase68/qwen3-8b/P4D1,12,0.10137485549524972,0.1013748554952498
r67_frozen,source_blocked,configuration,P1D4,180,0.010271285020868985,0.006142915241040505
r67_frozen,source_blocked,configuration,P2D2_ALL_TO_ALL,180,0.026250538488158517,0.020157383126951357
r67_frozen,source_blocked,configuration,P2D2_MATCHING,180,0.014220999916397277,0.007509133520554867
r67_frozen,source_blocked,configuration,P4D1,180,0.01107244399602295,0.006955190118649105
r67_frozen,source_blocked,configuration_topology,P1D4/L1,60,0.010003864070689957,0.005521689205995169
r67_frozen,source_blocked,configuration_topology,P1D4/L2,60,0.010368706473661803,0.006396673735766304
r67_frozen,source_blocked,configuration_topology,P1D4/L3,60,0.010441539945508262,0.006511000089643152
r67_frozen,source_blocked,configuration_topology,P2D2_ALL_TO_ALL/L1,60,0.027975448491054416,0.0238323113354439
r67_frozen,source_blocked,configuration_topology,P2D2_ALL_TO_ALL/L2,60,0.020998738871672258,0.009207243999535403
r67_frozen,source_blocked,configuration_topology,P2D2_ALL_TO_ALL/L3,60,0.029860363553617215,0.02760532803215695
r67_frozen,source_blocked,configuration_topology,P2D2_MATCHING/L1,60,0.02913708000960298,0.02247499653551251
r67_frozen,source_blocked,configuration_topology,P2D2_MATCHING/L2,60,0.0073356506408099095,0.0009326636553790908
r67_frozen,source_blocked,configuration_topology,P2D2_MATCHING/L3,60,0.00652934849993176,-0.0005393081444194814
r67_frozen,source_blocked,configuration_topology,P4D1/L1,60,0.009879105684682362,0.00282906576979753
r67_frozen,source_blocked,configuration_topology,P4D1/L2,60,0.01107200232290533,0.008026255066339708
r67_frozen,source_blocked,configuration_topology,P4D1/L3,60,0.012276727466417931,0.010045678309835947
r67_frozen,source_blocked,model,deepseek-v2-lite,360,0.009062481063777763,0.005208496926480312
r67_frozen,source_blocked,model,qwen3-8b,360,0.07067329176270996,0.05532895574864727
r67_frozen,source_blocked,model_configuration,deepseek-v2-lite/P1D4,90,0.004527045921310656,0.0009979977160328305
r67_frozen,source_blocked,model_configuration,deepseek-v2-lite/P2D2_ALL_TO_ALL,90,0.01953142773921544,0.014547501148729616
r67_frozen,source_blocked,model_configuration,deepseek-v2-lite/P2D2_MATCHING,90,0.01349846374042373,0.009439116405476197
r67_frozen,source_blocked,model_configuration,deepseek-v2-lite/P4D1,90,0.005869336169188062,0.002434407078463948
r67_frozen,source_blocked,model_configuration,qwen3-8b/P1D4,90,0.07705200702921651,0.0659561126094837
r67_frozen,source_blocked,model_configuration,qwen3-8b/P2D2_ALL_TO_ALL,90,0.09156729508980549,0.07469128045750534
r67_frozen,source_blocked,model_configuration,qwen3-8b/P2D2_MATCHING,90,0.02031727210708283,-0.008774758388375487
r67_frozen,source_blocked,model_configuration,qwen3-8b/P4D1,90,0.07242146545845887,0.06025902793821632
r67_frozen,source_blocked,overall,all,720,0.014290865218680117,0.009461792894663392
r67_frozen,source_blocked,source_model_configuration,phase64/deepseek-v2-lite/P1D4,30,0.004661275016345666,0.00017101651249242238
r67_frozen,source_blocked,source_model_configuration,phase64/deepseek-v2-lite/P2D2_ALL_TO_ALL,30,0.018407734141896306,-0.0025362049311654987
r67_frozen,source_blocked,source_model_configuration,phase64/deepseek-v2-lite/P2D2_MATCHING,30,0.008437032827082492,-0.0037183580012642233
r67_frozen,source_blocked,source_model_configuration,phase64/deepseek-v2-lite/P4D1,30,0.010717985935790044,0.0007147945654234906
r67_frozen,source_blocked,source_model_configuration,phase64/qwen3-8b/P1D4,30,0.03763584341531361,-0.004855378546693966
r67_frozen,source_blocked,source_model_configuration,phase64/qwen3-8b/P2D2_ALL_TO_ALL,30,0.041932182071317804,-0.0019417515921336926
r67_frozen,source_blocked,source_model_configuration,phase64/qwen3-8b/P2D2_MATCHING,30,0.018523352336222543,0.009200110558087511
r67_frozen,source_blocked,source_model_configuration,phase64/qwen3-8b/P4D1,30,0.03792309668418034,-0.004750873314823721
r67_frozen,source_blocked,source_model_configuration,phase66/deepseek-v2-lite/P1D4,30,0.002511591225335303,-7.191480139047512e-05
r67_frozen,source_blocked,source_model_configuration,phase66/deepseek-v2-lite/P2D2_ALL_TO_ALL,30,0.013138045499980992,0.0011313201980603675
r67_frozen,source_blocked,source_model_configuration,phase66/deepseek-v2-lite/P2D2_MATCHING,30,0.010947494428846696,0.001902585884786151
r67_frozen,source_blocked,source_model_configuration,phase66/deepseek-v2-lite/P4D1,30,0.005272090026000719,-0.00029646167221374347
r67_frozen,source_blocked,source_model_configuration,phase66/qwen3-8b/P1D4,30,0.026732149487107712,0.0030135823387759286
r67_frozen,source_blocked,source_model_configuration,phase66/qwen3-8b/P2D2_ALL_TO_ALL,30,0.03752519338089896,0.0013018066910087825
r67_frozen,source_blocked,source_model_configuration,phase66/qwen3-8b/P2D2_MATCHING,30,0.01310415498518544,-0.007087970687475528
r67_frozen,source_blocked,source_model_configuration,phase66/qwen3-8b/P4D1,30,0.03380808926439015,0.0027058362408956217
r67_frozen,source_blocked,source_model_configuration,phase68/deepseek-v2-lite/P1D4,30,0.0051093204874314724,0.0014193703008151053
r67_frozen,source_blocked,source_model_configuration,phase68/deepseek-v2-lite/P2D2_ALL_TO_ALL,30,0.02196122444084951,0.021961224440849653
r67_frozen,source_blocked,source_model_configuration,phase68/deepseek-v2-lite/P2D2_MATCHING,30,0.015380166073771377,0.014662021324820118
r67_frozen,source_blocked,source_model_configuration,phase68/deepseek-v2-lite/P4D1,30,0.005449799306326049,0.003456464060975249
r67_frozen,source_blocked,source_model_configuration,phase68/qwen3-8b/P1D4,30,0.10289534908262142,0.1028953490826213
r67_frozen,source_blocked,source_model_configuration,phase68/qwen3-8b/P2D2_ALL_TO_ALL,30,0.13091820010747357,0.13091820010747368
r67_frozen,source_blocked,source_model_configuration,phase68/qwen3-8b/P2D2_MATCHING,30,0.024770598493167446,-0.016823740028001914
r67_frozen,source_blocked,source_model_configuration,phase68/qwen3-8b/P4D1,30,0.09193285157040126,0.09193285157040114
r67_high_page_linear,payload_cohort,configuration,P1D4,180,0.003525883492855462,0.00028361927191046586
r67_high_page_linear,payload_cohort,configuration,P2D2_ALL_TO_ALL,180,0.012509910352529865,0.0006368628320453387
r67_high_page_linear,payload_cohort,configuration,P2D2_MATCHING,180,0.014220999916397277,0.007509133520554867
r67_high_page_linear,payload_cohort,configuration,P4D1,180,0.005366390289320703,0.0004044506158692932
r67_high_page_linear,payload_cohort,configuration_topology,P1D4/L1,60,0.0036794674593022153,-0.00033341599056799616
r67_high_page_linear,payload_cohort,configuration_topology,P1D4/L2,60,0.0035413938083623422,0.0005327211394234084
r67_high_page_linear,payload_cohort,configuration_topology,P1D4/L3,60,0.0033567048580786657,0.00065216324177165
r67_high_page_linear,payload_cohort,configuration_topology,P2D2_ALL_TO_ALL/L1,60,0.010295309390364889,0.00423536849459159
r67_high_page_linear,payload_cohort,configuration_topology,P2D2_ALL_TO_ALL/L2,60,0.015498076678687463,-0.010116398615271185
r67_high_page_linear,payload_cohort,configuration_topology,P2D2_ALL_TO_ALL/L3,60,0.011692121085332926,0.007961271818775324
r67_high_page_linear,payload_cohort,configuration_topology,P2D2_MATCHING/L1,60,0.02913708000960298,0.02247499653551251
r67_high_page_linear,payload_cohort,configuration_topology,P2D2_MATCHING/L2,60,0.0073356506408099095,0.0009326636553790908
r67_high_page_linear,payload_cohort,configuration_topology,P2D2_MATCHING/L3,60,0.00652934849993176,-0.0005393081444194814
r67_high_page_linear,payload_cohort,configuration_topology,P4D1/L1,60,0.005604467428354271,-0.0036853645167609812
r67_high_page_linear,payload_cohort,configuration_topology,P4D1/L2,60,0.0046411426223802585,0.0014599269699470225
r67_high_page_linear,payload_cohort,configuration_topology,P4D1/L3,60,0.005852066091446371,0.0034739115218743034
r67_high_page_linear,payload_cohort,model,deepseek-v2-lite,360,0.005847258633682471,0.001306309833909538
r67_high_page_linear,payload_cohort,model,qwen3-8b,360,0.022248739854198354,0.0004761101852994147
r67_high_page_linear,payload_cohort,model_configuration,deepseek-v2-lite/P1D4,90,0.0022548838043200594,0.0001854782490925757
r67_high_page_linear,payload_cohort,model_configuration,deepseek-v2-lite/P2D2_ALL_TO_ALL,90,0.010548928503746184,0.00036987863549698443
r67_high_page_linear,payload_cohort,model_configuration,deepseek-v2-lite/P2D2_MATCHING,90,0.01349846374042373,0.009439116405476197
r67_high_page_linear,payload_cohort,model_configuration,deepseek-v2-lite/P4D1,90,0.004091920759168581,0.0002850687384655505
r67_high_page_linear,payload_cohort,model_configuration,qwen3-8b/P1D4,90,0.018302127204456047,0.0014245760198507468
r67_high_page_linear,payload_cohort,model_configuration,qwen3-8b/P2D2_ALL_TO_ALL,90,0.03157269691805855,0.003232227372685487
r67_high_page_linear,payload_cohort,model_configuration,qwen3-8b/P2D2_MATCHING,90,0.02031727210708283,-0.008774758388375487
r67_high_page_linear,payload_cohort,model_configuration,qwen3-8b/P4D1,90,0.020393458949184616,0.001812063450893453
r67_high_page_linear,payload_cohort,overall,all,720,0.007239112491105581,0.0012358578687600222
r67_high_page_linear,payload_cohort,source_model_configuration,phase64/deepseek-v2-lite/P1D4,30,0.004661275016345666,0.00017101651249242238
r67_high_page_linear,payload_cohort,source_model_configuration,phase64/deepseek-v2-lite/P2D2_ALL_TO_ALL,30,0.018407734141896306,-0.0025362049311654987
r67_high_page_linear,payload_cohort,source_model_configuration,phase64/deepseek-v2-lite/P2D2_MATCHING,30,0.008437032827082492,-0.0037183580012642233
r67_high_page_linear,payload_cohort,source_model_configuration,phase64/deepseek-v2-lite/P4D1,30,0.010717985935790044,0.0007147945654234906
r67_high_page_linear,payload_cohort,source_model_configuration,phase64/qwen3-8b/P1D4,30,0.03763584341531361,-0.004855378546693966
r67_high_page_linear,payload_cohort,source_model_configuration,phase64/qwen3-8b/P2D2_ALL_TO_ALL,30,0.041932182071317804,-0.0019417515921336926
r67_high_page_linear,payload_cohort,source_model_configuration,phase64/qwen3-8b/P2D2_MATCHING,30,0.018523352336222543,0.009200110558087511
r67_high_page_linear,payload_cohort,source_model_configuration,phase64/qwen3-8b/P4D1,30,0.03792309668418034,-0.004750873314823721
r67_high_page_linear,payload_cohort,source_model_configuration,phase66/deepseek-v2-lite/P1D4,30,0.002511591225335303,-7.191480139047512e-05
r67_high_page_linear,payload_cohort,source_model_configuration,phase66/deepseek-v2-lite/P2D2_ALL_TO_ALL,30,0.013138045499980992,0.0011313201980603675
r67_high_page_linear,payload_cohort,source_model_configuration,phase66/deepseek-v2-lite/P2D2_MATCHING,30,0.010947494428846696,0.001902585884786151
r67_high_page_linear,payload_cohort,source_model_configuration,phase66/deepseek-v2-lite/P4D1,30,0.005272090026000719,-0.00029646167221374347
r67_high_page_linear,payload_cohort,source_model_configuration,phase66/qwen3-8b/P1D4,30,0.026732149487107712,0.0030135823387759286
r67_high_page_linear,payload_cohort,source_model_configuration,phase66/qwen3-8b/P2D2_ALL_TO_ALL,30,0.03752519338089896,0.0013018066910087825
r67_high_page_linear,payload_cohort,source_model_configuration,phase66/qwen3-8b/P2D2_MATCHING,30,0.01310415498518544,-0.007087970687475528
r67_high_page_linear,payload_cohort,source_model_configuration,phase66/qwen3-8b/P4D1,30,0.03380808926439015,0.0027058362408956217
r67_high_page_linear,payload_cohort,source_model_configuration,phase68/deepseek-v2-lite/P1D4,30,0.0018778106598026883,0.0002637905017666931
r67_high_page_linear,payload_cohort,source_model_configuration,phase68/deepseek-v2-lite/P2D2_ALL_TO_ALL,30,0.008401048042040392,0.0005583768418185366
r67_high_page_linear,payload_cohort,source_model_configuration,phase68/deepseek-v2-lite/P2D2_MATCHING,30,0.015380166073771377,0.014662021324820118
r67_high_page_linear,payload_cohort,source_model_configuration,phase68/deepseek-v2-lite/P4D1,30,0.002926157085681384,0.0004047514727452214
r67_high_page_linear,payload_cohort,source_model_configuration,phase68/qwen3-8b/P1D4,30,0.011242139811911425,0.0022224209804366938
r67_high_page_linear,payload_cohort,source_model_configuration,phase68/qwen3-8b/P2D2_ALL_TO_ALL,30,0.02576021164285101,0.005665418874160606
r67_high_page_linear,payload_cohort,source_model_configuration,phase68/qwen3-8b/P2D2_MATCHING,30,0.024770598493167446,-0.016823740028001914
r67_high_page_linear,payload_cohort,source_model_configuration,phase68/qwen3-8b/P4D1,30,0.012557475561375408,0.002764534465257688
r67_high_page_linear,topology,configuration,P1D4,180,0.003492263641236974,0.0002998858902149269
r67_high_page_linear,topology,configuration,P2D2_ALL_TO_ALL,180,0.013508387667438533,0.0005617121495617285
r67_high_page_linear,topology,configuration,P2D2_MATCHING,180,0.014220999916397277,0.007509133520554867
r67_high_page_linear,topology,configuration,P4D1,180,0.005794247210060781,0.00045252521816416946
r67_high_page_linear,topology,configuration_topology,P1D4/L1,60,0.003602960385124651,-0.0005586729823781321
r67_high_page_linear,topology,configuration_topology,P1D4/L2,60,0.0037063917331898073,0.0007159043543940249
r67_high_page_linear,topology,configuration_topology,P1D4/L3,60,0.0031675550613874033,0.0007433364235431415
r67_high_page_linear,topology,configuration_topology,P2D2_ALL_TO_ALL/L1,60,0.01075561650894236,0.005506356858302271
r67_high_page_linear,topology,configuration_topology,P2D2_ALL_TO_ALL/L2,60,0.016915778787516256,-0.013321188217979391
r67_high_page_linear,topology,configuration_topology,P2D2_ALL_TO_ALL/L3,60,0.01280388628161952,0.009718278616576355
r67_high_page_linear,topology,configuration_topology,P2D2_MATCHING/L1,60,0.02913708000960298,0.02247499653551251
r67_high_page_linear,topology,configuration_topology,P2D2_MATCHING/L2,60,0.0073356506408099095,0.0009326636553790908
r67_high_page_linear,topology,configuration_topology,P2D2_MATCHING/L3,60,0.00652934849993176,-0.0005393081444194814
r67_high_page_linear,topology,configuration_topology,P4D1/L1,60,0.006111925528157393,-0.004496232070363579
r67_high_page_linear,topology,configuration_topology,P4D1/L2,60,0.004971696891535282,0.0015245744094074193
r67_high_page_linear,topology,configuration_topology,P4D1/L3,60,0.006297004470920747,0.004371901661650051
r67_high_page_linear,topology,model,deepseek-v2-lite,360,0.00617067524567914,0.001286549033745287
r67_high_page_linear,topology,model,qwen3-8b,360,0.022752594396916282,0.000763455623593245
r67_high_page_linear,topology,model_configuration,deepseek-v2-lite/P1D4,90,0.002252719623658478,0.00023587575144572647
r67_high_page_linear,topology,model_configuration,deepseek-v2-lite/P2D2_ALL_TO_ALL,90,0.011407893249876871,0.00019964377825088997
r67_high_page_linear,topology,model_configuration,deepseek-v2-lite/P2D2_MATCHING,90,0.01349846374042373,0.009439116405476197
r67_high_page_linear,topology,model_configuration,deepseek-v2-lite/P4D1,90,0.004529450911370127,0.00027837917065840493
r67_high_page_linear,topology,model_configuration,qwen3-8b/P1D4,90,0.017902813588815673,0.0010440476858472611
r67_high_page_linear,topology,model_configuration,qwen3-8b/P2D2_ALL_TO_ALL,90,0.033927381748846484,0.004081393929741465
r67_high_page_linear,topology,model_configuration,qwen3-8b/P2D2_MATCHING,90,0.02031727210708283,-0.008774758388375487
r67_high_page_linear,topology,model_configuration,qwen3-8b/P4D1,90,0.020707260327681245,0.0025058537213573447
r67_high_page_linear,topology,overall,all,720,0.0075778413317066804,0.0012421585563901307
r67_high_page_linear,topology,source_model_configuration,phase64/deepseek-v2-lite/P1D4,30,0.004661275016345666,0.00017101651249242238
r67_high_page_linear,topology,source_model_configuration,phase64/deepseek-v2-lite/P2D2_ALL_TO_ALL,30,0.018407734141896306,-0.0025362049311654987
r67_high_page_linear,topology,source_model_configuration,phase64/deepseek-v2-lite/P2D2_MATCHING,30,0.008437032827082492,-0.0037183580012642233
r67_high_page_linear,topology,source_model_configuration,phase64/deepseek-v2-lite/P4D1,30,0.010717985935790044,0.0007147945654234906
r67_high_page_linear,topology,source_model_configuration,phase64/qwen3-8b/P1D4,30,0.03763584341531361,-0.004855378546693966
r67_high_page_linear,topology,source_model_configuration,phase64/qwen3-8b/P2D2_ALL_TO_ALL,30,0.041932182071317804,-0.0019417515921336926
r67_high_page_linear,topology,source_model_configuration,phase64/qwen3-8b/P2D2_MATCHING,30,0.018523352336222543,0.009200110558087511
r67_high_page_linear,topology,source_model_configuration,phase64/qwen3-8b/P4D1,30,0.03792309668418034,-0.004750873314823721
r67_high_page_linear,topology,source_model_configuration,phase66/deepseek-v2-lite/P1D4,30,0.002511591225335303,-7.191480139047512e-05
r67_high_page_linear,topology,source_model_configuration,phase66/deepseek-v2-lite/P2D2_ALL_TO_ALL,30,0.013138045499980992,0.0011313201980603675
r67_high_page_linear,topology,source_model_configuration,phase66/deepseek-v2-lite/P2D2_MATCHING,30,0.010947494428846696,0.001902585884786151
r67_high_page_linear,topology,source_model_configuration,phase66/deepseek-v2-lite/P4D1,30,0.005272090026000719,-0.00029646167221374347
r67_high_page_linear,topology,source_model_configuration,phase66/qwen3-8b/P1D4,30,0.026732149487107712,0.0030135823387759286
r67_high_page_linear,topology,source_model_configuration,phase66/qwen3-8b/P2D2_ALL_TO_ALL,30,0.03752519338089896,0.0013018066910087825
r67_high_page_linear,topology,source_model_configuration,phase66/qwen3-8b/P2D2_MATCHING,30,0.01310415498518544,-0.007087970687475528
r67_high_page_linear,topology,source_model_configuration,phase66/qwen3-8b/P4D1,30,0.03380808926439015,0.0027058362408956217
r67_high_page_linear,topology,source_model_configuration,phase68/deepseek-v2-lite/P1D4,30,0.0018747327231429893,0.0003354667360126254
r67_high_page_linear,topology,source_model_configuration,phase68/deepseek-v2-lite/P2D2_ALL_TO_ALL,30,0.009697759922838223,0.00030138659523238856
r67_high_page_linear,topology,source_model_configuration,phase68/deepseek-v2-lite/P2D2_MATCHING,30,0.015380166073771377,0.014662021324820118
r67_high_page_linear,topology,source_model_configuration,phase68/deepseek-v2-lite/P4D1,30,0.003547379090777427,0.0003952533691163162
r67_high_page_linear,topology,source_model_configuration,phase68/qwen3-8b/P1D4,30,0.010619187484381613,0.0016287747783695977
r67_high_page_linear,topology,source_model_configuration,phase68/qwen3-8b/P2D2_ALL_TO_ALL,30,0.02988748189416553,0.0071538303267351475
r67_high_page_linear,topology,source_model_configuration,phase68/qwen3-8b/P2D2_MATCHING,30,0.024770598493167446,-0.016823740028001914
r67_high_page_linear,topology,source_model_configuration,phase68/qwen3-8b/P4D1,30,0.013036219685578603,0.0038230002279170477
r67_high_page_linear,tail64,configuration,P1D4,24,0.003156691113152458,-0.0016758922542960734
r67_high_page_linear,tail64,configuration,P2D2_ALL_TO_ALL,24,0.013134037870473644,-0.0017732488541099755
r67_high_page_linear,tail64,configuration,P2D2_MATCHING,18,0.013147002949928781,0.009673179176248669
r67_high_page_linear,tail64,configuration,P4D1,24,0.003293578440970933,-0.0007709790836292413
r67_high_page_linear,tail64,configuration_topology,P1D4/L1,8,0.003598208259848004,-0.002803169287327909
r67_high_page_linear,tail64,configuration_topology,P1D4/L2,8,0.0030379411701036765,-0.0010742939410082742
r67_high_page_linear,tail64,configuration_topology,P1D4/L3,8,0.0028337917114239926,-0.0011495633314410531
r67_high_page_linear,tail64,configuration_topology,P2D2_ALL_TO_ALL/L1,8,0.008873533609268127,0.004668845302270192
r67_high_page_linear,tail64,configuration_topology,P2D2_ALL_TO_ALL/L2,8,0.019708151267994203,-0.016627539110442197
r67_high_page_linear,tail64,configuration_topology,P2D2_ALL_TO_ALL/L3,8,0.010668481767420142,0.006975961383794486
r67_high_page_linear,tail64,configuration_topology,P2D2_MATCHING/L1,6,0.03500574408347777,0.031396856215420155
r67_high_page_linear,tail64,configuration_topology,P2D2_MATCHING/L2,6,0.0034436039068937345,-0.0011051108741638965
r67_high_page_linear,tail64,configuration_topology,P2D2_MATCHING/L3,6,0.0017304576992951432,-0.0005383803057587889
r67_high_page_linear,tail64,configuration_topology,P4D1/L1,8,0.004416065690725394,-0.0030296402782463813
r67_high_page_linear,tail64,configuration_topology,P4D1/L2,8,0.002457848873943784,-0.0007012973977076101
r67_high_page_linear,tail64,configuration_topology,P4D1/L3,8,0.0030021629026655613,0.001429952534176215
r67_high_page_linear,tail64,model,deepseek-v2-lite,45,0.005420157588306625,0.00037700007460310435
r67_high_page_linear,tail64,model,qwen3-8b,45,0.015216309932789005,-0.009136803583912084
r67_high_page_linear,tail64,model_configuration,deepseek-v2-lite/P1D4,12,0.0024416590706231598,-0.0016633061580263904
r67_high_page_linear,tail64,model_configuration,deepseek-v2-lite/P2D2_ALL_TO_ALL,12,0.012374989910804332,-0.0007523468040227895
r67_high_page_linear,tail64,model_configuration,deepseek-v2-lite/P2D2_MATCHING,9,0.012873166381965008,0.012018365333430148
r67_high_page_linear,tail64,model_configuration,deepseek-v2-lite/P4D1,12,0.00246139819676871,9.469920269983558e-05
r67_high_page_linear,tail64,model_configuration,qwen3-8b/P1D4,12,0.012066092528914397,-0.0018327168121535333
r67_high_page_linear,tail64,model_configuration,qwen3-8b/P2D2_ALL_TO_ALL,12,0.021829948853030207,-0.013469049147595093
r67_high_page_linear,tail64,model_configuration,qwen3-8b/P2D2_MATCHING,9,0.016140363748878166,-0.015962506960726125
r67_high_page_linear,tail64,model_configuration,qwen3-8b/P4D1,12,0.013906314550581203,-0.011810913367862554
r67_high_page_linear,tail64,overall,all,90,0.006163055828145747,-0.00034448605010667886
r67_high_page_linear,tail64,source_model_configuration,phase68/deepseek-v2-lite/P1D4,12,0.0024416590706231598,-0.0016633061580263904
r67_high_page_linear,tail64,source_model_configuration,phase68/deepseek-v2-lite/P2D2_ALL_TO_ALL,12,0.012374989910804332,-0.0007523468040227895
r67_high_page_linear,tail64,source_model_configuration,phase68/deepseek-v2-lite/P2D2_MATCHING,9,0.012873166381965008,0.012018365333430148
r67_high_page_linear,tail64,source_model_configuration,phase68/deepseek-v2-lite/P4D1,12,0.00246139819676871,9.469920269983558e-05
r67_high_page_linear,tail64,source_model_configuration,phase68/qwen3-8b/P1D4,12,0.012066092528914397,-0.0018327168121535333
r67_high_page_linear,tail64,source_model_configuration,phase68/qwen3-8b/P2D2_ALL_TO_ALL,12,0.021829948853030207,-0.013469049147595093
r67_high_page_linear,tail64,source_model_configuration,phase68/qwen3-8b/P2D2_MATCHING,9,0.016140363748878166,-0.015962506960726125
r67_high_page_linear,tail64,source_model_configuration,phase68/qwen3-8b/P4D1,12,0.013906314550581203,-0.011810913367862554
r67_high_page_linear,source_blocked,configuration,P1D4,180,0.010271285020868985,0.006142915241040505
r67_high_page_linear,source_blocked,configuration,P2D2_ALL_TO_ALL,180,0.026250538488158517,0.020157383126951357
r67_high_page_linear,source_blocked,configuration,P2D2_MATCHING,180,0.014220999916397277,0.007509133520554867
r67_high_page_linear,source_blocked,configuration,P4D1,180,0.01107244399602295,0.006955190118649105
r67_high_page_linear,source_blocked,configuration_topology,P1D4/L1,60,0.010003864070689957,0.005521689205995169
r67_high_page_linear,source_blocked,configuration_topology,P1D4/L2,60,0.010368706473661803,0.006396673735766304
r67_high_page_linear,source_blocked,configuration_topology,P1D4/L3,60,0.010441539945508262,0.006511000089643152
r67_high_page_linear,source_blocked,configuration_topology,P2D2_ALL_TO_ALL/L1,60,0.027975448491054416,0.0238323113354439
r67_high_page_linear,source_blocked,configuration_topology,P2D2_ALL_TO_ALL/L2,60,0.020998738871672258,0.009207243999535403
r67_high_page_linear,source_blocked,configuration_topology,P2D2_ALL_TO_ALL/L3,60,0.029860363553617215,0.02760532803215695
r67_high_page_linear,source_blocked,configuration_topology,P2D2_MATCHING/L1,60,0.02913708000960298,0.02247499653551251
r67_high_page_linear,source_blocked,configuration_topology,P2D2_MATCHING/L2,60,0.0073356506408099095,0.0009326636553790908
r67_high_page_linear,source_blocked,configuration_topology,P2D2_MATCHING/L3,60,0.00652934849993176,-0.0005393081444194814
r67_high_page_linear,source_blocked,configuration_topology,P4D1/L1,60,0.009879105684682362,0.00282906576979753
r67_high_page_linear,source_blocked,configuration_topology,P4D1/L2,60,0.01107200232290533,0.008026255066339708
r67_high_page_linear,source_blocked,configuration_topology,P4D1/L3,60,0.012276727466417931,0.010045678309835947
r67_high_page_linear,source_blocked,model,deepseek-v2-lite,360,0.009062481063777763,0.005208496926480312
r67_high_page_linear,source_blocked,model,qwen3-8b,360,0.07067329176270996,0.05532895574864727
r67_high_page_linear,source_blocked,model_configuration,deepseek-v2-lite/P1D4,90,0.004527045921310656,0.0009979977160328305
r67_high_page_linear,source_blocked,model_configuration,deepseek-v2-lite/P2D2_ALL_TO_ALL,90,0.01953142773921544,0.014547501148729616
r67_high_page_linear,source_blocked,model_configuration,deepseek-v2-lite/P2D2_MATCHING,90,0.01349846374042373,0.009439116405476197
r67_high_page_linear,source_blocked,model_configuration,deepseek-v2-lite/P4D1,90,0.005869336169188062,0.002434407078463948
r67_high_page_linear,source_blocked,model_configuration,qwen3-8b/P1D4,90,0.07705200702921651,0.0659561126094837
r67_high_page_linear,source_blocked,model_configuration,qwen3-8b/P2D2_ALL_TO_ALL,90,0.09156729508980549,0.07469128045750534
r67_high_page_linear,source_blocked,model_configuration,qwen3-8b/P2D2_MATCHING,90,0.02031727210708283,-0.008774758388375487
r67_high_page_linear,source_blocked,model_configuration,qwen3-8b/P4D1,90,0.07242146545845887,0.06025902793821632
r67_high_page_linear,source_blocked,overall,all,720,0.014290865218680117,0.009461792894663392
r67_high_page_linear,source_blocked,source_model_configuration,phase64/deepseek-v2-lite/P1D4,30,0.004661275016345666,0.00017101651249242238
r67_high_page_linear,source_blocked,source_model_configuration,phase64/deepseek-v2-lite/P2D2_ALL_TO_ALL,30,0.018407734141896306,-0.0025362049311654987
r67_high_page_linear,source_blocked,source_model_configuration,phase64/deepseek-v2-lite/P2D2_MATCHING,30,0.008437032827082492,-0.0037183580012642233
r67_high_page_linear,source_blocked,source_model_configuration,phase64/deepseek-v2-lite/P4D1,30,0.010717985935790044,0.0007147945654234906
r67_high_page_linear,source_blocked,source_model_configuration,phase64/qwen3-8b/P1D4,30,0.03763584341531361,-0.004855378546693966
r67_high_page_linear,source_blocked,source_model_configuration,phase64/qwen3-8b/P2D2_ALL_TO_ALL,30,0.041932182071317804,-0.0019417515921336926
r67_high_page_linear,source_blocked,source_model_configuration,phase64/qwen3-8b/P2D2_MATCHING,30,0.018523352336222543,0.009200110558087511
r67_high_page_linear,source_blocked,source_model_configuration,phase64/qwen3-8b/P4D1,30,0.03792309668418034,-0.004750873314823721
r67_high_page_linear,source_blocked,source_model_configuration,phase66/deepseek-v2-lite/P1D4,30,0.002511591225335303,-7.191480139047512e-05
r67_high_page_linear,source_blocked,source_model_configuration,phase66/deepseek-v2-lite/P2D2_ALL_TO_ALL,30,0.013138045499980992,0.0011313201980603675
r67_high_page_linear,source_blocked,source_model_configuration,phase66/deepseek-v2-lite/P2D2_MATCHING,30,0.010947494428846696,0.001902585884786151
r67_high_page_linear,source_blocked,source_model_configuration,phase66/deepseek-v2-lite/P4D1,30,0.005272090026000719,-0.00029646167221374347
r67_high_page_linear,source_blocked,source_model_configuration,phase66/qwen3-8b/P1D4,30,0.026732149487107712,0.0030135823387759286
r67_high_page_linear,source_blocked,source_model_configuration,phase66/qwen3-8b/P2D2_ALL_TO_ALL,30,0.03752519338089896,0.0013018066910087825
r67_high_page_linear,source_blocked,source_model_configuration,phase66/qwen3-8b/P2D2_MATCHING,30,0.01310415498518544,-0.007087970687475528
r67_high_page_linear,source_blocked,source_model_configuration,phase66/qwen3-8b/P4D1,30,0.03380808926439015,0.0027058362408956217
r67_high_page_linear,source_blocked,source_model_configuration,phase68/deepseek-v2-lite/P1D4,30,0.0051093204874314724,0.0014193703008151053
r67_high_page_linear,source_blocked,source_model_configuration,phase68/deepseek-v2-lite/P2D2_ALL_TO_ALL,30,0.02196122444084951,0.021961224440849653
r67_high_page_linear,source_blocked,source_model_configuration,phase68/deepseek-v2-lite/P2D2_MATCHING,30,0.015380166073771377,0.014662021324820118
r67_high_page_linear,source_blocked,source_model_configuration,phase68/deepseek-v2-lite/P4D1,30,0.005449799306326049,0.003456464060975249
r67_high_page_linear,source_blocked,source_model_configuration,phase68/qwen3-8b/P1D4,30,0.10289534908262142,0.1028953490826213
r67_high_page_linear,source_blocked,source_model_configuration,phase68/qwen3-8b/P2D2_ALL_TO_ALL,30,0.13091820010747357,0.13091820010747368
r67_high_page_linear,source_blocked,source_model_configuration,phase68/qwen3-8b/P2D2_MATCHING,30,0.024770598493167446,-0.016823740028001914
r67_high_page_linear,source_blocked,source_model_configuration,phase68/qwen3-8b/P4D1,30,0.09193285157040126,0.09193285157040114
r67_high_page_sqrt,payload_cohort,configuration,P1D4,180,0.004078672861952931,-3.198337974395861e-05
r67_high_page_sqrt,payload_cohort,configuration,P2D2_ALL_TO_ALL,180,0.012479526674924918,0.00019286478246597534
r67_high_page_sqrt,payload_cohort,configuration,P2D2_MATCHING,180,0.014220999916397277,0.007509133520554867
r67_high_page_sqrt,payload_cohort,configuration,P4D1,180,0.005380311948031253,2.1874632446606266e-05
r67_high_page_sqrt,payload_cohort,configuration_topology,P1D4/L1,60,0.0040942981460322155,-0.000648792912213076
r67_high_page_sqrt,payload_cohort,configuration_topology,P1D4/L2,60,0.0044274334380017795,0.0002168676651608397
r67_high_page_sqrt,payload_cohort,configuration_topology,P1D4/L3,60,0.0037145813041979535,0.00033658532003143183
r67_high_page_sqrt,payload_cohort,configuration_topology,P2D2_ALL_TO_ALL/L1,60,0.010511258596134908,0.0037896321992671633
r67_high_page_sqrt,payload_cohort,configuration_topology,P2D2_ALL_TO_ALL/L2,60,0.015059692500991683,-0.010555918643535068
r67_high_page_sqrt,payload_cohort,configuration_topology,P2D2_ALL_TO_ALL/L3,60,0.011829578042129913,0.0075144639205839605
r67_high_page_sqrt,payload_cohort,configuration_topology,P2D2_MATCHING/L1,60,0.02913708000960298,0.02247499653551251
r67_high_page_sqrt,payload_cohort,configuration_topology,P2D2_MATCHING/L2,60,0.0073356506408099095,0.0009326636553790908
r67_high_page_sqrt,payload_cohort,configuration_topology,P2D2_MATCHING/L3,60,0.00652934849993176,-0.0005393081444194814
r67_high_page_sqrt,payload_cohort,configuration_topology,P4D1/L1,60,0.005957722284107751,-0.004065819971028442
r67_high_page_sqrt,payload_cohort,configuration_topology,P4D1/L2,60,0.004522986647750794,0.001076440582206118
r67_high_page_sqrt,payload_cohort,configuration_topology,P4D1/L3,60,0.005655854954616113,0.003090107503921628
r67_high_page_sqrt,payload_cohort,model,deepseek-v2-lite,360,0.005884280255018653,0.0011573788460606971
r67_high_page_sqrt,payload_cohort,model,qwen3-8b,360,0.024046904691032392,-0.0017833949336350699
r67_high_page_sqrt,payload_cohort,model_configuration,deepseek-v2-lite/P1D4,90,0.002197394695708134,3.577301466028554e-05
r67_high_page_sqrt,payload_cohort,model_configuration,deepseek-v2-lite/P2D2_ALL_TO_ALL,90,0.01083831092384506,0.00023000457466682925
r67_high_page_sqrt,payload_cohort,model_configuration,deepseek-v2-lite/P2D2_MATCHING,90,0.01349846374042373,0.009439116405476197
r67_high_page_sqrt,payload_cohort,model_configuration,deepseek-v2-lite/P4D1,90,0.004085031165016572,8.18645439915595e-05
r67_high_page_sqrt,payload_cohort,model_configuration,qwen3-8b/P1D4,90,0.025949822732790902,-0.0008196979683194585
r67_high_page_sqrt,payload_cohort,model_configuration,qwen3-8b/P2D2_ALL_TO_ALL,90,0.02843385363120182,-0.0001681726908033898
r67_high_page_sqrt,payload_cohort,model_configuration,qwen3-8b/P2D2_MATCHING,90,0.02031727210708283,-0.008774758388375487
r67_high_page_sqrt,payload_cohort,model_configuration,qwen3-8b/P4D1,90,0.020652762798888884,-0.0006854569265726307
r67_high_page_sqrt,payload_cohort,overall,all,720,0.007425587320052005,0.00090782045105676
r67_high_page_sqrt,payload_cohort,source_model_configuration,phase64/deepseek-v2-lite/P1D4,30,0.004661275016345666,0.00017101651249242238
r67_high_page_sqrt,payload_cohort,source_model_configuration,phase64/deepseek-v2-lite/P2D2_ALL_TO_ALL,30,0.018407734141896306,-0.0025362049311654987
r67_high_page_sqrt,payload_cohort,source_model_configuration,phase64/deepseek-v2-lite/P2D2_MATCHING,30,0.008437032827082492,-0.0037183580012642233
r67_high_page_sqrt,payload_cohort,source_model_configuration,phase64/deepseek-v2-lite/P4D1,30,0.010717985935790044,0.0007147945654234906
r67_high_page_sqrt,payload_cohort,source_model_configuration,phase64/qwen3-8b/P1D4,30,0.03763584341531361,-0.004855378546693966
r67_high_page_sqrt,payload_cohort,source_model_configuration,phase64/qwen3-8b/P2D2_ALL_TO_ALL,30,0.041932182071317804,-0.0019417515921336926
r67_high_page_sqrt,payload_cohort,source_model_configuration,phase64/qwen3-8b/P2D2_MATCHING,30,0.018523352336222543,0.009200110558087511
r67_high_page_sqrt,payload_cohort,source_model_configuration,phase64/qwen3-8b/P4D1,30,0.03792309668418034,-0.004750873314823721
r67_high_page_sqrt,payload_cohort,source_model_configuration,phase66/deepseek-v2-lite/P1D4,30,0.002511591225335303,-7.191480139047512e-05
r67_high_page_sqrt,payload_cohort,source_model_configuration,phase66/deepseek-v2-lite/P2D2_ALL_TO_ALL,30,0.013138045499980992,0.0011313201980603675
r67_high_page_sqrt,payload_cohort,source_model_configuration,phase66/deepseek-v2-lite/P2D2_MATCHING,30,0.010947494428846696,0.001902585884786151
r67_high_page_sqrt,payload_cohort,source_model_configuration,phase66/deepseek-v2-lite/P4D1,30,0.005272090026000719,-0.00029646167221374347
r67_high_page_sqrt,payload_cohort,source_model_configuration,phase66/qwen3-8b/P1D4,30,0.026732149487107712,0.0030135823387759286
r67_high_page_sqrt,payload_cohort,source_model_configuration,phase66/qwen3-8b/P2D2_ALL_TO_ALL,30,0.03752519338089896,0.0013018066910087825
r67_high_page_sqrt,payload_cohort,source_model_configuration,phase66/qwen3-8b/P2D2_MATCHING,30,0.01310415498518544,-0.007087970687475528
r67_high_page_sqrt,payload_cohort,source_model_configuration,phase66/qwen3-8b/P4D1,30,0.03380808926439015,0.0027058362408956217
r67_high_page_sqrt,payload_cohort,source_model_configuration,phase68/deepseek-v2-lite/P1D4,30,0.00179604861559296,5.0877024907729864e-05
r67_high_page_sqrt,payload_cohort,source_model_configuration,phase68/deepseek-v2-lite/P2D2_ALL_TO_ALL,30,0.008837906043403754,0.0003472199144697334
r67_high_page_sqrt,payload_cohort,source_model_configuration,phase68/deepseek-v2-lite/P2D2_MATCHING,30,0.015380166073771377,0.014662021324820118
r67_high_page_sqrt,payload_cohort,source_model_configuration,phase68/deepseek-v2-lite/P4D1,30,0.0029163749770155616,0.00011623440369335721
r67_high_page_sqrt,payload_cohort,source_model_configuration,phase68/qwen3-8b/P1D4,30,0.02317298700322319,-0.0012787761983851674
r67_high_page_sqrt,payload_cohort,source_model_configuration,phase68/qwen3-8b/P2D2_ALL_TO_ALL,30,0.020258475549767577,-0.00029477156878276735
r67_high_page_sqrt,payload_cohort,source_model_configuration,phase68/qwen3-8b/P2D2_MATCHING,30,0.024770598493167446,-0.016823740028001914
r67_high_page_sqrt,payload_cohort,source_model_configuration,phase68/qwen3-8b/P4D1,30,0.012953076737584132,-0.0010457521928756979
r67_high_page_sqrt,topology,configuration,P1D4,180,0.0037923352055940344,-0.00020913064744037212
r67_high_page_sqrt,topology,configuration,P2D2_ALL_TO_ALL,180,0.013526444472116757,-0.000137218411099967
r67_high_page_sqrt,topology,configuration,P2D2_MATCHING,180,0.014220999916397277,0.007509133520554867
r67_high_page_sqrt,topology,configuration,P4D1,180,0.005798357727458913,-0.00013807662396218522
r67_high_page_sqrt,topology,configuration_topology,P1D4/L1,60,0.003915391161259385,-0.001083011075200564
r67_high_page_sqrt,topology,configuration_topology,P1D4/L2,60,0.004115415289337898,0.00020777680325114194
r67_high_page_sqrt,topology,configuration_topology,P1D4/L3,60,0.0033464025956339194,0.0002487629950311873
r67_high_page_sqrt,topology,configuration_topology,P2D2_ALL_TO_ALL/L1,60,0.010937911247102607,0.0048048703349904505
r67_high_page_sqrt,topology,configuration_topology,P2D2_ALL_TO_ALL/L2,60,0.016912023124380938,-0.014076559077636408
r67_high_page_sqrt,topology,configuration_topology,P2D2_ALL_TO_ALL/L3,60,0.01267948445505316,0.00907928632318024
r67_high_page_sqrt,topology,configuration_topology,P2D2_MATCHING/L1,60,0.02913708000960298,0.02247499653551251
r67_high_page_sqrt,topology,configuration_topology,P2D2_MATCHING/L2,60,0.0073356506408099095,0.0009326636553790908
r67_high_page_sqrt,topology,configuration_topology,P2D2_MATCHING/L3,60,0.00652934849993176,-0.0005393081444194814
r67_high_page_sqrt,topology,configuration_topology,P4D1/L1,60,0.006629135522235941,-0.005185795820746875
r67_high_page_sqrt,topology,configuration_topology,P4D1/L2,60,0.004711972428614751,0.0009406230257336558
r67_high_page_sqrt,topology,configuration_topology,P4D1/L3,60,0.006047552993695594,0.00387447677028905
r67_high_page_sqrt,topology,model,deepseek-v2-lite,360,0.006195331984608596,0.0010376332335025895
r67_high_page_sqrt,topology,model,qwen3-8b,360,0.02374963299147613,-0.0026399012801198263
r67_high_page_sqrt,topology,model_configuration,deepseek-v2-lite/P1D4,90,0.002163394749311072,-2.337056487563417e-05
r67_high_page_sqrt,topology,model_configuration,deepseek-v2-lite/P2D2_ALL_TO_ALL,90,0.011679349533603531,-6.139076683923428e-05
r67_high_page_sqrt,topology,model_configuration,deepseek-v2-lite/P2D2_MATCHING,90,0.01349846374042373,0.009439116405476197
r67_high_page_sqrt,topology,model_configuration,deepseek-v2-lite/P4D1,90,0.004528990974608415,-3.5818972270671744e-05
r67_high_page_sqrt,topology,model_configuration,qwen3-8b/P1D4,90,0.022729886009763632,-0.002368719101018554
r67_high_page_sqrt,topology,model_configuration,qwen3-8b/P2D2_ALL_TO_ALL,90,0.03148213161985135,-0.000874342112273143
r67_high_page_sqrt,topology,model_configuration,qwen3-8b/P2D2_MATCHING,90,0.02031727210708283,-0.008774758388375487
r67_high_page_sqrt,topology,model_configuration,qwen3-8b/P4D1,90,0.020765260347214872,-0.0013437804219811526
r67_high_page_sqrt,topology,overall,all,720,0.007685015827322313,0.0007255522372942815
r67_high_page_sqrt,topology,source_model_configuration,phase64/deepseek-v2-lite/P1D4,30,0.004661275016345666,0.00017101651249242238
r67_high_page_sqrt,topology,source_model_configuration,phase64/deepseek-v2-lite/P2D2_ALL_TO_ALL,30,0.018407734141896306,-0.0025362049311654987
r67_high_page_sqrt,topology,source_model_configuration,phase64/deepseek-v2-lite/P2D2_MATCHING,30,0.008437032827082492,-0.0037183580012642233
r67_high_page_sqrt,topology,source_model_configuration,phase64/deepseek-v2-lite/P4D1,30,0.010717985935790044,0.0007147945654234906
r67_high_page_sqrt,topology,source_model_configuration,phase64/qwen3-8b/P1D4,30,0.03763584341531361,-0.004855378546693966
r67_high_page_sqrt,topology,source_model_configuration,phase64/qwen3-8b/P2D2_ALL_TO_ALL,30,0.041932182071317804,-0.0019417515921336926
r67_high_page_sqrt,topology,source_model_configuration,phase64/qwen3-8b/P2D2_MATCHING,30,0.018523352336222543,0.009200110558087511
r67_high_page_sqrt,topology,source_model_configuration,phase64/qwen3-8b/P4D1,30,0.03792309668418034,-0.004750873314823721
r67_high_page_sqrt,topology,source_model_configuration,phase66/deepseek-v2-lite/P1D4,30,0.002511591225335303,-7.191480139047512e-05
r67_high_page_sqrt,topology,source_model_configuration,phase66/deepseek-v2-lite/P2D2_ALL_TO_ALL,30,0.013138045499980992,0.0011313201980603675
r67_high_page_sqrt,topology,source_model_configuration,phase66/deepseek-v2-lite/P2D2_MATCHING,30,0.010947494428846696,0.001902585884786151
r67_high_page_sqrt,topology,source_model_configuration,phase66/deepseek-v2-lite/P4D1,30,0.005272090026000719,-0.00029646167221374347
r67_high_page_sqrt,topology,source_model_configuration,phase66/qwen3-8b/P1D4,30,0.026732149487107712,0.0030135823387759286
r67_high_page_sqrt,topology,source_model_configuration,phase66/qwen3-8b/P2D2_ALL_TO_ALL,30,0.03752519338089896,0.0013018066910087825
r67_high_page_sqrt,topology,source_model_configuration,phase66/qwen3-8b/P2D2_MATCHING,30,0.01310415498518544,-0.007087970687475528
r67_high_page_sqrt,topology,source_model_configuration,phase66/qwen3-8b/P4D1,30,0.03380808926439015,0.0027058362408956217
r67_high_page_sqrt,topology,source_model_configuration,phase68/deepseek-v2-lite/P1D4,30,0.0017476932803378864,-3.323803760564917e-05
r67_high_page_sqrt,topology,source_model_configuration,phase68/deepseek-v2-lite/P2D2_ALL_TO_ALL,30,0.010107556238474244,-9.267683687210213e-05
r67_high_page_sqrt,topology,source_model_configuration,phase68/deepseek-v2-lite/P2D2_MATCHING,30,0.015380166073771377,0.014662021324820118
r67_high_page_sqrt,topology,source_model_configuration,phase68/deepseek-v2-lite/P4D1,30,0.003546726055013171,-5.085714318933497e-05
r67_high_page_sqrt,topology,source_model_configuration,phase68/qwen3-8b/P1D4,30,0.018149699548094075,-0.0036953387252109415
r67_high_page_sqrt,topology,source_model_configuration,phase68/qwen3-8b/P2D2_ALL_TO_ALL,30,0.025601469608161415,-0.0015325389368446992
r67_high_page_sqrt,topology,source_model_configuration,phase68/qwen3-8b/P2D2_MATCHING,30,0.024770598493167446,-0.016823740028001914
r67_high_page_sqrt,topology,source_model_configuration,phase68/qwen3-8b/P4D1,30,0.013124706131012404,-0.002050108855557229
r67_high_page_sqrt,tail64,configuration,P1D4,24,0.004001667726467529,0.0008780588923845049
r67_high_page_sqrt,tail64,configuration,P2D2_ALL_TO_ALL,24,0.01522042265559503,0.006272990325049494
r67_high_page_sqrt,tail64,configuration,P2D2_MATCHING,18,0.013147002949928781,0.009673179176248669
r67_high_page_sqrt,tail64,configuration,P4D1,24,0.003629559329189725,0.0018800975140269962
r67_high_page_sqrt,tail64,configuration_topology,P1D4/L1,8,0.0040047735568839865,-0.0002501401123411422
r67_high_page_sqrt,tail64,configuration_topology,P1D4/L2,8,0.004358093850670317,0.0014814581242882131
r67_high_page_sqrt,tail64,configuration_topology,P1D4/L3,8,0.0036425091867977022,0.0014035107715764533
r67_high_page_sqrt,tail64,configuration_topology,P2D2_ALL_TO_ALL/L1,8,0.013841620124025353,0.012784399354974052
r67_high_page_sqrt,tail64,configuration_topology,P2D2_ALL_TO_ALL/L2,8,0.014528914979787066,-0.008701092153715095
r67_high_page_sqrt,tail64,configuration_topology,P2D2_ALL_TO_ALL/L3,8,0.017303094557548276,0.01507543017115373
r67_high_page_sqrt,tail64,configuration_topology,P2D2_MATCHING/L1,6,0.03500574408347777,0.031396856215420155
r67_high_page_sqrt,tail64,configuration_topology,P2D2_MATCHING/L2,6,0.0034436039068937345,-0.0011051108741638965
r67_high_page_sqrt,tail64,configuration_topology,P2D2_MATCHING/L3,6,0.0017304576992951432,-0.0005383803057587889
r67_high_page_sqrt,tail64,configuration_topology,P4D1/L1,8,0.004183892780277319,-0.0003865465724819777
r67_high_page_sqrt,tail64,configuration_topology,P4D1/L2,8,0.0019547022558367854,0.001951667706325674
r67_high_page_sqrt,tail64,configuration_topology,P4D1/L3,8,0.004749802474184737,0.004087163132217854
r67_high_page_sqrt,tail64,model,deepseek-v2-lite,45,0.005938541934890986,0.002072049131482513
r67_high_page_sqrt,tail64,model,qwen3-8b,45,0.020033932049131866,0.016129187054713914
r67_high_page_sqrt,tail64,model_configuration,deepseek-v2-lite/P1D4,12,0.0022673568121290744,-0.0010568771939483644
r67_high_page_sqrt,tail64,model_configuration,deepseek-v2-lite/P2D2_ALL_TO_ALL,12,0.01463223871909465,0.00508487788159042
r67_high_page_sqrt,tail64,model_configuration,deepseek-v2-lite/P2D2_MATCHING,9,0.012873166381965008,0.012018365333430148
r67_high_page_sqrt,tail64,model_configuration,deepseek-v2-lite/P4D1,12,0.0027997366503947968,0.0009141837212411137
r67_high_page_sqrt,tail64,model_configuration,qwen3-8b/P1D4,12,0.025611429522485605,0.024987638997357356
r67_high_page_sqrt,tail64,model_configuration,qwen3-8b/P2D2_ALL_TO_ALL,12,0.02195885741195129,0.019884409622042746
r67_high_page_sqrt,tail64,model_configuration,qwen3-8b/P2D2_MATCHING,9,0.016140363748878166,-0.015962506960726125
r67_high_page_sqrt,tail64,model_configuration,qwen3-8b/P4D1,12,0.014212229573017819,0.014198328160437899
r67_high_page_sqrt,tail64,overall,all,90,0.0070074759548496785,0.0031380822690975896
r67_high_page_sqrt,tail64,source_model_configuration,phase68/deepseek-v2-lite/P1D4,12,0.0022673568121290744,-0.0010568771939483644
r67_high_page_sqrt,tail64,source_model_configuration,phase68/deepseek-v2-lite/P2D2_ALL_TO_ALL,12,0.01463223871909465,0.00508487788159042
r67_high_page_sqrt,tail64,source_model_configuration,phase68/deepseek-v2-lite/P2D2_MATCHING,9,0.012873166381965008,0.012018365333430148
r67_high_page_sqrt,tail64,source_model_configuration,phase68/deepseek-v2-lite/P4D1,12,0.0027997366503947968,0.0009141837212411137
r67_high_page_sqrt,tail64,source_model_configuration,phase68/qwen3-8b/P1D4,12,0.025611429522485605,0.024987638997357356
r67_high_page_sqrt,tail64,source_model_configuration,phase68/qwen3-8b/P2D2_ALL_TO_ALL,12,0.02195885741195129,0.019884409622042746
r67_high_page_sqrt,tail64,source_model_configuration,phase68/qwen3-8b/P2D2_MATCHING,9,0.016140363748878166,-0.015962506960726125
r67_high_page_sqrt,tail64,source_model_configuration,phase68/qwen3-8b/P4D1,12,0.014212229573017819,0.014198328160437899
r67_high_page_sqrt,source_blocked,configuration,P1D4,180,0.010271285020868985,0.006142915241040505
r67_high_page_sqrt,source_blocked,configuration,P2D2_ALL_TO_ALL,180,0.026250538488158517,0.020157383126951357
r67_high_page_sqrt,source_blocked,configuration,P2D2_MATCHING,180,0.014220999916397277,0.007509133520554867
r67_high_page_sqrt,source_blocked,configuration,P4D1,180,0.01107244399602295,0.006955190118649105
r67_high_page_sqrt,source_blocked,configuration_topology,P1D4/L1,60,0.010003864070689957,0.005521689205995169
r67_high_page_sqrt,source_blocked,configuration_topology,P1D4/L2,60,0.010368706473661803,0.006396673735766304
r67_high_page_sqrt,source_blocked,configuration_topology,P1D4/L3,60,0.010441539945508262,0.006511000089643152
r67_high_page_sqrt,source_blocked,configuration_topology,P2D2_ALL_TO_ALL/L1,60,0.027975448491054416,0.0238323113354439
r67_high_page_sqrt,source_blocked,configuration_topology,P2D2_ALL_TO_ALL/L2,60,0.020998738871672258,0.009207243999535403
r67_high_page_sqrt,source_blocked,configuration_topology,P2D2_ALL_TO_ALL/L3,60,0.029860363553617215,0.02760532803215695
r67_high_page_sqrt,source_blocked,configuration_topology,P2D2_MATCHING/L1,60,0.02913708000960298,0.02247499653551251
r67_high_page_sqrt,source_blocked,configuration_topology,P2D2_MATCHING/L2,60,0.0073356506408099095,0.0009326636553790908
r67_high_page_sqrt,source_blocked,configuration_topology,P2D2_MATCHING/L3,60,0.00652934849993176,-0.0005393081444194814
r67_high_page_sqrt,source_blocked,configuration_topology,P4D1/L1,60,0.009879105684682362,0.00282906576979753
r67_high_page_sqrt,source_blocked,configuration_topology,P4D1/L2,60,0.01107200232290533,0.008026255066339708
r67_high_page_sqrt,source_blocked,configuration_topology,P4D1/L3,60,0.012276727466417931,0.010045678309835947
r67_high_page_sqrt,source_blocked,model,deepseek-v2-lite,360,0.009062481063777763,0.005208496926480312
r67_high_page_sqrt,source_blocked,model,qwen3-8b,360,0.07067329176270996,0.05532895574864727
r67_high_page_sqrt,source_blocked,model_configuration,deepseek-v2-lite/P1D4,90,0.004527045921310656,0.0009979977160328305
r67_high_page_sqrt,source_blocked,model_configuration,deepseek-v2-lite/P2D2_ALL_TO_ALL,90,0.01953142773921544,0.014547501148729616
r67_high_page_sqrt,source_blocked,model_configuration,deepseek-v2-lite/P2D2_MATCHING,90,0.01349846374042373,0.009439116405476197
r67_high_page_sqrt,source_blocked,model_configuration,deepseek-v2-lite/P4D1,90,0.005869336169188062,0.002434407078463948
r67_high_page_sqrt,source_blocked,model_configuration,qwen3-8b/P1D4,90,0.07705200702921651,0.0659561126094837
r67_high_page_sqrt,source_blocked,model_configuration,qwen3-8b/P2D2_ALL_TO_ALL,90,0.09156729508980549,0.07469128045750534
r67_high_page_sqrt,source_blocked,model_configuration,qwen3-8b/P2D2_MATCHING,90,0.02031727210708283,-0.008774758388375487
r67_high_page_sqrt,source_blocked,model_configuration,qwen3-8b/P4D1,90,0.07242146545845887,0.06025902793821632
r67_high_page_sqrt,source_blocked,overall,all,720,0.014290865218680117,0.009461792894663392
r67_high_page_sqrt,source_blocked,source_model_configuration,phase64/deepseek-v2-lite/P1D4,30,0.004661275016345666,0.00017101651249242238
r67_high_page_sqrt,source_blocked,source_model_configuration,phase64/deepseek-v2-lite/P2D2_ALL_TO_ALL,30,0.018407734141896306,-0.0025362049311654987
r67_high_page_sqrt,source_blocked,source_model_configuration,phase64/deepseek-v2-lite/P2D2_MATCHING,30,0.008437032827082492,-0.0037183580012642233
r67_high_page_sqrt,source_blocked,source_model_configuration,phase64/deepseek-v2-lite/P4D1,30,0.010717985935790044,0.0007147945654234906
r67_high_page_sqrt,source_blocked,source_model_configuration,phase64/qwen3-8b/P1D4,30,0.03763584341531361,-0.004855378546693966
r67_high_page_sqrt,source_blocked,source_model_configuration,phase64/qwen3-8b/P2D2_ALL_TO_ALL,30,0.041932182071317804,-0.0019417515921336926
r67_high_page_sqrt,source_blocked,source_model_configuration,phase64/qwen3-8b/P2D2_MATCHING,30,0.018523352336222543,0.009200110558087511
r67_high_page_sqrt,source_blocked,source_model_configuration,phase64/qwen3-8b/P4D1,30,0.03792309668418034,-0.004750873314823721
r67_high_page_sqrt,source_blocked,source_model_configuration,phase66/deepseek-v2-lite/P1D4,30,0.002511591225335303,-7.191480139047512e-05
r67_high_page_sqrt,source_blocked,source_model_configuration,phase66/deepseek-v2-lite/P2D2_ALL_TO_ALL,30,0.013138045499980992,0.0011313201980603675
r67_high_page_sqrt,source_blocked,source_model_configuration,phase66/deepseek-v2-lite/P2D2_MATCHING,30,0.010947494428846696,0.001902585884786151
r67_high_page_sqrt,source_blocked,source_model_configuration,phase66/deepseek-v2-lite/P4D1,30,0.005272090026000719,-0.00029646167221374347
r67_high_page_sqrt,source_blocked,source_model_configuration,phase66/qwen3-8b/P1D4,30,0.026732149487107712,0.0030135823387759286
r67_high_page_sqrt,source_blocked,source_model_configuration,phase66/qwen3-8b/P2D2_ALL_TO_ALL,30,0.03752519338089896,0.0013018066910087825
r67_high_page_sqrt,source_blocked,source_model_configuration,phase66/qwen3-8b/P2D2_MATCHING,30,0.01310415498518544,-0.007087970687475528
r67_high_page_sqrt,source_blocked,source_model_configuration,phase66/qwen3-8b/P4D1,30,0.03380808926439015,0.0027058362408956217
r67_high_page_sqrt,source_blocked,source_model_configuration,phase68/deepseek-v2-lite/P1D4,30,0.0051093204874314724,0.0014193703008151053
r67_high_page_sqrt,source_blocked,source_model_configuration,phase68/deepseek-v2-lite/P2D2_ALL_TO_ALL,30,0.02196122444084951,0.021961224440849653
r67_high_page_sqrt,source_blocked,source_model_configuration,phase68/deepseek-v2-lite/P2D2_MATCHING,30,0.015380166073771377,0.014662021324820118
r67_high_page_sqrt,source_blocked,source_model_configuration,phase68/deepseek-v2-lite/P4D1,30,0.005449799306326049,0.003456464060975249
r67_high_page_sqrt,source_blocked,source_model_configuration,phase68/qwen3-8b/P1D4,30,0.10289534908262142,0.1028953490826213
r67_high_page_sqrt,source_blocked,source_model_configuration,phase68/qwen3-8b/P2D2_ALL_TO_ALL,30,0.13091820010747357,0.13091820010747368
r67_high_page_sqrt,source_blocked,source_model_configuration,phase68/qwen3-8b/P2D2_MATCHING,30,0.024770598493167446,-0.016823740028001914
r67_high_page_sqrt,source_blocked,source_model_configuration,phase68/qwen3-8b/P4D1,30,0.09193285157040126,0.09193285157040114
r67_high_page_linear_sqrt,payload_cohort,configuration,P1D4,180,0.0034047728759313087,-3.169505753340014e-05
r67_high_page_linear_sqrt,payload_cohort,configuration,P2D2_ALL_TO_ALL,180,0.012744971552598568,-0.00019389984010845457
r67_high_page_linear_sqrt,payload_cohort,configuration,P2D2_MATCHING,180,0.014220999916397277,0.007509133520554867
r67_high_page_linear_sqrt,payload_cohort,configuration,P4D1,180,0.005255633265674198,0.00011312163178800298
r67_high_page_linear_sqrt,payload_cohort,configuration_topology,P1D4/L1,60,0.0037145379825638176,-0.0006485047962205663
r67_high_page_linear_sqrt,payload_cohort,configuration_topology,P1D4/L2,60,0.003349728231780997,0.00021715621651313932
r67_high_page_linear_sqrt,payload_cohort,configuration_topology,P1D4/L3,60,0.0031498069686607087,0.00033687361964974906
r67_high_page_linear_sqrt,payload_cohort,configuration_topology,P2D2_ALL_TO_ALL/L1,60,0.010406692055690916,0.0034013533989612336
r67_high_page_linear_sqrt,payload_cohort,configuration_topology,P2D2_ALL_TO_ALL/L2,60,0.01584036866284904,-0.010938782482703736
r67_high_page_linear_sqrt,payload_cohort,configuration_topology,P2D2_ALL_TO_ALL/L3,60,0.011942149334322449,0.007125251652036958
r67_high_page_linear_sqrt,payload_cohort,configuration_topology,P2D2_MATCHING/L1,60,0.02913708000960298,0.02247499653551251
r67_high_page_linear_sqrt,payload_cohort,configuration_topology,P2D2_MATCHING/L2,60,0.0073356506408099095,0.0009326636553790908
r67_high_page_linear_sqrt,payload_cohort,configuration_topology,P2D2_MATCHING/L3,60,0.00652934849993176,-0.0005393081444194814
r67_high_page_linear_sqrt,payload_cohort,configuration_topology,P4D1/L1,60,0.005570697292310424,-0.003975078732453021
r67_high_page_linear_sqrt,payload_cohort,configuration_topology,P4D1/L2,60,0.004683534879365217,0.0011679047192295312
r67_high_page_linear_sqrt,payload_cohort,configuration_topology,P4D1/L3,60,0.005510368453577654,0.003181647397931836
r67_high_page_linear_sqrt,payload_cohort,model,deepseek-v2-lite,360,0.005909038038661672,0.0010173940320103495
r67_high_page_linear_sqrt,payload_cohort,model,qwen3-8b,360,0.021226499210650146,-0.0008478683706607326
r67_high_page_linear_sqrt,payload_cohort,model_configuration,deepseek-v2-lite/P1D4,90,0.002038724533798533,-9.815117143851714e-05
r67_high_page_linear_sqrt,payload_cohort,model_configuration,deepseek-v2-lite/P2D2_ALL_TO_ALL,90,0.011119824948505334,-0.0003448404272825043
r67_high_page_linear_sqrt,payload_cohort,model_configuration,deepseek-v2-lite/P2D2_MATCHING,90,0.01349846374042373,0.009439116405476197
r67_high_page_linear_sqrt,payload_cohort,model_configuration,deepseek-v2-lite/P4D1,90,0.00414857405792714,0.00014983992760449162
r67_high_page_linear_sqrt,payload_cohort,model_configuration,qwen3-8b/P1D4,90,0.01928602242087925,0.0007409028778132435
r67_high_page_linear_sqrt,payload_cohort,model_configuration,qwen3-8b/P2D2_ALL_TO_ALL,90,0.02854308965896383,0.0012733999205498112
r67_high_page_linear_sqrt,payload_cohort,model_configuration,qwen3-8b/P2D2_MATCHING,90,0.02031727210708283,-0.008774758388375487
r67_high_page_linear_sqrt,payload_cohort,model_configuration,qwen3-8b/P4D1,90,0.01830879329168432,-0.00031981798681559757
r67_high_page_linear_sqrt,payload_cohort,overall,all,720,0.007208900357894951,0.0008591051167984089
r67_high_page_linear_sqrt,payload_cohort,source_model_configuration,phase64/deepseek-v2-lite/P1D4,30,0.004661275016345666,0.00017101651249242238
r67_high_page_linear_sqrt,payload_cohort,source_model_configuration,phase64/deepseek-v2-lite/P2D2_ALL_TO_ALL,30,0.018407734141896306,-0.0025362049311654987
r67_high_page_linear_sqrt,payload_cohort,source_model_configuration,phase64/deepseek-v2-lite/P2D2_MATCHING,30,0.008437032827082492,-0.0037183580012642233
r67_high_page_linear_sqrt,payload_cohort,source_model_configuration,phase64/deepseek-v2-lite/P4D1,30,0.010717985935790044,0.0007147945654234906
r67_high_page_linear_sqrt,payload_cohort,source_model_configuration,phase64/qwen3-8b/P1D4,30,0.03763584341531361,-0.004855378546693966
r67_high_page_linear_sqrt,payload_cohort,source_model_configuration,phase64/qwen3-8b/P2D2_ALL_TO_ALL,30,0.041932182071317804,-0.0019417515921336926
r67_high_page_linear_sqrt,payload_cohort,source_model_configuration,phase64/qwen3-8b/P2D2_MATCHING,30,0.018523352336222543,0.009200110558087511
r67_high_page_linear_sqrt,payload_cohort,source_model_configuration,phase64/qwen3-8b/P4D1,30,0.03792309668418034,-0.004750873314823721
r67_high_page_linear_sqrt,payload_cohort,source_model_configuration,phase66/deepseek-v2-lite/P1D4,30,0.002511591225335303,-7.191480139047512e-05
r67_high_page_linear_sqrt,payload_cohort,source_model_configuration,phase66/deepseek-v2-lite/P2D2_ALL_TO_ALL,30,0.013138045499980992,0.0011313201980603675
r67_high_page_linear_sqrt,payload_cohort,source_model_configuration,phase66/deepseek-v2-lite/P2D2_MATCHING,30,0.010947494428846696,0.001902585884786151
r67_high_page_linear_sqrt,payload_cohort,source_model_configuration,phase66/deepseek-v2-lite/P4D1,30,0.005272090026000719,-0.00029646167221374347
r67_high_page_linear_sqrt,payload_cohort,source_model_configuration,phase66/qwen3-8b/P1D4,30,0.026732149487107712,0.0030135823387759286
r67_high_page_linear_sqrt,payload_cohort,source_model_configuration,phase66/qwen3-8b/P2D2_ALL_TO_ALL,30,0.03752519338089896,0.0013018066910087825
r67_high_page_linear_sqrt,payload_cohort,source_model_configuration,phase66/qwen3-8b/P2D2_MATCHING,30,0.01310415498518544,-0.007087970687475528
r67_high_page_linear_sqrt,payload_cohort,source_model_configuration,phase66/qwen3-8b/P4D1,30,0.03380808926439015,0.0027058362408956217
r67_high_page_linear_sqrt,payload_cohort,source_model_configuration,phase68/deepseek-v2-lite/P1D4,30,0.0015703850576416294,-0.00013959236118888933
r67_high_page_linear_sqrt,payload_cohort,source_model_configuration,phase68/deepseek-v2-lite/P2D2_ALL_TO_ALL,30,0.009262885743714588,-0.0005205786151005859
r67_high_page_linear_sqrt,payload_cohort,source_model_configuration,phase68/deepseek-v2-lite/P2D2_MATCHING,30,0.015380166073771377,0.014662021324820118
r67_high_page_linear_sqrt,payload_cohort,source_model_configuration,phase68/deepseek-v2-lite/P4D1,30,0.003006595600999718,0.0002127484471088005
r67_high_page_linear_sqrt,payload_cohort,source_model_configuration,phase68/qwen3-8b/P1D4,30,0.012777073235439562,0.0011558513509015822
r67_high_page_linear_sqrt,payload_cohort,source_model_configuration,phase68/qwen3-8b/P2D2_ALL_TO_ALL,30,0.02044994347016992,0.002232003851925075
r67_high_page_linear_sqrt,payload_cohort,source_model_configuration,phase68/qwen3-8b/P2D2_MATCHING,30,0.024770598493167446,-0.016823740028001914
r67_high_page_linear_sqrt,payload_cohort,source_model_configuration,phase68/qwen3-8b/P4D1,30,0.009377051564394223,-0.0004879232412401474
r67_high_page_linear_sqrt,topology,configuration,P1D4,180,0.0033335437578164567,9.729005929972992e-06
r67_high_page_linear_sqrt,topology,configuration,P2D2_ALL_TO_ALL,180,0.013519773162625393,4.691119421780123e-05
r67_high_page_linear_sqrt,topology,configuration,P2D2_MATCHING,180,0.014220999916397277,0.007509133520554867
r67_high_page_linear_sqrt,topology,configuration,P4D1,180,0.005771459747569906,2.7652545097560553e-05
r67_high_page_linear_sqrt,topology,configuration_topology,P1D4/L1,60,0.0035602792341172074,-0.0008590632289948828
r67_high_page_linear_sqrt,topology,configuration_topology,P1D4/L2,60,0.0034946654380745776,0.00039318192276564004
r67_high_page_linear_sqrt,topology,configuration_topology,P1D4/L3,60,0.002945682658823012,0.0004959565606073368
r67_high_page_linear_sqrt,topology,configuration_topology,P2D2_ALL_TO_ALL/L1,60,0.010784599449781166,0.004932889713991465
r67_high_page_linear_sqrt,topology,configuration_topology,P2D2_ALL_TO_ALL/L2,60,0.01682282861618529,-0.013860036812168167
r67_high_page_linear_sqrt,topology,configuration_topology,P2D2_ALL_TO_ALL/L3,60,0.012903697725723326,0.009286731273718022
r67_high_page_linear_sqrt,topology,configuration_topology,P2D2_MATCHING/L1,60,0.02913708000960298,0.02247499653551251
r67_high_page_linear_sqrt,topology,configuration_topology,P2D2_MATCHING/L2,60,0.0073356506408099095,0.0009326636553790908
r67_high_page_linear_sqrt,topology,configuration_topology,P2D2_MATCHING/L3,60,0.00652934849993176,-0.0005393081444194814
r67_high_page_linear_sqrt,topology,configuration_topology,P4D1/L1,60,0.006266307154799775,-0.0050444041869455065
r67_high_page_linear_sqrt,topology,configuration_topology,P4D1/L2,60,0.005033072511367236,0.0010934342609548488
r67_high_page_linear_sqrt,topology,configuration_topology,P4D1/L3,60,0.006011255780475504,0.00407768631383837
r67_high_page_linear_sqrt,topology,model,deepseek-v2-lite,360,0.006241339671626366,0.0010868474364607661
r67_high_page_linear_sqrt,topology,model,qwen3-8b,360,0.021291272997125885,-0.0011867566865147957
r67_high_page_linear_sqrt,topology,model_configuration,deepseek-v2-lite/P1D4,90,0.0021322779936845753,8.992329830025272e-08
r67_high_page_linear_sqrt,topology,model_configuration,deepseek-v2-lite/P2D2_ALL_TO_ALL,90,0.011691023052025174,3.551054113926497e-05
r67_high_page_linear_sqrt,topology,model_configuration,deepseek-v2-lite/P2D2_MATCHING,90,0.01349846374042373,0.009439116405476197
r67_high_page_linear_sqrt,topology,model_configuration,deepseek-v2-lite/P4D1,90,0.004688469508868857,2.7103344937923742e-05
r67_high_page_linear_sqrt,topology,model_configuration,qwen3-8b/P1D4,90,0.017299082737348925,0.00012178995717065309
r67_high_page_linear_sqrt,topology,model_configuration,qwen3-8b/P2D2_ALL_TO_ALL,90,0.031297129470987894,0.0001577374196014176
r67_high_page_linear_sqrt,topology,model_configuration,qwen3-8b/P2D2_MATCHING,90,0.02031727210708283,-0.008774758388375487
r67_high_page_linear_sqrt,topology,model_configuration,qwen3-8b/P4D1,90,0.018540826366307796,3.4128077319193836e-05
r67_high_page_linear_sqrt,topology,overall,all,720,0.007518499183710862,0.000893906041334978
r67_high_page_linear_sqrt,topology,source_model_configuration,phase64/deepseek-v2-lite/P1D4,30,0.004661275016345666,0.00017101651249242238
r67_high_page_linear_sqrt,topology,source_model_configuration,phase64/deepseek-v2-lite/P2D2_ALL_TO_ALL,30,0.018407734141896306,-0.0025362049311654987
r67_high_page_linear_sqrt,topology,source_model_configuration,phase64/deepseek-v2-lite/P2D2_MATCHING,30,0.008437032827082492,-0.0037183580012642233
r67_high_page_linear_sqrt,topology,source_model_configuration,phase64/deepseek-v2-lite/P4D1,30,0.010717985935790044,0.0007147945654234906
r67_high_page_linear_sqrt,topology,source_model_configuration,phase64/qwen3-8b/P1D4,30,0.03763584341531361,-0.004855378546693966
r67_high_page_linear_sqrt,topology,source_model_configuration,phase64/qwen3-8b/P2D2_ALL_TO_ALL,30,0.041932182071317804,-0.0019417515921336926
r67_high_page_linear_sqrt,topology,source_model_configuration,phase64/qwen3-8b/P2D2_MATCHING,30,0.018523352336222543,0.009200110558087511
r67_high_page_linear_sqrt,topology,source_model_configuration,phase64/qwen3-8b/P4D1,30,0.03792309668418034,-0.004750873314823721
r67_high_page_linear_sqrt,topology,source_model_configuration,phase66/deepseek-v2-lite/P1D4,30,0.002511591225335303,-7.191480139047512e-05
r67_high_page_linear_sqrt,topology,source_model_configuration,phase66/deepseek-v2-lite/P2D2_ALL_TO_ALL,30,0.013138045499980992,0.0011313201980603675
r67_high_page_linear_sqrt,topology,source_model_configuration,phase66/deepseek-v2-lite/P2D2_MATCHING,30,0.010947494428846696,0.001902585884786151
r67_high_page_linear_sqrt,topology,source_model_configuration,phase66/deepseek-v2-lite/P4D1,30,0.005272090026000719,-0.00029646167221374347
r67_high_page_linear_sqrt,topology,source_model_configuration,phase66/qwen3-8b/P1D4,30,0.026732149487107712,0.0030135823387759286
r67_high_page_linear_sqrt,topology,source_model_configuration,phase66/qwen3-8b/P2D2_ALL_TO_ALL,30,0.03752519338089896,0.0013018066910087825
r67_high_page_linear_sqrt,topology,source_model_configuration,phase66/qwen3-8b/P2D2_MATCHING,30,0.01310415498518544,-0.007087970687475528
r67_high_page_linear_sqrt,topology,source_model_configuration,phase66/qwen3-8b/P4D1,30,0.03380808926439015,0.0027058362408956217
r67_high_page_linear_sqrt,topology,source_model_configuration,phase68/deepseek-v2-lite/P1D4,30,0.0017034384708509087,1.2789061217358147e-07
r67_high_page_linear_sqrt,topology,source_model_configuration,phase68/deepseek-v2-lite/P2D2_ALL_TO_ALL,30,0.01012517883602117,5.360748723617985e-05
r67_high_page_linear_sqrt,topology,source_model_configuration,phase68/deepseek-v2-lite/P2D2_MATCHING,30,0.015380166073771377,0.014662021324820118
r67_high_page_linear_sqrt,topology,source_model_configuration,phase68/deepseek-v2-lite/P4D1,30,0.0037731597632377246,3.8482363733623145e-05
r67_high_page_linear_sqrt,topology,source_model_configuration,phase68/qwen3-8b/P1D4,30,0.009677332450163398,0.0001899993994233619
r67_high_page_linear_sqrt,topology,source_model_configuration,phase68/qwen3-8b/P2D2_ALL_TO_ALL,30,0.025277199516703833,0.00027648072183764533
r67_high_page_linear_sqrt,topology,source_model_configuration,phase68/qwen3-8b/P2D2_MATCHING,30,0.024770598493167446,-0.016823740028001914
r67_high_page_linear_sqrt,topology,source_model_configuration,phase68/qwen3-8b/P4D1,30,0.00973104768649215,5.2066733632440685e-05
r67_high_page_linear_sqrt,tail64,configuration,P1D4,24,0.0028288530588067504,0.0004531220216630167
r67_high_page_linear_sqrt,tail64,configuration,P2D2_ALL_TO_ALL,24,0.016446495738545515,-0.01070931933805047
r67_high_page_linear_sqrt,tail64,configuration,P2D2_MATCHING,18,0.013147002949928781,0.009673179176248669
r67_high_page_linear_sqrt,tail64,configuration,P4D1,24,0.005639579911838185,0.0014773873950700985
r67_high_page_linear_sqrt,tail64,configuration_topology,P1D4/L1,8,0.0031415392868735952,-0.0006749235816294737
r67_high_page_linear_sqrt,tail64,configuration_topology,P1D4/L2,8,0.002757888670817978,0.0010562216093382404
r67_high_page_linear_sqrt,tail64,configuration_topology,P1D4/L3,8,0.0025870513583554897,0.0009787198269782156
r67_high_page_linear_sqrt,tail64,configuration_topology,P2D2_ALL_TO_ALL/L1,8,0.011112952301319307,-0.00434420556738653
r67_high_page_linear_sqrt,tail64,configuration_topology,P2D2_ALL_TO_ALL/L2,8,0.027792212717165744,-0.025430569584105903
r67_high_page_linear_sqrt,tail64,configuration_topology,P2D2_ALL_TO_ALL/L3,8,0.01017609185791396,-0.0020192253555931946
r67_high_page_linear_sqrt,tail64,configuration_topology,P2D2_MATCHING/L1,6,0.03500574408347777,0.031396856215420155
r67_high_page_linear_sqrt,tail64,configuration_topology,P2D2_MATCHING/L2,6,0.0034436039068937345,-0.0011051108741638965
r67_high_page_linear_sqrt,tail64,configuration_topology,P2D2_MATCHING/L3,6,0.0017304576992951432,-0.0005383803057587889
r67_high_page_linear_sqrt,tail64,configuration_topology,P4D1/L1,8,0.004643733291441052,-0.0007880440552797064
r67_high_page_linear_sqrt,tail64,configuration_topology,P4D1/L2,8,0.006330798385645292,0.001548670714998223
r67_high_page_linear_sqrt,tail64,configuration_topology,P4D1/L3,8,0.005948420778828025,0.003683521231800018
r67_high_page_linear_sqrt,tail64,model,deepseek-v2-lite,45,0.006373275121037775,-0.0008172588327162891
r67_high_page_linear_sqrt,tail64,model,qwen3-8b,45,0.021880078082589956,0.0015349715243755432
r67_high_page_linear_sqrt,tail64,model_configuration,deepseek-v2-lite/P1D4,12,0.002060068339444393,-0.00027676499113358025
r67_high_page_linear_sqrt,tail64,model_configuration,deepseek-v2-lite/P2D2_ALL_TO_ALL,12,0.014678815600092428,-0.014678815600092517
r67_high_page_linear_sqrt,tail64,model_configuration,deepseek-v2-lite/P2D2_MATCHING,9,0.012873166381965008,0.012018365333430148
r67_high_page_linear_sqrt,tail64,model_configuration,deepseek-v2-lite/P4D1,12,0.004217703652896917,0.0033938670944619175
r67_high_page_linear_sqrt,tail64,model_configuration,qwen3-8b/P1D4,12,0.012408020508246579,0.0095476184894762
r67_high_page_linear_sqrt,tail64,model_configuration,qwen3-8b/P2D2_ALL_TO_ALL,12,0.03669763920557772,0.034766576750710966
r67_high_page_linear_sqrt,tail64,model_configuration,qwen3-8b/P2D2_MATCHING,9,0.016140363748878166,-0.015962506960726125
r67_high_page_linear_sqrt,tail64,model_configuration,qwen3-8b/P4D1,12,0.02377266781171945,-0.02296334338503778
r67_high_page_linear_sqrt,tail64,overall,all,90,0.007549244646680948,-0.0006388757563278838
r67_high_page_linear_sqrt,tail64,source_model_configuration,phase68/deepseek-v2-lite/P1D4,12,0.002060068339444393,-0.00027676499113358025
r67_high_page_linear_sqrt,tail64,source_model_configuration,phase68/deepseek-v2-lite/P2D2_ALL_TO_ALL,12,0.014678815600092428,-0.014678815600092517
r67_high_page_linear_sqrt,tail64,source_model_configuration,phase68/deepseek-v2-lite/P2D2_MATCHING,9,0.012873166381965008,0.012018365333430148
r67_high_page_linear_sqrt,tail64,source_model_configuration,phase68/deepseek-v2-lite/P4D1,12,0.004217703652896917,0.0033938670944619175
r67_high_page_linear_sqrt,tail64,source_model_configuration,phase68/qwen3-8b/P1D4,12,0.012408020508246579,0.0095476184894762
r67_high_page_linear_sqrt,tail64,source_model_configuration,phase68/qwen3-8b/P2D2_ALL_TO_ALL,12,0.03669763920557772,0.034766576750710966
r67_high_page_linear_sqrt,tail64,source_model_configuration,phase68/qwen3-8b/P2D2_MATCHING,9,0.016140363748878166,-0.015962506960726125
r67_high_page_linear_sqrt,tail64,source_model_configuration,phase68/qwen3-8b/P4D1,12,0.02377266781171945,-0.02296334338503778
r67_high_page_linear_sqrt,source_blocked,configuration,P1D4,180,0.010271285020868985,0.006142915241040505
r67_high_page_linear_sqrt,source_blocked,configuration,P2D2_ALL_TO_ALL,180,0.026250538488158517,0.020157383126951357
r67_high_page_linear_sqrt,source_blocked,configuration,P2D2_MATCHING,180,0.014220999916397277,0.007509133520554867
r67_high_page_linear_sqrt,source_blocked,configuration,P4D1,180,0.01107244399602295,0.006955190118649105
r67_high_page_linear_sqrt,source_blocked,configuration_topology,P1D4/L1,60,0.010003864070689957,0.005521689205995169
r67_high_page_linear_sqrt,source_blocked,configuration_topology,P1D4/L2,60,0.010368706473661803,0.006396673735766304
r67_high_page_linear_sqrt,source_blocked,configuration_topology,P1D4/L3,60,0.010441539945508262,0.006511000089643152
r67_high_page_linear_sqrt,source_blocked,configuration_topology,P2D2_ALL_TO_ALL/L1,60,0.027975448491054416,0.0238323113354439
r67_high_page_linear_sqrt,source_blocked,configuration_topology,P2D2_ALL_TO_ALL/L2,60,0.020998738871672258,0.009207243999535403
r67_high_page_linear_sqrt,source_blocked,configuration_topology,P2D2_ALL_TO_ALL/L3,60,0.029860363553617215,0.02760532803215695
r67_high_page_linear_sqrt,source_blocked,configuration_topology,P2D2_MATCHING/L1,60,0.02913708000960298,0.02247499653551251
r67_high_page_linear_sqrt,source_blocked,configuration_topology,P2D2_MATCHING/L2,60,0.0073356506408099095,0.0009326636553790908
r67_high_page_linear_sqrt,source_blocked,configuration_topology,P2D2_MATCHING/L3,60,0.00652934849993176,-0.0005393081444194814
r67_high_page_linear_sqrt,source_blocked,configuration_topology,P4D1/L1,60,0.009879105684682362,0.00282906576979753
r67_high_page_linear_sqrt,source_blocked,configuration_topology,P4D1/L2,60,0.01107200232290533,0.008026255066339708
r67_high_page_linear_sqrt,source_blocked,configuration_topology,P4D1/L3,60,0.012276727466417931,0.010045678309835947
r67_high_page_linear_sqrt,source_blocked,model,deepseek-v2-lite,360,0.009062481063777763,0.005208496926480312
r67_high_page_linear_sqrt,source_blocked,model,qwen3-8b,360,0.07067329176270996,0.05532895574864727
r67_high_page_linear_sqrt,source_blocked,model_configuration,deepseek-v2-lite/P1D4,90,0.004527045921310656,0.0009979977160328305
r67_high_page_linear_sqrt,source_blocked,model_configuration,deepseek-v2-lite/P2D2_ALL_TO_ALL,90,0.01953142773921544,0.014547501148729616
r67_high_page_linear_sqrt,source_blocked,model_configuration,deepseek-v2-lite/P2D2_MATCHING,90,0.01349846374042373,0.009439116405476197
r67_high_page_linear_sqrt,source_blocked,model_configuration,deepseek-v2-lite/P4D1,90,0.005869336169188062,0.002434407078463948
r67_high_page_linear_sqrt,source_blocked,model_configuration,qwen3-8b/P1D4,90,0.07705200702921651,0.0659561126094837
r67_high_page_linear_sqrt,source_blocked,model_configuration,qwen3-8b/P2D2_ALL_TO_ALL,90,0.09156729508980549,0.07469128045750534
r67_high_page_linear_sqrt,source_blocked,model_configuration,qwen3-8b/P2D2_MATCHING,90,0.02031727210708283,-0.008774758388375487
r67_high_page_linear_sqrt,source_blocked,model_configuration,qwen3-8b/P4D1,90,0.07242146545845887,0.06025902793821632
r67_high_page_linear_sqrt,source_blocked,overall,all,720,0.014290865218680117,0.009461792894663392
r67_high_page_linear_sqrt,source_blocked,source_model_configuration,phase64/deepseek-v2-lite/P1D4,30,0.004661275016345666,0.00017101651249242238
r67_high_page_linear_sqrt,source_blocked,source_model_configuration,phase64/deepseek-v2-lite/P2D2_ALL_TO_ALL,30,0.018407734141896306,-0.0025362049311654987
r67_high_page_linear_sqrt,source_blocked,source_model_configuration,phase64/deepseek-v2-lite/P2D2_MATCHING,30,0.008437032827082492,-0.0037183580012642233
r67_high_page_linear_sqrt,source_blocked,source_model_configuration,phase64/deepseek-v2-lite/P4D1,30,0.010717985935790044,0.0007147945654234906
r67_high_page_linear_sqrt,source_blocked,source_model_configuration,phase64/qwen3-8b/P1D4,30,0.03763584341531361,-0.004855378546693966
r67_high_page_linear_sqrt,source_blocked,source_model_configuration,phase64/qwen3-8b/P2D2_ALL_TO_ALL,30,0.041932182071317804,-0.0019417515921336926
r67_high_page_linear_sqrt,source_blocked,source_model_configuration,phase64/qwen3-8b/P2D2_MATCHING,30,0.018523352336222543,0.009200110558087511
r67_high_page_linear_sqrt,source_blocked,source_model_configuration,phase64/qwen3-8b/P4D1,30,0.03792309668418034,-0.004750873314823721
r67_high_page_linear_sqrt,source_blocked,source_model_configuration,phase66/deepseek-v2-lite/P1D4,30,0.002511591225335303,-7.191480139047512e-05
r67_high_page_linear_sqrt,source_blocked,source_model_configuration,phase66/deepseek-v2-lite/P2D2_ALL_TO_ALL,30,0.013138045499980992,0.0011313201980603675
r67_high_page_linear_sqrt,source_blocked,source_model_configuration,phase66/deepseek-v2-lite/P2D2_MATCHING,30,0.010947494428846696,0.001902585884786151
r67_high_page_linear_sqrt,source_blocked,source_model_configuration,phase66/deepseek-v2-lite/P4D1,30,0.005272090026000719,-0.00029646167221374347
r67_high_page_linear_sqrt,source_blocked,source_model_configuration,phase66/qwen3-8b/P1D4,30,0.026732149487107712,0.0030135823387759286
r67_high_page_linear_sqrt,source_blocked,source_model_configuration,phase66/qwen3-8b/P2D2_ALL_TO_ALL,30,0.03752519338089896,0.0013018066910087825
r67_high_page_linear_sqrt,source_blocked,source_model_configuration,phase66/qwen3-8b/P2D2_MATCHING,30,0.01310415498518544,-0.007087970687475528
r67_high_page_linear_sqrt,source_blocked,source_model_configuration,phase66/qwen3-8b/P4D1,30,0.03380808926439015,0.0027058362408956217
r67_high_page_linear_sqrt,source_blocked,source_model_configuration,phase68/deepseek-v2-lite/P1D4,30,0.0051093204874314724,0.0014193703008151053
r67_high_page_linear_sqrt,source_blocked,source_model_configuration,phase68/deepseek-v2-lite/P2D2_ALL_TO_ALL,30,0.02196122444084951,0.021961224440849653
r67_high_page_linear_sqrt,source_blocked,source_model_configuration,phase68/deepseek-v2-lite/P2D2_MATCHING,30,0.015380166073771377,0.014662021324820118
r67_high_page_linear_sqrt,source_blocked,source_model_configuration,phase68/deepseek-v2-lite/P4D1,30,0.005449799306326049,0.003456464060975249
r67_high_page_linear_sqrt,source_blocked,source_model_configuration,phase68/qwen3-8b/P1D4,30,0.10289534908262142,0.1028953490826213
r67_high_page_linear_sqrt,source_blocked,source_model_configuration,phase68/qwen3-8b/P2D2_ALL_TO_ALL,30,0.13091820010747357,0.13091820010747368
r67_high_page_linear_sqrt,source_blocked,source_model_configuration,phase68/qwen3-8b/P2D2_MATCHING,30,0.024770598493167446,-0.016823740028001914
r67_high_page_linear_sqrt,source_blocked,source_model_configuration,phase68/qwen3-8b/P4D1,30,0.09193285157040126,0.09193285157040114
