timestamp, index, pstate, temperature.gpu, power.draw [W], clocks.current.sm [MHz], clocks.current.memory [MHz], utilization.gpu [%], memory.used [MiB]
2026/08/03 11:34:24.880, 0, P0, 37, 244.57 W, 1965 MHz, 3996 MHz, 0 %, 0 MiB
2026/08/03 11:34:24.883, 1, P0, 34, 241.46 W, 1965 MHz, 3996 MHz, 0 %, 0 MiB
2026/08/03 11:34:24.885, 2, P0, 36, 236.14 W, 1965 MHz, 3996 MHz, 0 %, 0 MiB
2026/08/03 11:34:24.888, 3, P0, 32, 238.53 W, 1965 MHz, 3996 MHz, 0 %, 0 MiB
2026/08/03 11:34:24.890, 4, P0, 33, 235.60 W, 1965 MHz, 3996 MHz, 0 %, 0 MiB
2026/08/03 11:34:24.893, 5, P0, 36, 244.16 W, 1965 MHz, 3996 MHz, 0 %, 0 MiB
2026/08/03 11:34:24.895, 6, P0, 33, 242.27 W, 1965 MHz, 3996 MHz, 0 %, 0 MiB
2026/08/03 11:34:24.897, 7, P0, 37, 243.24 W, 1965 MHz, 3996 MHz, 0 %, 0 MiB
2026/08/03 11:34:25.900, 0, P0, 37, 244.61 W, 1965 MHz, 3996 MHz, 0 %, 0 MiB
2026/08/03 11:34:25.900, 1, P0, 34, 241.49 W, 1965 MHz, 3996 MHz, 0 %, 0 MiB
2026/08/03 11:34:25.900, 2, P0, 36, 236.11 W, 1965 MHz, 3996 MHz, 0 %, 0 MiB
2026/08/03 11:34:25.900, 3, P0, 32, 238.56 W, 1965 MHz, 3996 MHz, 0 %, 0 MiB
2026/08/03 11:34:25.900, 4, P0, 33, 235.55 W, 1965 MHz, 3996 MHz, 0 %, 0 MiB
2026/08/03 11:34:25.900, 5, P0, 36, 244.11 W, 1965 MHz, 3996 MHz, 0 %, 0 MiB
2026/08/03 11:34:25.900, 6, P0, 33, 242.28 W, 1965 MHz, 3996 MHz, 0 %, 0 MiB
2026/08/03 11:34:25.900, 7, P0, 37, 243.27 W, 1965 MHz, 3996 MHz, 0 %, 0 MiB
2026/08/03 11:34:26.900, 0, P0, 37, 244.49 W, 1965 MHz, 3996 MHz, 0 %, 0 MiB
2026/08/03 11:34:26.900, 1, P0, 34, 241.39 W, 1965 MHz, 3996 MHz, 0 %, 0 MiB
2026/08/03 11:34:26.900, 2, P0, 36, 236.25 W, 1965 MHz, 3996 MHz, 0 %, 0 MiB
2026/08/03 11:34:26.900, 3, P0, 32, 238.50 W, 1965 MHz, 3996 MHz, 0 %, 0 MiB
2026/08/03 11:34:26.900, 4, P0, 33, 235.53 W, 1965 MHz, 3996 MHz, 0 %, 0 MiB
2026/08/03 11:34:26.900, 5, P0, 36, 244.01 W, 1965 MHz, 3996 MHz, 0 %, 0 MiB
2026/08/03 11:34:26.900, 6, P0, 33, 242.25 W, 1965 MHz, 3996 MHz, 0 %, 0 MiB
2026/08/03 11:34:26.900, 7, P0, 37, 243.26 W, 1965 MHz, 3996 MHz, 0 %, 0 MiB
2026/08/03 11:34:27.900, 0, P0, 37, 244.73 W, 1965 MHz, 3996 MHz, 0 %, 4 MiB
2026/08/03 11:34:27.900, 1, P0, 34, 241.49 W, 1965 MHz, 3996 MHz, 0 %, 4 MiB
2026/08/03 11:34:27.900, 2, P0, 36, 236.26 W, 1965 MHz, 3996 MHz, 0 %, 0 MiB
2026/08/03 11:34:27.901, 3, P0, 32, 238.55 W, 1965 MHz, 3996 MHz, 0 %, 0 MiB
2026/08/03 11:34:27.901, 4, P0, 33, 235.58 W, 1965 MHz, 3996 MHz, 0 %, 0 MiB
2026/08/03 11:34:27.901, 5, P0, 36, 244.08 W, 1965 MHz, 3996 MHz, 0 %, 0 MiB
2026/08/03 11:34:27.901, 6, P0, 33, 242.35 W, 1965 MHz, 3996 MHz, 0 %, 0 MiB
2026/08/03 11:34:27.901, 7, P0, 37, 243.27 W, 1965 MHz, 3996 MHz, 0 %, 0 MiB
2026/08/03 11:34:28.901, 0, P0, 37, 244.40 W, 1965 MHz, 3996 MHz, 0 %, 4 MiB
2026/08/03 11:34:28.901, 1, P0, 34, 241.20 W, 1965 MHz, 3996 MHz, 0 %, 4 MiB
2026/08/03 11:34:28.901, 2, P0, 36, 236.16 W, 1965 MHz, 3996 MHz, 0 %, 0 MiB
2026/08/03 11:34:28.901, 3, P0, 32, 238.50 W, 1965 MHz, 3996 MHz, 0 %, 0 MiB
2026/08/03 11:34:28.901, 4, P0, 33, 235.56 W, 1965 MHz, 3996 MHz, 0 %, 0 MiB
2026/08/03 11:34:28.901, 5, P0, 36, 244.13 W, 1965 MHz, 3996 MHz, 0 %, 0 MiB
2026/08/03 11:34:28.901, 6, P0, 33, 242.32 W, 1965 MHz, 3996 MHz, 0 %, 0 MiB
2026/08/03 11:34:28.901, 7, P0, 37, 243.24 W, 1965 MHz, 3996 MHz, 0 %, 0 MiB
2026/08/03 11:34:29.901, 0, P0, 37, 244.35 W, 1965 MHz, 3996 MHz, 0 %, 4 MiB
2026/08/03 11:34:29.901, 1, P0, 34, 241.18 W, 1965 MHz, 3996 MHz, 0 %, 4 MiB
2026/08/03 11:34:29.901, 2, P0, 36, 236.12 W, 1965 MHz, 3996 MHz, 0 %, 0 MiB
2026/08/03 11:34:29.901, 3, P0, 32, 238.51 W, 1965 MHz, 3996 MHz, 0 %, 0 MiB
2026/08/03 11:34:29.901, 4, P0, 33, 235.52 W, 1965 MHz, 3996 MHz, 0 %, 0 MiB
2026/08/03 11:34:29.901, 5, P0, 36, 244.13 W, 1965 MHz, 3996 MHz, 0 %, 0 MiB
2026/08/03 11:34:29.901, 6, P0, 33, 242.30 W, 1965 MHz, 3996 MHz, 0 %, 0 MiB
2026/08/03 11:34:29.901, 7, P0, 37, 243.22 W, 1965 MHz, 3996 MHz, 0 %, 0 MiB
2026/08/03 11:34:30.901, 0, P0, 36, 244.30 W, 1965 MHz, 3996 MHz, 0 %, 4 MiB
2026/08/03 11:34:30.901, 1, P0, 34, 241.16 W, 1965 MHz, 3996 MHz, 0 %, 4 MiB
2026/08/03 11:34:30.901, 2, P0, 36, 236.12 W, 1965 MHz, 3996 MHz, 0 %, 0 MiB
2026/08/03 11:34:30.901, 3, P0, 32, 238.47 W, 1965 MHz, 3996 MHz, 0 %, 0 MiB
2026/08/03 11:34:30.901, 4, P0, 33, 235.56 W, 1965 MHz, 3996 MHz, 0 %, 0 MiB
2026/08/03 11:34:30.901, 5, P0, 36, 244.21 W, 1965 MHz, 3996 MHz, 0 %, 0 MiB
2026/08/03 11:34:30.901, 6, P0, 33, 242.33 W, 1965 MHz, 3996 MHz, 0 %, 0 MiB
2026/08/03 11:34:30.901, 7, P0, 37, 243.27 W, 1965 MHz, 3996 MHz, 0 %, 0 MiB
2026/08/03 11:34:31.902, 0, P0, 36, 244.25 W, 1965 MHz, 3996 MHz, 0 %, 4 MiB
2026/08/03 11:34:31.902, 1, P0, 34, 241.14 W, 1965 MHz, 3996 MHz, 0 %, 4 MiB
2026/08/03 11:34:31.902, 2, P0, 36, 236.14 W, 1965 MHz, 3996 MHz, 0 %, 0 MiB
2026/08/03 11:34:31.902, 3, P0, 32, 238.49 W, 1965 MHz, 3996 MHz, 0 %, 0 MiB
2026/08/03 11:34:31.902, 4, P0, 33, 235.56 W, 1965 MHz, 3996 MHz, 0 %, 0 MiB
2026/08/03 11:34:31.902, 5, P0, 36, 244.08 W, 1965 MHz, 3996 MHz, 0 %, 0 MiB
2026/08/03 11:34:31.902, 6, P0, 33, 242.29 W, 1965 MHz, 3996 MHz, 0 %, 0 MiB
2026/08/03 11:34:31.902, 7, P0, 37, 243.28 W, 1965 MHz, 3996 MHz, 0 %, 0 MiB
2026/08/03 11:34:32.902, 0, P0, 36, 244.22 W, 1965 MHz, 3996 MHz, 0 %, 4 MiB
2026/08/03 11:34:32.902, 1, P0, 34, 241.13 W, 1965 MHz, 3996 MHz, 0 %, 4 MiB
2026/08/03 11:34:32.902, 2, P0, 36, 236.14 W, 1965 MHz, 3996 MHz, 0 %, 0 MiB
2026/08/03 11:34:32.902, 3, P0, 32, 238.53 W, 1965 MHz, 3996 MHz, 0 %, 0 MiB
2026/08/03 11:34:32.902, 4, P0, 33, 235.57 W, 1965 MHz, 3996 MHz, 0 %, 0 MiB
2026/08/03 11:34:32.902, 5, P0, 36, 244.15 W, 1965 MHz, 3996 MHz, 0 %, 0 MiB
2026/08/03 11:34:32.902, 6, P0, 33, 242.33 W, 1965 MHz, 3996 MHz, 0 %, 0 MiB
2026/08/03 11:34:32.902, 7, P0, 37, 243.25 W, 1965 MHz, 3996 MHz, 0 %, 0 MiB
2026/08/03 11:34:33.902, 0, P0, 36, 244.23 W, 1965 MHz, 3996 MHz, 0 %, 4 MiB
2026/08/03 11:34:33.902, 1, P0, 34, 241.09 W, 1965 MHz, 3996 MHz, 0 %, 4 MiB
2026/08/03 11:34:33.902, 2, P0, 36, 236.14 W, 1965 MHz, 3996 MHz, 0 %, 0 MiB
2026/08/03 11:34:33.902, 3, P0, 32, 238.50 W, 1965 MHz, 3996 MHz, 0 %, 0 MiB
2026/08/03 11:34:33.902, 4, P0, 33, 235.60 W, 1965 MHz, 3996 MHz, 0 %, 0 MiB
2026/08/03 11:34:33.902, 5, P0, 36, 244.07 W, 1965 MHz, 3996 MHz, 0 %, 0 MiB
2026/08/03 11:34:33.902, 6, P0, 33, 242.39 W, 1965 MHz, 3996 MHz, 0 %, 0 MiB
2026/08/03 11:34:33.902, 7, P0, 37, 243.23 W, 1965 MHz, 3996 MHz, 0 %, 0 MiB
2026/08/03 11:34:34.902, 0, P0, 36, 244.17 W, 1965 MHz, 3996 MHz, 0 %, 4 MiB
2026/08/03 11:34:34.903, 1, P0, 34, 241.14 W, 1965 MHz, 3996 MHz, 0 %, 4 MiB
2026/08/03 11:34:34.903, 2, P0, 36, 236.16 W, 1965 MHz, 3996 MHz, 0 %, 0 MiB
2026/08/03 11:34:34.903, 3, P0, 32, 238.58 W, 1965 MHz, 3996 MHz, 0 %, 0 MiB
2026/08/03 11:34:34.903, 4, P0, 33, 235.59 W, 1965 MHz, 3996 MHz, 0 %, 0 MiB
2026/08/03 11:34:34.903, 5, P0, 36, 244.06 W, 1965 MHz, 3996 MHz, 0 %, 0 MiB
2026/08/03 11:34:34.903, 6, P0, 33, 242.37 W, 1965 MHz, 3996 MHz, 0 %, 0 MiB
2026/08/03 11:34:34.903, 7, P0, 37, 243.20 W, 1965 MHz, 3996 MHz, 0 %, 0 MiB
2026/08/03 11:34:35.903, 0, P0, 36, 244.12 W, 1965 MHz, 3996 MHz, 0 %, 4 MiB
2026/08/03 11:34:35.903, 1, P0, 34, 241.03 W, 1965 MHz, 3996 MHz, 0 %, 4 MiB
2026/08/03 11:34:35.903, 2, P0, 36, 236.14 W, 1965 MHz, 3996 MHz, 0 %, 0 MiB
2026/08/03 11:34:35.903, 3, P0, 32, 238.53 W, 1965 MHz, 3996 MHz, 0 %, 0 MiB
2026/08/03 11:34:35.903, 4, P0, 33, 235.58 W, 1965 MHz, 3996 MHz, 0 %, 0 MiB
2026/08/03 11:34:35.903, 5, P0, 36, 244.06 W, 1965 MHz, 3996 MHz, 0 %, 0 MiB
2026/08/03 11:34:35.903, 6, P0, 33, 242.36 W, 1965 MHz, 3996 MHz, 0 %, 0 MiB
2026/08/03 11:34:35.903, 7, P0, 37, 243.20 W, 1965 MHz, 3996 MHz, 0 %, 0 MiB
2026/08/03 11:34:36.903, 0, P0, 36, 244.18 W, 1965 MHz, 3996 MHz, 0 %, 4 MiB
2026/08/03 11:34:36.910, 1, P0, 34, 241.12 W, 1965 MHz, 3996 MHz, 0 %, 4 MiB
2026/08/03 11:34:36.910, 2, P0, 36, 236.24 W, 1965 MHz, 3996 MHz, 0 %, 0 MiB
2026/08/03 11:34:36.910, 3, P0, 32, 238.59 W, 1965 MHz, 3996 MHz, 0 %, 0 MiB
2026/08/03 11:34:36.910, 4, P0, 33, 235.64 W, 1965 MHz, 3996 MHz, 0 %, 0 MiB
2026/08/03 11:34:36.911, 5, P0, 36, 244.18 W, 1965 MHz, 3996 MHz, 0 %, 0 MiB
2026/08/03 11:34:36.911, 6, P0, 33, 242.33 W, 1965 MHz, 3996 MHz, 0 %, 0 MiB
2026/08/03 11:34:36.911, 7, P0, 37, 243.19 W, 1965 MHz, 3996 MHz, 0 %, 0 MiB
2026/08/03 11:34:37.911, 0, P0, 36, 243.99 W, 1965 MHz, 3996 MHz, 0 %, 4 MiB
2026/08/03 11:34:37.911, 1, P0, 34, 241.03 W, 1965 MHz, 3996 MHz, 0 %, 4 MiB
2026/08/03 11:34:37.911, 2, P0, 36, 236.12 W, 1965 MHz, 3996 MHz, 0 %, 0 MiB
2026/08/03 11:34:37.911, 3, P0, 32, 238.53 W, 1965 MHz, 3996 MHz, 0 %, 0 MiB
2026/08/03 11:34:37.912, 4, P0, 33, 235.57 W, 1965 MHz, 3996 MHz, 0 %, 0 MiB
2026/08/03 11:34:37.912, 5, P0, 36, 244.17 W, 1965 MHz, 3996 MHz, 0 %, 0 MiB
2026/08/03 11:34:37.912, 6, P0, 33, 242.34 W, 1965 MHz, 3996 MHz, 0 %, 0 MiB
2026/08/03 11:34:37.912, 7, P0, 37, 243.28 W, 1965 MHz, 3996 MHz, 0 %, 0 MiB
2026/08/03 11:34:38.912, 0, P0, 36, 243.92 W, 1965 MHz, 3996 MHz, 0 %, 4 MiB
2026/08/03 11:34:38.912, 1, P0, 34, 240.92 W, 1965 MHz, 3996 MHz, 0 %, 4 MiB
2026/08/03 11:34:38.912, 2, P0, 36, 236.16 W, 1965 MHz, 3996 MHz, 0 %, 0 MiB
2026/08/03 11:34:38.912, 3, P0, 32, 238.51 W, 1965 MHz, 3996 MHz, 0 %, 0 MiB
2026/08/03 11:34:38.912, 4, P0, 33, 235.55 W, 1965 MHz, 3996 MHz, 0 %, 0 MiB
2026/08/03 11:34:38.912, 5, P0, 36, 244.13 W, 1965 MHz, 3996 MHz, 0 %, 0 MiB
2026/08/03 11:34:38.912, 6, P0, 33, 242.32 W, 1965 MHz, 3996 MHz, 0 %, 0 MiB
2026/08/03 11:34:38.912, 7, P0, 37, 243.21 W, 1965 MHz, 3996 MHz, 0 %, 0 MiB
2026/08/03 11:34:39.912, 0, P0, 36, 243.82 W, 1965 MHz, 3996 MHz, 0 %, 4 MiB
2026/08/03 11:34:39.912, 1, P0, 33, 240.93 W, 1965 MHz, 3996 MHz, 0 %, 4 MiB
2026/08/03 11:34:39.912, 2, P0, 36, 236.10 W, 1965 MHz, 3996 MHz, 0 %, 0 MiB
2026/08/03 11:34:39.912, 3, P0, 32, 238.51 W, 1965 MHz, 3996 MHz, 0 %, 0 MiB
2026/08/03 11:34:39.912, 4, P0, 33, 235.54 W, 1965 MHz, 3996 MHz, 0 %, 0 MiB
2026/08/03 11:34:39.912, 5, P0, 36, 244.07 W, 1965 MHz, 3996 MHz, 0 %, 0 MiB
2026/08/03 11:34:39.912, 6, P0, 33, 242.31 W, 1965 MHz, 3996 MHz, 0 %, 0 MiB
2026/08/03 11:34:39.912, 7, P0, 37, 243.22 W, 1965 MHz, 3996 MHz, 0 %, 0 MiB
2026/08/03 11:34:40.912, 0, P0, 36, 243.80 W, 1965 MHz, 3996 MHz, 0 %, 4 MiB
2026/08/03 11:34:40.913, 1, P0, 33, 240.91 W, 1965 MHz, 3996 MHz, 0 %, 4 MiB
2026/08/03 11:34:40.913, 2, P0, 36, 236.11 W, 1965 MHz, 3996 MHz, 0 %, 0 MiB
2026/08/03 11:34:40.913, 3, P0, 32, 238.57 W, 1965 MHz, 3996 MHz, 0 %, 0 MiB
2026/08/03 11:34:40.913, 4, P0, 33, 235.60 W, 1965 MHz, 3996 MHz, 0 %, 0 MiB
2026/08/03 11:34:40.913, 5, P0, 36, 244.12 W, 1965 MHz, 3996 MHz, 0 %, 0 MiB
2026/08/03 11:34:40.913, 6, P0, 33, 242.34 W, 1965 MHz, 3996 MHz, 0 %, 0 MiB
2026/08/03 11:34:40.913, 7, P0, 37, 243.24 W, 1965 MHz, 3996 MHz, 0 %, 0 MiB
2026/08/03 11:34:41.913, 0, P0, 36, 243.74 W, 1965 MHz, 3996 MHz, 0 %, 4 MiB
2026/08/03 11:34:41.913, 1, P0, 33, 240.81 W, 1965 MHz, 3996 MHz, 0 %, 4 MiB
2026/08/03 11:34:41.913, 2, P0, 36, 236.14 W, 1965 MHz, 3996 MHz, 0 %, 0 MiB
2026/08/03 11:34:41.913, 3, P0, 32, 238.53 W, 1965 MHz, 3996 MHz, 0 %, 0 MiB
2026/08/03 11:34:41.913, 4, P0, 33, 235.54 W, 1965 MHz, 3996 MHz, 0 %, 0 MiB
2026/08/03 11:34:41.913, 5, P0, 36, 244.08 W, 1965 MHz, 3996 MHz, 0 %, 0 MiB
2026/08/03 11:34:41.913, 6, P0, 33, 242.27 W, 1965 MHz, 3996 MHz, 0 %, 0 MiB
2026/08/03 11:34:41.913, 7, P0, 37, 243.24 W, 1965 MHz, 3996 MHz, 0 %, 0 MiB
2026/08/03 11:34:42.913, 0, P0, 36, 243.75 W, 1965 MHz, 3996 MHz, 0 %, 4 MiB
2026/08/03 11:34:42.913, 1, P0, 33, 240.78 W, 1965 MHz, 3996 MHz, 0 %, 4 MiB
2026/08/03 11:34:42.913, 2, P0, 36, 236.11 W, 1965 MHz, 3996 MHz, 0 %, 0 MiB
2026/08/03 11:34:42.913, 3, P0, 32, 238.53 W, 1965 MHz, 3996 MHz, 0 %, 0 MiB
2026/08/03 11:34:42.913, 4, P0, 33, 235.56 W, 1965 MHz, 3996 MHz, 0 %, 0 MiB
2026/08/03 11:34:42.913, 5, P0, 36, 244.10 W, 1965 MHz, 3996 MHz, 0 %, 0 MiB
2026/08/03 11:34:42.913, 6, P0, 33, 242.32 W, 1965 MHz, 3996 MHz, 0 %, 0 MiB
2026/08/03 11:34:42.913, 7, P0, 37, 243.26 W, 1965 MHz, 3996 MHz, 0 %, 0 MiB
2026/08/03 11:34:43.913, 0, P0, 36, 243.89 W, 1965 MHz, 3996 MHz, 0 %, 29 MiB
2026/08/03 11:34:43.957, 1, P0, 33, 240.81 W, 1965 MHz, 3996 MHz, 0 %, 29 MiB
2026/08/03 11:34:43.957, 2, P0, 36, 236.16 W, 1965 MHz, 3996 MHz, 0 %, 0 MiB
2026/08/03 11:34:43.957, 3, P0, 32, 238.55 W, 1965 MHz, 3996 MHz, 0 %, 0 MiB
2026/08/03 11:34:43.957, 4, P0, 33, 235.51 W, 1965 MHz, 3996 MHz, 0 %, 0 MiB
2026/08/03 11:34:43.957, 5, P0, 36, 244.21 W, 1965 MHz, 3996 MHz, 0 %, 0 MiB
2026/08/03 11:34:43.958, 6, P0, 33, 242.34 W, 1965 MHz, 3996 MHz, 0 %, 0 MiB
2026/08/03 11:34:43.958, 7, P0, 37, 243.22 W, 1965 MHz, 3996 MHz, 0 %, 0 MiB
2026/08/03 11:34:44.958, 0, P0, 36, 243.85 W, 1965 MHz, 3996 MHz, 0 %, 1821 MiB
2026/08/03 11:34:44.959, 1, P0, 33, 240.95 W, 1965 MHz, 3996 MHz, 0 %, 1821 MiB
2026/08/03 11:34:44.959, 2, P0, 36, 236.12 W, 1965 MHz, 3996 MHz, 0 %, 0 MiB
2026/08/03 11:34:44.959, 3, P0, 32, 238.54 W, 1965 MHz, 3996 MHz, 0 %, 0 MiB
2026/08/03 11:34:44.959, 4, P0, 33, 235.62 W, 1965 MHz, 3996 MHz, 0 %, 0 MiB
2026/08/03 11:34:44.959, 5, P0, 36, 244.14 W, 1965 MHz, 3996 MHz, 0 %, 0 MiB
2026/08/03 11:34:44.959, 6, P0, 33, 242.35 W, 1965 MHz, 3996 MHz, 0 %, 0 MiB
2026/08/03 11:34:44.959, 7, P0, 37, 243.17 W, 1965 MHz, 3996 MHz, 0 %, 0 MiB
2026/08/03 11:34:45.959, 0, P0, 36, 243.48 W, 1965 MHz, 3996 MHz, 0 %, 1851 MiB
2026/08/03 11:34:45.959, 1, P0, 33, 240.41 W, 1965 MHz, 3996 MHz, 0 %, 1851 MiB
2026/08/03 11:34:45.959, 2, P0, 36, 236.14 W, 1965 MHz, 3996 MHz, 0 %, 0 MiB
2026/08/03 11:34:45.959, 3, P0, 32, 238.54 W, 1965 MHz, 3996 MHz, 0 %, 0 MiB
2026/08/03 11:34:45.959, 4, P0, 33, 235.49 W, 1965 MHz, 3996 MHz, 0 %, 0 MiB
2026/08/03 11:34:45.959, 5, P0, 36, 244.09 W, 1965 MHz, 3996 MHz, 0 %, 0 MiB
2026/08/03 11:34:45.959, 6, P0, 33, 242.28 W, 1965 MHz, 3996 MHz, 0 %, 0 MiB
2026/08/03 11:34:45.959, 7, P0, 37, 243.25 W, 1965 MHz, 3996 MHz, 0 %, 0 MiB
2026/08/03 11:34:46.959, 0, P0, 36, 243.28 W, 1965 MHz, 3996 MHz, 1 %, 1871 MiB
2026/08/03 11:34:46.959, 1, P0, 33, 240.45 W, 1965 MHz, 3996 MHz, 0 %, 1871 MiB
2026/08/03 11:34:46.959, 2, P0, 36, 236.10 W, 1965 MHz, 3996 MHz, 0 %, 0 MiB
2026/08/03 11:34:46.959, 3, P0, 32, 238.50 W, 1965 MHz, 3996 MHz, 0 %, 0 MiB
2026/08/03 11:34:46.959, 4, P0, 33, 235.52 W, 1965 MHz, 3996 MHz, 0 %, 0 MiB
2026/08/03 11:34:46.959, 5, P0, 36, 244.08 W, 1965 MHz, 3996 MHz, 0 %, 0 MiB
2026/08/03 11:34:46.959, 6, P0, 33, 242.30 W, 1965 MHz, 3996 MHz, 0 %, 0 MiB
2026/08/03 11:34:46.959, 7, P0, 37, 243.17 W, 1965 MHz, 3996 MHz, 0 %, 0 MiB
2026/08/03 11:34:47.959, 0, P0, 36, 243.48 W, 1965 MHz, 3996 MHz, 0 %, 31121 MiB
2026/08/03 11:34:47.960, 1, P0, 33, 240.59 W, 1965 MHz, 3996 MHz, 1 %, 31121 MiB
2026/08/03 11:34:47.960, 2, P0, 36, 236.09 W, 1965 MHz, 3996 MHz, 0 %, 0 MiB
2026/08/03 11:34:47.960, 3, P0, 32, 238.60 W, 1965 MHz, 3996 MHz, 0 %, 0 MiB
2026/08/03 11:34:47.960, 4, P0, 33, 235.39 W, 1965 MHz, 3996 MHz, 0 %, 0 MiB
2026/08/03 11:34:47.960, 5, P0, 36, 244.07 W, 1965 MHz, 3996 MHz, 0 %, 0 MiB
2026/08/03 11:34:47.960, 6, P0, 33, 242.32 W, 1965 MHz, 3996 MHz, 0 %, 0 MiB
2026/08/03 11:34:47.960, 7, P0, 37, 243.26 W, 1965 MHz, 3996 MHz, 0 %, 0 MiB
2026/08/03 11:34:48.960, 0, P0, 36, 244.18 W, 1965 MHz, 3996 MHz, 9 %, 31121 MiB
2026/08/03 11:34:48.960, 1, P0, 33, 241.16 W, 1965 MHz, 3996 MHz, 9 %, 31121 MiB
2026/08/03 11:34:48.960, 2, P0, 36, 236.09 W, 1965 MHz, 3996 MHz, 0 %, 0 MiB
2026/08/03 11:34:48.960, 3, P0, 32, 238.52 W, 1965 MHz, 3996 MHz, 0 %, 0 MiB
2026/08/03 11:34:48.960, 4, P0, 33, 235.51 W, 1965 MHz, 3996 MHz, 0 %, 0 MiB
2026/08/03 11:34:48.960, 5, P0, 36, 244.12 W, 1965 MHz, 3996 MHz, 0 %, 0 MiB
2026/08/03 11:34:48.960, 6, P0, 33, 242.32 W, 1965 MHz, 3996 MHz, 0 %, 0 MiB
2026/08/03 11:34:48.960, 7, P0, 37, 243.17 W, 1965 MHz, 3996 MHz, 0 %, 0 MiB
2026/08/03 11:34:49.960, 0, P0, 36, 244.29 W, 1965 MHz, 3996 MHz, 7 %, 31121 MiB
2026/08/03 11:34:49.960, 1, P0, 33, 241.35 W, 1965 MHz, 3996 MHz, 4 %, 31121 MiB
2026/08/03 11:34:49.960, 2, P0, 36, 236.10 W, 1965 MHz, 3996 MHz, 0 %, 0 MiB
2026/08/03 11:34:49.960, 3, P0, 32, 238.48 W, 1965 MHz, 3996 MHz, 0 %, 0 MiB
2026/08/03 11:34:49.960, 4, P0, 33, 235.49 W, 1965 MHz, 3996 MHz, 0 %, 0 MiB
2026/08/03 11:34:49.960, 5, P0, 36, 244.09 W, 1965 MHz, 3996 MHz, 0 %, 0 MiB
2026/08/03 11:34:49.960, 6, P0, 33, 242.25 W, 1965 MHz, 3996 MHz, 0 %, 0 MiB
2026/08/03 11:34:49.960, 7, P0, 37, 243.18 W, 1965 MHz, 3996 MHz, 0 %, 0 MiB
2026/08/03 11:34:50.961, 0, P0, 36, 244.14 W, 1965 MHz, 3996 MHz, 7 %, 31121 MiB
2026/08/03 11:34:50.961, 1, P0, 33, 241.22 W, 1965 MHz, 3996 MHz, 9 %, 31121 MiB
2026/08/03 11:34:50.961, 2, P0, 36, 236.10 W, 1965 MHz, 3996 MHz, 0 %, 0 MiB
2026/08/03 11:34:50.961, 3, P0, 32, 238.52 W, 1965 MHz, 3996 MHz, 0 %, 0 MiB
2026/08/03 11:34:50.961, 4, P0, 33, 235.54 W, 1965 MHz, 3996 MHz, 0 %, 0 MiB
2026/08/03 11:34:50.961, 5, P0, 36, 244.11 W, 1965 MHz, 3996 MHz, 0 %, 0 MiB
2026/08/03 11:34:50.961, 6, P0, 33, 242.32 W, 1965 MHz, 3996 MHz, 0 %, 0 MiB
2026/08/03 11:34:50.961, 7, P0, 37, 243.21 W, 1965 MHz, 3996 MHz, 0 %, 0 MiB
2026/08/03 11:34:51.961, 0, P0, 36, 244.21 W, 1965 MHz, 3996 MHz, 8 %, 31121 MiB
2026/08/03 11:34:51.961, 1, P0, 33, 241.12 W, 1965 MHz, 3996 MHz, 6 %, 31121 MiB
2026/08/03 11:34:51.961, 2, P0, 36, 236.09 W, 1965 MHz, 3996 MHz, 0 %, 0 MiB
2026/08/03 11:34:51.961, 3, P0, 32, 238.53 W, 1965 MHz, 3996 MHz, 0 %, 0 MiB
2026/08/03 11:34:51.961, 4, P0, 33, 235.49 W, 1965 MHz, 3996 MHz, 0 %, 0 MiB
2026/08/03 11:34:51.961, 5, P0, 36, 244.16 W, 1965 MHz, 3996 MHz, 0 %, 0 MiB
2026/08/03 11:34:51.961, 6, P0, 33, 242.26 W, 1965 MHz, 3996 MHz, 0 %, 0 MiB
2026/08/03 11:34:51.961, 7, P0, 37, 243.20 W, 1965 MHz, 3996 MHz, 0 %, 0 MiB
2026/08/03 11:34:52.961, 0, P0, 36, 244.25 W, 1965 MHz, 3996 MHz, 9 %, 31121 MiB
2026/08/03 11:34:52.961, 1, P0, 33, 241.22 W, 1965 MHz, 3996 MHz, 9 %, 31121 MiB
2026/08/03 11:34:52.961, 2, P0, 36, 236.09 W, 1965 MHz, 3996 MHz, 0 %, 0 MiB
2026/08/03 11:34:52.961, 3, P0, 32, 238.52 W, 1965 MHz, 3996 MHz, 0 %, 0 MiB
2026/08/03 11:34:52.961, 4, P0, 33, 235.54 W, 1965 MHz, 3996 MHz, 0 %, 0 MiB
2026/08/03 11:34:52.961, 5, P0, 36, 244.02 W, 1965 MHz, 3996 MHz, 0 %, 0 MiB
2026/08/03 11:34:52.961, 6, P0, 33, 242.31 W, 1965 MHz, 3996 MHz, 0 %, 0 MiB
2026/08/03 11:34:52.961, 7, P0, 37, 243.22 W, 1965 MHz, 3996 MHz, 0 %, 0 MiB
2026/08/03 11:34:53.962, 0, P0, 36, 244.19 W, 1965 MHz, 3996 MHz, 8 %, 31121 MiB
2026/08/03 11:34:53.962, 1, P0, 33, 241.21 W, 1965 MHz, 3996 MHz, 8 %, 31121 MiB
2026/08/03 11:34:53.962, 2, P0, 36, 236.09 W, 1965 MHz, 3996 MHz, 0 %, 0 MiB
2026/08/03 11:34:53.962, 3, P0, 32, 238.53 W, 1965 MHz, 3996 MHz, 0 %, 0 MiB
2026/08/03 11:34:53.962, 4, P0, 33, 235.62 W, 1965 MHz, 3996 MHz, 0 %, 0 MiB
2026/08/03 11:34:53.962, 5, P0, 36, 244.12 W, 1965 MHz, 3996 MHz, 0 %, 0 MiB
2026/08/03 11:34:53.962, 6, P0, 33, 242.32 W, 1965 MHz, 3996 MHz, 0 %, 0 MiB
2026/08/03 11:34:53.962, 7, P0, 37, 243.19 W, 1965 MHz, 3996 MHz, 0 %, 0 MiB
2026/08/03 11:34:54.962, 0, P0, 36, 244.27 W, 1965 MHz, 3996 MHz, 5 %, 31121 MiB
2026/08/03 11:34:54.962, 1, P0, 33, 241.18 W, 1965 MHz, 3996 MHz, 8 %, 31121 MiB
2026/08/03 11:34:54.962, 2, P0, 36, 236.07 W, 1965 MHz, 3996 MHz, 0 %, 0 MiB
2026/08/03 11:34:54.962, 3, P0, 32, 238.55 W, 1965 MHz, 3996 MHz, 0 %, 0 MiB
2026/08/03 11:34:54.962, 4, P0, 33, 235.77 W, 1965 MHz, 3996 MHz, 0 %, 0 MiB
2026/08/03 11:34:54.962, 5, P0, 36, 244.03 W, 1965 MHz, 3996 MHz, 0 %, 0 MiB
2026/08/03 11:34:54.962, 6, P0, 33, 242.30 W, 1965 MHz, 3996 MHz, 0 %, 0 MiB
2026/08/03 11:34:54.962, 7, P0, 37, 243.13 W, 1965 MHz, 3996 MHz, 0 %, 0 MiB
2026/08/03 11:34:55.962, 0, P0, 36, 244.08 W, 1965 MHz, 3996 MHz, 9 %, 31121 MiB
2026/08/03 11:34:55.962, 1, P0, 33, 241.02 W, 1965 MHz, 3996 MHz, 8 %, 31121 MiB
2026/08/03 11:34:55.962, 2, P0, 36, 236.06 W, 1965 MHz, 3996 MHz, 0 %, 0 MiB
2026/08/03 11:34:55.962, 3, P0, 32, 238.51 W, 1965 MHz, 3996 MHz, 0 %, 0 MiB
2026/08/03 11:34:55.962, 4, P0, 33, 235.76 W, 1965 MHz, 3996 MHz, 0 %, 0 MiB
2026/08/03 11:34:55.962, 5, P0, 36, 244.05 W, 1965 MHz, 3996 MHz, 0 %, 0 MiB
2026/08/03 11:34:55.962, 6, P0, 33, 242.26 W, 1965 MHz, 3996 MHz, 0 %, 0 MiB
2026/08/03 11:34:55.963, 7, P0, 37, 243.24 W, 1965 MHz, 3996 MHz, 0 %, 0 MiB
2026/08/03 11:34:56.963, 0, P0, 36, 244.19 W, 1965 MHz, 3996 MHz, 9 %, 31121 MiB
2026/08/03 11:34:56.963, 1, P0, 33, 241.18 W, 1965 MHz, 3996 MHz, 9 %, 31121 MiB
2026/08/03 11:34:56.963, 2, P0, 36, 236.05 W, 1965 MHz, 3996 MHz, 0 %, 0 MiB
2026/08/03 11:34:56.963, 3, P0, 32, 238.49 W, 1965 MHz, 3996 MHz, 0 %, 0 MiB
2026/08/03 11:34:56.963, 4, P0, 33, 235.76 W, 1965 MHz, 3996 MHz, 0 %, 0 MiB
2026/08/03 11:34:56.963, 5, P0, 36, 244.11 W, 1965 MHz, 3996 MHz, 0 %, 0 MiB
2026/08/03 11:34:56.963, 6, P0, 33, 242.22 W, 1965 MHz, 3996 MHz, 0 %, 0 MiB
2026/08/03 11:34:56.963, 7, P0, 37, 243.24 W, 1965 MHz, 3996 MHz, 0 %, 0 MiB
2026/08/03 11:34:57.963, 0, P0, 36, 260.46 W, 1965 MHz, 3996 MHz, 30 %, 31121 MiB
2026/08/03 11:34:57.963, 1, P0, 34, 250.82 W, 1965 MHz, 3996 MHz, 29 %, 31121 MiB
2026/08/03 11:34:57.963, 2, P0, 36, 236.03 W, 1965 MHz, 3996 MHz, 0 %, 0 MiB
2026/08/03 11:34:57.963, 3, P0, 32, 238.49 W, 1965 MHz, 3996 MHz, 0 %, 0 MiB
2026/08/03 11:34:57.963, 4, P0, 33, 235.71 W, 1965 MHz, 3996 MHz, 0 %, 0 MiB
2026/08/03 11:34:57.963, 5, P0, 36, 244.10 W, 1965 MHz, 3996 MHz, 0 %, 0 MiB
2026/08/03 11:34:57.963, 6, P0, 33, 242.24 W, 1965 MHz, 3996 MHz, 0 %, 0 MiB
2026/08/03 11:34:57.963, 7, P0, 37, 243.29 W, 1965 MHz, 3996 MHz, 0 %, 0 MiB
2026/08/03 11:34:58.963, 0, P0, 36, 266.84 W, 1965 MHz, 3996 MHz, 0 %, 157363 MiB
2026/08/03 11:34:58.971, 1, P0, 33, 270.82 W, 1965 MHz, 3996 MHz, 0 %, 157363 MiB
2026/08/03 11:34:58.971, 2, P0, 36, 236.06 W, 1965 MHz, 3996 MHz, 0 %, 0 MiB
2026/08/03 11:34:58.971, 3, P0, 32, 238.45 W, 1965 MHz, 3996 MHz, 0 %, 0 MiB
2026/08/03 11:34:58.971, 4, P0, 33, 235.74 W, 1965 MHz, 3996 MHz, 0 %, 0 MiB
2026/08/03 11:34:58.971, 5, P0, 36, 244.09 W, 1965 MHz, 3996 MHz, 0 %, 0 MiB
2026/08/03 11:34:58.971, 6, P0, 33, 242.27 W, 1965 MHz, 3996 MHz, 0 %, 0 MiB
2026/08/03 11:34:58.971, 7, P0, 37, 243.29 W, 1965 MHz, 3996 MHz, 0 %, 0 MiB
2026/08/03 11:34:59.971, 0, P0, 36, 243.48 W, 1965 MHz, 3996 MHz, 0 %, 160487 MiB
2026/08/03 11:34:59.971, 1, P0, 33, 240.77 W, 1965 MHz, 3996 MHz, 0 %, 160487 MiB
2026/08/03 11:34:59.971, 2, P0, 36, 236.06 W, 1965 MHz, 3996 MHz, 0 %, 0 MiB
2026/08/03 11:34:59.971, 3, P0, 32, 238.49 W, 1965 MHz, 3996 MHz, 0 %, 0 MiB
2026/08/03 11:34:59.971, 4, P0, 33, 235.79 W, 1965 MHz, 3996 MHz, 0 %, 0 MiB
2026/08/03 11:34:59.971, 5, P0, 36, 244.07 W, 1965 MHz, 3996 MHz, 0 %, 0 MiB
2026/08/03 11:34:59.971, 6, P0, 33, 242.27 W, 1965 MHz, 3996 MHz, 0 %, 0 MiB
2026/08/03 11:34:59.971, 7, P0, 37, 243.30 W, 1965 MHz, 3996 MHz, 0 %, 0 MiB
2026/08/03 11:35:00.971, 0, P0, 36, 243.32 W, 1965 MHz, 3996 MHz, 0 %, 160559 MiB
2026/08/03 11:35:00.971, 1, P0, 33, 240.41 W, 1965 MHz, 3996 MHz, 2 %, 160559 MiB
2026/08/03 11:35:00.971, 2, P0, 36, 236.07 W, 1965 MHz, 3996 MHz, 0 %, 0 MiB
2026/08/03 11:35:00.971, 3, P0, 32, 238.48 W, 1965 MHz, 3996 MHz, 0 %, 0 MiB
2026/08/03 11:35:00.971, 4, P0, 33, 235.73 W, 1965 MHz, 3996 MHz, 0 %, 0 MiB
2026/08/03 11:35:00.971, 5, P0, 36, 244.05 W, 1965 MHz, 3996 MHz, 0 %, 0 MiB
2026/08/03 11:35:00.971, 6, P0, 33, 242.36 W, 1965 MHz, 3996 MHz, 0 %, 0 MiB
2026/08/03 11:35:00.971, 7, P0, 37, 243.16 W, 1965 MHz, 3996 MHz, 0 %, 0 MiB
2026/08/03 11:35:01.972, 0, P0, 36, 253.01 W, 1965 MHz, 3996 MHz, 0 %, 160823 MiB
2026/08/03 11:35:01.972, 1, P0, 33, 251.28 W, 1965 MHz, 3996 MHz, 0 %, 160823 MiB
2026/08/03 11:35:01.972, 2, P0, 36, 236.05 W, 1965 MHz, 3996 MHz, 0 %, 0 MiB
2026/08/03 11:35:01.972, 3, P0, 32, 238.46 W, 1965 MHz, 3996 MHz, 0 %, 0 MiB
2026/08/03 11:35:01.972, 4, P0, 33, 235.76 W, 1965 MHz, 3996 MHz, 0 %, 0 MiB
2026/08/03 11:35:01.972, 5, P0, 36, 244.11 W, 1965 MHz, 3996 MHz, 0 %, 0 MiB
2026/08/03 11:35:01.972, 6, P0, 33, 242.33 W, 1965 MHz, 3996 MHz, 0 %, 0 MiB
2026/08/03 11:35:01.972, 7, P0, 37, 243.21 W, 1965 MHz, 3996 MHz, 0 %, 0 MiB
2026/08/03 11:35:02.972, 0, P0, 36, 247.11 W, 1965 MHz, 3996 MHz, 0 %, 161505 MiB
2026/08/03 11:35:02.972, 1, P0, 34, 251.04 W, 1965 MHz, 3996 MHz, 4 %, 161505 MiB
2026/08/03 11:35:02.972, 2, P0, 36, 236.10 W, 1965 MHz, 3996 MHz, 0 %, 0 MiB
2026/08/03 11:35:02.972, 3, P0, 32, 238.50 W, 1965 MHz, 3996 MHz, 0 %, 0 MiB
2026/08/03 11:35:02.972, 4, P0, 33, 235.62 W, 1965 MHz, 3996 MHz, 0 %, 0 MiB
2026/08/03 11:35:02.972, 5, P0, 36, 244.16 W, 1965 MHz, 3996 MHz, 0 %, 0 MiB
2026/08/03 11:35:02.972, 6, P0, 33, 242.30 W, 1965 MHz, 3996 MHz, 0 %, 0 MiB
2026/08/03 11:35:02.972, 7, P0, 37, 243.23 W, 1965 MHz, 3996 MHz, 0 %, 0 MiB
2026/08/03 11:35:03.972, 0, P0, 36, 250.38 W, 1965 MHz, 3996 MHz, 89 %, 161505 MiB
2026/08/03 11:35:03.972, 1, P0, 33, 246.93 W, 1965 MHz, 3996 MHz, 6 %, 161505 MiB
2026/08/03 11:35:03.972, 2, P0, 36, 236.03 W, 1965 MHz, 3996 MHz, 0 %, 0 MiB
2026/08/03 11:35:03.972, 3, P0, 32, 238.47 W, 1965 MHz, 3996 MHz, 0 %, 0 MiB
2026/08/03 11:35:03.972, 4, P0, 33, 235.48 W, 1965 MHz, 3996 MHz, 0 %, 0 MiB
2026/08/03 11:35:03.972, 5, P0, 36, 244.09 W, 1965 MHz, 3996 MHz, 0 %, 0 MiB
2026/08/03 11:35:03.972, 6, P0, 33, 242.25 W, 1965 MHz, 3996 MHz, 0 %, 0 MiB
2026/08/03 11:35:03.973, 7, P0, 37, 243.05 W, 1965 MHz, 3996 MHz, 0 %, 0 MiB
2026/08/03 11:35:04.973, 0, P0, 36, 248.48 W, 1965 MHz, 3996 MHz, 91 %, 161505 MiB
2026/08/03 11:35:04.973, 1, P0, 33, 245.92 W, 1965 MHz, 3996 MHz, 6 %, 161505 MiB
2026/08/03 11:35:04.973, 2, P0, 36, 236.03 W, 1965 MHz, 3996 MHz, 0 %, 0 MiB
2026/08/03 11:35:04.973, 3, P0, 32, 238.50 W, 1965 MHz, 3996 MHz, 0 %, 0 MiB
2026/08/03 11:35:04.973, 4, P0, 33, 235.45 W, 1965 MHz, 3996 MHz, 0 %, 0 MiB
2026/08/03 11:35:04.973, 5, P0, 36, 244.02 W, 1965 MHz, 3996 MHz, 0 %, 0 MiB
2026/08/03 11:35:04.973, 6, P0, 33, 242.21 W, 1965 MHz, 3996 MHz, 0 %, 0 MiB
2026/08/03 11:35:04.973, 7, P0, 37, 243.12 W, 1965 MHz, 3996 MHz, 0 %, 0 MiB
2026/08/03 11:35:05.973, 0, P0, 36, 257.04 W, 1965 MHz, 3996 MHz, 92 %, 161505 MiB
2026/08/03 11:35:05.973, 1, P0, 33, 252.33 W, 1965 MHz, 3996 MHz, 6 %, 161505 MiB
2026/08/03 11:35:05.973, 2, P0, 36, 236.02 W, 1965 MHz, 3996 MHz, 0 %, 0 MiB
2026/08/03 11:35:05.973, 3, P0, 32, 238.46 W, 1965 MHz, 3996 MHz, 0 %, 0 MiB
2026/08/03 11:35:05.973, 4, P0, 33, 235.47 W, 1965 MHz, 3996 MHz, 0 %, 0 MiB
2026/08/03 11:35:05.973, 5, P0, 36, 244.07 W, 1965 MHz, 3996 MHz, 0 %, 0 MiB
2026/08/03 11:35:05.973, 6, P0, 33, 242.09 W, 1965 MHz, 3996 MHz, 0 %, 0 MiB
2026/08/03 11:35:05.973, 7, P0, 37, 243.19 W, 1965 MHz, 3996 MHz, 0 %, 0 MiB
2026/08/03 11:35:06.973, 0, P0, 36, 251.55 W, 1965 MHz, 3996 MHz, 91 %, 161505 MiB
2026/08/03 11:35:06.973, 1, P0, 33, 247.15 W, 1965 MHz, 3996 MHz, 6 %, 161505 MiB
2026/08/03 11:35:06.973, 2, P0, 36, 236.03 W, 1965 MHz, 3996 MHz, 0 %, 0 MiB
2026/08/03 11:35:06.973, 3, P0, 32, 238.51 W, 1965 MHz, 3996 MHz, 0 %, 0 MiB
2026/08/03 11:35:06.973, 4, P0, 33, 235.56 W, 1965 MHz, 3996 MHz, 0 %, 0 MiB
2026/08/03 11:35:06.973, 5, P0, 36, 244.15 W, 1965 MHz, 3996 MHz, 0 %, 0 MiB
2026/08/03 11:35:06.973, 6, P0, 33, 242.20 W, 1965 MHz, 3996 MHz, 0 %, 0 MiB
2026/08/03 11:35:06.973, 7, P0, 37, 243.19 W, 1965 MHz, 3996 MHz, 0 %, 0 MiB
2026/08/03 11:35:07.973, 0, P0, 36, 259.70 W, 1965 MHz, 3996 MHz, 85 %, 161505 MiB
2026/08/03 11:35:07.974, 1, P0, 33, 249.32 W, 1965 MHz, 3996 MHz, 8 %, 161505 MiB
2026/08/03 11:35:07.974, 2, P0, 36, 236.01 W, 1965 MHz, 3996 MHz, 0 %, 0 MiB
2026/08/03 11:35:07.974, 3, P0, 32, 238.52 W, 1965 MHz, 3996 MHz, 0 %, 0 MiB
2026/08/03 11:35:07.974, 4, P0, 33, 235.43 W, 1965 MHz, 3996 MHz, 0 %, 0 MiB
2026/08/03 11:35:07.974, 5, P0, 36, 244.10 W, 1965 MHz, 3996 MHz, 0 %, 0 MiB
2026/08/03 11:35:07.974, 6, P0, 33, 242.18 W, 1965 MHz, 3996 MHz, 0 %, 0 MiB
2026/08/03 11:35:07.974, 7, P0, 37, 243.25 W, 1965 MHz, 3996 MHz, 0 %, 0 MiB
2026/08/03 11:35:08.974, 0, P0, 36, 251.59 W, 1965 MHz, 3996 MHz, 83 %, 161505 MiB
2026/08/03 11:35:08.974, 1, P0, 33, 247.17 W, 1965 MHz, 3996 MHz, 6 %, 161505 MiB
2026/08/03 11:35:08.974, 2, P0, 36, 236.07 W, 1965 MHz, 3996 MHz, 0 %, 0 MiB
2026/08/03 11:35:08.974, 3, P0, 32, 238.50 W, 1965 MHz, 3996 MHz, 0 %, 0 MiB
2026/08/03 11:35:08.974, 4, P0, 33, 235.48 W, 1965 MHz, 3996 MHz, 0 %, 0 MiB
2026/08/03 11:35:08.974, 5, P0, 36, 244.14 W, 1965 MHz, 3996 MHz, 0 %, 0 MiB
2026/08/03 11:35:08.974, 6, P0, 33, 242.25 W, 1965 MHz, 3996 MHz, 0 %, 0 MiB
2026/08/03 11:35:08.974, 7, P0, 37, 243.19 W, 1965 MHz, 3996 MHz, 0 %, 0 MiB
2026/08/03 11:35:09.974, 0, P0, 36, 262.03 W, 1965 MHz, 3996 MHz, 96 %, 161505 MiB
2026/08/03 11:35:09.974, 1, P0, 34, 249.99 W, 1965 MHz, 3996 MHz, 6 %, 161505 MiB
2026/08/03 11:35:09.974, 2, P0, 36, 236.09 W, 1965 MHz, 3996 MHz, 0 %, 0 MiB
2026/08/03 11:35:09.974, 3, P0, 32, 238.52 W, 1965 MHz, 3996 MHz, 0 %, 0 MiB
2026/08/03 11:35:09.974, 4, P0, 33, 235.50 W, 1965 MHz, 3996 MHz, 0 %, 0 MiB
2026/08/03 11:35:09.974, 5, P0, 36, 244.20 W, 1965 MHz, 3996 MHz, 0 %, 0 MiB
2026/08/03 11:35:09.974, 6, P0, 33, 242.34 W, 1965 MHz, 3996 MHz, 0 %, 0 MiB
2026/08/03 11:35:09.974, 7, P0, 37, 243.21 W, 1965 MHz, 3996 MHz, 0 %, 0 MiB
2026/08/03 11:35:10.974, 0, P0, 36, 251.75 W, 1965 MHz, 3996 MHz, 81 %, 161505 MiB
2026/08/03 11:35:10.975, 1, P0, 33, 246.77 W, 1965 MHz, 3996 MHz, 6 %, 161505 MiB
2026/08/03 11:35:10.975, 2, P0, 36, 236.07 W, 1965 MHz, 3996 MHz, 0 %, 0 MiB
2026/08/03 11:35:10.975, 3, P0, 32, 238.51 W, 1965 MHz, 3996 MHz, 0 %, 0 MiB
2026/08/03 11:35:10.975, 4, P0, 33, 235.50 W, 1965 MHz, 3996 MHz, 0 %, 0 MiB
2026/08/03 11:35:10.975, 5, P0, 36, 244.15 W, 1965 MHz, 3996 MHz, 0 %, 0 MiB
2026/08/03 11:35:10.975, 6, P0, 33, 242.42 W, 1965 MHz, 3996 MHz, 0 %, 0 MiB
2026/08/03 11:35:10.975, 7, P0, 37, 243.19 W, 1965 MHz, 3996 MHz, 0 %, 0 MiB
2026/08/03 11:35:11.975, 0, P0, 36, 251.42 W, 1965 MHz, 3996 MHz, 87 %, 161505 MiB
2026/08/03 11:35:11.975, 1, P0, 33, 246.60 W, 1965 MHz, 3996 MHz, 6 %, 161505 MiB
2026/08/03 11:35:11.975, 2, P0, 36, 236.05 W, 1965 MHz, 3996 MHz, 0 %, 0 MiB
2026/08/03 11:35:11.975, 3, P0, 32, 238.52 W, 1965 MHz, 3996 MHz, 0 %, 0 MiB
2026/08/03 11:35:11.975, 4, P0, 33, 235.45 W, 1965 MHz, 3996 MHz, 0 %, 0 MiB
2026/08/03 11:35:11.975, 5, P0, 36, 244.08 W, 1965 MHz, 3996 MHz, 0 %, 0 MiB
2026/08/03 11:35:11.975, 6, P0, 33, 242.36 W, 1965 MHz, 3996 MHz, 0 %, 0 MiB
2026/08/03 11:35:11.975, 7, P0, 37, 243.24 W, 1965 MHz, 3996 MHz, 0 %, 0 MiB
2026/08/03 11:35:12.975, 0, P0, 36, 251.49 W, 1965 MHz, 3996 MHz, 92 %, 161505 MiB
2026/08/03 11:35:12.975, 1, P0, 33, 246.84 W, 1965 MHz, 3996 MHz, 6 %, 161505 MiB
2026/08/03 11:35:12.975, 2, P0, 36, 236.05 W, 1965 MHz, 3996 MHz, 0 %, 0 MiB
2026/08/03 11:35:12.975, 3, P0, 32, 238.52 W, 1965 MHz, 3996 MHz, 0 %, 0 MiB
2026/08/03 11:35:12.975, 4, P0, 33, 235.49 W, 1965 MHz, 3996 MHz, 0 %, 0 MiB
2026/08/03 11:35:12.975, 5, P0, 36, 244.03 W, 1965 MHz, 3996 MHz, 0 %, 0 MiB
2026/08/03 11:35:12.975, 6, P0, 33, 242.33 W, 1965 MHz, 3996 MHz, 0 %, 0 MiB
2026/08/03 11:35:12.975, 7, P0, 37, 243.23 W, 1965 MHz, 3996 MHz, 0 %, 0 MiB
2026/08/03 11:35:13.975, 0, P0, 36, 250.42 W, 1965 MHz, 3996 MHz, 78 %, 161505 MiB
2026/08/03 11:35:13.975, 1, P0, 33, 247.47 W, 1965 MHz, 3996 MHz, 6 %, 161505 MiB
2026/08/03 11:35:13.975, 2, P0, 36, 236.09 W, 1965 MHz, 3996 MHz, 0 %, 0 MiB
2026/08/03 11:35:13.975, 3, P0, 32, 238.52 W, 1965 MHz, 3996 MHz, 0 %, 0 MiB
2026/08/03 11:35:13.975, 4, P0, 33, 235.51 W, 1965 MHz, 3996 MHz, 0 %, 0 MiB
2026/08/03 11:35:13.975, 5, P0, 36, 244.07 W, 1965 MHz, 3996 MHz, 0 %, 0 MiB
2026/08/03 11:35:13.975, 6, P0, 33, 242.34 W, 1965 MHz, 3996 MHz, 0 %, 0 MiB
2026/08/03 11:35:13.976, 7, P0, 37, 243.22 W, 1965 MHz, 3996 MHz, 0 %, 0 MiB
2026/08/03 11:35:14.976, 0, P0, 36, 251.17 W, 1965 MHz, 3996 MHz, 90 %, 161505 MiB
2026/08/03 11:35:14.976, 1, P0, 33, 246.84 W, 1965 MHz, 3996 MHz, 6 %, 161505 MiB
2026/08/03 11:35:14.976, 2, P0, 36, 236.03 W, 1965 MHz, 3996 MHz, 0 %, 0 MiB
2026/08/03 11:35:14.976, 3, P0, 32, 238.52 W, 1965 MHz, 3996 MHz, 0 %, 0 MiB
2026/08/03 11:35:14.976, 4, P0, 33, 235.49 W, 1965 MHz, 3996 MHz, 0 %, 0 MiB
2026/08/03 11:35:14.976, 5, P0, 36, 244.07 W, 1965 MHz, 3996 MHz, 0 %, 0 MiB
2026/08/03 11:35:14.976, 6, P0, 33, 242.32 W, 1965 MHz, 3996 MHz, 0 %, 0 MiB
2026/08/03 11:35:14.976, 7, P0, 37, 243.23 W, 1965 MHz, 3996 MHz, 0 %, 0 MiB
2026/08/03 11:35:15.976, 0, P0, 36, 251.66 W, 1965 MHz, 3996 MHz, 83 %, 161505 MiB
2026/08/03 11:35:15.976, 1, P0, 33, 247.10 W, 1965 MHz, 3996 MHz, 6 %, 161505 MiB
2026/08/03 11:35:15.976, 2, P0, 36, 236.03 W, 1965 MHz, 3996 MHz, 0 %, 0 MiB
2026/08/03 11:35:15.976, 3, P0, 32, 238.49 W, 1965 MHz, 3996 MHz, 0 %, 0 MiB
2026/08/03 11:35:15.976, 4, P0, 33, 235.51 W, 1965 MHz, 3996 MHz, 0 %, 0 MiB
2026/08/03 11:35:15.976, 5, P0, 36, 244.07 W, 1965 MHz, 3996 MHz, 0 %, 0 MiB
2026/08/03 11:35:15.976, 6, P0, 33, 242.21 W, 1965 MHz, 3996 MHz, 0 %, 0 MiB
2026/08/03 11:35:15.976, 7, P0, 37, 243.28 W, 1965 MHz, 3996 MHz, 0 %, 0 MiB
2026/08/03 11:35:16.976, 0, P0, 36, 250.92 W, 1965 MHz, 3996 MHz, 83 %, 161505 MiB
2026/08/03 11:35:16.976, 1, P0, 33, 247.30 W, 1965 MHz, 3996 MHz, 6 %, 161505 MiB
2026/08/03 11:35:16.976, 2, P0, 36, 236.01 W, 1965 MHz, 3996 MHz, 0 %, 0 MiB
2026/08/03 11:35:16.976, 3, P0, 32, 238.51 W, 1965 MHz, 3996 MHz, 0 %, 0 MiB
2026/08/03 11:35:16.976, 4, P0, 33, 235.47 W, 1965 MHz, 3996 MHz, 0 %, 0 MiB
2026/08/03 11:35:16.976, 5, P0, 36, 244.14 W, 1965 MHz, 3996 MHz, 0 %, 0 MiB
2026/08/03 11:35:16.976, 6, P0, 33, 242.27 W, 1965 MHz, 3996 MHz, 0 %, 0 MiB
2026/08/03 11:35:16.976, 7, P0, 37, 243.10 W, 1965 MHz, 3996 MHz, 0 %, 0 MiB
2026/08/03 11:35:17.976, 0, P0, 36, 251.10 W, 1965 MHz, 3996 MHz, 78 %, 161505 MiB
2026/08/03 11:35:17.976, 1, P0, 33, 246.90 W, 1965 MHz, 3996 MHz, 6 %, 161505 MiB
2026/08/03 11:35:17.977, 2, P0, 36, 236.02 W, 1965 MHz, 3996 MHz, 0 %, 0 MiB
2026/08/03 11:35:17.977, 3, P0, 32, 238.52 W, 1965 MHz, 3996 MHz, 0 %, 0 MiB
2026/08/03 11:35:17.977, 4, P0, 33, 235.49 W, 1965 MHz, 3996 MHz, 0 %, 0 MiB
2026/08/03 11:35:17.977, 5, P0, 36, 244.04 W, 1965 MHz, 3996 MHz, 0 %, 0 MiB
2026/08/03 11:35:17.977, 6, P0, 33, 242.18 W, 1965 MHz, 3996 MHz, 0 %, 0 MiB
2026/08/03 11:35:17.977, 7, P0, 37, 243.19 W, 1965 MHz, 3996 MHz, 0 %, 0 MiB
2026/08/03 11:35:18.977, 0, P0, 36, 262.72 W, 1965 MHz, 3996 MHz, 75 %, 161505 MiB
2026/08/03 11:35:18.977, 1, P0, 33, 248.86 W, 1965 MHz, 3996 MHz, 6 %, 161505 MiB
2026/08/03 11:35:18.977, 2, P0, 36, 236.03 W, 1965 MHz, 3996 MHz, 0 %, 0 MiB
2026/08/03 11:35:18.977, 3, P0, 32, 238.50 W, 1965 MHz, 3996 MHz, 0 %, 0 MiB
2026/08/03 11:35:18.977, 4, P0, 33, 235.52 W, 1965 MHz, 3996 MHz, 0 %, 0 MiB
2026/08/03 11:35:18.977, 5, P0, 36, 244.09 W, 1965 MHz, 3996 MHz, 0 %, 0 MiB
2026/08/03 11:35:18.977, 6, P0, 33, 242.17 W, 1965 MHz, 3996 MHz, 0 %, 0 MiB
2026/08/03 11:35:18.977, 7, P0, 37, 243.15 W, 1965 MHz, 3996 MHz, 0 %, 0 MiB
2026/08/03 11:35:19.977, 0, P0, 36, 247.88 W, 1965 MHz, 3996 MHz, 82 %, 161505 MiB
2026/08/03 11:35:19.977, 1, P0, 33, 244.14 W, 1965 MHz, 3996 MHz, 6 %, 161505 MiB
2026/08/03 11:35:19.977, 2, P0, 36, 236.03 W, 1965 MHz, 3996 MHz, 0 %, 0 MiB
2026/08/03 11:35:19.977, 3, P0, 32, 238.52 W, 1965 MHz, 3996 MHz, 0 %, 0 MiB
2026/08/03 11:35:19.977, 4, P0, 33, 235.51 W, 1965 MHz, 3996 MHz, 0 %, 0 MiB
2026/08/03 11:35:19.977, 5, P0, 36, 244.10 W, 1965 MHz, 3996 MHz, 0 %, 0 MiB
2026/08/03 11:35:19.977, 6, P0, 33, 242.32 W, 1965 MHz, 3996 MHz, 0 %, 0 MiB
2026/08/03 11:35:19.977, 7, P0, 37, 243.16 W, 1965 MHz, 3996 MHz, 0 %, 0 MiB
2026/08/03 11:35:20.977, 0, P0, 36, 251.44 W, 1965 MHz, 3996 MHz, 83 %, 161505 MiB
2026/08/03 11:35:20.977, 1, P0, 33, 247.76 W, 1965 MHz, 3996 MHz, 6 %, 161505 MiB
2026/08/03 11:35:20.977, 2, P0, 36, 236.02 W, 1965 MHz, 3996 MHz, 0 %, 0 MiB
2026/08/03 11:35:20.977, 3, P0, 32, 238.54 W, 1965 MHz, 3996 MHz, 0 %, 0 MiB
2026/08/03 11:35:20.977, 4, P0, 33, 235.51 W, 1965 MHz, 3996 MHz, 0 %, 0 MiB
2026/08/03 11:35:20.977, 5, P0, 36, 244.04 W, 1965 MHz, 3996 MHz, 0 %, 0 MiB
2026/08/03 11:35:20.977, 6, P0, 33, 242.27 W, 1965 MHz, 3996 MHz, 0 %, 0 MiB
2026/08/03 11:35:20.978, 7, P0, 37, 243.09 W, 1965 MHz, 3996 MHz, 0 %, 0 MiB
2026/08/03 11:35:21.978, 0, P0, 36, 256.66 W, 1965 MHz, 3996 MHz, 89 %, 161505 MiB
2026/08/03 11:35:21.978, 1, P0, 33, 254.07 W, 1965 MHz, 3996 MHz, 6 %, 161505 MiB
2026/08/03 11:35:21.978, 2, P0, 36, 235.95 W, 1965 MHz, 3996 MHz, 0 %, 0 MiB
2026/08/03 11:35:21.978, 3, P0, 32, 238.47 W, 1965 MHz, 3996 MHz, 0 %, 0 MiB
2026/08/03 11:35:21.978, 4, P0, 33, 235.49 W, 1965 MHz, 3996 MHz, 0 %, 0 MiB
2026/08/03 11:35:21.978, 5, P0, 36, 244.09 W, 1965 MHz, 3996 MHz, 0 %, 0 MiB
2026/08/03 11:35:21.978, 6, P0, 33, 242.28 W, 1965 MHz, 3996 MHz, 0 %, 0 MiB
2026/08/03 11:35:21.978, 7, P0, 37, 243.12 W, 1965 MHz, 3996 MHz, 0 %, 0 MiB
2026/08/03 11:35:22.978, 0, P0, 36, 251.63 W, 1965 MHz, 3996 MHz, 96 %, 161505 MiB
2026/08/03 11:35:22.978, 1, P0, 33, 247.35 W, 1965 MHz, 3996 MHz, 6 %, 161505 MiB
2026/08/03 11:35:22.978, 2, P0, 36, 236.03 W, 1965 MHz, 3996 MHz, 0 %, 0 MiB
2026/08/03 11:35:22.978, 3, P0, 32, 238.50 W, 1965 MHz, 3996 MHz, 0 %, 0 MiB
2026/08/03 11:35:22.978, 4, P0, 33, 235.48 W, 1965 MHz, 3996 MHz, 0 %, 0 MiB
2026/08/03 11:35:22.978, 5, P0, 36, 244.11 W, 1965 MHz, 3996 MHz, 0 %, 0 MiB
2026/08/03 11:35:22.978, 6, P0, 33, 242.28 W, 1965 MHz, 3996 MHz, 0 %, 0 MiB
2026/08/03 11:35:22.978, 7, P0, 37, 243.09 W, 1965 MHz, 3996 MHz, 0 %, 0 MiB
2026/08/03 11:35:23.978, 0, P0, 36, 251.72 W, 1965 MHz, 3996 MHz, 90 %, 161505 MiB
2026/08/03 11:35:23.978, 1, P0, 33, 248.24 W, 1965 MHz, 3996 MHz, 6 %, 161505 MiB
2026/08/03 11:35:23.978, 2, P0, 36, 235.99 W, 1965 MHz, 3996 MHz, 0 %, 0 MiB
2026/08/03 11:35:23.978, 3, P0, 32, 238.51 W, 1965 MHz, 3996 MHz, 0 %, 0 MiB
2026/08/03 11:35:23.978, 4, P0, 33, 235.46 W, 1965 MHz, 3996 MHz, 0 %, 0 MiB
2026/08/03 11:35:23.978, 5, P0, 36, 244.04 W, 1965 MHz, 3996 MHz, 0 %, 0 MiB
2026/08/03 11:35:23.978, 6, P0, 33, 242.22 W, 1965 MHz, 3996 MHz, 0 %, 0 MiB
2026/08/03 11:35:23.978, 7, P0, 37, 243.15 W, 1965 MHz, 3996 MHz, 0 %, 0 MiB
2026/08/03 11:35:24.978, 0, P0, 36, 251.15 W, 1965 MHz, 3996 MHz, 88 %, 161505 MiB
2026/08/03 11:35:24.979, 1, P0, 33, 247.07 W, 1965 MHz, 3996 MHz, 6 %, 161505 MiB
2026/08/03 11:35:24.979, 2, P0, 36, 235.99 W, 1965 MHz, 3996 MHz, 0 %, 0 MiB
2026/08/03 11:35:24.979, 3, P0, 32, 238.48 W, 1965 MHz, 3996 MHz, 0 %, 0 MiB
2026/08/03 11:35:24.979, 4, P0, 33, 235.50 W, 1965 MHz, 3996 MHz, 0 %, 0 MiB
2026/08/03 11:35:24.979, 5, P0, 36, 244.08 W, 1965 MHz, 3996 MHz, 0 %, 0 MiB
2026/08/03 11:35:24.979, 6, P0, 33, 242.18 W, 1965 MHz, 3996 MHz, 0 %, 0 MiB
2026/08/03 11:35:24.979, 7, P0, 37, 243.18 W, 1965 MHz, 3996 MHz, 0 %, 0 MiB
2026/08/03 11:35:25.979, 0, P0, 36, 251.82 W, 1965 MHz, 3996 MHz, 84 %, 161505 MiB
2026/08/03 11:35:25.979, 1, P0, 33, 246.93 W, 1965 MHz, 3996 MHz, 6 %, 161505 MiB
2026/08/03 11:35:25.979, 2, P0, 36, 236.04 W, 1965 MHz, 3996 MHz, 0 %, 0 MiB
2026/08/03 11:35:25.979, 3, P0, 32, 238.51 W, 1965 MHz, 3996 MHz, 0 %, 0 MiB
2026/08/03 11:35:25.979, 4, P0, 33, 235.51 W, 1965 MHz, 3996 MHz, 0 %, 0 MiB
2026/08/03 11:35:25.979, 5, P0, 36, 244.10 W, 1965 MHz, 3996 MHz, 0 %, 0 MiB
2026/08/03 11:35:25.979, 6, P0, 33, 242.31 W, 1965 MHz, 3996 MHz, 0 %, 0 MiB
2026/08/03 11:35:25.979, 7, P0, 37, 243.27 W, 1965 MHz, 3996 MHz, 0 %, 0 MiB
2026/08/03 11:35:26.979, 0, P0, 36, 251.61 W, 1965 MHz, 3996 MHz, 83 %, 161505 MiB
2026/08/03 11:35:26.979, 1, P0, 33, 246.96 W, 1965 MHz, 3996 MHz, 6 %, 161505 MiB
2026/08/03 11:35:26.979, 2, P0, 36, 236.00 W, 1965 MHz, 3996 MHz, 0 %, 0 MiB
2026/08/03 11:35:26.979, 3, P0, 32, 238.54 W, 1965 MHz, 3996 MHz, 0 %, 0 MiB
2026/08/03 11:35:26.979, 4, P0, 33, 235.51 W, 1965 MHz, 3996 MHz, 0 %, 0 MiB
2026/08/03 11:35:26.979, 5, P0, 36, 244.09 W, 1965 MHz, 3996 MHz, 0 %, 0 MiB
2026/08/03 11:35:26.979, 6, P0, 33, 242.32 W, 1965 MHz, 3996 MHz, 0 %, 0 MiB
2026/08/03 11:35:26.979, 7, P0, 37, 243.22 W, 1965 MHz, 3996 MHz, 0 %, 0 MiB
2026/08/03 11:35:27.979, 0, P0, 36, 251.59 W, 1965 MHz, 3996 MHz, 79 %, 161505 MiB
2026/08/03 11:35:27.979, 1, P0, 33, 247.05 W, 1965 MHz, 3996 MHz, 6 %, 161505 MiB
2026/08/03 11:35:27.979, 2, P0, 36, 236.03 W, 1965 MHz, 3996 MHz, 0 %, 0 MiB
2026/08/03 11:35:27.979, 3, P0, 32, 238.52 W, 1965 MHz, 3996 MHz, 0 %, 0 MiB
2026/08/03 11:35:27.979, 4, P0, 33, 235.49 W, 1965 MHz, 3996 MHz, 0 %, 0 MiB
2026/08/03 11:35:27.979, 5, P0, 36, 244.07 W, 1965 MHz, 3996 MHz, 0 %, 0 MiB
2026/08/03 11:35:27.979, 6, P0, 33, 242.38 W, 1965 MHz, 3996 MHz, 0 %, 0 MiB
2026/08/03 11:35:27.979, 7, P0, 37, 243.18 W, 1965 MHz, 3996 MHz, 0 %, 0 MiB
2026/08/03 11:35:28.980, 0, P0, 36, 251.53 W, 1965 MHz, 3996 MHz, 86 %, 161505 MiB
2026/08/03 11:35:28.980, 1, P0, 33, 247.62 W, 1965 MHz, 3996 MHz, 14 %, 161505 MiB
2026/08/03 11:35:28.980, 2, P0, 36, 236.05 W, 1965 MHz, 3996 MHz, 0 %, 0 MiB
2026/08/03 11:35:28.980, 3, P0, 32, 238.51 W, 1965 MHz, 3996 MHz, 0 %, 0 MiB
2026/08/03 11:35:28.980, 4, P0, 33, 235.48 W, 1965 MHz, 3996 MHz, 0 %, 0 MiB
2026/08/03 11:35:28.980, 5, P0, 36, 244.02 W, 1965 MHz, 3996 MHz, 0 %, 0 MiB
2026/08/03 11:35:28.980, 6, P0, 33, 242.41 W, 1965 MHz, 3996 MHz, 0 %, 0 MiB
2026/08/03 11:35:28.980, 7, P0, 37, 243.17 W, 1965 MHz, 3996 MHz, 0 %, 0 MiB
2026/08/03 11:35:29.980, 0, P0, 36, 250.80 W, 1965 MHz, 3996 MHz, 77 %, 161505 MiB
2026/08/03 11:35:29.980, 1, P0, 33, 246.85 W, 1965 MHz, 3996 MHz, 6 %, 161505 MiB
2026/08/03 11:35:29.980, 2, P0, 36, 236.02 W, 1965 MHz, 3996 MHz, 0 %, 0 MiB
2026/08/03 11:35:29.980, 3, P0, 32, 238.54 W, 1965 MHz, 3996 MHz, 0 %, 0 MiB
2026/08/03 11:35:29.980, 4, P0, 33, 235.46 W, 1965 MHz, 3996 MHz, 0 %, 0 MiB
2026/08/03 11:35:29.980, 5, P0, 36, 244.08 W, 1965 MHz, 3996 MHz, 0 %, 0 MiB
2026/08/03 11:35:29.980, 6, P0, 33, 242.29 W, 1965 MHz, 3996 MHz, 0 %, 0 MiB
2026/08/03 11:35:29.980, 7, P0, 37, 243.12 W, 1965 MHz, 3996 MHz, 0 %, 0 MiB
2026/08/03 11:35:30.980, 0, P0, 36, 251.48 W, 1965 MHz, 3996 MHz, 74 %, 161505 MiB
2026/08/03 11:35:30.980, 1, P0, 33, 246.34 W, 1965 MHz, 3996 MHz, 6 %, 161505 MiB
2026/08/03 11:35:30.980, 2, P0, 36, 236.01 W, 1965 MHz, 3996 MHz, 0 %, 0 MiB
2026/08/03 11:35:30.980, 3, P0, 32, 238.51 W, 1965 MHz, 3996 MHz, 0 %, 0 MiB
2026/08/03 11:35:30.980, 4, P0, 33, 235.40 W, 1965 MHz, 3996 MHz, 0 %, 0 MiB
2026/08/03 11:35:30.980, 5, P0, 36, 244.11 W, 1965 MHz, 3996 MHz, 0 %, 0 MiB
2026/08/03 11:35:30.980, 6, P0, 33, 242.31 W, 1965 MHz, 3996 MHz, 0 %, 0 MiB
2026/08/03 11:35:30.980, 7, P0, 37, 243.10 W, 1965 MHz, 3996 MHz, 0 %, 0 MiB
2026/08/03 11:35:31.980, 0, P0, 36, 251.26 W, 1965 MHz, 3996 MHz, 80 %, 161505 MiB
2026/08/03 11:35:31.980, 1, P0, 33, 247.10 W, 1965 MHz, 3996 MHz, 6 %, 161505 MiB
2026/08/03 11:35:31.980, 2, P0, 36, 236.02 W, 1965 MHz, 3996 MHz, 0 %, 0 MiB
2026/08/03 11:35:31.980, 3, P0, 32, 238.49 W, 1965 MHz, 3996 MHz, 0 %, 0 MiB
2026/08/03 11:35:31.980, 4, P0, 33, 235.47 W, 1965 MHz, 3996 MHz, 0 %, 0 MiB
2026/08/03 11:35:31.980, 5, P0, 36, 244.08 W, 1965 MHz, 3996 MHz, 0 %, 0 MiB
2026/08/03 11:35:31.981, 6, P0, 33, 242.24 W, 1965 MHz, 3996 MHz, 0 %, 0 MiB
2026/08/03 11:35:31.981, 7, P0, 37, 243.09 W, 1965 MHz, 3996 MHz, 0 %, 0 MiB
2026/08/03 11:35:32.981, 0, P0, 36, 251.42 W, 1965 MHz, 3996 MHz, 80 %, 161505 MiB
2026/08/03 11:35:32.981, 1, P0, 33, 247.60 W, 1965 MHz, 3996 MHz, 6 %, 161505 MiB
2026/08/03 11:35:32.981, 2, P0, 36, 235.99 W, 1965 MHz, 3996 MHz, 0 %, 0 MiB
2026/08/03 11:35:32.981, 3, P0, 32, 238.50 W, 1965 MHz, 3996 MHz, 0 %, 0 MiB
2026/08/03 11:35:32.981, 4, P0, 33, 235.47 W, 1965 MHz, 3996 MHz, 0 %, 0 MiB
2026/08/03 11:35:32.981, 5, P0, 36, 244.11 W, 1965 MHz, 3996 MHz, 0 %, 0 MiB
2026/08/03 11:35:32.981, 6, P0, 33, 242.22 W, 1965 MHz, 3996 MHz, 0 %, 0 MiB
2026/08/03 11:35:32.981, 7, P0, 37, 243.15 W, 1965 MHz, 3996 MHz, 0 %, 0 MiB
2026/08/03 11:35:33.981, 0, P0, 36, 251.60 W, 1965 MHz, 3996 MHz, 86 %, 161505 MiB
2026/08/03 11:35:33.981, 1, P0, 33, 247.29 W, 1965 MHz, 3996 MHz, 6 %, 161505 MiB
2026/08/03 11:35:33.981, 2, P0, 36, 236.03 W, 1965 MHz, 3996 MHz, 0 %, 0 MiB
2026/08/03 11:35:33.981, 3, P0, 32, 238.53 W, 1965 MHz, 3996 MHz, 0 %, 0 MiB
2026/08/03 11:35:33.981, 4, P0, 33, 235.48 W, 1965 MHz, 3996 MHz, 0 %, 0 MiB
2026/08/03 11:35:33.981, 5, P0, 36, 244.13 W, 1965 MHz, 3996 MHz, 0 %, 0 MiB
2026/08/03 11:35:33.981, 6, P0, 33, 242.28 W, 1965 MHz, 3996 MHz, 0 %, 0 MiB
2026/08/03 11:35:33.981, 7, P0, 37, 243.18 W, 1965 MHz, 3996 MHz, 0 %, 0 MiB
2026/08/03 11:35:34.981, 0, P0, 36, 250.99 W, 1965 MHz, 3996 MHz, 86 %, 161505 MiB
2026/08/03 11:35:34.981, 1, P0, 33, 247.57 W, 1965 MHz, 3996 MHz, 6 %, 161505 MiB
2026/08/03 11:35:34.981, 2, P0, 36, 235.99 W, 1965 MHz, 3996 MHz, 0 %, 0 MiB
2026/08/03 11:35:34.981, 3, P0, 32, 238.50 W, 1965 MHz, 3996 MHz, 0 %, 0 MiB
2026/08/03 11:35:34.981, 4, P0, 33, 235.42 W, 1965 MHz, 3996 MHz, 0 %, 0 MiB
2026/08/03 11:35:34.981, 5, P0, 36, 244.10 W, 1965 MHz, 3996 MHz, 0 %, 0 MiB
2026/08/03 11:35:34.981, 6, P0, 33, 242.27 W, 1965 MHz, 3996 MHz, 0 %, 0 MiB
2026/08/03 11:35:34.981, 7, P0, 37, 243.07 W, 1965 MHz, 3996 MHz, 0 %, 0 MiB
2026/08/03 11:35:35.981, 0, P0, 36, 251.39 W, 1965 MHz, 3996 MHz, 88 %, 161505 MiB
2026/08/03 11:35:35.982, 1, P0, 33, 246.65 W, 1965 MHz, 3996 MHz, 6 %, 161505 MiB
2026/08/03 11:35:35.982, 2, P0, 36, 236.03 W, 1965 MHz, 3996 MHz, 0 %, 0 MiB
2026/08/03 11:35:35.982, 3, P0, 32, 238.49 W, 1965 MHz, 3996 MHz, 0 %, 0 MiB
2026/08/03 11:35:35.982, 4, P0, 33, 235.50 W, 1965 MHz, 3996 MHz, 0 %, 0 MiB
2026/08/03 11:35:35.982, 5, P0, 36, 244.16 W, 1965 MHz, 3996 MHz, 0 %, 0 MiB
2026/08/03 11:35:35.982, 6, P0, 33, 242.24 W, 1965 MHz, 3996 MHz, 0 %, 0 MiB
2026/08/03 11:35:35.982, 7, P0, 37, 243.00 W, 1965 MHz, 3996 MHz, 0 %, 0 MiB
2026/08/03 11:35:36.982, 0, P0, 36, 251.82 W, 1965 MHz, 3996 MHz, 88 %, 161505 MiB
2026/08/03 11:35:36.982, 1, P0, 33, 246.77 W, 1965 MHz, 3996 MHz, 6 %, 161505 MiB
2026/08/03 11:35:36.982, 2, P0, 36, 236.01 W, 1965 MHz, 3996 MHz, 0 %, 0 MiB
2026/08/03 11:35:36.982, 3, P0, 32, 238.50 W, 1965 MHz, 3996 MHz, 0 %, 0 MiB
2026/08/03 11:35:36.982, 4, P0, 33, 235.48 W, 1965 MHz, 3996 MHz, 0 %, 0 MiB
2026/08/03 11:35:36.982, 5, P0, 36, 244.14 W, 1965 MHz, 3996 MHz, 0 %, 0 MiB
2026/08/03 11:35:36.982, 6, P0, 33, 242.13 W, 1965 MHz, 3996 MHz, 0 %, 0 MiB
2026/08/03 11:35:36.982, 7, P0, 37, 243.01 W, 1965 MHz, 3996 MHz, 0 %, 0 MiB
2026/08/03 11:35:37.982, 0, P0, 36, 249.07 W, 1965 MHz, 3996 MHz, 100 %, 161505 MiB
2026/08/03 11:35:37.982, 1, P0, 33, 244.30 W, 1965 MHz, 3996 MHz, 0 %, 161505 MiB
2026/08/03 11:35:37.982, 2, P0, 36, 236.01 W, 1965 MHz, 3996 MHz, 0 %, 0 MiB
2026/08/03 11:35:37.982, 3, P0, 32, 238.49 W, 1965 MHz, 3996 MHz, 0 %, 0 MiB
2026/08/03 11:35:37.982, 4, P0, 33, 235.48 W, 1965 MHz, 3996 MHz, 0 %, 0 MiB
2026/08/03 11:35:37.982, 5, P0, 36, 244.12 W, 1965 MHz, 3996 MHz, 0 %, 0 MiB
2026/08/03 11:35:37.982, 6, P0, 33, 242.20 W, 1965 MHz, 3996 MHz, 0 %, 0 MiB
2026/08/03 11:35:37.982, 7, P0, 37, 243.03 W, 1965 MHz, 3996 MHz, 0 %, 0 MiB
2026/08/03 11:35:38.982, 0, P0, 36, 247.10 W, 1965 MHz, 3996 MHz, 49 %, 161505 MiB
2026/08/03 11:35:38.983, 1, P0, 33, 245.09 W, 1965 MHz, 3996 MHz, 89 %, 161505 MiB
2026/08/03 11:35:38.983, 2, P0, 36, 235.93 W, 1965 MHz, 3996 MHz, 0 %, 0 MiB
2026/08/03 11:35:38.983, 3, P0, 32, 238.48 W, 1965 MHz, 3996 MHz, 0 %, 0 MiB
2026/08/03 11:35:38.983, 4, P0, 33, 235.42 W, 1965 MHz, 3996 MHz, 0 %, 0 MiB
2026/08/03 11:35:38.983, 5, P0, 36, 244.07 W, 1965 MHz, 3996 MHz, 0 %, 0 MiB
2026/08/03 11:35:38.983, 6, P0, 33, 242.22 W, 1965 MHz, 3996 MHz, 0 %, 0 MiB
2026/08/03 11:35:38.983, 7, P0, 37, 243.09 W, 1965 MHz, 3996 MHz, 0 %, 0 MiB
2026/08/03 11:35:39.983, 0, P0, 36, 251.23 W, 1965 MHz, 3996 MHz, 72 %, 161505 MiB
2026/08/03 11:35:39.983, 1, P0, 33, 246.55 W, 1965 MHz, 3996 MHz, 6 %, 161505 MiB
2026/08/03 11:35:39.983, 2, P0, 36, 235.98 W, 1965 MHz, 3996 MHz, 0 %, 0 MiB
2026/08/03 11:35:39.983, 3, P0, 32, 238.50 W, 1965 MHz, 3996 MHz, 0 %, 0 MiB
2026/08/03 11:35:39.983, 4, P0, 33, 235.47 W, 1965 MHz, 3996 MHz, 0 %, 0 MiB
2026/08/03 11:35:39.983, 5, P0, 36, 244.04 W, 1965 MHz, 3996 MHz, 0 %, 0 MiB
2026/08/03 11:35:39.983, 6, P0, 33, 242.20 W, 1965 MHz, 3996 MHz, 0 %, 0 MiB
2026/08/03 11:35:39.983, 7, P0, 37, 243.14 W, 1965 MHz, 3996 MHz, 0 %, 0 MiB
2026/08/03 11:35:40.983, 0, P0, 36, 251.81 W, 1965 MHz, 3996 MHz, 79 %, 161505 MiB
2026/08/03 11:35:40.983, 1, P0, 33, 247.50 W, 1965 MHz, 3996 MHz, 6 %, 161505 MiB
2026/08/03 11:35:40.983, 2, P0, 36, 236.01 W, 1965 MHz, 3996 MHz, 0 %, 0 MiB
2026/08/03 11:35:40.983, 3, P0, 32, 238.47 W, 1965 MHz, 3996 MHz, 0 %, 0 MiB
2026/08/03 11:35:40.983, 4, P0, 33, 235.50 W, 1965 MHz, 3996 MHz, 0 %, 0 MiB
2026/08/03 11:35:40.983, 5, P0, 36, 244.32 W, 1965 MHz, 3996 MHz, 0 %, 0 MiB
2026/08/03 11:35:40.983, 6, P0, 33, 242.22 W, 1965 MHz, 3996 MHz, 0 %, 0 MiB
2026/08/03 11:35:40.983, 7, P0, 37, 243.15 W, 1965 MHz, 3996 MHz, 0 %, 0 MiB
2026/08/03 11:35:41.983, 0, P0, 36, 251.06 W, 1965 MHz, 3996 MHz, 42 %, 161505 MiB
2026/08/03 11:35:41.984, 1, P0, 33, 247.04 W, 1965 MHz, 3996 MHz, 14 %, 161505 MiB
2026/08/03 11:35:41.984, 2, P0, 36, 235.97 W, 1965 MHz, 3996 MHz, 0 %, 0 MiB
2026/08/03 11:35:41.984, 3, P0, 32, 238.53 W, 1965 MHz, 3996 MHz, 0 %, 0 MiB
2026/08/03 11:35:41.985, 4, P0, 33, 235.49 W, 1965 MHz, 3996 MHz, 0 %, 0 MiB
2026/08/03 11:35:41.985, 5, P0, 36, 244.37 W, 1965 MHz, 3996 MHz, 0 %, 0 MiB
2026/08/03 11:35:41.985, 6, P0, 33, 242.22 W, 1965 MHz, 3996 MHz, 0 %, 0 MiB
2026/08/03 11:35:41.987, 7, P0, 37, 243.16 W, 1965 MHz, 3996 MHz, 0 %, 0 MiB
2026/08/03 11:35:42.987, 0, P0, 36, 251.55 W, 1965 MHz, 3996 MHz, 74 %, 161505 MiB
2026/08/03 11:35:42.987, 1, P0, 33, 246.86 W, 1965 MHz, 3996 MHz, 6 %, 161505 MiB
2026/08/03 11:35:42.987, 2, P0, 36, 236.00 W, 1965 MHz, 3996 MHz, 0 %, 0 MiB
2026/08/03 11:35:42.987, 3, P0, 32, 238.51 W, 1965 MHz, 3996 MHz, 0 %, 0 MiB
2026/08/03 11:35:42.987, 4, P0, 33, 235.41 W, 1965 MHz, 3996 MHz, 0 %, 0 MiB
2026/08/03 11:35:42.987, 5, P0, 36, 244.28 W, 1965 MHz, 3996 MHz, 0 %, 0 MiB
2026/08/03 11:35:42.987, 6, P0, 33, 242.26 W, 1965 MHz, 3996 MHz, 0 %, 0 MiB
2026/08/03 11:35:42.987, 7, P0, 37, 243.16 W, 1965 MHz, 3996 MHz, 0 %, 0 MiB
2026/08/03 11:35:43.987, 0, P0, 36, 251.30 W, 1965 MHz, 3996 MHz, 18 %, 161505 MiB
2026/08/03 11:35:43.987, 1, P0, 33, 247.19 W, 1965 MHz, 3996 MHz, 45 %, 161505 MiB
2026/08/03 11:35:43.987, 2, P0, 36, 236.01 W, 1965 MHz, 3996 MHz, 0 %, 0 MiB
2026/08/03 11:35:43.987, 3, P0, 32, 238.51 W, 1965 MHz, 3996 MHz, 0 %, 0 MiB
2026/08/03 11:35:43.987, 4, P0, 33, 235.39 W, 1965 MHz, 3996 MHz, 0 %, 0 MiB
2026/08/03 11:35:43.987, 5, P0, 36, 244.34 W, 1965 MHz, 3996 MHz, 0 %, 0 MiB
2026/08/03 11:35:43.987, 6, P0, 33, 242.28 W, 1965 MHz, 3996 MHz, 0 %, 0 MiB
2026/08/03 11:35:43.987, 7, P0, 37, 243.14 W, 1965 MHz, 3996 MHz, 0 %, 0 MiB
2026/08/03 11:35:44.987, 0, P0, 36, 251.09 W, 1965 MHz, 3996 MHz, 73 %, 161505 MiB
2026/08/03 11:35:44.987, 1, P0, 33, 247.58 W, 1965 MHz, 3996 MHz, 6 %, 161505 MiB
2026/08/03 11:35:44.987, 2, P0, 36, 236.01 W, 1965 MHz, 3996 MHz, 0 %, 0 MiB
2026/08/03 11:35:44.987, 3, P0, 32, 238.51 W, 1965 MHz, 3996 MHz, 0 %, 0 MiB
2026/08/03 11:35:44.987, 4, P0, 33, 235.42 W, 1965 MHz, 3996 MHz, 0 %, 0 MiB
2026/08/03 11:35:44.987, 5, P0, 36, 244.36 W, 1965 MHz, 3996 MHz, 0 %, 0 MiB
2026/08/03 11:35:44.987, 6, P0, 33, 242.36 W, 1965 MHz, 3996 MHz, 0 %, 0 MiB
2026/08/03 11:35:44.987, 7, P0, 37, 243.09 W, 1965 MHz, 3996 MHz, 0 %, 0 MiB
2026/08/03 11:35:45.988, 0, P0, 36, 250.92 W, 1965 MHz, 3996 MHz, 75 %, 161505 MiB
2026/08/03 11:35:45.988, 1, P0, 33, 246.40 W, 1965 MHz, 3996 MHz, 6 %, 161505 MiB
2026/08/03 11:35:45.988, 2, P0, 36, 236.02 W, 1965 MHz, 3996 MHz, 0 %, 0 MiB
2026/08/03 11:35:45.988, 3, P0, 32, 238.55 W, 1965 MHz, 3996 MHz, 0 %, 0 MiB
2026/08/03 11:35:45.988, 4, P0, 33, 235.49 W, 1965 MHz, 3996 MHz, 0 %, 0 MiB
2026/08/03 11:35:45.988, 5, P0, 36, 244.29 W, 1965 MHz, 3996 MHz, 0 %, 0 MiB
2026/08/03 11:35:45.988, 6, P0, 33, 242.27 W, 1965 MHz, 3996 MHz, 0 %, 0 MiB
2026/08/03 11:35:45.988, 7, P0, 37, 243.07 W, 1965 MHz, 3996 MHz, 0 %, 0 MiB
2026/08/03 11:35:46.988, 0, P0, 36, 250.86 W, 1965 MHz, 3996 MHz, 82 %, 161505 MiB
2026/08/03 11:35:46.988, 1, P0, 33, 247.51 W, 1965 MHz, 3996 MHz, 6 %, 161505 MiB
2026/08/03 11:35:46.988, 2, P0, 36, 235.95 W, 1965 MHz, 3996 MHz, 0 %, 0 MiB
2026/08/03 11:35:46.988, 3, P0, 32, 238.50 W, 1965 MHz, 3996 MHz, 0 %, 0 MiB
2026/08/03 11:35:46.988, 4, P0, 33, 235.52 W, 1965 MHz, 3996 MHz, 0 %, 0 MiB
2026/08/03 11:35:46.988, 5, P0, 36, 244.28 W, 1965 MHz, 3996 MHz, 0 %, 0 MiB
2026/08/03 11:35:46.988, 6, P0, 33, 242.24 W, 1965 MHz, 3996 MHz, 0 %, 0 MiB
2026/08/03 11:35:46.988, 7, P0, 37, 243.11 W, 1965 MHz, 3996 MHz, 0 %, 0 MiB
2026/08/03 11:35:47.988, 0, P0, 36, 251.42 W, 1965 MHz, 3996 MHz, 84 %, 161505 MiB
2026/08/03 11:35:47.988, 1, P0, 33, 246.56 W, 1965 MHz, 3996 MHz, 6 %, 161505 MiB
2026/08/03 11:35:47.988, 2, P0, 36, 236.02 W, 1965 MHz, 3996 MHz, 0 %, 0 MiB
2026/08/03 11:35:47.988, 3, P0, 32, 238.52 W, 1965 MHz, 3996 MHz, 0 %, 0 MiB
2026/08/03 11:35:47.988, 4, P0, 33, 235.43 W, 1965 MHz, 3996 MHz, 0 %, 0 MiB
2026/08/03 11:35:47.988, 5, P0, 36, 244.37 W, 1965 MHz, 3996 MHz, 0 %, 0 MiB
2026/08/03 11:35:47.988, 6, P0, 33, 242.26 W, 1965 MHz, 3996 MHz, 0 %, 0 MiB
2026/08/03 11:35:47.988, 7, P0, 37, 243.09 W, 1965 MHz, 3996 MHz, 0 %, 0 MiB
2026/08/03 11:35:48.988, 0, P0, 36, 250.84 W, 1965 MHz, 3996 MHz, 78 %, 161505 MiB
2026/08/03 11:35:48.988, 1, P0, 33, 247.99 W, 1965 MHz, 3996 MHz, 6 %, 161505 MiB
2026/08/03 11:35:48.989, 2, P0, 36, 235.98 W, 1965 MHz, 3996 MHz, 0 %, 0 MiB
2026/08/03 11:35:48.989, 3, P0, 32, 238.52 W, 1965 MHz, 3996 MHz, 0 %, 0 MiB
2026/08/03 11:35:48.989, 4, P0, 33, 235.48 W, 1965 MHz, 3996 MHz, 0 %, 0 MiB
2026/08/03 11:35:48.989, 5, P0, 36, 244.31 W, 1965 MHz, 3996 MHz, 0 %, 0 MiB
2026/08/03 11:35:48.989, 6, P0, 33, 242.23 W, 1965 MHz, 3996 MHz, 0 %, 0 MiB
2026/08/03 11:35:48.989, 7, P0, 37, 243.07 W, 1965 MHz, 3996 MHz, 0 %, 0 MiB
2026/08/03 11:35:49.989, 0, P0, 36, 250.66 W, 1965 MHz, 3996 MHz, 79 %, 161505 MiB
2026/08/03 11:35:49.989, 1, P0, 33, 247.29 W, 1965 MHz, 3996 MHz, 6 %, 161505 MiB
2026/08/03 11:35:49.989, 2, P0, 36, 236.01 W, 1965 MHz, 3996 MHz, 0 %, 0 MiB
2026/08/03 11:35:49.989, 3, P0, 32, 238.53 W, 1965 MHz, 3996 MHz, 0 %, 0 MiB
2026/08/03 11:35:49.989, 4, P0, 33, 235.51 W, 1965 MHz, 3996 MHz, 0 %, 0 MiB
2026/08/03 11:35:49.989, 5, P0, 36, 244.34 W, 1965 MHz, 3996 MHz, 0 %, 0 MiB
2026/08/03 11:35:49.989, 6, P0, 33, 242.28 W, 1965 MHz, 3996 MHz, 0 %, 0 MiB
2026/08/03 11:35:49.989, 7, P0, 37, 243.08 W, 1965 MHz, 3996 MHz, 0 %, 0 MiB
2026/08/03 11:35:50.989, 0, P0, 36, 251.10 W, 1965 MHz, 3996 MHz, 64 %, 161505 MiB
2026/08/03 11:35:50.989, 1, P0, 33, 247.24 W, 1965 MHz, 3996 MHz, 6 %, 161505 MiB
2026/08/03 11:35:50.989, 2, P0, 36, 235.98 W, 1965 MHz, 3996 MHz, 0 %, 0 MiB
2026/08/03 11:35:50.989, 3, P0, 32, 238.50 W, 1965 MHz, 3996 MHz, 0 %, 0 MiB
2026/08/03 11:35:50.989, 4, P0, 33, 235.50 W, 1965 MHz, 3996 MHz, 0 %, 0 MiB
2026/08/03 11:35:50.989, 5, P0, 36, 244.34 W, 1965 MHz, 3996 MHz, 0 %, 0 MiB
2026/08/03 11:35:50.989, 6, P0, 33, 242.26 W, 1965 MHz, 3996 MHz, 0 %, 0 MiB
2026/08/03 11:35:50.989, 7, P0, 37, 243.10 W, 1965 MHz, 3996 MHz, 0 %, 0 MiB
2026/08/03 11:35:51.989, 0, P0, 36, 251.31 W, 1965 MHz, 3996 MHz, 75 %, 161505 MiB
2026/08/03 11:35:51.989, 1, P0, 33, 246.78 W, 1965 MHz, 3996 MHz, 6 %, 161505 MiB
2026/08/03 11:35:51.989, 2, P0, 36, 235.98 W, 1965 MHz, 3996 MHz, 0 %, 0 MiB
2026/08/03 11:35:51.989, 3, P0, 32, 238.54 W, 1965 MHz, 3996 MHz, 0 %, 0 MiB
2026/08/03 11:35:51.989, 4, P0, 33, 235.54 W, 1965 MHz, 3996 MHz, 0 %, 0 MiB
2026/08/03 11:35:51.989, 5, P0, 36, 244.30 W, 1965 MHz, 3996 MHz, 0 %, 0 MiB
2026/08/03 11:35:51.989, 6, P0, 33, 242.24 W, 1965 MHz, 3996 MHz, 0 %, 0 MiB
2026/08/03 11:35:51.989, 7, P0, 37, 243.08 W, 1965 MHz, 3996 MHz, 0 %, 0 MiB
2026/08/03 11:35:52.990, 0, P0, 36, 251.19 W, 1965 MHz, 3996 MHz, 78 %, 161505 MiB
2026/08/03 11:35:52.990, 1, P0, 33, 248.08 W, 1965 MHz, 3996 MHz, 6 %, 161505 MiB
2026/08/03 11:35:52.990, 2, P0, 36, 235.99 W, 1965 MHz, 3996 MHz, 0 %, 0 MiB
2026/08/03 11:35:52.990, 3, P0, 32, 238.56 W, 1965 MHz, 3996 MHz, 0 %, 0 MiB
2026/08/03 11:35:52.990, 4, P0, 33, 235.45 W, 1965 MHz, 3996 MHz, 0 %, 0 MiB
2026/08/03 11:35:52.990, 5, P0, 36, 244.39 W, 1965 MHz, 3996 MHz, 0 %, 0 MiB
2026/08/03 11:35:52.990, 6, P0, 33, 242.28 W, 1965 MHz, 3996 MHz, 0 %, 0 MiB
2026/08/03 11:35:52.990, 7, P0, 37, 243.09 W, 1965 MHz, 3996 MHz, 0 %, 0 MiB
2026/08/03 11:35:53.990, 0, P0, 36, 251.27 W, 1965 MHz, 3996 MHz, 83 %, 161505 MiB
2026/08/03 11:35:53.990, 1, P0, 33, 246.91 W, 1965 MHz, 3996 MHz, 6 %, 161505 MiB
2026/08/03 11:35:53.990, 2, P0, 36, 236.01 W, 1965 MHz, 3996 MHz, 0 %, 0 MiB
2026/08/03 11:35:53.990, 3, P0, 32, 238.49 W, 1965 MHz, 3996 MHz, 0 %, 0 MiB
2026/08/03 11:35:53.990, 4, P0, 33, 235.45 W, 1965 MHz, 3996 MHz, 0 %, 0 MiB
2026/08/03 11:35:53.990, 5, P0, 36, 244.39 W, 1965 MHz, 3996 MHz, 0 %, 0 MiB
2026/08/03 11:35:53.990, 6, P0, 33, 242.32 W, 1965 MHz, 3996 MHz, 0 %, 0 MiB
2026/08/03 11:35:53.990, 7, P0, 37, 243.10 W, 1965 MHz, 3996 MHz, 0 %, 0 MiB
2026/08/03 11:35:54.990, 0, P0, 36, 251.10 W, 1965 MHz, 3996 MHz, 18 %, 161505 MiB
2026/08/03 11:35:54.990, 1, P0, 33, 247.38 W, 1965 MHz, 3996 MHz, 55 %, 161505 MiB
2026/08/03 11:35:54.990, 2, P0, 36, 235.98 W, 1965 MHz, 3996 MHz, 0 %, 0 MiB
2026/08/03 11:35:54.990, 3, P0, 32, 238.51 W, 1965 MHz, 3996 MHz, 0 %, 0 MiB
2026/08/03 11:35:54.990, 4, P0, 33, 235.43 W, 1965 MHz, 3996 MHz, 0 %, 0 MiB
2026/08/03 11:35:54.990, 5, P0, 36, 244.45 W, 1965 MHz, 3996 MHz, 0 %, 0 MiB
2026/08/03 11:35:54.990, 6, P0, 33, 242.25 W, 1965 MHz, 3996 MHz, 0 %, 0 MiB
2026/08/03 11:35:54.990, 7, P0, 37, 243.04 W, 1965 MHz, 3996 MHz, 0 %, 0 MiB
2026/08/03 11:35:55.990, 0, P0, 36, 251.94 W, 1965 MHz, 3996 MHz, 81 %, 161505 MiB
2026/08/03 11:35:55.990, 1, P0, 33, 246.81 W, 1965 MHz, 3996 MHz, 6 %, 161505 MiB
2026/08/03 11:35:55.990, 2, P0, 36, 236.03 W, 1965 MHz, 3996 MHz, 0 %, 0 MiB
2026/08/03 11:35:55.990, 3, P0, 32, 238.49 W, 1965 MHz, 3996 MHz, 0 %, 0 MiB
2026/08/03 11:35:55.990, 4, P0, 33, 235.46 W, 1965 MHz, 3996 MHz, 0 %, 0 MiB
2026/08/03 11:35:55.990, 5, P0, 36, 244.35 W, 1965 MHz, 3996 MHz, 0 %, 0 MiB
2026/08/03 11:35:55.990, 6, P0, 33, 242.20 W, 1965 MHz, 3996 MHz, 0 %, 0 MiB
2026/08/03 11:35:55.991, 7, P0, 37, 243.05 W, 1965 MHz, 3996 MHz, 0 %, 0 MiB
2026/08/03 11:35:56.991, 0, P0, 36, 285.96 W, 1965 MHz, 3996 MHz, 55 %, 161505 MiB
2026/08/03 11:35:56.991, 1, P0, 33, 258.65 W, 1965 MHz, 3996 MHz, 6 %, 161505 MiB
2026/08/03 11:35:56.991, 2, P0, 36, 236.04 W, 1965 MHz, 3996 MHz, 0 %, 0 MiB
2026/08/03 11:35:56.991, 3, P0, 32, 238.46 W, 1965 MHz, 3996 MHz, 0 %, 0 MiB
2026/08/03 11:35:56.991, 4, P0, 33, 235.45 W, 1965 MHz, 3996 MHz, 0 %, 0 MiB
2026/08/03 11:35:56.991, 5, P0, 36, 244.29 W, 1965 MHz, 3996 MHz, 0 %, 0 MiB
2026/08/03 11:35:56.991, 6, P0, 33, 242.25 W, 1965 MHz, 3996 MHz, 0 %, 0 MiB
2026/08/03 11:35:56.991, 7, P0, 37, 243.06 W, 1965 MHz, 3996 MHz, 0 %, 0 MiB
2026/08/03 11:35:57.991, 0, P0, 36, 252.86 W, 1965 MHz, 3996 MHz, 89 %, 161505 MiB
2026/08/03 11:35:57.991, 1, P0, 33, 247.84 W, 1965 MHz, 3996 MHz, 6 %, 161505 MiB
2026/08/03 11:35:57.991, 2, P0, 36, 235.93 W, 1965 MHz, 3996 MHz, 0 %, 0 MiB
2026/08/03 11:35:57.991, 3, P0, 32, 238.46 W, 1965 MHz, 3996 MHz, 0 %, 0 MiB
2026/08/03 11:35:57.991, 4, P0, 33, 235.44 W, 1965 MHz, 3996 MHz, 0 %, 0 MiB
2026/08/03 11:35:57.991, 5, P0, 36, 244.32 W, 1965 MHz, 3996 MHz, 0 %, 0 MiB
2026/08/03 11:35:57.991, 6, P0, 33, 242.21 W, 1965 MHz, 3996 MHz, 0 %, 0 MiB
2026/08/03 11:35:57.991, 7, P0, 37, 243.06 W, 1965 MHz, 3996 MHz, 0 %, 0 MiB
2026/08/03 11:35:58.991, 0, P0, 36, 288.34 W, 1965 MHz, 3996 MHz, 84 %, 161505 MiB
2026/08/03 11:35:58.991, 1, P0, 33, 257.11 W, 1965 MHz, 3996 MHz, 6 %, 161505 MiB
2026/08/03 11:35:58.991, 2, P0, 36, 236.02 W, 1965 MHz, 3996 MHz, 0 %, 0 MiB
2026/08/03 11:35:58.991, 3, P0, 32, 238.42 W, 1965 MHz, 3996 MHz, 0 %, 0 MiB
2026/08/03 11:35:58.991, 4, P0, 33, 235.49 W, 1965 MHz, 3996 MHz, 0 %, 0 MiB
2026/08/03 11:35:58.991, 5, P0, 36, 244.32 W, 1965 MHz, 3996 MHz, 0 %, 0 MiB
2026/08/03 11:35:58.991, 6, P0, 33, 242.17 W, 1965 MHz, 3996 MHz, 0 %, 0 MiB
2026/08/03 11:35:58.991, 7, P0, 37, 243.06 W, 1965 MHz, 3996 MHz, 0 %, 0 MiB
2026/08/03 11:35:59.991, 0, P0, 36, 251.35 W, 1965 MHz, 3996 MHz, 75 %, 161505 MiB
2026/08/03 11:35:59.991, 1, P0, 33, 247.02 W, 1965 MHz, 3996 MHz, 6 %, 161505 MiB
2026/08/03 11:35:59.991, 2, P0, 36, 235.98 W, 1965 MHz, 3996 MHz, 0 %, 0 MiB
2026/08/03 11:35:59.991, 3, P0, 32, 238.46 W, 1965 MHz, 3996 MHz, 0 %, 0 MiB
2026/08/03 11:35:59.992, 4, P0, 33, 235.40 W, 1965 MHz, 3996 MHz, 0 %, 0 MiB
2026/08/03 11:35:59.992, 5, P0, 36, 244.37 W, 1965 MHz, 3996 MHz, 0 %, 0 MiB
2026/08/03 11:35:59.992, 6, P0, 33, 242.28 W, 1965 MHz, 3996 MHz, 0 %, 0 MiB
2026/08/03 11:35:59.992, 7, P0, 37, 243.11 W, 1965 MHz, 3996 MHz, 0 %, 0 MiB
2026/08/03 11:36:00.992, 0, P0, 36, 271.71 W, 1965 MHz, 3996 MHz, 100 %, 161505 MiB
2026/08/03 11:36:00.992, 1, P0, 33, 267.91 W, 1965 MHz, 3996 MHz, 0 %, 161505 MiB
2026/08/03 11:36:00.992, 2, P0, 36, 235.92 W, 1965 MHz, 3996 MHz, 0 %, 0 MiB
2026/08/03 11:36:00.992, 3, P0, 32, 238.38 W, 1965 MHz, 3996 MHz, 0 %, 0 MiB
2026/08/03 11:36:00.992, 4, P0, 33, 235.49 W, 1965 MHz, 3996 MHz, 0 %, 0 MiB
2026/08/03 11:36:00.992, 5, P0, 36, 244.38 W, 1965 MHz, 3996 MHz, 0 %, 0 MiB
2026/08/03 11:36:00.992, 6, P0, 33, 242.22 W, 1965 MHz, 3996 MHz, 0 %, 0 MiB
2026/08/03 11:36:00.992, 7, P0, 37, 243.06 W, 1965 MHz, 3996 MHz, 0 %, 0 MiB
2026/08/03 11:36:01.992, 0, P0, 36, 246.46 W, 1965 MHz, 3996 MHz, 0 %, 161505 MiB
2026/08/03 11:36:01.992, 1, P0, 33, 244.07 W, 1965 MHz, 3996 MHz, 100 %, 161505 MiB
2026/08/03 11:36:01.992, 2, P0, 36, 235.91 W, 1965 MHz, 3996 MHz, 0 %, 0 MiB
2026/08/03 11:36:01.992, 3, P0, 32, 238.52 W, 1965 MHz, 3996 MHz, 0 %, 0 MiB
2026/08/03 11:36:01.992, 4, P0, 33, 235.40 W, 1965 MHz, 3996 MHz, 0 %, 0 MiB
2026/08/03 11:36:01.992, 5, P0, 36, 244.40 W, 1965 MHz, 3996 MHz, 0 %, 0 MiB
2026/08/03 11:36:01.992, 6, P0, 33, 242.25 W, 1965 MHz, 3996 MHz, 0 %, 0 MiB
2026/08/03 11:36:01.992, 7, P0, 37, 243.12 W, 1965 MHz, 3996 MHz, 0 %, 0 MiB
2026/08/03 11:36:02.992, 0, P0, 36, 250.17 W, 1965 MHz, 3996 MHz, 82 %, 161505 MiB
2026/08/03 11:36:02.992, 1, P0, 33, 246.60 W, 1965 MHz, 3996 MHz, 6 %, 161505 MiB
2026/08/03 11:36:02.992, 2, P0, 36, 235.98 W, 1965 MHz, 3996 MHz, 0 %, 0 MiB
2026/08/03 11:36:02.992, 3, P0, 32, 238.53 W, 1965 MHz, 3996 MHz, 0 %, 0 MiB
2026/08/03 11:36:02.992, 4, P0, 33, 235.46 W, 1965 MHz, 3996 MHz, 0 %, 0 MiB
2026/08/03 11:36:02.992, 5, P0, 36, 244.38 W, 1965 MHz, 3996 MHz, 0 %, 0 MiB
2026/08/03 11:36:02.992, 6, P0, 33, 242.25 W, 1965 MHz, 3996 MHz, 0 %, 0 MiB
2026/08/03 11:36:02.992, 7, P0, 37, 243.13 W, 1965 MHz, 3996 MHz, 0 %, 0 MiB
2026/08/03 11:36:03.993, 0, P0, 36, 290.59 W, 1965 MHz, 3996 MHz, 85 %, 161505 MiB
2026/08/03 11:36:03.993, 1, P0, 33, 261.12 W, 1965 MHz, 3996 MHz, 6 %, 161505 MiB
2026/08/03 11:36:03.993, 2, P0, 36, 235.94 W, 1965 MHz, 3996 MHz, 0 %, 0 MiB
2026/08/03 11:36:03.993, 3, P0, 32, 238.47 W, 1965 MHz, 3996 MHz, 0 %, 0 MiB
2026/08/03 11:36:03.993, 4, P0, 33, 235.46 W, 1965 MHz, 3996 MHz, 0 %, 0 MiB
2026/08/03 11:36:03.993, 5, P0, 36, 244.23 W, 1965 MHz, 3996 MHz, 0 %, 0 MiB
2026/08/03 11:36:03.993, 6, P0, 33, 242.17 W, 1965 MHz, 3996 MHz, 0 %, 0 MiB
2026/08/03 11:36:03.993, 7, P0, 37, 243.02 W, 1965 MHz, 3996 MHz, 0 %, 0 MiB
2026/08/03 11:36:04.993, 0, P0, 36, 251.56 W, 1965 MHz, 3996 MHz, 73 %, 161505 MiB
2026/08/03 11:36:04.993, 1, P0, 33, 248.48 W, 1965 MHz, 3996 MHz, 6 %, 161505 MiB
2026/08/03 11:36:04.993, 2, P0, 36, 235.84 W, 1965 MHz, 3996 MHz, 0 %, 0 MiB
2026/08/03 11:36:04.993, 3, P0, 32, 238.53 W, 1965 MHz, 3996 MHz, 0 %, 0 MiB
2026/08/03 11:36:04.993, 4, P0, 33, 235.48 W, 1965 MHz, 3996 MHz, 0 %, 0 MiB
2026/08/03 11:36:04.993, 5, P0, 36, 244.26 W, 1965 MHz, 3996 MHz, 0 %, 0 MiB
2026/08/03 11:36:04.993, 6, P0, 33, 242.23 W, 1965 MHz, 3996 MHz, 0 %, 0 MiB
2026/08/03 11:36:04.993, 7, P0, 37, 243.04 W, 1965 MHz, 3996 MHz, 0 %, 0 MiB
2026/08/03 11:36:05.993, 0, P0, 36, 251.56 W, 1965 MHz, 3996 MHz, 72 %, 161505 MiB
2026/08/03 11:36:05.993, 1, P0, 33, 246.82 W, 1965 MHz, 3996 MHz, 6 %, 161505 MiB
2026/08/03 11:36:05.993, 2, P0, 36, 235.98 W, 1965 MHz, 3996 MHz, 0 %, 0 MiB
2026/08/03 11:36:05.993, 3, P0, 32, 238.54 W, 1965 MHz, 3996 MHz, 0 %, 0 MiB
2026/08/03 11:36:05.993, 4, P0, 33, 235.50 W, 1965 MHz, 3996 MHz, 0 %, 0 MiB
2026/08/03 11:36:05.993, 5, P0, 36, 244.32 W, 1965 MHz, 3996 MHz, 0 %, 0 MiB
2026/08/03 11:36:05.993, 6, P0, 33, 242.22 W, 1965 MHz, 3996 MHz, 0 %, 0 MiB
2026/08/03 11:36:05.993, 7, P0, 37, 243.08 W, 1965 MHz, 3996 MHz, 0 %, 0 MiB
2026/08/03 11:36:06.993, 0, P0, 36, 251.76 W, 1965 MHz, 3996 MHz, 73 %, 161505 MiB
2026/08/03 11:36:06.993, 1, P0, 33, 246.88 W, 1965 MHz, 3996 MHz, 6 %, 161505 MiB
2026/08/03 11:36:06.993, 2, P0, 36, 235.90 W, 1965 MHz, 3996 MHz, 0 %, 0 MiB
2026/08/03 11:36:06.993, 3, P0, 32, 238.52 W, 1965 MHz, 3996 MHz, 0 %, 0 MiB
2026/08/03 11:36:06.993, 4, P0, 33, 235.40 W, 1965 MHz, 3996 MHz, 0 %, 0 MiB
2026/08/03 11:36:06.994, 5, P0, 36, 244.31 W, 1965 MHz, 3996 MHz, 0 %, 0 MiB
2026/08/03 11:36:06.994, 6, P0, 33, 242.28 W, 1965 MHz, 3996 MHz, 0 %, 0 MiB
2026/08/03 11:36:06.994, 7, P0, 37, 243.10 W, 1965 MHz, 3996 MHz, 0 %, 0 MiB
2026/08/03 11:36:07.994, 0, P0, 36, 251.26 W, 1965 MHz, 3996 MHz, 75 %, 161505 MiB
2026/08/03 11:36:07.994, 1, P0, 33, 247.03 W, 1965 MHz, 3996 MHz, 6 %, 161505 MiB
2026/08/03 11:36:07.994, 2, P0, 36, 235.89 W, 1965 MHz, 3996 MHz, 0 %, 0 MiB
2026/08/03 11:36:07.994, 3, P0, 32, 238.46 W, 1965 MHz, 3996 MHz, 0 %, 0 MiB
2026/08/03 11:36:07.994, 4, P0, 33, 235.45 W, 1965 MHz, 3996 MHz, 0 %, 0 MiB
2026/08/03 11:36:07.994, 5, P0, 36, 244.39 W, 1965 MHz, 3996 MHz, 0 %, 0 MiB
2026/08/03 11:36:07.994, 6, P0, 33, 242.21 W, 1965 MHz, 3996 MHz, 0 %, 0 MiB
2026/08/03 11:36:07.994, 7, P0, 37, 243.06 W, 1965 MHz, 3996 MHz, 0 %, 0 MiB
2026/08/03 11:36:08.994, 0, P0, 36, 251.56 W, 1965 MHz, 3996 MHz, 81 %, 161505 MiB
2026/08/03 11:36:08.994, 1, P0, 33, 246.73 W, 1965 MHz, 3996 MHz, 6 %, 161505 MiB
2026/08/03 11:36:08.994, 2, P0, 36, 235.97 W, 1965 MHz, 3996 MHz, 0 %, 0 MiB
2026/08/03 11:36:08.994, 3, P0, 32, 238.50 W, 1965 MHz, 3996 MHz, 0 %, 0 MiB
2026/08/03 11:36:08.994, 4, P0, 33, 235.45 W, 1965 MHz, 3996 MHz, 0 %, 0 MiB
2026/08/03 11:36:08.994, 5, P0, 36, 244.31 W, 1965 MHz, 3996 MHz, 0 %, 0 MiB
2026/08/03 11:36:08.994, 6, P0, 33, 242.30 W, 1965 MHz, 3996 MHz, 0 %, 0 MiB
2026/08/03 11:36:08.994, 7, P0, 37, 243.12 W, 1965 MHz, 3996 MHz, 0 %, 0 MiB
2026/08/03 11:36:09.994, 0, P0, 36, 250.85 W, 1965 MHz, 3996 MHz, 84 %, 161505 MiB
2026/08/03 11:36:09.995, 1, P0, 33, 247.78 W, 1965 MHz, 3996 MHz, 6 %, 161505 MiB
2026/08/03 11:36:09.995, 2, P0, 36, 235.99 W, 1965 MHz, 3996 MHz, 0 %, 0 MiB
2026/08/03 11:36:09.995, 3, P0, 32, 238.49 W, 1965 MHz, 3996 MHz, 0 %, 0 MiB
2026/08/03 11:36:09.995, 4, P0, 33, 235.48 W, 1965 MHz, 3996 MHz, 0 %, 0 MiB
2026/08/03 11:36:09.995, 5, P0, 36, 244.34 W, 1965 MHz, 3996 MHz, 0 %, 0 MiB
2026/08/03 11:36:09.995, 6, P0, 33, 242.30 W, 1965 MHz, 3996 MHz, 0 %, 0 MiB
2026/08/03 11:36:09.995, 7, P0, 37, 243.20 W, 1965 MHz, 3996 MHz, 0 %, 0 MiB
2026/08/03 11:36:10.995, 0, P0, 36, 250.66 W, 1965 MHz, 3996 MHz, 84 %, 161505 MiB
2026/08/03 11:36:10.995, 1, P0, 33, 246.84 W, 1965 MHz, 3996 MHz, 6 %, 161505 MiB
2026/08/03 11:36:10.995, 2, P0, 36, 235.98 W, 1965 MHz, 3996 MHz, 0 %, 0 MiB
2026/08/03 11:36:10.995, 3, P0, 32, 238.54 W, 1965 MHz, 3996 MHz, 0 %, 0 MiB
2026/08/03 11:36:10.995, 4, P0, 33, 235.45 W, 1965 MHz, 3996 MHz, 0 %, 0 MiB
2026/08/03 11:36:10.995, 5, P0, 36, 244.43 W, 1965 MHz, 3996 MHz, 0 %, 0 MiB
2026/08/03 11:36:10.995, 6, P0, 33, 242.20 W, 1965 MHz, 3996 MHz, 0 %, 0 MiB
2026/08/03 11:36:10.995, 7, P0, 37, 243.00 W, 1965 MHz, 3996 MHz, 0 %, 0 MiB
2026/08/03 11:36:11.995, 0, P0, 40, 280.29 W, 1965 MHz, 3996 MHz, 87 %, 161505 MiB
2026/08/03 11:36:11.995, 1, P0, 34, 260.83 W, 1965 MHz, 3996 MHz, 6 %, 161505 MiB
2026/08/03 11:36:11.995, 2, P0, 36, 235.89 W, 1965 MHz, 3996 MHz, 0 %, 0 MiB
2026/08/03 11:36:11.995, 3, P0, 32, 238.50 W, 1965 MHz, 3996 MHz, 0 %, 0 MiB
2026/08/03 11:36:11.995, 4, P0, 33, 235.46 W, 1965 MHz, 3996 MHz, 0 %, 0 MiB
2026/08/03 11:36:11.995, 5, P0, 36, 244.37 W, 1965 MHz, 3996 MHz, 0 %, 0 MiB
2026/08/03 11:36:11.995, 6, P0, 33, 242.17 W, 1965 MHz, 3996 MHz, 0 %, 0 MiB
2026/08/03 11:36:11.995, 7, P0, 37, 243.12 W, 1965 MHz, 3996 MHz, 0 %, 0 MiB
2026/08/03 11:36:12.995, 0, P0, 36, 254.18 W, 1965 MHz, 3996 MHz, 78 %, 161505 MiB
2026/08/03 11:36:12.995, 1, P0, 33, 247.77 W, 1965 MHz, 3996 MHz, 6 %, 161505 MiB
2026/08/03 11:36:12.995, 2, P0, 36, 235.96 W, 1965 MHz, 3996 MHz, 0 %, 0 MiB
2026/08/03 11:36:12.995, 3, P0, 32, 238.46 W, 1965 MHz, 3996 MHz, 0 %, 0 MiB
2026/08/03 11:36:12.995, 4, P0, 33, 235.46 W, 1965 MHz, 3996 MHz, 0 %, 0 MiB
2026/08/03 11:36:12.995, 5, P0, 36, 244.34 W, 1965 MHz, 3996 MHz, 0 %, 0 MiB
2026/08/03 11:36:12.996, 6, P0, 33, 242.18 W, 1965 MHz, 3996 MHz, 0 %, 0 MiB
2026/08/03 11:36:12.996, 7, P0, 37, 243.10 W, 1965 MHz, 3996 MHz, 0 %, 0 MiB
2026/08/03 11:36:13.996, 0, P0, 36, 267.73 W, 1965 MHz, 3996 MHz, 88 %, 161505 MiB
2026/08/03 11:36:13.996, 1, P0, 34, 255.91 W, 1965 MHz, 3996 MHz, 6 %, 161505 MiB
2026/08/03 11:36:13.996, 2, P0, 36, 235.84 W, 1965 MHz, 3996 MHz, 0 %, 0 MiB
2026/08/03 11:36:13.996, 3, P0, 32, 238.50 W, 1965 MHz, 3996 MHz, 0 %, 0 MiB
2026/08/03 11:36:13.996, 4, P0, 33, 235.44 W, 1965 MHz, 3996 MHz, 0 %, 0 MiB
2026/08/03 11:36:13.996, 5, P0, 36, 244.49 W, 1965 MHz, 3996 MHz, 0 %, 0 MiB
2026/08/03 11:36:13.996, 6, P0, 33, 242.27 W, 1965 MHz, 3996 MHz, 0 %, 0 MiB
2026/08/03 11:36:13.996, 7, P0, 37, 243.04 W, 1965 MHz, 3996 MHz, 0 %, 0 MiB
2026/08/03 11:36:14.996, 0, P0, 36, 286.22 W, 1965 MHz, 3996 MHz, 78 %, 161505 MiB
2026/08/03 11:36:14.996, 1, P0, 33, 254.23 W, 1965 MHz, 3996 MHz, 6 %, 161505 MiB
2026/08/03 11:36:14.996, 2, P0, 36, 235.93 W, 1965 MHz, 3996 MHz, 0 %, 0 MiB
2026/08/03 11:36:14.996, 3, P0, 32, 238.47 W, 1965 MHz, 3996 MHz, 0 %, 0 MiB
2026/08/03 11:36:14.996, 4, P0, 33, 235.43 W, 1965 MHz, 3996 MHz, 0 %, 0 MiB
2026/08/03 11:36:14.996, 5, P0, 36, 244.38 W, 1965 MHz, 3996 MHz, 0 %, 0 MiB
2026/08/03 11:36:14.996, 6, P0, 33, 242.18 W, 1965 MHz, 3996 MHz, 0 %, 0 MiB
2026/08/03 11:36:14.996, 7, P0, 37, 243.00 W, 1965 MHz, 3996 MHz, 0 %, 0 MiB
2026/08/03 11:36:15.996, 0, P0, 36, 251.62 W, 1965 MHz, 3996 MHz, 80 %, 161505 MiB
2026/08/03 11:36:15.996, 1, P0, 33, 246.96 W, 1965 MHz, 3996 MHz, 6 %, 161505 MiB
2026/08/03 11:36:15.996, 2, P0, 36, 236.02 W, 1965 MHz, 3996 MHz, 0 %, 0 MiB
2026/08/03 11:36:15.996, 3, P0, 32, 238.46 W, 1965 MHz, 3996 MHz, 0 %, 0 MiB
2026/08/03 11:36:15.996, 4, P0, 33, 235.46 W, 1965 MHz, 3996 MHz, 0 %, 0 MiB
2026/08/03 11:36:15.996, 5, P0, 36, 244.37 W, 1965 MHz, 3996 MHz, 0 %, 0 MiB
2026/08/03 11:36:15.996, 6, P0, 33, 242.25 W, 1965 MHz, 3996 MHz, 0 %, 0 MiB
2026/08/03 11:36:15.996, 7, P0, 37, 243.05 W, 1965 MHz, 3996 MHz, 0 %, 0 MiB
2026/08/03 11:36:16.996, 0, P0, 36, 251.65 W, 1965 MHz, 3996 MHz, 78 %, 161505 MiB
2026/08/03 11:36:16.997, 1, P0, 33, 247.13 W, 1965 MHz, 3996 MHz, 6 %, 161505 MiB
2026/08/03 11:36:16.997, 2, P0, 36, 235.97 W, 1965 MHz, 3996 MHz, 0 %, 0 MiB
2026/08/03 11:36:16.997, 3, P0, 32, 238.43 W, 1965 MHz, 3996 MHz, 0 %, 0 MiB
2026/08/03 11:36:16.997, 4, P0, 33, 235.40 W, 1965 MHz, 3996 MHz, 0 %, 0 MiB
2026/08/03 11:36:16.997, 5, P0, 36, 244.34 W, 1965 MHz, 3996 MHz, 0 %, 0 MiB
2026/08/03 11:36:16.997, 6, P0, 33, 242.27 W, 1965 MHz, 3996 MHz, 0 %, 0 MiB
2026/08/03 11:36:16.997, 7, P0, 37, 243.14 W, 1965 MHz, 3996 MHz, 0 %, 0 MiB
2026/08/03 11:36:17.997, 0, P0, 36, 252.61 W, 1965 MHz, 3996 MHz, 84 %, 161505 MiB
2026/08/03 11:36:17.997, 1, P0, 33, 247.44 W, 1965 MHz, 3996 MHz, 6 %, 161505 MiB
2026/08/03 11:36:17.997, 2, P0, 36, 235.97 W, 1965 MHz, 3996 MHz, 0 %, 0 MiB
2026/08/03 11:36:17.997, 3, P0, 32, 238.46 W, 1965 MHz, 3996 MHz, 0 %, 0 MiB
2026/08/03 11:36:17.997, 4, P0, 33, 235.44 W, 1965 MHz, 3996 MHz, 0 %, 0 MiB
2026/08/03 11:36:17.997, 5, P0, 36, 244.28 W, 1965 MHz, 3996 MHz, 0 %, 0 MiB
2026/08/03 11:36:17.997, 6, P0, 33, 242.09 W, 1965 MHz, 3996 MHz, 0 %, 0 MiB
2026/08/03 11:36:17.997, 7, P0, 37, 243.06 W, 1965 MHz, 3996 MHz, 0 %, 0 MiB
2026/08/03 11:36:18.997, 0, P0, 36, 251.90 W, 1965 MHz, 3996 MHz, 92 %, 161505 MiB
2026/08/03 11:36:18.997, 1, P0, 33, 247.26 W, 1965 MHz, 3996 MHz, 6 %, 161505 MiB
2026/08/03 11:36:18.997, 2, P0, 36, 235.90 W, 1965 MHz, 3996 MHz, 0 %, 0 MiB
2026/08/03 11:36:18.997, 3, P0, 32, 238.51 W, 1965 MHz, 3996 MHz, 0 %, 0 MiB
2026/08/03 11:36:18.997, 4, P0, 33, 235.44 W, 1965 MHz, 3996 MHz, 0 %, 0 MiB
2026/08/03 11:36:18.997, 5, P0, 36, 244.41 W, 1965 MHz, 3996 MHz, 0 %, 0 MiB
2026/08/03 11:36:18.997, 6, P0, 33, 242.26 W, 1965 MHz, 3996 MHz, 0 %, 0 MiB
2026/08/03 11:36:18.997, 7, P0, 37, 243.16 W, 1965 MHz, 3996 MHz, 0 %, 0 MiB
2026/08/03 11:36:19.997, 0, P0, 36, 251.83 W, 1965 MHz, 3996 MHz, 86 %, 161505 MiB
2026/08/03 11:36:19.997, 1, P0, 33, 246.64 W, 1965 MHz, 3996 MHz, 6 %, 161505 MiB
2026/08/03 11:36:19.997, 2, P0, 36, 235.98 W, 1965 MHz, 3996 MHz, 0 %, 0 MiB
2026/08/03 11:36:19.998, 3, P0, 32, 238.52 W, 1965 MHz, 3996 MHz, 0 %, 0 MiB
2026/08/03 11:36:19.998, 4, P0, 33, 235.47 W, 1965 MHz, 3996 MHz, 0 %, 0 MiB
2026/08/03 11:36:19.998, 5, P0, 36, 244.39 W, 1965 MHz, 3996 MHz, 0 %, 0 MiB
2026/08/03 11:36:19.998, 6, P0, 33, 242.31 W, 1965 MHz, 3996 MHz, 0 %, 0 MiB
2026/08/03 11:36:19.998, 7, P0, 37, 243.17 W, 1965 MHz, 3996 MHz, 0 %, 0 MiB
2026/08/03 11:36:20.998, 0, P0, 36, 251.50 W, 1965 MHz, 3996 MHz, 87 %, 161505 MiB
2026/08/03 11:36:20.998, 1, P0, 33, 247.12 W, 1965 MHz, 3996 MHz, 6 %, 161505 MiB
2026/08/03 11:36:20.998, 2, P0, 36, 235.97 W, 1965 MHz, 3996 MHz, 0 %, 0 MiB
2026/08/03 11:36:20.998, 3, P0, 32, 238.52 W, 1965 MHz, 3996 MHz, 0 %, 0 MiB
2026/08/03 11:36:20.998, 4, P0, 33, 235.48 W, 1965 MHz, 3996 MHz, 0 %, 0 MiB
2026/08/03 11:36:20.998, 5, P0, 36, 244.33 W, 1965 MHz, 3996 MHz, 0 %, 0 MiB
2026/08/03 11:36:20.998, 6, P0, 33, 242.24 W, 1965 MHz, 3996 MHz, 0 %, 0 MiB
2026/08/03 11:36:20.998, 7, P0, 37, 243.10 W, 1965 MHz, 3996 MHz, 0 %, 0 MiB
2026/08/03 11:36:21.998, 0, P0, 36, 251.52 W, 1965 MHz, 3996 MHz, 86 %, 161505 MiB
2026/08/03 11:36:21.998, 1, P0, 33, 247.43 W, 1965 MHz, 3996 MHz, 6 %, 161505 MiB
2026/08/03 11:36:21.998, 2, P0, 36, 235.94 W, 1965 MHz, 3996 MHz, 0 %, 0 MiB
2026/08/03 11:36:21.998, 3, P0, 32, 238.49 W, 1965 MHz, 3996 MHz, 0 %, 0 MiB
2026/08/03 11:36:21.998, 4, P0, 33, 235.38 W, 1965 MHz, 3996 MHz, 0 %, 0 MiB
2026/08/03 11:36:21.998, 5, P0, 36, 244.34 W, 1965 MHz, 3996 MHz, 0 %, 0 MiB
2026/08/03 11:36:21.998, 6, P0, 33, 242.27 W, 1965 MHz, 3996 MHz, 0 %, 0 MiB
2026/08/03 11:36:21.998, 7, P0, 37, 242.98 W, 1965 MHz, 3996 MHz, 0 %, 0 MiB
2026/08/03 11:36:22.998, 0, P0, 36, 251.34 W, 1965 MHz, 3996 MHz, 77 %, 161505 MiB
2026/08/03 11:36:22.998, 1, P0, 33, 246.84 W, 1965 MHz, 3996 MHz, 6 %, 161505 MiB
2026/08/03 11:36:22.998, 2, P0, 36, 235.91 W, 1965 MHz, 3996 MHz, 0 %, 0 MiB
2026/08/03 11:36:22.998, 3, P0, 32, 238.53 W, 1965 MHz, 3996 MHz, 0 %, 0 MiB
2026/08/03 11:36:22.998, 4, P0, 33, 235.48 W, 1965 MHz, 3996 MHz, 0 %, 0 MiB
2026/08/03 11:36:22.998, 5, P0, 36, 244.39 W, 1965 MHz, 3996 MHz, 0 %, 0 MiB
2026/08/03 11:36:22.998, 6, P0, 33, 242.22 W, 1965 MHz, 3996 MHz, 0 %, 0 MiB
2026/08/03 11:36:22.998, 7, P0, 37, 242.99 W, 1965 MHz, 3996 MHz, 0 %, 0 MiB
2026/08/03 11:36:23.999, 0, P0, 36, 251.36 W, 1965 MHz, 3996 MHz, 81 %, 161505 MiB
2026/08/03 11:36:23.999, 1, P0, 33, 247.83 W, 1965 MHz, 3996 MHz, 6 %, 161505 MiB
2026/08/03 11:36:23.999, 2, P0, 36, 235.94 W, 1965 MHz, 3996 MHz, 0 %, 0 MiB
2026/08/03 11:36:23.999, 3, P0, 32, 238.53 W, 1965 MHz, 3996 MHz, 0 %, 0 MiB
2026/08/03 11:36:23.999, 4, P0, 33, 235.40 W, 1965 MHz, 3996 MHz, 0 %, 0 MiB
2026/08/03 11:36:23.999, 5, P0, 36, 244.37 W, 1965 MHz, 3996 MHz, 0 %, 0 MiB
2026/08/03 11:36:23.999, 6, P0, 33, 242.24 W, 1965 MHz, 3996 MHz, 0 %, 0 MiB
2026/08/03 11:36:23.999, 7, P0, 37, 243.10 W, 1965 MHz, 3996 MHz, 0 %, 0 MiB
2026/08/03 11:36:24.999, 0, P0, 36, 251.92 W, 1965 MHz, 3996 MHz, 79 %, 161505 MiB
2026/08/03 11:36:24.999, 1, P0, 33, 247.25 W, 1965 MHz, 3996 MHz, 6 %, 161505 MiB
2026/08/03 11:36:24.999, 2, P0, 36, 235.93 W, 1965 MHz, 3996 MHz, 0 %, 0 MiB
2026/08/03 11:36:24.999, 3, P0, 32, 238.47 W, 1965 MHz, 3996 MHz, 0 %, 0 MiB
2026/08/03 11:36:24.999, 4, P0, 33, 235.48 W, 1965 MHz, 3996 MHz, 0 %, 0 MiB
2026/08/03 11:36:24.999, 5, P0, 36, 244.32 W, 1965 MHz, 3996 MHz, 0 %, 0 MiB
2026/08/03 11:36:24.999, 6, P0, 33, 242.21 W, 1965 MHz, 3996 MHz, 0 %, 0 MiB
2026/08/03 11:36:24.999, 7, P0, 37, 243.08 W, 1965 MHz, 3996 MHz, 0 %, 0 MiB
2026/08/03 11:36:25.999, 0, P0, 36, 250.93 W, 1965 MHz, 3996 MHz, 89 %, 161505 MiB
2026/08/03 11:36:25.999, 1, P0, 33, 247.61 W, 1965 MHz, 3996 MHz, 6 %, 161505 MiB
2026/08/03 11:36:25.999, 2, P0, 36, 235.93 W, 1965 MHz, 3996 MHz, 0 %, 0 MiB
2026/08/03 11:36:25.999, 3, P0, 32, 238.53 W, 1965 MHz, 3996 MHz, 0 %, 0 MiB
2026/08/03 11:36:25.999, 4, P0, 33, 235.41 W, 1965 MHz, 3996 MHz, 0 %, 0 MiB
2026/08/03 11:36:25.999, 5, P0, 36, 244.33 W, 1965 MHz, 3996 MHz, 0 %, 0 MiB
2026/08/03 11:36:25.999, 6, P0, 33, 242.30 W, 1965 MHz, 3996 MHz, 0 %, 0 MiB
2026/08/03 11:36:25.999, 7, P0, 37, 243.08 W, 1965 MHz, 3996 MHz, 0 %, 0 MiB
2026/08/03 11:36:26.999, 0, P0, 36, 251.85 W, 1965 MHz, 3996 MHz, 84 %, 161505 MiB
2026/08/03 11:36:26.999, 1, P0, 33, 246.74 W, 1965 MHz, 3996 MHz, 6 %, 161505 MiB
2026/08/03 11:36:26.999, 2, P0, 36, 235.88 W, 1965 MHz, 3996 MHz, 0 %, 0 MiB
2026/08/03 11:36:26.999, 3, P0, 32, 238.49 W, 1965 MHz, 3996 MHz, 0 %, 0 MiB
2026/08/03 11:36:26.999, 4, P0, 33, 235.44 W, 1965 MHz, 3996 MHz, 0 %, 0 MiB
2026/08/03 11:36:27.000, 5, P0, 36, 244.40 W, 1965 MHz, 3996 MHz, 0 %, 0 MiB
2026/08/03 11:36:27.000, 6, P0, 33, 242.24 W, 1965 MHz, 3996 MHz, 0 %, 0 MiB
2026/08/03 11:36:27.000, 7, P0, 37, 243.04 W, 1965 MHz, 3996 MHz, 0 %, 0 MiB
2026/08/03 11:36:28.000, 0, P0, 36, 251.71 W, 1965 MHz, 3996 MHz, 81 %, 161505 MiB
2026/08/03 11:36:28.000, 1, P0, 33, 246.43 W, 1965 MHz, 3996 MHz, 6 %, 161505 MiB
2026/08/03 11:36:28.000, 2, P0, 36, 235.87 W, 1965 MHz, 3996 MHz, 0 %, 0 MiB
2026/08/03 11:36:28.000, 3, P0, 32, 238.52 W, 1965 MHz, 3996 MHz, 0 %, 0 MiB
2026/08/03 11:36:28.000, 4, P0, 33, 235.45 W, 1965 MHz, 3996 MHz, 0 %, 0 MiB
2026/08/03 11:36:28.000, 5, P0, 36, 244.45 W, 1965 MHz, 3996 MHz, 0 %, 0 MiB
2026/08/03 11:36:28.000, 6, P0, 33, 242.25 W, 1965 MHz, 3996 MHz, 0 %, 0 MiB
2026/08/03 11:36:28.000, 7, P0, 37, 242.99 W, 1965 MHz, 3996 MHz, 0 %, 0 MiB
2026/08/03 11:36:29.000, 0, P0, 36, 251.00 W, 1965 MHz, 3996 MHz, 84 %, 161505 MiB
2026/08/03 11:36:29.000, 1, P0, 33, 246.82 W, 1965 MHz, 3996 MHz, 6 %, 161505 MiB
2026/08/03 11:36:29.000, 2, P0, 36, 235.93 W, 1965 MHz, 3996 MHz, 0 %, 0 MiB
2026/08/03 11:36:29.000, 3, P0, 32, 238.48 W, 1965 MHz, 3996 MHz, 0 %, 0 MiB
2026/08/03 11:36:29.000, 4, P0, 33, 235.50 W, 1965 MHz, 3996 MHz, 0 %, 0 MiB
2026/08/03 11:36:29.000, 5, P0, 36, 244.39 W, 1965 MHz, 3996 MHz, 0 %, 0 MiB
2026/08/03 11:36:29.000, 6, P0, 33, 242.31 W, 1965 MHz, 3996 MHz, 0 %, 0 MiB
2026/08/03 11:36:29.000, 7, P0, 37, 243.04 W, 1965 MHz, 3996 MHz, 0 %, 0 MiB
2026/08/03 11:36:30.000, 0, P0, 36, 247.40 W, 1965 MHz, 3996 MHz, 100 %, 161505 MiB
2026/08/03 11:36:30.000, 1, P0, 33, 243.97 W, 1965 MHz, 3996 MHz, 0 %, 161505 MiB
2026/08/03 11:36:30.000, 2, P0, 36, 235.99 W, 1965 MHz, 3996 MHz, 0 %, 0 MiB
2026/08/03 11:36:30.000, 3, P0, 32, 238.51 W, 1965 MHz, 3996 MHz, 0 %, 0 MiB
2026/08/03 11:36:30.000, 4, P0, 33, 235.41 W, 1965 MHz, 3996 MHz, 0 %, 0 MiB
2026/08/03 11:36:30.000, 5, P0, 36, 244.38 W, 1965 MHz, 3996 MHz, 0 %, 0 MiB
2026/08/03 11:36:30.000, 6, P0, 33, 242.21 W, 1965 MHz, 3996 MHz, 0 %, 0 MiB
2026/08/03 11:36:30.000, 7, P0, 37, 243.09 W, 1965 MHz, 3996 MHz, 0 %, 0 MiB
2026/08/03 11:36:31.001, 0, P0, 36, 246.06 W, 1965 MHz, 3996 MHz, 0 %, 161505 MiB
2026/08/03 11:36:31.001, 1, P0, 33, 243.68 W, 1965 MHz, 3996 MHz, 100 %, 161505 MiB
2026/08/03 11:36:31.001, 2, P0, 36, 235.96 W, 1965 MHz, 3996 MHz, 0 %, 0 MiB
2026/08/03 11:36:31.001, 3, P0, 32, 238.50 W, 1965 MHz, 3996 MHz, 0 %, 0 MiB
2026/08/03 11:36:31.001, 4, P0, 33, 235.51 W, 1965 MHz, 3996 MHz, 0 %, 0 MiB
2026/08/03 11:36:31.001, 5, P0, 36, 244.38 W, 1965 MHz, 3996 MHz, 0 %, 0 MiB
2026/08/03 11:36:31.001, 6, P0, 33, 242.28 W, 1965 MHz, 3996 MHz, 0 %, 0 MiB
2026/08/03 11:36:31.001, 7, P0, 37, 243.01 W, 1965 MHz, 3996 MHz, 0 %, 0 MiB
2026/08/03 11:36:32.001, 0, P0, 36, 250.16 W, 1965 MHz, 3996 MHz, 78 %, 161505 MiB
2026/08/03 11:36:32.001, 1, P0, 33, 246.96 W, 1965 MHz, 3996 MHz, 6 %, 161505 MiB
2026/08/03 11:36:32.001, 2, P0, 36, 235.96 W, 1965 MHz, 3996 MHz, 0 %, 0 MiB
2026/08/03 11:36:32.001, 3, P0, 32, 238.54 W, 1965 MHz, 3996 MHz, 0 %, 0 MiB
2026/08/03 11:36:32.001, 4, P0, 33, 235.45 W, 1965 MHz, 3996 MHz, 0 %, 0 MiB
2026/08/03 11:36:32.001, 5, P0, 36, 244.37 W, 1965 MHz, 3996 MHz, 0 %, 0 MiB
2026/08/03 11:36:32.001, 6, P0, 33, 242.24 W, 1965 MHz, 3996 MHz, 0 %, 0 MiB
2026/08/03 11:36:32.001, 7, P0, 37, 243.09 W, 1965 MHz, 3996 MHz, 0 %, 0 MiB
2026/08/03 11:36:33.001, 0, P0, 36, 251.21 W, 1965 MHz, 3996 MHz, 81 %, 161505 MiB
2026/08/03 11:36:33.001, 1, P0, 33, 248.33 W, 1965 MHz, 3996 MHz, 6 %, 161505 MiB
2026/08/03 11:36:33.001, 2, P0, 36, 235.90 W, 1965 MHz, 3996 MHz, 0 %, 0 MiB
2026/08/03 11:36:33.001, 3, P0, 32, 238.47 W, 1965 MHz, 3996 MHz, 0 %, 0 MiB
2026/08/03 11:36:33.001, 4, P0, 33, 235.40 W, 1965 MHz, 3996 MHz, 0 %, 0 MiB
2026/08/03 11:36:33.001, 5, P0, 36, 244.38 W, 1965 MHz, 3996 MHz, 0 %, 0 MiB
2026/08/03 11:36:33.001, 6, P0, 33, 242.27 W, 1965 MHz, 3996 MHz, 0 %, 0 MiB
2026/08/03 11:36:33.001, 7, P0, 37, 243.11 W, 1965 MHz, 3996 MHz, 0 %, 0 MiB
2026/08/03 11:36:34.002, 0, P0, 36, 251.46 W, 1965 MHz, 3996 MHz, 78 %, 161505 MiB
2026/08/03 11:36:34.002, 1, P0, 33, 247.50 W, 1965 MHz, 3996 MHz, 8 %, 161505 MiB
2026/08/03 11:36:34.002, 2, P0, 36, 235.96 W, 1965 MHz, 3996 MHz, 0 %, 0 MiB
2026/08/03 11:36:34.002, 3, P0, 32, 238.51 W, 1965 MHz, 3996 MHz, 0 %, 0 MiB
2026/08/03 11:36:34.002, 4, P0, 33, 235.45 W, 1965 MHz, 3996 MHz, 0 %, 0 MiB
2026/08/03 11:36:34.002, 5, P0, 36, 244.32 W, 1965 MHz, 3996 MHz, 0 %, 0 MiB
2026/08/03 11:36:34.002, 6, P0, 33, 242.25 W, 1965 MHz, 3996 MHz, 0 %, 0 MiB
2026/08/03 11:36:34.002, 7, P0, 37, 243.17 W, 1965 MHz, 3996 MHz, 0 %, 0 MiB
2026/08/03 11:36:35.002, 0, P0, 36, 251.44 W, 1965 MHz, 3996 MHz, 81 %, 161505 MiB
2026/08/03 11:36:35.002, 1, P0, 33, 246.30 W, 1965 MHz, 3996 MHz, 6 %, 161505 MiB
2026/08/03 11:36:35.002, 2, P0, 36, 235.88 W, 1965 MHz, 3996 MHz, 0 %, 0 MiB
2026/08/03 11:36:35.002, 3, P0, 32, 238.52 W, 1965 MHz, 3996 MHz, 0 %, 0 MiB
2026/08/03 11:36:35.002, 4, P0, 33, 235.40 W, 1965 MHz, 3996 MHz, 0 %, 0 MiB
2026/08/03 11:36:35.002, 5, P0, 36, 244.34 W, 1965 MHz, 3996 MHz, 0 %, 0 MiB
2026/08/03 11:36:35.002, 6, P0, 33, 242.30 W, 1965 MHz, 3996 MHz, 0 %, 0 MiB
2026/08/03 11:36:35.002, 7, P0, 37, 243.09 W, 1965 MHz, 3996 MHz, 0 %, 0 MiB
2026/08/03 11:36:36.002, 0, P0, 36, 251.05 W, 1965 MHz, 3996 MHz, 84 %, 161505 MiB
2026/08/03 11:36:36.002, 1, P0, 33, 246.57 W, 1965 MHz, 3996 MHz, 6 %, 161505 MiB
2026/08/03 11:36:36.002, 2, P0, 36, 235.84 W, 1965 MHz, 3996 MHz, 0 %, 0 MiB
2026/08/03 11:36:36.002, 3, P0, 32, 238.51 W, 1965 MHz, 3996 MHz, 0 %, 0 MiB
2026/08/03 11:36:36.002, 4, P0, 33, 235.49 W, 1965 MHz, 3996 MHz, 0 %, 0 MiB
2026/08/03 11:36:36.002, 5, P0, 36, 244.26 W, 1965 MHz, 3996 MHz, 0 %, 0 MiB
2026/08/03 11:36:36.002, 6, P0, 33, 242.22 W, 1965 MHz, 3996 MHz, 0 %, 0 MiB
2026/08/03 11:36:36.002, 7, P0, 37, 243.09 W, 1965 MHz, 3996 MHz, 0 %, 0 MiB
2026/08/03 11:36:37.002, 0, P0, 36, 251.56 W, 1965 MHz, 3996 MHz, 86 %, 161505 MiB
2026/08/03 11:36:37.002, 1, P0, 33, 247.25 W, 1965 MHz, 3996 MHz, 6 %, 161505 MiB
2026/08/03 11:36:37.002, 2, P0, 36, 235.98 W, 1965 MHz, 3996 MHz, 0 %, 0 MiB
2026/08/03 11:36:37.002, 3, P0, 32, 238.44 W, 1965 MHz, 3996 MHz, 0 %, 0 MiB
2026/08/03 11:36:37.002, 4, P0, 33, 235.46 W, 1965 MHz, 3996 MHz, 0 %, 0 MiB
2026/08/03 11:36:37.003, 5, P0, 36, 244.36 W, 1965 MHz, 3996 MHz, 0 %, 0 MiB
2026/08/03 11:36:37.003, 6, P0, 33, 242.32 W, 1965 MHz, 3996 MHz, 0 %, 0 MiB
2026/08/03 11:36:37.003, 7, P0, 37, 243.16 W, 1965 MHz, 3996 MHz, 0 %, 0 MiB
2026/08/03 11:36:38.003, 0, P0, 36, 251.52 W, 1965 MHz, 3996 MHz, 84 %, 161505 MiB
2026/08/03 11:36:38.003, 1, P0, 33, 247.72 W, 1965 MHz, 3996 MHz, 6 %, 161505 MiB
2026/08/03 11:36:38.003, 2, P0, 36, 235.82 W, 1965 MHz, 3996 MHz, 0 %, 0 MiB
2026/08/03 11:36:38.003, 3, P0, 32, 238.48 W, 1965 MHz, 3996 MHz, 0 %, 0 MiB
2026/08/03 11:36:38.003, 4, P0, 33, 235.40 W, 1965 MHz, 3996 MHz, 0 %, 0 MiB
2026/08/03 11:36:38.003, 5, P0, 36, 244.43 W, 1965 MHz, 3996 MHz, 0 %, 0 MiB
2026/08/03 11:36:38.003, 6, P0, 33, 242.28 W, 1965 MHz, 3996 MHz, 0 %, 0 MiB
2026/08/03 11:36:38.003, 7, P0, 37, 243.06 W, 1965 MHz, 3996 MHz, 0 %, 0 MiB
2026/08/03 11:36:39.003, 0, P0, 36, 251.06 W, 1965 MHz, 3996 MHz, 88 %, 161505 MiB
2026/08/03 11:36:39.003, 1, P0, 33, 247.93 W, 1965 MHz, 3996 MHz, 6 %, 161505 MiB
2026/08/03 11:36:39.003, 2, P0, 36, 235.93 W, 1965 MHz, 3996 MHz, 0 %, 0 MiB
2026/08/03 11:36:39.003, 3, P0, 32, 238.47 W, 1965 MHz, 3996 MHz, 0 %, 0 MiB
2026/08/03 11:36:39.003, 4, P0, 33, 235.47 W, 1965 MHz, 3996 MHz, 0 %, 0 MiB
2026/08/03 11:36:39.003, 5, P0, 36, 244.37 W, 1965 MHz, 3996 MHz, 0 %, 0 MiB
2026/08/03 11:36:39.003, 6, P0, 33, 242.24 W, 1965 MHz, 3996 MHz, 0 %, 0 MiB
2026/08/03 11:36:39.003, 7, P0, 37, 243.10 W, 1965 MHz, 3996 MHz, 0 %, 0 MiB
2026/08/03 11:36:40.003, 0, P0, 36, 251.60 W, 1965 MHz, 3996 MHz, 84 %, 161505 MiB
2026/08/03 11:36:40.003, 1, P0, 33, 246.71 W, 1965 MHz, 3996 MHz, 6 %, 161505 MiB
2026/08/03 11:36:40.003, 2, P0, 36, 235.97 W, 1965 MHz, 3996 MHz, 0 %, 0 MiB
2026/08/03 11:36:40.003, 3, P0, 32, 238.44 W, 1965 MHz, 3996 MHz, 0 %, 0 MiB
2026/08/03 11:36:40.003, 4, P0, 33, 235.48 W, 1965 MHz, 3996 MHz, 0 %, 0 MiB
2026/08/03 11:36:40.003, 5, P0, 36, 244.34 W, 1965 MHz, 3996 MHz, 0 %, 0 MiB
2026/08/03 11:36:40.003, 6, P0, 33, 242.25 W, 1965 MHz, 3996 MHz, 0 %, 0 MiB
2026/08/03 11:36:40.003, 7, P0, 37, 243.11 W, 1965 MHz, 3996 MHz, 0 %, 0 MiB
2026/08/03 11:36:41.003, 0, P0, 36, 252.39 W, 1965 MHz, 3996 MHz, 85 %, 161505 MiB
2026/08/03 11:36:41.003, 1, P0, 33, 247.20 W, 1965 MHz, 3996 MHz, 6 %, 161505 MiB
2026/08/03 11:36:41.004, 2, P0, 36, 235.83 W, 1965 MHz, 3996 MHz, 0 %, 0 MiB
2026/08/03 11:36:41.004, 3, P0, 32, 238.52 W, 1965 MHz, 3996 MHz, 0 %, 0 MiB
2026/08/03 11:36:41.004, 4, P0, 33, 235.50 W, 1965 MHz, 3996 MHz, 0 %, 0 MiB
2026/08/03 11:36:41.004, 5, P0, 36, 244.34 W, 1965 MHz, 3996 MHz, 0 %, 0 MiB
2026/08/03 11:36:41.004, 6, P0, 33, 242.27 W, 1965 MHz, 3996 MHz, 0 %, 0 MiB
2026/08/03 11:36:41.004, 7, P0, 37, 243.10 W, 1965 MHz, 3996 MHz, 0 %, 0 MiB
2026/08/03 11:36:42.004, 0, P0, 36, 252.48 W, 1965 MHz, 3996 MHz, 82 %, 161505 MiB
2026/08/03 11:36:42.004, 1, P0, 33, 247.22 W, 1965 MHz, 3996 MHz, 6 %, 161505 MiB
2026/08/03 11:36:42.004, 2, P0, 36, 235.94 W, 1965 MHz, 3996 MHz, 0 %, 0 MiB
2026/08/03 11:36:42.004, 3, P0, 32, 238.49 W, 1965 MHz, 3996 MHz, 0 %, 0 MiB
2026/08/03 11:36:42.004, 4, P0, 33, 235.58 W, 1965 MHz, 3996 MHz, 0 %, 0 MiB
2026/08/03 11:36:42.004, 5, P0, 36, 244.45 W, 1965 MHz, 3996 MHz, 0 %, 0 MiB
2026/08/03 11:36:42.004, 6, P0, 33, 242.31 W, 1965 MHz, 3996 MHz, 0 %, 0 MiB
2026/08/03 11:36:42.004, 7, P0, 37, 243.05 W, 1965 MHz, 3996 MHz, 0 %, 0 MiB
2026/08/03 11:36:43.004, 0, P0, 36, 251.11 W, 1965 MHz, 3996 MHz, 83 %, 161505 MiB
2026/08/03 11:36:43.004, 1, P0, 33, 247.03 W, 1965 MHz, 3996 MHz, 6 %, 161505 MiB
2026/08/03 11:36:43.004, 2, P0, 36, 235.94 W, 1965 MHz, 3996 MHz, 0 %, 0 MiB
2026/08/03 11:36:43.004, 3, P0, 32, 238.52 W, 1965 MHz, 3996 MHz, 0 %, 0 MiB
2026/08/03 11:36:43.004, 4, P0, 33, 235.55 W, 1965 MHz, 3996 MHz, 0 %, 0 MiB
2026/08/03 11:36:43.004, 5, P0, 36, 244.31 W, 1965 MHz, 3996 MHz, 0 %, 0 MiB
2026/08/03 11:36:43.004, 6, P0, 33, 242.35 W, 1965 MHz, 3996 MHz, 0 %, 0 MiB
2026/08/03 11:36:43.004, 7, P0, 37, 243.12 W, 1965 MHz, 3996 MHz, 0 %, 0 MiB
2026/08/03 11:36:44.004, 0, P0, 36, 251.69 W, 1965 MHz, 3996 MHz, 76 %, 161505 MiB
2026/08/03 11:36:44.004, 1, P0, 33, 247.05 W, 1965 MHz, 3996 MHz, 6 %, 161505 MiB
2026/08/03 11:36:44.004, 2, P0, 36, 235.94 W, 1965 MHz, 3996 MHz, 0 %, 0 MiB
2026/08/03 11:36:44.004, 3, P0, 32, 238.53 W, 1965 MHz, 3996 MHz, 0 %, 0 MiB
2026/08/03 11:36:44.004, 4, P0, 33, 235.51 W, 1965 MHz, 3996 MHz, 0 %, 0 MiB
2026/08/03 11:36:44.004, 5, P0, 36, 244.41 W, 1965 MHz, 3996 MHz, 0 %, 0 MiB
2026/08/03 11:36:44.004, 6, P0, 33, 242.38 W, 1965 MHz, 3996 MHz, 0 %, 0 MiB
2026/08/03 11:36:44.004, 7, P0, 37, 243.06 W, 1965 MHz, 3996 MHz, 0 %, 0 MiB
2026/08/03 11:36:45.005, 0, P0, 36, 251.38 W, 1965 MHz, 3996 MHz, 76 %, 161505 MiB
2026/08/03 11:36:45.005, 1, P0, 33, 246.92 W, 1965 MHz, 3996 MHz, 6 %, 161505 MiB
2026/08/03 11:36:45.005, 2, P0, 36, 235.97 W, 1965 MHz, 3996 MHz, 0 %, 0 MiB
2026/08/03 11:36:45.005, 3, P0, 32, 238.53 W, 1965 MHz, 3996 MHz, 0 %, 0 MiB
2026/08/03 11:36:45.005, 4, P0, 33, 235.47 W, 1965 MHz, 3996 MHz, 0 %, 0 MiB
2026/08/03 11:36:45.005, 5, P0, 36, 244.39 W, 1965 MHz, 3996 MHz, 0 %, 0 MiB
2026/08/03 11:36:45.005, 6, P0, 33, 242.23 W, 1965 MHz, 3996 MHz, 0 %, 0 MiB
2026/08/03 11:36:45.005, 7, P0, 37, 243.17 W, 1965 MHz, 3996 MHz, 0 %, 0 MiB
2026/08/03 11:36:46.005, 0, P0, 36, 251.50 W, 1965 MHz, 3996 MHz, 74 %, 161505 MiB
2026/08/03 11:36:46.005, 1, P0, 33, 246.43 W, 1965 MHz, 3996 MHz, 6 %, 161505 MiB
2026/08/03 11:36:46.005, 2, P0, 36, 235.96 W, 1965 MHz, 3996 MHz, 0 %, 0 MiB
2026/08/03 11:36:46.005, 3, P0, 32, 238.51 W, 1965 MHz, 3996 MHz, 0 %, 0 MiB
2026/08/03 11:36:46.005, 4, P0, 33, 235.57 W, 1965 MHz, 3996 MHz, 0 %, 0 MiB
2026/08/03 11:36:46.005, 5, P0, 36, 244.35 W, 1965 MHz, 3996 MHz, 0 %, 0 MiB
2026/08/03 11:36:46.005, 6, P0, 33, 242.29 W, 1965 MHz, 3996 MHz, 0 %, 0 MiB
2026/08/03 11:36:46.005, 7, P0, 37, 243.12 W, 1965 MHz, 3996 MHz, 0 %, 0 MiB
2026/08/03 11:36:47.005, 0, P0, 36, 251.89 W, 1965 MHz, 3996 MHz, 81 %, 161505 MiB
2026/08/03 11:36:47.005, 1, P0, 33, 247.58 W, 1965 MHz, 3996 MHz, 6 %, 161505 MiB
2026/08/03 11:36:47.005, 2, P0, 36, 235.95 W, 1965 MHz, 3996 MHz, 0 %, 0 MiB
2026/08/03 11:36:47.005, 3, P0, 32, 238.49 W, 1965 MHz, 3996 MHz, 0 %, 0 MiB
2026/08/03 11:36:47.005, 4, P0, 33, 235.51 W, 1965 MHz, 3996 MHz, 0 %, 0 MiB
2026/08/03 11:36:47.005, 5, P0, 36, 244.37 W, 1965 MHz, 3996 MHz, 0 %, 0 MiB
2026/08/03 11:36:47.005, 6, P0, 33, 242.38 W, 1965 MHz, 3996 MHz, 0 %, 0 MiB
2026/08/03 11:36:47.005, 7, P0, 37, 243.19 W, 1965 MHz, 3996 MHz, 0 %, 0 MiB
2026/08/03 11:36:48.005, 0, P0, 36, 251.38 W, 1965 MHz, 3996 MHz, 87 %, 161505 MiB
2026/08/03 11:36:48.006, 1, P0, 33, 247.24 W, 1965 MHz, 3996 MHz, 6 %, 161505 MiB
2026/08/03 11:36:48.006, 2, P0, 36, 235.97 W, 1965 MHz, 3996 MHz, 0 %, 0 MiB
2026/08/03 11:36:48.006, 3, P0, 32, 238.54 W, 1965 MHz, 3996 MHz, 0 %, 0 MiB
2026/08/03 11:36:48.006, 4, P0, 33, 235.54 W, 1965 MHz, 3996 MHz, 0 %, 0 MiB
2026/08/03 11:36:48.006, 5, P0, 36, 244.33 W, 1965 MHz, 3996 MHz, 0 %, 0 MiB
2026/08/03 11:36:48.006, 6, P0, 33, 242.33 W, 1965 MHz, 3996 MHz, 0 %, 0 MiB
2026/08/03 11:36:48.006, 7, P0, 37, 243.22 W, 1965 MHz, 3996 MHz, 0 %, 0 MiB
2026/08/03 11:36:49.006, 0, P0, 36, 252.17 W, 1965 MHz, 3996 MHz, 88 %, 161505 MiB
2026/08/03 11:36:49.006, 1, P0, 33, 247.76 W, 1965 MHz, 3996 MHz, 6 %, 161505 MiB
2026/08/03 11:36:49.006, 2, P0, 36, 235.97 W, 1965 MHz, 3996 MHz, 0 %, 0 MiB
2026/08/03 11:36:49.006, 3, P0, 32, 238.53 W, 1965 MHz, 3996 MHz, 0 %, 0 MiB
2026/08/03 11:36:49.006, 4, P0, 33, 235.50 W, 1965 MHz, 3996 MHz, 0 %, 0 MiB
2026/08/03 11:36:49.006, 5, P0, 36, 244.30 W, 1965 MHz, 3996 MHz, 0 %, 0 MiB
2026/08/03 11:36:49.006, 6, P0, 33, 242.38 W, 1965 MHz, 3996 MHz, 0 %, 0 MiB
2026/08/03 11:36:49.006, 7, P0, 37, 243.22 W, 1965 MHz, 3996 MHz, 0 %, 0 MiB
2026/08/03 11:36:50.006, 0, P0, 36, 291.67 W, 1965 MHz, 3996 MHz, 89 %, 161505 MiB
2026/08/03 11:36:50.006, 1, P0, 33, 291.32 W, 1965 MHz, 3996 MHz, 7 %, 161505 MiB
2026/08/03 11:36:50.006, 2, P0, 36, 235.98 W, 1965 MHz, 3996 MHz, 0 %, 0 MiB
2026/08/03 11:36:50.006, 3, P0, 32, 238.50 W, 1965 MHz, 3996 MHz, 0 %, 0 MiB
2026/08/03 11:36:50.006, 4, P0, 33, 235.63 W, 1965 MHz, 3996 MHz, 0 %, 0 MiB
2026/08/03 11:36:50.006, 5, P0, 36, 244.35 W, 1965 MHz, 3996 MHz, 0 %, 0 MiB
2026/08/03 11:36:50.006, 6, P0, 33, 242.36 W, 1965 MHz, 3996 MHz, 0 %, 0 MiB
2026/08/03 11:36:50.006, 7, P0, 37, 243.13 W, 1965 MHz, 3996 MHz, 0 %, 0 MiB
2026/08/03 11:36:51.006, 0, P0, 36, 252.24 W, 1965 MHz, 3996 MHz, 81 %, 161505 MiB
2026/08/03 11:36:51.006, 1, P0, 33, 248.08 W, 1965 MHz, 3996 MHz, 6 %, 161505 MiB
2026/08/03 11:36:51.006, 2, P0, 36, 235.96 W, 1965 MHz, 3996 MHz, 0 %, 0 MiB
2026/08/03 11:36:51.006, 3, P0, 32, 238.51 W, 1965 MHz, 3996 MHz, 0 %, 0 MiB
2026/08/03 11:36:51.006, 4, P0, 33, 235.50 W, 1965 MHz, 3996 MHz, 0 %, 0 MiB
2026/08/03 11:36:51.006, 5, P0, 36, 244.35 W, 1965 MHz, 3996 MHz, 0 %, 0 MiB
2026/08/03 11:36:51.006, 6, P0, 33, 242.37 W, 1965 MHz, 3996 MHz, 0 %, 0 MiB
2026/08/03 11:36:51.006, 7, P0, 37, 243.16 W, 1965 MHz, 3996 MHz, 0 %, 0 MiB
2026/08/03 11:36:52.007, 0, P0, 36, 291.13 W, 1965 MHz, 3996 MHz, 74 %, 161505 MiB
2026/08/03 11:36:52.007, 1, P0, 34, 289.42 W, 1965 MHz, 3996 MHz, 6 %, 161505 MiB
2026/08/03 11:36:52.007, 2, P0, 36, 235.91 W, 1965 MHz, 3996 MHz, 0 %, 0 MiB
2026/08/03 11:36:52.007, 3, P0, 32, 238.48 W, 1965 MHz, 3996 MHz, 0 %, 0 MiB
2026/08/03 11:36:52.007, 4, P0, 33, 235.60 W, 1965 MHz, 3996 MHz, 0 %, 0 MiB
2026/08/03 11:36:52.007, 5, P0, 36, 244.32 W, 1965 MHz, 3996 MHz, 0 %, 0 MiB
2026/08/03 11:36:52.007, 6, P0, 33, 242.34 W, 1965 MHz, 3996 MHz, 0 %, 0 MiB
2026/08/03 11:36:52.007, 7, P0, 37, 243.03 W, 1965 MHz, 3996 MHz, 0 %, 0 MiB
2026/08/03 11:36:53.007, 0, P0, 36, 251.97 W, 1965 MHz, 3996 MHz, 80 %, 161505 MiB
2026/08/03 11:36:53.007, 1, P0, 33, 248.01 W, 1965 MHz, 3996 MHz, 6 %, 161505 MiB
2026/08/03 11:36:53.007, 2, P0, 36, 235.98 W, 1965 MHz, 3996 MHz, 0 %, 0 MiB
2026/08/03 11:36:53.007, 3, P0, 32, 238.51 W, 1965 MHz, 3996 MHz, 0 %, 0 MiB
2026/08/03 11:36:53.007, 4, P0, 33, 235.51 W, 1965 MHz, 3996 MHz, 0 %, 0 MiB
2026/08/03 11:36:53.007, 5, P0, 36, 244.31 W, 1965 MHz, 3996 MHz, 0 %, 0 MiB
2026/08/03 11:36:53.007, 6, P0, 33, 242.29 W, 1965 MHz, 3996 MHz, 0 %, 0 MiB
2026/08/03 11:36:53.007, 7, P0, 37, 243.09 W, 1965 MHz, 3996 MHz, 0 %, 0 MiB
2026/08/03 11:36:54.007, 0, P0, 36, 297.39 W, 1965 MHz, 3996 MHz, 87 %, 161505 MiB
2026/08/03 11:36:54.007, 1, P0, 34, 291.00 W, 1965 MHz, 3996 MHz, 47 %, 161505 MiB
2026/08/03 11:36:54.007, 2, P0, 36, 235.95 W, 1965 MHz, 3996 MHz, 0 %, 0 MiB
2026/08/03 11:36:54.007, 3, P0, 32, 238.47 W, 1965 MHz, 3996 MHz, 0 %, 0 MiB
2026/08/03 11:36:54.007, 4, P0, 33, 235.51 W, 1965 MHz, 3996 MHz, 0 %, 0 MiB
2026/08/03 11:36:54.007, 5, P0, 36, 244.38 W, 1965 MHz, 3996 MHz, 0 %, 0 MiB
2026/08/03 11:36:54.007, 6, P0, 33, 242.29 W, 1965 MHz, 3996 MHz, 0 %, 0 MiB
2026/08/03 11:36:54.007, 7, P0, 37, 243.04 W, 1965 MHz, 3996 MHz, 0 %, 0 MiB
2026/08/03 11:36:55.007, 0, P0, 36, 252.49 W, 1965 MHz, 3996 MHz, 83 %, 161505 MiB
2026/08/03 11:36:55.007, 1, P0, 33, 248.02 W, 1965 MHz, 3996 MHz, 7 %, 161505 MiB
2026/08/03 11:36:55.007, 2, P0, 36, 235.99 W, 1965 MHz, 3996 MHz, 0 %, 0 MiB
2026/08/03 11:36:55.008, 3, P0, 32, 238.52 W, 1965 MHz, 3996 MHz, 0 %, 0 MiB
2026/08/03 11:36:55.008, 4, P0, 33, 235.57 W, 1965 MHz, 3996 MHz, 0 %, 0 MiB
2026/08/03 11:36:55.008, 5, P0, 36, 244.39 W, 1965 MHz, 3996 MHz, 0 %, 0 MiB
2026/08/03 11:36:55.008, 6, P0, 33, 242.31 W, 1965 MHz, 3996 MHz, 0 %, 0 MiB
2026/08/03 11:36:55.008, 7, P0, 37, 243.04 W, 1965 MHz, 3996 MHz, 0 %, 0 MiB
2026/08/03 11:36:56.008, 0, P0, 37, 297.45 W, 1965 MHz, 3996 MHz, 71 %, 161505 MiB
2026/08/03 11:36:56.008, 1, P0, 34, 294.55 W, 1965 MHz, 3996 MHz, 6 %, 161505 MiB
2026/08/03 11:36:56.008, 2, P0, 36, 235.93 W, 1965 MHz, 3996 MHz, 0 %, 0 MiB
2026/08/03 11:36:56.008, 3, P0, 32, 238.49 W, 1965 MHz, 3996 MHz, 0 %, 0 MiB
2026/08/03 11:36:56.008, 4, P0, 33, 235.50 W, 1965 MHz, 3996 MHz, 0 %, 0 MiB
2026/08/03 11:36:56.008, 5, P0, 36, 244.34 W, 1965 MHz, 3996 MHz, 0 %, 0 MiB
2026/08/03 11:36:56.008, 6, P0, 33, 242.23 W, 1965 MHz, 3996 MHz, 0 %, 0 MiB
2026/08/03 11:36:56.008, 7, P0, 37, 243.11 W, 1965 MHz, 3996 MHz, 0 %, 0 MiB
2026/08/03 11:36:57.008, 0, P0, 36, 252.34 W, 1965 MHz, 3996 MHz, 71 %, 161505 MiB
2026/08/03 11:36:57.008, 1, P0, 33, 248.31 W, 1965 MHz, 3996 MHz, 7 %, 161505 MiB
2026/08/03 11:36:57.008, 2, P0, 36, 235.97 W, 1965 MHz, 3996 MHz, 0 %, 0 MiB
2026/08/03 11:36:57.008, 3, P0, 32, 238.54 W, 1965 MHz, 3996 MHz, 0 %, 0 MiB
2026/08/03 11:36:57.008, 4, P0, 33, 235.55 W, 1965 MHz, 3996 MHz, 0 %, 0 MiB
2026/08/03 11:36:57.008, 5, P0, 36, 244.35 W, 1965 MHz, 3996 MHz, 0 %, 0 MiB
2026/08/03 11:36:57.008, 6, P0, 33, 242.33 W, 1965 MHz, 3996 MHz, 0 %, 0 MiB
2026/08/03 11:36:57.008, 7, P0, 37, 243.13 W, 1965 MHz, 3996 MHz, 0 %, 0 MiB
2026/08/03 11:36:58.008, 0, P0, 36, 252.55 W, 1965 MHz, 3996 MHz, 83 %, 161505 MiB
2026/08/03 11:36:58.008, 1, P0, 33, 248.05 W, 1965 MHz, 3996 MHz, 6 %, 161505 MiB
2026/08/03 11:36:58.008, 2, P0, 36, 235.96 W, 1965 MHz, 3996 MHz, 0 %, 0 MiB
2026/08/03 11:36:58.008, 3, P0, 32, 238.51 W, 1965 MHz, 3996 MHz, 0 %, 0 MiB
2026/08/03 11:36:58.008, 4, P0, 33, 235.46 W, 1965 MHz, 3996 MHz, 0 %, 0 MiB
2026/08/03 11:36:58.008, 5, P0, 36, 244.41 W, 1965 MHz, 3996 MHz, 0 %, 0 MiB
2026/08/03 11:36:58.008, 6, P0, 33, 242.31 W, 1965 MHz, 3996 MHz, 0 %, 0 MiB
2026/08/03 11:36:58.008, 7, P0, 37, 243.18 W, 1965 MHz, 3996 MHz, 0 %, 0 MiB
2026/08/03 11:36:59.009, 0, P0, 36, 252.64 W, 1965 MHz, 3996 MHz, 84 %, 161505 MiB
2026/08/03 11:36:59.009, 1, P0, 33, 248.42 W, 1965 MHz, 3996 MHz, 8 %, 161505 MiB
2026/08/03 11:36:59.009, 2, P0, 36, 235.94 W, 1965 MHz, 3996 MHz, 0 %, 0 MiB
2026/08/03 11:36:59.009, 3, P0, 32, 238.52 W, 1965 MHz, 3996 MHz, 0 %, 0 MiB
2026/08/03 11:36:59.009, 4, P0, 33, 235.51 W, 1965 MHz, 3996 MHz, 0 %, 0 MiB
2026/08/03 11:36:59.009, 5, P0, 36, 244.36 W, 1965 MHz, 3996 MHz, 0 %, 0 MiB
2026/08/03 11:36:59.009, 6, P0, 33, 242.22 W, 1965 MHz, 3996 MHz, 0 %, 0 MiB
2026/08/03 11:36:59.009, 7, P0, 37, 243.20 W, 1965 MHz, 3996 MHz, 0 %, 0 MiB
2026/08/03 11:37:00.009, 0, P0, 36, 251.47 W, 1965 MHz, 3996 MHz, 88 %, 161505 MiB
2026/08/03 11:37:00.009, 1, P0, 33, 248.09 W, 1965 MHz, 3996 MHz, 6 %, 161505 MiB
2026/08/03 11:37:00.009, 2, P0, 36, 235.99 W, 1965 MHz, 3996 MHz, 0 %, 0 MiB
2026/08/03 11:37:00.009, 3, P0, 32, 238.48 W, 1965 MHz, 3996 MHz, 0 %, 0 MiB
2026/08/03 11:37:00.009, 4, P0, 33, 235.45 W, 1965 MHz, 3996 MHz, 0 %, 0 MiB
2026/08/03 11:37:00.009, 5, P0, 36, 244.41 W, 1965 MHz, 3996 MHz, 0 %, 0 MiB
2026/08/03 11:37:00.009, 6, P0, 33, 242.21 W, 1965 MHz, 3996 MHz, 0 %, 0 MiB
2026/08/03 11:37:00.009, 7, P0, 37, 243.19 W, 1965 MHz, 3996 MHz, 0 %, 0 MiB
2026/08/03 11:37:01.009, 0, P0, 36, 251.77 W, 1965 MHz, 3996 MHz, 78 %, 161505 MiB
2026/08/03 11:37:01.009, 1, P0, 33, 248.69 W, 1965 MHz, 3996 MHz, 6 %, 161505 MiB
2026/08/03 11:37:01.009, 2, P0, 36, 235.96 W, 1965 MHz, 3996 MHz, 0 %, 0 MiB
2026/08/03 11:37:01.009, 3, P0, 32, 238.47 W, 1965 MHz, 3996 MHz, 0 %, 0 MiB
2026/08/03 11:37:01.009, 4, P0, 33, 235.59 W, 1965 MHz, 3996 MHz, 0 %, 0 MiB
2026/08/03 11:37:01.009, 5, P0, 36, 244.38 W, 1965 MHz, 3996 MHz, 0 %, 0 MiB
2026/08/03 11:37:01.009, 6, P0, 33, 242.29 W, 1965 MHz, 3996 MHz, 0 %, 0 MiB
2026/08/03 11:37:01.009, 7, P0, 37, 243.14 W, 1965 MHz, 3996 MHz, 0 %, 0 MiB
2026/08/03 11:37:02.009, 0, P0, 36, 252.39 W, 1965 MHz, 3996 MHz, 79 %, 161505 MiB
2026/08/03 11:37:02.009, 1, P0, 33, 248.22 W, 1965 MHz, 3996 MHz, 6 %, 161505 MiB
2026/08/03 11:37:02.009, 2, P0, 36, 235.93 W, 1965 MHz, 3996 MHz, 0 %, 0 MiB
2026/08/03 11:37:02.009, 3, P0, 32, 238.50 W, 1965 MHz, 3996 MHz, 0 %, 0 MiB
2026/08/03 11:37:02.009, 4, P0, 33, 235.48 W, 1965 MHz, 3996 MHz, 0 %, 0 MiB
2026/08/03 11:37:02.009, 5, P0, 36, 244.41 W, 1965 MHz, 3996 MHz, 0 %, 0 MiB
2026/08/03 11:37:02.009, 6, P0, 33, 242.34 W, 1965 MHz, 3996 MHz, 0 %, 0 MiB
2026/08/03 11:37:02.010, 7, P0, 37, 243.12 W, 1965 MHz, 3996 MHz, 0 %, 0 MiB
2026/08/03 11:37:03.010, 0, P0, 36, 252.05 W, 1965 MHz, 3996 MHz, 79 %, 161505 MiB
2026/08/03 11:37:03.010, 1, P0, 33, 247.80 W, 1965 MHz, 3996 MHz, 6 %, 161505 MiB
2026/08/03 11:37:03.010, 2, P0, 36, 235.92 W, 1965 MHz, 3996 MHz, 0 %, 0 MiB
2026/08/03 11:37:03.010, 3, P0, 32, 238.49 W, 1965 MHz, 3996 MHz, 0 %, 0 MiB
2026/08/03 11:37:03.010, 4, P0, 33, 235.52 W, 1965 MHz, 3996 MHz, 0 %, 0 MiB
2026/08/03 11:37:03.010, 5, P0, 36, 244.45 W, 1965 MHz, 3996 MHz, 0 %, 0 MiB
2026/08/03 11:37:03.010, 6, P0, 33, 242.34 W, 1965 MHz, 3996 MHz, 0 %, 0 MiB
2026/08/03 11:37:03.010, 7, P0, 37, 243.09 W, 1965 MHz, 3996 MHz, 0 %, 0 MiB
2026/08/03 11:37:04.010, 0, P0, 36, 252.17 W, 1965 MHz, 3996 MHz, 80 %, 161505 MiB
2026/08/03 11:37:04.010, 1, P0, 33, 246.52 W, 1965 MHz, 3996 MHz, 6 %, 161505 MiB
2026/08/03 11:37:04.010, 2, P0, 36, 235.99 W, 1965 MHz, 3996 MHz, 0 %, 0 MiB
2026/08/03 11:37:04.010, 3, P0, 32, 238.51 W, 1965 MHz, 3996 MHz, 0 %, 0 MiB
2026/08/03 11:37:04.010, 4, P0, 33, 235.55 W, 1965 MHz, 3996 MHz, 0 %, 0 MiB
2026/08/03 11:37:04.010, 5, P0, 36, 244.29 W, 1965 MHz, 3996 MHz, 0 %, 0 MiB
2026/08/03 11:37:04.010, 6, P0, 33, 242.29 W, 1965 MHz, 3996 MHz, 0 %, 0 MiB
2026/08/03 11:37:04.010, 7, P0, 37, 243.11 W, 1965 MHz, 3996 MHz, 0 %, 0 MiB
2026/08/03 11:37:05.010, 0, P0, 36, 291.51 W, 1965 MHz, 3996 MHz, 88 %, 161505 MiB
2026/08/03 11:37:05.010, 1, P0, 34, 290.93 W, 1965 MHz, 3996 MHz, 6 %, 161505 MiB
2026/08/03 11:37:05.010, 2, P0, 36, 235.92 W, 1965 MHz, 3996 MHz, 0 %, 0 MiB
2026/08/03 11:37:05.010, 3, P0, 32, 238.45 W, 1965 MHz, 3996 MHz, 0 %, 0 MiB
2026/08/03 11:37:05.010, 4, P0, 33, 235.57 W, 1965 MHz, 3996 MHz, 0 %, 0 MiB
2026/08/03 11:37:05.010, 5, P0, 36, 244.33 W, 1965 MHz, 3996 MHz, 0 %, 0 MiB
2026/08/03 11:37:05.010, 6, P0, 33, 242.30 W, 1965 MHz, 3996 MHz, 0 %, 0 MiB
2026/08/03 11:37:05.010, 7, P0, 37, 243.15 W, 1965 MHz, 3996 MHz, 0 %, 0 MiB
2026/08/03 11:37:06.010, 0, P0, 36, 246.41 W, 1965 MHz, 3996 MHz, 52 %, 161505 MiB
2026/08/03 11:37:06.011, 1, P0, 33, 242.31 W, 1965 MHz, 3996 MHz, 0 %, 161505 MiB
2026/08/03 11:37:06.011, 2, P0, 36, 235.89 W, 1965 MHz, 3996 MHz, 0 %, 0 MiB
2026/08/03 11:37:06.011, 3, P0, 32, 238.52 W, 1965 MHz, 3996 MHz, 0 %, 0 MiB
2026/08/03 11:37:06.011, 4, P0, 33, 235.53 W, 1965 MHz, 3996 MHz, 0 %, 0 MiB
2026/08/03 11:37:06.011, 5, P0, 36, 244.45 W, 1965 MHz, 3996 MHz, 0 %, 0 MiB
2026/08/03 11:37:06.011, 6, P0, 33, 242.34 W, 1965 MHz, 3996 MHz, 0 %, 0 MiB
2026/08/03 11:37:06.011, 7, P0, 37, 243.17 W, 1965 MHz, 3996 MHz, 0 %, 0 MiB
2026/08/03 11:37:07.011, 0, P0, 36, 245.28 W, 1965 MHz, 3996 MHz, 0 %, 161505 MiB
2026/08/03 11:37:07.011, 1, P0, 33, 244.02 W, 1965 MHz, 3996 MHz, 100 %, 161505 MiB
2026/08/03 11:37:07.011, 2, P0, 36, 235.98 W, 1965 MHz, 3996 MHz, 0 %, 0 MiB
2026/08/03 11:37:07.011, 3, P0, 32, 238.52 W, 1965 MHz, 3996 MHz, 0 %, 0 MiB
2026/08/03 11:37:07.011, 4, P0, 33, 235.59 W, 1965 MHz, 3996 MHz, 0 %, 0 MiB
2026/08/03 11:37:07.011, 5, P0, 36, 244.44 W, 1965 MHz, 3996 MHz, 0 %, 0 MiB
2026/08/03 11:37:07.011, 6, P0, 33, 242.28 W, 1965 MHz, 3996 MHz, 0 %, 0 MiB
2026/08/03 11:37:07.011, 7, P0, 37, 243.13 W, 1965 MHz, 3996 MHz, 0 %, 0 MiB
2026/08/03 11:37:08.011, 0, P0, 37, 296.57 W, 1965 MHz, 3996 MHz, 92 %, 161505 MiB
2026/08/03 11:37:08.011, 1, P0, 34, 293.01 W, 1965 MHz, 3996 MHz, 37 %, 161505 MiB
2026/08/03 11:37:08.011, 2, P0, 36, 236.02 W, 1965 MHz, 3996 MHz, 0 %, 0 MiB
2026/08/03 11:37:08.011, 3, P0, 32, 238.47 W, 1965 MHz, 3996 MHz, 0 %, 0 MiB
2026/08/03 11:37:08.011, 4, P0, 33, 235.62 W, 1965 MHz, 3996 MHz, 0 %, 0 MiB
2026/08/03 11:37:08.011, 5, P0, 36, 244.44 W, 1965 MHz, 3996 MHz, 0 %, 0 MiB
2026/08/03 11:37:08.011, 6, P0, 33, 242.30 W, 1965 MHz, 3996 MHz, 0 %, 0 MiB
2026/08/03 11:37:08.011, 7, P0, 37, 243.12 W, 1965 MHz, 3996 MHz, 0 %, 0 MiB
2026/08/03 11:37:09.012, 0, P0, 36, 253.45 W, 1965 MHz, 3996 MHz, 87 %, 161505 MiB
2026/08/03 11:37:09.012, 1, P0, 33, 249.32 W, 1965 MHz, 3996 MHz, 6 %, 161505 MiB
2026/08/03 11:37:09.012, 2, P0, 36, 235.94 W, 1965 MHz, 3996 MHz, 0 %, 0 MiB
2026/08/03 11:37:09.012, 3, P0, 32, 238.53 W, 1965 MHz, 3996 MHz, 0 %, 0 MiB
2026/08/03 11:37:09.012, 4, P0, 33, 235.60 W, 1965 MHz, 3996 MHz, 0 %, 0 MiB
2026/08/03 11:37:09.012, 5, P0, 36, 244.47 W, 1965 MHz, 3996 MHz, 0 %, 0 MiB
2026/08/03 11:37:09.012, 6, P0, 33, 242.32 W, 1965 MHz, 3996 MHz, 0 %, 0 MiB
2026/08/03 11:37:09.012, 7, P0, 37, 243.15 W, 1965 MHz, 3996 MHz, 0 %, 0 MiB
2026/08/03 11:37:10.012, 0, P0, 36, 252.65 W, 1965 MHz, 3996 MHz, 88 %, 161505 MiB
2026/08/03 11:37:10.012, 1, P0, 33, 248.66 W, 1965 MHz, 3996 MHz, 6 %, 161505 MiB
2026/08/03 11:37:10.012, 2, P0, 36, 235.97 W, 1965 MHz, 3996 MHz, 0 %, 0 MiB
2026/08/03 11:37:10.012, 3, P0, 32, 238.54 W, 1965 MHz, 3996 MHz, 0 %, 0 MiB
2026/08/03 11:37:10.012, 4, P0, 33, 235.57 W, 1965 MHz, 3996 MHz, 0 %, 0 MiB
2026/08/03 11:37:10.012, 5, P0, 36, 244.39 W, 1965 MHz, 3996 MHz, 0 %, 0 MiB
2026/08/03 11:37:10.012, 6, P0, 33, 242.33 W, 1965 MHz, 3996 MHz, 0 %, 0 MiB
2026/08/03 11:37:10.012, 7, P0, 37, 243.20 W, 1965 MHz, 3996 MHz, 0 %, 0 MiB
2026/08/03 11:37:11.012, 0, P0, 36, 251.87 W, 1965 MHz, 3996 MHz, 84 %, 161505 MiB
2026/08/03 11:37:11.012, 1, P0, 33, 247.69 W, 1965 MHz, 3996 MHz, 6 %, 161505 MiB
2026/08/03 11:37:11.012, 2, P0, 36, 236.01 W, 1965 MHz, 3996 MHz, 0 %, 0 MiB
2026/08/03 11:37:11.012, 3, P0, 32, 238.55 W, 1965 MHz, 3996 MHz, 0 %, 0 MiB
2026/08/03 11:37:11.012, 4, P0, 33, 235.59 W, 1965 MHz, 3996 MHz, 0 %, 0 MiB
2026/08/03 11:37:11.012, 5, P0, 36, 244.40 W, 1965 MHz, 3996 MHz, 0 %, 0 MiB
2026/08/03 11:37:11.012, 6, P0, 33, 242.29 W, 1965 MHz, 3996 MHz, 0 %, 0 MiB
2026/08/03 11:37:11.012, 7, P0, 37, 243.23 W, 1965 MHz, 3996 MHz, 0 %, 0 MiB
2026/08/03 11:37:12.012, 0, P0, 36, 251.92 W, 1965 MHz, 3996 MHz, 83 %, 161505 MiB
2026/08/03 11:37:12.013, 1, P0, 33, 248.73 W, 1965 MHz, 3996 MHz, 8 %, 161505 MiB
2026/08/03 11:37:12.013, 2, P0, 36, 235.98 W, 1965 MHz, 3996 MHz, 0 %, 0 MiB
2026/08/03 11:37:12.013, 3, P0, 32, 238.53 W, 1965 MHz, 3996 MHz, 0 %, 0 MiB
2026/08/03 11:37:12.013, 4, P0, 33, 235.54 W, 1965 MHz, 3996 MHz, 0 %, 0 MiB
2026/08/03 11:37:12.013, 5, P0, 36, 244.41 W, 1965 MHz, 3996 MHz, 0 %, 0 MiB
2026/08/03 11:37:12.013, 6, P0, 33, 242.31 W, 1965 MHz, 3996 MHz, 0 %, 0 MiB
2026/08/03 11:37:12.013, 7, P0, 37, 243.18 W, 1965 MHz, 3996 MHz, 0 %, 0 MiB
2026/08/03 11:37:13.013, 0, P0, 36, 252.57 W, 1965 MHz, 3996 MHz, 81 %, 161505 MiB
2026/08/03 11:37:13.013, 1, P0, 33, 247.64 W, 1965 MHz, 3996 MHz, 6 %, 161505 MiB
2026/08/03 11:37:13.013, 2, P0, 36, 236.01 W, 1965 MHz, 3996 MHz, 0 %, 0 MiB
2026/08/03 11:37:13.013, 3, P0, 32, 238.56 W, 1965 MHz, 3996 MHz, 0 %, 0 MiB
2026/08/03 11:37:13.013, 4, P0, 33, 235.54 W, 1965 MHz, 3996 MHz, 0 %, 0 MiB
2026/08/03 11:37:13.013, 5, P0, 36, 244.38 W, 1965 MHz, 3996 MHz, 0 %, 0 MiB
2026/08/03 11:37:13.013, 6, P0, 33, 242.29 W, 1965 MHz, 3996 MHz, 0 %, 0 MiB
2026/08/03 11:37:13.013, 7, P0, 37, 243.17 W, 1965 MHz, 3996 MHz, 0 %, 0 MiB
2026/08/03 11:37:14.013, 0, P0, 36, 252.07 W, 1965 MHz, 3996 MHz, 80 %, 161505 MiB
2026/08/03 11:37:14.013, 1, P0, 33, 247.51 W, 1965 MHz, 3996 MHz, 6 %, 161505 MiB
2026/08/03 11:37:14.013, 2, P0, 36, 236.01 W, 1965 MHz, 3996 MHz, 0 %, 0 MiB
2026/08/03 11:37:14.013, 3, P0, 32, 238.47 W, 1965 MHz, 3996 MHz, 0 %, 0 MiB
2026/08/03 11:37:14.013, 4, P0, 33, 235.51 W, 1965 MHz, 3996 MHz, 0 %, 0 MiB
2026/08/03 11:37:14.013, 5, P0, 36, 244.40 W, 1965 MHz, 3996 MHz, 0 %, 0 MiB
2026/08/03 11:37:14.013, 6, P0, 33, 242.38 W, 1965 MHz, 3996 MHz, 0 %, 0 MiB
2026/08/03 11:37:14.013, 7, P0, 37, 243.22 W, 1965 MHz, 3996 MHz, 0 %, 0 MiB
2026/08/03 11:37:15.013, 0, P0, 36, 252.21 W, 1965 MHz, 3996 MHz, 61 %, 161505 MiB
2026/08/03 11:37:15.013, 1, P0, 33, 247.81 W, 1965 MHz, 3996 MHz, 6 %, 161505 MiB
2026/08/03 11:37:15.013, 2, P0, 36, 236.05 W, 1965 MHz, 3996 MHz, 0 %, 0 MiB
2026/08/03 11:37:15.013, 3, P0, 32, 238.49 W, 1965 MHz, 3996 MHz, 0 %, 0 MiB
2026/08/03 11:37:15.013, 4, P0, 33, 235.55 W, 1965 MHz, 3996 MHz, 0 %, 0 MiB
2026/08/03 11:37:15.014, 5, P0, 36, 244.45 W, 1965 MHz, 3996 MHz, 0 %, 0 MiB
2026/08/03 11:37:15.014, 6, P0, 33, 242.32 W, 1965 MHz, 3996 MHz, 0 %, 0 MiB
2026/08/03 11:37:15.014, 7, P0, 37, 243.23 W, 1965 MHz, 3996 MHz, 0 %, 0 MiB
2026/08/03 11:37:16.014, 0, P0, 36, 252.83 W, 1965 MHz, 3996 MHz, 80 %, 161505 MiB
2026/08/03 11:37:16.014, 1, P0, 33, 248.37 W, 1965 MHz, 3996 MHz, 6 %, 161505 MiB
2026/08/03 11:37:16.014, 2, P0, 36, 236.01 W, 1965 MHz, 3996 MHz, 0 %, 0 MiB
2026/08/03 11:37:16.014, 3, P0, 32, 238.46 W, 1965 MHz, 3996 MHz, 0 %, 0 MiB
2026/08/03 11:37:16.014, 4, P0, 33, 235.49 W, 1965 MHz, 3996 MHz, 0 %, 0 MiB
2026/08/03 11:37:16.014, 5, P0, 36, 244.42 W, 1965 MHz, 3996 MHz, 0 %, 0 MiB
2026/08/03 11:37:16.014, 6, P0, 33, 242.31 W, 1965 MHz, 3996 MHz, 0 %, 0 MiB
2026/08/03 11:37:16.014, 7, P0, 37, 243.18 W, 1965 MHz, 3996 MHz, 0 %, 0 MiB
2026/08/03 11:37:17.014, 0, P0, 36, 252.23 W, 1965 MHz, 3996 MHz, 82 %, 161505 MiB
2026/08/03 11:37:17.014, 1, P0, 33, 247.64 W, 1965 MHz, 3996 MHz, 6 %, 161505 MiB
2026/08/03 11:37:17.014, 2, P0, 36, 236.03 W, 1965 MHz, 3996 MHz, 0 %, 0 MiB
2026/08/03 11:37:17.014, 3, P0, 32, 238.43 W, 1965 MHz, 3996 MHz, 0 %, 0 MiB
2026/08/03 11:37:17.014, 4, P0, 33, 235.43 W, 1965 MHz, 3996 MHz, 0 %, 0 MiB
2026/08/03 11:37:17.014, 5, P0, 36, 244.41 W, 1965 MHz, 3996 MHz, 0 %, 0 MiB
2026/08/03 11:37:17.014, 6, P0, 33, 242.26 W, 1965 MHz, 3996 MHz, 0 %, 0 MiB
2026/08/03 11:37:17.014, 7, P0, 37, 243.10 W, 1965 MHz, 3996 MHz, 0 %, 0 MiB
2026/08/03 11:37:18.014, 0, P0, 36, 252.32 W, 1965 MHz, 3996 MHz, 88 %, 161505 MiB
2026/08/03 11:37:18.014, 1, P0, 33, 248.04 W, 1965 MHz, 3996 MHz, 7 %, 161505 MiB
2026/08/03 11:37:18.014, 2, P0, 36, 235.94 W, 1965 MHz, 3996 MHz, 0 %, 0 MiB
2026/08/03 11:37:18.014, 3, P0, 32, 238.52 W, 1965 MHz, 3996 MHz, 0 %, 0 MiB
2026/08/03 11:37:18.014, 4, P0, 33, 235.51 W, 1965 MHz, 3996 MHz, 0 %, 0 MiB
2026/08/03 11:37:18.014, 5, P0, 36, 244.39 W, 1965 MHz, 3996 MHz, 0 %, 0 MiB
2026/08/03 11:37:18.014, 6, P0, 33, 242.26 W, 1965 MHz, 3996 MHz, 0 %, 0 MiB
2026/08/03 11:37:18.014, 7, P0, 37, 243.09 W, 1965 MHz, 3996 MHz, 0 %, 0 MiB
2026/08/03 11:37:19.015, 0, P0, 36, 252.36 W, 1965 MHz, 3996 MHz, 85 %, 161505 MiB
2026/08/03 11:37:19.015, 1, P0, 33, 248.17 W, 1965 MHz, 3996 MHz, 6 %, 161505 MiB
2026/08/03 11:37:19.015, 2, P0, 36, 236.02 W, 1965 MHz, 3996 MHz, 0 %, 0 MiB
2026/08/03 11:37:19.015, 3, P0, 32, 238.49 W, 1965 MHz, 3996 MHz, 0 %, 0 MiB
2026/08/03 11:37:19.015, 4, P0, 33, 235.50 W, 1965 MHz, 3996 MHz, 0 %, 0 MiB
2026/08/03 11:37:19.015, 5, P0, 36, 244.45 W, 1965 MHz, 3996 MHz, 0 %, 0 MiB
2026/08/03 11:37:19.015, 6, P0, 33, 242.27 W, 1965 MHz, 3996 MHz, 0 %, 0 MiB
2026/08/03 11:37:19.015, 7, P0, 37, 243.22 W, 1965 MHz, 3996 MHz, 0 %, 0 MiB
2026/08/03 11:37:20.015, 0, P0, 36, 251.97 W, 1965 MHz, 3996 MHz, 65 %, 161505 MiB
2026/08/03 11:37:20.015, 1, P0, 33, 247.94 W, 1965 MHz, 3996 MHz, 56 %, 161505 MiB
2026/08/03 11:37:20.015, 2, P0, 36, 236.05 W, 1965 MHz, 3996 MHz, 0 %, 0 MiB
2026/08/03 11:37:20.015, 3, P0, 32, 238.48 W, 1965 MHz, 3996 MHz, 0 %, 0 MiB
2026/08/03 11:37:20.015, 4, P0, 33, 235.45 W, 1965 MHz, 3996 MHz, 0 %, 0 MiB
2026/08/03 11:37:20.015, 5, P0, 36, 244.38 W, 1965 MHz, 3996 MHz, 0 %, 0 MiB
2026/08/03 11:37:20.015, 6, P0, 33, 242.32 W, 1965 MHz, 3996 MHz, 0 %, 0 MiB
2026/08/03 11:37:20.015, 7, P0, 37, 243.13 W, 1965 MHz, 3996 MHz, 0 %, 0 MiB
2026/08/03 11:37:21.015, 0, P0, 36, 251.94 W, 1965 MHz, 3996 MHz, 90 %, 161505 MiB
2026/08/03 11:37:21.015, 1, P0, 33, 248.90 W, 1965 MHz, 3996 MHz, 6 %, 161505 MiB
2026/08/03 11:37:21.015, 2, P0, 36, 235.97 W, 1965 MHz, 3996 MHz, 0 %, 0 MiB
2026/08/03 11:37:21.015, 3, P0, 32, 238.51 W, 1965 MHz, 3996 MHz, 0 %, 0 MiB
2026/08/03 11:37:21.015, 4, P0, 33, 235.53 W, 1965 MHz, 3996 MHz, 0 %, 0 MiB
2026/08/03 11:37:21.015, 5, P0, 36, 244.43 W, 1965 MHz, 3996 MHz, 0 %, 0 MiB
2026/08/03 11:37:21.015, 6, P0, 33, 242.29 W, 1965 MHz, 3996 MHz, 0 %, 0 MiB
2026/08/03 11:37:21.015, 7, P0, 37, 243.16 W, 1965 MHz, 3996 MHz, 0 %, 0 MiB
2026/08/03 11:37:22.015, 0, P0, 36, 252.80 W, 1965 MHz, 3996 MHz, 81 %, 161505 MiB
2026/08/03 11:37:22.015, 1, P0, 33, 248.55 W, 1965 MHz, 3996 MHz, 6 %, 161505 MiB
2026/08/03 11:37:22.015, 2, P0, 36, 235.90 W, 1965 MHz, 3996 MHz, 0 %, 0 MiB
2026/08/03 11:37:22.016, 3, P0, 32, 238.50 W, 1965 MHz, 3996 MHz, 0 %, 0 MiB
2026/08/03 11:37:22.016, 4, P0, 33, 235.46 W, 1965 MHz, 3996 MHz, 0 %, 0 MiB
2026/08/03 11:37:22.016, 5, P0, 36, 244.49 W, 1965 MHz, 3996 MHz, 0 %, 0 MiB
2026/08/03 11:37:22.016, 6, P0, 33, 242.32 W, 1965 MHz, 3996 MHz, 0 %, 0 MiB
2026/08/03 11:37:22.016, 7, P0, 37, 243.18 W, 1965 MHz, 3996 MHz, 0 %, 0 MiB
2026/08/03 11:37:23.016, 0, P0, 36, 252.49 W, 1965 MHz, 3996 MHz, 89 %, 161505 MiB
2026/08/03 11:37:23.016, 1, P0, 33, 247.56 W, 1965 MHz, 3996 MHz, 6 %, 161505 MiB
2026/08/03 11:37:23.016, 2, P0, 36, 236.01 W, 1965 MHz, 3996 MHz, 0 %, 0 MiB
2026/08/03 11:37:23.016, 3, P0, 32, 238.53 W, 1965 MHz, 3996 MHz, 0 %, 0 MiB
2026/08/03 11:37:23.016, 4, P0, 33, 235.48 W, 1965 MHz, 3996 MHz, 0 %, 0 MiB
2026/08/03 11:37:23.016, 5, P0, 36, 244.56 W, 1965 MHz, 3996 MHz, 0 %, 0 MiB
2026/08/03 11:37:23.016, 6, P0, 33, 242.29 W, 1965 MHz, 3996 MHz, 0 %, 0 MiB
2026/08/03 11:37:23.016, 7, P0, 37, 243.19 W, 1965 MHz, 3996 MHz, 0 %, 0 MiB
2026/08/03 11:37:24.016, 0, P0, 36, 252.96 W, 1965 MHz, 3996 MHz, 80 %, 161505 MiB
2026/08/03 11:37:24.016, 1, P0, 33, 247.25 W, 1965 MHz, 3996 MHz, 6 %, 161505 MiB
2026/08/03 11:37:24.016, 2, P0, 36, 236.03 W, 1965 MHz, 3996 MHz, 0 %, 0 MiB
2026/08/03 11:37:24.016, 3, P0, 32, 238.50 W, 1965 MHz, 3996 MHz, 0 %, 0 MiB
2026/08/03 11:37:24.016, 4, P0, 33, 235.52 W, 1965 MHz, 3996 MHz, 0 %, 0 MiB
2026/08/03 11:37:24.016, 5, P0, 36, 244.44 W, 1965 MHz, 3996 MHz, 0 %, 0 MiB
2026/08/03 11:37:24.016, 6, P0, 33, 242.27 W, 1965 MHz, 3996 MHz, 0 %, 0 MiB
2026/08/03 11:37:24.016, 7, P0, 37, 243.19 W, 1965 MHz, 3996 MHz, 0 %, 0 MiB
2026/08/03 11:37:25.016, 0, P0, 36, 251.76 W, 1965 MHz, 3996 MHz, 78 %, 161505 MiB
2026/08/03 11:37:25.016, 1, P0, 33, 248.67 W, 1965 MHz, 3996 MHz, 6 %, 161505 MiB
2026/08/03 11:37:25.016, 2, P0, 36, 235.99 W, 1965 MHz, 3996 MHz, 0 %, 0 MiB
2026/08/03 11:37:25.016, 3, P0, 32, 238.53 W, 1965 MHz, 3996 MHz, 0 %, 0 MiB
2026/08/03 11:37:25.016, 4, P0, 33, 235.54 W, 1965 MHz, 3996 MHz, 0 %, 0 MiB
2026/08/03 11:37:25.016, 5, P0, 36, 244.40 W, 1965 MHz, 3996 MHz, 0 %, 0 MiB
2026/08/03 11:37:25.016, 6, P0, 33, 242.23 W, 1965 MHz, 3996 MHz, 0 %, 0 MiB
2026/08/03 11:37:25.016, 7, P0, 37, 243.24 W, 1965 MHz, 3996 MHz, 0 %, 0 MiB
2026/08/03 11:37:26.017, 0, P0, 36, 252.27 W, 1965 MHz, 3996 MHz, 81 %, 161505 MiB
2026/08/03 11:37:26.017, 1, P0, 33, 247.74 W, 1965 MHz, 3996 MHz, 7 %, 161505 MiB
2026/08/03 11:37:26.017, 2, P0, 36, 235.98 W, 1965 MHz, 3996 MHz, 0 %, 0 MiB
2026/08/03 11:37:26.017, 3, P0, 32, 238.45 W, 1965 MHz, 3996 MHz, 0 %, 0 MiB
2026/08/03 11:37:26.017, 4, P0, 33, 235.56 W, 1965 MHz, 3996 MHz, 0 %, 0 MiB
2026/08/03 11:37:26.017, 5, P0, 36, 244.51 W, 1965 MHz, 3996 MHz, 0 %, 0 MiB
2026/08/03 11:37:26.017, 6, P0, 33, 242.28 W, 1965 MHz, 3996 MHz, 0 %, 0 MiB
2026/08/03 11:37:26.017, 7, P0, 37, 243.19 W, 1965 MHz, 3996 MHz, 0 %, 0 MiB
2026/08/03 11:37:27.017, 0, P0, 36, 252.09 W, 1965 MHz, 3996 MHz, 76 %, 161505 MiB
2026/08/03 11:37:27.017, 1, P0, 33, 247.41 W, 1965 MHz, 3996 MHz, 6 %, 161505 MiB
2026/08/03 11:37:27.017, 2, P0, 36, 236.03 W, 1965 MHz, 3996 MHz, 0 %, 0 MiB
2026/08/03 11:37:27.017, 3, P0, 32, 238.49 W, 1965 MHz, 3996 MHz, 0 %, 0 MiB
2026/08/03 11:37:27.017, 4, P0, 33, 235.49 W, 1965 MHz, 3996 MHz, 0 %, 0 MiB
2026/08/03 11:37:27.017, 5, P0, 36, 244.46 W, 1965 MHz, 3996 MHz, 0 %, 0 MiB
2026/08/03 11:37:27.017, 6, P0, 33, 242.26 W, 1965 MHz, 3996 MHz, 0 %, 0 MiB
2026/08/03 11:37:27.017, 7, P0, 37, 243.21 W, 1965 MHz, 3996 MHz, 0 %, 0 MiB
2026/08/03 11:37:28.017, 0, P0, 36, 251.97 W, 1965 MHz, 3996 MHz, 91 %, 161505 MiB
2026/08/03 11:37:28.017, 1, P0, 33, 247.26 W, 1965 MHz, 3996 MHz, 6 %, 161505 MiB
2026/08/03 11:37:28.017, 2, P0, 36, 236.06 W, 1965 MHz, 3996 MHz, 0 %, 0 MiB
2026/08/03 11:37:28.017, 3, P0, 32, 238.49 W, 1965 MHz, 3996 MHz, 0 %, 0 MiB
2026/08/03 11:37:28.017, 4, P0, 33, 235.49 W, 1965 MHz, 3996 MHz, 0 %, 0 MiB
2026/08/03 11:37:28.017, 5, P0, 36, 244.35 W, 1965 MHz, 3996 MHz, 0 %, 0 MiB
2026/08/03 11:37:28.017, 6, P0, 33, 242.29 W, 1965 MHz, 3996 MHz, 0 %, 0 MiB
2026/08/03 11:37:28.017, 7, P0, 37, 243.14 W, 1965 MHz, 3996 MHz, 0 %, 0 MiB
2026/08/03 11:37:29.017, 0, P0, 36, 252.70 W, 1965 MHz, 3996 MHz, 80 %, 161505 MiB
2026/08/03 11:37:29.017, 1, P0, 33, 247.45 W, 1965 MHz, 3996 MHz, 6 %, 161505 MiB
2026/08/03 11:37:29.017, 2, P0, 36, 236.02 W, 1965 MHz, 3996 MHz, 0 %, 0 MiB
2026/08/03 11:37:29.018, 3, P0, 32, 238.51 W, 1965 MHz, 3996 MHz, 0 %, 0 MiB
2026/08/03 11:37:29.018, 4, P0, 33, 235.48 W, 1965 MHz, 3996 MHz, 0 %, 0 MiB
2026/08/03 11:37:29.018, 5, P0, 36, 244.36 W, 1965 MHz, 3996 MHz, 0 %, 0 MiB
2026/08/03 11:37:29.018, 6, P0, 33, 242.32 W, 1965 MHz, 3996 MHz, 0 %, 0 MiB
2026/08/03 11:37:29.018, 7, P0, 37, 243.16 W, 1965 MHz, 3996 MHz, 0 %, 0 MiB
2026/08/03 11:37:30.018, 0, P0, 36, 252.22 W, 1965 MHz, 3996 MHz, 84 %, 161505 MiB
2026/08/03 11:37:30.018, 1, P0, 33, 247.93 W, 1965 MHz, 3996 MHz, 6 %, 161505 MiB
2026/08/03 11:37:30.018, 2, P0, 36, 236.02 W, 1965 MHz, 3996 MHz, 0 %, 0 MiB
2026/08/03 11:37:30.018, 3, P0, 32, 238.54 W, 1965 MHz, 3996 MHz, 0 %, 0 MiB
2026/08/03 11:37:30.018, 4, P0, 33, 235.47 W, 1965 MHz, 3996 MHz, 0 %, 0 MiB
2026/08/03 11:37:30.018, 5, P0, 36, 244.35 W, 1965 MHz, 3996 MHz, 0 %, 0 MiB
2026/08/03 11:37:30.018, 6, P0, 33, 242.28 W, 1965 MHz, 3996 MHz, 0 %, 0 MiB
2026/08/03 11:37:30.018, 7, P0, 37, 243.13 W, 1965 MHz, 3996 MHz, 0 %, 0 MiB
2026/08/03 11:37:31.018, 0, P0, 36, 252.10 W, 1965 MHz, 3996 MHz, 76 %, 161505 MiB
2026/08/03 11:37:31.018, 1, P0, 33, 247.31 W, 1965 MHz, 3996 MHz, 6 %, 161505 MiB
2026/08/03 11:37:31.018, 2, P0, 36, 235.97 W, 1965 MHz, 3996 MHz, 0 %, 0 MiB
2026/08/03 11:37:31.018, 3, P0, 32, 238.47 W, 1965 MHz, 3996 MHz, 0 %, 0 MiB
2026/08/03 11:37:31.018, 4, P0, 33, 235.49 W, 1965 MHz, 3996 MHz, 0 %, 0 MiB
2026/08/03 11:37:31.018, 5, P0, 36, 244.37 W, 1965 MHz, 3996 MHz, 0 %, 0 MiB
2026/08/03 11:37:31.018, 6, P0, 33, 242.23 W, 1965 MHz, 3996 MHz, 0 %, 0 MiB
2026/08/03 11:37:31.018, 7, P0, 37, 243.18 W, 1965 MHz, 3996 MHz, 0 %, 0 MiB
2026/08/03 11:37:32.018, 0, P0, 36, 252.33 W, 1965 MHz, 3996 MHz, 77 %, 161505 MiB
2026/08/03 11:37:32.018, 1, P0, 33, 248.14 W, 1965 MHz, 3996 MHz, 6 %, 161505 MiB
2026/08/03 11:37:32.018, 2, P0, 36, 235.87 W, 1965 MHz, 3996 MHz, 0 %, 0 MiB
2026/08/03 11:37:32.018, 3, P0, 32, 238.51 W, 1965 MHz, 3996 MHz, 0 %, 0 MiB
2026/08/03 11:37:32.018, 4, P0, 33, 235.51 W, 1965 MHz, 3996 MHz, 0 %, 0 MiB
2026/08/03 11:37:32.018, 5, P0, 36, 244.40 W, 1965 MHz, 3996 MHz, 0 %, 0 MiB
2026/08/03 11:37:32.018, 6, P0, 33, 242.36 W, 1965 MHz, 3996 MHz, 0 %, 0 MiB
2026/08/03 11:37:32.018, 7, P0, 37, 243.21 W, 1965 MHz, 3996 MHz, 0 %, 0 MiB
2026/08/03 11:37:33.018, 0, P0, 36, 252.58 W, 1965 MHz, 3996 MHz, 77 %, 161505 MiB
2026/08/03 11:37:33.019, 1, P0, 33, 248.93 W, 1965 MHz, 3996 MHz, 6 %, 161505 MiB
2026/08/03 11:37:33.019, 2, P0, 36, 235.97 W, 1965 MHz, 3996 MHz, 0 %, 0 MiB
2026/08/03 11:37:33.019, 3, P0, 32, 238.47 W, 1965 MHz, 3996 MHz, 0 %, 0 MiB
2026/08/03 11:37:33.019, 4, P0, 33, 235.47 W, 1965 MHz, 3996 MHz, 0 %, 0 MiB
2026/08/03 11:37:33.019, 5, P0, 36, 244.37 W, 1965 MHz, 3996 MHz, 0 %, 0 MiB
2026/08/03 11:37:33.019, 6, P0, 33, 242.27 W, 1965 MHz, 3996 MHz, 0 %, 0 MiB
2026/08/03 11:37:33.019, 7, P0, 37, 243.18 W, 1965 MHz, 3996 MHz, 0 %, 0 MiB
2026/08/03 11:37:34.019, 0, P0, 36, 251.50 W, 1965 MHz, 3996 MHz, 86 %, 161505 MiB
2026/08/03 11:37:34.019, 1, P0, 33, 246.83 W, 1965 MHz, 3996 MHz, 6 %, 161505 MiB
2026/08/03 11:37:34.019, 2, P0, 36, 235.94 W, 1965 MHz, 3996 MHz, 0 %, 0 MiB
2026/08/03 11:37:34.019, 3, P0, 32, 238.46 W, 1965 MHz, 3996 MHz, 0 %, 0 MiB
2026/08/03 11:37:34.019, 4, P0, 33, 235.48 W, 1965 MHz, 3996 MHz, 0 %, 0 MiB
2026/08/03 11:37:34.019, 5, P0, 36, 244.43 W, 1965 MHz, 3996 MHz, 0 %, 0 MiB
2026/08/03 11:37:34.019, 6, P0, 33, 242.20 W, 1965 MHz, 3996 MHz, 0 %, 0 MiB
2026/08/03 11:37:34.019, 7, P0, 37, 243.21 W, 1965 MHz, 3996 MHz, 0 %, 0 MiB
2026/08/03 11:37:35.019, 0, P0, 36, 251.84 W, 1965 MHz, 3996 MHz, 89 %, 161505 MiB
2026/08/03 11:37:35.019, 1, P0, 33, 247.70 W, 1965 MHz, 3996 MHz, 6 %, 161505 MiB
2026/08/03 11:37:35.019, 2, P0, 36, 235.95 W, 1965 MHz, 3996 MHz, 0 %, 0 MiB
2026/08/03 11:37:35.019, 3, P0, 32, 238.53 W, 1965 MHz, 3996 MHz, 0 %, 0 MiB
2026/08/03 11:37:35.019, 4, P0, 33, 235.51 W, 1965 MHz, 3996 MHz, 0 %, 0 MiB
2026/08/03 11:37:35.019, 5, P0, 36, 244.45 W, 1965 MHz, 3996 MHz, 0 %, 0 MiB
2026/08/03 11:37:35.019, 6, P0, 33, 242.35 W, 1965 MHz, 3996 MHz, 0 %, 0 MiB
2026/08/03 11:37:35.019, 7, P0, 37, 243.14 W, 1965 MHz, 3996 MHz, 0 %, 0 MiB
2026/08/03 11:37:36.019, 0, P0, 36, 252.27 W, 1965 MHz, 3996 MHz, 91 %, 161505 MiB
2026/08/03 11:37:36.019, 1, P0, 33, 247.70 W, 1965 MHz, 3996 MHz, 6 %, 161505 MiB
2026/08/03 11:37:36.019, 2, P0, 36, 235.99 W, 1965 MHz, 3996 MHz, 0 %, 0 MiB
2026/08/03 11:37:36.019, 3, P0, 32, 238.49 W, 1965 MHz, 3996 MHz, 0 %, 0 MiB
2026/08/03 11:37:36.019, 4, P0, 33, 235.49 W, 1965 MHz, 3996 MHz, 0 %, 0 MiB
2026/08/03 11:37:36.019, 5, P0, 36, 244.46 W, 1965 MHz, 3996 MHz, 0 %, 0 MiB
2026/08/03 11:37:36.019, 6, P0, 33, 242.18 W, 1965 MHz, 3996 MHz, 0 %, 0 MiB
2026/08/03 11:37:36.019, 7, P0, 37, 243.13 W, 1965 MHz, 3996 MHz, 0 %, 0 MiB
2026/08/03 11:37:37.020, 0, P0, 36, 251.65 W, 1965 MHz, 3996 MHz, 82 %, 161505 MiB
2026/08/03 11:37:37.020, 1, P0, 33, 247.88 W, 1965 MHz, 3996 MHz, 6 %, 161505 MiB
2026/08/03 11:37:37.020, 2, P0, 36, 236.00 W, 1965 MHz, 3996 MHz, 0 %, 0 MiB
2026/08/03 11:37:37.020, 3, P0, 32, 238.50 W, 1965 MHz, 3996 MHz, 0 %, 0 MiB
2026/08/03 11:37:37.020, 4, P0, 33, 235.50 W, 1965 MHz, 3996 MHz, 0 %, 0 MiB
2026/08/03 11:37:37.020, 5, P0, 36, 244.53 W, 1965 MHz, 3996 MHz, 0 %, 0 MiB
2026/08/03 11:37:37.020, 6, P0, 33, 242.20 W, 1965 MHz, 3996 MHz, 0 %, 0 MiB
2026/08/03 11:37:37.020, 7, P0, 37, 243.15 W, 1965 MHz, 3996 MHz, 0 %, 0 MiB
2026/08/03 11:37:38.020, 0, P0, 36, 251.56 W, 1965 MHz, 3996 MHz, 82 %, 161505 MiB
2026/08/03 11:37:38.020, 1, P0, 33, 247.89 W, 1965 MHz, 3996 MHz, 6 %, 161505 MiB
2026/08/03 11:37:38.020, 2, P0, 36, 235.93 W, 1965 MHz, 3996 MHz, 0 %, 0 MiB
2026/08/03 11:37:38.020, 3, P0, 32, 238.53 W, 1965 MHz, 3996 MHz, 0 %, 0 MiB
2026/08/03 11:37:38.020, 4, P0, 33, 235.55 W, 1965 MHz, 3996 MHz, 0 %, 0 MiB
2026/08/03 11:37:38.020, 5, P0, 36, 244.32 W, 1965 MHz, 3996 MHz, 0 %, 0 MiB
2026/08/03 11:37:38.020, 6, P0, 33, 242.29 W, 1965 MHz, 3996 MHz, 0 %, 0 MiB
2026/08/03 11:37:38.020, 7, P0, 37, 243.23 W, 1965 MHz, 3996 MHz, 0 %, 0 MiB
2026/08/03 11:37:39.020, 0, P0, 36, 252.01 W, 1965 MHz, 3996 MHz, 82 %, 161505 MiB
2026/08/03 11:37:39.020, 1, P0, 33, 249.18 W, 1965 MHz, 3996 MHz, 6 %, 161505 MiB
2026/08/03 11:37:39.020, 2, P0, 36, 235.93 W, 1965 MHz, 3996 MHz, 0 %, 0 MiB
2026/08/03 11:37:39.020, 3, P0, 32, 238.55 W, 1965 MHz, 3996 MHz, 0 %, 0 MiB
2026/08/03 11:37:39.020, 4, P0, 33, 235.48 W, 1965 MHz, 3996 MHz, 0 %, 0 MiB
2026/08/03 11:37:39.020, 5, P0, 36, 244.41 W, 1965 MHz, 3996 MHz, 0 %, 0 MiB
2026/08/03 11:37:39.020, 6, P0, 33, 242.23 W, 1965 MHz, 3996 MHz, 0 %, 0 MiB
2026/08/03 11:37:39.020, 7, P0, 37, 243.23 W, 1965 MHz, 3996 MHz, 0 %, 0 MiB
2026/08/03 11:37:40.020, 0, P0, 36, 251.90 W, 1965 MHz, 3996 MHz, 81 %, 161505 MiB
2026/08/03 11:37:40.020, 1, P0, 33, 248.39 W, 1965 MHz, 3996 MHz, 6 %, 161505 MiB
2026/08/03 11:37:40.020, 2, P0, 36, 235.93 W, 1965 MHz, 3996 MHz, 0 %, 0 MiB
2026/08/03 11:37:40.020, 3, P0, 32, 238.56 W, 1965 MHz, 3996 MHz, 0 %, 0 MiB
2026/08/03 11:37:40.020, 4, P0, 33, 235.42 W, 1965 MHz, 3996 MHz, 0 %, 0 MiB
2026/08/03 11:37:40.021, 5, P0, 36, 244.36 W, 1965 MHz, 3996 MHz, 0 %, 0 MiB
2026/08/03 11:37:40.021, 6, P0, 33, 242.28 W, 1965 MHz, 3996 MHz, 0 %, 0 MiB
2026/08/03 11:37:40.021, 7, P0, 37, 243.28 W, 1965 MHz, 3996 MHz, 0 %, 0 MiB
2026/08/03 11:37:41.021, 0, P0, 36, 251.62 W, 1965 MHz, 3996 MHz, 87 %, 161505 MiB
2026/08/03 11:37:41.021, 1, P0, 33, 249.27 W, 1965 MHz, 3996 MHz, 6 %, 161505 MiB
2026/08/03 11:37:41.021, 2, P0, 36, 235.91 W, 1965 MHz, 3996 MHz, 0 %, 0 MiB
2026/08/03 11:37:41.021, 3, P0, 32, 238.53 W, 1965 MHz, 3996 MHz, 0 %, 0 MiB
2026/08/03 11:37:41.021, 4, P0, 33, 235.46 W, 1965 MHz, 3996 MHz, 0 %, 0 MiB
2026/08/03 11:37:41.021, 5, P0, 36, 244.32 W, 1965 MHz, 3996 MHz, 0 %, 0 MiB
2026/08/03 11:37:41.021, 6, P0, 33, 242.27 W, 1965 MHz, 3996 MHz, 0 %, 0 MiB
2026/08/03 11:37:41.021, 7, P0, 37, 243.27 W, 1965 MHz, 3996 MHz, 0 %, 0 MiB
2026/08/03 11:37:42.021, 0, P0, 36, 270.25 W, 1965 MHz, 3996 MHz, 84 %, 161507 MiB
2026/08/03 11:37:42.021, 1, P0, 33, 252.36 W, 1965 MHz, 3996 MHz, 6 %, 161507 MiB
2026/08/03 11:37:42.021, 2, P0, 36, 235.94 W, 1965 MHz, 3996 MHz, 0 %, 0 MiB
2026/08/03 11:37:42.021, 3, P0, 32, 238.48 W, 1965 MHz, 3996 MHz, 0 %, 0 MiB
2026/08/03 11:37:42.021, 4, P0, 33, 235.47 W, 1965 MHz, 3996 MHz, 0 %, 0 MiB
2026/08/03 11:37:42.021, 5, P0, 36, 244.31 W, 1965 MHz, 3996 MHz, 0 %, 0 MiB
2026/08/03 11:37:42.021, 6, P0, 33, 242.31 W, 1965 MHz, 3996 MHz, 0 %, 0 MiB
2026/08/03 11:37:42.021, 7, P0, 37, 243.14 W, 1965 MHz, 3996 MHz, 0 %, 0 MiB
2026/08/03 11:37:43.021, 0, P0, 36, 254.68 W, 1965 MHz, 3996 MHz, 87 %, 161507 MiB
2026/08/03 11:37:43.021, 1, P0, 33, 249.72 W, 1965 MHz, 3996 MHz, 6 %, 161507 MiB
2026/08/03 11:37:43.021, 2, P0, 36, 235.97 W, 1965 MHz, 3996 MHz, 0 %, 0 MiB
2026/08/03 11:37:43.021, 3, P0, 32, 238.54 W, 1965 MHz, 3996 MHz, 0 %, 0 MiB
2026/08/03 11:37:43.021, 4, P0, 33, 235.46 W, 1965 MHz, 3996 MHz, 0 %, 0 MiB
2026/08/03 11:37:43.021, 5, P0, 36, 244.36 W, 1965 MHz, 3996 MHz, 0 %, 0 MiB
2026/08/03 11:37:43.021, 6, P0, 33, 242.28 W, 1965 MHz, 3996 MHz, 0 %, 0 MiB
2026/08/03 11:37:43.021, 7, P0, 37, 243.18 W, 1965 MHz, 3996 MHz, 0 %, 0 MiB
2026/08/03 11:37:44.022, 0, P0, 36, 269.79 W, 1965 MHz, 3996 MHz, 81 %, 161507 MiB
2026/08/03 11:37:44.022, 1, P0, 33, 252.54 W, 1965 MHz, 3996 MHz, 13 %, 161507 MiB
2026/08/03 11:37:44.022, 2, P0, 36, 235.95 W, 1965 MHz, 3996 MHz, 0 %, 0 MiB
2026/08/03 11:37:44.022, 3, P0, 32, 238.46 W, 1965 MHz, 3996 MHz, 0 %, 0 MiB
2026/08/03 11:37:44.022, 4, P0, 33, 235.51 W, 1965 MHz, 3996 MHz, 0 %, 0 MiB
2026/08/03 11:37:44.022, 5, P0, 36, 244.40 W, 1965 MHz, 3996 MHz, 0 %, 0 MiB
2026/08/03 11:37:44.022, 6, P0, 33, 242.30 W, 1965 MHz, 3996 MHz, 0 %, 0 MiB
2026/08/03 11:37:44.022, 7, P0, 37, 243.18 W, 1965 MHz, 3996 MHz, 0 %, 0 MiB
2026/08/03 11:37:45.022, 0, P0, 36, 253.50 W, 1965 MHz, 3996 MHz, 77 %, 161507 MiB
2026/08/03 11:37:45.022, 1, P0, 33, 248.92 W, 1965 MHz, 3996 MHz, 6 %, 161507 MiB
2026/08/03 11:37:45.022, 2, P0, 36, 235.98 W, 1965 MHz, 3996 MHz, 0 %, 0 MiB
2026/08/03 11:37:45.022, 3, P0, 32, 238.48 W, 1965 MHz, 3996 MHz, 0 %, 0 MiB
2026/08/03 11:37:45.022, 4, P0, 33, 235.46 W, 1965 MHz, 3996 MHz, 0 %, 0 MiB
2026/08/03 11:37:45.022, 5, P0, 36, 244.39 W, 1965 MHz, 3996 MHz, 0 %, 0 MiB
2026/08/03 11:37:45.022, 6, P0, 33, 242.32 W, 1965 MHz, 3996 MHz, 0 %, 0 MiB
2026/08/03 11:37:45.022, 7, P0, 37, 243.18 W, 1965 MHz, 3996 MHz, 0 %, 0 MiB
2026/08/03 11:37:46.022, 0, P0, 37, 268.75 W, 1965 MHz, 3996 MHz, 82 %, 161507 MiB
2026/08/03 11:37:46.022, 1, P0, 33, 251.76 W, 1965 MHz, 3996 MHz, 7 %, 161507 MiB
2026/08/03 11:37:46.022, 2, P0, 36, 235.99 W, 1965 MHz, 3996 MHz, 0 %, 0 MiB
2026/08/03 11:37:46.022, 3, P0, 32, 238.44 W, 1965 MHz, 3996 MHz, 0 %, 0 MiB
2026/08/03 11:37:46.022, 4, P0, 33, 235.56 W, 1965 MHz, 3996 MHz, 0 %, 0 MiB
2026/08/03 11:37:46.022, 5, P0, 36, 244.36 W, 1965 MHz, 3996 MHz, 0 %, 0 MiB
2026/08/03 11:37:46.022, 6, P0, 33, 242.24 W, 1965 MHz, 3996 MHz, 0 %, 0 MiB
2026/08/03 11:37:46.022, 7, P0, 37, 243.25 W, 1965 MHz, 3996 MHz, 0 %, 0 MiB
2026/08/03 11:37:47.022, 0, P0, 36, 254.91 W, 1965 MHz, 3996 MHz, 90 %, 161507 MiB
2026/08/03 11:37:47.022, 1, P0, 33, 249.61 W, 1965 MHz, 3996 MHz, 6 %, 161507 MiB
2026/08/03 11:37:47.022, 2, P0, 36, 235.96 W, 1965 MHz, 3996 MHz, 0 %, 0 MiB
2026/08/03 11:37:47.022, 3, P0, 32, 238.47 W, 1965 MHz, 3996 MHz, 0 %, 0 MiB
2026/08/03 11:37:47.022, 4, P0, 33, 235.51 W, 1965 MHz, 3996 MHz, 0 %, 0 MiB
2026/08/03 11:37:47.023, 5, P0, 36, 244.51 W, 1965 MHz, 3996 MHz, 0 %, 0 MiB
2026/08/03 11:37:47.023, 6, P0, 33, 242.19 W, 1965 MHz, 3996 MHz, 0 %, 0 MiB
2026/08/03 11:37:47.023, 7, P0, 37, 243.10 W, 1965 MHz, 3996 MHz, 0 %, 0 MiB
2026/08/03 11:37:48.023, 0, P0, 37, 270.93 W, 1965 MHz, 3996 MHz, 76 %, 161507 MiB
2026/08/03 11:37:48.023, 1, P0, 33, 252.76 W, 1965 MHz, 3996 MHz, 6 %, 161507 MiB
2026/08/03 11:37:48.023, 2, P0, 36, 235.98 W, 1965 MHz, 3996 MHz, 0 %, 0 MiB
2026/08/03 11:37:48.023, 3, P0, 32, 238.48 W, 1965 MHz, 3996 MHz, 0 %, 0 MiB
2026/08/03 11:37:48.023, 4, P0, 33, 235.52 W, 1965 MHz, 3996 MHz, 0 %, 0 MiB
2026/08/03 11:37:48.023, 5, P0, 36, 244.37 W, 1965 MHz, 3996 MHz, 0 %, 0 MiB
2026/08/03 11:37:48.023, 6, P0, 33, 242.27 W, 1965 MHz, 3996 MHz, 0 %, 0 MiB
2026/08/03 11:37:48.023, 7, P0, 37, 243.24 W, 1965 MHz, 3996 MHz, 0 %, 0 MiB
2026/08/03 11:37:49.023, 0, P0, 36, 254.51 W, 1965 MHz, 3996 MHz, 73 %, 161507 MiB
2026/08/03 11:37:49.023, 1, P0, 33, 247.80 W, 1965 MHz, 3996 MHz, 6 %, 161507 MiB
2026/08/03 11:37:49.023, 2, P0, 36, 235.97 W, 1965 MHz, 3996 MHz, 0 %, 0 MiB
2026/08/03 11:37:49.023, 3, P0, 32, 238.49 W, 1965 MHz, 3996 MHz, 0 %, 0 MiB
2026/08/03 11:37:49.023, 4, P0, 33, 235.59 W, 1965 MHz, 3996 MHz, 0 %, 0 MiB
2026/08/03 11:37:49.023, 5, P0, 36, 244.37 W, 1965 MHz, 3996 MHz, 0 %, 0 MiB
2026/08/03 11:37:49.023, 6, P0, 33, 242.33 W, 1965 MHz, 3996 MHz, 0 %, 0 MiB
2026/08/03 11:37:49.023, 7, P0, 37, 243.13 W, 1965 MHz, 3996 MHz, 0 %, 0 MiB
2026/08/03 11:37:50.023, 0, P0, 36, 247.80 W, 1965 MHz, 3996 MHz, 100 %, 161507 MiB
2026/08/03 11:37:50.023, 1, P0, 33, 242.19 W, 1965 MHz, 3996 MHz, 0 %, 161507 MiB
2026/08/03 11:37:50.023, 2, P0, 36, 235.97 W, 1965 MHz, 3996 MHz, 0 %, 0 MiB
2026/08/03 11:37:50.023, 3, P0, 32, 238.51 W, 1965 MHz, 3996 MHz, 0 %, 0 MiB
2026/08/03 11:37:50.023, 4, P0, 33, 235.43 W, 1965 MHz, 3996 MHz, 0 %, 0 MiB
2026/08/03 11:37:50.023, 5, P0, 36, 244.31 W, 1965 MHz, 3996 MHz, 0 %, 0 MiB
2026/08/03 11:37:50.023, 6, P0, 33, 242.26 W, 1965 MHz, 3996 MHz, 0 %, 0 MiB
2026/08/03 11:37:50.023, 7, P0, 37, 243.10 W, 1965 MHz, 3996 MHz, 0 %, 0 MiB
2026/08/03 11:37:51.023, 0, P0, 36, 250.43 W, 1965 MHz, 3996 MHz, 0 %, 161507 MiB
2026/08/03 11:37:51.024, 1, P0, 33, 245.75 W, 1965 MHz, 3996 MHz, 6 %, 161507 MiB
2026/08/03 11:37:51.024, 2, P0, 36, 235.94 W, 1965 MHz, 3996 MHz, 0 %, 0 MiB
2026/08/03 11:37:51.024, 3, P0, 32, 238.49 W, 1965 MHz, 3996 MHz, 0 %, 0 MiB
2026/08/03 11:37:51.024, 4, P0, 33, 235.53 W, 1965 MHz, 3996 MHz, 0 %, 0 MiB
2026/08/03 11:37:51.024, 5, P0, 36, 244.43 W, 1965 MHz, 3996 MHz, 0 %, 0 MiB
2026/08/03 11:37:51.024, 6, P0, 33, 242.31 W, 1965 MHz, 3996 MHz, 0 %, 0 MiB
2026/08/03 11:37:51.024, 7, P0, 37, 243.14 W, 1965 MHz, 3996 MHz, 0 %, 0 MiB
2026/08/03 11:37:52.024, 0, P0, 36, 245.14 W, 1965 MHz, 3996 MHz, 94 %, 161507 MiB
2026/08/03 11:37:52.024, 1, P0, 33, 244.35 W, 1965 MHz, 3996 MHz, 100 %, 161507 MiB
2026/08/03 11:37:52.024, 2, P0, 36, 235.93 W, 1965 MHz, 3996 MHz, 0 %, 0 MiB
2026/08/03 11:37:52.024, 3, P0, 32, 238.53 W, 1965 MHz, 3996 MHz, 0 %, 0 MiB
2026/08/03 11:37:52.024, 4, P0, 33, 235.50 W, 1965 MHz, 3996 MHz, 0 %, 0 MiB
2026/08/03 11:37:52.024, 5, P0, 36, 244.49 W, 1965 MHz, 3996 MHz, 0 %, 0 MiB
2026/08/03 11:37:52.024, 6, P0, 33, 242.15 W, 1965 MHz, 3996 MHz, 0 %, 0 MiB
2026/08/03 11:37:52.024, 7, P0, 37, 243.18 W, 1965 MHz, 3996 MHz, 0 %, 0 MiB
2026/08/03 11:37:53.024, 0, P0, 36, 252.92 W, 1965 MHz, 3996 MHz, 86 %, 161507 MiB
2026/08/03 11:37:53.024, 1, P0, 33, 248.27 W, 1965 MHz, 3996 MHz, 6 %, 161507 MiB
2026/08/03 11:37:53.024, 2, P0, 36, 235.86 W, 1965 MHz, 3996 MHz, 0 %, 0 MiB
2026/08/03 11:37:53.024, 3, P0, 32, 238.52 W, 1965 MHz, 3996 MHz, 0 %, 0 MiB
2026/08/03 11:37:53.024, 4, P0, 33, 235.62 W, 1965 MHz, 3996 MHz, 0 %, 0 MiB
2026/08/03 11:37:53.024, 5, P0, 36, 244.43 W, 1965 MHz, 3996 MHz, 0 %, 0 MiB
2026/08/03 11:37:53.024, 6, P0, 33, 242.26 W, 1965 MHz, 3996 MHz, 0 %, 0 MiB
2026/08/03 11:37:53.024, 7, P0, 37, 243.17 W, 1965 MHz, 3996 MHz, 0 %, 0 MiB
2026/08/03 11:37:54.024, 0, P0, 36, 252.77 W, 1965 MHz, 3996 MHz, 80 %, 161507 MiB
2026/08/03 11:37:54.024, 1, P0, 33, 247.90 W, 1965 MHz, 3996 MHz, 6 %, 161507 MiB
2026/08/03 11:37:54.025, 2, P0, 36, 235.90 W, 1965 MHz, 3996 MHz, 0 %, 0 MiB
2026/08/03 11:37:54.025, 3, P0, 32, 238.48 W, 1965 MHz, 3996 MHz, 0 %, 0 MiB
2026/08/03 11:37:54.025, 4, P0, 33, 235.55 W, 1965 MHz, 3996 MHz, 0 %, 0 MiB
2026/08/03 11:37:54.025, 5, P0, 36, 244.41 W, 1965 MHz, 3996 MHz, 0 %, 0 MiB
2026/08/03 11:37:54.025, 6, P0, 33, 242.31 W, 1965 MHz, 3996 MHz, 0 %, 0 MiB
2026/08/03 11:37:54.025, 7, P0, 37, 243.24 W, 1965 MHz, 3996 MHz, 0 %, 0 MiB
2026/08/03 11:37:55.025, 0, P0, 36, 253.02 W, 1965 MHz, 3996 MHz, 65 %, 161507 MiB
2026/08/03 11:37:55.025, 1, P0, 33, 247.20 W, 1965 MHz, 3996 MHz, 6 %, 161507 MiB
2026/08/03 11:37:55.025, 2, P0, 36, 235.94 W, 1965 MHz, 3996 MHz, 0 %, 0 MiB
2026/08/03 11:37:55.025, 3, P0, 32, 238.49 W, 1965 MHz, 3996 MHz, 0 %, 0 MiB
2026/08/03 11:37:55.025, 4, P0, 33, 235.46 W, 1965 MHz, 3996 MHz, 0 %, 0 MiB
2026/08/03 11:37:55.025, 5, P0, 36, 244.44 W, 1965 MHz, 3996 MHz, 0 %, 0 MiB
2026/08/03 11:37:55.025, 6, P0, 33, 242.30 W, 1965 MHz, 3996 MHz, 0 %, 0 MiB
2026/08/03 11:37:55.025, 7, P0, 37, 243.27 W, 1965 MHz, 3996 MHz, 0 %, 0 MiB
2026/08/03 11:37:56.025, 0, P0, 36, 253.54 W, 1965 MHz, 3996 MHz, 80 %, 161507 MiB
2026/08/03 11:37:56.025, 1, P0, 33, 247.83 W, 1965 MHz, 3996 MHz, 6 %, 161507 MiB
2026/08/03 11:37:56.025, 2, P0, 36, 235.98 W, 1965 MHz, 3996 MHz, 0 %, 0 MiB
2026/08/03 11:37:56.025, 3, P0, 32, 238.53 W, 1965 MHz, 3996 MHz, 0 %, 0 MiB
2026/08/03 11:37:56.025, 4, P0, 33, 235.60 W, 1965 MHz, 3996 MHz, 0 %, 0 MiB
2026/08/03 11:37:56.025, 5, P0, 36, 244.36 W, 1965 MHz, 3996 MHz, 0 %, 0 MiB
2026/08/03 11:37:56.025, 6, P0, 33, 242.29 W, 1965 MHz, 3996 MHz, 0 %, 0 MiB
2026/08/03 11:37:56.025, 7, P0, 37, 243.19 W, 1965 MHz, 3996 MHz, 0 %, 0 MiB
2026/08/03 11:37:57.025, 0, P0, 36, 254.19 W, 1965 MHz, 3996 MHz, 76 %, 161507 MiB
2026/08/03 11:37:57.025, 1, P0, 33, 247.66 W, 1965 MHz, 3996 MHz, 6 %, 161507 MiB
2026/08/03 11:37:57.025, 2, P0, 36, 235.97 W, 1965 MHz, 3996 MHz, 0 %, 0 MiB
2026/08/03 11:37:57.025, 3, P0, 32, 238.53 W, 1965 MHz, 3996 MHz, 0 %, 0 MiB
2026/08/03 11:37:57.025, 4, P0, 33, 235.46 W, 1965 MHz, 3996 MHz, 0 %, 0 MiB
2026/08/03 11:37:57.025, 5, P0, 36, 244.36 W, 1965 MHz, 3996 MHz, 0 %, 0 MiB
2026/08/03 11:37:57.026, 6, P0, 33, 242.26 W, 1965 MHz, 3996 MHz, 0 %, 0 MiB
2026/08/03 11:37:57.026, 7, P0, 37, 243.18 W, 1965 MHz, 3996 MHz, 0 %, 0 MiB
2026/08/03 11:37:58.026, 0, P0, 36, 252.98 W, 1965 MHz, 3996 MHz, 78 %, 161507 MiB
2026/08/03 11:37:58.026, 1, P0, 33, 247.24 W, 1965 MHz, 3996 MHz, 6 %, 161507 MiB
2026/08/03 11:37:58.026, 2, P0, 36, 235.89 W, 1965 MHz, 3996 MHz, 0 %, 0 MiB
2026/08/03 11:37:58.026, 3, P0, 32, 238.50 W, 1965 MHz, 3996 MHz, 0 %, 0 MiB
2026/08/03 11:37:58.026, 4, P0, 33, 235.48 W, 1965 MHz, 3996 MHz, 0 %, 0 MiB
2026/08/03 11:37:58.026, 5, P0, 36, 244.44 W, 1965 MHz, 3996 MHz, 0 %, 0 MiB
2026/08/03 11:37:58.026, 6, P0, 33, 242.26 W, 1965 MHz, 3996 MHz, 0 %, 0 MiB
2026/08/03 11:37:58.026, 7, P0, 37, 243.19 W, 1965 MHz, 3996 MHz, 0 %, 0 MiB
2026/08/03 11:37:59.026, 0, P0, 36, 268.99 W, 1965 MHz, 3996 MHz, 87 %, 161507 MiB
2026/08/03 11:37:59.026, 1, P0, 33, 251.11 W, 1965 MHz, 3996 MHz, 6 %, 161507 MiB
2026/08/03 11:37:59.026, 2, P0, 36, 235.97 W, 1965 MHz, 3996 MHz, 0 %, 0 MiB
2026/08/03 11:37:59.026, 3, P0, 32, 238.48 W, 1965 MHz, 3996 MHz, 0 %, 0 MiB
2026/08/03 11:37:59.026, 4, P0, 33, 235.46 W, 1965 MHz, 3996 MHz, 0 %, 0 MiB
2026/08/03 11:37:59.026, 5, P0, 36, 244.31 W, 1965 MHz, 3996 MHz, 0 %, 0 MiB
2026/08/03 11:37:59.026, 6, P0, 33, 242.23 W, 1965 MHz, 3996 MHz, 0 %, 0 MiB
2026/08/03 11:37:59.026, 7, P0, 37, 243.18 W, 1965 MHz, 3996 MHz, 0 %, 0 MiB
2026/08/03 11:38:00.026, 0, P0, 36, 254.69 W, 1965 MHz, 3996 MHz, 82 %, 161507 MiB
2026/08/03 11:38:00.026, 1, P0, 33, 249.57 W, 1965 MHz, 3996 MHz, 6 %, 161507 MiB
2026/08/03 11:38:00.026, 2, P0, 36, 235.98 W, 1965 MHz, 3996 MHz, 0 %, 0 MiB
2026/08/03 11:38:00.026, 3, P0, 32, 238.46 W, 1965 MHz, 3996 MHz, 0 %, 0 MiB
2026/08/03 11:38:00.026, 4, P0, 33, 235.51 W, 1965 MHz, 3996 MHz, 0 %, 0 MiB
2026/08/03 11:38:00.026, 5, P0, 36, 244.40 W, 1965 MHz, 3996 MHz, 0 %, 0 MiB
2026/08/03 11:38:00.026, 6, P0, 33, 242.35 W, 1965 MHz, 3996 MHz, 0 %, 0 MiB
2026/08/03 11:38:00.026, 7, P0, 37, 243.21 W, 1965 MHz, 3996 MHz, 0 %, 0 MiB
2026/08/03 11:38:01.027, 0, P0, 36, 269.39 W, 1965 MHz, 3996 MHz, 80 %, 161507 MiB
2026/08/03 11:38:01.027, 1, P0, 33, 253.22 W, 1965 MHz, 3996 MHz, 6 %, 161507 MiB
2026/08/03 11:38:01.027, 2, P0, 36, 235.99 W, 1965 MHz, 3996 MHz, 0 %, 0 MiB
2026/08/03 11:38:01.027, 3, P0, 32, 238.48 W, 1965 MHz, 3996 MHz, 0 %, 0 MiB
2026/08/03 11:38:01.027, 4, P0, 33, 235.49 W, 1965 MHz, 3996 MHz, 0 %, 0 MiB
2026/08/03 11:38:01.027, 5, P0, 36, 244.37 W, 1965 MHz, 3996 MHz, 0 %, 0 MiB
2026/08/03 11:38:01.027, 6, P0, 33, 242.30 W, 1965 MHz, 3996 MHz, 0 %, 0 MiB
2026/08/03 11:38:01.027, 7, P0, 37, 243.22 W, 1965 MHz, 3996 MHz, 0 %, 0 MiB
2026/08/03 11:38:02.027, 0, P0, 36, 254.81 W, 1965 MHz, 3996 MHz, 79 %, 161507 MiB
2026/08/03 11:38:02.027, 1, P0, 33, 249.90 W, 1965 MHz, 3996 MHz, 6 %, 161507 MiB
2026/08/03 11:38:02.027, 2, P0, 36, 235.97 W, 1965 MHz, 3996 MHz, 0 %, 0 MiB
2026/08/03 11:38:02.027, 3, P0, 32, 238.43 W, 1965 MHz, 3996 MHz, 0 %, 0 MiB
2026/08/03 11:38:02.027, 4, P0, 33, 235.51 W, 1965 MHz, 3996 MHz, 0 %, 0 MiB
2026/08/03 11:38:02.027, 5, P0, 36, 244.42 W, 1965 MHz, 3996 MHz, 0 %, 0 MiB
2026/08/03 11:38:02.027, 6, P0, 33, 242.31 W, 1965 MHz, 3996 MHz, 0 %, 0 MiB
2026/08/03 11:38:02.027, 7, P0, 37, 243.14 W, 1965 MHz, 3996 MHz, 0 %, 0 MiB
2026/08/03 11:38:03.027, 0, P0, 36, 254.67 W, 1965 MHz, 3996 MHz, 76 %, 161507 MiB
2026/08/03 11:38:03.027, 1, P0, 33, 249.93 W, 1965 MHz, 3996 MHz, 6 %, 161507 MiB
2026/08/03 11:38:03.027, 2, P0, 36, 235.93 W, 1965 MHz, 3996 MHz, 0 %, 0 MiB
2026/08/03 11:38:03.027, 3, P0, 32, 238.52 W, 1965 MHz, 3996 MHz, 0 %, 0 MiB
2026/08/03 11:38:03.027, 4, P0, 33, 235.54 W, 1965 MHz, 3996 MHz, 0 %, 0 MiB
2026/08/03 11:38:03.027, 5, P0, 36, 244.38 W, 1965 MHz, 3996 MHz, 0 %, 0 MiB
2026/08/03 11:38:03.027, 6, P0, 33, 242.37 W, 1965 MHz, 3996 MHz, 0 %, 0 MiB
2026/08/03 11:38:03.027, 7, P0, 37, 243.10 W, 1965 MHz, 3996 MHz, 0 %, 0 MiB
2026/08/03 11:38:04.027, 0, P0, 36, 255.38 W, 1965 MHz, 3996 MHz, 77 %, 161507 MiB
2026/08/03 11:38:04.027, 1, P0, 33, 249.80 W, 1965 MHz, 3996 MHz, 6 %, 161507 MiB
2026/08/03 11:38:04.027, 2, P0, 36, 235.97 W, 1965 MHz, 3996 MHz, 0 %, 0 MiB
2026/08/03 11:38:04.027, 3, P0, 32, 238.50 W, 1965 MHz, 3996 MHz, 0 %, 0 MiB
2026/08/03 11:38:04.028, 4, P0, 33, 235.49 W, 1965 MHz, 3996 MHz, 0 %, 0 MiB
2026/08/03 11:38:04.028, 5, P0, 36, 244.34 W, 1965 MHz, 3996 MHz, 0 %, 0 MiB
2026/08/03 11:38:04.028, 6, P0, 33, 242.29 W, 1965 MHz, 3996 MHz, 0 %, 0 MiB
2026/08/03 11:38:04.028, 7, P0, 37, 243.13 W, 1965 MHz, 3996 MHz, 0 %, 0 MiB
2026/08/03 11:38:05.028, 0, P0, 36, 254.56 W, 1965 MHz, 3996 MHz, 76 %, 161507 MiB
2026/08/03 11:38:05.028, 1, P0, 33, 248.90 W, 1965 MHz, 3996 MHz, 6 %, 161507 MiB
2026/08/03 11:38:05.028, 2, P0, 36, 235.93 W, 1965 MHz, 3996 MHz, 0 %, 0 MiB
2026/08/03 11:38:05.028, 3, P0, 32, 238.53 W, 1965 MHz, 3996 MHz, 0 %, 0 MiB
2026/08/03 11:38:05.028, 4, P0, 33, 235.49 W, 1965 MHz, 3996 MHz, 0 %, 0 MiB
2026/08/03 11:38:05.028, 5, P0, 36, 244.39 W, 1965 MHz, 3996 MHz, 0 %, 0 MiB
2026/08/03 11:38:05.028, 6, P0, 33, 242.21 W, 1965 MHz, 3996 MHz, 0 %, 0 MiB
2026/08/03 11:38:05.028, 7, P0, 37, 243.12 W, 1965 MHz, 3996 MHz, 0 %, 0 MiB
2026/08/03 11:38:06.028, 0, P0, 36, 255.74 W, 1965 MHz, 3996 MHz, 78 %, 161507 MiB
2026/08/03 11:38:06.028, 1, P0, 33, 250.11 W, 1965 MHz, 3996 MHz, 6 %, 161507 MiB
2026/08/03 11:38:06.028, 2, P0, 36, 235.98 W, 1965 MHz, 3996 MHz, 0 %, 0 MiB
2026/08/03 11:38:06.029, 3, P0, 32, 238.49 W, 1965 MHz, 3996 MHz, 0 %, 0 MiB
2026/08/03 11:38:06.029, 4, P0, 33, 235.50 W, 1965 MHz, 3996 MHz, 0 %, 0 MiB
2026/08/03 11:38:06.029, 5, P0, 36, 244.37 W, 1965 MHz, 3996 MHz, 0 %, 0 MiB
2026/08/03 11:38:06.029, 6, P0, 33, 242.16 W, 1965 MHz, 3996 MHz, 0 %, 0 MiB
2026/08/03 11:38:06.030, 7, P0, 37, 243.13 W, 1965 MHz, 3996 MHz, 0 %, 0 MiB
2026/08/03 11:38:07.030, 0, P0, 36, 254.70 W, 1965 MHz, 3996 MHz, 19 %, 161507 MiB
2026/08/03 11:38:07.030, 1, P0, 33, 249.11 W, 1965 MHz, 3996 MHz, 7 %, 161507 MiB
2026/08/03 11:38:07.030, 2, P0, 36, 235.96 W, 1965 MHz, 3996 MHz, 0 %, 0 MiB
2026/08/03 11:38:07.030, 3, P0, 32, 238.49 W, 1965 MHz, 3996 MHz, 0 %, 0 MiB
2026/08/03 11:38:07.030, 4, P0, 33, 235.52 W, 1965 MHz, 3996 MHz, 0 %, 0 MiB
2026/08/03 11:38:07.030, 5, P0, 36, 244.35 W, 1965 MHz, 3996 MHz, 0 %, 0 MiB
2026/08/03 11:38:07.030, 6, P0, 33, 242.22 W, 1965 MHz, 3996 MHz, 0 %, 0 MiB
2026/08/03 11:38:07.030, 7, P0, 37, 243.13 W, 1965 MHz, 3996 MHz, 0 %, 0 MiB
2026/08/03 11:38:08.030, 0, P0, 36, 255.28 W, 1965 MHz, 3996 MHz, 78 %, 161507 MiB
2026/08/03 11:38:08.031, 1, P0, 33, 249.31 W, 1965 MHz, 3996 MHz, 6 %, 161507 MiB
2026/08/03 11:38:08.031, 2, P0, 36, 235.93 W, 1965 MHz, 3996 MHz, 0 %, 0 MiB
2026/08/03 11:38:08.031, 3, P0, 32, 238.48 W, 1965 MHz, 3996 MHz, 0 %, 0 MiB
2026/08/03 11:38:08.032, 4, P0, 33, 235.49 W, 1965 MHz, 3996 MHz, 0 %, 0 MiB
2026/08/03 11:38:08.032, 5, P0, 36, 244.37 W, 1965 MHz, 3996 MHz, 0 %, 0 MiB
2026/08/03 11:38:08.032, 6, P0, 33, 242.24 W, 1965 MHz, 3996 MHz, 0 %, 0 MiB
2026/08/03 11:38:08.033, 7, P0, 37, 243.27 W, 1965 MHz, 3996 MHz, 0 %, 0 MiB
2026/08/03 11:38:09.033, 0, P0, 36, 254.12 W, 1965 MHz, 3996 MHz, 73 %, 161507 MiB
2026/08/03 11:38:09.033, 1, P0, 33, 250.43 W, 1965 MHz, 3996 MHz, 6 %, 161507 MiB
2026/08/03 11:38:09.033, 2, P0, 36, 235.98 W, 1965 MHz, 3996 MHz, 0 %, 0 MiB
2026/08/03 11:38:09.033, 3, P0, 32, 238.48 W, 1965 MHz, 3996 MHz, 0 %, 0 MiB
2026/08/03 11:38:09.033, 4, P0, 33, 235.51 W, 1965 MHz, 3996 MHz, 0 %, 0 MiB
2026/08/03 11:38:09.033, 5, P0, 36, 244.34 W, 1965 MHz, 3996 MHz, 0 %, 0 MiB
2026/08/03 11:38:09.033, 6, P0, 33, 242.26 W, 1965 MHz, 3996 MHz, 0 %, 0 MiB
2026/08/03 11:38:09.033, 7, P0, 37, 243.20 W, 1965 MHz, 3996 MHz, 0 %, 0 MiB
2026/08/03 11:38:10.033, 0, P0, 36, 254.77 W, 1965 MHz, 3996 MHz, 79 %, 161507 MiB
2026/08/03 11:38:10.033, 1, P0, 33, 249.12 W, 1965 MHz, 3996 MHz, 6 %, 161507 MiB
2026/08/03 11:38:10.033, 2, P0, 36, 235.97 W, 1965 MHz, 3996 MHz, 0 %, 0 MiB
2026/08/03 11:38:10.033, 3, P0, 32, 238.47 W, 1965 MHz, 3996 MHz, 0 %, 0 MiB
2026/08/03 11:38:10.033, 4, P0, 33, 235.53 W, 1965 MHz, 3996 MHz, 0 %, 0 MiB
2026/08/03 11:38:10.033, 5, P0, 36, 244.31 W, 1965 MHz, 3996 MHz, 0 %, 0 MiB
2026/08/03 11:38:10.033, 6, P0, 33, 242.32 W, 1965 MHz, 3996 MHz, 0 %, 0 MiB
2026/08/03 11:38:10.033, 7, P0, 37, 243.26 W, 1965 MHz, 3996 MHz, 0 %, 0 MiB
2026/08/03 11:38:11.033, 0, P0, 36, 254.12 W, 1965 MHz, 3996 MHz, 68 %, 161507 MiB
2026/08/03 11:38:11.033, 1, P0, 33, 250.04 W, 1965 MHz, 3996 MHz, 6 %, 161507 MiB
2026/08/03 11:38:11.033, 2, P0, 36, 235.98 W, 1965 MHz, 3996 MHz, 0 %, 0 MiB
2026/08/03 11:38:11.033, 3, P0, 32, 238.55 W, 1965 MHz, 3996 MHz, 0 %, 0 MiB
2026/08/03 11:38:11.033, 4, P0, 33, 235.55 W, 1965 MHz, 3996 MHz, 0 %, 0 MiB
2026/08/03 11:38:11.033, 5, P0, 36, 244.32 W, 1965 MHz, 3996 MHz, 0 %, 0 MiB
2026/08/03 11:38:11.033, 6, P0, 33, 242.32 W, 1965 MHz, 3996 MHz, 0 %, 0 MiB
2026/08/03 11:38:11.033, 7, P0, 37, 243.28 W, 1965 MHz, 3996 MHz, 0 %, 0 MiB
2026/08/03 11:38:12.034, 0, P0, 36, 254.94 W, 1965 MHz, 3996 MHz, 83 %, 161507 MiB
2026/08/03 11:38:12.034, 1, P0, 33, 249.79 W, 1965 MHz, 3996 MHz, 6 %, 161507 MiB
2026/08/03 11:38:12.034, 2, P0, 36, 235.99 W, 1965 MHz, 3996 MHz, 0 %, 0 MiB
2026/08/03 11:38:12.034, 3, P0, 32, 238.49 W, 1965 MHz, 3996 MHz, 0 %, 0 MiB
2026/08/03 11:38:12.034, 4, P0, 33, 235.47 W, 1965 MHz, 3996 MHz, 0 %, 0 MiB
2026/08/03 11:38:12.034, 5, P0, 36, 244.35 W, 1965 MHz, 3996 MHz, 0 %, 0 MiB
2026/08/03 11:38:12.034, 6, P0, 33, 242.31 W, 1965 MHz, 3996 MHz, 0 %, 0 MiB
2026/08/03 11:38:12.034, 7, P0, 37, 243.14 W, 1965 MHz, 3996 MHz, 0 %, 0 MiB
2026/08/03 11:38:13.034, 0, P0, 36, 254.40 W, 1965 MHz, 3996 MHz, 78 %, 161507 MiB
2026/08/03 11:38:13.035, 1, P0, 33, 249.42 W, 1965 MHz, 3996 MHz, 6 %, 161507 MiB
2026/08/03 11:38:13.035, 2, P0, 36, 236.03 W, 1965 MHz, 3996 MHz, 0 %, 0 MiB
2026/08/03 11:38:13.036, 3, P0, 32, 238.57 W, 1965 MHz, 3996 MHz, 0 %, 0 MiB
2026/08/03 11:38:13.036, 4, P0, 33, 235.46 W, 1965 MHz, 3996 MHz, 0 %, 0 MiB
2026/08/03 11:38:13.036, 5, P0, 36, 244.32 W, 1965 MHz, 3996 MHz, 0 %, 0 MiB
2026/08/03 11:38:13.036, 6, P0, 33, 242.34 W, 1965 MHz, 3996 MHz, 0 %, 0 MiB
2026/08/03 11:38:13.038, 7, P0, 37, 243.17 W, 1965 MHz, 3996 MHz, 0 %, 0 MiB
2026/08/03 11:38:14.038, 0, P0, 36, 255.43 W, 1965 MHz, 3996 MHz, 76 %, 161507 MiB
2026/08/03 11:38:14.038, 1, P0, 33, 249.05 W, 1965 MHz, 3996 MHz, 6 %, 161507 MiB
2026/08/03 11:38:14.038, 2, P0, 36, 236.02 W, 1965 MHz, 3996 MHz, 0 %, 0 MiB
2026/08/03 11:38:14.038, 3, P0, 32, 238.58 W, 1965 MHz, 3996 MHz, 0 %, 0 MiB
2026/08/03 11:38:14.038, 4, P0, 33, 235.54 W, 1965 MHz, 3996 MHz, 0 %, 0 MiB
2026/08/03 11:38:14.038, 5, P0, 36, 244.34 W, 1965 MHz, 3996 MHz, 0 %, 0 MiB
2026/08/03 11:38:14.038, 6, P0, 33, 242.31 W, 1965 MHz, 3996 MHz, 0 %, 0 MiB
2026/08/03 11:38:14.038, 7, P0, 37, 243.17 W, 1965 MHz, 3996 MHz, 0 %, 0 MiB
2026/08/03 11:38:15.038, 0, P0, 36, 254.85 W, 1965 MHz, 3996 MHz, 83 %, 161507 MiB
2026/08/03 11:38:15.038, 1, P0, 33, 250.02 W, 1965 MHz, 3996 MHz, 8 %, 161507 MiB
2026/08/03 11:38:15.038, 2, P0, 36, 235.94 W, 1965 MHz, 3996 MHz, 0 %, 0 MiB
2026/08/03 11:38:15.038, 3, P0, 32, 238.53 W, 1965 MHz, 3996 MHz, 0 %, 0 MiB
2026/08/03 11:38:15.038, 4, P0, 33, 235.45 W, 1965 MHz, 3996 MHz, 0 %, 0 MiB
2026/08/03 11:38:15.039, 5, P0, 36, 244.36 W, 1965 MHz, 3996 MHz, 0 %, 0 MiB
2026/08/03 11:38:15.039, 6, P0, 33, 242.32 W, 1965 MHz, 3996 MHz, 0 %, 0 MiB
2026/08/03 11:38:15.039, 7, P0, 37, 243.14 W, 1965 MHz, 3996 MHz, 0 %, 0 MiB
2026/08/03 11:38:16.039, 0, P0, 36, 255.61 W, 1965 MHz, 3996 MHz, 85 %, 161507 MiB
2026/08/03 11:38:16.039, 1, P0, 33, 248.94 W, 1965 MHz, 3996 MHz, 6 %, 161507 MiB
2026/08/03 11:38:16.039, 2, P0, 36, 235.98 W, 1965 MHz, 3996 MHz, 0 %, 0 MiB
2026/08/03 11:38:16.039, 3, P0, 32, 238.51 W, 1965 MHz, 3996 MHz, 0 %, 0 MiB
2026/08/03 11:38:16.039, 4, P0, 33, 235.51 W, 1965 MHz, 3996 MHz, 0 %, 0 MiB
2026/08/03 11:38:16.039, 5, P0, 36, 244.37 W, 1965 MHz, 3996 MHz, 0 %, 0 MiB
2026/08/03 11:38:16.039, 6, P0, 33, 242.32 W, 1965 MHz, 3996 MHz, 0 %, 0 MiB
2026/08/03 11:38:16.039, 7, P0, 37, 243.16 W, 1965 MHz, 3996 MHz, 0 %, 0 MiB
2026/08/03 11:38:17.039, 0, P0, 36, 254.77 W, 1965 MHz, 3996 MHz, 88 %, 161507 MiB
2026/08/03 11:38:17.039, 1, P0, 33, 248.55 W, 1965 MHz, 3996 MHz, 6 %, 161507 MiB
2026/08/03 11:38:17.039, 2, P0, 36, 235.93 W, 1965 MHz, 3996 MHz, 0 %, 0 MiB
2026/08/03 11:38:17.039, 3, P0, 32, 238.46 W, 1965 MHz, 3996 MHz, 0 %, 0 MiB
2026/08/03 11:38:17.039, 4, P0, 33, 235.45 W, 1965 MHz, 3996 MHz, 0 %, 0 MiB
2026/08/03 11:38:17.039, 5, P0, 36, 244.37 W, 1965 MHz, 3996 MHz, 0 %, 0 MiB
2026/08/03 11:38:17.039, 6, P0, 33, 242.38 W, 1965 MHz, 3996 MHz, 0 %, 0 MiB
2026/08/03 11:38:17.039, 7, P0, 37, 243.14 W, 1965 MHz, 3996 MHz, 0 %, 0 MiB
2026/08/03 11:38:18.039, 0, P0, 36, 254.51 W, 1965 MHz, 3996 MHz, 64 %, 161507 MiB
2026/08/03 11:38:18.039, 1, P0, 33, 250.40 W, 1965 MHz, 3996 MHz, 6 %, 161507 MiB
2026/08/03 11:38:18.039, 2, P0, 36, 236.06 W, 1965 MHz, 3996 MHz, 0 %, 0 MiB
2026/08/03 11:38:18.039, 3, P0, 32, 238.52 W, 1965 MHz, 3996 MHz, 0 %, 0 MiB
2026/08/03 11:38:18.039, 4, P0, 33, 235.54 W, 1965 MHz, 3996 MHz, 0 %, 0 MiB
2026/08/03 11:38:18.039, 5, P0, 36, 244.37 W, 1965 MHz, 3996 MHz, 0 %, 0 MiB
2026/08/03 11:38:18.039, 6, P0, 33, 242.33 W, 1965 MHz, 3996 MHz, 0 %, 0 MiB
2026/08/03 11:38:18.039, 7, P0, 37, 243.18 W, 1965 MHz, 3996 MHz, 0 %, 0 MiB
2026/08/03 11:38:19.040, 0, P0, 36, 254.27 W, 1965 MHz, 3996 MHz, 84 %, 161507 MiB
2026/08/03 11:38:19.040, 1, P0, 33, 249.44 W, 1965 MHz, 3996 MHz, 6 %, 161507 MiB
2026/08/03 11:38:19.040, 2, P0, 36, 235.93 W, 1965 MHz, 3996 MHz, 0 %, 0 MiB
2026/08/03 11:38:19.040, 3, P0, 32, 238.54 W, 1965 MHz, 3996 MHz, 0 %, 0 MiB
2026/08/03 11:38:19.040, 4, P0, 33, 235.50 W, 1965 MHz, 3996 MHz, 0 %, 0 MiB
2026/08/03 11:38:19.040, 5, P0, 36, 244.40 W, 1965 MHz, 3996 MHz, 0 %, 0 MiB
2026/08/03 11:38:19.040, 6, P0, 33, 242.32 W, 1965 MHz, 3996 MHz, 0 %, 0 MiB
2026/08/03 11:38:19.040, 7, P0, 37, 243.18 W, 1965 MHz, 3996 MHz, 0 %, 0 MiB
2026/08/03 11:38:20.040, 0, P0, 36, 254.72 W, 1965 MHz, 3996 MHz, 85 %, 161507 MiB
2026/08/03 11:38:20.040, 1, P0, 33, 250.26 W, 1965 MHz, 3996 MHz, 6 %, 161507 MiB
2026/08/03 11:38:20.040, 2, P0, 36, 236.01 W, 1965 MHz, 3996 MHz, 0 %, 0 MiB
2026/08/03 11:38:20.040, 3, P0, 32, 238.46 W, 1965 MHz, 3996 MHz, 0 %, 0 MiB
2026/08/03 11:38:20.040, 4, P0, 33, 235.46 W, 1965 MHz, 3996 MHz, 0 %, 0 MiB
2026/08/03 11:38:20.040, 5, P0, 36, 244.47 W, 1965 MHz, 3996 MHz, 0 %, 0 MiB
2026/08/03 11:38:20.040, 6, P0, 33, 242.30 W, 1965 MHz, 3996 MHz, 0 %, 0 MiB
2026/08/03 11:38:20.040, 7, P0, 37, 243.20 W, 1965 MHz, 3996 MHz, 0 %, 0 MiB
2026/08/03 11:38:21.040, 0, P0, 36, 253.42 W, 1965 MHz, 3996 MHz, 87 %, 161507 MiB
2026/08/03 11:38:21.040, 1, P0, 33, 249.82 W, 1965 MHz, 3996 MHz, 6 %, 161507 MiB
2026/08/03 11:38:21.040, 2, P0, 36, 235.96 W, 1965 MHz, 3996 MHz, 0 %, 0 MiB
2026/08/03 11:38:21.040, 3, P0, 32, 238.49 W, 1965 MHz, 3996 MHz, 0 %, 0 MiB
2026/08/03 11:38:21.040, 4, P0, 33, 235.48 W, 1965 MHz, 3996 MHz, 0 %, 0 MiB
2026/08/03 11:38:21.040, 5, P0, 36, 244.45 W, 1965 MHz, 3996 MHz, 0 %, 0 MiB
2026/08/03 11:38:21.040, 6, P0, 33, 242.41 W, 1965 MHz, 3996 MHz, 0 %, 0 MiB
2026/08/03 11:38:21.040, 7, P0, 37, 243.22 W, 1965 MHz, 3996 MHz, 0 %, 0 MiB
2026/08/03 11:38:22.040, 0, P0, 36, 254.82 W, 1965 MHz, 3996 MHz, 84 %, 161507 MiB
2026/08/03 11:38:22.040, 1, P0, 33, 250.53 W, 1965 MHz, 3996 MHz, 6 %, 161507 MiB
2026/08/03 11:38:22.040, 2, P0, 36, 235.99 W, 1965 MHz, 3996 MHz, 0 %, 0 MiB
2026/08/03 11:38:22.041, 3, P0, 32, 238.50 W, 1965 MHz, 3996 MHz, 0 %, 0 MiB
2026/08/03 11:38:22.041, 4, P0, 33, 235.46 W, 1965 MHz, 3996 MHz, 0 %, 0 MiB
2026/08/03 11:38:22.041, 5, P0, 36, 244.42 W, 1965 MHz, 3996 MHz, 0 %, 0 MiB
2026/08/03 11:38:22.041, 6, P0, 33, 242.31 W, 1965 MHz, 3996 MHz, 0 %, 0 MiB
2026/08/03 11:38:22.041, 7, P0, 37, 243.16 W, 1965 MHz, 3996 MHz, 0 %, 0 MiB
2026/08/03 11:38:23.041, 0, P0, 36, 254.57 W, 1965 MHz, 3996 MHz, 51 %, 161507 MiB
2026/08/03 11:38:23.041, 1, P0, 33, 248.95 W, 1965 MHz, 3996 MHz, 8 %, 161507 MiB
2026/08/03 11:38:23.041, 2, P0, 36, 235.98 W, 1965 MHz, 3996 MHz, 0 %, 0 MiB
2026/08/03 11:38:23.041, 3, P0, 32, 238.49 W, 1965 MHz, 3996 MHz, 0 %, 0 MiB
2026/08/03 11:38:23.041, 4, P0, 33, 235.50 W, 1965 MHz, 3996 MHz, 0 %, 0 MiB
2026/08/03 11:38:23.041, 5, P0, 36, 244.43 W, 1965 MHz, 3996 MHz, 0 %, 0 MiB
2026/08/03 11:38:23.041, 6, P0, 33, 242.35 W, 1965 MHz, 3996 MHz, 0 %, 0 MiB
2026/08/03 11:38:23.041, 7, P0, 37, 243.18 W, 1965 MHz, 3996 MHz, 0 %, 0 MiB
2026/08/03 11:38:24.041, 0, P0, 36, 255.09 W, 1965 MHz, 3996 MHz, 88 %, 161507 MiB
2026/08/03 11:38:24.041, 1, P0, 33, 250.29 W, 1965 MHz, 3996 MHz, 6 %, 161507 MiB
2026/08/03 11:38:24.041, 2, P0, 36, 235.98 W, 1965 MHz, 3996 MHz, 0 %, 0 MiB
2026/08/03 11:38:24.041, 3, P0, 32, 238.52 W, 1965 MHz, 3996 MHz, 0 %, 0 MiB
2026/08/03 11:38:24.041, 4, P0, 33, 235.55 W, 1965 MHz, 3996 MHz, 0 %, 0 MiB
2026/08/03 11:38:24.041, 5, P0, 36, 244.37 W, 1965 MHz, 3996 MHz, 0 %, 0 MiB
2026/08/03 11:38:24.041, 6, P0, 33, 242.37 W, 1965 MHz, 3996 MHz, 0 %, 0 MiB
2026/08/03 11:38:24.041, 7, P0, 37, 243.24 W, 1965 MHz, 3996 MHz, 0 %, 0 MiB
2026/08/03 11:38:25.041, 0, P0, 36, 254.73 W, 1965 MHz, 3996 MHz, 84 %, 161507 MiB
2026/08/03 11:38:25.041, 1, P0, 33, 249.02 W, 1965 MHz, 3996 MHz, 6 %, 161507 MiB
2026/08/03 11:38:25.041, 2, P0, 36, 235.99 W, 1965 MHz, 3996 MHz, 0 %, 0 MiB
2026/08/03 11:38:25.041, 3, P0, 32, 238.50 W, 1965 MHz, 3996 MHz, 0 %, 0 MiB
2026/08/03 11:38:25.041, 4, P0, 33, 235.50 W, 1965 MHz, 3996 MHz, 0 %, 0 MiB
2026/08/03 11:38:25.041, 5, P0, 36, 244.35 W, 1965 MHz, 3996 MHz, 0 %, 0 MiB
2026/08/03 11:38:25.041, 6, P0, 33, 242.29 W, 1965 MHz, 3996 MHz, 0 %, 0 MiB
2026/08/03 11:38:25.041, 7, P0, 37, 243.11 W, 1965 MHz, 3996 MHz, 0 %, 0 MiB
2026/08/03 11:38:26.042, 0, P0, 36, 254.53 W, 1965 MHz, 3996 MHz, 88 %, 161507 MiB
2026/08/03 11:38:26.042, 1, P0, 33, 249.66 W, 1965 MHz, 3996 MHz, 6 %, 161507 MiB
2026/08/03 11:38:26.042, 2, P0, 36, 235.97 W, 1965 MHz, 3996 MHz, 0 %, 0 MiB
2026/08/03 11:38:26.042, 3, P0, 32, 238.54 W, 1965 MHz, 3996 MHz, 0 %, 0 MiB
2026/08/03 11:38:26.042, 4, P0, 33, 235.53 W, 1965 MHz, 3996 MHz, 0 %, 0 MiB
2026/08/03 11:38:26.042, 5, P0, 36, 244.42 W, 1965 MHz, 3996 MHz, 0 %, 0 MiB
2026/08/03 11:38:26.042, 6, P0, 33, 242.27 W, 1965 MHz, 3996 MHz, 0 %, 0 MiB
2026/08/03 11:38:26.042, 7, P0, 37, 243.10 W, 1965 MHz, 3996 MHz, 0 %, 0 MiB
2026/08/03 11:38:27.042, 0, P0, 36, 255.02 W, 1965 MHz, 3996 MHz, 89 %, 161507 MiB
2026/08/03 11:38:27.042, 1, P0, 33, 249.03 W, 1965 MHz, 3996 MHz, 6 %, 161507 MiB
2026/08/03 11:38:27.042, 2, P0, 36, 235.96 W, 1965 MHz, 3996 MHz, 0 %, 0 MiB
2026/08/03 11:38:27.042, 3, P0, 32, 238.49 W, 1965 MHz, 3996 MHz, 0 %, 0 MiB
2026/08/03 11:38:27.042, 4, P0, 33, 235.50 W, 1965 MHz, 3996 MHz, 0 %, 0 MiB
2026/08/03 11:38:27.042, 5, P0, 36, 244.44 W, 1965 MHz, 3996 MHz, 0 %, 0 MiB
2026/08/03 11:38:27.042, 6, P0, 33, 242.25 W, 1965 MHz, 3996 MHz, 0 %, 0 MiB
2026/08/03 11:38:27.042, 7, P0, 37, 243.12 W, 1965 MHz, 3996 MHz, 0 %, 0 MiB
2026/08/03 11:38:28.042, 0, P0, 36, 255.06 W, 1965 MHz, 3996 MHz, 69 %, 161507 MiB
2026/08/03 11:38:28.042, 1, P0, 33, 249.22 W, 1965 MHz, 3996 MHz, 6 %, 161507 MiB
2026/08/03 11:38:28.042, 2, P0, 36, 235.92 W, 1965 MHz, 3996 MHz, 0 %, 0 MiB
2026/08/03 11:38:28.042, 3, P0, 32, 238.52 W, 1965 MHz, 3996 MHz, 0 %, 0 MiB
2026/08/03 11:38:28.042, 4, P0, 33, 235.46 W, 1965 MHz, 3996 MHz, 0 %, 0 MiB
2026/08/03 11:38:28.042, 5, P0, 36, 244.42 W, 1965 MHz, 3996 MHz, 0 %, 0 MiB
2026/08/03 11:38:28.042, 6, P0, 33, 242.24 W, 1965 MHz, 3996 MHz, 0 %, 0 MiB
2026/08/03 11:38:28.042, 7, P0, 37, 243.20 W, 1965 MHz, 3996 MHz, 0 %, 0 MiB
2026/08/03 11:38:29.042, 0, P0, 36, 254.74 W, 1965 MHz, 3996 MHz, 86 %, 161507 MiB
2026/08/03 11:38:29.042, 1, P0, 33, 250.24 W, 1965 MHz, 3996 MHz, 6 %, 161507 MiB
2026/08/03 11:38:29.042, 2, P0, 36, 235.93 W, 1965 MHz, 3996 MHz, 0 %, 0 MiB
2026/08/03 11:38:29.042, 3, P0, 32, 238.52 W, 1965 MHz, 3996 MHz, 0 %, 0 MiB
2026/08/03 11:38:29.042, 4, P0, 33, 235.49 W, 1965 MHz, 3996 MHz, 0 %, 0 MiB
2026/08/03 11:38:29.042, 5, P0, 36, 244.44 W, 1965 MHz, 3996 MHz, 0 %, 0 MiB
2026/08/03 11:38:29.043, 6, P0, 33, 242.28 W, 1965 MHz, 3996 MHz, 0 %, 0 MiB
2026/08/03 11:38:29.043, 7, P0, 37, 243.21 W, 1965 MHz, 3996 MHz, 0 %, 0 MiB
2026/08/03 11:38:30.043, 0, P0, 36, 255.28 W, 1965 MHz, 3996 MHz, 86 %, 161507 MiB
2026/08/03 11:38:30.043, 1, P0, 33, 249.33 W, 1965 MHz, 3996 MHz, 6 %, 161507 MiB
2026/08/03 11:38:30.043, 2, P0, 36, 235.90 W, 1965 MHz, 3996 MHz, 0 %, 0 MiB
2026/08/03 11:38:30.043, 3, P0, 32, 238.52 W, 1965 MHz, 3996 MHz, 0 %, 0 MiB
2026/08/03 11:38:30.043, 4, P0, 33, 235.45 W, 1965 MHz, 3996 MHz, 0 %, 0 MiB
2026/08/03 11:38:30.043, 5, P0, 36, 244.37 W, 1965 MHz, 3996 MHz, 0 %, 0 MiB
2026/08/03 11:38:30.043, 6, P0, 33, 242.29 W, 1965 MHz, 3996 MHz, 0 %, 0 MiB
2026/08/03 11:38:30.043, 7, P0, 37, 243.10 W, 1965 MHz, 3996 MHz, 0 %, 0 MiB
2026/08/03 11:38:31.043, 0, P0, 36, 254.75 W, 1965 MHz, 3996 MHz, 89 %, 161507 MiB
2026/08/03 11:38:31.043, 1, P0, 33, 249.99 W, 1965 MHz, 3996 MHz, 7 %, 161507 MiB
2026/08/03 11:38:31.043, 2, P0, 36, 235.93 W, 1965 MHz, 3996 MHz, 0 %, 0 MiB
2026/08/03 11:38:31.043, 3, P0, 32, 238.52 W, 1965 MHz, 3996 MHz, 0 %, 0 MiB
2026/08/03 11:38:31.043, 4, P0, 33, 235.49 W, 1965 MHz, 3996 MHz, 0 %, 0 MiB
2026/08/03 11:38:31.043, 5, P0, 36, 244.39 W, 1965 MHz, 3996 MHz, 0 %, 0 MiB
2026/08/03 11:38:31.043, 6, P0, 33, 242.31 W, 1965 MHz, 3996 MHz, 0 %, 0 MiB
2026/08/03 11:38:31.043, 7, P0, 37, 243.12 W, 1965 MHz, 3996 MHz, 0 %, 0 MiB
2026/08/03 11:38:32.043, 0, P0, 36, 254.98 W, 1965 MHz, 3996 MHz, 87 %, 161507 MiB
2026/08/03 11:38:32.043, 1, P0, 33, 249.85 W, 1965 MHz, 3996 MHz, 6 %, 161507 MiB
2026/08/03 11:38:32.043, 2, P0, 36, 235.94 W, 1965 MHz, 3996 MHz, 0 %, 0 MiB
2026/08/03 11:38:32.043, 3, P0, 32, 238.49 W, 1965 MHz, 3996 MHz, 0 %, 0 MiB
2026/08/03 11:38:32.043, 4, P0, 33, 235.50 W, 1965 MHz, 3996 MHz, 0 %, 0 MiB
2026/08/03 11:38:32.043, 5, P0, 36, 244.39 W, 1965 MHz, 3996 MHz, 0 %, 0 MiB
2026/08/03 11:38:32.043, 6, P0, 33, 242.30 W, 1965 MHz, 3996 MHz, 0 %, 0 MiB
2026/08/03 11:38:32.043, 7, P0, 37, 243.13 W, 1965 MHz, 3996 MHz, 0 %, 0 MiB
2026/08/03 11:38:33.043, 0, P0, 36, 254.54 W, 1965 MHz, 3996 MHz, 85 %, 161507 MiB
2026/08/03 11:38:33.043, 1, P0, 33, 249.13 W, 1965 MHz, 3996 MHz, 6 %, 161507 MiB
2026/08/03 11:38:33.043, 2, P0, 36, 236.02 W, 1965 MHz, 3996 MHz, 0 %, 0 MiB
2026/08/03 11:38:33.043, 3, P0, 32, 238.48 W, 1965 MHz, 3996 MHz, 0 %, 0 MiB
2026/08/03 11:38:33.044, 4, P0, 33, 235.47 W, 1965 MHz, 3996 MHz, 0 %, 0 MiB
2026/08/03 11:38:33.044, 5, P0, 36, 244.32 W, 1965 MHz, 3996 MHz, 0 %, 0 MiB
2026/08/03 11:38:33.044, 6, P0, 33, 242.27 W, 1965 MHz, 3996 MHz, 0 %, 0 MiB
2026/08/03 11:38:33.044, 7, P0, 37, 243.09 W, 1965 MHz, 3996 MHz, 0 %, 0 MiB
2026/08/03 11:38:34.044, 0, P0, 36, 254.52 W, 1965 MHz, 3996 MHz, 90 %, 161507 MiB
2026/08/03 11:38:34.044, 1, P0, 33, 249.12 W, 1965 MHz, 3996 MHz, 6 %, 161507 MiB
2026/08/03 11:38:34.044, 2, P0, 36, 235.98 W, 1965 MHz, 3996 MHz, 0 %, 0 MiB
2026/08/03 11:38:34.044, 3, P0, 32, 238.49 W, 1965 MHz, 3996 MHz, 0 %, 0 MiB
2026/08/03 11:38:34.044, 4, P0, 33, 235.46 W, 1965 MHz, 3996 MHz, 0 %, 0 MiB
2026/08/03 11:38:34.044, 5, P0, 36, 244.32 W, 1965 MHz, 3996 MHz, 0 %, 0 MiB
2026/08/03 11:38:34.044, 6, P0, 33, 242.27 W, 1965 MHz, 3996 MHz, 0 %, 0 MiB
2026/08/03 11:38:34.044, 7, P0, 37, 243.19 W, 1965 MHz, 3996 MHz, 0 %, 0 MiB
2026/08/03 11:38:35.044, 0, P0, 36, 271.27 W, 1965 MHz, 3996 MHz, 86 %, 161507 MiB
2026/08/03 11:38:35.044, 1, P0, 34, 269.05 W, 1965 MHz, 3996 MHz, 6 %, 161507 MiB
2026/08/03 11:38:35.044, 2, P0, 36, 235.99 W, 1965 MHz, 3996 MHz, 0 %, 0 MiB
2026/08/03 11:38:35.044, 3, P0, 32, 238.44 W, 1965 MHz, 3996 MHz, 0 %, 0 MiB
2026/08/03 11:38:35.044, 4, P0, 33, 235.43 W, 1965 MHz, 3996 MHz, 0 %, 0 MiB
2026/08/03 11:38:35.044, 5, P0, 36, 244.26 W, 1965 MHz, 3996 MHz, 0 %, 0 MiB
2026/08/03 11:38:35.044, 6, P0, 33, 242.22 W, 1965 MHz, 3996 MHz, 0 %, 0 MiB
2026/08/03 11:38:35.044, 7, P0, 37, 243.14 W, 1965 MHz, 3996 MHz, 0 %, 0 MiB
2026/08/03 11:38:36.044, 0, P0, 36, 255.45 W, 1965 MHz, 3996 MHz, 70 %, 161507 MiB
2026/08/03 11:38:36.044, 1, P0, 33, 250.03 W, 1965 MHz, 3996 MHz, 7 %, 161507 MiB
2026/08/03 11:38:36.044, 2, P0, 36, 236.06 W, 1965 MHz, 3996 MHz, 0 %, 0 MiB
2026/08/03 11:38:36.044, 3, P0, 32, 238.47 W, 1965 MHz, 3996 MHz, 0 %, 0 MiB
2026/08/03 11:38:36.044, 4, P0, 33, 235.49 W, 1965 MHz, 3996 MHz, 0 %, 0 MiB
2026/08/03 11:38:36.044, 5, P0, 36, 244.40 W, 1965 MHz, 3996 MHz, 0 %, 0 MiB
2026/08/03 11:38:36.044, 6, P0, 33, 242.26 W, 1965 MHz, 3996 MHz, 0 %, 0 MiB
2026/08/03 11:38:36.044, 7, P0, 37, 243.14 W, 1965 MHz, 3996 MHz, 0 %, 0 MiB
2026/08/03 11:38:37.045, 0, P0, 36, 272.74 W, 1965 MHz, 3996 MHz, 83 %, 161507 MiB
2026/08/03 11:38:37.045, 1, P0, 34, 265.70 W, 1965 MHz, 3996 MHz, 6 %, 161507 MiB
2026/08/03 11:38:37.045, 2, P0, 36, 235.95 W, 1965 MHz, 3996 MHz, 0 %, 0 MiB
2026/08/03 11:38:37.045, 3, P0, 32, 238.47 W, 1965 MHz, 3996 MHz, 0 %, 0 MiB
2026/08/03 11:38:37.045, 4, P0, 33, 235.42 W, 1965 MHz, 3996 MHz, 0 %, 0 MiB
2026/08/03 11:38:37.045, 5, P0, 36, 244.31 W, 1965 MHz, 3996 MHz, 0 %, 0 MiB
2026/08/03 11:38:37.045, 6, P0, 33, 242.35 W, 1965 MHz, 3996 MHz, 0 %, 0 MiB
2026/08/03 11:38:37.045, 7, P0, 37, 243.22 W, 1965 MHz, 3996 MHz, 0 %, 0 MiB
2026/08/03 11:38:38.045, 0, P0, 36, 254.72 W, 1965 MHz, 3996 MHz, 85 %, 161507 MiB
2026/08/03 11:38:38.045, 1, P0, 33, 249.57 W, 1965 MHz, 3996 MHz, 6 %, 161507 MiB
2026/08/03 11:38:38.045, 2, P0, 36, 236.01 W, 1965 MHz, 3996 MHz, 0 %, 0 MiB
2026/08/03 11:38:38.045, 3, P0, 32, 238.50 W, 1965 MHz, 3996 MHz, 0 %, 0 MiB
2026/08/03 11:38:38.045, 4, P0, 33, 235.48 W, 1965 MHz, 3996 MHz, 0 %, 0 MiB
2026/08/03 11:38:38.045, 5, P0, 36, 244.34 W, 1965 MHz, 3996 MHz, 0 %, 0 MiB
2026/08/03 11:38:38.045, 6, P0, 33, 242.23 W, 1965 MHz, 3996 MHz, 0 %, 0 MiB
2026/08/03 11:38:38.045, 7, P0, 37, 243.12 W, 1965 MHz, 3996 MHz, 0 %, 0 MiB
2026/08/03 11:38:39.045, 0, P0, 37, 269.53 W, 1965 MHz, 3996 MHz, 87 %, 161507 MiB
2026/08/03 11:38:39.045, 1, P0, 34, 266.93 W, 1965 MHz, 3996 MHz, 20 %, 161507 MiB
2026/08/03 11:38:39.045, 2, P0, 36, 235.98 W, 1965 MHz, 3996 MHz, 0 %, 0 MiB
2026/08/03 11:38:39.045, 3, P0, 32, 238.53 W, 1965 MHz, 3996 MHz, 0 %, 0 MiB
2026/08/03 11:38:39.045, 4, P0, 33, 235.40 W, 1965 MHz, 3996 MHz, 0 %, 0 MiB
2026/08/03 11:38:39.045, 5, P0, 36, 244.38 W, 1965 MHz, 3996 MHz, 0 %, 0 MiB
2026/08/03 11:38:39.045, 6, P0, 33, 242.31 W, 1965 MHz, 3996 MHz, 0 %, 0 MiB
2026/08/03 11:38:39.045, 7, P0, 37, 243.09 W, 1965 MHz, 3996 MHz, 0 %, 0 MiB
2026/08/03 11:38:40.045, 0, P0, 36, 255.21 W, 1965 MHz, 3996 MHz, 85 %, 161507 MiB
2026/08/03 11:38:40.045, 1, P0, 33, 250.14 W, 1965 MHz, 3996 MHz, 6 %, 161507 MiB
2026/08/03 11:38:40.046, 2, P0, 36, 236.05 W, 1965 MHz, 3996 MHz, 0 %, 0 MiB
2026/08/03 11:38:40.046, 3, P0, 32, 238.46 W, 1965 MHz, 3996 MHz, 0 %, 0 MiB
2026/08/03 11:38:40.046, 4, P0, 33, 235.42 W, 1965 MHz, 3996 MHz, 0 %, 0 MiB
2026/08/03 11:38:40.046, 5, P0, 36, 244.40 W, 1965 MHz, 3996 MHz, 0 %, 0 MiB
2026/08/03 11:38:40.046, 6, P0, 33, 242.31 W, 1965 MHz, 3996 MHz, 0 %, 0 MiB
2026/08/03 11:38:40.046, 7, P0, 37, 243.14 W, 1965 MHz, 3996 MHz, 0 %, 0 MiB
2026/08/03 11:38:41.046, 0, P0, 38, 276.24 W, 1965 MHz, 3996 MHz, 92 %, 161507 MiB
2026/08/03 11:38:41.046, 1, P0, 34, 263.76 W, 1965 MHz, 3996 MHz, 6 %, 161507 MiB
2026/08/03 11:38:41.046, 2, P0, 36, 236.09 W, 1965 MHz, 3996 MHz, 0 %, 0 MiB
2026/08/03 11:38:41.046, 3, P0, 32, 238.49 W, 1965 MHz, 3996 MHz, 0 %, 0 MiB
2026/08/03 11:38:41.046, 4, P0, 33, 235.49 W, 1965 MHz, 3996 MHz, 0 %, 0 MiB
2026/08/03 11:38:41.046, 5, P0, 36, 244.33 W, 1965 MHz, 3996 MHz, 0 %, 0 MiB
2026/08/03 11:38:41.046, 6, P0, 33, 242.36 W, 1965 MHz, 3996 MHz, 0 %, 0 MiB
2026/08/03 11:38:41.046, 7, P0, 37, 243.16 W, 1965 MHz, 3996 MHz, 0 %, 0 MiB
2026/08/03 11:38:42.046, 0, P0, 36, 255.61 W, 1965 MHz, 3996 MHz, 73 %, 161507 MiB
2026/08/03 11:38:42.046, 1, P0, 33, 249.73 W, 1965 MHz, 3996 MHz, 6 %, 161507 MiB
2026/08/03 11:38:42.046, 2, P0, 36, 235.99 W, 1965 MHz, 3996 MHz, 0 %, 0 MiB
2026/08/03 11:38:42.046, 3, P0, 32, 238.49 W, 1965 MHz, 3996 MHz, 0 %, 0 MiB
2026/08/03 11:38:42.046, 4, P0, 33, 235.54 W, 1965 MHz, 3996 MHz, 0 %, 0 MiB
2026/08/03 11:38:42.046, 5, P0, 36, 244.44 W, 1965 MHz, 3996 MHz, 0 %, 0 MiB
2026/08/03 11:38:42.046, 6, P0, 33, 242.29 W, 1965 MHz, 3996 MHz, 0 %, 0 MiB
2026/08/03 11:38:42.046, 7, P0, 37, 243.14 W, 1965 MHz, 3996 MHz, 0 %, 0 MiB
2026/08/03 11:38:43.046, 0, P0, 36, 255.07 W, 1965 MHz, 3996 MHz, 73 %, 161507 MiB
2026/08/03 11:38:43.046, 1, P0, 33, 250.33 W, 1965 MHz, 3996 MHz, 6 %, 161507 MiB
2026/08/03 11:38:43.046, 2, P0, 36, 236.01 W, 1965 MHz, 3996 MHz, 0 %, 0 MiB
2026/08/03 11:38:43.046, 3, P0, 32, 238.48 W, 1965 MHz, 3996 MHz, 0 %, 0 MiB
2026/08/03 11:38:43.046, 4, P0, 33, 235.46 W, 1965 MHz, 3996 MHz, 0 %, 0 MiB
2026/08/03 11:38:43.046, 5, P0, 36, 244.37 W, 1965 MHz, 3996 MHz, 0 %, 0 MiB
2026/08/03 11:38:43.046, 6, P0, 33, 242.26 W, 1965 MHz, 3996 MHz, 0 %, 0 MiB
2026/08/03 11:38:43.047, 7, P0, 37, 243.18 W, 1965 MHz, 3996 MHz, 0 %, 0 MiB
2026/08/03 11:38:44.047, 0, P0, 36, 256.28 W, 1965 MHz, 3996 MHz, 75 %, 161507 MiB
2026/08/03 11:38:44.047, 1, P0, 33, 249.77 W, 1965 MHz, 3996 MHz, 6 %, 161507 MiB
2026/08/03 11:38:44.047, 2, P0, 36, 236.05 W, 1965 MHz, 3996 MHz, 0 %, 0 MiB
2026/08/03 11:38:44.047, 3, P0, 32, 238.50 W, 1965 MHz, 3996 MHz, 0 %, 0 MiB
2026/08/03 11:38:44.047, 4, P0, 33, 235.53 W, 1965 MHz, 3996 MHz, 0 %, 0 MiB
2026/08/03 11:38:44.047, 5, P0, 36, 244.38 W, 1965 MHz, 3996 MHz, 0 %, 0 MiB
2026/08/03 11:38:44.047, 6, P0, 33, 242.27 W, 1965 MHz, 3996 MHz, 0 %, 0 MiB
2026/08/03 11:38:44.047, 7, P0, 37, 243.16 W, 1965 MHz, 3996 MHz, 0 %, 0 MiB
2026/08/03 11:38:45.047, 0, P0, 36, 250.73 W, 1965 MHz, 3996 MHz, 100 %, 161507 MiB
2026/08/03 11:38:45.047, 1, P0, 33, 244.16 W, 1965 MHz, 3996 MHz, 0 %, 161507 MiB
2026/08/03 11:38:45.047, 2, P0, 36, 236.02 W, 1965 MHz, 3996 MHz, 0 %, 0 MiB
2026/08/03 11:38:45.047, 3, P0, 32, 238.51 W, 1965 MHz, 3996 MHz, 0 %, 0 MiB
2026/08/03 11:38:45.047, 4, P0, 33, 235.54 W, 1965 MHz, 3996 MHz, 0 %, 0 MiB
2026/08/03 11:38:45.047, 5, P0, 36, 244.35 W, 1965 MHz, 3996 MHz, 0 %, 0 MiB
2026/08/03 11:38:45.047, 6, P0, 33, 242.27 W, 1965 MHz, 3996 MHz, 0 %, 0 MiB
2026/08/03 11:38:45.047, 7, P0, 37, 243.20 W, 1965 MHz, 3996 MHz, 0 %, 0 MiB
2026/08/03 11:38:46.047, 0, P0, 36, 249.07 W, 1965 MHz, 3996 MHz, 85 %, 161507 MiB
2026/08/03 11:38:46.047, 1, P0, 33, 243.95 W, 1965 MHz, 3996 MHz, 6 %, 161507 MiB
2026/08/03 11:38:46.047, 2, P0, 36, 236.02 W, 1965 MHz, 3996 MHz, 0 %, 0 MiB
2026/08/03 11:38:46.047, 3, P0, 32, 238.49 W, 1965 MHz, 3996 MHz, 0 %, 0 MiB
2026/08/03 11:38:46.047, 4, P0, 33, 235.45 W, 1965 MHz, 3996 MHz, 0 %, 0 MiB
2026/08/03 11:38:46.047, 5, P0, 36, 244.30 W, 1965 MHz, 3996 MHz, 0 %, 0 MiB
2026/08/03 11:38:46.047, 6, P0, 33, 242.30 W, 1965 MHz, 3996 MHz, 0 %, 0 MiB
2026/08/03 11:38:46.047, 7, P0, 37, 243.18 W, 1965 MHz, 3996 MHz, 0 %, 0 MiB
2026/08/03 11:38:47.048, 0, P0, 36, 246.76 W, 1965 MHz, 3996 MHz, 0 %, 161507 MiB
2026/08/03 11:38:47.048, 1, P0, 33, 245.64 W, 1965 MHz, 3996 MHz, 100 %, 161507 MiB
2026/08/03 11:38:47.048, 2, P0, 36, 235.96 W, 1965 MHz, 3996 MHz, 0 %, 0 MiB
2026/08/03 11:38:47.048, 3, P0, 32, 238.51 W, 1965 MHz, 3996 MHz, 0 %, 0 MiB
2026/08/03 11:38:47.048, 4, P0, 33, 235.40 W, 1965 MHz, 3996 MHz, 0 %, 0 MiB
2026/08/03 11:38:47.048, 5, P0, 36, 244.39 W, 1965 MHz, 3996 MHz, 0 %, 0 MiB
2026/08/03 11:38:47.048, 6, P0, 33, 242.28 W, 1965 MHz, 3996 MHz, 0 %, 0 MiB
2026/08/03 11:38:47.048, 7, P0, 37, 243.14 W, 1965 MHz, 3996 MHz, 0 %, 0 MiB
2026/08/03 11:38:48.048, 0, P0, 36, 249.36 W, 1965 MHz, 3996 MHz, 81 %, 161507 MiB
2026/08/03 11:38:48.048, 1, P0, 33, 247.48 W, 1965 MHz, 3996 MHz, 6 %, 161507 MiB
2026/08/03 11:38:48.048, 2, P0, 36, 236.02 W, 1965 MHz, 3996 MHz, 0 %, 0 MiB
2026/08/03 11:38:48.048, 3, P0, 32, 238.51 W, 1965 MHz, 3996 MHz, 0 %, 0 MiB
2026/08/03 11:38:48.048, 4, P0, 33, 235.45 W, 1965 MHz, 3996 MHz, 0 %, 0 MiB
2026/08/03 11:38:48.048, 5, P0, 36, 244.42 W, 1965 MHz, 3996 MHz, 0 %, 0 MiB
2026/08/03 11:38:48.048, 6, P0, 33, 242.27 W, 1965 MHz, 3996 MHz, 0 %, 0 MiB
2026/08/03 11:38:48.048, 7, P0, 37, 243.13 W, 1965 MHz, 3996 MHz, 0 %, 0 MiB
2026/08/03 11:38:49.048, 0, P0, 36, 254.96 W, 1965 MHz, 3996 MHz, 75 %, 161507 MiB
2026/08/03 11:38:49.048, 1, P0, 33, 250.88 W, 1965 MHz, 3996 MHz, 6 %, 161507 MiB
2026/08/03 11:38:49.048, 2, P0, 36, 235.99 W, 1965 MHz, 3996 MHz, 0 %, 0 MiB
2026/08/03 11:38:49.048, 3, P0, 32, 238.51 W, 1965 MHz, 3996 MHz, 0 %, 0 MiB
2026/08/03 11:38:49.048, 4, P0, 33, 235.39 W, 1965 MHz, 3996 MHz, 0 %, 0 MiB
2026/08/03 11:38:49.048, 5, P0, 36, 244.39 W, 1965 MHz, 3996 MHz, 0 %, 0 MiB
2026/08/03 11:38:49.048, 6, P0, 33, 242.33 W, 1965 MHz, 3996 MHz, 0 %, 0 MiB
2026/08/03 11:38:49.048, 7, P0, 37, 243.10 W, 1965 MHz, 3996 MHz, 0 %, 0 MiB
2026/08/03 11:38:50.049, 0, P0, 36, 255.44 W, 1965 MHz, 3996 MHz, 79 %, 161507 MiB
2026/08/03 11:38:50.049, 1, P0, 33, 249.37 W, 1965 MHz, 3996 MHz, 6 %, 161507 MiB
2026/08/03 11:38:50.049, 2, P0, 36, 235.98 W, 1965 MHz, 3996 MHz, 0 %, 0 MiB
2026/08/03 11:38:50.049, 3, P0, 32, 238.52 W, 1965 MHz, 3996 MHz, 0 %, 0 MiB
2026/08/03 11:38:50.049, 4, P0, 33, 235.36 W, 1965 MHz, 3996 MHz, 0 %, 0 MiB
2026/08/03 11:38:50.049, 5, P0, 36, 244.35 W, 1965 MHz, 3996 MHz, 0 %, 0 MiB
2026/08/03 11:38:50.049, 6, P0, 33, 242.22 W, 1965 MHz, 3996 MHz, 0 %, 0 MiB
2026/08/03 11:38:50.049, 7, P0, 37, 243.16 W, 1965 MHz, 3996 MHz, 0 %, 0 MiB
2026/08/03 11:38:51.049, 0, P0, 36, 255.99 W, 1965 MHz, 3996 MHz, 75 %, 161507 MiB
2026/08/03 11:38:51.049, 1, P0, 33, 249.41 W, 1965 MHz, 3996 MHz, 6 %, 161507 MiB
2026/08/03 11:38:51.049, 2, P0, 36, 236.01 W, 1965 MHz, 3996 MHz, 0 %, 0 MiB
2026/08/03 11:38:51.049, 3, P0, 32, 238.53 W, 1965 MHz, 3996 MHz, 0 %, 0 MiB
2026/08/03 11:38:51.049, 4, P0, 33, 235.40 W, 1965 MHz, 3996 MHz, 0 %, 0 MiB
2026/08/03 11:38:51.049, 5, P0, 36, 244.35 W, 1965 MHz, 3996 MHz, 0 %, 0 MiB
2026/08/03 11:38:51.049, 6, P0, 33, 242.27 W, 1965 MHz, 3996 MHz, 0 %, 0 MiB
2026/08/03 11:38:51.049, 7, P0, 37, 243.21 W, 1965 MHz, 3996 MHz, 0 %, 0 MiB
2026/08/03 11:38:52.049, 0, P0, 36, 271.77 W, 1965 MHz, 3996 MHz, 81 %, 161507 MiB
2026/08/03 11:38:52.049, 1, P0, 34, 267.78 W, 1965 MHz, 3996 MHz, 6 %, 161507 MiB
2026/08/03 11:38:52.049, 2, P0, 36, 235.97 W, 1965 MHz, 3996 MHz, 0 %, 0 MiB
2026/08/03 11:38:52.049, 3, P0, 32, 238.51 W, 1965 MHz, 3996 MHz, 0 %, 0 MiB
2026/08/03 11:38:52.049, 4, P0, 33, 235.43 W, 1965 MHz, 3996 MHz, 0 %, 0 MiB
2026/08/03 11:38:52.049, 5, P0, 36, 244.41 W, 1965 MHz, 3996 MHz, 0 %, 0 MiB
2026/08/03 11:38:52.049, 6, P0, 33, 242.31 W, 1965 MHz, 3996 MHz, 0 %, 0 MiB
2026/08/03 11:38:52.049, 7, P0, 37, 243.17 W, 1965 MHz, 3996 MHz, 0 %, 0 MiB
2026/08/03 11:38:53.049, 0, P0, 36, 254.32 W, 1965 MHz, 3996 MHz, 75 %, 161507 MiB
2026/08/03 11:38:53.049, 1, P0, 33, 248.25 W, 1965 MHz, 3996 MHz, 7 %, 161507 MiB
2026/08/03 11:38:53.050, 2, P0, 36, 235.99 W, 1965 MHz, 3996 MHz, 0 %, 0 MiB
2026/08/03 11:38:53.050, 3, P0, 32, 238.52 W, 1965 MHz, 3996 MHz, 0 %, 0 MiB
2026/08/03 11:38:53.050, 4, P0, 33, 235.45 W, 1965 MHz, 3996 MHz, 0 %, 0 MiB
2026/08/03 11:38:53.050, 5, P0, 36, 244.38 W, 1965 MHz, 3996 MHz, 0 %, 0 MiB
2026/08/03 11:38:53.050, 6, P0, 33, 242.38 W, 1965 MHz, 3996 MHz, 0 %, 0 MiB
2026/08/03 11:38:53.050, 7, P0, 37, 243.16 W, 1965 MHz, 3996 MHz, 0 %, 0 MiB
2026/08/03 11:38:54.050, 0, P0, 37, 271.67 W, 1965 MHz, 3996 MHz, 88 %, 161507 MiB
2026/08/03 11:38:54.050, 1, P0, 34, 265.08 W, 1965 MHz, 3996 MHz, 25 %, 161507 MiB
2026/08/03 11:38:54.050, 2, P0, 36, 235.99 W, 1965 MHz, 3996 MHz, 0 %, 0 MiB
2026/08/03 11:38:54.050, 3, P0, 32, 238.55 W, 1965 MHz, 3996 MHz, 0 %, 0 MiB
2026/08/03 11:38:54.050, 4, P0, 33, 235.44 W, 1965 MHz, 3996 MHz, 0 %, 0 MiB
2026/08/03 11:38:54.050, 5, P0, 36, 244.34 W, 1965 MHz, 3996 MHz, 0 %, 0 MiB
2026/08/03 11:38:54.050, 6, P0, 33, 242.32 W, 1965 MHz, 3996 MHz, 0 %, 0 MiB
2026/08/03 11:38:54.050, 7, P0, 37, 243.13 W, 1965 MHz, 3996 MHz, 0 %, 0 MiB
2026/08/03 11:38:55.050, 0, P0, 36, 254.83 W, 1965 MHz, 3996 MHz, 89 %, 161507 MiB
2026/08/03 11:38:55.050, 1, P0, 33, 249.35 W, 1965 MHz, 3996 MHz, 6 %, 161507 MiB
2026/08/03 11:38:55.050, 2, P0, 36, 235.95 W, 1965 MHz, 3996 MHz, 0 %, 0 MiB
2026/08/03 11:38:55.050, 3, P0, 32, 238.49 W, 1965 MHz, 3996 MHz, 0 %, 0 MiB
2026/08/03 11:38:55.050, 4, P0, 33, 235.43 W, 1965 MHz, 3996 MHz, 0 %, 0 MiB
2026/08/03 11:38:55.050, 5, P0, 36, 244.23 W, 1965 MHz, 3996 MHz, 0 %, 0 MiB
2026/08/03 11:38:55.050, 6, P0, 33, 242.35 W, 1965 MHz, 3996 MHz, 0 %, 0 MiB
2026/08/03 11:38:55.050, 7, P0, 37, 243.09 W, 1965 MHz, 3996 MHz, 0 %, 0 MiB
2026/08/03 11:38:56.050, 0, P0, 36, 255.22 W, 1965 MHz, 3996 MHz, 87 %, 161507 MiB
2026/08/03 11:38:56.050, 1, P0, 33, 248.05 W, 1965 MHz, 3996 MHz, 6 %, 161507 MiB
2026/08/03 11:38:56.050, 2, P0, 36, 235.85 W, 1965 MHz, 3996 MHz, 0 %, 0 MiB
2026/08/03 11:38:56.050, 3, P0, 32, 238.53 W, 1965 MHz, 3996 MHz, 0 %, 0 MiB
2026/08/03 11:38:56.050, 4, P0, 33, 235.40 W, 1965 MHz, 3996 MHz, 0 %, 0 MiB
2026/08/03 11:38:56.050, 5, P0, 36, 244.26 W, 1965 MHz, 3996 MHz, 0 %, 0 MiB
2026/08/03 11:38:56.050, 6, P0, 33, 242.26 W, 1965 MHz, 3996 MHz, 0 %, 0 MiB
2026/08/03 11:38:56.050, 7, P0, 37, 243.15 W, 1965 MHz, 3996 MHz, 0 %, 0 MiB
2026/08/03 11:38:57.051, 0, P0, 36, 254.46 W, 1965 MHz, 3996 MHz, 85 %, 161507 MiB
2026/08/03 11:38:57.051, 1, P0, 33, 249.09 W, 1965 MHz, 3996 MHz, 6 %, 161507 MiB
2026/08/03 11:38:57.051, 2, P0, 36, 235.89 W, 1965 MHz, 3996 MHz, 0 %, 0 MiB
2026/08/03 11:38:57.051, 3, P0, 32, 238.45 W, 1965 MHz, 3996 MHz, 0 %, 0 MiB
2026/08/03 11:38:57.051, 4, P0, 33, 235.43 W, 1965 MHz, 3996 MHz, 0 %, 0 MiB
2026/08/03 11:38:57.051, 5, P0, 36, 244.38 W, 1965 MHz, 3996 MHz, 0 %, 0 MiB
2026/08/03 11:38:57.051, 6, P0, 33, 242.19 W, 1965 MHz, 3996 MHz, 0 %, 0 MiB
2026/08/03 11:38:57.051, 7, P0, 37, 243.13 W, 1965 MHz, 3996 MHz, 0 %, 0 MiB
2026/08/03 11:38:58.051, 0, P0, 36, 254.11 W, 1965 MHz, 3996 MHz, 79 %, 161507 MiB
2026/08/03 11:38:58.051, 1, P0, 33, 249.62 W, 1965 MHz, 3996 MHz, 6 %, 161507 MiB
2026/08/03 11:38:58.051, 2, P0, 36, 235.98 W, 1965 MHz, 3996 MHz, 0 %, 0 MiB
2026/08/03 11:38:58.051, 3, P0, 32, 238.46 W, 1965 MHz, 3996 MHz, 0 %, 0 MiB
2026/08/03 11:38:58.051, 4, P0, 33, 235.41 W, 1965 MHz, 3996 MHz, 0 %, 0 MiB
2026/08/03 11:38:58.051, 5, P0, 36, 244.36 W, 1965 MHz, 3996 MHz, 0 %, 0 MiB
2026/08/03 11:38:58.051, 6, P0, 33, 242.30 W, 1965 MHz, 3996 MHz, 0 %, 0 MiB
2026/08/03 11:38:58.051, 7, P0, 37, 243.22 W, 1965 MHz, 3996 MHz, 0 %, 0 MiB
2026/08/03 11:38:59.051, 0, P0, 36, 254.71 W, 1965 MHz, 3996 MHz, 76 %, 161507 MiB
2026/08/03 11:38:59.051, 1, P0, 33, 249.90 W, 1965 MHz, 3996 MHz, 6 %, 161507 MiB
2026/08/03 11:38:59.051, 2, P0, 36, 235.96 W, 1965 MHz, 3996 MHz, 0 %, 0 MiB
2026/08/03 11:38:59.051, 3, P0, 32, 238.43 W, 1965 MHz, 3996 MHz, 0 %, 0 MiB
2026/08/03 11:38:59.051, 4, P0, 33, 235.42 W, 1965 MHz, 3996 MHz, 0 %, 0 MiB
2026/08/03 11:38:59.051, 5, P0, 36, 244.30 W, 1965 MHz, 3996 MHz, 0 %, 0 MiB
2026/08/03 11:38:59.051, 6, P0, 33, 242.24 W, 1965 MHz, 3996 MHz, 0 %, 0 MiB
2026/08/03 11:38:59.051, 7, P0, 37, 243.16 W, 1965 MHz, 3996 MHz, 0 %, 0 MiB
2026/08/03 11:39:00.051, 0, P0, 36, 255.05 W, 1965 MHz, 3996 MHz, 80 %, 161507 MiB
2026/08/03 11:39:00.051, 1, P0, 33, 248.62 W, 1965 MHz, 3996 MHz, 6 %, 161507 MiB
2026/08/03 11:39:00.051, 2, P0, 36, 235.90 W, 1965 MHz, 3996 MHz, 0 %, 0 MiB
2026/08/03 11:39:00.051, 3, P0, 32, 238.44 W, 1965 MHz, 3996 MHz, 0 %, 0 MiB
2026/08/03 11:39:00.051, 4, P0, 33, 235.41 W, 1965 MHz, 3996 MHz, 0 %, 0 MiB
2026/08/03 11:39:00.051, 5, P0, 36, 244.39 W, 1965 MHz, 3996 MHz, 0 %, 0 MiB
2026/08/03 11:39:00.051, 6, P0, 33, 242.26 W, 1965 MHz, 3996 MHz, 0 %, 0 MiB
2026/08/03 11:39:00.052, 7, P0, 37, 243.17 W, 1965 MHz, 3996 MHz, 0 %, 0 MiB
2026/08/03 11:39:01.052, 0, P0, 36, 254.38 W, 1965 MHz, 3996 MHz, 77 %, 161507 MiB
2026/08/03 11:39:01.052, 1, P0, 33, 248.65 W, 1965 MHz, 3996 MHz, 10 %, 161507 MiB
2026/08/03 11:39:01.052, 2, P0, 36, 235.97 W, 1965 MHz, 3996 MHz, 0 %, 0 MiB
2026/08/03 11:39:01.052, 3, P0, 32, 238.45 W, 1965 MHz, 3996 MHz, 0 %, 0 MiB
2026/08/03 11:39:01.052, 4, P0, 33, 235.41 W, 1965 MHz, 3996 MHz, 0 %, 0 MiB
2026/08/03 11:39:01.052, 5, P0, 36, 244.33 W, 1965 MHz, 3996 MHz, 0 %, 0 MiB
2026/08/03 11:39:01.052, 6, P0, 33, 242.18 W, 1965 MHz, 3996 MHz, 0 %, 0 MiB
2026/08/03 11:39:01.052, 7, P0, 37, 243.05 W, 1965 MHz, 3996 MHz, 0 %, 0 MiB
2026/08/03 11:39:02.052, 0, P0, 36, 254.49 W, 1965 MHz, 3996 MHz, 81 %, 161507 MiB
2026/08/03 11:39:02.052, 1, P0, 33, 249.74 W, 1965 MHz, 3996 MHz, 6 %, 161507 MiB
2026/08/03 11:39:02.052, 2, P0, 36, 235.99 W, 1965 MHz, 3996 MHz, 0 %, 0 MiB
2026/08/03 11:39:02.052, 3, P0, 32, 238.44 W, 1965 MHz, 3996 MHz, 0 %, 0 MiB
2026/08/03 11:39:02.052, 4, P0, 33, 235.42 W, 1965 MHz, 3996 MHz, 0 %, 0 MiB
2026/08/03 11:39:02.052, 5, P0, 36, 244.28 W, 1965 MHz, 3996 MHz, 0 %, 0 MiB
2026/08/03 11:39:02.052, 6, P0, 33, 242.22 W, 1965 MHz, 3996 MHz, 0 %, 0 MiB
2026/08/03 11:39:02.052, 7, P0, 37, 243.08 W, 1965 MHz, 3996 MHz, 0 %, 0 MiB
2026/08/03 11:39:03.052, 0, P0, 36, 255.02 W, 1965 MHz, 3996 MHz, 80 %, 161507 MiB
2026/08/03 11:39:03.052, 1, P0, 33, 250.05 W, 1965 MHz, 3996 MHz, 6 %, 161507 MiB
2026/08/03 11:39:03.052, 2, P0, 36, 235.96 W, 1965 MHz, 3996 MHz, 0 %, 0 MiB
2026/08/03 11:39:03.052, 3, P0, 32, 238.48 W, 1965 MHz, 3996 MHz, 0 %, 0 MiB
2026/08/03 11:39:03.052, 4, P0, 33, 235.41 W, 1965 MHz, 3996 MHz, 0 %, 0 MiB
2026/08/03 11:39:03.052, 5, P0, 36, 244.29 W, 1965 MHz, 3996 MHz, 0 %, 0 MiB
2026/08/03 11:39:03.052, 6, P0, 33, 242.26 W, 1965 MHz, 3996 MHz, 0 %, 0 MiB
2026/08/03 11:39:03.052, 7, P0, 37, 243.07 W, 1965 MHz, 3996 MHz, 0 %, 0 MiB
2026/08/03 11:39:04.052, 0, P0, 36, 254.86 W, 1965 MHz, 3996 MHz, 77 %, 161507 MiB
2026/08/03 11:39:04.052, 1, P0, 33, 248.93 W, 1965 MHz, 3996 MHz, 6 %, 161507 MiB
2026/08/03 11:39:04.052, 2, P0, 36, 235.97 W, 1965 MHz, 3996 MHz, 0 %, 0 MiB
2026/08/03 11:39:04.052, 3, P0, 32, 238.50 W, 1965 MHz, 3996 MHz, 0 %, 0 MiB
2026/08/03 11:39:04.053, 4, P0, 33, 235.41 W, 1965 MHz, 3996 MHz, 0 %, 0 MiB
2026/08/03 11:39:04.053, 5, P0, 36, 244.30 W, 1965 MHz, 3996 MHz, 0 %, 0 MiB
2026/08/03 11:39:04.053, 6, P0, 33, 242.25 W, 1965 MHz, 3996 MHz, 0 %, 0 MiB
2026/08/03 11:39:04.053, 7, P0, 37, 243.14 W, 1965 MHz, 3996 MHz, 0 %, 0 MiB
2026/08/03 11:39:05.053, 0, P0, 36, 254.35 W, 1965 MHz, 3996 MHz, 83 %, 161507 MiB
2026/08/03 11:39:05.053, 1, P0, 33, 249.50 W, 1965 MHz, 3996 MHz, 6 %, 161507 MiB
2026/08/03 11:39:05.053, 2, P0, 36, 235.97 W, 1965 MHz, 3996 MHz, 0 %, 0 MiB
2026/08/03 11:39:05.053, 3, P0, 32, 238.45 W, 1965 MHz, 3996 MHz, 0 %, 0 MiB
2026/08/03 11:39:05.053, 4, P0, 33, 235.44 W, 1965 MHz, 3996 MHz, 0 %, 0 MiB
2026/08/03 11:39:05.053, 5, P0, 36, 244.32 W, 1965 MHz, 3996 MHz, 0 %, 0 MiB
2026/08/03 11:39:05.053, 6, P0, 33, 242.29 W, 1965 MHz, 3996 MHz, 0 %, 0 MiB
2026/08/03 11:39:05.053, 7, P0, 37, 243.11 W, 1965 MHz, 3996 MHz, 0 %, 0 MiB
2026/08/03 11:39:06.053, 0, P0, 36, 254.59 W, 1965 MHz, 3996 MHz, 87 %, 161507 MiB
2026/08/03 11:39:06.053, 1, P0, 33, 249.32 W, 1965 MHz, 3996 MHz, 6 %, 161507 MiB
2026/08/03 11:39:06.053, 2, P0, 36, 235.98 W, 1965 MHz, 3996 MHz, 0 %, 0 MiB
2026/08/03 11:39:06.053, 3, P0, 32, 238.52 W, 1965 MHz, 3996 MHz, 0 %, 0 MiB
2026/08/03 11:39:06.053, 4, P0, 33, 235.37 W, 1965 MHz, 3996 MHz, 0 %, 0 MiB
2026/08/03 11:39:06.053, 5, P0, 36, 244.33 W, 1965 MHz, 3996 MHz, 0 %, 0 MiB
2026/08/03 11:39:06.053, 6, P0, 33, 242.22 W, 1965 MHz, 3996 MHz, 0 %, 0 MiB
2026/08/03 11:39:06.053, 7, P0, 37, 243.13 W, 1965 MHz, 3996 MHz, 0 %, 0 MiB
2026/08/03 11:39:07.053, 0, P0, 36, 254.03 W, 1965 MHz, 3996 MHz, 75 %, 161507 MiB
2026/08/03 11:39:07.053, 1, P0, 33, 248.73 W, 1965 MHz, 3996 MHz, 6 %, 161507 MiB
2026/08/03 11:39:07.053, 2, P0, 36, 235.99 W, 1965 MHz, 3996 MHz, 0 %, 0 MiB
2026/08/03 11:39:07.053, 3, P0, 32, 238.48 W, 1965 MHz, 3996 MHz, 0 %, 0 MiB
2026/08/03 11:39:07.053, 4, P0, 33, 235.37 W, 1965 MHz, 3996 MHz, 0 %, 0 MiB
2026/08/03 11:39:07.053, 5, P0, 36, 244.36 W, 1965 MHz, 3996 MHz, 0 %, 0 MiB
2026/08/03 11:39:07.053, 6, P0, 33, 242.14 W, 1965 MHz, 3996 MHz, 0 %, 0 MiB
2026/08/03 11:39:07.053, 7, P0, 37, 243.14 W, 1965 MHz, 3996 MHz, 0 %, 0 MiB
2026/08/03 11:39:08.054, 0, P0, 36, 255.28 W, 1965 MHz, 3996 MHz, 84 %, 161507 MiB
2026/08/03 11:39:08.054, 1, P0, 33, 249.81 W, 1965 MHz, 3996 MHz, 6 %, 161507 MiB
2026/08/03 11:39:08.054, 2, P0, 36, 235.90 W, 1965 MHz, 3996 MHz, 0 %, 0 MiB
2026/08/03 11:39:08.054, 3, P0, 32, 238.43 W, 1965 MHz, 3996 MHz, 0 %, 0 MiB
2026/08/03 11:39:08.054, 4, P0, 33, 235.43 W, 1965 MHz, 3996 MHz, 0 %, 0 MiB
2026/08/03 11:39:08.054, 5, P0, 36, 244.36 W, 1965 MHz, 3996 MHz, 0 %, 0 MiB
2026/08/03 11:39:08.054, 6, P0, 33, 242.29 W, 1965 MHz, 3996 MHz, 0 %, 0 MiB
2026/08/03 11:39:08.054, 7, P0, 37, 243.12 W, 1965 MHz, 3996 MHz, 0 %, 0 MiB
2026/08/03 11:39:09.054, 0, P0, 36, 254.63 W, 1965 MHz, 3996 MHz, 82 %, 161507 MiB
2026/08/03 11:39:09.054, 1, P0, 33, 249.32 W, 1965 MHz, 3996 MHz, 6 %, 161507 MiB
2026/08/03 11:39:09.054, 2, P0, 36, 236.03 W, 1965 MHz, 3996 MHz, 0 %, 0 MiB
2026/08/03 11:39:09.054, 3, P0, 32, 238.54 W, 1965 MHz, 3996 MHz, 0 %, 0 MiB
2026/08/03 11:39:09.054, 4, P0, 33, 235.44 W, 1965 MHz, 3996 MHz, 0 %, 0 MiB
2026/08/03 11:39:09.054, 5, P0, 36, 244.34 W, 1965 MHz, 3996 MHz, 0 %, 0 MiB
2026/08/03 11:39:09.054, 6, P0, 33, 242.31 W, 1965 MHz, 3996 MHz, 0 %, 0 MiB
2026/08/03 11:39:09.054, 7, P0, 37, 243.10 W, 1965 MHz, 3996 MHz, 0 %, 0 MiB
2026/08/03 11:39:10.054, 0, P0, 36, 254.96 W, 1965 MHz, 3996 MHz, 81 %, 161507 MiB
2026/08/03 11:39:10.054, 1, P0, 33, 249.16 W, 1965 MHz, 3996 MHz, 6 %, 161507 MiB
2026/08/03 11:39:10.054, 2, P0, 36, 235.98 W, 1965 MHz, 3996 MHz, 0 %, 0 MiB
2026/08/03 11:39:10.054, 3, P0, 32, 238.52 W, 1965 MHz, 3996 MHz, 0 %, 0 MiB
2026/08/03 11:39:10.054, 4, P0, 33, 235.47 W, 1965 MHz, 3996 MHz, 0 %, 0 MiB
2026/08/03 11:39:10.054, 5, P0, 36, 244.35 W, 1965 MHz, 3996 MHz, 0 %, 0 MiB
2026/08/03 11:39:10.054, 6, P0, 33, 242.26 W, 1965 MHz, 3996 MHz, 0 %, 0 MiB
2026/08/03 11:39:10.054, 7, P0, 37, 243.17 W, 1965 MHz, 3996 MHz, 0 %, 0 MiB
2026/08/03 11:39:11.054, 0, P0, 36, 254.27 W, 1965 MHz, 3996 MHz, 83 %, 161507 MiB
2026/08/03 11:39:11.055, 1, P0, 33, 248.31 W, 1965 MHz, 3996 MHz, 6 %, 161507 MiB
2026/08/03 11:39:11.055, 2, P0, 36, 236.01 W, 1965 MHz, 3996 MHz, 0 %, 0 MiB
2026/08/03 11:39:11.055, 3, P0, 32, 238.52 W, 1965 MHz, 3996 MHz, 0 %, 0 MiB
2026/08/03 11:39:11.055, 4, P0, 33, 235.45 W, 1965 MHz, 3996 MHz, 0 %, 0 MiB
2026/08/03 11:39:11.055, 5, P0, 36, 244.31 W, 1965 MHz, 3996 MHz, 0 %, 0 MiB
2026/08/03 11:39:11.055, 6, P0, 33, 242.19 W, 1965 MHz, 3996 MHz, 0 %, 0 MiB
2026/08/03 11:39:11.055, 7, P0, 37, 243.20 W, 1965 MHz, 3996 MHz, 0 %, 0 MiB
2026/08/03 11:39:12.055, 0, P0, 36, 255.69 W, 1965 MHz, 3996 MHz, 87 %, 161507 MiB
2026/08/03 11:39:12.055, 1, P0, 33, 249.63 W, 1965 MHz, 3996 MHz, 6 %, 161507 MiB
2026/08/03 11:39:12.055, 2, P0, 36, 236.02 W, 1965 MHz, 3996 MHz, 0 %, 0 MiB
2026/08/03 11:39:12.055, 3, P0, 32, 238.46 W, 1965 MHz, 3996 MHz, 0 %, 0 MiB
2026/08/03 11:39:12.055, 4, P0, 33, 235.40 W, 1965 MHz, 3996 MHz, 0 %, 0 MiB
2026/08/03 11:39:12.055, 5, P0, 36, 244.31 W, 1965 MHz, 3996 MHz, 0 %, 0 MiB
2026/08/03 11:39:12.055, 6, P0, 33, 242.09 W, 1965 MHz, 3996 MHz, 0 %, 0 MiB
2026/08/03 11:39:12.055, 7, P0, 37, 243.14 W, 1965 MHz, 3996 MHz, 0 %, 0 MiB
2026/08/03 11:39:13.055, 0, P0, 36, 255.55 W, 1965 MHz, 3996 MHz, 78 %, 161507 MiB
2026/08/03 11:39:13.055, 1, P0, 33, 249.23 W, 1965 MHz, 3996 MHz, 6 %, 161507 MiB
2026/08/03 11:39:13.055, 2, P0, 36, 235.97 W, 1965 MHz, 3996 MHz, 0 %, 0 MiB
2026/08/03 11:39:13.055, 3, P0, 32, 238.48 W, 1965 MHz, 3996 MHz, 0 %, 0 MiB
2026/08/03 11:39:13.055, 4, P0, 33, 235.33 W, 1965 MHz, 3996 MHz, 0 %, 0 MiB
2026/08/03 11:39:13.055, 5, P0, 36, 244.35 W, 1965 MHz, 3996 MHz, 0 %, 0 MiB
2026/08/03 11:39:13.055, 6, P0, 33, 242.20 W, 1965 MHz, 3996 MHz, 0 %, 0 MiB
2026/08/03 11:39:13.055, 7, P0, 37, 243.13 W, 1965 MHz, 3996 MHz, 0 %, 0 MiB
2026/08/03 11:39:14.055, 0, P0, 36, 254.42 W, 1965 MHz, 3996 MHz, 47 %, 161507 MiB
2026/08/03 11:39:14.055, 1, P0, 33, 248.74 W, 1965 MHz, 3996 MHz, 15 %, 161507 MiB
2026/08/03 11:39:14.055, 2, P0, 36, 235.97 W, 1965 MHz, 3996 MHz, 0 %, 0 MiB
2026/08/03 11:39:14.055, 3, P0, 32, 238.51 W, 1965 MHz, 3996 MHz, 0 %, 0 MiB
2026/08/03 11:39:14.055, 4, P0, 33, 235.39 W, 1965 MHz, 3996 MHz, 0 %, 0 MiB
2026/08/03 11:39:14.055, 5, P0, 36, 244.33 W, 1965 MHz, 3996 MHz, 0 %, 0 MiB
2026/08/03 11:39:14.055, 6, P0, 33, 242.14 W, 1965 MHz, 3996 MHz, 0 %, 0 MiB
2026/08/03 11:39:14.056, 7, P0, 37, 243.15 W, 1965 MHz, 3996 MHz, 0 %, 0 MiB
2026/08/03 11:39:15.056, 0, P0, 36, 254.15 W, 1965 MHz, 3996 MHz, 84 %, 161507 MiB
2026/08/03 11:39:15.056, 1, P0, 33, 250.21 W, 1965 MHz, 3996 MHz, 6 %, 161507 MiB
2026/08/03 11:39:15.056, 2, P0, 36, 235.85 W, 1965 MHz, 3996 MHz, 0 %, 0 MiB
2026/08/03 11:39:15.056, 3, P0, 32, 238.49 W, 1965 MHz, 3996 MHz, 0 %, 0 MiB
2026/08/03 11:39:15.056, 4, P0, 33, 235.45 W, 1965 MHz, 3996 MHz, 0 %, 0 MiB
2026/08/03 11:39:15.056, 5, P0, 36, 244.33 W, 1965 MHz, 3996 MHz, 0 %, 0 MiB
2026/08/03 11:39:15.056, 6, P0, 33, 242.11 W, 1965 MHz, 3996 MHz, 0 %, 0 MiB
2026/08/03 11:39:15.056, 7, P0, 37, 243.12 W, 1965 MHz, 3996 MHz, 0 %, 0 MiB
2026/08/03 11:39:16.056, 0, P0, 36, 255.32 W, 1965 MHz, 3996 MHz, 93 %, 161507 MiB
2026/08/03 11:39:16.056, 1, P0, 33, 249.68 W, 1965 MHz, 3996 MHz, 6 %, 161507 MiB
2026/08/03 11:39:16.056, 2, P0, 36, 235.93 W, 1965 MHz, 3996 MHz, 0 %, 0 MiB
2026/08/03 11:39:16.056, 3, P0, 32, 238.51 W, 1965 MHz, 3996 MHz, 0 %, 0 MiB
2026/08/03 11:39:16.056, 4, P0, 33, 235.39 W, 1965 MHz, 3996 MHz, 0 %, 0 MiB
2026/08/03 11:39:16.056, 5, P0, 36, 244.35 W, 1965 MHz, 3996 MHz, 0 %, 0 MiB
2026/08/03 11:39:16.056, 6, P0, 33, 242.23 W, 1965 MHz, 3996 MHz, 0 %, 0 MiB
2026/08/03 11:39:16.056, 7, P0, 37, 243.17 W, 1965 MHz, 3996 MHz, 0 %, 0 MiB
2026/08/03 11:39:17.056, 0, P0, 36, 254.77 W, 1965 MHz, 3996 MHz, 87 %, 161507 MiB
2026/08/03 11:39:17.056, 1, P0, 33, 249.51 W, 1965 MHz, 3996 MHz, 6 %, 161507 MiB
2026/08/03 11:39:17.056, 2, P0, 36, 235.92 W, 1965 MHz, 3996 MHz, 0 %, 0 MiB
2026/08/03 11:39:17.056, 3, P0, 32, 238.47 W, 1965 MHz, 3996 MHz, 0 %, 0 MiB
2026/08/03 11:39:17.056, 4, P0, 33, 235.42 W, 1965 MHz, 3996 MHz, 0 %, 0 MiB
2026/08/03 11:39:17.056, 5, P0, 36, 244.27 W, 1965 MHz, 3996 MHz, 0 %, 0 MiB
2026/08/03 11:39:17.056, 6, P0, 33, 242.16 W, 1965 MHz, 3996 MHz, 0 %, 0 MiB
2026/08/03 11:39:17.056, 7, P0, 37, 243.08 W, 1965 MHz, 3996 MHz, 0 %, 0 MiB
2026/08/03 11:39:18.056, 0, P0, 36, 254.76 W, 1965 MHz, 3996 MHz, 86 %, 161507 MiB
2026/08/03 11:39:18.057, 1, P0, 33, 248.91 W, 1965 MHz, 3996 MHz, 6 %, 161507 MiB
2026/08/03 11:39:18.057, 2, P0, 36, 235.97 W, 1965 MHz, 3996 MHz, 0 %, 0 MiB
2026/08/03 11:39:18.057, 3, P0, 32, 238.45 W, 1965 MHz, 3996 MHz, 0 %, 0 MiB
2026/08/03 11:39:18.057, 4, P0, 33, 235.45 W, 1965 MHz, 3996 MHz, 0 %, 0 MiB
2026/08/03 11:39:18.057, 5, P0, 36, 244.35 W, 1965 MHz, 3996 MHz, 0 %, 0 MiB
2026/08/03 11:39:18.057, 6, P0, 33, 242.26 W, 1965 MHz, 3996 MHz, 0 %, 0 MiB
2026/08/03 11:39:18.057, 7, P0, 37, 243.21 W, 1965 MHz, 3996 MHz, 0 %, 0 MiB
2026/08/03 11:39:19.057, 0, P0, 36, 255.33 W, 1965 MHz, 3996 MHz, 86 %, 161507 MiB
2026/08/03 11:39:19.057, 1, P0, 33, 249.07 W, 1965 MHz, 3996 MHz, 6 %, 161507 MiB
2026/08/03 11:39:19.057, 2, P0, 36, 235.90 W, 1965 MHz, 3996 MHz, 0 %, 0 MiB
2026/08/03 11:39:19.057, 3, P0, 32, 238.47 W, 1965 MHz, 3996 MHz, 0 %, 0 MiB
2026/08/03 11:39:19.057, 4, P0, 33, 235.47 W, 1965 MHz, 3996 MHz, 0 %, 0 MiB
2026/08/03 11:39:19.057, 5, P0, 36, 244.24 W, 1965 MHz, 3996 MHz, 0 %, 0 MiB
2026/08/03 11:39:19.057, 6, P0, 33, 242.14 W, 1965 MHz, 3996 MHz, 0 %, 0 MiB
2026/08/03 11:39:19.057, 7, P0, 37, 243.19 W, 1965 MHz, 3996 MHz, 0 %, 0 MiB
2026/08/03 11:39:20.057, 0, P0, 36, 254.26 W, 1965 MHz, 3996 MHz, 83 %, 161507 MiB
2026/08/03 11:39:20.057, 1, P0, 33, 249.88 W, 1965 MHz, 3996 MHz, 6 %, 161507 MiB
2026/08/03 11:39:20.057, 2, P0, 36, 235.85 W, 1965 MHz, 3996 MHz, 0 %, 0 MiB
2026/08/03 11:39:20.057, 3, P0, 32, 238.44 W, 1965 MHz, 3996 MHz, 0 %, 0 MiB
2026/08/03 11:39:20.057, 4, P0, 33, 235.48 W, 1965 MHz, 3996 MHz, 0 %, 0 MiB
2026/08/03 11:39:20.057, 5, P0, 36, 244.26 W, 1965 MHz, 3996 MHz, 0 %, 0 MiB
2026/08/03 11:39:20.057, 6, P0, 33, 242.19 W, 1965 MHz, 3996 MHz, 0 %, 0 MiB
2026/08/03 11:39:20.057, 7, P0, 37, 243.09 W, 1965 MHz, 3996 MHz, 0 %, 0 MiB
2026/08/03 11:39:21.057, 0, P0, 36, 255.29 W, 1965 MHz, 3996 MHz, 80 %, 161507 MiB
2026/08/03 11:39:21.057, 1, P0, 33, 248.40 W, 1965 MHz, 3996 MHz, 6 %, 161507 MiB
2026/08/03 11:39:21.057, 2, P0, 36, 236.05 W, 1965 MHz, 3996 MHz, 0 %, 0 MiB
2026/08/03 11:39:21.057, 3, P0, 32, 238.48 W, 1965 MHz, 3996 MHz, 0 %, 0 MiB
2026/08/03 11:39:21.057, 4, P0, 33, 235.44 W, 1965 MHz, 3996 MHz, 0 %, 0 MiB
2026/08/03 11:39:21.057, 5, P0, 36, 244.23 W, 1965 MHz, 3996 MHz, 0 %, 0 MiB
2026/08/03 11:39:21.057, 6, P0, 33, 242.18 W, 1965 MHz, 3996 MHz, 0 %, 0 MiB
2026/08/03 11:39:21.058, 7, P0, 37, 243.12 W, 1965 MHz, 3996 MHz, 0 %, 0 MiB
2026/08/03 11:39:22.058, 0, P0, 36, 254.43 W, 1965 MHz, 3996 MHz, 90 %, 161507 MiB
2026/08/03 11:39:22.058, 1, P0, 33, 249.40 W, 1965 MHz, 3996 MHz, 6 %, 161507 MiB
2026/08/03 11:39:22.058, 2, P0, 36, 235.89 W, 1965 MHz, 3996 MHz, 0 %, 0 MiB
2026/08/03 11:39:22.058, 3, P0, 32, 238.49 W, 1965 MHz, 3996 MHz, 0 %, 0 MiB
2026/08/03 11:39:22.058, 4, P0, 33, 235.42 W, 1965 MHz, 3996 MHz, 0 %, 0 MiB
2026/08/03 11:39:22.058, 5, P0, 36, 244.30 W, 1965 MHz, 3996 MHz, 0 %, 0 MiB
2026/08/03 11:39:22.058, 6, P0, 33, 242.19 W, 1965 MHz, 3996 MHz, 0 %, 0 MiB
2026/08/03 11:39:22.058, 7, P0, 37, 243.20 W, 1965 MHz, 3996 MHz, 0 %, 0 MiB
2026/08/03 11:39:23.058, 0, P0, 36, 254.96 W, 1965 MHz, 3996 MHz, 85 %, 161507 MiB
2026/08/03 11:39:23.058, 1, P0, 33, 250.54 W, 1965 MHz, 3996 MHz, 6 %, 161507 MiB
2026/08/03 11:39:23.058, 2, P0, 36, 236.01 W, 1965 MHz, 3996 MHz, 0 %, 0 MiB
2026/08/03 11:39:23.058, 3, P0, 32, 238.47 W, 1965 MHz, 3996 MHz, 0 %, 0 MiB
2026/08/03 11:39:23.058, 4, P0, 33, 235.46 W, 1965 MHz, 3996 MHz, 0 %, 0 MiB
2026/08/03 11:39:23.058, 5, P0, 36, 244.31 W, 1965 MHz, 3996 MHz, 0 %, 0 MiB
2026/08/03 11:39:23.058, 6, P0, 33, 242.22 W, 1965 MHz, 3996 MHz, 0 %, 0 MiB
2026/08/03 11:39:23.058, 7, P0, 37, 243.19 W, 1965 MHz, 3996 MHz, 0 %, 0 MiB
2026/08/03 11:39:24.058, 0, P0, 36, 254.56 W, 1965 MHz, 3996 MHz, 84 %, 161507 MiB
2026/08/03 11:39:24.058, 1, P0, 33, 249.57 W, 1965 MHz, 3996 MHz, 6 %, 161507 MiB
2026/08/03 11:39:24.058, 2, P0, 36, 235.93 W, 1965 MHz, 3996 MHz, 0 %, 0 MiB
2026/08/03 11:39:24.058, 3, P0, 32, 238.49 W, 1965 MHz, 3996 MHz, 0 %, 0 MiB
2026/08/03 11:39:24.058, 4, P0, 33, 235.50 W, 1965 MHz, 3996 MHz, 0 %, 0 MiB
2026/08/03 11:39:24.058, 5, P0, 36, 244.21 W, 1965 MHz, 3996 MHz, 0 %, 0 MiB
2026/08/03 11:39:24.058, 6, P0, 33, 242.19 W, 1965 MHz, 3996 MHz, 0 %, 0 MiB
2026/08/03 11:39:24.058, 7, P0, 37, 243.15 W, 1965 MHz, 3996 MHz, 0 %, 0 MiB
2026/08/03 11:39:25.058, 0, P0, 36, 254.89 W, 1965 MHz, 3996 MHz, 81 %, 161507 MiB
2026/08/03 11:39:25.058, 1, P0, 33, 250.13 W, 1965 MHz, 3996 MHz, 6 %, 161507 MiB
2026/08/03 11:39:25.059, 2, P0, 36, 235.96 W, 1965 MHz, 3996 MHz, 0 %, 0 MiB
2026/08/03 11:39:25.059, 3, P0, 32, 238.51 W, 1965 MHz, 3996 MHz, 0 %, 0 MiB
2026/08/03 11:39:25.059, 4, P0, 33, 235.50 W, 1965 MHz, 3996 MHz, 0 %, 0 MiB
2026/08/03 11:39:25.059, 5, P0, 36, 244.30 W, 1965 MHz, 3996 MHz, 0 %, 0 MiB
2026/08/03 11:39:25.059, 6, P0, 33, 242.27 W, 1965 MHz, 3996 MHz, 0 %, 0 MiB
2026/08/03 11:39:25.059, 7, P0, 37, 243.25 W, 1965 MHz, 3996 MHz, 0 %, 0 MiB
2026/08/03 11:39:26.059, 0, P0, 36, 255.34 W, 1965 MHz, 3996 MHz, 83 %, 161507 MiB
2026/08/03 11:39:26.059, 1, P0, 33, 249.26 W, 1965 MHz, 3996 MHz, 6 %, 161507 MiB
2026/08/03 11:39:26.059, 2, P0, 36, 235.97 W, 1965 MHz, 3996 MHz, 0 %, 0 MiB
2026/08/03 11:39:26.059, 3, P0, 32, 238.51 W, 1965 MHz, 3996 MHz, 0 %, 0 MiB
2026/08/03 11:39:26.059, 4, P0, 33, 235.43 W, 1965 MHz, 3996 MHz, 0 %, 0 MiB
2026/08/03 11:39:26.059, 5, P0, 36, 244.34 W, 1965 MHz, 3996 MHz, 0 %, 0 MiB
2026/08/03 11:39:26.059, 6, P0, 33, 242.42 W, 1965 MHz, 3996 MHz, 0 %, 0 MiB
2026/08/03 11:39:26.059, 7, P0, 37, 243.28 W, 1965 MHz, 3996 MHz, 0 %, 0 MiB
2026/08/03 11:39:27.059, 0, P0, 36, 254.60 W, 1965 MHz, 3996 MHz, 77 %, 161507 MiB
2026/08/03 11:39:27.059, 1, P0, 33, 249.19 W, 1965 MHz, 3996 MHz, 6 %, 161507 MiB
2026/08/03 11:39:27.059, 2, P0, 36, 235.98 W, 1965 MHz, 3996 MHz, 0 %, 0 MiB
2026/08/03 11:39:27.059, 3, P0, 32, 238.54 W, 1965 MHz, 3996 MHz, 0 %, 0 MiB
2026/08/03 11:39:27.059, 4, P0, 33, 235.43 W, 1965 MHz, 3996 MHz, 0 %, 0 MiB
2026/08/03 11:39:27.059, 5, P0, 36, 244.24 W, 1965 MHz, 3996 MHz, 0 %, 0 MiB
2026/08/03 11:39:27.059, 6, P0, 33, 242.33 W, 1965 MHz, 3996 MHz, 0 %, 0 MiB
2026/08/03 11:39:27.059, 7, P0, 37, 243.23 W, 1965 MHz, 3996 MHz, 0 %, 0 MiB
2026/08/03 11:39:28.059, 0, P0, 43, 338.55 W, 1747 MHz, 3996 MHz, 88 %, 161507 MiB
2026/08/03 11:39:28.059, 1, P0, 41, 334.14 W, 1717 MHz, 3996 MHz, 45 %, 161507 MiB
2026/08/03 11:39:28.059, 2, P0, 36, 235.94 W, 1965 MHz, 3996 MHz, 0 %, 0 MiB
2026/08/03 11:39:28.059, 3, P0, 32, 238.50 W, 1965 MHz, 3996 MHz, 0 %, 0 MiB
2026/08/03 11:39:28.059, 4, P0, 33, 235.48 W, 1965 MHz, 3996 MHz, 0 %, 0 MiB
2026/08/03 11:39:28.059, 5, P0, 36, 244.25 W, 1965 MHz, 3996 MHz, 0 %, 0 MiB
2026/08/03 11:39:28.059, 6, P0, 33, 242.27 W, 1965 MHz, 3996 MHz, 0 %, 0 MiB
2026/08/03 11:39:28.059, 7, P0, 37, 243.11 W, 1965 MHz, 3996 MHz, 0 %, 0 MiB
2026/08/03 11:39:29.060, 0, P0, 36, 255.93 W, 1965 MHz, 3996 MHz, 82 %, 161507 MiB
2026/08/03 11:39:29.060, 1, P0, 33, 251.42 W, 1965 MHz, 3996 MHz, 7 %, 161507 MiB
2026/08/03 11:39:29.060, 2, P0, 36, 235.92 W, 1965 MHz, 3996 MHz, 0 %, 0 MiB
2026/08/03 11:39:29.060, 3, P0, 32, 238.45 W, 1965 MHz, 3996 MHz, 0 %, 0 MiB
2026/08/03 11:39:29.060, 4, P0, 33, 235.42 W, 1965 MHz, 3996 MHz, 0 %, 0 MiB
2026/08/03 11:39:29.060, 5, P0, 36, 244.28 W, 1965 MHz, 3996 MHz, 0 %, 0 MiB
2026/08/03 11:39:29.060, 6, P0, 33, 242.25 W, 1965 MHz, 3996 MHz, 0 %, 0 MiB
2026/08/03 11:39:29.060, 7, P0, 37, 243.16 W, 1965 MHz, 3996 MHz, 0 %, 0 MiB
2026/08/03 11:39:30.060, 0, P0, 42, 268.45 W, 1965 MHz, 3996 MHz, 67 %, 161507 MiB
2026/08/03 11:39:30.060, 1, P0, 33, 283.16 W, 1965 MHz, 3996 MHz, 7 %, 161507 MiB
2026/08/03 11:39:30.060, 2, P0, 36, 235.98 W, 1965 MHz, 3996 MHz, 0 %, 0 MiB
2026/08/03 11:39:30.060, 3, P0, 32, 238.48 W, 1965 MHz, 3996 MHz, 0 %, 0 MiB
2026/08/03 11:39:30.060, 4, P0, 33, 235.51 W, 1965 MHz, 3996 MHz, 0 %, 0 MiB
2026/08/03 11:39:30.060, 5, P0, 36, 244.32 W, 1965 MHz, 3996 MHz, 0 %, 0 MiB
2026/08/03 11:39:30.060, 6, P0, 33, 242.23 W, 1965 MHz, 3996 MHz, 0 %, 0 MiB
2026/08/03 11:39:30.060, 7, P0, 37, 243.19 W, 1965 MHz, 3996 MHz, 0 %, 0 MiB
2026/08/03 11:39:31.060, 0, P0, 36, 342.12 W, 1965 MHz, 3996 MHz, 88 %, 161507 MiB
2026/08/03 11:39:31.060, 1, P0, 34, 321.30 W, 1965 MHz, 3996 MHz, 7 %, 161507 MiB
2026/08/03 11:39:31.060, 2, P0, 36, 235.94 W, 1965 MHz, 3996 MHz, 0 %, 0 MiB
2026/08/03 11:39:31.060, 3, P0, 32, 238.44 W, 1965 MHz, 3996 MHz, 0 %, 0 MiB
2026/08/03 11:39:31.060, 4, P0, 33, 235.47 W, 1965 MHz, 3996 MHz, 0 %, 0 MiB
2026/08/03 11:39:31.060, 5, P0, 36, 244.18 W, 1965 MHz, 3996 MHz, 0 %, 0 MiB
2026/08/03 11:39:31.060, 6, P0, 33, 242.18 W, 1965 MHz, 3996 MHz, 0 %, 0 MiB
2026/08/03 11:39:31.060, 7, P0, 37, 243.13 W, 1965 MHz, 3996 MHz, 0 %, 0 MiB
2026/08/03 11:39:32.060, 0, P0, 36, 256.97 W, 1965 MHz, 3996 MHz, 91 %, 161507 MiB
2026/08/03 11:39:32.060, 1, P0, 33, 251.05 W, 1965 MHz, 3996 MHz, 7 %, 161507 MiB
2026/08/03 11:39:32.060, 2, P0, 36, 235.97 W, 1965 MHz, 3996 MHz, 0 %, 0 MiB
2026/08/03 11:39:32.060, 3, P0, 32, 238.46 W, 1965 MHz, 3996 MHz, 0 %, 0 MiB
2026/08/03 11:39:32.060, 4, P0, 33, 235.45 W, 1965 MHz, 3996 MHz, 0 %, 0 MiB
2026/08/03 11:39:32.060, 5, P0, 36, 244.23 W, 1965 MHz, 3996 MHz, 0 %, 0 MiB
2026/08/03 11:39:32.060, 6, P0, 33, 242.34 W, 1965 MHz, 3996 MHz, 0 %, 0 MiB
2026/08/03 11:39:32.060, 7, P0, 37, 243.15 W, 1965 MHz, 3996 MHz, 0 %, 0 MiB
2026/08/03 11:39:33.061, 0, P0, 36, 339.31 W, 1965 MHz, 3996 MHz, 90 %, 161507 MiB
2026/08/03 11:39:33.061, 1, P0, 34, 329.40 W, 1965 MHz, 3996 MHz, 7 %, 161507 MiB
2026/08/03 11:39:33.061, 2, P0, 36, 235.92 W, 1965 MHz, 3996 MHz, 0 %, 0 MiB
2026/08/03 11:39:33.061, 3, P0, 32, 238.42 W, 1965 MHz, 3996 MHz, 0 %, 0 MiB
2026/08/03 11:39:33.061, 4, P0, 33, 235.45 W, 1965 MHz, 3996 MHz, 0 %, 0 MiB
2026/08/03 11:39:33.061, 5, P0, 36, 244.21 W, 1965 MHz, 3996 MHz, 0 %, 0 MiB
2026/08/03 11:39:33.061, 6, P0, 33, 242.16 W, 1965 MHz, 3996 MHz, 0 %, 0 MiB
2026/08/03 11:39:33.061, 7, P0, 37, 243.08 W, 1965 MHz, 3996 MHz, 0 %, 0 MiB
2026/08/03 11:39:34.061, 0, P0, 36, 254.99 W, 1965 MHz, 3996 MHz, 85 %, 161507 MiB
2026/08/03 11:39:34.061, 1, P0, 33, 249.81 W, 1965 MHz, 3996 MHz, 7 %, 161507 MiB
2026/08/03 11:39:34.061, 2, P0, 36, 235.97 W, 1965 MHz, 3996 MHz, 0 %, 0 MiB
2026/08/03 11:39:34.061, 3, P0, 32, 238.47 W, 1965 MHz, 3996 MHz, 0 %, 0 MiB
2026/08/03 11:39:34.061, 4, P0, 33, 235.42 W, 1965 MHz, 3996 MHz, 0 %, 0 MiB
2026/08/03 11:39:34.061, 5, P0, 36, 244.38 W, 1965 MHz, 3996 MHz, 0 %, 0 MiB
2026/08/03 11:39:34.061, 6, P0, 33, 242.21 W, 1965 MHz, 3996 MHz, 0 %, 0 MiB
2026/08/03 11:39:34.061, 7, P0, 37, 243.18 W, 1965 MHz, 3996 MHz, 0 %, 0 MiB
2026/08/03 11:39:35.061, 0, P0, 37, 335.44 W, 1965 MHz, 3996 MHz, 84 %, 161507 MiB
2026/08/03 11:39:35.061, 1, P0, 34, 333.96 W, 1965 MHz, 3996 MHz, 7 %, 161507 MiB
2026/08/03 11:39:35.061, 2, P0, 36, 236.01 W, 1965 MHz, 3996 MHz, 0 %, 0 MiB
2026/08/03 11:39:35.061, 3, P0, 32, 238.44 W, 1965 MHz, 3996 MHz, 0 %, 0 MiB
2026/08/03 11:39:35.061, 4, P0, 33, 235.44 W, 1965 MHz, 3996 MHz, 0 %, 0 MiB
2026/08/03 11:39:35.061, 5, P0, 36, 244.34 W, 1965 MHz, 3996 MHz, 0 %, 0 MiB
2026/08/03 11:39:35.061, 6, P0, 33, 242.16 W, 1965 MHz, 3996 MHz, 0 %, 0 MiB
2026/08/03 11:39:35.061, 7, P0, 37, 243.12 W, 1965 MHz, 3996 MHz, 0 %, 0 MiB
2026/08/03 11:39:36.061, 0, P0, 36, 255.39 W, 1965 MHz, 3996 MHz, 87 %, 161507 MiB
2026/08/03 11:39:36.061, 1, P0, 34, 249.01 W, 1965 MHz, 3996 MHz, 7 %, 161507 MiB
2026/08/03 11:39:36.061, 2, P0, 36, 235.93 W, 1965 MHz, 3996 MHz, 0 %, 0 MiB
2026/08/03 11:39:36.061, 3, P0, 32, 238.50 W, 1965 MHz, 3996 MHz, 0 %, 0 MiB
2026/08/03 11:39:36.061, 4, P0, 33, 235.36 W, 1965 MHz, 3996 MHz, 0 %, 0 MiB
2026/08/03 11:39:36.061, 5, P0, 36, 244.25 W, 1965 MHz, 3996 MHz, 0 %, 0 MiB
2026/08/03 11:39:36.061, 6, P0, 33, 242.25 W, 1965 MHz, 3996 MHz, 0 %, 0 MiB
2026/08/03 11:39:36.061, 7, P0, 37, 243.16 W, 1965 MHz, 3996 MHz, 0 %, 0 MiB
2026/08/03 11:39:37.062, 0, P0, 36, 255.50 W, 1965 MHz, 3996 MHz, 87 %, 161507 MiB
2026/08/03 11:39:37.062, 1, P0, 33, 249.58 W, 1965 MHz, 3996 MHz, 7 %, 161507 MiB
2026/08/03 11:39:37.062, 2, P0, 36, 235.98 W, 1965 MHz, 3996 MHz, 0 %, 0 MiB
2026/08/03 11:39:37.062, 3, P0, 32, 238.48 W, 1965 MHz, 3996 MHz, 0 %, 0 MiB
2026/08/03 11:39:37.062, 4, P0, 33, 235.52 W, 1965 MHz, 3996 MHz, 0 %, 0 MiB
2026/08/03 11:39:37.062, 5, P0, 36, 244.34 W, 1965 MHz, 3996 MHz, 0 %, 0 MiB
2026/08/03 11:39:37.062, 6, P0, 33, 242.25 W, 1965 MHz, 3996 MHz, 0 %, 0 MiB
2026/08/03 11:39:37.062, 7, P0, 37, 243.17 W, 1965 MHz, 3996 MHz, 0 %, 0 MiB
2026/08/03 11:39:38.062, 0, P0, 36, 254.23 W, 1965 MHz, 3996 MHz, 79 %, 161507 MiB
2026/08/03 11:39:38.062, 1, P0, 33, 249.15 W, 1965 MHz, 3996 MHz, 7 %, 161507 MiB
2026/08/03 11:39:38.062, 2, P0, 36, 235.95 W, 1965 MHz, 3996 MHz, 0 %, 0 MiB
2026/08/03 11:39:38.062, 3, P0, 32, 238.44 W, 1965 MHz, 3996 MHz, 0 %, 0 MiB
2026/08/03 11:39:38.062, 4, P0, 33, 235.45 W, 1965 MHz, 3996 MHz, 0 %, 0 MiB
2026/08/03 11:39:38.062, 5, P0, 36, 244.21 W, 1965 MHz, 3996 MHz, 0 %, 0 MiB
2026/08/03 11:39:38.062, 6, P0, 33, 242.21 W, 1965 MHz, 3996 MHz, 0 %, 0 MiB
2026/08/03 11:39:38.062, 7, P0, 37, 243.26 W, 1965 MHz, 3996 MHz, 0 %, 0 MiB
2026/08/03 11:39:39.062, 0, P0, 36, 256.33 W, 1965 MHz, 3996 MHz, 83 %, 161507 MiB
2026/08/03 11:39:39.062, 1, P0, 33, 249.90 W, 1965 MHz, 3996 MHz, 7 %, 161507 MiB
2026/08/03 11:39:39.062, 2, P0, 36, 235.90 W, 1965 MHz, 3996 MHz, 0 %, 0 MiB
2026/08/03 11:39:39.062, 3, P0, 32, 238.51 W, 1965 MHz, 3996 MHz, 0 %, 0 MiB
2026/08/03 11:39:39.062, 4, P0, 33, 235.52 W, 1965 MHz, 3996 MHz, 0 %, 0 MiB
2026/08/03 11:39:39.062, 5, P0, 36, 244.22 W, 1965 MHz, 3996 MHz, 0 %, 0 MiB
2026/08/03 11:39:39.062, 6, P0, 33, 242.22 W, 1965 MHz, 3996 MHz, 0 %, 0 MiB
2026/08/03 11:39:39.062, 7, P0, 37, 243.26 W, 1965 MHz, 3996 MHz, 0 %, 0 MiB
2026/08/03 11:39:40.062, 0, P0, 36, 254.10 W, 1965 MHz, 3996 MHz, 89 %, 161507 MiB
2026/08/03 11:39:40.062, 1, P0, 33, 248.88 W, 1965 MHz, 3996 MHz, 6 %, 161507 MiB
2026/08/03 11:39:40.062, 2, P0, 36, 235.93 W, 1965 MHz, 3996 MHz, 0 %, 0 MiB
2026/08/03 11:39:40.063, 3, P0, 32, 238.53 W, 1965 MHz, 3996 MHz, 0 %, 0 MiB
2026/08/03 11:39:40.063, 4, P0, 33, 235.49 W, 1965 MHz, 3996 MHz, 0 %, 0 MiB
2026/08/03 11:39:40.063, 5, P0, 36, 244.34 W, 1965 MHz, 3996 MHz, 0 %, 0 MiB
2026/08/03 11:39:40.063, 6, P0, 33, 242.25 W, 1965 MHz, 3996 MHz, 0 %, 0 MiB
2026/08/03 11:39:40.063, 7, P0, 37, 243.23 W, 1965 MHz, 3996 MHz, 0 %, 0 MiB
2026/08/03 11:39:41.063, 0, P0, 36, 254.01 W, 1965 MHz, 3996 MHz, 88 %, 161507 MiB
2026/08/03 11:39:41.063, 1, P0, 33, 249.02 W, 1965 MHz, 3996 MHz, 6 %, 161507 MiB
2026/08/03 11:39:41.063, 2, P0, 36, 235.98 W, 1965 MHz, 3996 MHz, 0 %, 0 MiB
2026/08/03 11:39:41.063, 3, P0, 32, 238.51 W, 1965 MHz, 3996 MHz, 0 %, 0 MiB
2026/08/03 11:39:41.063, 4, P0, 33, 235.44 W, 1965 MHz, 3996 MHz, 0 %, 0 MiB
2026/08/03 11:39:41.063, 5, P0, 36, 244.29 W, 1965 MHz, 3996 MHz, 0 %, 0 MiB
2026/08/03 11:39:41.063, 6, P0, 33, 242.31 W, 1965 MHz, 3996 MHz, 0 %, 0 MiB
2026/08/03 11:39:41.063, 7, P0, 37, 243.22 W, 1965 MHz, 3996 MHz, 0 %, 0 MiB
2026/08/03 11:39:42.063, 0, P0, 36, 255.04 W, 1965 MHz, 3996 MHz, 87 %, 161507 MiB
2026/08/03 11:39:42.063, 1, P0, 33, 249.03 W, 1965 MHz, 3996 MHz, 7 %, 161507 MiB
2026/08/03 11:39:42.063, 2, P0, 36, 235.93 W, 1965 MHz, 3996 MHz, 0 %, 0 MiB
2026/08/03 11:39:42.063, 3, P0, 32, 238.49 W, 1965 MHz, 3996 MHz, 0 %, 0 MiB
2026/08/03 11:39:42.063, 4, P0, 33, 235.47 W, 1965 MHz, 3996 MHz, 0 %, 0 MiB
2026/08/03 11:39:42.063, 5, P0, 36, 244.19 W, 1965 MHz, 3996 MHz, 0 %, 0 MiB
2026/08/03 11:39:42.063, 6, P0, 33, 242.34 W, 1965 MHz, 3996 MHz, 0 %, 0 MiB
2026/08/03 11:39:42.063, 7, P0, 37, 243.18 W, 1965 MHz, 3996 MHz, 0 %, 0 MiB
2026/08/03 11:39:43.063, 0, P0, 38, 333.02 W, 1695 MHz, 3996 MHz, 89 %, 161507 MiB
2026/08/03 11:39:43.063, 1, P0, 37, 333.72 W, 1890 MHz, 3996 MHz, 74 %, 161507 MiB
2026/08/03 11:39:43.063, 2, P0, 36, 235.95 W, 1965 MHz, 3996 MHz, 0 %, 0 MiB
2026/08/03 11:39:43.063, 3, P0, 32, 238.53 W, 1965 MHz, 3996 MHz, 0 %, 0 MiB
2026/08/03 11:39:43.063, 4, P0, 33, 235.44 W, 1965 MHz, 3996 MHz, 0 %, 0 MiB
2026/08/03 11:39:43.063, 5, P0, 36, 244.17 W, 1965 MHz, 3996 MHz, 0 %, 0 MiB
2026/08/03 11:39:43.063, 6, P0, 33, 242.30 W, 1965 MHz, 3996 MHz, 0 %, 0 MiB
2026/08/03 11:39:43.063, 7, P0, 37, 243.10 W, 1965 MHz, 3996 MHz, 0 %, 0 MiB
2026/08/03 11:39:44.064, 0, P0, 36, 256.70 W, 1965 MHz, 3996 MHz, 85 %, 161507 MiB
2026/08/03 11:39:44.064, 1, P0, 34, 251.55 W, 1965 MHz, 3996 MHz, 7 %, 161507 MiB
2026/08/03 11:39:44.064, 2, P0, 36, 235.94 W, 1965 MHz, 3996 MHz, 0 %, 0 MiB
2026/08/03 11:39:44.064, 3, P0, 32, 238.46 W, 1965 MHz, 3996 MHz, 0 %, 0 MiB
2026/08/03 11:39:44.064, 4, P0, 33, 235.49 W, 1965 MHz, 3996 MHz, 0 %, 0 MiB
2026/08/03 11:39:44.064, 5, P0, 36, 244.21 W, 1965 MHz, 3996 MHz, 0 %, 0 MiB
2026/08/03 11:39:44.064, 6, P0, 33, 242.20 W, 1965 MHz, 3996 MHz, 0 %, 0 MiB
2026/08/03 11:39:44.064, 7, P0, 37, 243.17 W, 1965 MHz, 3996 MHz, 0 %, 0 MiB
2026/08/03 11:39:45.064, 0, P0, 44, 290.35 W, 1965 MHz, 3996 MHz, 91 %, 161507 MiB
2026/08/03 11:39:45.064, 1, P0, 33, 307.57 W, 1965 MHz, 3996 MHz, 7 %, 161507 MiB
2026/08/03 11:39:45.064, 2, P0, 36, 235.99 W, 1965 MHz, 3996 MHz, 0 %, 0 MiB
2026/08/03 11:39:45.064, 3, P0, 32, 238.46 W, 1965 MHz, 3996 MHz, 0 %, 0 MiB
2026/08/03 11:39:45.064, 4, P0, 33, 235.42 W, 1965 MHz, 3996 MHz, 0 %, 0 MiB
2026/08/03 11:39:45.064, 5, P0, 36, 244.23 W, 1965 MHz, 3996 MHz, 0 %, 0 MiB
2026/08/03 11:39:45.064, 6, P0, 33, 242.18 W, 1965 MHz, 3996 MHz, 0 %, 0 MiB
2026/08/03 11:39:45.064, 7, P0, 37, 243.12 W, 1965 MHz, 3996 MHz, 0 %, 0 MiB
2026/08/03 11:39:46.064, 0, P0, 36, 318.08 W, 1965 MHz, 3996 MHz, 75 %, 161507 MiB
2026/08/03 11:39:46.064, 1, P0, 34, 289.97 W, 1965 MHz, 3996 MHz, 6 %, 161507 MiB
2026/08/03 11:39:46.064, 2, P0, 36, 235.99 W, 1965 MHz, 3996 MHz, 0 %, 0 MiB
2026/08/03 11:39:46.064, 3, P0, 32, 238.45 W, 1965 MHz, 3996 MHz, 0 %, 0 MiB
2026/08/03 11:39:46.064, 4, P0, 33, 235.42 W, 1965 MHz, 3996 MHz, 0 %, 0 MiB
2026/08/03 11:39:46.064, 5, P0, 36, 244.20 W, 1965 MHz, 3996 MHz, 0 %, 0 MiB
2026/08/03 11:39:46.064, 6, P0, 33, 242.13 W, 1965 MHz, 3996 MHz, 0 %, 0 MiB
2026/08/03 11:39:46.064, 7, P0, 37, 243.16 W, 1965 MHz, 3996 MHz, 0 %, 0 MiB
2026/08/03 11:39:47.064, 0, P0, 36, 256.31 W, 1965 MHz, 3996 MHz, 81 %, 161507 MiB
2026/08/03 11:39:47.064, 1, P0, 33, 249.09 W, 1965 MHz, 3996 MHz, 6 %, 161507 MiB
2026/08/03 11:39:47.064, 2, P0, 36, 235.97 W, 1965 MHz, 3996 MHz, 0 %, 0 MiB
2026/08/03 11:39:47.064, 3, P0, 32, 238.47 W, 1965 MHz, 3996 MHz, 0 %, 0 MiB
2026/08/03 11:39:47.065, 4, P0, 33, 235.47 W, 1965 MHz, 3996 MHz, 0 %, 0 MiB
2026/08/03 11:39:47.065, 5, P0, 36, 244.33 W, 1965 MHz, 3996 MHz, 0 %, 0 MiB
2026/08/03 11:39:47.065, 6, P0, 33, 242.23 W, 1965 MHz, 3996 MHz, 0 %, 0 MiB
2026/08/03 11:39:47.065, 7, P0, 37, 243.14 W, 1965 MHz, 3996 MHz, 0 %, 0 MiB
2026/08/03 11:39:48.065, 0, P0, 36, 254.37 W, 1965 MHz, 3996 MHz, 76 %, 161507 MiB
2026/08/03 11:39:48.065, 1, P0, 33, 249.74 W, 1965 MHz, 3996 MHz, 6 %, 161507 MiB
2026/08/03 11:39:48.065, 2, P0, 36, 235.89 W, 1965 MHz, 3996 MHz, 0 %, 0 MiB
2026/08/03 11:39:48.065, 3, P0, 32, 238.45 W, 1965 MHz, 3996 MHz, 0 %, 0 MiB
2026/08/03 11:39:48.065, 4, P0, 33, 235.44 W, 1965 MHz, 3996 MHz, 0 %, 0 MiB
2026/08/03 11:39:48.065, 5, P0, 36, 244.28 W, 1965 MHz, 3996 MHz, 0 %, 0 MiB
2026/08/03 11:39:48.065, 6, P0, 33, 242.21 W, 1965 MHz, 3996 MHz, 0 %, 0 MiB
2026/08/03 11:39:48.065, 7, P0, 37, 243.06 W, 1965 MHz, 3996 MHz, 0 %, 0 MiB
2026/08/03 11:39:49.065, 0, P0, 36, 254.86 W, 1965 MHz, 3996 MHz, 79 %, 161507 MiB
2026/08/03 11:39:49.065, 1, P0, 33, 249.74 W, 1965 MHz, 3996 MHz, 6 %, 161507 MiB
2026/08/03 11:39:49.065, 2, P0, 36, 236.03 W, 1965 MHz, 3996 MHz, 0 %, 0 MiB
2026/08/03 11:39:49.065, 3, P0, 32, 238.48 W, 1965 MHz, 3996 MHz, 0 %, 0 MiB
2026/08/03 11:39:49.065, 4, P0, 33, 235.43 W, 1965 MHz, 3996 MHz, 0 %, 0 MiB
2026/08/03 11:39:49.065, 5, P0, 36, 244.29 W, 1965 MHz, 3996 MHz, 0 %, 0 MiB
2026/08/03 11:39:49.065, 6, P0, 33, 242.26 W, 1965 MHz, 3996 MHz, 0 %, 0 MiB
2026/08/03 11:39:49.065, 7, P0, 37, 243.10 W, 1965 MHz, 3996 MHz, 0 %, 0 MiB
2026/08/03 11:39:50.065, 0, P0, 36, 255.31 W, 1965 MHz, 3996 MHz, 81 %, 161507 MiB
2026/08/03 11:39:50.065, 1, P0, 33, 250.07 W, 1965 MHz, 3996 MHz, 6 %, 161507 MiB
2026/08/03 11:39:50.065, 2, P0, 36, 235.99 W, 1965 MHz, 3996 MHz, 0 %, 0 MiB
2026/08/03 11:39:50.065, 3, P0, 32, 238.52 W, 1965 MHz, 3996 MHz, 0 %, 0 MiB
2026/08/03 11:39:50.065, 4, P0, 33, 235.36 W, 1965 MHz, 3996 MHz, 0 %, 0 MiB
2026/08/03 11:39:50.065, 5, P0, 36, 244.26 W, 1965 MHz, 3996 MHz, 0 %, 0 MiB
2026/08/03 11:39:50.065, 6, P0, 33, 242.31 W, 1965 MHz, 3996 MHz, 0 %, 0 MiB
2026/08/03 11:39:50.065, 7, P0, 37, 243.21 W, 1965 MHz, 3996 MHz, 0 %, 0 MiB
2026/08/03 11:39:51.065, 0, P0, 36, 254.97 W, 1965 MHz, 3996 MHz, 80 %, 161507 MiB
2026/08/03 11:39:51.066, 1, P0, 33, 249.08 W, 1965 MHz, 3996 MHz, 6 %, 161507 MiB
2026/08/03 11:39:51.066, 2, P0, 36, 235.91 W, 1965 MHz, 3996 MHz, 0 %, 0 MiB
2026/08/03 11:39:51.066, 3, P0, 32, 238.48 W, 1965 MHz, 3996 MHz, 0 %, 0 MiB
2026/08/03 11:39:51.066, 4, P0, 33, 235.40 W, 1965 MHz, 3996 MHz, 0 %, 0 MiB
2026/08/03 11:39:51.066, 5, P0, 36, 244.25 W, 1965 MHz, 3996 MHz, 0 %, 0 MiB
2026/08/03 11:39:51.066, 6, P0, 33, 242.30 W, 1965 MHz, 3996 MHz, 0 %, 0 MiB
2026/08/03 11:39:51.066, 7, P0, 37, 243.06 W, 1965 MHz, 3996 MHz, 0 %, 0 MiB
2026/08/03 11:39:52.066, 0, P0, 36, 254.83 W, 1965 MHz, 3996 MHz, 83 %, 161507 MiB
2026/08/03 11:39:52.066, 1, P0, 33, 249.96 W, 1965 MHz, 3996 MHz, 6 %, 161507 MiB
2026/08/03 11:39:52.066, 2, P0, 36, 235.99 W, 1965 MHz, 3996 MHz, 0 %, 0 MiB
2026/08/03 11:39:52.066, 3, P0, 32, 238.46 W, 1965 MHz, 3996 MHz, 0 %, 0 MiB
2026/08/03 11:39:52.066, 4, P0, 33, 235.45 W, 1965 MHz, 3996 MHz, 0 %, 0 MiB
2026/08/03 11:39:52.066, 5, P0, 36, 244.23 W, 1965 MHz, 3996 MHz, 0 %, 0 MiB
2026/08/03 11:39:52.066, 6, P0, 33, 242.21 W, 1965 MHz, 3996 MHz, 0 %, 0 MiB
2026/08/03 11:39:52.066, 7, P0, 37, 243.05 W, 1965 MHz, 3996 MHz, 0 %, 0 MiB
2026/08/03 11:39:53.066, 0, P0, 36, 255.01 W, 1965 MHz, 3996 MHz, 81 %, 161507 MiB
2026/08/03 11:39:53.066, 1, P0, 33, 248.92 W, 1965 MHz, 3996 MHz, 6 %, 161507 MiB
2026/08/03 11:39:53.066, 2, P0, 36, 235.93 W, 1965 MHz, 3996 MHz, 0 %, 0 MiB
2026/08/03 11:39:53.066, 3, P0, 32, 238.52 W, 1965 MHz, 3996 MHz, 0 %, 0 MiB
2026/08/03 11:39:53.066, 4, P0, 33, 235.50 W, 1965 MHz, 3996 MHz, 0 %, 0 MiB
2026/08/03 11:39:53.066, 5, P0, 36, 244.27 W, 1965 MHz, 3996 MHz, 0 %, 0 MiB
2026/08/03 11:39:53.066, 6, P0, 33, 242.28 W, 1965 MHz, 3996 MHz, 0 %, 0 MiB
2026/08/03 11:39:53.066, 7, P0, 37, 243.17 W, 1965 MHz, 3996 MHz, 0 %, 0 MiB
2026/08/03 11:39:54.066, 0, P0, 36, 246.79 W, 1965 MHz, 3996 MHz, 100 %, 161507 MiB
2026/08/03 11:39:54.066, 1, P0, 33, 240.92 W, 1965 MHz, 3996 MHz, 0 %, 161507 MiB
2026/08/03 11:39:54.066, 2, P0, 36, 235.90 W, 1965 MHz, 3996 MHz, 0 %, 0 MiB
2026/08/03 11:39:54.066, 3, P0, 32, 238.43 W, 1965 MHz, 3996 MHz, 0 %, 0 MiB
2026/08/03 11:39:54.066, 4, P0, 33, 235.45 W, 1965 MHz, 3996 MHz, 0 %, 0 MiB
2026/08/03 11:39:54.066, 5, P0, 36, 244.30 W, 1965 MHz, 3996 MHz, 0 %, 0 MiB
2026/08/03 11:39:54.066, 6, P0, 33, 242.23 W, 1965 MHz, 3996 MHz, 0 %, 0 MiB
2026/08/03 11:39:54.066, 7, P0, 37, 243.19 W, 1965 MHz, 3996 MHz, 0 %, 0 MiB
2026/08/03 11:39:55.067, 0, P0, 36, 250.96 W, 1965 MHz, 3996 MHz, 87 %, 161507 MiB
2026/08/03 11:39:55.067, 1, P0, 33, 245.69 W, 1965 MHz, 3996 MHz, 6 %, 161507 MiB
2026/08/03 11:39:55.067, 2, P0, 36, 236.02 W, 1965 MHz, 3996 MHz, 0 %, 0 MiB
2026/08/03 11:39:55.067, 3, P0, 32, 238.47 W, 1965 MHz, 3996 MHz, 0 %, 0 MiB
2026/08/03 11:39:55.067, 4, P0, 33, 235.51 W, 1965 MHz, 3996 MHz, 0 %, 0 MiB
2026/08/03 11:39:55.067, 5, P0, 36, 244.29 W, 1965 MHz, 3996 MHz, 0 %, 0 MiB
2026/08/03 11:39:55.067, 6, P0, 33, 242.32 W, 1965 MHz, 3996 MHz, 0 %, 0 MiB
2026/08/03 11:39:55.067, 7, P0, 37, 243.11 W, 1965 MHz, 3996 MHz, 0 %, 0 MiB
2026/08/03 11:39:56.067, 0, P0, 36, 247.12 W, 1965 MHz, 3996 MHz, 0 %, 161507 MiB
2026/08/03 11:39:56.067, 1, P0, 33, 245.69 W, 1965 MHz, 3996 MHz, 100 %, 161507 MiB
2026/08/03 11:39:56.067, 2, P0, 36, 235.97 W, 1965 MHz, 3996 MHz, 0 %, 0 MiB
2026/08/03 11:39:56.067, 3, P0, 32, 238.52 W, 1965 MHz, 3996 MHz, 0 %, 0 MiB
2026/08/03 11:39:56.067, 4, P0, 33, 235.44 W, 1965 MHz, 3996 MHz, 0 %, 0 MiB
2026/08/03 11:39:56.067, 5, P0, 36, 244.26 W, 1965 MHz, 3996 MHz, 0 %, 0 MiB
2026/08/03 11:39:56.067, 6, P0, 33, 242.23 W, 1965 MHz, 3996 MHz, 0 %, 0 MiB
2026/08/03 11:39:56.067, 7, P0, 37, 243.24 W, 1965 MHz, 3996 MHz, 0 %, 0 MiB
2026/08/03 11:39:57.067, 0, P0, 36, 245.85 W, 1965 MHz, 3996 MHz, 93 %, 161507 MiB
2026/08/03 11:39:57.067, 1, P0, 33, 244.97 W, 1965 MHz, 3996 MHz, 26 %, 161507 MiB
2026/08/03 11:39:57.067, 2, P0, 36, 235.97 W, 1965 MHz, 3996 MHz, 0 %, 0 MiB
2026/08/03 11:39:57.067, 3, P0, 32, 238.52 W, 1965 MHz, 3996 MHz, 0 %, 0 MiB
2026/08/03 11:39:57.067, 4, P0, 33, 235.52 W, 1965 MHz, 3996 MHz, 0 %, 0 MiB
2026/08/03 11:39:57.067, 5, P0, 36, 244.35 W, 1965 MHz, 3996 MHz, 0 %, 0 MiB
2026/08/03 11:39:57.067, 6, P0, 33, 242.29 W, 1965 MHz, 3996 MHz, 0 %, 0 MiB
2026/08/03 11:39:57.067, 7, P0, 37, 243.16 W, 1965 MHz, 3996 MHz, 0 %, 0 MiB
2026/08/03 11:39:58.067, 0, P0, 36, 253.96 W, 1965 MHz, 3996 MHz, 87 %, 161507 MiB
2026/08/03 11:39:58.068, 1, P0, 33, 248.91 W, 1965 MHz, 3996 MHz, 6 %, 161507 MiB
2026/08/03 11:39:58.068, 2, P0, 36, 235.97 W, 1965 MHz, 3996 MHz, 0 %, 0 MiB
2026/08/03 11:39:58.068, 3, P0, 32, 238.54 W, 1965 MHz, 3996 MHz, 0 %, 0 MiB
2026/08/03 11:39:58.068, 4, P0, 33, 235.44 W, 1965 MHz, 3996 MHz, 0 %, 0 MiB
2026/08/03 11:39:58.068, 5, P0, 36, 244.35 W, 1965 MHz, 3996 MHz, 0 %, 0 MiB
2026/08/03 11:39:58.068, 6, P0, 33, 242.30 W, 1965 MHz, 3996 MHz, 0 %, 0 MiB
2026/08/03 11:39:58.068, 7, P0, 37, 243.20 W, 1965 MHz, 3996 MHz, 0 %, 0 MiB
2026/08/03 11:39:59.068, 0, P0, 36, 254.35 W, 1965 MHz, 3996 MHz, 82 %, 161507 MiB
2026/08/03 11:39:59.068, 1, P0, 33, 249.72 W, 1965 MHz, 3996 MHz, 6 %, 161507 MiB
2026/08/03 11:39:59.068, 2, P0, 36, 235.90 W, 1965 MHz, 3996 MHz, 0 %, 0 MiB
2026/08/03 11:39:59.068, 3, P0, 32, 238.47 W, 1965 MHz, 3996 MHz, 0 %, 0 MiB
2026/08/03 11:39:59.068, 4, P0, 33, 235.51 W, 1965 MHz, 3996 MHz, 0 %, 0 MiB
2026/08/03 11:39:59.068, 5, P0, 36, 244.26 W, 1965 MHz, 3996 MHz, 0 %, 0 MiB
2026/08/03 11:39:59.068, 6, P0, 33, 242.27 W, 1965 MHz, 3996 MHz, 0 %, 0 MiB
2026/08/03 11:39:59.068, 7, P0, 37, 243.10 W, 1965 MHz, 3996 MHz, 0 %, 0 MiB
2026/08/03 11:40:00.068, 0, P0, 36, 254.92 W, 1965 MHz, 3996 MHz, 83 %, 161507 MiB
2026/08/03 11:40:00.068, 1, P0, 33, 248.60 W, 1965 MHz, 3996 MHz, 6 %, 161507 MiB
2026/08/03 11:40:00.068, 2, P0, 36, 235.97 W, 1965 MHz, 3996 MHz, 0 %, 0 MiB
2026/08/03 11:40:00.068, 3, P0, 32, 238.52 W, 1965 MHz, 3996 MHz, 0 %, 0 MiB
2026/08/03 11:40:00.068, 4, P0, 33, 235.49 W, 1965 MHz, 3996 MHz, 0 %, 0 MiB
2026/08/03 11:40:00.068, 5, P0, 36, 244.27 W, 1965 MHz, 3996 MHz, 0 %, 0 MiB
2026/08/03 11:40:00.068, 6, P0, 33, 242.37 W, 1965 MHz, 3996 MHz, 0 %, 0 MiB
2026/08/03 11:40:00.068, 7, P0, 37, 243.21 W, 1965 MHz, 3996 MHz, 0 %, 0 MiB
2026/08/03 11:40:01.068, 0, P0, 36, 254.18 W, 1965 MHz, 3996 MHz, 80 %, 161507 MiB
2026/08/03 11:40:01.068, 1, P0, 33, 248.45 W, 1965 MHz, 3996 MHz, 7 %, 161507 MiB
2026/08/03 11:40:01.068, 2, P0, 36, 235.99 W, 1965 MHz, 3996 MHz, 0 %, 0 MiB
2026/08/03 11:40:01.068, 3, P0, 32, 238.49 W, 1965 MHz, 3996 MHz, 0 %, 0 MiB
2026/08/03 11:40:01.068, 4, P0, 33, 235.54 W, 1965 MHz, 3996 MHz, 0 %, 0 MiB
2026/08/03 11:40:01.068, 5, P0, 36, 244.30 W, 1965 MHz, 3996 MHz, 0 %, 0 MiB
2026/08/03 11:40:01.068, 6, P0, 33, 242.35 W, 1965 MHz, 3996 MHz, 0 %, 0 MiB
2026/08/03 11:40:01.068, 7, P0, 37, 243.14 W, 1965 MHz, 3996 MHz, 0 %, 0 MiB
2026/08/03 11:40:02.069, 0, P0, 36, 253.83 W, 1965 MHz, 3996 MHz, 74 %, 161507 MiB
2026/08/03 11:40:02.069, 1, P0, 33, 249.16 W, 1965 MHz, 3996 MHz, 6 %, 161507 MiB
2026/08/03 11:40:02.069, 2, P0, 36, 235.97 W, 1965 MHz, 3996 MHz, 0 %, 0 MiB
2026/08/03 11:40:02.069, 3, P0, 32, 238.49 W, 1965 MHz, 3996 MHz, 0 %, 0 MiB
2026/08/03 11:40:02.069, 4, P0, 33, 235.49 W, 1965 MHz, 3996 MHz, 0 %, 0 MiB
2026/08/03 11:40:02.069, 5, P0, 36, 244.28 W, 1965 MHz, 3996 MHz, 0 %, 0 MiB
2026/08/03 11:40:02.069, 6, P0, 33, 242.30 W, 1965 MHz, 3996 MHz, 0 %, 0 MiB
2026/08/03 11:40:02.069, 7, P0, 37, 243.17 W, 1965 MHz, 3996 MHz, 0 %, 0 MiB
2026/08/03 11:40:03.069, 0, P0, 36, 254.69 W, 1965 MHz, 3996 MHz, 85 %, 161507 MiB
2026/08/03 11:40:03.069, 1, P0, 33, 248.72 W, 1965 MHz, 3996 MHz, 6 %, 161507 MiB
2026/08/03 11:40:03.069, 2, P0, 36, 235.97 W, 1965 MHz, 3996 MHz, 0 %, 0 MiB
2026/08/03 11:40:03.069, 3, P0, 32, 238.49 W, 1965 MHz, 3996 MHz, 0 %, 0 MiB
2026/08/03 11:40:03.069, 4, P0, 33, 235.47 W, 1965 MHz, 3996 MHz, 0 %, 0 MiB
2026/08/03 11:40:03.069, 5, P0, 36, 244.37 W, 1965 MHz, 3996 MHz, 0 %, 0 MiB
2026/08/03 11:40:03.069, 6, P0, 33, 242.32 W, 1965 MHz, 3996 MHz, 0 %, 0 MiB
2026/08/03 11:40:03.069, 7, P0, 37, 243.23 W, 1965 MHz, 3996 MHz, 0 %, 0 MiB
2026/08/03 11:40:04.069, 0, P0, 36, 254.86 W, 1965 MHz, 3996 MHz, 67 %, 161507 MiB
2026/08/03 11:40:04.069, 1, P0, 33, 249.09 W, 1965 MHz, 3996 MHz, 7 %, 161507 MiB
2026/08/03 11:40:04.069, 2, P0, 36, 235.99 W, 1965 MHz, 3996 MHz, 0 %, 0 MiB
2026/08/03 11:40:04.069, 3, P0, 32, 238.49 W, 1965 MHz, 3996 MHz, 0 %, 0 MiB
2026/08/03 11:40:04.069, 4, P0, 33, 235.48 W, 1965 MHz, 3996 MHz, 0 %, 0 MiB
2026/08/03 11:40:04.069, 5, P0, 36, 244.28 W, 1965 MHz, 3996 MHz, 0 %, 0 MiB
2026/08/03 11:40:04.069, 6, P0, 33, 242.28 W, 1965 MHz, 3996 MHz, 0 %, 0 MiB
2026/08/03 11:40:04.069, 7, P0, 37, 243.20 W, 1965 MHz, 3996 MHz, 0 %, 0 MiB
2026/08/03 11:40:05.069, 0, P0, 36, 254.11 W, 1965 MHz, 3996 MHz, 82 %, 161507 MiB
2026/08/03 11:40:05.069, 1, P0, 33, 248.60 W, 1965 MHz, 3996 MHz, 6 %, 161507 MiB
2026/08/03 11:40:05.069, 2, P0, 36, 235.98 W, 1965 MHz, 3996 MHz, 0 %, 0 MiB
2026/08/03 11:40:05.069, 3, P0, 32, 238.49 W, 1965 MHz, 3996 MHz, 0 %, 0 MiB
2026/08/03 11:40:05.070, 4, P0, 33, 235.51 W, 1965 MHz, 3996 MHz, 0 %, 0 MiB
2026/08/03 11:40:05.070, 5, P0, 36, 244.27 W, 1965 MHz, 3996 MHz, 0 %, 0 MiB
2026/08/03 11:40:05.070, 6, P0, 33, 242.21 W, 1965 MHz, 3996 MHz, 0 %, 0 MiB
2026/08/03 11:40:05.070, 7, P0, 37, 243.20 W, 1965 MHz, 3996 MHz, 0 %, 0 MiB
2026/08/03 11:40:06.070, 0, P0, 36, 254.24 W, 1965 MHz, 3996 MHz, 84 %, 161507 MiB
2026/08/03 11:40:06.070, 1, P0, 33, 249.99 W, 1965 MHz, 3996 MHz, 6 %, 161507 MiB
2026/08/03 11:40:06.070, 2, P0, 36, 235.96 W, 1965 MHz, 3996 MHz, 0 %, 0 MiB
2026/08/03 11:40:06.070, 3, P0, 32, 238.48 W, 1965 MHz, 3996 MHz, 0 %, 0 MiB
2026/08/03 11:40:06.070, 4, P0, 33, 235.44 W, 1965 MHz, 3996 MHz, 0 %, 0 MiB
2026/08/03 11:40:06.070, 5, P0, 36, 244.32 W, 1965 MHz, 3996 MHz, 0 %, 0 MiB
2026/08/03 11:40:06.070, 6, P0, 33, 242.25 W, 1965 MHz, 3996 MHz, 0 %, 0 MiB
2026/08/03 11:40:06.070, 7, P0, 37, 243.18 W, 1965 MHz, 3996 MHz, 0 %, 0 MiB
2026/08/03 11:40:07.070, 0, P0, 36, 254.81 W, 1965 MHz, 3996 MHz, 84 %, 161507 MiB
2026/08/03 11:40:07.070, 1, P0, 33, 248.69 W, 1965 MHz, 3996 MHz, 6 %, 161507 MiB
2026/08/03 11:40:07.070, 2, P0, 36, 235.89 W, 1965 MHz, 3996 MHz, 0 %, 0 MiB
2026/08/03 11:40:07.070, 3, P0, 32, 238.51 W, 1965 MHz, 3996 MHz, 0 %, 0 MiB
2026/08/03 11:40:07.070, 4, P0, 33, 235.47 W, 1965 MHz, 3996 MHz, 0 %, 0 MiB
2026/08/03 11:40:07.070, 5, P0, 36, 244.30 W, 1965 MHz, 3996 MHz, 0 %, 0 MiB
2026/08/03 11:40:07.070, 6, P0, 33, 242.28 W, 1965 MHz, 3996 MHz, 0 %, 0 MiB
2026/08/03 11:40:07.070, 7, P0, 37, 243.16 W, 1965 MHz, 3996 MHz, 0 %, 0 MiB
2026/08/03 11:40:08.070, 0, P0, 36, 254.52 W, 1965 MHz, 3996 MHz, 88 %, 161507 MiB
2026/08/03 11:40:08.070, 1, P0, 33, 249.82 W, 1965 MHz, 3996 MHz, 6 %, 161507 MiB
2026/08/03 11:40:08.070, 2, P0, 36, 236.01 W, 1965 MHz, 3996 MHz, 0 %, 0 MiB
2026/08/03 11:40:08.070, 3, P0, 32, 238.51 W, 1965 MHz, 3996 MHz, 0 %, 0 MiB
2026/08/03 11:40:08.070, 4, P0, 33, 235.47 W, 1965 MHz, 3996 MHz, 0 %, 0 MiB
2026/08/03 11:40:08.070, 5, P0, 36, 244.33 W, 1965 MHz, 3996 MHz, 0 %, 0 MiB
2026/08/03 11:40:08.070, 6, P0, 33, 242.32 W, 1965 MHz, 3996 MHz, 0 %, 0 MiB
2026/08/03 11:40:08.070, 7, P0, 37, 243.14 W, 1965 MHz, 3996 MHz, 0 %, 0 MiB
2026/08/03 11:40:09.071, 0, P0, 36, 255.75 W, 1965 MHz, 3996 MHz, 90 %, 161507 MiB
2026/08/03 11:40:09.071, 1, P0, 33, 248.98 W, 1965 MHz, 3996 MHz, 6 %, 161507 MiB
2026/08/03 11:40:09.071, 2, P0, 36, 235.98 W, 1965 MHz, 3996 MHz, 0 %, 0 MiB
2026/08/03 11:40:09.071, 3, P0, 32, 238.48 W, 1965 MHz, 3996 MHz, 0 %, 0 MiB
2026/08/03 11:40:09.071, 4, P0, 33, 235.42 W, 1965 MHz, 3996 MHz, 0 %, 0 MiB
2026/08/03 11:40:09.071, 5, P0, 36, 244.26 W, 1965 MHz, 3996 MHz, 0 %, 0 MiB
2026/08/03 11:40:09.071, 6, P0, 33, 242.27 W, 1965 MHz, 3996 MHz, 0 %, 0 MiB
2026/08/03 11:40:09.071, 7, P0, 37, 243.09 W, 1965 MHz, 3996 MHz, 0 %, 0 MiB
2026/08/03 11:40:10.071, 0, P0, 36, 254.14 W, 1965 MHz, 3996 MHz, 88 %, 161507 MiB
2026/08/03 11:40:10.071, 1, P0, 33, 249.80 W, 1965 MHz, 3996 MHz, 6 %, 161507 MiB
2026/08/03 11:40:10.071, 2, P0, 36, 236.03 W, 1965 MHz, 3996 MHz, 0 %, 0 MiB
2026/08/03 11:40:10.071, 3, P0, 32, 238.51 W, 1965 MHz, 3996 MHz, 0 %, 0 MiB
2026/08/03 11:40:10.071, 4, P0, 33, 235.45 W, 1965 MHz, 3996 MHz, 0 %, 0 MiB
2026/08/03 11:40:10.071, 5, P0, 36, 244.27 W, 1965 MHz, 3996 MHz, 0 %, 0 MiB
2026/08/03 11:40:10.071, 6, P0, 33, 242.32 W, 1965 MHz, 3996 MHz, 0 %, 0 MiB
2026/08/03 11:40:10.071, 7, P0, 37, 243.12 W, 1965 MHz, 3996 MHz, 0 %, 0 MiB
2026/08/03 11:40:11.071, 0, P0, 36, 254.30 W, 1965 MHz, 3996 MHz, 84 %, 161507 MiB
2026/08/03 11:40:11.071, 1, P0, 33, 249.08 W, 1965 MHz, 3996 MHz, 7 %, 161507 MiB
2026/08/03 11:40:11.071, 2, P0, 36, 236.01 W, 1965 MHz, 3996 MHz, 0 %, 0 MiB
2026/08/03 11:40:11.071, 3, P0, 32, 238.48 W, 1965 MHz, 3996 MHz, 0 %, 0 MiB
2026/08/03 11:40:11.071, 4, P0, 33, 235.52 W, 1965 MHz, 3996 MHz, 0 %, 0 MiB
2026/08/03 11:40:11.071, 5, P0, 36, 244.35 W, 1965 MHz, 3996 MHz, 0 %, 0 MiB
2026/08/03 11:40:11.071, 6, P0, 33, 242.34 W, 1965 MHz, 3996 MHz, 0 %, 0 MiB
2026/08/03 11:40:11.071, 7, P0, 37, 243.09 W, 1965 MHz, 3996 MHz, 0 %, 0 MiB
2026/08/03 11:40:12.071, 0, P0, 36, 254.54 W, 1965 MHz, 3996 MHz, 77 %, 161507 MiB
2026/08/03 11:40:12.072, 1, P0, 33, 250.22 W, 1965 MHz, 3996 MHz, 7 %, 161507 MiB
2026/08/03 11:40:12.072, 2, P0, 36, 236.01 W, 1965 MHz, 3996 MHz, 0 %, 0 MiB
2026/08/03 11:40:12.072, 3, P0, 32, 238.51 W, 1965 MHz, 3996 MHz, 0 %, 0 MiB
2026/08/03 11:40:12.072, 4, P0, 33, 235.47 W, 1965 MHz, 3996 MHz, 0 %, 0 MiB
2026/08/03 11:40:12.072, 5, P0, 36, 244.31 W, 1965 MHz, 3996 MHz, 0 %, 0 MiB
2026/08/03 11:40:12.072, 6, P0, 33, 242.34 W, 1965 MHz, 3996 MHz, 0 %, 0 MiB
2026/08/03 11:40:12.072, 7, P0, 37, 243.04 W, 1965 MHz, 3996 MHz, 0 %, 0 MiB
2026/08/03 11:40:13.072, 0, P0, 36, 255.31 W, 1965 MHz, 3996 MHz, 64 %, 161507 MiB
2026/08/03 11:40:13.072, 1, P0, 33, 249.50 W, 1965 MHz, 3996 MHz, 7 %, 161507 MiB
2026/08/03 11:40:13.072, 2, P0, 36, 235.99 W, 1965 MHz, 3996 MHz, 0 %, 0 MiB
2026/08/03 11:40:13.072, 3, P0, 32, 238.51 W, 1965 MHz, 3996 MHz, 0 %, 0 MiB
2026/08/03 11:40:13.072, 4, P0, 33, 235.49 W, 1965 MHz, 3996 MHz, 0 %, 0 MiB
2026/08/03 11:40:13.072, 5, P0, 36, 244.27 W, 1965 MHz, 3996 MHz, 0 %, 0 MiB
2026/08/03 11:40:13.072, 6, P0, 33, 242.36 W, 1965 MHz, 3996 MHz, 0 %, 0 MiB
2026/08/03 11:40:13.072, 7, P0, 37, 243.19 W, 1965 MHz, 3996 MHz, 0 %, 0 MiB
2026/08/03 11:40:14.072, 0, P0, 36, 254.62 W, 1965 MHz, 3996 MHz, 82 %, 161507 MiB
2026/08/03 11:40:14.072, 1, P0, 33, 249.01 W, 1965 MHz, 3996 MHz, 6 %, 161507 MiB
2026/08/03 11:40:14.072, 2, P0, 36, 236.03 W, 1965 MHz, 3996 MHz, 0 %, 0 MiB
2026/08/03 11:40:14.072, 3, P0, 32, 238.47 W, 1965 MHz, 3996 MHz, 0 %, 0 MiB
2026/08/03 11:40:14.072, 4, P0, 33, 235.55 W, 1965 MHz, 3996 MHz, 0 %, 0 MiB
2026/08/03 11:40:14.072, 5, P0, 36, 244.34 W, 1965 MHz, 3996 MHz, 0 %, 0 MiB
2026/08/03 11:40:14.072, 6, P0, 33, 242.33 W, 1965 MHz, 3996 MHz, 0 %, 0 MiB
2026/08/03 11:40:14.072, 7, P0, 37, 243.18 W, 1965 MHz, 3996 MHz, 0 %, 0 MiB
2026/08/03 11:40:15.072, 0, P0, 36, 254.57 W, 1965 MHz, 3996 MHz, 79 %, 161507 MiB
2026/08/03 11:40:15.072, 1, P0, 33, 249.21 W, 1965 MHz, 3996 MHz, 6 %, 161507 MiB
2026/08/03 11:40:15.072, 2, P0, 36, 235.94 W, 1965 MHz, 3996 MHz, 0 %, 0 MiB
2026/08/03 11:40:15.072, 3, P0, 32, 238.49 W, 1965 MHz, 3996 MHz, 0 %, 0 MiB
2026/08/03 11:40:15.073, 4, P0, 33, 235.47 W, 1965 MHz, 3996 MHz, 0 %, 0 MiB
2026/08/03 11:40:15.073, 5, P0, 36, 244.35 W, 1965 MHz, 3996 MHz, 0 %, 0 MiB
2026/08/03 11:40:15.073, 6, P0, 33, 242.26 W, 1965 MHz, 3996 MHz, 0 %, 0 MiB
2026/08/03 11:40:15.073, 7, P0, 37, 243.09 W, 1965 MHz, 3996 MHz, 0 %, 0 MiB
2026/08/03 11:40:16.073, 0, P0, 36, 255.07 W, 1965 MHz, 3996 MHz, 82 %, 161507 MiB
2026/08/03 11:40:16.073, 1, P0, 33, 250.01 W, 1965 MHz, 3996 MHz, 6 %, 161507 MiB
2026/08/03 11:40:16.073, 2, P0, 36, 236.02 W, 1965 MHz, 3996 MHz, 0 %, 0 MiB
2026/08/03 11:40:16.073, 3, P0, 32, 238.50 W, 1965 MHz, 3996 MHz, 0 %, 0 MiB
2026/08/03 11:40:16.073, 4, P0, 33, 235.56 W, 1965 MHz, 3996 MHz, 0 %, 0 MiB
2026/08/03 11:40:16.073, 5, P0, 36, 244.29 W, 1965 MHz, 3996 MHz, 0 %, 0 MiB
2026/08/03 11:40:16.073, 6, P0, 33, 242.27 W, 1965 MHz, 3996 MHz, 0 %, 0 MiB
2026/08/03 11:40:16.073, 7, P0, 37, 243.09 W, 1965 MHz, 3996 MHz, 0 %, 0 MiB
2026/08/03 11:40:17.073, 0, P0, 36, 254.66 W, 1965 MHz, 3996 MHz, 79 %, 161507 MiB
2026/08/03 11:40:17.073, 1, P0, 33, 249.15 W, 1965 MHz, 3996 MHz, 6 %, 161507 MiB
2026/08/03 11:40:17.073, 2, P0, 36, 236.07 W, 1965 MHz, 3996 MHz, 0 %, 0 MiB
2026/08/03 11:40:17.073, 3, P0, 32, 238.50 W, 1965 MHz, 3996 MHz, 0 %, 0 MiB
2026/08/03 11:40:17.073, 4, P0, 33, 235.51 W, 1965 MHz, 3996 MHz, 0 %, 0 MiB
2026/08/03 11:40:17.073, 5, P0, 36, 244.27 W, 1965 MHz, 3996 MHz, 0 %, 0 MiB
2026/08/03 11:40:17.073, 6, P0, 33, 242.29 W, 1965 MHz, 3996 MHz, 0 %, 0 MiB
2026/08/03 11:40:17.073, 7, P0, 37, 243.15 W, 1965 MHz, 3996 MHz, 0 %, 0 MiB
2026/08/03 11:40:18.073, 0, P0, 36, 255.81 W, 1965 MHz, 3996 MHz, 80 %, 161507 MiB
2026/08/03 11:40:18.073, 1, P0, 33, 249.58 W, 1965 MHz, 3996 MHz, 6 %, 161507 MiB
2026/08/03 11:40:18.073, 2, P0, 36, 236.01 W, 1965 MHz, 3996 MHz, 0 %, 0 MiB
2026/08/03 11:40:18.073, 3, P0, 32, 238.52 W, 1965 MHz, 3996 MHz, 0 %, 0 MiB
2026/08/03 11:40:18.073, 4, P0, 33, 235.52 W, 1965 MHz, 3996 MHz, 0 %, 0 MiB
2026/08/03 11:40:18.073, 5, P0, 36, 244.32 W, 1965 MHz, 3996 MHz, 0 %, 0 MiB
2026/08/03 11:40:18.073, 6, P0, 33, 242.23 W, 1965 MHz, 3996 MHz, 0 %, 0 MiB
2026/08/03 11:40:18.073, 7, P0, 37, 243.21 W, 1965 MHz, 3996 MHz, 0 %, 0 MiB
2026/08/03 11:40:19.073, 0, P0, 36, 254.21 W, 1965 MHz, 3996 MHz, 79 %, 161507 MiB
2026/08/03 11:40:19.074, 1, P0, 33, 249.73 W, 1965 MHz, 3996 MHz, 6 %, 161507 MiB
2026/08/03 11:40:19.074, 2, P0, 36, 236.03 W, 1965 MHz, 3996 MHz, 0 %, 0 MiB
2026/08/03 11:40:19.074, 3, P0, 32, 238.55 W, 1965 MHz, 3996 MHz, 0 %, 0 MiB
2026/08/03 11:40:19.074, 4, P0, 33, 235.50 W, 1965 MHz, 3996 MHz, 0 %, 0 MiB
2026/08/03 11:40:19.074, 5, P0, 36, 244.20 W, 1965 MHz, 3996 MHz, 0 %, 0 MiB
2026/08/03 11:40:19.074, 6, P0, 33, 242.34 W, 1965 MHz, 3996 MHz, 0 %, 0 MiB
2026/08/03 11:40:19.074, 7, P0, 37, 243.27 W, 1965 MHz, 3996 MHz, 0 %, 0 MiB
2026/08/03 11:40:20.074, 0, P0, 36, 254.53 W, 1965 MHz, 3996 MHz, 75 %, 161507 MiB
2026/08/03 11:40:20.074, 1, P0, 33, 248.31 W, 1965 MHz, 3996 MHz, 6 %, 161507 MiB
2026/08/03 11:40:20.074, 2, P0, 36, 236.01 W, 1965 MHz, 3996 MHz, 0 %, 0 MiB
2026/08/03 11:40:20.074, 3, P0, 32, 238.52 W, 1965 MHz, 3996 MHz, 0 %, 0 MiB
2026/08/03 11:40:20.074, 4, P0, 33, 235.53 W, 1965 MHz, 3996 MHz, 0 %, 0 MiB
2026/08/03 11:40:20.074, 5, P0, 36, 244.35 W, 1965 MHz, 3996 MHz, 0 %, 0 MiB
2026/08/03 11:40:20.074, 6, P0, 33, 242.38 W, 1965 MHz, 3996 MHz, 0 %, 0 MiB
2026/08/03 11:40:20.074, 7, P0, 37, 243.18 W, 1965 MHz, 3996 MHz, 0 %, 0 MiB
2026/08/03 11:40:21.074, 0, P0, 36, 254.07 W, 1965 MHz, 3996 MHz, 81 %, 161507 MiB
2026/08/03 11:40:21.074, 1, P0, 33, 249.36 W, 1965 MHz, 3996 MHz, 6 %, 161507 MiB
2026/08/03 11:40:21.074, 2, P0, 36, 235.90 W, 1965 MHz, 3996 MHz, 0 %, 0 MiB
2026/08/03 11:40:21.074, 3, P0, 32, 238.55 W, 1965 MHz, 3996 MHz, 0 %, 0 MiB
2026/08/03 11:40:21.074, 4, P0, 33, 235.54 W, 1965 MHz, 3996 MHz, 0 %, 0 MiB
2026/08/03 11:40:21.074, 5, P0, 36, 244.24 W, 1965 MHz, 3996 MHz, 0 %, 0 MiB
2026/08/03 11:40:21.074, 6, P0, 33, 242.32 W, 1965 MHz, 3996 MHz, 0 %, 0 MiB
2026/08/03 11:40:21.074, 7, P0, 37, 243.24 W, 1965 MHz, 3996 MHz, 0 %, 0 MiB
2026/08/03 11:40:22.074, 0, P0, 36, 253.40 W, 1965 MHz, 3996 MHz, 89 %, 161507 MiB
2026/08/03 11:40:22.074, 1, P0, 33, 248.99 W, 1965 MHz, 3996 MHz, 6 %, 161507 MiB
2026/08/03 11:40:22.074, 2, P0, 36, 236.06 W, 1965 MHz, 3996 MHz, 0 %, 0 MiB
2026/08/03 11:40:22.074, 3, P0, 32, 238.48 W, 1965 MHz, 3996 MHz, 0 %, 0 MiB
2026/08/03 11:40:22.074, 4, P0, 33, 235.52 W, 1965 MHz, 3996 MHz, 0 %, 0 MiB
2026/08/03 11:40:22.075, 5, P0, 36, 244.28 W, 1965 MHz, 3996 MHz, 0 %, 0 MiB
2026/08/03 11:40:22.075, 6, P0, 33, 242.28 W, 1965 MHz, 3996 MHz, 0 %, 0 MiB
2026/08/03 11:40:22.075, 7, P0, 37, 243.23 W, 1965 MHz, 3996 MHz, 0 %, 0 MiB
2026/08/03 11:40:23.075, 0, P0, 36, 284.08 W, 1965 MHz, 3996 MHz, 84 %, 161509 MiB
2026/08/03 11:40:23.075, 1, P0, 33, 255.43 W, 1965 MHz, 3996 MHz, 7 %, 161509 MiB
2026/08/03 11:40:23.075, 2, P0, 36, 235.93 W, 1965 MHz, 3996 MHz, 0 %, 0 MiB
2026/08/03 11:40:23.075, 3, P0, 32, 238.45 W, 1965 MHz, 3996 MHz, 0 %, 0 MiB
2026/08/03 11:40:23.075, 4, P0, 33, 235.43 W, 1965 MHz, 3996 MHz, 0 %, 0 MiB
2026/08/03 11:40:23.075, 5, P0, 36, 244.34 W, 1965 MHz, 3996 MHz, 0 %, 0 MiB
2026/08/03 11:40:23.075, 6, P0, 33, 242.34 W, 1965 MHz, 3996 MHz, 0 %, 0 MiB
2026/08/03 11:40:23.075, 7, P0, 37, 243.15 W, 1965 MHz, 3996 MHz, 0 %, 0 MiB
2026/08/03 11:40:24.075, 0, P0, 36, 260.40 W, 1965 MHz, 3996 MHz, 78 %, 161509 MiB
2026/08/03 11:40:24.075, 1, P0, 33, 253.98 W, 1965 MHz, 3996 MHz, 7 %, 161509 MiB
2026/08/03 11:40:24.075, 2, P0, 36, 235.95 W, 1965 MHz, 3996 MHz, 0 %, 0 MiB
2026/08/03 11:40:24.075, 3, P0, 32, 238.48 W, 1965 MHz, 3996 MHz, 0 %, 0 MiB
2026/08/03 11:40:24.075, 4, P0, 33, 235.48 W, 1965 MHz, 3996 MHz, 0 %, 0 MiB
2026/08/03 11:40:24.075, 5, P0, 36, 244.32 W, 1965 MHz, 3996 MHz, 0 %, 0 MiB
2026/08/03 11:40:24.075, 6, P0, 33, 242.22 W, 1965 MHz, 3996 MHz, 0 %, 0 MiB
2026/08/03 11:40:24.075, 7, P0, 37, 243.19 W, 1965 MHz, 3996 MHz, 0 %, 0 MiB
2026/08/03 11:40:25.075, 0, P0, 36, 284.58 W, 1965 MHz, 3996 MHz, 79 %, 161509 MiB
2026/08/03 11:40:25.075, 1, P0, 33, 257.25 W, 1965 MHz, 3996 MHz, 6 %, 161509 MiB
2026/08/03 11:40:25.075, 2, P0, 36, 235.94 W, 1965 MHz, 3996 MHz, 0 %, 0 MiB
2026/08/03 11:40:25.075, 3, P0, 32, 238.47 W, 1965 MHz, 3996 MHz, 0 %, 0 MiB
2026/08/03 11:40:25.075, 4, P0, 33, 235.48 W, 1965 MHz, 3996 MHz, 0 %, 0 MiB
2026/08/03 11:40:25.075, 5, P0, 36, 244.23 W, 1965 MHz, 3996 MHz, 0 %, 0 MiB
2026/08/03 11:40:25.075, 6, P0, 33, 242.19 W, 1965 MHz, 3996 MHz, 0 %, 0 MiB
2026/08/03 11:40:25.075, 7, P0, 37, 243.06 W, 1965 MHz, 3996 MHz, 0 %, 0 MiB
2026/08/03 11:40:26.075, 0, P0, 36, 258.36 W, 1965 MHz, 3996 MHz, 78 %, 161509 MiB
2026/08/03 11:40:26.076, 1, P0, 33, 250.54 W, 1965 MHz, 3996 MHz, 6 %, 161509 MiB
2026/08/03 11:40:26.076, 2, P0, 36, 235.91 W, 1965 MHz, 3996 MHz, 0 %, 0 MiB
2026/08/03 11:40:26.076, 3, P0, 32, 238.51 W, 1965 MHz, 3996 MHz, 0 %, 0 MiB
2026/08/03 11:40:26.076, 4, P0, 33, 235.49 W, 1965 MHz, 3996 MHz, 0 %, 0 MiB
2026/08/03 11:40:26.076, 5, P0, 36, 244.29 W, 1965 MHz, 3996 MHz, 0 %, 0 MiB
2026/08/03 11:40:26.076, 6, P0, 33, 242.12 W, 1965 MHz, 3996 MHz, 0 %, 0 MiB
2026/08/03 11:40:26.076, 7, P0, 37, 243.09 W, 1965 MHz, 3996 MHz, 0 %, 0 MiB
2026/08/03 11:40:27.076, 0, P0, 36, 280.14 W, 1965 MHz, 3996 MHz, 86 %, 161509 MiB
2026/08/03 11:40:27.076, 1, P0, 33, 255.85 W, 1965 MHz, 3996 MHz, 7 %, 161509 MiB
2026/08/03 11:40:27.076, 2, P0, 36, 235.98 W, 1965 MHz, 3996 MHz, 0 %, 0 MiB
2026/08/03 11:40:27.076, 3, P0, 32, 238.45 W, 1965 MHz, 3996 MHz, 0 %, 0 MiB
2026/08/03 11:40:27.076, 4, P0, 33, 235.48 W, 1965 MHz, 3996 MHz, 0 %, 0 MiB
2026/08/03 11:40:27.076, 5, P0, 36, 244.33 W, 1965 MHz, 3996 MHz, 0 %, 0 MiB
2026/08/03 11:40:27.076, 6, P0, 33, 242.20 W, 1965 MHz, 3996 MHz, 0 %, 0 MiB
2026/08/03 11:40:27.076, 7, P0, 37, 243.11 W, 1965 MHz, 3996 MHz, 0 %, 0 MiB
2026/08/03 11:40:28.076, 0, P0, 36, 260.84 W, 1965 MHz, 3996 MHz, 81 %, 161509 MiB
2026/08/03 11:40:28.076, 1, P0, 33, 252.66 W, 1965 MHz, 3996 MHz, 7 %, 161509 MiB
2026/08/03 11:40:28.076, 2, P0, 36, 236.03 W, 1965 MHz, 3996 MHz, 0 %, 0 MiB
2026/08/03 11:40:28.076, 3, P0, 32, 238.51 W, 1965 MHz, 3996 MHz, 0 %, 0 MiB
2026/08/03 11:40:28.076, 4, P0, 33, 235.51 W, 1965 MHz, 3996 MHz, 0 %, 0 MiB
2026/08/03 11:40:28.076, 5, P0, 36, 244.33 W, 1965 MHz, 3996 MHz, 0 %, 0 MiB
2026/08/03 11:40:28.076, 6, P0, 33, 242.18 W, 1965 MHz, 3996 MHz, 0 %, 0 MiB
2026/08/03 11:40:28.076, 7, P0, 37, 243.08 W, 1965 MHz, 3996 MHz, 0 %, 0 MiB
2026/08/03 11:40:29.076, 0, P0, 36, 286.47 W, 1965 MHz, 3996 MHz, 86 %, 161509 MiB
2026/08/03 11:40:29.076, 1, P0, 33, 257.25 W, 1965 MHz, 3996 MHz, 6 %, 161509 MiB
2026/08/03 11:40:29.076, 2, P0, 36, 235.97 W, 1965 MHz, 3996 MHz, 0 %, 0 MiB
2026/08/03 11:40:29.076, 3, P0, 32, 238.39 W, 1965 MHz, 3996 MHz, 0 %, 0 MiB
2026/08/03 11:40:29.076, 4, P0, 33, 235.49 W, 1965 MHz, 3996 MHz, 0 %, 0 MiB
2026/08/03 11:40:29.076, 5, P0, 36, 244.32 W, 1965 MHz, 3996 MHz, 0 %, 0 MiB
2026/08/03 11:40:29.076, 6, P0, 33, 242.28 W, 1965 MHz, 3996 MHz, 0 %, 0 MiB
2026/08/03 11:40:29.076, 7, P0, 37, 243.13 W, 1965 MHz, 3996 MHz, 0 %, 0 MiB
2026/08/03 11:40:30.077, 0, P0, 36, 258.24 W, 1965 MHz, 3996 MHz, 83 %, 161509 MiB
2026/08/03 11:40:30.077, 1, P0, 33, 249.91 W, 1965 MHz, 3996 MHz, 7 %, 161509 MiB
2026/08/03 11:40:30.077, 2, P0, 36, 236.01 W, 1965 MHz, 3996 MHz, 0 %, 0 MiB
2026/08/03 11:40:30.077, 3, P0, 32, 238.47 W, 1965 MHz, 3996 MHz, 0 %, 0 MiB
2026/08/03 11:40:30.077, 4, P0, 33, 235.54 W, 1965 MHz, 3996 MHz, 0 %, 0 MiB
2026/08/03 11:40:30.077, 5, P0, 36, 244.36 W, 1965 MHz, 3996 MHz, 0 %, 0 MiB
2026/08/03 11:40:30.077, 6, P0, 33, 242.26 W, 1965 MHz, 3996 MHz, 0 %, 0 MiB
2026/08/03 11:40:30.077, 7, P0, 37, 243.19 W, 1965 MHz, 3996 MHz, 0 %, 0 MiB
2026/08/03 11:40:31.077, 0, P0, 36, 256.51 W, 1965 MHz, 3996 MHz, 88 %, 161509 MiB
2026/08/03 11:40:31.077, 1, P0, 33, 250.05 W, 1965 MHz, 3996 MHz, 6 %, 161509 MiB
2026/08/03 11:40:31.077, 2, P0, 36, 235.91 W, 1965 MHz, 3996 MHz, 0 %, 0 MiB
2026/08/03 11:40:31.077, 3, P0, 32, 238.46 W, 1965 MHz, 3996 MHz, 0 %, 0 MiB
2026/08/03 11:40:31.077, 4, P0, 33, 235.54 W, 1965 MHz, 3996 MHz, 0 %, 0 MiB
2026/08/03 11:40:31.077, 5, P0, 36, 244.33 W, 1965 MHz, 3996 MHz, 0 %, 0 MiB
2026/08/03 11:40:31.077, 6, P0, 33, 242.31 W, 1965 MHz, 3996 MHz, 0 %, 0 MiB
2026/08/03 11:40:31.077, 7, P0, 37, 243.26 W, 1965 MHz, 3996 MHz, 0 %, 0 MiB
2026/08/03 11:40:32.077, 0, P0, 36, 258.28 W, 1965 MHz, 3996 MHz, 88 %, 161509 MiB
2026/08/03 11:40:32.077, 1, P0, 33, 250.41 W, 1965 MHz, 3996 MHz, 6 %, 161509 MiB
2026/08/03 11:40:32.077, 2, P0, 36, 235.94 W, 1965 MHz, 3996 MHz, 0 %, 0 MiB
2026/08/03 11:40:32.077, 3, P0, 32, 238.48 W, 1965 MHz, 3996 MHz, 0 %, 0 MiB
2026/08/03 11:40:32.077, 4, P0, 33, 235.48 W, 1965 MHz, 3996 MHz, 0 %, 0 MiB
2026/08/03 11:40:32.077, 5, P0, 36, 244.27 W, 1965 MHz, 3996 MHz, 0 %, 0 MiB
2026/08/03 11:40:32.077, 6, P0, 33, 242.23 W, 1965 MHz, 3996 MHz, 0 %, 0 MiB
2026/08/03 11:40:32.077, 7, P0, 37, 243.18 W, 1965 MHz, 3996 MHz, 0 %, 0 MiB
2026/08/03 11:40:33.077, 0, P0, 36, 255.68 W, 1965 MHz, 3996 MHz, 87 %, 161509 MiB
2026/08/03 11:40:33.077, 1, P0, 33, 249.38 W, 1965 MHz, 3996 MHz, 6 %, 161509 MiB
2026/08/03 11:40:33.077, 2, P0, 36, 235.95 W, 1965 MHz, 3996 MHz, 0 %, 0 MiB
2026/08/03 11:40:33.077, 3, P0, 32, 238.50 W, 1965 MHz, 3996 MHz, 0 %, 0 MiB
2026/08/03 11:40:33.078, 4, P0, 33, 235.52 W, 1965 MHz, 3996 MHz, 0 %, 0 MiB
2026/08/03 11:40:33.078, 5, P0, 36, 244.27 W, 1965 MHz, 3996 MHz, 0 %, 0 MiB
2026/08/03 11:40:33.078, 6, P0, 33, 242.21 W, 1965 MHz, 3996 MHz, 0 %, 0 MiB
2026/08/03 11:40:33.078, 7, P0, 37, 243.11 W, 1965 MHz, 3996 MHz, 0 %, 0 MiB
2026/08/03 11:40:34.078, 0, P0, 36, 257.40 W, 1965 MHz, 3996 MHz, 91 %, 161509 MiB
2026/08/03 11:40:34.078, 1, P0, 33, 250.47 W, 1965 MHz, 3996 MHz, 6 %, 161509 MiB
2026/08/03 11:40:34.078, 2, P0, 36, 235.92 W, 1965 MHz, 3996 MHz, 0 %, 0 MiB
2026/08/03 11:40:34.078, 3, P0, 32, 238.49 W, 1965 MHz, 3996 MHz, 0 %, 0 MiB
2026/08/03 11:40:34.078, 4, P0, 33, 235.46 W, 1965 MHz, 3996 MHz, 0 %, 0 MiB
2026/08/03 11:40:34.078, 5, P0, 36, 244.34 W, 1965 MHz, 3996 MHz, 0 %, 0 MiB
2026/08/03 11:40:34.078, 6, P0, 33, 242.27 W, 1965 MHz, 3996 MHz, 0 %, 0 MiB
2026/08/03 11:40:34.078, 7, P0, 37, 243.15 W, 1965 MHz, 3996 MHz, 0 %, 0 MiB
2026/08/03 11:40:35.078, 0, P0, 36, 257.05 W, 1965 MHz, 3996 MHz, 89 %, 161509 MiB
2026/08/03 11:40:35.078, 1, P0, 33, 249.98 W, 1965 MHz, 3996 MHz, 6 %, 161509 MiB
2026/08/03 11:40:35.078, 2, P0, 36, 235.94 W, 1965 MHz, 3996 MHz, 0 %, 0 MiB
2026/08/03 11:40:35.078, 3, P0, 32, 238.52 W, 1965 MHz, 3996 MHz, 0 %, 0 MiB
2026/08/03 11:40:35.078, 4, P0, 33, 235.51 W, 1965 MHz, 3996 MHz, 0 %, 0 MiB
2026/08/03 11:40:35.078, 5, P0, 36, 244.26 W, 1965 MHz, 3996 MHz, 0 %, 0 MiB
2026/08/03 11:40:35.078, 6, P0, 33, 242.24 W, 1965 MHz, 3996 MHz, 0 %, 0 MiB
2026/08/03 11:40:35.078, 7, P0, 37, 243.11 W, 1965 MHz, 3996 MHz, 0 %, 0 MiB
2026/08/03 11:40:36.078, 0, P0, 36, 257.46 W, 1965 MHz, 3996 MHz, 78 %, 161509 MiB
2026/08/03 11:40:36.078, 1, P0, 33, 250.59 W, 1965 MHz, 3996 MHz, 6 %, 161509 MiB
2026/08/03 11:40:36.078, 2, P0, 36, 235.93 W, 1965 MHz, 3996 MHz, 0 %, 0 MiB
2026/08/03 11:40:36.078, 3, P0, 32, 238.53 W, 1965 MHz, 3996 MHz, 0 %, 0 MiB
2026/08/03 11:40:36.078, 4, P0, 33, 235.54 W, 1965 MHz, 3996 MHz, 0 %, 0 MiB
2026/08/03 11:40:36.078, 5, P0, 36, 244.26 W, 1965 MHz, 3996 MHz, 0 %, 0 MiB
2026/08/03 11:40:36.078, 6, P0, 33, 242.20 W, 1965 MHz, 3996 MHz, 0 %, 0 MiB
2026/08/03 11:40:36.078, 7, P0, 37, 243.24 W, 1965 MHz, 3996 MHz, 0 %, 0 MiB
2026/08/03 11:40:37.078, 0, P0, 39, 272.58 W, 1965 MHz, 3996 MHz, 89 %, 161509 MiB
2026/08/03 11:40:37.079, 1, P0, 33, 254.54 W, 1965 MHz, 3996 MHz, 6 %, 161509 MiB
2026/08/03 11:40:37.079, 2, P0, 36, 235.96 W, 1965 MHz, 3996 MHz, 0 %, 0 MiB
2026/08/03 11:40:37.079, 3, P0, 32, 238.49 W, 1965 MHz, 3996 MHz, 0 %, 0 MiB
2026/08/03 11:40:37.079, 4, P0, 33, 235.51 W, 1965 MHz, 3996 MHz, 0 %, 0 MiB
2026/08/03 11:40:37.079, 5, P0, 36, 244.27 W, 1965 MHz, 3996 MHz, 0 %, 0 MiB
2026/08/03 11:40:37.079, 6, P0, 33, 242.37 W, 1965 MHz, 3996 MHz, 0 %, 0 MiB
2026/08/03 11:40:37.079, 7, P0, 37, 243.25 W, 1965 MHz, 3996 MHz, 0 %, 0 MiB
2026/08/03 11:40:38.079, 0, P0, 36, 275.22 W, 1965 MHz, 3996 MHz, 89 %, 161509 MiB
2026/08/03 11:40:38.079, 1, P0, 33, 254.68 W, 1965 MHz, 3996 MHz, 7 %, 161509 MiB
2026/08/03 11:40:38.079, 2, P0, 36, 235.97 W, 1965 MHz, 3996 MHz, 0 %, 0 MiB
2026/08/03 11:40:38.079, 3, P0, 32, 238.47 W, 1965 MHz, 3996 MHz, 0 %, 0 MiB
2026/08/03 11:40:38.079, 4, P0, 33, 235.48 W, 1965 MHz, 3996 MHz, 0 %, 0 MiB
2026/08/03 11:40:38.079, 5, P0, 36, 244.29 W, 1965 MHz, 3996 MHz, 0 %, 0 MiB
2026/08/03 11:40:38.079, 6, P0, 33, 242.35 W, 1965 MHz, 3996 MHz, 0 %, 0 MiB
2026/08/03 11:40:38.079, 7, P0, 37, 243.22 W, 1965 MHz, 3996 MHz, 0 %, 0 MiB
2026/08/03 11:40:39.079, 0, P0, 36, 262.15 W, 1965 MHz, 3996 MHz, 86 %, 161509 MiB
2026/08/03 11:40:39.079, 1, P0, 33, 255.71 W, 1965 MHz, 3996 MHz, 7 %, 161509 MiB
2026/08/03 11:40:39.079, 2, P0, 36, 235.99 W, 1965 MHz, 3996 MHz, 0 %, 0 MiB
2026/08/03 11:40:39.079, 3, P0, 32, 238.49 W, 1965 MHz, 3996 MHz, 0 %, 0 MiB
2026/08/03 11:40:39.079, 4, P0, 33, 235.41 W, 1965 MHz, 3996 MHz, 0 %, 0 MiB
2026/08/03 11:40:39.079, 5, P0, 36, 244.34 W, 1965 MHz, 3996 MHz, 0 %, 0 MiB
2026/08/03 11:40:39.079, 6, P0, 33, 242.28 W, 1965 MHz, 3996 MHz, 0 %, 0 MiB
2026/08/03 11:40:39.079, 7, P0, 37, 243.20 W, 1965 MHz, 3996 MHz, 0 %, 0 MiB
2026/08/03 11:40:40.079, 0, P0, 36, 284.34 W, 1965 MHz, 3996 MHz, 85 %, 161509 MiB
2026/08/03 11:40:40.079, 1, P0, 33, 258.06 W, 1965 MHz, 3996 MHz, 7 %, 161509 MiB
2026/08/03 11:40:40.079, 2, P0, 36, 235.97 W, 1965 MHz, 3996 MHz, 0 %, 0 MiB
2026/08/03 11:40:40.079, 3, P0, 32, 238.50 W, 1965 MHz, 3996 MHz, 0 %, 0 MiB
2026/08/03 11:40:40.079, 4, P0, 33, 235.51 W, 1965 MHz, 3996 MHz, 0 %, 0 MiB
2026/08/03 11:40:40.079, 5, P0, 36, 244.29 W, 1965 MHz, 3996 MHz, 0 %, 0 MiB
2026/08/03 11:40:40.079, 6, P0, 33, 242.23 W, 1965 MHz, 3996 MHz, 0 %, 0 MiB
2026/08/03 11:40:40.080, 7, P0, 37, 243.23 W, 1965 MHz, 3996 MHz, 0 %, 0 MiB
2026/08/03 11:40:41.080, 0, P0, 36, 260.14 W, 1965 MHz, 3996 MHz, 76 %, 161509 MiB
2026/08/03 11:40:41.080, 1, P0, 33, 255.41 W, 1965 MHz, 3996 MHz, 7 %, 161509 MiB
2026/08/03 11:40:41.080, 2, P0, 36, 235.96 W, 1965 MHz, 3996 MHz, 0 %, 0 MiB
2026/08/03 11:40:41.080, 3, P0, 32, 238.49 W, 1965 MHz, 3996 MHz, 0 %, 0 MiB
2026/08/03 11:40:41.080, 4, P0, 33, 235.44 W, 1965 MHz, 3996 MHz, 0 %, 0 MiB
2026/08/03 11:40:41.080, 5, P0, 36, 244.22 W, 1965 MHz, 3996 MHz, 0 %, 0 MiB
2026/08/03 11:40:41.080, 6, P0, 33, 242.22 W, 1965 MHz, 3996 MHz, 0 %, 0 MiB
2026/08/03 11:40:41.080, 7, P0, 37, 243.24 W, 1965 MHz, 3996 MHz, 0 %, 0 MiB
2026/08/03 11:40:42.080, 0, P0, 36, 262.77 W, 1965 MHz, 3996 MHz, 84 %, 161509 MiB
2026/08/03 11:40:42.080, 1, P0, 33, 256.68 W, 1965 MHz, 3996 MHz, 7 %, 161509 MiB
2026/08/03 11:40:42.080, 2, P0, 36, 235.96 W, 1965 MHz, 3996 MHz, 0 %, 0 MiB
2026/08/03 11:40:42.080, 3, P0, 32, 238.51 W, 1965 MHz, 3996 MHz, 0 %, 0 MiB
2026/08/03 11:40:42.080, 4, P0, 33, 235.42 W, 1965 MHz, 3996 MHz, 0 %, 0 MiB
2026/08/03 11:40:42.080, 5, P0, 36, 244.31 W, 1965 MHz, 3996 MHz, 0 %, 0 MiB
2026/08/03 11:40:42.080, 6, P0, 33, 242.26 W, 1965 MHz, 3996 MHz, 0 %, 0 MiB
2026/08/03 11:40:42.080, 7, P0, 37, 243.13 W, 1965 MHz, 3996 MHz, 0 %, 0 MiB
2026/08/03 11:40:43.080, 0, P0, 36, 261.29 W, 1965 MHz, 3996 MHz, 83 %, 161509 MiB
2026/08/03 11:40:43.080, 1, P0, 33, 255.20 W, 1965 MHz, 3996 MHz, 7 %, 161509 MiB
2026/08/03 11:40:43.080, 2, P0, 36, 235.94 W, 1965 MHz, 3996 MHz, 0 %, 0 MiB
2026/08/03 11:40:43.080, 3, P0, 32, 238.48 W, 1965 MHz, 3996 MHz, 0 %, 0 MiB
2026/08/03 11:40:43.080, 4, P0, 33, 235.50 W, 1965 MHz, 3996 MHz, 0 %, 0 MiB
2026/08/03 11:40:43.080, 5, P0, 36, 244.34 W, 1965 MHz, 3996 MHz, 0 %, 0 MiB
2026/08/03 11:40:43.080, 6, P0, 33, 242.16 W, 1965 MHz, 3996 MHz, 0 %, 0 MiB
2026/08/03 11:40:43.080, 7, P0, 37, 243.15 W, 1965 MHz, 3996 MHz, 0 %, 0 MiB
2026/08/03 11:40:44.081, 0, P0, 36, 261.49 W, 1965 MHz, 3996 MHz, 88 %, 161509 MiB
2026/08/03 11:40:44.081, 1, P0, 33, 255.21 W, 1965 MHz, 3996 MHz, 7 %, 161509 MiB
2026/08/03 11:40:44.081, 2, P0, 36, 235.92 W, 1965 MHz, 3996 MHz, 0 %, 0 MiB
2026/08/03 11:40:44.081, 3, P0, 32, 238.52 W, 1965 MHz, 3996 MHz, 0 %, 0 MiB
2026/08/03 11:40:44.081, 4, P0, 33, 235.40 W, 1965 MHz, 3996 MHz, 0 %, 0 MiB
2026/08/03 11:40:44.081, 5, P0, 36, 244.33 W, 1965 MHz, 3996 MHz, 0 %, 0 MiB
2026/08/03 11:40:44.081, 6, P0, 33, 242.18 W, 1965 MHz, 3996 MHz, 0 %, 0 MiB
2026/08/03 11:40:44.081, 7, P0, 37, 243.07 W, 1965 MHz, 3996 MHz, 0 %, 0 MiB
2026/08/03 11:40:45.081, 0, P0, 36, 262.27 W, 1965 MHz, 3996 MHz, 92 %, 161509 MiB
2026/08/03 11:40:45.081, 1, P0, 33, 254.40 W, 1965 MHz, 3996 MHz, 7 %, 161509 MiB
2026/08/03 11:40:45.081, 2, P0, 36, 235.99 W, 1965 MHz, 3996 MHz, 0 %, 0 MiB
2026/08/03 11:40:45.081, 3, P0, 32, 238.53 W, 1965 MHz, 3996 MHz, 0 %, 0 MiB
2026/08/03 11:40:45.081, 4, P0, 33, 235.35 W, 1965 MHz, 3996 MHz, 0 %, 0 MiB
2026/08/03 11:40:45.081, 5, P0, 36, 244.30 W, 1965 MHz, 3996 MHz, 0 %, 0 MiB
2026/08/03 11:40:45.081, 6, P0, 33, 242.22 W, 1965 MHz, 3996 MHz, 0 %, 0 MiB
2026/08/03 11:40:45.081, 7, P0, 37, 243.19 W, 1965 MHz, 3996 MHz, 0 %, 0 MiB
2026/08/03 11:40:46.081, 0, P0, 36, 263.15 W, 1965 MHz, 3996 MHz, 89 %, 161509 MiB
2026/08/03 11:40:46.081, 1, P0, 33, 254.26 W, 1965 MHz, 3996 MHz, 7 %, 161509 MiB
2026/08/03 11:40:46.081, 2, P0, 36, 236.03 W, 1965 MHz, 3996 MHz, 0 %, 0 MiB
2026/08/03 11:40:46.081, 3, P0, 32, 238.50 W, 1965 MHz, 3996 MHz, 0 %, 0 MiB
2026/08/03 11:40:46.081, 4, P0, 33, 235.45 W, 1965 MHz, 3996 MHz, 0 %, 0 MiB
2026/08/03 11:40:46.081, 5, P0, 36, 244.29 W, 1965 MHz, 3996 MHz, 0 %, 0 MiB
2026/08/03 11:40:46.081, 6, P0, 33, 242.23 W, 1965 MHz, 3996 MHz, 0 %, 0 MiB
2026/08/03 11:40:46.081, 7, P0, 37, 243.13 W, 1965 MHz, 3996 MHz, 0 %, 0 MiB
2026/08/03 11:40:47.081, 0, P0, 36, 263.09 W, 1965 MHz, 3996 MHz, 87 %, 161509 MiB
2026/08/03 11:40:47.081, 1, P0, 33, 254.69 W, 1965 MHz, 3996 MHz, 7 %, 161509 MiB
2026/08/03 11:40:47.082, 2, P0, 36, 235.98 W, 1965 MHz, 3996 MHz, 0 %, 0 MiB
2026/08/03 11:40:47.082, 3, P0, 32, 238.59 W, 1965 MHz, 3996 MHz, 0 %, 0 MiB
2026/08/03 11:40:47.082, 4, P0, 33, 235.46 W, 1965 MHz, 3996 MHz, 0 %, 0 MiB
2026/08/03 11:40:47.082, 5, P0, 36, 244.35 W, 1965 MHz, 3996 MHz, 0 %, 0 MiB
2026/08/03 11:40:47.082, 6, P0, 33, 242.15 W, 1965 MHz, 3996 MHz, 0 %, 0 MiB
2026/08/03 11:40:47.082, 7, P0, 37, 243.17 W, 1965 MHz, 3996 MHz, 0 %, 0 MiB
2026/08/03 11:40:48.082, 0, P0, 36, 263.63 W, 1965 MHz, 3996 MHz, 91 %, 161509 MiB
2026/08/03 11:40:48.082, 1, P0, 33, 254.68 W, 1965 MHz, 3996 MHz, 7 %, 161509 MiB
2026/08/03 11:40:48.082, 2, P0, 36, 235.99 W, 1965 MHz, 3996 MHz, 0 %, 0 MiB
2026/08/03 11:40:48.082, 3, P0, 32, 238.46 W, 1965 MHz, 3996 MHz, 0 %, 0 MiB
2026/08/03 11:40:48.082, 4, P0, 33, 235.50 W, 1965 MHz, 3996 MHz, 0 %, 0 MiB
2026/08/03 11:40:48.082, 5, P0, 36, 244.35 W, 1965 MHz, 3996 MHz, 0 %, 0 MiB
2026/08/03 11:40:48.082, 6, P0, 33, 242.29 W, 1965 MHz, 3996 MHz, 0 %, 0 MiB
2026/08/03 11:40:48.082, 7, P0, 37, 243.21 W, 1965 MHz, 3996 MHz, 0 %, 0 MiB
2026/08/03 11:40:49.082, 0, P0, 36, 261.49 W, 1965 MHz, 3996 MHz, 84 %, 161509 MiB
2026/08/03 11:40:49.082, 1, P0, 33, 254.38 W, 1965 MHz, 3996 MHz, 7 %, 161509 MiB
2026/08/03 11:40:49.082, 2, P0, 36, 235.97 W, 1965 MHz, 3996 MHz, 0 %, 0 MiB
2026/08/03 11:40:49.082, 3, P0, 32, 238.54 W, 1965 MHz, 3996 MHz, 0 %, 0 MiB
2026/08/03 11:40:49.082, 4, P0, 33, 235.47 W, 1965 MHz, 3996 MHz, 0 %, 0 MiB
2026/08/03 11:40:49.082, 5, P0, 36, 244.36 W, 1965 MHz, 3996 MHz, 0 %, 0 MiB
2026/08/03 11:40:49.082, 6, P0, 33, 242.24 W, 1965 MHz, 3996 MHz, 0 %, 0 MiB
2026/08/03 11:40:49.082, 7, P0, 37, 243.16 W, 1965 MHz, 3996 MHz, 0 %, 0 MiB
2026/08/03 11:40:50.082, 0, P0, 36, 262.42 W, 1965 MHz, 3996 MHz, 84 %, 161509 MiB
2026/08/03 11:40:50.082, 1, P0, 33, 254.45 W, 1965 MHz, 3996 MHz, 7 %, 161509 MiB
2026/08/03 11:40:50.082, 2, P0, 36, 235.97 W, 1965 MHz, 3996 MHz, 0 %, 0 MiB
2026/08/03 11:40:50.082, 3, P0, 32, 238.45 W, 1965 MHz, 3996 MHz, 0 %, 0 MiB
2026/08/03 11:40:50.082, 4, P0, 33, 235.50 W, 1965 MHz, 3996 MHz, 0 %, 0 MiB
2026/08/03 11:40:50.082, 5, P0, 36, 244.31 W, 1965 MHz, 3996 MHz, 0 %, 0 MiB
2026/08/03 11:40:50.082, 6, P0, 33, 242.28 W, 1965 MHz, 3996 MHz, 0 %, 0 MiB
2026/08/03 11:40:50.082, 7, P0, 37, 243.21 W, 1965 MHz, 3996 MHz, 0 %, 0 MiB
2026/08/03 11:40:51.083, 0, P0, 36, 263.38 W, 1965 MHz, 3996 MHz, 81 %, 161509 MiB
2026/08/03 11:40:51.083, 1, P0, 33, 256.55 W, 1965 MHz, 3996 MHz, 7 %, 161509 MiB
2026/08/03 11:40:51.083, 2, P0, 36, 235.98 W, 1965 MHz, 3996 MHz, 0 %, 0 MiB
2026/08/03 11:40:51.083, 3, P0, 32, 238.51 W, 1965 MHz, 3996 MHz, 0 %, 0 MiB
2026/08/03 11:40:51.083, 4, P0, 33, 235.51 W, 1965 MHz, 3996 MHz, 0 %, 0 MiB
2026/08/03 11:40:51.083, 5, P0, 36, 244.28 W, 1965 MHz, 3996 MHz, 0 %, 0 MiB
2026/08/03 11:40:51.083, 6, P0, 33, 242.27 W, 1965 MHz, 3996 MHz, 0 %, 0 MiB
2026/08/03 11:40:51.083, 7, P0, 37, 243.17 W, 1965 MHz, 3996 MHz, 0 %, 0 MiB
2026/08/03 11:40:52.083, 0, P0, 36, 259.99 W, 1965 MHz, 3996 MHz, 80 %, 161509 MiB
2026/08/03 11:40:52.083, 1, P0, 33, 254.36 W, 1965 MHz, 3996 MHz, 7 %, 161509 MiB
2026/08/03 11:40:52.083, 2, P0, 36, 235.98 W, 1965 MHz, 3996 MHz, 0 %, 0 MiB
2026/08/03 11:40:52.083, 3, P0, 32, 238.54 W, 1965 MHz, 3996 MHz, 0 %, 0 MiB
2026/08/03 11:40:52.083, 4, P0, 33, 235.47 W, 1965 MHz, 3996 MHz, 0 %, 0 MiB
2026/08/03 11:40:52.083, 5, P0, 36, 244.30 W, 1965 MHz, 3996 MHz, 0 %, 0 MiB
2026/08/03 11:40:52.083, 6, P0, 33, 242.21 W, 1965 MHz, 3996 MHz, 0 %, 0 MiB
2026/08/03 11:40:52.083, 7, P0, 37, 243.24 W, 1965 MHz, 3996 MHz, 0 %, 0 MiB
2026/08/03 11:40:53.083, 0, P0, 36, 264.01 W, 1965 MHz, 3996 MHz, 82 %, 161509 MiB
2026/08/03 11:40:53.083, 1, P0, 33, 255.48 W, 1965 MHz, 3996 MHz, 7 %, 161509 MiB
2026/08/03 11:40:53.083, 2, P0, 36, 235.97 W, 1965 MHz, 3996 MHz, 0 %, 0 MiB
2026/08/03 11:40:53.083, 3, P0, 32, 238.54 W, 1965 MHz, 3996 MHz, 0 %, 0 MiB
2026/08/03 11:40:53.083, 4, P0, 33, 235.55 W, 1965 MHz, 3996 MHz, 0 %, 0 MiB
2026/08/03 11:40:53.083, 5, P0, 36, 244.15 W, 1965 MHz, 3996 MHz, 0 %, 0 MiB
2026/08/03 11:40:53.083, 6, P0, 33, 242.28 W, 1965 MHz, 3996 MHz, 0 %, 0 MiB
2026/08/03 11:40:53.083, 7, P0, 37, 243.16 W, 1965 MHz, 3996 MHz, 0 %, 0 MiB
2026/08/03 11:40:54.083, 0, P0, 36, 260.77 W, 1965 MHz, 3996 MHz, 69 %, 161509 MiB
2026/08/03 11:40:54.083, 1, P0, 33, 256.92 W, 1965 MHz, 3996 MHz, 7 %, 161509 MiB
2026/08/03 11:40:54.083, 2, P0, 36, 236.00 W, 1965 MHz, 3996 MHz, 0 %, 0 MiB
2026/08/03 11:40:54.084, 3, P0, 32, 238.56 W, 1965 MHz, 3996 MHz, 0 %, 0 MiB
2026/08/03 11:40:54.084, 4, P0, 33, 235.56 W, 1965 MHz, 3996 MHz, 0 %, 0 MiB
2026/08/03 11:40:54.084, 5, P0, 36, 244.28 W, 1965 MHz, 3996 MHz, 0 %, 0 MiB
2026/08/03 11:40:54.084, 6, P0, 33, 242.29 W, 1965 MHz, 3996 MHz, 0 %, 0 MiB
2026/08/03 11:40:54.084, 7, P0, 37, 243.22 W, 1965 MHz, 3996 MHz, 0 %, 0 MiB
2026/08/03 11:40:55.084, 0, P0, 36, 262.74 W, 1965 MHz, 3996 MHz, 87 %, 161509 MiB
2026/08/03 11:40:55.084, 1, P0, 33, 254.11 W, 1965 MHz, 3996 MHz, 7 %, 161509 MiB
2026/08/03 11:40:55.084, 2, P0, 36, 235.98 W, 1965 MHz, 3996 MHz, 0 %, 0 MiB
2026/08/03 11:40:55.084, 3, P0, 32, 238.52 W, 1965 MHz, 3996 MHz, 0 %, 0 MiB
2026/08/03 11:40:55.084, 4, P0, 33, 235.51 W, 1965 MHz, 3996 MHz, 0 %, 0 MiB
2026/08/03 11:40:55.084, 5, P0, 36, 244.23 W, 1965 MHz, 3996 MHz, 0 %, 0 MiB
2026/08/03 11:40:55.084, 6, P0, 33, 242.30 W, 1965 MHz, 3996 MHz, 0 %, 0 MiB
2026/08/03 11:40:55.084, 7, P0, 37, 243.21 W, 1965 MHz, 3996 MHz, 0 %, 0 MiB
2026/08/03 11:40:56.084, 0, P0, 36, 263.29 W, 1965 MHz, 3996 MHz, 81 %, 161509 MiB
2026/08/03 11:40:56.084, 1, P0, 33, 254.99 W, 1965 MHz, 3996 MHz, 7 %, 161509 MiB
2026/08/03 11:40:56.084, 2, P0, 36, 236.01 W, 1965 MHz, 3996 MHz, 0 %, 0 MiB
2026/08/03 11:40:56.084, 3, P0, 32, 238.44 W, 1965 MHz, 3996 MHz, 0 %, 0 MiB
2026/08/03 11:40:56.084, 4, P0, 33, 235.49 W, 1965 MHz, 3996 MHz, 0 %, 0 MiB
2026/08/03 11:40:56.084, 5, P0, 36, 244.28 W, 1965 MHz, 3996 MHz, 0 %, 0 MiB
2026/08/03 11:40:56.084, 6, P0, 33, 242.33 W, 1965 MHz, 3996 MHz, 0 %, 0 MiB
2026/08/03 11:40:56.084, 7, P0, 37, 243.23 W, 1965 MHz, 3996 MHz, 0 %, 0 MiB
2026/08/03 11:40:57.084, 0, P0, 36, 260.58 W, 1965 MHz, 3996 MHz, 84 %, 161509 MiB
2026/08/03 11:40:57.084, 1, P0, 33, 254.33 W, 1965 MHz, 3996 MHz, 7 %, 161509 MiB
2026/08/03 11:40:57.084, 2, P0, 36, 235.97 W, 1965 MHz, 3996 MHz, 0 %, 0 MiB
2026/08/03 11:40:57.084, 3, P0, 32, 238.49 W, 1965 MHz, 3996 MHz, 0 %, 0 MiB
2026/08/03 11:40:57.084, 4, P0, 33, 235.51 W, 1965 MHz, 3996 MHz, 0 %, 0 MiB
2026/08/03 11:40:57.084, 5, P0, 36, 244.32 W, 1965 MHz, 3996 MHz, 0 %, 0 MiB
2026/08/03 11:40:57.084, 6, P0, 33, 242.37 W, 1965 MHz, 3996 MHz, 0 %, 0 MiB
2026/08/03 11:40:57.084, 7, P0, 37, 243.14 W, 1965 MHz, 3996 MHz, 0 %, 0 MiB
2026/08/03 11:40:58.085, 0, P0, 36, 261.36 W, 1965 MHz, 3996 MHz, 88 %, 161509 MiB
2026/08/03 11:40:58.085, 1, P0, 33, 255.29 W, 1965 MHz, 3996 MHz, 7 %, 161509 MiB
2026/08/03 11:40:58.085, 2, P0, 36, 235.97 W, 1965 MHz, 3996 MHz, 0 %, 0 MiB
2026/08/03 11:40:58.085, 3, P0, 32, 238.50 W, 1965 MHz, 3996 MHz, 0 %, 0 MiB
2026/08/03 11:40:58.085, 4, P0, 33, 235.48 W, 1965 MHz, 3996 MHz, 0 %, 0 MiB
2026/08/03 11:40:58.085, 5, P0, 36, 244.21 W, 1965 MHz, 3996 MHz, 0 %, 0 MiB
2026/08/03 11:40:58.085, 6, P0, 33, 242.34 W, 1965 MHz, 3996 MHz, 0 %, 0 MiB
2026/08/03 11:40:58.085, 7, P0, 37, 243.15 W, 1965 MHz, 3996 MHz, 0 %, 0 MiB
2026/08/03 11:40:59.085, 0, P0, 36, 261.34 W, 1965 MHz, 3996 MHz, 92 %, 161509 MiB
2026/08/03 11:40:59.085, 1, P0, 33, 256.99 W, 1965 MHz, 3996 MHz, 7 %, 161509 MiB
2026/08/03 11:40:59.085, 2, P0, 36, 235.99 W, 1965 MHz, 3996 MHz, 0 %, 0 MiB
2026/08/03 11:40:59.085, 3, P0, 32, 238.49 W, 1965 MHz, 3996 MHz, 0 %, 0 MiB
2026/08/03 11:40:59.085, 4, P0, 33, 235.41 W, 1965 MHz, 3996 MHz, 0 %, 0 MiB
2026/08/03 11:40:59.085, 5, P0, 36, 244.26 W, 1965 MHz, 3996 MHz, 0 %, 0 MiB
2026/08/03 11:40:59.085, 6, P0, 33, 242.28 W, 1965 MHz, 3996 MHz, 0 %, 0 MiB
2026/08/03 11:40:59.085, 7, P0, 37, 243.22 W, 1965 MHz, 3996 MHz, 0 %, 0 MiB
2026/08/03 11:41:00.085, 0, P0, 36, 263.29 W, 1965 MHz, 3996 MHz, 90 %, 161509 MiB
2026/08/03 11:41:00.085, 1, P0, 33, 255.54 W, 1965 MHz, 3996 MHz, 7 %, 161509 MiB
2026/08/03 11:41:00.085, 2, P0, 36, 235.98 W, 1965 MHz, 3996 MHz, 0 %, 0 MiB
2026/08/03 11:41:00.085, 3, P0, 32, 238.45 W, 1965 MHz, 3996 MHz, 0 %, 0 MiB
2026/08/03 11:41:00.085, 4, P0, 33, 235.47 W, 1965 MHz, 3996 MHz, 0 %, 0 MiB
2026/08/03 11:41:00.085, 5, P0, 36, 244.27 W, 1965 MHz, 3996 MHz, 0 %, 0 MiB
2026/08/03 11:41:00.085, 6, P0, 33, 242.22 W, 1965 MHz, 3996 MHz, 0 %, 0 MiB
2026/08/03 11:41:00.085, 7, P0, 37, 243.14 W, 1965 MHz, 3996 MHz, 0 %, 0 MiB
2026/08/03 11:41:01.085, 0, P0, 36, 263.12 W, 1965 MHz, 3996 MHz, 91 %, 161509 MiB
2026/08/03 11:41:01.085, 1, P0, 33, 254.11 W, 1965 MHz, 3996 MHz, 7 %, 161509 MiB
2026/08/03 11:41:01.085, 2, P0, 36, 236.02 W, 1965 MHz, 3996 MHz, 0 %, 0 MiB
2026/08/03 11:41:01.085, 3, P0, 32, 238.48 W, 1965 MHz, 3996 MHz, 0 %, 0 MiB
2026/08/03 11:41:01.086, 4, P0, 33, 235.50 W, 1965 MHz, 3996 MHz, 0 %, 0 MiB
2026/08/03 11:41:01.086, 5, P0, 36, 244.28 W, 1965 MHz, 3996 MHz, 0 %, 0 MiB
2026/08/03 11:41:01.086, 6, P0, 33, 242.22 W, 1965 MHz, 3996 MHz, 0 %, 0 MiB
2026/08/03 11:41:01.086, 7, P0, 37, 243.20 W, 1965 MHz, 3996 MHz, 0 %, 0 MiB
2026/08/03 11:41:02.086, 0, P0, 36, 262.87 W, 1965 MHz, 3996 MHz, 82 %, 161509 MiB
2026/08/03 11:41:02.086, 1, P0, 33, 255.66 W, 1965 MHz, 3996 MHz, 7 %, 161509 MiB
2026/08/03 11:41:02.086, 2, P0, 36, 235.95 W, 1965 MHz, 3996 MHz, 0 %, 0 MiB
2026/08/03 11:41:02.086, 3, P0, 32, 238.48 W, 1965 MHz, 3996 MHz, 0 %, 0 MiB
2026/08/03 11:41:02.086, 4, P0, 33, 235.38 W, 1965 MHz, 3996 MHz, 0 %, 0 MiB
2026/08/03 11:41:02.086, 5, P0, 36, 244.24 W, 1965 MHz, 3996 MHz, 0 %, 0 MiB
2026/08/03 11:41:02.086, 6, P0, 33, 242.20 W, 1965 MHz, 3996 MHz, 0 %, 0 MiB
2026/08/03 11:41:02.086, 7, P0, 37, 243.19 W, 1965 MHz, 3996 MHz, 0 %, 0 MiB
2026/08/03 11:41:03.086, 0, P0, 36, 262.89 W, 1965 MHz, 3996 MHz, 95 %, 161509 MiB
2026/08/03 11:41:03.086, 1, P0, 33, 255.67 W, 1965 MHz, 3996 MHz, 7 %, 161509 MiB
2026/08/03 11:41:03.086, 2, P0, 36, 235.97 W, 1965 MHz, 3996 MHz, 0 %, 0 MiB
2026/08/03 11:41:03.086, 3, P0, 32, 238.50 W, 1965 MHz, 3996 MHz, 0 %, 0 MiB
2026/08/03 11:41:03.086, 4, P0, 33, 235.43 W, 1965 MHz, 3996 MHz, 0 %, 0 MiB
2026/08/03 11:41:03.086, 5, P0, 36, 244.27 W, 1965 MHz, 3996 MHz, 0 %, 0 MiB
2026/08/03 11:41:03.086, 6, P0, 33, 242.30 W, 1965 MHz, 3996 MHz, 0 %, 0 MiB
2026/08/03 11:41:03.086, 7, P0, 37, 243.16 W, 1965 MHz, 3996 MHz, 0 %, 0 MiB
2026/08/03 11:41:04.086, 0, P0, 36, 262.15 W, 1965 MHz, 3996 MHz, 89 %, 161509 MiB
2026/08/03 11:41:04.086, 1, P0, 33, 254.94 W, 1965 MHz, 3996 MHz, 7 %, 161509 MiB
2026/08/03 11:41:04.086, 2, P0, 36, 235.98 W, 1965 MHz, 3996 MHz, 0 %, 0 MiB
2026/08/03 11:41:04.086, 3, P0, 32, 238.45 W, 1965 MHz, 3996 MHz, 0 %, 0 MiB
2026/08/03 11:41:04.086, 4, P0, 33, 235.46 W, 1965 MHz, 3996 MHz, 0 %, 0 MiB
2026/08/03 11:41:04.086, 5, P0, 36, 244.26 W, 1965 MHz, 3996 MHz, 0 %, 0 MiB
2026/08/03 11:41:04.086, 6, P0, 33, 242.26 W, 1965 MHz, 3996 MHz, 0 %, 0 MiB
2026/08/03 11:41:04.086, 7, P0, 37, 243.20 W, 1965 MHz, 3996 MHz, 0 %, 0 MiB
2026/08/03 11:41:05.087, 0, P0, 36, 261.20 W, 1965 MHz, 3996 MHz, 91 %, 161509 MiB
2026/08/03 11:41:05.087, 1, P0, 33, 255.27 W, 1965 MHz, 3996 MHz, 7 %, 161509 MiB
2026/08/03 11:41:05.087, 2, P0, 36, 235.98 W, 1965 MHz, 3996 MHz, 0 %, 0 MiB
2026/08/03 11:41:05.087, 3, P0, 32, 238.48 W, 1965 MHz, 3996 MHz, 0 %, 0 MiB
2026/08/03 11:41:05.087, 4, P0, 33, 235.49 W, 1965 MHz, 3996 MHz, 0 %, 0 MiB
2026/08/03 11:41:05.087, 5, P0, 36, 244.30 W, 1965 MHz, 3996 MHz, 0 %, 0 MiB
2026/08/03 11:41:05.087, 6, P0, 33, 242.25 W, 1965 MHz, 3996 MHz, 0 %, 0 MiB
2026/08/03 11:41:05.087, 7, P0, 37, 243.18 W, 1965 MHz, 3996 MHz, 0 %, 0 MiB
2026/08/03 11:41:06.087, 0, P0, 36, 262.18 W, 1965 MHz, 3996 MHz, 91 %, 161509 MiB
2026/08/03 11:41:06.087, 1, P0, 33, 255.10 W, 1965 MHz, 3996 MHz, 7 %, 161509 MiB
2026/08/03 11:41:06.087, 2, P0, 36, 236.07 W, 1965 MHz, 3996 MHz, 0 %, 0 MiB
2026/08/03 11:41:06.087, 3, P0, 32, 238.52 W, 1965 MHz, 3996 MHz, 0 %, 0 MiB
2026/08/03 11:41:06.087, 4, P0, 33, 235.42 W, 1965 MHz, 3996 MHz, 0 %, 0 MiB
2026/08/03 11:41:06.087, 5, P0, 36, 244.34 W, 1965 MHz, 3996 MHz, 0 %, 0 MiB
2026/08/03 11:41:06.087, 6, P0, 33, 242.28 W, 1965 MHz, 3996 MHz, 0 %, 0 MiB
2026/08/03 11:41:06.087, 7, P0, 37, 243.15 W, 1965 MHz, 3996 MHz, 0 %, 0 MiB
2026/08/03 11:41:07.087, 0, P0, 36, 261.07 W, 1965 MHz, 3996 MHz, 90 %, 161509 MiB
2026/08/03 11:41:07.087, 1, P0, 33, 255.81 W, 1965 MHz, 3996 MHz, 7 %, 161509 MiB
2026/08/03 11:41:07.087, 2, P0, 36, 236.03 W, 1965 MHz, 3996 MHz, 0 %, 0 MiB
2026/08/03 11:41:07.087, 3, P0, 32, 238.46 W, 1965 MHz, 3996 MHz, 0 %, 0 MiB
2026/08/03 11:41:07.087, 4, P0, 33, 235.48 W, 1965 MHz, 3996 MHz, 0 %, 0 MiB
2026/08/03 11:41:07.087, 5, P0, 36, 244.37 W, 1965 MHz, 3996 MHz, 0 %, 0 MiB
2026/08/03 11:41:07.087, 6, P0, 33, 242.27 W, 1965 MHz, 3996 MHz, 0 %, 0 MiB
2026/08/03 11:41:07.087, 7, P0, 37, 243.16 W, 1965 MHz, 3996 MHz, 0 %, 0 MiB
2026/08/03 11:41:08.087, 0, P0, 36, 262.90 W, 1965 MHz, 3996 MHz, 88 %, 161509 MiB
2026/08/03 11:41:08.087, 1, P0, 33, 254.82 W, 1965 MHz, 3996 MHz, 7 %, 161509 MiB
2026/08/03 11:41:08.088, 2, P0, 36, 236.02 W, 1965 MHz, 3996 MHz, 0 %, 0 MiB
2026/08/03 11:41:08.088, 3, P0, 32, 238.53 W, 1965 MHz, 3996 MHz, 0 %, 0 MiB
2026/08/03 11:41:08.088, 4, P0, 33, 235.54 W, 1965 MHz, 3996 MHz, 0 %, 0 MiB
2026/08/03 11:41:08.088, 5, P0, 36, 244.36 W, 1965 MHz, 3996 MHz, 0 %, 0 MiB
2026/08/03 11:41:08.088, 6, P0, 33, 242.31 W, 1965 MHz, 3996 MHz, 0 %, 0 MiB
2026/08/03 11:41:08.088, 7, P0, 37, 243.18 W, 1965 MHz, 3996 MHz, 0 %, 0 MiB
2026/08/03 11:41:09.088, 0, P0, 36, 263.62 W, 1965 MHz, 3996 MHz, 89 %, 161509 MiB
2026/08/03 11:41:09.088, 1, P0, 33, 254.75 W, 1965 MHz, 3996 MHz, 7 %, 161509 MiB
2026/08/03 11:41:09.088, 2, P0, 36, 235.99 W, 1965 MHz, 3996 MHz, 0 %, 0 MiB
2026/08/03 11:41:09.088, 3, P0, 32, 238.46 W, 1965 MHz, 3996 MHz, 0 %, 0 MiB
2026/08/03 11:41:09.088, 4, P0, 33, 235.55 W, 1965 MHz, 3996 MHz, 0 %, 0 MiB
2026/08/03 11:41:09.088, 5, P0, 36, 244.29 W, 1965 MHz, 3996 MHz, 0 %, 0 MiB
2026/08/03 11:41:09.088, 6, P0, 33, 242.26 W, 1965 MHz, 3996 MHz, 0 %, 0 MiB
2026/08/03 11:41:09.088, 7, P0, 37, 243.20 W, 1965 MHz, 3996 MHz, 0 %, 0 MiB
2026/08/03 11:41:10.088, 0, P0, 36, 262.98 W, 1965 MHz, 3996 MHz, 82 %, 161509 MiB
2026/08/03 11:41:10.088, 1, P0, 33, 256.38 W, 1965 MHz, 3996 MHz, 7 %, 161509 MiB
2026/08/03 11:41:10.088, 2, P0, 36, 236.01 W, 1965 MHz, 3996 MHz, 0 %, 0 MiB
2026/08/03 11:41:10.088, 3, P0, 32, 238.47 W, 1965 MHz, 3996 MHz, 0 %, 0 MiB
2026/08/03 11:41:10.088, 4, P0, 33, 235.48 W, 1965 MHz, 3996 MHz, 0 %, 0 MiB
2026/08/03 11:41:10.088, 5, P0, 36, 244.26 W, 1965 MHz, 3996 MHz, 0 %, 0 MiB
2026/08/03 11:41:10.088, 6, P0, 33, 242.32 W, 1965 MHz, 3996 MHz, 0 %, 0 MiB
2026/08/03 11:41:10.088, 7, P0, 37, 243.18 W, 1965 MHz, 3996 MHz, 0 %, 0 MiB
2026/08/03 11:41:11.088, 0, P0, 36, 261.68 W, 1965 MHz, 3996 MHz, 92 %, 161509 MiB
2026/08/03 11:41:11.088, 1, P0, 33, 255.36 W, 1965 MHz, 3996 MHz, 7 %, 161509 MiB
2026/08/03 11:41:11.088, 2, P0, 36, 235.98 W, 1965 MHz, 3996 MHz, 0 %, 0 MiB
2026/08/03 11:41:11.089, 3, P0, 32, 238.57 W, 1965 MHz, 3996 MHz, 0 %, 0 MiB
2026/08/03 11:41:11.089, 4, P0, 33, 235.50 W, 1965 MHz, 3996 MHz, 0 %, 0 MiB
2026/08/03 11:41:11.089, 5, P0, 36, 244.36 W, 1965 MHz, 3996 MHz, 0 %, 0 MiB
2026/08/03 11:41:11.089, 6, P0, 33, 242.30 W, 1965 MHz, 3996 MHz, 0 %, 0 MiB
2026/08/03 11:41:11.089, 7, P0, 37, 243.22 W, 1965 MHz, 3996 MHz, 0 %, 0 MiB
2026/08/03 11:41:12.089, 0, P0, 36, 261.77 W, 1965 MHz, 3996 MHz, 88 %, 161509 MiB
2026/08/03 11:41:12.089, 1, P0, 33, 255.09 W, 1965 MHz, 3996 MHz, 7 %, 161509 MiB
2026/08/03 11:41:12.089, 2, P0, 36, 235.96 W, 1965 MHz, 3996 MHz, 0 %, 0 MiB
2026/08/03 11:41:12.089, 3, P0, 32, 238.50 W, 1965 MHz, 3996 MHz, 0 %, 0 MiB
2026/08/03 11:41:12.089, 4, P0, 33, 235.48 W, 1965 MHz, 3996 MHz, 0 %, 0 MiB
2026/08/03 11:41:12.089, 5, P0, 36, 244.35 W, 1965 MHz, 3996 MHz, 0 %, 0 MiB
2026/08/03 11:41:12.089, 6, P0, 33, 242.32 W, 1965 MHz, 3996 MHz, 0 %, 0 MiB
2026/08/03 11:41:12.089, 7, P0, 37, 243.12 W, 1965 MHz, 3996 MHz, 0 %, 0 MiB
2026/08/03 11:41:13.089, 0, P0, 36, 262.12 W, 1965 MHz, 3996 MHz, 88 %, 161509 MiB
2026/08/03 11:41:13.089, 1, P0, 33, 253.86 W, 1965 MHz, 3996 MHz, 7 %, 161509 MiB
2026/08/03 11:41:13.089, 2, P0, 36, 235.95 W, 1965 MHz, 3996 MHz, 0 %, 0 MiB
2026/08/03 11:41:13.089, 3, P0, 32, 238.52 W, 1965 MHz, 3996 MHz, 0 %, 0 MiB
2026/08/03 11:41:13.089, 4, P0, 33, 235.55 W, 1965 MHz, 3996 MHz, 0 %, 0 MiB
2026/08/03 11:41:13.089, 5, P0, 36, 244.31 W, 1965 MHz, 3996 MHz, 0 %, 0 MiB
2026/08/03 11:41:13.089, 6, P0, 33, 242.36 W, 1965 MHz, 3996 MHz, 0 %, 0 MiB
2026/08/03 11:41:13.089, 7, P0, 37, 243.22 W, 1965 MHz, 3996 MHz, 0 %, 0 MiB
2026/08/03 11:41:14.089, 0, P0, 36, 294.96 W, 1965 MHz, 3996 MHz, 88 %, 161509 MiB
2026/08/03 11:41:14.089, 1, P0, 34, 291.24 W, 1965 MHz, 3996 MHz, 7 %, 161509 MiB
2026/08/03 11:41:14.089, 2, P0, 36, 236.02 W, 1965 MHz, 3996 MHz, 0 %, 0 MiB
2026/08/03 11:41:14.089, 3, P0, 32, 238.55 W, 1965 MHz, 3996 MHz, 0 %, 0 MiB
2026/08/03 11:41:14.089, 4, P0, 33, 235.51 W, 1965 MHz, 3996 MHz, 0 %, 0 MiB
2026/08/03 11:41:14.089, 5, P0, 36, 244.23 W, 1965 MHz, 3996 MHz, 0 %, 0 MiB
2026/08/03 11:41:14.089, 6, P0, 33, 242.28 W, 1965 MHz, 3996 MHz, 0 %, 0 MiB
2026/08/03 11:41:14.089, 7, P0, 37, 243.17 W, 1965 MHz, 3996 MHz, 0 %, 0 MiB
2026/08/03 11:41:15.090, 0, P0, 36, 260.46 W, 1965 MHz, 3996 MHz, 93 %, 161509 MiB
2026/08/03 11:41:15.090, 1, P0, 33, 253.95 W, 1965 MHz, 3996 MHz, 7 %, 161509 MiB
2026/08/03 11:41:15.090, 2, P0, 36, 236.02 W, 1965 MHz, 3996 MHz, 0 %, 0 MiB
2026/08/03 11:41:15.090, 3, P0, 32, 238.52 W, 1965 MHz, 3996 MHz, 0 %, 0 MiB
2026/08/03 11:41:15.090, 4, P0, 33, 235.54 W, 1965 MHz, 3996 MHz, 0 %, 0 MiB
2026/08/03 11:41:15.090, 5, P0, 36, 244.31 W, 1965 MHz, 3996 MHz, 0 %, 0 MiB
2026/08/03 11:41:15.090, 6, P0, 33, 242.24 W, 1965 MHz, 3996 MHz, 0 %, 0 MiB
2026/08/03 11:41:15.090, 7, P0, 37, 243.19 W, 1965 MHz, 3996 MHz, 0 %, 0 MiB
2026/08/03 11:41:16.090, 0, P0, 36, 294.07 W, 1965 MHz, 3996 MHz, 91 %, 161509 MiB
2026/08/03 11:41:16.090, 1, P0, 34, 287.46 W, 1965 MHz, 3996 MHz, 7 %, 161509 MiB
2026/08/03 11:41:16.090, 2, P0, 36, 236.07 W, 1965 MHz, 3996 MHz, 0 %, 0 MiB
2026/08/03 11:41:16.090, 3, P0, 32, 238.49 W, 1965 MHz, 3996 MHz, 0 %, 0 MiB
2026/08/03 11:41:16.090, 4, P0, 33, 235.48 W, 1965 MHz, 3996 MHz, 0 %, 0 MiB
2026/08/03 11:41:16.090, 5, P0, 36, 244.29 W, 1965 MHz, 3996 MHz, 0 %, 0 MiB
2026/08/03 11:41:16.090, 6, P0, 33, 242.25 W, 1965 MHz, 3996 MHz, 0 %, 0 MiB
2026/08/03 11:41:16.090, 7, P0, 37, 243.15 W, 1965 MHz, 3996 MHz, 0 %, 0 MiB
2026/08/03 11:41:17.090, 0, P0, 36, 260.02 W, 1965 MHz, 3996 MHz, 91 %, 161509 MiB
2026/08/03 11:41:17.090, 1, P0, 33, 253.07 W, 1965 MHz, 3996 MHz, 7 %, 161509 MiB
2026/08/03 11:41:17.090, 2, P0, 36, 236.05 W, 1965 MHz, 3996 MHz, 0 %, 0 MiB
2026/08/03 11:41:17.090, 3, P0, 32, 238.55 W, 1965 MHz, 3996 MHz, 0 %, 0 MiB
2026/08/03 11:41:17.090, 4, P0, 33, 235.55 W, 1965 MHz, 3996 MHz, 0 %, 0 MiB
2026/08/03 11:41:17.090, 5, P0, 36, 244.23 W, 1965 MHz, 3996 MHz, 0 %, 0 MiB
2026/08/03 11:41:17.090, 6, P0, 33, 242.32 W, 1965 MHz, 3996 MHz, 0 %, 0 MiB
2026/08/03 11:41:17.090, 7, P0, 37, 243.19 W, 1965 MHz, 3996 MHz, 0 %, 0 MiB
2026/08/03 11:41:18.090, 0, P0, 37, 292.29 W, 1965 MHz, 3996 MHz, 88 %, 161509 MiB
2026/08/03 11:41:18.090, 1, P0, 34, 287.04 W, 1965 MHz, 3996 MHz, 7 %, 161509 MiB
2026/08/03 11:41:18.090, 2, P0, 36, 236.02 W, 1965 MHz, 3996 MHz, 0 %, 0 MiB
2026/08/03 11:41:18.090, 3, P0, 32, 238.46 W, 1965 MHz, 3996 MHz, 0 %, 0 MiB
2026/08/03 11:41:18.091, 4, P0, 33, 235.51 W, 1965 MHz, 3996 MHz, 0 %, 0 MiB
2026/08/03 11:41:18.091, 5, P0, 36, 244.24 W, 1965 MHz, 3996 MHz, 0 %, 0 MiB
2026/08/03 11:41:18.091, 6, P0, 33, 242.34 W, 1965 MHz, 3996 MHz, 0 %, 0 MiB
2026/08/03 11:41:18.091, 7, P0, 37, 243.13 W, 1965 MHz, 3996 MHz, 0 %, 0 MiB
2026/08/03 11:41:19.091, 0, P0, 36, 255.82 W, 1965 MHz, 3996 MHz, 100 %, 161509 MiB
2026/08/03 11:41:19.091, 1, P0, 33, 246.93 W, 1965 MHz, 3996 MHz, 0 %, 161509 MiB
2026/08/03 11:41:19.091, 2, P0, 36, 235.98 W, 1965 MHz, 3996 MHz, 0 %, 0 MiB
2026/08/03 11:41:19.091, 3, P0, 32, 238.52 W, 1965 MHz, 3996 MHz, 0 %, 0 MiB
2026/08/03 11:41:19.091, 4, P0, 33, 235.53 W, 1965 MHz, 3996 MHz, 0 %, 0 MiB
2026/08/03 11:41:19.091, 5, P0, 36, 244.31 W, 1965 MHz, 3996 MHz, 0 %, 0 MiB
2026/08/03 11:41:19.091, 6, P0, 33, 242.43 W, 1965 MHz, 3996 MHz, 0 %, 0 MiB
2026/08/03 11:41:19.091, 7, P0, 37, 243.23 W, 1965 MHz, 3996 MHz, 0 %, 0 MiB
2026/08/03 11:41:20.091, 0, P0, 36, 249.26 W, 1965 MHz, 3996 MHz, 100 %, 161509 MiB
2026/08/03 11:41:20.091, 1, P0, 33, 240.60 W, 1965 MHz, 3996 MHz, 0 %, 161509 MiB
2026/08/03 11:41:20.091, 2, P0, 36, 235.99 W, 1965 MHz, 3996 MHz, 0 %, 0 MiB
2026/08/03 11:41:20.091, 3, P0, 32, 238.52 W, 1965 MHz, 3996 MHz, 0 %, 0 MiB
2026/08/03 11:41:20.091, 4, P0, 33, 235.48 W, 1965 MHz, 3996 MHz, 0 %, 0 MiB
2026/08/03 11:41:20.091, 5, P0, 36, 244.38 W, 1965 MHz, 3996 MHz, 0 %, 0 MiB
2026/08/03 11:41:20.091, 6, P0, 33, 242.32 W, 1965 MHz, 3996 MHz, 0 %, 0 MiB
2026/08/03 11:41:20.091, 7, P0, 37, 243.21 W, 1965 MHz, 3996 MHz, 0 %, 0 MiB
2026/08/03 11:41:21.091, 0, P0, 36, 255.73 W, 1965 MHz, 3996 MHz, 93 %, 161509 MiB
2026/08/03 11:41:21.091, 1, P0, 33, 249.34 W, 1965 MHz, 3996 MHz, 7 %, 161509 MiB
2026/08/03 11:41:21.091, 2, P0, 36, 235.96 W, 1965 MHz, 3996 MHz, 0 %, 0 MiB
2026/08/03 11:41:21.091, 3, P0, 32, 238.51 W, 1965 MHz, 3996 MHz, 0 %, 0 MiB
2026/08/03 11:41:21.091, 4, P0, 33, 235.46 W, 1965 MHz, 3996 MHz, 0 %, 0 MiB
2026/08/03 11:41:21.091, 5, P0, 36, 244.24 W, 1965 MHz, 3996 MHz, 0 %, 0 MiB
2026/08/03 11:41:21.092, 6, P0, 33, 242.36 W, 1965 MHz, 3996 MHz, 0 %, 0 MiB
2026/08/03 11:41:21.092, 7, P0, 37, 243.22 W, 1965 MHz, 3996 MHz, 0 %, 0 MiB
2026/08/03 11:41:22.092, 0, P0, 36, 246.68 W, 1965 MHz, 3996 MHz, 0 %, 161509 MiB
2026/08/03 11:41:22.092, 1, P0, 33, 247.37 W, 1965 MHz, 3996 MHz, 100 %, 161509 MiB
2026/08/03 11:41:22.092, 2, P0, 36, 236.00 W, 1965 MHz, 3996 MHz, 0 %, 0 MiB
2026/08/03 11:41:22.092, 3, P0, 32, 238.50 W, 1965 MHz, 3996 MHz, 0 %, 0 MiB
2026/08/03 11:41:22.092, 4, P0, 33, 235.47 W, 1965 MHz, 3996 MHz, 0 %, 0 MiB
2026/08/03 11:41:22.092, 5, P0, 36, 244.38 W, 1965 MHz, 3996 MHz, 0 %, 0 MiB
2026/08/03 11:41:22.092, 6, P0, 33, 242.33 W, 1965 MHz, 3996 MHz, 0 %, 0 MiB
2026/08/03 11:41:22.092, 7, P0, 37, 243.21 W, 1965 MHz, 3996 MHz, 0 %, 0 MiB
2026/08/03 11:41:23.092, 0, P0, 36, 245.35 W, 1965 MHz, 3996 MHz, 28 %, 161509 MiB
2026/08/03 11:41:23.092, 1, P0, 33, 246.74 W, 1965 MHz, 3996 MHz, 100 %, 161509 MiB
2026/08/03 11:41:23.092, 2, P0, 36, 235.98 W, 1965 MHz, 3996 MHz, 0 %, 0 MiB
2026/08/03 11:41:23.092, 3, P0, 32, 238.53 W, 1965 MHz, 3996 MHz, 0 %, 0 MiB
2026/08/03 11:41:23.092, 4, P0, 33, 235.54 W, 1965 MHz, 3996 MHz, 0 %, 0 MiB
2026/08/03 11:41:23.092, 5, P0, 36, 244.36 W, 1965 MHz, 3996 MHz, 0 %, 0 MiB
2026/08/03 11:41:23.092, 6, P0, 33, 242.33 W, 1965 MHz, 3996 MHz, 0 %, 0 MiB
2026/08/03 11:41:23.092, 7, P0, 37, 243.17 W, 1965 MHz, 3996 MHz, 0 %, 0 MiB
2026/08/03 11:41:24.092, 0, P0, 36, 292.86 W, 1965 MHz, 3996 MHz, 77 %, 161509 MiB
2026/08/03 11:41:24.092, 1, P0, 33, 285.08 W, 1965 MHz, 3996 MHz, 6 %, 161509 MiB
2026/08/03 11:41:24.092, 2, P0, 36, 236.02 W, 1965 MHz, 3996 MHz, 0 %, 0 MiB
2026/08/03 11:41:24.092, 3, P0, 32, 238.56 W, 1965 MHz, 3996 MHz, 0 %, 0 MiB
2026/08/03 11:41:24.092, 4, P0, 33, 235.55 W, 1965 MHz, 3996 MHz, 0 %, 0 MiB
2026/08/03 11:41:24.092, 5, P0, 36, 244.32 W, 1965 MHz, 3996 MHz, 0 %, 0 MiB
2026/08/03 11:41:24.092, 6, P0, 33, 242.22 W, 1965 MHz, 3996 MHz, 0 %, 0 MiB
2026/08/03 11:41:24.093, 7, P0, 37, 243.09 W, 1965 MHz, 3996 MHz, 0 %, 0 MiB
2026/08/03 11:41:25.093, 0, P0, 36, 257.67 W, 1965 MHz, 3996 MHz, 85 %, 161509 MiB
2026/08/03 11:41:25.093, 1, P0, 33, 251.27 W, 1965 MHz, 3996 MHz, 6 %, 161509 MiB
2026/08/03 11:41:25.093, 2, P0, 36, 236.01 W, 1965 MHz, 3996 MHz, 0 %, 0 MiB
2026/08/03 11:41:25.093, 3, P0, 32, 238.57 W, 1965 MHz, 3996 MHz, 0 %, 0 MiB
2026/08/03 11:41:25.093, 4, P0, 33, 235.54 W, 1965 MHz, 3996 MHz, 0 %, 0 MiB
2026/08/03 11:41:25.093, 5, P0, 36, 244.34 W, 1965 MHz, 3996 MHz, 0 %, 0 MiB
2026/08/03 11:41:25.093, 6, P0, 33, 242.23 W, 1965 MHz, 3996 MHz, 0 %, 0 MiB
2026/08/03 11:41:25.093, 7, P0, 37, 243.23 W, 1965 MHz, 3996 MHz, 0 %, 0 MiB
2026/08/03 11:41:26.093, 0, P0, 36, 257.86 W, 1965 MHz, 3996 MHz, 85 %, 161509 MiB
2026/08/03 11:41:26.093, 1, P0, 33, 251.09 W, 1965 MHz, 3996 MHz, 7 %, 161509 MiB
2026/08/03 11:41:26.093, 2, P0, 36, 235.99 W, 1965 MHz, 3996 MHz, 0 %, 0 MiB
2026/08/03 11:41:26.093, 3, P0, 32, 238.60 W, 1965 MHz, 3996 MHz, 0 %, 0 MiB
2026/08/03 11:41:26.093, 4, P0, 33, 235.52 W, 1965 MHz, 3996 MHz, 0 %, 0 MiB
2026/08/03 11:41:26.093, 5, P0, 36, 244.32 W, 1965 MHz, 3996 MHz, 0 %, 0 MiB
2026/08/03 11:41:26.093, 6, P0, 33, 242.35 W, 1965 MHz, 3996 MHz, 0 %, 0 MiB
2026/08/03 11:41:26.093, 7, P0, 37, 243.20 W, 1965 MHz, 3996 MHz, 0 %, 0 MiB
2026/08/03 11:41:27.093, 0, P0, 36, 257.18 W, 1965 MHz, 3996 MHz, 85 %, 161509 MiB
2026/08/03 11:41:27.093, 1, P0, 33, 251.10 W, 1965 MHz, 3996 MHz, 6 %, 161509 MiB
2026/08/03 11:41:27.093, 2, P0, 36, 235.96 W, 1965 MHz, 3996 MHz, 0 %, 0 MiB
2026/08/03 11:41:27.093, 3, P0, 32, 238.52 W, 1965 MHz, 3996 MHz, 0 %, 0 MiB
2026/08/03 11:41:27.093, 4, P0, 33, 235.46 W, 1965 MHz, 3996 MHz, 0 %, 0 MiB
2026/08/03 11:41:27.093, 5, P0, 36, 244.23 W, 1965 MHz, 3996 MHz, 0 %, 0 MiB
2026/08/03 11:41:27.093, 6, P0, 33, 242.29 W, 1965 MHz, 3996 MHz, 0 %, 0 MiB
2026/08/03 11:41:27.093, 7, P0, 37, 243.20 W, 1965 MHz, 3996 MHz, 0 %, 0 MiB
2026/08/03 11:41:28.093, 0, P0, 36, 258.82 W, 1965 MHz, 3996 MHz, 90 %, 161509 MiB
2026/08/03 11:41:28.093, 1, P0, 33, 250.69 W, 1965 MHz, 3996 MHz, 6 %, 161509 MiB
2026/08/03 11:41:28.094, 2, P0, 36, 236.03 W, 1965 MHz, 3996 MHz, 0 %, 0 MiB
2026/08/03 11:41:28.094, 3, P0, 32, 238.58 W, 1965 MHz, 3996 MHz, 0 %, 0 MiB
2026/08/03 11:41:28.094, 4, P0, 33, 235.51 W, 1965 MHz, 3996 MHz, 0 %, 0 MiB
2026/08/03 11:41:28.094, 5, P0, 36, 244.31 W, 1965 MHz, 3996 MHz, 0 %, 0 MiB
2026/08/03 11:41:28.094, 6, P0, 33, 242.32 W, 1965 MHz, 3996 MHz, 0 %, 0 MiB
2026/08/03 11:41:28.094, 7, P0, 37, 243.15 W, 1965 MHz, 3996 MHz, 0 %, 0 MiB
2026/08/03 11:41:29.094, 0, P0, 36, 257.89 W, 1965 MHz, 3996 MHz, 86 %, 161509 MiB
2026/08/03 11:41:29.094, 1, P0, 33, 250.04 W, 1965 MHz, 3996 MHz, 6 %, 161509 MiB
2026/08/03 11:41:29.094, 2, P0, 36, 235.98 W, 1965 MHz, 3996 MHz, 0 %, 0 MiB
2026/08/03 11:41:29.094, 3, P0, 32, 238.51 W, 1965 MHz, 3996 MHz, 0 %, 0 MiB
2026/08/03 11:41:29.094, 4, P0, 33, 235.49 W, 1965 MHz, 3996 MHz, 0 %, 0 MiB
2026/08/03 11:41:29.094, 5, P0, 36, 244.26 W, 1965 MHz, 3996 MHz, 0 %, 0 MiB
2026/08/03 11:41:29.094, 6, P0, 33, 242.24 W, 1965 MHz, 3996 MHz, 0 %, 0 MiB
2026/08/03 11:41:29.094, 7, P0, 37, 243.19 W, 1965 MHz, 3996 MHz, 0 %, 0 MiB
2026/08/03 11:41:30.094, 0, P0, 36, 257.33 W, 1965 MHz, 3996 MHz, 93 %, 161509 MiB
2026/08/03 11:41:30.094, 1, P0, 33, 250.50 W, 1965 MHz, 3996 MHz, 6 %, 161509 MiB
2026/08/03 11:41:30.094, 2, P0, 36, 236.01 W, 1965 MHz, 3996 MHz, 0 %, 0 MiB
2026/08/03 11:41:30.094, 3, P0, 32, 238.55 W, 1965 MHz, 3996 MHz, 0 %, 0 MiB
2026/08/03 11:41:30.094, 4, P0, 33, 235.47 W, 1965 MHz, 3996 MHz, 0 %, 0 MiB
2026/08/03 11:41:30.094, 5, P0, 36, 244.29 W, 1965 MHz, 3996 MHz, 0 %, 0 MiB
2026/08/03 11:41:30.094, 6, P0, 33, 242.29 W, 1965 MHz, 3996 MHz, 0 %, 0 MiB
2026/08/03 11:41:30.094, 7, P0, 37, 243.18 W, 1965 MHz, 3996 MHz, 0 %, 0 MiB
2026/08/03 11:41:31.094, 0, P0, 36, 258.30 W, 1965 MHz, 3996 MHz, 87 %, 161509 MiB
2026/08/03 11:41:31.094, 1, P0, 33, 251.17 W, 1965 MHz, 3996 MHz, 6 %, 161509 MiB
2026/08/03 11:41:31.094, 2, P0, 36, 236.01 W, 1965 MHz, 3996 MHz, 0 %, 0 MiB
2026/08/03 11:41:31.094, 3, P0, 32, 238.54 W, 1965 MHz, 3996 MHz, 0 %, 0 MiB
2026/08/03 11:41:31.094, 4, P0, 33, 235.50 W, 1965 MHz, 3996 MHz, 0 %, 0 MiB
2026/08/03 11:41:31.094, 5, P0, 36, 244.29 W, 1965 MHz, 3996 MHz, 0 %, 0 MiB
2026/08/03 11:41:31.094, 6, P0, 33, 242.24 W, 1965 MHz, 3996 MHz, 0 %, 0 MiB
2026/08/03 11:41:31.094, 7, P0, 37, 243.18 W, 1965 MHz, 3996 MHz, 0 %, 0 MiB
2026/08/03 11:41:32.095, 0, P0, 37, 294.23 W, 1965 MHz, 3996 MHz, 87 %, 161509 MiB
2026/08/03 11:41:32.095, 1, P0, 34, 286.10 W, 1965 MHz, 3996 MHz, 7 %, 161509 MiB
2026/08/03 11:41:32.095, 2, P0, 36, 235.99 W, 1965 MHz, 3996 MHz, 0 %, 0 MiB
2026/08/03 11:41:32.095, 3, P0, 32, 238.40 W, 1965 MHz, 3996 MHz, 0 %, 0 MiB
2026/08/03 11:41:32.095, 4, P0, 33, 235.50 W, 1965 MHz, 3996 MHz, 0 %, 0 MiB
2026/08/03 11:41:32.095, 5, P0, 36, 244.23 W, 1965 MHz, 3996 MHz, 0 %, 0 MiB
2026/08/03 11:41:32.095, 6, P0, 33, 242.26 W, 1965 MHz, 3996 MHz, 0 %, 0 MiB
2026/08/03 11:41:32.095, 7, P0, 37, 243.15 W, 1965 MHz, 3996 MHz, 0 %, 0 MiB
2026/08/03 11:41:33.095, 0, P0, 36, 260.17 W, 1965 MHz, 3996 MHz, 84 %, 161509 MiB
2026/08/03 11:41:33.095, 1, P0, 33, 252.43 W, 1965 MHz, 3996 MHz, 7 %, 161509 MiB
2026/08/03 11:41:33.095, 2, P0, 36, 235.97 W, 1965 MHz, 3996 MHz, 0 %, 0 MiB
2026/08/03 11:41:33.095, 3, P0, 32, 238.52 W, 1965 MHz, 3996 MHz, 0 %, 0 MiB
2026/08/03 11:41:33.095, 4, P0, 33, 235.52 W, 1965 MHz, 3996 MHz, 0 %, 0 MiB
2026/08/03 11:41:33.095, 5, P0, 36, 244.22 W, 1965 MHz, 3996 MHz, 0 %, 0 MiB
2026/08/03 11:41:33.095, 6, P0, 33, 242.25 W, 1965 MHz, 3996 MHz, 0 %, 0 MiB
2026/08/03 11:41:33.095, 7, P0, 37, 243.14 W, 1965 MHz, 3996 MHz, 0 %, 0 MiB
2026/08/03 11:41:34.095, 0, P0, 37, 294.12 W, 1965 MHz, 3996 MHz, 78 %, 161509 MiB
2026/08/03 11:41:34.095, 1, P0, 34, 289.36 W, 1965 MHz, 3996 MHz, 7 %, 161509 MiB
2026/08/03 11:41:34.095, 2, P0, 36, 236.04 W, 1965 MHz, 3996 MHz, 0 %, 0 MiB
2026/08/03 11:41:34.095, 3, P0, 32, 238.50 W, 1965 MHz, 3996 MHz, 0 %, 0 MiB
2026/08/03 11:41:34.095, 4, P0, 33, 235.47 W, 1965 MHz, 3996 MHz, 0 %, 0 MiB
2026/08/03 11:41:34.095, 5, P0, 36, 244.22 W, 1965 MHz, 3996 MHz, 0 %, 0 MiB
2026/08/03 11:41:34.095, 6, P0, 33, 242.24 W, 1965 MHz, 3996 MHz, 0 %, 0 MiB
2026/08/03 11:41:34.095, 7, P0, 37, 243.16 W, 1965 MHz, 3996 MHz, 0 %, 0 MiB
2026/08/03 11:41:35.095, 0, P0, 36, 260.04 W, 1965 MHz, 3996 MHz, 81 %, 161509 MiB
2026/08/03 11:41:35.095, 1, P0, 33, 252.31 W, 1965 MHz, 3996 MHz, 7 %, 161509 MiB
2026/08/03 11:41:35.095, 2, P0, 36, 235.95 W, 1965 MHz, 3996 MHz, 0 %, 0 MiB
2026/08/03 11:41:35.095, 3, P0, 32, 238.45 W, 1965 MHz, 3996 MHz, 0 %, 0 MiB
2026/08/03 11:41:35.096, 4, P0, 33, 235.41 W, 1965 MHz, 3996 MHz, 0 %, 0 MiB
2026/08/03 11:41:35.096, 5, P0, 36, 244.28 W, 1965 MHz, 3996 MHz, 0 %, 0 MiB
2026/08/03 11:41:35.096, 6, P0, 33, 242.29 W, 1965 MHz, 3996 MHz, 0 %, 0 MiB
2026/08/03 11:41:35.096, 7, P0, 37, 243.09 W, 1965 MHz, 3996 MHz, 0 %, 0 MiB
2026/08/03 11:41:36.096, 0, P0, 36, 259.74 W, 1965 MHz, 3996 MHz, 89 %, 161509 MiB
2026/08/03 11:41:36.096, 1, P0, 33, 252.95 W, 1965 MHz, 3996 MHz, 7 %, 161509 MiB
2026/08/03 11:41:36.096, 2, P0, 36, 235.99 W, 1965 MHz, 3996 MHz, 0 %, 0 MiB
2026/08/03 11:41:36.096, 3, P0, 32, 238.48 W, 1965 MHz, 3996 MHz, 0 %, 0 MiB
2026/08/03 11:41:36.096, 4, P0, 33, 235.42 W, 1965 MHz, 3996 MHz, 0 %, 0 MiB
2026/08/03 11:41:36.096, 5, P0, 36, 244.25 W, 1965 MHz, 3996 MHz, 0 %, 0 MiB
2026/08/03 11:41:36.096, 6, P0, 33, 242.24 W, 1965 MHz, 3996 MHz, 0 %, 0 MiB
2026/08/03 11:41:36.096, 7, P0, 37, 243.11 W, 1965 MHz, 3996 MHz, 0 %, 0 MiB
2026/08/03 11:41:37.096, 0, P0, 36, 259.58 W, 1965 MHz, 3996 MHz, 76 %, 161509 MiB
2026/08/03 11:41:37.096, 1, P0, 33, 253.22 W, 1965 MHz, 3996 MHz, 7 %, 161509 MiB
2026/08/03 11:41:37.096, 2, P0, 36, 236.01 W, 1965 MHz, 3996 MHz, 0 %, 0 MiB
2026/08/03 11:41:37.096, 3, P0, 32, 238.51 W, 1965 MHz, 3996 MHz, 0 %, 0 MiB
2026/08/03 11:41:37.096, 4, P0, 33, 235.42 W, 1965 MHz, 3996 MHz, 0 %, 0 MiB
2026/08/03 11:41:37.096, 5, P0, 36, 244.19 W, 1965 MHz, 3996 MHz, 0 %, 0 MiB
2026/08/03 11:41:37.096, 6, P0, 33, 242.25 W, 1965 MHz, 3996 MHz, 0 %, 0 MiB
2026/08/03 11:41:37.096, 7, P0, 37, 243.13 W, 1965 MHz, 3996 MHz, 0 %, 0 MiB
2026/08/03 11:41:38.096, 0, P0, 36, 259.41 W, 1965 MHz, 3996 MHz, 87 %, 161509 MiB
2026/08/03 11:41:38.096, 1, P0, 33, 253.73 W, 1965 MHz, 3996 MHz, 7 %, 161509 MiB
2026/08/03 11:41:38.096, 2, P0, 36, 235.99 W, 1965 MHz, 3996 MHz, 0 %, 0 MiB
2026/08/03 11:41:38.096, 3, P0, 32, 238.48 W, 1965 MHz, 3996 MHz, 0 %, 0 MiB
2026/08/03 11:41:38.096, 4, P0, 33, 235.39 W, 1965 MHz, 3996 MHz, 0 %, 0 MiB
2026/08/03 11:41:38.096, 5, P0, 36, 244.25 W, 1965 MHz, 3996 MHz, 0 %, 0 MiB
2026/08/03 11:41:38.096, 6, P0, 33, 242.20 W, 1965 MHz, 3996 MHz, 0 %, 0 MiB
2026/08/03 11:41:38.096, 7, P0, 37, 243.07 W, 1965 MHz, 3996 MHz, 0 %, 0 MiB
2026/08/03 11:41:39.097, 0, P0, 36, 259.98 W, 1965 MHz, 3996 MHz, 85 %, 161509 MiB
2026/08/03 11:41:39.097, 1, P0, 33, 251.77 W, 1965 MHz, 3996 MHz, 7 %, 161509 MiB
2026/08/03 11:41:39.097, 2, P0, 36, 235.96 W, 1965 MHz, 3996 MHz, 0 %, 0 MiB
2026/08/03 11:41:39.097, 3, P0, 32, 238.49 W, 1965 MHz, 3996 MHz, 0 %, 0 MiB
2026/08/03 11:41:39.097, 4, P0, 33, 235.49 W, 1965 MHz, 3996 MHz, 0 %, 0 MiB
2026/08/03 11:41:39.097, 5, P0, 36, 244.27 W, 1965 MHz, 3996 MHz, 0 %, 0 MiB
2026/08/03 11:41:39.097, 6, P0, 33, 242.24 W, 1965 MHz, 3996 MHz, 0 %, 0 MiB
2026/08/03 11:41:39.097, 7, P0, 37, 243.12 W, 1965 MHz, 3996 MHz, 0 %, 0 MiB
2026/08/03 11:41:40.097, 0, P0, 36, 259.56 W, 1965 MHz, 3996 MHz, 88 %, 161509 MiB
2026/08/03 11:41:40.097, 1, P0, 33, 252.56 W, 1965 MHz, 3996 MHz, 7 %, 161509 MiB
2026/08/03 11:41:40.097, 2, P0, 36, 236.03 W, 1965 MHz, 3996 MHz, 0 %, 0 MiB
2026/08/03 11:41:40.097, 3, P0, 32, 238.49 W, 1965 MHz, 3996 MHz, 0 %, 0 MiB
2026/08/03 11:41:40.097, 4, P0, 33, 235.47 W, 1965 MHz, 3996 MHz, 0 %, 0 MiB
2026/08/03 11:41:40.097, 5, P0, 36, 244.26 W, 1965 MHz, 3996 MHz, 0 %, 0 MiB
2026/08/03 11:41:40.097, 6, P0, 33, 242.21 W, 1965 MHz, 3996 MHz, 0 %, 0 MiB
2026/08/03 11:41:40.097, 7, P0, 37, 243.12 W, 1965 MHz, 3996 MHz, 0 %, 0 MiB
2026/08/03 11:41:41.097, 0, P0, 36, 260.13 W, 1965 MHz, 3996 MHz, 85 %, 161509 MiB
2026/08/03 11:41:41.097, 1, P0, 33, 251.62 W, 1965 MHz, 3996 MHz, 7 %, 161509 MiB
2026/08/03 11:41:41.097, 2, P0, 36, 235.91 W, 1965 MHz, 3996 MHz, 0 %, 0 MiB
2026/08/03 11:41:41.097, 3, P0, 32, 238.51 W, 1965 MHz, 3996 MHz, 0 %, 0 MiB
2026/08/03 11:41:41.097, 4, P0, 33, 235.42 W, 1965 MHz, 3996 MHz, 0 %, 0 MiB
2026/08/03 11:41:41.097, 5, P0, 36, 244.20 W, 1965 MHz, 3996 MHz, 0 %, 0 MiB
2026/08/03 11:41:41.097, 6, P0, 33, 242.32 W, 1965 MHz, 3996 MHz, 0 %, 0 MiB
2026/08/03 11:41:41.097, 7, P0, 37, 243.06 W, 1965 MHz, 3996 MHz, 0 %, 0 MiB
2026/08/03 11:41:42.097, 0, P0, 36, 258.49 W, 1965 MHz, 3996 MHz, 91 %, 161509 MiB
2026/08/03 11:41:42.097, 1, P0, 33, 251.84 W, 1965 MHz, 3996 MHz, 6 %, 161509 MiB
2026/08/03 11:41:42.097, 2, P0, 36, 235.99 W, 1965 MHz, 3996 MHz, 0 %, 0 MiB
2026/08/03 11:41:42.097, 3, P0, 32, 238.48 W, 1965 MHz, 3996 MHz, 0 %, 0 MiB
2026/08/03 11:41:42.097, 4, P0, 33, 235.43 W, 1965 MHz, 3996 MHz, 0 %, 0 MiB
2026/08/03 11:41:42.097, 5, P0, 36, 244.24 W, 1965 MHz, 3996 MHz, 0 %, 0 MiB
2026/08/03 11:41:42.097, 6, P0, 33, 242.29 W, 1965 MHz, 3996 MHz, 0 %, 0 MiB
2026/08/03 11:41:42.098, 7, P0, 37, 243.15 W, 1965 MHz, 3996 MHz, 0 %, 0 MiB
2026/08/03 11:41:43.098, 0, P0, 36, 260.61 W, 1965 MHz, 3996 MHz, 89 %, 161509 MiB
2026/08/03 11:41:43.098, 1, P0, 33, 252.45 W, 1965 MHz, 3996 MHz, 7 %, 161509 MiB
2026/08/03 11:41:43.098, 2, P0, 36, 235.97 W, 1965 MHz, 3996 MHz, 0 %, 0 MiB
2026/08/03 11:41:43.098, 3, P0, 32, 238.44 W, 1965 MHz, 3996 MHz, 0 %, 0 MiB
2026/08/03 11:41:43.098, 4, P0, 33, 235.51 W, 1965 MHz, 3996 MHz, 0 %, 0 MiB
2026/08/03 11:41:43.098, 5, P0, 36, 244.23 W, 1965 MHz, 3996 MHz, 0 %, 0 MiB
2026/08/03 11:41:43.098, 6, P0, 33, 242.28 W, 1965 MHz, 3996 MHz, 0 %, 0 MiB
2026/08/03 11:41:43.098, 7, P0, 37, 243.19 W, 1965 MHz, 3996 MHz, 0 %, 0 MiB
2026/08/03 11:41:44.098, 0, P0, 36, 258.85 W, 1965 MHz, 3996 MHz, 90 %, 161509 MiB
2026/08/03 11:41:44.098, 1, P0, 33, 251.41 W, 1965 MHz, 3996 MHz, 7 %, 161509 MiB
2026/08/03 11:41:44.098, 2, P0, 36, 235.90 W, 1965 MHz, 3996 MHz, 0 %, 0 MiB
2026/08/03 11:41:44.098, 3, P0, 32, 238.52 W, 1965 MHz, 3996 MHz, 0 %, 0 MiB
2026/08/03 11:41:44.098, 4, P0, 33, 235.51 W, 1965 MHz, 3996 MHz, 0 %, 0 MiB
2026/08/03 11:41:44.098, 5, P0, 36, 244.22 W, 1965 MHz, 3996 MHz, 0 %, 0 MiB
2026/08/03 11:41:44.098, 6, P0, 33, 242.24 W, 1965 MHz, 3996 MHz, 0 %, 0 MiB
2026/08/03 11:41:44.098, 7, P0, 37, 243.12 W, 1965 MHz, 3996 MHz, 0 %, 0 MiB
2026/08/03 11:41:45.098, 0, P0, 36, 259.13 W, 1965 MHz, 3996 MHz, 80 %, 161509 MiB
2026/08/03 11:41:45.098, 1, P0, 33, 253.41 W, 1965 MHz, 3996 MHz, 7 %, 161509 MiB
2026/08/03 11:41:45.098, 2, P0, 36, 235.98 W, 1965 MHz, 3996 MHz, 0 %, 0 MiB
2026/08/03 11:41:45.098, 3, P0, 32, 238.46 W, 1965 MHz, 3996 MHz, 0 %, 0 MiB
2026/08/03 11:41:45.098, 4, P0, 33, 235.55 W, 1965 MHz, 3996 MHz, 0 %, 0 MiB
2026/08/03 11:41:45.098, 5, P0, 36, 244.21 W, 1965 MHz, 3996 MHz, 0 %, 0 MiB
2026/08/03 11:41:45.098, 6, P0, 33, 242.31 W, 1965 MHz, 3996 MHz, 0 %, 0 MiB
2026/08/03 11:41:45.098, 7, P0, 37, 243.09 W, 1965 MHz, 3996 MHz, 0 %, 0 MiB
2026/08/03 11:41:46.098, 0, P0, 36, 258.12 W, 1965 MHz, 3996 MHz, 91 %, 161509 MiB
2026/08/03 11:41:46.098, 1, P0, 33, 252.45 W, 1965 MHz, 3996 MHz, 6 %, 161509 MiB
2026/08/03 11:41:46.099, 2, P0, 36, 236.05 W, 1965 MHz, 3996 MHz, 0 %, 0 MiB
2026/08/03 11:41:46.099, 3, P0, 32, 238.51 W, 1965 MHz, 3996 MHz, 0 %, 0 MiB
2026/08/03 11:41:46.099, 4, P0, 33, 235.54 W, 1965 MHz, 3996 MHz, 0 %, 0 MiB
2026/08/03 11:41:46.099, 5, P0, 36, 244.20 W, 1965 MHz, 3996 MHz, 0 %, 0 MiB
2026/08/03 11:41:46.099, 6, P0, 33, 242.37 W, 1965 MHz, 3996 MHz, 0 %, 0 MiB
2026/08/03 11:41:46.099, 7, P0, 37, 243.13 W, 1965 MHz, 3996 MHz, 0 %, 0 MiB
2026/08/03 11:41:47.099, 0, P0, 36, 258.87 W, 1965 MHz, 3996 MHz, 90 %, 161509 MiB
2026/08/03 11:41:47.099, 1, P0, 33, 251.43 W, 1965 MHz, 3996 MHz, 7 %, 161509 MiB
2026/08/03 11:41:47.099, 2, P0, 36, 235.97 W, 1965 MHz, 3996 MHz, 0 %, 0 MiB
2026/08/03 11:41:47.099, 3, P0, 32, 238.56 W, 1965 MHz, 3996 MHz, 0 %, 0 MiB
2026/08/03 11:41:47.099, 4, P0, 33, 235.50 W, 1965 MHz, 3996 MHz, 0 %, 0 MiB
2026/08/03 11:41:47.099, 5, P0, 36, 244.27 W, 1965 MHz, 3996 MHz, 0 %, 0 MiB
2026/08/03 11:41:47.099, 6, P0, 33, 242.25 W, 1965 MHz, 3996 MHz, 0 %, 0 MiB
2026/08/03 11:41:47.099, 7, P0, 37, 243.09 W, 1965 MHz, 3996 MHz, 0 %, 0 MiB
2026/08/03 11:41:48.099, 0, P0, 36, 259.70 W, 1965 MHz, 3996 MHz, 90 %, 161509 MiB
2026/08/03 11:41:48.099, 1, P0, 33, 252.01 W, 1965 MHz, 3996 MHz, 7 %, 161509 MiB
2026/08/03 11:41:48.099, 2, P0, 36, 236.02 W, 1965 MHz, 3996 MHz, 0 %, 0 MiB
2026/08/03 11:41:48.099, 3, P0, 32, 238.49 W, 1965 MHz, 3996 MHz, 0 %, 0 MiB
2026/08/03 11:41:48.099, 4, P0, 33, 235.45 W, 1965 MHz, 3996 MHz, 0 %, 0 MiB
2026/08/03 11:41:48.099, 5, P0, 36, 244.25 W, 1965 MHz, 3996 MHz, 0 %, 0 MiB
2026/08/03 11:41:48.099, 6, P0, 33, 242.26 W, 1965 MHz, 3996 MHz, 0 %, 0 MiB
2026/08/03 11:41:48.099, 7, P0, 37, 243.21 W, 1965 MHz, 3996 MHz, 0 %, 0 MiB
2026/08/03 11:41:49.099, 0, P0, 36, 257.39 W, 1965 MHz, 3996 MHz, 83 %, 161509 MiB
2026/08/03 11:41:49.099, 1, P0, 33, 252.71 W, 1965 MHz, 3996 MHz, 7 %, 161509 MiB
2026/08/03 11:41:49.099, 2, P0, 36, 235.98 W, 1965 MHz, 3996 MHz, 0 %, 0 MiB
2026/08/03 11:41:49.099, 3, P0, 32, 238.52 W, 1965 MHz, 3996 MHz, 0 %, 0 MiB
2026/08/03 11:41:49.099, 4, P0, 33, 235.50 W, 1965 MHz, 3996 MHz, 0 %, 0 MiB
2026/08/03 11:41:49.099, 5, P0, 36, 244.21 W, 1965 MHz, 3996 MHz, 0 %, 0 MiB
2026/08/03 11:41:49.099, 6, P0, 33, 242.26 W, 1965 MHz, 3996 MHz, 0 %, 0 MiB
2026/08/03 11:41:49.099, 7, P0, 37, 243.23 W, 1965 MHz, 3996 MHz, 0 %, 0 MiB
2026/08/03 11:41:50.100, 0, P0, 36, 259.78 W, 1965 MHz, 3996 MHz, 87 %, 161509 MiB
2026/08/03 11:41:50.100, 1, P0, 33, 250.82 W, 1965 MHz, 3996 MHz, 6 %, 161509 MiB
2026/08/03 11:41:50.100, 2, P0, 36, 236.02 W, 1965 MHz, 3996 MHz, 0 %, 0 MiB
2026/08/03 11:41:50.100, 3, P0, 32, 238.51 W, 1965 MHz, 3996 MHz, 0 %, 0 MiB
2026/08/03 11:41:50.100, 4, P0, 33, 235.41 W, 1965 MHz, 3996 MHz, 0 %, 0 MiB
2026/08/03 11:41:50.100, 5, P0, 36, 244.23 W, 1965 MHz, 3996 MHz, 0 %, 0 MiB
2026/08/03 11:41:50.100, 6, P0, 33, 242.30 W, 1965 MHz, 3996 MHz, 0 %, 0 MiB
2026/08/03 11:41:50.100, 7, P0, 37, 243.15 W, 1965 MHz, 3996 MHz, 0 %, 0 MiB
2026/08/03 11:41:51.100, 0, P0, 36, 260.12 W, 1965 MHz, 3996 MHz, 80 %, 161509 MiB
2026/08/03 11:41:51.100, 1, P0, 33, 251.57 W, 1965 MHz, 3996 MHz, 7 %, 161509 MiB
2026/08/03 11:41:51.100, 2, P0, 36, 235.97 W, 1965 MHz, 3996 MHz, 0 %, 0 MiB
2026/08/03 11:41:51.100, 3, P0, 32, 238.54 W, 1965 MHz, 3996 MHz, 0 %, 0 MiB
2026/08/03 11:41:51.100, 4, P0, 33, 235.50 W, 1965 MHz, 3996 MHz, 0 %, 0 MiB
2026/08/03 11:41:51.100, 5, P0, 36, 244.17 W, 1965 MHz, 3996 MHz, 0 %, 0 MiB
2026/08/03 11:41:51.100, 6, P0, 33, 242.33 W, 1965 MHz, 3996 MHz, 0 %, 0 MiB
2026/08/03 11:41:51.100, 7, P0, 37, 243.08 W, 1965 MHz, 3996 MHz, 0 %, 0 MiB
2026/08/03 11:41:52.100, 0, P0, 36, 258.79 W, 1965 MHz, 3996 MHz, 72 %, 161509 MiB
2026/08/03 11:41:52.100, 1, P0, 33, 252.98 W, 1965 MHz, 3996 MHz, 12 %, 161509 MiB
2026/08/03 11:41:52.100, 2, P0, 36, 235.98 W, 1965 MHz, 3996 MHz, 0 %, 0 MiB
2026/08/03 11:41:52.100, 3, P0, 32, 238.46 W, 1965 MHz, 3996 MHz, 0 %, 0 MiB
2026/08/03 11:41:52.100, 4, P0, 33, 235.46 W, 1965 MHz, 3996 MHz, 0 %, 0 MiB
2026/08/03 11:41:52.100, 5, P0, 36, 244.22 W, 1965 MHz, 3996 MHz, 0 %, 0 MiB
2026/08/03 11:41:52.100, 6, P0, 33, 242.22 W, 1965 MHz, 3996 MHz, 0 %, 0 MiB
2026/08/03 11:41:52.100, 7, P0, 37, 243.18 W, 1965 MHz, 3996 MHz, 0 %, 0 MiB
2026/08/03 11:41:53.100, 0, P0, 36, 258.67 W, 1965 MHz, 3996 MHz, 71 %, 161509 MiB
2026/08/03 11:41:53.100, 1, P0, 33, 251.95 W, 1965 MHz, 3996 MHz, 7 %, 161509 MiB
2026/08/03 11:41:53.100, 2, P0, 36, 235.99 W, 1965 MHz, 3996 MHz, 0 %, 0 MiB
2026/08/03 11:41:53.100, 3, P0, 32, 238.53 W, 1965 MHz, 3996 MHz, 0 %, 0 MiB
2026/08/03 11:41:53.101, 4, P0, 33, 235.45 W, 1965 MHz, 3996 MHz, 0 %, 0 MiB
2026/08/03 11:41:53.101, 5, P0, 36, 244.23 W, 1965 MHz, 3996 MHz, 0 %, 0 MiB
2026/08/03 11:41:53.101, 6, P0, 33, 242.24 W, 1965 MHz, 3996 MHz, 0 %, 0 MiB
2026/08/03 11:41:53.101, 7, P0, 37, 243.12 W, 1965 MHz, 3996 MHz, 0 %, 0 MiB
2026/08/03 11:41:54.101, 0, P0, 36, 258.65 W, 1965 MHz, 3996 MHz, 78 %, 161509 MiB
2026/08/03 11:41:54.101, 1, P0, 33, 252.20 W, 1965 MHz, 3996 MHz, 7 %, 161509 MiB
2026/08/03 11:41:54.101, 2, P0, 36, 235.97 W, 1965 MHz, 3996 MHz, 0 %, 0 MiB
2026/08/03 11:41:54.101, 3, P0, 32, 238.49 W, 1965 MHz, 3996 MHz, 0 %, 0 MiB
2026/08/03 11:41:54.101, 4, P0, 33, 235.45 W, 1965 MHz, 3996 MHz, 0 %, 0 MiB
2026/08/03 11:41:54.101, 5, P0, 36, 244.26 W, 1965 MHz, 3996 MHz, 0 %, 0 MiB
2026/08/03 11:41:54.101, 6, P0, 33, 242.28 W, 1965 MHz, 3996 MHz, 0 %, 0 MiB
2026/08/03 11:41:54.101, 7, P0, 37, 243.13 W, 1965 MHz, 3996 MHz, 0 %, 0 MiB
2026/08/03 11:41:55.101, 0, P0, 36, 258.27 W, 1965 MHz, 3996 MHz, 79 %, 161509 MiB
2026/08/03 11:41:55.101, 1, P0, 33, 251.62 W, 1965 MHz, 3996 MHz, 7 %, 161509 MiB
2026/08/03 11:41:55.101, 2, P0, 36, 235.94 W, 1965 MHz, 3996 MHz, 0 %, 0 MiB
2026/08/03 11:41:55.101, 3, P0, 32, 238.47 W, 1965 MHz, 3996 MHz, 0 %, 0 MiB
2026/08/03 11:41:55.101, 4, P0, 33, 235.40 W, 1965 MHz, 3996 MHz, 0 %, 0 MiB
2026/08/03 11:41:55.101, 5, P0, 36, 244.31 W, 1965 MHz, 3996 MHz, 0 %, 0 MiB
2026/08/03 11:41:55.101, 6, P0, 33, 242.32 W, 1965 MHz, 3996 MHz, 0 %, 0 MiB
2026/08/03 11:41:55.101, 7, P0, 37, 243.12 W, 1965 MHz, 3996 MHz, 0 %, 0 MiB
2026/08/03 11:41:56.101, 0, P0, 36, 257.97 W, 1965 MHz, 3996 MHz, 80 %, 161509 MiB
2026/08/03 11:41:56.101, 1, P0, 33, 251.73 W, 1965 MHz, 3996 MHz, 7 %, 161509 MiB
2026/08/03 11:41:56.101, 2, P0, 36, 235.98 W, 1965 MHz, 3996 MHz, 0 %, 0 MiB
2026/08/03 11:41:56.101, 3, P0, 32, 238.57 W, 1965 MHz, 3996 MHz, 0 %, 0 MiB
2026/08/03 11:41:56.101, 4, P0, 33, 235.44 W, 1965 MHz, 3996 MHz, 0 %, 0 MiB
2026/08/03 11:41:56.101, 5, P0, 36, 244.22 W, 1965 MHz, 3996 MHz, 0 %, 0 MiB
2026/08/03 11:41:56.101, 6, P0, 33, 242.24 W, 1965 MHz, 3996 MHz, 0 %, 0 MiB
2026/08/03 11:41:56.101, 7, P0, 37, 243.22 W, 1965 MHz, 3996 MHz, 0 %, 0 MiB
2026/08/03 11:41:57.102, 0, P0, 36, 258.29 W, 1965 MHz, 3996 MHz, 80 %, 161509 MiB
2026/08/03 11:41:57.102, 1, P0, 33, 251.71 W, 1965 MHz, 3996 MHz, 7 %, 161509 MiB
2026/08/03 11:41:57.102, 2, P0, 36, 235.98 W, 1965 MHz, 3996 MHz, 0 %, 0 MiB
2026/08/03 11:41:57.102, 3, P0, 32, 238.46 W, 1965 MHz, 3996 MHz, 0 %, 0 MiB
2026/08/03 11:41:57.102, 4, P0, 33, 235.42 W, 1965 MHz, 3996 MHz, 0 %, 0 MiB
2026/08/03 11:41:57.102, 5, P0, 36, 244.28 W, 1965 MHz, 3996 MHz, 0 %, 0 MiB
2026/08/03 11:41:57.102, 6, P0, 33, 242.21 W, 1965 MHz, 3996 MHz, 0 %, 0 MiB
2026/08/03 11:41:57.102, 7, P0, 37, 243.12 W, 1965 MHz, 3996 MHz, 0 %, 0 MiB
2026/08/03 11:41:58.102, 0, P0, 36, 259.37 W, 1965 MHz, 3996 MHz, 82 %, 161509 MiB
2026/08/03 11:41:58.102, 1, P0, 33, 251.64 W, 1965 MHz, 3996 MHz, 7 %, 161509 MiB
2026/08/03 11:41:58.102, 2, P0, 36, 236.01 W, 1965 MHz, 3996 MHz, 0 %, 0 MiB
2026/08/03 11:41:58.102, 3, P0, 32, 238.56 W, 1965 MHz, 3996 MHz, 0 %, 0 MiB
2026/08/03 11:41:58.102, 4, P0, 33, 235.41 W, 1965 MHz, 3996 MHz, 0 %, 0 MiB
2026/08/03 11:41:58.102, 5, P0, 36, 244.33 W, 1965 MHz, 3996 MHz, 0 %, 0 MiB
2026/08/03 11:41:58.102, 6, P0, 33, 242.28 W, 1965 MHz, 3996 MHz, 0 %, 0 MiB
2026/08/03 11:41:58.102, 7, P0, 37, 243.20 W, 1965 MHz, 3996 MHz, 0 %, 0 MiB
2026/08/03 11:41:59.102, 0, P0, 36, 258.66 W, 1965 MHz, 3996 MHz, 74 %, 161509 MiB
2026/08/03 11:41:59.102, 1, P0, 33, 252.50 W, 1965 MHz, 3996 MHz, 7 %, 161509 MiB
2026/08/03 11:41:59.102, 2, P0, 36, 236.05 W, 1965 MHz, 3996 MHz, 0 %, 0 MiB
2026/08/03 11:41:59.102, 3, P0, 32, 238.49 W, 1965 MHz, 3996 MHz, 0 %, 0 MiB
2026/08/03 11:41:59.102, 4, P0, 33, 235.38 W, 1965 MHz, 3996 MHz, 0 %, 0 MiB
2026/08/03 11:41:59.102, 5, P0, 36, 244.17 W, 1965 MHz, 3996 MHz, 0 %, 0 MiB
2026/08/03 11:41:59.102, 6, P0, 33, 242.22 W, 1965 MHz, 3996 MHz, 0 %, 0 MiB
2026/08/03 11:41:59.102, 7, P0, 37, 243.07 W, 1965 MHz, 3996 MHz, 0 %, 0 MiB
2026/08/03 11:42:00.102, 0, P0, 36, 259.06 W, 1965 MHz, 3996 MHz, 86 %, 161509 MiB
2026/08/03 11:42:00.102, 1, P0, 33, 251.11 W, 1965 MHz, 3996 MHz, 7 %, 161509 MiB
2026/08/03 11:42:00.102, 2, P0, 36, 235.92 W, 1965 MHz, 3996 MHz, 0 %, 0 MiB
2026/08/03 11:42:00.102, 3, P0, 32, 238.54 W, 1965 MHz, 3996 MHz, 0 %, 0 MiB
2026/08/03 11:42:00.102, 4, P0, 33, 235.44 W, 1965 MHz, 3996 MHz, 0 %, 0 MiB
2026/08/03 11:42:00.102, 5, P0, 36, 244.22 W, 1965 MHz, 3996 MHz, 0 %, 0 MiB
2026/08/03 11:42:00.102, 6, P0, 33, 242.10 W, 1965 MHz, 3996 MHz, 0 %, 0 MiB
2026/08/03 11:42:00.102, 7, P0, 37, 243.04 W, 1965 MHz, 3996 MHz, 0 %, 0 MiB
2026/08/03 11:42:01.103, 0, P0, 36, 259.70 W, 1965 MHz, 3996 MHz, 89 %, 161509 MiB
2026/08/03 11:42:01.103, 1, P0, 33, 252.01 W, 1965 MHz, 3996 MHz, 7 %, 161509 MiB
2026/08/03 11:42:01.103, 2, P0, 36, 235.94 W, 1965 MHz, 3996 MHz, 0 %, 0 MiB
2026/08/03 11:42:01.103, 3, P0, 32, 238.54 W, 1965 MHz, 3996 MHz, 0 %, 0 MiB
2026/08/03 11:42:01.103, 4, P0, 33, 235.52 W, 1965 MHz, 3996 MHz, 0 %, 0 MiB
2026/08/03 11:42:01.103, 5, P0, 36, 244.21 W, 1965 MHz, 3996 MHz, 0 %, 0 MiB
2026/08/03 11:42:01.103, 6, P0, 33, 242.22 W, 1965 MHz, 3996 MHz, 0 %, 0 MiB
2026/08/03 11:42:01.103, 7, P0, 37, 243.07 W, 1965 MHz, 3996 MHz, 0 %, 0 MiB
2026/08/03 11:42:02.103, 0, P0, 36, 259.83 W, 1965 MHz, 3996 MHz, 84 %, 161509 MiB
2026/08/03 11:42:02.103, 1, P0, 33, 251.75 W, 1965 MHz, 3996 MHz, 6 %, 161509 MiB
2026/08/03 11:42:02.103, 2, P0, 36, 235.94 W, 1965 MHz, 3996 MHz, 0 %, 0 MiB
2026/08/03 11:42:02.103, 3, P0, 32, 238.42 W, 1965 MHz, 3996 MHz, 0 %, 0 MiB
2026/08/03 11:42:02.103, 4, P0, 33, 235.44 W, 1965 MHz, 3996 MHz, 0 %, 0 MiB
2026/08/03 11:42:02.103, 5, P0, 36, 244.27 W, 1965 MHz, 3996 MHz, 0 %, 0 MiB
2026/08/03 11:42:02.103, 6, P0, 33, 242.14 W, 1965 MHz, 3996 MHz, 0 %, 0 MiB
2026/08/03 11:42:02.103, 7, P0, 37, 243.07 W, 1965 MHz, 3996 MHz, 0 %, 0 MiB
2026/08/03 11:42:03.103, 0, P0, 36, 260.52 W, 1965 MHz, 3996 MHz, 89 %, 161509 MiB
2026/08/03 11:42:03.103, 1, P0, 33, 252.23 W, 1965 MHz, 3996 MHz, 7 %, 161509 MiB
2026/08/03 11:42:03.103, 2, P0, 36, 235.97 W, 1965 MHz, 3996 MHz, 0 %, 0 MiB
2026/08/03 11:42:03.103, 3, P0, 32, 238.52 W, 1965 MHz, 3996 MHz, 0 %, 0 MiB
2026/08/03 11:42:03.103, 4, P0, 33, 235.47 W, 1965 MHz, 3996 MHz, 0 %, 0 MiB
2026/08/03 11:42:03.103, 5, P0, 36, 244.24 W, 1965 MHz, 3996 MHz, 0 %, 0 MiB
2026/08/03 11:42:03.103, 6, P0, 33, 242.32 W, 1965 MHz, 3996 MHz, 0 %, 0 MiB
2026/08/03 11:42:03.103, 7, P0, 37, 243.20 W, 1965 MHz, 3996 MHz, 0 %, 0 MiB
2026/08/03 11:42:04.103, 0, P0, 36, 258.56 W, 1965 MHz, 3996 MHz, 84 %, 161509 MiB
2026/08/03 11:42:04.103, 1, P0, 33, 252.31 W, 1965 MHz, 3996 MHz, 7 %, 161509 MiB
2026/08/03 11:42:04.103, 2, P0, 36, 236.01 W, 1965 MHz, 3996 MHz, 0 %, 0 MiB
2026/08/03 11:42:04.103, 3, P0, 32, 238.53 W, 1965 MHz, 3996 MHz, 0 %, 0 MiB
2026/08/03 11:42:04.103, 4, P0, 33, 235.41 W, 1965 MHz, 3996 MHz, 0 %, 0 MiB
2026/08/03 11:42:04.103, 5, P0, 36, 244.22 W, 1965 MHz, 3996 MHz, 0 %, 0 MiB
2026/08/03 11:42:04.103, 6, P0, 33, 242.30 W, 1965 MHz, 3996 MHz, 0 %, 0 MiB
2026/08/03 11:42:04.103, 7, P0, 37, 243.16 W, 1965 MHz, 3996 MHz, 0 %, 0 MiB
2026/08/03 11:42:05.104, 0, P0, 36, 260.83 W, 1965 MHz, 3996 MHz, 91 %, 161509 MiB
2026/08/03 11:42:05.104, 1, P0, 33, 251.50 W, 1965 MHz, 3996 MHz, 7 %, 161509 MiB
2026/08/03 11:42:05.104, 2, P0, 36, 236.00 W, 1965 MHz, 3996 MHz, 0 %, 0 MiB
2026/08/03 11:42:05.104, 3, P0, 32, 238.58 W, 1965 MHz, 3996 MHz, 0 %, 0 MiB
2026/08/03 11:42:05.104, 4, P0, 33, 235.45 W, 1965 MHz, 3996 MHz, 0 %, 0 MiB
2026/08/03 11:42:05.104, 5, P0, 36, 244.32 W, 1965 MHz, 3996 MHz, 0 %, 0 MiB
2026/08/03 11:42:05.104, 6, P0, 33, 242.26 W, 1965 MHz, 3996 MHz, 0 %, 0 MiB
2026/08/03 11:42:05.104, 7, P0, 37, 243.19 W, 1965 MHz, 3996 MHz, 0 %, 0 MiB
2026/08/03 11:42:06.104, 0, P0, 36, 258.44 W, 1965 MHz, 3996 MHz, 86 %, 161509 MiB
2026/08/03 11:42:06.104, 1, P0, 33, 253.45 W, 1965 MHz, 3996 MHz, 7 %, 161509 MiB
2026/08/03 11:42:06.104, 2, P0, 36, 236.00 W, 1965 MHz, 3996 MHz, 0 %, 0 MiB
2026/08/03 11:42:06.104, 3, P0, 32, 238.57 W, 1965 MHz, 3996 MHz, 0 %, 0 MiB
2026/08/03 11:42:06.104, 4, P0, 33, 235.43 W, 1965 MHz, 3996 MHz, 0 %, 0 MiB
2026/08/03 11:42:06.104, 5, P0, 36, 244.25 W, 1965 MHz, 3996 MHz, 0 %, 0 MiB
2026/08/03 11:42:06.104, 6, P0, 33, 242.22 W, 1965 MHz, 3996 MHz, 0 %, 0 MiB
2026/08/03 11:42:06.104, 7, P0, 37, 243.16 W, 1965 MHz, 3996 MHz, 0 %, 0 MiB
2026/08/03 11:42:07.104, 0, P0, 36, 259.38 W, 1965 MHz, 3996 MHz, 88 %, 161509 MiB
2026/08/03 11:42:07.104, 1, P0, 33, 252.59 W, 1965 MHz, 3996 MHz, 7 %, 161509 MiB
2026/08/03 11:42:07.104, 2, P0, 36, 235.99 W, 1965 MHz, 3996 MHz, 0 %, 0 MiB
2026/08/03 11:42:07.104, 3, P0, 32, 238.53 W, 1965 MHz, 3996 MHz, 0 %, 0 MiB
2026/08/03 11:42:07.104, 4, P0, 33, 235.50 W, 1965 MHz, 3996 MHz, 0 %, 0 MiB
2026/08/03 11:42:07.104, 5, P0, 36, 244.21 W, 1965 MHz, 3996 MHz, 0 %, 0 MiB
2026/08/03 11:42:07.104, 6, P0, 33, 242.33 W, 1965 MHz, 3996 MHz, 0 %, 0 MiB
2026/08/03 11:42:07.104, 7, P0, 37, 243.29 W, 1965 MHz, 3996 MHz, 0 %, 0 MiB
2026/08/03 11:42:08.104, 0, P0, 44, 336.24 W, 1785 MHz, 3996 MHz, 79 %, 161509 MiB
2026/08/03 11:42:08.104, 1, P0, 42, 347.73 W, 1710 MHz, 3996 MHz, 7 %, 161509 MiB
2026/08/03 11:42:08.104, 2, P0, 36, 236.01 W, 1965 MHz, 3996 MHz, 0 %, 0 MiB
2026/08/03 11:42:08.105, 3, P0, 32, 238.58 W, 1965 MHz, 3996 MHz, 0 %, 0 MiB
2026/08/03 11:42:08.105, 4, P0, 33, 235.52 W, 1965 MHz, 3996 MHz, 0 %, 0 MiB
2026/08/03 11:42:08.105, 5, P0, 36, 244.21 W, 1965 MHz, 3996 MHz, 0 %, 0 MiB
2026/08/03 11:42:08.105, 6, P0, 33, 242.30 W, 1965 MHz, 3996 MHz, 0 %, 0 MiB
2026/08/03 11:42:08.105, 7, P0, 37, 243.14 W, 1965 MHz, 3996 MHz, 0 %, 0 MiB
2026/08/03 11:42:09.105, 0, P0, 37, 331.93 W, 1965 MHz, 3996 MHz, 91 %, 161509 MiB
2026/08/03 11:42:09.105, 1, P0, 34, 326.62 W, 1965 MHz, 3996 MHz, 7 %, 161509 MiB
2026/08/03 11:42:09.105, 2, P0, 36, 236.00 W, 1965 MHz, 3996 MHz, 0 %, 0 MiB
2026/08/03 11:42:09.105, 3, P0, 32, 238.49 W, 1965 MHz, 3996 MHz, 0 %, 0 MiB
2026/08/03 11:42:09.105, 4, P0, 33, 235.44 W, 1965 MHz, 3996 MHz, 0 %, 0 MiB
2026/08/03 11:42:09.105, 5, P0, 36, 244.24 W, 1965 MHz, 3996 MHz, 0 %, 0 MiB
2026/08/03 11:42:09.105, 6, P0, 33, 242.20 W, 1965 MHz, 3996 MHz, 0 %, 0 MiB
2026/08/03 11:42:09.105, 7, P0, 37, 243.06 W, 1965 MHz, 3996 MHz, 0 %, 0 MiB
2026/08/03 11:42:10.105, 0, P0, 36, 260.07 W, 1965 MHz, 3996 MHz, 82 %, 161509 MiB
2026/08/03 11:42:10.105, 1, P0, 34, 253.39 W, 1965 MHz, 3996 MHz, 8 %, 161509 MiB
2026/08/03 11:42:10.105, 2, P0, 36, 235.97 W, 1965 MHz, 3996 MHz, 0 %, 0 MiB
2026/08/03 11:42:10.105, 3, P0, 32, 238.56 W, 1965 MHz, 3996 MHz, 0 %, 0 MiB
2026/08/03 11:42:10.105, 4, P0, 33, 235.45 W, 1965 MHz, 3996 MHz, 0 %, 0 MiB
2026/08/03 11:42:10.105, 5, P0, 36, 244.28 W, 1965 MHz, 3996 MHz, 0 %, 0 MiB
2026/08/03 11:42:10.105, 6, P0, 33, 242.23 W, 1965 MHz, 3996 MHz, 0 %, 0 MiB
2026/08/03 11:42:10.105, 7, P0, 37, 243.19 W, 1965 MHz, 3996 MHz, 0 %, 0 MiB
2026/08/03 11:42:11.105, 0, P0, 37, 413.87 W, 1965 MHz, 3996 MHz, 85 %, 161509 MiB
2026/08/03 11:42:11.105, 1, P0, 34, 409.75 W, 1965 MHz, 3996 MHz, 7 %, 161509 MiB
2026/08/03 11:42:11.105, 2, P0, 36, 235.92 W, 1965 MHz, 3996 MHz, 0 %, 0 MiB
2026/08/03 11:42:11.106, 3, P0, 32, 238.46 W, 1965 MHz, 3996 MHz, 0 %, 0 MiB
2026/08/03 11:42:11.106, 4, P0, 33, 235.52 W, 1965 MHz, 3996 MHz, 0 %, 0 MiB
2026/08/03 11:42:11.106, 5, P0, 36, 244.27 W, 1965 MHz, 3996 MHz, 0 %, 0 MiB
2026/08/03 11:42:11.106, 6, P0, 33, 242.23 W, 1965 MHz, 3996 MHz, 0 %, 0 MiB
2026/08/03 11:42:11.106, 7, P0, 37, 243.18 W, 1965 MHz, 3996 MHz, 0 %, 0 MiB
2026/08/03 11:42:12.106, 0, P0, 36, 260.67 W, 1965 MHz, 3996 MHz, 80 %, 161509 MiB
2026/08/03 11:42:12.106, 1, P0, 34, 252.56 W, 1965 MHz, 3996 MHz, 7 %, 161509 MiB
2026/08/03 11:42:12.106, 2, P0, 36, 235.93 W, 1965 MHz, 3996 MHz, 0 %, 0 MiB
2026/08/03 11:42:12.106, 3, P0, 32, 238.48 W, 1965 MHz, 3996 MHz, 0 %, 0 MiB
2026/08/03 11:42:12.106, 4, P0, 33, 235.48 W, 1965 MHz, 3996 MHz, 0 %, 0 MiB
2026/08/03 11:42:12.106, 5, P0, 36, 244.29 W, 1965 MHz, 3996 MHz, 0 %, 0 MiB
2026/08/03 11:42:12.106, 6, P0, 33, 242.22 W, 1965 MHz, 3996 MHz, 0 %, 0 MiB
2026/08/03 11:42:12.106, 7, P0, 37, 243.10 W, 1965 MHz, 3996 MHz, 0 %, 0 MiB
2026/08/03 11:42:13.106, 0, P0, 38, 412.94 W, 1965 MHz, 3996 MHz, 71 %, 161509 MiB
2026/08/03 11:42:13.106, 1, P0, 35, 409.09 W, 1965 MHz, 3996 MHz, 7 %, 161509 MiB
2026/08/03 11:42:13.106, 2, P0, 36, 235.96 W, 1965 MHz, 3996 MHz, 0 %, 0 MiB
2026/08/03 11:42:13.106, 3, P0, 32, 238.54 W, 1965 MHz, 3996 MHz, 0 %, 0 MiB
2026/08/03 11:42:13.106, 4, P0, 33, 235.46 W, 1965 MHz, 3996 MHz, 0 %, 0 MiB
2026/08/03 11:42:13.106, 5, P0, 36, 244.37 W, 1965 MHz, 3996 MHz, 0 %, 0 MiB
2026/08/03 11:42:13.106, 6, P0, 33, 242.31 W, 1965 MHz, 3996 MHz, 0 %, 0 MiB
2026/08/03 11:42:13.106, 7, P0, 37, 243.07 W, 1965 MHz, 3996 MHz, 0 %, 0 MiB
2026/08/03 11:42:14.106, 0, P0, 37, 260.50 W, 1965 MHz, 3996 MHz, 92 %, 161509 MiB
2026/08/03 11:42:14.106, 1, P0, 34, 254.66 W, 1965 MHz, 3996 MHz, 7 %, 161509 MiB
2026/08/03 11:42:14.106, 2, P0, 36, 236.01 W, 1965 MHz, 3996 MHz, 0 %, 0 MiB
2026/08/03 11:42:14.106, 3, P0, 32, 238.49 W, 1965 MHz, 3996 MHz, 0 %, 0 MiB
2026/08/03 11:42:14.106, 4, P0, 33, 235.43 W, 1965 MHz, 3996 MHz, 0 %, 0 MiB
2026/08/03 11:42:14.106, 5, P0, 36, 244.31 W, 1965 MHz, 3996 MHz, 0 %, 0 MiB
2026/08/03 11:42:14.107, 6, P0, 33, 242.29 W, 1965 MHz, 3996 MHz, 0 %, 0 MiB
2026/08/03 11:42:14.107, 7, P0, 37, 243.09 W, 1965 MHz, 3996 MHz, 0 %, 0 MiB
2026/08/03 11:42:15.107, 0, P0, 39, 411.73 W, 1965 MHz, 3996 MHz, 86 %, 161509 MiB
2026/08/03 11:42:15.107, 1, P0, 36, 410.26 W, 1965 MHz, 3996 MHz, 27 %, 161509 MiB
2026/08/03 11:42:15.107, 2, P0, 36, 235.98 W, 1965 MHz, 3996 MHz, 0 %, 0 MiB
2026/08/03 11:42:15.107, 3, P0, 32, 238.49 W, 1965 MHz, 3996 MHz, 0 %, 0 MiB
2026/08/03 11:42:15.107, 4, P0, 33, 235.41 W, 1965 MHz, 3996 MHz, 0 %, 0 MiB
2026/08/03 11:42:15.107, 5, P0, 36, 244.33 W, 1965 MHz, 3996 MHz, 0 %, 0 MiB
2026/08/03 11:42:15.107, 6, P0, 33, 242.18 W, 1965 MHz, 3996 MHz, 0 %, 0 MiB
2026/08/03 11:42:15.107, 7, P0, 37, 243.13 W, 1965 MHz, 3996 MHz, 0 %, 0 MiB
2026/08/03 11:42:16.107, 0, P0, 37, 262.16 W, 1965 MHz, 3996 MHz, 90 %, 161509 MiB
2026/08/03 11:42:16.107, 1, P0, 34, 255.69 W, 1965 MHz, 3996 MHz, 7 %, 161509 MiB
2026/08/03 11:42:16.107, 2, P0, 36, 235.98 W, 1965 MHz, 3996 MHz, 0 %, 0 MiB
2026/08/03 11:42:16.107, 3, P0, 32, 238.52 W, 1965 MHz, 3996 MHz, 0 %, 0 MiB
2026/08/03 11:42:16.107, 4, P0, 33, 235.46 W, 1965 MHz, 3996 MHz, 0 %, 0 MiB
2026/08/03 11:42:16.107, 5, P0, 36, 244.21 W, 1965 MHz, 3996 MHz, 0 %, 0 MiB
2026/08/03 11:42:16.107, 6, P0, 33, 242.19 W, 1965 MHz, 3996 MHz, 0 %, 0 MiB
2026/08/03 11:42:16.107, 7, P0, 37, 243.09 W, 1965 MHz, 3996 MHz, 0 %, 0 MiB
2026/08/03 11:42:17.107, 0, P0, 37, 262.42 W, 1965 MHz, 3996 MHz, 77 %, 161509 MiB
2026/08/03 11:42:17.107, 1, P0, 34, 254.46 W, 1965 MHz, 3996 MHz, 7 %, 161509 MiB
2026/08/03 11:42:17.107, 2, P0, 36, 235.94 W, 1965 MHz, 3996 MHz, 0 %, 0 MiB
2026/08/03 11:42:17.107, 3, P0, 32, 238.50 W, 1965 MHz, 3996 MHz, 0 %, 0 MiB
2026/08/03 11:42:17.107, 4, P0, 33, 235.47 W, 1965 MHz, 3996 MHz, 0 %, 0 MiB
2026/08/03 11:42:17.107, 5, P0, 36, 244.27 W, 1965 MHz, 3996 MHz, 0 %, 0 MiB
2026/08/03 11:42:17.107, 6, P0, 33, 242.24 W, 1965 MHz, 3996 MHz, 0 %, 0 MiB
2026/08/03 11:42:17.107, 7, P0, 37, 243.10 W, 1965 MHz, 3996 MHz, 0 %, 0 MiB
2026/08/03 11:42:18.107, 0, P0, 36, 260.96 W, 1965 MHz, 3996 MHz, 86 %, 161509 MiB
2026/08/03 11:42:18.108, 1, P0, 34, 251.98 W, 1965 MHz, 3996 MHz, 7 %, 161509 MiB
2026/08/03 11:42:18.108, 2, P0, 36, 235.98 W, 1965 MHz, 3996 MHz, 0 %, 0 MiB
2026/08/03 11:42:18.108, 3, P0, 32, 238.47 W, 1965 MHz, 3996 MHz, 0 %, 0 MiB
2026/08/03 11:42:18.108, 4, P0, 33, 235.42 W, 1965 MHz, 3996 MHz, 0 %, 0 MiB
2026/08/03 11:42:18.108, 5, P0, 36, 244.27 W, 1965 MHz, 3996 MHz, 0 %, 0 MiB
2026/08/03 11:42:18.108, 6, P0, 33, 242.26 W, 1965 MHz, 3996 MHz, 0 %, 0 MiB
2026/08/03 11:42:18.108, 7, P0, 37, 243.07 W, 1965 MHz, 3996 MHz, 0 %, 0 MiB
2026/08/03 11:42:19.108, 0, P0, 36, 259.57 W, 1965 MHz, 3996 MHz, 86 %, 161509 MiB
2026/08/03 11:42:19.108, 1, P0, 34, 252.86 W, 1965 MHz, 3996 MHz, 7 %, 161509 MiB
2026/08/03 11:42:19.108, 2, P0, 36, 236.05 W, 1965 MHz, 3996 MHz, 0 %, 0 MiB
2026/08/03 11:42:19.108, 3, P0, 32, 238.53 W, 1965 MHz, 3996 MHz, 0 %, 0 MiB
2026/08/03 11:42:19.108, 4, P0, 33, 235.51 W, 1965 MHz, 3996 MHz, 0 %, 0 MiB
2026/08/03 11:42:19.108, 5, P0, 36, 244.30 W, 1965 MHz, 3996 MHz, 0 %, 0 MiB
2026/08/03 11:42:19.108, 6, P0, 33, 242.35 W, 1965 MHz, 3996 MHz, 0 %, 0 MiB
2026/08/03 11:42:19.108, 7, P0, 37, 243.18 W, 1965 MHz, 3996 MHz, 0 %, 0 MiB
2026/08/03 11:42:20.108, 0, P0, 36, 260.95 W, 1965 MHz, 3996 MHz, 91 %, 161509 MiB
2026/08/03 11:42:20.108, 1, P0, 34, 252.77 W, 1965 MHz, 3996 MHz, 7 %, 161509 MiB
2026/08/03 11:42:20.108, 2, P0, 36, 235.98 W, 1965 MHz, 3996 MHz, 0 %, 0 MiB
2026/08/03 11:42:20.108, 3, P0, 32, 238.51 W, 1965 MHz, 3996 MHz, 0 %, 0 MiB
2026/08/03 11:42:20.108, 4, P0, 33, 235.55 W, 1965 MHz, 3996 MHz, 0 %, 0 MiB
2026/08/03 11:42:20.108, 5, P0, 36, 244.34 W, 1965 MHz, 3996 MHz, 0 %, 0 MiB
2026/08/03 11:42:20.108, 6, P0, 33, 242.31 W, 1965 MHz, 3996 MHz, 0 %, 0 MiB
2026/08/03 11:42:20.108, 7, P0, 37, 243.20 W, 1965 MHz, 3996 MHz, 0 %, 0 MiB
2026/08/03 11:42:21.108, 0, P0, 36, 259.85 W, 1965 MHz, 3996 MHz, 90 %, 161509 MiB
2026/08/03 11:42:21.108, 1, P0, 34, 252.66 W, 1965 MHz, 3996 MHz, 7 %, 161509 MiB
2026/08/03 11:42:21.108, 2, P0, 36, 236.03 W, 1965 MHz, 3996 MHz, 0 %, 0 MiB
2026/08/03 11:42:21.108, 3, P0, 32, 238.53 W, 1965 MHz, 3996 MHz, 0 %, 0 MiB
2026/08/03 11:42:21.108, 4, P0, 33, 235.58 W, 1965 MHz, 3996 MHz, 0 %, 0 MiB
2026/08/03 11:42:21.108, 5, P0, 36, 244.32 W, 1965 MHz, 3996 MHz, 0 %, 0 MiB
2026/08/03 11:42:21.108, 6, P0, 33, 242.36 W, 1965 MHz, 3996 MHz, 0 %, 0 MiB
2026/08/03 11:42:21.109, 7, P0, 37, 243.21 W, 1965 MHz, 3996 MHz, 0 %, 0 MiB
2026/08/03 11:42:22.109, 0, P0, 36, 260.44 W, 1965 MHz, 3996 MHz, 88 %, 161509 MiB
2026/08/03 11:42:22.109, 1, P0, 34, 253.03 W, 1965 MHz, 3996 MHz, 7 %, 161509 MiB
2026/08/03 11:42:22.109, 2, P0, 36, 236.04 W, 1965 MHz, 3996 MHz, 0 %, 0 MiB
2026/08/03 11:42:22.109, 3, P0, 32, 238.52 W, 1965 MHz, 3996 MHz, 0 %, 0 MiB
2026/08/03 11:42:22.109, 4, P0, 33, 235.55 W, 1965 MHz, 3996 MHz, 0 %, 0 MiB
2026/08/03 11:42:22.109, 5, P0, 36, 244.20 W, 1965 MHz, 3996 MHz, 0 %, 0 MiB
2026/08/03 11:42:22.109, 6, P0, 33, 242.37 W, 1965 MHz, 3996 MHz, 0 %, 0 MiB
2026/08/03 11:42:22.109, 7, P0, 37, 243.21 W, 1965 MHz, 3996 MHz, 0 %, 0 MiB
2026/08/03 11:42:23.109, 0, P0, 36, 260.76 W, 1965 MHz, 3996 MHz, 84 %, 161509 MiB
2026/08/03 11:42:23.109, 1, P0, 34, 252.38 W, 1965 MHz, 3996 MHz, 7 %, 161509 MiB
2026/08/03 11:42:23.109, 2, P0, 36, 236.05 W, 1965 MHz, 3996 MHz, 0 %, 0 MiB
2026/08/03 11:42:23.109, 3, P0, 32, 238.52 W, 1965 MHz, 3996 MHz, 0 %, 0 MiB
2026/08/03 11:42:23.109, 4, P0, 33, 235.50 W, 1965 MHz, 3996 MHz, 0 %, 0 MiB
2026/08/03 11:42:23.109, 5, P0, 36, 244.22 W, 1965 MHz, 3996 MHz, 0 %, 0 MiB
2026/08/03 11:42:23.109, 6, P0, 33, 242.22 W, 1965 MHz, 3996 MHz, 0 %, 0 MiB
2026/08/03 11:42:23.109, 7, P0, 37, 243.25 W, 1965 MHz, 3996 MHz, 0 %, 0 MiB
2026/08/03 11:42:24.109, 0, P0, 37, 416.63 W, 1965 MHz, 3996 MHz, 88 %, 161509 MiB
2026/08/03 11:42:24.109, 1, P0, 34, 410.08 W, 1965 MHz, 3996 MHz, 7 %, 161509 MiB
2026/08/03 11:42:24.109, 2, P0, 36, 236.08 W, 1965 MHz, 3996 MHz, 0 %, 0 MiB
2026/08/03 11:42:24.109, 3, P0, 32, 238.53 W, 1965 MHz, 3996 MHz, 0 %, 0 MiB
2026/08/03 11:42:24.109, 4, P0, 33, 235.53 W, 1965 MHz, 3996 MHz, 0 %, 0 MiB
2026/08/03 11:42:24.109, 5, P0, 36, 244.21 W, 1965 MHz, 3996 MHz, 0 %, 0 MiB
2026/08/03 11:42:24.109, 6, P0, 33, 242.24 W, 1965 MHz, 3996 MHz, 0 %, 0 MiB
2026/08/03 11:42:24.109, 7, P0, 37, 243.16 W, 1965 MHz, 3996 MHz, 0 %, 0 MiB
2026/08/03 11:42:25.109, 0, P0, 37, 261.16 W, 1965 MHz, 3996 MHz, 84 %, 161509 MiB
2026/08/03 11:42:25.109, 1, P0, 34, 253.24 W, 1965 MHz, 3996 MHz, 7 %, 161509 MiB
2026/08/03 11:42:25.109, 2, P0, 36, 236.07 W, 1965 MHz, 3996 MHz, 0 %, 0 MiB
2026/08/03 11:42:25.110, 3, P0, 32, 238.57 W, 1965 MHz, 3996 MHz, 0 %, 0 MiB
2026/08/03 11:42:25.110, 4, P0, 33, 235.49 W, 1965 MHz, 3996 MHz, 0 %, 0 MiB
2026/08/03 11:42:25.110, 5, P0, 36, 244.23 W, 1965 MHz, 3996 MHz, 0 %, 0 MiB
2026/08/03 11:42:25.110, 6, P0, 33, 242.28 W, 1965 MHz, 3996 MHz, 0 %, 0 MiB
2026/08/03 11:42:25.110, 7, P0, 37, 243.10 W, 1965 MHz, 3996 MHz, 0 %, 0 MiB
2026/08/03 11:42:26.110, 0, P0, 38, 416.40 W, 1965 MHz, 3996 MHz, 80 %, 161509 MiB
2026/08/03 11:42:26.110, 1, P0, 35, 410.14 W, 1965 MHz, 3996 MHz, 7 %, 161509 MiB
2026/08/03 11:42:26.110, 2, P0, 36, 236.07 W, 1965 MHz, 3996 MHz, 0 %, 0 MiB
2026/08/03 11:42:26.110, 3, P0, 32, 238.50 W, 1965 MHz, 3996 MHz, 0 %, 0 MiB
2026/08/03 11:42:26.110, 4, P0, 33, 235.46 W, 1965 MHz, 3996 MHz, 0 %, 0 MiB
2026/08/03 11:42:26.110, 5, P0, 36, 244.24 W, 1965 MHz, 3996 MHz, 0 %, 0 MiB
2026/08/03 11:42:26.110, 6, P0, 33, 242.24 W, 1965 MHz, 3996 MHz, 0 %, 0 MiB
2026/08/03 11:42:26.110, 7, P0, 37, 243.04 W, 1965 MHz, 3996 MHz, 0 %, 0 MiB
2026/08/03 11:42:27.110, 0, P0, 37, 260.71 W, 1965 MHz, 3996 MHz, 79 %, 161509 MiB
2026/08/03 11:42:27.110, 1, P0, 34, 254.37 W, 1965 MHz, 3996 MHz, 7 %, 161509 MiB
2026/08/03 11:42:27.110, 2, P0, 36, 236.07 W, 1965 MHz, 3996 MHz, 0 %, 0 MiB
2026/08/03 11:42:27.110, 3, P0, 32, 238.48 W, 1965 MHz, 3996 MHz, 0 %, 0 MiB
2026/08/03 11:42:27.110, 4, P0, 33, 235.43 W, 1965 MHz, 3996 MHz, 0 %, 0 MiB
2026/08/03 11:42:27.110, 5, P0, 36, 244.19 W, 1965 MHz, 3996 MHz, 0 %, 0 MiB
2026/08/03 11:42:27.110, 6, P0, 33, 242.30 W, 1965 MHz, 3996 MHz, 0 %, 0 MiB
2026/08/03 11:42:27.110, 7, P0, 37, 243.09 W, 1965 MHz, 3996 MHz, 0 %, 0 MiB
2026/08/03 11:42:28.110, 0, P0, 37, 261.57 W, 1965 MHz, 3996 MHz, 76 %, 161509 MiB
2026/08/03 11:42:28.110, 1, P0, 34, 253.66 W, 1965 MHz, 3996 MHz, 7 %, 161509 MiB
2026/08/03 11:42:28.110, 2, P0, 36, 236.03 W, 1965 MHz, 3996 MHz, 0 %, 0 MiB
2026/08/03 11:42:28.110, 3, P0, 32, 238.51 W, 1965 MHz, 3996 MHz, 0 %, 0 MiB
2026/08/03 11:42:28.110, 4, P0, 33, 235.40 W, 1965 MHz, 3996 MHz, 0 %, 0 MiB
2026/08/03 11:42:28.110, 5, P0, 36, 244.16 W, 1965 MHz, 3996 MHz, 0 %, 0 MiB
2026/08/03 11:42:28.110, 6, P0, 33, 242.27 W, 1965 MHz, 3996 MHz, 0 %, 0 MiB
2026/08/03 11:42:28.110, 7, P0, 37, 243.04 W, 1965 MHz, 3996 MHz, 0 %, 0 MiB
2026/08/03 11:42:29.110, 0, P0, 36, 259.90 W, 1965 MHz, 3996 MHz, 80 %, 161509 MiB
2026/08/03 11:42:29.111, 1, P0, 34, 252.42 W, 1965 MHz, 3996 MHz, 7 %, 161509 MiB
2026/08/03 11:42:29.111, 2, P0, 36, 236.06 W, 1965 MHz, 3996 MHz, 0 %, 0 MiB
2026/08/03 11:42:29.111, 3, P0, 32, 238.48 W, 1965 MHz, 3996 MHz, 0 %, 0 MiB
2026/08/03 11:42:29.111, 4, P0, 33, 235.43 W, 1965 MHz, 3996 MHz, 0 %, 0 MiB
2026/08/03 11:42:29.111, 5, P0, 36, 244.30 W, 1965 MHz, 3996 MHz, 0 %, 0 MiB
2026/08/03 11:42:29.111, 6, P0, 33, 242.28 W, 1965 MHz, 3996 MHz, 0 %, 0 MiB
2026/08/03 11:42:29.111, 7, P0, 37, 243.15 W, 1965 MHz, 3996 MHz, 0 %, 0 MiB
2026/08/03 11:42:30.111, 0, P0, 36, 261.12 W, 1965 MHz, 3996 MHz, 84 %, 161509 MiB
2026/08/03 11:42:30.111, 1, P0, 34, 253.89 W, 1965 MHz, 3996 MHz, 7 %, 161509 MiB
2026/08/03 11:42:30.111, 2, P0, 36, 236.02 W, 1965 MHz, 3996 MHz, 0 %, 0 MiB
2026/08/03 11:42:30.111, 3, P0, 32, 238.45 W, 1965 MHz, 3996 MHz, 0 %, 0 MiB
2026/08/03 11:42:30.111, 4, P0, 33, 235.44 W, 1965 MHz, 3996 MHz, 0 %, 0 MiB
2026/08/03 11:42:30.111, 5, P0, 36, 244.28 W, 1965 MHz, 3996 MHz, 0 %, 0 MiB
2026/08/03 11:42:30.111, 6, P0, 33, 242.26 W, 1965 MHz, 3996 MHz, 0 %, 0 MiB
2026/08/03 11:42:30.111, 7, P0, 37, 243.13 W, 1965 MHz, 3996 MHz, 0 %, 0 MiB
2026/08/03 11:42:31.111, 0, P0, 36, 259.29 W, 1965 MHz, 3996 MHz, 89 %, 161509 MiB
2026/08/03 11:42:31.111, 1, P0, 34, 252.90 W, 1965 MHz, 3996 MHz, 7 %, 161509 MiB
2026/08/03 11:42:31.111, 2, P0, 36, 236.06 W, 1965 MHz, 3996 MHz, 0 %, 0 MiB
2026/08/03 11:42:31.111, 3, P0, 32, 238.48 W, 1965 MHz, 3996 MHz, 0 %, 0 MiB
2026/08/03 11:42:31.111, 4, P0, 33, 235.48 W, 1965 MHz, 3996 MHz, 0 %, 0 MiB
2026/08/03 11:42:31.111, 5, P0, 36, 244.29 W, 1965 MHz, 3996 MHz, 0 %, 0 MiB
2026/08/03 11:42:31.111, 6, P0, 33, 242.30 W, 1965 MHz, 3996 MHz, 0 %, 0 MiB
2026/08/03 11:42:31.111, 7, P0, 37, 243.13 W, 1965 MHz, 3996 MHz, 0 %, 0 MiB
2026/08/03 11:42:32.111, 0, P0, 36, 259.62 W, 1965 MHz, 3996 MHz, 96 %, 161509 MiB
2026/08/03 11:42:32.111, 1, P0, 34, 253.11 W, 1965 MHz, 3996 MHz, 7 %, 161509 MiB
2026/08/03 11:42:32.111, 2, P0, 36, 236.05 W, 1965 MHz, 3996 MHz, 0 %, 0 MiB
2026/08/03 11:42:32.111, 3, P0, 32, 238.50 W, 1965 MHz, 3996 MHz, 0 %, 0 MiB
2026/08/03 11:42:32.111, 4, P0, 33, 235.42 W, 1965 MHz, 3996 MHz, 0 %, 0 MiB
2026/08/03 11:42:32.111, 5, P0, 36, 244.25 W, 1965 MHz, 3996 MHz, 0 %, 0 MiB
2026/08/03 11:42:32.111, 6, P0, 33, 242.25 W, 1965 MHz, 3996 MHz, 0 %, 0 MiB
2026/08/03 11:42:32.111, 7, P0, 37, 243.13 W, 1965 MHz, 3996 MHz, 0 %, 0 MiB
2026/08/03 11:42:33.112, 0, P0, 36, 261.55 W, 1965 MHz, 3996 MHz, 92 %, 161509 MiB
2026/08/03 11:42:33.112, 1, P0, 34, 252.74 W, 1965 MHz, 3996 MHz, 7 %, 161509 MiB
2026/08/03 11:42:33.112, 2, P0, 36, 236.02 W, 1965 MHz, 3996 MHz, 0 %, 0 MiB
2026/08/03 11:42:33.112, 3, P0, 32, 238.47 W, 1965 MHz, 3996 MHz, 0 %, 0 MiB
2026/08/03 11:42:33.112, 4, P0, 33, 235.50 W, 1965 MHz, 3996 MHz, 0 %, 0 MiB
2026/08/03 11:42:33.112, 5, P0, 36, 244.27 W, 1965 MHz, 3996 MHz, 0 %, 0 MiB
2026/08/03 11:42:33.112, 6, P0, 33, 242.24 W, 1965 MHz, 3996 MHz, 0 %, 0 MiB
2026/08/03 11:42:33.112, 7, P0, 37, 243.21 W, 1965 MHz, 3996 MHz, 0 %, 0 MiB
2026/08/03 11:42:34.112, 0, P0, 36, 260.45 W, 1965 MHz, 3996 MHz, 91 %, 161509 MiB
2026/08/03 11:42:34.112, 1, P0, 34, 253.11 W, 1965 MHz, 3996 MHz, 7 %, 161509 MiB
2026/08/03 11:42:34.112, 2, P0, 36, 236.05 W, 1965 MHz, 3996 MHz, 0 %, 0 MiB
2026/08/03 11:42:34.112, 3, P0, 32, 238.47 W, 1965 MHz, 3996 MHz, 0 %, 0 MiB
2026/08/03 11:42:34.112, 4, P0, 33, 235.45 W, 1965 MHz, 3996 MHz, 0 %, 0 MiB
2026/08/03 11:42:34.112, 5, P0, 36, 244.32 W, 1965 MHz, 3996 MHz, 0 %, 0 MiB
2026/08/03 11:42:34.112, 6, P0, 33, 242.24 W, 1965 MHz, 3996 MHz, 0 %, 0 MiB
2026/08/03 11:42:34.112, 7, P0, 37, 243.17 W, 1965 MHz, 3996 MHz, 0 %, 0 MiB
2026/08/03 11:42:35.112, 0, P0, 36, 260.09 W, 1965 MHz, 3996 MHz, 86 %, 161509 MiB
2026/08/03 11:42:35.112, 1, P0, 34, 253.08 W, 1965 MHz, 3996 MHz, 6 %, 161509 MiB
2026/08/03 11:42:35.112, 2, P0, 36, 236.10 W, 1965 MHz, 3996 MHz, 0 %, 0 MiB
2026/08/03 11:42:35.112, 3, P0, 32, 238.51 W, 1965 MHz, 3996 MHz, 0 %, 0 MiB
2026/08/03 11:42:35.112, 4, P0, 33, 235.50 W, 1965 MHz, 3996 MHz, 0 %, 0 MiB
2026/08/03 11:42:35.112, 5, P0, 36, 244.22 W, 1965 MHz, 3996 MHz, 0 %, 0 MiB
2026/08/03 11:42:35.112, 6, P0, 33, 242.21 W, 1965 MHz, 3996 MHz, 0 %, 0 MiB
2026/08/03 11:42:35.112, 7, P0, 37, 243.13 W, 1965 MHz, 3996 MHz, 0 %, 0 MiB
2026/08/03 11:42:36.112, 0, P0, 36, 260.46 W, 1965 MHz, 3996 MHz, 84 %, 161509 MiB
2026/08/03 11:42:36.113, 1, P0, 34, 253.12 W, 1965 MHz, 3996 MHz, 7 %, 161509 MiB
2026/08/03 11:42:36.113, 2, P0, 36, 236.01 W, 1965 MHz, 3996 MHz, 0 %, 0 MiB
2026/08/03 11:42:36.113, 3, P0, 32, 238.54 W, 1965 MHz, 3996 MHz, 0 %, 0 MiB
2026/08/03 11:42:36.113, 4, P0, 33, 235.49 W, 1965 MHz, 3996 MHz, 0 %, 0 MiB
2026/08/03 11:42:36.113, 5, P0, 36, 244.32 W, 1965 MHz, 3996 MHz, 0 %, 0 MiB
2026/08/03 11:42:36.113, 6, P0, 33, 242.19 W, 1965 MHz, 3996 MHz, 0 %, 0 MiB
2026/08/03 11:42:36.113, 7, P0, 37, 243.13 W, 1965 MHz, 3996 MHz, 0 %, 0 MiB
2026/08/03 11:42:37.113, 0, P0, 36, 260.69 W, 1965 MHz, 3996 MHz, 80 %, 161509 MiB
2026/08/03 11:42:37.113, 1, P0, 34, 252.77 W, 1965 MHz, 3996 MHz, 7 %, 161509 MiB
2026/08/03 11:42:37.113, 2, P0, 36, 235.98 W, 1965 MHz, 3996 MHz, 0 %, 0 MiB
2026/08/03 11:42:37.113, 3, P0, 32, 238.49 W, 1965 MHz, 3996 MHz, 0 %, 0 MiB
2026/08/03 11:42:37.113, 4, P0, 33, 235.48 W, 1965 MHz, 3996 MHz, 0 %, 0 MiB
2026/08/03 11:42:37.113, 5, P0, 36, 244.31 W, 1965 MHz, 3996 MHz, 0 %, 0 MiB
2026/08/03 11:42:37.113, 6, P0, 33, 242.20 W, 1965 MHz, 3996 MHz, 0 %, 0 MiB
2026/08/03 11:42:37.113, 7, P0, 37, 243.09 W, 1965 MHz, 3996 MHz, 0 %, 0 MiB
2026/08/03 11:42:38.113, 0, P0, 36, 259.70 W, 1965 MHz, 3996 MHz, 83 %, 161509 MiB
2026/08/03 11:42:38.113, 1, P0, 34, 252.21 W, 1965 MHz, 3996 MHz, 7 %, 161509 MiB
2026/08/03 11:42:38.113, 2, P0, 36, 236.03 W, 1965 MHz, 3996 MHz, 0 %, 0 MiB
2026/08/03 11:42:38.113, 3, P0, 32, 238.50 W, 1965 MHz, 3996 MHz, 0 %, 0 MiB
2026/08/03 11:42:38.113, 4, P0, 33, 235.48 W, 1965 MHz, 3996 MHz, 0 %, 0 MiB
2026/08/03 11:42:38.113, 5, P0, 36, 244.33 W, 1965 MHz, 3996 MHz, 0 %, 0 MiB
2026/08/03 11:42:38.113, 6, P0, 33, 242.35 W, 1965 MHz, 3996 MHz, 0 %, 0 MiB
2026/08/03 11:42:38.113, 7, P0, 37, 243.18 W, 1965 MHz, 3996 MHz, 0 %, 0 MiB
2026/08/03 11:42:39.113, 0, P0, 36, 259.87 W, 1965 MHz, 3996 MHz, 80 %, 161509 MiB
2026/08/03 11:42:39.113, 1, P0, 33, 252.88 W, 1965 MHz, 3996 MHz, 7 %, 161509 MiB
2026/08/03 11:42:39.113, 2, P0, 36, 236.05 W, 1965 MHz, 3996 MHz, 0 %, 0 MiB
2026/08/03 11:42:39.113, 3, P0, 32, 238.47 W, 1965 MHz, 3996 MHz, 0 %, 0 MiB
2026/08/03 11:42:39.113, 4, P0, 33, 235.55 W, 1965 MHz, 3996 MHz, 0 %, 0 MiB
2026/08/03 11:42:39.113, 5, P0, 36, 244.31 W, 1965 MHz, 3996 MHz, 0 %, 0 MiB
2026/08/03 11:42:39.113, 6, P0, 33, 242.32 W, 1965 MHz, 3996 MHz, 0 %, 0 MiB
2026/08/03 11:42:39.113, 7, P0, 37, 243.10 W, 1965 MHz, 3996 MHz, 0 %, 0 MiB
2026/08/03 11:42:40.114, 0, P0, 36, 259.71 W, 1965 MHz, 3996 MHz, 81 %, 161509 MiB
2026/08/03 11:42:40.114, 1, P0, 33, 252.99 W, 1965 MHz, 3996 MHz, 7 %, 161509 MiB
2026/08/03 11:42:40.114, 2, P0, 36, 236.02 W, 1965 MHz, 3996 MHz, 0 %, 0 MiB
2026/08/03 11:42:40.114, 3, P0, 32, 238.50 W, 1965 MHz, 3996 MHz, 0 %, 0 MiB
2026/08/03 11:42:40.114, 4, P0, 33, 235.50 W, 1965 MHz, 3996 MHz, 0 %, 0 MiB
2026/08/03 11:42:40.114, 5, P0, 36, 244.28 W, 1965 MHz, 3996 MHz, 0 %, 0 MiB
2026/08/03 11:42:40.114, 6, P0, 33, 242.25 W, 1965 MHz, 3996 MHz, 0 %, 0 MiB
2026/08/03 11:42:40.114, 7, P0, 37, 243.15 W, 1965 MHz, 3996 MHz, 0 %, 0 MiB
2026/08/03 11:42:41.114, 0, P0, 36, 260.86 W, 1965 MHz, 3996 MHz, 84 %, 161509 MiB
2026/08/03 11:42:41.114, 1, P0, 33, 252.86 W, 1965 MHz, 3996 MHz, 7 %, 161509 MiB
2026/08/03 11:42:41.114, 2, P0, 36, 235.98 W, 1965 MHz, 3996 MHz, 0 %, 0 MiB
2026/08/03 11:42:41.114, 3, P0, 32, 238.49 W, 1965 MHz, 3996 MHz, 0 %, 0 MiB
2026/08/03 11:42:41.114, 4, P0, 33, 235.47 W, 1965 MHz, 3996 MHz, 0 %, 0 MiB
2026/08/03 11:42:41.114, 5, P0, 36, 244.33 W, 1965 MHz, 3996 MHz, 0 %, 0 MiB
2026/08/03 11:42:41.114, 6, P0, 33, 242.33 W, 1965 MHz, 3996 MHz, 0 %, 0 MiB
2026/08/03 11:42:41.114, 7, P0, 37, 243.09 W, 1965 MHz, 3996 MHz, 0 %, 0 MiB
2026/08/03 11:42:42.114, 0, P0, 36, 259.09 W, 1965 MHz, 3996 MHz, 80 %, 161509 MiB
2026/08/03 11:42:42.114, 1, P0, 33, 253.54 W, 1965 MHz, 3996 MHz, 33 %, 161509 MiB
2026/08/03 11:42:42.114, 2, P0, 36, 235.98 W, 1965 MHz, 3996 MHz, 0 %, 0 MiB
2026/08/03 11:42:42.114, 3, P0, 32, 238.49 W, 1965 MHz, 3996 MHz, 0 %, 0 MiB
2026/08/03 11:42:42.114, 4, P0, 33, 235.51 W, 1965 MHz, 3996 MHz, 0 %, 0 MiB
2026/08/03 11:42:42.114, 5, P0, 36, 244.27 W, 1965 MHz, 3996 MHz, 0 %, 0 MiB
2026/08/03 11:42:42.114, 6, P0, 33, 242.30 W, 1965 MHz, 3996 MHz, 0 %, 0 MiB
2026/08/03 11:42:42.114, 7, P0, 37, 243.16 W, 1965 MHz, 3996 MHz, 0 %, 0 MiB
2026/08/03 11:42:43.114, 0, P0, 36, 260.42 W, 1965 MHz, 3996 MHz, 89 %, 161509 MiB
2026/08/03 11:42:43.115, 1, P0, 33, 253.29 W, 1965 MHz, 3996 MHz, 7 %, 161509 MiB
2026/08/03 11:42:43.115, 2, P0, 36, 235.99 W, 1965 MHz, 3996 MHz, 0 %, 0 MiB
2026/08/03 11:42:43.115, 3, P0, 32, 238.51 W, 1965 MHz, 3996 MHz, 0 %, 0 MiB
2026/08/03 11:42:43.115, 4, P0, 33, 235.46 W, 1965 MHz, 3996 MHz, 0 %, 0 MiB
2026/08/03 11:42:43.115, 5, P0, 36, 244.33 W, 1965 MHz, 3996 MHz, 0 %, 0 MiB
2026/08/03 11:42:43.115, 6, P0, 33, 242.28 W, 1965 MHz, 3996 MHz, 0 %, 0 MiB
2026/08/03 11:42:43.115, 7, P0, 37, 243.20 W, 1965 MHz, 3996 MHz, 0 %, 0 MiB
2026/08/03 11:42:44.115, 0, P0, 36, 259.92 W, 1965 MHz, 3996 MHz, 89 %, 161509 MiB
2026/08/03 11:42:44.115, 1, P0, 33, 252.90 W, 1965 MHz, 3996 MHz, 7 %, 161509 MiB
2026/08/03 11:42:44.115, 2, P0, 36, 236.06 W, 1965 MHz, 3996 MHz, 0 %, 0 MiB
2026/08/03 11:42:44.115, 3, P0, 32, 238.54 W, 1965 MHz, 3996 MHz, 0 %, 0 MiB
2026/08/03 11:42:44.115, 4, P0, 33, 235.51 W, 1965 MHz, 3996 MHz, 0 %, 0 MiB
2026/08/03 11:42:44.115, 5, P0, 36, 244.35 W, 1965 MHz, 3996 MHz, 0 %, 0 MiB
2026/08/03 11:42:44.115, 6, P0, 33, 242.34 W, 1965 MHz, 3996 MHz, 0 %, 0 MiB
2026/08/03 11:42:44.115, 7, P0, 37, 243.24 W, 1965 MHz, 3996 MHz, 0 %, 0 MiB
2026/08/03 11:42:45.115, 0, P0, 36, 258.10 W, 1965 MHz, 3996 MHz, 81 %, 161509 MiB
2026/08/03 11:42:45.115, 1, P0, 33, 252.53 W, 1965 MHz, 3996 MHz, 7 %, 161509 MiB
2026/08/03 11:42:45.115, 2, P0, 36, 235.99 W, 1965 MHz, 3996 MHz, 0 %, 0 MiB
2026/08/03 11:42:45.115, 3, P0, 32, 238.56 W, 1965 MHz, 3996 MHz, 0 %, 0 MiB
2026/08/03 11:42:45.115, 4, P0, 33, 235.45 W, 1965 MHz, 3996 MHz, 0 %, 0 MiB
2026/08/03 11:42:45.115, 5, P0, 36, 244.30 W, 1965 MHz, 3996 MHz, 0 %, 0 MiB
2026/08/03 11:42:45.115, 6, P0, 33, 242.31 W, 1965 MHz, 3996 MHz, 0 %, 0 MiB
2026/08/03 11:42:45.115, 7, P0, 37, 243.16 W, 1965 MHz, 3996 MHz, 0 %, 0 MiB
2026/08/03 11:42:46.115, 0, P0, 36, 260.61 W, 1965 MHz, 3996 MHz, 79 %, 161509 MiB
2026/08/03 11:42:46.115, 1, P0, 33, 252.44 W, 1965 MHz, 3996 MHz, 7 %, 161509 MiB
2026/08/03 11:42:46.115, 2, P0, 36, 236.05 W, 1965 MHz, 3996 MHz, 0 %, 0 MiB
2026/08/03 11:42:46.115, 3, P0, 32, 238.55 W, 1965 MHz, 3996 MHz, 0 %, 0 MiB
2026/08/03 11:42:46.115, 4, P0, 33, 235.51 W, 1965 MHz, 3996 MHz, 0 %, 0 MiB
2026/08/03 11:42:46.115, 5, P0, 36, 244.30 W, 1965 MHz, 3996 MHz, 0 %, 0 MiB
2026/08/03 11:42:46.115, 6, P0, 33, 242.30 W, 1965 MHz, 3996 MHz, 0 %, 0 MiB
2026/08/03 11:42:46.115, 7, P0, 37, 243.19 W, 1965 MHz, 3996 MHz, 0 %, 0 MiB
2026/08/03 11:42:47.116, 0, P0, 36, 259.35 W, 1965 MHz, 3996 MHz, 78 %, 161509 MiB
2026/08/03 11:42:47.116, 1, P0, 33, 253.13 W, 1965 MHz, 3996 MHz, 7 %, 161509 MiB
2026/08/03 11:42:47.116, 2, P0, 36, 236.09 W, 1965 MHz, 3996 MHz, 0 %, 0 MiB
2026/08/03 11:42:47.116, 3, P0, 32, 238.57 W, 1965 MHz, 3996 MHz, 0 %, 0 MiB
2026/08/03 11:42:47.116, 4, P0, 33, 235.46 W, 1965 MHz, 3996 MHz, 0 %, 0 MiB
2026/08/03 11:42:47.116, 5, P0, 36, 244.32 W, 1965 MHz, 3996 MHz, 0 %, 0 MiB
2026/08/03 11:42:47.116, 6, P0, 33, 242.33 W, 1965 MHz, 3996 MHz, 0 %, 0 MiB
2026/08/03 11:42:47.116, 7, P0, 37, 243.24 W, 1965 MHz, 3996 MHz, 0 %, 0 MiB
2026/08/03 11:42:48.116, 0, P0, 36, 260.36 W, 1965 MHz, 3996 MHz, 79 %, 161509 MiB
2026/08/03 11:42:48.116, 1, P0, 33, 252.03 W, 1965 MHz, 3996 MHz, 7 %, 161509 MiB
2026/08/03 11:42:48.116, 2, P0, 36, 236.02 W, 1965 MHz, 3996 MHz, 0 %, 0 MiB
2026/08/03 11:42:48.116, 3, P0, 32, 238.54 W, 1965 MHz, 3996 MHz, 0 %, 0 MiB
2026/08/03 11:42:48.116, 4, P0, 33, 235.54 W, 1965 MHz, 3996 MHz, 0 %, 0 MiB
2026/08/03 11:42:48.116, 5, P0, 36, 244.29 W, 1965 MHz, 3996 MHz, 0 %, 0 MiB
2026/08/03 11:42:48.116, 6, P0, 33, 242.40 W, 1965 MHz, 3996 MHz, 0 %, 0 MiB
2026/08/03 11:42:48.116, 7, P0, 37, 243.21 W, 1965 MHz, 3996 MHz, 0 %, 0 MiB
2026/08/03 11:42:49.116, 0, P0, 36, 260.86 W, 1965 MHz, 3996 MHz, 65 %, 161509 MiB
2026/08/03 11:42:49.116, 1, P0, 33, 253.76 W, 1965 MHz, 3996 MHz, 7 %, 161509 MiB
2026/08/03 11:42:49.116, 2, P0, 36, 235.95 W, 1965 MHz, 3996 MHz, 0 %, 0 MiB
2026/08/03 11:42:49.116, 3, P0, 32, 238.51 W, 1965 MHz, 3996 MHz, 0 %, 0 MiB
2026/08/03 11:42:49.116, 4, P0, 33, 235.51 W, 1965 MHz, 3996 MHz, 0 %, 0 MiB
2026/08/03 11:42:49.116, 5, P0, 36, 244.29 W, 1965 MHz, 3996 MHz, 0 %, 0 MiB
2026/08/03 11:42:49.116, 6, P0, 33, 242.33 W, 1965 MHz, 3996 MHz, 0 %, 0 MiB
2026/08/03 11:42:49.116, 7, P0, 37, 243.25 W, 1965 MHz, 3996 MHz, 0 %, 0 MiB
2026/08/03 11:42:50.116, 0, P0, 36, 258.99 W, 1965 MHz, 3996 MHz, 85 %, 161509 MiB
2026/08/03 11:42:50.116, 1, P0, 33, 252.97 W, 1965 MHz, 3996 MHz, 7 %, 161509 MiB
2026/08/03 11:42:50.116, 2, P0, 36, 235.99 W, 1965 MHz, 3996 MHz, 0 %, 0 MiB
2026/08/03 11:42:50.116, 3, P0, 32, 238.51 W, 1965 MHz, 3996 MHz, 0 %, 0 MiB
2026/08/03 11:42:50.116, 4, P0, 33, 235.49 W, 1965 MHz, 3996 MHz, 0 %, 0 MiB
2026/08/03 11:42:50.117, 5, P0, 36, 244.27 W, 1965 MHz, 3996 MHz, 0 %, 0 MiB
2026/08/03 11:42:50.117, 6, P0, 33, 242.29 W, 1965 MHz, 3996 MHz, 0 %, 0 MiB
2026/08/03 11:42:50.117, 7, P0, 37, 243.15 W, 1965 MHz, 3996 MHz, 0 %, 0 MiB
2026/08/03 11:42:51.117, 0, P0, 36, 259.83 W, 1965 MHz, 3996 MHz, 86 %, 161509 MiB
2026/08/03 11:42:51.117, 1, P0, 33, 253.07 W, 1965 MHz, 3996 MHz, 7 %, 161509 MiB
2026/08/03 11:42:51.117, 2, P0, 36, 236.03 W, 1965 MHz, 3996 MHz, 0 %, 0 MiB
2026/08/03 11:42:51.117, 3, P0, 32, 238.47 W, 1965 MHz, 3996 MHz, 0 %, 0 MiB
2026/08/03 11:42:51.117, 4, P0, 33, 235.42 W, 1965 MHz, 3996 MHz, 0 %, 0 MiB
2026/08/03 11:42:51.117, 5, P0, 36, 244.36 W, 1965 MHz, 3996 MHz, 0 %, 0 MiB
2026/08/03 11:42:51.117, 6, P0, 33, 242.21 W, 1965 MHz, 3996 MHz, 0 %, 0 MiB
2026/08/03 11:42:51.117, 7, P0, 37, 243.20 W, 1965 MHz, 3996 MHz, 0 %, 0 MiB
2026/08/03 11:42:52.117, 0, P0, 36, 258.71 W, 1965 MHz, 3996 MHz, 89 %, 161509 MiB
2026/08/03 11:42:52.117, 1, P0, 33, 252.67 W, 1965 MHz, 3996 MHz, 7 %, 161509 MiB
2026/08/03 11:42:52.117, 2, P0, 36, 236.02 W, 1965 MHz, 3996 MHz, 0 %, 0 MiB
2026/08/03 11:42:52.117, 3, P0, 32, 238.52 W, 1965 MHz, 3996 MHz, 0 %, 0 MiB
2026/08/03 11:42:52.117, 4, P0, 33, 235.48 W, 1965 MHz, 3996 MHz, 0 %, 0 MiB
2026/08/03 11:42:52.117, 5, P0, 36, 244.39 W, 1965 MHz, 3996 MHz, 0 %, 0 MiB
2026/08/03 11:42:52.117, 6, P0, 33, 242.28 W, 1965 MHz, 3996 MHz, 0 %, 0 MiB
2026/08/03 11:42:52.117, 7, P0, 37, 243.14 W, 1965 MHz, 3996 MHz, 0 %, 0 MiB
2026/08/03 11:42:53.117, 0, P0, 36, 261.60 W, 1965 MHz, 3996 MHz, 91 %, 161509 MiB
2026/08/03 11:42:53.117, 1, P0, 33, 252.65 W, 1965 MHz, 3996 MHz, 7 %, 161509 MiB
2026/08/03 11:42:53.117, 2, P0, 36, 236.03 W, 1965 MHz, 3996 MHz, 0 %, 0 MiB
2026/08/03 11:42:53.117, 3, P0, 32, 238.51 W, 1965 MHz, 3996 MHz, 0 %, 0 MiB
2026/08/03 11:42:53.117, 4, P0, 33, 235.53 W, 1965 MHz, 3996 MHz, 0 %, 0 MiB
2026/08/03 11:42:53.117, 5, P0, 36, 244.30 W, 1965 MHz, 3996 MHz, 0 %, 0 MiB
2026/08/03 11:42:53.117, 6, P0, 33, 242.24 W, 1965 MHz, 3996 MHz, 0 %, 0 MiB
2026/08/03 11:42:53.117, 7, P0, 37, 243.13 W, 1965 MHz, 3996 MHz, 0 %, 0 MiB
2026/08/03 11:42:54.117, 0, P0, 36, 259.98 W, 1965 MHz, 3996 MHz, 92 %, 161509 MiB
2026/08/03 11:42:54.118, 1, P0, 33, 253.14 W, 1965 MHz, 3996 MHz, 7 %, 161509 MiB
2026/08/03 11:42:54.118, 2, P0, 36, 236.02 W, 1965 MHz, 3996 MHz, 0 %, 0 MiB
2026/08/03 11:42:54.118, 3, P0, 32, 238.49 W, 1965 MHz, 3996 MHz, 0 %, 0 MiB
2026/08/03 11:42:54.118, 4, P0, 33, 235.50 W, 1965 MHz, 3996 MHz, 0 %, 0 MiB
2026/08/03 11:42:54.118, 5, P0, 36, 244.41 W, 1965 MHz, 3996 MHz, 0 %, 0 MiB
2026/08/03 11:42:54.118, 6, P0, 33, 242.22 W, 1965 MHz, 3996 MHz, 0 %, 0 MiB
2026/08/03 11:42:54.118, 7, P0, 37, 243.18 W, 1965 MHz, 3996 MHz, 0 %, 0 MiB
2026/08/03 11:42:55.118, 0, P0, 36, 261.16 W, 1965 MHz, 3996 MHz, 90 %, 161509 MiB
2026/08/03 11:42:55.118, 1, P0, 33, 251.95 W, 1965 MHz, 3996 MHz, 7 %, 161509 MiB
2026/08/03 11:42:55.118, 2, P0, 36, 235.99 W, 1965 MHz, 3996 MHz, 0 %, 0 MiB
2026/08/03 11:42:55.118, 3, P0, 32, 238.53 W, 1965 MHz, 3996 MHz, 0 %, 0 MiB
2026/08/03 11:42:55.118, 4, P0, 33, 235.49 W, 1965 MHz, 3996 MHz, 0 %, 0 MiB
2026/08/03 11:42:55.118, 5, P0, 36, 244.40 W, 1965 MHz, 3996 MHz, 0 %, 0 MiB
2026/08/03 11:42:55.118, 6, P0, 33, 242.28 W, 1965 MHz, 3996 MHz, 0 %, 0 MiB
2026/08/03 11:42:55.118, 7, P0, 37, 243.24 W, 1965 MHz, 3996 MHz, 0 %, 0 MiB
2026/08/03 11:42:56.118, 0, P0, 36, 260.81 W, 1965 MHz, 3996 MHz, 88 %, 161509 MiB
2026/08/03 11:42:56.118, 1, P0, 33, 253.69 W, 1965 MHz, 3996 MHz, 7 %, 161509 MiB
2026/08/03 11:42:56.118, 2, P0, 36, 236.05 W, 1965 MHz, 3996 MHz, 0 %, 0 MiB
2026/08/03 11:42:56.118, 3, P0, 32, 238.53 W, 1965 MHz, 3996 MHz, 0 %, 0 MiB
2026/08/03 11:42:56.118, 4, P0, 33, 235.52 W, 1965 MHz, 3996 MHz, 0 %, 0 MiB
2026/08/03 11:42:56.118, 5, P0, 36, 244.35 W, 1965 MHz, 3996 MHz, 0 %, 0 MiB
2026/08/03 11:42:56.118, 6, P0, 33, 242.20 W, 1965 MHz, 3996 MHz, 0 %, 0 MiB
2026/08/03 11:42:56.118, 7, P0, 37, 243.22 W, 1965 MHz, 3996 MHz, 0 %, 0 MiB
2026/08/03 11:42:57.118, 0, P0, 36, 259.36 W, 1965 MHz, 3996 MHz, 70 %, 161509 MiB
2026/08/03 11:42:57.118, 1, P0, 33, 251.22 W, 1965 MHz, 3996 MHz, 7 %, 161509 MiB
2026/08/03 11:42:57.118, 2, P0, 36, 236.03 W, 1965 MHz, 3996 MHz, 0 %, 0 MiB
2026/08/03 11:42:57.118, 3, P0, 32, 238.51 W, 1965 MHz, 3996 MHz, 0 %, 0 MiB
2026/08/03 11:42:57.118, 4, P0, 33, 235.60 W, 1965 MHz, 3996 MHz, 0 %, 0 MiB
2026/08/03 11:42:57.118, 5, P0, 36, 244.45 W, 1965 MHz, 3996 MHz, 0 %, 0 MiB
2026/08/03 11:42:57.119, 6, P0, 33, 242.27 W, 1965 MHz, 3996 MHz, 0 %, 0 MiB
2026/08/03 11:42:57.119, 7, P0, 37, 243.20 W, 1965 MHz, 3996 MHz, 0 %, 0 MiB
2026/08/03 11:42:58.119, 0, P0, 36, 260.07 W, 1965 MHz, 3996 MHz, 75 %, 161509 MiB
2026/08/03 11:42:58.119, 1, P0, 33, 252.35 W, 1965 MHz, 3996 MHz, 7 %, 161509 MiB
2026/08/03 11:42:58.119, 2, P0, 36, 236.12 W, 1965 MHz, 3996 MHz, 0 %, 0 MiB
2026/08/03 11:42:58.119, 3, P0, 32, 238.48 W, 1965 MHz, 3996 MHz, 0 %, 0 MiB
2026/08/03 11:42:58.119, 4, P0, 33, 235.57 W, 1965 MHz, 3996 MHz, 0 %, 0 MiB
2026/08/03 11:42:58.119, 5, P0, 36, 244.37 W, 1965 MHz, 3996 MHz, 0 %, 0 MiB
2026/08/03 11:42:58.119, 6, P0, 33, 242.30 W, 1965 MHz, 3996 MHz, 0 %, 0 MiB
2026/08/03 11:42:58.119, 7, P0, 37, 243.22 W, 1965 MHz, 3996 MHz, 0 %, 0 MiB
2026/08/03 11:42:59.119, 0, P0, 36, 259.06 W, 1965 MHz, 3996 MHz, 82 %, 161509 MiB
2026/08/03 11:42:59.119, 1, P0, 33, 252.46 W, 1965 MHz, 3996 MHz, 7 %, 161509 MiB
2026/08/03 11:42:59.119, 2, P0, 36, 236.01 W, 1965 MHz, 3996 MHz, 0 %, 0 MiB
2026/08/03 11:42:59.119, 3, P0, 32, 238.50 W, 1965 MHz, 3996 MHz, 0 %, 0 MiB
2026/08/03 11:42:59.119, 4, P0, 33, 235.55 W, 1965 MHz, 3996 MHz, 0 %, 0 MiB
2026/08/03 11:42:59.119, 5, P0, 36, 244.40 W, 1965 MHz, 3996 MHz, 0 %, 0 MiB
2026/08/03 11:42:59.119, 6, P0, 33, 242.27 W, 1965 MHz, 3996 MHz, 0 %, 0 MiB
2026/08/03 11:42:59.119, 7, P0, 37, 243.16 W, 1965 MHz, 3996 MHz, 0 %, 0 MiB
2026/08/03 11:43:00.119, 0, P0, 36, 267.49 W, 1965 MHz, 3996 MHz, 76 %, 161509 MiB
2026/08/03 11:43:00.119, 1, P0, 34, 255.99 W, 1965 MHz, 3996 MHz, 7 %, 161509 MiB
2026/08/03 11:43:00.119, 2, P0, 36, 235.99 W, 1965 MHz, 3996 MHz, 0 %, 0 MiB
2026/08/03 11:43:00.119, 3, P0, 32, 238.54 W, 1965 MHz, 3996 MHz, 0 %, 0 MiB
2026/08/03 11:43:00.119, 4, P0, 33, 235.53 W, 1965 MHz, 3996 MHz, 0 %, 0 MiB
2026/08/03 11:43:00.119, 5, P0, 36, 244.34 W, 1965 MHz, 3996 MHz, 0 %, 0 MiB
2026/08/03 11:43:00.119, 6, P0, 33, 242.23 W, 1965 MHz, 3996 MHz, 0 %, 0 MiB
2026/08/03 11:43:00.119, 7, P0, 37, 243.21 W, 1965 MHz, 3996 MHz, 0 %, 0 MiB
2026/08/03 11:43:01.119, 0, P0, 36, 294.34 W, 1965 MHz, 3996 MHz, 92 %, 161509 MiB
2026/08/03 11:43:01.119, 1, P0, 33, 260.87 W, 1965 MHz, 3996 MHz, 8 %, 161509 MiB
2026/08/03 11:43:01.119, 2, P0, 36, 235.94 W, 1965 MHz, 3996 MHz, 0 %, 0 MiB
2026/08/03 11:43:01.119, 3, P0, 32, 238.49 W, 1965 MHz, 3996 MHz, 0 %, 0 MiB
2026/08/03 11:43:01.120, 4, P0, 33, 235.54 W, 1965 MHz, 3996 MHz, 0 %, 0 MiB
2026/08/03 11:43:01.120, 5, P0, 36, 244.28 W, 1965 MHz, 3996 MHz, 0 %, 0 MiB
2026/08/03 11:43:01.120, 6, P0, 33, 242.27 W, 1965 MHz, 3996 MHz, 0 %, 0 MiB
2026/08/03 11:43:01.120, 7, P0, 37, 243.15 W, 1965 MHz, 3996 MHz, 0 %, 0 MiB
2026/08/03 11:43:02.120, 0, P0, 36, 270.73 W, 1965 MHz, 3996 MHz, 96 %, 161509 MiB
2026/08/03 11:43:02.120, 1, P0, 33, 258.07 W, 1965 MHz, 3996 MHz, 8 %, 161509 MiB
2026/08/03 11:43:02.120, 2, P0, 36, 236.09 W, 1965 MHz, 3996 MHz, 0 %, 0 MiB
2026/08/03 11:43:02.120, 3, P0, 32, 238.50 W, 1965 MHz, 3996 MHz, 0 %, 0 MiB
2026/08/03 11:43:02.120, 4, P0, 33, 235.55 W, 1965 MHz, 3996 MHz, 0 %, 0 MiB
2026/08/03 11:43:02.120, 5, P0, 36, 244.37 W, 1965 MHz, 3996 MHz, 0 %, 0 MiB
2026/08/03 11:43:02.120, 6, P0, 33, 242.25 W, 1965 MHz, 3996 MHz, 0 %, 0 MiB
2026/08/03 11:43:02.120, 7, P0, 37, 243.23 W, 1965 MHz, 3996 MHz, 0 %, 0 MiB
2026/08/03 11:43:03.120, 0, P0, 37, 297.25 W, 1965 MHz, 3996 MHz, 96 %, 161509 MiB
2026/08/03 11:43:03.120, 1, P0, 34, 262.69 W, 1965 MHz, 3996 MHz, 8 %, 161509 MiB
2026/08/03 11:43:03.120, 2, P0, 36, 236.04 W, 1965 MHz, 3996 MHz, 0 %, 0 MiB
2026/08/03 11:43:03.120, 3, P0, 32, 238.52 W, 1965 MHz, 3996 MHz, 0 %, 0 MiB
2026/08/03 11:43:03.120, 4, P0, 33, 235.55 W, 1965 MHz, 3996 MHz, 0 %, 0 MiB
2026/08/03 11:43:03.120, 5, P0, 36, 244.32 W, 1965 MHz, 3996 MHz, 0 %, 0 MiB
2026/08/03 11:43:03.120, 6, P0, 33, 242.26 W, 1965 MHz, 3996 MHz, 0 %, 0 MiB
2026/08/03 11:43:03.120, 7, P0, 37, 243.17 W, 1965 MHz, 3996 MHz, 0 %, 0 MiB
2026/08/03 11:43:04.120, 0, P0, 36, 272.97 W, 1965 MHz, 3996 MHz, 93 %, 161509 MiB
2026/08/03 11:43:04.120, 1, P0, 34, 259.54 W, 1965 MHz, 3996 MHz, 8 %, 161509 MiB
2026/08/03 11:43:04.120, 2, P0, 36, 236.02 W, 1965 MHz, 3996 MHz, 0 %, 0 MiB
2026/08/03 11:43:04.120, 3, P0, 32, 238.54 W, 1965 MHz, 3996 MHz, 0 %, 0 MiB
2026/08/03 11:43:04.120, 4, P0, 33, 235.55 W, 1965 MHz, 3996 MHz, 0 %, 0 MiB
2026/08/03 11:43:04.120, 5, P0, 36, 244.36 W, 1965 MHz, 3996 MHz, 0 %, 0 MiB
2026/08/03 11:43:04.120, 6, P0, 33, 242.32 W, 1965 MHz, 3996 MHz, 0 %, 0 MiB
2026/08/03 11:43:04.120, 7, P0, 37, 243.21 W, 1965 MHz, 3996 MHz, 0 %, 0 MiB
2026/08/03 11:43:05.120, 0, P0, 37, 297.04 W, 1965 MHz, 3996 MHz, 96 %, 161509 MiB
2026/08/03 11:43:05.121, 1, P0, 34, 261.56 W, 1965 MHz, 3996 MHz, 8 %, 161509 MiB
2026/08/03 11:43:05.121, 2, P0, 36, 236.02 W, 1965 MHz, 3996 MHz, 0 %, 0 MiB
2026/08/03 11:43:05.121, 3, P0, 32, 238.56 W, 1965 MHz, 3996 MHz, 0 %, 0 MiB
2026/08/03 11:43:05.121, 4, P0, 33, 235.53 W, 1965 MHz, 3996 MHz, 0 %, 0 MiB
2026/08/03 11:43:05.121, 5, P0, 36, 244.35 W, 1965 MHz, 3996 MHz, 0 %, 0 MiB
2026/08/03 11:43:05.121, 6, P0, 33, 242.34 W, 1965 MHz, 3996 MHz, 0 %, 0 MiB
2026/08/03 11:43:05.121, 7, P0, 37, 243.23 W, 1965 MHz, 3996 MHz, 0 %, 0 MiB
2026/08/03 11:43:06.121, 0, P0, 36, 260.72 W, 1965 MHz, 3996 MHz, 100 %, 161509 MiB
2026/08/03 11:43:06.121, 1, P0, 33, 246.05 W, 1965 MHz, 3996 MHz, 0 %, 161509 MiB
2026/08/03 11:43:06.121, 2, P0, 36, 236.01 W, 1965 MHz, 3996 MHz, 0 %, 0 MiB
2026/08/03 11:43:06.121, 3, P0, 32, 238.50 W, 1965 MHz, 3996 MHz, 0 %, 0 MiB
2026/08/03 11:43:06.121, 4, P0, 33, 235.57 W, 1965 MHz, 3996 MHz, 0 %, 0 MiB
2026/08/03 11:43:06.121, 5, P0, 36, 244.31 W, 1965 MHz, 3996 MHz, 0 %, 0 MiB
2026/08/03 11:43:06.121, 6, P0, 33, 242.32 W, 1965 MHz, 3996 MHz, 0 %, 0 MiB
2026/08/03 11:43:06.121, 7, P0, 37, 243.22 W, 1965 MHz, 3996 MHz, 0 %, 0 MiB
2026/08/03 11:43:07.121, 0, P0, 36, 254.57 W, 1965 MHz, 3996 MHz, 100 %, 161509 MiB
2026/08/03 11:43:07.121, 1, P0, 33, 240.59 W, 1965 MHz, 3996 MHz, 0 %, 161509 MiB
2026/08/03 11:43:07.121, 2, P0, 36, 235.99 W, 1965 MHz, 3996 MHz, 0 %, 0 MiB
2026/08/03 11:43:07.121, 3, P0, 32, 238.51 W, 1965 MHz, 3996 MHz, 0 %, 0 MiB
2026/08/03 11:43:07.121, 4, P0, 33, 235.54 W, 1965 MHz, 3996 MHz, 0 %, 0 MiB
2026/08/03 11:43:07.121, 5, P0, 36, 244.28 W, 1965 MHz, 3996 MHz, 0 %, 0 MiB
2026/08/03 11:43:07.121, 6, P0, 33, 242.27 W, 1965 MHz, 3996 MHz, 0 %, 0 MiB
2026/08/03 11:43:07.121, 7, P0, 37, 243.16 W, 1965 MHz, 3996 MHz, 0 %, 0 MiB
2026/08/03 11:43:08.121, 0, P0, 36, 263.47 W, 1965 MHz, 3996 MHz, 96 %, 161509 MiB
2026/08/03 11:43:08.121, 1, P0, 33, 249.51 W, 1965 MHz, 3996 MHz, 8 %, 161509 MiB
2026/08/03 11:43:08.122, 2, P0, 36, 235.99 W, 1965 MHz, 3996 MHz, 0 %, 0 MiB
2026/08/03 11:43:08.122, 3, P0, 32, 238.51 W, 1965 MHz, 3996 MHz, 0 %, 0 MiB
2026/08/03 11:43:08.122, 4, P0, 33, 235.46 W, 1965 MHz, 3996 MHz, 0 %, 0 MiB
2026/08/03 11:43:08.122, 5, P0, 36, 244.39 W, 1965 MHz, 3996 MHz, 0 %, 0 MiB
2026/08/03 11:43:08.122, 6, P0, 33, 242.36 W, 1965 MHz, 3996 MHz, 0 %, 0 MiB
2026/08/03 11:43:08.122, 7, P0, 37, 243.23 W, 1965 MHz, 3996 MHz, 0 %, 0 MiB
2026/08/03 11:43:09.122, 0, P0, 36, 292.74 W, 1965 MHz, 3996 MHz, 0 %, 161509 MiB
2026/08/03 11:43:09.122, 1, P0, 33, 261.70 W, 1965 MHz, 3996 MHz, 100 %, 161509 MiB
2026/08/03 11:43:09.122, 2, P0, 36, 236.05 W, 1965 MHz, 3996 MHz, 0 %, 0 MiB
2026/08/03 11:43:09.122, 3, P0, 32, 238.48 W, 1965 MHz, 3996 MHz, 0 %, 0 MiB
2026/08/03 11:43:09.122, 4, P0, 33, 235.50 W, 1965 MHz, 3996 MHz, 0 %, 0 MiB
2026/08/03 11:43:09.122, 5, P0, 36, 244.31 W, 1965 MHz, 3996 MHz, 0 %, 0 MiB
2026/08/03 11:43:09.122, 6, P0, 33, 242.18 W, 1965 MHz, 3996 MHz, 0 %, 0 MiB
2026/08/03 11:43:09.122, 7, P0, 37, 243.11 W, 1965 MHz, 3996 MHz, 0 %, 0 MiB
2026/08/03 11:43:10.122, 0, P0, 36, 243.68 W, 1965 MHz, 3996 MHz, 0 %, 161509 MiB
2026/08/03 11:43:10.122, 1, P0, 33, 251.89 W, 1965 MHz, 3996 MHz, 100 %, 161509 MiB
2026/08/03 11:43:10.122, 2, P0, 36, 236.02 W, 1965 MHz, 3996 MHz, 0 %, 0 MiB
2026/08/03 11:43:10.122, 3, P0, 32, 238.50 W, 1965 MHz, 3996 MHz, 0 %, 0 MiB
2026/08/03 11:43:10.122, 4, P0, 33, 235.46 W, 1965 MHz, 3996 MHz, 0 %, 0 MiB
2026/08/03 11:43:10.122, 5, P0, 36, 244.34 W, 1965 MHz, 3996 MHz, 0 %, 0 MiB
2026/08/03 11:43:10.122, 6, P0, 33, 242.22 W, 1965 MHz, 3996 MHz, 0 %, 0 MiB
2026/08/03 11:43:10.122, 7, P0, 37, 243.17 W, 1965 MHz, 3996 MHz, 0 %, 0 MiB
2026/08/03 11:43:11.122, 0, P0, 36, 251.15 W, 1965 MHz, 3996 MHz, 96 %, 161509 MiB
2026/08/03 11:43:11.122, 1, P0, 33, 253.81 W, 1965 MHz, 3996 MHz, 7 %, 161509 MiB
2026/08/03 11:43:11.123, 2, P0, 36, 236.03 W, 1965 MHz, 3996 MHz, 0 %, 0 MiB
2026/08/03 11:43:11.123, 3, P0, 32, 238.55 W, 1965 MHz, 3996 MHz, 0 %, 0 MiB
2026/08/03 11:43:11.123, 4, P0, 33, 235.54 W, 1965 MHz, 3996 MHz, 0 %, 0 MiB
2026/08/03 11:43:11.123, 5, P0, 36, 244.32 W, 1965 MHz, 3996 MHz, 0 %, 0 MiB
2026/08/03 11:43:11.123, 6, P0, 33, 242.15 W, 1965 MHz, 3996 MHz, 0 %, 0 MiB
2026/08/03 11:43:11.123, 7, P0, 37, 243.18 W, 1965 MHz, 3996 MHz, 0 %, 0 MiB
2026/08/03 11:43:12.123, 0, P0, 36, 270.97 W, 1965 MHz, 3996 MHz, 92 %, 161509 MiB
2026/08/03 11:43:12.123, 1, P0, 33, 257.45 W, 1965 MHz, 3996 MHz, 8 %, 161509 MiB
2026/08/03 11:43:12.123, 2, P0, 36, 236.01 W, 1965 MHz, 3996 MHz, 0 %, 0 MiB
2026/08/03 11:43:12.123, 3, P0, 32, 238.52 W, 1965 MHz, 3996 MHz, 0 %, 0 MiB
2026/08/03 11:43:12.123, 4, P0, 33, 235.51 W, 1965 MHz, 3996 MHz, 0 %, 0 MiB
2026/08/03 11:43:12.123, 5, P0, 36, 244.38 W, 1965 MHz, 3996 MHz, 0 %, 0 MiB
2026/08/03 11:43:12.123, 6, P0, 33, 242.31 W, 1965 MHz, 3996 MHz, 0 %, 0 MiB
2026/08/03 11:43:12.123, 7, P0, 37, 243.16 W, 1965 MHz, 3996 MHz, 0 %, 0 MiB
2026/08/03 11:43:13.123, 0, P0, 36, 270.87 W, 1965 MHz, 3996 MHz, 91 %, 161509 MiB
2026/08/03 11:43:13.123, 1, P0, 33, 256.77 W, 1965 MHz, 3996 MHz, 8 %, 161509 MiB
2026/08/03 11:43:13.123, 2, P0, 36, 236.01 W, 1965 MHz, 3996 MHz, 0 %, 0 MiB
2026/08/03 11:43:13.123, 3, P0, 32, 238.49 W, 1965 MHz, 3996 MHz, 0 %, 0 MiB
2026/08/03 11:43:13.123, 4, P0, 33, 235.50 W, 1965 MHz, 3996 MHz, 0 %, 0 MiB
2026/08/03 11:43:13.123, 5, P0, 36, 244.31 W, 1965 MHz, 3996 MHz, 0 %, 0 MiB
2026/08/03 11:43:13.123, 6, P0, 33, 242.28 W, 1965 MHz, 3996 MHz, 0 %, 0 MiB
2026/08/03 11:43:13.123, 7, P0, 37, 243.25 W, 1965 MHz, 3996 MHz, 0 %, 0 MiB
2026/08/03 11:43:14.123, 0, P0, 36, 269.89 W, 1965 MHz, 3996 MHz, 86 %, 161509 MiB
2026/08/03 11:43:14.123, 1, P0, 34, 257.74 W, 1965 MHz, 3996 MHz, 8 %, 161509 MiB
2026/08/03 11:43:14.123, 2, P0, 36, 236.05 W, 1965 MHz, 3996 MHz, 0 %, 0 MiB
2026/08/03 11:43:14.123, 3, P0, 32, 238.52 W, 1965 MHz, 3996 MHz, 0 %, 0 MiB
2026/08/03 11:43:14.123, 4, P0, 33, 235.52 W, 1965 MHz, 3996 MHz, 0 %, 0 MiB
2026/08/03 11:43:14.124, 5, P0, 36, 244.44 W, 1965 MHz, 3996 MHz, 0 %, 0 MiB
2026/08/03 11:43:14.124, 6, P0, 33, 242.35 W, 1965 MHz, 3996 MHz, 0 %, 0 MiB
2026/08/03 11:43:14.124, 7, P0, 37, 243.24 W, 1965 MHz, 3996 MHz, 0 %, 0 MiB
2026/08/03 11:43:15.124, 0, P0, 36, 272.17 W, 1965 MHz, 3996 MHz, 93 %, 161509 MiB
2026/08/03 11:43:15.124, 1, P0, 33, 256.52 W, 1965 MHz, 3996 MHz, 7 %, 161509 MiB
2026/08/03 11:43:15.124, 2, P0, 36, 236.05 W, 1965 MHz, 3996 MHz, 0 %, 0 MiB
2026/08/03 11:43:15.124, 3, P0, 32, 238.51 W, 1965 MHz, 3996 MHz, 0 %, 0 MiB
2026/08/03 11:43:15.124, 4, P0, 33, 235.59 W, 1965 MHz, 3996 MHz, 0 %, 0 MiB
2026/08/03 11:43:15.124, 5, P0, 36, 244.43 W, 1965 MHz, 3996 MHz, 0 %, 0 MiB
2026/08/03 11:43:15.124, 6, P0, 33, 242.31 W, 1965 MHz, 3996 MHz, 0 %, 0 MiB
2026/08/03 11:43:15.124, 7, P0, 37, 243.20 W, 1965 MHz, 3996 MHz, 0 %, 0 MiB
2026/08/03 11:43:16.124, 0, P0, 36, 268.98 W, 1965 MHz, 3996 MHz, 96 %, 161509 MiB
2026/08/03 11:43:16.124, 1, P0, 33, 255.66 W, 1965 MHz, 3996 MHz, 7 %, 161509 MiB
2026/08/03 11:43:16.124, 2, P0, 36, 235.97 W, 1965 MHz, 3996 MHz, 0 %, 0 MiB
2026/08/03 11:43:16.124, 3, P0, 32, 238.47 W, 1965 MHz, 3996 MHz, 0 %, 0 MiB
2026/08/03 11:43:16.124, 4, P0, 33, 235.55 W, 1965 MHz, 3996 MHz, 0 %, 0 MiB
2026/08/03 11:43:16.124, 5, P0, 36, 244.34 W, 1965 MHz, 3996 MHz, 0 %, 0 MiB
2026/08/03 11:43:16.124, 6, P0, 33, 242.27 W, 1965 MHz, 3996 MHz, 0 %, 0 MiB
2026/08/03 11:43:16.124, 7, P0, 37, 243.16 W, 1965 MHz, 3996 MHz, 0 %, 0 MiB
2026/08/03 11:43:17.124, 0, P0, 36, 269.81 W, 1965 MHz, 3996 MHz, 92 %, 161509 MiB
2026/08/03 11:43:17.124, 1, P0, 33, 255.01 W, 1965 MHz, 3996 MHz, 8 %, 161509 MiB
2026/08/03 11:43:17.124, 2, P0, 36, 235.98 W, 1965 MHz, 3996 MHz, 0 %, 0 MiB
2026/08/03 11:43:17.124, 3, P0, 32, 238.48 W, 1965 MHz, 3996 MHz, 0 %, 0 MiB
2026/08/03 11:43:17.124, 4, P0, 33, 235.54 W, 1965 MHz, 3996 MHz, 0 %, 0 MiB
2026/08/03 11:43:17.124, 5, P0, 36, 244.34 W, 1965 MHz, 3996 MHz, 0 %, 0 MiB
2026/08/03 11:43:17.124, 6, P0, 33, 242.26 W, 1965 MHz, 3996 MHz, 0 %, 0 MiB
2026/08/03 11:43:17.124, 7, P0, 37, 243.18 W, 1965 MHz, 3996 MHz, 0 %, 0 MiB
2026/08/03 11:43:18.125, 0, P0, 36, 269.07 W, 1965 MHz, 3996 MHz, 92 %, 161509 MiB
2026/08/03 11:43:18.125, 1, P0, 33, 256.22 W, 1965 MHz, 3996 MHz, 8 %, 161509 MiB
2026/08/03 11:43:18.125, 2, P0, 36, 236.02 W, 1965 MHz, 3996 MHz, 0 %, 0 MiB
2026/08/03 11:43:18.125, 3, P0, 32, 238.51 W, 1965 MHz, 3996 MHz, 0 %, 0 MiB
2026/08/03 11:43:18.125, 4, P0, 33, 235.55 W, 1965 MHz, 3996 MHz, 0 %, 0 MiB
2026/08/03 11:43:18.125, 5, P0, 36, 244.33 W, 1965 MHz, 3996 MHz, 0 %, 0 MiB
2026/08/03 11:43:18.125, 6, P0, 33, 242.27 W, 1965 MHz, 3996 MHz, 0 %, 0 MiB
2026/08/03 11:43:18.125, 7, P0, 37, 243.12 W, 1965 MHz, 3996 MHz, 0 %, 0 MiB
2026/08/03 11:43:19.125, 0, P0, 36, 270.58 W, 1965 MHz, 3996 MHz, 95 %, 161509 MiB
2026/08/03 11:43:19.125, 1, P0, 33, 257.04 W, 1965 MHz, 3996 MHz, 8 %, 161509 MiB
2026/08/03 11:43:19.125, 2, P0, 36, 236.01 W, 1965 MHz, 3996 MHz, 0 %, 0 MiB
2026/08/03 11:43:19.125, 3, P0, 32, 238.49 W, 1965 MHz, 3996 MHz, 0 %, 0 MiB
2026/08/03 11:43:19.125, 4, P0, 33, 235.51 W, 1965 MHz, 3996 MHz, 0 %, 0 MiB
2026/08/03 11:43:19.125, 5, P0, 36, 244.34 W, 1965 MHz, 3996 MHz, 0 %, 0 MiB
2026/08/03 11:43:19.125, 6, P0, 33, 242.29 W, 1965 MHz, 3996 MHz, 0 %, 0 MiB
2026/08/03 11:43:19.125, 7, P0, 37, 243.19 W, 1965 MHz, 3996 MHz, 0 %, 0 MiB
2026/08/03 11:43:20.125, 0, P0, 37, 299.23 W, 1965 MHz, 3996 MHz, 93 %, 161509 MiB
2026/08/03 11:43:20.125, 1, P0, 34, 265.73 W, 1965 MHz, 3996 MHz, 8 %, 161509 MiB
2026/08/03 11:43:20.125, 2, P0, 36, 236.04 W, 1965 MHz, 3996 MHz, 0 %, 0 MiB
2026/08/03 11:43:20.125, 3, P0, 32, 238.54 W, 1965 MHz, 3996 MHz, 0 %, 0 MiB
2026/08/03 11:43:20.125, 4, P0, 33, 235.50 W, 1965 MHz, 3996 MHz, 0 %, 0 MiB
2026/08/03 11:43:20.125, 5, P0, 36, 244.32 W, 1965 MHz, 3996 MHz, 0 %, 0 MiB
2026/08/03 11:43:20.125, 6, P0, 33, 242.30 W, 1965 MHz, 3996 MHz, 0 %, 0 MiB
2026/08/03 11:43:20.125, 7, P0, 37, 243.14 W, 1965 MHz, 3996 MHz, 0 %, 0 MiB
2026/08/03 11:43:21.125, 0, P0, 36, 271.14 W, 1965 MHz, 3996 MHz, 92 %, 161509 MiB
2026/08/03 11:43:21.125, 1, P0, 34, 259.38 W, 1965 MHz, 3996 MHz, 8 %, 161509 MiB
2026/08/03 11:43:21.126, 2, P0, 36, 235.98 W, 1965 MHz, 3996 MHz, 0 %, 0 MiB
2026/08/03 11:43:21.126, 3, P0, 32, 238.56 W, 1965 MHz, 3996 MHz, 0 %, 0 MiB
2026/08/03 11:43:21.126, 4, P0, 33, 235.41 W, 1965 MHz, 3996 MHz, 0 %, 0 MiB
2026/08/03 11:43:21.126, 5, P0, 36, 244.38 W, 1965 MHz, 3996 MHz, 0 %, 0 MiB
2026/08/03 11:43:21.126, 6, P0, 33, 242.30 W, 1965 MHz, 3996 MHz, 0 %, 0 MiB
2026/08/03 11:43:21.126, 7, P0, 37, 243.19 W, 1965 MHz, 3996 MHz, 0 %, 0 MiB
2026/08/03 11:43:22.126, 0, P0, 37, 298.22 W, 1965 MHz, 3996 MHz, 91 %, 161509 MiB
2026/08/03 11:43:22.126, 1, P0, 34, 261.80 W, 1965 MHz, 3996 MHz, 7 %, 161509 MiB
2026/08/03 11:43:22.126, 2, P0, 36, 236.05 W, 1965 MHz, 3996 MHz, 0 %, 0 MiB
2026/08/03 11:43:22.126, 3, P0, 32, 238.55 W, 1965 MHz, 3996 MHz, 0 %, 0 MiB
2026/08/03 11:43:22.126, 4, P0, 33, 235.49 W, 1965 MHz, 3996 MHz, 0 %, 0 MiB
2026/08/03 11:43:22.126, 5, P0, 36, 244.31 W, 1965 MHz, 3996 MHz, 0 %, 0 MiB
2026/08/03 11:43:22.126, 6, P0, 33, 242.29 W, 1965 MHz, 3996 MHz, 0 %, 0 MiB
2026/08/03 11:43:22.126, 7, P0, 37, 243.20 W, 1965 MHz, 3996 MHz, 0 %, 0 MiB
2026/08/03 11:43:23.126, 0, P0, 36, 268.91 W, 1965 MHz, 3996 MHz, 94 %, 161509 MiB
2026/08/03 11:43:23.126, 1, P0, 34, 255.42 W, 1965 MHz, 3996 MHz, 7 %, 161509 MiB
2026/08/03 11:43:23.126, 2, P0, 36, 236.05 W, 1965 MHz, 3996 MHz, 0 %, 0 MiB
2026/08/03 11:43:23.126, 3, P0, 32, 238.54 W, 1965 MHz, 3996 MHz, 0 %, 0 MiB
2026/08/03 11:43:23.126, 4, P0, 33, 235.49 W, 1965 MHz, 3996 MHz, 0 %, 0 MiB
2026/08/03 11:43:23.126, 5, P0, 36, 244.39 W, 1965 MHz, 3996 MHz, 0 %, 0 MiB
2026/08/03 11:43:23.126, 6, P0, 33, 242.28 W, 1965 MHz, 3996 MHz, 0 %, 0 MiB
2026/08/03 11:43:23.126, 7, P0, 37, 243.22 W, 1965 MHz, 3996 MHz, 0 %, 0 MiB
2026/08/03 11:43:24.126, 0, P0, 36, 267.81 W, 1965 MHz, 3996 MHz, 95 %, 161509 MiB
2026/08/03 11:43:24.126, 1, P0, 33, 256.27 W, 1965 MHz, 3996 MHz, 7 %, 161509 MiB
2026/08/03 11:43:24.126, 2, P0, 36, 235.97 W, 1965 MHz, 3996 MHz, 0 %, 0 MiB
2026/08/03 11:43:24.126, 3, P0, 32, 238.58 W, 1965 MHz, 3996 MHz, 0 %, 0 MiB
2026/08/03 11:43:24.126, 4, P0, 33, 235.54 W, 1965 MHz, 3996 MHz, 0 %, 0 MiB
2026/08/03 11:43:24.126, 5, P0, 36, 244.43 W, 1965 MHz, 3996 MHz, 0 %, 0 MiB
2026/08/03 11:43:24.126, 6, P0, 33, 242.40 W, 1965 MHz, 3996 MHz, 0 %, 0 MiB
2026/08/03 11:43:24.126, 7, P0, 37, 243.19 W, 1965 MHz, 3996 MHz, 0 %, 0 MiB
2026/08/03 11:43:25.127, 0, P0, 36, 266.30 W, 1965 MHz, 3996 MHz, 96 %, 161509 MiB
2026/08/03 11:43:25.127, 1, P0, 33, 254.99 W, 1965 MHz, 3996 MHz, 7 %, 161509 MiB
2026/08/03 11:43:25.127, 2, P0, 36, 235.99 W, 1965 MHz, 3996 MHz, 0 %, 0 MiB
2026/08/03 11:43:25.127, 3, P0, 32, 238.54 W, 1965 MHz, 3996 MHz, 0 %, 0 MiB
2026/08/03 11:43:25.127, 4, P0, 33, 235.50 W, 1965 MHz, 3996 MHz, 0 %, 0 MiB
2026/08/03 11:43:25.127, 5, P0, 36, 244.48 W, 1965 MHz, 3996 MHz, 0 %, 0 MiB
2026/08/03 11:43:25.127, 6, P0, 33, 242.31 W, 1965 MHz, 3996 MHz, 0 %, 0 MiB
2026/08/03 11:43:25.127, 7, P0, 37, 243.16 W, 1965 MHz, 3996 MHz, 0 %, 0 MiB
2026/08/03 11:43:26.127, 0, P0, 36, 267.23 W, 1965 MHz, 3996 MHz, 93 %, 161509 MiB
2026/08/03 11:43:26.127, 1, P0, 33, 255.60 W, 1965 MHz, 3996 MHz, 7 %, 161509 MiB
2026/08/03 11:43:26.127, 2, P0, 36, 236.01 W, 1965 MHz, 3996 MHz, 0 %, 0 MiB
2026/08/03 11:43:26.127, 3, P0, 32, 238.55 W, 1965 MHz, 3996 MHz, 0 %, 0 MiB
2026/08/03 11:43:26.127, 4, P0, 33, 235.53 W, 1965 MHz, 3996 MHz, 0 %, 0 MiB
2026/08/03 11:43:26.127, 5, P0, 36, 244.41 W, 1965 MHz, 3996 MHz, 0 %, 0 MiB
2026/08/03 11:43:26.127, 6, P0, 33, 242.29 W, 1965 MHz, 3996 MHz, 0 %, 0 MiB
2026/08/03 11:43:26.127, 7, P0, 37, 243.15 W, 1965 MHz, 3996 MHz, 0 %, 0 MiB
2026/08/03 11:43:27.127, 0, P0, 36, 267.83 W, 1965 MHz, 3996 MHz, 93 %, 161509 MiB
2026/08/03 11:43:27.127, 1, P0, 33, 255.19 W, 1965 MHz, 3996 MHz, 7 %, 161509 MiB
2026/08/03 11:43:27.127, 2, P0, 36, 235.95 W, 1965 MHz, 3996 MHz, 0 %, 0 MiB
2026/08/03 11:43:27.127, 3, P0, 32, 238.46 W, 1965 MHz, 3996 MHz, 0 %, 0 MiB
2026/08/03 11:43:27.127, 4, P0, 33, 235.48 W, 1965 MHz, 3996 MHz, 0 %, 0 MiB
2026/08/03 11:43:27.127, 5, P0, 36, 244.41 W, 1965 MHz, 3996 MHz, 0 %, 0 MiB
2026/08/03 11:43:27.127, 6, P0, 33, 242.28 W, 1965 MHz, 3996 MHz, 0 %, 0 MiB
2026/08/03 11:43:27.127, 7, P0, 37, 243.14 W, 1965 MHz, 3996 MHz, 0 %, 0 MiB
2026/08/03 11:43:28.127, 0, P0, 36, 267.68 W, 1965 MHz, 3996 MHz, 96 %, 161509 MiB
2026/08/03 11:43:28.127, 1, P0, 33, 253.75 W, 1965 MHz, 3996 MHz, 7 %, 161509 MiB
2026/08/03 11:43:28.127, 2, P0, 36, 236.02 W, 1965 MHz, 3996 MHz, 0 %, 0 MiB
2026/08/03 11:43:28.128, 3, P0, 32, 238.51 W, 1965 MHz, 3996 MHz, 0 %, 0 MiB
2026/08/03 11:43:28.128, 4, P0, 33, 235.53 W, 1965 MHz, 3996 MHz, 0 %, 0 MiB
2026/08/03 11:43:28.128, 5, P0, 36, 244.36 W, 1965 MHz, 3996 MHz, 0 %, 0 MiB
2026/08/03 11:43:28.128, 6, P0, 33, 242.31 W, 1965 MHz, 3996 MHz, 0 %, 0 MiB
2026/08/03 11:43:28.128, 7, P0, 37, 243.17 W, 1965 MHz, 3996 MHz, 0 %, 0 MiB
2026/08/03 11:43:29.128, 0, P0, 36, 268.41 W, 1965 MHz, 3996 MHz, 95 %, 161509 MiB
2026/08/03 11:43:29.128, 1, P0, 33, 254.68 W, 1965 MHz, 3996 MHz, 7 %, 161509 MiB
2026/08/03 11:43:29.128, 2, P0, 36, 236.01 W, 1965 MHz, 3996 MHz, 0 %, 0 MiB
2026/08/03 11:43:29.128, 3, P0, 32, 238.54 W, 1965 MHz, 3996 MHz, 0 %, 0 MiB
2026/08/03 11:43:29.128, 4, P0, 33, 235.50 W, 1965 MHz, 3996 MHz, 0 %, 0 MiB
2026/08/03 11:43:29.128, 5, P0, 36, 244.43 W, 1965 MHz, 3996 MHz, 0 %, 0 MiB
2026/08/03 11:43:29.128, 6, P0, 33, 242.24 W, 1965 MHz, 3996 MHz, 0 %, 0 MiB
2026/08/03 11:43:29.128, 7, P0, 37, 243.17 W, 1965 MHz, 3996 MHz, 0 %, 0 MiB
2026/08/03 11:43:30.128, 0, P0, 36, 265.49 W, 1965 MHz, 3996 MHz, 91 %, 161509 MiB
2026/08/03 11:43:30.128, 1, P0, 33, 254.81 W, 1965 MHz, 3996 MHz, 7 %, 161509 MiB
2026/08/03 11:43:30.128, 2, P0, 36, 236.01 W, 1965 MHz, 3996 MHz, 0 %, 0 MiB
2026/08/03 11:43:30.128, 3, P0, 32, 238.43 W, 1965 MHz, 3996 MHz, 0 %, 0 MiB
2026/08/03 11:43:30.128, 4, P0, 33, 235.46 W, 1965 MHz, 3996 MHz, 0 %, 0 MiB
2026/08/03 11:43:30.128, 5, P0, 36, 244.38 W, 1965 MHz, 3996 MHz, 0 %, 0 MiB
2026/08/03 11:43:30.128, 6, P0, 33, 242.28 W, 1965 MHz, 3996 MHz, 0 %, 0 MiB
2026/08/03 11:43:30.128, 7, P0, 37, 243.16 W, 1965 MHz, 3996 MHz, 0 %, 0 MiB
2026/08/03 11:43:31.128, 0, P0, 36, 268.43 W, 1965 MHz, 3996 MHz, 92 %, 161509 MiB
2026/08/03 11:43:31.128, 1, P0, 33, 254.85 W, 1965 MHz, 3996 MHz, 7 %, 161509 MiB
2026/08/03 11:43:31.128, 2, P0, 36, 236.02 W, 1965 MHz, 3996 MHz, 0 %, 0 MiB
2026/08/03 11:43:31.128, 3, P0, 32, 238.47 W, 1965 MHz, 3996 MHz, 0 %, 0 MiB
2026/08/03 11:43:31.128, 4, P0, 33, 235.45 W, 1965 MHz, 3996 MHz, 0 %, 0 MiB
2026/08/03 11:43:31.128, 5, P0, 36, 244.34 W, 1965 MHz, 3996 MHz, 0 %, 0 MiB
2026/08/03 11:43:31.128, 6, P0, 33, 242.29 W, 1965 MHz, 3996 MHz, 0 %, 0 MiB
2026/08/03 11:43:31.128, 7, P0, 37, 243.26 W, 1965 MHz, 3996 MHz, 0 %, 0 MiB
2026/08/03 11:43:32.129, 0, P0, 36, 267.73 W, 1965 MHz, 3996 MHz, 96 %, 161509 MiB
2026/08/03 11:43:32.129, 1, P0, 33, 254.15 W, 1965 MHz, 3996 MHz, 7 %, 161509 MiB
2026/08/03 11:43:32.129, 2, P0, 36, 236.03 W, 1965 MHz, 3996 MHz, 0 %, 0 MiB
2026/08/03 11:43:32.129, 3, P0, 32, 238.49 W, 1965 MHz, 3996 MHz, 0 %, 0 MiB
2026/08/03 11:43:32.129, 4, P0, 33, 235.51 W, 1965 MHz, 3996 MHz, 0 %, 0 MiB
2026/08/03 11:43:32.129, 5, P0, 36, 244.39 W, 1965 MHz, 3996 MHz, 0 %, 0 MiB
2026/08/03 11:43:32.129, 6, P0, 33, 242.32 W, 1965 MHz, 3996 MHz, 0 %, 0 MiB
2026/08/03 11:43:32.129, 7, P0, 37, 243.13 W, 1965 MHz, 3996 MHz, 0 %, 0 MiB
2026/08/03 11:43:33.129, 0, P0, 36, 267.18 W, 1965 MHz, 3996 MHz, 96 %, 161509 MiB
2026/08/03 11:43:33.129, 1, P0, 33, 255.95 W, 1965 MHz, 3996 MHz, 7 %, 161509 MiB
2026/08/03 11:43:33.129, 2, P0, 36, 236.03 W, 1965 MHz, 3996 MHz, 0 %, 0 MiB
2026/08/03 11:43:33.129, 3, P0, 32, 238.49 W, 1965 MHz, 3996 MHz, 0 %, 0 MiB
2026/08/03 11:43:33.129, 4, P0, 33, 235.50 W, 1965 MHz, 3996 MHz, 0 %, 0 MiB
2026/08/03 11:43:33.129, 5, P0, 36, 244.32 W, 1965 MHz, 3996 MHz, 0 %, 0 MiB
2026/08/03 11:43:33.129, 6, P0, 33, 242.30 W, 1965 MHz, 3996 MHz, 0 %, 0 MiB
2026/08/03 11:43:33.129, 7, P0, 37, 243.11 W, 1965 MHz, 3996 MHz, 0 %, 0 MiB
2026/08/03 11:43:34.129, 0, P0, 36, 265.45 W, 1965 MHz, 3996 MHz, 96 %, 161509 MiB
2026/08/03 11:43:34.129, 1, P0, 33, 255.13 W, 1965 MHz, 3996 MHz, 7 %, 161509 MiB
2026/08/03 11:43:34.129, 2, P0, 36, 235.98 W, 1965 MHz, 3996 MHz, 0 %, 0 MiB
2026/08/03 11:43:34.129, 3, P0, 32, 238.53 W, 1965 MHz, 3996 MHz, 0 %, 0 MiB
2026/08/03 11:43:34.129, 4, P0, 33, 235.50 W, 1965 MHz, 3996 MHz, 0 %, 0 MiB
2026/08/03 11:43:34.129, 5, P0, 36, 244.31 W, 1965 MHz, 3996 MHz, 0 %, 0 MiB
2026/08/03 11:43:34.129, 6, P0, 33, 242.33 W, 1965 MHz, 3996 MHz, 0 %, 0 MiB
2026/08/03 11:43:34.129, 7, P0, 37, 243.06 W, 1965 MHz, 3996 MHz, 0 %, 0 MiB
2026/08/03 11:43:35.129, 0, P0, 36, 267.17 W, 1965 MHz, 3996 MHz, 92 %, 161509 MiB
2026/08/03 11:43:35.129, 1, P0, 33, 255.46 W, 1965 MHz, 3996 MHz, 7 %, 161509 MiB
2026/08/03 11:43:35.129, 2, P0, 36, 235.94 W, 1965 MHz, 3996 MHz, 0 %, 0 MiB
2026/08/03 11:43:35.130, 3, P0, 32, 238.47 W, 1965 MHz, 3996 MHz, 0 %, 0 MiB
2026/08/03 11:43:35.130, 4, P0, 33, 235.52 W, 1965 MHz, 3996 MHz, 0 %, 0 MiB
2026/08/03 11:43:35.130, 5, P0, 36, 244.39 W, 1965 MHz, 3996 MHz, 0 %, 0 MiB
2026/08/03 11:43:35.130, 6, P0, 33, 242.29 W, 1965 MHz, 3996 MHz, 0 %, 0 MiB
2026/08/03 11:43:35.130, 7, P0, 37, 243.07 W, 1965 MHz, 3996 MHz, 0 %, 0 MiB
2026/08/03 11:43:36.130, 0, P0, 36, 267.85 W, 1965 MHz, 3996 MHz, 91 %, 161509 MiB
2026/08/03 11:43:36.130, 1, P0, 33, 255.72 W, 1965 MHz, 3996 MHz, 7 %, 161509 MiB
2026/08/03 11:43:36.130, 2, P0, 36, 235.98 W, 1965 MHz, 3996 MHz, 0 %, 0 MiB
2026/08/03 11:43:36.130, 3, P0, 32, 238.55 W, 1965 MHz, 3996 MHz, 0 %, 0 MiB
2026/08/03 11:43:36.130, 4, P0, 33, 235.47 W, 1965 MHz, 3996 MHz, 0 %, 0 MiB
2026/08/03 11:43:36.130, 5, P0, 36, 244.37 W, 1965 MHz, 3996 MHz, 0 %, 0 MiB
2026/08/03 11:43:36.130, 6, P0, 33, 242.26 W, 1965 MHz, 3996 MHz, 0 %, 0 MiB
2026/08/03 11:43:36.130, 7, P0, 37, 243.15 W, 1965 MHz, 3996 MHz, 0 %, 0 MiB
2026/08/03 11:43:37.130, 0, P0, 36, 268.86 W, 1965 MHz, 3996 MHz, 91 %, 161509 MiB
2026/08/03 11:43:37.130, 1, P0, 33, 254.30 W, 1965 MHz, 3996 MHz, 7 %, 161509 MiB
2026/08/03 11:43:37.130, 2, P0, 36, 235.90 W, 1965 MHz, 3996 MHz, 0 %, 0 MiB
2026/08/03 11:43:37.130, 3, P0, 32, 238.51 W, 1965 MHz, 3996 MHz, 0 %, 0 MiB
2026/08/03 11:43:37.130, 4, P0, 33, 235.46 W, 1965 MHz, 3996 MHz, 0 %, 0 MiB
2026/08/03 11:43:37.130, 5, P0, 36, 244.33 W, 1965 MHz, 3996 MHz, 0 %, 0 MiB
2026/08/03 11:43:37.130, 6, P0, 33, 242.30 W, 1965 MHz, 3996 MHz, 0 %, 0 MiB
2026/08/03 11:43:37.130, 7, P0, 37, 243.10 W, 1965 MHz, 3996 MHz, 0 %, 0 MiB
2026/08/03 11:43:38.130, 0, P0, 36, 267.73 W, 1965 MHz, 3996 MHz, 95 %, 161509 MiB
2026/08/03 11:43:38.130, 1, P0, 33, 254.76 W, 1965 MHz, 3996 MHz, 7 %, 161509 MiB
2026/08/03 11:43:38.130, 2, P0, 36, 235.99 W, 1965 MHz, 3996 MHz, 0 %, 0 MiB
2026/08/03 11:43:38.130, 3, P0, 32, 238.51 W, 1965 MHz, 3996 MHz, 0 %, 0 MiB
2026/08/03 11:43:38.130, 4, P0, 33, 235.49 W, 1965 MHz, 3996 MHz, 0 %, 0 MiB
2026/08/03 11:43:38.130, 5, P0, 36, 244.44 W, 1965 MHz, 3996 MHz, 0 %, 0 MiB
2026/08/03 11:43:38.130, 6, P0, 33, 242.32 W, 1965 MHz, 3996 MHz, 0 %, 0 MiB
2026/08/03 11:43:38.130, 7, P0, 37, 243.12 W, 1965 MHz, 3996 MHz, 0 %, 0 MiB
2026/08/03 11:43:39.131, 0, P0, 36, 269.35 W, 1965 MHz, 3996 MHz, 96 %, 161509 MiB
2026/08/03 11:43:39.131, 1, P0, 33, 254.80 W, 1965 MHz, 3996 MHz, 7 %, 161509 MiB
2026/08/03 11:43:39.131, 2, P0, 36, 236.02 W, 1965 MHz, 3996 MHz, 0 %, 0 MiB
2026/08/03 11:43:39.131, 3, P0, 32, 238.46 W, 1965 MHz, 3996 MHz, 0 %, 0 MiB
2026/08/03 11:43:39.131, 4, P0, 33, 235.44 W, 1965 MHz, 3996 MHz, 0 %, 0 MiB
2026/08/03 11:43:39.131, 5, P0, 36, 244.41 W, 1965 MHz, 3996 MHz, 0 %, 0 MiB
2026/08/03 11:43:39.131, 6, P0, 33, 242.21 W, 1965 MHz, 3996 MHz, 0 %, 0 MiB
2026/08/03 11:43:39.131, 7, P0, 37, 243.09 W, 1965 MHz, 3996 MHz, 0 %, 0 MiB
2026/08/03 11:43:40.131, 0, P0, 36, 266.54 W, 1965 MHz, 3996 MHz, 95 %, 161509 MiB
2026/08/03 11:43:40.131, 1, P0, 33, 254.27 W, 1965 MHz, 3996 MHz, 7 %, 161509 MiB
2026/08/03 11:43:40.131, 2, P0, 36, 235.99 W, 1965 MHz, 3996 MHz, 0 %, 0 MiB
2026/08/03 11:43:40.131, 3, P0, 32, 238.50 W, 1965 MHz, 3996 MHz, 0 %, 0 MiB
2026/08/03 11:43:40.131, 4, P0, 33, 235.46 W, 1965 MHz, 3996 MHz, 0 %, 0 MiB
2026/08/03 11:43:40.131, 5, P0, 36, 244.38 W, 1965 MHz, 3996 MHz, 0 %, 0 MiB
2026/08/03 11:43:40.131, 6, P0, 33, 242.30 W, 1965 MHz, 3996 MHz, 0 %, 0 MiB
2026/08/03 11:43:40.131, 7, P0, 37, 243.22 W, 1965 MHz, 3996 MHz, 0 %, 0 MiB
2026/08/03 11:43:41.131, 0, P0, 36, 267.73 W, 1965 MHz, 3996 MHz, 92 %, 161509 MiB
2026/08/03 11:43:41.131, 1, P0, 33, 255.88 W, 1965 MHz, 3996 MHz, 7 %, 161509 MiB
2026/08/03 11:43:41.131, 2, P0, 36, 236.06 W, 1965 MHz, 3996 MHz, 0 %, 0 MiB
2026/08/03 11:43:41.131, 3, P0, 32, 238.49 W, 1965 MHz, 3996 MHz, 0 %, 0 MiB
2026/08/03 11:43:41.131, 4, P0, 33, 235.48 W, 1965 MHz, 3996 MHz, 0 %, 0 MiB
2026/08/03 11:43:41.131, 5, P0, 36, 244.49 W, 1965 MHz, 3996 MHz, 0 %, 0 MiB
2026/08/03 11:43:41.131, 6, P0, 33, 242.28 W, 1965 MHz, 3996 MHz, 0 %, 0 MiB
2026/08/03 11:43:41.131, 7, P0, 37, 243.23 W, 1965 MHz, 3996 MHz, 0 %, 0 MiB
2026/08/03 11:43:42.131, 0, P0, 36, 267.29 W, 1965 MHz, 3996 MHz, 92 %, 161509 MiB
2026/08/03 11:43:42.131, 1, P0, 33, 254.94 W, 1965 MHz, 3996 MHz, 7 %, 161509 MiB
2026/08/03 11:43:42.131, 2, P0, 36, 235.97 W, 1965 MHz, 3996 MHz, 0 %, 0 MiB
2026/08/03 11:43:42.132, 3, P0, 32, 238.49 W, 1965 MHz, 3996 MHz, 0 %, 0 MiB
2026/08/03 11:43:42.132, 4, P0, 33, 235.45 W, 1965 MHz, 3996 MHz, 0 %, 0 MiB
2026/08/03 11:43:42.132, 5, P0, 36, 244.38 W, 1965 MHz, 3996 MHz, 0 %, 0 MiB
2026/08/03 11:43:42.132, 6, P0, 33, 242.22 W, 1965 MHz, 3996 MHz, 0 %, 0 MiB
2026/08/03 11:43:42.132, 7, P0, 37, 243.24 W, 1965 MHz, 3996 MHz, 0 %, 0 MiB
2026/08/03 11:43:43.132, 0, P0, 36, 267.26 W, 1965 MHz, 3996 MHz, 92 %, 161509 MiB
2026/08/03 11:43:43.132, 1, P0, 33, 254.82 W, 1965 MHz, 3996 MHz, 7 %, 161509 MiB
2026/08/03 11:43:43.132, 2, P0, 36, 235.95 W, 1965 MHz, 3996 MHz, 0 %, 0 MiB
2026/08/03 11:43:43.132, 3, P0, 32, 238.49 W, 1965 MHz, 3996 MHz, 0 %, 0 MiB
2026/08/03 11:43:43.132, 4, P0, 33, 235.46 W, 1965 MHz, 3996 MHz, 0 %, 0 MiB
2026/08/03 11:43:43.132, 5, P0, 36, 244.42 W, 1965 MHz, 3996 MHz, 0 %, 0 MiB
2026/08/03 11:43:43.132, 6, P0, 33, 242.34 W, 1965 MHz, 3996 MHz, 0 %, 0 MiB
2026/08/03 11:43:43.132, 7, P0, 37, 243.17 W, 1965 MHz, 3996 MHz, 0 %, 0 MiB
2026/08/03 11:43:44.132, 0, P0, 36, 268.48 W, 1965 MHz, 3996 MHz, 96 %, 161509 MiB
2026/08/03 11:43:44.132, 1, P0, 33, 253.53 W, 1965 MHz, 3996 MHz, 7 %, 161509 MiB
2026/08/03 11:43:44.132, 2, P0, 36, 235.97 W, 1965 MHz, 3996 MHz, 0 %, 0 MiB
2026/08/03 11:43:44.132, 3, P0, 32, 238.51 W, 1965 MHz, 3996 MHz, 0 %, 0 MiB
2026/08/03 11:43:44.132, 4, P0, 33, 235.47 W, 1965 MHz, 3996 MHz, 0 %, 0 MiB
2026/08/03 11:43:44.132, 5, P0, 36, 244.39 W, 1965 MHz, 3996 MHz, 0 %, 0 MiB
2026/08/03 11:43:44.132, 6, P0, 33, 242.33 W, 1965 MHz, 3996 MHz, 0 %, 0 MiB
2026/08/03 11:43:44.132, 7, P0, 37, 243.19 W, 1965 MHz, 3996 MHz, 0 %, 0 MiB
2026/08/03 11:43:45.132, 0, P0, 36, 268.39 W, 1965 MHz, 3996 MHz, 96 %, 161509 MiB
2026/08/03 11:43:45.132, 1, P0, 33, 254.95 W, 1965 MHz, 3996 MHz, 7 %, 161509 MiB
2026/08/03 11:43:45.132, 2, P0, 36, 236.00 W, 1965 MHz, 3996 MHz, 0 %, 0 MiB
2026/08/03 11:43:45.132, 3, P0, 32, 238.52 W, 1965 MHz, 3996 MHz, 0 %, 0 MiB
2026/08/03 11:43:45.132, 4, P0, 33, 235.49 W, 1965 MHz, 3996 MHz, 0 %, 0 MiB
2026/08/03 11:43:45.132, 5, P0, 36, 244.44 W, 1965 MHz, 3996 MHz, 0 %, 0 MiB
2026/08/03 11:43:45.132, 6, P0, 33, 242.41 W, 1965 MHz, 3996 MHz, 0 %, 0 MiB
2026/08/03 11:43:45.132, 7, P0, 37, 243.19 W, 1965 MHz, 3996 MHz, 0 %, 0 MiB
2026/08/03 11:43:46.132, 0, P0, 36, 267.59 W, 1965 MHz, 3996 MHz, 95 %, 161509 MiB
2026/08/03 11:43:46.133, 1, P0, 33, 254.76 W, 1965 MHz, 3996 MHz, 7 %, 161509 MiB
2026/08/03 11:43:46.133, 2, P0, 36, 235.94 W, 1965 MHz, 3996 MHz, 0 %, 0 MiB
2026/08/03 11:43:46.133, 3, P0, 32, 238.56 W, 1965 MHz, 3996 MHz, 0 %, 0 MiB
2026/08/03 11:43:46.133, 4, P0, 33, 235.38 W, 1965 MHz, 3996 MHz, 0 %, 0 MiB
2026/08/03 11:43:46.133, 5, P0, 36, 244.35 W, 1965 MHz, 3996 MHz, 0 %, 0 MiB
2026/08/03 11:43:46.133, 6, P0, 33, 242.36 W, 1965 MHz, 3996 MHz, 0 %, 0 MiB
2026/08/03 11:43:46.133, 7, P0, 37, 243.23 W, 1965 MHz, 3996 MHz, 0 %, 0 MiB
2026/08/03 11:43:47.133, 0, P0, 36, 267.51 W, 1965 MHz, 3996 MHz, 92 %, 161509 MiB
2026/08/03 11:43:47.133, 1, P0, 33, 254.03 W, 1965 MHz, 3996 MHz, 7 %, 161509 MiB
2026/08/03 11:43:47.133, 2, P0, 36, 235.99 W, 1965 MHz, 3996 MHz, 0 %, 0 MiB
2026/08/03 11:43:47.133, 3, P0, 32, 238.55 W, 1965 MHz, 3996 MHz, 0 %, 0 MiB
2026/08/03 11:43:47.133, 4, P0, 33, 235.48 W, 1965 MHz, 3996 MHz, 0 %, 0 MiB
2026/08/03 11:43:47.133, 5, P0, 36, 244.34 W, 1965 MHz, 3996 MHz, 0 %, 0 MiB
2026/08/03 11:43:47.133, 6, P0, 33, 242.30 W, 1965 MHz, 3996 MHz, 0 %, 0 MiB
2026/08/03 11:43:47.133, 7, P0, 37, 243.25 W, 1965 MHz, 3996 MHz, 0 %, 0 MiB
2026/08/03 11:43:48.133, 0, P0, 36, 269.02 W, 1965 MHz, 3996 MHz, 92 %, 161509 MiB
2026/08/03 11:43:48.133, 1, P0, 33, 254.90 W, 1965 MHz, 3996 MHz, 7 %, 161509 MiB
2026/08/03 11:43:48.133, 2, P0, 36, 235.93 W, 1965 MHz, 3996 MHz, 0 %, 0 MiB
2026/08/03 11:43:48.133, 3, P0, 32, 238.57 W, 1965 MHz, 3996 MHz, 0 %, 0 MiB
2026/08/03 11:43:48.133, 4, P0, 33, 235.49 W, 1965 MHz, 3996 MHz, 0 %, 0 MiB
2026/08/03 11:43:48.133, 5, P0, 36, 244.41 W, 1965 MHz, 3996 MHz, 0 %, 0 MiB
2026/08/03 11:43:48.133, 6, P0, 33, 242.27 W, 1965 MHz, 3996 MHz, 0 %, 0 MiB
2026/08/03 11:43:48.133, 7, P0, 37, 243.17 W, 1965 MHz, 3996 MHz, 0 %, 0 MiB
2026/08/03 11:43:49.133, 0, P0, 36, 267.33 W, 1965 MHz, 3996 MHz, 92 %, 161509 MiB
2026/08/03 11:43:49.133, 1, P0, 33, 255.11 W, 1965 MHz, 3996 MHz, 7 %, 161509 MiB
2026/08/03 11:43:49.133, 2, P0, 36, 236.02 W, 1965 MHz, 3996 MHz, 0 %, 0 MiB
2026/08/03 11:43:49.133, 3, P0, 32, 238.52 W, 1965 MHz, 3996 MHz, 0 %, 0 MiB
2026/08/03 11:43:49.133, 4, P0, 33, 235.45 W, 1965 MHz, 3996 MHz, 0 %, 0 MiB
2026/08/03 11:43:49.133, 5, P0, 36, 244.37 W, 1965 MHz, 3996 MHz, 0 %, 0 MiB
2026/08/03 11:43:49.133, 6, P0, 33, 242.28 W, 1965 MHz, 3996 MHz, 0 %, 0 MiB
2026/08/03 11:43:49.134, 7, P0, 37, 243.12 W, 1965 MHz, 3996 MHz, 0 %, 0 MiB
2026/08/03 11:43:50.134, 0, P0, 36, 267.13 W, 1965 MHz, 3996 MHz, 96 %, 161509 MiB
2026/08/03 11:43:50.134, 1, P0, 33, 254.79 W, 1965 MHz, 3996 MHz, 7 %, 161509 MiB
2026/08/03 11:43:50.134, 2, P0, 36, 235.95 W, 1965 MHz, 3996 MHz, 0 %, 0 MiB
2026/08/03 11:43:50.134, 3, P0, 32, 238.55 W, 1965 MHz, 3996 MHz, 0 %, 0 MiB
2026/08/03 11:43:50.134, 4, P0, 33, 235.55 W, 1965 MHz, 3996 MHz, 0 %, 0 MiB
2026/08/03 11:43:50.134, 5, P0, 36, 244.38 W, 1965 MHz, 3996 MHz, 0 %, 0 MiB
2026/08/03 11:43:50.134, 6, P0, 33, 242.24 W, 1965 MHz, 3996 MHz, 0 %, 0 MiB
2026/08/03 11:43:50.134, 7, P0, 37, 243.13 W, 1965 MHz, 3996 MHz, 0 %, 0 MiB
2026/08/03 11:43:51.134, 0, P0, 36, 268.13 W, 1965 MHz, 3996 MHz, 96 %, 161509 MiB
2026/08/03 11:43:51.134, 1, P0, 33, 254.45 W, 1965 MHz, 3996 MHz, 7 %, 161509 MiB
2026/08/03 11:43:51.134, 2, P0, 36, 235.93 W, 1965 MHz, 3996 MHz, 0 %, 0 MiB
2026/08/03 11:43:51.134, 3, P0, 32, 238.54 W, 1965 MHz, 3996 MHz, 0 %, 0 MiB
2026/08/03 11:43:51.134, 4, P0, 33, 235.49 W, 1965 MHz, 3996 MHz, 0 %, 0 MiB
2026/08/03 11:43:51.134, 5, P0, 36, 244.40 W, 1965 MHz, 3996 MHz, 0 %, 0 MiB
2026/08/03 11:43:51.134, 6, P0, 33, 242.24 W, 1965 MHz, 3996 MHz, 0 %, 0 MiB
2026/08/03 11:43:51.134, 7, P0, 37, 243.18 W, 1965 MHz, 3996 MHz, 0 %, 0 MiB
2026/08/03 11:43:52.134, 0, P0, 36, 266.80 W, 1965 MHz, 3996 MHz, 95 %, 161509 MiB
2026/08/03 11:43:52.134, 1, P0, 33, 254.60 W, 1965 MHz, 3996 MHz, 7 %, 161509 MiB
2026/08/03 11:43:52.134, 2, P0, 36, 236.01 W, 1965 MHz, 3996 MHz, 0 %, 0 MiB
2026/08/03 11:43:52.134, 3, P0, 32, 238.48 W, 1965 MHz, 3996 MHz, 0 %, 0 MiB
2026/08/03 11:43:52.134, 4, P0, 33, 235.56 W, 1965 MHz, 3996 MHz, 0 %, 0 MiB
2026/08/03 11:43:52.134, 5, P0, 36, 244.38 W, 1965 MHz, 3996 MHz, 0 %, 0 MiB
2026/08/03 11:43:52.134, 6, P0, 33, 242.27 W, 1965 MHz, 3996 MHz, 0 %, 0 MiB
2026/08/03 11:43:52.134, 7, P0, 37, 243.18 W, 1965 MHz, 3996 MHz, 0 %, 0 MiB
2026/08/03 11:43:53.134, 0, P0, 36, 267.69 W, 1965 MHz, 3996 MHz, 92 %, 161509 MiB
2026/08/03 11:43:53.135, 1, P0, 33, 254.87 W, 1965 MHz, 3996 MHz, 7 %, 161509 MiB
2026/08/03 11:43:53.135, 2, P0, 36, 236.01 W, 1965 MHz, 3996 MHz, 0 %, 0 MiB
2026/08/03 11:43:53.135, 3, P0, 32, 238.53 W, 1965 MHz, 3996 MHz, 0 %, 0 MiB
2026/08/03 11:43:53.135, 4, P0, 33, 235.58 W, 1965 MHz, 3996 MHz, 0 %, 0 MiB
2026/08/03 11:43:53.135, 5, P0, 36, 244.47 W, 1965 MHz, 3996 MHz, 0 %, 0 MiB
2026/08/03 11:43:53.135, 6, P0, 33, 242.27 W, 1965 MHz, 3996 MHz, 0 %, 0 MiB
2026/08/03 11:43:53.135, 7, P0, 37, 243.14 W, 1965 MHz, 3996 MHz, 0 %, 0 MiB
2026/08/03 11:43:54.135, 0, P0, 36, 268.88 W, 1965 MHz, 3996 MHz, 91 %, 161509 MiB
2026/08/03 11:43:54.135, 1, P0, 33, 254.79 W, 1965 MHz, 3996 MHz, 7 %, 161509 MiB
2026/08/03 11:43:54.135, 2, P0, 36, 236.02 W, 1965 MHz, 3996 MHz, 0 %, 0 MiB
2026/08/03 11:43:54.135, 3, P0, 32, 238.48 W, 1965 MHz, 3996 MHz, 0 %, 0 MiB
2026/08/03 11:43:54.135, 4, P0, 33, 235.55 W, 1965 MHz, 3996 MHz, 0 %, 0 MiB
2026/08/03 11:43:54.135, 5, P0, 36, 244.42 W, 1965 MHz, 3996 MHz, 0 %, 0 MiB
2026/08/03 11:43:54.135, 6, P0, 33, 242.28 W, 1965 MHz, 3996 MHz, 0 %, 0 MiB
2026/08/03 11:43:54.135, 7, P0, 37, 243.25 W, 1965 MHz, 3996 MHz, 0 %, 0 MiB
2026/08/03 11:43:55.135, 0, P0, 36, 268.72 W, 1965 MHz, 3996 MHz, 95 %, 161509 MiB
2026/08/03 11:43:55.135, 1, P0, 33, 255.45 W, 1965 MHz, 3996 MHz, 7 %, 161509 MiB
2026/08/03 11:43:55.135, 2, P0, 36, 235.98 W, 1965 MHz, 3996 MHz, 0 %, 0 MiB
2026/08/03 11:43:55.135, 3, P0, 32, 238.56 W, 1965 MHz, 3996 MHz, 0 %, 0 MiB
2026/08/03 11:43:55.135, 4, P0, 33, 235.53 W, 1965 MHz, 3996 MHz, 0 %, 0 MiB
2026/08/03 11:43:55.135, 5, P0, 36, 244.41 W, 1965 MHz, 3996 MHz, 0 %, 0 MiB
2026/08/03 11:43:55.135, 6, P0, 33, 242.24 W, 1965 MHz, 3996 MHz, 0 %, 0 MiB
2026/08/03 11:43:55.135, 7, P0, 37, 243.23 W, 1965 MHz, 3996 MHz, 0 %, 0 MiB
2026/08/03 11:43:56.135, 0, P0, 38, 328.85 W, 1965 MHz, 3996 MHz, 93 %, 161509 MiB
2026/08/03 11:43:56.135, 1, P0, 35, 330.04 W, 1965 MHz, 3996 MHz, 49 %, 161509 MiB
2026/08/03 11:43:56.135, 2, P0, 36, 236.03 W, 1965 MHz, 3996 MHz, 0 %, 0 MiB
2026/08/03 11:43:56.135, 3, P0, 32, 238.52 W, 1965 MHz, 3996 MHz, 0 %, 0 MiB
2026/08/03 11:43:56.135, 4, P0, 33, 235.45 W, 1965 MHz, 3996 MHz, 0 %, 0 MiB
2026/08/03 11:43:56.135, 5, P0, 36, 244.35 W, 1965 MHz, 3996 MHz, 0 %, 0 MiB
2026/08/03 11:43:56.135, 6, P0, 33, 242.17 W, 1965 MHz, 3996 MHz, 0 %, 0 MiB
2026/08/03 11:43:56.135, 7, P0, 37, 243.21 W, 1965 MHz, 3996 MHz, 0 %, 0 MiB
2026/08/03 11:43:57.136, 0, P0, 37, 269.50 W, 1965 MHz, 3996 MHz, 97 %, 161509 MiB
2026/08/03 11:43:57.136, 1, P0, 34, 256.87 W, 1965 MHz, 3996 MHz, 8 %, 161509 MiB
2026/08/03 11:43:57.136, 2, P0, 36, 236.06 W, 1965 MHz, 3996 MHz, 0 %, 0 MiB
2026/08/03 11:43:57.136, 3, P0, 32, 238.44 W, 1965 MHz, 3996 MHz, 0 %, 0 MiB
2026/08/03 11:43:57.136, 4, P0, 33, 235.55 W, 1965 MHz, 3996 MHz, 0 %, 0 MiB
2026/08/03 11:43:57.136, 5, P0, 36, 244.37 W, 1965 MHz, 3996 MHz, 0 %, 0 MiB
2026/08/03 11:43:57.136, 6, P0, 33, 242.10 W, 1965 MHz, 3996 MHz, 0 %, 0 MiB
2026/08/03 11:43:57.136, 7, P0, 37, 243.22 W, 1965 MHz, 3996 MHz, 0 %, 0 MiB
2026/08/03 11:43:58.136, 0, P0, 42, 335.46 W, 1740 MHz, 3996 MHz, 96 %, 161509 MiB
2026/08/03 11:43:58.136, 1, P0, 41, 324.06 W, 1815 MHz, 3996 MHz, 8 %, 161509 MiB
2026/08/03 11:43:58.136, 2, P0, 36, 235.99 W, 1965 MHz, 3996 MHz, 0 %, 0 MiB
2026/08/03 11:43:58.136, 3, P0, 32, 238.50 W, 1965 MHz, 3996 MHz, 0 %, 0 MiB
2026/08/03 11:43:58.136, 4, P0, 33, 235.54 W, 1965 MHz, 3996 MHz, 0 %, 0 MiB
2026/08/03 11:43:58.136, 5, P0, 36, 244.36 W, 1965 MHz, 3996 MHz, 0 %, 0 MiB
2026/08/03 11:43:58.136, 6, P0, 33, 242.20 W, 1965 MHz, 3996 MHz, 0 %, 0 MiB
2026/08/03 11:43:58.136, 7, P0, 37, 243.25 W, 1965 MHz, 3996 MHz, 0 %, 0 MiB
2026/08/03 11:43:59.136, 0, P0, 37, 278.58 W, 1965 MHz, 3996 MHz, 94 %, 161509 MiB
2026/08/03 11:43:59.136, 1, P0, 34, 258.56 W, 1965 MHz, 3996 MHz, 8 %, 161509 MiB
2026/08/03 11:43:59.136, 2, P0, 36, 235.99 W, 1965 MHz, 3996 MHz, 0 %, 0 MiB
2026/08/03 11:43:59.136, 3, P0, 32, 238.44 W, 1965 MHz, 3996 MHz, 0 %, 0 MiB
2026/08/03 11:43:59.136, 4, P0, 33, 235.48 W, 1965 MHz, 3996 MHz, 0 %, 0 MiB
2026/08/03 11:43:59.136, 5, P0, 36, 244.33 W, 1965 MHz, 3996 MHz, 0 %, 0 MiB
2026/08/03 11:43:59.136, 6, P0, 33, 242.25 W, 1965 MHz, 3996 MHz, 0 %, 0 MiB
2026/08/03 11:43:59.136, 7, P0, 37, 243.20 W, 1965 MHz, 3996 MHz, 0 %, 0 MiB
2026/08/03 11:44:00.136, 0, P0, 37, 272.20 W, 1965 MHz, 3996 MHz, 91 %, 161509 MiB
2026/08/03 11:44:00.136, 1, P0, 34, 258.08 W, 1965 MHz, 3996 MHz, 8 %, 161509 MiB
2026/08/03 11:44:00.136, 2, P0, 36, 235.94 W, 1965 MHz, 3996 MHz, 0 %, 0 MiB
2026/08/03 11:44:00.136, 3, P0, 32, 238.46 W, 1965 MHz, 3996 MHz, 0 %, 0 MiB
2026/08/03 11:44:00.137, 4, P0, 33, 235.54 W, 1965 MHz, 3996 MHz, 0 %, 0 MiB
2026/08/03 11:44:00.137, 5, P0, 36, 244.35 W, 1965 MHz, 3996 MHz, 0 %, 0 MiB
2026/08/03 11:44:00.137, 6, P0, 33, 242.28 W, 1965 MHz, 3996 MHz, 0 %, 0 MiB
2026/08/03 11:44:00.137, 7, P0, 37, 243.13 W, 1965 MHz, 3996 MHz, 0 %, 0 MiB
2026/08/03 11:44:01.137, 0, P0, 37, 331.90 W, 1965 MHz, 3996 MHz, 89 %, 161509 MiB
2026/08/03 11:44:01.137, 1, P0, 34, 324.42 W, 1965 MHz, 3996 MHz, 17 %, 161509 MiB
2026/08/03 11:44:01.137, 2, P0, 36, 236.01 W, 1965 MHz, 3996 MHz, 0 %, 0 MiB
2026/08/03 11:44:01.137, 3, P0, 32, 238.45 W, 1965 MHz, 3996 MHz, 0 %, 0 MiB
2026/08/03 11:44:01.137, 4, P0, 33, 235.68 W, 1965 MHz, 3996 MHz, 0 %, 0 MiB
2026/08/03 11:44:01.137, 5, P0, 36, 244.28 W, 1965 MHz, 3996 MHz, 0 %, 0 MiB
2026/08/03 11:44:01.137, 6, P0, 33, 242.32 W, 1965 MHz, 3996 MHz, 0 %, 0 MiB
2026/08/03 11:44:01.137, 7, P0, 37, 243.21 W, 1965 MHz, 3996 MHz, 0 %, 0 MiB
2026/08/03 11:44:02.137, 0, P0, 37, 267.18 W, 1965 MHz, 3996 MHz, 92 %, 161509 MiB
2026/08/03 11:44:02.137, 1, P0, 34, 252.67 W, 1965 MHz, 3996 MHz, 7 %, 161509 MiB
2026/08/03 11:44:02.137, 2, P0, 36, 235.92 W, 1965 MHz, 3996 MHz, 0 %, 0 MiB
2026/08/03 11:44:02.137, 3, P0, 32, 238.54 W, 1965 MHz, 3996 MHz, 0 %, 0 MiB
2026/08/03 11:44:02.137, 4, P0, 33, 235.49 W, 1965 MHz, 3996 MHz, 0 %, 0 MiB
2026/08/03 11:44:02.137, 5, P0, 36, 244.40 W, 1965 MHz, 3996 MHz, 0 %, 0 MiB
2026/08/03 11:44:02.137, 6, P0, 33, 242.33 W, 1965 MHz, 3996 MHz, 0 %, 0 MiB
2026/08/03 11:44:02.137, 7, P0, 37, 243.18 W, 1965 MHz, 3996 MHz, 0 %, 0 MiB
2026/08/03 11:44:03.137, 0, P0, 37, 341.80 W, 1965 MHz, 3996 MHz, 91 %, 161509 MiB
2026/08/03 11:44:03.137, 1, P0, 34, 332.72 W, 1965 MHz, 3996 MHz, 7 %, 161509 MiB
2026/08/03 11:44:03.137, 2, P0, 36, 236.02 W, 1965 MHz, 3996 MHz, 0 %, 0 MiB
2026/08/03 11:44:03.137, 3, P0, 32, 238.41 W, 1965 MHz, 3996 MHz, 0 %, 0 MiB
2026/08/03 11:44:03.137, 4, P0, 33, 235.57 W, 1965 MHz, 3996 MHz, 0 %, 0 MiB
2026/08/03 11:44:03.137, 5, P0, 36, 244.24 W, 1965 MHz, 3996 MHz, 0 %, 0 MiB
2026/08/03 11:44:03.137, 6, P0, 33, 242.30 W, 1965 MHz, 3996 MHz, 0 %, 0 MiB
2026/08/03 11:44:03.137, 7, P0, 37, 243.14 W, 1965 MHz, 3996 MHz, 0 %, 0 MiB
2026/08/03 11:44:04.137, 0, P0, 37, 269.39 W, 1965 MHz, 3996 MHz, 96 %, 161509 MiB
2026/08/03 11:44:04.137, 1, P0, 34, 254.30 W, 1965 MHz, 3996 MHz, 7 %, 161509 MiB
2026/08/03 11:44:04.138, 2, P0, 36, 236.01 W, 1965 MHz, 3996 MHz, 0 %, 0 MiB
2026/08/03 11:44:04.138, 3, P0, 32, 238.52 W, 1965 MHz, 3996 MHz, 0 %, 0 MiB
2026/08/03 11:44:04.138, 4, P0, 33, 235.48 W, 1965 MHz, 3996 MHz, 0 %, 0 MiB
2026/08/03 11:44:04.138, 5, P0, 36, 244.35 W, 1965 MHz, 3996 MHz, 0 %, 0 MiB
2026/08/03 11:44:04.138, 6, P0, 33, 242.25 W, 1965 MHz, 3996 MHz, 0 %, 0 MiB
2026/08/03 11:44:04.138, 7, P0, 37, 243.20 W, 1965 MHz, 3996 MHz, 0 %, 0 MiB
2026/08/03 11:44:05.138, 0, P0, 37, 267.95 W, 1965 MHz, 3996 MHz, 95 %, 161509 MiB
2026/08/03 11:44:05.138, 1, P0, 34, 254.71 W, 1965 MHz, 3996 MHz, 7 %, 161509 MiB
2026/08/03 11:44:05.138, 2, P0, 36, 236.01 W, 1965 MHz, 3996 MHz, 0 %, 0 MiB
2026/08/03 11:44:05.138, 3, P0, 32, 238.47 W, 1965 MHz, 3996 MHz, 0 %, 0 MiB
2026/08/03 11:44:05.138, 4, P0, 33, 235.55 W, 1965 MHz, 3996 MHz, 0 %, 0 MiB
2026/08/03 11:44:05.138, 5, P0, 36, 244.43 W, 1965 MHz, 3996 MHz, 0 %, 0 MiB
2026/08/03 11:44:05.138, 6, P0, 33, 242.31 W, 1965 MHz, 3996 MHz, 0 %, 0 MiB
2026/08/03 11:44:05.138, 7, P0, 37, 243.15 W, 1965 MHz, 3996 MHz, 0 %, 0 MiB
2026/08/03 11:44:06.138, 0, P0, 37, 268.54 W, 1965 MHz, 3996 MHz, 96 %, 161509 MiB
2026/08/03 11:44:06.138, 1, P0, 34, 254.60 W, 1965 MHz, 3996 MHz, 7 %, 161509 MiB
2026/08/03 11:44:06.138, 2, P0, 36, 235.98 W, 1965 MHz, 3996 MHz, 0 %, 0 MiB
2026/08/03 11:44:06.138, 3, P0, 32, 238.51 W, 1965 MHz, 3996 MHz, 0 %, 0 MiB
2026/08/03 11:44:06.138, 4, P0, 33, 235.47 W, 1965 MHz, 3996 MHz, 0 %, 0 MiB
2026/08/03 11:44:06.138, 5, P0, 36, 244.40 W, 1965 MHz, 3996 MHz, 0 %, 0 MiB
2026/08/03 11:44:06.138, 6, P0, 33, 242.34 W, 1965 MHz, 3996 MHz, 0 %, 0 MiB
2026/08/03 11:44:06.138, 7, P0, 37, 243.14 W, 1965 MHz, 3996 MHz, 0 %, 0 MiB
2026/08/03 11:44:07.138, 0, P0, 37, 267.08 W, 1965 MHz, 3996 MHz, 90 %, 161509 MiB
2026/08/03 11:44:07.138, 1, P0, 34, 254.44 W, 1965 MHz, 3996 MHz, 7 %, 161509 MiB
2026/08/03 11:44:07.138, 2, P0, 36, 236.06 W, 1965 MHz, 3996 MHz, 0 %, 0 MiB
2026/08/03 11:44:07.138, 3, P0, 32, 238.46 W, 1965 MHz, 3996 MHz, 0 %, 0 MiB
2026/08/03 11:44:07.138, 4, P0, 33, 235.57 W, 1965 MHz, 3996 MHz, 0 %, 0 MiB
2026/08/03 11:44:07.138, 5, P0, 36, 244.38 W, 1965 MHz, 3996 MHz, 0 %, 0 MiB
2026/08/03 11:44:07.138, 6, P0, 33, 242.27 W, 1965 MHz, 3996 MHz, 0 %, 0 MiB
2026/08/03 11:44:07.138, 7, P0, 37, 243.26 W, 1965 MHz, 3996 MHz, 0 %, 0 MiB
2026/08/03 11:44:08.139, 0, P0, 36, 267.03 W, 1965 MHz, 3996 MHz, 90 %, 161509 MiB
2026/08/03 11:44:08.139, 1, P0, 34, 253.77 W, 1965 MHz, 3996 MHz, 7 %, 161509 MiB
2026/08/03 11:44:08.139, 2, P0, 36, 236.05 W, 1965 MHz, 3996 MHz, 0 %, 0 MiB
2026/08/03 11:44:08.139, 3, P0, 32, 238.44 W, 1965 MHz, 3996 MHz, 0 %, 0 MiB
2026/08/03 11:44:08.139, 4, P0, 33, 235.55 W, 1965 MHz, 3996 MHz, 0 %, 0 MiB
2026/08/03 11:44:08.139, 5, P0, 36, 244.38 W, 1965 MHz, 3996 MHz, 0 %, 0 MiB
2026/08/03 11:44:08.139, 6, P0, 33, 242.27 W, 1965 MHz, 3996 MHz, 0 %, 0 MiB
2026/08/03 11:44:08.139, 7, P0, 37, 243.28 W, 1965 MHz, 3996 MHz, 0 %, 0 MiB
2026/08/03 11:44:09.139, 0, P0, 36, 267.47 W, 1965 MHz, 3996 MHz, 96 %, 161509 MiB
2026/08/03 11:44:09.139, 1, P0, 34, 254.30 W, 1965 MHz, 3996 MHz, 7 %, 161509 MiB
2026/08/03 11:44:09.139, 2, P0, 36, 236.02 W, 1965 MHz, 3996 MHz, 0 %, 0 MiB
2026/08/03 11:44:09.139, 3, P0, 32, 238.44 W, 1965 MHz, 3996 MHz, 0 %, 0 MiB
2026/08/03 11:44:09.139, 4, P0, 33, 235.44 W, 1965 MHz, 3996 MHz, 0 %, 0 MiB
2026/08/03 11:44:09.139, 5, P0, 36, 244.42 W, 1965 MHz, 3996 MHz, 0 %, 0 MiB
2026/08/03 11:44:09.139, 6, P0, 33, 242.32 W, 1965 MHz, 3996 MHz, 0 %, 0 MiB
2026/08/03 11:44:09.139, 7, P0, 37, 243.24 W, 1965 MHz, 3996 MHz, 0 %, 0 MiB
2026/08/03 11:44:10.139, 0, P0, 36, 267.15 W, 1965 MHz, 3996 MHz, 96 %, 161509 MiB
2026/08/03 11:44:10.139, 1, P0, 34, 255.14 W, 1965 MHz, 3996 MHz, 7 %, 161509 MiB
2026/08/03 11:44:10.139, 2, P0, 36, 236.01 W, 1965 MHz, 3996 MHz, 0 %, 0 MiB
2026/08/03 11:44:10.139, 3, P0, 32, 238.53 W, 1965 MHz, 3996 MHz, 0 %, 0 MiB
2026/08/03 11:44:10.139, 4, P0, 33, 235.54 W, 1965 MHz, 3996 MHz, 0 %, 0 MiB
2026/08/03 11:44:10.139, 5, P0, 36, 244.46 W, 1965 MHz, 3996 MHz, 0 %, 0 MiB
2026/08/03 11:44:10.139, 6, P0, 33, 242.37 W, 1965 MHz, 3996 MHz, 0 %, 0 MiB
2026/08/03 11:44:10.139, 7, P0, 37, 243.19 W, 1965 MHz, 3996 MHz, 0 %, 0 MiB
2026/08/03 11:44:11.139, 0, P0, 43, 332.88 W, 1815 MHz, 3996 MHz, 89 %, 161509 MiB
2026/08/03 11:44:11.140, 1, P0, 36, 327.98 W, 1447 MHz, 3996 MHz, 7 %, 161509 MiB
2026/08/03 11:44:11.140, 2, P0, 36, 236.05 W, 1965 MHz, 3996 MHz, 0 %, 0 MiB
2026/08/03 11:44:11.140, 3, P0, 32, 238.52 W, 1965 MHz, 3996 MHz, 0 %, 0 MiB
2026/08/03 11:44:11.140, 4, P0, 33, 235.52 W, 1965 MHz, 3996 MHz, 0 %, 0 MiB
2026/08/03 11:44:11.140, 5, P0, 36, 244.38 W, 1965 MHz, 3996 MHz, 0 %, 0 MiB
2026/08/03 11:44:11.140, 6, P0, 33, 242.33 W, 1965 MHz, 3996 MHz, 0 %, 0 MiB
2026/08/03 11:44:11.140, 7, P0, 37, 243.26 W, 1965 MHz, 3996 MHz, 0 %, 0 MiB
2026/08/03 11:44:12.140, 0, P0, 37, 269.42 W, 1965 MHz, 3996 MHz, 93 %, 161509 MiB
2026/08/03 11:44:12.140, 1, P0, 34, 256.58 W, 1965 MHz, 3996 MHz, 8 %, 161509 MiB
2026/08/03 11:44:12.140, 2, P0, 36, 235.99 W, 1965 MHz, 3996 MHz, 0 %, 0 MiB
2026/08/03 11:44:12.140, 3, P0, 32, 238.56 W, 1965 MHz, 3996 MHz, 0 %, 0 MiB
2026/08/03 11:44:12.140, 4, P0, 33, 235.55 W, 1965 MHz, 3996 MHz, 0 %, 0 MiB
2026/08/03 11:44:12.140, 5, P0, 36, 244.36 W, 1965 MHz, 3996 MHz, 0 %, 0 MiB
2026/08/03 11:44:12.140, 6, P0, 33, 242.34 W, 1965 MHz, 3996 MHz, 0 %, 0 MiB
2026/08/03 11:44:12.140, 7, P0, 37, 243.21 W, 1965 MHz, 3996 MHz, 0 %, 0 MiB
2026/08/03 11:44:13.140, 0, P0, 37, 279.72 W, 1965 MHz, 3996 MHz, 93 %, 161509 MiB
2026/08/03 11:44:13.140, 1, P0, 34, 264.68 W, 1965 MHz, 3996 MHz, 8 %, 161509 MiB
2026/08/03 11:44:13.140, 2, P0, 36, 235.99 W, 1965 MHz, 3996 MHz, 0 %, 0 MiB
2026/08/03 11:44:13.140, 3, P0, 32, 238.59 W, 1965 MHz, 3996 MHz, 0 %, 0 MiB
2026/08/03 11:44:13.140, 4, P0, 33, 235.54 W, 1965 MHz, 3996 MHz, 0 %, 0 MiB
2026/08/03 11:44:13.140, 5, P0, 36, 244.47 W, 1965 MHz, 3996 MHz, 0 %, 0 MiB
2026/08/03 11:44:13.140, 6, P0, 33, 242.33 W, 1965 MHz, 3996 MHz, 0 %, 0 MiB
2026/08/03 11:44:13.140, 7, P0, 37, 243.25 W, 1965 MHz, 3996 MHz, 0 %, 0 MiB
2026/08/03 11:44:14.140, 0, P0, 37, 333.87 W, 1965 MHz, 3996 MHz, 92 %, 161509 MiB
2026/08/03 11:44:14.140, 1, P0, 34, 303.95 W, 1965 MHz, 3996 MHz, 7 %, 161509 MiB
2026/08/03 11:44:14.140, 2, P0, 36, 236.05 W, 1965 MHz, 3996 MHz, 0 %, 0 MiB
2026/08/03 11:44:14.140, 3, P0, 32, 238.47 W, 1965 MHz, 3996 MHz, 0 %, 0 MiB
2026/08/03 11:44:14.141, 4, P0, 33, 235.60 W, 1965 MHz, 3996 MHz, 0 %, 0 MiB
2026/08/03 11:44:14.141, 5, P0, 36, 244.37 W, 1965 MHz, 3996 MHz, 0 %, 0 MiB
2026/08/03 11:44:14.141, 6, P0, 33, 242.31 W, 1965 MHz, 3996 MHz, 0 %, 0 MiB
2026/08/03 11:44:14.141, 7, P0, 37, 243.10 W, 1965 MHz, 3996 MHz, 0 %, 0 MiB
2026/08/03 11:44:15.141, 0, P0, 37, 266.77 W, 1965 MHz, 3996 MHz, 96 %, 161509 MiB
2026/08/03 11:44:15.141, 1, P0, 34, 253.71 W, 1965 MHz, 3996 MHz, 7 %, 161509 MiB
2026/08/03 11:44:15.141, 2, P0, 36, 235.99 W, 1965 MHz, 3996 MHz, 0 %, 0 MiB
2026/08/03 11:44:15.141, 3, P0, 32, 238.54 W, 1965 MHz, 3996 MHz, 0 %, 0 MiB
2026/08/03 11:44:15.141, 4, P0, 33, 235.57 W, 1965 MHz, 3996 MHz, 0 %, 0 MiB
2026/08/03 11:44:15.141, 5, P0, 36, 244.46 W, 1965 MHz, 3996 MHz, 0 %, 0 MiB
2026/08/03 11:44:15.141, 6, P0, 33, 242.26 W, 1965 MHz, 3996 MHz, 0 %, 0 MiB
2026/08/03 11:44:15.141, 7, P0, 37, 243.17 W, 1965 MHz, 3996 MHz, 0 %, 0 MiB
2026/08/03 11:44:16.141, 0, P0, 37, 266.84 W, 1965 MHz, 3996 MHz, 96 %, 161509 MiB
2026/08/03 11:44:16.141, 1, P0, 34, 253.43 W, 1965 MHz, 3996 MHz, 7 %, 161509 MiB
2026/08/03 11:44:16.141, 2, P0, 36, 235.99 W, 1965 MHz, 3996 MHz, 0 %, 0 MiB
2026/08/03 11:44:16.141, 3, P0, 32, 238.55 W, 1965 MHz, 3996 MHz, 0 %, 0 MiB
2026/08/03 11:44:16.141, 4, P0, 33, 235.50 W, 1965 MHz, 3996 MHz, 0 %, 0 MiB
2026/08/03 11:44:16.141, 5, P0, 36, 244.38 W, 1965 MHz, 3996 MHz, 0 %, 0 MiB
2026/08/03 11:44:16.141, 6, P0, 33, 242.36 W, 1965 MHz, 3996 MHz, 0 %, 0 MiB
2026/08/03 11:44:16.141, 7, P0, 37, 243.19 W, 1965 MHz, 3996 MHz, 0 %, 0 MiB
2026/08/03 11:44:17.141, 0, P0, 37, 265.85 W, 1965 MHz, 3996 MHz, 93 %, 161509 MiB
2026/08/03 11:44:17.141, 1, P0, 34, 251.57 W, 1965 MHz, 3996 MHz, 7 %, 161509 MiB
2026/08/03 11:44:17.141, 2, P0, 36, 235.98 W, 1965 MHz, 3996 MHz, 0 %, 0 MiB
2026/08/03 11:44:17.141, 3, P0, 32, 238.57 W, 1965 MHz, 3996 MHz, 0 %, 0 MiB
2026/08/03 11:44:17.141, 4, P0, 33, 235.50 W, 1965 MHz, 3996 MHz, 0 %, 0 MiB
2026/08/03 11:44:17.141, 5, P0, 36, 244.40 W, 1965 MHz, 3996 MHz, 0 %, 0 MiB
2026/08/03 11:44:17.141, 6, P0, 33, 242.32 W, 1965 MHz, 3996 MHz, 0 %, 0 MiB
2026/08/03 11:44:17.141, 7, P0, 37, 243.18 W, 1965 MHz, 3996 MHz, 0 %, 0 MiB
2026/08/03 11:44:18.141, 0, P0, 36, 266.96 W, 1965 MHz, 3996 MHz, 92 %, 161509 MiB
2026/08/03 11:44:18.142, 1, P0, 34, 253.18 W, 1965 MHz, 3996 MHz, 7 %, 161509 MiB
2026/08/03 11:44:18.142, 2, P0, 36, 236.03 W, 1965 MHz, 3996 MHz, 0 %, 0 MiB
2026/08/03 11:44:18.142, 3, P0, 32, 238.67 W, 1965 MHz, 3996 MHz, 0 %, 0 MiB
2026/08/03 11:44:18.142, 4, P0, 33, 235.54 W, 1965 MHz, 3996 MHz, 0 %, 0 MiB
2026/08/03 11:44:18.142, 5, P0, 36, 244.47 W, 1965 MHz, 3996 MHz, 0 %, 0 MiB
2026/08/03 11:44:18.142, 6, P0, 33, 242.35 W, 1965 MHz, 3996 MHz, 0 %, 0 MiB
2026/08/03 11:44:18.142, 7, P0, 37, 243.26 W, 1965 MHz, 3996 MHz, 0 %, 0 MiB
2026/08/03 11:44:19.142, 0, P0, 36, 266.05 W, 1965 MHz, 3996 MHz, 92 %, 161509 MiB
2026/08/03 11:44:19.142, 1, P0, 34, 252.34 W, 1965 MHz, 3996 MHz, 7 %, 161509 MiB
2026/08/03 11:44:19.142, 2, P0, 36, 236.03 W, 1965 MHz, 3996 MHz, 0 %, 0 MiB
2026/08/03 11:44:19.142, 3, P0, 32, 238.49 W, 1965 MHz, 3996 MHz, 0 %, 0 MiB
2026/08/03 11:44:19.142, 4, P0, 33, 235.50 W, 1965 MHz, 3996 MHz, 0 %, 0 MiB
2026/08/03 11:44:19.142, 5, P0, 36, 244.47 W, 1965 MHz, 3996 MHz, 0 %, 0 MiB
2026/08/03 11:44:19.142, 6, P0, 33, 242.30 W, 1965 MHz, 3996 MHz, 0 %, 0 MiB
2026/08/03 11:44:19.142, 7, P0, 37, 243.23 W, 1965 MHz, 3996 MHz, 0 %, 0 MiB
2026/08/03 11:44:20.142, 0, P0, 36, 266.13 W, 1965 MHz, 3996 MHz, 96 %, 161509 MiB
2026/08/03 11:44:20.142, 1, P0, 33, 253.49 W, 1965 MHz, 3996 MHz, 7 %, 161509 MiB
2026/08/03 11:44:20.142, 2, P0, 36, 236.03 W, 1965 MHz, 3996 MHz, 0 %, 0 MiB
2026/08/03 11:44:20.142, 3, P0, 32, 238.54 W, 1965 MHz, 3996 MHz, 0 %, 0 MiB
2026/08/03 11:44:20.142, 4, P0, 33, 235.50 W, 1965 MHz, 3996 MHz, 0 %, 0 MiB
2026/08/03 11:44:20.142, 5, P0, 36, 244.47 W, 1965 MHz, 3996 MHz, 0 %, 0 MiB
2026/08/03 11:44:20.142, 6, P0, 33, 242.26 W, 1965 MHz, 3996 MHz, 0 %, 0 MiB
2026/08/03 11:44:20.142, 7, P0, 37, 243.19 W, 1965 MHz, 3996 MHz, 0 %, 0 MiB
2026/08/03 11:44:21.142, 0, P0, 36, 266.82 W, 1965 MHz, 3996 MHz, 95 %, 161509 MiB
2026/08/03 11:44:21.142, 1, P0, 33, 253.48 W, 1965 MHz, 3996 MHz, 7 %, 161509 MiB
2026/08/03 11:44:21.142, 2, P0, 36, 236.03 W, 1965 MHz, 3996 MHz, 0 %, 0 MiB
2026/08/03 11:44:21.142, 3, P0, 32, 238.63 W, 1965 MHz, 3996 MHz, 0 %, 0 MiB
2026/08/03 11:44:21.142, 4, P0, 33, 235.50 W, 1965 MHz, 3996 MHz, 0 %, 0 MiB
2026/08/03 11:44:21.143, 5, P0, 36, 244.45 W, 1965 MHz, 3996 MHz, 0 %, 0 MiB
2026/08/03 11:44:21.143, 6, P0, 33, 242.29 W, 1965 MHz, 3996 MHz, 0 %, 0 MiB
2026/08/03 11:44:21.143, 7, P0, 37, 243.17 W, 1965 MHz, 3996 MHz, 0 %, 0 MiB
2026/08/03 11:44:22.143, 0, P0, 36, 266.21 W, 1965 MHz, 3996 MHz, 91 %, 161509 MiB
2026/08/03 11:44:22.143, 1, P0, 33, 251.98 W, 1965 MHz, 3996 MHz, 7 %, 161509 MiB
2026/08/03 11:44:22.143, 2, P0, 36, 236.01 W, 1965 MHz, 3996 MHz, 0 %, 0 MiB
2026/08/03 11:44:22.143, 3, P0, 32, 238.54 W, 1965 MHz, 3996 MHz, 0 %, 0 MiB
2026/08/03 11:44:22.143, 4, P0, 33, 235.54 W, 1965 MHz, 3996 MHz, 0 %, 0 MiB
2026/08/03 11:44:22.143, 5, P0, 36, 244.47 W, 1965 MHz, 3996 MHz, 0 %, 0 MiB
2026/08/03 11:44:22.143, 6, P0, 33, 242.31 W, 1965 MHz, 3996 MHz, 0 %, 0 MiB
2026/08/03 11:44:22.143, 7, P0, 37, 243.17 W, 1965 MHz, 3996 MHz, 0 %, 0 MiB
2026/08/03 11:44:23.143, 0, P0, 36, 265.26 W, 1965 MHz, 3996 MHz, 93 %, 161509 MiB
2026/08/03 11:44:23.143, 1, P0, 33, 252.28 W, 1965 MHz, 3996 MHz, 7 %, 161509 MiB
2026/08/03 11:44:23.143, 2, P0, 36, 235.98 W, 1965 MHz, 3996 MHz, 0 %, 0 MiB
2026/08/03 11:44:23.143, 3, P0, 32, 238.49 W, 1965 MHz, 3996 MHz, 0 %, 0 MiB
2026/08/03 11:44:23.143, 4, P0, 33, 235.51 W, 1965 MHz, 3996 MHz, 0 %, 0 MiB
2026/08/03 11:44:23.143, 5, P0, 36, 244.44 W, 1965 MHz, 3996 MHz, 0 %, 0 MiB
2026/08/03 11:44:23.143, 6, P0, 33, 242.23 W, 1965 MHz, 3996 MHz, 0 %, 0 MiB
2026/08/03 11:44:23.143, 7, P0, 37, 243.15 W, 1965 MHz, 3996 MHz, 0 %, 0 MiB
2026/08/03 11:44:24.143, 0, P0, 36, 265.19 W, 1965 MHz, 3996 MHz, 96 %, 161509 MiB
2026/08/03 11:44:24.143, 1, P0, 33, 252.79 W, 1965 MHz, 3996 MHz, 7 %, 161509 MiB
2026/08/03 11:44:24.143, 2, P0, 36, 236.05 W, 1965 MHz, 3996 MHz, 0 %, 0 MiB
2026/08/03 11:44:24.143, 3, P0, 32, 238.49 W, 1965 MHz, 3996 MHz, 0 %, 0 MiB
2026/08/03 11:44:24.143, 4, P0, 33, 235.51 W, 1965 MHz, 3996 MHz, 0 %, 0 MiB
2026/08/03 11:44:24.143, 5, P0, 36, 244.44 W, 1965 MHz, 3996 MHz, 0 %, 0 MiB
2026/08/03 11:44:24.143, 6, P0, 33, 242.22 W, 1965 MHz, 3996 MHz, 0 %, 0 MiB
2026/08/03 11:44:24.143, 7, P0, 37, 243.24 W, 1965 MHz, 3996 MHz, 0 %, 0 MiB
2026/08/03 11:44:25.143, 0, P0, 36, 265.77 W, 1965 MHz, 3996 MHz, 95 %, 161509 MiB
2026/08/03 11:44:25.144, 1, P0, 33, 252.90 W, 1965 MHz, 3996 MHz, 7 %, 161509 MiB
2026/08/03 11:44:25.144, 2, P0, 36, 236.05 W, 1965 MHz, 3996 MHz, 0 %, 0 MiB
2026/08/03 11:44:25.144, 3, P0, 32, 238.53 W, 1965 MHz, 3996 MHz, 0 %, 0 MiB
2026/08/03 11:44:25.144, 4, P0, 33, 235.51 W, 1965 MHz, 3996 MHz, 0 %, 0 MiB
2026/08/03 11:44:25.144, 5, P0, 36, 244.44 W, 1965 MHz, 3996 MHz, 0 %, 0 MiB
2026/08/03 11:44:25.144, 6, P0, 33, 242.30 W, 1965 MHz, 3996 MHz, 0 %, 0 MiB
2026/08/03 11:44:25.144, 7, P0, 37, 243.17 W, 1965 MHz, 3996 MHz, 0 %, 0 MiB
2026/08/03 11:44:26.144, 0, P0, 36, 265.48 W, 1965 MHz, 3996 MHz, 92 %, 161509 MiB
2026/08/03 11:44:26.144, 1, P0, 33, 253.12 W, 1965 MHz, 3996 MHz, 7 %, 161509 MiB
2026/08/03 11:44:26.144, 2, P0, 36, 236.05 W, 1965 MHz, 3996 MHz, 0 %, 0 MiB
2026/08/03 11:44:26.144, 3, P0, 32, 238.47 W, 1965 MHz, 3996 MHz, 0 %, 0 MiB
2026/08/03 11:44:26.144, 4, P0, 33, 235.49 W, 1965 MHz, 3996 MHz, 0 %, 0 MiB
2026/08/03 11:44:26.144, 5, P0, 36, 244.45 W, 1965 MHz, 3996 MHz, 0 %, 0 MiB
2026/08/03 11:44:26.144, 6, P0, 33, 242.29 W, 1965 MHz, 3996 MHz, 0 %, 0 MiB
2026/08/03 11:44:26.144, 7, P0, 37, 243.18 W, 1965 MHz, 3996 MHz, 0 %, 0 MiB
2026/08/03 11:44:27.144, 0, P0, 36, 266.61 W, 1965 MHz, 3996 MHz, 94 %, 161509 MiB
2026/08/03 11:44:27.144, 1, P0, 33, 253.28 W, 1965 MHz, 3996 MHz, 7 %, 161509 MiB
2026/08/03 11:44:27.144, 2, P0, 36, 235.98 W, 1965 MHz, 3996 MHz, 0 %, 0 MiB
2026/08/03 11:44:27.144, 3, P0, 32, 238.54 W, 1965 MHz, 3996 MHz, 0 %, 0 MiB
2026/08/03 11:44:27.144, 4, P0, 33, 235.49 W, 1965 MHz, 3996 MHz, 0 %, 0 MiB
2026/08/03 11:44:27.144, 5, P0, 36, 244.48 W, 1965 MHz, 3996 MHz, 0 %, 0 MiB
2026/08/03 11:44:27.144, 6, P0, 33, 242.30 W, 1965 MHz, 3996 MHz, 0 %, 0 MiB
2026/08/03 11:44:27.144, 7, P0, 37, 243.21 W, 1965 MHz, 3996 MHz, 0 %, 0 MiB
2026/08/03 11:44:28.144, 0, P0, 36, 265.12 W, 1965 MHz, 3996 MHz, 96 %, 161509 MiB
2026/08/03 11:44:28.144, 1, P0, 33, 253.02 W, 1965 MHz, 3996 MHz, 7 %, 161509 MiB
2026/08/03 11:44:28.144, 2, P0, 36, 235.94 W, 1965 MHz, 3996 MHz, 0 %, 0 MiB
2026/08/03 11:44:28.144, 3, P0, 32, 238.52 W, 1965 MHz, 3996 MHz, 0 %, 0 MiB
2026/08/03 11:44:28.144, 4, P0, 33, 235.52 W, 1965 MHz, 3996 MHz, 0 %, 0 MiB
2026/08/03 11:44:28.144, 5, P0, 36, 244.46 W, 1965 MHz, 3996 MHz, 0 %, 0 MiB
2026/08/03 11:44:28.144, 6, P0, 33, 242.29 W, 1965 MHz, 3996 MHz, 0 %, 0 MiB
2026/08/03 11:44:28.144, 7, P0, 37, 243.16 W, 1965 MHz, 3996 MHz, 0 %, 0 MiB
2026/08/03 11:44:29.145, 0, P0, 36, 265.92 W, 1965 MHz, 3996 MHz, 95 %, 161509 MiB
2026/08/03 11:44:29.145, 1, P0, 33, 253.02 W, 1965 MHz, 3996 MHz, 7 %, 161509 MiB
2026/08/03 11:44:29.145, 2, P0, 36, 235.98 W, 1965 MHz, 3996 MHz, 0 %, 0 MiB
2026/08/03 11:44:29.145, 3, P0, 32, 238.53 W, 1965 MHz, 3996 MHz, 0 %, 0 MiB
2026/08/03 11:44:29.145, 4, P0, 33, 235.54 W, 1965 MHz, 3996 MHz, 0 %, 0 MiB
2026/08/03 11:44:29.145, 5, P0, 36, 244.38 W, 1965 MHz, 3996 MHz, 0 %, 0 MiB
2026/08/03 11:44:29.145, 6, P0, 33, 242.28 W, 1965 MHz, 3996 MHz, 0 %, 0 MiB
2026/08/03 11:44:29.145, 7, P0, 37, 243.13 W, 1965 MHz, 3996 MHz, 0 %, 0 MiB
2026/08/03 11:44:30.145, 0, P0, 36, 266.12 W, 1965 MHz, 3996 MHz, 92 %, 161509 MiB
2026/08/03 11:44:30.145, 1, P0, 33, 253.29 W, 1965 MHz, 3996 MHz, 7 %, 161509 MiB
2026/08/03 11:44:30.145, 2, P0, 36, 236.07 W, 1965 MHz, 3996 MHz, 0 %, 0 MiB
2026/08/03 11:44:30.145, 3, P0, 32, 238.56 W, 1965 MHz, 3996 MHz, 0 %, 0 MiB
2026/08/03 11:44:30.145, 4, P0, 33, 235.57 W, 1965 MHz, 3996 MHz, 0 %, 0 MiB
2026/08/03 11:44:30.145, 5, P0, 36, 244.36 W, 1965 MHz, 3996 MHz, 0 %, 0 MiB
2026/08/03 11:44:30.145, 6, P0, 33, 242.22 W, 1965 MHz, 3996 MHz, 0 %, 0 MiB
2026/08/03 11:44:30.145, 7, P0, 37, 243.13 W, 1965 MHz, 3996 MHz, 0 %, 0 MiB
2026/08/03 11:44:31.145, 0, P0, 36, 266.58 W, 1965 MHz, 3996 MHz, 93 %, 161509 MiB
2026/08/03 11:44:31.145, 1, P0, 33, 252.44 W, 1965 MHz, 3996 MHz, 7 %, 161509 MiB
2026/08/03 11:44:31.145, 2, P0, 36, 235.97 W, 1965 MHz, 3996 MHz, 0 %, 0 MiB
2026/08/03 11:44:31.145, 3, P0, 32, 238.54 W, 1965 MHz, 3996 MHz, 0 %, 0 MiB
2026/08/03 11:44:31.145, 4, P0, 33, 235.51 W, 1965 MHz, 3996 MHz, 0 %, 0 MiB
2026/08/03 11:44:31.145, 5, P0, 36, 244.38 W, 1965 MHz, 3996 MHz, 0 %, 0 MiB
2026/08/03 11:44:31.145, 6, P0, 33, 242.24 W, 1965 MHz, 3996 MHz, 0 %, 0 MiB
2026/08/03 11:44:31.145, 7, P0, 37, 243.17 W, 1965 MHz, 3996 MHz, 0 %, 0 MiB
2026/08/03 11:44:32.145, 0, P0, 36, 265.97 W, 1965 MHz, 3996 MHz, 96 %, 161509 MiB
2026/08/03 11:44:32.145, 1, P0, 33, 253.41 W, 1965 MHz, 3996 MHz, 7 %, 161509 MiB
2026/08/03 11:44:32.145, 2, P0, 36, 235.99 W, 1965 MHz, 3996 MHz, 0 %, 0 MiB
2026/08/03 11:44:32.145, 3, P0, 32, 238.55 W, 1965 MHz, 3996 MHz, 0 %, 0 MiB
2026/08/03 11:44:32.145, 4, P0, 33, 235.54 W, 1965 MHz, 3996 MHz, 0 %, 0 MiB
2026/08/03 11:44:32.145, 5, P0, 36, 244.36 W, 1965 MHz, 3996 MHz, 0 %, 0 MiB
2026/08/03 11:44:32.146, 6, P0, 33, 242.23 W, 1965 MHz, 3996 MHz, 0 %, 0 MiB
2026/08/03 11:44:32.146, 7, P0, 37, 243.19 W, 1965 MHz, 3996 MHz, 0 %, 0 MiB
2026/08/03 11:44:33.146, 0, P0, 36, 266.53 W, 1965 MHz, 3996 MHz, 96 %, 161509 MiB
2026/08/03 11:44:33.146, 1, P0, 33, 254.08 W, 1965 MHz, 3996 MHz, 7 %, 161509 MiB
2026/08/03 11:44:33.146, 2, P0, 36, 236.03 W, 1965 MHz, 3996 MHz, 0 %, 0 MiB
2026/08/03 11:44:33.146, 3, P0, 32, 238.51 W, 1965 MHz, 3996 MHz, 0 %, 0 MiB
2026/08/03 11:44:33.146, 4, P0, 33, 235.49 W, 1965 MHz, 3996 MHz, 0 %, 0 MiB
2026/08/03 11:44:33.146, 5, P0, 36, 244.33 W, 1965 MHz, 3996 MHz, 0 %, 0 MiB
2026/08/03 11:44:33.146, 6, P0, 33, 242.26 W, 1965 MHz, 3996 MHz, 0 %, 0 MiB
2026/08/03 11:44:33.146, 7, P0, 37, 243.22 W, 1965 MHz, 3996 MHz, 0 %, 0 MiB
2026/08/03 11:44:34.146, 0, P0, 36, 265.92 W, 1965 MHz, 3996 MHz, 92 %, 161509 MiB
2026/08/03 11:44:34.146, 1, P0, 33, 252.61 W, 1965 MHz, 3996 MHz, 7 %, 161509 MiB
2026/08/03 11:44:34.146, 2, P0, 36, 235.99 W, 1965 MHz, 3996 MHz, 0 %, 0 MiB
2026/08/03 11:44:34.146, 3, P0, 32, 238.52 W, 1965 MHz, 3996 MHz, 0 %, 0 MiB
2026/08/03 11:44:34.146, 4, P0, 33, 235.50 W, 1965 MHz, 3996 MHz, 0 %, 0 MiB
2026/08/03 11:44:34.146, 5, P0, 36, 244.28 W, 1965 MHz, 3996 MHz, 0 %, 0 MiB
2026/08/03 11:44:34.146, 6, P0, 33, 242.40 W, 1965 MHz, 3996 MHz, 0 %, 0 MiB
2026/08/03 11:44:34.146, 7, P0, 37, 243.22 W, 1965 MHz, 3996 MHz, 0 %, 0 MiB
2026/08/03 11:44:35.146, 0, P0, 36, 266.29 W, 1965 MHz, 3996 MHz, 92 %, 161509 MiB
2026/08/03 11:44:35.146, 1, P0, 33, 251.93 W, 1965 MHz, 3996 MHz, 7 %, 161509 MiB
2026/08/03 11:44:35.146, 2, P0, 36, 236.01 W, 1965 MHz, 3996 MHz, 0 %, 0 MiB
2026/08/03 11:44:35.146, 3, P0, 32, 238.51 W, 1965 MHz, 3996 MHz, 0 %, 0 MiB
2026/08/03 11:44:35.146, 4, P0, 33, 235.58 W, 1965 MHz, 3996 MHz, 0 %, 0 MiB
2026/08/03 11:44:35.146, 5, P0, 36, 244.34 W, 1965 MHz, 3996 MHz, 0 %, 0 MiB
2026/08/03 11:44:35.146, 6, P0, 33, 242.35 W, 1965 MHz, 3996 MHz, 0 %, 0 MiB
2026/08/03 11:44:35.146, 7, P0, 37, 243.24 W, 1965 MHz, 3996 MHz, 0 %, 0 MiB
2026/08/03 11:44:36.146, 0, P0, 36, 265.99 W, 1965 MHz, 3996 MHz, 96 %, 161509 MiB
2026/08/03 11:44:36.146, 1, P0, 33, 253.83 W, 1965 MHz, 3996 MHz, 7 %, 161509 MiB
2026/08/03 11:44:36.147, 2, P0, 36, 235.99 W, 1965 MHz, 3996 MHz, 0 %, 0 MiB
2026/08/03 11:44:36.147, 3, P0, 32, 238.51 W, 1965 MHz, 3996 MHz, 0 %, 0 MiB
2026/08/03 11:44:36.147, 4, P0, 33, 235.58 W, 1965 MHz, 3996 MHz, 0 %, 0 MiB
2026/08/03 11:44:36.147, 5, P0, 36, 244.39 W, 1965 MHz, 3996 MHz, 0 %, 0 MiB
2026/08/03 11:44:36.147, 6, P0, 33, 242.26 W, 1965 MHz, 3996 MHz, 0 %, 0 MiB
2026/08/03 11:44:36.147, 7, P0, 37, 243.33 W, 1965 MHz, 3996 MHz, 0 %, 0 MiB
2026/08/03 11:44:37.147, 0, P0, 36, 265.21 W, 1965 MHz, 3996 MHz, 96 %, 161509 MiB
2026/08/03 11:44:37.147, 1, P0, 33, 252.71 W, 1965 MHz, 3996 MHz, 7 %, 161509 MiB
2026/08/03 11:44:37.147, 2, P0, 36, 235.98 W, 1965 MHz, 3996 MHz, 0 %, 0 MiB
2026/08/03 11:44:37.147, 3, P0, 32, 238.51 W, 1965 MHz, 3996 MHz, 0 %, 0 MiB
2026/08/03 11:44:37.147, 4, P0, 33, 235.52 W, 1965 MHz, 3996 MHz, 0 %, 0 MiB
2026/08/03 11:44:37.147, 5, P0, 36, 244.32 W, 1965 MHz, 3996 MHz, 0 %, 0 MiB
2026/08/03 11:44:37.147, 6, P0, 33, 242.25 W, 1965 MHz, 3996 MHz, 0 %, 0 MiB
2026/08/03 11:44:37.147, 7, P0, 37, 243.25 W, 1965 MHz, 3996 MHz, 0 %, 0 MiB
2026/08/03 11:44:38.147, 0, P0, 36, 265.85 W, 1965 MHz, 3996 MHz, 92 %, 161509 MiB
2026/08/03 11:44:38.147, 1, P0, 33, 253.15 W, 1965 MHz, 3996 MHz, 7 %, 161509 MiB
2026/08/03 11:44:38.147, 2, P0, 36, 235.99 W, 1965 MHz, 3996 MHz, 0 %, 0 MiB
2026/08/03 11:44:38.147, 3, P0, 32, 238.48 W, 1965 MHz, 3996 MHz, 0 %, 0 MiB
2026/08/03 11:44:38.147, 4, P0, 33, 235.53 W, 1965 MHz, 3996 MHz, 0 %, 0 MiB
2026/08/03 11:44:38.147, 5, P0, 36, 244.30 W, 1965 MHz, 3996 MHz, 0 %, 0 MiB
2026/08/03 11:44:38.147, 6, P0, 33, 242.30 W, 1965 MHz, 3996 MHz, 0 %, 0 MiB
2026/08/03 11:44:38.147, 7, P0, 37, 243.27 W, 1965 MHz, 3996 MHz, 0 %, 0 MiB
2026/08/03 11:44:39.147, 0, P0, 36, 267.33 W, 1965 MHz, 3996 MHz, 93 %, 161509 MiB
2026/08/03 11:44:39.147, 1, P0, 33, 252.67 W, 1965 MHz, 3996 MHz, 7 %, 161509 MiB
2026/08/03 11:44:39.147, 2, P0, 36, 236.01 W, 1965 MHz, 3996 MHz, 0 %, 0 MiB
2026/08/03 11:44:39.147, 3, P0, 32, 238.52 W, 1965 MHz, 3996 MHz, 0 %, 0 MiB
2026/08/03 11:44:39.147, 4, P0, 33, 235.46 W, 1965 MHz, 3996 MHz, 0 %, 0 MiB
2026/08/03 11:44:39.147, 5, P0, 36, 244.37 W, 1965 MHz, 3996 MHz, 0 %, 0 MiB
2026/08/03 11:44:39.147, 6, P0, 33, 242.27 W, 1965 MHz, 3996 MHz, 0 %, 0 MiB
2026/08/03 11:44:39.147, 7, P0, 37, 243.18 W, 1965 MHz, 3996 MHz, 0 %, 0 MiB
2026/08/03 11:44:40.147, 0, P0, 36, 265.59 W, 1965 MHz, 3996 MHz, 96 %, 161509 MiB
2026/08/03 11:44:40.148, 1, P0, 33, 252.62 W, 1965 MHz, 3996 MHz, 7 %, 161509 MiB
2026/08/03 11:44:40.149, 2, P0, 36, 236.05 W, 1965 MHz, 3996 MHz, 0 %, 0 MiB
2026/08/03 11:44:40.149, 3, P0, 32, 238.55 W, 1965 MHz, 3996 MHz, 0 %, 0 MiB
2026/08/03 11:44:40.149, 4, P0, 33, 235.45 W, 1965 MHz, 3996 MHz, 0 %, 0 MiB
2026/08/03 11:44:40.151, 5, P0, 36, 244.35 W, 1965 MHz, 3996 MHz, 0 %, 0 MiB
2026/08/03 11:44:40.151, 6, P0, 33, 242.20 W, 1965 MHz, 3996 MHz, 0 %, 0 MiB
2026/08/03 11:44:40.151, 7, P0, 37, 243.16 W, 1965 MHz, 3996 MHz, 0 %, 0 MiB
2026/08/03 11:44:41.151, 0, P0, 36, 266.45 W, 1965 MHz, 3996 MHz, 96 %, 161509 MiB
2026/08/03 11:44:41.151, 1, P0, 33, 252.72 W, 1965 MHz, 3996 MHz, 7 %, 161509 MiB
2026/08/03 11:44:41.151, 2, P0, 36, 235.98 W, 1965 MHz, 3996 MHz, 0 %, 0 MiB
2026/08/03 11:44:41.151, 3, P0, 32, 238.53 W, 1965 MHz, 3996 MHz, 0 %, 0 MiB
2026/08/03 11:44:41.151, 4, P0, 33, 235.48 W, 1965 MHz, 3996 MHz, 0 %, 0 MiB
2026/08/03 11:44:41.151, 5, P0, 36, 244.32 W, 1965 MHz, 3996 MHz, 0 %, 0 MiB
2026/08/03 11:44:41.151, 6, P0, 33, 242.21 W, 1965 MHz, 3996 MHz, 0 %, 0 MiB
2026/08/03 11:44:41.151, 7, P0, 37, 243.12 W, 1965 MHz, 3996 MHz, 0 %, 0 MiB
2026/08/03 11:44:42.151, 0, P0, 36, 266.60 W, 1965 MHz, 3996 MHz, 91 %, 161509 MiB
2026/08/03 11:44:42.151, 1, P0, 33, 253.71 W, 1965 MHz, 3996 MHz, 7 %, 161509 MiB
2026/08/03 11:44:42.151, 2, P0, 36, 235.99 W, 1965 MHz, 3996 MHz, 0 %, 0 MiB
2026/08/03 11:44:42.151, 3, P0, 32, 238.46 W, 1965 MHz, 3996 MHz, 0 %, 0 MiB
2026/08/03 11:44:42.151, 4, P0, 33, 235.39 W, 1965 MHz, 3996 MHz, 0 %, 0 MiB
2026/08/03 11:44:42.151, 5, P0, 36, 244.31 W, 1965 MHz, 3996 MHz, 0 %, 0 MiB
2026/08/03 11:44:42.151, 6, P0, 33, 242.28 W, 1965 MHz, 3996 MHz, 0 %, 0 MiB
2026/08/03 11:44:42.151, 7, P0, 37, 243.17 W, 1965 MHz, 3996 MHz, 0 %, 0 MiB
2026/08/03 11:44:43.151, 0, P0, 36, 266.63 W, 1965 MHz, 3996 MHz, 92 %, 161509 MiB
2026/08/03 11:44:43.151, 1, P0, 33, 253.15 W, 1965 MHz, 3996 MHz, 7 %, 161509 MiB
2026/08/03 11:44:43.151, 2, P0, 36, 235.97 W, 1965 MHz, 3996 MHz, 0 %, 0 MiB
2026/08/03 11:44:43.151, 3, P0, 32, 238.56 W, 1965 MHz, 3996 MHz, 0 %, 0 MiB
2026/08/03 11:44:43.151, 4, P0, 33, 235.50 W, 1965 MHz, 3996 MHz, 0 %, 0 MiB
2026/08/03 11:44:43.151, 5, P0, 36, 244.27 W, 1965 MHz, 3996 MHz, 0 %, 0 MiB
2026/08/03 11:44:43.152, 6, P0, 33, 242.19 W, 1965 MHz, 3996 MHz, 0 %, 0 MiB
2026/08/03 11:44:43.152, 7, P0, 37, 243.16 W, 1965 MHz, 3996 MHz, 0 %, 0 MiB
2026/08/03 11:44:44.152, 0, P0, 36, 266.89 W, 1965 MHz, 3996 MHz, 96 %, 161509 MiB
2026/08/03 11:44:44.152, 1, P0, 33, 253.29 W, 1965 MHz, 3996 MHz, 7 %, 161509 MiB
2026/08/03 11:44:44.152, 2, P0, 36, 235.94 W, 1965 MHz, 3996 MHz, 0 %, 0 MiB
2026/08/03 11:44:44.152, 3, P0, 32, 238.52 W, 1965 MHz, 3996 MHz, 0 %, 0 MiB
2026/08/03 11:44:44.152, 4, P0, 33, 235.45 W, 1965 MHz, 3996 MHz, 0 %, 0 MiB
2026/08/03 11:44:44.152, 5, P0, 36, 244.34 W, 1965 MHz, 3996 MHz, 0 %, 0 MiB
2026/08/03 11:44:44.152, 6, P0, 33, 242.33 W, 1965 MHz, 3996 MHz, 0 %, 0 MiB
2026/08/03 11:44:44.152, 7, P0, 37, 243.20 W, 1965 MHz, 3996 MHz, 0 %, 0 MiB
2026/08/03 11:44:45.152, 0, P0, 36, 266.33 W, 1965 MHz, 3996 MHz, 96 %, 161509 MiB
2026/08/03 11:44:45.152, 1, P0, 33, 253.54 W, 1965 MHz, 3996 MHz, 7 %, 161509 MiB
2026/08/03 11:44:45.152, 2, P0, 36, 235.98 W, 1965 MHz, 3996 MHz, 0 %, 0 MiB
2026/08/03 11:44:45.152, 3, P0, 32, 238.57 W, 1965 MHz, 3996 MHz, 0 %, 0 MiB
2026/08/03 11:44:45.152, 4, P0, 33, 235.49 W, 1965 MHz, 3996 MHz, 0 %, 0 MiB
2026/08/03 11:44:45.152, 5, P0, 36, 244.36 W, 1965 MHz, 3996 MHz, 0 %, 0 MiB
2026/08/03 11:44:45.152, 6, P0, 33, 242.39 W, 1965 MHz, 3996 MHz, 0 %, 0 MiB
2026/08/03 11:44:45.152, 7, P0, 37, 243.21 W, 1965 MHz, 3996 MHz, 0 %, 0 MiB
2026/08/03 11:44:46.152, 0, P0, 36, 266.29 W, 1965 MHz, 3996 MHz, 92 %, 161509 MiB
2026/08/03 11:44:46.152, 1, P0, 33, 252.86 W, 1965 MHz, 3996 MHz, 7 %, 161509 MiB
2026/08/03 11:44:46.152, 2, P0, 36, 236.05 W, 1965 MHz, 3996 MHz, 0 %, 0 MiB
2026/08/03 11:44:46.152, 3, P0, 32, 238.50 W, 1965 MHz, 3996 MHz, 0 %, 0 MiB
2026/08/03 11:44:46.152, 4, P0, 33, 235.57 W, 1965 MHz, 3996 MHz, 0 %, 0 MiB
2026/08/03 11:44:46.152, 5, P0, 36, 244.38 W, 1965 MHz, 3996 MHz, 0 %, 0 MiB
2026/08/03 11:44:46.152, 6, P0, 33, 242.29 W, 1965 MHz, 3996 MHz, 0 %, 0 MiB
2026/08/03 11:44:46.152, 7, P0, 37, 243.21 W, 1965 MHz, 3996 MHz, 0 %, 0 MiB
2026/08/03 11:44:47.152, 0, P0, 36, 266.22 W, 1965 MHz, 3996 MHz, 92 %, 161509 MiB
2026/08/03 11:44:47.152, 1, P0, 33, 253.88 W, 1965 MHz, 3996 MHz, 7 %, 161509 MiB
2026/08/03 11:44:47.153, 2, P0, 36, 236.07 W, 1965 MHz, 3996 MHz, 0 %, 0 MiB
2026/08/03 11:44:47.153, 3, P0, 32, 238.51 W, 1965 MHz, 3996 MHz, 0 %, 0 MiB
2026/08/03 11:44:47.153, 4, P0, 33, 235.56 W, 1965 MHz, 3996 MHz, 0 %, 0 MiB
2026/08/03 11:44:47.153, 5, P0, 36, 244.35 W, 1965 MHz, 3996 MHz, 0 %, 0 MiB
2026/08/03 11:44:47.153, 6, P0, 33, 242.32 W, 1965 MHz, 3996 MHz, 0 %, 0 MiB
2026/08/03 11:44:47.153, 7, P0, 37, 243.20 W, 1965 MHz, 3996 MHz, 0 %, 0 MiB
2026/08/03 11:44:48.153, 0, P0, 48, 499.07 W, 1695 MHz, 3996 MHz, 100 %, 163589 MiB
2026/08/03 11:44:48.153, 1, P0, 44, 509.51 W, 1635 MHz, 3996 MHz, 100 %, 163589 MiB
2026/08/03 11:44:48.153, 2, P0, 36, 236.07 W, 1965 MHz, 3996 MHz, 0 %, 0 MiB
2026/08/03 11:44:48.153, 3, P0, 32, 238.54 W, 1965 MHz, 3996 MHz, 0 %, 0 MiB
2026/08/03 11:44:48.153, 4, P0, 33, 235.57 W, 1965 MHz, 3996 MHz, 0 %, 0 MiB
2026/08/03 11:44:48.153, 5, P0, 36, 244.35 W, 1965 MHz, 3996 MHz, 0 %, 0 MiB
2026/08/03 11:44:48.153, 6, P0, 33, 242.29 W, 1965 MHz, 3996 MHz, 0 %, 0 MiB
2026/08/03 11:44:48.153, 7, P0, 37, 243.15 W, 1965 MHz, 3996 MHz, 0 %, 0 MiB
2026/08/03 11:44:49.153, 0, P0, 37, 341.53 W, 1965 MHz, 3996 MHz, 92 %, 163589 MiB
2026/08/03 11:44:49.153, 1, P0, 34, 311.97 W, 1965 MHz, 3996 MHz, 8 %, 163589 MiB
2026/08/03 11:44:49.153, 2, P0, 36, 236.00 W, 1965 MHz, 3996 MHz, 0 %, 0 MiB
2026/08/03 11:44:49.153, 3, P0, 32, 238.54 W, 1965 MHz, 3996 MHz, 0 %, 0 MiB
2026/08/03 11:44:49.153, 4, P0, 33, 235.61 W, 1965 MHz, 3996 MHz, 0 %, 0 MiB
2026/08/03 11:44:49.153, 5, P0, 36, 244.27 W, 1965 MHz, 3996 MHz, 0 %, 0 MiB
2026/08/03 11:44:49.153, 6, P0, 33, 242.24 W, 1965 MHz, 3996 MHz, 0 %, 0 MiB
2026/08/03 11:44:49.153, 7, P0, 37, 243.18 W, 1965 MHz, 3996 MHz, 0 %, 0 MiB
2026/08/03 11:44:50.153, 0, P0, 37, 271.04 W, 1965 MHz, 3996 MHz, 93 %, 163589 MiB
2026/08/03 11:44:50.153, 1, P0, 34, 258.21 W, 1965 MHz, 3996 MHz, 8 %, 163589 MiB
2026/08/03 11:44:50.153, 2, P0, 36, 236.01 W, 1965 MHz, 3996 MHz, 0 %, 0 MiB
2026/08/03 11:44:50.153, 3, P0, 32, 238.54 W, 1965 MHz, 3996 MHz, 0 %, 0 MiB
2026/08/03 11:44:50.153, 4, P0, 33, 235.60 W, 1965 MHz, 3996 MHz, 0 %, 0 MiB
2026/08/03 11:44:50.153, 5, P0, 36, 244.35 W, 1965 MHz, 3996 MHz, 0 %, 0 MiB
2026/08/03 11:44:50.153, 6, P0, 33, 242.27 W, 1965 MHz, 3996 MHz, 0 %, 0 MiB
2026/08/03 11:44:50.153, 7, P0, 37, 243.18 W, 1965 MHz, 3996 MHz, 0 %, 0 MiB
2026/08/03 11:44:51.153, 0, P0, 38, 552.84 W, 1965 MHz, 3996 MHz, 95 %, 165669 MiB
2026/08/03 11:44:51.154, 1, P0, 35, 555.59 W, 1965 MHz, 3996 MHz, 8 %, 165669 MiB
2026/08/03 11:44:51.154, 2, P0, 36, 236.02 W, 1965 MHz, 3996 MHz, 0 %, 0 MiB
2026/08/03 11:44:51.154, 3, P0, 32, 238.38 W, 1965 MHz, 3996 MHz, 0 %, 0 MiB
2026/08/03 11:44:51.154, 4, P0, 33, 235.59 W, 1965 MHz, 3996 MHz, 0 %, 0 MiB
2026/08/03 11:44:51.154, 5, P0, 36, 244.31 W, 1965 MHz, 3996 MHz, 0 %, 0 MiB
2026/08/03 11:44:51.154, 6, P0, 33, 242.22 W, 1965 MHz, 3996 MHz, 0 %, 0 MiB
2026/08/03 11:44:51.154, 7, P0, 37, 243.09 W, 1965 MHz, 3996 MHz, 0 %, 0 MiB
2026/08/03 11:44:52.154, 0, P0, 37, 273.00 W, 1965 MHz, 3996 MHz, 91 %, 165669 MiB
2026/08/03 11:44:52.154, 1, P0, 34, 259.73 W, 1965 MHz, 3996 MHz, 8 %, 165669 MiB
2026/08/03 11:44:52.154, 2, P0, 36, 235.99 W, 1965 MHz, 3996 MHz, 0 %, 0 MiB
2026/08/03 11:44:52.154, 3, P0, 32, 238.55 W, 1965 MHz, 3996 MHz, 0 %, 0 MiB
2026/08/03 11:44:52.154, 4, P0, 33, 235.58 W, 1965 MHz, 3996 MHz, 0 %, 0 MiB
2026/08/03 11:44:52.154, 5, P0, 36, 244.37 W, 1965 MHz, 3996 MHz, 0 %, 0 MiB
2026/08/03 11:44:52.154, 6, P0, 33, 242.33 W, 1965 MHz, 3996 MHz, 0 %, 0 MiB
2026/08/03 11:44:52.154, 7, P0, 37, 243.26 W, 1965 MHz, 3996 MHz, 0 %, 0 MiB
2026/08/03 11:44:53.154, 0, P0, 44, 558.59 W, 1650 MHz, 3996 MHz, 100 %, 165669 MiB
2026/08/03 11:44:53.154, 1, P0, 45, 546.91 W, 1665 MHz, 3996 MHz, 100 %, 165669 MiB
2026/08/03 11:44:53.154, 2, P0, 36, 235.93 W, 1965 MHz, 3996 MHz, 0 %, 0 MiB
2026/08/03 11:44:53.154, 3, P0, 32, 238.44 W, 1965 MHz, 3996 MHz, 0 %, 0 MiB
2026/08/03 11:44:53.154, 4, P0, 33, 235.65 W, 1965 MHz, 3996 MHz, 0 %, 0 MiB
2026/08/03 11:44:53.154, 5, P0, 36, 244.32 W, 1965 MHz, 3996 MHz, 0 %, 0 MiB
2026/08/03 11:44:53.154, 6, P0, 33, 242.14 W, 1965 MHz, 3996 MHz, 0 %, 0 MiB
2026/08/03 11:44:53.154, 7, P0, 37, 243.18 W, 1965 MHz, 3996 MHz, 0 %, 0 MiB
2026/08/03 11:44:54.154, 0, P0, 38, 279.81 W, 1965 MHz, 3996 MHz, 92 %, 165669 MiB
2026/08/03 11:44:54.154, 1, P0, 35, 259.86 W, 1965 MHz, 3996 MHz, 8 %, 165669 MiB
2026/08/03 11:44:54.154, 2, P0, 36, 236.03 W, 1965 MHz, 3996 MHz, 0 %, 0 MiB
2026/08/03 11:44:54.154, 3, P0, 32, 238.58 W, 1965 MHz, 3996 MHz, 0 %, 0 MiB
2026/08/03 11:44:54.154, 4, P0, 33, 235.53 W, 1965 MHz, 3996 MHz, 0 %, 0 MiB
2026/08/03 11:44:54.154, 5, P0, 36, 244.33 W, 1965 MHz, 3996 MHz, 0 %, 0 MiB
2026/08/03 11:44:54.154, 6, P0, 33, 242.33 W, 1965 MHz, 3996 MHz, 0 %, 0 MiB
2026/08/03 11:44:54.155, 7, P0, 37, 243.19 W, 1965 MHz, 3996 MHz, 0 %, 0 MiB
2026/08/03 11:44:55.155, 0, P0, 37, 272.52 W, 1965 MHz, 3996 MHz, 95 %, 165669 MiB
2026/08/03 11:44:55.155, 1, P0, 34, 258.27 W, 1965 MHz, 3996 MHz, 8 %, 165669 MiB
2026/08/03 11:44:55.155, 2, P0, 36, 236.01 W, 1965 MHz, 3996 MHz, 0 %, 0 MiB
2026/08/03 11:44:55.155, 3, P0, 32, 238.45 W, 1965 MHz, 3996 MHz, 0 %, 0 MiB
2026/08/03 11:44:55.155, 4, P0, 33, 235.54 W, 1965 MHz, 3996 MHz, 0 %, 0 MiB
2026/08/03 11:44:55.155, 5, P0, 36, 244.29 W, 1965 MHz, 3996 MHz, 0 %, 0 MiB
2026/08/03 11:44:55.155, 6, P0, 33, 242.29 W, 1965 MHz, 3996 MHz, 0 %, 0 MiB
2026/08/03 11:44:55.155, 7, P0, 37, 243.19 W, 1965 MHz, 3996 MHz, 0 %, 0 MiB
2026/08/03 11:44:56.155, 0, P0, 38, 556.93 W, 1965 MHz, 3996 MHz, 97 %, 165669 MiB
2026/08/03 11:44:56.155, 1, P0, 35, 547.38 W, 1965 MHz, 3996 MHz, 8 %, 165669 MiB
2026/08/03 11:44:56.155, 2, P0, 36, 236.11 W, 1965 MHz, 3996 MHz, 0 %, 0 MiB
2026/08/03 11:44:56.155, 3, P0, 32, 238.46 W, 1965 MHz, 3996 MHz, 0 %, 0 MiB
2026/08/03 11:44:56.155, 4, P0, 33, 235.56 W, 1965 MHz, 3996 MHz, 0 %, 0 MiB
2026/08/03 11:44:56.155, 5, P0, 36, 244.23 W, 1965 MHz, 3996 MHz, 0 %, 0 MiB
2026/08/03 11:44:56.155, 6, P0, 33, 242.23 W, 1965 MHz, 3996 MHz, 0 %, 0 MiB
2026/08/03 11:44:56.155, 7, P0, 37, 243.16 W, 1965 MHz, 3996 MHz, 0 %, 0 MiB
2026/08/03 11:44:57.155, 0, P0, 37, 272.27 W, 1965 MHz, 3996 MHz, 92 %, 165669 MiB
2026/08/03 11:44:57.155, 1, P0, 34, 259.13 W, 1965 MHz, 3996 MHz, 8 %, 165669 MiB
2026/08/03 11:44:57.155, 2, P0, 36, 236.05 W, 1965 MHz, 3996 MHz, 0 %, 0 MiB
2026/08/03 11:44:57.155, 3, P0, 32, 238.43 W, 1965 MHz, 3996 MHz, 0 %, 0 MiB
2026/08/03 11:44:57.155, 4, P0, 33, 235.54 W, 1965 MHz, 3996 MHz, 0 %, 0 MiB
2026/08/03 11:44:57.155, 5, P0, 36, 244.40 W, 1965 MHz, 3996 MHz, 0 %, 0 MiB
2026/08/03 11:44:57.155, 6, P0, 33, 242.24 W, 1965 MHz, 3996 MHz, 0 %, 0 MiB
2026/08/03 11:44:57.155, 7, P0, 37, 243.20 W, 1965 MHz, 3996 MHz, 0 %, 0 MiB
2026/08/03 11:44:58.155, 0, P0, 37, 272.73 W, 1965 MHz, 3996 MHz, 90 %, 165669 MiB
2026/08/03 11:44:58.155, 1, P0, 34, 258.65 W, 1965 MHz, 3996 MHz, 8 %, 165669 MiB
2026/08/03 11:44:58.155, 2, P0, 36, 235.98 W, 1965 MHz, 3996 MHz, 0 %, 0 MiB
2026/08/03 11:44:58.155, 3, P0, 32, 238.56 W, 1965 MHz, 3996 MHz, 0 %, 0 MiB
2026/08/03 11:44:58.156, 4, P0, 33, 235.54 W, 1965 MHz, 3996 MHz, 0 %, 0 MiB
2026/08/03 11:44:58.156, 5, P0, 36, 244.27 W, 1965 MHz, 3996 MHz, 0 %, 0 MiB
2026/08/03 11:44:58.156, 6, P0, 33, 242.27 W, 1965 MHz, 3996 MHz, 0 %, 0 MiB
2026/08/03 11:44:58.156, 7, P0, 37, 243.25 W, 1965 MHz, 3996 MHz, 0 %, 0 MiB
2026/08/03 11:44:59.156, 0, P0, 37, 271.78 W, 1965 MHz, 3996 MHz, 92 %, 165669 MiB
2026/08/03 11:44:59.156, 1, P0, 34, 258.25 W, 1965 MHz, 3996 MHz, 8 %, 165669 MiB
2026/08/03 11:44:59.156, 2, P0, 36, 236.09 W, 1965 MHz, 3996 MHz, 0 %, 0 MiB
2026/08/03 11:44:59.156, 3, P0, 32, 238.50 W, 1965 MHz, 3996 MHz, 0 %, 0 MiB
2026/08/03 11:44:59.156, 4, P0, 33, 235.50 W, 1965 MHz, 3996 MHz, 0 %, 0 MiB
2026/08/03 11:44:59.156, 5, P0, 36, 244.34 W, 1965 MHz, 3996 MHz, 0 %, 0 MiB
2026/08/03 11:44:59.156, 6, P0, 33, 242.26 W, 1965 MHz, 3996 MHz, 0 %, 0 MiB
2026/08/03 11:44:59.156, 7, P0, 37, 243.24 W, 1965 MHz, 3996 MHz, 0 %, 0 MiB
2026/08/03 11:45:00.156, 0, P0, 37, 271.81 W, 1965 MHz, 3996 MHz, 96 %, 165669 MiB
2026/08/03 11:45:00.156, 1, P0, 34, 258.61 W, 1965 MHz, 3996 MHz, 8 %, 165669 MiB
2026/08/03 11:45:00.156, 2, P0, 36, 236.06 W, 1965 MHz, 3996 MHz, 0 %, 0 MiB
2026/08/03 11:45:00.156, 3, P0, 32, 238.53 W, 1965 MHz, 3996 MHz, 0 %, 0 MiB
2026/08/03 11:45:00.156, 4, P0, 33, 235.49 W, 1965 MHz, 3996 MHz, 0 %, 0 MiB
2026/08/03 11:45:00.156, 5, P0, 36, 244.34 W, 1965 MHz, 3996 MHz, 0 %, 0 MiB
2026/08/03 11:45:00.156, 6, P0, 33, 242.32 W, 1965 MHz, 3996 MHz, 0 %, 0 MiB
2026/08/03 11:45:00.156, 7, P0, 37, 243.25 W, 1965 MHz, 3996 MHz, 0 %, 0 MiB
2026/08/03 11:45:01.156, 0, P0, 37, 270.74 W, 1965 MHz, 3996 MHz, 96 %, 165669 MiB
2026/08/03 11:45:01.156, 1, P0, 34, 258.31 W, 1965 MHz, 3996 MHz, 8 %, 165669 MiB
2026/08/03 11:45:01.156, 2, P0, 36, 236.05 W, 1965 MHz, 3996 MHz, 0 %, 0 MiB
2026/08/03 11:45:01.156, 3, P0, 32, 238.49 W, 1965 MHz, 3996 MHz, 0 %, 0 MiB
2026/08/03 11:45:01.156, 4, P0, 33, 235.50 W, 1965 MHz, 3996 MHz, 0 %, 0 MiB
2026/08/03 11:45:01.156, 5, P0, 36, 244.41 W, 1965 MHz, 3996 MHz, 0 %, 0 MiB
2026/08/03 11:45:01.156, 6, P0, 33, 242.33 W, 1965 MHz, 3996 MHz, 0 %, 0 MiB
2026/08/03 11:45:01.156, 7, P0, 37, 243.24 W, 1965 MHz, 3996 MHz, 0 %, 0 MiB
2026/08/03 11:45:02.156, 0, P0, 37, 272.10 W, 1965 MHz, 3996 MHz, 95 %, 165669 MiB
2026/08/03 11:45:02.157, 1, P0, 34, 257.25 W, 1965 MHz, 3996 MHz, 7 %, 165669 MiB
2026/08/03 11:45:02.157, 2, P0, 36, 236.06 W, 1965 MHz, 3996 MHz, 0 %, 0 MiB
2026/08/03 11:45:02.157, 3, P0, 32, 238.50 W, 1965 MHz, 3996 MHz, 0 %, 0 MiB
2026/08/03 11:45:02.157, 4, P0, 33, 235.56 W, 1965 MHz, 3996 MHz, 0 %, 0 MiB
2026/08/03 11:45:02.157, 5, P0, 36, 244.36 W, 1965 MHz, 3996 MHz, 0 %, 0 MiB
2026/08/03 11:45:02.157, 6, P0, 33, 242.32 W, 1965 MHz, 3996 MHz, 0 %, 0 MiB
2026/08/03 11:45:02.157, 7, P0, 37, 243.31 W, 1965 MHz, 3996 MHz, 0 %, 0 MiB
2026/08/03 11:45:03.157, 0, P0, 37, 271.05 W, 1965 MHz, 3996 MHz, 92 %, 165669 MiB
2026/08/03 11:45:03.157, 1, P0, 34, 258.04 W, 1965 MHz, 3996 MHz, 8 %, 165669 MiB
2026/08/03 11:45:03.157, 2, P0, 36, 235.99 W, 1965 MHz, 3996 MHz, 0 %, 0 MiB
2026/08/03 11:45:03.157, 3, P0, 32, 238.47 W, 1965 MHz, 3996 MHz, 0 %, 0 MiB
2026/08/03 11:45:03.157, 4, P0, 33, 235.57 W, 1965 MHz, 3996 MHz, 0 %, 0 MiB
2026/08/03 11:45:03.157, 5, P0, 36, 244.43 W, 1965 MHz, 3996 MHz, 0 %, 0 MiB
2026/08/03 11:45:03.157, 6, P0, 33, 242.27 W, 1965 MHz, 3996 MHz, 0 %, 0 MiB
2026/08/03 11:45:03.157, 7, P0, 37, 243.23 W, 1965 MHz, 3996 MHz, 0 %, 0 MiB
2026/08/03 11:45:04.157, 0, P0, 37, 270.95 W, 1965 MHz, 3996 MHz, 92 %, 165669 MiB
2026/08/03 11:45:04.157, 1, P0, 34, 259.82 W, 1965 MHz, 3996 MHz, 8 %, 165669 MiB
2026/08/03 11:45:04.157, 2, P0, 36, 236.01 W, 1965 MHz, 3996 MHz, 0 %, 0 MiB
2026/08/03 11:45:04.157, 3, P0, 32, 238.60 W, 1965 MHz, 3996 MHz, 0 %, 0 MiB
2026/08/03 11:45:04.157, 4, P0, 33, 235.59 W, 1965 MHz, 3996 MHz, 0 %, 0 MiB
2026/08/03 11:45:04.157, 5, P0, 36, 244.38 W, 1965 MHz, 3996 MHz, 0 %, 0 MiB
2026/08/03 11:45:04.157, 6, P0, 33, 242.27 W, 1965 MHz, 3996 MHz, 0 %, 0 MiB
2026/08/03 11:45:04.157, 7, P0, 37, 243.22 W, 1965 MHz, 3996 MHz, 0 %, 0 MiB
2026/08/03 11:45:05.157, 0, P0, 38, 553.31 W, 1965 MHz, 3996 MHz, 92 %, 165669 MiB
2026/08/03 11:45:05.157, 1, P0, 35, 553.01 W, 1965 MHz, 3996 MHz, 8 %, 165669 MiB
2026/08/03 11:45:05.157, 2, P0, 36, 236.11 W, 1965 MHz, 3996 MHz, 0 %, 0 MiB
2026/08/03 11:45:05.157, 3, P0, 32, 238.46 W, 1965 MHz, 3996 MHz, 0 %, 0 MiB
2026/08/03 11:45:05.157, 4, P0, 33, 235.62 W, 1965 MHz, 3996 MHz, 0 %, 0 MiB
2026/08/03 11:45:05.157, 5, P0, 36, 244.36 W, 1965 MHz, 3996 MHz, 0 %, 0 MiB
2026/08/03 11:45:05.157, 6, P0, 33, 242.32 W, 1965 MHz, 3996 MHz, 0 %, 0 MiB
2026/08/03 11:45:05.158, 7, P0, 37, 243.07 W, 1965 MHz, 3996 MHz, 0 %, 0 MiB
2026/08/03 11:45:06.158, 0, P0, 37, 274.09 W, 1965 MHz, 3996 MHz, 96 %, 165669 MiB
2026/08/03 11:45:06.158, 1, P0, 34, 261.43 W, 1965 MHz, 3996 MHz, 8 %, 165669 MiB
2026/08/03 11:45:06.158, 2, P0, 36, 236.06 W, 1965 MHz, 3996 MHz, 0 %, 0 MiB
2026/08/03 11:45:06.158, 3, P0, 32, 238.50 W, 1965 MHz, 3996 MHz, 0 %, 0 MiB
2026/08/03 11:45:06.158, 4, P0, 33, 235.58 W, 1965 MHz, 3996 MHz, 0 %, 0 MiB
2026/08/03 11:45:06.158, 5, P0, 36, 244.38 W, 1965 MHz, 3996 MHz, 0 %, 0 MiB
2026/08/03 11:45:06.158, 6, P0, 33, 242.26 W, 1965 MHz, 3996 MHz, 0 %, 0 MiB
2026/08/03 11:45:06.158, 7, P0, 37, 243.19 W, 1965 MHz, 3996 MHz, 0 %, 0 MiB
2026/08/03 11:45:07.158, 0, P0, 40, 555.13 W, 1965 MHz, 3996 MHz, 89 %, 165669 MiB
2026/08/03 11:45:07.160, 1, P0, 38, 551.66 W, 1965 MHz, 3996 MHz, 9 %, 165669 MiB
2026/08/03 11:45:07.161, 2, P0, 36, 236.18 W, 1965 MHz, 3996 MHz, 0 %, 0 MiB
2026/08/03 11:45:07.162, 3, P0, 32, 238.54 W, 1965 MHz, 3996 MHz, 0 %, 0 MiB
2026/08/03 11:45:07.163, 4, P0, 33, 235.59 W, 1965 MHz, 3996 MHz, 0 %, 0 MiB
2026/08/03 11:45:07.164, 5, P0, 36, 244.32 W, 1965 MHz, 3996 MHz, 0 %, 0 MiB
2026/08/03 11:45:07.165, 6, P0, 33, 242.23 W, 1965 MHz, 3996 MHz, 0 %, 0 MiB
2026/08/03 11:45:07.166, 7, P0, 37, 243.10 W, 1965 MHz, 3996 MHz, 0 %, 0 MiB
2026/08/03 11:45:08.167, 0, P0, 38, 274.51 W, 1965 MHz, 3996 MHz, 95 %, 165669 MiB
2026/08/03 11:45:08.167, 1, P0, 35, 258.73 W, 1965 MHz, 3996 MHz, 8 %, 165669 MiB
2026/08/03 11:45:08.167, 2, P0, 36, 236.06 W, 1965 MHz, 3996 MHz, 0 %, 0 MiB
2026/08/03 11:45:08.167, 3, P0, 32, 238.58 W, 1965 MHz, 3996 MHz, 0 %, 0 MiB
2026/08/03 11:45:08.167, 4, P0, 33, 235.60 W, 1965 MHz, 3996 MHz, 0 %, 0 MiB
2026/08/03 11:45:08.167, 5, P0, 36, 244.40 W, 1965 MHz, 3996 MHz, 0 %, 0 MiB
2026/08/03 11:45:08.167, 6, P0, 33, 242.37 W, 1965 MHz, 3996 MHz, 0 %, 0 MiB
2026/08/03 11:45:08.167, 7, P0, 37, 243.15 W, 1965 MHz, 3996 MHz, 0 %, 0 MiB
2026/08/03 11:45:09.167, 0, P0, 37, 270.68 W, 1965 MHz, 3996 MHz, 96 %, 165669 MiB
2026/08/03 11:45:09.168, 1, P0, 34, 257.89 W, 1965 MHz, 3996 MHz, 8 %, 165669 MiB
2026/08/03 11:45:09.168, 2, P0, 36, 236.07 W, 1965 MHz, 3996 MHz, 0 %, 0 MiB
2026/08/03 11:45:09.168, 3, P0, 32, 238.53 W, 1965 MHz, 3996 MHz, 0 %, 0 MiB
2026/08/03 11:45:09.168, 4, P0, 33, 235.60 W, 1965 MHz, 3996 MHz, 0 %, 0 MiB
2026/08/03 11:45:09.168, 5, P0, 36, 244.38 W, 1965 MHz, 3996 MHz, 0 %, 0 MiB
2026/08/03 11:45:09.168, 6, P0, 33, 242.31 W, 1965 MHz, 3996 MHz, 0 %, 0 MiB
2026/08/03 11:45:09.168, 7, P0, 37, 243.19 W, 1965 MHz, 3996 MHz, 0 %, 0 MiB
2026/08/03 11:45:10.168, 0, P0, 37, 270.55 W, 1965 MHz, 3996 MHz, 92 %, 165669 MiB
2026/08/03 11:45:10.168, 1, P0, 34, 257.67 W, 1965 MHz, 3996 MHz, 7 %, 165669 MiB
2026/08/03 11:45:10.168, 2, P0, 36, 236.03 W, 1965 MHz, 3996 MHz, 0 %, 0 MiB
2026/08/03 11:45:10.168, 3, P0, 32, 238.58 W, 1965 MHz, 3996 MHz, 0 %, 0 MiB
2026/08/03 11:45:10.168, 4, P0, 33, 235.55 W, 1965 MHz, 3996 MHz, 0 %, 0 MiB
2026/08/03 11:45:10.168, 5, P0, 36, 244.31 W, 1965 MHz, 3996 MHz, 0 %, 0 MiB
2026/08/03 11:45:10.168, 6, P0, 33, 242.39 W, 1965 MHz, 3996 MHz, 0 %, 0 MiB
2026/08/03 11:45:10.168, 7, P0, 37, 243.22 W, 1965 MHz, 3996 MHz, 0 %, 0 MiB
2026/08/03 11:45:11.168, 0, P0, 37, 270.76 W, 1965 MHz, 3996 MHz, 91 %, 165669 MiB
2026/08/03 11:45:11.168, 1, P0, 34, 257.98 W, 1965 MHz, 3996 MHz, 7 %, 165669 MiB
2026/08/03 11:45:11.168, 2, P0, 36, 236.07 W, 1965 MHz, 3996 MHz, 0 %, 0 MiB
2026/08/03 11:45:11.168, 3, P0, 32, 238.57 W, 1965 MHz, 3996 MHz, 0 %, 0 MiB
2026/08/03 11:45:11.168, 4, P0, 33, 235.63 W, 1965 MHz, 3996 MHz, 0 %, 0 MiB
2026/08/03 11:45:11.168, 5, P0, 36, 244.45 W, 1965 MHz, 3996 MHz, 0 %, 0 MiB
2026/08/03 11:45:11.168, 6, P0, 33, 242.40 W, 1965 MHz, 3996 MHz, 0 %, 0 MiB
2026/08/03 11:45:11.168, 7, P0, 37, 243.25 W, 1965 MHz, 3996 MHz, 0 %, 0 MiB
2026/08/03 11:45:12.168, 0, P0, 37, 270.37 W, 1965 MHz, 3996 MHz, 94 %, 165669 MiB
2026/08/03 11:45:12.168, 1, P0, 34, 257.06 W, 1965 MHz, 3996 MHz, 7 %, 165669 MiB
2026/08/03 11:45:12.168, 2, P0, 36, 236.11 W, 1965 MHz, 3996 MHz, 0 %, 0 MiB
2026/08/03 11:45:12.168, 3, P0, 32, 238.55 W, 1965 MHz, 3996 MHz, 0 %, 0 MiB
2026/08/03 11:45:12.168, 4, P0, 33, 235.57 W, 1965 MHz, 3996 MHz, 0 %, 0 MiB
2026/08/03 11:45:12.168, 5, P0, 36, 244.43 W, 1965 MHz, 3996 MHz, 0 %, 0 MiB
2026/08/03 11:45:12.169, 6, P0, 33, 242.35 W, 1965 MHz, 3996 MHz, 0 %, 0 MiB
2026/08/03 11:45:12.169, 7, P0, 37, 243.24 W, 1965 MHz, 3996 MHz, 0 %, 0 MiB
2026/08/03 11:45:13.169, 0, P0, 37, 270.98 W, 1965 MHz, 3996 MHz, 95 %, 165669 MiB
2026/08/03 11:45:13.169, 1, P0, 34, 256.44 W, 1965 MHz, 3996 MHz, 7 %, 165669 MiB
2026/08/03 11:45:13.169, 2, P0, 36, 236.09 W, 1965 MHz, 3996 MHz, 0 %, 0 MiB
2026/08/03 11:45:13.169, 3, P0, 32, 238.52 W, 1965 MHz, 3996 MHz, 0 %, 0 MiB
2026/08/03 11:45:13.169, 4, P0, 33, 235.56 W, 1965 MHz, 3996 MHz, 0 %, 0 MiB
2026/08/03 11:45:13.169, 5, P0, 36, 244.40 W, 1965 MHz, 3996 MHz, 0 %, 0 MiB
2026/08/03 11:45:13.169, 6, P0, 33, 242.32 W, 1965 MHz, 3996 MHz, 0 %, 0 MiB
2026/08/03 11:45:13.169, 7, P0, 37, 243.21 W, 1965 MHz, 3996 MHz, 0 %, 0 MiB
2026/08/03 11:45:14.169, 0, P0, 37, 270.14 W, 1965 MHz, 3996 MHz, 96 %, 165669 MiB
2026/08/03 11:45:14.169, 1, P0, 34, 257.50 W, 1965 MHz, 3996 MHz, 7 %, 165669 MiB
2026/08/03 11:45:14.169, 2, P0, 36, 236.03 W, 1965 MHz, 3996 MHz, 0 %, 0 MiB
2026/08/03 11:45:14.169, 3, P0, 32, 238.53 W, 1965 MHz, 3996 MHz, 0 %, 0 MiB
2026/08/03 11:45:14.169, 4, P0, 33, 235.55 W, 1965 MHz, 3996 MHz, 0 %, 0 MiB
2026/08/03 11:45:14.169, 5, P0, 36, 244.38 W, 1965 MHz, 3996 MHz, 0 %, 0 MiB
2026/08/03 11:45:14.169, 6, P0, 33, 242.33 W, 1965 MHz, 3996 MHz, 0 %, 0 MiB
2026/08/03 11:45:14.169, 7, P0, 37, 243.28 W, 1965 MHz, 3996 MHz, 0 %, 0 MiB
2026/08/03 11:45:15.169, 0, P0, 37, 270.48 W, 1965 MHz, 3996 MHz, 93 %, 165669 MiB
2026/08/03 11:45:15.169, 1, P0, 34, 256.86 W, 1965 MHz, 3996 MHz, 7 %, 165669 MiB
2026/08/03 11:45:15.169, 2, P0, 36, 236.15 W, 1965 MHz, 3996 MHz, 0 %, 0 MiB
2026/08/03 11:45:15.169, 3, P0, 32, 238.58 W, 1965 MHz, 3996 MHz, 0 %, 0 MiB
2026/08/03 11:45:15.169, 4, P0, 33, 235.58 W, 1965 MHz, 3996 MHz, 0 %, 0 MiB
2026/08/03 11:45:15.169, 5, P0, 36, 244.43 W, 1965 MHz, 3996 MHz, 0 %, 0 MiB
2026/08/03 11:45:15.169, 6, P0, 33, 242.33 W, 1965 MHz, 3996 MHz, 0 %, 0 MiB
2026/08/03 11:45:15.169, 7, P0, 37, 243.26 W, 1965 MHz, 3996 MHz, 0 %, 0 MiB
2026/08/03 11:45:16.169, 0, P0, 37, 271.12 W, 1965 MHz, 3996 MHz, 92 %, 165669 MiB
2026/08/03 11:45:16.169, 1, P0, 34, 257.32 W, 1965 MHz, 3996 MHz, 7 %, 165669 MiB
2026/08/03 11:45:16.170, 2, P0, 36, 236.10 W, 1965 MHz, 3996 MHz, 0 %, 0 MiB
2026/08/03 11:45:16.170, 3, P0, 32, 238.52 W, 1965 MHz, 3996 MHz, 0 %, 0 MiB
2026/08/03 11:45:16.170, 4, P0, 33, 235.57 W, 1965 MHz, 3996 MHz, 0 %, 0 MiB
2026/08/03 11:45:16.170, 5, P0, 36, 244.40 W, 1965 MHz, 3996 MHz, 0 %, 0 MiB
2026/08/03 11:45:16.170, 6, P0, 33, 242.35 W, 1965 MHz, 3996 MHz, 0 %, 0 MiB
2026/08/03 11:45:16.170, 7, P0, 37, 243.27 W, 1965 MHz, 3996 MHz, 0 %, 0 MiB
2026/08/03 11:45:17.170, 0, P0, 37, 272.63 W, 1965 MHz, 3996 MHz, 92 %, 165669 MiB
2026/08/03 11:45:17.170, 1, P0, 34, 258.61 W, 1965 MHz, 3996 MHz, 7 %, 165669 MiB
2026/08/03 11:45:17.170, 2, P0, 36, 236.02 W, 1965 MHz, 3996 MHz, 0 %, 0 MiB
2026/08/03 11:45:17.170, 3, P0, 32, 238.51 W, 1965 MHz, 3996 MHz, 0 %, 0 MiB
2026/08/03 11:45:17.170, 4, P0, 33, 235.45 W, 1965 MHz, 3996 MHz, 0 %, 0 MiB
2026/08/03 11:45:17.170, 5, P0, 36, 244.44 W, 1965 MHz, 3996 MHz, 0 %, 0 MiB
2026/08/03 11:45:17.170, 6, P0, 33, 242.38 W, 1965 MHz, 3996 MHz, 0 %, 0 MiB
2026/08/03 11:45:17.170, 7, P0, 37, 243.25 W, 1965 MHz, 3996 MHz, 0 %, 0 MiB
2026/08/03 11:45:18.170, 0, P0, 37, 271.33 W, 1965 MHz, 3996 MHz, 95 %, 165669 MiB
2026/08/03 11:45:18.170, 1, P0, 34, 256.82 W, 1965 MHz, 3996 MHz, 7 %, 165669 MiB
2026/08/03 11:45:18.170, 2, P0, 36, 236.06 W, 1965 MHz, 3996 MHz, 0 %, 0 MiB
2026/08/03 11:45:18.170, 3, P0, 32, 238.49 W, 1965 MHz, 3996 MHz, 0 %, 0 MiB
2026/08/03 11:45:18.170, 4, P0, 33, 235.56 W, 1965 MHz, 3996 MHz, 0 %, 0 MiB
2026/08/03 11:45:18.170, 5, P0, 36, 244.39 W, 1965 MHz, 3996 MHz, 0 %, 0 MiB
2026/08/03 11:45:18.170, 6, P0, 33, 242.28 W, 1965 MHz, 3996 MHz, 0 %, 0 MiB
2026/08/03 11:45:18.170, 7, P0, 37, 243.21 W, 1965 MHz, 3996 MHz, 0 %, 0 MiB
2026/08/03 11:45:19.170, 0, P0, 37, 269.40 W, 1965 MHz, 3996 MHz, 96 %, 165669 MiB
2026/08/03 11:45:19.170, 1, P0, 34, 257.88 W, 1965 MHz, 3996 MHz, 7 %, 165669 MiB
2026/08/03 11:45:19.170, 2, P0, 36, 236.07 W, 1965 MHz, 3996 MHz, 0 %, 0 MiB
2026/08/03 11:45:19.170, 3, P0, 32, 238.52 W, 1965 MHz, 3996 MHz, 0 %, 0 MiB
2026/08/03 11:45:19.170, 4, P0, 33, 235.50 W, 1965 MHz, 3996 MHz, 0 %, 0 MiB
2026/08/03 11:45:19.170, 5, P0, 36, 244.42 W, 1965 MHz, 3996 MHz, 0 %, 0 MiB
2026/08/03 11:45:19.170, 6, P0, 33, 242.30 W, 1965 MHz, 3996 MHz, 0 %, 0 MiB
2026/08/03 11:45:19.170, 7, P0, 37, 243.18 W, 1965 MHz, 3996 MHz, 0 %, 0 MiB
2026/08/03 11:45:20.171, 0, P0, 37, 271.20 W, 1965 MHz, 3996 MHz, 91 %, 165669 MiB
2026/08/03 11:45:20.171, 1, P0, 34, 257.51 W, 1965 MHz, 3996 MHz, 7 %, 165669 MiB
2026/08/03 11:45:20.171, 2, P0, 36, 236.11 W, 1965 MHz, 3996 MHz, 0 %, 0 MiB
2026/08/03 11:45:20.171, 3, P0, 32, 238.48 W, 1965 MHz, 3996 MHz, 0 %, 0 MiB
2026/08/03 11:45:20.171, 4, P0, 33, 235.60 W, 1965 MHz, 3996 MHz, 0 %, 0 MiB
2026/08/03 11:45:20.171, 5, P0, 36, 244.43 W, 1965 MHz, 3996 MHz, 0 %, 0 MiB
2026/08/03 11:45:20.171, 6, P0, 33, 242.36 W, 1965 MHz, 3996 MHz, 0 %, 0 MiB
2026/08/03 11:45:20.171, 7, P0, 37, 243.16 W, 1965 MHz, 3996 MHz, 0 %, 0 MiB
2026/08/03 11:45:21.171, 0, P0, 37, 259.98 W, 1965 MHz, 3996 MHz, 100 %, 165669 MiB
2026/08/03 11:45:21.171, 1, P0, 34, 246.43 W, 1965 MHz, 3996 MHz, 0 %, 165669 MiB
2026/08/03 11:45:21.171, 2, P0, 36, 236.06 W, 1965 MHz, 3996 MHz, 0 %, 0 MiB
2026/08/03 11:45:21.171, 3, P0, 32, 238.50 W, 1965 MHz, 3996 MHz, 0 %, 0 MiB
2026/08/03 11:45:21.171, 4, P0, 33, 235.56 W, 1965 MHz, 3996 MHz, 0 %, 0 MiB
2026/08/03 11:45:21.171, 5, P0, 36, 244.45 W, 1965 MHz, 3996 MHz, 0 %, 0 MiB
2026/08/03 11:45:21.171, 6, P0, 33, 242.32 W, 1965 MHz, 3996 MHz, 0 %, 0 MiB
2026/08/03 11:45:21.171, 7, P0, 37, 243.25 W, 1965 MHz, 3996 MHz, 0 %, 0 MiB
2026/08/03 11:45:22.171, 0, P0, 36, 255.08 W, 1965 MHz, 3996 MHz, 100 %, 165669 MiB
2026/08/03 11:45:22.171, 1, P0, 34, 241.00 W, 1965 MHz, 3996 MHz, 0 %, 165669 MiB
2026/08/03 11:45:22.171, 2, P0, 36, 236.07 W, 1965 MHz, 3996 MHz, 0 %, 0 MiB
2026/08/03 11:45:22.171, 3, P0, 32, 238.46 W, 1965 MHz, 3996 MHz, 0 %, 0 MiB
2026/08/03 11:45:22.171, 4, P0, 33, 235.52 W, 1965 MHz, 3996 MHz, 0 %, 0 MiB
2026/08/03 11:45:22.171, 5, P0, 36, 244.43 W, 1965 MHz, 3996 MHz, 0 %, 0 MiB
2026/08/03 11:45:22.171, 6, P0, 33, 242.36 W, 1965 MHz, 3996 MHz, 0 %, 0 MiB
2026/08/03 11:45:22.171, 7, P0, 37, 243.19 W, 1965 MHz, 3996 MHz, 0 %, 0 MiB
2026/08/03 11:45:23.171, 0, P0, 37, 256.51 W, 1965 MHz, 3996 MHz, 82 %, 165669 MiB
2026/08/03 11:45:23.172, 1, P0, 34, 243.10 W, 1965 MHz, 3996 MHz, 2 %, 165669 MiB
2026/08/03 11:45:23.172, 2, P0, 36, 236.03 W, 1965 MHz, 3996 MHz, 0 %, 0 MiB
2026/08/03 11:45:23.172, 3, P0, 32, 238.50 W, 1965 MHz, 3996 MHz, 0 %, 0 MiB
2026/08/03 11:45:23.172, 4, P0, 33, 235.58 W, 1965 MHz, 3996 MHz, 0 %, 0 MiB
2026/08/03 11:45:23.172, 5, P0, 36, 244.40 W, 1965 MHz, 3996 MHz, 0 %, 0 MiB
2026/08/03 11:45:23.172, 6, P0, 33, 242.31 W, 1965 MHz, 3996 MHz, 0 %, 0 MiB
2026/08/03 11:45:23.172, 7, P0, 37, 243.14 W, 1965 MHz, 3996 MHz, 0 %, 0 MiB
2026/08/03 11:45:24.172, 0, P0, 37, 271.33 W, 1965 MHz, 3996 MHz, 93 %, 165669 MiB
2026/08/03 11:45:24.172, 1, P0, 34, 257.45 W, 1965 MHz, 3996 MHz, 7 %, 165669 MiB
2026/08/03 11:45:24.172, 2, P0, 36, 236.06 W, 1965 MHz, 3996 MHz, 0 %, 0 MiB
2026/08/03 11:45:24.172, 3, P0, 32, 238.48 W, 1965 MHz, 3996 MHz, 0 %, 0 MiB
2026/08/03 11:45:24.172, 4, P0, 33, 235.53 W, 1965 MHz, 3996 MHz, 0 %, 0 MiB
2026/08/03 11:45:24.172, 5, P0, 36, 244.47 W, 1965 MHz, 3996 MHz, 0 %, 0 MiB
2026/08/03 11:45:24.172, 6, P0, 33, 242.31 W, 1965 MHz, 3996 MHz, 0 %, 0 MiB
2026/08/03 11:45:24.172, 7, P0, 37, 243.27 W, 1965 MHz, 3996 MHz, 0 %, 0 MiB
2026/08/03 11:45:25.172, 0, P0, 36, 255.14 W, 1965 MHz, 3996 MHz, 0 %, 165669 MiB
2026/08/03 11:45:25.172, 1, P0, 34, 254.98 W, 1965 MHz, 3996 MHz, 100 %, 165669 MiB
2026/08/03 11:45:25.172, 2, P0, 36, 236.11 W, 1965 MHz, 3996 MHz, 0 %, 0 MiB
2026/08/03 11:45:25.172, 3, P0, 32, 238.50 W, 1965 MHz, 3996 MHz, 0 %, 0 MiB
2026/08/03 11:45:25.172, 4, P0, 33, 235.51 W, 1965 MHz, 3996 MHz, 0 %, 0 MiB
2026/08/03 11:45:25.172, 5, P0, 36, 244.38 W, 1965 MHz, 3996 MHz, 0 %, 0 MiB
2026/08/03 11:45:25.172, 6, P0, 33, 242.32 W, 1965 MHz, 3996 MHz, 0 %, 0 MiB
2026/08/03 11:45:25.172, 7, P0, 37, 243.17 W, 1965 MHz, 3996 MHz, 0 %, 0 MiB
2026/08/03 11:45:26.172, 0, P0, 36, 243.91 W, 1965 MHz, 3996 MHz, 0 %, 165669 MiB
2026/08/03 11:45:26.172, 1, P0, 34, 252.15 W, 1965 MHz, 3996 MHz, 100 %, 165669 MiB
2026/08/03 11:45:26.172, 2, P0, 36, 236.07 W, 1965 MHz, 3996 MHz, 0 %, 0 MiB
2026/08/03 11:45:26.172, 3, P0, 32, 238.53 W, 1965 MHz, 3996 MHz, 0 %, 0 MiB
2026/08/03 11:45:26.172, 4, P0, 33, 235.60 W, 1965 MHz, 3996 MHz, 0 %, 0 MiB
2026/08/03 11:45:26.172, 5, P0, 36, 244.43 W, 1965 MHz, 3996 MHz, 0 %, 0 MiB
2026/08/03 11:45:26.172, 6, P0, 33, 242.29 W, 1965 MHz, 3996 MHz, 0 %, 0 MiB
2026/08/03 11:45:26.172, 7, P0, 37, 243.16 W, 1965 MHz, 3996 MHz, 0 %, 0 MiB
2026/08/03 11:45:27.173, 0, P0, 36, 244.91 W, 1965 MHz, 3996 MHz, 0 %, 165669 MiB
2026/08/03 11:45:27.173, 1, P0, 34, 252.89 W, 1965 MHz, 3996 MHz, 100 %, 165669 MiB
2026/08/03 11:45:27.173, 2, P0, 36, 236.10 W, 1965 MHz, 3996 MHz, 0 %, 0 MiB
2026/08/03 11:45:27.173, 3, P0, 32, 238.54 W, 1965 MHz, 3996 MHz, 0 %, 0 MiB
2026/08/03 11:45:27.173, 4, P0, 33, 235.53 W, 1965 MHz, 3996 MHz, 0 %, 0 MiB
2026/08/03 11:45:27.173, 5, P0, 36, 244.29 W, 1965 MHz, 3996 MHz, 0 %, 0 MiB
2026/08/03 11:45:27.173, 6, P0, 33, 242.27 W, 1965 MHz, 3996 MHz, 0 %, 0 MiB
2026/08/03 11:45:27.173, 7, P0, 37, 243.24 W, 1965 MHz, 3996 MHz, 0 %, 0 MiB
2026/08/03 11:45:28.173, 0, P0, 36, 270.09 W, 1965 MHz, 3996 MHz, 96 %, 165669 MiB
2026/08/03 11:45:28.173, 1, P0, 34, 256.96 W, 1965 MHz, 3996 MHz, 7 %, 165669 MiB
2026/08/03 11:45:28.173, 2, P0, 36, 236.14 W, 1965 MHz, 3996 MHz, 0 %, 0 MiB
2026/08/03 11:45:28.173, 3, P0, 32, 238.50 W, 1965 MHz, 3996 MHz, 0 %, 0 MiB
2026/08/03 11:45:28.173, 4, P0, 33, 235.48 W, 1965 MHz, 3996 MHz, 0 %, 0 MiB
2026/08/03 11:45:28.173, 5, P0, 36, 244.38 W, 1965 MHz, 3996 MHz, 0 %, 0 MiB
2026/08/03 11:45:28.173, 6, P0, 33, 242.31 W, 1965 MHz, 3996 MHz, 0 %, 0 MiB
2026/08/03 11:45:28.173, 7, P0, 37, 243.21 W, 1965 MHz, 3996 MHz, 0 %, 0 MiB
2026/08/03 11:45:29.173, 0, P0, 37, 271.82 W, 1965 MHz, 3996 MHz, 96 %, 165669 MiB
2026/08/03 11:45:29.173, 1, P0, 34, 256.85 W, 1965 MHz, 3996 MHz, 7 %, 165669 MiB
2026/08/03 11:45:29.173, 2, P0, 36, 236.11 W, 1965 MHz, 3996 MHz, 0 %, 0 MiB
2026/08/03 11:45:29.173, 3, P0, 32, 238.56 W, 1965 MHz, 3996 MHz, 0 %, 0 MiB
2026/08/03 11:45:29.173, 4, P0, 33, 235.49 W, 1965 MHz, 3996 MHz, 0 %, 0 MiB
2026/08/03 11:45:29.173, 5, P0, 36, 244.46 W, 1965 MHz, 3996 MHz, 0 %, 0 MiB
2026/08/03 11:45:29.173, 6, P0, 33, 242.22 W, 1965 MHz, 3996 MHz, 0 %, 0 MiB
2026/08/03 11:45:29.173, 7, P0, 37, 243.26 W, 1965 MHz, 3996 MHz, 0 %, 0 MiB
2026/08/03 11:45:30.173, 0, P0, 37, 270.06 W, 1965 MHz, 3996 MHz, 95 %, 165669 MiB
2026/08/03 11:45:30.173, 1, P0, 34, 255.88 W, 1965 MHz, 3996 MHz, 7 %, 165669 MiB
2026/08/03 11:45:30.174, 2, P0, 36, 236.07 W, 1965 MHz, 3996 MHz, 0 %, 0 MiB
2026/08/03 11:45:30.174, 3, P0, 32, 238.55 W, 1965 MHz, 3996 MHz, 0 %, 0 MiB
2026/08/03 11:45:30.174, 4, P0, 33, 235.46 W, 1965 MHz, 3996 MHz, 0 %, 0 MiB
2026/08/03 11:45:30.174, 5, P0, 36, 244.33 W, 1965 MHz, 3996 MHz, 0 %, 0 MiB
2026/08/03 11:45:30.174, 6, P0, 33, 242.23 W, 1965 MHz, 3996 MHz, 0 %, 0 MiB
2026/08/03 11:45:30.174, 7, P0, 37, 243.16 W, 1965 MHz, 3996 MHz, 0 %, 0 MiB
2026/08/03 11:45:31.174, 0, P0, 37, 269.83 W, 1965 MHz, 3996 MHz, 91 %, 165669 MiB
2026/08/03 11:45:31.174, 1, P0, 34, 257.35 W, 1965 MHz, 3996 MHz, 7 %, 165669 MiB
2026/08/03 11:45:31.174, 2, P0, 36, 236.10 W, 1965 MHz, 3996 MHz, 0 %, 0 MiB
2026/08/03 11:45:31.174, 3, P0, 32, 238.50 W, 1965 MHz, 3996 MHz, 0 %, 0 MiB
2026/08/03 11:45:31.174, 4, P0, 33, 235.48 W, 1965 MHz, 3996 MHz, 0 %, 0 MiB
2026/08/03 11:45:31.174, 5, P0, 36, 244.31 W, 1965 MHz, 3996 MHz, 0 %, 0 MiB
2026/08/03 11:45:31.174, 6, P0, 33, 242.25 W, 1965 MHz, 3996 MHz, 0 %, 0 MiB
2026/08/03 11:45:31.174, 7, P0, 37, 243.21 W, 1965 MHz, 3996 MHz, 0 %, 0 MiB
2026/08/03 11:45:32.174, 0, P0, 37, 269.39 W, 1965 MHz, 3996 MHz, 93 %, 165669 MiB
2026/08/03 11:45:32.174, 1, P0, 34, 256.60 W, 1965 MHz, 3996 MHz, 7 %, 165669 MiB
2026/08/03 11:45:32.174, 2, P0, 36, 236.15 W, 1965 MHz, 3996 MHz, 0 %, 0 MiB
2026/08/03 11:45:32.174, 3, P0, 32, 238.52 W, 1965 MHz, 3996 MHz, 0 %, 0 MiB
2026/08/03 11:45:32.174, 4, P0, 33, 235.50 W, 1965 MHz, 3996 MHz, 0 %, 0 MiB
2026/08/03 11:45:32.174, 5, P0, 36, 244.42 W, 1965 MHz, 3996 MHz, 0 %, 0 MiB
2026/08/03 11:45:32.174, 6, P0, 33, 242.29 W, 1965 MHz, 3996 MHz, 0 %, 0 MiB
2026/08/03 11:45:32.174, 7, P0, 37, 243.21 W, 1965 MHz, 3996 MHz, 0 %, 0 MiB
2026/08/03 11:45:33.174, 0, P0, 37, 271.17 W, 1965 MHz, 3996 MHz, 96 %, 165669 MiB
2026/08/03 11:45:33.174, 1, P0, 34, 257.36 W, 1965 MHz, 3996 MHz, 7 %, 165669 MiB
2026/08/03 11:45:33.174, 2, P0, 36, 236.02 W, 1965 MHz, 3996 MHz, 0 %, 0 MiB
2026/08/03 11:45:33.174, 3, P0, 32, 238.55 W, 1965 MHz, 3996 MHz, 0 %, 0 MiB
2026/08/03 11:45:33.174, 4, P0, 33, 235.50 W, 1965 MHz, 3996 MHz, 0 %, 0 MiB
2026/08/03 11:45:33.174, 5, P0, 36, 244.32 W, 1965 MHz, 3996 MHz, 0 %, 0 MiB
2026/08/03 11:45:33.174, 6, P0, 33, 242.30 W, 1965 MHz, 3996 MHz, 0 %, 0 MiB
2026/08/03 11:45:33.175, 7, P0, 37, 243.19 W, 1965 MHz, 3996 MHz, 0 %, 0 MiB
2026/08/03 11:45:34.175, 0, P0, 37, 270.41 W, 1965 MHz, 3996 MHz, 96 %, 165669 MiB
2026/08/03 11:45:34.175, 1, P0, 34, 255.63 W, 1965 MHz, 3996 MHz, 7 %, 165669 MiB
2026/08/03 11:45:34.175, 2, P0, 36, 236.09 W, 1965 MHz, 3996 MHz, 0 %, 0 MiB
2026/08/03 11:45:34.175, 3, P0, 32, 238.49 W, 1965 MHz, 3996 MHz, 0 %, 0 MiB
2026/08/03 11:45:34.175, 4, P0, 33, 235.57 W, 1965 MHz, 3996 MHz, 0 %, 0 MiB
2026/08/03 11:45:34.175, 5, P0, 36, 244.43 W, 1965 MHz, 3996 MHz, 0 %, 0 MiB
2026/08/03 11:45:34.175, 6, P0, 33, 242.24 W, 1965 MHz, 3996 MHz, 0 %, 0 MiB
2026/08/03 11:45:34.175, 7, P0, 37, 243.19 W, 1965 MHz, 3996 MHz, 0 %, 0 MiB
2026/08/03 11:45:35.175, 0, P0, 37, 270.24 W, 1965 MHz, 3996 MHz, 92 %, 165669 MiB
2026/08/03 11:45:35.175, 1, P0, 34, 255.50 W, 1965 MHz, 3996 MHz, 7 %, 165669 MiB
2026/08/03 11:45:35.175, 2, P0, 36, 236.07 W, 1965 MHz, 3996 MHz, 0 %, 0 MiB
2026/08/03 11:45:35.175, 3, P0, 32, 238.51 W, 1965 MHz, 3996 MHz, 0 %, 0 MiB
2026/08/03 11:45:35.175, 4, P0, 33, 235.46 W, 1965 MHz, 3996 MHz, 0 %, 0 MiB
2026/08/03 11:45:35.175, 5, P0, 36, 244.38 W, 1965 MHz, 3996 MHz, 0 %, 0 MiB
2026/08/03 11:45:35.175, 6, P0, 33, 242.28 W, 1965 MHz, 3996 MHz, 0 %, 0 MiB
2026/08/03 11:45:35.175, 7, P0, 37, 243.20 W, 1965 MHz, 3996 MHz, 0 %, 0 MiB
2026/08/03 11:45:36.175, 0, P0, 37, 270.17 W, 1965 MHz, 3996 MHz, 92 %, 165669 MiB
2026/08/03 11:45:36.175, 1, P0, 34, 258.84 W, 1965 MHz, 3996 MHz, 7 %, 165669 MiB
2026/08/03 11:45:36.175, 2, P0, 36, 236.11 W, 1965 MHz, 3996 MHz, 0 %, 0 MiB
2026/08/03 11:45:36.175, 3, P0, 32, 238.49 W, 1965 MHz, 3996 MHz, 0 %, 0 MiB
2026/08/03 11:45:36.175, 4, P0, 33, 235.47 W, 1965 MHz, 3996 MHz, 0 %, 0 MiB
2026/08/03 11:45:36.175, 5, P0, 36, 244.34 W, 1965 MHz, 3996 MHz, 0 %, 0 MiB
2026/08/03 11:45:36.175, 6, P0, 33, 242.30 W, 1965 MHz, 3996 MHz, 0 %, 0 MiB
2026/08/03 11:45:36.175, 7, P0, 37, 243.16 W, 1965 MHz, 3996 MHz, 0 %, 0 MiB
2026/08/03 11:45:37.175, 0, P0, 37, 269.53 W, 1965 MHz, 3996 MHz, 96 %, 165669 MiB
2026/08/03 11:45:37.175, 1, P0, 34, 258.17 W, 1965 MHz, 3996 MHz, 7 %, 165669 MiB
2026/08/03 11:45:37.176, 2, P0, 36, 236.07 W, 1965 MHz, 3996 MHz, 0 %, 0 MiB
2026/08/03 11:45:37.176, 3, P0, 32, 238.51 W, 1965 MHz, 3996 MHz, 0 %, 0 MiB
2026/08/03 11:45:37.176, 4, P0, 33, 235.47 W, 1965 MHz, 3996 MHz, 0 %, 0 MiB
2026/08/03 11:45:37.176, 5, P0, 36, 244.38 W, 1965 MHz, 3996 MHz, 0 %, 0 MiB
2026/08/03 11:45:37.176, 6, P0, 33, 242.39 W, 1965 MHz, 3996 MHz, 0 %, 0 MiB
2026/08/03 11:45:37.176, 7, P0, 37, 243.24 W, 1965 MHz, 3996 MHz, 0 %, 0 MiB
2026/08/03 11:45:38.176, 0, P0, 37, 270.76 W, 1965 MHz, 3996 MHz, 96 %, 165669 MiB
2026/08/03 11:45:38.176, 1, P0, 34, 256.54 W, 1965 MHz, 3996 MHz, 7 %, 165669 MiB
2026/08/03 11:45:38.176, 2, P0, 36, 236.12 W, 1965 MHz, 3996 MHz, 0 %, 0 MiB
2026/08/03 11:45:38.176, 3, P0, 32, 238.52 W, 1965 MHz, 3996 MHz, 0 %, 0 MiB
2026/08/03 11:45:38.176, 4, P0, 33, 235.57 W, 1965 MHz, 3996 MHz, 0 %, 0 MiB
2026/08/03 11:45:38.176, 5, P0, 36, 244.39 W, 1965 MHz, 3996 MHz, 0 %, 0 MiB
2026/08/03 11:45:38.176, 6, P0, 33, 242.32 W, 1965 MHz, 3996 MHz, 0 %, 0 MiB
2026/08/03 11:45:38.176, 7, P0, 37, 243.20 W, 1965 MHz, 3996 MHz, 0 %, 0 MiB
2026/08/03 11:45:39.176, 0, P0, 37, 271.05 W, 1965 MHz, 3996 MHz, 95 %, 165669 MiB
2026/08/03 11:45:39.176, 1, P0, 34, 257.58 W, 1965 MHz, 3996 MHz, 8 %, 165669 MiB
2026/08/03 11:45:39.176, 2, P0, 36, 236.05 W, 1965 MHz, 3996 MHz, 0 %, 0 MiB
2026/08/03 11:45:39.176, 3, P0, 32, 238.49 W, 1965 MHz, 3996 MHz, 0 %, 0 MiB
2026/08/03 11:45:39.176, 4, P0, 33, 235.50 W, 1965 MHz, 3996 MHz, 0 %, 0 MiB
2026/08/03 11:45:39.176, 5, P0, 36, 244.44 W, 1965 MHz, 3996 MHz, 0 %, 0 MiB
2026/08/03 11:45:39.176, 6, P0, 33, 242.36 W, 1965 MHz, 3996 MHz, 0 %, 0 MiB
2026/08/03 11:45:39.176, 7, P0, 37, 243.25 W, 1965 MHz, 3996 MHz, 0 %, 0 MiB
2026/08/03 11:45:40.176, 0, P0, 37, 269.95 W, 1965 MHz, 3996 MHz, 91 %, 165669 MiB
2026/08/03 11:45:40.176, 1, P0, 34, 257.77 W, 1965 MHz, 3996 MHz, 7 %, 165669 MiB
2026/08/03 11:45:40.176, 2, P0, 36, 236.10 W, 1965 MHz, 3996 MHz, 0 %, 0 MiB
2026/08/03 11:45:40.176, 3, P0, 32, 238.54 W, 1965 MHz, 3996 MHz, 0 %, 0 MiB
2026/08/03 11:45:40.176, 4, P0, 33, 235.46 W, 1965 MHz, 3996 MHz, 0 %, 0 MiB
2026/08/03 11:45:40.176, 5, P0, 36, 244.43 W, 1965 MHz, 3996 MHz, 0 %, 0 MiB
2026/08/03 11:45:40.176, 6, P0, 33, 242.26 W, 1965 MHz, 3996 MHz, 0 %, 0 MiB
2026/08/03 11:45:40.176, 7, P0, 37, 243.23 W, 1965 MHz, 3996 MHz, 0 %, 0 MiB
2026/08/03 11:45:41.176, 0, P0, 37, 270.14 W, 1965 MHz, 3996 MHz, 92 %, 165669 MiB
2026/08/03 11:45:41.177, 1, P0, 34, 257.51 W, 1965 MHz, 3996 MHz, 7 %, 165669 MiB
2026/08/03 11:45:41.177, 2, P0, 36, 236.01 W, 1965 MHz, 3996 MHz, 0 %, 0 MiB
2026/08/03 11:45:41.177, 3, P0, 32, 238.57 W, 1965 MHz, 3996 MHz, 0 %, 0 MiB
2026/08/03 11:45:41.177, 4, P0, 33, 235.60 W, 1965 MHz, 3996 MHz, 0 %, 0 MiB
2026/08/03 11:45:41.177, 5, P0, 36, 244.42 W, 1965 MHz, 3996 MHz, 0 %, 0 MiB
2026/08/03 11:45:41.177, 6, P0, 33, 242.33 W, 1965 MHz, 3996 MHz, 0 %, 0 MiB
2026/08/03 11:45:41.177, 7, P0, 37, 243.23 W, 1965 MHz, 3996 MHz, 0 %, 0 MiB
2026/08/03 11:45:42.177, 0, P0, 37, 270.39 W, 1965 MHz, 3996 MHz, 96 %, 165669 MiB
2026/08/03 11:45:42.177, 1, P0, 34, 257.52 W, 1965 MHz, 3996 MHz, 7 %, 165669 MiB
2026/08/03 11:45:42.177, 2, P0, 36, 236.07 W, 1965 MHz, 3996 MHz, 0 %, 0 MiB
2026/08/03 11:45:42.177, 3, P0, 32, 238.47 W, 1965 MHz, 3996 MHz, 0 %, 0 MiB
2026/08/03 11:45:42.177, 4, P0, 33, 235.50 W, 1965 MHz, 3996 MHz, 0 %, 0 MiB
2026/08/03 11:45:42.177, 5, P0, 36, 244.39 W, 1965 MHz, 3996 MHz, 0 %, 0 MiB
2026/08/03 11:45:42.177, 6, P0, 33, 242.37 W, 1965 MHz, 3996 MHz, 0 %, 0 MiB
2026/08/03 11:45:42.177, 7, P0, 37, 243.30 W, 1965 MHz, 3996 MHz, 0 %, 0 MiB
2026/08/03 11:45:43.177, 0, P0, 36, 271.37 W, 1965 MHz, 3996 MHz, 96 %, 165669 MiB
2026/08/03 11:45:43.177, 1, P0, 34, 257.01 W, 1965 MHz, 3996 MHz, 8 %, 165669 MiB
2026/08/03 11:45:43.177, 2, P0, 36, 236.03 W, 1965 MHz, 3996 MHz, 0 %, 0 MiB
2026/08/03 11:45:43.177, 3, P0, 32, 238.57 W, 1965 MHz, 3996 MHz, 0 %, 0 MiB
2026/08/03 11:45:43.177, 4, P0, 33, 235.56 W, 1965 MHz, 3996 MHz, 0 %, 0 MiB
2026/08/03 11:45:43.177, 5, P0, 36, 244.41 W, 1965 MHz, 3996 MHz, 0 %, 0 MiB
2026/08/03 11:45:43.177, 6, P0, 33, 242.27 W, 1965 MHz, 3996 MHz, 0 %, 0 MiB
2026/08/03 11:45:43.177, 7, P0, 37, 243.24 W, 1965 MHz, 3996 MHz, 0 %, 0 MiB
2026/08/03 11:45:44.177, 0, P0, 37, 270.18 W, 1965 MHz, 3996 MHz, 93 %, 165669 MiB
2026/08/03 11:45:44.177, 1, P0, 34, 257.19 W, 1965 MHz, 3996 MHz, 7 %, 165669 MiB
2026/08/03 11:45:44.177, 2, P0, 36, 236.06 W, 1965 MHz, 3996 MHz, 0 %, 0 MiB
2026/08/03 11:45:44.177, 3, P0, 32, 238.57 W, 1965 MHz, 3996 MHz, 0 %, 0 MiB
2026/08/03 11:45:44.177, 4, P0, 33, 235.54 W, 1965 MHz, 3996 MHz, 0 %, 0 MiB
2026/08/03 11:45:44.177, 5, P0, 36, 244.34 W, 1965 MHz, 3996 MHz, 0 %, 0 MiB
2026/08/03 11:45:44.177, 6, P0, 33, 242.22 W, 1965 MHz, 3996 MHz, 0 %, 0 MiB
2026/08/03 11:45:44.177, 7, P0, 37, 243.27 W, 1965 MHz, 3996 MHz, 0 %, 0 MiB
2026/08/03 11:45:45.178, 0, P0, 36, 271.63 W, 1965 MHz, 3996 MHz, 92 %, 165669 MiB
2026/08/03 11:45:45.178, 1, P0, 34, 257.90 W, 1965 MHz, 3996 MHz, 7 %, 165669 MiB
2026/08/03 11:45:45.178, 2, P0, 36, 236.06 W, 1965 MHz, 3996 MHz, 0 %, 0 MiB
2026/08/03 11:45:45.178, 3, P0, 32, 238.62 W, 1965 MHz, 3996 MHz, 0 %, 0 MiB
2026/08/03 11:45:45.178, 4, P0, 33, 235.54 W, 1965 MHz, 3996 MHz, 0 %, 0 MiB
2026/08/03 11:45:45.178, 5, P0, 36, 244.38 W, 1965 MHz, 3996 MHz, 0 %, 0 MiB
2026/08/03 11:45:45.178, 6, P0, 33, 242.29 W, 1965 MHz, 3996 MHz, 0 %, 0 MiB
2026/08/03 11:45:45.178, 7, P0, 37, 243.23 W, 1965 MHz, 3996 MHz, 0 %, 0 MiB
2026/08/03 11:45:46.178, 0, P0, 37, 271.16 W, 1965 MHz, 3996 MHz, 94 %, 165669 MiB
2026/08/03 11:45:46.178, 1, P0, 34, 257.69 W, 1965 MHz, 3996 MHz, 7 %, 165669 MiB
2026/08/03 11:45:46.178, 2, P0, 36, 236.06 W, 1965 MHz, 3996 MHz, 0 %, 0 MiB
2026/08/03 11:45:46.178, 3, P0, 32, 238.51 W, 1965 MHz, 3996 MHz, 0 %, 0 MiB
2026/08/03 11:45:46.178, 4, P0, 33, 235.54 W, 1965 MHz, 3996 MHz, 0 %, 0 MiB
2026/08/03 11:45:46.178, 5, P0, 36, 244.35 W, 1965 MHz, 3996 MHz, 0 %, 0 MiB
2026/08/03 11:45:46.178, 6, P0, 33, 242.29 W, 1965 MHz, 3996 MHz, 0 %, 0 MiB
2026/08/03 11:45:46.178, 7, P0, 37, 243.17 W, 1965 MHz, 3996 MHz, 0 %, 0 MiB
2026/08/03 11:45:47.178, 0, P0, 37, 304.49 W, 1965 MHz, 3996 MHz, 91 %, 165669 MiB
2026/08/03 11:45:47.178, 1, P0, 34, 269.49 W, 1965 MHz, 3996 MHz, 8 %, 165669 MiB
2026/08/03 11:45:47.178, 2, P0, 36, 236.08 W, 1965 MHz, 3996 MHz, 0 %, 0 MiB
2026/08/03 11:45:47.178, 3, P0, 32, 238.49 W, 1965 MHz, 3996 MHz, 0 %, 0 MiB
2026/08/03 11:45:47.178, 4, P0, 33, 235.52 W, 1965 MHz, 3996 MHz, 0 %, 0 MiB
2026/08/03 11:45:47.178, 5, P0, 36, 244.35 W, 1965 MHz, 3996 MHz, 0 %, 0 MiB
2026/08/03 11:45:47.178, 6, P0, 33, 242.25 W, 1965 MHz, 3996 MHz, 0 %, 0 MiB
2026/08/03 11:45:47.178, 7, P0, 37, 243.18 W, 1965 MHz, 3996 MHz, 0 %, 0 MiB
2026/08/03 11:45:48.178, 0, P0, 37, 280.39 W, 1965 MHz, 3996 MHz, 84 %, 165669 MiB
2026/08/03 11:45:48.178, 1, P0, 34, 259.82 W, 1965 MHz, 3996 MHz, 8 %, 165669 MiB
2026/08/03 11:45:48.178, 2, P0, 36, 236.05 W, 1965 MHz, 3996 MHz, 0 %, 0 MiB
2026/08/03 11:45:48.178, 3, P0, 32, 238.47 W, 1965 MHz, 3996 MHz, 0 %, 0 MiB
2026/08/03 11:45:48.178, 4, P0, 33, 235.58 W, 1965 MHz, 3996 MHz, 0 %, 0 MiB
2026/08/03 11:45:48.178, 5, P0, 36, 244.42 W, 1965 MHz, 3996 MHz, 0 %, 0 MiB
2026/08/03 11:45:48.178, 6, P0, 33, 242.26 W, 1965 MHz, 3996 MHz, 0 %, 0 MiB
2026/08/03 11:45:48.178, 7, P0, 37, 243.17 W, 1965 MHz, 3996 MHz, 0 %, 0 MiB
2026/08/03 11:45:49.179, 0, P0, 37, 313.03 W, 1965 MHz, 3996 MHz, 84 %, 165669 MiB
2026/08/03 11:45:49.179, 1, P0, 34, 269.64 W, 1965 MHz, 3996 MHz, 8 %, 165669 MiB
2026/08/03 11:45:49.179, 2, P0, 36, 236.07 W, 1965 MHz, 3996 MHz, 0 %, 0 MiB
2026/08/03 11:45:49.179, 3, P0, 32, 238.49 W, 1965 MHz, 3996 MHz, 0 %, 0 MiB
2026/08/03 11:45:49.179, 4, P0, 33, 235.59 W, 1965 MHz, 3996 MHz, 0 %, 0 MiB
2026/08/03 11:45:49.179, 5, P0, 36, 244.44 W, 1965 MHz, 3996 MHz, 0 %, 0 MiB
2026/08/03 11:45:49.179, 6, P0, 33, 242.24 W, 1965 MHz, 3996 MHz, 0 %, 0 MiB
2026/08/03 11:45:49.179, 7, P0, 37, 243.14 W, 1965 MHz, 3996 MHz, 0 %, 0 MiB
2026/08/03 11:45:50.179, 0, P0, 37, 282.51 W, 1965 MHz, 3996 MHz, 85 %, 165669 MiB
2026/08/03 11:45:50.179, 1, P0, 34, 261.33 W, 1965 MHz, 3996 MHz, 8 %, 165669 MiB
2026/08/03 11:45:50.179, 2, P0, 36, 236.09 W, 1965 MHz, 3996 MHz, 0 %, 0 MiB
2026/08/03 11:45:50.179, 3, P0, 32, 238.46 W, 1965 MHz, 3996 MHz, 0 %, 0 MiB
2026/08/03 11:45:50.179, 4, P0, 33, 235.59 W, 1965 MHz, 3996 MHz, 0 %, 0 MiB
2026/08/03 11:45:50.179, 5, P0, 36, 244.47 W, 1965 MHz, 3996 MHz, 0 %, 0 MiB
2026/08/03 11:45:50.179, 6, P0, 33, 242.35 W, 1965 MHz, 3996 MHz, 0 %, 0 MiB
2026/08/03 11:45:50.179, 7, P0, 37, 243.16 W, 1965 MHz, 3996 MHz, 0 %, 0 MiB
2026/08/03 11:45:51.179, 0, P0, 37, 312.35 W, 1965 MHz, 3996 MHz, 85 %, 165669 MiB
2026/08/03 11:45:51.179, 1, P0, 34, 271.76 W, 1965 MHz, 3996 MHz, 8 %, 165669 MiB
2026/08/03 11:45:51.179, 2, P0, 36, 236.07 W, 1965 MHz, 3996 MHz, 0 %, 0 MiB
2026/08/03 11:45:51.179, 3, P0, 32, 238.52 W, 1965 MHz, 3996 MHz, 0 %, 0 MiB
2026/08/03 11:45:51.179, 4, P0, 33, 235.58 W, 1965 MHz, 3996 MHz, 0 %, 0 MiB
2026/08/03 11:45:51.179, 5, P0, 36, 244.37 W, 1965 MHz, 3996 MHz, 0 %, 0 MiB
2026/08/03 11:45:51.179, 6, P0, 33, 242.34 W, 1965 MHz, 3996 MHz, 0 %, 0 MiB
2026/08/03 11:45:51.179, 7, P0, 37, 243.14 W, 1965 MHz, 3996 MHz, 0 %, 0 MiB
2026/08/03 11:45:52.179, 0, P0, 37, 280.84 W, 1965 MHz, 3996 MHz, 76 %, 165669 MiB
2026/08/03 11:45:52.179, 1, P0, 34, 263.74 W, 1965 MHz, 3996 MHz, 8 %, 165669 MiB
2026/08/03 11:45:52.179, 2, P0, 36, 236.12 W, 1965 MHz, 3996 MHz, 0 %, 0 MiB
2026/08/03 11:45:52.179, 3, P0, 32, 238.52 W, 1965 MHz, 3996 MHz, 0 %, 0 MiB
2026/08/03 11:45:52.179, 4, P0, 33, 235.51 W, 1965 MHz, 3996 MHz, 0 %, 0 MiB
2026/08/03 11:45:52.179, 5, P0, 36, 244.43 W, 1965 MHz, 3996 MHz, 0 %, 0 MiB
2026/08/03 11:45:52.179, 6, P0, 33, 242.22 W, 1965 MHz, 3996 MHz, 0 %, 0 MiB
2026/08/03 11:45:52.179, 7, P0, 37, 243.20 W, 1965 MHz, 3996 MHz, 0 %, 0 MiB
2026/08/03 11:45:53.180, 0, P0, 38, 316.17 W, 1965 MHz, 3996 MHz, 86 %, 165669 MiB
2026/08/03 11:45:53.180, 1, P0, 34, 271.22 W, 1965 MHz, 3996 MHz, 12 %, 165669 MiB
2026/08/03 11:45:53.180, 2, P0, 36, 236.05 W, 1965 MHz, 3996 MHz, 0 %, 0 MiB
2026/08/03 11:45:53.180, 3, P0, 32, 238.46 W, 1965 MHz, 3996 MHz, 0 %, 0 MiB
2026/08/03 11:45:53.180, 4, P0, 33, 235.46 W, 1965 MHz, 3996 MHz, 0 %, 0 MiB
2026/08/03 11:45:53.180, 5, P0, 36, 244.38 W, 1965 MHz, 3996 MHz, 0 %, 0 MiB
2026/08/03 11:45:53.180, 6, P0, 33, 242.30 W, 1965 MHz, 3996 MHz, 0 %, 0 MiB
2026/08/03 11:45:53.180, 7, P0, 37, 243.22 W, 1965 MHz, 3996 MHz, 0 %, 0 MiB
2026/08/03 11:45:54.180, 0, P0, 37, 279.61 W, 1965 MHz, 3996 MHz, 84 %, 165669 MiB
2026/08/03 11:45:54.180, 1, P0, 34, 262.42 W, 1965 MHz, 3996 MHz, 8 %, 165669 MiB
2026/08/03 11:45:54.180, 2, P0, 36, 236.03 W, 1965 MHz, 3996 MHz, 0 %, 0 MiB
2026/08/03 11:45:54.180, 3, P0, 32, 238.46 W, 1965 MHz, 3996 MHz, 0 %, 0 MiB
2026/08/03 11:45:54.180, 4, P0, 33, 235.51 W, 1965 MHz, 3996 MHz, 0 %, 0 MiB
2026/08/03 11:45:54.180, 5, P0, 36, 244.31 W, 1965 MHz, 3996 MHz, 0 %, 0 MiB
2026/08/03 11:45:54.180, 6, P0, 33, 242.24 W, 1965 MHz, 3996 MHz, 0 %, 0 MiB
2026/08/03 11:45:54.180, 7, P0, 37, 243.17 W, 1965 MHz, 3996 MHz, 0 %, 0 MiB
2026/08/03 11:45:55.180, 0, P0, 37, 281.27 W, 1965 MHz, 3996 MHz, 79 %, 165669 MiB
2026/08/03 11:45:55.180, 1, P0, 34, 261.16 W, 1965 MHz, 3996 MHz, 8 %, 165669 MiB
2026/08/03 11:45:55.180, 2, P0, 36, 236.06 W, 1965 MHz, 3996 MHz, 0 %, 0 MiB
2026/08/03 11:45:55.180, 3, P0, 32, 238.49 W, 1965 MHz, 3996 MHz, 0 %, 0 MiB
2026/08/03 11:45:55.180, 4, P0, 33, 235.41 W, 1965 MHz, 3996 MHz, 0 %, 0 MiB
2026/08/03 11:45:55.180, 5, P0, 36, 244.43 W, 1965 MHz, 3996 MHz, 0 %, 0 MiB
2026/08/03 11:45:55.180, 6, P0, 33, 242.30 W, 1965 MHz, 3996 MHz, 0 %, 0 MiB
2026/08/03 11:45:55.180, 7, P0, 37, 243.28 W, 1965 MHz, 3996 MHz, 0 %, 0 MiB
2026/08/03 11:45:56.180, 0, P0, 37, 281.67 W, 1965 MHz, 3996 MHz, 84 %, 165669 MiB
2026/08/03 11:45:56.180, 1, P0, 34, 263.02 W, 1965 MHz, 3996 MHz, 8 %, 165669 MiB
2026/08/03 11:45:56.180, 2, P0, 36, 236.02 W, 1965 MHz, 3996 MHz, 0 %, 0 MiB
2026/08/03 11:45:56.180, 3, P0, 32, 238.50 W, 1965 MHz, 3996 MHz, 0 %, 0 MiB
2026/08/03 11:45:56.180, 4, P0, 33, 235.38 W, 1965 MHz, 3996 MHz, 0 %, 0 MiB
2026/08/03 11:45:56.180, 5, P0, 36, 244.33 W, 1965 MHz, 3996 MHz, 0 %, 0 MiB
2026/08/03 11:45:56.180, 6, P0, 33, 242.26 W, 1965 MHz, 3996 MHz, 0 %, 0 MiB
2026/08/03 11:45:56.180, 7, P0, 37, 243.15 W, 1965 MHz, 3996 MHz, 0 %, 0 MiB
2026/08/03 11:45:57.181, 0, P0, 37, 279.83 W, 1965 MHz, 3996 MHz, 85 %, 165669 MiB
2026/08/03 11:45:57.181, 1, P0, 34, 261.15 W, 1965 MHz, 3996 MHz, 8 %, 165669 MiB
2026/08/03 11:45:57.181, 2, P0, 36, 236.02 W, 1965 MHz, 3996 MHz, 0 %, 0 MiB
2026/08/03 11:45:57.181, 3, P0, 32, 238.52 W, 1965 MHz, 3996 MHz, 0 %, 0 MiB
2026/08/03 11:45:57.181, 4, P0, 33, 235.42 W, 1965 MHz, 3996 MHz, 0 %, 0 MiB
2026/08/03 11:45:57.181, 5, P0, 36, 244.37 W, 1965 MHz, 3996 MHz, 0 %, 0 MiB
2026/08/03 11:45:57.181, 6, P0, 33, 242.24 W, 1965 MHz, 3996 MHz, 0 %, 0 MiB
2026/08/03 11:45:57.181, 7, P0, 37, 243.25 W, 1965 MHz, 3996 MHz, 0 %, 0 MiB
2026/08/03 11:45:58.181, 0, P0, 37, 284.94 W, 1965 MHz, 3996 MHz, 89 %, 165669 MiB
2026/08/03 11:45:58.181, 1, P0, 34, 261.96 W, 1965 MHz, 3996 MHz, 8 %, 165669 MiB
2026/08/03 11:45:58.181, 2, P0, 36, 236.01 W, 1965 MHz, 3996 MHz, 0 %, 0 MiB
2026/08/03 11:45:58.181, 3, P0, 32, 238.46 W, 1965 MHz, 3996 MHz, 0 %, 0 MiB
2026/08/03 11:45:58.181, 4, P0, 33, 235.59 W, 1965 MHz, 3996 MHz, 0 %, 0 MiB
2026/08/03 11:45:58.181, 5, P0, 36, 244.45 W, 1965 MHz, 3996 MHz, 0 %, 0 MiB
2026/08/03 11:45:58.181, 6, P0, 33, 242.21 W, 1965 MHz, 3996 MHz, 0 %, 0 MiB
2026/08/03 11:45:58.181, 7, P0, 37, 243.31 W, 1965 MHz, 3996 MHz, 0 %, 0 MiB
2026/08/03 11:45:59.181, 0, P0, 37, 282.45 W, 1965 MHz, 3996 MHz, 91 %, 165669 MiB
2026/08/03 11:45:59.181, 1, P0, 34, 263.23 W, 1965 MHz, 3996 MHz, 8 %, 165669 MiB
2026/08/03 11:45:59.181, 2, P0, 36, 236.06 W, 1965 MHz, 3996 MHz, 0 %, 0 MiB
2026/08/03 11:45:59.181, 3, P0, 32, 238.53 W, 1965 MHz, 3996 MHz, 0 %, 0 MiB
2026/08/03 11:45:59.181, 4, P0, 33, 235.51 W, 1965 MHz, 3996 MHz, 0 %, 0 MiB
2026/08/03 11:45:59.181, 5, P0, 36, 244.43 W, 1965 MHz, 3996 MHz, 0 %, 0 MiB
2026/08/03 11:45:59.181, 6, P0, 33, 242.39 W, 1965 MHz, 3996 MHz, 0 %, 0 MiB
2026/08/03 11:45:59.181, 7, P0, 37, 243.24 W, 1965 MHz, 3996 MHz, 0 %, 0 MiB
2026/08/03 11:46:00.181, 0, P0, 37, 281.58 W, 1965 MHz, 3996 MHz, 87 %, 165669 MiB
2026/08/03 11:46:00.181, 1, P0, 34, 261.99 W, 1965 MHz, 3996 MHz, 8 %, 165669 MiB
2026/08/03 11:46:00.181, 2, P0, 36, 236.07 W, 1965 MHz, 3996 MHz, 0 %, 0 MiB
2026/08/03 11:46:00.181, 3, P0, 32, 238.51 W, 1965 MHz, 3996 MHz, 0 %, 0 MiB
2026/08/03 11:46:00.181, 4, P0, 33, 235.46 W, 1965 MHz, 3996 MHz, 0 %, 0 MiB
2026/08/03 11:46:00.181, 5, P0, 36, 244.46 W, 1965 MHz, 3996 MHz, 0 %, 0 MiB
2026/08/03 11:46:00.181, 6, P0, 33, 242.34 W, 1965 MHz, 3996 MHz, 0 %, 0 MiB
2026/08/03 11:46:00.182, 7, P0, 37, 243.23 W, 1965 MHz, 3996 MHz, 0 %, 0 MiB
2026/08/03 11:46:01.182, 0, P0, 37, 282.08 W, 1965 MHz, 3996 MHz, 85 %, 165669 MiB
2026/08/03 11:46:01.182, 1, P0, 34, 262.44 W, 1965 MHz, 3996 MHz, 8 %, 165669 MiB
2026/08/03 11:46:01.182, 2, P0, 36, 236.10 W, 1965 MHz, 3996 MHz, 0 %, 0 MiB
2026/08/03 11:46:01.182, 3, P0, 32, 238.51 W, 1965 MHz, 3996 MHz, 0 %, 0 MiB
2026/08/03 11:46:01.182, 4, P0, 33, 235.48 W, 1965 MHz, 3996 MHz, 0 %, 0 MiB
2026/08/03 11:46:01.182, 5, P0, 36, 244.37 W, 1965 MHz, 3996 MHz, 0 %, 0 MiB
2026/08/03 11:46:01.182, 6, P0, 33, 242.31 W, 1965 MHz, 3996 MHz, 0 %, 0 MiB
2026/08/03 11:46:01.182, 7, P0, 37, 243.23 W, 1965 MHz, 3996 MHz, 0 %, 0 MiB
2026/08/03 11:46:02.182, 0, P0, 37, 313.83 W, 1965 MHz, 3996 MHz, 81 %, 165669 MiB
2026/08/03 11:46:02.182, 1, P0, 34, 271.26 W, 1965 MHz, 3996 MHz, 8 %, 165669 MiB
2026/08/03 11:46:02.182, 2, P0, 36, 236.06 W, 1965 MHz, 3996 MHz, 0 %, 0 MiB
2026/08/03 11:46:02.182, 3, P0, 32, 238.48 W, 1965 MHz, 3996 MHz, 0 %, 0 MiB
2026/08/03 11:46:02.182, 4, P0, 33, 235.59 W, 1965 MHz, 3996 MHz, 0 %, 0 MiB
2026/08/03 11:46:02.182, 5, P0, 36, 244.35 W, 1965 MHz, 3996 MHz, 0 %, 0 MiB
2026/08/03 11:46:02.182, 6, P0, 33, 242.34 W, 1965 MHz, 3996 MHz, 0 %, 0 MiB
2026/08/03 11:46:02.182, 7, P0, 37, 243.26 W, 1965 MHz, 3996 MHz, 0 %, 0 MiB
2026/08/03 11:46:03.182, 0, P0, 37, 279.12 W, 1965 MHz, 3996 MHz, 91 %, 165669 MiB
2026/08/03 11:46:03.182, 1, P0, 34, 258.90 W, 1965 MHz, 3996 MHz, 8 %, 165669 MiB
2026/08/03 11:46:03.182, 2, P0, 36, 236.11 W, 1965 MHz, 3996 MHz, 0 %, 0 MiB
2026/08/03 11:46:03.182, 3, P0, 32, 238.55 W, 1965 MHz, 3996 MHz, 0 %, 0 MiB
2026/08/03 11:46:03.182, 4, P0, 33, 235.48 W, 1965 MHz, 3996 MHz, 0 %, 0 MiB
2026/08/03 11:46:03.182, 5, P0, 36, 244.42 W, 1965 MHz, 3996 MHz, 0 %, 0 MiB
2026/08/03 11:46:03.182, 6, P0, 33, 242.41 W, 1965 MHz, 3996 MHz, 0 %, 0 MiB
2026/08/03 11:46:03.182, 7, P0, 37, 243.21 W, 1965 MHz, 3996 MHz, 0 %, 0 MiB
2026/08/03 11:46:04.182, 0, P0, 37, 314.67 W, 1965 MHz, 3996 MHz, 93 %, 165669 MiB
2026/08/03 11:46:04.182, 1, P0, 34, 267.85 W, 1965 MHz, 3996 MHz, 8 %, 165669 MiB
2026/08/03 11:46:04.182, 2, P0, 36, 236.04 W, 1965 MHz, 3996 MHz, 0 %, 0 MiB
2026/08/03 11:46:04.182, 3, P0, 32, 238.50 W, 1965 MHz, 3996 MHz, 0 %, 0 MiB
2026/08/03 11:46:04.182, 4, P0, 33, 235.54 W, 1965 MHz, 3996 MHz, 0 %, 0 MiB
2026/08/03 11:46:04.182, 5, P0, 36, 244.31 W, 1965 MHz, 3996 MHz, 0 %, 0 MiB
2026/08/03 11:46:04.182, 6, P0, 33, 242.34 W, 1965 MHz, 3996 MHz, 0 %, 0 MiB
2026/08/03 11:46:04.182, 7, P0, 37, 243.15 W, 1965 MHz, 3996 MHz, 0 %, 0 MiB
2026/08/03 11:46:05.183, 0, P0, 37, 279.49 W, 1965 MHz, 3996 MHz, 89 %, 165669 MiB
2026/08/03 11:46:05.183, 1, P0, 34, 261.09 W, 1965 MHz, 3996 MHz, 8 %, 165669 MiB
2026/08/03 11:46:05.183, 2, P0, 36, 236.02 W, 1965 MHz, 3996 MHz, 0 %, 0 MiB
2026/08/03 11:46:05.183, 3, P0, 32, 238.53 W, 1965 MHz, 3996 MHz, 0 %, 0 MiB
2026/08/03 11:46:05.183, 4, P0, 33, 235.53 W, 1965 MHz, 3996 MHz, 0 %, 0 MiB
2026/08/03 11:46:05.183, 5, P0, 36, 244.40 W, 1965 MHz, 3996 MHz, 0 %, 0 MiB
2026/08/03 11:46:05.183, 6, P0, 33, 242.33 W, 1965 MHz, 3996 MHz, 0 %, 0 MiB
2026/08/03 11:46:05.183, 7, P0, 37, 243.16 W, 1965 MHz, 3996 MHz, 0 %, 0 MiB
2026/08/03 11:46:06.183, 0, P0, 37, 280.98 W, 1965 MHz, 3996 MHz, 93 %, 165669 MiB
2026/08/03 11:46:06.183, 1, P0, 34, 261.81 W, 1965 MHz, 3996 MHz, 8 %, 165669 MiB
2026/08/03 11:46:06.183, 2, P0, 36, 236.01 W, 1965 MHz, 3996 MHz, 0 %, 0 MiB
2026/08/03 11:46:06.183, 3, P0, 32, 238.51 W, 1965 MHz, 3996 MHz, 0 %, 0 MiB
2026/08/03 11:46:06.183, 4, P0, 33, 235.51 W, 1965 MHz, 3996 MHz, 0 %, 0 MiB
2026/08/03 11:46:06.183, 5, P0, 36, 244.44 W, 1965 MHz, 3996 MHz, 0 %, 0 MiB
2026/08/03 11:46:06.183, 6, P0, 33, 242.33 W, 1965 MHz, 3996 MHz, 0 %, 0 MiB
2026/08/03 11:46:06.183, 7, P0, 37, 243.26 W, 1965 MHz, 3996 MHz, 0 %, 0 MiB
2026/08/03 11:46:07.183, 0, P0, 37, 280.70 W, 1965 MHz, 3996 MHz, 88 %, 165669 MiB
2026/08/03 11:46:07.183, 1, P0, 34, 262.28 W, 1965 MHz, 3996 MHz, 8 %, 165669 MiB
2026/08/03 11:46:07.183, 2, P0, 36, 236.03 W, 1965 MHz, 3996 MHz, 0 %, 0 MiB
2026/08/03 11:46:07.183, 3, P0, 32, 238.55 W, 1965 MHz, 3996 MHz, 0 %, 0 MiB
2026/08/03 11:46:07.183, 4, P0, 33, 235.50 W, 1965 MHz, 3996 MHz, 0 %, 0 MiB
2026/08/03 11:46:07.183, 5, P0, 36, 244.45 W, 1965 MHz, 3996 MHz, 0 %, 0 MiB
2026/08/03 11:46:07.183, 6, P0, 33, 242.28 W, 1965 MHz, 3996 MHz, 0 %, 0 MiB
2026/08/03 11:46:07.183, 7, P0, 37, 243.23 W, 1965 MHz, 3996 MHz, 0 %, 0 MiB
2026/08/03 11:46:08.183, 0, P0, 37, 280.41 W, 1965 MHz, 3996 MHz, 80 %, 165669 MiB
2026/08/03 11:46:08.183, 1, P0, 34, 263.37 W, 1965 MHz, 3996 MHz, 8 %, 165669 MiB
2026/08/03 11:46:08.184, 2, P0, 36, 236.05 W, 1965 MHz, 3996 MHz, 0 %, 0 MiB
2026/08/03 11:46:08.184, 3, P0, 32, 238.43 W, 1965 MHz, 3996 MHz, 0 %, 0 MiB
2026/08/03 11:46:08.184, 4, P0, 33, 235.49 W, 1965 MHz, 3996 MHz, 0 %, 0 MiB
2026/08/03 11:46:08.184, 5, P0, 36, 244.41 W, 1965 MHz, 3996 MHz, 0 %, 0 MiB
2026/08/03 11:46:08.184, 6, P0, 33, 242.31 W, 1965 MHz, 3996 MHz, 0 %, 0 MiB
2026/08/03 11:46:08.184, 7, P0, 37, 243.20 W, 1965 MHz, 3996 MHz, 0 %, 0 MiB
2026/08/03 11:46:09.184, 0, P0, 37, 284.37 W, 1965 MHz, 3996 MHz, 79 %, 165669 MiB
2026/08/03 11:46:09.184, 1, P0, 34, 264.41 W, 1965 MHz, 3996 MHz, 8 %, 165669 MiB
2026/08/03 11:46:09.184, 2, P0, 36, 236.05 W, 1965 MHz, 3996 MHz, 0 %, 0 MiB
2026/08/03 11:46:09.184, 3, P0, 32, 238.57 W, 1965 MHz, 3996 MHz, 0 %, 0 MiB
2026/08/03 11:46:09.184, 4, P0, 33, 235.48 W, 1965 MHz, 3996 MHz, 0 %, 0 MiB
2026/08/03 11:46:09.184, 5, P0, 36, 244.40 W, 1965 MHz, 3996 MHz, 0 %, 0 MiB
2026/08/03 11:46:09.184, 6, P0, 33, 242.24 W, 1965 MHz, 3996 MHz, 0 %, 0 MiB
2026/08/03 11:46:09.184, 7, P0, 37, 243.24 W, 1965 MHz, 3996 MHz, 0 %, 0 MiB
2026/08/03 11:46:10.184, 0, P0, 37, 280.58 W, 1965 MHz, 3996 MHz, 74 %, 165669 MiB
2026/08/03 11:46:10.184, 1, P0, 34, 262.54 W, 1965 MHz, 3996 MHz, 9 %, 165669 MiB
2026/08/03 11:46:10.184, 2, P0, 36, 236.03 W, 1965 MHz, 3996 MHz, 0 %, 0 MiB
2026/08/03 11:46:10.184, 3, P0, 32, 238.50 W, 1965 MHz, 3996 MHz, 0 %, 0 MiB
2026/08/03 11:46:10.184, 4, P0, 33, 235.43 W, 1965 MHz, 3996 MHz, 0 %, 0 MiB
2026/08/03 11:46:10.184, 5, P0, 36, 244.51 W, 1965 MHz, 3996 MHz, 0 %, 0 MiB
2026/08/03 11:46:10.184, 6, P0, 33, 242.29 W, 1965 MHz, 3996 MHz, 0 %, 0 MiB
2026/08/03 11:46:10.184, 7, P0, 37, 243.28 W, 1965 MHz, 3996 MHz, 0 %, 0 MiB
2026/08/03 11:46:11.184, 0, P0, 37, 281.02 W, 1965 MHz, 3996 MHz, 86 %, 165669 MiB
2026/08/03 11:46:11.184, 1, P0, 34, 264.15 W, 1965 MHz, 3996 MHz, 8 %, 165669 MiB
2026/08/03 11:46:11.184, 2, P0, 36, 236.03 W, 1965 MHz, 3996 MHz, 0 %, 0 MiB
2026/08/03 11:46:11.184, 3, P0, 32, 238.52 W, 1965 MHz, 3996 MHz, 0 %, 0 MiB
2026/08/03 11:46:11.184, 4, P0, 33, 235.51 W, 1965 MHz, 3996 MHz, 0 %, 0 MiB
2026/08/03 11:46:11.185, 5, P0, 36, 244.37 W, 1965 MHz, 3996 MHz, 0 %, 0 MiB
2026/08/03 11:46:11.185, 6, P0, 33, 242.31 W, 1965 MHz, 3996 MHz, 0 %, 0 MiB
2026/08/03 11:46:11.185, 7, P0, 37, 243.31 W, 1965 MHz, 3996 MHz, 0 %, 0 MiB
2026/08/03 11:46:12.185, 0, P0, 37, 284.60 W, 1965 MHz, 3996 MHz, 89 %, 165669 MiB
2026/08/03 11:46:12.185, 1, P0, 34, 263.65 W, 1965 MHz, 3996 MHz, 8 %, 165669 MiB
2026/08/03 11:46:12.185, 2, P0, 36, 236.03 W, 1965 MHz, 3996 MHz, 0 %, 0 MiB
2026/08/03 11:46:12.185, 3, P0, 32, 238.52 W, 1965 MHz, 3996 MHz, 0 %, 0 MiB
2026/08/03 11:46:12.185, 4, P0, 33, 235.48 W, 1965 MHz, 3996 MHz, 0 %, 0 MiB
2026/08/03 11:46:12.185, 5, P0, 36, 244.43 W, 1965 MHz, 3996 MHz, 0 %, 0 MiB
2026/08/03 11:46:12.185, 6, P0, 33, 242.35 W, 1965 MHz, 3996 MHz, 0 %, 0 MiB
2026/08/03 11:46:12.185, 7, P0, 37, 243.26 W, 1965 MHz, 3996 MHz, 0 %, 0 MiB
2026/08/03 11:46:13.185, 0, P0, 37, 281.09 W, 1965 MHz, 3996 MHz, 74 %, 165669 MiB
2026/08/03 11:46:13.185, 1, P0, 34, 263.49 W, 1965 MHz, 3996 MHz, 8 %, 165669 MiB
2026/08/03 11:46:13.185, 2, P0, 36, 236.07 W, 1965 MHz, 3996 MHz, 0 %, 0 MiB
2026/08/03 11:46:13.185, 3, P0, 32, 238.53 W, 1965 MHz, 3996 MHz, 0 %, 0 MiB
2026/08/03 11:46:13.185, 4, P0, 33, 235.40 W, 1965 MHz, 3996 MHz, 0 %, 0 MiB
2026/08/03 11:46:13.185, 5, P0, 36, 244.49 W, 1965 MHz, 3996 MHz, 0 %, 0 MiB
2026/08/03 11:46:13.185, 6, P0, 33, 242.21 W, 1965 MHz, 3996 MHz, 0 %, 0 MiB
2026/08/03 11:46:13.185, 7, P0, 37, 243.15 W, 1965 MHz, 3996 MHz, 0 %, 0 MiB
2026/08/03 11:46:14.185, 0, P0, 37, 282.92 W, 1965 MHz, 3996 MHz, 89 %, 165669 MiB
2026/08/03 11:46:14.185, 1, P0, 34, 264.82 W, 1965 MHz, 3996 MHz, 8 %, 165669 MiB
2026/08/03 11:46:14.185, 2, P0, 36, 236.05 W, 1965 MHz, 3996 MHz, 0 %, 0 MiB
2026/08/03 11:46:14.185, 3, P0, 32, 238.50 W, 1965 MHz, 3996 MHz, 0 %, 0 MiB
2026/08/03 11:46:14.185, 4, P0, 33, 235.43 W, 1965 MHz, 3996 MHz, 0 %, 0 MiB
2026/08/03 11:46:14.185, 5, P0, 36, 244.43 W, 1965 MHz, 3996 MHz, 0 %, 0 MiB
2026/08/03 11:46:14.185, 6, P0, 33, 242.27 W, 1965 MHz, 3996 MHz, 0 %, 0 MiB
2026/08/03 11:46:14.185, 7, P0, 37, 243.18 W, 1965 MHz, 3996 MHz, 0 %, 0 MiB
2026/08/03 11:46:15.186, 0, P0, 37, 284.36 W, 1965 MHz, 3996 MHz, 73 %, 165669 MiB
2026/08/03 11:46:15.186, 1, P0, 34, 263.74 W, 1965 MHz, 3996 MHz, 8 %, 165669 MiB
2026/08/03 11:46:15.186, 2, P0, 36, 236.03 W, 1965 MHz, 3996 MHz, 0 %, 0 MiB
2026/08/03 11:46:15.186, 3, P0, 32, 238.52 W, 1965 MHz, 3996 MHz, 0 %, 0 MiB
2026/08/03 11:46:15.186, 4, P0, 33, 235.39 W, 1965 MHz, 3996 MHz, 0 %, 0 MiB
2026/08/03 11:46:15.186, 5, P0, 36, 244.40 W, 1965 MHz, 3996 MHz, 0 %, 0 MiB
2026/08/03 11:46:15.186, 6, P0, 33, 242.25 W, 1965 MHz, 3996 MHz, 0 %, 0 MiB
2026/08/03 11:46:15.186, 7, P0, 37, 243.18 W, 1965 MHz, 3996 MHz, 0 %, 0 MiB
2026/08/03 11:46:16.186, 0, P0, 37, 284.43 W, 1965 MHz, 3996 MHz, 81 %, 165669 MiB
2026/08/03 11:46:16.186, 1, P0, 34, 264.17 W, 1965 MHz, 3996 MHz, 8 %, 165669 MiB
2026/08/03 11:46:16.186, 2, P0, 36, 236.01 W, 1965 MHz, 3996 MHz, 0 %, 0 MiB
2026/08/03 11:46:16.186, 3, P0, 32, 238.48 W, 1965 MHz, 3996 MHz, 0 %, 0 MiB
2026/08/03 11:46:16.186, 4, P0, 33, 235.45 W, 1965 MHz, 3996 MHz, 0 %, 0 MiB
2026/08/03 11:46:16.186, 5, P0, 36, 244.40 W, 1965 MHz, 3996 MHz, 0 %, 0 MiB
2026/08/03 11:46:16.186, 6, P0, 33, 242.26 W, 1965 MHz, 3996 MHz, 0 %, 0 MiB
2026/08/03 11:46:16.186, 7, P0, 37, 243.23 W, 1965 MHz, 3996 MHz, 0 %, 0 MiB
2026/08/03 11:46:17.186, 0, P0, 37, 283.08 W, 1965 MHz, 3996 MHz, 83 %, 165669 MiB
2026/08/03 11:46:17.186, 1, P0, 34, 264.52 W, 1965 MHz, 3996 MHz, 8 %, 165669 MiB
2026/08/03 11:46:17.186, 2, P0, 36, 235.97 W, 1965 MHz, 3996 MHz, 0 %, 0 MiB
2026/08/03 11:46:17.186, 3, P0, 32, 238.54 W, 1965 MHz, 3996 MHz, 0 %, 0 MiB
2026/08/03 11:46:17.186, 4, P0, 33, 235.45 W, 1965 MHz, 3996 MHz, 0 %, 0 MiB
2026/08/03 11:46:17.186, 5, P0, 36, 244.39 W, 1965 MHz, 3996 MHz, 0 %, 0 MiB
2026/08/03 11:46:17.186, 6, P0, 33, 242.35 W, 1965 MHz, 3996 MHz, 0 %, 0 MiB
2026/08/03 11:46:17.186, 7, P0, 37, 243.22 W, 1965 MHz, 3996 MHz, 0 %, 0 MiB
2026/08/03 11:46:18.186, 0, P0, 37, 282.47 W, 1965 MHz, 3996 MHz, 85 %, 165669 MiB
2026/08/03 11:46:18.186, 1, P0, 34, 262.83 W, 1965 MHz, 3996 MHz, 8 %, 165669 MiB
2026/08/03 11:46:18.186, 2, P0, 36, 236.02 W, 1965 MHz, 3996 MHz, 0 %, 0 MiB
2026/08/03 11:46:18.186, 3, P0, 32, 238.51 W, 1965 MHz, 3996 MHz, 0 %, 0 MiB
2026/08/03 11:46:18.187, 4, P0, 33, 235.49 W, 1965 MHz, 3996 MHz, 0 %, 0 MiB
2026/08/03 11:46:18.187, 5, P0, 36, 244.38 W, 1965 MHz, 3996 MHz, 0 %, 0 MiB
2026/08/03 11:46:18.187, 6, P0, 33, 242.37 W, 1965 MHz, 3996 MHz, 0 %, 0 MiB
2026/08/03 11:46:18.187, 7, P0, 37, 243.19 W, 1965 MHz, 3996 MHz, 0 %, 0 MiB
2026/08/03 11:46:19.187, 0, P0, 37, 283.15 W, 1965 MHz, 3996 MHz, 91 %, 165669 MiB
2026/08/03 11:46:19.187, 1, P0, 34, 263.01 W, 1965 MHz, 3996 MHz, 8 %, 165669 MiB
2026/08/03 11:46:19.187, 2, P0, 36, 236.05 W, 1965 MHz, 3996 MHz, 0 %, 0 MiB
2026/08/03 11:46:19.187, 3, P0, 32, 238.56 W, 1965 MHz, 3996 MHz, 0 %, 0 MiB
2026/08/03 11:46:19.187, 4, P0, 33, 235.48 W, 1965 MHz, 3996 MHz, 0 %, 0 MiB
2026/08/03 11:46:19.187, 5, P0, 36, 244.37 W, 1965 MHz, 3996 MHz, 0 %, 0 MiB
2026/08/03 11:46:19.187, 6, P0, 33, 242.30 W, 1965 MHz, 3996 MHz, 0 %, 0 MiB
2026/08/03 11:46:19.187, 7, P0, 37, 243.26 W, 1965 MHz, 3996 MHz, 0 %, 0 MiB
2026/08/03 11:46:20.187, 0, P0, 37, 281.76 W, 1965 MHz, 3996 MHz, 91 %, 165669 MiB
2026/08/03 11:46:20.187, 1, P0, 34, 264.58 W, 1965 MHz, 3996 MHz, 8 %, 165669 MiB
2026/08/03 11:46:20.187, 2, P0, 36, 236.09 W, 1965 MHz, 3996 MHz, 0 %, 0 MiB
2026/08/03 11:46:20.187, 3, P0, 32, 238.52 W, 1965 MHz, 3996 MHz, 0 %, 0 MiB
2026/08/03 11:46:20.187, 4, P0, 33, 235.54 W, 1965 MHz, 3996 MHz, 0 %, 0 MiB
2026/08/03 11:46:20.187, 5, P0, 36, 244.40 W, 1965 MHz, 3996 MHz, 0 %, 0 MiB
2026/08/03 11:46:20.187, 6, P0, 33, 242.30 W, 1965 MHz, 3996 MHz, 0 %, 0 MiB
2026/08/03 11:46:20.187, 7, P0, 37, 243.30 W, 1965 MHz, 3996 MHz, 0 %, 0 MiB
2026/08/03 11:46:21.187, 0, P0, 37, 283.73 W, 1965 MHz, 3996 MHz, 78 %, 165669 MiB
2026/08/03 11:46:21.187, 1, P0, 34, 263.66 W, 1965 MHz, 3996 MHz, 8 %, 165669 MiB
2026/08/03 11:46:21.187, 2, P0, 36, 236.01 W, 1965 MHz, 3996 MHz, 0 %, 0 MiB
2026/08/03 11:46:21.187, 3, P0, 32, 238.53 W, 1965 MHz, 3996 MHz, 0 %, 0 MiB
2026/08/03 11:46:21.187, 4, P0, 33, 235.49 W, 1965 MHz, 3996 MHz, 0 %, 0 MiB
2026/08/03 11:46:21.187, 5, P0, 36, 244.38 W, 1965 MHz, 3996 MHz, 0 %, 0 MiB
2026/08/03 11:46:21.187, 6, P0, 33, 242.34 W, 1965 MHz, 3996 MHz, 0 %, 0 MiB
2026/08/03 11:46:21.187, 7, P0, 37, 243.31 W, 1965 MHz, 3996 MHz, 0 %, 0 MiB
2026/08/03 11:46:22.188, 0, P0, 37, 282.14 W, 1965 MHz, 3996 MHz, 83 %, 165669 MiB
2026/08/03 11:46:22.188, 1, P0, 34, 262.72 W, 1965 MHz, 3996 MHz, 8 %, 165669 MiB
2026/08/03 11:46:22.188, 2, P0, 36, 236.05 W, 1965 MHz, 3996 MHz, 0 %, 0 MiB
2026/08/03 11:46:22.188, 3, P0, 32, 238.54 W, 1965 MHz, 3996 MHz, 0 %, 0 MiB
2026/08/03 11:46:22.188, 4, P0, 33, 235.45 W, 1965 MHz, 3996 MHz, 0 %, 0 MiB
2026/08/03 11:46:22.188, 5, P0, 36, 244.34 W, 1965 MHz, 3996 MHz, 0 %, 0 MiB
2026/08/03 11:46:22.188, 6, P0, 33, 242.31 W, 1965 MHz, 3996 MHz, 0 %, 0 MiB
2026/08/03 11:46:22.188, 7, P0, 37, 243.27 W, 1965 MHz, 3996 MHz, 0 %, 0 MiB
2026/08/03 11:46:23.188, 0, P0, 37, 282.80 W, 1965 MHz, 3996 MHz, 79 %, 165669 MiB
2026/08/03 11:46:23.188, 1, P0, 34, 262.58 W, 1965 MHz, 3996 MHz, 9 %, 165669 MiB
2026/08/03 11:46:23.188, 2, P0, 36, 236.03 W, 1965 MHz, 3996 MHz, 0 %, 0 MiB
2026/08/03 11:46:23.188, 3, P0, 32, 238.59 W, 1965 MHz, 3996 MHz, 0 %, 0 MiB
2026/08/03 11:46:23.188, 4, P0, 33, 235.48 W, 1965 MHz, 3996 MHz, 0 %, 0 MiB
2026/08/03 11:46:23.188, 5, P0, 36, 244.39 W, 1965 MHz, 3996 MHz, 0 %, 0 MiB
2026/08/03 11:46:23.188, 6, P0, 33, 242.33 W, 1965 MHz, 3996 MHz, 0 %, 0 MiB
2026/08/03 11:46:23.188, 7, P0, 37, 243.29 W, 1965 MHz, 3996 MHz, 0 %, 0 MiB
2026/08/03 11:46:24.188, 0, P0, 37, 284.67 W, 1965 MHz, 3996 MHz, 89 %, 165669 MiB
2026/08/03 11:46:24.188, 1, P0, 34, 262.77 W, 1965 MHz, 3996 MHz, 8 %, 165669 MiB
2026/08/03 11:46:24.188, 2, P0, 36, 236.05 W, 1965 MHz, 3996 MHz, 0 %, 0 MiB
2026/08/03 11:46:24.188, 3, P0, 32, 238.48 W, 1965 MHz, 3996 MHz, 0 %, 0 MiB
2026/08/03 11:46:24.188, 4, P0, 33, 235.55 W, 1965 MHz, 3996 MHz, 0 %, 0 MiB
2026/08/03 11:46:24.188, 5, P0, 36, 244.42 W, 1965 MHz, 3996 MHz, 0 %, 0 MiB
2026/08/03 11:46:24.188, 6, P0, 33, 242.28 W, 1965 MHz, 3996 MHz, 0 %, 0 MiB
2026/08/03 11:46:24.188, 7, P0, 37, 243.20 W, 1965 MHz, 3996 MHz, 0 %, 0 MiB
2026/08/03 11:46:25.188, 0, P0, 37, 284.52 W, 1965 MHz, 3996 MHz, 90 %, 165669 MiB
2026/08/03 11:46:25.188, 1, P0, 34, 265.20 W, 1965 MHz, 3996 MHz, 8 %, 165669 MiB
2026/08/03 11:46:25.188, 2, P0, 36, 236.07 W, 1965 MHz, 3996 MHz, 0 %, 0 MiB
2026/08/03 11:46:25.188, 3, P0, 32, 238.55 W, 1965 MHz, 3996 MHz, 0 %, 0 MiB
2026/08/03 11:46:25.188, 4, P0, 33, 235.47 W, 1965 MHz, 3996 MHz, 0 %, 0 MiB
2026/08/03 11:46:25.188, 5, P0, 36, 244.32 W, 1965 MHz, 3996 MHz, 0 %, 0 MiB
2026/08/03 11:46:25.189, 6, P0, 33, 242.33 W, 1965 MHz, 3996 MHz, 0 %, 0 MiB
2026/08/03 11:46:25.189, 7, P0, 37, 243.17 W, 1965 MHz, 3996 MHz, 0 %, 0 MiB
2026/08/03 11:46:26.189, 0, P0, 37, 281.45 W, 1965 MHz, 3996 MHz, 89 %, 165669 MiB
2026/08/03 11:46:26.189, 1, P0, 34, 264.95 W, 1965 MHz, 3996 MHz, 8 %, 165669 MiB
2026/08/03 11:46:26.189, 2, P0, 36, 236.07 W, 1965 MHz, 3996 MHz, 0 %, 0 MiB
2026/08/03 11:46:26.189, 3, P0, 32, 238.54 W, 1965 MHz, 3996 MHz, 0 %, 0 MiB
2026/08/03 11:46:26.189, 4, P0, 33, 235.44 W, 1965 MHz, 3996 MHz, 0 %, 0 MiB
2026/08/03 11:46:26.189, 5, P0, 36, 244.34 W, 1965 MHz, 3996 MHz, 0 %, 0 MiB
2026/08/03 11:46:26.189, 6, P0, 33, 242.29 W, 1965 MHz, 3996 MHz, 0 %, 0 MiB
2026/08/03 11:46:26.189, 7, P0, 37, 243.29 W, 1965 MHz, 3996 MHz, 0 %, 0 MiB
2026/08/03 11:46:27.189, 0, P0, 37, 282.13 W, 1965 MHz, 3996 MHz, 81 %, 165669 MiB
2026/08/03 11:46:27.189, 1, P0, 34, 264.26 W, 1965 MHz, 3996 MHz, 8 %, 165669 MiB
2026/08/03 11:46:27.189, 2, P0, 36, 236.05 W, 1965 MHz, 3996 MHz, 0 %, 0 MiB
2026/08/03 11:46:27.189, 3, P0, 32, 238.47 W, 1965 MHz, 3996 MHz, 0 %, 0 MiB
2026/08/03 11:46:27.189, 4, P0, 33, 235.48 W, 1965 MHz, 3996 MHz, 0 %, 0 MiB
2026/08/03 11:46:27.189, 5, P0, 36, 244.36 W, 1965 MHz, 3996 MHz, 0 %, 0 MiB
2026/08/03 11:46:27.189, 6, P0, 33, 242.36 W, 1965 MHz, 3996 MHz, 0 %, 0 MiB
2026/08/03 11:46:27.189, 7, P0, 37, 243.21 W, 1965 MHz, 3996 MHz, 0 %, 0 MiB
2026/08/03 11:46:28.189, 0, P0, 37, 283.58 W, 1965 MHz, 3996 MHz, 77 %, 165669 MiB
2026/08/03 11:46:28.189, 1, P0, 34, 263.08 W, 1965 MHz, 3996 MHz, 8 %, 165669 MiB
2026/08/03 11:46:28.189, 2, P0, 36, 236.02 W, 1965 MHz, 3996 MHz, 0 %, 0 MiB
2026/08/03 11:46:28.189, 3, P0, 32, 238.49 W, 1965 MHz, 3996 MHz, 0 %, 0 MiB
2026/08/03 11:46:28.189, 4, P0, 33, 235.50 W, 1965 MHz, 3996 MHz, 0 %, 0 MiB
2026/08/03 11:46:28.189, 5, P0, 36, 244.39 W, 1965 MHz, 3996 MHz, 0 %, 0 MiB
2026/08/03 11:46:28.189, 6, P0, 33, 242.27 W, 1965 MHz, 3996 MHz, 0 %, 0 MiB
2026/08/03 11:46:28.189, 7, P0, 37, 243.27 W, 1965 MHz, 3996 MHz, 0 %, 0 MiB
2026/08/03 11:46:29.189, 0, P0, 37, 280.91 W, 1965 MHz, 3996 MHz, 80 %, 165669 MiB
2026/08/03 11:46:29.190, 1, P0, 34, 264.32 W, 1965 MHz, 3996 MHz, 8 %, 165669 MiB
2026/08/03 11:46:29.190, 2, P0, 36, 236.05 W, 1965 MHz, 3996 MHz, 0 %, 0 MiB
2026/08/03 11:46:29.190, 3, P0, 32, 238.50 W, 1965 MHz, 3996 MHz, 0 %, 0 MiB
2026/08/03 11:46:29.190, 4, P0, 33, 235.47 W, 1965 MHz, 3996 MHz, 0 %, 0 MiB
2026/08/03 11:46:29.190, 5, P0, 36, 244.38 W, 1965 MHz, 3996 MHz, 0 %, 0 MiB
2026/08/03 11:46:29.190, 6, P0, 33, 242.25 W, 1965 MHz, 3996 MHz, 0 %, 0 MiB
2026/08/03 11:46:29.190, 7, P0, 37, 243.23 W, 1965 MHz, 3996 MHz, 0 %, 0 MiB
2026/08/03 11:46:30.190, 0, P0, 37, 285.14 W, 1965 MHz, 3996 MHz, 93 %, 165669 MiB
2026/08/03 11:46:30.190, 1, P0, 34, 263.72 W, 1965 MHz, 3996 MHz, 8 %, 165669 MiB
2026/08/03 11:46:30.190, 2, P0, 36, 235.99 W, 1965 MHz, 3996 MHz, 0 %, 0 MiB
2026/08/03 11:46:30.190, 3, P0, 32, 238.51 W, 1965 MHz, 3996 MHz, 0 %, 0 MiB
2026/08/03 11:46:30.190, 4, P0, 33, 235.51 W, 1965 MHz, 3996 MHz, 0 %, 0 MiB
2026/08/03 11:46:30.190, 5, P0, 36, 244.28 W, 1965 MHz, 3996 MHz, 0 %, 0 MiB
2026/08/03 11:46:30.190, 6, P0, 33, 242.33 W, 1965 MHz, 3996 MHz, 0 %, 0 MiB
2026/08/03 11:46:30.190, 7, P0, 37, 243.13 W, 1965 MHz, 3996 MHz, 0 %, 0 MiB
2026/08/03 11:46:31.190, 0, P0, 37, 285.37 W, 1965 MHz, 3996 MHz, 81 %, 165669 MiB
2026/08/03 11:46:31.190, 1, P0, 34, 263.17 W, 1965 MHz, 3996 MHz, 8 %, 165669 MiB
2026/08/03 11:46:31.190, 2, P0, 36, 236.05 W, 1965 MHz, 3996 MHz, 0 %, 0 MiB
2026/08/03 11:46:31.190, 3, P0, 32, 238.48 W, 1965 MHz, 3996 MHz, 0 %, 0 MiB
2026/08/03 11:46:31.190, 4, P0, 33, 235.47 W, 1965 MHz, 3996 MHz, 0 %, 0 MiB
2026/08/03 11:46:31.190, 5, P0, 36, 244.42 W, 1965 MHz, 3996 MHz, 0 %, 0 MiB
2026/08/03 11:46:31.190, 6, P0, 33, 242.35 W, 1965 MHz, 3996 MHz, 0 %, 0 MiB
2026/08/03 11:46:31.190, 7, P0, 37, 243.23 W, 1965 MHz, 3996 MHz, 0 %, 0 MiB
2026/08/03 11:46:32.190, 0, P0, 37, 283.25 W, 1965 MHz, 3996 MHz, 91 %, 165669 MiB
2026/08/03 11:46:32.190, 1, P0, 34, 264.39 W, 1965 MHz, 3996 MHz, 8 %, 165669 MiB
2026/08/03 11:46:32.190, 2, P0, 36, 236.03 W, 1965 MHz, 3996 MHz, 0 %, 0 MiB
2026/08/03 11:46:32.190, 3, P0, 32, 238.49 W, 1965 MHz, 3996 MHz, 0 %, 0 MiB
2026/08/03 11:46:32.190, 4, P0, 33, 235.55 W, 1965 MHz, 3996 MHz, 0 %, 0 MiB
2026/08/03 11:46:32.190, 5, P0, 36, 244.43 W, 1965 MHz, 3996 MHz, 0 %, 0 MiB
2026/08/03 11:46:32.191, 6, P0, 33, 242.37 W, 1965 MHz, 3996 MHz, 0 %, 0 MiB
2026/08/03 11:46:32.191, 7, P0, 37, 243.29 W, 1965 MHz, 3996 MHz, 0 %, 0 MiB
2026/08/03 11:46:33.191, 0, P0, 37, 281.33 W, 1965 MHz, 3996 MHz, 81 %, 165669 MiB
2026/08/03 11:46:33.191, 1, P0, 34, 264.41 W, 1965 MHz, 3996 MHz, 8 %, 165669 MiB
2026/08/03 11:46:33.191, 2, P0, 36, 236.07 W, 1965 MHz, 3996 MHz, 0 %, 0 MiB
2026/08/03 11:46:33.191, 3, P0, 32, 238.54 W, 1965 MHz, 3996 MHz, 0 %, 0 MiB
2026/08/03 11:46:33.191, 4, P0, 33, 235.46 W, 1965 MHz, 3996 MHz, 0 %, 0 MiB
2026/08/03 11:46:33.191, 5, P0, 36, 244.39 W, 1965 MHz, 3996 MHz, 0 %, 0 MiB
2026/08/03 11:46:33.191, 6, P0, 33, 242.34 W, 1965 MHz, 3996 MHz, 0 %, 0 MiB
2026/08/03 11:46:33.191, 7, P0, 37, 243.28 W, 1965 MHz, 3996 MHz, 0 %, 0 MiB
2026/08/03 11:46:34.191, 0, P0, 37, 282.10 W, 1965 MHz, 3996 MHz, 78 %, 165669 MiB
2026/08/03 11:46:34.191, 1, P0, 34, 264.10 W, 1965 MHz, 3996 MHz, 8 %, 165669 MiB
2026/08/03 11:46:34.191, 2, P0, 36, 236.03 W, 1965 MHz, 3996 MHz, 0 %, 0 MiB
2026/08/03 11:46:34.191, 3, P0, 32, 238.47 W, 1965 MHz, 3996 MHz, 0 %, 0 MiB
2026/08/03 11:46:34.191, 4, P0, 33, 235.46 W, 1965 MHz, 3996 MHz, 0 %, 0 MiB
2026/08/03 11:46:34.191, 5, P0, 36, 244.38 W, 1965 MHz, 3996 MHz, 0 %, 0 MiB
2026/08/03 11:46:34.191, 6, P0, 33, 242.23 W, 1965 MHz, 3996 MHz, 0 %, 0 MiB
2026/08/03 11:46:34.191, 7, P0, 37, 243.27 W, 1965 MHz, 3996 MHz, 0 %, 0 MiB
2026/08/03 11:46:35.191, 0, P0, 37, 285.37 W, 1965 MHz, 3996 MHz, 89 %, 165669 MiB
2026/08/03 11:46:35.191, 1, P0, 34, 264.32 W, 1965 MHz, 3996 MHz, 8 %, 165669 MiB
2026/08/03 11:46:35.191, 2, P0, 36, 236.10 W, 1965 MHz, 3996 MHz, 0 %, 0 MiB
2026/08/03 11:46:35.191, 3, P0, 32, 238.59 W, 1965 MHz, 3996 MHz, 0 %, 0 MiB
2026/08/03 11:46:35.191, 4, P0, 33, 235.43 W, 1965 MHz, 3996 MHz, 0 %, 0 MiB
2026/08/03 11:46:35.191, 5, P0, 36, 244.42 W, 1965 MHz, 3996 MHz, 0 %, 0 MiB
2026/08/03 11:46:35.191, 6, P0, 33, 242.13 W, 1965 MHz, 3996 MHz, 0 %, 0 MiB
2026/08/03 11:46:35.191, 7, P0, 37, 243.29 W, 1965 MHz, 3996 MHz, 0 %, 0 MiB
2026/08/03 11:46:36.191, 0, P0, 37, 281.30 W, 1965 MHz, 3996 MHz, 90 %, 165669 MiB
2026/08/03 11:46:36.192, 1, P0, 34, 264.03 W, 1965 MHz, 3996 MHz, 8 %, 165669 MiB
2026/08/03 11:46:36.192, 2, P0, 36, 235.98 W, 1965 MHz, 3996 MHz, 0 %, 0 MiB
2026/08/03 11:46:36.192, 3, P0, 32, 238.54 W, 1965 MHz, 3996 MHz, 0 %, 0 MiB
2026/08/03 11:46:36.192, 4, P0, 33, 235.52 W, 1965 MHz, 3996 MHz, 0 %, 0 MiB
2026/08/03 11:46:36.192, 5, P0, 36, 244.40 W, 1965 MHz, 3996 MHz, 0 %, 0 MiB
2026/08/03 11:46:36.192, 6, P0, 33, 242.16 W, 1965 MHz, 3996 MHz, 0 %, 0 MiB
2026/08/03 11:46:36.192, 7, P0, 37, 243.29 W, 1965 MHz, 3996 MHz, 0 %, 0 MiB
2026/08/03 11:46:37.192, 0, P0, 37, 283.80 W, 1965 MHz, 3996 MHz, 94 %, 165669 MiB
2026/08/03 11:46:37.192, 1, P0, 34, 265.70 W, 1965 MHz, 3996 MHz, 8 %, 165669 MiB
2026/08/03 11:46:37.192, 2, P0, 36, 236.05 W, 1965 MHz, 3996 MHz, 0 %, 0 MiB
2026/08/03 11:46:37.192, 3, P0, 32, 238.52 W, 1965 MHz, 3996 MHz, 0 %, 0 MiB
2026/08/03 11:46:37.192, 4, P0, 33, 235.45 W, 1965 MHz, 3996 MHz, 0 %, 0 MiB
2026/08/03 11:46:37.192, 5, P0, 36, 244.37 W, 1965 MHz, 3996 MHz, 0 %, 0 MiB
2026/08/03 11:46:37.192, 6, P0, 33, 242.28 W, 1965 MHz, 3996 MHz, 0 %, 0 MiB
2026/08/03 11:46:37.192, 7, P0, 37, 243.30 W, 1965 MHz, 3996 MHz, 0 %, 0 MiB
2026/08/03 11:46:38.192, 0, P0, 43, 336.57 W, 1965 MHz, 3996 MHz, 87 %, 165669 MiB
2026/08/03 11:46:38.192, 1, P0, 34, 315.27 W, 1965 MHz, 3996 MHz, 8 %, 165669 MiB
2026/08/03 11:46:38.192, 2, P0, 36, 236.07 W, 1965 MHz, 3996 MHz, 0 %, 0 MiB
2026/08/03 11:46:38.192, 3, P0, 32, 238.46 W, 1965 MHz, 3996 MHz, 0 %, 0 MiB
2026/08/03 11:46:38.192, 4, P0, 33, 235.45 W, 1965 MHz, 3996 MHz, 0 %, 0 MiB
2026/08/03 11:46:38.192, 5, P0, 36, 244.37 W, 1965 MHz, 3996 MHz, 0 %, 0 MiB
2026/08/03 11:46:38.192, 6, P0, 33, 242.26 W, 1965 MHz, 3996 MHz, 0 %, 0 MiB
2026/08/03 11:46:38.192, 7, P0, 37, 243.16 W, 1965 MHz, 3996 MHz, 0 %, 0 MiB
2026/08/03 11:46:39.192, 0, P0, 37, 367.29 W, 1965 MHz, 3996 MHz, 82 %, 165669 MiB
2026/08/03 11:46:39.192, 1, P0, 34, 347.18 W, 1965 MHz, 3996 MHz, 8 %, 165669 MiB
2026/08/03 11:46:39.192, 2, P0, 36, 236.00 W, 1965 MHz, 3996 MHz, 0 %, 0 MiB
2026/08/03 11:46:39.192, 3, P0, 32, 238.41 W, 1965 MHz, 3996 MHz, 0 %, 0 MiB
2026/08/03 11:46:39.192, 4, P0, 33, 235.52 W, 1965 MHz, 3996 MHz, 0 %, 0 MiB
2026/08/03 11:46:39.192, 5, P0, 36, 244.36 W, 1965 MHz, 3996 MHz, 0 %, 0 MiB
2026/08/03 11:46:39.192, 6, P0, 33, 242.26 W, 1965 MHz, 3996 MHz, 0 %, 0 MiB
2026/08/03 11:46:39.193, 7, P0, 37, 243.22 W, 1965 MHz, 3996 MHz, 0 %, 0 MiB
2026/08/03 11:46:40.193, 0, P0, 37, 280.64 W, 1965 MHz, 3996 MHz, 87 %, 165669 MiB
2026/08/03 11:46:40.193, 1, P0, 34, 259.96 W, 1965 MHz, 3996 MHz, 8 %, 165669 MiB
2026/08/03 11:46:40.193, 2, P0, 36, 235.98 W, 1965 MHz, 3996 MHz, 0 %, 0 MiB
2026/08/03 11:46:40.193, 3, P0, 32, 238.49 W, 1965 MHz, 3996 MHz, 0 %, 0 MiB
2026/08/03 11:46:40.193, 4, P0, 33, 235.53 W, 1965 MHz, 3996 MHz, 0 %, 0 MiB
2026/08/03 11:46:40.193, 5, P0, 36, 244.37 W, 1965 MHz, 3996 MHz, 0 %, 0 MiB
2026/08/03 11:46:40.193, 6, P0, 33, 242.34 W, 1965 MHz, 3996 MHz, 0 %, 0 MiB
2026/08/03 11:46:40.193, 7, P0, 37, 243.18 W, 1965 MHz, 3996 MHz, 0 %, 0 MiB
2026/08/03 11:46:41.193, 0, P0, 38, 400.46 W, 1965 MHz, 3996 MHz, 85 %, 165669 MiB
2026/08/03 11:46:41.193, 1, P0, 34, 387.13 W, 1965 MHz, 3996 MHz, 8 %, 165669 MiB
2026/08/03 11:46:41.193, 2, P0, 36, 235.99 W, 1965 MHz, 3996 MHz, 0 %, 0 MiB
2026/08/03 11:46:41.193, 3, P0, 32, 238.39 W, 1965 MHz, 3996 MHz, 0 %, 0 MiB
2026/08/03 11:46:41.193, 4, P0, 33, 235.57 W, 1965 MHz, 3996 MHz, 0 %, 0 MiB
2026/08/03 11:46:41.193, 5, P0, 36, 244.36 W, 1965 MHz, 3996 MHz, 0 %, 0 MiB
2026/08/03 11:46:41.193, 6, P0, 33, 242.31 W, 1965 MHz, 3996 MHz, 0 %, 0 MiB
2026/08/03 11:46:41.193, 7, P0, 37, 243.10 W, 1965 MHz, 3996 MHz, 0 %, 0 MiB
2026/08/03 11:46:42.193, 0, P0, 37, 275.66 W, 1965 MHz, 3996 MHz, 42 %, 165669 MiB
2026/08/03 11:46:42.193, 1, P0, 34, 258.99 W, 1965 MHz, 3996 MHz, 24 %, 165669 MiB
2026/08/03 11:46:42.193, 2, P0, 36, 236.05 W, 1965 MHz, 3996 MHz, 0 %, 0 MiB
2026/08/03 11:46:42.193, 3, P0, 32, 238.57 W, 1965 MHz, 3996 MHz, 0 %, 0 MiB
2026/08/03 11:46:42.193, 4, P0, 33, 235.46 W, 1965 MHz, 3996 MHz, 0 %, 0 MiB
2026/08/03 11:46:42.193, 5, P0, 36, 244.45 W, 1965 MHz, 3996 MHz, 0 %, 0 MiB
2026/08/03 11:46:42.193, 6, P0, 33, 242.32 W, 1965 MHz, 3996 MHz, 0 %, 0 MiB
2026/08/03 11:46:42.193, 7, P0, 37, 243.16 W, 1965 MHz, 3996 MHz, 0 %, 0 MiB
2026/08/03 11:46:43.193, 0, P0, 38, 405.24 W, 1965 MHz, 3996 MHz, 83 %, 165669 MiB
2026/08/03 11:46:43.193, 1, P0, 35, 380.91 W, 1965 MHz, 3996 MHz, 7 %, 165669 MiB
2026/08/03 11:46:43.194, 2, P0, 36, 236.06 W, 1965 MHz, 3996 MHz, 0 %, 0 MiB
2026/08/03 11:46:43.194, 3, P0, 32, 238.52 W, 1965 MHz, 3996 MHz, 0 %, 0 MiB
2026/08/03 11:46:43.194, 4, P0, 33, 235.48 W, 1965 MHz, 3996 MHz, 0 %, 0 MiB
2026/08/03 11:46:43.194, 5, P0, 36, 244.37 W, 1965 MHz, 3996 MHz, 0 %, 0 MiB
2026/08/03 11:46:43.194, 6, P0, 33, 242.26 W, 1965 MHz, 3996 MHz, 0 %, 0 MiB
2026/08/03 11:46:43.194, 7, P0, 37, 243.04 W, 1965 MHz, 3996 MHz, 0 %, 0 MiB
2026/08/03 11:46:44.194, 0, P0, 37, 278.34 W, 1965 MHz, 3996 MHz, 83 %, 165669 MiB
2026/08/03 11:46:44.194, 1, P0, 34, 259.65 W, 1965 MHz, 3996 MHz, 8 %, 165669 MiB
2026/08/03 11:46:44.194, 2, P0, 36, 235.98 W, 1965 MHz, 3996 MHz, 0 %, 0 MiB
2026/08/03 11:46:44.194, 3, P0, 32, 238.47 W, 1965 MHz, 3996 MHz, 0 %, 0 MiB
2026/08/03 11:46:44.194, 4, P0, 33, 235.51 W, 1965 MHz, 3996 MHz, 0 %, 0 MiB
2026/08/03 11:46:44.194, 5, P0, 36, 244.38 W, 1965 MHz, 3996 MHz, 0 %, 0 MiB
2026/08/03 11:46:44.194, 6, P0, 33, 242.34 W, 1965 MHz, 3996 MHz, 0 %, 0 MiB
2026/08/03 11:46:44.194, 7, P0, 37, 243.14 W, 1965 MHz, 3996 MHz, 0 %, 0 MiB
2026/08/03 11:46:45.194, 0, P0, 39, 400.02 W, 1965 MHz, 3996 MHz, 85 %, 165669 MiB
2026/08/03 11:46:45.194, 1, P0, 35, 387.36 W, 1965 MHz, 3996 MHz, 8 %, 165669 MiB
2026/08/03 11:46:45.194, 2, P0, 36, 236.04 W, 1965 MHz, 3996 MHz, 0 %, 0 MiB
2026/08/03 11:46:45.194, 3, P0, 32, 238.51 W, 1965 MHz, 3996 MHz, 0 %, 0 MiB
2026/08/03 11:46:45.194, 4, P0, 33, 235.48 W, 1965 MHz, 3996 MHz, 0 %, 0 MiB
2026/08/03 11:46:45.194, 5, P0, 36, 244.39 W, 1965 MHz, 3996 MHz, 0 %, 0 MiB
2026/08/03 11:46:45.194, 6, P0, 33, 242.28 W, 1965 MHz, 3996 MHz, 0 %, 0 MiB
2026/08/03 11:46:45.194, 7, P0, 37, 243.11 W, 1965 MHz, 3996 MHz, 0 %, 0 MiB
2026/08/03 11:46:46.194, 0, P0, 37, 283.29 W, 1965 MHz, 3996 MHz, 91 %, 165669 MiB
2026/08/03 11:46:46.194, 1, P0, 34, 264.71 W, 1965 MHz, 3996 MHz, 8 %, 165669 MiB
2026/08/03 11:46:46.194, 2, P0, 36, 236.09 W, 1965 MHz, 3996 MHz, 0 %, 0 MiB
2026/08/03 11:46:46.194, 3, P0, 32, 238.53 W, 1965 MHz, 3996 MHz, 0 %, 0 MiB
2026/08/03 11:46:46.194, 4, P0, 33, 235.50 W, 1965 MHz, 3996 MHz, 0 %, 0 MiB
2026/08/03 11:46:46.194, 5, P0, 36, 244.36 W, 1965 MHz, 3996 MHz, 0 %, 0 MiB
2026/08/03 11:46:46.194, 6, P0, 33, 242.34 W, 1965 MHz, 3996 MHz, 0 %, 0 MiB
2026/08/03 11:46:46.195, 7, P0, 37, 243.15 W, 1965 MHz, 3996 MHz, 0 %, 0 MiB
2026/08/03 11:46:47.195, 0, P0, 37, 284.02 W, 1965 MHz, 3996 MHz, 85 %, 165669 MiB
2026/08/03 11:46:47.195, 1, P0, 34, 264.00 W, 1965 MHz, 3996 MHz, 8 %, 165669 MiB
2026/08/03 11:46:47.195, 2, P0, 36, 236.05 W, 1965 MHz, 3996 MHz, 0 %, 0 MiB
2026/08/03 11:46:47.195, 3, P0, 32, 238.54 W, 1965 MHz, 3996 MHz, 0 %, 0 MiB
2026/08/03 11:46:47.195, 4, P0, 33, 235.50 W, 1965 MHz, 3996 MHz, 0 %, 0 MiB
2026/08/03 11:46:47.195, 5, P0, 36, 244.45 W, 1965 MHz, 3996 MHz, 0 %, 0 MiB
2026/08/03 11:46:47.195, 6, P0, 33, 242.30 W, 1965 MHz, 3996 MHz, 0 %, 0 MiB
2026/08/03 11:46:47.195, 7, P0, 37, 243.19 W, 1965 MHz, 3996 MHz, 0 %, 0 MiB
2026/08/03 11:46:48.195, 0, P0, 37, 284.29 W, 1965 MHz, 3996 MHz, 75 %, 165669 MiB
2026/08/03 11:46:48.195, 1, P0, 34, 264.00 W, 1965 MHz, 3996 MHz, 8 %, 165669 MiB
2026/08/03 11:46:48.195, 2, P0, 36, 235.99 W, 1965 MHz, 3996 MHz, 0 %, 0 MiB
2026/08/03 11:46:48.195, 3, P0, 32, 238.53 W, 1965 MHz, 3996 MHz, 0 %, 0 MiB
2026/08/03 11:46:48.195, 4, P0, 33, 235.49 W, 1965 MHz, 3996 MHz, 0 %, 0 MiB
2026/08/03 11:46:48.195, 5, P0, 36, 244.45 W, 1965 MHz, 3996 MHz, 0 %, 0 MiB
2026/08/03 11:46:48.195, 6, P0, 33, 242.28 W, 1965 MHz, 3996 MHz, 0 %, 0 MiB
2026/08/03 11:46:48.195, 7, P0, 37, 243.23 W, 1965 MHz, 3996 MHz, 0 %, 0 MiB
2026/08/03 11:46:49.195, 0, P0, 37, 283.65 W, 1965 MHz, 3996 MHz, 78 %, 165669 MiB
2026/08/03 11:46:49.195, 1, P0, 34, 262.09 W, 1965 MHz, 3996 MHz, 8 %, 165669 MiB
2026/08/03 11:46:49.195, 2, P0, 36, 236.02 W, 1965 MHz, 3996 MHz, 0 %, 0 MiB
2026/08/03 11:46:49.195, 3, P0, 32, 238.44 W, 1965 MHz, 3996 MHz, 0 %, 0 MiB
2026/08/03 11:46:49.195, 4, P0, 33, 235.56 W, 1965 MHz, 3996 MHz, 0 %, 0 MiB
2026/08/03 11:46:49.195, 5, P0, 36, 244.41 W, 1965 MHz, 3996 MHz, 0 %, 0 MiB
2026/08/03 11:46:49.195, 6, P0, 33, 242.29 W, 1965 MHz, 3996 MHz, 0 %, 0 MiB
2026/08/03 11:46:49.195, 7, P0, 37, 243.22 W, 1965 MHz, 3996 MHz, 0 %, 0 MiB
2026/08/03 11:46:50.195, 0, P0, 37, 283.48 W, 1965 MHz, 3996 MHz, 86 %, 165669 MiB
2026/08/03 11:46:50.196, 1, P0, 34, 261.12 W, 1965 MHz, 3996 MHz, 8 %, 165669 MiB
2026/08/03 11:46:50.196, 2, P0, 36, 236.09 W, 1965 MHz, 3996 MHz, 0 %, 0 MiB
2026/08/03 11:46:50.196, 3, P0, 32, 238.45 W, 1965 MHz, 3996 MHz, 0 %, 0 MiB
2026/08/03 11:46:50.196, 4, P0, 33, 235.50 W, 1965 MHz, 3996 MHz, 0 %, 0 MiB
2026/08/03 11:46:50.196, 5, P0, 36, 244.35 W, 1965 MHz, 3996 MHz, 0 %, 0 MiB
2026/08/03 11:46:50.196, 6, P0, 33, 242.29 W, 1965 MHz, 3996 MHz, 0 %, 0 MiB
2026/08/03 11:46:50.196, 7, P0, 37, 243.22 W, 1965 MHz, 3996 MHz, 0 %, 0 MiB
2026/08/03 11:46:51.196, 0, P0, 37, 282.52 W, 1965 MHz, 3996 MHz, 89 %, 165669 MiB
2026/08/03 11:46:51.196, 1, P0, 34, 263.56 W, 1965 MHz, 3996 MHz, 8 %, 165669 MiB
2026/08/03 11:46:51.196, 2, P0, 36, 236.06 W, 1965 MHz, 3996 MHz, 0 %, 0 MiB
2026/08/03 11:46:51.196, 3, P0, 32, 238.43 W, 1965 MHz, 3996 MHz, 0 %, 0 MiB
2026/08/03 11:46:51.196, 4, P0, 33, 235.44 W, 1965 MHz, 3996 MHz, 0 %, 0 MiB
2026/08/03 11:46:51.196, 5, P0, 36, 244.38 W, 1965 MHz, 3996 MHz, 0 %, 0 MiB
2026/08/03 11:46:51.196, 6, P0, 33, 242.25 W, 1965 MHz, 3996 MHz, 0 %, 0 MiB
2026/08/03 11:46:51.196, 7, P0, 37, 243.17 W, 1965 MHz, 3996 MHz, 0 %, 0 MiB
2026/08/03 11:46:52.196, 0, P0, 37, 284.58 W, 1965 MHz, 3996 MHz, 92 %, 165669 MiB
2026/08/03 11:46:52.196, 1, P0, 34, 264.23 W, 1965 MHz, 3996 MHz, 8 %, 165669 MiB
2026/08/03 11:46:52.196, 2, P0, 36, 236.01 W, 1965 MHz, 3996 MHz, 0 %, 0 MiB
2026/08/03 11:46:52.196, 3, P0, 32, 238.46 W, 1965 MHz, 3996 MHz, 0 %, 0 MiB
2026/08/03 11:46:52.196, 4, P0, 33, 235.41 W, 1965 MHz, 3996 MHz, 0 %, 0 MiB
2026/08/03 11:46:52.196, 5, P0, 36, 244.40 W, 1965 MHz, 3996 MHz, 0 %, 0 MiB
2026/08/03 11:46:52.196, 6, P0, 33, 242.28 W, 1965 MHz, 3996 MHz, 0 %, 0 MiB
2026/08/03 11:46:52.196, 7, P0, 37, 243.20 W, 1965 MHz, 3996 MHz, 0 %, 0 MiB
2026/08/03 11:46:53.196, 0, P0, 37, 284.06 W, 1965 MHz, 3996 MHz, 87 %, 165669 MiB
2026/08/03 11:46:53.196, 1, P0, 34, 262.28 W, 1965 MHz, 3996 MHz, 8 %, 165669 MiB
2026/08/03 11:46:53.196, 2, P0, 36, 236.03 W, 1965 MHz, 3996 MHz, 0 %, 0 MiB
2026/08/03 11:46:53.196, 3, P0, 32, 238.40 W, 1965 MHz, 3996 MHz, 0 %, 0 MiB
2026/08/03 11:46:53.196, 4, P0, 33, 235.45 W, 1965 MHz, 3996 MHz, 0 %, 0 MiB
2026/08/03 11:46:53.196, 5, P0, 36, 244.37 W, 1965 MHz, 3996 MHz, 0 %, 0 MiB
2026/08/03 11:46:53.196, 6, P0, 33, 242.26 W, 1965 MHz, 3996 MHz, 0 %, 0 MiB
2026/08/03 11:46:53.196, 7, P0, 37, 243.24 W, 1965 MHz, 3996 MHz, 0 %, 0 MiB
2026/08/03 11:46:54.197, 0, P0, 38, 401.98 W, 1965 MHz, 3996 MHz, 79 %, 165669 MiB
2026/08/03 11:46:54.197, 1, P0, 34, 388.84 W, 1965 MHz, 3996 MHz, 8 %, 165669 MiB
2026/08/03 11:46:54.197, 2, P0, 36, 236.10 W, 1965 MHz, 3996 MHz, 0 %, 0 MiB
2026/08/03 11:46:54.197, 3, P0, 32, 238.48 W, 1965 MHz, 3996 MHz, 0 %, 0 MiB
2026/08/03 11:46:54.197, 4, P0, 33, 235.47 W, 1965 MHz, 3996 MHz, 0 %, 0 MiB
2026/08/03 11:46:54.197, 5, P0, 36, 244.34 W, 1965 MHz, 3996 MHz, 0 %, 0 MiB
2026/08/03 11:46:54.197, 6, P0, 33, 242.26 W, 1965 MHz, 3996 MHz, 0 %, 0 MiB
2026/08/03 11:46:54.197, 7, P0, 37, 243.16 W, 1965 MHz, 3996 MHz, 0 %, 0 MiB
2026/08/03 11:46:55.197, 0, P0, 37, 281.10 W, 1965 MHz, 3996 MHz, 85 %, 165669 MiB
2026/08/03 11:46:55.197, 1, P0, 34, 263.18 W, 1965 MHz, 3996 MHz, 9 %, 165669 MiB
2026/08/03 11:46:55.197, 2, P0, 36, 236.07 W, 1965 MHz, 3996 MHz, 0 %, 0 MiB
2026/08/03 11:46:55.197, 3, P0, 32, 238.45 W, 1965 MHz, 3996 MHz, 0 %, 0 MiB
2026/08/03 11:46:55.197, 4, P0, 33, 235.40 W, 1965 MHz, 3996 MHz, 0 %, 0 MiB
2026/08/03 11:46:55.197, 5, P0, 36, 244.38 W, 1965 MHz, 3996 MHz, 0 %, 0 MiB
2026/08/03 11:46:55.197, 6, P0, 33, 242.29 W, 1965 MHz, 3996 MHz, 0 %, 0 MiB
2026/08/03 11:46:55.197, 7, P0, 37, 243.20 W, 1965 MHz, 3996 MHz, 0 %, 0 MiB
2026/08/03 11:46:56.197, 0, P0, 38, 404.26 W, 1965 MHz, 3996 MHz, 89 %, 165669 MiB
2026/08/03 11:46:56.197, 1, P0, 35, 394.11 W, 1965 MHz, 3996 MHz, 7 %, 165669 MiB
2026/08/03 11:46:56.197, 2, P0, 36, 236.04 W, 1965 MHz, 3996 MHz, 0 %, 0 MiB
2026/08/03 11:46:56.197, 3, P0, 32, 238.35 W, 1965 MHz, 3996 MHz, 0 %, 0 MiB
2026/08/03 11:46:56.197, 4, P0, 33, 235.50 W, 1965 MHz, 3996 MHz, 0 %, 0 MiB
2026/08/03 11:46:56.197, 5, P0, 36, 244.31 W, 1965 MHz, 3996 MHz, 0 %, 0 MiB
2026/08/03 11:46:56.197, 6, P0, 33, 242.23 W, 1965 MHz, 3996 MHz, 0 %, 0 MiB
2026/08/03 11:46:56.197, 7, P0, 37, 243.18 W, 1965 MHz, 3996 MHz, 0 %, 0 MiB
2026/08/03 11:46:57.197, 0, P0, 37, 276.27 W, 1965 MHz, 3996 MHz, 88 %, 165669 MiB
2026/08/03 11:46:57.198, 1, P0, 34, 256.80 W, 1965 MHz, 3996 MHz, 7 %, 165669 MiB
2026/08/03 11:46:57.198, 2, P0, 36, 236.03 W, 1965 MHz, 3996 MHz, 0 %, 0 MiB
2026/08/03 11:46:57.198, 3, P0, 32, 238.49 W, 1965 MHz, 3996 MHz, 0 %, 0 MiB
2026/08/03 11:46:57.198, 4, P0, 33, 235.49 W, 1965 MHz, 3996 MHz, 0 %, 0 MiB
2026/08/03 11:46:57.198, 5, P0, 36, 244.36 W, 1965 MHz, 3996 MHz, 0 %, 0 MiB
2026/08/03 11:46:57.198, 6, P0, 33, 242.37 W, 1965 MHz, 3996 MHz, 0 %, 0 MiB
2026/08/03 11:46:57.198, 7, P0, 37, 243.15 W, 1965 MHz, 3996 MHz, 0 %, 0 MiB
2026/08/03 11:46:58.198, 0, P0, 37, 274.97 W, 1965 MHz, 3996 MHz, 86 %, 165669 MiB
2026/08/03 11:46:58.198, 1, P0, 34, 256.32 W, 1965 MHz, 3996 MHz, 7 %, 165669 MiB
2026/08/03 11:46:58.198, 2, P0, 36, 236.05 W, 1965 MHz, 3996 MHz, 0 %, 0 MiB
2026/08/03 11:46:58.198, 3, P0, 32, 238.51 W, 1965 MHz, 3996 MHz, 0 %, 0 MiB
2026/08/03 11:46:58.198, 4, P0, 33, 235.47 W, 1965 MHz, 3996 MHz, 0 %, 0 MiB
2026/08/03 11:46:58.198, 5, P0, 36, 244.34 W, 1965 MHz, 3996 MHz, 0 %, 0 MiB
2026/08/03 11:46:58.198, 6, P0, 33, 242.26 W, 1965 MHz, 3996 MHz, 0 %, 0 MiB
2026/08/03 11:46:58.198, 7, P0, 37, 243.15 W, 1965 MHz, 3996 MHz, 0 %, 0 MiB
2026/08/03 11:46:59.198, 0, P0, 37, 276.89 W, 1965 MHz, 3996 MHz, 88 %, 165669 MiB
2026/08/03 11:46:59.198, 1, P0, 34, 257.17 W, 1965 MHz, 3996 MHz, 7 %, 165669 MiB
2026/08/03 11:46:59.198, 2, P0, 36, 236.05 W, 1965 MHz, 3996 MHz, 0 %, 0 MiB
2026/08/03 11:46:59.198, 3, P0, 32, 238.49 W, 1965 MHz, 3996 MHz, 0 %, 0 MiB
2026/08/03 11:46:59.198, 4, P0, 33, 235.51 W, 1965 MHz, 3996 MHz, 0 %, 0 MiB
2026/08/03 11:46:59.198, 5, P0, 36, 244.42 W, 1965 MHz, 3996 MHz, 0 %, 0 MiB
2026/08/03 11:46:59.198, 6, P0, 33, 242.32 W, 1965 MHz, 3996 MHz, 0 %, 0 MiB
2026/08/03 11:46:59.198, 7, P0, 37, 243.10 W, 1965 MHz, 3996 MHz, 0 %, 0 MiB
2026/08/03 11:47:00.198, 0, P0, 37, 274.99 W, 1965 MHz, 3996 MHz, 81 %, 165669 MiB
2026/08/03 11:47:00.198, 1, P0, 34, 255.15 W, 1965 MHz, 3996 MHz, 7 %, 165669 MiB
2026/08/03 11:47:00.198, 2, P0, 36, 236.07 W, 1965 MHz, 3996 MHz, 0 %, 0 MiB
2026/08/03 11:47:00.198, 3, P0, 32, 238.50 W, 1965 MHz, 3996 MHz, 0 %, 0 MiB
2026/08/03 11:47:00.198, 4, P0, 33, 235.46 W, 1965 MHz, 3996 MHz, 0 %, 0 MiB
2026/08/03 11:47:00.198, 5, P0, 36, 244.34 W, 1965 MHz, 3996 MHz, 0 %, 0 MiB
2026/08/03 11:47:00.198, 6, P0, 33, 242.32 W, 1965 MHz, 3996 MHz, 0 %, 0 MiB
2026/08/03 11:47:00.198, 7, P0, 37, 243.13 W, 1965 MHz, 3996 MHz, 0 %, 0 MiB
2026/08/03 11:47:01.199, 0, P0, 37, 275.53 W, 1965 MHz, 3996 MHz, 57 %, 165669 MiB
2026/08/03 11:47:01.199, 1, P0, 34, 256.52 W, 1965 MHz, 3996 MHz, 7 %, 165669 MiB
2026/08/03 11:47:01.199, 2, P0, 36, 236.07 W, 1965 MHz, 3996 MHz, 0 %, 0 MiB
2026/08/03 11:47:01.199, 3, P0, 32, 238.47 W, 1965 MHz, 3996 MHz, 0 %, 0 MiB
2026/08/03 11:47:01.199, 4, P0, 33, 235.43 W, 1965 MHz, 3996 MHz, 0 %, 0 MiB
2026/08/03 11:47:01.199, 5, P0, 36, 244.38 W, 1965 MHz, 3996 MHz, 0 %, 0 MiB
2026/08/03 11:47:01.199, 6, P0, 33, 242.30 W, 1965 MHz, 3996 MHz, 0 %, 0 MiB
2026/08/03 11:47:01.199, 7, P0, 37, 243.21 W, 1965 MHz, 3996 MHz, 0 %, 0 MiB
2026/08/03 11:47:02.199, 0, P0, 37, 273.32 W, 1965 MHz, 3996 MHz, 78 %, 165669 MiB
2026/08/03 11:47:02.199, 1, P0, 34, 256.85 W, 1965 MHz, 3996 MHz, 7 %, 165669 MiB
2026/08/03 11:47:02.199, 2, P0, 36, 236.03 W, 1965 MHz, 3996 MHz, 0 %, 0 MiB
2026/08/03 11:47:02.199, 3, P0, 32, 238.48 W, 1965 MHz, 3996 MHz, 0 %, 0 MiB
2026/08/03 11:47:02.199, 4, P0, 33, 235.51 W, 1965 MHz, 3996 MHz, 0 %, 0 MiB
2026/08/03 11:47:02.199, 5, P0, 36, 244.38 W, 1965 MHz, 3996 MHz, 0 %, 0 MiB
2026/08/03 11:47:02.199, 6, P0, 33, 242.28 W, 1965 MHz, 3996 MHz, 0 %, 0 MiB
2026/08/03 11:47:02.199, 7, P0, 37, 243.16 W, 1965 MHz, 3996 MHz, 0 %, 0 MiB
2026/08/03 11:47:03.199, 0, P0, 37, 274.73 W, 1965 MHz, 3996 MHz, 88 %, 165669 MiB
2026/08/03 11:47:03.199, 1, P0, 34, 256.55 W, 1965 MHz, 3996 MHz, 7 %, 165669 MiB
2026/08/03 11:47:03.199, 2, P0, 36, 236.01 W, 1965 MHz, 3996 MHz, 0 %, 0 MiB
2026/08/03 11:47:03.199, 3, P0, 32, 238.56 W, 1965 MHz, 3996 MHz, 0 %, 0 MiB
2026/08/03 11:47:03.199, 4, P0, 33, 235.43 W, 1965 MHz, 3996 MHz, 0 %, 0 MiB
2026/08/03 11:47:03.199, 5, P0, 36, 244.41 W, 1965 MHz, 3996 MHz, 0 %, 0 MiB
2026/08/03 11:47:03.199, 6, P0, 33, 242.27 W, 1965 MHz, 3996 MHz, 0 %, 0 MiB
2026/08/03 11:47:03.199, 7, P0, 37, 243.19 W, 1965 MHz, 3996 MHz, 0 %, 0 MiB
2026/08/03 11:47:04.199, 0, P0, 37, 274.36 W, 1965 MHz, 3996 MHz, 84 %, 165669 MiB
2026/08/03 11:47:04.199, 1, P0, 34, 254.72 W, 1965 MHz, 3996 MHz, 7 %, 165669 MiB
2026/08/03 11:47:04.199, 2, P0, 36, 236.11 W, 1965 MHz, 3996 MHz, 0 %, 0 MiB
2026/08/03 11:47:04.199, 3, P0, 32, 238.52 W, 1965 MHz, 3996 MHz, 0 %, 0 MiB
2026/08/03 11:47:04.199, 4, P0, 33, 235.42 W, 1965 MHz, 3996 MHz, 0 %, 0 MiB
2026/08/03 11:47:04.199, 5, P0, 36, 244.31 W, 1965 MHz, 3996 MHz, 0 %, 0 MiB
2026/08/03 11:47:04.200, 6, P0, 33, 242.19 W, 1965 MHz, 3996 MHz, 0 %, 0 MiB
2026/08/03 11:47:04.200, 7, P0, 37, 243.18 W, 1965 MHz, 3996 MHz, 0 %, 0 MiB
2026/08/03 11:47:05.200, 0, P0, 37, 275.10 W, 1965 MHz, 3996 MHz, 91 %, 165669 MiB
2026/08/03 11:47:05.200, 1, P0, 34, 255.92 W, 1965 MHz, 3996 MHz, 7 %, 165669 MiB
2026/08/03 11:47:05.200, 2, P0, 36, 236.09 W, 1965 MHz, 3996 MHz, 0 %, 0 MiB
2026/08/03 11:47:05.200, 3, P0, 32, 238.49 W, 1965 MHz, 3996 MHz, 0 %, 0 MiB
2026/08/03 11:47:05.200, 4, P0, 33, 235.39 W, 1965 MHz, 3996 MHz, 0 %, 0 MiB
2026/08/03 11:47:05.200, 5, P0, 36, 244.29 W, 1965 MHz, 3996 MHz, 0 %, 0 MiB
2026/08/03 11:47:05.200, 6, P0, 33, 242.27 W, 1965 MHz, 3996 MHz, 0 %, 0 MiB
2026/08/03 11:47:05.200, 7, P0, 37, 243.20 W, 1965 MHz, 3996 MHz, 0 %, 0 MiB
2026/08/03 11:47:06.200, 0, P0, 37, 274.88 W, 1965 MHz, 3996 MHz, 84 %, 165669 MiB
2026/08/03 11:47:06.200, 1, P0, 34, 256.38 W, 1965 MHz, 3996 MHz, 7 %, 165669 MiB
2026/08/03 11:47:06.200, 2, P0, 36, 236.05 W, 1965 MHz, 3996 MHz, 0 %, 0 MiB
2026/08/03 11:47:06.200, 3, P0, 32, 238.53 W, 1965 MHz, 3996 MHz, 0 %, 0 MiB
2026/08/03 11:47:06.200, 4, P0, 33, 235.43 W, 1965 MHz, 3996 MHz, 0 %, 0 MiB
2026/08/03 11:47:06.200, 5, P0, 36, 244.28 W, 1965 MHz, 3996 MHz, 0 %, 0 MiB
2026/08/03 11:47:06.200, 6, P0, 33, 242.31 W, 1965 MHz, 3996 MHz, 0 %, 0 MiB
2026/08/03 11:47:06.200, 7, P0, 37, 243.13 W, 1965 MHz, 3996 MHz, 0 %, 0 MiB
2026/08/03 11:47:07.200, 0, P0, 37, 277.03 W, 1965 MHz, 3996 MHz, 84 %, 165669 MiB
2026/08/03 11:47:07.200, 1, P0, 34, 255.46 W, 1965 MHz, 3996 MHz, 7 %, 165669 MiB
2026/08/03 11:47:07.200, 2, P0, 36, 236.06 W, 1965 MHz, 3996 MHz, 0 %, 0 MiB
2026/08/03 11:47:07.200, 3, P0, 32, 238.54 W, 1965 MHz, 3996 MHz, 0 %, 0 MiB
2026/08/03 11:47:07.200, 4, P0, 33, 235.41 W, 1965 MHz, 3996 MHz, 0 %, 0 MiB
2026/08/03 11:47:07.200, 5, P0, 36, 244.32 W, 1965 MHz, 3996 MHz, 0 %, 0 MiB
2026/08/03 11:47:07.200, 6, P0, 33, 242.30 W, 1965 MHz, 3996 MHz, 0 %, 0 MiB
2026/08/03 11:47:07.200, 7, P0, 37, 243.07 W, 1965 MHz, 3996 MHz, 0 %, 0 MiB
2026/08/03 11:47:08.200, 0, P0, 37, 274.66 W, 1965 MHz, 3996 MHz, 79 %, 165669 MiB
2026/08/03 11:47:08.201, 1, P0, 34, 255.97 W, 1965 MHz, 3996 MHz, 7 %, 165669 MiB
2026/08/03 11:47:08.201, 2, P0, 36, 236.11 W, 1965 MHz, 3996 MHz, 0 %, 0 MiB
2026/08/03 11:47:08.201, 3, P0, 32, 238.55 W, 1965 MHz, 3996 MHz, 0 %, 0 MiB
2026/08/03 11:47:08.201, 4, P0, 33, 235.44 W, 1965 MHz, 3996 MHz, 0 %, 0 MiB
2026/08/03 11:47:08.201, 5, P0, 36, 244.32 W, 1965 MHz, 3996 MHz, 0 %, 0 MiB
2026/08/03 11:47:08.201, 6, P0, 33, 242.29 W, 1965 MHz, 3996 MHz, 0 %, 0 MiB
2026/08/03 11:47:08.201, 7, P0, 37, 243.07 W, 1965 MHz, 3996 MHz, 0 %, 0 MiB
2026/08/03 11:47:09.201, 0, P0, 37, 274.00 W, 1965 MHz, 3996 MHz, 81 %, 165669 MiB
2026/08/03 11:47:09.201, 1, P0, 34, 255.26 W, 1965 MHz, 3996 MHz, 7 %, 165669 MiB
2026/08/03 11:47:09.201, 2, P0, 36, 236.01 W, 1965 MHz, 3996 MHz, 0 %, 0 MiB
2026/08/03 11:47:09.201, 3, P0, 32, 238.51 W, 1965 MHz, 3996 MHz, 0 %, 0 MiB
2026/08/03 11:47:09.201, 4, P0, 33, 235.48 W, 1965 MHz, 3996 MHz, 0 %, 0 MiB
2026/08/03 11:47:09.201, 5, P0, 36, 244.30 W, 1965 MHz, 3996 MHz, 0 %, 0 MiB
2026/08/03 11:47:09.201, 6, P0, 33, 242.28 W, 1965 MHz, 3996 MHz, 0 %, 0 MiB
2026/08/03 11:47:09.201, 7, P0, 37, 243.14 W, 1965 MHz, 3996 MHz, 0 %, 0 MiB
2026/08/03 11:47:10.201, 0, P0, 37, 276.26 W, 1965 MHz, 3996 MHz, 88 %, 165669 MiB
2026/08/03 11:47:10.201, 1, P0, 34, 256.12 W, 1965 MHz, 3996 MHz, 7 %, 165669 MiB
2026/08/03 11:47:10.201, 2, P0, 36, 236.07 W, 1965 MHz, 3996 MHz, 0 %, 0 MiB
2026/08/03 11:47:10.201, 3, P0, 32, 238.49 W, 1965 MHz, 3996 MHz, 0 %, 0 MiB
2026/08/03 11:47:10.201, 4, P0, 33, 235.48 W, 1965 MHz, 3996 MHz, 0 %, 0 MiB
2026/08/03 11:47:10.201, 5, P0, 36, 244.40 W, 1965 MHz, 3996 MHz, 0 %, 0 MiB
2026/08/03 11:47:10.202, 6, P0, 33, 242.29 W, 1965 MHz, 3996 MHz, 0 %, 0 MiB
2026/08/03 11:47:10.202, 7, P0, 37, 243.12 W, 1965 MHz, 3996 MHz, 0 %, 0 MiB
2026/08/03 11:47:11.202, 0, P0, 37, 274.13 W, 1965 MHz, 3996 MHz, 87 %, 165669 MiB
2026/08/03 11:47:11.202, 1, P0, 34, 256.39 W, 1965 MHz, 3996 MHz, 7 %, 165669 MiB
2026/08/03 11:47:11.202, 2, P0, 36, 236.07 W, 1965 MHz, 3996 MHz, 0 %, 0 MiB
2026/08/03 11:47:11.202, 3, P0, 32, 238.50 W, 1965 MHz, 3996 MHz, 0 %, 0 MiB
2026/08/03 11:47:11.202, 4, P0, 33, 235.48 W, 1965 MHz, 3996 MHz, 0 %, 0 MiB
2026/08/03 11:47:11.202, 5, P0, 36, 244.31 W, 1965 MHz, 3996 MHz, 0 %, 0 MiB
2026/08/03 11:47:11.202, 6, P0, 33, 242.31 W, 1965 MHz, 3996 MHz, 0 %, 0 MiB
2026/08/03 11:47:11.202, 7, P0, 37, 243.10 W, 1965 MHz, 3996 MHz, 0 %, 0 MiB
2026/08/03 11:47:12.202, 0, P0, 37, 277.29 W, 1965 MHz, 3996 MHz, 81 %, 165669 MiB
2026/08/03 11:47:12.202, 1, P0, 34, 255.52 W, 1965 MHz, 3996 MHz, 7 %, 165669 MiB
2026/08/03 11:47:12.202, 2, P0, 36, 236.07 W, 1965 MHz, 3996 MHz, 0 %, 0 MiB
2026/08/03 11:47:12.202, 3, P0, 32, 238.42 W, 1965 MHz, 3996 MHz, 0 %, 0 MiB
2026/08/03 11:47:12.202, 4, P0, 33, 235.46 W, 1965 MHz, 3996 MHz, 0 %, 0 MiB
2026/08/03 11:47:12.202, 5, P0, 36, 244.39 W, 1965 MHz, 3996 MHz, 0 %, 0 MiB
2026/08/03 11:47:12.202, 6, P0, 33, 242.31 W, 1965 MHz, 3996 MHz, 0 %, 0 MiB
2026/08/03 11:47:12.202, 7, P0, 37, 243.19 W, 1965 MHz, 3996 MHz, 0 %, 0 MiB
2026/08/03 11:47:13.202, 0, P0, 37, 276.43 W, 1965 MHz, 3996 MHz, 77 %, 165669 MiB
2026/08/03 11:47:13.202, 1, P0, 34, 256.39 W, 1965 MHz, 3996 MHz, 7 %, 165669 MiB
2026/08/03 11:47:13.203, 2, P0, 36, 236.03 W, 1965 MHz, 3996 MHz, 0 %, 0 MiB
2026/08/03 11:47:13.203, 3, P0, 32, 238.54 W, 1965 MHz, 3996 MHz, 0 %, 0 MiB
2026/08/03 11:47:13.203, 4, P0, 33, 235.40 W, 1965 MHz, 3996 MHz, 0 %, 0 MiB
2026/08/03 11:47:13.203, 5, P0, 36, 244.36 W, 1965 MHz, 3996 MHz, 0 %, 0 MiB
2026/08/03 11:47:13.203, 6, P0, 33, 242.32 W, 1965 MHz, 3996 MHz, 0 %, 0 MiB
2026/08/03 11:47:13.203, 7, P0, 37, 243.20 W, 1965 MHz, 3996 MHz, 0 %, 0 MiB
2026/08/03 11:47:14.203, 0, P0, 37, 275.36 W, 1965 MHz, 3996 MHz, 79 %, 165669 MiB
2026/08/03 11:47:14.203, 1, P0, 34, 255.40 W, 1965 MHz, 3996 MHz, 7 %, 165669 MiB
2026/08/03 11:47:14.203, 2, P0, 36, 236.07 W, 1965 MHz, 3996 MHz, 0 %, 0 MiB
2026/08/03 11:47:14.203, 3, P0, 32, 238.51 W, 1965 MHz, 3996 MHz, 0 %, 0 MiB
2026/08/03 11:47:14.203, 4, P0, 33, 235.45 W, 1965 MHz, 3996 MHz, 0 %, 0 MiB
2026/08/03 11:47:14.203, 5, P0, 36, 244.31 W, 1965 MHz, 3996 MHz, 0 %, 0 MiB
2026/08/03 11:47:14.203, 6, P0, 33, 242.36 W, 1965 MHz, 3996 MHz, 0 %, 0 MiB
2026/08/03 11:47:14.203, 7, P0, 37, 243.27 W, 1965 MHz, 3996 MHz, 0 %, 0 MiB
2026/08/03 11:47:15.203, 0, P0, 37, 274.16 W, 1965 MHz, 3996 MHz, 89 %, 165669 MiB
2026/08/03 11:47:15.203, 1, P0, 34, 255.71 W, 1965 MHz, 3996 MHz, 7 %, 165669 MiB
2026/08/03 11:47:15.203, 2, P0, 36, 236.07 W, 1965 MHz, 3996 MHz, 0 %, 0 MiB
2026/08/03 11:47:15.203, 3, P0, 32, 238.49 W, 1965 MHz, 3996 MHz, 0 %, 0 MiB
2026/08/03 11:47:15.203, 4, P0, 33, 235.45 W, 1965 MHz, 3996 MHz, 0 %, 0 MiB
2026/08/03 11:47:15.203, 5, P0, 36, 244.37 W, 1965 MHz, 3996 MHz, 0 %, 0 MiB
2026/08/03 11:47:15.203, 6, P0, 33, 242.34 W, 1965 MHz, 3996 MHz, 0 %, 0 MiB
2026/08/03 11:47:15.203, 7, P0, 37, 243.21 W, 1965 MHz, 3996 MHz, 0 %, 0 MiB
2026/08/03 11:47:16.203, 0, P0, 37, 274.54 W, 1965 MHz, 3996 MHz, 74 %, 165669 MiB
2026/08/03 11:47:16.203, 1, P0, 34, 256.03 W, 1965 MHz, 3996 MHz, 7 %, 165669 MiB
2026/08/03 11:47:16.203, 2, P0, 36, 236.07 W, 1965 MHz, 3996 MHz, 0 %, 0 MiB
2026/08/03 11:47:16.203, 3, P0, 32, 238.54 W, 1965 MHz, 3996 MHz, 0 %, 0 MiB
2026/08/03 11:47:16.203, 4, P0, 33, 235.43 W, 1965 MHz, 3996 MHz, 0 %, 0 MiB
2026/08/03 11:47:16.203, 5, P0, 36, 244.37 W, 1965 MHz, 3996 MHz, 0 %, 0 MiB
2026/08/03 11:47:16.203, 6, P0, 33, 242.33 W, 1965 MHz, 3996 MHz, 0 %, 0 MiB
2026/08/03 11:47:16.203, 7, P0, 37, 243.19 W, 1965 MHz, 3996 MHz, 0 %, 0 MiB
2026/08/03 11:47:17.204, 0, P0, 37, 275.13 W, 1965 MHz, 3996 MHz, 78 %, 165669 MiB
2026/08/03 11:47:17.204, 1, P0, 33, 255.44 W, 1965 MHz, 3996 MHz, 7 %, 165669 MiB
2026/08/03 11:47:17.204, 2, P0, 36, 236.06 W, 1965 MHz, 3996 MHz, 0 %, 0 MiB
2026/08/03 11:47:17.204, 3, P0, 32, 238.48 W, 1965 MHz, 3996 MHz, 0 %, 0 MiB
2026/08/03 11:47:17.204, 4, P0, 33, 235.51 W, 1965 MHz, 3996 MHz, 0 %, 0 MiB
2026/08/03 11:47:17.204, 5, P0, 36, 244.30 W, 1965 MHz, 3996 MHz, 0 %, 0 MiB
2026/08/03 11:47:17.204, 6, P0, 33, 242.31 W, 1965 MHz, 3996 MHz, 0 %, 0 MiB
2026/08/03 11:47:17.204, 7, P0, 37, 243.28 W, 1965 MHz, 3996 MHz, 0 %, 0 MiB
2026/08/03 11:47:18.204, 0, P0, 37, 275.17 W, 1965 MHz, 3996 MHz, 86 %, 165669 MiB
2026/08/03 11:47:18.204, 1, P0, 33, 255.36 W, 1965 MHz, 3996 MHz, 7 %, 165669 MiB
2026/08/03 11:47:18.204, 2, P0, 36, 236.09 W, 1965 MHz, 3996 MHz, 0 %, 0 MiB
2026/08/03 11:47:18.204, 3, P0, 32, 238.53 W, 1965 MHz, 3996 MHz, 0 %, 0 MiB
2026/08/03 11:47:18.204, 4, P0, 33, 235.52 W, 1965 MHz, 3996 MHz, 0 %, 0 MiB
2026/08/03 11:47:18.204, 5, P0, 36, 244.34 W, 1965 MHz, 3996 MHz, 0 %, 0 MiB
2026/08/03 11:47:18.204, 6, P0, 33, 242.33 W, 1965 MHz, 3996 MHz, 0 %, 0 MiB
2026/08/03 11:47:18.204, 7, P0, 37, 243.15 W, 1965 MHz, 3996 MHz, 0 %, 0 MiB
2026/08/03 11:47:19.204, 0, P0, 37, 274.84 W, 1965 MHz, 3996 MHz, 79 %, 165669 MiB
2026/08/03 11:47:19.204, 1, P0, 33, 254.67 W, 1965 MHz, 3996 MHz, 7 %, 165669 MiB
2026/08/03 11:47:19.204, 2, P0, 36, 236.06 W, 1965 MHz, 3996 MHz, 0 %, 0 MiB
2026/08/03 11:47:19.204, 3, P0, 32, 238.52 W, 1965 MHz, 3996 MHz, 0 %, 0 MiB
2026/08/03 11:47:19.204, 4, P0, 33, 235.48 W, 1965 MHz, 3996 MHz, 0 %, 0 MiB
2026/08/03 11:47:19.204, 5, P0, 36, 244.22 W, 1965 MHz, 3996 MHz, 0 %, 0 MiB
2026/08/03 11:47:19.204, 6, P0, 33, 242.35 W, 1965 MHz, 3996 MHz, 0 %, 0 MiB
2026/08/03 11:47:19.204, 7, P0, 37, 243.15 W, 1965 MHz, 3996 MHz, 0 %, 0 MiB
2026/08/03 11:47:20.204, 0, P0, 37, 273.52 W, 1965 MHz, 3996 MHz, 81 %, 165669 MiB
2026/08/03 11:47:20.204, 1, P0, 33, 255.55 W, 1965 MHz, 3996 MHz, 7 %, 165669 MiB
2026/08/03 11:47:20.204, 2, P0, 36, 236.07 W, 1965 MHz, 3996 MHz, 0 %, 0 MiB
2026/08/03 11:47:20.205, 3, P0, 32, 238.57 W, 1965 MHz, 3996 MHz, 0 %, 0 MiB
2026/08/03 11:47:20.205, 4, P0, 33, 235.46 W, 1965 MHz, 3996 MHz, 0 %, 0 MiB
2026/08/03 11:47:20.205, 5, P0, 36, 244.34 W, 1965 MHz, 3996 MHz, 0 %, 0 MiB
2026/08/03 11:47:20.205, 6, P0, 33, 242.24 W, 1965 MHz, 3996 MHz, 0 %, 0 MiB
2026/08/03 11:47:20.205, 7, P0, 37, 243.14 W, 1965 MHz, 3996 MHz, 0 %, 0 MiB
2026/08/03 11:47:21.205, 0, P0, 37, 275.36 W, 1965 MHz, 3996 MHz, 83 %, 165669 MiB
2026/08/03 11:47:21.205, 1, P0, 33, 255.92 W, 1965 MHz, 3996 MHz, 8 %, 165669 MiB
2026/08/03 11:47:21.205, 2, P0, 36, 236.06 W, 1965 MHz, 3996 MHz, 0 %, 0 MiB
2026/08/03 11:47:21.205, 3, P0, 32, 238.53 W, 1965 MHz, 3996 MHz, 0 %, 0 MiB
2026/08/03 11:47:21.205, 4, P0, 33, 235.48 W, 1965 MHz, 3996 MHz, 0 %, 0 MiB
2026/08/03 11:47:21.205, 5, P0, 36, 244.31 W, 1965 MHz, 3996 MHz, 0 %, 0 MiB
2026/08/03 11:47:21.205, 6, P0, 33, 242.28 W, 1965 MHz, 3996 MHz, 0 %, 0 MiB
2026/08/03 11:47:21.205, 7, P0, 37, 243.16 W, 1965 MHz, 3996 MHz, 0 %, 0 MiB
2026/08/03 11:47:22.205, 0, P0, 37, 275.81 W, 1965 MHz, 3996 MHz, 90 %, 165669 MiB
2026/08/03 11:47:22.205, 1, P0, 33, 256.34 W, 1965 MHz, 3996 MHz, 7 %, 165669 MiB
2026/08/03 11:47:22.205, 2, P0, 36, 236.05 W, 1965 MHz, 3996 MHz, 0 %, 0 MiB
2026/08/03 11:47:22.205, 3, P0, 32, 238.46 W, 1965 MHz, 3996 MHz, 0 %, 0 MiB
2026/08/03 11:47:22.205, 4, P0, 33, 235.46 W, 1965 MHz, 3996 MHz, 0 %, 0 MiB
2026/08/03 11:47:22.205, 5, P0, 36, 244.31 W, 1965 MHz, 3996 MHz, 0 %, 0 MiB
2026/08/03 11:47:22.205, 6, P0, 33, 242.32 W, 1965 MHz, 3996 MHz, 0 %, 0 MiB
2026/08/03 11:47:22.205, 7, P0, 37, 243.11 W, 1965 MHz, 3996 MHz, 0 %, 0 MiB
2026/08/03 11:47:23.205, 0, P0, 37, 275.02 W, 1965 MHz, 3996 MHz, 90 %, 165669 MiB
2026/08/03 11:47:23.205, 1, P0, 33, 255.72 W, 1965 MHz, 3996 MHz, 7 %, 165669 MiB
2026/08/03 11:47:23.205, 2, P0, 36, 236.03 W, 1965 MHz, 3996 MHz, 0 %, 0 MiB
2026/08/03 11:47:23.205, 3, P0, 32, 238.52 W, 1965 MHz, 3996 MHz, 0 %, 0 MiB
2026/08/03 11:47:23.205, 4, P0, 33, 235.48 W, 1965 MHz, 3996 MHz, 0 %, 0 MiB
2026/08/03 11:47:23.205, 5, P0, 36, 244.30 W, 1965 MHz, 3996 MHz, 0 %, 0 MiB
2026/08/03 11:47:23.205, 6, P0, 33, 242.24 W, 1965 MHz, 3996 MHz, 0 %, 0 MiB
2026/08/03 11:47:23.205, 7, P0, 37, 243.13 W, 1965 MHz, 3996 MHz, 0 %, 0 MiB
2026/08/03 11:47:24.206, 0, P0, 37, 274.70 W, 1965 MHz, 3996 MHz, 80 %, 165669 MiB
2026/08/03 11:47:24.206, 1, P0, 33, 256.27 W, 1965 MHz, 3996 MHz, 7 %, 165669 MiB
2026/08/03 11:47:24.206, 2, P0, 36, 236.03 W, 1965 MHz, 3996 MHz, 0 %, 0 MiB
2026/08/03 11:47:24.206, 3, P0, 32, 238.49 W, 1965 MHz, 3996 MHz, 0 %, 0 MiB
2026/08/03 11:47:24.206, 4, P0, 33, 235.41 W, 1965 MHz, 3996 MHz, 0 %, 0 MiB
2026/08/03 11:47:24.206, 5, P0, 36, 244.27 W, 1965 MHz, 3996 MHz, 0 %, 0 MiB
2026/08/03 11:47:24.206, 6, P0, 33, 242.25 W, 1965 MHz, 3996 MHz, 0 %, 0 MiB
2026/08/03 11:47:24.206, 7, P0, 37, 243.09 W, 1965 MHz, 3996 MHz, 0 %, 0 MiB
2026/08/03 11:47:25.206, 0, P0, 37, 275.89 W, 1965 MHz, 3996 MHz, 78 %, 165669 MiB
2026/08/03 11:47:25.206, 1, P0, 33, 255.61 W, 1965 MHz, 3996 MHz, 7 %, 165669 MiB
2026/08/03 11:47:25.206, 2, P0, 36, 236.01 W, 1965 MHz, 3996 MHz, 0 %, 0 MiB
2026/08/03 11:47:25.206, 3, P0, 32, 238.53 W, 1965 MHz, 3996 MHz, 0 %, 0 MiB
2026/08/03 11:47:25.206, 4, P0, 33, 235.50 W, 1965 MHz, 3996 MHz, 0 %, 0 MiB
2026/08/03 11:47:25.206, 5, P0, 36, 244.36 W, 1965 MHz, 3996 MHz, 0 %, 0 MiB
2026/08/03 11:47:25.206, 6, P0, 33, 242.26 W, 1965 MHz, 3996 MHz, 0 %, 0 MiB
2026/08/03 11:47:25.206, 7, P0, 37, 243.04 W, 1965 MHz, 3996 MHz, 0 %, 0 MiB
2026/08/03 11:47:26.206, 0, P0, 37, 274.41 W, 1965 MHz, 3996 MHz, 78 %, 165669 MiB
2026/08/03 11:47:26.206, 1, P0, 33, 255.95 W, 1965 MHz, 3996 MHz, 7 %, 165669 MiB
2026/08/03 11:47:26.206, 2, P0, 36, 236.02 W, 1965 MHz, 3996 MHz, 0 %, 0 MiB
2026/08/03 11:47:26.206, 3, P0, 32, 238.56 W, 1965 MHz, 3996 MHz, 0 %, 0 MiB
2026/08/03 11:47:26.206, 4, P0, 33, 235.45 W, 1965 MHz, 3996 MHz, 0 %, 0 MiB
2026/08/03 11:47:26.206, 5, P0, 36, 244.29 W, 1965 MHz, 3996 MHz, 0 %, 0 MiB
2026/08/03 11:47:26.206, 6, P0, 33, 242.21 W, 1965 MHz, 3996 MHz, 0 %, 0 MiB
2026/08/03 11:47:26.206, 7, P0, 37, 243.10 W, 1965 MHz, 3996 MHz, 0 %, 0 MiB
2026/08/03 11:47:27.206, 0, P0, 37, 276.64 W, 1965 MHz, 3996 MHz, 77 %, 165669 MiB
2026/08/03 11:47:27.206, 1, P0, 33, 256.22 W, 1965 MHz, 3996 MHz, 7 %, 165669 MiB
2026/08/03 11:47:27.206, 2, P0, 36, 235.98 W, 1965 MHz, 3996 MHz, 0 %, 0 MiB
2026/08/03 11:47:27.206, 3, P0, 32, 238.55 W, 1965 MHz, 3996 MHz, 0 %, 0 MiB
2026/08/03 11:47:27.206, 4, P0, 33, 235.42 W, 1965 MHz, 3996 MHz, 0 %, 0 MiB
2026/08/03 11:47:27.207, 5, P0, 36, 244.31 W, 1965 MHz, 3996 MHz, 0 %, 0 MiB
2026/08/03 11:47:27.207, 6, P0, 33, 242.29 W, 1965 MHz, 3996 MHz, 0 %, 0 MiB
2026/08/03 11:47:27.207, 7, P0, 37, 243.17 W, 1965 MHz, 3996 MHz, 0 %, 0 MiB
2026/08/03 11:47:28.207, 0, P0, 37, 274.71 W, 1965 MHz, 3996 MHz, 89 %, 165669 MiB
2026/08/03 11:47:28.207, 1, P0, 33, 255.78 W, 1965 MHz, 3996 MHz, 7 %, 165669 MiB
2026/08/03 11:47:28.207, 2, P0, 36, 235.97 W, 1965 MHz, 3996 MHz, 0 %, 0 MiB
2026/08/03 11:47:28.207, 3, P0, 32, 238.51 W, 1965 MHz, 3996 MHz, 0 %, 0 MiB
2026/08/03 11:47:28.207, 4, P0, 33, 235.44 W, 1965 MHz, 3996 MHz, 0 %, 0 MiB
2026/08/03 11:47:28.207, 5, P0, 36, 244.34 W, 1965 MHz, 3996 MHz, 0 %, 0 MiB
2026/08/03 11:47:28.207, 6, P0, 33, 242.19 W, 1965 MHz, 3996 MHz, 0 %, 0 MiB
2026/08/03 11:47:28.207, 7, P0, 37, 243.15 W, 1965 MHz, 3996 MHz, 0 %, 0 MiB
2026/08/03 11:47:29.207, 0, P0, 37, 274.49 W, 1965 MHz, 3996 MHz, 86 %, 165669 MiB
2026/08/03 11:47:29.207, 1, P0, 33, 255.54 W, 1965 MHz, 3996 MHz, 7 %, 165669 MiB
2026/08/03 11:47:29.207, 2, P0, 36, 236.02 W, 1965 MHz, 3996 MHz, 0 %, 0 MiB
2026/08/03 11:47:29.207, 3, P0, 32, 238.49 W, 1965 MHz, 3996 MHz, 0 %, 0 MiB
2026/08/03 11:47:29.207, 4, P0, 33, 235.46 W, 1965 MHz, 3996 MHz, 0 %, 0 MiB
2026/08/03 11:47:29.207, 5, P0, 36, 244.31 W, 1965 MHz, 3996 MHz, 0 %, 0 MiB
2026/08/03 11:47:29.207, 6, P0, 33, 242.30 W, 1965 MHz, 3996 MHz, 0 %, 0 MiB
2026/08/03 11:47:29.207, 7, P0, 37, 243.15 W, 1965 MHz, 3996 MHz, 0 %, 0 MiB
2026/08/03 11:47:30.207, 0, P0, 37, 275.00 W, 1965 MHz, 3996 MHz, 87 %, 165669 MiB
2026/08/03 11:47:30.207, 1, P0, 33, 255.21 W, 1965 MHz, 3996 MHz, 7 %, 165669 MiB
2026/08/03 11:47:30.207, 2, P0, 36, 235.98 W, 1965 MHz, 3996 MHz, 0 %, 0 MiB
2026/08/03 11:47:30.207, 3, P0, 32, 238.51 W, 1965 MHz, 3996 MHz, 0 %, 0 MiB
2026/08/03 11:47:30.207, 4, P0, 33, 235.35 W, 1965 MHz, 3996 MHz, 0 %, 0 MiB
2026/08/03 11:47:30.207, 5, P0, 36, 244.37 W, 1965 MHz, 3996 MHz, 0 %, 0 MiB
2026/08/03 11:47:30.207, 6, P0, 33, 242.20 W, 1965 MHz, 3996 MHz, 0 %, 0 MiB
2026/08/03 11:47:30.207, 7, P0, 37, 243.06 W, 1965 MHz, 3996 MHz, 0 %, 0 MiB
2026/08/03 11:47:31.208, 0, P0, 42, 824.00 W, 1965 MHz, 3996 MHz, 80 %, 169797 MiB
2026/08/03 11:47:31.208, 1, P0, 38, 823.09 W, 1957 MHz, 3996 MHz, 90 %, 169797 MiB
2026/08/03 11:47:31.208, 2, P0, 36, 236.02 W, 1965 MHz, 3996 MHz, 0 %, 0 MiB
2026/08/03 11:47:31.208, 3, P0, 32, 238.40 W, 1965 MHz, 3996 MHz, 0 %, 0 MiB
2026/08/03 11:47:31.208, 4, P0, 33, 235.51 W, 1965 MHz, 3996 MHz, 0 %, 0 MiB
2026/08/03 11:47:31.208, 5, P0, 36, 244.20 W, 1965 MHz, 3996 MHz, 0 %, 0 MiB
2026/08/03 11:47:31.208, 6, P0, 33, 242.24 W, 1965 MHz, 3996 MHz, 0 %, 0 MiB
2026/08/03 11:47:31.208, 7, P0, 37, 243.01 W, 1965 MHz, 3996 MHz, 0 %, 0 MiB
2026/08/03 11:47:32.208, 0, P0, 38, 286.71 W, 1965 MHz, 3996 MHz, 82 %, 169797 MiB
2026/08/03 11:47:32.208, 1, P0, 35, 264.37 W, 1965 MHz, 3996 MHz, 9 %, 169797 MiB
2026/08/03 11:47:32.208, 2, P0, 36, 236.01 W, 1965 MHz, 3996 MHz, 0 %, 0 MiB
2026/08/03 11:47:32.208, 3, P0, 32, 238.48 W, 1965 MHz, 3996 MHz, 0 %, 0 MiB
2026/08/03 11:47:32.208, 4, P0, 33, 235.42 W, 1965 MHz, 3996 MHz, 0 %, 0 MiB
2026/08/03 11:47:32.208, 5, P0, 36, 244.24 W, 1965 MHz, 3996 MHz, 0 %, 0 MiB
2026/08/03 11:47:32.208, 6, P0, 33, 242.27 W, 1965 MHz, 3996 MHz, 0 %, 0 MiB
2026/08/03 11:47:32.208, 7, P0, 37, 243.07 W, 1965 MHz, 3996 MHz, 0 %, 0 MiB
2026/08/03 11:47:33.208, 0, P0, 45, 363.73 W, 1762 MHz, 3996 MHz, 87 %, 169797 MiB
2026/08/03 11:47:33.208, 1, P0, 42, 347.89 W, 1687 MHz, 3996 MHz, 9 %, 169797 MiB
2026/08/03 11:47:33.208, 2, P0, 36, 236.03 W, 1965 MHz, 3996 MHz, 0 %, 0 MiB
2026/08/03 11:47:33.208, 3, P0, 32, 238.51 W, 1965 MHz, 3996 MHz, 0 %, 0 MiB
2026/08/03 11:47:33.208, 4, P0, 33, 235.46 W, 1965 MHz, 3996 MHz, 0 %, 0 MiB
2026/08/03 11:47:33.208, 5, P0, 36, 244.24 W, 1965 MHz, 3996 MHz, 0 %, 0 MiB
2026/08/03 11:47:33.208, 6, P0, 33, 242.21 W, 1965 MHz, 3996 MHz, 0 %, 0 MiB
2026/08/03 11:47:33.208, 7, P0, 37, 243.05 W, 1965 MHz, 3996 MHz, 0 %, 0 MiB
2026/08/03 11:47:34.208, 0, P0, 41, 741.55 W, 1965 MHz, 3996 MHz, 88 %, 169797 MiB
2026/08/03 11:47:34.208, 1, P0, 37, 743.77 W, 1965 MHz, 3996 MHz, 8 %, 169797 MiB
2026/08/03 11:47:34.208, 2, P0, 36, 236.06 W, 1965 MHz, 3996 MHz, 0 %, 0 MiB
2026/08/03 11:47:34.208, 3, P0, 32, 238.32 W, 1965 MHz, 3996 MHz, 0 %, 0 MiB
2026/08/03 11:47:34.208, 4, P0, 33, 235.55 W, 1965 MHz, 3996 MHz, 0 %, 0 MiB
2026/08/03 11:47:34.208, 5, P0, 36, 244.20 W, 1965 MHz, 3996 MHz, 0 %, 0 MiB
2026/08/03 11:47:34.208, 6, P0, 33, 242.13 W, 1965 MHz, 3996 MHz, 0 %, 0 MiB
2026/08/03 11:47:34.208, 7, P0, 37, 243.07 W, 1965 MHz, 3996 MHz, 0 %, 0 MiB
2026/08/03 11:47:35.209, 0, P0, 38, 287.83 W, 1965 MHz, 3996 MHz, 88 %, 169797 MiB
2026/08/03 11:47:35.209, 1, P0, 35, 266.84 W, 1965 MHz, 3996 MHz, 8 %, 169797 MiB
2026/08/03 11:47:35.209, 2, P0, 36, 236.10 W, 1965 MHz, 3996 MHz, 0 %, 0 MiB
2026/08/03 11:47:35.209, 3, P0, 32, 238.48 W, 1965 MHz, 3996 MHz, 0 %, 0 MiB
2026/08/03 11:47:35.209, 4, P0, 33, 235.48 W, 1965 MHz, 3996 MHz, 0 %, 0 MiB
2026/08/03 11:47:35.209, 5, P0, 36, 244.31 W, 1965 MHz, 3996 MHz, 0 %, 0 MiB
2026/08/03 11:47:35.209, 6, P0, 33, 242.22 W, 1965 MHz, 3996 MHz, 0 %, 0 MiB
2026/08/03 11:47:35.209, 7, P0, 37, 243.24 W, 1965 MHz, 3996 MHz, 0 %, 0 MiB
2026/08/03 11:47:36.209, 0, P0, 47, 476.96 W, 1642 MHz, 3996 MHz, 100 %, 169797 MiB
2026/08/03 11:47:36.209, 1, P0, 46, 462.39 W, 1597 MHz, 3996 MHz, 100 %, 169797 MiB
2026/08/03 11:47:36.209, 2, P0, 36, 235.91 W, 1965 MHz, 3996 MHz, 0 %, 0 MiB
2026/08/03 11:47:36.209, 3, P0, 32, 238.42 W, 1965 MHz, 3996 MHz, 0 %, 0 MiB
2026/08/03 11:47:36.209, 4, P0, 33, 235.50 W, 1965 MHz, 3996 MHz, 0 %, 0 MiB
2026/08/03 11:47:36.209, 5, P0, 36, 244.26 W, 1965 MHz, 3996 MHz, 0 %, 0 MiB
2026/08/03 11:47:36.209, 6, P0, 33, 242.13 W, 1965 MHz, 3996 MHz, 0 %, 0 MiB
2026/08/03 11:47:36.209, 7, P0, 37, 243.18 W, 1965 MHz, 3996 MHz, 0 %, 0 MiB
2026/08/03 11:47:37.209, 0, P0, 40, 639.72 W, 1965 MHz, 3996 MHz, 83 %, 169797 MiB
2026/08/03 11:47:37.209, 1, P0, 36, 629.15 W, 1965 MHz, 3996 MHz, 9 %, 169797 MiB
2026/08/03 11:47:37.209, 2, P0, 36, 235.94 W, 1965 MHz, 3996 MHz, 0 %, 0 MiB
2026/08/03 11:47:37.209, 3, P0, 32, 238.45 W, 1965 MHz, 3996 MHz, 0 %, 0 MiB
2026/08/03 11:47:37.209, 4, P0, 33, 235.58 W, 1965 MHz, 3996 MHz, 0 %, 0 MiB
2026/08/03 11:47:37.209, 5, P0, 36, 244.22 W, 1965 MHz, 3996 MHz, 0 %, 0 MiB
2026/08/03 11:47:37.209, 6, P0, 33, 242.16 W, 1965 MHz, 3996 MHz, 0 %, 0 MiB
2026/08/03 11:47:37.209, 7, P0, 37, 243.08 W, 1965 MHz, 3996 MHz, 0 %, 0 MiB
2026/08/03 11:47:38.209, 0, P0, 38, 287.76 W, 1965 MHz, 3996 MHz, 91 %, 169797 MiB
2026/08/03 11:47:38.209, 1, P0, 35, 267.46 W, 1965 MHz, 3996 MHz, 9 %, 169797 MiB
2026/08/03 11:47:38.209, 2, P0, 36, 235.98 W, 1965 MHz, 3996 MHz, 0 %, 0 MiB
2026/08/03 11:47:38.209, 3, P0, 32, 238.46 W, 1965 MHz, 3996 MHz, 0 %, 0 MiB
2026/08/03 11:47:38.209, 4, P0, 33, 235.46 W, 1965 MHz, 3996 MHz, 0 %, 0 MiB
2026/08/03 11:47:38.210, 5, P0, 36, 244.26 W, 1965 MHz, 3996 MHz, 0 %, 0 MiB
2026/08/03 11:47:38.210, 6, P0, 33, 242.27 W, 1965 MHz, 3996 MHz, 0 %, 0 MiB
2026/08/03 11:47:38.210, 7, P0, 37, 243.16 W, 1965 MHz, 3996 MHz, 0 %, 0 MiB
2026/08/03 11:47:39.210, 0, P0, 50, 639.43 W, 1605 MHz, 3996 MHz, 100 %, 169797 MiB
2026/08/03 11:47:39.210, 1, P0, 46, 608.89 W, 1612 MHz, 3996 MHz, 100 %, 169797 MiB
2026/08/03 11:47:39.210, 2, P0, 36, 236.06 W, 1965 MHz, 3996 MHz, 0 %, 0 MiB
2026/08/03 11:47:39.210, 3, P0, 32, 238.51 W, 1965 MHz, 3996 MHz, 0 %, 0 MiB
2026/08/03 11:47:39.210, 4, P0, 33, 235.47 W, 1965 MHz, 3996 MHz, 0 %, 0 MiB
2026/08/03 11:47:39.210, 5, P0, 36, 244.26 W, 1965 MHz, 3996 MHz, 0 %, 0 MiB
2026/08/03 11:47:39.210, 6, P0, 33, 242.26 W, 1965 MHz, 3996 MHz, 0 %, 0 MiB
2026/08/03 11:47:39.210, 7, P0, 37, 243.12 W, 1965 MHz, 3996 MHz, 0 %, 0 MiB
2026/08/03 11:47:40.210, 0, P0, 40, 485.65 W, 1965 MHz, 3996 MHz, 82 %, 169797 MiB
2026/08/03 11:47:40.210, 1, P0, 36, 480.97 W, 1965 MHz, 3996 MHz, 8 %, 169797 MiB
2026/08/03 11:47:40.210, 2, P0, 36, 236.12 W, 1965 MHz, 3996 MHz, 0 %, 0 MiB
2026/08/03 11:47:40.210, 3, P0, 32, 238.45 W, 1965 MHz, 3996 MHz, 0 %, 0 MiB
2026/08/03 11:47:40.210, 4, P0, 33, 235.45 W, 1965 MHz, 3996 MHz, 0 %, 0 MiB
2026/08/03 11:47:40.210, 5, P0, 36, 244.23 W, 1965 MHz, 3996 MHz, 0 %, 0 MiB
2026/08/03 11:47:40.210, 6, P0, 33, 242.23 W, 1965 MHz, 3996 MHz, 0 %, 0 MiB
2026/08/03 11:47:40.210, 7, P0, 37, 243.03 W, 1965 MHz, 3996 MHz, 0 %, 0 MiB
2026/08/03 11:47:41.210, 0, P0, 38, 285.82 W, 1965 MHz, 3996 MHz, 86 %, 169797 MiB
2026/08/03 11:47:41.210, 1, P0, 35, 265.32 W, 1965 MHz, 3996 MHz, 8 %, 169797 MiB
2026/08/03 11:47:41.210, 2, P0, 36, 236.10 W, 1965 MHz, 3996 MHz, 0 %, 0 MiB
2026/08/03 11:47:41.210, 3, P0, 32, 238.44 W, 1965 MHz, 3996 MHz, 0 %, 0 MiB
2026/08/03 11:47:41.210, 4, P0, 33, 235.47 W, 1965 MHz, 3996 MHz, 0 %, 0 MiB
2026/08/03 11:47:41.210, 5, P0, 36, 244.34 W, 1965 MHz, 3996 MHz, 0 %, 0 MiB
2026/08/03 11:47:41.210, 6, P0, 33, 242.14 W, 1965 MHz, 3996 MHz, 0 %, 0 MiB
2026/08/03 11:47:41.210, 7, P0, 37, 243.16 W, 1965 MHz, 3996 MHz, 0 %, 0 MiB
2026/08/03 11:47:42.210, 0, P0, 38, 283.39 W, 1965 MHz, 3996 MHz, 78 %, 169797 MiB
2026/08/03 11:47:42.210, 1, P0, 35, 267.47 W, 1965 MHz, 3996 MHz, 8 %, 169797 MiB
2026/08/03 11:47:42.211, 2, P0, 36, 236.03 W, 1965 MHz, 3996 MHz, 0 %, 0 MiB
2026/08/03 11:47:42.211, 3, P0, 32, 238.44 W, 1965 MHz, 3996 MHz, 0 %, 0 MiB
2026/08/03 11:47:42.211, 4, P0, 33, 235.48 W, 1965 MHz, 3996 MHz, 0 %, 0 MiB
2026/08/03 11:47:42.211, 5, P0, 36, 244.30 W, 1965 MHz, 3996 MHz, 0 %, 0 MiB
2026/08/03 11:47:42.211, 6, P0, 33, 242.21 W, 1965 MHz, 3996 MHz, 0 %, 0 MiB
2026/08/03 11:47:42.211, 7, P0, 37, 243.09 W, 1965 MHz, 3996 MHz, 0 %, 0 MiB
2026/08/03 11:47:43.211, 0, P0, 38, 284.40 W, 1965 MHz, 3996 MHz, 87 %, 169797 MiB
2026/08/03 11:47:43.211, 1, P0, 35, 263.59 W, 1965 MHz, 3996 MHz, 8 %, 169797 MiB
2026/08/03 11:47:43.211, 2, P0, 36, 236.07 W, 1965 MHz, 3996 MHz, 0 %, 0 MiB
2026/08/03 11:47:43.211, 3, P0, 32, 238.38 W, 1965 MHz, 3996 MHz, 0 %, 0 MiB
2026/08/03 11:47:43.211, 4, P0, 33, 235.51 W, 1965 MHz, 3996 MHz, 0 %, 0 MiB
2026/08/03 11:47:43.211, 5, P0, 36, 244.33 W, 1965 MHz, 3996 MHz, 0 %, 0 MiB
2026/08/03 11:47:43.211, 6, P0, 33, 242.26 W, 1965 MHz, 3996 MHz, 0 %, 0 MiB
2026/08/03 11:47:43.211, 7, P0, 37, 243.10 W, 1965 MHz, 3996 MHz, 0 %, 0 MiB
2026/08/03 11:47:44.211, 0, P0, 38, 285.14 W, 1965 MHz, 3996 MHz, 88 %, 169797 MiB
2026/08/03 11:47:44.211, 1, P0, 35, 265.50 W, 1965 MHz, 3996 MHz, 8 %, 169797 MiB
2026/08/03 11:47:44.211, 2, P0, 36, 236.06 W, 1965 MHz, 3996 MHz, 0 %, 0 MiB
2026/08/03 11:47:44.211, 3, P0, 32, 238.45 W, 1965 MHz, 3996 MHz, 0 %, 0 MiB
2026/08/03 11:47:44.211, 4, P0, 33, 235.43 W, 1965 MHz, 3996 MHz, 0 %, 0 MiB
2026/08/03 11:47:44.211, 5, P0, 36, 244.33 W, 1965 MHz, 3996 MHz, 0 %, 0 MiB
2026/08/03 11:47:44.211, 6, P0, 33, 242.19 W, 1965 MHz, 3996 MHz, 0 %, 0 MiB
2026/08/03 11:47:44.211, 7, P0, 37, 243.12 W, 1965 MHz, 3996 MHz, 0 %, 0 MiB
2026/08/03 11:47:45.211, 0, P0, 38, 283.10 W, 1965 MHz, 3996 MHz, 86 %, 169797 MiB
2026/08/03 11:47:45.211, 1, P0, 34, 263.66 W, 1965 MHz, 3996 MHz, 8 %, 169797 MiB
2026/08/03 11:47:45.211, 2, P0, 36, 236.12 W, 1965 MHz, 3996 MHz, 0 %, 0 MiB
2026/08/03 11:47:45.211, 3, P0, 32, 238.45 W, 1965 MHz, 3996 MHz, 0 %, 0 MiB
2026/08/03 11:47:45.211, 4, P0, 33, 235.50 W, 1965 MHz, 3996 MHz, 0 %, 0 MiB
2026/08/03 11:47:45.211, 5, P0, 36, 244.28 W, 1965 MHz, 3996 MHz, 0 %, 0 MiB
2026/08/03 11:47:45.211, 6, P0, 33, 242.32 W, 1965 MHz, 3996 MHz, 0 %, 0 MiB
2026/08/03 11:47:45.211, 7, P0, 37, 243.10 W, 1965 MHz, 3996 MHz, 0 %, 0 MiB
2026/08/03 11:47:46.212, 0, P0, 38, 284.29 W, 1965 MHz, 3996 MHz, 83 %, 169797 MiB
2026/08/03 11:47:46.212, 1, P0, 34, 264.07 W, 1965 MHz, 3996 MHz, 8 %, 169797 MiB
2026/08/03 11:47:46.212, 2, P0, 36, 236.10 W, 1965 MHz, 3996 MHz, 0 %, 0 MiB
2026/08/03 11:47:46.212, 3, P0, 32, 238.53 W, 1965 MHz, 3996 MHz, 0 %, 0 MiB
2026/08/03 11:47:46.212, 4, P0, 33, 235.44 W, 1965 MHz, 3996 MHz, 0 %, 0 MiB
2026/08/03 11:47:46.212, 5, P0, 36, 244.24 W, 1965 MHz, 3996 MHz, 0 %, 0 MiB
2026/08/03 11:47:46.212, 6, P0, 33, 242.23 W, 1965 MHz, 3996 MHz, 0 %, 0 MiB
2026/08/03 11:47:46.212, 7, P0, 37, 243.18 W, 1965 MHz, 3996 MHz, 0 %, 0 MiB
2026/08/03 11:47:47.212, 0, P0, 38, 286.98 W, 1965 MHz, 3996 MHz, 79 %, 169797 MiB
2026/08/03 11:47:47.212, 1, P0, 34, 264.30 W, 1965 MHz, 3996 MHz, 8 %, 169797 MiB
2026/08/03 11:47:47.212, 2, P0, 36, 236.11 W, 1965 MHz, 3996 MHz, 0 %, 0 MiB
2026/08/03 11:47:47.212, 3, P0, 32, 238.54 W, 1965 MHz, 3996 MHz, 0 %, 0 MiB
2026/08/03 11:47:47.212, 4, P0, 33, 235.45 W, 1965 MHz, 3996 MHz, 0 %, 0 MiB
2026/08/03 11:47:47.212, 5, P0, 36, 244.38 W, 1965 MHz, 3996 MHz, 0 %, 0 MiB
2026/08/03 11:47:47.212, 6, P0, 33, 242.30 W, 1965 MHz, 3996 MHz, 0 %, 0 MiB
2026/08/03 11:47:47.212, 7, P0, 37, 243.16 W, 1965 MHz, 3996 MHz, 0 %, 0 MiB
2026/08/03 11:47:48.212, 0, P0, 46, 404.85 W, 1620 MHz, 3996 MHz, 100 %, 169797 MiB
2026/08/03 11:47:48.212, 1, P0, 43, 391.91 W, 1785 MHz, 3996 MHz, 8 %, 169797 MiB
2026/08/03 11:47:48.212, 2, P0, 36, 236.05 W, 1965 MHz, 3996 MHz, 0 %, 0 MiB
2026/08/03 11:47:48.212, 3, P0, 32, 238.38 W, 1965 MHz, 3996 MHz, 0 %, 0 MiB
2026/08/03 11:47:48.212, 4, P0, 33, 235.51 W, 1965 MHz, 3996 MHz, 0 %, 0 MiB
2026/08/03 11:47:48.212, 5, P0, 36, 244.39 W, 1965 MHz, 3996 MHz, 0 %, 0 MiB
2026/08/03 11:47:48.212, 6, P0, 33, 242.23 W, 1965 MHz, 3996 MHz, 0 %, 0 MiB
2026/08/03 11:47:48.212, 7, P0, 37, 243.11 W, 1965 MHz, 3996 MHz, 0 %, 0 MiB
2026/08/03 11:47:49.212, 0, P0, 41, 720.79 W, 1965 MHz, 3996 MHz, 88 %, 169797 MiB
2026/08/03 11:47:49.212, 1, P0, 37, 707.07 W, 1965 MHz, 3996 MHz, 8 %, 169797 MiB
2026/08/03 11:47:49.212, 2, P0, 36, 236.13 W, 1965 MHz, 3996 MHz, 0 %, 0 MiB
2026/08/03 11:47:49.213, 3, P0, 32, 238.40 W, 1965 MHz, 3996 MHz, 0 %, 0 MiB
2026/08/03 11:47:49.213, 4, P0, 33, 235.59 W, 1965 MHz, 3996 MHz, 0 %, 0 MiB
2026/08/03 11:47:49.213, 5, P0, 36, 244.21 W, 1965 MHz, 3996 MHz, 0 %, 0 MiB
2026/08/03 11:47:49.213, 6, P0, 33, 242.20 W, 1965 MHz, 3996 MHz, 0 %, 0 MiB
2026/08/03 11:47:49.213, 7, P0, 37, 243.07 W, 1965 MHz, 3996 MHz, 0 %, 0 MiB
2026/08/03 11:47:50.213, 0, P0, 38, 286.15 W, 1965 MHz, 3996 MHz, 89 %, 169797 MiB
2026/08/03 11:47:50.213, 1, P0, 35, 264.22 W, 1965 MHz, 3996 MHz, 8 %, 169797 MiB
2026/08/03 11:47:50.213, 2, P0, 36, 236.11 W, 1965 MHz, 3996 MHz, 0 %, 0 MiB
2026/08/03 11:47:50.213, 3, P0, 32, 238.48 W, 1965 MHz, 3996 MHz, 0 %, 0 MiB
2026/08/03 11:47:50.213, 4, P0, 33, 235.46 W, 1965 MHz, 3996 MHz, 0 %, 0 MiB
2026/08/03 11:47:50.213, 5, P0, 36, 244.33 W, 1965 MHz, 3996 MHz, 0 %, 0 MiB
2026/08/03 11:47:50.213, 6, P0, 33, 242.19 W, 1965 MHz, 3996 MHz, 0 %, 0 MiB
2026/08/03 11:47:50.213, 7, P0, 37, 243.21 W, 1965 MHz, 3996 MHz, 0 %, 0 MiB
2026/08/03 11:47:51.213, 0, P0, 48, 554.01 W, 1657 MHz, 3996 MHz, 100 %, 169797 MiB
2026/08/03 11:47:51.213, 1, P0, 46, 543.63 W, 1597 MHz, 3996 MHz, 100 %, 169797 MiB
2026/08/03 11:47:51.213, 2, P0, 36, 236.11 W, 1965 MHz, 3996 MHz, 0 %, 0 MiB
2026/08/03 11:47:51.213, 3, P0, 32, 238.46 W, 1965 MHz, 3996 MHz, 0 %, 0 MiB
2026/08/03 11:47:51.213, 4, P0, 33, 235.55 W, 1965 MHz, 3996 MHz, 0 %, 0 MiB
2026/08/03 11:47:51.213, 5, P0, 36, 244.29 W, 1965 MHz, 3996 MHz, 0 %, 0 MiB
2026/08/03 11:47:51.213, 6, P0, 33, 242.28 W, 1965 MHz, 3996 MHz, 0 %, 0 MiB
2026/08/03 11:47:51.213, 7, P0, 37, 243.08 W, 1965 MHz, 3996 MHz, 0 %, 0 MiB
2026/08/03 11:47:52.213, 0, P0, 40, 567.52 W, 1965 MHz, 3996 MHz, 88 %, 169797 MiB
2026/08/03 11:47:52.213, 1, P0, 36, 551.13 W, 1965 MHz, 3996 MHz, 8 %, 169797 MiB
2026/08/03 11:47:52.213, 2, P0, 36, 236.16 W, 1965 MHz, 3996 MHz, 0 %, 0 MiB
2026/08/03 11:47:52.213, 3, P0, 32, 238.52 W, 1965 MHz, 3996 MHz, 0 %, 0 MiB
2026/08/03 11:47:52.213, 4, P0, 33, 235.51 W, 1965 MHz, 3996 MHz, 0 %, 0 MiB
2026/08/03 11:47:52.213, 5, P0, 36, 244.23 W, 1965 MHz, 3996 MHz, 0 %, 0 MiB
2026/08/03 11:47:52.213, 6, P0, 33, 242.16 W, 1965 MHz, 3996 MHz, 0 %, 0 MiB
2026/08/03 11:47:52.213, 7, P0, 37, 243.07 W, 1965 MHz, 3996 MHz, 0 %, 0 MiB
2026/08/03 11:47:53.213, 0, P0, 38, 287.18 W, 1965 MHz, 3996 MHz, 81 %, 169797 MiB
2026/08/03 11:47:53.213, 1, P0, 35, 265.21 W, 1965 MHz, 3996 MHz, 8 %, 169797 MiB
2026/08/03 11:47:53.213, 2, P0, 36, 236.16 W, 1965 MHz, 3996 MHz, 0 %, 0 MiB
2026/08/03 11:47:53.214, 3, P0, 32, 238.48 W, 1965 MHz, 3996 MHz, 0 %, 0 MiB
2026/08/03 11:47:53.214, 4, P0, 33, 235.43 W, 1965 MHz, 3996 MHz, 0 %, 0 MiB
2026/08/03 11:47:53.214, 5, P0, 36, 244.27 W, 1965 MHz, 3996 MHz, 0 %, 0 MiB
2026/08/03 11:47:53.214, 6, P0, 33, 242.27 W, 1965 MHz, 3996 MHz, 0 %, 0 MiB
2026/08/03 11:47:53.214, 7, P0, 37, 243.19 W, 1965 MHz, 3996 MHz, 0 %, 0 MiB
2026/08/03 11:47:54.214, 0, P0, 38, 285.53 W, 1965 MHz, 3996 MHz, 78 %, 169797 MiB
2026/08/03 11:47:54.214, 1, P0, 35, 264.19 W, 1965 MHz, 3996 MHz, 8 %, 169797 MiB
2026/08/03 11:47:54.214, 2, P0, 36, 236.14 W, 1965 MHz, 3996 MHz, 0 %, 0 MiB
2026/08/03 11:47:54.214, 3, P0, 32, 238.56 W, 1965 MHz, 3996 MHz, 0 %, 0 MiB
2026/08/03 11:47:54.214, 4, P0, 33, 235.41 W, 1965 MHz, 3996 MHz, 0 %, 0 MiB
2026/08/03 11:47:54.214, 5, P0, 36, 244.26 W, 1965 MHz, 3996 MHz, 0 %, 0 MiB
2026/08/03 11:47:54.214, 6, P0, 33, 242.23 W, 1965 MHz, 3996 MHz, 0 %, 0 MiB
2026/08/03 11:47:54.214, 7, P0, 37, 243.20 W, 1965 MHz, 3996 MHz, 0 %, 0 MiB
2026/08/03 11:47:55.214, 0, P0, 38, 283.91 W, 1965 MHz, 3996 MHz, 77 %, 169797 MiB
2026/08/03 11:47:55.214, 1, P0, 35, 265.13 W, 1965 MHz, 3996 MHz, 8 %, 169797 MiB
2026/08/03 11:47:55.214, 2, P0, 36, 236.16 W, 1965 MHz, 3996 MHz, 0 %, 0 MiB
2026/08/03 11:47:55.214, 3, P0, 32, 238.58 W, 1965 MHz, 3996 MHz, 0 %, 0 MiB
2026/08/03 11:47:55.214, 4, P0, 33, 235.46 W, 1965 MHz, 3996 MHz, 0 %, 0 MiB
2026/08/03 11:47:55.214, 5, P0, 36, 244.26 W, 1965 MHz, 3996 MHz, 0 %, 0 MiB
2026/08/03 11:47:55.214, 6, P0, 33, 242.28 W, 1965 MHz, 3996 MHz, 0 %, 0 MiB
2026/08/03 11:47:55.214, 7, P0, 37, 243.12 W, 1965 MHz, 3996 MHz, 0 %, 0 MiB
2026/08/03 11:47:56.214, 0, P0, 38, 287.44 W, 1965 MHz, 3996 MHz, 87 %, 169797 MiB
2026/08/03 11:47:56.214, 1, P0, 35, 266.06 W, 1965 MHz, 3996 MHz, 8 %, 169797 MiB
2026/08/03 11:47:56.214, 2, P0, 36, 236.19 W, 1965 MHz, 3996 MHz, 0 %, 0 MiB
2026/08/03 11:47:56.214, 3, P0, 32, 238.58 W, 1965 MHz, 3996 MHz, 0 %, 0 MiB
2026/08/03 11:47:56.214, 4, P0, 33, 235.48 W, 1965 MHz, 3996 MHz, 0 %, 0 MiB
2026/08/03 11:47:56.214, 5, P0, 36, 244.24 W, 1965 MHz, 3996 MHz, 0 %, 0 MiB
2026/08/03 11:47:56.214, 6, P0, 33, 242.29 W, 1965 MHz, 3996 MHz, 0 %, 0 MiB
2026/08/03 11:47:56.214, 7, P0, 37, 243.23 W, 1965 MHz, 3996 MHz, 0 %, 0 MiB
2026/08/03 11:47:57.215, 0, P0, 38, 284.27 W, 1965 MHz, 3996 MHz, 88 %, 169797 MiB
2026/08/03 11:47:57.215, 1, P0, 34, 265.00 W, 1965 MHz, 3996 MHz, 8 %, 169797 MiB
2026/08/03 11:47:57.215, 2, P0, 36, 236.14 W, 1965 MHz, 3996 MHz, 0 %, 0 MiB
2026/08/03 11:47:57.215, 3, P0, 32, 238.46 W, 1965 MHz, 3996 MHz, 0 %, 0 MiB
2026/08/03 11:47:57.215, 4, P0, 33, 235.55 W, 1965 MHz, 3996 MHz, 0 %, 0 MiB
2026/08/03 11:47:57.215, 5, P0, 36, 244.32 W, 1965 MHz, 3996 MHz, 0 %, 0 MiB
2026/08/03 11:47:57.215, 6, P0, 33, 242.35 W, 1965 MHz, 3996 MHz, 0 %, 0 MiB
2026/08/03 11:47:57.215, 7, P0, 37, 243.23 W, 1965 MHz, 3996 MHz, 0 %, 0 MiB
2026/08/03 11:47:58.215, 0, P0, 38, 283.94 W, 1965 MHz, 3996 MHz, 91 %, 169797 MiB
2026/08/03 11:47:58.215, 1, P0, 34, 264.58 W, 1965 MHz, 3996 MHz, 8 %, 169797 MiB
2026/08/03 11:47:58.215, 2, P0, 36, 236.16 W, 1965 MHz, 3996 MHz, 0 %, 0 MiB
2026/08/03 11:47:58.215, 3, P0, 32, 238.40 W, 1965 MHz, 3996 MHz, 0 %, 0 MiB
2026/08/03 11:47:58.215, 4, P0, 33, 235.46 W, 1965 MHz, 3996 MHz, 0 %, 0 MiB
2026/08/03 11:47:58.215, 5, P0, 36, 244.28 W, 1965 MHz, 3996 MHz, 0 %, 0 MiB
2026/08/03 11:47:58.215, 6, P0, 33, 242.31 W, 1965 MHz, 3996 MHz, 0 %, 0 MiB
2026/08/03 11:47:58.215, 7, P0, 37, 243.19 W, 1965 MHz, 3996 MHz, 0 %, 0 MiB
2026/08/03 11:47:59.215, 0, P0, 38, 284.61 W, 1965 MHz, 3996 MHz, 89 %, 169797 MiB
2026/08/03 11:47:59.215, 1, P0, 34, 264.58 W, 1965 MHz, 3996 MHz, 8 %, 169797 MiB
2026/08/03 11:47:59.215, 2, P0, 36, 236.16 W, 1965 MHz, 3996 MHz, 0 %, 0 MiB
2026/08/03 11:47:59.215, 3, P0, 32, 238.36 W, 1965 MHz, 3996 MHz, 0 %, 0 MiB
2026/08/03 11:47:59.215, 4, P0, 33, 235.39 W, 1965 MHz, 3996 MHz, 0 %, 0 MiB
2026/08/03 11:47:59.215, 5, P0, 36, 244.26 W, 1965 MHz, 3996 MHz, 0 %, 0 MiB
2026/08/03 11:47:59.215, 6, P0, 33, 242.28 W, 1965 MHz, 3996 MHz, 0 %, 0 MiB
2026/08/03 11:47:59.215, 7, P0, 37, 243.26 W, 1965 MHz, 3996 MHz, 0 %, 0 MiB
2026/08/03 11:48:00.215, 0, P0, 38, 283.00 W, 1965 MHz, 3996 MHz, 78 %, 169797 MiB
2026/08/03 11:48:00.215, 1, P0, 34, 264.58 W, 1965 MHz, 3996 MHz, 8 %, 169797 MiB
2026/08/03 11:48:00.215, 2, P0, 36, 236.23 W, 1965 MHz, 3996 MHz, 0 %, 0 MiB
2026/08/03 11:48:00.215, 3, P0, 32, 238.50 W, 1965 MHz, 3996 MHz, 0 %, 0 MiB
2026/08/03 11:48:00.216, 4, P0, 33, 235.40 W, 1965 MHz, 3996 MHz, 0 %, 0 MiB
2026/08/03 11:48:00.216, 5, P0, 36, 244.29 W, 1965 MHz, 3996 MHz, 0 %, 0 MiB
2026/08/03 11:48:00.216, 6, P0, 33, 242.29 W, 1965 MHz, 3996 MHz, 0 %, 0 MiB
2026/08/03 11:48:00.216, 7, P0, 37, 243.21 W, 1965 MHz, 3996 MHz, 0 %, 0 MiB
2026/08/03 11:48:01.216, 0, P0, 37, 284.63 W, 1965 MHz, 3996 MHz, 79 %, 169797 MiB
2026/08/03 11:48:01.216, 1, P0, 34, 265.96 W, 1965 MHz, 3996 MHz, 8 %, 169797 MiB
2026/08/03 11:48:01.216, 2, P0, 36, 236.16 W, 1965 MHz, 3996 MHz, 0 %, 0 MiB
2026/08/03 11:48:01.216, 3, P0, 32, 238.50 W, 1965 MHz, 3996 MHz, 0 %, 0 MiB
2026/08/03 11:48:01.216, 4, P0, 33, 235.37 W, 1965 MHz, 3996 MHz, 0 %, 0 MiB
2026/08/03 11:48:01.216, 5, P0, 36, 244.26 W, 1965 MHz, 3996 MHz, 0 %, 0 MiB
2026/08/03 11:48:01.216, 6, P0, 33, 242.26 W, 1965 MHz, 3996 MHz, 0 %, 0 MiB
2026/08/03 11:48:01.216, 7, P0, 37, 243.03 W, 1965 MHz, 3996 MHz, 0 %, 0 MiB
2026/08/03 11:48:02.216, 0, P0, 37, 286.08 W, 1965 MHz, 3996 MHz, 84 %, 169797 MiB
2026/08/03 11:48:02.216, 1, P0, 34, 264.06 W, 1965 MHz, 3996 MHz, 8 %, 169797 MiB
2026/08/03 11:48:02.216, 2, P0, 36, 236.12 W, 1965 MHz, 3996 MHz, 0 %, 0 MiB
2026/08/03 11:48:02.216, 3, P0, 32, 238.40 W, 1965 MHz, 3996 MHz, 0 %, 0 MiB
2026/08/03 11:48:02.216, 4, P0, 33, 235.45 W, 1965 MHz, 3996 MHz, 0 %, 0 MiB
2026/08/03 11:48:02.216, 5, P0, 36, 244.26 W, 1965 MHz, 3996 MHz, 0 %, 0 MiB
2026/08/03 11:48:02.216, 6, P0, 33, 242.29 W, 1965 MHz, 3996 MHz, 0 %, 0 MiB
2026/08/03 11:48:02.216, 7, P0, 37, 243.16 W, 1965 MHz, 3996 MHz, 0 %, 0 MiB
2026/08/03 11:48:03.216, 0, P0, 37, 282.84 W, 1965 MHz, 3996 MHz, 92 %, 169797 MiB
2026/08/03 11:48:03.216, 1, P0, 34, 264.11 W, 1965 MHz, 3996 MHz, 8 %, 169797 MiB
2026/08/03 11:48:03.216, 2, P0, 36, 236.20 W, 1965 MHz, 3996 MHz, 0 %, 0 MiB
2026/08/03 11:48:03.216, 3, P0, 32, 238.44 W, 1965 MHz, 3996 MHz, 0 %, 0 MiB
2026/08/03 11:48:03.216, 4, P0, 33, 235.48 W, 1965 MHz, 3996 MHz, 0 %, 0 MiB
2026/08/03 11:48:03.216, 5, P0, 36, 244.24 W, 1965 MHz, 3996 MHz, 0 %, 0 MiB
2026/08/03 11:48:03.216, 6, P0, 33, 242.18 W, 1965 MHz, 3996 MHz, 0 %, 0 MiB
2026/08/03 11:48:03.216, 7, P0, 37, 243.15 W, 1965 MHz, 3996 MHz, 0 %, 0 MiB
2026/08/03 11:48:04.216, 0, P0, 37, 285.74 W, 1965 MHz, 3996 MHz, 85 %, 169797 MiB
2026/08/03 11:48:04.217, 1, P0, 34, 264.87 W, 1965 MHz, 3996 MHz, 8 %, 169797 MiB
2026/08/03 11:48:04.217, 2, P0, 36, 236.24 W, 1965 MHz, 3996 MHz, 0 %, 0 MiB
2026/08/03 11:48:04.217, 3, P0, 32, 238.47 W, 1965 MHz, 3996 MHz, 0 %, 0 MiB
2026/08/03 11:48:04.217, 4, P0, 33, 235.41 W, 1965 MHz, 3996 MHz, 0 %, 0 MiB
2026/08/03 11:48:04.217, 5, P0, 36, 244.27 W, 1965 MHz, 3996 MHz, 0 %, 0 MiB
2026/08/03 11:48:04.217, 6, P0, 33, 242.31 W, 1965 MHz, 3996 MHz, 0 %, 0 MiB
2026/08/03 11:48:04.217, 7, P0, 37, 243.18 W, 1965 MHz, 3996 MHz, 0 %, 0 MiB
2026/08/03 11:48:05.217, 0, P0, 37, 284.90 W, 1965 MHz, 3996 MHz, 85 %, 169797 MiB
2026/08/03 11:48:05.217, 1, P0, 34, 262.22 W, 1965 MHz, 3996 MHz, 8 %, 169797 MiB
2026/08/03 11:48:05.217, 2, P0, 36, 236.19 W, 1965 MHz, 3996 MHz, 0 %, 0 MiB
2026/08/03 11:48:05.217, 3, P0, 32, 238.59 W, 1965 MHz, 3996 MHz, 0 %, 0 MiB
2026/08/03 11:48:05.217, 4, P0, 33, 235.40 W, 1965 MHz, 3996 MHz, 0 %, 0 MiB
2026/08/03 11:48:05.217, 5, P0, 36, 244.28 W, 1965 MHz, 3996 MHz, 0 %, 0 MiB
2026/08/03 11:48:05.217, 6, P0, 33, 242.24 W, 1965 MHz, 3996 MHz, 0 %, 0 MiB
2026/08/03 11:48:05.217, 7, P0, 37, 243.21 W, 1965 MHz, 3996 MHz, 0 %, 0 MiB
2026/08/03 11:48:06.217, 0, P0, 37, 286.33 W, 1965 MHz, 3996 MHz, 79 %, 169797 MiB
2026/08/03 11:48:06.217, 1, P0, 34, 264.03 W, 1965 MHz, 3996 MHz, 8 %, 169797 MiB
2026/08/03 11:48:06.217, 2, P0, 36, 236.15 W, 1965 MHz, 3996 MHz, 0 %, 0 MiB
2026/08/03 11:48:06.217, 3, P0, 32, 238.49 W, 1965 MHz, 3996 MHz, 0 %, 0 MiB
2026/08/03 11:48:06.217, 4, P0, 33, 235.41 W, 1965 MHz, 3996 MHz, 0 %, 0 MiB
2026/08/03 11:48:06.217, 5, P0, 36, 244.30 W, 1965 MHz, 3996 MHz, 0 %, 0 MiB
2026/08/03 11:48:06.217, 6, P0, 33, 242.28 W, 1965 MHz, 3996 MHz, 0 %, 0 MiB
2026/08/03 11:48:06.217, 7, P0, 37, 243.18 W, 1965 MHz, 3996 MHz, 0 %, 0 MiB
2026/08/03 11:48:07.217, 0, P0, 37, 285.27 W, 1965 MHz, 3996 MHz, 85 %, 169797 MiB
2026/08/03 11:48:07.217, 1, P0, 34, 263.46 W, 1965 MHz, 3996 MHz, 8 %, 169797 MiB
2026/08/03 11:48:07.217, 2, P0, 36, 236.15 W, 1965 MHz, 3996 MHz, 0 %, 0 MiB
2026/08/03 11:48:07.217, 3, P0, 32, 238.57 W, 1965 MHz, 3996 MHz, 0 %, 0 MiB
2026/08/03 11:48:07.217, 4, P0, 33, 235.40 W, 1965 MHz, 3996 MHz, 0 %, 0 MiB
2026/08/03 11:48:07.217, 5, P0, 36, 244.39 W, 1965 MHz, 3996 MHz, 0 %, 0 MiB
2026/08/03 11:48:07.217, 6, P0, 33, 242.21 W, 1965 MHz, 3996 MHz, 0 %, 0 MiB
2026/08/03 11:48:07.218, 7, P0, 37, 243.13 W, 1965 MHz, 3996 MHz, 0 %, 0 MiB
2026/08/03 11:48:08.218, 0, P0, 37, 284.69 W, 1965 MHz, 3996 MHz, 83 %, 169797 MiB
2026/08/03 11:48:08.218, 1, P0, 34, 264.46 W, 1965 MHz, 3996 MHz, 8 %, 169797 MiB
2026/08/03 11:48:08.218, 2, P0, 36, 236.21 W, 1965 MHz, 3996 MHz, 0 %, 0 MiB
2026/08/03 11:48:08.218, 3, P0, 32, 238.53 W, 1965 MHz, 3996 MHz, 0 %, 0 MiB
2026/08/03 11:48:08.218, 4, P0, 33, 235.38 W, 1965 MHz, 3996 MHz, 0 %, 0 MiB
2026/08/03 11:48:08.218, 5, P0, 36, 244.36 W, 1965 MHz, 3996 MHz, 0 %, 0 MiB
2026/08/03 11:48:08.218, 6, P0, 33, 242.28 W, 1965 MHz, 3996 MHz, 0 %, 0 MiB
2026/08/03 11:48:08.218, 7, P0, 37, 243.17 W, 1965 MHz, 3996 MHz, 0 %, 0 MiB
2026/08/03 11:48:09.218, 0, P0, 37, 285.76 W, 1965 MHz, 3996 MHz, 89 %, 169797 MiB
2026/08/03 11:48:09.218, 1, P0, 34, 264.34 W, 1965 MHz, 3996 MHz, 8 %, 169797 MiB
2026/08/03 11:48:09.218, 2, P0, 36, 236.19 W, 1965 MHz, 3996 MHz, 0 %, 0 MiB
2026/08/03 11:48:09.218, 3, P0, 32, 238.51 W, 1965 MHz, 3996 MHz, 0 %, 0 MiB
2026/08/03 11:48:09.218, 4, P0, 33, 235.49 W, 1965 MHz, 3996 MHz, 0 %, 0 MiB
2026/08/03 11:48:09.218, 5, P0, 36, 244.26 W, 1965 MHz, 3996 MHz, 0 %, 0 MiB
2026/08/03 11:48:09.218, 6, P0, 33, 242.28 W, 1965 MHz, 3996 MHz, 0 %, 0 MiB
2026/08/03 11:48:09.218, 7, P0, 37, 243.12 W, 1965 MHz, 3996 MHz, 0 %, 0 MiB
2026/08/03 11:48:10.218, 0, P0, 37, 276.44 W, 1965 MHz, 3996 MHz, 100 %, 169797 MiB
2026/08/03 11:48:10.218, 1, P0, 34, 255.29 W, 1965 MHz, 3996 MHz, 0 %, 169797 MiB
2026/08/03 11:48:10.218, 2, P0, 36, 236.14 W, 1965 MHz, 3996 MHz, 0 %, 0 MiB
2026/08/03 11:48:10.218, 3, P0, 32, 238.57 W, 1965 MHz, 3996 MHz, 0 %, 0 MiB
2026/08/03 11:48:10.218, 4, P0, 33, 235.39 W, 1965 MHz, 3996 MHz, 0 %, 0 MiB
2026/08/03 11:48:10.218, 5, P0, 36, 244.24 W, 1965 MHz, 3996 MHz, 0 %, 0 MiB
2026/08/03 11:48:10.218, 6, P0, 33, 242.26 W, 1965 MHz, 3996 MHz, 0 %, 0 MiB
2026/08/03 11:48:10.218, 7, P0, 37, 243.22 W, 1965 MHz, 3996 MHz, 0 %, 0 MiB
2026/08/03 11:48:11.219, 0, P0, 37, 265.35 W, 1965 MHz, 3996 MHz, 100 %, 169797 MiB
2026/08/03 11:48:11.219, 1, P0, 34, 241.14 W, 1965 MHz, 3996 MHz, 0 %, 169797 MiB
2026/08/03 11:48:11.219, 2, P0, 36, 236.16 W, 1965 MHz, 3996 MHz, 0 %, 0 MiB
2026/08/03 11:48:11.219, 3, P0, 32, 238.53 W, 1965 MHz, 3996 MHz, 0 %, 0 MiB
2026/08/03 11:48:11.219, 4, P0, 33, 235.46 W, 1965 MHz, 3996 MHz, 0 %, 0 MiB
2026/08/03 11:48:11.219, 5, P0, 36, 244.32 W, 1965 MHz, 3996 MHz, 0 %, 0 MiB
2026/08/03 11:48:11.219, 6, P0, 33, 242.28 W, 1965 MHz, 3996 MHz, 0 %, 0 MiB
2026/08/03 11:48:11.219, 7, P0, 37, 243.25 W, 1965 MHz, 3996 MHz, 0 %, 0 MiB
2026/08/03 11:48:12.219, 0, P0, 37, 265.27 W, 1965 MHz, 3996 MHz, 100 %, 169797 MiB
2026/08/03 11:48:12.219, 1, P0, 34, 241.12 W, 1965 MHz, 3996 MHz, 0 %, 169797 MiB
2026/08/03 11:48:12.219, 2, P0, 36, 236.11 W, 1965 MHz, 3996 MHz, 0 %, 0 MiB
2026/08/03 11:48:12.219, 3, P0, 32, 238.41 W, 1965 MHz, 3996 MHz, 0 %, 0 MiB
2026/08/03 11:48:12.219, 4, P0, 33, 235.43 W, 1965 MHz, 3996 MHz, 0 %, 0 MiB
2026/08/03 11:48:12.219, 5, P0, 36, 244.32 W, 1965 MHz, 3996 MHz, 0 %, 0 MiB
2026/08/03 11:48:12.219, 6, P0, 33, 242.29 W, 1965 MHz, 3996 MHz, 0 %, 0 MiB
2026/08/03 11:48:12.219, 7, P0, 37, 243.14 W, 1965 MHz, 3996 MHz, 0 %, 0 MiB
2026/08/03 11:48:13.219, 0, P0, 37, 269.68 W, 1965 MHz, 3996 MHz, 86 %, 169797 MiB
2026/08/03 11:48:13.219, 1, P0, 34, 249.69 W, 1965 MHz, 3996 MHz, 11 %, 169797 MiB
2026/08/03 11:48:13.219, 2, P0, 36, 236.11 W, 1965 MHz, 3996 MHz, 0 %, 0 MiB
2026/08/03 11:48:13.219, 3, P0, 32, 238.50 W, 1965 MHz, 3996 MHz, 0 %, 0 MiB
2026/08/03 11:48:13.219, 4, P0, 33, 235.42 W, 1965 MHz, 3996 MHz, 0 %, 0 MiB
2026/08/03 11:48:13.219, 5, P0, 36, 244.30 W, 1965 MHz, 3996 MHz, 0 %, 0 MiB
2026/08/03 11:48:13.219, 6, P0, 33, 242.30 W, 1965 MHz, 3996 MHz, 0 %, 0 MiB
2026/08/03 11:48:13.219, 7, P0, 37, 243.12 W, 1965 MHz, 3996 MHz, 0 %, 0 MiB
2026/08/03 11:48:14.219, 0, P0, 37, 285.75 W, 1965 MHz, 3996 MHz, 85 %, 169797 MiB
2026/08/03 11:48:14.219, 1, P0, 34, 264.78 W, 1965 MHz, 3996 MHz, 8 %, 169797 MiB
2026/08/03 11:48:14.219, 2, P0, 36, 236.11 W, 1965 MHz, 3996 MHz, 0 %, 0 MiB
2026/08/03 11:48:14.219, 3, P0, 32, 238.52 W, 1965 MHz, 3996 MHz, 0 %, 0 MiB
2026/08/03 11:48:14.220, 4, P0, 33, 235.41 W, 1965 MHz, 3996 MHz, 0 %, 0 MiB
2026/08/03 11:48:14.220, 5, P0, 36, 244.28 W, 1965 MHz, 3996 MHz, 0 %, 0 MiB
2026/08/03 11:48:14.220, 6, P0, 33, 242.28 W, 1965 MHz, 3996 MHz, 0 %, 0 MiB
2026/08/03 11:48:14.220, 7, P0, 37, 243.21 W, 1965 MHz, 3996 MHz, 0 %, 0 MiB
2026/08/03 11:48:15.220, 0, P0, 37, 266.06 W, 1965 MHz, 3996 MHz, 0 %, 169797 MiB
2026/08/03 11:48:15.220, 1, P0, 34, 262.72 W, 1965 MHz, 3996 MHz, 100 %, 169797 MiB
2026/08/03 11:48:15.220, 2, P0, 36, 236.14 W, 1965 MHz, 3996 MHz, 0 %, 0 MiB
2026/08/03 11:48:15.220, 3, P0, 32, 238.40 W, 1965 MHz, 3996 MHz, 0 %, 0 MiB
2026/08/03 11:48:15.220, 4, P0, 33, 235.50 W, 1965 MHz, 3996 MHz, 0 %, 0 MiB
2026/08/03 11:48:15.220, 5, P0, 36, 244.26 W, 1965 MHz, 3996 MHz, 0 %, 0 MiB
2026/08/03 11:48:15.220, 6, P0, 33, 242.32 W, 1965 MHz, 3996 MHz, 0 %, 0 MiB
2026/08/03 11:48:15.220, 7, P0, 37, 243.17 W, 1965 MHz, 3996 MHz, 0 %, 0 MiB
2026/08/03 11:48:16.220, 0, P0, 36, 244.22 W, 1965 MHz, 3996 MHz, 0 %, 169797 MiB
2026/08/03 11:48:16.220, 1, P0, 34, 262.20 W, 1965 MHz, 3996 MHz, 100 %, 169797 MiB
2026/08/03 11:48:16.220, 2, P0, 36, 236.10 W, 1965 MHz, 3996 MHz, 0 %, 0 MiB
2026/08/03 11:48:16.220, 3, P0, 32, 238.50 W, 1965 MHz, 3996 MHz, 0 %, 0 MiB
2026/08/03 11:48:16.220, 4, P0, 33, 235.39 W, 1965 MHz, 3996 MHz, 0 %, 0 MiB
2026/08/03 11:48:16.220, 5, P0, 36, 244.31 W, 1965 MHz, 3996 MHz, 0 %, 0 MiB
2026/08/03 11:48:16.220, 6, P0, 33, 242.29 W, 1965 MHz, 3996 MHz, 0 %, 0 MiB
2026/08/03 11:48:16.220, 7, P0, 37, 243.11 W, 1965 MHz, 3996 MHz, 0 %, 0 MiB
2026/08/03 11:48:17.220, 0, P0, 36, 244.13 W, 1965 MHz, 3996 MHz, 0 %, 169797 MiB
2026/08/03 11:48:17.220, 1, P0, 34, 262.17 W, 1965 MHz, 3996 MHz, 100 %, 169797 MiB
2026/08/03 11:48:17.220, 2, P0, 36, 236.09 W, 1965 MHz, 3996 MHz, 0 %, 0 MiB
2026/08/03 11:48:17.220, 3, P0, 32, 238.48 W, 1965 MHz, 3996 MHz, 0 %, 0 MiB
2026/08/03 11:48:17.220, 4, P0, 33, 235.40 W, 1965 MHz, 3996 MHz, 0 %, 0 MiB
2026/08/03 11:48:17.220, 5, P0, 36, 244.33 W, 1965 MHz, 3996 MHz, 0 %, 0 MiB
2026/08/03 11:48:17.220, 6, P0, 33, 242.27 W, 1965 MHz, 3996 MHz, 0 %, 0 MiB
2026/08/03 11:48:17.221, 7, P0, 37, 243.08 W, 1965 MHz, 3996 MHz, 0 %, 0 MiB
2026/08/03 11:48:18.221, 0, P0, 37, 257.66 W, 1965 MHz, 3996 MHz, 72 %, 169797 MiB
2026/08/03 11:48:18.221, 1, P0, 34, 264.17 W, 1965 MHz, 3996 MHz, 8 %, 169797 MiB
2026/08/03 11:48:18.221, 2, P0, 36, 236.12 W, 1965 MHz, 3996 MHz, 0 %, 0 MiB
2026/08/03 11:48:18.221, 3, P0, 32, 238.45 W, 1965 MHz, 3996 MHz, 0 %, 0 MiB
2026/08/03 11:48:18.221, 4, P0, 33, 235.40 W, 1965 MHz, 3996 MHz, 0 %, 0 MiB
2026/08/03 11:48:18.221, 5, P0, 36, 244.32 W, 1965 MHz, 3996 MHz, 0 %, 0 MiB
2026/08/03 11:48:18.221, 6, P0, 33, 242.10 W, 1965 MHz, 3996 MHz, 0 %, 0 MiB
2026/08/03 11:48:18.221, 7, P0, 37, 243.01 W, 1965 MHz, 3996 MHz, 0 %, 0 MiB
2026/08/03 11:48:19.221, 0, P0, 37, 284.86 W, 1965 MHz, 3996 MHz, 77 %, 169797 MiB
2026/08/03 11:48:19.221, 1, P0, 34, 264.75 W, 1965 MHz, 3996 MHz, 8 %, 169797 MiB
2026/08/03 11:48:19.221, 2, P0, 36, 236.15 W, 1965 MHz, 3996 MHz, 0 %, 0 MiB
2026/08/03 11:48:19.221, 3, P0, 32, 238.33 W, 1965 MHz, 3996 MHz, 0 %, 0 MiB
2026/08/03 11:48:19.221, 4, P0, 33, 235.39 W, 1965 MHz, 3996 MHz, 0 %, 0 MiB
2026/08/03 11:48:19.221, 5, P0, 36, 244.26 W, 1965 MHz, 3996 MHz, 0 %, 0 MiB
2026/08/03 11:48:19.221, 6, P0, 33, 242.27 W, 1965 MHz, 3996 MHz, 0 %, 0 MiB
2026/08/03 11:48:19.221, 7, P0, 37, 243.00 W, 1965 MHz, 3996 MHz, 0 %, 0 MiB
2026/08/03 11:48:20.221, 0, P0, 37, 284.63 W, 1965 MHz, 3996 MHz, 86 %, 169797 MiB
2026/08/03 11:48:20.221, 1, P0, 34, 264.62 W, 1965 MHz, 3996 MHz, 8 %, 169797 MiB
2026/08/03 11:48:20.221, 2, P0, 36, 236.19 W, 1965 MHz, 3996 MHz, 0 %, 0 MiB
2026/08/03 11:48:20.221, 3, P0, 32, 238.48 W, 1965 MHz, 3996 MHz, 0 %, 0 MiB
2026/08/03 11:48:20.221, 4, P0, 33, 235.36 W, 1965 MHz, 3996 MHz, 0 %, 0 MiB
2026/08/03 11:48:20.221, 5, P0, 36, 244.25 W, 1965 MHz, 3996 MHz, 0 %, 0 MiB
2026/08/03 11:48:20.221, 6, P0, 33, 242.14 W, 1965 MHz, 3996 MHz, 0 %, 0 MiB
2026/08/03 11:48:20.221, 7, P0, 37, 243.10 W, 1965 MHz, 3996 MHz, 0 %, 0 MiB
2026/08/03 11:48:21.221, 0, P0, 37, 284.12 W, 1965 MHz, 3996 MHz, 85 %, 169797 MiB
2026/08/03 11:48:21.221, 1, P0, 34, 263.91 W, 1965 MHz, 3996 MHz, 8 %, 169797 MiB
2026/08/03 11:48:21.221, 2, P0, 36, 236.15 W, 1965 MHz, 3996 MHz, 0 %, 0 MiB
2026/08/03 11:48:21.222, 3, P0, 32, 238.60 W, 1965 MHz, 3996 MHz, 0 %, 0 MiB
2026/08/03 11:48:21.222, 4, P0, 33, 235.43 W, 1965 MHz, 3996 MHz, 0 %, 0 MiB
2026/08/03 11:48:21.222, 5, P0, 36, 244.37 W, 1965 MHz, 3996 MHz, 0 %, 0 MiB
2026/08/03 11:48:21.222, 6, P0, 33, 242.24 W, 1965 MHz, 3996 MHz, 0 %, 0 MiB
2026/08/03 11:48:21.222, 7, P0, 37, 243.10 W, 1965 MHz, 3996 MHz, 0 %, 0 MiB
2026/08/03 11:48:22.222, 0, P0, 37, 283.50 W, 1965 MHz, 3996 MHz, 92 %, 169797 MiB
2026/08/03 11:48:22.222, 1, P0, 34, 264.80 W, 1965 MHz, 3996 MHz, 8 %, 169797 MiB
2026/08/03 11:48:22.222, 2, P0, 36, 236.14 W, 1965 MHz, 3996 MHz, 0 %, 0 MiB
2026/08/03 11:48:22.222, 3, P0, 32, 238.50 W, 1965 MHz, 3996 MHz, 0 %, 0 MiB
2026/08/03 11:48:22.222, 4, P0, 33, 235.46 W, 1965 MHz, 3996 MHz, 0 %, 0 MiB
2026/08/03 11:48:22.222, 5, P0, 36, 244.27 W, 1965 MHz, 3996 MHz, 0 %, 0 MiB
2026/08/03 11:48:22.222, 6, P0, 33, 242.24 W, 1965 MHz, 3996 MHz, 0 %, 0 MiB
2026/08/03 11:48:22.222, 7, P0, 37, 243.16 W, 1965 MHz, 3996 MHz, 0 %, 0 MiB
2026/08/03 11:48:23.222, 0, P0, 37, 284.33 W, 1965 MHz, 3996 MHz, 80 %, 169797 MiB
2026/08/03 11:48:23.222, 1, P0, 34, 263.76 W, 1965 MHz, 3996 MHz, 10 %, 169797 MiB
2026/08/03 11:48:23.222, 2, P0, 36, 236.17 W, 1965 MHz, 3996 MHz, 0 %, 0 MiB
2026/08/03 11:48:23.222, 3, P0, 32, 238.51 W, 1965 MHz, 3996 MHz, 0 %, 0 MiB
2026/08/03 11:48:23.222, 4, P0, 33, 235.48 W, 1965 MHz, 3996 MHz, 0 %, 0 MiB
2026/08/03 11:48:23.222, 5, P0, 36, 244.33 W, 1965 MHz, 3996 MHz, 0 %, 0 MiB
2026/08/03 11:48:23.222, 6, P0, 33, 242.27 W, 1965 MHz, 3996 MHz, 0 %, 0 MiB
2026/08/03 11:48:23.222, 7, P0, 37, 243.14 W, 1965 MHz, 3996 MHz, 0 %, 0 MiB
2026/08/03 11:48:24.222, 0, P0, 37, 283.28 W, 1965 MHz, 3996 MHz, 80 %, 169797 MiB
2026/08/03 11:48:24.222, 1, P0, 34, 264.64 W, 1965 MHz, 3996 MHz, 8 %, 169797 MiB
2026/08/03 11:48:24.222, 2, P0, 36, 236.09 W, 1965 MHz, 3996 MHz, 0 %, 0 MiB
2026/08/03 11:48:24.222, 3, P0, 32, 238.41 W, 1965 MHz, 3996 MHz, 0 %, 0 MiB
2026/08/03 11:48:24.222, 4, P0, 33, 235.35 W, 1965 MHz, 3996 MHz, 0 %, 0 MiB
2026/08/03 11:48:24.222, 5, P0, 36, 244.26 W, 1965 MHz, 3996 MHz, 0 %, 0 MiB
2026/08/03 11:48:24.222, 6, P0, 33, 242.21 W, 1965 MHz, 3996 MHz, 0 %, 0 MiB
2026/08/03 11:48:24.222, 7, P0, 37, 243.12 W, 1965 MHz, 3996 MHz, 0 %, 0 MiB
2026/08/03 11:48:25.222, 0, P0, 37, 283.25 W, 1965 MHz, 3996 MHz, 87 %, 169797 MiB
2026/08/03 11:48:25.223, 1, P0, 34, 266.35 W, 1965 MHz, 3996 MHz, 8 %, 169797 MiB
2026/08/03 11:48:25.223, 2, P0, 36, 236.06 W, 1965 MHz, 3996 MHz, 0 %, 0 MiB
2026/08/03 11:48:25.223, 3, P0, 32, 238.58 W, 1965 MHz, 3996 MHz, 0 %, 0 MiB
2026/08/03 11:48:25.223, 4, P0, 33, 235.50 W, 1965 MHz, 3996 MHz, 0 %, 0 MiB
2026/08/03 11:48:25.223, 5, P0, 36, 244.34 W, 1965 MHz, 3996 MHz, 0 %, 0 MiB
2026/08/03 11:48:25.223, 6, P0, 33, 242.23 W, 1965 MHz, 3996 MHz, 0 %, 0 MiB
2026/08/03 11:48:25.223, 7, P0, 37, 243.06 W, 1965 MHz, 3996 MHz, 0 %, 0 MiB
2026/08/03 11:48:26.223, 0, P0, 37, 283.96 W, 1965 MHz, 3996 MHz, 86 %, 169797 MiB
2026/08/03 11:48:26.223, 1, P0, 34, 264.53 W, 1965 MHz, 3996 MHz, 8 %, 169797 MiB
2026/08/03 11:48:26.223, 2, P0, 36, 236.16 W, 1965 MHz, 3996 MHz, 0 %, 0 MiB
2026/08/03 11:48:26.223, 3, P0, 32, 238.35 W, 1965 MHz, 3996 MHz, 0 %, 0 MiB
2026/08/03 11:48:26.223, 4, P0, 33, 235.35 W, 1965 MHz, 3996 MHz, 0 %, 0 MiB
2026/08/03 11:48:26.223, 5, P0, 36, 244.33 W, 1965 MHz, 3996 MHz, 0 %, 0 MiB
2026/08/03 11:48:26.223, 6, P0, 33, 242.26 W, 1965 MHz, 3996 MHz, 0 %, 0 MiB
2026/08/03 11:48:26.223, 7, P0, 37, 243.14 W, 1965 MHz, 3996 MHz, 0 %, 0 MiB
2026/08/03 11:48:27.223, 0, P0, 37, 285.36 W, 1965 MHz, 3996 MHz, 78 %, 169797 MiB
2026/08/03 11:48:27.223, 1, P0, 34, 266.27 W, 1965 MHz, 3996 MHz, 21 %, 169797 MiB
2026/08/03 11:48:27.223, 2, P0, 36, 236.12 W, 1965 MHz, 3996 MHz, 0 %, 0 MiB
2026/08/03 11:48:27.223, 3, P0, 32, 238.47 W, 1965 MHz, 3996 MHz, 0 %, 0 MiB
2026/08/03 11:48:27.223, 4, P0, 33, 235.40 W, 1965 MHz, 3996 MHz, 0 %, 0 MiB
2026/08/03 11:48:27.223, 5, P0, 36, 244.32 W, 1965 MHz, 3996 MHz, 0 %, 0 MiB
2026/08/03 11:48:27.223, 6, P0, 33, 242.20 W, 1965 MHz, 3996 MHz, 0 %, 0 MiB
2026/08/03 11:48:27.223, 7, P0, 37, 243.14 W, 1965 MHz, 3996 MHz, 0 %, 0 MiB
2026/08/03 11:48:28.223, 0, P0, 37, 283.21 W, 1965 MHz, 3996 MHz, 81 %, 169797 MiB
2026/08/03 11:48:28.223, 1, P0, 34, 266.37 W, 1965 MHz, 3996 MHz, 8 %, 169797 MiB
2026/08/03 11:48:28.223, 2, P0, 36, 236.10 W, 1965 MHz, 3996 MHz, 0 %, 0 MiB
2026/08/03 11:48:28.223, 3, P0, 32, 238.48 W, 1965 MHz, 3996 MHz, 0 %, 0 MiB
2026/08/03 11:48:28.223, 4, P0, 33, 235.50 W, 1965 MHz, 3996 MHz, 0 %, 0 MiB
2026/08/03 11:48:28.223, 5, P0, 36, 244.29 W, 1965 MHz, 3996 MHz, 0 %, 0 MiB
2026/08/03 11:48:28.223, 6, P0, 33, 242.23 W, 1965 MHz, 3996 MHz, 0 %, 0 MiB
2026/08/03 11:48:28.223, 7, P0, 37, 243.12 W, 1965 MHz, 3996 MHz, 0 %, 0 MiB
2026/08/03 11:48:29.224, 0, P0, 37, 283.73 W, 1965 MHz, 3996 MHz, 83 %, 169797 MiB
2026/08/03 11:48:29.224, 1, P0, 34, 265.05 W, 1965 MHz, 3996 MHz, 8 %, 169797 MiB
2026/08/03 11:48:29.224, 2, P0, 36, 236.09 W, 1965 MHz, 3996 MHz, 0 %, 0 MiB
2026/08/03 11:48:29.224, 3, P0, 32, 238.58 W, 1965 MHz, 3996 MHz, 0 %, 0 MiB
2026/08/03 11:48:29.224, 4, P0, 33, 235.41 W, 1965 MHz, 3996 MHz, 0 %, 0 MiB
2026/08/03 11:48:29.224, 5, P0, 36, 244.30 W, 1965 MHz, 3996 MHz, 0 %, 0 MiB
2026/08/03 11:48:29.224, 6, P0, 33, 242.16 W, 1965 MHz, 3996 MHz, 0 %, 0 MiB
2026/08/03 11:48:29.224, 7, P0, 37, 243.07 W, 1965 MHz, 3996 MHz, 0 %, 0 MiB
2026/08/03 11:48:30.224, 0, P0, 37, 283.12 W, 1965 MHz, 3996 MHz, 92 %, 169797 MiB
2026/08/03 11:48:30.224, 1, P0, 34, 262.83 W, 1965 MHz, 3996 MHz, 8 %, 169797 MiB
2026/08/03 11:48:30.224, 2, P0, 36, 236.11 W, 1965 MHz, 3996 MHz, 0 %, 0 MiB
2026/08/03 11:48:30.224, 3, P0, 32, 238.61 W, 1965 MHz, 3996 MHz, 0 %, 0 MiB
2026/08/03 11:48:30.224, 4, P0, 33, 235.38 W, 1965 MHz, 3996 MHz, 0 %, 0 MiB
2026/08/03 11:48:30.224, 5, P0, 36, 244.17 W, 1965 MHz, 3996 MHz, 0 %, 0 MiB
2026/08/03 11:48:30.224, 6, P0, 33, 242.27 W, 1965 MHz, 3996 MHz, 0 %, 0 MiB
2026/08/03 11:48:30.224, 7, P0, 37, 243.17 W, 1965 MHz, 3996 MHz, 0 %, 0 MiB
2026/08/03 11:48:31.224, 0, P0, 37, 283.97 W, 1965 MHz, 3996 MHz, 73 %, 169797 MiB
2026/08/03 11:48:31.224, 1, P0, 34, 264.26 W, 1965 MHz, 3996 MHz, 8 %, 169797 MiB
2026/08/03 11:48:31.224, 2, P0, 36, 236.15 W, 1965 MHz, 3996 MHz, 0 %, 0 MiB
2026/08/03 11:48:31.224, 3, P0, 32, 238.55 W, 1965 MHz, 3996 MHz, 0 %, 0 MiB
2026/08/03 11:48:31.224, 4, P0, 33, 235.46 W, 1965 MHz, 3996 MHz, 0 %, 0 MiB
2026/08/03 11:48:31.224, 5, P0, 36, 244.27 W, 1965 MHz, 3996 MHz, 0 %, 0 MiB
2026/08/03 11:48:31.224, 6, P0, 33, 242.23 W, 1965 MHz, 3996 MHz, 0 %, 0 MiB
2026/08/03 11:48:31.224, 7, P0, 37, 243.10 W, 1965 MHz, 3996 MHz, 0 %, 0 MiB
2026/08/03 11:48:32.224, 0, P0, 37, 285.48 W, 1965 MHz, 3996 MHz, 81 %, 169797 MiB
2026/08/03 11:48:32.224, 1, P0, 34, 266.94 W, 1965 MHz, 3996 MHz, 8 %, 169797 MiB
2026/08/03 11:48:32.224, 2, P0, 36, 236.10 W, 1965 MHz, 3996 MHz, 0 %, 0 MiB
2026/08/03 11:48:32.224, 3, P0, 32, 238.49 W, 1965 MHz, 3996 MHz, 0 %, 0 MiB
2026/08/03 11:48:32.224, 4, P0, 33, 235.31 W, 1965 MHz, 3996 MHz, 0 %, 0 MiB
2026/08/03 11:48:32.224, 5, P0, 36, 244.18 W, 1965 MHz, 3996 MHz, 0 %, 0 MiB
2026/08/03 11:48:32.224, 6, P0, 33, 242.26 W, 1965 MHz, 3996 MHz, 0 %, 0 MiB
2026/08/03 11:48:32.225, 7, P0, 37, 243.03 W, 1965 MHz, 3996 MHz, 0 %, 0 MiB
2026/08/03 11:48:33.225, 0, P0, 36, 247.04 W, 1965 MHz, 3996 MHz, 0 %, 168517 MiB
2026/08/03 11:48:33.225, 1, P0, 33, 243.01 W, 1965 MHz, 3996 MHz, 0 %, 168517 MiB
2026/08/03 11:48:33.225, 2, P0, 36, 236.06 W, 1965 MHz, 3996 MHz, 0 %, 0 MiB
2026/08/03 11:48:33.225, 3, P0, 32, 238.56 W, 1965 MHz, 3996 MHz, 0 %, 0 MiB
2026/08/03 11:48:33.225, 4, P0, 33, 235.38 W, 1965 MHz, 3996 MHz, 0 %, 0 MiB
2026/08/03 11:48:33.225, 5, P0, 36, 244.22 W, 1965 MHz, 3996 MHz, 0 %, 0 MiB
2026/08/03 11:48:33.225, 6, P0, 33, 242.14 W, 1965 MHz, 3996 MHz, 0 %, 0 MiB
2026/08/03 11:48:33.225, 7, P0, 37, 243.17 W, 1965 MHz, 3996 MHz, 0 %, 0 MiB
2026/08/03 11:48:34.225, 0, P0, 36, 243.93 W, 1965 MHz, 3996 MHz, 0 %, 168517 MiB
2026/08/03 11:48:34.225, 1, P0, 33, 240.74 W, 1965 MHz, 3996 MHz, 0 %, 168517 MiB
2026/08/03 11:48:34.225, 2, P0, 36, 236.08 W, 1965 MHz, 3996 MHz, 0 %, 0 MiB
2026/08/03 11:48:34.225, 3, P0, 32, 238.58 W, 1965 MHz, 3996 MHz, 0 %, 0 MiB
2026/08/03 11:48:34.225, 4, P0, 33, 235.39 W, 1965 MHz, 3996 MHz, 0 %, 0 MiB
2026/08/03 11:48:34.225, 5, P0, 36, 244.20 W, 1965 MHz, 3996 MHz, 0 %, 0 MiB
2026/08/03 11:48:34.225, 6, P0, 33, 242.20 W, 1965 MHz, 3996 MHz, 0 %, 0 MiB
2026/08/03 11:48:34.225, 7, P0, 37, 243.13 W, 1965 MHz, 3996 MHz, 0 %, 0 MiB
2026/08/03 11:48:35.225, 0, P0, 36, 243.82 W, 1965 MHz, 3996 MHz, 0 %, 168517 MiB
2026/08/03 11:48:35.225, 1, P0, 33, 240.71 W, 1965 MHz, 3996 MHz, 0 %, 168517 MiB
2026/08/03 11:48:35.225, 2, P0, 36, 236.09 W, 1965 MHz, 3996 MHz, 0 %, 0 MiB
2026/08/03 11:48:35.225, 3, P0, 32, 238.58 W, 1965 MHz, 3996 MHz, 0 %, 0 MiB
2026/08/03 11:48:35.225, 4, P0, 33, 235.35 W, 1965 MHz, 3996 MHz, 0 %, 0 MiB
2026/08/03 11:48:35.225, 5, P0, 36, 244.30 W, 1965 MHz, 3996 MHz, 0 %, 0 MiB
2026/08/03 11:48:35.225, 6, P0, 33, 242.26 W, 1965 MHz, 3996 MHz, 0 %, 0 MiB
2026/08/03 11:48:35.225, 7, P0, 37, 243.15 W, 1965 MHz, 3996 MHz, 0 %, 0 MiB
2026/08/03 11:48:36.226, 0, P0, 36, 243.69 W, 1965 MHz, 3996 MHz, 0 %, 168479 MiB
2026/08/03 11:48:36.226, 1, P0, 33, 240.65 W, 1965 MHz, 3996 MHz, 0 %, 168479 MiB
2026/08/03 11:48:36.226, 2, P0, 36, 236.09 W, 1965 MHz, 3996 MHz, 0 %, 0 MiB
2026/08/03 11:48:36.226, 3, P0, 32, 238.53 W, 1965 MHz, 3996 MHz, 0 %, 0 MiB
2026/08/03 11:48:36.226, 4, P0, 33, 235.35 W, 1965 MHz, 3996 MHz, 0 %, 0 MiB
2026/08/03 11:48:36.226, 5, P0, 36, 244.20 W, 1965 MHz, 3996 MHz, 0 %, 0 MiB
2026/08/03 11:48:36.226, 6, P0, 33, 242.29 W, 1965 MHz, 3996 MHz, 0 %, 0 MiB
2026/08/03 11:48:36.226, 7, P0, 37, 243.20 W, 1965 MHz, 3996 MHz, 0 %, 0 MiB
2026/08/03 11:48:37.226, 0, P0, 36, 243.82 W, 1965 MHz, 3996 MHz, 0 %, 168479 MiB
2026/08/03 11:48:37.226, 1, P0, 33, 240.56 W, 1965 MHz, 3996 MHz, 0 %, 168479 MiB
2026/08/03 11:48:37.226, 2, P0, 36, 236.06 W, 1965 MHz, 3996 MHz, 0 %, 0 MiB
2026/08/03 11:48:37.226, 3, P0, 32, 238.54 W, 1965 MHz, 3996 MHz, 0 %, 0 MiB
2026/08/03 11:48:37.226, 4, P0, 33, 235.35 W, 1965 MHz, 3996 MHz, 0 %, 0 MiB
2026/08/03 11:48:37.226, 5, P0, 36, 244.14 W, 1965 MHz, 3996 MHz, 0 %, 0 MiB
2026/08/03 11:48:37.226, 6, P0, 33, 242.23 W, 1965 MHz, 3996 MHz, 0 %, 0 MiB
2026/08/03 11:48:37.226, 7, P0, 37, 243.14 W, 1965 MHz, 3996 MHz, 0 %, 0 MiB
2026/08/03 11:48:38.226, 0, P0, 36, 243.70 W, 1965 MHz, 3996 MHz, 0 %, 168479 MiB
2026/08/03 11:48:38.226, 1, P0, 33, 240.60 W, 1965 MHz, 3996 MHz, 0 %, 168479 MiB
2026/08/03 11:48:38.226, 2, P0, 36, 236.05 W, 1965 MHz, 3996 MHz, 0 %, 0 MiB
2026/08/03 11:48:38.226, 3, P0, 32, 238.53 W, 1965 MHz, 3996 MHz, 0 %, 0 MiB
2026/08/03 11:48:38.226, 4, P0, 33, 235.33 W, 1965 MHz, 3996 MHz, 0 %, 0 MiB
2026/08/03 11:48:38.226, 5, P0, 36, 244.21 W, 1965 MHz, 3996 MHz, 0 %, 0 MiB
2026/08/03 11:48:38.226, 6, P0, 33, 242.29 W, 1965 MHz, 3996 MHz, 0 %, 0 MiB
2026/08/03 11:48:38.226, 7, P0, 37, 243.18 W, 1965 MHz, 3996 MHz, 0 %, 0 MiB
2026/08/03 11:48:39.226, 0, P0, 36, 243.61 W, 1965 MHz, 3996 MHz, 0 %, 168479 MiB
2026/08/03 11:48:39.227, 1, P0, 33, 240.57 W, 1965 MHz, 3996 MHz, 0 %, 168479 MiB
2026/08/03 11:48:39.227, 2, P0, 36, 236.06 W, 1965 MHz, 3996 MHz, 0 %, 0 MiB
2026/08/03 11:48:39.227, 3, P0, 32, 238.49 W, 1965 MHz, 3996 MHz, 0 %, 0 MiB
2026/08/03 11:48:39.227, 4, P0, 33, 235.32 W, 1965 MHz, 3996 MHz, 0 %, 0 MiB
2026/08/03 11:48:39.227, 5, P0, 36, 244.22 W, 1965 MHz, 3996 MHz, 0 %, 0 MiB
2026/08/03 11:48:39.227, 6, P0, 33, 242.26 W, 1965 MHz, 3996 MHz, 0 %, 0 MiB
2026/08/03 11:48:39.227, 7, P0, 37, 243.22 W, 1965 MHz, 3996 MHz, 0 %, 0 MiB
2026/08/03 11:48:40.227, 0, P0, 36, 243.62 W, 1965 MHz, 3996 MHz, 0 %, 168479 MiB
2026/08/03 11:48:40.227, 1, P0, 33, 240.51 W, 1965 MHz, 3996 MHz, 0 %, 168479 MiB
2026/08/03 11:48:40.227, 2, P0, 36, 236.06 W, 1965 MHz, 3996 MHz, 0 %, 0 MiB
2026/08/03 11:48:40.227, 3, P0, 32, 238.51 W, 1965 MHz, 3996 MHz, 0 %, 0 MiB
2026/08/03 11:48:40.227, 4, P0, 33, 235.31 W, 1965 MHz, 3996 MHz, 0 %, 0 MiB
2026/08/03 11:48:40.227, 5, P0, 36, 244.26 W, 1965 MHz, 3996 MHz, 0 %, 0 MiB
2026/08/03 11:48:40.227, 6, P0, 33, 242.19 W, 1965 MHz, 3996 MHz, 0 %, 0 MiB
2026/08/03 11:48:40.227, 7, P0, 37, 243.15 W, 1965 MHz, 3996 MHz, 0 %, 0 MiB
2026/08/03 11:48:41.227, 0, P0, 36, 243.62 W, 1965 MHz, 3996 MHz, 0 %, 168479 MiB
2026/08/03 11:48:41.227, 1, P0, 33, 240.50 W, 1965 MHz, 3996 MHz, 0 %, 168479 MiB
2026/08/03 11:48:41.227, 2, P0, 36, 235.99 W, 1965 MHz, 3996 MHz, 0 %, 0 MiB
2026/08/03 11:48:41.227, 3, P0, 32, 238.54 W, 1965 MHz, 3996 MHz, 0 %, 0 MiB
2026/08/03 11:48:41.227, 4, P0, 33, 235.35 W, 1965 MHz, 3996 MHz, 0 %, 0 MiB
2026/08/03 11:48:41.227, 5, P0, 36, 244.27 W, 1965 MHz, 3996 MHz, 0 %, 0 MiB
2026/08/03 11:48:41.227, 6, P0, 33, 242.27 W, 1965 MHz, 3996 MHz, 0 %, 0 MiB
2026/08/03 11:48:41.227, 7, P0, 37, 243.11 W, 1965 MHz, 3996 MHz, 0 %, 0 MiB
2026/08/03 11:48:42.228, 0, P0, 36, 243.59 W, 1965 MHz, 3996 MHz, 0 %, 168479 MiB
2026/08/03 11:48:42.228, 1, P0, 33, 240.48 W, 1965 MHz, 3996 MHz, 0 %, 168479 MiB
2026/08/03 11:48:42.228, 2, P0, 36, 236.03 W, 1965 MHz, 3996 MHz, 0 %, 0 MiB
2026/08/03 11:48:42.228, 3, P0, 32, 238.55 W, 1965 MHz, 3996 MHz, 0 %, 0 MiB
2026/08/03 11:48:42.228, 4, P0, 33, 235.42 W, 1965 MHz, 3996 MHz, 0 %, 0 MiB
2026/08/03 11:48:42.228, 5, P0, 36, 244.28 W, 1965 MHz, 3996 MHz, 0 %, 0 MiB
2026/08/03 11:48:42.228, 6, P0, 33, 242.24 W, 1965 MHz, 3996 MHz, 0 %, 0 MiB
2026/08/03 11:48:42.228, 7, P0, 37, 243.12 W, 1965 MHz, 3996 MHz, 0 %, 0 MiB
2026/08/03 11:48:43.228, 0, P0, 36, 243.57 W, 1965 MHz, 3996 MHz, 0 %, 168479 MiB
2026/08/03 11:48:43.228, 1, P0, 33, 240.50 W, 1965 MHz, 3996 MHz, 0 %, 168479 MiB
2026/08/03 11:48:43.228, 2, P0, 36, 236.07 W, 1965 MHz, 3996 MHz, 0 %, 0 MiB
2026/08/03 11:48:43.228, 3, P0, 32, 238.52 W, 1965 MHz, 3996 MHz, 0 %, 0 MiB
2026/08/03 11:48:43.228, 4, P0, 33, 235.36 W, 1965 MHz, 3996 MHz, 0 %, 0 MiB
2026/08/03 11:48:43.228, 5, P0, 36, 244.26 W, 1965 MHz, 3996 MHz, 0 %, 0 MiB
2026/08/03 11:48:43.228, 6, P0, 33, 242.24 W, 1965 MHz, 3996 MHz, 0 %, 0 MiB
2026/08/03 11:48:43.228, 7, P0, 37, 243.16 W, 1965 MHz, 3996 MHz, 0 %, 0 MiB
2026/08/03 11:48:44.228, 0, P0, 36, 243.54 W, 1965 MHz, 3996 MHz, 0 %, 168479 MiB
2026/08/03 11:48:44.228, 1, P0, 33, 240.49 W, 1965 MHz, 3996 MHz, 0 %, 168479 MiB
2026/08/03 11:48:44.228, 2, P0, 36, 236.02 W, 1965 MHz, 3996 MHz, 0 %, 0 MiB
2026/08/03 11:48:44.228, 3, P0, 32, 238.55 W, 1965 MHz, 3996 MHz, 0 %, 0 MiB
2026/08/03 11:48:44.228, 4, P0, 33, 235.40 W, 1965 MHz, 3996 MHz, 0 %, 0 MiB
2026/08/03 11:48:44.228, 5, P0, 36, 244.24 W, 1965 MHz, 3996 MHz, 0 %, 0 MiB
2026/08/03 11:48:44.228, 6, P0, 33, 242.17 W, 1965 MHz, 3996 MHz, 0 %, 0 MiB
2026/08/03 11:48:44.228, 7, P0, 37, 243.05 W, 1965 MHz, 3996 MHz, 0 %, 0 MiB
2026/08/03 11:48:45.229, 0, P0, 36, 243.50 W, 1965 MHz, 3996 MHz, 0 %, 168479 MiB
2026/08/03 11:48:45.229, 1, P0, 33, 240.49 W, 1965 MHz, 3996 MHz, 0 %, 168479 MiB
2026/08/03 11:48:45.229, 2, P0, 36, 236.06 W, 1965 MHz, 3996 MHz, 0 %, 0 MiB
2026/08/03 11:48:45.229, 3, P0, 32, 238.54 W, 1965 MHz, 3996 MHz, 0 %, 0 MiB
2026/08/03 11:48:45.229, 4, P0, 33, 235.38 W, 1965 MHz, 3996 MHz, 0 %, 0 MiB
2026/08/03 11:48:45.229, 5, P0, 36, 244.26 W, 1965 MHz, 3996 MHz, 0 %, 0 MiB
2026/08/03 11:48:45.229, 6, P0, 33, 242.22 W, 1965 MHz, 3996 MHz, 0 %, 0 MiB
2026/08/03 11:48:45.229, 7, P0, 37, 243.06 W, 1965 MHz, 3996 MHz, 0 %, 0 MiB
2026/08/03 11:48:46.229, 0, P0, 36, 243.39 W, 1965 MHz, 3996 MHz, 0 %, 168479 MiB
2026/08/03 11:48:46.229, 1, P0, 33, 240.47 W, 1965 MHz, 3996 MHz, 0 %, 168479 MiB
2026/08/03 11:48:46.229, 2, P0, 36, 236.05 W, 1965 MHz, 3996 MHz, 0 %, 0 MiB
2026/08/03 11:48:46.229, 3, P0, 32, 238.53 W, 1965 MHz, 3996 MHz, 0 %, 0 MiB
2026/08/03 11:48:46.229, 4, P0, 33, 235.38 W, 1965 MHz, 3996 MHz, 0 %, 0 MiB
2026/08/03 11:48:46.229, 5, P0, 36, 244.26 W, 1965 MHz, 3996 MHz, 0 %, 0 MiB
2026/08/03 11:48:46.229, 6, P0, 33, 242.26 W, 1965 MHz, 3996 MHz, 0 %, 0 MiB
2026/08/03 11:48:46.229, 7, P0, 37, 243.12 W, 1965 MHz, 3996 MHz, 0 %, 0 MiB
2026/08/03 11:48:47.229, 0, P0, 36, 243.44 W, 1965 MHz, 3996 MHz, 0 %, 168479 MiB
2026/08/03 11:48:47.229, 1, P0, 33, 240.49 W, 1965 MHz, 3996 MHz, 0 %, 168479 MiB
2026/08/03 11:48:47.229, 2, P0, 36, 236.06 W, 1965 MHz, 3996 MHz, 0 %, 0 MiB
2026/08/03 11:48:47.229, 3, P0, 32, 238.55 W, 1965 MHz, 3996 MHz, 0 %, 0 MiB
2026/08/03 11:48:47.229, 4, P0, 33, 235.43 W, 1965 MHz, 3996 MHz, 0 %, 0 MiB
2026/08/03 11:48:47.229, 5, P0, 36, 244.34 W, 1965 MHz, 3996 MHz, 0 %, 0 MiB
2026/08/03 11:48:47.230, 6, P0, 33, 242.27 W, 1965 MHz, 3996 MHz, 0 %, 0 MiB
2026/08/03 11:48:47.230, 7, P0, 37, 243.13 W, 1965 MHz, 3996 MHz, 0 %, 0 MiB
2026/08/03 11:48:48.230, 0, P0, 36, 243.42 W, 1965 MHz, 3996 MHz, 0 %, 168479 MiB
2026/08/03 11:48:48.230, 1, P0, 33, 240.46 W, 1965 MHz, 3996 MHz, 0 %, 168479 MiB
2026/08/03 11:48:48.230, 2, P0, 36, 235.99 W, 1965 MHz, 3996 MHz, 0 %, 0 MiB
2026/08/03 11:48:48.230, 3, P0, 32, 238.47 W, 1965 MHz, 3996 MHz, 0 %, 0 MiB
2026/08/03 11:48:48.230, 4, P0, 33, 235.42 W, 1965 MHz, 3996 MHz, 0 %, 0 MiB
2026/08/03 11:48:48.230, 5, P0, 36, 244.26 W, 1965 MHz, 3996 MHz, 0 %, 0 MiB
2026/08/03 11:48:48.230, 6, P0, 33, 242.25 W, 1965 MHz, 3996 MHz, 0 %, 0 MiB
2026/08/03 11:48:48.230, 7, P0, 37, 243.12 W, 1965 MHz, 3996 MHz, 0 %, 0 MiB
2026/08/03 11:48:49.230, 0, P0, 36, 243.40 W, 1965 MHz, 3996 MHz, 0 %, 168479 MiB
2026/08/03 11:48:49.230, 1, P0, 33, 240.56 W, 1965 MHz, 3996 MHz, 0 %, 168479 MiB
2026/08/03 11:48:49.230, 2, P0, 36, 236.09 W, 1965 MHz, 3996 MHz, 0 %, 0 MiB
2026/08/03 11:48:49.230, 3, P0, 32, 238.48 W, 1965 MHz, 3996 MHz, 0 %, 0 MiB
2026/08/03 11:48:49.230, 4, P0, 33, 235.42 W, 1965 MHz, 3996 MHz, 0 %, 0 MiB
2026/08/03 11:48:49.230, 5, P0, 36, 244.36 W, 1965 MHz, 3996 MHz, 0 %, 0 MiB
2026/08/03 11:48:49.230, 6, P0, 33, 242.20 W, 1965 MHz, 3996 MHz, 0 %, 0 MiB
2026/08/03 11:48:49.230, 7, P0, 37, 243.07 W, 1965 MHz, 3996 MHz, 0 %, 0 MiB
2026/08/03 11:48:50.230, 0, P0, 36, 251.75 W, 1965 MHz, 3996 MHz, 46 %, 4 MiB
2026/08/03 11:48:50.230, 1, P0, 33, 248.35 W, 1965 MHz, 3996 MHz, 0 %, 4 MiB
2026/08/03 11:48:50.230, 2, P0, 36, 236.07 W, 1965 MHz, 3996 MHz, 0 %, 0 MiB
2026/08/03 11:48:50.230, 3, P0, 32, 238.56 W, 1965 MHz, 3996 MHz, 0 %, 0 MiB
2026/08/03 11:48:50.230, 4, P0, 33, 235.45 W, 1965 MHz, 3996 MHz, 0 %, 0 MiB
2026/08/03 11:48:50.230, 5, P0, 36, 244.37 W, 1965 MHz, 3996 MHz, 0 %, 0 MiB
2026/08/03 11:48:50.230, 6, P0, 33, 242.27 W, 1965 MHz, 3996 MHz, 0 %, 0 MiB
2026/08/03 11:48:50.230, 7, P0, 37, 243.23 W, 1965 MHz, 3996 MHz, 0 %, 0 MiB
2026/08/03 11:48:51.231, 0, P0, 36, 243.52 W, 1965 MHz, 3996 MHz, 0 %, 4 MiB
2026/08/03 11:48:51.231, 1, P0, 33, 240.47 W, 1965 MHz, 3996 MHz, 0 %, 4 MiB
2026/08/03 11:48:51.231, 2, P0, 36, 236.07 W, 1965 MHz, 3996 MHz, 0 %, 0 MiB
2026/08/03 11:48:51.231, 3, P0, 32, 238.52 W, 1965 MHz, 3996 MHz, 0 %, 0 MiB
2026/08/03 11:48:51.231, 4, P0, 33, 235.43 W, 1965 MHz, 3996 MHz, 0 %, 0 MiB
2026/08/03 11:48:51.231, 5, P0, 36, 244.29 W, 1965 MHz, 3996 MHz, 0 %, 0 MiB
2026/08/03 11:48:51.231, 6, P0, 33, 242.24 W, 1965 MHz, 3996 MHz, 0 %, 0 MiB
2026/08/03 11:48:51.231, 7, P0, 37, 243.15 W, 1965 MHz, 3996 MHz, 0 %, 0 MiB
