[1;33m'--disable-cuda-graph' is deprecated and will be removed in a future release. Use '--cuda-graph-backend-{decode,prefill}=disabled' instead.[0m
[2026-07-31 09:57:23 TP0] Init torch distributed begin.
[2026-07-31 09:57:23 TP1] Init torch distributed begin.
[2026-07-31 09:57:24 TP0] sglang is using nccl==2.28.9
[2026-07-31 09:57:25 TP0] Init torch distributed ends. elapsed=1.80 s, mem usage=1.16 GB
[2026-07-31 09:57:25 TP1] Init torch distributed ends. elapsed=1.55 s, mem usage=1.16 GB
[2026-07-31 09:57:27 TP0] Load weight begin. avail mem=176.54 GB
[2026-07-31 09:57:27 TP0] Config does not support fused shared expert(s). Shared experts fusion optimization is disabled.
[2026-07-31 09:57:27 TP1] Load weight begin. avail mem=176.54 GB
[2026-07-31 09:57:27 TP0] FlashInfer TRTLLM MoE deferred finalize is disabled (moe_runner_backend=auto, quant_method=UnquantizedFusedMoEMethod).
[2026-07-31 09:57:27 TP1] FlashInfer TRTLLM MoE deferred finalize is disabled (moe_runner_backend=auto, quant_method=UnquantizedFusedMoEMethod).
Multi-thread loading shards:   0% Completed | 0/4 [00:00<?, ?it/s]Multi-thread loading shards:  25% Completed | 1/4 [00:00<00:01,  1.68it/s]Multi-thread loading shards: 100% Completed | 4/4 [00:00<00:00,  7.12it/s]Multi-thread loading shards: 100% Completed | 4/4 [00:00<00:00,  5.73it/s]
[2026-07-31 09:57:30 TP0] Load weight end. elapsed=3.95 s, type=DeepseekV2ForCausalLM, avail mem=161.74 GB, mem usage=14.81 GB.
[2026-07-31 09:57:31 TP1] Load weight end. elapsed=4.03 s, type=DeepseekV2ForCausalLM, avail mem=161.74 GB, mem usage=14.81 GB.
[2026-07-31 09:57:31 TP1] KV Cache is allocated. dtype: torch.bfloat16, #tokens: 4668865, KV size: 135.25 GB
[2026-07-31 09:57:31 TP0] KV Cache is allocated. dtype: torch.bfloat16, #tokens: 4668865, KV size: 135.25 GB
[2026-07-31 09:57:31 TP1] Memory pool end. avail mem=23.93 GB
[2026-07-31 09:57:31 TP0] Memory pool end. avail mem=23.93 GB
[2026-07-31 09:57:31 TP0] Disable prefill CUDA graph because cuda_graph_config resolved prefill.backend='disabled' (e.g. via --cuda-graph-backend-prefill=disabled or auto-disable rules).
[2026-07-31 09:57:31 TP1] Disable prefill CUDA graph because cuda_graph_config resolved prefill.backend='disabled' (e.g. via --cuda-graph-backend-prefill=disabled or auto-disable rules).
[2026-07-31 09:57:32 TP0] Fixing v5 tokenizer component mismatch for /media/ssd1/DeepSeek-V2-Lite: pre_tokenizer Metaspace -> Sequence, decoder Sequence -> ByteLevel
[2026-07-31 09:57:32 TP1] Fixing v5 tokenizer component mismatch for /media/ssd1/DeepSeek-V2-Lite: pre_tokenizer Metaspace -> Sequence, decoder Sequence -> ByteLevel
[2026-07-31 09:57:32 TP0] Restoring add_bos_token=True for /media/ssd1/DeepSeek-V2-Lite (was False after v5 loading)
/usr/local/lib/python3.12/dist-packages/torch/distributed/c10d_logger.py:83: UserWarning: barrier(): using the device under current context. You can specify `device_id` in `init_process_group` to mute this warning.
  return func(*args, **kwargs)
[rank0]:[W731 09:57:32.535707827 ProcessGroupNCCL.cpp:5188] Guessing device ID based on global rank. This can cause a hang if rank to GPU mapping is heterogeneous. You can specify device_id in init_process_group()
[2026-07-31 09:57:32 TP1] Restoring add_bos_token=True for /media/ssd1/DeepSeek-V2-Lite (was False after v5 loading)
[2026-07-31 09:57:36 TP0] Using default MoE kernel config. Performance might be sub-optimal! Config file not found at /sgl-workspace/sglang-src/python/sglang/srt/layers/moe/moe_runner/triton_utils/configs/triton_3_6_0/E=64,N=704,device_name=NVIDIA_B200.json, you can create them with https://github.com/sgl-project/sglang/tree/main/benchmark/kernels/fused_moe_triton
[2026-07-31 09:57:36 TP0] Using MoE kernel config with down_moe=False. Performance might be sub-optimal! Config file not found at /sgl-workspace/sglang-src/python/sglang/srt/layers/moe/moe_runner/triton_utils/configs/triton_3_6_0/E=64,N=704,device_name=NVIDIA_B200_down.json, you can create them with https://github.com/sgl-project/sglang/tree/main/benchmark/kernels/fused_moe_triton
[2026-07-31 09:57:36 TP1] Using default MoE kernel config. Performance might be sub-optimal! Config file not found at /sgl-workspace/sglang-src/python/sglang/srt/layers/moe/moe_runner/triton_utils/configs/triton_3_6_0/E=64,N=704,device_name=NVIDIA_B200.json, you can create them with https://github.com/sgl-project/sglang/tree/main/benchmark/kernels/fused_moe_triton
[2026-07-31 09:57:36 TP1] Using MoE kernel config with down_moe=False. Performance might be sub-optimal! Config file not found at /sgl-workspace/sglang-src/python/sglang/srt/layers/moe/moe_runner/triton_utils/configs/triton_3_6_0/E=64,N=704,device_name=NVIDIA_B200_down.json, you can create them with https://github.com/sgl-project/sglang/tree/main/benchmark/kernels/fused_moe_triton
/usr/local/lib/python3.12/dist-packages/torch/profiler/profiler.py:224: UserWarning: Warning: Profiler clears events at the end of each cycle.Only events from the current cycle will be reported.To keep events across cycles, set acc_events=True.
  _warn_once(
/usr/local/lib/python3.12/dist-packages/torch/profiler/profiler.py:224: UserWarning: Warning: Profiler clears events at the end of each cycle.Only events from the current cycle will be reported.To keep events across cycles, set acc_events=True.
  _warn_once(
-------------------------------------------------------  ------------  ------------  ------------  ------------  ------------  ------------  ------------  ------------  ------------  ------------  
                                                   Name    Self CPU %      Self CPU   CPU total %     CPU total  CPU time avg     Self CUDA   Self CUDA %    CUDA total  CUDA time avg    # of Calls  
-------------------------------------------------------  ------------  ------------  ------------  ------------  ------------  ------------  ------------  ------------  ------------  ------------  
                                       fused_moe_kernel         0.00%       0.000us         0.00%       0.000us       0.000us       7.658ms        51.66%       7.658ms     147.274us            52  
void (anonymous namespace)::all_reduce_one_shot_kern...         0.00%       0.000us         0.00%       0.000us       0.000us       1.287ms         8.68%       1.287ms      23.391us            55  
void cutlass::device_kernel<cutlass::fmha::kernel::S...         0.00%       0.000us         0.00%       0.000us       0.000us       1.185ms         8.00%       1.185ms      43.907us            27  
         nvjet_sm100_tst_176x128_64x8_2x2_2cta_h_bz_TNN         0.00%       0.000us         0.00%       0.000us       0.000us     491.007us         3.31%     491.007us      18.885us            26  
void (anonymous namespace)::act_and_mul_kernel<__nv_...         0.00%       0.000us         0.00%       0.000us       0.000us     447.421us         3.02%     447.421us       8.442us            53  
              nvjet_sm100_tst_128x232_64x4_2x1_v_bz_TNT         0.00%       0.000us         0.00%       0.000us       0.000us     426.562us         2.88%     426.562us       7.899us            54  
void at::native::sbtopk::gatherTopK<float, unsigned ...         0.00%       0.000us         0.00%       0.000us       0.000us     350.178us         2.36%     350.178us       6.734us            52  
         nvjet_sm100_tst_128x256_64x6_2x2_2cta_h_bz_TNT         0.00%       0.000us         0.00%       0.000us       0.000us     342.209us         2.31%     342.209us      12.674us            27  
         nvjet_sm100_tst_192x128_64x6_2x2_2cta_h_bz_TNT         0.00%       0.000us         0.00%       0.000us       0.000us     333.857us         2.25%     333.857us      12.365us            27  
kernel_cutlass_kernel_flashinfernormkernelsfused_add...         0.00%       0.000us         0.00%       0.000us       0.000us     323.969us         2.19%     323.969us       5.999us            54  
void moe_sum_reduce_warp_per_token_vec_kernel<8>(c10...         0.00%       0.000us         0.00%       0.000us       0.000us     257.475us         1.74%     257.475us       9.903us            26  
         nvjet_sm100_tst_144x64_64x12_2x2_2cta_h_bz_TNN         0.00%       0.000us         0.00%       0.000us       0.000us     188.479us         1.27%     188.479us       6.981us            27  
                         Memcpy DtoD (Device -> Device)         0.00%       0.000us         0.00%       0.000us       0.000us     174.011us         1.17%     174.011us       3.164us            55  
void count_and_sort_expert_tokens_kernel<int>(int co...         0.00%       0.000us         0.00%       0.000us       0.000us     152.640us         1.03%     152.640us       5.871us            26  
void moe_align_block_size_kernel<int>(int const*, in...         0.00%       0.000us         0.00%       0.000us       0.000us     146.372us         0.99%     146.372us       5.630us            26  
          nvjet_sm100_tss_16x64_64x16_2x2_2cta_h_bz_TNN         0.00%       0.000us         0.00%       0.000us       0.000us     145.634us         0.98%     145.634us       5.601us            26  
void at::native::vectorized_elementwise_kernel<8, at...         0.00%       0.000us         0.00%       0.000us       0.000us     117.342us         0.79%     117.342us       4.513us            26  
void (anonymous namespace)::fused_rope_kernel<false,...         0.00%       0.000us         0.00%       0.000us       0.000us      86.912us         0.59%      86.912us       3.219us            27  
triton_red_fused__softmax_exp_max_prepare_softmax_on...         0.00%       0.000us         0.00%       0.000us       0.000us      84.285us         0.57%      84.285us       3.242us            26  
                           concat_and_cast_mha_k_kernel         0.00%       0.000us         0.00%       0.000us       0.000us      76.130us         0.51%      76.130us       2.820us            27  
triton_poi_fused__softmax__to_copy_arange_bitwise_no...         0.00%       0.000us         0.00%       0.000us       0.000us      75.807us         0.51%      75.807us       2.916us            26  
kernel_cutlass_kernel_flashinfernormkernelsrmsnormRM...         0.00%       0.000us         0.00%       0.000us       0.000us      67.167us         0.45%      67.167us       2.488us            27  
void (anonymous namespace)::set_mla_kv_buffer_kernel...         0.00%       0.000us         0.00%       0.000us       0.000us      61.024us         0.41%      61.024us       2.260us            27  
flashinfer::plan_kernel(int*, int*, int*, int*, int*...         0.00%       0.000us         0.00%       0.000us       0.000us      56.256us         0.38%      56.256us      56.256us             1  
         nvjet_sm100_tst_128x256_64x6_2x1_2cta_v_bz_TNT         0.00%       0.000us         0.00%       0.000us       0.000us      52.511us         0.35%      52.511us      52.511us             1  
                            triton_poi_fused__to_copy_2         0.00%       0.000us         0.00%       0.000us       0.000us      52.000us         0.35%      52.000us       2.000us            26  
                nvjet_sm100_tst_384x8_64x4_2x1_v_bz_TNT         0.00%       0.000us         0.00%       0.000us       0.000us      45.376us         0.31%      45.376us      45.376us             1  
void at::native::reduce_kernel<512, 1, at::native::R...         0.00%       0.000us         0.00%       0.000us       0.000us      24.288us         0.16%      24.288us      24.288us             1  
                               _all_gather_kernel_inner         0.00%       0.000us         0.00%       0.000us       0.000us      11.905us         0.08%      11.905us      11.905us             1  
                         Memcpy HtoD (Pinned -> Device)         0.00%       0.000us         0.00%       0.000us       0.000us      11.361us         0.08%      11.361us       1.420us             8  
void at::native::elementwise_kernel<128, 4, at::nati...         0.00%       0.000us         0.00%       0.000us       0.000us       8.768us         0.06%       8.768us       8.768us             1  
                         Memcpy DtoH (Device -> Pinned)         0.00%       0.000us         0.00%       0.000us       0.000us       7.679us         0.05%       7.679us       3.839us             2  
void at_cuda_detail::cub::detail::scan::DeviceScanKe...         0.00%       0.000us         0.00%       0.000us       0.000us       6.529us         0.04%       6.529us       2.176us             3  
void at::native::index_elementwise_kernel<128, 4, at...         0.00%       0.000us         0.00%       0.000us       0.000us       6.496us         0.04%       6.496us       6.496us             1  
void at::native::unrolled_elementwise_kernel<at::nat...         0.00%       0.000us         0.00%       0.000us       0.000us       6.079us         0.04%       6.079us       2.026us             3  
                       Memcpy HtoD (Pageable -> Device)         0.00%       0.000us         0.00%       0.000us       0.000us       6.016us         0.04%       6.016us       1.203us             5  
                       Memcpy DtoH (Device -> Pageable)         0.00%       0.000us         0.00%       0.000us       0.000us       4.832us         0.03%       4.832us       2.416us             2  
void at::native::unrolled_elementwise_kernel<at::nat...         0.00%       0.000us         0.00%       0.000us       0.000us       4.704us         0.03%       4.704us       4.704us             1  
kernel_cutlass_kernel_flashinfernormkernelsrmsnormRM...         0.00%       0.000us         0.00%       0.000us       0.000us       4.351us         0.03%       4.351us       4.351us             1  
void at_cuda_detail::cub::detail::scan::DeviceScanIn...         0.00%       0.000us         0.00%       0.000us       0.000us       4.224us         0.03%       4.224us       1.408us             3  
void at::native::vectorized_elementwise_kernel<2, at...         0.00%       0.000us         0.00%       0.000us       0.000us       4.192us         0.03%       4.192us       2.096us             2  
void at::native::unrolled_elementwise_kernel<at::nat...         0.00%       0.000us         0.00%       0.000us       0.000us       3.968us         0.03%       3.968us       1.984us             2  
void at::native::vectorized_gather_kernel<16, long>(...         0.00%       0.000us         0.00%       0.000us       0.000us       3.488us         0.02%       3.488us       3.488us             1  
                         write_req_to_token_pool_triton         0.00%       0.000us         0.00%       0.000us       0.000us       3.424us         0.02%       3.424us       3.424us             1  
void at::native::reduce_kernel<512, 1, at::native::R...         0.00%       0.000us         0.00%       0.000us       0.000us       3.392us         0.02%       3.392us       3.392us             1  
void at::native::reduce_kernel<512, 1, at::native::R...         0.00%       0.000us         0.00%       0.000us       0.000us       2.465us         0.02%       2.465us       2.465us             1  
void at::native::unrolled_elementwise_kernel<at::nat...         0.00%       0.000us         0.00%       0.000us       0.000us       2.337us         0.02%       2.337us       2.337us             1  
void at::native::(anonymous namespace)::multi_tensor...         0.00%       0.000us         0.00%       0.000us       0.000us       2.240us         0.02%       2.240us       2.240us             1  
triton_poi_fused_add_bitwise_and_bitwise_not_bitwise...         0.00%       0.000us         0.00%       0.000us       0.000us       2.112us         0.01%       2.112us       2.112us             1  
                                compute_position_kernel         0.00%       0.000us         0.00%       0.000us       0.000us       1.728us         0.01%       1.728us       1.728us             1  
void at::native::unrolled_elementwise_kernel<at::nat...         0.00%       0.000us         0.00%       0.000us       0.000us       1.471us         0.01%       1.471us       1.471us             1  
void at::native::vectorized_elementwise_kernel<4, at...         0.00%       0.000us         0.00%       0.000us       0.000us       1.312us         0.01%       1.312us       1.312us             1  
                    create_flashinfer_kv_indices_triton         0.00%       0.000us         0.00%       0.000us       0.000us       1.249us         0.01%       1.249us       1.249us             1  
                                  cudaDeviceSynchronize         0.49%      38.687us         0.49%      38.687us      12.896us       0.000us         0.00%       0.000us       0.000us             3  
                                Activity Buffer Request        21.32%       1.683ms        21.32%       1.683ms       1.683ms       0.000us         0.00%       0.000us       0.000us             1  
                               cudaPointerGetAttributes         0.07%       5.800us         0.07%       5.800us       5.800us       0.000us         0.00%       0.000us       0.000us             1  
                                  cudaStreamIsCapturing         0.15%      11.563us         0.15%      11.563us       0.503us       0.000us         0.00%       0.000us       0.000us            23  
                                        cudaMemcpyAsync        11.71%     924.360us        11.71%     924.360us      12.838us       0.000us         0.00%       0.000us       0.000us            72  
                               cudaEventRecordWithFlags         0.14%      10.979us         0.14%      10.979us       1.372us       0.000us         0.00%       0.000us       0.000us             8  
                                         cudaEventQuery         0.40%      31.251us         0.40%      31.251us       3.906us       0.000us         0.00%       0.000us       0.000us             8  
                                       cuLaunchKernelEx        20.66%       1.631ms        20.66%       1.631ms       5.997us       0.000us         0.00%       0.000us       0.000us           272  
                                       cudaLaunchKernel        14.46%       1.142ms        14.46%       1.142ms       6.342us       0.000us         0.00%       0.000us       0.000us           180  
                                  cudaStreamSynchronize         0.41%      32.142us         0.41%      32.142us       8.036us       0.000us         0.00%       0.000us       0.000us             4  
                                    cudaPeekAtLastError         0.02%       1.386us         0.02%       1.386us       0.116us       0.000us         0.00%       0.000us       0.000us            12  
cudaOccupancyMaxActiveBlocksPerMultiprocessorWithFla...         0.07%       5.434us         0.07%       5.434us       1.811us       0.000us         0.00%       0.000us       0.000us             3  
                                 cudaDeviceGetAttribute         0.38%      29.975us         0.38%      29.975us       0.999us       0.000us         0.00%       0.000us       0.000us            30  
                                    cudaLaunchKernelExC        22.27%       1.759ms        22.27%       1.759ms       6.466us       0.000us         0.00%       0.000us       0.000us           272  
                                         cuLaunchKernel         5.39%     425.463us         5.39%     425.463us       5.386us       0.000us         0.00%       0.000us       0.000us            79  
                                                INVALID         0.71%      55.833us         0.71%      55.833us       0.517us       0.000us         0.00%       0.000us       0.000us           108  
                                   cudaDriverGetVersion         0.13%      10.056us         0.13%      10.056us       0.093us       0.000us         0.00%       0.000us       0.000us           108  
                                   cudaFuncSetAttribute         1.24%      97.974us         1.24%      97.974us       3.629us       0.000us         0.00%       0.000us       0.000us            27  
-------------------------------------------------------  ------------  ------------  ------------  ------------  ------------  ------------  ------------  ------------  ------------  ------------  
Self CPU time total: 7.896ms
Self CUDA time total: 14.825ms
max_total_num_tokens=4668865
Warmup is enabled separately for every workload point.
Benchmark ...
Warmup workload: batch_size=1, input_len=2047, output_len=8
Prefill. latency: 3.37943 s, throughput:    605.72 token/s
Decode 0. Batch size: 1, latency: 0.78396 s, throughput:      1.28 token/s
Decode 1. Batch size: 1, latency: 0.04949 s, throughput:     20.21 token/s
Decode 2. Batch size: 1, latency: 0.04864 s, throughput:     20.56 token/s
Decode 3. Batch size: 1, latency: 0.04856 s, throughput:     20.60 token/s
Decode 4. Batch size: 1, latency: 0.04847 s, throughput:     20.63 token/s
Decode.  median latency: 0.04884 s, median throughput:     20.48 token/s
Total. latency:  4.460 s, throughput:    460.76 token/s
-------------------------------------------------------  ------------  ------------  ------------  ------------  ------------  ------------  ------------  ------------  ------------  ------------  
                                                   Name    Self CPU %      Self CPU   CPU total %     CPU total  CPU time avg     Self CUDA   Self CUDA %    CUDA total  CUDA time avg    # of Calls  
-------------------------------------------------------  ------------  ------------  ------------  ------------  ------------  ------------  ------------  ------------  ------------  ------------  
void (anonymous namespace)::all_reduce_one_shot_kern...         0.00%       0.000us         0.00%       0.000us       0.000us      35.351ms        71.19%      35.351ms     642.745us            55  
                                       fused_moe_kernel         0.00%       0.000us         0.00%       0.000us       0.000us       7.664ms        15.43%       7.664ms     147.376us            52  
void cutlass::device_kernel<cutlass::fmha::kernel::S...         0.00%       0.000us         0.00%       0.000us       0.000us       1.177ms         2.37%       1.177ms      43.591us            27  
void (anonymous namespace)::act_and_mul_kernel<__nv_...         0.00%       0.000us         0.00%       0.000us       0.000us     551.454us         1.11%     551.454us      10.405us            53  
kernel_cutlass_kernel_flashinfernormkernelsfused_add...         0.00%       0.000us         0.00%       0.000us       0.000us     506.556us         1.02%     506.556us       9.381us            54  
         nvjet_sm100_tst_176x128_64x8_2x2_2cta_h_bz_TNN         0.00%       0.000us         0.00%       0.000us       0.000us     491.614us         0.99%     491.614us      18.908us            26  
              nvjet_sm100_tst_128x232_64x4_2x1_v_bz_TNT         0.00%       0.000us         0.00%       0.000us       0.000us     425.534us         0.86%     425.534us       7.880us            54  
         nvjet_sm100_tst_192x128_64x6_2x2_2cta_h_bz_TNT         0.00%       0.000us         0.00%       0.000us       0.000us     352.479us         0.71%     352.479us      13.055us            27  
void at::native::sbtopk::gatherTopK<float, unsigned ...         0.00%       0.000us         0.00%       0.000us       0.000us     350.750us         0.71%     350.750us       6.745us            52  
         nvjet_sm100_tst_128x256_64x6_2x2_2cta_h_bz_TNT         0.00%       0.000us         0.00%       0.000us       0.000us     341.695us         0.69%     341.695us      12.655us            27  
                               _all_gather_kernel_inner         0.00%       0.000us         0.00%       0.000us       0.000us     303.583us         0.61%     303.583us     303.583us             1  
void moe_sum_reduce_warp_per_token_vec_kernel<8>(c10...         0.00%       0.000us         0.00%       0.000us       0.000us     258.527us         0.52%     258.527us       9.943us            26  
         nvjet_sm100_tst_144x64_64x12_2x2_2cta_h_bz_TNN         0.00%       0.000us         0.00%       0.000us       0.000us     245.087us         0.49%     245.087us       9.077us            27  
          nvjet_sm100_tss_16x64_64x16_2x2_2cta_h_bz_TNN         0.00%       0.000us         0.00%       0.000us       0.000us     211.036us         0.42%     211.036us       8.117us            26  
                         Memcpy DtoD (Device -> Device)         0.00%       0.000us         0.00%       0.000us       0.000us     173.858us         0.35%     173.858us       3.161us            55  
void count_and_sort_expert_tokens_kernel<int>(int co...         0.00%       0.000us         0.00%       0.000us       0.000us     150.176us         0.30%     150.176us       5.776us            26  
kernel_cutlass_kernel_flashinfernormkernelsrmsnormRM...         0.00%       0.000us         0.00%       0.000us       0.000us     147.390us         0.30%     147.390us       5.459us            27  
void moe_align_block_size_kernel<int>(int const*, in...         0.00%       0.000us         0.00%       0.000us       0.000us     136.000us         0.27%     136.000us       5.231us            26  
void at::native::vectorized_elementwise_kernel<8, at...         0.00%       0.000us         0.00%       0.000us       0.000us     117.441us         0.24%     117.441us       4.517us            26  
void (anonymous namespace)::fused_rope_kernel<false,...         0.00%       0.000us         0.00%       0.000us       0.000us      88.826us         0.18%      88.826us       3.290us            27  
triton_red_fused__softmax_exp_max_prepare_softmax_on...         0.00%       0.000us         0.00%       0.000us       0.000us      86.555us         0.17%      86.555us       3.329us            26  
                           concat_and_cast_mha_k_kernel         0.00%       0.000us         0.00%       0.000us       0.000us      77.955us         0.16%      77.955us       2.887us            27  
triton_poi_fused__softmax__to_copy_arange_bitwise_no...         0.00%       0.000us         0.00%       0.000us       0.000us      66.657us         0.13%      66.657us       2.564us            26  
void (anonymous namespace)::set_mla_kv_buffer_kernel...         0.00%       0.000us         0.00%       0.000us       0.000us      61.793us         0.12%      61.793us       2.289us            27  
flashinfer::plan_kernel(int*, int*, int*, int*, int*...         0.00%       0.000us         0.00%       0.000us       0.000us      56.576us         0.11%      56.576us      56.576us             1  
         nvjet_sm100_tst_128x256_64x6_2x1_2cta_v_bz_TNT         0.00%       0.000us         0.00%       0.000us       0.000us      53.024us         0.11%      53.024us      53.024us             1  
                            triton_poi_fused__to_copy_2         0.00%       0.000us         0.00%       0.000us       0.000us      47.489us         0.10%      47.489us       1.827us            26  
                nvjet_sm100_tst_384x8_64x4_2x1_v_bz_TNT         0.00%       0.000us         0.00%       0.000us       0.000us      45.663us         0.09%      45.663us      45.663us             1  
void at::native::reduce_kernel<512, 1, at::native::R...         0.00%       0.000us         0.00%       0.000us       0.000us      23.648us         0.05%      23.648us      23.648us             1  
void at::native::elementwise_kernel<128, 4, at::nati...         0.00%       0.000us         0.00%       0.000us       0.000us      10.240us         0.02%      10.240us      10.240us             1  
                         Memcpy HtoD (Pinned -> Device)         0.00%       0.000us         0.00%       0.000us       0.000us       8.862us         0.02%       8.862us       1.108us             8  
                         Memcpy DtoH (Device -> Pinned)         0.00%       0.000us         0.00%       0.000us       0.000us       8.448us         0.02%       8.448us       4.224us             2  
void at::native::index_elementwise_kernel<128, 4, at...         0.00%       0.000us         0.00%       0.000us       0.000us       6.175us         0.01%       6.175us       6.175us             1  
                       Memcpy HtoD (Pageable -> Device)         0.00%       0.000us         0.00%       0.000us       0.000us       5.952us         0.01%       5.952us       1.190us             5  
void at::native::unrolled_elementwise_kernel<at::nat...         0.00%       0.000us         0.00%       0.000us       0.000us       5.568us         0.01%       5.568us       1.856us             3  
                       Memcpy DtoH (Device -> Pageable)         0.00%       0.000us         0.00%       0.000us       0.000us       5.408us         0.01%       5.408us       2.704us             2  
void at_cuda_detail::cub::detail::scan::DeviceScanKe...         0.00%       0.000us         0.00%       0.000us       0.000us       4.735us         0.01%       4.735us       1.578us             3  
void at::native::vectorized_gather_kernel<16, long>(...         0.00%       0.000us         0.00%       0.000us       0.000us       4.640us         0.01%       4.640us       4.640us             1  
kernel_cutlass_kernel_flashinfernormkernelsrmsnormRM...         0.00%       0.000us         0.00%       0.000us       0.000us       4.352us         0.01%       4.352us       4.352us             1  
void at::native::unrolled_elementwise_kernel<at::nat...         0.00%       0.000us         0.00%       0.000us       0.000us       3.968us         0.01%       3.968us       3.968us             1  
void at_cuda_detail::cub::detail::scan::DeviceScanIn...         0.00%       0.000us         0.00%       0.000us       0.000us       3.456us         0.01%       3.456us       1.152us             3  
void at::native::vectorized_elementwise_kernel<2, at...         0.00%       0.000us         0.00%       0.000us       0.000us       2.912us         0.01%       2.912us       1.456us             2  
void at::native::unrolled_elementwise_kernel<at::nat...         0.00%       0.000us         0.00%       0.000us       0.000us       2.880us         0.01%       2.880us       1.440us             2  
                         write_req_to_token_pool_triton         0.00%       0.000us         0.00%       0.000us       0.000us       2.688us         0.01%       2.688us       2.688us             1  
void at::native::reduce_kernel<512, 1, at::native::R...         0.00%       0.000us         0.00%       0.000us       0.000us       2.400us         0.00%       2.400us       2.400us             1  
void at::native::reduce_kernel<512, 1, at::native::R...         0.00%       0.000us         0.00%       0.000us       0.000us       2.048us         0.00%       2.048us       2.048us             1  
void at::native::(anonymous namespace)::multi_tensor...         0.00%       0.000us         0.00%       0.000us       0.000us       1.920us         0.00%       1.920us       1.920us             1  
                                compute_position_kernel         0.00%       0.000us         0.00%       0.000us       0.000us       1.856us         0.00%       1.856us       1.856us             1  
void at::native::unrolled_elementwise_kernel<at::nat...         0.00%       0.000us         0.00%       0.000us       0.000us       1.825us         0.00%       1.825us       1.825us             1  
void at::native::unrolled_elementwise_kernel<at::nat...         0.00%       0.000us         0.00%       0.000us       0.000us       1.568us         0.00%       1.568us       1.568us             1  
triton_poi_fused_add_bitwise_and_bitwise_not_bitwise...         0.00%       0.000us         0.00%       0.000us       0.000us       1.568us         0.00%       1.568us       1.568us             1  
                    create_flashinfer_kv_indices_triton         0.00%       0.000us         0.00%       0.000us       0.000us       1.311us         0.00%       1.311us       1.311us             1  
void at::native::vectorized_elementwise_kernel<4, at...         0.00%       0.000us         0.00%       0.000us       0.000us       1.280us         0.00%       1.280us       1.280us             1  
                                  cudaDeviceSynchronize         1.59%     129.232us         1.59%     129.232us      43.077us       0.000us         0.00%       0.000us       0.000us             3  
                                Activity Buffer Request        19.82%       1.616ms        19.82%       1.616ms       1.616ms       0.000us         0.00%       0.000us       0.000us             1  
                               cudaPointerGetAttributes         0.07%       5.717us         0.07%       5.717us       5.717us       0.000us         0.00%       0.000us       0.000us             1  
                                  cudaStreamIsCapturing         0.14%      11.406us         0.14%      11.406us       0.496us       0.000us         0.00%       0.000us       0.000us            23  
                                        cudaMemcpyAsync        12.12%     987.910us        12.12%     987.910us      13.721us       0.000us         0.00%       0.000us       0.000us            72  
                               cudaEventRecordWithFlags         0.13%      10.850us         0.13%      10.850us       1.356us       0.000us         0.00%       0.000us       0.000us             8  
                                         cudaEventQuery         0.38%      31.387us         0.38%      31.387us       3.923us       0.000us         0.00%       0.000us       0.000us             8  
                                       cuLaunchKernelEx        20.95%       1.708ms        20.95%       1.708ms       6.279us       0.000us         0.00%       0.000us       0.000us           272  
                                       cudaLaunchKernel        14.30%       1.166ms        14.30%       1.166ms       6.476us       0.000us         0.00%       0.000us       0.000us           180  
                                  cudaStreamSynchronize         0.41%      33.098us         0.41%      33.098us       8.274us       0.000us         0.00%       0.000us       0.000us             4  
                                    cudaPeekAtLastError         0.02%       1.378us         0.02%       1.378us       0.115us       0.000us         0.00%       0.000us       0.000us            12  
cudaOccupancyMaxActiveBlocksPerMultiprocessorWithFla...         0.07%       5.558us         0.07%       5.558us       1.853us       0.000us         0.00%       0.000us       0.000us             3  
                                 cudaDeviceGetAttribute         0.37%      30.218us         0.37%      30.218us       1.007us       0.000us         0.00%       0.000us       0.000us            30  
                                    cudaLaunchKernelExC        22.00%       1.794ms        22.00%       1.794ms       6.595us       0.000us         0.00%       0.000us       0.000us           272  
                                         cuLaunchKernel         5.71%     465.830us         5.71%     465.830us       5.897us       0.000us         0.00%       0.000us       0.000us            79  
                                                INVALID         0.62%      50.201us         0.62%      50.201us       0.465us       0.000us         0.00%       0.000us       0.000us           108  
                                   cudaDriverGetVersion         0.13%      10.479us         0.13%      10.479us       0.097us       0.000us         0.00%       0.000us       0.000us           108  
                                   cudaFuncSetAttribute         1.18%      95.938us         1.18%      95.938us       3.553us       0.000us         0.00%       0.000us       0.000us            27  
-------------------------------------------------------  ------------  ------------  ------------  ------------  ------------  ------------  ------------  ------------  ------------  ------------  
Self CPU time total: 8.153ms
Self CUDA time total: 49.659ms

-------------------------------------------------------  ------------  ------------  ------------  ------------  ------------  ------------  ------------  ------------  ------------  ------------  
                                                   Name    Self CPU %      Self CPU   CPU total %     CPU total  CPU time avg     Self CUDA   Self CUDA %    CUDA total  CUDA time avg    # of Calls  
-------------------------------------------------------  ------------  ------------  ------------  ------------  ------------  ------------  ------------  ------------  ------------  ------------  
                                       fused_moe_kernel         0.00%       0.000us         0.00%       0.000us       0.000us       7.658ms        51.58%       7.658ms     147.261us            52  
void (anonymous namespace)::all_reduce_one_shot_kern...         0.00%       0.000us         0.00%       0.000us       0.000us       1.287ms         8.67%       1.287ms      23.398us            55  
void cutlass::device_kernel<cutlass::fmha::kernel::S...         0.00%       0.000us         0.00%       0.000us       0.000us       1.187ms         8.00%       1.187ms      43.964us            27  
         nvjet_sm100_tst_128x256_64x6_2x2_2cta_h_bz_TNT         0.00%       0.000us         0.00%       0.000us       0.000us     786.079us         5.29%     786.079us       9.705us            81  
         nvjet_sm100_tst_176x128_64x8_2x2_2cta_h_bz_TNN         0.00%       0.000us         0.00%       0.000us       0.000us     491.103us         3.31%     491.103us      18.889us            26  
void (anonymous namespace)::act_and_mul_kernel<__nv_...         0.00%       0.000us         0.00%       0.000us       0.000us     447.451us         3.01%     447.451us       8.442us            53  
void at::native::sbtopk::gatherTopK<float, unsigned ...         0.00%       0.000us         0.00%       0.000us       0.000us     347.683us         2.34%     347.683us       6.686us            52  
         nvjet_sm100_tst_192x128_64x6_2x2_2cta_h_bz_TNT         0.00%       0.000us         0.00%       0.000us       0.000us     333.409us         2.25%     333.409us      12.348us            27  
kernel_cutlass_kernel_flashinfernormkernelsfused_add...         0.00%       0.000us         0.00%       0.000us       0.000us     323.519us         2.18%     323.519us       5.991us            54  
void moe_sum_reduce_warp_per_token_vec_kernel<8>(c10...         0.00%       0.000us         0.00%       0.000us       0.000us     257.949us         1.74%     257.949us       9.921us            26  
         nvjet_sm100_tst_144x64_64x12_2x2_2cta_h_bz_TNN         0.00%       0.000us         0.00%       0.000us       0.000us     188.160us         1.27%     188.160us       6.969us            27  
                         Memcpy DtoD (Device -> Device)         0.00%       0.000us         0.00%       0.000us       0.000us     172.056us         1.16%     172.056us       3.128us            55  
void moe_align_block_size_kernel<int>(int const*, in...         0.00%       0.000us         0.00%       0.000us       0.000us     156.225us         1.05%     156.225us       6.009us            26  
void count_and_sort_expert_tokens_kernel<int>(int co...         0.00%       0.000us         0.00%       0.000us       0.000us     152.575us         1.03%     152.575us       5.868us            26  
          nvjet_sm100_tss_16x64_64x16_2x2_2cta_h_bz_TNN         0.00%       0.000us         0.00%       0.000us       0.000us     145.311us         0.98%     145.311us       5.589us            26  
void at::native::vectorized_elementwise_kernel<8, at...         0.00%       0.000us         0.00%       0.000us       0.000us     118.237us         0.80%     118.237us       4.548us            26  
void (anonymous namespace)::fused_rope_kernel<false,...         0.00%       0.000us         0.00%       0.000us       0.000us      86.980us         0.59%      86.980us       3.221us            27  
triton_red_fused__softmax_exp_max_prepare_softmax_on...         0.00%       0.000us         0.00%       0.000us       0.000us      84.258us         0.57%      84.258us       3.241us            26  
                           concat_and_cast_mha_k_kernel         0.00%       0.000us         0.00%       0.000us       0.000us      76.673us         0.52%      76.673us       2.840us            27  
triton_poi_fused__softmax__to_copy_arange_bitwise_no...         0.00%       0.000us         0.00%       0.000us       0.000us      75.803us         0.51%      75.803us       2.915us            26  
kernel_cutlass_kernel_flashinfernormkernelsrmsnormRM...         0.00%       0.000us         0.00%       0.000us       0.000us      67.360us         0.45%      67.360us       2.495us            27  
void (anonymous namespace)::set_mla_kv_buffer_kernel...         0.00%       0.000us         0.00%       0.000us       0.000us      61.919us         0.42%      61.919us       2.293us            27  
flashinfer::plan_kernel(int*, int*, int*, int*, int*...         0.00%       0.000us         0.00%       0.000us       0.000us      56.703us         0.38%      56.703us      56.703us             1  
         nvjet_sm100_tst_128x256_64x6_2x1_2cta_v_bz_TNT         0.00%       0.000us         0.00%       0.000us       0.000us      52.287us         0.35%      52.287us      52.287us             1  
                            triton_poi_fused__to_copy_2         0.00%       0.000us         0.00%       0.000us       0.000us      48.766us         0.33%      48.766us       1.876us            26  
                nvjet_sm100_tst_384x8_64x4_2x1_v_bz_TNT         0.00%       0.000us         0.00%       0.000us       0.000us      45.472us         0.31%      45.472us      45.472us             1  
void at::native::reduce_kernel<512, 1, at::native::R...         0.00%       0.000us         0.00%       0.000us       0.000us      24.320us         0.16%      24.320us      24.320us             1  
                               _all_gather_kernel_inner         0.00%       0.000us         0.00%       0.000us       0.000us      11.808us         0.08%      11.808us      11.808us             1  
                         Memcpy HtoD (Pinned -> Device)         0.00%       0.000us         0.00%       0.000us       0.000us      10.847us         0.07%      10.847us       1.356us             8  
void at::native::elementwise_kernel<128, 4, at::nati...         0.00%       0.000us         0.00%       0.000us       0.000us       8.704us         0.06%       8.704us       8.704us             1  
void at::native::index_elementwise_kernel<128, 4, at...         0.00%       0.000us         0.00%       0.000us       0.000us       7.073us         0.05%       7.073us       7.073us             1  
void at_cuda_detail::cub::detail::scan::DeviceScanKe...         0.00%       0.000us         0.00%       0.000us       0.000us       6.528us         0.04%       6.528us       2.176us             3  
                       Memcpy DtoH (Device -> Pageable)         0.00%       0.000us         0.00%       0.000us       0.000us       6.336us         0.04%       6.336us       3.168us             2  
void at::native::unrolled_elementwise_kernel<at::nat...         0.00%       0.000us         0.00%       0.000us       0.000us       5.984us         0.04%       5.984us       1.995us             3  
                         Memcpy DtoH (Device -> Pinned)         0.00%       0.000us         0.00%       0.000us       0.000us       5.824us         0.04%       5.824us       2.912us             2  
                       Memcpy HtoD (Pageable -> Device)         0.00%       0.000us         0.00%       0.000us       0.000us       5.665us         0.04%       5.665us       1.133us             5  
void at::native::unrolled_elementwise_kernel<at::nat...         0.00%       0.000us         0.00%       0.000us       0.000us       4.800us         0.03%       4.800us       4.800us             1  
kernel_cutlass_kernel_flashinfernormkernelsrmsnormRM...         0.00%       0.000us         0.00%       0.000us       0.000us       4.480us         0.03%       4.480us       4.480us             1  
void at_cuda_detail::cub::detail::scan::DeviceScanIn...         0.00%       0.000us         0.00%       0.000us       0.000us       4.255us         0.03%       4.255us       1.418us             3  
void at::native::unrolled_elementwise_kernel<at::nat...         0.00%       0.000us         0.00%       0.000us       0.000us       4.160us         0.03%       4.160us       2.080us             2  
void at::native::vectorized_elementwise_kernel<2, at...         0.00%       0.000us         0.00%       0.000us       0.000us       3.808us         0.03%       3.808us       1.904us             2  
void at::native::vectorized_gather_kernel<16, long>(...         0.00%       0.000us         0.00%       0.000us       0.000us       3.552us         0.02%       3.552us       3.552us             1  
void at::native::reduce_kernel<512, 1, at::native::R...         0.00%       0.000us         0.00%       0.000us       0.000us       3.456us         0.02%       3.456us       3.456us             1  
                         write_req_to_token_pool_triton         0.00%       0.000us         0.00%       0.000us       0.000us       3.392us         0.02%       3.392us       3.392us             1  
void at::native::reduce_kernel<512, 1, at::native::R...         0.00%       0.000us         0.00%       0.000us       0.000us       2.432us         0.02%       2.432us       2.432us             1  
                                compute_position_kernel         0.00%       0.000us         0.00%       0.000us       0.000us       2.016us         0.01%       2.016us       2.016us             1  
void at::native::unrolled_elementwise_kernel<at::nat...         0.00%       0.000us         0.00%       0.000us       0.000us       2.016us         0.01%       2.016us       2.016us             1  
void at::native::unrolled_elementwise_kernel<at::nat...         0.00%       0.000us         0.00%       0.000us       0.000us       1.825us         0.01%       1.825us       1.825us             1  
void at::native::(anonymous namespace)::multi_tensor...         0.00%       0.000us         0.00%       0.000us       0.000us       1.791us         0.01%       1.791us       1.791us             1  
void at::native::vectorized_elementwise_kernel<4, at...         0.00%       0.000us         0.00%       0.000us       0.000us       1.663us         0.01%       1.663us       1.663us             1  
triton_poi_fused_add_bitwise_and_bitwise_not_bitwise...         0.00%       0.000us         0.00%       0.000us       0.000us       1.632us         0.01%       1.632us       1.632us             1  
                    create_flashinfer_kv_indices_triton         0.00%       0.000us         0.00%       0.000us       0.000us       1.280us         0.01%       1.280us       1.280us             1  
                                  cudaDeviceSynchronize         0.52%      42.801us         0.52%      42.801us      14.267us       0.000us         0.00%       0.000us       0.000us             3  
                                Activity Buffer Request        21.78%       1.790ms        21.78%       1.790ms       1.790ms       0.000us         0.00%       0.000us       0.000us             1  
                               cudaPointerGetAttributes         0.10%       8.525us         0.10%       8.525us       8.525us       0.000us         0.00%       0.000us       0.000us             1  
                                  cudaStreamIsCapturing         0.13%      11.008us         0.13%      11.008us       0.479us       0.000us         0.00%       0.000us       0.000us            23  
                                        cudaMemcpyAsync        11.59%     952.976us        11.59%     952.976us      13.236us       0.000us         0.00%       0.000us       0.000us            72  
                               cudaEventRecordWithFlags         0.18%      14.945us         0.18%      14.945us       1.868us       0.000us         0.00%       0.000us       0.000us             8  
                                         cudaEventQuery         0.36%      29.955us         0.36%      29.955us       3.744us       0.000us         0.00%       0.000us       0.000us             8  
                                       cuLaunchKernelEx        19.84%       1.631ms        19.84%       1.631ms       5.996us       0.000us         0.00%       0.000us       0.000us           272  
                                       cudaLaunchKernel        15.06%       1.238ms        15.06%       1.238ms       6.879us       0.000us         0.00%       0.000us       0.000us           180  
                                  cudaStreamSynchronize         0.48%      39.544us         0.48%      39.544us       9.886us       0.000us         0.00%       0.000us       0.000us             4  
                                    cudaPeekAtLastError         0.02%       1.433us         0.02%       1.433us       0.119us       0.000us         0.00%       0.000us       0.000us            12  
cudaOccupancyMaxActiveBlocksPerMultiprocessorWithFla...         0.07%       5.466us         0.07%       5.466us       1.822us       0.000us         0.00%       0.000us       0.000us             3  
                                 cudaDeviceGetAttribute         0.36%      29.448us         0.36%      29.448us       0.982us       0.000us         0.00%       0.000us       0.000us            30  
                                    cudaLaunchKernelExC        22.31%       1.834ms        22.31%       1.834ms       6.741us       0.000us         0.00%       0.000us       0.000us           272  
                                         cuLaunchKernel         5.26%     432.687us         5.26%     432.687us       5.477us       0.000us         0.00%       0.000us       0.000us            79  
                                                INVALID         0.59%      48.609us         0.59%      48.609us       0.450us       0.000us         0.00%       0.000us       0.000us           108  
                                   cudaDriverGetVersion         0.12%      10.210us         0.12%      10.210us       0.095us       0.000us         0.00%       0.000us       0.000us           108  
                                   cudaFuncSetAttribute         1.21%      99.052us         1.21%      99.052us       3.669us       0.000us         0.00%       0.000us       0.000us            27  
-------------------------------------------------------  ------------  ------------  ------------  ------------  ------------  ------------  ------------  ------------  ------------  ------------  
Self CPU time total: 8.220ms
Self CUDA time total: 14.847ms

torch profiler chrome trace for prefill saved to /sgl-workspace/sglang-src/experiment-results/phase11/multiscale_timing_ground_truth/deepseek-v2-lite/chunked_prefill/c2048/r0/traces/trace_rank0_batch1_input2047_output8_prefill.trace.json.gz
Prefill. latency: 0.06056 s, throughput:  33802.07 token/s
Decode 0. Batch size: 1, latency: 0.05861 s, throughput:     17.06 token/s
Decode 1. Batch size: 1, latency: 0.05417 s, throughput:     18.46 token/s
Decode 2. Batch size: 1, latency: 0.05431 s, throughput:     18.41 token/s
Decode 3. Batch size: 1, latency: 0.05419 s, throughput:     18.45 token/s
Decode 4. Batch size: 1, latency: 0.05786 s, throughput:     17.28 token/s
Decode.  median latency: 0.05431 s, median throughput:     18.41 token/s
Total. latency:  0.451 s, throughput:   4560.02 token/s
Warmup workload: batch_size=1, input_len=2048, output_len=8
Prefill. latency: 0.06315 s, throughput:  32429.25 token/s
Decode 0. Batch size: 1, latency: 0.05304 s, throughput:     18.85 token/s
Decode 1. Batch size: 1, latency: 0.05352 s, throughput:     18.68 token/s
Decode 2. Batch size: 1, latency: 0.05395 s, throughput:     18.54 token/s
Decode 3. Batch size: 1, latency: 0.05598 s, throughput:     17.86 token/s
Decode 4. Batch size: 1, latency: 0.05302 s, throughput:     18.86 token/s
Decode.  median latency: 0.05352 s, median throughput:     18.68 token/s
Total. latency:  0.439 s, throughput:   4678.87 token/s
-------------------------------------------------------  ------------  ------------  ------------  ------------  ------------  ------------  ------------  ------------  ------------  ------------  
                                                   Name    Self CPU %      Self CPU   CPU total %     CPU total  CPU time avg     Self CUDA   Self CUDA %    CUDA total  CUDA time avg    # of Calls  
-------------------------------------------------------  ------------  ------------  ------------  ------------  ------------  ------------  ------------  ------------  ------------  ------------  
void (anonymous namespace)::all_reduce_one_shot_kern...         0.00%       0.000us         0.00%       0.000us       0.000us      30.458ms        68.00%      30.458ms     553.788us            55  
                                       fused_moe_kernel         0.00%       0.000us         0.00%       0.000us       0.000us       7.663ms        17.11%       7.663ms     147.373us            52  
void cutlass::device_kernel<cutlass::fmha::kernel::S...         0.00%       0.000us         0.00%       0.000us       0.000us       1.178ms         2.63%       1.178ms      43.632us            27  
         nvjet_sm100_tst_128x256_64x6_2x2_2cta_h_bz_TNT         0.00%       0.000us         0.00%       0.000us       0.000us     764.288us         1.71%     764.288us       9.436us            81  
void (anonymous namespace)::act_and_mul_kernel<__nv_...         0.00%       0.000us         0.00%       0.000us       0.000us     550.207us         1.23%     550.207us      10.381us            53  
kernel_cutlass_kernel_flashinfernormkernelsfused_add...         0.00%       0.000us         0.00%       0.000us       0.000us     521.660us         1.16%     521.660us       9.660us            54  
         nvjet_sm100_tst_176x128_64x8_2x2_2cta_h_bz_TNN         0.00%       0.000us         0.00%       0.000us       0.000us     492.157us         1.10%     492.157us      18.929us            26  
         nvjet_sm100_tst_192x128_64x6_2x2_2cta_h_bz_TNT         0.00%       0.000us         0.00%       0.000us       0.000us     362.015us         0.81%     362.015us      13.408us            27  
void at::native::sbtopk::gatherTopK<float, unsigned ...         0.00%       0.000us         0.00%       0.000us       0.000us     348.541us         0.78%     348.541us       6.703us            52  
                               _all_gather_kernel_inner         0.00%       0.000us         0.00%       0.000us       0.000us     314.783us         0.70%     314.783us     314.783us             1  
void moe_sum_reduce_warp_per_token_vec_kernel<8>(c10...         0.00%       0.000us         0.00%       0.000us       0.000us     258.427us         0.58%     258.427us       9.940us            26  
         nvjet_sm100_tst_144x64_64x12_2x2_2cta_h_bz_TNN         0.00%       0.000us         0.00%       0.000us       0.000us     248.414us         0.55%     248.414us       9.201us            27  
          nvjet_sm100_tss_16x64_64x16_2x2_2cta_h_bz_TNN         0.00%       0.000us         0.00%       0.000us       0.000us     202.815us         0.45%     202.815us       7.801us            26  
                         Memcpy DtoD (Device -> Device)         0.00%       0.000us         0.00%       0.000us       0.000us     172.097us         0.38%     172.097us       3.129us            55  
void count_and_sort_expert_tokens_kernel<int>(int co...         0.00%       0.000us         0.00%       0.000us       0.000us     149.630us         0.33%     149.630us       5.755us            26  
kernel_cutlass_kernel_flashinfernormkernelsrmsnormRM...         0.00%       0.000us         0.00%       0.000us       0.000us     144.513us         0.32%     144.513us       5.352us            27  
void moe_align_block_size_kernel<int>(int const*, in...         0.00%       0.000us         0.00%       0.000us       0.000us     143.071us         0.32%     143.071us       5.503us            26  
void at::native::vectorized_elementwise_kernel<8, at...         0.00%       0.000us         0.00%       0.000us       0.000us     119.006us         0.27%     119.006us       4.577us            26  
void (anonymous namespace)::fused_rope_kernel<false,...         0.00%       0.000us         0.00%       0.000us       0.000us      88.128us         0.20%      88.128us       3.264us            27  
triton_red_fused__softmax_exp_max_prepare_softmax_on...         0.00%       0.000us         0.00%       0.000us       0.000us      86.979us         0.19%      86.979us       3.345us            26  
                           concat_and_cast_mha_k_kernel         0.00%       0.000us         0.00%       0.000us       0.000us      77.186us         0.17%      77.186us       2.859us            27  
triton_poi_fused__softmax__to_copy_arange_bitwise_no...         0.00%       0.000us         0.00%       0.000us       0.000us      66.656us         0.15%      66.656us       2.564us            26  
void (anonymous namespace)::set_mla_kv_buffer_kernel...         0.00%       0.000us         0.00%       0.000us       0.000us      61.793us         0.14%      61.793us       2.289us            27  
flashinfer::plan_kernel(int*, int*, int*, int*, int*...         0.00%       0.000us         0.00%       0.000us       0.000us      56.480us         0.13%      56.480us      56.480us             1  
         nvjet_sm100_tst_128x256_64x6_2x1_2cta_v_bz_TNT         0.00%       0.000us         0.00%       0.000us       0.000us      52.480us         0.12%      52.480us      52.480us             1  
                            triton_poi_fused__to_copy_2         0.00%       0.000us         0.00%       0.000us       0.000us      49.922us         0.11%      49.922us       1.920us            26  
                nvjet_sm100_tst_384x8_64x4_2x1_v_bz_TNT         0.00%       0.000us         0.00%       0.000us       0.000us      45.472us         0.10%      45.472us      45.472us             1  
void at::native::reduce_kernel<512, 1, at::native::R...         0.00%       0.000us         0.00%       0.000us       0.000us      23.840us         0.05%      23.840us      23.840us             1  
void at::native::elementwise_kernel<128, 4, at::nati...         0.00%       0.000us         0.00%       0.000us       0.000us      10.400us         0.02%      10.400us      10.400us             1  
                         Memcpy HtoD (Pinned -> Device)         0.00%       0.000us         0.00%       0.000us       0.000us       7.872us         0.02%       7.872us       0.984us             8  
void at::native::index_elementwise_kernel<128, 4, at...         0.00%       0.000us         0.00%       0.000us       0.000us       7.104us         0.02%       7.104us       7.104us             1  
                         Memcpy DtoH (Device -> Pinned)         0.00%       0.000us         0.00%       0.000us       0.000us       6.784us         0.02%       6.784us       3.392us             2  
                       Memcpy DtoH (Device -> Pageable)         0.00%       0.000us         0.00%       0.000us       0.000us       5.376us         0.01%       5.376us       2.688us             2  
void at::native::unrolled_elementwise_kernel<at::nat...         0.00%       0.000us         0.00%       0.000us       0.000us       4.735us         0.01%       4.735us       1.578us             3  
void at_cuda_detail::cub::detail::scan::DeviceScanKe...         0.00%       0.000us         0.00%       0.000us       0.000us       4.576us         0.01%       4.576us       1.525us             3  
kernel_cutlass_kernel_flashinfernormkernelsrmsnormRM...         0.00%       0.000us         0.00%       0.000us       0.000us       4.480us         0.01%       4.480us       4.480us             1  
void at::native::vectorized_gather_kernel<16, long>(...         0.00%       0.000us         0.00%       0.000us       0.000us       4.416us         0.01%       4.416us       4.416us             1  
                       Memcpy HtoD (Pageable -> Device)         0.00%       0.000us         0.00%       0.000us       0.000us       4.255us         0.01%       4.255us       0.851us             5  
void at::native::unrolled_elementwise_kernel<at::nat...         0.00%       0.000us         0.00%       0.000us       0.000us       4.064us         0.01%       4.064us       4.064us             1  
void at_cuda_detail::cub::detail::scan::DeviceScanIn...         0.00%       0.000us         0.00%       0.000us       0.000us       3.488us         0.01%       3.488us       1.163us             3  
void at::native::vectorized_elementwise_kernel<2, at...         0.00%       0.000us         0.00%       0.000us       0.000us       3.360us         0.01%       3.360us       1.680us             2  
void at::native::unrolled_elementwise_kernel<at::nat...         0.00%       0.000us         0.00%       0.000us       0.000us       2.783us         0.01%       2.783us       1.391us             2  
                         write_req_to_token_pool_triton         0.00%       0.000us         0.00%       0.000us       0.000us       2.687us         0.01%       2.687us       2.687us             1  
void at::native::reduce_kernel<512, 1, at::native::R...         0.00%       0.000us         0.00%       0.000us       0.000us       2.335us         0.01%       2.335us       2.335us             1  
void at::native::unrolled_elementwise_kernel<at::nat...         0.00%       0.000us         0.00%       0.000us       0.000us       2.335us         0.01%       2.335us       2.335us             1  
void at::native::reduce_kernel<512, 1, at::native::R...         0.00%       0.000us         0.00%       0.000us       0.000us       2.176us         0.00%       2.176us       2.176us             1  
void at::native::(anonymous namespace)::multi_tensor...         0.00%       0.000us         0.00%       0.000us       0.000us       1.824us         0.00%       1.824us       1.824us             1  
                                compute_position_kernel         0.00%       0.000us         0.00%       0.000us       0.000us       1.632us         0.00%       1.632us       1.632us             1  
triton_poi_fused_add_bitwise_and_bitwise_not_bitwise...         0.00%       0.000us         0.00%       0.000us       0.000us       1.600us         0.00%       1.600us       1.600us             1  
                    create_flashinfer_kv_indices_triton         0.00%       0.000us         0.00%       0.000us       0.000us       1.216us         0.00%       1.216us       1.216us             1  
void at::native::unrolled_elementwise_kernel<at::nat...         0.00%       0.000us         0.00%       0.000us       0.000us       1.152us         0.00%       1.152us       1.152us             1  
void at::native::vectorized_elementwise_kernel<4, at...         0.00%       0.000us         0.00%       0.000us       0.000us       0.929us         0.00%       0.929us       0.929us             1  
                                  cudaDeviceSynchronize         5.73%     495.555us         5.73%     495.555us     165.185us       0.000us         0.00%       0.000us       0.000us             3  
                                Activity Buffer Request        20.41%       1.767ms        20.41%       1.767ms       1.767ms       0.000us         0.00%       0.000us       0.000us             1  
                               cudaPointerGetAttributes         0.09%       7.466us         0.09%       7.466us       7.466us       0.000us         0.00%       0.000us       0.000us             1  
                                  cudaStreamIsCapturing         0.12%      10.667us         0.12%      10.667us       0.464us       0.000us         0.00%       0.000us       0.000us            23  
                                        cudaMemcpyAsync        11.41%     987.800us        11.41%     987.800us      13.719us       0.000us         0.00%       0.000us       0.000us            72  
                               cudaEventRecordWithFlags         0.13%      10.865us         0.13%      10.865us       1.358us       0.000us         0.00%       0.000us       0.000us             8  
                                         cudaEventQuery         0.33%      28.160us         0.33%      28.160us       3.520us       0.000us         0.00%       0.000us       0.000us             8  
                                       cuLaunchKernelEx        19.35%       1.674ms        19.35%       1.674ms       6.156us       0.000us         0.00%       0.000us       0.000us           272  
                                       cudaLaunchKernel        13.26%       1.148ms        13.26%       1.148ms       6.378us       0.000us         0.00%       0.000us       0.000us           180  
                                  cudaStreamSynchronize         0.37%      31.697us         0.37%      31.697us       7.924us       0.000us         0.00%       0.000us       0.000us             4  
                                    cudaPeekAtLastError         0.01%       1.295us         0.01%       1.295us       0.108us       0.000us         0.00%       0.000us       0.000us            12  
cudaOccupancyMaxActiveBlocksPerMultiprocessorWithFla...         0.06%       5.384us         0.06%       5.384us       1.795us       0.000us         0.00%       0.000us       0.000us             3  
                                 cudaDeviceGetAttribute         0.34%      29.528us         0.34%      29.528us       0.984us       0.000us         0.00%       0.000us       0.000us            30  
                                    cudaLaunchKernelExC        20.95%       1.813ms        20.95%       1.813ms       6.665us       0.000us         0.00%       0.000us       0.000us           272  
                                         cuLaunchKernel         5.58%     483.097us         5.58%     483.097us       6.115us       0.000us         0.00%       0.000us       0.000us            79  
                                                INVALID         0.57%      49.071us         0.57%      49.071us       0.454us       0.000us         0.00%       0.000us       0.000us           108  
                                   cudaDriverGetVersion         0.12%      10.055us         0.12%      10.055us       0.093us       0.000us         0.00%       0.000us       0.000us           108  
                                   cudaFuncSetAttribute         1.19%     102.624us         1.19%     102.624us       3.801us       0.000us         0.00%       0.000us       0.000us            27  
-------------------------------------------------------  ------------  ------------  ------------  ------------  ------------  ------------  ------------  ------------  ------------  ------------  
Self CPU time total: 8.655ms
Self CUDA time total: 44.792ms

-------------------------------------------------------  ------------  ------------  ------------  ------------  ------------  ------------  ------------  ------------  ------------  ------------  
                                                   Name    Self CPU %      Self CPU   CPU total %     CPU total  CPU time avg     Self CUDA   Self CUDA %    CUDA total  CUDA time avg    # of Calls  
-------------------------------------------------------  ------------  ------------  ------------  ------------  ------------  ------------  ------------  ------------  ------------  ------------  
void (anonymous namespace)::all_reduce_one_shot_kern...         0.00%       0.000us         0.00%       0.000us       0.000us      21.812ms        28.45%      21.812ms     396.584us            55  
void (anonymous namespace)::all_reduce_one_shot_push...         0.00%       0.000us         0.00%       0.000us       0.000us      21.536ms        28.09%      21.536ms     391.571us            55  
kernel_cutlass_kernel_flashinfernormkernelsfused_add...         0.00%       0.000us         0.00%       0.000us       0.000us      15.498ms        20.21%      15.498ms     143.497us           108  
                                       fused_moe_kernel         0.00%       0.000us         0.00%       0.000us       0.000us       8.309ms        10.84%       8.309ms      79.895us           104  
void cutlass::device_kernel<cutlass::fmha::kernel::S...         0.00%       0.000us         0.00%       0.000us       0.000us       1.189ms         1.55%       1.189ms      44.031us            27  
         nvjet_sm100_tst_128x256_64x6_2x2_2cta_h_bz_TNT         0.00%       0.000us         0.00%       0.000us       0.000us     778.109us         1.01%     778.109us       9.606us            81  
void (anonymous namespace)::act_and_mul_kernel<__nv_...         0.00%       0.000us         0.00%       0.000us       0.000us     712.675us         0.93%     712.675us       6.723us           106  
                               _all_gather_kernel_inner         0.00%       0.000us         0.00%       0.000us       0.000us     693.790us         0.90%     693.790us     346.895us             2  
void flashinfer::mla::BatchMLAPagedAttentionKernel<f...         0.00%       0.000us         0.00%       0.000us       0.000us     652.544us         0.85%     652.544us      24.168us            27  
         nvjet_sm100_tst_176x128_64x8_2x2_2cta_h_bz_TNN         0.00%       0.000us         0.00%       0.000us       0.000us     498.714us         0.65%     498.714us      19.181us            26  
               nvjet_sm100_tst_16x64_64x16_4x1_v_bz_TNN         0.00%       0.000us         0.00%       0.000us       0.000us     462.140us         0.60%     462.140us       5.777us            80  
         nvjet_sm100_tst_192x128_64x6_2x2_2cta_h_bz_TNT         0.00%       0.000us         0.00%       0.000us       0.000us     353.726us         0.46%     353.726us      13.101us            27  
void at::native::sbtopk::gatherTopK<float, unsigned ...         0.00%       0.000us         0.00%       0.000us       0.000us     348.445us         0.45%     348.445us       6.701us            52  
void moe_sum_reduce_warp_per_token_vec_kernel<8>(c10...         0.00%       0.000us         0.00%       0.000us       0.000us     258.429us         0.34%     258.429us       9.940us            26  
         nvjet_sm100_tst_144x64_64x12_2x2_2cta_h_bz_TNN         0.00%       0.000us         0.00%       0.000us       0.000us     231.645us         0.30%     231.645us       8.579us            27  
void moe_align_block_size_kernel<int>(int const*, in...         0.00%       0.000us         0.00%       0.000us       0.000us     230.782us         0.30%     230.782us       4.438us            52  
void at::native::sbtopk::gatherTopK<float, unsigned ...         0.00%       0.000us         0.00%       0.000us       0.000us     208.514us         0.27%     208.514us       4.010us            52  
void count_and_sort_expert_tokens_kernel<int>(int co...         0.00%       0.000us         0.00%       0.000us       0.000us     197.565us         0.26%     197.565us       3.799us            52  
          nvjet_sm100_tss_16x64_64x16_2x2_2cta_h_bz_TNN         0.00%       0.000us         0.00%       0.000us       0.000us     190.274us         0.25%     190.274us       7.318us            26  
               nvjet_sm100_tst_32x64_64x16_4x1_v_bz_TNN         0.00%       0.000us         0.00%       0.000us       0.000us     173.312us         0.23%     173.312us       6.666us            26  
                         Memcpy DtoD (Device -> Device)         0.00%       0.000us         0.00%       0.000us       0.000us     172.536us         0.23%     172.536us       3.137us            55  
void at::native::vectorized_elementwise_kernel<8, at...         0.00%       0.000us         0.00%       0.000us       0.000us     160.736us         0.21%     160.736us       3.091us            52  
triton_red_fused__softmax_exp_max_prepare_softmax_on...         0.00%       0.000us         0.00%       0.000us       0.000us     155.429us         0.20%     155.429us       2.989us            52  
void (anonymous namespace)::fused_rope_kernel<false,...         0.00%       0.000us         0.00%       0.000us       0.000us     145.663us         0.19%     145.663us       2.697us            54  
        nvjet_sm100_tss_32x64_64x16_2x1_v_bz_splitK_TNN         0.00%       0.000us         0.00%       0.000us       0.000us     141.729us         0.18%     141.729us       5.451us            26  
        nvjet_sm100_tst_32x64_64x16_4x1_v_bz_splitK_TNN         0.00%       0.000us         0.00%       0.000us       0.000us     137.758us         0.18%     137.758us       5.102us            27  
triton_poi_fused__softmax__to_copy_arange_bitwise_no...         0.00%       0.000us         0.00%       0.000us       0.000us     124.315us         0.16%     124.315us       2.391us            52  
kernel_cutlass_kernel_flashinfernormkernelsrmsnormRM...         0.00%       0.000us         0.00%       0.000us       0.000us     115.646us         0.15%     115.646us       4.283us            27  
void cublasLt::splitKreduce_kernel<32, 16, int, floa...         0.00%       0.000us         0.00%       0.000us       0.000us      98.239us         0.13%      98.239us       3.388us            29  
                nvjet_sm100_tst_8x64_64x16_4x1_v_bz_TNN         0.00%       0.000us         0.00%       0.000us       0.000us      91.486us         0.12%      91.486us       3.388us            27  
                            triton_poi_fused__to_copy_2         0.00%       0.000us         0.00%       0.000us       0.000us      89.830us         0.12%      89.830us       1.727us            52  
                nvjet_sm100_tst_384x8_64x4_2x1_v_bz_TNT         0.00%       0.000us         0.00%       0.000us       0.000us      86.175us         0.11%      86.175us      43.088us             2  
                nvjet_sm100_tst_64x8_64x16_4x1_v_bz_TNT         0.00%       0.000us         0.00%       0.000us       0.000us      78.369us         0.10%      78.369us       2.903us            27  
                           concat_and_cast_mha_k_kernel         0.00%       0.000us         0.00%       0.000us       0.000us      76.829us         0.10%      76.829us       2.846us            27  
kernel_cutlass_kernel_flashinfernormkernelsrmsnormRM...         0.00%       0.000us         0.00%       0.000us       0.000us      71.456us         0.09%      71.456us       2.647us            27  
void cublasLt::splitKreduce_kernel<32, 16, int, floa...         0.00%       0.000us         0.00%       0.000us       0.000us      66.752us         0.09%      66.752us       2.567us            26  
void (anonymous namespace)::set_mla_kv_buffer_kernel...         0.00%       0.000us         0.00%       0.000us       0.000us      60.929us         0.08%      60.929us       2.257us            27  
flashinfer::plan_kernel(int*, int*, int*, int*, int*...         0.00%       0.000us         0.00%       0.000us       0.000us      56.288us         0.07%      56.288us      56.288us             1  
         nvjet_sm100_tst_128x256_64x6_2x1_2cta_v_bz_TNT         0.00%       0.000us         0.00%       0.000us       0.000us      52.351us         0.07%      52.351us      52.351us             1  
void at::native::reduce_kernel<512, 1, at::native::R...         0.00%       0.000us         0.00%       0.000us       0.000us      49.439us         0.06%      49.439us      24.719us             2  
                               set_mla_kv_buffer_kernel         0.00%       0.000us         0.00%       0.000us       0.000us      46.430us         0.06%      46.430us       1.720us            27  
                       triton_poi_fused_copy__mul_sum_0         0.00%       0.000us         0.00%       0.000us       0.000us      45.694us         0.06%      45.694us       1.757us            26  
                         Memcpy HtoD (Pinned -> Device)         0.00%       0.000us         0.00%       0.000us       0.000us      33.471us         0.04%      33.471us       1.969us            17  
         nvjet_sm100_tst_64x8_64x16_4x1_v_bz_splitK_TNT         0.00%       0.000us         0.00%       0.000us       0.000us      17.535us         0.02%      17.535us       8.768us             2  
                       Memcpy DtoH (Device -> Pageable)         0.00%       0.000us         0.00%       0.000us       0.000us      14.335us         0.02%      14.335us       2.867us             5  
void at::native::index_elementwise_kernel<128, 4, at...         0.00%       0.000us         0.00%       0.000us       0.000us      13.472us         0.02%      13.472us       6.736us             2  
void at_cuda_detail::cub::detail::scan::DeviceScanKe...         0.00%       0.000us         0.00%       0.000us       0.000us      11.808us         0.02%      11.808us       1.968us             6  
void at::native::unrolled_elementwise_kernel<at::nat...         0.00%       0.000us         0.00%       0.000us       0.000us      11.552us         0.02%      11.552us       2.310us             5  
void at::native::elementwise_kernel<128, 4, at::nati...         0.00%       0.000us         0.00%       0.000us       0.000us      10.815us         0.01%      10.815us       5.407us             2  
void at_cuda_detail::cub::detail::scan::DeviceScanIn...         0.00%       0.000us         0.00%       0.000us       0.000us       8.097us         0.01%       8.097us       1.350us             6  
                       Memcpy HtoD (Pageable -> Device)         0.00%       0.000us         0.00%       0.000us       0.000us       8.097us         0.01%       8.097us       0.810us            10  
void at::native::unrolled_elementwise_kernel<at::nat...         0.00%       0.000us         0.00%       0.000us       0.000us       7.968us         0.01%       7.968us       3.984us             2  
void at::native::vectorized_elementwise_kernel<2, at...         0.00%       0.000us         0.00%       0.000us       0.000us       7.839us         0.01%       7.839us       1.960us             4  
                         write_req_to_token_pool_triton         0.00%       0.000us         0.00%       0.000us       0.000us       7.136us         0.01%       7.136us       3.568us             2  
void at::native::unrolled_elementwise_kernel<at::nat...         0.00%       0.000us         0.00%       0.000us       0.000us       7.104us         0.01%       7.104us       1.776us             4  
kernel_cutlass_kernel_flashinfernormkernelsrmsnormRM...         0.00%       0.000us         0.00%       0.000us       0.000us       7.008us         0.01%       7.008us       3.504us             2  
                         Memcpy DtoH (Device -> Pinned)         0.00%       0.000us         0.00%       0.000us       0.000us       6.560us         0.01%       6.560us       3.280us             2  
                    create_flashinfer_kv_indices_triton         0.00%       0.000us         0.00%       0.000us       0.000us       5.280us         0.01%       5.280us       2.640us             2  
void at::native::unrolled_elementwise_kernel<at::nat...         0.00%       0.000us         0.00%       0.000us       0.000us       4.608us         0.01%       4.608us       2.304us             2  
void at::native::(anonymous namespace)::multi_tensor...         0.00%       0.000us         0.00%       0.000us       0.000us       4.096us         0.01%       4.096us       2.048us             2  
                                compute_position_kernel         0.00%       0.000us         0.00%       0.000us       0.000us       3.743us         0.00%       3.743us       1.872us             2  
void at::native::vectorized_gather_kernel<16, long>(...         0.00%       0.000us         0.00%       0.000us       0.000us       3.648us         0.00%       3.648us       3.648us             1  
void at::native::unrolled_elementwise_kernel<at::nat...         0.00%       0.000us         0.00%       0.000us       0.000us       3.200us         0.00%       3.200us       1.600us             2  
void at::native::reduce_kernel<512, 1, at::native::R...         0.00%       0.000us         0.00%       0.000us       0.000us       2.944us         0.00%       2.944us       2.944us             1  
void at::native::reduce_kernel<512, 1, at::native::R...         0.00%       0.000us         0.00%       0.000us       0.000us       2.688us         0.00%       2.688us       2.688us             1  
void at::native::vectorized_elementwise_kernel<4, at...         0.00%       0.000us         0.00%       0.000us       0.000us       2.591us         0.00%       2.591us       1.295us             2  
void at::native::(anonymous namespace)::indexSelectS...         0.00%       0.000us         0.00%       0.000us       0.000us       2.305us         0.00%       2.305us       2.305us             1  
triton_poi_fused_add_bitwise_and_bitwise_or_ge_lt_mu...         0.00%       0.000us         0.00%       0.000us       0.000us       2.112us         0.00%       2.112us       2.112us             1  
triton_poi_fused_add_bitwise_and_bitwise_not_bitwise...         0.00%       0.000us         0.00%       0.000us       0.000us       1.824us         0.00%       1.824us       1.824us             1  
triton_poi_fused_bitwise_and_bitwise_not_bitwise_or_...         0.00%       0.000us         0.00%       0.000us       0.000us       1.792us         0.00%       1.792us       1.792us             1  
                                  cudaDeviceSynchronize         6.75%     975.019us         6.75%     975.019us     195.004us       0.000us         0.00%       0.000us       0.000us             5  
                                Activity Buffer Request        12.40%       1.790ms        12.40%       1.790ms       1.790ms       0.000us         0.00%       0.000us       0.000us             1  
                               cudaPointerGetAttributes         0.06%       8.064us         0.06%       8.064us       4.032us       0.000us         0.00%       0.000us       0.000us             2  
                                         cudaEventQuery         0.39%      56.169us         0.39%      56.169us       3.511us       0.000us         0.00%       0.000us       0.000us            16  
                                  cudaStreamIsCapturing         0.15%      21.264us         0.15%      21.264us       0.452us       0.000us         0.00%       0.000us       0.000us            47  
                                        cudaMemcpyAsync         7.31%       1.055ms         7.31%       1.055ms      11.855us       0.000us         0.00%       0.000us       0.000us            89  
                               cudaEventRecordWithFlags         0.13%      19.234us         0.13%      19.234us       1.202us       0.000us         0.00%       0.000us       0.000us            16  
                                       cuLaunchKernelEx        23.26%       3.358ms        23.26%       3.358ms       5.882us       0.000us         0.00%       0.000us       0.000us           571  
                                       cudaLaunchKernel        14.46%       2.087ms        14.46%       2.087ms       6.306us       0.000us         0.00%       0.000us       0.000us           331  
                                  cudaStreamSynchronize         0.30%      43.178us         0.30%      43.178us       6.168us       0.000us         0.00%       0.000us       0.000us             7  
                                    cudaPeekAtLastError         0.02%       2.700us         0.02%       2.700us       0.112us       0.000us         0.00%       0.000us       0.000us            24  
cudaOccupancyMaxActiveBlocksPerMultiprocessorWithFla...         0.07%      10.730us         0.07%      10.730us       1.788us       0.000us         0.00%       0.000us       0.000us             6  
                                 cudaDeviceGetAttribute         0.40%      58.214us         0.40%      58.214us       0.954us       0.000us         0.00%       0.000us       0.000us            61  
                                    cudaLaunchKernelExC        24.25%       3.502ms        24.25%       3.502ms       6.437us       0.000us         0.00%       0.000us       0.000us           544  
                                         cuLaunchKernel         7.02%       1.014ms         7.02%       1.014ms       5.481us       0.000us         0.00%       0.000us       0.000us           185  
                                                INVALID         0.34%      48.626us         0.34%      48.626us       0.450us       0.000us         0.00%       0.000us       0.000us           108  
                                   cudaDriverGetVersion         0.07%      10.048us         0.07%      10.048us       0.093us       0.000us         0.00%       0.000us       0.000us           108  
                                   cudaFuncSetAttribute         1.17%     169.468us         1.17%     169.468us       3.138us       0.000us         0.00%       0.000us       0.000us            54  
                            cudaLaunchCooperativeKernel         1.45%     209.060us         1.45%     209.060us       7.743us       0.000us         0.00%       0.000us       0.000us            27  
-------------------------------------------------------  ------------  ------------  ------------  ------------  ------------  ------------  ------------  ------------  ------------  ------------  
Self CPU time total: 14.438ms
Self CUDA time total: 76.672ms

torch profiler chrome trace for prefill saved to /sgl-workspace/sglang-src/experiment-results/phase11/multiscale_timing_ground_truth/deepseek-v2-lite/chunked_prefill/c2048/r0/traces/trace_rank0_batch1_input2048_output8_prefill.trace.json.gz
Prefill. latency: 0.06015 s, throughput:  34046.30 token/s
Decode 0. Batch size: 1, latency: 0.05631 s, throughput:     17.76 token/s
Decode 1. Batch size: 1, latency: 0.05403 s, throughput:     18.51 token/s
Decode 2. Batch size: 1, latency: 0.05379 s, throughput:     18.59 token/s
Decode 3. Batch size: 1, latency: 0.05406 s, throughput:     18.50 token/s
Decode 4. Batch size: 1, latency: 0.05388 s, throughput:     18.56 token/s
Decode.  median latency: 0.05403 s, median throughput:     18.51 token/s
Total. latency:  0.440 s, throughput:   4671.12 token/s
Warmup workload: batch_size=1, input_len=2049, output_len=8
Prefill. latency: 0.10869 s, throughput:  18852.08 token/s
Decode 0. Batch size: 1, latency: 0.05276 s, throughput:     18.95 token/s
Decode 1. Batch size: 1, latency: 0.05291 s, throughput:     18.90 token/s
Decode 2. Batch size: 1, latency: 0.05297 s, throughput:     18.88 token/s
Decode 3. Batch size: 1, latency: 0.05300 s, throughput:     18.87 token/s
Decode 4. Batch size: 1, latency: 0.05302 s, throughput:     18.86 token/s
Decode.  median latency: 0.05291 s, median throughput:     18.90 token/s
Total. latency:  0.479 s, throughput:   4295.56 token/s
-------------------------------------------------------  ------------  ------------  ------------  ------------  ------------  ------------  ------------  ------------  ------------  ------------  
                                                   Name    Self CPU %      Self CPU   CPU total %     CPU total  CPU time avg     Self CUDA   Self CUDA %    CUDA total  CUDA time avg    # of Calls  
-------------------------------------------------------  ------------  ------------  ------------  ------------  ------------  ------------  ------------  ------------  ------------  ------------  
                                       fused_moe_kernel         0.00%       0.000us         0.00%       0.000us       0.000us       8.309ms        44.81%       8.309ms      79.894us           104  
void (anonymous namespace)::all_reduce_one_shot_kern...         0.00%       0.000us         0.00%       0.000us       0.000us       1.284ms         6.92%       1.284ms      23.337us            55  
void cutlass::device_kernel<cutlass::fmha::kernel::S...         0.00%       0.000us         0.00%       0.000us       0.000us       1.180ms         6.37%       1.180ms      43.718us            27  
         nvjet_sm100_tst_128x256_64x6_2x2_2cta_h_bz_TNT         0.00%       0.000us         0.00%       0.000us       0.000us     773.314us         4.17%     773.314us       9.547us            81  
void flashinfer::mla::BatchMLAPagedAttentionKernel<f...         0.00%       0.000us         0.00%       0.000us       0.000us     644.544us         3.48%     644.544us      23.872us            27  
void (anonymous namespace)::act_and_mul_kernel<__nv_...         0.00%       0.000us         0.00%       0.000us       0.000us     577.434us         3.11%     577.434us       5.447us           106  
         nvjet_sm100_tst_176x128_64x8_2x2_2cta_h_bz_TNN         0.00%       0.000us         0.00%       0.000us       0.000us     484.446us         2.61%     484.446us      18.633us            26  
               nvjet_sm100_tst_16x64_64x16_4x1_v_bz_TNN         0.00%       0.000us         0.00%       0.000us       0.000us     478.876us         2.58%     478.876us       5.986us            80  
kernel_cutlass_kernel_flashinfernormkernelsfused_add...         0.00%       0.000us         0.00%       0.000us       0.000us     444.701us         2.40%     444.701us       4.118us           108  
void at::native::sbtopk::gatherTopK<float, unsigned ...         0.00%       0.000us         0.00%       0.000us       0.000us     347.328us         1.87%     347.328us       6.679us            52  
         nvjet_sm100_tst_192x128_64x6_2x2_2cta_h_bz_TNT         0.00%       0.000us         0.00%       0.000us       0.000us     330.397us         1.78%     330.397us      12.237us            27  
void moe_sum_reduce_warp_per_token_vec_kernel<8>(c10...         0.00%       0.000us         0.00%       0.000us       0.000us     255.873us         1.38%     255.873us       9.841us            26  
void (anonymous namespace)::all_reduce_one_shot_push...         0.00%       0.000us         0.00%       0.000us       0.000us     223.866us         1.21%     223.866us       4.070us            55  
void moe_align_block_size_kernel<int>(int const*, in...         0.00%       0.000us         0.00%       0.000us       0.000us     214.722us         1.16%     214.722us       4.129us            52  
void at::native::sbtopk::gatherTopK<float, unsigned ...         0.00%       0.000us         0.00%       0.000us       0.000us     201.504us         1.09%     201.504us       3.875us            52  
void count_and_sort_expert_tokens_kernel<int>(int co...         0.00%       0.000us         0.00%       0.000us       0.000us     196.126us         1.06%     196.126us       3.772us            52  
         nvjet_sm100_tst_144x64_64x12_2x2_2cta_h_bz_TNN         0.00%       0.000us         0.00%       0.000us       0.000us     187.295us         1.01%     187.295us       6.937us            27  
                         Memcpy DtoD (Device -> Device)         0.00%       0.000us         0.00%       0.000us       0.000us     172.295us         0.93%     172.295us       3.133us            55  
               nvjet_sm100_tst_32x64_64x16_4x1_v_bz_TNN         0.00%       0.000us         0.00%       0.000us       0.000us     171.615us         0.93%     171.615us       6.601us            26  
void at::native::vectorized_elementwise_kernel<8, at...         0.00%       0.000us         0.00%       0.000us       0.000us     158.596us         0.86%     158.596us       3.050us            52  
          nvjet_sm100_tss_16x64_64x16_2x2_2cta_h_bz_TNN         0.00%       0.000us         0.00%       0.000us       0.000us     144.254us         0.78%     144.254us       5.548us            26  
triton_red_fused__softmax_exp_max_prepare_softmax_on...         0.00%       0.000us         0.00%       0.000us       0.000us     140.482us         0.76%     140.482us       2.702us            52  
void (anonymous namespace)::fused_rope_kernel<false,...         0.00%       0.000us         0.00%       0.000us       0.000us     130.335us         0.70%     130.335us       2.414us            54  
        nvjet_sm100_tst_32x64_64x16_4x1_v_bz_splitK_TNN         0.00%       0.000us         0.00%       0.000us       0.000us     109.921us         0.59%     109.921us       4.071us            27  
triton_poi_fused__softmax__to_copy_arange_bitwise_no...         0.00%       0.000us         0.00%       0.000us       0.000us     107.746us         0.58%     107.746us       2.072us            52  
        nvjet_sm100_tss_32x64_64x16_2x1_v_bz_splitK_TNN         0.00%       0.000us         0.00%       0.000us       0.000us      93.567us         0.50%      93.567us       3.599us            26  
                nvjet_sm100_tst_8x64_64x16_4x1_v_bz_TNN         0.00%       0.000us         0.00%       0.000us       0.000us      93.534us         0.50%      93.534us       3.464us            27  
                            triton_poi_fused__to_copy_2         0.00%       0.000us         0.00%       0.000us       0.000us      87.075us         0.47%      87.075us       1.675us            52  
                nvjet_sm100_tst_384x8_64x4_2x1_v_bz_TNT         0.00%       0.000us         0.00%       0.000us       0.000us      84.576us         0.46%      84.576us      42.288us             2  
                nvjet_sm100_tst_64x8_64x16_4x1_v_bz_TNT         0.00%       0.000us         0.00%       0.000us       0.000us      77.024us         0.42%      77.024us       2.853us            27  
                           concat_and_cast_mha_k_kernel         0.00%       0.000us         0.00%       0.000us       0.000us      76.610us         0.41%      76.610us       2.837us            27  
void cublasLt::splitKreduce_kernel<32, 16, int, floa...         0.00%       0.000us         0.00%       0.000us       0.000us      67.299us         0.36%      67.299us       2.321us            29  
kernel_cutlass_kernel_flashinfernormkernelsrmsnormRM...         0.00%       0.000us         0.00%       0.000us       0.000us      66.978us         0.36%      66.978us       2.481us            27  
void (anonymous namespace)::set_mla_kv_buffer_kernel...         0.00%       0.000us         0.00%       0.000us       0.000us      60.897us         0.33%      60.897us       2.255us            27  
flashinfer::plan_kernel(int*, int*, int*, int*, int*...         0.00%       0.000us         0.00%       0.000us       0.000us      56.576us         0.31%      56.576us      56.576us             1  
         nvjet_sm100_tst_128x256_64x6_2x1_2cta_v_bz_TNT         0.00%       0.000us         0.00%       0.000us       0.000us      52.480us         0.28%      52.480us      52.480us             1  
kernel_cutlass_kernel_flashinfernormkernelsrmsnormRM...         0.00%       0.000us         0.00%       0.000us       0.000us      49.151us         0.27%      49.151us       1.820us            27  
void cublasLt::splitKreduce_kernel<32, 16, int, floa...         0.00%       0.000us         0.00%       0.000us       0.000us      47.552us         0.26%      47.552us       1.829us            26  
void at::native::reduce_kernel<512, 1, at::native::R...         0.00%       0.000us         0.00%       0.000us       0.000us      46.880us         0.25%      46.880us      23.440us             2  
                       triton_poi_fused_copy__mul_sum_0         0.00%       0.000us         0.00%       0.000us       0.000us      41.539us         0.22%      41.539us       1.598us            26  
                               set_mla_kv_buffer_kernel         0.00%       0.000us         0.00%       0.000us       0.000us      38.374us         0.21%      38.374us       1.421us            27  
                         Memcpy HtoD (Pinned -> Device)         0.00%       0.000us         0.00%       0.000us       0.000us      37.311us         0.20%      37.311us       2.195us            17  
         nvjet_sm100_tst_64x8_64x16_4x1_v_bz_splitK_TNT         0.00%       0.000us         0.00%       0.000us       0.000us      17.024us         0.09%      17.024us       8.512us             2  
                               _all_gather_kernel_inner         0.00%       0.000us         0.00%       0.000us       0.000us      16.575us         0.09%      16.575us       8.288us             2  
                       Memcpy DtoH (Device -> Pageable)         0.00%       0.000us         0.00%       0.000us       0.000us      14.176us         0.08%      14.176us       2.835us             5  
void at::native::index_elementwise_kernel<128, 4, at...         0.00%       0.000us         0.00%       0.000us       0.000us      14.016us         0.08%      14.016us       7.008us             2  
void at::native::elementwise_kernel<128, 4, at::nati...         0.00%       0.000us         0.00%       0.000us       0.000us      13.281us         0.07%      13.281us       6.640us             2  
                       Memcpy HtoD (Pageable -> Device)         0.00%       0.000us         0.00%       0.000us       0.000us      12.415us         0.07%      12.415us       1.241us            10  
void at_cuda_detail::cub::detail::scan::DeviceScanKe...         0.00%       0.000us         0.00%       0.000us       0.000us      11.327us         0.06%      11.327us       1.888us             6  
void at::native::unrolled_elementwise_kernel<at::nat...         0.00%       0.000us         0.00%       0.000us       0.000us      11.296us         0.06%      11.296us       2.259us             5  
void at::native::unrolled_elementwise_kernel<at::nat...         0.00%       0.000us         0.00%       0.000us       0.000us       9.280us         0.05%       9.280us       4.640us             2  
void at_cuda_detail::cub::detail::scan::DeviceScanIn...         0.00%       0.000us         0.00%       0.000us       0.000us       7.775us         0.04%       7.775us       1.296us             6  
void at::native::vectorized_elementwise_kernel<2, at...         0.00%       0.000us         0.00%       0.000us       0.000us       7.040us         0.04%       7.040us       1.760us             4  
kernel_cutlass_kernel_flashinfernormkernelsrmsnormRM...         0.00%       0.000us         0.00%       0.000us       0.000us       6.848us         0.04%       6.848us       3.424us             2  
void at::native::unrolled_elementwise_kernel<at::nat...         0.00%       0.000us         0.00%       0.000us       0.000us       6.303us         0.03%       6.303us       1.576us             4  
                         write_req_to_token_pool_triton         0.00%       0.000us         0.00%       0.000us       0.000us       6.016us         0.03%       6.016us       3.008us             2  
                         Memcpy DtoH (Device -> Pinned)         0.00%       0.000us         0.00%       0.000us       0.000us       5.824us         0.03%       5.824us       2.912us             2  
void at::native::vectorized_gather_kernel<16, long>(...         0.00%       0.000us         0.00%       0.000us       0.000us       4.416us         0.02%       4.416us       4.416us             1  
void at::native::(anonymous namespace)::multi_tensor...         0.00%       0.000us         0.00%       0.000us       0.000us       3.774us         0.02%       3.774us       1.887us             2  
                    create_flashinfer_kv_indices_triton         0.00%       0.000us         0.00%       0.000us       0.000us       3.744us         0.02%       3.744us       1.872us             2  
void at::native::unrolled_elementwise_kernel<at::nat...         0.00%       0.000us         0.00%       0.000us       0.000us       3.616us         0.02%       3.616us       1.808us             2  
                                compute_position_kernel         0.00%       0.000us         0.00%       0.000us       0.000us       3.392us         0.02%       3.392us       1.696us             2  
void at::native::reduce_kernel<512, 1, at::native::R...         0.00%       0.000us         0.00%       0.000us       0.000us       3.008us         0.02%       3.008us       3.008us             1  
void at::native::vectorized_elementwise_kernel<4, at...         0.00%       0.000us         0.00%       0.000us       0.000us       2.848us         0.02%       2.848us       1.424us             2  
void at::native::unrolled_elementwise_kernel<at::nat...         0.00%       0.000us         0.00%       0.000us       0.000us       2.816us         0.02%       2.816us       1.408us             2  
void at::native::(anonymous namespace)::indexSelectS...         0.00%       0.000us         0.00%       0.000us       0.000us       2.400us         0.01%       2.400us       2.400us             1  
void at::native::reduce_kernel<512, 1, at::native::R...         0.00%       0.000us         0.00%       0.000us       0.000us       2.368us         0.01%       2.368us       2.368us             1  
triton_poi_fused_add_bitwise_and_bitwise_not_bitwise...         0.00%       0.000us         0.00%       0.000us       0.000us       1.376us         0.01%       1.376us       1.376us             1  
triton_poi_fused_add_bitwise_and_bitwise_or_ge_lt_mu...         0.00%       0.000us         0.00%       0.000us       0.000us       1.343us         0.01%       1.343us       1.343us             1  
triton_poi_fused_bitwise_and_bitwise_not_bitwise_or_...         0.00%       0.000us         0.00%       0.000us       0.000us       1.151us         0.01%       1.151us       1.151us             1  
                                  cudaDeviceSynchronize         0.44%      61.412us         0.44%      61.412us      12.282us       0.000us         0.00%       0.000us       0.000us             5  
                                Activity Buffer Request        12.79%       1.780ms        12.79%       1.780ms       1.780ms       0.000us         0.00%       0.000us       0.000us             1  
                               cudaPointerGetAttributes         0.06%       8.255us         0.06%       8.255us       4.127us       0.000us         0.00%       0.000us       0.000us             2  
                                         cudaEventQuery         0.41%      56.626us         0.41%      56.626us       3.539us       0.000us         0.00%       0.000us       0.000us            16  
                                  cudaStreamIsCapturing         0.15%      20.618us         0.15%      20.618us       0.439us       0.000us         0.00%       0.000us       0.000us            47  
                                        cudaMemcpyAsync         8.02%       1.116ms         8.02%       1.116ms      12.537us       0.000us         0.00%       0.000us       0.000us            89  
                               cudaEventRecordWithFlags         0.14%      19.172us         0.14%      19.172us       1.198us       0.000us         0.00%       0.000us       0.000us            16  
                                       cuLaunchKernelEx        25.10%       3.494ms        25.10%       3.494ms       6.119us       0.000us         0.00%       0.000us       0.000us           571  
                                       cudaLaunchKernel        15.42%       2.147ms        15.42%       2.147ms       6.486us       0.000us         0.00%       0.000us       0.000us           331  
                                  cudaStreamSynchronize         0.31%      43.252us         0.31%      43.252us       6.179us       0.000us         0.00%       0.000us       0.000us             7  
                                    cudaPeekAtLastError         0.02%       2.729us         0.02%       2.729us       0.114us       0.000us         0.00%       0.000us       0.000us            24  
cudaOccupancyMaxActiveBlocksPerMultiprocessorWithFla...         0.11%      15.497us         0.11%      15.497us       2.583us       0.000us         0.00%       0.000us       0.000us             6  
                                 cudaDeviceGetAttribute         0.38%      53.368us         0.38%      53.368us       0.875us       0.000us         0.00%       0.000us       0.000us            61  
                                    cudaLaunchKernelExC        25.59%       3.561ms        25.59%       3.561ms       6.546us       0.000us         0.00%       0.000us       0.000us           544  
                                         cuLaunchKernel         7.79%       1.084ms         7.79%       1.084ms       5.862us       0.000us         0.00%       0.000us       0.000us           185  
                                                INVALID         0.36%      50.102us         0.36%      50.102us       0.464us       0.000us         0.00%       0.000us       0.000us           108  
                                   cudaDriverGetVersion         0.07%      10.263us         0.07%      10.263us       0.095us       0.000us         0.00%       0.000us       0.000us           108  
                                   cudaFuncSetAttribute         1.22%     169.293us         1.22%     169.293us       3.135us       0.000us         0.00%       0.000us       0.000us            54  
                            cudaLaunchCooperativeKernel         1.62%     225.999us         1.62%     225.999us       8.370us       0.000us         0.00%       0.000us       0.000us            27  
-------------------------------------------------------  ------------  ------------  ------------  ------------  ------------  ------------  ------------  ------------  ------------  ------------  
Self CPU time total: 13.918ms
Self CUDA time total: 18.541ms

-------------------------------------------------------  ------------  ------------  ------------  ------------  ------------  ------------  ------------  ------------  ------------  ------------  
                                                   Name    Self CPU %      Self CPU   CPU total %     CPU total  CPU time avg     Self CUDA   Self CUDA %    CUDA total  CUDA time avg    # of Calls  
-------------------------------------------------------  ------------  ------------  ------------  ------------  ------------  ------------  ------------  ------------  ------------  ------------  
                                       fused_moe_kernel         0.00%       0.000us         0.00%       0.000us       0.000us      15.292ms        34.71%      15.292ms     147.039us           104  
void flashinfer::mla::BatchMLAPagedAttentionKernel<f...         0.00%       0.000us         0.00%       0.000us       0.000us      11.130ms        25.26%      11.130ms     412.204us            27  
void (anonymous namespace)::all_reduce_one_shot_kern...         0.00%       0.000us         0.00%       0.000us       0.000us       6.476ms        14.70%       6.476ms      58.872us           110  
void cutlass::device_kernel<cutlass::fmha::kernel::S...         0.00%       0.000us         0.00%       0.000us       0.000us       1.189ms         2.70%       1.189ms      44.047us            27  
         nvjet_sm100_tst_128x256_64x6_2x2_2cta_h_bz_TNT         0.00%       0.000us         0.00%       0.000us       0.000us       1.123ms         2.55%       1.123ms      10.402us           108  
void (anonymous namespace)::act_and_mul_kernel<__nv_...         0.00%       0.000us         0.00%       0.000us       0.000us     998.618us         2.27%     998.618us       9.421us           106  
         nvjet_sm100_tst_176x128_64x8_2x2_2cta_h_bz_TNN         0.00%       0.000us         0.00%       0.000us       0.000us     986.844us         2.24%     986.844us      18.978us            52  
kernel_cutlass_kernel_flashinfernormkernelsfused_add...         0.00%       0.000us         0.00%       0.000us       0.000us     878.393us         1.99%     878.393us       8.133us           108  
void at::native::sbtopk::gatherTopK<float, unsigned ...         0.00%       0.000us         0.00%       0.000us       0.000us     697.977us         1.58%     697.977us       6.711us           104  
         nvjet_sm100_tst_192x128_64x6_2x2_2cta_h_bz_TNT         0.00%       0.000us         0.00%       0.000us       0.000us     667.935us         1.52%     667.935us      12.369us            54  
void moe_sum_reduce_warp_per_token_vec_kernel<8>(c10...         0.00%       0.000us         0.00%       0.000us       0.000us     514.496us         1.17%     514.496us       9.894us            52  
         nvjet_sm100_tst_144x64_64x12_2x2_2cta_h_bz_TNN         0.00%       0.000us         0.00%       0.000us       0.000us     375.548us         0.85%     375.548us       6.955us            54  
                         Memcpy DtoD (Device -> Device)         0.00%       0.000us         0.00%       0.000us       0.000us     346.847us         0.79%     346.847us       3.153us           110  
              nvjet_sm100_tst_128x232_64x4_2x1_v_bz_TNT         0.00%       0.000us         0.00%       0.000us       0.000us     327.358us         0.74%     327.358us      12.124us            27  
          nvjet_sm100_tss_16x64_64x16_2x2_2cta_h_bz_TNN         0.00%       0.000us         0.00%       0.000us       0.000us     317.567us         0.72%     317.567us       6.107us            52  
void moe_align_block_size_kernel<int>(int const*, in...         0.00%       0.000us         0.00%       0.000us       0.000us     305.793us         0.69%     305.793us       5.881us            52  
void count_and_sort_expert_tokens_kernel<int>(int co...         0.00%       0.000us         0.00%       0.000us       0.000us     303.458us         0.69%     303.458us       5.836us            52  
void at::native::vectorized_elementwise_kernel<8, at...         0.00%       0.000us         0.00%       0.000us       0.000us     235.294us         0.53%     235.294us       4.525us            52  
         nvjet_sm100_tst_256x256_64x4_2x2_2cta_h_bz_TNT         0.00%       0.000us         0.00%       0.000us       0.000us     188.576us         0.43%     188.576us       6.984us            27  
void (anonymous namespace)::fused_rope_kernel<false,...         0.00%       0.000us         0.00%       0.000us       0.000us     174.565us         0.40%     174.565us       3.233us            54  
triton_red_fused__softmax_exp_max_prepare_softmax_on...         0.00%       0.000us         0.00%       0.000us       0.000us     168.992us         0.38%     168.992us       3.250us            52  
          nvjet_sm100_tst_64x256_64x8_2x2_2cta_h_bz_TNT         0.00%       0.000us         0.00%       0.000us       0.000us     152.221us         0.35%     152.221us       5.638us            27  
triton_poi_fused__softmax__to_copy_arange_bitwise_no...         0.00%       0.000us         0.00%       0.000us       0.000us     152.063us         0.35%     152.063us       2.924us            52  
kernel_cutlass_kernel_flashinfernormkernelsrmsnormRM...         0.00%       0.000us         0.00%       0.000us       0.000us     135.041us         0.31%     135.041us       2.501us            54  
void (anonymous namespace)::set_mla_kv_buffer_kernel...         0.00%       0.000us         0.00%       0.000us       0.000us     122.882us         0.28%     122.882us       2.276us            54  
         nvjet_sm100_tst_128x256_64x6_2x1_2cta_v_bz_TNT         0.00%       0.000us         0.00%       0.000us       0.000us     105.248us         0.24%     105.248us      52.624us             2  
                            triton_poi_fused__to_copy_2         0.00%       0.000us         0.00%       0.000us       0.000us     103.006us         0.23%     103.006us       1.981us            52  
                               _all_gather_kernel_inner         0.00%       0.000us         0.00%       0.000us       0.000us     102.560us         0.23%     102.560us      51.280us             2  
                nvjet_sm100_tst_384x8_64x4_2x1_v_bz_TNT         0.00%       0.000us         0.00%       0.000us       0.000us      93.151us         0.21%      93.151us      46.575us             2  
                           concat_and_cast_mha_k_kernel         0.00%       0.000us         0.00%       0.000us       0.000us      76.449us         0.17%      76.449us       2.831us            27  
flashinfer::plan_kernel(int*, int*, int*, int*, int*...         0.00%       0.000us         0.00%       0.000us       0.000us      56.671us         0.13%      56.671us      56.671us             1  
void at::native::reduce_kernel<512, 1, at::native::R...         0.00%       0.000us         0.00%       0.000us       0.000us      48.864us         0.11%      48.864us      24.432us             2  
                         Memcpy HtoD (Pinned -> Device)         0.00%       0.000us         0.00%       0.000us       0.000us      28.703us         0.07%      28.703us       1.688us            17  
void at::native::elementwise_kernel<128, 4, at::nati...         0.00%       0.000us         0.00%       0.000us       0.000us      17.439us         0.04%      17.439us       8.720us             2  
                       Memcpy DtoH (Device -> Pageable)         0.00%       0.000us         0.00%       0.000us       0.000us      16.096us         0.04%      16.096us       3.219us             5  
void at::native::index_elementwise_kernel<128, 4, at...         0.00%       0.000us         0.00%       0.000us       0.000us      13.472us         0.03%      13.472us       6.736us             2  
void at_cuda_detail::cub::detail::scan::DeviceScanKe...         0.00%       0.000us         0.00%       0.000us       0.000us      12.832us         0.03%      12.832us       2.139us             6  
void at::native::unrolled_elementwise_kernel<at::nat...         0.00%       0.000us         0.00%       0.000us       0.000us      11.904us         0.03%      11.904us       2.381us             5  
                         write_req_to_token_pool_triton         0.00%       0.000us         0.00%       0.000us       0.000us       8.992us         0.02%       8.992us       4.496us             2  
kernel_cutlass_kernel_flashinfernormkernelsrmsnormRM...         0.00%       0.000us         0.00%       0.000us       0.000us       8.896us         0.02%       8.896us       4.448us             2  
void at_cuda_detail::cub::detail::scan::DeviceScanIn...         0.00%       0.000us         0.00%       0.000us       0.000us       8.832us         0.02%       8.832us       1.472us             6  
void at::native::unrolled_elementwise_kernel<at::nat...         0.00%       0.000us         0.00%       0.000us       0.000us       8.672us         0.02%       8.672us       4.336us             2  
                       Memcpy HtoD (Pageable -> Device)         0.00%       0.000us         0.00%       0.000us       0.000us       8.254us         0.02%       8.254us       0.825us            10  
void at::native::vectorized_elementwise_kernel<2, at...         0.00%       0.000us         0.00%       0.000us       0.000us       7.873us         0.02%       7.873us       1.968us             4  
void at::native::unrolled_elementwise_kernel<at::nat...         0.00%       0.000us         0.00%       0.000us       0.000us       7.267us         0.02%       7.267us       1.817us             4  
void at::native::vectorized_gather_kernel<16, long>(...         0.00%       0.000us         0.00%       0.000us       0.000us       7.232us         0.02%       7.232us       3.616us             2  
                    create_flashinfer_kv_indices_triton         0.00%       0.000us         0.00%       0.000us       0.000us       6.496us         0.01%       6.496us       3.248us             2  
                         Memcpy DtoH (Device -> Pinned)         0.00%       0.000us         0.00%       0.000us       0.000us       5.632us         0.01%       5.632us       2.816us             2  
void at::native::(anonymous namespace)::multi_tensor...         0.00%       0.000us         0.00%       0.000us       0.000us       4.193us         0.01%       4.193us       2.097us             2  
void at::native::unrolled_elementwise_kernel<at::nat...         0.00%       0.000us         0.00%       0.000us       0.000us       3.872us         0.01%       3.872us       1.936us             2  
                                compute_position_kernel         0.00%       0.000us         0.00%       0.000us       0.000us       3.680us         0.01%       3.680us       1.840us             2  
void at::native::unrolled_elementwise_kernel<at::nat...         0.00%       0.000us         0.00%       0.000us       0.000us       3.648us         0.01%       3.648us       1.824us             2  
void at::native::reduce_kernel<512, 1, at::native::R...         0.00%       0.000us         0.00%       0.000us       0.000us       3.616us         0.01%       3.616us       3.616us             1  
triton_poi_fused_add_bitwise_and_bitwise_not_bitwise...         0.00%       0.000us         0.00%       0.000us       0.000us       3.424us         0.01%       3.424us       1.712us             2  
void at::native::vectorized_elementwise_kernel<4, at...         0.00%       0.000us         0.00%       0.000us       0.000us       3.296us         0.01%       3.296us       1.648us             2  
void at::native::reduce_kernel<512, 1, at::native::R...         0.00%       0.000us         0.00%       0.000us       0.000us       2.304us         0.01%       2.304us       2.304us             1  
                                  cudaDeviceSynchronize         0.41%      61.075us         0.41%      61.075us      12.215us       0.000us         0.00%       0.000us       0.000us             5  
                                Activity Buffer Request        11.50%       1.727ms        11.50%       1.727ms       1.727ms       0.000us         0.00%       0.000us       0.000us             1  
                               cudaPointerGetAttributes         0.05%       7.671us         0.05%       7.671us       3.835us       0.000us         0.00%       0.000us       0.000us             2  
                                         cudaEventQuery         0.37%      55.374us         0.37%      55.374us       3.461us       0.000us         0.00%       0.000us       0.000us            16  
                                  cudaStreamIsCapturing         0.14%      21.402us         0.14%      21.402us       0.455us       0.000us         0.00%       0.000us       0.000us            47  
                                        cudaMemcpyAsync        19.60%       2.944ms        19.60%       2.944ms      20.445us       0.000us         0.00%       0.000us       0.000us           144  
                               cudaEventRecordWithFlags         0.13%      19.342us         0.13%      19.342us       1.209us       0.000us         0.00%       0.000us       0.000us            16  
                                       cuLaunchKernelEx        21.49%       3.228ms        21.49%       3.228ms       5.933us       0.000us         0.00%       0.000us       0.000us           544  
                                       cudaLaunchKernel        15.07%       2.263ms        15.07%       2.263ms       6.340us       0.000us         0.00%       0.000us       0.000us           357  
                                  cudaStreamSynchronize         0.28%      41.907us         0.28%      41.907us       5.987us       0.000us         0.00%       0.000us       0.000us             7  
                                    cudaPeekAtLastError         0.02%       2.708us         0.02%       2.708us       0.113us       0.000us         0.00%       0.000us       0.000us            24  
cudaOccupancyMaxActiveBlocksPerMultiprocessorWithFla...         0.07%      11.077us         0.07%      11.077us       1.846us       0.000us         0.00%       0.000us       0.000us             6  
                                 cudaDeviceGetAttribute         0.38%      57.426us         0.38%      57.426us       0.941us       0.000us         0.00%       0.000us       0.000us            61  
                                    cudaLaunchKernelExC        21.70%       3.259ms        21.70%       3.259ms       6.316us       0.000us         0.00%       0.000us       0.000us           516  
                                         cuLaunchKernel         5.87%     881.947us         5.87%     881.947us       5.582us       0.000us         0.00%       0.000us       0.000us           158  
                                                INVALID         0.32%      48.330us         0.32%      48.330us       0.447us       0.000us         0.00%       0.000us       0.000us           108  
                                   cudaDriverGetVersion         0.07%      10.151us         0.07%      10.151us       0.094us       0.000us         0.00%       0.000us       0.000us           108  
                                   cudaFuncSetAttribute         1.14%     171.911us         1.14%     171.911us       3.184us       0.000us         0.00%       0.000us       0.000us            54  
                            cudaLaunchCooperativeKernel         1.38%     207.216us         1.38%     207.216us       7.675us       0.000us         0.00%       0.000us       0.000us            27  
-------------------------------------------------------  ------------  ------------  ------------  ------------  ------------  ------------  ------------  ------------  ------------  ------------  
Self CPU time total: 15.019ms
Self CUDA time total: 44.053ms

torch profiler chrome trace for prefill saved to /sgl-workspace/sglang-src/experiment-results/phase11/multiscale_timing_ground_truth/deepseek-v2-lite/chunked_prefill/c2048/r0/traces/trace_rank0_batch1_input2049_output8_prefill.trace.json.gz
Prefill. latency: 0.11863 s, throughput:  17271.88 token/s
Decode 0. Batch size: 1, latency: 0.05442 s, throughput:     18.37 token/s
Decode 1. Batch size: 1, latency: 0.05404 s, throughput:     18.51 token/s
Decode 2. Batch size: 1, latency: 0.05390 s, throughput:     18.55 token/s
Decode 3. Batch size: 1, latency: 0.05403 s, throughput:     18.51 token/s
Decode 4. Batch size: 1, latency: 0.05404 s, throughput:     18.50 token/s
Decode.  median latency: 0.05404 s, median throughput:     18.51 token/s
Total. latency:  0.499 s, throughput:   4118.29 token/s
Warmup workload: batch_size=1, input_len=4095, output_len=8
Prefill. latency: 0.11348 s, throughput:  36086.61 token/s
Decode 0. Batch size: 1, latency: 0.05314 s, throughput:     18.82 token/s
Decode 1. Batch size: 1, latency: 0.05573 s, throughput:     17.94 token/s
Decode 2. Batch size: 1, latency: 0.05307 s, throughput:     18.84 token/s
Decode 3. Batch size: 1, latency: 0.05305 s, throughput:     18.85 token/s
Decode 4. Batch size: 1, latency: 0.05358 s, throughput:     18.66 token/s
Decode.  median latency: 0.05326 s, median throughput:     18.78 token/s
Total. latency:  0.489 s, throughput:   8394.42 token/s
-------------------------------------------------------  ------------  ------------  ------------  ------------  ------------  ------------  ------------  ------------  ------------  ------------  
                                                   Name    Self CPU %      Self CPU   CPU total %     CPU total  CPU time avg     Self CUDA   Self CUDA %    CUDA total  CUDA time avg    # of Calls  
-------------------------------------------------------  ------------  ------------  ------------  ------------  ------------  ------------  ------------  ------------  ------------  ------------  
void (anonymous namespace)::all_reduce_one_shot_kern...         0.00%       0.000us         0.00%       0.000us       0.000us      24.763ms        39.42%      24.763ms     225.122us           110  
                                       fused_moe_kernel         0.00%       0.000us         0.00%       0.000us       0.000us      15.308ms        24.37%      15.308ms     147.190us           104  
void flashinfer::mla::BatchMLAPagedAttentionKernel<f...         0.00%       0.000us         0.00%       0.000us       0.000us      11.145ms        17.74%      11.145ms     412.787us            27  
void cutlass::device_kernel<cutlass::fmha::kernel::S...         0.00%       0.000us         0.00%       0.000us       0.000us       1.181ms         1.88%       1.181ms      43.757us            27  
         nvjet_sm100_tst_128x256_64x6_2x2_2cta_h_bz_TNT         0.00%       0.000us         0.00%       0.000us       0.000us       1.111ms         1.77%       1.111ms      10.289us           108  
void (anonymous namespace)::act_and_mul_kernel<__nv_...         0.00%       0.000us         0.00%       0.000us       0.000us       1.038ms         1.65%       1.038ms       9.790us           106  
kernel_cutlass_kernel_flashinfernormkernelsfused_add...         0.00%       0.000us         0.00%       0.000us       0.000us       1.000ms         1.59%       1.000ms       9.260us           108  
         nvjet_sm100_tst_176x128_64x8_2x2_2cta_h_bz_TNN         0.00%       0.000us         0.00%       0.000us       0.000us     975.933us         1.55%     975.933us      18.768us            52  
void at::native::sbtopk::gatherTopK<float, unsigned ...         0.00%       0.000us         0.00%       0.000us       0.000us     700.124us         1.11%     700.124us       6.732us           104  
         nvjet_sm100_tst_192x128_64x6_2x2_2cta_h_bz_TNT         0.00%       0.000us         0.00%       0.000us       0.000us     682.237us         1.09%     682.237us      12.634us            54  
void moe_sum_reduce_warp_per_token_vec_kernel<8>(c10...         0.00%       0.000us         0.00%       0.000us       0.000us     513.503us         0.82%     513.503us       9.875us            52  
         nvjet_sm100_tst_144x64_64x12_2x2_2cta_h_bz_TNN         0.00%       0.000us         0.00%       0.000us       0.000us     416.664us         0.66%     416.664us       7.716us            54  
                         Memcpy DtoD (Device -> Device)         0.00%       0.000us         0.00%       0.000us       0.000us     346.722us         0.55%     346.722us       3.152us           110  
          nvjet_sm100_tss_16x64_64x16_2x2_2cta_h_bz_TNN         0.00%       0.000us         0.00%       0.000us       0.000us     335.392us         0.53%     335.392us       6.450us            52  
              nvjet_sm100_tst_128x232_64x4_2x1_v_bz_TNT         0.00%       0.000us         0.00%       0.000us       0.000us     329.851us         0.53%     329.851us      12.217us            27  
                               _all_gather_kernel_inner         0.00%       0.000us         0.00%       0.000us       0.000us     310.687us         0.49%     310.687us     155.343us             2  
void count_and_sort_expert_tokens_kernel<int>(int co...         0.00%       0.000us         0.00%       0.000us       0.000us     303.555us         0.48%     303.555us       5.838us            52  
void moe_align_block_size_kernel<int>(int const*, in...         0.00%       0.000us         0.00%       0.000us       0.000us     268.218us         0.43%     268.218us       5.158us            52  
void at::native::vectorized_elementwise_kernel<8, at...         0.00%       0.000us         0.00%       0.000us       0.000us     236.217us         0.38%     236.217us       4.543us            52  
void (anonymous namespace)::fused_rope_kernel<false,...         0.00%       0.000us         0.00%       0.000us       0.000us     235.295us         0.37%     235.295us       4.357us            54  
         nvjet_sm100_tst_256x256_64x4_2x2_2cta_h_bz_TNT         0.00%       0.000us         0.00%       0.000us       0.000us     189.473us         0.30%     189.473us       7.018us            27  
kernel_cutlass_kernel_flashinfernormkernelsrmsnormRM...         0.00%       0.000us         0.00%       0.000us       0.000us     181.024us         0.29%     181.024us       3.352us            54  
triton_red_fused__softmax_exp_max_prepare_softmax_on...         0.00%       0.000us         0.00%       0.000us       0.000us     169.277us         0.27%     169.277us       3.255us            52  
          nvjet_sm100_tst_64x256_64x8_2x2_2cta_h_bz_TNT         0.00%       0.000us         0.00%       0.000us       0.000us     148.511us         0.24%     148.511us       5.500us            27  
triton_poi_fused__softmax__to_copy_arange_bitwise_no...         0.00%       0.000us         0.00%       0.000us       0.000us     130.683us         0.21%     130.683us       2.513us            52  
void (anonymous namespace)::set_mla_kv_buffer_kernel...         0.00%       0.000us         0.00%       0.000us       0.000us     123.327us         0.20%     123.327us       2.284us            54  
         nvjet_sm100_tst_128x256_64x6_2x1_2cta_v_bz_TNT         0.00%       0.000us         0.00%       0.000us       0.000us     105.343us         0.17%     105.343us      52.672us             2  
                            triton_poi_fused__to_copy_2         0.00%       0.000us         0.00%       0.000us       0.000us      94.591us         0.15%      94.591us       1.819us            52  
                nvjet_sm100_tst_384x8_64x4_2x1_v_bz_TNT         0.00%       0.000us         0.00%       0.000us       0.000us      91.584us         0.15%      91.584us      45.792us             2  
                           concat_and_cast_mha_k_kernel         0.00%       0.000us         0.00%       0.000us       0.000us      76.345us         0.12%      76.345us       2.828us            27  
flashinfer::plan_kernel(int*, int*, int*, int*, int*...         0.00%       0.000us         0.00%       0.000us       0.000us      56.448us         0.09%      56.448us      56.448us             1  
void at::native::reduce_kernel<512, 1, at::native::R...         0.00%       0.000us         0.00%       0.000us       0.000us      47.136us         0.08%      47.136us      23.568us             2  
                         Memcpy HtoD (Pinned -> Device)         0.00%       0.000us         0.00%       0.000us       0.000us      36.895us         0.06%      36.895us       2.170us            17  
void at::native::elementwise_kernel<128, 4, at::nati...         0.00%       0.000us         0.00%       0.000us       0.000us      20.864us         0.03%      20.864us      10.432us             2  
                       Memcpy DtoH (Device -> Pageable)         0.00%       0.000us         0.00%       0.000us       0.000us      14.080us         0.02%      14.080us       2.816us             5  
void at::native::index_elementwise_kernel<128, 4, at...         0.00%       0.000us         0.00%       0.000us       0.000us      13.632us         0.02%      13.632us       6.816us             2  
void at::native::unrolled_elementwise_kernel<at::nat...         0.00%       0.000us         0.00%       0.000us       0.000us      11.201us         0.02%      11.201us       2.240us             5  
void at_cuda_detail::cub::detail::scan::DeviceScanKe...         0.00%       0.000us         0.00%       0.000us       0.000us      11.135us         0.02%      11.135us       1.856us             6  
                       Memcpy HtoD (Pageable -> Device)         0.00%       0.000us         0.00%       0.000us       0.000us      10.976us         0.02%      10.976us       1.098us            10  
kernel_cutlass_kernel_flashinfernormkernelsrmsnormRM...         0.00%       0.000us         0.00%       0.000us       0.000us       8.896us         0.01%       8.896us       4.448us             2  
void at::native::unrolled_elementwise_kernel<at::nat...         0.00%       0.000us         0.00%       0.000us       0.000us       8.864us         0.01%       8.864us       4.432us             2  
void at::native::vectorized_gather_kernel<16, long>(...         0.00%       0.000us         0.00%       0.000us       0.000us       8.833us         0.01%       8.833us       4.417us             2  
                         write_req_to_token_pool_triton         0.00%       0.000us         0.00%       0.000us       0.000us       8.736us         0.01%       8.736us       4.368us             2  
void at::native::vectorized_elementwise_kernel<2, at...         0.00%       0.000us         0.00%       0.000us       0.000us       7.392us         0.01%       7.392us       1.848us             4  
void at_cuda_detail::cub::detail::scan::DeviceScanIn...         0.00%       0.000us         0.00%       0.000us       0.000us       7.263us         0.01%       7.263us       1.210us             6  
                         Memcpy DtoH (Device -> Pinned)         0.00%       0.000us         0.00%       0.000us       0.000us       6.688us         0.01%       6.688us       3.344us             2  
void at::native::unrolled_elementwise_kernel<at::nat...         0.00%       0.000us         0.00%       0.000us       0.000us       6.272us         0.01%       6.272us       1.568us             4  
                    create_flashinfer_kv_indices_triton         0.00%       0.000us         0.00%       0.000us       0.000us       6.016us         0.01%       6.016us       3.008us             2  
void at::native::unrolled_elementwise_kernel<at::nat...         0.00%       0.000us         0.00%       0.000us       0.000us       4.224us         0.01%       4.224us       2.112us             2  
void at::native::(anonymous namespace)::multi_tensor...         0.00%       0.000us         0.00%       0.000us       0.000us       3.872us         0.01%       3.872us       1.936us             2  
                                compute_position_kernel         0.00%       0.000us         0.00%       0.000us       0.000us       3.200us         0.01%       3.200us       1.600us             2  
triton_poi_fused_add_bitwise_and_bitwise_not_bitwise...         0.00%       0.000us         0.00%       0.000us       0.000us       3.007us         0.00%       3.007us       1.503us             2  
void at::native::reduce_kernel<512, 1, at::native::R...         0.00%       0.000us         0.00%       0.000us       0.000us       2.560us         0.00%       2.560us       2.560us             1  
void at::native::reduce_kernel<512, 1, at::native::R...         0.00%       0.000us         0.00%       0.000us       0.000us       2.432us         0.00%       2.432us       2.432us             1  
void at::native::unrolled_elementwise_kernel<at::nat...         0.00%       0.000us         0.00%       0.000us       0.000us       2.368us         0.00%       2.368us       1.184us             2  
void at::native::vectorized_elementwise_kernel<4, at...         0.00%       0.000us         0.00%       0.000us       0.000us       2.079us         0.00%       2.079us       1.039us             2  
                                  cudaDeviceSynchronize         1.94%     301.145us         1.94%     301.145us      60.229us       0.000us         0.00%       0.000us       0.000us             5  
                                Activity Buffer Request        10.28%       1.593ms        10.28%       1.593ms       1.593ms       0.000us         0.00%       0.000us       0.000us             1  
                               cudaPointerGetAttributes         0.05%       8.502us         0.05%       8.502us       4.251us       0.000us         0.00%       0.000us       0.000us             2  
                                         cudaEventQuery         0.36%      56.549us         0.36%      56.549us       3.534us       0.000us         0.00%       0.000us       0.000us            16  
                                  cudaStreamIsCapturing         0.14%      21.172us         0.14%      21.172us       0.450us       0.000us         0.00%       0.000us       0.000us            47  
                                        cudaMemcpyAsync        19.38%       3.005ms        19.38%       3.005ms      20.868us       0.000us         0.00%       0.000us       0.000us           144  
                               cudaEventRecordWithFlags         0.13%      20.191us         0.13%      20.191us       1.262us       0.000us         0.00%       0.000us       0.000us            16  
                                       cuLaunchKernelEx        21.67%       3.359ms        21.67%       3.359ms       6.175us       0.000us         0.00%       0.000us       0.000us           544  
                                       cudaLaunchKernel        14.62%       2.267ms        14.62%       2.267ms       6.351us       0.000us         0.00%       0.000us       0.000us           357  
                                  cudaStreamSynchronize         0.28%      43.699us         0.28%      43.699us       6.243us       0.000us         0.00%       0.000us       0.000us             7  
                                    cudaPeekAtLastError         0.02%       2.653us         0.02%       2.653us       0.111us       0.000us         0.00%       0.000us       0.000us            24  
cudaOccupancyMaxActiveBlocksPerMultiprocessorWithFla...         0.07%      10.417us         0.07%      10.417us       1.736us       0.000us         0.00%       0.000us       0.000us             6  
                                 cudaDeviceGetAttribute         0.36%      56.205us         0.36%      56.205us       0.921us       0.000us         0.00%       0.000us       0.000us            61  
                                    cudaLaunchKernelExC        21.72%       3.368ms        21.72%       3.368ms       6.527us       0.000us         0.00%       0.000us       0.000us           516  
                                         cuLaunchKernel         6.00%     930.456us         6.00%     930.456us       5.889us       0.000us         0.00%       0.000us       0.000us           158  
                                                INVALID         0.32%      48.936us         0.32%      48.936us       0.453us       0.000us         0.00%       0.000us       0.000us           108  
                                   cudaDriverGetVersion         0.07%      10.407us         0.07%      10.407us       0.096us       0.000us         0.00%       0.000us       0.000us           108  
                                   cudaFuncSetAttribute         1.15%     177.703us         1.15%     177.703us       3.291us       0.000us         0.00%       0.000us       0.000us            54  
                            cudaLaunchCooperativeKernel         1.44%     223.450us         1.44%     223.450us       8.276us       0.000us         0.00%       0.000us       0.000us            27  
-------------------------------------------------------  ------------  ------------  ------------  ------------  ------------  ------------  ------------  ------------  ------------  ------------  
Self CPU time total: 15.504ms
Self CUDA time total: 62.827ms

torch profiler chrome trace for prefill saved to /sgl-workspace/sglang-src/experiment-results/phase11/multiscale_timing_ground_truth/deepseek-v2-lite/chunked_prefill/c2048/r0/traces/trace_rank0_batch1_input4095_output8_prefill.trace.json.gz
Prefill. latency: 0.11740 s, throughput:  34879.85 token/s
Decode 0. Batch size: 1, latency: 0.05558 s, throughput:     17.99 token/s
Decode 1. Batch size: 1, latency: 0.05544 s, throughput:     18.04 token/s
Decode 2. Batch size: 1, latency: 0.05539 s, throughput:     18.05 token/s
Decode 3. Batch size: 1, latency: 0.05401 s, throughput:     18.52 token/s
Decode 4. Batch size: 1, latency: 0.05521 s, throughput:     18.11 token/s
Decode.  median latency: 0.05521 s, median throughput:     18.11 token/s
Total. latency:  0.501 s, throughput:   8187.36 token/s
Warmup workload: batch_size=1, input_len=4096, output_len=8
Prefill. latency: 0.11071 s, throughput:  36999.09 token/s
Decode 0. Batch size: 1, latency: 0.05526 s, throughput:     18.10 token/s
Decode 1. Batch size: 1, latency: 0.05328 s, throughput:     18.77 token/s
Decode 2. Batch size: 1, latency: 0.05292 s, throughput:     18.90 token/s
Decode 3. Batch size: 1, latency: 0.05302 s, throughput:     18.86 token/s
Decode 4. Batch size: 1, latency: 0.05289 s, throughput:     18.91 token/s
Decode.  median latency: 0.05325 s, median throughput:     18.78 token/s
Total. latency:  0.485 s, throughput:   8468.87 token/s
-------------------------------------------------------  ------------  ------------  ------------  ------------  ------------  ------------  ------------  ------------  ------------  ------------  
                                                   Name    Self CPU %      Self CPU   CPU total %     CPU total  CPU time avg     Self CUDA   Self CUDA %    CUDA total  CUDA time avg    # of Calls  
-------------------------------------------------------  ------------  ------------  ------------  ------------  ------------  ------------  ------------  ------------  ------------  ------------  
                                       fused_moe_kernel         0.00%       0.000us         0.00%       0.000us       0.000us      15.319ms        36.79%      15.319ms     147.296us           104  
void flashinfer::mla::BatchMLAPagedAttentionKernel<f...         0.00%       0.000us         0.00%       0.000us       0.000us      11.097ms        26.65%      11.097ms     410.982us            27  
void (anonymous namespace)::all_reduce_one_shot_kern...         0.00%       0.000us         0.00%       0.000us       0.000us       4.324ms        10.39%       4.324ms      39.311us           110  
         nvjet_sm100_tst_128x256_64x6_2x2_2cta_h_bz_TNT         0.00%       0.000us         0.00%       0.000us       0.000us       1.437ms         3.45%       1.437ms      10.645us           135  
void cutlass::device_kernel<cutlass::fmha::kernel::S...         0.00%       0.000us         0.00%       0.000us       0.000us       1.178ms         2.83%       1.178ms      43.629us            27  
void (anonymous namespace)::act_and_mul_kernel<__nv_...         0.00%       0.000us         0.00%       0.000us       0.000us     999.259us         2.40%     999.259us       9.427us           106  
         nvjet_sm100_tst_176x128_64x8_2x2_2cta_h_bz_TNN         0.00%       0.000us         0.00%       0.000us       0.000us     974.969us         2.34%     974.969us      18.749us            52  
kernel_cutlass_kernel_flashinfernormkernelsfused_add...         0.00%       0.000us         0.00%       0.000us       0.000us     851.422us         2.05%     851.422us       7.884us           108  
void at::native::sbtopk::gatherTopK<float, unsigned ...         0.00%       0.000us         0.00%       0.000us       0.000us     697.344us         1.67%     697.344us       6.705us           104  
         nvjet_sm100_tst_192x128_64x6_2x2_2cta_h_bz_TNT         0.00%       0.000us         0.00%       0.000us       0.000us     658.303us         1.58%     658.303us      12.191us            54  
void moe_sum_reduce_warp_per_token_vec_kernel<8>(c10...         0.00%       0.000us         0.00%       0.000us       0.000us     512.321us         1.23%     512.321us       9.852us            52  
         nvjet_sm100_tst_144x64_64x12_2x2_2cta_h_bz_TNN         0.00%       0.000us         0.00%       0.000us       0.000us     370.845us         0.89%     370.845us       6.867us            54  
                         Memcpy DtoD (Device -> Device)         0.00%       0.000us         0.00%       0.000us       0.000us     347.039us         0.83%     347.039us       3.155us           110  
void count_and_sort_expert_tokens_kernel<int>(int co...         0.00%       0.000us         0.00%       0.000us       0.000us     304.385us         0.73%     304.385us       5.854us            52  
          nvjet_sm100_tss_16x64_64x16_2x2_2cta_h_bz_TNN         0.00%       0.000us         0.00%       0.000us       0.000us     288.256us         0.69%     288.256us       5.543us            52  
void moe_align_block_size_kernel<int>(int const*, in...         0.00%       0.000us         0.00%       0.000us       0.000us     270.082us         0.65%     270.082us       5.194us            52  
void at::native::vectorized_elementwise_kernel<8, at...         0.00%       0.000us         0.00%       0.000us       0.000us     236.761us         0.57%     236.761us       4.553us            52  
         nvjet_sm100_tst_256x256_64x4_2x2_2cta_h_bz_TNT         0.00%       0.000us         0.00%       0.000us       0.000us     187.585us         0.45%     187.585us       6.948us            27  
void (anonymous namespace)::fused_rope_kernel<false,...         0.00%       0.000us         0.00%       0.000us       0.000us     173.792us         0.42%     173.792us       3.218us            54  
triton_red_fused__softmax_exp_max_prepare_softmax_on...         0.00%       0.000us         0.00%       0.000us       0.000us     168.024us         0.40%     168.024us       3.231us            52  
          nvjet_sm100_tst_64x256_64x8_2x2_2cta_h_bz_TNT         0.00%       0.000us         0.00%       0.000us       0.000us     149.151us         0.36%     149.151us       5.524us            27  
kernel_cutlass_kernel_flashinfernormkernelsrmsnormRM...         0.00%       0.000us         0.00%       0.000us       0.000us     132.767us         0.32%     132.767us       2.459us            54  
triton_poi_fused__softmax__to_copy_arange_bitwise_no...         0.00%       0.000us         0.00%       0.000us       0.000us     132.125us         0.32%     132.125us       2.541us            52  
void (anonymous namespace)::set_mla_kv_buffer_kernel...         0.00%       0.000us         0.00%       0.000us       0.000us     122.723us         0.29%     122.723us       2.273us            54  
         nvjet_sm100_tst_128x256_64x6_2x1_2cta_v_bz_TNT         0.00%       0.000us         0.00%       0.000us       0.000us     105.151us         0.25%     105.151us      52.575us             2  
                            triton_poi_fused__to_copy_2         0.00%       0.000us         0.00%       0.000us       0.000us      97.501us         0.23%      97.501us       1.875us            52  
                nvjet_sm100_tst_384x8_64x4_2x1_v_bz_TNT         0.00%       0.000us         0.00%       0.000us       0.000us      90.750us         0.22%      90.750us      45.375us             2  
                           concat_and_cast_mha_k_kernel         0.00%       0.000us         0.00%       0.000us       0.000us      76.575us         0.18%      76.575us       2.836us            27  
flashinfer::plan_kernel(int*, int*, int*, int*, int*...         0.00%       0.000us         0.00%       0.000us       0.000us      56.576us         0.14%      56.576us      56.576us             1  
void at::native::reduce_kernel<512, 1, at::native::R...         0.00%       0.000us         0.00%       0.000us       0.000us      47.424us         0.11%      47.424us      23.712us             2  
                         Memcpy HtoD (Pinned -> Device)         0.00%       0.000us         0.00%       0.000us       0.000us      33.568us         0.08%      33.568us       1.975us            17  
void at::native::elementwise_kernel<128, 4, at::nati...         0.00%       0.000us         0.00%       0.000us       0.000us      20.768us         0.05%      20.768us      10.384us             2  
                               _all_gather_kernel_inner         0.00%       0.000us         0.00%       0.000us       0.000us      16.385us         0.04%      16.385us       8.193us             2  
                       Memcpy DtoH (Device -> Pageable)         0.00%       0.000us         0.00%       0.000us       0.000us      16.320us         0.04%      16.320us       3.264us             5  
void at::native::index_elementwise_kernel<128, 4, at...         0.00%       0.000us         0.00%       0.000us       0.000us      14.432us         0.03%      14.432us       7.216us             2  
void at::native::unrolled_elementwise_kernel<at::nat...         0.00%       0.000us         0.00%       0.000us       0.000us      11.359us         0.03%      11.359us       2.272us             5  
void at_cuda_detail::cub::detail::scan::DeviceScanKe...         0.00%       0.000us         0.00%       0.000us       0.000us      10.977us         0.03%      10.977us       1.830us             6  
                       Memcpy HtoD (Pageable -> Device)         0.00%       0.000us         0.00%       0.000us       0.000us      10.560us         0.03%      10.560us       1.056us            10  
void at::native::unrolled_elementwise_kernel<at::nat...         0.00%       0.000us         0.00%       0.000us       0.000us       9.312us         0.02%       9.312us       4.656us             2  
void at::native::vectorized_gather_kernel<16, long>(...         0.00%       0.000us         0.00%       0.000us       0.000us       8.960us         0.02%       8.960us       4.480us             2  
kernel_cutlass_kernel_flashinfernormkernelsrmsnormRM...         0.00%       0.000us         0.00%       0.000us       0.000us       8.800us         0.02%       8.800us       4.400us             2  
                         write_req_to_token_pool_triton         0.00%       0.000us         0.00%       0.000us       0.000us       7.872us         0.02%       7.872us       3.936us             2  
void at_cuda_detail::cub::detail::scan::DeviceScanIn...         0.00%       0.000us         0.00%       0.000us       0.000us       7.584us         0.02%       7.584us       1.264us             6  
void at::native::vectorized_elementwise_kernel<2, at...         0.00%       0.000us         0.00%       0.000us       0.000us       7.488us         0.02%       7.488us       1.872us             4  
void at::native::unrolled_elementwise_kernel<at::nat...         0.00%       0.000us         0.00%       0.000us       0.000us       6.879us         0.02%       6.879us       1.720us             4  
                         Memcpy DtoH (Device -> Pinned)         0.00%       0.000us         0.00%       0.000us       0.000us       6.208us         0.01%       6.208us       3.104us             2  
                    create_flashinfer_kv_indices_triton         0.00%       0.000us         0.00%       0.000us       0.000us       5.760us         0.01%       5.760us       2.880us             2  
void at::native::unrolled_elementwise_kernel<at::nat...         0.00%       0.000us         0.00%       0.000us       0.000us       3.648us         0.01%       3.648us       1.824us             2  
                                compute_position_kernel         0.00%       0.000us         0.00%       0.000us       0.000us       3.264us         0.01%       3.264us       1.632us             2  
void at::native::(anonymous namespace)::multi_tensor...         0.00%       0.000us         0.00%       0.000us       0.000us       3.200us         0.01%       3.200us       1.600us             2  
void at::native::unrolled_elementwise_kernel<at::nat...         0.00%       0.000us         0.00%       0.000us       0.000us       3.168us         0.01%       3.168us       1.584us             2  
triton_poi_fused_add_bitwise_and_bitwise_not_bitwise...         0.00%       0.000us         0.00%       0.000us       0.000us       3.136us         0.01%       3.136us       1.568us             2  
void at::native::vectorized_elementwise_kernel<4, at...         0.00%       0.000us         0.00%       0.000us       0.000us       2.624us         0.01%       2.624us       1.312us             2  
void at::native::reduce_kernel<512, 1, at::native::R...         0.00%       0.000us         0.00%       0.000us       0.000us       2.560us         0.01%       2.560us       2.560us             1  
void at::native::reduce_kernel<512, 1, at::native::R...         0.00%       0.000us         0.00%       0.000us       0.000us       2.528us         0.01%       2.528us       2.528us             1  
                                  cudaDeviceSynchronize         0.44%      63.841us         0.44%      63.841us      12.768us       0.000us         0.00%       0.000us       0.000us             5  
                                Activity Buffer Request        10.24%       1.471ms        10.24%       1.471ms       1.471ms       0.000us         0.00%       0.000us       0.000us             1  
                               cudaPointerGetAttributes         0.06%       8.855us         0.06%       8.855us       4.428us       0.000us         0.00%       0.000us       0.000us             2  
                                         cudaEventQuery         0.39%      56.539us         0.39%      56.539us       3.534us       0.000us         0.00%       0.000us       0.000us            16  
                                  cudaStreamIsCapturing         0.15%      21.648us         0.15%      21.648us       0.461us       0.000us         0.00%       0.000us       0.000us            47  
                                        cudaMemcpyAsync        15.31%       2.201ms        15.31%       2.201ms      15.287us       0.000us         0.00%       0.000us       0.000us           144  
                               cudaEventRecordWithFlags         0.14%      20.671us         0.14%      20.671us       1.292us       0.000us         0.00%       0.000us       0.000us            16  
                                       cuLaunchKernelEx        23.31%       3.351ms        23.31%       3.351ms       6.159us       0.000us         0.00%       0.000us       0.000us           544  
                                       cudaLaunchKernel        16.03%       2.304ms        16.03%       2.304ms       6.453us       0.000us         0.00%       0.000us       0.000us           357  
                                  cudaStreamSynchronize         0.30%      42.773us         0.30%      42.773us       6.110us       0.000us         0.00%       0.000us       0.000us             7  
                                    cudaPeekAtLastError         0.02%       2.631us         0.02%       2.631us       0.110us       0.000us         0.00%       0.000us       0.000us            24  
cudaOccupancyMaxActiveBlocksPerMultiprocessorWithFla...         0.08%      10.852us         0.08%      10.852us       1.809us       0.000us         0.00%       0.000us       0.000us             6  
                                 cudaDeviceGetAttribute         0.40%      57.803us         0.40%      57.803us       0.948us       0.000us         0.00%       0.000us       0.000us            61  
                                    cudaLaunchKernelExC        23.59%       3.391ms        23.59%       3.391ms       6.571us       0.000us         0.00%       0.000us       0.000us           516  
                                         cuLaunchKernel         6.40%     920.322us         6.40%     920.322us       5.825us       0.000us         0.00%       0.000us       0.000us           158  
                                                INVALID         0.34%      48.846us         0.34%      48.846us       0.452us       0.000us         0.00%       0.000us       0.000us           108  
                                   cudaDriverGetVersion         0.07%      10.269us         0.07%      10.269us       0.095us       0.000us         0.00%       0.000us       0.000us           108  
                                   cudaFuncSetAttribute         1.17%     168.865us         1.17%     168.865us       3.127us       0.000us         0.00%       0.000us       0.000us            54  
                            cudaLaunchCooperativeKernel         1.55%     222.532us         1.55%     222.532us       8.242us       0.000us         0.00%       0.000us       0.000us            27  
-------------------------------------------------------  ------------  ------------  ------------  ------------  ------------  ------------  ------------  ------------  ------------  ------------  
Self CPU time total: 14.374ms
Self CUDA time total: 41.633ms

-------------------------------------------------------  ------------  ------------  ------------  ------------  ------------  ------------  ------------  ------------  ------------  ------------  
                                                   Name    Self CPU %      Self CPU   CPU total %     CPU total  CPU time avg     Self CUDA   Self CUDA %    CUDA total  CUDA time avg    # of Calls  
-------------------------------------------------------  ------------  ------------  ------------  ------------  ------------  ------------  ------------  ------------  ------------  ------------  
void (anonymous namespace)::all_reduce_one_shot_kern...         0.00%       0.000us         0.00%       0.000us       0.000us      25.859ms        40.28%      25.859ms     235.079us           110  
                                       fused_moe_kernel         0.00%       0.000us         0.00%       0.000us       0.000us      15.295ms        23.83%      15.295ms     147.067us           104  
void flashinfer::mla::BatchMLAPagedAttentionKernel<f...         0.00%       0.000us         0.00%       0.000us       0.000us      11.059ms        17.23%      11.059ms     409.587us            27  
         nvjet_sm100_tst_128x256_64x6_2x2_2cta_h_bz_TNT         0.00%       0.000us         0.00%       0.000us       0.000us       1.449ms         2.26%       1.449ms      10.736us           135  
void cutlass::device_kernel<cutlass::fmha::kernel::S...         0.00%       0.000us         0.00%       0.000us       0.000us       1.183ms         1.84%       1.183ms      43.833us            27  
void (anonymous namespace)::act_and_mul_kernel<__nv_...         0.00%       0.000us         0.00%       0.000us       0.000us       1.029ms         1.60%       1.029ms       9.704us           106  
         nvjet_sm100_tst_176x128_64x8_2x2_2cta_h_bz_TNN         0.00%       0.000us         0.00%       0.000us       0.000us     988.858us         1.54%     988.858us      19.016us            52  
kernel_cutlass_kernel_flashinfernormkernelsfused_add...         0.00%       0.000us         0.00%       0.000us       0.000us     983.452us         1.53%     983.452us       9.106us           108  
void at::native::sbtopk::gatherTopK<float, unsigned ...         0.00%       0.000us         0.00%       0.000us       0.000us     698.594us         1.09%     698.594us       6.717us           104  
         nvjet_sm100_tst_192x128_64x6_2x2_2cta_h_bz_TNT         0.00%       0.000us         0.00%       0.000us       0.000us     698.110us         1.09%     698.110us      12.928us            54  
                               _all_gather_kernel_inner         0.00%       0.000us         0.00%       0.000us       0.000us     593.214us         0.92%     593.214us     296.607us             2  
void moe_sum_reduce_warp_per_token_vec_kernel<8>(c10...         0.00%       0.000us         0.00%       0.000us       0.000us     513.247us         0.80%     513.247us       9.870us            52  
         nvjet_sm100_tst_144x64_64x12_2x2_2cta_h_bz_TNN         0.00%       0.000us         0.00%       0.000us       0.000us     426.560us         0.66%     426.560us       7.899us            54  
          nvjet_sm100_tss_16x64_64x16_2x2_2cta_h_bz_TNN         0.00%       0.000us         0.00%       0.000us       0.000us     349.499us         0.54%     349.499us       6.721us            52  
                         Memcpy DtoD (Device -> Device)         0.00%       0.000us         0.00%       0.000us       0.000us     347.778us         0.54%     347.778us       3.162us           110  
void count_and_sort_expert_tokens_kernel<int>(int co...         0.00%       0.000us         0.00%       0.000us       0.000us     303.485us         0.47%     303.485us       5.836us            52  
void moe_align_block_size_kernel<int>(int const*, in...         0.00%       0.000us         0.00%       0.000us       0.000us     301.117us         0.47%     301.117us       5.791us            52  
void at::native::vectorized_elementwise_kernel<8, at...         0.00%       0.000us         0.00%       0.000us       0.000us     235.645us         0.37%     235.645us       4.532us            52  
void (anonymous namespace)::fused_rope_kernel<false,...         0.00%       0.000us         0.00%       0.000us       0.000us     219.995us         0.34%     219.995us       4.074us            54  
         nvjet_sm100_tst_256x256_64x4_2x2_2cta_h_bz_TNT         0.00%       0.000us         0.00%       0.000us       0.000us     189.439us         0.30%     189.439us       7.016us            27  
kernel_cutlass_kernel_flashinfernormkernelsrmsnormRM...         0.00%       0.000us         0.00%       0.000us       0.000us     185.887us         0.29%     185.887us       3.442us            54  
triton_red_fused__softmax_exp_max_prepare_softmax_on...         0.00%       0.000us         0.00%       0.000us       0.000us     170.589us         0.27%     170.589us       3.281us            52  
          nvjet_sm100_tst_64x256_64x8_2x2_2cta_h_bz_TNT         0.00%       0.000us         0.00%       0.000us       0.000us     153.121us         0.24%     153.121us       5.671us            27  
triton_poi_fused__softmax__to_copy_arange_bitwise_no...         0.00%       0.000us         0.00%       0.000us       0.000us     151.524us         0.24%     151.524us       2.914us            52  
void (anonymous namespace)::set_mla_kv_buffer_kernel...         0.00%       0.000us         0.00%       0.000us       0.000us     123.679us         0.19%     123.679us       2.290us            54  
         nvjet_sm100_tst_128x256_64x6_2x1_2cta_v_bz_TNT         0.00%       0.000us         0.00%       0.000us       0.000us     104.319us         0.16%     104.319us      52.159us             2  
                            triton_poi_fused__to_copy_2         0.00%       0.000us         0.00%       0.000us       0.000us     100.161us         0.16%     100.161us       1.926us            52  
                nvjet_sm100_tst_384x8_64x4_2x1_v_bz_TNT         0.00%       0.000us         0.00%       0.000us       0.000us      90.209us         0.14%      90.209us      45.105us             2  
                           concat_and_cast_mha_k_kernel         0.00%       0.000us         0.00%       0.000us       0.000us      76.290us         0.12%      76.290us       2.826us            27  
flashinfer::plan_kernel(int*, int*, int*, int*, int*...         0.00%       0.000us         0.00%       0.000us       0.000us      56.288us         0.09%      56.288us      56.288us             1  
void at::native::reduce_kernel<512, 1, at::native::R...         0.00%       0.000us         0.00%       0.000us       0.000us      48.639us         0.08%      48.639us      24.320us             2  
                         Memcpy HtoD (Pinned -> Device)         0.00%       0.000us         0.00%       0.000us       0.000us      32.188us         0.05%      32.188us       1.893us            17  
void at::native::elementwise_kernel<128, 4, at::nati...         0.00%       0.000us         0.00%       0.000us       0.000us      17.472us         0.03%      17.472us       8.736us             2  
                       Memcpy DtoH (Device -> Pageable)         0.00%       0.000us         0.00%       0.000us       0.000us      14.751us         0.02%      14.751us       2.950us             5  
void at::native::index_elementwise_kernel<128, 4, at...         0.00%       0.000us         0.00%       0.000us       0.000us      13.889us         0.02%      13.889us       6.944us             2  
void at_cuda_detail::cub::detail::scan::DeviceScanKe...         0.00%       0.000us         0.00%       0.000us       0.000us      12.192us         0.02%      12.192us       2.032us             6  
void at::native::unrolled_elementwise_kernel<at::nat...         0.00%       0.000us         0.00%       0.000us       0.000us      11.809us         0.02%      11.809us       2.362us             5  
                         write_req_to_token_pool_triton         0.00%       0.000us         0.00%       0.000us       0.000us       9.248us         0.01%       9.248us       4.624us             2  
                       Memcpy HtoD (Pageable -> Device)         0.00%       0.000us         0.00%       0.000us       0.000us       9.120us         0.01%       9.120us       0.912us            10  
kernel_cutlass_kernel_flashinfernormkernelsrmsnormRM...         0.00%       0.000us         0.00%       0.000us       0.000us       8.864us         0.01%       8.864us       4.432us             2  
void at_cuda_detail::cub::detail::scan::DeviceScanIn...         0.00%       0.000us         0.00%       0.000us       0.000us       8.448us         0.01%       8.448us       1.408us             6  
void at::native::unrolled_elementwise_kernel<at::nat...         0.00%       0.000us         0.00%       0.000us       0.000us       8.032us         0.01%       8.032us       4.016us             2  
void at::native::unrolled_elementwise_kernel<at::nat...         0.00%       0.000us         0.00%       0.000us       0.000us       7.425us         0.01%       7.425us       1.856us             4  
void at::native::vectorized_gather_kernel<16, long>(...         0.00%       0.000us         0.00%       0.000us       0.000us       7.232us         0.01%       7.232us       3.616us             2  
void at::native::vectorized_elementwise_kernel<2, at...         0.00%       0.000us         0.00%       0.000us       0.000us       7.199us         0.01%       7.199us       1.800us             4  
                    create_flashinfer_kv_indices_triton         0.00%       0.000us         0.00%       0.000us       0.000us       6.592us         0.01%       6.592us       3.296us             2  
                         Memcpy DtoH (Device -> Pinned)         0.00%       0.000us         0.00%       0.000us       0.000us       6.272us         0.01%       6.272us       3.136us             2  
void at::native::unrolled_elementwise_kernel<at::nat...         0.00%       0.000us         0.00%       0.000us       0.000us       4.736us         0.01%       4.736us       2.368us             2  
void at::native::(anonymous namespace)::multi_tensor...         0.00%       0.000us         0.00%       0.000us       0.000us       4.160us         0.01%       4.160us       2.080us             2  
                                compute_position_kernel         0.00%       0.000us         0.00%       0.000us       0.000us       3.776us         0.01%       3.776us       1.888us             2  
void at::native::reduce_kernel<512, 1, at::native::R...         0.00%       0.000us         0.00%       0.000us       0.000us       3.488us         0.01%       3.488us       3.488us             1  
triton_poi_fused_add_bitwise_and_bitwise_not_bitwise...         0.00%       0.000us         0.00%       0.000us       0.000us       3.264us         0.01%       3.264us       1.632us             2  
void at::native::unrolled_elementwise_kernel<at::nat...         0.00%       0.000us         0.00%       0.000us       0.000us       2.880us         0.00%       2.880us       1.440us             2  
void at::native::vectorized_elementwise_kernel<4, at...         0.00%       0.000us         0.00%       0.000us       0.000us       2.784us         0.00%       2.784us       1.392us             2  
void at::native::reduce_kernel<512, 1, at::native::R...         0.00%       0.000us         0.00%       0.000us       0.000us       2.431us         0.00%       2.431us       2.431us             1  
                                  cudaDeviceSynchronize         3.34%     492.924us         3.34%     492.924us      98.585us       0.000us         0.00%       0.000us       0.000us             5  
                                Activity Buffer Request        13.28%       1.961ms        13.28%       1.961ms       1.961ms       0.000us         0.00%       0.000us       0.000us             1  
                               cudaPointerGetAttributes         0.06%       8.206us         0.06%       8.206us       4.103us       0.000us         0.00%       0.000us       0.000us             2  
                                         cudaEventQuery         0.38%      55.476us         0.38%      55.476us       3.467us       0.000us         0.00%       0.000us       0.000us            16  
                                  cudaStreamIsCapturing         0.15%      21.993us         0.15%      21.993us       0.468us       0.000us         0.00%       0.000us       0.000us            47  
                                        cudaMemcpyAsync        14.19%       2.096ms        14.19%       2.096ms      14.556us       0.000us         0.00%       0.000us       0.000us           144  
                               cudaEventRecordWithFlags         0.13%      19.855us         0.13%      19.855us       1.241us       0.000us         0.00%       0.000us       0.000us            16  
                                       cuLaunchKernelEx        21.49%       3.174ms        21.49%       3.174ms       5.835us       0.000us         0.00%       0.000us       0.000us           544  
                                       cudaLaunchKernel        15.28%       2.257ms        15.28%       2.257ms       6.321us       0.000us         0.00%       0.000us       0.000us           357  
                                  cudaStreamSynchronize         0.28%      41.796us         0.28%      41.796us       5.971us       0.000us         0.00%       0.000us       0.000us             7  
                                    cudaPeekAtLastError         0.02%       2.706us         0.02%       2.706us       0.113us       0.000us         0.00%       0.000us       0.000us            24  
cudaOccupancyMaxActiveBlocksPerMultiprocessorWithFla...         0.08%      11.142us         0.08%      11.142us       1.857us       0.000us         0.00%       0.000us       0.000us             6  
                                 cudaDeviceGetAttribute         0.39%      57.205us         0.39%      57.205us       0.938us       0.000us         0.00%       0.000us       0.000us            61  
                                    cudaLaunchKernelExC        22.02%       3.252ms        22.02%       3.252ms       6.303us       0.000us         0.00%       0.000us       0.000us           516  
                                         cuLaunchKernel         5.86%     865.454us         5.86%     865.454us       5.478us       0.000us         0.00%       0.000us       0.000us           158  
                                                INVALID         0.33%      48.420us         0.33%      48.420us       0.448us       0.000us         0.00%       0.000us       0.000us           108  
                                   cudaDriverGetVersion         0.07%      10.146us         0.07%      10.146us       0.094us       0.000us         0.00%       0.000us       0.000us           108  
                                   cudaFuncSetAttribute         1.14%     168.861us         1.14%     168.861us       3.127us       0.000us         0.00%       0.000us       0.000us            54  
                            cudaLaunchCooperativeKernel         1.52%     224.464us         1.52%     224.464us       8.313us       0.000us         0.00%       0.000us       0.000us            27  
-------------------------------------------------------  ------------  ------------  ------------  ------------  ------------  ------------  ------------  ------------  ------------  ------------  
Self CPU time total: 14.769ms
Self CUDA time total: 64.192ms

-------------------------------------------------------  ------------  ------------  ------------  ------------  ------------  ------------  ------------  ------------  ------------  ------------  
                                                   Name    Self CPU %      Self CPU   CPU total %     CPU total  CPU time avg     Self CUDA   Self CUDA %    CUDA total  CUDA time avg    # of Calls  
-------------------------------------------------------  ------------  ------------  ------------  ------------  ------------  ------------  ------------  ------------  ------------  ------------  
void (anonymous namespace)::all_reduce_one_shot_kern...         0.00%       0.000us         0.00%       0.000us       0.000us      22.631ms        29.04%      22.631ms     205.738us           110  
                                       fused_moe_kernel         0.00%       0.000us         0.00%       0.000us       0.000us      15.944ms        20.46%      15.944ms     102.205us           156  
void flashinfer::mla::BatchMLAPagedAttentionKernel<f...         0.00%       0.000us         0.00%       0.000us       0.000us      11.910ms        15.28%      11.910ms     220.556us            54  
void (anonymous namespace)::all_reduce_one_shot_push...         0.00%       0.000us         0.00%       0.000us       0.000us       8.135ms        10.44%       8.135ms     147.901us            55  
kernel_cutlass_kernel_flashinfernormkernelsfused_add...         0.00%       0.000us         0.00%       0.000us       0.000us       6.286ms         8.07%       6.286ms      38.802us           162  
         nvjet_sm100_tst_128x256_64x6_2x2_2cta_h_bz_TNT         0.00%       0.000us         0.00%       0.000us       0.000us       1.451ms         1.86%       1.451ms      10.746us           135  
void cutlass::device_kernel<cutlass::fmha::kernel::S...         0.00%       0.000us         0.00%       0.000us       0.000us       1.186ms         1.52%       1.186ms      43.918us            27  
void (anonymous namespace)::act_and_mul_kernel<__nv_...         0.00%       0.000us         0.00%       0.000us       0.000us       1.159ms         1.49%       1.159ms       7.290us           159  
         nvjet_sm100_tst_176x128_64x8_2x2_2cta_h_bz_TNN         0.00%       0.000us         0.00%       0.000us       0.000us     985.020us         1.26%     985.020us      18.943us            52  
void at::native::sbtopk::gatherTopK<float, unsigned ...         0.00%       0.000us         0.00%       0.000us       0.000us     697.151us         0.89%     697.151us       6.703us           104  
         nvjet_sm100_tst_192x128_64x6_2x2_2cta_h_bz_TNT         0.00%       0.000us         0.00%       0.000us       0.000us     691.235us         0.89%     691.235us      12.801us            54  
void moe_sum_reduce_warp_per_token_vec_kernel<8>(c10...         0.00%       0.000us         0.00%       0.000us       0.000us     515.583us         0.66%     515.583us       9.915us            52  
               nvjet_sm100_tst_16x64_64x16_4x1_v_bz_TNN         0.00%       0.000us         0.00%       0.000us       0.000us     467.328us         0.60%     467.328us       5.842us            80  
         nvjet_sm100_tst_144x64_64x12_2x2_2cta_h_bz_TNN         0.00%       0.000us         0.00%       0.000us       0.000us     422.047us         0.54%     422.047us       7.816us            54  
void moe_align_block_size_kernel<int>(int const*, in...         0.00%       0.000us         0.00%       0.000us       0.000us     382.718us         0.49%     382.718us       4.907us            78  
void count_and_sort_expert_tokens_kernel<int>(int co...         0.00%       0.000us         0.00%       0.000us       0.000us     351.227us         0.45%     351.227us       4.503us            78  
          nvjet_sm100_tss_16x64_64x16_2x2_2cta_h_bz_TNN         0.00%       0.000us         0.00%       0.000us       0.000us     350.913us         0.45%     350.913us       6.748us            52  
                         Memcpy DtoD (Device -> Device)         0.00%       0.000us         0.00%       0.000us       0.000us     348.029us         0.45%     348.029us       3.164us           110  
                               _all_gather_kernel_inner         0.00%       0.000us         0.00%       0.000us       0.000us     336.608us         0.43%     336.608us     112.203us             3  
void (anonymous namespace)::fused_rope_kernel<false,...         0.00%       0.000us         0.00%       0.000us       0.000us     302.628us         0.39%     302.628us       3.736us            81  
void at::native::vectorized_elementwise_kernel<8, at...         0.00%       0.000us         0.00%       0.000us       0.000us     278.947us         0.36%     278.947us       3.576us            78  
triton_red_fused__softmax_exp_max_prepare_softmax_on...         0.00%       0.000us         0.00%       0.000us       0.000us     234.533us         0.30%     234.533us       3.007us            78  
void at::native::sbtopk::gatherTopK<float, unsigned ...         0.00%       0.000us         0.00%       0.000us       0.000us     214.852us         0.28%     214.852us       4.132us            52  
triton_poi_fused__softmax__to_copy_arange_bitwise_no...         0.00%       0.000us         0.00%       0.000us       0.000us     200.253us         0.26%     200.253us       2.567us            78  
kernel_cutlass_kernel_flashinfernormkernelsrmsnormRM...         0.00%       0.000us         0.00%       0.000us       0.000us     194.239us         0.25%     194.239us       3.597us            54  
         nvjet_sm100_tst_256x256_64x4_2x2_2cta_h_bz_TNT         0.00%       0.000us         0.00%       0.000us       0.000us     189.951us         0.24%     189.951us       7.035us            27  
               nvjet_sm100_tst_32x64_64x16_4x1_v_bz_TNN         0.00%       0.000us         0.00%       0.000us       0.000us     175.841us         0.23%     175.841us       6.763us            26  
          nvjet_sm100_tst_64x256_64x8_2x2_2cta_h_bz_TNT         0.00%       0.000us         0.00%       0.000us       0.000us     152.610us         0.20%     152.610us       5.652us            27  
                            triton_poi_fused__to_copy_2         0.00%       0.000us         0.00%       0.000us       0.000us     143.556us         0.18%     143.556us       1.840us            78  
                nvjet_sm100_tst_384x8_64x4_2x1_v_bz_TNT         0.00%       0.000us         0.00%       0.000us       0.000us     131.935us         0.17%     131.935us      43.978us             3  
void (anonymous namespace)::set_mla_kv_buffer_kernel...         0.00%       0.000us         0.00%       0.000us       0.000us     123.932us         0.16%     123.932us       2.295us            54  
        nvjet_sm100_tst_32x64_64x16_4x1_v_bz_splitK_TNN         0.00%       0.000us         0.00%       0.000us       0.000us     118.910us         0.15%     118.910us       4.404us            27  
        nvjet_sm100_tss_32x64_64x16_2x1_v_bz_splitK_TNN         0.00%       0.000us         0.00%       0.000us       0.000us     115.421us         0.15%     115.421us       4.439us            26  
         nvjet_sm100_tst_128x256_64x6_2x1_2cta_v_bz_TNT         0.00%       0.000us         0.00%       0.000us       0.000us     104.896us         0.13%     104.896us      52.448us             2  
                nvjet_sm100_tst_8x64_64x16_4x1_v_bz_TNN         0.00%       0.000us         0.00%       0.000us       0.000us      93.056us         0.12%      93.056us       3.447us            27  
                nvjet_sm100_tst_64x8_64x16_4x1_v_bz_TNT         0.00%       0.000us         0.00%       0.000us       0.000us      78.684us         0.10%      78.684us       2.914us            27  
                           concat_and_cast_mha_k_kernel         0.00%       0.000us         0.00%       0.000us       0.000us      76.994us         0.10%      76.994us       2.852us            27  
void cublasLt::splitKreduce_kernel<32, 16, int, floa...         0.00%       0.000us         0.00%       0.000us       0.000us      76.669us         0.10%      76.669us       2.644us            29  
void at::native::reduce_kernel<512, 1, at::native::R...         0.00%       0.000us         0.00%       0.000us       0.000us      73.054us         0.09%      73.054us      24.351us             3  
void cublasLt::splitKreduce_kernel<32, 16, int, floa...         0.00%       0.000us         0.00%       0.000us       0.000us      63.329us         0.08%      63.329us       2.436us            26  
kernel_cutlass_kernel_flashinfernormkernelsrmsnormRM...         0.00%       0.000us         0.00%       0.000us       0.000us      60.097us         0.08%      60.097us       2.226us            27  
flashinfer::plan_kernel(int*, int*, int*, int*, int*...         0.00%       0.000us         0.00%       0.000us       0.000us      56.320us         0.07%      56.320us      56.320us             1  
                         Memcpy HtoD (Pinned -> Device)         0.00%       0.000us         0.00%       0.000us       0.000us      56.128us         0.07%      56.128us       2.159us            26  
                       triton_poi_fused_copy__mul_sum_0         0.00%       0.000us         0.00%       0.000us       0.000us      46.878us         0.06%      46.878us       1.803us            26  
                               set_mla_kv_buffer_kernel         0.00%       0.000us         0.00%       0.000us       0.000us      46.497us         0.06%      46.497us       1.722us            27  
                       Memcpy DtoH (Device -> Pageable)         0.00%       0.000us         0.00%       0.000us       0.000us      24.576us         0.03%      24.576us       3.072us             8  
void at::native::index_elementwise_kernel<128, 4, at...         0.00%       0.000us         0.00%       0.000us       0.000us      20.577us         0.03%      20.577us       6.859us             3  
void at::native::elementwise_kernel<128, 4, at::nati...         0.00%       0.000us         0.00%       0.000us       0.000us      19.680us         0.03%      19.680us       6.560us             3  
void at_cuda_detail::cub::detail::scan::DeviceScanKe...         0.00%       0.000us         0.00%       0.000us       0.000us      17.437us         0.02%      17.437us       1.937us             9  
         nvjet_sm100_tst_64x8_64x16_4x1_v_bz_splitK_TNT         0.00%       0.000us         0.00%       0.000us       0.000us      16.768us         0.02%      16.768us       8.384us             2  
void at::native::unrolled_elementwise_kernel<at::nat...         0.00%       0.000us         0.00%       0.000us       0.000us      16.609us         0.02%      16.609us       2.373us             7  
                         write_req_to_token_pool_triton         0.00%       0.000us         0.00%       0.000us       0.000us      14.208us         0.02%      14.208us       4.736us             3  
void at_cuda_detail::cub::detail::scan::DeviceScanIn...         0.00%       0.000us         0.00%       0.000us       0.000us      13.024us         0.02%      13.024us       1.447us             9  
void at::native::unrolled_elementwise_kernel<at::nat...         0.00%       0.000us         0.00%       0.000us       0.000us      12.545us         0.02%      12.545us       4.182us             3  
                       Memcpy HtoD (Pageable -> Device)         0.00%       0.000us         0.00%       0.000us       0.000us      12.447us         0.02%      12.447us       0.830us            15  
                    create_flashinfer_kv_indices_triton         0.00%       0.000us         0.00%       0.000us       0.000us      12.288us         0.02%      12.288us       4.096us             3  
kernel_cutlass_kernel_flashinfernormkernelsrmsnormRM...         0.00%       0.000us         0.00%       0.000us       0.000us      11.680us         0.01%      11.680us       3.893us             3  
void at::native::unrolled_elementwise_kernel<at::nat...         0.00%       0.000us         0.00%       0.000us       0.000us      10.590us         0.01%      10.590us       1.765us             6  
void at::native::vectorized_elementwise_kernel<2, at...         0.00%       0.000us         0.00%       0.000us       0.000us      10.301us         0.01%      10.301us       1.717us             6  
void at::native::vectorized_gather_kernel<16, long>(...         0.00%       0.000us         0.00%       0.000us       0.000us       7.040us         0.01%       7.040us       3.520us             2  
                                compute_position_kernel         0.00%       0.000us         0.00%       0.000us       0.000us       6.560us         0.01%       6.560us       2.187us             3  
void at::native::unrolled_elementwise_kernel<at::nat...         0.00%       0.000us         0.00%       0.000us       0.000us       6.496us         0.01%       6.496us       2.165us             3  
void at::native::(anonymous namespace)::multi_tensor...         0.00%       0.000us         0.00%       0.000us       0.000us       6.305us         0.01%       6.305us       2.102us             3  
                         Memcpy DtoH (Device -> Pinned)         0.00%       0.000us         0.00%       0.000us       0.000us       5.792us         0.01%       5.792us       2.896us             2  
void at::native::unrolled_elementwise_kernel<at::nat...         0.00%       0.000us         0.00%       0.000us       0.000us       4.704us         0.01%       4.704us       1.568us             3  
void at::native::vectorized_elementwise_kernel<4, at...         0.00%       0.000us         0.00%       0.000us       0.000us       4.321us         0.01%       4.321us       1.440us             3  
void at::native::reduce_kernel<512, 1, at::native::R...         0.00%       0.000us         0.00%       0.000us       0.000us       3.552us         0.00%       3.552us       3.552us             1  
triton_poi_fused_add_bitwise_and_bitwise_not_bitwise...         0.00%       0.000us         0.00%       0.000us       0.000us       3.392us         0.00%       3.392us       1.696us             2  
void at::native::reduce_kernel<512, 1, at::native::R...         0.00%       0.000us         0.00%       0.000us       0.000us       2.560us         0.00%       2.560us       2.560us             1  
void at::native::(anonymous namespace)::indexSelectS...         0.00%       0.000us         0.00%       0.000us       0.000us       2.335us         0.00%       2.335us       2.335us             1  
triton_poi_fused_add_bitwise_and_bitwise_or_ge_lt_mu...         0.00%       0.000us         0.00%       0.000us       0.000us       1.760us         0.00%       1.760us       1.760us             1  
triton_poi_fused_bitwise_and_bitwise_not_bitwise_or_...         0.00%       0.000us         0.00%       0.000us       0.000us       1.408us         0.00%       1.408us       1.408us             1  
                                  cudaDeviceSynchronize         2.67%     533.517us         2.67%     533.517us      76.217us       0.000us         0.00%       0.000us       0.000us             7  
                                Activity Buffer Request         7.19%       1.437ms         7.19%       1.437ms       1.437ms       0.000us         0.00%       0.000us       0.000us             1  
                               cudaPointerGetAttributes         0.07%      13.474us         0.07%      13.474us       4.491us       0.000us         0.00%       0.000us       0.000us             3  
                                         cudaEventQuery         0.41%      82.498us         0.41%      82.498us       3.437us       0.000us         0.00%       0.000us       0.000us            24  
                                  cudaStreamIsCapturing         0.18%      36.696us         0.18%      36.696us       0.517us       0.000us         0.00%       0.000us       0.000us            71  
                                        cudaMemcpyAsync        11.32%       2.262ms        11.32%       2.262ms      14.051us       0.000us         0.00%       0.000us       0.000us           161  
                               cudaEventRecordWithFlags         0.16%      32.268us         0.16%      32.268us       1.345us       0.000us         0.00%       0.000us       0.000us            24  
                                       cuLaunchKernelEx        25.04%       5.006ms        25.04%       5.006ms       5.939us       0.000us         0.00%       0.000us       0.000us           843  
                                       cudaLaunchKernel        16.15%       3.229ms        16.15%       3.229ms       6.357us       0.000us         0.00%       0.000us       0.000us           508  
                                  cudaStreamSynchronize         0.26%      52.382us         0.26%      52.382us       5.238us       0.000us         0.00%       0.000us       0.000us            10  
                                    cudaPeekAtLastError         0.02%       4.182us         0.02%       4.182us       0.116us       0.000us         0.00%       0.000us       0.000us            36  
cudaOccupancyMaxActiveBlocksPerMultiprocessorWithFla...         0.08%      16.141us         0.08%      16.141us       1.793us       0.000us         0.00%       0.000us       0.000us             9  
                                 cudaDeviceGetAttribute         0.42%      83.997us         0.42%      83.997us       0.913us       0.000us         0.00%       0.000us       0.000us            92  
                                    cudaLaunchKernelExC        25.07%       5.012ms        25.07%       5.012ms       6.360us       0.000us         0.00%       0.000us       0.000us           788  
                                         cuLaunchKernel         7.32%       1.464ms         7.32%       1.464ms       5.546us       0.000us         0.00%       0.000us       0.000us           264  
                                                INVALID         0.25%      49.289us         0.25%      49.289us       0.456us       0.000us         0.00%       0.000us       0.000us           108  
                                   cudaDriverGetVersion         0.05%      10.030us         0.05%      10.030us       0.093us       0.000us         0.00%       0.000us       0.000us           108  
                                   cudaFuncSetAttribute         1.21%     242.845us         1.21%     242.845us       2.998us       0.000us         0.00%       0.000us       0.000us            81  
                            cudaLaunchCooperativeKernel         2.13%     425.252us         2.13%     425.252us       7.875us       0.000us         0.00%       0.000us       0.000us            54  
-------------------------------------------------------  ------------  ------------  ------------  ------------  ------------  ------------  ------------  ------------  ------------  ------------  
Self CPU time total: 19.993ms
Self CUDA time total: 77.928ms

torch profiler chrome trace for prefill saved to /sgl-workspace/sglang-src/experiment-results/phase11/multiscale_timing_ground_truth/deepseek-v2-lite/chunked_prefill/c2048/r0/traces/trace_rank0_batch1_input4096_output8_prefill.trace.json.gz
Prefill. latency: 0.11618 s, throughput:  35256.26 token/s
Decode 0. Batch size: 1, latency: 0.49016 s, throughput:      2.04 token/s
Decode 1. Batch size: 1, latency: 0.05520 s, throughput:     18.12 token/s
Decode 2. Batch size: 1, latency: 0.05439 s, throughput:     18.39 token/s
Decode 3. Batch size: 1, latency: 0.05463 s, throughput:     18.30 token/s
Decode 4. Batch size: 1, latency: 0.05403 s, throughput:     18.51 token/s
Decode.  median latency: 0.05439 s, median throughput:     18.39 token/s
Total. latency:  0.933 s, throughput:   4399.94 token/s
Warmup workload: batch_size=1, input_len=4097, output_len=8
Prefill. latency: 0.16454 s, throughput:  24899.10 token/s
Decode 0. Batch size: 1, latency: 0.05331 s, throughput:     18.76 token/s
Decode 1. Batch size: 1, latency: 0.05581 s, throughput:     17.92 token/s
Decode 2. Batch size: 1, latency: 0.05333 s, throughput:     18.75 token/s
Decode 3. Batch size: 1, latency: 0.05374 s, throughput:     18.61 token/s
Decode 4. Batch size: 1, latency: 0.05300 s, throughput:     18.87 token/s
Decode.  median latency: 0.05331 s, median throughput:     18.76 token/s
Total. latency:  0.540 s, throughput:   7598.65 token/s
-------------------------------------------------------  ------------  ------------  ------------  ------------  ------------  ------------  ------------  ------------  ------------  ------------  
                                                   Name    Self CPU %      Self CPU   CPU total %     CPU total  CPU time avg     Self CUDA   Self CUDA %    CUDA total  CUDA time avg    # of Calls  
-------------------------------------------------------  ------------  ------------  ------------  ------------  ------------  ------------  ------------  ------------  ------------  ------------  
kernel_cutlass_kernel_flashinfernormkernelsfused_add...         0.00%       0.000us         0.00%       0.000us       0.000us      35.596ms        27.19%      35.596ms     219.728us           162  
void (anonymous namespace)::all_reduce_one_shot_push...         0.00%       0.000us         0.00%       0.000us       0.000us      34.787ms        26.58%      34.787ms     632.492us            55  
void (anonymous namespace)::all_reduce_one_shot_kern...         0.00%       0.000us         0.00%       0.000us       0.000us      19.699ms        15.05%      19.699ms     179.081us           110  
                                       fused_moe_kernel         0.00%       0.000us         0.00%       0.000us       0.000us      15.977ms        12.21%      15.977ms     102.419us           156  
void flashinfer::mla::BatchMLAPagedAttentionKernel<f...         0.00%       0.000us         0.00%       0.000us       0.000us      11.932ms         9.12%      11.932ms     220.971us            54  
         nvjet_sm100_tst_128x256_64x6_2x2_2cta_h_bz_TNT         0.00%       0.000us         0.00%       0.000us       0.000us       1.430ms         1.09%       1.430ms      10.595us           135  
void (anonymous namespace)::act_and_mul_kernel<__nv_...         0.00%       0.000us         0.00%       0.000us       0.000us       1.228ms         0.94%       1.228ms       7.723us           159  
void cutlass::device_kernel<cutlass::fmha::kernel::S...         0.00%       0.000us         0.00%       0.000us       0.000us       1.179ms         0.90%       1.179ms      43.682us            27  
         nvjet_sm100_tst_176x128_64x8_2x2_2cta_h_bz_TNN         0.00%       0.000us         0.00%       0.000us       0.000us     977.243us         0.75%     977.243us      18.793us            52  
void at::native::sbtopk::gatherTopK<float, unsigned ...         0.00%       0.000us         0.00%       0.000us       0.000us     695.008us         0.53%     695.008us       6.683us           104  
         nvjet_sm100_tst_192x128_64x6_2x2_2cta_h_bz_TNT         0.00%       0.000us         0.00%       0.000us       0.000us     669.629us         0.51%     669.629us      12.401us            54  
void moe_sum_reduce_warp_per_token_vec_kernel<8>(c10...         0.00%       0.000us         0.00%       0.000us       0.000us     513.375us         0.39%     513.375us       9.873us            52  
               nvjet_sm100_tst_16x64_64x16_4x1_v_bz_TNN         0.00%       0.000us         0.00%       0.000us       0.000us     498.174us         0.38%     498.174us       6.227us            80  
                               _all_gather_kernel_inner         0.00%       0.000us         0.00%       0.000us       0.000us     430.719us         0.33%     430.719us     143.573us             3  
         nvjet_sm100_tst_144x64_64x12_2x2_2cta_h_bz_TNN         0.00%       0.000us         0.00%       0.000us       0.000us     398.492us         0.30%     398.492us       7.379us            54  
                         Memcpy DtoD (Device -> Device)         0.00%       0.000us         0.00%       0.000us       0.000us     347.621us         0.27%     347.621us       3.160us           110  
void moe_align_block_size_kernel<int>(int const*, in...         0.00%       0.000us         0.00%       0.000us       0.000us     345.214us         0.26%     345.214us       4.426us            78  
void count_and_sort_expert_tokens_kernel<int>(int co...         0.00%       0.000us         0.00%       0.000us       0.000us     344.062us         0.26%     344.062us       4.411us            78  
          nvjet_sm100_tss_16x64_64x16_2x2_2cta_h_bz_TNN         0.00%       0.000us         0.00%       0.000us       0.000us     312.034us         0.24%     312.034us       6.001us            52  
void at::native::vectorized_elementwise_kernel<8, at...         0.00%       0.000us         0.00%       0.000us       0.000us     276.897us         0.21%     276.897us       3.550us            78  
void (anonymous namespace)::fused_rope_kernel<false,...         0.00%       0.000us         0.00%       0.000us       0.000us     231.620us         0.18%     231.620us       2.860us            81  
triton_red_fused__softmax_exp_max_prepare_softmax_on...         0.00%       0.000us         0.00%       0.000us       0.000us     229.442us         0.18%     229.442us       2.942us            78  
void at::native::sbtopk::gatherTopK<float, unsigned ...         0.00%       0.000us         0.00%       0.000us       0.000us     197.410us         0.15%     197.410us       3.796us            52  
         nvjet_sm100_tst_256x256_64x4_2x2_2cta_h_bz_TNT         0.00%       0.000us         0.00%       0.000us       0.000us     188.508us         0.14%     188.508us       6.982us            27  
               nvjet_sm100_tst_32x64_64x16_4x1_v_bz_TNN         0.00%       0.000us         0.00%       0.000us       0.000us     174.334us         0.13%     174.334us       6.705us            26  
triton_poi_fused__softmax__to_copy_arange_bitwise_no...         0.00%       0.000us         0.00%       0.000us       0.000us     173.656us         0.13%     173.656us       2.226us            78  
kernel_cutlass_kernel_flashinfernormkernelsrmsnormRM...         0.00%       0.000us         0.00%       0.000us       0.000us     166.144us         0.13%     166.144us       3.077us            54  
          nvjet_sm100_tst_64x256_64x8_2x2_2cta_h_bz_TNT         0.00%       0.000us         0.00%       0.000us       0.000us     148.799us         0.11%     148.799us       5.511us            27  
                nvjet_sm100_tst_384x8_64x4_2x1_v_bz_TNT         0.00%       0.000us         0.00%       0.000us       0.000us     133.343us         0.10%     133.343us      44.448us             3  
                            triton_poi_fused__to_copy_2         0.00%       0.000us         0.00%       0.000us       0.000us     133.309us         0.10%     133.309us       1.709us            78  
        nvjet_sm100_tst_32x64_64x16_4x1_v_bz_splitK_TNN         0.00%       0.000us         0.00%       0.000us       0.000us     127.840us         0.10%     127.840us       4.735us            27  
        nvjet_sm100_tss_32x64_64x16_2x1_v_bz_splitK_TNN         0.00%       0.000us         0.00%       0.000us       0.000us     126.558us         0.10%     126.558us       4.868us            26  
void (anonymous namespace)::set_mla_kv_buffer_kernel...         0.00%       0.000us         0.00%       0.000us       0.000us     122.459us         0.09%     122.459us       2.268us            54  
         nvjet_sm100_tst_128x256_64x6_2x1_2cta_v_bz_TNT         0.00%       0.000us         0.00%       0.000us       0.000us     105.664us         0.08%     105.664us      52.832us             2  
                nvjet_sm100_tst_8x64_64x16_4x1_v_bz_TNN         0.00%       0.000us         0.00%       0.000us       0.000us      91.872us         0.07%      91.872us       3.403us            27  
void cublasLt::splitKreduce_kernel<32, 16, int, floa...         0.00%       0.000us         0.00%       0.000us       0.000us      89.442us         0.07%      89.442us       3.084us            29  
                nvjet_sm100_tst_64x8_64x16_4x1_v_bz_TNT         0.00%       0.000us         0.00%       0.000us       0.000us      78.497us         0.06%      78.497us       2.907us            27  
                           concat_and_cast_mha_k_kernel         0.00%       0.000us         0.00%       0.000us       0.000us      76.768us         0.06%      76.768us       2.843us            27  
void at::native::reduce_kernel<512, 1, at::native::R...         0.00%       0.000us         0.00%       0.000us       0.000us      71.072us         0.05%      71.072us      23.691us             3  
kernel_cutlass_kernel_flashinfernormkernelsrmsnormRM...         0.00%       0.000us         0.00%       0.000us       0.000us      66.493us         0.05%      66.493us       2.463us            27  
void cublasLt::splitKreduce_kernel<32, 16, int, floa...         0.00%       0.000us         0.00%       0.000us       0.000us      62.528us         0.05%      62.528us       2.405us            26  
                         Memcpy HtoD (Pinned -> Device)         0.00%       0.000us         0.00%       0.000us       0.000us      61.440us         0.05%      61.440us       2.363us            26  
flashinfer::plan_kernel(int*, int*, int*, int*, int*...         0.00%       0.000us         0.00%       0.000us       0.000us      56.576us         0.04%      56.576us      56.576us             1  
                       triton_poi_fused_copy__mul_sum_0         0.00%       0.000us         0.00%       0.000us       0.000us      42.141us         0.03%      42.141us       1.621us            26  
                               set_mla_kv_buffer_kernel         0.00%       0.000us         0.00%       0.000us       0.000us      41.570us         0.03%      41.570us       1.540us            27  
                       Memcpy DtoH (Device -> Pageable)         0.00%       0.000us         0.00%       0.000us       0.000us      24.994us         0.02%      24.994us       3.124us             8  
void at::native::elementwise_kernel<128, 4, at::nati...         0.00%       0.000us         0.00%       0.000us       0.000us      23.679us         0.02%      23.679us       7.893us             3  
void at::native::index_elementwise_kernel<128, 4, at...         0.00%       0.000us         0.00%       0.000us       0.000us      20.960us         0.02%      20.960us       6.987us             3  
void at::native::unrolled_elementwise_kernel<at::nat...         0.00%       0.000us         0.00%       0.000us       0.000us      17.536us         0.01%      17.536us       2.505us             7  
         nvjet_sm100_tst_64x8_64x16_4x1_v_bz_splitK_TNT         0.00%       0.000us         0.00%       0.000us       0.000us      16.864us         0.01%      16.864us       8.432us             2  
void at_cuda_detail::cub::detail::scan::DeviceScanKe...         0.00%       0.000us         0.00%       0.000us       0.000us      16.127us         0.01%      16.127us       1.792us             9  
                       Memcpy HtoD (Pageable -> Device)         0.00%       0.000us         0.00%       0.000us       0.000us      15.234us         0.01%      15.234us       1.016us            15  
void at::native::unrolled_elementwise_kernel<at::nat...         0.00%       0.000us         0.00%       0.000us       0.000us      12.512us         0.01%      12.512us       4.171us             3  
                         write_req_to_token_pool_triton         0.00%       0.000us         0.00%       0.000us       0.000us      11.904us         0.01%      11.904us       3.968us             3  
kernel_cutlass_kernel_flashinfernormkernelsrmsnormRM...         0.00%       0.000us         0.00%       0.000us       0.000us      10.816us         0.01%      10.816us       3.605us             3  
void at::native::unrolled_elementwise_kernel<at::nat...         0.00%       0.000us         0.00%       0.000us       0.000us      10.591us         0.01%      10.591us       1.765us             6  
void at_cuda_detail::cub::detail::scan::DeviceScanIn...         0.00%       0.000us         0.00%       0.000us       0.000us      10.494us         0.01%      10.494us       1.166us             9  
void at::native::vectorized_elementwise_kernel<2, at...         0.00%       0.000us         0.00%       0.000us       0.000us      10.174us         0.01%      10.174us       1.696us             6  
                    create_flashinfer_kv_indices_triton         0.00%       0.000us         0.00%       0.000us       0.000us       9.887us         0.01%       9.887us       3.296us             3  
void at::native::vectorized_gather_kernel<16, long>(...         0.00%       0.000us         0.00%       0.000us       0.000us       8.896us         0.01%       8.896us       4.448us             2  
                         Memcpy DtoH (Device -> Pinned)         0.00%       0.000us         0.00%       0.000us       0.000us       5.983us         0.00%       5.983us       2.992us             2  
void at::native::unrolled_elementwise_kernel<at::nat...         0.00%       0.000us         0.00%       0.000us       0.000us       5.440us         0.00%       5.440us       1.813us             3  
void at::native::(anonymous namespace)::multi_tensor...         0.00%       0.000us         0.00%       0.000us       0.000us       4.991us         0.00%       4.991us       1.664us             3  
                                compute_position_kernel         0.00%       0.000us         0.00%       0.000us       0.000us       4.417us         0.00%       4.417us       1.472us             3  
void at::native::unrolled_elementwise_kernel<at::nat...         0.00%       0.000us         0.00%       0.000us       0.000us       4.352us         0.00%       4.352us       1.451us             3  
void at::native::vectorized_elementwise_kernel<4, at...         0.00%       0.000us         0.00%       0.000us       0.000us       3.424us         0.00%       3.424us       1.141us             3  
triton_poi_fused_add_bitwise_and_bitwise_not_bitwise...         0.00%       0.000us         0.00%       0.000us       0.000us       2.976us         0.00%       2.976us       1.488us             2  
void at::native::reduce_kernel<512, 1, at::native::R...         0.00%       0.000us         0.00%       0.000us       0.000us       2.431us         0.00%       2.431us       2.431us             1  
void at::native::(anonymous namespace)::indexSelectS...         0.00%       0.000us         0.00%       0.000us       0.000us       2.304us         0.00%       2.304us       2.304us             1  
void at::native::reduce_kernel<512, 1, at::native::R...         0.00%       0.000us         0.00%       0.000us       0.000us       2.208us         0.00%       2.208us       2.208us             1  
triton_poi_fused_add_bitwise_and_bitwise_or_ge_lt_mu...         0.00%       0.000us         0.00%       0.000us       0.000us       1.728us         0.00%       1.728us       1.728us             1  
triton_poi_fused_bitwise_and_bitwise_not_bitwise_or_...         0.00%       0.000us         0.00%       0.000us       0.000us       1.600us         0.00%       1.600us       1.600us             1  
                                  cudaDeviceSynchronize        12.89%       2.804ms        12.89%       2.804ms     400.586us       0.000us         0.00%       0.000us       0.000us             7  
                                Activity Buffer Request         1.44%     312.403us         1.44%     312.403us     312.403us       0.000us         0.00%       0.000us       0.000us             1  
                               cudaPointerGetAttributes         0.07%      15.234us         0.07%      15.234us       5.078us       0.000us         0.00%       0.000us       0.000us             3  
                                         cudaEventQuery         0.39%      84.137us         0.39%      84.137us       3.506us       0.000us         0.00%       0.000us       0.000us            24  
                                  cudaStreamIsCapturing         0.14%      31.347us         0.14%      31.347us       0.442us       0.000us         0.00%       0.000us       0.000us            71  
                                        cudaMemcpyAsync        10.85%       2.361ms        10.85%       2.361ms      14.665us       0.000us         0.00%       0.000us       0.000us           161  
                               cudaEventRecordWithFlags         0.15%      32.856us         0.15%      32.856us       1.369us       0.000us         0.00%       0.000us       0.000us            24  
                                       cuLaunchKernelEx        24.03%       5.228ms        24.03%       5.228ms       6.202us       0.000us         0.00%       0.000us       0.000us           843  
                                       cudaLaunchKernel        15.19%       3.305ms        15.19%       3.305ms       6.506us       0.000us         0.00%       0.000us       0.000us           508  
                                  cudaStreamSynchronize         0.25%      53.392us         0.25%      53.392us       5.339us       0.000us         0.00%       0.000us       0.000us            10  
                                    cudaPeekAtLastError         0.02%       3.962us         0.02%       3.962us       0.110us       0.000us         0.00%       0.000us       0.000us            36  
cudaOccupancyMaxActiveBlocksPerMultiprocessorWithFla...         0.07%      16.299us         0.07%      16.299us       1.811us       0.000us         0.00%       0.000us       0.000us             9  
                                 cudaDeviceGetAttribute         0.38%      81.847us         0.38%      81.847us       0.890us       0.000us         0.00%       0.000us       0.000us            92  
                                    cudaLaunchKernelExC        23.59%       5.132ms        23.59%       5.132ms       6.512us       0.000us         0.00%       0.000us       0.000us           788  
                                         cuLaunchKernel         7.10%       1.544ms         7.10%       1.544ms       5.849us       0.000us         0.00%       0.000us       0.000us           264  
                                                INVALID         0.23%      50.428us         0.23%      50.428us       0.467us       0.000us         0.00%       0.000us       0.000us           108  
                                   cudaDriverGetVersion         0.05%      10.596us         0.05%      10.596us       0.098us       0.000us         0.00%       0.000us       0.000us           108  
                                   cudaFuncSetAttribute         1.14%     248.571us         1.14%     248.571us       3.069us       0.000us         0.00%       0.000us       0.000us            81  
                            cudaLaunchCooperativeKernel         2.01%     437.558us         2.01%     437.558us       8.103us       0.000us         0.00%       0.000us       0.000us            54  
-------------------------------------------------------  ------------  ------------  ------------  ------------  ------------  ------------  ------------  ------------  ------------  ------------  
Self CPU time total: 21.753ms
Self CUDA time total: 130.898ms

torch profiler chrome trace for prefill saved to /sgl-workspace/sglang-src/experiment-results/phase11/multiscale_timing_ground_truth/deepseek-v2-lite/chunked_prefill/c2048/r0/traces/trace_rank0_batch1_input4097_output8_prefill.trace.json.gz
Prefill. latency: 0.17932 s, throughput:  22847.34 token/s
Decode 0. Batch size: 1, latency: 0.05604 s, throughput:     17.85 token/s
Decode 1. Batch size: 1, latency: 0.05463 s, throughput:     18.30 token/s
Decode 2. Batch size: 1, latency: 0.05803 s, throughput:     17.23 token/s
Decode 3. Batch size: 1, latency: 0.05482 s, throughput:     18.24 token/s
Decode 4. Batch size: 1, latency: 0.05447 s, throughput:     18.36 token/s
Decode.  median latency: 0.05463 s, median throughput:     18.30 token/s
Total. latency:  0.566 s, throughput:   7250.52 token/s
Warmup workload: batch_size=4, input_len=2047, output_len=8
Prefill. latency: 0.42282 s, throughput:  19365.05 token/s
Decode 0. Batch size: 4, latency: 0.20612 s, throughput:     19.41 token/s
Decode 1. Batch size: 4, latency: 0.05538 s, throughput:     72.23 token/s
Decode 2. Batch size: 4, latency: 0.05497 s, throughput:     72.76 token/s
Decode 3. Batch size: 4, latency: 0.05535 s, throughput:     72.26 token/s
Decode 4. Batch size: 4, latency: 0.05438 s, throughput:     73.56 token/s
Decode.  median latency: 0.05497 s, median throughput:     72.76 token/s
Total. latency:  0.958 s, throughput:   8581.57 token/s
-------------------------------------------------------  ------------  ------------  ------------  ------------  ------------  ------------  ------------  ------------  ------------  ------------  
                                                   Name    Self CPU %      Self CPU   CPU total %     CPU total  CPU time avg     Self CUDA   Self CUDA %    CUDA total  CUDA time avg    # of Calls  
-------------------------------------------------------  ------------  ------------  ------------  ------------  ------------  ------------  ------------  ------------  ------------  ------------  
ncclDevKernel_AllReduce_Sum_bf16_RING_LL(ncclDevKern...         0.00%       0.000us         0.00%       0.000us       0.000us      33.310ms        46.04%      33.310ms     605.637us            55  
                                       fused_moe_kernel         0.00%       0.000us         0.00%       0.000us       0.000us      24.344ms        33.65%      24.344ms     468.146us            52  
         nvjet_sm100_tst_256x128_64x5_2x2_2cta_h_bz_TNT         0.00%       0.000us         0.00%       0.000us       0.000us       3.002ms         4.15%       3.002ms      27.795us           108  
void cutlass::device_kernel<cutlass::fmha::kernel::S...         0.00%       0.000us         0.00%       0.000us       0.000us       2.303ms         3.18%       2.303ms      85.294us            27  
         nvjet_sm100_tst_128x256_64x6_2x1_2cta_v_bz_TNT         0.00%       0.000us         0.00%       0.000us       0.000us       1.573ms         2.17%       1.573ms      58.267us            27  
void (anonymous namespace)::act_and_mul_kernel<__nv_...         0.00%       0.000us         0.00%       0.000us       0.000us       1.501ms         2.07%       1.501ms      28.322us            53  
kernel_cutlass_kernel_flashinfernormkernelsfused_add...         0.00%       0.000us         0.00%       0.000us       0.000us       1.042ms         1.44%       1.042ms      19.292us            54  
void moe_sum_reduce_warp_per_token_vec_kernel<8>(c10...         0.00%       0.000us         0.00%       0.000us       0.000us       1.012ms         1.40%       1.012ms      38.911us            26  
void at::native::sbtopk::gatherTopK<float, unsigned ...         0.00%       0.000us         0.00%       0.000us       0.000us     839.419us         1.16%     839.419us      16.143us            52  
              nvjet_sm100_tst_192x176_64x4_1x2_h_bz_TNT         0.00%       0.000us         0.00%       0.000us       0.000us     515.260us         0.71%     515.260us      19.084us            27  
void count_and_sort_expert_tokens_kernel<int>(int co...         0.00%       0.000us         0.00%       0.000us       0.000us     490.977us         0.68%     490.977us      18.884us            26  
void at::native::vectorized_elementwise_kernel<8, at...         0.00%       0.000us         0.00%       0.000us       0.000us     353.116us         0.49%     353.116us      13.581us            26  
void moe_align_block_size_kernel<int>(int const*, in...         0.00%       0.000us         0.00%       0.000us       0.000us     344.445us         0.48%     344.445us      13.248us            26  
         nvjet_sm100_tss_32x128_64x12_2x2_2cta_h_bz_TNN         0.00%       0.000us         0.00%       0.000us       0.000us     322.654us         0.45%     322.654us      12.410us            26  
flashinfer::plan_kernel(int*, int*, int*, int*, int*...         0.00%       0.000us         0.00%       0.000us       0.000us     218.975us         0.30%     218.975us     218.975us             1  
kernel_cutlass_kernel_flashinfernormkernelsrmsnormRM...         0.00%       0.000us         0.00%       0.000us       0.000us     197.183us         0.27%     197.183us       7.303us            27  
                           concat_and_cast_mha_k_kernel         0.00%       0.000us         0.00%       0.000us       0.000us     185.983us         0.26%     185.983us       6.888us            27  
triton_red_fused__softmax_exp_max_prepare_softmax_on...         0.00%       0.000us         0.00%       0.000us       0.000us     156.383us         0.22%     156.383us       6.015us            26  
void (anonymous namespace)::fused_rope_kernel<false,...         0.00%       0.000us         0.00%       0.000us       0.000us     154.115us         0.21%     154.115us       5.708us            27  
triton_poi_fused__softmax__to_copy_arange_bitwise_no...         0.00%       0.000us         0.00%       0.000us       0.000us     122.429us         0.17%     122.429us       4.709us            26  
void (anonymous namespace)::set_mla_kv_buffer_kernel...         0.00%       0.000us         0.00%       0.000us       0.000us      93.022us         0.13%      93.022us       3.445us            27  
                nvjet_sm100_tst_384x8_64x4_2x1_v_bz_TNT         0.00%       0.000us         0.00%       0.000us       0.000us      49.312us         0.07%      49.312us      49.312us             1  
                            triton_poi_fused__to_copy_2         0.00%       0.000us         0.00%       0.000us       0.000us      49.184us         0.07%      49.184us       1.892us            26  
void at::native::elementwise_kernel<128, 4, at::nati...         0.00%       0.000us         0.00%       0.000us       0.000us      32.256us         0.04%      32.256us      32.256us             1  
void at::native::reduce_kernel<512, 1, at::native::R...         0.00%       0.000us         0.00%       0.000us       0.000us      23.520us         0.03%      23.520us      23.520us             1  
                               _all_gather_kernel_inner         0.00%       0.000us         0.00%       0.000us       0.000us      14.816us         0.02%      14.816us      14.816us             1  
void at::native::vectorized_gather_kernel<16, long>(...         0.00%       0.000us         0.00%       0.000us       0.000us      13.472us         0.02%      13.472us       6.736us             2  
                         Memcpy HtoD (Pinned -> Device)         0.00%       0.000us         0.00%       0.000us       0.000us      11.520us         0.02%      11.520us       1.440us             8  
kernel_cutlass_kernel_flashinfernormkernelsrmsnormRM...         0.00%       0.000us         0.00%       0.000us       0.000us      10.335us         0.01%      10.335us      10.335us             1  
                         Memcpy DtoH (Device -> Pinned)         0.00%       0.000us         0.00%       0.000us       0.000us       5.984us         0.01%       5.984us       2.992us             2  
void at::native::unrolled_elementwise_kernel<at::nat...         0.00%       0.000us         0.00%       0.000us       0.000us       5.537us         0.01%       5.537us       1.846us             3  
                       Memcpy DtoH (Device -> Pageable)         0.00%       0.000us         0.00%       0.000us       0.000us       5.409us         0.01%       5.409us       2.705us             2  
                       Memcpy HtoD (Pageable -> Device)         0.00%       0.000us         0.00%       0.000us       0.000us       4.930us         0.01%       4.930us       0.986us             5  
void at_cuda_detail::cub::detail::scan::DeviceScanKe...         0.00%       0.000us         0.00%       0.000us       0.000us       4.928us         0.01%       4.928us       1.643us             3  
void at::native::unrolled_elementwise_kernel<at::nat...         0.00%       0.000us         0.00%       0.000us       0.000us       4.160us         0.01%       4.160us       4.160us             1  
void at_cuda_detail::cub::detail::scan::DeviceScanIn...         0.00%       0.000us         0.00%       0.000us       0.000us       3.841us         0.01%       3.841us       1.280us             3  
                         write_req_to_token_pool_triton         0.00%       0.000us         0.00%       0.000us       0.000us       3.232us         0.00%       3.232us       3.232us             1  
void at::native::vectorized_elementwise_kernel<2, at...         0.00%       0.000us         0.00%       0.000us       0.000us       3.136us         0.00%       3.136us       1.568us             2  
void at::native::(anonymous namespace)::multi_tensor...         0.00%       0.000us         0.00%       0.000us       0.000us       3.104us         0.00%       3.104us       3.104us             1  
void at::native::unrolled_elementwise_kernel<at::nat...         0.00%       0.000us         0.00%       0.000us       0.000us       2.944us         0.00%       2.944us       1.472us             2  
void at::native::reduce_kernel<512, 1, at::native::R...         0.00%       0.000us         0.00%       0.000us       0.000us       2.623us         0.00%       2.623us       2.623us             1  
void at::native::reduce_kernel<512, 1, at::native::R...         0.00%       0.000us         0.00%       0.000us       0.000us       2.432us         0.00%       2.432us       2.432us             1  
triton_poi_fused_add_bitwise_and_bitwise_not_bitwise...         0.00%       0.000us         0.00%       0.000us       0.000us       1.920us         0.00%       1.920us       1.920us             1  
void at::native::unrolled_elementwise_kernel<at::nat...         0.00%       0.000us         0.00%       0.000us       0.000us       1.888us         0.00%       1.888us       1.888us             1  
                                compute_position_kernel         0.00%       0.000us         0.00%       0.000us       0.000us       1.856us         0.00%       1.856us       1.856us             1  
                    create_flashinfer_kv_indices_triton         0.00%       0.000us         0.00%       0.000us       0.000us       1.216us         0.00%       1.216us       1.216us             1  
void at::native::unrolled_elementwise_kernel<at::nat...         0.00%       0.000us         0.00%       0.000us       0.000us       1.184us         0.00%       1.184us       1.184us             1  
void at::native::vectorized_elementwise_kernel<4, at...         0.00%       0.000us         0.00%       0.000us       0.000us       1.023us         0.00%       1.023us       1.023us             1  
                                  cudaDeviceSynchronize        55.97%      11.247ms        57.79%      11.613ms       3.871ms       0.000us         0.00%       0.000us       0.000us             3  
                                Activity Buffer Request         8.27%       1.661ms         8.27%       1.661ms       1.661ms       0.000us         0.00%       0.000us       0.000us             1  
                               cudaPointerGetAttributes         0.07%      14.003us         0.07%      14.003us      14.003us       0.000us         0.00%       0.000us       0.000us             1  
                                  cudaStreamIsCapturing         0.44%      88.565us         0.44%      88.565us       0.666us       0.000us         0.00%       0.000us       0.000us           133  
                                        cudaMemcpyAsync         2.20%     441.529us         2.20%     441.529us      25.972us       0.000us         0.00%       0.000us       0.000us            17  
                               cudaEventRecordWithFlags         0.43%      87.267us         0.43%      87.267us       1.385us       0.000us         0.00%       0.000us       0.000us            63  
                                         cudaEventQuery         1.82%     365.262us         1.82%     365.262us       2.297us       0.000us         0.00%       0.000us       0.000us           159  
                                       cuLaunchKernelEx        10.45%       2.099ms        10.45%       2.099ms       6.420us       0.000us         0.00%       0.000us       0.000us           327  
                                       cudaLaunchKernel         5.63%       1.131ms         5.63%       1.131ms       6.282us       0.000us         0.00%       0.000us       0.000us           180  
                                  cudaStreamSynchronize         0.83%     167.269us         0.83%     167.269us      41.817us       0.000us         0.00%       0.000us       0.000us             4  
                                    cudaPeekAtLastError         0.01%       1.382us         0.01%       1.382us       0.115us       0.000us         0.00%       0.000us       0.000us            12  
cudaOccupancyMaxActiveBlocksPerMultiprocessorWithFla...         0.03%       5.369us         0.03%       5.369us       1.790us       0.000us         0.00%       0.000us       0.000us             3  
                                 cudaDeviceGetAttribute         0.15%      30.452us         0.15%      30.452us       1.015us       0.000us         0.00%       0.000us       0.000us            30  
                                    cudaLaunchKernelExC         7.27%       1.462ms         7.27%       1.462ms       6.735us       0.000us         0.00%       0.000us       0.000us           217  
                                         cuLaunchKernel         2.21%     443.599us         2.21%     443.599us       5.615us       0.000us         0.00%       0.000us       0.000us            79  
                                                INVALID         0.55%     111.373us         0.55%     111.373us       0.683us       0.000us         0.00%       0.000us       0.000us           163  
                                        cudaEventRecord         1.49%     300.022us         1.49%     300.022us       1.818us       0.000us         0.00%       0.000us       0.000us           165  
                                    cudaStreamWaitEvent         1.04%     208.518us         1.04%     208.518us       1.896us       0.000us         0.00%       0.000us       0.000us           110  
                                    cudaGetFuncBySymbol         0.48%      97.109us         0.48%      97.109us       1.766us       0.000us         0.00%       0.000us       0.000us            55  
                                   cudaDriverGetVersion         0.05%      10.263us         0.05%      10.263us       0.095us       0.000us         0.00%       0.000us       0.000us           108  
                                   cudaFuncSetAttribute         0.47%      94.527us         0.47%      94.527us       3.501us       0.000us         0.00%       0.000us       0.000us            27  
                    cudaThreadExchangeStreamCaptureMode         0.14%      28.075us         0.14%      28.075us       0.255us       0.000us         0.00%       0.000us       0.000us           110  
-------------------------------------------------------  ------------  ------------  ------------  ------------  ------------  ------------  ------------  ------------  ------------  ------------  
Self CPU time total: 20.094ms
Self CUDA time total: 72.346ms

-------------------------------------------------------  ------------  ------------  ------------  ------------  ------------  ------------  ------------  ------------  ------------  ------------  
                                                   Name    Self CPU %      Self CPU   CPU total %     CPU total  CPU time avg     Self CUDA   Self CUDA %    CUDA total  CUDA time avg    # of Calls  
-------------------------------------------------------  ------------  ------------  ------------  ------------  ------------  ------------  ------------  ------------  ------------  ------------  
                                       fused_moe_kernel         0.00%       0.000us         0.00%       0.000us       0.000us      24.317ms        56.03%      24.317ms     467.637us            52  
ncclDevKernel_AllReduce_Sum_bf16_RING_LL(ncclDevKern...         0.00%       0.000us         0.00%       0.000us       0.000us       4.618ms        10.64%       4.618ms      83.963us            55  
         nvjet_sm100_tst_256x128_64x5_2x2_2cta_h_bz_TNT         0.00%       0.000us         0.00%       0.000us       0.000us       3.010ms         6.94%       3.010ms      27.868us           108  
void cutlass::device_kernel<cutlass::fmha::kernel::S...         0.00%       0.000us         0.00%       0.000us       0.000us       2.285ms         5.26%       2.285ms      84.628us            27  
         nvjet_sm100_tst_128x256_64x6_2x1_2cta_v_bz_TNT         0.00%       0.000us         0.00%       0.000us       0.000us       1.558ms         3.59%       1.558ms      57.713us            27  
void (anonymous namespace)::act_and_mul_kernel<__nv_...         0.00%       0.000us         0.00%       0.000us       0.000us       1.425ms         3.28%       1.425ms      26.885us            53  
void moe_sum_reduce_warp_per_token_vec_kernel<8>(c10...         0.00%       0.000us         0.00%       0.000us       0.000us       1.010ms         2.33%       1.010ms      38.844us            26  
kernel_cutlass_kernel_flashinfernormkernelsfused_add...         0.00%       0.000us         0.00%       0.000us       0.000us     991.358us         2.28%     991.358us      18.358us            54  
void at::native::sbtopk::gatherTopK<float, unsigned ...         0.00%       0.000us         0.00%       0.000us       0.000us     841.370us         1.94%     841.370us      16.180us            52  
              nvjet_sm100_tst_192x176_64x4_1x2_h_bz_TNT         0.00%       0.000us         0.00%       0.000us       0.000us     515.104us         1.19%     515.104us      19.078us            27  
void count_and_sort_expert_tokens_kernel<int>(int co...         0.00%       0.000us         0.00%       0.000us       0.000us     491.617us         1.13%     491.617us      18.908us            26  
void moe_align_block_size_kernel<int>(int const*, in...         0.00%       0.000us         0.00%       0.000us       0.000us     351.808us         0.81%     351.808us      13.531us            26  
void at::native::vectorized_elementwise_kernel<8, at...         0.00%       0.000us         0.00%       0.000us       0.000us     351.167us         0.81%     351.167us      13.506us            26  
         nvjet_sm100_tss_32x128_64x12_2x2_2cta_h_bz_TNN         0.00%       0.000us         0.00%       0.000us       0.000us     287.230us         0.66%     287.230us      11.047us            26  
flashinfer::plan_kernel(int*, int*, int*, int*, int*...         0.00%       0.000us         0.00%       0.000us       0.000us     219.231us         0.51%     219.231us     219.231us             1  
kernel_cutlass_kernel_flashinfernormkernelsrmsnormRM...         0.00%       0.000us         0.00%       0.000us       0.000us     191.584us         0.44%     191.584us       7.096us            27  
                           concat_and_cast_mha_k_kernel         0.00%       0.000us         0.00%       0.000us       0.000us     186.718us         0.43%     186.718us       6.915us            27  
void (anonymous namespace)::fused_rope_kernel<false,...         0.00%       0.000us         0.00%       0.000us       0.000us     153.982us         0.35%     153.982us       5.703us            27  
triton_red_fused__softmax_exp_max_prepare_softmax_on...         0.00%       0.000us         0.00%       0.000us       0.000us     148.737us         0.34%     148.737us       5.721us            26  
void (anonymous namespace)::set_mla_kv_buffer_kernel...         0.00%       0.000us         0.00%       0.000us       0.000us      92.929us         0.21%      92.929us       3.442us            27  
triton_poi_fused__softmax__to_copy_arange_bitwise_no...         0.00%       0.000us         0.00%       0.000us       0.000us      81.407us         0.19%      81.407us       3.131us            26  
                            triton_poi_fused__to_copy_2         0.00%       0.000us         0.00%       0.000us       0.000us      52.739us         0.12%      52.739us       2.028us            26  
                nvjet_sm100_tst_384x8_64x4_2x1_v_bz_TNT         0.00%       0.000us         0.00%       0.000us       0.000us      48.864us         0.11%      48.864us      48.864us             1  
void at::native::elementwise_kernel<128, 4, at::nati...         0.00%       0.000us         0.00%       0.000us       0.000us      29.376us         0.07%      29.376us      29.376us             1  
void at::native::reduce_kernel<512, 1, at::native::R...         0.00%       0.000us         0.00%       0.000us       0.000us      24.192us         0.06%      24.192us      24.192us             1  
                         Memcpy HtoD (Pinned -> Device)         0.00%       0.000us         0.00%       0.000us       0.000us      14.142us         0.03%      14.142us       1.768us             8  
                               _all_gather_kernel_inner         0.00%       0.000us         0.00%       0.000us       0.000us      13.952us         0.03%      13.952us      13.952us             1  
kernel_cutlass_kernel_flashinfernormkernelsrmsnormRM...         0.00%       0.000us         0.00%       0.000us       0.000us      10.560us         0.02%      10.560us      10.560us             1  
void at::native::vectorized_gather_kernel<16, long>(...         0.00%       0.000us         0.00%       0.000us       0.000us      10.048us         0.02%      10.048us       5.024us             2  
                         Memcpy DtoH (Device -> Pinned)         0.00%       0.000us         0.00%       0.000us       0.000us       6.815us         0.02%       6.815us       3.407us             2  
void at::native::unrolled_elementwise_kernel<at::nat...         0.00%       0.000us         0.00%       0.000us       0.000us       6.752us         0.02%       6.752us       2.251us             3  
void at_cuda_detail::cub::detail::scan::DeviceScanKe...         0.00%       0.000us         0.00%       0.000us       0.000us       5.984us         0.01%       5.984us       1.995us             3  
                       Memcpy DtoH (Device -> Pageable)         0.00%       0.000us         0.00%       0.000us       0.000us       5.440us         0.01%       5.440us       2.720us             2  
void at_cuda_detail::cub::detail::scan::DeviceScanIn...         0.00%       0.000us         0.00%       0.000us       0.000us       4.320us         0.01%       4.320us       1.440us             3  
                       Memcpy HtoD (Pageable -> Device)         0.00%       0.000us         0.00%       0.000us       0.000us       4.224us         0.01%       4.224us       0.845us             5  
                         write_req_to_token_pool_triton         0.00%       0.000us         0.00%       0.000us       0.000us       4.031us         0.01%       4.031us       4.031us             1  
void at::native::vectorized_elementwise_kernel<2, at...         0.00%       0.000us         0.00%       0.000us       0.000us       3.936us         0.01%       3.936us       1.968us             2  
void at::native::unrolled_elementwise_kernel<at::nat...         0.00%       0.000us         0.00%       0.000us       0.000us       3.904us         0.01%       3.904us       3.904us             1  
void at::native::unrolled_elementwise_kernel<at::nat...         0.00%       0.000us         0.00%       0.000us       0.000us       3.489us         0.01%       3.489us       1.744us             2  
void at::native::(anonymous namespace)::multi_tensor...         0.00%       0.000us         0.00%       0.000us       0.000us       3.296us         0.01%       3.296us       3.296us             1  
void at::native::reduce_kernel<512, 1, at::native::R...         0.00%       0.000us         0.00%       0.000us       0.000us       2.880us         0.01%       2.880us       2.880us             1  
void at::native::reduce_kernel<512, 1, at::native::R...         0.00%       0.000us         0.00%       0.000us       0.000us       2.368us         0.01%       2.368us       2.368us             1  
triton_poi_fused_add_bitwise_and_bitwise_not_bitwise...         0.00%       0.000us         0.00%       0.000us       0.000us       2.080us         0.00%       2.080us       2.080us             1  
                                compute_position_kernel         0.00%       0.000us         0.00%       0.000us       0.000us       1.920us         0.00%       1.920us       1.920us             1  
void at::native::unrolled_elementwise_kernel<at::nat...         0.00%       0.000us         0.00%       0.000us       0.000us       1.856us         0.00%       1.856us       1.856us             1  
void at::native::unrolled_elementwise_kernel<at::nat...         0.00%       0.000us         0.00%       0.000us       0.000us       1.824us         0.00%       1.824us       1.824us             1  
void at::native::vectorized_elementwise_kernel<4, at...         0.00%       0.000us         0.00%       0.000us       0.000us       1.664us         0.00%       1.664us       1.664us             1  
                    create_flashinfer_kv_indices_triton         0.00%       0.000us         0.00%       0.000us       0.000us       1.312us         0.00%       1.312us       1.312us             1  
                                  cudaDeviceSynchronize         0.95%     146.449us         0.95%     146.449us      48.816us       0.000us         0.00%       0.000us       0.000us             3  
                                Activity Buffer Request        28.35%       4.371ms        28.35%       4.371ms       4.371ms       0.000us         0.00%       0.000us       0.000us             1  
                               cudaPointerGetAttributes         0.04%       6.347us         0.04%       6.347us       6.347us       0.000us         0.00%       0.000us       0.000us             1  
                                  cudaStreamIsCapturing         0.61%      94.763us         0.61%      94.763us       0.713us       0.000us         0.00%       0.000us       0.000us           133  
                                        cudaMemcpyAsync        22.77%       3.510ms        22.77%       3.510ms     206.469us       0.000us         0.00%       0.000us       0.000us            17  
                               cudaEventRecordWithFlags         0.93%     143.042us         0.93%     143.042us       2.271us       0.000us         0.00%       0.000us       0.000us            63  
                                         cudaEventQuery         2.52%     388.487us         2.52%     388.487us       2.556us       0.000us         0.00%       0.000us       0.000us           152  
                                       cuLaunchKernelEx        15.25%       2.350ms        15.31%       2.359ms       7.216us       0.000us         0.00%       0.000us       0.000us           327  
                                       cudaLaunchKernel         8.74%       1.347ms         8.84%       1.362ms       7.569us       0.000us         0.00%       0.000us       0.000us           180  
                                  cudaStreamSynchronize         0.61%      94.705us         0.61%      94.705us      23.676us       0.000us         0.00%       0.000us       0.000us             4  
                                    cudaPeekAtLastError         0.01%       1.356us         0.01%       1.356us       0.113us       0.000us         0.00%       0.000us       0.000us            12  
cudaOccupancyMaxActiveBlocksPerMultiprocessorWithFla...         0.04%       5.866us         0.04%       5.866us       1.955us       0.000us         0.00%       0.000us       0.000us             3  
                                 cudaDeviceGetAttribute         0.20%      30.785us         0.20%      30.785us       1.026us       0.000us         0.00%       0.000us       0.000us            30  
                                    cudaLaunchKernelExC        10.69%       1.648ms        10.73%       1.653ms       7.619us       0.000us         0.00%       0.000us       0.000us           217  
                                         cuLaunchKernel         3.06%     471.785us         3.06%     471.785us       5.972us       0.000us         0.00%       0.000us       0.000us            79  
                                                INVALID         0.71%     109.744us         0.71%     109.744us       0.673us       0.000us         0.00%       0.000us       0.000us           163  
                                        cudaEventRecord         1.91%     293.729us         1.91%     293.729us       1.780us       0.000us         0.00%       0.000us       0.000us           165  
                                    cudaStreamWaitEvent         1.16%     178.347us         1.16%     178.347us       1.621us       0.000us         0.00%       0.000us       0.000us           110  
                                    cudaGetFuncBySymbol         0.60%      91.839us         0.60%      91.839us       1.670us       0.000us         0.00%       0.000us       0.000us            55  
                                   cudaDriverGetVersion         0.06%       9.841us         0.06%       9.841us       0.091us       0.000us         0.00%       0.000us       0.000us           108  
                                   cudaFuncSetAttribute         0.63%      97.804us         0.63%      97.804us       3.622us       0.000us         0.00%       0.000us       0.000us            27  
                    cudaThreadExchangeStreamCaptureMode         0.16%      24.414us         0.16%      24.414us       0.254us       0.000us         0.00%       0.000us       0.000us            96  
-------------------------------------------------------  ------------  ------------  ------------  ------------  ------------  ------------  ------------  ------------  ------------  ------------  
Self CPU time total: 15.415ms
Self CUDA time total: 43.399ms

torch profiler chrome trace for prefill saved to /sgl-workspace/sglang-src/experiment-results/phase11/multiscale_timing_ground_truth/deepseek-v2-lite/chunked_prefill/c2048/r0/traces/trace_rank0_batch4_input2047_output8_prefill.trace.json.gz
Prefill. latency: 0.07548 s, throughput: 108476.40 token/s
Decode 0. Batch size: 4, latency: 0.06372 s, throughput:     62.78 token/s
Decode 1. Batch size: 4, latency: 0.05772 s, throughput:     69.30 token/s
Decode 2. Batch size: 4, latency: 0.06057 s, throughput:     66.03 token/s
Decode 3. Batch size: 4, latency: 0.05748 s, throughput:     69.59 token/s
Decode 4. Batch size: 4, latency: 0.05507 s, throughput:     72.63 token/s
Decode.  median latency: 0.05748 s, median throughput:     69.59 token/s
Total. latency:  0.480 s, throughput:  17125.51 token/s
Warmup workload: batch_size=4, input_len=2048, output_len=8
Prefill. latency: 0.07037 s, throughput: 116418.08 token/s
Decode 0. Batch size: 4, latency: 0.05462 s, throughput:     73.23 token/s
Decode 1. Batch size: 4, latency: 0.05523 s, throughput:     72.43 token/s
Decode 2. Batch size: 4, latency: 0.05448 s, throughput:     73.42 token/s
Decode 3. Batch size: 4, latency: 0.05401 s, throughput:     74.05 token/s
Decode 4. Batch size: 4, latency: 0.05387 s, throughput:     74.26 token/s
Decode.  median latency: 0.05402 s, median throughput:     74.05 token/s
Total. latency:  0.451 s, throughput:  18254.45 token/s
-------------------------------------------------------  ------------  ------------  ------------  ------------  ------------  ------------  ------------  ------------  ------------  ------------  
                                                   Name    Self CPU %      Self CPU   CPU total %     CPU total  CPU time avg     Self CUDA   Self CUDA %    CUDA total  CUDA time avg    # of Calls  
-------------------------------------------------------  ------------  ------------  ------------  ------------  ------------  ------------  ------------  ------------  ------------  ------------  
ncclDevKernel_AllReduce_Sum_bf16_RING_LL(ncclDevKern...         0.00%       0.000us         0.00%       0.000us       0.000us      27.254ms        41.07%      27.254ms     495.528us            55  
                                       fused_moe_kernel         0.00%       0.000us         0.00%       0.000us       0.000us      24.379ms        36.74%      24.379ms     468.831us            52  
         nvjet_sm100_tst_128x256_64x6_2x2_2cta_h_bz_TNT         0.00%       0.000us         0.00%       0.000us       0.000us       2.881ms         4.34%       2.881ms      26.676us           108  
void cutlass::device_kernel<cutlass::fmha::kernel::S...         0.00%       0.000us         0.00%       0.000us       0.000us       2.516ms         3.79%       2.516ms      93.170us            27  
         nvjet_sm100_tst_128x256_64x6_2x1_2cta_v_bz_TNT         0.00%       0.000us         0.00%       0.000us       0.000us       1.572ms         2.37%       1.572ms      58.204us            27  
void (anonymous namespace)::act_and_mul_kernel<__nv_...         0.00%       0.000us         0.00%       0.000us       0.000us       1.505ms         2.27%       1.505ms      28.397us            53  
kernel_cutlass_kernel_flashinfernormkernelsfused_add...         0.00%       0.000us         0.00%       0.000us       0.000us       1.046ms         1.58%       1.046ms      19.368us            54  
void moe_sum_reduce_warp_per_token_vec_kernel<8>(c10...         0.00%       0.000us         0.00%       0.000us       0.000us       1.012ms         1.53%       1.012ms      38.938us            26  
void at::native::sbtopk::gatherTopK<float, unsigned ...         0.00%       0.000us         0.00%       0.000us       0.000us     835.902us         1.26%     835.902us      16.075us            52  
void count_and_sort_expert_tokens_kernel<int>(int co...         0.00%       0.000us         0.00%       0.000us       0.000us     495.324us         0.75%     495.324us      19.051us            26  
         nvjet_sm100_tst_144x128_64x8_2x2_2cta_h_bz_TNN         0.00%       0.000us         0.00%       0.000us       0.000us     465.693us         0.70%     465.693us      17.248us            27  
void at::native::vectorized_elementwise_kernel<8, at...         0.00%       0.000us         0.00%       0.000us       0.000us     354.174us         0.53%     354.174us      13.622us            26  
void moe_align_block_size_kernel<int>(int const*, in...         0.00%       0.000us         0.00%       0.000us       0.000us     336.285us         0.51%     336.285us      12.934us            26  
         nvjet_sm100_tss_32x128_64x12_2x2_2cta_h_bz_TNN         0.00%       0.000us         0.00%       0.000us       0.000us     330.076us         0.50%     330.076us      12.695us            26  
flashinfer::plan_kernel(int*, int*, int*, int*, int*...         0.00%       0.000us         0.00%       0.000us       0.000us     219.168us         0.33%     219.168us     219.168us             1  
                           concat_and_cast_mha_k_kernel         0.00%       0.000us         0.00%       0.000us       0.000us     186.655us         0.28%     186.655us       6.913us            27  
kernel_cutlass_kernel_flashinfernormkernelsrmsnormRM...         0.00%       0.000us         0.00%       0.000us       0.000us     176.318us         0.27%     176.318us       6.530us            27  
triton_red_fused__softmax_exp_max_prepare_softmax_on...         0.00%       0.000us         0.00%       0.000us       0.000us     157.632us         0.24%     157.632us       6.063us            26  
void (anonymous namespace)::fused_rope_kernel<false,...         0.00%       0.000us         0.00%       0.000us       0.000us     152.704us         0.23%     152.704us       5.656us            27  
triton_poi_fused__softmax__to_copy_arange_bitwise_no...         0.00%       0.000us         0.00%       0.000us       0.000us     124.001us         0.19%     124.001us       4.769us            26  
void (anonymous namespace)::set_mla_kv_buffer_kernel...         0.00%       0.000us         0.00%       0.000us       0.000us      93.789us         0.14%      93.789us       3.474us            27  
                            triton_poi_fused__to_copy_2         0.00%       0.000us         0.00%       0.000us       0.000us      49.409us         0.07%      49.409us       1.900us            26  
                nvjet_sm100_tst_384x8_64x4_2x1_v_bz_TNT         0.00%       0.000us         0.00%       0.000us       0.000us      48.128us         0.07%      48.128us      48.128us             1  
void at::native::elementwise_kernel<128, 4, at::nati...         0.00%       0.000us         0.00%       0.000us       0.000us      32.256us         0.05%      32.256us      32.256us             1  
void at::native::reduce_kernel<512, 1, at::native::R...         0.00%       0.000us         0.00%       0.000us       0.000us      23.360us         0.04%      23.360us      23.360us             1  
                               _all_gather_kernel_inner         0.00%       0.000us         0.00%       0.000us       0.000us      18.400us         0.03%      18.400us      18.400us             1  
                         Memcpy HtoD (Pinned -> Device)         0.00%       0.000us         0.00%       0.000us       0.000us      13.921us         0.02%      13.921us       1.740us             8  
void at::native::vectorized_gather_kernel<16, long>(...         0.00%       0.000us         0.00%       0.000us       0.000us      12.928us         0.02%      12.928us       6.464us             2  
kernel_cutlass_kernel_flashinfernormkernelsrmsnormRM...         0.00%       0.000us         0.00%       0.000us       0.000us      10.465us         0.02%      10.465us      10.465us             1  
                       Memcpy HtoD (Pageable -> Device)         0.00%       0.000us         0.00%       0.000us       0.000us       7.456us         0.01%       7.456us       1.491us             5  
                         Memcpy DtoH (Device -> Pinned)         0.00%       0.000us         0.00%       0.000us       0.000us       6.623us         0.01%       6.623us       3.312us             2  
                       Memcpy DtoH (Device -> Pageable)         0.00%       0.000us         0.00%       0.000us       0.000us       6.240us         0.01%       6.240us       3.120us             2  
void at::native::unrolled_elementwise_kernel<at::nat...         0.00%       0.000us         0.00%       0.000us       0.000us       4.992us         0.01%       4.992us       1.664us             3  
void at_cuda_detail::cub::detail::scan::DeviceScanKe...         0.00%       0.000us         0.00%       0.000us       0.000us       4.544us         0.01%       4.544us       1.515us             3  
void at::native::unrolled_elementwise_kernel<at::nat...         0.00%       0.000us         0.00%       0.000us       0.000us       3.904us         0.01%       3.904us       3.904us             1  
void at_cuda_detail::cub::detail::scan::DeviceScanIn...         0.00%       0.000us         0.00%       0.000us       0.000us       3.200us         0.00%       3.200us       1.067us             3  
void at::native::unrolled_elementwise_kernel<at::nat...         0.00%       0.000us         0.00%       0.000us       0.000us       3.104us         0.00%       3.104us       1.552us             2  
                         write_req_to_token_pool_triton         0.00%       0.000us         0.00%       0.000us       0.000us       3.104us         0.00%       3.104us       3.104us             1  
void at::native::(anonymous namespace)::multi_tensor...         0.00%       0.000us         0.00%       0.000us       0.000us       3.040us         0.00%       3.040us       3.040us             1  
void at::native::vectorized_elementwise_kernel<2, at...         0.00%       0.000us         0.00%       0.000us       0.000us       2.880us         0.00%       2.880us       1.440us             2  
void at::native::reduce_kernel<512, 1, at::native::R...         0.00%       0.000us         0.00%       0.000us       0.000us       2.336us         0.00%       2.336us       2.336us             1  
void at::native::reduce_kernel<512, 1, at::native::R...         0.00%       0.000us         0.00%       0.000us       0.000us       2.111us         0.00%       2.111us       2.111us             1  
void at::native::unrolled_elementwise_kernel<at::nat...         0.00%       0.000us         0.00%       0.000us       0.000us       1.823us         0.00%       1.823us       1.823us             1  
triton_poi_fused_add_bitwise_and_bitwise_not_bitwise...         0.00%       0.000us         0.00%       0.000us       0.000us       1.600us         0.00%       1.600us       1.600us             1  
                                compute_position_kernel         0.00%       0.000us         0.00%       0.000us       0.000us       1.568us         0.00%       1.568us       1.568us             1  
void at::native::unrolled_elementwise_kernel<at::nat...         0.00%       0.000us         0.00%       0.000us       0.000us       1.568us         0.00%       1.568us       1.568us             1  
                    create_flashinfer_kv_indices_triton         0.00%       0.000us         0.00%       0.000us       0.000us       1.184us         0.00%       1.184us       1.184us             1  
void at::native::vectorized_elementwise_kernel<4, at...         0.00%       0.000us         0.00%       0.000us       0.000us       0.895us         0.00%       0.895us       0.895us             1  
                                  cudaDeviceSynchronize        38.67%       5.497ms        38.67%       5.497ms       1.832ms       0.000us         0.00%       0.000us       0.000us             3  
                                Activity Buffer Request        12.29%       1.748ms        12.29%       1.748ms       1.748ms       0.000us         0.00%       0.000us       0.000us             1  
                               cudaPointerGetAttributes         0.04%       6.248us         0.04%       6.248us       6.248us       0.000us         0.00%       0.000us       0.000us             1  
                                  cudaStreamIsCapturing         0.63%      90.226us         0.63%      90.226us       0.678us       0.000us         0.00%       0.000us       0.000us           133  
                                        cudaMemcpyAsync         3.06%     434.384us         3.06%     434.384us      25.552us       0.000us         0.00%       0.000us       0.000us            17  
                               cudaEventRecordWithFlags         0.65%      92.373us         0.65%      92.373us       1.466us       0.000us         0.00%       0.000us       0.000us            63  
                                         cudaEventQuery         0.95%     134.952us         0.95%     134.952us       2.327us       0.000us         0.00%       0.000us       0.000us            58  
                                       cuLaunchKernelEx        14.82%       2.107ms        14.82%       2.107ms       6.443us       0.000us         0.00%       0.000us       0.000us           327  
                                       cudaLaunchKernel         7.87%       1.118ms         7.90%       1.123ms       6.240us       0.000us         0.00%       0.000us       0.000us           180  
                                  cudaStreamSynchronize         1.23%     174.787us         1.23%     174.787us      43.697us       0.000us         0.00%       0.000us       0.000us             4  
                                    cudaPeekAtLastError         0.01%       1.348us         0.01%       1.348us       0.112us       0.000us         0.00%       0.000us       0.000us            12  
cudaOccupancyMaxActiveBlocksPerMultiprocessorWithFla...         0.04%       5.989us         0.04%       5.989us       1.996us       0.000us         0.00%       0.000us       0.000us             3  
                                 cudaDeviceGetAttribute         0.22%      30.599us         0.22%      30.599us       1.020us       0.000us         0.00%       0.000us       0.000us            30  
                                    cudaLaunchKernelExC        10.55%       1.500ms        10.55%       1.500ms       6.914us       0.000us         0.00%       0.000us       0.000us           217  
                                         cuLaunchKernel         3.16%     448.632us         3.16%     448.632us       5.679us       0.000us         0.00%       0.000us       0.000us            79  
                                                INVALID         0.79%     111.894us         0.79%     111.894us       0.686us       0.000us         0.00%       0.000us       0.000us           163  
                                        cudaEventRecord         2.19%     311.960us         2.19%     311.960us       1.891us       0.000us         0.00%       0.000us       0.000us           165  
                                    cudaStreamWaitEvent         1.40%     199.262us         1.40%     199.262us       1.811us       0.000us         0.00%       0.000us       0.000us           110  
                                    cudaGetFuncBySymbol         0.63%      89.031us         0.63%      89.031us       1.619us       0.000us         0.00%       0.000us       0.000us            55  
                                   cudaDriverGetVersion         0.07%      10.292us         0.07%      10.292us       0.095us       0.000us         0.00%       0.000us       0.000us           108  
                                   cudaFuncSetAttribute         0.66%      94.393us         0.66%      94.393us       3.496us       0.000us         0.00%       0.000us       0.000us            27  
                    cudaThreadExchangeStreamCaptureMode         0.07%      10.319us         0.07%      10.319us       0.287us       0.000us         0.00%       0.000us       0.000us            36  
-------------------------------------------------------  ------------  ------------  ------------  ------------  ------------  ------------  ------------  ------------  ------------  ------------  
Self CPU time total: 14.218ms
Self CUDA time total: 66.363ms

-------------------------------------------------------  ------------  ------------  ------------  ------------  ------------  ------------  ------------  ------------  ------------  ------------  
                                                   Name    Self CPU %      Self CPU   CPU total %     CPU total  CPU time avg     Self CUDA   Self CUDA %    CUDA total  CUDA time avg    # of Calls  
-------------------------------------------------------  ------------  ------------  ------------  ------------  ------------  ------------  ------------  ------------  ------------  ------------  
                                       fused_moe_kernel         0.00%       0.000us         0.00%       0.000us       0.000us      24.341ms        55.77%      24.341ms     468.093us            52  
ncclDevKernel_AllReduce_Sum_bf16_RING_LL(ncclDevKern...         0.00%       0.000us         0.00%       0.000us       0.000us       4.650ms        10.65%       4.650ms      84.548us            55  
         nvjet_sm100_tst_128x256_64x6_2x2_2cta_h_bz_TNT         0.00%       0.000us         0.00%       0.000us       0.000us       2.925ms         6.70%       2.925ms      27.081us           108  
void cutlass::device_kernel<cutlass::fmha::kernel::S...         0.00%       0.000us         0.00%       0.000us       0.000us       2.524ms         5.78%       2.524ms      93.464us            27  
         nvjet_sm100_tst_128x256_64x6_2x1_2cta_v_bz_TNT         0.00%       0.000us         0.00%       0.000us       0.000us       1.560ms         3.57%       1.560ms      57.760us            27  
void (anonymous namespace)::act_and_mul_kernel<__nv_...         0.00%       0.000us         0.00%       0.000us       0.000us       1.424ms         3.26%       1.424ms      26.864us            53  
kernel_cutlass_kernel_flashinfernormkernelsfused_add...         0.00%       0.000us         0.00%       0.000us       0.000us       1.085ms         2.49%       1.085ms      20.098us            54  
void moe_sum_reduce_warp_per_token_vec_kernel<8>(c10...         0.00%       0.000us         0.00%       0.000us       0.000us       1.010ms         2.31%       1.010ms      38.859us            26  
void at::native::sbtopk::gatherTopK<float, unsigned ...         0.00%       0.000us         0.00%       0.000us       0.000us     839.867us         1.92%     839.867us      16.151us            52  
void count_and_sort_expert_tokens_kernel<int>(int co...         0.00%       0.000us         0.00%       0.000us       0.000us     491.933us         1.13%     491.933us      18.921us            26  
         nvjet_sm100_tst_144x128_64x8_2x2_2cta_h_bz_TNN         0.00%       0.000us         0.00%       0.000us       0.000us     469.628us         1.08%     469.628us      17.394us            27  
void moe_align_block_size_kernel<int>(int const*, in...         0.00%       0.000us         0.00%       0.000us       0.000us     361.665us         0.83%     361.665us      13.910us            26  
void at::native::vectorized_elementwise_kernel<8, at...         0.00%       0.000us         0.00%       0.000us       0.000us     353.503us         0.81%     353.503us      13.596us            26  
         nvjet_sm100_tss_32x128_64x12_2x2_2cta_h_bz_TNN         0.00%       0.000us         0.00%       0.000us       0.000us     285.665us         0.65%     285.665us      10.987us            26  
flashinfer::plan_kernel(int*, int*, int*, int*, int*...         0.00%       0.000us         0.00%       0.000us       0.000us     218.944us         0.50%     218.944us     218.944us             1  
                           concat_and_cast_mha_k_kernel         0.00%       0.000us         0.00%       0.000us       0.000us     186.654us         0.43%     186.654us       6.913us            27  
kernel_cutlass_kernel_flashinfernormkernelsrmsnormRM...         0.00%       0.000us         0.00%       0.000us       0.000us     172.029us         0.39%     172.029us       6.371us            27  
void (anonymous namespace)::fused_rope_kernel<false,...         0.00%       0.000us         0.00%       0.000us       0.000us     152.034us         0.35%     152.034us       5.631us            27  
triton_red_fused__softmax_exp_max_prepare_softmax_on...         0.00%       0.000us         0.00%       0.000us       0.000us     148.992us         0.34%     148.992us       5.730us            26  
void (anonymous namespace)::set_mla_kv_buffer_kernel...         0.00%       0.000us         0.00%       0.000us       0.000us      93.245us         0.21%      93.245us       3.454us            27  
triton_poi_fused__softmax__to_copy_arange_bitwise_no...         0.00%       0.000us         0.00%       0.000us       0.000us      81.089us         0.19%      81.089us       3.119us            26  
                            triton_poi_fused__to_copy_2         0.00%       0.000us         0.00%       0.000us       0.000us      52.381us         0.12%      52.381us       2.015us            26  
                nvjet_sm100_tst_384x8_64x4_2x1_v_bz_TNT         0.00%       0.000us         0.00%       0.000us       0.000us      48.352us         0.11%      48.352us      48.352us             1  
void at::native::elementwise_kernel<128, 4, at::nati...         0.00%       0.000us         0.00%       0.000us       0.000us      29.376us         0.07%      29.376us      29.376us             1  
void at::native::reduce_kernel<512, 1, at::native::R...         0.00%       0.000us         0.00%       0.000us       0.000us      24.448us         0.06%      24.448us      24.448us             1  
                               _all_gather_kernel_inner         0.00%       0.000us         0.00%       0.000us       0.000us      14.304us         0.03%      14.304us      14.304us             1  
                         Memcpy HtoD (Pinned -> Device)         0.00%       0.000us         0.00%       0.000us       0.000us      11.424us         0.03%      11.424us       1.428us             8  
kernel_cutlass_kernel_flashinfernormkernelsrmsnormRM...         0.00%       0.000us         0.00%       0.000us       0.000us      10.400us         0.02%      10.400us      10.400us             1  
void at::native::vectorized_gather_kernel<16, long>(...         0.00%       0.000us         0.00%       0.000us       0.000us       9.792us         0.02%       9.792us       4.896us             2  
                       Memcpy HtoD (Pageable -> Device)         0.00%       0.000us         0.00%       0.000us       0.000us       6.787us         0.02%       6.787us       1.357us             5  
                         Memcpy DtoH (Device -> Pinned)         0.00%       0.000us         0.00%       0.000us       0.000us       6.688us         0.02%       6.688us       3.344us             2  
void at::native::unrolled_elementwise_kernel<at::nat...         0.00%       0.000us         0.00%       0.000us       0.000us       6.688us         0.02%       6.688us       2.229us             3  
void at_cuda_detail::cub::detail::scan::DeviceScanKe...         0.00%       0.000us         0.00%       0.000us       0.000us       6.016us         0.01%       6.016us       2.005us             3  
void at_cuda_detail::cub::detail::scan::DeviceScanIn...         0.00%       0.000us         0.00%       0.000us       0.000us       4.671us         0.01%       4.671us       1.557us             3  
                       Memcpy DtoH (Device -> Pageable)         0.00%       0.000us         0.00%       0.000us       0.000us       4.576us         0.01%       4.576us       2.288us             2  
void at::native::unrolled_elementwise_kernel<at::nat...         0.00%       0.000us         0.00%       0.000us       0.000us       3.968us         0.01%       3.968us       3.968us             1  
                         write_req_to_token_pool_triton         0.00%       0.000us         0.00%       0.000us       0.000us       3.904us         0.01%       3.904us       3.904us             1  
void at::native::vectorized_elementwise_kernel<2, at...         0.00%       0.000us         0.00%       0.000us       0.000us       3.840us         0.01%       3.840us       1.920us             2  
void at::native::unrolled_elementwise_kernel<at::nat...         0.00%       0.000us         0.00%       0.000us       0.000us       3.616us         0.01%       3.616us       1.808us             2  
void at::native::(anonymous namespace)::multi_tensor...         0.00%       0.000us         0.00%       0.000us       0.000us       3.392us         0.01%       3.392us       3.392us             1  
void at::native::reduce_kernel<512, 1, at::native::R...         0.00%       0.000us         0.00%       0.000us       0.000us       2.944us         0.01%       2.944us       2.944us             1  
void at::native::reduce_kernel<512, 1, at::native::R...         0.00%       0.000us         0.00%       0.000us       0.000us       2.464us         0.01%       2.464us       2.464us             1  
void at::native::unrolled_elementwise_kernel<at::nat...         0.00%       0.000us         0.00%       0.000us       0.000us       2.207us         0.01%       2.207us       2.207us             1  
                                compute_position_kernel         0.00%       0.000us         0.00%       0.000us       0.000us       1.920us         0.00%       1.920us       1.920us             1  
void at::native::vectorized_elementwise_kernel<4, at...         0.00%       0.000us         0.00%       0.000us       0.000us       1.665us         0.00%       1.665us       1.665us             1  
triton_poi_fused_add_bitwise_and_bitwise_not_bitwise...         0.00%       0.000us         0.00%       0.000us       0.000us       1.632us         0.00%       1.632us       1.632us             1  
void at::native::unrolled_elementwise_kernel<at::nat...         0.00%       0.000us         0.00%       0.000us       0.000us       1.472us         0.00%       1.472us       1.472us             1  
                    create_flashinfer_kv_indices_triton         0.00%       0.000us         0.00%       0.000us       0.000us       1.280us         0.00%       1.280us       1.280us             1  
                                  cudaDeviceSynchronize         0.97%      89.108us         0.97%      89.108us      29.703us       0.000us         0.00%       0.000us       0.000us             3  
                                Activity Buffer Request        20.03%       1.837ms        20.03%       1.837ms       1.837ms       0.000us         0.00%       0.000us       0.000us             1  
                               cudaPointerGetAttributes         0.06%       5.558us         0.06%       5.558us       5.558us       0.000us         0.00%       0.000us       0.000us             1  
                                  cudaStreamIsCapturing         0.99%      90.981us         0.99%      90.981us       0.684us       0.000us         0.00%       0.000us       0.000us           133  
                                        cudaMemcpyAsync         4.69%     430.402us         4.69%     430.402us      25.318us       0.000us         0.00%       0.000us       0.000us            17  
                               cudaEventRecordWithFlags         1.13%     103.838us         1.13%     103.838us       1.648us       0.000us         0.00%       0.000us       0.000us            63  
                                         cudaEventQuery         1.76%     161.499us         1.76%     161.499us       2.605us       0.000us         0.00%       0.000us       0.000us            62  
                                       cuLaunchKernelEx        23.83%       2.186ms        23.83%       2.186ms       6.686us       0.000us         0.00%       0.000us       0.000us           327  
                                       cudaLaunchKernel        13.46%       1.235ms        13.46%       1.235ms       6.862us       0.000us         0.00%       0.000us       0.000us           180  
                                  cudaStreamSynchronize         1.83%     168.123us         1.83%     168.123us      42.031us       0.000us         0.00%       0.000us       0.000us             4  
                                    cudaPeekAtLastError         0.02%       1.396us         0.02%       1.396us       0.116us       0.000us         0.00%       0.000us       0.000us            12  
cudaOccupancyMaxActiveBlocksPerMultiprocessorWithFla...         0.07%       6.718us         0.07%       6.718us       2.239us       0.000us         0.00%       0.000us       0.000us             3  
                                 cudaDeviceGetAttribute         0.35%      31.856us         0.35%      31.856us       1.062us       0.000us         0.00%       0.000us       0.000us            30  
                                    cudaLaunchKernelExC        16.86%       1.546ms        16.86%       1.546ms       7.126us       0.000us         0.00%       0.000us       0.000us           217  
                                         cuLaunchKernel         5.45%     499.594us         5.51%     505.238us       6.395us       0.000us         0.00%       0.000us       0.000us            79  
                                                INVALID         1.21%     110.560us         1.21%     110.560us       0.678us       0.000us         0.00%       0.000us       0.000us           163  
                                        cudaEventRecord         3.04%     278.551us         3.04%     278.551us       1.688us       0.000us         0.00%       0.000us       0.000us           165  
                                    cudaStreamWaitEvent         1.96%     179.557us         1.96%     179.557us       1.632us       0.000us         0.00%       0.000us       0.000us           110  
                                    cudaGetFuncBySymbol         1.01%      92.309us         1.01%      92.309us       1.678us       0.000us         0.00%       0.000us       0.000us            55  
                                   cudaDriverGetVersion         0.11%       9.990us         0.11%       9.990us       0.093us       0.000us         0.00%       0.000us       0.000us           108  
                                   cudaFuncSetAttribute         1.08%      99.110us         1.08%      99.110us       3.671us       0.000us         0.00%       0.000us       0.000us            27  
                    cudaThreadExchangeStreamCaptureMode         0.10%       9.458us         0.10%       9.458us       0.263us       0.000us         0.00%       0.000us       0.000us            36  
-------------------------------------------------------  ------------  ------------  ------------  ------------  ------------  ------------  ------------  ------------  ------------  ------------  
Self CPU time total: 9.173ms
Self CUDA time total: 43.644ms

-------------------------------------------------------  ------------  ------------  ------------  ------------  ------------  ------------  ------------  ------------  ------------  ------------  
                                                   Name    Self CPU %      Self CPU   CPU total %     CPU total  CPU time avg     Self CUDA   Self CUDA %    CUDA total  CUDA time avg    # of Calls  
-------------------------------------------------------  ------------  ------------  ------------  ------------  ------------  ------------  ------------  ------------  ------------  ------------  
                                       fused_moe_kernel         0.00%       0.000us         0.00%       0.000us       0.000us      25.398ms        51.33%      25.398ms     244.216us           104  
ncclDevKernel_AllReduce_Sum_bf16_RING_LL(ncclDevKern...         0.00%       0.000us         0.00%       0.000us       0.000us       4.605ms         9.31%       4.605ms      83.733us            55  
void cutlass::device_kernel<cutlass::fmha::kernel::S...         0.00%       0.000us         0.00%       0.000us       0.000us       3.918ms         7.92%       3.918ms      72.557us            54  
         nvjet_sm100_tst_128x256_64x6_2x2_2cta_h_bz_TNT         0.00%       0.000us         0.00%       0.000us       0.000us       2.930ms         5.92%       2.930ms      27.129us           108  
void (anonymous namespace)::act_and_mul_kernel<__nv_...         0.00%       0.000us         0.00%       0.000us       0.000us       1.577ms         3.19%       1.577ms      14.873us           106  
         nvjet_sm100_tst_128x256_64x6_2x1_2cta_v_bz_TNT         0.00%       0.000us         0.00%       0.000us       0.000us       1.560ms         3.15%       1.560ms      57.782us            27  
kernel_cutlass_kernel_flashinfernormkernelsfused_add...         0.00%       0.000us         0.00%       0.000us       0.000us       1.183ms         2.39%       1.183ms      10.953us           108  
void at::native::sbtopk::gatherTopK<float, unsigned ...         0.00%       0.000us         0.00%       0.000us       0.000us       1.061ms         2.14%       1.061ms      10.197us           104  
void moe_sum_reduce_warp_per_token_vec_kernel<8>(c10...         0.00%       0.000us         0.00%       0.000us       0.000us       1.012ms         2.04%       1.012ms      38.913us            26  
void count_and_sort_expert_tokens_kernel<int>(int co...         0.00%       0.000us         0.00%       0.000us       0.000us     548.507us         1.11%     548.507us      10.548us            52  
         nvjet_sm100_tst_144x128_64x8_2x2_2cta_h_bz_TNN         0.00%       0.000us         0.00%       0.000us       0.000us     467.263us         0.94%     467.263us      17.306us            27  
               nvjet_sm100_tst_16x64_64x16_4x1_v_bz_TNN         0.00%       0.000us         0.00%       0.000us       0.000us     444.798us         0.90%     444.798us       5.560us            80  
void moe_align_block_size_kernel<int>(int const*, in...         0.00%       0.000us         0.00%       0.000us       0.000us     436.989us         0.88%     436.989us       8.404us            52  
         nvjet_sm100_tst_256x128_64x5_2x2_2cta_h_bz_TNT         0.00%       0.000us         0.00%       0.000us       0.000us     425.564us         0.86%     425.564us      15.762us            27  
void at::native::vectorized_elementwise_kernel<8, at...         0.00%       0.000us         0.00%       0.000us       0.000us     401.601us         0.81%     401.601us       7.723us            52  
                           concat_and_cast_mha_k_kernel         0.00%       0.000us         0.00%       0.000us       0.000us     360.636us         0.73%     360.636us       6.678us            54  
void (anonymous namespace)::all_reduce_one_shot_push...         0.00%       0.000us         0.00%       0.000us       0.000us     359.838us         0.73%     359.838us       6.543us            55  
         nvjet_sm100_tss_32x128_64x12_2x2_2cta_h_bz_TNN         0.00%       0.000us         0.00%       0.000us       0.000us     284.382us         0.57%     284.382us      10.938us            26  
flashinfer::plan_kernel(int*, int*, int*, int*, int*...         0.00%       0.000us         0.00%       0.000us       0.000us     259.679us         0.52%     259.679us     129.839us             2  
kernel_cutlass_kernel_flashinfernormkernelsrmsnormRM...         0.00%       0.000us         0.00%       0.000us       0.000us     226.138us         0.46%     226.138us       4.188us            54  
triton_red_fused__softmax_exp_max_prepare_softmax_on...         0.00%       0.000us         0.00%       0.000us       0.000us     220.011us         0.44%     220.011us       4.231us            52  
void (anonymous namespace)::fused_rope_kernel<false,...         0.00%       0.000us         0.00%       0.000us       0.000us     210.206us         0.42%     210.206us       3.893us            54  
                               get_mla_kv_buffer_kernel         0.00%       0.000us         0.00%       0.000us       0.000us     196.544us         0.40%     196.544us       7.279us            27  
               nvjet_sm100_tst_32x64_64x16_4x1_v_bz_TNN         0.00%       0.000us         0.00%       0.000us       0.000us     175.808us         0.36%     175.808us       6.762us            26  
triton_poi_fused__softmax__to_copy_arange_bitwise_no...         0.00%       0.000us         0.00%       0.000us       0.000us     143.231us         0.29%     143.231us       2.754us            52  
        nvjet_sm100_tst_32x64_64x16_4x1_v_bz_splitK_TNN         0.00%       0.000us         0.00%       0.000us       0.000us     111.581us         0.23%     111.581us       4.133us            27  
        nvjet_sm100_tss_32x64_64x16_2x1_v_bz_splitK_TNN         0.00%       0.000us         0.00%       0.000us       0.000us     105.855us         0.21%     105.855us       4.071us            26  
void (anonymous namespace)::set_mla_kv_buffer_kernel...         0.00%       0.000us         0.00%       0.000us       0.000us      93.505us         0.19%      93.505us       3.463us            27  
                            triton_poi_fused__to_copy_2         0.00%       0.000us         0.00%       0.000us       0.000us      90.940us         0.18%      90.940us       1.749us            52  
                nvjet_sm100_tst_384x8_64x4_2x1_v_bz_TNT         0.00%       0.000us         0.00%       0.000us       0.000us      88.480us         0.18%      88.480us      44.240us             2  
void cublasLt::splitKreduce_kernel<32, 16, int, floa...         0.00%       0.000us         0.00%       0.000us       0.000us      72.353us         0.15%      72.353us       2.495us            29  
void cublasLt::splitKreduce_kernel<32, 16, int, floa...         0.00%       0.000us         0.00%       0.000us       0.000us      66.113us         0.13%      66.113us       2.543us            26  
void at::native::reduce_kernel<512, 1, at::native::R...         0.00%       0.000us         0.00%       0.000us       0.000us      48.928us         0.10%      48.928us      24.464us             2  
                               set_mla_kv_buffer_kernel         0.00%       0.000us         0.00%       0.000us       0.000us      44.385us         0.09%      44.385us       1.644us            27  
                       triton_poi_fused_copy__mul_sum_0         0.00%       0.000us         0.00%       0.000us       0.000us      41.374us         0.08%      41.374us       1.591us            26  
                         Memcpy HtoD (Pinned -> Device)         0.00%       0.000us         0.00%       0.000us       0.000us      38.527us         0.08%      38.527us       2.266us            17  
void at::native::elementwise_kernel<128, 4, at::nati...         0.00%       0.000us         0.00%       0.000us       0.000us      31.680us         0.06%      31.680us      15.840us             2  
                               _all_gather_kernel_inner         0.00%       0.000us         0.00%       0.000us       0.000us      27.904us         0.06%      27.904us      13.952us             2  
void at::native::unrolled_elementwise_kernel<at::nat...         0.00%       0.000us         0.00%       0.000us       0.000us      22.784us         0.05%      22.784us       2.848us             8  
         nvjet_sm100_tst_64x8_64x16_4x1_v_bz_splitK_TNT         0.00%       0.000us         0.00%       0.000us       0.000us      21.152us         0.04%      21.152us      10.576us             2  
                       Memcpy DtoH (Device -> Pageable)         0.00%       0.000us         0.00%       0.000us       0.000us      19.810us         0.04%      19.810us       2.830us             7  
void at_cuda_detail::cub::detail::scan::DeviceScanKe...         0.00%       0.000us         0.00%       0.000us       0.000us      16.000us         0.03%      16.000us       2.000us             8  
kernel_cutlass_kernel_flashinfernormkernelsrmsnormRM...         0.00%       0.000us         0.00%       0.000us       0.000us      13.696us         0.03%      13.696us       6.848us             2  
void at_cuda_detail::cub::detail::scan::DeviceScanIn...         0.00%       0.000us         0.00%       0.000us       0.000us      12.607us         0.03%      12.607us       1.576us             8  
void at::native::vectorized_gather_kernel<16, long>(...         0.00%       0.000us         0.00%       0.000us       0.000us      11.296us         0.02%      11.296us       3.765us             3  
void at::native::unrolled_elementwise_kernel<at::nat...         0.00%       0.000us         0.00%       0.000us       0.000us      11.041us         0.02%      11.041us       1.840us             6  
                         Memcpy DtoH (Device -> Pinned)         0.00%       0.000us         0.00%       0.000us       0.000us      10.336us         0.02%      10.336us       3.445us             3  
void at::native::unrolled_elementwise_kernel<at::nat...         0.00%       0.000us         0.00%       0.000us       0.000us       9.056us         0.02%       9.056us       4.528us             2  
                         write_req_to_token_pool_triton         0.00%       0.000us         0.00%       0.000us       0.000us       8.224us         0.02%       8.224us       4.112us             2  
                    create_flashinfer_kv_indices_triton         0.00%       0.000us         0.00%       0.000us       0.000us       7.967us         0.02%       7.967us       2.656us             3  
void at::native::vectorized_elementwise_kernel<2, at...         0.00%       0.000us         0.00%       0.000us       0.000us       7.614us         0.02%       7.614us       1.904us             4  
                       Memcpy HtoD (Pageable -> Device)         0.00%       0.000us         0.00%       0.000us       0.000us       7.555us         0.02%       7.555us       0.755us            10  
void at::native::unrolled_elementwise_kernel<at::nat...         0.00%       0.000us         0.00%       0.000us       0.000us       6.209us         0.01%       6.209us       2.070us             3  
void at::native::(anonymous namespace)::multi_tensor...         0.00%       0.000us         0.00%       0.000us       0.000us       5.888us         0.01%       5.888us       2.944us             2  
void at::native::reduce_kernel<512, 1, at::native::R...         0.00%       0.000us         0.00%       0.000us       0.000us       5.632us         0.01%       5.632us       2.816us             2  
void at::native::unrolled_elementwise_kernel<at::nat...         0.00%       0.000us         0.00%       0.000us       0.000us       4.704us         0.01%       4.704us       1.568us             3  
                                compute_position_kernel         0.00%       0.000us         0.00%       0.000us       0.000us       3.712us         0.01%       3.712us       1.856us             2  
triton_poi_fused_add_bitwise_and_bitwise_not_bitwise...         0.00%       0.000us         0.00%       0.000us       0.000us       3.552us         0.01%       3.552us       1.776us             2  
void at::native::(anonymous namespace)::indexSelectS...         0.00%       0.000us         0.00%       0.000us       0.000us       3.232us         0.01%       3.232us       3.232us             1  
void at::native::vectorized_elementwise_kernel<4, at...         0.00%       0.000us         0.00%       0.000us       0.000us       2.624us         0.01%       2.624us       1.312us             2  
void at::native::reduce_kernel<512, 1, at::native::R...         0.00%       0.000us         0.00%       0.000us       0.000us       2.592us         0.01%       2.592us       2.592us             1  
void at::native::vectorized_elementwise_kernel<4, at...         0.00%       0.000us         0.00%       0.000us       0.000us       1.312us         0.00%       1.312us       1.312us             1  
                                  cudaDeviceSynchronize         1.29%     241.612us         1.29%     241.612us      48.322us       0.000us         0.00%       0.000us       0.000us             5  
                                Activity Buffer Request         9.02%       1.694ms         9.02%       1.694ms       1.694ms       0.000us         0.00%       0.000us       0.000us             1  
                               cudaPointerGetAttributes         0.12%      21.617us         0.12%      21.617us      10.809us       0.000us         0.00%       0.000us       0.000us             2  
                                  cudaStreamIsCapturing         0.56%     105.320us         0.56%     105.320us       0.662us       0.000us         0.00%       0.000us       0.000us           159  
                                        cudaMemcpyAsync        19.19%       3.604ms        19.19%       3.604ms      97.414us       0.000us         0.00%       0.000us       0.000us            37  
                               cudaEventRecordWithFlags         0.72%     135.559us         0.72%     135.559us       1.909us       0.000us         0.00%       0.000us       0.000us            71  
                                         cudaEventQuery         2.34%     439.161us         2.34%     440.049us       2.431us       0.000us         0.00%       0.000us       0.000us           181  
                                       cuLaunchKernelEx        22.33%       4.195ms        22.43%       4.214ms       6.443us       0.000us         0.00%       0.000us       0.000us           654  
                                       cudaLaunchKernel        12.27%       2.304ms        12.27%       2.304ms       6.698us       0.000us         0.00%       0.000us       0.000us           344  
                                  cudaStreamSynchronize         1.13%     211.978us         1.13%     211.978us      21.198us       0.000us         0.00%       0.000us       0.000us            10  
                                    cudaPeekAtLastError         0.02%       3.668us         0.02%       3.668us       0.115us       0.000us         0.00%       0.000us       0.000us            32  
cudaOccupancyMaxActiveBlocksPerMultiprocessorWithFla...         0.08%      14.801us         0.08%      14.801us       1.850us       0.000us         0.00%       0.000us       0.000us             8  
                                 cudaDeviceGetAttribute         0.34%      64.668us         0.34%      64.668us       1.026us       0.000us         0.00%       0.000us       0.000us            63  
                                    cudaLaunchKernelExC        19.44%       3.651ms        19.49%       3.661ms       7.080us       0.000us         0.00%       0.000us       0.000us           517  
                                         cuLaunchKernel         6.07%       1.139ms         6.07%       1.139ms       6.192us       0.000us         0.00%       0.000us       0.000us           184  
                                                INVALID         0.82%     154.080us         0.82%     154.080us       0.569us       0.000us         0.00%       0.000us       0.000us           271  
                                        cudaEventRecord         1.53%     287.523us         1.53%     287.523us       1.743us       0.000us         0.00%       0.000us       0.000us           165  
                                    cudaStreamWaitEvent         0.97%     181.870us         0.97%     181.870us       1.653us       0.000us         0.00%       0.000us       0.000us           110  
                                    cudaGetFuncBySymbol         0.47%      88.759us         0.47%      88.759us       1.614us       0.000us         0.00%       0.000us       0.000us            55  
                                   cudaDriverGetVersion         0.11%      20.169us         0.11%      20.169us       0.093us       0.000us         0.00%       0.000us       0.000us           216  
                                   cudaFuncSetAttribute         1.04%     195.952us         1.06%     198.160us       3.670us       0.000us         0.00%       0.000us       0.000us            54  
                    cudaThreadExchangeStreamCaptureMode         0.15%      28.765us         0.15%      28.765us       0.262us       0.000us         0.00%       0.000us       0.000us           110  
-------------------------------------------------------  ------------  ------------  ------------  ------------  ------------  ------------  ------------  ------------  ------------  ------------  
Self CPU time total: 18.783ms
Self CUDA time total: 49.485ms

torch profiler chrome trace for prefill saved to /sgl-workspace/sglang-src/experiment-results/phase11/multiscale_timing_ground_truth/deepseek-v2-lite/chunked_prefill/c2048/r0/traces/trace_rank0_batch4_input2048_output8_prefill.trace.json.gz
Prefill. latency: 0.06924 s, throughput: 118314.97 token/s
Decode 0. Batch size: 4, latency: 0.06631 s, throughput:     60.32 token/s
Decode 1. Batch size: 4, latency: 0.05539 s, throughput:     72.22 token/s
Decode 2. Batch size: 4, latency: 0.05683 s, throughput:     70.38 token/s
Decode 3. Batch size: 4, latency: 0.05477 s, throughput:     73.03 token/s
Decode 4. Batch size: 4, latency: 0.05889 s, throughput:     67.92 token/s
Decode.  median latency: 0.05744 s, median throughput:     69.64 token/s
Total. latency:  0.477 s, throughput:  17253.69 token/s
Warmup workload: batch_size=4, input_len=2049, output_len=8
Prefill. latency: 0.13883 s, throughput:  59036.16 token/s
Decode 0. Batch size: 4, latency: 0.05418 s, throughput:     73.82 token/s
Decode 1. Batch size: 4, latency: 0.05393 s, throughput:     74.17 token/s
Decode 2. Batch size: 4, latency: 0.05369 s, throughput:     74.50 token/s
Decode 3. Batch size: 4, latency: 0.05439 s, throughput:     73.54 token/s
Decode 4. Batch size: 4, latency: 0.05373 s, throughput:     74.45 token/s
Decode.  median latency: 0.05406 s, median throughput:     74.00 token/s
Total. latency:  0.517 s, throughput:  15915.50 token/s
-------------------------------------------------------  ------------  ------------  ------------  ------------  ------------  ------------  ------------  ------------  ------------  ------------  
                                                   Name    Self CPU %      Self CPU   CPU total %     CPU total  CPU time avg     Self CUDA   Self CUDA %    CUDA total  CUDA time avg    # of Calls  
-------------------------------------------------------  ------------  ------------  ------------  ------------  ------------  ------------  ------------  ------------  ------------  ------------  
void (anonymous namespace)::all_reduce_one_shot_push...         0.00%       0.000us         0.00%       0.000us       0.000us      54.431ms        29.95%      54.431ms     989.661us            55  
kernel_cutlass_kernel_flashinfernormkernelsfused_add...         0.00%       0.000us         0.00%       0.000us       0.000us      53.389ms        29.37%      53.389ms     494.344us           108  
ncclDevKernel_AllReduce_Sum_bf16_RING_LL(ncclDevKern...         0.00%       0.000us         0.00%       0.000us       0.000us      29.990ms        16.50%      29.990ms     545.276us            55  
                                       fused_moe_kernel         0.00%       0.000us         0.00%       0.000us       0.000us      25.416ms        13.98%      25.416ms     244.389us           104  
void cutlass::device_kernel<cutlass::fmha::kernel::S...         0.00%       0.000us         0.00%       0.000us       0.000us       3.906ms         2.15%       3.906ms      72.337us            54  
         nvjet_sm100_tst_128x256_64x6_2x2_2cta_h_bz_TNT         0.00%       0.000us         0.00%       0.000us       0.000us       2.879ms         1.58%       2.879ms      26.660us           108  
void (anonymous namespace)::act_and_mul_kernel<__nv_...         0.00%       0.000us         0.00%       0.000us       0.000us       1.667ms         0.92%       1.667ms      15.726us           106  
         nvjet_sm100_tst_128x256_64x6_2x1_2cta_v_bz_TNT         0.00%       0.000us         0.00%       0.000us       0.000us       1.571ms         0.86%       1.571ms      58.177us            27  
void at::native::sbtopk::gatherTopK<float, unsigned ...         0.00%       0.000us         0.00%       0.000us       0.000us       1.061ms         0.58%       1.061ms      10.198us           104  
void moe_sum_reduce_warp_per_token_vec_kernel<8>(c10...         0.00%       0.000us         0.00%       0.000us       0.000us       1.013ms         0.56%       1.013ms      38.949us            26  
void count_and_sort_expert_tokens_kernel<int>(int co...         0.00%       0.000us         0.00%       0.000us       0.000us     526.427us         0.29%     526.427us      10.124us            52  
               nvjet_sm100_tst_16x64_64x16_4x1_v_bz_TNN         0.00%       0.000us         0.00%       0.000us       0.000us     479.139us         0.26%     479.139us       5.989us            80  
         nvjet_sm100_tst_144x128_64x8_2x2_2cta_h_bz_TNN         0.00%       0.000us         0.00%       0.000us       0.000us     464.640us         0.26%     464.640us      17.209us            27  
         nvjet_sm100_tst_256x128_64x5_2x2_2cta_h_bz_TNT         0.00%       0.000us         0.00%       0.000us       0.000us     420.672us         0.23%     420.672us      15.580us            27  
                               _all_gather_kernel_inner         0.00%       0.000us         0.00%       0.000us       0.000us     416.927us         0.23%     416.927us     208.463us             2  
void moe_align_block_size_kernel<int>(int const*, in...         0.00%       0.000us         0.00%       0.000us       0.000us     405.409us         0.22%     405.409us       7.796us            52  
void at::native::vectorized_elementwise_kernel<8, at...         0.00%       0.000us         0.00%       0.000us       0.000us     400.126us         0.22%     400.126us       7.695us            52  
                           concat_and_cast_mha_k_kernel         0.00%       0.000us         0.00%       0.000us       0.000us     360.837us         0.20%     360.837us       6.682us            54  
         nvjet_sm100_tss_32x128_64x12_2x2_2cta_h_bz_TNN         0.00%       0.000us         0.00%       0.000us       0.000us     330.689us         0.18%     330.689us      12.719us            26  
flashinfer::plan_kernel(int*, int*, int*, int*, int*...         0.00%       0.000us         0.00%       0.000us       0.000us     259.904us         0.14%     259.904us     129.952us             2  
kernel_cutlass_kernel_flashinfernormkernelsrmsnormRM...         0.00%       0.000us         0.00%       0.000us       0.000us     250.599us         0.14%     250.599us       4.641us            54  
triton_red_fused__softmax_exp_max_prepare_softmax_on...         0.00%       0.000us         0.00%       0.000us       0.000us     215.712us         0.12%     215.712us       4.148us            52  
void (anonymous namespace)::fused_rope_kernel<false,...         0.00%       0.000us         0.00%       0.000us       0.000us     203.003us         0.11%     203.003us       3.759us            54  
                               get_mla_kv_buffer_kernel         0.00%       0.000us         0.00%       0.000us       0.000us     197.154us         0.11%     197.154us       7.302us            27  
               nvjet_sm100_tst_32x64_64x16_4x1_v_bz_TNN         0.00%       0.000us         0.00%       0.000us       0.000us     189.532us         0.10%     189.532us       7.290us            26  
triton_poi_fused__softmax__to_copy_arange_bitwise_no...         0.00%       0.000us         0.00%       0.000us       0.000us     171.837us         0.09%     171.837us       3.305us            52  
        nvjet_sm100_tss_32x64_64x16_2x1_v_bz_splitK_TNN         0.00%       0.000us         0.00%       0.000us       0.000us     151.872us         0.08%     151.872us       5.841us            26  
        nvjet_sm100_tst_32x64_64x16_4x1_v_bz_splitK_TNN         0.00%       0.000us         0.00%       0.000us       0.000us     137.923us         0.08%     137.923us       5.108us            27  
void cublasLt::splitKreduce_kernel<32, 16, int, floa...         0.00%       0.000us         0.00%       0.000us       0.000us     100.001us         0.06%     100.001us       3.448us            29  
                            triton_poi_fused__to_copy_2         0.00%       0.000us         0.00%       0.000us       0.000us      98.333us         0.05%      98.333us       1.891us            52  
void (anonymous namespace)::set_mla_kv_buffer_kernel...         0.00%       0.000us         0.00%       0.000us       0.000us      93.568us         0.05%      93.568us       3.465us            27  
                nvjet_sm100_tst_384x8_64x4_2x1_v_bz_TNT         0.00%       0.000us         0.00%       0.000us       0.000us      87.455us         0.05%      87.455us      43.728us             2  
void cublasLt::splitKreduce_kernel<32, 16, int, floa...         0.00%       0.000us         0.00%       0.000us       0.000us      62.976us         0.03%      62.976us       2.422us            26  
void at::native::reduce_kernel<512, 1, at::native::R...         0.00%       0.000us         0.00%       0.000us       0.000us      47.008us         0.03%      47.008us      23.504us             2  
                       triton_poi_fused_copy__mul_sum_0         0.00%       0.000us         0.00%       0.000us       0.000us      44.034us         0.02%      44.034us       1.694us            26  
                               set_mla_kv_buffer_kernel         0.00%       0.000us         0.00%       0.000us       0.000us      42.822us         0.02%      42.822us       1.586us            27  
                         Memcpy HtoD (Pinned -> Device)         0.00%       0.000us         0.00%       0.000us       0.000us      40.545us         0.02%      40.545us       2.385us            17  
void at::native::elementwise_kernel<128, 4, at::nati...         0.00%       0.000us         0.00%       0.000us       0.000us      35.807us         0.02%      35.807us      17.903us             2  
void at::native::unrolled_elementwise_kernel<at::nat...         0.00%       0.000us         0.00%       0.000us       0.000us      22.687us         0.01%      22.687us       2.836us             8  
                       Memcpy DtoH (Device -> Pageable)         0.00%       0.000us         0.00%       0.000us       0.000us      22.240us         0.01%      22.240us       3.177us             7  
         nvjet_sm100_tst_64x8_64x16_4x1_v_bz_splitK_TNT         0.00%       0.000us         0.00%       0.000us       0.000us      22.208us         0.01%      22.208us      11.104us             2  
void at::native::vectorized_gather_kernel<16, long>(...         0.00%       0.000us         0.00%       0.000us       0.000us      14.592us         0.01%      14.592us       4.864us             3  
kernel_cutlass_kernel_flashinfernormkernelsrmsnormRM...         0.00%       0.000us         0.00%       0.000us       0.000us      12.800us         0.01%      12.800us       6.400us             2  
void at_cuda_detail::cub::detail::scan::DeviceScanKe...         0.00%       0.000us         0.00%       0.000us       0.000us      12.351us         0.01%      12.351us       1.544us             8  
                       Memcpy HtoD (Pageable -> Device)         0.00%       0.000us         0.00%       0.000us       0.000us      11.712us         0.01%      11.712us       1.171us            10  
                         Memcpy DtoH (Device -> Pinned)         0.00%       0.000us         0.00%       0.000us       0.000us      10.049us         0.01%      10.049us       3.350us             3  
void at::native::unrolled_elementwise_kernel<at::nat...         0.00%       0.000us         0.00%       0.000us       0.000us       8.414us         0.00%       8.414us       1.402us             6  
void at::native::unrolled_elementwise_kernel<at::nat...         0.00%       0.000us         0.00%       0.000us       0.000us       8.096us         0.00%       8.096us       4.048us             2  
void at_cuda_detail::cub::detail::scan::DeviceScanIn...         0.00%       0.000us         0.00%       0.000us       0.000us       8.063us         0.00%       8.063us       1.008us             8  
                    create_flashinfer_kv_indices_triton         0.00%       0.000us         0.00%       0.000us       0.000us       6.975us         0.00%       6.975us       2.325us             3  
                         write_req_to_token_pool_triton         0.00%       0.000us         0.00%       0.000us       0.000us       6.433us         0.00%       6.433us       3.216us             2  
void at::native::vectorized_elementwise_kernel<2, at...         0.00%       0.000us         0.00%       0.000us       0.000us       5.952us         0.00%       5.952us       1.488us             4  
void at::native::unrolled_elementwise_kernel<at::nat...         0.00%       0.000us         0.00%       0.000us       0.000us       5.921us         0.00%       5.921us       1.974us             3  
void at::native::(anonymous namespace)::multi_tensor...         0.00%       0.000us         0.00%       0.000us       0.000us       4.960us         0.00%       4.960us       2.480us             2  
void at::native::reduce_kernel<512, 1, at::native::R...         0.00%       0.000us         0.00%       0.000us       0.000us       4.576us         0.00%       4.576us       2.288us             2  
void at::native::(anonymous namespace)::indexSelectS...         0.00%       0.000us         0.00%       0.000us       0.000us       4.288us         0.00%       4.288us       4.288us             1  
void at::native::unrolled_elementwise_kernel<at::nat...         0.00%       0.000us         0.00%       0.000us       0.000us       4.193us         0.00%       4.193us       1.398us             3  
                                compute_position_kernel         0.00%       0.000us         0.00%       0.000us       0.000us       3.009us         0.00%       3.009us       1.505us             2  
void at::native::vectorized_elementwise_kernel<4, at...         0.00%       0.000us         0.00%       0.000us       0.000us       3.008us         0.00%       3.008us       1.504us             2  
triton_poi_fused_add_bitwise_and_bitwise_not_bitwise...         0.00%       0.000us         0.00%       0.000us       0.000us       2.720us         0.00%       2.720us       1.360us             2  
void at::native::reduce_kernel<512, 1, at::native::R...         0.00%       0.000us         0.00%       0.000us       0.000us       2.336us         0.00%       2.336us       2.336us             1  
void at::native::vectorized_elementwise_kernel<4, at...         0.00%       0.000us         0.00%       0.000us       0.000us       1.696us         0.00%       1.696us       1.696us             1  
                                  cudaDeviceSynchronize        42.08%      10.861ms        42.08%      10.861ms       2.172ms       0.000us         0.00%       0.000us       0.000us             5  
                                Activity Buffer Request         6.14%       1.584ms         6.14%       1.584ms       1.584ms       0.000us         0.00%       0.000us       0.000us             1  
                               cudaPointerGetAttributes         0.04%       9.167us         0.04%       9.167us       4.583us       0.000us         0.00%       0.000us       0.000us             2  
                                  cudaStreamIsCapturing         0.38%      99.354us         0.38%      99.354us       0.625us       0.000us         0.00%       0.000us       0.000us           159  
                                        cudaMemcpyAsync         2.28%     589.090us         2.28%     589.090us      15.921us       0.000us         0.00%       0.000us       0.000us            37  
                               cudaEventRecordWithFlags         0.37%      95.755us         0.37%      95.755us       1.349us       0.000us         0.00%       0.000us       0.000us            71  
                                         cudaEventQuery         1.69%     435.408us         1.70%     437.468us       2.352us       0.000us         0.00%       0.000us       0.000us           186  
                                       cuLaunchKernelEx        15.82%       4.082ms        15.84%       4.087ms       6.250us       0.000us         0.00%       0.000us       0.000us           654  
                                       cudaLaunchKernel         8.36%       2.159ms         8.40%       2.169ms       6.304us       0.000us         0.00%       0.000us       0.000us           344  
                                  cudaStreamSynchronize         0.86%     221.738us         0.86%     221.738us      22.174us       0.000us         0.00%       0.000us       0.000us            10  
                                    cudaPeekAtLastError         0.01%       3.626us         0.01%       3.626us       0.113us       0.000us         0.00%       0.000us       0.000us            32  
cudaOccupancyMaxActiveBlocksPerMultiprocessorWithFla...         0.05%      13.967us         0.05%      13.967us       1.746us       0.000us         0.00%       0.000us       0.000us             8  
                                 cudaDeviceGetAttribute         0.24%      61.295us         0.24%      61.295us       0.973us       0.000us         0.00%       0.000us       0.000us            63  
                                    cudaLaunchKernelExC        13.61%       3.513ms        13.61%       3.513ms       6.795us       0.000us         0.00%       0.000us       0.000us           517  
                                         cuLaunchKernel         4.09%       1.056ms         4.11%       1.062ms       5.769us       0.000us         0.00%       0.000us       0.000us           184  
                                                INVALID         0.62%     160.801us         0.62%     160.801us       0.593us       0.000us         0.00%       0.000us       0.000us           271  
                                        cudaEventRecord         1.16%     298.590us         1.17%     300.912us       1.824us       0.000us         0.00%       0.000us       0.000us           165  
                                    cudaStreamWaitEvent         0.82%     211.072us         0.82%     211.588us       1.924us       0.000us         0.00%       0.000us       0.000us           110  
                                    cudaGetFuncBySymbol         0.34%      88.654us         0.34%      88.654us       1.612us       0.000us         0.00%       0.000us       0.000us            55  
                                   cudaDriverGetVersion         0.08%      20.414us         0.08%      20.414us       0.095us       0.000us         0.00%       0.000us       0.000us           216  
                                   cudaFuncSetAttribute         0.82%     211.410us         0.82%     211.410us       3.915us       0.000us         0.00%       0.000us       0.000us            54  
                    cudaThreadExchangeStreamCaptureMode         0.13%      34.380us         0.13%      34.380us       0.287us       0.000us         0.00%       0.000us       0.000us           120  
-------------------------------------------------------  ------------  ------------  ------------  ------------  ------------  ------------  ------------  ------------  ------------  ------------  
Self CPU time total: 25.809ms
Self CUDA time total: 181.768ms

-------------------------------------------------------  ------------  ------------  ------------  ------------  ------------  ------------  ------------  ------------  ------------  ------------  
                                                   Name    Self CPU %      Self CPU   CPU total %     CPU total  CPU time avg     Self CUDA   Self CUDA %    CUDA total  CUDA time avg    # of Calls  
-------------------------------------------------------  ------------  ------------  ------------  ------------  ------------  ------------  ------------  ------------  ------------  ------------  
                                       fused_moe_kernel         0.00%       0.000us         0.00%       0.000us       0.000us      48.664ms        44.49%      48.664ms     467.918us           104  
ncclDevKernel_AllReduce_Sum_bf16_RING_LL(ncclDevKern...         0.00%       0.000us         0.00%       0.000us       0.000us      28.958ms        26.47%      28.958ms     263.257us           110  
void cutlass::device_kernel<cutlass::fmha::kernel::S...         0.00%       0.000us         0.00%       0.000us       0.000us       6.448ms         5.89%       6.448ms     119.402us            54  
         nvjet_sm100_tst_128x256_64x6_2x1_2cta_v_bz_TNT         0.00%       0.000us         0.00%       0.000us       0.000us       3.756ms         3.43%       3.756ms      46.369us            81  
void (anonymous namespace)::act_and_mul_kernel<__nv_...         0.00%       0.000us         0.00%       0.000us       0.000us       2.949ms         2.70%       2.949ms      27.817us           106  
         nvjet_sm100_tst_128x256_64x6_2x2_2cta_h_bz_TNT         0.00%       0.000us         0.00%       0.000us       0.000us       2.928ms         2.68%       2.928ms      27.113us           108  
         nvjet_sm100_tst_256x128_64x5_2x2_2cta_h_bz_TNT         0.00%       0.000us         0.00%       0.000us       0.000us       2.596ms         2.37%       2.596ms      32.055us            81  
kernel_cutlass_kernel_flashinfernormkernelsfused_add...         0.00%       0.000us         0.00%       0.000us       0.000us       2.136ms         1.95%       2.136ms      19.779us           108  
void moe_sum_reduce_warp_per_token_vec_kernel<8>(c10...         0.00%       0.000us         0.00%       0.000us       0.000us       2.021ms         1.85%       2.021ms      38.864us            52  
void at::native::sbtopk::gatherTopK<float, unsigned ...         0.00%       0.000us         0.00%       0.000us       0.000us       1.680ms         1.54%       1.680ms      16.150us           104  
void count_and_sort_expert_tokens_kernel<int>(int co...         0.00%       0.000us         0.00%       0.000us       0.000us     975.201us         0.89%     975.201us      18.754us            52  
void at::native::vectorized_elementwise_kernel<8, at...         0.00%       0.000us         0.00%       0.000us       0.000us     705.983us         0.65%     705.983us      13.577us            52  
void moe_align_block_size_kernel<int>(int const*, in...         0.00%       0.000us         0.00%       0.000us       0.000us     702.848us         0.64%     702.848us      13.516us            52  
         nvjet_sm100_tss_32x128_64x12_2x2_2cta_h_bz_TNN         0.00%       0.000us         0.00%       0.000us       0.000us     621.374us         0.57%     621.374us      11.949us            52  
                           concat_and_cast_mha_k_kernel         0.00%       0.000us         0.00%       0.000us       0.000us     550.427us         0.50%     550.427us      10.193us            54  
              nvjet_sm100_tst_192x176_64x4_1x2_h_bz_TNT         0.00%       0.000us         0.00%       0.000us       0.000us     514.141us         0.47%     514.141us      19.042us            27  
         nvjet_sm100_tst_144x128_64x8_2x2_2cta_h_bz_TNN         0.00%       0.000us         0.00%       0.000us       0.000us     468.961us         0.43%     468.961us      17.369us            27  
flashinfer::plan_kernel(int*, int*, int*, int*, int*...         0.00%       0.000us         0.00%       0.000us       0.000us     438.494us         0.40%     438.494us     219.247us             2  
kernel_cutlass_kernel_flashinfernormkernelsrmsnormRM...         0.00%       0.000us         0.00%       0.000us       0.000us     369.633us         0.34%     369.633us       6.845us            54  
                               get_mla_kv_buffer_kernel         0.00%       0.000us         0.00%       0.000us       0.000us     345.625us         0.32%     345.625us      12.801us            27  
triton_red_fused__softmax_exp_max_prepare_softmax_on...         0.00%       0.000us         0.00%       0.000us       0.000us     306.747us         0.28%     306.747us       5.899us            52  
void (anonymous namespace)::fused_rope_kernel<false,...         0.00%       0.000us         0.00%       0.000us       0.000us     306.172us         0.28%     306.172us       5.670us            54  
void (anonymous namespace)::set_mla_kv_buffer_kernel...         0.00%       0.000us         0.00%       0.000us       0.000us     186.173us         0.17%     186.173us       3.448us            54  
triton_poi_fused__softmax__to_copy_arange_bitwise_no...         0.00%       0.000us         0.00%       0.000us       0.000us     160.230us         0.15%     160.230us       3.081us            52  
                            triton_poi_fused__to_copy_2         0.00%       0.000us         0.00%       0.000us       0.000us     105.728us         0.10%     105.728us       2.033us            52  
                nvjet_sm100_tst_384x8_64x4_2x1_v_bz_TNT         0.00%       0.000us         0.00%       0.000us       0.000us      96.608us         0.09%      96.608us      48.304us             2  
void at::native::elementwise_kernel<128, 4, at::nati...         0.00%       0.000us         0.00%       0.000us       0.000us      58.720us         0.05%      58.720us      29.360us             2  
void at::native::reduce_kernel<512, 1, at::native::R...         0.00%       0.000us         0.00%       0.000us       0.000us      48.160us         0.04%      48.160us      24.080us             2  
                         Memcpy HtoD (Pinned -> Device)         0.00%       0.000us         0.00%       0.000us       0.000us      43.104us         0.04%      43.104us       2.536us            17  
                               _all_gather_kernel_inner         0.00%       0.000us         0.00%       0.000us       0.000us      31.360us         0.03%      31.360us      15.680us             2  
                       Memcpy DtoH (Device -> Pageable)         0.00%       0.000us         0.00%       0.000us       0.000us      22.624us         0.02%      22.624us       3.232us             7  
void at::native::unrolled_elementwise_kernel<at::nat...         0.00%       0.000us         0.00%       0.000us       0.000us      21.760us         0.02%      21.760us       2.720us             8  
kernel_cutlass_kernel_flashinfernormkernelsrmsnormRM...         0.00%       0.000us         0.00%       0.000us       0.000us      20.800us         0.02%      20.800us      10.400us             2  
void at::native::vectorized_gather_kernel<16, long>(...         0.00%       0.000us         0.00%       0.000us       0.000us      20.416us         0.02%      20.416us       5.104us             4  
void at_cuda_detail::cub::detail::scan::DeviceScanKe...         0.00%       0.000us         0.00%       0.000us       0.000us      15.841us         0.01%      15.841us       1.980us             8  
                    create_flashinfer_kv_indices_triton         0.00%       0.000us         0.00%       0.000us       0.000us      13.472us         0.01%      13.472us       4.491us             3  
void at_cuda_detail::cub::detail::scan::DeviceScanIn...         0.00%       0.000us         0.00%       0.000us       0.000us      11.775us         0.01%      11.775us       1.472us             8  
                         write_req_to_token_pool_triton         0.00%       0.000us         0.00%       0.000us       0.000us      10.688us         0.01%      10.688us       5.344us             2  
void at::native::unrolled_elementwise_kernel<at::nat...         0.00%       0.000us         0.00%       0.000us       0.000us      10.400us         0.01%      10.400us       1.733us             6  
                         Memcpy DtoH (Device -> Pinned)         0.00%       0.000us         0.00%       0.000us       0.000us       9.953us         0.01%       9.953us       3.318us             3  
                       Memcpy HtoD (Pageable -> Device)         0.00%       0.000us         0.00%       0.000us       0.000us       9.472us         0.01%       9.472us       0.947us            10  
void at::native::unrolled_elementwise_kernel<at::nat...         0.00%       0.000us         0.00%       0.000us       0.000us       8.128us         0.01%       8.128us       4.064us             2  
void at::native::vectorized_elementwise_kernel<2, at...         0.00%       0.000us         0.00%       0.000us       0.000us       6.720us         0.01%       6.720us       1.680us             4  
void at::native::unrolled_elementwise_kernel<at::nat...         0.00%       0.000us         0.00%       0.000us       0.000us       6.720us         0.01%       6.720us       2.240us             3  
void at::native::(anonymous namespace)::multi_tensor...         0.00%       0.000us         0.00%       0.000us       0.000us       6.272us         0.01%       6.272us       3.136us             2  
void at::native::reduce_kernel<512, 1, at::native::R...         0.00%       0.000us         0.00%       0.000us       0.000us       5.472us         0.01%       5.472us       2.736us             2  
void at::native::unrolled_elementwise_kernel<at::nat...         0.00%       0.000us         0.00%       0.000us       0.000us       4.737us         0.00%       4.737us       1.579us             3  
                                compute_position_kernel         0.00%       0.000us         0.00%       0.000us       0.000us       3.872us         0.00%       3.872us       1.936us             2  
void at::native::vectorized_elementwise_kernel<4, at...         0.00%       0.000us         0.00%       0.000us       0.000us       3.840us         0.00%       3.840us       1.920us             2  
triton_poi_fused_add_bitwise_and_bitwise_not_bitwise...         0.00%       0.000us         0.00%       0.000us       0.000us       3.232us         0.00%       3.232us       1.616us             2  
void at::native::reduce_kernel<512, 1, at::native::R...         0.00%       0.000us         0.00%       0.000us       0.000us       2.688us         0.00%       2.688us       2.688us             1  
void at::native::vectorized_elementwise_kernel<4, at...         0.00%       0.000us         0.00%       0.000us       0.000us       1.696us         0.00%       1.696us       1.696us             1  
                                  cudaDeviceSynchronize        11.89%       2.092ms        11.89%       2.092ms     418.406us       0.000us         0.00%       0.000us       0.000us             5  
                                Activity Buffer Request         9.94%       1.748ms         9.94%       1.748ms       1.748ms       0.000us         0.00%       0.000us       0.000us             1  
                               cudaPointerGetAttributes         0.04%       7.798us         0.04%       7.798us       3.899us       0.000us         0.00%       0.000us       0.000us             2  
                                  cudaStreamIsCapturing         1.04%     182.923us         1.04%     182.923us       0.680us       0.000us         0.00%       0.000us       0.000us           269  
                                        cudaMemcpyAsync         3.31%     582.393us         3.31%     582.393us      15.740us       0.000us         0.00%       0.000us       0.000us            37  
                               cudaEventRecordWithFlags         0.92%     162.259us         0.92%     162.259us       1.288us       0.000us         0.00%       0.000us       0.000us           126  
                                         cudaEventQuery         2.74%     482.880us         2.76%     485.100us       2.267us       0.000us         0.00%       0.000us       0.000us           214  
                                       cuLaunchKernelEx        23.87%       4.199ms        23.98%       4.219ms       6.186us       0.000us         0.00%       0.000us       0.000us           682  
                                       cudaLaunchKernel        12.98%       2.284ms        12.98%       2.284ms       6.173us       0.000us         0.00%       0.000us       0.000us           370  
                                  cudaStreamSynchronize         2.11%     371.147us         2.11%     371.147us      37.115us       0.000us         0.00%       0.000us       0.000us            10  
                                    cudaPeekAtLastError         0.02%       3.622us         0.02%       3.622us       0.113us       0.000us         0.00%       0.000us       0.000us            32  
cudaOccupancyMaxActiveBlocksPerMultiprocessorWithFla...         0.09%      15.155us         0.09%      15.155us       1.894us       0.000us         0.00%       0.000us       0.000us             8  
                                 cudaDeviceGetAttribute         0.37%      64.628us         0.37%      64.868us       1.030us       0.000us         0.00%       0.000us       0.000us            63  
                                    cudaLaunchKernelExC        16.84%       2.962ms        16.86%       2.967ms       6.836us       0.000us         0.00%       0.000us       0.000us           434  
                                         cuLaunchKernel         5.00%     880.426us         5.00%     880.426us       5.572us       0.000us         0.00%       0.000us       0.000us           158  
                                                INVALID         1.22%     214.240us         1.22%     214.240us       0.657us       0.000us         0.00%       0.000us       0.000us           326  
                                        cudaEventRecord         3.17%     557.302us         3.17%     558.129us       1.691us       0.000us         0.00%       0.000us       0.000us           330  
                                    cudaStreamWaitEvent         2.03%     357.835us         2.04%     358.059us       1.628us       0.000us         0.00%       0.000us       0.000us           220  
                                    cudaGetFuncBySymbol         1.00%     176.555us         1.00%     176.555us       1.605us       0.000us         0.00%       0.000us       0.000us           110  
                                   cudaDriverGetVersion         0.11%      20.091us         0.11%      20.091us       0.093us       0.000us         0.00%       0.000us       0.000us           216  
                                   cudaFuncSetAttribute         1.11%     194.803us         1.11%     195.321us       3.617us       0.000us         0.00%       0.000us       0.000us            54  
                    cudaThreadExchangeStreamCaptureMode         0.19%      33.271us         0.19%      33.271us       0.252us       0.000us         0.00%       0.000us       0.000us           132  
-------------------------------------------------------  ------------  ------------  ------------  ------------  ------------  ------------  ------------  ------------  ------------  ------------  
Self CPU time total: 17.592ms
Self CUDA time total: 109.392ms

torch profiler chrome trace for prefill saved to /sgl-workspace/sglang-src/experiment-results/phase11/multiscale_timing_ground_truth/deepseek-v2-lite/chunked_prefill/c2048/r0/traces/trace_rank0_batch4_input2049_output8_prefill.trace.json.gz
Prefill. latency: 0.13920 s, throughput:  58877.33 token/s
Decode 0. Batch size: 4, latency: 0.06345 s, throughput:     63.05 token/s
Decode 1. Batch size: 4, latency: 0.05644 s, throughput:     70.87 token/s
Decode 2. Batch size: 4, latency: 0.05470 s, throughput:     73.13 token/s
Decode 3. Batch size: 4, latency: 0.05450 s, throughput:     73.40 token/s
Decode 4. Batch size: 4, latency: 0.05456 s, throughput:     73.31 token/s
Decode.  median latency: 0.05470 s, median throughput:     73.13 token/s
Total. latency:  0.536 s, throughput:  15361.14 token/s
Warmup workload: batch_size=4, input_len=4095, output_len=8
Prefill. latency: 0.12460 s, throughput: 131455.75 token/s
Decode 0. Batch size: 4, latency: 0.05378 s, throughput:     74.38 token/s
Decode 1. Batch size: 4, latency: 0.05449 s, throughput:     73.41 token/s
Decode 2. Batch size: 4, latency: 0.05375 s, throughput:     74.42 token/s
Decode 3. Batch size: 4, latency: 0.05357 s, throughput:     74.66 token/s
Decode 4. Batch size: 4, latency: 0.05392 s, throughput:     74.19 token/s
Decode.  median latency: 0.05378 s, median throughput:     74.38 token/s
Total. latency:  0.503 s, throughput:  32641.36 token/s
-------------------------------------------------------  ------------  ------------  ------------  ------------  ------------  ------------  ------------  ------------  ------------  ------------  
                                                   Name    Self CPU %      Self CPU   CPU total %     CPU total  CPU time avg     Self CUDA   Self CUDA %    CUDA total  CUDA time avg    # of Calls  
-------------------------------------------------------  ------------  ------------  ------------  ------------  ------------  ------------  ------------  ------------  ------------  ------------  
                                       fused_moe_kernel         0.00%       0.000us         0.00%       0.000us       0.000us      48.726ms        49.90%      48.726ms     468.523us           104  
ncclDevKernel_AllReduce_Sum_bf16_RING_LL(ncclDevKern...         0.00%       0.000us         0.00%       0.000us       0.000us      17.215ms        17.63%      17.215ms     156.502us           110  
void cutlass::device_kernel<cutlass::fmha::kernel::S...         0.00%       0.000us         0.00%       0.000us       0.000us       6.451ms         6.61%       6.451ms     119.455us            54  
         nvjet_sm100_tst_128x256_64x6_2x1_2cta_v_bz_TNT         0.00%       0.000us         0.00%       0.000us       0.000us       3.758ms         3.85%       3.758ms      46.396us            81  
void (anonymous namespace)::act_and_mul_kernel<__nv_...         0.00%       0.000us         0.00%       0.000us       0.000us       2.888ms         2.96%       2.888ms      27.249us           106  
         nvjet_sm100_tst_128x256_64x6_2x2_2cta_h_bz_TNT         0.00%       0.000us         0.00%       0.000us       0.000us       2.880ms         2.95%       2.880ms      26.666us           108  
         nvjet_sm100_tst_256x128_64x5_2x2_2cta_h_bz_TNT         0.00%       0.000us         0.00%       0.000us       0.000us       2.560ms         2.62%       2.560ms      31.607us            81  
kernel_cutlass_kernel_flashinfernormkernelsfused_add...         0.00%       0.000us         0.00%       0.000us       0.000us       2.219ms         2.27%       2.219ms      20.543us           108  
void moe_sum_reduce_warp_per_token_vec_kernel<8>(c10...         0.00%       0.000us         0.00%       0.000us       0.000us       2.024ms         2.07%       2.024ms      38.922us            52  
void at::native::sbtopk::gatherTopK<float, unsigned ...         0.00%       0.000us         0.00%       0.000us       0.000us       1.679ms         1.72%       1.679ms      16.143us           104  
void count_and_sort_expert_tokens_kernel<int>(int co...         0.00%       0.000us         0.00%       0.000us       0.000us     976.920us         1.00%     976.920us      18.787us            52  
void at::native::vectorized_elementwise_kernel<8, at...         0.00%       0.000us         0.00%       0.000us       0.000us     710.555us         0.73%     710.555us      13.665us            52  
void moe_align_block_size_kernel<int>(int const*, in...         0.00%       0.000us         0.00%       0.000us       0.000us     674.337us         0.69%     674.337us      12.968us            52  
         nvjet_sm100_tss_32x128_64x12_2x2_2cta_h_bz_TNN         0.00%       0.000us         0.00%       0.000us       0.000us     587.614us         0.60%     587.614us      11.300us            52  
                           concat_and_cast_mha_k_kernel         0.00%       0.000us         0.00%       0.000us       0.000us     552.026us         0.57%     552.026us      10.223us            54  
              nvjet_sm100_tst_192x176_64x4_1x2_h_bz_TNT         0.00%       0.000us         0.00%       0.000us       0.000us     511.355us         0.52%     511.355us      18.939us            27  
         nvjet_sm100_tst_144x128_64x8_2x2_2cta_h_bz_TNN         0.00%       0.000us         0.00%       0.000us       0.000us     463.261us         0.47%     463.261us      17.158us            27  
flashinfer::plan_kernel(int*, int*, int*, int*, int*...         0.00%       0.000us         0.00%       0.000us       0.000us     438.174us         0.45%     438.174us     219.087us             2  
kernel_cutlass_kernel_flashinfernormkernelsrmsnormRM...         0.00%       0.000us         0.00%       0.000us       0.000us     363.552us         0.37%     363.552us       6.732us            54  
                               get_mla_kv_buffer_kernel         0.00%       0.000us         0.00%       0.000us       0.000us     346.363us         0.35%     346.363us      12.828us            27  
void (anonymous namespace)::fused_rope_kernel<false,...         0.00%       0.000us         0.00%       0.000us       0.000us     305.883us         0.31%     305.883us       5.664us            54  
triton_red_fused__softmax_exp_max_prepare_softmax_on...         0.00%       0.000us         0.00%       0.000us       0.000us     301.212us         0.31%     301.212us       5.793us            52  
triton_poi_fused__softmax__to_copy_arange_bitwise_no...         0.00%       0.000us         0.00%       0.000us       0.000us     246.876us         0.25%     246.876us       4.748us            52  
void (anonymous namespace)::set_mla_kv_buffer_kernel...         0.00%       0.000us         0.00%       0.000us       0.000us     187.359us         0.19%     187.359us       3.470us            54  
                            triton_poi_fused__to_copy_2         0.00%       0.000us         0.00%       0.000us       0.000us      98.980us         0.10%      98.980us       1.903us            52  
                nvjet_sm100_tst_384x8_64x4_2x1_v_bz_TNT         0.00%       0.000us         0.00%       0.000us       0.000us      95.360us         0.10%      95.360us      47.680us             2  
void at::native::elementwise_kernel<128, 4, at::nati...         0.00%       0.000us         0.00%       0.000us       0.000us      64.608us         0.07%      64.608us      32.304us             2  
void at::native::reduce_kernel<512, 1, at::native::R...         0.00%       0.000us         0.00%       0.000us       0.000us      47.264us         0.05%      47.264us      23.632us             2  
                         Memcpy HtoD (Pinned -> Device)         0.00%       0.000us         0.00%       0.000us       0.000us      39.936us         0.04%      39.936us       2.349us            17  
void at::native::vectorized_gather_kernel<16, long>(...         0.00%       0.000us         0.00%       0.000us       0.000us      25.728us         0.03%      25.728us       6.432us             4  
                               _all_gather_kernel_inner         0.00%       0.000us         0.00%       0.000us       0.000us      23.872us         0.02%      23.872us      11.936us             2  
void at::native::unrolled_elementwise_kernel<at::nat...         0.00%       0.000us         0.00%       0.000us       0.000us      22.880us         0.02%      22.880us       2.860us             8  
                       Memcpy DtoH (Device -> Pageable)         0.00%       0.000us         0.00%       0.000us       0.000us      21.634us         0.02%      21.634us       3.091us             7  
kernel_cutlass_kernel_flashinfernormkernelsrmsnormRM...         0.00%       0.000us         0.00%       0.000us       0.000us      20.928us         0.02%      20.928us      10.464us             2  
void at_cuda_detail::cub::detail::scan::DeviceScanKe...         0.00%       0.000us         0.00%       0.000us       0.000us      13.567us         0.01%      13.567us       1.696us             8  
                       Memcpy HtoD (Pageable -> Device)         0.00%       0.000us         0.00%       0.000us       0.000us      12.256us         0.01%      12.256us       1.226us            10  
                    create_flashinfer_kv_indices_triton         0.00%       0.000us         0.00%       0.000us       0.000us      12.062us         0.01%      12.062us       4.021us             3  
                         Memcpy DtoH (Device -> Pinned)         0.00%       0.000us         0.00%       0.000us       0.000us       9.824us         0.01%       9.824us       3.275us             3  
void at_cuda_detail::cub::detail::scan::DeviceScanIn...         0.00%       0.000us         0.00%       0.000us       0.000us       9.407us         0.01%       9.407us       1.176us             8  
void at::native::unrolled_elementwise_kernel<at::nat...         0.00%       0.000us         0.00%       0.000us       0.000us       9.151us         0.01%       9.151us       1.525us             6  
                         write_req_to_token_pool_triton         0.00%       0.000us         0.00%       0.000us       0.000us       8.993us         0.01%       8.993us       4.496us             2  
void at::native::unrolled_elementwise_kernel<at::nat...         0.00%       0.000us         0.00%       0.000us       0.000us       8.128us         0.01%       8.128us       4.064us             2  
void at::native::vectorized_elementwise_kernel<2, at...         0.00%       0.000us         0.00%       0.000us       0.000us       7.200us         0.01%       7.200us       1.800us             4  
void at::native::(anonymous namespace)::multi_tensor...         0.00%       0.000us         0.00%       0.000us       0.000us       6.016us         0.01%       6.016us       3.008us             2  
void at::native::unrolled_elementwise_kernel<at::nat...         0.00%       0.000us         0.00%       0.000us       0.000us       5.440us         0.01%       5.440us       1.813us             3  
void at::native::reduce_kernel<512, 1, at::native::R...         0.00%       0.000us         0.00%       0.000us       0.000us       4.641us         0.00%       4.641us       2.320us             2  
void at::native::unrolled_elementwise_kernel<at::nat...         0.00%       0.000us         0.00%       0.000us       0.000us       4.319us         0.00%       4.319us       1.440us             3  
triton_poi_fused_add_bitwise_and_bitwise_not_bitwise...         0.00%       0.000us         0.00%       0.000us       0.000us       3.423us         0.00%       3.423us       1.711us             2  
                                compute_position_kernel         0.00%       0.000us         0.00%       0.000us       0.000us       3.232us         0.00%       3.232us       1.616us             2  
void at::native::reduce_kernel<512, 1, at::native::R...         0.00%       0.000us         0.00%       0.000us       0.000us       2.304us         0.00%       2.304us       2.304us             1  
void at::native::vectorized_elementwise_kernel<4, at...         0.00%       0.000us         0.00%       0.000us       0.000us       2.112us         0.00%       2.112us       1.056us             2  
void at::native::vectorized_elementwise_kernel<4, at...         0.00%       0.000us         0.00%       0.000us       0.000us       1.088us         0.00%       1.088us       1.088us             1  
                                  cudaDeviceSynchronize         6.27%       1.123ms         6.27%       1.123ms     224.615us       0.000us         0.00%       0.000us       0.000us             5  
                                Activity Buffer Request         9.43%       1.689ms         9.43%       1.689ms       1.689ms       0.000us         0.00%       0.000us       0.000us             1  
                               cudaPointerGetAttributes         0.06%      11.570us         0.06%      11.570us       5.785us       0.000us         0.00%       0.000us       0.000us             2  
                                  cudaStreamIsCapturing         1.03%     183.988us         1.03%     183.988us       0.684us       0.000us         0.00%       0.000us       0.000us           269  
                                        cudaMemcpyAsync         8.22%       1.472ms         8.22%       1.472ms      39.791us       0.000us         0.00%       0.000us       0.000us            37  
                               cudaEventRecordWithFlags         0.95%     169.594us         0.95%     169.594us       1.346us       0.000us         0.00%       0.000us       0.000us           126  
                                         cudaEventQuery         2.79%     499.860us         2.79%     499.860us       2.369us       0.000us         0.00%       0.000us       0.000us           211  
                                       cuLaunchKernelEx        24.54%       4.397ms        24.59%       4.405ms       6.459us       0.000us         0.00%       0.000us       0.000us           682  
                                       cudaLaunchKernel        13.11%       2.348ms        13.20%       2.364ms       6.388us       0.000us         0.00%       0.000us       0.000us           370  
                                  cudaStreamSynchronize         2.08%     372.491us         2.08%     372.491us      37.249us       0.000us         0.00%       0.000us       0.000us            10  
                                    cudaPeekAtLastError         0.02%       3.717us         0.02%       3.717us       0.116us       0.000us         0.00%       0.000us       0.000us            32  
cudaOccupancyMaxActiveBlocksPerMultiprocessorWithFla...         0.08%      13.883us         0.08%      13.883us       1.735us       0.000us         0.00%       0.000us       0.000us             8  
                                 cudaDeviceGetAttribute         0.35%      62.946us         0.35%      62.946us       0.999us       0.000us         0.00%       0.000us       0.000us            63  
                                    cudaLaunchKernelExC        16.64%       2.980ms        16.65%       2.983ms       6.874us       0.000us         0.00%       0.000us       0.000us           434  
                                         cuLaunchKernel         5.19%     930.255us         5.22%     935.208us       5.919us       0.000us         0.00%       0.000us       0.000us           158  
                                                INVALID         1.24%     222.209us         1.24%     222.209us       0.682us       0.000us         0.00%       0.000us       0.000us           326  
                                        cudaEventRecord         3.38%     605.200us         3.38%     605.200us       1.834us       0.000us         0.00%       0.000us       0.000us           330  
                                    cudaStreamWaitEvent         2.22%     397.777us         2.22%     397.777us       1.808us       0.000us         0.00%       0.000us       0.000us           220  
                                    cudaGetFuncBySymbol         1.04%     186.426us         1.04%     186.426us       1.695us       0.000us         0.00%       0.000us       0.000us           110  
                                   cudaDriverGetVersion         0.11%      19.984us         0.11%      19.984us       0.093us       0.000us         0.00%       0.000us       0.000us           216  
                                   cudaFuncSetAttribute         1.06%     189.424us         1.06%     189.424us       3.508us       0.000us         0.00%       0.000us       0.000us            54  
                    cudaThreadExchangeStreamCaptureMode         0.20%      35.163us         0.20%      35.163us       0.270us       0.000us         0.00%       0.000us       0.000us           130  
-------------------------------------------------------  ------------  ------------  ------------  ------------  ------------  ------------  ------------  ------------  ------------  ------------  
Self CPU time total: 17.914ms
Self CUDA time total: 97.650ms

-------------------------------------------------------  ------------  ------------  ------------  ------------  ------------  ------------  ------------  ------------  ------------  ------------  
                                                   Name    Self CPU %      Self CPU   CPU total %     CPU total  CPU time avg     Self CUDA   Self CUDA %    CUDA total  CUDA time avg    # of Calls  
-------------------------------------------------------  ------------  ------------  ------------  ------------  ------------  ------------  ------------  ------------  ------------  ------------  
                                       fused_moe_kernel         0.00%       0.000us         0.00%       0.000us       0.000us      48.693ms        48.66%      48.693ms     468.200us           104  
ncclDevKernel_AllReduce_Sum_bf16_RING_LL(ncclDevKern...         0.00%       0.000us         0.00%       0.000us       0.000us      19.693ms        19.68%      19.693ms     179.030us           110  
void cutlass::device_kernel<cutlass::fmha::kernel::S...         0.00%       0.000us         0.00%       0.000us       0.000us       6.445ms         6.44%       6.445ms     119.348us            54  
         nvjet_sm100_tst_128x256_64x6_2x2_2cta_h_bz_TNT         0.00%       0.000us         0.00%       0.000us       0.000us       5.456ms         5.45%       5.456ms      28.869us           189  
         nvjet_sm100_tst_128x256_64x6_2x1_2cta_v_bz_TNT         0.00%       0.000us         0.00%       0.000us       0.000us       3.753ms         3.75%       3.753ms      46.328us            81  
void (anonymous namespace)::act_and_mul_kernel<__nv_...         0.00%       0.000us         0.00%       0.000us       0.000us       2.907ms         2.91%       2.907ms      27.425us           106  
kernel_cutlass_kernel_flashinfernormkernelsfused_add...         0.00%       0.000us         0.00%       0.000us       0.000us       2.209ms         2.21%       2.209ms      20.455us           108  
void moe_sum_reduce_warp_per_token_vec_kernel<8>(c10...         0.00%       0.000us         0.00%       0.000us       0.000us       2.023ms         2.02%       2.023ms      38.898us            52  
void at::native::sbtopk::gatherTopK<float, unsigned ...         0.00%       0.000us         0.00%       0.000us       0.000us       1.687ms         1.69%       1.687ms      16.218us           104  
void count_and_sort_expert_tokens_kernel<int>(int co...         0.00%       0.000us         0.00%       0.000us       0.000us     979.679us         0.98%     979.679us      18.840us            52  
         nvjet_sm100_tst_144x128_64x8_2x2_2cta_h_bz_TNN         0.00%       0.000us         0.00%       0.000us       0.000us     935.259us         0.93%     935.259us      17.320us            54  
void moe_align_block_size_kernel<int>(int const*, in...         0.00%       0.000us         0.00%       0.000us       0.000us     728.065us         0.73%     728.065us      14.001us            52  
void at::native::vectorized_elementwise_kernel<8, at...         0.00%       0.000us         0.00%       0.000us       0.000us     707.354us         0.71%     707.354us      13.603us            52  
         nvjet_sm100_tss_32x128_64x12_2x2_2cta_h_bz_TNN         0.00%       0.000us         0.00%       0.000us       0.000us     605.184us         0.60%     605.184us      11.638us            52  
                           concat_and_cast_mha_k_kernel         0.00%       0.000us         0.00%       0.000us       0.000us     549.978us         0.55%     549.978us      10.185us            54  
flashinfer::plan_kernel(int*, int*, int*, int*, int*...         0.00%       0.000us         0.00%       0.000us       0.000us     438.400us         0.44%     438.400us     219.200us             2  
                               get_mla_kv_buffer_kernel         0.00%       0.000us         0.00%       0.000us       0.000us     350.305us         0.35%     350.305us      12.974us            27  
kernel_cutlass_kernel_flashinfernormkernelsrmsnormRM...         0.00%       0.000us         0.00%       0.000us       0.000us     348.542us         0.35%     348.542us       6.454us            54  
void (anonymous namespace)::fused_rope_kernel<false,...         0.00%       0.000us         0.00%       0.000us       0.000us     304.927us         0.30%     304.927us       5.647us            54  
triton_red_fused__softmax_exp_max_prepare_softmax_on...         0.00%       0.000us         0.00%       0.000us       0.000us     301.661us         0.30%     301.661us       5.801us            52  
void (anonymous namespace)::set_mla_kv_buffer_kernel...         0.00%       0.000us         0.00%       0.000us       0.000us     186.562us         0.19%     186.562us       3.455us            54  
triton_poi_fused__softmax__to_copy_arange_bitwise_no...         0.00%       0.000us         0.00%       0.000us       0.000us     160.861us         0.16%     160.861us       3.093us            52  
                            triton_poi_fused__to_copy_2         0.00%       0.000us         0.00%       0.000us       0.000us     105.691us         0.11%     105.691us       2.033us            52  
                nvjet_sm100_tst_384x8_64x4_2x1_v_bz_TNT         0.00%       0.000us         0.00%       0.000us       0.000us      96.256us         0.10%      96.256us      48.128us             2  
void at::native::elementwise_kernel<128, 4, at::nati...         0.00%       0.000us         0.00%       0.000us       0.000us      59.008us         0.06%      59.008us      29.504us             2  
void at::native::reduce_kernel<512, 1, at::native::R...         0.00%       0.000us         0.00%       0.000us       0.000us      48.799us         0.05%      48.799us      24.400us             2  
                         Memcpy HtoD (Pinned -> Device)         0.00%       0.000us         0.00%       0.000us       0.000us      39.230us         0.04%      39.230us       2.308us            17  
                               _all_gather_kernel_inner         0.00%       0.000us         0.00%       0.000us       0.000us      28.000us         0.03%      28.000us      14.000us             2  
void at::native::unrolled_elementwise_kernel<at::nat...         0.00%       0.000us         0.00%       0.000us       0.000us      22.819us         0.02%      22.819us       2.852us             8  
kernel_cutlass_kernel_flashinfernormkernelsrmsnormRM...         0.00%       0.000us         0.00%       0.000us       0.000us      21.184us         0.02%      21.184us      10.592us             2  
                       Memcpy DtoH (Device -> Pageable)         0.00%       0.000us         0.00%       0.000us       0.000us      20.738us         0.02%      20.738us       2.963us             7  
void at::native::vectorized_gather_kernel<16, long>(...         0.00%       0.000us         0.00%       0.000us       0.000us      19.264us         0.02%      19.264us       4.816us             4  
void at_cuda_detail::cub::detail::scan::DeviceScanKe...         0.00%       0.000us         0.00%       0.000us       0.000us      15.808us         0.02%      15.808us       1.976us             8  
                       Memcpy HtoD (Pageable -> Device)         0.00%       0.000us         0.00%       0.000us       0.000us      13.825us         0.01%      13.825us       1.382us            10  
                    create_flashinfer_kv_indices_triton         0.00%       0.000us         0.00%       0.000us       0.000us      13.471us         0.01%      13.471us       4.490us             3  
void at_cuda_detail::cub::detail::scan::DeviceScanIn...         0.00%       0.000us         0.00%       0.000us       0.000us      11.777us         0.01%      11.777us       1.472us             8  
void at::native::unrolled_elementwise_kernel<at::nat...         0.00%       0.000us         0.00%       0.000us       0.000us      10.944us         0.01%      10.944us       1.824us             6  
                         write_req_to_token_pool_triton         0.00%       0.000us         0.00%       0.000us       0.000us       9.984us         0.01%       9.984us       4.992us             2  
                         Memcpy DtoH (Device -> Pinned)         0.00%       0.000us         0.00%       0.000us       0.000us       9.152us         0.01%       9.152us       3.051us             3  
void at::native::unrolled_elementwise_kernel<at::nat...         0.00%       0.000us         0.00%       0.000us       0.000us       8.161us         0.01%       8.161us       4.081us             2  
void at::native::vectorized_elementwise_kernel<2, at...         0.00%       0.000us         0.00%       0.000us       0.000us       8.126us         0.01%       8.126us       2.032us             4  
void at::native::(anonymous namespace)::multi_tensor...         0.00%       0.000us         0.00%       0.000us       0.000us       7.136us         0.01%       7.136us       3.568us             2  
void at::native::unrolled_elementwise_kernel<at::nat...         0.00%       0.000us         0.00%       0.000us       0.000us       6.144us         0.01%       6.144us       2.048us             3  
void at::native::reduce_kernel<512, 1, at::native::R...         0.00%       0.000us         0.00%       0.000us       0.000us       5.344us         0.01%       5.344us       2.672us             2  
void at::native::unrolled_elementwise_kernel<at::nat...         0.00%       0.000us         0.00%       0.000us       0.000us       5.121us         0.01%       5.121us       1.707us             3  
                                compute_position_kernel         0.00%       0.000us         0.00%       0.000us       0.000us       3.808us         0.00%       3.808us       1.904us             2  
triton_poi_fused_add_bitwise_and_bitwise_not_bitwise...         0.00%       0.000us         0.00%       0.000us       0.000us       3.552us         0.00%       3.552us       1.776us             2  
void at::native::reduce_kernel<512, 1, at::native::R...         0.00%       0.000us         0.00%       0.000us       0.000us       2.944us         0.00%       2.944us       2.944us             1  
void at::native::vectorized_elementwise_kernel<4, at...         0.00%       0.000us         0.00%       0.000us       0.000us       2.592us         0.00%       2.592us       1.296us             2  
void at::native::vectorized_elementwise_kernel<4, at...         0.00%       0.000us         0.00%       0.000us       0.000us       1.376us         0.00%       1.376us       1.376us             1  
                                  cudaDeviceSynchronize         3.29%     581.802us         3.29%     581.802us     116.360us       0.000us         0.00%       0.000us       0.000us             5  
                                Activity Buffer Request        11.02%       1.948ms        11.02%       1.948ms       1.948ms       0.000us         0.00%       0.000us       0.000us             1  
                               cudaPointerGetAttributes         0.05%       8.361us         0.05%       8.361us       4.181us       0.000us         0.00%       0.000us       0.000us             2  
                                  cudaStreamIsCapturing         1.03%     181.462us         1.03%     181.462us       0.675us       0.000us         0.00%       0.000us       0.000us           269  
                                        cudaMemcpyAsync         8.70%       1.538ms         8.70%       1.538ms      41.561us       0.000us         0.00%       0.000us       0.000us            37  
                               cudaEventRecordWithFlags         0.99%     175.100us         0.99%     175.100us       1.390us       0.000us         0.00%       0.000us       0.000us           126  
                                         cudaEventQuery         3.98%     704.122us         4.03%     711.703us       2.296us       0.000us         0.00%       0.000us       0.000us           310  
                                       cuLaunchKernelEx        24.31%       4.296ms        24.38%       4.308ms       6.317us       0.000us         0.00%       0.000us       0.000us           682  
                                       cudaLaunchKernel        13.31%       2.352ms        13.32%       2.354ms       6.362us       0.000us         0.00%       0.000us       0.000us           370  
                                  cudaStreamSynchronize         2.12%     374.754us         2.12%     374.754us      37.475us       0.000us         0.00%       0.000us       0.000us            10  
                                    cudaPeekAtLastError         0.02%       3.561us         0.02%       3.561us       0.111us       0.000us         0.00%       0.000us       0.000us            32  
cudaOccupancyMaxActiveBlocksPerMultiprocessorWithFla...         0.08%      14.337us         0.08%      14.337us       1.792us       0.000us         0.00%       0.000us       0.000us             8  
                                 cudaDeviceGetAttribute         0.36%      63.913us         0.36%      63.913us       1.014us       0.000us         0.00%       0.000us       0.000us            63  
                                    cudaLaunchKernelExC        16.78%       2.966ms        16.81%       2.970ms       6.844us       0.000us         0.00%       0.000us       0.000us           434  
                                         cuLaunchKernel         5.05%     893.271us         5.05%     893.271us       5.654us       0.000us         0.00%       0.000us       0.000us           158  
                                                INVALID         1.21%     214.479us         1.21%     214.479us       0.658us       0.000us         0.00%       0.000us       0.000us           326  
                                        cudaEventRecord         3.18%     561.402us         3.18%     561.896us       1.703us       0.000us         0.00%       0.000us       0.000us           330  
                                    cudaStreamWaitEvent         1.98%     350.673us         1.98%     350.673us       1.594us       0.000us         0.00%       0.000us       0.000us           220  
                                    cudaGetFuncBySymbol         1.00%     177.118us         1.00%     177.118us       1.610us       0.000us         0.00%       0.000us       0.000us           110  
                                   cudaDriverGetVersion         0.11%      20.165us         0.11%      20.165us       0.093us       0.000us         0.00%       0.000us       0.000us           216  
                                   cudaFuncSetAttribute         1.12%     198.484us         1.12%     198.715us       3.680us       0.000us         0.00%       0.000us       0.000us            54  
                    cudaThreadExchangeStreamCaptureMode         0.28%      49.175us         0.28%      49.175us       0.251us       0.000us         0.00%       0.000us       0.000us           196  
-------------------------------------------------------  ------------  ------------  ------------  ------------  ------------  ------------  ------------  ------------  ------------  ------------  
Self CPU time total: 17.672ms
Self CUDA time total: 100.062ms

torch profiler chrome trace for prefill saved to /sgl-workspace/sglang-src/experiment-results/phase11/multiscale_timing_ground_truth/deepseek-v2-lite/chunked_prefill/c2048/r0/traces/trace_rank0_batch4_input4095_output8_prefill.trace.json.gz
Prefill. latency: 0.13231 s, throughput: 123798.00 token/s
Decode 0. Batch size: 4, latency: 0.05723 s, throughput:     69.89 token/s
Decode 1. Batch size: 4, latency: 0.05533 s, throughput:     72.30 token/s
Decode 2. Batch size: 4, latency: 0.05491 s, throughput:     72.85 token/s
Decode 3. Batch size: 4, latency: 0.05575 s, throughput:     71.75 token/s
Decode 4. Batch size: 4, latency: 0.05535 s, throughput:     72.27 token/s
Decode.  median latency: 0.05533 s, median throughput:     72.30 token/s
Total. latency:  0.521 s, throughput:  31507.25 token/s
Warmup workload: batch_size=4, input_len=4096, output_len=8
Prefill. latency: 0.12380 s, throughput: 132346.08 token/s
Decode 0. Batch size: 4, latency: 0.05440 s, throughput:     73.52 token/s
Decode 1. Batch size: 4, latency: 0.05404 s, throughput:     74.03 token/s
Decode 2. Batch size: 4, latency: 0.05453 s, throughput:     73.35 token/s
Decode 3. Batch size: 4, latency: 0.05393 s, throughput:     74.17 token/s
Decode 4. Batch size: 4, latency: 0.05390 s, throughput:     74.21 token/s
Decode.  median latency: 0.05427 s, median throughput:     73.71 token/s
Total. latency:  0.503 s, throughput:  32616.28 token/s
-------------------------------------------------------  ------------  ------------  ------------  ------------  ------------  ------------  ------------  ------------  ------------  ------------  
                                                   Name    Self CPU %      Self CPU   CPU total %     CPU total  CPU time avg     Self CUDA   Self CUDA %    CUDA total  CUDA time avg    # of Calls  
-------------------------------------------------------  ------------  ------------  ------------  ------------  ------------  ------------  ------------  ------------  ------------  ------------  
                                       fused_moe_kernel         0.00%       0.000us         0.00%       0.000us       0.000us      48.749ms        45.30%      48.749ms     468.739us           104  
ncclDevKernel_AllReduce_Sum_bf16_RING_LL(ncclDevKern...         0.00%       0.000us         0.00%       0.000us       0.000us      27.176ms        25.25%      27.176ms     247.059us           110  
void cutlass::device_kernel<cutlass::fmha::kernel::S...         0.00%       0.000us         0.00%       0.000us       0.000us       6.446ms         5.99%       6.446ms     119.372us            54  
         nvjet_sm100_tst_128x256_64x6_2x2_2cta_h_bz_TNT         0.00%       0.000us         0.00%       0.000us       0.000us       5.376ms         5.00%       5.376ms      28.443us           189  
         nvjet_sm100_tst_128x256_64x6_2x1_2cta_v_bz_TNT         0.00%       0.000us         0.00%       0.000us       0.000us       3.768ms         3.50%       3.768ms      46.522us            81  
void (anonymous namespace)::act_and_mul_kernel<__nv_...         0.00%       0.000us         0.00%       0.000us       0.000us       2.930ms         2.72%       2.930ms      27.641us           106  
kernel_cutlass_kernel_flashinfernormkernelsfused_add...         0.00%       0.000us         0.00%       0.000us       0.000us       2.224ms         2.07%       2.224ms      20.593us           108  
void moe_sum_reduce_warp_per_token_vec_kernel<8>(c10...         0.00%       0.000us         0.00%       0.000us       0.000us       2.019ms         1.88%       2.019ms      38.826us            52  
void at::native::sbtopk::gatherTopK<float, unsigned ...         0.00%       0.000us         0.00%       0.000us       0.000us       1.682ms         1.56%       1.682ms      16.169us           104  
void count_and_sort_expert_tokens_kernel<int>(int co...         0.00%       0.000us         0.00%       0.000us       0.000us     983.836us         0.91%     983.836us      18.920us            52  
         nvjet_sm100_tst_144x128_64x8_2x2_2cta_h_bz_TNN         0.00%       0.000us         0.00%       0.000us       0.000us     930.078us         0.86%     930.078us      17.224us            54  
void at::native::vectorized_elementwise_kernel<8, at...         0.00%       0.000us         0.00%       0.000us       0.000us     706.844us         0.66%     706.844us      13.593us            52  
void moe_align_block_size_kernel<int>(int const*, in...         0.00%       0.000us         0.00%       0.000us       0.000us     690.912us         0.64%     690.912us      13.287us            52  
         nvjet_sm100_tss_32x128_64x12_2x2_2cta_h_bz_TNN         0.00%       0.000us         0.00%       0.000us       0.000us     617.537us         0.57%     617.537us      11.876us            52  
                           concat_and_cast_mha_k_kernel         0.00%       0.000us         0.00%       0.000us       0.000us     550.335us         0.51%     550.335us      10.191us            54  
flashinfer::plan_kernel(int*, int*, int*, int*, int*...         0.00%       0.000us         0.00%       0.000us       0.000us     438.462us         0.41%     438.462us     219.231us             2  
                               get_mla_kv_buffer_kernel         0.00%       0.000us         0.00%       0.000us       0.000us     348.125us         0.32%     348.125us      12.894us            27  
kernel_cutlass_kernel_flashinfernormkernelsrmsnormRM...         0.00%       0.000us         0.00%       0.000us       0.000us     348.029us         0.32%     348.029us       6.445us            54  
triton_red_fused__softmax_exp_max_prepare_softmax_on...         0.00%       0.000us         0.00%       0.000us       0.000us     306.340us         0.28%     306.340us       5.891us            52  
void (anonymous namespace)::fused_rope_kernel<false,...         0.00%       0.000us         0.00%       0.000us       0.000us     304.250us         0.28%     304.250us       5.634us            54  
triton_poi_fused__softmax__to_copy_arange_bitwise_no...         0.00%       0.000us         0.00%       0.000us       0.000us     248.440us         0.23%     248.440us       4.778us            52  
void (anonymous namespace)::set_mla_kv_buffer_kernel...         0.00%       0.000us         0.00%       0.000us       0.000us     188.573us         0.18%     188.573us       3.492us            54  
                            triton_poi_fused__to_copy_2         0.00%       0.000us         0.00%       0.000us       0.000us      99.424us         0.09%      99.424us       1.912us            52  
                nvjet_sm100_tst_384x8_64x4_2x1_v_bz_TNT         0.00%       0.000us         0.00%       0.000us       0.000us      96.991us         0.09%      96.991us      48.495us             2  
void at::native::elementwise_kernel<128, 4, at::nati...         0.00%       0.000us         0.00%       0.000us       0.000us      64.768us         0.06%      64.768us      32.384us             2  
void at::native::reduce_kernel<512, 1, at::native::R...         0.00%       0.000us         0.00%       0.000us       0.000us      47.519us         0.04%      47.519us      23.760us             2  
                         Memcpy HtoD (Pinned -> Device)         0.00%       0.000us         0.00%       0.000us       0.000us      41.536us         0.04%      41.536us       2.443us            17  
void at::native::vectorized_gather_kernel<16, long>(...         0.00%       0.000us         0.00%       0.000us       0.000us      25.408us         0.02%      25.408us       6.352us             4  
                               _all_gather_kernel_inner         0.00%       0.000us         0.00%       0.000us       0.000us      24.224us         0.02%      24.224us      12.112us             2  
void at::native::unrolled_elementwise_kernel<at::nat...         0.00%       0.000us         0.00%       0.000us       0.000us      22.433us         0.02%      22.433us       2.804us             8  
                       Memcpy DtoH (Device -> Pageable)         0.00%       0.000us         0.00%       0.000us       0.000us      21.408us         0.02%      21.408us       3.058us             7  
kernel_cutlass_kernel_flashinfernormkernelsrmsnormRM...         0.00%       0.000us         0.00%       0.000us       0.000us      21.119us         0.02%      21.119us      10.560us             2  
void at_cuda_detail::cub::detail::scan::DeviceScanKe...         0.00%       0.000us         0.00%       0.000us       0.000us      13.535us         0.01%      13.535us       1.692us             8  
                    create_flashinfer_kv_indices_triton         0.00%       0.000us         0.00%       0.000us       0.000us      11.999us         0.01%      11.999us       4.000us             3  
                       Memcpy HtoD (Pageable -> Device)         0.00%       0.000us         0.00%       0.000us       0.000us      10.944us         0.01%      10.944us       1.094us            10  
                         Memcpy DtoH (Device -> Pinned)         0.00%       0.000us         0.00%       0.000us       0.000us      10.048us         0.01%      10.048us       3.349us             3  
void at_cuda_detail::cub::detail::scan::DeviceScanIn...         0.00%       0.000us         0.00%       0.000us       0.000us       9.824us         0.01%       9.824us       1.228us             8  
void at::native::unrolled_elementwise_kernel<at::nat...         0.00%       0.000us         0.00%       0.000us       0.000us       8.673us         0.01%       8.673us       1.445us             6  
                         write_req_to_token_pool_triton         0.00%       0.000us         0.00%       0.000us       0.000us       8.544us         0.01%       8.544us       4.272us             2  
void at::native::unrolled_elementwise_kernel<at::nat...         0.00%       0.000us         0.00%       0.000us       0.000us       8.032us         0.01%       8.032us       4.016us             2  
void at::native::(anonymous namespace)::multi_tensor...         0.00%       0.000us         0.00%       0.000us       0.000us       6.048us         0.01%       6.048us       3.024us             2  
void at::native::unrolled_elementwise_kernel<at::nat...         0.00%       0.000us         0.00%       0.000us       0.000us       5.920us         0.01%       5.920us       1.973us             3  
void at::native::vectorized_elementwise_kernel<2, at...         0.00%       0.000us         0.00%       0.000us       0.000us       5.599us         0.01%       5.599us       1.400us             4  
void at::native::reduce_kernel<512, 1, at::native::R...         0.00%       0.000us         0.00%       0.000us       0.000us       4.672us         0.00%       4.672us       2.336us             2  
void at::native::unrolled_elementwise_kernel<at::nat...         0.00%       0.000us         0.00%       0.000us       0.000us       3.872us         0.00%       3.872us       1.291us             3  
                                compute_position_kernel         0.00%       0.000us         0.00%       0.000us       0.000us       3.520us         0.00%       3.520us       1.760us             2  
triton_poi_fused_add_bitwise_and_bitwise_not_bitwise...         0.00%       0.000us         0.00%       0.000us       0.000us       3.264us         0.00%       3.264us       1.632us             2  
void at::native::vectorized_elementwise_kernel<4, at...         0.00%       0.000us         0.00%       0.000us       0.000us       2.783us         0.00%       2.783us       1.391us             2  
void at::native::reduce_kernel<512, 1, at::native::R...         0.00%       0.000us         0.00%       0.000us       0.000us       2.240us         0.00%       2.240us       2.240us             1  
void at::native::vectorized_elementwise_kernel<4, at...         0.00%       0.000us         0.00%       0.000us       0.000us       1.504us         0.00%       1.504us       1.504us             1  
                                  cudaDeviceSynchronize         6.49%       1.153ms         6.49%       1.153ms     230.689us       0.000us         0.00%       0.000us       0.000us             5  
                                Activity Buffer Request        10.81%       1.922ms        10.81%       1.922ms       1.922ms       0.000us         0.00%       0.000us       0.000us             1  
                               cudaPointerGetAttributes         0.09%      16.867us         0.09%      16.867us       8.434us       0.000us         0.00%       0.000us       0.000us             2  
                                  cudaStreamIsCapturing         1.02%     181.631us         1.02%     181.631us       0.675us       0.000us         0.00%       0.000us       0.000us           269  
                                        cudaMemcpyAsync         3.44%     611.327us         3.44%     611.327us      16.522us       0.000us         0.00%       0.000us       0.000us            37  
                               cudaEventRecordWithFlags         1.03%     182.633us         1.03%     182.633us       1.449us       0.000us         0.00%       0.000us       0.000us           126  
                                         cudaEventQuery         3.87%     688.372us         3.89%     690.535us       2.249us       0.000us         0.00%       0.000us       0.000us           307  
                                       cuLaunchKernelEx        25.34%       4.504ms        25.42%       4.518ms       6.624us       0.000us         0.00%       0.000us       0.000us           682  
                                       cudaLaunchKernel        13.58%       2.414ms        13.66%       2.428ms       6.562us       0.000us         0.00%       0.000us       0.000us           370  
                                  cudaStreamSynchronize         2.02%     359.926us         2.02%     359.926us      35.993us       0.000us         0.00%       0.000us       0.000us            10  
                                    cudaPeekAtLastError         0.02%       3.672us         0.02%       3.672us       0.115us       0.000us         0.00%       0.000us       0.000us            32  
cudaOccupancyMaxActiveBlocksPerMultiprocessorWithFla...         0.10%      17.061us         0.10%      17.061us       2.133us       0.000us         0.00%       0.000us       0.000us             8  
                                 cudaDeviceGetAttribute         0.37%      65.441us         0.37%      65.441us       1.039us       0.000us         0.00%       0.000us       0.000us            63  
                                    cudaLaunchKernelExC        17.00%       3.021ms        17.02%       3.026ms       6.972us       0.000us         0.00%       0.000us       0.000us           434  
                                         cuLaunchKernel         5.26%     935.658us         5.29%     939.925us       5.949us       0.000us         0.00%       0.000us       0.000us           158  
                                                INVALID         1.33%     236.953us         1.33%     236.953us       0.727us       0.000us         0.00%       0.000us       0.000us           326  
                                        cudaEventRecord         3.34%     594.360us         3.36%     597.381us       1.810us       0.000us         0.00%       0.000us       0.000us           330  
                                    cudaStreamWaitEvent         2.26%     401.135us         2.26%     401.135us       1.823us       0.000us         0.00%       0.000us       0.000us           220  
                                    cudaGetFuncBySymbol         1.07%     190.795us         1.08%     192.201us       1.747us       0.000us         0.00%       0.000us       0.000us           110  
                                   cudaDriverGetVersion         0.12%      20.451us         0.12%      20.451us       0.095us       0.000us         0.00%       0.000us       0.000us           216  
                                   cudaFuncSetAttribute         1.10%     196.061us         1.10%     196.061us       3.631us       0.000us         0.00%       0.000us       0.000us            54  
                    cudaThreadExchangeStreamCaptureMode         0.32%      56.639us         0.32%      56.639us       0.292us       0.000us         0.00%       0.000us       0.000us           194  
-------------------------------------------------------  ------------  ------------  ------------  ------------  ------------  ------------  ------------  ------------  ------------  ------------  
Self CPU time total: 17.774ms
Self CUDA time total: 107.617ms

torch profiler chrome trace for prefill saved to /sgl-workspace/sglang-src/experiment-results/phase11/multiscale_timing_ground_truth/deepseek-v2-lite/chunked_prefill/c2048/r0/traces/trace_rank0_batch4_input4096_output8_prefill.trace.json.gz
Prefill. latency: 0.13187 s, throughput: 124241.88 token/s
Decode 0. Batch size: 4, latency: 0.05690 s, throughput:     70.30 token/s
Decode 1. Batch size: 4, latency: 0.05732 s, throughput:     69.78 token/s
Decode 2. Batch size: 4, latency: 0.05502 s, throughput:     72.70 token/s
Decode 3. Batch size: 4, latency: 0.05448 s, throughput:     73.42 token/s
Decode 4. Batch size: 4, latency: 0.05512 s, throughput:     72.57 token/s
Decode.  median latency: 0.05512 s, median throughput:     72.57 token/s
Total. latency:  0.521 s, throughput:  31522.68 token/s
Warmup workload: batch_size=4, input_len=4097, output_len=8
Prefill. latency: 0.18870 s, throughput:  86845.54 token/s
Decode 0. Batch size: 4, latency: 0.05633 s, throughput:     71.00 token/s
Decode 1. Batch size: 4, latency: 0.05399 s, throughput:     74.09 token/s
Decode 2. Batch size: 4, latency: 0.05415 s, throughput:     73.87 token/s
Decode 3. Batch size: 4, latency: 0.05399 s, throughput:     74.09 token/s
Decode 4. Batch size: 4, latency: 0.05387 s, throughput:     74.25 token/s
Decode.  median latency: 0.05399 s, median throughput:     74.09 token/s
Total. latency:  0.570 s, throughput:  28788.73 token/s
-------------------------------------------------------  ------------  ------------  ------------  ------------  ------------  ------------  ------------  ------------  ------------  ------------  
                                                   Name    Self CPU %      Self CPU   CPU total %     CPU total  CPU time avg     Self CUDA   Self CUDA %    CUDA total  CUDA time avg    # of Calls  
-------------------------------------------------------  ------------  ------------  ------------  ------------  ------------  ------------  ------------  ------------  ------------  ------------  
                                       fused_moe_kernel         0.00%       0.000us         0.00%       0.000us       0.000us      49.748ms        49.37%      49.748ms     318.895us           156  
ncclDevKernel_AllReduce_Sum_bf16_RING_LL(ncclDevKern...         0.00%       0.000us         0.00%       0.000us       0.000us      13.061ms        12.96%      13.061ms     118.736us           110  
void cutlass::device_kernel<cutlass::fmha::kernel::S...         0.00%       0.000us         0.00%       0.000us       0.000us       8.790ms         8.72%       8.790ms     108.522us            81  
         nvjet_sm100_tst_128x256_64x6_2x2_2cta_h_bz_TNT         0.00%       0.000us         0.00%       0.000us       0.000us       5.386ms         5.34%       5.386ms      28.498us           189  
         nvjet_sm100_tst_128x256_64x6_2x1_2cta_v_bz_TNT         0.00%       0.000us         0.00%       0.000us       0.000us       3.767ms         3.74%       3.767ms      46.507us            81  
void (anonymous namespace)::act_and_mul_kernel<__nv_...         0.00%       0.000us         0.00%       0.000us       0.000us       3.024ms         3.00%       3.024ms      19.017us           159  
kernel_cutlass_kernel_flashinfernormkernelsfused_add...         0.00%       0.000us         0.00%       0.000us       0.000us       2.393ms         2.37%       2.393ms      14.769us           162  
void moe_sum_reduce_warp_per_token_vec_kernel<8>(c10...         0.00%       0.000us         0.00%       0.000us       0.000us       2.044ms         2.03%       2.044ms      39.315us            52  
void at::native::sbtopk::gatherTopK<float, unsigned ...         0.00%       0.000us         0.00%       0.000us       0.000us       1.884ms         1.87%       1.884ms      12.080us           156  
void count_and_sort_expert_tokens_kernel<int>(int co...         0.00%       0.000us         0.00%       0.000us       0.000us       1.019ms         1.01%       1.019ms      13.061us            78  
         nvjet_sm100_tst_144x128_64x8_2x2_2cta_h_bz_TNN         0.00%       0.000us         0.00%       0.000us       0.000us     949.790us         0.94%     949.790us      17.589us            54  
                           concat_and_cast_mha_k_kernel         0.00%       0.000us         0.00%       0.000us       0.000us     907.357us         0.90%     907.357us      11.202us            81  
void at::native::vectorized_elementwise_kernel<8, at...         0.00%       0.000us         0.00%       0.000us       0.000us     757.309us         0.75%     757.309us       9.709us            78  
void moe_align_block_size_kernel<int>(int const*, in...         0.00%       0.000us         0.00%       0.000us       0.000us     756.571us         0.75%     756.571us       9.700us            78  
         nvjet_sm100_tst_256x128_64x5_2x1_2cta_v_bz_TNT         0.00%       0.000us         0.00%       0.000us       0.000us     702.368us         0.70%     702.368us      26.014us            27  
                               get_mla_kv_buffer_kernel         0.00%       0.000us         0.00%       0.000us       0.000us     686.619us         0.68%     686.619us      12.715us            54  
         nvjet_sm100_tss_32x128_64x12_2x2_2cta_h_bz_TNN         0.00%       0.000us         0.00%       0.000us       0.000us     577.020us         0.57%     577.020us      11.097us            52  
flashinfer::plan_kernel(int*, int*, int*, int*, int*...         0.00%       0.000us         0.00%       0.000us       0.000us     478.879us         0.48%     478.879us     159.626us             3  
               nvjet_sm100_tst_16x64_64x16_4x1_v_bz_TNN         0.00%       0.000us         0.00%       0.000us       0.000us     429.889us         0.43%     429.889us       5.374us            80  
kernel_cutlass_kernel_flashinfernormkernelsrmsnormRM...         0.00%       0.000us         0.00%       0.000us       0.000us     404.161us         0.40%     404.161us       4.990us            81  
void (anonymous namespace)::all_reduce_one_shot_push...         0.00%       0.000us         0.00%       0.000us       0.000us     382.781us         0.38%     382.781us       6.960us            55  
triton_red_fused__softmax_exp_max_prepare_softmax_on...         0.00%       0.000us         0.00%       0.000us       0.000us     362.236us         0.36%     362.236us       4.644us            78  
void (anonymous namespace)::fused_rope_kernel<false,...         0.00%       0.000us         0.00%       0.000us       0.000us     349.150us         0.35%     349.150us       4.310us            81  
triton_poi_fused__softmax__to_copy_arange_bitwise_no...         0.00%       0.000us         0.00%       0.000us       0.000us     293.695us         0.29%     293.695us       3.765us            78  
void (anonymous namespace)::set_mla_kv_buffer_kernel...         0.00%       0.000us         0.00%       0.000us       0.000us     186.394us         0.18%     186.394us       3.452us            54  
               nvjet_sm100_tst_32x64_64x16_4x1_v_bz_TNN         0.00%       0.000us         0.00%       0.000us       0.000us     171.007us         0.17%     171.007us       6.577us            26  
                            triton_poi_fused__to_copy_2         0.00%       0.000us         0.00%       0.000us       0.000us     138.817us         0.14%     138.817us       1.780us            78  
                nvjet_sm100_tst_384x8_64x4_2x1_v_bz_TNT         0.00%       0.000us         0.00%       0.000us       0.000us     136.254us         0.14%     136.254us      45.418us             3  
        nvjet_sm100_tst_32x64_64x16_4x1_v_bz_splitK_TNN         0.00%       0.000us         0.00%       0.000us       0.000us     108.480us         0.11%     108.480us       4.018us            27  
        nvjet_sm100_tss_32x64_64x16_2x1_v_bz_splitK_TNN         0.00%       0.000us         0.00%       0.000us       0.000us     100.796us         0.10%     100.796us       3.877us            26  
void cublasLt::splitKreduce_kernel<32, 16, int, floa...         0.00%       0.000us         0.00%       0.000us       0.000us      71.450us         0.07%      71.450us       2.464us            29  
void at::native::reduce_kernel<512, 1, at::native::R...         0.00%       0.000us         0.00%       0.000us       0.000us      71.105us         0.07%      71.105us      23.702us             3  
void at::native::elementwise_kernel<128, 4, at::nati...         0.00%       0.000us         0.00%       0.000us       0.000us      68.000us         0.07%      68.000us      22.667us             3  
                         Memcpy HtoD (Pinned -> Device)         0.00%       0.000us         0.00%       0.000us       0.000us      60.381us         0.06%      60.381us       2.322us            26  
void cublasLt::splitKreduce_kernel<32, 16, int, floa...         0.00%       0.000us         0.00%       0.000us       0.000us      51.044us         0.05%      51.044us       1.963us            26  
                       triton_poi_fused_copy__mul_sum_0         0.00%       0.000us         0.00%       0.000us       0.000us      42.111us         0.04%      42.111us       1.620us            26  
void at::native::unrolled_elementwise_kernel<at::nat...         0.00%       0.000us         0.00%       0.000us       0.000us      41.440us         0.04%      41.440us       3.188us            13  
                               set_mla_kv_buffer_kernel         0.00%       0.000us         0.00%       0.000us       0.000us      36.483us         0.04%      36.483us       1.351us            27  
                       Memcpy DtoH (Device -> Pageable)         0.00%       0.000us         0.00%       0.000us       0.000us      35.746us         0.04%      35.746us       2.979us            12  
                               _all_gather_kernel_inner         0.00%       0.000us         0.00%       0.000us       0.000us      34.494us         0.03%      34.494us      11.498us             3  
void at::native::vectorized_gather_kernel<16, long>(...         0.00%       0.000us         0.00%       0.000us       0.000us      26.495us         0.03%      26.495us       5.299us             5  
kernel_cutlass_kernel_flashinfernormkernelsrmsnormRM...         0.00%       0.000us         0.00%       0.000us       0.000us      23.614us         0.02%      23.614us       7.871us             3  
void at_cuda_detail::cub::detail::scan::DeviceScanKe...         0.00%       0.000us         0.00%       0.000us       0.000us      22.785us         0.02%      22.785us       1.753us            13  
                    create_flashinfer_kv_indices_triton         0.00%       0.000us         0.00%       0.000us       0.000us      20.673us         0.02%      20.673us       4.135us             5  
         nvjet_sm100_tst_64x8_64x16_4x1_v_bz_splitK_TNT         0.00%       0.000us         0.00%       0.000us       0.000us      20.192us         0.02%      20.192us      10.096us             2  
                       Memcpy HtoD (Pageable -> Device)         0.00%       0.000us         0.00%       0.000us       0.000us      17.889us         0.02%      17.889us       1.193us            15  
void at_cuda_detail::cub::detail::scan::DeviceScanIn...         0.00%       0.000us         0.00%       0.000us       0.000us      16.542us         0.02%      16.542us       1.272us            13  
void at::native::unrolled_elementwise_kernel<at::nat...         0.00%       0.000us         0.00%       0.000us       0.000us      15.648us         0.02%      15.648us       1.565us            10  
                         Memcpy DtoH (Device -> Pinned)         0.00%       0.000us         0.00%       0.000us       0.000us      12.928us         0.01%      12.928us       3.232us             4  
void at::native::unrolled_elementwise_kernel<at::nat...         0.00%       0.000us         0.00%       0.000us       0.000us      12.896us         0.01%      12.896us       4.299us             3  
                         write_req_to_token_pool_triton         0.00%       0.000us         0.00%       0.000us       0.000us      12.576us         0.01%      12.576us       4.192us             3  
void at::native::vectorized_elementwise_kernel<2, at...         0.00%       0.000us         0.00%       0.000us       0.000us       9.568us         0.01%       9.568us       1.595us             6  
void at::native::unrolled_elementwise_kernel<at::nat...         0.00%       0.000us         0.00%       0.000us       0.000us       9.312us         0.01%       9.312us       1.862us             5  
void at::native::(anonymous namespace)::multi_tensor...         0.00%       0.000us         0.00%       0.000us       0.000us       8.159us         0.01%       8.159us       2.720us             3  
void at::native::unrolled_elementwise_kernel<at::nat...         0.00%       0.000us         0.00%       0.000us       0.000us       7.233us         0.01%       7.233us       1.447us             5  
void at::native::reduce_kernel<512, 1, at::native::R...         0.00%       0.000us         0.00%       0.000us       0.000us       6.688us         0.01%       6.688us       2.229us             3  
                                compute_position_kernel         0.00%       0.000us         0.00%       0.000us       0.000us       4.897us         0.00%       4.897us       1.632us             3  
triton_poi_fused_add_bitwise_and_bitwise_not_bitwise...         0.00%       0.000us         0.00%       0.000us       0.000us       4.705us         0.00%       4.705us       1.568us             3  
void at::native::(anonymous namespace)::indexSelectS...         0.00%       0.000us         0.00%       0.000us       0.000us       4.128us         0.00%       4.128us       4.128us             1  
void at::native::vectorized_elementwise_kernel<4, at...         0.00%       0.000us         0.00%       0.000us       0.000us       3.008us         0.00%       3.008us       1.003us             3  
void at::native::reduce_kernel<512, 1, at::native::R...         0.00%       0.000us         0.00%       0.000us       0.000us       2.432us         0.00%       2.432us       2.432us             1  
void at::native::vectorized_elementwise_kernel<4, at...         0.00%       0.000us         0.00%       0.000us       0.000us       2.112us         0.00%       2.112us       1.056us             2  
                                  cudaDeviceSynchronize         5.27%       1.292ms         5.27%       1.292ms     184.593us       0.000us         0.00%       0.000us       0.000us             7  
                                Activity Buffer Request         6.28%       1.541ms         6.28%       1.541ms       1.541ms       0.000us         0.00%       0.000us       0.000us             1  
                               cudaPointerGetAttributes         0.07%      17.159us         0.07%      17.159us       5.720us       0.000us         0.00%       0.000us       0.000us             3  
                                  cudaStreamIsCapturing         0.78%     190.949us         0.78%     190.949us       0.647us       0.000us         0.00%       0.000us       0.000us           295  
                                        cudaMemcpyAsync         6.85%       1.679ms         6.85%       1.679ms      29.462us       0.000us         0.00%       0.000us       0.000us            57  
                               cudaEventRecordWithFlags         0.78%     191.584us         0.78%     191.584us       1.430us       0.000us         0.00%       0.000us       0.000us           134  
                                         cudaEventQuery         3.30%     809.712us         3.30%     809.712us       2.287us       0.000us         0.00%       0.000us       0.000us           354  
                                       cuLaunchKernelEx        26.26%       6.442ms        26.31%       6.452ms       6.394us       0.000us         0.00%       0.000us       0.000us          1009  
                                       cudaLaunchKernel        14.11%       3.460ms        14.16%       3.472ms       6.502us       0.000us         0.00%       0.000us       0.000us           534  
                                  cudaStreamSynchronize         1.63%     400.116us         1.63%     400.116us      25.007us       0.000us         0.00%       0.000us       0.000us            16  
                                    cudaPeekAtLastError         0.02%       5.857us         0.02%       5.857us       0.113us       0.000us         0.00%       0.000us       0.000us            52  
cudaOccupancyMaxActiveBlocksPerMultiprocessorWithFla...         0.10%      23.497us         0.10%      23.497us       1.807us       0.000us         0.00%       0.000us       0.000us            13  
                                 cudaDeviceGetAttribute         0.38%      93.930us         0.38%      93.930us       0.978us       0.000us         0.00%       0.000us       0.000us            96  
                                    cudaLaunchKernelExC        20.46%       5.018ms        20.51%       5.029ms       6.852us       0.000us         0.00%       0.000us       0.000us           734  
                                         cuLaunchKernel         6.28%       1.539ms         6.36%       1.560ms       5.930us       0.000us         0.00%       0.000us       0.000us           263  
                                                INVALID         1.11%     272.974us         1.11%     272.974us       0.629us       0.000us         0.00%       0.000us       0.000us           434  
                                        cudaEventRecord         2.42%     593.649us         2.42%     593.649us       1.799us       0.000us         0.00%       0.000us       0.000us           330  
                                    cudaStreamWaitEvent         1.62%     397.075us         1.62%     397.075us       1.805us       0.000us         0.00%       0.000us       0.000us           220  
                                    cudaGetFuncBySymbol         0.74%     181.562us         0.74%     181.562us       1.651us       0.000us         0.00%       0.000us       0.000us           110  
                                   cudaDriverGetVersion         0.12%      30.273us         0.12%      30.273us       0.093us       0.000us         0.00%       0.000us       0.000us           324  
                                   cudaFuncSetAttribute         1.18%     288.858us         1.18%     288.858us       3.566us       0.000us         0.00%       0.000us       0.000us            81  
                    cudaThreadExchangeStreamCaptureMode         0.24%      58.186us         0.24%      58.186us       0.264us       0.000us         0.00%       0.000us       0.000us           220  
-------------------------------------------------------  ------------  ------------  ------------  ------------  ------------  ------------  ------------  ------------  ------------  ------------  
Self CPU time total: 24.526ms
Self CUDA time total: 100.772ms

-------------------------------------------------------  ------------  ------------  ------------  ------------  ------------  ------------  ------------  ------------  ------------  ------------  
                                                   Name    Self CPU %      Self CPU   CPU total %     CPU total  CPU time avg     Self CUDA   Self CUDA %    CUDA total  CUDA time avg    # of Calls  
-------------------------------------------------------  ------------  ------------  ------------  ------------  ------------  ------------  ------------  ------------  ------------  ------------  
                                       fused_moe_kernel         0.00%       0.000us         0.00%       0.000us       0.000us      49.678ms        28.75%      49.678ms     318.448us           156  
kernel_cutlass_kernel_flashinfernormkernelsfused_add...         0.00%       0.000us         0.00%       0.000us       0.000us      37.598ms        21.76%      37.598ms     232.084us           162  
void (anonymous namespace)::all_reduce_one_shot_push...         0.00%       0.000us         0.00%       0.000us       0.000us      36.101ms        20.89%      36.101ms     656.383us            55  
ncclDevKernel_AllReduce_Sum_bf16_RING_LL(ncclDevKern...         0.00%       0.000us         0.00%       0.000us       0.000us      13.484ms         7.80%      13.484ms     122.583us           110  
void cutlass::device_kernel<cutlass::fmha::kernel::S...         0.00%       0.000us         0.00%       0.000us       0.000us       8.776ms         5.08%       8.776ms     108.341us            81  
         nvjet_sm100_tst_128x256_64x6_2x2_2cta_h_bz_TNT         0.00%       0.000us         0.00%       0.000us       0.000us       5.468ms         3.16%       5.468ms      28.934us           189  
         nvjet_sm100_tst_128x256_64x6_2x1_2cta_v_bz_TNT         0.00%       0.000us         0.00%       0.000us       0.000us       3.754ms         2.17%       3.754ms      46.348us            81  
void (anonymous namespace)::act_and_mul_kernel<__nv_...         0.00%       0.000us         0.00%       0.000us       0.000us       3.107ms         1.80%       3.107ms      19.539us           159  
void moe_sum_reduce_warp_per_token_vec_kernel<8>(c10...         0.00%       0.000us         0.00%       0.000us       0.000us       2.029ms         1.17%       2.029ms      39.015us            52  
void at::native::sbtopk::gatherTopK<float, unsigned ...         0.00%       0.000us         0.00%       0.000us       0.000us       1.912ms         1.11%       1.912ms      12.256us           156  
void count_and_sort_expert_tokens_kernel<int>(int co...         0.00%       0.000us         0.00%       0.000us       0.000us       1.026ms         0.59%       1.026ms      13.149us            78  
         nvjet_sm100_tst_144x128_64x8_2x2_2cta_h_bz_TNN         0.00%       0.000us         0.00%       0.000us       0.000us     955.907us         0.55%     955.907us      17.702us            54  
                           concat_and_cast_mha_k_kernel         0.00%       0.000us         0.00%       0.000us       0.000us     912.061us         0.53%     912.061us      11.260us            81  
void moe_align_block_size_kernel<int>(int const*, in...         0.00%       0.000us         0.00%       0.000us       0.000us     789.533us         0.46%     789.533us      10.122us            78  
void at::native::vectorized_elementwise_kernel<8, at...         0.00%       0.000us         0.00%       0.000us       0.000us     763.352us         0.44%     763.352us       9.787us            78  
         nvjet_sm100_tst_256x128_64x5_2x1_2cta_v_bz_TNT         0.00%       0.000us         0.00%       0.000us       0.000us     698.493us         0.40%     698.493us      25.870us            27  
                               get_mla_kv_buffer_kernel         0.00%       0.000us         0.00%       0.000us       0.000us     688.535us         0.40%     688.535us      12.751us            54  
         nvjet_sm100_tss_32x128_64x12_2x2_2cta_h_bz_TNN         0.00%       0.000us         0.00%       0.000us       0.000us     608.799us         0.35%     608.799us      11.708us            52  
flashinfer::plan_kernel(int*, int*, int*, int*, int*...         0.00%       0.000us         0.00%       0.000us       0.000us     479.262us         0.28%     479.262us     159.754us             3  
               nvjet_sm100_tst_16x64_64x16_4x1_v_bz_TNN         0.00%       0.000us         0.00%       0.000us       0.000us     438.814us         0.25%     438.814us       5.485us            80  
                               _all_gather_kernel_inner         0.00%       0.000us         0.00%       0.000us       0.000us     437.150us         0.25%     437.150us     145.717us             3  
kernel_cutlass_kernel_flashinfernormkernelsrmsnormRM...         0.00%       0.000us         0.00%       0.000us       0.000us     426.043us         0.25%     426.043us       5.260us            81  
triton_red_fused__softmax_exp_max_prepare_softmax_on...         0.00%       0.000us         0.00%       0.000us       0.000us     365.924us         0.21%     365.924us       4.691us            78  
void (anonymous namespace)::fused_rope_kernel<false,...         0.00%       0.000us         0.00%       0.000us       0.000us     362.245us         0.21%     362.245us       4.472us            81  
triton_poi_fused__softmax__to_copy_arange_bitwise_no...         0.00%       0.000us         0.00%       0.000us       0.000us     233.310us         0.14%     233.310us       2.991us            78  
               nvjet_sm100_tst_32x64_64x16_4x1_v_bz_TNN         0.00%       0.000us         0.00%       0.000us       0.000us     188.545us         0.11%     188.545us       7.252us            26  
void (anonymous namespace)::set_mla_kv_buffer_kernel...         0.00%       0.000us         0.00%       0.000us       0.000us     185.761us         0.11%     185.761us       3.440us            54  
                            triton_poi_fused__to_copy_2         0.00%       0.000us         0.00%       0.000us       0.000us     156.541us         0.09%     156.541us       2.007us            78  
                nvjet_sm100_tst_384x8_64x4_2x1_v_bz_TNT         0.00%       0.000us         0.00%       0.000us       0.000us     138.176us         0.08%     138.176us      46.059us             3  
        nvjet_sm100_tst_32x64_64x16_4x1_v_bz_splitK_TNN         0.00%       0.000us         0.00%       0.000us       0.000us     127.333us         0.07%     127.333us       4.716us            27  
        nvjet_sm100_tss_32x64_64x16_2x1_v_bz_splitK_TNN         0.00%       0.000us         0.00%       0.000us       0.000us     121.308us         0.07%     121.308us       4.666us            26  
void cublasLt::splitKreduce_kernel<32, 16, int, floa...         0.00%       0.000us         0.00%       0.000us       0.000us      87.875us         0.05%      87.875us       3.030us            29  
void at::native::reduce_kernel<512, 1, at::native::R...         0.00%       0.000us         0.00%       0.000us       0.000us      72.865us         0.04%      72.865us      24.288us             3  
void cublasLt::splitKreduce_kernel<32, 16, int, floa...         0.00%       0.000us         0.00%       0.000us       0.000us      66.009us         0.04%      66.009us       2.539us            26  
                         Memcpy HtoD (Pinned -> Device)         0.00%       0.000us         0.00%       0.000us       0.000us      65.983us         0.04%      65.983us       2.538us            26  
void at::native::elementwise_kernel<128, 4, at::nati...         0.00%       0.000us         0.00%       0.000us       0.000us      61.024us         0.04%      61.024us      20.341us             3  
                               set_mla_kv_buffer_kernel         0.00%       0.000us         0.00%       0.000us       0.000us      49.698us         0.03%      49.698us       1.841us            27  
                       triton_poi_fused_copy__mul_sum_0         0.00%       0.000us         0.00%       0.000us       0.000us      46.528us         0.03%      46.528us       1.790us            26  
void at::native::unrolled_elementwise_kernel<at::nat...         0.00%       0.000us         0.00%       0.000us       0.000us      38.303us         0.02%      38.303us       2.946us            13  
                       Memcpy DtoH (Device -> Pageable)         0.00%       0.000us         0.00%       0.000us       0.000us      35.039us         0.02%      35.039us       2.920us            12  
void at_cuda_detail::cub::detail::scan::DeviceScanKe...         0.00%       0.000us         0.00%       0.000us       0.000us      24.769us         0.01%      24.769us       1.905us            13  
kernel_cutlass_kernel_flashinfernormkernelsrmsnormRM...         0.00%       0.000us         0.00%       0.000us       0.000us      23.775us         0.01%      23.775us       7.925us             3  
                    create_flashinfer_kv_indices_triton         0.00%       0.000us         0.00%       0.000us       0.000us      22.912us         0.01%      22.912us       4.582us             5  
void at::native::vectorized_gather_kernel<16, long>(...         0.00%       0.000us         0.00%       0.000us       0.000us      21.920us         0.01%      21.920us       4.384us             5  
         nvjet_sm100_tst_64x8_64x16_4x1_v_bz_splitK_TNT         0.00%       0.000us         0.00%       0.000us       0.000us      19.648us         0.01%      19.648us       9.824us             2  
void at_cuda_detail::cub::detail::scan::DeviceScanIn...         0.00%       0.000us         0.00%       0.000us       0.000us      17.920us         0.01%      17.920us       1.378us            13  
void at::native::unrolled_elementwise_kernel<at::nat...         0.00%       0.000us         0.00%       0.000us       0.000us      16.737us         0.01%      16.737us       1.674us            10  
                         write_req_to_token_pool_triton         0.00%       0.000us         0.00%       0.000us       0.000us      15.296us         0.01%      15.296us       5.099us             3  
                       Memcpy HtoD (Pageable -> Device)         0.00%       0.000us         0.00%       0.000us       0.000us      14.241us         0.01%      14.241us       0.949us            15  
                         Memcpy DtoH (Device -> Pinned)         0.00%       0.000us         0.00%       0.000us       0.000us      12.288us         0.01%      12.288us       3.072us             4  
void at::native::unrolled_elementwise_kernel<at::nat...         0.00%       0.000us         0.00%       0.000us       0.000us      12.064us         0.01%      12.064us       4.021us             3  
void at::native::unrolled_elementwise_kernel<at::nat...         0.00%       0.000us         0.00%       0.000us       0.000us      11.681us         0.01%      11.681us       2.336us             5  
void at::native::vectorized_elementwise_kernel<2, at...         0.00%       0.000us         0.00%       0.000us       0.000us      11.007us         0.01%      11.007us       1.835us             6  
void at::native::(anonymous namespace)::multi_tensor...         0.00%       0.000us         0.00%       0.000us       0.000us       8.448us         0.00%       8.448us       2.816us             3  
void at::native::reduce_kernel<512, 1, at::native::R...         0.00%       0.000us         0.00%       0.000us       0.000us       8.288us         0.00%       8.288us       2.763us             3  
void at::native::unrolled_elementwise_kernel<at::nat...         0.00%       0.000us         0.00%       0.000us       0.000us       7.808us         0.00%       7.808us       1.562us             5  
                                compute_position_kernel         0.00%       0.000us         0.00%       0.000us       0.000us       5.536us         0.00%       5.536us       1.845us             3  
void at::native::vectorized_elementwise_kernel<4, at...         0.00%       0.000us         0.00%       0.000us       0.000us       4.801us         0.00%       4.801us       1.600us             3  
triton_poi_fused_add_bitwise_and_bitwise_not_bitwise...         0.00%       0.000us         0.00%       0.000us       0.000us       4.575us         0.00%       4.575us       1.525us             3  
void at::native::vectorized_elementwise_kernel<4, at...         0.00%       0.000us         0.00%       0.000us       0.000us       3.456us         0.00%       3.456us       1.728us             2  
void at::native::(anonymous namespace)::indexSelectS...         0.00%       0.000us         0.00%       0.000us       0.000us       3.295us         0.00%       3.295us       3.295us             1  
void at::native::reduce_kernel<512, 1, at::native::R...         0.00%       0.000us         0.00%       0.000us       0.000us       2.560us         0.00%       2.560us       2.560us             1  
                                  cudaDeviceSynchronize        12.86%       3.276ms        12.86%       3.276ms     467.993us       0.000us         0.00%       0.000us       0.000us             7  
                                Activity Buffer Request         6.98%       1.779ms         6.98%       1.779ms       1.779ms       0.000us         0.00%       0.000us       0.000us             1  
                               cudaPointerGetAttributes         0.07%      17.678us         0.07%      17.678us       5.893us       0.000us         0.00%       0.000us       0.000us             3  
                                  cudaStreamIsCapturing         0.76%     193.140us         0.76%     193.140us       0.655us       0.000us         0.00%       0.000us       0.000us           295  
                                        cudaMemcpyAsync         3.29%     837.477us         3.29%     837.477us      14.693us       0.000us         0.00%       0.000us       0.000us            57  
                               cudaEventRecordWithFlags         0.74%     187.303us         0.74%     187.303us       1.398us       0.000us         0.00%       0.000us       0.000us           134  
                                         cudaEventQuery         3.22%     821.411us         3.22%     821.411us       2.314us       0.000us         0.00%       0.000us       0.000us           355  
                                       cuLaunchKernelEx        24.21%       6.167ms        24.27%       6.182ms       6.127us       0.000us         0.00%       0.000us       0.000us          1009  
                                       cudaLaunchKernel        13.60%       3.465ms        13.62%       3.470ms       6.498us       0.000us         0.00%       0.000us       0.000us           534  
                                  cudaStreamSynchronize         1.53%     390.054us         1.53%     390.054us      24.378us       0.000us         0.00%       0.000us       0.000us            16  
                                    cudaPeekAtLastError         0.02%       5.963us         0.02%       5.963us       0.115us       0.000us         0.00%       0.000us       0.000us            52  
cudaOccupancyMaxActiveBlocksPerMultiprocessorWithFla...         0.11%      27.857us         0.11%      27.857us       2.143us       0.000us         0.00%       0.000us       0.000us            13  
                                 cudaDeviceGetAttribute         0.40%     103.028us         0.40%     103.028us       1.073us       0.000us         0.00%       0.000us       0.000us            96  
                                    cudaLaunchKernelExC        19.51%       4.971ms        19.60%       4.993ms       6.802us       0.000us         0.00%       0.000us       0.000us           734  
                                         cuLaunchKernel         5.85%       1.490ms         5.85%       1.491ms       5.669us       0.000us         0.00%       0.000us       0.000us           263  
                                                INVALID         1.05%     266.874us         1.05%     266.874us       0.615us       0.000us         0.00%       0.000us       0.000us           434  
                                        cudaEventRecord         2.20%     559.804us         2.20%     559.804us       1.696us       0.000us         0.00%       0.000us       0.000us           330  
                                    cudaStreamWaitEvent         1.38%     351.813us         1.38%     351.813us       1.599us       0.000us         0.00%       0.000us       0.000us           220  
                                    cudaGetFuncBySymbol         0.73%     185.537us         0.73%     185.537us       1.687us       0.000us         0.00%       0.000us       0.000us           110  
                                   cudaDriverGetVersion         0.12%      30.429us         0.12%      30.429us       0.094us       0.000us         0.00%       0.000us       0.000us           324  
                                   cudaFuncSetAttribute         1.15%     293.975us         1.15%     293.975us       3.629us       0.000us         0.00%       0.000us       0.000us            81  
                    cudaThreadExchangeStreamCaptureMode         0.22%      55.635us         0.22%      55.635us       0.251us       0.000us         0.00%       0.000us       0.000us           222  
-------------------------------------------------------  ------------  ------------  ------------  ------------  ------------  ------------  ------------  ------------  ------------  ------------  
Self CPU time total: 25.476ms
Self CUDA time total: 172.806ms


torch profiler chrome trace for prefill saved to /sgl-workspace/sglang-src/experiment-results/phase11/multiscale_timing_ground_truth/deepseek-v2-lite/chunked_prefill/c2048/r0/traces/trace_rank0_batch4_input4097_output8_prefill.trace.json.gz
Prefill. latency: 0.19953 s, throughput:  82134.93 token/s
Decode 0. Batch size: 4, latency: 0.60447 s, throughput:      6.62 token/s
Decode 1. Batch size: 4, latency: 0.05759 s, throughput:     69.45 token/s
Decode 2. Batch size: 4, latency: 0.05685 s, throughput:     70.36 token/s
Decode 3. Batch size: 4, latency: 0.05580 s, throughput:     71.68 token/s
Decode 4. Batch size: 4, latency: 0.05551 s, throughput:     72.06 token/s
Decode.  median latency: 0.05580 s, median throughput:     71.68 token/s
Total. latency:  1.141 s, throughput:  14394.00 token/s
kill_process_tree called: parent_pid=901441, include_parent=False, pid=901441
