evaluation,outer_id,method,selected_alpha,workload_id,fold,model,tp,phase,case_label,actual_us,predicted_us,absolute_percentage_error,backend_signature_posthoc_only,backend_used_as_predictive_feature
workload_cv,fold0,additive_tp_phase,0.1,deepseek-v2-lite-chunk-c1024-b1-l1023-m8,0,deepseek-v2-lite,2,prefill,c1024,850.40283203125,987.7385888615585,0.16149494293459943,sglang_custom:all_reduce_one_shot_push,False
workload_cv,fold0,additive_tp_phase,0.1,deepseek-v2-lite-chunk-c4096-b1-l4095-m8,0,deepseek-v2-lite,2,prefill,c4096,2062.8203125,2168.2443710510943,0.051106758020686434,sglang_custom:all_reduce_one_shot,False
workload_cv,fold0,additive_tp_phase,0.1,deepseek-v2-lite-mixed-balanced,0,deepseek-v2-lite,2,decode,balanced,21891.82373046875,19127.942034197276,0.12625177921676484,sglang_custom:all_reduce_one_shot_push,False
workload_cv,fold0,additive_tp_phase,0.1,deepseek-v2-lite-chunk-c1024-b1-l1023-m8,0,deepseek-v2-lite,4,prefill,c1024,1199.533203125,1268.0030959589858,0.05708044817401419,sglang_custom:all_reduce_two_shot,False
workload_cv,fold0,additive_tp_phase,0.1,deepseek-v2-lite-chunk-c4096-b1-l4095-m8,0,deepseek-v2-lite,4,prefill,c4096,2785.61181640625,2783.4698434301845,0.0007689416606614275,sglang_custom:all_reduce_two_shot,False
workload_cv,fold0,additive_tp_phase,0.1,deepseek-v2-lite-mixed-balanced,0,deepseek-v2-lite,4,decode,balanced,22460.607421875,22917.95103471562,0.0203620322572043,sglang_custom:all_reduce_one_shot_push,False
workload_cv,fold0,additive_tp_phase,0.1,deepseek-v2-lite-chunk-c1024-b1-l1023-m8,0,deepseek-v2-lite,8,prefill,c1024,1416.82421875,1510.0919964456798,0.06582875734434138,sglang_custom:all_reduce_two_shot,False
workload_cv,fold0,additive_tp_phase,0.1,deepseek-v2-lite-chunk-c4096-b1-l4095-m8,0,deepseek-v2-lite,8,prefill,c4096,3302.54541015625,3314.8937461646246,0.003739035947969121,sglang_custom:all_reduce_two_shot,False
workload_cv,fold0,additive_tp_phase,0.1,deepseek-v2-lite-mixed-balanced,0,deepseek-v2-lite,8,decode,balanced,25759.8642578125,25376.25307625412,0.014891816886885834,sglang_custom:all_reduce_one_shot_push,False
workload_cv,fold0,additive_tp_phase,0.1,qwen3-30b-a3b-chunk-c1024-b1-l1023-m8,0,qwen3-30b-a3b,2,prefill,c1024,1470.548828125,1280.3293017373373,0.12935274419292764,flashinfer_mnnvl:fused_allreduce_residual_rmsnorm_twoshot+sglang_custom:all_reduce_one_shot_push,False
workload_cv,fold0,additive_tp_phase,0.1,qwen3-30b-a3b-chunk-c4096-b1-l4095-m8,0,qwen3-30b-a3b,2,prefill,c4096,3658.544921875,3682.832288060587,0.00663853163053133,sglang_custom:all_reduce_one_shot,False
workload_cv,fold0,additive_tp_phase,0.1,qwen3-30b-a3b-mixed-balanced,0,qwen3-30b-a3b,2,decode,balanced,44370.80615234375,41693.17241338852,0.060346745329840946,flashinfer_mnnvl:fused_allreduce_residual_rmsnorm+sglang_custom:all_reduce_one_shot_push,False
workload_cv,fold0,additive_tp_phase,0.1,qwen3-30b-a3b-chunk-c1024-b1-l1023-m8,0,qwen3-30b-a3b,4,prefill,c1024,1527.6845703125,1643.6145522279423,0.07588607240546257,flashinfer_mnnvl:fused_allreduce_residual_rmsnorm_twoshot+sglang_custom:all_reduce_two_shot,False
workload_cv,fold0,additive_tp_phase,0.1,qwen3-30b-a3b-chunk-c4096-b1-l4095-m8,0,qwen3-30b-a3b,4,prefill,c4096,4911.99365234375,4727.8123947155755,0.03749623282601205,sglang_custom:all_reduce_two_shot,False
workload_cv,fold0,additive_tp_phase,0.1,qwen3-30b-a3b-mixed-balanced,0,qwen3-30b-a3b,4,decode,balanced,50772.69873046875,49954.25446938801,0.016119770694591598,flashinfer_mnnvl:fused_allreduce_residual_rmsnorm+sglang_custom:all_reduce_one_shot_push,False
workload_cv,fold0,additive_tp_phase,0.1,qwen3-30b-a3b-chunk-c1024-b1-l1023-m8,0,qwen3-30b-a3b,8,prefill,c1024,1485.7451171875,1957.4157101595497,0.317464003425377,flashinfer_mnnvl:fused_allreduce_residual_rmsnorm_twoshot+sglang_custom:all_reduce_two_shot,False
workload_cv,fold0,additive_tp_phase,0.1,qwen3-30b-a3b-chunk-c4096-b1-l4095-m8,0,qwen3-30b-a3b,8,prefill,c4096,5821.3916015625,5630.452859862415,0.03279950135098901,sglang_custom:all_reduce_two_shot,False
workload_cv,fold0,additive_tp_phase,0.1,qwen3-30b-a3b-mixed-balanced,0,qwen3-30b-a3b,8,decode,balanced,52225.28857421875,55312.615064522004,0.05911554678947867,flashinfer_mnnvl:fused_allreduce_residual_rmsnorm+sglang_custom:all_reduce_one_shot_push,False
workload_cv,fold0,additive_tp_phase,0.1,qwen3-8b-chunk-c1024-b1-l1023-m8,0,qwen3-8b,2,prefill,c1024,1713.4990234375,1595.2531246543563,0.06900844247108306,sglang_custom:all_reduce_one_shot,False
workload_cv,fold0,additive_tp_phase,0.1,qwen3-8b-chunk-c4096-b1-l4095-m8,0,qwen3-8b,2,prefill,c4096,6303.0419921875,6708.219418892903,0.06428283790709519,nccl:all_reduce,False
workload_cv,fold0,additive_tp_phase,0.1,qwen3-8b-mixed-balanced,0,qwen3-8b,2,decode,balanced,25425.71435546875,26069.53101820012,0.02532147784445209,sglang_custom:all_reduce_one_shot_push,False
workload_cv,fold0,additive_tp_phase,0.1,qwen3-8b-chunk-c1024-b1-l1023-m8,0,qwen3-8b,4,prefill,c1024,2315.5361328125,2047.895995671668,0.11558452202417177,sglang_custom:all_reduce_two_shot,False
workload_cv,fold0,additive_tp_phase,0.1,qwen3-8b-chunk-c4096-b1-l4095-m8,0,qwen3-8b,4,prefill,c4096,8798.3447265625,8611.633773802689,0.02122114540433096,nccl:all_reduce,False
workload_cv,fold0,additive_tp_phase,0.1,qwen3-8b-mixed-balanced,0,qwen3-8b,4,decode,balanced,32147.4912109375,31234.94593955593,0.028386204864132427,sglang_custom:all_reduce_one_shot_push,False
workload_cv,fold0,additive_tp_phase,0.1,qwen3-8b-chunk-c1024-b1-l1023-m8,0,qwen3-8b,8,prefill,c1024,2626.919921875,2438.8831245542683,0.07158071159874484,sglang_custom:all_reduce_two_shot,False
workload_cv,fold0,additive_tp_phase,0.1,qwen3-8b-chunk-c4096-b1-l4095-m8,0,qwen3-8b,8,prefill,c4096,10653.4697265625,10255.778774976545,0.03732971152059359,nccl:all_reduce,False
workload_cv,fold0,additive_tp_phase,0.1,qwen3-8b-mixed-balanced,0,qwen3-8b,8,decode,balanced,37482.1162109375,34585.37335142367,0.07728333275559685,sglang_custom:all_reduce_one_shot_push,False
workload_cv,fold0,tp_conditioned_pattern,0.1,deepseek-v2-lite-chunk-c1024-b1-l1023-m8,0,deepseek-v2-lite,2,prefill,c1024,850.40283203125,979.9918825361073,0.1523854879402556,sglang_custom:all_reduce_one_shot_push,False
workload_cv,fold0,tp_conditioned_pattern,0.1,deepseek-v2-lite-chunk-c4096-b1-l4095-m8,0,deepseek-v2-lite,2,prefill,c4096,2062.8203125,2131.726204257986,0.033403729515576,sglang_custom:all_reduce_one_shot,False
workload_cv,fold0,tp_conditioned_pattern,0.1,deepseek-v2-lite-mixed-balanced,0,deepseek-v2-lite,2,decode,balanced,21891.82373046875,19171.036571638564,0.12428325717986805,sglang_custom:all_reduce_one_shot_push,False
workload_cv,fold0,tp_conditioned_pattern,0.1,deepseek-v2-lite-chunk-c1024-b1-l1023-m8,0,deepseek-v2-lite,4,prefill,c1024,1199.533203125,1261.1005561548507,0.051326093241484794,sglang_custom:all_reduce_two_shot,False
workload_cv,fold0,tp_conditioned_pattern,0.1,deepseek-v2-lite-chunk-c4096-b1-l4095-m8,0,deepseek-v2-lite,4,prefill,c4096,2785.61181640625,2807.8817715779574,0.00799463695571125,sglang_custom:all_reduce_two_shot,False
workload_cv,fold0,tp_conditioned_pattern,0.1,deepseek-v2-lite-mixed-balanced,0,deepseek-v2-lite,4,decode,balanced,22460.607421875,22626.070117797957,0.007366795243560892,sglang_custom:all_reduce_one_shot_push,False
workload_cv,fold0,tp_conditioned_pattern,0.1,deepseek-v2-lite-chunk-c1024-b1-l1023-m8,0,deepseek-v2-lite,8,prefill,c1024,1416.82421875,1531.0847911437143,0.08064555283683758,sglang_custom:all_reduce_two_shot,False
workload_cv,fold0,tp_conditioned_pattern,0.1,deepseek-v2-lite-chunk-c4096-b1-l4095-m8,0,deepseek-v2-lite,8,prefill,c4096,3302.54541015625,3346.694071779416,0.01336807103012012,sglang_custom:all_reduce_two_shot,False
workload_cv,fold0,tp_conditioned_pattern,0.1,deepseek-v2-lite-mixed-balanced,0,deepseek-v2-lite,8,decode,balanced,25759.8642578125,25715.18641917595,0.0017343972852264288,sglang_custom:all_reduce_one_shot_push,False
workload_cv,fold0,tp_conditioned_pattern,0.1,qwen3-30b-a3b-chunk-c1024-b1-l1023-m8,0,qwen3-30b-a3b,2,prefill,c1024,1470.548828125,1590.7625269383457,0.08174750577076875,flashinfer_mnnvl:fused_allreduce_residual_rmsnorm_twoshot+sglang_custom:all_reduce_one_shot_push,False
workload_cv,fold0,tp_conditioned_pattern,0.1,qwen3-30b-a3b-chunk-c4096-b1-l4095-m8,0,qwen3-30b-a3b,2,prefill,c4096,3658.544921875,3525.2680936081433,0.03642891671767487,sglang_custom:all_reduce_one_shot,False
workload_cv,fold0,tp_conditioned_pattern,0.1,qwen3-30b-a3b-mixed-balanced,0,qwen3-30b-a3b,2,decode,balanced,44370.80615234375,44639.90513430618,0.006064775587770469,flashinfer_mnnvl:fused_allreduce_residual_rmsnorm+sglang_custom:all_reduce_one_shot_push,False
workload_cv,fold0,tp_conditioned_pattern,0.1,qwen3-30b-a3b-chunk-c1024-b1-l1023-m8,0,qwen3-30b-a3b,4,prefill,c1024,1527.6845703125,1623.8016055275268,0.0629168069658289,flashinfer_mnnvl:fused_allreduce_residual_rmsnorm_twoshot+sglang_custom:all_reduce_two_shot,False
workload_cv,fold0,tp_conditioned_pattern,0.1,qwen3-30b-a3b-chunk-c4096-b1-l4095-m8,0,qwen3-30b-a3b,4,prefill,c4096,4911.99365234375,4865.390817404916,0.00948756009010677,sglang_custom:all_reduce_two_shot,False
workload_cv,fold0,tp_conditioned_pattern,0.1,qwen3-30b-a3b-mixed-balanced,0,qwen3-30b-a3b,4,decode,balanced,50772.69873046875,49852.53876341711,0.018123125027022607,flashinfer_mnnvl:fused_allreduce_residual_rmsnorm+sglang_custom:all_reduce_one_shot_push,False
workload_cv,fold0,tp_conditioned_pattern,0.1,qwen3-30b-a3b-chunk-c1024-b1-l1023-m8,0,qwen3-30b-a3b,8,prefill,c1024,1485.7451171875,1578.1674232206826,0.06220603047185986,flashinfer_mnnvl:fused_allreduce_residual_rmsnorm_twoshot+sglang_custom:all_reduce_two_shot,False
workload_cv,fold0,tp_conditioned_pattern,0.1,qwen3-30b-a3b-chunk-c4096-b1-l4095-m8,0,qwen3-30b-a3b,8,prefill,c4096,5821.3916015625,5715.930063003386,0.018116207562948967,sglang_custom:all_reduce_two_shot,False
workload_cv,fold0,tp_conditioned_pattern,0.1,qwen3-30b-a3b-mixed-balanced,0,qwen3-30b-a3b,8,decode,balanced,52225.28857421875,51373.755069904764,0.016305003333851355,flashinfer_mnnvl:fused_allreduce_residual_rmsnorm+sglang_custom:all_reduce_one_shot_push,False
workload_cv,fold0,tp_conditioned_pattern,0.1,qwen3-8b-chunk-c1024-b1-l1023-m8,0,qwen3-8b,2,prefill,c1024,1713.4990234375,1514.3072643655312,0.1162485395949421,sglang_custom:all_reduce_one_shot,False
workload_cv,fold0,tp_conditioned_pattern,0.1,qwen3-8b-chunk-c4096-b1-l4095-m8,0,qwen3-8b,2,prefill,c4096,6303.0419921875,6396.184405816594,0.014777374757227157,nccl:all_reduce,False
workload_cv,fold0,tp_conditioned_pattern,0.1,qwen3-8b-mixed-balanced,0,qwen3-8b,2,decode,balanced,25425.71435546875,24311.426748595313,0.04382522320887191,sglang_custom:all_reduce_one_shot_push,False
workload_cv,fold0,tp_conditioned_pattern,0.1,qwen3-8b-chunk-c1024-b1-l1023-m8,0,qwen3-8b,4,prefill,c1024,2315.5361328125,2173.5156136903734,0.06133375208860398,sglang_custom:all_reduce_two_shot,False
workload_cv,fold0,tp_conditioned_pattern,0.1,qwen3-8b-chunk-c4096-b1-l4095-m8,0,qwen3-8b,4,prefill,c4096,8798.3447265625,8737.855032660937,0.006875122057782416,nccl:all_reduce,False
workload_cv,fold0,tp_conditioned_pattern,0.1,qwen3-8b-mixed-balanced,0,qwen3-8b,4,decode,balanced,32147.4912109375,31498.29946015125,0.020194165277985218,sglang_custom:all_reduce_one_shot_push,False
workload_cv,fold0,tp_conditioned_pattern,0.1,qwen3-8b-chunk-c1024-b1-l1023-m8,0,qwen3-8b,8,prefill,c1024,2626.919921875,2422.2919328572907,0.07789654618464854,sglang_custom:all_reduce_two_shot,False
workload_cv,fold0,tp_conditioned_pattern,0.1,qwen3-8b-chunk-c4096-b1-l4095-m8,0,qwen3-8b,8,prefill,c4096,10653.4697265625,10611.282679872704,0.003959934910652676,nccl:all_reduce,False
workload_cv,fold0,tp_conditioned_pattern,0.1,qwen3-8b-mixed-balanced,0,qwen3-8b,8,decode,balanced,37482.1162109375,36885.46084726346,0.015918401200088462,sglang_custom:all_reduce_one_shot_push,False
workload_cv,fold0,additive_plus_schedule,0.1,deepseek-v2-lite-chunk-c1024-b1-l1023-m8,0,deepseek-v2-lite,2,prefill,c1024,850.40283203125,952.7656972195053,0.12036985453559,sglang_custom:all_reduce_one_shot_push,False
workload_cv,fold0,additive_plus_schedule,0.1,deepseek-v2-lite-chunk-c4096-b1-l4095-m8,0,deepseek-v2-lite,2,prefill,c4096,2062.8203125,2186.8065085458857,0.06010518477764198,sglang_custom:all_reduce_one_shot,False
workload_cv,fold0,additive_plus_schedule,0.1,deepseek-v2-lite-mixed-balanced,0,deepseek-v2-lite,2,decode,balanced,21891.82373046875,14255.732933228237,0.3488101718365612,sglang_custom:all_reduce_one_shot_push,False
workload_cv,fold0,additive_plus_schedule,0.1,deepseek-v2-lite-chunk-c1024-b1-l1023-m8,0,deepseek-v2-lite,4,prefill,c1024,1199.533203125,1223.4652210749673,0.01995110922117044,sglang_custom:all_reduce_two_shot,False
workload_cv,fold0,additive_plus_schedule,0.1,deepseek-v2-lite-chunk-c4096-b1-l4095-m8,0,deepseek-v2-lite,4,prefill,c4096,2785.61181640625,2808.121363137061,0.008080647345849817,sglang_custom:all_reduce_two_shot,False
workload_cv,fold0,additive_plus_schedule,0.1,deepseek-v2-lite-mixed-balanced,0,deepseek-v2-lite,4,decode,balanced,22460.607421875,17070.33640428086,0.23998776686441733,sglang_custom:all_reduce_one_shot_push,False
workload_cv,fold0,additive_plus_schedule,0.1,deepseek-v2-lite-chunk-c1024-b1-l1023-m8,0,deepseek-v2-lite,8,prefill,c1024,1416.82421875,1457.0508890419176,0.02839213909500202,sglang_custom:all_reduce_two_shot,False
workload_cv,fold0,additive_plus_schedule,0.1,deepseek-v2-lite-chunk-c4096-b1-l4095-m8,0,deepseek-v2-lite,8,prefill,c4096,3302.54541015625,3344.2517680245032,0.012628549403134482,sglang_custom:all_reduce_two_shot,False
workload_cv,fold0,additive_plus_schedule,0.1,deepseek-v2-lite-mixed-balanced,0,deepseek-v2-lite,8,decode,balanced,25759.8642578125,18901.392015178637,0.26624644345918136,sglang_custom:all_reduce_one_shot_push,False
workload_cv,fold0,additive_plus_schedule,0.1,qwen3-30b-a3b-chunk-c1024-b1-l1023-m8,0,qwen3-30b-a3b,2,prefill,c1024,1470.548828125,1271.0372573560785,0.1356715036951922,flashinfer_mnnvl:fused_allreduce_residual_rmsnorm_twoshot+sglang_custom:all_reduce_one_shot_push,False
workload_cv,fold0,additive_plus_schedule,0.1,qwen3-30b-a3b-chunk-c4096-b1-l4095-m8,0,qwen3-30b-a3b,2,prefill,c4096,3658.544921875,3585.8242849528447,0.019876928799574804,sglang_custom:all_reduce_one_shot,False
workload_cv,fold0,additive_plus_schedule,0.1,qwen3-30b-a3b-mixed-balanced,0,qwen3-30b-a3b,2,decode,balanced,44370.80615234375,31690.784509749832,0.2857739748756883,flashinfer_mnnvl:fused_allreduce_residual_rmsnorm+sglang_custom:all_reduce_one_shot_push,False
workload_cv,fold0,additive_plus_schedule,0.1,qwen3-30b-a3b-chunk-c1024-b1-l1023-m8,0,qwen3-30b-a3b,4,prefill,c1024,1527.6845703125,1632.164008007318,0.06839071345300417,flashinfer_mnnvl:fused_allreduce_residual_rmsnorm_twoshot+sglang_custom:all_reduce_two_shot,False
workload_cv,fold0,additive_plus_schedule,0.1,qwen3-30b-a3b-chunk-c4096-b1-l4095-m8,0,qwen3-30b-a3b,4,prefill,c4096,4911.99365234375,4604.627679532294,0.06257458672911702,sglang_custom:all_reduce_two_shot,False
workload_cv,fold0,additive_plus_schedule,0.1,qwen3-30b-a3b-mixed-balanced,0,qwen3-30b-a3b,4,decode,balanced,50772.69873046875,37947.705321840534,0.25259625210609343,flashinfer_mnnvl:fused_allreduce_residual_rmsnorm+sglang_custom:all_reduce_one_shot_push,False
workload_cv,fold0,additive_plus_schedule,0.1,qwen3-30b-a3b-chunk-c1024-b1-l1023-m8,0,qwen3-30b-a3b,8,prefill,c1024,1485.7451171875,1943.77901223852,0.30828564721657864,flashinfer_mnnvl:fused_allreduce_residual_rmsnorm_twoshot+sglang_custom:all_reduce_two_shot,False
workload_cv,fold0,additive_plus_schedule,0.1,qwen3-30b-a3b-chunk-c4096-b1-l4095-m8,0,qwen3-30b-a3b,8,prefill,c4096,5821.3916015625,5483.749548903972,0.05800023014564123,sglang_custom:all_reduce_two_shot,False
workload_cv,fold0,additive_plus_schedule,0.1,qwen3-30b-a3b-mixed-balanced,0,qwen3-30b-a3b,8,decode,balanced,52225.28857421875,42018.17921905244,0.19544380957628815,flashinfer_mnnvl:fused_allreduce_residual_rmsnorm+sglang_custom:all_reduce_one_shot_push,False
workload_cv,fold0,additive_plus_schedule,0.1,qwen3-8b-chunk-c1024-b1-l1023-m8,0,qwen3-8b,2,prefill,c1024,1713.4990234375,1627.0064445531668,0.050477168472975203,sglang_custom:all_reduce_one_shot,False
workload_cv,fold0,additive_plus_schedule,0.1,qwen3-8b-chunk-c4096-b1-l4095-m8,0,qwen3-8b,2,prefill,c4096,6303.0419921875,6767.659045886008,0.07371314585471463,nccl:all_reduce,False
workload_cv,fold0,additive_plus_schedule,0.1,qwen3-8b-mixed-balanced,0,qwen3-8b,2,decode,balanced,25425.71435546875,20388.58974474266,0.1981114292524358,sglang_custom:all_reduce_one_shot_push,False
workload_cv,fold0,additive_plus_schedule,0.1,qwen3-8b-chunk-c1024-b1-l1023-m8,0,qwen3-8b,4,prefill,c1024,2315.5361328125,2089.2710612743967,0.09771606166355816,sglang_custom:all_reduce_two_shot,False
workload_cv,fold0,additive_plus_schedule,0.1,qwen3-8b-chunk-c4096-b1-l4095-m8,0,qwen3-8b,4,prefill,c4096,8798.3447265625,8690.484444285503,0.012259156196888187,nccl:all_reduce,False
workload_cv,fold0,additive_plus_schedule,0.1,qwen3-8b-mixed-balanced,0,qwen3-8b,4,decode,balanced,32147.4912109375,24414.043625943064,0.24056146510006027,sglang_custom:all_reduce_one_shot_push,False
workload_cv,fold0,additive_plus_schedule,0.1,qwen3-8b-chunk-c1024-b1-l1023-m8,0,qwen3-8b,8,prefill,c1024,2626.919921875,2488.157574765151,0.05282321168389692,sglang_custom:all_reduce_two_shot,False
workload_cv,fold0,additive_plus_schedule,0.1,qwen3-8b-chunk-c4096-b1-l4095-m8,0,qwen3-8b,8,prefill,c4096,10653.4697265625,10349.683724254564,0.028515217117527462,nccl:all_reduce,False
workload_cv,fold0,additive_plus_schedule,0.1,qwen3-8b-mixed-balanced,0,qwen3-8b,8,decode,balanced,37482.1162109375,27032.824563076527,0.27878072809591814,sglang_custom:all_reduce_one_shot_push,False
workload_cv,fold0,tp_conditioned_plus_schedule,0.1,deepseek-v2-lite-chunk-c1024-b1-l1023-m8,0,deepseek-v2-lite,2,prefill,c1024,850.40283203125,943.968162582539,0.1100247165543902,sglang_custom:all_reduce_one_shot_push,False
workload_cv,fold0,tp_conditioned_plus_schedule,0.1,deepseek-v2-lite-chunk-c4096-b1-l4095-m8,0,deepseek-v2-lite,2,prefill,c4096,2062.8203125,2147.5762729903436,0.041087418025094496,sglang_custom:all_reduce_one_shot,False
workload_cv,fold0,tp_conditioned_plus_schedule,0.1,deepseek-v2-lite-mixed-balanced,0,deepseek-v2-lite,2,decode,balanced,21891.82373046875,14368.74327674214,0.34364795488719774,sglang_custom:all_reduce_one_shot_push,False
workload_cv,fold0,tp_conditioned_plus_schedule,0.1,deepseek-v2-lite-chunk-c1024-b1-l1023-m8,0,deepseek-v2-lite,4,prefill,c1024,1199.533203125,1218.273820584017,0.015623258622766105,sglang_custom:all_reduce_two_shot,False
workload_cv,fold0,tp_conditioned_plus_schedule,0.1,deepseek-v2-lite-chunk-c4096-b1-l4095-m8,0,deepseek-v2-lite,4,prefill,c4096,2785.61181640625,2830.726095715652,0.016195465227313785,sglang_custom:all_reduce_two_shot,False
workload_cv,fold0,tp_conditioned_plus_schedule,0.1,deepseek-v2-lite-mixed-balanced,0,deepseek-v2-lite,4,decode,balanced,22460.607421875,16895.681931360436,0.24776380201965204,sglang_custom:all_reduce_one_shot_push,False
workload_cv,fold0,tp_conditioned_plus_schedule,0.1,deepseek-v2-lite-chunk-c1024-b1-l1023-m8,0,deepseek-v2-lite,8,prefill,c1024,1416.82421875,1479.0894421869689,0.04394703493415907,sglang_custom:all_reduce_two_shot,False
workload_cv,fold0,tp_conditioned_plus_schedule,0.1,deepseek-v2-lite-chunk-c4096-b1-l4095-m8,0,deepseek-v2-lite,8,prefill,c4096,3302.54541015625,3373.922057280528,0.02161261640938375,sglang_custom:all_reduce_two_shot,False
workload_cv,fold0,tp_conditioned_plus_schedule,0.1,deepseek-v2-lite-mixed-balanced,0,deepseek-v2-lite,8,decode,balanced,25759.8642578125,19202.43366532593,0.25455998241519534,sglang_custom:all_reduce_one_shot_push,False
workload_cv,fold0,tp_conditioned_plus_schedule,0.1,qwen3-30b-a3b-chunk-c1024-b1-l1023-m8,0,qwen3-30b-a3b,2,prefill,c1024,1470.548828125,1576.7308767883349,0.07220572797893464,flashinfer_mnnvl:fused_allreduce_residual_rmsnorm_twoshot+sglang_custom:all_reduce_one_shot_push,False
workload_cv,fold0,tp_conditioned_plus_schedule,0.1,qwen3-30b-a3b-chunk-c4096-b1-l4095-m8,0,qwen3-30b-a3b,2,prefill,c4096,3658.544921875,3435.84000532722,0.0608725384827704,sglang_custom:all_reduce_one_shot,False
workload_cv,fold0,tp_conditioned_plus_schedule,0.1,qwen3-30b-a3b-mixed-balanced,0,qwen3-30b-a3b,2,decode,balanced,44370.80615234375,34094.961226128595,0.231590223782138,flashinfer_mnnvl:fused_allreduce_residual_rmsnorm+sglang_custom:all_reduce_one_shot_push,False
workload_cv,fold0,tp_conditioned_plus_schedule,0.1,qwen3-30b-a3b-chunk-c1024-b1-l1023-m8,0,qwen3-30b-a3b,4,prefill,c1024,1527.6845703125,1615.9896578639607,0.05780322015911779,flashinfer_mnnvl:fused_allreduce_residual_rmsnorm_twoshot+sglang_custom:all_reduce_two_shot,False
workload_cv,fold0,tp_conditioned_plus_schedule,0.1,qwen3-30b-a3b-chunk-c4096-b1-l4095-m8,0,qwen3-30b-a3b,4,prefill,c4096,4911.99365234375,4744.099625171814,0.03418042429509764,sglang_custom:all_reduce_two_shot,False
workload_cv,fold0,tp_conditioned_plus_schedule,0.1,qwen3-30b-a3b-mixed-balanced,0,qwen3-30b-a3b,4,decode,balanced,50772.69873046875,38045.19666442668,0.2506760992478874,flashinfer_mnnvl:fused_allreduce_residual_rmsnorm+sglang_custom:all_reduce_one_shot_push,False
workload_cv,fold0,tp_conditioned_plus_schedule,0.1,qwen3-30b-a3b-chunk-c1024-b1-l1023-m8,0,qwen3-30b-a3b,8,prefill,c1024,1485.7451171875,1570.5750170593967,0.0570958631400242,flashinfer_mnnvl:fused_allreduce_residual_rmsnorm_twoshot+sglang_custom:all_reduce_two_shot,False
workload_cv,fold0,tp_conditioned_plus_schedule,0.1,qwen3-30b-a3b-chunk-c4096-b1-l4095-m8,0,qwen3-30b-a3b,8,prefill,c4096,5821.3916015625,5573.43545196778,0.0425939649083506,sglang_custom:all_reduce_two_shot,False
workload_cv,fold0,tp_conditioned_plus_schedule,0.1,qwen3-30b-a3b-mixed-balanced,0,qwen3-30b-a3b,8,decode,balanced,52225.28857421875,39206.11995910802,0.24928859122738672,flashinfer_mnnvl:fused_allreduce_residual_rmsnorm+sglang_custom:all_reduce_one_shot_push,False
workload_cv,fold0,tp_conditioned_plus_schedule,0.1,qwen3-8b-chunk-c1024-b1-l1023-m8,0,qwen3-8b,2,prefill,c1024,1713.4990234375,1544.7402793161841,0.09848779708246584,sglang_custom:all_reduce_one_shot,False
workload_cv,fold0,tp_conditioned_plus_schedule,0.1,qwen3-8b-chunk-c4096-b1-l4095-m8,0,qwen3-8b,2,prefill,c4096,6303.0419921875,6455.040362520394,0.024115081340294654,nccl:all_reduce,False
workload_cv,fold0,tp_conditioned_plus_schedule,0.1,qwen3-8b-mixed-balanced,0,qwen3-8b,2,decode,balanced,25425.71435546875,19040.04910788402,0.2511498854391579,sglang_custom:all_reduce_one_shot_push,False
workload_cv,fold0,tp_conditioned_plus_schedule,0.1,qwen3-8b-chunk-c1024-b1-l1023-m8,0,qwen3-8b,4,prefill,c1024,2315.5361328125,2215.6608740626007,0.04313267123523082,sglang_custom:all_reduce_two_shot,False
workload_cv,fold0,tp_conditioned_plus_schedule,0.1,qwen3-8b-chunk-c4096-b1-l4095-m8,0,qwen3-8b,4,prefill,c4096,8798.3447265625,8813.897466372842,0.0017676892976684578,nccl:all_reduce,False
workload_cv,fold0,tp_conditioned_plus_schedule,0.1,qwen3-8b-mixed-balanced,0,qwen3-8b,4,decode,balanced,32147.4912109375,24726.431323229506,0.23084413769691414,sglang_custom:all_reduce_one_shot_push,False
workload_cv,fold0,tp_conditioned_plus_schedule,0.1,qwen3-8b-chunk-c1024-b1-l1023-m8,0,qwen3-8b,8,prefill,c1024,2626.919921875,2469.261056780183,0.06001662394881295,sglang_custom:all_reduce_two_shot,False
workload_cv,fold0,tp_conditioned_plus_schedule,0.1,qwen3-8b-chunk-c4096-b1-l4095-m8,0,qwen3-8b,8,prefill,c4096,10653.4697265625,10703.628885751195,0.004708246278077143,nccl:all_reduce,False
workload_cv,fold0,tp_conditioned_plus_schedule,0.1,qwen3-8b-mixed-balanced,0,qwen3-8b,8,decode,balanced,37482.1162109375,28955.39854839991,0.22748762675383427,sglang_custom:all_reduce_one_shot_push,False
workload_cv,fold0,tp_conditioned_plus_schedule_tp,0.1,deepseek-v2-lite-chunk-c1024-b1-l1023-m8,0,deepseek-v2-lite,2,prefill,c1024,850.40283203125,943.2930340663933,0.10923082395347644,sglang_custom:all_reduce_one_shot_push,False
workload_cv,fold0,tp_conditioned_plus_schedule_tp,0.1,deepseek-v2-lite-chunk-c4096-b1-l4095-m8,0,deepseek-v2-lite,2,prefill,c4096,2062.8203125,2145.2831179886557,0.03997575794118311,sglang_custom:all_reduce_one_shot,False
workload_cv,fold0,tp_conditioned_plus_schedule_tp,0.1,deepseek-v2-lite-mixed-balanced,0,deepseek-v2-lite,2,decode,balanced,21891.82373046875,14905.973294108337,0.31910774188436386,sglang_custom:all_reduce_one_shot_push,False
workload_cv,fold0,tp_conditioned_plus_schedule_tp,0.1,deepseek-v2-lite-chunk-c1024-b1-l1023-m8,0,deepseek-v2-lite,4,prefill,c1024,1199.533203125,1213.7075234469328,0.01181653020108666,sglang_custom:all_reduce_two_shot,False
workload_cv,fold0,tp_conditioned_plus_schedule_tp,0.1,deepseek-v2-lite-chunk-c4096-b1-l4095-m8,0,deepseek-v2-lite,4,prefill,c4096,2785.61181640625,2831.0109970050876,0.016297741247166153,sglang_custom:all_reduce_two_shot,False
workload_cv,fold0,tp_conditioned_plus_schedule_tp,0.1,deepseek-v2-lite-mixed-balanced,0,deepseek-v2-lite,4,decode,balanced,22460.607421875,16223.58632426651,0.27768710705188165,sglang_custom:all_reduce_one_shot_push,False
workload_cv,fold0,tp_conditioned_plus_schedule_tp,0.1,deepseek-v2-lite-chunk-c1024-b1-l1023-m8,0,deepseek-v2-lite,8,prefill,c1024,1416.82421875,1476.5515983467137,0.042155814960170915,sglang_custom:all_reduce_two_shot,False
workload_cv,fold0,tp_conditioned_plus_schedule_tp,0.1,deepseek-v2-lite-chunk-c4096-b1-l4095-m8,0,deepseek-v2-lite,8,prefill,c4096,3302.54541015625,3377.53469987533,0.022706512827489603,sglang_custom:all_reduce_two_shot,False
workload_cv,fold0,tp_conditioned_plus_schedule_tp,0.1,deepseek-v2-lite-mixed-balanced,0,deepseek-v2-lite,8,decode,balanced,25759.8642578125,18791.193469937883,0.2705243598386255,sglang_custom:all_reduce_one_shot_push,False
workload_cv,fold0,tp_conditioned_plus_schedule_tp,0.1,qwen3-30b-a3b-chunk-c1024-b1-l1023-m8,0,qwen3-30b-a3b,2,prefill,c1024,1470.548828125,1574.6187011106947,0.07076941002930677,flashinfer_mnnvl:fused_allreduce_residual_rmsnorm_twoshot+sglang_custom:all_reduce_one_shot_push,False
workload_cv,fold0,tp_conditioned_plus_schedule_tp,0.1,qwen3-30b-a3b-chunk-c4096-b1-l4095-m8,0,qwen3-30b-a3b,2,prefill,c4096,3658.544921875,3439.125984924041,0.059974372772907514,sglang_custom:all_reduce_one_shot,False
workload_cv,fold0,tp_conditioned_plus_schedule_tp,0.1,qwen3-30b-a3b-mixed-balanced,0,qwen3-30b-a3b,2,decode,balanced,44370.80615234375,35167.98884514168,0.20740703415675854,flashinfer_mnnvl:fused_allreduce_residual_rmsnorm+sglang_custom:all_reduce_one_shot_push,False
workload_cv,fold0,tp_conditioned_plus_schedule_tp,0.1,qwen3-30b-a3b-chunk-c1024-b1-l1023-m8,0,qwen3-30b-a3b,4,prefill,c1024,1527.6845703125,1615.4800151348747,0.05746961547462347,flashinfer_mnnvl:fused_allreduce_residual_rmsnorm_twoshot+sglang_custom:all_reduce_two_shot,False
workload_cv,fold0,tp_conditioned_plus_schedule_tp,0.1,qwen3-30b-a3b-chunk-c4096-b1-l4095-m8,0,qwen3-30b-a3b,4,prefill,c4096,4911.99365234375,4732.801175302736,0.036480600286507445,sglang_custom:all_reduce_two_shot,False
workload_cv,fold0,tp_conditioned_plus_schedule_tp,0.1,qwen3-30b-a3b-mixed-balanced,0,qwen3-30b-a3b,4,decode,balanced,50772.69873046875,36681.08384992111,0.27754315277496266,flashinfer_mnnvl:fused_allreduce_residual_rmsnorm+sglang_custom:all_reduce_one_shot_push,False
workload_cv,fold0,tp_conditioned_plus_schedule_tp,0.1,qwen3-30b-a3b-chunk-c1024-b1-l1023-m8,0,qwen3-30b-a3b,8,prefill,c1024,1485.7451171875,1572.0974243949497,0.05812053912108002,flashinfer_mnnvl:fused_allreduce_residual_rmsnorm_twoshot+sglang_custom:all_reduce_two_shot,False
workload_cv,fold0,tp_conditioned_plus_schedule_tp,0.1,qwen3-30b-a3b-chunk-c4096-b1-l4095-m8,0,qwen3-30b-a3b,8,prefill,c4096,5821.3916015625,5565.653188003476,0.04393080401778533,sglang_custom:all_reduce_two_shot,False
workload_cv,fold0,tp_conditioned_plus_schedule_tp,0.1,qwen3-30b-a3b-mixed-balanced,0,qwen3-30b-a3b,8,decode,balanced,52225.28857421875,38617.9395746783,0.26055095856871496,flashinfer_mnnvl:fused_allreduce_residual_rmsnorm+sglang_custom:all_reduce_one_shot_push,False
workload_cv,fold0,tp_conditioned_plus_schedule_tp,0.1,qwen3-8b-chunk-c1024-b1-l1023-m8,0,qwen3-8b,2,prefill,c1024,1713.4990234375,1545.3492000917909,0.09813243021777679,sglang_custom:all_reduce_one_shot,False
workload_cv,fold0,tp_conditioned_plus_schedule_tp,0.1,qwen3-8b-chunk-c4096-b1-l4095-m8,0,qwen3-8b,2,prefill,c4096,6303.0419921875,6438.32419436881,0.02146300188845158,nccl:all_reduce,False
workload_cv,fold0,tp_conditioned_plus_schedule_tp,0.1,qwen3-8b-mixed-balanced,0,qwen3-8b,2,decode,balanced,25425.71435546875,19537.705710554994,0.2315769210097855,sglang_custom:all_reduce_one_shot_push,False
workload_cv,fold0,tp_conditioned_plus_schedule_tp,0.1,qwen3-8b-chunk-c1024-b1-l1023-m8,0,qwen3-8b,4,prefill,c1024,2315.5361328125,2218.072132303267,0.04209133216627934,sglang_custom:all_reduce_two_shot,False
workload_cv,fold0,tp_conditioned_plus_schedule_tp,0.1,qwen3-8b-chunk-c4096-b1-l4095-m8,0,qwen3-8b,4,prefill,c4096,8798.3447265625,8844.144448637471,0.005205493021511229,nccl:all_reduce,False
workload_cv,fold0,tp_conditioned_plus_schedule_tp,0.1,qwen3-8b-mixed-balanced,0,qwen3-8b,4,decode,balanced,32147.4912109375,24070.19988840977,0.25125728379636675,sglang_custom:all_reduce_one_shot_push,False
workload_cv,fold0,tp_conditioned_plus_schedule_tp,0.1,qwen3-8b-chunk-c1024-b1-l1023-m8,0,qwen3-8b,8,prefill,c1024,2626.919921875,2471.72661377345,0.05907805061327436,sglang_custom:all_reduce_two_shot,False
workload_cv,fold0,tp_conditioned_plus_schedule_tp,0.1,qwen3-8b-chunk-c4096-b1-l4095-m8,0,qwen3-8b,8,prefill,c4096,10653.4697265625,10713.725945631557,0.0056560182377783375,nccl:all_reduce,False
workload_cv,fold0,tp_conditioned_plus_schedule_tp,0.1,qwen3-8b-mixed-balanced,0,qwen3-8b,8,decode,balanced,37482.1162109375,28503.196110813955,0.23955211198836857,sglang_custom:all_reduce_one_shot_push,False
workload_cv,fold1,additive_tp_phase,0.1,deepseek-v2-lite-chunk-c1024-b1-l1024-m8,1,deepseek-v2-lite,2,prefill,c1024,845.8720703125,1126.0828398438312,0.33126849717098444,sglang_custom:all_reduce_one_shot_push,False
workload_cv,fold1,additive_tp_phase,0.1,deepseek-v2-lite-chunk-c4096-b1-l4096-m8,1,deepseek-v2-lite,2,prefill,c4096,2059.4599609375,2230.5370962949232,0.08306893001189793,sglang_custom:all_reduce_one_shot,False
workload_cv,fold1,additive_tp_phase,0.1,deepseek-v2-lite-mixed-bimodal,1,deepseek-v2-lite,2,decode,bimodal,22109.64501953125,20314.636849568866,0.08118665715241956,sglang_custom:all_reduce_one_shot_push,False
workload_cv,fold1,additive_tp_phase,0.1,deepseek-v2-lite-chunk-c1024-b1-l1024-m8,1,deepseek-v2-lite,4,prefill,c1024,1167.11474609375,1446.5384682643073,0.23941409626240148,sglang_custom:all_reduce_two_shot,False
workload_cv,fold1,additive_tp_phase,0.1,deepseek-v2-lite-chunk-c4096-b1-l4096-m8,1,deepseek-v2-lite,4,prefill,c4096,2783.5068359375,2865.293387410679,0.02938255815191225,sglang_custom:all_reduce_two_shot,False
workload_cv,fold1,additive_tp_phase,0.1,deepseek-v2-lite-mixed-bimodal,1,deepseek-v2-lite,4,decode,bimodal,23239.3955078125,24111.08155621903,0.03750898116577474,sglang_custom:all_reduce_one_shot_push,False
workload_cv,fold1,additive_tp_phase,0.1,deepseek-v2-lite-chunk-c1024-b1-l1024-m8,1,deepseek-v2-lite,8,prefill,c1024,1391.728515625,1723.3882020120625,0.2383077465637184,sglang_custom:all_reduce_two_shot,False
workload_cv,fold1,additive_tp_phase,0.1,deepseek-v2-lite-chunk-c4096-b1-l4096-m8,1,deepseek-v2-lite,8,prefill,c4096,3291.53369140625,3413.6754241260114,0.03710784824674801,sglang_custom:all_reduce_two_shot,False
workload_cv,fold1,additive_tp_phase,0.1,deepseek-v2-lite-mixed-bimodal,1,deepseek-v2-lite,8,decode,bimodal,25718.13720703125,26798.748495506596,0.04201747894011197,sglang_custom:all_reduce_one_shot_push,False
workload_cv,fold1,additive_tp_phase,0.1,qwen3-30b-a3b-chunk-c1024-b1-l1024-m8,1,qwen3-30b-a3b,2,prefill,c1024,1457.69677734375,1547.892855658335,0.06187574790344431,flashinfer_mnnvl:fused_allreduce_residual_rmsnorm_twoshot+sglang_custom:all_reduce_one_shot_push,False
workload_cv,fold1,additive_tp_phase,0.1,qwen3-30b-a3b-chunk-c4096-b1-l4096-m8,1,qwen3-30b-a3b,2,prefill,c4096,3651.78369140625,3668.151295773795,0.004482084852414163,sglang_custom:all_reduce_one_shot,False
workload_cv,fold1,additive_tp_phase,0.1,qwen3-30b-a3b-mixed-bimodal,1,qwen3-30b-a3b,2,decode,bimodal,42279.43701171875,44271.86381797441,0.04712519718991078,flashinfer_mnnvl:fused_allreduce_residual_rmsnorm+sglang_custom:all_reduce_one_shot_push,False
workload_cv,fold1,additive_tp_phase,0.1,qwen3-30b-a3b-chunk-c1024-b1-l1024-m8,1,qwen3-30b-a3b,4,prefill,c1024,1527.03759765625,1988.3852956784176,0.30211940998064485,flashinfer_mnnvl:fused_allreduce_residual_rmsnorm_twoshot+sglang_custom:all_reduce_two_shot,False
workload_cv,fold1,additive_tp_phase,0.1,qwen3-30b-a3b-chunk-c4096-b1-l4096-m8,1,qwen3-30b-a3b,4,prefill,c4096,4922.42578125,4712.01741915029,0.04274485212172743,sglang_custom:all_reduce_two_shot,False
workload_cv,fold1,additive_tp_phase,0.1,qwen3-30b-a3b-mixed-bimodal,1,qwen3-30b-a3b,4,decode,bimodal,50319.439453125,52545.48860831146,0.04423835359414396,flashinfer_mnnvl:fused_allreduce_residual_rmsnorm+sglang_custom:all_reduce_one_shot_push,False
workload_cv,fold1,additive_tp_phase,0.1,qwen3-30b-a3b-chunk-c1024-b1-l1024-m8,1,qwen3-30b-a3b,8,prefill,c1024,1472.5576171875,2368.937871205185,0.6087233827425506,flashinfer_mnnvl:fused_allreduce_residual_rmsnorm_twoshot+sglang_custom:all_reduce_two_shot,False
workload_cv,fold1,additive_tp_phase,0.1,qwen3-30b-a3b-chunk-c4096-b1-l4096-m8,1,qwen3-30b-a3b,8,prefill,c4096,5821.072265625,5613.839801704569,0.0356003936154846,sglang_custom:all_reduce_two_shot,False
workload_cv,fold1,additive_tp_phase,0.1,qwen3-30b-a3b-mixed-bimodal,1,qwen3-30b-a3b,8,decode,bimodal,51463.6513671875,58402.74441875617,0.13483483715640393,flashinfer_mnnvl:fused_allreduce_residual_rmsnorm+sglang_custom:all_reduce_one_shot_push,False
workload_cv,fold1,additive_tp_phase,0.1,qwen3-8b-chunk-c1024-b1-l1024-m8,1,qwen3-8b,2,prefill,c1024,1713.20703125,1669.7500584739134,0.025365861792184703,sglang_custom:all_reduce_one_shot,False
workload_cv,fold1,additive_tp_phase,0.1,qwen3-8b-chunk-c4096-b1-l4096-m8,1,qwen3-8b,2,prefill,c4096,6284.48095703125,6727.862101125497,0.07055175234450829,nccl:all_reduce,False
workload_cv,fold1,additive_tp_phase,0.1,qwen3-8b-mixed-bimodal,1,qwen3-8b,2,decode,bimodal,24564.85888671875,27285.22662883833,0.11074224992150777,sglang_custom:all_reduce_one_shot_push,False
workload_cv,fold1,additive_tp_phase,0.1,qwen3-8b-chunk-c1024-b1-l1024-m8,1,qwen3-8b,4,prefill,c1024,2298.98681640625,2144.9200773755347,0.06701505982167862,sglang_custom:all_reduce_two_shot,False
workload_cv,fold1,additive_tp_phase,0.1,qwen3-8b-chunk-c4096-b1-l4096-m8,1,qwen3-8b,4,prefill,c4096,8790.0830078125,8642.447068818896,0.016795738886923765,nccl:all_reduce,False
workload_cv,fold1,additive_tp_phase,0.1,qwen3-8b-mixed-bimodal,1,qwen3-8b,4,decode,bimodal,33393.40869140625,32384.350722065865,0.03021727966333862,sglang_custom:all_reduce_one_shot_push,False
workload_cv,fold1,additive_tp_phase,0.1,qwen3-8b-chunk-c1024-b1-l1024-m8,1,qwen3-8b,8,prefill,c1024,2624.40576171875,2555.431491596102,0.026281862023300788,sglang_custom:all_reduce_two_shot,False
workload_cv,fold1,additive_tp_phase,0.1,qwen3-8b-chunk-c4096-b1-l4096-m8,1,qwen3-8b,8,prefill,c4096,10493.29150390625,10296.505514151844,0.018753504530122884,nccl:all_reduce,False
workload_cv,fold1,additive_tp_phase,0.1,qwen3-8b-mixed-bimodal,1,qwen3-8b,8,decode,bimodal,38337.58154296875,35994.24058051306,0.06112385988222215,sglang_custom:all_reduce_one_shot_push,False
workload_cv,fold1,tp_conditioned_pattern,0.1,deepseek-v2-lite-chunk-c1024-b1-l1024-m8,1,deepseek-v2-lite,2,prefill,c1024,845.8720703125,1146.4567557263067,0.35535478231685597,sglang_custom:all_reduce_one_shot_push,False
workload_cv,fold1,tp_conditioned_pattern,0.1,deepseek-v2-lite-chunk-c4096-b1-l4096-m8,1,deepseek-v2-lite,2,prefill,c4096,2059.4599609375,2203.04910190142,0.06972174438320018,sglang_custom:all_reduce_one_shot,False
workload_cv,fold1,tp_conditioned_pattern,0.1,deepseek-v2-lite-mixed-bimodal,1,deepseek-v2-lite,2,decode,bimodal,22109.64501953125,20240.94101691342,0.08451985551857802,sglang_custom:all_reduce_one_shot_push,False
workload_cv,fold1,tp_conditioned_pattern,0.1,deepseek-v2-lite-chunk-c1024-b1-l1024-m8,1,deepseek-v2-lite,4,prefill,c1024,1167.11474609375,1410.31825623604,0.2083801193980925,sglang_custom:all_reduce_two_shot,False
workload_cv,fold1,tp_conditioned_pattern,0.1,deepseek-v2-lite-chunk-c4096-b1-l4096-m8,1,deepseek-v2-lite,4,prefill,c4096,2783.5068359375,2874.2152734597553,0.03258782638904646,sglang_custom:all_reduce_two_shot,False
workload_cv,fold1,tp_conditioned_pattern,0.1,deepseek-v2-lite-mixed-bimodal,1,deepseek-v2-lite,4,decode,bimodal,23239.3955078125,23750.538181275428,0.02199466304065845,sglang_custom:all_reduce_one_shot_push,False
workload_cv,fold1,tp_conditioned_pattern,0.1,deepseek-v2-lite-chunk-c1024-b1-l1024-m8,1,deepseek-v2-lite,8,prefill,c1024,1391.728515625,1733.5338004465502,0.24559767295423396,sglang_custom:all_reduce_two_shot,False
workload_cv,fold1,tp_conditioned_pattern,0.1,deepseek-v2-lite-chunk-c4096-b1-l4096-m8,1,deepseek-v2-lite,8,prefill,c4096,3291.53369140625,3440.956764792191,0.04539618530293774,sglang_custom:all_reduce_two_shot,False
workload_cv,fold1,tp_conditioned_pattern,0.1,deepseek-v2-lite-mixed-bimodal,1,deepseek-v2-lite,8,decode,bimodal,25718.13720703125,27248.451167546773,0.05950329715548529,sglang_custom:all_reduce_one_shot_push,False
workload_cv,fold1,tp_conditioned_pattern,0.1,qwen3-30b-a3b-chunk-c1024-b1-l1024-m8,1,qwen3-30b-a3b,2,prefill,c1024,1457.69677734375,1960.7048111705265,0.34507041632030616,flashinfer_mnnvl:fused_allreduce_residual_rmsnorm_twoshot+sglang_custom:all_reduce_one_shot_push,False
workload_cv,fold1,tp_conditioned_pattern,0.1,qwen3-30b-a3b-chunk-c4096-b1-l4096-m8,1,qwen3-30b-a3b,2,prefill,c4096,3651.78369140625,3514.5142341716164,0.03758970104326554,sglang_custom:all_reduce_one_shot,False
workload_cv,fold1,tp_conditioned_pattern,0.1,qwen3-30b-a3b-mixed-bimodal,1,qwen3-30b-a3b,2,decode,bimodal,42279.43701171875,47270.54794590818,0.1180505533412384,flashinfer_mnnvl:fused_allreduce_residual_rmsnorm+sglang_custom:all_reduce_one_shot_push,False
workload_cv,fold1,tp_conditioned_pattern,0.1,qwen3-30b-a3b-chunk-c1024-b1-l1024-m8,1,qwen3-30b-a3b,4,prefill,c1024,1527.03759765625,1930.1483525814456,0.2639822068192059,flashinfer_mnnvl:fused_allreduce_residual_rmsnorm_twoshot+sglang_custom:all_reduce_two_shot,False
workload_cv,fold1,tp_conditioned_pattern,0.1,qwen3-30b-a3b-chunk-c4096-b1-l4096-m8,1,qwen3-30b-a3b,4,prefill,c4096,4922.42578125,4848.716373809523,0.014974203922229376,sglang_custom:all_reduce_two_shot,False
workload_cv,fold1,tp_conditioned_pattern,0.1,qwen3-30b-a3b-mixed-bimodal,1,qwen3-30b-a3b,4,decode,bimodal,50319.439453125,52682.31687844243,0.046957546645935155,flashinfer_mnnvl:fused_allreduce_residual_rmsnorm+sglang_custom:all_reduce_one_shot_push,False
workload_cv,fold1,tp_conditioned_pattern,0.1,qwen3-30b-a3b-chunk-c1024-b1-l1024-m8,1,qwen3-30b-a3b,8,prefill,c1024,1472.5576171875,1915.0978010181307,0.3005248682057391,flashinfer_mnnvl:fused_allreduce_residual_rmsnorm_twoshot+sglang_custom:all_reduce_two_shot,False
workload_cv,fold1,tp_conditioned_pattern,0.1,qwen3-30b-a3b-chunk-c4096-b1-l4096-m8,1,qwen3-30b-a3b,8,prefill,c4096,5821.072265625,5699.17722297332,0.020940307402040583,sglang_custom:all_reduce_two_shot,False
workload_cv,fold1,tp_conditioned_pattern,0.1,qwen3-30b-a3b-mixed-bimodal,1,qwen3-30b-a3b,8,decode,bimodal,51463.6513671875,54426.33010080709,0.057568374083704334,flashinfer_mnnvl:fused_allreduce_residual_rmsnorm+sglang_custom:all_reduce_one_shot_push,False
workload_cv,fold1,tp_conditioned_pattern,0.1,qwen3-8b-chunk-c1024-b1-l1024-m8,1,qwen3-8b,2,prefill,c1024,1713.20703125,1611.9434935878946,0.05910758934267324,sglang_custom:all_reduce_one_shot,False
workload_cv,fold1,tp_conditioned_pattern,0.1,qwen3-8b-chunk-c4096-b1-l4096-m8,1,qwen3-8b,2,prefill,c4096,6284.48095703125,6394.604871121908,0.017523151847162265,nccl:all_reduce,False
workload_cv,fold1,tp_conditioned_pattern,0.1,qwen3-8b-mixed-bimodal,1,qwen3-8b,2,decode,bimodal,24564.85888671875,25699.775972675492,0.046200838815742065,sglang_custom:all_reduce_one_shot_push,False
workload_cv,fold1,tp_conditioned_pattern,0.1,qwen3-8b-chunk-c1024-b1-l1024-m8,1,qwen3-8b,4,prefill,c1024,2298.98681640625,2248.380632094706,0.02201238560847904,sglang_custom:all_reduce_two_shot,False
workload_cv,fold1,tp_conditioned_pattern,0.1,qwen3-8b-chunk-c4096-b1-l4096-m8,1,qwen3-8b,4,prefill,c4096,8790.0830078125,8780.260968840896,0.0011174000248774278,nccl:all_reduce,False
workload_cv,fold1,tp_conditioned_pattern,0.1,qwen3-8b-mixed-bimodal,1,qwen3-8b,4,decode,bimodal,33393.40869140625,32452.626715920083,0.028172684740874497,sglang_custom:all_reduce_one_shot_push,False
workload_cv,fold1,tp_conditioned_pattern,0.1,qwen3-8b-chunk-c1024-b1-l1024-m8,1,qwen3-8b,8,prefill,c1024,2624.40576171875,2522.441072906607,0.03885248626544897,sglang_custom:all_reduce_two_shot,False
workload_cv,fold1,tp_conditioned_pattern,0.1,qwen3-8b-chunk-c4096-b1-l4096-m8,1,qwen3-8b,8,prefill,c4096,10493.29150390625,10671.989901156285,0.017029775374439202,nccl:all_reduce,False
workload_cv,fold1,tp_conditioned_pattern,0.1,qwen3-8b-mixed-bimodal,1,qwen3-8b,8,decode,bimodal,38337.58154296875,38244.77692186455,0.0024207218444435926,sglang_custom:all_reduce_one_shot_push,False
workload_cv,fold1,additive_plus_schedule,0.1,deepseek-v2-lite-chunk-c1024-b1-l1024-m8,1,deepseek-v2-lite,2,prefill,c1024,845.8720703125,1123.7374524576348,0.32849575236888945,sglang_custom:all_reduce_one_shot_push,False
workload_cv,fold1,additive_plus_schedule,0.1,deepseek-v2-lite-chunk-c4096-b1-l4096-m8,1,deepseek-v2-lite,2,prefill,c4096,2059.4599609375,2254.493573543689,0.09470133739206386,sglang_custom:all_reduce_one_shot,False
workload_cv,fold1,additive_plus_schedule,0.1,deepseek-v2-lite-mixed-bimodal,1,deepseek-v2-lite,2,decode,bimodal,22109.64501953125,21458.39224640358,0.029455596078198757,sglang_custom:all_reduce_one_shot_push,False
workload_cv,fold1,additive_plus_schedule,0.1,deepseek-v2-lite-chunk-c1024-b1-l1024-m8,1,deepseek-v2-lite,4,prefill,c1024,1167.11474609375,1443.7015176905932,0.2369833579110875,sglang_custom:all_reduce_two_shot,False
workload_cv,fold1,additive_plus_schedule,0.1,deepseek-v2-lite-chunk-c4096-b1-l4096-m8,1,deepseek-v2-lite,4,prefill,c4096,2783.5068359375,2896.4201438960404,0.04056512687546915,sglang_custom:all_reduce_two_shot,False
workload_cv,fold1,additive_plus_schedule,0.1,deepseek-v2-lite-mixed-bimodal,1,deepseek-v2-lite,4,decode,bimodal,23239.3955078125,25462.365765816117,0.09565525304891474,sglang_custom:all_reduce_one_shot_push,False
workload_cv,fold1,additive_plus_schedule,0.1,deepseek-v2-lite-chunk-c1024-b1-l1024-m8,1,deepseek-v2-lite,8,prefill,c1024,1391.728515625,1720.0082938687945,0.23587917798491753,sglang_custom:all_reduce_two_shot,False
workload_cv,fold1,additive_plus_schedule,0.1,deepseek-v2-lite-chunk-c4096-b1-l4096-m8,1,deepseek-v2-lite,8,prefill,c4096,3291.53369140625,3450.759460306618,0.048374339693403455,sglang_custom:all_reduce_two_shot,False
workload_cv,fold1,additive_plus_schedule,0.1,deepseek-v2-lite-mixed-bimodal,1,deepseek-v2-lite,8,decode,bimodal,25718.13720703125,28300.66061813418,0.10041642558765408,sglang_custom:all_reduce_one_shot_push,False
workload_cv,fold1,additive_plus_schedule,0.1,qwen3-30b-a3b-chunk-c1024-b1-l1024-m8,1,qwen3-30b-a3b,2,prefill,c1024,1457.69677734375,1608.7904242428854,0.10365231593257812,flashinfer_mnnvl:fused_allreduce_residual_rmsnorm_twoshot+sglang_custom:all_reduce_one_shot_push,False
workload_cv,fold1,additive_plus_schedule,0.1,qwen3-30b-a3b-chunk-c4096-b1-l4096-m8,1,qwen3-30b-a3b,2,prefill,c4096,3651.78369140625,3612.593691032645,0.010731741988396225,sglang_custom:all_reduce_one_shot,False
workload_cv,fold1,additive_plus_schedule,0.1,qwen3-30b-a3b-mixed-bimodal,1,qwen3-30b-a3b,2,decode,bimodal,42279.43701171875,47306.45895990245,0.11889992638242414,flashinfer_mnnvl:fused_allreduce_residual_rmsnorm+sglang_custom:all_reduce_one_shot_push,False
workload_cv,fold1,additive_plus_schedule,0.1,qwen3-30b-a3b-chunk-c1024-b1-l1024-m8,1,qwen3-30b-a3b,4,prefill,c1024,1527.03759765625,2066.864615080642,0.35351259081828584,flashinfer_mnnvl:fused_allreduce_residual_rmsnorm_twoshot+sglang_custom:all_reduce_two_shot,False
workload_cv,fold1,additive_plus_schedule,0.1,qwen3-30b-a3b-chunk-c4096-b1-l4096-m8,1,qwen3-30b-a3b,4,prefill,c4096,4922.42578125,4641.214887994415,0.0571285186922969,sglang_custom:all_reduce_two_shot,False
workload_cv,fold1,additive_plus_schedule,0.1,qwen3-30b-a3b-mixed-bimodal,1,qwen3-30b-a3b,4,decode,bimodal,50319.439453125,56133.48601755041,0.11554275301181512,flashinfer_mnnvl:fused_allreduce_residual_rmsnorm+sglang_custom:all_reduce_one_shot_push,False
workload_cv,fold1,additive_plus_schedule,0.1,qwen3-30b-a3b-chunk-c1024-b1-l1024-m8,1,qwen3-30b-a3b,8,prefill,c1024,1472.5576171875,2462.437170482024,0.6722178757155438,flashinfer_mnnvl:fused_allreduce_residual_rmsnorm_twoshot+sglang_custom:all_reduce_two_shot,False
workload_cv,fold1,additive_plus_schedule,0.1,qwen3-30b-a3b-chunk-c4096-b1-l4096-m8,1,qwen3-30b-a3b,8,prefill,c4096,5821.072265625,5529.486533856081,0.05009141245175929,sglang_custom:all_reduce_two_shot,False
workload_cv,fold1,additive_plus_schedule,0.1,qwen3-30b-a3b-mixed-bimodal,1,qwen3-30b-a3b,8,decode,bimodal,51463.6513671875,62390.69659537414,0.21232549455582486,flashinfer_mnnvl:fused_allreduce_residual_rmsnorm+sglang_custom:all_reduce_one_shot_push,False
workload_cv,fold1,additive_plus_schedule,0.1,qwen3-8b-chunk-c1024-b1-l1024-m8,1,qwen3-8b,2,prefill,c1024,1713.20703125,1713.7789285600616,0.00033381681234654254,sglang_custom:all_reduce_one_shot,False
workload_cv,fold1,additive_plus_schedule,0.1,qwen3-8b-chunk-c4096-b1-l4096-m8,1,qwen3-8b,2,prefill,c4096,6284.48095703125,6772.221302354628,0.07761028295863973,nccl:all_reduce,False
workload_cv,fold1,additive_plus_schedule,0.1,qwen3-8b-mixed-bimodal,1,qwen3-8b,2,decode,bimodal,24564.85888671875,29984.613113578675,0.22063038309534813,sglang_custom:all_reduce_one_shot_push,False
workload_cv,fold1,additive_plus_schedule,0.1,qwen3-8b-chunk-c1024-b1-l1024-m8,1,qwen3-8b,4,prefill,c1024,2298.98681640625,2201.7467111532414,0.04229693905118306,sglang_custom:all_reduce_two_shot,False
workload_cv,fold1,additive_plus_schedule,0.1,qwen3-8b-chunk-c4096-b1-l4096-m8,1,qwen3-8b,4,prefill,c4096,8790.0830078125,8700.489737138612,0.010192539773999683,nccl:all_reduce,False
workload_cv,fold1,additive_plus_schedule,0.1,qwen3-8b-mixed-bimodal,1,qwen3-8b,4,decode,bimodal,33393.40869140625,35579.51488990919,0.06546520059407798,sglang_custom:all_reduce_one_shot_push,False
workload_cv,fold1,additive_plus_schedule,0.1,qwen3-8b-chunk-c1024-b1-l1024-m8,1,qwen3-8b,8,prefill,c1024,2624.40576171875,2623.134046599736,0.00048457259832458303,sglang_custom:all_reduce_two_shot,False
workload_cv,fold1,additive_plus_schedule,0.1,qwen3-8b-chunk-c4096-b1-l4096-m8,1,qwen3-8b,8,prefill,c4096,10493.29150390625,10365.656837804834,0.012163453769858806,nccl:all_reduce,False
workload_cv,fold1,additive_plus_schedule,0.1,qwen3-8b-mixed-bimodal,1,qwen3-8b,8,decode,bimodal,38337.58154296875,39545.5703180964,0.031509258709335485,sglang_custom:all_reduce_one_shot_push,False
workload_cv,fold1,tp_conditioned_plus_schedule,0.1,deepseek-v2-lite-chunk-c1024-b1-l1024-m8,1,deepseek-v2-lite,2,prefill,c1024,845.8720703125,1143.1355342163772,0.3514283948328686,sglang_custom:all_reduce_one_shot_push,False
workload_cv,fold1,tp_conditioned_plus_schedule,0.1,deepseek-v2-lite-chunk-c4096-b1-l4096-m8,1,deepseek-v2-lite,2,prefill,c4096,2059.4599609375,2223.983138387548,0.07988656277403634,sglang_custom:all_reduce_one_shot,False
workload_cv,fold1,tp_conditioned_plus_schedule,0.1,deepseek-v2-lite-mixed-bimodal,1,deepseek-v2-lite,2,decode,bimodal,22109.64501953125,21316.34019549381,0.035880486698752975,sglang_custom:all_reduce_one_shot_push,False
workload_cv,fold1,tp_conditioned_plus_schedule,0.1,deepseek-v2-lite-chunk-c1024-b1-l1024-m8,1,deepseek-v2-lite,4,prefill,c1024,1167.11474609375,1408.9258390210246,0.20718707713753004,sglang_custom:all_reduce_two_shot,False
workload_cv,fold1,tp_conditioned_plus_schedule,0.1,deepseek-v2-lite-chunk-c4096-b1-l4096-m8,1,deepseek-v2-lite,4,prefill,c4096,2783.5068359375,2905.005834543908,0.043649613874753204,sglang_custom:all_reduce_two_shot,False
workload_cv,fold1,tp_conditioned_plus_schedule,0.1,deepseek-v2-lite-mixed-bimodal,1,deepseek-v2-lite,4,decode,bimodal,23239.3955078125,25042.889362780053,0.0776050243803142,sglang_custom:all_reduce_one_shot_push,False
workload_cv,fold1,tp_conditioned_plus_schedule,0.1,deepseek-v2-lite-chunk-c1024-b1-l1024-m8,1,deepseek-v2-lite,8,prefill,c1024,1391.728515625,1731.822270232808,0.24436788553914057,sglang_custom:all_reduce_two_shot,False
workload_cv,fold1,tp_conditioned_plus_schedule,0.1,deepseek-v2-lite-chunk-c4096-b1-l4096-m8,1,deepseek-v2-lite,8,prefill,c4096,3291.53369140625,3477.8186486018767,0.056595184695205025,sglang_custom:all_reduce_two_shot,False
workload_cv,fold1,tp_conditioned_plus_schedule,0.1,deepseek-v2-lite-mixed-bimodal,1,deepseek-v2-lite,8,decode,bimodal,25718.13720703125,28731.13622469298,0.1171546365666789,sglang_custom:all_reduce_one_shot_push,False
workload_cv,fold1,tp_conditioned_plus_schedule,0.1,qwen3-30b-a3b-chunk-c1024-b1-l1024-m8,1,qwen3-30b-a3b,2,prefill,c1024,1457.69677734375,2031.8913105613176,0.3939053321252988,flashinfer_mnnvl:fused_allreduce_residual_rmsnorm_twoshot+sglang_custom:all_reduce_one_shot_push,False
workload_cv,fold1,tp_conditioned_plus_schedule,0.1,qwen3-30b-a3b-chunk-c4096-b1-l4096-m8,1,qwen3-30b-a3b,2,prefill,c4096,3651.78369140625,3466.263319475976,0.05080267277792479,sglang_custom:all_reduce_one_shot,False
workload_cv,fold1,tp_conditioned_plus_schedule,0.1,qwen3-30b-a3b-mixed-bimodal,1,qwen3-30b-a3b,2,decode,bimodal,42279.43701171875,50334.736510445335,0.19052523089401277,flashinfer_mnnvl:fused_allreduce_residual_rmsnorm+sglang_custom:all_reduce_one_shot_push,False
workload_cv,fold1,tp_conditioned_plus_schedule,0.1,qwen3-30b-a3b-chunk-c1024-b1-l1024-m8,1,qwen3-30b-a3b,4,prefill,c1024,1527.03759765625,2017.1843283874994,0.3209788229730188,flashinfer_mnnvl:fused_allreduce_residual_rmsnorm_twoshot+sglang_custom:all_reduce_two_shot,False
workload_cv,fold1,tp_conditioned_plus_schedule,0.1,qwen3-30b-a3b-chunk-c4096-b1-l4096-m8,1,qwen3-30b-a3b,4,prefill,c4096,4922.42578125,4777.710867659885,0.029399105242246343,sglang_custom:all_reduce_two_shot,False
workload_cv,fold1,tp_conditioned_plus_schedule,0.1,qwen3-30b-a3b-mixed-bimodal,1,qwen3-30b-a3b,4,decode,bimodal,50319.439453125,56299.06727683039,0.11883335523392914,flashinfer_mnnvl:fused_allreduce_residual_rmsnorm+sglang_custom:all_reduce_one_shot_push,False
workload_cv,fold1,tp_conditioned_plus_schedule,0.1,qwen3-30b-a3b-chunk-c1024-b1-l1024-m8,1,qwen3-30b-a3b,8,prefill,c1024,1472.5576171875,2001.4551038921818,0.35916929872995085,flashinfer_mnnvl:fused_allreduce_residual_rmsnorm_twoshot+sglang_custom:all_reduce_two_shot,False
workload_cv,fold1,tp_conditioned_plus_schedule,0.1,qwen3-30b-a3b-chunk-c4096-b1-l4096-m8,1,qwen3-30b-a3b,8,prefill,c4096,5821.072265625,5615.717409662769,0.03527783999090805,sglang_custom:all_reduce_two_shot,False
workload_cv,fold1,tp_conditioned_plus_schedule,0.1,qwen3-30b-a3b-mixed-bimodal,1,qwen3-30b-a3b,8,decode,bimodal,51463.6513671875,58162.81062669435,0.13017263799859605,flashinfer_mnnvl:fused_allreduce_residual_rmsnorm+sglang_custom:all_reduce_one_shot_push,False
workload_cv,fold1,tp_conditioned_plus_schedule,0.1,qwen3-8b-chunk-c1024-b1-l1024-m8,1,qwen3-8b,2,prefill,c1024,1713.20703125,1654.5232593888873,0.03425375380247859,sglang_custom:all_reduce_one_shot,False
workload_cv,fold1,tp_conditioned_plus_schedule,0.1,qwen3-8b-chunk-c4096-b1-l4096-m8,1,qwen3-8b,2,prefill,c4096,6284.48095703125,6438.41967136457,0.024495056216391083,nccl:all_reduce,False
workload_cv,fold1,tp_conditioned_plus_schedule,0.1,qwen3-8b-mixed-bimodal,1,qwen3-8b,2,decode,bimodal,24564.85888671875,28207.330950466752,0.14827978782802384,sglang_custom:all_reduce_one_shot_push,False
workload_cv,fold1,tp_conditioned_plus_schedule,0.1,qwen3-8b-chunk-c1024-b1-l1024-m8,1,qwen3-8b,4,prefill,c1024,2298.98681640625,2307.043289323752,0.0035043580328554874,sglang_custom:all_reduce_two_shot,False
workload_cv,fold1,tp_conditioned_plus_schedule,0.1,qwen3-8b-chunk-c4096-b1-l4096-m8,1,qwen3-8b,4,prefill,c4096,8790.0830078125,8835.93443594209,0.00521626793385661,nccl:all_reduce,False
workload_cv,fold1,tp_conditioned_plus_schedule,0.1,qwen3-8b-mixed-bimodal,1,qwen3-8b,4,decode,bimodal,33393.40869140625,35545.171068386364,0.0644367395034418,sglang_custom:all_reduce_one_shot_push,False
workload_cv,fold1,tp_conditioned_plus_schedule,0.1,qwen3-8b-chunk-c1024-b1-l1024-m8,1,qwen3-8b,8,prefill,c1024,2624.40576171875,2588.2542603750267,0.013775118874928606,sglang_custom:all_reduce_two_shot,False
workload_cv,fold1,tp_conditioned_plus_schedule,0.1,qwen3-8b-chunk-c4096-b1-l4096-m8,1,qwen3-8b,8,prefill,c4096,10493.29150390625,10739.65835438047,0.02347851009213906,nccl:all_reduce,False
workload_cv,fold1,tp_conditioned_plus_schedule,0.1,qwen3-8b-mixed-bimodal,1,qwen3-8b,8,decode,bimodal,38337.58154296875,41889.27910396476,0.09264271292166075,sglang_custom:all_reduce_one_shot_push,False
workload_cv,fold1,tp_conditioned_plus_schedule_tp,0.1,deepseek-v2-lite-chunk-c1024-b1-l1024-m8,1,deepseek-v2-lite,2,prefill,c1024,845.8720703125,1139.6150063430603,0.3472663850007951,sglang_custom:all_reduce_one_shot_push,False
workload_cv,fold1,tp_conditioned_plus_schedule_tp,0.1,deepseek-v2-lite-chunk-c4096-b1-l4096-m8,1,deepseek-v2-lite,2,prefill,c4096,2059.4599609375,2219.117572427741,0.07752401819822811,sglang_custom:all_reduce_one_shot,False
workload_cv,fold1,tp_conditioned_plus_schedule_tp,0.1,deepseek-v2-lite-mixed-bimodal,1,deepseek-v2-lite,2,decode,bimodal,22109.64501953125,21551.155557129852,0.025259992275228235,sglang_custom:all_reduce_one_shot_push,False
workload_cv,fold1,tp_conditioned_plus_schedule_tp,0.1,deepseek-v2-lite-chunk-c1024-b1-l1024-m8,1,deepseek-v2-lite,4,prefill,c1024,1167.11474609375,1404.1426393514148,0.20308876573702825,sglang_custom:all_reduce_two_shot,False
workload_cv,fold1,tp_conditioned_plus_schedule_tp,0.1,deepseek-v2-lite-chunk-c4096-b1-l4096-m8,1,deepseek-v2-lite,4,prefill,c4096,2783.5068359375,2908.103499964845,0.04476247818711758,sglang_custom:all_reduce_two_shot,False
workload_cv,fold1,tp_conditioned_plus_schedule_tp,0.1,deepseek-v2-lite-mixed-bimodal,1,deepseek-v2-lite,4,decode,bimodal,23239.3955078125,24920.365998955473,0.07233279757977666,sglang_custom:all_reduce_one_shot_push,False
workload_cv,fold1,tp_conditioned_plus_schedule_tp,0.1,deepseek-v2-lite-chunk-c1024-b1-l1024-m8,1,deepseek-v2-lite,8,prefill,c1024,1391.728515625,1730.6689889134148,0.2435392172274366,sglang_custom:all_reduce_two_shot,False
workload_cv,fold1,tp_conditioned_plus_schedule_tp,0.1,deepseek-v2-lite-chunk-c4096-b1-l4096-m8,1,deepseek-v2-lite,8,prefill,c4096,3291.53369140625,3481.670369077099,0.057765374897200766,sglang_custom:all_reduce_two_shot,False
workload_cv,fold1,tp_conditioned_plus_schedule_tp,0.1,deepseek-v2-lite-mixed-bimodal,1,deepseek-v2-lite,8,decode,bimodal,25718.13720703125,28338.22838735625,0.10187717559919832,sglang_custom:all_reduce_one_shot_push,False
workload_cv,fold1,tp_conditioned_plus_schedule_tp,0.1,qwen3-30b-a3b-chunk-c1024-b1-l1024-m8,1,qwen3-30b-a3b,2,prefill,c1024,1457.69677734375,2022.3072255366603,0.3873305182314782,flashinfer_mnnvl:fused_allreduce_residual_rmsnorm_twoshot+sglang_custom:all_reduce_one_shot_push,False
workload_cv,fold1,tp_conditioned_plus_schedule_tp,0.1,qwen3-30b-a3b-chunk-c4096-b1-l4096-m8,1,qwen3-30b-a3b,2,prefill,c4096,3651.78369140625,3469.7570744346303,0.04984594717370124,sglang_custom:all_reduce_one_shot,False
workload_cv,fold1,tp_conditioned_plus_schedule_tp,0.1,qwen3-30b-a3b-mixed-bimodal,1,qwen3-30b-a3b,2,decode,bimodal,42279.43701171875,50504.93179718487,0.1945507170113507,flashinfer_mnnvl:fused_allreduce_residual_rmsnorm+sglang_custom:all_reduce_one_shot_push,False
workload_cv,fold1,tp_conditioned_plus_schedule_tp,0.1,qwen3-30b-a3b-chunk-c1024-b1-l1024-m8,1,qwen3-30b-a3b,4,prefill,c1024,1527.03759765625,2022.9306511853938,0.32474187557022666,flashinfer_mnnvl:fused_allreduce_residual_rmsnorm_twoshot+sglang_custom:all_reduce_two_shot,False
workload_cv,fold1,tp_conditioned_plus_schedule_tp,0.1,qwen3-30b-a3b-chunk-c4096-b1-l4096-m8,1,qwen3-30b-a3b,4,prefill,c4096,4922.42578125,4766.4257742520285,0.0316916930656813,sglang_custom:all_reduce_two_shot,False
workload_cv,fold1,tp_conditioned_plus_schedule_tp,0.1,qwen3-30b-a3b-mixed-bimodal,1,qwen3-30b-a3b,4,decode,bimodal,50319.439453125,56397.215914170956,0.12078386657521692,flashinfer_mnnvl:fused_allreduce_residual_rmsnorm+sglang_custom:all_reduce_one_shot_push,False
workload_cv,fold1,tp_conditioned_plus_schedule_tp,0.1,qwen3-30b-a3b-chunk-c1024-b1-l1024-m8,1,qwen3-30b-a3b,8,prefill,c1024,1472.5576171875,2010.1574439963786,0.365078975881204,flashinfer_mnnvl:fused_allreduce_residual_rmsnorm_twoshot+sglang_custom:all_reduce_two_shot,False
workload_cv,fold1,tp_conditioned_plus_schedule_tp,0.1,qwen3-30b-a3b-chunk-c4096-b1-l4096-m8,1,qwen3-30b-a3b,8,prefill,c4096,5821.072265625,5612.069100738296,0.03590458172473211,sglang_custom:all_reduce_two_shot,False
workload_cv,fold1,tp_conditioned_plus_schedule_tp,0.1,qwen3-30b-a3b-mixed-bimodal,1,qwen3-30b-a3b,8,decode,bimodal,51463.6513671875,57710.05184212817,0.1213749959242745,flashinfer_mnnvl:fused_allreduce_residual_rmsnorm+sglang_custom:all_reduce_one_shot_push,False
workload_cv,fold1,tp_conditioned_plus_schedule_tp,0.1,qwen3-8b-chunk-c1024-b1-l1024-m8,1,qwen3-8b,2,prefill,c1024,1713.20703125,1652.8585275039877,0.03522545882967831,sglang_custom:all_reduce_one_shot,False
workload_cv,fold1,tp_conditioned_plus_schedule_tp,0.1,qwen3-8b-chunk-c4096-b1-l4096-m8,1,qwen3-8b,2,prefill,c4096,6284.48095703125,6434.554115885366,0.023879960792340334,nccl:all_reduce,False
workload_cv,fold1,tp_conditioned_plus_schedule_tp,0.1,qwen3-8b-mixed-bimodal,1,qwen3-8b,2,decode,bimodal,24564.85888671875,28273.794331565765,0.1509854162790363,sglang_custom:all_reduce_one_shot_push,False
workload_cv,fold1,tp_conditioned_plus_schedule_tp,0.1,qwen3-8b-chunk-c1024-b1-l1024-m8,1,qwen3-8b,4,prefill,c1024,2298.98681640625,2309.7623349318574,0.004687072778630169,sglang_custom:all_reduce_two_shot,False
workload_cv,fold1,tp_conditioned_plus_schedule_tp,0.1,qwen3-8b-chunk-c4096-b1-l4096-m8,1,qwen3-8b,4,prefill,c4096,8790.0830078125,8854.225673474157,0.007297162678059776,nccl:all_reduce,False
workload_cv,fold1,tp_conditioned_plus_schedule_tp,0.1,qwen3-8b-mixed-bimodal,1,qwen3-8b,4,decode,bimodal,33393.40869140625,35757.395336783076,0.0707920136941634,sglang_custom:all_reduce_one_shot_push,False
workload_cv,fold1,tp_conditioned_plus_schedule_tp,0.1,qwen3-8b-chunk-c1024-b1-l1024-m8,1,qwen3-8b,8,prefill,c1024,2624.40576171875,2591.9851519477165,0.01235350502728697,sglang_custom:all_reduce_two_shot,False
workload_cv,fold1,tp_conditioned_plus_schedule_tp,0.1,qwen3-8b-chunk-c4096-b1-l4096-m8,1,qwen3-8b,8,prefill,c4096,10493.29150390625,10736.920023352766,0.023217549932337506,nccl:all_reduce,False
workload_cv,fold1,tp_conditioned_plus_schedule_tp,0.1,qwen3-8b-mixed-bimodal,1,qwen3-8b,8,decode,bimodal,38337.58154296875,41497.64837255203,0.082427391149895,sglang_custom:all_reduce_one_shot_push,False
workload_cv,fold2,additive_tp_phase,0.1,deepseek-v2-lite-chunk-c1024-b1-l1025-m8,2,deepseek-v2-lite,2,prefill,c1024,1144.5927734375,1058.9901962139625,0.074788675247749,sglang_custom:all_reduce_one_shot_push,False
workload_cv,fold2,additive_tp_phase,0.1,deepseek-v2-lite-chunk-c4096-b1-l4097-m8,2,deepseek-v2-lite,2,prefill,c4096,2306.1025390625,2245.020422661394,0.026487164107601897,sglang_custom:all_reduce_one_shot+sglang_custom:all_reduce_one_shot_push,False
workload_cv,fold2,additive_tp_phase,0.1,deepseek-v2-lite-mixed-long_tail,2,deepseek-v2-lite,2,decode,long_tail,35508.650390625,29690.336352256552,0.1638562427566833,sglang_custom:all_reduce_one_shot_push,False
workload_cv,fold2,additive_tp_phase,0.1,deepseek-v2-lite-chunk-c1024-b1-l1025-m8,2,deepseek-v2-lite,4,prefill,c1024,1477.267578125,1364.5469456035937,0.07630346336069684,sglang_custom:all_reduce_one_shot_push+sglang_custom:all_reduce_two_shot,False
workload_cv,fold2,additive_tp_phase,0.1,deepseek-v2-lite-chunk-c4096-b1-l4097-m8,2,deepseek-v2-lite,4,prefill,c4096,3098.19580078125,2892.7895381019616,0.06629867054480305,sglang_custom:all_reduce_one_shot_push+sglang_custom:all_reduce_two_shot,False
workload_cv,fold2,additive_tp_phase,0.1,deepseek-v2-lite-mixed-long_tail,2,deepseek-v2-lite,4,decode,long_tail,42046.10302734375,35158.18455352217,0.1638182370751975,sglang_custom:all_reduce_one_shot_push,False
workload_cv,fold2,additive_tp_phase,0.1,deepseek-v2-lite-chunk-c1024-b1-l1025-m8,2,deepseek-v2-lite,8,prefill,c1024,1740.849609375,1625.8646743749912,0.06605104449044896,sglang_custom:all_reduce_one_shot_push+sglang_custom:all_reduce_two_shot,False
workload_cv,fold2,additive_tp_phase,0.1,deepseek-v2-lite-chunk-c4096-b1-l4097-m8,2,deepseek-v2-lite,8,prefill,c4096,3668.40087890625,3446.7735504116945,0.06041524244772144,sglang_custom:all_reduce_one_shot_push+sglang_custom:all_reduce_two_shot,False
workload_cv,fold2,additive_tp_phase,0.1,deepseek-v2-lite-mixed-long_tail,2,deepseek-v2-lite,8,decode,long_tail,49217.84814453125,38975.06347331484,0.20811118440484924,sglang_custom:all_reduce_one_shot_push,False
workload_cv,fold2,additive_tp_phase,0.1,qwen3-30b-a3b-chunk-c1024-b1-l1025-m8,2,qwen3-30b-a3b,2,prefill,c1024,2230.83935546875,1433.8022549213733,0.35728126213727346,flashinfer_mnnvl:fused_allreduce_residual_rmsnorm+flashinfer_mnnvl:fused_allreduce_residual_rmsnorm_twoshot+sglang_custom:all_reduce_one_shot_push,False
workload_cv,fold2,additive_tp_phase,0.1,qwen3-30b-a3b-chunk-c4096-b1-l4097-m8,2,qwen3-30b-a3b,2,prefill,c4096,4265.751953125,4547.916583946909,0.06614651623501008,flashinfer_mnnvl:fused_allreduce_residual_rmsnorm+sglang_custom:all_reduce_one_shot+sglang_custom:all_reduce_one_shot_push,False
workload_cv,fold2,additive_tp_phase,0.1,qwen3-30b-a3b-mixed-long_tail,2,qwen3-30b-a3b,2,decode,long_tail,83096.12255859375,67678.09964956317,0.18554443257155395,flashinfer_mnnvl:fused_allreduce_residual_rmsnorm+sglang_custom:all_reduce_one_shot_push,False
workload_cv,fold2,additive_tp_phase,0.1,qwen3-30b-a3b-chunk-c1024-b1-l1025-m8,2,qwen3-30b-a3b,4,prefill,c1024,2314.95361328125,1847.5057602489912,0.2019253648757528,flashinfer_mnnvl:fused_allreduce_residual_rmsnorm+flashinfer_mnnvl:fused_allreduce_residual_rmsnorm_twoshot+sglang_custom:all_reduce_one_shot_push+sglang_custom:all_reduce_two_shot,False
workload_cv,fold2,additive_tp_phase,0.1,qwen3-30b-a3b-chunk-c4096-b1-l4097-m8,2,qwen3-30b-a3b,4,prefill,c4096,5625.73095703125,5860.154046441089,0.041669800991255786,flashinfer_mnnvl:fused_allreduce_residual_rmsnorm+sglang_custom:all_reduce_one_shot_push+sglang_custom:all_reduce_two_shot,False
workload_cv,fold2,additive_tp_phase,0.1,qwen3-30b-a3b-mixed-long_tail,2,qwen3-30b-a3b,4,decode,long_tail,93031.7568359375,80141.87139817167,0.13855360659798438,flashinfer_mnnvl:fused_allreduce_residual_rmsnorm+sglang_custom:all_reduce_one_shot_push,False
workload_cv,fold2,additive_tp_phase,0.1,qwen3-30b-a3b-chunk-c1024-b1-l1025-m8,2,qwen3-30b-a3b,8,prefill,c1024,2317.28564453125,2201.312575555582,0.05004694576577652,flashinfer_mnnvl:fused_allreduce_residual_rmsnorm+flashinfer_mnnvl:fused_allreduce_residual_rmsnorm_twoshot+sglang_custom:all_reduce_one_shot_push+sglang_custom:all_reduce_two_shot,False
workload_cv,fold2,additive_tp_phase,0.1,qwen3-30b-a3b-chunk-c4096-b1-l4097-m8,2,qwen3-30b-a3b,8,prefill,c4096,6545.4384765625,6982.403559805475,0.06675871827496854,flashinfer_mnnvl:fused_allreduce_residual_rmsnorm+sglang_custom:all_reduce_one_shot_push+sglang_custom:all_reduce_two_shot,False
workload_cv,fold2,additive_tp_phase,0.1,qwen3-30b-a3b-mixed-long_tail,2,qwen3-30b-a3b,8,decode,long_tail,96923.8017578125,88842.315502922,0.08337979018903979,flashinfer_mnnvl:fused_allreduce_residual_rmsnorm+sglang_custom:all_reduce_one_shot_push,False
workload_cv,fold2,additive_tp_phase,0.1,qwen3-8b-chunk-c1024-b1-l1025-m8,2,qwen3-8b,2,prefill,c1024,2092.21875,2175.6330968030998,0.039868845837988866,sglang_custom:all_reduce_one_shot+sglang_custom:all_reduce_one_shot_push,False
workload_cv,fold2,additive_tp_phase,0.1,qwen3-8b-chunk-c4096-b1-l4097-m8,2,qwen3-8b,2,prefill,c4096,6682.6064453125,8263.245481962971,0.23653031935753258,nccl:all_reduce+sglang_custom:all_reduce_one_shot_push,False
workload_cv,fold2,additive_tp_phase,0.1,qwen3-8b-mixed-long_tail,2,qwen3-8b,2,decode,long_tail,48905.96630859375,52745.411465950376,0.07850668225487979,sglang_custom:all_reduce_one_shot_push,False
workload_cv,fold2,additive_tp_phase,0.1,qwen3-8b-chunk-c1024-b1-l1025-m8,2,qwen3-8b,4,prefill,c1024,2822.17919921875,2803.381473795008,0.006660712908998055,sglang_custom:all_reduce_one_shot_push+sglang_custom:all_reduce_two_shot,False
workload_cv,fold2,additive_tp_phase,0.1,qwen3-8b-chunk-c4096-b1-l4097-m8,2,qwen3-8b,4,prefill,c4096,9250.337890625,10647.48892246319,0.15103783757501113,nccl:all_reduce+sglang_custom:all_reduce_one_shot_push,False
workload_cv,fold2,additive_tp_phase,0.1,qwen3-8b-mixed-long_tail,2,qwen3-8b,4,decode,long_tail,66028.7802734375,62459.141205734624,0.054061865945733575,sglang_custom:all_reduce_one_shot_push,False
workload_cv,fold2,additive_tp_phase,0.1,qwen3-8b-chunk-c1024-b1-l1025-m8,2,qwen3-8b,8,prefill,c1024,3184.5107421875,3340.243383875994,0.04890316104932284,sglang_custom:all_reduce_one_shot_push+sglang_custom:all_reduce_two_shot,False
workload_cv,fold2,additive_tp_phase,0.1,qwen3-8b-chunk-c4096-b1-l4097-m8,2,qwen3-8b,8,prefill,c4096,11021.55419921875,12686.537583486666,0.15106611591910846,nccl:all_reduce+sglang_custom:all_reduce_one_shot_push,False
workload_cv,fold2,additive_tp_phase,0.1,qwen3-8b-mixed-long_tail,2,qwen3-8b,8,decode,long_tail,73173.4873046875,69239.89460480749,0.0537570757493203,sglang_custom:all_reduce_one_shot_push,False
workload_cv,fold2,tp_conditioned_pattern,0.1,deepseek-v2-lite-chunk-c1024-b1-l1025-m8,2,deepseek-v2-lite,2,prefill,c1024,1144.5927734375,1145.7758675890113,0.0010336376211411956,sglang_custom:all_reduce_one_shot_push,False
workload_cv,fold2,tp_conditioned_pattern,0.1,deepseek-v2-lite-chunk-c4096-b1-l4097-m8,2,deepseek-v2-lite,2,prefill,c4096,2306.1025390625,2397.331157125766,0.039559653795946594,sglang_custom:all_reduce_one_shot+sglang_custom:all_reduce_one_shot_push,False
workload_cv,fold2,tp_conditioned_pattern,0.1,deepseek-v2-lite-mixed-long_tail,2,deepseek-v2-lite,2,decode,long_tail,35508.650390625,31822.1763140653,0.10381904228984735,sglang_custom:all_reduce_one_shot_push,False
workload_cv,fold2,tp_conditioned_pattern,0.1,deepseek-v2-lite-chunk-c1024-b1-l1025-m8,2,deepseek-v2-lite,4,prefill,c1024,1477.267578125,1284.9153078181355,0.13020814451976587,sglang_custom:all_reduce_one_shot_push+sglang_custom:all_reduce_two_shot,False
workload_cv,fold2,tp_conditioned_pattern,0.1,deepseek-v2-lite-chunk-c4096-b1-l4097-m8,2,deepseek-v2-lite,4,prefill,c4096,3098.19580078125,2788.2278437536124,0.1000478914048864,sglang_custom:all_reduce_one_shot_push+sglang_custom:all_reduce_two_shot,False
workload_cv,fold2,tp_conditioned_pattern,0.1,deepseek-v2-lite-mixed-long_tail,2,deepseek-v2-lite,4,decode,long_tail,42046.10302734375,33471.23366108987,0.20393969354728078,sglang_custom:all_reduce_one_shot_push,False
workload_cv,fold2,tp_conditioned_pattern,0.1,deepseek-v2-lite-chunk-c1024-b1-l1025-m8,2,deepseek-v2-lite,8,prefill,c1024,1740.849609375,1591.0229366059832,0.08606525914826588,sglang_custom:all_reduce_one_shot_push+sglang_custom:all_reduce_two_shot,False
workload_cv,fold2,tp_conditioned_pattern,0.1,deepseek-v2-lite-chunk-c4096-b1-l4097-m8,2,deepseek-v2-lite,8,prefill,c4096,3668.40087890625,3356.3292203202473,0.08507021693851745,sglang_custom:all_reduce_one_shot_push+sglang_custom:all_reduce_two_shot,False
workload_cv,fold2,tp_conditioned_pattern,0.1,deepseek-v2-lite-mixed-long_tail,2,deepseek-v2-lite,8,decode,long_tail,49217.84814453125,38155.00902648463,0.2247729133862153,sglang_custom:all_reduce_one_shot_push,False
workload_cv,fold2,tp_conditioned_pattern,0.1,qwen3-30b-a3b-chunk-c1024-b1-l1025-m8,2,qwen3-30b-a3b,2,prefill,c1024,2230.83935546875,1765.4920400856631,0.20859741166136406,flashinfer_mnnvl:fused_allreduce_residual_rmsnorm+flashinfer_mnnvl:fused_allreduce_residual_rmsnorm_twoshot+sglang_custom:all_reduce_one_shot_push,False
workload_cv,fold2,tp_conditioned_pattern,0.1,qwen3-30b-a3b-chunk-c4096-b1-l4097-m8,2,qwen3-30b-a3b,2,prefill,c4096,4265.751953125,4625.635271608689,0.08436573960191157,flashinfer_mnnvl:fused_allreduce_residual_rmsnorm+sglang_custom:all_reduce_one_shot+sglang_custom:all_reduce_one_shot_push,False
workload_cv,fold2,tp_conditioned_pattern,0.1,qwen3-30b-a3b-mixed-long_tail,2,qwen3-30b-a3b,2,decode,long_tail,83096.12255859375,69583.83580054341,0.16261031612542917,flashinfer_mnnvl:fused_allreduce_residual_rmsnorm+sglang_custom:all_reduce_one_shot_push,False
workload_cv,fold2,tp_conditioned_pattern,0.1,qwen3-30b-a3b-chunk-c1024-b1-l1025-m8,2,qwen3-30b-a3b,4,prefill,c1024,2314.95361328125,1936.1234928721901,0.1636447997211056,flashinfer_mnnvl:fused_allreduce_residual_rmsnorm+flashinfer_mnnvl:fused_allreduce_residual_rmsnorm_twoshot+sglang_custom:all_reduce_one_shot_push+sglang_custom:all_reduce_two_shot,False
workload_cv,fold2,tp_conditioned_pattern,0.1,qwen3-30b-a3b-chunk-c4096-b1-l4097-m8,2,qwen3-30b-a3b,4,prefill,c4096,5625.73095703125,6518.391403039188,0.15867457097148546,flashinfer_mnnvl:fused_allreduce_residual_rmsnorm+sglang_custom:all_reduce_one_shot_push+sglang_custom:all_reduce_two_shot,False
workload_cv,fold2,tp_conditioned_pattern,0.1,qwen3-30b-a3b-mixed-long_tail,2,qwen3-30b-a3b,4,decode,long_tail,93031.7568359375,84568.19632509022,0.09097496165500626,flashinfer_mnnvl:fused_allreduce_residual_rmsnorm+sglang_custom:all_reduce_one_shot_push,False
workload_cv,fold2,tp_conditioned_pattern,0.1,qwen3-30b-a3b-chunk-c1024-b1-l1025-m8,2,qwen3-30b-a3b,8,prefill,c1024,2317.28564453125,1941.9397695829052,0.1619765244885342,flashinfer_mnnvl:fused_allreduce_residual_rmsnorm+flashinfer_mnnvl:fused_allreduce_residual_rmsnorm_twoshot+sglang_custom:all_reduce_one_shot_push+sglang_custom:all_reduce_two_shot,False
workload_cv,fold2,tp_conditioned_pattern,0.1,qwen3-30b-a3b-chunk-c4096-b1-l4097-m8,2,qwen3-30b-a3b,8,prefill,c4096,6545.4384765625,7932.805191423371,0.21195932401300047,flashinfer_mnnvl:fused_allreduce_residual_rmsnorm+sglang_custom:all_reduce_one_shot_push+sglang_custom:all_reduce_two_shot,False
workload_cv,fold2,tp_conditioned_pattern,0.1,qwen3-30b-a3b-mixed-long_tail,2,qwen3-30b-a3b,8,decode,long_tail,96923.8017578125,88176.84223361818,0.09024573289077853,flashinfer_mnnvl:fused_allreduce_residual_rmsnorm+sglang_custom:all_reduce_one_shot_push,False
workload_cv,fold2,tp_conditioned_pattern,0.1,qwen3-8b-chunk-c1024-b1-l1025-m8,2,qwen3-8b,2,prefill,c1024,2092.21875,2270.8845958645643,0.0853953946567797,sglang_custom:all_reduce_one_shot+sglang_custom:all_reduce_one_shot_push,False
workload_cv,fold2,tp_conditioned_pattern,0.1,qwen3-8b-chunk-c4096-b1-l4097-m8,2,qwen3-8b,2,prefill,c4096,6682.6064453125,8591.52169633171,0.28565429771166834,nccl:all_reduce+sglang_custom:all_reduce_one_shot_push,False
workload_cv,fold2,tp_conditioned_pattern,0.1,qwen3-8b-mixed-long_tail,2,qwen3-8b,2,decode,long_tail,48905.96630859375,55327.06826351047,0.1312948590852892,sglang_custom:all_reduce_one_shot_push,False
workload_cv,fold2,tp_conditioned_pattern,0.1,qwen3-8b-chunk-c1024-b1-l1025-m8,2,qwen3-8b,4,prefill,c1024,2822.17919921875,2847.277571452771,0.008893259592080106,sglang_custom:all_reduce_one_shot_push+sglang_custom:all_reduce_two_shot,False
workload_cv,fold2,tp_conditioned_pattern,0.1,qwen3-8b-chunk-c4096-b1-l4097-m8,2,qwen3-8b,4,prefill,c4096,9250.337890625,10400.184468243258,0.12430319748466712,nccl:all_reduce+sglang_custom:all_reduce_one_shot_push,False
workload_cv,fold2,tp_conditioned_pattern,0.1,qwen3-8b-mixed-long_tail,2,qwen3-8b,4,decode,long_tail,66028.7802734375,59686.434682837054,0.0960542594355917,sglang_custom:all_reduce_one_shot_push,False
workload_cv,fold2,tp_conditioned_pattern,0.1,qwen3-8b-chunk-c1024-b1-l1025-m8,2,qwen3-8b,8,prefill,c1024,3184.5107421875,3171.5333871167336,0.004075148781521151,sglang_custom:all_reduce_one_shot_push+sglang_custom:all_reduce_two_shot,False
workload_cv,fold2,tp_conditioned_pattern,0.1,qwen3-8b-chunk-c4096-b1-l4097-m8,2,qwen3-8b,8,prefill,c4096,11021.55419921875,12525.039993915463,0.1364132287988282,nccl:all_reduce+sglang_custom:all_reduce_one_shot_push,False
workload_cv,fold2,tp_conditioned_pattern,0.1,qwen3-8b-mixed-long_tail,2,qwen3-8b,8,decode,long_tail,73173.4873046875,69237.02613251847,0.053796276727634665,sglang_custom:all_reduce_one_shot_push,False
workload_cv,fold2,additive_plus_schedule,100.0,deepseek-v2-lite-chunk-c1024-b1-l1025-m8,2,deepseek-v2-lite,2,prefill,c1024,1144.5927734375,2591.8321687622406,1.2644142343991187,sglang_custom:all_reduce_one_shot_push,False
workload_cv,fold2,additive_plus_schedule,100.0,deepseek-v2-lite-chunk-c4096-b1-l4097-m8,2,deepseek-v2-lite,2,prefill,c4096,2306.1025390625,4177.543464273842,0.8115167879621428,sglang_custom:all_reduce_one_shot+sglang_custom:all_reduce_one_shot_push,False
workload_cv,fold2,additive_plus_schedule,100.0,deepseek-v2-lite-mixed-long_tail,2,deepseek-v2-lite,2,decode,long_tail,35508.650390625,19747.809336366336,0.4438591971498822,sglang_custom:all_reduce_one_shot_push,False
workload_cv,fold2,additive_plus_schedule,100.0,deepseek-v2-lite-chunk-c1024-b1-l1025-m8,2,deepseek-v2-lite,4,prefill,c1024,1477.267578125,2744.9511574575295,0.8581272601552103,sglang_custom:all_reduce_one_shot_push+sglang_custom:all_reduce_two_shot,False
workload_cv,fold2,additive_plus_schedule,100.0,deepseek-v2-lite-chunk-c4096-b1-l4097-m8,2,deepseek-v2-lite,4,prefill,c4096,3098.19580078125,4424.342326557314,0.42803832005764736,sglang_custom:all_reduce_one_shot_push+sglang_custom:all_reduce_two_shot,False
workload_cv,fold2,additive_plus_schedule,100.0,deepseek-v2-lite-mixed-long_tail,2,deepseek-v2-lite,4,decode,long_tail,42046.10302734375,23126.560044950904,0.4499713795137909,sglang_custom:all_reduce_one_shot_push,False
workload_cv,fold2,additive_plus_schedule,100.0,deepseek-v2-lite-chunk-c1024-b1-l1025-m8,2,deepseek-v2-lite,8,prefill,c1024,1740.849609375,3036.6071732455907,0.7443248152468459,sglang_custom:all_reduce_one_shot_push+sglang_custom:all_reduce_two_shot,False
workload_cv,fold2,additive_plus_schedule,100.0,deepseek-v2-lite-chunk-c4096-b1-l4097-m8,2,deepseek-v2-lite,8,prefill,c4096,3668.40087890625,4894.436685774037,0.33421532906003854,sglang_custom:all_reduce_one_shot_push+sglang_custom:all_reduce_two_shot,False
workload_cv,fold2,additive_plus_schedule,100.0,deepseek-v2-lite-mixed-long_tail,2,deepseek-v2-lite,8,decode,long_tail,49217.84814453125,25615.28116887952,0.4795530049656242,sglang_custom:all_reduce_one_shot_push,False
workload_cv,fold2,additive_plus_schedule,100.0,qwen3-30b-a3b-chunk-c1024-b1-l1025-m8,2,qwen3-30b-a3b,2,prefill,c1024,2230.83935546875,2392.2129755905635,0.07233762472686216,flashinfer_mnnvl:fused_allreduce_residual_rmsnorm+flashinfer_mnnvl:fused_allreduce_residual_rmsnorm_twoshot+sglang_custom:all_reduce_one_shot_push,False
workload_cv,fold2,additive_plus_schedule,100.0,qwen3-30b-a3b-chunk-c4096-b1-l4097-m8,2,qwen3-30b-a3b,2,prefill,c4096,4265.751953125,5086.543769340371,0.19241433286201187,flashinfer_mnnvl:fused_allreduce_residual_rmsnorm+sglang_custom:all_reduce_one_shot+sglang_custom:all_reduce_one_shot_push,False
workload_cv,fold2,additive_plus_schedule,100.0,qwen3-30b-a3b-mixed-long_tail,2,qwen3-30b-a3b,2,decode,long_tail,83096.12255859375,38769.74452073926,0.5334349747378229,flashinfer_mnnvl:fused_allreduce_residual_rmsnorm+sglang_custom:all_reduce_one_shot_push,False
workload_cv,fold2,additive_plus_schedule,100.0,qwen3-30b-a3b-chunk-c1024-b1-l1025-m8,2,qwen3-30b-a3b,4,prefill,c1024,2314.95361328125,2533.538959572428,0.09442320789372192,flashinfer_mnnvl:fused_allreduce_residual_rmsnorm+flashinfer_mnnvl:fused_allreduce_residual_rmsnorm_twoshot+sglang_custom:all_reduce_one_shot_push+sglang_custom:all_reduce_two_shot,False
workload_cv,fold2,additive_plus_schedule,100.0,qwen3-30b-a3b-chunk-c4096-b1-l4097-m8,2,qwen3-30b-a3b,4,prefill,c4096,5625.73095703125,5387.044105474275,0.042427704662743454,flashinfer_mnnvl:fused_allreduce_residual_rmsnorm+sglang_custom:all_reduce_one_shot_push+sglang_custom:all_reduce_two_shot,False
workload_cv,fold2,additive_plus_schedule,100.0,qwen3-30b-a3b-mixed-long_tail,2,qwen3-30b-a3b,4,decode,long_tail,93031.7568359375,45403.05252669926,0.511961785191609,flashinfer_mnnvl:fused_allreduce_residual_rmsnorm+sglang_custom:all_reduce_one_shot_push,False
workload_cv,fold2,additive_plus_schedule,100.0,qwen3-30b-a3b-chunk-c1024-b1-l1025-m8,2,qwen3-30b-a3b,8,prefill,c1024,2317.28564453125,2802.7320476844757,0.20948923767722374,flashinfer_mnnvl:fused_allreduce_residual_rmsnorm+flashinfer_mnnvl:fused_allreduce_residual_rmsnorm_twoshot+sglang_custom:all_reduce_one_shot_push+sglang_custom:all_reduce_two_shot,False
workload_cv,fold2,additive_plus_schedule,100.0,qwen3-30b-a3b-chunk-c4096-b1-l4097-m8,2,qwen3-30b-a3b,8,prefill,c4096,6545.4384765625,5959.427266613095,0.08952971020165539,flashinfer_mnnvl:fused_allreduce_residual_rmsnorm+sglang_custom:all_reduce_one_shot_push+sglang_custom:all_reduce_two_shot,False
workload_cv,fold2,additive_plus_schedule,100.0,qwen3-30b-a3b-mixed-long_tail,2,qwen3-30b-a3b,8,decode,long_tail,96923.8017578125,50289.01635765417,0.4811489495293075,flashinfer_mnnvl:fused_allreduce_residual_rmsnorm+sglang_custom:all_reduce_one_shot_push,False
workload_cv,fold2,additive_plus_schedule,100.0,qwen3-8b-chunk-c1024-b1-l1025-m8,2,qwen3-8b,2,prefill,c1024,2092.21875,2663.068273186996,0.27284409108129637,sglang_custom:all_reduce_one_shot+sglang_custom:all_reduce_one_shot_push,False
workload_cv,fold2,additive_plus_schedule,100.0,qwen3-8b-chunk-c4096-b1-l4097-m8,2,qwen3-8b,2,prefill,c4096,6682.6064453125,7701.436716802076,0.15246001389236868,nccl:all_reduce+sglang_custom:all_reduce_one_shot_push,False
workload_cv,fold2,additive_plus_schedule,100.0,qwen3-8b-mixed-long_tail,2,qwen3-8b,2,decode,long_tail,48905.96630859375,23010.634551182564,0.5294922830890034,sglang_custom:all_reduce_one_shot_push,False
workload_cv,fold2,additive_plus_schedule,100.0,qwen3-8b-chunk-c1024-b1-l1025-m8,2,qwen3-8b,4,prefill,c1024,2822.17919921875,2820.3957134940724,0.0006319533944447217,sglang_custom:all_reduce_one_shot_push+sglang_custom:all_reduce_two_shot,False
workload_cv,fold2,additive_plus_schedule,100.0,qwen3-8b-chunk-c4096-b1-l4097-m8,2,qwen3-8b,4,prefill,c4096,9250.337890625,8156.418414996159,0.11825724514749913,nccl:all_reduce+sglang_custom:all_reduce_one_shot_push,False
workload_cv,fold2,additive_plus_schedule,100.0,qwen3-8b-mixed-long_tail,2,qwen3-8b,4,decode,long_tail,66028.7802734375,26947.63821931168,0.5918804177857522,sglang_custom:all_reduce_one_shot_push,False
workload_cv,fold2,additive_plus_schedule,100.0,qwen3-8b-chunk-c1024-b1-l1025-m8,2,qwen3-8b,8,prefill,c1024,3184.5107421875,3120.0678495568895,0.020236355863677644,sglang_custom:all_reduce_one_shot_push+sglang_custom:all_reduce_two_shot,False
workload_cv,fold2,additive_plus_schedule,100.0,qwen3-8b-chunk-c4096-b1-l4097-m8,2,qwen3-8b,8,prefill,c4096,11021.55419921875,9023.052595919627,0.18132665930552552,nccl:all_reduce+sglang_custom:all_reduce_one_shot_push,False
workload_cv,fold2,additive_plus_schedule,100.0,qwen3-8b-mixed-long_tail,2,qwen3-8b,8,decode,long_tail,73173.4873046875,29847.557461344786,0.5920987428539196,sglang_custom:all_reduce_one_shot_push,False
workload_cv,fold2,tp_conditioned_plus_schedule,10.0,deepseek-v2-lite-chunk-c1024-b1-l1025-m8,2,deepseek-v2-lite,2,prefill,c1024,1144.5927734375,1282.3090081471514,0.12031897973290091,sglang_custom:all_reduce_one_shot_push,False
workload_cv,fold2,tp_conditioned_plus_schedule,10.0,deepseek-v2-lite-chunk-c4096-b1-l4097-m8,2,deepseek-v2-lite,2,prefill,c4096,2306.1025390625,2498.184024129221,0.08329269050837958,sglang_custom:all_reduce_one_shot+sglang_custom:all_reduce_one_shot_push,False
workload_cv,fold2,tp_conditioned_plus_schedule,10.0,deepseek-v2-lite-mixed-long_tail,2,deepseek-v2-lite,2,decode,long_tail,35508.650390625,20674.344215724534,0.417765981294998,sglang_custom:all_reduce_one_shot_push,False
workload_cv,fold2,tp_conditioned_plus_schedule,10.0,deepseek-v2-lite-chunk-c1024-b1-l1025-m8,2,deepseek-v2-lite,4,prefill,c1024,1477.267578125,1221.7631801101265,0.17295742612801984,sglang_custom:all_reduce_one_shot_push+sglang_custom:all_reduce_two_shot,False
workload_cv,fold2,tp_conditioned_plus_schedule,10.0,deepseek-v2-lite-chunk-c4096-b1-l4097-m8,2,deepseek-v2-lite,4,prefill,c4096,3098.19580078125,2618.783514694201,0.1547391827095495,sglang_custom:all_reduce_one_shot_push+sglang_custom:all_reduce_two_shot,False
workload_cv,fold2,tp_conditioned_plus_schedule,10.0,deepseek-v2-lite-mixed-long_tail,2,deepseek-v2-lite,4,decode,long_tail,42046.10302734375,23503.63802944912,0.44100317658062027,sglang_custom:all_reduce_one_shot_push,False
workload_cv,fold2,tp_conditioned_plus_schedule,10.0,deepseek-v2-lite-chunk-c1024-b1-l1025-m8,2,deepseek-v2-lite,8,prefill,c1024,1740.849609375,1473.2958844028356,0.15369146394456304,sglang_custom:all_reduce_one_shot_push+sglang_custom:all_reduce_two_shot,False
workload_cv,fold2,tp_conditioned_plus_schedule,10.0,deepseek-v2-lite-chunk-c4096-b1-l4097-m8,2,deepseek-v2-lite,8,prefill,c4096,3668.40087890625,3136.583634080328,0.14497249956621036,sglang_custom:all_reduce_one_shot_push+sglang_custom:all_reduce_two_shot,False
workload_cv,fold2,tp_conditioned_plus_schedule,10.0,deepseek-v2-lite-mixed-long_tail,2,deepseek-v2-lite,8,decode,long_tail,49217.84814453125,27004.02207738347,0.45133679964868656,sglang_custom:all_reduce_one_shot_push,False
workload_cv,fold2,tp_conditioned_plus_schedule,10.0,qwen3-30b-a3b-chunk-c1024-b1-l1025-m8,2,qwen3-30b-a3b,2,prefill,c1024,2230.83935546875,1474.5640932990593,0.33900928828233806,flashinfer_mnnvl:fused_allreduce_residual_rmsnorm+flashinfer_mnnvl:fused_allreduce_residual_rmsnorm_twoshot+sglang_custom:all_reduce_one_shot_push,False
workload_cv,fold2,tp_conditioned_plus_schedule,10.0,qwen3-30b-a3b-chunk-c4096-b1-l4097-m8,2,qwen3-30b-a3b,2,prefill,c4096,4265.751953125,3353.76164259299,0.21379356337489458,flashinfer_mnnvl:fused_allreduce_residual_rmsnorm+sglang_custom:all_reduce_one_shot+sglang_custom:all_reduce_one_shot_push,False
workload_cv,fold2,tp_conditioned_plus_schedule,10.0,qwen3-30b-a3b-mixed-long_tail,2,qwen3-30b-a3b,2,decode,long_tail,83096.12255859375,45241.38505949594,0.45555359664833,flashinfer_mnnvl:fused_allreduce_residual_rmsnorm+sglang_custom:all_reduce_one_shot_push,False
workload_cv,fold2,tp_conditioned_plus_schedule,10.0,qwen3-30b-a3b-chunk-c1024-b1-l1025-m8,2,qwen3-30b-a3b,4,prefill,c1024,2314.95361328125,1179.9264488148083,0.4903023360617741,flashinfer_mnnvl:fused_allreduce_residual_rmsnorm+flashinfer_mnnvl:fused_allreduce_residual_rmsnorm_twoshot+sglang_custom:all_reduce_one_shot_push+sglang_custom:all_reduce_two_shot,False
workload_cv,fold2,tp_conditioned_plus_schedule,10.0,qwen3-30b-a3b-chunk-c4096-b1-l4097-m8,2,qwen3-30b-a3b,4,prefill,c4096,5625.73095703125,3460.5230083388624,0.38487584373124517,flashinfer_mnnvl:fused_allreduce_residual_rmsnorm+sglang_custom:all_reduce_one_shot_push+sglang_custom:all_reduce_two_shot,False
workload_cv,fold2,tp_conditioned_plus_schedule,10.0,qwen3-30b-a3b-mixed-long_tail,2,qwen3-30b-a3b,4,decode,long_tail,93031.7568359375,49938.460681539524,0.4632106027019727,flashinfer_mnnvl:fused_allreduce_residual_rmsnorm+sglang_custom:all_reduce_one_shot_push,False
workload_cv,fold2,tp_conditioned_plus_schedule,10.0,qwen3-30b-a3b-chunk-c1024-b1-l1025-m8,2,qwen3-30b-a3b,8,prefill,c1024,2317.28564453125,1180.105032418262,0.4907382112329193,flashinfer_mnnvl:fused_allreduce_residual_rmsnorm+flashinfer_mnnvl:fused_allreduce_residual_rmsnorm_twoshot+sglang_custom:all_reduce_one_shot_push+sglang_custom:all_reduce_two_shot,False
workload_cv,fold2,tp_conditioned_plus_schedule,10.0,qwen3-30b-a3b-chunk-c4096-b1-l4097-m8,2,qwen3-30b-a3b,8,prefill,c4096,6545.4384765625,4052.4392891705797,0.3808758108900874,flashinfer_mnnvl:fused_allreduce_residual_rmsnorm+sglang_custom:all_reduce_one_shot_push+sglang_custom:all_reduce_two_shot,False
workload_cv,fold2,tp_conditioned_plus_schedule,10.0,qwen3-30b-a3b-mixed-long_tail,2,qwen3-30b-a3b,8,decode,long_tail,96923.8017578125,51633.20911909767,0.4672803977694179,flashinfer_mnnvl:fused_allreduce_residual_rmsnorm+sglang_custom:all_reduce_one_shot_push,False
workload_cv,fold2,tp_conditioned_plus_schedule,10.0,qwen3-8b-chunk-c1024-b1-l1025-m8,2,qwen3-8b,2,prefill,c1024,2092.21875,1668.1758676681236,0.20267616965571902,sglang_custom:all_reduce_one_shot+sglang_custom:all_reduce_one_shot_push,False
workload_cv,fold2,tp_conditioned_plus_schedule,10.0,qwen3-8b-chunk-c4096-b1-l4097-m8,2,qwen3-8b,2,prefill,c4096,6682.6064453125,6505.723021984834,0.026469226457550885,nccl:all_reduce+sglang_custom:all_reduce_one_shot_push,False
workload_cv,fold2,tp_conditioned_plus_schedule,10.0,qwen3-8b-mixed-long_tail,2,qwen3-8b,2,decode,long_tail,48905.96630859375,27959.46604246393,0.4283015314319452,sglang_custom:all_reduce_one_shot_push,False
workload_cv,fold2,tp_conditioned_plus_schedule,10.0,qwen3-8b-chunk-c1024-b1-l1025-m8,2,qwen3-8b,4,prefill,c1024,2822.17919921875,1865.3843808705112,0.33902695428167834,sglang_custom:all_reduce_one_shot_push+sglang_custom:all_reduce_two_shot,False
workload_cv,fold2,tp_conditioned_plus_schedule,10.0,qwen3-8b-chunk-c4096-b1-l4097-m8,2,qwen3-8b,4,prefill,c4096,9250.337890625,8212.428645387636,0.1122023062843208,nccl:all_reduce+sglang_custom:all_reduce_one_shot_push,False
workload_cv,fold2,tp_conditioned_plus_schedule,10.0,qwen3-8b-mixed-long_tail,2,qwen3-8b,4,decode,long_tail,66028.7802734375,32720.518599777184,0.5044506582693878,sglang_custom:all_reduce_one_shot_push,False
workload_cv,fold2,tp_conditioned_plus_schedule,10.0,qwen3-8b-chunk-c1024-b1-l1025-m8,2,qwen3-8b,8,prefill,c1024,3184.5107421875,2139.159175743769,0.3282612781282877,sglang_custom:all_reduce_one_shot_push+sglang_custom:all_reduce_two_shot,False
workload_cv,fold2,tp_conditioned_plus_schedule,10.0,qwen3-8b-chunk-c4096-b1-l4097-m8,2,qwen3-8b,8,prefill,c4096,11021.55419921875,10274.159784967134,0.06781207085154958,nccl:all_reduce+sglang_custom:all_reduce_one_shot_push,False
workload_cv,fold2,tp_conditioned_plus_schedule,10.0,qwen3-8b-mixed-long_tail,2,qwen3-8b,8,decode,long_tail,73173.4873046875,37825.39223058463,0.48307244025307605,sglang_custom:all_reduce_one_shot_push,False
workload_cv,fold2,tp_conditioned_plus_schedule_tp,100.0,deepseek-v2-lite-chunk-c1024-b1-l1025-m8,2,deepseek-v2-lite,2,prefill,c1024,1144.5927734375,2726.6700106438284,1.3822184395371924,sglang_custom:all_reduce_one_shot_push,False
workload_cv,fold2,tp_conditioned_plus_schedule_tp,100.0,deepseek-v2-lite-chunk-c4096-b1-l4097-m8,2,deepseek-v2-lite,2,prefill,c4096,2306.1025390625,3998.1632551875537,0.7337317779516115,sglang_custom:all_reduce_one_shot+sglang_custom:all_reduce_one_shot_push,False
workload_cv,fold2,tp_conditioned_plus_schedule_tp,100.0,deepseek-v2-lite-mixed-long_tail,2,deepseek-v2-lite,2,decode,long_tail,35508.650390625,18643.63654120463,0.47495507894248423,sglang_custom:all_reduce_one_shot_push,False
workload_cv,fold2,tp_conditioned_plus_schedule_tp,100.0,deepseek-v2-lite-chunk-c1024-b1-l1025-m8,2,deepseek-v2-lite,4,prefill,c1024,1477.267578125,2215.134055174246,0.499480586980574,sglang_custom:all_reduce_one_shot_push+sglang_custom:all_reduce_two_shot,False
workload_cv,fold2,tp_conditioned_plus_schedule_tp,100.0,deepseek-v2-lite-chunk-c4096-b1-l4097-m8,2,deepseek-v2-lite,4,prefill,c4096,3098.19580078125,3959.669299737879,0.27805650589914216,sglang_custom:all_reduce_one_shot_push+sglang_custom:all_reduce_two_shot,False
workload_cv,fold2,tp_conditioned_plus_schedule_tp,100.0,deepseek-v2-lite-mixed-long_tail,2,deepseek-v2-lite,4,decode,long_tail,42046.10302734375,23233.669931613786,0.4474239404183478,sglang_custom:all_reduce_one_shot_push,False
workload_cv,fold2,tp_conditioned_plus_schedule_tp,100.0,deepseek-v2-lite-chunk-c1024-b1-l1025-m8,2,deepseek-v2-lite,8,prefill,c1024,1740.849609375,2567.603597378831,0.47491407847726286,sglang_custom:all_reduce_one_shot_push+sglang_custom:all_reduce_two_shot,False
workload_cv,fold2,tp_conditioned_plus_schedule_tp,100.0,deepseek-v2-lite-chunk-c4096-b1-l4097-m8,2,deepseek-v2-lite,8,prefill,c4096,3668.40087890625,4681.192817569064,0.2760854039934649,sglang_custom:all_reduce_one_shot_push+sglang_custom:all_reduce_two_shot,False
workload_cv,fold2,tp_conditioned_plus_schedule_tp,100.0,deepseek-v2-lite-mixed-long_tail,2,deepseek-v2-lite,8,decode,long_tail,49217.84814453125,26606.122307429167,0.4594212605699736,sglang_custom:all_reduce_one_shot_push,False
workload_cv,fold2,tp_conditioned_plus_schedule_tp,100.0,qwen3-30b-a3b-chunk-c1024-b1-l1025-m8,2,qwen3-30b-a3b,2,prefill,c1024,2230.83935546875,2740.023083482584,0.2282475996156356,flashinfer_mnnvl:fused_allreduce_residual_rmsnorm+flashinfer_mnnvl:fused_allreduce_residual_rmsnorm_twoshot+sglang_custom:all_reduce_one_shot_push,False
workload_cv,fold2,tp_conditioned_plus_schedule_tp,100.0,qwen3-30b-a3b-chunk-c4096-b1-l4097-m8,2,qwen3-30b-a3b,2,prefill,c4096,4265.751953125,4861.926958422607,0.13975847912602174,flashinfer_mnnvl:fused_allreduce_residual_rmsnorm+sglang_custom:all_reduce_one_shot+sglang_custom:all_reduce_one_shot_push,False
workload_cv,fold2,tp_conditioned_plus_schedule_tp,100.0,qwen3-30b-a3b-mixed-long_tail,2,qwen3-30b-a3b,2,decode,long_tail,83096.12255859375,35890.334999128885,0.5680865256520068,flashinfer_mnnvl:fused_allreduce_residual_rmsnorm+sglang_custom:all_reduce_one_shot_push,False
workload_cv,fold2,tp_conditioned_plus_schedule_tp,100.0,qwen3-30b-a3b-chunk-c1024-b1-l1025-m8,2,qwen3-30b-a3b,4,prefill,c1024,2314.95361328125,2003.4395882121757,0.13456599012691645,flashinfer_mnnvl:fused_allreduce_residual_rmsnorm+flashinfer_mnnvl:fused_allreduce_residual_rmsnorm_twoshot+sglang_custom:all_reduce_one_shot_push+sglang_custom:all_reduce_two_shot,False
workload_cv,fold2,tp_conditioned_plus_schedule_tp,100.0,qwen3-30b-a3b-chunk-c4096-b1-l4097-m8,2,qwen3-30b-a3b,4,prefill,c4096,5625.73095703125,4848.13376551484,0.13822153911298227,flashinfer_mnnvl:fused_allreduce_residual_rmsnorm+sglang_custom:all_reduce_one_shot_push+sglang_custom:all_reduce_two_shot,False
workload_cv,fold2,tp_conditioned_plus_schedule_tp,100.0,qwen3-30b-a3b-mixed-long_tail,2,qwen3-30b-a3b,4,decode,long_tail,93031.7568359375,48590.23326217516,0.47770272308342454,flashinfer_mnnvl:fused_allreduce_residual_rmsnorm+sglang_custom:all_reduce_one_shot_push,False
workload_cv,fold2,tp_conditioned_plus_schedule_tp,100.0,qwen3-30b-a3b-chunk-c1024-b1-l1025-m8,2,qwen3-30b-a3b,8,prefill,c1024,2317.28564453125,2047.4174276601705,0.11645876178794073,flashinfer_mnnvl:fused_allreduce_residual_rmsnorm+flashinfer_mnnvl:fused_allreduce_residual_rmsnorm_twoshot+sglang_custom:all_reduce_one_shot_push+sglang_custom:all_reduce_two_shot,False
workload_cv,fold2,tp_conditioned_plus_schedule_tp,100.0,qwen3-30b-a3b-chunk-c4096-b1-l4097-m8,2,qwen3-30b-a3b,8,prefill,c4096,6545.4384765625,5565.022693608591,0.14978611233831332,flashinfer_mnnvl:fused_allreduce_residual_rmsnorm+sglang_custom:all_reduce_one_shot_push+sglang_custom:all_reduce_two_shot,False
workload_cv,fold2,tp_conditioned_plus_schedule_tp,100.0,qwen3-30b-a3b-mixed-long_tail,2,qwen3-30b-a3b,8,decode,long_tail,96923.8017578125,50200.67723125567,0.48206037814432645,flashinfer_mnnvl:fused_allreduce_residual_rmsnorm+sglang_custom:all_reduce_one_shot_push,False
workload_cv,fold2,tp_conditioned_plus_schedule_tp,100.0,qwen3-8b-chunk-c1024-b1-l1025-m8,2,qwen3-8b,2,prefill,c1024,2092.21875,2777.241703694877,0.32741459452787947,sglang_custom:all_reduce_one_shot+sglang_custom:all_reduce_one_shot_push,False
workload_cv,fold2,tp_conditioned_plus_schedule_tp,100.0,qwen3-8b-chunk-c4096-b1-l4097-m8,2,qwen3-8b,2,prefill,c4096,6682.6064453125,6672.053401072566,0.001579180866970916,nccl:all_reduce+sglang_custom:all_reduce_one_shot_push,False
workload_cv,fold2,tp_conditioned_plus_schedule_tp,100.0,qwen3-8b-mixed-long_tail,2,qwen3-8b,2,decode,long_tail,48905.96630859375,21259.112628721334,0.5653063576215304,sglang_custom:all_reduce_one_shot_push,False
workload_cv,fold2,tp_conditioned_plus_schedule_tp,100.0,qwen3-8b-chunk-c1024-b1-l1025-m8,2,qwen3-8b,4,prefill,c1024,2822.17919921875,2288.497119590541,0.18910283222835236,sglang_custom:all_reduce_one_shot_push+sglang_custom:all_reduce_two_shot,False
workload_cv,fold2,tp_conditioned_plus_schedule_tp,100.0,qwen3-8b-chunk-c4096-b1-l4097-m8,2,qwen3-8b,4,prefill,c4096,9250.337890625,8260.219034147458,0.10703596648950567,nccl:all_reduce+sglang_custom:all_reduce_one_shot_push,False
workload_cv,fold2,tp_conditioned_plus_schedule_tp,100.0,qwen3-8b-mixed-long_tail,2,qwen3-8b,4,decode,long_tail,66028.7802734375,26958.244607249915,0.5917197849845053,sglang_custom:all_reduce_one_shot_push,False
workload_cv,fold2,tp_conditioned_plus_schedule_tp,100.0,qwen3-8b-chunk-c1024-b1-l1025-m8,2,qwen3-8b,8,prefill,c1024,3184.5107421875,2678.7713873394873,0.15881226216263628,sglang_custom:all_reduce_one_shot_push+sglang_custom:all_reduce_two_shot,False
workload_cv,fold2,tp_conditioned_plus_schedule_tp,100.0,qwen3-8b-chunk-c4096-b1-l4097-m8,2,qwen3-8b,8,prefill,c4096,11021.55419921875,10262.14131668153,0.06890252216797618,nccl:all_reduce+sglang_custom:all_reduce_one_shot_push,False
workload_cv,fold2,tp_conditioned_plus_schedule_tp,100.0,qwen3-8b-mixed-long_tail,2,qwen3-8b,8,decode,long_tail,73173.4873046875,31074.737650072304,0.5753279118612998,sglang_custom:all_reduce_one_shot_push,False
workload_cv,fold3,additive_tp_phase,0.1,deepseek-v2-lite-chunk-c1024-b4-l1023-m8,3,deepseek-v2-lite,2,prefill,c1024,2063.7080078125,2158.9901190693854,0.04617034526986356,sglang_custom:all_reduce_one_shot,False
workload_cv,fold3,additive_tp_phase,0.1,deepseek-v2-lite-chunk-c4096-b4-l4095-m8,3,deepseek-v2-lite,2,prefill,c4096,8369.2412109375,7987.363452778372,0.045628719322853714,nccl:all_reduce,False
workload_cv,fold3,additive_tp_phase,0.1,deepseek-v2-lite-mixed-staircase,3,deepseek-v2-lite,2,decode,staircase,21084.54296875,21182.647487790848,0.004652911812518353,sglang_custom:all_reduce_one_shot_push,False
workload_cv,fold3,additive_tp_phase,0.1,deepseek-v2-lite-chunk-c1024-b4-l1023-m8,3,deepseek-v2-lite,4,prefill,c1024,2776.5517578125,2781.7158728372756,0.0018599023087702566,sglang_custom:all_reduce_two_shot,False
workload_cv,fold3,additive_tp_phase,0.1,deepseek-v2-lite-chunk-c4096-b4-l4095-m8,3,deepseek-v2-lite,4,prefill,c4096,10153.94677734375,10291.189154812379,0.013516160807032598,nccl:all_reduce,False
workload_cv,fold3,additive_tp_phase,0.1,deepseek-v2-lite-mixed-staircase,3,deepseek-v2-lite,4,decode,staircase,21569.6650390625,25420.0858366877,0.17851092219800896,sglang_custom:all_reduce_one_shot_push,False
workload_cv,fold3,additive_tp_phase,0.1,deepseek-v2-lite-chunk-c1024-b4-l1023-m8,3,deepseek-v2-lite,8,prefill,c1024,3297.10693359375,3262.362080378289,0.01053798190815423,sglang_custom:all_reduce_two_shot,False
workload_cv,fold3,additive_tp_phase,0.1,deepseek-v2-lite-chunk-c4096-b4-l4095-m8,3,deepseek-v2-lite,8,prefill,c4096,14065.85107421875,12069.37976250466,0.1419374697755342,nccl:all_reduce,False
workload_cv,fold3,additive_tp_phase,0.1,deepseek-v2-lite-mixed-staircase,3,deepseek-v2-lite,8,decode,staircase,25272.1787109375,28070.518750798485,0.11072808845918362,sglang_custom:all_reduce_one_shot_push,False
workload_cv,fold3,additive_tp_phase,0.1,qwen3-30b-a3b-chunk-c1024-b4-l1023-m8,3,qwen3-30b-a3b,2,prefill,c1024,3643.80078125,3693.2527072925036,0.013571522981434566,sglang_custom:all_reduce_one_shot,False
workload_cv,fold3,additive_tp_phase,0.1,qwen3-30b-a3b-chunk-c4096-b4-l4095-m8,3,qwen3-30b-a3b,2,prefill,c4096,14826.00830078125,15073.256386955407,0.016676645605353417,nccl:all_reduce,False
workload_cv,fold3,additive_tp_phase,0.1,qwen3-30b-a3b-mixed-staircase,3,qwen3-30b-a3b,2,decode,staircase,44112.15478515625,45336.480989518845,0.027754849209374387,flashinfer_mnnvl:fused_allreduce_residual_rmsnorm+sglang_custom:all_reduce_one_shot_push,False
workload_cv,fold3,additive_tp_phase,0.1,qwen3-30b-a3b-chunk-c1024-b4-l1023-m8,3,qwen3-30b-a3b,4,prefill,c1024,4892.48779296875,4758.511670587515,0.027384048371828097,sglang_custom:all_reduce_two_shot,False
workload_cv,fold3,additive_tp_phase,0.1,qwen3-30b-a3b-chunk-c4096-b4-l4095-m8,3,qwen3-30b-a3b,4,prefill,c4096,17961.0302734375,19420.893211411763,0.0812794653619202,nccl:all_reduce,False
workload_cv,fold3,additive_tp_phase,0.1,qwen3-30b-a3b-mixed-staircase,3,qwen3-30b-a3b,4,decode,staircase,48850.04052734375,54405.72237021727,0.11372931901179764,flashinfer_mnnvl:fused_allreduce_residual_rmsnorm+sglang_custom:all_reduce_one_shot_push,False
workload_cv,fold3,additive_tp_phase,0.1,qwen3-30b-a3b-chunk-c1024-b4-l1023-m8,3,qwen3-30b-a3b,8,prefill,c1024,5812.40673828125,5580.7238204124,0.03986006628595986,sglang_custom:all_reduce_two_shot,False
workload_cv,fold3,additive_tp_phase,0.1,qwen3-30b-a3b-chunk-c4096-b4-l4095-m8,3,qwen3-30b-a3b,8,prefill,c4096,24895.88916015625,22776.584121570413,0.08512670605786614,nccl:all_reduce,False
workload_cv,fold3,additive_tp_phase,0.1,qwen3-30b-a3b-mixed-staircase,3,qwen3-30b-a3b,8,decode,staircase,50780.8515625,60078.35141688562,0.18309066445926875,flashinfer_mnnvl:fused_allreduce_residual_rmsnorm+sglang_custom:all_reduce_one_shot_push,False
workload_cv,fold3,additive_tp_phase,0.1,qwen3-8b-chunk-c1024-b4-l1023-m8,3,qwen3-8b,2,prefill,c1024,6368.390625,6701.608123322759,0.05232365882436094,nccl:all_reduce,False
workload_cv,fold3,additive_tp_phase,0.1,qwen3-8b-chunk-c4096-b4-l4095-m8,3,qwen3-8b,2,prefill,c4096,21303.6640625,20483.86471895605,0.038481612418354356,nccl:all_reduce,False
workload_cv,fold3,additive_tp_phase,0.1,qwen3-8b-mixed-staircase,3,qwen3-8b,2,decode,staircase,25383.18408203125,35915.21919185689,0.4149217480277137,sglang_custom:all_reduce_one_shot_push,False
workload_cv,fold3,additive_tp_phase,0.1,qwen3-8b-chunk-c1024-b4-l1023-m8,3,qwen3-8b,4,prefill,c1024,8811.62744140625,8634.578512206259,0.020092648080878895,nccl:all_reduce,False
workload_cv,fold3,additive_tp_phase,0.1,qwen3-8b-chunk-c4096-b4-l4095-m8,3,qwen3-8b,4,prefill,c4096,25922.70703125,26392.103939008477,0.018107557485898977,nccl:all_reduce,False
workload_cv,fold3,additive_tp_phase,0.1,qwen3-8b-mixed-staircase,3,qwen3-8b,4,decode,staircase,32638.03173828125,43099.80398940537,0.320539312389156,sglang_custom:all_reduce_one_shot_push,False
workload_cv,fold3,additive_tp_phase,0.1,qwen3-8b-chunk-c1024-b4-l1023-m8,3,qwen3-8b,8,prefill,c1024,10688.50830078125,10126.527224917181,0.05257806422089714,nccl:all_reduce,False
workload_cv,fold3,additive_tp_phase,0.1,qwen3-8b-chunk-c4096-b4-l4095-m8,3,qwen3-8b,8,prefill,c4096,27729.91357421875,30952.33411606608,0.11620737775552607,nccl:all_reduce,False
workload_cv,fold3,additive_tp_phase,0.1,qwen3-8b-mixed-staircase,3,qwen3-8b,8,decode,staircase,38384.81005859375,47593.61804727829,0.23990760862506422,sglang_custom:all_reduce_one_shot_push,False
workload_cv,fold3,tp_conditioned_pattern,0.1,deepseek-v2-lite-chunk-c1024-b4-l1023-m8,3,deepseek-v2-lite,2,prefill,c1024,2063.7080078125,2117.056146945582,0.025850623698277075,sglang_custom:all_reduce_one_shot,False
workload_cv,fold3,tp_conditioned_pattern,0.1,deepseek-v2-lite-chunk-c4096-b4-l4095-m8,3,deepseek-v2-lite,2,prefill,c4096,8369.2412109375,7847.81446084638,0.06230275086464036,nccl:all_reduce,False
workload_cv,fold3,tp_conditioned_pattern,0.1,deepseek-v2-lite-mixed-staircase,3,deepseek-v2-lite,2,decode,staircase,21084.54296875,21348.34866195979,0.012511805145636008,sglang_custom:all_reduce_one_shot_push,False
workload_cv,fold3,tp_conditioned_pattern,0.1,deepseek-v2-lite-chunk-c1024-b4-l1023-m8,3,deepseek-v2-lite,4,prefill,c1024,2776.5517578125,2792.0876314068205,0.005595384112904272,sglang_custom:all_reduce_two_shot,False
workload_cv,fold3,tp_conditioned_pattern,0.1,deepseek-v2-lite-chunk-c4096-b4-l4095-m8,3,deepseek-v2-lite,4,prefill,c4096,10153.94677734375,9658.319080963543,0.04881133486794399,nccl:all_reduce,False
workload_cv,fold3,tp_conditioned_pattern,0.1,deepseek-v2-lite-mixed-staircase,3,deepseek-v2-lite,4,decode,staircase,21569.6650390625,24898.873343284373,0.15434677813460254,sglang_custom:all_reduce_one_shot_push,False
workload_cv,fold3,tp_conditioned_pattern,0.1,deepseek-v2-lite-chunk-c1024-b4-l1023-m8,3,deepseek-v2-lite,8,prefill,c1024,3297.10693359375,3319.0668678346583,0.0066603645811913696,sglang_custom:all_reduce_two_shot,False
workload_cv,fold3,tp_conditioned_pattern,0.1,deepseek-v2-lite-chunk-c4096-b4-l4095-m8,3,deepseek-v2-lite,8,prefill,c4096,14065.85107421875,13097.005209109091,0.06887929212370612,nccl:all_reduce,False
workload_cv,fold3,tp_conditioned_pattern,0.1,deepseek-v2-lite-mixed-staircase,3,deepseek-v2-lite,8,decode,staircase,25272.1787109375,28030.724456342814,0.10915345989585963,sglang_custom:all_reduce_one_shot_push,False
workload_cv,fold3,tp_conditioned_pattern,0.1,qwen3-30b-a3b-chunk-c1024-b4-l1023-m8,3,qwen3-30b-a3b,2,prefill,c1024,3643.80078125,3530.3643485870634,0.03113134868586926,sglang_custom:all_reduce_one_shot,False
workload_cv,fold3,tp_conditioned_pattern,0.1,qwen3-30b-a3b-chunk-c4096-b4-l4095-m8,3,qwen3-30b-a3b,2,prefill,c4096,14826.00830078125,14453.026216740884,0.025157282828494856,nccl:all_reduce,False
workload_cv,fold3,tp_conditioned_pattern,0.1,qwen3-30b-a3b-mixed-staircase,3,qwen3-30b-a3b,2,decode,staircase,44112.15478515625,48056.23598247875,0.08941030463217552,flashinfer_mnnvl:fused_allreduce_residual_rmsnorm+sglang_custom:all_reduce_one_shot_push,False
workload_cv,fold3,tp_conditioned_pattern,0.1,qwen3-30b-a3b-chunk-c1024-b4-l1023-m8,3,qwen3-30b-a3b,4,prefill,c1024,4892.48779296875,4863.745392491558,0.005874802696186418,sglang_custom:all_reduce_two_shot,False
workload_cv,fold3,tp_conditioned_pattern,0.1,qwen3-30b-a3b-chunk-c4096-b4-l4095-m8,3,qwen3-30b-a3b,4,prefill,c4096,17961.0302734375,18410.989301691152,0.025051960906668846,nccl:all_reduce,False
workload_cv,fold3,tp_conditioned_pattern,0.1,qwen3-30b-a3b-mixed-staircase,3,qwen3-30b-a3b,4,decode,staircase,48850.04052734375,54121.70208773186,0.10791519318059319,flashinfer_mnnvl:fused_allreduce_residual_rmsnorm+sglang_custom:all_reduce_one_shot_push,False
workload_cv,fold3,tp_conditioned_pattern,0.1,qwen3-30b-a3b-chunk-c1024-b4-l1023-m8,3,qwen3-30b-a3b,8,prefill,c1024,5812.40673828125,5714.07904978185,0.016916863001310893,sglang_custom:all_reduce_two_shot,False
workload_cv,fold3,tp_conditioned_pattern,0.1,qwen3-30b-a3b-chunk-c4096-b4-l4095-m8,3,qwen3-30b-a3b,8,prefill,c4096,24895.88916015625,25043.7491131729,0.005939131238312529,nccl:all_reduce,False
workload_cv,fold3,tp_conditioned_pattern,0.1,qwen3-30b-a3b-mixed-staircase,3,qwen3-30b-a3b,8,decode,staircase,50780.8515625,55521.09556194888,0.09334707578928032,flashinfer_mnnvl:fused_allreduce_residual_rmsnorm+sglang_custom:all_reduce_one_shot_push,False
workload_cv,fold3,tp_conditioned_pattern,0.1,qwen3-8b-chunk-c1024-b4-l1023-m8,3,qwen3-8b,2,prefill,c1024,6368.390625,6352.214806788851,0.0025400166484211084,nccl:all_reduce,False
workload_cv,fold3,tp_conditioned_pattern,0.1,qwen3-8b-chunk-c4096-b4-l4095-m8,3,qwen3-8b,2,prefill,c4096,21303.6640625,22054.21397640052,0.035231024658414614,nccl:all_reduce,False
workload_cv,fold3,tp_conditioned_pattern,0.1,qwen3-8b-mixed-staircase,3,qwen3-8b,2,decode,staircase,25383.18408203125,35590.13662264574,0.4021147428797157,sglang_custom:all_reduce_one_shot_push,False
workload_cv,fold3,tp_conditioned_pattern,0.1,qwen3-8b-chunk-c1024-b4-l1023-m8,3,qwen3-8b,4,prefill,c1024,8811.62744140625,8726.50474604427,0.009660269448295691,nccl:all_reduce,False
workload_cv,fold3,tp_conditioned_pattern,0.1,qwen3-8b-chunk-c4096-b4-l4095-m8,3,qwen3-8b,4,prefill,c4096,25922.70703125,26615.50037386608,0.026725347078178006,nccl:all_reduce,False
workload_cv,fold3,tp_conditioned_pattern,0.1,qwen3-8b-mixed-staircase,3,qwen3-8b,4,decode,staircase,32638.03173828125,42152.97615320636,0.29152935726099555,sglang_custom:all_reduce_one_shot_push,False
workload_cv,fold3,tp_conditioned_pattern,0.1,qwen3-8b-chunk-c1024-b4-l1023-m8,3,qwen3-8b,8,prefill,c1024,10688.50830078125,10575.268327186055,0.010594553553082604,nccl:all_reduce,False
workload_cv,fold3,tp_conditioned_pattern,0.1,qwen3-8b-chunk-c4096-b4-l4095-m8,3,qwen3-8b,8,prefill,c4096,27729.91357421875,28530.079057015628,0.028855678927929052,nccl:all_reduce,False
workload_cv,fold3,tp_conditioned_pattern,0.1,qwen3-8b-mixed-staircase,3,qwen3-8b,8,decode,staircase,38384.81005859375,48416.49569596909,0.2613451941552438,sglang_custom:all_reduce_one_shot_push,False
workload_cv,fold3,additive_plus_schedule,0.1,deepseek-v2-lite-chunk-c1024-b4-l1023-m8,3,deepseek-v2-lite,2,prefill,c1024,2063.7080078125,2183.5601281645427,0.058076103740608225,sglang_custom:all_reduce_one_shot,False
workload_cv,fold3,additive_plus_schedule,0.1,deepseek-v2-lite-chunk-c4096-b4-l4095-m8,3,deepseek-v2-lite,2,prefill,c4096,8369.2412109375,8283.319811290243,0.010266330899265898,nccl:all_reduce,False
workload_cv,fold3,additive_plus_schedule,0.1,deepseek-v2-lite-mixed-staircase,3,deepseek-v2-lite,2,decode,staircase,21084.54296875,47157.777162117585,1.2366041906628693,sglang_custom:all_reduce_one_shot_push,False
workload_cv,fold3,additive_plus_schedule,0.1,deepseek-v2-lite-chunk-c1024-b4-l1023-m8,3,deepseek-v2-lite,4,prefill,c1024,2776.5517578125,2814.6970755450366,0.013738378052995227,sglang_custom:all_reduce_two_shot,False
workload_cv,fold3,additive_plus_schedule,0.1,deepseek-v2-lite-chunk-c4096-b4-l4095-m8,3,deepseek-v2-lite,4,prefill,c4096,10153.94677734375,10677.533330964909,0.051564831400281154,nccl:all_reduce,False
workload_cv,fold3,additive_plus_schedule,0.1,deepseek-v2-lite-mixed-staircase,3,deepseek-v2-lite,4,decode,staircase,21569.6650390625,56537.99542281044,1.6211809650460756,sglang_custom:all_reduce_one_shot_push,False
workload_cv,fold3,additive_plus_schedule,0.1,deepseek-v2-lite-chunk-c1024-b4-l1023-m8,3,deepseek-v2-lite,8,prefill,c1024,3297.10693359375,3301.042028294492,0.0011934992646577035,sglang_custom:all_reduce_two_shot,False
workload_cv,fold3,additive_plus_schedule,0.1,deepseek-v2-lite-chunk-c4096-b4-l4095-m8,3,deepseek-v2-lite,8,prefill,c4096,14065.85107421875,12522.47944912695,0.10972472386833677,nccl:all_reduce,False
workload_cv,fold3,additive_plus_schedule,0.1,deepseek-v2-lite-mixed-staircase,3,deepseek-v2-lite,8,decode,staircase,25272.1787109375,62432.94656220457,1.4704220113473765,sglang_custom:all_reduce_one_shot_push,False
workload_cv,fold3,additive_plus_schedule,0.1,qwen3-30b-a3b-chunk-c1024-b4-l1023-m8,3,qwen3-30b-a3b,2,prefill,c1024,3643.80078125,3598.3028890194123,0.012486383027499028,sglang_custom:all_reduce_one_shot,False
workload_cv,fold3,additive_plus_schedule,0.1,qwen3-30b-a3b-chunk-c4096-b4-l4095-m8,3,qwen3-30b-a3b,2,prefill,c4096,14826.00830078125,14906.397750056143,0.005422191033756342,nccl:all_reduce,False
workload_cv,fold3,additive_plus_schedule,0.1,qwen3-30b-a3b-mixed-staircase,3,qwen3-30b-a3b,2,decode,staircase,44112.15478515625,102662.75574669921,1.3273121942627308,flashinfer_mnnvl:fused_allreduce_residual_rmsnorm+sglang_custom:all_reduce_one_shot_push,False
workload_cv,fold3,additive_plus_schedule,0.1,qwen3-30b-a3b-chunk-c1024-b4-l1023-m8,3,qwen3-30b-a3b,4,prefill,c1024,4892.48779296875,4638.35755563173,0.051942947655841634,sglang_custom:all_reduce_two_shot,False
workload_cv,fold3,additive_plus_schedule,0.1,qwen3-30b-a3b-chunk-c4096-b4-l4095-m8,3,qwen3-30b-a3b,4,prefill,c4096,17961.0302734375,19214.9479250944,0.069813236354894,nccl:all_reduce,False
workload_cv,fold3,additive_plus_schedule,0.1,qwen3-30b-a3b-mixed-staircase,3,qwen3-30b-a3b,4,decode,staircase,48850.04052734375,123083.54557395652,1.5196201322506715,flashinfer_mnnvl:fused_allreduce_residual_rmsnorm+sglang_custom:all_reduce_one_shot_push,False
workload_cv,fold3,additive_plus_schedule,0.1,qwen3-30b-a3b-chunk-c1024-b4-l1023-m8,3,qwen3-30b-a3b,8,prefill,c1024,5812.40673828125,5439.808555751156,0.06410394167292442,sglang_custom:all_reduce_two_shot,False
workload_cv,fold3,additive_plus_schedule,0.1,qwen3-30b-a3b-chunk-c4096-b4-l4095-m8,3,qwen3-30b-a3b,8,prefill,c4096,24895.88916015625,22535.054028840466,0.09482831145850774,nccl:all_reduce,False
workload_cv,fold3,additive_plus_schedule,0.1,qwen3-30b-a3b-mixed-staircase,3,qwen3-30b-a3b,8,decode,staircase,50780.8515625,135916.88856384865,1.6765381907108237,flashinfer_mnnvl:fused_allreduce_residual_rmsnorm+sglang_custom:all_reduce_one_shot_push,False
workload_cv,fold3,additive_plus_schedule,0.1,qwen3-8b-chunk-c1024-b4-l1023-m8,3,qwen3-8b,2,prefill,c1024,6368.390625,6748.993669480208,0.059764399970394115,nccl:all_reduce,False
workload_cv,fold3,additive_plus_schedule,0.1,qwen3-8b-chunk-c4096-b4-l4095-m8,3,qwen3-8b,2,prefill,c4096,21303.6640625,20865.947443362908,0.020546541564537144,nccl:all_reduce,False
workload_cv,fold3,additive_plus_schedule,0.1,qwen3-8b-mixed-staircase,3,qwen3-8b,2,decode,staircase,25383.18408203125,81869.78618262512,2.2253552555914653,sglang_custom:all_reduce_one_shot_push,False
workload_cv,fold3,additive_plus_schedule,0.1,qwen3-8b-chunk-c1024-b4-l1023-m8,3,qwen3-8b,4,prefill,c1024,8811.62744140625,8699.725049626126,0.012699401163318547,nccl:all_reduce,False
workload_cv,fold3,additive_plus_schedule,0.1,qwen3-8b-chunk-c4096-b4-l4095-m8,3,qwen3-8b,4,prefill,c4096,25922.70703125,26897.04784849611,0.03758638386305624,nccl:all_reduce,False
workload_cv,fold3,additive_plus_schedule,0.1,qwen3-8b-mixed-staircase,3,qwen3-8b,4,decode,staircase,32638.03173828125,98154.6178596828,2.007369397970066,sglang_custom:all_reduce_one_shot_push,False
workload_cv,fold3,additive_plus_schedule,0.1,qwen3-8b-chunk-c1024-b4-l1023-m8,3,qwen3-8b,8,prefill,c1024,10688.50830078125,10202.930280822957,0.04542991466103845,nccl:all_reduce,False
workload_cv,fold3,additive_plus_schedule,0.1,qwen3-8b-chunk-c4096-b4-l4095-m8,3,qwen3-8b,8,prefill,c4096,27729.91357421875,31544.526107748447,0.13756308772185447,nccl:all_reduce,False
workload_cv,fold3,additive_plus_schedule,0.1,qwen3-8b-mixed-staircase,3,qwen3-8b,8,decode,staircase,38384.81005859375,108388.73868518519,1.8237403941749784,sglang_custom:all_reduce_one_shot_push,False
workload_cv,fold3,tp_conditioned_plus_schedule,0.1,deepseek-v2-lite-chunk-c1024-b4-l1023-m8,3,deepseek-v2-lite,2,prefill,c1024,2063.7080078125,2138.9327771190005,0.036451265887288815,sglang_custom:all_reduce_one_shot,False
workload_cv,fold3,tp_conditioned_plus_schedule,0.1,deepseek-v2-lite-chunk-c4096-b4-l4095-m8,3,deepseek-v2-lite,2,prefill,c4096,8369.2412109375,8128.73935277559,0.028736399405910936,nccl:all_reduce,False
workload_cv,fold3,tp_conditioned_plus_schedule,0.1,deepseek-v2-lite-mixed-staircase,3,deepseek-v2-lite,2,decode,staircase,21084.54296875,47485.028211710705,1.2521250890801672,sglang_custom:all_reduce_one_shot_push,False
workload_cv,fold3,tp_conditioned_plus_schedule,0.1,deepseek-v2-lite-chunk-c1024-b4-l1023-m8,3,deepseek-v2-lite,4,prefill,c1024,2776.5517578125,2822.1044453302916,0.01640620866858256,sglang_custom:all_reduce_two_shot,False
workload_cv,fold3,tp_conditioned_plus_schedule,0.1,deepseek-v2-lite-chunk-c4096-b4-l4095-m8,3,deepseek-v2-lite,4,prefill,c4096,10153.94677734375,10005.386162975452,0.01463082460701662,nccl:all_reduce,False
workload_cv,fold3,tp_conditioned_plus_schedule,0.1,deepseek-v2-lite-mixed-staircase,3,deepseek-v2-lite,4,decode,staircase,21569.6650390625,55396.637226940074,1.5682659942385375,sglang_custom:all_reduce_one_shot_push,False
workload_cv,fold3,tp_conditioned_plus_schedule,0.1,deepseek-v2-lite-chunk-c1024-b4-l1023-m8,3,deepseek-v2-lite,8,prefill,c1024,3297.10693359375,3354.749061849931,0.017482638390909796,sglang_custom:all_reduce_two_shot,False
workload_cv,fold3,tp_conditioned_plus_schedule,0.1,deepseek-v2-lite-chunk-c4096-b4-l4095-m8,3,deepseek-v2-lite,8,prefill,c4096,14065.85107421875,13567.639834339205,0.035419914319490764,nccl:all_reduce,False
workload_cv,fold3,tp_conditioned_plus_schedule,0.1,deepseek-v2-lite-mixed-staircase,3,deepseek-v2-lite,8,decode,staircase,25272.1787109375,62364.58383106459,1.4677169524792075,sglang_custom:all_reduce_one_shot_push,False
workload_cv,fold3,tp_conditioned_plus_schedule,0.1,qwen3-30b-a3b-chunk-c1024-b4-l1023-m8,3,qwen3-30b-a3b,2,prefill,c1024,3643.80078125,3438.8666144130434,0.056241869174487154,sglang_custom:all_reduce_one_shot,False
workload_cv,fold3,tp_conditioned_plus_schedule,0.1,qwen3-30b-a3b-chunk-c4096-b4-l4095-m8,3,qwen3-30b-a3b,2,prefill,c4096,14826.00830078125,14286.448163731782,0.03639281228657048,nccl:all_reduce,False
workload_cv,fold3,tp_conditioned_plus_schedule,0.1,qwen3-30b-a3b-mixed-staircase,3,qwen3-30b-a3b,2,decode,staircase,44112.15478515625,108546.93242727756,1.4607034717742609,flashinfer_mnnvl:fused_allreduce_residual_rmsnorm+sglang_custom:all_reduce_one_shot_push,False
workload_cv,fold3,tp_conditioned_plus_schedule,0.1,qwen3-30b-a3b-chunk-c1024-b4-l1023-m8,3,qwen3-30b-a3b,4,prefill,c1024,4892.48779296875,4750.702604443059,0.02898018237867825,sglang_custom:all_reduce_two_shot,False
workload_cv,fold3,tp_conditioned_plus_schedule,0.1,qwen3-30b-a3b-chunk-c4096-b4-l4095-m8,3,qwen3-30b-a3b,4,prefill,c4096,17961.0302734375,18254.18180313325,0.0163215319629683,nccl:all_reduce,False
workload_cv,fold3,tp_conditioned_plus_schedule,0.1,qwen3-30b-a3b-mixed-staircase,3,qwen3-30b-a3b,4,decode,staircase,48850.04052734375,122658.07715504954,1.5109104481989495,flashinfer_mnnvl:fused_allreduce_residual_rmsnorm+sglang_custom:all_reduce_one_shot_push,False
workload_cv,fold3,tp_conditioned_plus_schedule,0.1,qwen3-30b-a3b-chunk-c1024-b4-l1023-m8,3,qwen3-30b-a3b,8,prefill,c1024,5812.40673828125,5581.2728737196685,0.03976560398626346,sglang_custom:all_reduce_two_shot,False
workload_cv,fold3,tp_conditioned_plus_schedule,0.1,qwen3-30b-a3b-chunk-c4096-b4-l4095-m8,3,qwen3-30b-a3b,8,prefill,c4096,24895.88916015625,24830.45000204959,0.0026285125903994263,nccl:all_reduce,False
workload_cv,fold3,tp_conditioned_plus_schedule,0.1,qwen3-30b-a3b-mixed-staircase,3,qwen3-30b-a3b,8,decode,staircase,50780.8515625,125829.57594591094,1.4778941682583355,flashinfer_mnnvl:fused_allreduce_residual_rmsnorm+sglang_custom:all_reduce_one_shot_push,False
workload_cv,fold3,tp_conditioned_plus_schedule,0.1,qwen3-8b-chunk-c1024-b4-l1023-m8,3,qwen3-8b,2,prefill,c1024,6368.390625,6407.264753983328,0.0061042312371232515,nccl:all_reduce,False
workload_cv,fold3,tp_conditioned_plus_schedule,0.1,qwen3-8b-chunk-c4096-b4-l4095-m8,3,qwen3-8b,2,prefill,c4096,21303.6640625,22495.510954390014,0.0559456292773587,nccl:all_reduce,False
workload_cv,fold3,tp_conditioned_plus_schedule,0.1,qwen3-8b-mixed-staircase,3,qwen3-8b,2,decode,staircase,25383.18408203125,80975.94740506906,2.190141439441867,sglang_custom:all_reduce_one_shot_push,False
workload_cv,fold3,tp_conditioned_plus_schedule,0.1,qwen3-8b-chunk-c1024-b4-l1023-m8,3,qwen3-8b,4,prefill,c1024,8811.62744140625,8785.497705023934,0.002965370081300886,nccl:all_reduce,False
workload_cv,fold3,tp_conditioned_plus_schedule,0.1,qwen3-8b-chunk-c4096-b4-l4095-m8,3,qwen3-8b,4,prefill,c4096,25922.70703125,27093.515799634355,0.04516537439446185,nccl:all_reduce,False
workload_cv,fold3,tp_conditioned_plus_schedule,0.1,qwen3-8b-mixed-staircase,3,qwen3-8b,4,decode,staircase,32638.03173828125,96061.67852528769,1.9432436151661878,sglang_custom:all_reduce_one_shot_push,False
workload_cv,fold3,tp_conditioned_plus_schedule,0.1,qwen3-8b-chunk-c1024-b4-l1023-m8,3,qwen3-8b,8,prefill,c1024,10688.50830078125,10646.759306539285,0.0039059701379390473,nccl:all_reduce,False
workload_cv,fold3,tp_conditioned_plus_schedule,0.1,qwen3-8b-chunk-c4096-b4-l4095-m8,3,qwen3-8b,8,prefill,c4096,27729.91357421875,29042.480390677563,0.04733396708741069,nccl:all_reduce,False
workload_cv,fold3,tp_conditioned_plus_schedule,0.1,qwen3-8b-mixed-staircase,3,qwen3-8b,8,decode,staircase,38384.81005859375,110335.5034283467,1.8744574549130621,sglang_custom:all_reduce_one_shot_push,False
workload_cv,fold3,tp_conditioned_plus_schedule_tp,0.1,deepseek-v2-lite-chunk-c1024-b4-l1023-m8,3,deepseek-v2-lite,2,prefill,c1024,2063.7080078125,2134.878897642173,0.03448689909630819,sglang_custom:all_reduce_one_shot,False
workload_cv,fold3,tp_conditioned_plus_schedule_tp,0.1,deepseek-v2-lite-chunk-c4096-b4-l4095-m8,3,deepseek-v2-lite,2,prefill,c4096,8369.2412109375,8119.639568816212,0.029823688412169484,nccl:all_reduce,False
workload_cv,fold3,tp_conditioned_plus_schedule_tp,0.1,deepseek-v2-lite-mixed-staircase,3,deepseek-v2-lite,2,decode,staircase,21084.54296875,45476.44832859923,1.1568619436523317,sglang_custom:all_reduce_one_shot_push,False
workload_cv,fold3,tp_conditioned_plus_schedule_tp,0.1,deepseek-v2-lite-chunk-c1024-b4-l1023-m8,3,deepseek-v2-lite,4,prefill,c1024,2776.5517578125,2823.445073101461,0.016889047775542138,sglang_custom:all_reduce_two_shot,False
workload_cv,fold3,tp_conditioned_plus_schedule_tp,0.1,deepseek-v2-lite-chunk-c4096-b4-l4095-m8,3,deepseek-v2-lite,4,prefill,c4096,10153.94677734375,10024.62405242914,0.012736202754495813,nccl:all_reduce,False
workload_cv,fold3,tp_conditioned_plus_schedule_tp,0.1,deepseek-v2-lite-mixed-staircase,3,deepseek-v2-lite,4,decode,staircase,21569.6650390625,58196.68462839623,1.6980801288755516,sglang_custom:all_reduce_one_shot_push,False
workload_cv,fold3,tp_conditioned_plus_schedule_tp,0.1,deepseek-v2-lite-chunk-c1024-b4-l1023-m8,3,deepseek-v2-lite,8,prefill,c1024,3297.10693359375,3361.993661162879,0.01967989782436461,sglang_custom:all_reduce_two_shot,False
workload_cv,fold3,tp_conditioned_plus_schedule_tp,0.1,deepseek-v2-lite-chunk-c4096-b4-l4095-m8,3,deepseek-v2-lite,8,prefill,c4096,14065.85107421875,13602.174853070257,0.03296467584520097,nccl:all_reduce,False
workload_cv,fold3,tp_conditioned_plus_schedule_tp,0.1,deepseek-v2-lite-mixed-staircase,3,deepseek-v2-lite,8,decode,staircase,25272.1787109375,62807.35023911005,1.4852368668921991,sglang_custom:all_reduce_one_shot_push,False
workload_cv,fold3,tp_conditioned_plus_schedule_tp,0.1,qwen3-30b-a3b-chunk-c1024-b4-l1023-m8,3,qwen3-30b-a3b,2,prefill,c1024,3643.80078125,3444.1698964045468,0.05478644328545596,sglang_custom:all_reduce_one_shot,False
workload_cv,fold3,tp_conditioned_plus_schedule_tp,0.1,qwen3-30b-a3b-chunk-c4096-b4-l4095-m8,3,qwen3-30b-a3b,2,prefill,c4096,14826.00830078125,14316.54227065813,0.03436299371937311,nccl:all_reduce,False
workload_cv,fold3,tp_conditioned_plus_schedule_tp,0.1,qwen3-30b-a3b-mixed-staircase,3,qwen3-30b-a3b,2,decode,staircase,44112.15478515625,102961.58626127645,1.3340865292738555,flashinfer_mnnvl:fused_allreduce_residual_rmsnorm+sglang_custom:all_reduce_one_shot_push,False
workload_cv,fold3,tp_conditioned_plus_schedule_tp,0.1,qwen3-30b-a3b-chunk-c1024-b4-l1023-m8,3,qwen3-30b-a3b,4,prefill,c1024,4892.48779296875,4742.823721946869,0.030590586498135126,sglang_custom:all_reduce_two_shot,False
workload_cv,fold3,tp_conditioned_plus_schedule_tp,0.1,qwen3-30b-a3b-chunk-c4096-b4-l4095-m8,3,qwen3-30b-a3b,4,prefill,c4096,17961.0302734375,18247.40037909904,0.015943968764701142,nccl:all_reduce,False
workload_cv,fold3,tp_conditioned_plus_schedule_tp,0.1,qwen3-30b-a3b-mixed-staircase,3,qwen3-30b-a3b,4,decode,staircase,48850.04052734375,129594.0734102969,1.6528959241652375,flashinfer_mnnvl:fused_allreduce_residual_rmsnorm+sglang_custom:all_reduce_one_shot_push,False
workload_cv,fold3,tp_conditioned_plus_schedule_tp,0.1,qwen3-30b-a3b-chunk-c1024-b4-l1023-m8,3,qwen3-30b-a3b,8,prefill,c1024,5812.40673828125,5566.852072158169,0.04224664191269113,sglang_custom:all_reduce_two_shot,False
workload_cv,fold3,tp_conditioned_plus_schedule_tp,0.1,qwen3-30b-a3b-chunk-c4096-b4-l4095-m8,3,qwen3-30b-a3b,8,prefill,c4096,24895.88916015625,24760.263850016316,0.0054476989862644095,nccl:all_reduce,False
workload_cv,fold3,tp_conditioned_plus_schedule_tp,0.1,qwen3-30b-a3b-mixed-staircase,3,qwen3-30b-a3b,8,decode,staircase,50780.8515625,127780.14919970465,1.5163057583316724,flashinfer_mnnvl:fused_allreduce_residual_rmsnorm+sglang_custom:all_reduce_one_shot_push,False
workload_cv,fold3,tp_conditioned_plus_schedule_tp,0.1,qwen3-8b-chunk-c1024-b4-l1023-m8,3,qwen3-8b,2,prefill,c1024,6368.390625,6397.953831936601,0.00464217864094998,nccl:all_reduce,False
workload_cv,fold3,tp_conditioned_plus_schedule_tp,0.1,qwen3-8b-chunk-c4096-b4-l4095-m8,3,qwen3-8b,2,prefill,c4096,21303.6640625,22595.043701915012,0.0606177245203644,nccl:all_reduce,False
workload_cv,fold3,tp_conditioned_plus_schedule_tp,0.1,qwen3-8b-mixed-staircase,3,qwen3-8b,2,decode,staircase,25383.18408203125,77378.24271560037,2.048405687227254,sglang_custom:all_reduce_one_shot_push,False
workload_cv,fold3,tp_conditioned_plus_schedule_tp,0.1,qwen3-8b-chunk-c1024-b4-l1023-m8,3,qwen3-8b,4,prefill,c1024,8811.62744140625,8803.928307304546,0.0008737471202567141,nccl:all_reduce,False
workload_cv,fold3,tp_conditioned_plus_schedule_tp,0.1,qwen3-8b-chunk-c4096-b4-l4095-m8,3,qwen3-8b,4,prefill,c4096,25922.70703125,27083.436433559105,0.04477655057050323,nccl:all_reduce,False
workload_cv,fold3,tp_conditioned_plus_schedule_tp,0.1,qwen3-8b-mixed-staircase,3,qwen3-8b,4,decode,staircase,32638.03173828125,101132.97847724987,2.0986236942294125,sglang_custom:all_reduce_one_shot_push,False
workload_cv,fold3,tp_conditioned_plus_schedule_tp,0.1,qwen3-8b-chunk-c1024-b4-l1023-m8,3,qwen3-8b,8,prefill,c1024,10688.50830078125,10654.416067024244,0.003189615687954746,nccl:all_reduce,False
workload_cv,fold3,tp_conditioned_plus_schedule_tp,0.1,qwen3-8b-chunk-c4096-b4-l4095-m8,3,qwen3-8b,8,prefill,c4096,27729.91357421875,28983.229905060696,0.04519726783451602,nccl:all_reduce,False
workload_cv,fold3,tp_conditioned_plus_schedule_tp,0.1,qwen3-8b-mixed-staircase,3,qwen3-8b,8,decode,staircase,38384.81005859375,111396.29148287265,1.9020930756939565,sglang_custom:all_reduce_one_shot_push,False
workload_cv,fold4,additive_tp_phase,0.1,deepseek-v2-lite-chunk-c1024-b4-l1024-m8,4,deepseek-v2-lite,2,prefill,c1024,2063.37939453125,2189.9154895396327,0.06132468674629209,sglang_custom:all_reduce_one_shot,False
workload_cv,fold4,additive_tp_phase,0.1,deepseek-v2-lite-chunk-c4096-b4-l4096-m8,4,deepseek-v2-lite,2,prefill,c4096,8366.49267578125,7943.170791488895,0.05059729335779596,nccl:all_reduce,False
workload_cv,fold4,additive_tp_phase,0.1,deepseek-v2-lite-mixed-uniform_b16,4,deepseek-v2-lite,2,decode,uniform_b16,18331.0322265625,22754.74598213119,0.24132376730856034,sglang_custom:all_reduce_one_shot_push,False
workload_cv,fold4,additive_tp_phase,0.1,deepseek-v2-lite-chunk-c1024-b4-l1024-m8,4,deepseek-v2-lite,4,prefill,c1024,2789.97314453125,2819.448173559687,0.010564628224544815,sglang_custom:all_reduce_two_shot,False
workload_cv,fold4,additive_tp_phase,0.1,deepseek-v2-lite-chunk-c4096-b4-l4096-m8,4,deepseek-v2-lite,4,prefill,c4096,10159.982421875,10226.585677534069,0.00655544989090419,nccl:all_reduce,False
workload_cv,fold4,additive_tp_phase,0.1,deepseek-v2-lite-mixed-uniform_b16,4,deepseek-v2-lite,4,decode,uniform_b16,24345.76513671875,27201.142894460005,0.11728437129440304,sglang_custom:all_reduce_one_shot_push,False
workload_cv,fold4,additive_tp_phase,0.1,deepseek-v2-lite-chunk-c1024-b4-l1024-m8,4,deepseek-v2-lite,8,prefill,c1024,3298.1376953125,3310.753047808108,0.003824992665872524,sglang_custom:all_reduce_two_shot,False
workload_cv,fold4,additive_tp_phase,0.1,deepseek-v2-lite-chunk-c4096-b4-l4096-m8,4,deepseek-v2-lite,8,prefill,c4096,14075.228515625,12008.626375217145,0.14682547697990883,nccl:all_reduce,False
workload_cv,fold4,additive_tp_phase,0.1,deepseek-v2-lite-mixed-uniform_b16,4,deepseek-v2-lite,8,decode,uniform_b16,29164.29736328125,30042.98395215487,0.030128844797060485,sglang_custom:all_reduce_one_shot_push,False
workload_cv,fold4,additive_tp_phase,0.1,qwen3-30b-a3b-chunk-c1024-b4-l1024-m8,4,qwen3-30b-a3b,2,prefill,c1024,3652.9736328125,3701.0555241565594,0.013162397590874519,sglang_custom:all_reduce_one_shot,False
workload_cv,fold4,additive_tp_phase,0.1,qwen3-30b-a3b-chunk-c4096-b4-l4096-m8,4,qwen3-30b-a3b,2,prefill,c4096,14931.0,14829.55122892251,0.006794506133379557,nccl:all_reduce,False
workload_cv,fold4,additive_tp_phase,0.1,qwen3-30b-a3b-mixed-uniform_b16,4,qwen3-30b-a3b,2,decode,uniform_b16,54753.421875,19243.93174332498,0.6485346288080742,flashinfer_mnnvl:fused_allreduce_residual_rmsnorm+sglang_custom:all_reduce_one_shot_push,False
workload_cv,fold4,additive_tp_phase,0.1,qwen3-30b-a3b-chunk-c1024-b4-l1024-m8,4,qwen3-30b-a3b,4,prefill,c1024,4896.91455078125,4764.99403181072,0.02693951826247068,sglang_custom:all_reduce_two_shot,False
workload_cv,fold4,additive_tp_phase,0.1,qwen3-30b-a3b-chunk-c4096-b4-l4096-m8,4,qwen3-30b-a3b,4,prefill,c4096,18524.94677734375,19092.586598346308,0.030641913729910902,nccl:all_reduce,False
workload_cv,fold4,additive_tp_phase,0.1,qwen3-30b-a3b-mixed-uniform_b16,4,qwen3-30b-a3b,4,decode,uniform_b16,55604.7890625,23004.297108501105,0.5862892837765433,flashinfer_mnnvl:fused_allreduce_residual_rmsnorm+sglang_custom:all_reduce_one_shot_push,False
workload_cv,fold4,additive_tp_phase,0.1,qwen3-30b-a3b-chunk-c1024-b4-l1024-m8,4,qwen3-30b-a3b,8,prefill,c1024,5833.5234375,5595.32133328316,0.04083331570858026,sglang_custom:all_reduce_two_shot,False
workload_cv,fold4,additive_tp_phase,0.1,qwen3-30b-a3b-chunk-c4096-b4-l4096-m8,4,qwen3-30b-a3b,8,prefill,c4096,24917.75244140625,22419.578364233053,0.10025679816217849,nccl:all_reduce,False
workload_cv,fold4,additive_tp_phase,0.1,qwen3-30b-a3b-mixed-uniform_b16,4,qwen3-30b-a3b,8,decode,uniform_b16,56344.091796875,25407.672447544835,0.5490623482025134,flashinfer_mnnvl:fused_allreduce_residual_rmsnorm+sglang_custom:all_reduce_one_shot_push,False
workload_cv,fold4,additive_tp_phase,0.1,qwen3-8b-chunk-c1024-b4-l1024-m8,4,qwen3-8b,2,prefill,c1024,6336.9208984375,6793.5442880585215,0.07205761235454454,nccl:all_reduce,False
workload_cv,fold4,additive_tp_phase,0.1,qwen3-8b-chunk-c4096-b4-l4096-m8,4,qwen3-8b,2,prefill,c4096,21377.5087890625,20498.35725432851,0.0411250695021954,nccl:all_reduce,False
workload_cv,fold4,additive_tp_phase,0.1,qwen3-8b-mixed-uniform_b16,4,qwen3-8b,2,decode,uniform_b16,35672.68798828125,40005.21982881014,0.1214523515007381,sglang_custom:all_reduce_one_shot_push,False
workload_cv,fold4,additive_tp_phase,0.1,qwen3-8b-chunk-c1024-b4-l1024-m8,4,qwen3-8b,4,prefill,c1024,8799.83447265625,8746.477262001574,0.006063433445307778,nccl:all_reduce,False
workload_cv,fold4,additive_tp_phase,0.1,qwen3-8b-chunk-c4096-b4-l4096-m8,4,qwen3-8b,4,prefill,c4096,25776.99267578125,26390.998281783075,0.02381990846351574,nccl:all_reduce,False
workload_cv,fold4,additive_tp_phase,0.1,qwen3-8b-mixed-uniform_b16,4,qwen3-8b,4,decode,uniform_b16,40823.62744140625,47822.44996020961,0.17144048575420454,sglang_custom:all_reduce_one_shot_push,False
workload_cv,fold4,additive_tp_phase,0.1,qwen3-8b-chunk-c1024-b4-l1024-m8,4,qwen3-8b,8,prefill,c1024,10559.283203125,10270.600653104362,0.02733921843626684,nccl:all_reduce,False
workload_cv,fold4,additive_tp_phase,0.1,qwen3-8b-chunk-c4096-b4-l4096-m8,4,qwen3-8b,8,prefill,c4096,27712.51171875,30989.7797787138,0.11825951011674034,nccl:all_reduce,False
workload_cv,fold4,additive_tp_phase,0.1,qwen3-8b-mixed-uniform_b16,4,qwen3-8b,8,decode,uniform_b16,48037.93359375,52818.70332734887,0.09952071989667921,sglang_custom:all_reduce_one_shot_push,False
workload_cv,fold4,tp_conditioned_pattern,0.1,deepseek-v2-lite-chunk-c1024-b4-l1024-m8,4,deepseek-v2-lite,2,prefill,c1024,2063.37939453125,2154.200268483113,0.04401559606176812,sglang_custom:all_reduce_one_shot,False
workload_cv,fold4,tp_conditioned_pattern,0.1,deepseek-v2-lite-chunk-c4096-b4-l4096-m8,4,deepseek-v2-lite,2,prefill,c4096,8366.49267578125,7824.19657235264,0.06481761527126075,nccl:all_reduce,False
workload_cv,fold4,tp_conditioned_pattern,0.1,deepseek-v2-lite-mixed-uniform_b16,4,deepseek-v2-lite,2,decode,uniform_b16,18331.0322265625,19564.246151590825,0.06727465806542755,sglang_custom:all_reduce_one_shot_push,False
workload_cv,fold4,tp_conditioned_pattern,0.1,deepseek-v2-lite-chunk-c1024-b4-l1024-m8,4,deepseek-v2-lite,4,prefill,c1024,2789.97314453125,2817.127382379154,0.00973279542175169,sglang_custom:all_reduce_two_shot,False
workload_cv,fold4,tp_conditioned_pattern,0.1,deepseek-v2-lite-chunk-c4096-b4-l4096-m8,4,deepseek-v2-lite,4,prefill,c4096,10159.982421875,9532.806861922352,0.061729984749019286,nccl:all_reduce,False
workload_cv,fold4,tp_conditioned_pattern,0.1,deepseek-v2-lite-mixed-uniform_b16,4,deepseek-v2-lite,4,decode,uniform_b16,24345.76513671875,28656.90563460254,0.17707968813769767,sglang_custom:all_reduce_one_shot_push,False
workload_cv,fold4,tp_conditioned_pattern,0.1,deepseek-v2-lite-chunk-c1024-b4-l1024-m8,4,deepseek-v2-lite,8,prefill,c1024,3298.1376953125,3361.574221620935,0.019234044230049784,sglang_custom:all_reduce_two_shot,False
workload_cv,fold4,tp_conditioned_pattern,0.1,deepseek-v2-lite-chunk-c4096-b4-l4096-m8,4,deepseek-v2-lite,8,prefill,c4096,14075.228515625,13056.449084318396,0.07238102245911324,nccl:all_reduce,False
workload_cv,fold4,tp_conditioned_pattern,0.1,deepseek-v2-lite-mixed-uniform_b16,4,deepseek-v2-lite,8,decode,uniform_b16,29164.29736328125,33603.207783142076,0.15220357838792134,sglang_custom:all_reduce_one_shot_push,False
workload_cv,fold4,tp_conditioned_pattern,0.1,qwen3-30b-a3b-chunk-c1024-b4-l1024-m8,4,qwen3-30b-a3b,2,prefill,c1024,3652.9736328125,3531.7524455222965,0.033184249183006775,sglang_custom:all_reduce_one_shot,False
workload_cv,fold4,tp_conditioned_pattern,0.1,qwen3-30b-a3b-chunk-c4096-b4-l4096-m8,4,qwen3-30b-a3b,2,prefill,c4096,14931.0,14185.361470730018,0.04993895447525159,nccl:all_reduce,False
workload_cv,fold4,tp_conditioned_pattern,0.1,qwen3-30b-a3b-mixed-uniform_b16,4,qwen3-30b-a3b,2,decode,uniform_b16,54753.421875,18255.00082677985,0.6665961651044325,flashinfer_mnnvl:fused_allreduce_residual_rmsnorm+sglang_custom:all_reduce_one_shot_push,False
workload_cv,fold4,tp_conditioned_pattern,0.1,qwen3-30b-a3b-chunk-c1024-b4-l1024-m8,4,qwen3-30b-a3b,4,prefill,c1024,4896.91455078125,4877.137759285262,0.004038622951432251,sglang_custom:all_reduce_two_shot,False
workload_cv,fold4,tp_conditioned_pattern,0.1,qwen3-30b-a3b-chunk-c4096-b4-l4096-m8,4,qwen3-30b-a3b,4,prefill,c4096,18524.94677734375,18083.47203587069,0.023831363554198626,nccl:all_reduce,False
workload_cv,fold4,tp_conditioned_pattern,0.1,qwen3-30b-a3b-mixed-uniform_b16,4,qwen3-30b-a3b,4,decode,uniform_b16,55604.7890625,25846.91161533379,0.5351675269142419,flashinfer_mnnvl:fused_allreduce_residual_rmsnorm+sglang_custom:all_reduce_one_shot_push,False
workload_cv,fold4,tp_conditioned_pattern,0.1,qwen3-30b-a3b-chunk-c1024-b4-l1024-m8,4,qwen3-30b-a3b,8,prefill,c1024,5833.5234375,5733.697778618196,0.01711241241272616,sglang_custom:all_reduce_two_shot,False
workload_cv,fold4,tp_conditioned_pattern,0.1,qwen3-30b-a3b-chunk-c4096-b4-l4096-m8,4,qwen3-30b-a3b,8,prefill,c4096,24917.75244140625,24781.628982679427,0.0054629107920915075,nccl:all_reduce,False
workload_cv,fold4,tp_conditioned_pattern,0.1,qwen3-30b-a3b-mixed-uniform_b16,4,qwen3-30b-a3b,8,decode,uniform_b16,56344.091796875,23190.476658081097,0.5884133381422734,flashinfer_mnnvl:fused_allreduce_residual_rmsnorm+sglang_custom:all_reduce_one_shot_push,False
workload_cv,fold4,tp_conditioned_pattern,0.1,qwen3-8b-chunk-c1024-b4-l1024-m8,4,qwen3-8b,2,prefill,c1024,6336.9208984375,6440.593119276787,0.016360030762708304,nccl:all_reduce,False
workload_cv,fold4,tp_conditioned_pattern,0.1,qwen3-8b-chunk-c4096-b4-l4096-m8,4,qwen3-8b,2,prefill,c4096,21377.5087890625,22089.70561682723,0.03331523961899217,nccl:all_reduce,False
workload_cv,fold4,tp_conditioned_pattern,0.1,qwen3-8b-mixed-uniform_b16,4,qwen3-8b,2,decode,uniform_b16,35672.68798828125,33846.419160583035,0.0511951560336064,sglang_custom:all_reduce_one_shot_push,False
workload_cv,fold4,tp_conditioned_pattern,0.1,qwen3-8b-chunk-c1024-b4-l1024-m8,4,qwen3-8b,4,prefill,c1024,8799.83447265625,8827.49683157054,0.003143509005793742,nccl:all_reduce,False
workload_cv,fold4,tp_conditioned_pattern,0.1,qwen3-8b-chunk-c4096-b4-l4096-m8,4,qwen3-8b,4,prefill,c4096,25776.99267578125,26615.259661302098,0.032519968332397474,nccl:all_reduce,False
workload_cv,fold4,tp_conditioned_pattern,0.1,qwen3-8b-mixed-uniform_b16,4,qwen3-8b,4,decode,uniform_b16,40823.62744140625,50486.77712567094,0.23670482732417916,sglang_custom:all_reduce_one_shot_push,False
workload_cv,fold4,tp_conditioned_pattern,0.1,qwen3-8b-chunk-c1024-b4-l1024-m8,4,qwen3-8b,8,prefill,c1024,10559.283203125,10751.444740894398,0.018198350595666195,nccl:all_reduce,False
workload_cv,fold4,tp_conditioned_pattern,0.1,qwen3-8b-chunk-c4096-b4-l4096-m8,4,qwen3-8b,8,prefill,c4096,27712.51171875,28540.744855243323,0.02988661384788696,nccl:all_reduce,False
workload_cv,fold4,tp_conditioned_pattern,0.1,qwen3-8b-mixed-uniform_b16,4,qwen3-8b,8,decode,uniform_b16,48037.93359375,59977.48237131016,0.2485441792424135,sglang_custom:all_reduce_one_shot_push,False
workload_cv,fold4,additive_plus_schedule,1.0,deepseek-v2-lite-chunk-c1024-b4-l1024-m8,4,deepseek-v2-lite,2,prefill,c1024,2063.37939453125,2354.1069506100107,0.14089873963523175,sglang_custom:all_reduce_one_shot,False
workload_cv,fold4,additive_plus_schedule,1.0,deepseek-v2-lite-chunk-c4096-b4-l4096-m8,4,deepseek-v2-lite,2,prefill,c4096,8366.49267578125,8404.472250024146,0.0045394857456621755,nccl:all_reduce,False
workload_cv,fold4,additive_plus_schedule,1.0,deepseek-v2-lite-mixed-uniform_b16,4,deepseek-v2-lite,2,decode,uniform_b16,18331.0322265625,30385.341624490196,0.6575903227348241,sglang_custom:all_reduce_one_shot_push,False
workload_cv,fold4,additive_plus_schedule,1.0,deepseek-v2-lite-chunk-c1024-b4-l1024-m8,4,deepseek-v2-lite,4,prefill,c1024,2789.97314453125,3006.905699060289,0.07775435220738883,sglang_custom:all_reduce_two_shot,False
workload_cv,fold4,additive_plus_schedule,1.0,deepseek-v2-lite-chunk-c4096-b4-l4096-m8,4,deepseek-v2-lite,4,prefill,c4096,10159.982421875,10735.049866635509,0.05660122438030572,nccl:all_reduce,False
workload_cv,fold4,additive_plus_schedule,1.0,deepseek-v2-lite-mixed-uniform_b16,4,deepseek-v2-lite,4,decode,uniform_b16,24345.76513671875,36467.578122544975,0.4979023217283845,sglang_custom:all_reduce_one_shot_push,False
workload_cv,fold4,additive_plus_schedule,1.0,deepseek-v2-lite-chunk-c1024-b4-l1024-m8,4,deepseek-v2-lite,8,prefill,c1024,3298.1376953125,3526.507545243836,0.06924206052885787,sglang_custom:all_reduce_two_shot,False
workload_cv,fold4,additive_plus_schedule,1.0,deepseek-v2-lite-chunk-c4096-b4-l4096-m8,4,deepseek-v2-lite,8,prefill,c4096,14075.228515625,12590.096977464225,0.10551384913659631,nccl:all_reduce,False
workload_cv,fold4,additive_plus_schedule,1.0,deepseek-v2-lite-mixed-uniform_b16,4,deepseek-v2-lite,8,decode,uniform_b16,29164.29736328125,40291.73391148284,0.38154310421383164,sglang_custom:all_reduce_one_shot_push,False
workload_cv,fold4,additive_plus_schedule,1.0,qwen3-30b-a3b-chunk-c1024-b4-l1024-m8,4,qwen3-30b-a3b,2,prefill,c1024,3652.9736328125,3410.9477516768043,0.06625448346019268,sglang_custom:all_reduce_one_shot,False
workload_cv,fold4,additive_plus_schedule,1.0,qwen3-30b-a3b-chunk-c4096-b4-l4096-m8,4,qwen3-30b-a3b,2,prefill,c4096,14931.0,13354.961628885772,0.10555477671383214,nccl:all_reduce,False
workload_cv,fold4,additive_plus_schedule,1.0,qwen3-30b-a3b-mixed-uniform_b16,4,qwen3-30b-a3b,2,decode,uniform_b16,54753.421875,31182.299903908017,0.43049586973584897,flashinfer_mnnvl:fused_allreduce_residual_rmsnorm+sglang_custom:all_reduce_one_shot_push,False
workload_cv,fold4,additive_plus_schedule,1.0,qwen3-30b-a3b-chunk-c1024-b4-l1024-m8,4,qwen3-30b-a3b,4,prefill,c1024,4896.91455078125,4356.810650024286,0.11029473664611864,sglang_custom:all_reduce_two_shot,False
workload_cv,fold4,additive_plus_schedule,1.0,qwen3-30b-a3b-chunk-c4096-b4-l4096-m8,4,qwen3-30b-a3b,4,prefill,c4096,18524.94677734375,17058.320235715055,0.07917035116248747,nccl:all_reduce,False
workload_cv,fold4,additive_plus_schedule,1.0,qwen3-30b-a3b-mixed-uniform_b16,4,qwen3-30b-a3b,4,decode,uniform_b16,55604.7890625,37424.06361065467,0.3269633022330167,flashinfer_mnnvl:fused_allreduce_residual_rmsnorm+sglang_custom:all_reduce_one_shot_push,False
workload_cv,fold4,additive_plus_schedule,1.0,qwen3-30b-a3b-chunk-c1024-b4-l1024-m8,4,qwen3-30b-a3b,8,prefill,c1024,5833.5234375,5109.679906260759,0.12408341870817095,sglang_custom:all_reduce_two_shot,False
workload_cv,fold4,additive_plus_schedule,1.0,qwen3-30b-a3b-chunk-c4096-b4-l4096-m8,4,qwen3-30b-a3b,8,prefill,c4096,24917.75244140625,20006.046428138587,0.19711673534029492,nccl:all_reduce,False
workload_cv,fold4,additive_plus_schedule,1.0,qwen3-30b-a3b-mixed-uniform_b16,4,qwen3-30b-a3b,8,decode,uniform_b16,56344.091796875,41348.520809905516,0.26614274023671775,flashinfer_mnnvl:fused_allreduce_residual_rmsnorm+sglang_custom:all_reduce_one_shot_push,False
workload_cv,fold4,additive_plus_schedule,1.0,qwen3-8b-chunk-c1024-b4-l1024-m8,4,qwen3-8b,2,prefill,c1024,6336.9208984375,6917.224269770418,0.09157497476037671,nccl:all_reduce,False
workload_cv,fold4,additive_plus_schedule,1.0,qwen3-8b-chunk-c4096-b4-l4096-m8,4,qwen3-8b,2,prefill,c4096,21377.5087890625,20383.72679220727,0.046487268776784836,nccl:all_reduce,False
workload_cv,fold4,additive_plus_schedule,1.0,qwen3-8b-mixed-uniform_b16,4,qwen3-8b,2,decode,uniform_b16,35672.68798828125,49862.46783521994,0.397777141201138,sglang_custom:all_reduce_one_shot_push,False
workload_cv,fold4,additive_plus_schedule,1.0,qwen3-8b-chunk-c1024-b4-l1024-m8,4,qwen3-8b,4,prefill,c1024,8799.83447265625,8835.384931454008,0.0040399008536153224,nccl:all_reduce,False
workload_cv,fold4,additive_plus_schedule,1.0,qwen3-8b-chunk-c4096-b4-l4096-m8,4,qwen3-8b,4,prefill,c4096,25776.99267578125,26036.176582246513,0.010054854331738207,nccl:all_reduce,False
workload_cv,fold4,additive_plus_schedule,1.0,qwen3-8b-mixed-uniform_b16,4,qwen3-8b,4,decode,uniform_b16,40823.62744140625,59843.44239520397,0.4659021293758541,sglang_custom:all_reduce_one_shot_push,False
workload_cv,fold4,additive_plus_schedule,1.0,qwen3-8b-chunk-c1024-b4-l1024-m8,4,qwen3-8b,8,prefill,c1024,10559.283203125,10362.164545314372,0.01866780670796775,nccl:all_reduce,False
workload_cv,fold4,additive_plus_schedule,1.0,qwen3-8b-chunk-c4096-b4-l4096-m8,4,qwen3-8b,8,prefill,c4096,27712.51171875,30535.301853758527,0.10185977235324563,nccl:all_reduce,False
workload_cv,fold4,additive_plus_schedule,1.0,qwen3-8b-mixed-uniform_b16,4,qwen3-8b,8,decode,uniform_b16,48037.93359375,66118.8974280708,0.37638929241272023,sglang_custom:all_reduce_one_shot_push,False
workload_cv,fold4,tp_conditioned_plus_schedule,1.0,deepseek-v2-lite-chunk-c1024-b4-l1024-m8,4,deepseek-v2-lite,2,prefill,c1024,2063.37939453125,2294.627470675443,0.11207249464499326,sglang_custom:all_reduce_one_shot,False
workload_cv,fold4,tp_conditioned_plus_schedule,1.0,deepseek-v2-lite-chunk-c4096-b4-l4096-m8,4,deepseek-v2-lite,2,prefill,c4096,8366.49267578125,8144.048925559432,0.02658745532231599,nccl:all_reduce,False
workload_cv,fold4,tp_conditioned_plus_schedule,1.0,deepseek-v2-lite-mixed-uniform_b16,4,deepseek-v2-lite,2,decode,uniform_b16,18331.0322265625,27977.280107087376,0.5262250243904445,sglang_custom:all_reduce_one_shot_push,False
workload_cv,fold4,tp_conditioned_plus_schedule,1.0,deepseek-v2-lite-chunk-c1024-b4-l1024-m8,4,deepseek-v2-lite,4,prefill,c1024,2789.97314453125,3014.9800220935385,0.08064840265696983,sglang_custom:all_reduce_two_shot,False
workload_cv,fold4,tp_conditioned_plus_schedule,1.0,deepseek-v2-lite-chunk-c4096-b4-l4096-m8,4,deepseek-v2-lite,4,prefill,c4096,10159.982421875,10102.38849125082,0.005668703766669611,nccl:all_reduce,False
workload_cv,fold4,tp_conditioned_plus_schedule,1.0,deepseek-v2-lite-mixed-uniform_b16,4,deepseek-v2-lite,4,decode,uniform_b16,24345.76513671875,36813.632428389494,0.5121164696058974,sglang_custom:all_reduce_one_shot_push,False
workload_cv,fold4,tp_conditioned_plus_schedule,1.0,deepseek-v2-lite-chunk-c1024-b4-l1024-m8,4,deepseek-v2-lite,8,prefill,c1024,3298.1376953125,3582.574402781436,0.08624161079544791,sglang_custom:all_reduce_two_shot,False
workload_cv,fold4,tp_conditioned_plus_schedule,1.0,deepseek-v2-lite-chunk-c4096-b4-l4096-m8,4,deepseek-v2-lite,8,prefill,c4096,14075.228515625,13717.91202809707,0.025386194414625064,nccl:all_reduce,False
workload_cv,fold4,tp_conditioned_plus_schedule,1.0,deepseek-v2-lite-mixed-uniform_b16,4,deepseek-v2-lite,8,decode,uniform_b16,29164.29736328125,43468.73286181774,0.49047763161769903,sglang_custom:all_reduce_one_shot_push,False
workload_cv,fold4,tp_conditioned_plus_schedule,1.0,qwen3-30b-a3b-chunk-c1024-b4-l1024-m8,4,qwen3-30b-a3b,2,prefill,c1024,3652.9736328125,3275.499316966292,0.1033334356578924,sglang_custom:all_reduce_one_shot,False
workload_cv,fold4,tp_conditioned_plus_schedule,1.0,qwen3-30b-a3b-chunk-c4096-b4-l4096-m8,4,qwen3-30b-a3b,2,prefill,c4096,14931.0,12754.640070481859,0.14576116331914413,nccl:all_reduce,False
workload_cv,fold4,tp_conditioned_plus_schedule,1.0,qwen3-30b-a3b-mixed-uniform_b16,4,qwen3-30b-a3b,2,decode,uniform_b16,54753.421875,34363.69547472692,0.37239181958019096,flashinfer_mnnvl:fused_allreduce_residual_rmsnorm+sglang_custom:all_reduce_one_shot_push,False
workload_cv,fold4,tp_conditioned_plus_schedule,1.0,qwen3-30b-a3b-chunk-c1024-b4-l1024-m8,4,qwen3-30b-a3b,4,prefill,c1024,4896.91455078125,4456.216215648114,0.08999510417489881,sglang_custom:all_reduce_two_shot,False
workload_cv,fold4,tp_conditioned_plus_schedule,1.0,qwen3-30b-a3b-chunk-c4096-b4-l4096-m8,4,qwen3-30b-a3b,4,prefill,c4096,18524.94677734375,16243.949205751556,0.12313112685332427,nccl:all_reduce,False
workload_cv,fold4,tp_conditioned_plus_schedule,1.0,qwen3-30b-a3b-mixed-uniform_b16,4,qwen3-30b-a3b,4,decode,uniform_b16,55604.7890625,34881.228816833005,0.3726938020099965,flashinfer_mnnvl:fused_allreduce_residual_rmsnorm+sglang_custom:all_reduce_one_shot_push,False
workload_cv,fold4,tp_conditioned_plus_schedule,1.0,qwen3-30b-a3b-chunk-c1024-b4-l1024-m8,4,qwen3-30b-a3b,8,prefill,c1024,5833.5234375,5227.297948628971,0.10392098281014725,sglang_custom:all_reduce_two_shot,False
workload_cv,fold4,tp_conditioned_plus_schedule,1.0,qwen3-30b-a3b-chunk-c4096-b4-l4096-m8,4,qwen3-30b-a3b,8,prefill,c4096,24917.75244140625,22124.105651408045,0.11211471807368771,nccl:all_reduce,False
workload_cv,fold4,tp_conditioned_plus_schedule,1.0,qwen3-30b-a3b-mixed-uniform_b16,4,qwen3-30b-a3b,8,decode,uniform_b16,56344.091796875,33984.6752716683,0.3968369320036998,flashinfer_mnnvl:fused_allreduce_residual_rmsnorm+sglang_custom:all_reduce_one_shot_push,False
workload_cv,fold4,tp_conditioned_plus_schedule,1.0,qwen3-8b-chunk-c1024-b4-l1024-m8,4,qwen3-8b,2,prefill,c1024,6336.9208984375,6473.9565021602575,0.02162495096893927,nccl:all_reduce,False
workload_cv,fold4,tp_conditioned_plus_schedule,1.0,qwen3-8b-chunk-c4096-b4-l4096-m8,4,qwen3-8b,2,prefill,c4096,21377.5087890625,21505.012953081165,0.005964407044655283,nccl:all_reduce,False
workload_cv,fold4,tp_conditioned_plus_schedule,1.0,qwen3-8b-mixed-uniform_b16,4,qwen3-8b,2,decode,uniform_b16,35672.68798828125,45484.24388106084,0.27504391864170025,sglang_custom:all_reduce_one_shot_push,False
workload_cv,fold4,tp_conditioned_plus_schedule,1.0,qwen3-8b-chunk-c1024-b4-l1024-m8,4,qwen3-8b,4,prefill,c1024,8799.83447265625,8959.756636578742,0.018173315011710624,nccl:all_reduce,False
workload_cv,fold4,tp_conditioned_plus_schedule,1.0,qwen3-8b-chunk-c4096-b4-l4096-m8,4,qwen3-8b,4,prefill,c4096,25776.99267578125,26491.99174963842,0.027737877837430796,nccl:all_reduce,False
workload_cv,fold4,tp_conditioned_plus_schedule,1.0,qwen3-8b-mixed-uniform_b16,4,qwen3-8b,4,decode,uniform_b16,40823.62744140625,60579.37882542183,0.48392934734599014,sglang_custom:all_reduce_one_shot_push,False
workload_cv,fold4,tp_conditioned_plus_schedule,1.0,qwen3-8b-chunk-c1024-b4-l1024-m8,4,qwen3-8b,8,prefill,c1024,10559.283203125,10974.088417725046,0.039283463339375685,nccl:all_reduce,False
workload_cv,fold4,tp_conditioned_plus_schedule,1.0,qwen3-8b-chunk-c4096-b4-l4096-m8,4,qwen3-8b,8,prefill,c4096,27712.51171875,28435.695470084884,0.026095929473097346,nccl:all_reduce,False
workload_cv,fold4,tp_conditioned_plus_schedule,1.0,qwen3-8b-mixed-uniform_b16,4,qwen3-8b,8,decode,uniform_b16,48037.93359375,72216.36687339903,0.503319594970979,sglang_custom:all_reduce_one_shot_push,False
workload_cv,fold4,tp_conditioned_plus_schedule_tp,1.0,deepseek-v2-lite-chunk-c1024-b4-l1024-m8,4,deepseek-v2-lite,2,prefill,c1024,2063.37939453125,2293.4986919348676,0.11152544123175909,sglang_custom:all_reduce_one_shot,False
workload_cv,fold4,tp_conditioned_plus_schedule_tp,1.0,deepseek-v2-lite-chunk-c4096-b4-l4096-m8,4,deepseek-v2-lite,2,prefill,c4096,8366.49267578125,8147.924833774948,0.02612418972635899,nccl:all_reduce,False
workload_cv,fold4,tp_conditioned_plus_schedule_tp,1.0,deepseek-v2-lite-mixed-uniform_b16,4,deepseek-v2-lite,2,decode,uniform_b16,18331.0322265625,27423.328107449797,0.4960056677938816,sglang_custom:all_reduce_one_shot_push,False
workload_cv,fold4,tp_conditioned_plus_schedule_tp,1.0,deepseek-v2-lite-chunk-c1024-b4-l1024-m8,4,deepseek-v2-lite,4,prefill,c1024,2789.97314453125,3016.7208574001334,0.08127236397000509,sglang_custom:all_reduce_two_shot,False
workload_cv,fold4,tp_conditioned_plus_schedule_tp,1.0,deepseek-v2-lite-chunk-c4096-b4-l4096-m8,4,deepseek-v2-lite,4,prefill,c4096,10159.982421875,10105.441932960162,0.005368167645389716,nccl:all_reduce,False
workload_cv,fold4,tp_conditioned_plus_schedule_tp,1.0,deepseek-v2-lite-mixed-uniform_b16,4,deepseek-v2-lite,4,decode,uniform_b16,24345.76513671875,38177.89671423239,0.5681534960941422,sglang_custom:all_reduce_one_shot_push,False
workload_cv,fold4,tp_conditioned_plus_schedule_tp,1.0,deepseek-v2-lite-chunk-c1024-b4-l1024-m8,4,deepseek-v2-lite,8,prefill,c1024,3298.1376953125,3587.491606827547,0.08773251399609336,sglang_custom:all_reduce_two_shot,False
workload_cv,fold4,tp_conditioned_plus_schedule_tp,1.0,deepseek-v2-lite-chunk-c4096-b4-l4096-m8,4,deepseek-v2-lite,8,prefill,c4096,14075.228515625,13735.75826443761,0.024118276361235716,nccl:all_reduce,False
workload_cv,fold4,tp_conditioned_plus_schedule_tp,1.0,deepseek-v2-lite-mixed-uniform_b16,4,deepseek-v2-lite,8,decode,uniform_b16,29164.29736328125,44271.22764475696,0.5179939737034708,sglang_custom:all_reduce_one_shot_push,False
workload_cv,fold4,tp_conditioned_plus_schedule_tp,1.0,qwen3-30b-a3b-chunk-c1024-b4-l1024-m8,4,qwen3-30b-a3b,2,prefill,c1024,3652.9736328125,3273.4687486890266,0.10388930287221503,sglang_custom:all_reduce_one_shot,False
workload_cv,fold4,tp_conditioned_plus_schedule_tp,1.0,qwen3-30b-a3b-chunk-c4096-b4-l4096-m8,4,qwen3-30b-a3b,2,prefill,c4096,14931.0,12758.01242213825,0.1455353009082948,nccl:all_reduce,False
workload_cv,fold4,tp_conditioned_plus_schedule_tp,1.0,qwen3-30b-a3b-mixed-uniform_b16,4,qwen3-30b-a3b,2,decode,uniform_b16,54753.421875,32810.847715936805,0.4007525631760014,flashinfer_mnnvl:fused_allreduce_residual_rmsnorm+sglang_custom:all_reduce_one_shot_push,False
workload_cv,fold4,tp_conditioned_plus_schedule_tp,1.0,qwen3-30b-a3b-chunk-c1024-b4-l1024-m8,4,qwen3-30b-a3b,4,prefill,c1024,4896.91455078125,4445.955879188295,0.09209036974537564,sglang_custom:all_reduce_two_shot,False
workload_cv,fold4,tp_conditioned_plus_schedule_tp,1.0,qwen3-30b-a3b-chunk-c4096-b4-l4096-m8,4,qwen3-30b-a3b,4,prefill,c4096,18524.94677734375,16196.819208339342,0.12567526357763886,nccl:all_reduce,False
workload_cv,fold4,tp_conditioned_plus_schedule_tp,1.0,qwen3-30b-a3b-mixed-uniform_b16,4,qwen3-30b-a3b,4,decode,uniform_b16,55604.7890625,37685.76089808136,0.32225692186832294,flashinfer_mnnvl:fused_allreduce_residual_rmsnorm+sglang_custom:all_reduce_one_shot_push,False
workload_cv,fold4,tp_conditioned_plus_schedule_tp,1.0,qwen3-30b-a3b-chunk-c1024-b4-l1024-m8,4,qwen3-30b-a3b,8,prefill,c1024,5833.5234375,5224.182178672516,0.10445509739626964,sglang_custom:all_reduce_two_shot,False
workload_cv,fold4,tp_conditioned_plus_schedule_tp,1.0,qwen3-30b-a3b-chunk-c4096-b4-l4096-m8,4,qwen3-30b-a3b,8,prefill,c4096,24917.75244140625,22104.136342962403,0.11291612696851475,nccl:all_reduce,False
workload_cv,fold4,tp_conditioned_plus_schedule_tp,1.0,qwen3-30b-a3b-mixed-uniform_b16,4,qwen3-30b-a3b,8,decode,uniform_b16,56344.091796875,35826.511637701464,0.36414785481219697,flashinfer_mnnvl:fused_allreduce_residual_rmsnorm+sglang_custom:all_reduce_one_shot_push,False
workload_cv,fold4,tp_conditioned_plus_schedule_tp,1.0,qwen3-8b-chunk-c1024-b4-l1024-m8,4,qwen3-8b,2,prefill,c1024,6336.9208984375,6480.160293313894,0.022603942383391983,nccl:all_reduce,False
workload_cv,fold4,tp_conditioned_plus_schedule_tp,1.0,qwen3-8b-chunk-c4096-b4-l4096-m8,4,qwen3-8b,2,prefill,c4096,21377.5087890625,21590.81401081494,0.009978020538182298,nccl:all_reduce,False
workload_cv,fold4,tp_conditioned_plus_schedule_tp,1.0,qwen3-8b-mixed-uniform_b16,4,qwen3-8b,2,decode,uniform_b16,35672.68798828125,44647.87179940742,0.25159819226615565,sglang_custom:all_reduce_one_shot_push,False
workload_cv,fold4,tp_conditioned_plus_schedule_tp,1.0,qwen3-8b-chunk-c1024-b4-l1024-m8,4,qwen3-8b,4,prefill,c1024,8799.83447265625,8969.205450283112,0.019247064038891794,nccl:all_reduce,False
workload_cv,fold4,tp_conditioned_plus_schedule_tp,1.0,qwen3-8b-chunk-c4096-b4-l4096-m8,4,qwen3-8b,4,prefill,c4096,25776.99267578125,26454.968149143977,0.02630157372856447,nccl:all_reduce,False
workload_cv,fold4,tp_conditioned_plus_schedule_tp,1.0,qwen3-8b-mixed-uniform_b16,4,qwen3-8b,4,decode,uniform_b16,40823.62744140625,62762.44327518478,0.5374048610762748,sglang_custom:all_reduce_one_shot_push,False
workload_cv,fold4,tp_conditioned_plus_schedule_tp,1.0,qwen3-8b-chunk-c1024-b4-l1024-m8,4,qwen3-8b,8,prefill,c1024,10559.283203125,10964.037080578599,0.038331567556954306,nccl:all_reduce,False
workload_cv,fold4,tp_conditioned_plus_schedule_tp,1.0,qwen3-8b-chunk-c4096-b4-l4096-m8,4,qwen3-8b,8,prefill,c4096,27712.51171875,28357.162322288274,0.02326207779651058,nccl:all_reduce,False
workload_cv,fold4,tp_conditioned_plus_schedule_tp,1.0,qwen3-8b-mixed-uniform_b16,4,qwen3-8b,8,decode,uniform_b16,48037.93359375,73485.72735266117,0.5297437224115332,sglang_custom:all_reduce_one_shot_push,False
workload_cv,fold5,additive_tp_phase,0.1,deepseek-v2-lite-chunk-c1024-b4-l1025-m8,5,deepseek-v2-lite,2,prefill,c1024,2431.26953125,2472.589815659265,0.01699535320052343,sglang_custom:all_reduce_one_shot+sglang_custom:all_reduce_one_shot_push,False
workload_cv,fold5,additive_tp_phase,0.1,deepseek-v2-lite-chunk-c4096-b4-l4097-m8,5,deepseek-v2-lite,2,prefill,c4096,8703.27783203125,8521.641437843262,0.02086988347304043,nccl:all_reduce+sglang_custom:all_reduce_one_shot_push,False
workload_cv,fold5,additive_tp_phase,0.1,deepseek-v2-lite-mixed-uniform_b4,5,deepseek-v2-lite,2,decode,uniform_b4,16919.89208984375,32949.30926561076,0.947371123329371,sglang_custom:all_reduce_one_shot_push,False
workload_cv,fold5,additive_tp_phase,0.1,deepseek-v2-lite-chunk-c1024-b4-l1025-m8,5,deepseek-v2-lite,4,prefill,c1024,3078.63525390625,3191.8447750984237,0.036772631979878304,sglang_custom:all_reduce_one_shot_push+sglang_custom:all_reduce_two_shot,False
workload_cv,fold5,additive_tp_phase,0.1,deepseek-v2-lite-chunk-c4096-b4-l4097-m8,5,deepseek-v2-lite,4,prefill,c4096,10541.125,11000.513116402188,0.04358055865974341,nccl:all_reduce+sglang_custom:all_reduce_one_shot_push,False
workload_cv,fold5,additive_tp_phase,0.1,deepseek-v2-lite-mixed-uniform_b4,5,deepseek-v2-lite,4,decode,uniform_b4,22655.25,38546.79730763611,0.7014509796906284,sglang_custom:all_reduce_one_shot_push,False
workload_cv,fold5,additive_tp_phase,0.1,deepseek-v2-lite-chunk-c1024-b4-l1025-m8,5,deepseek-v2-lite,8,prefill,c1024,3687.0244140625,3749.9840846511684,0.017076011308343103,sglang_custom:all_reduce_one_shot_push+sglang_custom:all_reduce_two_shot,False
workload_cv,fold5,additive_tp_phase,0.1,deepseek-v2-lite-chunk-c4096-b4-l4097-m8,5,deepseek-v2-lite,8,prefill,c4096,14437.13134765625,12924.10878853988,0.10480077535361605,nccl:all_reduce+sglang_custom:all_reduce_one_shot_push,False
workload_cv,fold5,additive_tp_phase,0.1,deepseek-v2-lite-mixed-uniform_b4,5,deepseek-v2-lite,8,decode,uniform_b4,24850.6796875,42881.010442897255,0.7255467851234101,sglang_custom:all_reduce_one_shot_push,False
workload_cv,fold5,additive_tp_phase,0.1,qwen3-30b-a3b-chunk-c1024-b4-l1025-m8,5,qwen3-30b-a3b,2,prefill,c1024,4271.89697265625,2718.1426501881297,0.3637153078394589,flashinfer_mnnvl:fused_allreduce_residual_rmsnorm+sglang_custom:all_reduce_one_shot+sglang_custom:all_reduce_one_shot_push,False
workload_cv,fold5,additive_tp_phase,0.1,qwen3-30b-a3b-chunk-c4096-b4-l4097-m8,5,qwen3-30b-a3b,2,prefill,c4096,15502.69140625,10295.507971383686,0.33588899491136154,flashinfer_mnnvl:fused_allreduce_residual_rmsnorm+nccl:all_reduce+sglang_custom:all_reduce_one_shot_push,False
workload_cv,fold5,additive_tp_phase,0.1,qwen3-30b-a3b-mixed-uniform_b4,5,qwen3-30b-a3b,2,decode,uniform_b4,41809.55615234375,31052.254916332608,0.25729288291925845,flashinfer_mnnvl:fused_allreduce_residual_rmsnorm+sglang_custom:all_reduce_one_shot_push,False
workload_cv,fold5,additive_tp_phase,0.1,qwen3-30b-a3b-chunk-c1024-b4-l1025-m8,5,qwen3-30b-a3b,4,prefill,c1024,5718.04443359375,3508.826802177013,0.3863589479013998,flashinfer_mnnvl:fused_allreduce_residual_rmsnorm+sglang_custom:all_reduce_one_shot_push+sglang_custom:all_reduce_two_shot,False
workload_cv,fold5,additive_tp_phase,0.1,qwen3-30b-a3b-chunk-c4096-b4-l4097-m8,5,qwen3-30b-a3b,4,prefill,c4096,18688.220703125,13290.382059057109,0.28883641357923806,flashinfer_mnnvl:fused_allreduce_residual_rmsnorm+nccl:all_reduce+sglang_custom:all_reduce_one_shot_push,False
workload_cv,fold5,additive_tp_phase,0.1,qwen3-30b-a3b-mixed-uniform_b4,5,qwen3-30b-a3b,4,decode,uniform_b4,51676.00732421875,36327.46794647365,0.2970148076930041,flashinfer_mnnvl:fused_allreduce_residual_rmsnorm+sglang_custom:all_reduce_one_shot_push,False
workload_cv,fold5,additive_tp_phase,0.1,qwen3-30b-a3b-chunk-c1024-b4-l1025-m8,5,qwen3-30b-a3b,8,prefill,c1024,6566.15234375,4122.394913003096,0.3721749516020592,flashinfer_mnnvl:fused_allreduce_residual_rmsnorm+sglang_custom:all_reduce_one_shot_push+sglang_custom:all_reduce_two_shot,False
workload_cv,fold5,additive_tp_phase,0.1,qwen3-30b-a3b-chunk-c4096-b4-l4097-m8,5,qwen3-30b-a3b,8,prefill,c4096,25768.0693359375,15614.393779177643,0.3940409902032905,flashinfer_mnnvl:fused_allreduce_residual_rmsnorm+nccl:all_reduce+sglang_custom:all_reduce_one_shot_push,False
workload_cv,fold5,additive_tp_phase,0.1,qwen3-30b-a3b-mixed-uniform_b4,5,qwen3-30b-a3b,8,decode,uniform_b4,50887.40087890625,40412.13904087851,0.2058517758247293,flashinfer_mnnvl:fused_allreduce_residual_rmsnorm+sglang_custom:all_reduce_one_shot_push,False
workload_cv,fold5,additive_tp_phase,0.1,qwen3-8b-chunk-c1024-b4-l1025-m8,5,qwen3-8b,2,prefill,c1024,6733.70361328125,5147.1520987699305,0.23561350567644196,nccl:all_reduce+sglang_custom:all_reduce_one_shot_push,False
workload_cv,fold5,additive_tp_phase,0.1,qwen3-8b-chunk-c4096-b4-l4097-m8,5,qwen3-8b,2,prefill,c4096,21858.9111328125,14172.744108952333,0.35162625334628084,nccl:all_reduce+sglang_custom:all_reduce_one_shot_push,False
workload_cv,fold5,additive_tp_phase,0.1,qwen3-8b-mixed-uniform_b4,5,qwen3-8b,2,decode,uniform_b4,25195.66064453125,26229.383714943997,0.04102782161566848,sglang_custom:all_reduce_one_shot_push,False
workload_cv,fold5,additive_tp_phase,0.1,qwen3-8b-chunk-c1024-b4-l1025-m8,5,qwen3-8b,4,prefill,c1024,9370.06298828125,6644.414058914678,0.2908890722266679,nccl:all_reduce+sglang_custom:all_reduce_one_shot_push,False
workload_cv,fold5,additive_tp_phase,0.1,qwen3-8b-chunk-c4096-b4-l4097-m8,5,qwen3-8b,4,prefill,c4096,26396.96240234375,18295.472603855593,0.30690992679403284,nccl:all_reduce+sglang_custom:all_reduce_one_shot_push,False
workload_cv,fold5,additive_tp_phase,0.1,qwen3-8b-mixed-uniform_b4,5,qwen3-8b,4,decode,uniform_b4,32978.98974609375,30685.278693213848,0.0695506766744298,sglang_custom:all_reduce_one_shot_push,False
workload_cv,fold5,additive_tp_phase,0.1,qwen3-8b-chunk-c1024-b4-l1025-m8,5,qwen3-8b,8,prefill,c1024,11195.802734375,7806.284054648036,0.3027490533858698,nccl:all_reduce+sglang_custom:all_reduce_one_shot_push,False
workload_cv,fold5,additive_tp_phase,0.1,qwen3-8b-chunk-c4096-b4-l4097-m8,5,qwen3-8b,8,prefill,c4096,28354.4482421875,21494.6953626572,0.2419286321827958,nccl:all_reduce+sglang_custom:all_reduce_one_shot_push,False
workload_cv,fold5,additive_tp_phase,0.1,qwen3-8b-mixed-uniform_b4,5,qwen3-8b,8,decode,uniform_b4,39151.01904296875,34135.54038187903,0.1281059544219058,sglang_custom:all_reduce_one_shot_push,False
workload_cv,fold5,tp_conditioned_pattern,0.1,deepseek-v2-lite-chunk-c1024-b4-l1025-m8,5,deepseek-v2-lite,2,prefill,c1024,2431.26953125,2335.148961304958,0.03953513533138512,sglang_custom:all_reduce_one_shot+sglang_custom:all_reduce_one_shot_push,False
workload_cv,fold5,tp_conditioned_pattern,0.1,deepseek-v2-lite-chunk-c4096-b4-l4097-m8,5,deepseek-v2-lite,2,prefill,c4096,8703.27783203125,8029.479954467221,0.07741886339468626,nccl:all_reduce+sglang_custom:all_reduce_one_shot_push,False
workload_cv,fold5,tp_conditioned_pattern,0.1,deepseek-v2-lite-mixed-uniform_b4,5,deepseek-v2-lite,2,decode,uniform_b4,16919.89208984375,30193.193461897812,0.7844790795102901,sglang_custom:all_reduce_one_shot_push,False
workload_cv,fold5,tp_conditioned_pattern,0.1,deepseek-v2-lite-chunk-c1024-b4-l1025-m8,5,deepseek-v2-lite,4,prefill,c1024,3078.63525390625,3284.75619657603,0.06695205039578776,sglang_custom:all_reduce_one_shot_push+sglang_custom:all_reduce_two_shot,False
workload_cv,fold5,tp_conditioned_pattern,0.1,deepseek-v2-lite-chunk-c4096-b4-l4097-m8,5,deepseek-v2-lite,4,prefill,c4096,10541.125,10635.146409468694,0.008919485298646435,nccl:all_reduce+sglang_custom:all_reduce_one_shot_push,False
workload_cv,fold5,tp_conditioned_pattern,0.1,deepseek-v2-lite-mixed-uniform_b4,5,deepseek-v2-lite,4,decode,uniform_b4,22655.25,39688.30323564345,0.7518369135473433,sglang_custom:all_reduce_one_shot_push,False
workload_cv,fold5,tp_conditioned_pattern,0.1,deepseek-v2-lite-chunk-c1024-b4-l1025-m8,5,deepseek-v2-lite,8,prefill,c1024,3687.0244140625,3867.455031212809,0.04893664833412477,sglang_custom:all_reduce_one_shot_push+sglang_custom:all_reduce_two_shot,False
workload_cv,fold5,tp_conditioned_pattern,0.1,deepseek-v2-lite-chunk-c4096-b4-l4097-m8,5,deepseek-v2-lite,8,prefill,c4096,14437.13134765625,14243.198940124601,0.013432890708106797,nccl:all_reduce+sglang_custom:all_reduce_one_shot_push,False
workload_cv,fold5,tp_conditioned_pattern,0.1,deepseek-v2-lite-mixed-uniform_b4,5,deepseek-v2-lite,8,decode,uniform_b4,24850.6796875,47273.67076073311,0.9023089651955063,sglang_custom:all_reduce_one_shot_push,False
workload_cv,fold5,tp_conditioned_pattern,0.1,qwen3-30b-a3b-chunk-c1024-b4-l1025-m8,5,qwen3-30b-a3b,2,prefill,c1024,4271.89697265625,2491.9796288954376,0.416657366774945,flashinfer_mnnvl:fused_allreduce_residual_rmsnorm+sglang_custom:all_reduce_one_shot+sglang_custom:all_reduce_one_shot_push,False
workload_cv,fold5,tp_conditioned_pattern,0.1,qwen3-30b-a3b-chunk-c4096-b4-l4097-m8,5,qwen3-30b-a3b,2,prefill,c4096,15502.69140625,9429.141172982328,0.39177392325690524,flashinfer_mnnvl:fused_allreduce_residual_rmsnorm+nccl:all_reduce+sglang_custom:all_reduce_one_shot_push,False
workload_cv,fold5,tp_conditioned_pattern,0.1,qwen3-30b-a3b-mixed-uniform_b4,5,qwen3-30b-a3b,2,decode,uniform_b4,41809.55615234375,28376.753659249305,0.32128546029402016,flashinfer_mnnvl:fused_allreduce_residual_rmsnorm+sglang_custom:all_reduce_one_shot_push,False
workload_cv,fold5,tp_conditioned_pattern,0.1,qwen3-30b-a3b-chunk-c1024-b4-l1025-m8,5,qwen3-30b-a3b,4,prefill,c1024,5718.04443359375,3836.032663091156,0.3291355624041143,flashinfer_mnnvl:fused_allreduce_residual_rmsnorm+sglang_custom:all_reduce_one_shot_push+sglang_custom:all_reduce_two_shot,False
workload_cv,fold5,tp_conditioned_pattern,0.1,qwen3-30b-a3b-chunk-c4096-b4-l4097-m8,5,qwen3-30b-a3b,4,prefill,c4096,18688.220703125,13530.270155746784,0.27600008739813925,flashinfer_mnnvl:fused_allreduce_residual_rmsnorm+nccl:all_reduce+sglang_custom:all_reduce_one_shot_push,False
workload_cv,fold5,tp_conditioned_pattern,0.1,qwen3-30b-a3b-mixed-uniform_b4,5,qwen3-30b-a3b,4,decode,uniform_b4,51676.00732421875,40189.54514404235,0.22227843780788953,flashinfer_mnnvl:fused_allreduce_residual_rmsnorm+sglang_custom:all_reduce_one_shot_push,False
workload_cv,fold5,tp_conditioned_pattern,0.1,qwen3-30b-a3b-chunk-c1024-b4-l1025-m8,5,qwen3-30b-a3b,8,prefill,c1024,6566.15234375,4209.068077900032,0.3589749586138618,flashinfer_mnnvl:fused_allreduce_residual_rmsnorm+sglang_custom:all_reduce_one_shot_push+sglang_custom:all_reduce_two_shot,False
workload_cv,fold5,tp_conditioned_pattern,0.1,qwen3-30b-a3b-chunk-c4096-b4-l4097-m8,5,qwen3-30b-a3b,8,prefill,c4096,25768.0693359375,17134.02045365336,0.335067744879227,flashinfer_mnnvl:fused_allreduce_residual_rmsnorm+nccl:all_reduce+sglang_custom:all_reduce_one_shot_push,False
workload_cv,fold5,tp_conditioned_pattern,0.1,qwen3-30b-a3b-mixed-uniform_b4,5,qwen3-30b-a3b,8,decode,uniform_b4,50887.40087890625,40707.721884302824,0.20004320949359172,flashinfer_mnnvl:fused_allreduce_residual_rmsnorm+sglang_custom:all_reduce_one_shot_push,False
workload_cv,fold5,tp_conditioned_pattern,0.1,qwen3-8b-chunk-c1024-b4-l1025-m8,5,qwen3-8b,2,prefill,c1024,6733.70361328125,4797.144346284819,0.2875919966505282,nccl:all_reduce+sglang_custom:all_reduce_one_shot_push,False
workload_cv,fold5,tp_conditioned_pattern,0.1,qwen3-8b-chunk-c4096-b4-l4097-m8,5,qwen3-8b,2,prefill,c4096,21858.9111328125,14798.61732672876,0.3229938473689801,nccl:all_reduce+sglang_custom:all_reduce_one_shot_push,False
workload_cv,fold5,tp_conditioned_pattern,0.1,qwen3-8b-mixed-uniform_b4,5,qwen3-8b,2,decode,uniform_b4,25195.66064453125,24665.312512129633,0.021049185408707677,sglang_custom:all_reduce_one_shot_push,False
workload_cv,fold5,tp_conditioned_pattern,0.1,qwen3-8b-chunk-c1024-b4-l1025-m8,5,qwen3-8b,4,prefill,c1024,9370.06298828125,6795.046937038902,0.274813099385011,nccl:all_reduce+sglang_custom:all_reduce_one_shot_push,False
workload_cv,fold5,tp_conditioned_pattern,0.1,qwen3-8b-chunk-c4096-b4-l4097-m8,5,qwen3-8b,4,prefill,c4096,26396.96240234375,18847.836474606866,0.2859846452282179,nccl:all_reduce+sglang_custom:all_reduce_one_shot_push,False
workload_cv,fold5,tp_conditioned_pattern,0.1,qwen3-8b-mixed-uniform_b4,5,qwen3-8b,4,decode,uniform_b4,32978.98974609375,30989.698479594525,0.06031995770079192,sglang_custom:all_reduce_one_shot_push,False
workload_cv,fold5,tp_conditioned_pattern,0.1,qwen3-8b-chunk-c1024-b4-l1025-m8,5,qwen3-8b,8,prefill,c1024,11195.802734375,7930.896976071173,0.29161872853292,nccl:all_reduce+sglang_custom:all_reduce_one_shot_push,False
workload_cv,fold5,tp_conditioned_pattern,0.1,qwen3-8b-chunk-c4096-b4-l4097-m8,5,qwen3-8b,8,prefill,c4096,28354.4482421875,19313.71471692443,0.3188470975715093,nccl:all_reduce+sglang_custom:all_reduce_one_shot_push,False
workload_cv,fold5,tp_conditioned_pattern,0.1,qwen3-8b-mixed-uniform_b4,5,qwen3-8b,8,decode,uniform_b4,39151.01904296875,34862.79387715742,0.10953035886766953,sglang_custom:all_reduce_one_shot_push,False
workload_cv,fold5,additive_plus_schedule,10.0,deepseek-v2-lite-chunk-c1024-b4-l1025-m8,5,deepseek-v2-lite,2,prefill,c1024,2431.26953125,2995.5294353301565,0.23208447143663702,sglang_custom:all_reduce_one_shot+sglang_custom:all_reduce_one_shot_push,False
workload_cv,fold5,additive_plus_schedule,10.0,deepseek-v2-lite-chunk-c4096-b4-l4097-m8,5,deepseek-v2-lite,2,prefill,c4096,8703.27783203125,9506.750102607235,0.09231835247392801,nccl:all_reduce+sglang_custom:all_reduce_one_shot_push,False
workload_cv,fold5,additive_plus_schedule,10.0,deepseek-v2-lite-mixed-uniform_b4,5,deepseek-v2-lite,2,decode,uniform_b4,16919.89208984375,12497.412278034573,0.2613775423818331,sglang_custom:all_reduce_one_shot_push,False
workload_cv,fold5,additive_plus_schedule,10.0,deepseek-v2-lite-chunk-c1024-b4-l1025-m8,5,deepseek-v2-lite,4,prefill,c1024,3078.63525390625,3614.4960655124173,0.17405790794029713,sglang_custom:all_reduce_one_shot_push+sglang_custom:all_reduce_two_shot,False
workload_cv,fold5,additive_plus_schedule,10.0,deepseek-v2-lite-chunk-c4096-b4-l4097-m8,5,deepseek-v2-lite,4,prefill,c4096,10541.125,11471.131091688421,0.0882264551163582,nccl:all_reduce+sglang_custom:all_reduce_one_shot_push,False
workload_cv,fold5,additive_plus_schedule,10.0,deepseek-v2-lite-mixed-uniform_b4,5,deepseek-v2-lite,4,decode,uniform_b4,22655.25,15078.261551968782,0.33444735538258097,sglang_custom:all_reduce_one_shot_push,False
workload_cv,fold5,additive_plus_schedule,10.0,deepseek-v2-lite-chunk-c1024-b4-l1025-m8,5,deepseek-v2-lite,8,prefill,c1024,3687.0244140625,4195.022949953309,0.13778008465397637,sglang_custom:all_reduce_one_shot_push+sglang_custom:all_reduce_two_shot,False
workload_cv,fold5,additive_plus_schedule,10.0,deepseek-v2-lite-chunk-c4096-b4-l4097-m8,5,deepseek-v2-lite,8,prefill,c4096,14437.13134765625,13313.517934272204,0.07782802457958211,nccl:all_reduce+sglang_custom:all_reduce_one_shot_push,False
workload_cv,fold5,additive_plus_schedule,10.0,deepseek-v2-lite-mixed-uniform_b4,5,deepseek-v2-lite,8,decode,uniform_b4,24850.6796875,16817.081333289007,0.3232747938983708,sglang_custom:all_reduce_one_shot_push,False
workload_cv,fold5,additive_plus_schedule,10.0,qwen3-30b-a3b-chunk-c1024-b4-l1025-m8,5,qwen3-30b-a3b,2,prefill,c1024,4271.89697265625,3947.9957331293617,0.07582140711729002,flashinfer_mnnvl:fused_allreduce_residual_rmsnorm+sglang_custom:all_reduce_one_shot+sglang_custom:all_reduce_one_shot_push,False
workload_cv,fold5,additive_plus_schedule,10.0,qwen3-30b-a3b-chunk-c4096-b4-l4097-m8,5,qwen3-30b-a3b,2,prefill,c4096,15502.69140625,14018.718771178737,0.09572354865252562,flashinfer_mnnvl:fused_allreduce_residual_rmsnorm+nccl:all_reduce+sglang_custom:all_reduce_one_shot_push,False
workload_cv,fold5,additive_plus_schedule,10.0,qwen3-30b-a3b-mixed-uniform_b4,5,qwen3-30b-a3b,2,decode,uniform_b4,41809.55615234375,17478.338139221552,0.5819535114045511,flashinfer_mnnvl:fused_allreduce_residual_rmsnorm+sglang_custom:all_reduce_one_shot_push,False
workload_cv,fold5,additive_plus_schedule,10.0,qwen3-30b-a3b-chunk-c1024-b4-l1025-m8,5,qwen3-30b-a3b,4,prefill,c1024,5718.04443359375,4763.770596192823,0.1668881465478876,flashinfer_mnnvl:fused_allreduce_residual_rmsnorm+sglang_custom:all_reduce_one_shot_push+sglang_custom:all_reduce_two_shot,False
workload_cv,fold5,additive_plus_schedule,10.0,qwen3-30b-a3b-chunk-c4096-b4-l4097-m8,5,qwen3-30b-a3b,4,prefill,c4096,18688.220703125,16915.408423074263,0.09486255049172722,flashinfer_mnnvl:fused_allreduce_residual_rmsnorm+nccl:all_reduce+sglang_custom:all_reduce_one_shot_push,False
workload_cv,fold5,additive_plus_schedule,10.0,qwen3-30b-a3b-mixed-uniform_b4,5,qwen3-30b-a3b,4,decode,uniform_b4,51676.00732421875,21087.801866001973,0.5919227711673681,flashinfer_mnnvl:fused_allreduce_residual_rmsnorm+sglang_custom:all_reduce_one_shot_push,False
workload_cv,fold5,additive_plus_schedule,10.0,qwen3-30b-a3b-chunk-c1024-b4-l1025-m8,5,qwen3-30b-a3b,8,prefill,c1024,6566.15234375,5528.883312398503,0.15797212386319706,flashinfer_mnnvl:fused_allreduce_residual_rmsnorm+sglang_custom:all_reduce_one_shot_push+sglang_custom:all_reduce_two_shot,False
workload_cv,fold5,additive_plus_schedule,10.0,qwen3-30b-a3b-chunk-c4096-b4-l4097-m8,5,qwen3-30b-a3b,8,prefill,c4096,25768.0693359375,19632.204671543932,0.23811891315567713,flashinfer_mnnvl:fused_allreduce_residual_rmsnorm+nccl:all_reduce+sglang_custom:all_reduce_one_shot_push,False
workload_cv,fold5,additive_plus_schedule,10.0,qwen3-30b-a3b-mixed-uniform_b4,5,qwen3-30b-a3b,8,decode,uniform_b4,50887.40087890625,23519.63970770453,0.5378101592637275,flashinfer_mnnvl:fused_allreduce_residual_rmsnorm+sglang_custom:all_reduce_one_shot_push,False
workload_cv,fold5,additive_plus_schedule,10.0,qwen3-8b-chunk-c1024-b4-l1025-m8,5,qwen3-8b,2,prefill,c1024,6733.70361328125,8664.843387872523,0.2867871658001669,nccl:all_reduce+sglang_custom:all_reduce_one_shot_push,False
workload_cv,fold5,additive_plus_schedule,10.0,qwen3-8b-chunk-c4096-b4-l4097-m8,5,qwen3-8b,2,prefill,c4096,21858.9111328125,23105.569035973145,0.057032022116109984,nccl:all_reduce+sglang_custom:all_reduce_one_shot_push,False
workload_cv,fold5,additive_plus_schedule,10.0,qwen3-8b-mixed-uniform_b4,5,qwen3-8b,2,decode,uniform_b4,25195.66064453125,21013.074879224147,0.1660042109757078,sglang_custom:all_reduce_one_shot_push,False
workload_cv,fold5,additive_plus_schedule,10.0,qwen3-8b-chunk-c1024-b4-l1025-m8,5,qwen3-8b,4,prefill,c1024,9370.06298828125,10455.261084855487,0.1158154537415009,nccl:all_reduce+sglang_custom:all_reduce_one_shot_push,False
workload_cv,fold5,additive_plus_schedule,10.0,qwen3-8b-chunk-c4096-b4-l4097-m8,5,qwen3-8b,4,prefill,c4096,26396.96240234375,27879.875719780986,0.056177422797161335,nccl:all_reduce+sglang_custom:all_reduce_one_shot_push,False
workload_cv,fold5,additive_plus_schedule,10.0,qwen3-8b-mixed-uniform_b4,5,qwen3-8b,4,decode,uniform_b4,32978.98974609375,25352.499540798937,0.2312529966506371,sglang_custom:all_reduce_one_shot_push,False
workload_cv,fold5,additive_plus_schedule,10.0,qwen3-8b-chunk-c1024-b4-l1025-m8,5,qwen3-8b,8,prefill,c1024,11195.802734375,12134.488294844616,0.08384263127355086,nccl:all_reduce+sglang_custom:all_reduce_one_shot_push,False
workload_cv,fold5,additive_plus_schedule,10.0,qwen3-8b-chunk-c4096-b4-l4097-m8,5,qwen3-8b,8,prefill,c4096,28354.4482421875,32357.68316426318,0.14118542839847684,nccl:all_reduce+sglang_custom:all_reduce_one_shot_push,False
workload_cv,fold5,additive_plus_schedule,10.0,qwen3-8b-mixed-uniform_b4,5,qwen3-8b,8,decode,uniform_b4,39151.01904296875,28276.140807765623,0.27776743750316707,sglang_custom:all_reduce_one_shot_push,False
workload_cv,fold5,tp_conditioned_plus_schedule,10.0,deepseek-v2-lite-chunk-c1024-b4-l1025-m8,5,deepseek-v2-lite,2,prefill,c1024,2431.26953125,2844.1570419446257,0.16982383293486425,sglang_custom:all_reduce_one_shot+sglang_custom:all_reduce_one_shot_push,False
workload_cv,fold5,tp_conditioned_plus_schedule,10.0,deepseek-v2-lite-chunk-c4096-b4-l4097-m8,5,deepseek-v2-lite,2,prefill,c4096,8703.27783203125,8465.394509094267,0.027332612784287454,nccl:all_reduce+sglang_custom:all_reduce_one_shot_push,False
workload_cv,fold5,tp_conditioned_plus_schedule,10.0,deepseek-v2-lite-mixed-uniform_b4,5,deepseek-v2-lite,2,decode,uniform_b4,16919.89208984375,12395.911043502663,0.2673764715707986,sglang_custom:all_reduce_one_shot_push,False
workload_cv,fold5,tp_conditioned_plus_schedule,10.0,deepseek-v2-lite-chunk-c1024-b4-l1025-m8,5,deepseek-v2-lite,4,prefill,c1024,3078.63525390625,3658.9124581281694,0.18848520736116728,sglang_custom:all_reduce_one_shot_push+sglang_custom:all_reduce_two_shot,False
workload_cv,fold5,tp_conditioned_plus_schedule,10.0,deepseek-v2-lite-chunk-c4096-b4-l4097-m8,5,deepseek-v2-lite,4,prefill,c4096,10541.125,11417.372735281622,0.0831265861358842,nccl:all_reduce+sglang_custom:all_reduce_one_shot_push,False
workload_cv,fold5,tp_conditioned_plus_schedule,10.0,deepseek-v2-lite-mixed-uniform_b4,5,deepseek-v2-lite,4,decode,uniform_b4,22655.25,14972.314282342282,0.33912385507366805,sglang_custom:all_reduce_one_shot_push,False
workload_cv,fold5,tp_conditioned_plus_schedule,10.0,deepseek-v2-lite-chunk-c1024-b4-l1025-m8,5,deepseek-v2-lite,8,prefill,c1024,3687.0244140625,4246.932080936522,0.15185895291023982,sglang_custom:all_reduce_one_shot_push+sglang_custom:all_reduce_two_shot,False
workload_cv,fold5,tp_conditioned_plus_schedule,10.0,deepseek-v2-lite-chunk-c4096-b4-l4097-m8,5,deepseek-v2-lite,8,prefill,c4096,14437.13134765625,14678.651931598897,0.016729125622442716,nccl:all_reduce+sglang_custom:all_reduce_one_shot_push,False
workload_cv,fold5,tp_conditioned_plus_schedule,10.0,deepseek-v2-lite-mixed-uniform_b4,5,deepseek-v2-lite,8,decode,uniform_b4,24850.6796875,17000.940705398036,0.31587622877173926,sglang_custom:all_reduce_one_shot_push,False
workload_cv,fold5,tp_conditioned_plus_schedule,10.0,qwen3-30b-a3b-chunk-c1024-b4-l1025-m8,5,qwen3-30b-a3b,2,prefill,c1024,4271.89697265625,3841.6532821869605,0.10071490329078923,flashinfer_mnnvl:fused_allreduce_residual_rmsnorm+sglang_custom:all_reduce_one_shot+sglang_custom:all_reduce_one_shot_push,False
workload_cv,fold5,tp_conditioned_plus_schedule,10.0,qwen3-30b-a3b-chunk-c4096-b4-l4097-m8,5,qwen3-30b-a3b,2,prefill,c4096,15502.69140625,12708.278468249757,0.18025340663580902,flashinfer_mnnvl:fused_allreduce_residual_rmsnorm+nccl:all_reduce+sglang_custom:all_reduce_one_shot_push,False
workload_cv,fold5,tp_conditioned_plus_schedule,10.0,qwen3-30b-a3b-mixed-uniform_b4,5,qwen3-30b-a3b,2,decode,uniform_b4,41809.55615234375,18996.215156439997,0.5456489639061831,flashinfer_mnnvl:fused_allreduce_residual_rmsnorm+sglang_custom:all_reduce_one_shot_push,False
workload_cv,fold5,tp_conditioned_plus_schedule,10.0,qwen3-30b-a3b-chunk-c1024-b4-l1025-m8,5,qwen3-30b-a3b,4,prefill,c1024,5718.04443359375,4631.943670149026,0.1899426938804177,flashinfer_mnnvl:fused_allreduce_residual_rmsnorm+sglang_custom:all_reduce_one_shot_push+sglang_custom:all_reduce_two_shot,False
workload_cv,fold5,tp_conditioned_plus_schedule,10.0,qwen3-30b-a3b-chunk-c4096-b4-l4097-m8,5,qwen3-30b-a3b,4,prefill,c4096,18688.220703125,16160.156634953782,0.1352758033164966,flashinfer_mnnvl:fused_allreduce_residual_rmsnorm+nccl:all_reduce+sglang_custom:all_reduce_one_shot_push,False
workload_cv,fold5,tp_conditioned_plus_schedule,10.0,qwen3-30b-a3b-mixed-uniform_b4,5,qwen3-30b-a3b,4,decode,uniform_b4,51676.00732421875,19111.840933974756,0.630160263464904,flashinfer_mnnvl:fused_allreduce_residual_rmsnorm+sglang_custom:all_reduce_one_shot_push,False
workload_cv,fold5,tp_conditioned_plus_schedule,10.0,qwen3-30b-a3b-chunk-c1024-b4-l1025-m8,5,qwen3-30b-a3b,8,prefill,c1024,6566.15234375,5124.273828828987,0.21959260757838908,flashinfer_mnnvl:fused_allreduce_residual_rmsnorm+sglang_custom:all_reduce_one_shot_push+sglang_custom:all_reduce_two_shot,False
workload_cv,fold5,tp_conditioned_plus_schedule,10.0,qwen3-30b-a3b-chunk-c4096-b4-l4097-m8,5,qwen3-30b-a3b,8,prefill,c4096,25768.0693359375,20055.731510349644,0.2216828025070986,flashinfer_mnnvl:fused_allreduce_residual_rmsnorm+nccl:all_reduce+sglang_custom:all_reduce_one_shot_push,False
workload_cv,fold5,tp_conditioned_plus_schedule,10.0,qwen3-30b-a3b-mixed-uniform_b4,5,qwen3-30b-a3b,8,decode,uniform_b4,50887.40087890625,19390.085931579197,0.618960968792243,flashinfer_mnnvl:fused_allreduce_residual_rmsnorm+sglang_custom:all_reduce_one_shot_push,False
workload_cv,fold5,tp_conditioned_plus_schedule,10.0,qwen3-8b-chunk-c1024-b4-l1025-m8,5,qwen3-8b,2,prefill,c1024,6733.70361328125,7554.10126637277,0.12183453567415779,nccl:all_reduce+sglang_custom:all_reduce_one_shot_push,False
workload_cv,fold5,tp_conditioned_plus_schedule,10.0,qwen3-8b-chunk-c4096-b4-l4097-m8,5,qwen3-8b,2,prefill,c4096,21858.9111328125,21215.63579298892,0.02942851708921387,nccl:all_reduce+sglang_custom:all_reduce_one_shot_push,False
workload_cv,fold5,tp_conditioned_plus_schedule,10.0,qwen3-8b-mixed-uniform_b4,5,qwen3-8b,2,decode,uniform_b4,25195.66064453125,20510.880812655356,0.18593597913427728,sglang_custom:all_reduce_one_shot_push,False
workload_cv,fold5,tp_conditioned_plus_schedule,10.0,qwen3-8b-chunk-c1024-b4-l1025-m8,5,qwen3-8b,4,prefill,c1024,9370.06298828125,11227.666598235475,0.19824878576349522,nccl:all_reduce+sglang_custom:all_reduce_one_shot_push,False
workload_cv,fold5,tp_conditioned_plus_schedule,10.0,qwen3-8b-chunk-c4096-b4-l4097-m8,5,qwen3-8b,4,prefill,c4096,26396.96240234375,30326.337638981946,0.14885709865955304,nccl:all_reduce+sglang_custom:all_reduce_one_shot_push,False
workload_cv,fold5,tp_conditioned_plus_schedule,10.0,qwen3-8b-mixed-uniform_b4,5,qwen3-8b,4,decode,uniform_b4,32978.98974609375,25703.678014812493,0.2206044450510493,sglang_custom:all_reduce_one_shot_push,False
workload_cv,fold5,tp_conditioned_plus_schedule,10.0,qwen3-8b-chunk-c1024-b4-l1025-m8,5,qwen3-8b,8,prefill,c1024,11195.802734375,13721.646245654776,0.22560628935739996,nccl:all_reduce+sglang_custom:all_reduce_one_shot_push,False
workload_cv,fold5,tp_conditioned_plus_schedule,10.0,qwen3-8b-chunk-c4096-b4-l4097-m8,5,qwen3-8b,8,prefill,c4096,28354.4482421875,32353.23171925433,0.1410284355707262,nccl:all_reduce+sglang_custom:all_reduce_one_shot_push,False
workload_cv,fold5,tp_conditioned_plus_schedule,10.0,qwen3-8b-mixed-uniform_b4,5,qwen3-8b,8,decode,uniform_b4,39151.01904296875,29269.551685726172,0.2523936183218511,sglang_custom:all_reduce_one_shot_push,False
workload_cv,fold5,tp_conditioned_plus_schedule_tp,10.0,deepseek-v2-lite-chunk-c1024-b4-l1025-m8,5,deepseek-v2-lite,2,prefill,c1024,2431.26953125,2841.5655139610894,0.1687579173914716,sglang_custom:all_reduce_one_shot+sglang_custom:all_reduce_one_shot_push,False
workload_cv,fold5,tp_conditioned_plus_schedule_tp,10.0,deepseek-v2-lite-chunk-c4096-b4-l4097-m8,5,deepseek-v2-lite,2,prefill,c4096,8703.27783203125,8455.150874013936,0.028509598659957263,nccl:all_reduce+sglang_custom:all_reduce_one_shot_push,False
workload_cv,fold5,tp_conditioned_plus_schedule_tp,10.0,deepseek-v2-lite-mixed-uniform_b4,5,deepseek-v2-lite,2,decode,uniform_b4,16919.89208984375,12764.70982731125,0.24557971412989504,sglang_custom:all_reduce_one_shot_push,False
workload_cv,fold5,tp_conditioned_plus_schedule_tp,10.0,deepseek-v2-lite-chunk-c1024-b4-l1025-m8,5,deepseek-v2-lite,4,prefill,c1024,3078.63525390625,3701.0848560813315,0.20218361411450148,sglang_custom:all_reduce_one_shot_push+sglang_custom:all_reduce_two_shot,False
workload_cv,fold5,tp_conditioned_plus_schedule_tp,10.0,deepseek-v2-lite-chunk-c4096-b4-l4097-m8,5,deepseek-v2-lite,4,prefill,c4096,10541.125,11572.721446074784,0.09786397999025566,nccl:all_reduce+sglang_custom:all_reduce_one_shot_push,False
workload_cv,fold5,tp_conditioned_plus_schedule_tp,10.0,deepseek-v2-lite-mixed-uniform_b4,5,deepseek-v2-lite,4,decode,uniform_b4,22655.25,14449.26138951429,0.3622113466188063,sglang_custom:all_reduce_one_shot_push,False
workload_cv,fold5,tp_conditioned_plus_schedule_tp,10.0,deepseek-v2-lite-chunk-c1024-b4-l1025-m8,5,deepseek-v2-lite,8,prefill,c1024,3687.0244140625,4304.351950113608,0.1674324514089435,sglang_custom:all_reduce_one_shot_push+sglang_custom:all_reduce_two_shot,False
workload_cv,fold5,tp_conditioned_plus_schedule_tp,10.0,deepseek-v2-lite-chunk-c4096-b4-l4097-m8,5,deepseek-v2-lite,8,prefill,c4096,14437.13134765625,14900.320368406077,0.032083175638976384,nccl:all_reduce+sglang_custom:all_reduce_one_shot_push,False
workload_cv,fold5,tp_conditioned_plus_schedule_tp,10.0,deepseek-v2-lite-mixed-uniform_b4,5,deepseek-v2-lite,8,decode,uniform_b4,24850.6796875,16610.843756389095,0.3315738657746081,sglang_custom:all_reduce_one_shot_push,False
workload_cv,fold5,tp_conditioned_plus_schedule_tp,10.0,qwen3-30b-a3b-chunk-c1024-b4-l1025-m8,5,qwen3-30b-a3b,2,prefill,c1024,4271.89697265625,3841.2573838069056,0.10080757836759678,flashinfer_mnnvl:fused_allreduce_residual_rmsnorm+sglang_custom:all_reduce_one_shot+sglang_custom:all_reduce_one_shot_push,False
workload_cv,fold5,tp_conditioned_plus_schedule_tp,10.0,qwen3-30b-a3b-chunk-c4096-b4-l4097-m8,5,qwen3-30b-a3b,2,prefill,c4096,15502.69140625,12702.454132672725,0.18062910498549584,flashinfer_mnnvl:fused_allreduce_residual_rmsnorm+nccl:all_reduce+sglang_custom:all_reduce_one_shot_push,False
workload_cv,fold5,tp_conditioned_plus_schedule_tp,10.0,qwen3-30b-a3b-mixed-uniform_b4,5,qwen3-30b-a3b,2,decode,uniform_b4,41809.55615234375,19555.434828363355,0.5322735606877013,flashinfer_mnnvl:fused_allreduce_residual_rmsnorm+sglang_custom:all_reduce_one_shot_push,False
workload_cv,fold5,tp_conditioned_plus_schedule_tp,10.0,qwen3-30b-a3b-chunk-c1024-b4-l1025-m8,5,qwen3-30b-a3b,4,prefill,c1024,5718.04443359375,4705.970552210898,0.17699650521022112,flashinfer_mnnvl:fused_allreduce_residual_rmsnorm+sglang_custom:all_reduce_one_shot_push+sglang_custom:all_reduce_two_shot,False
workload_cv,fold5,tp_conditioned_plus_schedule_tp,10.0,qwen3-30b-a3b-chunk-c4096-b4-l4097-m8,5,qwen3-30b-a3b,4,prefill,c4096,18688.220703125,16451.27748805369,0.11969803067968127,flashinfer_mnnvl:fused_allreduce_residual_rmsnorm+nccl:all_reduce+sglang_custom:all_reduce_one_shot_push,False
workload_cv,fold5,tp_conditioned_plus_schedule_tp,10.0,qwen3-30b-a3b-mixed-uniform_b4,5,qwen3-30b-a3b,4,decode,uniform_b4,51676.00732421875,18549.269654479092,0.6410467717039413,flashinfer_mnnvl:fused_allreduce_residual_rmsnorm+sglang_custom:all_reduce_one_shot_push,False
workload_cv,fold5,tp_conditioned_plus_schedule_tp,10.0,qwen3-30b-a3b-chunk-c1024-b4-l1025-m8,5,qwen3-30b-a3b,8,prefill,c1024,6566.15234375,5225.023314642511,0.20424884451303427,flashinfer_mnnvl:fused_allreduce_residual_rmsnorm+sglang_custom:all_reduce_one_shot_push+sglang_custom:all_reduce_two_shot,False
workload_cv,fold5,tp_conditioned_plus_schedule_tp,10.0,qwen3-30b-a3b-chunk-c4096-b4-l4097-m8,5,qwen3-30b-a3b,8,prefill,c4096,25768.0693359375,20480.739751724246,0.20518920200355356,flashinfer_mnnvl:fused_allreduce_residual_rmsnorm+nccl:all_reduce+sglang_custom:all_reduce_one_shot_push,False
workload_cv,fold5,tp_conditioned_plus_schedule_tp,10.0,qwen3-30b-a3b-mixed-uniform_b4,5,qwen3-30b-a3b,8,decode,uniform_b4,50887.40087890625,19097.829842977448,0.6247041603004361,flashinfer_mnnvl:fused_allreduce_residual_rmsnorm+sglang_custom:all_reduce_one_shot_push,False
workload_cv,fold5,tp_conditioned_plus_schedule_tp,10.0,qwen3-8b-chunk-c1024-b4-l1025-m8,5,qwen3-8b,2,prefill,c1024,6733.70361328125,7528.443773411017,0.11802422645425881,nccl:all_reduce+sglang_custom:all_reduce_one_shot_push,False
workload_cv,fold5,tp_conditioned_plus_schedule_tp,10.0,qwen3-8b-chunk-c4096-b4-l4097-m8,5,qwen3-8b,2,prefill,c4096,21858.9111328125,21129.66179622525,0.0333616497252039,nccl:all_reduce+sglang_custom:all_reduce_one_shot_push,False
workload_cv,fold5,tp_conditioned_plus_schedule_tp,10.0,qwen3-8b-mixed-uniform_b4,5,qwen3-8b,2,decode,uniform_b4,25195.66064453125,20963.853497054613,0.1679577768243658,sglang_custom:all_reduce_one_shot_push,False
workload_cv,fold5,tp_conditioned_plus_schedule_tp,10.0,qwen3-8b-chunk-c1024-b4-l1025-m8,5,qwen3-8b,4,prefill,c1024,9370.06298828125,11443.769516344386,0.22131190907218393,nccl:all_reduce+sglang_custom:all_reduce_one_shot_push,False
workload_cv,fold5,tp_conditioned_plus_schedule_tp,10.0,qwen3-8b-chunk-c4096-b4-l4097-m8,5,qwen3-8b,4,prefill,c4096,26396.96240234375,30986.14622922246,0.1738527242994915,nccl:all_reduce+sglang_custom:all_reduce_one_shot_push,False
workload_cv,fold5,tp_conditioned_plus_schedule_tp,10.0,qwen3-8b-mixed-uniform_b4,5,qwen3-8b,4,decode,uniform_b4,32978.98974609375,25266.62135111566,0.23385702395239666,sglang_custom:all_reduce_one_shot_push,False
workload_cv,fold5,tp_conditioned_plus_schedule_tp,10.0,qwen3-8b-chunk-c1024-b4-l1025-m8,5,qwen3-8b,8,prefill,c1024,11195.802734375,13997.22632162912,0.2502208777449049,nccl:all_reduce+sglang_custom:all_reduce_one_shot_push,False
workload_cv,fold5,tp_conditioned_plus_schedule_tp,10.0,qwen3-8b-chunk-c4096-b4-l4097-m8,5,qwen3-8b,8,prefill,c4096,28354.4482421875,33085.07387274106,0.16683892383118357,nccl:all_reduce+sglang_custom:all_reduce_one_shot_push,False
workload_cv,fold5,tp_conditioned_plus_schedule_tp,10.0,qwen3-8b-mixed-uniform_b4,5,qwen3-8b,8,decode,uniform_b4,39151.01904296875,29121.85201930991,0.2561661808253752,sglang_custom:all_reduce_one_shot_push,False
leave_one_model_out,qwen3-8b,additive_tp_phase,0.0001,qwen3-8b-chunk-c1024-b1-l1023-m8,0,qwen3-8b,2,prefill,c1024,1713.4990234375,1293.1314760734836,0.24532698391663213,sglang_custom:all_reduce_one_shot,False
leave_one_model_out,qwen3-8b,additive_tp_phase,0.0001,qwen3-8b-chunk-c1024-b1-l1024-m8,1,qwen3-8b,2,prefill,c1024,1713.20703125,1294.158111772584,0.24459911256123376,sglang_custom:all_reduce_one_shot,False
leave_one_model_out,qwen3-8b,additive_tp_phase,0.0001,qwen3-8b-chunk-c1024-b1-l1025-m8,2,qwen3-8b,2,prefill,c1024,2092.21875,1966.1941488904658,0.06023490665568988,sglang_custom:all_reduce_one_shot+sglang_custom:all_reduce_one_shot_push,False
leave_one_model_out,qwen3-8b,additive_tp_phase,0.0001,qwen3-8b-chunk-c1024-b4-l1023-m8,3,qwen3-8b,2,prefill,c1024,6368.390625,3274.017291662068,0.48589565489129083,nccl:all_reduce,False
leave_one_model_out,qwen3-8b,additive_tp_phase,0.0001,qwen3-8b-chunk-c1024-b4-l1024-m8,4,qwen3-8b,2,prefill,c1024,6336.9208984375,3277.205723741169,0.48283941424150767,nccl:all_reduce,False
leave_one_model_out,qwen3-8b,additive_tp_phase,0.0001,qwen3-8b-chunk-c1024-b4-l1025-m8,5,qwen3-8b,2,prefill,c1024,6733.70361328125,2585.86575184169,0.6159816498692569,nccl:all_reduce+sglang_custom:all_reduce_one_shot_push,False
leave_one_model_out,qwen3-8b,additive_tp_phase,0.0001,qwen3-8b-chunk-c4096-b1-l4095-m8,0,qwen3-8b,2,prefill,c4096,6303.0419921875,3276.408399898299,0.4801861697955773,nccl:all_reduce,False
leave_one_model_out,qwen3-8b,additive_tp_phase,0.0001,qwen3-8b-chunk-c4096-b1-l4096-m8,1,qwen3-8b,2,prefill,c4096,6284.48095703125,3277.205723741169,0.4785240426141253,nccl:all_reduce,False
leave_one_model_out,qwen3-8b,additive_tp_phase,0.0001,qwen3-8b-chunk-c4096-b1-l4097-m8,2,qwen3-8b,2,prefill,c4096,6682.6064453125,4434.03077787637,0.33648183322442826,nccl:all_reduce+sglang_custom:all_reduce_one_shot_push,False
leave_one_model_out,qwen3-8b,additive_tp_phase,0.0001,qwen3-8b-chunk-c4096-b4-l4095-m8,3,qwen3-8b,2,prefill,c4096,21303.6640625,25732.60771368539,0.20789586421339998,nccl:all_reduce,False
leave_one_model_out,qwen3-8b,additive_tp_phase,0.0001,qwen3-8b-chunk-c4096-b4-l4096-m8,4,qwen3-8b,2,prefill,c4096,21377.5087890625,25740.469189741554,0.2040911522352549,nccl:all_reduce,False
leave_one_model_out,qwen3-8b,additive_tp_phase,0.0001,qwen3-8b-chunk-c4096-b4-l4097-m8,5,qwen3-8b,2,prefill,c4096,21858.9111328125,18087.338504929445,0.17254165154738801,nccl:all_reduce+sglang_custom:all_reduce_one_shot_push,False
leave_one_model_out,qwen3-8b,additive_tp_phase,0.0001,qwen3-8b-mixed-balanced,0,qwen3-8b,2,decode,balanced,25425.71435546875,29443.26217035169,0.15801120702902946,sglang_custom:all_reduce_one_shot_push,False
leave_one_model_out,qwen3-8b,additive_tp_phase,0.0001,qwen3-8b-mixed-bimodal,1,qwen3-8b,2,decode,bimodal,24564.85888671875,28986.56258747586,0.18000118466578083,sglang_custom:all_reduce_one_shot_push,False
leave_one_model_out,qwen3-8b,additive_tp_phase,0.0001,qwen3-8b-mixed-long_tail,2,qwen3-8b,2,decode,long_tail,48905.96630859375,87534.49961339337,0.7898531860316566,sglang_custom:all_reduce_one_shot_push,False
leave_one_model_out,qwen3-8b,additive_tp_phase,0.0001,qwen3-8b-mixed-staircase,3,qwen3-8b,2,decode,staircase,25383.18408203125,46844.05498288608,0.8454759194709137,sglang_custom:all_reduce_one_shot_push,False
leave_one_model_out,qwen3-8b,additive_tp_phase,0.0001,qwen3-8b-mixed-uniform_b16,4,qwen3-8b,2,decode,uniform_b16,35672.68798828125,61048.06170285485,0.7113389863670943,sglang_custom:all_reduce_one_shot_push,False
leave_one_model_out,qwen3-8b,additive_tp_phase,0.0001,qwen3-8b-mixed-uniform_b4,5,qwen3-8b,2,decode,uniform_b4,25195.66064453125,24304.034919119986,0.03538806693702603,sglang_custom:all_reduce_one_shot_push,False
leave_one_model_out,qwen3-8b,additive_tp_phase,0.0001,qwen3-8b-chunk-c1024-b1-l1023-m8,0,qwen3-8b,4,prefill,c1024,2315.5361328125,1639.560275888516,0.2919306018787663,sglang_custom:all_reduce_two_shot,False
leave_one_model_out,qwen3-8b,additive_tp_phase,0.0001,qwen3-8b-chunk-c1024-b1-l1024-m8,1,qwen3-8b,4,prefill,c1024,2298.98681640625,1640.861946400137,0.2862673527788586,sglang_custom:all_reduce_two_shot,False
leave_one_model_out,qwen3-8b,additive_tp_phase,0.0001,qwen3-8b-chunk-c1024-b1-l1025-m8,2,qwen3-8b,4,prefill,c1024,2822.17919921875,2492.935854437471,0.11666280612954058,sglang_custom:all_reduce_one_shot_push+sglang_custom:all_reduce_two_shot,False
leave_one_model_out,qwen3-8b,additive_tp_phase,0.0001,qwen3-8b-chunk-c1024-b4-l1023-m8,3,qwen3-8b,4,prefill,c1024,8811.62744140625,4151.123681778041,0.5289038592040652,nccl:all_reduce,False
leave_one_model_out,qwen3-8b,additive_tp_phase,0.0001,qwen3-8b-chunk-c1024-b4-l1024-m8,4,qwen3-8b,4,prefill,c1024,8799.83447265625,4155.166292043121,0.527813130468024,nccl:all_reduce,False
leave_one_model_out,qwen3-8b,additive_tp_phase,0.0001,qwen3-8b-chunk-c1024-b4-l1025-m8,5,qwen3-8b,4,prefill,c1024,9370.06298828125,3278.6169418547947,0.6500965952998156,nccl:all_reduce+sglang_custom:all_reduce_one_shot_push,False
leave_one_model_out,qwen3-8b,additive_tp_phase,0.0001,qwen3-8b-chunk-c4096-b1-l4095-m8,0,qwen3-8b,4,prefill,c4096,8798.3447265625,4154.155365834923,0.5278480788217598,nccl:all_reduce,False
leave_one_model_out,qwen3-8b,additive_tp_phase,0.0001,qwen3-8b-chunk-c4096-b1-l4096-m8,1,qwen3-8b,4,prefill,c4096,8790.0830078125,4155.166292043121,0.5272892999588208,nccl:all_reduce,False
leave_one_model_out,qwen3-8b,additive_tp_phase,0.0001,qwen3-8b-chunk-c4096-b1-l4097-m8,2,qwen3-8b,4,prefill,c4096,9250.337890625,5621.903773889759,0.39224881940935086,nccl:all_reduce+sglang_custom:all_reduce_one_shot_push,False
leave_one_model_out,qwen3-8b,additive_tp_phase,0.0001,qwen3-8b-chunk-c4096-b4-l4095-m8,3,qwen3-8b,4,prefill,c4096,25922.70703125,32626.35098055835,0.25860123100674093,nccl:all_reduce,False
leave_one_model_out,qwen3-8b,additive_tp_phase,0.0001,qwen3-8b-chunk-c4096-b4-l4096-m8,4,qwen3-8b,4,prefill,c4096,25776.99267578125,32636.318539225063,0.26610264237257153,nccl:all_reduce,False
leave_one_model_out,qwen3-8b,additive_tp_phase,0.0001,qwen3-8b-chunk-c4096-b4-l4097-m8,5,qwen3-8b,4,prefill,c4096,26396.96240234375,22932.920787975545,0.13122879676718552,nccl:all_reduce+sglang_custom:all_reduce_one_shot_push,False
leave_one_model_out,qwen3-8b,additive_tp_phase,0.0001,qwen3-8b-mixed-balanced,0,qwen3-8b,4,decode,balanced,32147.4912109375,33626.191805159106,0.04599738699729418,sglang_custom:all_reduce_one_shot_push,False
leave_one_model_out,qwen3-8b,additive_tp_phase,0.0001,qwen3-8b-mixed-bimodal,1,qwen3-8b,4,decode,bimodal,33393.40869140625,33104.610070014925,0.008648372020363603,sglang_custom:all_reduce_one_shot_push,False
leave_one_model_out,qwen3-8b,additive_tp_phase,0.0001,qwen3-8b-mixed-long_tail,2,qwen3-8b,4,decode,long_tail,66028.7802734375,99970.30412386003,0.5140413575695983,sglang_custom:all_reduce_one_shot_push,False
leave_one_model_out,qwen3-8b,additive_tp_phase,0.0001,qwen3-8b-mixed-staircase,3,qwen3-8b,4,decode,staircase,32638.03173828125,53499.07115156924,0.6391635249505567,sglang_custom:all_reduce_one_shot_push,False
leave_one_model_out,qwen3-8b,additive_tp_phase,0.0001,qwen3-8b-mixed-uniform_b16,4,qwen3-8b,4,decode,uniform_b16,40823.62744140625,69721.00510725685,0.7078591364113029,sglang_custom:all_reduce_one_shot_push,False
leave_one_model_out,qwen3-8b,additive_tp_phase,0.0001,qwen3-8b-mixed-uniform_b4,5,qwen3-8b,4,decode,uniform_b4,32978.98974609375,27756.84756333007,0.15834754863533154,sglang_custom:all_reduce_one_shot_push,False
leave_one_model_out,qwen3-8b,additive_tp_phase,0.0001,qwen3-8b-chunk-c1024-b1-l1023-m8,0,qwen3-8b,8,prefill,c1024,2626.919921875,1965.7707370471326,0.2516822760078515,sglang_custom:all_reduce_two_shot,False
leave_one_model_out,qwen3-8b,additive_tp_phase,0.0001,qwen3-8b-chunk-c1024-b1-l1024-m8,1,qwen3-8b,8,prefill,c1024,2624.40576171875,1967.3313907410845,0.2503707241319806,sglang_custom:all_reduce_two_shot,False
leave_one_model_out,qwen3-8b,additive_tp_phase,0.0001,qwen3-8b-chunk-c1024-b1-l1025-m8,2,qwen3-8b,8,prefill,c1024,3184.5107421875,2988.935767752149,0.06141444958700532,sglang_custom:all_reduce_one_shot_push+sglang_custom:all_reduce_two_shot,False
leave_one_model_out,qwen3-8b,additive_tp_phase,0.0001,qwen3-8b-chunk-c1024-b4-l1023-m8,3,qwen3-8b,8,prefill,c1024,10688.50830078125,4977.040234205752,0.5343559555600506,nccl:all_reduce,False
leave_one_model_out,qwen3-8b,additive_tp_phase,0.0001,qwen3-8b-chunk-c1024-b4-l1024-m8,4,qwen3-8b,8,prefill,c1024,10559.283203125,4981.887170959007,0.5281983563539022,nccl:all_reduce,False
leave_one_model_out,qwen3-8b,additive_tp_phase,0.0001,qwen3-8b-chunk-c1024-b4-l1025-m8,5,qwen3-8b,8,prefill,c1024,11195.802734375,3930.9376648518855,0.6488918429419498,nccl:all_reduce+sglang_custom:all_reduce_one_shot_push,False
leave_one_model_out,qwen3-8b,additive_tp_phase,0.0001,qwen3-8b-chunk-c4096-b1-l4095-m8,0,qwen3-8b,8,prefill,c4096,10653.4697265625,4980.675108684384,0.5324832907474293,nccl:all_reduce,False
leave_one_model_out,qwen3-8b,additive_tp_phase,0.0001,qwen3-8b-chunk-c4096-b1-l4096-m8,1,qwen3-8b,8,prefill,c4096,10493.29150390625,4981.887170959007,0.5252312232911436,nccl:all_reduce,False
leave_one_model_out,qwen3-8b,additive_tp_phase,0.0001,qwen3-8b-chunk-c4096-b1-l4097-m8,2,qwen3-8b,8,prefill,c4096,11021.55419921875,6740.449916803657,0.388430180084634,nccl:all_reduce+sglang_custom:all_reduce_one_shot_push,False
leave_one_model_out,qwen3-8b,additive_tp_phase,0.0001,qwen3-8b-chunk-c4096-b4-l4095-m8,3,qwen3-8b,8,prefill,c4096,27729.91357421875,39117.76038819547,0.41067011563152905,nccl:all_reduce,False
leave_one_model_out,qwen3-8b,additive_tp_phase,0.0001,qwen3-8b-chunk-c4096-b4-l4096-m8,4,qwen3-8b,8,prefill,c4096,27712.51171875,39129.71111390832,0.4119871742781641,nccl:all_reduce,False
leave_one_model_out,qwen3-8b,additive_tp_phase,0.0001,qwen3-8b-chunk-c4096-b4-l4097-m8,5,qwen3-8b,8,prefill,c4096,28354.4482421875,27495.70434401499,0.030286038043752787,nccl:all_reduce+sglang_custom:all_reduce_one_shot_push,False
leave_one_model_out,qwen3-8b,additive_tp_phase,0.0001,qwen3-8b-mixed-balanced,0,qwen3-8b,8,decode,balanced,37482.1162109375,36413.64784661415,0.02850608429658424,sglang_custom:all_reduce_one_shot_push,False
leave_one_model_out,qwen3-8b,additive_tp_phase,0.0001,qwen3-8b-mixed-bimodal,1,qwen3-8b,8,decode,bimodal,38337.58154296875,35848.829393878914,0.06491677484403766,sglang_custom:all_reduce_one_shot_push,False
leave_one_model_out,qwen3-8b,additive_tp_phase,0.0001,qwen3-8b-mixed-long_tail,2,qwen3-8b,8,decode,long_tail,73173.4873046875,108257.38075182929,0.47946182065993065,sglang_custom:all_reduce_one_shot_push,False
leave_one_model_out,qwen3-8b,additive_tp_phase,0.0001,qwen3-8b-mixed-staircase,3,qwen3-8b,8,decode,staircase,38384.81005859375,57933.89713358212,0.5092922706963255,sglang_custom:all_reduce_one_shot_push,False
leave_one_model_out,qwen3-8b,additive_tp_phase,0.0001,qwen3-8b-mixed-uniform_b16,4,qwen3-8b,8,decode,uniform_b16,48037.93359375,75500.55451411876,0.5716861418856243,sglang_custom:all_reduce_one_shot_push,False
leave_one_model_out,qwen3-8b,additive_tp_phase,0.0001,qwen3-8b-mixed-uniform_b4,5,qwen3-8b,8,decode,uniform_b4,39151.01904296875,30057.76206713304,0.23226105470858222,sglang_custom:all_reduce_one_shot_push,False
leave_one_model_out,qwen3-8b,tp_conditioned_pattern,0.001,qwen3-8b-chunk-c1024-b1-l1023-m8,0,qwen3-8b,2,prefill,c1024,1713.4990234375,1087.427894781606,0.3653758304454207,sglang_custom:all_reduce_one_shot,False
leave_one_model_out,qwen3-8b,tp_conditioned_pattern,0.001,qwen3-8b-chunk-c1024-b1-l1024-m8,1,qwen3-8b,2,prefill,c1024,1713.20703125,1088.2763833558824,0.36477240432415925,sglang_custom:all_reduce_one_shot,False
leave_one_model_out,qwen3-8b,tp_conditioned_pattern,0.001,qwen3-8b-chunk-c1024-b1-l1025-m8,2,qwen3-8b,2,prefill,c1024,2092.21875,1809.3108546681956,0.1352190803814393,sglang_custom:all_reduce_one_shot+sglang_custom:all_reduce_one_shot_push,False
leave_one_model_out,qwen3-8b,tp_conditioned_pattern,0.001,qwen3-8b-chunk-c1024-b4-l1023-m8,3,qwen3-8b,2,prefill,c1024,6368.390625,2859.261218421448,0.5510229527697277,nccl:all_reduce,False
leave_one_model_out,qwen3-8b,tp_conditioned_pattern,0.001,qwen3-8b-chunk-c1024-b4-l1024-m8,4,qwen3-8b,2,prefill,c1024,6336.9208984375,2862.015099072734,0.5483587147539709,nccl:all_reduce,False
leave_one_model_out,qwen3-8b,tp_conditioned_pattern,0.001,qwen3-8b-chunk-c1024-b4-l1025-m8,5,qwen3-8b,2,prefill,c1024,6733.70361328125,2525.4755499036733,0.6249499985531677,nccl:all_reduce+sglang_custom:all_reduce_one_shot_push,False
leave_one_model_out,qwen3-8b,tp_conditioned_pattern,0.001,qwen3-8b-chunk-c4096-b1-l4095-m8,0,qwen3-8b,2,prefill,c4096,6303.0419921875,2861.3264070297805,0.5460404023047379,nccl:all_reduce,False
leave_one_model_out,qwen3-8b,tp_conditioned_pattern,0.001,qwen3-8b-chunk-c4096-b1-l4096-m8,1,qwen3-8b,2,prefill,c4096,6284.48095703125,2862.015099072734,0.5445900594430741,nccl:all_reduce,False
leave_one_model_out,qwen3-8b,tp_conditioned_pattern,0.001,qwen3-8b-chunk-c4096-b1-l4097-m8,2,qwen3-8b,2,prefill,c4096,6682.6064453125,4243.749729104837,0.36495590996809246,nccl:all_reduce+sglang_custom:all_reduce_one_shot_push,False
leave_one_model_out,qwen3-8b,tp_conditioned_pattern,0.001,qwen3-8b-chunk-c4096-b4-l4095-m8,3,qwen3-8b,2,prefill,c4096,21303.6640625,25165.224813433168,0.1812627508396793,nccl:all_reduce,False
leave_one_model_out,qwen3-8b,tp_conditioned_pattern,0.001,qwen3-8b-chunk-c4096-b4-l4096-m8,4,qwen3-8b,2,prefill,c4096,21377.5087890625,25173.00718524551,0.17754633777182327,nccl:all_reduce,False
leave_one_model_out,qwen3-8b,tp_conditioned_pattern,0.001,qwen3-8b-chunk-c4096-b4-l4097-m8,5,qwen3-8b,2,prefill,c4096,21858.9111328125,19811.173741616338,0.09367975279071862,nccl:all_reduce+sglang_custom:all_reduce_one_shot_push,False
leave_one_model_out,qwen3-8b,tp_conditioned_pattern,0.001,qwen3-8b-mixed-balanced,0,qwen3-8b,2,decode,balanced,25425.71435546875,27886.69074537506,0.0967908454999608,sglang_custom:all_reduce_one_shot_push,False
leave_one_model_out,qwen3-8b,tp_conditioned_pattern,0.001,qwen3-8b-mixed-bimodal,1,qwen3-8b,2,decode,bimodal,24564.85888671875,27486.938572516592,0.11895365242165895,sglang_custom:all_reduce_one_shot_push,False
leave_one_model_out,qwen3-8b,tp_conditioned_pattern,0.001,qwen3-8b-mixed-long_tail,2,qwen3-8b,2,decode,long_tail,48905.96630859375,88762.47292869206,0.8149620512271676,sglang_custom:all_reduce_one_shot_push,False
leave_one_model_out,qwen3-8b,tp_conditioned_pattern,0.001,qwen3-8b-mixed-staircase,3,qwen3-8b,2,decode,staircase,25383.18408203125,50497.62106036331,0.9894123959062552,sglang_custom:all_reduce_one_shot_push,False
leave_one_model_out,qwen3-8b,tp_conditioned_pattern,0.001,qwen3-8b-mixed-uniform_b16,4,qwen3-8b,2,decode,uniform_b16,35672.68798828125,52623.332648601696,0.4751714999971088,sglang_custom:all_reduce_one_shot_push,False
leave_one_model_out,qwen3-8b,tp_conditioned_pattern,0.001,qwen3-8b-mixed-uniform_b4,5,qwen3-8b,2,decode,uniform_b4,25195.66064453125,26062.5989053535,0.034408236920369116,sglang_custom:all_reduce_one_shot_push,False
leave_one_model_out,qwen3-8b,tp_conditioned_pattern,0.001,qwen3-8b-chunk-c1024-b1-l1023-m8,0,qwen3-8b,4,prefill,c1024,2315.5361328125,1048.760430787659,0.5470766290682703,sglang_custom:all_reduce_two_shot,False
leave_one_model_out,qwen3-8b,tp_conditioned_pattern,0.001,qwen3-8b-chunk-c1024-b1-l1024-m8,1,qwen3-8b,4,prefill,c1024,2298.98681640625,1049.583932181295,0.5434580465224274,sglang_custom:all_reduce_two_shot,False
leave_one_model_out,qwen3-8b,tp_conditioned_pattern,0.001,qwen3-8b-chunk-c1024-b1-l1025-m8,2,qwen3-8b,4,prefill,c1024,2822.17919921875,1604.508648726878,0.43146464647920085,sglang_custom:all_reduce_one_shot_push+sglang_custom:all_reduce_two_shot,False
leave_one_model_out,qwen3-8b,tp_conditioned_pattern,0.001,qwen3-8b-chunk-c1024-b4-l1023-m8,3,qwen3-8b,4,prefill,c1024,8811.62744140625,2535.5982377273363,0.7122440486064536,nccl:all_reduce,False
leave_one_model_out,qwen3-8b,tp_conditioned_pattern,0.001,qwen3-8b-chunk-c1024-b4-l1024-m8,4,qwen3-8b,4,prefill,c1024,8799.83447265625,2537.975273078784,0.7115882939656375,nccl:all_reduce,False
leave_one_model_out,qwen3-8b,tp_conditioned_pattern,0.001,qwen3-8b-chunk-c1024-b4-l1025-m8,5,qwen3-8b,4,prefill,c1024,9370.06298828125,1980.6057631335502,0.7886240716193038,nccl:all_reduce+sglang_custom:all_reduce_one_shot_push,False
leave_one_model_out,qwen3-8b,tp_conditioned_pattern,0.001,qwen3-8b-chunk-c4096-b1-l4095-m8,0,qwen3-8b,4,prefill,c4096,8798.3447265625,2537.3807098602883,0.7116070364690474,nccl:all_reduce,False
leave_one_model_out,qwen3-8b,tp_conditioned_pattern,0.001,qwen3-8b-chunk-c4096-b1-l4096-m8,1,qwen3-8b,4,prefill,c4096,8790.0830078125,2537.975273078784,0.7112683383281969,nccl:all_reduce,False
leave_one_model_out,qwen3-8b,tp_conditioned_pattern,0.001,qwen3-8b-chunk-c4096-b1-l4097-m8,2,qwen3-8b,4,prefill,c4096,9250.337890625,3446.3247656828553,0.6274379588689809,nccl:all_reduce+sglang_custom:all_reduce_one_shot_push,False
leave_one_model_out,qwen3-8b,tp_conditioned_pattern,0.001,qwen3-8b-chunk-c4096-b4-l4095-m8,3,qwen3-8b,4,prefill,c4096,25922.70703125,34153.004231312414,0.31749373976030876,nccl:all_reduce,False
leave_one_model_out,qwen3-8b,tp_conditioned_pattern,0.001,qwen3-8b-chunk-c4096-b4-l4096-m8,4,qwen3-8b,4,prefill,c4096,25776.99267578125,34165.25668604623,0.3254167045695043,nccl:all_reduce,False
leave_one_model_out,qwen3-8b,tp_conditioned_pattern,0.001,qwen3-8b-chunk-c4096-b4-l4097-m8,5,qwen3-8b,4,prefill,c4096,26396.96240234375,23683.13908014654,0.10280816712290558,nccl:all_reduce+sglang_custom:all_reduce_one_shot_push,False
leave_one_model_out,qwen3-8b,tp_conditioned_pattern,0.001,qwen3-8b-mixed-balanced,0,qwen3-8b,4,decode,balanced,32147.4912109375,32177.552545007395,0.0009351066891237511,sglang_custom:all_reduce_one_shot_push,False
leave_one_model_out,qwen3-8b,tp_conditioned_pattern,0.001,qwen3-8b-mixed-bimodal,1,qwen3-8b,4,decode,bimodal,33393.40869140625,31855.21928044709,0.0460626653952524,sglang_custom:all_reduce_one_shot_push,False
leave_one_model_out,qwen3-8b,tp_conditioned_pattern,0.001,qwen3-8b-mixed-long_tail,2,qwen3-8b,4,decode,long_tail,66028.7802734375,100148.21775150852,0.5167358436241903,sglang_custom:all_reduce_one_shot_push,False
leave_one_model_out,qwen3-8b,tp_conditioned_pattern,0.001,qwen3-8b-mixed-staircase,3,qwen3-8b,4,decode,staircase,32638.03173828125,52115.18213717801,0.5967624075826836,sglang_custom:all_reduce_one_shot_push,False
leave_one_model_out,qwen3-8b,tp_conditioned_pattern,0.001,qwen3-8b-mixed-uniform_b16,4,qwen3-8b,4,decode,uniform_b16,40823.62744140625,73294.75725017728,0.7954004052034945,sglang_custom:all_reduce_one_shot_push,False
leave_one_model_out,qwen3-8b,tp_conditioned_pattern,0.001,qwen3-8b-mixed-uniform_b4,5,qwen3-8b,4,decode,uniform_b4,32978.98974609375,30292.35678774806,0.08146498661815171,sglang_custom:all_reduce_one_shot_push,False
leave_one_model_out,qwen3-8b,tp_conditioned_pattern,0.001,qwen3-8b-chunk-c1024-b1-l1023-m8,0,qwen3-8b,8,prefill,c1024,2626.919921875,1109.4530331050942,0.5776601243660268,sglang_custom:all_reduce_two_shot,False
leave_one_model_out,qwen3-8b,tp_conditioned_pattern,0.001,qwen3-8b-chunk-c1024-b1-l1024-m8,1,qwen3-8b,8,prefill,c1024,2624.40576171875,1110.3435212882898,0.5769162156689084,sglang_custom:all_reduce_two_shot,False
leave_one_model_out,qwen3-8b,tp_conditioned_pattern,0.001,qwen3-8b-chunk-c1024-b1-l1025-m8,2,qwen3-8b,8,prefill,c1024,3184.5107421875,1688.4316034663696,0.46979874142093353,sglang_custom:all_reduce_one_shot_push+sglang_custom:all_reduce_two_shot,False
leave_one_model_out,qwen3-8b,tp_conditioned_pattern,0.001,qwen3-8b-chunk-c1024-b4-l1023-m8,3,qwen3-8b,8,prefill,c1024,10688.50830078125,2957.3798389866506,0.7233122007520462,nccl:all_reduce,False
leave_one_model_out,qwen3-8b,tp_conditioned_pattern,0.001,qwen3-8b-chunk-c1024-b4-l1024-m8,4,qwen3-8b,8,prefill,c1024,10559.283203125,2960.346503387802,0.7196451268101519,nccl:all_reduce,False
leave_one_model_out,qwen3-8b,tp_conditioned_pattern,0.001,qwen3-8b-chunk-c1024-b4-l1025-m8,5,qwen3-8b,8,prefill,c1024,11195.802734375,2347.276910840218,0.7903431342503685,nccl:all_reduce+sglang_custom:all_reduce_one_shot_push,False
leave_one_model_out,qwen3-8b,tp_conditioned_pattern,0.001,qwen3-8b-chunk-c4096-b1-l4095-m8,0,qwen3-8b,8,prefill,c4096,10653.4697265625,2959.6044323539736,0.722193378465728,nccl:all_reduce,False
leave_one_model_out,qwen3-8b,tp_conditioned_pattern,0.001,qwen3-8b-chunk-c4096-b1-l4096-m8,1,qwen3-8b,8,prefill,c4096,10493.29150390625,2960.346503387802,0.7178819913383919,nccl:all_reduce,False
leave_one_model_out,qwen3-8b,tp_conditioned_pattern,0.001,qwen3-8b-chunk-c4096-b1-l4097-m8,2,qwen3-8b,8,prefill,c4096,11021.55419921875,3986.8629762161545,0.6382667177285434,nccl:all_reduce+sglang_custom:all_reduce_one_shot_push,False
leave_one_model_out,qwen3-8b,tp_conditioned_pattern,0.001,qwen3-8b-chunk-c4096-b4-l4095-m8,3,qwen3-8b,8,prefill,c4096,27729.91357421875,48767.09205632579,0.7586456562802227,nccl:all_reduce,False
leave_one_model_out,qwen3-8b,tp_conditioned_pattern,0.001,qwen3-8b-chunk-c4096-b4-l4096-m8,4,qwen3-8b,8,prefill,c4096,27712.51171875,48785.283235762574,0.7604064088768595,nccl:all_reduce,False
leave_one_model_out,qwen3-8b,tp_conditioned_pattern,0.001,qwen3-8b-chunk-c4096-b4-l4097-m8,5,qwen3-8b,8,prefill,c4096,28354.4482421875,34258.88804102373,0.20823680815101323,nccl:all_reduce+sglang_custom:all_reduce_one_shot_push,False
leave_one_model_out,qwen3-8b,tp_conditioned_pattern,0.001,qwen3-8b-mixed-balanced,0,qwen3-8b,8,decode,balanced,37482.1162109375,38542.90171542629,0.02830111028200824,sglang_custom:all_reduce_one_shot_push,False
leave_one_model_out,qwen3-8b,tp_conditioned_pattern,0.001,qwen3-8b-mixed-bimodal,1,qwen3-8b,8,decode,bimodal,38337.58154296875,38138.89197936381,0.005182631653022932,sglang_custom:all_reduce_one_shot_push,False
leave_one_model_out,qwen3-8b,tp_conditioned_pattern,0.001,qwen3-8b-mixed-long_tail,2,qwen3-8b,8,decode,long_tail,73173.4873046875,120378.31297683391,0.6451083228490938,sglang_custom:all_reduce_one_shot_push,False
leave_one_model_out,qwen3-8b,tp_conditioned_pattern,0.001,qwen3-8b-mixed-staircase,3,qwen3-8b,8,decode,staircase,38384.81005859375,62937.45845325061,0.639644910504381,sglang_custom:all_reduce_one_shot_push,False
leave_one_model_out,qwen3-8b,tp_conditioned_pattern,0.001,qwen3-8b-mixed-uniform_b16,4,qwen3-8b,8,decode,uniform_b16,48037.93359375,90503.64513768136,0.8840037105479572,sglang_custom:all_reduce_one_shot_push,False
leave_one_model_out,qwen3-8b,tp_conditioned_pattern,0.001,qwen3-8b-mixed-uniform_b4,5,qwen3-8b,8,decode,uniform_b4,39151.01904296875,35182.88641418178,0.10135451709269407,sglang_custom:all_reduce_one_shot_push,False
leave_one_model_out,qwen3-8b,additive_plus_schedule,0.01,qwen3-8b-chunk-c1024-b1-l1023-m8,0,qwen3-8b,2,prefill,c1024,1713.4990234375,2136.6504215219024,0.2469516423974997,sglang_custom:all_reduce_one_shot,False
leave_one_model_out,qwen3-8b,additive_plus_schedule,0.01,qwen3-8b-chunk-c1024-b1-l1024-m8,1,qwen3-8b,2,prefill,c1024,1713.20703125,2138.2180235409687,0.24807917813696442,sglang_custom:all_reduce_one_shot,False
leave_one_model_out,qwen3-8b,additive_plus_schedule,0.01,qwen3-8b-chunk-c1024-b1-l1025-m8,2,qwen3-8b,2,prefill,c1024,2092.21875,4072.1573718578284,0.946334422181155,sglang_custom:all_reduce_one_shot+sglang_custom:all_reduce_one_shot_push,False
leave_one_model_out,qwen3-8b,additive_plus_schedule,0.01,qwen3-8b-chunk-c1024-b4-l1023-m8,3,qwen3-8b,2,prefill,c1024,6368.390625,6273.609630555785,0.01488303717930543,nccl:all_reduce,False
leave_one_model_out,qwen3-8b,additive_plus_schedule,0.01,qwen3-8b-chunk-c1024-b4-l1024-m8,4,qwen3-8b,2,prefill,c1024,6336.9208984375,6279.305718331484,0.0090919834773734,nccl:all_reduce,False
leave_one_model_out,qwen3-8b,additive_plus_schedule,0.01,qwen3-8b-chunk-c1024-b4-l1025-m8,5,qwen3-8b,2,prefill,c1024,6733.70361328125,6079.756343936352,0.09711554100110407,nccl:all_reduce+sglang_custom:all_reduce_one_shot_push,False
leave_one_model_out,qwen3-8b,additive_plus_schedule,0.01,qwen3-8b-chunk-c4096-b1-l4095-m8,0,qwen3-8b,2,prefill,c4096,6303.0419921875,6277.88180855134,0.003991752500990036,nccl:all_reduce,False
leave_one_model_out,qwen3-8b,additive_plus_schedule,0.01,qwen3-8b-chunk-c4096-b1-l4096-m8,1,qwen3-8b,2,prefill,c4096,6284.48095703125,6279.305718331484,0.0008234950086014251,nccl:all_reduce,False
leave_one_model_out,qwen3-8b,additive_plus_schedule,0.01,qwen3-8b-chunk-c4096-b1-l4097-m8,2,qwen3-8b,2,prefill,c4096,6682.6064453125,10428.032245846189,0.5604737958436726,nccl:all_reduce+sglang_custom:all_reduce_one_shot_push,False
leave_one_model_out,qwen3-8b,additive_plus_schedule,0.01,qwen3-8b-chunk-c4096-b4-l4095-m8,3,qwen3-8b,2,prefill,c4096,21303.6640625,19997.7422890027,0.06130033639593771,nccl:all_reduce,False
leave_one_model_out,qwen3-8b,additive_plus_schedule,0.01,qwen3-8b-chunk-c4096-b4-l4096-m8,4,qwen3-8b,2,prefill,c4096,21377.5087890625,20001.561248086095,0.06436426033328961,nccl:all_reduce,False
leave_one_model_out,qwen3-8b,additive_plus_schedule,0.01,qwen3-8b-chunk-c4096-b4-l4097-m8,5,qwen3-8b,2,prefill,c4096,21858.9111328125,16887.159808454002,0.22744734603433114,nccl:all_reduce+sglang_custom:all_reduce_one_shot_push,False
leave_one_model_out,qwen3-8b,additive_plus_schedule,0.01,qwen3-8b-mixed-balanced,0,qwen3-8b,2,decode,balanced,25425.71435546875,18126.593918562194,0.2870763171040112,sglang_custom:all_reduce_one_shot_push,False
leave_one_model_out,qwen3-8b,additive_plus_schedule,0.01,qwen3-8b-mixed-bimodal,1,qwen3-8b,2,decode,bimodal,24564.85888671875,18324.843811155624,0.25402202000585705,sglang_custom:all_reduce_one_shot_push,False
leave_one_model_out,qwen3-8b,additive_plus_schedule,0.01,qwen3-8b-mixed-long_tail,2,qwen3-8b,2,decode,long_tail,48905.96630859375,84095.53848142395,0.7195353620207826,sglang_custom:all_reduce_one_shot_push,False
leave_one_model_out,qwen3-8b,additive_plus_schedule,0.01,qwen3-8b-mixed-staircase,3,qwen3-8b,2,decode,staircase,25383.18408203125,42490.27338736673,0.6739536399393481,sglang_custom:all_reduce_one_shot_push,False
leave_one_model_out,qwen3-8b,additive_plus_schedule,0.01,qwen3-8b-mixed-uniform_b16,4,qwen3-8b,2,decode,uniform_b16,35672.68798828125,51536.85721237733,0.44471471365733856,sglang_custom:all_reduce_one_shot_push,False
leave_one_model_out,qwen3-8b,additive_plus_schedule,0.01,qwen3-8b-mixed-uniform_b4,5,qwen3-8b,2,decode,uniform_b4,25195.66064453125,32160.03468615846,0.2764116464292368,sglang_custom:all_reduce_one_shot_push,False
leave_one_model_out,qwen3-8b,additive_plus_schedule,0.01,qwen3-8b-chunk-c1024-b1-l1023-m8,0,qwen3-8b,4,prefill,c1024,2315.5361328125,2708.7249595492194,0.1698046604261553,sglang_custom:all_reduce_two_shot,False
leave_one_model_out,qwen3-8b,additive_plus_schedule,0.01,qwen3-8b-chunk-c1024-b1-l1024-m8,1,qwen3-8b,4,prefill,c1024,2298.98681640625,2710.7122770218925,0.1790899615767467,sglang_custom:all_reduce_two_shot,False
leave_one_model_out,qwen3-8b,additive_plus_schedule,0.01,qwen3-8b-chunk-c1024-b1-l1025-m8,2,qwen3-8b,4,prefill,c1024,2822.17919921875,5162.451564962556,0.8292430071030402,sglang_custom:all_reduce_one_shot_push+sglang_custom:all_reduce_two_shot,False
leave_one_model_out,qwen3-8b,additive_plus_schedule,0.01,qwen3-8b-chunk-c1024-b4-l1023-m8,3,qwen3-8b,4,prefill,c1024,8811.62744140625,7953.328640747241,0.09740525304392957,nccl:all_reduce,False
leave_one_model_out,qwen3-8b,additive_plus_schedule,0.01,qwen3-8b-chunk-c1024-b4-l1024-m8,4,qwen3-8b,4,prefill,c1024,8799.83447265625,7960.549819735814,0.09537505001126416,nccl:all_reduce,False
leave_one_model_out,qwen3-8b,additive_plus_schedule,0.01,qwen3-8b-chunk-c1024-b4-l1025-m8,5,qwen3-8b,4,prefill,c1024,9370.06298828125,7707.572371650732,0.17742576743718014,nccl:all_reduce+sglang_custom:all_reduce_one_shot_push,False
leave_one_model_out,qwen3-8b,additive_plus_schedule,0.01,qwen3-8b-chunk-c4096-b1-l4095-m8,0,qwen3-8b,4,prefill,c4096,8798.3447265625,7958.744667183576,0.0954270474131507,nccl:all_reduce,False
leave_one_model_out,qwen3-8b,additive_plus_schedule,0.01,qwen3-8b-chunk-c4096-b1-l4096-m8,1,qwen3-8b,4,prefill,c4096,8790.0830078125,7960.549819735814,0.09437148515428227,nccl:all_reduce,False
leave_one_model_out,qwen3-8b,additive_plus_schedule,0.01,qwen3-8b-chunk-c4096-b1-l4097-m8,2,qwen3-8b,4,prefill,c4096,9250.337890625,13220.07144396977,0.4291447080401248,nccl:all_reduce+sglang_custom:all_reduce_one_shot_push,False
leave_one_model_out,qwen3-8b,additive_plus_schedule,0.01,qwen3-8b-chunk-c4096-b4-l4095-m8,3,qwen3-8b,4,prefill,c4096,25922.70703125,25352.01038374414,0.022015318339164307,nccl:all_reduce,False
leave_one_model_out,qwen3-8b,additive_plus_schedule,0.01,qwen3-8b-chunk-c4096-b4-l4096-m8,4,qwen3-8b,4,prefill,c4096,25776.99267578125,25356.851844791992,0.016299063132527505,nccl:all_reduce,False
leave_one_model_out,qwen3-8b,additive_plus_schedule,0.01,qwen3-8b-chunk-c4096-b4-l4097-m8,5,qwen3-8b,4,prefill,c4096,26396.96240234375,21408.589261164165,0.1889752716674959,nccl:all_reduce+sglang_custom:all_reduce_one_shot_push,False
leave_one_model_out,qwen3-8b,additive_plus_schedule,0.01,qwen3-8b-mixed-balanced,0,qwen3-8b,4,decode,balanced,32147.4912109375,20703.481751159226,0.3559845272120237,sglang_custom:all_reduce_one_shot_push,False
leave_one_model_out,qwen3-8b,additive_plus_schedule,0.01,qwen3-8b-mixed-bimodal,1,qwen3-8b,4,decode,bimodal,33393.40869140625,20929.914971427614,0.373232149947786,sglang_custom:all_reduce_one_shot_push,False
leave_one_model_out,qwen3-8b,additive_plus_schedule,0.01,qwen3-8b-mixed-long_tail,2,qwen3-8b,4,decode,long_tail,66028.7802734375,96050.61238345277,0.45467797505404856,sglang_custom:all_reduce_one_shot_push,False
leave_one_model_out,qwen3-8b,additive_plus_schedule,0.01,qwen3-8b-mixed-staircase,3,qwen3-8b,4,decode,staircase,32638.03173828125,48530.71700228674,0.48693761288812376,sglang_custom:all_reduce_one_shot_push,False
leave_one_model_out,qwen3-8b,additive_plus_schedule,0.01,qwen3-8b-mixed-uniform_b16,4,qwen3-8b,4,decode,uniform_b16,40823.62744140625,58863.368794063485,0.44189462042660216,sglang_custom:all_reduce_one_shot_push,False
leave_one_model_out,qwen3-8b,additive_plus_schedule,0.01,qwen3-8b-mixed-uniform_b4,5,qwen3-8b,4,decode,uniform_b4,32978.98974609375,36731.92516105883,0.11379776772602943,sglang_custom:all_reduce_one_shot_push,False
leave_one_model_out,qwen3-8b,additive_plus_schedule,0.01,qwen3-8b-chunk-c1024-b1-l1023-m8,0,qwen3-8b,8,prefill,c1024,2626.919921875,3247.591259447999,0.23627341374379868,sglang_custom:all_reduce_two_shot,False
leave_one_model_out,qwen3-8b,additive_plus_schedule,0.01,qwen3-8b-chunk-c1024-b1-l1024-m8,1,qwen3-8b,8,prefill,c1024,2624.40576171875,3249.9739283975537,0.23836564292143328,sglang_custom:all_reduce_two_shot,False
leave_one_model_out,qwen3-8b,additive_plus_schedule,0.01,qwen3-8b-chunk-c1024-b1-l1025-m8,2,qwen3-8b,8,prefill,c1024,3184.5107421875,6189.4554929217065,0.9436126909309949,sglang_custom:all_reduce_one_shot_push+sglang_custom:all_reduce_two_shot,False
leave_one_model_out,qwen3-8b,additive_plus_schedule,0.01,qwen3-8b-chunk-c1024-b4-l1023-m8,3,qwen3-8b,8,prefill,c1024,10688.50830078125,9535.541984855714,0.10786971235651871,nccl:all_reduce,False
leave_one_model_out,qwen3-8b,additive_plus_schedule,0.01,qwen3-8b-chunk-c1024-b4-l1024-m8,4,qwen3-8b,8,prefill,c1024,10559.283203125,9544.199725348533,0.09613185462021273,nccl:all_reduce,False
leave_one_model_out,qwen3-8b,additive_plus_schedule,0.01,qwen3-8b-chunk-c1024-b4-l1025-m8,5,qwen3-8b,8,prefill,c1024,11195.802734375,9240.895638921354,0.17461071276750906,nccl:all_reduce+sglang_custom:all_reduce_one_shot_push,False
leave_one_model_out,qwen3-8b,additive_plus_schedule,0.01,qwen3-8b-chunk-c4096-b1-l4095-m8,0,qwen3-8b,8,prefill,c4096,10653.4697265625,9542.035460708097,0.10432603596584523,nccl:all_reduce,False
leave_one_model_out,qwen3-8b,additive_plus_schedule,0.01,qwen3-8b-chunk-c4096-b1-l4096-m8,1,qwen3-8b,8,prefill,c4096,10493.29150390625,9544.199725348533,0.09044748048831067,nccl:all_reduce,False
leave_one_model_out,qwen3-8b,additive_plus_schedule,0.01,qwen3-8b-chunk-c4096-b1-l4097-m8,2,qwen3-8b,8,prefill,c4096,11021.55419921875,15850.036128385365,0.438094468519592,nccl:all_reduce+sglang_custom:all_reduce_one_shot_push,False
leave_one_model_out,qwen3-8b,additive_plus_schedule,0.01,qwen3-8b-chunk-c4096-b4-l4095-m8,3,qwen3-8b,8,prefill,c4096,27729.91357421875,30395.46966236988,0.09612565437742185,nccl:all_reduce,False
leave_one_model_out,qwen3-8b,additive_plus_schedule,0.01,qwen3-8b-chunk-c4096-b4-l4096-m8,4,qwen3-8b,8,prefill,c4096,27712.51171875,30401.2742703743,0.09702341595421356,nccl:all_reduce,False
leave_one_model_out,qwen3-8b,additive_plus_schedule,0.01,qwen3-8b-chunk-c4096-b4-l4097-m8,5,qwen3-8b,8,prefill,c4096,28354.4482421875,25667.555178152747,0.09476090104398603,nccl:all_reduce+sglang_custom:all_reduce_one_shot_push,False
leave_one_model_out,qwen3-8b,additive_plus_schedule,0.01,qwen3-8b-mixed-balanced,0,qwen3-8b,8,decode,balanced,37482.1162109375,22419.890743231186,0.40185098896073185,sglang_custom:all_reduce_one_shot_push,False
leave_one_model_out,qwen3-8b,additive_plus_schedule,0.01,qwen3-8b-mixed-bimodal,1,qwen3-8b,8,decode,bimodal,38337.58154296875,22665.096265668017,0.40880213739447846,sglang_custom:all_reduce_one_shot_push,False
leave_one_model_out,qwen3-8b,additive_plus_schedule,0.01,qwen3-8b-mixed-long_tail,2,qwen3-8b,8,decode,long_tail,73173.4873046875,104013.62733767639,0.42146604144440253,sglang_custom:all_reduce_one_shot_push,False
leave_one_model_out,qwen3-8b,additive_plus_schedule,0.01,qwen3-8b-mixed-staircase,3,qwen3-8b,8,decode,staircase,38384.81005859375,52554.12524132656,0.3691386035544684,sglang_custom:all_reduce_one_shot_push,False
leave_one_model_out,qwen3-8b,additive_plus_schedule,0.01,qwen3-8b-mixed-uniform_b16,4,qwen3-8b,8,decode,uniform_b16,48037.93359375,63743.39896078262,0.32693882088791576,sglang_custom:all_reduce_one_shot_push,False
leave_one_model_out,qwen3-8b,additive_plus_schedule,0.01,qwen3-8b-mixed-uniform_b4,5,qwen3-8b,8,decode,uniform_b4,39151.01904296875,39777.16206373693,0.01599301974952368,sglang_custom:all_reduce_one_shot_push,False
leave_one_model_out,qwen3-8b,tp_conditioned_plus_schedule,0.0001,qwen3-8b-chunk-c1024-b1-l1023-m8,0,qwen3-8b,2,prefill,c1024,1713.4990234375,1840.4971809983092,0.0741162707557513,sglang_custom:all_reduce_one_shot,False
leave_one_model_out,qwen3-8b,tp_conditioned_plus_schedule,0.0001,qwen3-8b-chunk-c1024-b1-l1024-m8,1,qwen3-8b,2,prefill,c1024,1713.20703125,1841.9660843885931,0.07515673867194392,sglang_custom:all_reduce_one_shot,False
leave_one_model_out,qwen3-8b,tp_conditioned_plus_schedule,0.0001,qwen3-8b-chunk-c1024-b1-l1025-m8,2,qwen3-8b,2,prefill,c1024,2092.21875,3306.645007708764,0.5804489887631319,sglang_custom:all_reduce_one_shot+sglang_custom:all_reduce_one_shot_push,False
leave_one_model_out,qwen3-8b,tp_conditioned_plus_schedule,0.0001,qwen3-8b-chunk-c1024-b4-l1023-m8,3,qwen3-8b,2,prefill,c1024,6368.390625,4679.631766805991,0.26517827778411585,nccl:all_reduce,False
leave_one_model_out,qwen3-8b,tp_conditioned_plus_schedule,0.0001,qwen3-8b-chunk-c1024-b4-l1024-m8,4,qwen3-8b,2,prefill,c1024,6336.9208984375,4684.230832579199,0.260803328989921,nccl:all_reduce,False
leave_one_model_out,qwen3-8b,tp_conditioned_plus_schedule,0.0001,qwen3-8b-chunk-c1024-b4-l1025-m8,5,qwen3-8b,2,prefill,c1024,6733.70361328125,2126.6696962746337,0.684175333752426,nccl:all_reduce+sglang_custom:all_reduce_one_shot_push,False
leave_one_model_out,qwen3-8b,tp_conditioned_plus_schedule,0.0001,qwen3-8b-chunk-c4096-b1-l4095-m8,0,qwen3-8b,2,prefill,c4096,6303.0419921875,4683.080971427284,0.2570125699254625,nccl:all_reduce,False
leave_one_model_out,qwen3-8b,tp_conditioned_plus_schedule,0.0001,qwen3-8b-chunk-c4096-b1-l4096-m8,1,qwen3-8b,2,prefill,c4096,6284.48095703125,4684.230832579199,0.25463520939810425,nccl:all_reduce,False
leave_one_model_out,qwen3-8b,tp_conditioned_plus_schedule,0.0001,qwen3-8b-chunk-c4096-b1-l4097-m8,2,qwen3-8b,2,prefill,c4096,6682.6064453125,7437.795986878253,0.11300823230365134,nccl:all_reduce+sglang_custom:all_reduce_one_shot_push,False
leave_one_model_out,qwen3-8b,tp_conditioned_plus_schedule,0.0001,qwen3-8b-chunk-c4096-b4-l4095-m8,3,qwen3-8b,2,prefill,c4096,21303.6640625,23102.058126168755,0.08441712460319899,nccl:all_reduce,False
leave_one_model_out,qwen3-8b,tp_conditioned_plus_schedule,0.0001,qwen3-8b-chunk-c4096-b4-l4096-m8,4,qwen3-8b,2,prefill,c4096,21377.5087890625,23108.11284269771,0.08095443069216032,nccl:all_reduce,False
leave_one_model_out,qwen3-8b,tp_conditioned_plus_schedule,0.0001,qwen3-8b-chunk-c4096-b4-l4097-m8,5,qwen3-8b,2,prefill,c4096,21858.9111328125,9279.536065821054,0.5754804066204604,nccl:all_reduce+sglang_custom:all_reduce_one_shot_push,False
leave_one_model_out,qwen3-8b,tp_conditioned_plus_schedule,0.0001,qwen3-8b-mixed-balanced,0,qwen3-8b,2,decode,balanced,25425.71435546875,18127.91014203646,0.28702454969028723,sglang_custom:all_reduce_one_shot_push,False
leave_one_model_out,qwen3-8b,tp_conditioned_plus_schedule,0.0001,qwen3-8b-mixed-bimodal,1,qwen3-8b,2,decode,bimodal,24564.85888671875,16538.07950297079,0.3267586197325042,sglang_custom:all_reduce_one_shot_push,False
leave_one_model_out,qwen3-8b,tp_conditioned_plus_schedule,0.0001,qwen3-8b-mixed-long_tail,2,qwen3-8b,2,decode,long_tail,48905.96630859375,62963.39347409836,0.2874378777591895,sglang_custom:all_reduce_one_shot_push,False
leave_one_model_out,qwen3-8b,tp_conditioned_plus_schedule,0.0001,qwen3-8b-mixed-staircase,3,qwen3-8b,2,decode,staircase,25383.18408203125,37837.39914945572,0.49064825859419287,sglang_custom:all_reduce_one_shot_push,False
leave_one_model_out,qwen3-8b,tp_conditioned_plus_schedule,0.0001,qwen3-8b-mixed-uniform_b16,4,qwen3-8b,2,decode,uniform_b16,35672.68798828125,54997.95327136618,0.5417384103332339,sglang_custom:all_reduce_one_shot_push,False
leave_one_model_out,qwen3-8b,tp_conditioned_plus_schedule,0.0001,qwen3-8b-mixed-uniform_b4,5,qwen3-8b,2,decode,uniform_b4,25195.66064453125,6228.078847545473,0.7528114489469724,sglang_custom:all_reduce_one_shot_push,False
leave_one_model_out,qwen3-8b,tp_conditioned_plus_schedule,0.0001,qwen3-8b-chunk-c1024-b1-l1023-m8,0,qwen3-8b,4,prefill,c1024,2315.5361328125,1989.3606598398949,0.1408639098092697,sglang_custom:all_reduce_two_shot,False
leave_one_model_out,qwen3-8b,tp_conditioned_plus_schedule,0.0001,qwen3-8b-chunk-c1024-b1-l1024-m8,1,qwen3-8b,4,prefill,c1024,2298.98681640625,1990.894287768222,0.13401230769980432,sglang_custom:all_reduce_two_shot,False
leave_one_model_out,qwen3-8b,tp_conditioned_plus_schedule,0.0001,qwen3-8b-chunk-c1024-b1-l1025-m8,2,qwen3-8b,4,prefill,c1024,2822.17919921875,3188.244294044353,0.12971008181441454,sglang_custom:all_reduce_one_shot_push+sglang_custom:all_reduce_two_shot,False
leave_one_model_out,qwen3-8b,tp_conditioned_plus_schedule,0.0001,qwen3-8b-chunk-c1024-b4-l1023-m8,3,qwen3-8b,4,prefill,c1024,8811.62744140625,4914.348721659515,0.442288186338115,nccl:all_reduce,False
leave_one_model_out,qwen3-8b,tp_conditioned_plus_schedule,0.0001,qwen3-8b-chunk-c1024-b4-l1024-m8,4,qwen3-8b,4,prefill,c1024,8799.83447265625,4918.888566817691,0.44102487585395306,nccl:all_reduce,False
leave_one_model_out,qwen3-8b,tp_conditioned_plus_schedule,0.0001,qwen3-8b-chunk-c1024-b4-l1025-m8,5,qwen3-8b,4,prefill,c1024,9370.06298828125,2015.7878002243715,0.7848693437018051,nccl:all_reduce+sglang_custom:all_reduce_one_shot_push,False
leave_one_model_out,qwen3-8b,tp_conditioned_plus_schedule,0.0001,qwen3-8b-chunk-c4096-b1-l4095-m8,0,qwen3-8b,4,prefill,c4096,8798.3447265625,4917.753412492681,0.4410592486055,nccl:all_reduce,False
leave_one_model_out,qwen3-8b,tp_conditioned_plus_schedule,0.0001,qwen3-8b-chunk-c4096-b1-l4096-m8,1,qwen3-8b,4,prefill,c4096,8790.0830078125,4918.888566817691,0.4404047649554785,nccl:all_reduce,False
leave_one_model_out,qwen3-8b,tp_conditioned_plus_schedule,0.0001,qwen3-8b-chunk-c4096-b1-l4097-m8,2,qwen3-8b,4,prefill,c4096,9250.337890625,7037.144424400204,0.23925541881749157,nccl:all_reduce+sglang_custom:all_reduce_one_shot_push,False
leave_one_model_out,qwen3-8b,tp_conditioned_plus_schedule,0.0001,qwen3-8b-chunk-c4096-b4-l4095-m8,3,qwen3-8b,4,prefill,c4096,25922.70703125,28623.607304206645,0.10419051797718085,nccl:all_reduce,False
leave_one_model_out,qwen3-8b,tp_conditioned_plus_schedule,0.0001,qwen3-8b-chunk-c4096-b4-l4096-m8,4,qwen3-8b,4,prefill,c4096,25776.99267578125,28631.441955106468,0.11073631882617217,nccl:all_reduce,False
leave_one_model_out,qwen3-8b,tp_conditioned_plus_schedule,0.0001,qwen3-8b-chunk-c4096-b4-l4097-m8,5,qwen3-8b,4,prefill,c4096,26396.96240234375,10482.07200487375,0.6029061281709042,nccl:all_reduce+sglang_custom:all_reduce_one_shot_push,False
leave_one_model_out,qwen3-8b,tp_conditioned_plus_schedule,0.0001,qwen3-8b-mixed-balanced,0,qwen3-8b,4,decode,balanced,32147.4912109375,20802.767773145984,0.3528960740156207,sglang_custom:all_reduce_one_shot_push,False
leave_one_model_out,qwen3-8b,tp_conditioned_plus_schedule,0.0001,qwen3-8b-mixed-bimodal,1,qwen3-8b,4,decode,bimodal,33393.40869140625,19347.038802046027,0.4206330063266359,sglang_custom:all_reduce_one_shot_push,False
leave_one_model_out,qwen3-8b,tp_conditioned_plus_schedule,0.0001,qwen3-8b-mixed-long_tail,2,qwen3-8b,4,decode,long_tail,66028.7802734375,69031.11535153234,0.045470097519015325,sglang_custom:all_reduce_one_shot_push,False
leave_one_model_out,qwen3-8b,tp_conditioned_plus_schedule,0.0001,qwen3-8b-mixed-staircase,3,qwen3-8b,4,decode,staircase,32638.03173828125,36913.80061486005,0.13100572089841234,sglang_custom:all_reduce_one_shot_push,False
leave_one_model_out,qwen3-8b,tp_conditioned_plus_schedule,0.0001,qwen3-8b-mixed-uniform_b16,4,qwen3-8b,4,decode,uniform_b16,40823.62744140625,72400.52504851152,0.7734956344197312,sglang_custom:all_reduce_one_shot_push,False
leave_one_model_out,qwen3-8b,tp_conditioned_plus_schedule,0.0001,qwen3-8b-mixed-uniform_b4,5,qwen3-8b,4,decode,uniform_b4,32978.98974609375,7121.446003875807,0.7840611231967978,sglang_custom:all_reduce_one_shot_push,False
leave_one_model_out,qwen3-8b,tp_conditioned_plus_schedule,0.0001,qwen3-8b-chunk-c1024-b1-l1023-m8,0,qwen3-8b,8,prefill,c1024,2626.919921875,2196.452719096262,0.16386765321399138,sglang_custom:all_reduce_two_shot,False
leave_one_model_out,qwen3-8b,tp_conditioned_plus_schedule,0.0001,qwen3-8b-chunk-c1024-b1-l1024-m8,1,qwen3-8b,8,prefill,c1024,2624.40576171875,2198.2293154832832,0.162389693107654,sglang_custom:all_reduce_two_shot,False
leave_one_model_out,qwen3-8b,tp_conditioned_plus_schedule,0.0001,qwen3-8b-chunk-c1024-b1-l1025-m8,2,qwen3-8b,8,prefill,c1024,3184.5107421875,3559.456050367785,0.11774031822631816,sglang_custom:all_reduce_one_shot_push+sglang_custom:all_reduce_two_shot,False
leave_one_model_out,qwen3-8b,tp_conditioned_plus_schedule,0.0001,qwen3-8b-chunk-c1024-b4-l1023-m8,3,qwen3-8b,8,prefill,c1024,10688.50830078125,5703.684348874565,0.4663722768070762,nccl:all_reduce,False
leave_one_model_out,qwen3-8b,tp_conditioned_plus_schedule,0.0001,qwen3-8b-chunk-c1024-b4-l1024-m8,4,qwen3-8b,8,prefill,c1024,10559.283203125,5709.456843140893,0.45929503610139083,nccl:all_reduce,False
leave_one_model_out,qwen3-8b,tp_conditioned_plus_schedule,0.0001,qwen3-8b-chunk-c1024-b4-l1025-m8,5,qwen3-8b,8,prefill,c1024,11195.802734375,2357.349099985829,0.7894434945028149,nccl:all_reduce+sglang_custom:all_reduce_one_shot_push,False
leave_one_model_out,qwen3-8b,tp_conditioned_plus_schedule,0.0001,qwen3-8b-chunk-c4096-b1-l4095-m8,0,qwen3-8b,8,prefill,c4096,10653.4697265625,5708.01338469426,0.46421085982322163,nccl:all_reduce,False
leave_one_model_out,qwen3-8b,tp_conditioned_plus_schedule,0.0001,qwen3-8b-chunk-c4096-b1-l4096-m8,1,qwen3-8b,8,prefill,c4096,10493.29150390625,5709.456843140893,0.45589457406996825,nccl:all_reduce,False
leave_one_model_out,qwen3-8b,tp_conditioned_plus_schedule,0.0001,qwen3-8b-chunk-c4096-b1-l4097-m8,2,qwen3-8b,8,prefill,c4096,11021.55419921875,8273.70433743489,0.2493160049948888,nccl:all_reduce+sglang_custom:all_reduce_one_shot_push,False
leave_one_model_out,qwen3-8b,tp_conditioned_plus_schedule,0.0001,qwen3-8b-chunk-c4096-b4-l4095-m8,3,qwen3-8b,8,prefill,c4096,27729.91357421875,42314.49715853695,0.5259512816469029,nccl:all_reduce,False
leave_one_model_out,qwen3-8b,tp_conditioned_plus_schedule,0.0001,qwen3-8b-chunk-c4096-b4-l4096-m8,4,qwen3-8b,8,prefill,c4096,27712.51171875,42327.24899499726,0.5273696381103946,nccl:all_reduce,False
leave_one_model_out,qwen3-8b,tp_conditioned_plus_schedule,0.0001,qwen3-8b-chunk-c4096-b4-l4097-m8,5,qwen3-8b,8,prefill,c4096,28354.4482421875,15640.250819366835,0.44840221591417523,nccl:all_reduce+sglang_custom:all_reduce_one_shot_push,False
leave_one_model_out,qwen3-8b,tp_conditioned_plus_schedule,0.0001,qwen3-8b-mixed-balanced,0,qwen3-8b,8,decode,balanced,37482.1162109375,24715.98873985134,0.3405924948111903,sglang_custom:all_reduce_one_shot_push,False
leave_one_model_out,qwen3-8b,tp_conditioned_plus_schedule,0.0001,qwen3-8b-mixed-bimodal,1,qwen3-8b,8,decode,bimodal,38337.58154296875,22812.2429505896,0.4049639535811187,sglang_custom:all_reduce_one_shot_push,False
leave_one_model_out,qwen3-8b,tp_conditioned_plus_schedule,0.0001,qwen3-8b-mixed-long_tail,2,qwen3-8b,8,decode,long_tail,73173.4873046875,85838.32138027661,0.17307954755325433,sglang_custom:all_reduce_one_shot_push,False
leave_one_model_out,qwen3-8b,tp_conditioned_plus_schedule,0.0001,qwen3-8b-mixed-staircase,3,qwen3-8b,8,decode,staircase,38384.81005859375,45615.18172758075,0.1883654408592868,sglang_custom:all_reduce_one_shot_push,False
leave_one_model_out,qwen3-8b,tp_conditioned_plus_schedule,0.0001,qwen3-8b-mixed-uniform_b16,4,qwen3-8b,8,decode,uniform_b16,48037.93359375,92051.29564117303,0.9162209686128008,sglang_custom:all_reduce_one_shot_push,False
leave_one_model_out,qwen3-8b,tp_conditioned_plus_schedule,0.0001,qwen3-8b-mixed-uniform_b4,5,qwen3-8b,8,decode,uniform_b4,39151.01904296875,8439.24031813337,0.7844439168014709,sglang_custom:all_reduce_one_shot_push,False
leave_one_model_out,qwen3-8b,tp_conditioned_plus_schedule_tp,0.01,qwen3-8b-chunk-c1024-b1-l1023-m8,0,qwen3-8b,2,prefill,c1024,1713.4990234375,2048.8990349130654,0.1957398322893174,sglang_custom:all_reduce_one_shot,False
leave_one_model_out,qwen3-8b,tp_conditioned_plus_schedule_tp,0.01,qwen3-8b-chunk-c1024-b1-l1024-m8,1,qwen3-8b,2,prefill,c1024,1713.20703125,2050.3885001540507,0.19681303120617852,sglang_custom:all_reduce_one_shot,False
leave_one_model_out,qwen3-8b,tp_conditioned_plus_schedule_tp,0.01,qwen3-8b-chunk-c1024-b1-l1025-m8,2,qwen3-8b,2,prefill,c1024,2092.21875,4051.803866805393,0.9366062304935339,sglang_custom:all_reduce_one_shot+sglang_custom:all_reduce_one_shot_push,False
leave_one_model_out,qwen3-8b,tp_conditioned_plus_schedule_tp,0.01,qwen3-8b-chunk-c1024-b4-l1023-m8,3,qwen3-8b,2,prefill,c1024,6368.390625,6183.507143039779,0.029031429264787082,nccl:all_reduce,False
leave_one_model_out,qwen3-8b,tp_conditioned_plus_schedule_tp,0.01,qwen3-8b-chunk-c1024-b4-l1024-m8,4,qwen3-8b,2,prefill,c1024,6336.9208984375,6189.105050514915,0.023326131143444128,nccl:all_reduce,False
leave_one_model_out,qwen3-8b,tp_conditioned_plus_schedule_tp,0.01,qwen3-8b-chunk-c1024-b4-l1025-m8,5,qwen3-8b,2,prefill,c1024,6733.70361328125,6291.944215601746,0.06560422362638565,nccl:all_reduce+sglang_custom:all_reduce_one_shot_push,False
leave_one_model_out,qwen3-8b,tp_conditioned_plus_schedule_tp,0.01,qwen3-8b-chunk-c4096-b1-l4095-m8,0,qwen3-8b,2,prefill,c4096,6303.0419921875,6187.705696920764,0.01829851291006674,nccl:all_reduce,False
leave_one_model_out,qwen3-8b,tp_conditioned_plus_schedule_tp,0.01,qwen3-8b-chunk-c4096-b1-l4096-m8,1,qwen3-8b,2,prefill,c4096,6284.48095703125,6189.105050514915,0.01517641745888747,nccl:all_reduce,False
leave_one_model_out,qwen3-8b,tp_conditioned_plus_schedule_tp,0.01,qwen3-8b-chunk-c4096-b1-l4097-m8,2,qwen3-8b,2,prefill,c4096,6682.6064453125,10580.477549499836,0.5832860480541225,nccl:all_reduce+sglang_custom:all_reduce_one_shot_push,False
leave_one_model_out,qwen3-8b,tp_conditioned_plus_schedule_tp,0.01,qwen3-8b-chunk-c4096-b4-l4095-m8,3,qwen3-8b,2,prefill,c4096,21303.6640625,19246.917304702467,0.09654427293650125,nccl:all_reduce,False
leave_one_model_out,qwen3-8b,tp_conditioned_plus_schedule_tp,0.01,qwen3-8b-chunk-c4096-b4-l4096-m8,4,qwen3-8b,2,prefill,c4096,21377.5087890625,19250.467235358803,0.0994990377359577,nccl:all_reduce,False
leave_one_model_out,qwen3-8b,tp_conditioned_plus_schedule_tp,0.01,qwen3-8b-chunk-c4096-b4-l4097-m8,5,qwen3-8b,2,prefill,c4096,21858.9111328125,16930.252791933555,0.22547593111719622,nccl:all_reduce+sglang_custom:all_reduce_one_shot_push,False
leave_one_model_out,qwen3-8b,tp_conditioned_plus_schedule_tp,0.01,qwen3-8b-mixed-balanced,0,qwen3-8b,2,decode,balanced,25425.71435546875,18528.213122056735,0.27128052871908587,sglang_custom:all_reduce_one_shot_push,False
leave_one_model_out,qwen3-8b,tp_conditioned_plus_schedule_tp,0.01,qwen3-8b-mixed-bimodal,1,qwen3-8b,2,decode,bimodal,24564.85888671875,18484.913546066637,0.24750581180579465,sglang_custom:all_reduce_one_shot_push,False
leave_one_model_out,qwen3-8b,tp_conditioned_plus_schedule_tp,0.01,qwen3-8b-mixed-long_tail,2,qwen3-8b,2,decode,long_tail,48905.96630859375,83532.10575200913,0.7080146259645804,sglang_custom:all_reduce_one_shot_push,False
leave_one_model_out,qwen3-8b,tp_conditioned_plus_schedule_tp,0.01,qwen3-8b-mixed-staircase,3,qwen3-8b,2,decode,staircase,25383.18408203125,44243.40620042286,0.743020342028042,sglang_custom:all_reduce_one_shot_push,False
leave_one_model_out,qwen3-8b,tp_conditioned_plus_schedule_tp,0.01,qwen3-8b-mixed-uniform_b16,4,qwen3-8b,2,decode,uniform_b16,35672.68798828125,44788.998863435205,0.2555543579488244,sglang_custom:all_reduce_one_shot_push,False
leave_one_model_out,qwen3-8b,tp_conditioned_plus_schedule_tp,0.01,qwen3-8b-mixed-uniform_b4,5,qwen3-8b,2,decode,uniform_b4,25195.66064453125,29560.728493544302,0.17324681065509173,sglang_custom:all_reduce_one_shot_push,False
leave_one_model_out,qwen3-8b,tp_conditioned_plus_schedule_tp,0.01,qwen3-8b-chunk-c1024-b1-l1023-m8,0,qwen3-8b,4,prefill,c1024,2315.5361328125,2886.782502826591,0.24670155732799684,sglang_custom:all_reduce_two_shot,False
leave_one_model_out,qwen3-8b,tp_conditioned_plus_schedule_tp,0.01,qwen3-8b-chunk-c1024-b1-l1024-m8,1,qwen3-8b,4,prefill,c1024,2298.98681640625,2888.9095746993585,0.2566011923527552,sglang_custom:all_reduce_two_shot,False
leave_one_model_out,qwen3-8b,tp_conditioned_plus_schedule_tp,0.01,qwen3-8b-chunk-c1024-b1-l1025-m8,2,qwen3-8b,4,prefill,c1024,2822.17919921875,5421.093397182909,0.9208891478909644,sglang_custom:all_reduce_one_shot_push+sglang_custom:all_reduce_two_shot,False
leave_one_model_out,qwen3-8b,tp_conditioned_plus_schedule_tp,0.01,qwen3-8b-chunk-c1024-b4-l1023-m8,3,qwen3-8b,4,prefill,c1024,8811.62744140625,7820.4468854448505,0.11248552694179915,nccl:all_reduce,False
leave_one_model_out,qwen3-8b,tp_conditioned_plus_schedule_tp,0.01,qwen3-8b-chunk-c1024-b4-l1024-m8,4,qwen3-8b,4,prefill,c1024,8799.83447265625,7827.373244158117,0.11050903645061332,nccl:all_reduce,False
leave_one_model_out,qwen3-8b,tp_conditioned_plus_schedule_tp,0.01,qwen3-8b-chunk-c1024-b4-l1025-m8,5,qwen3-8b,4,prefill,c1024,9370.06298828125,6977.886248908972,0.2552999635503063,nccl:all_reduce+sglang_custom:all_reduce_one_shot_push,False
leave_one_model_out,qwen3-8b,tp_conditioned_plus_schedule_tp,0.01,qwen3-8b-chunk-c4096-b1-l4095-m8,0,qwen3-8b,4,prefill,c4096,8798.3447265625,7825.641807521601,0.11055521797233932,nccl:all_reduce,False
leave_one_model_out,qwen3-8b,tp_conditioned_plus_schedule_tp,0.01,qwen3-8b-chunk-c4096-b1-l4096-m8,1,qwen3-8b,4,prefill,c4096,8790.0830078125,7827.373244158117,0.10952226080217223,nccl:all_reduce,False
leave_one_model_out,qwen3-8b,tp_conditioned_plus_schedule_tp,0.01,qwen3-8b-chunk-c4096-b1-l4097-m8,2,qwen3-8b,4,prefill,c4096,9250.337890625,12875.799153371618,0.3919274415284805,nccl:all_reduce+sglang_custom:all_reduce_one_shot_push,False
leave_one_model_out,qwen3-8b,tp_conditioned_plus_schedule_tp,0.01,qwen3-8b-chunk-c4096-b4-l4095-m8,3,qwen3-8b,4,prefill,c4096,25922.70703125,24225.92583491804,0.06545540148590488,nccl:all_reduce,False
leave_one_model_out,qwen3-8b,tp_conditioned_plus_schedule_tp,0.01,qwen3-8b-chunk-c4096-b4-l4096-m8,4,qwen3-8b,4,prefill,c4096,25776.99267578125,24230.690355972787,0.05998769287238421,nccl:all_reduce,False
leave_one_model_out,qwen3-8b,tp_conditioned_plus_schedule_tp,0.01,qwen3-8b-chunk-c4096-b4-l4097-m8,5,qwen3-8b,4,prefill,c4096,26396.96240234375,18935.58987706674,0.28266027020648876,nccl:all_reduce+sglang_custom:all_reduce_one_shot_push,False
leave_one_model_out,qwen3-8b,tp_conditioned_plus_schedule_tp,0.01,qwen3-8b-mixed-balanced,0,qwen3-8b,4,decode,balanced,32147.4912109375,19228.48582823542,0.40186667438318363,sglang_custom:all_reduce_one_shot_push,False
leave_one_model_out,qwen3-8b,tp_conditioned_plus_schedule_tp,0.01,qwen3-8b-mixed-bimodal,1,qwen3-8b,4,decode,bimodal,33393.40869140625,19663.11488209221,0.41116778272616156,sglang_custom:all_reduce_one_shot_push,False
leave_one_model_out,qwen3-8b,tp_conditioned_plus_schedule_tp,0.01,qwen3-8b-mixed-long_tail,2,qwen3-8b,4,decode,long_tail,66028.7802734375,90866.94922179703,0.37617185787015955,sglang_custom:all_reduce_one_shot_push,False
leave_one_model_out,qwen3-8b,tp_conditioned_plus_schedule_tp,0.01,qwen3-8b-mixed-staircase,3,qwen3-8b,4,decode,staircase,32638.03173828125,44781.66416346542,0.37206999866174123,sglang_custom:all_reduce_one_shot_push,False
leave_one_model_out,qwen3-8b,tp_conditioned_plus_schedule_tp,0.01,qwen3-8b-mixed-uniform_b16,4,qwen3-8b,4,decode,uniform_b16,40823.62744140625,60384.89015835987,0.47916522717217397,sglang_custom:all_reduce_one_shot_push,False
leave_one_model_out,qwen3-8b,tp_conditioned_plus_schedule_tp,0.01,qwen3-8b-mixed-uniform_b4,5,qwen3-8b,4,decode,uniform_b4,32978.98974609375,33783.549423908065,0.0243961286870412,sglang_custom:all_reduce_one_shot_push,False
leave_one_model_out,qwen3-8b,tp_conditioned_plus_schedule_tp,0.01,qwen3-8b-chunk-c1024-b1-l1023-m8,0,qwen3-8b,8,prefill,c1024,2626.919921875,3372.535110446024,0.2838362838402897,sglang_custom:all_reduce_two_shot,False
leave_one_model_out,qwen3-8b,tp_conditioned_plus_schedule_tp,0.01,qwen3-8b-chunk-c1024-b1-l1024-m8,1,qwen3-8b,8,prefill,c1024,2624.40576171875,3375.0518699946765,0.28602517157420076,sglang_custom:all_reduce_two_shot,False
leave_one_model_out,qwen3-8b,tp_conditioned_plus_schedule_tp,0.01,qwen3-8b-chunk-c1024-b1-l1025-m8,2,qwen3-8b,8,prefill,c1024,3184.5107421875,6466.677260988476,1.0306658650321883,sglang_custom:all_reduce_one_shot_push+sglang_custom:all_reduce_two_shot,False
leave_one_model_out,qwen3-8b,tp_conditioned_plus_schedule_tp,0.01,qwen3-8b-chunk-c1024-b4-l1023-m8,3,qwen3-8b,8,prefill,c1024,10688.50830078125,10213.33683147684,0.0444562941743404,nccl:all_reduce,False
leave_one_model_out,qwen3-8b,tp_conditioned_plus_schedule_tp,0.01,qwen3-8b-chunk-c1024-b4-l1024-m8,4,qwen3-8b,8,prefill,c1024,10559.283203125,10222.968326325194,0.03185016163789173,nccl:all_reduce,False
leave_one_model_out,qwen3-8b,tp_conditioned_plus_schedule_tp,0.01,qwen3-8b-chunk-c1024-b4-l1025-m8,5,qwen3-8b,8,prefill,c1024,11195.802734375,9482.222685750025,0.1530555771015588,nccl:all_reduce+sglang_custom:all_reduce_one_shot_push,False
leave_one_model_out,qwen3-8b,tp_conditioned_plus_schedule_tp,0.01,qwen3-8b-chunk-c4096-b1-l4095-m8,0,qwen3-8b,8,prefill,c4096,10653.4697265625,10220.560633369167,0.040635502264013836,nccl:all_reduce,False
leave_one_model_out,qwen3-8b,tp_conditioned_plus_schedule_tp,0.01,qwen3-8b-chunk-c4096-b1-l4096-m8,1,qwen3-8b,8,prefill,c4096,10493.29150390625,10222.968326325194,0.025761523682099694,nccl:all_reduce,False
leave_one_model_out,qwen3-8b,tp_conditioned_plus_schedule_tp,0.01,qwen3-8b-chunk-c4096-b1-l4097-m8,2,qwen3-8b,8,prefill,c4096,11021.55419921875,17183.927548108953,0.5591201782891034,nccl:all_reduce+sglang_custom:all_reduce_one_shot_push,False
leave_one_model_out,qwen3-8b,tp_conditioned_plus_schedule_tp,0.01,qwen3-8b-chunk-c4096-b4-l4095-m8,3,qwen3-8b,8,prefill,c4096,27729.91357421875,33251.29817987044,0.19911293956520199,nccl:all_reduce,False
leave_one_model_out,qwen3-8b,tp_conditioned_plus_schedule_tp,0.01,qwen3-8b-chunk-c4096-b4-l4096-m8,4,qwen3-8b,8,prefill,c4096,27712.51171875,33257.72156866687,0.20009769977526215,nccl:all_reduce,False
leave_one_model_out,qwen3-8b,tp_conditioned_plus_schedule_tp,0.01,qwen3-8b-chunk-c4096-b4-l4097-m8,5,qwen3-8b,8,prefill,c4096,28354.4482421875,27062.649379971153,0.04555894902918014,nccl:all_reduce+sglang_custom:all_reduce_one_shot_push,False
leave_one_model_out,qwen3-8b,tp_conditioned_plus_schedule_tp,0.01,qwen3-8b-mixed-balanced,0,qwen3-8b,8,decode,balanced,37482.1162109375,21786.575698594766,0.4187474480899956,sglang_custom:all_reduce_one_shot_push,False
leave_one_model_out,qwen3-8b,tp_conditioned_plus_schedule_tp,0.01,qwen3-8b-mixed-bimodal,1,qwen3-8b,8,decode,bimodal,38337.58154296875,21940.844429231758,0.42769356995979346,sglang_custom:all_reduce_one_shot_push,False
leave_one_model_out,qwen3-8b,tp_conditioned_plus_schedule_tp,0.01,qwen3-8b-mixed-long_tail,2,qwen3-8b,8,decode,long_tail,73173.4873046875,108833.51651589703,0.48733537958529344,sglang_custom:all_reduce_one_shot_push,False
leave_one_model_out,qwen3-8b,tp_conditioned_plus_schedule_tp,0.01,qwen3-8b-mixed-staircase,3,qwen3-8b,8,decode,staircase,38384.81005859375,53289.78346900593,0.38830395116349403,sglang_custom:all_reduce_one_shot_push,False
leave_one_model_out,qwen3-8b,tp_conditioned_plus_schedule_tp,0.01,qwen3-8b-mixed-uniform_b16,4,qwen3-8b,8,decode,uniform_b16,48037.93359375,72802.69503279547,0.5155251191376704,sglang_custom:all_reduce_one_shot_push,False
leave_one_model_out,qwen3-8b,tp_conditioned_plus_schedule_tp,0.01,qwen3-8b-mixed-uniform_b4,5,qwen3-8b,8,decode,uniform_b4,39151.01904296875,40626.084100875196,0.037676287717761395,sglang_custom:all_reduce_one_shot_push,False
leave_one_model_out,qwen3-30b-a3b,additive_tp_phase,0.1,qwen3-30b-a3b-chunk-c1024-b1-l1023-m8,0,qwen3-30b-a3b,2,prefill,c1024,1470.548828125,1292.1786288616513,0.1212949858256504,flashinfer_mnnvl:fused_allreduce_residual_rmsnorm_twoshot+sglang_custom:all_reduce_one_shot_push,False
leave_one_model_out,qwen3-30b-a3b,additive_tp_phase,0.1,qwen3-30b-a3b-chunk-c1024-b1-l1024-m8,1,qwen3-30b-a3b,2,prefill,c1024,1457.69677734375,1579.3402484128983,0.08344909103168215,flashinfer_mnnvl:fused_allreduce_residual_rmsnorm_twoshot+sglang_custom:all_reduce_one_shot_push,False
leave_one_model_out,qwen3-30b-a3b,additive_tp_phase,0.1,qwen3-30b-a3b-chunk-c1024-b1-l1025-m8,2,qwen3-30b-a3b,2,prefill,c1024,2230.83935546875,1820.6071539424374,0.18389141312244486,flashinfer_mnnvl:fused_allreduce_residual_rmsnorm+flashinfer_mnnvl:fused_allreduce_residual_rmsnorm_twoshot+sglang_custom:all_reduce_one_shot_push,False
leave_one_model_out,qwen3-30b-a3b,additive_tp_phase,0.1,qwen3-30b-a3b-chunk-c1024-b4-l1023-m8,3,qwen3-30b-a3b,2,prefill,c1024,3643.80078125,3429.5633171673694,0.058795054105328114,sglang_custom:all_reduce_one_shot,False
leave_one_model_out,qwen3-30b-a3b,additive_tp_phase,0.1,qwen3-30b-a3b-chunk-c1024-b4-l1024-m8,4,qwen3-30b-a3b,2,prefill,c1024,3652.9736328125,3446.5527053863398,0.05650764231419664,sglang_custom:all_reduce_one_shot,False
leave_one_model_out,qwen3-30b-a3b,additive_tp_phase,0.1,qwen3-30b-a3b-chunk-c1024-b4-l1025-m8,5,qwen3-30b-a3b,2,prefill,c1024,4271.89697265625,4006.543688352767,0.06211603088790961,flashinfer_mnnvl:fused_allreduce_residual_rmsnorm+sglang_custom:all_reduce_one_shot+sglang_custom:all_reduce_one_shot_push,False
leave_one_model_out,qwen3-30b-a3b,additive_tp_phase,0.1,qwen3-30b-a3b-chunk-c4096-b1-l4095-m8,0,qwen3-30b-a3b,2,prefill,c4096,3658.544921875,3442.2007616317596,0.05913393572118946,sglang_custom:all_reduce_one_shot,False
leave_one_model_out,qwen3-30b-a3b,additive_tp_phase,0.1,qwen3-30b-a3b-chunk-c4096-b1-l4096-m8,1,qwen3-30b-a3b,2,prefill,c4096,3651.78369140625,3446.5527053863398,0.05620020334251471,sglang_custom:all_reduce_one_shot,False
leave_one_model_out,qwen3-30b-a3b,additive_tp_phase,0.1,qwen3-30b-a3b-chunk-c4096-b1-l4097-m8,2,qwen3-30b-a3b,2,prefill,c4096,4265.751953125,3685.941856810727,0.1359221311238025,flashinfer_mnnvl:fused_allreduce_residual_rmsnorm+sglang_custom:all_reduce_one_shot+sglang_custom:all_reduce_one_shot_push,False
leave_one_model_out,qwen3-30b-a3b,additive_tp_phase,0.1,qwen3-30b-a3b-chunk-c4096-b4-l4095-m8,3,qwen3-30b-a3b,2,prefill,c4096,14826.00830078125,14349.721289262721,0.032125100826594775,nccl:all_reduce,False
leave_one_model_out,qwen3-30b-a3b,additive_tp_phase,0.1,qwen3-30b-a3b-chunk-c4096-b4-l4096-m8,4,qwen3-30b-a3b,2,prefill,c4096,14931.0,14357.130051283715,0.038434796645655675,nccl:all_reduce,False
leave_one_model_out,qwen3-30b-a3b,additive_tp_phase,0.1,qwen3-30b-a3b-chunk-c4096-b4-l4097-m8,5,qwen3-30b-a3b,2,prefill,c4096,15502.69140625,15483.730628297104,0.0012230636252781163,flashinfer_mnnvl:fused_allreduce_residual_rmsnorm+nccl:all_reduce+sglang_custom:all_reduce_one_shot_push,False
leave_one_model_out,qwen3-30b-a3b,additive_tp_phase,0.1,qwen3-30b-a3b-mixed-balanced,0,qwen3-30b-a3b,2,decode,balanced,44370.80615234375,33150.32455374519,0.25287982282931487,flashinfer_mnnvl:fused_allreduce_residual_rmsnorm+sglang_custom:all_reduce_one_shot_push,False
leave_one_model_out,qwen3-30b-a3b,additive_tp_phase,0.1,qwen3-30b-a3b-mixed-bimodal,1,qwen3-30b-a3b,2,decode,bimodal,42279.43701171875,34027.116128904905,0.19518521215234058,flashinfer_mnnvl:fused_allreduce_residual_rmsnorm+sglang_custom:all_reduce_one_shot_push,False
leave_one_model_out,qwen3-30b-a3b,additive_tp_phase,0.1,qwen3-30b-a3b-mixed-long_tail,2,qwen3-30b-a3b,2,decode,long_tail,83096.12255859375,53736.47448213411,0.35332151696677794,flashinfer_mnnvl:fused_allreduce_residual_rmsnorm+sglang_custom:all_reduce_one_shot_push,False
leave_one_model_out,qwen3-30b-a3b,additive_tp_phase,0.1,qwen3-30b-a3b-mixed-staircase,3,qwen3-30b-a3b,2,decode,staircase,44112.15478515625,31201.60794143415,0.29267549741339094,flashinfer_mnnvl:fused_allreduce_residual_rmsnorm+sglang_custom:all_reduce_one_shot_push,False
leave_one_model_out,qwen3-30b-a3b,additive_tp_phase,0.1,qwen3-30b-a3b-mixed-uniform_b16,4,qwen3-30b-a3b,2,decode,uniform_b16,54753.421875,32885.57794787819,0.39938771273593227,flashinfer_mnnvl:fused_allreduce_residual_rmsnorm+sglang_custom:all_reduce_one_shot_push,False
leave_one_model_out,qwen3-30b-a3b,additive_tp_phase,0.1,qwen3-30b-a3b-mixed-uniform_b4,5,qwen3-30b-a3b,2,decode,uniform_b4,41809.55615234375,30260.986602259814,0.27621842021005405,flashinfer_mnnvl:fused_allreduce_residual_rmsnorm+sglang_custom:all_reduce_one_shot_push,False
leave_one_model_out,qwen3-30b-a3b,additive_tp_phase,0.1,qwen3-30b-a3b-chunk-c1024-b1-l1023-m8,0,qwen3-30b-a3b,4,prefill,c1024,1527.6845703125,1703.3546403502016,0.11499106127763464,flashinfer_mnnvl:fused_allreduce_residual_rmsnorm_twoshot+sglang_custom:all_reduce_two_shot,False
leave_one_model_out,qwen3-30b-a3b,additive_tp_phase,0.1,qwen3-30b-a3b-chunk-c1024-b1-l1024-m8,1,qwen3-30b-a3b,4,prefill,c1024,1527.03759765625,2081.892147679206,0.3633535617423998,flashinfer_mnnvl:fused_allreduce_residual_rmsnorm_twoshot+sglang_custom:all_reduce_two_shot,False
leave_one_model_out,qwen3-30b-a3b,additive_tp_phase,0.1,qwen3-30b-a3b-chunk-c1024-b1-l1025-m8,2,qwen3-30b-a3b,4,prefill,c1024,2314.95361328125,2399.931073503815,0.03670806176635067,flashinfer_mnnvl:fused_allreduce_residual_rmsnorm+flashinfer_mnnvl:fused_allreduce_residual_rmsnorm_twoshot+sglang_custom:all_reduce_one_shot_push+sglang_custom:all_reduce_two_shot,False
leave_one_model_out,qwen3-30b-a3b,additive_tp_phase,0.1,qwen3-30b-a3b-chunk-c1024-b4-l1023-m8,3,qwen3-30b-a3b,4,prefill,c1024,4892.48779296875,4520.863029454509,0.07595824031453327,sglang_custom:all_reduce_two_shot,False
leave_one_model_out,qwen3-30b-a3b,additive_tp_phase,0.1,qwen3-30b-a3b-chunk-c1024-b4-l1024-m8,4,qwen3-30b-a3b,4,prefill,c1024,4896.91455078125,4543.2585037435465,0.07222017933338892,sglang_custom:all_reduce_two_shot,False
leave_one_model_out,qwen3-30b-a3b,additive_tp_phase,0.1,qwen3-30b-a3b-chunk-c1024-b4-l1025-m8,5,qwen3-30b-a3b,4,prefill,c1024,5718.04443359375,5281.440685436516,0.07635543116667101,flashinfer_mnnvl:fused_allreduce_residual_rmsnorm+sglang_custom:all_reduce_one_shot_push+sglang_custom:all_reduce_two_shot,False
leave_one_model_out,qwen3-30b-a3b,additive_tp_phase,0.1,qwen3-30b-a3b-chunk-c4096-b1-l4095-m8,0,qwen3-30b-a3b,4,prefill,c4096,4911.99365234375,4537.521755415308,0.07623623388636985,sglang_custom:all_reduce_two_shot,False
leave_one_model_out,qwen3-30b-a3b,additive_tp_phase,0.1,qwen3-30b-a3b-chunk-c4096-b1-l4096-m8,1,qwen3-30b-a3b,4,prefill,c4096,4922.42578125,4543.2585037435465,0.07702854128359612,sglang_custom:all_reduce_two_shot,False
leave_one_model_out,qwen3-30b-a3b,additive_tp_phase,0.1,qwen3-30b-a3b-chunk-c4096-b1-l4097-m8,2,qwen3-30b-a3b,4,prefill,c4096,5625.73095703125,4858.822167172533,0.13632162570807005,flashinfer_mnnvl:fused_allreduce_residual_rmsnorm+sglang_custom:all_reduce_one_shot_push+sglang_custom:all_reduce_two_shot,False
leave_one_model_out,qwen3-30b-a3b,additive_tp_phase,0.1,qwen3-30b-a3b-chunk-c4096-b4-l4095-m8,3,qwen3-30b-a3b,4,prefill,c4096,17961.0302734375,18915.855594462675,0.05316094380383416,nccl:all_reduce,False
leave_one_model_out,qwen3-30b-a3b,additive_tp_phase,0.1,qwen3-30b-a3b-chunk-c4096-b4-l4096-m8,4,qwen3-30b-a3b,4,prefill,c4096,18524.94677734375,18925.621851917953,0.02162894605798456,nccl:all_reduce,False
leave_one_model_out,qwen3-30b-a3b,additive_tp_phase,0.1,qwen3-30b-a3b-chunk-c4096-b4-l4097-m8,5,qwen3-30b-a3b,4,prefill,c4096,18688.220703125,20410.710892871615,0.0921698334533573,flashinfer_mnnvl:fused_allreduce_residual_rmsnorm+nccl:all_reduce+sglang_custom:all_reduce_one_shot_push,False
leave_one_model_out,qwen3-30b-a3b,additive_tp_phase,0.1,qwen3-30b-a3b-mixed-balanced,0,qwen3-30b-a3b,4,decode,balanced,50772.69873046875,40365.6615918152,0.2049730937860956,flashinfer_mnnvl:fused_allreduce_residual_rmsnorm+sglang_custom:all_reduce_one_shot_push,False
leave_one_model_out,qwen3-30b-a3b,additive_tp_phase,0.1,qwen3-30b-a3b-mixed-bimodal,1,qwen3-30b-a3b,4,decode,bimodal,50319.439453125,41433.29132050969,0.17659473613360074,flashinfer_mnnvl:fused_allreduce_residual_rmsnorm+sglang_custom:all_reduce_one_shot_push,False
leave_one_model_out,qwen3-30b-a3b,additive_tp_phase,0.1,qwen3-30b-a3b-mixed-long_tail,2,qwen3-30b-a3b,4,decode,long_tail,93031.7568359375,65432.491937336934,0.2966649866375432,flashinfer_mnnvl:fused_allreduce_residual_rmsnorm+sglang_custom:all_reduce_one_shot_push,False
leave_one_model_out,qwen3-30b-a3b,additive_tp_phase,0.1,qwen3-30b-a3b-mixed-staircase,3,qwen3-30b-a3b,4,decode,staircase,48850.04052734375,37992.79688023846,0.22225659446542248,flashinfer_mnnvl:fused_allreduce_residual_rmsnorm+sglang_custom:all_reduce_one_shot_push,False
leave_one_model_out,qwen3-30b-a3b,additive_tp_phase,0.1,qwen3-30b-a3b-mixed-uniform_b16,4,qwen3-30b-a3b,4,decode,uniform_b16,55604.7890625,40043.29153831278,0.2798589435650235,flashinfer_mnnvl:fused_allreduce_residual_rmsnorm+sglang_custom:all_reduce_one_shot_push,False
leave_one_model_out,qwen3-30b-a3b,additive_tp_phase,0.1,qwen3-30b-a3b-mixed-uniform_b4,5,qwen3-30b-a3b,4,decode,uniform_b4,51676.00732421875,36847.44451418267,0.28695256421419474,flashinfer_mnnvl:fused_allreduce_residual_rmsnorm+sglang_custom:all_reduce_one_shot_push,False
leave_one_model_out,qwen3-30b-a3b,additive_tp_phase,0.1,qwen3-30b-a3b-chunk-c1024-b1-l1023-m8,0,qwen3-30b-a3b,8,prefill,c1024,1485.7451171875,2027.6655056757143,0.36474653843322996,flashinfer_mnnvl:fused_allreduce_residual_rmsnorm_twoshot+sglang_custom:all_reduce_two_shot,False
leave_one_model_out,qwen3-30b-a3b,additive_tp_phase,0.1,qwen3-30b-a3b-chunk-c1024-b1-l1024-m8,1,qwen3-30b-a3b,8,prefill,c1024,1472.5576171875,2478.2748080683614,0.6829730661416992,flashinfer_mnnvl:fused_allreduce_residual_rmsnorm_twoshot+sglang_custom:all_reduce_two_shot,False
leave_one_model_out,qwen3-30b-a3b,additive_tp_phase,0.1,qwen3-30b-a3b-chunk-c1024-b1-l1025-m8,2,qwen3-30b-a3b,8,prefill,c1024,2317.28564453125,2856.8668781402353,0.23285054860732715,flashinfer_mnnvl:fused_allreduce_residual_rmsnorm+flashinfer_mnnvl:fused_allreduce_residual_rmsnorm_twoshot+sglang_custom:all_reduce_one_shot_push+sglang_custom:all_reduce_two_shot,False
leave_one_model_out,qwen3-30b-a3b,additive_tp_phase,0.1,qwen3-30b-a3b-chunk-c1024-b4-l1023-m8,3,qwen3-30b-a3b,8,prefill,c1024,5812.40673828125,5381.61449387009,0.0741159839303584,sglang_custom:all_reduce_two_shot,False
leave_one_model_out,qwen3-30b-a3b,additive_tp_phase,0.1,qwen3-30b-a3b-chunk-c1024-b4-l1024-m8,4,qwen3-30b-a3b,8,prefill,c1024,5833.5234375,5408.273963145247,0.07289753421081599,sglang_custom:all_reduce_two_shot,False
leave_one_model_out,qwen3-30b-a3b,additive_tp_phase,0.1,qwen3-30b-a3b-chunk-c1024-b4-l1025-m8,5,qwen3-30b-a3b,8,prefill,c1024,6566.15234375,6287.002626728517,0.04251343898336328,flashinfer_mnnvl:fused_allreduce_residual_rmsnorm+sglang_custom:all_reduce_one_shot_push+sglang_custom:all_reduce_two_shot,False
leave_one_model_out,qwen3-30b-a3b,additive_tp_phase,0.1,qwen3-30b-a3b-chunk-c4096-b1-l4095-m8,0,qwen3-30b-a3b,8,prefill,c4096,5821.3916015625,5401.444964401027,0.07213853076792776,sglang_custom:all_reduce_two_shot,False
leave_one_model_out,qwen3-30b-a3b,additive_tp_phase,0.1,qwen3-30b-a3b-chunk-c4096-b1-l4096-m8,1,qwen3-30b-a3b,8,prefill,c4096,5821.072265625,5408.273963145247,0.07091447823409415,sglang_custom:all_reduce_two_shot,False
leave_one_model_out,qwen3-30b-a3b,additive_tp_phase,0.1,qwen3-30b-a3b-chunk-c4096-b1-l4097-m8,2,qwen3-30b-a3b,8,prefill,c4096,6545.4384765625,5783.919492280662,0.11634346377383854,flashinfer_mnnvl:fused_allreduce_residual_rmsnorm+sglang_custom:all_reduce_one_shot_push+sglang_custom:all_reduce_two_shot,False
leave_one_model_out,qwen3-30b-a3b,additive_tp_phase,0.1,qwen3-30b-a3b-chunk-c4096-b4-l4095-m8,3,qwen3-30b-a3b,8,prefill,c4096,24895.88916015625,22517.347233896795,0.09553954514169788,nccl:all_reduce,False
leave_one_model_out,qwen3-30b-a3b,additive_tp_phase,0.1,qwen3-30b-a3b-chunk-c4096-b4-l4096-m8,4,qwen3-30b-a3b,8,prefill,c4096,24917.75244140625,22528.97294171628,0.09586657164634532,nccl:all_reduce,False
leave_one_model_out,qwen3-30b-a3b,additive_tp_phase,0.1,qwen3-30b-a3b-chunk-c4096-b4-l4097-m8,5,qwen3-30b-a3b,8,prefill,c4096,25768.0693359375,24296.816084809296,0.05709598309238936,flashinfer_mnnvl:fused_allreduce_residual_rmsnorm+nccl:all_reduce+sglang_custom:all_reduce_one_shot_push,False
leave_one_model_out,qwen3-30b-a3b,additive_tp_phase,0.1,qwen3-30b-a3b-mixed-balanced,0,qwen3-30b-a3b,8,decode,balanced,52225.28857421875,46580.8056385602,0.10807949730401244,flashinfer_mnnvl:fused_allreduce_residual_rmsnorm+sglang_custom:all_reduce_one_shot_push,False
leave_one_model_out,qwen3-30b-a3b,additive_tp_phase,0.1,qwen3-30b-a3b-mixed-bimodal,1,qwen3-30b-a3b,8,decode,bimodal,51463.6513671875,47812.819457363825,0.0709400093626352,flashinfer_mnnvl:fused_allreduce_residual_rmsnorm+sglang_custom:all_reduce_one_shot_push,False
leave_one_model_out,qwen3-30b-a3b,additive_tp_phase,0.1,qwen3-30b-a3b-mixed-long_tail,2,qwen3-30b-a3b,8,decode,long_tail,96923.8017578125,75507.20263675218,0.22096325910301026,flashinfer_mnnvl:fused_allreduce_residual_rmsnorm+sglang_custom:all_reduce_one_shot_push,False
leave_one_model_out,qwen3-30b-a3b,additive_tp_phase,0.1,qwen3-30b-a3b-mixed-staircase,3,qwen3-30b-a3b,8,decode,staircase,50780.8515625,43842.58841189231,0.13663148484361706,flashinfer_mnnvl:fused_allreduce_residual_rmsnorm+sglang_custom:all_reduce_one_shot_push,False
leave_one_model_out,qwen3-30b-a3b,additive_tp_phase,0.1,qwen3-30b-a3b-mixed-uniform_b16,4,qwen3-30b-a3b,8,decode,uniform_b16,56344.091796875,46208.799923461745,0.1798820701547875,flashinfer_mnnvl:fused_allreduce_residual_rmsnorm+sglang_custom:all_reduce_one_shot_push,False
leave_one_model_out,qwen3-30b-a3b,additive_tp_phase,0.1,qwen3-30b-a3b-mixed-uniform_b4,5,qwen3-30b-a3b,8,decode,uniform_b4,50887.40087890625,42520.884918204894,0.16441232635580388,flashinfer_mnnvl:fused_allreduce_residual_rmsnorm+sglang_custom:all_reduce_one_shot_push,False
leave_one_model_out,qwen3-30b-a3b,tp_conditioned_pattern,1.0,qwen3-30b-a3b-chunk-c1024-b1-l1023-m8,0,qwen3-30b-a3b,2,prefill,c1024,1470.548828125,998.1594563578808,0.3212333808523936,flashinfer_mnnvl:fused_allreduce_residual_rmsnorm_twoshot+sglang_custom:all_reduce_one_shot_push,False
leave_one_model_out,qwen3-30b-a3b,tp_conditioned_pattern,1.0,qwen3-30b-a3b-chunk-c1024-b1-l1024-m8,1,qwen3-30b-a3b,2,prefill,c1024,1457.69677734375,1553.168817969184,0.06549513047521814,flashinfer_mnnvl:fused_allreduce_residual_rmsnorm_twoshot+sglang_custom:all_reduce_one_shot_push,False
leave_one_model_out,qwen3-30b-a3b,tp_conditioned_pattern,1.0,qwen3-30b-a3b-chunk-c1024-b1-l1025-m8,2,qwen3-30b-a3b,2,prefill,c1024,2230.83935546875,1742.945940132617,0.2187039663524385,flashinfer_mnnvl:fused_allreduce_residual_rmsnorm+flashinfer_mnnvl:fused_allreduce_residual_rmsnorm_twoshot+sglang_custom:all_reduce_one_shot_push,False
leave_one_model_out,qwen3-30b-a3b,tp_conditioned_pattern,1.0,qwen3-30b-a3b-chunk-c1024-b4-l1023-m8,3,qwen3-30b-a3b,2,prefill,c1024,3643.80078125,3163.738867989084,0.1317475740526713,sglang_custom:all_reduce_one_shot,False
leave_one_model_out,qwen3-30b-a3b,tp_conditioned_pattern,1.0,qwen3-30b-a3b-chunk-c1024-b4-l1024-m8,4,qwen3-30b-a3b,2,prefill,c1024,3652.9736328125,3185.4462067508935,0.12798543681292535,sglang_custom:all_reduce_one_shot,False
leave_one_model_out,qwen3-30b-a3b,tp_conditioned_pattern,1.0,qwen3-30b-a3b-chunk-c1024-b4-l1025-m8,5,qwen3-30b-a3b,2,prefill,c1024,4271.89697265625,3666.629887131365,0.1416857872273385,flashinfer_mnnvl:fused_allreduce_residual_rmsnorm+sglang_custom:all_reduce_one_shot+sglang_custom:all_reduce_one_shot_push,False
leave_one_model_out,qwen3-30b-a3b,tp_conditioned_pattern,1.0,qwen3-30b-a3b-chunk-c4096-b1-l4095-m8,0,qwen3-30b-a3b,2,prefill,c4096,3658.544921875,3179.876838319822,0.1308356447103186,sglang_custom:all_reduce_one_shot,False
leave_one_model_out,qwen3-30b-a3b,tp_conditioned_pattern,1.0,qwen3-30b-a3b-chunk-c4096-b1-l4096-m8,1,qwen3-30b-a3b,2,prefill,c4096,3651.78369140625,3185.4462067508935,0.12770128903110814,sglang_custom:all_reduce_one_shot,False
leave_one_model_out,qwen3-30b-a3b,tp_conditioned_pattern,1.0,qwen3-30b-a3b-chunk-c4096-b1-l4097-m8,2,qwen3-30b-a3b,2,prefill,c4096,4265.751953125,3336.5245698562617,0.21783436858957678,flashinfer_mnnvl:fused_allreduce_residual_rmsnorm+sglang_custom:all_reduce_one_shot+sglang_custom:all_reduce_one_shot_push,False
leave_one_model_out,qwen3-30b-a3b,tp_conditioned_pattern,1.0,qwen3-30b-a3b-chunk-c4096-b4-l4095-m8,3,qwen3-30b-a3b,2,prefill,c4096,14826.00830078125,12859.487014610457,0.13263996932115357,nccl:all_reduce,False
leave_one_model_out,qwen3-30b-a3b,tp_conditioned_pattern,1.0,qwen3-30b-a3b-chunk-c4096-b4-l4096-m8,4,qwen3-30b-a3b,2,prefill,c4096,14931.0,12869.275485535092,0.1380834849953056,nccl:all_reduce,False
leave_one_model_out,qwen3-30b-a3b,tp_conditioned_pattern,1.0,qwen3-30b-a3b-chunk-c4096-b4-l4097-m8,5,qwen3-30b-a3b,2,prefill,c4096,15502.69140625,13826.418370813186,0.10812787221972404,flashinfer_mnnvl:fused_allreduce_residual_rmsnorm+nccl:all_reduce+sglang_custom:all_reduce_one_shot_push,False
leave_one_model_out,qwen3-30b-a3b,tp_conditioned_pattern,1.0,qwen3-30b-a3b-mixed-balanced,0,qwen3-30b-a3b,2,decode,balanced,44370.80615234375,33487.75342786593,0.245275073144078,flashinfer_mnnvl:fused_allreduce_residual_rmsnorm+sglang_custom:all_reduce_one_shot_push,False
leave_one_model_out,qwen3-30b-a3b,tp_conditioned_pattern,1.0,qwen3-30b-a3b-mixed-bimodal,1,qwen3-30b-a3b,2,decode,bimodal,42279.43701171875,33828.114218233524,0.19989203714190285,flashinfer_mnnvl:fused_allreduce_residual_rmsnorm+sglang_custom:all_reduce_one_shot_push,False
leave_one_model_out,qwen3-30b-a3b,tp_conditioned_pattern,1.0,qwen3-30b-a3b-mixed-long_tail,2,qwen3-30b-a3b,2,decode,long_tail,83096.12255859375,47859.11878208935,0.4240511192523774,flashinfer_mnnvl:fused_allreduce_residual_rmsnorm+sglang_custom:all_reduce_one_shot_push,False
leave_one_model_out,qwen3-30b-a3b,tp_conditioned_pattern,1.0,qwen3-30b-a3b-mixed-staircase,3,qwen3-30b-a3b,2,decode,staircase,44112.15478515625,32839.65777088847,0.2555417451078807,flashinfer_mnnvl:fused_allreduce_residual_rmsnorm+sglang_custom:all_reduce_one_shot_push,False
leave_one_model_out,qwen3-30b-a3b,tp_conditioned_pattern,1.0,qwen3-30b-a3b-mixed-uniform_b16,4,qwen3-30b-a3b,2,decode,uniform_b16,54753.421875,26587.448069915306,0.5144148592098327,flashinfer_mnnvl:fused_allreduce_residual_rmsnorm+sglang_custom:all_reduce_one_shot_push,False
leave_one_model_out,qwen3-30b-a3b,tp_conditioned_pattern,1.0,qwen3-30b-a3b-mixed-uniform_b4,5,qwen3-30b-a3b,2,decode,uniform_b4,41809.55615234375,24963.081524180918,0.40293359170756127,flashinfer_mnnvl:fused_allreduce_residual_rmsnorm+sglang_custom:all_reduce_one_shot_push,False
leave_one_model_out,qwen3-30b-a3b,tp_conditioned_pattern,1.0,qwen3-30b-a3b-chunk-c1024-b1-l1023-m8,0,qwen3-30b-a3b,4,prefill,c1024,1527.6845703125,1575.1314124314285,0.03105800964476778,flashinfer_mnnvl:fused_allreduce_residual_rmsnorm_twoshot+sglang_custom:all_reduce_two_shot,False
leave_one_model_out,qwen3-30b-a3b,tp_conditioned_pattern,1.0,qwen3-30b-a3b-chunk-c1024-b1-l1024-m8,1,qwen3-30b-a3b,4,prefill,c1024,1527.03759765625,2001.8642104033245,0.3109462487864443,flashinfer_mnnvl:fused_allreduce_residual_rmsnorm_twoshot+sglang_custom:all_reduce_two_shot,False
leave_one_model_out,qwen3-30b-a3b,tp_conditioned_pattern,1.0,qwen3-30b-a3b-chunk-c1024-b1-l1025-m8,2,qwen3-30b-a3b,4,prefill,c1024,2314.95361328125,2194.8372807047567,0.0518871444712184,flashinfer_mnnvl:fused_allreduce_residual_rmsnorm+flashinfer_mnnvl:fused_allreduce_residual_rmsnorm_twoshot+sglang_custom:all_reduce_one_shot_push+sglang_custom:all_reduce_two_shot,False
leave_one_model_out,qwen3-30b-a3b,tp_conditioned_pattern,1.0,qwen3-30b-a3b-chunk-c1024-b4-l1023-m8,3,qwen3-30b-a3b,4,prefill,c1024,4892.48779296875,4285.207919101331,0.12412496455079006,sglang_custom:all_reduce_two_shot,False
leave_one_model_out,qwen3-30b-a3b,tp_conditioned_pattern,1.0,qwen3-30b-a3b-chunk-c1024-b4-l1024-m8,4,qwen3-30b-a3b,4,prefill,c1024,4896.91455078125,4307.218470717315,0.12042196651560026,sglang_custom:all_reduce_two_shot,False
leave_one_model_out,qwen3-30b-a3b,tp_conditioned_pattern,1.0,qwen3-30b-a3b-chunk-c1024-b4-l1025-m8,5,qwen3-30b-a3b,4,prefill,c1024,5718.04443359375,4947.570313836747,0.1347443393812114,flashinfer_mnnvl:fused_allreduce_residual_rmsnorm+sglang_custom:all_reduce_one_shot_push+sglang_custom:all_reduce_two_shot,False
leave_one_model_out,qwen3-30b-a3b,tp_conditioned_pattern,1.0,qwen3-30b-a3b-chunk-c4096-b1-l4095-m8,0,qwen3-30b-a3b,4,prefill,c4096,4911.99365234375,4301.577518037471,0.12427054624042921,sglang_custom:all_reduce_two_shot,False
leave_one_model_out,qwen3-30b-a3b,tp_conditioned_pattern,1.0,qwen3-30b-a3b-chunk-c4096-b1-l4096-m8,1,qwen3-30b-a3b,4,prefill,c4096,4922.42578125,4307.218470717315,0.12498051527278888,sglang_custom:all_reduce_two_shot,False
leave_one_model_out,qwen3-30b-a3b,tp_conditioned_pattern,1.0,qwen3-30b-a3b-chunk-c4096-b1-l4097-m8,2,qwen3-30b-a3b,4,prefill,c4096,5625.73095703125,4423.675378883653,0.21367100334672467,flashinfer_mnnvl:fused_allreduce_residual_rmsnorm+sglang_custom:all_reduce_one_shot_push+sglang_custom:all_reduce_two_shot,False
leave_one_model_out,qwen3-30b-a3b,tp_conditioned_pattern,1.0,qwen3-30b-a3b-chunk-c4096-b4-l4095-m8,3,qwen3-30b-a3b,4,prefill,c4096,17961.0302734375,16403.091159450636,0.08673996370302288,nccl:all_reduce,False
leave_one_model_out,qwen3-30b-a3b,tp_conditioned_pattern,1.0,qwen3-30b-a3b-chunk-c4096-b4-l4096-m8,4,qwen3-30b-a3b,4,prefill,c4096,18524.94677734375,16405.418495624526,0.11441481085988513,nccl:all_reduce,False
leave_one_model_out,qwen3-30b-a3b,tp_conditioned_pattern,1.0,qwen3-30b-a3b-chunk-c4096-b4-l4097-m8,5,qwen3-30b-a3b,4,prefill,c4096,18688.220703125,17652.2887976821,0.05543234542760262,flashinfer_mnnvl:fused_allreduce_residual_rmsnorm+nccl:all_reduce+sglang_custom:all_reduce_one_shot_push,False
leave_one_model_out,qwen3-30b-a3b,tp_conditioned_pattern,1.0,qwen3-30b-a3b-mixed-balanced,0,qwen3-30b-a3b,4,decode,balanced,50772.69873046875,39500.80875392082,0.2220069103749188,flashinfer_mnnvl:fused_allreduce_residual_rmsnorm+sglang_custom:all_reduce_one_shot_push,False
leave_one_model_out,qwen3-30b-a3b,tp_conditioned_pattern,1.0,qwen3-30b-a3b-mixed-bimodal,1,qwen3-30b-a3b,4,decode,bimodal,50319.439453125,40167.47306453267,0.20175038710535276,flashinfer_mnnvl:fused_allreduce_residual_rmsnorm+sglang_custom:all_reduce_one_shot_push,False
leave_one_model_out,qwen3-30b-a3b,tp_conditioned_pattern,1.0,qwen3-30b-a3b-mixed-long_tail,2,qwen3-30b-a3b,4,decode,long_tail,93031.7568359375,56943.974981592,0.38790820556024425,flashinfer_mnnvl:fused_allreduce_residual_rmsnorm+sglang_custom:all_reduce_one_shot_push,False
leave_one_model_out,qwen3-30b-a3b,tp_conditioned_pattern,1.0,qwen3-30b-a3b-mixed-staircase,3,qwen3-30b-a3b,4,decode,staircase,48850.04052734375,38325.960123597,0.21543647231686353,flashinfer_mnnvl:fused_allreduce_residual_rmsnorm+sglang_custom:all_reduce_one_shot_push,False
leave_one_model_out,qwen3-30b-a3b,tp_conditioned_pattern,1.0,qwen3-30b-a3b-mixed-uniform_b16,4,qwen3-30b-a3b,4,decode,uniform_b16,55604.7890625,36493.706130811195,0.3436949092677588,flashinfer_mnnvl:fused_allreduce_residual_rmsnorm+sglang_custom:all_reduce_one_shot_push,False
leave_one_model_out,qwen3-30b-a3b,tp_conditioned_pattern,1.0,qwen3-30b-a3b-mixed-uniform_b4,5,qwen3-30b-a3b,4,decode,uniform_b4,51676.00732421875,34889.90498014392,0.32483357777155064,flashinfer_mnnvl:fused_allreduce_residual_rmsnorm+sglang_custom:all_reduce_one_shot_push,False
leave_one_model_out,qwen3-30b-a3b,tp_conditioned_pattern,1.0,qwen3-30b-a3b-chunk-c1024-b1-l1023-m8,0,qwen3-30b-a3b,8,prefill,c1024,1485.7451171875,1811.171366566038,0.2190323532710418,flashinfer_mnnvl:fused_allreduce_residual_rmsnorm_twoshot+sglang_custom:all_reduce_two_shot,False
leave_one_model_out,qwen3-30b-a3b,tp_conditioned_pattern,1.0,qwen3-30b-a3b-chunk-c1024-b1-l1024-m8,1,qwen3-30b-a3b,8,prefill,c1024,1472.5576171875,2408.395285859398,0.6355185411755188,flashinfer_mnnvl:fused_allreduce_residual_rmsnorm_twoshot+sglang_custom:all_reduce_two_shot,False
leave_one_model_out,qwen3-30b-a3b,tp_conditioned_pattern,1.0,qwen3-30b-a3b-chunk-c1024-b1-l1025-m8,2,qwen3-30b-a3b,8,prefill,c1024,2317.28564453125,2630.571648588023,0.13519524655759294,flashinfer_mnnvl:fused_allreduce_residual_rmsnorm+flashinfer_mnnvl:fused_allreduce_residual_rmsnorm_twoshot+sglang_custom:all_reduce_one_shot_push+sglang_custom:all_reduce_two_shot,False
leave_one_model_out,qwen3-30b-a3b,tp_conditioned_pattern,1.0,qwen3-30b-a3b-chunk-c1024-b4-l1023-m8,3,qwen3-30b-a3b,8,prefill,c1024,5812.40673828125,5004.851037633476,0.13893654333051217,sglang_custom:all_reduce_two_shot,False
leave_one_model_out,qwen3-30b-a3b,tp_conditioned_pattern,1.0,qwen3-30b-a3b-chunk-c1024-b4-l1024-m8,4,qwen3-30b-a3b,8,prefill,c1024,5833.5234375,5035.573821012983,0.1367869050388155,sglang_custom:all_reduce_two_shot,False
leave_one_model_out,qwen3-30b-a3b,tp_conditioned_pattern,1.0,qwen3-30b-a3b-chunk-c1024-b4-l1025-m8,5,qwen3-30b-a3b,8,prefill,c1024,6566.15234375,5735.992677221748,0.12643015621141362,flashinfer_mnnvl:fused_allreduce_residual_rmsnorm+sglang_custom:all_reduce_one_shot_push+sglang_custom:all_reduce_two_shot,False
leave_one_model_out,qwen3-30b-a3b,tp_conditioned_pattern,1.0,qwen3-30b-a3b-chunk-c4096-b1-l4095-m8,0,qwen3-30b-a3b,8,prefill,c4096,5821.3916015625,5027.695101898174,0.13634136886638806,sglang_custom:all_reduce_two_shot,False
leave_one_model_out,qwen3-30b-a3b,tp_conditioned_pattern,1.0,qwen3-30b-a3b-chunk-c4096-b1-l4096-m8,1,qwen3-30b-a3b,8,prefill,c4096,5821.072265625,5035.573821012983,0.13494050731007015,sglang_custom:all_reduce_two_shot,False
leave_one_model_out,qwen3-30b-a3b,tp_conditioned_pattern,1.0,qwen3-30b-a3b-chunk-c4096-b1-l4097-m8,2,qwen3-30b-a3b,8,prefill,c4096,6545.4384765625,5152.3099468877635,0.21283960343728914,flashinfer_mnnvl:fused_allreduce_residual_rmsnorm+sglang_custom:all_reduce_one_shot_push+sglang_custom:all_reduce_two_shot,False
leave_one_model_out,qwen3-30b-a3b,tp_conditioned_pattern,1.0,qwen3-30b-a3b-chunk-c4096-b4-l4095-m8,3,qwen3-30b-a3b,8,prefill,c4096,24895.88916015625,22163.501846117884,0.10975254976678314,nccl:all_reduce,False
leave_one_model_out,qwen3-30b-a3b,tp_conditioned_pattern,1.0,qwen3-30b-a3b-chunk-c4096-b4-l4096-m8,4,qwen3-30b-a3b,8,prefill,c4096,24917.75244140625,22176.30373626262,0.1100199029422942,nccl:all_reduce,False
leave_one_model_out,qwen3-30b-a3b,tp_conditioned_pattern,1.0,qwen3-30b-a3b-chunk-c4096-b4-l4097-m8,5,qwen3-30b-a3b,8,prefill,c4096,25768.0693359375,23663.524483140216,0.08167258576342681,flashinfer_mnnvl:fused_allreduce_residual_rmsnorm+nccl:all_reduce+sglang_custom:all_reduce_one_shot_push,False
leave_one_model_out,qwen3-30b-a3b,tp_conditioned_pattern,1.0,qwen3-30b-a3b-mixed-balanced,0,qwen3-30b-a3b,8,decode,balanced,52225.28857421875,44903.10181047012,0.14020385456258175,flashinfer_mnnvl:fused_allreduce_residual_rmsnorm+sglang_custom:all_reduce_one_shot_push,False
leave_one_model_out,qwen3-30b-a3b,tp_conditioned_pattern,1.0,qwen3-30b-a3b-mixed-bimodal,1,qwen3-30b-a3b,8,decode,bimodal,51463.6513671875,45637.8306696474,0.11320263025982176,flashinfer_mnnvl:fused_allreduce_residual_rmsnorm+sglang_custom:all_reduce_one_shot_push,False
leave_one_model_out,qwen3-30b-a3b,tp_conditioned_pattern,1.0,qwen3-30b-a3b-mixed-long_tail,2,qwen3-30b-a3b,8,decode,long_tail,96923.8017578125,64501.9881337028,0.33450827388223403,flashinfer_mnnvl:fused_allreduce_residual_rmsnorm+sglang_custom:all_reduce_one_shot_push,False
leave_one_model_out,qwen3-30b-a3b,tp_conditioned_pattern,1.0,qwen3-30b-a3b-mixed-staircase,3,qwen3-30b-a3b,8,decode,staircase,50780.8515625,44005.409767279234,0.13342513145691728,flashinfer_mnnvl:fused_allreduce_residual_rmsnorm+sglang_custom:all_reduce_one_shot_push,False
leave_one_model_out,qwen3-30b-a3b,tp_conditioned_pattern,1.0,qwen3-30b-a3b-mixed-uniform_b16,4,qwen3-30b-a3b,8,decode,uniform_b16,56344.091796875,43580.58328251053,0.22652789506977852,flashinfer_mnnvl:fused_allreduce_residual_rmsnorm+sglang_custom:all_reduce_one_shot_push,False
leave_one_model_out,qwen3-30b-a3b,tp_conditioned_pattern,1.0,qwen3-30b-a3b-mixed-uniform_b4,5,qwen3-30b-a3b,8,decode,uniform_b4,50887.40087890625,39034.987299026245,0.23291450094070426,flashinfer_mnnvl:fused_allreduce_residual_rmsnorm+sglang_custom:all_reduce_one_shot_push,False
leave_one_model_out,qwen3-30b-a3b,additive_plus_schedule,10.0,qwen3-30b-a3b-chunk-c1024-b1-l1023-m8,0,qwen3-30b-a3b,2,prefill,c1024,1470.548828125,831.3080949669104,0.43469534702437823,flashinfer_mnnvl:fused_allreduce_residual_rmsnorm_twoshot+sglang_custom:all_reduce_one_shot_push,False
leave_one_model_out,qwen3-30b-a3b,additive_plus_schedule,10.0,qwen3-30b-a3b-chunk-c1024-b1-l1024-m8,1,qwen3-30b-a3b,2,prefill,c1024,1457.69677734375,1473.2466622763395,0.010667434527038534,flashinfer_mnnvl:fused_allreduce_residual_rmsnorm_twoshot+sglang_custom:all_reduce_one_shot_push,False
leave_one_model_out,qwen3-30b-a3b,additive_plus_schedule,10.0,qwen3-30b-a3b-chunk-c1024-b1-l1025-m8,2,qwen3-30b-a3b,2,prefill,c1024,2230.83935546875,1486.9718871121008,0.3334473486551638,flashinfer_mnnvl:fused_allreduce_residual_rmsnorm+flashinfer_mnnvl:fused_allreduce_residual_rmsnorm_twoshot+sglang_custom:all_reduce_one_shot_push,False
leave_one_model_out,qwen3-30b-a3b,additive_plus_schedule,10.0,qwen3-30b-a3b-chunk-c1024-b4-l1023-m8,3,qwen3-30b-a3b,2,prefill,c1024,3643.80078125,2862.8199701335443,0.21433136935893116,sglang_custom:all_reduce_one_shot,False
leave_one_model_out,qwen3-30b-a3b,additive_plus_schedule,10.0,qwen3-30b-a3b-chunk-c1024-b4-l1024-m8,4,qwen3-30b-a3b,2,prefill,c1024,3652.9736328125,2883.1804781400874,0.2107305532560696,sglang_custom:all_reduce_one_shot,False
leave_one_model_out,qwen3-30b-a3b,additive_plus_schedule,10.0,qwen3-30b-a3b-chunk-c1024-b4-l1025-m8,5,qwen3-30b-a3b,2,prefill,c1024,4271.89697265625,3277.2267297635854,0.2328404100706067,flashinfer_mnnvl:fused_allreduce_residual_rmsnorm+sglang_custom:all_reduce_one_shot+sglang_custom:all_reduce_one_shot_push,False
leave_one_model_out,qwen3-30b-a3b,additive_plus_schedule,10.0,qwen3-30b-a3b-chunk-c4096-b1-l4095-m8,0,qwen3-30b-a3b,2,prefill,c4096,3658.544921875,2877.9542239049665,0.2133609712710543,sglang_custom:all_reduce_one_shot,False
leave_one_model_out,qwen3-30b-a3b,additive_plus_schedule,10.0,qwen3-30b-a3b-chunk-c4096-b1-l4096-m8,1,qwen3-30b-a3b,2,prefill,c4096,3651.78369140625,2883.1804781400874,0.21047336814470094,sglang_custom:all_reduce_one_shot,False
leave_one_model_out,qwen3-30b-a3b,additive_plus_schedule,10.0,qwen3-30b-a3b-chunk-c4096-b1-l4097-m8,2,qwen3-30b-a3b,2,prefill,c4096,4265.751953125,2805.3285344630517,0.3423601359643223,flashinfer_mnnvl:fused_allreduce_residual_rmsnorm+sglang_custom:all_reduce_one_shot+sglang_custom:all_reduce_one_shot_push,False
leave_one_model_out,qwen3-30b-a3b,additive_plus_schedule,10.0,qwen3-30b-a3b-chunk-c4096-b4-l4095-m8,3,qwen3-30b-a3b,2,prefill,c4096,14826.00830078125,10645.440317945788,0.2819752895062907,nccl:all_reduce,False
leave_one_model_out,qwen3-30b-a3b,additive_plus_schedule,10.0,qwen3-30b-a3b-chunk-c4096-b4-l4096-m8,4,qwen3-30b-a3b,2,prefill,c4096,14931.0,10649.880143733611,0.286726934315611,nccl:all_reduce,False
leave_one_model_out,qwen3-30b-a3b,additive_plus_schedule,10.0,qwen3-30b-a3b-chunk-c4096-b4-l4097-m8,5,qwen3-30b-a3b,2,prefill,c4096,15502.69140625,11669.815458608517,0.2472393887745348,flashinfer_mnnvl:fused_allreduce_residual_rmsnorm+nccl:all_reduce+sglang_custom:all_reduce_one_shot_push,False
leave_one_model_out,qwen3-30b-a3b,additive_plus_schedule,10.0,qwen3-30b-a3b-mixed-balanced,0,qwen3-30b-a3b,2,decode,balanced,44370.80615234375,24497.750362553354,0.44788584010752,flashinfer_mnnvl:fused_allreduce_residual_rmsnorm+sglang_custom:all_reduce_one_shot_push,False
leave_one_model_out,qwen3-30b-a3b,additive_plus_schedule,10.0,qwen3-30b-a3b-mixed-bimodal,1,qwen3-30b-a3b,2,decode,bimodal,42279.43701171875,27016.33581213064,0.36100530845189777,flashinfer_mnnvl:fused_allreduce_residual_rmsnorm+sglang_custom:all_reduce_one_shot_push,False
leave_one_model_out,qwen3-30b-a3b,additive_plus_schedule,10.0,qwen3-30b-a3b-mixed-long_tail,2,qwen3-30b-a3b,2,decode,long_tail,83096.12255859375,37884.018032425076,0.5440940339218375,flashinfer_mnnvl:fused_allreduce_residual_rmsnorm+sglang_custom:all_reduce_one_shot_push,False
leave_one_model_out,qwen3-30b-a3b,additive_plus_schedule,10.0,qwen3-30b-a3b-mixed-staircase,3,qwen3-30b-a3b,2,decode,staircase,44112.15478515625,25017.93984989688,0.43285609211918563,flashinfer_mnnvl:fused_allreduce_residual_rmsnorm+sglang_custom:all_reduce_one_shot_push,False
leave_one_model_out,qwen3-30b-a3b,additive_plus_schedule,10.0,qwen3-30b-a3b-mixed-uniform_b16,4,qwen3-30b-a3b,2,decode,uniform_b16,54753.421875,23557.163212594198,0.5697590688236013,flashinfer_mnnvl:fused_allreduce_residual_rmsnorm+sglang_custom:all_reduce_one_shot_push,False
leave_one_model_out,qwen3-30b-a3b,additive_plus_schedule,10.0,qwen3-30b-a3b-mixed-uniform_b4,5,qwen3-30b-a3b,2,decode,uniform_b4,41809.55615234375,19847.906510560577,0.5252782297367692,flashinfer_mnnvl:fused_allreduce_residual_rmsnorm+sglang_custom:all_reduce_one_shot_push,False
leave_one_model_out,qwen3-30b-a3b,additive_plus_schedule,10.0,qwen3-30b-a3b-chunk-c1024-b1-l1023-m8,0,qwen3-30b-a3b,4,prefill,c1024,1527.6845703125,1008.882931483703,0.3395999729987925,flashinfer_mnnvl:fused_allreduce_residual_rmsnorm_twoshot+sglang_custom:all_reduce_two_shot,False
leave_one_model_out,qwen3-30b-a3b,additive_plus_schedule,10.0,qwen3-30b-a3b-chunk-c1024-b1-l1024-m8,1,qwen3-30b-a3b,4,prefill,c1024,1527.03759765625,1787.9453122552559,0.17085873654941833,flashinfer_mnnvl:fused_allreduce_residual_rmsnorm_twoshot+sglang_custom:all_reduce_two_shot,False
leave_one_model_out,qwen3-30b-a3b,additive_plus_schedule,10.0,qwen3-30b-a3b-chunk-c1024-b1-l1025-m8,2,qwen3-30b-a3b,4,prefill,c1024,2314.95361328125,1804.6023677457679,0.22045851917183887,flashinfer_mnnvl:fused_allreduce_residual_rmsnorm+flashinfer_mnnvl:fused_allreduce_residual_rmsnorm_twoshot+sglang_custom:all_reduce_one_shot_push+sglang_custom:all_reduce_two_shot,False
leave_one_model_out,qwen3-30b-a3b,additive_plus_schedule,10.0,qwen3-30b-a3b-chunk-c1024-b4-l1023-m8,3,qwen3-30b-a3b,4,prefill,c1024,4892.48779296875,3474.3438939968364,0.2898615099275265,sglang_custom:all_reduce_two_shot,False
leave_one_model_out,qwen3-30b-a3b,additive_plus_schedule,10.0,qwen3-30b-a3b-chunk-c1024-b4-l1024-m8,4,qwen3-30b-a3b,4,prefill,c1024,4896.91455078125,3499.0535884272103,0.28545749529793735,sglang_custom:all_reduce_two_shot,False
leave_one_model_out,qwen3-30b-a3b,additive_plus_schedule,10.0,qwen3-30b-a3b-chunk-c1024-b4-l1025-m8,5,qwen3-30b-a3b,4,prefill,c1024,5718.04443359375,3977.2716400557147,0.30443498887677795,flashinfer_mnnvl:fused_allreduce_residual_rmsnorm+sglang_custom:all_reduce_one_shot_push+sglang_custom:all_reduce_two_shot,False
leave_one_model_out,qwen3-30b-a3b,additive_plus_schedule,10.0,qwen3-30b-a3b-chunk-c4096-b1-l4095-m8,0,qwen3-30b-a3b,4,prefill,c4096,4911.99365234375,3492.710959592822,0.2889422896696374,sglang_custom:all_reduce_two_shot,False
leave_one_model_out,qwen3-30b-a3b,additive_plus_schedule,10.0,qwen3-30b-a3b-chunk-c4096-b1-l4096-m8,1,qwen3-30b-a3b,4,prefill,c4096,4922.42578125,3499.0535884272103,0.28916072198478915,sglang_custom:all_reduce_two_shot,False
leave_one_model_out,qwen3-30b-a3b,additive_plus_schedule,10.0,qwen3-30b-a3b-chunk-c4096-b1-l4097-m8,2,qwen3-30b-a3b,4,prefill,c4096,5625.73095703125,3404.5717740023,0.3948214374263422,flashinfer_mnnvl:fused_allreduce_residual_rmsnorm+sglang_custom:all_reduce_one_shot_push+sglang_custom:all_reduce_two_shot,False
leave_one_model_out,qwen3-30b-a3b,additive_plus_schedule,10.0,qwen3-30b-a3b-chunk-c4096-b4-l4095-m8,3,qwen3-30b-a3b,4,prefill,c4096,17961.0302734375,12919.40148295013,0.28069819568999976,nccl:all_reduce,False
leave_one_model_out,qwen3-30b-a3b,additive_plus_schedule,10.0,qwen3-30b-a3b-chunk-c4096-b4-l4096-m8,4,qwen3-30b-a3b,4,prefill,c4096,18524.94677734375,12924.789695194442,0.3023035450227783,nccl:all_reduce,False
leave_one_model_out,qwen3-30b-a3b,additive_plus_schedule,10.0,qwen3-30b-a3b-chunk-c4096-b4-l4097-m8,5,qwen3-30b-a3b,4,prefill,c4096,18688.220703125,14162.592306073297,0.24216475548659047,flashinfer_mnnvl:fused_allreduce_residual_rmsnorm+nccl:all_reduce+sglang_custom:all_reduce_one_shot_push,False
leave_one_model_out,qwen3-30b-a3b,additive_plus_schedule,10.0,qwen3-30b-a3b-mixed-balanced,0,qwen3-30b-a3b,4,decode,balanced,50772.69873046875,30743.767544778068,0.394482304200846,flashinfer_mnnvl:fused_allreduce_residual_rmsnorm+sglang_custom:all_reduce_one_shot_push,False
leave_one_model_out,qwen3-30b-a3b,additive_plus_schedule,10.0,qwen3-30b-a3b-mixed-bimodal,1,qwen3-30b-a3b,4,decode,bimodal,50319.439453125,33904.498814283725,0.32621469589566054,flashinfer_mnnvl:fused_allreduce_residual_rmsnorm+sglang_custom:all_reduce_one_shot_push,False
leave_one_model_out,qwen3-30b-a3b,additive_plus_schedule,10.0,qwen3-30b-a3b-mixed-long_tail,2,qwen3-30b-a3b,4,decode,long_tail,93031.7568359375,47543.03667945708,0.4889590576764047,flashinfer_mnnvl:fused_allreduce_residual_rmsnorm+sglang_custom:all_reduce_one_shot_push,False
leave_one_model_out,qwen3-30b-a3b,additive_plus_schedule,10.0,qwen3-30b-a3b-mixed-staircase,3,qwen3-30b-a3b,4,decode,staircase,48850.04052734375,31396.586046127988,0.3572863869262547,flashinfer_mnnvl:fused_allreduce_residual_rmsnorm+sglang_custom:all_reduce_one_shot_push,False
leave_one_model_out,qwen3-30b-a3b,additive_plus_schedule,10.0,qwen3-30b-a3b-mixed-uniform_b16,4,qwen3-30b-a3b,4,decode,uniform_b16,55604.7890625,29563.365578638688,0.4683305866800547,flashinfer_mnnvl:fused_allreduce_residual_rmsnorm+sglang_custom:all_reduce_one_shot_push,False
leave_one_model_out,qwen3-30b-a3b,additive_plus_schedule,10.0,qwen3-30b-a3b-mixed-uniform_b4,5,qwen3-30b-a3b,4,decode,uniform_b4,51676.00732421875,24908.386075478058,0.5179893462124276,flashinfer_mnnvl:fused_allreduce_residual_rmsnorm+sglang_custom:all_reduce_one_shot_push,False
leave_one_model_out,qwen3-30b-a3b,additive_plus_schedule,10.0,qwen3-30b-a3b-chunk-c1024-b1-l1023-m8,0,qwen3-30b-a3b,8,prefill,c1024,1485.7451171875,1182.8940917076454,0.20383780634806892,flashinfer_mnnvl:fused_allreduce_residual_rmsnorm_twoshot+sglang_custom:all_reduce_two_shot,False
leave_one_model_out,qwen3-30b-a3b,additive_plus_schedule,10.0,qwen3-30b-a3b-chunk-c1024-b1-l1024-m8,1,qwen3-30b-a3b,8,prefill,c1024,1472.5576171875,2096.328404577917,0.4235968631107169,flashinfer_mnnvl:fused_allreduce_residual_rmsnorm_twoshot+sglang_custom:all_reduce_two_shot,False
leave_one_model_out,qwen3-30b-a3b,additive_plus_schedule,10.0,qwen3-30b-a3b-chunk-c1024-b1-l1025-m8,2,qwen3-30b-a3b,8,prefill,c1024,2317.28564453125,2115.8584530206995,0.08692376444221059,flashinfer_mnnvl:fused_allreduce_residual_rmsnorm+flashinfer_mnnvl:fused_allreduce_residual_rmsnorm_twoshot+sglang_custom:all_reduce_one_shot_push+sglang_custom:all_reduce_two_shot,False
leave_one_model_out,qwen3-30b-a3b,additive_plus_schedule,10.0,qwen3-30b-a3b-chunk-c1024-b4-l1023-m8,3,qwen3-30b-a3b,8,prefill,c1024,5812.40673828125,4073.5953959746134,0.2991551384135945,sglang_custom:all_reduce_two_shot,False
leave_one_model_out,qwen3-30b-a3b,additive_plus_schedule,10.0,qwen3-30b-a3b-chunk-c1024-b4-l1024-m8,4,qwen3-30b-a3b,8,prefill,c1024,5833.5234375,4102.5669947969,0.2967257200984032,sglang_custom:all_reduce_two_shot,False
leave_one_model_out,qwen3-30b-a3b,additive_plus_schedule,10.0,qwen3-30b-a3b-chunk-c1024-b4-l1025-m8,5,qwen3-30b-a3b,8,prefill,c1024,6566.15234375,4663.267637226628,0.28980209518511024,flashinfer_mnnvl:fused_allreduce_residual_rmsnorm+sglang_custom:all_reduce_one_shot_push+sglang_custom:all_reduce_two_shot,False
leave_one_model_out,qwen3-30b-a3b,additive_plus_schedule,10.0,qwen3-30b-a3b-chunk-c4096-b1-l4095-m8,0,qwen3-30b-a3b,8,prefill,c4096,5821.3916015625,4095.1303954254877,0.2965375505186204,sglang_custom:all_reduce_two_shot,False
leave_one_model_out,qwen3-30b-a3b,additive_plus_schedule,10.0,qwen3-30b-a3b-chunk-c4096-b1-l4096-m8,1,qwen3-30b-a3b,8,prefill,c4096,5821.072265625,4102.5669947969,0.29522142870074586,sglang_custom:all_reduce_two_shot,False
leave_one_model_out,qwen3-30b-a3b,additive_plus_schedule,10.0,qwen3-30b-a3b-chunk-c4096-b1-l4097-m8,2,qwen3-30b-a3b,8,prefill,c4096,6545.4384765625,3991.789047654229,0.3901418427584677,flashinfer_mnnvl:fused_allreduce_residual_rmsnorm+sglang_custom:all_reduce_one_shot_push+sglang_custom:all_reduce_two_shot,False
leave_one_model_out,qwen3-30b-a3b,additive_plus_schedule,10.0,qwen3-30b-a3b-chunk-c4096-b4-l4095-m8,3,qwen3-30b-a3b,8,prefill,c4096,24895.88916015625,15147.727457442432,0.39155708157292574,nccl:all_reduce,False
leave_one_model_out,qwen3-30b-a3b,additive_plus_schedule,10.0,qwen3-30b-a3b-chunk-c4096-b4-l4096-m8,4,qwen3-30b-a3b,8,prefill,c4096,24917.75244140625,15154.045023365854,0.3918374035138048,nccl:all_reduce,False
leave_one_model_out,qwen3-30b-a3b,additive_plus_schedule,10.0,qwen3-30b-a3b-chunk-c4096-b4-l4097-m8,5,qwen3-30b-a3b,8,prefill,c4096,25768.0693359375,16605.342641173276,0.35558452499137777,flashinfer_mnnvl:fused_allreduce_residual_rmsnorm+nccl:all_reduce+sglang_custom:all_reduce_one_shot_push,False
leave_one_model_out,qwen3-30b-a3b,additive_plus_schedule,10.0,qwen3-30b-a3b-mixed-balanced,0,qwen3-30b-a3b,8,decode,balanced,52225.28857421875,35519.53184541265,0.3198786868370312,flashinfer_mnnvl:fused_allreduce_residual_rmsnorm+sglang_custom:all_reduce_one_shot_push,False
leave_one_model_out,qwen3-30b-a3b,additive_plus_schedule,10.0,qwen3-30b-a3b-mixed-bimodal,1,qwen3-30b-a3b,8,decode,bimodal,51463.6513671875,39171.253932449596,0.2388559130216587,flashinfer_mnnvl:fused_allreduce_residual_rmsnorm+sglang_custom:all_reduce_one_shot_push,False
leave_one_model_out,qwen3-30b-a3b,additive_plus_schedule,10.0,qwen3-30b-a3b-mixed-long_tail,2,qwen3-30b-a3b,8,decode,long_tail,96923.8017578125,54928.41444705845,0.43328250181198685,flashinfer_mnnvl:fused_allreduce_residual_rmsnorm+sglang_custom:all_reduce_one_shot_push,False
leave_one_model_out,qwen3-30b-a3b,additive_plus_schedule,10.0,qwen3-30b-a3b-mixed-staircase,3,qwen3-30b-a3b,8,decode,staircase,50780.8515625,36273.75975564513,0.2856803570731745,flashinfer_mnnvl:fused_allreduce_residual_rmsnorm+sglang_custom:all_reduce_one_shot_push,False
leave_one_model_out,qwen3-30b-a3b,additive_plus_schedule,10.0,qwen3-30b-a3b-mixed-uniform_b16,4,qwen3-30b-a3b,8,decode,uniform_b16,56344.091796875,34155.7651839061,0.3938004128801935,flashinfer_mnnvl:fused_allreduce_residual_rmsnorm+sglang_custom:all_reduce_one_shot_push,False
leave_one_model_out,qwen3-30b-a3b,additive_plus_schedule,10.0,qwen3-30b-a3b-mixed-uniform_b4,5,qwen3-30b-a3b,8,decode,uniform_b4,50887.40087890625,28777.677008426737,0.434483260858473,flashinfer_mnnvl:fused_allreduce_residual_rmsnorm+sglang_custom:all_reduce_one_shot_push,False
leave_one_model_out,qwen3-30b-a3b,tp_conditioned_plus_schedule,10.0,qwen3-30b-a3b-chunk-c1024-b1-l1023-m8,0,qwen3-30b-a3b,2,prefill,c1024,1470.548828125,786.2451061720437,0.46533900055904087,flashinfer_mnnvl:fused_allreduce_residual_rmsnorm_twoshot+sglang_custom:all_reduce_one_shot_push,False
leave_one_model_out,qwen3-30b-a3b,tp_conditioned_plus_schedule,10.0,qwen3-30b-a3b-chunk-c1024-b1-l1024-m8,1,qwen3-30b-a3b,2,prefill,c1024,1457.69677734375,1500.1584850704496,0.029129314399716486,flashinfer_mnnvl:fused_allreduce_residual_rmsnorm_twoshot+sglang_custom:all_reduce_one_shot_push,False
leave_one_model_out,qwen3-30b-a3b,tp_conditioned_plus_schedule,10.0,qwen3-30b-a3b-chunk-c1024-b1-l1025-m8,2,qwen3-30b-a3b,2,prefill,c1024,2230.83935546875,1557.0798979168508,0.30202060757993354,flashinfer_mnnvl:fused_allreduce_residual_rmsnorm+flashinfer_mnnvl:fused_allreduce_residual_rmsnorm_twoshot+sglang_custom:all_reduce_one_shot_push,False
leave_one_model_out,qwen3-30b-a3b,tp_conditioned_plus_schedule,10.0,qwen3-30b-a3b-chunk-c1024-b4-l1023-m8,3,qwen3-30b-a3b,2,prefill,c1024,3643.80078125,2788.072944334909,0.23484484698461885,sglang_custom:all_reduce_one_shot,False
leave_one_model_out,qwen3-30b-a3b,tp_conditioned_plus_schedule,10.0,qwen3-30b-a3b-chunk-c1024-b4-l1024-m8,4,qwen3-30b-a3b,2,prefill,c1024,3652.9736328125,2808.415287114414,0.23119749294435593,sglang_custom:all_reduce_one_shot,False
leave_one_model_out,qwen3-30b-a3b,tp_conditioned_plus_schedule,10.0,qwen3-30b-a3b-chunk-c1024-b4-l1025-m8,5,qwen3-30b-a3b,2,prefill,c1024,4271.89697265625,3195.490199274385,0.25197395449182836,flashinfer_mnnvl:fused_allreduce_residual_rmsnorm+sglang_custom:all_reduce_one_shot+sglang_custom:all_reduce_one_shot_push,False
leave_one_model_out,qwen3-30b-a3b,tp_conditioned_plus_schedule,10.0,qwen3-30b-a3b-chunk-c4096-b1-l4095-m8,0,qwen3-30b-a3b,2,prefill,c4096,3658.544921875,2803.192960016059,0.23379567017058092,sglang_custom:all_reduce_one_shot,False
leave_one_model_out,qwen3-30b-a3b,tp_conditioned_plus_schedule,10.0,qwen3-30b-a3b-chunk-c4096-b1-l4096-m8,1,qwen3-30b-a3b,2,prefill,c4096,3651.78369140625,2808.415287114414,0.23094697702838665,sglang_custom:all_reduce_one_shot,False
leave_one_model_out,qwen3-30b-a3b,tp_conditioned_plus_schedule,10.0,qwen3-30b-a3b-chunk-c4096-b1-l4097-m8,2,qwen3-30b-a3b,2,prefill,c4096,4265.751953125,2822.260036074608,0.3383909643393401,flashinfer_mnnvl:fused_allreduce_residual_rmsnorm+sglang_custom:all_reduce_one_shot+sglang_custom:all_reduce_one_shot_push,False
leave_one_model_out,qwen3-30b-a3b,tp_conditioned_plus_schedule,10.0,qwen3-30b-a3b-chunk-c4096-b4-l4095-m8,3,qwen3-30b-a3b,2,prefill,c4096,14826.00830078125,9508.082863562438,0.3586889558761805,nccl:all_reduce,False
leave_one_model_out,qwen3-30b-a3b,tp_conditioned_plus_schedule,10.0,qwen3-30b-a3b-chunk-c4096-b4-l4096-m8,4,qwen3-30b-a3b,2,prefill,c4096,14931.0,9513.52122539039,0.3628342893717507,nccl:all_reduce,False
leave_one_model_out,qwen3-30b-a3b,tp_conditioned_plus_schedule,10.0,qwen3-30b-a3b-chunk-c4096-b4-l4097-m8,5,qwen3-30b-a3b,2,prefill,c4096,15502.69140625,10480.43709181102,0.32396015522919,flashinfer_mnnvl:fused_allreduce_residual_rmsnorm+nccl:all_reduce+sglang_custom:all_reduce_one_shot_push,False
leave_one_model_out,qwen3-30b-a3b,tp_conditioned_plus_schedule,10.0,qwen3-30b-a3b-mixed-balanced,0,qwen3-30b-a3b,2,decode,balanced,44370.80615234375,24689.4646416038,0.4435651099771678,flashinfer_mnnvl:fused_allreduce_residual_rmsnorm+sglang_custom:all_reduce_one_shot_push,False
leave_one_model_out,qwen3-30b-a3b,tp_conditioned_plus_schedule,10.0,qwen3-30b-a3b-mixed-bimodal,1,qwen3-30b-a3b,2,decode,bimodal,42279.43701171875,27121.045596311178,0.35852869590496356,flashinfer_mnnvl:fused_allreduce_residual_rmsnorm+sglang_custom:all_reduce_one_shot_push,False
leave_one_model_out,qwen3-30b-a3b,tp_conditioned_plus_schedule,10.0,qwen3-30b-a3b-mixed-long_tail,2,qwen3-30b-a3b,2,decode,long_tail,83096.12255859375,38239.831614404655,0.5398120822371644,flashinfer_mnnvl:fused_allreduce_residual_rmsnorm+sglang_custom:all_reduce_one_shot_push,False
leave_one_model_out,qwen3-30b-a3b,tp_conditioned_plus_schedule,10.0,qwen3-30b-a3b-mixed-staircase,3,qwen3-30b-a3b,2,decode,staircase,44112.15478515625,25293.3815234086,0.42661197017925256,flashinfer_mnnvl:fused_allreduce_residual_rmsnorm+sglang_custom:all_reduce_one_shot_push,False
leave_one_model_out,qwen3-30b-a3b,tp_conditioned_plus_schedule,10.0,qwen3-30b-a3b-mixed-uniform_b16,4,qwen3-30b-a3b,2,decode,uniform_b16,54753.421875,23927.69189564515,0.5629918445961026,flashinfer_mnnvl:fused_allreduce_residual_rmsnorm+sglang_custom:all_reduce_one_shot_push,False
leave_one_model_out,qwen3-30b-a3b,tp_conditioned_plus_schedule,10.0,qwen3-30b-a3b-mixed-uniform_b4,5,qwen3-30b-a3b,2,decode,uniform_b4,41809.55615234375,19752.40596267919,0.5275624096389286,flashinfer_mnnvl:fused_allreduce_residual_rmsnorm+sglang_custom:all_reduce_one_shot_push,False
leave_one_model_out,qwen3-30b-a3b,tp_conditioned_plus_schedule,10.0,qwen3-30b-a3b-chunk-c1024-b1-l1023-m8,0,qwen3-30b-a3b,4,prefill,c1024,1527.6845703125,1059.1169285745739,0.3067175324301907,flashinfer_mnnvl:fused_allreduce_residual_rmsnorm_twoshot+sglang_custom:all_reduce_two_shot,False
leave_one_model_out,qwen3-30b-a3b,tp_conditioned_plus_schedule,10.0,qwen3-30b-a3b-chunk-c1024-b1-l1024-m8,1,qwen3-30b-a3b,4,prefill,c1024,1527.03759765625,1744.848421136979,0.14263618905980605,flashinfer_mnnvl:fused_allreduce_residual_rmsnorm_twoshot+sglang_custom:all_reduce_two_shot,False
leave_one_model_out,qwen3-30b-a3b,tp_conditioned_plus_schedule,10.0,qwen3-30b-a3b-chunk-c1024-b1-l1025-m8,2,qwen3-30b-a3b,4,prefill,c1024,2314.95361328125,1726.3584321050043,0.2542578727277226,flashinfer_mnnvl:fused_allreduce_residual_rmsnorm+flashinfer_mnnvl:fused_allreduce_residual_rmsnorm_twoshot+sglang_custom:all_reduce_one_shot_push+sglang_custom:all_reduce_two_shot,False
leave_one_model_out,qwen3-30b-a3b,tp_conditioned_plus_schedule,10.0,qwen3-30b-a3b-chunk-c1024-b4-l1023-m8,3,qwen3-30b-a3b,4,prefill,c1024,4892.48779296875,3471.960290138928,0.2903487066173852,sglang_custom:all_reduce_two_shot,False
leave_one_model_out,qwen3-30b-a3b,tp_conditioned_plus_schedule,10.0,qwen3-30b-a3b-chunk-c1024-b4-l1024-m8,4,qwen3-30b-a3b,4,prefill,c1024,4896.91455078125,3493.468506965866,0.28659802601445833,sglang_custom:all_reduce_two_shot,False
leave_one_model_out,qwen3-30b-a3b,tp_conditioned_plus_schedule,10.0,qwen3-30b-a3b-chunk-c1024-b4-l1025-m8,5,qwen3-30b-a3b,4,prefill,c1024,5718.04443359375,4000.0954122969147,0.3004434542697523,flashinfer_mnnvl:fused_allreduce_residual_rmsnorm+sglang_custom:all_reduce_one_shot_push+sglang_custom:all_reduce_two_shot,False
leave_one_model_out,qwen3-30b-a3b,tp_conditioned_plus_schedule,10.0,qwen3-30b-a3b-chunk-c4096-b1-l4095-m8,0,qwen3-30b-a3b,4,prefill,c4096,4911.99365234375,3487.950196687035,0.289911501611415,sglang_custom:all_reduce_two_shot,False
leave_one_model_out,qwen3-30b-a3b,tp_conditioned_plus_schedule,10.0,qwen3-30b-a3b-chunk-c4096-b1-l4096-m8,1,qwen3-30b-a3b,4,prefill,c4096,4922.42578125,3493.468506965866,0.29029534172504373,sglang_custom:all_reduce_two_shot,False
leave_one_model_out,qwen3-30b-a3b,tp_conditioned_plus_schedule,10.0,qwen3-30b-a3b-chunk-c4096-b1-l4097-m8,2,qwen3-30b-a3b,4,prefill,c4096,5625.73095703125,3319.952360574584,0.4098629340912255,flashinfer_mnnvl:fused_allreduce_residual_rmsnorm+sglang_custom:all_reduce_one_shot_push+sglang_custom:all_reduce_two_shot,False
leave_one_model_out,qwen3-30b-a3b,tp_conditioned_plus_schedule,10.0,qwen3-30b-a3b-chunk-c4096-b4-l4095-m8,3,qwen3-30b-a3b,4,prefill,c4096,17961.0302734375,12879.350490542676,0.2829280784861268,nccl:all_reduce,False
leave_one_model_out,qwen3-30b-a3b,tp_conditioned_plus_schedule,10.0,qwen3-30b-a3b-chunk-c4096-b4-l4096-m8,4,qwen3-30b-a3b,4,prefill,c4096,18524.94677734375,12880.098446676031,0.3047160350048315,nccl:all_reduce,False
leave_one_model_out,qwen3-30b-a3b,tp_conditioned_plus_schedule,10.0,qwen3-30b-a3b-chunk-c4096-b4-l4097-m8,5,qwen3-30b-a3b,4,prefill,c4096,18688.220703125,14165.583037369193,0.24200472252553942,flashinfer_mnnvl:fused_allreduce_residual_rmsnorm+nccl:all_reduce+sglang_custom:all_reduce_one_shot_push,False
leave_one_model_out,qwen3-30b-a3b,tp_conditioned_plus_schedule,10.0,qwen3-30b-a3b-mixed-balanced,0,qwen3-30b-a3b,4,decode,balanced,50772.69873046875,30840.187974125594,0.39258324364746905,flashinfer_mnnvl:fused_allreduce_residual_rmsnorm+sglang_custom:all_reduce_one_shot_push,False
leave_one_model_out,qwen3-30b-a3b,tp_conditioned_plus_schedule,10.0,qwen3-30b-a3b-mixed-bimodal,1,qwen3-30b-a3b,4,decode,bimodal,50319.439453125,34046.39171925509,0.3233948531765551,flashinfer_mnnvl:fused_allreduce_residual_rmsnorm+sglang_custom:all_reduce_one_shot_push,False
leave_one_model_out,qwen3-30b-a3b,tp_conditioned_plus_schedule,10.0,qwen3-30b-a3b-mixed-long_tail,2,qwen3-30b-a3b,4,decode,long_tail,93031.7568359375,47642.086521861325,0.48789436916816853,flashinfer_mnnvl:fused_allreduce_residual_rmsnorm+sglang_custom:all_reduce_one_shot_push,False
leave_one_model_out,qwen3-30b-a3b,tp_conditioned_plus_schedule,10.0,qwen3-30b-a3b-mixed-staircase,3,qwen3-30b-a3b,4,decode,staircase,48850.04052734375,31282.313900686702,0.3596256305421801,flashinfer_mnnvl:fused_allreduce_residual_rmsnorm+sglang_custom:all_reduce_one_shot_push,False
leave_one_model_out,qwen3-30b-a3b,tp_conditioned_plus_schedule,10.0,qwen3-30b-a3b-mixed-uniform_b16,4,qwen3-30b-a3b,4,decode,uniform_b16,55604.7890625,28565.355553474466,0.48627886131594,flashinfer_mnnvl:fused_allreduce_residual_rmsnorm+sglang_custom:all_reduce_one_shot_push,False
leave_one_model_out,qwen3-30b-a3b,tp_conditioned_plus_schedule,10.0,qwen3-30b-a3b-mixed-uniform_b4,5,qwen3-30b-a3b,4,decode,uniform_b4,51676.00732421875,25391.573504335916,0.5086390218766811,flashinfer_mnnvl:fused_allreduce_residual_rmsnorm+sglang_custom:all_reduce_one_shot_push,False
leave_one_model_out,qwen3-30b-a3b,tp_conditioned_plus_schedule,10.0,qwen3-30b-a3b-chunk-c1024-b1-l1023-m8,0,qwen3-30b-a3b,8,prefill,c1024,1485.7451171875,1246.56297573574,0.16098463907761595,flashinfer_mnnvl:fused_allreduce_residual_rmsnorm_twoshot+sglang_custom:all_reduce_two_shot,False
leave_one_model_out,qwen3-30b-a3b,tp_conditioned_plus_schedule,10.0,qwen3-30b-a3b-chunk-c1024-b1-l1024-m8,1,qwen3-30b-a3b,8,prefill,c1024,1472.5576171875,2063.9772202863564,0.4016274787457442,flashinfer_mnnvl:fused_allreduce_residual_rmsnorm_twoshot+sglang_custom:all_reduce_two_shot,False
leave_one_model_out,qwen3-30b-a3b,tp_conditioned_plus_schedule,10.0,qwen3-30b-a3b-chunk-c1024-b1-l1025-m8,2,qwen3-30b-a3b,8,prefill,c1024,2317.28564453125,2038.8465441355204,0.12015743551203564,flashinfer_mnnvl:fused_allreduce_residual_rmsnorm+flashinfer_mnnvl:fused_allreduce_residual_rmsnorm_twoshot+sglang_custom:all_reduce_one_shot_push+sglang_custom:all_reduce_two_shot,False
leave_one_model_out,qwen3-30b-a3b,tp_conditioned_plus_schedule,10.0,qwen3-30b-a3b-chunk-c1024-b4-l1023-m8,3,qwen3-30b-a3b,8,prefill,c1024,5812.40673828125,4048.280058002278,0.3035105352590364,sglang_custom:all_reduce_two_shot,False
leave_one_model_out,qwen3-30b-a3b,tp_conditioned_plus_schedule,10.0,qwen3-30b-a3b-chunk-c1024-b4-l1024-m8,4,qwen3-30b-a3b,8,prefill,c1024,5833.5234375,4075.1316644772824,0.3014287663128494,sglang_custom:all_reduce_two_shot,False
leave_one_model_out,qwen3-30b-a3b,tp_conditioned_plus_schedule,10.0,qwen3-30b-a3b-chunk-c1024-b4-l1025-m8,5,qwen3-30b-a3b,8,prefill,c1024,6566.15234375,4649.553250631463,0.291890744043253,flashinfer_mnnvl:fused_allreduce_residual_rmsnorm+sglang_custom:all_reduce_one_shot_push+sglang_custom:all_reduce_two_shot,False
leave_one_model_out,qwen3-30b-a3b,tp_conditioned_plus_schedule,10.0,qwen3-30b-a3b-chunk-c4096-b1-l4095-m8,0,qwen3-30b-a3b,8,prefill,c4096,5821.3916015625,4068.240958823815,0.3011566241769627,sglang_custom:all_reduce_two_shot,False
leave_one_model_out,qwen3-30b-a3b,tp_conditioned_plus_schedule,10.0,qwen3-30b-a3b-chunk-c4096-b1-l4096-m8,1,qwen3-30b-a3b,8,prefill,c4096,5821.072265625,4075.1316644772824,0.29993453464887687,sglang_custom:all_reduce_two_shot,False
leave_one_model_out,qwen3-30b-a3b,tp_conditioned_plus_schedule,10.0,qwen3-30b-a3b-chunk-c4096-b1-l4097-m8,2,qwen3-30b-a3b,8,prefill,c4096,6545.4384765625,3867.1685093360643,0.40918113840907966,flashinfer_mnnvl:fused_allreduce_residual_rmsnorm+sglang_custom:all_reduce_one_shot_push+sglang_custom:all_reduce_two_shot,False
leave_one_model_out,qwen3-30b-a3b,tp_conditioned_plus_schedule,10.0,qwen3-30b-a3b-chunk-c4096-b4-l4095-m8,3,qwen3-30b-a3b,8,prefill,c4096,24895.88916015625,16814.03910452829,0.32462588516670754,nccl:all_reduce,False
leave_one_model_out,qwen3-30b-a3b,tp_conditioned_plus_schedule,10.0,qwen3-30b-a3b-chunk-c4096-b4-l4096-m8,4,qwen3-30b-a3b,8,prefill,c4096,24917.75244140625,16818.608381762635,0.3250350961102387,nccl:all_reduce,False
leave_one_model_out,qwen3-30b-a3b,tp_conditioned_plus_schedule,10.0,qwen3-30b-a3b-chunk-c4096-b4-l4097-m8,5,qwen3-30b-a3b,8,prefill,c4096,25768.0693359375,18434.50375139425,0.2845989541915534,flashinfer_mnnvl:fused_allreduce_residual_rmsnorm+nccl:all_reduce+sglang_custom:all_reduce_one_shot_push,False
leave_one_model_out,qwen3-30b-a3b,tp_conditioned_plus_schedule,10.0,qwen3-30b-a3b-mixed-balanced,0,qwen3-30b-a3b,8,decode,balanced,52225.28857421875,35120.95199884809,0.32751061875059306,flashinfer_mnnvl:fused_allreduce_residual_rmsnorm+sglang_custom:all_reduce_one_shot_push,False
leave_one_model_out,qwen3-30b-a3b,tp_conditioned_plus_schedule,10.0,qwen3-30b-a3b-mixed-bimodal,1,qwen3-30b-a3b,8,decode,bimodal,51463.6513671875,38778.73517787202,0.2464830196133966,flashinfer_mnnvl:fused_allreduce_residual_rmsnorm+sglang_custom:all_reduce_one_shot_push,False
leave_one_model_out,qwen3-30b-a3b,tp_conditioned_plus_schedule,10.0,qwen3-30b-a3b-mixed-long_tail,2,qwen3-30b-a3b,8,decode,long_tail,96923.8017578125,54325.06179487966,0.43950752230474893,flashinfer_mnnvl:fused_allreduce_residual_rmsnorm+sglang_custom:all_reduce_one_shot_push,False
leave_one_model_out,qwen3-30b-a3b,tp_conditioned_plus_schedule,10.0,qwen3-30b-a3b-mixed-staircase,3,qwen3-30b-a3b,8,decode,staircase,50780.8515625,35976.355963979,0.291536969999409,flashinfer_mnnvl:fused_allreduce_residual_rmsnorm+sglang_custom:all_reduce_one_shot_push,False
leave_one_model_out,qwen3-30b-a3b,tp_conditioned_plus_schedule,10.0,qwen3-30b-a3b-mixed-uniform_b16,4,qwen3-30b-a3b,8,decode,uniform_b16,56344.091796875,33818.47656233461,0.3997866416189128,flashinfer_mnnvl:fused_allreduce_residual_rmsnorm+sglang_custom:all_reduce_one_shot_push,False
leave_one_model_out,qwen3-30b-a3b,tp_conditioned_plus_schedule,10.0,qwen3-30b-a3b-mixed-uniform_b4,5,qwen3-30b-a3b,8,decode,uniform_b4,50887.40087890625,28835.803527963086,0.433341003275409,flashinfer_mnnvl:fused_allreduce_residual_rmsnorm+sglang_custom:all_reduce_one_shot_push,False
leave_one_model_out,qwen3-30b-a3b,tp_conditioned_plus_schedule_tp,10.0,qwen3-30b-a3b-chunk-c1024-b1-l1023-m8,0,qwen3-30b-a3b,2,prefill,c1024,1470.548828125,783.8900831879149,0.4669404591023329,flashinfer_mnnvl:fused_allreduce_residual_rmsnorm_twoshot+sglang_custom:all_reduce_one_shot_push,False
leave_one_model_out,qwen3-30b-a3b,tp_conditioned_plus_schedule_tp,10.0,qwen3-30b-a3b-chunk-c1024-b1-l1024-m8,1,qwen3-30b-a3b,2,prefill,c1024,1457.69677734375,1502.586619330569,0.030795047834720684,flashinfer_mnnvl:fused_allreduce_residual_rmsnorm_twoshot+sglang_custom:all_reduce_one_shot_push,False
leave_one_model_out,qwen3-30b-a3b,tp_conditioned_plus_schedule_tp,10.0,qwen3-30b-a3b-chunk-c1024-b1-l1025-m8,2,qwen3-30b-a3b,2,prefill,c1024,2230.83935546875,1547.9447935159696,0.30611552565571837,flashinfer_mnnvl:fused_allreduce_residual_rmsnorm+flashinfer_mnnvl:fused_allreduce_residual_rmsnorm_twoshot+sglang_custom:all_reduce_one_shot_push,False
leave_one_model_out,qwen3-30b-a3b,tp_conditioned_plus_schedule_tp,10.0,qwen3-30b-a3b-chunk-c1024-b4-l1023-m8,3,qwen3-30b-a3b,2,prefill,c1024,3643.80078125,2790.041679593817,0.23430454981221616,sglang_custom:all_reduce_one_shot,False
leave_one_model_out,qwen3-30b-a3b,tp_conditioned_plus_schedule_tp,10.0,qwen3-30b-a3b-chunk-c1024-b4-l1024-m8,4,qwen3-30b-a3b,2,prefill,c1024,3652.9736328125,2810.3304388327774,0.23067322096462933,sglang_custom:all_reduce_one_shot,False
leave_one_model_out,qwen3-30b-a3b,tp_conditioned_plus_schedule_tp,10.0,qwen3-30b-a3b-chunk-c1024-b4-l1025-m8,5,qwen3-30b-a3b,2,prefill,c1024,4271.89697265625,3191.296233769813,0.2529557116670169,flashinfer_mnnvl:fused_allreduce_residual_rmsnorm+sglang_custom:all_reduce_one_shot+sglang_custom:all_reduce_one_shot_push,False
leave_one_model_out,qwen3-30b-a3b,tp_conditioned_plus_schedule_tp,10.0,qwen3-30b-a3b-chunk-c4096-b1-l4095-m8,0,qwen3-30b-a3b,2,prefill,c4096,3658.544921875,2805.121933375641,0.23326841865371453,sglang_custom:all_reduce_one_shot,False
leave_one_model_out,qwen3-30b-a3b,tp_conditioned_plus_schedule_tp,10.0,qwen3-30b-a3b-chunk-c4096-b1-l4096-m8,1,qwen3-30b-a3b,2,prefill,c4096,3651.78369140625,2810.3304388327774,0.2304225342135314,sglang_custom:all_reduce_one_shot,False
leave_one_model_out,qwen3-30b-a3b,tp_conditioned_plus_schedule_tp,10.0,qwen3-30b-a3b-chunk-c4096-b1-l4097-m8,2,qwen3-30b-a3b,2,prefill,c4096,4265.751953125,2803.7359218311144,0.34273348459064606,flashinfer_mnnvl:fused_allreduce_residual_rmsnorm+sglang_custom:all_reduce_one_shot+sglang_custom:all_reduce_one_shot_push,False
leave_one_model_out,qwen3-30b-a3b,tp_conditioned_plus_schedule_tp,10.0,qwen3-30b-a3b-chunk-c4096-b4-l4095-m8,3,qwen3-30b-a3b,2,prefill,c4096,14826.00830078125,9511.756548036627,0.3584411693918039,nccl:all_reduce,False
leave_one_model_out,qwen3-30b-a3b,tp_conditioned_plus_schedule_tp,10.0,qwen3-30b-a3b-chunk-c4096-b4-l4096-m8,4,qwen3-30b-a3b,2,prefill,c4096,14931.0,9517.19542136284,0.3625882110131378,nccl:all_reduce,False
leave_one_model_out,qwen3-30b-a3b,tp_conditioned_plus_schedule_tp,10.0,qwen3-30b-a3b-chunk-c4096-b4-l4097-m8,5,qwen3-30b-a3b,2,prefill,c4096,15502.69140625,10466.042339933832,0.3248886876691368,flashinfer_mnnvl:fused_allreduce_residual_rmsnorm+nccl:all_reduce+sglang_custom:all_reduce_one_shot_push,False
leave_one_model_out,qwen3-30b-a3b,tp_conditioned_plus_schedule_tp,10.0,qwen3-30b-a3b-mixed-balanced,0,qwen3-30b-a3b,2,decode,balanced,44370.80615234375,24833.686400731047,0.4403147349753688,flashinfer_mnnvl:fused_allreduce_residual_rmsnorm+sglang_custom:all_reduce_one_shot_push,False
leave_one_model_out,qwen3-30b-a3b,tp_conditioned_plus_schedule_tp,10.0,qwen3-30b-a3b-mixed-bimodal,1,qwen3-30b-a3b,2,decode,bimodal,42279.43701171875,26927.26723482761,0.3631119726744687,flashinfer_mnnvl:fused_allreduce_residual_rmsnorm+sglang_custom:all_reduce_one_shot_push,False
leave_one_model_out,qwen3-30b-a3b,tp_conditioned_plus_schedule_tp,10.0,qwen3-30b-a3b-mixed-long_tail,2,qwen3-30b-a3b,2,decode,long_tail,83096.12255859375,36081.11705480927,0.5657906055800941,flashinfer_mnnvl:fused_allreduce_residual_rmsnorm+sglang_custom:all_reduce_one_shot_push,False
leave_one_model_out,qwen3-30b-a3b,tp_conditioned_plus_schedule_tp,10.0,qwen3-30b-a3b-mixed-staircase,3,qwen3-30b-a3b,2,decode,staircase,44112.15478515625,26986.69248087057,0.38822547634985183,flashinfer_mnnvl:fused_allreduce_residual_rmsnorm+sglang_custom:all_reduce_one_shot_push,False
leave_one_model_out,qwen3-30b-a3b,tp_conditioned_plus_schedule_tp,10.0,qwen3-30b-a3b-mixed-uniform_b16,4,qwen3-30b-a3b,2,decode,uniform_b16,54753.421875,23125.678837691386,0.5776395694412225,flashinfer_mnnvl:fused_allreduce_residual_rmsnorm+sglang_custom:all_reduce_one_shot_push,False
leave_one_model_out,qwen3-30b-a3b,tp_conditioned_plus_schedule_tp,10.0,qwen3-30b-a3b-mixed-uniform_b4,5,qwen3-30b-a3b,2,decode,uniform_b4,41809.55615234375,18966.60226205707,0.5463572444312149,flashinfer_mnnvl:fused_allreduce_residual_rmsnorm+sglang_custom:all_reduce_one_shot_push,False
leave_one_model_out,qwen3-30b-a3b,tp_conditioned_plus_schedule_tp,10.0,qwen3-30b-a3b-chunk-c1024-b1-l1023-m8,0,qwen3-30b-a3b,4,prefill,c1024,1527.6845703125,1056.9732485074817,0.30812075408258566,flashinfer_mnnvl:fused_allreduce_residual_rmsnorm_twoshot+sglang_custom:all_reduce_two_shot,False
leave_one_model_out,qwen3-30b-a3b,tp_conditioned_plus_schedule_tp,10.0,qwen3-30b-a3b-chunk-c1024-b1-l1024-m8,1,qwen3-30b-a3b,4,prefill,c1024,1527.03759765625,1732.8737562500173,0.13479442739962116,flashinfer_mnnvl:fused_allreduce_residual_rmsnorm_twoshot+sglang_custom:all_reduce_two_shot,False
leave_one_model_out,qwen3-30b-a3b,tp_conditioned_plus_schedule_tp,10.0,qwen3-30b-a3b-chunk-c1024-b1-l1025-m8,2,qwen3-30b-a3b,4,prefill,c1024,2314.95361328125,1715.7918416230666,0.25882236612461645,flashinfer_mnnvl:fused_allreduce_residual_rmsnorm+flashinfer_mnnvl:fused_allreduce_residual_rmsnorm_twoshot+sglang_custom:all_reduce_one_shot_push+sglang_custom:all_reduce_two_shot,False
leave_one_model_out,qwen3-30b-a3b,tp_conditioned_plus_schedule_tp,10.0,qwen3-30b-a3b-chunk-c1024-b4-l1023-m8,3,qwen3-30b-a3b,4,prefill,c1024,4892.48779296875,3447.9294625656935,0.29526048741074157,sglang_custom:all_reduce_two_shot,False
leave_one_model_out,qwen3-30b-a3b,tp_conditioned_plus_schedule_tp,10.0,qwen3-30b-a3b-chunk-c1024-b4-l1024-m8,4,qwen3-30b-a3b,4,prefill,c1024,4896.91455078125,3468.6966544399666,0.29165669148003137,sglang_custom:all_reduce_two_shot,False
leave_one_model_out,qwen3-30b-a3b,tp_conditioned_plus_schedule_tp,10.0,qwen3-30b-a3b-chunk-c1024-b4-l1025-m8,5,qwen3-30b-a3b,4,prefill,c1024,5718.04443359375,3976.344497496836,0.30459713217063406,flashinfer_mnnvl:fused_allreduce_residual_rmsnorm+sglang_custom:all_reduce_one_shot_push+sglang_custom:all_reduce_two_shot,False
leave_one_model_out,qwen3-30b-a3b,tp_conditioned_plus_schedule_tp,10.0,qwen3-30b-a3b-chunk-c4096-b1-l4095-m8,0,qwen3-30b-a3b,4,prefill,c4096,4911.99365234375,3463.368966675445,0.2949158301491485,sglang_custom:all_reduce_two_shot,False
leave_one_model_out,qwen3-30b-a3b,tp_conditioned_plus_schedule_tp,10.0,qwen3-30b-a3b-chunk-c4096-b1-l4096-m8,1,qwen3-30b-a3b,4,prefill,c4096,4922.42578125,3468.6966544399666,0.2953277898769809,sglang_custom:all_reduce_two_shot,False
leave_one_model_out,qwen3-30b-a3b,tp_conditioned_plus_schedule_tp,10.0,qwen3-30b-a3b-chunk-c4096-b1-l4097-m8,2,qwen3-30b-a3b,4,prefill,c4096,5625.73095703125,3308.457990612689,0.4119061121332768,flashinfer_mnnvl:fused_allreduce_residual_rmsnorm+sglang_custom:all_reduce_one_shot_push+sglang_custom:all_reduce_two_shot,False
leave_one_model_out,qwen3-30b-a3b,tp_conditioned_plus_schedule_tp,10.0,qwen3-30b-a3b-chunk-c4096-b4-l4095-m8,3,qwen3-30b-a3b,4,prefill,c4096,17961.0302734375,12772.831186137399,0.28885865723264825,nccl:all_reduce,False
leave_one_model_out,qwen3-30b-a3b,tp_conditioned_plus_schedule_tp,10.0,qwen3-30b-a3b-chunk-c4096-b4-l4096-m8,4,qwen3-30b-a3b,4,prefill,c4096,18524.94677734375,12773.051579003102,0.31049455998304354,nccl:all_reduce,False
leave_one_model_out,qwen3-30b-a3b,tp_conditioned_plus_schedule_tp,10.0,qwen3-30b-a3b-chunk-c4096-b4-l4097-m8,5,qwen3-30b-a3b,4,prefill,c4096,18688.220703125,14105.028786098193,0.24524495883443928,flashinfer_mnnvl:fused_allreduce_residual_rmsnorm+nccl:all_reduce+sglang_custom:all_reduce_one_shot_push,False
leave_one_model_out,qwen3-30b-a3b,tp_conditioned_plus_schedule_tp,10.0,qwen3-30b-a3b-mixed-balanced,0,qwen3-30b-a3b,4,decode,balanced,50772.69873046875,29863.592667542427,0.41181789792037876,flashinfer_mnnvl:fused_allreduce_residual_rmsnorm+sglang_custom:all_reduce_one_shot_push,False
leave_one_model_out,qwen3-30b-a3b,tp_conditioned_plus_schedule_tp,10.0,qwen3-30b-a3b-mixed-bimodal,1,qwen3-30b-a3b,4,decode,bimodal,50319.439453125,32987.07740706129,0.34444664396966596,flashinfer_mnnvl:fused_allreduce_residual_rmsnorm+sglang_custom:all_reduce_one_shot_push,False
leave_one_model_out,qwen3-30b-a3b,tp_conditioned_plus_schedule_tp,10.0,qwen3-30b-a3b-mixed-long_tail,2,qwen3-30b-a3b,4,decode,long_tail,93031.7568359375,50706.56281433571,0.4549542592885,flashinfer_mnnvl:fused_allreduce_residual_rmsnorm+sglang_custom:all_reduce_one_shot_push,False
leave_one_model_out,qwen3-30b-a3b,tp_conditioned_plus_schedule_tp,10.0,qwen3-30b-a3b-mixed-staircase,3,qwen3-30b-a3b,4,decode,staircase,48850.04052734375,29365.685790321186,0.3988605644270903,flashinfer_mnnvl:fused_allreduce_residual_rmsnorm+sglang_custom:all_reduce_one_shot_push,False
leave_one_model_out,qwen3-30b-a3b,tp_conditioned_plus_schedule_tp,10.0,qwen3-30b-a3b-mixed-uniform_b16,4,qwen3-30b-a3b,4,decode,uniform_b16,55604.7890625,29138.27001948766,0.4759755317705435,flashinfer_mnnvl:fused_allreduce_residual_rmsnorm+sglang_custom:all_reduce_one_shot_push,False
leave_one_model_out,qwen3-30b-a3b,tp_conditioned_plus_schedule_tp,10.0,qwen3-30b-a3b-mixed-uniform_b4,5,qwen3-30b-a3b,4,decode,uniform_b4,51676.00732421875,25936.492875960685,0.4980941017127469,flashinfer_mnnvl:fused_allreduce_residual_rmsnorm+sglang_custom:all_reduce_one_shot_push,False
leave_one_model_out,qwen3-30b-a3b,tp_conditioned_plus_schedule_tp,10.0,qwen3-30b-a3b-chunk-c1024-b1-l1023-m8,0,qwen3-30b-a3b,8,prefill,c1024,1485.7451171875,1243.3757720293943,0.16312982782464625,flashinfer_mnnvl:fused_allreduce_residual_rmsnorm_twoshot+sglang_custom:all_reduce_two_shot,False
leave_one_model_out,qwen3-30b-a3b,tp_conditioned_plus_schedule_tp,10.0,qwen3-30b-a3b-chunk-c1024-b1-l1024-m8,1,qwen3-30b-a3b,8,prefill,c1024,1472.5576171875,2051.834021869417,0.39338114714200556,flashinfer_mnnvl:fused_allreduce_residual_rmsnorm_twoshot+sglang_custom:all_reduce_two_shot,False
leave_one_model_out,qwen3-30b-a3b,tp_conditioned_plus_schedule_tp,10.0,qwen3-30b-a3b-chunk-c1024-b1-l1025-m8,2,qwen3-30b-a3b,8,prefill,c1024,2317.28564453125,2026.040236751596,0.12568386140352944,flashinfer_mnnvl:fused_allreduce_residual_rmsnorm+flashinfer_mnnvl:fused_allreduce_residual_rmsnorm_twoshot+sglang_custom:all_reduce_one_shot_push+sglang_custom:all_reduce_two_shot,False
leave_one_model_out,qwen3-30b-a3b,tp_conditioned_plus_schedule_tp,10.0,qwen3-30b-a3b-chunk-c1024-b4-l1023-m8,3,qwen3-30b-a3b,8,prefill,c1024,5812.40673828125,4023.1135731320214,0.3078403225577309,sglang_custom:all_reduce_two_shot,False
leave_one_model_out,qwen3-30b-a3b,tp_conditioned_plus_schedule_tp,10.0,qwen3-30b-a3b-chunk-c1024-b4-l1024-m8,4,qwen3-30b-a3b,8,prefill,c1024,5833.5234375,4049.2156056406093,0.3058713744748524,sglang_custom:all_reduce_two_shot,False
leave_one_model_out,qwen3-30b-a3b,tp_conditioned_plus_schedule_tp,10.0,qwen3-30b-a3b-chunk-c1024-b4-l1025-m8,5,qwen3-30b-a3b,8,prefill,c1024,6566.15234375,4628.460461072613,0.2951030955780034,flashinfer_mnnvl:fused_allreduce_residual_rmsnorm+sglang_custom:all_reduce_one_shot_push+sglang_custom:all_reduce_two_shot,False
leave_one_model_out,qwen3-30b-a3b,tp_conditioned_plus_schedule_tp,10.0,qwen3-30b-a3b-chunk-c4096-b1-l4095-m8,0,qwen3-30b-a3b,8,prefill,c4096,5821.3916015625,4042.5177663430354,0.3055753601496252,sglang_custom:all_reduce_two_shot,False
leave_one_model_out,qwen3-30b-a3b,tp_conditioned_plus_schedule_tp,10.0,qwen3-30b-a3b-chunk-c4096-b1-l4096-m8,1,qwen3-30b-a3b,8,prefill,c4096,5821.072265625,4049.2156056406093,0.3043866454721206,sglang_custom:all_reduce_two_shot,False
leave_one_model_out,qwen3-30b-a3b,tp_conditioned_plus_schedule_tp,10.0,qwen3-30b-a3b-chunk-c4096-b1-l4097-m8,2,qwen3-30b-a3b,8,prefill,c4096,6545.4384765625,3849.2865190531807,0.411913115853664,flashinfer_mnnvl:fused_allreduce_residual_rmsnorm+sglang_custom:all_reduce_one_shot_push+sglang_custom:all_reduce_two_shot,False
leave_one_model_out,qwen3-30b-a3b,tp_conditioned_plus_schedule_tp,10.0,qwen3-30b-a3b-chunk-c4096-b4-l4095-m8,3,qwen3-30b-a3b,8,prefill,c4096,24895.88916015625,16688.328842803803,0.3296753236870908,nccl:all_reduce,False
leave_one_model_out,qwen3-30b-a3b,tp_conditioned_plus_schedule_tp,10.0,qwen3-30b-a3b-chunk-c4096-b4-l4096-m8,4,qwen3-30b-a3b,8,prefill,c4096,24917.75244140625,16692.3107407201,0.33010367688771947,nccl:all_reduce,False
leave_one_model_out,qwen3-30b-a3b,tp_conditioned_plus_schedule_tp,10.0,qwen3-30b-a3b-chunk-c4096-b4-l4097-m8,5,qwen3-30b-a3b,8,prefill,c4096,25768.0693359375,18369.00423658996,0.28714084097206366,flashinfer_mnnvl:fused_allreduce_residual_rmsnorm+nccl:all_reduce+sglang_custom:all_reduce_one_shot_push,False
leave_one_model_out,qwen3-30b-a3b,tp_conditioned_plus_schedule_tp,10.0,qwen3-30b-a3b-mixed-balanced,0,qwen3-30b-a3b,8,decode,balanced,52225.28857421875,34114.406184071624,0.34678376864130234,flashinfer_mnnvl:fused_allreduce_residual_rmsnorm+sglang_custom:all_reduce_one_shot_push,False
leave_one_model_out,qwen3-30b-a3b,tp_conditioned_plus_schedule_tp,10.0,qwen3-30b-a3b-mixed-bimodal,1,qwen3-30b-a3b,8,decode,bimodal,51463.6513671875,37174.77859592224,0.27764980508894954,flashinfer_mnnvl:fused_allreduce_residual_rmsnorm+sglang_custom:all_reduce_one_shot_push,False
leave_one_model_out,qwen3-30b-a3b,tp_conditioned_plus_schedule_tp,10.0,qwen3-30b-a3b-mixed-long_tail,2,qwen3-30b-a3b,8,decode,long_tail,96923.8017578125,57493.89183659366,0.40681348859740335,flashinfer_mnnvl:fused_allreduce_residual_rmsnorm+sglang_custom:all_reduce_one_shot_push,False
leave_one_model_out,qwen3-30b-a3b,tp_conditioned_plus_schedule_tp,10.0,qwen3-30b-a3b-mixed-staircase,3,qwen3-30b-a3b,8,decode,staircase,50780.8515625,34190.66386945002,0.3267016440760377,flashinfer_mnnvl:fused_allreduce_residual_rmsnorm+sglang_custom:all_reduce_one_shot_push,False
leave_one_model_out,qwen3-30b-a3b,tp_conditioned_plus_schedule_tp,10.0,qwen3-30b-a3b-mixed-uniform_b16,4,qwen3-30b-a3b,8,decode,uniform_b16,56344.091796875,34542.286833195474,0.38694039194520685,flashinfer_mnnvl:fused_allreduce_residual_rmsnorm+sglang_custom:all_reduce_one_shot_push,False
leave_one_model_out,qwen3-30b-a3b,tp_conditioned_plus_schedule_tp,10.0,qwen3-30b-a3b-mixed-uniform_b4,5,qwen3-30b-a3b,8,decode,uniform_b4,50887.40087890625,29515.969309947537,0.4199749093064322,flashinfer_mnnvl:fused_allreduce_residual_rmsnorm+sglang_custom:all_reduce_one_shot_push,False
leave_one_model_out,deepseek-v2-lite,additive_tp_phase,0.01,deepseek-v2-lite-chunk-c1024-b1-l1023-m8,0,deepseek-v2-lite,2,prefill,c1024,850.40283203125,990.7482281728959,0.1650340178270815,sglang_custom:all_reduce_one_shot_push,False
leave_one_model_out,deepseek-v2-lite,additive_tp_phase,0.01,deepseek-v2-lite-chunk-c1024-b1-l1024-m8,1,deepseek-v2-lite,2,prefill,c1024,845.8720703125,994.4524069679424,0.17565343728697727,sglang_custom:all_reduce_one_shot_push,False
leave_one_model_out,deepseek-v2-lite,additive_tp_phase,0.01,deepseek-v2-lite-chunk-c1024-b1-l1025-m8,2,deepseek-v2-lite,2,prefill,c1024,1144.5927734375,1358.672315357041,0.18703555263293017,sglang_custom:all_reduce_one_shot_push,False
leave_one_model_out,deepseek-v2-lite,additive_tp_phase,0.01,deepseek-v2-lite-chunk-c1024-b4-l1023-m8,3,deepseek-v2-lite,2,prefill,c1024,2063.7080078125,1946.1801400623526,0.05694985303406618,sglang_custom:all_reduce_one_shot,False
leave_one_model_out,deepseek-v2-lite,additive_tp_phase,0.01,deepseek-v2-lite-chunk-c1024-b4-l1024-m8,4,deepseek-v2-lite,2,prefill,c1024,2063.37939453125,1950.2178682096023,0.05484281108048733,sglang_custom:all_reduce_one_shot,False
leave_one_model_out,deepseek-v2-lite,additive_tp_phase,0.01,deepseek-v2-lite-chunk-c1024-b4-l1025-m8,5,deepseek-v2-lite,2,prefill,c1024,2431.26953125,2176.0588313357666,0.10497013870075553,sglang_custom:all_reduce_one_shot+sglang_custom:all_reduce_one_shot_push,False
leave_one_model_out,deepseek-v2-lite,additive_tp_phase,0.01,deepseek-v2-lite-chunk-c4096-b1-l4095-m8,0,deepseek-v2-lite,2,prefill,c4096,2062.8203125,1949.1961306572114,0.05508195801363025,sglang_custom:all_reduce_one_shot,False
leave_one_model_out,deepseek-v2-lite,additive_tp_phase,0.01,deepseek-v2-lite-chunk-c4096-b1-l4096-m8,1,deepseek-v2-lite,2,prefill,c4096,2059.4599609375,1950.2178682096023,0.05304404785717168,sglang_custom:all_reduce_one_shot,False
leave_one_model_out,deepseek-v2-lite,additive_tp_phase,0.01,deepseek-v2-lite-chunk-c4096-b1-l4097-m8,2,deepseek-v2-lite,2,prefill,c4096,2306.1025390625,2500.270279288353,0.08419735763561836,sglang_custom:all_reduce_one_shot+sglang_custom:all_reduce_one_shot_push,False
leave_one_model_out,deepseek-v2-lite,additive_tp_phase,0.01,deepseek-v2-lite-chunk-c4096-b4-l4095-m8,3,deepseek-v2-lite,2,prefill,c4096,8369.2412109375,6983.306867959882,0.16559856599262354,nccl:all_reduce,False
leave_one_model_out,deepseek-v2-lite,additive_tp_phase,0.01,deepseek-v2-lite-chunk-c4096-b4-l4096-m8,4,deepseek-v2-lite,2,prefill,c4096,8366.49267578125,6984.937451240118,0.16512955644368915,nccl:all_reduce,False
leave_one_model_out,deepseek-v2-lite,additive_tp_phase,0.01,deepseek-v2-lite-chunk-c4096-b4-l4097-m8,5,deepseek-v2-lite,2,prefill,c4096,8703.27783203125,7313.463987713358,0.15968855311074504,nccl:all_reduce+sglang_custom:all_reduce_one_shot_push,False
leave_one_model_out,deepseek-v2-lite,additive_tp_phase,0.01,deepseek-v2-lite-mixed-balanced,0,deepseek-v2-lite,2,decode,balanced,21891.82373046875,15863.931544686962,0.27534901888471935,sglang_custom:all_reduce_one_shot_push,False
leave_one_model_out,deepseek-v2-lite,additive_tp_phase,0.01,deepseek-v2-lite-mixed-bimodal,1,deepseek-v2-lite,2,decode,bimodal,22109.64501953125,16055.93410393756,0.27380407556276704,sglang_custom:all_reduce_one_shot_push,False
leave_one_model_out,deepseek-v2-lite,additive_tp_phase,0.01,deepseek-v2-lite-mixed-long_tail,2,deepseek-v2-lite,2,decode,long_tail,35508.650390625,30130.760902257694,0.15145293975428525,sglang_custom:all_reduce_one_shot_push,False
leave_one_model_out,deepseek-v2-lite,additive_tp_phase,0.01,deepseek-v2-lite-mixed-staircase,3,deepseek-v2-lite,2,decode,staircase,21084.54296875,15620.02850021075,0.2591715872920917,sglang_custom:all_reduce_one_shot_push,False
leave_one_model_out,deepseek-v2-lite,additive_tp_phase,0.01,deepseek-v2-lite-mixed-uniform_b16,4,deepseek-v2-lite,2,decode,uniform_b16,18331.0322265625,35026.64444488821,0.9107840743486888,sglang_custom:all_reduce_one_shot_push,False
leave_one_model_out,deepseek-v2-lite,additive_tp_phase,0.01,deepseek-v2-lite-mixed-uniform_b4,5,deepseek-v2-lite,2,decode,uniform_b4,16919.89208984375,16467.83368809436,0.026717570026391576,sglang_custom:all_reduce_one_shot_push,False
leave_one_model_out,deepseek-v2-lite,additive_tp_phase,0.01,deepseek-v2-lite-chunk-c1024-b1-l1023-m8,0,deepseek-v2-lite,4,prefill,c1024,1199.533203125,1267.2220803939576,0.05642934859378292,sglang_custom:all_reduce_two_shot,False
leave_one_model_out,deepseek-v2-lite,additive_tp_phase,0.01,deepseek-v2-lite-chunk-c1024-b1-l1024-m8,1,deepseek-v2-lite,4,prefill,c1024,1167.11474609375,1271.9599310661376,0.0898327994940489,sglang_custom:all_reduce_two_shot,False
leave_one_model_out,deepseek-v2-lite,additive_tp_phase,0.01,deepseek-v2-lite-chunk-c1024-b1-l1025-m8,2,deepseek-v2-lite,4,prefill,c1024,1477.267578125,1737.8174485515844,0.17637283474215518,sglang_custom:all_reduce_one_shot_push+sglang_custom:all_reduce_two_shot,False
leave_one_model_out,deepseek-v2-lite,additive_tp_phase,0.01,deepseek-v2-lite-chunk-c1024-b4-l1023-m8,3,deepseek-v2-lite,4,prefill,c1024,2776.5517578125,2489.272628283554,0.10346615319545796,sglang_custom:all_reduce_two_shot,False
leave_one_model_out,deepseek-v2-lite,additive_tp_phase,0.01,deepseek-v2-lite-chunk-c1024-b4-l1024-m8,4,deepseek-v2-lite,4,prefill,c1024,2789.97314453125,2494.4371071262353,0.10592791474868063,sglang_custom:all_reduce_two_shot,False
leave_one_model_out,deepseek-v2-lite,additive_tp_phase,0.01,deepseek-v2-lite-chunk-c1024-b4-l1025-m8,5,deepseek-v2-lite,4,prefill,c1024,3078.63525390625,2783.3002582203294,0.09593049235410142,sglang_custom:all_reduce_one_shot_push+sglang_custom:all_reduce_two_shot,False
leave_one_model_out,deepseek-v2-lite,additive_tp_phase,0.01,deepseek-v2-lite-chunk-c4096-b1-l4095-m8,0,deepseek-v2-lite,4,prefill,c4096,2785.61181640625,2493.1302479768215,0.1049972457421445,sglang_custom:all_reduce_two_shot,False
leave_one_model_out,deepseek-v2-lite,additive_tp_phase,0.01,deepseek-v2-lite-chunk-c4096-b1-l4096-m8,1,deepseek-v2-lite,4,prefill,c4096,2783.5068359375,2494.4371071262353,0.10385091391877413,sglang_custom:all_reduce_two_shot,False
leave_one_model_out,deepseek-v2-lite,additive_tp_phase,0.01,deepseek-v2-lite-chunk-c4096-b1-l4097-m8,2,deepseek-v2-lite,4,prefill,c4096,3098.19580078125,3197.9847298945183,0.03220872260174945,sglang_custom:all_reduce_one_shot_push+sglang_custom:all_reduce_two_shot,False
leave_one_model_out,deepseek-v2-lite,additive_tp_phase,0.01,deepseek-v2-lite-chunk-c4096-b4-l4095-m8,3,deepseek-v2-lite,4,prefill,c4096,10153.94677734375,8932.037833229637,0.12033832468380949,nccl:all_reduce,False
leave_one_model_out,deepseek-v2-lite,additive_tp_phase,0.01,deepseek-v2-lite-chunk-c4096-b4-l4096-m8,4,deepseek-v2-lite,4,prefill,c4096,10159.982421875,8934.123439923527,0.12065562035935526,nccl:all_reduce,False
leave_one_model_out,deepseek-v2-lite,additive_tp_phase,0.01,deepseek-v2-lite-chunk-c4096-b4-l4097-m8,5,deepseek-v2-lite,4,prefill,c4096,10541.125,9354.327149782283,0.11258739937319001,nccl:all_reduce+sglang_custom:all_reduce_one_shot_push,False
leave_one_model_out,deepseek-v2-lite,additive_tp_phase,0.01,deepseek-v2-lite-mixed-balanced,0,deepseek-v2-lite,4,decode,balanced,22460.607421875,19133.833077418993,0.14811595617026682,sglang_custom:all_reduce_one_shot_push,False
leave_one_model_out,deepseek-v2-lite,additive_tp_phase,0.01,deepseek-v2-lite-mixed-bimodal,1,deepseek-v2-lite,4,decode,bimodal,23239.3955078125,19365.411542617872,0.1666989988570181,sglang_custom:all_reduce_one_shot_push,False
leave_one_model_out,deepseek-v2-lite,additive_tp_phase,0.01,deepseek-v2-lite-mixed-long_tail,2,deepseek-v2-lite,4,decode,long_tail,42046.10302734375,36341.36644976284,0.1356781286929483,sglang_custom:all_reduce_one_shot_push,False
leave_one_model_out,deepseek-v2-lite,additive_tp_phase,0.01,deepseek-v2-lite-mixed-staircase,3,deepseek-v2-lite,4,decode,staircase,21569.6650390625,18839.656307496873,0.12656704342054464,sglang_custom:all_reduce_one_shot_push,False
leave_one_model_out,deepseek-v2-lite,additive_tp_phase,0.01,deepseek-v2-lite-mixed-uniform_b16,4,deepseek-v2-lite,4,decode,uniform_b16,24345.76513671875,42246.39813798572,0.7352668072144052,sglang_custom:all_reduce_one_shot_push,False
leave_one_model_out,deepseek-v2-lite,additive_tp_phase,0.01,deepseek-v2-lite-mixed-uniform_b4,5,deepseek-v2-lite,4,decode,uniform_b4,22655.25,19862.212595100573,0.12328433386960759,sglang_custom:all_reduce_one_shot_push,False
leave_one_model_out,deepseek-v2-lite,additive_tp_phase,0.01,deepseek-v2-lite-chunk-c1024-b1-l1023-m8,0,deepseek-v2-lite,8,prefill,c1024,1416.82421875,1468.804278989749,0.03668772706723541,sglang_custom:all_reduce_two_shot,False
leave_one_model_out,deepseek-v2-lite,additive_tp_phase,0.01,deepseek-v2-lite-chunk-c1024-b1-l1024-m8,1,deepseek-v2-lite,8,prefill,c1024,1391.728515625,1474.2957989436538,0.05932714778181747,sglang_custom:all_reduce_two_shot,False
leave_one_model_out,deepseek-v2-lite,additive_tp_phase,0.01,deepseek-v2-lite-chunk-c1024-b1-l1025-m8,2,deepseek-v2-lite,8,prefill,c1024,1740.849609375,2014.259176846163,0.1570552481953467,sglang_custom:all_reduce_one_shot_push+sglang_custom:all_reduce_two_shot,False
leave_one_model_out,deepseek-v2-lite,additive_tp_phase,0.01,deepseek-v2-lite-chunk-c1024-b4-l1023-m8,3,deepseek-v2-lite,8,prefill,c1024,3297.10693359375,2885.2514050720106,0.12491421625589466,sglang_custom:all_reduce_two_shot,False
leave_one_model_out,deepseek-v2-lite,additive_tp_phase,0.01,deepseek-v2-lite-chunk-c1024-b4-l1024-m8,4,deepseek-v2-lite,8,prefill,c1024,3298.1376953125,2891.2374186841794,0.12337273765332185,sglang_custom:all_reduce_two_shot,False
leave_one_model_out,deepseek-v2-lite,additive_tp_phase,0.01,deepseek-v2-lite-chunk-c1024-b4-l1025-m8,5,deepseek-v2-lite,8,prefill,c1024,3687.0244140625,3226.0512125201994,0.12502580665973492,sglang_custom:all_reduce_one_shot_push+sglang_custom:all_reduce_two_shot,False
leave_one_model_out,deepseek-v2-lite,additive_tp_phase,0.01,deepseek-v2-lite-chunk-c4096-b1-l4095-m8,0,deepseek-v2-lite,8,prefill,c4096,3302.54541015625,2889.7226721055035,0.1250013812925028,sglang_custom:all_reduce_two_shot,False
leave_one_model_out,deepseek-v2-lite,additive_tp_phase,0.01,deepseek-v2-lite-chunk-c4096-b1-l4096-m8,1,deepseek-v2-lite,8,prefill,c4096,3291.53369140625,2891.2374186841794,0.12161390714826652,sglang_custom:all_reduce_two_shot,False
leave_one_model_out,deepseek-v2-lite,additive_tp_phase,0.01,deepseek-v2-lite-chunk-c4096-b1-l4097-m8,2,deepseek-v2-lite,8,prefill,c4096,3668.40087890625,3706.701238943584,0.010440614671522337,sglang_custom:all_reduce_one_shot_push+sglang_custom:all_reduce_two_shot,False
leave_one_model_out,deepseek-v2-lite,additive_tp_phase,0.01,deepseek-v2-lite-chunk-c4096-b4-l4095-m8,3,deepseek-v2-lite,8,prefill,c4096,14065.85107421875,10352.893618668188,0.2639696265770956,nccl:all_reduce,False
leave_one_model_out,deepseek-v2-lite,additive_tp_phase,0.01,deepseek-v2-lite-chunk-c4096-b4-l4096-m8,4,deepseek-v2-lite,8,prefill,c4096,14075.228515625,10355.3109913479,0.2642882508193452,nccl:all_reduce,False
leave_one_model_out,deepseek-v2-lite,additive_tp_phase,0.01,deepseek-v2-lite-chunk-c4096-b4-l4097-m8,5,deepseek-v2-lite,8,prefill,c4096,14437.13134765625,10842.358223744634,0.24899497257086314,nccl:all_reduce+sglang_custom:all_reduce_one_shot_push,False
leave_one_model_out,deepseek-v2-lite,additive_tp_phase,0.01,deepseek-v2-lite-mixed-balanced,0,deepseek-v2-lite,8,decode,balanced,25759.8642578125,20829.847863017447,0.19138363251661422,sglang_custom:all_reduce_one_shot_push,False
leave_one_model_out,deepseek-v2-lite,additive_tp_phase,0.01,deepseek-v2-lite-mixed-bimodal,1,deepseek-v2-lite,8,decode,bimodal,25718.13720703125,21081.953344387817,0.18026903835694275,sglang_custom:all_reduce_one_shot_push,False
leave_one_model_out,deepseek-v2-lite,additive_tp_phase,0.01,deepseek-v2-lite-mixed-long_tail,2,deepseek-v2-lite,8,decode,long_tail,49217.84814453125,39562.64963846115,0.19617270705775292,sglang_custom:all_reduce_one_shot_push,False
leave_one_model_out,deepseek-v2-lite,additive_tp_phase,0.01,deepseek-v2-lite-mixed-staircase,3,deepseek-v2-lite,8,decode,staircase,25272.1787109375,20509.595389949558,0.18845163194919765,sglang_custom:all_reduce_one_shot_push,False
leave_one_model_out,deepseek-v2-lite,additive_tp_phase,0.01,deepseek-v2-lite-mixed-uniform_b16,4,deepseek-v2-lite,8,decode,uniform_b16,29164.29736328125,45991.10081153742,0.5769658441845966,sglang_custom:all_reduce_one_shot_push,False
leave_one_model_out,deepseek-v2-lite,additive_tp_phase,0.01,deepseek-v2-lite-mixed-uniform_b4,5,deepseek-v2-lite,8,decode,uniform_b4,24850.6796875,21622.7906298147,0.12989137916050414,sglang_custom:all_reduce_one_shot_push,False
leave_one_model_out,deepseek-v2-lite,tp_conditioned_pattern,0.01,deepseek-v2-lite-chunk-c1024-b1-l1023-m8,0,deepseek-v2-lite,2,prefill,c1024,850.40283203125,994.8891713034513,0.16990340792620018,sglang_custom:all_reduce_one_shot_push,False
leave_one_model_out,deepseek-v2-lite,tp_conditioned_pattern,0.01,deepseek-v2-lite-chunk-c1024-b1-l1024-m8,1,deepseek-v2-lite,2,prefill,c1024,845.8720703125,998.1862692476844,0.18006765358609522,sglang_custom:all_reduce_one_shot_push,False
leave_one_model_out,deepseek-v2-lite,tp_conditioned_pattern,0.01,deepseek-v2-lite-chunk-c1024-b1-l1025-m8,2,deepseek-v2-lite,2,prefill,c1024,1144.5927734375,1342.8385118884703,0.17320198331812675,sglang_custom:all_reduce_one_shot_push,False
leave_one_model_out,deepseek-v2-lite,tp_conditioned_pattern,0.01,deepseek-v2-lite-chunk-c1024-b4-l1023-m8,3,deepseek-v2-lite,2,prefill,c1024,2063.7080078125,1882.8855633568187,0.08762016902156154,sglang_custom:all_reduce_one_shot,False
leave_one_model_out,deepseek-v2-lite,tp_conditioned_pattern,0.01,deepseek-v2-lite-chunk-c1024-b4-l1024-m8,4,deepseek-v2-lite,2,prefill,c1024,2063.37939453125,1886.5835701759015,0.08568265478657269,sglang_custom:all_reduce_one_shot,False
leave_one_model_out,deepseek-v2-lite,tp_conditioned_pattern,0.01,deepseek-v2-lite-chunk-c1024-b4-l1025-m8,5,deepseek-v2-lite,2,prefill,c1024,2431.26953125,2136.159254717496,0.1213811437766744,sglang_custom:all_reduce_one_shot+sglang_custom:all_reduce_one_shot_push,False
leave_one_model_out,deepseek-v2-lite,tp_conditioned_pattern,0.01,deepseek-v2-lite-chunk-c4096-b1-l4095-m8,0,deepseek-v2-lite,2,prefill,c4096,2062.8203125,1885.6480301844676,0.08588837391309737,sglang_custom:all_reduce_one_shot,False
leave_one_model_out,deepseek-v2-lite,tp_conditioned_pattern,0.01,deepseek-v2-lite-chunk-c4096-b1-l4096-m8,1,deepseek-v2-lite,2,prefill,c4096,2059.4599609375,1886.5835701759015,0.08394258399804108,sglang_custom:all_reduce_one_shot,False
leave_one_model_out,deepseek-v2-lite,tp_conditioned_pattern,0.01,deepseek-v2-lite-chunk-c4096-b1-l4097-m8,2,deepseek-v2-lite,2,prefill,c4096,2306.1025390625,2378.67808672254,0.03147108440787022,sglang_custom:all_reduce_one_shot+sglang_custom:all_reduce_one_shot_push,False
leave_one_model_out,deepseek-v2-lite,tp_conditioned_pattern,0.01,deepseek-v2-lite-chunk-c4096-b4-l4095-m8,3,deepseek-v2-lite,2,prefill,c4096,8369.2412109375,6860.406251973867,0.1802833639197522,nccl:all_reduce,False
leave_one_model_out,deepseek-v2-lite,tp_conditioned_pattern,0.01,deepseek-v2-lite-chunk-c4096-b4-l4096-m8,4,deepseek-v2-lite,2,prefill,c4096,8366.49267578125,6862.823580725054,0.17972514329796935,nccl:all_reduce,False
leave_one_model_out,deepseek-v2-lite,tp_conditioned_pattern,0.01,deepseek-v2-lite-chunk-c4096-b4-l4097-m8,5,deepseek-v2-lite,2,prefill,c4096,8703.27783203125,7282.958598834093,0.16319359907940223,nccl:all_reduce+sglang_custom:all_reduce_one_shot_push,False
leave_one_model_out,deepseek-v2-lite,tp_conditioned_pattern,0.01,deepseek-v2-lite-mixed-balanced,0,deepseek-v2-lite,2,decode,balanced,21891.82373046875,14469.539666018949,0.3390436610413396,sglang_custom:all_reduce_one_shot_push,False
leave_one_model_out,deepseek-v2-lite,tp_conditioned_pattern,0.01,deepseek-v2-lite-mixed-bimodal,1,deepseek-v2-lite,2,decode,bimodal,22109.64501953125,14679.505126402264,0.3360587601730077,sglang_custom:all_reduce_one_shot_push,False
leave_one_model_out,deepseek-v2-lite,tp_conditioned_pattern,0.01,deepseek-v2-lite-mixed-long_tail,2,deepseek-v2-lite,2,decode,long_tail,35508.650390625,27372.592328805767,0.22912890161455746,sglang_custom:all_reduce_one_shot_push,False
leave_one_model_out,deepseek-v2-lite,tp_conditioned_pattern,0.01,deepseek-v2-lite-mixed-staircase,3,deepseek-v2-lite,2,decode,staircase,21084.54296875,14459.956989623312,0.31419158522644647,sglang_custom:all_reduce_one_shot_push,False
leave_one_model_out,deepseek-v2-lite,tp_conditioned_pattern,0.01,deepseek-v2-lite-mixed-uniform_b16,4,deepseek-v2-lite,2,decode,uniform_b16,18331.0322265625,30948.02555923922,0.6882860264897752,sglang_custom:all_reduce_one_shot_push,False
leave_one_model_out,deepseek-v2-lite,tp_conditioned_pattern,0.01,deepseek-v2-lite-mixed-uniform_b4,5,deepseek-v2-lite,2,decode,uniform_b4,16919.89208984375,15239.472779333273,0.09931619549270986,sglang_custom:all_reduce_one_shot_push,False
leave_one_model_out,deepseek-v2-lite,tp_conditioned_pattern,0.01,deepseek-v2-lite-chunk-c1024-b1-l1023-m8,0,deepseek-v2-lite,4,prefill,c1024,1199.533203125,1120.1814912349191,0.06615215959287778,sglang_custom:all_reduce_two_shot,False
leave_one_model_out,deepseek-v2-lite,tp_conditioned_pattern,0.01,deepseek-v2-lite-chunk-c1024-b1-l1024-m8,1,deepseek-v2-lite,4,prefill,c1024,1167.11474609375,1126.354899225895,0.034923598561559875,sglang_custom:all_reduce_two_shot,False
leave_one_model_out,deepseek-v2-lite,tp_conditioned_pattern,0.01,deepseek-v2-lite-chunk-c1024-b1-l1025-m8,2,deepseek-v2-lite,4,prefill,c1024,1477.267578125,1548.352383141167,0.04811911265688931,sglang_custom:all_reduce_one_shot_push+sglang_custom:all_reduce_two_shot,False
leave_one_model_out,deepseek-v2-lite,tp_conditioned_pattern,0.01,deepseek-v2-lite-chunk-c1024-b4-l1023-m8,3,deepseek-v2-lite,4,prefill,c1024,2776.5517578125,2391.4697129278097,0.1386907497046179,sglang_custom:all_reduce_two_shot,False
leave_one_model_out,deepseek-v2-lite,tp_conditioned_pattern,0.01,deepseek-v2-lite-chunk-c1024-b4-l1024-m8,4,deepseek-v2-lite,4,prefill,c1024,2789.97314453125,2394.690470592553,0.1416797415105977,sglang_custom:all_reduce_two_shot,False
leave_one_model_out,deepseek-v2-lite,tp_conditioned_pattern,0.01,deepseek-v2-lite-chunk-c1024-b4-l1025-m8,5,deepseek-v2-lite,4,prefill,c1024,3078.63525390625,2682.7990040587624,0.12857523454434577,sglang_custom:all_reduce_one_shot_push+sglang_custom:all_reduce_two_shot,False
leave_one_model_out,deepseek-v2-lite,tp_conditioned_pattern,0.01,deepseek-v2-lite-chunk-c4096-b1-l4095-m8,0,deepseek-v2-lite,4,prefill,c4096,2785.61181640625,2393.877151337045,0.14062787311642963,sglang_custom:all_reduce_two_shot,False
leave_one_model_out,deepseek-v2-lite,tp_conditioned_pattern,0.01,deepseek-v2-lite-chunk-c4096-b1-l4096-m8,1,deepseek-v2-lite,4,prefill,c4096,2783.5068359375,2394.690470592553,0.13968579502841116,sglang_custom:all_reduce_two_shot,False
leave_one_model_out,deepseek-v2-lite,tp_conditioned_pattern,0.01,deepseek-v2-lite-chunk-c4096-b1-l4097-m8,2,deepseek-v2-lite,4,prefill,c4096,3098.19580078125,3075.395126779344,0.007359339263243606,sglang_custom:all_reduce_one_shot_push+sglang_custom:all_reduce_two_shot,False
leave_one_model_out,deepseek-v2-lite,tp_conditioned_pattern,0.01,deepseek-v2-lite-chunk-c4096-b4-l4095-m8,3,deepseek-v2-lite,4,prefill,c4096,10153.94677734375,8006.938985215762,0.21144564170048177,nccl:all_reduce,False
leave_one_model_out,deepseek-v2-lite,tp_conditioned_pattern,0.01,deepseek-v2-lite-chunk-c4096-b4-l4096-m8,4,deepseek-v2-lite,4,prefill,c4096,10159.982421875,8006.180449670625,0.2119887498591652,nccl:all_reduce,False
leave_one_model_out,deepseek-v2-lite,tp_conditioned_pattern,0.01,deepseek-v2-lite-chunk-c4096-b4-l4097-m8,5,deepseek-v2-lite,4,prefill,c4096,10541.125,8379.557901508946,0.2050603800344891,nccl:all_reduce+sglang_custom:all_reduce_one_shot_push,False
leave_one_model_out,deepseek-v2-lite,tp_conditioned_pattern,0.01,deepseek-v2-lite-mixed-balanced,0,deepseek-v2-lite,4,decode,balanced,22460.607421875,18704.868305548694,0.16721449450509912,sglang_custom:all_reduce_one_shot_push,False
leave_one_model_out,deepseek-v2-lite,tp_conditioned_pattern,0.01,deepseek-v2-lite-mixed-bimodal,1,deepseek-v2-lite,4,decode,bimodal,23239.3955078125,18962.274994452957,0.1840461173751995,sglang_custom:all_reduce_one_shot_push,False
leave_one_model_out,deepseek-v2-lite,tp_conditioned_pattern,0.01,deepseek-v2-lite-mixed-long_tail,2,deepseek-v2-lite,4,decode,long_tail,42046.10302734375,36511.82574175111,0.1316240242762461,sglang_custom:all_reduce_one_shot_push,False
leave_one_model_out,deepseek-v2-lite,tp_conditioned_pattern,0.01,deepseek-v2-lite-mixed-staircase,3,deepseek-v2-lite,4,decode,staircase,21569.6650390625,18306.414560193876,0.1512888806088969,sglang_custom:all_reduce_one_shot_push,False
leave_one_model_out,deepseek-v2-lite,tp_conditioned_pattern,0.01,deepseek-v2-lite-mixed-uniform_b16,4,deepseek-v2-lite,4,decode,uniform_b16,24345.76513671875,42459.00360143845,0.7439995565142855,sglang_custom:all_reduce_one_shot_push,False
leave_one_model_out,deepseek-v2-lite,tp_conditioned_pattern,0.01,deepseek-v2-lite-mixed-uniform_b4,5,deepseek-v2-lite,4,decode,uniform_b4,22655.25,19548.76366869193,0.13711993164092523,sglang_custom:all_reduce_one_shot_push,False
leave_one_model_out,deepseek-v2-lite,tp_conditioned_pattern,0.01,deepseek-v2-lite-chunk-c1024-b1-l1023-m8,0,deepseek-v2-lite,8,prefill,c1024,1416.82421875,1446.2668871652215,0.02078074896347937,sglang_custom:all_reduce_two_shot,False
leave_one_model_out,deepseek-v2-lite,tp_conditioned_pattern,0.01,deepseek-v2-lite-chunk-c1024-b1-l1024-m8,1,deepseek-v2-lite,8,prefill,c1024,1391.728515625,1448.2508846292149,0.040613070990236685,sglang_custom:all_reduce_two_shot,False
leave_one_model_out,deepseek-v2-lite,tp_conditioned_pattern,0.01,deepseek-v2-lite-chunk-c1024-b1-l1025-m8,2,deepseek-v2-lite,8,prefill,c1024,1740.849609375,2027.4116521900105,0.16461045300627206,sglang_custom:all_reduce_one_shot_push+sglang_custom:all_reduce_two_shot,False
leave_one_model_out,deepseek-v2-lite,tp_conditioned_pattern,0.01,deepseek-v2-lite-chunk-c1024-b4-l1023-m8,3,deepseek-v2-lite,8,prefill,c1024,3297.10693359375,2901.4005220498907,0.12001625046250802,sglang_custom:all_reduce_two_shot,False
leave_one_model_out,deepseek-v2-lite,tp_conditioned_pattern,0.01,deepseek-v2-lite-chunk-c1024-b4-l1024-m8,4,deepseek-v2-lite,8,prefill,c1024,3298.1376953125,2907.2186852388286,0.11852719509839375,sglang_custom:all_reduce_two_shot,False
leave_one_model_out,deepseek-v2-lite,tp_conditioned_pattern,0.01,deepseek-v2-lite-chunk-c1024-b4-l1025-m8,5,deepseek-v2-lite,8,prefill,c1024,3687.0244140625,3194.863152363449,0.1334846766465453,sglang_custom:all_reduce_one_shot_push+sglang_custom:all_reduce_two_shot,False
leave_one_model_out,deepseek-v2-lite,tp_conditioned_pattern,0.01,deepseek-v2-lite-chunk-c4096-b1-l4095-m8,0,deepseek-v2-lite,8,prefill,c4096,3302.54541015625,2905.7468733311016,0.12014930532215606,sglang_custom:all_reduce_two_shot,False
leave_one_model_out,deepseek-v2-lite,tp_conditioned_pattern,0.01,deepseek-v2-lite-chunk-c4096-b1-l4096-m8,1,deepseek-v2-lite,8,prefill,c4096,3291.53369140625,2907.2186852388286,0.11675864268709021,sglang_custom:all_reduce_two_shot,False
leave_one_model_out,deepseek-v2-lite,tp_conditioned_pattern,0.01,deepseek-v2-lite-chunk-c4096-b1-l4097-m8,2,deepseek-v2-lite,8,prefill,c4096,3668.40087890625,3831.9471875947593,0.04458245270546095,sglang_custom:all_reduce_one_shot_push+sglang_custom:all_reduce_two_shot,False
leave_one_model_out,deepseek-v2-lite,tp_conditioned_pattern,0.01,deepseek-v2-lite-chunk-c4096-b4-l4095-m8,3,deepseek-v2-lite,8,prefill,c4096,14065.85107421875,11108.842713202901,0.21022605354010462,nccl:all_reduce,False
leave_one_model_out,deepseek-v2-lite,tp_conditioned_pattern,0.01,deepseek-v2-lite-chunk-c4096-b4-l4096-m8,4,deepseek-v2-lite,8,prefill,c4096,14075.228515625,11111.746314401793,0.21054593876990535,nccl:all_reduce,False
leave_one_model_out,deepseek-v2-lite,tp_conditioned_pattern,0.01,deepseek-v2-lite-chunk-c4096-b4-l4097-m8,5,deepseek-v2-lite,8,prefill,c4096,14437.13134765625,11497.424195304091,0.20362127915594508,nccl:all_reduce+sglang_custom:all_reduce_one_shot_push,False
leave_one_model_out,deepseek-v2-lite,tp_conditioned_pattern,0.01,deepseek-v2-lite-mixed-balanced,0,deepseek-v2-lite,8,decode,balanced,25759.8642578125,21514.02000643546,0.1648240149436871,sglang_custom:all_reduce_one_shot_push,False
leave_one_model_out,deepseek-v2-lite,tp_conditioned_pattern,0.01,deepseek-v2-lite-mixed-bimodal,1,deepseek-v2-lite,8,decode,bimodal,25718.13720703125,21676.079411409868,0.15716759589089901,sglang_custom:all_reduce_one_shot_push,False
leave_one_model_out,deepseek-v2-lite,tp_conditioned_pattern,0.01,deepseek-v2-lite-mixed-long_tail,2,deepseek-v2-lite,8,decode,long_tail,49217.84814453125,40873.58499849463,0.16953734185072808,sglang_custom:all_reduce_one_shot_push,False
leave_one_model_out,deepseek-v2-lite,tp_conditioned_pattern,0.01,deepseek-v2-lite-mixed-staircase,3,deepseek-v2-lite,8,decode,staircase,25272.1787109375,21056.711760065537,0.16680267257874207,sglang_custom:all_reduce_one_shot_push,False
leave_one_model_out,deepseek-v2-lite,tp_conditioned_pattern,0.01,deepseek-v2-lite-mixed-uniform_b16,4,deepseek-v2-lite,8,decode,uniform_b16,29164.29736328125,54535.93508701577,0.8699553912681673,sglang_custom:all_reduce_one_shot_push,False
leave_one_model_out,deepseek-v2-lite,tp_conditioned_pattern,0.01,deepseek-v2-lite-mixed-uniform_b4,5,deepseek-v2-lite,8,decode,uniform_b4,24850.6796875,22187.62461547057,0.10716226298506269,sglang_custom:all_reduce_one_shot_push,False
leave_one_model_out,deepseek-v2-lite,additive_plus_schedule,1.0,deepseek-v2-lite-chunk-c1024-b1-l1023-m8,0,deepseek-v2-lite,2,prefill,c1024,850.40283203125,2330.7300941047756,1.7407365148792537,sglang_custom:all_reduce_one_shot_push,False
leave_one_model_out,deepseek-v2-lite,additive_plus_schedule,1.0,deepseek-v2-lite-chunk-c1024-b1-l1024-m8,1,deepseek-v2-lite,2,prefill,c1024,845.8720703125,2389.111401633686,1.8244358520444466,sglang_custom:all_reduce_one_shot_push,False
leave_one_model_out,deepseek-v2-lite,additive_plus_schedule,1.0,deepseek-v2-lite-chunk-c1024-b1-l1025-m8,2,deepseek-v2-lite,2,prefill,c1024,1144.5927734375,2884.4422847861683,1.5200598428762246,sglang_custom:all_reduce_one_shot_push,False
leave_one_model_out,deepseek-v2-lite,additive_plus_schedule,1.0,deepseek-v2-lite-chunk-c1024-b4-l1023-m8,3,deepseek-v2-lite,2,prefill,c1024,2063.7080078125,3629.685862197389,0.7588175499909031,sglang_custom:all_reduce_one_shot,False
leave_one_model_out,deepseek-v2-lite,additive_plus_schedule,1.0,deepseek-v2-lite-chunk-c1024-b4-l1024-m8,4,deepseek-v2-lite,2,prefill,c1024,2063.37939453125,3657.1752243414608,0.7724201540610435,sglang_custom:all_reduce_one_shot,False
leave_one_model_out,deepseek-v2-lite,additive_plus_schedule,1.0,deepseek-v2-lite-chunk-c1024-b4-l1025-m8,5,deepseek-v2-lite,2,prefill,c1024,2431.26953125,3988.456883368833,0.6404832257813181,sglang_custom:all_reduce_one_shot+sglang_custom:all_reduce_one_shot_push,False
leave_one_model_out,deepseek-v2-lite,additive_plus_schedule,1.0,deepseek-v2-lite-chunk-c4096-b1-l4095-m8,0,deepseek-v2-lite,2,prefill,c4096,2062.8203125,3650.1877040029535,0.7695131669414146,sglang_custom:all_reduce_one_shot,False
leave_one_model_out,deepseek-v2-lite,additive_plus_schedule,1.0,deepseek-v2-lite-chunk-c4096-b1-l4096-m8,1,deepseek-v2-lite,2,prefill,c4096,2059.4599609375,3657.1752243414608,0.7757933116974289,sglang_custom:all_reduce_one_shot,False
leave_one_model_out,deepseek-v2-lite,additive_plus_schedule,1.0,deepseek-v2-lite-chunk-c4096-b1-l4097-m8,2,deepseek-v2-lite,2,prefill,c4096,2306.1025390625,4359.01415026712,0.8902082957851435,sglang_custom:all_reduce_one_shot+sglang_custom:all_reduce_one_shot_push,False
leave_one_model_out,deepseek-v2-lite,additive_plus_schedule,1.0,deepseek-v2-lite-chunk-c4096-b4-l4095-m8,3,deepseek-v2-lite,2,prefill,c4096,8369.2412109375,12270.054397014532,0.4660892293293185,nccl:all_reduce,False
leave_one_model_out,deepseek-v2-lite,additive_plus_schedule,1.0,deepseek-v2-lite-chunk-c4096-b4-l4096-m8,4,deepseek-v2-lite,2,prefill,c4096,8366.49267578125,12287.44176491659,0.4686490792593932,nccl:all_reduce,False
leave_one_model_out,deepseek-v2-lite,additive_plus_schedule,1.0,deepseek-v2-lite-chunk-c4096-b4-l4097-m8,5,deepseek-v2-lite,2,prefill,c4096,8703.27783203125,13229.324287915892,0.5200392936127045,nccl:all_reduce+sglang_custom:all_reduce_one_shot_push,False
leave_one_model_out,deepseek-v2-lite,additive_plus_schedule,1.0,deepseek-v2-lite-mixed-balanced,0,deepseek-v2-lite,2,decode,balanced,21891.82373046875,25102.746009221464,0.14667221508292136,sglang_custom:all_reduce_one_shot_push,False
leave_one_model_out,deepseek-v2-lite,additive_plus_schedule,1.0,deepseek-v2-lite-mixed-bimodal,1,deepseek-v2-lite,2,decode,bimodal,22109.64501953125,25412.769071436476,0.1493974258287416,sglang_custom:all_reduce_one_shot_push,False
leave_one_model_out,deepseek-v2-lite,additive_plus_schedule,1.0,deepseek-v2-lite-mixed-long_tail,2,deepseek-v2-lite,2,decode,long_tail,35508.650390625,45049.78494869363,0.2686988790930698,sglang_custom:all_reduce_one_shot_push,False
leave_one_model_out,deepseek-v2-lite,additive_plus_schedule,1.0,deepseek-v2-lite-mixed-staircase,3,deepseek-v2-lite,2,decode,staircase,21084.54296875,24229.783591769872,0.14917281478102337,sglang_custom:all_reduce_one_shot_push,False
leave_one_model_out,deepseek-v2-lite,additive_plus_schedule,1.0,deepseek-v2-lite-mixed-uniform_b16,4,deepseek-v2-lite,2,decode,uniform_b16,18331.0322265625,37006.41408331982,1.0187850649073564,sglang_custom:all_reduce_one_shot_push,False
leave_one_model_out,deepseek-v2-lite,additive_plus_schedule,1.0,deepseek-v2-lite-mixed-uniform_b4,5,deepseek-v2-lite,2,decode,uniform_b4,16919.89208984375,26419.076349409224,0.5614210899883579,sglang_custom:all_reduce_one_shot_push,False
leave_one_model_out,deepseek-v2-lite,additive_plus_schedule,1.0,deepseek-v2-lite-chunk-c1024-b1-l1023-m8,0,deepseek-v2-lite,4,prefill,c1024,1199.533203125,2950.819793167259,1.4599734175592989,sglang_custom:all_reduce_two_shot,False
leave_one_model_out,deepseek-v2-lite,additive_plus_schedule,1.0,deepseek-v2-lite-chunk-c1024-b1-l1024-m8,1,deepseek-v2-lite,4,prefill,c1024,1167.11474609375,3024.733421451817,1.5916332833385787,sglang_custom:all_reduce_two_shot,False
leave_one_model_out,deepseek-v2-lite,additive_plus_schedule,1.0,deepseek-v2-lite-chunk-c1024-b1-l1025-m8,2,deepseek-v2-lite,4,prefill,c1024,1477.267578125,3651.846864518579,1.4720280324256703,sglang_custom:all_reduce_one_shot_push+sglang_custom:all_reduce_two_shot,False
leave_one_model_out,deepseek-v2-lite,additive_plus_schedule,1.0,deepseek-v2-lite-chunk-c1024-b4-l1023-m8,3,deepseek-v2-lite,4,prefill,c1024,2776.5517578125,4595.36216237226,0.6550608680144705,sglang_custom:all_reduce_two_shot,False
leave_one_model_out,deepseek-v2-lite,additive_plus_schedule,1.0,deepseek-v2-lite-chunk-c1024-b4-l1024-m8,4,deepseek-v2-lite,4,prefill,c1024,2789.97314453125,4630.165057019496,0.6595733425231307,sglang_custom:all_reduce_two_shot,False
leave_one_model_out,deepseek-v2-lite,additive_plus_schedule,1.0,deepseek-v2-lite-chunk-c1024-b4-l1025-m8,5,deepseek-v2-lite,4,prefill,c1024,3078.63525390625,5049.584053257553,0.6402021145085354,sglang_custom:all_reduce_one_shot_push+sglang_custom:all_reduce_two_shot,False
leave_one_model_out,deepseek-v2-lite,additive_plus_schedule,1.0,deepseek-v2-lite-chunk-c4096-b1-l4095-m8,0,deepseek-v2-lite,4,prefill,c4096,2785.61181640625,4621.318510020262,0.658995874013156,sglang_custom:all_reduce_two_shot,False
leave_one_model_out,deepseek-v2-lite,additive_plus_schedule,1.0,deepseek-v2-lite-chunk-c4096-b1-l4096-m8,1,deepseek-v2-lite,4,prefill,c4096,2783.5068359375,4630.165057019496,0.6634286638854371,sglang_custom:all_reduce_two_shot,False
leave_one_model_out,deepseek-v2-lite,additive_plus_schedule,1.0,deepseek-v2-lite-chunk-c4096-b1-l4097-m8,2,deepseek-v2-lite,4,prefill,c4096,3098.19580078125,5518.727915273639,0.7812715109490564,sglang_custom:all_reduce_one_shot_push+sglang_custom:all_reduce_two_shot,False
leave_one_model_out,deepseek-v2-lite,additive_plus_schedule,1.0,deepseek-v2-lite-chunk-c4096-b4-l4095-m8,3,deepseek-v2-lite,4,prefill,c4096,10153.94677734375,15534.49688126857,0.5298974105251671,nccl:all_reduce,False
leave_one_model_out,deepseek-v2-lite,additive_plus_schedule,1.0,deepseek-v2-lite-chunk-c4096-b4-l4096-m8,4,deepseek-v2-lite,4,prefill,c4096,10159.982421875,15556.510150624059,0.5311552229785397,nccl:all_reduce,False
leave_one_model_out,deepseek-v2-lite,additive_plus_schedule,1.0,deepseek-v2-lite-chunk-c4096-b4-l4097-m8,5,deepseek-v2-lite,4,prefill,c4096,10541.125,16748.980097588115,0.5889177006807258,nccl:all_reduce+sglang_custom:all_reduce_one_shot_push,False
leave_one_model_out,deepseek-v2-lite,additive_plus_schedule,1.0,deepseek-v2-lite-mixed-balanced,0,deepseek-v2-lite,4,decode,balanced,22460.607421875,30422.499137438776,0.354482475296259,sglang_custom:all_reduce_one_shot_push,False
leave_one_model_out,deepseek-v2-lite,additive_plus_schedule,1.0,deepseek-v2-lite-mixed-bimodal,1,deepseek-v2-lite,4,decode,bimodal,23239.3955078125,30798.2220300401,0.32525917120720765,sglang_custom:all_reduce_one_shot_push,False
leave_one_model_out,deepseek-v2-lite,additive_plus_schedule,1.0,deepseek-v2-lite-mixed-long_tail,2,deepseek-v2-lite,4,decode,long_tail,42046.10302734375,54596.69803614206,0.29849603423737764,sglang_custom:all_reduce_one_shot_push,False
leave_one_model_out,deepseek-v2-lite,additive_plus_schedule,1.0,deepseek-v2-lite-mixed-staircase,3,deepseek-v2-lite,4,decode,staircase,21569.6650390625,29364.53924802338,0.36138132858551214,sglang_custom:all_reduce_one_shot_push,False
leave_one_model_out,deepseek-v2-lite,additive_plus_schedule,1.0,deepseek-v2-lite-mixed-uniform_b16,4,deepseek-v2-lite,4,decode,uniform_b16,24345.76513671875,44848.78268361262,0.8421595062531357,sglang_custom:all_reduce_one_shot_push,False
leave_one_model_out,deepseek-v2-lite,additive_plus_schedule,1.0,deepseek-v2-lite-mixed-uniform_b4,5,deepseek-v2-lite,4,decode,uniform_b4,22655.25,32017.785112297293,0.4132611695875037,sglang_custom:all_reduce_one_shot_push,False
leave_one_model_out,deepseek-v2-lite,additive_plus_schedule,1.0,deepseek-v2-lite-chunk-c1024-b1-l1023-m8,0,deepseek-v2-lite,8,prefill,c1024,1416.82421875,3414.8007274768693,1.4101795284736125,sglang_custom:all_reduce_two_shot,False
leave_one_model_out,deepseek-v2-lite,additive_plus_schedule,1.0,deepseek-v2-lite-chunk-c1024-b1-l1024-m8,1,deepseek-v2-lite,8,prefill,c1024,1391.728515625,3500.3363851341037,1.5150999967563115,sglang_custom:all_reduce_two_shot,False
leave_one_model_out,deepseek-v2-lite,additive_plus_schedule,1.0,deepseek-v2-lite-chunk-c1024-b1-l1025-m8,2,deepseek-v2-lite,8,prefill,c1024,1740.849609375,4226.055877240527,1.4275824025705273,sglang_custom:all_reduce_one_shot_push+sglang_custom:all_reduce_two_shot,False
leave_one_model_out,deepseek-v2-lite,additive_plus_schedule,1.0,deepseek-v2-lite-chunk-c1024-b4-l1023-m8,3,deepseek-v2-lite,8,prefill,c1024,3297.10693359375,5317.927611650318,0.6129072301133808,sglang_custom:all_reduce_two_shot,False
leave_one_model_out,deepseek-v2-lite,additive_plus_schedule,1.0,deepseek-v2-lite-chunk-c1024-b4-l1024-m8,4,deepseek-v2-lite,8,prefill,c1024,3298.1376953125,5358.202843040218,0.6246146577371827,sglang_custom:all_reduce_two_shot,False
leave_one_model_out,deepseek-v2-lite,additive_plus_schedule,1.0,deepseek-v2-lite-chunk-c1024-b4-l1025-m8,5,deepseek-v2-lite,8,prefill,c1024,3687.0244140625,5843.5704336967965,0.5849014754036126,sglang_custom:all_reduce_one_shot_push+sglang_custom:all_reduce_two_shot,False
leave_one_model_out,deepseek-v2-lite,additive_plus_schedule,1.0,deepseek-v2-lite-chunk-c4096-b1-l4095-m8,0,deepseek-v2-lite,8,prefill,c4096,3302.54541015625,5347.965282888757,0.619346479367784,sglang_custom:all_reduce_two_shot,False
leave_one_model_out,deepseek-v2-lite,additive_plus_schedule,1.0,deepseek-v2-lite-chunk-c4096-b1-l4096-m8,1,deepseek-v2-lite,8,prefill,c4096,3291.53369140625,5358.202843040218,0.6278742207712356,sglang_custom:all_reduce_two_shot,False
leave_one_model_out,deepseek-v2-lite,additive_plus_schedule,1.0,deepseek-v2-lite-chunk-c4096-b1-l4097-m8,2,deepseek-v2-lite,8,prefill,c4096,3668.40087890625,6386.481527425193,0.7409442801489435,sglang_custom:all_reduce_one_shot_push+sglang_custom:all_reduce_two_shot,False
leave_one_model_out,deepseek-v2-lite,additive_plus_schedule,1.0,deepseek-v2-lite-chunk-c4096-b4-l4095-m8,3,deepseek-v2-lite,8,prefill,c4096,14065.85107421875,17977.10974217267,0.2780676865776613,nccl:all_reduce,False
leave_one_model_out,deepseek-v2-lite,additive_plus_schedule,1.0,deepseek-v2-lite-chunk-c4096-b4-l4096-m8,4,deepseek-v2-lite,8,prefill,c4096,14075.228515625,18002.58433346531,0.27902607858057354,nccl:all_reduce,False
leave_one_model_out,deepseek-v2-lite,additive_plus_schedule,1.0,deepseek-v2-lite-chunk-c4096-b4-l4097-m8,5,deepseek-v2-lite,8,prefill,c4096,14437.13134765625,19382.55584233761,0.34254897150909475,nccl:all_reduce+sglang_custom:all_reduce_one_shot_push,False
leave_one_model_out,deepseek-v2-lite,additive_plus_schedule,1.0,deepseek-v2-lite-mixed-balanced,0,deepseek-v2-lite,8,decode,balanced,25759.8642578125,33135.49198456236,0.2863224609001177,sglang_custom:all_reduce_one_shot_push,False
leave_one_model_out,deepseek-v2-lite,additive_plus_schedule,1.0,deepseek-v2-lite-mixed-bimodal,1,deepseek-v2-lite,8,decode,bimodal,25718.13720703125,33544.72078723131,0.3043215578638525,sglang_custom:all_reduce_one_shot_push,False
leave_one_model_out,deepseek-v2-lite,additive_plus_schedule,1.0,deepseek-v2-lite-mixed-long_tail,2,deepseek-v2-lite,8,decode,long_tail,49217.84814453125,59465.477901315644,0.2082096260423982,sglang_custom:all_reduce_one_shot_push,False
leave_one_model_out,deepseek-v2-lite,additive_plus_schedule,1.0,deepseek-v2-lite-mixed-staircase,3,deepseek-v2-lite,8,decode,staircase,25272.1787109375,31983.18620990068,0.26554922611633536,sglang_custom:all_reduce_one_shot_push,False
leave_one_model_out,deepseek-v2-lite,additive_plus_schedule,1.0,deepseek-v2-lite-mixed-uniform_b16,4,deepseek-v2-lite,8,decode,uniform_b16,29164.29736328125,48848.270893741545,0.6749339195547712,sglang_custom:all_reduce_one_shot_push,False
leave_one_model_out,deepseek-v2-lite,additive_plus_schedule,1.0,deepseek-v2-lite-mixed-uniform_b4,5,deepseek-v2-lite,8,decode,uniform_b4,24850.6796875,34873.041072630454,0.4033033104592204,sglang_custom:all_reduce_one_shot_push,False
leave_one_model_out,deepseek-v2-lite,tp_conditioned_plus_schedule,1.0,deepseek-v2-lite-chunk-c1024-b1-l1023-m8,0,deepseek-v2-lite,2,prefill,c1024,850.40283203125,2328.2756558339465,1.7378503082741248,sglang_custom:all_reduce_one_shot_push,False
leave_one_model_out,deepseek-v2-lite,tp_conditioned_plus_schedule,1.0,deepseek-v2-lite-chunk-c1024-b1-l1024-m8,1,deepseek-v2-lite,2,prefill,c1024,845.8720703125,2392.882954898267,1.828894627073143,sglang_custom:all_reduce_one_shot_push,False
leave_one_model_out,deepseek-v2-lite,tp_conditioned_plus_schedule,1.0,deepseek-v2-lite-chunk-c1024-b1-l1025-m8,2,deepseek-v2-lite,2,prefill,c1024,1144.5927734375,2852.2066140041184,1.4918964021048504,sglang_custom:all_reduce_one_shot_push,False
leave_one_model_out,deepseek-v2-lite,tp_conditioned_plus_schedule,1.0,deepseek-v2-lite-chunk-c1024-b4-l1023-m8,3,deepseek-v2-lite,2,prefill,c1024,2063.7080078125,3460.631546585907,0.6768998004975157,sglang_custom:all_reduce_one_shot,False
leave_one_model_out,deepseek-v2-lite,tp_conditioned_plus_schedule,1.0,deepseek-v2-lite-chunk-c1024-b4-l1024-m8,4,deepseek-v2-lite,2,prefill,c1024,2063.37939453125,3485.5313448357806,0.6892343473399903,sglang_custom:all_reduce_one_shot,False
leave_one_model_out,deepseek-v2-lite,tp_conditioned_plus_schedule,1.0,deepseek-v2-lite-chunk-c1024-b4-l1025-m8,5,deepseek-v2-lite,2,prefill,c1024,2431.26953125,3742.7105351998653,0.5394058483000065,sglang_custom:all_reduce_one_shot+sglang_custom:all_reduce_one_shot_push,False
leave_one_model_out,deepseek-v2-lite,tp_conditioned_plus_schedule,1.0,deepseek-v2-lite-chunk-c4096-b1-l4095-m8,0,deepseek-v2-lite,2,prefill,c4096,2062.8203125,3479.2029704854726,0.6866243508475597,sglang_custom:all_reduce_one_shot,False
leave_one_model_out,deepseek-v2-lite,tp_conditioned_plus_schedule,1.0,deepseek-v2-lite-chunk-c4096-b1-l4096-m8,1,deepseek-v2-lite,2,prefill,c4096,2059.4599609375,3485.5313448357806,0.6924491910243836,sglang_custom:all_reduce_one_shot,False
leave_one_model_out,deepseek-v2-lite,tp_conditioned_plus_schedule,1.0,deepseek-v2-lite-chunk-c4096-b1-l4097-m8,2,deepseek-v2-lite,2,prefill,c4096,2306.1025390625,4091.6312511442766,0.7742624978018747,sglang_custom:all_reduce_one_shot+sglang_custom:all_reduce_one_shot_push,False
leave_one_model_out,deepseek-v2-lite,tp_conditioned_plus_schedule,1.0,deepseek-v2-lite-chunk-c4096-b4-l4095-m8,3,deepseek-v2-lite,2,prefill,c4096,8369.2412109375,11617.28364910034,0.38809282183408395,nccl:all_reduce,False
leave_one_model_out,deepseek-v2-lite,tp_conditioned_plus_schedule,1.0,deepseek-v2-lite-chunk-c4096-b4-l4096-m8,4,deepseek-v2-lite,2,prefill,c4096,8366.49267578125,11634.080183847629,0.39055642964048337,nccl:all_reduce,False
leave_one_model_out,deepseek-v2-lite,tp_conditioned_plus_schedule,1.0,deepseek-v2-lite-chunk-c4096-b4-l4097-m8,5,deepseek-v2-lite,2,prefill,c4096,8703.27783203125,12303.176873981973,0.4136256605185894,nccl:all_reduce+sglang_custom:all_reduce_one_shot_push,False
leave_one_model_out,deepseek-v2-lite,tp_conditioned_plus_schedule,1.0,deepseek-v2-lite-mixed-balanced,0,deepseek-v2-lite,2,decode,balanced,21891.82373046875,23450.643193357657,0.07120555519179349,sglang_custom:all_reduce_one_shot_push,False
leave_one_model_out,deepseek-v2-lite,tp_conditioned_plus_schedule,1.0,deepseek-v2-lite-mixed-bimodal,1,deepseek-v2-lite,2,decode,bimodal,22109.64501953125,23705.849408796945,0.07219493519030439,sglang_custom:all_reduce_one_shot_push,False
leave_one_model_out,deepseek-v2-lite,tp_conditioned_plus_schedule,1.0,deepseek-v2-lite-mixed-long_tail,2,deepseek-v2-lite,2,decode,long_tail,35508.650390625,41382.93511025979,0.1654324975748928,sglang_custom:all_reduce_one_shot_push,False
leave_one_model_out,deepseek-v2-lite,tp_conditioned_plus_schedule,1.0,deepseek-v2-lite-mixed-staircase,3,deepseek-v2-lite,2,decode,staircase,21084.54296875,22292.512643732443,0.05729171729132614,sglang_custom:all_reduce_one_shot_push,False
leave_one_model_out,deepseek-v2-lite,tp_conditioned_plus_schedule,1.0,deepseek-v2-lite-mixed-uniform_b16,4,deepseek-v2-lite,2,decode,uniform_b16,18331.0322265625,35170.97684330344,0.9186577388882168,sglang_custom:all_reduce_one_shot_push,False
leave_one_model_out,deepseek-v2-lite,tp_conditioned_plus_schedule,1.0,deepseek-v2-lite-mixed-uniform_b4,5,deepseek-v2-lite,2,decode,uniform_b4,16919.89208984375,24231.783098164968,0.43214761474218955,sglang_custom:all_reduce_one_shot_push,False
leave_one_model_out,deepseek-v2-lite,tp_conditioned_plus_schedule,1.0,deepseek-v2-lite-chunk-c1024-b1-l1023-m8,0,deepseek-v2-lite,4,prefill,c1024,1199.533203125,2804.0906711246644,1.3376515663088802,sglang_custom:all_reduce_two_shot,False
leave_one_model_out,deepseek-v2-lite,tp_conditioned_plus_schedule,1.0,deepseek-v2-lite-chunk-c1024-b1-l1024-m8,1,deepseek-v2-lite,4,prefill,c1024,1167.11474609375,2864.113619645245,1.4540120234374807,sglang_custom:all_reduce_two_shot,False
leave_one_model_out,deepseek-v2-lite,tp_conditioned_plus_schedule,1.0,deepseek-v2-lite-chunk-c1024-b1-l1025-m8,2,deepseek-v2-lite,4,prefill,c1024,1477.267578125,3509.7306703602208,1.3758259656756933,sglang_custom:all_reduce_one_shot_push+sglang_custom:all_reduce_two_shot,False
leave_one_model_out,deepseek-v2-lite,tp_conditioned_plus_schedule,1.0,deepseek-v2-lite-chunk-c1024-b4-l1023-m8,3,deepseek-v2-lite,4,prefill,c1024,2776.5517578125,4614.955926166713,0.6621177376511775,sglang_custom:all_reduce_two_shot,False
leave_one_model_out,deepseek-v2-lite,tp_conditioned_plus_schedule,1.0,deepseek-v2-lite-chunk-c1024-b4-l1024-m8,4,deepseek-v2-lite,4,prefill,c1024,2789.97314453125,4649.008005773992,0.6663271526060095,sglang_custom:all_reduce_two_shot,False
leave_one_model_out,deepseek-v2-lite,tp_conditioned_plus_schedule,1.0,deepseek-v2-lite-chunk-c1024-b4-l1025-m8,5,deepseek-v2-lite,4,prefill,c1024,3078.63525390625,5099.3545318114375,0.6563685241183567,sglang_custom:all_reduce_one_shot_push+sglang_custom:all_reduce_two_shot,False
leave_one_model_out,deepseek-v2-lite,tp_conditioned_plus_schedule,1.0,deepseek-v2-lite-chunk-c4096-b1-l4095-m8,0,deepseek-v2-lite,4,prefill,c4096,2785.61181640625,4640.353277922758,0.6658291189722664,sglang_custom:all_reduce_two_shot,False
leave_one_model_out,deepseek-v2-lite,tp_conditioned_plus_schedule,1.0,deepseek-v2-lite-chunk-c4096-b1-l4096-m8,1,deepseek-v2-lite,4,prefill,c4096,2783.5068359375,4649.008005773992,0.6701981636083109,sglang_custom:all_reduce_two_shot,False
leave_one_model_out,deepseek-v2-lite,tp_conditioned_plus_schedule,1.0,deepseek-v2-lite-chunk-c4096-b1-l4097-m8,2,deepseek-v2-lite,4,prefill,c4096,3098.19580078125,5616.528401562363,0.8128384268502601,sglang_custom:all_reduce_one_shot_push+sglang_custom:all_reduce_two_shot,False
leave_one_model_out,deepseek-v2-lite,tp_conditioned_plus_schedule,1.0,deepseek-v2-lite-chunk-c4096-b4-l4095-m8,3,deepseek-v2-lite,4,prefill,c4096,10153.94677734375,14751.820163216677,0.45281637639977074,nccl:all_reduce,False
leave_one_model_out,deepseek-v2-lite,tp_conditioned_plus_schedule,1.0,deepseek-v2-lite-chunk-c4096-b4-l4096-m8,4,deepseek-v2-lite,4,prefill,c4096,10159.982421875,14770.249355304572,0.4537672155321267,nccl:all_reduce,False
leave_one_model_out,deepseek-v2-lite,tp_conditioned_plus_schedule,1.0,deepseek-v2-lite-chunk-c4096-b4-l4097-m8,5,deepseek-v2-lite,4,prefill,c4096,10541.125,15972.27788346644,0.515234653176624,nccl:all_reduce+sglang_custom:all_reduce_one_shot_push,False
leave_one_model_out,deepseek-v2-lite,tp_conditioned_plus_schedule,1.0,deepseek-v2-lite-mixed-balanced,0,deepseek-v2-lite,4,decode,balanced,22460.607421875,30521.258181240435,0.3588794642977886,sglang_custom:all_reduce_one_shot_push,False
leave_one_model_out,deepseek-v2-lite,tp_conditioned_plus_schedule,1.0,deepseek-v2-lite-mixed-bimodal,1,deepseek-v2-lite,4,decode,bimodal,23239.3955078125,30868.885488657652,0.3282998466238207,sglang_custom:all_reduce_one_shot_push,False
leave_one_model_out,deepseek-v2-lite,tp_conditioned_plus_schedule,1.0,deepseek-v2-lite-mixed-long_tail,2,deepseek-v2-lite,4,decode,long_tail,42046.10302734375,55225.276497966275,0.313445777889374,sglang_custom:all_reduce_one_shot_push,False
leave_one_model_out,deepseek-v2-lite,tp_conditioned_plus_schedule,1.0,deepseek-v2-lite-mixed-staircase,3,deepseek-v2-lite,4,decode,staircase,21569.6650390625,29620.79856806018,0.37326187098488267,sglang_custom:all_reduce_one_shot_push,False
leave_one_model_out,deepseek-v2-lite,tp_conditioned_plus_schedule,1.0,deepseek-v2-lite-mixed-uniform_b16,4,deepseek-v2-lite,4,decode,uniform_b16,24345.76513671875,44975.97803936736,0.8473840434587009,sglang_custom:all_reduce_one_shot_push,False
leave_one_model_out,deepseek-v2-lite,tp_conditioned_plus_schedule,1.0,deepseek-v2-lite-mixed-uniform_b4,5,deepseek-v2-lite,4,decode,uniform_b4,22655.25,31538.261469333695,0.3920950538764169,sglang_custom:all_reduce_one_shot_push,False
leave_one_model_out,deepseek-v2-lite,tp_conditioned_plus_schedule,1.0,deepseek-v2-lite-chunk-c1024-b1-l1023-m8,0,deepseek-v2-lite,8,prefill,c1024,1416.82421875,3485.2728483715664,1.459919023297375,sglang_custom:all_reduce_two_shot,False
leave_one_model_out,deepseek-v2-lite,tp_conditioned_plus_schedule,1.0,deepseek-v2-lite-chunk-c1024-b1-l1024-m8,1,deepseek-v2-lite,8,prefill,c1024,1391.728515625,3557.6647490074133,1.5562921999983097,sglang_custom:all_reduce_two_shot,False
leave_one_model_out,deepseek-v2-lite,tp_conditioned_plus_schedule,1.0,deepseek-v2-lite-chunk-c1024-b1-l1025-m8,2,deepseek-v2-lite,8,prefill,c1024,1740.849609375,4362.886880944974,1.5061825314774537,sglang_custom:all_reduce_one_shot_push+sglang_custom:all_reduce_two_shot,False
leave_one_model_out,deepseek-v2-lite,tp_conditioned_plus_schedule,1.0,deepseek-v2-lite-chunk-c1024-b4-l1023-m8,3,deepseek-v2-lite,8,prefill,c1024,3297.10693359375,5485.458224899862,0.6637186282947982,sglang_custom:all_reduce_two_shot,False
leave_one_model_out,deepseek-v2-lite,tp_conditioned_plus_schedule,1.0,deepseek-v2-lite-chunk-c1024-b4-l1024-m8,4,deepseek-v2-lite,8,prefill,c1024,3298.1376953125,5528.500608714427,0.6762491804304728,sglang_custom:all_reduce_two_shot,False
leave_one_model_out,deepseek-v2-lite,tp_conditioned_plus_schedule,1.0,deepseek-v2-lite-chunk-c1024-b4-l1025-m8,5,deepseek-v2-lite,8,prefill,c1024,3687.0244140625,6043.785683100377,0.6392041398069047,sglang_custom:all_reduce_one_shot_push+sglang_custom:all_reduce_two_shot,False
leave_one_model_out,deepseek-v2-lite,tp_conditioned_plus_schedule,1.0,deepseek-v2-lite-chunk-c4096-b1-l4095-m8,0,deepseek-v2-lite,8,prefill,c4096,3302.54541015625,5517.558790019332,0.6706988412790017,sglang_custom:all_reduce_two_shot,False
leave_one_model_out,deepseek-v2-lite,tp_conditioned_plus_schedule,1.0,deepseek-v2-lite-chunk-c4096-b1-l4096-m8,1,deepseek-v2-lite,8,prefill,c4096,3291.53369140625,5528.500608714427,0.6796123409426418,sglang_custom:all_reduce_two_shot,False
leave_one_model_out,deepseek-v2-lite,tp_conditioned_plus_schedule,1.0,deepseek-v2-lite-chunk-c4096-b1-l4097-m8,2,deepseek-v2-lite,8,prefill,c4096,3668.40087890625,6698.896026074704,0.8261079547205893,sglang_custom:all_reduce_one_shot_push+sglang_custom:all_reduce_two_shot,False
leave_one_model_out,deepseek-v2-lite,tp_conditioned_plus_schedule,1.0,deepseek-v2-lite-chunk-c4096-b4-l4095-m8,3,deepseek-v2-lite,8,prefill,c4096,14065.85107421875,19938.17545044181,0.41748802438171856,nccl:all_reduce,False
leave_one_model_out,deepseek-v2-lite,tp_conditioned_plus_schedule,1.0,deepseek-v2-lite-chunk-c4096-b4-l4096-m8,4,deepseek-v2-lite,8,prefill,c4096,14075.228515625,19968.492101442374,0.41869754222996985,nccl:all_reduce,False
leave_one_model_out,deepseek-v2-lite,tp_conditioned_plus_schedule,1.0,deepseek-v2-lite-chunk-c4096-b4-l4097-m8,5,deepseek-v2-lite,8,prefill,c4096,14437.13134765625,21569.193556705784,0.49400826502886713,nccl:all_reduce+sglang_custom:all_reduce_one_shot_push,False
leave_one_model_out,deepseek-v2-lite,tp_conditioned_plus_schedule,1.0,deepseek-v2-lite-mixed-balanced,0,deepseek-v2-lite,8,decode,balanced,25759.8642578125,34509.46017422244,0.3396600164054182,sglang_custom:all_reduce_one_shot_push,False
leave_one_model_out,deepseek-v2-lite,tp_conditioned_plus_schedule,1.0,deepseek-v2-lite-mixed-bimodal,1,deepseek-v2-lite,8,decode,bimodal,25718.13720703125,34896.80085661037,0.35689457504992633,sglang_custom:all_reduce_one_shot_push,False
leave_one_model_out,deepseek-v2-lite,tp_conditioned_plus_schedule,1.0,deepseek-v2-lite-mixed-long_tail,2,deepseek-v2-lite,8,decode,long_tail,49217.84814453125,62082.405907279004,0.2613799312186544,sglang_custom:all_reduce_one_shot_push,False
leave_one_model_out,deepseek-v2-lite,tp_conditioned_plus_schedule,1.0,deepseek-v2-lite-mixed-staircase,3,deepseek-v2-lite,8,decode,staircase,25272.1787109375,33610.783882708936,0.32995197078764665,sglang_custom:all_reduce_one_shot_push,False
leave_one_model_out,deepseek-v2-lite,tp_conditioned_plus_schedule,1.0,deepseek-v2-lite-mixed-uniform_b16,4,deepseek-v2-lite,8,decode,uniform_b16,29164.29736328125,54433.32268266509,0.866436965877269,sglang_custom:all_reduce_one_shot_push,False
leave_one_model_out,deepseek-v2-lite,tp_conditioned_plus_schedule,1.0,deepseek-v2-lite-mixed-uniform_b4,5,deepseek-v2-lite,8,decode,uniform_b4,24850.6796875,36131.729299236235,0.45395336278913334,sglang_custom:all_reduce_one_shot_push,False
leave_one_model_out,deepseek-v2-lite,tp_conditioned_plus_schedule_tp,1.0,deepseek-v2-lite-chunk-c1024-b1-l1023-m8,0,deepseek-v2-lite,2,prefill,c1024,850.40283203125,2328.057467008874,1.73759373713295,sglang_custom:all_reduce_one_shot_push,False
leave_one_model_out,deepseek-v2-lite,tp_conditioned_plus_schedule_tp,1.0,deepseek-v2-lite-chunk-c1024-b1-l1024-m8,1,deepseek-v2-lite,2,prefill,c1024,845.8720703125,2394.5669439422722,1.8308854589058845,sglang_custom:all_reduce_one_shot_push,False
leave_one_model_out,deepseek-v2-lite,tp_conditioned_plus_schedule_tp,1.0,deepseek-v2-lite-chunk-c1024-b1-l1025-m8,2,deepseek-v2-lite,2,prefill,c1024,1144.5927734375,2846.6193401931673,1.4870149508668078,sglang_custom:all_reduce_one_shot_push,False
leave_one_model_out,deepseek-v2-lite,tp_conditioned_plus_schedule_tp,1.0,deepseek-v2-lite-chunk-c1024-b4-l1023-m8,3,deepseek-v2-lite,2,prefill,c1024,2063.7080078125,3466.5288411102206,0.6797574211017817,sglang_custom:all_reduce_one_shot,False
leave_one_model_out,deepseek-v2-lite,tp_conditioned_plus_schedule_tp,1.0,deepseek-v2-lite-chunk-c1024-b4-l1024-m8,4,deepseek-v2-lite,2,prefill,c1024,2063.37939453125,3491.5054562523414,0.6921296517287008,sglang_custom:all_reduce_one_shot,False
leave_one_model_out,deepseek-v2-lite,tp_conditioned_plus_schedule_tp,1.0,deepseek-v2-lite-chunk-c1024-b4-l1025-m8,5,deepseek-v2-lite,2,prefill,c1024,2431.26953125,3742.610787767924,0.5393648214082287,sglang_custom:all_reduce_one_shot+sglang_custom:all_reduce_one_shot_push,False
leave_one_model_out,deepseek-v2-lite,tp_conditioned_plus_schedule_tp,1.0,deepseek-v2-lite-chunk-c4096-b1-l4095-m8,0,deepseek-v2-lite,2,prefill,c4096,2062.8203125,3485.1575403921574,0.689510966744544,sglang_custom:all_reduce_one_shot,False
leave_one_model_out,deepseek-v2-lite,tp_conditioned_plus_schedule_tp,1.0,deepseek-v2-lite-chunk-c4096-b1-l4096-m8,1,deepseek-v2-lite,2,prefill,c4096,2059.4599609375,3491.5054562523414,0.6953500055727962,sglang_custom:all_reduce_one_shot,False
leave_one_model_out,deepseek-v2-lite,tp_conditioned_plus_schedule_tp,1.0,deepseek-v2-lite-chunk-c4096-b1-l4097-m8,2,deepseek-v2-lite,2,prefill,c4096,2306.1025390625,4087.3050344484573,0.7723865115339015,sglang_custom:all_reduce_one_shot+sglang_custom:all_reduce_one_shot_push,False
leave_one_model_out,deepseek-v2-lite,tp_conditioned_plus_schedule_tp,1.0,deepseek-v2-lite-chunk-c4096-b4-l4095-m8,3,deepseek-v2-lite,2,prefill,c4096,8369.2412109375,11636.821124467948,0.3904272599121829,nccl:all_reduce,False
leave_one_model_out,deepseek-v2-lite,tp_conditioned_plus_schedule_tp,1.0,deepseek-v2-lite-chunk-c4096-b4-l4096-m8,4,deepseek-v2-lite,2,prefill,c4096,8366.49267578125,11653.67061921299,0.39289796463304594,nccl:all_reduce,False
leave_one_model_out,deepseek-v2-lite,tp_conditioned_plus_schedule_tp,1.0,deepseek-v2-lite-chunk-c4096-b4-l4097-m8,5,deepseek-v2-lite,2,prefill,c4096,8703.27783203125,12301.174843339684,0.41339562872126817,nccl:all_reduce+sglang_custom:all_reduce_one_shot_push,False
leave_one_model_out,deepseek-v2-lite,tp_conditioned_plus_schedule_tp,1.0,deepseek-v2-lite-mixed-balanced,0,deepseek-v2-lite,2,decode,balanced,21891.82373046875,23462.828045427468,0.07176214893290116,sglang_custom:all_reduce_one_shot_push,False
leave_one_model_out,deepseek-v2-lite,tp_conditioned_plus_schedule_tp,1.0,deepseek-v2-lite-mixed-bimodal,1,deepseek-v2-lite,2,decode,bimodal,22109.64501953125,23694.1912079854,0.07166764491489538,sglang_custom:all_reduce_one_shot_push,False
leave_one_model_out,deepseek-v2-lite,tp_conditioned_plus_schedule_tp,1.0,deepseek-v2-lite-mixed-long_tail,2,deepseek-v2-lite,2,decode,long_tail,35508.650390625,40465.8974049411,0.13960674257630784,sglang_custom:all_reduce_one_shot_push,False
leave_one_model_out,deepseek-v2-lite,tp_conditioned_plus_schedule_tp,1.0,deepseek-v2-lite-mixed-staircase,3,deepseek-v2-lite,2,decode,staircase,21084.54296875,22899.83293189382,0.08609577005459934,sglang_custom:all_reduce_one_shot_push,False
leave_one_model_out,deepseek-v2-lite,tp_conditioned_plus_schedule_tp,1.0,deepseek-v2-lite-mixed-uniform_b16,4,deepseek-v2-lite,2,decode,uniform_b16,18331.0322265625,34773.470610232594,0.8969728589448581,sglang_custom:all_reduce_one_shot_push,False
leave_one_model_out,deepseek-v2-lite,tp_conditioned_plus_schedule_tp,1.0,deepseek-v2-lite-mixed-uniform_b4,5,deepseek-v2-lite,2,decode,uniform_b4,16919.89208984375,24025.031289303526,0.4199281627643873,sglang_custom:all_reduce_one_shot_push,False
leave_one_model_out,deepseek-v2-lite,tp_conditioned_plus_schedule_tp,1.0,deepseek-v2-lite-chunk-c1024-b1-l1023-m8,0,deepseek-v2-lite,4,prefill,c1024,1199.533203125,2808.2496937662827,1.3411187672423628,sglang_custom:all_reduce_two_shot,False
leave_one_model_out,deepseek-v2-lite,tp_conditioned_plus_schedule_tp,1.0,deepseek-v2-lite-chunk-c1024-b1-l1024-m8,1,deepseek-v2-lite,4,prefill,c1024,1167.11474609375,2863.975335222467,1.4538935394381647,sglang_custom:all_reduce_two_shot,False
leave_one_model_out,deepseek-v2-lite,tp_conditioned_plus_schedule_tp,1.0,deepseek-v2-lite-chunk-c1024-b1-l1025-m8,2,deepseek-v2-lite,4,prefill,c1024,1477.267578125,3541.174563426433,1.397111136711615,sglang_custom:all_reduce_one_shot_push+sglang_custom:all_reduce_two_shot,False
leave_one_model_out,deepseek-v2-lite,tp_conditioned_plus_schedule_tp,1.0,deepseek-v2-lite-chunk-c1024-b4-l1023-m8,3,deepseek-v2-lite,4,prefill,c1024,2776.5517578125,4628.998317793002,0.6671752308481897,sglang_custom:all_reduce_two_shot,False
leave_one_model_out,deepseek-v2-lite,tp_conditioned_plus_schedule_tp,1.0,deepseek-v2-lite-chunk-c1024-b4-l1024-m8,4,deepseek-v2-lite,4,prefill,c1024,2789.97314453125,4663.142187385785,0.6713932162846145,sglang_custom:all_reduce_two_shot,False
leave_one_model_out,deepseek-v2-lite,tp_conditioned_plus_schedule_tp,1.0,deepseek-v2-lite-chunk-c1024-b4-l1025-m8,5,deepseek-v2-lite,4,prefill,c1024,3078.63525390625,5113.236134699713,0.6608775359834882,sglang_custom:all_reduce_one_shot_push+sglang_custom:all_reduce_two_shot,False
leave_one_model_out,deepseek-v2-lite,tp_conditioned_plus_schedule_tp,1.0,deepseek-v2-lite-chunk-c4096-b1-l4095-m8,0,deepseek-v2-lite,4,prefill,c4096,2785.61181640625,4654.46416199716,0.6708947508709012,sglang_custom:all_reduce_two_shot,False
leave_one_model_out,deepseek-v2-lite,tp_conditioned_plus_schedule_tp,1.0,deepseek-v2-lite-chunk-c4096-b1-l4096-m8,1,deepseek-v2-lite,4,prefill,c4096,2783.5068359375,4663.142187385785,0.675275996157277,sglang_custom:all_reduce_two_shot,False
leave_one_model_out,deepseek-v2-lite,tp_conditioned_plus_schedule_tp,1.0,deepseek-v2-lite-chunk-c4096-b1-l4097-m8,2,deepseek-v2-lite,4,prefill,c4096,3098.19580078125,5690.756576595122,0.8367969432920038,sglang_custom:all_reduce_one_shot_push+sglang_custom:all_reduce_two_shot,False
leave_one_model_out,deepseek-v2-lite,tp_conditioned_plus_schedule_tp,1.0,deepseek-v2-lite-chunk-c4096-b4-l4095-m8,3,deepseek-v2-lite,4,prefill,c4096,10153.94677734375,14780.107312187421,0.45560220437297433,nccl:all_reduce,False
leave_one_model_out,deepseek-v2-lite,tp_conditioned_plus_schedule_tp,1.0,deepseek-v2-lite-chunk-c4096-b4-l4096-m8,4,deepseek-v2-lite,4,prefill,c4096,10159.982421875,14798.504023105788,0.4565481915838552,nccl:all_reduce,False
leave_one_model_out,deepseek-v2-lite,tp_conditioned_plus_schedule_tp,1.0,deepseek-v2-lite-chunk-c4096-b4-l4097-m8,5,deepseek-v2-lite,4,prefill,c4096,10541.125,16015.78737914571,0.5193622482558274,nccl:all_reduce+sglang_custom:all_reduce_one_shot_push,False
leave_one_model_out,deepseek-v2-lite,tp_conditioned_plus_schedule_tp,1.0,deepseek-v2-lite-mixed-balanced,0,deepseek-v2-lite,4,decode,balanced,22460.607421875,30636.34591559252,0.3640034456839731,sglang_custom:all_reduce_one_shot_push,False
leave_one_model_out,deepseek-v2-lite,tp_conditioned_plus_schedule_tp,1.0,deepseek-v2-lite-mixed-bimodal,1,deepseek-v2-lite,4,decode,bimodal,23239.3955078125,31079.655922022543,0.33736937828586566,sglang_custom:all_reduce_one_shot_push,False
leave_one_model_out,deepseek-v2-lite,tp_conditioned_plus_schedule_tp,1.0,deepseek-v2-lite-mixed-long_tail,2,deepseek-v2-lite,4,decode,long_tail,42046.10302734375,56410.642291626384,0.3416378268145558,sglang_custom:all_reduce_one_shot_push,False
leave_one_model_out,deepseek-v2-lite,tp_conditioned_plus_schedule_tp,1.0,deepseek-v2-lite-mixed-staircase,3,deepseek-v2-lite,4,decode,staircase,21569.6650390625,29128.99282971645,0.3504610654344454,sglang_custom:all_reduce_one_shot_push,False
leave_one_model_out,deepseek-v2-lite,tp_conditioned_plus_schedule_tp,1.0,deepseek-v2-lite-mixed-uniform_b16,4,deepseek-v2-lite,4,decode,uniform_b16,24345.76513671875,47330.14556326486,0.944081251810017,sglang_custom:all_reduce_one_shot_push,False
leave_one_model_out,deepseek-v2-lite,tp_conditioned_plus_schedule_tp,1.0,deepseek-v2-lite-mixed-uniform_b4,5,deepseek-v2-lite,4,decode,uniform_b4,22655.25,31668.20783911491,0.39783087095110015,sglang_custom:all_reduce_one_shot_push,False
leave_one_model_out,deepseek-v2-lite,tp_conditioned_plus_schedule_tp,1.0,deepseek-v2-lite-chunk-c1024-b1-l1023-m8,0,deepseek-v2-lite,8,prefill,c1024,1416.82421875,3498.7103872959274,1.4694032901150444,sglang_custom:all_reduce_two_shot,False
leave_one_model_out,deepseek-v2-lite,tp_conditioned_plus_schedule_tp,1.0,deepseek-v2-lite-chunk-c1024-b1-l1024-m8,1,deepseek-v2-lite,8,prefill,c1024,1391.728515625,3566.7467735022037,1.5628179156050723,sglang_custom:all_reduce_two_shot,False
leave_one_model_out,deepseek-v2-lite,tp_conditioned_plus_schedule_tp,1.0,deepseek-v2-lite-chunk-c1024-b1-l1025-m8,2,deepseek-v2-lite,8,prefill,c1024,1740.849609375,4381.197856506031,1.5167009447065154,sglang_custom:all_reduce_one_shot_push+sglang_custom:all_reduce_two_shot,False
leave_one_model_out,deepseek-v2-lite,tp_conditioned_plus_schedule_tp,1.0,deepseek-v2-lite-chunk-c1024-b4-l1023-m8,3,deepseek-v2-lite,8,prefill,c1024,3297.10693359375,5503.167320580791,0.6690897296990304,sglang_custom:all_reduce_two_shot,False
leave_one_model_out,deepseek-v2-lite,tp_conditioned_plus_schedule_tp,1.0,deepseek-v2-lite-chunk-c1024-b4-l1024-m8,4,deepseek-v2-lite,8,prefill,c1024,3298.1376953125,5546.472223202934,0.6816981992855831,sglang_custom:all_reduce_two_shot,False
leave_one_model_out,deepseek-v2-lite,tp_conditioned_plus_schedule_tp,1.0,deepseek-v2-lite-chunk-c1024-b4-l1025-m8,5,deepseek-v2-lite,8,prefill,c1024,3687.0244140625,6071.926564607709,0.6468365496710763,sglang_custom:all_reduce_one_shot_push+sglang_custom:all_reduce_two_shot,False
leave_one_model_out,deepseek-v2-lite,tp_conditioned_plus_schedule_tp,1.0,deepseek-v2-lite-chunk-c4096-b1-l4095-m8,0,deepseek-v2-lite,8,prefill,c4096,3302.54541015625,5535.463574623119,0.6761203517747315,sglang_custom:all_reduce_two_shot,False
leave_one_model_out,deepseek-v2-lite,tp_conditioned_plus_schedule_tp,1.0,deepseek-v2-lite-chunk-c4096-b1-l4096-m8,1,deepseek-v2-lite,8,prefill,c4096,3291.53369140625,5546.472223202934,0.6850722924951442,sglang_custom:all_reduce_two_shot,False
leave_one_model_out,deepseek-v2-lite,tp_conditioned_plus_schedule_tp,1.0,deepseek-v2-lite-chunk-c4096-b1-l4097-m8,2,deepseek-v2-lite,8,prefill,c4096,3668.40087890625,6717.825386544043,0.8312680670131647,sglang_custom:all_reduce_one_shot_push+sglang_custom:all_reduce_two_shot,False
leave_one_model_out,deepseek-v2-lite,tp_conditioned_plus_schedule_tp,1.0,deepseek-v2-lite-chunk-c4096-b4-l4095-m8,3,deepseek-v2-lite,8,prefill,c4096,14065.85107421875,20003.165261002985,0.42210842098753043,nccl:all_reduce,False
leave_one_model_out,deepseek-v2-lite,tp_conditioned_plus_schedule_tp,1.0,deepseek-v2-lite-chunk-c4096-b4-l4096-m8,4,deepseek-v2-lite,8,prefill,c4096,14075.228515625,20033.684604025522,0.4233292611758312,nccl:all_reduce,False
leave_one_model_out,deepseek-v2-lite,tp_conditioned_plus_schedule_tp,1.0,deepseek-v2-lite-chunk-c4096-b4-l4097-m8,5,deepseek-v2-lite,8,prefill,c4096,14437.13134765625,21625.28201117587,0.49789327882554435,nccl:all_reduce+sglang_custom:all_reduce_one_shot_push,False
leave_one_model_out,deepseek-v2-lite,tp_conditioned_plus_schedule_tp,1.0,deepseek-v2-lite-mixed-balanced,0,deepseek-v2-lite,8,decode,balanced,25759.8642578125,34494.22241522256,0.3390684853768625,sglang_custom:all_reduce_one_shot_push,False
leave_one_model_out,deepseek-v2-lite,tp_conditioned_plus_schedule_tp,1.0,deepseek-v2-lite-mixed-bimodal,1,deepseek-v2-lite,8,decode,bimodal,25718.13720703125,34689.50908313302,0.3488344355534829,sglang_custom:all_reduce_one_shot_push,False
leave_one_model_out,deepseek-v2-lite,tp_conditioned_plus_schedule_tp,1.0,deepseek-v2-lite-mixed-long_tail,2,deepseek-v2-lite,8,decode,long_tail,49217.84814453125,62625.24814200793,0.2724093088772394,sglang_custom:all_reduce_one_shot_push,False
leave_one_model_out,deepseek-v2-lite,tp_conditioned_plus_schedule_tp,1.0,deepseek-v2-lite-mixed-staircase,3,deepseek-v2-lite,8,decode,staircase,25272.1787109375,33356.329590166344,0.31988341692638156,sglang_custom:all_reduce_one_shot_push,False
leave_one_model_out,deepseek-v2-lite,tp_conditioned_plus_schedule_tp,1.0,deepseek-v2-lite-mixed-uniform_b16,4,deepseek-v2-lite,8,decode,uniform_b16,29164.29736328125,56599.27624921614,0.9407042639908197,sglang_custom:all_reduce_one_shot_push,False
leave_one_model_out,deepseek-v2-lite,tp_conditioned_plus_schedule_tp,1.0,deepseek-v2-lite-mixed-uniform_b4,5,deepseek-v2-lite,8,decode,uniform_b4,24850.6796875,36613.689802504785,0.4733476211888736,sglang_custom:all_reduce_one_shot_push,False
