timestamp, index, pstate, temperature.gpu, power.draw [W], clocks.current.sm [MHz], clocks.current.memory [MHz], utilization.gpu [%], memory.used [MiB]
2026/08/03 11:03:11.236, 0, P0, 37, 244.39 W, 1965 MHz, 3996 MHz, 0 %, 0 MiB
2026/08/03 11:03:11.238, 1, P0, 34, 241.50 W, 1965 MHz, 3996 MHz, 0 %, 0 MiB
2026/08/03 11:03:11.240, 2, P0, 36, 236.23 W, 1965 MHz, 3996 MHz, 0 %, 0 MiB
2026/08/03 11:03:11.241, 3, P0, 32, 238.58 W, 1965 MHz, 3996 MHz, 0 %, 0 MiB
2026/08/03 11:03:11.243, 4, P0, 33, 235.66 W, 1965 MHz, 3996 MHz, 0 %, 0 MiB
2026/08/03 11:03:11.244, 5, P0, 36, 244.25 W, 1965 MHz, 3996 MHz, 0 %, 0 MiB
2026/08/03 11:03:11.247, 6, P0, 33, 242.33 W, 1965 MHz, 3996 MHz, 0 %, 0 MiB
2026/08/03 11:03:11.249, 7, P0, 37, 243.30 W, 1965 MHz, 3996 MHz, 0 %, 0 MiB
2026/08/03 11:03:12.251, 0, P0, 37, 244.39 W, 1965 MHz, 3996 MHz, 0 %, 0 MiB
2026/08/03 11:03:12.251, 1, P0, 34, 241.45 W, 1965 MHz, 3996 MHz, 0 %, 0 MiB
2026/08/03 11:03:12.251, 2, P0, 36, 236.27 W, 1965 MHz, 3996 MHz, 0 %, 0 MiB
2026/08/03 11:03:12.251, 3, P0, 32, 238.54 W, 1965 MHz, 3996 MHz, 0 %, 0 MiB
2026/08/03 11:03:12.251, 4, P0, 33, 235.63 W, 1965 MHz, 3996 MHz, 0 %, 0 MiB
2026/08/03 11:03:12.251, 5, P0, 36, 244.23 W, 1965 MHz, 3996 MHz, 0 %, 0 MiB
2026/08/03 11:03:12.251, 6, P0, 33, 242.36 W, 1965 MHz, 3996 MHz, 0 %, 0 MiB
2026/08/03 11:03:12.251, 7, P0, 37, 243.31 W, 1965 MHz, 3996 MHz, 0 %, 0 MiB
2026/08/03 11:03:13.252, 0, P0, 37, 244.36 W, 1965 MHz, 3996 MHz, 0 %, 0 MiB
2026/08/03 11:03:13.252, 1, P0, 34, 241.39 W, 1965 MHz, 3996 MHz, 0 %, 0 MiB
2026/08/03 11:03:13.252, 2, P0, 36, 236.24 W, 1965 MHz, 3996 MHz, 0 %, 0 MiB
2026/08/03 11:03:13.252, 3, P0, 32, 238.59 W, 1965 MHz, 3996 MHz, 0 %, 0 MiB
2026/08/03 11:03:13.252, 4, P0, 33, 235.70 W, 1965 MHz, 3996 MHz, 0 %, 0 MiB
2026/08/03 11:03:13.252, 5, P0, 36, 244.25 W, 1965 MHz, 3996 MHz, 0 %, 0 MiB
2026/08/03 11:03:13.252, 6, P0, 33, 242.40 W, 1965 MHz, 3996 MHz, 0 %, 0 MiB
2026/08/03 11:03:13.252, 7, P0, 37, 243.26 W, 1965 MHz, 3996 MHz, 0 %, 0 MiB
2026/08/03 11:03:14.252, 0, P0, 37, 244.57 W, 1965 MHz, 3996 MHz, 0 %, 4 MiB
2026/08/03 11:03:14.252, 1, P0, 34, 241.55 W, 1965 MHz, 3996 MHz, 0 %, 4 MiB
2026/08/03 11:03:14.252, 2, P0, 36, 236.33 W, 1965 MHz, 3996 MHz, 0 %, 0 MiB
2026/08/03 11:03:14.252, 3, P0, 32, 238.57 W, 1965 MHz, 3996 MHz, 0 %, 0 MiB
2026/08/03 11:03:14.252, 4, P0, 33, 235.64 W, 1965 MHz, 3996 MHz, 0 %, 0 MiB
2026/08/03 11:03:14.252, 5, P0, 36, 244.31 W, 1965 MHz, 3996 MHz, 0 %, 0 MiB
2026/08/03 11:03:14.252, 6, P0, 33, 242.41 W, 1965 MHz, 3996 MHz, 0 %, 0 MiB
2026/08/03 11:03:14.252, 7, P0, 37, 243.30 W, 1965 MHz, 3996 MHz, 0 %, 0 MiB
2026/08/03 11:03:15.252, 0, P0, 37, 244.30 W, 1965 MHz, 3996 MHz, 0 %, 4 MiB
2026/08/03 11:03:15.252, 1, P0, 34, 241.29 W, 1965 MHz, 3996 MHz, 0 %, 4 MiB
2026/08/03 11:03:15.252, 2, P0, 36, 236.27 W, 1965 MHz, 3996 MHz, 0 %, 0 MiB
2026/08/03 11:03:15.252, 3, P0, 32, 238.57 W, 1965 MHz, 3996 MHz, 0 %, 0 MiB
2026/08/03 11:03:15.252, 4, P0, 33, 235.62 W, 1965 MHz, 3996 MHz, 0 %, 0 MiB
2026/08/03 11:03:15.252, 5, P0, 36, 244.23 W, 1965 MHz, 3996 MHz, 0 %, 0 MiB
2026/08/03 11:03:15.252, 6, P0, 33, 242.41 W, 1965 MHz, 3996 MHz, 0 %, 0 MiB
2026/08/03 11:03:15.252, 7, P0, 37, 243.32 W, 1965 MHz, 3996 MHz, 0 %, 0 MiB
2026/08/03 11:03:16.252, 0, P0, 36, 244.30 W, 1965 MHz, 3996 MHz, 0 %, 4 MiB
2026/08/03 11:03:16.253, 1, P0, 34, 241.18 W, 1965 MHz, 3996 MHz, 0 %, 4 MiB
2026/08/03 11:03:16.253, 2, P0, 36, 236.21 W, 1965 MHz, 3996 MHz, 0 %, 0 MiB
2026/08/03 11:03:16.253, 3, P0, 32, 238.54 W, 1965 MHz, 3996 MHz, 0 %, 0 MiB
2026/08/03 11:03:16.253, 4, P0, 33, 235.57 W, 1965 MHz, 3996 MHz, 0 %, 0 MiB
2026/08/03 11:03:16.253, 5, P0, 36, 244.18 W, 1965 MHz, 3996 MHz, 0 %, 0 MiB
2026/08/03 11:03:16.253, 6, P0, 33, 242.39 W, 1965 MHz, 3996 MHz, 0 %, 0 MiB
2026/08/03 11:03:16.253, 7, P0, 37, 243.29 W, 1965 MHz, 3996 MHz, 0 %, 0 MiB
2026/08/03 11:03:17.253, 0, P0, 36, 244.18 W, 1965 MHz, 3996 MHz, 0 %, 4 MiB
2026/08/03 11:03:17.253, 1, P0, 34, 241.18 W, 1965 MHz, 3996 MHz, 0 %, 4 MiB
2026/08/03 11:03:17.253, 2, P0, 36, 236.34 W, 1965 MHz, 3996 MHz, 0 %, 0 MiB
2026/08/03 11:03:17.253, 3, P0, 32, 238.55 W, 1965 MHz, 3996 MHz, 0 %, 0 MiB
2026/08/03 11:03:17.253, 4, P0, 33, 235.60 W, 1965 MHz, 3996 MHz, 0 %, 0 MiB
2026/08/03 11:03:17.253, 5, P0, 36, 244.16 W, 1965 MHz, 3996 MHz, 0 %, 0 MiB
2026/08/03 11:03:17.253, 6, P0, 33, 242.38 W, 1965 MHz, 3996 MHz, 0 %, 0 MiB
2026/08/03 11:03:17.253, 7, P0, 37, 243.23 W, 1965 MHz, 3996 MHz, 0 %, 0 MiB
2026/08/03 11:03:18.253, 0, P0, 36, 244.13 W, 1965 MHz, 3996 MHz, 0 %, 4 MiB
2026/08/03 11:03:18.253, 1, P0, 34, 241.17 W, 1965 MHz, 3996 MHz, 0 %, 4 MiB
2026/08/03 11:03:18.253, 2, P0, 36, 236.26 W, 1965 MHz, 3996 MHz, 0 %, 0 MiB
2026/08/03 11:03:18.253, 3, P0, 32, 238.55 W, 1965 MHz, 3996 MHz, 0 %, 0 MiB
2026/08/03 11:03:18.253, 4, P0, 33, 235.70 W, 1965 MHz, 3996 MHz, 0 %, 0 MiB
2026/08/03 11:03:18.253, 5, P0, 36, 244.25 W, 1965 MHz, 3996 MHz, 0 %, 0 MiB
2026/08/03 11:03:18.253, 6, P0, 33, 242.41 W, 1965 MHz, 3996 MHz, 0 %, 0 MiB
2026/08/03 11:03:18.253, 7, P0, 37, 243.30 W, 1965 MHz, 3996 MHz, 0 %, 0 MiB
2026/08/03 11:03:19.253, 0, P0, 36, 244.09 W, 1965 MHz, 3996 MHz, 0 %, 4 MiB
2026/08/03 11:03:19.254, 1, P0, 34, 241.13 W, 1965 MHz, 3996 MHz, 0 %, 4 MiB
2026/08/03 11:03:19.254, 2, P0, 36, 236.24 W, 1965 MHz, 3996 MHz, 0 %, 0 MiB
2026/08/03 11:03:19.254, 3, P0, 32, 238.57 W, 1965 MHz, 3996 MHz, 0 %, 0 MiB
2026/08/03 11:03:19.254, 4, P0, 33, 235.71 W, 1965 MHz, 3996 MHz, 0 %, 0 MiB
2026/08/03 11:03:19.254, 5, P0, 36, 244.26 W, 1965 MHz, 3996 MHz, 0 %, 0 MiB
2026/08/03 11:03:19.254, 6, P0, 33, 242.40 W, 1965 MHz, 3996 MHz, 0 %, 0 MiB
2026/08/03 11:03:19.254, 7, P0, 37, 243.27 W, 1965 MHz, 3996 MHz, 0 %, 0 MiB
2026/08/03 11:03:20.254, 0, P0, 36, 244.07 W, 1965 MHz, 3996 MHz, 0 %, 4 MiB
2026/08/03 11:03:20.254, 1, P0, 34, 241.14 W, 1965 MHz, 3996 MHz, 0 %, 4 MiB
2026/08/03 11:03:20.254, 2, P0, 36, 236.30 W, 1965 MHz, 3996 MHz, 0 %, 0 MiB
2026/08/03 11:03:20.254, 3, P0, 32, 238.51 W, 1965 MHz, 3996 MHz, 0 %, 0 MiB
2026/08/03 11:03:20.254, 4, P0, 33, 235.69 W, 1965 MHz, 3996 MHz, 0 %, 0 MiB
2026/08/03 11:03:20.254, 5, P0, 36, 244.22 W, 1965 MHz, 3996 MHz, 0 %, 0 MiB
2026/08/03 11:03:20.254, 6, P0, 33, 242.42 W, 1965 MHz, 3996 MHz, 0 %, 0 MiB
2026/08/03 11:03:20.254, 7, P0, 37, 243.31 W, 1965 MHz, 3996 MHz, 0 %, 0 MiB
2026/08/03 11:03:21.254, 0, P0, 36, 243.97 W, 1965 MHz, 3996 MHz, 0 %, 4 MiB
2026/08/03 11:03:21.254, 1, P0, 34, 241.14 W, 1965 MHz, 3996 MHz, 0 %, 4 MiB
2026/08/03 11:03:21.254, 2, P0, 36, 236.25 W, 1965 MHz, 3996 MHz, 0 %, 0 MiB
2026/08/03 11:03:21.254, 3, P0, 32, 238.52 W, 1965 MHz, 3996 MHz, 0 %, 0 MiB
2026/08/03 11:03:21.254, 4, P0, 33, 235.71 W, 1965 MHz, 3996 MHz, 0 %, 0 MiB
2026/08/03 11:03:21.254, 5, P0, 36, 244.22 W, 1965 MHz, 3996 MHz, 0 %, 0 MiB
2026/08/03 11:03:21.254, 6, P0, 33, 242.44 W, 1965 MHz, 3996 MHz, 0 %, 0 MiB
2026/08/03 11:03:21.254, 7, P0, 37, 243.27 W, 1965 MHz, 3996 MHz, 0 %, 0 MiB
2026/08/03 11:03:22.254, 0, P0, 36, 243.90 W, 1965 MHz, 3996 MHz, 0 %, 4 MiB
2026/08/03 11:03:22.255, 1, P0, 34, 241.08 W, 1965 MHz, 3996 MHz, 0 %, 4 MiB
2026/08/03 11:03:22.255, 2, P0, 36, 236.25 W, 1965 MHz, 3996 MHz, 0 %, 0 MiB
2026/08/03 11:03:22.255, 3, P0, 32, 238.60 W, 1965 MHz, 3996 MHz, 0 %, 0 MiB
2026/08/03 11:03:22.255, 4, P0, 33, 235.61 W, 1965 MHz, 3996 MHz, 0 %, 0 MiB
2026/08/03 11:03:22.255, 5, P0, 36, 244.18 W, 1965 MHz, 3996 MHz, 0 %, 0 MiB
2026/08/03 11:03:22.255, 6, P0, 33, 242.43 W, 1965 MHz, 3996 MHz, 0 %, 0 MiB
2026/08/03 11:03:22.255, 7, P0, 37, 243.32 W, 1965 MHz, 3996 MHz, 0 %, 0 MiB
2026/08/03 11:03:23.255, 0, P0, 36, 244.01 W, 1965 MHz, 3996 MHz, 0 %, 4 MiB
2026/08/03 11:03:23.255, 1, P0, 34, 241.09 W, 1965 MHz, 3996 MHz, 0 %, 4 MiB
2026/08/03 11:03:23.255, 2, P0, 36, 236.37 W, 1965 MHz, 3996 MHz, 0 %, 0 MiB
2026/08/03 11:03:23.255, 3, P0, 32, 238.65 W, 1965 MHz, 3996 MHz, 0 %, 0 MiB
2026/08/03 11:03:23.255, 4, P0, 33, 235.67 W, 1965 MHz, 3996 MHz, 0 %, 0 MiB
2026/08/03 11:03:23.255, 5, P0, 36, 244.33 W, 1965 MHz, 3996 MHz, 0 %, 0 MiB
2026/08/03 11:03:23.255, 6, P0, 33, 242.44 W, 1965 MHz, 3996 MHz, 0 %, 0 MiB
2026/08/03 11:03:23.255, 7, P0, 37, 243.35 W, 1965 MHz, 3996 MHz, 0 %, 0 MiB
2026/08/03 11:03:24.255, 0, P0, 36, 243.86 W, 1965 MHz, 3996 MHz, 0 %, 4 MiB
2026/08/03 11:03:24.255, 1, P0, 34, 240.98 W, 1965 MHz, 3996 MHz, 0 %, 4 MiB
2026/08/03 11:03:24.255, 2, P0, 36, 236.28 W, 1965 MHz, 3996 MHz, 0 %, 0 MiB
2026/08/03 11:03:24.255, 3, P0, 32, 238.51 W, 1965 MHz, 3996 MHz, 0 %, 0 MiB
2026/08/03 11:03:24.255, 4, P0, 33, 235.55 W, 1965 MHz, 3996 MHz, 0 %, 0 MiB
2026/08/03 11:03:24.255, 5, P0, 36, 244.21 W, 1965 MHz, 3996 MHz, 0 %, 0 MiB
2026/08/03 11:03:24.255, 6, P0, 33, 242.41 W, 1965 MHz, 3996 MHz, 0 %, 0 MiB
2026/08/03 11:03:24.255, 7, P0, 37, 243.26 W, 1965 MHz, 3996 MHz, 0 %, 0 MiB
2026/08/03 11:03:25.255, 0, P0, 36, 243.76 W, 1965 MHz, 3996 MHz, 0 %, 4 MiB
2026/08/03 11:03:25.256, 1, P0, 33, 240.98 W, 1965 MHz, 3996 MHz, 0 %, 4 MiB
2026/08/03 11:03:25.256, 2, P0, 36, 236.29 W, 1965 MHz, 3996 MHz, 0 %, 0 MiB
2026/08/03 11:03:25.256, 3, P0, 32, 238.53 W, 1965 MHz, 3996 MHz, 0 %, 0 MiB
2026/08/03 11:03:25.256, 4, P0, 33, 235.57 W, 1965 MHz, 3996 MHz, 0 %, 0 MiB
2026/08/03 11:03:25.256, 5, P0, 36, 244.18 W, 1965 MHz, 3996 MHz, 0 %, 0 MiB
2026/08/03 11:03:25.256, 6, P0, 33, 242.36 W, 1965 MHz, 3996 MHz, 0 %, 0 MiB
2026/08/03 11:03:25.256, 7, P0, 37, 243.20 W, 1965 MHz, 3996 MHz, 0 %, 0 MiB
2026/08/03 11:03:26.256, 0, P0, 36, 243.79 W, 1965 MHz, 3996 MHz, 0 %, 4 MiB
2026/08/03 11:03:26.256, 1, P0, 33, 240.96 W, 1965 MHz, 3996 MHz, 0 %, 4 MiB
2026/08/03 11:03:26.256, 2, P0, 36, 236.24 W, 1965 MHz, 3996 MHz, 0 %, 0 MiB
2026/08/03 11:03:26.256, 3, P0, 32, 238.56 W, 1965 MHz, 3996 MHz, 0 %, 0 MiB
2026/08/03 11:03:26.256, 4, P0, 33, 235.54 W, 1965 MHz, 3996 MHz, 0 %, 0 MiB
2026/08/03 11:03:26.256, 5, P0, 36, 244.17 W, 1965 MHz, 3996 MHz, 0 %, 0 MiB
2026/08/03 11:03:26.256, 6, P0, 33, 242.42 W, 1965 MHz, 3996 MHz, 0 %, 0 MiB
2026/08/03 11:03:26.256, 7, P0, 37, 243.27 W, 1965 MHz, 3996 MHz, 0 %, 0 MiB
2026/08/03 11:03:27.256, 0, P0, 36, 243.71 W, 1965 MHz, 3996 MHz, 0 %, 4 MiB
2026/08/03 11:03:27.256, 1, P0, 33, 240.99 W, 1965 MHz, 3996 MHz, 0 %, 4 MiB
2026/08/03 11:03:27.256, 2, P0, 36, 236.14 W, 1965 MHz, 3996 MHz, 0 %, 0 MiB
2026/08/03 11:03:27.256, 3, P0, 32, 238.54 W, 1965 MHz, 3996 MHz, 0 %, 0 MiB
2026/08/03 11:03:27.256, 4, P0, 33, 235.62 W, 1965 MHz, 3996 MHz, 0 %, 0 MiB
2026/08/03 11:03:27.256, 5, P0, 36, 244.18 W, 1965 MHz, 3996 MHz, 0 %, 0 MiB
2026/08/03 11:03:27.256, 6, P0, 33, 242.42 W, 1965 MHz, 3996 MHz, 0 %, 0 MiB
2026/08/03 11:03:27.256, 7, P0, 37, 243.30 W, 1965 MHz, 3996 MHz, 0 %, 0 MiB
2026/08/03 11:03:28.257, 0, P0, 36, 243.80 W, 1965 MHz, 3996 MHz, 0 %, 4 MiB
2026/08/03 11:03:28.257, 1, P0, 33, 240.91 W, 1965 MHz, 3996 MHz, 0 %, 4 MiB
2026/08/03 11:03:28.257, 2, P0, 36, 236.12 W, 1965 MHz, 3996 MHz, 0 %, 0 MiB
2026/08/03 11:03:28.257, 3, P0, 32, 238.56 W, 1965 MHz, 3996 MHz, 0 %, 0 MiB
2026/08/03 11:03:28.257, 4, P0, 33, 235.67 W, 1965 MHz, 3996 MHz, 0 %, 0 MiB
2026/08/03 11:03:28.257, 5, P0, 36, 244.18 W, 1965 MHz, 3996 MHz, 0 %, 0 MiB
2026/08/03 11:03:28.257, 6, P0, 33, 242.41 W, 1965 MHz, 3996 MHz, 0 %, 0 MiB
2026/08/03 11:03:28.257, 7, P0, 37, 243.25 W, 1965 MHz, 3996 MHz, 0 %, 0 MiB
2026/08/03 11:03:29.257, 0, P0, 36, 243.75 W, 1965 MHz, 3996 MHz, 0 %, 4 MiB
2026/08/03 11:03:29.257, 1, P0, 33, 240.90 W, 1965 MHz, 3996 MHz, 0 %, 4 MiB
2026/08/03 11:03:29.257, 2, P0, 36, 236.15 W, 1965 MHz, 3996 MHz, 0 %, 0 MiB
2026/08/03 11:03:29.257, 3, P0, 33, 238.54 W, 1965 MHz, 3996 MHz, 0 %, 0 MiB
2026/08/03 11:03:29.257, 4, P0, 33, 235.62 W, 1965 MHz, 3996 MHz, 0 %, 0 MiB
2026/08/03 11:03:29.257, 5, P0, 36, 244.20 W, 1965 MHz, 3996 MHz, 0 %, 0 MiB
2026/08/03 11:03:29.257, 6, P0, 33, 242.33 W, 1965 MHz, 3996 MHz, 0 %, 0 MiB
2026/08/03 11:03:29.257, 7, P0, 37, 243.23 W, 1965 MHz, 3996 MHz, 0 %, 0 MiB
2026/08/03 11:03:30.257, 0, P0, 36, 243.86 W, 1965 MHz, 3996 MHz, 2 %, 723 MiB
2026/08/03 11:03:30.257, 1, P0, 33, 240.97 W, 1965 MHz, 3996 MHz, 0 %, 723 MiB
2026/08/03 11:03:30.257, 2, P0, 36, 236.12 W, 1965 MHz, 3996 MHz, 0 %, 0 MiB
2026/08/03 11:03:30.257, 3, P0, 33, 238.55 W, 1965 MHz, 3996 MHz, 0 %, 0 MiB
2026/08/03 11:03:30.257, 4, P0, 33, 235.62 W, 1965 MHz, 3996 MHz, 0 %, 0 MiB
2026/08/03 11:03:30.257, 5, P0, 36, 244.21 W, 1965 MHz, 3996 MHz, 0 %, 0 MiB
2026/08/03 11:03:30.257, 6, P0, 33, 242.30 W, 1965 MHz, 3996 MHz, 0 %, 0 MiB
2026/08/03 11:03:30.257, 7, P0, 37, 243.27 W, 1965 MHz, 3996 MHz, 0 %, 0 MiB
2026/08/03 11:03:31.258, 0, P0, 36, 243.75 W, 1965 MHz, 3996 MHz, 0 %, 1851 MiB
2026/08/03 11:03:31.258, 1, P0, 33, 240.88 W, 1965 MHz, 3996 MHz, 0 %, 1851 MiB
2026/08/03 11:03:31.258, 2, P0, 36, 236.20 W, 1965 MHz, 3996 MHz, 0 %, 0 MiB
2026/08/03 11:03:31.258, 3, P0, 32, 238.60 W, 1965 MHz, 3996 MHz, 0 %, 0 MiB
2026/08/03 11:03:31.258, 4, P0, 33, 235.65 W, 1965 MHz, 3996 MHz, 0 %, 0 MiB
2026/08/03 11:03:31.258, 5, P0, 36, 244.23 W, 1965 MHz, 3996 MHz, 0 %, 0 MiB
2026/08/03 11:03:31.258, 6, P0, 33, 242.37 W, 1965 MHz, 3996 MHz, 0 %, 0 MiB
2026/08/03 11:03:31.258, 7, P0, 37, 243.31 W, 1965 MHz, 3996 MHz, 0 %, 0 MiB
2026/08/03 11:03:32.258, 0, P0, 36, 243.17 W, 1965 MHz, 3996 MHz, 0 %, 1851 MiB
2026/08/03 11:03:32.258, 1, P0, 33, 240.41 W, 1965 MHz, 3996 MHz, 0 %, 1851 MiB
2026/08/03 11:03:32.258, 2, P0, 36, 236.11 W, 1965 MHz, 3996 MHz, 0 %, 0 MiB
2026/08/03 11:03:32.258, 3, P0, 32, 238.54 W, 1965 MHz, 3996 MHz, 0 %, 0 MiB
2026/08/03 11:03:32.258, 4, P0, 33, 235.57 W, 1965 MHz, 3996 MHz, 0 %, 0 MiB
2026/08/03 11:03:32.258, 5, P0, 36, 244.16 W, 1965 MHz, 3996 MHz, 0 %, 0 MiB
2026/08/03 11:03:32.258, 6, P0, 33, 242.33 W, 1965 MHz, 3996 MHz, 0 %, 0 MiB
2026/08/03 11:03:32.258, 7, P0, 37, 243.26 W, 1965 MHz, 3996 MHz, 0 %, 0 MiB
2026/08/03 11:03:33.258, 0, P0, 36, 243.34 W, 1965 MHz, 3996 MHz, 2 %, 31121 MiB
2026/08/03 11:03:33.258, 1, P0, 33, 240.43 W, 1965 MHz, 3996 MHz, 1 %, 31121 MiB
2026/08/03 11:03:33.258, 2, P0, 36, 236.12 W, 1965 MHz, 3996 MHz, 0 %, 0 MiB
2026/08/03 11:03:33.258, 3, P0, 32, 238.53 W, 1965 MHz, 3996 MHz, 0 %, 0 MiB
2026/08/03 11:03:33.259, 4, P0, 33, 235.62 W, 1965 MHz, 3996 MHz, 0 %, 0 MiB
2026/08/03 11:03:33.259, 5, P0, 36, 244.12 W, 1965 MHz, 3996 MHz, 0 %, 0 MiB
2026/08/03 11:03:33.259, 6, P0, 33, 242.28 W, 1965 MHz, 3996 MHz, 0 %, 0 MiB
2026/08/03 11:03:33.259, 7, P0, 37, 243.28 W, 1965 MHz, 3996 MHz, 0 %, 0 MiB
2026/08/03 11:03:34.259, 0, P0, 36, 243.62 W, 1965 MHz, 3996 MHz, 7 %, 31121 MiB
2026/08/03 11:03:34.259, 1, P0, 33, 240.64 W, 1965 MHz, 3996 MHz, 6 %, 31121 MiB
2026/08/03 11:03:34.259, 2, P0, 36, 236.09 W, 1965 MHz, 3996 MHz, 0 %, 0 MiB
2026/08/03 11:03:34.259, 3, P0, 32, 238.50 W, 1965 MHz, 3996 MHz, 0 %, 0 MiB
2026/08/03 11:03:34.259, 4, P0, 33, 235.57 W, 1965 MHz, 3996 MHz, 0 %, 0 MiB
2026/08/03 11:03:34.259, 5, P0, 36, 244.18 W, 1965 MHz, 3996 MHz, 0 %, 0 MiB
2026/08/03 11:03:34.259, 6, P0, 33, 242.30 W, 1965 MHz, 3996 MHz, 0 %, 0 MiB
2026/08/03 11:03:34.259, 7, P0, 37, 243.22 W, 1965 MHz, 3996 MHz, 0 %, 0 MiB
2026/08/03 11:03:35.259, 0, P0, 36, 244.15 W, 1965 MHz, 3996 MHz, 4 %, 31121 MiB
2026/08/03 11:03:35.259, 1, P0, 33, 241.34 W, 1965 MHz, 3996 MHz, 7 %, 31121 MiB
2026/08/03 11:03:35.259, 2, P0, 36, 236.10 W, 1965 MHz, 3996 MHz, 0 %, 0 MiB
2026/08/03 11:03:35.259, 3, P0, 33, 238.46 W, 1965 MHz, 3996 MHz, 0 %, 0 MiB
2026/08/03 11:03:35.259, 4, P0, 33, 235.59 W, 1965 MHz, 3996 MHz, 0 %, 0 MiB
2026/08/03 11:03:35.259, 5, P0, 36, 244.09 W, 1965 MHz, 3996 MHz, 0 %, 0 MiB
2026/08/03 11:03:35.259, 6, P0, 33, 242.38 W, 1965 MHz, 3996 MHz, 0 %, 0 MiB
2026/08/03 11:03:35.259, 7, P0, 37, 243.26 W, 1965 MHz, 3996 MHz, 0 %, 0 MiB
2026/08/03 11:03:36.259, 0, P0, 36, 244.17 W, 1965 MHz, 3996 MHz, 7 %, 31121 MiB
2026/08/03 11:03:36.259, 1, P0, 33, 241.30 W, 1965 MHz, 3996 MHz, 7 %, 31121 MiB
2026/08/03 11:03:36.259, 2, P0, 36, 236.10 W, 1965 MHz, 3996 MHz, 0 %, 0 MiB
2026/08/03 11:03:36.259, 3, P0, 32, 238.52 W, 1965 MHz, 3996 MHz, 0 %, 0 MiB
2026/08/03 11:03:36.259, 4, P0, 33, 235.60 W, 1965 MHz, 3996 MHz, 0 %, 0 MiB
2026/08/03 11:03:36.259, 5, P0, 36, 244.21 W, 1965 MHz, 3996 MHz, 0 %, 0 MiB
2026/08/03 11:03:36.259, 6, P0, 33, 242.29 W, 1965 MHz, 3996 MHz, 0 %, 0 MiB
2026/08/03 11:03:36.260, 7, P0, 37, 243.27 W, 1965 MHz, 3996 MHz, 0 %, 0 MiB
2026/08/03 11:03:37.260, 0, P0, 36, 244.02 W, 1965 MHz, 3996 MHz, 3 %, 31121 MiB
2026/08/03 11:03:37.260, 1, P0, 33, 241.19 W, 1965 MHz, 3996 MHz, 6 %, 31121 MiB
2026/08/03 11:03:37.260, 2, P0, 36, 236.10 W, 1965 MHz, 3996 MHz, 0 %, 0 MiB
2026/08/03 11:03:37.260, 3, P0, 32, 238.48 W, 1965 MHz, 3996 MHz, 0 %, 0 MiB
2026/08/03 11:03:37.260, 4, P0, 33, 235.60 W, 1965 MHz, 3996 MHz, 0 %, 0 MiB
2026/08/03 11:03:37.260, 5, P0, 36, 244.20 W, 1965 MHz, 3996 MHz, 0 %, 0 MiB
2026/08/03 11:03:37.260, 6, P0, 33, 242.35 W, 1965 MHz, 3996 MHz, 0 %, 0 MiB
2026/08/03 11:03:37.260, 7, P0, 37, 243.18 W, 1965 MHz, 3996 MHz, 0 %, 0 MiB
2026/08/03 11:03:38.260, 0, P0, 36, 244.17 W, 1965 MHz, 3996 MHz, 9 %, 31121 MiB
2026/08/03 11:03:38.260, 1, P0, 33, 241.37 W, 1965 MHz, 3996 MHz, 9 %, 31121 MiB
2026/08/03 11:03:38.260, 2, P0, 36, 236.11 W, 1965 MHz, 3996 MHz, 0 %, 0 MiB
2026/08/03 11:03:38.260, 3, P0, 32, 238.54 W, 1965 MHz, 3996 MHz, 0 %, 0 MiB
2026/08/03 11:03:38.260, 4, P0, 33, 235.57 W, 1965 MHz, 3996 MHz, 0 %, 0 MiB
2026/08/03 11:03:38.260, 5, P0, 36, 244.17 W, 1965 MHz, 3996 MHz, 0 %, 0 MiB
2026/08/03 11:03:38.260, 6, P0, 33, 242.27 W, 1965 MHz, 3996 MHz, 0 %, 0 MiB
2026/08/03 11:03:38.260, 7, P0, 37, 243.14 W, 1965 MHz, 3996 MHz, 0 %, 0 MiB
2026/08/03 11:03:39.260, 0, P0, 36, 244.15 W, 1965 MHz, 3996 MHz, 8 %, 31121 MiB
2026/08/03 11:03:39.260, 1, P0, 33, 241.35 W, 1965 MHz, 3996 MHz, 6 %, 31121 MiB
2026/08/03 11:03:39.260, 2, P0, 36, 236.14 W, 1965 MHz, 3996 MHz, 0 %, 0 MiB
2026/08/03 11:03:39.261, 3, P0, 32, 238.58 W, 1965 MHz, 3996 MHz, 0 %, 0 MiB
2026/08/03 11:03:39.261, 4, P0, 33, 235.60 W, 1965 MHz, 3996 MHz, 0 %, 0 MiB
2026/08/03 11:03:39.261, 5, P0, 36, 244.21 W, 1965 MHz, 3996 MHz, 0 %, 0 MiB
2026/08/03 11:03:39.261, 6, P0, 33, 242.34 W, 1965 MHz, 3996 MHz, 0 %, 0 MiB
2026/08/03 11:03:39.261, 7, P0, 37, 243.22 W, 1965 MHz, 3996 MHz, 0 %, 0 MiB
2026/08/03 11:03:40.261, 0, P0, 36, 244.20 W, 1965 MHz, 3996 MHz, 9 %, 31121 MiB
2026/08/03 11:03:40.261, 1, P0, 33, 241.21 W, 1965 MHz, 3996 MHz, 9 %, 31121 MiB
2026/08/03 11:03:40.261, 2, P0, 36, 236.10 W, 1965 MHz, 3996 MHz, 0 %, 0 MiB
2026/08/03 11:03:40.261, 3, P0, 32, 238.51 W, 1965 MHz, 3996 MHz, 0 %, 0 MiB
2026/08/03 11:03:40.261, 4, P0, 33, 235.55 W, 1965 MHz, 3996 MHz, 0 %, 0 MiB
2026/08/03 11:03:40.261, 5, P0, 36, 244.18 W, 1965 MHz, 3996 MHz, 0 %, 0 MiB
2026/08/03 11:03:40.261, 6, P0, 33, 242.32 W, 1965 MHz, 3996 MHz, 0 %, 0 MiB
2026/08/03 11:03:40.261, 7, P0, 37, 243.26 W, 1965 MHz, 3996 MHz, 0 %, 0 MiB
2026/08/03 11:03:41.261, 0, P0, 36, 244.03 W, 1965 MHz, 3996 MHz, 6 %, 31121 MiB
2026/08/03 11:03:41.261, 1, P0, 33, 241.13 W, 1965 MHz, 3996 MHz, 6 %, 31121 MiB
2026/08/03 11:03:41.261, 2, P0, 36, 236.10 W, 1965 MHz, 3996 MHz, 0 %, 0 MiB
2026/08/03 11:03:41.261, 3, P0, 32, 238.51 W, 1965 MHz, 3996 MHz, 0 %, 0 MiB
2026/08/03 11:03:41.261, 4, P0, 33, 235.60 W, 1965 MHz, 3996 MHz, 0 %, 0 MiB
2026/08/03 11:03:41.261, 5, P0, 36, 244.20 W, 1965 MHz, 3996 MHz, 0 %, 0 MiB
2026/08/03 11:03:41.261, 6, P0, 33, 242.34 W, 1965 MHz, 3996 MHz, 0 %, 0 MiB
2026/08/03 11:03:41.261, 7, P0, 37, 243.30 W, 1965 MHz, 3996 MHz, 0 %, 0 MiB
2026/08/03 11:03:42.261, 0, P0, 36, 244.07 W, 1965 MHz, 3996 MHz, 8 %, 31121 MiB
2026/08/03 11:03:42.261, 1, P0, 33, 241.21 W, 1965 MHz, 3996 MHz, 9 %, 31121 MiB
2026/08/03 11:03:42.261, 2, P0, 36, 236.07 W, 1965 MHz, 3996 MHz, 0 %, 0 MiB
2026/08/03 11:03:42.261, 3, P0, 32, 238.51 W, 1965 MHz, 3996 MHz, 0 %, 0 MiB
2026/08/03 11:03:42.261, 4, P0, 33, 235.54 W, 1965 MHz, 3996 MHz, 0 %, 0 MiB
2026/08/03 11:03:42.261, 5, P0, 36, 244.08 W, 1965 MHz, 3996 MHz, 0 %, 0 MiB
2026/08/03 11:03:42.261, 6, P0, 33, 242.35 W, 1965 MHz, 3996 MHz, 0 %, 0 MiB
2026/08/03 11:03:42.262, 7, P0, 37, 243.25 W, 1965 MHz, 3996 MHz, 0 %, 0 MiB
2026/08/03 11:03:43.262, 0, P0, 36, 244.06 W, 1965 MHz, 3996 MHz, 8 %, 31121 MiB
2026/08/03 11:03:43.262, 1, P0, 33, 241.12 W, 1965 MHz, 3996 MHz, 8 %, 31121 MiB
2026/08/03 11:03:43.262, 2, P0, 36, 236.11 W, 1965 MHz, 3996 MHz, 0 %, 0 MiB
2026/08/03 11:03:43.262, 3, P0, 32, 238.52 W, 1965 MHz, 3996 MHz, 0 %, 0 MiB
2026/08/03 11:03:43.262, 4, P0, 33, 235.61 W, 1965 MHz, 3996 MHz, 0 %, 0 MiB
2026/08/03 11:03:43.262, 5, P0, 36, 244.12 W, 1965 MHz, 3996 MHz, 0 %, 0 MiB
2026/08/03 11:03:43.262, 6, P0, 33, 242.41 W, 1965 MHz, 3996 MHz, 0 %, 0 MiB
2026/08/03 11:03:43.262, 7, P0, 37, 243.26 W, 1965 MHz, 3996 MHz, 0 %, 0 MiB
2026/08/03 11:03:44.262, 0, P0, 37, 267.03 W, 1965 MHz, 3996 MHz, 30 %, 31121 MiB
2026/08/03 11:03:44.262, 1, P0, 34, 261.57 W, 1965 MHz, 3996 MHz, 30 %, 31121 MiB
2026/08/03 11:03:44.262, 2, P0, 36, 236.09 W, 1965 MHz, 3996 MHz, 0 %, 0 MiB
2026/08/03 11:03:44.262, 3, P0, 32, 238.55 W, 1965 MHz, 3996 MHz, 0 %, 0 MiB
2026/08/03 11:03:44.262, 4, P0, 33, 235.55 W, 1965 MHz, 3996 MHz, 0 %, 0 MiB
2026/08/03 11:03:44.262, 5, P0, 36, 244.23 W, 1965 MHz, 3996 MHz, 0 %, 0 MiB
2026/08/03 11:03:44.262, 6, P0, 33, 242.32 W, 1965 MHz, 3996 MHz, 0 %, 0 MiB
2026/08/03 11:03:44.262, 7, P0, 37, 243.28 W, 1965 MHz, 3996 MHz, 0 %, 0 MiB
2026/08/03 11:03:45.262, 0, P0, 36, 263.49 W, 1965 MHz, 3996 MHz, 1 %, 160455 MiB
2026/08/03 11:03:45.262, 1, P0, 33, 260.67 W, 1965 MHz, 3996 MHz, 2 %, 160455 MiB
2026/08/03 11:03:45.262, 2, P0, 36, 236.09 W, 1965 MHz, 3996 MHz, 0 %, 0 MiB
2026/08/03 11:03:45.262, 3, P0, 32, 238.60 W, 1965 MHz, 3996 MHz, 0 %, 0 MiB
2026/08/03 11:03:45.262, 4, P0, 33, 235.54 W, 1965 MHz, 3996 MHz, 0 %, 0 MiB
2026/08/03 11:03:45.262, 5, P0, 36, 244.20 W, 1965 MHz, 3996 MHz, 0 %, 0 MiB
2026/08/03 11:03:45.262, 6, P0, 33, 242.32 W, 1965 MHz, 3996 MHz, 0 %, 0 MiB
2026/08/03 11:03:45.262, 7, P0, 37, 243.21 W, 1965 MHz, 3996 MHz, 0 %, 0 MiB
2026/08/03 11:03:46.263, 0, P0, 36, 243.71 W, 1965 MHz, 3996 MHz, 0 %, 160487 MiB
2026/08/03 11:03:46.263, 1, P0, 33, 240.41 W, 1965 MHz, 3996 MHz, 0 %, 160487 MiB
2026/08/03 11:03:46.263, 2, P0, 36, 236.09 W, 1965 MHz, 3996 MHz, 0 %, 0 MiB
2026/08/03 11:03:46.263, 3, P0, 32, 238.55 W, 1965 MHz, 3996 MHz, 0 %, 0 MiB
2026/08/03 11:03:46.263, 4, P0, 33, 235.52 W, 1965 MHz, 3996 MHz, 0 %, 0 MiB
2026/08/03 11:03:46.263, 5, P0, 36, 244.26 W, 1965 MHz, 3996 MHz, 0 %, 0 MiB
2026/08/03 11:03:46.263, 6, P0, 33, 242.28 W, 1965 MHz, 3996 MHz, 0 %, 0 MiB
2026/08/03 11:03:46.263, 7, P0, 37, 243.24 W, 1965 MHz, 3996 MHz, 0 %, 0 MiB
2026/08/03 11:03:47.263, 0, P0, 36, 244.23 W, 1965 MHz, 3996 MHz, 0 %, 160559 MiB
2026/08/03 11:03:47.263, 1, P0, 33, 240.37 W, 1965 MHz, 3996 MHz, 0 %, 160559 MiB
2026/08/03 11:03:47.263, 2, P0, 36, 236.07 W, 1965 MHz, 3996 MHz, 0 %, 0 MiB
2026/08/03 11:03:47.263, 3, P0, 32, 238.55 W, 1965 MHz, 3996 MHz, 0 %, 0 MiB
2026/08/03 11:03:47.263, 4, P0, 33, 235.51 W, 1965 MHz, 3996 MHz, 0 %, 0 MiB
2026/08/03 11:03:47.263, 5, P0, 36, 244.17 W, 1965 MHz, 3996 MHz, 0 %, 0 MiB
2026/08/03 11:03:47.263, 6, P0, 33, 242.29 W, 1965 MHz, 3996 MHz, 0 %, 0 MiB
2026/08/03 11:03:47.263, 7, P0, 37, 243.25 W, 1965 MHz, 3996 MHz, 0 %, 0 MiB
2026/08/03 11:03:48.263, 0, P0, 36, 257.54 W, 1965 MHz, 3996 MHz, 0 %, 160823 MiB
2026/08/03 11:03:48.283, 1, P0, 33, 251.42 W, 1965 MHz, 3996 MHz, 0 %, 160823 MiB
2026/08/03 11:03:48.283, 2, P0, 36, 236.10 W, 1965 MHz, 3996 MHz, 0 %, 1 MiB
2026/08/03 11:03:48.284, 3, P0, 32, 238.61 W, 1965 MHz, 3996 MHz, 0 %, 1 MiB
2026/08/03 11:03:48.284, 4, P0, 33, 235.61 W, 1965 MHz, 3996 MHz, 0 %, 1 MiB
2026/08/03 11:03:48.284, 5, P0, 36, 244.22 W, 1965 MHz, 3996 MHz, 0 %, 1 MiB
2026/08/03 11:03:48.284, 6, P0, 33, 242.34 W, 1965 MHz, 3996 MHz, 0 %, 1 MiB
2026/08/03 11:03:48.285, 7, P0, 37, 243.28 W, 1965 MHz, 3996 MHz, 0 %, 1 MiB
2026/08/03 11:03:49.288, 0, P0, 36, 247.59 W, 1965 MHz, 3996 MHz, 29 %, 161505 MiB
2026/08/03 11:03:49.288, 1, P0, 33, 254.09 W, 1965 MHz, 3996 MHz, 0 %, 161505 MiB
2026/08/03 11:03:49.288, 2, P0, 36, 236.06 W, 1965 MHz, 3996 MHz, 0 %, 0 MiB
2026/08/03 11:03:49.288, 3, P0, 32, 238.50 W, 1965 MHz, 3996 MHz, 0 %, 0 MiB
2026/08/03 11:03:49.288, 4, P0, 33, 235.53 W, 1965 MHz, 3996 MHz, 0 %, 0 MiB
2026/08/03 11:03:49.288, 5, P0, 36, 244.19 W, 1965 MHz, 3996 MHz, 0 %, 0 MiB
2026/08/03 11:03:49.288, 6, P0, 33, 242.32 W, 1965 MHz, 3996 MHz, 0 %, 0 MiB
2026/08/03 11:03:49.288, 7, P0, 37, 243.23 W, 1965 MHz, 3996 MHz, 0 %, 0 MiB
2026/08/03 11:03:50.288, 0, P0, 36, 250.25 W, 1965 MHz, 3996 MHz, 82 %, 161505 MiB
2026/08/03 11:03:50.288, 1, P0, 33, 246.93 W, 1965 MHz, 3996 MHz, 6 %, 161505 MiB
2026/08/03 11:03:50.288, 2, P0, 36, 236.06 W, 1965 MHz, 3996 MHz, 0 %, 0 MiB
2026/08/03 11:03:50.288, 3, P0, 32, 238.47 W, 1965 MHz, 3996 MHz, 0 %, 0 MiB
2026/08/03 11:03:50.288, 4, P0, 33, 235.50 W, 1965 MHz, 3996 MHz, 0 %, 0 MiB
2026/08/03 11:03:50.288, 5, P0, 36, 244.21 W, 1965 MHz, 3996 MHz, 0 %, 0 MiB
2026/08/03 11:03:50.288, 6, P0, 33, 242.28 W, 1965 MHz, 3996 MHz, 0 %, 0 MiB
2026/08/03 11:03:50.288, 7, P0, 37, 243.20 W, 1965 MHz, 3996 MHz, 0 %, 0 MiB
2026/08/03 11:03:51.289, 0, P0, 36, 247.66 W, 1965 MHz, 3996 MHz, 67 %, 161505 MiB
2026/08/03 11:03:51.289, 1, P0, 33, 244.13 W, 1965 MHz, 3996 MHz, 6 %, 161505 MiB
2026/08/03 11:03:51.289, 2, P0, 36, 236.05 W, 1965 MHz, 3996 MHz, 0 %, 0 MiB
2026/08/03 11:03:51.289, 3, P0, 32, 238.47 W, 1965 MHz, 3996 MHz, 0 %, 0 MiB
2026/08/03 11:03:51.289, 4, P0, 33, 235.49 W, 1965 MHz, 3996 MHz, 0 %, 0 MiB
2026/08/03 11:03:51.289, 5, P0, 36, 244.15 W, 1965 MHz, 3996 MHz, 0 %, 0 MiB
2026/08/03 11:03:51.289, 6, P0, 33, 242.31 W, 1965 MHz, 3996 MHz, 0 %, 0 MiB
2026/08/03 11:03:51.289, 7, P0, 37, 243.09 W, 1965 MHz, 3996 MHz, 0 %, 0 MiB
2026/08/03 11:03:52.289, 0, P0, 36, 253.18 W, 1965 MHz, 3996 MHz, 83 %, 161505 MiB
2026/08/03 11:03:52.289, 1, P0, 33, 251.89 W, 1965 MHz, 3996 MHz, 6 %, 161505 MiB
2026/08/03 11:03:52.289, 2, P0, 36, 236.07 W, 1965 MHz, 3996 MHz, 0 %, 0 MiB
2026/08/03 11:03:52.289, 3, P0, 32, 238.48 W, 1965 MHz, 3996 MHz, 0 %, 0 MiB
2026/08/03 11:03:52.289, 4, P0, 33, 235.48 W, 1965 MHz, 3996 MHz, 0 %, 0 MiB
2026/08/03 11:03:52.289, 5, P0, 36, 244.15 W, 1965 MHz, 3996 MHz, 0 %, 0 MiB
2026/08/03 11:03:52.289, 6, P0, 33, 242.26 W, 1965 MHz, 3996 MHz, 0 %, 0 MiB
2026/08/03 11:03:52.289, 7, P0, 37, 243.16 W, 1965 MHz, 3996 MHz, 0 %, 0 MiB
2026/08/03 11:03:53.289, 0, P0, 36, 250.23 W, 1965 MHz, 3996 MHz, 58 %, 161505 MiB
2026/08/03 11:03:53.289, 1, P0, 33, 247.28 W, 1965 MHz, 3996 MHz, 6 %, 161505 MiB
2026/08/03 11:03:53.289, 2, P0, 36, 236.02 W, 1965 MHz, 3996 MHz, 0 %, 0 MiB
2026/08/03 11:03:53.289, 3, P0, 32, 238.50 W, 1965 MHz, 3996 MHz, 0 %, 0 MiB
2026/08/03 11:03:53.289, 4, P0, 33, 235.54 W, 1965 MHz, 3996 MHz, 0 %, 0 MiB
2026/08/03 11:03:53.289, 5, P0, 36, 244.18 W, 1965 MHz, 3996 MHz, 0 %, 0 MiB
2026/08/03 11:03:53.289, 6, P0, 33, 242.32 W, 1965 MHz, 3996 MHz, 0 %, 0 MiB
2026/08/03 11:03:53.289, 7, P0, 37, 243.14 W, 1965 MHz, 3996 MHz, 0 %, 0 MiB
2026/08/03 11:03:54.289, 0, P0, 36, 258.69 W, 1965 MHz, 3996 MHz, 72 %, 161505 MiB
2026/08/03 11:03:54.289, 1, P0, 33, 250.34 W, 1965 MHz, 3996 MHz, 6 %, 161505 MiB
2026/08/03 11:03:54.289, 2, P0, 36, 236.11 W, 1965 MHz, 3996 MHz, 0 %, 0 MiB
2026/08/03 11:03:54.289, 3, P0, 32, 238.49 W, 1965 MHz, 3996 MHz, 0 %, 0 MiB
2026/08/03 11:03:54.290, 4, P0, 33, 235.47 W, 1965 MHz, 3996 MHz, 0 %, 0 MiB
2026/08/03 11:03:54.290, 5, P0, 36, 244.07 W, 1965 MHz, 3996 MHz, 0 %, 0 MiB
2026/08/03 11:03:54.290, 6, P0, 33, 242.23 W, 1965 MHz, 3996 MHz, 0 %, 0 MiB
2026/08/03 11:03:54.290, 7, P0, 37, 243.18 W, 1965 MHz, 3996 MHz, 0 %, 0 MiB
2026/08/03 11:03:55.290, 0, P0, 36, 251.24 W, 1965 MHz, 3996 MHz, 70 %, 161505 MiB
2026/08/03 11:03:55.290, 1, P0, 33, 247.31 W, 1965 MHz, 3996 MHz, 6 %, 161505 MiB
2026/08/03 11:03:55.290, 2, P0, 36, 236.05 W, 1965 MHz, 3996 MHz, 0 %, 0 MiB
2026/08/03 11:03:55.290, 3, P0, 32, 238.49 W, 1965 MHz, 3996 MHz, 0 %, 0 MiB
2026/08/03 11:03:55.290, 4, P0, 33, 235.47 W, 1965 MHz, 3996 MHz, 0 %, 0 MiB
2026/08/03 11:03:55.290, 5, P0, 36, 244.13 W, 1965 MHz, 3996 MHz, 0 %, 0 MiB
2026/08/03 11:03:55.290, 6, P0, 33, 242.29 W, 1965 MHz, 3996 MHz, 0 %, 0 MiB
2026/08/03 11:03:55.290, 7, P0, 37, 243.22 W, 1965 MHz, 3996 MHz, 0 %, 0 MiB
2026/08/03 11:03:56.290, 0, P0, 36, 261.41 W, 1965 MHz, 3996 MHz, 83 %, 161505 MiB
2026/08/03 11:03:56.290, 1, P0, 33, 250.75 W, 1965 MHz, 3996 MHz, 9 %, 161505 MiB
2026/08/03 11:03:56.290, 2, P0, 36, 236.06 W, 1965 MHz, 3996 MHz, 0 %, 0 MiB
2026/08/03 11:03:56.290, 3, P0, 32, 238.53 W, 1965 MHz, 3996 MHz, 0 %, 0 MiB
2026/08/03 11:03:56.290, 4, P0, 33, 235.58 W, 1965 MHz, 3996 MHz, 0 %, 0 MiB
2026/08/03 11:03:56.290, 5, P0, 36, 244.12 W, 1965 MHz, 3996 MHz, 0 %, 0 MiB
2026/08/03 11:03:56.290, 6, P0, 33, 242.38 W, 1965 MHz, 3996 MHz, 0 %, 0 MiB
2026/08/03 11:03:56.290, 7, P0, 37, 243.19 W, 1965 MHz, 3996 MHz, 0 %, 0 MiB
2026/08/03 11:03:57.290, 0, P0, 36, 252.01 W, 1965 MHz, 3996 MHz, 61 %, 161505 MiB
2026/08/03 11:03:57.290, 1, P0, 33, 247.40 W, 1965 MHz, 3996 MHz, 6 %, 161505 MiB
2026/08/03 11:03:57.290, 2, P0, 36, 236.03 W, 1965 MHz, 3996 MHz, 0 %, 0 MiB
2026/08/03 11:03:57.290, 3, P0, 32, 238.55 W, 1965 MHz, 3996 MHz, 0 %, 0 MiB
2026/08/03 11:03:57.290, 4, P0, 33, 235.55 W, 1965 MHz, 3996 MHz, 0 %, 0 MiB
2026/08/03 11:03:57.290, 5, P0, 36, 244.06 W, 1965 MHz, 3996 MHz, 0 %, 0 MiB
2026/08/03 11:03:57.290, 6, P0, 33, 242.35 W, 1965 MHz, 3996 MHz, 0 %, 0 MiB
2026/08/03 11:03:57.290, 7, P0, 37, 243.23 W, 1965 MHz, 3996 MHz, 0 %, 0 MiB
2026/08/03 11:03:58.291, 0, P0, 36, 251.63 W, 1965 MHz, 3996 MHz, 83 %, 161505 MiB
2026/08/03 11:03:58.291, 1, P0, 33, 247.34 W, 1965 MHz, 3996 MHz, 6 %, 161505 MiB
2026/08/03 11:03:58.291, 2, P0, 36, 236.05 W, 1965 MHz, 3996 MHz, 0 %, 0 MiB
2026/08/03 11:03:58.291, 3, P0, 32, 238.50 W, 1965 MHz, 3996 MHz, 0 %, 0 MiB
2026/08/03 11:03:58.291, 4, P0, 33, 235.54 W, 1965 MHz, 3996 MHz, 0 %, 0 MiB
2026/08/03 11:03:58.291, 5, P0, 36, 244.18 W, 1965 MHz, 3996 MHz, 0 %, 0 MiB
2026/08/03 11:03:58.291, 6, P0, 33, 242.31 W, 1965 MHz, 3996 MHz, 0 %, 0 MiB
2026/08/03 11:03:58.291, 7, P0, 37, 243.19 W, 1965 MHz, 3996 MHz, 0 %, 0 MiB
2026/08/03 11:03:59.291, 0, P0, 36, 251.30 W, 1965 MHz, 3996 MHz, 36 %, 161505 MiB
2026/08/03 11:03:59.291, 1, P0, 33, 246.81 W, 1965 MHz, 3996 MHz, 6 %, 161505 MiB
2026/08/03 11:03:59.291, 2, P0, 36, 236.03 W, 1965 MHz, 3996 MHz, 0 %, 0 MiB
2026/08/03 11:03:59.291, 3, P0, 32, 238.55 W, 1965 MHz, 3996 MHz, 0 %, 0 MiB
2026/08/03 11:03:59.291, 4, P0, 33, 235.53 W, 1965 MHz, 3996 MHz, 0 %, 0 MiB
2026/08/03 11:03:59.291, 5, P0, 36, 244.79 W, 1965 MHz, 3996 MHz, 0 %, 0 MiB
2026/08/03 11:03:59.291, 6, P0, 33, 242.30 W, 1965 MHz, 3996 MHz, 0 %, 0 MiB
2026/08/03 11:03:59.291, 7, P0, 37, 243.15 W, 1965 MHz, 3996 MHz, 0 %, 0 MiB
2026/08/03 11:04:00.291, 0, P0, 36, 250.87 W, 1965 MHz, 3996 MHz, 37 %, 161505 MiB
2026/08/03 11:04:00.291, 1, P0, 33, 247.51 W, 1965 MHz, 3996 MHz, 6 %, 161505 MiB
2026/08/03 11:04:00.291, 2, P0, 36, 236.06 W, 1965 MHz, 3996 MHz, 0 %, 0 MiB
2026/08/03 11:04:00.291, 3, P0, 32, 238.55 W, 1965 MHz, 3996 MHz, 0 %, 0 MiB
2026/08/03 11:04:00.291, 4, P0, 33, 235.50 W, 1965 MHz, 3996 MHz, 0 %, 0 MiB
2026/08/03 11:04:00.291, 5, P0, 36, 244.77 W, 1965 MHz, 3996 MHz, 0 %, 0 MiB
2026/08/03 11:04:00.291, 6, P0, 33, 242.29 W, 1965 MHz, 3996 MHz, 0 %, 0 MiB
2026/08/03 11:04:00.291, 7, P0, 37, 243.20 W, 1965 MHz, 3996 MHz, 0 %, 0 MiB
2026/08/03 11:04:01.291, 0, P0, 36, 251.38 W, 1965 MHz, 3996 MHz, 18 %, 161505 MiB
2026/08/03 11:04:01.291, 1, P0, 33, 247.20 W, 1965 MHz, 3996 MHz, 17 %, 161505 MiB
2026/08/03 11:04:01.291, 2, P0, 36, 236.03 W, 1965 MHz, 3996 MHz, 0 %, 0 MiB
2026/08/03 11:04:01.291, 3, P0, 32, 238.57 W, 1965 MHz, 3996 MHz, 0 %, 0 MiB
2026/08/03 11:04:01.292, 4, P0, 33, 235.51 W, 1965 MHz, 3996 MHz, 0 %, 0 MiB
2026/08/03 11:04:01.292, 5, P0, 36, 244.88 W, 1965 MHz, 3996 MHz, 0 %, 0 MiB
2026/08/03 11:04:01.292, 6, P0, 33, 242.30 W, 1965 MHz, 3996 MHz, 0 %, 0 MiB
2026/08/03 11:04:01.292, 7, P0, 37, 243.13 W, 1965 MHz, 3996 MHz, 0 %, 0 MiB
2026/08/03 11:04:02.292, 0, P0, 36, 251.01 W, 1965 MHz, 3996 MHz, 36 %, 161505 MiB
2026/08/03 11:04:02.292, 1, P0, 33, 247.05 W, 1965 MHz, 3996 MHz, 6 %, 161505 MiB
2026/08/03 11:04:02.292, 2, P0, 36, 236.05 W, 1965 MHz, 3996 MHz, 0 %, 0 MiB
2026/08/03 11:04:02.292, 3, P0, 32, 238.55 W, 1965 MHz, 3996 MHz, 0 %, 0 MiB
2026/08/03 11:04:02.292, 4, P0, 33, 235.50 W, 1965 MHz, 3996 MHz, 0 %, 0 MiB
2026/08/03 11:04:02.292, 5, P0, 36, 244.85 W, 1965 MHz, 3996 MHz, 0 %, 0 MiB
2026/08/03 11:04:02.292, 6, P0, 33, 242.30 W, 1965 MHz, 3996 MHz, 0 %, 0 MiB
2026/08/03 11:04:02.292, 7, P0, 37, 243.13 W, 1965 MHz, 3996 MHz, 0 %, 0 MiB
2026/08/03 11:04:03.292, 0, P0, 36, 251.09 W, 1965 MHz, 3996 MHz, 66 %, 161505 MiB
2026/08/03 11:04:03.292, 1, P0, 33, 246.73 W, 1965 MHz, 3996 MHz, 6 %, 161505 MiB
2026/08/03 11:04:03.292, 2, P0, 36, 236.07 W, 1965 MHz, 3996 MHz, 0 %, 0 MiB
2026/08/03 11:04:03.292, 3, P0, 32, 238.54 W, 1965 MHz, 3996 MHz, 0 %, 0 MiB
2026/08/03 11:04:03.292, 4, P0, 33, 235.51 W, 1965 MHz, 3996 MHz, 0 %, 0 MiB
2026/08/03 11:04:03.292, 5, P0, 36, 244.83 W, 1965 MHz, 3996 MHz, 0 %, 0 MiB
2026/08/03 11:04:03.292, 6, P0, 33, 242.30 W, 1965 MHz, 3996 MHz, 0 %, 0 MiB
2026/08/03 11:04:03.292, 7, P0, 37, 243.25 W, 1965 MHz, 3996 MHz, 0 %, 0 MiB
2026/08/03 11:04:04.292, 0, P0, 36, 251.31 W, 1965 MHz, 3996 MHz, 50 %, 161505 MiB
2026/08/03 11:04:04.292, 1, P0, 33, 247.13 W, 1965 MHz, 3996 MHz, 9 %, 161505 MiB
2026/08/03 11:04:04.292, 2, P0, 36, 236.05 W, 1965 MHz, 3996 MHz, 0 %, 0 MiB
2026/08/03 11:04:04.292, 3, P0, 32, 238.53 W, 1965 MHz, 3996 MHz, 0 %, 0 MiB
2026/08/03 11:04:04.292, 4, P0, 33, 235.47 W, 1965 MHz, 3996 MHz, 0 %, 0 MiB
2026/08/03 11:04:04.292, 5, P0, 36, 244.80 W, 1965 MHz, 3996 MHz, 0 %, 0 MiB
2026/08/03 11:04:04.292, 6, P0, 33, 242.31 W, 1965 MHz, 3996 MHz, 0 %, 0 MiB
2026/08/03 11:04:04.292, 7, P0, 37, 243.15 W, 1965 MHz, 3996 MHz, 0 %, 0 MiB
2026/08/03 11:04:05.293, 0, P0, 36, 254.39 W, 1965 MHz, 3996 MHz, 28 %, 161505 MiB
2026/08/03 11:04:05.293, 1, P0, 33, 251.73 W, 1965 MHz, 3996 MHz, 33 %, 161505 MiB
2026/08/03 11:04:05.293, 2, P0, 36, 236.02 W, 1965 MHz, 3996 MHz, 0 %, 0 MiB
2026/08/03 11:04:05.293, 3, P0, 32, 238.51 W, 1965 MHz, 3996 MHz, 0 %, 0 MiB
2026/08/03 11:04:05.293, 4, P0, 33, 235.45 W, 1965 MHz, 3996 MHz, 0 %, 0 MiB
2026/08/03 11:04:05.293, 5, P0, 36, 244.76 W, 1965 MHz, 3996 MHz, 0 %, 0 MiB
2026/08/03 11:04:05.293, 6, P0, 33, 242.26 W, 1965 MHz, 3996 MHz, 0 %, 0 MiB
2026/08/03 11:04:05.293, 7, P0, 37, 243.22 W, 1965 MHz, 3996 MHz, 0 %, 0 MiB
2026/08/03 11:04:06.293, 0, P0, 36, 247.17 W, 1965 MHz, 3996 MHz, 70 %, 161505 MiB
2026/08/03 11:04:06.293, 1, P0, 33, 244.29 W, 1965 MHz, 3996 MHz, 6 %, 161505 MiB
2026/08/03 11:04:06.293, 2, P0, 36, 236.02 W, 1965 MHz, 3996 MHz, 0 %, 0 MiB
2026/08/03 11:04:06.293, 3, P0, 32, 238.56 W, 1965 MHz, 3996 MHz, 0 %, 0 MiB
2026/08/03 11:04:06.293, 4, P0, 33, 235.56 W, 1965 MHz, 3996 MHz, 0 %, 0 MiB
2026/08/03 11:04:06.293, 5, P0, 36, 244.88 W, 1965 MHz, 3996 MHz, 0 %, 0 MiB
2026/08/03 11:04:06.293, 6, P0, 33, 242.33 W, 1965 MHz, 3996 MHz, 0 %, 0 MiB
2026/08/03 11:04:06.293, 7, P0, 37, 243.17 W, 1965 MHz, 3996 MHz, 0 %, 0 MiB
2026/08/03 11:04:07.293, 0, P0, 36, 257.60 W, 1965 MHz, 3996 MHz, 82 %, 161505 MiB
2026/08/03 11:04:07.293, 1, P0, 33, 249.95 W, 1965 MHz, 3996 MHz, 6 %, 161505 MiB
2026/08/03 11:04:07.293, 2, P0, 36, 236.01 W, 1965 MHz, 3996 MHz, 0 %, 0 MiB
2026/08/03 11:04:07.293, 3, P0, 32, 238.46 W, 1965 MHz, 3996 MHz, 0 %, 0 MiB
2026/08/03 11:04:07.293, 4, P0, 33, 235.51 W, 1965 MHz, 3996 MHz, 0 %, 0 MiB
2026/08/03 11:04:07.293, 5, P0, 36, 244.82 W, 1965 MHz, 3996 MHz, 0 %, 0 MiB
2026/08/03 11:04:07.293, 6, P0, 33, 242.34 W, 1965 MHz, 3996 MHz, 0 %, 0 MiB
2026/08/03 11:04:07.293, 7, P0, 37, 243.25 W, 1965 MHz, 3996 MHz, 0 %, 0 MiB
2026/08/03 11:04:08.293, 0, P0, 36, 253.64 W, 1965 MHz, 3996 MHz, 51 %, 161505 MiB
2026/08/03 11:04:08.294, 1, P0, 33, 248.03 W, 1965 MHz, 3996 MHz, 6 %, 161505 MiB
2026/08/03 11:04:08.294, 2, P0, 36, 236.06 W, 1965 MHz, 3996 MHz, 0 %, 0 MiB
2026/08/03 11:04:08.294, 3, P0, 32, 238.49 W, 1965 MHz, 3996 MHz, 0 %, 0 MiB
2026/08/03 11:04:08.294, 4, P0, 33, 235.62 W, 1965 MHz, 3996 MHz, 0 %, 0 MiB
2026/08/03 11:04:08.294, 5, P0, 36, 244.87 W, 1965 MHz, 3996 MHz, 0 %, 0 MiB
2026/08/03 11:04:08.294, 6, P0, 33, 242.29 W, 1965 MHz, 3996 MHz, 0 %, 0 MiB
2026/08/03 11:04:08.294, 7, P0, 37, 243.16 W, 1965 MHz, 3996 MHz, 0 %, 0 MiB
2026/08/03 11:04:09.294, 0, P0, 36, 251.43 W, 1965 MHz, 3996 MHz, 66 %, 161505 MiB
2026/08/03 11:04:09.294, 1, P0, 33, 247.59 W, 1965 MHz, 3996 MHz, 6 %, 161505 MiB
2026/08/03 11:04:09.294, 2, P0, 36, 236.06 W, 1965 MHz, 3996 MHz, 0 %, 0 MiB
2026/08/03 11:04:09.294, 3, P0, 32, 238.52 W, 1965 MHz, 3996 MHz, 0 %, 0 MiB
2026/08/03 11:04:09.294, 4, P0, 33, 235.65 W, 1965 MHz, 3996 MHz, 0 %, 0 MiB
2026/08/03 11:04:09.294, 5, P0, 36, 244.78 W, 1965 MHz, 3996 MHz, 0 %, 0 MiB
2026/08/03 11:04:09.294, 6, P0, 33, 242.30 W, 1965 MHz, 3996 MHz, 0 %, 0 MiB
2026/08/03 11:04:09.294, 7, P0, 37, 243.24 W, 1965 MHz, 3996 MHz, 0 %, 0 MiB
2026/08/03 11:04:10.294, 0, P0, 36, 250.62 W, 1965 MHz, 3996 MHz, 44 %, 161505 MiB
2026/08/03 11:04:10.295, 1, P0, 33, 247.15 W, 1965 MHz, 3996 MHz, 9 %, 161505 MiB
2026/08/03 11:04:10.295, 2, P0, 36, 236.05 W, 1965 MHz, 3996 MHz, 0 %, 0 MiB
2026/08/03 11:04:10.296, 3, P0, 33, 238.48 W, 1965 MHz, 3996 MHz, 0 %, 0 MiB
2026/08/03 11:04:10.297, 4, P0, 33, 235.68 W, 1965 MHz, 3996 MHz, 0 %, 0 MiB
2026/08/03 11:04:10.298, 5, P0, 36, 244.84 W, 1965 MHz, 3996 MHz, 0 %, 0 MiB
2026/08/03 11:04:10.299, 6, P0, 33, 242.30 W, 1965 MHz, 3996 MHz, 0 %, 0 MiB
2026/08/03 11:04:10.299, 7, P0, 37, 243.27 W, 1965 MHz, 3996 MHz, 0 %, 0 MiB
2026/08/03 11:04:11.300, 0, P0, 36, 252.32 W, 1965 MHz, 3996 MHz, 76 %, 161505 MiB
2026/08/03 11:04:11.300, 1, P0, 33, 246.54 W, 1965 MHz, 3996 MHz, 6 %, 161505 MiB
2026/08/03 11:04:11.300, 2, P0, 36, 236.02 W, 1965 MHz, 3996 MHz, 0 %, 0 MiB
2026/08/03 11:04:11.300, 3, P0, 32, 238.56 W, 1965 MHz, 3996 MHz, 0 %, 0 MiB
2026/08/03 11:04:11.300, 4, P0, 33, 235.63 W, 1965 MHz, 3996 MHz, 0 %, 0 MiB
2026/08/03 11:04:11.300, 5, P0, 36, 244.86 W, 1965 MHz, 3996 MHz, 0 %, 0 MiB
2026/08/03 11:04:11.300, 6, P0, 33, 242.33 W, 1965 MHz, 3996 MHz, 0 %, 0 MiB
2026/08/03 11:04:11.300, 7, P0, 37, 243.23 W, 1965 MHz, 3996 MHz, 0 %, 0 MiB
2026/08/03 11:04:12.300, 0, P0, 36, 250.92 W, 1965 MHz, 3996 MHz, 82 %, 161505 MiB
2026/08/03 11:04:12.301, 1, P0, 33, 246.69 W, 1965 MHz, 3996 MHz, 6 %, 161505 MiB
2026/08/03 11:04:12.301, 2, P0, 36, 236.05 W, 1965 MHz, 3996 MHz, 0 %, 0 MiB
2026/08/03 11:04:12.301, 3, P0, 32, 238.55 W, 1965 MHz, 3996 MHz, 0 %, 0 MiB
2026/08/03 11:04:12.301, 4, P0, 33, 235.64 W, 1965 MHz, 3996 MHz, 0 %, 0 MiB
2026/08/03 11:04:12.301, 5, P0, 36, 244.71 W, 1965 MHz, 3996 MHz, 0 %, 0 MiB
2026/08/03 11:04:12.301, 6, P0, 33, 242.32 W, 1965 MHz, 3996 MHz, 0 %, 0 MiB
2026/08/03 11:04:12.301, 7, P0, 37, 243.23 W, 1965 MHz, 3996 MHz, 0 %, 0 MiB
2026/08/03 11:04:13.301, 0, P0, 36, 251.42 W, 1965 MHz, 3996 MHz, 78 %, 161505 MiB
2026/08/03 11:04:13.301, 1, P0, 33, 246.96 W, 1965 MHz, 3996 MHz, 6 %, 161505 MiB
2026/08/03 11:04:13.301, 2, P0, 36, 236.07 W, 1965 MHz, 3996 MHz, 0 %, 0 MiB
2026/08/03 11:04:13.301, 3, P0, 33, 238.53 W, 1965 MHz, 3996 MHz, 0 %, 0 MiB
2026/08/03 11:04:13.301, 4, P0, 33, 235.55 W, 1965 MHz, 3996 MHz, 0 %, 0 MiB
2026/08/03 11:04:13.301, 5, P0, 36, 244.79 W, 1965 MHz, 3996 MHz, 0 %, 0 MiB
2026/08/03 11:04:13.301, 6, P0, 33, 242.30 W, 1965 MHz, 3996 MHz, 0 %, 0 MiB
2026/08/03 11:04:13.301, 7, P0, 37, 243.26 W, 1965 MHz, 3996 MHz, 0 %, 0 MiB
2026/08/03 11:04:14.301, 0, P0, 36, 251.21 W, 1965 MHz, 3996 MHz, 82 %, 161505 MiB
2026/08/03 11:04:14.301, 1, P0, 33, 247.10 W, 1965 MHz, 3996 MHz, 6 %, 161505 MiB
2026/08/03 11:04:14.301, 2, P0, 36, 236.05 W, 1965 MHz, 3996 MHz, 0 %, 0 MiB
2026/08/03 11:04:14.301, 3, P0, 32, 238.57 W, 1965 MHz, 3996 MHz, 0 %, 0 MiB
2026/08/03 11:04:14.301, 4, P0, 33, 235.61 W, 1965 MHz, 3996 MHz, 0 %, 0 MiB
2026/08/03 11:04:14.301, 5, P0, 36, 244.81 W, 1965 MHz, 3996 MHz, 0 %, 0 MiB
2026/08/03 11:04:14.301, 6, P0, 33, 242.37 W, 1965 MHz, 3996 MHz, 0 %, 0 MiB
2026/08/03 11:04:14.301, 7, P0, 37, 243.26 W, 1965 MHz, 3996 MHz, 0 %, 0 MiB
2026/08/03 11:04:15.301, 0, P0, 36, 251.68 W, 1965 MHz, 3996 MHz, 91 %, 161505 MiB
2026/08/03 11:04:15.301, 1, P0, 33, 246.46 W, 1965 MHz, 3996 MHz, 6 %, 161505 MiB
2026/08/03 11:04:15.301, 2, P0, 36, 236.06 W, 1965 MHz, 3996 MHz, 0 %, 0 MiB
2026/08/03 11:04:15.301, 3, P0, 32, 238.55 W, 1965 MHz, 3996 MHz, 0 %, 0 MiB
2026/08/03 11:04:15.301, 4, P0, 33, 235.62 W, 1965 MHz, 3996 MHz, 0 %, 0 MiB
2026/08/03 11:04:15.302, 5, P0, 36, 244.84 W, 1965 MHz, 3996 MHz, 0 %, 0 MiB
2026/08/03 11:04:15.302, 6, P0, 33, 242.35 W, 1965 MHz, 3996 MHz, 0 %, 0 MiB
2026/08/03 11:04:15.302, 7, P0, 37, 243.19 W, 1965 MHz, 3996 MHz, 0 %, 0 MiB
2026/08/03 11:04:16.302, 0, P0, 36, 251.51 W, 1965 MHz, 3996 MHz, 91 %, 161505 MiB
2026/08/03 11:04:16.302, 1, P0, 33, 247.40 W, 1965 MHz, 3996 MHz, 6 %, 161505 MiB
2026/08/03 11:04:16.302, 2, P0, 36, 236.05 W, 1965 MHz, 3996 MHz, 0 %, 0 MiB
2026/08/03 11:04:16.302, 3, P0, 32, 238.56 W, 1965 MHz, 3996 MHz, 0 %, 0 MiB
2026/08/03 11:04:16.302, 4, P0, 33, 235.66 W, 1965 MHz, 3996 MHz, 0 %, 0 MiB
2026/08/03 11:04:16.302, 5, P0, 36, 244.78 W, 1965 MHz, 3996 MHz, 0 %, 0 MiB
2026/08/03 11:04:16.302, 6, P0, 33, 242.25 W, 1965 MHz, 3996 MHz, 0 %, 0 MiB
2026/08/03 11:04:16.302, 7, P0, 37, 243.20 W, 1965 MHz, 3996 MHz, 0 %, 0 MiB
2026/08/03 11:04:17.302, 0, P0, 36, 251.46 W, 1965 MHz, 3996 MHz, 91 %, 161505 MiB
2026/08/03 11:04:17.302, 1, P0, 33, 246.44 W, 1965 MHz, 3996 MHz, 6 %, 161505 MiB
2026/08/03 11:04:17.302, 2, P0, 36, 236.09 W, 1965 MHz, 3996 MHz, 0 %, 0 MiB
2026/08/03 11:04:17.302, 3, P0, 32, 238.55 W, 1965 MHz, 3996 MHz, 0 %, 0 MiB
2026/08/03 11:04:17.302, 4, P0, 33, 235.67 W, 1965 MHz, 3996 MHz, 0 %, 0 MiB
2026/08/03 11:04:17.302, 5, P0, 36, 244.84 W, 1965 MHz, 3996 MHz, 0 %, 0 MiB
2026/08/03 11:04:17.302, 6, P0, 33, 242.31 W, 1965 MHz, 3996 MHz, 0 %, 0 MiB
2026/08/03 11:04:17.302, 7, P0, 37, 243.17 W, 1965 MHz, 3996 MHz, 0 %, 0 MiB
2026/08/03 11:04:18.302, 0, P0, 36, 250.99 W, 1965 MHz, 3996 MHz, 94 %, 161505 MiB
2026/08/03 11:04:18.302, 1, P0, 33, 246.79 W, 1965 MHz, 3996 MHz, 6 %, 161505 MiB
2026/08/03 11:04:18.302, 2, P0, 36, 236.06 W, 1965 MHz, 3996 MHz, 0 %, 0 MiB
2026/08/03 11:04:18.302, 3, P0, 32, 238.54 W, 1965 MHz, 3996 MHz, 0 %, 0 MiB
2026/08/03 11:04:18.302, 4, P0, 33, 235.61 W, 1965 MHz, 3996 MHz, 0 %, 0 MiB
2026/08/03 11:04:18.302, 5, P0, 36, 244.88 W, 1965 MHz, 3996 MHz, 0 %, 0 MiB
2026/08/03 11:04:18.302, 6, P0, 33, 242.35 W, 1965 MHz, 3996 MHz, 0 %, 0 MiB
2026/08/03 11:04:18.302, 7, P0, 37, 243.21 W, 1965 MHz, 3996 MHz, 0 %, 0 MiB
2026/08/03 11:04:19.302, 0, P0, 36, 251.01 W, 1965 MHz, 3996 MHz, 95 %, 161505 MiB
2026/08/03 11:04:19.302, 1, P0, 33, 246.65 W, 1965 MHz, 3996 MHz, 6 %, 161505 MiB
2026/08/03 11:04:19.303, 2, P0, 36, 236.05 W, 1965 MHz, 3996 MHz, 0 %, 0 MiB
2026/08/03 11:04:19.303, 3, P0, 32, 238.55 W, 1965 MHz, 3996 MHz, 0 %, 0 MiB
2026/08/03 11:04:19.303, 4, P0, 33, 235.62 W, 1965 MHz, 3996 MHz, 0 %, 0 MiB
2026/08/03 11:04:19.303, 5, P0, 36, 244.89 W, 1965 MHz, 3996 MHz, 0 %, 0 MiB
2026/08/03 11:04:19.303, 6, P0, 33, 242.30 W, 1965 MHz, 3996 MHz, 0 %, 0 MiB
2026/08/03 11:04:19.303, 7, P0, 37, 243.33 W, 1965 MHz, 3996 MHz, 0 %, 0 MiB
2026/08/03 11:04:20.303, 0, P0, 36, 251.34 W, 1965 MHz, 3996 MHz, 81 %, 161505 MiB
2026/08/03 11:04:20.303, 1, P0, 33, 246.79 W, 1965 MHz, 3996 MHz, 6 %, 161505 MiB
2026/08/03 11:04:20.303, 2, P0, 36, 236.00 W, 1965 MHz, 3996 MHz, 0 %, 0 MiB
2026/08/03 11:04:20.303, 3, P0, 32, 238.54 W, 1965 MHz, 3996 MHz, 0 %, 0 MiB
2026/08/03 11:04:20.303, 4, P0, 33, 235.59 W, 1965 MHz, 3996 MHz, 0 %, 0 MiB
2026/08/03 11:04:20.303, 5, P0, 36, 244.82 W, 1965 MHz, 3996 MHz, 0 %, 0 MiB
2026/08/03 11:04:20.303, 6, P0, 33, 242.31 W, 1965 MHz, 3996 MHz, 0 %, 0 MiB
2026/08/03 11:04:20.303, 7, P0, 37, 243.25 W, 1965 MHz, 3996 MHz, 0 %, 0 MiB
2026/08/03 11:04:21.303, 0, P0, 36, 250.90 W, 1965 MHz, 3996 MHz, 79 %, 161505 MiB
2026/08/03 11:04:21.303, 1, P0, 33, 247.00 W, 1965 MHz, 3996 MHz, 6 %, 161505 MiB
2026/08/03 11:04:21.303, 2, P0, 36, 236.06 W, 1965 MHz, 3996 MHz, 0 %, 0 MiB
2026/08/03 11:04:21.303, 3, P0, 32, 238.48 W, 1965 MHz, 3996 MHz, 0 %, 0 MiB
2026/08/03 11:04:21.303, 4, P0, 33, 235.62 W, 1965 MHz, 3996 MHz, 0 %, 0 MiB
2026/08/03 11:04:21.303, 5, P0, 36, 244.80 W, 1965 MHz, 3996 MHz, 0 %, 0 MiB
2026/08/03 11:04:21.303, 6, P0, 33, 242.35 W, 1965 MHz, 3996 MHz, 0 %, 0 MiB
2026/08/03 11:04:21.303, 7, P0, 37, 243.26 W, 1965 MHz, 3996 MHz, 0 %, 0 MiB
2026/08/03 11:04:22.303, 0, P0, 36, 250.59 W, 1965 MHz, 3996 MHz, 79 %, 161505 MiB
2026/08/03 11:04:22.303, 1, P0, 33, 247.61 W, 1965 MHz, 3996 MHz, 6 %, 161505 MiB
2026/08/03 11:04:22.303, 2, P0, 36, 236.02 W, 1965 MHz, 3996 MHz, 0 %, 0 MiB
2026/08/03 11:04:22.303, 3, P0, 32, 238.49 W, 1965 MHz, 3996 MHz, 0 %, 0 MiB
2026/08/03 11:04:22.303, 4, P0, 33, 235.53 W, 1965 MHz, 3996 MHz, 0 %, 0 MiB
2026/08/03 11:04:22.303, 5, P0, 36, 244.79 W, 1965 MHz, 3996 MHz, 0 %, 0 MiB
2026/08/03 11:04:22.303, 6, P0, 33, 242.33 W, 1965 MHz, 3996 MHz, 0 %, 0 MiB
2026/08/03 11:04:22.303, 7, P0, 37, 243.29 W, 1965 MHz, 3996 MHz, 0 %, 0 MiB
2026/08/03 11:04:23.304, 0, P0, 36, 250.83 W, 1965 MHz, 3996 MHz, 79 %, 161505 MiB
2026/08/03 11:04:23.304, 1, P0, 33, 246.75 W, 1965 MHz, 3996 MHz, 6 %, 161505 MiB
2026/08/03 11:04:23.304, 2, P0, 36, 236.06 W, 1965 MHz, 3996 MHz, 0 %, 0 MiB
2026/08/03 11:04:23.304, 3, P0, 32, 238.49 W, 1965 MHz, 3996 MHz, 0 %, 0 MiB
2026/08/03 11:04:23.304, 4, P0, 33, 235.62 W, 1965 MHz, 3996 MHz, 0 %, 0 MiB
2026/08/03 11:04:23.304, 5, P0, 36, 244.95 W, 1965 MHz, 3996 MHz, 0 %, 0 MiB
2026/08/03 11:04:23.304, 6, P0, 33, 242.40 W, 1965 MHz, 3996 MHz, 0 %, 0 MiB
2026/08/03 11:04:23.304, 7, P0, 37, 243.27 W, 1965 MHz, 3996 MHz, 0 %, 0 MiB
2026/08/03 11:04:24.304, 0, P0, 36, 248.60 W, 1965 MHz, 3996 MHz, 100 %, 161505 MiB
2026/08/03 11:04:24.304, 1, P0, 33, 244.24 W, 1965 MHz, 3996 MHz, 0 %, 161505 MiB
2026/08/03 11:04:24.304, 2, P0, 36, 236.12 W, 1965 MHz, 3996 MHz, 0 %, 0 MiB
2026/08/03 11:04:24.304, 3, P0, 32, 238.53 W, 1965 MHz, 3996 MHz, 0 %, 0 MiB
2026/08/03 11:04:24.304, 4, P0, 33, 235.65 W, 1965 MHz, 3996 MHz, 0 %, 0 MiB
2026/08/03 11:04:24.304, 5, P0, 36, 244.90 W, 1965 MHz, 3996 MHz, 0 %, 0 MiB
2026/08/03 11:04:24.304, 6, P0, 33, 242.41 W, 1965 MHz, 3996 MHz, 0 %, 0 MiB
2026/08/03 11:04:24.304, 7, P0, 37, 243.29 W, 1965 MHz, 3996 MHz, 0 %, 0 MiB
2026/08/03 11:04:25.304, 0, P0, 36, 246.92 W, 1965 MHz, 3996 MHz, 0 %, 161505 MiB
2026/08/03 11:04:25.304, 1, P0, 33, 244.23 W, 1965 MHz, 3996 MHz, 100 %, 161505 MiB
2026/08/03 11:04:25.304, 2, P0, 36, 236.17 W, 1965 MHz, 3996 MHz, 0 %, 0 MiB
2026/08/03 11:04:25.304, 3, P0, 32, 238.61 W, 1965 MHz, 3996 MHz, 0 %, 0 MiB
2026/08/03 11:04:25.304, 4, P0, 33, 235.84 W, 1965 MHz, 3996 MHz, 0 %, 0 MiB
2026/08/03 11:04:25.304, 5, P0, 36, 244.76 W, 1965 MHz, 3996 MHz, 0 %, 0 MiB
2026/08/03 11:04:25.304, 6, P0, 33, 242.41 W, 1965 MHz, 3996 MHz, 0 %, 0 MiB
2026/08/03 11:04:25.304, 7, P0, 37, 243.32 W, 1965 MHz, 3996 MHz, 0 %, 0 MiB
2026/08/03 11:04:26.304, 0, P0, 36, 251.41 W, 1965 MHz, 3996 MHz, 60 %, 161505 MiB
2026/08/03 11:04:26.304, 1, P0, 33, 247.41 W, 1965 MHz, 3996 MHz, 6 %, 161505 MiB
2026/08/03 11:04:26.304, 2, P0, 36, 236.19 W, 1965 MHz, 3996 MHz, 0 %, 0 MiB
2026/08/03 11:04:26.305, 3, P0, 32, 238.63 W, 1965 MHz, 3996 MHz, 0 %, 0 MiB
2026/08/03 11:04:26.305, 4, P0, 33, 235.85 W, 1965 MHz, 3996 MHz, 0 %, 0 MiB
2026/08/03 11:04:26.305, 5, P0, 36, 244.88 W, 1965 MHz, 3996 MHz, 0 %, 0 MiB
2026/08/03 11:04:26.305, 6, P0, 33, 242.42 W, 1965 MHz, 3996 MHz, 0 %, 0 MiB
2026/08/03 11:04:26.305, 7, P0, 37, 243.33 W, 1965 MHz, 3996 MHz, 0 %, 0 MiB
2026/08/03 11:04:27.305, 0, P0, 36, 251.42 W, 1965 MHz, 3996 MHz, 91 %, 161505 MiB
2026/08/03 11:04:27.305, 1, P0, 33, 247.07 W, 1965 MHz, 3996 MHz, 6 %, 161505 MiB
2026/08/03 11:04:27.305, 2, P0, 36, 236.12 W, 1965 MHz, 3996 MHz, 0 %, 0 MiB
2026/08/03 11:04:27.305, 3, P0, 32, 238.68 W, 1965 MHz, 3996 MHz, 0 %, 0 MiB
2026/08/03 11:04:27.305, 4, P0, 33, 235.80 W, 1965 MHz, 3996 MHz, 0 %, 0 MiB
2026/08/03 11:04:27.305, 5, P0, 36, 244.88 W, 1965 MHz, 3996 MHz, 0 %, 0 MiB
2026/08/03 11:04:27.305, 6, P0, 33, 242.40 W, 1965 MHz, 3996 MHz, 0 %, 0 MiB
2026/08/03 11:04:27.305, 7, P0, 37, 243.31 W, 1965 MHz, 3996 MHz, 0 %, 0 MiB
2026/08/03 11:04:28.305, 0, P0, 36, 250.65 W, 1965 MHz, 3996 MHz, 86 %, 161505 MiB
2026/08/03 11:04:28.305, 1, P0, 33, 247.09 W, 1965 MHz, 3996 MHz, 6 %, 161505 MiB
2026/08/03 11:04:28.305, 2, P0, 36, 236.11 W, 1965 MHz, 3996 MHz, 0 %, 0 MiB
2026/08/03 11:04:28.305, 3, P0, 32, 238.67 W, 1965 MHz, 3996 MHz, 0 %, 0 MiB
2026/08/03 11:04:28.305, 4, P0, 33, 235.84 W, 1965 MHz, 3996 MHz, 0 %, 0 MiB
2026/08/03 11:04:28.305, 5, P0, 36, 244.90 W, 1965 MHz, 3996 MHz, 0 %, 0 MiB
2026/08/03 11:04:28.305, 6, P0, 33, 242.40 W, 1965 MHz, 3996 MHz, 0 %, 0 MiB
2026/08/03 11:04:28.305, 7, P0, 37, 243.30 W, 1965 MHz, 3996 MHz, 0 %, 0 MiB
2026/08/03 11:04:29.305, 0, P0, 36, 251.77 W, 1965 MHz, 3996 MHz, 89 %, 161505 MiB
2026/08/03 11:04:29.305, 1, P0, 33, 246.95 W, 1965 MHz, 3996 MHz, 6 %, 161505 MiB
2026/08/03 11:04:29.305, 2, P0, 36, 236.16 W, 1965 MHz, 3996 MHz, 0 %, 0 MiB
2026/08/03 11:04:29.305, 3, P0, 32, 238.67 W, 1965 MHz, 3996 MHz, 0 %, 0 MiB
2026/08/03 11:04:29.305, 4, P0, 33, 235.85 W, 1965 MHz, 3996 MHz, 0 %, 0 MiB
2026/08/03 11:04:29.305, 5, P0, 36, 244.88 W, 1965 MHz, 3996 MHz, 0 %, 0 MiB
2026/08/03 11:04:29.305, 6, P0, 33, 242.40 W, 1965 MHz, 3996 MHz, 0 %, 0 MiB
2026/08/03 11:04:29.305, 7, P0, 37, 243.32 W, 1965 MHz, 3996 MHz, 0 %, 0 MiB
2026/08/03 11:04:30.306, 0, P0, 36, 251.03 W, 1965 MHz, 3996 MHz, 81 %, 161505 MiB
2026/08/03 11:04:30.306, 1, P0, 33, 248.11 W, 1965 MHz, 3996 MHz, 6 %, 161505 MiB
2026/08/03 11:04:30.306, 2, P0, 36, 236.14 W, 1965 MHz, 3996 MHz, 0 %, 0 MiB
2026/08/03 11:04:30.306, 3, P0, 32, 238.63 W, 1965 MHz, 3996 MHz, 0 %, 0 MiB
2026/08/03 11:04:30.306, 4, P0, 33, 235.80 W, 1965 MHz, 3996 MHz, 0 %, 0 MiB
2026/08/03 11:04:30.306, 5, P0, 36, 244.88 W, 1965 MHz, 3996 MHz, 0 %, 0 MiB
2026/08/03 11:04:30.306, 6, P0, 33, 242.43 W, 1965 MHz, 3996 MHz, 0 %, 0 MiB
2026/08/03 11:04:30.306, 7, P0, 37, 243.30 W, 1965 MHz, 3996 MHz, 0 %, 0 MiB
2026/08/03 11:04:31.306, 0, P0, 36, 251.02 W, 1965 MHz, 3996 MHz, 11 %, 161505 MiB
2026/08/03 11:04:31.306, 1, P0, 33, 246.99 W, 1965 MHz, 3996 MHz, 17 %, 161505 MiB
2026/08/03 11:04:31.306, 2, P0, 36, 236.15 W, 1965 MHz, 3996 MHz, 0 %, 0 MiB
2026/08/03 11:04:31.306, 3, P0, 32, 238.61 W, 1965 MHz, 3996 MHz, 0 %, 0 MiB
2026/08/03 11:04:31.306, 4, P0, 33, 235.85 W, 1965 MHz, 3996 MHz, 0 %, 0 MiB
2026/08/03 11:04:31.306, 5, P0, 36, 244.85 W, 1965 MHz, 3996 MHz, 0 %, 0 MiB
2026/08/03 11:04:31.306, 6, P0, 33, 242.39 W, 1965 MHz, 3996 MHz, 0 %, 0 MiB
2026/08/03 11:04:31.306, 7, P0, 37, 243.27 W, 1965 MHz, 3996 MHz, 0 %, 0 MiB
2026/08/03 11:04:32.306, 0, P0, 36, 251.36 W, 1965 MHz, 3996 MHz, 81 %, 161505 MiB
2026/08/03 11:04:32.306, 1, P0, 33, 247.37 W, 1965 MHz, 3996 MHz, 6 %, 161505 MiB
2026/08/03 11:04:32.306, 2, P0, 36, 236.12 W, 1965 MHz, 3996 MHz, 0 %, 0 MiB
2026/08/03 11:04:32.306, 3, P0, 33, 238.58 W, 1965 MHz, 3996 MHz, 0 %, 0 MiB
2026/08/03 11:04:32.306, 4, P0, 33, 235.84 W, 1965 MHz, 3996 MHz, 0 %, 0 MiB
2026/08/03 11:04:32.306, 5, P0, 36, 244.88 W, 1965 MHz, 3996 MHz, 0 %, 0 MiB
2026/08/03 11:04:32.306, 6, P0, 33, 242.38 W, 1965 MHz, 3996 MHz, 0 %, 0 MiB
2026/08/03 11:04:32.306, 7, P0, 37, 243.21 W, 1965 MHz, 3996 MHz, 0 %, 0 MiB
2026/08/03 11:04:33.306, 0, P0, 36, 251.84 W, 1965 MHz, 3996 MHz, 80 %, 161505 MiB
2026/08/03 11:04:33.306, 1, P0, 33, 247.47 W, 1965 MHz, 3996 MHz, 8 %, 161505 MiB
2026/08/03 11:04:33.306, 2, P0, 36, 236.16 W, 1965 MHz, 3996 MHz, 0 %, 0 MiB
2026/08/03 11:04:33.306, 3, P0, 32, 238.58 W, 1965 MHz, 3996 MHz, 0 %, 0 MiB
2026/08/03 11:04:33.306, 4, P0, 33, 235.84 W, 1965 MHz, 3996 MHz, 0 %, 0 MiB
2026/08/03 11:04:33.306, 5, P0, 36, 244.85 W, 1965 MHz, 3996 MHz, 0 %, 0 MiB
2026/08/03 11:04:33.306, 6, P0, 33, 242.42 W, 1965 MHz, 3996 MHz, 0 %, 0 MiB
2026/08/03 11:04:33.307, 7, P0, 37, 243.29 W, 1965 MHz, 3996 MHz, 0 %, 0 MiB
2026/08/03 11:04:34.307, 0, P0, 36, 251.87 W, 1965 MHz, 3996 MHz, 82 %, 161505 MiB
2026/08/03 11:04:34.307, 1, P0, 33, 247.12 W, 1965 MHz, 3996 MHz, 6 %, 161505 MiB
2026/08/03 11:04:34.307, 2, P0, 36, 236.14 W, 1965 MHz, 3996 MHz, 0 %, 0 MiB
2026/08/03 11:04:34.307, 3, P0, 32, 238.59 W, 1965 MHz, 3996 MHz, 0 %, 0 MiB
2026/08/03 11:04:34.307, 4, P0, 33, 235.86 W, 1965 MHz, 3996 MHz, 0 %, 0 MiB
2026/08/03 11:04:34.307, 5, P0, 36, 244.85 W, 1965 MHz, 3996 MHz, 0 %, 0 MiB
2026/08/03 11:04:34.307, 6, P0, 33, 242.37 W, 1965 MHz, 3996 MHz, 0 %, 0 MiB
2026/08/03 11:04:34.307, 7, P0, 37, 243.31 W, 1965 MHz, 3996 MHz, 0 %, 0 MiB
2026/08/03 11:04:35.307, 0, P0, 36, 251.15 W, 1965 MHz, 3996 MHz, 81 %, 161505 MiB
2026/08/03 11:04:35.307, 1, P0, 33, 247.20 W, 1965 MHz, 3996 MHz, 6 %, 161505 MiB
2026/08/03 11:04:35.307, 2, P0, 36, 236.23 W, 1965 MHz, 3996 MHz, 0 %, 0 MiB
2026/08/03 11:04:35.307, 3, P0, 32, 238.60 W, 1965 MHz, 3996 MHz, 0 %, 0 MiB
2026/08/03 11:04:35.307, 4, P0, 33, 235.85 W, 1965 MHz, 3996 MHz, 0 %, 0 MiB
2026/08/03 11:04:35.307, 5, P0, 36, 244.79 W, 1965 MHz, 3996 MHz, 0 %, 0 MiB
2026/08/03 11:04:35.307, 6, P0, 33, 242.39 W, 1965 MHz, 3996 MHz, 0 %, 0 MiB
2026/08/03 11:04:35.307, 7, P0, 37, 243.29 W, 1965 MHz, 3996 MHz, 0 %, 0 MiB
2026/08/03 11:04:36.307, 0, P0, 36, 251.04 W, 1965 MHz, 3996 MHz, 82 %, 161505 MiB
2026/08/03 11:04:36.307, 1, P0, 33, 247.60 W, 1965 MHz, 3996 MHz, 6 %, 161505 MiB
2026/08/03 11:04:36.307, 2, P0, 36, 236.11 W, 1965 MHz, 3996 MHz, 0 %, 0 MiB
2026/08/03 11:04:36.307, 3, P0, 32, 238.59 W, 1965 MHz, 3996 MHz, 0 %, 0 MiB
2026/08/03 11:04:36.307, 4, P0, 33, 235.86 W, 1965 MHz, 3996 MHz, 0 %, 0 MiB
2026/08/03 11:04:36.307, 5, P0, 36, 244.84 W, 1965 MHz, 3996 MHz, 0 %, 0 MiB
2026/08/03 11:04:36.307, 6, P0, 33, 242.38 W, 1965 MHz, 3996 MHz, 0 %, 0 MiB
2026/08/03 11:04:36.307, 7, P0, 37, 243.31 W, 1965 MHz, 3996 MHz, 0 %, 0 MiB
2026/08/03 11:04:37.307, 0, P0, 36, 251.10 W, 1965 MHz, 3996 MHz, 85 %, 161505 MiB
2026/08/03 11:04:37.308, 1, P0, 33, 247.35 W, 1965 MHz, 3996 MHz, 6 %, 161505 MiB
2026/08/03 11:04:37.308, 2, P0, 36, 236.14 W, 1965 MHz, 3996 MHz, 0 %, 0 MiB
2026/08/03 11:04:37.308, 3, P0, 32, 238.66 W, 1965 MHz, 3996 MHz, 0 %, 0 MiB
2026/08/03 11:04:37.308, 4, P0, 33, 235.83 W, 1965 MHz, 3996 MHz, 0 %, 0 MiB
2026/08/03 11:04:37.308, 5, P0, 36, 244.86 W, 1965 MHz, 3996 MHz, 0 %, 0 MiB
2026/08/03 11:04:37.308, 6, P0, 33, 242.40 W, 1965 MHz, 3996 MHz, 0 %, 0 MiB
2026/08/03 11:04:37.308, 7, P0, 37, 243.32 W, 1965 MHz, 3996 MHz, 0 %, 0 MiB
2026/08/03 11:04:38.308, 0, P0, 36, 252.05 W, 1965 MHz, 3996 MHz, 88 %, 161505 MiB
2026/08/03 11:04:38.308, 1, P0, 33, 247.13 W, 1965 MHz, 3996 MHz, 6 %, 161505 MiB
2026/08/03 11:04:38.308, 2, P0, 36, 236.12 W, 1965 MHz, 3996 MHz, 0 %, 0 MiB
2026/08/03 11:04:38.308, 3, P0, 32, 238.62 W, 1965 MHz, 3996 MHz, 0 %, 0 MiB
2026/08/03 11:04:38.308, 4, P0, 33, 235.79 W, 1965 MHz, 3996 MHz, 0 %, 0 MiB
2026/08/03 11:04:38.308, 5, P0, 36, 244.86 W, 1965 MHz, 3996 MHz, 0 %, 0 MiB
2026/08/03 11:04:38.308, 6, P0, 33, 242.37 W, 1965 MHz, 3996 MHz, 0 %, 0 MiB
2026/08/03 11:04:38.308, 7, P0, 37, 243.31 W, 1965 MHz, 3996 MHz, 0 %, 0 MiB
2026/08/03 11:04:39.308, 0, P0, 36, 250.77 W, 1965 MHz, 3996 MHz, 96 %, 161505 MiB
2026/08/03 11:04:39.308, 1, P0, 33, 247.15 W, 1965 MHz, 3996 MHz, 6 %, 161505 MiB
2026/08/03 11:04:39.308, 2, P0, 36, 236.10 W, 1965 MHz, 3996 MHz, 0 %, 0 MiB
2026/08/03 11:04:39.308, 3, P0, 32, 238.62 W, 1965 MHz, 3996 MHz, 0 %, 0 MiB
2026/08/03 11:04:39.308, 4, P0, 33, 235.79 W, 1965 MHz, 3996 MHz, 0 %, 0 MiB
2026/08/03 11:04:39.308, 5, P0, 36, 244.88 W, 1965 MHz, 3996 MHz, 0 %, 0 MiB
2026/08/03 11:04:39.308, 6, P0, 33, 242.39 W, 1965 MHz, 3996 MHz, 0 %, 0 MiB
2026/08/03 11:04:39.308, 7, P0, 37, 243.34 W, 1965 MHz, 3996 MHz, 0 %, 0 MiB
2026/08/03 11:04:40.308, 0, P0, 36, 251.17 W, 1965 MHz, 3996 MHz, 87 %, 161505 MiB
2026/08/03 11:04:40.308, 1, P0, 33, 246.42 W, 1965 MHz, 3996 MHz, 6 %, 161505 MiB
2026/08/03 11:04:40.308, 2, P0, 36, 236.09 W, 1965 MHz, 3996 MHz, 0 %, 0 MiB
2026/08/03 11:04:40.308, 3, P0, 32, 238.50 W, 1965 MHz, 3996 MHz, 0 %, 0 MiB
2026/08/03 11:04:40.308, 4, P0, 33, 235.76 W, 1965 MHz, 3996 MHz, 0 %, 0 MiB
2026/08/03 11:04:40.308, 5, P0, 36, 244.85 W, 1965 MHz, 3996 MHz, 0 %, 0 MiB
2026/08/03 11:04:40.308, 6, P0, 33, 242.41 W, 1965 MHz, 3996 MHz, 0 %, 0 MiB
2026/08/03 11:04:40.309, 7, P0, 37, 243.37 W, 1965 MHz, 3996 MHz, 0 %, 0 MiB
2026/08/03 11:04:41.309, 0, P0, 36, 251.25 W, 1965 MHz, 3996 MHz, 81 %, 161505 MiB
2026/08/03 11:04:41.309, 1, P0, 33, 246.93 W, 1965 MHz, 3996 MHz, 6 %, 161505 MiB
2026/08/03 11:04:41.309, 2, P0, 36, 236.11 W, 1965 MHz, 3996 MHz, 0 %, 0 MiB
2026/08/03 11:04:41.309, 3, P0, 32, 238.65 W, 1965 MHz, 3996 MHz, 0 %, 0 MiB
2026/08/03 11:04:41.309, 4, P0, 33, 235.78 W, 1965 MHz, 3996 MHz, 0 %, 0 MiB
2026/08/03 11:04:41.309, 5, P0, 36, 244.81 W, 1965 MHz, 3996 MHz, 0 %, 0 MiB
2026/08/03 11:04:41.309, 6, P0, 33, 242.39 W, 1965 MHz, 3996 MHz, 0 %, 0 MiB
2026/08/03 11:04:41.309, 7, P0, 37, 243.38 W, 1965 MHz, 3996 MHz, 0 %, 0 MiB
2026/08/03 11:04:42.309, 0, P0, 36, 251.44 W, 1965 MHz, 3996 MHz, 75 %, 161505 MiB
2026/08/03 11:04:42.309, 1, P0, 33, 246.78 W, 1965 MHz, 3996 MHz, 6 %, 161505 MiB
2026/08/03 11:04:42.309, 2, P0, 36, 236.12 W, 1965 MHz, 3996 MHz, 0 %, 0 MiB
2026/08/03 11:04:42.309, 3, P0, 32, 238.60 W, 1965 MHz, 3996 MHz, 0 %, 0 MiB
2026/08/03 11:04:42.309, 4, P0, 33, 235.81 W, 1965 MHz, 3996 MHz, 0 %, 0 MiB
2026/08/03 11:04:42.309, 5, P0, 36, 244.85 W, 1965 MHz, 3996 MHz, 0 %, 0 MiB
2026/08/03 11:04:42.309, 6, P0, 33, 242.38 W, 1965 MHz, 3996 MHz, 0 %, 0 MiB
2026/08/03 11:04:42.309, 7, P0, 37, 243.39 W, 1965 MHz, 3996 MHz, 0 %, 0 MiB
2026/08/03 11:04:43.309, 0, P0, 36, 287.05 W, 1965 MHz, 3996 MHz, 90 %, 161505 MiB
2026/08/03 11:04:43.309, 1, P0, 33, 258.55 W, 1965 MHz, 3996 MHz, 6 %, 161505 MiB
2026/08/03 11:04:43.309, 2, P0, 36, 236.23 W, 1965 MHz, 3996 MHz, 0 %, 0 MiB
2026/08/03 11:04:43.309, 3, P0, 33, 238.60 W, 1965 MHz, 3996 MHz, 0 %, 0 MiB
2026/08/03 11:04:43.309, 4, P0, 33, 235.82 W, 1965 MHz, 3996 MHz, 0 %, 0 MiB
2026/08/03 11:04:43.309, 5, P0, 36, 244.75 W, 1965 MHz, 3996 MHz, 0 %, 0 MiB
2026/08/03 11:04:43.309, 6, P0, 33, 242.40 W, 1965 MHz, 3996 MHz, 0 %, 0 MiB
2026/08/03 11:04:43.309, 7, P0, 37, 243.35 W, 1965 MHz, 3996 MHz, 0 %, 0 MiB
2026/08/03 11:04:44.309, 0, P0, 36, 251.51 W, 1965 MHz, 3996 MHz, 90 %, 161505 MiB
2026/08/03 11:04:44.309, 1, P0, 33, 247.07 W, 1965 MHz, 3996 MHz, 6 %, 161505 MiB
2026/08/03 11:04:44.309, 2, P0, 36, 236.16 W, 1965 MHz, 3996 MHz, 0 %, 0 MiB
2026/08/03 11:04:44.310, 3, P0, 33, 238.64 W, 1965 MHz, 3996 MHz, 0 %, 0 MiB
2026/08/03 11:04:44.310, 4, P0, 33, 235.86 W, 1965 MHz, 3996 MHz, 0 %, 0 MiB
2026/08/03 11:04:44.310, 5, P0, 36, 244.77 W, 1965 MHz, 3996 MHz, 0 %, 0 MiB
2026/08/03 11:04:44.310, 6, P0, 33, 242.37 W, 1965 MHz, 3996 MHz, 0 %, 0 MiB
2026/08/03 11:04:44.310, 7, P0, 37, 243.37 W, 1965 MHz, 3996 MHz, 0 %, 0 MiB
2026/08/03 11:04:45.310, 0, P0, 36, 290.73 W, 1965 MHz, 3996 MHz, 87 %, 161505 MiB
2026/08/03 11:04:45.310, 1, P0, 33, 258.67 W, 1965 MHz, 3996 MHz, 6 %, 161505 MiB
2026/08/03 11:04:45.310, 2, P0, 36, 236.13 W, 1965 MHz, 3996 MHz, 0 %, 0 MiB
2026/08/03 11:04:45.310, 3, P0, 33, 238.60 W, 1965 MHz, 3996 MHz, 0 %, 0 MiB
2026/08/03 11:04:45.310, 4, P0, 33, 235.85 W, 1965 MHz, 3996 MHz, 0 %, 0 MiB
2026/08/03 11:04:45.310, 5, P0, 36, 244.84 W, 1965 MHz, 3996 MHz, 0 %, 0 MiB
2026/08/03 11:04:45.310, 6, P0, 33, 242.37 W, 1965 MHz, 3996 MHz, 0 %, 0 MiB
2026/08/03 11:04:45.310, 7, P0, 37, 243.32 W, 1965 MHz, 3996 MHz, 0 %, 0 MiB
2026/08/03 11:04:46.310, 0, P0, 36, 251.10 W, 1965 MHz, 3996 MHz, 86 %, 161505 MiB
2026/08/03 11:04:46.310, 1, P0, 33, 247.34 W, 1965 MHz, 3996 MHz, 6 %, 161505 MiB
2026/08/03 11:04:46.310, 2, P0, 36, 236.18 W, 1965 MHz, 3996 MHz, 0 %, 0 MiB
2026/08/03 11:04:46.310, 3, P0, 33, 238.72 W, 1965 MHz, 3996 MHz, 0 %, 0 MiB
2026/08/03 11:04:46.310, 4, P0, 33, 235.86 W, 1965 MHz, 3996 MHz, 0 %, 0 MiB
2026/08/03 11:04:46.310, 5, P0, 36, 244.76 W, 1965 MHz, 3996 MHz, 0 %, 0 MiB
2026/08/03 11:04:46.310, 6, P0, 33, 242.39 W, 1965 MHz, 3996 MHz, 0 %, 0 MiB
2026/08/03 11:04:46.310, 7, P0, 37, 243.32 W, 1965 MHz, 3996 MHz, 0 %, 0 MiB
2026/08/03 11:04:47.310, 0, P0, 37, 285.52 W, 1965 MHz, 3996 MHz, 87 %, 161505 MiB
2026/08/03 11:04:47.310, 1, P0, 34, 259.17 W, 1965 MHz, 3996 MHz, 6 %, 161505 MiB
2026/08/03 11:04:47.310, 2, P0, 36, 236.22 W, 1965 MHz, 3996 MHz, 0 %, 0 MiB
2026/08/03 11:04:47.310, 3, P0, 33, 238.61 W, 1965 MHz, 3996 MHz, 0 %, 0 MiB
2026/08/03 11:04:47.310, 4, P0, 33, 235.77 W, 1965 MHz, 3996 MHz, 0 %, 0 MiB
2026/08/03 11:04:47.310, 5, P0, 36, 244.79 W, 1965 MHz, 3996 MHz, 0 %, 0 MiB
2026/08/03 11:04:47.310, 6, P0, 33, 242.42 W, 1965 MHz, 3996 MHz, 0 %, 0 MiB
2026/08/03 11:04:47.310, 7, P0, 37, 243.27 W, 1965 MHz, 3996 MHz, 0 %, 0 MiB
2026/08/03 11:04:48.311, 0, P0, 36, 248.02 W, 1965 MHz, 3996 MHz, 59 %, 161505 MiB
2026/08/03 11:04:48.311, 1, P0, 33, 243.26 W, 1965 MHz, 3996 MHz, 6 %, 161505 MiB
2026/08/03 11:04:48.311, 2, P0, 36, 236.11 W, 1965 MHz, 3996 MHz, 0 %, 0 MiB
2026/08/03 11:04:48.311, 3, P0, 33, 238.68 W, 1965 MHz, 3996 MHz, 0 %, 0 MiB
2026/08/03 11:04:48.311, 4, P0, 33, 235.79 W, 1965 MHz, 3996 MHz, 0 %, 0 MiB
2026/08/03 11:04:48.311, 5, P0, 36, 244.81 W, 1965 MHz, 3996 MHz, 0 %, 0 MiB
2026/08/03 11:04:48.311, 6, P0, 33, 242.45 W, 1965 MHz, 3996 MHz, 0 %, 0 MiB
2026/08/03 11:04:48.311, 7, P0, 37, 243.33 W, 1965 MHz, 3996 MHz, 0 %, 0 MiB
2026/08/03 11:04:49.311, 0, P0, 36, 246.83 W, 1965 MHz, 3996 MHz, 86 %, 161505 MiB
2026/08/03 11:04:49.311, 1, P0, 33, 244.66 W, 1965 MHz, 3996 MHz, 6 %, 161505 MiB
2026/08/03 11:04:49.311, 2, P0, 36, 236.09 W, 1965 MHz, 3996 MHz, 0 %, 0 MiB
2026/08/03 11:04:49.311, 3, P0, 33, 238.64 W, 1965 MHz, 3996 MHz, 0 %, 0 MiB
2026/08/03 11:04:49.311, 4, P0, 33, 235.84 W, 1965 MHz, 3996 MHz, 0 %, 0 MiB
2026/08/03 11:04:49.311, 5, P0, 36, 244.77 W, 1965 MHz, 3996 MHz, 0 %, 0 MiB
2026/08/03 11:04:49.311, 6, P0, 33, 242.47 W, 1965 MHz, 3996 MHz, 0 %, 0 MiB
2026/08/03 11:04:49.311, 7, P0, 37, 243.35 W, 1965 MHz, 3996 MHz, 0 %, 0 MiB
2026/08/03 11:04:50.311, 0, P0, 38, 285.72 W, 1965 MHz, 3996 MHz, 77 %, 161505 MiB
2026/08/03 11:04:50.311, 1, P0, 34, 259.83 W, 1965 MHz, 3996 MHz, 10 %, 161505 MiB
2026/08/03 11:04:50.311, 2, P0, 36, 236.09 W, 1965 MHz, 3996 MHz, 0 %, 0 MiB
2026/08/03 11:04:50.311, 3, P0, 32, 238.61 W, 1965 MHz, 3996 MHz, 0 %, 0 MiB
2026/08/03 11:04:50.311, 4, P0, 33, 235.81 W, 1965 MHz, 3996 MHz, 0 %, 0 MiB
2026/08/03 11:04:50.311, 5, P0, 36, 244.85 W, 1965 MHz, 3996 MHz, 0 %, 0 MiB
2026/08/03 11:04:50.311, 6, P0, 33, 242.41 W, 1965 MHz, 3996 MHz, 0 %, 0 MiB
2026/08/03 11:04:50.311, 7, P0, 37, 243.31 W, 1965 MHz, 3996 MHz, 0 %, 0 MiB
2026/08/03 11:04:51.311, 0, P0, 36, 253.10 W, 1965 MHz, 3996 MHz, 82 %, 161505 MiB
2026/08/03 11:04:51.311, 1, P0, 33, 247.12 W, 1965 MHz, 3996 MHz, 6 %, 161505 MiB
2026/08/03 11:04:51.311, 2, P0, 36, 236.16 W, 1965 MHz, 3996 MHz, 0 %, 0 MiB
2026/08/03 11:04:51.311, 3, P0, 33, 238.62 W, 1965 MHz, 3996 MHz, 0 %, 0 MiB
2026/08/03 11:04:51.312, 4, P0, 33, 235.84 W, 1965 MHz, 3996 MHz, 0 %, 0 MiB
2026/08/03 11:04:51.312, 5, P0, 36, 244.80 W, 1965 MHz, 3996 MHz, 0 %, 0 MiB
2026/08/03 11:04:51.312, 6, P0, 33, 242.37 W, 1965 MHz, 3996 MHz, 0 %, 0 MiB
2026/08/03 11:04:51.312, 7, P0, 37, 243.30 W, 1965 MHz, 3996 MHz, 0 %, 0 MiB
2026/08/03 11:04:52.312, 0, P0, 36, 252.05 W, 1965 MHz, 3996 MHz, 85 %, 161505 MiB
2026/08/03 11:04:52.312, 1, P0, 33, 247.60 W, 1965 MHz, 3996 MHz, 6 %, 161505 MiB
2026/08/03 11:04:52.312, 2, P0, 36, 236.16 W, 1965 MHz, 3996 MHz, 0 %, 0 MiB
2026/08/03 11:04:52.312, 3, P0, 32, 238.64 W, 1965 MHz, 3996 MHz, 0 %, 0 MiB
2026/08/03 11:04:52.312, 4, P0, 33, 235.84 W, 1965 MHz, 3996 MHz, 0 %, 0 MiB
2026/08/03 11:04:52.312, 5, P0, 36, 244.86 W, 1965 MHz, 3996 MHz, 0 %, 0 MiB
2026/08/03 11:04:52.312, 6, P0, 33, 242.37 W, 1965 MHz, 3996 MHz, 0 %, 0 MiB
2026/08/03 11:04:52.312, 7, P0, 37, 243.36 W, 1965 MHz, 3996 MHz, 0 %, 0 MiB
2026/08/03 11:04:53.312, 0, P0, 36, 252.10 W, 1965 MHz, 3996 MHz, 90 %, 161505 MiB
2026/08/03 11:04:53.312, 1, P0, 33, 247.14 W, 1965 MHz, 3996 MHz, 6 %, 161505 MiB
2026/08/03 11:04:53.312, 2, P0, 36, 236.15 W, 1965 MHz, 3996 MHz, 0 %, 0 MiB
2026/08/03 11:04:53.312, 3, P0, 32, 238.60 W, 1965 MHz, 3996 MHz, 0 %, 0 MiB
2026/08/03 11:04:53.312, 4, P0, 33, 235.77 W, 1965 MHz, 3996 MHz, 0 %, 0 MiB
2026/08/03 11:04:53.312, 5, P0, 36, 244.88 W, 1965 MHz, 3996 MHz, 0 %, 0 MiB
2026/08/03 11:04:53.312, 6, P0, 33, 242.38 W, 1965 MHz, 3996 MHz, 0 %, 0 MiB
2026/08/03 11:04:53.312, 7, P0, 37, 243.29 W, 1965 MHz, 3996 MHz, 0 %, 0 MiB
2026/08/03 11:04:54.312, 0, P0, 36, 251.30 W, 1965 MHz, 3996 MHz, 90 %, 161505 MiB
2026/08/03 11:04:54.312, 1, P0, 33, 247.19 W, 1965 MHz, 3996 MHz, 6 %, 161505 MiB
2026/08/03 11:04:54.312, 2, P0, 36, 236.14 W, 1965 MHz, 3996 MHz, 0 %, 0 MiB
2026/08/03 11:04:54.312, 3, P0, 33, 238.66 W, 1965 MHz, 3996 MHz, 0 %, 0 MiB
2026/08/03 11:04:54.312, 4, P0, 33, 235.75 W, 1965 MHz, 3996 MHz, 0 %, 0 MiB
2026/08/03 11:04:54.312, 5, P0, 36, 244.81 W, 1965 MHz, 3996 MHz, 0 %, 0 MiB
2026/08/03 11:04:54.312, 6, P0, 33, 242.36 W, 1965 MHz, 3996 MHz, 0 %, 0 MiB
2026/08/03 11:04:54.312, 7, P0, 37, 243.29 W, 1965 MHz, 3996 MHz, 0 %, 0 MiB
2026/08/03 11:04:55.312, 0, P0, 36, 251.48 W, 1965 MHz, 3996 MHz, 92 %, 161505 MiB
2026/08/03 11:04:55.312, 1, P0, 33, 247.14 W, 1965 MHz, 3996 MHz, 6 %, 161505 MiB
2026/08/03 11:04:55.312, 2, P0, 36, 236.12 W, 1965 MHz, 3996 MHz, 0 %, 0 MiB
2026/08/03 11:04:55.313, 3, P0, 32, 238.55 W, 1965 MHz, 3996 MHz, 0 %, 0 MiB
2026/08/03 11:04:55.313, 4, P0, 33, 235.85 W, 1965 MHz, 3996 MHz, 0 %, 0 MiB
2026/08/03 11:04:55.313, 5, P0, 36, 244.89 W, 1965 MHz, 3996 MHz, 0 %, 0 MiB
2026/08/03 11:04:55.313, 6, P0, 33, 242.40 W, 1965 MHz, 3996 MHz, 0 %, 0 MiB
2026/08/03 11:04:55.313, 7, P0, 37, 243.32 W, 1965 MHz, 3996 MHz, 0 %, 0 MiB
2026/08/03 11:04:56.313, 0, P0, 36, 251.42 W, 1965 MHz, 3996 MHz, 89 %, 161505 MiB
2026/08/03 11:04:56.313, 1, P0, 33, 247.76 W, 1965 MHz, 3996 MHz, 6 %, 161505 MiB
2026/08/03 11:04:56.313, 2, P0, 36, 236.12 W, 1965 MHz, 3996 MHz, 0 %, 0 MiB
2026/08/03 11:04:56.313, 3, P0, 33, 238.68 W, 1965 MHz, 3996 MHz, 0 %, 0 MiB
2026/08/03 11:04:56.313, 4, P0, 33, 235.77 W, 1965 MHz, 3996 MHz, 0 %, 0 MiB
2026/08/03 11:04:56.313, 5, P0, 36, 244.95 W, 1965 MHz, 3996 MHz, 0 %, 0 MiB
2026/08/03 11:04:56.313, 6, P0, 33, 242.38 W, 1965 MHz, 3996 MHz, 0 %, 0 MiB
2026/08/03 11:04:56.313, 7, P0, 37, 243.31 W, 1965 MHz, 3996 MHz, 0 %, 0 MiB
2026/08/03 11:04:57.313, 0, P0, 36, 251.95 W, 1965 MHz, 3996 MHz, 82 %, 161505 MiB
2026/08/03 11:04:57.313, 1, P0, 33, 247.77 W, 1965 MHz, 3996 MHz, 6 %, 161505 MiB
2026/08/03 11:04:57.313, 2, P0, 36, 236.12 W, 1965 MHz, 3996 MHz, 0 %, 0 MiB
2026/08/03 11:04:57.313, 3, P0, 33, 238.65 W, 1965 MHz, 3996 MHz, 0 %, 0 MiB
2026/08/03 11:04:57.313, 4, P0, 33, 235.79 W, 1965 MHz, 3996 MHz, 0 %, 0 MiB
2026/08/03 11:04:57.313, 5, P0, 36, 244.91 W, 1965 MHz, 3996 MHz, 0 %, 0 MiB
2026/08/03 11:04:57.313, 6, P0, 33, 242.35 W, 1965 MHz, 3996 MHz, 0 %, 0 MiB
2026/08/03 11:04:57.313, 7, P0, 37, 243.35 W, 1965 MHz, 3996 MHz, 0 %, 0 MiB
2026/08/03 11:04:58.313, 0, P0, 36, 252.05 W, 1965 MHz, 3996 MHz, 80 %, 161505 MiB
2026/08/03 11:04:58.313, 1, P0, 33, 246.93 W, 1965 MHz, 3996 MHz, 6 %, 161505 MiB
2026/08/03 11:04:58.313, 2, P0, 36, 236.14 W, 1965 MHz, 3996 MHz, 0 %, 0 MiB
2026/08/03 11:04:58.313, 3, P0, 33, 238.54 W, 1965 MHz, 3996 MHz, 0 %, 0 MiB
2026/08/03 11:04:58.313, 4, P0, 33, 235.83 W, 1965 MHz, 3996 MHz, 0 %, 0 MiB
2026/08/03 11:04:58.313, 5, P0, 36, 244.86 W, 1965 MHz, 3996 MHz, 0 %, 0 MiB
2026/08/03 11:04:58.313, 6, P0, 33, 242.38 W, 1965 MHz, 3996 MHz, 0 %, 0 MiB
2026/08/03 11:04:58.313, 7, P0, 37, 243.35 W, 1965 MHz, 3996 MHz, 0 %, 0 MiB
2026/08/03 11:04:59.313, 0, P0, 36, 288.70 W, 1965 MHz, 3996 MHz, 84 %, 161505 MiB
2026/08/03 11:04:59.313, 1, P0, 33, 259.68 W, 1965 MHz, 3996 MHz, 6 %, 161505 MiB
2026/08/03 11:04:59.314, 2, P0, 36, 236.10 W, 1965 MHz, 3996 MHz, 0 %, 0 MiB
2026/08/03 11:04:59.314, 3, P0, 33, 238.66 W, 1965 MHz, 3996 MHz, 0 %, 0 MiB
2026/08/03 11:04:59.314, 4, P0, 33, 235.85 W, 1965 MHz, 3996 MHz, 0 %, 0 MiB
2026/08/03 11:04:59.314, 5, P0, 36, 244.86 W, 1965 MHz, 3996 MHz, 0 %, 0 MiB
2026/08/03 11:04:59.314, 6, P0, 33, 242.37 W, 1965 MHz, 3996 MHz, 0 %, 0 MiB
2026/08/03 11:04:59.314, 7, P0, 37, 243.31 W, 1965 MHz, 3996 MHz, 0 %, 0 MiB
2026/08/03 11:05:00.314, 0, P0, 36, 251.74 W, 1965 MHz, 3996 MHz, 88 %, 161505 MiB
2026/08/03 11:05:00.314, 1, P0, 33, 247.40 W, 1965 MHz, 3996 MHz, 6 %, 161505 MiB
2026/08/03 11:05:00.314, 2, P0, 36, 236.19 W, 1965 MHz, 3996 MHz, 0 %, 0 MiB
2026/08/03 11:05:00.314, 3, P0, 33, 238.68 W, 1965 MHz, 3996 MHz, 0 %, 0 MiB
2026/08/03 11:05:00.314, 4, P0, 33, 235.86 W, 1965 MHz, 3996 MHz, 0 %, 0 MiB
2026/08/03 11:05:00.314, 5, P0, 36, 244.85 W, 1965 MHz, 3996 MHz, 0 %, 0 MiB
2026/08/03 11:05:00.314, 6, P0, 33, 242.41 W, 1965 MHz, 3996 MHz, 0 %, 0 MiB
2026/08/03 11:05:00.314, 7, P0, 37, 243.37 W, 1965 MHz, 3996 MHz, 0 %, 0 MiB
2026/08/03 11:05:01.314, 0, P0, 37, 290.06 W, 1965 MHz, 3996 MHz, 87 %, 161505 MiB
2026/08/03 11:05:01.314, 1, P0, 34, 258.05 W, 1965 MHz, 3996 MHz, 6 %, 161505 MiB
2026/08/03 11:05:01.314, 2, P0, 36, 236.17 W, 1965 MHz, 3996 MHz, 0 %, 0 MiB
2026/08/03 11:05:01.314, 3, P0, 33, 238.62 W, 1965 MHz, 3996 MHz, 0 %, 0 MiB
2026/08/03 11:05:01.314, 4, P0, 33, 235.88 W, 1965 MHz, 3996 MHz, 0 %, 0 MiB
2026/08/03 11:05:01.314, 5, P0, 36, 244.77 W, 1965 MHz, 3996 MHz, 0 %, 0 MiB
2026/08/03 11:05:01.314, 6, P0, 33, 242.46 W, 1965 MHz, 3996 MHz, 0 %, 0 MiB
2026/08/03 11:05:01.314, 7, P0, 37, 243.27 W, 1965 MHz, 3996 MHz, 0 %, 0 MiB
2026/08/03 11:05:02.314, 0, P0, 36, 251.41 W, 1965 MHz, 3996 MHz, 91 %, 161505 MiB
2026/08/03 11:05:02.314, 1, P0, 33, 248.28 W, 1965 MHz, 3996 MHz, 6 %, 161505 MiB
2026/08/03 11:05:02.314, 2, P0, 36, 236.24 W, 1965 MHz, 3996 MHz, 0 %, 0 MiB
2026/08/03 11:05:02.314, 3, P0, 33, 238.64 W, 1965 MHz, 3996 MHz, 0 %, 0 MiB
2026/08/03 11:05:02.314, 4, P0, 33, 235.86 W, 1965 MHz, 3996 MHz, 0 %, 0 MiB
2026/08/03 11:05:02.314, 5, P0, 36, 244.82 W, 1965 MHz, 3996 MHz, 0 %, 0 MiB
2026/08/03 11:05:02.314, 6, P0, 33, 242.46 W, 1965 MHz, 3996 MHz, 0 %, 0 MiB
2026/08/03 11:05:02.314, 7, P0, 37, 243.30 W, 1965 MHz, 3996 MHz, 0 %, 0 MiB
2026/08/03 11:05:03.314, 0, P0, 36, 251.11 W, 1965 MHz, 3996 MHz, 70 %, 161505 MiB
2026/08/03 11:05:03.315, 1, P0, 33, 247.75 W, 1965 MHz, 3996 MHz, 6 %, 161505 MiB
2026/08/03 11:05:03.315, 2, P0, 36, 236.19 W, 1965 MHz, 3996 MHz, 0 %, 0 MiB
2026/08/03 11:05:03.315, 3, P0, 33, 238.67 W, 1965 MHz, 3996 MHz, 0 %, 0 MiB
2026/08/03 11:05:03.315, 4, P0, 33, 235.85 W, 1965 MHz, 3996 MHz, 0 %, 0 MiB
2026/08/03 11:05:03.315, 5, P0, 36, 244.86 W, 1965 MHz, 3996 MHz, 0 %, 0 MiB
2026/08/03 11:05:03.315, 6, P0, 33, 242.42 W, 1965 MHz, 3996 MHz, 0 %, 0 MiB
2026/08/03 11:05:03.315, 7, P0, 37, 243.28 W, 1965 MHz, 3996 MHz, 0 %, 0 MiB
2026/08/03 11:05:04.315, 0, P0, 36, 251.60 W, 1965 MHz, 3996 MHz, 91 %, 161505 MiB
2026/08/03 11:05:04.315, 1, P0, 33, 247.72 W, 1965 MHz, 3996 MHz, 6 %, 161505 MiB
2026/08/03 11:05:04.315, 2, P0, 36, 236.14 W, 1965 MHz, 3996 MHz, 0 %, 0 MiB
2026/08/03 11:05:04.315, 3, P0, 33, 238.64 W, 1965 MHz, 3996 MHz, 0 %, 0 MiB
2026/08/03 11:05:04.315, 4, P0, 33, 235.88 W, 1965 MHz, 3996 MHz, 0 %, 0 MiB
2026/08/03 11:05:04.315, 5, P0, 36, 244.77 W, 1965 MHz, 3996 MHz, 0 %, 0 MiB
2026/08/03 11:05:04.315, 6, P0, 33, 242.43 W, 1965 MHz, 3996 MHz, 0 %, 0 MiB
2026/08/03 11:05:04.315, 7, P0, 37, 243.31 W, 1965 MHz, 3996 MHz, 0 %, 0 MiB
2026/08/03 11:05:05.315, 0, P0, 36, 251.42 W, 1965 MHz, 3996 MHz, 86 %, 161505 MiB
2026/08/03 11:05:05.315, 1, P0, 33, 247.19 W, 1965 MHz, 3996 MHz, 6 %, 161505 MiB
2026/08/03 11:05:05.315, 2, P0, 36, 236.15 W, 1965 MHz, 3996 MHz, 0 %, 0 MiB
2026/08/03 11:05:05.315, 3, P0, 33, 238.68 W, 1965 MHz, 3996 MHz, 0 %, 0 MiB
2026/08/03 11:05:05.315, 4, P0, 33, 235.86 W, 1965 MHz, 3996 MHz, 0 %, 0 MiB
2026/08/03 11:05:05.315, 5, P0, 36, 244.87 W, 1965 MHz, 3996 MHz, 0 %, 0 MiB
2026/08/03 11:05:05.315, 6, P0, 33, 242.41 W, 1965 MHz, 3996 MHz, 0 %, 0 MiB
2026/08/03 11:05:05.315, 7, P0, 37, 243.35 W, 1965 MHz, 3996 MHz, 0 %, 0 MiB
2026/08/03 11:05:06.315, 0, P0, 36, 251.61 W, 1965 MHz, 3996 MHz, 77 %, 161505 MiB
2026/08/03 11:05:06.315, 1, P0, 33, 247.32 W, 1965 MHz, 3996 MHz, 6 %, 161505 MiB
2026/08/03 11:05:06.315, 2, P0, 36, 236.10 W, 1965 MHz, 3996 MHz, 0 %, 0 MiB
2026/08/03 11:05:06.315, 3, P0, 33, 238.62 W, 1965 MHz, 3996 MHz, 0 %, 0 MiB
2026/08/03 11:05:06.315, 4, P0, 33, 235.84 W, 1965 MHz, 3996 MHz, 0 %, 0 MiB
2026/08/03 11:05:06.315, 5, P0, 36, 244.87 W, 1965 MHz, 3996 MHz, 0 %, 0 MiB
2026/08/03 11:05:06.315, 6, P0, 33, 242.41 W, 1965 MHz, 3996 MHz, 0 %, 0 MiB
2026/08/03 11:05:06.315, 7, P0, 37, 243.39 W, 1965 MHz, 3996 MHz, 0 %, 0 MiB
2026/08/03 11:05:07.316, 0, P0, 36, 251.55 W, 1965 MHz, 3996 MHz, 64 %, 161505 MiB
2026/08/03 11:05:07.316, 1, P0, 33, 247.69 W, 1965 MHz, 3996 MHz, 6 %, 161505 MiB
2026/08/03 11:05:07.316, 2, P0, 36, 236.15 W, 1965 MHz, 3996 MHz, 0 %, 0 MiB
2026/08/03 11:05:07.316, 3, P0, 33, 238.65 W, 1965 MHz, 3996 MHz, 0 %, 0 MiB
2026/08/03 11:05:07.316, 4, P0, 33, 235.84 W, 1965 MHz, 3996 MHz, 0 %, 0 MiB
2026/08/03 11:05:07.316, 5, P0, 36, 244.85 W, 1965 MHz, 3996 MHz, 0 %, 0 MiB
2026/08/03 11:05:07.316, 6, P0, 33, 242.43 W, 1965 MHz, 3996 MHz, 0 %, 0 MiB
2026/08/03 11:05:07.316, 7, P0, 37, 243.29 W, 1965 MHz, 3996 MHz, 0 %, 0 MiB
2026/08/03 11:05:08.316, 0, P0, 36, 251.17 W, 1965 MHz, 3996 MHz, 79 %, 161505 MiB
2026/08/03 11:05:08.316, 1, P0, 33, 247.32 W, 1965 MHz, 3996 MHz, 6 %, 161505 MiB
2026/08/03 11:05:08.316, 2, P0, 36, 236.19 W, 1965 MHz, 3996 MHz, 0 %, 0 MiB
2026/08/03 11:05:08.316, 3, P0, 33, 238.75 W, 1965 MHz, 3996 MHz, 0 %, 0 MiB
2026/08/03 11:05:08.316, 4, P0, 33, 235.89 W, 1965 MHz, 3996 MHz, 0 %, 0 MiB
2026/08/03 11:05:08.316, 5, P0, 36, 244.95 W, 1965 MHz, 3996 MHz, 0 %, 0 MiB
2026/08/03 11:05:08.316, 6, P0, 33, 242.40 W, 1965 MHz, 3996 MHz, 0 %, 0 MiB
2026/08/03 11:05:08.316, 7, P0, 37, 243.28 W, 1965 MHz, 3996 MHz, 0 %, 0 MiB
2026/08/03 11:05:09.316, 0, P0, 36, 251.44 W, 1965 MHz, 3996 MHz, 86 %, 161505 MiB
2026/08/03 11:05:09.316, 1, P0, 33, 247.18 W, 1965 MHz, 3996 MHz, 12 %, 161505 MiB
2026/08/03 11:05:09.316, 2, P0, 36, 236.20 W, 1965 MHz, 3996 MHz, 0 %, 0 MiB
2026/08/03 11:05:09.316, 3, P0, 33, 238.72 W, 1965 MHz, 3996 MHz, 0 %, 0 MiB
2026/08/03 11:05:09.316, 4, P0, 33, 235.85 W, 1965 MHz, 3996 MHz, 0 %, 0 MiB
2026/08/03 11:05:09.316, 5, P0, 36, 244.84 W, 1965 MHz, 3996 MHz, 0 %, 0 MiB
2026/08/03 11:05:09.316, 6, P0, 33, 242.40 W, 1965 MHz, 3996 MHz, 0 %, 0 MiB
2026/08/03 11:05:09.316, 7, P0, 37, 243.29 W, 1965 MHz, 3996 MHz, 0 %, 0 MiB
2026/08/03 11:05:10.316, 0, P0, 36, 251.02 W, 1965 MHz, 3996 MHz, 83 %, 161505 MiB
2026/08/03 11:05:10.317, 1, P0, 33, 247.05 W, 1965 MHz, 3996 MHz, 6 %, 161505 MiB
2026/08/03 11:05:10.317, 2, P0, 36, 236.14 W, 1965 MHz, 3996 MHz, 0 %, 0 MiB
2026/08/03 11:05:10.317, 3, P0, 33, 238.73 W, 1965 MHz, 3996 MHz, 0 %, 0 MiB
2026/08/03 11:05:10.317, 4, P0, 33, 235.85 W, 1965 MHz, 3996 MHz, 0 %, 0 MiB
2026/08/03 11:05:10.317, 5, P0, 36, 244.94 W, 1965 MHz, 3996 MHz, 0 %, 0 MiB
2026/08/03 11:05:10.317, 6, P0, 33, 242.43 W, 1965 MHz, 3996 MHz, 0 %, 0 MiB
2026/08/03 11:05:10.317, 7, P0, 37, 243.32 W, 1965 MHz, 3996 MHz, 0 %, 0 MiB
2026/08/03 11:05:11.317, 0, P0, 36, 251.31 W, 1965 MHz, 3996 MHz, 88 %, 161505 MiB
2026/08/03 11:05:11.317, 1, P0, 33, 246.90 W, 1965 MHz, 3996 MHz, 6 %, 161505 MiB
2026/08/03 11:05:11.317, 2, P0, 36, 236.15 W, 1965 MHz, 3996 MHz, 0 %, 0 MiB
2026/08/03 11:05:11.317, 3, P0, 33, 238.70 W, 1965 MHz, 3996 MHz, 0 %, 0 MiB
2026/08/03 11:05:11.317, 4, P0, 33, 235.86 W, 1965 MHz, 3996 MHz, 0 %, 0 MiB
2026/08/03 11:05:11.317, 5, P0, 36, 244.96 W, 1965 MHz, 3996 MHz, 0 %, 0 MiB
2026/08/03 11:05:11.317, 6, P0, 33, 242.39 W, 1965 MHz, 3996 MHz, 0 %, 0 MiB
2026/08/03 11:05:11.317, 7, P0, 37, 243.33 W, 1965 MHz, 3996 MHz, 0 %, 0 MiB
2026/08/03 11:05:12.317, 0, P0, 36, 251.27 W, 1965 MHz, 3996 MHz, 83 %, 161505 MiB
2026/08/03 11:05:12.317, 1, P0, 33, 246.99 W, 1965 MHz, 3996 MHz, 6 %, 161505 MiB
2026/08/03 11:05:12.317, 2, P0, 36, 236.16 W, 1965 MHz, 3996 MHz, 0 %, 0 MiB
2026/08/03 11:05:12.317, 3, P0, 33, 238.64 W, 1965 MHz, 3996 MHz, 0 %, 0 MiB
2026/08/03 11:05:12.317, 4, P0, 33, 235.89 W, 1965 MHz, 3996 MHz, 0 %, 0 MiB
2026/08/03 11:05:12.317, 5, P0, 36, 244.91 W, 1965 MHz, 3996 MHz, 0 %, 0 MiB
2026/08/03 11:05:12.317, 6, P0, 33, 242.38 W, 1965 MHz, 3996 MHz, 0 %, 0 MiB
2026/08/03 11:05:12.317, 7, P0, 37, 243.37 W, 1965 MHz, 3996 MHz, 0 %, 0 MiB
2026/08/03 11:05:13.317, 0, P0, 36, 251.19 W, 1965 MHz, 3996 MHz, 89 %, 161505 MiB
2026/08/03 11:05:13.317, 1, P0, 33, 246.98 W, 1965 MHz, 3996 MHz, 6 %, 161505 MiB
2026/08/03 11:05:13.318, 2, P0, 36, 236.14 W, 1965 MHz, 3996 MHz, 0 %, 0 MiB
2026/08/03 11:05:13.318, 3, P0, 33, 238.64 W, 1965 MHz, 3996 MHz, 0 %, 0 MiB
2026/08/03 11:05:13.318, 4, P0, 33, 235.88 W, 1965 MHz, 3996 MHz, 0 %, 0 MiB
2026/08/03 11:05:13.318, 5, P0, 36, 244.93 W, 1965 MHz, 3996 MHz, 0 %, 0 MiB
2026/08/03 11:05:13.318, 6, P0, 33, 242.45 W, 1965 MHz, 3996 MHz, 0 %, 0 MiB
2026/08/03 11:05:13.318, 7, P0, 37, 243.37 W, 1965 MHz, 3996 MHz, 0 %, 0 MiB
2026/08/03 11:05:14.318, 0, P0, 36, 251.55 W, 1965 MHz, 3996 MHz, 70 %, 161505 MiB
2026/08/03 11:05:14.318, 1, P0, 33, 247.65 W, 1965 MHz, 3996 MHz, 6 %, 161505 MiB
2026/08/03 11:05:14.318, 2, P0, 36, 236.15 W, 1965 MHz, 3996 MHz, 0 %, 0 MiB
2026/08/03 11:05:14.318, 3, P0, 33, 238.58 W, 1965 MHz, 3996 MHz, 0 %, 0 MiB
2026/08/03 11:05:14.318, 4, P0, 33, 235.88 W, 1965 MHz, 3996 MHz, 0 %, 0 MiB
2026/08/03 11:05:14.318, 5, P0, 36, 244.91 W, 1965 MHz, 3996 MHz, 0 %, 0 MiB
2026/08/03 11:05:14.318, 6, P0, 33, 242.41 W, 1965 MHz, 3996 MHz, 0 %, 0 MiB
2026/08/03 11:05:14.318, 7, P0, 37, 243.42 W, 1965 MHz, 3996 MHz, 0 %, 0 MiB
2026/08/03 11:05:15.318, 0, P0, 36, 251.12 W, 1965 MHz, 3996 MHz, 72 %, 161505 MiB
2026/08/03 11:05:15.318, 1, P0, 33, 246.45 W, 1965 MHz, 3996 MHz, 6 %, 161505 MiB
2026/08/03 11:05:15.318, 2, P0, 36, 236.15 W, 1965 MHz, 3996 MHz, 0 %, 0 MiB
2026/08/03 11:05:15.318, 3, P0, 33, 238.64 W, 1965 MHz, 3996 MHz, 0 %, 0 MiB
2026/08/03 11:05:15.318, 4, P0, 33, 235.86 W, 1965 MHz, 3996 MHz, 0 %, 0 MiB
2026/08/03 11:05:15.318, 5, P0, 36, 244.88 W, 1965 MHz, 3996 MHz, 0 %, 0 MiB
2026/08/03 11:05:15.318, 6, P0, 33, 242.38 W, 1965 MHz, 3996 MHz, 0 %, 0 MiB
2026/08/03 11:05:15.318, 7, P0, 37, 243.42 W, 1965 MHz, 3996 MHz, 0 %, 0 MiB
2026/08/03 11:05:16.318, 0, P0, 36, 251.03 W, 1965 MHz, 3996 MHz, 77 %, 161505 MiB
2026/08/03 11:05:16.318, 1, P0, 33, 246.80 W, 1965 MHz, 3996 MHz, 6 %, 161505 MiB
2026/08/03 11:05:16.318, 2, P0, 36, 236.12 W, 1965 MHz, 3996 MHz, 0 %, 0 MiB
2026/08/03 11:05:16.318, 3, P0, 33, 238.62 W, 1965 MHz, 3996 MHz, 0 %, 0 MiB
2026/08/03 11:05:16.318, 4, P0, 33, 235.88 W, 1965 MHz, 3996 MHz, 0 %, 0 MiB
2026/08/03 11:05:16.318, 5, P0, 36, 244.86 W, 1965 MHz, 3996 MHz, 0 %, 0 MiB
2026/08/03 11:05:16.318, 6, P0, 33, 242.36 W, 1965 MHz, 3996 MHz, 0 %, 0 MiB
2026/08/03 11:05:16.318, 7, P0, 37, 243.40 W, 1965 MHz, 3996 MHz, 0 %, 0 MiB
2026/08/03 11:05:17.319, 0, P0, 36, 247.07 W, 1965 MHz, 3996 MHz, 100 %, 161505 MiB
2026/08/03 11:05:17.319, 1, P0, 33, 242.79 W, 1965 MHz, 3996 MHz, 6 %, 161505 MiB
2026/08/03 11:05:17.319, 2, P0, 36, 236.14 W, 1965 MHz, 3996 MHz, 0 %, 0 MiB
2026/08/03 11:05:17.319, 3, P0, 33, 238.64 W, 1965 MHz, 3996 MHz, 0 %, 0 MiB
2026/08/03 11:05:17.319, 4, P0, 33, 235.89 W, 1965 MHz, 3996 MHz, 0 %, 0 MiB
2026/08/03 11:05:17.319, 5, P0, 36, 244.89 W, 1965 MHz, 3996 MHz, 0 %, 0 MiB
2026/08/03 11:05:17.319, 6, P0, 33, 242.44 W, 1965 MHz, 3996 MHz, 0 %, 0 MiB
2026/08/03 11:05:17.319, 7, P0, 37, 243.33 W, 1965 MHz, 3996 MHz, 0 %, 0 MiB
2026/08/03 11:05:18.319, 0, P0, 36, 245.82 W, 1965 MHz, 3996 MHz, 0 %, 161505 MiB
2026/08/03 11:05:18.319, 1, P0, 33, 244.16 W, 1965 MHz, 3996 MHz, 33 %, 161505 MiB
2026/08/03 11:05:18.319, 2, P0, 36, 236.19 W, 1965 MHz, 3996 MHz, 0 %, 0 MiB
2026/08/03 11:05:18.319, 3, P0, 33, 238.66 W, 1965 MHz, 3996 MHz, 0 %, 0 MiB
2026/08/03 11:05:18.319, 4, P0, 33, 235.88 W, 1965 MHz, 3996 MHz, 0 %, 0 MiB
2026/08/03 11:05:18.319, 5, P0, 36, 244.88 W, 1965 MHz, 3996 MHz, 0 %, 0 MiB
2026/08/03 11:05:18.319, 6, P0, 33, 242.42 W, 1965 MHz, 3996 MHz, 0 %, 0 MiB
2026/08/03 11:05:18.319, 7, P0, 37, 243.31 W, 1965 MHz, 3996 MHz, 0 %, 0 MiB
2026/08/03 11:05:19.319, 0, P0, 36, 251.90 W, 1965 MHz, 3996 MHz, 84 %, 161505 MiB
2026/08/03 11:05:19.319, 1, P0, 33, 247.82 W, 1965 MHz, 3996 MHz, 34 %, 161505 MiB
2026/08/03 11:05:19.319, 2, P0, 36, 236.19 W, 1965 MHz, 3996 MHz, 0 %, 0 MiB
2026/08/03 11:05:19.319, 3, P0, 33, 238.66 W, 1965 MHz, 3996 MHz, 0 %, 0 MiB
2026/08/03 11:05:19.319, 4, P0, 33, 235.88 W, 1965 MHz, 3996 MHz, 0 %, 0 MiB
2026/08/03 11:05:19.319, 5, P0, 36, 244.88 W, 1965 MHz, 3996 MHz, 0 %, 0 MiB
2026/08/03 11:05:19.319, 6, P0, 33, 242.46 W, 1965 MHz, 3996 MHz, 0 %, 0 MiB
2026/08/03 11:05:19.319, 7, P0, 37, 243.35 W, 1965 MHz, 3996 MHz, 0 %, 0 MiB
2026/08/03 11:05:20.319, 0, P0, 36, 251.65 W, 1965 MHz, 3996 MHz, 81 %, 161505 MiB
2026/08/03 11:05:20.319, 1, P0, 33, 247.45 W, 1965 MHz, 3996 MHz, 6 %, 161505 MiB
2026/08/03 11:05:20.320, 2, P0, 36, 236.14 W, 1965 MHz, 3996 MHz, 0 %, 0 MiB
2026/08/03 11:05:20.320, 3, P0, 33, 238.64 W, 1965 MHz, 3996 MHz, 0 %, 0 MiB
2026/08/03 11:05:20.320, 4, P0, 33, 235.86 W, 1965 MHz, 3996 MHz, 0 %, 0 MiB
2026/08/03 11:05:20.320, 5, P0, 36, 244.96 W, 1965 MHz, 3996 MHz, 0 %, 0 MiB
2026/08/03 11:05:20.320, 6, P0, 33, 242.47 W, 1965 MHz, 3996 MHz, 0 %, 0 MiB
2026/08/03 11:05:20.320, 7, P0, 37, 243.34 W, 1965 MHz, 3996 MHz, 0 %, 0 MiB
2026/08/03 11:05:21.320, 0, P0, 36, 251.26 W, 1965 MHz, 3996 MHz, 82 %, 161505 MiB
2026/08/03 11:05:21.320, 1, P0, 33, 248.27 W, 1965 MHz, 3996 MHz, 6 %, 161505 MiB
2026/08/03 11:05:21.320, 2, P0, 36, 236.14 W, 1965 MHz, 3996 MHz, 0 %, 0 MiB
2026/08/03 11:05:21.320, 3, P0, 33, 238.62 W, 1965 MHz, 3996 MHz, 0 %, 0 MiB
2026/08/03 11:05:21.320, 4, P0, 33, 235.89 W, 1965 MHz, 3996 MHz, 0 %, 0 MiB
2026/08/03 11:05:21.320, 5, P0, 36, 244.86 W, 1965 MHz, 3996 MHz, 0 %, 0 MiB
2026/08/03 11:05:21.320, 6, P0, 33, 242.46 W, 1965 MHz, 3996 MHz, 0 %, 0 MiB
2026/08/03 11:05:21.320, 7, P0, 37, 243.32 W, 1965 MHz, 3996 MHz, 0 %, 0 MiB
2026/08/03 11:05:22.320, 0, P0, 36, 251.77 W, 1965 MHz, 3996 MHz, 84 %, 161505 MiB
2026/08/03 11:05:22.320, 1, P0, 33, 247.01 W, 1965 MHz, 3996 MHz, 6 %, 161505 MiB
2026/08/03 11:05:22.320, 2, P0, 36, 236.18 W, 1965 MHz, 3996 MHz, 0 %, 0 MiB
2026/08/03 11:05:22.320, 3, P0, 33, 238.67 W, 1965 MHz, 3996 MHz, 0 %, 0 MiB
2026/08/03 11:05:22.320, 4, P0, 33, 235.89 W, 1965 MHz, 3996 MHz, 0 %, 0 MiB
2026/08/03 11:05:22.320, 5, P0, 36, 244.77 W, 1965 MHz, 3996 MHz, 0 %, 0 MiB
2026/08/03 11:05:22.320, 6, P0, 33, 242.46 W, 1965 MHz, 3996 MHz, 0 %, 0 MiB
2026/08/03 11:05:22.320, 7, P0, 37, 243.36 W, 1965 MHz, 3996 MHz, 0 %, 0 MiB
2026/08/03 11:05:23.320, 0, P0, 36, 252.04 W, 1965 MHz, 3996 MHz, 81 %, 161505 MiB
2026/08/03 11:05:23.320, 1, P0, 33, 247.32 W, 1965 MHz, 3996 MHz, 6 %, 161505 MiB
2026/08/03 11:05:23.320, 2, P0, 36, 236.12 W, 1965 MHz, 3996 MHz, 0 %, 0 MiB
2026/08/03 11:05:23.320, 3, P0, 33, 238.62 W, 1965 MHz, 3996 MHz, 0 %, 0 MiB
2026/08/03 11:05:23.320, 4, P0, 33, 235.89 W, 1965 MHz, 3996 MHz, 0 %, 0 MiB
2026/08/03 11:05:23.320, 5, P0, 36, 244.87 W, 1965 MHz, 3996 MHz, 0 %, 0 MiB
2026/08/03 11:05:23.320, 6, P0, 33, 242.44 W, 1965 MHz, 3996 MHz, 0 %, 0 MiB
2026/08/03 11:05:23.320, 7, P0, 37, 243.30 W, 1965 MHz, 3996 MHz, 0 %, 0 MiB
2026/08/03 11:05:24.321, 0, P0, 36, 251.71 W, 1965 MHz, 3996 MHz, 84 %, 161505 MiB
2026/08/03 11:05:24.321, 1, P0, 33, 248.19 W, 1965 MHz, 3996 MHz, 6 %, 161505 MiB
2026/08/03 11:05:24.321, 2, P0, 36, 236.16 W, 1965 MHz, 3996 MHz, 0 %, 0 MiB
2026/08/03 11:05:24.321, 3, P0, 33, 238.62 W, 1965 MHz, 3996 MHz, 0 %, 0 MiB
2026/08/03 11:05:24.321, 4, P0, 33, 235.89 W, 1965 MHz, 3996 MHz, 0 %, 0 MiB
2026/08/03 11:05:24.321, 5, P0, 36, 244.86 W, 1965 MHz, 3996 MHz, 0 %, 0 MiB
2026/08/03 11:05:24.321, 6, P0, 33, 242.40 W, 1965 MHz, 3996 MHz, 0 %, 0 MiB
2026/08/03 11:05:24.321, 7, P0, 37, 243.34 W, 1965 MHz, 3996 MHz, 0 %, 0 MiB
2026/08/03 11:05:25.321, 0, P0, 36, 251.78 W, 1965 MHz, 3996 MHz, 90 %, 161505 MiB
2026/08/03 11:05:25.321, 1, P0, 33, 246.23 W, 1965 MHz, 3996 MHz, 6 %, 161505 MiB
2026/08/03 11:05:25.321, 2, P0, 36, 236.17 W, 1965 MHz, 3996 MHz, 0 %, 0 MiB
2026/08/03 11:05:25.321, 3, P0, 33, 238.69 W, 1965 MHz, 3996 MHz, 0 %, 0 MiB
2026/08/03 11:05:25.321, 4, P0, 33, 235.90 W, 1965 MHz, 3996 MHz, 0 %, 0 MiB
2026/08/03 11:05:25.321, 5, P0, 36, 244.84 W, 1965 MHz, 3996 MHz, 0 %, 0 MiB
2026/08/03 11:05:25.321, 6, P0, 33, 242.41 W, 1965 MHz, 3996 MHz, 0 %, 0 MiB
2026/08/03 11:05:25.321, 7, P0, 37, 243.31 W, 1965 MHz, 3996 MHz, 0 %, 0 MiB
2026/08/03 11:05:26.321, 0, P0, 36, 252.28 W, 1965 MHz, 3996 MHz, 87 %, 161505 MiB
2026/08/03 11:05:26.321, 1, P0, 33, 246.90 W, 1965 MHz, 3996 MHz, 6 %, 161505 MiB
2026/08/03 11:05:26.321, 2, P0, 36, 236.12 W, 1965 MHz, 3996 MHz, 0 %, 0 MiB
2026/08/03 11:05:26.321, 3, P0, 33, 238.67 W, 1965 MHz, 3996 MHz, 0 %, 0 MiB
2026/08/03 11:05:26.321, 4, P0, 33, 235.85 W, 1965 MHz, 3996 MHz, 0 %, 0 MiB
2026/08/03 11:05:26.321, 5, P0, 36, 244.88 W, 1965 MHz, 3996 MHz, 0 %, 0 MiB
2026/08/03 11:05:26.321, 6, P0, 33, 242.42 W, 1965 MHz, 3996 MHz, 0 %, 0 MiB
2026/08/03 11:05:26.321, 7, P0, 37, 243.36 W, 1965 MHz, 3996 MHz, 0 %, 0 MiB
2026/08/03 11:05:27.321, 0, P0, 36, 251.51 W, 1965 MHz, 3996 MHz, 91 %, 161505 MiB
2026/08/03 11:05:27.321, 1, P0, 33, 247.30 W, 1965 MHz, 3996 MHz, 6 %, 161505 MiB
2026/08/03 11:05:27.321, 2, P0, 36, 236.11 W, 1965 MHz, 3996 MHz, 0 %, 0 MiB
2026/08/03 11:05:27.321, 3, P0, 33, 238.61 W, 1965 MHz, 3996 MHz, 0 %, 0 MiB
2026/08/03 11:05:27.321, 4, P0, 33, 235.88 W, 1965 MHz, 3996 MHz, 0 %, 0 MiB
2026/08/03 11:05:27.321, 5, P0, 36, 244.80 W, 1965 MHz, 3996 MHz, 0 %, 0 MiB
2026/08/03 11:05:27.321, 6, P0, 33, 242.43 W, 1965 MHz, 3996 MHz, 0 %, 0 MiB
2026/08/03 11:05:27.321, 7, P0, 37, 243.41 W, 1965 MHz, 3996 MHz, 0 %, 0 MiB
2026/08/03 11:05:28.322, 0, P0, 36, 251.38 W, 1965 MHz, 3996 MHz, 86 %, 161505 MiB
2026/08/03 11:05:28.322, 1, P0, 33, 247.24 W, 1965 MHz, 3996 MHz, 6 %, 161505 MiB
2026/08/03 11:05:28.322, 2, P0, 36, 236.11 W, 1965 MHz, 3996 MHz, 0 %, 0 MiB
2026/08/03 11:05:28.322, 3, P0, 33, 238.60 W, 1965 MHz, 3996 MHz, 0 %, 0 MiB
2026/08/03 11:05:28.322, 4, P0, 33, 235.85 W, 1965 MHz, 3996 MHz, 0 %, 0 MiB
2026/08/03 11:05:28.322, 5, P0, 36, 244.85 W, 1965 MHz, 3996 MHz, 0 %, 0 MiB
2026/08/03 11:05:28.322, 6, P0, 33, 242.41 W, 1965 MHz, 3996 MHz, 0 %, 0 MiB
2026/08/03 11:05:28.322, 7, P0, 37, 243.43 W, 1965 MHz, 3996 MHz, 0 %, 0 MiB
2026/08/03 11:05:29.322, 0, P0, 36, 252.05 W, 1965 MHz, 3996 MHz, 86 %, 161505 MiB
2026/08/03 11:05:29.322, 1, P0, 33, 247.70 W, 1965 MHz, 3996 MHz, 6 %, 161505 MiB
2026/08/03 11:05:29.322, 2, P0, 36, 236.18 W, 1965 MHz, 3996 MHz, 0 %, 0 MiB
2026/08/03 11:05:29.322, 3, P0, 33, 238.67 W, 1965 MHz, 3996 MHz, 0 %, 0 MiB
2026/08/03 11:05:29.322, 4, P0, 33, 235.90 W, 1965 MHz, 3996 MHz, 0 %, 0 MiB
2026/08/03 11:05:29.322, 5, P0, 36, 244.79 W, 1965 MHz, 3996 MHz, 0 %, 0 MiB
2026/08/03 11:05:29.322, 6, P0, 33, 242.41 W, 1965 MHz, 3996 MHz, 0 %, 0 MiB
2026/08/03 11:05:29.322, 7, P0, 37, 243.38 W, 1965 MHz, 3996 MHz, 0 %, 0 MiB
2026/08/03 11:05:30.322, 0, P0, 36, 251.84 W, 1965 MHz, 3996 MHz, 86 %, 161505 MiB
2026/08/03 11:05:30.322, 1, P0, 33, 248.43 W, 1965 MHz, 3996 MHz, 6 %, 161505 MiB
2026/08/03 11:05:30.322, 2, P0, 36, 236.19 W, 1965 MHz, 3996 MHz, 0 %, 0 MiB
2026/08/03 11:05:30.322, 3, P0, 33, 238.69 W, 1965 MHz, 3996 MHz, 0 %, 0 MiB
2026/08/03 11:05:30.322, 4, P0, 33, 235.89 W, 1965 MHz, 3996 MHz, 0 %, 0 MiB
2026/08/03 11:05:30.322, 5, P0, 36, 244.82 W, 1965 MHz, 3996 MHz, 0 %, 0 MiB
2026/08/03 11:05:30.322, 6, P0, 33, 242.41 W, 1965 MHz, 3996 MHz, 0 %, 0 MiB
2026/08/03 11:05:30.322, 7, P0, 37, 243.39 W, 1965 MHz, 3996 MHz, 0 %, 0 MiB
2026/08/03 11:05:31.322, 0, P0, 36, 251.91 W, 1965 MHz, 3996 MHz, 83 %, 161505 MiB
2026/08/03 11:05:31.322, 1, P0, 33, 246.61 W, 1965 MHz, 3996 MHz, 6 %, 161505 MiB
2026/08/03 11:05:31.322, 2, P0, 36, 236.11 W, 1965 MHz, 3996 MHz, 0 %, 0 MiB
2026/08/03 11:05:31.322, 3, P0, 33, 238.66 W, 1965 MHz, 3996 MHz, 0 %, 0 MiB
2026/08/03 11:05:31.322, 4, P0, 33, 235.89 W, 1965 MHz, 3996 MHz, 0 %, 0 MiB
2026/08/03 11:05:31.322, 5, P0, 36, 244.82 W, 1965 MHz, 3996 MHz, 0 %, 0 MiB
2026/08/03 11:05:31.322, 6, P0, 33, 242.45 W, 1965 MHz, 3996 MHz, 0 %, 0 MiB
2026/08/03 11:05:31.322, 7, P0, 37, 243.33 W, 1965 MHz, 3996 MHz, 0 %, 0 MiB
2026/08/03 11:05:32.323, 0, P0, 36, 252.00 W, 1965 MHz, 3996 MHz, 91 %, 161505 MiB
2026/08/03 11:05:32.323, 1, P0, 33, 247.10 W, 1965 MHz, 3996 MHz, 6 %, 161505 MiB
2026/08/03 11:05:32.323, 2, P0, 36, 236.14 W, 1965 MHz, 3996 MHz, 0 %, 0 MiB
2026/08/03 11:05:32.323, 3, P0, 33, 238.73 W, 1965 MHz, 3996 MHz, 0 %, 0 MiB
2026/08/03 11:05:32.323, 4, P0, 33, 235.88 W, 1965 MHz, 3996 MHz, 0 %, 0 MiB
2026/08/03 11:05:32.323, 5, P0, 36, 244.80 W, 1965 MHz, 3996 MHz, 0 %, 0 MiB
2026/08/03 11:05:32.323, 6, P0, 33, 242.48 W, 1965 MHz, 3996 MHz, 0 %, 0 MiB
2026/08/03 11:05:32.323, 7, P0, 37, 243.31 W, 1965 MHz, 3996 MHz, 0 %, 0 MiB
2026/08/03 11:05:33.323, 0, P0, 36, 251.47 W, 1965 MHz, 3996 MHz, 84 %, 161505 MiB
2026/08/03 11:05:33.323, 1, P0, 33, 247.13 W, 1965 MHz, 3996 MHz, 63 %, 161505 MiB
2026/08/03 11:05:33.323, 2, P0, 36, 236.14 W, 1965 MHz, 3996 MHz, 0 %, 0 MiB
2026/08/03 11:05:33.323, 3, P0, 33, 238.73 W, 1965 MHz, 3996 MHz, 0 %, 0 MiB
2026/08/03 11:05:33.323, 4, P0, 33, 235.88 W, 1965 MHz, 3996 MHz, 0 %, 0 MiB
2026/08/03 11:05:33.323, 5, P0, 36, 244.90 W, 1965 MHz, 3996 MHz, 0 %, 0 MiB
2026/08/03 11:05:33.323, 6, P0, 33, 242.45 W, 1965 MHz, 3996 MHz, 0 %, 0 MiB
2026/08/03 11:05:33.323, 7, P0, 37, 243.35 W, 1965 MHz, 3996 MHz, 0 %, 0 MiB
2026/08/03 11:05:34.323, 0, P0, 36, 251.34 W, 1965 MHz, 3996 MHz, 84 %, 161505 MiB
2026/08/03 11:05:34.323, 1, P0, 33, 246.89 W, 1965 MHz, 3996 MHz, 6 %, 161505 MiB
2026/08/03 11:05:34.323, 2, P0, 36, 236.15 W, 1965 MHz, 3996 MHz, 0 %, 0 MiB
2026/08/03 11:05:34.323, 3, P0, 33, 238.65 W, 1965 MHz, 3996 MHz, 0 %, 0 MiB
2026/08/03 11:05:34.323, 4, P0, 33, 235.88 W, 1965 MHz, 3996 MHz, 0 %, 0 MiB
2026/08/03 11:05:34.323, 5, P0, 36, 244.91 W, 1965 MHz, 3996 MHz, 0 %, 0 MiB
2026/08/03 11:05:34.323, 6, P0, 33, 242.50 W, 1965 MHz, 3996 MHz, 0 %, 0 MiB
2026/08/03 11:05:34.323, 7, P0, 37, 243.32 W, 1965 MHz, 3996 MHz, 0 %, 0 MiB
2026/08/03 11:05:35.323, 0, P0, 36, 251.33 W, 1965 MHz, 3996 MHz, 80 %, 161505 MiB
2026/08/03 11:05:35.323, 1, P0, 33, 247.40 W, 1965 MHz, 3996 MHz, 6 %, 161505 MiB
2026/08/03 11:05:35.323, 2, P0, 36, 236.14 W, 1965 MHz, 3996 MHz, 0 %, 0 MiB
2026/08/03 11:05:35.323, 3, P0, 33, 238.73 W, 1965 MHz, 3996 MHz, 0 %, 0 MiB
2026/08/03 11:05:35.324, 4, P0, 33, 235.88 W, 1965 MHz, 3996 MHz, 0 %, 0 MiB
2026/08/03 11:05:35.324, 5, P0, 36, 244.88 W, 1965 MHz, 3996 MHz, 0 %, 0 MiB
2026/08/03 11:05:35.324, 6, P0, 33, 242.49 W, 1965 MHz, 3996 MHz, 0 %, 0 MiB
2026/08/03 11:05:35.324, 7, P0, 37, 243.34 W, 1965 MHz, 3996 MHz, 0 %, 0 MiB
2026/08/03 11:05:36.324, 0, P0, 36, 251.43 W, 1965 MHz, 3996 MHz, 80 %, 161505 MiB
2026/08/03 11:05:36.324, 1, P0, 33, 246.94 W, 1965 MHz, 3996 MHz, 6 %, 161505 MiB
2026/08/03 11:05:36.324, 2, P0, 36, 236.14 W, 1965 MHz, 3996 MHz, 0 %, 0 MiB
2026/08/03 11:05:36.324, 3, P0, 33, 238.72 W, 1965 MHz, 3996 MHz, 0 %, 0 MiB
2026/08/03 11:05:36.324, 4, P0, 33, 235.89 W, 1965 MHz, 3996 MHz, 0 %, 0 MiB
2026/08/03 11:05:36.324, 5, P0, 36, 244.98 W, 1965 MHz, 3996 MHz, 0 %, 0 MiB
2026/08/03 11:05:36.324, 6, P0, 33, 242.50 W, 1965 MHz, 3996 MHz, 0 %, 0 MiB
2026/08/03 11:05:36.324, 7, P0, 37, 243.36 W, 1965 MHz, 3996 MHz, 0 %, 0 MiB
2026/08/03 11:05:37.324, 0, P0, 36, 294.46 W, 1965 MHz, 3996 MHz, 78 %, 161505 MiB
2026/08/03 11:05:37.324, 1, P0, 34, 289.77 W, 1965 MHz, 3996 MHz, 6 %, 161505 MiB
2026/08/03 11:05:37.324, 2, P0, 36, 236.30 W, 1965 MHz, 3996 MHz, 0 %, 0 MiB
2026/08/03 11:05:37.324, 3, P0, 33, 238.77 W, 1965 MHz, 3996 MHz, 0 %, 0 MiB
2026/08/03 11:05:37.324, 4, P0, 33, 235.90 W, 1965 MHz, 3996 MHz, 0 %, 0 MiB
2026/08/03 11:05:37.324, 5, P0, 36, 244.86 W, 1965 MHz, 3996 MHz, 0 %, 0 MiB
2026/08/03 11:05:37.324, 6, P0, 33, 242.43 W, 1965 MHz, 3996 MHz, 0 %, 0 MiB
2026/08/03 11:05:37.324, 7, P0, 37, 243.34 W, 1965 MHz, 3996 MHz, 0 %, 0 MiB
2026/08/03 11:05:38.324, 0, P0, 36, 252.51 W, 1965 MHz, 3996 MHz, 80 %, 161505 MiB
2026/08/03 11:05:38.324, 1, P0, 33, 248.21 W, 1965 MHz, 3996 MHz, 7 %, 161505 MiB
2026/08/03 11:05:38.324, 2, P0, 36, 236.20 W, 1965 MHz, 3996 MHz, 0 %, 0 MiB
2026/08/03 11:05:38.324, 3, P0, 33, 238.75 W, 1965 MHz, 3996 MHz, 0 %, 0 MiB
2026/08/03 11:05:38.324, 4, P0, 33, 235.89 W, 1965 MHz, 3996 MHz, 0 %, 0 MiB
2026/08/03 11:05:38.324, 5, P0, 36, 244.94 W, 1965 MHz, 3996 MHz, 0 %, 0 MiB
2026/08/03 11:05:38.324, 6, P0, 33, 242.49 W, 1965 MHz, 3996 MHz, 0 %, 0 MiB
2026/08/03 11:05:38.324, 7, P0, 37, 243.38 W, 1965 MHz, 3996 MHz, 0 %, 0 MiB
2026/08/03 11:05:39.324, 0, P0, 36, 296.32 W, 1965 MHz, 3996 MHz, 81 %, 161505 MiB
2026/08/03 11:05:39.325, 1, P0, 34, 292.39 W, 1965 MHz, 3996 MHz, 6 %, 161505 MiB
2026/08/03 11:05:39.325, 2, P0, 36, 236.19 W, 1965 MHz, 3996 MHz, 0 %, 0 MiB
2026/08/03 11:05:39.325, 3, P0, 33, 238.71 W, 1965 MHz, 3996 MHz, 0 %, 0 MiB
2026/08/03 11:05:39.325, 4, P0, 33, 235.91 W, 1965 MHz, 3996 MHz, 0 %, 0 MiB
2026/08/03 11:05:39.325, 5, P0, 36, 244.92 W, 1965 MHz, 3996 MHz, 0 %, 0 MiB
2026/08/03 11:05:39.325, 6, P0, 33, 242.37 W, 1965 MHz, 3996 MHz, 0 %, 0 MiB
2026/08/03 11:05:39.325, 7, P0, 37, 243.41 W, 1965 MHz, 3996 MHz, 0 %, 0 MiB
2026/08/03 11:05:40.325, 0, P0, 36, 252.73 W, 1965 MHz, 3996 MHz, 79 %, 161505 MiB
2026/08/03 11:05:40.325, 1, P0, 34, 248.62 W, 1965 MHz, 3996 MHz, 6 %, 161505 MiB
2026/08/03 11:05:40.325, 2, P0, 36, 236.24 W, 1965 MHz, 3996 MHz, 0 %, 0 MiB
2026/08/03 11:05:40.325, 3, P0, 33, 238.66 W, 1965 MHz, 3996 MHz, 0 %, 0 MiB
2026/08/03 11:05:40.325, 4, P0, 33, 235.88 W, 1965 MHz, 3996 MHz, 0 %, 0 MiB
2026/08/03 11:05:40.325, 5, P0, 36, 244.94 W, 1965 MHz, 3996 MHz, 0 %, 0 MiB
2026/08/03 11:05:40.325, 6, P0, 33, 242.42 W, 1965 MHz, 3996 MHz, 0 %, 0 MiB
2026/08/03 11:05:40.325, 7, P0, 37, 243.48 W, 1965 MHz, 3996 MHz, 0 %, 0 MiB
2026/08/03 11:05:41.325, 0, P0, 36, 294.72 W, 1965 MHz, 3996 MHz, 86 %, 161505 MiB
2026/08/03 11:05:41.325, 1, P0, 34, 294.07 W, 1965 MHz, 3996 MHz, 7 %, 161505 MiB
2026/08/03 11:05:41.325, 2, P0, 36, 236.19 W, 1965 MHz, 3996 MHz, 0 %, 0 MiB
2026/08/03 11:05:41.325, 3, P0, 33, 238.58 W, 1965 MHz, 3996 MHz, 0 %, 0 MiB
2026/08/03 11:05:41.325, 4, P0, 33, 235.85 W, 1965 MHz, 3996 MHz, 0 %, 0 MiB
2026/08/03 11:05:41.325, 5, P0, 36, 244.89 W, 1965 MHz, 3996 MHz, 0 %, 0 MiB
2026/08/03 11:05:41.325, 6, P0, 33, 242.45 W, 1965 MHz, 3996 MHz, 0 %, 0 MiB
2026/08/03 11:05:41.325, 7, P0, 37, 243.45 W, 1965 MHz, 3996 MHz, 0 %, 0 MiB
2026/08/03 11:05:42.325, 0, P0, 36, 252.40 W, 1965 MHz, 3996 MHz, 78 %, 161505 MiB
2026/08/03 11:05:42.325, 1, P0, 34, 248.57 W, 1965 MHz, 3996 MHz, 7 %, 161505 MiB
2026/08/03 11:05:42.325, 2, P0, 36, 236.16 W, 1965 MHz, 3996 MHz, 0 %, 0 MiB
2026/08/03 11:05:42.325, 3, P0, 33, 238.70 W, 1965 MHz, 3996 MHz, 0 %, 0 MiB
2026/08/03 11:05:42.325, 4, P0, 33, 235.88 W, 1965 MHz, 3996 MHz, 0 %, 0 MiB
2026/08/03 11:05:42.325, 5, P0, 36, 244.94 W, 1965 MHz, 3996 MHz, 0 %, 0 MiB
2026/08/03 11:05:42.325, 6, P0, 33, 242.49 W, 1965 MHz, 3996 MHz, 0 %, 0 MiB
2026/08/03 11:05:42.325, 7, P0, 37, 243.42 W, 1965 MHz, 3996 MHz, 0 %, 0 MiB
2026/08/03 11:05:43.326, 0, P0, 36, 291.56 W, 1965 MHz, 3996 MHz, 75 %, 161505 MiB
2026/08/03 11:05:43.326, 1, P0, 34, 288.62 W, 1965 MHz, 3996 MHz, 6 %, 161505 MiB
2026/08/03 11:05:43.326, 2, P0, 36, 236.27 W, 1965 MHz, 3996 MHz, 0 %, 0 MiB
2026/08/03 11:05:43.326, 3, P0, 33, 238.76 W, 1965 MHz, 3996 MHz, 0 %, 0 MiB
2026/08/03 11:05:43.326, 4, P0, 33, 235.86 W, 1965 MHz, 3996 MHz, 0 %, 0 MiB
2026/08/03 11:05:43.326, 5, P0, 36, 244.91 W, 1965 MHz, 3996 MHz, 0 %, 0 MiB
2026/08/03 11:05:43.326, 6, P0, 33, 242.45 W, 1965 MHz, 3996 MHz, 0 %, 0 MiB
2026/08/03 11:05:43.326, 7, P0, 37, 243.41 W, 1965 MHz, 3996 MHz, 0 %, 0 MiB
2026/08/03 11:05:44.326, 0, P0, 36, 251.86 W, 1965 MHz, 3996 MHz, 22 %, 161505 MiB
2026/08/03 11:05:44.326, 1, P0, 34, 248.30 W, 1965 MHz, 3996 MHz, 6 %, 161505 MiB
2026/08/03 11:05:44.326, 2, P0, 36, 236.30 W, 1965 MHz, 3996 MHz, 0 %, 0 MiB
2026/08/03 11:05:44.326, 3, P0, 33, 238.82 W, 1965 MHz, 3996 MHz, 0 %, 0 MiB
2026/08/03 11:05:44.326, 4, P0, 33, 235.88 W, 1965 MHz, 3996 MHz, 0 %, 0 MiB
2026/08/03 11:05:44.326, 5, P0, 36, 244.99 W, 1965 MHz, 3996 MHz, 0 %, 0 MiB
2026/08/03 11:05:44.326, 6, P0, 33, 242.51 W, 1965 MHz, 3996 MHz, 0 %, 0 MiB
2026/08/03 11:05:44.326, 7, P0, 37, 243.39 W, 1965 MHz, 3996 MHz, 0 %, 0 MiB
2026/08/03 11:05:45.326, 0, P0, 36, 252.67 W, 1965 MHz, 3996 MHz, 77 %, 161505 MiB
2026/08/03 11:05:45.326, 1, P0, 34, 248.33 W, 1965 MHz, 3996 MHz, 6 %, 161505 MiB
2026/08/03 11:05:45.326, 2, P0, 36, 236.20 W, 1965 MHz, 3996 MHz, 0 %, 0 MiB
2026/08/03 11:05:45.326, 3, P0, 33, 238.77 W, 1965 MHz, 3996 MHz, 0 %, 0 MiB
2026/08/03 11:05:45.326, 4, P0, 33, 235.89 W, 1965 MHz, 3996 MHz, 0 %, 0 MiB
2026/08/03 11:05:45.326, 5, P0, 36, 244.89 W, 1965 MHz, 3996 MHz, 0 %, 0 MiB
2026/08/03 11:05:45.326, 6, P0, 33, 242.54 W, 1965 MHz, 3996 MHz, 0 %, 0 MiB
2026/08/03 11:05:45.326, 7, P0, 37, 243.32 W, 1965 MHz, 3996 MHz, 0 %, 0 MiB
2026/08/03 11:05:46.326, 0, P0, 36, 252.18 W, 1965 MHz, 3996 MHz, 81 %, 161505 MiB
2026/08/03 11:05:46.326, 1, P0, 34, 248.37 W, 1965 MHz, 3996 MHz, 6 %, 161505 MiB
2026/08/03 11:05:46.326, 2, P0, 36, 236.20 W, 1965 MHz, 3996 MHz, 0 %, 0 MiB
2026/08/03 11:05:46.326, 3, P0, 33, 238.78 W, 1965 MHz, 3996 MHz, 0 %, 0 MiB
2026/08/03 11:05:46.326, 4, P0, 33, 235.89 W, 1965 MHz, 3996 MHz, 0 %, 0 MiB
2026/08/03 11:05:46.326, 5, P0, 36, 244.97 W, 1965 MHz, 3996 MHz, 0 %, 0 MiB
2026/08/03 11:05:46.326, 6, P0, 33, 242.40 W, 1965 MHz, 3996 MHz, 0 %, 0 MiB
2026/08/03 11:05:46.327, 7, P0, 37, 243.39 W, 1965 MHz, 3996 MHz, 0 %, 0 MiB
2026/08/03 11:05:47.327, 0, P0, 36, 252.07 W, 1965 MHz, 3996 MHz, 74 %, 161505 MiB
2026/08/03 11:05:47.327, 1, P0, 34, 247.87 W, 1965 MHz, 3996 MHz, 6 %, 161505 MiB
2026/08/03 11:05:47.327, 2, P0, 36, 236.25 W, 1965 MHz, 3996 MHz, 0 %, 0 MiB
2026/08/03 11:05:47.327, 3, P0, 33, 238.79 W, 1965 MHz, 3996 MHz, 0 %, 0 MiB
2026/08/03 11:05:47.327, 4, P0, 33, 235.89 W, 1965 MHz, 3996 MHz, 0 %, 0 MiB
2026/08/03 11:05:47.327, 5, P0, 36, 244.90 W, 1965 MHz, 3996 MHz, 0 %, 0 MiB
2026/08/03 11:05:47.327, 6, P0, 33, 242.45 W, 1965 MHz, 3996 MHz, 0 %, 0 MiB
2026/08/03 11:05:47.327, 7, P0, 37, 243.35 W, 1965 MHz, 3996 MHz, 0 %, 0 MiB
2026/08/03 11:05:48.327, 0, P0, 36, 251.52 W, 1965 MHz, 3996 MHz, 82 %, 161505 MiB
2026/08/03 11:05:48.327, 1, P0, 34, 247.82 W, 1965 MHz, 3996 MHz, 6 %, 161505 MiB
2026/08/03 11:05:48.327, 2, P0, 36, 236.30 W, 1965 MHz, 3996 MHz, 0 %, 0 MiB
2026/08/03 11:05:48.327, 3, P0, 33, 238.77 W, 1965 MHz, 3996 MHz, 0 %, 0 MiB
2026/08/03 11:05:48.327, 4, P0, 33, 235.90 W, 1965 MHz, 3996 MHz, 0 %, 0 MiB
2026/08/03 11:05:48.327, 5, P0, 36, 244.84 W, 1965 MHz, 3996 MHz, 0 %, 0 MiB
2026/08/03 11:05:48.327, 6, P0, 33, 242.43 W, 1965 MHz, 3996 MHz, 0 %, 0 MiB
2026/08/03 11:05:48.327, 7, P0, 37, 243.35 W, 1965 MHz, 3996 MHz, 0 %, 0 MiB
2026/08/03 11:05:49.327, 0, P0, 36, 252.16 W, 1965 MHz, 3996 MHz, 61 %, 161505 MiB
2026/08/03 11:05:49.327, 1, P0, 34, 248.12 W, 1965 MHz, 3996 MHz, 6 %, 161505 MiB
2026/08/03 11:05:49.327, 2, P0, 36, 236.20 W, 1965 MHz, 3996 MHz, 0 %, 0 MiB
2026/08/03 11:05:49.327, 3, P0, 33, 238.83 W, 1965 MHz, 3996 MHz, 0 %, 0 MiB
2026/08/03 11:05:49.327, 4, P0, 33, 235.89 W, 1965 MHz, 3996 MHz, 0 %, 0 MiB
2026/08/03 11:05:49.327, 5, P0, 36, 244.90 W, 1965 MHz, 3996 MHz, 0 %, 0 MiB
2026/08/03 11:05:49.327, 6, P0, 33, 242.54 W, 1965 MHz, 3996 MHz, 0 %, 0 MiB
2026/08/03 11:05:49.327, 7, P0, 37, 243.34 W, 1965 MHz, 3996 MHz, 0 %, 0 MiB
2026/08/03 11:05:50.327, 0, P0, 36, 252.30 W, 1965 MHz, 3996 MHz, 87 %, 161505 MiB
2026/08/03 11:05:50.327, 1, P0, 33, 247.94 W, 1965 MHz, 3996 MHz, 6 %, 161505 MiB
2026/08/03 11:05:50.327, 2, P0, 36, 236.26 W, 1965 MHz, 3996 MHz, 0 %, 0 MiB
2026/08/03 11:05:50.327, 3, P0, 33, 238.71 W, 1965 MHz, 3996 MHz, 0 %, 0 MiB
2026/08/03 11:05:50.327, 4, P0, 33, 235.89 W, 1965 MHz, 3996 MHz, 0 %, 0 MiB
2026/08/03 11:05:50.328, 5, P0, 36, 245.00 W, 1965 MHz, 3996 MHz, 0 %, 0 MiB
2026/08/03 11:05:50.328, 6, P0, 33, 242.51 W, 1965 MHz, 3996 MHz, 0 %, 0 MiB
2026/08/03 11:05:50.328, 7, P0, 37, 243.36 W, 1965 MHz, 3996 MHz, 0 %, 0 MiB
2026/08/03 11:05:51.328, 0, P0, 39, 298.30 W, 1965 MHz, 3996 MHz, 82 %, 161505 MiB
2026/08/03 11:05:51.328, 1, P0, 38, 294.01 W, 1965 MHz, 3996 MHz, 51 %, 161505 MiB
2026/08/03 11:05:51.328, 2, P0, 36, 236.25 W, 1965 MHz, 3996 MHz, 0 %, 0 MiB
2026/08/03 11:05:51.328, 3, P0, 33, 238.83 W, 1965 MHz, 3996 MHz, 0 %, 0 MiB
2026/08/03 11:05:51.328, 4, P0, 33, 235.89 W, 1965 MHz, 3996 MHz, 0 %, 0 MiB
2026/08/03 11:05:51.328, 5, P0, 36, 244.93 W, 1965 MHz, 3996 MHz, 0 %, 0 MiB
2026/08/03 11:05:51.328, 6, P0, 33, 242.45 W, 1965 MHz, 3996 MHz, 0 %, 0 MiB
2026/08/03 11:05:51.328, 7, P0, 37, 243.37 W, 1965 MHz, 3996 MHz, 0 %, 0 MiB
2026/08/03 11:05:52.328, 0, P0, 36, 270.46 W, 1965 MHz, 3996 MHz, 86 %, 161505 MiB
2026/08/03 11:05:52.328, 1, P0, 34, 251.51 W, 1965 MHz, 3996 MHz, 5 %, 161505 MiB
2026/08/03 11:05:52.328, 2, P0, 36, 236.25 W, 1965 MHz, 3996 MHz, 0 %, 0 MiB
2026/08/03 11:05:52.328, 3, P0, 33, 238.75 W, 1965 MHz, 3996 MHz, 0 %, 0 MiB
2026/08/03 11:05:52.328, 4, P0, 33, 235.88 W, 1965 MHz, 3996 MHz, 0 %, 0 MiB
2026/08/03 11:05:52.328, 5, P0, 36, 244.93 W, 1965 MHz, 3996 MHz, 0 %, 0 MiB
2026/08/03 11:05:52.328, 6, P0, 33, 242.47 W, 1965 MHz, 3996 MHz, 0 %, 0 MiB
2026/08/03 11:05:52.328, 7, P0, 37, 243.31 W, 1965 MHz, 3996 MHz, 0 %, 0 MiB
2026/08/03 11:05:53.328, 0, P0, 36, 246.83 W, 1965 MHz, 3996 MHz, 98 %, 161505 MiB
2026/08/03 11:05:53.328, 1, P0, 33, 242.09 W, 1965 MHz, 3996 MHz, 6 %, 161505 MiB
2026/08/03 11:05:53.328, 2, P0, 36, 236.28 W, 1965 MHz, 3996 MHz, 0 %, 0 MiB
2026/08/03 11:05:53.328, 3, P0, 33, 238.77 W, 1965 MHz, 3996 MHz, 0 %, 0 MiB
2026/08/03 11:05:53.328, 4, P0, 33, 235.89 W, 1965 MHz, 3996 MHz, 0 %, 0 MiB
2026/08/03 11:05:53.328, 5, P0, 36, 245.02 W, 1965 MHz, 3996 MHz, 0 %, 0 MiB
2026/08/03 11:05:53.328, 6, P0, 33, 242.45 W, 1965 MHz, 3996 MHz, 0 %, 0 MiB
2026/08/03 11:05:53.328, 7, P0, 37, 243.40 W, 1965 MHz, 3996 MHz, 0 %, 0 MiB
2026/08/03 11:05:54.328, 0, P0, 36, 245.36 W, 1965 MHz, 3996 MHz, 0 %, 161505 MiB
2026/08/03 11:05:54.329, 1, P0, 33, 243.82 W, 1965 MHz, 3996 MHz, 81 %, 161505 MiB
2026/08/03 11:05:54.329, 2, P0, 36, 236.24 W, 1965 MHz, 3996 MHz, 0 %, 0 MiB
2026/08/03 11:05:54.329, 3, P0, 33, 238.79 W, 1965 MHz, 3996 MHz, 0 %, 0 MiB
2026/08/03 11:05:54.329, 4, P0, 33, 235.89 W, 1965 MHz, 3996 MHz, 0 %, 0 MiB
2026/08/03 11:05:54.329, 5, P0, 36, 244.92 W, 1965 MHz, 3996 MHz, 0 %, 0 MiB
2026/08/03 11:05:54.329, 6, P0, 33, 242.39 W, 1965 MHz, 3996 MHz, 0 %, 0 MiB
2026/08/03 11:05:54.329, 7, P0, 37, 243.40 W, 1965 MHz, 3996 MHz, 0 %, 0 MiB
2026/08/03 11:05:55.329, 0, P0, 37, 293.49 W, 1965 MHz, 3996 MHz, 77 %, 161505 MiB
2026/08/03 11:05:55.329, 1, P0, 34, 294.29 W, 1965 MHz, 3996 MHz, 6 %, 161505 MiB
2026/08/03 11:05:55.329, 2, P0, 36, 236.18 W, 1965 MHz, 3996 MHz, 0 %, 0 MiB
2026/08/03 11:05:55.329, 3, P0, 33, 238.80 W, 1965 MHz, 3996 MHz, 0 %, 0 MiB
2026/08/03 11:05:55.329, 4, P0, 33, 235.88 W, 1965 MHz, 3996 MHz, 0 %, 0 MiB
2026/08/03 11:05:55.329, 5, P0, 36, 244.86 W, 1965 MHz, 3996 MHz, 0 %, 0 MiB
2026/08/03 11:05:55.329, 6, P0, 33, 242.45 W, 1965 MHz, 3996 MHz, 0 %, 0 MiB
2026/08/03 11:05:55.329, 7, P0, 37, 243.38 W, 1965 MHz, 3996 MHz, 0 %, 0 MiB
2026/08/03 11:05:56.329, 0, P0, 36, 252.15 W, 1965 MHz, 3996 MHz, 76 %, 161505 MiB
2026/08/03 11:05:56.329, 1, P0, 34, 248.86 W, 1965 MHz, 3996 MHz, 6 %, 161505 MiB
2026/08/03 11:05:56.329, 2, P0, 36, 236.23 W, 1965 MHz, 3996 MHz, 0 %, 0 MiB
2026/08/03 11:05:56.329, 3, P0, 33, 238.72 W, 1965 MHz, 3996 MHz, 0 %, 0 MiB
2026/08/03 11:05:56.329, 4, P0, 33, 235.89 W, 1965 MHz, 3996 MHz, 0 %, 0 MiB
2026/08/03 11:05:56.329, 5, P0, 36, 244.99 W, 1965 MHz, 3996 MHz, 0 %, 0 MiB
2026/08/03 11:05:56.329, 6, P0, 33, 242.46 W, 1965 MHz, 3996 MHz, 0 %, 0 MiB
2026/08/03 11:05:56.329, 7, P0, 37, 243.42 W, 1965 MHz, 3996 MHz, 0 %, 0 MiB
2026/08/03 11:05:57.329, 0, P0, 36, 251.49 W, 1965 MHz, 3996 MHz, 69 %, 161505 MiB
2026/08/03 11:05:57.329, 1, P0, 34, 248.44 W, 1965 MHz, 3996 MHz, 6 %, 161505 MiB
2026/08/03 11:05:57.329, 2, P0, 36, 236.20 W, 1965 MHz, 3996 MHz, 0 %, 0 MiB
2026/08/03 11:05:57.329, 3, P0, 33, 238.71 W, 1965 MHz, 3996 MHz, 0 %, 0 MiB
2026/08/03 11:05:57.329, 4, P0, 33, 235.89 W, 1965 MHz, 3996 MHz, 0 %, 0 MiB
2026/08/03 11:05:57.329, 5, P0, 36, 245.01 W, 1965 MHz, 3996 MHz, 0 %, 0 MiB
2026/08/03 11:05:57.329, 6, P0, 33, 242.43 W, 1965 MHz, 3996 MHz, 0 %, 0 MiB
2026/08/03 11:05:57.329, 7, P0, 37, 243.44 W, 1965 MHz, 3996 MHz, 0 %, 0 MiB
2026/08/03 11:05:58.329, 0, P0, 36, 251.56 W, 1965 MHz, 3996 MHz, 73 %, 161505 MiB
2026/08/03 11:05:58.330, 1, P0, 34, 247.80 W, 1965 MHz, 3996 MHz, 6 %, 161505 MiB
2026/08/03 11:05:58.330, 2, P0, 36, 236.32 W, 1965 MHz, 3996 MHz, 0 %, 0 MiB
2026/08/03 11:05:58.330, 3, P0, 33, 238.70 W, 1965 MHz, 3996 MHz, 0 %, 0 MiB
2026/08/03 11:05:58.330, 4, P0, 33, 235.89 W, 1965 MHz, 3996 MHz, 0 %, 0 MiB
2026/08/03 11:05:58.330, 5, P0, 36, 245.00 W, 1965 MHz, 3996 MHz, 0 %, 0 MiB
2026/08/03 11:05:58.330, 6, P0, 33, 242.42 W, 1965 MHz, 3996 MHz, 0 %, 0 MiB
2026/08/03 11:05:58.330, 7, P0, 37, 243.40 W, 1965 MHz, 3996 MHz, 0 %, 0 MiB
2026/08/03 11:05:59.330, 0, P0, 36, 252.20 W, 1965 MHz, 3996 MHz, 71 %, 161505 MiB
2026/08/03 11:05:59.330, 1, P0, 33, 247.70 W, 1965 MHz, 3996 MHz, 6 %, 161505 MiB
2026/08/03 11:05:59.330, 2, P0, 36, 236.26 W, 1965 MHz, 3996 MHz, 0 %, 0 MiB
2026/08/03 11:05:59.330, 3, P0, 33, 238.70 W, 1965 MHz, 3996 MHz, 0 %, 0 MiB
2026/08/03 11:05:59.330, 4, P0, 33, 235.88 W, 1965 MHz, 3996 MHz, 0 %, 0 MiB
2026/08/03 11:05:59.330, 5, P0, 36, 244.94 W, 1965 MHz, 3996 MHz, 0 %, 0 MiB
2026/08/03 11:05:59.330, 6, P0, 33, 242.42 W, 1965 MHz, 3996 MHz, 0 %, 0 MiB
2026/08/03 11:05:59.330, 7, P0, 37, 243.29 W, 1965 MHz, 3996 MHz, 0 %, 0 MiB
2026/08/03 11:06:00.330, 0, P0, 36, 252.82 W, 1965 MHz, 3996 MHz, 51 %, 161505 MiB
2026/08/03 11:06:00.330, 1, P0, 33, 247.88 W, 1965 MHz, 3996 MHz, 8 %, 161505 MiB
2026/08/03 11:06:00.330, 2, P0, 36, 236.27 W, 1965 MHz, 3996 MHz, 0 %, 0 MiB
2026/08/03 11:06:00.330, 3, P0, 33, 238.68 W, 1965 MHz, 3996 MHz, 0 %, 0 MiB
2026/08/03 11:06:00.330, 4, P0, 33, 235.88 W, 1965 MHz, 3996 MHz, 0 %, 0 MiB
2026/08/03 11:06:00.330, 5, P0, 36, 244.91 W, 1965 MHz, 3996 MHz, 0 %, 0 MiB
2026/08/03 11:06:00.330, 6, P0, 33, 242.42 W, 1965 MHz, 3996 MHz, 0 %, 0 MiB
2026/08/03 11:06:00.330, 7, P0, 37, 243.32 W, 1965 MHz, 3996 MHz, 0 %, 0 MiB
2026/08/03 11:06:01.330, 0, P0, 36, 252.17 W, 1965 MHz, 3996 MHz, 63 %, 161505 MiB
2026/08/03 11:06:01.330, 1, P0, 33, 248.11 W, 1965 MHz, 3996 MHz, 6 %, 161505 MiB
2026/08/03 11:06:01.330, 2, P0, 36, 236.26 W, 1965 MHz, 3996 MHz, 0 %, 0 MiB
2026/08/03 11:06:01.330, 3, P0, 33, 238.76 W, 1965 MHz, 3996 MHz, 0 %, 0 MiB
2026/08/03 11:06:01.330, 4, P0, 33, 235.89 W, 1965 MHz, 3996 MHz, 0 %, 0 MiB
2026/08/03 11:06:01.330, 5, P0, 36, 245.02 W, 1965 MHz, 3996 MHz, 0 %, 0 MiB
2026/08/03 11:06:01.330, 6, P0, 33, 242.41 W, 1965 MHz, 3996 MHz, 0 %, 0 MiB
2026/08/03 11:06:01.330, 7, P0, 37, 243.39 W, 1965 MHz, 3996 MHz, 0 %, 0 MiB
2026/08/03 11:06:02.331, 0, P0, 36, 253.09 W, 1965 MHz, 3996 MHz, 73 %, 161505 MiB
2026/08/03 11:06:02.331, 1, P0, 33, 247.33 W, 1965 MHz, 3996 MHz, 6 %, 161505 MiB
2026/08/03 11:06:02.331, 2, P0, 36, 236.24 W, 1965 MHz, 3996 MHz, 0 %, 0 MiB
2026/08/03 11:06:02.331, 3, P0, 33, 238.81 W, 1965 MHz, 3996 MHz, 0 %, 0 MiB
2026/08/03 11:06:02.331, 4, P0, 33, 235.89 W, 1965 MHz, 3996 MHz, 0 %, 0 MiB
2026/08/03 11:06:02.331, 5, P0, 36, 244.88 W, 1965 MHz, 3996 MHz, 0 %, 0 MiB
2026/08/03 11:06:02.331, 6, P0, 33, 242.41 W, 1965 MHz, 3996 MHz, 0 %, 0 MiB
2026/08/03 11:06:02.331, 7, P0, 37, 243.38 W, 1965 MHz, 3996 MHz, 0 %, 0 MiB
2026/08/03 11:06:03.331, 0, P0, 36, 251.96 W, 1965 MHz, 3996 MHz, 58 %, 161505 MiB
2026/08/03 11:06:03.331, 1, P0, 33, 247.83 W, 1965 MHz, 3996 MHz, 6 %, 161505 MiB
2026/08/03 11:06:03.331, 2, P0, 36, 236.19 W, 1965 MHz, 3996 MHz, 0 %, 0 MiB
2026/08/03 11:06:03.331, 3, P0, 33, 238.79 W, 1965 MHz, 3996 MHz, 0 %, 0 MiB
2026/08/03 11:06:03.331, 4, P0, 33, 235.90 W, 1965 MHz, 3996 MHz, 0 %, 0 MiB
2026/08/03 11:06:03.331, 5, P0, 36, 244.99 W, 1965 MHz, 3996 MHz, 0 %, 0 MiB
2026/08/03 11:06:03.331, 6, P0, 33, 242.42 W, 1965 MHz, 3996 MHz, 0 %, 0 MiB
2026/08/03 11:06:03.331, 7, P0, 37, 243.38 W, 1965 MHz, 3996 MHz, 0 %, 0 MiB
2026/08/03 11:06:04.331, 0, P0, 36, 252.16 W, 1965 MHz, 3996 MHz, 73 %, 161505 MiB
2026/08/03 11:06:04.331, 1, P0, 33, 248.37 W, 1965 MHz, 3996 MHz, 6 %, 161505 MiB
2026/08/03 11:06:04.331, 2, P0, 36, 236.28 W, 1965 MHz, 3996 MHz, 0 %, 0 MiB
2026/08/03 11:06:04.331, 3, P0, 33, 238.79 W, 1965 MHz, 3996 MHz, 0 %, 0 MiB
2026/08/03 11:06:04.331, 4, P0, 33, 235.86 W, 1965 MHz, 3996 MHz, 0 %, 0 MiB
2026/08/03 11:06:04.331, 5, P0, 36, 244.97 W, 1965 MHz, 3996 MHz, 0 %, 0 MiB
2026/08/03 11:06:04.331, 6, P0, 33, 242.51 W, 1965 MHz, 3996 MHz, 0 %, 0 MiB
2026/08/03 11:06:04.331, 7, P0, 37, 243.37 W, 1965 MHz, 3996 MHz, 0 %, 0 MiB
2026/08/03 11:06:05.331, 0, P0, 36, 251.99 W, 1965 MHz, 3996 MHz, 74 %, 161505 MiB
2026/08/03 11:06:05.331, 1, P0, 33, 248.50 W, 1965 MHz, 3996 MHz, 6 %, 161505 MiB
2026/08/03 11:06:05.331, 2, P0, 36, 236.24 W, 1965 MHz, 3996 MHz, 0 %, 0 MiB
2026/08/03 11:06:05.331, 3, P0, 33, 238.71 W, 1965 MHz, 3996 MHz, 0 %, 0 MiB
2026/08/03 11:06:05.331, 4, P0, 33, 235.86 W, 1965 MHz, 3996 MHz, 0 %, 0 MiB
2026/08/03 11:06:05.331, 5, P0, 36, 244.95 W, 1965 MHz, 3996 MHz, 0 %, 0 MiB
2026/08/03 11:06:05.331, 6, P0, 33, 242.47 W, 1965 MHz, 3996 MHz, 0 %, 0 MiB
2026/08/03 11:06:05.331, 7, P0, 37, 243.38 W, 1965 MHz, 3996 MHz, 0 %, 0 MiB
2026/08/03 11:06:06.332, 0, P0, 36, 251.65 W, 1965 MHz, 3996 MHz, 67 %, 161505 MiB
2026/08/03 11:06:06.332, 1, P0, 33, 248.48 W, 1965 MHz, 3996 MHz, 6 %, 161505 MiB
2026/08/03 11:06:06.332, 2, P0, 36, 236.20 W, 1965 MHz, 3996 MHz, 0 %, 0 MiB
2026/08/03 11:06:06.332, 3, P0, 33, 238.75 W, 1965 MHz, 3996 MHz, 0 %, 0 MiB
2026/08/03 11:06:06.332, 4, P0, 33, 235.89 W, 1965 MHz, 3996 MHz, 0 %, 0 MiB
2026/08/03 11:06:06.332, 5, P0, 36, 244.97 W, 1965 MHz, 3996 MHz, 0 %, 0 MiB
2026/08/03 11:06:06.332, 6, P0, 33, 242.43 W, 1965 MHz, 3996 MHz, 0 %, 0 MiB
2026/08/03 11:06:06.332, 7, P0, 37, 243.34 W, 1965 MHz, 3996 MHz, 0 %, 0 MiB
2026/08/03 11:06:07.332, 0, P0, 36, 252.06 W, 1965 MHz, 3996 MHz, 75 %, 161505 MiB
2026/08/03 11:06:07.332, 1, P0, 33, 248.88 W, 1965 MHz, 3996 MHz, 6 %, 161505 MiB
2026/08/03 11:06:07.332, 2, P0, 36, 236.23 W, 1965 MHz, 3996 MHz, 0 %, 0 MiB
2026/08/03 11:06:07.332, 3, P0, 33, 238.79 W, 1965 MHz, 3996 MHz, 0 %, 0 MiB
2026/08/03 11:06:07.332, 4, P0, 33, 235.88 W, 1965 MHz, 3996 MHz, 0 %, 0 MiB
2026/08/03 11:06:07.332, 5, P0, 36, 244.91 W, 1965 MHz, 3996 MHz, 0 %, 0 MiB
2026/08/03 11:06:07.332, 6, P0, 33, 242.38 W, 1965 MHz, 3996 MHz, 0 %, 0 MiB
2026/08/03 11:06:07.332, 7, P0, 37, 243.40 W, 1965 MHz, 3996 MHz, 0 %, 0 MiB
2026/08/03 11:06:08.332, 0, P0, 36, 252.35 W, 1965 MHz, 3996 MHz, 77 %, 161505 MiB
2026/08/03 11:06:08.332, 1, P0, 33, 248.77 W, 1965 MHz, 3996 MHz, 7 %, 161505 MiB
2026/08/03 11:06:08.332, 2, P0, 36, 236.32 W, 1965 MHz, 3996 MHz, 0 %, 0 MiB
2026/08/03 11:06:08.332, 3, P0, 33, 238.80 W, 1965 MHz, 3996 MHz, 0 %, 0 MiB
2026/08/03 11:06:08.332, 4, P0, 33, 235.89 W, 1965 MHz, 3996 MHz, 0 %, 0 MiB
2026/08/03 11:06:08.332, 5, P0, 36, 244.99 W, 1965 MHz, 3996 MHz, 0 %, 0 MiB
2026/08/03 11:06:08.332, 6, P0, 33, 242.38 W, 1965 MHz, 3996 MHz, 0 %, 0 MiB
2026/08/03 11:06:08.332, 7, P0, 37, 243.48 W, 1965 MHz, 3996 MHz, 0 %, 0 MiB
2026/08/03 11:06:09.333, 0, P0, 36, 252.82 W, 1965 MHz, 3996 MHz, 89 %, 161505 MiB
2026/08/03 11:06:09.333, 1, P0, 33, 247.43 W, 1965 MHz, 3996 MHz, 6 %, 161505 MiB
2026/08/03 11:06:09.333, 2, P0, 36, 236.19 W, 1965 MHz, 3996 MHz, 0 %, 0 MiB
2026/08/03 11:06:09.333, 3, P0, 33, 238.86 W, 1965 MHz, 3996 MHz, 0 %, 0 MiB
2026/08/03 11:06:09.333, 4, P0, 33, 235.89 W, 1965 MHz, 3996 MHz, 0 %, 0 MiB
2026/08/03 11:06:09.333, 5, P0, 36, 244.98 W, 1965 MHz, 3996 MHz, 0 %, 0 MiB
2026/08/03 11:06:09.333, 6, P0, 33, 242.45 W, 1965 MHz, 3996 MHz, 0 %, 0 MiB
2026/08/03 11:06:09.333, 7, P0, 37, 243.44 W, 1965 MHz, 3996 MHz, 0 %, 0 MiB
2026/08/03 11:06:10.333, 0, P0, 36, 251.73 W, 1965 MHz, 3996 MHz, 72 %, 161505 MiB
2026/08/03 11:06:10.333, 1, P0, 33, 248.17 W, 1965 MHz, 3996 MHz, 6 %, 161505 MiB
2026/08/03 11:06:10.333, 2, P0, 36, 236.22 W, 1965 MHz, 3996 MHz, 0 %, 0 MiB
2026/08/03 11:06:10.333, 3, P0, 33, 238.81 W, 1965 MHz, 3996 MHz, 0 %, 0 MiB
2026/08/03 11:06:10.333, 4, P0, 33, 235.90 W, 1965 MHz, 3996 MHz, 0 %, 0 MiB
2026/08/03 11:06:10.333, 5, P0, 36, 245.00 W, 1965 MHz, 3996 MHz, 0 %, 0 MiB
2026/08/03 11:06:10.333, 6, P0, 33, 242.44 W, 1965 MHz, 3996 MHz, 0 %, 0 MiB
2026/08/03 11:06:10.333, 7, P0, 37, 243.42 W, 1965 MHz, 3996 MHz, 0 %, 0 MiB
2026/08/03 11:06:11.333, 0, P0, 36, 251.15 W, 1965 MHz, 3996 MHz, 62 %, 161505 MiB
2026/08/03 11:06:11.333, 1, P0, 33, 248.77 W, 1965 MHz, 3996 MHz, 6 %, 161505 MiB
2026/08/03 11:06:11.333, 2, P0, 36, 236.29 W, 1965 MHz, 3996 MHz, 0 %, 0 MiB
2026/08/03 11:06:11.333, 3, P0, 33, 238.69 W, 1965 MHz, 3996 MHz, 0 %, 0 MiB
2026/08/03 11:06:11.333, 4, P0, 33, 235.91 W, 1965 MHz, 3996 MHz, 0 %, 0 MiB
2026/08/03 11:06:11.333, 5, P0, 36, 245.01 W, 1965 MHz, 3996 MHz, 0 %, 0 MiB
2026/08/03 11:06:11.333, 6, P0, 33, 242.45 W, 1965 MHz, 3996 MHz, 0 %, 0 MiB
2026/08/03 11:06:11.333, 7, P0, 37, 243.41 W, 1965 MHz, 3996 MHz, 0 %, 0 MiB
2026/08/03 11:06:12.333, 0, P0, 36, 251.92 W, 1965 MHz, 3996 MHz, 72 %, 161505 MiB
2026/08/03 11:06:12.333, 1, P0, 33, 248.67 W, 1965 MHz, 3996 MHz, 6 %, 161505 MiB
2026/08/03 11:06:12.334, 2, P0, 36, 236.23 W, 1965 MHz, 3996 MHz, 0 %, 0 MiB
2026/08/03 11:06:12.334, 3, P0, 33, 238.76 W, 1965 MHz, 3996 MHz, 0 %, 0 MiB
2026/08/03 11:06:12.334, 4, P0, 33, 235.89 W, 1965 MHz, 3996 MHz, 0 %, 0 MiB
2026/08/03 11:06:12.334, 5, P0, 36, 244.91 W, 1965 MHz, 3996 MHz, 0 %, 0 MiB
2026/08/03 11:06:12.334, 6, P0, 33, 242.46 W, 1965 MHz, 3996 MHz, 0 %, 0 MiB
2026/08/03 11:06:12.334, 7, P0, 37, 243.41 W, 1965 MHz, 3996 MHz, 0 %, 0 MiB
2026/08/03 11:06:13.334, 0, P0, 36, 252.11 W, 1965 MHz, 3996 MHz, 80 %, 161505 MiB
2026/08/03 11:06:13.334, 1, P0, 33, 247.71 W, 1965 MHz, 3996 MHz, 6 %, 161505 MiB
2026/08/03 11:06:13.334, 2, P0, 36, 236.19 W, 1965 MHz, 3996 MHz, 0 %, 0 MiB
2026/08/03 11:06:13.334, 3, P0, 33, 238.72 W, 1965 MHz, 3996 MHz, 0 %, 0 MiB
2026/08/03 11:06:13.334, 4, P0, 33, 235.90 W, 1965 MHz, 3996 MHz, 0 %, 0 MiB
2026/08/03 11:06:13.334, 5, P0, 36, 245.07 W, 1965 MHz, 3996 MHz, 0 %, 0 MiB
2026/08/03 11:06:13.334, 6, P0, 33, 242.45 W, 1965 MHz, 3996 MHz, 0 %, 0 MiB
2026/08/03 11:06:13.334, 7, P0, 37, 243.43 W, 1965 MHz, 3996 MHz, 0 %, 0 MiB
2026/08/03 11:06:14.334, 0, P0, 36, 252.04 W, 1965 MHz, 3996 MHz, 54 %, 161505 MiB
2026/08/03 11:06:14.334, 1, P0, 33, 248.46 W, 1965 MHz, 3996 MHz, 6 %, 161505 MiB
2026/08/03 11:06:14.334, 2, P0, 36, 236.16 W, 1965 MHz, 3996 MHz, 0 %, 0 MiB
2026/08/03 11:06:14.334, 3, P0, 33, 238.77 W, 1965 MHz, 3996 MHz, 0 %, 0 MiB
2026/08/03 11:06:14.334, 4, P0, 33, 235.90 W, 1965 MHz, 3996 MHz, 0 %, 0 MiB
2026/08/03 11:06:14.334, 5, P0, 36, 245.04 W, 1965 MHz, 3996 MHz, 0 %, 0 MiB
2026/08/03 11:06:14.334, 6, P0, 33, 242.40 W, 1965 MHz, 3996 MHz, 0 %, 0 MiB
2026/08/03 11:06:14.334, 7, P0, 37, 243.39 W, 1965 MHz, 3996 MHz, 0 %, 0 MiB
2026/08/03 11:06:15.334, 0, P0, 36, 252.56 W, 1965 MHz, 3996 MHz, 65 %, 161505 MiB
2026/08/03 11:06:15.334, 1, P0, 33, 247.82 W, 1965 MHz, 3996 MHz, 6 %, 161505 MiB
2026/08/03 11:06:15.334, 2, P0, 36, 236.24 W, 1965 MHz, 3996 MHz, 0 %, 0 MiB
2026/08/03 11:06:15.334, 3, P0, 33, 238.68 W, 1965 MHz, 3996 MHz, 0 %, 0 MiB
2026/08/03 11:06:15.334, 4, P0, 33, 235.90 W, 1965 MHz, 3996 MHz, 0 %, 0 MiB
2026/08/03 11:06:15.334, 5, P0, 36, 245.01 W, 1965 MHz, 3996 MHz, 0 %, 0 MiB
2026/08/03 11:06:15.334, 6, P0, 33, 242.46 W, 1965 MHz, 3996 MHz, 0 %, 0 MiB
2026/08/03 11:06:15.334, 7, P0, 37, 243.39 W, 1965 MHz, 3996 MHz, 0 %, 0 MiB
2026/08/03 11:06:16.335, 0, P0, 36, 251.51 W, 1965 MHz, 3996 MHz, 64 %, 161505 MiB
2026/08/03 11:06:16.335, 1, P0, 33, 247.72 W, 1965 MHz, 3996 MHz, 6 %, 161505 MiB
2026/08/03 11:06:16.335, 2, P0, 36, 236.24 W, 1965 MHz, 3996 MHz, 0 %, 0 MiB
2026/08/03 11:06:16.335, 3, P0, 33, 238.73 W, 1965 MHz, 3996 MHz, 0 %, 0 MiB
2026/08/03 11:06:16.335, 4, P0, 33, 235.90 W, 1965 MHz, 3996 MHz, 0 %, 0 MiB
2026/08/03 11:06:16.335, 5, P0, 36, 245.04 W, 1965 MHz, 3996 MHz, 0 %, 0 MiB
2026/08/03 11:06:16.335, 6, P0, 33, 242.43 W, 1965 MHz, 3996 MHz, 0 %, 0 MiB
2026/08/03 11:06:16.335, 7, P0, 37, 243.42 W, 1965 MHz, 3996 MHz, 0 %, 0 MiB
2026/08/03 11:06:17.335, 0, P0, 36, 251.65 W, 1965 MHz, 3996 MHz, 75 %, 161505 MiB
2026/08/03 11:06:17.335, 1, P0, 33, 248.37 W, 1965 MHz, 3996 MHz, 6 %, 161505 MiB
2026/08/03 11:06:17.335, 2, P0, 36, 236.20 W, 1965 MHz, 3996 MHz, 0 %, 0 MiB
2026/08/03 11:06:17.335, 3, P0, 33, 238.67 W, 1965 MHz, 3996 MHz, 0 %, 0 MiB
2026/08/03 11:06:17.335, 4, P0, 33, 235.89 W, 1965 MHz, 3996 MHz, 0 %, 0 MiB
2026/08/03 11:06:17.335, 5, P0, 36, 244.99 W, 1965 MHz, 3996 MHz, 0 %, 0 MiB
2026/08/03 11:06:17.335, 6, P0, 33, 242.42 W, 1965 MHz, 3996 MHz, 0 %, 0 MiB
2026/08/03 11:06:17.335, 7, P0, 37, 243.43 W, 1965 MHz, 3996 MHz, 0 %, 0 MiB
2026/08/03 11:06:18.335, 0, P0, 36, 252.14 W, 1965 MHz, 3996 MHz, 66 %, 161505 MiB
2026/08/03 11:06:18.335, 1, P0, 33, 248.92 W, 1965 MHz, 3996 MHz, 6 %, 161505 MiB
2026/08/03 11:06:18.335, 2, P0, 36, 236.23 W, 1965 MHz, 3996 MHz, 0 %, 0 MiB
2026/08/03 11:06:18.335, 3, P0, 33, 238.80 W, 1965 MHz, 3996 MHz, 0 %, 0 MiB
2026/08/03 11:06:18.335, 4, P0, 33, 235.89 W, 1965 MHz, 3996 MHz, 0 %, 0 MiB
2026/08/03 11:06:18.335, 5, P0, 36, 245.02 W, 1965 MHz, 3996 MHz, 0 %, 0 MiB
2026/08/03 11:06:18.336, 6, P0, 33, 242.41 W, 1965 MHz, 3996 MHz, 0 %, 0 MiB
2026/08/03 11:06:18.336, 7, P0, 37, 243.41 W, 1965 MHz, 3996 MHz, 0 %, 0 MiB
2026/08/03 11:06:19.336, 0, P0, 36, 252.22 W, 1965 MHz, 3996 MHz, 52 %, 161505 MiB
2026/08/03 11:06:19.337, 1, P0, 33, 247.97 W, 1965 MHz, 3996 MHz, 6 %, 161505 MiB
2026/08/03 11:06:19.338, 2, P0, 36, 236.21 W, 1965 MHz, 3996 MHz, 0 %, 0 MiB
2026/08/03 11:06:19.338, 3, P0, 33, 238.72 W, 1965 MHz, 3996 MHz, 0 %, 0 MiB
2026/08/03 11:06:19.339, 4, P0, 33, 235.89 W, 1965 MHz, 3996 MHz, 0 %, 0 MiB
2026/08/03 11:06:19.340, 5, P0, 36, 244.95 W, 1965 MHz, 3996 MHz, 0 %, 0 MiB
2026/08/03 11:06:19.340, 6, P0, 33, 242.44 W, 1965 MHz, 3996 MHz, 0 %, 0 MiB
2026/08/03 11:06:19.341, 7, P0, 37, 243.34 W, 1965 MHz, 3996 MHz, 0 %, 0 MiB
2026/08/03 11:06:20.341, 0, P0, 36, 252.50 W, 1965 MHz, 3996 MHz, 62 %, 161505 MiB
2026/08/03 11:06:20.341, 1, P0, 33, 248.97 W, 1965 MHz, 3996 MHz, 6 %, 161505 MiB
2026/08/03 11:06:20.341, 2, P0, 36, 236.21 W, 1965 MHz, 3996 MHz, 0 %, 0 MiB
2026/08/03 11:06:20.341, 3, P0, 33, 238.82 W, 1965 MHz, 3996 MHz, 0 %, 0 MiB
2026/08/03 11:06:20.341, 4, P0, 33, 235.89 W, 1965 MHz, 3996 MHz, 0 %, 0 MiB
2026/08/03 11:06:20.341, 5, P0, 36, 244.98 W, 1965 MHz, 3996 MHz, 0 %, 0 MiB
2026/08/03 11:06:20.341, 6, P0, 33, 242.41 W, 1965 MHz, 3996 MHz, 0 %, 0 MiB
2026/08/03 11:06:20.341, 7, P0, 37, 243.35 W, 1965 MHz, 3996 MHz, 0 %, 0 MiB
2026/08/03 11:06:21.341, 0, P0, 36, 251.21 W, 1965 MHz, 3996 MHz, 78 %, 161505 MiB
2026/08/03 11:06:21.341, 1, P0, 33, 247.28 W, 1965 MHz, 3996 MHz, 6 %, 161505 MiB
2026/08/03 11:06:21.341, 2, P0, 36, 236.27 W, 1965 MHz, 3996 MHz, 0 %, 0 MiB
2026/08/03 11:06:21.342, 3, P0, 33, 238.85 W, 1965 MHz, 3996 MHz, 0 %, 0 MiB
2026/08/03 11:06:21.342, 4, P0, 33, 235.89 W, 1965 MHz, 3996 MHz, 0 %, 0 MiB
2026/08/03 11:06:21.342, 5, P0, 36, 244.94 W, 1965 MHz, 3996 MHz, 0 %, 0 MiB
2026/08/03 11:06:21.342, 6, P0, 33, 242.48 W, 1965 MHz, 3996 MHz, 0 %, 0 MiB
2026/08/03 11:06:21.342, 7, P0, 37, 243.38 W, 1965 MHz, 3996 MHz, 0 %, 0 MiB
2026/08/03 11:06:22.342, 0, P0, 36, 252.10 W, 1965 MHz, 3996 MHz, 82 %, 161505 MiB
2026/08/03 11:06:22.342, 1, P0, 33, 248.89 W, 1965 MHz, 3996 MHz, 6 %, 161505 MiB
2026/08/03 11:06:22.342, 2, P0, 36, 236.24 W, 1965 MHz, 3996 MHz, 0 %, 0 MiB
2026/08/03 11:06:22.342, 3, P0, 33, 238.74 W, 1965 MHz, 3996 MHz, 0 %, 0 MiB
2026/08/03 11:06:22.342, 4, P0, 33, 235.89 W, 1965 MHz, 3996 MHz, 0 %, 0 MiB
2026/08/03 11:06:22.342, 5, P0, 36, 245.00 W, 1965 MHz, 3996 MHz, 0 %, 0 MiB
2026/08/03 11:06:22.342, 6, P0, 33, 242.49 W, 1965 MHz, 3996 MHz, 0 %, 0 MiB
2026/08/03 11:06:22.342, 7, P0, 37, 243.39 W, 1965 MHz, 3996 MHz, 0 %, 0 MiB
2026/08/03 11:06:23.342, 0, P0, 36, 252.29 W, 1965 MHz, 3996 MHz, 77 %, 161505 MiB
2026/08/03 11:06:23.342, 1, P0, 33, 248.10 W, 1965 MHz, 3996 MHz, 6 %, 161505 MiB
2026/08/03 11:06:23.342, 2, P0, 36, 236.30 W, 1965 MHz, 3996 MHz, 0 %, 0 MiB
2026/08/03 11:06:23.342, 3, P0, 33, 238.89 W, 1965 MHz, 3996 MHz, 0 %, 0 MiB
2026/08/03 11:06:23.342, 4, P0, 33, 235.89 W, 1965 MHz, 3996 MHz, 0 %, 0 MiB
2026/08/03 11:06:23.342, 5, P0, 36, 245.02 W, 1965 MHz, 3996 MHz, 0 %, 0 MiB
2026/08/03 11:06:23.342, 6, P0, 33, 242.44 W, 1965 MHz, 3996 MHz, 0 %, 0 MiB
2026/08/03 11:06:23.342, 7, P0, 37, 243.46 W, 1965 MHz, 3996 MHz, 0 %, 0 MiB
2026/08/03 11:06:24.342, 0, P0, 36, 252.43 W, 1965 MHz, 3996 MHz, 61 %, 161505 MiB
2026/08/03 11:06:24.342, 1, P0, 33, 248.56 W, 1965 MHz, 3996 MHz, 6 %, 161505 MiB
2026/08/03 11:06:24.342, 2, P0, 36, 236.29 W, 1965 MHz, 3996 MHz, 0 %, 0 MiB
2026/08/03 11:06:24.342, 3, P0, 33, 238.77 W, 1965 MHz, 3996 MHz, 0 %, 0 MiB
2026/08/03 11:06:24.342, 4, P0, 33, 235.92 W, 1965 MHz, 3996 MHz, 0 %, 0 MiB
2026/08/03 11:06:24.342, 5, P0, 36, 245.07 W, 1965 MHz, 3996 MHz, 0 %, 0 MiB
2026/08/03 11:06:24.342, 6, P0, 33, 242.50 W, 1965 MHz, 3996 MHz, 0 %, 0 MiB
2026/08/03 11:06:24.342, 7, P0, 37, 243.48 W, 1965 MHz, 3996 MHz, 0 %, 0 MiB
2026/08/03 11:06:25.342, 0, P0, 36, 251.83 W, 1965 MHz, 3996 MHz, 68 %, 161505 MiB
2026/08/03 11:06:25.342, 1, P0, 33, 248.30 W, 1965 MHz, 3996 MHz, 14 %, 161505 MiB
2026/08/03 11:06:25.343, 2, P0, 36, 236.22 W, 1965 MHz, 3996 MHz, 0 %, 0 MiB
2026/08/03 11:06:25.343, 3, P0, 33, 238.78 W, 1965 MHz, 3996 MHz, 0 %, 0 MiB
2026/08/03 11:06:25.343, 4, P0, 33, 235.88 W, 1965 MHz, 3996 MHz, 0 %, 0 MiB
2026/08/03 11:06:25.343, 5, P0, 36, 244.98 W, 1965 MHz, 3996 MHz, 0 %, 0 MiB
2026/08/03 11:06:25.343, 6, P0, 33, 242.43 W, 1965 MHz, 3996 MHz, 0 %, 0 MiB
2026/08/03 11:06:25.343, 7, P0, 37, 243.44 W, 1965 MHz, 3996 MHz, 0 %, 0 MiB
2026/08/03 11:06:26.343, 0, P0, 36, 252.28 W, 1965 MHz, 3996 MHz, 63 %, 161505 MiB
2026/08/03 11:06:26.343, 1, P0, 33, 248.27 W, 1965 MHz, 3996 MHz, 6 %, 161505 MiB
2026/08/03 11:06:26.343, 2, P0, 36, 236.20 W, 1965 MHz, 3996 MHz, 0 %, 0 MiB
2026/08/03 11:06:26.343, 3, P0, 33, 238.69 W, 1965 MHz, 3996 MHz, 0 %, 0 MiB
2026/08/03 11:06:26.343, 4, P0, 33, 235.92 W, 1965 MHz, 3996 MHz, 0 %, 0 MiB
2026/08/03 11:06:26.343, 5, P0, 36, 245.00 W, 1965 MHz, 3996 MHz, 0 %, 0 MiB
2026/08/03 11:06:26.343, 6, P0, 33, 242.39 W, 1965 MHz, 3996 MHz, 0 %, 0 MiB
2026/08/03 11:06:26.343, 7, P0, 37, 243.39 W, 1965 MHz, 3996 MHz, 0 %, 0 MiB
2026/08/03 11:06:27.343, 0, P0, 36, 252.06 W, 1965 MHz, 3996 MHz, 49 %, 161505 MiB
2026/08/03 11:06:27.343, 1, P0, 33, 248.31 W, 1965 MHz, 3996 MHz, 6 %, 161505 MiB
2026/08/03 11:06:27.343, 2, P0, 36, 236.27 W, 1965 MHz, 3996 MHz, 0 %, 0 MiB
2026/08/03 11:06:27.343, 3, P0, 33, 238.79 W, 1965 MHz, 3996 MHz, 0 %, 0 MiB
2026/08/03 11:06:27.343, 4, P0, 33, 235.90 W, 1965 MHz, 3996 MHz, 0 %, 0 MiB
2026/08/03 11:06:27.343, 5, P0, 36, 245.02 W, 1965 MHz, 3996 MHz, 0 %, 0 MiB
2026/08/03 11:06:27.343, 6, P0, 33, 242.42 W, 1965 MHz, 3996 MHz, 0 %, 0 MiB
2026/08/03 11:06:27.343, 7, P0, 37, 243.46 W, 1965 MHz, 3996 MHz, 0 %, 0 MiB
2026/08/03 11:06:28.343, 0, P0, 36, 252.37 W, 1965 MHz, 3996 MHz, 64 %, 161505 MiB
2026/08/03 11:06:28.343, 1, P0, 33, 248.00 W, 1965 MHz, 3996 MHz, 6 %, 161505 MiB
2026/08/03 11:06:28.343, 2, P0, 36, 236.25 W, 1965 MHz, 3996 MHz, 0 %, 0 MiB
2026/08/03 11:06:28.343, 3, P0, 33, 238.74 W, 1965 MHz, 3996 MHz, 0 %, 0 MiB
2026/08/03 11:06:28.343, 4, P0, 33, 235.89 W, 1965 MHz, 3996 MHz, 0 %, 0 MiB
2026/08/03 11:06:28.343, 5, P0, 36, 244.98 W, 1965 MHz, 3996 MHz, 0 %, 0 MiB
2026/08/03 11:06:28.343, 6, P0, 33, 242.46 W, 1965 MHz, 3996 MHz, 0 %, 0 MiB
2026/08/03 11:06:28.343, 7, P0, 37, 243.46 W, 1965 MHz, 3996 MHz, 0 %, 0 MiB
2026/08/03 11:06:29.344, 0, P0, 36, 264.94 W, 1965 MHz, 3996 MHz, 55 %, 161507 MiB
2026/08/03 11:06:29.344, 1, P0, 34, 252.58 W, 1965 MHz, 3996 MHz, 6 %, 161507 MiB
2026/08/03 11:06:29.344, 2, P0, 36, 236.24 W, 1965 MHz, 3996 MHz, 0 %, 0 MiB
2026/08/03 11:06:29.344, 3, P0, 33, 238.74 W, 1965 MHz, 3996 MHz, 0 %, 0 MiB
2026/08/03 11:06:29.344, 4, P0, 33, 235.92 W, 1965 MHz, 3996 MHz, 0 %, 0 MiB
2026/08/03 11:06:29.344, 5, P0, 36, 245.03 W, 1965 MHz, 3996 MHz, 0 %, 0 MiB
2026/08/03 11:06:29.344, 6, P0, 33, 242.48 W, 1965 MHz, 3996 MHz, 0 %, 0 MiB
2026/08/03 11:06:29.344, 7, P0, 37, 243.39 W, 1965 MHz, 3996 MHz, 0 %, 0 MiB
2026/08/03 11:06:30.344, 0, P0, 36, 256.18 W, 1965 MHz, 3996 MHz, 77 %, 161507 MiB
2026/08/03 11:06:30.344, 1, P0, 34, 250.19 W, 1965 MHz, 3996 MHz, 6 %, 161507 MiB
2026/08/03 11:06:30.344, 2, P0, 36, 236.22 W, 1965 MHz, 3996 MHz, 0 %, 0 MiB
2026/08/03 11:06:30.344, 3, P0, 33, 238.85 W, 1965 MHz, 3996 MHz, 0 %, 0 MiB
2026/08/03 11:06:30.344, 4, P0, 33, 235.91 W, 1965 MHz, 3996 MHz, 0 %, 0 MiB
2026/08/03 11:06:30.344, 5, P0, 36, 245.03 W, 1965 MHz, 3996 MHz, 0 %, 0 MiB
2026/08/03 11:06:30.344, 6, P0, 33, 242.51 W, 1965 MHz, 3996 MHz, 0 %, 0 MiB
2026/08/03 11:06:30.344, 7, P0, 37, 243.45 W, 1965 MHz, 3996 MHz, 0 %, 0 MiB
2026/08/03 11:06:31.344, 0, P0, 36, 269.18 W, 1965 MHz, 3996 MHz, 74 %, 161507 MiB
2026/08/03 11:06:31.344, 1, P0, 34, 252.67 W, 1965 MHz, 3996 MHz, 6 %, 161507 MiB
2026/08/03 11:06:31.344, 2, P0, 36, 236.24 W, 1965 MHz, 3996 MHz, 0 %, 0 MiB
2026/08/03 11:06:31.344, 3, P0, 33, 238.81 W, 1965 MHz, 3996 MHz, 0 %, 0 MiB
2026/08/03 11:06:31.344, 4, P0, 33, 235.90 W, 1965 MHz, 3996 MHz, 0 %, 0 MiB
2026/08/03 11:06:31.344, 5, P0, 36, 245.09 W, 1965 MHz, 3996 MHz, 0 %, 0 MiB
2026/08/03 11:06:31.344, 6, P0, 33, 242.55 W, 1965 MHz, 3996 MHz, 0 %, 0 MiB
2026/08/03 11:06:31.344, 7, P0, 37, 243.36 W, 1965 MHz, 3996 MHz, 0 %, 0 MiB
2026/08/03 11:06:32.344, 0, P0, 36, 255.16 W, 1965 MHz, 3996 MHz, 76 %, 161507 MiB
2026/08/03 11:06:32.344, 1, P0, 33, 249.64 W, 1965 MHz, 3996 MHz, 6 %, 161507 MiB
2026/08/03 11:06:32.344, 2, P0, 36, 236.33 W, 1965 MHz, 3996 MHz, 0 %, 0 MiB
2026/08/03 11:06:32.344, 3, P0, 33, 238.71 W, 1965 MHz, 3996 MHz, 0 %, 0 MiB
2026/08/03 11:06:32.344, 4, P0, 33, 235.92 W, 1965 MHz, 3996 MHz, 0 %, 0 MiB
2026/08/03 11:06:32.344, 5, P0, 36, 245.07 W, 1965 MHz, 3996 MHz, 0 %, 0 MiB
2026/08/03 11:06:32.344, 6, P0, 33, 242.53 W, 1965 MHz, 3996 MHz, 0 %, 0 MiB
2026/08/03 11:06:32.344, 7, P0, 37, 243.33 W, 1965 MHz, 3996 MHz, 0 %, 0 MiB
2026/08/03 11:06:33.345, 0, P0, 37, 267.82 W, 1965 MHz, 3996 MHz, 80 %, 161507 MiB
2026/08/03 11:06:33.345, 1, P0, 34, 252.00 W, 1965 MHz, 3996 MHz, 6 %, 161507 MiB
2026/08/03 11:06:33.345, 2, P0, 36, 236.31 W, 1965 MHz, 3996 MHz, 0 %, 0 MiB
2026/08/03 11:06:33.345, 3, P0, 33, 238.73 W, 1965 MHz, 3996 MHz, 0 %, 0 MiB
2026/08/03 11:06:33.345, 4, P0, 33, 235.89 W, 1965 MHz, 3996 MHz, 0 %, 0 MiB
2026/08/03 11:06:33.345, 5, P0, 36, 245.04 W, 1965 MHz, 3996 MHz, 0 %, 0 MiB
2026/08/03 11:06:33.345, 6, P0, 33, 242.45 W, 1965 MHz, 3996 MHz, 0 %, 0 MiB
2026/08/03 11:06:33.345, 7, P0, 37, 243.33 W, 1965 MHz, 3996 MHz, 0 %, 0 MiB
2026/08/03 11:06:34.345, 0, P0, 36, 254.81 W, 1965 MHz, 3996 MHz, 50 %, 161507 MiB
2026/08/03 11:06:34.345, 1, P0, 34, 250.56 W, 1965 MHz, 3996 MHz, 6 %, 161507 MiB
2026/08/03 11:06:34.345, 2, P0, 36, 236.23 W, 1965 MHz, 3996 MHz, 0 %, 0 MiB
2026/08/03 11:06:34.345, 3, P0, 33, 238.74 W, 1965 MHz, 3996 MHz, 0 %, 0 MiB
2026/08/03 11:06:34.345, 4, P0, 33, 235.89 W, 1965 MHz, 3996 MHz, 0 %, 0 MiB
2026/08/03 11:06:34.345, 5, P0, 36, 244.93 W, 1965 MHz, 3996 MHz, 0 %, 0 MiB
2026/08/03 11:06:34.345, 6, P0, 33, 242.49 W, 1965 MHz, 3996 MHz, 0 %, 0 MiB
2026/08/03 11:06:34.345, 7, P0, 37, 243.41 W, 1965 MHz, 3996 MHz, 0 %, 0 MiB
2026/08/03 11:06:35.345, 0, P0, 37, 271.17 W, 1965 MHz, 3996 MHz, 84 %, 161507 MiB
2026/08/03 11:06:35.345, 1, P0, 34, 254.01 W, 1965 MHz, 3996 MHz, 10 %, 161507 MiB
2026/08/03 11:06:35.345, 2, P0, 36, 236.29 W, 1965 MHz, 3996 MHz, 0 %, 0 MiB
2026/08/03 11:06:35.345, 3, P0, 33, 238.86 W, 1965 MHz, 3996 MHz, 0 %, 0 MiB
2026/08/03 11:06:35.345, 4, P0, 33, 235.91 W, 1965 MHz, 3996 MHz, 0 %, 0 MiB
2026/08/03 11:06:35.345, 5, P0, 36, 244.95 W, 1965 MHz, 3996 MHz, 0 %, 0 MiB
2026/08/03 11:06:35.345, 6, P0, 33, 242.48 W, 1965 MHz, 3996 MHz, 0 %, 0 MiB
2026/08/03 11:06:35.345, 7, P0, 37, 243.50 W, 1965 MHz, 3996 MHz, 0 %, 0 MiB
2026/08/03 11:06:36.345, 0, P0, 36, 254.71 W, 1965 MHz, 3996 MHz, 69 %, 161507 MiB
2026/08/03 11:06:36.345, 1, P0, 33, 248.44 W, 1965 MHz, 3996 MHz, 8 %, 161507 MiB
2026/08/03 11:06:36.345, 2, P0, 36, 236.26 W, 1965 MHz, 3996 MHz, 0 %, 0 MiB
2026/08/03 11:06:36.345, 3, P0, 33, 238.78 W, 1965 MHz, 3996 MHz, 0 %, 0 MiB
2026/08/03 11:06:36.345, 4, P0, 33, 235.89 W, 1965 MHz, 3996 MHz, 0 %, 0 MiB
2026/08/03 11:06:36.345, 5, P0, 36, 245.03 W, 1965 MHz, 3996 MHz, 0 %, 0 MiB
2026/08/03 11:06:36.345, 6, P0, 33, 242.45 W, 1965 MHz, 3996 MHz, 0 %, 0 MiB
2026/08/03 11:06:36.345, 7, P0, 37, 243.46 W, 1965 MHz, 3996 MHz, 0 %, 0 MiB
2026/08/03 11:06:37.346, 0, P0, 36, 249.00 W, 1965 MHz, 3996 MHz, 100 %, 161507 MiB
2026/08/03 11:06:37.346, 1, P0, 33, 242.56 W, 1965 MHz, 3996 MHz, 0 %, 161507 MiB
2026/08/03 11:06:37.346, 2, P0, 36, 236.19 W, 1965 MHz, 3996 MHz, 0 %, 0 MiB
2026/08/03 11:06:37.346, 3, P0, 33, 238.77 W, 1965 MHz, 3996 MHz, 0 %, 0 MiB
2026/08/03 11:06:37.346, 4, P0, 33, 235.90 W, 1965 MHz, 3996 MHz, 0 %, 0 MiB
2026/08/03 11:06:37.346, 5, P0, 36, 244.97 W, 1965 MHz, 3996 MHz, 0 %, 0 MiB
2026/08/03 11:06:37.346, 6, P0, 33, 242.49 W, 1965 MHz, 3996 MHz, 0 %, 0 MiB
2026/08/03 11:06:37.346, 7, P0, 37, 243.39 W, 1965 MHz, 3996 MHz, 0 %, 0 MiB
2026/08/03 11:06:38.346, 0, P0, 36, 251.25 W, 1965 MHz, 3996 MHz, 65 %, 161507 MiB
2026/08/03 11:06:38.346, 1, P0, 33, 246.66 W, 1965 MHz, 3996 MHz, 100 %, 161507 MiB
2026/08/03 11:06:38.346, 2, P0, 36, 236.35 W, 1965 MHz, 3996 MHz, 0 %, 0 MiB
2026/08/03 11:06:38.346, 3, P0, 33, 238.69 W, 1965 MHz, 3996 MHz, 0 %, 0 MiB
2026/08/03 11:06:38.346, 4, P0, 33, 235.89 W, 1965 MHz, 3996 MHz, 0 %, 0 MiB
2026/08/03 11:06:38.346, 5, P0, 36, 244.99 W, 1965 MHz, 3996 MHz, 0 %, 0 MiB
2026/08/03 11:06:38.346, 6, P0, 33, 242.51 W, 1965 MHz, 3996 MHz, 0 %, 0 MiB
2026/08/03 11:06:38.346, 7, P0, 37, 243.43 W, 1965 MHz, 3996 MHz, 0 %, 0 MiB
2026/08/03 11:06:39.346, 0, P0, 36, 245.08 W, 1965 MHz, 3996 MHz, 0 %, 161507 MiB
2026/08/03 11:06:39.346, 1, P0, 33, 244.79 W, 1965 MHz, 3996 MHz, 6 %, 161507 MiB
2026/08/03 11:06:39.346, 2, P0, 36, 236.21 W, 1965 MHz, 3996 MHz, 0 %, 0 MiB
2026/08/03 11:06:39.346, 3, P0, 33, 238.84 W, 1965 MHz, 3996 MHz, 0 %, 0 MiB
2026/08/03 11:06:39.346, 4, P0, 33, 235.90 W, 1965 MHz, 3996 MHz, 0 %, 0 MiB
2026/08/03 11:06:39.346, 5, P0, 36, 245.05 W, 1965 MHz, 3996 MHz, 0 %, 0 MiB
2026/08/03 11:06:39.346, 6, P0, 33, 242.52 W, 1965 MHz, 3996 MHz, 0 %, 0 MiB
2026/08/03 11:06:39.346, 7, P0, 37, 243.53 W, 1965 MHz, 3996 MHz, 0 %, 0 MiB
2026/08/03 11:06:40.346, 0, P0, 36, 253.71 W, 1965 MHz, 3996 MHz, 50 %, 161507 MiB
2026/08/03 11:06:40.347, 1, P0, 33, 248.49 W, 1965 MHz, 3996 MHz, 6 %, 161507 MiB
2026/08/03 11:06:40.347, 2, P0, 36, 236.25 W, 1965 MHz, 3996 MHz, 0 %, 0 MiB
2026/08/03 11:06:40.347, 3, P0, 33, 238.76 W, 1965 MHz, 3996 MHz, 0 %, 0 MiB
2026/08/03 11:06:40.347, 4, P0, 33, 235.89 W, 1965 MHz, 3996 MHz, 0 %, 0 MiB
2026/08/03 11:06:40.347, 5, P0, 36, 244.99 W, 1965 MHz, 3996 MHz, 0 %, 0 MiB
2026/08/03 11:06:40.347, 6, P0, 33, 242.49 W, 1965 MHz, 3996 MHz, 0 %, 0 MiB
2026/08/03 11:06:40.347, 7, P0, 37, 243.50 W, 1965 MHz, 3996 MHz, 0 %, 0 MiB
2026/08/03 11:06:41.347, 0, P0, 36, 254.59 W, 1965 MHz, 3996 MHz, 59 %, 161507 MiB
2026/08/03 11:06:41.347, 1, P0, 33, 249.68 W, 1965 MHz, 3996 MHz, 6 %, 161507 MiB
2026/08/03 11:06:41.347, 2, P0, 36, 236.17 W, 1965 MHz, 3996 MHz, 0 %, 0 MiB
2026/08/03 11:06:41.347, 3, P0, 33, 238.81 W, 1965 MHz, 3996 MHz, 0 %, 0 MiB
2026/08/03 11:06:41.347, 4, P0, 33, 235.90 W, 1965 MHz, 3996 MHz, 0 %, 0 MiB
2026/08/03 11:06:41.347, 5, P0, 36, 244.95 W, 1965 MHz, 3996 MHz, 0 %, 0 MiB
2026/08/03 11:06:41.347, 6, P0, 33, 242.47 W, 1965 MHz, 3996 MHz, 0 %, 0 MiB
2026/08/03 11:06:41.347, 7, P0, 37, 243.42 W, 1965 MHz, 3996 MHz, 0 %, 0 MiB
2026/08/03 11:06:42.347, 0, P0, 36, 254.69 W, 1965 MHz, 3996 MHz, 69 %, 161507 MiB
2026/08/03 11:06:42.347, 1, P0, 33, 249.53 W, 1965 MHz, 3996 MHz, 6 %, 161507 MiB
2026/08/03 11:06:42.347, 2, P0, 36, 236.22 W, 1965 MHz, 3996 MHz, 0 %, 0 MiB
2026/08/03 11:06:42.347, 3, P0, 33, 238.71 W, 1965 MHz, 3996 MHz, 0 %, 0 MiB
2026/08/03 11:06:42.347, 4, P0, 33, 235.89 W, 1965 MHz, 3996 MHz, 0 %, 0 MiB
2026/08/03 11:06:42.347, 5, P0, 36, 245.05 W, 1965 MHz, 3996 MHz, 0 %, 0 MiB
2026/08/03 11:06:42.347, 6, P0, 33, 242.48 W, 1965 MHz, 3996 MHz, 0 %, 0 MiB
2026/08/03 11:06:42.347, 7, P0, 37, 243.41 W, 1965 MHz, 3996 MHz, 0 %, 0 MiB
2026/08/03 11:06:43.347, 0, P0, 36, 255.60 W, 1965 MHz, 3996 MHz, 79 %, 161507 MiB
2026/08/03 11:06:43.347, 1, P0, 33, 250.14 W, 1965 MHz, 3996 MHz, 6 %, 161507 MiB
2026/08/03 11:06:43.347, 2, P0, 36, 236.23 W, 1965 MHz, 3996 MHz, 0 %, 0 MiB
2026/08/03 11:06:43.347, 3, P0, 33, 238.79 W, 1965 MHz, 3996 MHz, 0 %, 0 MiB
2026/08/03 11:06:43.347, 4, P0, 33, 235.93 W, 1965 MHz, 3996 MHz, 0 %, 0 MiB
2026/08/03 11:06:43.347, 5, P0, 36, 244.93 W, 1965 MHz, 3996 MHz, 0 %, 0 MiB
2026/08/03 11:06:43.347, 6, P0, 33, 242.49 W, 1965 MHz, 3996 MHz, 0 %, 0 MiB
2026/08/03 11:06:43.347, 7, P0, 37, 243.47 W, 1965 MHz, 3996 MHz, 0 %, 0 MiB
2026/08/03 11:06:44.347, 0, P0, 36, 255.39 W, 1965 MHz, 3996 MHz, 76 %, 161507 MiB
2026/08/03 11:06:44.348, 1, P0, 33, 249.12 W, 1965 MHz, 3996 MHz, 7 %, 161507 MiB
2026/08/03 11:06:44.348, 2, P0, 36, 236.37 W, 1965 MHz, 3996 MHz, 0 %, 0 MiB
2026/08/03 11:06:44.348, 3, P0, 33, 238.82 W, 1965 MHz, 3996 MHz, 0 %, 0 MiB
2026/08/03 11:06:44.348, 4, P0, 33, 235.90 W, 1965 MHz, 3996 MHz, 0 %, 0 MiB
2026/08/03 11:06:44.348, 5, P0, 36, 245.06 W, 1965 MHz, 3996 MHz, 0 %, 0 MiB
2026/08/03 11:06:44.348, 6, P0, 33, 242.42 W, 1965 MHz, 3996 MHz, 0 %, 0 MiB
2026/08/03 11:06:44.348, 7, P0, 37, 243.48 W, 1965 MHz, 3996 MHz, 0 %, 0 MiB
2026/08/03 11:06:45.348, 0, P0, 36, 254.88 W, 1965 MHz, 3996 MHz, 79 %, 161507 MiB
2026/08/03 11:06:45.348, 1, P0, 33, 249.41 W, 1965 MHz, 3996 MHz, 6 %, 161507 MiB
2026/08/03 11:06:45.348, 2, P0, 36, 236.32 W, 1965 MHz, 3996 MHz, 0 %, 0 MiB
2026/08/03 11:06:45.348, 3, P0, 33, 238.68 W, 1965 MHz, 3996 MHz, 0 %, 0 MiB
2026/08/03 11:06:45.348, 4, P0, 33, 235.90 W, 1965 MHz, 3996 MHz, 0 %, 0 MiB
2026/08/03 11:06:45.348, 5, P0, 36, 245.01 W, 1965 MHz, 3996 MHz, 0 %, 0 MiB
2026/08/03 11:06:45.348, 6, P0, 33, 242.47 W, 1965 MHz, 3996 MHz, 0 %, 0 MiB
2026/08/03 11:06:45.348, 7, P0, 37, 243.43 W, 1965 MHz, 3996 MHz, 0 %, 0 MiB
2026/08/03 11:06:46.348, 0, P0, 36, 271.71 W, 1965 MHz, 3996 MHz, 81 %, 161507 MiB
2026/08/03 11:06:46.348, 1, P0, 33, 252.48 W, 1965 MHz, 3996 MHz, 7 %, 161507 MiB
2026/08/03 11:06:46.348, 2, P0, 36, 236.26 W, 1965 MHz, 3996 MHz, 0 %, 0 MiB
2026/08/03 11:06:46.348, 3, P0, 33, 238.80 W, 1965 MHz, 3996 MHz, 0 %, 0 MiB
2026/08/03 11:06:46.348, 4, P0, 33, 235.91 W, 1965 MHz, 3996 MHz, 0 %, 0 MiB
2026/08/03 11:06:46.348, 5, P0, 36, 244.97 W, 1965 MHz, 3996 MHz, 0 %, 0 MiB
2026/08/03 11:06:46.348, 6, P0, 33, 242.43 W, 1965 MHz, 3996 MHz, 0 %, 0 MiB
2026/08/03 11:06:46.348, 7, P0, 37, 243.45 W, 1965 MHz, 3996 MHz, 0 %, 0 MiB
2026/08/03 11:06:47.348, 0, P0, 36, 255.68 W, 1965 MHz, 3996 MHz, 74 %, 161507 MiB
2026/08/03 11:06:47.348, 1, P0, 33, 250.11 W, 1965 MHz, 3996 MHz, 6 %, 161507 MiB
2026/08/03 11:06:47.348, 2, P0, 36, 236.33 W, 1965 MHz, 3996 MHz, 0 %, 0 MiB
2026/08/03 11:06:47.348, 3, P0, 33, 238.73 W, 1965 MHz, 3996 MHz, 0 %, 0 MiB
2026/08/03 11:06:47.348, 4, P0, 33, 235.89 W, 1965 MHz, 3996 MHz, 0 %, 0 MiB
2026/08/03 11:06:47.348, 5, P0, 36, 245.02 W, 1965 MHz, 3996 MHz, 0 %, 0 MiB
2026/08/03 11:06:47.348, 6, P0, 33, 242.45 W, 1965 MHz, 3996 MHz, 0 %, 0 MiB
2026/08/03 11:06:47.348, 7, P0, 37, 243.46 W, 1965 MHz, 3996 MHz, 0 %, 0 MiB
2026/08/03 11:06:48.349, 0, P0, 36, 270.24 W, 1965 MHz, 3996 MHz, 73 %, 161507 MiB
2026/08/03 11:06:48.349, 1, P0, 33, 253.04 W, 1965 MHz, 3996 MHz, 6 %, 161507 MiB
2026/08/03 11:06:48.349, 2, P0, 36, 236.29 W, 1965 MHz, 3996 MHz, 0 %, 0 MiB
2026/08/03 11:06:48.349, 3, P0, 33, 238.77 W, 1965 MHz, 3996 MHz, 0 %, 0 MiB
2026/08/03 11:06:48.349, 4, P0, 33, 235.91 W, 1965 MHz, 3996 MHz, 0 %, 0 MiB
2026/08/03 11:06:48.349, 5, P0, 36, 244.94 W, 1965 MHz, 3996 MHz, 0 %, 0 MiB
2026/08/03 11:06:48.349, 6, P0, 33, 242.43 W, 1965 MHz, 3996 MHz, 0 %, 0 MiB
2026/08/03 11:06:48.349, 7, P0, 37, 243.39 W, 1965 MHz, 3996 MHz, 0 %, 0 MiB
2026/08/03 11:06:49.349, 0, P0, 36, 254.15 W, 1965 MHz, 3996 MHz, 71 %, 161507 MiB
2026/08/03 11:06:49.349, 1, P0, 33, 248.92 W, 1965 MHz, 3996 MHz, 6 %, 161507 MiB
2026/08/03 11:06:49.349, 2, P0, 36, 236.19 W, 1965 MHz, 3996 MHz, 0 %, 0 MiB
2026/08/03 11:06:49.349, 3, P0, 33, 238.69 W, 1965 MHz, 3996 MHz, 0 %, 0 MiB
2026/08/03 11:06:49.349, 4, P0, 33, 235.88 W, 1965 MHz, 3996 MHz, 0 %, 0 MiB
2026/08/03 11:06:49.349, 5, P0, 36, 245.04 W, 1965 MHz, 3996 MHz, 0 %, 0 MiB
2026/08/03 11:06:49.349, 6, P0, 33, 242.43 W, 1965 MHz, 3996 MHz, 0 %, 0 MiB
2026/08/03 11:06:49.349, 7, P0, 37, 243.44 W, 1965 MHz, 3996 MHz, 0 %, 0 MiB
2026/08/03 11:06:50.349, 0, P0, 36, 253.40 W, 1965 MHz, 3996 MHz, 76 %, 161507 MiB
2026/08/03 11:06:50.349, 1, P0, 33, 249.42 W, 1965 MHz, 3996 MHz, 6 %, 161507 MiB
2026/08/03 11:06:50.349, 2, P0, 36, 236.28 W, 1965 MHz, 3996 MHz, 0 %, 0 MiB
2026/08/03 11:06:50.349, 3, P0, 33, 238.77 W, 1965 MHz, 3996 MHz, 0 %, 0 MiB
2026/08/03 11:06:50.349, 4, P0, 33, 235.90 W, 1965 MHz, 3996 MHz, 0 %, 0 MiB
2026/08/03 11:06:50.349, 5, P0, 36, 245.06 W, 1965 MHz, 3996 MHz, 0 %, 0 MiB
2026/08/03 11:06:50.349, 6, P0, 33, 242.49 W, 1965 MHz, 3996 MHz, 0 %, 0 MiB
2026/08/03 11:06:50.349, 7, P0, 37, 243.45 W, 1965 MHz, 3996 MHz, 0 %, 0 MiB
2026/08/03 11:06:51.349, 0, P0, 36, 253.31 W, 1965 MHz, 3996 MHz, 71 %, 161507 MiB
2026/08/03 11:06:51.349, 1, P0, 33, 248.79 W, 1965 MHz, 3996 MHz, 6 %, 161507 MiB
2026/08/03 11:06:51.349, 2, P0, 36, 236.21 W, 1965 MHz, 3996 MHz, 0 %, 0 MiB
2026/08/03 11:06:51.349, 3, P0, 33, 238.73 W, 1965 MHz, 3996 MHz, 0 %, 0 MiB
2026/08/03 11:06:51.349, 4, P0, 33, 235.90 W, 1965 MHz, 3996 MHz, 0 %, 0 MiB
2026/08/03 11:06:51.349, 5, P0, 36, 244.97 W, 1965 MHz, 3996 MHz, 0 %, 0 MiB
2026/08/03 11:06:51.349, 6, P0, 33, 242.39 W, 1965 MHz, 3996 MHz, 0 %, 0 MiB
2026/08/03 11:06:51.349, 7, P0, 37, 243.46 W, 1965 MHz, 3996 MHz, 0 %, 0 MiB
2026/08/03 11:06:52.350, 0, P0, 36, 254.18 W, 1965 MHz, 3996 MHz, 66 %, 161507 MiB
2026/08/03 11:06:52.350, 1, P0, 33, 248.77 W, 1965 MHz, 3996 MHz, 7 %, 161507 MiB
2026/08/03 11:06:52.350, 2, P0, 36, 236.26 W, 1965 MHz, 3996 MHz, 0 %, 0 MiB
2026/08/03 11:06:52.350, 3, P0, 33, 238.71 W, 1965 MHz, 3996 MHz, 0 %, 0 MiB
2026/08/03 11:06:52.350, 4, P0, 33, 235.89 W, 1965 MHz, 3996 MHz, 0 %, 0 MiB
2026/08/03 11:06:52.350, 5, P0, 36, 245.07 W, 1965 MHz, 3996 MHz, 0 %, 0 MiB
2026/08/03 11:06:52.350, 6, P0, 33, 242.44 W, 1965 MHz, 3996 MHz, 0 %, 0 MiB
2026/08/03 11:06:52.350, 7, P0, 37, 243.41 W, 1965 MHz, 3996 MHz, 0 %, 0 MiB
2026/08/03 11:06:53.350, 0, P0, 36, 253.42 W, 1965 MHz, 3996 MHz, 65 %, 161507 MiB
2026/08/03 11:06:53.350, 1, P0, 33, 248.82 W, 1965 MHz, 3996 MHz, 6 %, 161507 MiB
2026/08/03 11:06:53.350, 2, P0, 36, 236.23 W, 1965 MHz, 3996 MHz, 0 %, 0 MiB
2026/08/03 11:06:53.350, 3, P0, 33, 238.72 W, 1965 MHz, 3996 MHz, 0 %, 0 MiB
2026/08/03 11:06:53.350, 4, P0, 33, 235.89 W, 1965 MHz, 3996 MHz, 0 %, 0 MiB
2026/08/03 11:06:53.350, 5, P0, 36, 245.01 W, 1965 MHz, 3996 MHz, 0 %, 0 MiB
2026/08/03 11:06:53.350, 6, P0, 33, 242.42 W, 1965 MHz, 3996 MHz, 0 %, 0 MiB
2026/08/03 11:06:53.350, 7, P0, 37, 243.43 W, 1965 MHz, 3996 MHz, 0 %, 0 MiB
2026/08/03 11:06:54.350, 0, P0, 36, 254.15 W, 1965 MHz, 3996 MHz, 72 %, 161507 MiB
2026/08/03 11:06:54.350, 1, P0, 33, 248.16 W, 1965 MHz, 3996 MHz, 6 %, 161507 MiB
2026/08/03 11:06:54.350, 2, P0, 36, 236.23 W, 1965 MHz, 3996 MHz, 0 %, 0 MiB
2026/08/03 11:06:54.350, 3, P0, 33, 238.75 W, 1965 MHz, 3996 MHz, 0 %, 0 MiB
2026/08/03 11:06:54.350, 4, P0, 33, 235.91 W, 1965 MHz, 3996 MHz, 0 %, 0 MiB
2026/08/03 11:06:54.350, 5, P0, 36, 245.02 W, 1965 MHz, 3996 MHz, 0 %, 0 MiB
2026/08/03 11:06:54.350, 6, P0, 33, 242.45 W, 1965 MHz, 3996 MHz, 0 %, 0 MiB
2026/08/03 11:06:54.350, 7, P0, 37, 243.43 W, 1965 MHz, 3996 MHz, 0 %, 0 MiB
2026/08/03 11:06:55.350, 0, P0, 36, 253.18 W, 1965 MHz, 3996 MHz, 65 %, 161507 MiB
2026/08/03 11:06:55.350, 1, P0, 33, 248.58 W, 1965 MHz, 3996 MHz, 6 %, 161507 MiB
2026/08/03 11:06:55.350, 2, P0, 36, 236.28 W, 1965 MHz, 3996 MHz, 0 %, 0 MiB
2026/08/03 11:06:55.350, 3, P0, 33, 238.78 W, 1965 MHz, 3996 MHz, 0 %, 0 MiB
2026/08/03 11:06:55.350, 4, P0, 33, 235.90 W, 1965 MHz, 3996 MHz, 0 %, 0 MiB
2026/08/03 11:06:55.350, 5, P0, 36, 244.95 W, 1965 MHz, 3996 MHz, 0 %, 0 MiB
2026/08/03 11:06:55.351, 6, P0, 33, 242.48 W, 1965 MHz, 3996 MHz, 0 %, 0 MiB
2026/08/03 11:06:55.351, 7, P0, 37, 243.46 W, 1965 MHz, 3996 MHz, 0 %, 0 MiB
2026/08/03 11:06:56.351, 0, P0, 36, 253.74 W, 1965 MHz, 3996 MHz, 73 %, 161507 MiB
2026/08/03 11:06:56.351, 1, P0, 33, 249.31 W, 1965 MHz, 3996 MHz, 7 %, 161507 MiB
2026/08/03 11:06:56.351, 2, P0, 36, 236.32 W, 1965 MHz, 3996 MHz, 0 %, 0 MiB
2026/08/03 11:06:56.351, 3, P0, 33, 238.76 W, 1965 MHz, 3996 MHz, 0 %, 0 MiB
2026/08/03 11:06:56.351, 4, P0, 33, 235.91 W, 1965 MHz, 3996 MHz, 0 %, 0 MiB
2026/08/03 11:06:56.351, 5, P0, 36, 245.06 W, 1965 MHz, 3996 MHz, 0 %, 0 MiB
2026/08/03 11:06:56.351, 6, P0, 33, 242.55 W, 1965 MHz, 3996 MHz, 0 %, 0 MiB
2026/08/03 11:06:56.351, 7, P0, 37, 243.43 W, 1965 MHz, 3996 MHz, 0 %, 0 MiB
2026/08/03 11:06:57.351, 0, P0, 36, 252.58 W, 1965 MHz, 3996 MHz, 63 %, 161507 MiB
2026/08/03 11:06:57.351, 1, P0, 33, 247.83 W, 1965 MHz, 3996 MHz, 6 %, 161507 MiB
2026/08/03 11:06:57.351, 2, P0, 36, 236.28 W, 1965 MHz, 3996 MHz, 0 %, 0 MiB
2026/08/03 11:06:57.351, 3, P0, 33, 238.80 W, 1965 MHz, 3996 MHz, 0 %, 0 MiB
2026/08/03 11:06:57.351, 4, P0, 33, 235.90 W, 1965 MHz, 3996 MHz, 0 %, 0 MiB
2026/08/03 11:06:57.351, 5, P0, 36, 245.05 W, 1965 MHz, 3996 MHz, 0 %, 0 MiB
2026/08/03 11:06:57.351, 6, P0, 33, 242.48 W, 1965 MHz, 3996 MHz, 0 %, 0 MiB
2026/08/03 11:06:57.351, 7, P0, 37, 243.38 W, 1965 MHz, 3996 MHz, 0 %, 0 MiB
2026/08/03 11:06:58.351, 0, P0, 36, 253.66 W, 1965 MHz, 3996 MHz, 63 %, 161507 MiB
2026/08/03 11:06:58.351, 1, P0, 33, 247.91 W, 1965 MHz, 3996 MHz, 6 %, 161507 MiB
2026/08/03 11:06:58.351, 2, P0, 36, 236.20 W, 1965 MHz, 3996 MHz, 0 %, 0 MiB
2026/08/03 11:06:58.351, 3, P0, 33, 238.79 W, 1965 MHz, 3996 MHz, 0 %, 0 MiB
2026/08/03 11:06:58.351, 4, P0, 33, 235.91 W, 1965 MHz, 3996 MHz, 0 %, 0 MiB
2026/08/03 11:06:58.351, 5, P0, 36, 245.07 W, 1965 MHz, 3996 MHz, 0 %, 0 MiB
2026/08/03 11:06:58.351, 6, P0, 33, 242.43 W, 1965 MHz, 3996 MHz, 0 %, 0 MiB
2026/08/03 11:06:58.351, 7, P0, 37, 243.46 W, 1965 MHz, 3996 MHz, 0 %, 0 MiB
2026/08/03 11:06:59.351, 0, P0, 36, 253.32 W, 1965 MHz, 3996 MHz, 83 %, 161507 MiB
2026/08/03 11:06:59.351, 1, P0, 33, 248.94 W, 1965 MHz, 3996 MHz, 6 %, 161507 MiB
2026/08/03 11:06:59.351, 2, P0, 36, 236.23 W, 1965 MHz, 3996 MHz, 0 %, 0 MiB
2026/08/03 11:06:59.352, 3, P0, 33, 238.84 W, 1965 MHz, 3996 MHz, 0 %, 0 MiB
2026/08/03 11:06:59.352, 4, P0, 33, 235.90 W, 1965 MHz, 3996 MHz, 0 %, 0 MiB
2026/08/03 11:06:59.352, 5, P0, 36, 245.04 W, 1965 MHz, 3996 MHz, 0 %, 0 MiB
2026/08/03 11:06:59.352, 6, P0, 33, 242.54 W, 1965 MHz, 3996 MHz, 0 %, 0 MiB
2026/08/03 11:06:59.352, 7, P0, 37, 243.36 W, 1965 MHz, 3996 MHz, 0 %, 0 MiB
2026/08/03 11:07:00.352, 0, P0, 36, 254.10 W, 1965 MHz, 3996 MHz, 74 %, 161507 MiB
2026/08/03 11:07:00.352, 1, P0, 33, 248.06 W, 1965 MHz, 3996 MHz, 6 %, 161507 MiB
2026/08/03 11:07:00.352, 2, P0, 36, 236.23 W, 1965 MHz, 3996 MHz, 0 %, 0 MiB
2026/08/03 11:07:00.352, 3, P0, 33, 238.82 W, 1965 MHz, 3996 MHz, 0 %, 0 MiB
2026/08/03 11:07:00.352, 4, P0, 33, 235.91 W, 1965 MHz, 3996 MHz, 0 %, 0 MiB
2026/08/03 11:07:00.352, 5, P0, 36, 244.97 W, 1965 MHz, 3996 MHz, 0 %, 0 MiB
2026/08/03 11:07:00.352, 6, P0, 33, 242.54 W, 1965 MHz, 3996 MHz, 0 %, 0 MiB
2026/08/03 11:07:00.352, 7, P0, 37, 243.40 W, 1965 MHz, 3996 MHz, 0 %, 0 MiB
2026/08/03 11:07:01.352, 0, P0, 36, 253.42 W, 1965 MHz, 3996 MHz, 77 %, 161507 MiB
2026/08/03 11:07:01.352, 1, P0, 33, 248.35 W, 1965 MHz, 3996 MHz, 6 %, 161507 MiB
2026/08/03 11:07:01.352, 2, P0, 36, 236.20 W, 1965 MHz, 3996 MHz, 0 %, 0 MiB
2026/08/03 11:07:01.352, 3, P0, 33, 238.82 W, 1965 MHz, 3996 MHz, 0 %, 0 MiB
2026/08/03 11:07:01.352, 4, P0, 33, 235.92 W, 1965 MHz, 3996 MHz, 0 %, 0 MiB
2026/08/03 11:07:01.352, 5, P0, 36, 244.94 W, 1965 MHz, 3996 MHz, 0 %, 0 MiB
2026/08/03 11:07:01.352, 6, P0, 33, 242.50 W, 1965 MHz, 3996 MHz, 0 %, 0 MiB
2026/08/03 11:07:01.352, 7, P0, 37, 243.41 W, 1965 MHz, 3996 MHz, 0 %, 0 MiB
2026/08/03 11:07:02.352, 0, P0, 36, 254.01 W, 1965 MHz, 3996 MHz, 79 %, 161507 MiB
2026/08/03 11:07:02.352, 1, P0, 33, 248.99 W, 1965 MHz, 3996 MHz, 7 %, 161507 MiB
2026/08/03 11:07:02.352, 2, P0, 36, 236.20 W, 1965 MHz, 3996 MHz, 0 %, 0 MiB
2026/08/03 11:07:02.352, 3, P0, 33, 238.79 W, 1965 MHz, 3996 MHz, 0 %, 0 MiB
2026/08/03 11:07:02.352, 4, P0, 33, 235.89 W, 1965 MHz, 3996 MHz, 0 %, 0 MiB
2026/08/03 11:07:02.352, 5, P0, 36, 245.03 W, 1965 MHz, 3996 MHz, 0 %, 0 MiB
2026/08/03 11:07:02.352, 6, P0, 33, 242.51 W, 1965 MHz, 3996 MHz, 0 %, 0 MiB
2026/08/03 11:07:02.352, 7, P0, 37, 243.40 W, 1965 MHz, 3996 MHz, 0 %, 0 MiB
2026/08/03 11:07:03.352, 0, P0, 36, 253.93 W, 1965 MHz, 3996 MHz, 80 %, 161507 MiB
2026/08/03 11:07:03.352, 1, P0, 33, 248.10 W, 1965 MHz, 3996 MHz, 6 %, 161507 MiB
2026/08/03 11:07:03.353, 2, P0, 36, 236.18 W, 1965 MHz, 3996 MHz, 0 %, 0 MiB
2026/08/03 11:07:03.353, 3, P0, 33, 238.82 W, 1965 MHz, 3996 MHz, 0 %, 0 MiB
2026/08/03 11:07:03.353, 4, P0, 33, 235.88 W, 1965 MHz, 3996 MHz, 0 %, 0 MiB
2026/08/03 11:07:03.353, 5, P0, 36, 245.07 W, 1965 MHz, 3996 MHz, 0 %, 0 MiB
2026/08/03 11:07:03.353, 6, P0, 33, 242.50 W, 1965 MHz, 3996 MHz, 0 %, 0 MiB
2026/08/03 11:07:03.353, 7, P0, 37, 243.40 W, 1965 MHz, 3996 MHz, 0 %, 0 MiB
2026/08/03 11:07:04.353, 0, P0, 36, 254.13 W, 1965 MHz, 3996 MHz, 81 %, 161507 MiB
2026/08/03 11:07:04.353, 1, P0, 33, 247.82 W, 1965 MHz, 3996 MHz, 6 %, 161507 MiB
2026/08/03 11:07:04.353, 2, P0, 36, 236.18 W, 1965 MHz, 3996 MHz, 0 %, 0 MiB
2026/08/03 11:07:04.353, 3, P0, 33, 238.66 W, 1965 MHz, 3996 MHz, 0 %, 0 MiB
2026/08/03 11:07:04.353, 4, P0, 33, 235.89 W, 1965 MHz, 3996 MHz, 0 %, 0 MiB
2026/08/03 11:07:04.353, 5, P0, 36, 244.97 W, 1965 MHz, 3996 MHz, 0 %, 0 MiB
2026/08/03 11:07:04.353, 6, P0, 33, 242.54 W, 1965 MHz, 3996 MHz, 0 %, 0 MiB
2026/08/03 11:07:04.353, 7, P0, 37, 243.40 W, 1965 MHz, 3996 MHz, 0 %, 0 MiB
2026/08/03 11:07:05.353, 0, P0, 36, 254.26 W, 1965 MHz, 3996 MHz, 77 %, 161507 MiB
2026/08/03 11:07:05.353, 1, P0, 33, 248.44 W, 1965 MHz, 3996 MHz, 6 %, 161507 MiB
2026/08/03 11:07:05.353, 2, P0, 36, 236.15 W, 1965 MHz, 3996 MHz, 0 %, 0 MiB
2026/08/03 11:07:05.353, 3, P0, 33, 238.77 W, 1965 MHz, 3996 MHz, 0 %, 0 MiB
2026/08/03 11:07:05.353, 4, P0, 33, 235.86 W, 1965 MHz, 3996 MHz, 0 %, 0 MiB
2026/08/03 11:07:05.353, 5, P0, 36, 244.92 W, 1965 MHz, 3996 MHz, 0 %, 0 MiB
2026/08/03 11:07:05.353, 6, P0, 33, 242.50 W, 1965 MHz, 3996 MHz, 0 %, 0 MiB
2026/08/03 11:07:05.353, 7, P0, 37, 243.42 W, 1965 MHz, 3996 MHz, 0 %, 0 MiB
2026/08/03 11:07:06.353, 0, P0, 36, 254.04 W, 1965 MHz, 3996 MHz, 81 %, 161507 MiB
2026/08/03 11:07:06.353, 1, P0, 33, 248.33 W, 1965 MHz, 3996 MHz, 6 %, 161507 MiB
2026/08/03 11:07:06.353, 2, P0, 36, 236.16 W, 1965 MHz, 3996 MHz, 0 %, 0 MiB
2026/08/03 11:07:06.353, 3, P0, 33, 238.79 W, 1965 MHz, 3996 MHz, 0 %, 0 MiB
2026/08/03 11:07:06.353, 4, P0, 33, 235.89 W, 1965 MHz, 3996 MHz, 0 %, 0 MiB
2026/08/03 11:07:06.353, 5, P0, 36, 244.93 W, 1965 MHz, 3996 MHz, 0 %, 0 MiB
2026/08/03 11:07:06.353, 6, P0, 33, 242.48 W, 1965 MHz, 3996 MHz, 0 %, 0 MiB
2026/08/03 11:07:06.353, 7, P0, 37, 243.43 W, 1965 MHz, 3996 MHz, 0 %, 0 MiB
2026/08/03 11:07:07.353, 0, P0, 36, 254.01 W, 1965 MHz, 3996 MHz, 85 %, 161507 MiB
2026/08/03 11:07:07.354, 1, P0, 33, 249.26 W, 1965 MHz, 3996 MHz, 6 %, 161507 MiB
2026/08/03 11:07:07.354, 2, P0, 36, 236.19 W, 1965 MHz, 3996 MHz, 0 %, 0 MiB
2026/08/03 11:07:07.354, 3, P0, 33, 238.79 W, 1965 MHz, 3996 MHz, 0 %, 0 MiB
2026/08/03 11:07:07.354, 4, P0, 33, 235.89 W, 1965 MHz, 3996 MHz, 0 %, 0 MiB
2026/08/03 11:07:07.354, 5, P0, 36, 244.92 W, 1965 MHz, 3996 MHz, 0 %, 0 MiB
2026/08/03 11:07:07.354, 6, P0, 33, 242.50 W, 1965 MHz, 3996 MHz, 0 %, 0 MiB
2026/08/03 11:07:07.354, 7, P0, 37, 243.41 W, 1965 MHz, 3996 MHz, 0 %, 0 MiB
2026/08/03 11:07:08.354, 0, P0, 36, 253.34 W, 1965 MHz, 3996 MHz, 90 %, 161507 MiB
2026/08/03 11:07:08.354, 1, P0, 33, 248.64 W, 1965 MHz, 3996 MHz, 6 %, 161507 MiB
2026/08/03 11:07:08.354, 2, P0, 36, 236.29 W, 1965 MHz, 3996 MHz, 0 %, 0 MiB
2026/08/03 11:07:08.354, 3, P0, 33, 238.76 W, 1965 MHz, 3996 MHz, 0 %, 0 MiB
2026/08/03 11:07:08.354, 4, P0, 33, 235.89 W, 1965 MHz, 3996 MHz, 0 %, 0 MiB
2026/08/03 11:07:08.354, 5, P0, 36, 244.98 W, 1965 MHz, 3996 MHz, 0 %, 0 MiB
2026/08/03 11:07:08.354, 6, P0, 33, 242.46 W, 1965 MHz, 3996 MHz, 0 %, 0 MiB
2026/08/03 11:07:08.354, 7, P0, 37, 243.43 W, 1965 MHz, 3996 MHz, 0 %, 0 MiB
2026/08/03 11:07:09.354, 0, P0, 36, 253.44 W, 1965 MHz, 3996 MHz, 90 %, 161507 MiB
2026/08/03 11:07:09.354, 1, P0, 33, 248.70 W, 1965 MHz, 3996 MHz, 6 %, 161507 MiB
2026/08/03 11:07:09.354, 2, P0, 36, 236.23 W, 1965 MHz, 3996 MHz, 0 %, 0 MiB
2026/08/03 11:07:09.354, 3, P0, 33, 238.73 W, 1965 MHz, 3996 MHz, 0 %, 0 MiB
2026/08/03 11:07:09.354, 4, P0, 33, 235.86 W, 1965 MHz, 3996 MHz, 0 %, 0 MiB
2026/08/03 11:07:09.354, 5, P0, 36, 245.01 W, 1965 MHz, 3996 MHz, 0 %, 0 MiB
2026/08/03 11:07:09.354, 6, P0, 33, 242.53 W, 1965 MHz, 3996 MHz, 0 %, 0 MiB
2026/08/03 11:07:09.354, 7, P0, 37, 243.49 W, 1965 MHz, 3996 MHz, 0 %, 0 MiB
2026/08/03 11:07:10.354, 0, P0, 36, 253.48 W, 1965 MHz, 3996 MHz, 92 %, 161507 MiB
2026/08/03 11:07:10.354, 1, P0, 33, 248.76 W, 1965 MHz, 3996 MHz, 7 %, 161507 MiB
2026/08/03 11:07:10.354, 2, P0, 36, 236.32 W, 1965 MHz, 3996 MHz, 0 %, 0 MiB
2026/08/03 11:07:10.354, 3, P0, 33, 238.76 W, 1965 MHz, 3996 MHz, 0 %, 0 MiB
2026/08/03 11:07:10.354, 4, P0, 33, 235.88 W, 1965 MHz, 3996 MHz, 0 %, 0 MiB
2026/08/03 11:07:10.355, 5, P0, 36, 245.01 W, 1965 MHz, 3996 MHz, 0 %, 0 MiB
2026/08/03 11:07:10.355, 6, P0, 33, 242.47 W, 1965 MHz, 3996 MHz, 0 %, 0 MiB
2026/08/03 11:07:10.355, 7, P0, 37, 243.46 W, 1965 MHz, 3996 MHz, 0 %, 0 MiB
2026/08/03 11:07:11.355, 0, P0, 36, 253.44 W, 1965 MHz, 3996 MHz, 91 %, 161507 MiB
2026/08/03 11:07:11.355, 1, P0, 33, 248.04 W, 1965 MHz, 3996 MHz, 6 %, 161507 MiB
2026/08/03 11:07:11.355, 2, P0, 36, 236.26 W, 1965 MHz, 3996 MHz, 0 %, 0 MiB
2026/08/03 11:07:11.355, 3, P0, 33, 238.66 W, 1965 MHz, 3996 MHz, 0 %, 0 MiB
2026/08/03 11:07:11.355, 4, P0, 33, 235.89 W, 1965 MHz, 3996 MHz, 0 %, 0 MiB
2026/08/03 11:07:11.355, 5, P0, 36, 244.91 W, 1965 MHz, 3996 MHz, 0 %, 0 MiB
2026/08/03 11:07:11.355, 6, P0, 33, 242.50 W, 1965 MHz, 3996 MHz, 0 %, 0 MiB
2026/08/03 11:07:11.355, 7, P0, 37, 243.44 W, 1965 MHz, 3996 MHz, 0 %, 0 MiB
2026/08/03 11:07:12.355, 0, P0, 36, 255.02 W, 1965 MHz, 3996 MHz, 91 %, 161507 MiB
2026/08/03 11:07:12.355, 1, P0, 33, 248.56 W, 1965 MHz, 3996 MHz, 6 %, 161507 MiB
2026/08/03 11:07:12.355, 2, P0, 36, 236.23 W, 1965 MHz, 3996 MHz, 0 %, 0 MiB
2026/08/03 11:07:12.355, 3, P0, 33, 238.72 W, 1965 MHz, 3996 MHz, 0 %, 0 MiB
2026/08/03 11:07:12.355, 4, P0, 33, 235.89 W, 1965 MHz, 3996 MHz, 0 %, 0 MiB
2026/08/03 11:07:12.355, 5, P0, 36, 245.02 W, 1965 MHz, 3996 MHz, 0 %, 0 MiB
2026/08/03 11:07:12.355, 6, P0, 33, 242.43 W, 1965 MHz, 3996 MHz, 0 %, 0 MiB
2026/08/03 11:07:12.356, 7, P0, 37, 243.40 W, 1965 MHz, 3996 MHz, 0 %, 0 MiB
2026/08/03 11:07:13.356, 0, P0, 36, 254.87 W, 1965 MHz, 3996 MHz, 88 %, 161507 MiB
2026/08/03 11:07:13.356, 1, P0, 33, 248.38 W, 1965 MHz, 3996 MHz, 6 %, 161507 MiB
2026/08/03 11:07:13.356, 2, P0, 36, 236.24 W, 1965 MHz, 3996 MHz, 0 %, 0 MiB
2026/08/03 11:07:13.356, 3, P0, 33, 238.71 W, 1965 MHz, 3996 MHz, 0 %, 0 MiB
2026/08/03 11:07:13.356, 4, P0, 33, 235.87 W, 1965 MHz, 3996 MHz, 0 %, 0 MiB
2026/08/03 11:07:13.356, 5, P0, 36, 245.00 W, 1965 MHz, 3996 MHz, 0 %, 0 MiB
2026/08/03 11:07:13.356, 6, P0, 33, 242.53 W, 1965 MHz, 3996 MHz, 0 %, 0 MiB
2026/08/03 11:07:13.356, 7, P0, 37, 243.46 W, 1965 MHz, 3996 MHz, 0 %, 0 MiB
2026/08/03 11:07:14.356, 0, P0, 36, 253.95 W, 1965 MHz, 3996 MHz, 90 %, 161507 MiB
2026/08/03 11:07:14.356, 1, P0, 33, 249.60 W, 1965 MHz, 3996 MHz, 6 %, 161507 MiB
2026/08/03 11:07:14.356, 2, P0, 36, 236.24 W, 1965 MHz, 3996 MHz, 0 %, 0 MiB
2026/08/03 11:07:14.356, 3, P0, 33, 238.72 W, 1965 MHz, 3996 MHz, 0 %, 0 MiB
2026/08/03 11:07:14.356, 4, P0, 33, 235.89 W, 1965 MHz, 3996 MHz, 0 %, 0 MiB
2026/08/03 11:07:14.357, 5, P0, 36, 245.00 W, 1965 MHz, 3996 MHz, 0 %, 0 MiB
2026/08/03 11:07:14.357, 6, P0, 33, 242.51 W, 1965 MHz, 3996 MHz, 0 %, 0 MiB
2026/08/03 11:07:14.357, 7, P0, 37, 243.40 W, 1965 MHz, 3996 MHz, 0 %, 0 MiB
2026/08/03 11:07:15.357, 0, P0, 36, 254.13 W, 1965 MHz, 3996 MHz, 45 %, 161507 MiB
2026/08/03 11:07:15.357, 1, P0, 33, 248.81 W, 1965 MHz, 3996 MHz, 6 %, 161507 MiB
2026/08/03 11:07:15.357, 2, P0, 36, 236.19 W, 1965 MHz, 3996 MHz, 0 %, 0 MiB
2026/08/03 11:07:15.357, 3, P0, 33, 238.64 W, 1965 MHz, 3996 MHz, 0 %, 0 MiB
2026/08/03 11:07:15.357, 4, P0, 33, 235.88 W, 1965 MHz, 3996 MHz, 0 %, 0 MiB
2026/08/03 11:07:15.357, 5, P0, 36, 244.88 W, 1965 MHz, 3996 MHz, 0 %, 0 MiB
2026/08/03 11:07:15.357, 6, P0, 33, 242.43 W, 1965 MHz, 3996 MHz, 0 %, 0 MiB
2026/08/03 11:07:15.357, 7, P0, 37, 243.38 W, 1965 MHz, 3996 MHz, 0 %, 0 MiB
2026/08/03 11:07:16.357, 0, P0, 36, 254.28 W, 1965 MHz, 3996 MHz, 89 %, 161507 MiB
2026/08/03 11:07:16.357, 1, P0, 33, 248.27 W, 1965 MHz, 3996 MHz, 6 %, 161507 MiB
2026/08/03 11:07:16.357, 2, P0, 36, 236.26 W, 1965 MHz, 3996 MHz, 0 %, 0 MiB
2026/08/03 11:07:16.357, 3, P0, 33, 238.69 W, 1965 MHz, 3996 MHz, 0 %, 0 MiB
2026/08/03 11:07:16.357, 4, P0, 33, 235.88 W, 1965 MHz, 3996 MHz, 0 %, 0 MiB
2026/08/03 11:07:16.357, 5, P0, 36, 244.91 W, 1965 MHz, 3996 MHz, 0 %, 0 MiB
2026/08/03 11:07:16.357, 6, P0, 33, 242.41 W, 1965 MHz, 3996 MHz, 0 %, 0 MiB
2026/08/03 11:07:16.357, 7, P0, 37, 243.45 W, 1965 MHz, 3996 MHz, 0 %, 0 MiB
2026/08/03 11:07:17.357, 0, P0, 36, 254.50 W, 1965 MHz, 3996 MHz, 89 %, 161507 MiB
2026/08/03 11:07:17.357, 1, P0, 33, 247.75 W, 1965 MHz, 3996 MHz, 6 %, 161507 MiB
2026/08/03 11:07:17.357, 2, P0, 36, 236.20 W, 1965 MHz, 3996 MHz, 0 %, 0 MiB
2026/08/03 11:07:17.357, 3, P0, 33, 238.71 W, 1965 MHz, 3996 MHz, 0 %, 0 MiB
2026/08/03 11:07:17.357, 4, P0, 33, 235.89 W, 1965 MHz, 3996 MHz, 0 %, 0 MiB
2026/08/03 11:07:17.357, 5, P0, 36, 244.91 W, 1965 MHz, 3996 MHz, 0 %, 0 MiB
2026/08/03 11:07:17.357, 6, P0, 33, 242.47 W, 1965 MHz, 3996 MHz, 0 %, 0 MiB
2026/08/03 11:07:17.357, 7, P0, 37, 243.30 W, 1965 MHz, 3996 MHz, 0 %, 0 MiB
2026/08/03 11:07:18.357, 0, P0, 36, 253.94 W, 1965 MHz, 3996 MHz, 86 %, 161507 MiB
2026/08/03 11:07:18.358, 1, P0, 33, 249.47 W, 1965 MHz, 3996 MHz, 7 %, 161507 MiB
2026/08/03 11:07:18.358, 2, P0, 36, 236.11 W, 1965 MHz, 3996 MHz, 0 %, 0 MiB
2026/08/03 11:07:18.358, 3, P0, 33, 238.71 W, 1965 MHz, 3996 MHz, 0 %, 0 MiB
2026/08/03 11:07:18.358, 4, P0, 33, 235.90 W, 1965 MHz, 3996 MHz, 0 %, 0 MiB
2026/08/03 11:07:18.358, 5, P0, 36, 244.91 W, 1965 MHz, 3996 MHz, 0 %, 0 MiB
2026/08/03 11:07:18.358, 6, P0, 33, 242.37 W, 1965 MHz, 3996 MHz, 0 %, 0 MiB
2026/08/03 11:07:18.358, 7, P0, 37, 243.44 W, 1965 MHz, 3996 MHz, 0 %, 0 MiB
2026/08/03 11:07:19.358, 0, P0, 36, 254.07 W, 1965 MHz, 3996 MHz, 89 %, 161507 MiB
2026/08/03 11:07:19.358, 1, P0, 33, 248.68 W, 1965 MHz, 3996 MHz, 6 %, 161507 MiB
2026/08/03 11:07:19.359, 2, P0, 36, 236.12 W, 1965 MHz, 3996 MHz, 0 %, 0 MiB
2026/08/03 11:07:19.359, 3, P0, 33, 238.68 W, 1965 MHz, 3996 MHz, 0 %, 0 MiB
2026/08/03 11:07:19.360, 4, P0, 33, 235.88 W, 1965 MHz, 3996 MHz, 0 %, 0 MiB
2026/08/03 11:07:19.360, 5, P0, 36, 244.89 W, 1965 MHz, 3996 MHz, 0 %, 0 MiB
2026/08/03 11:07:19.360, 6, P0, 33, 242.43 W, 1965 MHz, 3996 MHz, 0 %, 0 MiB
2026/08/03 11:07:19.360, 7, P0, 37, 243.31 W, 1965 MHz, 3996 MHz, 0 %, 0 MiB
2026/08/03 11:07:20.360, 0, P0, 36, 253.62 W, 1965 MHz, 3996 MHz, 88 %, 161507 MiB
2026/08/03 11:07:20.360, 1, P0, 33, 248.24 W, 1965 MHz, 3996 MHz, 6 %, 161507 MiB
2026/08/03 11:07:20.360, 2, P0, 36, 236.26 W, 1965 MHz, 3996 MHz, 0 %, 0 MiB
2026/08/03 11:07:20.360, 3, P0, 33, 238.68 W, 1965 MHz, 3996 MHz, 0 %, 0 MiB
2026/08/03 11:07:20.360, 4, P0, 33, 235.89 W, 1965 MHz, 3996 MHz, 0 %, 0 MiB
2026/08/03 11:07:20.360, 5, P0, 36, 244.92 W, 1965 MHz, 3996 MHz, 0 %, 0 MiB
2026/08/03 11:07:20.360, 6, P0, 33, 242.41 W, 1965 MHz, 3996 MHz, 0 %, 0 MiB
2026/08/03 11:07:20.360, 7, P0, 37, 243.42 W, 1965 MHz, 3996 MHz, 0 %, 0 MiB
2026/08/03 11:07:21.360, 0, P0, 36, 253.87 W, 1965 MHz, 3996 MHz, 80 %, 161507 MiB
2026/08/03 11:07:21.360, 1, P0, 33, 248.22 W, 1965 MHz, 3996 MHz, 6 %, 161507 MiB
2026/08/03 11:07:21.360, 2, P0, 36, 236.20 W, 1965 MHz, 3996 MHz, 0 %, 0 MiB
2026/08/03 11:07:21.360, 3, P0, 33, 238.70 W, 1965 MHz, 3996 MHz, 0 %, 0 MiB
2026/08/03 11:07:21.360, 4, P0, 33, 235.88 W, 1965 MHz, 3996 MHz, 0 %, 0 MiB
2026/08/03 11:07:21.360, 5, P0, 36, 244.84 W, 1965 MHz, 3996 MHz, 0 %, 0 MiB
2026/08/03 11:07:21.360, 6, P0, 33, 242.41 W, 1965 MHz, 3996 MHz, 0 %, 0 MiB
2026/08/03 11:07:21.360, 7, P0, 37, 243.44 W, 1965 MHz, 3996 MHz, 0 %, 0 MiB
2026/08/03 11:07:22.360, 0, P0, 36, 271.53 W, 1965 MHz, 3996 MHz, 90 %, 161507 MiB
2026/08/03 11:07:22.361, 1, P0, 34, 269.41 W, 1965 MHz, 3996 MHz, 6 %, 161507 MiB
2026/08/03 11:07:22.361, 2, P0, 36, 236.22 W, 1965 MHz, 3996 MHz, 0 %, 0 MiB
2026/08/03 11:07:22.361, 3, P0, 33, 238.69 W, 1965 MHz, 3996 MHz, 0 %, 0 MiB
2026/08/03 11:07:22.361, 4, P0, 33, 235.91 W, 1965 MHz, 3996 MHz, 0 %, 0 MiB
2026/08/03 11:07:22.361, 5, P0, 36, 244.89 W, 1965 MHz, 3996 MHz, 0 %, 0 MiB
2026/08/03 11:07:22.361, 6, P0, 33, 242.45 W, 1965 MHz, 3996 MHz, 0 %, 0 MiB
2026/08/03 11:07:22.361, 7, P0, 37, 243.52 W, 1965 MHz, 3996 MHz, 0 %, 0 MiB
2026/08/03 11:07:23.361, 0, P0, 36, 255.57 W, 1965 MHz, 3996 MHz, 85 %, 161507 MiB
2026/08/03 11:07:23.361, 1, P0, 33, 250.21 W, 1965 MHz, 3996 MHz, 6 %, 161507 MiB
2026/08/03 11:07:23.361, 2, P0, 36, 236.14 W, 1965 MHz, 3996 MHz, 0 %, 0 MiB
2026/08/03 11:07:23.361, 3, P0, 33, 238.64 W, 1965 MHz, 3996 MHz, 0 %, 0 MiB
2026/08/03 11:07:23.361, 4, P0, 33, 235.88 W, 1965 MHz, 3996 MHz, 0 %, 0 MiB
2026/08/03 11:07:23.361, 5, P0, 36, 244.82 W, 1965 MHz, 3996 MHz, 0 %, 0 MiB
2026/08/03 11:07:23.361, 6, P0, 33, 242.40 W, 1965 MHz, 3996 MHz, 0 %, 0 MiB
2026/08/03 11:07:23.361, 7, P0, 37, 243.49 W, 1965 MHz, 3996 MHz, 0 %, 0 MiB
2026/08/03 11:07:24.361, 0, P0, 37, 271.50 W, 1965 MHz, 3996 MHz, 81 %, 161507 MiB
2026/08/03 11:07:24.361, 1, P0, 34, 263.49 W, 1965 MHz, 3996 MHz, 6 %, 161507 MiB
2026/08/03 11:07:24.361, 2, P0, 36, 236.27 W, 1965 MHz, 3996 MHz, 0 %, 0 MiB
2026/08/03 11:07:24.361, 3, P0, 33, 238.68 W, 1965 MHz, 3996 MHz, 0 %, 0 MiB
2026/08/03 11:07:24.361, 4, P0, 33, 235.86 W, 1965 MHz, 3996 MHz, 0 %, 0 MiB
2026/08/03 11:07:24.361, 5, P0, 36, 244.85 W, 1965 MHz, 3996 MHz, 0 %, 0 MiB
2026/08/03 11:07:24.361, 6, P0, 33, 242.40 W, 1965 MHz, 3996 MHz, 0 %, 0 MiB
2026/08/03 11:07:24.361, 7, P0, 37, 243.36 W, 1965 MHz, 3996 MHz, 0 %, 0 MiB
2026/08/03 11:07:25.361, 0, P0, 36, 254.34 W, 1965 MHz, 3996 MHz, 71 %, 161507 MiB
2026/08/03 11:07:25.361, 1, P0, 33, 247.51 W, 1965 MHz, 3996 MHz, 6 %, 161507 MiB
2026/08/03 11:07:25.361, 2, P0, 36, 236.16 W, 1965 MHz, 3996 MHz, 0 %, 0 MiB
2026/08/03 11:07:25.361, 3, P0, 33, 238.71 W, 1965 MHz, 3996 MHz, 0 %, 0 MiB
2026/08/03 11:07:25.361, 4, P0, 33, 235.88 W, 1965 MHz, 3996 MHz, 0 %, 0 MiB
2026/08/03 11:07:25.361, 5, P0, 36, 244.96 W, 1965 MHz, 3996 MHz, 0 %, 0 MiB
2026/08/03 11:07:25.361, 6, P0, 33, 242.41 W, 1965 MHz, 3996 MHz, 0 %, 0 MiB
2026/08/03 11:07:25.361, 7, P0, 37, 243.38 W, 1965 MHz, 3996 MHz, 0 %, 0 MiB
2026/08/03 11:07:26.362, 0, P0, 38, 274.08 W, 1965 MHz, 3996 MHz, 84 %, 161507 MiB
2026/08/03 11:07:26.362, 1, P0, 34, 266.14 W, 1965 MHz, 3996 MHz, 25 %, 161507 MiB
2026/08/03 11:07:26.362, 2, P0, 36, 236.17 W, 1965 MHz, 3996 MHz, 0 %, 0 MiB
2026/08/03 11:07:26.362, 3, P0, 33, 238.70 W, 1965 MHz, 3996 MHz, 0 %, 0 MiB
2026/08/03 11:07:26.362, 4, P0, 33, 235.87 W, 1965 MHz, 3996 MHz, 0 %, 0 MiB
2026/08/03 11:07:26.362, 5, P0, 36, 244.91 W, 1965 MHz, 3996 MHz, 0 %, 0 MiB
2026/08/03 11:07:26.362, 6, P0, 33, 242.37 W, 1965 MHz, 3996 MHz, 0 %, 0 MiB
2026/08/03 11:07:26.362, 7, P0, 37, 243.40 W, 1965 MHz, 3996 MHz, 0 %, 0 MiB
2026/08/03 11:07:27.362, 0, P0, 36, 255.43 W, 1965 MHz, 3996 MHz, 93 %, 161507 MiB
2026/08/03 11:07:27.362, 1, P0, 33, 250.02 W, 1965 MHz, 3996 MHz, 6 %, 161507 MiB
2026/08/03 11:07:27.362, 2, P0, 36, 236.14 W, 1965 MHz, 3996 MHz, 0 %, 0 MiB
2026/08/03 11:07:27.362, 3, P0, 33, 238.71 W, 1965 MHz, 3996 MHz, 0 %, 0 MiB
2026/08/03 11:07:27.362, 4, P0, 33, 235.87 W, 1965 MHz, 3996 MHz, 0 %, 0 MiB
2026/08/03 11:07:27.362, 5, P0, 36, 244.90 W, 1965 MHz, 3996 MHz, 0 %, 0 MiB
2026/08/03 11:07:27.362, 6, P0, 33, 242.47 W, 1965 MHz, 3996 MHz, 0 %, 0 MiB
2026/08/03 11:07:27.362, 7, P0, 37, 243.34 W, 1965 MHz, 3996 MHz, 0 %, 0 MiB
2026/08/03 11:07:28.362, 0, P0, 36, 258.49 W, 1965 MHz, 3996 MHz, 76 %, 161507 MiB
2026/08/03 11:07:28.362, 1, P0, 35, 252.62 W, 1965 MHz, 3996 MHz, 6 %, 161507 MiB
2026/08/03 11:07:28.362, 2, P0, 36, 236.23 W, 1965 MHz, 3996 MHz, 0 %, 0 MiB
2026/08/03 11:07:28.362, 3, P0, 33, 238.79 W, 1965 MHz, 3996 MHz, 0 %, 0 MiB
2026/08/03 11:07:28.362, 4, P0, 33, 235.86 W, 1965 MHz, 3996 MHz, 0 %, 0 MiB
2026/08/03 11:07:28.362, 5, P0, 36, 244.83 W, 1965 MHz, 3996 MHz, 0 %, 0 MiB
2026/08/03 11:07:28.362, 6, P0, 33, 242.40 W, 1965 MHz, 3996 MHz, 0 %, 0 MiB
2026/08/03 11:07:28.362, 7, P0, 37, 243.46 W, 1965 MHz, 3996 MHz, 0 %, 0 MiB
2026/08/03 11:07:29.362, 0, P0, 36, 273.61 W, 1965 MHz, 3996 MHz, 79 %, 161507 MiB
2026/08/03 11:07:29.362, 1, P0, 33, 271.26 W, 1965 MHz, 3996 MHz, 6 %, 161507 MiB
2026/08/03 11:07:29.362, 2, P0, 36, 236.17 W, 1965 MHz, 3996 MHz, 0 %, 0 MiB
2026/08/03 11:07:29.362, 3, P0, 33, 238.59 W, 1965 MHz, 3996 MHz, 0 %, 0 MiB
2026/08/03 11:07:29.362, 4, P0, 33, 235.89 W, 1965 MHz, 3996 MHz, 0 %, 0 MiB
2026/08/03 11:07:29.362, 5, P0, 36, 244.89 W, 1965 MHz, 3996 MHz, 0 %, 0 MiB
2026/08/03 11:07:29.362, 6, P0, 33, 242.42 W, 1965 MHz, 3996 MHz, 0 %, 0 MiB
2026/08/03 11:07:29.363, 7, P0, 37, 243.42 W, 1965 MHz, 3996 MHz, 0 %, 0 MiB
2026/08/03 11:07:30.363, 0, P0, 36, 255.41 W, 1965 MHz, 3996 MHz, 80 %, 161507 MiB
2026/08/03 11:07:30.363, 1, P0, 33, 249.85 W, 1965 MHz, 3996 MHz, 6 %, 161507 MiB
2026/08/03 11:07:30.363, 2, P0, 36, 236.22 W, 1965 MHz, 3996 MHz, 0 %, 0 MiB
2026/08/03 11:07:30.363, 3, P0, 33, 238.71 W, 1965 MHz, 3996 MHz, 0 %, 0 MiB
2026/08/03 11:07:30.363, 4, P0, 33, 235.86 W, 1965 MHz, 3996 MHz, 0 %, 0 MiB
2026/08/03 11:07:30.363, 5, P0, 36, 244.86 W, 1965 MHz, 3996 MHz, 0 %, 0 MiB
2026/08/03 11:07:30.363, 6, P0, 33, 242.50 W, 1965 MHz, 3996 MHz, 0 %, 0 MiB
2026/08/03 11:07:30.363, 7, P0, 37, 243.46 W, 1965 MHz, 3996 MHz, 0 %, 0 MiB
2026/08/03 11:07:31.363, 0, P0, 36, 254.70 W, 1965 MHz, 3996 MHz, 75 %, 161507 MiB
2026/08/03 11:07:31.363, 1, P0, 33, 249.65 W, 1965 MHz, 3996 MHz, 6 %, 161507 MiB
2026/08/03 11:07:31.363, 2, P0, 36, 236.18 W, 1965 MHz, 3996 MHz, 0 %, 0 MiB
2026/08/03 11:07:31.363, 3, P0, 33, 238.68 W, 1965 MHz, 3996 MHz, 0 %, 0 MiB
2026/08/03 11:07:31.363, 4, P0, 33, 235.89 W, 1965 MHz, 3996 MHz, 0 %, 0 MiB
2026/08/03 11:07:31.363, 5, P0, 36, 244.88 W, 1965 MHz, 3996 MHz, 0 %, 0 MiB
2026/08/03 11:07:31.363, 6, P0, 33, 242.39 W, 1965 MHz, 3996 MHz, 0 %, 0 MiB
2026/08/03 11:07:31.363, 7, P0, 37, 243.44 W, 1965 MHz, 3996 MHz, 0 %, 0 MiB
2026/08/03 11:07:32.363, 0, P0, 36, 251.90 W, 1965 MHz, 3996 MHz, 100 %, 161507 MiB
2026/08/03 11:07:32.363, 1, P0, 33, 245.73 W, 1965 MHz, 3996 MHz, 0 %, 161507 MiB
2026/08/03 11:07:32.363, 2, P0, 36, 236.24 W, 1965 MHz, 3996 MHz, 0 %, 0 MiB
2026/08/03 11:07:32.363, 3, P0, 33, 238.70 W, 1965 MHz, 3996 MHz, 0 %, 0 MiB
2026/08/03 11:07:32.363, 4, P0, 33, 235.89 W, 1965 MHz, 3996 MHz, 0 %, 0 MiB
2026/08/03 11:07:32.363, 5, P0, 36, 244.87 W, 1965 MHz, 3996 MHz, 0 %, 0 MiB
2026/08/03 11:07:32.363, 6, P0, 33, 242.48 W, 1965 MHz, 3996 MHz, 0 %, 0 MiB
2026/08/03 11:07:32.363, 7, P0, 37, 243.37 W, 1965 MHz, 3996 MHz, 0 %, 0 MiB
2026/08/03 11:07:33.363, 0, P0, 36, 248.86 W, 1965 MHz, 3996 MHz, 100 %, 161507 MiB
2026/08/03 11:07:33.363, 1, P0, 33, 242.48 W, 1965 MHz, 3996 MHz, 6 %, 161507 MiB
2026/08/03 11:07:33.363, 2, P0, 36, 236.20 W, 1965 MHz, 3996 MHz, 0 %, 0 MiB
2026/08/03 11:07:33.363, 3, P0, 32, 238.67 W, 1965 MHz, 3996 MHz, 0 %, 0 MiB
2026/08/03 11:07:33.364, 4, P0, 33, 235.89 W, 1965 MHz, 3996 MHz, 0 %, 0 MiB
2026/08/03 11:07:33.364, 5, P0, 36, 244.79 W, 1965 MHz, 3996 MHz, 0 %, 0 MiB
2026/08/03 11:07:33.364, 6, P0, 33, 242.43 W, 1965 MHz, 3996 MHz, 0 %, 0 MiB
2026/08/03 11:07:33.364, 7, P0, 37, 243.42 W, 1965 MHz, 3996 MHz, 0 %, 0 MiB
2026/08/03 11:07:34.364, 0, P0, 36, 248.29 W, 1965 MHz, 3996 MHz, 0 %, 161507 MiB
2026/08/03 11:07:34.364, 1, P0, 33, 246.10 W, 1965 MHz, 3996 MHz, 100 %, 161507 MiB
2026/08/03 11:07:34.364, 2, P0, 36, 236.20 W, 1965 MHz, 3996 MHz, 0 %, 0 MiB
2026/08/03 11:07:34.364, 3, P0, 32, 238.70 W, 1965 MHz, 3996 MHz, 0 %, 0 MiB
2026/08/03 11:07:34.364, 4, P0, 33, 235.89 W, 1965 MHz, 3996 MHz, 0 %, 0 MiB
2026/08/03 11:07:34.364, 5, P0, 36, 244.87 W, 1965 MHz, 3996 MHz, 0 %, 0 MiB
2026/08/03 11:07:34.364, 6, P0, 33, 242.42 W, 1965 MHz, 3996 MHz, 0 %, 0 MiB
2026/08/03 11:07:34.364, 7, P0, 37, 243.40 W, 1965 MHz, 3996 MHz, 0 %, 0 MiB
2026/08/03 11:07:35.364, 0, P0, 36, 249.41 W, 1965 MHz, 3996 MHz, 77 %, 161507 MiB
2026/08/03 11:07:35.364, 1, P0, 33, 246.15 W, 1965 MHz, 3996 MHz, 6 %, 161507 MiB
2026/08/03 11:07:35.364, 2, P0, 36, 236.14 W, 1965 MHz, 3996 MHz, 0 %, 0 MiB
2026/08/03 11:07:35.364, 3, P0, 32, 238.61 W, 1965 MHz, 3996 MHz, 0 %, 0 MiB
2026/08/03 11:07:35.364, 4, P0, 33, 235.86 W, 1965 MHz, 3996 MHz, 0 %, 0 MiB
2026/08/03 11:07:35.364, 5, P0, 36, 244.90 W, 1965 MHz, 3996 MHz, 0 %, 0 MiB
2026/08/03 11:07:35.364, 6, P0, 33, 242.47 W, 1965 MHz, 3996 MHz, 0 %, 0 MiB
2026/08/03 11:07:35.364, 7, P0, 37, 243.36 W, 1965 MHz, 3996 MHz, 0 %, 0 MiB
2026/08/03 11:07:36.364, 0, P0, 36, 255.30 W, 1965 MHz, 3996 MHz, 79 %, 161507 MiB
2026/08/03 11:07:36.364, 1, P0, 33, 249.89 W, 1965 MHz, 3996 MHz, 6 %, 161507 MiB
2026/08/03 11:07:36.364, 2, P0, 36, 236.28 W, 1965 MHz, 3996 MHz, 0 %, 0 MiB
2026/08/03 11:07:36.364, 3, P0, 32, 238.57 W, 1965 MHz, 3996 MHz, 0 %, 0 MiB
2026/08/03 11:07:36.364, 4, P0, 33, 235.89 W, 1965 MHz, 3996 MHz, 0 %, 0 MiB
2026/08/03 11:07:36.364, 5, P0, 36, 244.78 W, 1965 MHz, 3996 MHz, 0 %, 0 MiB
2026/08/03 11:07:36.365, 6, P0, 33, 242.47 W, 1965 MHz, 3996 MHz, 0 %, 0 MiB
2026/08/03 11:07:36.365, 7, P0, 37, 243.39 W, 1965 MHz, 3996 MHz, 0 %, 0 MiB
2026/08/03 11:07:37.365, 0, P0, 36, 254.13 W, 1965 MHz, 3996 MHz, 69 %, 161507 MiB
2026/08/03 11:07:37.365, 1, P0, 33, 249.41 W, 1965 MHz, 3996 MHz, 6 %, 161507 MiB
2026/08/03 11:07:37.365, 2, P0, 36, 236.15 W, 1965 MHz, 3996 MHz, 0 %, 0 MiB
2026/08/03 11:07:37.365, 3, P0, 32, 238.67 W, 1965 MHz, 3996 MHz, 0 %, 0 MiB
2026/08/03 11:07:37.365, 4, P0, 33, 235.90 W, 1965 MHz, 3996 MHz, 0 %, 0 MiB
2026/08/03 11:07:37.365, 5, P0, 36, 244.80 W, 1965 MHz, 3996 MHz, 0 %, 0 MiB
2026/08/03 11:07:37.365, 6, P0, 33, 242.40 W, 1965 MHz, 3996 MHz, 0 %, 0 MiB
2026/08/03 11:07:37.365, 7, P0, 37, 243.39 W, 1965 MHz, 3996 MHz, 0 %, 0 MiB
2026/08/03 11:07:38.365, 0, P0, 36, 255.83 W, 1965 MHz, 3996 MHz, 78 %, 161507 MiB
2026/08/03 11:07:38.365, 1, P0, 33, 249.37 W, 1965 MHz, 3996 MHz, 6 %, 161507 MiB
2026/08/03 11:07:38.365, 2, P0, 36, 236.26 W, 1965 MHz, 3996 MHz, 0 %, 0 MiB
2026/08/03 11:07:38.365, 3, P0, 32, 238.73 W, 1965 MHz, 3996 MHz, 0 %, 0 MiB
2026/08/03 11:07:38.365, 4, P0, 33, 235.83 W, 1965 MHz, 3996 MHz, 0 %, 0 MiB
2026/08/03 11:07:38.365, 5, P0, 36, 244.80 W, 1965 MHz, 3996 MHz, 0 %, 0 MiB
2026/08/03 11:07:38.365, 6, P0, 33, 242.40 W, 1965 MHz, 3996 MHz, 0 %, 0 MiB
2026/08/03 11:07:38.365, 7, P0, 37, 243.47 W, 1965 MHz, 3996 MHz, 0 %, 0 MiB
2026/08/03 11:07:39.365, 0, P0, 37, 274.74 W, 1965 MHz, 3996 MHz, 92 %, 161507 MiB
2026/08/03 11:07:39.365, 1, P0, 34, 266.58 W, 1965 MHz, 3996 MHz, 19 %, 161507 MiB
2026/08/03 11:07:39.365, 2, P0, 36, 236.25 W, 1965 MHz, 3996 MHz, 0 %, 0 MiB
2026/08/03 11:07:39.365, 3, P0, 32, 238.69 W, 1965 MHz, 3996 MHz, 0 %, 0 MiB
2026/08/03 11:07:39.365, 4, P0, 33, 235.89 W, 1965 MHz, 3996 MHz, 0 %, 0 MiB
2026/08/03 11:07:39.365, 5, P0, 36, 244.85 W, 1965 MHz, 3996 MHz, 0 %, 0 MiB
2026/08/03 11:07:39.365, 6, P0, 33, 242.43 W, 1965 MHz, 3996 MHz, 0 %, 0 MiB
2026/08/03 11:07:39.365, 7, P0, 37, 243.35 W, 1965 MHz, 3996 MHz, 0 %, 0 MiB
2026/08/03 11:07:40.365, 0, P0, 36, 254.04 W, 1965 MHz, 3996 MHz, 79 %, 161507 MiB
2026/08/03 11:07:40.366, 1, P0, 33, 248.53 W, 1965 MHz, 3996 MHz, 7 %, 161507 MiB
2026/08/03 11:07:40.366, 2, P0, 36, 236.12 W, 1965 MHz, 3996 MHz, 0 %, 0 MiB
2026/08/03 11:07:40.366, 3, P0, 32, 238.65 W, 1965 MHz, 3996 MHz, 0 %, 0 MiB
2026/08/03 11:07:40.366, 4, P0, 33, 235.89 W, 1965 MHz, 3996 MHz, 0 %, 0 MiB
2026/08/03 11:07:40.366, 5, P0, 36, 244.76 W, 1965 MHz, 3996 MHz, 0 %, 0 MiB
2026/08/03 11:07:40.366, 6, P0, 33, 242.40 W, 1965 MHz, 3996 MHz, 0 %, 0 MiB
2026/08/03 11:07:40.366, 7, P0, 37, 243.30 W, 1965 MHz, 3996 MHz, 0 %, 0 MiB
2026/08/03 11:07:41.366, 0, P0, 38, 269.64 W, 1965 MHz, 3996 MHz, 86 %, 161507 MiB
2026/08/03 11:07:41.366, 1, P0, 34, 266.38 W, 1965 MHz, 3996 MHz, 17 %, 161507 MiB
2026/08/03 11:07:41.366, 2, P0, 36, 236.19 W, 1965 MHz, 3996 MHz, 0 %, 0 MiB
2026/08/03 11:07:41.366, 3, P0, 32, 238.66 W, 1965 MHz, 3996 MHz, 0 %, 0 MiB
2026/08/03 11:07:41.366, 4, P0, 33, 235.86 W, 1965 MHz, 3996 MHz, 0 %, 0 MiB
2026/08/03 11:07:41.366, 5, P0, 36, 244.74 W, 1965 MHz, 3996 MHz, 0 %, 0 MiB
2026/08/03 11:07:41.366, 6, P0, 33, 242.45 W, 1965 MHz, 3996 MHz, 0 %, 0 MiB
2026/08/03 11:07:41.366, 7, P0, 37, 243.42 W, 1965 MHz, 3996 MHz, 0 %, 0 MiB
2026/08/03 11:07:42.366, 0, P0, 36, 262.18 W, 1965 MHz, 3996 MHz, 92 %, 161507 MiB
2026/08/03 11:07:42.366, 1, P0, 33, 250.37 W, 1965 MHz, 3996 MHz, 6 %, 161507 MiB
2026/08/03 11:07:42.366, 2, P0, 36, 236.16 W, 1965 MHz, 3996 MHz, 0 %, 0 MiB
2026/08/03 11:07:42.366, 3, P0, 32, 238.61 W, 1965 MHz, 3996 MHz, 0 %, 0 MiB
2026/08/03 11:07:42.366, 4, P0, 33, 235.89 W, 1965 MHz, 3996 MHz, 0 %, 0 MiB
2026/08/03 11:07:42.366, 5, P0, 36, 244.80 W, 1965 MHz, 3996 MHz, 0 %, 0 MiB
2026/08/03 11:07:42.366, 6, P0, 33, 242.45 W, 1965 MHz, 3996 MHz, 0 %, 0 MiB
2026/08/03 11:07:42.366, 7, P0, 37, 243.42 W, 1965 MHz, 3996 MHz, 0 %, 0 MiB
2026/08/03 11:07:43.366, 0, P0, 36, 254.19 W, 1965 MHz, 3996 MHz, 87 %, 161507 MiB
2026/08/03 11:07:43.366, 1, P0, 33, 249.92 W, 1965 MHz, 3996 MHz, 6 %, 161507 MiB
2026/08/03 11:07:43.366, 2, P0, 36, 236.23 W, 1965 MHz, 3996 MHz, 0 %, 0 MiB
2026/08/03 11:07:43.366, 3, P0, 32, 238.73 W, 1965 MHz, 3996 MHz, 0 %, 0 MiB
2026/08/03 11:07:43.366, 4, P0, 33, 235.89 W, 1965 MHz, 3996 MHz, 0 %, 0 MiB
2026/08/03 11:07:43.366, 5, P0, 36, 244.85 W, 1965 MHz, 3996 MHz, 0 %, 0 MiB
2026/08/03 11:07:43.366, 6, P0, 33, 242.49 W, 1965 MHz, 3996 MHz, 0 %, 0 MiB
2026/08/03 11:07:43.366, 7, P0, 37, 243.45 W, 1965 MHz, 3996 MHz, 0 %, 0 MiB
2026/08/03 11:07:44.367, 0, P0, 36, 254.86 W, 1965 MHz, 3996 MHz, 89 %, 161507 MiB
2026/08/03 11:07:44.367, 1, P0, 33, 250.43 W, 1965 MHz, 3996 MHz, 6 %, 161507 MiB
2026/08/03 11:07:44.367, 2, P0, 36, 236.19 W, 1965 MHz, 3996 MHz, 0 %, 0 MiB
2026/08/03 11:07:44.367, 3, P0, 32, 238.74 W, 1965 MHz, 3996 MHz, 0 %, 0 MiB
2026/08/03 11:07:44.367, 4, P0, 33, 235.89 W, 1965 MHz, 3996 MHz, 0 %, 0 MiB
2026/08/03 11:07:44.367, 5, P0, 36, 244.83 W, 1965 MHz, 3996 MHz, 0 %, 0 MiB
2026/08/03 11:07:44.367, 6, P0, 33, 242.48 W, 1965 MHz, 3996 MHz, 0 %, 0 MiB
2026/08/03 11:07:44.367, 7, P0, 37, 243.47 W, 1965 MHz, 3996 MHz, 0 %, 0 MiB
2026/08/03 11:07:45.367, 0, P0, 36, 254.58 W, 1965 MHz, 3996 MHz, 88 %, 161507 MiB
2026/08/03 11:07:45.367, 1, P0, 33, 249.89 W, 1965 MHz, 3996 MHz, 6 %, 161507 MiB
2026/08/03 11:07:45.367, 2, P0, 36, 236.16 W, 1965 MHz, 3996 MHz, 0 %, 0 MiB
2026/08/03 11:07:45.367, 3, P0, 32, 238.65 W, 1965 MHz, 3996 MHz, 0 %, 0 MiB
2026/08/03 11:07:45.367, 4, P0, 33, 235.88 W, 1965 MHz, 3996 MHz, 0 %, 0 MiB
2026/08/03 11:07:45.367, 5, P0, 36, 244.91 W, 1965 MHz, 3996 MHz, 0 %, 0 MiB
2026/08/03 11:07:45.367, 6, P0, 33, 242.50 W, 1965 MHz, 3996 MHz, 0 %, 0 MiB
2026/08/03 11:07:45.367, 7, P0, 37, 243.46 W, 1965 MHz, 3996 MHz, 0 %, 0 MiB
2026/08/03 11:07:46.367, 0, P0, 36, 254.49 W, 1965 MHz, 3996 MHz, 91 %, 161507 MiB
2026/08/03 11:07:46.367, 1, P0, 33, 249.53 W, 1965 MHz, 3996 MHz, 15 %, 161507 MiB
2026/08/03 11:07:46.367, 2, P0, 36, 236.16 W, 1965 MHz, 3996 MHz, 0 %, 0 MiB
2026/08/03 11:07:46.367, 3, P0, 32, 238.67 W, 1965 MHz, 3996 MHz, 0 %, 0 MiB
2026/08/03 11:07:46.367, 4, P0, 33, 235.89 W, 1965 MHz, 3996 MHz, 0 %, 0 MiB
2026/08/03 11:07:46.367, 5, P0, 36, 244.77 W, 1965 MHz, 3996 MHz, 0 %, 0 MiB
2026/08/03 11:07:46.367, 6, P0, 33, 242.49 W, 1965 MHz, 3996 MHz, 0 %, 0 MiB
2026/08/03 11:07:46.367, 7, P0, 37, 243.36 W, 1965 MHz, 3996 MHz, 0 %, 0 MiB
2026/08/03 11:07:47.367, 0, P0, 36, 255.45 W, 1965 MHz, 3996 MHz, 88 %, 161507 MiB
2026/08/03 11:07:47.367, 1, P0, 33, 249.64 W, 1965 MHz, 3996 MHz, 6 %, 161507 MiB
2026/08/03 11:07:47.367, 2, P0, 36, 236.20 W, 1965 MHz, 3996 MHz, 0 %, 0 MiB
2026/08/03 11:07:47.367, 3, P0, 32, 238.69 W, 1965 MHz, 3996 MHz, 0 %, 0 MiB
2026/08/03 11:07:47.367, 4, P0, 33, 235.89 W, 1965 MHz, 3996 MHz, 0 %, 0 MiB
2026/08/03 11:07:47.367, 5, P0, 36, 244.85 W, 1965 MHz, 3996 MHz, 0 %, 0 MiB
2026/08/03 11:07:47.367, 6, P0, 33, 242.56 W, 1965 MHz, 3996 MHz, 0 %, 0 MiB
2026/08/03 11:07:47.368, 7, P0, 37, 243.35 W, 1965 MHz, 3996 MHz, 0 %, 0 MiB
2026/08/03 11:07:48.368, 0, P0, 36, 254.99 W, 1965 MHz, 3996 MHz, 97 %, 161507 MiB
2026/08/03 11:07:48.368, 1, P0, 33, 250.58 W, 1965 MHz, 3996 MHz, 8 %, 161507 MiB
2026/08/03 11:07:48.368, 2, P0, 36, 236.14 W, 1965 MHz, 3996 MHz, 0 %, 0 MiB
2026/08/03 11:07:48.368, 3, P0, 32, 238.65 W, 1965 MHz, 3996 MHz, 0 %, 0 MiB
2026/08/03 11:07:48.368, 4, P0, 33, 235.88 W, 1965 MHz, 3996 MHz, 0 %, 0 MiB
2026/08/03 11:07:48.368, 5, P0, 36, 244.83 W, 1965 MHz, 3996 MHz, 0 %, 0 MiB
2026/08/03 11:07:48.368, 6, P0, 33, 242.43 W, 1965 MHz, 3996 MHz, 0 %, 0 MiB
2026/08/03 11:07:48.368, 7, P0, 37, 243.34 W, 1965 MHz, 3996 MHz, 0 %, 0 MiB
2026/08/03 11:07:49.368, 0, P0, 36, 254.74 W, 1965 MHz, 3996 MHz, 86 %, 161507 MiB
2026/08/03 11:07:49.368, 1, P0, 33, 249.14 W, 1965 MHz, 3996 MHz, 6 %, 161507 MiB
2026/08/03 11:07:49.368, 2, P0, 36, 236.14 W, 1965 MHz, 3996 MHz, 0 %, 0 MiB
2026/08/03 11:07:49.368, 3, P0, 32, 238.61 W, 1965 MHz, 3996 MHz, 0 %, 0 MiB
2026/08/03 11:07:49.368, 4, P0, 33, 235.88 W, 1965 MHz, 3996 MHz, 0 %, 0 MiB
2026/08/03 11:07:49.368, 5, P0, 36, 244.88 W, 1965 MHz, 3996 MHz, 0 %, 0 MiB
2026/08/03 11:07:49.368, 6, P0, 33, 242.44 W, 1965 MHz, 3996 MHz, 0 %, 0 MiB
2026/08/03 11:07:49.368, 7, P0, 37, 243.46 W, 1965 MHz, 3996 MHz, 0 %, 0 MiB
2026/08/03 11:07:50.368, 0, P0, 36, 254.95 W, 1965 MHz, 3996 MHz, 94 %, 161507 MiB
2026/08/03 11:07:50.368, 1, P0, 33, 250.88 W, 1965 MHz, 3996 MHz, 6 %, 161507 MiB
2026/08/03 11:07:50.368, 2, P0, 36, 236.16 W, 1965 MHz, 3996 MHz, 0 %, 0 MiB
2026/08/03 11:07:50.368, 3, P0, 32, 238.64 W, 1965 MHz, 3996 MHz, 0 %, 0 MiB
2026/08/03 11:07:50.368, 4, P0, 33, 235.90 W, 1965 MHz, 3996 MHz, 0 %, 0 MiB
2026/08/03 11:07:50.368, 5, P0, 36, 244.79 W, 1965 MHz, 3996 MHz, 0 %, 0 MiB
2026/08/03 11:07:50.368, 6, P0, 33, 242.44 W, 1965 MHz, 3996 MHz, 0 %, 0 MiB
2026/08/03 11:07:50.368, 7, P0, 37, 243.37 W, 1965 MHz, 3996 MHz, 0 %, 0 MiB
2026/08/03 11:07:51.368, 0, P0, 36, 255.45 W, 1965 MHz, 3996 MHz, 87 %, 161507 MiB
2026/08/03 11:07:51.368, 1, P0, 33, 250.52 W, 1965 MHz, 3996 MHz, 6 %, 161507 MiB
2026/08/03 11:07:51.368, 2, P0, 36, 236.10 W, 1965 MHz, 3996 MHz, 0 %, 0 MiB
2026/08/03 11:07:51.369, 3, P0, 32, 238.65 W, 1965 MHz, 3996 MHz, 0 %, 0 MiB
2026/08/03 11:07:51.369, 4, P0, 33, 235.86 W, 1965 MHz, 3996 MHz, 0 %, 0 MiB
2026/08/03 11:07:51.369, 5, P0, 36, 244.81 W, 1965 MHz, 3996 MHz, 0 %, 0 MiB
2026/08/03 11:07:51.369, 6, P0, 33, 242.41 W, 1965 MHz, 3996 MHz, 0 %, 0 MiB
2026/08/03 11:07:51.369, 7, P0, 37, 243.36 W, 1965 MHz, 3996 MHz, 0 %, 0 MiB
2026/08/03 11:07:52.369, 0, P0, 36, 254.87 W, 1965 MHz, 3996 MHz, 90 %, 161507 MiB
2026/08/03 11:07:52.369, 1, P0, 33, 249.10 W, 1965 MHz, 3996 MHz, 6 %, 161507 MiB
2026/08/03 11:07:52.369, 2, P0, 36, 236.19 W, 1965 MHz, 3996 MHz, 0 %, 0 MiB
2026/08/03 11:07:52.369, 3, P0, 32, 238.63 W, 1965 MHz, 3996 MHz, 0 %, 0 MiB
2026/08/03 11:07:52.369, 4, P0, 33, 235.88 W, 1965 MHz, 3996 MHz, 0 %, 0 MiB
2026/08/03 11:07:52.369, 5, P0, 36, 244.84 W, 1965 MHz, 3996 MHz, 0 %, 0 MiB
2026/08/03 11:07:52.369, 6, P0, 33, 242.44 W, 1965 MHz, 3996 MHz, 0 %, 0 MiB
2026/08/03 11:07:52.369, 7, P0, 37, 243.41 W, 1965 MHz, 3996 MHz, 0 %, 0 MiB
2026/08/03 11:07:53.369, 0, P0, 36, 254.95 W, 1965 MHz, 3996 MHz, 75 %, 161507 MiB
2026/08/03 11:07:53.369, 1, P0, 33, 248.79 W, 1965 MHz, 3996 MHz, 7 %, 161507 MiB
2026/08/03 11:07:53.369, 2, P0, 36, 236.20 W, 1965 MHz, 3996 MHz, 0 %, 0 MiB
2026/08/03 11:07:53.369, 3, P0, 32, 238.62 W, 1965 MHz, 3996 MHz, 0 %, 0 MiB
2026/08/03 11:07:53.369, 4, P0, 33, 235.88 W, 1965 MHz, 3996 MHz, 0 %, 0 MiB
2026/08/03 11:07:53.369, 5, P0, 36, 244.82 W, 1965 MHz, 3996 MHz, 0 %, 0 MiB
2026/08/03 11:07:53.369, 6, P0, 33, 242.42 W, 1965 MHz, 3996 MHz, 0 %, 0 MiB
2026/08/03 11:07:53.369, 7, P0, 37, 243.42 W, 1965 MHz, 3996 MHz, 0 %, 0 MiB
2026/08/03 11:07:54.369, 0, P0, 36, 254.97 W, 1965 MHz, 3996 MHz, 89 %, 161507 MiB
2026/08/03 11:07:54.369, 1, P0, 33, 249.56 W, 1965 MHz, 3996 MHz, 6 %, 161507 MiB
2026/08/03 11:07:54.369, 2, P0, 36, 236.14 W, 1965 MHz, 3996 MHz, 0 %, 0 MiB
2026/08/03 11:07:54.369, 3, P0, 32, 238.66 W, 1965 MHz, 3996 MHz, 0 %, 0 MiB
2026/08/03 11:07:54.369, 4, P0, 33, 235.89 W, 1965 MHz, 3996 MHz, 0 %, 0 MiB
2026/08/03 11:07:54.369, 5, P0, 36, 244.83 W, 1965 MHz, 3996 MHz, 0 %, 0 MiB
2026/08/03 11:07:54.369, 6, P0, 33, 242.42 W, 1965 MHz, 3996 MHz, 0 %, 0 MiB
2026/08/03 11:07:54.369, 7, P0, 37, 243.43 W, 1965 MHz, 3996 MHz, 0 %, 0 MiB
2026/08/03 11:07:55.369, 0, P0, 36, 255.24 W, 1965 MHz, 3996 MHz, 90 %, 161507 MiB
2026/08/03 11:07:55.369, 1, P0, 33, 250.12 W, 1965 MHz, 3996 MHz, 6 %, 161507 MiB
2026/08/03 11:07:55.370, 2, P0, 36, 236.15 W, 1965 MHz, 3996 MHz, 0 %, 0 MiB
2026/08/03 11:07:55.370, 3, P0, 32, 238.68 W, 1965 MHz, 3996 MHz, 0 %, 0 MiB
2026/08/03 11:07:55.370, 4, P0, 33, 235.89 W, 1965 MHz, 3996 MHz, 0 %, 0 MiB
2026/08/03 11:07:55.370, 5, P0, 36, 244.93 W, 1965 MHz, 3996 MHz, 0 %, 0 MiB
2026/08/03 11:07:55.370, 6, P0, 33, 242.43 W, 1965 MHz, 3996 MHz, 0 %, 0 MiB
2026/08/03 11:07:55.370, 7, P0, 37, 243.34 W, 1965 MHz, 3996 MHz, 0 %, 0 MiB
2026/08/03 11:07:56.370, 0, P0, 36, 255.23 W, 1965 MHz, 3996 MHz, 88 %, 161507 MiB
2026/08/03 11:07:56.370, 1, P0, 33, 249.99 W, 1965 MHz, 3996 MHz, 7 %, 161507 MiB
2026/08/03 11:07:56.370, 2, P0, 36, 236.16 W, 1965 MHz, 3996 MHz, 0 %, 0 MiB
2026/08/03 11:07:56.370, 3, P0, 32, 238.66 W, 1965 MHz, 3996 MHz, 0 %, 0 MiB
2026/08/03 11:07:56.370, 4, P0, 33, 235.86 W, 1965 MHz, 3996 MHz, 0 %, 0 MiB
2026/08/03 11:07:56.370, 5, P0, 36, 244.90 W, 1965 MHz, 3996 MHz, 0 %, 0 MiB
2026/08/03 11:07:56.370, 6, P0, 33, 242.41 W, 1965 MHz, 3996 MHz, 0 %, 0 MiB
2026/08/03 11:07:56.370, 7, P0, 37, 243.32 W, 1965 MHz, 3996 MHz, 0 %, 0 MiB
2026/08/03 11:07:57.370, 0, P0, 36, 254.90 W, 1965 MHz, 3996 MHz, 87 %, 161507 MiB
2026/08/03 11:07:57.370, 1, P0, 33, 249.52 W, 1965 MHz, 3996 MHz, 6 %, 161507 MiB
2026/08/03 11:07:57.370, 2, P0, 36, 236.15 W, 1965 MHz, 3996 MHz, 0 %, 0 MiB
2026/08/03 11:07:57.370, 3, P0, 32, 238.67 W, 1965 MHz, 3996 MHz, 0 %, 0 MiB
2026/08/03 11:07:57.370, 4, P0, 33, 235.88 W, 1965 MHz, 3996 MHz, 0 %, 0 MiB
2026/08/03 11:07:57.370, 5, P0, 36, 244.90 W, 1965 MHz, 3996 MHz, 0 %, 0 MiB
2026/08/03 11:07:57.370, 6, P0, 33, 242.45 W, 1965 MHz, 3996 MHz, 0 %, 0 MiB
2026/08/03 11:07:57.370, 7, P0, 37, 243.28 W, 1965 MHz, 3996 MHz, 0 %, 0 MiB
2026/08/03 11:07:58.370, 0, P0, 36, 254.38 W, 1965 MHz, 3996 MHz, 88 %, 161507 MiB
2026/08/03 11:07:58.370, 1, P0, 33, 249.54 W, 1965 MHz, 3996 MHz, 6 %, 161507 MiB
2026/08/03 11:07:58.370, 2, P0, 36, 236.15 W, 1965 MHz, 3996 MHz, 0 %, 0 MiB
2026/08/03 11:07:58.370, 3, P0, 32, 238.65 W, 1965 MHz, 3996 MHz, 0 %, 0 MiB
2026/08/03 11:07:58.370, 4, P0, 33, 235.86 W, 1965 MHz, 3996 MHz, 0 %, 0 MiB
2026/08/03 11:07:58.370, 5, P0, 36, 244.90 W, 1965 MHz, 3996 MHz, 0 %, 0 MiB
2026/08/03 11:07:58.370, 6, P0, 33, 242.40 W, 1965 MHz, 3996 MHz, 0 %, 0 MiB
2026/08/03 11:07:58.370, 7, P0, 37, 243.30 W, 1965 MHz, 3996 MHz, 0 %, 0 MiB
2026/08/03 11:07:59.370, 0, P0, 36, 254.19 W, 1965 MHz, 3996 MHz, 62 %, 161507 MiB
2026/08/03 11:07:59.370, 1, P0, 33, 249.89 W, 1965 MHz, 3996 MHz, 6 %, 161507 MiB
2026/08/03 11:07:59.371, 2, P0, 36, 236.18 W, 1965 MHz, 3996 MHz, 0 %, 0 MiB
2026/08/03 11:07:59.371, 3, P0, 32, 238.61 W, 1965 MHz, 3996 MHz, 0 %, 0 MiB
2026/08/03 11:07:59.371, 4, P0, 33, 235.85 W, 1965 MHz, 3996 MHz, 0 %, 0 MiB
2026/08/03 11:07:59.371, 5, P0, 36, 244.85 W, 1965 MHz, 3996 MHz, 0 %, 0 MiB
2026/08/03 11:07:59.371, 6, P0, 33, 242.38 W, 1965 MHz, 3996 MHz, 0 %, 0 MiB
2026/08/03 11:07:59.371, 7, P0, 37, 243.39 W, 1965 MHz, 3996 MHz, 0 %, 0 MiB
2026/08/03 11:08:00.371, 0, P0, 36, 254.78 W, 1965 MHz, 3996 MHz, 85 %, 161507 MiB
2026/08/03 11:08:00.371, 1, P0, 33, 250.25 W, 1965 MHz, 3996 MHz, 6 %, 161507 MiB
2026/08/03 11:08:00.371, 2, P0, 36, 236.14 W, 1965 MHz, 3996 MHz, 0 %, 0 MiB
2026/08/03 11:08:00.371, 3, P0, 32, 238.56 W, 1965 MHz, 3996 MHz, 0 %, 0 MiB
2026/08/03 11:08:00.371, 4, P0, 33, 235.86 W, 1965 MHz, 3996 MHz, 0 %, 0 MiB
2026/08/03 11:08:00.371, 5, P0, 36, 244.88 W, 1965 MHz, 3996 MHz, 0 %, 0 MiB
2026/08/03 11:08:00.371, 6, P0, 33, 242.40 W, 1965 MHz, 3996 MHz, 0 %, 0 MiB
2026/08/03 11:08:00.371, 7, P0, 37, 243.38 W, 1965 MHz, 3996 MHz, 0 %, 0 MiB
2026/08/03 11:08:01.371, 0, P0, 36, 255.12 W, 1965 MHz, 3996 MHz, 82 %, 161507 MiB
2026/08/03 11:08:01.371, 1, P0, 33, 249.67 W, 1965 MHz, 3996 MHz, 6 %, 161507 MiB
2026/08/03 11:08:01.371, 2, P0, 36, 236.09 W, 1965 MHz, 3996 MHz, 0 %, 0 MiB
2026/08/03 11:08:01.371, 3, P0, 32, 238.59 W, 1965 MHz, 3996 MHz, 0 %, 0 MiB
2026/08/03 11:08:01.371, 4, P0, 33, 235.84 W, 1965 MHz, 3996 MHz, 0 %, 0 MiB
2026/08/03 11:08:01.371, 5, P0, 36, 244.79 W, 1965 MHz, 3996 MHz, 0 %, 0 MiB
2026/08/03 11:08:01.371, 6, P0, 33, 242.44 W, 1965 MHz, 3996 MHz, 0 %, 0 MiB
2026/08/03 11:08:01.371, 7, P0, 37, 243.38 W, 1965 MHz, 3996 MHz, 0 %, 0 MiB
2026/08/03 11:08:02.371, 0, P0, 36, 254.64 W, 1965 MHz, 3996 MHz, 82 %, 161507 MiB
2026/08/03 11:08:02.371, 1, P0, 33, 251.04 W, 1965 MHz, 3996 MHz, 6 %, 161507 MiB
2026/08/03 11:08:02.371, 2, P0, 36, 236.12 W, 1965 MHz, 3996 MHz, 0 %, 0 MiB
2026/08/03 11:08:02.371, 3, P0, 32, 238.62 W, 1965 MHz, 3996 MHz, 0 %, 0 MiB
2026/08/03 11:08:02.371, 4, P0, 33, 235.88 W, 1965 MHz, 3996 MHz, 0 %, 0 MiB
2026/08/03 11:08:02.371, 5, P0, 36, 244.85 W, 1965 MHz, 3996 MHz, 0 %, 0 MiB
2026/08/03 11:08:02.371, 6, P0, 33, 242.45 W, 1965 MHz, 3996 MHz, 0 %, 0 MiB
2026/08/03 11:08:02.371, 7, P0, 37, 243.41 W, 1965 MHz, 3996 MHz, 0 %, 0 MiB
2026/08/03 11:08:03.372, 0, P0, 36, 255.21 W, 1965 MHz, 3996 MHz, 73 %, 161507 MiB
2026/08/03 11:08:03.372, 1, P0, 33, 249.67 W, 1965 MHz, 3996 MHz, 6 %, 161507 MiB
2026/08/03 11:08:03.372, 2, P0, 36, 236.21 W, 1965 MHz, 3996 MHz, 0 %, 0 MiB
2026/08/03 11:08:03.372, 3, P0, 32, 238.62 W, 1965 MHz, 3996 MHz, 0 %, 0 MiB
2026/08/03 11:08:03.372, 4, P0, 33, 235.89 W, 1965 MHz, 3996 MHz, 0 %, 0 MiB
2026/08/03 11:08:03.372, 5, P0, 36, 244.94 W, 1965 MHz, 3996 MHz, 0 %, 0 MiB
2026/08/03 11:08:03.372, 6, P0, 33, 242.39 W, 1965 MHz, 3996 MHz, 0 %, 0 MiB
2026/08/03 11:08:03.372, 7, P0, 37, 243.38 W, 1965 MHz, 3996 MHz, 0 %, 0 MiB
2026/08/03 11:08:04.372, 0, P0, 36, 254.94 W, 1965 MHz, 3996 MHz, 82 %, 161507 MiB
2026/08/03 11:08:04.372, 1, P0, 33, 248.93 W, 1965 MHz, 3996 MHz, 7 %, 161507 MiB
2026/08/03 11:08:04.372, 2, P0, 36, 236.20 W, 1965 MHz, 3996 MHz, 0 %, 0 MiB
2026/08/03 11:08:04.372, 3, P0, 32, 238.61 W, 1965 MHz, 3996 MHz, 0 %, 0 MiB
2026/08/03 11:08:04.372, 4, P0, 33, 235.86 W, 1965 MHz, 3996 MHz, 0 %, 0 MiB
2026/08/03 11:08:04.372, 5, P0, 36, 244.85 W, 1965 MHz, 3996 MHz, 0 %, 0 MiB
2026/08/03 11:08:04.372, 6, P0, 33, 242.38 W, 1965 MHz, 3996 MHz, 0 %, 0 MiB
2026/08/03 11:08:04.372, 7, P0, 37, 243.40 W, 1965 MHz, 3996 MHz, 0 %, 0 MiB
2026/08/03 11:08:05.372, 0, P0, 36, 255.29 W, 1965 MHz, 3996 MHz, 83 %, 161507 MiB
2026/08/03 11:08:05.372, 1, P0, 33, 249.35 W, 1965 MHz, 3996 MHz, 6 %, 161507 MiB
2026/08/03 11:08:05.372, 2, P0, 36, 236.19 W, 1965 MHz, 3996 MHz, 0 %, 0 MiB
2026/08/03 11:08:05.372, 3, P0, 32, 238.62 W, 1965 MHz, 3996 MHz, 0 %, 0 MiB
2026/08/03 11:08:05.372, 4, P0, 33, 235.88 W, 1965 MHz, 3996 MHz, 0 %, 0 MiB
2026/08/03 11:08:05.372, 5, P0, 36, 244.84 W, 1965 MHz, 3996 MHz, 0 %, 0 MiB
2026/08/03 11:08:05.372, 6, P0, 33, 242.40 W, 1965 MHz, 3996 MHz, 0 %, 0 MiB
2026/08/03 11:08:05.372, 7, P0, 37, 243.39 W, 1965 MHz, 3996 MHz, 0 %, 0 MiB
2026/08/03 11:08:06.372, 0, P0, 36, 255.38 W, 1965 MHz, 3996 MHz, 86 %, 161507 MiB
2026/08/03 11:08:06.372, 1, P0, 33, 250.29 W, 1965 MHz, 3996 MHz, 6 %, 161507 MiB
2026/08/03 11:08:06.372, 2, P0, 36, 236.19 W, 1965 MHz, 3996 MHz, 0 %, 0 MiB
2026/08/03 11:08:06.372, 3, P0, 32, 238.68 W, 1965 MHz, 3996 MHz, 0 %, 0 MiB
2026/08/03 11:08:06.372, 4, P0, 33, 235.88 W, 1965 MHz, 3996 MHz, 0 %, 0 MiB
2026/08/03 11:08:06.373, 5, P0, 36, 244.88 W, 1965 MHz, 3996 MHz, 0 %, 0 MiB
2026/08/03 11:08:06.373, 6, P0, 33, 242.41 W, 1965 MHz, 3996 MHz, 0 %, 0 MiB
2026/08/03 11:08:06.373, 7, P0, 37, 243.39 W, 1965 MHz, 3996 MHz, 0 %, 0 MiB
2026/08/03 11:08:07.373, 0, P0, 36, 255.67 W, 1965 MHz, 3996 MHz, 81 %, 161507 MiB
2026/08/03 11:08:07.373, 1, P0, 33, 249.98 W, 1965 MHz, 3996 MHz, 6 %, 161507 MiB
2026/08/03 11:08:07.373, 2, P0, 36, 236.17 W, 1965 MHz, 3996 MHz, 0 %, 0 MiB
2026/08/03 11:08:07.373, 3, P0, 32, 238.72 W, 1965 MHz, 3996 MHz, 0 %, 0 MiB
2026/08/03 11:08:07.373, 4, P0, 33, 235.86 W, 1965 MHz, 3996 MHz, 0 %, 0 MiB
2026/08/03 11:08:07.373, 5, P0, 36, 244.79 W, 1965 MHz, 3996 MHz, 0 %, 0 MiB
2026/08/03 11:08:07.373, 6, P0, 33, 242.46 W, 1965 MHz, 3996 MHz, 0 %, 0 MiB
2026/08/03 11:08:07.373, 7, P0, 37, 243.41 W, 1965 MHz, 3996 MHz, 0 %, 0 MiB
2026/08/03 11:08:08.373, 0, P0, 36, 254.21 W, 1965 MHz, 3996 MHz, 83 %, 161507 MiB
2026/08/03 11:08:08.373, 1, P0, 33, 250.02 W, 1965 MHz, 3996 MHz, 6 %, 161507 MiB
2026/08/03 11:08:08.373, 2, P0, 36, 236.16 W, 1965 MHz, 3996 MHz, 0 %, 0 MiB
2026/08/03 11:08:08.373, 3, P0, 32, 238.71 W, 1965 MHz, 3996 MHz, 0 %, 0 MiB
2026/08/03 11:08:08.373, 4, P0, 33, 235.84 W, 1965 MHz, 3996 MHz, 0 %, 0 MiB
2026/08/03 11:08:08.373, 5, P0, 36, 244.90 W, 1965 MHz, 3996 MHz, 0 %, 0 MiB
2026/08/03 11:08:08.373, 6, P0, 33, 242.45 W, 1965 MHz, 3996 MHz, 0 %, 0 MiB
2026/08/03 11:08:08.373, 7, P0, 37, 243.36 W, 1965 MHz, 3996 MHz, 0 %, 0 MiB
2026/08/03 11:08:09.373, 0, P0, 36, 256.46 W, 1965 MHz, 3996 MHz, 81 %, 161507 MiB
2026/08/03 11:08:09.373, 1, P0, 33, 249.68 W, 1965 MHz, 3996 MHz, 6 %, 161507 MiB
2026/08/03 11:08:09.374, 2, P0, 36, 236.24 W, 1965 MHz, 3996 MHz, 0 %, 0 MiB
2026/08/03 11:08:09.374, 3, P0, 32, 238.72 W, 1965 MHz, 3996 MHz, 0 %, 0 MiB
2026/08/03 11:08:09.374, 4, P0, 33, 235.86 W, 1965 MHz, 3996 MHz, 0 %, 0 MiB
2026/08/03 11:08:09.374, 5, P0, 36, 244.85 W, 1965 MHz, 3996 MHz, 0 %, 0 MiB
2026/08/03 11:08:09.374, 6, P0, 33, 242.42 W, 1965 MHz, 3996 MHz, 0 %, 0 MiB
2026/08/03 11:08:09.374, 7, P0, 37, 243.38 W, 1965 MHz, 3996 MHz, 0 %, 0 MiB
2026/08/03 11:08:10.374, 0, P0, 36, 255.66 W, 1965 MHz, 3996 MHz, 84 %, 161507 MiB
2026/08/03 11:08:10.374, 1, P0, 33, 249.35 W, 1965 MHz, 3996 MHz, 6 %, 161507 MiB
2026/08/03 11:08:10.374, 2, P0, 36, 236.18 W, 1965 MHz, 3996 MHz, 0 %, 0 MiB
2026/08/03 11:08:10.374, 3, P0, 32, 238.69 W, 1965 MHz, 3996 MHz, 0 %, 0 MiB
2026/08/03 11:08:10.374, 4, P0, 33, 235.88 W, 1965 MHz, 3996 MHz, 0 %, 0 MiB
2026/08/03 11:08:10.374, 5, P0, 36, 244.78 W, 1965 MHz, 3996 MHz, 0 %, 0 MiB
2026/08/03 11:08:10.374, 6, P0, 33, 242.47 W, 1965 MHz, 3996 MHz, 0 %, 0 MiB
2026/08/03 11:08:10.374, 7, P0, 37, 243.41 W, 1965 MHz, 3996 MHz, 0 %, 0 MiB
2026/08/03 11:08:11.374, 0, P0, 36, 254.06 W, 1965 MHz, 3996 MHz, 83 %, 161507 MiB
2026/08/03 11:08:11.374, 1, P0, 33, 250.32 W, 1965 MHz, 3996 MHz, 6 %, 161507 MiB
2026/08/03 11:08:11.374, 2, P0, 36, 236.23 W, 1965 MHz, 3996 MHz, 0 %, 0 MiB
2026/08/03 11:08:11.374, 3, P0, 32, 238.57 W, 1965 MHz, 3996 MHz, 0 %, 0 MiB
2026/08/03 11:08:11.374, 4, P0, 33, 235.88 W, 1965 MHz, 3996 MHz, 0 %, 0 MiB
2026/08/03 11:08:11.374, 5, P0, 36, 244.88 W, 1965 MHz, 3996 MHz, 0 %, 0 MiB
2026/08/03 11:08:11.374, 6, P0, 33, 242.41 W, 1965 MHz, 3996 MHz, 0 %, 0 MiB
2026/08/03 11:08:11.374, 7, P0, 37, 243.41 W, 1965 MHz, 3996 MHz, 0 %, 0 MiB
2026/08/03 11:08:12.374, 0, P0, 36, 254.15 W, 1965 MHz, 3996 MHz, 81 %, 161507 MiB
2026/08/03 11:08:12.374, 1, P0, 33, 249.28 W, 1965 MHz, 3996 MHz, 7 %, 161507 MiB
2026/08/03 11:08:12.374, 2, P0, 36, 236.21 W, 1965 MHz, 3996 MHz, 0 %, 0 MiB
2026/08/03 11:08:12.374, 3, P0, 32, 238.71 W, 1965 MHz, 3996 MHz, 0 %, 0 MiB
2026/08/03 11:08:12.375, 4, P0, 33, 235.89 W, 1965 MHz, 3996 MHz, 0 %, 0 MiB
2026/08/03 11:08:12.375, 5, P0, 36, 244.86 W, 1965 MHz, 3996 MHz, 0 %, 0 MiB
2026/08/03 11:08:12.375, 6, P0, 33, 242.38 W, 1965 MHz, 3996 MHz, 0 %, 0 MiB
2026/08/03 11:08:12.375, 7, P0, 37, 243.41 W, 1965 MHz, 3996 MHz, 0 %, 0 MiB
2026/08/03 11:08:13.375, 0, P0, 36, 254.09 W, 1965 MHz, 3996 MHz, 79 %, 161507 MiB
2026/08/03 11:08:13.375, 1, P0, 33, 249.39 W, 1965 MHz, 3996 MHz, 6 %, 161507 MiB
2026/08/03 11:08:13.375, 2, P0, 36, 236.19 W, 1965 MHz, 3996 MHz, 0 %, 0 MiB
2026/08/03 11:08:13.375, 3, P0, 33, 238.71 W, 1965 MHz, 3996 MHz, 0 %, 0 MiB
2026/08/03 11:08:13.375, 4, P0, 33, 235.88 W, 1965 MHz, 3996 MHz, 0 %, 0 MiB
2026/08/03 11:08:13.375, 5, P0, 36, 244.90 W, 1965 MHz, 3996 MHz, 0 %, 0 MiB
2026/08/03 11:08:13.375, 6, P0, 33, 242.47 W, 1965 MHz, 3996 MHz, 0 %, 0 MiB
2026/08/03 11:08:13.375, 7, P0, 37, 243.39 W, 1965 MHz, 3996 MHz, 0 %, 0 MiB
2026/08/03 11:08:14.375, 0, P0, 36, 255.08 W, 1965 MHz, 3996 MHz, 84 %, 161507 MiB
2026/08/03 11:08:14.375, 1, P0, 33, 249.57 W, 1965 MHz, 3996 MHz, 6 %, 161507 MiB
2026/08/03 11:08:14.375, 2, P0, 36, 236.20 W, 1965 MHz, 3996 MHz, 0 %, 0 MiB
2026/08/03 11:08:14.375, 3, P0, 32, 238.70 W, 1965 MHz, 3996 MHz, 0 %, 0 MiB
2026/08/03 11:08:14.375, 4, P0, 33, 235.88 W, 1965 MHz, 3996 MHz, 0 %, 0 MiB
2026/08/03 11:08:14.375, 5, P0, 36, 244.82 W, 1965 MHz, 3996 MHz, 0 %, 0 MiB
2026/08/03 11:08:14.375, 6, P0, 33, 242.40 W, 1965 MHz, 3996 MHz, 0 %, 0 MiB
2026/08/03 11:08:14.375, 7, P0, 37, 243.41 W, 1965 MHz, 3996 MHz, 0 %, 0 MiB
2026/08/03 11:08:15.375, 0, P0, 36, 255.84 W, 1965 MHz, 3996 MHz, 79 %, 161507 MiB
2026/08/03 11:08:15.375, 1, P0, 33, 251.44 W, 1965 MHz, 3996 MHz, 6 %, 161507 MiB
2026/08/03 11:08:15.375, 2, P0, 36, 236.19 W, 1965 MHz, 3996 MHz, 0 %, 0 MiB
2026/08/03 11:08:15.375, 3, P0, 32, 238.72 W, 1965 MHz, 3996 MHz, 0 %, 0 MiB
2026/08/03 11:08:15.375, 4, P0, 33, 235.89 W, 1965 MHz, 3996 MHz, 0 %, 0 MiB
2026/08/03 11:08:15.375, 5, P0, 36, 244.90 W, 1965 MHz, 3996 MHz, 0 %, 0 MiB
2026/08/03 11:08:15.375, 6, P0, 33, 242.45 W, 1965 MHz, 3996 MHz, 0 %, 0 MiB
2026/08/03 11:08:15.375, 7, P0, 37, 243.36 W, 1965 MHz, 3996 MHz, 0 %, 0 MiB
2026/08/03 11:08:16.376, 0, P0, 36, 331.49 W, 1965 MHz, 3996 MHz, 84 %, 161507 MiB
2026/08/03 11:08:16.376, 1, P0, 34, 330.80 W, 1965 MHz, 3996 MHz, 7 %, 161507 MiB
2026/08/03 11:08:16.376, 2, P0, 36, 236.18 W, 1965 MHz, 3996 MHz, 0 %, 0 MiB
2026/08/03 11:08:16.376, 3, P0, 32, 238.70 W, 1965 MHz, 3996 MHz, 0 %, 0 MiB
2026/08/03 11:08:16.376, 4, P0, 33, 235.85 W, 1965 MHz, 3996 MHz, 0 %, 0 MiB
2026/08/03 11:08:16.376, 5, P0, 36, 244.83 W, 1965 MHz, 3996 MHz, 0 %, 0 MiB
2026/08/03 11:08:16.376, 6, P0, 33, 242.45 W, 1965 MHz, 3996 MHz, 0 %, 0 MiB
2026/08/03 11:08:16.376, 7, P0, 37, 243.33 W, 1965 MHz, 3996 MHz, 0 %, 0 MiB
2026/08/03 11:08:17.376, 0, P0, 36, 255.16 W, 1965 MHz, 3996 MHz, 83 %, 161507 MiB
2026/08/03 11:08:17.376, 1, P0, 33, 249.54 W, 1965 MHz, 3996 MHz, 7 %, 161507 MiB
2026/08/03 11:08:17.376, 2, P0, 36, 236.20 W, 1965 MHz, 3996 MHz, 0 %, 0 MiB
2026/08/03 11:08:17.376, 3, P0, 32, 238.66 W, 1965 MHz, 3996 MHz, 0 %, 0 MiB
2026/08/03 11:08:17.376, 4, P0, 33, 235.88 W, 1965 MHz, 3996 MHz, 0 %, 0 MiB
2026/08/03 11:08:17.376, 5, P0, 36, 244.84 W, 1965 MHz, 3996 MHz, 0 %, 0 MiB
2026/08/03 11:08:17.376, 6, P0, 33, 242.45 W, 1965 MHz, 3996 MHz, 0 %, 0 MiB
2026/08/03 11:08:17.376, 7, P0, 37, 243.40 W, 1965 MHz, 3996 MHz, 0 %, 0 MiB
2026/08/03 11:08:18.376, 0, P0, 37, 336.30 W, 1965 MHz, 3996 MHz, 94 %, 161507 MiB
2026/08/03 11:08:18.376, 1, P0, 34, 335.61 W, 1965 MHz, 3996 MHz, 6 %, 161507 MiB
2026/08/03 11:08:18.376, 2, P0, 36, 236.19 W, 1965 MHz, 3996 MHz, 0 %, 0 MiB
2026/08/03 11:08:18.376, 3, P0, 32, 238.62 W, 1965 MHz, 3996 MHz, 0 %, 0 MiB
2026/08/03 11:08:18.376, 4, P0, 33, 235.92 W, 1965 MHz, 3996 MHz, 0 %, 0 MiB
2026/08/03 11:08:18.376, 5, P0, 36, 244.79 W, 1965 MHz, 3996 MHz, 0 %, 0 MiB
2026/08/03 11:08:18.376, 6, P0, 33, 242.41 W, 1965 MHz, 3996 MHz, 0 %, 0 MiB
2026/08/03 11:08:18.376, 7, P0, 37, 243.36 W, 1965 MHz, 3996 MHz, 0 %, 0 MiB
2026/08/03 11:08:19.376, 0, P0, 36, 256.42 W, 1965 MHz, 3996 MHz, 91 %, 161507 MiB
2026/08/03 11:08:19.376, 1, P0, 34, 251.94 W, 1965 MHz, 3996 MHz, 7 %, 161507 MiB
2026/08/03 11:08:19.377, 2, P0, 36, 236.18 W, 1965 MHz, 3996 MHz, 0 %, 0 MiB
2026/08/03 11:08:19.377, 3, P0, 32, 238.71 W, 1965 MHz, 3996 MHz, 0 %, 0 MiB
2026/08/03 11:08:19.377, 4, P0, 33, 235.91 W, 1965 MHz, 3996 MHz, 0 %, 0 MiB
2026/08/03 11:08:19.377, 5, P0, 36, 244.87 W, 1965 MHz, 3996 MHz, 0 %, 0 MiB
2026/08/03 11:08:19.377, 6, P0, 33, 242.40 W, 1965 MHz, 3996 MHz, 0 %, 0 MiB
2026/08/03 11:08:19.377, 7, P0, 37, 243.42 W, 1965 MHz, 3996 MHz, 0 %, 0 MiB
2026/08/03 11:08:20.377, 0, P0, 37, 338.56 W, 1965 MHz, 3996 MHz, 83 %, 161507 MiB
2026/08/03 11:08:20.377, 1, P0, 34, 329.31 W, 1965 MHz, 3996 MHz, 7 %, 161507 MiB
2026/08/03 11:08:20.377, 2, P0, 36, 236.27 W, 1965 MHz, 3996 MHz, 0 %, 0 MiB
2026/08/03 11:08:20.377, 3, P0, 32, 238.59 W, 1965 MHz, 3996 MHz, 0 %, 0 MiB
2026/08/03 11:08:20.377, 4, P0, 33, 235.90 W, 1965 MHz, 3996 MHz, 0 %, 0 MiB
2026/08/03 11:08:20.377, 5, P0, 36, 244.78 W, 1965 MHz, 3996 MHz, 0 %, 0 MiB
2026/08/03 11:08:20.377, 6, P0, 33, 242.44 W, 1965 MHz, 3996 MHz, 0 %, 0 MiB
2026/08/03 11:08:20.377, 7, P0, 37, 243.38 W, 1965 MHz, 3996 MHz, 0 %, 0 MiB
2026/08/03 11:08:21.377, 0, P0, 36, 256.81 W, 1965 MHz, 3996 MHz, 91 %, 161507 MiB
2026/08/03 11:08:21.377, 1, P0, 34, 251.66 W, 1965 MHz, 3996 MHz, 7 %, 161507 MiB
2026/08/03 11:08:21.377, 2, P0, 36, 236.16 W, 1965 MHz, 3996 MHz, 0 %, 0 MiB
2026/08/03 11:08:21.377, 3, P0, 32, 238.67 W, 1965 MHz, 3996 MHz, 0 %, 0 MiB
2026/08/03 11:08:21.377, 4, P0, 33, 235.86 W, 1965 MHz, 3996 MHz, 0 %, 0 MiB
2026/08/03 11:08:21.377, 5, P0, 36, 244.85 W, 1965 MHz, 3996 MHz, 0 %, 0 MiB
2026/08/03 11:08:21.377, 6, P0, 33, 242.41 W, 1965 MHz, 3996 MHz, 0 %, 0 MiB
2026/08/03 11:08:21.377, 7, P0, 37, 243.48 W, 1965 MHz, 3996 MHz, 0 %, 0 MiB
2026/08/03 11:08:22.377, 0, P0, 37, 336.74 W, 1965 MHz, 3996 MHz, 87 %, 161507 MiB
2026/08/03 11:08:22.377, 1, P0, 34, 330.08 W, 1965 MHz, 3996 MHz, 7 %, 161507 MiB
2026/08/03 11:08:22.377, 2, P0, 36, 236.23 W, 1965 MHz, 3996 MHz, 0 %, 0 MiB
2026/08/03 11:08:22.377, 3, P0, 32, 238.62 W, 1965 MHz, 3996 MHz, 0 %, 0 MiB
2026/08/03 11:08:22.377, 4, P0, 33, 235.91 W, 1965 MHz, 3996 MHz, 0 %, 0 MiB
2026/08/03 11:08:22.377, 5, P0, 36, 244.75 W, 1965 MHz, 3996 MHz, 0 %, 0 MiB
2026/08/03 11:08:22.377, 6, P0, 33, 242.43 W, 1965 MHz, 3996 MHz, 0 %, 0 MiB
2026/08/03 11:08:22.378, 7, P0, 37, 243.33 W, 1965 MHz, 3996 MHz, 0 %, 0 MiB
2026/08/03 11:08:23.378, 0, P0, 36, 255.52 W, 1965 MHz, 3996 MHz, 86 %, 161507 MiB
2026/08/03 11:08:23.378, 1, P0, 34, 249.79 W, 1965 MHz, 3996 MHz, 7 %, 161507 MiB
2026/08/03 11:08:23.378, 2, P0, 36, 236.12 W, 1965 MHz, 3996 MHz, 0 %, 0 MiB
2026/08/03 11:08:23.378, 3, P0, 32, 238.72 W, 1965 MHz, 3996 MHz, 0 %, 0 MiB
2026/08/03 11:08:23.378, 4, P0, 33, 235.89 W, 1965 MHz, 3996 MHz, 0 %, 0 MiB
2026/08/03 11:08:23.378, 5, P0, 36, 244.88 W, 1965 MHz, 3996 MHz, 0 %, 0 MiB
2026/08/03 11:08:23.378, 6, P0, 33, 242.42 W, 1965 MHz, 3996 MHz, 0 %, 0 MiB
2026/08/03 11:08:23.378, 7, P0, 37, 243.41 W, 1965 MHz, 3996 MHz, 0 %, 0 MiB
2026/08/03 11:08:24.378, 0, P0, 36, 255.06 W, 1965 MHz, 3996 MHz, 82 %, 161507 MiB
2026/08/03 11:08:24.378, 1, P0, 34, 249.28 W, 1965 MHz, 3996 MHz, 6 %, 161507 MiB
2026/08/03 11:08:24.378, 2, P0, 36, 236.17 W, 1965 MHz, 3996 MHz, 0 %, 0 MiB
2026/08/03 11:08:24.378, 3, P0, 32, 238.71 W, 1965 MHz, 3996 MHz, 0 %, 0 MiB
2026/08/03 11:08:24.378, 4, P0, 33, 235.85 W, 1965 MHz, 3996 MHz, 0 %, 0 MiB
2026/08/03 11:08:24.378, 5, P0, 36, 244.83 W, 1965 MHz, 3996 MHz, 0 %, 0 MiB
2026/08/03 11:08:24.378, 6, P0, 33, 242.46 W, 1965 MHz, 3996 MHz, 0 %, 0 MiB
2026/08/03 11:08:24.378, 7, P0, 37, 243.35 W, 1965 MHz, 3996 MHz, 0 %, 0 MiB
2026/08/03 11:08:25.378, 0, P0, 36, 254.76 W, 1965 MHz, 3996 MHz, 85 %, 161507 MiB
2026/08/03 11:08:25.378, 1, P0, 34, 249.60 W, 1965 MHz, 3996 MHz, 6 %, 161507 MiB
2026/08/03 11:08:25.378, 2, P0, 36, 236.15 W, 1965 MHz, 3996 MHz, 0 %, 0 MiB
2026/08/03 11:08:25.378, 3, P0, 32, 238.70 W, 1965 MHz, 3996 MHz, 0 %, 0 MiB
2026/08/03 11:08:25.378, 4, P0, 33, 235.86 W, 1965 MHz, 3996 MHz, 0 %, 0 MiB
2026/08/03 11:08:25.378, 5, P0, 36, 244.83 W, 1965 MHz, 3996 MHz, 0 %, 0 MiB
2026/08/03 11:08:25.378, 6, P0, 33, 242.49 W, 1965 MHz, 3996 MHz, 0 %, 0 MiB
2026/08/03 11:08:25.378, 7, P0, 37, 243.41 W, 1965 MHz, 3996 MHz, 0 %, 0 MiB
2026/08/03 11:08:26.378, 0, P0, 36, 255.01 W, 1965 MHz, 3996 MHz, 86 %, 161507 MiB
2026/08/03 11:08:26.379, 1, P0, 33, 250.91 W, 1965 MHz, 3996 MHz, 7 %, 161507 MiB
2026/08/03 11:08:26.379, 2, P0, 36, 236.16 W, 1965 MHz, 3996 MHz, 0 %, 0 MiB
2026/08/03 11:08:26.379, 3, P0, 32, 238.71 W, 1965 MHz, 3996 MHz, 0 %, 0 MiB
2026/08/03 11:08:26.379, 4, P0, 33, 235.88 W, 1965 MHz, 3996 MHz, 0 %, 0 MiB
2026/08/03 11:08:26.379, 5, P0, 36, 244.86 W, 1965 MHz, 3996 MHz, 0 %, 0 MiB
2026/08/03 11:08:26.379, 6, P0, 33, 242.47 W, 1965 MHz, 3996 MHz, 0 %, 0 MiB
2026/08/03 11:08:26.379, 7, P0, 37, 243.32 W, 1965 MHz, 3996 MHz, 0 %, 0 MiB
2026/08/03 11:08:27.379, 0, P0, 36, 254.70 W, 1965 MHz, 3996 MHz, 85 %, 161507 MiB
2026/08/03 11:08:27.379, 1, P0, 33, 249.06 W, 1965 MHz, 3996 MHz, 6 %, 161507 MiB
2026/08/03 11:08:27.379, 2, P0, 36, 236.19 W, 1965 MHz, 3996 MHz, 0 %, 0 MiB
2026/08/03 11:08:27.379, 3, P0, 32, 238.68 W, 1965 MHz, 3996 MHz, 0 %, 0 MiB
2026/08/03 11:08:27.379, 4, P0, 33, 235.86 W, 1965 MHz, 3996 MHz, 0 %, 0 MiB
2026/08/03 11:08:27.379, 5, P0, 36, 244.72 W, 1965 MHz, 3996 MHz, 0 %, 0 MiB
2026/08/03 11:08:27.379, 6, P0, 33, 242.50 W, 1965 MHz, 3996 MHz, 0 %, 0 MiB
2026/08/03 11:08:27.379, 7, P0, 37, 243.33 W, 1965 MHz, 3996 MHz, 0 %, 0 MiB
2026/08/03 11:08:28.379, 0, P0, 36, 254.51 W, 1965 MHz, 3996 MHz, 84 %, 161507 MiB
2026/08/03 11:08:28.379, 1, P0, 33, 248.65 W, 1965 MHz, 3996 MHz, 6 %, 161507 MiB
2026/08/03 11:08:28.379, 2, P0, 36, 236.14 W, 1965 MHz, 3996 MHz, 0 %, 0 MiB
2026/08/03 11:08:28.379, 3, P0, 32, 238.61 W, 1965 MHz, 3996 MHz, 0 %, 0 MiB
2026/08/03 11:08:28.379, 4, P0, 33, 235.88 W, 1965 MHz, 3996 MHz, 0 %, 0 MiB
2026/08/03 11:08:28.379, 5, P0, 36, 244.84 W, 1965 MHz, 3996 MHz, 0 %, 0 MiB
2026/08/03 11:08:28.379, 6, P0, 33, 242.47 W, 1965 MHz, 3996 MHz, 0 %, 0 MiB
2026/08/03 11:08:28.379, 7, P0, 37, 243.36 W, 1965 MHz, 3996 MHz, 0 %, 0 MiB
2026/08/03 11:08:29.379, 0, P0, 36, 255.24 W, 1965 MHz, 3996 MHz, 84 %, 161507 MiB
2026/08/03 11:08:29.379, 1, P0, 33, 248.91 W, 1965 MHz, 3996 MHz, 7 %, 161507 MiB
2026/08/03 11:08:29.379, 2, P0, 36, 236.18 W, 1965 MHz, 3996 MHz, 0 %, 0 MiB
2026/08/03 11:08:29.379, 3, P0, 32, 238.64 W, 1965 MHz, 3996 MHz, 0 %, 0 MiB
2026/08/03 11:08:29.379, 4, P0, 33, 235.88 W, 1965 MHz, 3996 MHz, 0 %, 0 MiB
2026/08/03 11:08:29.379, 5, P0, 36, 244.71 W, 1965 MHz, 3996 MHz, 0 %, 0 MiB
2026/08/03 11:08:29.380, 6, P0, 33, 242.45 W, 1965 MHz, 3996 MHz, 0 %, 0 MiB
2026/08/03 11:08:29.380, 7, P0, 37, 243.38 W, 1965 MHz, 3996 MHz, 0 %, 0 MiB
2026/08/03 11:08:30.380, 0, P0, 36, 254.91 W, 1965 MHz, 3996 MHz, 86 %, 161507 MiB
2026/08/03 11:08:30.380, 1, P0, 33, 250.13 W, 1965 MHz, 3996 MHz, 7 %, 161507 MiB
2026/08/03 11:08:30.380, 2, P0, 36, 236.26 W, 1965 MHz, 3996 MHz, 0 %, 0 MiB
2026/08/03 11:08:30.380, 3, P0, 32, 238.67 W, 1965 MHz, 3996 MHz, 0 %, 0 MiB
2026/08/03 11:08:30.380, 4, P0, 33, 235.88 W, 1965 MHz, 3996 MHz, 0 %, 0 MiB
2026/08/03 11:08:30.380, 5, P0, 36, 244.78 W, 1965 MHz, 3996 MHz, 0 %, 0 MiB
2026/08/03 11:08:30.380, 6, P0, 33, 242.43 W, 1965 MHz, 3996 MHz, 0 %, 0 MiB
2026/08/03 11:08:30.380, 7, P0, 37, 243.35 W, 1965 MHz, 3996 MHz, 0 %, 0 MiB
2026/08/03 11:08:31.380, 0, P0, 37, 339.73 W, 1965 MHz, 3996 MHz, 90 %, 161507 MiB
2026/08/03 11:08:31.380, 1, P0, 34, 331.36 W, 1965 MHz, 3996 MHz, 7 %, 161507 MiB
2026/08/03 11:08:31.380, 2, P0, 36, 236.19 W, 1965 MHz, 3996 MHz, 0 %, 0 MiB
2026/08/03 11:08:31.380, 3, P0, 32, 238.69 W, 1965 MHz, 3996 MHz, 0 %, 0 MiB
2026/08/03 11:08:31.380, 4, P0, 33, 235.90 W, 1965 MHz, 3996 MHz, 0 %, 0 MiB
2026/08/03 11:08:31.380, 5, P0, 36, 244.85 W, 1965 MHz, 3996 MHz, 0 %, 0 MiB
2026/08/03 11:08:31.380, 6, P0, 33, 242.41 W, 1965 MHz, 3996 MHz, 0 %, 0 MiB
2026/08/03 11:08:31.380, 7, P0, 37, 243.37 W, 1965 MHz, 3996 MHz, 0 %, 0 MiB
2026/08/03 11:08:32.380, 0, P0, 36, 256.63 W, 1965 MHz, 3996 MHz, 86 %, 161507 MiB
2026/08/03 11:08:32.380, 1, P0, 34, 250.79 W, 1965 MHz, 3996 MHz, 7 %, 161507 MiB
2026/08/03 11:08:32.380, 2, P0, 36, 236.22 W, 1965 MHz, 3996 MHz, 0 %, 0 MiB
2026/08/03 11:08:32.380, 3, P0, 32, 238.62 W, 1965 MHz, 3996 MHz, 0 %, 0 MiB
2026/08/03 11:08:32.380, 4, P0, 33, 235.89 W, 1965 MHz, 3996 MHz, 0 %, 0 MiB
2026/08/03 11:08:32.380, 5, P0, 36, 244.79 W, 1965 MHz, 3996 MHz, 0 %, 0 MiB
2026/08/03 11:08:32.380, 6, P0, 33, 242.38 W, 1965 MHz, 3996 MHz, 0 %, 0 MiB
2026/08/03 11:08:32.380, 7, P0, 37, 243.33 W, 1965 MHz, 3996 MHz, 0 %, 0 MiB
2026/08/03 11:08:33.380, 0, P0, 37, 339.06 W, 1965 MHz, 3996 MHz, 88 %, 161507 MiB
2026/08/03 11:08:33.380, 1, P0, 34, 338.39 W, 1965 MHz, 3996 MHz, 6 %, 161507 MiB
2026/08/03 11:08:33.380, 2, P0, 36, 236.18 W, 1965 MHz, 3996 MHz, 0 %, 0 MiB
2026/08/03 11:08:33.381, 3, P0, 32, 238.59 W, 1965 MHz, 3996 MHz, 0 %, 0 MiB
2026/08/03 11:08:33.381, 4, P0, 33, 235.91 W, 1965 MHz, 3996 MHz, 0 %, 0 MiB
2026/08/03 11:08:33.381, 5, P0, 36, 244.84 W, 1965 MHz, 3996 MHz, 0 %, 0 MiB
2026/08/03 11:08:33.381, 6, P0, 33, 242.47 W, 1965 MHz, 3996 MHz, 0 %, 0 MiB
2026/08/03 11:08:33.381, 7, P0, 37, 243.34 W, 1965 MHz, 3996 MHz, 0 %, 0 MiB
2026/08/03 11:08:34.381, 0, P0, 36, 255.01 W, 1965 MHz, 3996 MHz, 92 %, 161507 MiB
2026/08/03 11:08:34.381, 1, P0, 34, 249.76 W, 1965 MHz, 3996 MHz, 6 %, 161507 MiB
2026/08/03 11:08:34.381, 2, P0, 36, 236.23 W, 1965 MHz, 3996 MHz, 0 %, 0 MiB
2026/08/03 11:08:34.381, 3, P0, 32, 238.65 W, 1965 MHz, 3996 MHz, 0 %, 0 MiB
2026/08/03 11:08:34.381, 4, P0, 33, 235.88 W, 1965 MHz, 3996 MHz, 0 %, 0 MiB
2026/08/03 11:08:34.381, 5, P0, 36, 244.82 W, 1965 MHz, 3996 MHz, 0 %, 0 MiB
2026/08/03 11:08:34.381, 6, P0, 33, 242.41 W, 1965 MHz, 3996 MHz, 0 %, 0 MiB
2026/08/03 11:08:34.381, 7, P0, 37, 243.38 W, 1965 MHz, 3996 MHz, 0 %, 0 MiB
2026/08/03 11:08:35.381, 0, P0, 36, 255.15 W, 1965 MHz, 3996 MHz, 88 %, 161507 MiB
2026/08/03 11:08:35.381, 1, P0, 34, 249.23 W, 1965 MHz, 3996 MHz, 6 %, 161507 MiB
2026/08/03 11:08:35.381, 2, P0, 36, 236.12 W, 1965 MHz, 3996 MHz, 0 %, 0 MiB
2026/08/03 11:08:35.381, 3, P0, 32, 238.67 W, 1965 MHz, 3996 MHz, 0 %, 0 MiB
2026/08/03 11:08:35.381, 4, P0, 33, 235.89 W, 1965 MHz, 3996 MHz, 0 %, 0 MiB
2026/08/03 11:08:35.381, 5, P0, 36, 244.72 W, 1965 MHz, 3996 MHz, 0 %, 0 MiB
2026/08/03 11:08:35.381, 6, P0, 33, 242.38 W, 1965 MHz, 3996 MHz, 0 %, 0 MiB
2026/08/03 11:08:35.381, 7, P0, 37, 243.38 W, 1965 MHz, 3996 MHz, 0 %, 0 MiB
2026/08/03 11:08:36.381, 0, P0, 36, 255.49 W, 1965 MHz, 3996 MHz, 89 %, 161507 MiB
2026/08/03 11:08:36.381, 1, P0, 34, 248.66 W, 1965 MHz, 3996 MHz, 6 %, 161507 MiB
2026/08/03 11:08:36.381, 2, P0, 36, 236.14 W, 1965 MHz, 3996 MHz, 0 %, 0 MiB
2026/08/03 11:08:36.381, 3, P0, 32, 238.67 W, 1965 MHz, 3996 MHz, 0 %, 0 MiB
2026/08/03 11:08:36.381, 4, P0, 33, 235.86 W, 1965 MHz, 3996 MHz, 0 %, 0 MiB
2026/08/03 11:08:36.381, 5, P0, 36, 244.84 W, 1965 MHz, 3996 MHz, 0 %, 0 MiB
2026/08/03 11:08:36.381, 6, P0, 33, 242.40 W, 1965 MHz, 3996 MHz, 0 %, 0 MiB
2026/08/03 11:08:36.381, 7, P0, 37, 243.28 W, 1965 MHz, 3996 MHz, 0 %, 0 MiB
2026/08/03 11:08:37.382, 0, P0, 36, 254.79 W, 1965 MHz, 3996 MHz, 95 %, 161507 MiB
2026/08/03 11:08:37.382, 1, P0, 34, 250.11 W, 1965 MHz, 3996 MHz, 6 %, 161507 MiB
2026/08/03 11:08:37.382, 2, P0, 36, 236.16 W, 1965 MHz, 3996 MHz, 0 %, 0 MiB
2026/08/03 11:08:37.382, 3, P0, 32, 238.77 W, 1965 MHz, 3996 MHz, 0 %, 0 MiB
2026/08/03 11:08:37.382, 4, P0, 33, 235.86 W, 1965 MHz, 3996 MHz, 0 %, 0 MiB
2026/08/03 11:08:37.382, 5, P0, 36, 244.86 W, 1965 MHz, 3996 MHz, 0 %, 0 MiB
2026/08/03 11:08:37.382, 6, P0, 33, 242.48 W, 1965 MHz, 3996 MHz, 0 %, 0 MiB
2026/08/03 11:08:37.382, 7, P0, 37, 243.44 W, 1965 MHz, 3996 MHz, 0 %, 0 MiB
2026/08/03 11:08:38.382, 0, P0, 36, 255.07 W, 1965 MHz, 3996 MHz, 88 %, 161507 MiB
2026/08/03 11:08:38.382, 1, P0, 34, 249.37 W, 1965 MHz, 3996 MHz, 6 %, 161507 MiB
2026/08/03 11:08:38.382, 2, P0, 36, 236.16 W, 1965 MHz, 3996 MHz, 0 %, 0 MiB
2026/08/03 11:08:38.382, 3, P0, 32, 238.73 W, 1965 MHz, 3996 MHz, 0 %, 0 MiB
2026/08/03 11:08:38.382, 4, P0, 33, 235.90 W, 1965 MHz, 3996 MHz, 0 %, 0 MiB
2026/08/03 11:08:38.382, 5, P0, 36, 244.84 W, 1965 MHz, 3996 MHz, 0 %, 0 MiB
2026/08/03 11:08:38.382, 6, P0, 33, 242.43 W, 1965 MHz, 3996 MHz, 0 %, 0 MiB
2026/08/03 11:08:38.382, 7, P0, 37, 243.43 W, 1965 MHz, 3996 MHz, 0 %, 0 MiB
2026/08/03 11:08:39.382, 0, P0, 36, 254.43 W, 1965 MHz, 3996 MHz, 82 %, 161507 MiB
2026/08/03 11:08:39.382, 1, P0, 33, 249.65 W, 1965 MHz, 3996 MHz, 6 %, 161507 MiB
2026/08/03 11:08:39.382, 2, P0, 36, 236.23 W, 1965 MHz, 3996 MHz, 0 %, 0 MiB
2026/08/03 11:08:39.383, 3, P0, 32, 238.76 W, 1965 MHz, 3996 MHz, 0 %, 0 MiB
2026/08/03 11:08:39.383, 4, P0, 33, 235.88 W, 1965 MHz, 3996 MHz, 0 %, 0 MiB
2026/08/03 11:08:39.383, 5, P0, 36, 244.81 W, 1965 MHz, 3996 MHz, 0 %, 0 MiB
2026/08/03 11:08:39.383, 6, P0, 33, 242.41 W, 1965 MHz, 3996 MHz, 0 %, 0 MiB
2026/08/03 11:08:39.384, 7, P0, 37, 243.43 W, 1965 MHz, 3996 MHz, 0 %, 0 MiB
2026/08/03 11:08:40.384, 0, P0, 36, 254.58 W, 1965 MHz, 3996 MHz, 87 %, 161507 MiB
2026/08/03 11:08:40.384, 1, P0, 33, 249.59 W, 1965 MHz, 3996 MHz, 6 %, 161507 MiB
2026/08/03 11:08:40.384, 2, P0, 36, 236.24 W, 1965 MHz, 3996 MHz, 0 %, 0 MiB
2026/08/03 11:08:40.384, 3, P0, 32, 238.72 W, 1965 MHz, 3996 MHz, 0 %, 0 MiB
2026/08/03 11:08:40.384, 4, P0, 33, 235.86 W, 1965 MHz, 3996 MHz, 0 %, 0 MiB
2026/08/03 11:08:40.384, 5, P0, 36, 244.84 W, 1965 MHz, 3996 MHz, 0 %, 0 MiB
2026/08/03 11:08:40.384, 6, P0, 33, 242.40 W, 1965 MHz, 3996 MHz, 0 %, 0 MiB
2026/08/03 11:08:40.384, 7, P0, 37, 243.34 W, 1965 MHz, 3996 MHz, 0 %, 0 MiB
2026/08/03 11:08:41.384, 0, P0, 36, 249.16 W, 1965 MHz, 3996 MHz, 100 %, 161507 MiB
2026/08/03 11:08:41.384, 1, P0, 33, 243.14 W, 1965 MHz, 3996 MHz, 0 %, 161507 MiB
2026/08/03 11:08:41.384, 2, P0, 36, 236.19 W, 1965 MHz, 3996 MHz, 0 %, 0 MiB
2026/08/03 11:08:41.384, 3, P0, 32, 238.75 W, 1965 MHz, 3996 MHz, 0 %, 0 MiB
2026/08/03 11:08:41.384, 4, P0, 33, 235.86 W, 1965 MHz, 3996 MHz, 0 %, 0 MiB
2026/08/03 11:08:41.384, 5, P0, 36, 244.91 W, 1965 MHz, 3996 MHz, 0 %, 0 MiB
2026/08/03 11:08:41.384, 6, P0, 33, 242.42 W, 1965 MHz, 3996 MHz, 0 %, 0 MiB
2026/08/03 11:08:41.384, 7, P0, 37, 243.34 W, 1965 MHz, 3996 MHz, 0 %, 0 MiB
2026/08/03 11:08:42.384, 0, P0, 36, 249.17 W, 1965 MHz, 3996 MHz, 90 %, 161507 MiB
2026/08/03 11:08:42.384, 1, P0, 33, 244.06 W, 1965 MHz, 3996 MHz, 6 %, 161507 MiB
2026/08/03 11:08:42.384, 2, P0, 36, 236.26 W, 1965 MHz, 3996 MHz, 0 %, 0 MiB
2026/08/03 11:08:42.384, 3, P0, 32, 238.76 W, 1965 MHz, 3996 MHz, 0 %, 0 MiB
2026/08/03 11:08:42.385, 4, P0, 33, 235.88 W, 1965 MHz, 3996 MHz, 0 %, 0 MiB
2026/08/03 11:08:42.385, 5, P0, 36, 244.80 W, 1965 MHz, 3996 MHz, 0 %, 0 MiB
2026/08/03 11:08:42.385, 6, P0, 33, 242.41 W, 1965 MHz, 3996 MHz, 0 %, 0 MiB
2026/08/03 11:08:42.385, 7, P0, 37, 243.35 W, 1965 MHz, 3996 MHz, 0 %, 0 MiB
2026/08/03 11:08:43.385, 0, P0, 36, 250.02 W, 1965 MHz, 3996 MHz, 0 %, 161507 MiB
2026/08/03 11:08:43.385, 1, P0, 33, 247.18 W, 1965 MHz, 3996 MHz, 100 %, 161507 MiB
2026/08/03 11:08:43.385, 2, P0, 36, 236.15 W, 1965 MHz, 3996 MHz, 0 %, 0 MiB
2026/08/03 11:08:43.385, 3, P0, 32, 238.79 W, 1965 MHz, 3996 MHz, 0 %, 0 MiB
2026/08/03 11:08:43.385, 4, P0, 33, 235.89 W, 1965 MHz, 3996 MHz, 0 %, 0 MiB
2026/08/03 11:08:43.385, 5, P0, 36, 244.81 W, 1965 MHz, 3996 MHz, 0 %, 0 MiB
2026/08/03 11:08:43.385, 6, P0, 33, 242.50 W, 1965 MHz, 3996 MHz, 0 %, 0 MiB
2026/08/03 11:08:43.385, 7, P0, 37, 243.36 W, 1965 MHz, 3996 MHz, 0 %, 0 MiB
2026/08/03 11:08:44.385, 0, P0, 36, 243.55 W, 1965 MHz, 3996 MHz, 0 %, 161507 MiB
2026/08/03 11:08:44.385, 1, P0, 33, 243.80 W, 1965 MHz, 3996 MHz, 100 %, 161507 MiB
2026/08/03 11:08:44.385, 2, P0, 36, 236.21 W, 1965 MHz, 3996 MHz, 0 %, 0 MiB
2026/08/03 11:08:44.385, 3, P0, 32, 238.81 W, 1965 MHz, 3996 MHz, 0 %, 0 MiB
2026/08/03 11:08:44.385, 4, P0, 33, 235.88 W, 1965 MHz, 3996 MHz, 0 %, 0 MiB
2026/08/03 11:08:44.385, 5, P0, 36, 244.81 W, 1965 MHz, 3996 MHz, 0 %, 0 MiB
2026/08/03 11:08:44.385, 6, P0, 33, 242.48 W, 1965 MHz, 3996 MHz, 0 %, 0 MiB
2026/08/03 11:08:44.385, 7, P0, 37, 243.34 W, 1965 MHz, 3996 MHz, 0 %, 0 MiB
2026/08/03 11:08:45.385, 0, P0, 36, 253.46 W, 1965 MHz, 3996 MHz, 78 %, 161507 MiB
2026/08/03 11:08:45.385, 1, P0, 33, 248.54 W, 1965 MHz, 3996 MHz, 6 %, 161507 MiB
2026/08/03 11:08:45.385, 2, P0, 36, 236.19 W, 1965 MHz, 3996 MHz, 0 %, 0 MiB
2026/08/03 11:08:45.385, 3, P0, 32, 238.75 W, 1965 MHz, 3996 MHz, 0 %, 0 MiB
2026/08/03 11:08:45.385, 4, P0, 33, 235.88 W, 1965 MHz, 3996 MHz, 0 %, 0 MiB
2026/08/03 11:08:45.386, 5, P0, 36, 244.85 W, 1965 MHz, 3996 MHz, 0 %, 0 MiB
2026/08/03 11:08:45.386, 6, P0, 33, 242.43 W, 1965 MHz, 3996 MHz, 0 %, 0 MiB
2026/08/03 11:08:45.386, 7, P0, 37, 243.34 W, 1965 MHz, 3996 MHz, 0 %, 0 MiB
2026/08/03 11:08:46.386, 0, P0, 36, 255.17 W, 1965 MHz, 3996 MHz, 82 %, 161507 MiB
2026/08/03 11:08:46.386, 1, P0, 33, 248.35 W, 1965 MHz, 3996 MHz, 6 %, 161507 MiB
2026/08/03 11:08:46.386, 2, P0, 36, 236.20 W, 1965 MHz, 3996 MHz, 0 %, 0 MiB
2026/08/03 11:08:46.386, 3, P0, 33, 238.73 W, 1965 MHz, 3996 MHz, 0 %, 0 MiB
2026/08/03 11:08:46.386, 4, P0, 33, 235.89 W, 1965 MHz, 3996 MHz, 0 %, 0 MiB
2026/08/03 11:08:46.386, 5, P0, 36, 244.90 W, 1965 MHz, 3996 MHz, 0 %, 0 MiB
2026/08/03 11:08:46.386, 6, P0, 33, 242.45 W, 1965 MHz, 3996 MHz, 0 %, 0 MiB
2026/08/03 11:08:46.386, 7, P0, 37, 243.40 W, 1965 MHz, 3996 MHz, 0 %, 0 MiB
2026/08/03 11:08:47.386, 0, P0, 36, 254.86 W, 1965 MHz, 3996 MHz, 85 %, 161507 MiB
2026/08/03 11:08:47.386, 1, P0, 33, 250.43 W, 1965 MHz, 3996 MHz, 6 %, 161507 MiB
2026/08/03 11:08:47.386, 2, P0, 36, 236.27 W, 1965 MHz, 3996 MHz, 0 %, 0 MiB
2026/08/03 11:08:47.386, 3, P0, 32, 238.71 W, 1965 MHz, 3996 MHz, 0 %, 0 MiB
2026/08/03 11:08:47.386, 4, P0, 33, 235.85 W, 1965 MHz, 3996 MHz, 0 %, 0 MiB
2026/08/03 11:08:47.386, 5, P0, 36, 244.90 W, 1965 MHz, 3996 MHz, 0 %, 0 MiB
2026/08/03 11:08:47.386, 6, P0, 33, 242.44 W, 1965 MHz, 3996 MHz, 0 %, 0 MiB
2026/08/03 11:08:47.386, 7, P0, 37, 243.36 W, 1965 MHz, 3996 MHz, 0 %, 0 MiB
2026/08/03 11:08:48.386, 0, P0, 36, 254.12 W, 1965 MHz, 3996 MHz, 79 %, 161507 MiB
2026/08/03 11:08:48.386, 1, P0, 33, 249.70 W, 1965 MHz, 3996 MHz, 6 %, 161507 MiB
2026/08/03 11:08:48.386, 2, P0, 36, 236.16 W, 1965 MHz, 3996 MHz, 0 %, 0 MiB
2026/08/03 11:08:48.386, 3, P0, 33, 238.74 W, 1965 MHz, 3996 MHz, 0 %, 0 MiB
2026/08/03 11:08:48.386, 4, P0, 33, 235.90 W, 1965 MHz, 3996 MHz, 0 %, 0 MiB
2026/08/03 11:08:48.386, 5, P0, 36, 244.87 W, 1965 MHz, 3996 MHz, 0 %, 0 MiB
2026/08/03 11:08:48.386, 6, P0, 33, 242.37 W, 1965 MHz, 3996 MHz, 0 %, 0 MiB
2026/08/03 11:08:48.386, 7, P0, 37, 243.41 W, 1965 MHz, 3996 MHz, 0 %, 0 MiB
2026/08/03 11:08:49.387, 0, P0, 36, 255.13 W, 1965 MHz, 3996 MHz, 87 %, 161507 MiB
2026/08/03 11:08:49.387, 1, P0, 33, 249.30 W, 1965 MHz, 3996 MHz, 6 %, 161507 MiB
2026/08/03 11:08:49.387, 2, P0, 36, 236.11 W, 1965 MHz, 3996 MHz, 0 %, 0 MiB
2026/08/03 11:08:49.387, 3, P0, 32, 238.66 W, 1965 MHz, 3996 MHz, 0 %, 0 MiB
2026/08/03 11:08:49.387, 4, P0, 33, 235.90 W, 1965 MHz, 3996 MHz, 0 %, 0 MiB
2026/08/03 11:08:49.387, 5, P0, 36, 244.83 W, 1965 MHz, 3996 MHz, 0 %, 0 MiB
2026/08/03 11:08:49.387, 6, P0, 33, 242.39 W, 1965 MHz, 3996 MHz, 0 %, 0 MiB
2026/08/03 11:08:49.387, 7, P0, 37, 243.44 W, 1965 MHz, 3996 MHz, 0 %, 0 MiB
2026/08/03 11:08:50.387, 0, P0, 36, 254.31 W, 1965 MHz, 3996 MHz, 90 %, 161507 MiB
2026/08/03 11:08:50.387, 1, P0, 33, 249.63 W, 1965 MHz, 3996 MHz, 6 %, 161507 MiB
2026/08/03 11:08:50.387, 2, P0, 36, 236.20 W, 1965 MHz, 3996 MHz, 0 %, 0 MiB
2026/08/03 11:08:50.387, 3, P0, 32, 238.72 W, 1965 MHz, 3996 MHz, 0 %, 0 MiB
2026/08/03 11:08:50.387, 4, P0, 33, 235.89 W, 1965 MHz, 3996 MHz, 0 %, 0 MiB
2026/08/03 11:08:50.387, 5, P0, 36, 244.83 W, 1965 MHz, 3996 MHz, 0 %, 0 MiB
2026/08/03 11:08:50.387, 6, P0, 33, 242.48 W, 1965 MHz, 3996 MHz, 0 %, 0 MiB
2026/08/03 11:08:50.387, 7, P0, 37, 243.40 W, 1965 MHz, 3996 MHz, 0 %, 0 MiB
2026/08/03 11:08:51.387, 0, P0, 36, 254.39 W, 1965 MHz, 3996 MHz, 78 %, 161507 MiB
2026/08/03 11:08:51.387, 1, P0, 33, 249.41 W, 1965 MHz, 3996 MHz, 6 %, 161507 MiB
2026/08/03 11:08:51.387, 2, P0, 36, 236.19 W, 1965 MHz, 3996 MHz, 0 %, 0 MiB
2026/08/03 11:08:51.387, 3, P0, 32, 238.71 W, 1965 MHz, 3996 MHz, 0 %, 0 MiB
2026/08/03 11:08:51.387, 4, P0, 33, 235.90 W, 1965 MHz, 3996 MHz, 0 %, 0 MiB
2026/08/03 11:08:51.387, 5, P0, 36, 244.93 W, 1965 MHz, 3996 MHz, 0 %, 0 MiB
2026/08/03 11:08:51.387, 6, P0, 33, 242.41 W, 1965 MHz, 3996 MHz, 0 %, 0 MiB
2026/08/03 11:08:51.387, 7, P0, 37, 243.46 W, 1965 MHz, 3996 MHz, 0 %, 0 MiB
2026/08/03 11:08:52.387, 0, P0, 36, 255.65 W, 1965 MHz, 3996 MHz, 92 %, 161507 MiB
2026/08/03 11:08:52.387, 1, P0, 33, 249.49 W, 1965 MHz, 3996 MHz, 6 %, 161507 MiB
2026/08/03 11:08:52.387, 2, P0, 36, 236.24 W, 1965 MHz, 3996 MHz, 0 %, 0 MiB
2026/08/03 11:08:52.387, 3, P0, 33, 238.70 W, 1965 MHz, 3996 MHz, 0 %, 0 MiB
2026/08/03 11:08:52.387, 4, P0, 33, 235.89 W, 1965 MHz, 3996 MHz, 0 %, 0 MiB
2026/08/03 11:08:52.388, 5, P0, 36, 244.92 W, 1965 MHz, 3996 MHz, 0 %, 0 MiB
2026/08/03 11:08:52.388, 6, P0, 33, 242.52 W, 1965 MHz, 3996 MHz, 0 %, 0 MiB
2026/08/03 11:08:52.388, 7, P0, 37, 243.40 W, 1965 MHz, 3996 MHz, 0 %, 0 MiB
2026/08/03 11:08:53.388, 0, P0, 36, 255.94 W, 1965 MHz, 3996 MHz, 87 %, 161507 MiB
2026/08/03 11:08:53.388, 1, P0, 33, 249.87 W, 1965 MHz, 3996 MHz, 6 %, 161507 MiB
2026/08/03 11:08:53.388, 2, P0, 36, 236.23 W, 1965 MHz, 3996 MHz, 0 %, 0 MiB
2026/08/03 11:08:53.388, 3, P0, 32, 238.74 W, 1965 MHz, 3996 MHz, 0 %, 0 MiB
2026/08/03 11:08:53.388, 4, P0, 33, 235.90 W, 1965 MHz, 3996 MHz, 0 %, 0 MiB
2026/08/03 11:08:53.388, 5, P0, 36, 245.03 W, 1965 MHz, 3996 MHz, 0 %, 0 MiB
2026/08/03 11:08:53.388, 6, P0, 33, 242.48 W, 1965 MHz, 3996 MHz, 0 %, 0 MiB
2026/08/03 11:08:53.388, 7, P0, 37, 243.34 W, 1965 MHz, 3996 MHz, 0 %, 0 MiB
2026/08/03 11:08:54.388, 0, P0, 36, 255.52 W, 1965 MHz, 3996 MHz, 84 %, 161507 MiB
2026/08/03 11:08:54.388, 1, P0, 33, 249.68 W, 1965 MHz, 3996 MHz, 7 %, 161507 MiB
2026/08/03 11:08:54.388, 2, P0, 36, 236.19 W, 1965 MHz, 3996 MHz, 0 %, 0 MiB
2026/08/03 11:08:54.388, 3, P0, 32, 238.73 W, 1965 MHz, 3996 MHz, 0 %, 0 MiB
2026/08/03 11:08:54.388, 4, P0, 33, 235.88 W, 1965 MHz, 3996 MHz, 0 %, 0 MiB
2026/08/03 11:08:54.388, 5, P0, 36, 244.90 W, 1965 MHz, 3996 MHz, 0 %, 0 MiB
2026/08/03 11:08:54.388, 6, P0, 33, 242.43 W, 1965 MHz, 3996 MHz, 0 %, 0 MiB
2026/08/03 11:08:54.388, 7, P0, 37, 243.42 W, 1965 MHz, 3996 MHz, 0 %, 0 MiB
2026/08/03 11:08:55.388, 0, P0, 36, 254.91 W, 1965 MHz, 3996 MHz, 86 %, 161507 MiB
2026/08/03 11:08:55.388, 1, P0, 33, 249.54 W, 1965 MHz, 3996 MHz, 7 %, 161507 MiB
2026/08/03 11:08:55.388, 2, P0, 36, 236.17 W, 1965 MHz, 3996 MHz, 0 %, 0 MiB
2026/08/03 11:08:55.388, 3, P0, 32, 238.66 W, 1965 MHz, 3996 MHz, 0 %, 0 MiB
2026/08/03 11:08:55.388, 4, P0, 33, 235.88 W, 1965 MHz, 3996 MHz, 0 %, 0 MiB
2026/08/03 11:08:55.388, 5, P0, 36, 244.93 W, 1965 MHz, 3996 MHz, 0 %, 0 MiB
2026/08/03 11:08:55.388, 6, P0, 33, 242.51 W, 1965 MHz, 3996 MHz, 0 %, 0 MiB
2026/08/03 11:08:55.388, 7, P0, 37, 243.38 W, 1965 MHz, 3996 MHz, 0 %, 0 MiB
2026/08/03 11:08:56.388, 0, P0, 36, 254.65 W, 1965 MHz, 3996 MHz, 87 %, 161507 MiB
2026/08/03 11:08:56.389, 1, P0, 33, 249.96 W, 1965 MHz, 3996 MHz, 7 %, 161507 MiB
2026/08/03 11:08:56.389, 2, P0, 36, 236.15 W, 1965 MHz, 3996 MHz, 0 %, 0 MiB
2026/08/03 11:08:56.389, 3, P0, 32, 238.69 W, 1965 MHz, 3996 MHz, 0 %, 0 MiB
2026/08/03 11:08:56.389, 4, P0, 33, 235.89 W, 1965 MHz, 3996 MHz, 0 %, 0 MiB
2026/08/03 11:08:56.389, 5, P0, 36, 244.91 W, 1965 MHz, 3996 MHz, 0 %, 0 MiB
2026/08/03 11:08:56.389, 6, P0, 33, 242.45 W, 1965 MHz, 3996 MHz, 0 %, 0 MiB
2026/08/03 11:08:56.389, 7, P0, 37, 243.39 W, 1965 MHz, 3996 MHz, 0 %, 0 MiB
2026/08/03 11:08:57.389, 0, P0, 36, 254.86 W, 1965 MHz, 3996 MHz, 92 %, 161507 MiB
2026/08/03 11:08:57.389, 1, P0, 33, 249.25 W, 1965 MHz, 3996 MHz, 6 %, 161507 MiB
2026/08/03 11:08:57.389, 2, P0, 36, 236.20 W, 1965 MHz, 3996 MHz, 0 %, 0 MiB
2026/08/03 11:08:57.389, 3, P0, 32, 238.71 W, 1965 MHz, 3996 MHz, 0 %, 0 MiB
2026/08/03 11:08:57.389, 4, P0, 33, 235.89 W, 1965 MHz, 3996 MHz, 0 %, 0 MiB
2026/08/03 11:08:57.389, 5, P0, 36, 244.86 W, 1965 MHz, 3996 MHz, 0 %, 0 MiB
2026/08/03 11:08:57.389, 6, P0, 33, 242.48 W, 1965 MHz, 3996 MHz, 0 %, 0 MiB
2026/08/03 11:08:57.389, 7, P0, 37, 243.37 W, 1965 MHz, 3996 MHz, 0 %, 0 MiB
2026/08/03 11:08:58.389, 0, P0, 36, 255.00 W, 1965 MHz, 3996 MHz, 92 %, 161507 MiB
2026/08/03 11:08:58.389, 1, P0, 33, 249.00 W, 1965 MHz, 3996 MHz, 6 %, 161507 MiB
2026/08/03 11:08:58.389, 2, P0, 36, 236.16 W, 1965 MHz, 3996 MHz, 0 %, 0 MiB
2026/08/03 11:08:58.389, 3, P0, 32, 238.79 W, 1965 MHz, 3996 MHz, 0 %, 0 MiB
2026/08/03 11:08:58.389, 4, P0, 33, 235.89 W, 1965 MHz, 3996 MHz, 0 %, 0 MiB
2026/08/03 11:08:58.389, 5, P0, 36, 244.84 W, 1965 MHz, 3996 MHz, 0 %, 0 MiB
2026/08/03 11:08:58.389, 6, P0, 33, 242.48 W, 1965 MHz, 3996 MHz, 0 %, 0 MiB
2026/08/03 11:08:58.389, 7, P0, 37, 243.40 W, 1965 MHz, 3996 MHz, 0 %, 0 MiB
2026/08/03 11:08:59.389, 0, P0, 36, 255.17 W, 1965 MHz, 3996 MHz, 90 %, 161507 MiB
2026/08/03 11:08:59.389, 1, P0, 33, 248.46 W, 1965 MHz, 3996 MHz, 6 %, 161507 MiB
2026/08/03 11:08:59.389, 2, P0, 36, 236.24 W, 1965 MHz, 3996 MHz, 0 %, 0 MiB
2026/08/03 11:08:59.389, 3, P0, 32, 238.65 W, 1965 MHz, 3996 MHz, 0 %, 0 MiB
2026/08/03 11:08:59.389, 4, P0, 33, 235.88 W, 1965 MHz, 3996 MHz, 0 %, 0 MiB
2026/08/03 11:08:59.389, 5, P0, 36, 244.82 W, 1965 MHz, 3996 MHz, 0 %, 0 MiB
2026/08/03 11:08:59.389, 6, P0, 33, 242.52 W, 1965 MHz, 3996 MHz, 0 %, 0 MiB
2026/08/03 11:08:59.389, 7, P0, 37, 243.37 W, 1965 MHz, 3996 MHz, 0 %, 0 MiB
2026/08/03 11:09:00.389, 0, P0, 36, 254.96 W, 1965 MHz, 3996 MHz, 95 %, 161507 MiB
2026/08/03 11:09:00.390, 1, P0, 33, 249.85 W, 1965 MHz, 3996 MHz, 6 %, 161507 MiB
2026/08/03 11:09:00.390, 2, P0, 36, 236.21 W, 1965 MHz, 3996 MHz, 0 %, 0 MiB
2026/08/03 11:09:00.390, 3, P0, 32, 238.70 W, 1965 MHz, 3996 MHz, 0 %, 0 MiB
2026/08/03 11:09:00.390, 4, P0, 33, 235.89 W, 1965 MHz, 3996 MHz, 0 %, 0 MiB
2026/08/03 11:09:00.390, 5, P0, 36, 244.86 W, 1965 MHz, 3996 MHz, 0 %, 0 MiB
2026/08/03 11:09:00.390, 6, P0, 33, 242.46 W, 1965 MHz, 3996 MHz, 0 %, 0 MiB
2026/08/03 11:09:00.390, 7, P0, 37, 243.36 W, 1965 MHz, 3996 MHz, 0 %, 0 MiB
2026/08/03 11:09:01.390, 0, P0, 36, 255.37 W, 1965 MHz, 3996 MHz, 75 %, 161507 MiB
2026/08/03 11:09:01.390, 1, P0, 33, 249.80 W, 1965 MHz, 3996 MHz, 6 %, 161507 MiB
2026/08/03 11:09:01.390, 2, P0, 36, 236.18 W, 1965 MHz, 3996 MHz, 0 %, 0 MiB
2026/08/03 11:09:01.390, 3, P0, 32, 238.74 W, 1965 MHz, 3996 MHz, 0 %, 0 MiB
2026/08/03 11:09:01.390, 4, P0, 33, 235.88 W, 1965 MHz, 3996 MHz, 0 %, 0 MiB
2026/08/03 11:09:01.390, 5, P0, 36, 244.82 W, 1965 MHz, 3996 MHz, 0 %, 0 MiB
2026/08/03 11:09:01.390, 6, P0, 33, 242.47 W, 1965 MHz, 3996 MHz, 0 %, 0 MiB
2026/08/03 11:09:01.390, 7, P0, 37, 243.38 W, 1965 MHz, 3996 MHz, 0 %, 0 MiB
2026/08/03 11:09:02.390, 0, P0, 36, 255.42 W, 1965 MHz, 3996 MHz, 85 %, 161507 MiB
2026/08/03 11:09:02.390, 1, P0, 33, 250.07 W, 1965 MHz, 3996 MHz, 7 %, 161507 MiB
2026/08/03 11:09:02.390, 2, P0, 36, 236.33 W, 1965 MHz, 3996 MHz, 0 %, 0 MiB
2026/08/03 11:09:02.390, 3, P0, 33, 238.74 W, 1965 MHz, 3996 MHz, 0 %, 0 MiB
2026/08/03 11:09:02.390, 4, P0, 33, 235.88 W, 1965 MHz, 3996 MHz, 0 %, 0 MiB
2026/08/03 11:09:02.390, 5, P0, 36, 244.88 W, 1965 MHz, 3996 MHz, 0 %, 0 MiB
2026/08/03 11:09:02.390, 6, P0, 33, 242.51 W, 1965 MHz, 3996 MHz, 0 %, 0 MiB
2026/08/03 11:09:02.390, 7, P0, 37, 243.35 W, 1965 MHz, 3996 MHz, 0 %, 0 MiB
2026/08/03 11:09:03.390, 0, P0, 36, 255.12 W, 1965 MHz, 3996 MHz, 83 %, 161507 MiB
2026/08/03 11:09:03.390, 1, P0, 33, 249.03 W, 1965 MHz, 3996 MHz, 7 %, 161507 MiB
2026/08/03 11:09:03.390, 2, P0, 36, 236.24 W, 1965 MHz, 3996 MHz, 0 %, 0 MiB
2026/08/03 11:09:03.390, 3, P0, 32, 238.75 W, 1965 MHz, 3996 MHz, 0 %, 0 MiB
2026/08/03 11:09:03.390, 4, P0, 33, 235.90 W, 1965 MHz, 3996 MHz, 0 %, 0 MiB
2026/08/03 11:09:03.390, 5, P0, 36, 244.81 W, 1965 MHz, 3996 MHz, 0 %, 0 MiB
2026/08/03 11:09:03.391, 6, P0, 33, 242.51 W, 1965 MHz, 3996 MHz, 0 %, 0 MiB
2026/08/03 11:09:03.391, 7, P0, 37, 243.38 W, 1965 MHz, 3996 MHz, 0 %, 0 MiB
2026/08/03 11:09:04.391, 0, P0, 36, 254.78 W, 1965 MHz, 3996 MHz, 84 %, 161507 MiB
2026/08/03 11:09:04.391, 1, P0, 33, 250.18 W, 1965 MHz, 3996 MHz, 7 %, 161507 MiB
2026/08/03 11:09:04.391, 2, P0, 36, 236.22 W, 1965 MHz, 3996 MHz, 0 %, 0 MiB
2026/08/03 11:09:04.391, 3, P0, 32, 238.85 W, 1965 MHz, 3996 MHz, 0 %, 0 MiB
2026/08/03 11:09:04.391, 4, P0, 33, 235.89 W, 1965 MHz, 3996 MHz, 0 %, 0 MiB
2026/08/03 11:09:04.391, 5, P0, 36, 244.80 W, 1965 MHz, 3996 MHz, 0 %, 0 MiB
2026/08/03 11:09:04.391, 6, P0, 33, 242.44 W, 1965 MHz, 3996 MHz, 0 %, 0 MiB
2026/08/03 11:09:04.391, 7, P0, 37, 243.37 W, 1965 MHz, 3996 MHz, 0 %, 0 MiB
2026/08/03 11:09:05.391, 0, P0, 36, 254.81 W, 1965 MHz, 3996 MHz, 83 %, 161507 MiB
2026/08/03 11:09:05.391, 1, P0, 33, 249.50 W, 1965 MHz, 3996 MHz, 7 %, 161507 MiB
2026/08/03 11:09:05.391, 2, P0, 36, 236.12 W, 1965 MHz, 3996 MHz, 0 %, 0 MiB
2026/08/03 11:09:05.391, 3, P0, 32, 238.71 W, 1965 MHz, 3996 MHz, 0 %, 0 MiB
2026/08/03 11:09:05.391, 4, P0, 33, 235.85 W, 1965 MHz, 3996 MHz, 0 %, 0 MiB
2026/08/03 11:09:05.391, 5, P0, 36, 244.90 W, 1965 MHz, 3996 MHz, 0 %, 0 MiB
2026/08/03 11:09:05.391, 6, P0, 33, 242.46 W, 1965 MHz, 3996 MHz, 0 %, 0 MiB
2026/08/03 11:09:05.391, 7, P0, 37, 243.38 W, 1965 MHz, 3996 MHz, 0 %, 0 MiB
2026/08/03 11:09:06.391, 0, P0, 36, 254.52 W, 1965 MHz, 3996 MHz, 84 %, 161507 MiB
2026/08/03 11:09:06.391, 1, P0, 33, 249.79 W, 1965 MHz, 3996 MHz, 7 %, 161507 MiB
2026/08/03 11:09:06.391, 2, P0, 36, 236.14 W, 1965 MHz, 3996 MHz, 0 %, 0 MiB
2026/08/03 11:09:06.391, 3, P0, 32, 238.67 W, 1965 MHz, 3996 MHz, 0 %, 0 MiB
2026/08/03 11:09:06.391, 4, P0, 33, 235.84 W, 1965 MHz, 3996 MHz, 0 %, 0 MiB
2026/08/03 11:09:06.391, 5, P0, 36, 244.74 W, 1965 MHz, 3996 MHz, 0 %, 0 MiB
2026/08/03 11:09:06.391, 6, P0, 33, 242.48 W, 1965 MHz, 3996 MHz, 0 %, 0 MiB
2026/08/03 11:09:06.391, 7, P0, 37, 243.39 W, 1965 MHz, 3996 MHz, 0 %, 0 MiB
2026/08/03 11:09:07.391, 0, P0, 36, 255.56 W, 1965 MHz, 3996 MHz, 85 %, 161507 MiB
2026/08/03 11:09:07.392, 1, P0, 33, 250.92 W, 1965 MHz, 3996 MHz, 7 %, 161507 MiB
2026/08/03 11:09:07.392, 2, P0, 36, 236.24 W, 1965 MHz, 3996 MHz, 0 %, 0 MiB
2026/08/03 11:09:07.392, 3, P0, 33, 238.76 W, 1965 MHz, 3996 MHz, 0 %, 0 MiB
2026/08/03 11:09:07.392, 4, P0, 33, 235.86 W, 1965 MHz, 3996 MHz, 0 %, 0 MiB
2026/08/03 11:09:07.392, 5, P0, 36, 244.78 W, 1965 MHz, 3996 MHz, 0 %, 0 MiB
2026/08/03 11:09:07.392, 6, P0, 33, 242.46 W, 1965 MHz, 3996 MHz, 0 %, 0 MiB
2026/08/03 11:09:07.392, 7, P0, 37, 243.46 W, 1965 MHz, 3996 MHz, 0 %, 0 MiB
2026/08/03 11:09:08.392, 0, P0, 36, 254.90 W, 1965 MHz, 3996 MHz, 88 %, 161507 MiB
2026/08/03 11:09:08.392, 1, P0, 33, 249.49 W, 1965 MHz, 3996 MHz, 7 %, 161507 MiB
2026/08/03 11:09:08.392, 2, P0, 36, 236.21 W, 1965 MHz, 3996 MHz, 0 %, 0 MiB
2026/08/03 11:09:08.392, 3, P0, 33, 238.73 W, 1965 MHz, 3996 MHz, 0 %, 0 MiB
2026/08/03 11:09:08.392, 4, P0, 33, 235.90 W, 1965 MHz, 3996 MHz, 0 %, 0 MiB
2026/08/03 11:09:08.392, 5, P0, 36, 244.78 W, 1965 MHz, 3996 MHz, 0 %, 0 MiB
2026/08/03 11:09:08.392, 6, P0, 33, 242.42 W, 1965 MHz, 3996 MHz, 0 %, 0 MiB
2026/08/03 11:09:08.392, 7, P0, 37, 243.38 W, 1965 MHz, 3996 MHz, 0 %, 0 MiB
2026/08/03 11:09:09.392, 0, P0, 36, 254.64 W, 1965 MHz, 3996 MHz, 85 %, 161507 MiB
2026/08/03 11:09:09.392, 1, P0, 33, 250.14 W, 1965 MHz, 3996 MHz, 6 %, 161507 MiB
2026/08/03 11:09:09.392, 2, P0, 36, 236.20 W, 1965 MHz, 3996 MHz, 0 %, 0 MiB
2026/08/03 11:09:09.392, 3, P0, 32, 238.73 W, 1965 MHz, 3996 MHz, 0 %, 0 MiB
2026/08/03 11:09:09.392, 4, P0, 33, 235.86 W, 1965 MHz, 3996 MHz, 0 %, 0 MiB
2026/08/03 11:09:09.392, 5, P0, 36, 244.90 W, 1965 MHz, 3996 MHz, 0 %, 0 MiB
2026/08/03 11:09:09.392, 6, P0, 33, 242.40 W, 1965 MHz, 3996 MHz, 0 %, 0 MiB
2026/08/03 11:09:09.392, 7, P0, 37, 243.36 W, 1965 MHz, 3996 MHz, 0 %, 0 MiB
2026/08/03 11:09:10.392, 0, P0, 36, 286.05 W, 1965 MHz, 3996 MHz, 94 %, 161509 MiB
2026/08/03 11:09:10.392, 1, P0, 33, 255.81 W, 1965 MHz, 3996 MHz, 7 %, 161509 MiB
2026/08/03 11:09:10.393, 2, P0, 36, 236.28 W, 1965 MHz, 3996 MHz, 0 %, 0 MiB
2026/08/03 11:09:10.393, 3, P0, 33, 238.72 W, 1965 MHz, 3996 MHz, 0 %, 0 MiB
2026/08/03 11:09:10.393, 4, P0, 33, 235.89 W, 1965 MHz, 3996 MHz, 0 %, 0 MiB
2026/08/03 11:09:10.393, 5, P0, 36, 244.94 W, 1965 MHz, 3996 MHz, 0 %, 0 MiB
2026/08/03 11:09:10.393, 6, P0, 33, 242.48 W, 1965 MHz, 3996 MHz, 0 %, 0 MiB
2026/08/03 11:09:10.393, 7, P0, 37, 243.37 W, 1965 MHz, 3996 MHz, 0 %, 0 MiB
2026/08/03 11:09:11.393, 0, P0, 36, 262.26 W, 1965 MHz, 3996 MHz, 88 %, 161509 MiB
2026/08/03 11:09:11.393, 1, P0, 33, 255.04 W, 1965 MHz, 3996 MHz, 7 %, 161509 MiB
2026/08/03 11:09:11.393, 2, P0, 36, 236.20 W, 1965 MHz, 3996 MHz, 0 %, 0 MiB
2026/08/03 11:09:11.393, 3, P0, 33, 238.76 W, 1965 MHz, 3996 MHz, 0 %, 0 MiB
2026/08/03 11:09:11.393, 4, P0, 33, 235.89 W, 1965 MHz, 3996 MHz, 0 %, 0 MiB
2026/08/03 11:09:11.393, 5, P0, 36, 244.95 W, 1965 MHz, 3996 MHz, 0 %, 0 MiB
2026/08/03 11:09:11.393, 6, P0, 33, 242.43 W, 1965 MHz, 3996 MHz, 0 %, 0 MiB
2026/08/03 11:09:11.393, 7, P0, 37, 243.38 W, 1965 MHz, 3996 MHz, 0 %, 0 MiB
2026/08/03 11:09:12.393, 0, P0, 36, 286.52 W, 1965 MHz, 3996 MHz, 84 %, 161509 MiB
2026/08/03 11:09:12.393, 1, P0, 33, 258.58 W, 1965 MHz, 3996 MHz, 7 %, 161509 MiB
2026/08/03 11:09:12.393, 2, P0, 36, 236.34 W, 1965 MHz, 3996 MHz, 0 %, 0 MiB
2026/08/03 11:09:12.393, 3, P0, 33, 238.70 W, 1965 MHz, 3996 MHz, 0 %, 0 MiB
2026/08/03 11:09:12.393, 4, P0, 33, 235.89 W, 1965 MHz, 3996 MHz, 0 %, 0 MiB
2026/08/03 11:09:12.393, 5, P0, 36, 244.92 W, 1965 MHz, 3996 MHz, 0 %, 0 MiB
2026/08/03 11:09:12.393, 6, P0, 33, 242.42 W, 1965 MHz, 3996 MHz, 0 %, 0 MiB
2026/08/03 11:09:12.393, 7, P0, 37, 243.32 W, 1965 MHz, 3996 MHz, 0 %, 0 MiB
2026/08/03 11:09:13.393, 0, P0, 36, 259.91 W, 1965 MHz, 3996 MHz, 84 %, 161509 MiB
2026/08/03 11:09:13.393, 1, P0, 33, 253.26 W, 1965 MHz, 3996 MHz, 17 %, 161509 MiB
2026/08/03 11:09:13.393, 2, P0, 36, 236.28 W, 1965 MHz, 3996 MHz, 0 %, 0 MiB
2026/08/03 11:09:13.393, 3, P0, 33, 238.77 W, 1965 MHz, 3996 MHz, 0 %, 0 MiB
2026/08/03 11:09:13.393, 4, P0, 33, 235.88 W, 1965 MHz, 3996 MHz, 0 %, 0 MiB
2026/08/03 11:09:13.393, 5, P0, 36, 244.97 W, 1965 MHz, 3996 MHz, 0 %, 0 MiB
2026/08/03 11:09:13.393, 6, P0, 33, 242.58 W, 1965 MHz, 3996 MHz, 0 %, 0 MiB
2026/08/03 11:09:13.393, 7, P0, 37, 243.32 W, 1965 MHz, 3996 MHz, 0 %, 0 MiB
2026/08/03 11:09:14.394, 0, P0, 37, 283.22 W, 1965 MHz, 3996 MHz, 84 %, 161509 MiB
2026/08/03 11:09:14.394, 1, P0, 33, 257.09 W, 1965 MHz, 3996 MHz, 7 %, 161509 MiB
2026/08/03 11:09:14.394, 2, P0, 36, 236.24 W, 1965 MHz, 3996 MHz, 0 %, 0 MiB
2026/08/03 11:09:14.394, 3, P0, 33, 238.70 W, 1965 MHz, 3996 MHz, 0 %, 0 MiB
2026/08/03 11:09:14.394, 4, P0, 33, 235.91 W, 1965 MHz, 3996 MHz, 0 %, 0 MiB
2026/08/03 11:09:14.394, 5, P0, 36, 244.87 W, 1965 MHz, 3996 MHz, 0 %, 0 MiB
2026/08/03 11:09:14.394, 6, P0, 33, 242.41 W, 1965 MHz, 3996 MHz, 0 %, 0 MiB
2026/08/03 11:09:14.394, 7, P0, 37, 243.38 W, 1965 MHz, 3996 MHz, 0 %, 0 MiB
2026/08/03 11:09:15.394, 0, P0, 36, 260.90 W, 1965 MHz, 3996 MHz, 72 %, 161509 MiB
2026/08/03 11:09:15.394, 1, P0, 33, 252.18 W, 1965 MHz, 3996 MHz, 7 %, 161509 MiB
2026/08/03 11:09:15.394, 2, P0, 36, 236.15 W, 1965 MHz, 3996 MHz, 0 %, 0 MiB
2026/08/03 11:09:15.394, 3, P0, 33, 238.79 W, 1965 MHz, 3996 MHz, 0 %, 0 MiB
2026/08/03 11:09:15.394, 4, P0, 33, 235.91 W, 1965 MHz, 3996 MHz, 0 %, 0 MiB
2026/08/03 11:09:15.394, 5, P0, 36, 244.99 W, 1965 MHz, 3996 MHz, 0 %, 0 MiB
2026/08/03 11:09:15.394, 6, P0, 33, 242.41 W, 1965 MHz, 3996 MHz, 0 %, 0 MiB
2026/08/03 11:09:15.394, 7, P0, 37, 243.41 W, 1965 MHz, 3996 MHz, 0 %, 0 MiB
2026/08/03 11:09:16.394, 0, P0, 37, 289.10 W, 1965 MHz, 3996 MHz, 92 %, 161509 MiB
2026/08/03 11:09:16.394, 1, P0, 34, 257.11 W, 1965 MHz, 3996 MHz, 6 %, 161509 MiB
2026/08/03 11:09:16.394, 2, P0, 36, 236.24 W, 1965 MHz, 3996 MHz, 0 %, 0 MiB
2026/08/03 11:09:16.394, 3, P0, 33, 238.67 W, 1965 MHz, 3996 MHz, 0 %, 0 MiB
2026/08/03 11:09:16.394, 4, P0, 33, 235.91 W, 1965 MHz, 3996 MHz, 0 %, 0 MiB
2026/08/03 11:09:16.394, 5, P0, 36, 244.85 W, 1965 MHz, 3996 MHz, 0 %, 0 MiB
2026/08/03 11:09:16.394, 6, P0, 33, 242.44 W, 1965 MHz, 3996 MHz, 0 %, 0 MiB
2026/08/03 11:09:16.394, 7, P0, 37, 243.34 W, 1965 MHz, 3996 MHz, 0 %, 0 MiB
2026/08/03 11:09:17.394, 0, P0, 36, 260.97 W, 1965 MHz, 3996 MHz, 83 %, 161509 MiB
2026/08/03 11:09:17.394, 1, P0, 33, 253.70 W, 1965 MHz, 3996 MHz, 7 %, 161509 MiB
2026/08/03 11:09:17.395, 2, P0, 36, 236.19 W, 1965 MHz, 3996 MHz, 0 %, 0 MiB
2026/08/03 11:09:17.395, 3, P0, 33, 238.65 W, 1965 MHz, 3996 MHz, 0 %, 0 MiB
2026/08/03 11:09:17.395, 4, P0, 33, 235.89 W, 1965 MHz, 3996 MHz, 0 %, 0 MiB
2026/08/03 11:09:17.395, 5, P0, 36, 244.85 W, 1965 MHz, 3996 MHz, 0 %, 0 MiB
2026/08/03 11:09:17.395, 6, P0, 33, 242.40 W, 1965 MHz, 3996 MHz, 0 %, 0 MiB
2026/08/03 11:09:17.395, 7, P0, 37, 243.37 W, 1965 MHz, 3996 MHz, 0 %, 0 MiB
2026/08/03 11:09:18.395, 0, P0, 36, 263.56 W, 1965 MHz, 3996 MHz, 91 %, 161509 MiB
2026/08/03 11:09:18.395, 1, P0, 34, 252.97 W, 1965 MHz, 3996 MHz, 7 %, 161509 MiB
2026/08/03 11:09:18.395, 2, P0, 36, 236.32 W, 1965 MHz, 3996 MHz, 0 %, 0 MiB
2026/08/03 11:09:18.395, 3, P0, 33, 238.70 W, 1965 MHz, 3996 MHz, 0 %, 0 MiB
2026/08/03 11:09:18.395, 4, P0, 33, 235.85 W, 1965 MHz, 3996 MHz, 0 %, 0 MiB
2026/08/03 11:09:18.395, 5, P0, 36, 244.87 W, 1965 MHz, 3996 MHz, 0 %, 0 MiB
2026/08/03 11:09:18.395, 6, P0, 33, 242.54 W, 1965 MHz, 3996 MHz, 0 %, 0 MiB
2026/08/03 11:09:18.395, 7, P0, 37, 243.43 W, 1965 MHz, 3996 MHz, 0 %, 0 MiB
2026/08/03 11:09:19.395, 0, P0, 36, 260.27 W, 1965 MHz, 3996 MHz, 89 %, 161509 MiB
2026/08/03 11:09:19.395, 1, P0, 34, 254.23 W, 1965 MHz, 3996 MHz, 7 %, 161509 MiB
2026/08/03 11:09:19.395, 2, P0, 36, 236.15 W, 1965 MHz, 3996 MHz, 0 %, 0 MiB
2026/08/03 11:09:19.395, 3, P0, 33, 238.68 W, 1965 MHz, 3996 MHz, 0 %, 0 MiB
2026/08/03 11:09:19.395, 4, P0, 33, 235.89 W, 1965 MHz, 3996 MHz, 0 %, 0 MiB
2026/08/03 11:09:19.395, 5, P0, 36, 244.91 W, 1965 MHz, 3996 MHz, 0 %, 0 MiB
2026/08/03 11:09:19.395, 6, P0, 33, 242.46 W, 1965 MHz, 3996 MHz, 0 %, 0 MiB
2026/08/03 11:09:19.395, 7, P0, 37, 243.42 W, 1965 MHz, 3996 MHz, 0 %, 0 MiB
2026/08/03 11:09:20.395, 0, P0, 36, 260.89 W, 1965 MHz, 3996 MHz, 88 %, 161509 MiB
2026/08/03 11:09:20.395, 1, P0, 33, 254.33 W, 1965 MHz, 3996 MHz, 7 %, 161509 MiB
2026/08/03 11:09:20.395, 2, P0, 36, 236.22 W, 1965 MHz, 3996 MHz, 0 %, 0 MiB
2026/08/03 11:09:20.395, 3, P0, 33, 238.85 W, 1965 MHz, 3996 MHz, 0 %, 0 MiB
2026/08/03 11:09:20.395, 4, P0, 33, 235.86 W, 1965 MHz, 3996 MHz, 0 %, 0 MiB
2026/08/03 11:09:20.395, 5, P0, 36, 244.91 W, 1965 MHz, 3996 MHz, 0 %, 0 MiB
2026/08/03 11:09:20.395, 6, P0, 33, 242.47 W, 1965 MHz, 3996 MHz, 0 %, 0 MiB
2026/08/03 11:09:20.395, 7, P0, 37, 243.51 W, 1965 MHz, 3996 MHz, 0 %, 0 MiB
2026/08/03 11:09:21.396, 0, P0, 36, 261.68 W, 1965 MHz, 3996 MHz, 87 %, 161509 MiB
2026/08/03 11:09:21.396, 1, P0, 34, 255.55 W, 1965 MHz, 3996 MHz, 7 %, 161509 MiB
2026/08/03 11:09:21.396, 2, P0, 36, 236.21 W, 1965 MHz, 3996 MHz, 0 %, 0 MiB
2026/08/03 11:09:21.396, 3, P0, 33, 238.71 W, 1965 MHz, 3996 MHz, 0 %, 0 MiB
2026/08/03 11:09:21.396, 4, P0, 33, 235.88 W, 1965 MHz, 3996 MHz, 0 %, 0 MiB
2026/08/03 11:09:21.396, 5, P0, 36, 244.83 W, 1965 MHz, 3996 MHz, 0 %, 0 MiB
2026/08/03 11:09:21.396, 6, P0, 33, 242.46 W, 1965 MHz, 3996 MHz, 0 %, 0 MiB
2026/08/03 11:09:21.396, 7, P0, 37, 243.42 W, 1965 MHz, 3996 MHz, 0 %, 0 MiB
2026/08/03 11:09:22.396, 0, P0, 36, 260.77 W, 1965 MHz, 3996 MHz, 87 %, 161509 MiB
2026/08/03 11:09:22.396, 1, P0, 33, 253.78 W, 1965 MHz, 3996 MHz, 7 %, 161509 MiB
2026/08/03 11:09:22.396, 2, P0, 36, 236.18 W, 1965 MHz, 3996 MHz, 0 %, 0 MiB
2026/08/03 11:09:22.396, 3, P0, 33, 238.80 W, 1965 MHz, 3996 MHz, 0 %, 0 MiB
2026/08/03 11:09:22.396, 4, P0, 33, 235.89 W, 1965 MHz, 3996 MHz, 0 %, 0 MiB
2026/08/03 11:09:22.396, 5, P0, 36, 244.93 W, 1965 MHz, 3996 MHz, 0 %, 0 MiB
2026/08/03 11:09:22.396, 6, P0, 33, 242.47 W, 1965 MHz, 3996 MHz, 0 %, 0 MiB
2026/08/03 11:09:22.396, 7, P0, 37, 243.46 W, 1965 MHz, 3996 MHz, 0 %, 0 MiB
2026/08/03 11:09:23.396, 0, P0, 36, 262.00 W, 1965 MHz, 3996 MHz, 89 %, 161509 MiB
2026/08/03 11:09:23.396, 1, P0, 34, 254.34 W, 1965 MHz, 3996 MHz, 7 %, 161509 MiB
2026/08/03 11:09:23.396, 2, P0, 36, 236.20 W, 1965 MHz, 3996 MHz, 0 %, 0 MiB
2026/08/03 11:09:23.396, 3, P0, 33, 238.77 W, 1965 MHz, 3996 MHz, 0 %, 0 MiB
2026/08/03 11:09:23.396, 4, P0, 33, 235.88 W, 1965 MHz, 3996 MHz, 0 %, 0 MiB
2026/08/03 11:09:23.396, 5, P0, 36, 244.85 W, 1965 MHz, 3996 MHz, 0 %, 0 MiB
2026/08/03 11:09:23.396, 6, P0, 33, 242.45 W, 1965 MHz, 3996 MHz, 0 %, 0 MiB
2026/08/03 11:09:23.396, 7, P0, 37, 243.42 W, 1965 MHz, 3996 MHz, 0 %, 0 MiB
2026/08/03 11:09:24.396, 0, P0, 36, 258.98 W, 1965 MHz, 3996 MHz, 87 %, 161509 MiB
2026/08/03 11:09:24.396, 1, P0, 34, 254.82 W, 1965 MHz, 3996 MHz, 7 %, 161509 MiB
2026/08/03 11:09:24.396, 2, P0, 36, 236.25 W, 1965 MHz, 3996 MHz, 0 %, 0 MiB
2026/08/03 11:09:24.396, 3, P0, 33, 238.77 W, 1965 MHz, 3996 MHz, 0 %, 0 MiB
2026/08/03 11:09:24.396, 4, P0, 33, 235.90 W, 1965 MHz, 3996 MHz, 0 %, 0 MiB
2026/08/03 11:09:24.396, 5, P0, 36, 244.87 W, 1965 MHz, 3996 MHz, 0 %, 0 MiB
2026/08/03 11:09:24.396, 6, P0, 33, 242.45 W, 1965 MHz, 3996 MHz, 0 %, 0 MiB
2026/08/03 11:09:24.397, 7, P0, 37, 243.35 W, 1965 MHz, 3996 MHz, 0 %, 0 MiB
2026/08/03 11:09:25.397, 0, P0, 36, 282.11 W, 1965 MHz, 3996 MHz, 87 %, 161509 MiB
2026/08/03 11:09:25.397, 1, P0, 34, 256.36 W, 1965 MHz, 3996 MHz, 7 %, 161509 MiB
2026/08/03 11:09:25.397, 2, P0, 36, 236.24 W, 1965 MHz, 3996 MHz, 0 %, 0 MiB
2026/08/03 11:09:25.397, 3, P0, 33, 238.80 W, 1965 MHz, 3996 MHz, 0 %, 0 MiB
2026/08/03 11:09:25.397, 4, P0, 33, 235.86 W, 1965 MHz, 3996 MHz, 0 %, 0 MiB
2026/08/03 11:09:25.397, 5, P0, 36, 244.93 W, 1965 MHz, 3996 MHz, 0 %, 0 MiB
2026/08/03 11:09:25.397, 6, P0, 33, 242.48 W, 1965 MHz, 3996 MHz, 0 %, 0 MiB
2026/08/03 11:09:25.397, 7, P0, 37, 243.35 W, 1965 MHz, 3996 MHz, 0 %, 0 MiB
2026/08/03 11:09:26.397, 0, P0, 36, 260.04 W, 1965 MHz, 3996 MHz, 86 %, 161509 MiB
2026/08/03 11:09:26.397, 1, P0, 34, 253.56 W, 1965 MHz, 3996 MHz, 7 %, 161509 MiB
2026/08/03 11:09:26.397, 2, P0, 36, 236.19 W, 1965 MHz, 3996 MHz, 0 %, 0 MiB
2026/08/03 11:09:26.397, 3, P0, 33, 238.79 W, 1965 MHz, 3996 MHz, 0 %, 0 MiB
2026/08/03 11:09:26.397, 4, P0, 33, 235.93 W, 1965 MHz, 3996 MHz, 0 %, 0 MiB
2026/08/03 11:09:26.397, 5, P0, 36, 244.97 W, 1965 MHz, 3996 MHz, 0 %, 0 MiB
2026/08/03 11:09:26.397, 6, P0, 33, 242.53 W, 1965 MHz, 3996 MHz, 0 %, 0 MiB
2026/08/03 11:09:26.397, 7, P0, 37, 243.36 W, 1965 MHz, 3996 MHz, 0 %, 0 MiB
2026/08/03 11:09:27.397, 0, P0, 36, 287.64 W, 1965 MHz, 3996 MHz, 76 %, 161509 MiB
2026/08/03 11:09:27.397, 1, P0, 34, 256.69 W, 1965 MHz, 3996 MHz, 7 %, 161509 MiB
2026/08/03 11:09:27.397, 2, P0, 36, 236.22 W, 1965 MHz, 3996 MHz, 0 %, 0 MiB
2026/08/03 11:09:27.397, 3, P0, 33, 238.69 W, 1965 MHz, 3996 MHz, 0 %, 0 MiB
2026/08/03 11:09:27.397, 4, P0, 33, 235.90 W, 1965 MHz, 3996 MHz, 0 %, 0 MiB
2026/08/03 11:09:27.397, 5, P0, 36, 244.93 W, 1965 MHz, 3996 MHz, 0 %, 0 MiB
2026/08/03 11:09:27.397, 6, P0, 33, 242.47 W, 1965 MHz, 3996 MHz, 0 %, 0 MiB
2026/08/03 11:09:27.397, 7, P0, 37, 243.34 W, 1965 MHz, 3996 MHz, 0 %, 0 MiB
2026/08/03 11:09:28.397, 0, P0, 36, 260.03 W, 1965 MHz, 3996 MHz, 80 %, 161509 MiB
2026/08/03 11:09:28.397, 1, P0, 34, 254.75 W, 1965 MHz, 3996 MHz, 7 %, 161509 MiB
2026/08/03 11:09:28.397, 2, P0, 36, 236.15 W, 1965 MHz, 3996 MHz, 0 %, 0 MiB
2026/08/03 11:09:28.397, 3, P0, 33, 238.79 W, 1965 MHz, 3996 MHz, 0 %, 0 MiB
2026/08/03 11:09:28.397, 4, P0, 33, 235.86 W, 1965 MHz, 3996 MHz, 0 %, 0 MiB
2026/08/03 11:09:28.398, 5, P0, 36, 244.99 W, 1965 MHz, 3996 MHz, 0 %, 0 MiB
2026/08/03 11:09:28.398, 6, P0, 33, 242.46 W, 1965 MHz, 3996 MHz, 0 %, 0 MiB
2026/08/03 11:09:28.398, 7, P0, 37, 243.39 W, 1965 MHz, 3996 MHz, 0 %, 0 MiB
2026/08/03 11:09:29.398, 0, P0, 36, 261.61 W, 1965 MHz, 3996 MHz, 83 %, 161509 MiB
2026/08/03 11:09:29.398, 1, P0, 34, 254.33 W, 1965 MHz, 3996 MHz, 7 %, 161509 MiB
2026/08/03 11:09:29.398, 2, P0, 36, 236.24 W, 1965 MHz, 3996 MHz, 0 %, 0 MiB
2026/08/03 11:09:29.398, 3, P0, 33, 238.79 W, 1965 MHz, 3996 MHz, 0 %, 0 MiB
2026/08/03 11:09:29.398, 4, P0, 33, 235.86 W, 1965 MHz, 3996 MHz, 0 %, 0 MiB
2026/08/03 11:09:29.398, 5, P0, 36, 244.90 W, 1965 MHz, 3996 MHz, 0 %, 0 MiB
2026/08/03 11:09:29.398, 6, P0, 33, 242.43 W, 1965 MHz, 3996 MHz, 0 %, 0 MiB
2026/08/03 11:09:29.398, 7, P0, 37, 243.40 W, 1965 MHz, 3996 MHz, 0 %, 0 MiB
2026/08/03 11:09:30.398, 0, P0, 36, 261.29 W, 1965 MHz, 3996 MHz, 76 %, 161509 MiB
2026/08/03 11:09:30.398, 1, P0, 34, 253.33 W, 1965 MHz, 3996 MHz, 7 %, 161509 MiB
2026/08/03 11:09:30.398, 2, P0, 36, 236.18 W, 1965 MHz, 3996 MHz, 0 %, 0 MiB
2026/08/03 11:09:30.398, 3, P0, 33, 238.72 W, 1965 MHz, 3996 MHz, 0 %, 0 MiB
2026/08/03 11:09:30.398, 4, P0, 33, 235.89 W, 1965 MHz, 3996 MHz, 0 %, 0 MiB
2026/08/03 11:09:30.398, 5, P0, 36, 244.86 W, 1965 MHz, 3996 MHz, 0 %, 0 MiB
2026/08/03 11:09:30.398, 6, P0, 33, 242.43 W, 1965 MHz, 3996 MHz, 0 %, 0 MiB
2026/08/03 11:09:30.398, 7, P0, 37, 243.48 W, 1965 MHz, 3996 MHz, 0 %, 0 MiB
2026/08/03 11:09:31.398, 0, P0, 36, 261.80 W, 1965 MHz, 3996 MHz, 83 %, 161509 MiB
2026/08/03 11:09:31.398, 1, P0, 34, 253.93 W, 1965 MHz, 3996 MHz, 7 %, 161509 MiB
2026/08/03 11:09:31.398, 2, P0, 36, 236.24 W, 1965 MHz, 3996 MHz, 0 %, 0 MiB
2026/08/03 11:09:31.398, 3, P0, 33, 238.65 W, 1965 MHz, 3996 MHz, 0 %, 0 MiB
2026/08/03 11:09:31.398, 4, P0, 33, 235.86 W, 1965 MHz, 3996 MHz, 0 %, 0 MiB
2026/08/03 11:09:31.398, 5, P0, 36, 244.89 W, 1965 MHz, 3996 MHz, 0 %, 0 MiB
2026/08/03 11:09:31.398, 6, P0, 33, 242.41 W, 1965 MHz, 3996 MHz, 0 %, 0 MiB
2026/08/03 11:09:31.398, 7, P0, 37, 243.41 W, 1965 MHz, 3996 MHz, 0 %, 0 MiB
2026/08/03 11:09:32.398, 0, P0, 36, 260.39 W, 1965 MHz, 3996 MHz, 86 %, 161509 MiB
2026/08/03 11:09:32.398, 1, P0, 34, 254.37 W, 1965 MHz, 3996 MHz, 7 %, 161509 MiB
2026/08/03 11:09:32.399, 2, P0, 36, 236.28 W, 1965 MHz, 3996 MHz, 0 %, 0 MiB
2026/08/03 11:09:32.399, 3, P0, 33, 238.74 W, 1965 MHz, 3996 MHz, 0 %, 0 MiB
2026/08/03 11:09:32.399, 4, P0, 33, 235.88 W, 1965 MHz, 3996 MHz, 0 %, 0 MiB
2026/08/03 11:09:32.399, 5, P0, 36, 244.90 W, 1965 MHz, 3996 MHz, 0 %, 0 MiB
2026/08/03 11:09:32.399, 6, P0, 33, 242.38 W, 1965 MHz, 3996 MHz, 0 %, 0 MiB
2026/08/03 11:09:32.399, 7, P0, 37, 243.47 W, 1965 MHz, 3996 MHz, 0 %, 0 MiB
2026/08/03 11:09:33.399, 0, P0, 36, 261.06 W, 1965 MHz, 3996 MHz, 84 %, 161509 MiB
2026/08/03 11:09:33.399, 1, P0, 33, 253.08 W, 1965 MHz, 3996 MHz, 7 %, 161509 MiB
2026/08/03 11:09:33.399, 2, P0, 36, 236.23 W, 1965 MHz, 3996 MHz, 0 %, 0 MiB
2026/08/03 11:09:33.399, 3, P0, 33, 238.75 W, 1965 MHz, 3996 MHz, 0 %, 0 MiB
2026/08/03 11:09:33.399, 4, P0, 33, 235.89 W, 1965 MHz, 3996 MHz, 0 %, 0 MiB
2026/08/03 11:09:33.399, 5, P0, 36, 244.90 W, 1965 MHz, 3996 MHz, 0 %, 0 MiB
2026/08/03 11:09:33.399, 6, P0, 33, 242.46 W, 1965 MHz, 3996 MHz, 0 %, 0 MiB
2026/08/03 11:09:33.399, 7, P0, 37, 243.44 W, 1965 MHz, 3996 MHz, 0 %, 0 MiB
2026/08/03 11:09:34.399, 0, P0, 36, 260.73 W, 1965 MHz, 3996 MHz, 81 %, 161509 MiB
2026/08/03 11:09:34.399, 1, P0, 34, 253.19 W, 1965 MHz, 3996 MHz, 7 %, 161509 MiB
2026/08/03 11:09:34.399, 2, P0, 36, 236.17 W, 1965 MHz, 3996 MHz, 0 %, 0 MiB
2026/08/03 11:09:34.399, 3, P0, 33, 238.80 W, 1965 MHz, 3996 MHz, 0 %, 0 MiB
2026/08/03 11:09:34.399, 4, P0, 33, 235.90 W, 1965 MHz, 3996 MHz, 0 %, 0 MiB
2026/08/03 11:09:34.399, 5, P0, 36, 244.90 W, 1965 MHz, 3996 MHz, 0 %, 0 MiB
2026/08/03 11:09:34.399, 6, P0, 33, 242.52 W, 1965 MHz, 3996 MHz, 0 %, 0 MiB
2026/08/03 11:09:34.399, 7, P0, 37, 243.44 W, 1965 MHz, 3996 MHz, 0 %, 0 MiB
2026/08/03 11:09:35.399, 0, P0, 36, 260.71 W, 1965 MHz, 3996 MHz, 83 %, 161509 MiB
2026/08/03 11:09:35.399, 1, P0, 34, 253.26 W, 1965 MHz, 3996 MHz, 7 %, 161509 MiB
2026/08/03 11:09:35.399, 2, P0, 36, 236.23 W, 1965 MHz, 3996 MHz, 0 %, 0 MiB
2026/08/03 11:09:35.399, 3, P0, 33, 238.79 W, 1965 MHz, 3996 MHz, 0 %, 0 MiB
2026/08/03 11:09:35.399, 4, P0, 33, 235.85 W, 1965 MHz, 3996 MHz, 0 %, 0 MiB
2026/08/03 11:09:35.399, 5, P0, 36, 244.92 W, 1965 MHz, 3996 MHz, 0 %, 0 MiB
2026/08/03 11:09:35.399, 6, P0, 33, 242.47 W, 1965 MHz, 3996 MHz, 0 %, 0 MiB
2026/08/03 11:09:35.399, 7, P0, 37, 243.47 W, 1965 MHz, 3996 MHz, 0 %, 0 MiB
2026/08/03 11:09:36.400, 0, P0, 36, 261.44 W, 1965 MHz, 3996 MHz, 82 %, 161509 MiB
2026/08/03 11:09:36.400, 1, P0, 34, 252.20 W, 1965 MHz, 3996 MHz, 7 %, 161509 MiB
2026/08/03 11:09:36.400, 2, P0, 36, 236.20 W, 1965 MHz, 3996 MHz, 0 %, 0 MiB
2026/08/03 11:09:36.400, 3, P0, 33, 238.72 W, 1965 MHz, 3996 MHz, 0 %, 0 MiB
2026/08/03 11:09:36.400, 4, P0, 33, 235.89 W, 1965 MHz, 3996 MHz, 0 %, 0 MiB
2026/08/03 11:09:36.400, 5, P0, 36, 244.97 W, 1965 MHz, 3996 MHz, 0 %, 0 MiB
2026/08/03 11:09:36.400, 6, P0, 33, 242.51 W, 1965 MHz, 3996 MHz, 0 %, 0 MiB
2026/08/03 11:09:36.400, 7, P0, 37, 243.39 W, 1965 MHz, 3996 MHz, 0 %, 0 MiB
2026/08/03 11:09:37.400, 0, P0, 36, 260.29 W, 1965 MHz, 3996 MHz, 86 %, 161509 MiB
2026/08/03 11:09:37.400, 1, P0, 34, 252.97 W, 1965 MHz, 3996 MHz, 7 %, 161509 MiB
2026/08/03 11:09:37.400, 2, P0, 36, 236.27 W, 1965 MHz, 3996 MHz, 0 %, 0 MiB
2026/08/03 11:09:37.400, 3, P0, 33, 238.76 W, 1965 MHz, 3996 MHz, 0 %, 0 MiB
2026/08/03 11:09:37.400, 4, P0, 33, 235.88 W, 1965 MHz, 3996 MHz, 0 %, 0 MiB
2026/08/03 11:09:37.400, 5, P0, 36, 244.93 W, 1965 MHz, 3996 MHz, 0 %, 0 MiB
2026/08/03 11:09:37.400, 6, P0, 33, 242.47 W, 1965 MHz, 3996 MHz, 0 %, 0 MiB
2026/08/03 11:09:37.400, 7, P0, 37, 243.47 W, 1965 MHz, 3996 MHz, 0 %, 0 MiB
2026/08/03 11:09:38.400, 0, P0, 36, 260.67 W, 1965 MHz, 3996 MHz, 74 %, 161509 MiB
2026/08/03 11:09:38.400, 1, P0, 34, 253.93 W, 1965 MHz, 3996 MHz, 7 %, 161509 MiB
2026/08/03 11:09:38.400, 2, P0, 36, 236.19 W, 1965 MHz, 3996 MHz, 0 %, 0 MiB
2026/08/03 11:09:38.400, 3, P0, 33, 238.78 W, 1965 MHz, 3996 MHz, 0 %, 0 MiB
2026/08/03 11:09:38.400, 4, P0, 33, 235.84 W, 1965 MHz, 3996 MHz, 0 %, 0 MiB
2026/08/03 11:09:38.400, 5, P0, 36, 244.85 W, 1965 MHz, 3996 MHz, 0 %, 0 MiB
2026/08/03 11:09:38.400, 6, P0, 33, 242.53 W, 1965 MHz, 3996 MHz, 0 %, 0 MiB
2026/08/03 11:09:38.400, 7, P0, 37, 243.42 W, 1965 MHz, 3996 MHz, 0 %, 0 MiB
2026/08/03 11:09:39.400, 0, P0, 36, 260.48 W, 1965 MHz, 3996 MHz, 88 %, 161509 MiB
2026/08/03 11:09:39.400, 1, P0, 34, 253.60 W, 1965 MHz, 3996 MHz, 7 %, 161509 MiB
2026/08/03 11:09:39.400, 2, P0, 36, 236.18 W, 1965 MHz, 3996 MHz, 0 %, 0 MiB
2026/08/03 11:09:39.400, 3, P0, 33, 238.68 W, 1965 MHz, 3996 MHz, 0 %, 0 MiB
2026/08/03 11:09:39.400, 4, P0, 33, 235.84 W, 1965 MHz, 3996 MHz, 0 %, 0 MiB
2026/08/03 11:09:39.400, 5, P0, 36, 244.90 W, 1965 MHz, 3996 MHz, 0 %, 0 MiB
2026/08/03 11:09:39.401, 6, P0, 33, 242.44 W, 1965 MHz, 3996 MHz, 0 %, 0 MiB
2026/08/03 11:09:39.401, 7, P0, 37, 243.44 W, 1965 MHz, 3996 MHz, 0 %, 0 MiB
2026/08/03 11:09:40.401, 0, P0, 36, 259.24 W, 1965 MHz, 3996 MHz, 80 %, 161509 MiB
2026/08/03 11:09:40.401, 1, P0, 34, 253.45 W, 1965 MHz, 3996 MHz, 7 %, 161509 MiB
2026/08/03 11:09:40.401, 2, P0, 36, 236.19 W, 1965 MHz, 3996 MHz, 0 %, 0 MiB
2026/08/03 11:09:40.401, 3, P0, 33, 238.76 W, 1965 MHz, 3996 MHz, 0 %, 0 MiB
2026/08/03 11:09:40.401, 4, P0, 33, 235.88 W, 1965 MHz, 3996 MHz, 0 %, 0 MiB
2026/08/03 11:09:40.401, 5, P0, 36, 244.88 W, 1965 MHz, 3996 MHz, 0 %, 0 MiB
2026/08/03 11:09:40.401, 6, P0, 33, 242.46 W, 1965 MHz, 3996 MHz, 0 %, 0 MiB
2026/08/03 11:09:40.401, 7, P0, 37, 243.40 W, 1965 MHz, 3996 MHz, 0 %, 0 MiB
2026/08/03 11:09:41.401, 0, P0, 36, 259.12 W, 1965 MHz, 3996 MHz, 69 %, 161509 MiB
2026/08/03 11:09:41.401, 1, P0, 34, 253.57 W, 1965 MHz, 3996 MHz, 7 %, 161509 MiB
2026/08/03 11:09:41.401, 2, P0, 36, 236.21 W, 1965 MHz, 3996 MHz, 0 %, 0 MiB
2026/08/03 11:09:41.401, 3, P0, 33, 238.79 W, 1965 MHz, 3996 MHz, 0 %, 0 MiB
2026/08/03 11:09:41.401, 4, P0, 33, 235.86 W, 1965 MHz, 3996 MHz, 0 %, 0 MiB
2026/08/03 11:09:41.401, 5, P0, 36, 244.82 W, 1965 MHz, 3996 MHz, 0 %, 0 MiB
2026/08/03 11:09:41.401, 6, P0, 33, 242.46 W, 1965 MHz, 3996 MHz, 0 %, 0 MiB
2026/08/03 11:09:41.401, 7, P0, 37, 243.47 W, 1965 MHz, 3996 MHz, 0 %, 0 MiB
2026/08/03 11:09:42.401, 0, P0, 36, 261.69 W, 1965 MHz, 3996 MHz, 84 %, 161509 MiB
2026/08/03 11:09:42.401, 1, P0, 34, 252.24 W, 1965 MHz, 3996 MHz, 7 %, 161509 MiB
2026/08/03 11:09:42.401, 2, P0, 36, 236.20 W, 1965 MHz, 3996 MHz, 0 %, 0 MiB
2026/08/03 11:09:42.401, 3, P0, 33, 238.71 W, 1965 MHz, 3996 MHz, 0 %, 0 MiB
2026/08/03 11:09:42.401, 4, P0, 33, 235.89 W, 1965 MHz, 3996 MHz, 0 %, 0 MiB
2026/08/03 11:09:42.401, 5, P0, 36, 244.88 W, 1965 MHz, 3996 MHz, 0 %, 0 MiB
2026/08/03 11:09:42.401, 6, P0, 33, 242.39 W, 1965 MHz, 3996 MHz, 0 %, 0 MiB
2026/08/03 11:09:42.401, 7, P0, 37, 243.45 W, 1965 MHz, 3996 MHz, 0 %, 0 MiB
2026/08/03 11:09:43.401, 0, P0, 36, 259.39 W, 1965 MHz, 3996 MHz, 80 %, 161509 MiB
2026/08/03 11:09:43.401, 1, P0, 34, 252.99 W, 1965 MHz, 3996 MHz, 7 %, 161509 MiB
2026/08/03 11:09:43.401, 2, P0, 36, 236.18 W, 1965 MHz, 3996 MHz, 0 %, 0 MiB
2026/08/03 11:09:43.401, 3, P0, 33, 238.76 W, 1965 MHz, 3996 MHz, 0 %, 0 MiB
2026/08/03 11:09:43.402, 4, P0, 33, 235.85 W, 1965 MHz, 3996 MHz, 0 %, 0 MiB
2026/08/03 11:09:43.402, 5, P0, 36, 244.89 W, 1965 MHz, 3996 MHz, 0 %, 0 MiB
2026/08/03 11:09:43.402, 6, P0, 33, 242.38 W, 1965 MHz, 3996 MHz, 0 %, 0 MiB
2026/08/03 11:09:43.402, 7, P0, 37, 243.38 W, 1965 MHz, 3996 MHz, 0 %, 0 MiB
2026/08/03 11:09:44.402, 0, P0, 36, 261.56 W, 1965 MHz, 3996 MHz, 83 %, 161509 MiB
2026/08/03 11:09:44.402, 1, P0, 34, 253.51 W, 1965 MHz, 3996 MHz, 7 %, 161509 MiB
2026/08/03 11:09:44.402, 2, P0, 36, 236.14 W, 1965 MHz, 3996 MHz, 0 %, 0 MiB
2026/08/03 11:09:44.402, 3, P0, 33, 238.73 W, 1965 MHz, 3996 MHz, 0 %, 0 MiB
2026/08/03 11:09:44.402, 4, P0, 33, 235.81 W, 1965 MHz, 3996 MHz, 0 %, 0 MiB
2026/08/03 11:09:44.402, 5, P0, 36, 244.92 W, 1965 MHz, 3996 MHz, 0 %, 0 MiB
2026/08/03 11:09:44.402, 6, P0, 33, 242.49 W, 1965 MHz, 3996 MHz, 0 %, 0 MiB
2026/08/03 11:09:44.402, 7, P0, 37, 243.45 W, 1965 MHz, 3996 MHz, 0 %, 0 MiB
2026/08/03 11:09:45.402, 0, P0, 36, 260.32 W, 1965 MHz, 3996 MHz, 81 %, 161509 MiB
2026/08/03 11:09:45.402, 1, P0, 34, 252.51 W, 1965 MHz, 3996 MHz, 7 %, 161509 MiB
2026/08/03 11:09:45.402, 2, P0, 36, 236.26 W, 1965 MHz, 3996 MHz, 0 %, 0 MiB
2026/08/03 11:09:45.402, 3, P0, 33, 238.74 W, 1965 MHz, 3996 MHz, 0 %, 0 MiB
2026/08/03 11:09:45.402, 4, P0, 33, 235.87 W, 1965 MHz, 3996 MHz, 0 %, 0 MiB
2026/08/03 11:09:45.402, 5, P0, 36, 244.95 W, 1965 MHz, 3996 MHz, 0 %, 0 MiB
2026/08/03 11:09:45.402, 6, P0, 33, 242.48 W, 1965 MHz, 3996 MHz, 0 %, 0 MiB
2026/08/03 11:09:45.402, 7, P0, 37, 243.45 W, 1965 MHz, 3996 MHz, 0 %, 0 MiB
2026/08/03 11:09:46.402, 0, P0, 36, 262.43 W, 1965 MHz, 3996 MHz, 75 %, 161509 MiB
2026/08/03 11:09:46.402, 1, P0, 34, 253.42 W, 1965 MHz, 3996 MHz, 7 %, 161509 MiB
2026/08/03 11:09:46.402, 2, P0, 36, 236.21 W, 1965 MHz, 3996 MHz, 0 %, 0 MiB
2026/08/03 11:09:46.402, 3, P0, 33, 238.69 W, 1965 MHz, 3996 MHz, 0 %, 0 MiB
2026/08/03 11:09:46.402, 4, P0, 33, 235.84 W, 1965 MHz, 3996 MHz, 0 %, 0 MiB
2026/08/03 11:09:46.402, 5, P0, 36, 244.88 W, 1965 MHz, 3996 MHz, 0 %, 0 MiB
2026/08/03 11:09:46.402, 6, P0, 33, 242.49 W, 1965 MHz, 3996 MHz, 0 %, 0 MiB
2026/08/03 11:09:46.402, 7, P0, 37, 243.43 W, 1965 MHz, 3996 MHz, 0 %, 0 MiB
2026/08/03 11:09:47.402, 0, P0, 36, 260.35 W, 1965 MHz, 3996 MHz, 86 %, 161509 MiB
2026/08/03 11:09:47.403, 1, P0, 34, 252.87 W, 1965 MHz, 3996 MHz, 7 %, 161509 MiB
2026/08/03 11:09:47.403, 2, P0, 36, 236.16 W, 1965 MHz, 3996 MHz, 0 %, 0 MiB
2026/08/03 11:09:47.403, 3, P0, 33, 238.71 W, 1965 MHz, 3996 MHz, 0 %, 0 MiB
2026/08/03 11:09:47.403, 4, P0, 33, 235.90 W, 1965 MHz, 3996 MHz, 0 %, 0 MiB
2026/08/03 11:09:47.403, 5, P0, 36, 245.00 W, 1965 MHz, 3996 MHz, 0 %, 0 MiB
2026/08/03 11:09:47.403, 6, P0, 33, 242.53 W, 1965 MHz, 3996 MHz, 0 %, 0 MiB
2026/08/03 11:09:47.403, 7, P0, 37, 243.43 W, 1965 MHz, 3996 MHz, 0 %, 0 MiB
2026/08/03 11:09:48.403, 0, P0, 36, 262.70 W, 1965 MHz, 3996 MHz, 68 %, 161509 MiB
2026/08/03 11:09:48.403, 1, P0, 34, 251.88 W, 1965 MHz, 3996 MHz, 19 %, 161509 MiB
2026/08/03 11:09:48.403, 2, P0, 36, 236.29 W, 1965 MHz, 3996 MHz, 0 %, 0 MiB
2026/08/03 11:09:48.403, 3, P0, 33, 238.62 W, 1965 MHz, 3996 MHz, 0 %, 0 MiB
2026/08/03 11:09:48.403, 4, P0, 33, 235.82 W, 1965 MHz, 3996 MHz, 0 %, 0 MiB
2026/08/03 11:09:48.403, 5, P0, 36, 244.92 W, 1965 MHz, 3996 MHz, 0 %, 0 MiB
2026/08/03 11:09:48.403, 6, P0, 33, 242.48 W, 1965 MHz, 3996 MHz, 0 %, 0 MiB
2026/08/03 11:09:48.403, 7, P0, 37, 243.38 W, 1965 MHz, 3996 MHz, 0 %, 0 MiB
2026/08/03 11:09:49.403, 0, P0, 36, 260.52 W, 1965 MHz, 3996 MHz, 83 %, 161509 MiB
2026/08/03 11:09:49.403, 1, P0, 34, 254.49 W, 1965 MHz, 3996 MHz, 7 %, 161509 MiB
2026/08/03 11:09:49.403, 2, P0, 36, 236.21 W, 1965 MHz, 3996 MHz, 0 %, 0 MiB
2026/08/03 11:09:49.403, 3, P0, 33, 238.76 W, 1965 MHz, 3996 MHz, 0 %, 0 MiB
2026/08/03 11:09:49.403, 4, P0, 33, 235.86 W, 1965 MHz, 3996 MHz, 0 %, 0 MiB
2026/08/03 11:09:49.403, 5, P0, 36, 244.92 W, 1965 MHz, 3996 MHz, 0 %, 0 MiB
2026/08/03 11:09:49.403, 6, P0, 33, 242.49 W, 1965 MHz, 3996 MHz, 0 %, 0 MiB
2026/08/03 11:09:49.403, 7, P0, 37, 243.35 W, 1965 MHz, 3996 MHz, 0 %, 0 MiB
2026/08/03 11:09:50.403, 0, P0, 36, 259.68 W, 1965 MHz, 3996 MHz, 80 %, 161509 MiB
2026/08/03 11:09:50.403, 1, P0, 34, 253.23 W, 1965 MHz, 3996 MHz, 7 %, 161509 MiB
2026/08/03 11:09:50.403, 2, P0, 36, 236.28 W, 1965 MHz, 3996 MHz, 0 %, 0 MiB
2026/08/03 11:09:50.403, 3, P0, 33, 238.79 W, 1965 MHz, 3996 MHz, 0 %, 0 MiB
2026/08/03 11:09:50.403, 4, P0, 33, 235.89 W, 1965 MHz, 3996 MHz, 0 %, 0 MiB
2026/08/03 11:09:50.403, 5, P0, 36, 244.93 W, 1965 MHz, 3996 MHz, 0 %, 0 MiB
2026/08/03 11:09:50.403, 6, P0, 33, 242.47 W, 1965 MHz, 3996 MHz, 0 %, 0 MiB
2026/08/03 11:09:50.404, 7, P0, 37, 243.39 W, 1965 MHz, 3996 MHz, 0 %, 0 MiB
2026/08/03 11:09:51.404, 0, P0, 36, 260.36 W, 1965 MHz, 3996 MHz, 83 %, 161509 MiB
2026/08/03 11:09:51.404, 1, P0, 34, 254.24 W, 1965 MHz, 3996 MHz, 7 %, 161509 MiB
2026/08/03 11:09:51.404, 2, P0, 36, 236.20 W, 1965 MHz, 3996 MHz, 0 %, 0 MiB
2026/08/03 11:09:51.404, 3, P0, 33, 238.71 W, 1965 MHz, 3996 MHz, 0 %, 0 MiB
2026/08/03 11:09:51.404, 4, P0, 33, 235.89 W, 1965 MHz, 3996 MHz, 0 %, 0 MiB
2026/08/03 11:09:51.404, 5, P0, 36, 244.95 W, 1965 MHz, 3996 MHz, 0 %, 0 MiB
2026/08/03 11:09:51.404, 6, P0, 33, 242.50 W, 1965 MHz, 3996 MHz, 0 %, 0 MiB
2026/08/03 11:09:51.404, 7, P0, 37, 243.42 W, 1965 MHz, 3996 MHz, 0 %, 0 MiB
2026/08/03 11:09:52.404, 0, P0, 36, 260.22 W, 1965 MHz, 3996 MHz, 85 %, 161509 MiB
2026/08/03 11:09:52.404, 1, P0, 34, 254.14 W, 1965 MHz, 3996 MHz, 7 %, 161509 MiB
2026/08/03 11:09:52.404, 2, P0, 36, 236.18 W, 1965 MHz, 3996 MHz, 0 %, 0 MiB
2026/08/03 11:09:52.404, 3, P0, 33, 238.76 W, 1965 MHz, 3996 MHz, 0 %, 0 MiB
2026/08/03 11:09:52.404, 4, P0, 33, 235.86 W, 1965 MHz, 3996 MHz, 0 %, 0 MiB
2026/08/03 11:09:52.404, 5, P0, 36, 244.94 W, 1965 MHz, 3996 MHz, 0 %, 0 MiB
2026/08/03 11:09:52.404, 6, P0, 33, 242.51 W, 1965 MHz, 3996 MHz, 0 %, 0 MiB
2026/08/03 11:09:52.404, 7, P0, 37, 243.46 W, 1965 MHz, 3996 MHz, 0 %, 0 MiB
2026/08/03 11:09:53.404, 0, P0, 36, 262.11 W, 1965 MHz, 3996 MHz, 85 %, 161509 MiB
2026/08/03 11:09:53.404, 1, P0, 34, 252.08 W, 1965 MHz, 3996 MHz, 7 %, 161509 MiB
2026/08/03 11:09:53.404, 2, P0, 36, 236.12 W, 1965 MHz, 3996 MHz, 0 %, 0 MiB
2026/08/03 11:09:53.404, 3, P0, 33, 238.65 W, 1965 MHz, 3996 MHz, 0 %, 0 MiB
2026/08/03 11:09:53.404, 4, P0, 33, 235.88 W, 1965 MHz, 3996 MHz, 0 %, 0 MiB
2026/08/03 11:09:53.404, 5, P0, 36, 244.87 W, 1965 MHz, 3996 MHz, 0 %, 0 MiB
2026/08/03 11:09:53.404, 6, P0, 33, 242.52 W, 1965 MHz, 3996 MHz, 0 %, 0 MiB
2026/08/03 11:09:53.404, 7, P0, 37, 243.44 W, 1965 MHz, 3996 MHz, 0 %, 0 MiB
2026/08/03 11:09:54.404, 0, P0, 36, 260.69 W, 1965 MHz, 3996 MHz, 77 %, 161509 MiB
2026/08/03 11:09:54.404, 1, P0, 34, 253.70 W, 1965 MHz, 3996 MHz, 7 %, 161509 MiB
2026/08/03 11:09:54.404, 2, P0, 36, 236.16 W, 1965 MHz, 3996 MHz, 0 %, 0 MiB
2026/08/03 11:09:54.404, 3, P0, 33, 238.73 W, 1965 MHz, 3996 MHz, 0 %, 0 MiB
2026/08/03 11:09:54.404, 4, P0, 33, 235.82 W, 1965 MHz, 3996 MHz, 0 %, 0 MiB
2026/08/03 11:09:54.404, 5, P0, 36, 244.87 W, 1965 MHz, 3996 MHz, 0 %, 0 MiB
2026/08/03 11:09:54.405, 6, P0, 33, 242.48 W, 1965 MHz, 3996 MHz, 0 %, 0 MiB
2026/08/03 11:09:54.405, 7, P0, 37, 243.42 W, 1965 MHz, 3996 MHz, 0 %, 0 MiB
2026/08/03 11:09:55.405, 0, P0, 36, 261.62 W, 1965 MHz, 3996 MHz, 86 %, 161509 MiB
2026/08/03 11:09:55.405, 1, P0, 34, 254.02 W, 1965 MHz, 3996 MHz, 7 %, 161509 MiB
2026/08/03 11:09:55.405, 2, P0, 36, 236.26 W, 1965 MHz, 3996 MHz, 0 %, 0 MiB
2026/08/03 11:09:55.405, 3, P0, 33, 238.71 W, 1965 MHz, 3996 MHz, 0 %, 0 MiB
2026/08/03 11:09:55.405, 4, P0, 33, 235.86 W, 1965 MHz, 3996 MHz, 0 %, 0 MiB
2026/08/03 11:09:55.405, 5, P0, 36, 244.88 W, 1965 MHz, 3996 MHz, 0 %, 0 MiB
2026/08/03 11:09:55.405, 6, P0, 33, 242.55 W, 1965 MHz, 3996 MHz, 0 %, 0 MiB
2026/08/03 11:09:55.405, 7, P0, 37, 243.41 W, 1965 MHz, 3996 MHz, 0 %, 0 MiB
2026/08/03 11:09:56.405, 0, P0, 36, 261.94 W, 1965 MHz, 3996 MHz, 82 %, 161509 MiB
2026/08/03 11:09:56.405, 1, P0, 34, 253.50 W, 1965 MHz, 3996 MHz, 7 %, 161509 MiB
2026/08/03 11:09:56.405, 2, P0, 36, 236.28 W, 1965 MHz, 3996 MHz, 0 %, 0 MiB
2026/08/03 11:09:56.405, 3, P0, 33, 238.71 W, 1965 MHz, 3996 MHz, 0 %, 0 MiB
2026/08/03 11:09:56.405, 4, P0, 33, 235.85 W, 1965 MHz, 3996 MHz, 0 %, 0 MiB
2026/08/03 11:09:56.405, 5, P0, 36, 244.87 W, 1965 MHz, 3996 MHz, 0 %, 0 MiB
2026/08/03 11:09:56.405, 6, P0, 33, 242.40 W, 1965 MHz, 3996 MHz, 0 %, 0 MiB
2026/08/03 11:09:56.405, 7, P0, 37, 243.40 W, 1965 MHz, 3996 MHz, 0 %, 0 MiB
2026/08/03 11:09:57.405, 0, P0, 36, 260.41 W, 1965 MHz, 3996 MHz, 82 %, 161509 MiB
2026/08/03 11:09:57.405, 1, P0, 33, 251.94 W, 1965 MHz, 3996 MHz, 7 %, 161509 MiB
2026/08/03 11:09:57.405, 2, P0, 36, 236.18 W, 1965 MHz, 3996 MHz, 0 %, 0 MiB
2026/08/03 11:09:57.405, 3, P0, 33, 238.68 W, 1965 MHz, 3996 MHz, 0 %, 0 MiB
2026/08/03 11:09:57.405, 4, P0, 33, 235.87 W, 1965 MHz, 3996 MHz, 0 %, 0 MiB
2026/08/03 11:09:57.405, 5, P0, 36, 244.89 W, 1965 MHz, 3996 MHz, 0 %, 0 MiB
2026/08/03 11:09:57.405, 6, P0, 33, 242.47 W, 1965 MHz, 3996 MHz, 0 %, 0 MiB
2026/08/03 11:09:57.405, 7, P0, 37, 243.34 W, 1965 MHz, 3996 MHz, 0 %, 0 MiB
2026/08/03 11:09:58.405, 0, P0, 36, 261.79 W, 1965 MHz, 3996 MHz, 83 %, 161509 MiB
2026/08/03 11:09:58.406, 1, P0, 33, 253.94 W, 1965 MHz, 3996 MHz, 7 %, 161509 MiB
2026/08/03 11:09:58.406, 2, P0, 36, 236.23 W, 1965 MHz, 3996 MHz, 0 %, 0 MiB
2026/08/03 11:09:58.406, 3, P0, 33, 238.68 W, 1965 MHz, 3996 MHz, 0 %, 0 MiB
2026/08/03 11:09:58.406, 4, P0, 33, 235.86 W, 1965 MHz, 3996 MHz, 0 %, 0 MiB
2026/08/03 11:09:58.406, 5, P0, 36, 244.93 W, 1965 MHz, 3996 MHz, 0 %, 0 MiB
2026/08/03 11:09:58.406, 6, P0, 33, 242.46 W, 1965 MHz, 3996 MHz, 0 %, 0 MiB
2026/08/03 11:09:58.406, 7, P0, 37, 243.38 W, 1965 MHz, 3996 MHz, 0 %, 0 MiB
2026/08/03 11:09:59.406, 0, P0, 36, 259.79 W, 1965 MHz, 3996 MHz, 80 %, 161509 MiB
2026/08/03 11:09:59.406, 1, P0, 33, 253.72 W, 1965 MHz, 3996 MHz, 7 %, 161509 MiB
2026/08/03 11:09:59.406, 2, P0, 36, 236.16 W, 1965 MHz, 3996 MHz, 0 %, 0 MiB
2026/08/03 11:09:59.406, 3, P0, 33, 238.68 W, 1965 MHz, 3996 MHz, 0 %, 0 MiB
2026/08/03 11:09:59.406, 4, P0, 33, 235.82 W, 1965 MHz, 3996 MHz, 0 %, 0 MiB
2026/08/03 11:09:59.406, 5, P0, 36, 244.88 W, 1965 MHz, 3996 MHz, 0 %, 0 MiB
2026/08/03 11:09:59.406, 6, P0, 33, 242.42 W, 1965 MHz, 3996 MHz, 0 %, 0 MiB
2026/08/03 11:09:59.406, 7, P0, 37, 243.40 W, 1965 MHz, 3996 MHz, 0 %, 0 MiB
2026/08/03 11:10:00.406, 0, P0, 36, 260.85 W, 1965 MHz, 3996 MHz, 82 %, 161509 MiB
2026/08/03 11:10:00.406, 1, P0, 33, 254.01 W, 1965 MHz, 3996 MHz, 7 %, 161509 MiB
2026/08/03 11:10:00.406, 2, P0, 36, 236.17 W, 1965 MHz, 3996 MHz, 0 %, 0 MiB
2026/08/03 11:10:00.406, 3, P0, 33, 238.65 W, 1965 MHz, 3996 MHz, 0 %, 0 MiB
2026/08/03 11:10:00.406, 4, P0, 33, 235.86 W, 1965 MHz, 3996 MHz, 0 %, 0 MiB
2026/08/03 11:10:00.406, 5, P0, 36, 244.88 W, 1965 MHz, 3996 MHz, 0 %, 0 MiB
2026/08/03 11:10:00.406, 6, P0, 33, 242.47 W, 1965 MHz, 3996 MHz, 0 %, 0 MiB
2026/08/03 11:10:00.406, 7, P0, 37, 243.42 W, 1965 MHz, 3996 MHz, 0 %, 0 MiB
2026/08/03 11:10:01.406, 0, P0, 37, 297.91 W, 1965 MHz, 3996 MHz, 85 %, 161509 MiB
2026/08/03 11:10:01.406, 1, P0, 34, 287.80 W, 1965 MHz, 3996 MHz, 7 %, 161509 MiB
2026/08/03 11:10:01.406, 2, P0, 36, 236.21 W, 1965 MHz, 3996 MHz, 0 %, 0 MiB
2026/08/03 11:10:01.406, 3, P0, 33, 238.63 W, 1965 MHz, 3996 MHz, 0 %, 0 MiB
2026/08/03 11:10:01.406, 4, P0, 33, 235.85 W, 1965 MHz, 3996 MHz, 0 %, 0 MiB
2026/08/03 11:10:01.406, 5, P0, 36, 244.80 W, 1965 MHz, 3996 MHz, 0 %, 0 MiB
2026/08/03 11:10:01.406, 6, P0, 33, 242.41 W, 1965 MHz, 3996 MHz, 0 %, 0 MiB
2026/08/03 11:10:01.406, 7, P0, 37, 243.34 W, 1965 MHz, 3996 MHz, 0 %, 0 MiB
2026/08/03 11:10:02.407, 0, P0, 36, 258.51 W, 1965 MHz, 3996 MHz, 88 %, 161509 MiB
2026/08/03 11:10:02.407, 1, P0, 34, 250.03 W, 1965 MHz, 3996 MHz, 7 %, 161509 MiB
2026/08/03 11:10:02.407, 2, P0, 36, 236.24 W, 1965 MHz, 3996 MHz, 0 %, 0 MiB
2026/08/03 11:10:02.407, 3, P0, 33, 238.78 W, 1965 MHz, 3996 MHz, 0 %, 0 MiB
2026/08/03 11:10:02.407, 4, P0, 33, 235.88 W, 1965 MHz, 3996 MHz, 0 %, 0 MiB
2026/08/03 11:10:02.407, 5, P0, 36, 244.89 W, 1965 MHz, 3996 MHz, 0 %, 0 MiB
2026/08/03 11:10:02.407, 6, P0, 33, 242.44 W, 1965 MHz, 3996 MHz, 0 %, 0 MiB
2026/08/03 11:10:02.407, 7, P0, 37, 243.41 W, 1965 MHz, 3996 MHz, 0 %, 0 MiB
2026/08/03 11:10:03.407, 0, P0, 37, 293.67 W, 1965 MHz, 3996 MHz, 91 %, 161509 MiB
2026/08/03 11:10:03.407, 1, P0, 34, 285.70 W, 1965 MHz, 3996 MHz, 6 %, 161509 MiB
2026/08/03 11:10:03.407, 2, P0, 36, 236.20 W, 1965 MHz, 3996 MHz, 0 %, 0 MiB
2026/08/03 11:10:03.407, 3, P0, 33, 238.70 W, 1965 MHz, 3996 MHz, 0 %, 0 MiB
2026/08/03 11:10:03.407, 4, P0, 33, 235.87 W, 1965 MHz, 3996 MHz, 0 %, 0 MiB
2026/08/03 11:10:03.407, 5, P0, 36, 244.85 W, 1965 MHz, 3996 MHz, 0 %, 0 MiB
2026/08/03 11:10:03.407, 6, P0, 33, 242.44 W, 1965 MHz, 3996 MHz, 0 %, 0 MiB
2026/08/03 11:10:03.407, 7, P0, 37, 243.41 W, 1965 MHz, 3996 MHz, 0 %, 0 MiB
2026/08/03 11:10:04.407, 0, P0, 36, 260.81 W, 1965 MHz, 3996 MHz, 87 %, 161509 MiB
2026/08/03 11:10:04.407, 1, P0, 34, 252.21 W, 1965 MHz, 3996 MHz, 7 %, 161509 MiB
2026/08/03 11:10:04.407, 2, P0, 36, 236.28 W, 1965 MHz, 3996 MHz, 0 %, 0 MiB
2026/08/03 11:10:04.407, 3, P0, 33, 238.80 W, 1965 MHz, 3996 MHz, 0 %, 0 MiB
2026/08/03 11:10:04.407, 4, P0, 33, 235.82 W, 1965 MHz, 3996 MHz, 0 %, 0 MiB
2026/08/03 11:10:04.407, 5, P0, 36, 244.92 W, 1965 MHz, 3996 MHz, 0 %, 0 MiB
2026/08/03 11:10:04.407, 6, P0, 33, 242.49 W, 1965 MHz, 3996 MHz, 0 %, 0 MiB
2026/08/03 11:10:04.407, 7, P0, 37, 243.37 W, 1965 MHz, 3996 MHz, 0 %, 0 MiB
2026/08/03 11:10:05.407, 0, P0, 37, 290.33 W, 1965 MHz, 3996 MHz, 91 %, 161509 MiB
2026/08/03 11:10:05.407, 1, P0, 34, 287.21 W, 1965 MHz, 3996 MHz, 7 %, 161509 MiB
2026/08/03 11:10:05.407, 2, P0, 36, 236.27 W, 1965 MHz, 3996 MHz, 0 %, 0 MiB
2026/08/03 11:10:05.408, 3, P0, 33, 238.73 W, 1965 MHz, 3996 MHz, 0 %, 0 MiB
2026/08/03 11:10:05.408, 4, P0, 33, 235.90 W, 1965 MHz, 3996 MHz, 0 %, 0 MiB
2026/08/03 11:10:05.408, 5, P0, 36, 244.88 W, 1965 MHz, 3996 MHz, 0 %, 0 MiB
2026/08/03 11:10:05.408, 6, P0, 33, 242.51 W, 1965 MHz, 3996 MHz, 0 %, 0 MiB
2026/08/03 11:10:05.408, 7, P0, 37, 243.40 W, 1965 MHz, 3996 MHz, 0 %, 0 MiB
2026/08/03 11:10:06.408, 0, P0, 36, 258.67 W, 1965 MHz, 3996 MHz, 100 %, 161509 MiB
2026/08/03 11:10:06.408, 1, P0, 34, 249.95 W, 1965 MHz, 3996 MHz, 0 %, 161509 MiB
2026/08/03 11:10:06.408, 2, P0, 36, 236.23 W, 1965 MHz, 3996 MHz, 0 %, 0 MiB
2026/08/03 11:10:06.408, 3, P0, 33, 238.83 W, 1965 MHz, 3996 MHz, 0 %, 0 MiB
2026/08/03 11:10:06.408, 4, P0, 33, 235.88 W, 1965 MHz, 3996 MHz, 0 %, 0 MiB
2026/08/03 11:10:06.408, 5, P0, 36, 244.88 W, 1965 MHz, 3996 MHz, 0 %, 0 MiB
2026/08/03 11:10:06.408, 6, P0, 33, 242.59 W, 1965 MHz, 3996 MHz, 0 %, 0 MiB
2026/08/03 11:10:06.408, 7, P0, 37, 243.37 W, 1965 MHz, 3996 MHz, 0 %, 0 MiB
2026/08/03 11:10:07.408, 0, P0, 36, 249.45 W, 1965 MHz, 3996 MHz, 100 %, 161509 MiB
2026/08/03 11:10:07.408, 1, P0, 33, 240.74 W, 1965 MHz, 3996 MHz, 0 %, 161509 MiB
2026/08/03 11:10:07.408, 2, P0, 36, 236.16 W, 1965 MHz, 3996 MHz, 0 %, 0 MiB
2026/08/03 11:10:07.408, 3, P0, 33, 238.78 W, 1965 MHz, 3996 MHz, 0 %, 0 MiB
2026/08/03 11:10:07.408, 4, P0, 33, 235.88 W, 1965 MHz, 3996 MHz, 0 %, 0 MiB
2026/08/03 11:10:07.408, 5, P0, 36, 244.92 W, 1965 MHz, 3996 MHz, 0 %, 0 MiB
2026/08/03 11:10:07.408, 6, P0, 33, 242.47 W, 1965 MHz, 3996 MHz, 0 %, 0 MiB
2026/08/03 11:10:07.408, 7, P0, 37, 243.48 W, 1965 MHz, 3996 MHz, 0 %, 0 MiB
2026/08/03 11:10:08.408, 0, P0, 36, 254.74 W, 1965 MHz, 3996 MHz, 85 %, 161509 MiB
2026/08/03 11:10:08.408, 1, P0, 34, 247.90 W, 1965 MHz, 3996 MHz, 7 %, 161509 MiB
2026/08/03 11:10:08.408, 2, P0, 36, 236.22 W, 1965 MHz, 3996 MHz, 0 %, 0 MiB
2026/08/03 11:10:08.408, 3, P0, 33, 238.73 W, 1965 MHz, 3996 MHz, 0 %, 0 MiB
2026/08/03 11:10:08.408, 4, P0, 33, 235.88 W, 1965 MHz, 3996 MHz, 0 %, 0 MiB
2026/08/03 11:10:08.408, 5, P0, 36, 244.84 W, 1965 MHz, 3996 MHz, 0 %, 0 MiB
2026/08/03 11:10:08.408, 6, P0, 33, 242.45 W, 1965 MHz, 3996 MHz, 0 %, 0 MiB
2026/08/03 11:10:08.409, 7, P0, 37, 243.41 W, 1965 MHz, 3996 MHz, 0 %, 0 MiB
2026/08/03 11:10:09.409, 0, P0, 36, 249.90 W, 1965 MHz, 3996 MHz, 0 %, 161509 MiB
2026/08/03 11:10:09.409, 1, P0, 33, 248.99 W, 1965 MHz, 3996 MHz, 100 %, 161509 MiB
2026/08/03 11:10:09.409, 2, P0, 36, 236.32 W, 1965 MHz, 3996 MHz, 0 %, 0 MiB
2026/08/03 11:10:09.409, 3, P0, 33, 238.84 W, 1965 MHz, 3996 MHz, 0 %, 0 MiB
2026/08/03 11:10:09.409, 4, P0, 33, 235.86 W, 1965 MHz, 3996 MHz, 0 %, 0 MiB
2026/08/03 11:10:09.409, 5, P0, 36, 244.83 W, 1965 MHz, 3996 MHz, 0 %, 0 MiB
2026/08/03 11:10:09.409, 6, P0, 33, 242.45 W, 1965 MHz, 3996 MHz, 0 %, 0 MiB
2026/08/03 11:10:09.409, 7, P0, 37, 243.39 W, 1965 MHz, 3996 MHz, 0 %, 0 MiB
2026/08/03 11:10:10.409, 0, P0, 36, 243.57 W, 1965 MHz, 3996 MHz, 0 %, 161509 MiB
2026/08/03 11:10:10.409, 1, P0, 33, 246.39 W, 1965 MHz, 3996 MHz, 100 %, 161509 MiB
2026/08/03 11:10:10.409, 2, P0, 36, 236.17 W, 1965 MHz, 3996 MHz, 0 %, 0 MiB
2026/08/03 11:10:10.409, 3, P0, 33, 238.76 W, 1965 MHz, 3996 MHz, 0 %, 0 MiB
2026/08/03 11:10:10.409, 4, P0, 33, 235.86 W, 1965 MHz, 3996 MHz, 0 %, 0 MiB
2026/08/03 11:10:10.409, 5, P0, 36, 244.95 W, 1965 MHz, 3996 MHz, 0 %, 0 MiB
2026/08/03 11:10:10.409, 6, P0, 33, 242.43 W, 1965 MHz, 3996 MHz, 0 %, 0 MiB
2026/08/03 11:10:10.409, 7, P0, 37, 243.41 W, 1965 MHz, 3996 MHz, 0 %, 0 MiB
2026/08/03 11:10:11.409, 0, P0, 36, 293.05 W, 1965 MHz, 3996 MHz, 87 %, 161509 MiB
2026/08/03 11:10:11.409, 1, P0, 34, 287.69 W, 1965 MHz, 3996 MHz, 6 %, 161509 MiB
2026/08/03 11:10:11.409, 2, P0, 36, 236.27 W, 1965 MHz, 3996 MHz, 0 %, 0 MiB
2026/08/03 11:10:11.409, 3, P0, 33, 238.78 W, 1965 MHz, 3996 MHz, 0 %, 0 MiB
2026/08/03 11:10:11.409, 4, P0, 33, 235.90 W, 1965 MHz, 3996 MHz, 0 %, 0 MiB
2026/08/03 11:10:11.409, 5, P0, 36, 244.94 W, 1965 MHz, 3996 MHz, 0 %, 0 MiB
2026/08/03 11:10:11.409, 6, P0, 33, 242.49 W, 1965 MHz, 3996 MHz, 0 %, 0 MiB
2026/08/03 11:10:11.409, 7, P0, 37, 243.37 W, 1965 MHz, 3996 MHz, 0 %, 0 MiB
2026/08/03 11:10:12.410, 0, P0, 36, 258.03 W, 1965 MHz, 3996 MHz, 87 %, 161509 MiB
2026/08/03 11:10:12.410, 1, P0, 34, 250.20 W, 1965 MHz, 3996 MHz, 6 %, 161509 MiB
2026/08/03 11:10:12.410, 2, P0, 36, 236.26 W, 1965 MHz, 3996 MHz, 0 %, 0 MiB
2026/08/03 11:10:12.410, 3, P0, 33, 238.76 W, 1965 MHz, 3996 MHz, 0 %, 0 MiB
2026/08/03 11:10:12.410, 4, P0, 33, 235.85 W, 1965 MHz, 3996 MHz, 0 %, 0 MiB
2026/08/03 11:10:12.410, 5, P0, 36, 244.88 W, 1965 MHz, 3996 MHz, 0 %, 0 MiB
2026/08/03 11:10:12.410, 6, P0, 33, 242.39 W, 1965 MHz, 3996 MHz, 0 %, 0 MiB
2026/08/03 11:10:12.410, 7, P0, 37, 243.36 W, 1965 MHz, 3996 MHz, 0 %, 0 MiB
2026/08/03 11:10:13.410, 0, P0, 36, 257.46 W, 1965 MHz, 3996 MHz, 83 %, 161509 MiB
2026/08/03 11:10:13.410, 1, P0, 34, 250.50 W, 1965 MHz, 3996 MHz, 7 %, 161509 MiB
2026/08/03 11:10:13.410, 2, P0, 36, 236.19 W, 1965 MHz, 3996 MHz, 0 %, 0 MiB
2026/08/03 11:10:13.410, 3, P0, 33, 238.80 W, 1965 MHz, 3996 MHz, 0 %, 0 MiB
2026/08/03 11:10:13.410, 4, P0, 33, 235.88 W, 1965 MHz, 3996 MHz, 0 %, 0 MiB
2026/08/03 11:10:13.410, 5, P0, 36, 244.99 W, 1965 MHz, 3996 MHz, 0 %, 0 MiB
2026/08/03 11:10:13.410, 6, P0, 33, 242.46 W, 1965 MHz, 3996 MHz, 0 %, 0 MiB
2026/08/03 11:10:13.410, 7, P0, 37, 243.39 W, 1965 MHz, 3996 MHz, 0 %, 0 MiB
2026/08/03 11:10:14.410, 0, P0, 36, 258.28 W, 1965 MHz, 3996 MHz, 86 %, 161509 MiB
2026/08/03 11:10:14.410, 1, P0, 34, 249.83 W, 1965 MHz, 3996 MHz, 6 %, 161509 MiB
2026/08/03 11:10:14.410, 2, P0, 36, 236.14 W, 1965 MHz, 3996 MHz, 0 %, 0 MiB
2026/08/03 11:10:14.410, 3, P0, 33, 238.76 W, 1965 MHz, 3996 MHz, 0 %, 0 MiB
2026/08/03 11:10:14.410, 4, P0, 33, 235.88 W, 1965 MHz, 3996 MHz, 0 %, 0 MiB
2026/08/03 11:10:14.410, 5, P0, 36, 244.96 W, 1965 MHz, 3996 MHz, 0 %, 0 MiB
2026/08/03 11:10:14.410, 6, P0, 33, 242.49 W, 1965 MHz, 3996 MHz, 0 %, 0 MiB
2026/08/03 11:10:14.410, 7, P0, 37, 243.44 W, 1965 MHz, 3996 MHz, 0 %, 0 MiB
2026/08/03 11:10:15.410, 0, P0, 36, 257.31 W, 1965 MHz, 3996 MHz, 79 %, 161509 MiB
2026/08/03 11:10:15.410, 1, P0, 34, 250.21 W, 1965 MHz, 3996 MHz, 6 %, 161509 MiB
2026/08/03 11:10:15.411, 2, P0, 36, 236.23 W, 1965 MHz, 3996 MHz, 0 %, 0 MiB
2026/08/03 11:10:15.411, 3, P0, 33, 238.70 W, 1965 MHz, 3996 MHz, 0 %, 0 MiB
2026/08/03 11:10:15.411, 4, P0, 33, 235.88 W, 1965 MHz, 3996 MHz, 0 %, 0 MiB
2026/08/03 11:10:15.411, 5, P0, 36, 244.86 W, 1965 MHz, 3996 MHz, 0 %, 0 MiB
2026/08/03 11:10:15.411, 6, P0, 33, 242.45 W, 1965 MHz, 3996 MHz, 0 %, 0 MiB
2026/08/03 11:10:15.411, 7, P0, 37, 243.41 W, 1965 MHz, 3996 MHz, 0 %, 0 MiB
2026/08/03 11:10:16.411, 0, P0, 36, 257.06 W, 1965 MHz, 3996 MHz, 79 %, 161509 MiB
2026/08/03 11:10:16.411, 1, P0, 34, 251.37 W, 1965 MHz, 3996 MHz, 41 %, 161509 MiB
2026/08/03 11:10:16.411, 2, P0, 36, 236.15 W, 1965 MHz, 3996 MHz, 0 %, 0 MiB
2026/08/03 11:10:16.411, 3, P0, 33, 238.76 W, 1965 MHz, 3996 MHz, 0 %, 0 MiB
2026/08/03 11:10:16.411, 4, P0, 33, 235.89 W, 1965 MHz, 3996 MHz, 0 %, 0 MiB
2026/08/03 11:10:16.411, 5, P0, 36, 244.87 W, 1965 MHz, 3996 MHz, 0 %, 0 MiB
2026/08/03 11:10:16.411, 6, P0, 33, 242.43 W, 1965 MHz, 3996 MHz, 0 %, 0 MiB
2026/08/03 11:10:16.411, 7, P0, 37, 243.46 W, 1965 MHz, 3996 MHz, 0 %, 0 MiB
2026/08/03 11:10:17.411, 0, P0, 36, 258.64 W, 1965 MHz, 3996 MHz, 84 %, 161509 MiB
2026/08/03 11:10:17.411, 1, P0, 33, 251.00 W, 1965 MHz, 3996 MHz, 6 %, 161509 MiB
2026/08/03 11:10:17.411, 2, P0, 36, 236.30 W, 1965 MHz, 3996 MHz, 0 %, 0 MiB
2026/08/03 11:10:17.411, 3, P0, 33, 238.74 W, 1965 MHz, 3996 MHz, 0 %, 0 MiB
2026/08/03 11:10:17.411, 4, P0, 33, 235.86 W, 1965 MHz, 3996 MHz, 0 %, 0 MiB
2026/08/03 11:10:17.411, 5, P0, 36, 244.90 W, 1965 MHz, 3996 MHz, 0 %, 0 MiB
2026/08/03 11:10:17.411, 6, P0, 33, 242.46 W, 1965 MHz, 3996 MHz, 0 %, 0 MiB
2026/08/03 11:10:17.411, 7, P0, 37, 243.48 W, 1965 MHz, 3996 MHz, 0 %, 0 MiB
2026/08/03 11:10:18.411, 0, P0, 36, 258.49 W, 1965 MHz, 3996 MHz, 74 %, 161509 MiB
2026/08/03 11:10:18.411, 1, P0, 33, 251.31 W, 1965 MHz, 3996 MHz, 6 %, 161509 MiB
2026/08/03 11:10:18.411, 2, P0, 36, 236.23 W, 1965 MHz, 3996 MHz, 0 %, 0 MiB
2026/08/03 11:10:18.411, 3, P0, 33, 238.74 W, 1965 MHz, 3996 MHz, 0 %, 0 MiB
2026/08/03 11:10:18.411, 4, P0, 33, 235.91 W, 1965 MHz, 3996 MHz, 0 %, 0 MiB
2026/08/03 11:10:18.411, 5, P0, 36, 244.83 W, 1965 MHz, 3996 MHz, 0 %, 0 MiB
2026/08/03 11:10:18.411, 6, P0, 33, 242.50 W, 1965 MHz, 3996 MHz, 0 %, 0 MiB
2026/08/03 11:10:18.411, 7, P0, 37, 243.40 W, 1965 MHz, 3996 MHz, 0 %, 0 MiB
2026/08/03 11:10:19.412, 0, P0, 37, 295.54 W, 1965 MHz, 3996 MHz, 85 %, 161509 MiB
2026/08/03 11:10:19.412, 1, P0, 34, 287.45 W, 1965 MHz, 3996 MHz, 7 %, 161509 MiB
2026/08/03 11:10:19.412, 2, P0, 36, 236.29 W, 1965 MHz, 3996 MHz, 0 %, 0 MiB
2026/08/03 11:10:19.412, 3, P0, 33, 238.73 W, 1965 MHz, 3996 MHz, 0 %, 0 MiB
2026/08/03 11:10:19.412, 4, P0, 33, 235.92 W, 1965 MHz, 3996 MHz, 0 %, 0 MiB
2026/08/03 11:10:19.412, 5, P0, 36, 244.89 W, 1965 MHz, 3996 MHz, 0 %, 0 MiB
2026/08/03 11:10:19.412, 6, P0, 33, 242.58 W, 1965 MHz, 3996 MHz, 0 %, 0 MiB
2026/08/03 11:10:19.412, 7, P0, 37, 243.43 W, 1965 MHz, 3996 MHz, 0 %, 0 MiB
2026/08/03 11:10:20.412, 0, P0, 36, 261.46 W, 1965 MHz, 3996 MHz, 76 %, 161509 MiB
2026/08/03 11:10:20.412, 1, P0, 34, 254.70 W, 1965 MHz, 3996 MHz, 7 %, 161509 MiB
2026/08/03 11:10:20.412, 2, P0, 36, 236.28 W, 1965 MHz, 3996 MHz, 0 %, 0 MiB
2026/08/03 11:10:20.412, 3, P0, 33, 238.70 W, 1965 MHz, 3996 MHz, 0 %, 0 MiB
2026/08/03 11:10:20.412, 4, P0, 33, 235.86 W, 1965 MHz, 3996 MHz, 0 %, 0 MiB
2026/08/03 11:10:20.412, 5, P0, 36, 244.80 W, 1965 MHz, 3996 MHz, 0 %, 0 MiB
2026/08/03 11:10:20.412, 6, P0, 33, 242.55 W, 1965 MHz, 3996 MHz, 0 %, 0 MiB
2026/08/03 11:10:20.412, 7, P0, 37, 243.45 W, 1965 MHz, 3996 MHz, 0 %, 0 MiB
2026/08/03 11:10:21.412, 0, P0, 40, 297.73 W, 1965 MHz, 3996 MHz, 91 %, 161509 MiB
2026/08/03 11:10:21.412, 1, P0, 36, 292.50 W, 1965 MHz, 3996 MHz, 30 %, 161509 MiB
2026/08/03 11:10:21.412, 2, P0, 36, 236.20 W, 1965 MHz, 3996 MHz, 0 %, 0 MiB
2026/08/03 11:10:21.412, 3, P0, 33, 238.72 W, 1965 MHz, 3996 MHz, 0 %, 0 MiB
2026/08/03 11:10:21.412, 4, P0, 33, 235.90 W, 1965 MHz, 3996 MHz, 0 %, 0 MiB
2026/08/03 11:10:21.412, 5, P0, 36, 244.81 W, 1965 MHz, 3996 MHz, 0 %, 0 MiB
2026/08/03 11:10:21.412, 6, P0, 33, 242.53 W, 1965 MHz, 3996 MHz, 0 %, 0 MiB
2026/08/03 11:10:21.412, 7, P0, 37, 243.45 W, 1965 MHz, 3996 MHz, 0 %, 0 MiB
2026/08/03 11:10:22.412, 0, P0, 36, 258.45 W, 1965 MHz, 3996 MHz, 90 %, 161509 MiB
2026/08/03 11:10:22.413, 1, P0, 34, 252.07 W, 1965 MHz, 3996 MHz, 7 %, 161509 MiB
2026/08/03 11:10:22.413, 2, P0, 36, 236.21 W, 1965 MHz, 3996 MHz, 0 %, 0 MiB
2026/08/03 11:10:22.413, 3, P0, 33, 238.69 W, 1965 MHz, 3996 MHz, 0 %, 0 MiB
2026/08/03 11:10:22.413, 4, P0, 33, 235.90 W, 1965 MHz, 3996 MHz, 0 %, 0 MiB
2026/08/03 11:10:22.413, 5, P0, 36, 244.83 W, 1965 MHz, 3996 MHz, 0 %, 0 MiB
2026/08/03 11:10:22.413, 6, P0, 33, 242.46 W, 1965 MHz, 3996 MHz, 0 %, 0 MiB
2026/08/03 11:10:22.413, 7, P0, 37, 243.36 W, 1965 MHz, 3996 MHz, 0 %, 0 MiB
2026/08/03 11:10:23.413, 0, P0, 36, 258.91 W, 1965 MHz, 3996 MHz, 84 %, 161509 MiB
2026/08/03 11:10:23.413, 1, P0, 34, 250.69 W, 1965 MHz, 3996 MHz, 6 %, 161509 MiB
2026/08/03 11:10:23.413, 2, P0, 36, 236.28 W, 1965 MHz, 3996 MHz, 0 %, 0 MiB
2026/08/03 11:10:23.413, 3, P0, 33, 238.76 W, 1965 MHz, 3996 MHz, 0 %, 0 MiB
2026/08/03 11:10:23.413, 4, P0, 33, 235.88 W, 1965 MHz, 3996 MHz, 0 %, 0 MiB
2026/08/03 11:10:23.413, 5, P0, 36, 244.87 W, 1965 MHz, 3996 MHz, 0 %, 0 MiB
2026/08/03 11:10:23.413, 6, P0, 33, 242.44 W, 1965 MHz, 3996 MHz, 0 %, 0 MiB
2026/08/03 11:10:23.413, 7, P0, 37, 243.47 W, 1965 MHz, 3996 MHz, 0 %, 0 MiB
2026/08/03 11:10:24.413, 0, P0, 36, 259.37 W, 1965 MHz, 3996 MHz, 80 %, 161509 MiB
2026/08/03 11:10:24.413, 1, P0, 34, 251.25 W, 1965 MHz, 3996 MHz, 6 %, 161509 MiB
2026/08/03 11:10:24.413, 2, P0, 36, 236.24 W, 1965 MHz, 3996 MHz, 0 %, 0 MiB
2026/08/03 11:10:24.413, 3, P0, 33, 238.68 W, 1965 MHz, 3996 MHz, 0 %, 0 MiB
2026/08/03 11:10:24.413, 4, P0, 33, 235.82 W, 1965 MHz, 3996 MHz, 0 %, 0 MiB
2026/08/03 11:10:24.413, 5, P0, 36, 244.88 W, 1965 MHz, 3996 MHz, 0 %, 0 MiB
2026/08/03 11:10:24.413, 6, P0, 33, 242.49 W, 1965 MHz, 3996 MHz, 0 %, 0 MiB
2026/08/03 11:10:24.413, 7, P0, 37, 243.50 W, 1965 MHz, 3996 MHz, 0 %, 0 MiB
2026/08/03 11:10:25.413, 0, P0, 36, 257.53 W, 1965 MHz, 3996 MHz, 84 %, 161509 MiB
2026/08/03 11:10:25.413, 1, P0, 33, 250.92 W, 1965 MHz, 3996 MHz, 6 %, 161509 MiB
2026/08/03 11:10:25.413, 2, P0, 36, 236.18 W, 1965 MHz, 3996 MHz, 0 %, 0 MiB
2026/08/03 11:10:25.413, 3, P0, 33, 238.76 W, 1965 MHz, 3996 MHz, 0 %, 0 MiB
2026/08/03 11:10:25.413, 4, P0, 33, 235.88 W, 1965 MHz, 3996 MHz, 0 %, 0 MiB
2026/08/03 11:10:25.413, 5, P0, 36, 244.92 W, 1965 MHz, 3996 MHz, 0 %, 0 MiB
2026/08/03 11:10:25.413, 6, P0, 33, 242.45 W, 1965 MHz, 3996 MHz, 0 %, 0 MiB
2026/08/03 11:10:25.413, 7, P0, 37, 243.47 W, 1965 MHz, 3996 MHz, 0 %, 0 MiB
2026/08/03 11:10:26.414, 0, P0, 36, 259.01 W, 1965 MHz, 3996 MHz, 72 %, 161509 MiB
2026/08/03 11:10:26.414, 1, P0, 34, 250.07 W, 1965 MHz, 3996 MHz, 6 %, 161509 MiB
2026/08/03 11:10:26.414, 2, P0, 36, 236.29 W, 1965 MHz, 3996 MHz, 0 %, 0 MiB
2026/08/03 11:10:26.414, 3, P0, 33, 238.71 W, 1965 MHz, 3996 MHz, 0 %, 0 MiB
2026/08/03 11:10:26.414, 4, P0, 33, 235.88 W, 1965 MHz, 3996 MHz, 0 %, 0 MiB
2026/08/03 11:10:26.414, 5, P0, 36, 244.87 W, 1965 MHz, 3996 MHz, 0 %, 0 MiB
2026/08/03 11:10:26.414, 6, P0, 33, 242.45 W, 1965 MHz, 3996 MHz, 0 %, 0 MiB
2026/08/03 11:10:26.414, 7, P0, 37, 243.35 W, 1965 MHz, 3996 MHz, 0 %, 0 MiB
2026/08/03 11:10:27.414, 0, P0, 36, 257.93 W, 1965 MHz, 3996 MHz, 84 %, 161509 MiB
2026/08/03 11:10:27.414, 1, P0, 34, 251.49 W, 1965 MHz, 3996 MHz, 6 %, 161509 MiB
2026/08/03 11:10:27.414, 2, P0, 36, 236.26 W, 1965 MHz, 3996 MHz, 0 %, 0 MiB
2026/08/03 11:10:27.414, 3, P0, 33, 238.66 W, 1965 MHz, 3996 MHz, 0 %, 0 MiB
2026/08/03 11:10:27.414, 4, P0, 33, 235.85 W, 1965 MHz, 3996 MHz, 0 %, 0 MiB
2026/08/03 11:10:27.414, 5, P0, 36, 244.98 W, 1965 MHz, 3996 MHz, 0 %, 0 MiB
2026/08/03 11:10:27.414, 6, P0, 33, 242.51 W, 1965 MHz, 3996 MHz, 0 %, 0 MiB
2026/08/03 11:10:27.414, 7, P0, 37, 243.41 W, 1965 MHz, 3996 MHz, 0 %, 0 MiB
2026/08/03 11:10:28.414, 0, P0, 36, 257.92 W, 1965 MHz, 3996 MHz, 83 %, 161509 MiB
2026/08/03 11:10:28.414, 1, P0, 34, 250.71 W, 1965 MHz, 3996 MHz, 6 %, 161509 MiB
2026/08/03 11:10:28.414, 2, P0, 36, 236.20 W, 1965 MHz, 3996 MHz, 0 %, 0 MiB
2026/08/03 11:10:28.414, 3, P0, 33, 238.75 W, 1965 MHz, 3996 MHz, 0 %, 0 MiB
2026/08/03 11:10:28.414, 4, P0, 33, 235.89 W, 1965 MHz, 3996 MHz, 0 %, 0 MiB
2026/08/03 11:10:28.414, 5, P0, 36, 244.90 W, 1965 MHz, 3996 MHz, 0 %, 0 MiB
2026/08/03 11:10:28.414, 6, P0, 33, 242.51 W, 1965 MHz, 3996 MHz, 0 %, 0 MiB
2026/08/03 11:10:28.414, 7, P0, 37, 243.40 W, 1965 MHz, 3996 MHz, 0 %, 0 MiB
2026/08/03 11:10:29.414, 0, P0, 36, 258.09 W, 1965 MHz, 3996 MHz, 84 %, 161509 MiB
2026/08/03 11:10:29.414, 1, P0, 33, 251.67 W, 1965 MHz, 3996 MHz, 7 %, 161509 MiB
2026/08/03 11:10:29.414, 2, P0, 36, 236.24 W, 1965 MHz, 3996 MHz, 0 %, 0 MiB
2026/08/03 11:10:29.414, 3, P0, 33, 238.70 W, 1965 MHz, 3996 MHz, 0 %, 0 MiB
2026/08/03 11:10:29.414, 4, P0, 33, 235.87 W, 1965 MHz, 3996 MHz, 0 %, 0 MiB
2026/08/03 11:10:29.414, 5, P0, 36, 244.88 W, 1965 MHz, 3996 MHz, 0 %, 0 MiB
2026/08/03 11:10:29.414, 6, P0, 33, 242.45 W, 1965 MHz, 3996 MHz, 0 %, 0 MiB
2026/08/03 11:10:29.414, 7, P0, 37, 243.40 W, 1965 MHz, 3996 MHz, 0 %, 0 MiB
2026/08/03 11:10:30.414, 0, P0, 36, 258.37 W, 1965 MHz, 3996 MHz, 84 %, 161509 MiB
2026/08/03 11:10:30.415, 1, P0, 33, 252.25 W, 1965 MHz, 3996 MHz, 6 %, 161509 MiB
2026/08/03 11:10:30.415, 2, P0, 36, 236.23 W, 1965 MHz, 3996 MHz, 0 %, 0 MiB
2026/08/03 11:10:30.415, 3, P0, 33, 238.73 W, 1965 MHz, 3996 MHz, 0 %, 0 MiB
2026/08/03 11:10:30.415, 4, P0, 33, 235.89 W, 1965 MHz, 3996 MHz, 0 %, 0 MiB
2026/08/03 11:10:30.415, 5, P0, 36, 244.89 W, 1965 MHz, 3996 MHz, 0 %, 0 MiB
2026/08/03 11:10:30.415, 6, P0, 33, 242.44 W, 1965 MHz, 3996 MHz, 0 %, 0 MiB
2026/08/03 11:10:30.415, 7, P0, 37, 243.44 W, 1965 MHz, 3996 MHz, 0 %, 0 MiB
2026/08/03 11:10:31.415, 0, P0, 36, 258.62 W, 1965 MHz, 3996 MHz, 86 %, 161509 MiB
2026/08/03 11:10:31.415, 1, P0, 33, 250.27 W, 1965 MHz, 3996 MHz, 6 %, 161509 MiB
2026/08/03 11:10:31.415, 2, P0, 36, 236.19 W, 1965 MHz, 3996 MHz, 0 %, 0 MiB
2026/08/03 11:10:31.415, 3, P0, 33, 238.70 W, 1965 MHz, 3996 MHz, 0 %, 0 MiB
2026/08/03 11:10:31.415, 4, P0, 33, 235.88 W, 1965 MHz, 3996 MHz, 0 %, 0 MiB
2026/08/03 11:10:31.415, 5, P0, 36, 244.96 W, 1965 MHz, 3996 MHz, 0 %, 0 MiB
2026/08/03 11:10:31.415, 6, P0, 33, 242.40 W, 1965 MHz, 3996 MHz, 0 %, 0 MiB
2026/08/03 11:10:31.415, 7, P0, 37, 243.45 W, 1965 MHz, 3996 MHz, 0 %, 0 MiB
2026/08/03 11:10:32.415, 0, P0, 36, 257.86 W, 1965 MHz, 3996 MHz, 87 %, 161509 MiB
2026/08/03 11:10:32.415, 1, P0, 33, 251.43 W, 1965 MHz, 3996 MHz, 7 %, 161509 MiB
2026/08/03 11:10:32.415, 2, P0, 36, 236.24 W, 1965 MHz, 3996 MHz, 0 %, 0 MiB
2026/08/03 11:10:32.415, 3, P0, 33, 238.77 W, 1965 MHz, 3996 MHz, 0 %, 0 MiB
2026/08/03 11:10:32.415, 4, P0, 33, 235.88 W, 1965 MHz, 3996 MHz, 0 %, 0 MiB
2026/08/03 11:10:32.415, 5, P0, 36, 244.90 W, 1965 MHz, 3996 MHz, 0 %, 0 MiB
2026/08/03 11:10:32.415, 6, P0, 33, 242.45 W, 1965 MHz, 3996 MHz, 0 %, 0 MiB
2026/08/03 11:10:32.415, 7, P0, 37, 243.40 W, 1965 MHz, 3996 MHz, 0 %, 0 MiB
2026/08/03 11:10:33.415, 0, P0, 36, 258.49 W, 1965 MHz, 3996 MHz, 92 %, 161509 MiB
2026/08/03 11:10:33.415, 1, P0, 33, 250.94 W, 1965 MHz, 3996 MHz, 6 %, 161509 MiB
2026/08/03 11:10:33.415, 2, P0, 36, 236.23 W, 1965 MHz, 3996 MHz, 0 %, 0 MiB
2026/08/03 11:10:33.415, 3, P0, 33, 238.80 W, 1965 MHz, 3996 MHz, 0 %, 0 MiB
2026/08/03 11:10:33.415, 4, P0, 33, 235.89 W, 1965 MHz, 3996 MHz, 0 %, 0 MiB
2026/08/03 11:10:33.415, 5, P0, 36, 244.93 W, 1965 MHz, 3996 MHz, 0 %, 0 MiB
2026/08/03 11:10:33.415, 6, P0, 33, 242.51 W, 1965 MHz, 3996 MHz, 0 %, 0 MiB
2026/08/03 11:10:33.415, 7, P0, 37, 243.53 W, 1965 MHz, 3996 MHz, 0 %, 0 MiB
2026/08/03 11:10:34.416, 0, P0, 36, 257.94 W, 1965 MHz, 3996 MHz, 82 %, 161509 MiB
2026/08/03 11:10:34.416, 1, P0, 33, 250.89 W, 1965 MHz, 3996 MHz, 7 %, 161509 MiB
2026/08/03 11:10:34.416, 2, P0, 36, 236.19 W, 1965 MHz, 3996 MHz, 0 %, 0 MiB
2026/08/03 11:10:34.416, 3, P0, 33, 238.82 W, 1965 MHz, 3996 MHz, 0 %, 0 MiB
2026/08/03 11:10:34.416, 4, P0, 33, 235.89 W, 1965 MHz, 3996 MHz, 0 %, 0 MiB
2026/08/03 11:10:34.416, 5, P0, 36, 244.89 W, 1965 MHz, 3996 MHz, 0 %, 0 MiB
2026/08/03 11:10:34.416, 6, P0, 33, 242.51 W, 1965 MHz, 3996 MHz, 0 %, 0 MiB
2026/08/03 11:10:34.416, 7, P0, 37, 243.46 W, 1965 MHz, 3996 MHz, 0 %, 0 MiB
2026/08/03 11:10:35.416, 0, P0, 36, 259.49 W, 1965 MHz, 3996 MHz, 92 %, 161509 MiB
2026/08/03 11:10:35.416, 1, P0, 33, 251.28 W, 1965 MHz, 3996 MHz, 6 %, 161509 MiB
2026/08/03 11:10:35.416, 2, P0, 36, 236.23 W, 1965 MHz, 3996 MHz, 0 %, 0 MiB
2026/08/03 11:10:35.416, 3, P0, 33, 238.79 W, 1965 MHz, 3996 MHz, 0 %, 0 MiB
2026/08/03 11:10:35.416, 4, P0, 33, 235.89 W, 1965 MHz, 3996 MHz, 0 %, 0 MiB
2026/08/03 11:10:35.416, 5, P0, 36, 244.76 W, 1965 MHz, 3996 MHz, 0 %, 0 MiB
2026/08/03 11:10:35.416, 6, P0, 33, 242.47 W, 1965 MHz, 3996 MHz, 0 %, 0 MiB
2026/08/03 11:10:35.416, 7, P0, 37, 243.46 W, 1965 MHz, 3996 MHz, 0 %, 0 MiB
2026/08/03 11:10:36.416, 0, P0, 36, 258.29 W, 1965 MHz, 3996 MHz, 91 %, 161509 MiB
2026/08/03 11:10:36.416, 1, P0, 33, 251.16 W, 1965 MHz, 3996 MHz, 7 %, 161509 MiB
2026/08/03 11:10:36.416, 2, P0, 36, 236.23 W, 1965 MHz, 3996 MHz, 0 %, 0 MiB
2026/08/03 11:10:36.416, 3, P0, 33, 238.75 W, 1965 MHz, 3996 MHz, 0 %, 0 MiB
2026/08/03 11:10:36.416, 4, P0, 33, 235.88 W, 1965 MHz, 3996 MHz, 0 %, 0 MiB
2026/08/03 11:10:36.416, 5, P0, 36, 244.83 W, 1965 MHz, 3996 MHz, 0 %, 0 MiB
2026/08/03 11:10:36.416, 6, P0, 33, 242.51 W, 1965 MHz, 3996 MHz, 0 %, 0 MiB
2026/08/03 11:10:36.416, 7, P0, 37, 243.49 W, 1965 MHz, 3996 MHz, 0 %, 0 MiB
2026/08/03 11:10:37.416, 0, P0, 36, 259.21 W, 1965 MHz, 3996 MHz, 90 %, 161509 MiB
2026/08/03 11:10:37.416, 1, P0, 33, 251.82 W, 1965 MHz, 3996 MHz, 7 %, 161509 MiB
2026/08/03 11:10:37.416, 2, P0, 36, 236.22 W, 1965 MHz, 3996 MHz, 0 %, 0 MiB
2026/08/03 11:10:37.416, 3, P0, 33, 238.75 W, 1965 MHz, 3996 MHz, 0 %, 0 MiB
2026/08/03 11:10:37.416, 4, P0, 33, 235.89 W, 1965 MHz, 3996 MHz, 0 %, 0 MiB
2026/08/03 11:10:37.417, 5, P0, 36, 244.84 W, 1965 MHz, 3996 MHz, 0 %, 0 MiB
2026/08/03 11:10:37.417, 6, P0, 33, 242.43 W, 1965 MHz, 3996 MHz, 0 %, 0 MiB
2026/08/03 11:10:37.417, 7, P0, 37, 243.41 W, 1965 MHz, 3996 MHz, 0 %, 0 MiB
2026/08/03 11:10:38.417, 0, P0, 36, 258.52 W, 1965 MHz, 3996 MHz, 88 %, 161509 MiB
2026/08/03 11:10:38.417, 1, P0, 33, 250.57 W, 1965 MHz, 3996 MHz, 7 %, 161509 MiB
2026/08/03 11:10:38.417, 2, P0, 36, 236.30 W, 1965 MHz, 3996 MHz, 0 %, 0 MiB
2026/08/03 11:10:38.417, 3, P0, 33, 238.72 W, 1965 MHz, 3996 MHz, 0 %, 0 MiB
2026/08/03 11:10:38.417, 4, P0, 33, 235.89 W, 1965 MHz, 3996 MHz, 0 %, 0 MiB
2026/08/03 11:10:38.417, 5, P0, 36, 244.90 W, 1965 MHz, 3996 MHz, 0 %, 0 MiB
2026/08/03 11:10:38.417, 6, P0, 33, 242.46 W, 1965 MHz, 3996 MHz, 0 %, 0 MiB
2026/08/03 11:10:38.417, 7, P0, 37, 243.42 W, 1965 MHz, 3996 MHz, 0 %, 0 MiB
2026/08/03 11:10:39.417, 0, P0, 36, 257.86 W, 1965 MHz, 3996 MHz, 83 %, 161509 MiB
2026/08/03 11:10:39.417, 1, P0, 33, 252.25 W, 1965 MHz, 3996 MHz, 7 %, 161509 MiB
2026/08/03 11:10:39.417, 2, P0, 36, 236.31 W, 1965 MHz, 3996 MHz, 0 %, 0 MiB
2026/08/03 11:10:39.417, 3, P0, 33, 238.70 W, 1965 MHz, 3996 MHz, 0 %, 0 MiB
2026/08/03 11:10:39.417, 4, P0, 33, 235.90 W, 1965 MHz, 3996 MHz, 0 %, 0 MiB
2026/08/03 11:10:39.417, 5, P0, 36, 244.94 W, 1965 MHz, 3996 MHz, 0 %, 0 MiB
2026/08/03 11:10:39.417, 6, P0, 33, 242.43 W, 1965 MHz, 3996 MHz, 0 %, 0 MiB
2026/08/03 11:10:39.417, 7, P0, 37, 243.45 W, 1965 MHz, 3996 MHz, 0 %, 0 MiB
2026/08/03 11:10:40.417, 0, P0, 36, 259.24 W, 1965 MHz, 3996 MHz, 83 %, 161509 MiB
2026/08/03 11:10:40.417, 1, P0, 33, 251.62 W, 1965 MHz, 3996 MHz, 6 %, 161509 MiB
2026/08/03 11:10:40.417, 2, P0, 36, 236.32 W, 1965 MHz, 3996 MHz, 0 %, 0 MiB
2026/08/03 11:10:40.417, 3, P0, 33, 238.77 W, 1965 MHz, 3996 MHz, 0 %, 0 MiB
2026/08/03 11:10:40.417, 4, P0, 33, 235.90 W, 1965 MHz, 3996 MHz, 0 %, 0 MiB
2026/08/03 11:10:40.417, 5, P0, 36, 244.89 W, 1965 MHz, 3996 MHz, 0 %, 0 MiB
2026/08/03 11:10:40.417, 6, P0, 33, 242.46 W, 1965 MHz, 3996 MHz, 0 %, 0 MiB
2026/08/03 11:10:40.417, 7, P0, 37, 243.41 W, 1965 MHz, 3996 MHz, 0 %, 0 MiB
2026/08/03 11:10:41.417, 0, P0, 36, 258.11 W, 1965 MHz, 3996 MHz, 82 %, 161509 MiB
2026/08/03 11:10:41.418, 1, P0, 33, 250.80 W, 1965 MHz, 3996 MHz, 6 %, 161509 MiB
2026/08/03 11:10:41.418, 2, P0, 36, 236.20 W, 1965 MHz, 3996 MHz, 0 %, 0 MiB
2026/08/03 11:10:41.418, 3, P0, 33, 238.73 W, 1965 MHz, 3996 MHz, 0 %, 0 MiB
2026/08/03 11:10:41.418, 4, P0, 33, 235.89 W, 1965 MHz, 3996 MHz, 0 %, 0 MiB
2026/08/03 11:10:41.418, 5, P0, 36, 244.93 W, 1965 MHz, 3996 MHz, 0 %, 0 MiB
2026/08/03 11:10:41.418, 6, P0, 33, 242.47 W, 1965 MHz, 3996 MHz, 0 %, 0 MiB
2026/08/03 11:10:41.418, 7, P0, 37, 243.39 W, 1965 MHz, 3996 MHz, 0 %, 0 MiB
2026/08/03 11:10:42.418, 0, P0, 36, 259.69 W, 1965 MHz, 3996 MHz, 73 %, 161509 MiB
2026/08/03 11:10:42.418, 1, P0, 33, 249.81 W, 1965 MHz, 3996 MHz, 6 %, 161509 MiB
2026/08/03 11:10:42.418, 2, P0, 36, 236.21 W, 1965 MHz, 3996 MHz, 0 %, 0 MiB
2026/08/03 11:10:42.418, 3, P0, 33, 238.65 W, 1965 MHz, 3996 MHz, 0 %, 0 MiB
2026/08/03 11:10:42.418, 4, P0, 33, 235.88 W, 1965 MHz, 3996 MHz, 0 %, 0 MiB
2026/08/03 11:10:42.418, 5, P0, 36, 244.90 W, 1965 MHz, 3996 MHz, 0 %, 0 MiB
2026/08/03 11:10:42.418, 6, P0, 33, 242.48 W, 1965 MHz, 3996 MHz, 0 %, 0 MiB
2026/08/03 11:10:42.418, 7, P0, 37, 243.49 W, 1965 MHz, 3996 MHz, 0 %, 0 MiB
2026/08/03 11:10:43.418, 0, P0, 36, 258.74 W, 1965 MHz, 3996 MHz, 36 %, 161509 MiB
2026/08/03 11:10:43.418, 1, P0, 33, 251.54 W, 1965 MHz, 3996 MHz, 6 %, 161509 MiB
2026/08/03 11:10:43.418, 2, P0, 36, 236.20 W, 1965 MHz, 3996 MHz, 0 %, 0 MiB
2026/08/03 11:10:43.418, 3, P0, 33, 238.68 W, 1965 MHz, 3996 MHz, 0 %, 0 MiB
2026/08/03 11:10:43.418, 4, P0, 33, 235.89 W, 1965 MHz, 3996 MHz, 0 %, 0 MiB
2026/08/03 11:10:43.418, 5, P0, 36, 244.87 W, 1965 MHz, 3996 MHz, 0 %, 0 MiB
2026/08/03 11:10:43.418, 6, P0, 33, 242.49 W, 1965 MHz, 3996 MHz, 0 %, 0 MiB
2026/08/03 11:10:43.418, 7, P0, 37, 243.48 W, 1965 MHz, 3996 MHz, 0 %, 0 MiB
2026/08/03 11:10:44.418, 0, P0, 36, 258.57 W, 1965 MHz, 3996 MHz, 81 %, 161509 MiB
2026/08/03 11:10:44.418, 1, P0, 33, 250.87 W, 1965 MHz, 3996 MHz, 6 %, 161509 MiB
2026/08/03 11:10:44.418, 2, P0, 36, 236.24 W, 1965 MHz, 3996 MHz, 0 %, 0 MiB
2026/08/03 11:10:44.418, 3, P0, 33, 238.66 W, 1965 MHz, 3996 MHz, 0 %, 0 MiB
2026/08/03 11:10:44.418, 4, P0, 33, 235.91 W, 1965 MHz, 3996 MHz, 0 %, 0 MiB
2026/08/03 11:10:44.418, 5, P0, 36, 244.90 W, 1965 MHz, 3996 MHz, 0 %, 0 MiB
2026/08/03 11:10:44.418, 6, P0, 33, 242.49 W, 1965 MHz, 3996 MHz, 0 %, 0 MiB
2026/08/03 11:10:44.418, 7, P0, 37, 243.44 W, 1965 MHz, 3996 MHz, 0 %, 0 MiB
2026/08/03 11:10:45.419, 0, P0, 36, 258.32 W, 1965 MHz, 3996 MHz, 75 %, 161509 MiB
2026/08/03 11:10:45.419, 1, P0, 33, 251.82 W, 1965 MHz, 3996 MHz, 6 %, 161509 MiB
2026/08/03 11:10:45.419, 2, P0, 36, 236.19 W, 1965 MHz, 3996 MHz, 0 %, 0 MiB
2026/08/03 11:10:45.419, 3, P0, 33, 238.72 W, 1965 MHz, 3996 MHz, 0 %, 0 MiB
2026/08/03 11:10:45.419, 4, P0, 33, 235.86 W, 1965 MHz, 3996 MHz, 0 %, 0 MiB
2026/08/03 11:10:45.419, 5, P0, 36, 244.83 W, 1965 MHz, 3996 MHz, 0 %, 0 MiB
2026/08/03 11:10:45.419, 6, P0, 33, 242.51 W, 1965 MHz, 3996 MHz, 0 %, 0 MiB
2026/08/03 11:10:45.419, 7, P0, 37, 243.48 W, 1965 MHz, 3996 MHz, 0 %, 0 MiB
2026/08/03 11:10:46.419, 0, P0, 36, 259.11 W, 1965 MHz, 3996 MHz, 80 %, 161509 MiB
2026/08/03 11:10:46.419, 1, P0, 33, 250.73 W, 1965 MHz, 3996 MHz, 6 %, 161509 MiB
2026/08/03 11:10:46.419, 2, P0, 36, 236.33 W, 1965 MHz, 3996 MHz, 0 %, 0 MiB
2026/08/03 11:10:46.419, 3, P0, 33, 238.75 W, 1965 MHz, 3996 MHz, 0 %, 0 MiB
2026/08/03 11:10:46.419, 4, P0, 33, 235.89 W, 1965 MHz, 3996 MHz, 0 %, 0 MiB
2026/08/03 11:10:46.419, 5, P0, 36, 244.84 W, 1965 MHz, 3996 MHz, 0 %, 0 MiB
2026/08/03 11:10:46.419, 6, P0, 33, 242.50 W, 1965 MHz, 3996 MHz, 0 %, 0 MiB
2026/08/03 11:10:46.419, 7, P0, 37, 243.49 W, 1965 MHz, 3996 MHz, 0 %, 0 MiB
2026/08/03 11:10:47.419, 0, P0, 36, 258.93 W, 1965 MHz, 3996 MHz, 82 %, 161509 MiB
2026/08/03 11:10:47.419, 1, P0, 33, 250.35 W, 1965 MHz, 3996 MHz, 6 %, 161509 MiB
2026/08/03 11:10:47.419, 2, P0, 36, 236.29 W, 1965 MHz, 3996 MHz, 0 %, 0 MiB
2026/08/03 11:10:47.419, 3, P0, 33, 238.76 W, 1965 MHz, 3996 MHz, 0 %, 0 MiB
2026/08/03 11:10:47.419, 4, P0, 33, 235.88 W, 1965 MHz, 3996 MHz, 0 %, 0 MiB
2026/08/03 11:10:47.419, 5, P0, 36, 244.88 W, 1965 MHz, 3996 MHz, 0 %, 0 MiB
2026/08/03 11:10:47.419, 6, P0, 33, 242.50 W, 1965 MHz, 3996 MHz, 0 %, 0 MiB
2026/08/03 11:10:47.419, 7, P0, 37, 243.44 W, 1965 MHz, 3996 MHz, 0 %, 0 MiB
2026/08/03 11:10:48.419, 0, P0, 36, 257.08 W, 1965 MHz, 3996 MHz, 82 %, 161509 MiB
2026/08/03 11:10:48.419, 1, P0, 33, 252.35 W, 1965 MHz, 3996 MHz, 9 %, 161509 MiB
2026/08/03 11:10:48.419, 2, P0, 36, 236.32 W, 1965 MHz, 3996 MHz, 0 %, 0 MiB
2026/08/03 11:10:48.420, 3, P0, 33, 238.81 W, 1965 MHz, 3996 MHz, 0 %, 0 MiB
2026/08/03 11:10:48.420, 4, P0, 33, 235.90 W, 1965 MHz, 3996 MHz, 0 %, 0 MiB
2026/08/03 11:10:48.420, 5, P0, 36, 244.87 W, 1965 MHz, 3996 MHz, 0 %, 0 MiB
2026/08/03 11:10:48.420, 6, P0, 33, 242.59 W, 1965 MHz, 3996 MHz, 0 %, 0 MiB
2026/08/03 11:10:48.420, 7, P0, 37, 243.49 W, 1965 MHz, 3996 MHz, 0 %, 0 MiB
2026/08/03 11:10:49.420, 0, P0, 36, 257.98 W, 1965 MHz, 3996 MHz, 82 %, 161509 MiB
2026/08/03 11:10:49.420, 1, P0, 33, 250.58 W, 1965 MHz, 3996 MHz, 6 %, 161509 MiB
2026/08/03 11:10:49.420, 2, P0, 36, 236.24 W, 1965 MHz, 3996 MHz, 0 %, 0 MiB
2026/08/03 11:10:49.420, 3, P0, 33, 238.81 W, 1965 MHz, 3996 MHz, 0 %, 0 MiB
2026/08/03 11:10:49.420, 4, P0, 33, 235.89 W, 1965 MHz, 3996 MHz, 0 %, 0 MiB
2026/08/03 11:10:49.420, 5, P0, 36, 244.95 W, 1965 MHz, 3996 MHz, 0 %, 0 MiB
2026/08/03 11:10:49.420, 6, P0, 33, 242.52 W, 1965 MHz, 3996 MHz, 0 %, 0 MiB
2026/08/03 11:10:49.420, 7, P0, 37, 243.48 W, 1965 MHz, 3996 MHz, 0 %, 0 MiB
2026/08/03 11:10:50.420, 0, P0, 36, 258.92 W, 1965 MHz, 3996 MHz, 82 %, 161509 MiB
2026/08/03 11:10:50.420, 1, P0, 33, 250.57 W, 1965 MHz, 3996 MHz, 6 %, 161509 MiB
2026/08/03 11:10:50.420, 2, P0, 36, 236.19 W, 1965 MHz, 3996 MHz, 0 %, 0 MiB
2026/08/03 11:10:50.420, 3, P0, 33, 238.70 W, 1965 MHz, 3996 MHz, 0 %, 0 MiB
2026/08/03 11:10:50.420, 4, P0, 33, 235.91 W, 1965 MHz, 3996 MHz, 0 %, 0 MiB
2026/08/03 11:10:50.420, 5, P0, 36, 244.85 W, 1965 MHz, 3996 MHz, 0 %, 0 MiB
2026/08/03 11:10:50.420, 6, P0, 33, 242.51 W, 1965 MHz, 3996 MHz, 0 %, 0 MiB
2026/08/03 11:10:50.420, 7, P0, 37, 243.48 W, 1965 MHz, 3996 MHz, 0 %, 0 MiB
2026/08/03 11:10:51.420, 0, P0, 36, 258.04 W, 1965 MHz, 3996 MHz, 83 %, 161509 MiB
2026/08/03 11:10:51.420, 1, P0, 33, 252.12 W, 1965 MHz, 3996 MHz, 6 %, 161509 MiB
2026/08/03 11:10:51.420, 2, P0, 36, 236.20 W, 1965 MHz, 3996 MHz, 0 %, 0 MiB
2026/08/03 11:10:51.420, 3, P0, 33, 238.77 W, 1965 MHz, 3996 MHz, 0 %, 0 MiB
2026/08/03 11:10:51.420, 4, P0, 33, 235.89 W, 1965 MHz, 3996 MHz, 0 %, 0 MiB
2026/08/03 11:10:51.420, 5, P0, 36, 244.87 W, 1965 MHz, 3996 MHz, 0 %, 0 MiB
2026/08/03 11:10:51.420, 6, P0, 33, 242.53 W, 1965 MHz, 3996 MHz, 0 %, 0 MiB
2026/08/03 11:10:51.420, 7, P0, 37, 243.46 W, 1965 MHz, 3996 MHz, 0 %, 0 MiB
2026/08/03 11:10:52.420, 0, P0, 36, 258.16 W, 1965 MHz, 3996 MHz, 97 %, 161509 MiB
2026/08/03 11:10:52.421, 1, P0, 33, 251.23 W, 1965 MHz, 3996 MHz, 7 %, 161509 MiB
2026/08/03 11:10:52.421, 2, P0, 36, 236.31 W, 1965 MHz, 3996 MHz, 0 %, 0 MiB
2026/08/03 11:10:52.421, 3, P0, 33, 238.71 W, 1965 MHz, 3996 MHz, 0 %, 0 MiB
2026/08/03 11:10:52.421, 4, P0, 33, 235.91 W, 1965 MHz, 3996 MHz, 0 %, 0 MiB
2026/08/03 11:10:52.421, 5, P0, 36, 244.88 W, 1965 MHz, 3996 MHz, 0 %, 0 MiB
2026/08/03 11:10:52.421, 6, P0, 33, 242.48 W, 1965 MHz, 3996 MHz, 0 %, 0 MiB
2026/08/03 11:10:52.421, 7, P0, 37, 243.44 W, 1965 MHz, 3996 MHz, 0 %, 0 MiB
2026/08/03 11:10:53.421, 0, P0, 36, 258.78 W, 1965 MHz, 3996 MHz, 89 %, 161509 MiB
2026/08/03 11:10:53.421, 1, P0, 33, 250.67 W, 1965 MHz, 3996 MHz, 7 %, 161509 MiB
2026/08/03 11:10:53.421, 2, P0, 36, 236.26 W, 1965 MHz, 3996 MHz, 0 %, 0 MiB
2026/08/03 11:10:53.421, 3, P0, 33, 238.75 W, 1965 MHz, 3996 MHz, 0 %, 0 MiB
2026/08/03 11:10:53.421, 4, P0, 33, 235.89 W, 1965 MHz, 3996 MHz, 0 %, 0 MiB
2026/08/03 11:10:53.421, 5, P0, 36, 244.82 W, 1965 MHz, 3996 MHz, 0 %, 0 MiB
2026/08/03 11:10:53.421, 6, P0, 33, 242.49 W, 1965 MHz, 3996 MHz, 0 %, 0 MiB
2026/08/03 11:10:53.421, 7, P0, 37, 243.37 W, 1965 MHz, 3996 MHz, 0 %, 0 MiB
2026/08/03 11:10:54.421, 0, P0, 36, 259.30 W, 1965 MHz, 3996 MHz, 90 %, 161509 MiB
2026/08/03 11:10:54.421, 1, P0, 33, 252.32 W, 1965 MHz, 3996 MHz, 7 %, 161509 MiB
2026/08/03 11:10:54.421, 2, P0, 36, 236.24 W, 1965 MHz, 3996 MHz, 0 %, 0 MiB
2026/08/03 11:10:54.421, 3, P0, 33, 238.79 W, 1965 MHz, 3996 MHz, 0 %, 0 MiB
2026/08/03 11:10:54.421, 4, P0, 33, 235.91 W, 1965 MHz, 3996 MHz, 0 %, 0 MiB
2026/08/03 11:10:54.421, 5, P0, 36, 244.87 W, 1965 MHz, 3996 MHz, 0 %, 0 MiB
2026/08/03 11:10:54.421, 6, P0, 33, 242.62 W, 1965 MHz, 3996 MHz, 0 %, 0 MiB
2026/08/03 11:10:54.421, 7, P0, 37, 243.47 W, 1965 MHz, 3996 MHz, 0 %, 0 MiB
2026/08/03 11:10:55.421, 0, P0, 36, 258.60 W, 1965 MHz, 3996 MHz, 89 %, 161509 MiB
2026/08/03 11:10:55.421, 1, P0, 33, 251.88 W, 1965 MHz, 3996 MHz, 7 %, 161509 MiB
2026/08/03 11:10:55.421, 2, P0, 36, 236.26 W, 1965 MHz, 3996 MHz, 0 %, 0 MiB
2026/08/03 11:10:55.421, 3, P0, 33, 238.77 W, 1965 MHz, 3996 MHz, 0 %, 0 MiB
2026/08/03 11:10:55.421, 4, P0, 33, 235.89 W, 1965 MHz, 3996 MHz, 0 %, 0 MiB
2026/08/03 11:10:55.421, 5, P0, 36, 244.91 W, 1965 MHz, 3996 MHz, 0 %, 0 MiB
2026/08/03 11:10:55.421, 6, P0, 33, 242.49 W, 1965 MHz, 3996 MHz, 0 %, 0 MiB
2026/08/03 11:10:55.421, 7, P0, 37, 243.45 W, 1965 MHz, 3996 MHz, 0 %, 0 MiB
2026/08/03 11:10:56.422, 0, P0, 37, 410.52 W, 1965 MHz, 3996 MHz, 90 %, 161509 MiB
2026/08/03 11:10:56.422, 1, P0, 34, 406.90 W, 1965 MHz, 3996 MHz, 7 %, 161509 MiB
2026/08/03 11:10:56.422, 2, P0, 36, 236.19 W, 1965 MHz, 3996 MHz, 0 %, 0 MiB
2026/08/03 11:10:56.422, 3, P0, 33, 238.72 W, 1965 MHz, 3996 MHz, 0 %, 0 MiB
2026/08/03 11:10:56.422, 4, P0, 33, 235.90 W, 1965 MHz, 3996 MHz, 0 %, 0 MiB
2026/08/03 11:10:56.422, 5, P0, 36, 244.79 W, 1965 MHz, 3996 MHz, 0 %, 0 MiB
2026/08/03 11:10:56.422, 6, P0, 33, 242.53 W, 1965 MHz, 3996 MHz, 0 %, 0 MiB
2026/08/03 11:10:56.422, 7, P0, 37, 243.43 W, 1965 MHz, 3996 MHz, 0 %, 0 MiB
2026/08/03 11:10:57.422, 0, P0, 37, 263.15 W, 1965 MHz, 3996 MHz, 79 %, 161509 MiB
2026/08/03 11:10:57.422, 1, P0, 34, 256.82 W, 1965 MHz, 3996 MHz, 7 %, 161509 MiB
2026/08/03 11:10:57.422, 2, P0, 36, 236.23 W, 1965 MHz, 3996 MHz, 0 %, 0 MiB
2026/08/03 11:10:57.422, 3, P0, 33, 238.71 W, 1965 MHz, 3996 MHz, 0 %, 0 MiB
2026/08/03 11:10:57.422, 4, P0, 33, 235.90 W, 1965 MHz, 3996 MHz, 0 %, 0 MiB
2026/08/03 11:10:57.422, 5, P0, 36, 244.94 W, 1965 MHz, 3996 MHz, 0 %, 0 MiB
2026/08/03 11:10:57.422, 6, P0, 33, 242.52 W, 1965 MHz, 3996 MHz, 0 %, 0 MiB
2026/08/03 11:10:57.422, 7, P0, 37, 243.40 W, 1965 MHz, 3996 MHz, 0 %, 0 MiB
2026/08/03 11:10:58.422, 0, P0, 38, 411.40 W, 1965 MHz, 3996 MHz, 88 %, 161509 MiB
2026/08/03 11:10:58.422, 1, P0, 35, 407.60 W, 1965 MHz, 3996 MHz, 7 %, 161509 MiB
2026/08/03 11:10:58.422, 2, P0, 36, 236.24 W, 1965 MHz, 3996 MHz, 0 %, 0 MiB
2026/08/03 11:10:58.422, 3, P0, 33, 238.61 W, 1965 MHz, 3996 MHz, 0 %, 0 MiB
2026/08/03 11:10:58.422, 4, P0, 33, 235.93 W, 1965 MHz, 3996 MHz, 0 %, 0 MiB
2026/08/03 11:10:58.422, 5, P0, 36, 244.84 W, 1965 MHz, 3996 MHz, 0 %, 0 MiB
2026/08/03 11:10:58.422, 6, P0, 33, 242.59 W, 1965 MHz, 3996 MHz, 0 %, 0 MiB
2026/08/03 11:10:58.422, 7, P0, 37, 243.45 W, 1965 MHz, 3996 MHz, 0 %, 0 MiB
2026/08/03 11:10:59.422, 0, P0, 37, 262.91 W, 1965 MHz, 3996 MHz, 84 %, 161509 MiB
2026/08/03 11:10:59.422, 1, P0, 34, 254.38 W, 1965 MHz, 3996 MHz, 7 %, 161509 MiB
2026/08/03 11:10:59.422, 2, P0, 36, 236.21 W, 1965 MHz, 3996 MHz, 0 %, 0 MiB
2026/08/03 11:10:59.422, 3, P0, 33, 238.67 W, 1965 MHz, 3996 MHz, 0 %, 0 MiB
2026/08/03 11:10:59.422, 4, P0, 33, 235.91 W, 1965 MHz, 3996 MHz, 0 %, 0 MiB
2026/08/03 11:10:59.423, 5, P0, 36, 244.91 W, 1965 MHz, 3996 MHz, 0 %, 0 MiB
2026/08/03 11:10:59.423, 6, P0, 33, 242.56 W, 1965 MHz, 3996 MHz, 0 %, 0 MiB
2026/08/03 11:10:59.423, 7, P0, 37, 243.44 W, 1965 MHz, 3996 MHz, 0 %, 0 MiB
2026/08/03 11:11:00.423, 0, P0, 40, 413.60 W, 1965 MHz, 3996 MHz, 81 %, 161509 MiB
2026/08/03 11:11:00.423, 1, P0, 36, 408.38 W, 1965 MHz, 3996 MHz, 7 %, 161509 MiB
2026/08/03 11:11:00.423, 2, P0, 36, 236.24 W, 1965 MHz, 3996 MHz, 0 %, 0 MiB
2026/08/03 11:11:00.423, 3, P0, 33, 238.60 W, 1965 MHz, 3996 MHz, 0 %, 0 MiB
2026/08/03 11:11:00.423, 4, P0, 33, 235.95 W, 1965 MHz, 3996 MHz, 0 %, 0 MiB
2026/08/03 11:11:00.423, 5, P0, 36, 244.82 W, 1965 MHz, 3996 MHz, 0 %, 0 MiB
2026/08/03 11:11:00.423, 6, P0, 33, 242.53 W, 1965 MHz, 3996 MHz, 0 %, 0 MiB
2026/08/03 11:11:00.423, 7, P0, 37, 243.54 W, 1965 MHz, 3996 MHz, 0 %, 0 MiB
2026/08/03 11:11:01.423, 0, P0, 37, 262.52 W, 1965 MHz, 3996 MHz, 90 %, 161509 MiB
2026/08/03 11:11:01.423, 1, P0, 34, 253.60 W, 1965 MHz, 3996 MHz, 7 %, 161509 MiB
2026/08/03 11:11:01.423, 2, P0, 36, 236.21 W, 1965 MHz, 3996 MHz, 0 %, 0 MiB
2026/08/03 11:11:01.423, 3, P0, 33, 238.70 W, 1965 MHz, 3996 MHz, 0 %, 0 MiB
2026/08/03 11:11:01.423, 4, P0, 33, 235.93 W, 1965 MHz, 3996 MHz, 0 %, 0 MiB
2026/08/03 11:11:01.423, 5, P0, 36, 244.82 W, 1965 MHz, 3996 MHz, 0 %, 0 MiB
2026/08/03 11:11:01.423, 6, P0, 33, 242.48 W, 1965 MHz, 3996 MHz, 0 %, 0 MiB
2026/08/03 11:11:01.423, 7, P0, 37, 243.44 W, 1965 MHz, 3996 MHz, 0 %, 0 MiB
2026/08/03 11:11:02.423, 0, P0, 46, 390.59 W, 1672 MHz, 3996 MHz, 87 %, 161509 MiB
2026/08/03 11:11:02.423, 1, P0, 43, 388.07 W, 1642 MHz, 3996 MHz, 100 %, 161509 MiB
2026/08/03 11:11:02.423, 2, P0, 36, 236.27 W, 1965 MHz, 3996 MHz, 0 %, 0 MiB
2026/08/03 11:11:02.423, 3, P0, 33, 238.74 W, 1965 MHz, 3996 MHz, 0 %, 0 MiB
2026/08/03 11:11:02.423, 4, P0, 33, 235.93 W, 1965 MHz, 3996 MHz, 0 %, 0 MiB
2026/08/03 11:11:02.423, 5, P0, 36, 244.88 W, 1965 MHz, 3996 MHz, 0 %, 0 MiB
2026/08/03 11:11:02.423, 6, P0, 33, 242.48 W, 1965 MHz, 3996 MHz, 0 %, 0 MiB
2026/08/03 11:11:02.423, 7, P0, 37, 243.48 W, 1965 MHz, 3996 MHz, 0 %, 0 MiB
2026/08/03 11:11:03.423, 0, P0, 37, 294.54 W, 1965 MHz, 3996 MHz, 80 %, 161509 MiB
2026/08/03 11:11:03.423, 1, P0, 34, 271.27 W, 1965 MHz, 3996 MHz, 7 %, 161509 MiB
2026/08/03 11:11:03.423, 2, P0, 36, 236.37 W, 1965 MHz, 3996 MHz, 0 %, 0 MiB
2026/08/03 11:11:03.424, 3, P0, 33, 238.85 W, 1965 MHz, 3996 MHz, 0 %, 0 MiB
2026/08/03 11:11:03.424, 4, P0, 33, 235.91 W, 1965 MHz, 3996 MHz, 0 %, 0 MiB
2026/08/03 11:11:03.424, 5, P0, 36, 244.84 W, 1965 MHz, 3996 MHz, 0 %, 0 MiB
2026/08/03 11:11:03.424, 6, P0, 33, 242.50 W, 1965 MHz, 3996 MHz, 0 %, 0 MiB
2026/08/03 11:11:03.424, 7, P0, 37, 243.46 W, 1965 MHz, 3996 MHz, 0 %, 0 MiB
2026/08/03 11:11:04.424, 0, P0, 37, 260.31 W, 1965 MHz, 3996 MHz, 82 %, 161509 MiB
2026/08/03 11:11:04.424, 1, P0, 34, 252.77 W, 1965 MHz, 3996 MHz, 7 %, 161509 MiB
2026/08/03 11:11:04.424, 2, P0, 36, 236.26 W, 1965 MHz, 3996 MHz, 0 %, 0 MiB
2026/08/03 11:11:04.424, 3, P0, 33, 238.87 W, 1965 MHz, 3996 MHz, 0 %, 0 MiB
2026/08/03 11:11:04.425, 4, P0, 33, 235.89 W, 1965 MHz, 3996 MHz, 0 %, 0 MiB
2026/08/03 11:11:04.425, 5, P0, 36, 244.86 W, 1965 MHz, 3996 MHz, 0 %, 0 MiB
2026/08/03 11:11:04.425, 6, P0, 33, 242.55 W, 1965 MHz, 3996 MHz, 0 %, 0 MiB
2026/08/03 11:11:04.425, 7, P0, 37, 243.47 W, 1965 MHz, 3996 MHz, 0 %, 0 MiB
2026/08/03 11:11:05.426, 0, P0, 37, 259.47 W, 1965 MHz, 3996 MHz, 85 %, 161509 MiB
2026/08/03 11:11:05.426, 1, P0, 34, 252.85 W, 1965 MHz, 3996 MHz, 7 %, 161509 MiB
2026/08/03 11:11:05.426, 2, P0, 36, 236.28 W, 1965 MHz, 3996 MHz, 0 %, 0 MiB
2026/08/03 11:11:05.426, 3, P0, 33, 238.87 W, 1965 MHz, 3996 MHz, 0 %, 0 MiB
2026/08/03 11:11:05.426, 4, P0, 33, 235.88 W, 1965 MHz, 3996 MHz, 0 %, 0 MiB
2026/08/03 11:11:05.426, 5, P0, 36, 244.91 W, 1965 MHz, 3996 MHz, 0 %, 0 MiB
2026/08/03 11:11:05.426, 6, P0, 33, 242.51 W, 1965 MHz, 3996 MHz, 0 %, 0 MiB
2026/08/03 11:11:05.426, 7, P0, 37, 243.51 W, 1965 MHz, 3996 MHz, 0 %, 0 MiB
2026/08/03 11:11:06.426, 0, P0, 37, 258.46 W, 1965 MHz, 3996 MHz, 59 %, 161509 MiB
2026/08/03 11:11:06.426, 1, P0, 34, 252.37 W, 1965 MHz, 3996 MHz, 7 %, 161509 MiB
2026/08/03 11:11:06.426, 2, P0, 36, 236.36 W, 1965 MHz, 3996 MHz, 0 %, 0 MiB
2026/08/03 11:11:06.426, 3, P0, 33, 238.83 W, 1965 MHz, 3996 MHz, 0 %, 0 MiB
2026/08/03 11:11:06.426, 4, P0, 33, 235.90 W, 1965 MHz, 3996 MHz, 0 %, 0 MiB
2026/08/03 11:11:06.426, 5, P0, 36, 244.73 W, 1965 MHz, 3996 MHz, 0 %, 0 MiB
2026/08/03 11:11:06.426, 6, P0, 33, 242.46 W, 1965 MHz, 3996 MHz, 0 %, 0 MiB
2026/08/03 11:11:06.426, 7, P0, 37, 243.46 W, 1965 MHz, 3996 MHz, 0 %, 0 MiB
2026/08/03 11:11:07.426, 0, P0, 37, 259.84 W, 1965 MHz, 3996 MHz, 86 %, 161509 MiB
2026/08/03 11:11:07.426, 1, P0, 34, 252.31 W, 1965 MHz, 3996 MHz, 7 %, 161509 MiB
2026/08/03 11:11:07.426, 2, P0, 36, 236.35 W, 1965 MHz, 3996 MHz, 0 %, 0 MiB
2026/08/03 11:11:07.426, 3, P0, 33, 238.73 W, 1965 MHz, 3996 MHz, 0 %, 0 MiB
2026/08/03 11:11:07.426, 4, P0, 33, 235.88 W, 1965 MHz, 3996 MHz, 0 %, 0 MiB
2026/08/03 11:11:07.426, 5, P0, 36, 244.87 W, 1965 MHz, 3996 MHz, 0 %, 0 MiB
2026/08/03 11:11:07.426, 6, P0, 33, 242.57 W, 1965 MHz, 3996 MHz, 0 %, 0 MiB
2026/08/03 11:11:07.426, 7, P0, 37, 243.48 W, 1965 MHz, 3996 MHz, 0 %, 0 MiB
2026/08/03 11:11:08.426, 0, P0, 37, 259.19 W, 1965 MHz, 3996 MHz, 89 %, 161509 MiB
2026/08/03 11:11:08.426, 1, P0, 34, 252.81 W, 1965 MHz, 3996 MHz, 7 %, 161509 MiB
2026/08/03 11:11:08.426, 2, P0, 36, 236.38 W, 1965 MHz, 3996 MHz, 0 %, 0 MiB
2026/08/03 11:11:08.427, 3, P0, 33, 238.81 W, 1965 MHz, 3996 MHz, 0 %, 0 MiB
2026/08/03 11:11:08.427, 4, P0, 33, 235.89 W, 1965 MHz, 3996 MHz, 0 %, 0 MiB
2026/08/03 11:11:08.427, 5, P0, 36, 244.93 W, 1965 MHz, 3996 MHz, 0 %, 0 MiB
2026/08/03 11:11:08.427, 6, P0, 33, 242.53 W, 1965 MHz, 3996 MHz, 0 %, 0 MiB
2026/08/03 11:11:08.427, 7, P0, 37, 243.47 W, 1965 MHz, 3996 MHz, 0 %, 0 MiB
2026/08/03 11:11:09.427, 0, P0, 36, 259.14 W, 1965 MHz, 3996 MHz, 90 %, 161509 MiB
2026/08/03 11:11:09.427, 1, P0, 34, 251.96 W, 1965 MHz, 3996 MHz, 7 %, 161509 MiB
2026/08/03 11:11:09.427, 2, P0, 36, 236.42 W, 1965 MHz, 3996 MHz, 0 %, 0 MiB
2026/08/03 11:11:09.427, 3, P0, 33, 238.84 W, 1965 MHz, 3996 MHz, 0 %, 0 MiB
2026/08/03 11:11:09.427, 4, P0, 33, 235.89 W, 1965 MHz, 3996 MHz, 0 %, 0 MiB
2026/08/03 11:11:09.427, 5, P0, 36, 244.87 W, 1965 MHz, 3996 MHz, 0 %, 0 MiB
2026/08/03 11:11:09.427, 6, P0, 33, 242.52 W, 1965 MHz, 3996 MHz, 0 %, 0 MiB
2026/08/03 11:11:09.427, 7, P0, 37, 243.40 W, 1965 MHz, 3996 MHz, 0 %, 0 MiB
2026/08/03 11:11:10.427, 0, P0, 36, 259.17 W, 1965 MHz, 3996 MHz, 89 %, 161509 MiB
2026/08/03 11:11:10.427, 1, P0, 34, 253.53 W, 1965 MHz, 3996 MHz, 7 %, 161509 MiB
2026/08/03 11:11:10.427, 2, P0, 36, 236.36 W, 1965 MHz, 3996 MHz, 0 %, 0 MiB
2026/08/03 11:11:10.427, 3, P0, 33, 238.84 W, 1965 MHz, 3996 MHz, 0 %, 0 MiB
2026/08/03 11:11:10.427, 4, P0, 33, 235.90 W, 1965 MHz, 3996 MHz, 0 %, 0 MiB
2026/08/03 11:11:10.427, 5, P0, 36, 244.93 W, 1965 MHz, 3996 MHz, 0 %, 0 MiB
2026/08/03 11:11:10.427, 6, P0, 33, 242.56 W, 1965 MHz, 3996 MHz, 0 %, 0 MiB
2026/08/03 11:11:10.427, 7, P0, 37, 243.38 W, 1965 MHz, 3996 MHz, 0 %, 0 MiB
2026/08/03 11:11:11.427, 0, P0, 38, 409.38 W, 1965 MHz, 3996 MHz, 89 %, 161509 MiB
2026/08/03 11:11:11.427, 1, P0, 36, 407.66 W, 1965 MHz, 3996 MHz, 7 %, 161509 MiB
2026/08/03 11:11:11.427, 2, P0, 36, 236.34 W, 1965 MHz, 3996 MHz, 0 %, 0 MiB
2026/08/03 11:11:11.427, 3, P0, 33, 238.76 W, 1965 MHz, 3996 MHz, 0 %, 0 MiB
2026/08/03 11:11:11.427, 4, P0, 33, 235.92 W, 1965 MHz, 3996 MHz, 0 %, 0 MiB
2026/08/03 11:11:11.427, 5, P0, 36, 244.94 W, 1965 MHz, 3996 MHz, 0 %, 0 MiB
2026/08/03 11:11:11.427, 6, P0, 33, 242.58 W, 1965 MHz, 3996 MHz, 0 %, 0 MiB
2026/08/03 11:11:11.428, 7, P0, 37, 243.42 W, 1965 MHz, 3996 MHz, 0 %, 0 MiB
2026/08/03 11:11:12.428, 0, P0, 37, 262.20 W, 1965 MHz, 3996 MHz, 86 %, 161509 MiB
2026/08/03 11:11:12.428, 1, P0, 34, 254.49 W, 1965 MHz, 3996 MHz, 7 %, 161509 MiB
2026/08/03 11:11:12.428, 2, P0, 36, 236.38 W, 1965 MHz, 3996 MHz, 0 %, 0 MiB
2026/08/03 11:11:12.428, 3, P0, 33, 238.77 W, 1965 MHz, 3996 MHz, 0 %, 0 MiB
2026/08/03 11:11:12.428, 4, P0, 33, 235.89 W, 1965 MHz, 3996 MHz, 0 %, 0 MiB
2026/08/03 11:11:12.428, 5, P0, 36, 244.96 W, 1965 MHz, 3996 MHz, 0 %, 0 MiB
2026/08/03 11:11:12.428, 6, P0, 33, 242.54 W, 1965 MHz, 3996 MHz, 0 %, 0 MiB
2026/08/03 11:11:12.428, 7, P0, 37, 243.49 W, 1965 MHz, 3996 MHz, 0 %, 0 MiB
2026/08/03 11:11:13.428, 0, P0, 40, 410.28 W, 1710 MHz, 3996 MHz, 94 %, 161509 MiB
2026/08/03 11:11:13.428, 1, P0, 39, 404.86 W, 1702 MHz, 3996 MHz, 40 %, 161509 MiB
2026/08/03 11:11:13.428, 2, P0, 36, 236.36 W, 1965 MHz, 3996 MHz, 0 %, 0 MiB
2026/08/03 11:11:13.428, 3, P0, 33, 238.80 W, 1965 MHz, 3996 MHz, 0 %, 0 MiB
2026/08/03 11:11:13.428, 4, P0, 33, 235.89 W, 1965 MHz, 3996 MHz, 0 %, 0 MiB
2026/08/03 11:11:13.428, 5, P0, 36, 244.88 W, 1965 MHz, 3996 MHz, 0 %, 0 MiB
2026/08/03 11:11:13.428, 6, P0, 33, 242.68 W, 1965 MHz, 3996 MHz, 0 %, 0 MiB
2026/08/03 11:11:13.428, 7, P0, 37, 243.43 W, 1965 MHz, 3996 MHz, 0 %, 0 MiB
2026/08/03 11:11:14.428, 0, P0, 37, 261.89 W, 1965 MHz, 3996 MHz, 86 %, 161509 MiB
2026/08/03 11:11:14.428, 1, P0, 34, 254.40 W, 1965 MHz, 3996 MHz, 7 %, 161509 MiB
2026/08/03 11:11:14.428, 2, P0, 36, 236.35 W, 1965 MHz, 3996 MHz, 0 %, 0 MiB
2026/08/03 11:11:14.428, 3, P0, 33, 238.61 W, 1965 MHz, 3996 MHz, 0 %, 0 MiB
2026/08/03 11:11:14.428, 4, P0, 33, 235.87 W, 1965 MHz, 3996 MHz, 0 %, 0 MiB
2026/08/03 11:11:14.428, 5, P0, 36, 244.83 W, 1965 MHz, 3996 MHz, 0 %, 0 MiB
2026/08/03 11:11:14.428, 6, P0, 33, 242.48 W, 1965 MHz, 3996 MHz, 0 %, 0 MiB
2026/08/03 11:11:14.428, 7, P0, 37, 243.41 W, 1965 MHz, 3996 MHz, 0 %, 0 MiB
2026/08/03 11:11:15.428, 0, P0, 37, 261.04 W, 1965 MHz, 3996 MHz, 79 %, 161509 MiB
2026/08/03 11:11:15.428, 1, P0, 34, 254.53 W, 1965 MHz, 3996 MHz, 7 %, 161509 MiB
2026/08/03 11:11:15.429, 2, P0, 36, 236.30 W, 1965 MHz, 3996 MHz, 0 %, 0 MiB
2026/08/03 11:11:15.429, 3, P0, 33, 238.71 W, 1965 MHz, 3996 MHz, 0 %, 0 MiB
2026/08/03 11:11:15.429, 4, P0, 33, 235.90 W, 1965 MHz, 3996 MHz, 0 %, 0 MiB
2026/08/03 11:11:15.429, 5, P0, 36, 244.84 W, 1965 MHz, 3996 MHz, 0 %, 0 MiB
2026/08/03 11:11:15.429, 6, P0, 33, 242.45 W, 1965 MHz, 3996 MHz, 0 %, 0 MiB
2026/08/03 11:11:15.429, 7, P0, 37, 243.46 W, 1965 MHz, 3996 MHz, 0 %, 0 MiB
2026/08/03 11:11:16.429, 0, P0, 37, 259.35 W, 1965 MHz, 3996 MHz, 84 %, 161509 MiB
2026/08/03 11:11:16.429, 1, P0, 34, 253.31 W, 1965 MHz, 3996 MHz, 7 %, 161509 MiB
2026/08/03 11:11:16.429, 2, P0, 36, 236.28 W, 1965 MHz, 3996 MHz, 0 %, 0 MiB
2026/08/03 11:11:16.429, 3, P0, 33, 238.69 W, 1965 MHz, 3996 MHz, 0 %, 0 MiB
2026/08/03 11:11:16.429, 4, P0, 33, 235.89 W, 1965 MHz, 3996 MHz, 0 %, 0 MiB
2026/08/03 11:11:16.429, 5, P0, 36, 244.90 W, 1965 MHz, 3996 MHz, 0 %, 0 MiB
2026/08/03 11:11:16.429, 6, P0, 33, 242.50 W, 1965 MHz, 3996 MHz, 0 %, 0 MiB
2026/08/03 11:11:16.429, 7, P0, 37, 243.51 W, 1965 MHz, 3996 MHz, 0 %, 0 MiB
2026/08/03 11:11:17.429, 0, P0, 37, 261.26 W, 1965 MHz, 3996 MHz, 75 %, 161509 MiB
2026/08/03 11:11:17.429, 1, P0, 34, 254.09 W, 1965 MHz, 3996 MHz, 7 %, 161509 MiB
2026/08/03 11:11:17.429, 2, P0, 36, 236.40 W, 1965 MHz, 3996 MHz, 0 %, 0 MiB
2026/08/03 11:11:17.429, 3, P0, 33, 238.77 W, 1965 MHz, 3996 MHz, 0 %, 0 MiB
2026/08/03 11:11:17.429, 4, P0, 33, 235.90 W, 1965 MHz, 3996 MHz, 0 %, 0 MiB
2026/08/03 11:11:17.429, 5, P0, 36, 244.89 W, 1965 MHz, 3996 MHz, 0 %, 0 MiB
2026/08/03 11:11:17.429, 6, P0, 33, 242.49 W, 1965 MHz, 3996 MHz, 0 %, 0 MiB
2026/08/03 11:11:17.429, 7, P0, 37, 243.51 W, 1965 MHz, 3996 MHz, 0 %, 0 MiB
2026/08/03 11:11:18.429, 0, P0, 37, 260.78 W, 1965 MHz, 3996 MHz, 83 %, 161509 MiB
2026/08/03 11:11:18.429, 1, P0, 34, 254.11 W, 1965 MHz, 3996 MHz, 7 %, 161509 MiB
2026/08/03 11:11:18.429, 2, P0, 36, 236.38 W, 1965 MHz, 3996 MHz, 0 %, 0 MiB
2026/08/03 11:11:18.429, 3, P0, 33, 238.81 W, 1965 MHz, 3996 MHz, 0 %, 0 MiB
2026/08/03 11:11:18.429, 4, P0, 33, 235.90 W, 1965 MHz, 3996 MHz, 0 %, 0 MiB
2026/08/03 11:11:18.429, 5, P0, 36, 244.82 W, 1965 MHz, 3996 MHz, 0 %, 0 MiB
2026/08/03 11:11:18.429, 6, P0, 33, 242.52 W, 1965 MHz, 3996 MHz, 0 %, 0 MiB
2026/08/03 11:11:18.429, 7, P0, 37, 243.46 W, 1965 MHz, 3996 MHz, 0 %, 0 MiB
2026/08/03 11:11:19.430, 0, P0, 37, 261.03 W, 1965 MHz, 3996 MHz, 86 %, 161509 MiB
2026/08/03 11:11:19.430, 1, P0, 34, 254.10 W, 1965 MHz, 3996 MHz, 7 %, 161509 MiB
2026/08/03 11:11:19.430, 2, P0, 36, 236.37 W, 1965 MHz, 3996 MHz, 0 %, 0 MiB
2026/08/03 11:11:19.430, 3, P0, 33, 238.75 W, 1965 MHz, 3996 MHz, 0 %, 0 MiB
2026/08/03 11:11:19.430, 4, P0, 33, 235.92 W, 1965 MHz, 3996 MHz, 0 %, 0 MiB
2026/08/03 11:11:19.430, 5, P0, 36, 244.85 W, 1965 MHz, 3996 MHz, 0 %, 0 MiB
2026/08/03 11:11:19.430, 6, P0, 33, 242.55 W, 1965 MHz, 3996 MHz, 0 %, 0 MiB
2026/08/03 11:11:19.430, 7, P0, 37, 243.53 W, 1965 MHz, 3996 MHz, 0 %, 0 MiB
2026/08/03 11:11:20.430, 0, P0, 37, 261.09 W, 1965 MHz, 3996 MHz, 90 %, 161509 MiB
2026/08/03 11:11:20.430, 1, P0, 34, 252.81 W, 1965 MHz, 3996 MHz, 7 %, 161509 MiB
2026/08/03 11:11:20.430, 2, P0, 36, 236.32 W, 1965 MHz, 3996 MHz, 0 %, 0 MiB
2026/08/03 11:11:20.430, 3, P0, 33, 238.76 W, 1965 MHz, 3996 MHz, 0 %, 0 MiB
2026/08/03 11:11:20.430, 4, P0, 33, 235.90 W, 1965 MHz, 3996 MHz, 0 %, 0 MiB
2026/08/03 11:11:20.430, 5, P0, 36, 244.93 W, 1965 MHz, 3996 MHz, 0 %, 0 MiB
2026/08/03 11:11:20.430, 6, P0, 33, 242.54 W, 1965 MHz, 3996 MHz, 0 %, 0 MiB
2026/08/03 11:11:20.430, 7, P0, 37, 243.47 W, 1965 MHz, 3996 MHz, 0 %, 0 MiB
2026/08/03 11:11:21.430, 0, P0, 37, 260.24 W, 1965 MHz, 3996 MHz, 87 %, 161509 MiB
2026/08/03 11:11:21.430, 1, P0, 34, 253.01 W, 1965 MHz, 3996 MHz, 7 %, 161509 MiB
2026/08/03 11:11:21.430, 2, P0, 36, 236.34 W, 1965 MHz, 3996 MHz, 0 %, 0 MiB
2026/08/03 11:11:21.430, 3, P0, 33, 238.76 W, 1965 MHz, 3996 MHz, 0 %, 0 MiB
2026/08/03 11:11:21.430, 4, P0, 33, 235.90 W, 1965 MHz, 3996 MHz, 0 %, 0 MiB
2026/08/03 11:11:21.430, 5, P0, 36, 244.88 W, 1965 MHz, 3996 MHz, 0 %, 0 MiB
2026/08/03 11:11:21.430, 6, P0, 33, 242.60 W, 1965 MHz, 3996 MHz, 0 %, 0 MiB
2026/08/03 11:11:21.430, 7, P0, 37, 243.51 W, 1965 MHz, 3996 MHz, 0 %, 0 MiB
2026/08/03 11:11:22.430, 0, P0, 36, 261.27 W, 1965 MHz, 3996 MHz, 88 %, 161509 MiB
2026/08/03 11:11:22.430, 1, P0, 34, 253.50 W, 1965 MHz, 3996 MHz, 7 %, 161509 MiB
2026/08/03 11:11:22.430, 2, P0, 36, 236.38 W, 1965 MHz, 3996 MHz, 0 %, 0 MiB
2026/08/03 11:11:22.431, 3, P0, 33, 238.80 W, 1965 MHz, 3996 MHz, 0 %, 0 MiB
2026/08/03 11:11:22.431, 4, P0, 33, 235.90 W, 1965 MHz, 3996 MHz, 0 %, 0 MiB
2026/08/03 11:11:22.431, 5, P0, 36, 244.89 W, 1965 MHz, 3996 MHz, 0 %, 0 MiB
2026/08/03 11:11:22.431, 6, P0, 33, 242.53 W, 1965 MHz, 3996 MHz, 0 %, 0 MiB
2026/08/03 11:11:22.431, 7, P0, 37, 243.52 W, 1965 MHz, 3996 MHz, 0 %, 0 MiB
2026/08/03 11:11:23.431, 0, P0, 36, 262.59 W, 1965 MHz, 3996 MHz, 91 %, 161509 MiB
2026/08/03 11:11:23.431, 1, P0, 34, 253.96 W, 1965 MHz, 3996 MHz, 7 %, 161509 MiB
2026/08/03 11:11:23.431, 2, P0, 36, 236.32 W, 1965 MHz, 3996 MHz, 0 %, 0 MiB
2026/08/03 11:11:23.431, 3, P0, 33, 238.69 W, 1965 MHz, 3996 MHz, 0 %, 0 MiB
2026/08/03 11:11:23.431, 4, P0, 33, 235.88 W, 1965 MHz, 3996 MHz, 0 %, 0 MiB
2026/08/03 11:11:23.431, 5, P0, 36, 244.92 W, 1965 MHz, 3996 MHz, 0 %, 0 MiB
2026/08/03 11:11:23.431, 6, P0, 33, 242.52 W, 1965 MHz, 3996 MHz, 0 %, 0 MiB
2026/08/03 11:11:23.431, 7, P0, 37, 243.53 W, 1965 MHz, 3996 MHz, 0 %, 0 MiB
2026/08/03 11:11:24.431, 0, P0, 36, 261.60 W, 1965 MHz, 3996 MHz, 91 %, 161509 MiB
2026/08/03 11:11:24.431, 1, P0, 34, 253.37 W, 1965 MHz, 3996 MHz, 7 %, 161509 MiB
2026/08/03 11:11:24.431, 2, P0, 36, 236.35 W, 1965 MHz, 3996 MHz, 0 %, 0 MiB
2026/08/03 11:11:24.431, 3, P0, 33, 238.70 W, 1965 MHz, 3996 MHz, 0 %, 0 MiB
2026/08/03 11:11:24.431, 4, P0, 33, 235.89 W, 1965 MHz, 3996 MHz, 0 %, 0 MiB
2026/08/03 11:11:24.431, 5, P0, 36, 244.86 W, 1965 MHz, 3996 MHz, 0 %, 0 MiB
2026/08/03 11:11:24.431, 6, P0, 33, 242.48 W, 1965 MHz, 3996 MHz, 0 %, 0 MiB
2026/08/03 11:11:24.431, 7, P0, 37, 243.41 W, 1965 MHz, 3996 MHz, 0 %, 0 MiB
2026/08/03 11:11:25.431, 0, P0, 36, 261.42 W, 1965 MHz, 3996 MHz, 90 %, 161509 MiB
2026/08/03 11:11:25.431, 1, P0, 34, 253.06 W, 1965 MHz, 3996 MHz, 7 %, 161509 MiB
2026/08/03 11:11:25.431, 2, P0, 36, 236.33 W, 1965 MHz, 3996 MHz, 0 %, 0 MiB
2026/08/03 11:11:25.431, 3, P0, 33, 238.80 W, 1965 MHz, 3996 MHz, 0 %, 0 MiB
2026/08/03 11:11:25.431, 4, P0, 33, 235.92 W, 1965 MHz, 3996 MHz, 0 %, 0 MiB
2026/08/03 11:11:25.431, 5, P0, 36, 244.87 W, 1965 MHz, 3996 MHz, 0 %, 0 MiB
2026/08/03 11:11:25.431, 6, P0, 33, 242.52 W, 1965 MHz, 3996 MHz, 0 %, 0 MiB
2026/08/03 11:11:25.431, 7, P0, 37, 243.46 W, 1965 MHz, 3996 MHz, 0 %, 0 MiB
2026/08/03 11:11:26.431, 0, P0, 36, 261.26 W, 1965 MHz, 3996 MHz, 90 %, 161509 MiB
2026/08/03 11:11:26.431, 1, P0, 34, 253.36 W, 1965 MHz, 3996 MHz, 7 %, 161509 MiB
2026/08/03 11:11:26.431, 2, P0, 36, 236.38 W, 1965 MHz, 3996 MHz, 0 %, 0 MiB
2026/08/03 11:11:26.432, 3, P0, 33, 238.75 W, 1965 MHz, 3996 MHz, 0 %, 0 MiB
2026/08/03 11:11:26.432, 4, P0, 33, 235.92 W, 1965 MHz, 3996 MHz, 0 %, 0 MiB
2026/08/03 11:11:26.432, 5, P0, 36, 244.86 W, 1965 MHz, 3996 MHz, 0 %, 0 MiB
2026/08/03 11:11:26.432, 6, P0, 33, 242.55 W, 1965 MHz, 3996 MHz, 0 %, 0 MiB
2026/08/03 11:11:26.432, 7, P0, 37, 243.35 W, 1965 MHz, 3996 MHz, 0 %, 0 MiB
2026/08/03 11:11:27.432, 0, P0, 36, 260.67 W, 1965 MHz, 3996 MHz, 89 %, 161509 MiB
2026/08/03 11:11:27.432, 1, P0, 34, 253.88 W, 1965 MHz, 3996 MHz, 7 %, 161509 MiB
2026/08/03 11:11:27.432, 2, P0, 36, 236.32 W, 1965 MHz, 3996 MHz, 0 %, 0 MiB
2026/08/03 11:11:27.432, 3, P0, 33, 238.66 W, 1965 MHz, 3996 MHz, 0 %, 0 MiB
2026/08/03 11:11:27.432, 4, P0, 33, 235.89 W, 1965 MHz, 3996 MHz, 0 %, 0 MiB
2026/08/03 11:11:27.432, 5, P0, 36, 244.93 W, 1965 MHz, 3996 MHz, 0 %, 0 MiB
2026/08/03 11:11:27.432, 6, P0, 33, 242.55 W, 1965 MHz, 3996 MHz, 0 %, 0 MiB
2026/08/03 11:11:27.432, 7, P0, 37, 243.45 W, 1965 MHz, 3996 MHz, 0 %, 0 MiB
2026/08/03 11:11:28.432, 0, P0, 36, 261.34 W, 1965 MHz, 3996 MHz, 89 %, 161509 MiB
2026/08/03 11:11:28.432, 1, P0, 34, 253.55 W, 1965 MHz, 3996 MHz, 7 %, 161509 MiB
2026/08/03 11:11:28.432, 2, P0, 36, 236.32 W, 1965 MHz, 3996 MHz, 0 %, 0 MiB
2026/08/03 11:11:28.432, 3, P0, 33, 238.74 W, 1965 MHz, 3996 MHz, 0 %, 0 MiB
2026/08/03 11:11:28.432, 4, P0, 33, 235.88 W, 1965 MHz, 3996 MHz, 0 %, 0 MiB
2026/08/03 11:11:28.432, 5, P0, 36, 244.92 W, 1965 MHz, 3996 MHz, 0 %, 0 MiB
2026/08/03 11:11:28.432, 6, P0, 33, 242.51 W, 1965 MHz, 3996 MHz, 0 %, 0 MiB
2026/08/03 11:11:28.432, 7, P0, 37, 243.55 W, 1965 MHz, 3996 MHz, 0 %, 0 MiB
2026/08/03 11:11:29.432, 0, P0, 36, 261.63 W, 1965 MHz, 3996 MHz, 89 %, 161509 MiB
2026/08/03 11:11:29.432, 1, P0, 34, 253.02 W, 1965 MHz, 3996 MHz, 7 %, 161509 MiB
2026/08/03 11:11:29.432, 2, P0, 36, 236.24 W, 1965 MHz, 3996 MHz, 0 %, 0 MiB
2026/08/03 11:11:29.432, 3, P0, 33, 238.61 W, 1965 MHz, 3996 MHz, 0 %, 0 MiB
2026/08/03 11:11:29.432, 4, P0, 33, 235.88 W, 1965 MHz, 3996 MHz, 0 %, 0 MiB
2026/08/03 11:11:29.432, 5, P0, 36, 244.89 W, 1965 MHz, 3996 MHz, 0 %, 0 MiB
2026/08/03 11:11:29.432, 6, P0, 33, 242.49 W, 1965 MHz, 3996 MHz, 0 %, 0 MiB
2026/08/03 11:11:29.432, 7, P0, 37, 243.42 W, 1965 MHz, 3996 MHz, 0 %, 0 MiB
2026/08/03 11:11:30.432, 0, P0, 36, 260.83 W, 1965 MHz, 3996 MHz, 86 %, 161509 MiB
2026/08/03 11:11:30.433, 1, P0, 34, 253.11 W, 1965 MHz, 3996 MHz, 7 %, 161509 MiB
2026/08/03 11:11:30.433, 2, P0, 36, 236.29 W, 1965 MHz, 3996 MHz, 0 %, 0 MiB
2026/08/03 11:11:30.433, 3, P0, 33, 238.75 W, 1965 MHz, 3996 MHz, 0 %, 0 MiB
2026/08/03 11:11:30.433, 4, P0, 33, 235.89 W, 1965 MHz, 3996 MHz, 0 %, 0 MiB
2026/08/03 11:11:30.433, 5, P0, 36, 244.96 W, 1965 MHz, 3996 MHz, 0 %, 0 MiB
2026/08/03 11:11:30.433, 6, P0, 33, 242.52 W, 1965 MHz, 3996 MHz, 0 %, 0 MiB
2026/08/03 11:11:30.433, 7, P0, 37, 243.50 W, 1965 MHz, 3996 MHz, 0 %, 0 MiB
2026/08/03 11:11:31.433, 0, P0, 36, 261.76 W, 1965 MHz, 3996 MHz, 83 %, 161509 MiB
2026/08/03 11:11:31.433, 1, P0, 34, 254.70 W, 1965 MHz, 3996 MHz, 7 %, 161509 MiB
2026/08/03 11:11:31.433, 2, P0, 36, 236.28 W, 1965 MHz, 3996 MHz, 0 %, 0 MiB
2026/08/03 11:11:31.433, 3, P0, 33, 238.74 W, 1965 MHz, 3996 MHz, 0 %, 0 MiB
2026/08/03 11:11:31.433, 4, P0, 33, 235.90 W, 1965 MHz, 3996 MHz, 0 %, 0 MiB
2026/08/03 11:11:31.433, 5, P0, 36, 244.89 W, 1965 MHz, 3996 MHz, 0 %, 0 MiB
2026/08/03 11:11:31.433, 6, P0, 33, 242.47 W, 1965 MHz, 3996 MHz, 0 %, 0 MiB
2026/08/03 11:11:31.433, 7, P0, 37, 243.54 W, 1965 MHz, 3996 MHz, 0 %, 0 MiB
2026/08/03 11:11:32.433, 0, P0, 36, 260.54 W, 1965 MHz, 3996 MHz, 88 %, 161509 MiB
2026/08/03 11:11:32.433, 1, P0, 34, 252.98 W, 1965 MHz, 3996 MHz, 7 %, 161509 MiB
2026/08/03 11:11:32.433, 2, P0, 36, 236.28 W, 1965 MHz, 3996 MHz, 0 %, 0 MiB
2026/08/03 11:11:32.433, 3, P0, 33, 238.72 W, 1965 MHz, 3996 MHz, 0 %, 0 MiB
2026/08/03 11:11:32.433, 4, P0, 33, 235.92 W, 1965 MHz, 3996 MHz, 0 %, 0 MiB
2026/08/03 11:11:32.433, 5, P0, 36, 244.88 W, 1965 MHz, 3996 MHz, 0 %, 0 MiB
2026/08/03 11:11:32.433, 6, P0, 33, 242.45 W, 1965 MHz, 3996 MHz, 0 %, 0 MiB
2026/08/03 11:11:32.433, 7, P0, 37, 243.51 W, 1965 MHz, 3996 MHz, 0 %, 0 MiB
2026/08/03 11:11:33.433, 0, P0, 36, 261.53 W, 1965 MHz, 3996 MHz, 85 %, 161509 MiB
2026/08/03 11:11:33.433, 1, P0, 34, 253.75 W, 1965 MHz, 3996 MHz, 7 %, 161509 MiB
2026/08/03 11:11:33.433, 2, P0, 36, 236.32 W, 1965 MHz, 3996 MHz, 0 %, 0 MiB
2026/08/03 11:11:33.433, 3, P0, 33, 238.80 W, 1965 MHz, 3996 MHz, 0 %, 0 MiB
2026/08/03 11:11:33.433, 4, P0, 33, 235.91 W, 1965 MHz, 3996 MHz, 0 %, 0 MiB
2026/08/03 11:11:33.433, 5, P0, 36, 244.89 W, 1965 MHz, 3996 MHz, 0 %, 0 MiB
2026/08/03 11:11:33.433, 6, P0, 33, 242.46 W, 1965 MHz, 3996 MHz, 0 %, 0 MiB
2026/08/03 11:11:33.433, 7, P0, 37, 243.53 W, 1965 MHz, 3996 MHz, 0 %, 0 MiB
2026/08/03 11:11:34.434, 0, P0, 36, 259.91 W, 1965 MHz, 3996 MHz, 83 %, 161509 MiB
2026/08/03 11:11:34.434, 1, P0, 34, 254.68 W, 1965 MHz, 3996 MHz, 7 %, 161509 MiB
2026/08/03 11:11:34.434, 2, P0, 36, 236.28 W, 1965 MHz, 3996 MHz, 0 %, 0 MiB
2026/08/03 11:11:34.434, 3, P0, 33, 238.79 W, 1965 MHz, 3996 MHz, 0 %, 0 MiB
2026/08/03 11:11:34.434, 4, P0, 33, 235.89 W, 1965 MHz, 3996 MHz, 0 %, 0 MiB
2026/08/03 11:11:34.434, 5, P0, 36, 244.87 W, 1965 MHz, 3996 MHz, 0 %, 0 MiB
2026/08/03 11:11:34.434, 6, P0, 33, 242.53 W, 1965 MHz, 3996 MHz, 0 %, 0 MiB
2026/08/03 11:11:34.434, 7, P0, 37, 243.48 W, 1965 MHz, 3996 MHz, 0 %, 0 MiB
2026/08/03 11:11:35.434, 0, P0, 36, 261.17 W, 1965 MHz, 3996 MHz, 80 %, 161509 MiB
2026/08/03 11:11:35.434, 1, P0, 34, 253.88 W, 1965 MHz, 3996 MHz, 7 %, 161509 MiB
2026/08/03 11:11:35.434, 2, P0, 36, 236.26 W, 1965 MHz, 3996 MHz, 0 %, 0 MiB
2026/08/03 11:11:35.434, 3, P0, 33, 238.69 W, 1965 MHz, 3996 MHz, 0 %, 0 MiB
2026/08/03 11:11:35.434, 4, P0, 33, 235.89 W, 1965 MHz, 3996 MHz, 0 %, 0 MiB
2026/08/03 11:11:35.434, 5, P0, 36, 244.88 W, 1965 MHz, 3996 MHz, 0 %, 0 MiB
2026/08/03 11:11:35.434, 6, P0, 33, 242.55 W, 1965 MHz, 3996 MHz, 0 %, 0 MiB
2026/08/03 11:11:35.434, 7, P0, 37, 243.60 W, 1965 MHz, 3996 MHz, 0 %, 0 MiB
2026/08/03 11:11:36.434, 0, P0, 36, 260.58 W, 1965 MHz, 3996 MHz, 66 %, 161509 MiB
2026/08/03 11:11:36.434, 1, P0, 34, 254.46 W, 1965 MHz, 3996 MHz, 7 %, 161509 MiB
2026/08/03 11:11:36.434, 2, P0, 36, 236.32 W, 1965 MHz, 3996 MHz, 0 %, 0 MiB
2026/08/03 11:11:36.434, 3, P0, 33, 238.84 W, 1965 MHz, 3996 MHz, 0 %, 0 MiB
2026/08/03 11:11:36.434, 4, P0, 33, 235.89 W, 1965 MHz, 3996 MHz, 0 %, 0 MiB
2026/08/03 11:11:36.434, 5, P0, 36, 244.83 W, 1965 MHz, 3996 MHz, 0 %, 0 MiB
2026/08/03 11:11:36.434, 6, P0, 33, 242.54 W, 1965 MHz, 3996 MHz, 0 %, 0 MiB
2026/08/03 11:11:36.434, 7, P0, 37, 243.45 W, 1965 MHz, 3996 MHz, 0 %, 0 MiB
2026/08/03 11:11:37.434, 0, P0, 36, 260.59 W, 1965 MHz, 3996 MHz, 81 %, 161509 MiB
2026/08/03 11:11:37.434, 1, P0, 34, 254.23 W, 1965 MHz, 3996 MHz, 7 %, 161509 MiB
2026/08/03 11:11:37.434, 2, P0, 36, 236.28 W, 1965 MHz, 3996 MHz, 0 %, 0 MiB
2026/08/03 11:11:37.434, 3, P0, 33, 238.67 W, 1965 MHz, 3996 MHz, 0 %, 0 MiB
2026/08/03 11:11:37.434, 4, P0, 33, 235.91 W, 1965 MHz, 3996 MHz, 0 %, 0 MiB
2026/08/03 11:11:37.434, 5, P0, 36, 244.79 W, 1965 MHz, 3996 MHz, 0 %, 0 MiB
2026/08/03 11:11:37.434, 6, P0, 33, 242.53 W, 1965 MHz, 3996 MHz, 0 %, 0 MiB
2026/08/03 11:11:37.434, 7, P0, 37, 243.46 W, 1965 MHz, 3996 MHz, 0 %, 0 MiB
2026/08/03 11:11:38.435, 0, P0, 36, 261.05 W, 1965 MHz, 3996 MHz, 84 %, 161509 MiB
2026/08/03 11:11:38.435, 1, P0, 34, 253.11 W, 1965 MHz, 3996 MHz, 7 %, 161509 MiB
2026/08/03 11:11:38.435, 2, P0, 36, 236.23 W, 1965 MHz, 3996 MHz, 0 %, 0 MiB
2026/08/03 11:11:38.435, 3, P0, 33, 238.72 W, 1965 MHz, 3996 MHz, 0 %, 0 MiB
2026/08/03 11:11:38.435, 4, P0, 33, 235.91 W, 1965 MHz, 3996 MHz, 0 %, 0 MiB
2026/08/03 11:11:38.435, 5, P0, 36, 244.90 W, 1965 MHz, 3996 MHz, 0 %, 0 MiB
2026/08/03 11:11:38.435, 6, P0, 33, 242.42 W, 1965 MHz, 3996 MHz, 0 %, 0 MiB
2026/08/03 11:11:38.435, 7, P0, 37, 243.46 W, 1965 MHz, 3996 MHz, 0 %, 0 MiB
2026/08/03 11:11:39.435, 0, P0, 36, 260.73 W, 1965 MHz, 3996 MHz, 78 %, 161509 MiB
2026/08/03 11:11:39.435, 1, P0, 34, 253.34 W, 1965 MHz, 3996 MHz, 7 %, 161509 MiB
2026/08/03 11:11:39.435, 2, P0, 36, 236.35 W, 1965 MHz, 3996 MHz, 0 %, 0 MiB
2026/08/03 11:11:39.435, 3, P0, 33, 238.73 W, 1965 MHz, 3996 MHz, 0 %, 0 MiB
2026/08/03 11:11:39.435, 4, P0, 33, 235.89 W, 1965 MHz, 3996 MHz, 0 %, 0 MiB
2026/08/03 11:11:39.435, 5, P0, 36, 244.86 W, 1965 MHz, 3996 MHz, 0 %, 0 MiB
2026/08/03 11:11:39.435, 6, P0, 33, 242.50 W, 1965 MHz, 3996 MHz, 0 %, 0 MiB
2026/08/03 11:11:39.435, 7, P0, 37, 243.42 W, 1965 MHz, 3996 MHz, 0 %, 0 MiB
2026/08/03 11:11:40.435, 0, P0, 36, 260.79 W, 1965 MHz, 3996 MHz, 80 %, 161509 MiB
2026/08/03 11:11:40.435, 1, P0, 34, 252.80 W, 1965 MHz, 3996 MHz, 7 %, 161509 MiB
2026/08/03 11:11:40.435, 2, P0, 36, 236.32 W, 1965 MHz, 3996 MHz, 0 %, 0 MiB
2026/08/03 11:11:40.435, 3, P0, 33, 238.68 W, 1965 MHz, 3996 MHz, 0 %, 0 MiB
2026/08/03 11:11:40.435, 4, P0, 33, 235.94 W, 1965 MHz, 3996 MHz, 0 %, 0 MiB
2026/08/03 11:11:40.435, 5, P0, 36, 244.94 W, 1965 MHz, 3996 MHz, 0 %, 0 MiB
2026/08/03 11:11:40.435, 6, P0, 33, 242.53 W, 1965 MHz, 3996 MHz, 0 %, 0 MiB
2026/08/03 11:11:40.435, 7, P0, 37, 243.35 W, 1965 MHz, 3996 MHz, 0 %, 0 MiB
2026/08/03 11:11:41.435, 0, P0, 36, 260.18 W, 1965 MHz, 3996 MHz, 83 %, 161509 MiB
2026/08/03 11:11:41.435, 1, P0, 34, 253.55 W, 1965 MHz, 3996 MHz, 7 %, 161509 MiB
2026/08/03 11:11:41.435, 2, P0, 36, 236.29 W, 1965 MHz, 3996 MHz, 0 %, 0 MiB
2026/08/03 11:11:41.435, 3, P0, 33, 238.70 W, 1965 MHz, 3996 MHz, 0 %, 0 MiB
2026/08/03 11:11:41.435, 4, P0, 33, 235.91 W, 1965 MHz, 3996 MHz, 0 %, 0 MiB
2026/08/03 11:11:41.435, 5, P0, 36, 244.95 W, 1965 MHz, 3996 MHz, 0 %, 0 MiB
2026/08/03 11:11:41.435, 6, P0, 33, 242.59 W, 1965 MHz, 3996 MHz, 0 %, 0 MiB
2026/08/03 11:11:41.435, 7, P0, 37, 243.37 W, 1965 MHz, 3996 MHz, 0 %, 0 MiB
2026/08/03 11:11:42.436, 0, P0, 36, 260.63 W, 1965 MHz, 3996 MHz, 83 %, 161509 MiB
2026/08/03 11:11:42.436, 1, P0, 34, 254.24 W, 1965 MHz, 3996 MHz, 7 %, 161509 MiB
2026/08/03 11:11:42.436, 2, P0, 36, 236.28 W, 1965 MHz, 3996 MHz, 0 %, 0 MiB
2026/08/03 11:11:42.436, 3, P0, 33, 238.81 W, 1965 MHz, 3996 MHz, 0 %, 0 MiB
2026/08/03 11:11:42.436, 4, P0, 33, 235.89 W, 1965 MHz, 3996 MHz, 0 %, 0 MiB
2026/08/03 11:11:42.436, 5, P0, 36, 244.91 W, 1965 MHz, 3996 MHz, 0 %, 0 MiB
2026/08/03 11:11:42.436, 6, P0, 33, 242.50 W, 1965 MHz, 3996 MHz, 0 %, 0 MiB
2026/08/03 11:11:42.436, 7, P0, 37, 243.48 W, 1965 MHz, 3996 MHz, 0 %, 0 MiB
2026/08/03 11:11:43.436, 0, P0, 36, 259.44 W, 1965 MHz, 3996 MHz, 85 %, 161509 MiB
2026/08/03 11:11:43.436, 1, P0, 34, 254.09 W, 1965 MHz, 3996 MHz, 8 %, 161509 MiB
2026/08/03 11:11:43.436, 2, P0, 36, 236.24 W, 1965 MHz, 3996 MHz, 0 %, 0 MiB
2026/08/03 11:11:43.436, 3, P0, 33, 238.77 W, 1965 MHz, 3996 MHz, 0 %, 0 MiB
2026/08/03 11:11:43.436, 4, P0, 33, 235.89 W, 1965 MHz, 3996 MHz, 0 %, 0 MiB
2026/08/03 11:11:43.436, 5, P0, 36, 244.97 W, 1965 MHz, 3996 MHz, 0 %, 0 MiB
2026/08/03 11:11:43.436, 6, P0, 33, 242.53 W, 1965 MHz, 3996 MHz, 0 %, 0 MiB
2026/08/03 11:11:43.436, 7, P0, 37, 243.50 W, 1965 MHz, 3996 MHz, 0 %, 0 MiB
2026/08/03 11:11:44.436, 0, P0, 36, 260.88 W, 1965 MHz, 3996 MHz, 86 %, 161509 MiB
2026/08/03 11:11:44.436, 1, P0, 34, 253.33 W, 1965 MHz, 3996 MHz, 7 %, 161509 MiB
2026/08/03 11:11:44.436, 2, P0, 36, 236.23 W, 1965 MHz, 3996 MHz, 0 %, 0 MiB
2026/08/03 11:11:44.436, 3, P0, 33, 238.79 W, 1965 MHz, 3996 MHz, 0 %, 0 MiB
2026/08/03 11:11:44.436, 4, P0, 33, 235.93 W, 1965 MHz, 3996 MHz, 0 %, 0 MiB
2026/08/03 11:11:44.436, 5, P0, 36, 244.89 W, 1965 MHz, 3996 MHz, 0 %, 0 MiB
2026/08/03 11:11:44.436, 6, P0, 33, 242.51 W, 1965 MHz, 3996 MHz, 0 %, 0 MiB
2026/08/03 11:11:44.436, 7, P0, 37, 243.44 W, 1965 MHz, 3996 MHz, 0 %, 0 MiB
2026/08/03 11:11:45.436, 0, P0, 36, 259.63 W, 1965 MHz, 3996 MHz, 87 %, 161509 MiB
2026/08/03 11:11:45.436, 1, P0, 34, 255.07 W, 1965 MHz, 3996 MHz, 7 %, 161509 MiB
2026/08/03 11:11:45.436, 2, P0, 36, 236.16 W, 1965 MHz, 3996 MHz, 0 %, 0 MiB
2026/08/03 11:11:45.436, 3, P0, 33, 238.70 W, 1965 MHz, 3996 MHz, 0 %, 0 MiB
2026/08/03 11:11:45.436, 4, P0, 33, 235.90 W, 1965 MHz, 3996 MHz, 0 %, 0 MiB
2026/08/03 11:11:45.436, 5, P0, 36, 244.96 W, 1965 MHz, 3996 MHz, 0 %, 0 MiB
2026/08/03 11:11:45.436, 6, P0, 33, 242.47 W, 1965 MHz, 3996 MHz, 0 %, 0 MiB
2026/08/03 11:11:45.436, 7, P0, 37, 243.52 W, 1965 MHz, 3996 MHz, 0 %, 0 MiB
2026/08/03 11:11:46.437, 0, P0, 36, 260.14 W, 1965 MHz, 3996 MHz, 89 %, 161509 MiB
2026/08/03 11:11:46.437, 1, P0, 34, 252.94 W, 1965 MHz, 3996 MHz, 7 %, 161509 MiB
2026/08/03 11:11:46.437, 2, P0, 36, 236.26 W, 1965 MHz, 3996 MHz, 0 %, 0 MiB
2026/08/03 11:11:46.437, 3, P0, 33, 238.77 W, 1965 MHz, 3996 MHz, 0 %, 0 MiB
2026/08/03 11:11:46.437, 4, P0, 33, 235.89 W, 1965 MHz, 3996 MHz, 0 %, 0 MiB
2026/08/03 11:11:46.437, 5, P0, 36, 244.89 W, 1965 MHz, 3996 MHz, 0 %, 0 MiB
2026/08/03 11:11:46.437, 6, P0, 33, 242.47 W, 1965 MHz, 3996 MHz, 0 %, 0 MiB
2026/08/03 11:11:46.437, 7, P0, 37, 243.48 W, 1965 MHz, 3996 MHz, 0 %, 0 MiB
2026/08/03 11:11:47.437, 0, P0, 36, 260.78 W, 1965 MHz, 3996 MHz, 90 %, 161509 MiB
2026/08/03 11:11:47.437, 1, P0, 34, 252.35 W, 1965 MHz, 3996 MHz, 7 %, 161509 MiB
2026/08/03 11:11:47.437, 2, P0, 36, 236.26 W, 1965 MHz, 3996 MHz, 0 %, 0 MiB
2026/08/03 11:11:47.437, 3, P0, 33, 238.71 W, 1965 MHz, 3996 MHz, 0 %, 0 MiB
2026/08/03 11:11:47.437, 4, P0, 33, 235.90 W, 1965 MHz, 3996 MHz, 0 %, 0 MiB
2026/08/03 11:11:47.437, 5, P0, 36, 244.90 W, 1965 MHz, 3996 MHz, 0 %, 0 MiB
2026/08/03 11:11:47.437, 6, P0, 33, 242.51 W, 1965 MHz, 3996 MHz, 0 %, 0 MiB
2026/08/03 11:11:47.437, 7, P0, 37, 243.49 W, 1965 MHz, 3996 MHz, 0 %, 0 MiB
2026/08/03 11:11:48.437, 0, P0, 37, 296.90 W, 1965 MHz, 3996 MHz, 95 %, 161509 MiB
2026/08/03 11:11:48.437, 1, P0, 34, 261.48 W, 1965 MHz, 3996 MHz, 8 %, 161509 MiB
2026/08/03 11:11:48.437, 2, P0, 36, 236.30 W, 1965 MHz, 3996 MHz, 0 %, 0 MiB
2026/08/03 11:11:48.437, 3, P0, 33, 238.83 W, 1965 MHz, 3996 MHz, 0 %, 0 MiB
2026/08/03 11:11:48.437, 4, P0, 33, 235.90 W, 1965 MHz, 3996 MHz, 0 %, 0 MiB
2026/08/03 11:11:48.437, 5, P0, 36, 244.87 W, 1965 MHz, 3996 MHz, 0 %, 0 MiB
2026/08/03 11:11:48.437, 6, P0, 33, 242.51 W, 1965 MHz, 3996 MHz, 0 %, 0 MiB
2026/08/03 11:11:48.437, 7, P0, 37, 243.43 W, 1965 MHz, 3996 MHz, 0 %, 0 MiB
2026/08/03 11:11:49.437, 0, P0, 37, 269.14 W, 1965 MHz, 3996 MHz, 92 %, 161509 MiB
2026/08/03 11:11:49.437, 1, P0, 34, 255.45 W, 1965 MHz, 3996 MHz, 8 %, 161509 MiB
2026/08/03 11:11:49.437, 2, P0, 36, 236.33 W, 1965 MHz, 3996 MHz, 0 %, 0 MiB
2026/08/03 11:11:49.437, 3, P0, 33, 238.80 W, 1965 MHz, 3996 MHz, 0 %, 0 MiB
2026/08/03 11:11:49.438, 4, P0, 33, 235.89 W, 1965 MHz, 3996 MHz, 0 %, 0 MiB
2026/08/03 11:11:49.438, 5, P0, 36, 244.93 W, 1965 MHz, 3996 MHz, 0 %, 0 MiB
2026/08/03 11:11:49.438, 6, P0, 33, 242.57 W, 1965 MHz, 3996 MHz, 0 %, 0 MiB
2026/08/03 11:11:49.438, 7, P0, 37, 243.48 W, 1965 MHz, 3996 MHz, 0 %, 0 MiB
2026/08/03 11:11:50.438, 0, P0, 37, 300.65 W, 1965 MHz, 3996 MHz, 93 %, 161509 MiB
2026/08/03 11:11:50.438, 1, P0, 34, 262.16 W, 1965 MHz, 3996 MHz, 8 %, 161509 MiB
2026/08/03 11:11:50.438, 2, P0, 36, 236.32 W, 1965 MHz, 3996 MHz, 0 %, 0 MiB
2026/08/03 11:11:50.438, 3, P0, 33, 238.70 W, 1965 MHz, 3996 MHz, 0 %, 0 MiB
2026/08/03 11:11:50.438, 4, P0, 33, 235.89 W, 1965 MHz, 3996 MHz, 0 %, 0 MiB
2026/08/03 11:11:50.438, 5, P0, 36, 244.92 W, 1965 MHz, 3996 MHz, 0 %, 0 MiB
2026/08/03 11:11:50.438, 6, P0, 33, 242.53 W, 1965 MHz, 3996 MHz, 0 %, 0 MiB
2026/08/03 11:11:50.438, 7, P0, 37, 243.37 W, 1965 MHz, 3996 MHz, 0 %, 0 MiB
2026/08/03 11:11:51.438, 0, P0, 37, 271.04 W, 1965 MHz, 3996 MHz, 93 %, 161509 MiB
2026/08/03 11:11:51.438, 1, P0, 34, 258.65 W, 1965 MHz, 3996 MHz, 8 %, 161509 MiB
2026/08/03 11:11:51.438, 2, P0, 36, 236.25 W, 1965 MHz, 3996 MHz, 0 %, 0 MiB
2026/08/03 11:11:51.438, 3, P0, 33, 238.74 W, 1965 MHz, 3996 MHz, 0 %, 0 MiB
2026/08/03 11:11:51.438, 4, P0, 33, 235.89 W, 1965 MHz, 3996 MHz, 0 %, 0 MiB
2026/08/03 11:11:51.438, 5, P0, 36, 244.90 W, 1965 MHz, 3996 MHz, 0 %, 0 MiB
2026/08/03 11:11:51.438, 6, P0, 33, 242.52 W, 1965 MHz, 3996 MHz, 0 %, 0 MiB
2026/08/03 11:11:51.438, 7, P0, 37, 243.42 W, 1965 MHz, 3996 MHz, 0 %, 0 MiB
2026/08/03 11:11:52.438, 0, P0, 37, 301.54 W, 1965 MHz, 3996 MHz, 93 %, 161509 MiB
2026/08/03 11:11:52.438, 1, P0, 34, 265.02 W, 1965 MHz, 3996 MHz, 8 %, 161509 MiB
2026/08/03 11:11:52.438, 2, P0, 36, 236.36 W, 1965 MHz, 3996 MHz, 0 %, 0 MiB
2026/08/03 11:11:52.438, 3, P0, 33, 238.74 W, 1965 MHz, 3996 MHz, 0 %, 0 MiB
2026/08/03 11:11:52.438, 4, P0, 33, 235.88 W, 1965 MHz, 3996 MHz, 0 %, 0 MiB
2026/08/03 11:11:52.438, 5, P0, 36, 244.85 W, 1965 MHz, 3996 MHz, 0 %, 0 MiB
2026/08/03 11:11:52.438, 6, P0, 33, 242.50 W, 1965 MHz, 3996 MHz, 0 %, 0 MiB
2026/08/03 11:11:52.438, 7, P0, 37, 243.40 W, 1965 MHz, 3996 MHz, 0 %, 0 MiB
2026/08/03 11:11:53.438, 0, P0, 36, 263.47 W, 1965 MHz, 3996 MHz, 100 %, 161509 MiB
2026/08/03 11:11:53.438, 1, P0, 33, 250.93 W, 1965 MHz, 3996 MHz, 0 %, 161509 MiB
2026/08/03 11:11:53.439, 2, P0, 36, 236.24 W, 1965 MHz, 3996 MHz, 0 %, 0 MiB
2026/08/03 11:11:53.439, 3, P0, 33, 238.75 W, 1965 MHz, 3996 MHz, 0 %, 0 MiB
2026/08/03 11:11:53.439, 4, P0, 33, 235.86 W, 1965 MHz, 3996 MHz, 0 %, 0 MiB
2026/08/03 11:11:53.439, 5, P0, 36, 244.87 W, 1965 MHz, 3996 MHz, 0 %, 0 MiB
2026/08/03 11:11:53.439, 6, P0, 33, 242.46 W, 1965 MHz, 3996 MHz, 0 %, 0 MiB
2026/08/03 11:11:53.439, 7, P0, 37, 243.51 W, 1965 MHz, 3996 MHz, 0 %, 0 MiB
2026/08/03 11:11:54.439, 0, P0, 36, 254.69 W, 1965 MHz, 3996 MHz, 100 %, 161509 MiB
2026/08/03 11:11:54.439, 1, P0, 33, 240.68 W, 1965 MHz, 3996 MHz, 0 %, 161509 MiB
2026/08/03 11:11:54.439, 2, P0, 36, 236.20 W, 1965 MHz, 3996 MHz, 0 %, 0 MiB
2026/08/03 11:11:54.439, 3, P0, 33, 238.80 W, 1965 MHz, 3996 MHz, 0 %, 0 MiB
2026/08/03 11:11:54.439, 4, P0, 33, 235.89 W, 1965 MHz, 3996 MHz, 0 %, 0 MiB
2026/08/03 11:11:54.439, 5, P0, 36, 244.96 W, 1965 MHz, 3996 MHz, 0 %, 0 MiB
2026/08/03 11:11:54.439, 6, P0, 33, 242.57 W, 1965 MHz, 3996 MHz, 0 %, 0 MiB
2026/08/03 11:11:54.439, 7, P0, 37, 243.48 W, 1965 MHz, 3996 MHz, 0 %, 0 MiB
2026/08/03 11:11:55.439, 0, P0, 36, 261.70 W, 1965 MHz, 3996 MHz, 96 %, 161509 MiB
2026/08/03 11:11:55.439, 1, P0, 34, 247.10 W, 1965 MHz, 3996 MHz, 8 %, 161509 MiB
2026/08/03 11:11:55.439, 2, P0, 36, 236.24 W, 1965 MHz, 3996 MHz, 0 %, 0 MiB
2026/08/03 11:11:55.439, 3, P0, 33, 238.73 W, 1965 MHz, 3996 MHz, 0 %, 0 MiB
2026/08/03 11:11:55.439, 4, P0, 33, 235.89 W, 1965 MHz, 3996 MHz, 0 %, 0 MiB
2026/08/03 11:11:55.439, 5, P0, 36, 244.96 W, 1965 MHz, 3996 MHz, 0 %, 0 MiB
2026/08/03 11:11:55.439, 6, P0, 33, 242.53 W, 1965 MHz, 3996 MHz, 0 %, 0 MiB
2026/08/03 11:11:55.439, 7, P0, 37, 243.45 W, 1965 MHz, 3996 MHz, 0 %, 0 MiB
2026/08/03 11:11:56.439, 0, P0, 37, 294.97 W, 1965 MHz, 3996 MHz, 31 %, 161509 MiB
2026/08/03 11:11:56.439, 1, P0, 34, 262.36 W, 1965 MHz, 3996 MHz, 100 %, 161509 MiB
2026/08/03 11:11:56.439, 2, P0, 36, 236.23 W, 1965 MHz, 3996 MHz, 0 %, 0 MiB
2026/08/03 11:11:56.439, 3, P0, 33, 238.69 W, 1965 MHz, 3996 MHz, 0 %, 0 MiB
2026/08/03 11:11:56.439, 4, P0, 33, 235.92 W, 1965 MHz, 3996 MHz, 0 %, 0 MiB
2026/08/03 11:11:56.439, 5, P0, 36, 244.85 W, 1965 MHz, 3996 MHz, 0 %, 0 MiB
2026/08/03 11:11:56.439, 6, P0, 33, 242.48 W, 1965 MHz, 3996 MHz, 0 %, 0 MiB
2026/08/03 11:11:56.439, 7, P0, 37, 243.36 W, 1965 MHz, 3996 MHz, 0 %, 0 MiB
2026/08/03 11:11:57.440, 0, P0, 36, 243.73 W, 1965 MHz, 3996 MHz, 0 %, 161509 MiB
2026/08/03 11:11:57.440, 1, P0, 34, 251.92 W, 1965 MHz, 3996 MHz, 100 %, 161509 MiB
2026/08/03 11:11:57.440, 2, P0, 36, 236.14 W, 1965 MHz, 3996 MHz, 0 %, 0 MiB
2026/08/03 11:11:57.440, 3, P0, 33, 238.83 W, 1965 MHz, 3996 MHz, 0 %, 0 MiB
2026/08/03 11:11:57.440, 4, P0, 33, 235.89 W, 1965 MHz, 3996 MHz, 0 %, 0 MiB
2026/08/03 11:11:57.440, 5, P0, 36, 244.90 W, 1965 MHz, 3996 MHz, 0 %, 0 MiB
2026/08/03 11:11:57.440, 6, P0, 33, 242.51 W, 1965 MHz, 3996 MHz, 0 %, 0 MiB
2026/08/03 11:11:57.440, 7, P0, 37, 243.47 W, 1965 MHz, 3996 MHz, 0 %, 0 MiB
2026/08/03 11:11:58.440, 0, P0, 36, 247.57 W, 1965 MHz, 3996 MHz, 0 %, 161509 MiB
2026/08/03 11:11:58.440, 1, P0, 34, 252.40 W, 1965 MHz, 3996 MHz, 7 %, 161509 MiB
2026/08/03 11:11:58.440, 2, P0, 36, 236.15 W, 1965 MHz, 3996 MHz, 0 %, 0 MiB
2026/08/03 11:11:58.440, 3, P0, 33, 238.77 W, 1965 MHz, 3996 MHz, 0 %, 0 MiB
2026/08/03 11:11:58.440, 4, P0, 33, 235.90 W, 1965 MHz, 3996 MHz, 0 %, 0 MiB
2026/08/03 11:11:58.440, 5, P0, 36, 244.94 W, 1965 MHz, 3996 MHz, 0 %, 0 MiB
2026/08/03 11:11:58.440, 6, P0, 33, 242.54 W, 1965 MHz, 3996 MHz, 0 %, 0 MiB
2026/08/03 11:11:58.440, 7, P0, 37, 243.45 W, 1965 MHz, 3996 MHz, 0 %, 0 MiB
2026/08/03 11:11:59.440, 0, P0, 36, 268.77 W, 1965 MHz, 3996 MHz, 91 %, 161509 MiB
2026/08/03 11:11:59.440, 1, P0, 34, 255.22 W, 1965 MHz, 3996 MHz, 7 %, 161509 MiB
2026/08/03 11:11:59.440, 2, P0, 36, 236.26 W, 1965 MHz, 3996 MHz, 0 %, 0 MiB
2026/08/03 11:11:59.440, 3, P0, 33, 238.79 W, 1965 MHz, 3996 MHz, 0 %, 0 MiB
2026/08/03 11:11:59.440, 4, P0, 33, 235.89 W, 1965 MHz, 3996 MHz, 0 %, 0 MiB
2026/08/03 11:11:59.440, 5, P0, 36, 244.87 W, 1965 MHz, 3996 MHz, 0 %, 0 MiB
2026/08/03 11:11:59.440, 6, P0, 33, 242.51 W, 1965 MHz, 3996 MHz, 0 %, 0 MiB
2026/08/03 11:11:59.440, 7, P0, 37, 243.52 W, 1965 MHz, 3996 MHz, 0 %, 0 MiB
2026/08/03 11:12:00.440, 0, P0, 36, 268.01 W, 1965 MHz, 3996 MHz, 92 %, 161509 MiB
2026/08/03 11:12:00.440, 1, P0, 34, 253.88 W, 1965 MHz, 3996 MHz, 7 %, 161509 MiB
2026/08/03 11:12:00.440, 2, P0, 36, 236.32 W, 1965 MHz, 3996 MHz, 0 %, 0 MiB
2026/08/03 11:12:00.440, 3, P0, 33, 238.80 W, 1965 MHz, 3996 MHz, 0 %, 0 MiB
2026/08/03 11:12:00.440, 4, P0, 33, 235.93 W, 1965 MHz, 3996 MHz, 0 %, 0 MiB
2026/08/03 11:12:00.441, 5, P0, 36, 245.02 W, 1965 MHz, 3996 MHz, 0 %, 0 MiB
2026/08/03 11:12:00.441, 6, P0, 33, 242.48 W, 1965 MHz, 3996 MHz, 0 %, 0 MiB
2026/08/03 11:12:00.441, 7, P0, 37, 243.56 W, 1965 MHz, 3996 MHz, 0 %, 0 MiB
2026/08/03 11:12:01.441, 0, P0, 36, 268.30 W, 1965 MHz, 3996 MHz, 92 %, 161509 MiB
2026/08/03 11:12:01.441, 1, P0, 34, 254.32 W, 1965 MHz, 3996 MHz, 7 %, 161509 MiB
2026/08/03 11:12:01.441, 2, P0, 36, 236.22 W, 1965 MHz, 3996 MHz, 0 %, 0 MiB
2026/08/03 11:12:01.441, 3, P0, 33, 238.82 W, 1965 MHz, 3996 MHz, 0 %, 0 MiB
2026/08/03 11:12:01.441, 4, P0, 33, 235.93 W, 1965 MHz, 3996 MHz, 0 %, 0 MiB
2026/08/03 11:12:01.441, 5, P0, 36, 244.99 W, 1965 MHz, 3996 MHz, 0 %, 0 MiB
2026/08/03 11:12:01.441, 6, P0, 33, 242.48 W, 1965 MHz, 3996 MHz, 0 %, 0 MiB
2026/08/03 11:12:01.441, 7, P0, 37, 243.47 W, 1965 MHz, 3996 MHz, 0 %, 0 MiB
2026/08/03 11:12:02.441, 0, P0, 36, 267.34 W, 1965 MHz, 3996 MHz, 96 %, 161509 MiB
2026/08/03 11:12:02.441, 1, P0, 34, 254.79 W, 1965 MHz, 3996 MHz, 7 %, 161509 MiB
2026/08/03 11:12:02.441, 2, P0, 36, 236.28 W, 1965 MHz, 3996 MHz, 0 %, 0 MiB
2026/08/03 11:12:02.441, 3, P0, 33, 238.79 W, 1965 MHz, 3996 MHz, 0 %, 0 MiB
2026/08/03 11:12:02.441, 4, P0, 33, 235.91 W, 1965 MHz, 3996 MHz, 0 %, 0 MiB
2026/08/03 11:12:02.441, 5, P0, 36, 244.98 W, 1965 MHz, 3996 MHz, 0 %, 0 MiB
2026/08/03 11:12:02.441, 6, P0, 33, 242.48 W, 1965 MHz, 3996 MHz, 0 %, 0 MiB
2026/08/03 11:12:02.441, 7, P0, 37, 243.54 W, 1965 MHz, 3996 MHz, 0 %, 0 MiB
2026/08/03 11:12:03.441, 0, P0, 36, 268.28 W, 1965 MHz, 3996 MHz, 96 %, 161509 MiB
2026/08/03 11:12:03.441, 1, P0, 34, 254.06 W, 1965 MHz, 3996 MHz, 7 %, 161509 MiB
2026/08/03 11:12:03.441, 2, P0, 36, 236.19 W, 1965 MHz, 3996 MHz, 0 %, 0 MiB
2026/08/03 11:12:03.441, 3, P0, 33, 238.69 W, 1965 MHz, 3996 MHz, 0 %, 0 MiB
2026/08/03 11:12:03.441, 4, P0, 33, 235.89 W, 1965 MHz, 3996 MHz, 0 %, 0 MiB
2026/08/03 11:12:03.441, 5, P0, 36, 244.94 W, 1965 MHz, 3996 MHz, 0 %, 0 MiB
2026/08/03 11:12:03.441, 6, P0, 33, 242.54 W, 1965 MHz, 3996 MHz, 0 %, 0 MiB
2026/08/03 11:12:03.441, 7, P0, 37, 243.53 W, 1965 MHz, 3996 MHz, 0 %, 0 MiB
2026/08/03 11:12:04.441, 0, P0, 36, 266.24 W, 1965 MHz, 3996 MHz, 93 %, 161509 MiB
2026/08/03 11:12:04.442, 1, P0, 34, 252.33 W, 1965 MHz, 3996 MHz, 7 %, 161509 MiB
2026/08/03 11:12:04.442, 2, P0, 36, 236.23 W, 1965 MHz, 3996 MHz, 0 %, 0 MiB
2026/08/03 11:12:04.442, 3, P0, 33, 238.77 W, 1965 MHz, 3996 MHz, 0 %, 0 MiB
2026/08/03 11:12:04.442, 4, P0, 33, 235.88 W, 1965 MHz, 3996 MHz, 0 %, 0 MiB
2026/08/03 11:12:04.442, 5, P0, 36, 244.94 W, 1965 MHz, 3996 MHz, 0 %, 0 MiB
2026/08/03 11:12:04.442, 6, P0, 33, 242.63 W, 1965 MHz, 3996 MHz, 0 %, 0 MiB
2026/08/03 11:12:04.442, 7, P0, 37, 243.55 W, 1965 MHz, 3996 MHz, 0 %, 0 MiB
2026/08/03 11:12:05.442, 0, P0, 36, 266.58 W, 1965 MHz, 3996 MHz, 92 %, 161509 MiB
2026/08/03 11:12:05.442, 1, P0, 34, 252.89 W, 1965 MHz, 3996 MHz, 7 %, 161509 MiB
2026/08/03 11:12:05.442, 2, P0, 36, 236.32 W, 1965 MHz, 3996 MHz, 0 %, 0 MiB
2026/08/03 11:12:05.442, 3, P0, 33, 238.82 W, 1965 MHz, 3996 MHz, 0 %, 0 MiB
2026/08/03 11:12:05.442, 4, P0, 33, 235.89 W, 1965 MHz, 3996 MHz, 0 %, 0 MiB
2026/08/03 11:12:05.442, 5, P0, 36, 244.84 W, 1965 MHz, 3996 MHz, 0 %, 0 MiB
2026/08/03 11:12:05.442, 6, P0, 33, 242.60 W, 1965 MHz, 3996 MHz, 0 %, 0 MiB
2026/08/03 11:12:05.442, 7, P0, 37, 243.42 W, 1965 MHz, 3996 MHz, 0 %, 0 MiB
2026/08/03 11:12:06.442, 0, P0, 36, 265.71 W, 1965 MHz, 3996 MHz, 92 %, 161509 MiB
2026/08/03 11:12:06.442, 1, P0, 34, 253.41 W, 1965 MHz, 3996 MHz, 7 %, 161509 MiB
2026/08/03 11:12:06.442, 2, P0, 36, 236.31 W, 1965 MHz, 3996 MHz, 0 %, 0 MiB
2026/08/03 11:12:06.442, 3, P0, 33, 238.73 W, 1965 MHz, 3996 MHz, 0 %, 0 MiB
2026/08/03 11:12:06.442, 4, P0, 33, 235.89 W, 1965 MHz, 3996 MHz, 0 %, 0 MiB
2026/08/03 11:12:06.442, 5, P0, 36, 244.86 W, 1965 MHz, 3996 MHz, 0 %, 0 MiB
2026/08/03 11:12:06.442, 6, P0, 33, 242.64 W, 1965 MHz, 3996 MHz, 0 %, 0 MiB
2026/08/03 11:12:06.442, 7, P0, 37, 243.49 W, 1965 MHz, 3996 MHz, 0 %, 0 MiB
2026/08/03 11:12:07.442, 0, P0, 37, 296.52 W, 1965 MHz, 3996 MHz, 89 %, 161509 MiB
2026/08/03 11:12:07.442, 1, P0, 34, 261.72 W, 1965 MHz, 3996 MHz, 8 %, 161509 MiB
2026/08/03 11:12:07.442, 2, P0, 36, 236.31 W, 1965 MHz, 3996 MHz, 0 %, 0 MiB
2026/08/03 11:12:07.442, 3, P0, 33, 238.73 W, 1965 MHz, 3996 MHz, 0 %, 0 MiB
2026/08/03 11:12:07.442, 4, P0, 33, 235.93 W, 1965 MHz, 3996 MHz, 0 %, 0 MiB
2026/08/03 11:12:07.442, 5, P0, 36, 244.92 W, 1965 MHz, 3996 MHz, 0 %, 0 MiB
2026/08/03 11:12:07.442, 6, P0, 33, 242.57 W, 1965 MHz, 3996 MHz, 0 %, 0 MiB
2026/08/03 11:12:07.442, 7, P0, 37, 243.40 W, 1965 MHz, 3996 MHz, 0 %, 0 MiB
2026/08/03 11:12:08.443, 0, P0, 37, 271.55 W, 1965 MHz, 3996 MHz, 92 %, 161509 MiB
2026/08/03 11:12:08.443, 1, P0, 34, 256.55 W, 1965 MHz, 3996 MHz, 8 %, 161509 MiB
2026/08/03 11:12:08.443, 2, P0, 36, 236.28 W, 1965 MHz, 3996 MHz, 0 %, 0 MiB
2026/08/03 11:12:08.443, 3, P0, 33, 238.72 W, 1965 MHz, 3996 MHz, 0 %, 0 MiB
2026/08/03 11:12:08.443, 4, P0, 33, 235.89 W, 1965 MHz, 3996 MHz, 0 %, 0 MiB
2026/08/03 11:12:08.443, 5, P0, 36, 245.02 W, 1965 MHz, 3996 MHz, 0 %, 0 MiB
2026/08/03 11:12:08.443, 6, P0, 33, 242.60 W, 1965 MHz, 3996 MHz, 0 %, 0 MiB
2026/08/03 11:12:08.443, 7, P0, 37, 243.45 W, 1965 MHz, 3996 MHz, 0 %, 0 MiB
2026/08/03 11:12:09.443, 0, P0, 37, 299.00 W, 1965 MHz, 3996 MHz, 93 %, 161509 MiB
2026/08/03 11:12:09.443, 1, P0, 34, 258.57 W, 1965 MHz, 3996 MHz, 7 %, 161509 MiB
2026/08/03 11:12:09.443, 2, P0, 36, 236.32 W, 1965 MHz, 3996 MHz, 0 %, 0 MiB
2026/08/03 11:12:09.443, 3, P0, 33, 238.75 W, 1965 MHz, 3996 MHz, 0 %, 0 MiB
2026/08/03 11:12:09.443, 4, P0, 33, 235.90 W, 1965 MHz, 3996 MHz, 0 %, 0 MiB
2026/08/03 11:12:09.443, 5, P0, 36, 244.85 W, 1965 MHz, 3996 MHz, 0 %, 0 MiB
2026/08/03 11:12:09.443, 6, P0, 33, 242.54 W, 1965 MHz, 3996 MHz, 0 %, 0 MiB
2026/08/03 11:12:09.443, 7, P0, 37, 243.39 W, 1965 MHz, 3996 MHz, 0 %, 0 MiB
2026/08/03 11:12:10.443, 0, P0, 37, 267.06 W, 1965 MHz, 3996 MHz, 92 %, 161509 MiB
2026/08/03 11:12:10.443, 1, P0, 34, 254.74 W, 1965 MHz, 3996 MHz, 7 %, 161509 MiB
2026/08/03 11:12:10.443, 2, P0, 36, 236.24 W, 1965 MHz, 3996 MHz, 0 %, 0 MiB
2026/08/03 11:12:10.443, 3, P0, 33, 238.86 W, 1965 MHz, 3996 MHz, 0 %, 0 MiB
2026/08/03 11:12:10.443, 4, P0, 33, 235.93 W, 1965 MHz, 3996 MHz, 0 %, 0 MiB
2026/08/03 11:12:10.443, 5, P0, 36, 244.96 W, 1965 MHz, 3996 MHz, 0 %, 0 MiB
2026/08/03 11:12:10.443, 6, P0, 33, 242.62 W, 1965 MHz, 3996 MHz, 0 %, 0 MiB
2026/08/03 11:12:10.443, 7, P0, 37, 243.44 W, 1965 MHz, 3996 MHz, 0 %, 0 MiB
2026/08/03 11:12:11.443, 0, P0, 37, 268.29 W, 1965 MHz, 3996 MHz, 96 %, 161509 MiB
2026/08/03 11:12:11.444, 1, P0, 34, 254.43 W, 1965 MHz, 3996 MHz, 7 %, 161509 MiB
2026/08/03 11:12:11.444, 2, P0, 36, 236.30 W, 1965 MHz, 3996 MHz, 0 %, 0 MiB
2026/08/03 11:12:11.444, 3, P0, 33, 238.84 W, 1965 MHz, 3996 MHz, 0 %, 0 MiB
2026/08/03 11:12:11.444, 4, P0, 33, 235.92 W, 1965 MHz, 3996 MHz, 0 %, 0 MiB
2026/08/03 11:12:11.444, 5, P0, 36, 245.02 W, 1965 MHz, 3996 MHz, 0 %, 0 MiB
2026/08/03 11:12:11.444, 6, P0, 33, 242.69 W, 1965 MHz, 3996 MHz, 0 %, 0 MiB
2026/08/03 11:12:11.444, 7, P0, 37, 243.47 W, 1965 MHz, 3996 MHz, 0 %, 0 MiB
2026/08/03 11:12:12.444, 0, P0, 37, 267.36 W, 1965 MHz, 3996 MHz, 95 %, 161509 MiB
2026/08/03 11:12:12.444, 1, P0, 34, 254.42 W, 1965 MHz, 3996 MHz, 7 %, 161509 MiB
2026/08/03 11:12:12.444, 2, P0, 36, 236.37 W, 1965 MHz, 3996 MHz, 0 %, 0 MiB
2026/08/03 11:12:12.444, 3, P0, 33, 238.80 W, 1965 MHz, 3996 MHz, 0 %, 0 MiB
2026/08/03 11:12:12.444, 4, P0, 33, 235.89 W, 1965 MHz, 3996 MHz, 0 %, 0 MiB
2026/08/03 11:12:12.444, 5, P0, 36, 244.95 W, 1965 MHz, 3996 MHz, 0 %, 0 MiB
2026/08/03 11:12:12.444, 6, P0, 33, 242.65 W, 1965 MHz, 3996 MHz, 0 %, 0 MiB
2026/08/03 11:12:12.444, 7, P0, 37, 243.45 W, 1965 MHz, 3996 MHz, 0 %, 0 MiB
2026/08/03 11:12:13.444, 0, P0, 37, 266.90 W, 1965 MHz, 3996 MHz, 92 %, 161509 MiB
2026/08/03 11:12:13.444, 1, P0, 34, 254.31 W, 1965 MHz, 3996 MHz, 7 %, 161509 MiB
2026/08/03 11:12:13.444, 2, P0, 36, 236.27 W, 1965 MHz, 3996 MHz, 0 %, 0 MiB
2026/08/03 11:12:13.444, 3, P0, 33, 238.80 W, 1965 MHz, 3996 MHz, 0 %, 0 MiB
2026/08/03 11:12:13.444, 4, P0, 33, 235.89 W, 1965 MHz, 3996 MHz, 0 %, 0 MiB
2026/08/03 11:12:13.444, 5, P0, 36, 244.96 W, 1965 MHz, 3996 MHz, 0 %, 0 MiB
2026/08/03 11:12:13.444, 6, P0, 33, 242.60 W, 1965 MHz, 3996 MHz, 0 %, 0 MiB
2026/08/03 11:12:13.444, 7, P0, 37, 243.49 W, 1965 MHz, 3996 MHz, 0 %, 0 MiB
2026/08/03 11:12:14.444, 0, P0, 37, 268.05 W, 1965 MHz, 3996 MHz, 93 %, 161509 MiB
2026/08/03 11:12:14.444, 1, P0, 34, 254.49 W, 1965 MHz, 3996 MHz, 7 %, 161509 MiB
2026/08/03 11:12:14.444, 2, P0, 36, 236.20 W, 1965 MHz, 3996 MHz, 0 %, 0 MiB
2026/08/03 11:12:14.444, 3, P0, 33, 238.78 W, 1965 MHz, 3996 MHz, 0 %, 0 MiB
2026/08/03 11:12:14.444, 4, P0, 33, 235.91 W, 1965 MHz, 3996 MHz, 0 %, 0 MiB
2026/08/03 11:12:14.444, 5, P0, 36, 244.98 W, 1965 MHz, 3996 MHz, 0 %, 0 MiB
2026/08/03 11:12:14.444, 6, P0, 33, 242.61 W, 1965 MHz, 3996 MHz, 0 %, 0 MiB
2026/08/03 11:12:14.444, 7, P0, 37, 243.51 W, 1965 MHz, 3996 MHz, 0 %, 0 MiB
2026/08/03 11:12:15.445, 0, P0, 37, 268.32 W, 1965 MHz, 3996 MHz, 96 %, 161509 MiB
2026/08/03 11:12:15.445, 1, P0, 34, 253.25 W, 1965 MHz, 3996 MHz, 7 %, 161509 MiB
2026/08/03 11:12:15.445, 2, P0, 36, 236.23 W, 1965 MHz, 3996 MHz, 0 %, 0 MiB
2026/08/03 11:12:15.445, 3, P0, 33, 238.81 W, 1965 MHz, 3996 MHz, 0 %, 0 MiB
2026/08/03 11:12:15.445, 4, P0, 33, 235.91 W, 1965 MHz, 3996 MHz, 0 %, 0 MiB
2026/08/03 11:12:15.445, 5, P0, 36, 244.92 W, 1965 MHz, 3996 MHz, 0 %, 0 MiB
2026/08/03 11:12:15.445, 6, P0, 33, 242.49 W, 1965 MHz, 3996 MHz, 0 %, 0 MiB
2026/08/03 11:12:15.445, 7, P0, 37, 243.50 W, 1965 MHz, 3996 MHz, 0 %, 0 MiB
2026/08/03 11:12:16.445, 0, P0, 37, 268.14 W, 1965 MHz, 3996 MHz, 96 %, 161509 MiB
2026/08/03 11:12:16.445, 1, P0, 34, 254.68 W, 1965 MHz, 3996 MHz, 7 %, 161509 MiB
2026/08/03 11:12:16.445, 2, P0, 36, 236.32 W, 1965 MHz, 3996 MHz, 0 %, 0 MiB
2026/08/03 11:12:16.445, 3, P0, 33, 238.82 W, 1965 MHz, 3996 MHz, 0 %, 0 MiB
2026/08/03 11:12:16.445, 4, P0, 33, 235.92 W, 1965 MHz, 3996 MHz, 0 %, 0 MiB
2026/08/03 11:12:16.445, 5, P0, 36, 244.97 W, 1965 MHz, 3996 MHz, 0 %, 0 MiB
2026/08/03 11:12:16.445, 6, P0, 33, 242.52 W, 1965 MHz, 3996 MHz, 0 %, 0 MiB
2026/08/03 11:12:16.445, 7, P0, 37, 243.59 W, 1965 MHz, 3996 MHz, 0 %, 0 MiB
2026/08/03 11:12:17.445, 0, P0, 37, 266.73 W, 1965 MHz, 3996 MHz, 92 %, 161509 MiB
2026/08/03 11:12:17.445, 1, P0, 34, 254.17 W, 1965 MHz, 3996 MHz, 7 %, 161509 MiB
2026/08/03 11:12:17.445, 2, P0, 36, 236.32 W, 1965 MHz, 3996 MHz, 0 %, 0 MiB
2026/08/03 11:12:17.445, 3, P0, 33, 238.76 W, 1965 MHz, 3996 MHz, 0 %, 0 MiB
2026/08/03 11:12:17.445, 4, P0, 33, 235.90 W, 1965 MHz, 3996 MHz, 0 %, 0 MiB
2026/08/03 11:12:17.445, 5, P0, 36, 244.92 W, 1965 MHz, 3996 MHz, 0 %, 0 MiB
2026/08/03 11:12:17.445, 6, P0, 33, 242.56 W, 1965 MHz, 3996 MHz, 0 %, 0 MiB
2026/08/03 11:12:17.445, 7, P0, 37, 243.49 W, 1965 MHz, 3996 MHz, 0 %, 0 MiB
2026/08/03 11:12:18.445, 0, P0, 37, 267.71 W, 1965 MHz, 3996 MHz, 91 %, 161509 MiB
2026/08/03 11:12:18.445, 1, P0, 34, 254.24 W, 1965 MHz, 3996 MHz, 7 %, 161509 MiB
2026/08/03 11:12:18.445, 2, P0, 36, 236.23 W, 1965 MHz, 3996 MHz, 0 %, 0 MiB
2026/08/03 11:12:18.446, 3, P0, 33, 238.89 W, 1965 MHz, 3996 MHz, 0 %, 0 MiB
2026/08/03 11:12:18.446, 4, P0, 33, 235.89 W, 1965 MHz, 3996 MHz, 0 %, 0 MiB
2026/08/03 11:12:18.446, 5, P0, 36, 244.84 W, 1965 MHz, 3996 MHz, 0 %, 0 MiB
2026/08/03 11:12:18.446, 6, P0, 33, 242.68 W, 1965 MHz, 3996 MHz, 0 %, 0 MiB
2026/08/03 11:12:18.446, 7, P0, 37, 243.53 W, 1965 MHz, 3996 MHz, 0 %, 0 MiB
2026/08/03 11:12:19.446, 0, P0, 37, 267.34 W, 1965 MHz, 3996 MHz, 96 %, 161509 MiB
2026/08/03 11:12:19.446, 1, P0, 34, 254.54 W, 1965 MHz, 3996 MHz, 7 %, 161509 MiB
2026/08/03 11:12:19.446, 2, P0, 36, 236.25 W, 1965 MHz, 3996 MHz, 0 %, 0 MiB
2026/08/03 11:12:19.446, 3, P0, 33, 238.89 W, 1965 MHz, 3996 MHz, 0 %, 0 MiB
2026/08/03 11:12:19.446, 4, P0, 33, 235.93 W, 1965 MHz, 3996 MHz, 0 %, 0 MiB
2026/08/03 11:12:19.446, 5, P0, 36, 244.96 W, 1965 MHz, 3996 MHz, 0 %, 0 MiB
2026/08/03 11:12:19.446, 6, P0, 33, 242.66 W, 1965 MHz, 3996 MHz, 0 %, 0 MiB
2026/08/03 11:12:19.446, 7, P0, 37, 243.50 W, 1965 MHz, 3996 MHz, 0 %, 0 MiB
2026/08/03 11:12:20.446, 0, P0, 37, 267.72 W, 1965 MHz, 3996 MHz, 96 %, 161509 MiB
2026/08/03 11:12:20.446, 1, P0, 34, 253.96 W, 1965 MHz, 3996 MHz, 7 %, 161509 MiB
2026/08/03 11:12:20.446, 2, P0, 36, 236.23 W, 1965 MHz, 3996 MHz, 0 %, 0 MiB
2026/08/03 11:12:20.446, 3, P0, 33, 238.74 W, 1965 MHz, 3996 MHz, 0 %, 0 MiB
2026/08/03 11:12:20.446, 4, P0, 33, 235.94 W, 1965 MHz, 3996 MHz, 0 %, 0 MiB
2026/08/03 11:12:20.446, 5, P0, 36, 244.87 W, 1965 MHz, 3996 MHz, 0 %, 0 MiB
2026/08/03 11:12:20.446, 6, P0, 33, 242.61 W, 1965 MHz, 3996 MHz, 0 %, 0 MiB
2026/08/03 11:12:20.446, 7, P0, 37, 243.49 W, 1965 MHz, 3996 MHz, 0 %, 0 MiB
2026/08/03 11:12:21.446, 0, P0, 37, 266.16 W, 1965 MHz, 3996 MHz, 92 %, 161509 MiB
2026/08/03 11:12:21.446, 1, P0, 34, 253.51 W, 1965 MHz, 3996 MHz, 7 %, 161509 MiB
2026/08/03 11:12:21.446, 2, P0, 36, 236.21 W, 1965 MHz, 3996 MHz, 0 %, 0 MiB
2026/08/03 11:12:21.446, 3, P0, 33, 238.82 W, 1965 MHz, 3996 MHz, 0 %, 0 MiB
2026/08/03 11:12:21.446, 4, P0, 33, 235.90 W, 1965 MHz, 3996 MHz, 0 %, 0 MiB
2026/08/03 11:12:21.446, 5, P0, 36, 244.97 W, 1965 MHz, 3996 MHz, 0 %, 0 MiB
2026/08/03 11:12:21.446, 6, P0, 33, 242.66 W, 1965 MHz, 3996 MHz, 0 %, 0 MiB
2026/08/03 11:12:21.446, 7, P0, 37, 243.49 W, 1965 MHz, 3996 MHz, 0 %, 0 MiB
2026/08/03 11:12:22.447, 0, P0, 37, 266.94 W, 1965 MHz, 3996 MHz, 93 %, 161509 MiB
2026/08/03 11:12:22.447, 1, P0, 34, 254.12 W, 1965 MHz, 3996 MHz, 7 %, 161509 MiB
2026/08/03 11:12:22.447, 2, P0, 36, 236.31 W, 1965 MHz, 3996 MHz, 0 %, 0 MiB
2026/08/03 11:12:22.447, 3, P0, 33, 238.81 W, 1965 MHz, 3996 MHz, 0 %, 0 MiB
2026/08/03 11:12:22.447, 4, P0, 33, 235.91 W, 1965 MHz, 3996 MHz, 0 %, 0 MiB
2026/08/03 11:12:22.447, 5, P0, 36, 244.91 W, 1965 MHz, 3996 MHz, 0 %, 0 MiB
2026/08/03 11:12:22.447, 6, P0, 33, 242.56 W, 1965 MHz, 3996 MHz, 0 %, 0 MiB
2026/08/03 11:12:22.447, 7, P0, 37, 243.44 W, 1965 MHz, 3996 MHz, 0 %, 0 MiB
2026/08/03 11:12:23.447, 0, P0, 37, 267.13 W, 1965 MHz, 3996 MHz, 96 %, 161509 MiB
2026/08/03 11:12:23.447, 1, P0, 34, 253.94 W, 1965 MHz, 3996 MHz, 7 %, 161509 MiB
2026/08/03 11:12:23.447, 2, P0, 36, 236.25 W, 1965 MHz, 3996 MHz, 0 %, 0 MiB
2026/08/03 11:12:23.447, 3, P0, 33, 238.82 W, 1965 MHz, 3996 MHz, 0 %, 0 MiB
2026/08/03 11:12:23.447, 4, P0, 33, 235.91 W, 1965 MHz, 3996 MHz, 0 %, 0 MiB
2026/08/03 11:12:23.447, 5, P0, 36, 244.96 W, 1965 MHz, 3996 MHz, 0 %, 0 MiB
2026/08/03 11:12:23.447, 6, P0, 33, 242.51 W, 1965 MHz, 3996 MHz, 0 %, 0 MiB
2026/08/03 11:12:23.447, 7, P0, 37, 243.47 W, 1965 MHz, 3996 MHz, 0 %, 0 MiB
2026/08/03 11:12:24.447, 0, P0, 37, 266.60 W, 1965 MHz, 3996 MHz, 96 %, 161509 MiB
2026/08/03 11:12:24.447, 1, P0, 34, 254.14 W, 1965 MHz, 3996 MHz, 7 %, 161509 MiB
2026/08/03 11:12:24.447, 2, P0, 36, 236.23 W, 1965 MHz, 3996 MHz, 0 %, 0 MiB
2026/08/03 11:12:24.447, 3, P0, 33, 238.77 W, 1965 MHz, 3996 MHz, 0 %, 0 MiB
2026/08/03 11:12:24.447, 4, P0, 33, 235.91 W, 1965 MHz, 3996 MHz, 0 %, 0 MiB
2026/08/03 11:12:24.447, 5, P0, 36, 244.88 W, 1965 MHz, 3996 MHz, 0 %, 0 MiB
2026/08/03 11:12:24.447, 6, P0, 33, 242.62 W, 1965 MHz, 3996 MHz, 0 %, 0 MiB
2026/08/03 11:12:24.447, 7, P0, 37, 243.45 W, 1965 MHz, 3996 MHz, 0 %, 0 MiB
2026/08/03 11:12:25.447, 0, P0, 37, 267.41 W, 1965 MHz, 3996 MHz, 91 %, 161509 MiB
2026/08/03 11:12:25.448, 1, P0, 34, 254.10 W, 1965 MHz, 3996 MHz, 7 %, 161509 MiB
2026/08/03 11:12:25.448, 2, P0, 36, 236.35 W, 1965 MHz, 3996 MHz, 0 %, 0 MiB
2026/08/03 11:12:25.448, 3, P0, 33, 238.85 W, 1965 MHz, 3996 MHz, 0 %, 0 MiB
2026/08/03 11:12:25.448, 4, P0, 33, 235.90 W, 1965 MHz, 3996 MHz, 0 %, 0 MiB
2026/08/03 11:12:25.448, 5, P0, 36, 244.94 W, 1965 MHz, 3996 MHz, 0 %, 0 MiB
2026/08/03 11:12:25.448, 6, P0, 33, 242.65 W, 1965 MHz, 3996 MHz, 0 %, 0 MiB
2026/08/03 11:12:25.448, 7, P0, 37, 243.37 W, 1965 MHz, 3996 MHz, 0 %, 0 MiB
2026/08/03 11:12:26.448, 0, P0, 37, 267.33 W, 1965 MHz, 3996 MHz, 92 %, 161509 MiB
2026/08/03 11:12:26.448, 1, P0, 34, 255.15 W, 1965 MHz, 3996 MHz, 7 %, 161509 MiB
2026/08/03 11:12:26.448, 2, P0, 36, 236.17 W, 1965 MHz, 3996 MHz, 0 %, 0 MiB
2026/08/03 11:12:26.448, 3, P0, 33, 238.93 W, 1965 MHz, 3996 MHz, 0 %, 0 MiB
2026/08/03 11:12:26.448, 4, P0, 33, 235.89 W, 1965 MHz, 3996 MHz, 0 %, 0 MiB
2026/08/03 11:12:26.448, 5, P0, 36, 244.93 W, 1965 MHz, 3996 MHz, 0 %, 0 MiB
2026/08/03 11:12:26.448, 6, P0, 33, 242.65 W, 1965 MHz, 3996 MHz, 0 %, 0 MiB
2026/08/03 11:12:26.448, 7, P0, 37, 243.42 W, 1965 MHz, 3996 MHz, 0 %, 0 MiB
2026/08/03 11:12:27.448, 0, P0, 37, 268.09 W, 1965 MHz, 3996 MHz, 96 %, 161509 MiB
2026/08/03 11:12:27.448, 1, P0, 34, 254.66 W, 1965 MHz, 3996 MHz, 7 %, 161509 MiB
2026/08/03 11:12:27.448, 2, P0, 36, 236.23 W, 1965 MHz, 3996 MHz, 0 %, 0 MiB
2026/08/03 11:12:27.448, 3, P0, 33, 238.84 W, 1965 MHz, 3996 MHz, 0 %, 0 MiB
2026/08/03 11:12:27.448, 4, P0, 33, 235.91 W, 1965 MHz, 3996 MHz, 0 %, 0 MiB
2026/08/03 11:12:27.448, 5, P0, 36, 244.95 W, 1965 MHz, 3996 MHz, 0 %, 0 MiB
2026/08/03 11:12:27.448, 6, P0, 33, 242.75 W, 1965 MHz, 3996 MHz, 0 %, 0 MiB
2026/08/03 11:12:27.448, 7, P0, 37, 243.52 W, 1965 MHz, 3996 MHz, 0 %, 0 MiB
2026/08/03 11:12:28.448, 0, P0, 37, 267.76 W, 1965 MHz, 3996 MHz, 95 %, 161509 MiB
2026/08/03 11:12:28.448, 1, P0, 34, 255.30 W, 1965 MHz, 3996 MHz, 7 %, 161509 MiB
2026/08/03 11:12:28.448, 2, P0, 36, 236.22 W, 1965 MHz, 3996 MHz, 0 %, 0 MiB
2026/08/03 11:12:28.448, 3, P0, 33, 238.74 W, 1965 MHz, 3996 MHz, 0 %, 0 MiB
2026/08/03 11:12:28.448, 4, P0, 33, 235.89 W, 1965 MHz, 3996 MHz, 0 %, 0 MiB
2026/08/03 11:12:28.448, 5, P0, 36, 244.96 W, 1965 MHz, 3996 MHz, 0 %, 0 MiB
2026/08/03 11:12:28.448, 6, P0, 33, 242.56 W, 1965 MHz, 3996 MHz, 0 %, 0 MiB
2026/08/03 11:12:28.449, 7, P0, 37, 243.54 W, 1965 MHz, 3996 MHz, 0 %, 0 MiB
2026/08/03 11:12:29.449, 0, P0, 37, 267.07 W, 1965 MHz, 3996 MHz, 91 %, 161509 MiB
2026/08/03 11:12:29.449, 1, P0, 34, 254.91 W, 1965 MHz, 3996 MHz, 7 %, 161509 MiB
2026/08/03 11:12:29.449, 2, P0, 36, 236.27 W, 1965 MHz, 3996 MHz, 0 %, 0 MiB
2026/08/03 11:12:29.449, 3, P0, 33, 238.79 W, 1965 MHz, 3996 MHz, 0 %, 0 MiB
2026/08/03 11:12:29.449, 4, P0, 33, 235.92 W, 1965 MHz, 3996 MHz, 0 %, 0 MiB
2026/08/03 11:12:29.449, 5, P0, 36, 244.99 W, 1965 MHz, 3996 MHz, 0 %, 0 MiB
2026/08/03 11:12:29.449, 6, P0, 33, 242.55 W, 1965 MHz, 3996 MHz, 0 %, 0 MiB
2026/08/03 11:12:29.449, 7, P0, 37, 243.51 W, 1965 MHz, 3996 MHz, 0 %, 0 MiB
2026/08/03 11:12:30.449, 0, P0, 37, 267.81 W, 1965 MHz, 3996 MHz, 92 %, 161509 MiB
2026/08/03 11:12:30.449, 1, P0, 34, 255.00 W, 1965 MHz, 3996 MHz, 7 %, 161509 MiB
2026/08/03 11:12:30.449, 2, P0, 36, 236.27 W, 1965 MHz, 3996 MHz, 0 %, 0 MiB
2026/08/03 11:12:30.449, 3, P0, 33, 238.75 W, 1965 MHz, 3996 MHz, 0 %, 0 MiB
2026/08/03 11:12:30.449, 4, P0, 33, 235.90 W, 1965 MHz, 3996 MHz, 0 %, 0 MiB
2026/08/03 11:12:30.449, 5, P0, 36, 244.89 W, 1965 MHz, 3996 MHz, 0 %, 0 MiB
2026/08/03 11:12:30.449, 6, P0, 33, 242.52 W, 1965 MHz, 3996 MHz, 0 %, 0 MiB
2026/08/03 11:12:30.449, 7, P0, 37, 243.57 W, 1965 MHz, 3996 MHz, 0 %, 0 MiB
2026/08/03 11:12:31.449, 0, P0, 37, 267.16 W, 1965 MHz, 3996 MHz, 96 %, 161509 MiB
2026/08/03 11:12:31.449, 1, P0, 34, 254.21 W, 1965 MHz, 3996 MHz, 7 %, 161509 MiB
2026/08/03 11:12:31.449, 2, P0, 36, 236.26 W, 1965 MHz, 3996 MHz, 0 %, 0 MiB
2026/08/03 11:12:31.449, 3, P0, 33, 238.81 W, 1965 MHz, 3996 MHz, 0 %, 0 MiB
2026/08/03 11:12:31.449, 4, P0, 33, 235.91 W, 1965 MHz, 3996 MHz, 0 %, 0 MiB
2026/08/03 11:12:31.449, 5, P0, 36, 244.91 W, 1965 MHz, 3996 MHz, 0 %, 0 MiB
2026/08/03 11:12:31.449, 6, P0, 33, 242.59 W, 1965 MHz, 3996 MHz, 0 %, 0 MiB
2026/08/03 11:12:31.449, 7, P0, 37, 243.53 W, 1965 MHz, 3996 MHz, 0 %, 0 MiB
2026/08/03 11:12:32.449, 0, P0, 37, 265.73 W, 1965 MHz, 3996 MHz, 96 %, 161509 MiB
2026/08/03 11:12:32.450, 1, P0, 34, 253.34 W, 1965 MHz, 3996 MHz, 7 %, 161509 MiB
2026/08/03 11:12:32.450, 2, P0, 36, 236.31 W, 1965 MHz, 3996 MHz, 0 %, 0 MiB
2026/08/03 11:12:32.450, 3, P0, 33, 238.91 W, 1965 MHz, 3996 MHz, 0 %, 0 MiB
2026/08/03 11:12:32.450, 4, P0, 33, 235.93 W, 1965 MHz, 3996 MHz, 0 %, 0 MiB
2026/08/03 11:12:32.450, 5, P0, 36, 244.97 W, 1965 MHz, 3996 MHz, 0 %, 0 MiB
2026/08/03 11:12:32.450, 6, P0, 33, 242.66 W, 1965 MHz, 3996 MHz, 0 %, 0 MiB
2026/08/03 11:12:32.450, 7, P0, 37, 243.56 W, 1965 MHz, 3996 MHz, 0 %, 0 MiB
2026/08/03 11:12:33.450, 0, P0, 37, 267.83 W, 1965 MHz, 3996 MHz, 90 %, 161509 MiB
2026/08/03 11:12:33.450, 1, P0, 34, 253.81 W, 1965 MHz, 3996 MHz, 7 %, 161509 MiB
2026/08/03 11:12:33.450, 2, P0, 36, 236.35 W, 1965 MHz, 3996 MHz, 0 %, 0 MiB
2026/08/03 11:12:33.450, 3, P0, 33, 238.89 W, 1965 MHz, 3996 MHz, 0 %, 0 MiB
2026/08/03 11:12:33.450, 4, P0, 33, 235.92 W, 1965 MHz, 3996 MHz, 0 %, 0 MiB
2026/08/03 11:12:33.450, 5, P0, 36, 244.93 W, 1965 MHz, 3996 MHz, 0 %, 0 MiB
2026/08/03 11:12:33.450, 6, P0, 33, 242.69 W, 1965 MHz, 3996 MHz, 0 %, 0 MiB
2026/08/03 11:12:33.450, 7, P0, 37, 243.48 W, 1965 MHz, 3996 MHz, 0 %, 0 MiB
2026/08/03 11:12:34.450, 0, P0, 37, 266.25 W, 1965 MHz, 3996 MHz, 92 %, 161509 MiB
2026/08/03 11:12:34.450, 1, P0, 34, 253.23 W, 1965 MHz, 3996 MHz, 7 %, 161509 MiB
2026/08/03 11:12:34.450, 2, P0, 36, 236.33 W, 1965 MHz, 3996 MHz, 0 %, 0 MiB
2026/08/03 11:12:34.450, 3, P0, 33, 238.87 W, 1965 MHz, 3996 MHz, 0 %, 0 MiB
2026/08/03 11:12:34.450, 4, P0, 33, 235.89 W, 1965 MHz, 3996 MHz, 0 %, 0 MiB
2026/08/03 11:12:34.450, 5, P0, 36, 244.96 W, 1965 MHz, 3996 MHz, 0 %, 0 MiB
2026/08/03 11:12:34.450, 6, P0, 33, 242.64 W, 1965 MHz, 3996 MHz, 0 %, 0 MiB
2026/08/03 11:12:34.450, 7, P0, 37, 243.39 W, 1965 MHz, 3996 MHz, 0 %, 0 MiB
2026/08/03 11:12:35.450, 0, P0, 37, 266.59 W, 1965 MHz, 3996 MHz, 96 %, 161509 MiB
2026/08/03 11:12:35.450, 1, P0, 34, 253.01 W, 1965 MHz, 3996 MHz, 7 %, 161509 MiB
2026/08/03 11:12:35.450, 2, P0, 36, 236.23 W, 1965 MHz, 3996 MHz, 0 %, 0 MiB
2026/08/03 11:12:35.450, 3, P0, 33, 238.84 W, 1965 MHz, 3996 MHz, 0 %, 0 MiB
2026/08/03 11:12:35.450, 4, P0, 33, 235.91 W, 1965 MHz, 3996 MHz, 0 %, 0 MiB
2026/08/03 11:12:35.450, 5, P0, 36, 244.83 W, 1965 MHz, 3996 MHz, 0 %, 0 MiB
2026/08/03 11:12:35.451, 6, P0, 33, 242.64 W, 1965 MHz, 3996 MHz, 0 %, 0 MiB
2026/08/03 11:12:35.451, 7, P0, 37, 243.55 W, 1965 MHz, 3996 MHz, 0 %, 0 MiB
2026/08/03 11:12:36.451, 0, P0, 37, 266.31 W, 1965 MHz, 3996 MHz, 96 %, 161509 MiB
2026/08/03 11:12:36.451, 1, P0, 34, 253.63 W, 1965 MHz, 3996 MHz, 7 %, 161509 MiB
2026/08/03 11:12:36.451, 2, P0, 36, 236.21 W, 1965 MHz, 3996 MHz, 0 %, 0 MiB
2026/08/03 11:12:36.451, 3, P0, 33, 238.84 W, 1965 MHz, 3996 MHz, 0 %, 0 MiB
2026/08/03 11:12:36.451, 4, P0, 33, 235.89 W, 1965 MHz, 3996 MHz, 0 %, 0 MiB
2026/08/03 11:12:36.451, 5, P0, 36, 244.91 W, 1965 MHz, 3996 MHz, 0 %, 0 MiB
2026/08/03 11:12:36.451, 6, P0, 33, 242.62 W, 1965 MHz, 3996 MHz, 0 %, 0 MiB
2026/08/03 11:12:36.451, 7, P0, 37, 243.51 W, 1965 MHz, 3996 MHz, 0 %, 0 MiB
2026/08/03 11:12:37.451, 0, P0, 37, 266.87 W, 1965 MHz, 3996 MHz, 93 %, 161509 MiB
2026/08/03 11:12:37.451, 1, P0, 34, 254.45 W, 1965 MHz, 3996 MHz, 7 %, 161509 MiB
2026/08/03 11:12:37.451, 2, P0, 36, 236.27 W, 1965 MHz, 3996 MHz, 0 %, 0 MiB
2026/08/03 11:12:37.451, 3, P0, 33, 238.85 W, 1965 MHz, 3996 MHz, 0 %, 0 MiB
2026/08/03 11:12:37.451, 4, P0, 33, 235.89 W, 1965 MHz, 3996 MHz, 0 %, 0 MiB
2026/08/03 11:12:37.451, 5, P0, 36, 244.94 W, 1965 MHz, 3996 MHz, 0 %, 0 MiB
2026/08/03 11:12:37.451, 6, P0, 33, 242.54 W, 1965 MHz, 3996 MHz, 0 %, 0 MiB
2026/08/03 11:12:37.451, 7, P0, 37, 243.45 W, 1965 MHz, 3996 MHz, 0 %, 0 MiB
2026/08/03 11:12:38.451, 0, P0, 37, 269.13 W, 1965 MHz, 3996 MHz, 91 %, 161509 MiB
2026/08/03 11:12:38.451, 1, P0, 34, 255.65 W, 1965 MHz, 3996 MHz, 7 %, 161509 MiB
2026/08/03 11:12:38.451, 2, P0, 36, 236.37 W, 1965 MHz, 3996 MHz, 0 %, 0 MiB
2026/08/03 11:12:38.451, 3, P0, 33, 238.84 W, 1965 MHz, 3996 MHz, 0 %, 0 MiB
2026/08/03 11:12:38.451, 4, P0, 33, 235.90 W, 1965 MHz, 3996 MHz, 0 %, 0 MiB
2026/08/03 11:12:38.451, 5, P0, 36, 244.91 W, 1965 MHz, 3996 MHz, 0 %, 0 MiB
2026/08/03 11:12:38.451, 6, P0, 33, 242.50 W, 1965 MHz, 3996 MHz, 0 %, 0 MiB
2026/08/03 11:12:38.451, 7, P0, 37, 243.52 W, 1965 MHz, 3996 MHz, 0 %, 0 MiB
2026/08/03 11:12:39.451, 0, P0, 37, 268.42 W, 1965 MHz, 3996 MHz, 96 %, 161509 MiB
2026/08/03 11:12:39.452, 1, P0, 34, 254.96 W, 1965 MHz, 3996 MHz, 7 %, 161509 MiB
2026/08/03 11:12:39.452, 2, P0, 36, 236.38 W, 1965 MHz, 3996 MHz, 0 %, 0 MiB
2026/08/03 11:12:39.452, 3, P0, 33, 238.86 W, 1965 MHz, 3996 MHz, 0 %, 0 MiB
2026/08/03 11:12:39.452, 4, P0, 33, 235.93 W, 1965 MHz, 3996 MHz, 0 %, 0 MiB
2026/08/03 11:12:39.452, 5, P0, 36, 244.94 W, 1965 MHz, 3996 MHz, 0 %, 0 MiB
2026/08/03 11:12:39.452, 6, P0, 33, 242.62 W, 1965 MHz, 3996 MHz, 0 %, 0 MiB
2026/08/03 11:12:39.452, 7, P0, 37, 243.44 W, 1965 MHz, 3996 MHz, 0 %, 0 MiB
2026/08/03 11:12:40.452, 0, P0, 37, 268.34 W, 1965 MHz, 3996 MHz, 96 %, 161509 MiB
2026/08/03 11:12:40.452, 1, P0, 34, 255.14 W, 1965 MHz, 3996 MHz, 7 %, 161509 MiB
2026/08/03 11:12:40.452, 2, P0, 36, 236.30 W, 1965 MHz, 3996 MHz, 0 %, 0 MiB
2026/08/03 11:12:40.452, 3, P0, 33, 238.84 W, 1965 MHz, 3996 MHz, 0 %, 0 MiB
2026/08/03 11:12:40.452, 4, P0, 33, 235.92 W, 1965 MHz, 3996 MHz, 0 %, 0 MiB
2026/08/03 11:12:40.452, 5, P0, 36, 245.03 W, 1965 MHz, 3996 MHz, 0 %, 0 MiB
2026/08/03 11:12:40.452, 6, P0, 33, 242.60 W, 1965 MHz, 3996 MHz, 0 %, 0 MiB
2026/08/03 11:12:40.452, 7, P0, 37, 243.49 W, 1965 MHz, 3996 MHz, 0 %, 0 MiB
2026/08/03 11:12:41.452, 0, P0, 37, 268.72 W, 1965 MHz, 3996 MHz, 92 %, 161509 MiB
2026/08/03 11:12:41.452, 1, P0, 34, 253.65 W, 1965 MHz, 3996 MHz, 7 %, 161509 MiB
2026/08/03 11:12:41.452, 2, P0, 36, 236.35 W, 1965 MHz, 3996 MHz, 0 %, 0 MiB
2026/08/03 11:12:41.452, 3, P0, 33, 238.78 W, 1965 MHz, 3996 MHz, 0 %, 0 MiB
2026/08/03 11:12:41.452, 4, P0, 33, 235.93 W, 1965 MHz, 3996 MHz, 0 %, 0 MiB
2026/08/03 11:12:41.452, 5, P0, 36, 244.95 W, 1965 MHz, 3996 MHz, 0 %, 0 MiB
2026/08/03 11:12:41.452, 6, P0, 33, 242.75 W, 1965 MHz, 3996 MHz, 0 %, 0 MiB
2026/08/03 11:12:41.452, 7, P0, 37, 243.48 W, 1965 MHz, 3996 MHz, 0 %, 0 MiB
2026/08/03 11:12:42.452, 0, P0, 37, 267.59 W, 1965 MHz, 3996 MHz, 91 %, 161509 MiB
2026/08/03 11:12:42.452, 1, P0, 34, 254.41 W, 1965 MHz, 3996 MHz, 7 %, 161509 MiB
2026/08/03 11:12:42.452, 2, P0, 36, 236.20 W, 1965 MHz, 3996 MHz, 0 %, 0 MiB
2026/08/03 11:12:42.452, 3, P0, 33, 238.86 W, 1965 MHz, 3996 MHz, 0 %, 0 MiB
2026/08/03 11:12:42.452, 4, P0, 34, 235.94 W, 1965 MHz, 3996 MHz, 0 %, 0 MiB
2026/08/03 11:12:42.452, 5, P0, 36, 245.01 W, 1965 MHz, 3996 MHz, 0 %, 0 MiB
2026/08/03 11:12:42.452, 6, P0, 33, 242.71 W, 1965 MHz, 3996 MHz, 0 %, 0 MiB
2026/08/03 11:12:42.452, 7, P0, 37, 243.41 W, 1965 MHz, 3996 MHz, 0 %, 0 MiB
2026/08/03 11:12:43.452, 0, P0, 37, 267.14 W, 1965 MHz, 3996 MHz, 96 %, 161509 MiB
2026/08/03 11:12:43.453, 1, P0, 34, 254.30 W, 1965 MHz, 3996 MHz, 7 %, 161509 MiB
2026/08/03 11:12:43.453, 2, P0, 36, 236.23 W, 1965 MHz, 3996 MHz, 0 %, 0 MiB
2026/08/03 11:12:43.453, 3, P0, 33, 238.78 W, 1965 MHz, 3996 MHz, 0 %, 0 MiB
2026/08/03 11:12:43.453, 4, P0, 33, 235.91 W, 1965 MHz, 3996 MHz, 0 %, 0 MiB
2026/08/03 11:12:43.453, 5, P0, 36, 244.97 W, 1965 MHz, 3996 MHz, 0 %, 0 MiB
2026/08/03 11:12:43.453, 6, P0, 33, 242.61 W, 1965 MHz, 3996 MHz, 0 %, 0 MiB
2026/08/03 11:12:43.453, 7, P0, 37, 243.56 W, 1965 MHz, 3996 MHz, 0 %, 0 MiB
2026/08/03 11:12:44.453, 0, P0, 37, 335.67 W, 1965 MHz, 3996 MHz, 92 %, 161509 MiB
2026/08/03 11:12:44.453, 1, P0, 34, 327.53 W, 1965 MHz, 3996 MHz, 8 %, 161509 MiB
2026/08/03 11:12:44.453, 2, P0, 36, 236.28 W, 1965 MHz, 3996 MHz, 0 %, 0 MiB
2026/08/03 11:12:44.453, 3, P0, 33, 238.82 W, 1965 MHz, 3996 MHz, 0 %, 0 MiB
2026/08/03 11:12:44.453, 4, P0, 33, 235.94 W, 1965 MHz, 3996 MHz, 0 %, 0 MiB
2026/08/03 11:12:44.453, 5, P0, 36, 244.88 W, 1965 MHz, 3996 MHz, 0 %, 0 MiB
2026/08/03 11:12:44.453, 6, P0, 33, 242.66 W, 1965 MHz, 3996 MHz, 0 %, 0 MiB
2026/08/03 11:12:44.453, 7, P0, 37, 243.49 W, 1965 MHz, 3996 MHz, 0 %, 0 MiB
2026/08/03 11:12:45.453, 0, P0, 37, 269.25 W, 1965 MHz, 3996 MHz, 91 %, 161509 MiB
2026/08/03 11:12:45.453, 1, P0, 34, 256.52 W, 1965 MHz, 3996 MHz, 8 %, 161509 MiB
2026/08/03 11:12:45.453, 2, P0, 36, 236.31 W, 1965 MHz, 3996 MHz, 0 %, 0 MiB
2026/08/03 11:12:45.453, 3, P0, 33, 238.81 W, 1965 MHz, 3996 MHz, 0 %, 0 MiB
2026/08/03 11:12:45.453, 4, P0, 33, 235.95 W, 1965 MHz, 3996 MHz, 0 %, 0 MiB
2026/08/03 11:12:45.453, 5, P0, 36, 245.03 W, 1965 MHz, 3996 MHz, 0 %, 0 MiB
2026/08/03 11:12:45.453, 6, P0, 33, 242.71 W, 1965 MHz, 3996 MHz, 0 %, 0 MiB
2026/08/03 11:12:45.453, 7, P0, 37, 243.59 W, 1965 MHz, 3996 MHz, 0 %, 0 MiB
2026/08/03 11:12:46.453, 0, P0, 37, 337.33 W, 1965 MHz, 3996 MHz, 95 %, 161509 MiB
2026/08/03 11:12:46.453, 1, P0, 34, 323.73 W, 1965 MHz, 3996 MHz, 7 %, 161509 MiB
2026/08/03 11:12:46.453, 2, P0, 36, 236.38 W, 1965 MHz, 3996 MHz, 0 %, 0 MiB
2026/08/03 11:12:46.453, 3, P0, 33, 238.80 W, 1965 MHz, 3996 MHz, 0 %, 0 MiB
2026/08/03 11:12:46.453, 4, P0, 33, 235.98 W, 1965 MHz, 3996 MHz, 0 %, 0 MiB
2026/08/03 11:12:46.453, 5, P0, 36, 245.02 W, 1965 MHz, 3996 MHz, 0 %, 0 MiB
2026/08/03 11:12:46.453, 6, P0, 33, 242.59 W, 1965 MHz, 3996 MHz, 0 %, 0 MiB
2026/08/03 11:12:46.453, 7, P0, 37, 243.52 W, 1965 MHz, 3996 MHz, 0 %, 0 MiB
2026/08/03 11:12:47.454, 0, P0, 37, 266.65 W, 1965 MHz, 3996 MHz, 96 %, 161509 MiB
2026/08/03 11:12:47.454, 1, P0, 34, 255.18 W, 1965 MHz, 3996 MHz, 7 %, 161509 MiB
2026/08/03 11:12:47.454, 2, P0, 36, 236.28 W, 1965 MHz, 3996 MHz, 0 %, 0 MiB
2026/08/03 11:12:47.454, 3, P0, 33, 238.80 W, 1965 MHz, 3996 MHz, 0 %, 0 MiB
2026/08/03 11:12:47.454, 4, P0, 34, 235.97 W, 1965 MHz, 3996 MHz, 0 %, 0 MiB
2026/08/03 11:12:47.454, 5, P0, 36, 244.97 W, 1965 MHz, 3996 MHz, 0 %, 0 MiB
2026/08/03 11:12:47.454, 6, P0, 33, 242.58 W, 1965 MHz, 3996 MHz, 0 %, 0 MiB
2026/08/03 11:12:47.454, 7, P0, 37, 243.50 W, 1965 MHz, 3996 MHz, 0 %, 0 MiB
2026/08/03 11:12:48.454, 0, P0, 37, 329.98 W, 1965 MHz, 3996 MHz, 89 %, 161509 MiB
2026/08/03 11:12:48.454, 1, P0, 34, 322.62 W, 1965 MHz, 3996 MHz, 9 %, 161509 MiB
2026/08/03 11:12:48.454, 2, P0, 36, 236.34 W, 1965 MHz, 3996 MHz, 0 %, 0 MiB
2026/08/03 11:12:48.454, 3, P0, 33, 238.76 W, 1965 MHz, 3996 MHz, 0 %, 0 MiB
2026/08/03 11:12:48.454, 4, P0, 33, 235.99 W, 1965 MHz, 3996 MHz, 0 %, 0 MiB
2026/08/03 11:12:48.454, 5, P0, 36, 244.97 W, 1965 MHz, 3996 MHz, 0 %, 0 MiB
2026/08/03 11:12:48.454, 6, P0, 33, 242.55 W, 1965 MHz, 3996 MHz, 0 %, 0 MiB
2026/08/03 11:12:48.454, 7, P0, 37, 243.51 W, 1965 MHz, 3996 MHz, 0 %, 0 MiB
2026/08/03 11:12:49.454, 0, P0, 37, 269.66 W, 1965 MHz, 3996 MHz, 96 %, 161509 MiB
2026/08/03 11:12:49.454, 1, P0, 34, 256.12 W, 1965 MHz, 3996 MHz, 8 %, 161509 MiB
2026/08/03 11:12:49.454, 2, P0, 36, 236.26 W, 1965 MHz, 3996 MHz, 0 %, 0 MiB
2026/08/03 11:12:49.454, 3, P0, 33, 238.88 W, 1965 MHz, 3996 MHz, 0 %, 0 MiB
2026/08/03 11:12:49.454, 4, P0, 33, 235.89 W, 1965 MHz, 3996 MHz, 0 %, 0 MiB
2026/08/03 11:12:49.454, 5, P0, 36, 245.04 W, 1965 MHz, 3996 MHz, 0 %, 0 MiB
2026/08/03 11:12:49.454, 6, P0, 33, 242.59 W, 1965 MHz, 3996 MHz, 0 %, 0 MiB
2026/08/03 11:12:49.454, 7, P0, 37, 243.53 W, 1965 MHz, 3996 MHz, 0 %, 0 MiB
2026/08/03 11:12:50.454, 0, P0, 37, 331.97 W, 1965 MHz, 3996 MHz, 91 %, 161509 MiB
2026/08/03 11:12:50.454, 1, P0, 34, 320.71 W, 1965 MHz, 3996 MHz, 7 %, 161509 MiB
2026/08/03 11:12:50.454, 2, P0, 36, 236.30 W, 1965 MHz, 3996 MHz, 0 %, 0 MiB
2026/08/03 11:12:50.455, 3, P0, 33, 238.81 W, 1965 MHz, 3996 MHz, 0 %, 0 MiB
2026/08/03 11:12:50.455, 4, P0, 34, 235.92 W, 1965 MHz, 3996 MHz, 0 %, 0 MiB
2026/08/03 11:12:50.455, 5, P0, 36, 245.01 W, 1965 MHz, 3996 MHz, 0 %, 0 MiB
2026/08/03 11:12:50.455, 6, P0, 33, 242.57 W, 1965 MHz, 3996 MHz, 0 %, 0 MiB
2026/08/03 11:12:50.455, 7, P0, 37, 243.55 W, 1965 MHz, 3996 MHz, 0 %, 0 MiB
2026/08/03 11:12:51.455, 0, P0, 37, 266.58 W, 1965 MHz, 3996 MHz, 90 %, 161509 MiB
2026/08/03 11:12:51.455, 1, P0, 34, 252.61 W, 1965 MHz, 3996 MHz, 7 %, 161509 MiB
2026/08/03 11:12:51.455, 2, P0, 36, 236.33 W, 1965 MHz, 3996 MHz, 0 %, 0 MiB
2026/08/03 11:12:51.455, 3, P0, 33, 238.85 W, 1965 MHz, 3996 MHz, 0 %, 0 MiB
2026/08/03 11:12:51.455, 4, P0, 33, 235.90 W, 1965 MHz, 3996 MHz, 0 %, 0 MiB
2026/08/03 11:12:51.455, 5, P0, 36, 245.04 W, 1965 MHz, 3996 MHz, 0 %, 0 MiB
2026/08/03 11:12:51.455, 6, P0, 33, 242.65 W, 1965 MHz, 3996 MHz, 0 %, 0 MiB
2026/08/03 11:12:51.455, 7, P0, 37, 243.54 W, 1965 MHz, 3996 MHz, 0 %, 0 MiB
2026/08/03 11:12:52.455, 0, P0, 37, 266.73 W, 1965 MHz, 3996 MHz, 93 %, 161509 MiB
2026/08/03 11:12:52.455, 1, P0, 34, 252.46 W, 1965 MHz, 3996 MHz, 7 %, 161509 MiB
2026/08/03 11:12:52.455, 2, P0, 36, 236.28 W, 1965 MHz, 3996 MHz, 0 %, 0 MiB
2026/08/03 11:12:52.455, 3, P0, 33, 238.86 W, 1965 MHz, 3996 MHz, 0 %, 0 MiB
2026/08/03 11:12:52.455, 4, P0, 33, 235.89 W, 1965 MHz, 3996 MHz, 0 %, 0 MiB
2026/08/03 11:12:52.455, 5, P0, 36, 244.98 W, 1965 MHz, 3996 MHz, 0 %, 0 MiB
2026/08/03 11:12:52.455, 6, P0, 33, 242.61 W, 1965 MHz, 3996 MHz, 0 %, 0 MiB
2026/08/03 11:12:52.455, 7, P0, 37, 243.48 W, 1965 MHz, 3996 MHz, 0 %, 0 MiB
2026/08/03 11:12:53.455, 0, P0, 37, 264.24 W, 1965 MHz, 3996 MHz, 95 %, 161509 MiB
2026/08/03 11:12:53.455, 1, P0, 34, 251.72 W, 1965 MHz, 3996 MHz, 14 %, 161509 MiB
2026/08/03 11:12:53.455, 2, P0, 36, 236.34 W, 1965 MHz, 3996 MHz, 0 %, 0 MiB
2026/08/03 11:12:53.455, 3, P0, 33, 238.77 W, 1965 MHz, 3996 MHz, 0 %, 0 MiB
2026/08/03 11:12:53.455, 4, P0, 33, 235.89 W, 1965 MHz, 3996 MHz, 0 %, 0 MiB
2026/08/03 11:12:53.455, 5, P0, 36, 245.04 W, 1965 MHz, 3996 MHz, 0 %, 0 MiB
2026/08/03 11:12:53.455, 6, P0, 33, 242.56 W, 1965 MHz, 3996 MHz, 0 %, 0 MiB
2026/08/03 11:12:53.455, 7, P0, 37, 243.55 W, 1965 MHz, 3996 MHz, 0 %, 0 MiB
2026/08/03 11:12:54.455, 0, P0, 37, 264.67 W, 1965 MHz, 3996 MHz, 96 %, 161509 MiB
2026/08/03 11:12:54.456, 1, P0, 34, 252.01 W, 1965 MHz, 3996 MHz, 7 %, 161509 MiB
2026/08/03 11:12:54.456, 2, P0, 36, 236.36 W, 1965 MHz, 3996 MHz, 0 %, 0 MiB
2026/08/03 11:12:54.456, 3, P0, 33, 238.81 W, 1965 MHz, 3996 MHz, 0 %, 0 MiB
2026/08/03 11:12:54.456, 4, P0, 33, 235.90 W, 1965 MHz, 3996 MHz, 0 %, 0 MiB
2026/08/03 11:12:54.456, 5, P0, 36, 244.96 W, 1965 MHz, 3996 MHz, 0 %, 0 MiB
2026/08/03 11:12:54.456, 6, P0, 33, 242.64 W, 1965 MHz, 3996 MHz, 0 %, 0 MiB
2026/08/03 11:12:54.456, 7, P0, 37, 243.51 W, 1965 MHz, 3996 MHz, 0 %, 0 MiB
2026/08/03 11:12:55.456, 0, P0, 37, 265.15 W, 1965 MHz, 3996 MHz, 91 %, 161509 MiB
2026/08/03 11:12:55.456, 1, P0, 34, 251.62 W, 1965 MHz, 3996 MHz, 7 %, 161509 MiB
2026/08/03 11:12:55.456, 2, P0, 36, 236.38 W, 1965 MHz, 3996 MHz, 0 %, 0 MiB
2026/08/03 11:12:55.456, 3, P0, 33, 238.84 W, 1965 MHz, 3996 MHz, 0 %, 0 MiB
2026/08/03 11:12:55.456, 4, P0, 33, 235.93 W, 1965 MHz, 3996 MHz, 0 %, 0 MiB
2026/08/03 11:12:55.456, 5, P0, 36, 244.98 W, 1965 MHz, 3996 MHz, 0 %, 0 MiB
2026/08/03 11:12:55.456, 6, P0, 33, 242.63 W, 1965 MHz, 3996 MHz, 0 %, 0 MiB
2026/08/03 11:12:55.456, 7, P0, 37, 243.55 W, 1965 MHz, 3996 MHz, 0 %, 0 MiB
2026/08/03 11:12:56.456, 0, P0, 37, 264.43 W, 1965 MHz, 3996 MHz, 91 %, 161509 MiB
2026/08/03 11:12:56.456, 1, P0, 34, 252.42 W, 1965 MHz, 3996 MHz, 7 %, 161509 MiB
2026/08/03 11:12:56.456, 2, P0, 36, 236.39 W, 1965 MHz, 3996 MHz, 0 %, 0 MiB
2026/08/03 11:12:56.456, 3, P0, 33, 238.74 W, 1965 MHz, 3996 MHz, 0 %, 0 MiB
2026/08/03 11:12:56.456, 4, P0, 33, 235.89 W, 1965 MHz, 3996 MHz, 0 %, 0 MiB
2026/08/03 11:12:56.456, 5, P0, 36, 244.95 W, 1965 MHz, 3996 MHz, 0 %, 0 MiB
2026/08/03 11:12:56.456, 6, P0, 33, 242.63 W, 1965 MHz, 3996 MHz, 0 %, 0 MiB
2026/08/03 11:12:56.456, 7, P0, 37, 243.50 W, 1965 MHz, 3996 MHz, 0 %, 0 MiB
2026/08/03 11:12:57.456, 0, P0, 37, 264.63 W, 1965 MHz, 3996 MHz, 96 %, 161509 MiB
2026/08/03 11:12:57.456, 1, P0, 34, 252.47 W, 1965 MHz, 3996 MHz, 7 %, 161509 MiB
2026/08/03 11:12:57.456, 2, P0, 36, 236.32 W, 1965 MHz, 3996 MHz, 0 %, 0 MiB
2026/08/03 11:12:57.456, 3, P0, 33, 238.70 W, 1965 MHz, 3996 MHz, 0 %, 0 MiB
2026/08/03 11:12:57.456, 4, P0, 33, 235.89 W, 1965 MHz, 3996 MHz, 0 %, 0 MiB
2026/08/03 11:12:57.456, 5, P0, 36, 244.97 W, 1965 MHz, 3996 MHz, 0 %, 0 MiB
2026/08/03 11:12:57.456, 6, P0, 33, 242.51 W, 1965 MHz, 3996 MHz, 0 %, 0 MiB
2026/08/03 11:12:57.457, 7, P0, 37, 243.52 W, 1965 MHz, 3996 MHz, 0 %, 0 MiB
2026/08/03 11:12:58.457, 0, P0, 37, 265.47 W, 1965 MHz, 3996 MHz, 91 %, 161509 MiB
2026/08/03 11:12:58.457, 1, P0, 34, 250.69 W, 1965 MHz, 3996 MHz, 7 %, 161509 MiB
2026/08/03 11:12:58.457, 2, P0, 36, 236.29 W, 1965 MHz, 3996 MHz, 0 %, 0 MiB
2026/08/03 11:12:58.457, 3, P0, 33, 238.80 W, 1965 MHz, 3996 MHz, 0 %, 0 MiB
2026/08/03 11:12:58.457, 4, P0, 33, 235.90 W, 1965 MHz, 3996 MHz, 0 %, 0 MiB
2026/08/03 11:12:58.457, 5, P0, 36, 244.91 W, 1965 MHz, 3996 MHz, 0 %, 0 MiB
2026/08/03 11:12:58.457, 6, P0, 33, 242.60 W, 1965 MHz, 3996 MHz, 0 %, 0 MiB
2026/08/03 11:12:58.457, 7, P0, 37, 243.48 W, 1965 MHz, 3996 MHz, 0 %, 0 MiB
2026/08/03 11:12:59.457, 0, P0, 37, 329.19 W, 1965 MHz, 3996 MHz, 96 %, 161509 MiB
2026/08/03 11:12:59.457, 1, P0, 34, 331.64 W, 1965 MHz, 3996 MHz, 7 %, 161509 MiB
2026/08/03 11:12:59.457, 2, P0, 36, 236.40 W, 1965 MHz, 3996 MHz, 0 %, 0 MiB
2026/08/03 11:12:59.457, 3, P0, 33, 238.79 W, 1965 MHz, 3996 MHz, 0 %, 0 MiB
2026/08/03 11:12:59.457, 4, P0, 33, 235.93 W, 1965 MHz, 3996 MHz, 0 %, 0 MiB
2026/08/03 11:12:59.457, 5, P0, 36, 244.95 W, 1965 MHz, 3996 MHz, 0 %, 0 MiB
2026/08/03 11:12:59.457, 6, P0, 33, 242.59 W, 1965 MHz, 3996 MHz, 0 %, 0 MiB
2026/08/03 11:12:59.457, 7, P0, 37, 243.50 W, 1965 MHz, 3996 MHz, 0 %, 0 MiB
2026/08/03 11:13:00.457, 0, P0, 37, 267.55 W, 1965 MHz, 3996 MHz, 96 %, 161509 MiB
2026/08/03 11:13:00.457, 1, P0, 34, 255.89 W, 1965 MHz, 3996 MHz, 7 %, 161509 MiB
2026/08/03 11:13:00.457, 2, P0, 36, 236.31 W, 1965 MHz, 3996 MHz, 0 %, 0 MiB
2026/08/03 11:13:00.457, 3, P0, 33, 238.81 W, 1965 MHz, 3996 MHz, 0 %, 0 MiB
2026/08/03 11:13:00.457, 4, P0, 33, 235.93 W, 1965 MHz, 3996 MHz, 0 %, 0 MiB
2026/08/03 11:13:00.457, 5, P0, 36, 245.07 W, 1965 MHz, 3996 MHz, 0 %, 0 MiB
2026/08/03 11:13:00.457, 6, P0, 33, 242.57 W, 1965 MHz, 3996 MHz, 0 %, 0 MiB
2026/08/03 11:13:00.457, 7, P0, 37, 243.47 W, 1965 MHz, 3996 MHz, 0 %, 0 MiB
2026/08/03 11:13:01.457, 0, P0, 37, 332.02 W, 1965 MHz, 3996 MHz, 93 %, 161509 MiB
2026/08/03 11:13:01.457, 1, P0, 34, 329.97 W, 1965 MHz, 3996 MHz, 7 %, 161509 MiB
2026/08/03 11:13:01.458, 2, P0, 36, 236.40 W, 1965 MHz, 3996 MHz, 0 %, 0 MiB
2026/08/03 11:13:01.458, 3, P0, 33, 238.77 W, 1965 MHz, 3996 MHz, 0 %, 0 MiB
2026/08/03 11:13:01.458, 4, P0, 33, 235.95 W, 1965 MHz, 3996 MHz, 0 %, 0 MiB
2026/08/03 11:13:01.458, 5, P0, 36, 244.97 W, 1965 MHz, 3996 MHz, 0 %, 0 MiB
2026/08/03 11:13:01.458, 6, P0, 33, 242.60 W, 1965 MHz, 3996 MHz, 0 %, 0 MiB
2026/08/03 11:13:01.458, 7, P0, 37, 243.49 W, 1965 MHz, 3996 MHz, 0 %, 0 MiB
2026/08/03 11:13:02.458, 0, P0, 37, 268.34 W, 1965 MHz, 3996 MHz, 92 %, 161509 MiB
2026/08/03 11:13:02.458, 1, P0, 34, 255.32 W, 1965 MHz, 3996 MHz, 7 %, 161509 MiB
2026/08/03 11:13:02.458, 2, P0, 36, 236.37 W, 1965 MHz, 3996 MHz, 0 %, 0 MiB
2026/08/03 11:13:02.458, 3, P0, 33, 238.84 W, 1965 MHz, 3996 MHz, 0 %, 0 MiB
2026/08/03 11:13:02.458, 4, P0, 33, 235.95 W, 1965 MHz, 3996 MHz, 0 %, 0 MiB
2026/08/03 11:13:02.458, 5, P0, 36, 245.01 W, 1965 MHz, 3996 MHz, 0 %, 0 MiB
2026/08/03 11:13:02.458, 6, P0, 33, 242.51 W, 1965 MHz, 3996 MHz, 0 %, 0 MiB
2026/08/03 11:13:02.458, 7, P0, 37, 243.50 W, 1965 MHz, 3996 MHz, 0 %, 0 MiB
2026/08/03 11:13:03.458, 0, P0, 37, 269.31 W, 1965 MHz, 3996 MHz, 91 %, 161509 MiB
2026/08/03 11:13:03.458, 1, P0, 34, 254.59 W, 1965 MHz, 3996 MHz, 7 %, 161509 MiB
2026/08/03 11:13:03.458, 2, P0, 36, 236.34 W, 1965 MHz, 3996 MHz, 0 %, 0 MiB
2026/08/03 11:13:03.458, 3, P0, 33, 238.84 W, 1965 MHz, 3996 MHz, 0 %, 0 MiB
2026/08/03 11:13:03.458, 4, P0, 33, 235.90 W, 1965 MHz, 3996 MHz, 0 %, 0 MiB
2026/08/03 11:13:03.458, 5, P0, 36, 245.03 W, 1965 MHz, 3996 MHz, 0 %, 0 MiB
2026/08/03 11:13:03.458, 6, P0, 33, 242.63 W, 1965 MHz, 3996 MHz, 0 %, 0 MiB
2026/08/03 11:13:03.458, 7, P0, 37, 243.48 W, 1965 MHz, 3996 MHz, 0 %, 0 MiB
2026/08/03 11:13:04.458, 0, P0, 37, 268.50 W, 1965 MHz, 3996 MHz, 93 %, 161509 MiB
2026/08/03 11:13:04.458, 1, P0, 34, 254.01 W, 1965 MHz, 3996 MHz, 7 %, 161509 MiB
2026/08/03 11:13:04.458, 2, P0, 36, 236.38 W, 1965 MHz, 3996 MHz, 0 %, 0 MiB
2026/08/03 11:13:04.458, 3, P0, 33, 238.89 W, 1965 MHz, 3996 MHz, 0 %, 0 MiB
2026/08/03 11:13:04.458, 4, P0, 33, 235.89 W, 1965 MHz, 3996 MHz, 0 %, 0 MiB
2026/08/03 11:13:04.458, 5, P0, 36, 245.00 W, 1965 MHz, 3996 MHz, 0 %, 0 MiB
2026/08/03 11:13:04.458, 6, P0, 33, 242.70 W, 1965 MHz, 3996 MHz, 0 %, 0 MiB
2026/08/03 11:13:04.458, 7, P0, 37, 243.52 W, 1965 MHz, 3996 MHz, 0 %, 0 MiB
2026/08/03 11:13:05.459, 0, P0, 37, 268.54 W, 1965 MHz, 3996 MHz, 96 %, 161509 MiB
2026/08/03 11:13:05.459, 1, P0, 34, 255.43 W, 1965 MHz, 3996 MHz, 7 %, 161509 MiB
2026/08/03 11:13:05.459, 2, P0, 36, 236.26 W, 1965 MHz, 3996 MHz, 0 %, 0 MiB
2026/08/03 11:13:05.459, 3, P0, 33, 238.85 W, 1965 MHz, 3996 MHz, 0 %, 0 MiB
2026/08/03 11:13:05.459, 4, P0, 33, 235.93 W, 1965 MHz, 3996 MHz, 0 %, 0 MiB
2026/08/03 11:13:05.459, 5, P0, 36, 244.97 W, 1965 MHz, 3996 MHz, 0 %, 0 MiB
2026/08/03 11:13:05.459, 6, P0, 33, 242.60 W, 1965 MHz, 3996 MHz, 0 %, 0 MiB
2026/08/03 11:13:05.459, 7, P0, 37, 243.59 W, 1965 MHz, 3996 MHz, 0 %, 0 MiB
2026/08/03 11:13:06.459, 0, P0, 37, 267.95 W, 1965 MHz, 3996 MHz, 96 %, 161509 MiB
2026/08/03 11:13:06.459, 1, P0, 34, 255.22 W, 1965 MHz, 3996 MHz, 7 %, 161509 MiB
2026/08/03 11:13:06.459, 2, P0, 36, 236.29 W, 1965 MHz, 3996 MHz, 0 %, 0 MiB
2026/08/03 11:13:06.459, 3, P0, 33, 238.81 W, 1965 MHz, 3996 MHz, 0 %, 0 MiB
2026/08/03 11:13:06.459, 4, P0, 33, 235.91 W, 1965 MHz, 3996 MHz, 0 %, 0 MiB
2026/08/03 11:13:06.459, 5, P0, 36, 244.95 W, 1965 MHz, 3996 MHz, 0 %, 0 MiB
2026/08/03 11:13:06.459, 6, P0, 33, 242.53 W, 1965 MHz, 3996 MHz, 0 %, 0 MiB
2026/08/03 11:13:06.459, 7, P0, 37, 243.52 W, 1965 MHz, 3996 MHz, 0 %, 0 MiB
2026/08/03 11:13:07.459, 0, P0, 37, 267.14 W, 1965 MHz, 3996 MHz, 94 %, 161509 MiB
2026/08/03 11:13:07.459, 1, P0, 34, 254.35 W, 1965 MHz, 3996 MHz, 7 %, 161509 MiB
2026/08/03 11:13:07.459, 2, P0, 36, 236.31 W, 1965 MHz, 3996 MHz, 0 %, 0 MiB
2026/08/03 11:13:07.459, 3, P0, 33, 238.85 W, 1965 MHz, 3996 MHz, 0 %, 0 MiB
2026/08/03 11:13:07.459, 4, P0, 33, 235.89 W, 1965 MHz, 3996 MHz, 0 %, 0 MiB
2026/08/03 11:13:07.459, 5, P0, 36, 244.99 W, 1965 MHz, 3996 MHz, 0 %, 0 MiB
2026/08/03 11:13:07.459, 6, P0, 33, 242.56 W, 1965 MHz, 3996 MHz, 0 %, 0 MiB
2026/08/03 11:13:07.459, 7, P0, 37, 243.59 W, 1965 MHz, 3996 MHz, 0 %, 0 MiB
2026/08/03 11:13:08.459, 0, P0, 37, 267.29 W, 1965 MHz, 3996 MHz, 92 %, 161509 MiB
2026/08/03 11:13:08.460, 1, P0, 34, 253.73 W, 1965 MHz, 3996 MHz, 7 %, 161509 MiB
2026/08/03 11:13:08.460, 2, P0, 36, 236.35 W, 1965 MHz, 3996 MHz, 0 %, 0 MiB
2026/08/03 11:13:08.460, 3, P0, 33, 238.81 W, 1965 MHz, 3996 MHz, 0 %, 0 MiB
2026/08/03 11:13:08.460, 4, P0, 33, 235.89 W, 1965 MHz, 3996 MHz, 0 %, 0 MiB
2026/08/03 11:13:08.460, 5, P0, 36, 245.03 W, 1965 MHz, 3996 MHz, 0 %, 0 MiB
2026/08/03 11:13:08.460, 6, P0, 33, 242.61 W, 1965 MHz, 3996 MHz, 0 %, 0 MiB
2026/08/03 11:13:08.460, 7, P0, 37, 243.55 W, 1965 MHz, 3996 MHz, 0 %, 0 MiB
2026/08/03 11:13:09.460, 0, P0, 37, 267.70 W, 1965 MHz, 3996 MHz, 92 %, 161509 MiB
2026/08/03 11:13:09.460, 1, P0, 34, 254.38 W, 1965 MHz, 3996 MHz, 7 %, 161509 MiB
2026/08/03 11:13:09.460, 2, P0, 36, 236.44 W, 1965 MHz, 3996 MHz, 0 %, 0 MiB
2026/08/03 11:13:09.460, 3, P0, 33, 238.86 W, 1965 MHz, 3996 MHz, 0 %, 0 MiB
2026/08/03 11:13:09.460, 4, P0, 33, 235.92 W, 1965 MHz, 3996 MHz, 0 %, 0 MiB
2026/08/03 11:13:09.460, 5, P0, 36, 245.03 W, 1965 MHz, 3996 MHz, 0 %, 0 MiB
2026/08/03 11:13:09.460, 6, P0, 33, 242.56 W, 1965 MHz, 3996 MHz, 0 %, 0 MiB
2026/08/03 11:13:09.460, 7, P0, 37, 243.53 W, 1965 MHz, 3996 MHz, 0 %, 0 MiB
2026/08/03 11:13:10.460, 0, P0, 37, 267.55 W, 1965 MHz, 3996 MHz, 96 %, 161509 MiB
2026/08/03 11:13:10.460, 1, P0, 34, 253.91 W, 1965 MHz, 3996 MHz, 7 %, 161509 MiB
2026/08/03 11:13:10.460, 2, P0, 36, 236.43 W, 1965 MHz, 3996 MHz, 0 %, 0 MiB
2026/08/03 11:13:10.460, 3, P0, 33, 238.80 W, 1965 MHz, 3996 MHz, 0 %, 0 MiB
2026/08/03 11:13:10.460, 4, P0, 33, 235.94 W, 1965 MHz, 3996 MHz, 0 %, 0 MiB
2026/08/03 11:13:10.460, 5, P0, 36, 245.01 W, 1965 MHz, 3996 MHz, 0 %, 0 MiB
2026/08/03 11:13:10.460, 6, P0, 33, 242.65 W, 1965 MHz, 3996 MHz, 0 %, 0 MiB
2026/08/03 11:13:10.460, 7, P0, 37, 243.66 W, 1965 MHz, 3996 MHz, 0 %, 0 MiB
2026/08/03 11:13:11.460, 0, P0, 37, 266.79 W, 1965 MHz, 3996 MHz, 97 %, 161509 MiB
2026/08/03 11:13:11.460, 1, P0, 34, 255.16 W, 1965 MHz, 3996 MHz, 7 %, 161509 MiB
2026/08/03 11:13:11.460, 2, P0, 36, 236.38 W, 1965 MHz, 3996 MHz, 0 %, 0 MiB
2026/08/03 11:13:11.460, 3, P0, 33, 238.88 W, 1965 MHz, 3996 MHz, 0 %, 0 MiB
2026/08/03 11:13:11.460, 4, P0, 33, 235.91 W, 1965 MHz, 3996 MHz, 0 %, 0 MiB
2026/08/03 11:13:11.460, 5, P0, 36, 245.11 W, 1965 MHz, 3996 MHz, 0 %, 0 MiB
2026/08/03 11:13:11.461, 6, P0, 33, 242.63 W, 1965 MHz, 3996 MHz, 0 %, 0 MiB
2026/08/03 11:13:11.461, 7, P0, 37, 243.49 W, 1965 MHz, 3996 MHz, 0 %, 0 MiB
2026/08/03 11:13:12.461, 0, P0, 37, 267.20 W, 1965 MHz, 3996 MHz, 94 %, 161509 MiB
2026/08/03 11:13:12.461, 1, P0, 34, 254.02 W, 1965 MHz, 3996 MHz, 7 %, 161509 MiB
2026/08/03 11:13:12.461, 2, P0, 36, 236.33 W, 1965 MHz, 3996 MHz, 0 %, 0 MiB
2026/08/03 11:13:12.461, 3, P0, 33, 238.91 W, 1965 MHz, 3996 MHz, 0 %, 0 MiB
2026/08/03 11:13:12.461, 4, P0, 33, 235.91 W, 1965 MHz, 3996 MHz, 0 %, 0 MiB
2026/08/03 11:13:12.461, 5, P0, 36, 245.05 W, 1965 MHz, 3996 MHz, 0 %, 0 MiB
2026/08/03 11:13:12.461, 6, P0, 33, 242.68 W, 1965 MHz, 3996 MHz, 0 %, 0 MiB
2026/08/03 11:13:12.461, 7, P0, 37, 243.45 W, 1965 MHz, 3996 MHz, 0 %, 0 MiB
2026/08/03 11:13:13.461, 0, P0, 37, 268.61 W, 1965 MHz, 3996 MHz, 92 %, 161509 MiB
2026/08/03 11:13:13.461, 1, P0, 34, 254.76 W, 1965 MHz, 3996 MHz, 7 %, 161509 MiB
2026/08/03 11:13:13.461, 2, P0, 36, 236.28 W, 1965 MHz, 3996 MHz, 0 %, 0 MiB
2026/08/03 11:13:13.461, 3, P0, 33, 238.87 W, 1965 MHz, 3996 MHz, 0 %, 0 MiB
2026/08/03 11:13:13.461, 4, P0, 33, 235.90 W, 1965 MHz, 3996 MHz, 0 %, 0 MiB
2026/08/03 11:13:13.461, 5, P0, 36, 245.03 W, 1965 MHz, 3996 MHz, 0 %, 0 MiB
2026/08/03 11:13:13.461, 6, P0, 33, 242.65 W, 1965 MHz, 3996 MHz, 0 %, 0 MiB
2026/08/03 11:13:13.461, 7, P0, 37, 243.49 W, 1965 MHz, 3996 MHz, 0 %, 0 MiB
2026/08/03 11:13:14.461, 0, P0, 37, 267.74 W, 1965 MHz, 3996 MHz, 92 %, 161509 MiB
2026/08/03 11:13:14.461, 1, P0, 34, 253.93 W, 1965 MHz, 3996 MHz, 7 %, 161509 MiB
2026/08/03 11:13:14.462, 2, P0, 36, 236.38 W, 1965 MHz, 3996 MHz, 0 %, 0 MiB
2026/08/03 11:13:14.462, 3, P0, 33, 238.91 W, 1965 MHz, 3996 MHz, 0 %, 0 MiB
2026/08/03 11:13:14.462, 4, P0, 33, 235.90 W, 1965 MHz, 3996 MHz, 0 %, 0 MiB
2026/08/03 11:13:14.462, 5, P0, 36, 245.04 W, 1965 MHz, 3996 MHz, 0 %, 0 MiB
2026/08/03 11:13:14.462, 6, P0, 33, 242.63 W, 1965 MHz, 3996 MHz, 0 %, 0 MiB
2026/08/03 11:13:14.463, 7, P0, 37, 243.53 W, 1965 MHz, 3996 MHz, 0 %, 0 MiB
2026/08/03 11:13:15.463, 0, P0, 37, 267.09 W, 1965 MHz, 3996 MHz, 96 %, 161509 MiB
2026/08/03 11:13:15.463, 1, P0, 34, 254.27 W, 1965 MHz, 3996 MHz, 7 %, 161509 MiB
2026/08/03 11:13:15.463, 2, P0, 36, 236.39 W, 1965 MHz, 3996 MHz, 0 %, 0 MiB
2026/08/03 11:13:15.463, 3, P0, 33, 238.81 W, 1965 MHz, 3996 MHz, 0 %, 0 MiB
2026/08/03 11:13:15.463, 4, P0, 33, 235.88 W, 1965 MHz, 3996 MHz, 0 %, 0 MiB
2026/08/03 11:13:15.463, 5, P0, 36, 244.99 W, 1965 MHz, 3996 MHz, 0 %, 0 MiB
2026/08/03 11:13:15.463, 6, P0, 33, 242.64 W, 1965 MHz, 3996 MHz, 0 %, 0 MiB
2026/08/03 11:13:15.463, 7, P0, 37, 243.51 W, 1965 MHz, 3996 MHz, 0 %, 0 MiB
2026/08/03 11:13:16.463, 0, P0, 37, 267.35 W, 1965 MHz, 3996 MHz, 96 %, 161509 MiB
2026/08/03 11:13:16.463, 1, P0, 34, 254.64 W, 1965 MHz, 3996 MHz, 7 %, 161509 MiB
2026/08/03 11:13:16.463, 2, P0, 36, 236.29 W, 1965 MHz, 3996 MHz, 0 %, 0 MiB
2026/08/03 11:13:16.463, 3, P0, 33, 238.76 W, 1965 MHz, 3996 MHz, 0 %, 0 MiB
2026/08/03 11:13:16.463, 4, P0, 33, 235.89 W, 1965 MHz, 3996 MHz, 0 %, 0 MiB
2026/08/03 11:13:16.463, 5, P0, 36, 244.97 W, 1965 MHz, 3996 MHz, 0 %, 0 MiB
2026/08/03 11:13:16.463, 6, P0, 33, 242.55 W, 1965 MHz, 3996 MHz, 0 %, 0 MiB
2026/08/03 11:13:16.463, 7, P0, 37, 243.58 W, 1965 MHz, 3996 MHz, 0 %, 0 MiB
2026/08/03 11:13:17.463, 0, P0, 37, 267.83 W, 1965 MHz, 3996 MHz, 95 %, 161509 MiB
2026/08/03 11:13:17.463, 1, P0, 34, 255.39 W, 1965 MHz, 3996 MHz, 7 %, 161509 MiB
2026/08/03 11:13:17.463, 2, P0, 36, 236.37 W, 1965 MHz, 3996 MHz, 0 %, 0 MiB
2026/08/03 11:13:17.463, 3, P0, 33, 238.91 W, 1965 MHz, 3996 MHz, 0 %, 0 MiB
2026/08/03 11:13:17.463, 4, P0, 33, 235.90 W, 1965 MHz, 3996 MHz, 0 %, 0 MiB
2026/08/03 11:13:17.463, 5, P0, 36, 244.98 W, 1965 MHz, 3996 MHz, 0 %, 0 MiB
2026/08/03 11:13:17.463, 6, P0, 33, 242.71 W, 1965 MHz, 3996 MHz, 0 %, 0 MiB
2026/08/03 11:13:17.463, 7, P0, 37, 243.57 W, 1965 MHz, 3996 MHz, 0 %, 0 MiB
2026/08/03 11:13:18.463, 0, P0, 37, 268.19 W, 1965 MHz, 3996 MHz, 92 %, 161509 MiB
2026/08/03 11:13:18.464, 1, P0, 34, 254.53 W, 1965 MHz, 3996 MHz, 7 %, 161509 MiB
2026/08/03 11:13:18.464, 2, P0, 36, 236.32 W, 1965 MHz, 3996 MHz, 0 %, 0 MiB
2026/08/03 11:13:18.464, 3, P0, 33, 238.83 W, 1965 MHz, 3996 MHz, 0 %, 0 MiB
2026/08/03 11:13:18.464, 4, P0, 33, 235.89 W, 1965 MHz, 3996 MHz, 0 %, 0 MiB
2026/08/03 11:13:18.464, 5, P0, 36, 244.98 W, 1965 MHz, 3996 MHz, 0 %, 0 MiB
2026/08/03 11:13:18.464, 6, P0, 33, 242.59 W, 1965 MHz, 3996 MHz, 0 %, 0 MiB
2026/08/03 11:13:18.464, 7, P0, 37, 243.51 W, 1965 MHz, 3996 MHz, 0 %, 0 MiB
2026/08/03 11:13:19.464, 0, P0, 37, 266.86 W, 1965 MHz, 3996 MHz, 91 %, 161509 MiB
2026/08/03 11:13:19.464, 1, P0, 34, 254.45 W, 1965 MHz, 3996 MHz, 7 %, 161509 MiB
2026/08/03 11:13:19.464, 2, P0, 36, 236.33 W, 1965 MHz, 3996 MHz, 0 %, 0 MiB
2026/08/03 11:13:19.464, 3, P0, 33, 238.94 W, 1965 MHz, 3996 MHz, 0 %, 0 MiB
2026/08/03 11:13:19.464, 4, P0, 33, 235.89 W, 1965 MHz, 3996 MHz, 0 %, 0 MiB
2026/08/03 11:13:19.464, 5, P0, 36, 245.02 W, 1965 MHz, 3996 MHz, 0 %, 0 MiB
2026/08/03 11:13:19.464, 6, P0, 33, 242.56 W, 1965 MHz, 3996 MHz, 0 %, 0 MiB
2026/08/03 11:13:19.464, 7, P0, 37, 243.46 W, 1965 MHz, 3996 MHz, 0 %, 0 MiB
2026/08/03 11:13:20.464, 0, P0, 37, 268.73 W, 1965 MHz, 3996 MHz, 96 %, 161509 MiB
2026/08/03 11:13:20.464, 1, P0, 34, 254.22 W, 1965 MHz, 3996 MHz, 7 %, 161509 MiB
2026/08/03 11:13:20.464, 2, P0, 36, 236.35 W, 1965 MHz, 3996 MHz, 0 %, 0 MiB
2026/08/03 11:13:20.464, 3, P0, 33, 238.80 W, 1965 MHz, 3996 MHz, 0 %, 0 MiB
2026/08/03 11:13:20.464, 4, P0, 33, 235.88 W, 1965 MHz, 3996 MHz, 0 %, 0 MiB
2026/08/03 11:13:20.464, 5, P0, 36, 245.03 W, 1965 MHz, 3996 MHz, 0 %, 0 MiB
2026/08/03 11:13:20.464, 6, P0, 33, 242.51 W, 1965 MHz, 3996 MHz, 0 %, 0 MiB
2026/08/03 11:13:20.464, 7, P0, 37, 243.52 W, 1965 MHz, 3996 MHz, 0 %, 0 MiB
2026/08/03 11:13:21.464, 0, P0, 37, 269.23 W, 1965 MHz, 3996 MHz, 96 %, 161509 MiB
2026/08/03 11:13:21.464, 1, P0, 34, 255.11 W, 1965 MHz, 3996 MHz, 7 %, 161509 MiB
2026/08/03 11:13:21.464, 2, P0, 36, 236.32 W, 1965 MHz, 3996 MHz, 0 %, 0 MiB
2026/08/03 11:13:21.464, 3, P0, 33, 238.82 W, 1965 MHz, 3996 MHz, 0 %, 0 MiB
2026/08/03 11:13:21.464, 4, P0, 33, 235.90 W, 1965 MHz, 3996 MHz, 0 %, 0 MiB
2026/08/03 11:13:21.464, 5, P0, 36, 244.98 W, 1965 MHz, 3996 MHz, 0 %, 0 MiB
2026/08/03 11:13:21.464, 6, P0, 33, 242.55 W, 1965 MHz, 3996 MHz, 0 %, 0 MiB
2026/08/03 11:13:21.464, 7, P0, 37, 243.44 W, 1965 MHz, 3996 MHz, 0 %, 0 MiB
2026/08/03 11:13:22.465, 0, P0, 37, 267.94 W, 1965 MHz, 3996 MHz, 95 %, 161509 MiB
2026/08/03 11:13:22.465, 1, P0, 34, 254.01 W, 1965 MHz, 3996 MHz, 7 %, 161509 MiB
2026/08/03 11:13:22.465, 2, P0, 36, 236.30 W, 1965 MHz, 3996 MHz, 0 %, 0 MiB
2026/08/03 11:13:22.465, 3, P0, 33, 238.73 W, 1965 MHz, 3996 MHz, 0 %, 0 MiB
2026/08/03 11:13:22.465, 4, P0, 33, 235.91 W, 1965 MHz, 3996 MHz, 0 %, 0 MiB
2026/08/03 11:13:22.465, 5, P0, 36, 245.01 W, 1965 MHz, 3996 MHz, 0 %, 0 MiB
2026/08/03 11:13:22.465, 6, P0, 33, 242.54 W, 1965 MHz, 3996 MHz, 0 %, 0 MiB
2026/08/03 11:13:22.465, 7, P0, 37, 243.56 W, 1965 MHz, 3996 MHz, 0 %, 0 MiB
2026/08/03 11:13:23.465, 0, P0, 37, 268.74 W, 1965 MHz, 3996 MHz, 92 %, 161509 MiB
2026/08/03 11:13:23.465, 1, P0, 34, 255.13 W, 1965 MHz, 3996 MHz, 7 %, 161509 MiB
2026/08/03 11:13:23.465, 2, P0, 36, 236.36 W, 1965 MHz, 3996 MHz, 0 %, 0 MiB
2026/08/03 11:13:23.465, 3, P0, 33, 238.79 W, 1965 MHz, 3996 MHz, 0 %, 0 MiB
2026/08/03 11:13:23.465, 4, P0, 33, 235.91 W, 1965 MHz, 3996 MHz, 0 %, 0 MiB
2026/08/03 11:13:23.465, 5, P0, 36, 244.99 W, 1965 MHz, 3996 MHz, 0 %, 0 MiB
2026/08/03 11:13:23.465, 6, P0, 33, 242.53 W, 1965 MHz, 3996 MHz, 0 %, 0 MiB
2026/08/03 11:13:23.465, 7, P0, 37, 243.56 W, 1965 MHz, 3996 MHz, 0 %, 0 MiB
2026/08/03 11:13:24.465, 0, P0, 37, 267.42 W, 1965 MHz, 3996 MHz, 92 %, 161509 MiB
2026/08/03 11:13:24.465, 1, P0, 34, 253.53 W, 1965 MHz, 3996 MHz, 7 %, 161509 MiB
2026/08/03 11:13:24.465, 2, P0, 36, 236.31 W, 1965 MHz, 3996 MHz, 0 %, 0 MiB
2026/08/03 11:13:24.465, 3, P0, 33, 238.76 W, 1965 MHz, 3996 MHz, 0 %, 0 MiB
2026/08/03 11:13:24.465, 4, P0, 33, 235.91 W, 1965 MHz, 3996 MHz, 0 %, 0 MiB
2026/08/03 11:13:24.465, 5, P0, 36, 244.99 W, 1965 MHz, 3996 MHz, 0 %, 0 MiB
2026/08/03 11:13:24.465, 6, P0, 33, 242.57 W, 1965 MHz, 3996 MHz, 0 %, 0 MiB
2026/08/03 11:13:24.465, 7, P0, 37, 243.48 W, 1965 MHz, 3996 MHz, 0 %, 0 MiB
2026/08/03 11:13:25.465, 0, P0, 37, 267.29 W, 1965 MHz, 3996 MHz, 96 %, 161509 MiB
2026/08/03 11:13:25.465, 1, P0, 34, 255.61 W, 1965 MHz, 3996 MHz, 7 %, 161509 MiB
2026/08/03 11:13:25.465, 2, P0, 36, 236.28 W, 1965 MHz, 3996 MHz, 0 %, 0 MiB
2026/08/03 11:13:25.465, 3, P0, 33, 238.81 W, 1965 MHz, 3996 MHz, 0 %, 0 MiB
2026/08/03 11:13:25.465, 4, P0, 33, 235.91 W, 1965 MHz, 3996 MHz, 0 %, 0 MiB
2026/08/03 11:13:25.465, 5, P0, 36, 245.03 W, 1965 MHz, 3996 MHz, 0 %, 0 MiB
2026/08/03 11:13:25.465, 6, P0, 33, 242.57 W, 1965 MHz, 3996 MHz, 0 %, 0 MiB
2026/08/03 11:13:25.465, 7, P0, 37, 243.45 W, 1965 MHz, 3996 MHz, 0 %, 0 MiB
2026/08/03 11:13:26.466, 0, P0, 37, 267.44 W, 1965 MHz, 3996 MHz, 96 %, 161509 MiB
2026/08/03 11:13:26.466, 1, P0, 34, 255.17 W, 1965 MHz, 3996 MHz, 7 %, 161509 MiB
2026/08/03 11:13:26.466, 2, P0, 36, 236.37 W, 1965 MHz, 3996 MHz, 0 %, 0 MiB
2026/08/03 11:13:26.466, 3, P0, 33, 238.76 W, 1965 MHz, 3996 MHz, 0 %, 0 MiB
2026/08/03 11:13:26.466, 4, P0, 33, 235.93 W, 1965 MHz, 3996 MHz, 0 %, 0 MiB
2026/08/03 11:13:26.466, 5, P0, 36, 244.96 W, 1965 MHz, 3996 MHz, 0 %, 0 MiB
2026/08/03 11:13:26.466, 6, P0, 33, 242.61 W, 1965 MHz, 3996 MHz, 0 %, 0 MiB
2026/08/03 11:13:26.466, 7, P0, 37, 243.51 W, 1965 MHz, 3996 MHz, 0 %, 0 MiB
2026/08/03 11:13:27.466, 0, P0, 37, 269.18 W, 1965 MHz, 3996 MHz, 96 %, 161509 MiB
2026/08/03 11:13:27.466, 1, P0, 34, 255.11 W, 1965 MHz, 3996 MHz, 7 %, 161509 MiB
2026/08/03 11:13:27.466, 2, P0, 36, 236.29 W, 1965 MHz, 3996 MHz, 0 %, 0 MiB
2026/08/03 11:13:27.466, 3, P0, 33, 238.92 W, 1965 MHz, 3996 MHz, 0 %, 0 MiB
2026/08/03 11:13:27.466, 4, P0, 33, 235.90 W, 1965 MHz, 3996 MHz, 0 %, 0 MiB
2026/08/03 11:13:27.466, 5, P0, 36, 244.96 W, 1965 MHz, 3996 MHz, 0 %, 0 MiB
2026/08/03 11:13:27.466, 6, P0, 33, 242.68 W, 1965 MHz, 3996 MHz, 0 %, 0 MiB
2026/08/03 11:13:27.466, 7, P0, 37, 243.52 W, 1965 MHz, 3996 MHz, 0 %, 0 MiB
2026/08/03 11:13:28.466, 0, P0, 37, 268.45 W, 1965 MHz, 3996 MHz, 92 %, 161509 MiB
2026/08/03 11:13:28.466, 1, P0, 34, 254.52 W, 1965 MHz, 3996 MHz, 7 %, 161509 MiB
2026/08/03 11:13:28.466, 2, P0, 36, 236.21 W, 1965 MHz, 3996 MHz, 0 %, 0 MiB
2026/08/03 11:13:28.466, 3, P0, 33, 238.86 W, 1965 MHz, 3996 MHz, 0 %, 0 MiB
2026/08/03 11:13:28.466, 4, P0, 33, 235.93 W, 1965 MHz, 3996 MHz, 0 %, 0 MiB
2026/08/03 11:13:28.466, 5, P0, 36, 244.96 W, 1965 MHz, 3996 MHz, 0 %, 0 MiB
2026/08/03 11:13:28.466, 6, P0, 33, 242.60 W, 1965 MHz, 3996 MHz, 0 %, 0 MiB
2026/08/03 11:13:28.466, 7, P0, 37, 243.48 W, 1965 MHz, 3996 MHz, 0 %, 0 MiB
2026/08/03 11:13:29.466, 0, P0, 37, 268.23 W, 1965 MHz, 3996 MHz, 90 %, 161509 MiB
2026/08/03 11:13:29.466, 1, P0, 34, 254.94 W, 1965 MHz, 3996 MHz, 7 %, 161509 MiB
2026/08/03 11:13:29.466, 2, P0, 36, 236.28 W, 1965 MHz, 3996 MHz, 0 %, 0 MiB
2026/08/03 11:13:29.466, 3, P0, 33, 238.81 W, 1965 MHz, 3996 MHz, 0 %, 0 MiB
2026/08/03 11:13:29.466, 4, P0, 33, 235.89 W, 1965 MHz, 3996 MHz, 0 %, 0 MiB
2026/08/03 11:13:29.466, 5, P0, 36, 244.92 W, 1965 MHz, 3996 MHz, 0 %, 0 MiB
2026/08/03 11:13:29.466, 6, P0, 33, 242.57 W, 1965 MHz, 3996 MHz, 0 %, 0 MiB
2026/08/03 11:13:29.466, 7, P0, 37, 243.49 W, 1965 MHz, 3996 MHz, 0 %, 0 MiB
2026/08/03 11:13:30.467, 0, P0, 37, 267.32 W, 1965 MHz, 3996 MHz, 93 %, 161509 MiB
2026/08/03 11:13:30.467, 1, P0, 34, 253.72 W, 1965 MHz, 3996 MHz, 7 %, 161509 MiB
2026/08/03 11:13:30.467, 2, P0, 36, 236.37 W, 1965 MHz, 3996 MHz, 0 %, 0 MiB
2026/08/03 11:13:30.467, 3, P0, 33, 238.78 W, 1965 MHz, 3996 MHz, 0 %, 0 MiB
2026/08/03 11:13:30.467, 4, P0, 33, 235.89 W, 1965 MHz, 3996 MHz, 0 %, 0 MiB
2026/08/03 11:13:30.467, 5, P0, 36, 244.93 W, 1965 MHz, 3996 MHz, 0 %, 0 MiB
2026/08/03 11:13:30.467, 6, P0, 33, 242.68 W, 1965 MHz, 3996 MHz, 0 %, 0 MiB
2026/08/03 11:13:30.467, 7, P0, 37, 243.50 W, 1965 MHz, 3996 MHz, 0 %, 0 MiB
2026/08/03 11:13:31.467, 0, P0, 37, 268.20 W, 1965 MHz, 3996 MHz, 97 %, 161509 MiB
2026/08/03 11:13:31.467, 1, P0, 34, 256.17 W, 1965 MHz, 3996 MHz, 7 %, 161509 MiB
2026/08/03 11:13:31.467, 2, P0, 36, 236.42 W, 1965 MHz, 3996 MHz, 0 %, 0 MiB
2026/08/03 11:13:31.467, 3, P0, 33, 238.86 W, 1965 MHz, 3996 MHz, 0 %, 0 MiB
2026/08/03 11:13:31.467, 4, P0, 33, 235.90 W, 1965 MHz, 3996 MHz, 0 %, 0 MiB
2026/08/03 11:13:31.467, 5, P0, 36, 244.96 W, 1965 MHz, 3996 MHz, 0 %, 0 MiB
2026/08/03 11:13:31.467, 6, P0, 33, 242.58 W, 1965 MHz, 3996 MHz, 0 %, 0 MiB
2026/08/03 11:13:31.467, 7, P0, 37, 243.49 W, 1965 MHz, 3996 MHz, 0 %, 0 MiB
2026/08/03 11:13:32.467, 0, P0, 37, 267.57 W, 1965 MHz, 3996 MHz, 96 %, 161509 MiB
2026/08/03 11:13:32.467, 1, P0, 34, 255.38 W, 1965 MHz, 3996 MHz, 7 %, 161509 MiB
2026/08/03 11:13:32.467, 2, P0, 36, 236.30 W, 1965 MHz, 3996 MHz, 0 %, 0 MiB
2026/08/03 11:13:32.467, 3, P0, 33, 238.86 W, 1965 MHz, 3996 MHz, 0 %, 0 MiB
2026/08/03 11:13:32.467, 4, P0, 33, 235.90 W, 1965 MHz, 3996 MHz, 0 %, 0 MiB
2026/08/03 11:13:32.467, 5, P0, 36, 244.96 W, 1965 MHz, 3996 MHz, 0 %, 0 MiB
2026/08/03 11:13:32.467, 6, P0, 33, 242.59 W, 1965 MHz, 3996 MHz, 0 %, 0 MiB
2026/08/03 11:13:32.467, 7, P0, 37, 243.46 W, 1965 MHz, 3996 MHz, 0 %, 0 MiB
2026/08/03 11:13:33.467, 0, P0, 37, 268.58 W, 1965 MHz, 3996 MHz, 96 %, 161509 MiB
2026/08/03 11:13:33.467, 1, P0, 34, 255.06 W, 1965 MHz, 3996 MHz, 7 %, 161509 MiB
2026/08/03 11:13:33.467, 2, P0, 36, 236.27 W, 1965 MHz, 3996 MHz, 0 %, 0 MiB
2026/08/03 11:13:33.467, 3, P0, 33, 238.67 W, 1965 MHz, 3996 MHz, 0 %, 0 MiB
2026/08/03 11:13:33.467, 4, P0, 33, 235.91 W, 1965 MHz, 3996 MHz, 0 %, 0 MiB
2026/08/03 11:13:33.467, 5, P0, 36, 245.00 W, 1965 MHz, 3996 MHz, 0 %, 0 MiB
2026/08/03 11:13:33.467, 6, P0, 33, 242.52 W, 1965 MHz, 3996 MHz, 0 %, 0 MiB
2026/08/03 11:13:33.467, 7, P0, 37, 243.49 W, 1965 MHz, 3996 MHz, 0 %, 0 MiB
2026/08/03 11:13:34.468, 0, P0, 37, 267.40 W, 1965 MHz, 3996 MHz, 95 %, 161509 MiB
2026/08/03 11:13:34.468, 1, P0, 34, 254.96 W, 1965 MHz, 3996 MHz, 7 %, 161509 MiB
2026/08/03 11:13:34.468, 2, P0, 36, 236.28 W, 1965 MHz, 3996 MHz, 0 %, 0 MiB
2026/08/03 11:13:34.468, 3, P0, 33, 238.83 W, 1965 MHz, 3996 MHz, 0 %, 0 MiB
2026/08/03 11:13:34.468, 4, P0, 33, 235.89 W, 1965 MHz, 3996 MHz, 0 %, 0 MiB
2026/08/03 11:13:34.468, 5, P0, 36, 245.09 W, 1965 MHz, 3996 MHz, 0 %, 0 MiB
2026/08/03 11:13:34.468, 6, P0, 33, 242.62 W, 1965 MHz, 3996 MHz, 0 %, 0 MiB
2026/08/03 11:13:34.468, 7, P0, 37, 243.52 W, 1965 MHz, 3996 MHz, 0 %, 0 MiB
2026/08/03 11:13:35.468, 0, P0, 45, 423.63 W, 1695 MHz, 3996 MHz, 86 %, 163589 MiB
2026/08/03 11:13:35.468, 1, P0, 44, 418.46 W, 1620 MHz, 3996 MHz, 100 %, 163589 MiB
2026/08/03 11:13:35.468, 2, P0, 36, 236.30 W, 1965 MHz, 3996 MHz, 0 %, 0 MiB
2026/08/03 11:13:35.468, 3, P0, 33, 238.78 W, 1965 MHz, 3996 MHz, 0 %, 0 MiB
2026/08/03 11:13:35.468, 4, P0, 33, 235.91 W, 1965 MHz, 3996 MHz, 0 %, 0 MiB
2026/08/03 11:13:35.468, 5, P0, 36, 244.98 W, 1965 MHz, 3996 MHz, 0 %, 0 MiB
2026/08/03 11:13:35.468, 6, P0, 33, 242.62 W, 1965 MHz, 3996 MHz, 0 %, 0 MiB
2026/08/03 11:13:35.468, 7, P0, 37, 243.50 W, 1965 MHz, 3996 MHz, 0 %, 0 MiB
2026/08/03 11:13:36.468, 0, P0, 38, 421.25 W, 1965 MHz, 3996 MHz, 96 %, 163589 MiB
2026/08/03 11:13:36.468, 1, P0, 35, 408.55 W, 1965 MHz, 3996 MHz, 8 %, 163589 MiB
2026/08/03 11:13:36.468, 2, P0, 36, 236.23 W, 1965 MHz, 3996 MHz, 0 %, 0 MiB
2026/08/03 11:13:36.468, 3, P0, 33, 238.67 W, 1965 MHz, 3996 MHz, 0 %, 0 MiB
2026/08/03 11:13:36.468, 4, P0, 33, 235.91 W, 1965 MHz, 3996 MHz, 0 %, 0 MiB
2026/08/03 11:13:36.468, 5, P0, 36, 244.95 W, 1965 MHz, 3996 MHz, 0 %, 0 MiB
2026/08/03 11:13:36.468, 6, P0, 33, 242.50 W, 1965 MHz, 3996 MHz, 0 %, 0 MiB
2026/08/03 11:13:36.468, 7, P0, 37, 243.43 W, 1965 MHz, 3996 MHz, 0 %, 0 MiB
2026/08/03 11:13:37.468, 0, P0, 37, 272.42 W, 1965 MHz, 3996 MHz, 93 %, 163589 MiB
2026/08/03 11:13:37.468, 1, P0, 34, 261.06 W, 1965 MHz, 3996 MHz, 8 %, 163589 MiB
2026/08/03 11:13:37.468, 2, P0, 36, 236.39 W, 1965 MHz, 3996 MHz, 0 %, 0 MiB
2026/08/03 11:13:37.468, 3, P0, 33, 238.68 W, 1965 MHz, 3996 MHz, 0 %, 0 MiB
2026/08/03 11:13:37.468, 4, P0, 33, 235.89 W, 1965 MHz, 3996 MHz, 0 %, 0 MiB
2026/08/03 11:13:37.468, 5, P0, 36, 245.05 W, 1965 MHz, 3996 MHz, 0 %, 0 MiB
2026/08/03 11:13:37.468, 6, P0, 33, 242.51 W, 1965 MHz, 3996 MHz, 0 %, 0 MiB
2026/08/03 11:13:37.468, 7, P0, 37, 243.47 W, 1965 MHz, 3996 MHz, 0 %, 0 MiB
2026/08/03 11:13:38.469, 0, P0, 39, 561.25 W, 1965 MHz, 3996 MHz, 95 %, 165669 MiB
2026/08/03 11:13:38.469, 1, P0, 36, 545.96 W, 1965 MHz, 3996 MHz, 8 %, 165669 MiB
2026/08/03 11:13:38.469, 2, P0, 36, 236.41 W, 1965 MHz, 3996 MHz, 0 %, 0 MiB
2026/08/03 11:13:38.469, 3, P0, 33, 238.65 W, 1965 MHz, 3996 MHz, 0 %, 0 MiB
2026/08/03 11:13:38.469, 4, P0, 33, 235.97 W, 1965 MHz, 3996 MHz, 0 %, 0 MiB
2026/08/03 11:13:38.469, 5, P0, 36, 244.91 W, 1965 MHz, 3996 MHz, 0 %, 0 MiB
2026/08/03 11:13:38.469, 6, P0, 33, 242.55 W, 1965 MHz, 3996 MHz, 0 %, 0 MiB
2026/08/03 11:13:38.469, 7, P0, 37, 243.40 W, 1965 MHz, 3996 MHz, 0 %, 0 MiB
2026/08/03 11:13:39.469, 0, P0, 37, 273.86 W, 1965 MHz, 3996 MHz, 92 %, 165669 MiB
2026/08/03 11:13:39.469, 1, P0, 34, 262.29 W, 1965 MHz, 3996 MHz, 8 %, 165669 MiB
2026/08/03 11:13:39.469, 2, P0, 36, 236.31 W, 1965 MHz, 3996 MHz, 0 %, 0 MiB
2026/08/03 11:13:39.469, 3, P0, 33, 238.78 W, 1965 MHz, 3996 MHz, 0 %, 0 MiB
2026/08/03 11:13:39.469, 4, P0, 33, 235.89 W, 1965 MHz, 3996 MHz, 0 %, 0 MiB
2026/08/03 11:13:39.469, 5, P0, 36, 244.97 W, 1965 MHz, 3996 MHz, 0 %, 0 MiB
2026/08/03 11:13:39.469, 6, P0, 33, 242.44 W, 1965 MHz, 3996 MHz, 0 %, 0 MiB
2026/08/03 11:13:39.469, 7, P0, 37, 243.49 W, 1965 MHz, 3996 MHz, 0 %, 0 MiB
2026/08/03 11:13:40.469, 0, P0, 47, 513.02 W, 1627 MHz, 3996 MHz, 100 %, 165669 MiB
2026/08/03 11:13:40.469, 1, P0, 44, 513.67 W, 1635 MHz, 3996 MHz, 70 %, 165669 MiB
2026/08/03 11:13:40.469, 2, P0, 36, 236.36 W, 1965 MHz, 3996 MHz, 0 %, 0 MiB
2026/08/03 11:13:40.469, 3, P0, 33, 238.76 W, 1965 MHz, 3996 MHz, 0 %, 0 MiB
2026/08/03 11:13:40.469, 4, P0, 33, 235.96 W, 1965 MHz, 3996 MHz, 0 %, 0 MiB
2026/08/03 11:13:40.469, 5, P0, 36, 245.01 W, 1965 MHz, 3996 MHz, 0 %, 0 MiB
2026/08/03 11:13:40.469, 6, P0, 33, 242.55 W, 1965 MHz, 3996 MHz, 0 %, 0 MiB
2026/08/03 11:13:40.469, 7, P0, 37, 243.53 W, 1965 MHz, 3996 MHz, 0 %, 0 MiB
2026/08/03 11:13:41.469, 0, P0, 38, 332.32 W, 1965 MHz, 3996 MHz, 96 %, 165669 MiB
2026/08/03 11:13:41.469, 1, P0, 35, 322.25 W, 1965 MHz, 3996 MHz, 8 %, 165669 MiB
2026/08/03 11:13:41.469, 2, P0, 36, 236.38 W, 1965 MHz, 3996 MHz, 0 %, 0 MiB
2026/08/03 11:13:41.469, 3, P0, 33, 238.84 W, 1965 MHz, 3996 MHz, 0 %, 0 MiB
2026/08/03 11:13:41.469, 4, P0, 33, 235.93 W, 1965 MHz, 3996 MHz, 0 %, 0 MiB
2026/08/03 11:13:41.469, 5, P0, 36, 244.94 W, 1965 MHz, 3996 MHz, 0 %, 0 MiB
2026/08/03 11:13:41.470, 6, P0, 33, 242.63 W, 1965 MHz, 3996 MHz, 0 %, 0 MiB
2026/08/03 11:13:41.470, 7, P0, 37, 243.35 W, 1965 MHz, 3996 MHz, 0 %, 0 MiB
2026/08/03 11:13:42.470, 0, P0, 37, 273.40 W, 1965 MHz, 3996 MHz, 96 %, 165669 MiB
2026/08/03 11:13:42.470, 1, P0, 34, 259.91 W, 1965 MHz, 3996 MHz, 8 %, 165669 MiB
2026/08/03 11:13:42.470, 2, P0, 36, 236.30 W, 1965 MHz, 3996 MHz, 0 %, 0 MiB
2026/08/03 11:13:42.470, 3, P0, 33, 238.76 W, 1965 MHz, 3996 MHz, 0 %, 0 MiB
2026/08/03 11:13:42.470, 4, P0, 33, 235.89 W, 1965 MHz, 3996 MHz, 0 %, 0 MiB
2026/08/03 11:13:42.470, 5, P0, 36, 245.00 W, 1965 MHz, 3996 MHz, 0 %, 0 MiB
2026/08/03 11:13:42.470, 6, P0, 33, 242.62 W, 1965 MHz, 3996 MHz, 0 %, 0 MiB
2026/08/03 11:13:42.470, 7, P0, 37, 243.41 W, 1965 MHz, 3996 MHz, 0 %, 0 MiB
2026/08/03 11:13:43.470, 0, P0, 39, 553.04 W, 1965 MHz, 3996 MHz, 91 %, 165669 MiB
2026/08/03 11:13:43.470, 1, P0, 36, 554.84 W, 1965 MHz, 3996 MHz, 7 %, 165669 MiB
2026/08/03 11:13:43.470, 2, P0, 36, 236.36 W, 1965 MHz, 3996 MHz, 0 %, 0 MiB
2026/08/03 11:13:43.470, 3, P0, 33, 238.77 W, 1965 MHz, 3996 MHz, 0 %, 0 MiB
2026/08/03 11:13:43.470, 4, P0, 33, 235.93 W, 1965 MHz, 3996 MHz, 0 %, 0 MiB
2026/08/03 11:13:43.470, 5, P0, 36, 244.94 W, 1965 MHz, 3996 MHz, 0 %, 0 MiB
2026/08/03 11:13:43.470, 6, P0, 33, 242.48 W, 1965 MHz, 3996 MHz, 0 %, 0 MiB
2026/08/03 11:13:43.470, 7, P0, 37, 243.50 W, 1965 MHz, 3996 MHz, 0 %, 0 MiB
2026/08/03 11:13:44.470, 0, P0, 38, 272.70 W, 1965 MHz, 3996 MHz, 95 %, 165669 MiB
2026/08/03 11:13:44.470, 1, P0, 35, 258.15 W, 1965 MHz, 3996 MHz, 7 %, 165669 MiB
2026/08/03 11:13:44.470, 2, P0, 36, 236.37 W, 1965 MHz, 3996 MHz, 0 %, 0 MiB
2026/08/03 11:13:44.470, 3, P0, 33, 238.71 W, 1965 MHz, 3996 MHz, 0 %, 0 MiB
2026/08/03 11:13:44.470, 4, P0, 33, 235.89 W, 1965 MHz, 3996 MHz, 0 %, 0 MiB
2026/08/03 11:13:44.470, 5, P0, 36, 244.93 W, 1965 MHz, 3996 MHz, 0 %, 0 MiB
2026/08/03 11:13:44.470, 6, P0, 33, 242.51 W, 1965 MHz, 3996 MHz, 0 %, 0 MiB
2026/08/03 11:13:44.470, 7, P0, 37, 243.47 W, 1965 MHz, 3996 MHz, 0 %, 0 MiB
2026/08/03 11:13:45.470, 0, P0, 37, 272.80 W, 1965 MHz, 3996 MHz, 96 %, 165669 MiB
2026/08/03 11:13:45.470, 1, P0, 34, 256.88 W, 1965 MHz, 3996 MHz, 7 %, 165669 MiB
2026/08/03 11:13:45.470, 2, P0, 36, 236.44 W, 1965 MHz, 3996 MHz, 0 %, 0 MiB
2026/08/03 11:13:45.470, 3, P0, 33, 238.87 W, 1965 MHz, 3996 MHz, 0 %, 0 MiB
2026/08/03 11:13:45.470, 4, P0, 33, 235.91 W, 1965 MHz, 3996 MHz, 0 %, 0 MiB
2026/08/03 11:13:45.470, 5, P0, 36, 244.99 W, 1965 MHz, 3996 MHz, 0 %, 0 MiB
2026/08/03 11:13:45.470, 6, P0, 33, 242.55 W, 1965 MHz, 3996 MHz, 0 %, 0 MiB
2026/08/03 11:13:45.471, 7, P0, 37, 243.39 W, 1965 MHz, 3996 MHz, 0 %, 0 MiB
2026/08/03 11:13:46.471, 0, P0, 37, 271.00 W, 1965 MHz, 3996 MHz, 96 %, 165669 MiB
2026/08/03 11:13:46.471, 1, P0, 34, 257.84 W, 1965 MHz, 3996 MHz, 7 %, 165669 MiB
2026/08/03 11:13:46.471, 2, P0, 36, 236.40 W, 1965 MHz, 3996 MHz, 0 %, 0 MiB
2026/08/03 11:13:46.471, 3, P0, 33, 238.73 W, 1965 MHz, 3996 MHz, 0 %, 0 MiB
2026/08/03 11:13:46.471, 4, P0, 33, 235.90 W, 1965 MHz, 3996 MHz, 0 %, 0 MiB
2026/08/03 11:13:46.471, 5, P0, 36, 244.95 W, 1965 MHz, 3996 MHz, 0 %, 0 MiB
2026/08/03 11:13:46.471, 6, P0, 33, 242.47 W, 1965 MHz, 3996 MHz, 0 %, 0 MiB
2026/08/03 11:13:46.471, 7, P0, 37, 243.54 W, 1965 MHz, 3996 MHz, 0 %, 0 MiB
2026/08/03 11:13:47.471, 0, P0, 37, 270.75 W, 1965 MHz, 3996 MHz, 95 %, 165669 MiB
2026/08/03 11:13:47.471, 1, P0, 34, 258.11 W, 1965 MHz, 3996 MHz, 7 %, 165669 MiB
2026/08/03 11:13:47.471, 2, P0, 36, 236.33 W, 1965 MHz, 3996 MHz, 0 %, 0 MiB
2026/08/03 11:13:47.471, 3, P0, 33, 238.90 W, 1965 MHz, 3996 MHz, 0 %, 0 MiB
2026/08/03 11:13:47.471, 4, P0, 33, 235.90 W, 1965 MHz, 3996 MHz, 0 %, 0 MiB
2026/08/03 11:13:47.471, 5, P0, 36, 244.96 W, 1965 MHz, 3996 MHz, 0 %, 0 MiB
2026/08/03 11:13:47.471, 6, P0, 33, 242.53 W, 1965 MHz, 3996 MHz, 0 %, 0 MiB
2026/08/03 11:13:47.471, 7, P0, 37, 243.51 W, 1965 MHz, 3996 MHz, 0 %, 0 MiB
2026/08/03 11:13:48.471, 0, P0, 37, 269.99 W, 1965 MHz, 3996 MHz, 92 %, 165669 MiB
2026/08/03 11:13:48.471, 1, P0, 34, 257.80 W, 1965 MHz, 3996 MHz, 7 %, 165669 MiB
2026/08/03 11:13:48.471, 2, P0, 36, 236.42 W, 1965 MHz, 3996 MHz, 0 %, 0 MiB
2026/08/03 11:13:48.471, 3, P0, 33, 238.84 W, 1965 MHz, 3996 MHz, 0 %, 0 MiB
2026/08/03 11:13:48.471, 4, P0, 33, 235.93 W, 1965 MHz, 3996 MHz, 0 %, 0 MiB
2026/08/03 11:13:48.471, 5, P0, 36, 244.99 W, 1965 MHz, 3996 MHz, 0 %, 0 MiB
2026/08/03 11:13:48.471, 6, P0, 33, 242.57 W, 1965 MHz, 3996 MHz, 0 %, 0 MiB
2026/08/03 11:13:48.471, 7, P0, 37, 243.38 W, 1965 MHz, 3996 MHz, 0 %, 0 MiB
2026/08/03 11:13:49.471, 0, P0, 37, 268.83 W, 1965 MHz, 3996 MHz, 92 %, 165669 MiB
2026/08/03 11:13:49.471, 1, P0, 34, 258.45 W, 1965 MHz, 3996 MHz, 7 %, 165669 MiB
2026/08/03 11:13:49.471, 2, P0, 36, 236.38 W, 1965 MHz, 3996 MHz, 0 %, 0 MiB
2026/08/03 11:13:49.471, 3, P0, 33, 238.82 W, 1965 MHz, 3996 MHz, 0 %, 0 MiB
2026/08/03 11:13:49.471, 4, P0, 33, 235.91 W, 1965 MHz, 3996 MHz, 0 %, 0 MiB
2026/08/03 11:13:49.471, 5, P0, 36, 244.98 W, 1965 MHz, 3996 MHz, 0 %, 0 MiB
2026/08/03 11:13:49.471, 6, P0, 33, 242.56 W, 1965 MHz, 3996 MHz, 0 %, 0 MiB
2026/08/03 11:13:49.471, 7, P0, 37, 243.50 W, 1965 MHz, 3996 MHz, 0 %, 0 MiB
2026/08/03 11:13:50.472, 0, P0, 37, 270.17 W, 1965 MHz, 3996 MHz, 91 %, 165669 MiB
2026/08/03 11:13:50.472, 1, P0, 34, 257.28 W, 1965 MHz, 3996 MHz, 7 %, 165669 MiB
2026/08/03 11:13:50.472, 2, P0, 36, 236.35 W, 1965 MHz, 3996 MHz, 0 %, 0 MiB
2026/08/03 11:13:50.472, 3, P0, 33, 238.84 W, 1965 MHz, 3996 MHz, 0 %, 0 MiB
2026/08/03 11:13:50.472, 4, P0, 33, 235.93 W, 1965 MHz, 3996 MHz, 0 %, 0 MiB
2026/08/03 11:13:50.472, 5, P0, 36, 244.97 W, 1965 MHz, 3996 MHz, 0 %, 0 MiB
2026/08/03 11:13:50.472, 6, P0, 33, 242.51 W, 1965 MHz, 3996 MHz, 0 %, 0 MiB
2026/08/03 11:13:50.472, 7, P0, 37, 243.49 W, 1965 MHz, 3996 MHz, 0 %, 0 MiB
2026/08/03 11:13:51.472, 0, P0, 37, 270.85 W, 1965 MHz, 3996 MHz, 96 %, 165669 MiB
2026/08/03 11:13:51.472, 1, P0, 34, 256.81 W, 1965 MHz, 3996 MHz, 7 %, 165669 MiB
2026/08/03 11:13:51.472, 2, P0, 36, 236.37 W, 1965 MHz, 3996 MHz, 0 %, 0 MiB
2026/08/03 11:13:51.472, 3, P0, 33, 238.76 W, 1965 MHz, 3996 MHz, 0 %, 0 MiB
2026/08/03 11:13:51.472, 4, P0, 33, 235.89 W, 1965 MHz, 3996 MHz, 0 %, 0 MiB
2026/08/03 11:13:51.472, 5, P0, 36, 244.96 W, 1965 MHz, 3996 MHz, 0 %, 0 MiB
2026/08/03 11:13:51.472, 6, P0, 33, 242.49 W, 1965 MHz, 3996 MHz, 0 %, 0 MiB
2026/08/03 11:13:51.472, 7, P0, 37, 243.53 W, 1965 MHz, 3996 MHz, 0 %, 0 MiB
2026/08/03 11:13:52.472, 0, P0, 39, 551.59 W, 1965 MHz, 3996 MHz, 92 %, 165669 MiB
2026/08/03 11:13:52.472, 1, P0, 36, 547.92 W, 1965 MHz, 3996 MHz, 7 %, 165669 MiB
2026/08/03 11:13:52.472, 2, P0, 36, 236.40 W, 1965 MHz, 3996 MHz, 0 %, 0 MiB
2026/08/03 11:13:52.472, 3, P0, 33, 238.78 W, 1965 MHz, 3996 MHz, 0 %, 0 MiB
2026/08/03 11:13:52.472, 4, P0, 33, 235.92 W, 1965 MHz, 3996 MHz, 0 %, 0 MiB
2026/08/03 11:13:52.472, 5, P0, 36, 244.92 W, 1965 MHz, 3996 MHz, 0 %, 0 MiB
2026/08/03 11:13:52.472, 6, P0, 33, 242.53 W, 1965 MHz, 3996 MHz, 0 %, 0 MiB
2026/08/03 11:13:52.472, 7, P0, 37, 243.44 W, 1965 MHz, 3996 MHz, 0 %, 0 MiB
2026/08/03 11:13:53.472, 0, P0, 37, 272.10 W, 1965 MHz, 3996 MHz, 90 %, 165669 MiB
2026/08/03 11:13:53.472, 1, P0, 34, 259.54 W, 1965 MHz, 3996 MHz, 8 %, 165669 MiB
2026/08/03 11:13:53.472, 2, P0, 36, 236.43 W, 1965 MHz, 3996 MHz, 0 %, 0 MiB
2026/08/03 11:13:53.472, 3, P0, 33, 238.82 W, 1965 MHz, 3996 MHz, 0 %, 0 MiB
2026/08/03 11:13:53.472, 4, P0, 33, 235.92 W, 1965 MHz, 3996 MHz, 0 %, 0 MiB
2026/08/03 11:13:53.472, 5, P0, 36, 244.95 W, 1965 MHz, 3996 MHz, 0 %, 0 MiB
2026/08/03 11:13:53.472, 6, P0, 33, 242.54 W, 1965 MHz, 3996 MHz, 0 %, 0 MiB
2026/08/03 11:13:53.472, 7, P0, 37, 243.59 W, 1965 MHz, 3996 MHz, 0 %, 0 MiB
2026/08/03 11:13:54.473, 0, P0, 42, 566.83 W, 1965 MHz, 3996 MHz, 94 %, 165669 MiB
2026/08/03 11:13:54.473, 1, P0, 39, 541.75 W, 1657 MHz, 3996 MHz, 100 %, 165669 MiB
2026/08/03 11:13:54.473, 2, P0, 36, 236.46 W, 1965 MHz, 3996 MHz, 0 %, 0 MiB
2026/08/03 11:13:54.473, 3, P0, 33, 238.73 W, 1965 MHz, 3996 MHz, 0 %, 0 MiB
2026/08/03 11:13:54.473, 4, P0, 33, 235.96 W, 1965 MHz, 3996 MHz, 0 %, 0 MiB
2026/08/03 11:13:54.473, 5, P0, 36, 244.98 W, 1965 MHz, 3996 MHz, 0 %, 0 MiB
2026/08/03 11:13:54.473, 6, P0, 33, 242.56 W, 1965 MHz, 3996 MHz, 0 %, 0 MiB
2026/08/03 11:13:54.473, 7, P0, 37, 243.54 W, 1965 MHz, 3996 MHz, 0 %, 0 MiB
2026/08/03 11:13:55.473, 0, P0, 38, 272.29 W, 1965 MHz, 3996 MHz, 96 %, 165669 MiB
2026/08/03 11:13:55.473, 1, P0, 35, 257.65 W, 1965 MHz, 3996 MHz, 7 %, 165669 MiB
2026/08/03 11:13:55.473, 2, P0, 36, 236.49 W, 1965 MHz, 3996 MHz, 0 %, 0 MiB
2026/08/03 11:13:55.473, 3, P0, 33, 238.76 W, 1965 MHz, 3996 MHz, 0 %, 0 MiB
2026/08/03 11:13:55.473, 4, P0, 33, 235.89 W, 1965 MHz, 3996 MHz, 0 %, 0 MiB
2026/08/03 11:13:55.473, 5, P0, 36, 244.92 W, 1965 MHz, 3996 MHz, 0 %, 0 MiB
2026/08/03 11:13:55.473, 6, P0, 33, 242.58 W, 1965 MHz, 3996 MHz, 0 %, 0 MiB
2026/08/03 11:13:55.473, 7, P0, 37, 243.46 W, 1965 MHz, 3996 MHz, 0 %, 0 MiB
2026/08/03 11:13:56.473, 0, P0, 37, 270.69 W, 1965 MHz, 3996 MHz, 95 %, 165669 MiB
2026/08/03 11:13:56.473, 1, P0, 34, 257.92 W, 1965 MHz, 3996 MHz, 8 %, 165669 MiB
2026/08/03 11:13:56.473, 2, P0, 36, 236.53 W, 1965 MHz, 3996 MHz, 0 %, 0 MiB
2026/08/03 11:13:56.473, 3, P0, 33, 238.76 W, 1965 MHz, 3996 MHz, 0 %, 0 MiB
2026/08/03 11:13:56.473, 4, P0, 33, 235.89 W, 1965 MHz, 3996 MHz, 0 %, 0 MiB
2026/08/03 11:13:56.473, 5, P0, 36, 245.00 W, 1965 MHz, 3996 MHz, 0 %, 0 MiB
2026/08/03 11:13:56.473, 6, P0, 33, 242.54 W, 1965 MHz, 3996 MHz, 0 %, 0 MiB
2026/08/03 11:13:56.473, 7, P0, 37, 243.51 W, 1965 MHz, 3996 MHz, 0 %, 0 MiB
2026/08/03 11:13:57.473, 0, P0, 37, 271.51 W, 1965 MHz, 3996 MHz, 92 %, 165669 MiB
2026/08/03 11:13:57.473, 1, P0, 34, 257.09 W, 1965 MHz, 3996 MHz, 7 %, 165669 MiB
2026/08/03 11:13:57.473, 2, P0, 36, 236.40 W, 1965 MHz, 3996 MHz, 0 %, 0 MiB
2026/08/03 11:13:57.473, 3, P0, 33, 238.75 W, 1965 MHz, 3996 MHz, 0 %, 0 MiB
2026/08/03 11:13:57.473, 4, P0, 33, 235.90 W, 1965 MHz, 3996 MHz, 0 %, 0 MiB
2026/08/03 11:13:57.473, 5, P0, 36, 244.92 W, 1965 MHz, 3996 MHz, 0 %, 0 MiB
2026/08/03 11:13:57.473, 6, P0, 33, 242.54 W, 1965 MHz, 3996 MHz, 0 %, 0 MiB
2026/08/03 11:13:57.473, 7, P0, 37, 243.49 W, 1965 MHz, 3996 MHz, 0 %, 0 MiB
2026/08/03 11:13:58.473, 0, P0, 37, 271.39 W, 1965 MHz, 3996 MHz, 91 %, 165669 MiB
2026/08/03 11:13:58.474, 1, P0, 34, 258.01 W, 1965 MHz, 3996 MHz, 8 %, 165669 MiB
2026/08/03 11:13:58.474, 2, P0, 36, 236.47 W, 1965 MHz, 3996 MHz, 0 %, 0 MiB
2026/08/03 11:13:58.474, 3, P0, 33, 238.69 W, 1965 MHz, 3996 MHz, 0 %, 0 MiB
2026/08/03 11:13:58.474, 4, P0, 33, 235.89 W, 1965 MHz, 3996 MHz, 0 %, 0 MiB
2026/08/03 11:13:58.474, 5, P0, 36, 244.88 W, 1965 MHz, 3996 MHz, 0 %, 0 MiB
2026/08/03 11:13:58.474, 6, P0, 33, 242.54 W, 1965 MHz, 3996 MHz, 0 %, 0 MiB
2026/08/03 11:13:58.474, 7, P0, 37, 243.48 W, 1965 MHz, 3996 MHz, 0 %, 0 MiB
2026/08/03 11:13:59.474, 0, P0, 37, 270.62 W, 1965 MHz, 3996 MHz, 93 %, 165669 MiB
2026/08/03 11:13:59.474, 1, P0, 34, 257.22 W, 1965 MHz, 3996 MHz, 7 %, 165669 MiB
2026/08/03 11:13:59.474, 2, P0, 36, 236.45 W, 1965 MHz, 3996 MHz, 0 %, 0 MiB
2026/08/03 11:13:59.474, 3, P0, 33, 238.78 W, 1965 MHz, 3996 MHz, 0 %, 0 MiB
2026/08/03 11:13:59.474, 4, P0, 33, 235.90 W, 1965 MHz, 3996 MHz, 0 %, 0 MiB
2026/08/03 11:13:59.474, 5, P0, 36, 244.95 W, 1965 MHz, 3996 MHz, 0 %, 0 MiB
2026/08/03 11:13:59.474, 6, P0, 33, 242.48 W, 1965 MHz, 3996 MHz, 0 %, 0 MiB
2026/08/03 11:13:59.474, 7, P0, 37, 243.45 W, 1965 MHz, 3996 MHz, 0 %, 0 MiB
2026/08/03 11:14:00.474, 0, P0, 37, 270.27 W, 1965 MHz, 3996 MHz, 96 %, 165669 MiB
2026/08/03 11:14:00.474, 1, P0, 34, 257.55 W, 1965 MHz, 3996 MHz, 7 %, 165669 MiB
2026/08/03 11:14:00.474, 2, P0, 36, 236.44 W, 1965 MHz, 3996 MHz, 0 %, 0 MiB
2026/08/03 11:14:00.474, 3, P0, 33, 238.74 W, 1965 MHz, 3996 MHz, 0 %, 0 MiB
2026/08/03 11:14:00.474, 4, P0, 33, 235.88 W, 1965 MHz, 3996 MHz, 0 %, 0 MiB
2026/08/03 11:14:00.474, 5, P0, 36, 244.85 W, 1965 MHz, 3996 MHz, 0 %, 0 MiB
2026/08/03 11:14:00.474, 6, P0, 33, 242.51 W, 1965 MHz, 3996 MHz, 0 %, 0 MiB
2026/08/03 11:14:00.474, 7, P0, 37, 243.49 W, 1965 MHz, 3996 MHz, 0 %, 0 MiB
2026/08/03 11:14:01.474, 0, P0, 37, 271.02 W, 1965 MHz, 3996 MHz, 94 %, 165669 MiB
2026/08/03 11:14:01.474, 1, P0, 34, 257.52 W, 1965 MHz, 3996 MHz, 7 %, 165669 MiB
2026/08/03 11:14:01.474, 2, P0, 36, 236.45 W, 1965 MHz, 3996 MHz, 0 %, 0 MiB
2026/08/03 11:14:01.474, 3, P0, 33, 238.71 W, 1965 MHz, 3996 MHz, 0 %, 0 MiB
2026/08/03 11:14:01.474, 4, P0, 33, 235.89 W, 1965 MHz, 3996 MHz, 0 %, 0 MiB
2026/08/03 11:14:01.474, 5, P0, 36, 244.93 W, 1965 MHz, 3996 MHz, 0 %, 0 MiB
2026/08/03 11:14:01.474, 6, P0, 33, 242.42 W, 1965 MHz, 3996 MHz, 0 %, 0 MiB
2026/08/03 11:14:01.474, 7, P0, 37, 243.42 W, 1965 MHz, 3996 MHz, 0 %, 0 MiB
2026/08/03 11:14:02.474, 0, P0, 37, 270.15 W, 1965 MHz, 3996 MHz, 92 %, 165669 MiB
2026/08/03 11:14:02.474, 1, P0, 34, 255.75 W, 1965 MHz, 3996 MHz, 7 %, 165669 MiB
2026/08/03 11:14:02.475, 2, P0, 36, 236.44 W, 1965 MHz, 3996 MHz, 0 %, 0 MiB
2026/08/03 11:14:02.475, 3, P0, 33, 238.80 W, 1965 MHz, 3996 MHz, 0 %, 0 MiB
2026/08/03 11:14:02.475, 4, P0, 33, 235.93 W, 1965 MHz, 3996 MHz, 0 %, 0 MiB
2026/08/03 11:14:02.475, 5, P0, 36, 244.94 W, 1965 MHz, 3996 MHz, 0 %, 0 MiB
2026/08/03 11:14:02.475, 6, P0, 33, 242.57 W, 1965 MHz, 3996 MHz, 0 %, 0 MiB
2026/08/03 11:14:02.475, 7, P0, 37, 243.46 W, 1965 MHz, 3996 MHz, 0 %, 0 MiB
2026/08/03 11:14:03.475, 0, P0, 37, 271.33 W, 1965 MHz, 3996 MHz, 90 %, 165669 MiB
2026/08/03 11:14:03.475, 1, P0, 34, 257.11 W, 1965 MHz, 3996 MHz, 10 %, 165669 MiB
2026/08/03 11:14:03.475, 2, P0, 36, 236.50 W, 1965 MHz, 3996 MHz, 0 %, 0 MiB
2026/08/03 11:14:03.475, 3, P0, 33, 238.74 W, 1965 MHz, 3996 MHz, 0 %, 0 MiB
2026/08/03 11:14:03.475, 4, P0, 33, 235.90 W, 1965 MHz, 3996 MHz, 0 %, 0 MiB
2026/08/03 11:14:03.475, 5, P0, 36, 244.89 W, 1965 MHz, 3996 MHz, 0 %, 0 MiB
2026/08/03 11:14:03.475, 6, P0, 33, 242.57 W, 1965 MHz, 3996 MHz, 0 %, 0 MiB
2026/08/03 11:14:03.475, 7, P0, 37, 243.51 W, 1965 MHz, 3996 MHz, 0 %, 0 MiB
2026/08/03 11:14:04.475, 0, P0, 37, 269.22 W, 1965 MHz, 3996 MHz, 95 %, 165669 MiB
2026/08/03 11:14:04.475, 1, P0, 34, 255.70 W, 1965 MHz, 3996 MHz, 7 %, 165669 MiB
2026/08/03 11:14:04.475, 2, P0, 36, 236.60 W, 1965 MHz, 3996 MHz, 0 %, 0 MiB
2026/08/03 11:14:04.475, 3, P0, 33, 238.80 W, 1965 MHz, 3996 MHz, 0 %, 0 MiB
2026/08/03 11:14:04.475, 4, P0, 33, 235.89 W, 1965 MHz, 3996 MHz, 0 %, 0 MiB
2026/08/03 11:14:04.475, 5, P0, 36, 244.87 W, 1965 MHz, 3996 MHz, 0 %, 0 MiB
2026/08/03 11:14:04.475, 6, P0, 33, 242.49 W, 1965 MHz, 3996 MHz, 0 %, 0 MiB
2026/08/03 11:14:04.475, 7, P0, 37, 243.48 W, 1965 MHz, 3996 MHz, 0 %, 0 MiB
2026/08/03 11:14:05.475, 0, P0, 37, 271.49 W, 1965 MHz, 3996 MHz, 96 %, 165669 MiB
2026/08/03 11:14:05.475, 1, P0, 34, 256.95 W, 1965 MHz, 3996 MHz, 7 %, 165669 MiB
2026/08/03 11:14:05.475, 2, P0, 36, 236.52 W, 1965 MHz, 3996 MHz, 0 %, 0 MiB
2026/08/03 11:14:05.475, 3, P0, 33, 238.89 W, 1965 MHz, 3996 MHz, 0 %, 0 MiB
2026/08/03 11:14:05.475, 4, P0, 33, 235.89 W, 1965 MHz, 3996 MHz, 0 %, 0 MiB
2026/08/03 11:14:05.475, 5, P0, 36, 244.94 W, 1965 MHz, 3996 MHz, 0 %, 0 MiB
2026/08/03 11:14:05.475, 6, P0, 33, 242.49 W, 1965 MHz, 3996 MHz, 0 %, 0 MiB
2026/08/03 11:14:05.475, 7, P0, 37, 243.51 W, 1965 MHz, 3996 MHz, 0 %, 0 MiB
2026/08/03 11:14:06.475, 0, P0, 37, 270.61 W, 1965 MHz, 3996 MHz, 96 %, 165669 MiB
2026/08/03 11:14:06.476, 1, P0, 34, 256.96 W, 1965 MHz, 3996 MHz, 7 %, 165669 MiB
2026/08/03 11:14:06.476, 2, P0, 36, 236.45 W, 1965 MHz, 3996 MHz, 0 %, 0 MiB
2026/08/03 11:14:06.476, 3, P0, 33, 238.78 W, 1965 MHz, 3996 MHz, 0 %, 0 MiB
2026/08/03 11:14:06.476, 4, P0, 33, 235.89 W, 1965 MHz, 3996 MHz, 0 %, 0 MiB
2026/08/03 11:14:06.476, 5, P0, 36, 244.92 W, 1965 MHz, 3996 MHz, 0 %, 0 MiB
2026/08/03 11:14:06.476, 6, P0, 33, 242.44 W, 1965 MHz, 3996 MHz, 0 %, 0 MiB
2026/08/03 11:14:06.476, 7, P0, 37, 243.49 W, 1965 MHz, 3996 MHz, 0 %, 0 MiB
2026/08/03 11:14:07.476, 0, P0, 37, 270.54 W, 1965 MHz, 3996 MHz, 91 %, 165669 MiB
2026/08/03 11:14:07.476, 1, P0, 34, 257.15 W, 1965 MHz, 3996 MHz, 7 %, 165669 MiB
2026/08/03 11:14:07.476, 2, P0, 36, 236.46 W, 1965 MHz, 3996 MHz, 0 %, 0 MiB
2026/08/03 11:14:07.476, 3, P0, 33, 238.80 W, 1965 MHz, 3996 MHz, 0 %, 0 MiB
2026/08/03 11:14:07.476, 4, P0, 33, 235.91 W, 1965 MHz, 3996 MHz, 0 %, 0 MiB
2026/08/03 11:14:07.476, 5, P0, 36, 244.96 W, 1965 MHz, 3996 MHz, 0 %, 0 MiB
2026/08/03 11:14:07.476, 6, P0, 33, 242.49 W, 1965 MHz, 3996 MHz, 0 %, 0 MiB
2026/08/03 11:14:07.476, 7, P0, 37, 243.52 W, 1965 MHz, 3996 MHz, 0 %, 0 MiB
2026/08/03 11:14:08.476, 0, P0, 37, 260.84 W, 1965 MHz, 3996 MHz, 100 %, 165669 MiB
2026/08/03 11:14:08.476, 1, P0, 34, 248.44 W, 1965 MHz, 3996 MHz, 0 %, 165669 MiB
2026/08/03 11:14:08.476, 2, P0, 36, 236.50 W, 1965 MHz, 3996 MHz, 0 %, 0 MiB
2026/08/03 11:14:08.476, 3, P0, 33, 238.77 W, 1965 MHz, 3996 MHz, 0 %, 0 MiB
2026/08/03 11:14:08.476, 4, P0, 33, 235.93 W, 1965 MHz, 3996 MHz, 0 %, 0 MiB
2026/08/03 11:14:08.476, 5, P0, 36, 244.86 W, 1965 MHz, 3996 MHz, 0 %, 0 MiB
2026/08/03 11:14:08.476, 6, P0, 33, 242.49 W, 1965 MHz, 3996 MHz, 0 %, 0 MiB
2026/08/03 11:14:08.476, 7, P0, 37, 243.47 W, 1965 MHz, 3996 MHz, 0 %, 0 MiB
2026/08/03 11:14:09.476, 0, P0, 37, 255.23 W, 1965 MHz, 3996 MHz, 100 %, 165669 MiB
2026/08/03 11:14:09.477, 1, P0, 34, 241.10 W, 1965 MHz, 3996 MHz, 0 %, 165669 MiB
2026/08/03 11:14:09.477, 2, P0, 36, 236.46 W, 1965 MHz, 3996 MHz, 0 %, 0 MiB
2026/08/03 11:14:09.477, 3, P0, 33, 238.76 W, 1965 MHz, 3996 MHz, 0 %, 0 MiB
2026/08/03 11:14:09.477, 4, P0, 33, 235.94 W, 1965 MHz, 3996 MHz, 0 %, 0 MiB
2026/08/03 11:14:09.477, 5, P0, 36, 244.85 W, 1965 MHz, 3996 MHz, 0 %, 0 MiB
2026/08/03 11:14:09.477, 6, P0, 33, 242.47 W, 1965 MHz, 3996 MHz, 0 %, 0 MiB
2026/08/03 11:14:09.477, 7, P0, 37, 243.43 W, 1965 MHz, 3996 MHz, 0 %, 0 MiB
2026/08/03 11:14:10.477, 0, P0, 37, 256.11 W, 1965 MHz, 3996 MHz, 100 %, 165669 MiB
2026/08/03 11:14:10.477, 1, P0, 34, 241.08 W, 1965 MHz, 3996 MHz, 0 %, 165669 MiB
2026/08/03 11:14:10.477, 2, P0, 36, 236.49 W, 1965 MHz, 3996 MHz, 0 %, 0 MiB
2026/08/03 11:14:10.477, 3, P0, 33, 238.82 W, 1965 MHz, 3996 MHz, 0 %, 0 MiB
2026/08/03 11:14:10.477, 4, P0, 33, 235.91 W, 1965 MHz, 3996 MHz, 0 %, 0 MiB
2026/08/03 11:14:10.477, 5, P0, 36, 244.91 W, 1965 MHz, 3996 MHz, 0 %, 0 MiB
2026/08/03 11:14:10.477, 6, P0, 33, 242.43 W, 1965 MHz, 3996 MHz, 0 %, 0 MiB
2026/08/03 11:14:10.477, 7, P0, 37, 243.54 W, 1965 MHz, 3996 MHz, 0 %, 0 MiB
2026/08/03 11:14:11.477, 0, P0, 37, 270.55 W, 1965 MHz, 3996 MHz, 92 %, 165669 MiB
2026/08/03 11:14:11.477, 1, P0, 34, 257.17 W, 1965 MHz, 3996 MHz, 7 %, 165669 MiB
2026/08/03 11:14:11.477, 2, P0, 36, 236.49 W, 1965 MHz, 3996 MHz, 0 %, 0 MiB
2026/08/03 11:14:11.477, 3, P0, 33, 238.92 W, 1965 MHz, 3996 MHz, 0 %, 0 MiB
2026/08/03 11:14:11.477, 4, P0, 33, 235.97 W, 1965 MHz, 3996 MHz, 0 %, 0 MiB
2026/08/03 11:14:11.477, 5, P0, 36, 244.96 W, 1965 MHz, 3996 MHz, 0 %, 0 MiB
2026/08/03 11:14:11.477, 6, P0, 33, 242.46 W, 1965 MHz, 3996 MHz, 0 %, 0 MiB
2026/08/03 11:14:11.477, 7, P0, 37, 243.49 W, 1965 MHz, 3996 MHz, 0 %, 0 MiB
2026/08/03 11:14:12.477, 0, P0, 36, 257.11 W, 1965 MHz, 3996 MHz, 0 %, 165669 MiB
2026/08/03 11:14:12.477, 1, P0, 34, 254.79 W, 1965 MHz, 3996 MHz, 100 %, 165669 MiB
2026/08/03 11:14:12.477, 2, P0, 36, 236.51 W, 1965 MHz, 3996 MHz, 0 %, 0 MiB
2026/08/03 11:14:12.477, 3, P0, 33, 238.87 W, 1965 MHz, 3996 MHz, 0 %, 0 MiB
2026/08/03 11:14:12.478, 4, P0, 33, 235.93 W, 1965 MHz, 3996 MHz, 0 %, 0 MiB
2026/08/03 11:14:12.478, 5, P0, 36, 244.97 W, 1965 MHz, 3996 MHz, 0 %, 0 MiB
2026/08/03 11:14:12.478, 6, P0, 33, 242.50 W, 1965 MHz, 3996 MHz, 0 %, 0 MiB
2026/08/03 11:14:12.478, 7, P0, 37, 243.46 W, 1965 MHz, 3996 MHz, 0 %, 0 MiB
2026/08/03 11:14:13.478, 0, P0, 36, 243.99 W, 1965 MHz, 3996 MHz, 0 %, 165669 MiB
2026/08/03 11:14:13.478, 1, P0, 34, 252.27 W, 1965 MHz, 3996 MHz, 100 %, 165669 MiB
2026/08/03 11:14:13.478, 2, P0, 36, 236.56 W, 1965 MHz, 3996 MHz, 0 %, 0 MiB
2026/08/03 11:14:13.478, 3, P0, 33, 238.90 W, 1965 MHz, 3996 MHz, 0 %, 0 MiB
2026/08/03 11:14:13.478, 4, P0, 33, 235.94 W, 1965 MHz, 3996 MHz, 0 %, 0 MiB
2026/08/03 11:14:13.478, 5, P0, 36, 245.01 W, 1965 MHz, 3996 MHz, 0 %, 0 MiB
2026/08/03 11:14:13.478, 6, P0, 33, 242.55 W, 1965 MHz, 3996 MHz, 0 %, 0 MiB
2026/08/03 11:14:13.478, 7, P0, 37, 243.48 W, 1965 MHz, 3996 MHz, 0 %, 0 MiB
2026/08/03 11:14:14.478, 0, P0, 36, 243.91 W, 1965 MHz, 3996 MHz, 0 %, 165669 MiB
2026/08/03 11:14:14.478, 1, P0, 34, 252.26 W, 1965 MHz, 3996 MHz, 100 %, 165669 MiB
2026/08/03 11:14:14.478, 2, P0, 36, 236.54 W, 1965 MHz, 3996 MHz, 0 %, 0 MiB
2026/08/03 11:14:14.478, 3, P0, 33, 238.88 W, 1965 MHz, 3996 MHz, 0 %, 0 MiB
2026/08/03 11:14:14.478, 4, P0, 33, 235.93 W, 1965 MHz, 3996 MHz, 0 %, 0 MiB
2026/08/03 11:14:14.478, 5, P0, 36, 244.98 W, 1965 MHz, 3996 MHz, 0 %, 0 MiB
2026/08/03 11:14:14.478, 6, P0, 33, 242.59 W, 1965 MHz, 3996 MHz, 0 %, 0 MiB
2026/08/03 11:14:14.478, 7, P0, 37, 243.48 W, 1965 MHz, 3996 MHz, 0 %, 0 MiB
2026/08/03 11:14:15.478, 0, P0, 37, 265.98 W, 1965 MHz, 3996 MHz, 96 %, 165669 MiB
2026/08/03 11:14:15.478, 1, P0, 34, 256.68 W, 1965 MHz, 3996 MHz, 7 %, 165669 MiB
2026/08/03 11:14:15.478, 2, P0, 36, 236.53 W, 1965 MHz, 3996 MHz, 0 %, 0 MiB
2026/08/03 11:14:15.478, 3, P0, 33, 238.74 W, 1965 MHz, 3996 MHz, 0 %, 0 MiB
2026/08/03 11:14:15.478, 4, P0, 33, 235.91 W, 1965 MHz, 3996 MHz, 0 %, 0 MiB
2026/08/03 11:14:15.478, 5, P0, 36, 245.01 W, 1965 MHz, 3996 MHz, 0 %, 0 MiB
2026/08/03 11:14:15.478, 6, P0, 33, 242.60 W, 1965 MHz, 3996 MHz, 0 %, 0 MiB
2026/08/03 11:14:15.478, 7, P0, 37, 243.39 W, 1965 MHz, 3996 MHz, 0 %, 0 MiB
2026/08/03 11:14:16.479, 0, P0, 37, 270.28 W, 1965 MHz, 3996 MHz, 95 %, 165669 MiB
2026/08/03 11:14:16.479, 1, P0, 34, 256.52 W, 1965 MHz, 3996 MHz, 7 %, 165669 MiB
2026/08/03 11:14:16.479, 2, P0, 36, 236.52 W, 1965 MHz, 3996 MHz, 0 %, 0 MiB
2026/08/03 11:14:16.479, 3, P0, 33, 238.71 W, 1965 MHz, 3996 MHz, 0 %, 0 MiB
2026/08/03 11:14:16.479, 4, P0, 33, 235.91 W, 1965 MHz, 3996 MHz, 0 %, 0 MiB
2026/08/03 11:14:16.479, 5, P0, 36, 244.90 W, 1965 MHz, 3996 MHz, 0 %, 0 MiB
2026/08/03 11:14:16.479, 6, P0, 33, 242.58 W, 1965 MHz, 3996 MHz, 0 %, 0 MiB
2026/08/03 11:14:16.479, 7, P0, 37, 243.46 W, 1965 MHz, 3996 MHz, 0 %, 0 MiB
2026/08/03 11:14:17.479, 0, P0, 37, 269.57 W, 1965 MHz, 3996 MHz, 92 %, 165669 MiB
2026/08/03 11:14:17.479, 1, P0, 34, 257.67 W, 1965 MHz, 3996 MHz, 8 %, 165669 MiB
2026/08/03 11:14:17.479, 2, P0, 36, 236.49 W, 1965 MHz, 3996 MHz, 0 %, 0 MiB
2026/08/03 11:14:17.479, 3, P0, 33, 238.75 W, 1965 MHz, 3996 MHz, 0 %, 0 MiB
2026/08/03 11:14:17.479, 4, P0, 33, 235.90 W, 1965 MHz, 3996 MHz, 0 %, 0 MiB
2026/08/03 11:14:17.479, 5, P0, 36, 244.92 W, 1965 MHz, 3996 MHz, 0 %, 0 MiB
2026/08/03 11:14:17.479, 6, P0, 33, 242.55 W, 1965 MHz, 3996 MHz, 0 %, 0 MiB
2026/08/03 11:14:17.479, 7, P0, 37, 243.40 W, 1965 MHz, 3996 MHz, 0 %, 0 MiB
2026/08/03 11:14:18.479, 0, P0, 37, 270.68 W, 1965 MHz, 3996 MHz, 92 %, 165669 MiB
2026/08/03 11:14:18.479, 1, P0, 34, 256.97 W, 1965 MHz, 3996 MHz, 8 %, 165669 MiB
2026/08/03 11:14:18.479, 2, P0, 36, 236.48 W, 1965 MHz, 3996 MHz, 0 %, 0 MiB
2026/08/03 11:14:18.479, 3, P0, 33, 238.66 W, 1965 MHz, 3996 MHz, 0 %, 0 MiB
2026/08/03 11:14:18.479, 4, P0, 33, 235.89 W, 1965 MHz, 3996 MHz, 0 %, 0 MiB
2026/08/03 11:14:18.479, 5, P0, 36, 244.89 W, 1965 MHz, 3996 MHz, 0 %, 0 MiB
2026/08/03 11:14:18.479, 6, P0, 33, 242.52 W, 1965 MHz, 3996 MHz, 0 %, 0 MiB
2026/08/03 11:14:18.479, 7, P0, 37, 243.43 W, 1965 MHz, 3996 MHz, 0 %, 0 MiB
2026/08/03 11:14:19.479, 0, P0, 37, 271.09 W, 1965 MHz, 3996 MHz, 96 %, 165669 MiB
2026/08/03 11:14:19.479, 1, P0, 34, 256.06 W, 1965 MHz, 3996 MHz, 7 %, 165669 MiB
2026/08/03 11:14:19.479, 2, P0, 36, 236.63 W, 1965 MHz, 3996 MHz, 0 %, 0 MiB
2026/08/03 11:14:19.479, 3, P0, 33, 238.69 W, 1965 MHz, 3996 MHz, 0 %, 0 MiB
2026/08/03 11:14:19.480, 4, P0, 33, 235.95 W, 1965 MHz, 3996 MHz, 0 %, 0 MiB
2026/08/03 11:14:19.480, 5, P0, 36, 244.97 W, 1965 MHz, 3996 MHz, 0 %, 0 MiB
2026/08/03 11:14:19.480, 6, P0, 33, 242.52 W, 1965 MHz, 3996 MHz, 0 %, 0 MiB
2026/08/03 11:14:19.480, 7, P0, 37, 243.42 W, 1965 MHz, 3996 MHz, 0 %, 0 MiB
2026/08/03 11:14:20.480, 0, P0, 37, 270.22 W, 1965 MHz, 3996 MHz, 96 %, 165669 MiB
2026/08/03 11:14:20.480, 1, P0, 34, 257.33 W, 1965 MHz, 3996 MHz, 9 %, 165669 MiB
2026/08/03 11:14:20.480, 2, P0, 36, 236.48 W, 1965 MHz, 3996 MHz, 0 %, 0 MiB
2026/08/03 11:14:20.480, 3, P0, 33, 238.80 W, 1965 MHz, 3996 MHz, 0 %, 0 MiB
2026/08/03 11:14:20.480, 4, P0, 33, 235.93 W, 1965 MHz, 3996 MHz, 0 %, 0 MiB
2026/08/03 11:14:20.480, 5, P0, 36, 244.89 W, 1965 MHz, 3996 MHz, 0 %, 0 MiB
2026/08/03 11:14:20.480, 6, P0, 33, 242.57 W, 1965 MHz, 3996 MHz, 0 %, 0 MiB
2026/08/03 11:14:20.480, 7, P0, 37, 243.50 W, 1965 MHz, 3996 MHz, 0 %, 0 MiB
2026/08/03 11:14:21.480, 0, P0, 37, 270.46 W, 1965 MHz, 3996 MHz, 92 %, 165669 MiB
2026/08/03 11:14:21.480, 1, P0, 34, 257.59 W, 1965 MHz, 3996 MHz, 8 %, 165669 MiB
2026/08/03 11:14:21.480, 2, P0, 36, 236.54 W, 1965 MHz, 3996 MHz, 0 %, 0 MiB
2026/08/03 11:14:21.480, 3, P0, 33, 238.77 W, 1965 MHz, 3996 MHz, 0 %, 0 MiB
2026/08/03 11:14:21.480, 4, P0, 33, 235.90 W, 1965 MHz, 3996 MHz, 0 %, 0 MiB
2026/08/03 11:14:21.480, 5, P0, 36, 244.85 W, 1965 MHz, 3996 MHz, 0 %, 0 MiB
2026/08/03 11:14:21.480, 6, P0, 33, 242.50 W, 1965 MHz, 3996 MHz, 0 %, 0 MiB
2026/08/03 11:14:21.480, 7, P0, 37, 243.46 W, 1965 MHz, 3996 MHz, 0 %, 0 MiB
2026/08/03 11:14:22.480, 0, P0, 37, 269.95 W, 1965 MHz, 3996 MHz, 92 %, 165669 MiB
2026/08/03 11:14:22.480, 1, P0, 34, 257.19 W, 1965 MHz, 3996 MHz, 8 %, 165669 MiB
2026/08/03 11:14:22.480, 2, P0, 36, 236.52 W, 1965 MHz, 3996 MHz, 0 %, 0 MiB
2026/08/03 11:14:22.480, 3, P0, 33, 238.74 W, 1965 MHz, 3996 MHz, 0 %, 0 MiB
2026/08/03 11:14:22.480, 4, P0, 33, 235.90 W, 1965 MHz, 3996 MHz, 0 %, 0 MiB
2026/08/03 11:14:22.480, 5, P0, 36, 244.93 W, 1965 MHz, 3996 MHz, 0 %, 0 MiB
2026/08/03 11:14:22.480, 6, P0, 33, 242.48 W, 1965 MHz, 3996 MHz, 0 %, 0 MiB
2026/08/03 11:14:22.480, 7, P0, 37, 243.45 W, 1965 MHz, 3996 MHz, 0 %, 0 MiB
2026/08/03 11:14:23.480, 0, P0, 37, 270.49 W, 1965 MHz, 3996 MHz, 96 %, 165669 MiB
2026/08/03 11:14:23.481, 1, P0, 34, 256.65 W, 1965 MHz, 3996 MHz, 7 %, 165669 MiB
2026/08/03 11:14:23.481, 2, P0, 36, 236.50 W, 1965 MHz, 3996 MHz, 0 %, 0 MiB
2026/08/03 11:14:23.481, 3, P0, 33, 238.67 W, 1965 MHz, 3996 MHz, 0 %, 0 MiB
2026/08/03 11:14:23.481, 4, P0, 33, 235.91 W, 1965 MHz, 3996 MHz, 0 %, 0 MiB
2026/08/03 11:14:23.481, 5, P0, 36, 244.99 W, 1965 MHz, 3996 MHz, 0 %, 0 MiB
2026/08/03 11:14:23.481, 6, P0, 33, 242.47 W, 1965 MHz, 3996 MHz, 0 %, 0 MiB
2026/08/03 11:14:23.481, 7, P0, 37, 243.45 W, 1965 MHz, 3996 MHz, 0 %, 0 MiB
2026/08/03 11:14:24.481, 0, P0, 37, 270.57 W, 1965 MHz, 3996 MHz, 96 %, 165669 MiB
2026/08/03 11:14:24.481, 1, P0, 34, 257.45 W, 1965 MHz, 3996 MHz, 7 %, 165669 MiB
2026/08/03 11:14:24.481, 2, P0, 36, 236.58 W, 1965 MHz, 3996 MHz, 0 %, 0 MiB
2026/08/03 11:14:24.481, 3, P0, 33, 238.71 W, 1965 MHz, 3996 MHz, 0 %, 0 MiB
2026/08/03 11:14:24.481, 4, P0, 33, 235.89 W, 1965 MHz, 3996 MHz, 0 %, 0 MiB
2026/08/03 11:14:24.481, 5, P0, 36, 244.95 W, 1965 MHz, 3996 MHz, 0 %, 0 MiB
2026/08/03 11:14:24.481, 6, P0, 33, 242.51 W, 1965 MHz, 3996 MHz, 0 %, 0 MiB
2026/08/03 11:14:24.481, 7, P0, 37, 243.48 W, 1965 MHz, 3996 MHz, 0 %, 0 MiB
2026/08/03 11:14:25.481, 0, P0, 37, 270.86 W, 1965 MHz, 3996 MHz, 94 %, 165669 MiB
2026/08/03 11:14:25.481, 1, P0, 34, 257.32 W, 1965 MHz, 3996 MHz, 8 %, 165669 MiB
2026/08/03 11:14:25.481, 2, P0, 36, 236.53 W, 1965 MHz, 3996 MHz, 0 %, 0 MiB
2026/08/03 11:14:25.481, 3, P0, 33, 238.84 W, 1965 MHz, 3996 MHz, 0 %, 0 MiB
2026/08/03 11:14:25.481, 4, P0, 33, 235.90 W, 1965 MHz, 3996 MHz, 0 %, 0 MiB
2026/08/03 11:14:25.481, 5, P0, 36, 244.95 W, 1965 MHz, 3996 MHz, 0 %, 0 MiB
2026/08/03 11:14:25.481, 6, P0, 33, 242.43 W, 1965 MHz, 3996 MHz, 0 %, 0 MiB
2026/08/03 11:14:25.481, 7, P0, 37, 243.55 W, 1965 MHz, 3996 MHz, 0 %, 0 MiB
2026/08/03 11:14:26.481, 0, P0, 37, 271.63 W, 1965 MHz, 3996 MHz, 93 %, 165669 MiB
2026/08/03 11:14:26.481, 1, P0, 34, 257.60 W, 1965 MHz, 3996 MHz, 7 %, 165669 MiB
2026/08/03 11:14:26.481, 2, P0, 36, 236.53 W, 1965 MHz, 3996 MHz, 0 %, 0 MiB
2026/08/03 11:14:26.481, 3, P0, 33, 238.74 W, 1965 MHz, 3996 MHz, 0 %, 0 MiB
2026/08/03 11:14:26.481, 4, P0, 33, 235.91 W, 1965 MHz, 3996 MHz, 0 %, 0 MiB
2026/08/03 11:14:26.482, 5, P0, 36, 244.95 W, 1965 MHz, 3996 MHz, 0 %, 0 MiB
2026/08/03 11:14:26.482, 6, P0, 33, 242.58 W, 1965 MHz, 3996 MHz, 0 %, 0 MiB
2026/08/03 11:14:26.482, 7, P0, 37, 243.40 W, 1965 MHz, 3996 MHz, 0 %, 0 MiB
2026/08/03 11:14:27.482, 0, P0, 37, 269.82 W, 1965 MHz, 3996 MHz, 95 %, 165669 MiB
2026/08/03 11:14:27.482, 1, P0, 34, 258.00 W, 1965 MHz, 3996 MHz, 7 %, 165669 MiB
2026/08/03 11:14:27.482, 2, P0, 36, 236.45 W, 1965 MHz, 3996 MHz, 0 %, 0 MiB
2026/08/03 11:14:27.482, 3, P0, 33, 238.71 W, 1965 MHz, 3996 MHz, 0 %, 0 MiB
2026/08/03 11:14:27.482, 4, P0, 33, 235.89 W, 1965 MHz, 3996 MHz, 0 %, 0 MiB
2026/08/03 11:14:27.482, 5, P0, 36, 244.96 W, 1965 MHz, 3996 MHz, 0 %, 0 MiB
2026/08/03 11:14:27.482, 6, P0, 33, 242.50 W, 1965 MHz, 3996 MHz, 0 %, 0 MiB
2026/08/03 11:14:27.482, 7, P0, 37, 243.46 W, 1965 MHz, 3996 MHz, 0 %, 0 MiB
2026/08/03 11:14:28.482, 0, P0, 37, 270.32 W, 1965 MHz, 3996 MHz, 96 %, 165669 MiB
2026/08/03 11:14:28.482, 1, P0, 34, 256.80 W, 1965 MHz, 3996 MHz, 7 %, 165669 MiB
2026/08/03 11:14:28.482, 2, P0, 36, 236.44 W, 1965 MHz, 3996 MHz, 0 %, 0 MiB
2026/08/03 11:14:28.482, 3, P0, 33, 238.71 W, 1965 MHz, 3996 MHz, 0 %, 0 MiB
2026/08/03 11:14:28.482, 4, P0, 33, 235.89 W, 1965 MHz, 3996 MHz, 0 %, 0 MiB
2026/08/03 11:14:28.482, 5, P0, 36, 244.90 W, 1965 MHz, 3996 MHz, 0 %, 0 MiB
2026/08/03 11:14:28.482, 6, P0, 33, 242.54 W, 1965 MHz, 3996 MHz, 0 %, 0 MiB
2026/08/03 11:14:28.482, 7, P0, 37, 243.48 W, 1965 MHz, 3996 MHz, 0 %, 0 MiB
2026/08/03 11:14:29.482, 0, P0, 37, 270.00 W, 1965 MHz, 3996 MHz, 95 %, 165669 MiB
2026/08/03 11:14:29.482, 1, P0, 34, 257.33 W, 1965 MHz, 3996 MHz, 7 %, 165669 MiB
2026/08/03 11:14:29.482, 2, P0, 36, 236.49 W, 1965 MHz, 3996 MHz, 0 %, 0 MiB
2026/08/03 11:14:29.482, 3, P0, 33, 238.68 W, 1965 MHz, 3996 MHz, 0 %, 0 MiB
2026/08/03 11:14:29.482, 4, P0, 33, 235.90 W, 1965 MHz, 3996 MHz, 0 %, 0 MiB
2026/08/03 11:14:29.482, 5, P0, 36, 244.93 W, 1965 MHz, 3996 MHz, 0 %, 0 MiB
2026/08/03 11:14:29.482, 6, P0, 33, 242.53 W, 1965 MHz, 3996 MHz, 0 %, 0 MiB
2026/08/03 11:14:29.482, 7, P0, 37, 243.45 W, 1965 MHz, 3996 MHz, 0 %, 0 MiB
2026/08/03 11:14:30.482, 0, P0, 37, 270.52 W, 1965 MHz, 3996 MHz, 92 %, 165669 MiB
2026/08/03 11:14:30.482, 1, P0, 34, 257.04 W, 1965 MHz, 3996 MHz, 7 %, 165669 MiB
2026/08/03 11:14:30.483, 2, P0, 36, 236.49 W, 1965 MHz, 3996 MHz, 0 %, 0 MiB
2026/08/03 11:14:30.483, 3, P0, 33, 238.63 W, 1965 MHz, 3996 MHz, 0 %, 0 MiB
2026/08/03 11:14:30.483, 4, P0, 33, 235.91 W, 1965 MHz, 3996 MHz, 0 %, 0 MiB
2026/08/03 11:14:30.483, 5, P0, 36, 244.95 W, 1965 MHz, 3996 MHz, 0 %, 0 MiB
2026/08/03 11:14:30.483, 6, P0, 33, 242.51 W, 1965 MHz, 3996 MHz, 0 %, 0 MiB
2026/08/03 11:14:30.483, 7, P0, 37, 243.50 W, 1965 MHz, 3996 MHz, 0 %, 0 MiB
2026/08/03 11:14:31.483, 0, P0, 37, 270.47 W, 1965 MHz, 3996 MHz, 92 %, 165669 MiB
2026/08/03 11:14:31.483, 1, P0, 34, 257.83 W, 1965 MHz, 3996 MHz, 7 %, 165669 MiB
2026/08/03 11:14:31.483, 2, P0, 36, 236.50 W, 1965 MHz, 3996 MHz, 0 %, 0 MiB
2026/08/03 11:14:31.483, 3, P0, 33, 238.60 W, 1965 MHz, 3996 MHz, 0 %, 0 MiB
2026/08/03 11:14:31.483, 4, P0, 33, 235.90 W, 1965 MHz, 3996 MHz, 0 %, 0 MiB
2026/08/03 11:14:31.483, 5, P0, 36, 244.94 W, 1965 MHz, 3996 MHz, 0 %, 0 MiB
2026/08/03 11:14:31.483, 6, P0, 33, 242.59 W, 1965 MHz, 3996 MHz, 0 %, 0 MiB
2026/08/03 11:14:31.483, 7, P0, 37, 243.46 W, 1965 MHz, 3996 MHz, 0 %, 0 MiB
2026/08/03 11:14:32.483, 0, P0, 37, 270.78 W, 1965 MHz, 3996 MHz, 96 %, 165669 MiB
2026/08/03 11:14:32.483, 1, P0, 34, 256.65 W, 1965 MHz, 3996 MHz, 7 %, 165669 MiB
2026/08/03 11:14:32.483, 2, P0, 36, 236.40 W, 1965 MHz, 3996 MHz, 0 %, 0 MiB
2026/08/03 11:14:32.483, 3, P0, 33, 238.72 W, 1965 MHz, 3996 MHz, 0 %, 0 MiB
2026/08/03 11:14:32.483, 4, P0, 33, 235.89 W, 1965 MHz, 3996 MHz, 0 %, 0 MiB
2026/08/03 11:14:32.483, 5, P0, 36, 244.91 W, 1965 MHz, 3996 MHz, 0 %, 0 MiB
2026/08/03 11:14:32.483, 6, P0, 33, 242.52 W, 1965 MHz, 3996 MHz, 0 %, 0 MiB
2026/08/03 11:14:32.483, 7, P0, 37, 243.38 W, 1965 MHz, 3996 MHz, 0 %, 0 MiB
2026/08/03 11:14:33.483, 0, P0, 37, 269.74 W, 1965 MHz, 3996 MHz, 96 %, 165669 MiB
2026/08/03 11:14:33.483, 1, P0, 34, 256.64 W, 1965 MHz, 3996 MHz, 7 %, 165669 MiB
2026/08/03 11:14:33.483, 2, P0, 36, 236.45 W, 1965 MHz, 3996 MHz, 0 %, 0 MiB
2026/08/03 11:14:33.483, 3, P0, 33, 238.72 W, 1965 MHz, 3996 MHz, 0 %, 0 MiB
2026/08/03 11:14:33.483, 4, P0, 33, 235.89 W, 1965 MHz, 3996 MHz, 0 %, 0 MiB
2026/08/03 11:14:33.483, 5, P0, 36, 244.89 W, 1965 MHz, 3996 MHz, 0 %, 0 MiB
2026/08/03 11:14:33.483, 6, P0, 33, 242.50 W, 1965 MHz, 3996 MHz, 0 %, 0 MiB
2026/08/03 11:14:33.483, 7, P0, 37, 243.46 W, 1965 MHz, 3996 MHz, 0 %, 0 MiB
2026/08/03 11:14:34.483, 0, P0, 37, 302.83 W, 1965 MHz, 3996 MHz, 82 %, 165669 MiB
2026/08/03 11:14:34.484, 1, P0, 34, 268.24 W, 1965 MHz, 3996 MHz, 8 %, 165669 MiB
2026/08/03 11:14:34.484, 2, P0, 36, 236.47 W, 1965 MHz, 3996 MHz, 0 %, 0 MiB
2026/08/03 11:14:34.484, 3, P0, 33, 238.65 W, 1965 MHz, 3996 MHz, 0 %, 0 MiB
2026/08/03 11:14:34.484, 4, P0, 33, 235.90 W, 1965 MHz, 3996 MHz, 0 %, 0 MiB
2026/08/03 11:14:34.484, 5, P0, 36, 244.87 W, 1965 MHz, 3996 MHz, 0 %, 0 MiB
2026/08/03 11:14:34.484, 6, P0, 33, 242.47 W, 1965 MHz, 3996 MHz, 0 %, 0 MiB
2026/08/03 11:14:34.484, 7, P0, 37, 243.45 W, 1965 MHz, 3996 MHz, 0 %, 0 MiB
2026/08/03 11:14:35.484, 0, P0, 37, 281.96 W, 1965 MHz, 3996 MHz, 87 %, 165669 MiB
2026/08/03 11:14:35.484, 1, P0, 34, 263.99 W, 1965 MHz, 3996 MHz, 8 %, 165669 MiB
2026/08/03 11:14:35.484, 2, P0, 36, 236.41 W, 1965 MHz, 3996 MHz, 0 %, 0 MiB
2026/08/03 11:14:35.484, 3, P0, 33, 238.73 W, 1965 MHz, 3996 MHz, 0 %, 0 MiB
2026/08/03 11:14:35.484, 4, P0, 33, 235.89 W, 1965 MHz, 3996 MHz, 0 %, 0 MiB
2026/08/03 11:14:35.484, 5, P0, 36, 244.97 W, 1965 MHz, 3996 MHz, 0 %, 0 MiB
2026/08/03 11:14:35.484, 6, P0, 33, 242.56 W, 1965 MHz, 3996 MHz, 0 %, 0 MiB
2026/08/03 11:14:35.484, 7, P0, 37, 243.48 W, 1965 MHz, 3996 MHz, 0 %, 0 MiB
2026/08/03 11:14:36.484, 0, P0, 38, 317.15 W, 1965 MHz, 3996 MHz, 92 %, 165669 MiB
2026/08/03 11:14:36.484, 1, P0, 34, 272.59 W, 1965 MHz, 3996 MHz, 16 %, 165669 MiB
2026/08/03 11:14:36.484, 2, P0, 36, 236.49 W, 1965 MHz, 3996 MHz, 0 %, 0 MiB
2026/08/03 11:14:36.484, 3, P0, 33, 238.73 W, 1965 MHz, 3996 MHz, 0 %, 0 MiB
2026/08/03 11:14:36.484, 4, P0, 33, 235.90 W, 1965 MHz, 3996 MHz, 0 %, 0 MiB
2026/08/03 11:14:36.484, 5, P0, 36, 245.00 W, 1965 MHz, 3996 MHz, 0 %, 0 MiB
2026/08/03 11:14:36.484, 6, P0, 33, 242.53 W, 1965 MHz, 3996 MHz, 0 %, 0 MiB
2026/08/03 11:14:36.484, 7, P0, 37, 243.34 W, 1965 MHz, 3996 MHz, 0 %, 0 MiB
2026/08/03 11:14:37.484, 0, P0, 37, 281.47 W, 1965 MHz, 3996 MHz, 89 %, 165669 MiB
2026/08/03 11:14:37.484, 1, P0, 34, 259.22 W, 1965 MHz, 3996 MHz, 8 %, 165669 MiB
2026/08/03 11:14:37.484, 2, P0, 36, 236.47 W, 1965 MHz, 3996 MHz, 0 %, 0 MiB
2026/08/03 11:14:37.484, 3, P0, 33, 238.74 W, 1965 MHz, 3996 MHz, 0 %, 0 MiB
2026/08/03 11:14:37.485, 4, P0, 33, 235.89 W, 1965 MHz, 3996 MHz, 0 %, 0 MiB
2026/08/03 11:14:37.485, 5, P0, 36, 244.87 W, 1965 MHz, 3996 MHz, 0 %, 0 MiB
2026/08/03 11:14:37.485, 6, P0, 33, 242.45 W, 1965 MHz, 3996 MHz, 0 %, 0 MiB
2026/08/03 11:14:37.485, 7, P0, 37, 243.48 W, 1965 MHz, 3996 MHz, 0 %, 0 MiB
2026/08/03 11:14:38.485, 0, P0, 39, 316.11 W, 1965 MHz, 3996 MHz, 84 %, 165669 MiB
2026/08/03 11:14:38.485, 1, P0, 35, 267.81 W, 1965 MHz, 3996 MHz, 8 %, 165669 MiB
2026/08/03 11:14:38.485, 2, P0, 36, 236.38 W, 1965 MHz, 3996 MHz, 0 %, 0 MiB
2026/08/03 11:14:38.485, 3, P0, 33, 238.75 W, 1965 MHz, 3996 MHz, 0 %, 0 MiB
2026/08/03 11:14:38.485, 4, P0, 33, 235.93 W, 1965 MHz, 3996 MHz, 0 %, 0 MiB
2026/08/03 11:14:38.485, 5, P0, 36, 244.89 W, 1965 MHz, 3996 MHz, 0 %, 0 MiB
2026/08/03 11:14:38.485, 6, P0, 33, 242.47 W, 1965 MHz, 3996 MHz, 0 %, 0 MiB
2026/08/03 11:14:38.485, 7, P0, 37, 243.51 W, 1965 MHz, 3996 MHz, 0 %, 0 MiB
2026/08/03 11:14:39.485, 0, P0, 37, 280.97 W, 1965 MHz, 3996 MHz, 83 %, 165669 MiB
2026/08/03 11:14:39.485, 1, P0, 34, 264.73 W, 1965 MHz, 3996 MHz, 8 %, 165669 MiB
2026/08/03 11:14:39.485, 2, P0, 36, 236.32 W, 1965 MHz, 3996 MHz, 0 %, 0 MiB
2026/08/03 11:14:39.485, 3, P0, 33, 238.69 W, 1965 MHz, 3996 MHz, 0 %, 0 MiB
2026/08/03 11:14:39.485, 4, P0, 33, 235.89 W, 1965 MHz, 3996 MHz, 0 %, 0 MiB
2026/08/03 11:14:39.485, 5, P0, 36, 244.86 W, 1965 MHz, 3996 MHz, 0 %, 0 MiB
2026/08/03 11:14:39.485, 6, P0, 33, 242.42 W, 1965 MHz, 3996 MHz, 0 %, 0 MiB
2026/08/03 11:14:39.485, 7, P0, 37, 243.51 W, 1965 MHz, 3996 MHz, 0 %, 0 MiB
2026/08/03 11:14:40.485, 0, P0, 37, 309.07 W, 1965 MHz, 3996 MHz, 93 %, 165669 MiB
2026/08/03 11:14:40.485, 1, P0, 34, 261.66 W, 1965 MHz, 3996 MHz, 8 %, 165669 MiB
2026/08/03 11:14:40.485, 2, P0, 36, 236.33 W, 1965 MHz, 3996 MHz, 0 %, 0 MiB
2026/08/03 11:14:40.485, 3, P0, 33, 238.72 W, 1965 MHz, 3996 MHz, 0 %, 0 MiB
2026/08/03 11:14:40.485, 4, P0, 33, 235.89 W, 1965 MHz, 3996 MHz, 0 %, 0 MiB
2026/08/03 11:14:40.485, 5, P0, 36, 244.86 W, 1965 MHz, 3996 MHz, 0 %, 0 MiB
2026/08/03 11:14:40.485, 6, P0, 33, 242.49 W, 1965 MHz, 3996 MHz, 0 %, 0 MiB
2026/08/03 11:14:40.485, 7, P0, 37, 243.48 W, 1965 MHz, 3996 MHz, 0 %, 0 MiB
2026/08/03 11:14:41.485, 0, P0, 37, 295.47 W, 1965 MHz, 3996 MHz, 90 %, 165669 MiB
2026/08/03 11:14:41.485, 1, P0, 34, 269.74 W, 1965 MHz, 3996 MHz, 8 %, 165669 MiB
2026/08/03 11:14:41.486, 2, P0, 36, 236.33 W, 1965 MHz, 3996 MHz, 0 %, 0 MiB
2026/08/03 11:14:41.486, 3, P0, 33, 238.64 W, 1965 MHz, 3996 MHz, 0 %, 0 MiB
2026/08/03 11:14:41.486, 4, P0, 33, 235.90 W, 1965 MHz, 3996 MHz, 0 %, 0 MiB
2026/08/03 11:14:41.486, 5, P0, 36, 244.90 W, 1965 MHz, 3996 MHz, 0 %, 0 MiB
2026/08/03 11:14:41.486, 6, P0, 33, 242.43 W, 1965 MHz, 3996 MHz, 0 %, 0 MiB
2026/08/03 11:14:41.486, 7, P0, 37, 243.39 W, 1965 MHz, 3996 MHz, 0 %, 0 MiB
2026/08/03 11:14:42.486, 0, P0, 37, 281.86 W, 1965 MHz, 3996 MHz, 89 %, 165669 MiB
2026/08/03 11:14:42.486, 1, P0, 34, 260.72 W, 1965 MHz, 3996 MHz, 8 %, 165669 MiB
2026/08/03 11:14:42.486, 2, P0, 36, 236.34 W, 1965 MHz, 3996 MHz, 0 %, 0 MiB
2026/08/03 11:14:42.486, 3, P0, 32, 238.72 W, 1965 MHz, 3996 MHz, 0 %, 0 MiB
2026/08/03 11:14:42.486, 4, P0, 33, 235.89 W, 1965 MHz, 3996 MHz, 0 %, 0 MiB
2026/08/03 11:14:42.486, 5, P0, 36, 244.91 W, 1965 MHz, 3996 MHz, 0 %, 0 MiB
2026/08/03 11:14:42.486, 6, P0, 33, 242.50 W, 1965 MHz, 3996 MHz, 0 %, 0 MiB
2026/08/03 11:14:42.486, 7, P0, 37, 243.42 W, 1965 MHz, 3996 MHz, 0 %, 0 MiB
2026/08/03 11:14:43.486, 0, P0, 37, 282.53 W, 1965 MHz, 3996 MHz, 85 %, 165669 MiB
2026/08/03 11:14:43.486, 1, P0, 34, 262.50 W, 1965 MHz, 3996 MHz, 8 %, 165669 MiB
2026/08/03 11:14:43.486, 2, P0, 36, 236.41 W, 1965 MHz, 3996 MHz, 0 %, 0 MiB
2026/08/03 11:14:43.486, 3, P0, 33, 238.67 W, 1965 MHz, 3996 MHz, 0 %, 0 MiB
2026/08/03 11:14:43.486, 4, P0, 33, 235.89 W, 1965 MHz, 3996 MHz, 0 %, 0 MiB
2026/08/03 11:14:43.486, 5, P0, 36, 244.94 W, 1965 MHz, 3996 MHz, 0 %, 0 MiB
2026/08/03 11:14:43.486, 6, P0, 33, 242.50 W, 1965 MHz, 3996 MHz, 0 %, 0 MiB
2026/08/03 11:14:43.486, 7, P0, 37, 243.38 W, 1965 MHz, 3996 MHz, 0 %, 0 MiB
2026/08/03 11:14:44.486, 0, P0, 37, 281.51 W, 1965 MHz, 3996 MHz, 82 %, 165669 MiB
2026/08/03 11:14:44.486, 1, P0, 34, 263.65 W, 1965 MHz, 3996 MHz, 8 %, 165669 MiB
2026/08/03 11:14:44.486, 2, P0, 36, 236.39 W, 1965 MHz, 3996 MHz, 0 %, 0 MiB
2026/08/03 11:14:44.486, 3, P0, 33, 238.66 W, 1965 MHz, 3996 MHz, 0 %, 0 MiB
2026/08/03 11:14:44.486, 4, P0, 33, 235.91 W, 1965 MHz, 3996 MHz, 0 %, 0 MiB
2026/08/03 11:14:44.486, 5, P0, 36, 244.93 W, 1965 MHz, 3996 MHz, 0 %, 0 MiB
2026/08/03 11:14:44.486, 6, P0, 33, 242.49 W, 1965 MHz, 3996 MHz, 0 %, 0 MiB
2026/08/03 11:14:44.486, 7, P0, 37, 243.42 W, 1965 MHz, 3996 MHz, 0 %, 0 MiB
2026/08/03 11:14:45.487, 0, P0, 37, 281.63 W, 1965 MHz, 3996 MHz, 78 %, 165669 MiB
2026/08/03 11:14:45.487, 1, P0, 34, 262.22 W, 1965 MHz, 3996 MHz, 8 %, 165669 MiB
2026/08/03 11:14:45.487, 2, P0, 36, 236.35 W, 1965 MHz, 3996 MHz, 0 %, 0 MiB
2026/08/03 11:14:45.487, 3, P0, 33, 238.66 W, 1965 MHz, 3996 MHz, 0 %, 0 MiB
2026/08/03 11:14:45.487, 4, P0, 33, 235.89 W, 1965 MHz, 3996 MHz, 0 %, 0 MiB
2026/08/03 11:14:45.487, 5, P0, 36, 244.90 W, 1965 MHz, 3996 MHz, 0 %, 0 MiB
2026/08/03 11:14:45.487, 6, P0, 33, 242.48 W, 1965 MHz, 3996 MHz, 0 %, 0 MiB
2026/08/03 11:14:45.487, 7, P0, 37, 243.45 W, 1965 MHz, 3996 MHz, 0 %, 0 MiB
2026/08/03 11:14:46.487, 0, P0, 37, 280.01 W, 1965 MHz, 3996 MHz, 74 %, 165669 MiB
2026/08/03 11:14:46.487, 1, P0, 34, 262.48 W, 1965 MHz, 3996 MHz, 8 %, 165669 MiB
2026/08/03 11:14:46.487, 2, P0, 36, 236.26 W, 1965 MHz, 3996 MHz, 0 %, 0 MiB
2026/08/03 11:14:46.487, 3, P0, 33, 238.77 W, 1965 MHz, 3996 MHz, 0 %, 0 MiB
2026/08/03 11:14:46.487, 4, P0, 33, 235.90 W, 1965 MHz, 3996 MHz, 0 %, 0 MiB
2026/08/03 11:14:46.487, 5, P0, 36, 244.94 W, 1965 MHz, 3996 MHz, 0 %, 0 MiB
2026/08/03 11:14:46.487, 6, P0, 33, 242.51 W, 1965 MHz, 3996 MHz, 0 %, 0 MiB
2026/08/03 11:14:46.487, 7, P0, 37, 243.39 W, 1965 MHz, 3996 MHz, 0 %, 0 MiB
2026/08/03 11:14:47.487, 0, P0, 37, 282.08 W, 1965 MHz, 3996 MHz, 91 %, 165669 MiB
2026/08/03 11:14:47.487, 1, P0, 34, 261.97 W, 1965 MHz, 3996 MHz, 8 %, 165669 MiB
2026/08/03 11:14:47.487, 2, P0, 36, 236.19 W, 1965 MHz, 3996 MHz, 0 %, 0 MiB
2026/08/03 11:14:47.487, 3, P0, 33, 238.66 W, 1965 MHz, 3996 MHz, 0 %, 0 MiB
2026/08/03 11:14:47.487, 4, P0, 33, 235.89 W, 1965 MHz, 3996 MHz, 0 %, 0 MiB
2026/08/03 11:14:47.487, 5, P0, 36, 244.89 W, 1965 MHz, 3996 MHz, 0 %, 0 MiB
2026/08/03 11:14:47.487, 6, P0, 33, 242.47 W, 1965 MHz, 3996 MHz, 0 %, 0 MiB
2026/08/03 11:14:47.487, 7, P0, 37, 243.40 W, 1965 MHz, 3996 MHz, 0 %, 0 MiB
2026/08/03 11:14:48.487, 0, P0, 37, 283.02 W, 1965 MHz, 3996 MHz, 92 %, 165669 MiB
2026/08/03 11:14:48.487, 1, P0, 34, 262.37 W, 1965 MHz, 3996 MHz, 8 %, 165669 MiB
2026/08/03 11:14:48.487, 2, P0, 36, 236.26 W, 1965 MHz, 3996 MHz, 0 %, 0 MiB
2026/08/03 11:14:48.487, 3, P0, 33, 238.74 W, 1965 MHz, 3996 MHz, 0 %, 0 MiB
2026/08/03 11:14:48.487, 4, P0, 33, 235.90 W, 1965 MHz, 3996 MHz, 0 %, 0 MiB
2026/08/03 11:14:48.487, 5, P0, 36, 244.81 W, 1965 MHz, 3996 MHz, 0 %, 0 MiB
2026/08/03 11:14:48.487, 6, P0, 33, 242.51 W, 1965 MHz, 3996 MHz, 0 %, 0 MiB
2026/08/03 11:14:48.487, 7, P0, 37, 243.43 W, 1965 MHz, 3996 MHz, 0 %, 0 MiB
2026/08/03 11:14:49.488, 0, P0, 37, 314.87 W, 1965 MHz, 3996 MHz, 92 %, 165669 MiB
2026/08/03 11:14:49.488, 1, P0, 34, 270.43 W, 1965 MHz, 3996 MHz, 8 %, 165669 MiB
2026/08/03 11:14:49.488, 2, P0, 36, 236.23 W, 1965 MHz, 3996 MHz, 0 %, 0 MiB
2026/08/03 11:14:49.488, 3, P0, 33, 238.63 W, 1965 MHz, 3996 MHz, 0 %, 0 MiB
2026/08/03 11:14:49.488, 4, P0, 33, 235.90 W, 1965 MHz, 3996 MHz, 0 %, 0 MiB
2026/08/03 11:14:49.488, 5, P0, 36, 244.75 W, 1965 MHz, 3996 MHz, 0 %, 0 MiB
2026/08/03 11:14:49.488, 6, P0, 33, 242.55 W, 1965 MHz, 3996 MHz, 0 %, 0 MiB
2026/08/03 11:14:49.488, 7, P0, 37, 243.40 W, 1965 MHz, 3996 MHz, 0 %, 0 MiB
2026/08/03 11:14:50.488, 0, P0, 37, 280.81 W, 1965 MHz, 3996 MHz, 92 %, 165669 MiB
2026/08/03 11:14:50.488, 1, P0, 34, 262.25 W, 1965 MHz, 3996 MHz, 8 %, 165669 MiB
2026/08/03 11:14:50.488, 2, P0, 36, 236.29 W, 1965 MHz, 3996 MHz, 0 %, 0 MiB
2026/08/03 11:14:50.488, 3, P0, 33, 238.70 W, 1965 MHz, 3996 MHz, 0 %, 0 MiB
2026/08/03 11:14:50.488, 4, P0, 33, 235.89 W, 1965 MHz, 3996 MHz, 0 %, 0 MiB
2026/08/03 11:14:50.488, 5, P0, 36, 244.88 W, 1965 MHz, 3996 MHz, 0 %, 0 MiB
2026/08/03 11:14:50.488, 6, P0, 33, 242.61 W, 1965 MHz, 3996 MHz, 0 %, 0 MiB
2026/08/03 11:14:50.488, 7, P0, 37, 243.42 W, 1965 MHz, 3996 MHz, 0 %, 0 MiB
2026/08/03 11:14:51.488, 0, P0, 38, 317.84 W, 1965 MHz, 3996 MHz, 83 %, 165669 MiB
2026/08/03 11:14:51.488, 1, P0, 34, 272.37 W, 1965 MHz, 3996 MHz, 16 %, 165669 MiB
2026/08/03 11:14:51.488, 2, P0, 36, 236.31 W, 1965 MHz, 3996 MHz, 0 %, 0 MiB
2026/08/03 11:14:51.488, 3, P0, 32, 238.70 W, 1965 MHz, 3996 MHz, 0 %, 0 MiB
2026/08/03 11:14:51.488, 4, P0, 33, 235.90 W, 1965 MHz, 3996 MHz, 0 %, 0 MiB
2026/08/03 11:14:51.488, 5, P0, 36, 244.93 W, 1965 MHz, 3996 MHz, 0 %, 0 MiB
2026/08/03 11:14:51.488, 6, P0, 33, 242.53 W, 1965 MHz, 3996 MHz, 0 %, 0 MiB
2026/08/03 11:14:51.488, 7, P0, 37, 243.40 W, 1965 MHz, 3996 MHz, 0 %, 0 MiB
2026/08/03 11:14:52.488, 0, P0, 37, 280.00 W, 1965 MHz, 3996 MHz, 90 %, 165669 MiB
2026/08/03 11:14:52.488, 1, P0, 34, 258.19 W, 1965 MHz, 3996 MHz, 8 %, 165669 MiB
2026/08/03 11:14:52.488, 2, P0, 36, 236.31 W, 1965 MHz, 3996 MHz, 0 %, 0 MiB
2026/08/03 11:14:52.489, 3, P0, 33, 238.74 W, 1965 MHz, 3996 MHz, 0 %, 0 MiB
2026/08/03 11:14:52.489, 4, P0, 33, 235.91 W, 1965 MHz, 3996 MHz, 0 %, 0 MiB
2026/08/03 11:14:52.489, 5, P0, 36, 244.92 W, 1965 MHz, 3996 MHz, 0 %, 0 MiB
2026/08/03 11:14:52.489, 6, P0, 33, 242.47 W, 1965 MHz, 3996 MHz, 0 %, 0 MiB
2026/08/03 11:14:52.489, 7, P0, 37, 243.45 W, 1965 MHz, 3996 MHz, 0 %, 0 MiB
2026/08/03 11:14:53.489, 0, P0, 37, 279.17 W, 1965 MHz, 3996 MHz, 92 %, 165669 MiB
2026/08/03 11:14:53.489, 1, P0, 34, 259.41 W, 1965 MHz, 3996 MHz, 8 %, 165669 MiB
2026/08/03 11:14:53.489, 2, P0, 36, 236.25 W, 1965 MHz, 3996 MHz, 0 %, 0 MiB
2026/08/03 11:14:53.489, 3, P0, 32, 238.76 W, 1965 MHz, 3996 MHz, 0 %, 0 MiB
2026/08/03 11:14:53.489, 4, P0, 33, 235.91 W, 1965 MHz, 3996 MHz, 0 %, 0 MiB
2026/08/03 11:14:53.489, 5, P0, 36, 244.92 W, 1965 MHz, 3996 MHz, 0 %, 0 MiB
2026/08/03 11:14:53.489, 6, P0, 33, 242.51 W, 1965 MHz, 3996 MHz, 0 %, 0 MiB
2026/08/03 11:14:53.489, 7, P0, 37, 243.41 W, 1965 MHz, 3996 MHz, 0 %, 0 MiB
2026/08/03 11:14:54.489, 0, P0, 37, 279.44 W, 1965 MHz, 3996 MHz, 81 %, 165669 MiB
2026/08/03 11:14:54.489, 1, P0, 34, 259.15 W, 1965 MHz, 3996 MHz, 8 %, 165669 MiB
2026/08/03 11:14:54.489, 2, P0, 36, 236.38 W, 1965 MHz, 3996 MHz, 0 %, 0 MiB
2026/08/03 11:14:54.489, 3, P0, 33, 238.61 W, 1965 MHz, 3996 MHz, 0 %, 0 MiB
2026/08/03 11:14:54.489, 4, P0, 33, 235.90 W, 1965 MHz, 3996 MHz, 0 %, 0 MiB
2026/08/03 11:14:54.489, 5, P0, 36, 244.90 W, 1965 MHz, 3996 MHz, 0 %, 0 MiB
2026/08/03 11:14:54.489, 6, P0, 33, 242.50 W, 1965 MHz, 3996 MHz, 0 %, 0 MiB
2026/08/03 11:14:54.489, 7, P0, 37, 243.52 W, 1965 MHz, 3996 MHz, 0 %, 0 MiB
2026/08/03 11:14:55.489, 0, P0, 37, 279.42 W, 1965 MHz, 3996 MHz, 86 %, 165669 MiB
2026/08/03 11:14:55.489, 1, P0, 34, 259.37 W, 1965 MHz, 3996 MHz, 8 %, 165669 MiB
2026/08/03 11:14:55.489, 2, P0, 36, 236.37 W, 1965 MHz, 3996 MHz, 0 %, 0 MiB
2026/08/03 11:14:55.489, 3, P0, 33, 238.64 W, 1965 MHz, 3996 MHz, 0 %, 0 MiB
2026/08/03 11:14:55.489, 4, P0, 33, 235.92 W, 1965 MHz, 3996 MHz, 0 %, 0 MiB
2026/08/03 11:14:55.489, 5, P0, 36, 244.93 W, 1965 MHz, 3996 MHz, 0 %, 0 MiB
2026/08/03 11:14:55.489, 6, P0, 33, 242.54 W, 1965 MHz, 3996 MHz, 0 %, 0 MiB
2026/08/03 11:14:55.489, 7, P0, 37, 243.48 W, 1965 MHz, 3996 MHz, 0 %, 0 MiB
2026/08/03 11:14:56.489, 0, P0, 37, 278.52 W, 1965 MHz, 3996 MHz, 82 %, 165669 MiB
2026/08/03 11:14:56.490, 1, P0, 34, 258.97 W, 1965 MHz, 3996 MHz, 8 %, 165669 MiB
2026/08/03 11:14:56.490, 2, P0, 36, 236.38 W, 1965 MHz, 3996 MHz, 0 %, 0 MiB
2026/08/03 11:14:56.490, 3, P0, 33, 238.70 W, 1965 MHz, 3996 MHz, 0 %, 0 MiB
2026/08/03 11:14:56.490, 4, P0, 33, 235.89 W, 1965 MHz, 3996 MHz, 0 %, 0 MiB
2026/08/03 11:14:56.490, 5, P0, 36, 244.94 W, 1965 MHz, 3996 MHz, 0 %, 0 MiB
2026/08/03 11:14:56.490, 6, P0, 33, 242.47 W, 1965 MHz, 3996 MHz, 0 %, 0 MiB
2026/08/03 11:14:56.490, 7, P0, 37, 243.50 W, 1965 MHz, 3996 MHz, 0 %, 0 MiB
2026/08/03 11:14:57.490, 0, P0, 37, 278.20 W, 1965 MHz, 3996 MHz, 81 %, 165669 MiB
2026/08/03 11:14:57.490, 1, P0, 34, 259.53 W, 1965 MHz, 3996 MHz, 8 %, 165669 MiB
2026/08/03 11:14:57.490, 2, P0, 36, 236.26 W, 1965 MHz, 3996 MHz, 0 %, 0 MiB
2026/08/03 11:14:57.490, 3, P0, 33, 238.66 W, 1965 MHz, 3996 MHz, 0 %, 0 MiB
2026/08/03 11:14:57.490, 4, P0, 33, 235.90 W, 1965 MHz, 3996 MHz, 0 %, 0 MiB
2026/08/03 11:14:57.490, 5, P0, 36, 244.79 W, 1965 MHz, 3996 MHz, 0 %, 0 MiB
2026/08/03 11:14:57.490, 6, P0, 33, 242.49 W, 1965 MHz, 3996 MHz, 0 %, 0 MiB
2026/08/03 11:14:57.490, 7, P0, 37, 243.49 W, 1965 MHz, 3996 MHz, 0 %, 0 MiB
2026/08/03 11:14:58.490, 0, P0, 37, 278.10 W, 1965 MHz, 3996 MHz, 90 %, 165669 MiB
2026/08/03 11:14:58.490, 1, P0, 34, 257.84 W, 1965 MHz, 3996 MHz, 8 %, 165669 MiB
2026/08/03 11:14:58.490, 2, P0, 36, 236.29 W, 1965 MHz, 3996 MHz, 0 %, 0 MiB
2026/08/03 11:14:58.490, 3, P0, 33, 238.84 W, 1965 MHz, 3996 MHz, 0 %, 0 MiB
2026/08/03 11:14:58.490, 4, P0, 33, 235.89 W, 1965 MHz, 3996 MHz, 0 %, 0 MiB
2026/08/03 11:14:58.490, 5, P0, 36, 244.85 W, 1965 MHz, 3996 MHz, 0 %, 0 MiB
2026/08/03 11:14:58.490, 6, P0, 33, 242.55 W, 1965 MHz, 3996 MHz, 0 %, 0 MiB
2026/08/03 11:14:58.490, 7, P0, 37, 243.51 W, 1965 MHz, 3996 MHz, 0 %, 0 MiB
2026/08/03 11:14:59.490, 0, P0, 37, 280.56 W, 1965 MHz, 3996 MHz, 90 %, 165669 MiB
2026/08/03 11:14:59.490, 1, P0, 34, 258.40 W, 1965 MHz, 3996 MHz, 8 %, 165669 MiB
2026/08/03 11:14:59.490, 2, P0, 36, 236.26 W, 1965 MHz, 3996 MHz, 0 %, 0 MiB
2026/08/03 11:14:59.490, 3, P0, 33, 238.73 W, 1965 MHz, 3996 MHz, 0 %, 0 MiB
2026/08/03 11:14:59.490, 4, P0, 33, 235.89 W, 1965 MHz, 3996 MHz, 0 %, 0 MiB
2026/08/03 11:14:59.490, 5, P0, 36, 244.87 W, 1965 MHz, 3996 MHz, 0 %, 0 MiB
2026/08/03 11:14:59.490, 6, P0, 33, 242.45 W, 1965 MHz, 3996 MHz, 0 %, 0 MiB
2026/08/03 11:14:59.490, 7, P0, 37, 243.45 W, 1965 MHz, 3996 MHz, 0 %, 0 MiB
2026/08/03 11:15:00.491, 0, P0, 37, 278.95 W, 1965 MHz, 3996 MHz, 62 %, 165669 MiB
2026/08/03 11:15:00.491, 1, P0, 34, 260.02 W, 1965 MHz, 3996 MHz, 8 %, 165669 MiB
2026/08/03 11:15:00.491, 2, P0, 36, 236.33 W, 1965 MHz, 3996 MHz, 0 %, 0 MiB
2026/08/03 11:15:00.491, 3, P0, 33, 238.66 W, 1965 MHz, 3996 MHz, 0 %, 0 MiB
2026/08/03 11:15:00.491, 4, P0, 33, 235.91 W, 1965 MHz, 3996 MHz, 0 %, 0 MiB
2026/08/03 11:15:00.491, 5, P0, 36, 244.95 W, 1965 MHz, 3996 MHz, 0 %, 0 MiB
2026/08/03 11:15:00.491, 6, P0, 33, 242.54 W, 1965 MHz, 3996 MHz, 0 %, 0 MiB
2026/08/03 11:15:00.491, 7, P0, 37, 243.41 W, 1965 MHz, 3996 MHz, 0 %, 0 MiB
2026/08/03 11:15:01.491, 0, P0, 37, 280.96 W, 1965 MHz, 3996 MHz, 90 %, 165669 MiB
2026/08/03 11:15:01.491, 1, P0, 34, 259.32 W, 1965 MHz, 3996 MHz, 8 %, 165669 MiB
2026/08/03 11:15:01.491, 2, P0, 36, 236.38 W, 1965 MHz, 3996 MHz, 0 %, 0 MiB
2026/08/03 11:15:01.491, 3, P0, 33, 238.72 W, 1965 MHz, 3996 MHz, 0 %, 0 MiB
2026/08/03 11:15:01.491, 4, P0, 33, 235.89 W, 1965 MHz, 3996 MHz, 0 %, 0 MiB
2026/08/03 11:15:01.491, 5, P0, 36, 244.94 W, 1965 MHz, 3996 MHz, 0 %, 0 MiB
2026/08/03 11:15:01.491, 6, P0, 33, 242.52 W, 1965 MHz, 3996 MHz, 0 %, 0 MiB
2026/08/03 11:15:01.491, 7, P0, 37, 243.38 W, 1965 MHz, 3996 MHz, 0 %, 0 MiB
2026/08/03 11:15:02.491, 0, P0, 37, 283.12 W, 1965 MHz, 3996 MHz, 88 %, 165669 MiB
2026/08/03 11:15:02.491, 1, P0, 34, 260.45 W, 1965 MHz, 3996 MHz, 8 %, 165669 MiB
2026/08/03 11:15:02.491, 2, P0, 36, 236.37 W, 1965 MHz, 3996 MHz, 0 %, 0 MiB
2026/08/03 11:15:02.491, 3, P0, 33, 238.75 W, 1965 MHz, 3996 MHz, 0 %, 0 MiB
2026/08/03 11:15:02.491, 4, P0, 33, 235.88 W, 1965 MHz, 3996 MHz, 0 %, 0 MiB
2026/08/03 11:15:02.491, 5, P0, 36, 244.91 W, 1965 MHz, 3996 MHz, 0 %, 0 MiB
2026/08/03 11:15:02.491, 6, P0, 33, 242.52 W, 1965 MHz, 3996 MHz, 0 %, 0 MiB
2026/08/03 11:15:02.491, 7, P0, 37, 243.43 W, 1965 MHz, 3996 MHz, 0 %, 0 MiB
2026/08/03 11:15:03.491, 0, P0, 37, 280.67 W, 1965 MHz, 3996 MHz, 81 %, 165669 MiB
2026/08/03 11:15:03.491, 1, P0, 34, 262.38 W, 1965 MHz, 3996 MHz, 8 %, 165669 MiB
2026/08/03 11:15:03.491, 2, P0, 36, 236.35 W, 1965 MHz, 3996 MHz, 0 %, 0 MiB
2026/08/03 11:15:03.492, 3, P0, 33, 238.64 W, 1965 MHz, 3996 MHz, 0 %, 0 MiB
2026/08/03 11:15:03.492, 4, P0, 33, 235.91 W, 1965 MHz, 3996 MHz, 0 %, 0 MiB
2026/08/03 11:15:03.492, 5, P0, 36, 244.88 W, 1965 MHz, 3996 MHz, 0 %, 0 MiB
2026/08/03 11:15:03.492, 6, P0, 33, 242.49 W, 1965 MHz, 3996 MHz, 0 %, 0 MiB
2026/08/03 11:15:03.492, 7, P0, 37, 243.46 W, 1965 MHz, 3996 MHz, 0 %, 0 MiB
2026/08/03 11:15:04.492, 0, P0, 37, 278.75 W, 1965 MHz, 3996 MHz, 83 %, 165669 MiB
2026/08/03 11:15:04.492, 1, P0, 34, 260.14 W, 1965 MHz, 3996 MHz, 8 %, 165669 MiB
2026/08/03 11:15:04.492, 2, P0, 36, 236.27 W, 1965 MHz, 3996 MHz, 0 %, 0 MiB
2026/08/03 11:15:04.492, 3, P0, 33, 238.79 W, 1965 MHz, 3996 MHz, 0 %, 0 MiB
2026/08/03 11:15:04.492, 4, P0, 33, 235.90 W, 1965 MHz, 3996 MHz, 0 %, 0 MiB
2026/08/03 11:15:04.492, 5, P0, 36, 244.96 W, 1965 MHz, 3996 MHz, 0 %, 0 MiB
2026/08/03 11:15:04.492, 6, P0, 33, 242.47 W, 1965 MHz, 3996 MHz, 0 %, 0 MiB
2026/08/03 11:15:04.492, 7, P0, 37, 243.48 W, 1965 MHz, 3996 MHz, 0 %, 0 MiB
2026/08/03 11:15:05.492, 0, P0, 37, 280.32 W, 1965 MHz, 3996 MHz, 81 %, 165669 MiB
2026/08/03 11:15:05.492, 1, P0, 34, 261.37 W, 1965 MHz, 3996 MHz, 8 %, 165669 MiB
2026/08/03 11:15:05.492, 2, P0, 36, 236.34 W, 1965 MHz, 3996 MHz, 0 %, 0 MiB
2026/08/03 11:15:05.492, 3, P0, 33, 238.73 W, 1965 MHz, 3996 MHz, 0 %, 0 MiB
2026/08/03 11:15:05.492, 4, P0, 33, 235.90 W, 1965 MHz, 3996 MHz, 0 %, 0 MiB
2026/08/03 11:15:05.492, 5, P0, 36, 244.89 W, 1965 MHz, 3996 MHz, 0 %, 0 MiB
2026/08/03 11:15:05.492, 6, P0, 33, 242.56 W, 1965 MHz, 3996 MHz, 0 %, 0 MiB
2026/08/03 11:15:05.492, 7, P0, 37, 243.44 W, 1965 MHz, 3996 MHz, 0 %, 0 MiB
2026/08/03 11:15:06.492, 0, P0, 37, 278.57 W, 1965 MHz, 3996 MHz, 85 %, 165669 MiB
2026/08/03 11:15:06.492, 1, P0, 34, 259.89 W, 1965 MHz, 3996 MHz, 8 %, 165669 MiB
2026/08/03 11:15:06.492, 2, P0, 36, 236.29 W, 1965 MHz, 3996 MHz, 0 %, 0 MiB
2026/08/03 11:15:06.492, 3, P0, 33, 238.72 W, 1965 MHz, 3996 MHz, 0 %, 0 MiB
2026/08/03 11:15:06.492, 4, P0, 33, 235.89 W, 1965 MHz, 3996 MHz, 0 %, 0 MiB
2026/08/03 11:15:06.492, 5, P0, 36, 244.91 W, 1965 MHz, 3996 MHz, 0 %, 0 MiB
2026/08/03 11:15:06.492, 6, P0, 33, 242.58 W, 1965 MHz, 3996 MHz, 0 %, 0 MiB
2026/08/03 11:15:06.492, 7, P0, 37, 243.42 W, 1965 MHz, 3996 MHz, 0 %, 0 MiB
2026/08/03 11:15:07.493, 0, P0, 37, 281.39 W, 1965 MHz, 3996 MHz, 96 %, 165669 MiB
2026/08/03 11:15:07.493, 1, P0, 34, 261.41 W, 1965 MHz, 3996 MHz, 8 %, 165669 MiB
2026/08/03 11:15:07.493, 2, P0, 36, 236.44 W, 1965 MHz, 3996 MHz, 0 %, 0 MiB
2026/08/03 11:15:07.493, 3, P0, 33, 238.68 W, 1965 MHz, 3996 MHz, 0 %, 0 MiB
2026/08/03 11:15:07.493, 4, P0, 33, 235.89 W, 1965 MHz, 3996 MHz, 0 %, 0 MiB
2026/08/03 11:15:07.493, 5, P0, 36, 244.91 W, 1965 MHz, 3996 MHz, 0 %, 0 MiB
2026/08/03 11:15:07.493, 6, P0, 33, 242.42 W, 1965 MHz, 3996 MHz, 0 %, 0 MiB
2026/08/03 11:15:07.493, 7, P0, 37, 243.39 W, 1965 MHz, 3996 MHz, 0 %, 0 MiB
2026/08/03 11:15:08.493, 0, P0, 37, 279.65 W, 1965 MHz, 3996 MHz, 89 %, 165669 MiB
2026/08/03 11:15:08.493, 1, P0, 34, 260.13 W, 1965 MHz, 3996 MHz, 8 %, 165669 MiB
2026/08/03 11:15:08.493, 2, P0, 36, 236.28 W, 1965 MHz, 3996 MHz, 0 %, 0 MiB
2026/08/03 11:15:08.493, 3, P0, 33, 238.74 W, 1965 MHz, 3996 MHz, 0 %, 0 MiB
2026/08/03 11:15:08.493, 4, P0, 33, 235.89 W, 1965 MHz, 3996 MHz, 0 %, 0 MiB
2026/08/03 11:15:08.493, 5, P0, 36, 244.84 W, 1965 MHz, 3996 MHz, 0 %, 0 MiB
2026/08/03 11:15:08.493, 6, P0, 33, 242.48 W, 1965 MHz, 3996 MHz, 0 %, 0 MiB
2026/08/03 11:15:08.493, 7, P0, 37, 243.43 W, 1965 MHz, 3996 MHz, 0 %, 0 MiB
2026/08/03 11:15:09.493, 0, P0, 37, 277.61 W, 1965 MHz, 3996 MHz, 85 %, 165669 MiB
2026/08/03 11:15:09.493, 1, P0, 34, 259.76 W, 1965 MHz, 3996 MHz, 8 %, 165669 MiB
2026/08/03 11:15:09.493, 2, P0, 36, 236.33 W, 1965 MHz, 3996 MHz, 0 %, 0 MiB
2026/08/03 11:15:09.493, 3, P0, 33, 238.85 W, 1965 MHz, 3996 MHz, 0 %, 0 MiB
2026/08/03 11:15:09.493, 4, P0, 33, 235.93 W, 1965 MHz, 3996 MHz, 0 %, 0 MiB
2026/08/03 11:15:09.493, 5, P0, 36, 244.89 W, 1965 MHz, 3996 MHz, 0 %, 0 MiB
2026/08/03 11:15:09.493, 6, P0, 33, 242.52 W, 1965 MHz, 3996 MHz, 0 %, 0 MiB
2026/08/03 11:15:09.493, 7, P0, 37, 243.36 W, 1965 MHz, 3996 MHz, 0 %, 0 MiB
2026/08/03 11:15:10.494, 0, P0, 37, 280.48 W, 1965 MHz, 3996 MHz, 83 %, 165669 MiB
2026/08/03 11:15:10.494, 1, P0, 34, 258.82 W, 1965 MHz, 3996 MHz, 8 %, 165669 MiB
2026/08/03 11:15:10.494, 2, P0, 36, 236.48 W, 1965 MHz, 3996 MHz, 0 %, 0 MiB
2026/08/03 11:15:10.494, 3, P0, 33, 238.73 W, 1965 MHz, 3996 MHz, 0 %, 0 MiB
2026/08/03 11:15:10.494, 4, P0, 33, 235.92 W, 1965 MHz, 3996 MHz, 0 %, 0 MiB
2026/08/03 11:15:10.494, 5, P0, 36, 244.79 W, 1965 MHz, 3996 MHz, 0 %, 0 MiB
2026/08/03 11:15:10.494, 6, P0, 33, 242.53 W, 1965 MHz, 3996 MHz, 0 %, 0 MiB
2026/08/03 11:15:10.494, 7, P0, 37, 243.44 W, 1965 MHz, 3996 MHz, 0 %, 0 MiB
2026/08/03 11:15:11.494, 0, P0, 37, 280.43 W, 1965 MHz, 3996 MHz, 83 %, 165669 MiB
2026/08/03 11:15:11.494, 1, P0, 34, 259.85 W, 1965 MHz, 3996 MHz, 8 %, 165669 MiB
2026/08/03 11:15:11.494, 2, P0, 36, 236.38 W, 1965 MHz, 3996 MHz, 0 %, 0 MiB
2026/08/03 11:15:11.494, 3, P0, 33, 238.79 W, 1965 MHz, 3996 MHz, 0 %, 0 MiB
2026/08/03 11:15:11.494, 4, P0, 33, 235.93 W, 1965 MHz, 3996 MHz, 0 %, 0 MiB
2026/08/03 11:15:11.494, 5, P0, 36, 244.94 W, 1965 MHz, 3996 MHz, 0 %, 0 MiB
2026/08/03 11:15:11.494, 6, P0, 33, 242.55 W, 1965 MHz, 3996 MHz, 0 %, 0 MiB
2026/08/03 11:15:11.494, 7, P0, 37, 243.41 W, 1965 MHz, 3996 MHz, 0 %, 0 MiB
2026/08/03 11:15:12.494, 0, P0, 37, 281.66 W, 1965 MHz, 3996 MHz, 83 %, 165669 MiB
2026/08/03 11:15:12.494, 1, P0, 34, 259.09 W, 1965 MHz, 3996 MHz, 8 %, 165669 MiB
2026/08/03 11:15:12.494, 2, P0, 36, 236.29 W, 1965 MHz, 3996 MHz, 0 %, 0 MiB
2026/08/03 11:15:12.494, 3, P0, 33, 238.72 W, 1965 MHz, 3996 MHz, 0 %, 0 MiB
2026/08/03 11:15:12.494, 4, P0, 33, 235.89 W, 1965 MHz, 3996 MHz, 0 %, 0 MiB
2026/08/03 11:15:12.494, 5, P0, 36, 244.85 W, 1965 MHz, 3996 MHz, 0 %, 0 MiB
2026/08/03 11:15:12.494, 6, P0, 33, 242.63 W, 1965 MHz, 3996 MHz, 0 %, 0 MiB
2026/08/03 11:15:12.494, 7, P0, 37, 243.41 W, 1965 MHz, 3996 MHz, 0 %, 0 MiB
2026/08/03 11:15:13.494, 0, P0, 37, 279.38 W, 1965 MHz, 3996 MHz, 90 %, 165669 MiB
2026/08/03 11:15:13.494, 1, P0, 34, 259.76 W, 1965 MHz, 3996 MHz, 8 %, 165669 MiB
2026/08/03 11:15:13.495, 2, P0, 36, 236.37 W, 1965 MHz, 3996 MHz, 0 %, 0 MiB
2026/08/03 11:15:13.495, 3, P0, 33, 238.75 W, 1965 MHz, 3996 MHz, 0 %, 0 MiB
2026/08/03 11:15:13.495, 4, P0, 33, 235.90 W, 1965 MHz, 3996 MHz, 0 %, 0 MiB
2026/08/03 11:15:13.495, 5, P0, 36, 244.87 W, 1965 MHz, 3996 MHz, 0 %, 0 MiB
2026/08/03 11:15:13.495, 6, P0, 33, 242.66 W, 1965 MHz, 3996 MHz, 0 %, 0 MiB
2026/08/03 11:15:13.495, 7, P0, 37, 243.45 W, 1965 MHz, 3996 MHz, 0 %, 0 MiB
2026/08/03 11:15:14.495, 0, P0, 37, 279.77 W, 1965 MHz, 3996 MHz, 93 %, 165669 MiB
2026/08/03 11:15:14.495, 1, P0, 34, 261.25 W, 1965 MHz, 3996 MHz, 8 %, 165669 MiB
2026/08/03 11:15:14.495, 2, P0, 36, 236.35 W, 1965 MHz, 3996 MHz, 0 %, 0 MiB
2026/08/03 11:15:14.495, 3, P0, 33, 238.81 W, 1965 MHz, 3996 MHz, 0 %, 0 MiB
2026/08/03 11:15:14.495, 4, P0, 33, 235.92 W, 1965 MHz, 3996 MHz, 0 %, 0 MiB
2026/08/03 11:15:14.495, 5, P0, 36, 244.93 W, 1965 MHz, 3996 MHz, 0 %, 0 MiB
2026/08/03 11:15:14.495, 6, P0, 33, 242.63 W, 1965 MHz, 3996 MHz, 0 %, 0 MiB
2026/08/03 11:15:14.495, 7, P0, 37, 243.41 W, 1965 MHz, 3996 MHz, 0 %, 0 MiB
2026/08/03 11:15:15.495, 0, P0, 37, 282.33 W, 1965 MHz, 3996 MHz, 80 %, 165669 MiB
2026/08/03 11:15:15.495, 1, P0, 34, 260.18 W, 1965 MHz, 3996 MHz, 8 %, 165669 MiB
2026/08/03 11:15:15.495, 2, P0, 36, 236.34 W, 1965 MHz, 3996 MHz, 0 %, 0 MiB
2026/08/03 11:15:15.495, 3, P0, 33, 238.84 W, 1965 MHz, 3996 MHz, 0 %, 0 MiB
2026/08/03 11:15:15.495, 4, P0, 33, 235.91 W, 1965 MHz, 3996 MHz, 0 %, 0 MiB
2026/08/03 11:15:15.495, 5, P0, 36, 244.86 W, 1965 MHz, 3996 MHz, 0 %, 0 MiB
2026/08/03 11:15:15.495, 6, P0, 33, 242.63 W, 1965 MHz, 3996 MHz, 0 %, 0 MiB
2026/08/03 11:15:15.495, 7, P0, 37, 243.41 W, 1965 MHz, 3996 MHz, 0 %, 0 MiB
2026/08/03 11:15:16.495, 0, P0, 37, 282.09 W, 1965 MHz, 3996 MHz, 83 %, 165669 MiB
2026/08/03 11:15:16.495, 1, P0, 34, 261.13 W, 1965 MHz, 3996 MHz, 8 %, 165669 MiB
2026/08/03 11:15:16.495, 2, P0, 36, 236.38 W, 1965 MHz, 3996 MHz, 0 %, 0 MiB
2026/08/03 11:15:16.495, 3, P0, 33, 238.78 W, 1965 MHz, 3996 MHz, 0 %, 0 MiB
2026/08/03 11:15:16.495, 4, P0, 33, 235.93 W, 1965 MHz, 3996 MHz, 0 %, 0 MiB
2026/08/03 11:15:16.495, 5, P0, 36, 244.82 W, 1965 MHz, 3996 MHz, 0 %, 0 MiB
2026/08/03 11:15:16.495, 6, P0, 33, 242.61 W, 1965 MHz, 3996 MHz, 0 %, 0 MiB
2026/08/03 11:15:16.496, 7, P0, 37, 243.38 W, 1965 MHz, 3996 MHz, 0 %, 0 MiB
2026/08/03 11:15:17.496, 0, P0, 37, 280.67 W, 1965 MHz, 3996 MHz, 83 %, 165669 MiB
2026/08/03 11:15:17.496, 1, P0, 34, 258.87 W, 1965 MHz, 3996 MHz, 8 %, 165669 MiB
2026/08/03 11:15:17.496, 2, P0, 36, 236.27 W, 1965 MHz, 3996 MHz, 0 %, 0 MiB
2026/08/03 11:15:17.496, 3, P0, 33, 238.75 W, 1965 MHz, 3996 MHz, 0 %, 0 MiB
2026/08/03 11:15:17.496, 4, P0, 33, 235.90 W, 1965 MHz, 3996 MHz, 0 %, 0 MiB
2026/08/03 11:15:17.496, 5, P0, 36, 244.85 W, 1965 MHz, 3996 MHz, 0 %, 0 MiB
2026/08/03 11:15:17.496, 6, P0, 33, 242.58 W, 1965 MHz, 3996 MHz, 0 %, 0 MiB
2026/08/03 11:15:17.496, 7, P0, 37, 243.50 W, 1965 MHz, 3996 MHz, 0 %, 0 MiB
2026/08/03 11:15:18.496, 0, P0, 37, 281.20 W, 1965 MHz, 3996 MHz, 84 %, 165669 MiB
2026/08/03 11:15:18.496, 1, P0, 34, 260.45 W, 1965 MHz, 3996 MHz, 8 %, 165669 MiB
2026/08/03 11:15:18.496, 2, P0, 36, 236.37 W, 1965 MHz, 3996 MHz, 0 %, 0 MiB
2026/08/03 11:15:18.496, 3, P0, 33, 238.68 W, 1965 MHz, 3996 MHz, 0 %, 0 MiB
2026/08/03 11:15:18.496, 4, P0, 33, 235.91 W, 1965 MHz, 3996 MHz, 0 %, 0 MiB
2026/08/03 11:15:18.496, 5, P0, 36, 244.88 W, 1965 MHz, 3996 MHz, 0 %, 0 MiB
2026/08/03 11:15:18.496, 6, P0, 33, 242.59 W, 1965 MHz, 3996 MHz, 0 %, 0 MiB
2026/08/03 11:15:18.496, 7, P0, 37, 243.41 W, 1965 MHz, 3996 MHz, 0 %, 0 MiB
2026/08/03 11:15:19.496, 0, P0, 37, 282.80 W, 1965 MHz, 3996 MHz, 89 %, 165669 MiB
2026/08/03 11:15:19.496, 1, P0, 34, 261.20 W, 1965 MHz, 3996 MHz, 8 %, 165669 MiB
2026/08/03 11:15:19.496, 2, P0, 36, 236.38 W, 1965 MHz, 3996 MHz, 0 %, 0 MiB
2026/08/03 11:15:19.496, 3, P0, 33, 238.79 W, 1965 MHz, 3996 MHz, 0 %, 0 MiB
2026/08/03 11:15:19.496, 4, P0, 33, 235.89 W, 1965 MHz, 3996 MHz, 0 %, 0 MiB
2026/08/03 11:15:19.496, 5, P0, 36, 244.95 W, 1965 MHz, 3996 MHz, 0 %, 0 MiB
2026/08/03 11:15:19.496, 6, P0, 33, 242.62 W, 1965 MHz, 3996 MHz, 0 %, 0 MiB
2026/08/03 11:15:19.496, 7, P0, 37, 243.41 W, 1965 MHz, 3996 MHz, 0 %, 0 MiB
2026/08/03 11:15:20.496, 0, P0, 37, 280.22 W, 1965 MHz, 3996 MHz, 93 %, 165669 MiB
2026/08/03 11:15:20.497, 1, P0, 34, 261.03 W, 1965 MHz, 3996 MHz, 8 %, 165669 MiB
2026/08/03 11:15:20.497, 2, P0, 36, 236.43 W, 1965 MHz, 3996 MHz, 0 %, 0 MiB
2026/08/03 11:15:20.497, 3, P0, 33, 238.66 W, 1965 MHz, 3996 MHz, 0 %, 0 MiB
2026/08/03 11:15:20.497, 4, P0, 33, 235.89 W, 1965 MHz, 3996 MHz, 0 %, 0 MiB
2026/08/03 11:15:20.497, 5, P0, 36, 244.88 W, 1965 MHz, 3996 MHz, 0 %, 0 MiB
2026/08/03 11:15:20.497, 6, P0, 33, 242.61 W, 1965 MHz, 3996 MHz, 0 %, 0 MiB
2026/08/03 11:15:20.497, 7, P0, 37, 243.40 W, 1965 MHz, 3996 MHz, 0 %, 0 MiB
2026/08/03 11:15:21.497, 0, P0, 37, 280.25 W, 1965 MHz, 3996 MHz, 92 %, 165669 MiB
2026/08/03 11:15:21.497, 1, P0, 34, 258.99 W, 1965 MHz, 3996 MHz, 8 %, 165669 MiB
2026/08/03 11:15:21.497, 2, P0, 36, 236.37 W, 1965 MHz, 3996 MHz, 0 %, 0 MiB
2026/08/03 11:15:21.497, 3, P0, 33, 238.63 W, 1965 MHz, 3996 MHz, 0 %, 0 MiB
2026/08/03 11:15:21.497, 4, P0, 33, 235.89 W, 1965 MHz, 3996 MHz, 0 %, 0 MiB
2026/08/03 11:15:21.497, 5, P0, 36, 244.87 W, 1965 MHz, 3996 MHz, 0 %, 0 MiB
2026/08/03 11:15:21.497, 6, P0, 33, 242.55 W, 1965 MHz, 3996 MHz, 0 %, 0 MiB
2026/08/03 11:15:21.497, 7, P0, 37, 243.38 W, 1965 MHz, 3996 MHz, 0 %, 0 MiB
2026/08/03 11:15:22.497, 0, P0, 37, 282.06 W, 1965 MHz, 3996 MHz, 83 %, 165669 MiB
2026/08/03 11:15:22.497, 1, P0, 34, 261.28 W, 1965 MHz, 3996 MHz, 8 %, 165669 MiB
2026/08/03 11:15:22.497, 2, P0, 36, 236.40 W, 1965 MHz, 3996 MHz, 0 %, 0 MiB
2026/08/03 11:15:22.497, 3, P0, 33, 238.69 W, 1965 MHz, 3996 MHz, 0 %, 0 MiB
2026/08/03 11:15:22.497, 4, P0, 33, 235.90 W, 1965 MHz, 3996 MHz, 0 %, 0 MiB
2026/08/03 11:15:22.497, 5, P0, 36, 244.87 W, 1965 MHz, 3996 MHz, 0 %, 0 MiB
2026/08/03 11:15:22.497, 6, P0, 33, 242.57 W, 1965 MHz, 3996 MHz, 0 %, 0 MiB
2026/08/03 11:15:22.497, 7, P0, 37, 243.34 W, 1965 MHz, 3996 MHz, 0 %, 0 MiB
2026/08/03 11:15:23.497, 0, P0, 37, 281.08 W, 1965 MHz, 3996 MHz, 85 %, 165669 MiB
2026/08/03 11:15:23.497, 1, P0, 34, 260.54 W, 1965 MHz, 3996 MHz, 8 %, 165669 MiB
2026/08/03 11:15:23.497, 2, P0, 36, 236.42 W, 1965 MHz, 3996 MHz, 0 %, 0 MiB
2026/08/03 11:15:23.497, 3, P0, 33, 238.72 W, 1965 MHz, 3996 MHz, 0 %, 0 MiB
2026/08/03 11:15:23.497, 4, P0, 33, 235.90 W, 1965 MHz, 3996 MHz, 0 %, 0 MiB
2026/08/03 11:15:23.497, 5, P0, 36, 244.89 W, 1965 MHz, 3996 MHz, 0 %, 0 MiB
2026/08/03 11:15:23.498, 6, P0, 33, 242.50 W, 1965 MHz, 3996 MHz, 0 %, 0 MiB
2026/08/03 11:15:23.498, 7, P0, 37, 243.40 W, 1965 MHz, 3996 MHz, 0 %, 0 MiB
2026/08/03 11:15:24.498, 0, P0, 37, 281.06 W, 1965 MHz, 3996 MHz, 91 %, 165669 MiB
2026/08/03 11:15:24.498, 1, P0, 34, 261.24 W, 1965 MHz, 3996 MHz, 8 %, 165669 MiB
2026/08/03 11:15:24.498, 2, P0, 36, 236.39 W, 1965 MHz, 3996 MHz, 0 %, 0 MiB
2026/08/03 11:15:24.498, 3, P0, 33, 238.77 W, 1965 MHz, 3996 MHz, 0 %, 0 MiB
2026/08/03 11:15:24.498, 4, P0, 33, 235.88 W, 1965 MHz, 3996 MHz, 0 %, 0 MiB
2026/08/03 11:15:24.498, 5, P0, 36, 244.95 W, 1965 MHz, 3996 MHz, 0 %, 0 MiB
2026/08/03 11:15:24.498, 6, P0, 33, 242.51 W, 1965 MHz, 3996 MHz, 0 %, 0 MiB
2026/08/03 11:15:24.498, 7, P0, 37, 243.52 W, 1965 MHz, 3996 MHz, 0 %, 0 MiB
2026/08/03 11:15:25.498, 0, P0, 37, 279.66 W, 1965 MHz, 3996 MHz, 92 %, 165669 MiB
2026/08/03 11:15:25.498, 1, P0, 34, 260.14 W, 1965 MHz, 3996 MHz, 8 %, 165669 MiB
2026/08/03 11:15:25.498, 2, P0, 36, 236.40 W, 1965 MHz, 3996 MHz, 0 %, 0 MiB
2026/08/03 11:15:25.498, 3, P0, 33, 238.86 W, 1965 MHz, 3996 MHz, 0 %, 0 MiB
2026/08/03 11:15:25.498, 4, P0, 33, 235.89 W, 1965 MHz, 3996 MHz, 0 %, 0 MiB
2026/08/03 11:15:25.498, 5, P0, 36, 244.92 W, 1965 MHz, 3996 MHz, 0 %, 0 MiB
2026/08/03 11:15:25.498, 6, P0, 33, 242.52 W, 1965 MHz, 3996 MHz, 0 %, 0 MiB
2026/08/03 11:15:25.498, 7, P0, 37, 243.45 W, 1965 MHz, 3996 MHz, 0 %, 0 MiB
2026/08/03 11:15:26.498, 0, P0, 38, 398.29 W, 1965 MHz, 3996 MHz, 82 %, 165669 MiB
2026/08/03 11:15:26.498, 1, P0, 34, 387.69 W, 1965 MHz, 3996 MHz, 8 %, 165669 MiB
2026/08/03 11:15:26.498, 2, P0, 36, 236.31 W, 1965 MHz, 3996 MHz, 0 %, 0 MiB
2026/08/03 11:15:26.498, 3, P0, 33, 238.72 W, 1965 MHz, 3996 MHz, 0 %, 0 MiB
2026/08/03 11:15:26.498, 4, P0, 33, 235.88 W, 1965 MHz, 3996 MHz, 0 %, 0 MiB
2026/08/03 11:15:26.498, 5, P0, 36, 244.89 W, 1965 MHz, 3996 MHz, 0 %, 0 MiB
2026/08/03 11:15:26.498, 6, P0, 33, 242.51 W, 1965 MHz, 3996 MHz, 0 %, 0 MiB
2026/08/03 11:15:26.498, 7, P0, 37, 243.38 W, 1965 MHz, 3996 MHz, 0 %, 0 MiB
2026/08/03 11:15:27.498, 0, P0, 37, 278.68 W, 1965 MHz, 3996 MHz, 87 %, 165669 MiB
2026/08/03 11:15:27.499, 1, P0, 34, 261.14 W, 1965 MHz, 3996 MHz, 8 %, 165669 MiB
2026/08/03 11:15:27.499, 2, P0, 36, 236.40 W, 1965 MHz, 3996 MHz, 0 %, 0 MiB
2026/08/03 11:15:27.499, 3, P0, 33, 238.77 W, 1965 MHz, 3996 MHz, 0 %, 0 MiB
2026/08/03 11:15:27.499, 4, P0, 33, 235.90 W, 1965 MHz, 3996 MHz, 0 %, 0 MiB
2026/08/03 11:15:27.499, 5, P0, 36, 244.96 W, 1965 MHz, 3996 MHz, 0 %, 0 MiB
2026/08/03 11:15:27.499, 6, P0, 33, 242.54 W, 1965 MHz, 3996 MHz, 0 %, 0 MiB
2026/08/03 11:15:27.499, 7, P0, 37, 243.41 W, 1965 MHz, 3996 MHz, 0 %, 0 MiB
2026/08/03 11:15:28.499, 0, P0, 38, 399.01 W, 1965 MHz, 3996 MHz, 82 %, 165669 MiB
2026/08/03 11:15:28.499, 1, P0, 35, 385.73 W, 1965 MHz, 3996 MHz, 7 %, 165669 MiB
2026/08/03 11:15:28.499, 2, P0, 36, 236.36 W, 1965 MHz, 3996 MHz, 0 %, 0 MiB
2026/08/03 11:15:28.499, 3, P0, 33, 238.82 W, 1965 MHz, 3996 MHz, 0 %, 0 MiB
2026/08/03 11:15:28.499, 4, P0, 33, 235.92 W, 1965 MHz, 3996 MHz, 0 %, 0 MiB
2026/08/03 11:15:28.499, 5, P0, 36, 244.93 W, 1965 MHz, 3996 MHz, 0 %, 0 MiB
2026/08/03 11:15:28.499, 6, P0, 33, 242.52 W, 1965 MHz, 3996 MHz, 0 %, 0 MiB
2026/08/03 11:15:28.499, 7, P0, 37, 243.47 W, 1965 MHz, 3996 MHz, 0 %, 0 MiB
2026/08/03 11:15:29.499, 0, P0, 37, 277.52 W, 1965 MHz, 3996 MHz, 86 %, 165669 MiB
2026/08/03 11:15:29.499, 1, P0, 34, 257.73 W, 1965 MHz, 3996 MHz, 7 %, 165669 MiB
2026/08/03 11:15:29.499, 2, P0, 36, 236.24 W, 1965 MHz, 3996 MHz, 0 %, 0 MiB
2026/08/03 11:15:29.499, 3, P0, 33, 238.70 W, 1965 MHz, 3996 MHz, 0 %, 0 MiB
2026/08/03 11:15:29.499, 4, P0, 33, 235.89 W, 1965 MHz, 3996 MHz, 0 %, 0 MiB
2026/08/03 11:15:29.499, 5, P0, 36, 244.94 W, 1965 MHz, 3996 MHz, 0 %, 0 MiB
2026/08/03 11:15:29.499, 6, P0, 33, 242.57 W, 1965 MHz, 3996 MHz, 0 %, 0 MiB
2026/08/03 11:15:29.499, 7, P0, 37, 243.46 W, 1965 MHz, 3996 MHz, 0 %, 0 MiB
2026/08/03 11:15:30.499, 0, P0, 39, 400.58 W, 1965 MHz, 3996 MHz, 82 %, 165669 MiB
2026/08/03 11:15:30.499, 1, P0, 37, 382.48 W, 1957 MHz, 3996 MHz, 36 %, 165669 MiB
2026/08/03 11:15:30.499, 2, P0, 36, 236.29 W, 1965 MHz, 3996 MHz, 0 %, 0 MiB
2026/08/03 11:15:30.499, 3, P0, 33, 238.74 W, 1965 MHz, 3996 MHz, 0 %, 0 MiB
2026/08/03 11:15:30.499, 4, P0, 33, 235.92 W, 1965 MHz, 3996 MHz, 0 %, 0 MiB
2026/08/03 11:15:30.499, 5, P0, 36, 244.85 W, 1965 MHz, 3996 MHz, 0 %, 0 MiB
2026/08/03 11:15:30.499, 6, P0, 33, 242.54 W, 1965 MHz, 3996 MHz, 0 %, 0 MiB
2026/08/03 11:15:30.499, 7, P0, 37, 243.44 W, 1965 MHz, 3996 MHz, 0 %, 0 MiB
2026/08/03 11:15:31.500, 0, P0, 37, 278.01 W, 1965 MHz, 3996 MHz, 94 %, 165669 MiB
2026/08/03 11:15:31.500, 1, P0, 34, 257.93 W, 1965 MHz, 3996 MHz, 8 %, 165669 MiB
2026/08/03 11:15:31.500, 2, P0, 36, 236.37 W, 1965 MHz, 3996 MHz, 0 %, 0 MiB
2026/08/03 11:15:31.500, 3, P0, 33, 238.74 W, 1965 MHz, 3996 MHz, 0 %, 0 MiB
2026/08/03 11:15:31.500, 4, P0, 33, 235.93 W, 1965 MHz, 3996 MHz, 0 %, 0 MiB
2026/08/03 11:15:31.500, 5, P0, 36, 244.92 W, 1965 MHz, 3996 MHz, 0 %, 0 MiB
2026/08/03 11:15:31.500, 6, P0, 33, 242.62 W, 1965 MHz, 3996 MHz, 0 %, 0 MiB
2026/08/03 11:15:31.500, 7, P0, 37, 243.40 W, 1965 MHz, 3996 MHz, 0 %, 0 MiB
2026/08/03 11:15:32.500, 0, P0, 45, 400.22 W, 1665 MHz, 3996 MHz, 93 %, 165669 MiB
2026/08/03 11:15:32.500, 1, P0, 41, 360.69 W, 1965 MHz, 3996 MHz, 32 %, 165669 MiB
2026/08/03 11:15:32.500, 2, P0, 36, 236.40 W, 1965 MHz, 3996 MHz, 0 %, 0 MiB
2026/08/03 11:15:32.500, 3, P0, 33, 238.75 W, 1965 MHz, 3996 MHz, 0 %, 0 MiB
2026/08/03 11:15:32.500, 4, P0, 33, 235.98 W, 1965 MHz, 3996 MHz, 0 %, 0 MiB
2026/08/03 11:15:32.500, 5, P0, 36, 244.84 W, 1965 MHz, 3996 MHz, 0 %, 0 MiB
2026/08/03 11:15:32.500, 6, P0, 33, 242.55 W, 1965 MHz, 3996 MHz, 0 %, 0 MiB
2026/08/03 11:15:32.500, 7, P0, 37, 243.40 W, 1965 MHz, 3996 MHz, 0 %, 0 MiB
2026/08/03 11:15:33.500, 0, P0, 37, 275.65 W, 1965 MHz, 3996 MHz, 86 %, 165669 MiB
2026/08/03 11:15:33.500, 1, P0, 34, 306.21 W, 1965 MHz, 3996 MHz, 7 %, 165669 MiB
2026/08/03 11:15:33.500, 2, P0, 36, 236.36 W, 1965 MHz, 3996 MHz, 0 %, 0 MiB
2026/08/03 11:15:33.500, 3, P0, 33, 238.77 W, 1965 MHz, 3996 MHz, 0 %, 0 MiB
2026/08/03 11:15:33.500, 4, P0, 33, 235.95 W, 1965 MHz, 3996 MHz, 0 %, 0 MiB
2026/08/03 11:15:33.500, 5, P0, 36, 244.94 W, 1965 MHz, 3996 MHz, 0 %, 0 MiB
2026/08/03 11:15:33.500, 6, P0, 33, 242.59 W, 1965 MHz, 3996 MHz, 0 %, 0 MiB
2026/08/03 11:15:33.500, 7, P0, 37, 243.36 W, 1965 MHz, 3996 MHz, 0 %, 0 MiB
2026/08/03 11:15:34.500, 0, P0, 37, 278.48 W, 1965 MHz, 3996 MHz, 86 %, 165669 MiB
2026/08/03 11:15:34.500, 1, P0, 34, 258.38 W, 1965 MHz, 3996 MHz, 7 %, 165669 MiB
2026/08/03 11:15:34.500, 2, P0, 36, 236.38 W, 1965 MHz, 3996 MHz, 0 %, 0 MiB
2026/08/03 11:15:34.500, 3, P0, 33, 238.84 W, 1965 MHz, 3996 MHz, 0 %, 0 MiB
2026/08/03 11:15:34.500, 4, P0, 33, 235.89 W, 1965 MHz, 3996 MHz, 0 %, 0 MiB
2026/08/03 11:15:34.501, 5, P0, 36, 244.95 W, 1965 MHz, 3996 MHz, 0 %, 0 MiB
2026/08/03 11:15:34.501, 6, P0, 33, 242.51 W, 1965 MHz, 3996 MHz, 0 %, 0 MiB
2026/08/03 11:15:34.501, 7, P0, 37, 243.34 W, 1965 MHz, 3996 MHz, 0 %, 0 MiB
2026/08/03 11:15:35.501, 0, P0, 37, 277.27 W, 1965 MHz, 3996 MHz, 84 %, 165669 MiB
2026/08/03 11:15:35.501, 1, P0, 34, 256.78 W, 1965 MHz, 3996 MHz, 7 %, 165669 MiB
2026/08/03 11:15:35.501, 2, P0, 36, 236.38 W, 1965 MHz, 3996 MHz, 0 %, 0 MiB
2026/08/03 11:15:35.501, 3, P0, 33, 238.76 W, 1965 MHz, 3996 MHz, 0 %, 0 MiB
2026/08/03 11:15:35.501, 4, P0, 33, 235.89 W, 1965 MHz, 3996 MHz, 0 %, 0 MiB
2026/08/03 11:15:35.501, 5, P0, 36, 244.79 W, 1965 MHz, 3996 MHz, 0 %, 0 MiB
2026/08/03 11:15:35.501, 6, P0, 33, 242.54 W, 1965 MHz, 3996 MHz, 0 %, 0 MiB
2026/08/03 11:15:35.501, 7, P0, 37, 243.43 W, 1965 MHz, 3996 MHz, 0 %, 0 MiB
2026/08/03 11:15:36.501, 0, P0, 37, 277.27 W, 1965 MHz, 3996 MHz, 89 %, 165669 MiB
2026/08/03 11:15:36.501, 1, P0, 34, 257.55 W, 1965 MHz, 3996 MHz, 9 %, 165669 MiB
2026/08/03 11:15:36.501, 2, P0, 36, 236.45 W, 1965 MHz, 3996 MHz, 0 %, 0 MiB
2026/08/03 11:15:36.501, 3, P0, 33, 238.77 W, 1965 MHz, 3996 MHz, 0 %, 0 MiB
2026/08/03 11:15:36.501, 4, P0, 33, 235.90 W, 1965 MHz, 3996 MHz, 0 %, 0 MiB
2026/08/03 11:15:36.501, 5, P0, 36, 244.89 W, 1965 MHz, 3996 MHz, 0 %, 0 MiB
2026/08/03 11:15:36.501, 6, P0, 33, 242.60 W, 1965 MHz, 3996 MHz, 0 %, 0 MiB
2026/08/03 11:15:36.501, 7, P0, 37, 243.39 W, 1965 MHz, 3996 MHz, 0 %, 0 MiB
2026/08/03 11:15:37.501, 0, P0, 37, 277.12 W, 1965 MHz, 3996 MHz, 86 %, 165669 MiB
2026/08/03 11:15:37.501, 1, P0, 34, 256.85 W, 1965 MHz, 3996 MHz, 8 %, 165669 MiB
2026/08/03 11:15:37.501, 2, P0, 36, 236.33 W, 1965 MHz, 3996 MHz, 0 %, 0 MiB
2026/08/03 11:15:37.501, 3, P0, 33, 238.77 W, 1965 MHz, 3996 MHz, 0 %, 0 MiB
2026/08/03 11:15:37.501, 4, P0, 33, 235.89 W, 1965 MHz, 3996 MHz, 0 %, 0 MiB
2026/08/03 11:15:37.501, 5, P0, 36, 244.88 W, 1965 MHz, 3996 MHz, 0 %, 0 MiB
2026/08/03 11:15:37.501, 6, P0, 33, 242.59 W, 1965 MHz, 3996 MHz, 0 %, 0 MiB
2026/08/03 11:15:37.501, 7, P0, 37, 243.39 W, 1965 MHz, 3996 MHz, 0 %, 0 MiB
2026/08/03 11:15:38.502, 0, P0, 37, 276.52 W, 1965 MHz, 3996 MHz, 90 %, 165669 MiB
2026/08/03 11:15:38.502, 1, P0, 34, 257.63 W, 1965 MHz, 3996 MHz, 7 %, 165669 MiB
2026/08/03 11:15:38.502, 2, P0, 36, 236.44 W, 1965 MHz, 3996 MHz, 0 %, 0 MiB
2026/08/03 11:15:38.502, 3, P0, 33, 238.80 W, 1965 MHz, 3996 MHz, 0 %, 0 MiB
2026/08/03 11:15:38.502, 4, P0, 33, 235.89 W, 1965 MHz, 3996 MHz, 0 %, 0 MiB
2026/08/03 11:15:38.502, 5, P0, 36, 245.02 W, 1965 MHz, 3996 MHz, 0 %, 0 MiB
2026/08/03 11:15:38.502, 6, P0, 33, 242.42 W, 1965 MHz, 3996 MHz, 0 %, 0 MiB
2026/08/03 11:15:38.502, 7, P0, 37, 243.38 W, 1965 MHz, 3996 MHz, 0 %, 0 MiB
2026/08/03 11:15:39.502, 0, P0, 37, 275.08 W, 1965 MHz, 3996 MHz, 88 %, 165669 MiB
2026/08/03 11:15:39.502, 1, P0, 34, 258.09 W, 1965 MHz, 3996 MHz, 7 %, 165669 MiB
2026/08/03 11:15:39.502, 2, P0, 36, 236.42 W, 1965 MHz, 3996 MHz, 0 %, 0 MiB
2026/08/03 11:15:39.502, 3, P0, 33, 238.79 W, 1965 MHz, 3996 MHz, 0 %, 0 MiB
2026/08/03 11:15:39.502, 4, P0, 33, 235.90 W, 1965 MHz, 3996 MHz, 0 %, 0 MiB
2026/08/03 11:15:39.502, 5, P0, 36, 244.93 W, 1965 MHz, 3996 MHz, 0 %, 0 MiB
2026/08/03 11:15:39.502, 6, P0, 33, 242.46 W, 1965 MHz, 3996 MHz, 0 %, 0 MiB
2026/08/03 11:15:39.502, 7, P0, 37, 243.48 W, 1965 MHz, 3996 MHz, 0 %, 0 MiB
2026/08/03 11:15:40.502, 0, P0, 37, 276.67 W, 1965 MHz, 3996 MHz, 82 %, 165669 MiB
2026/08/03 11:15:40.502, 1, P0, 34, 258.71 W, 1965 MHz, 3996 MHz, 7 %, 165669 MiB
2026/08/03 11:15:40.502, 2, P0, 36, 236.44 W, 1965 MHz, 3996 MHz, 0 %, 0 MiB
2026/08/03 11:15:40.502, 3, P0, 33, 238.81 W, 1965 MHz, 3996 MHz, 0 %, 0 MiB
2026/08/03 11:15:40.502, 4, P0, 33, 235.93 W, 1965 MHz, 3996 MHz, 0 %, 0 MiB
2026/08/03 11:15:40.502, 5, P0, 36, 244.96 W, 1965 MHz, 3996 MHz, 0 %, 0 MiB
2026/08/03 11:15:40.502, 6, P0, 33, 242.49 W, 1965 MHz, 3996 MHz, 0 %, 0 MiB
2026/08/03 11:15:40.502, 7, P0, 37, 243.43 W, 1965 MHz, 3996 MHz, 0 %, 0 MiB
2026/08/03 11:15:41.502, 0, P0, 39, 405.06 W, 1965 MHz, 3996 MHz, 91 %, 165669 MiB
2026/08/03 11:15:41.502, 1, P0, 36, 384.07 W, 1965 MHz, 3996 MHz, 8 %, 165669 MiB
2026/08/03 11:15:41.502, 2, P0, 36, 236.46 W, 1965 MHz, 3996 MHz, 0 %, 0 MiB
2026/08/03 11:15:41.502, 3, P0, 33, 238.71 W, 1965 MHz, 3996 MHz, 0 %, 0 MiB
2026/08/03 11:15:41.502, 4, P0, 33, 235.93 W, 1965 MHz, 3996 MHz, 0 %, 0 MiB
2026/08/03 11:15:41.502, 5, P0, 36, 244.90 W, 1965 MHz, 3996 MHz, 0 %, 0 MiB
2026/08/03 11:15:41.503, 6, P0, 33, 242.54 W, 1965 MHz, 3996 MHz, 0 %, 0 MiB
2026/08/03 11:15:41.503, 7, P0, 37, 243.39 W, 1965 MHz, 3996 MHz, 0 %, 0 MiB
2026/08/03 11:15:42.503, 0, P0, 37, 278.89 W, 1965 MHz, 3996 MHz, 85 %, 165669 MiB
2026/08/03 11:15:42.503, 1, P0, 34, 258.96 W, 1965 MHz, 3996 MHz, 8 %, 165669 MiB
2026/08/03 11:15:42.503, 2, P0, 36, 236.28 W, 1965 MHz, 3996 MHz, 0 %, 0 MiB
2026/08/03 11:15:42.503, 3, P0, 33, 238.80 W, 1965 MHz, 3996 MHz, 0 %, 0 MiB
2026/08/03 11:15:42.503, 4, P0, 33, 235.91 W, 1965 MHz, 3996 MHz, 0 %, 0 MiB
2026/08/03 11:15:42.503, 5, P0, 36, 244.95 W, 1965 MHz, 3996 MHz, 0 %, 0 MiB
2026/08/03 11:15:42.503, 6, P0, 33, 242.47 W, 1965 MHz, 3996 MHz, 0 %, 0 MiB
2026/08/03 11:15:42.503, 7, P0, 37, 243.37 W, 1965 MHz, 3996 MHz, 0 %, 0 MiB
2026/08/03 11:15:43.503, 0, P0, 40, 404.36 W, 1957 MHz, 3996 MHz, 100 %, 165669 MiB
2026/08/03 11:15:43.503, 1, P0, 42, 384.58 W, 1672 MHz, 3996 MHz, 100 %, 165669 MiB
2026/08/03 11:15:43.503, 2, P0, 36, 236.35 W, 1965 MHz, 3996 MHz, 0 %, 0 MiB
2026/08/03 11:15:43.503, 3, P0, 33, 238.66 W, 1965 MHz, 3996 MHz, 0 %, 0 MiB
2026/08/03 11:15:43.503, 4, P0, 33, 235.87 W, 1965 MHz, 3996 MHz, 0 %, 0 MiB
2026/08/03 11:15:43.503, 5, P0, 36, 244.93 W, 1965 MHz, 3996 MHz, 0 %, 0 MiB
2026/08/03 11:15:43.503, 6, P0, 33, 242.52 W, 1965 MHz, 3996 MHz, 0 %, 0 MiB
2026/08/03 11:15:43.503, 7, P0, 37, 243.35 W, 1965 MHz, 3996 MHz, 0 %, 0 MiB
2026/08/03 11:15:44.503, 0, P0, 37, 275.78 W, 1965 MHz, 3996 MHz, 86 %, 165669 MiB
2026/08/03 11:15:44.503, 1, P0, 34, 255.43 W, 1965 MHz, 3996 MHz, 7 %, 165669 MiB
2026/08/03 11:15:44.503, 2, P0, 36, 236.35 W, 1965 MHz, 3996 MHz, 0 %, 0 MiB
2026/08/03 11:15:44.503, 3, P0, 33, 238.84 W, 1965 MHz, 3996 MHz, 0 %, 0 MiB
2026/08/03 11:15:44.503, 4, P0, 33, 235.88 W, 1965 MHz, 3996 MHz, 0 %, 0 MiB
2026/08/03 11:15:44.503, 5, P0, 36, 244.85 W, 1965 MHz, 3996 MHz, 0 %, 0 MiB
2026/08/03 11:15:44.503, 6, P0, 33, 242.50 W, 1965 MHz, 3996 MHz, 0 %, 0 MiB
2026/08/03 11:15:44.503, 7, P0, 37, 243.38 W, 1965 MHz, 3996 MHz, 0 %, 0 MiB
2026/08/03 11:15:45.503, 0, P0, 37, 274.43 W, 1965 MHz, 3996 MHz, 78 %, 165669 MiB
2026/08/03 11:15:45.504, 1, P0, 34, 256.76 W, 1965 MHz, 3996 MHz, 7 %, 165669 MiB
2026/08/03 11:15:45.504, 2, P0, 36, 236.41 W, 1965 MHz, 3996 MHz, 0 %, 0 MiB
2026/08/03 11:15:45.504, 3, P0, 33, 238.71 W, 1965 MHz, 3996 MHz, 0 %, 0 MiB
2026/08/03 11:15:45.504, 4, P0, 33, 235.90 W, 1965 MHz, 3996 MHz, 0 %, 0 MiB
2026/08/03 11:15:45.504, 5, P0, 36, 244.88 W, 1965 MHz, 3996 MHz, 0 %, 0 MiB
2026/08/03 11:15:45.504, 6, P0, 33, 242.41 W, 1965 MHz, 3996 MHz, 0 %, 0 MiB
2026/08/03 11:15:45.504, 7, P0, 37, 243.43 W, 1965 MHz, 3996 MHz, 0 %, 0 MiB
2026/08/03 11:15:46.504, 0, P0, 37, 274.58 W, 1965 MHz, 3996 MHz, 77 %, 165669 MiB
2026/08/03 11:15:46.504, 1, P0, 34, 254.77 W, 1965 MHz, 3996 MHz, 7 %, 165669 MiB
2026/08/03 11:15:46.504, 2, P0, 36, 236.26 W, 1965 MHz, 3996 MHz, 0 %, 0 MiB
2026/08/03 11:15:46.504, 3, P0, 33, 238.82 W, 1965 MHz, 3996 MHz, 0 %, 0 MiB
2026/08/03 11:15:46.504, 4, P0, 33, 235.89 W, 1965 MHz, 3996 MHz, 0 %, 0 MiB
2026/08/03 11:15:46.504, 5, P0, 36, 244.89 W, 1965 MHz, 3996 MHz, 0 %, 0 MiB
2026/08/03 11:15:46.504, 6, P0, 33, 242.47 W, 1965 MHz, 3996 MHz, 0 %, 0 MiB
2026/08/03 11:15:46.504, 7, P0, 37, 243.49 W, 1965 MHz, 3996 MHz, 0 %, 0 MiB
2026/08/03 11:15:47.504, 0, P0, 37, 275.62 W, 1965 MHz, 3996 MHz, 83 %, 165669 MiB
2026/08/03 11:15:47.504, 1, P0, 34, 255.60 W, 1965 MHz, 3996 MHz, 7 %, 165669 MiB
2026/08/03 11:15:47.505, 2, P0, 36, 236.33 W, 1965 MHz, 3996 MHz, 0 %, 0 MiB
2026/08/03 11:15:47.505, 3, P0, 33, 238.75 W, 1965 MHz, 3996 MHz, 0 %, 0 MiB
2026/08/03 11:15:47.505, 4, P0, 33, 235.89 W, 1965 MHz, 3996 MHz, 0 %, 0 MiB
2026/08/03 11:15:47.505, 5, P0, 36, 244.88 W, 1965 MHz, 3996 MHz, 0 %, 0 MiB
2026/08/03 11:15:47.505, 6, P0, 33, 242.50 W, 1965 MHz, 3996 MHz, 0 %, 0 MiB
2026/08/03 11:15:47.505, 7, P0, 37, 243.45 W, 1965 MHz, 3996 MHz, 0 %, 0 MiB
2026/08/03 11:15:48.505, 0, P0, 37, 274.75 W, 1965 MHz, 3996 MHz, 85 %, 165669 MiB
2026/08/03 11:15:48.505, 1, P0, 34, 255.15 W, 1965 MHz, 3996 MHz, 7 %, 165669 MiB
2026/08/03 11:15:48.505, 2, P0, 36, 236.49 W, 1965 MHz, 3996 MHz, 0 %, 0 MiB
2026/08/03 11:15:48.505, 3, P0, 33, 238.76 W, 1965 MHz, 3996 MHz, 0 %, 0 MiB
2026/08/03 11:15:48.505, 4, P0, 33, 235.90 W, 1965 MHz, 3996 MHz, 0 %, 0 MiB
2026/08/03 11:15:48.505, 5, P0, 36, 244.90 W, 1965 MHz, 3996 MHz, 0 %, 0 MiB
2026/08/03 11:15:48.505, 6, P0, 33, 242.49 W, 1965 MHz, 3996 MHz, 0 %, 0 MiB
2026/08/03 11:15:48.505, 7, P0, 37, 243.44 W, 1965 MHz, 3996 MHz, 0 %, 0 MiB
2026/08/03 11:15:49.505, 0, P0, 37, 274.00 W, 1965 MHz, 3996 MHz, 91 %, 165669 MiB
2026/08/03 11:15:49.505, 1, P0, 34, 255.48 W, 1965 MHz, 3996 MHz, 7 %, 165669 MiB
2026/08/03 11:15:49.505, 2, P0, 36, 236.40 W, 1965 MHz, 3996 MHz, 0 %, 0 MiB
2026/08/03 11:15:49.505, 3, P0, 33, 238.74 W, 1965 MHz, 3996 MHz, 0 %, 0 MiB
2026/08/03 11:15:49.505, 4, P0, 33, 235.89 W, 1965 MHz, 3996 MHz, 0 %, 0 MiB
2026/08/03 11:15:49.505, 5, P0, 36, 244.86 W, 1965 MHz, 3996 MHz, 0 %, 0 MiB
2026/08/03 11:15:49.505, 6, P0, 33, 242.49 W, 1965 MHz, 3996 MHz, 0 %, 0 MiB
2026/08/03 11:15:49.505, 7, P0, 37, 243.45 W, 1965 MHz, 3996 MHz, 0 %, 0 MiB
2026/08/03 11:15:50.505, 0, P0, 37, 274.36 W, 1965 MHz, 3996 MHz, 88 %, 165669 MiB
2026/08/03 11:15:50.505, 1, P0, 34, 255.26 W, 1965 MHz, 3996 MHz, 7 %, 165669 MiB
2026/08/03 11:15:50.505, 2, P0, 36, 236.42 W, 1965 MHz, 3996 MHz, 0 %, 0 MiB
2026/08/03 11:15:50.505, 3, P0, 33, 238.76 W, 1965 MHz, 3996 MHz, 0 %, 0 MiB
2026/08/03 11:15:50.506, 4, P0, 33, 235.89 W, 1965 MHz, 3996 MHz, 0 %, 0 MiB
2026/08/03 11:15:50.506, 5, P0, 36, 244.84 W, 1965 MHz, 3996 MHz, 0 %, 0 MiB
2026/08/03 11:15:50.506, 6, P0, 33, 242.51 W, 1965 MHz, 3996 MHz, 0 %, 0 MiB
2026/08/03 11:15:50.506, 7, P0, 37, 243.43 W, 1965 MHz, 3996 MHz, 0 %, 0 MiB
2026/08/03 11:15:51.506, 0, P0, 37, 274.18 W, 1965 MHz, 3996 MHz, 87 %, 165669 MiB
2026/08/03 11:15:51.506, 1, P0, 34, 256.38 W, 1965 MHz, 3996 MHz, 7 %, 165669 MiB
2026/08/03 11:15:51.506, 2, P0, 36, 236.38 W, 1965 MHz, 3996 MHz, 0 %, 0 MiB
2026/08/03 11:15:51.506, 3, P0, 33, 238.76 W, 1965 MHz, 3996 MHz, 0 %, 0 MiB
2026/08/03 11:15:51.506, 4, P0, 33, 235.90 W, 1965 MHz, 3996 MHz, 0 %, 0 MiB
2026/08/03 11:15:51.506, 5, P0, 36, 244.88 W, 1965 MHz, 3996 MHz, 0 %, 0 MiB
2026/08/03 11:15:51.506, 6, P0, 33, 242.52 W, 1965 MHz, 3996 MHz, 0 %, 0 MiB
2026/08/03 11:15:51.506, 7, P0, 37, 243.37 W, 1965 MHz, 3996 MHz, 0 %, 0 MiB
2026/08/03 11:15:52.506, 0, P0, 37, 272.92 W, 1965 MHz, 3996 MHz, 66 %, 165669 MiB
2026/08/03 11:15:52.506, 1, P0, 34, 254.75 W, 1965 MHz, 3996 MHz, 7 %, 165669 MiB
2026/08/03 11:15:52.506, 2, P0, 36, 236.46 W, 1965 MHz, 3996 MHz, 0 %, 0 MiB
2026/08/03 11:15:52.506, 3, P0, 33, 238.76 W, 1965 MHz, 3996 MHz, 0 %, 0 MiB
2026/08/03 11:15:52.506, 4, P0, 33, 235.89 W, 1965 MHz, 3996 MHz, 0 %, 0 MiB
2026/08/03 11:15:52.506, 5, P0, 36, 244.78 W, 1965 MHz, 3996 MHz, 0 %, 0 MiB
2026/08/03 11:15:52.506, 6, P0, 33, 242.49 W, 1965 MHz, 3996 MHz, 0 %, 0 MiB
2026/08/03 11:15:52.506, 7, P0, 37, 243.43 W, 1965 MHz, 3996 MHz, 0 %, 0 MiB
2026/08/03 11:15:53.506, 0, P0, 37, 273.96 W, 1965 MHz, 3996 MHz, 70 %, 165669 MiB
2026/08/03 11:15:53.507, 1, P0, 34, 254.90 W, 1965 MHz, 3996 MHz, 7 %, 165669 MiB
2026/08/03 11:15:53.507, 2, P0, 36, 236.42 W, 1965 MHz, 3996 MHz, 0 %, 0 MiB
2026/08/03 11:15:53.507, 3, P0, 33, 238.76 W, 1965 MHz, 3996 MHz, 0 %, 0 MiB
2026/08/03 11:15:53.507, 4, P0, 33, 235.90 W, 1965 MHz, 3996 MHz, 0 %, 0 MiB
2026/08/03 11:15:53.507, 5, P0, 36, 244.85 W, 1965 MHz, 3996 MHz, 0 %, 0 MiB
2026/08/03 11:15:53.507, 6, P0, 33, 242.48 W, 1965 MHz, 3996 MHz, 0 %, 0 MiB
2026/08/03 11:15:53.507, 7, P0, 37, 243.39 W, 1965 MHz, 3996 MHz, 0 %, 0 MiB
2026/08/03 11:15:54.507, 0, P0, 37, 273.96 W, 1965 MHz, 3996 MHz, 82 %, 165669 MiB
2026/08/03 11:15:54.507, 1, P0, 34, 255.47 W, 1965 MHz, 3996 MHz, 7 %, 165669 MiB
2026/08/03 11:15:54.507, 2, P0, 36, 236.42 W, 1965 MHz, 3996 MHz, 0 %, 0 MiB
2026/08/03 11:15:54.507, 3, P0, 33, 238.68 W, 1965 MHz, 3996 MHz, 0 %, 0 MiB
2026/08/03 11:15:54.507, 4, P0, 33, 235.86 W, 1965 MHz, 3996 MHz, 0 %, 0 MiB
2026/08/03 11:15:54.507, 5, P0, 36, 244.84 W, 1965 MHz, 3996 MHz, 0 %, 0 MiB
2026/08/03 11:15:54.507, 6, P0, 33, 242.51 W, 1965 MHz, 3996 MHz, 0 %, 0 MiB
2026/08/03 11:15:54.507, 7, P0, 37, 243.46 W, 1965 MHz, 3996 MHz, 0 %, 0 MiB
2026/08/03 11:15:55.507, 0, P0, 37, 275.84 W, 1965 MHz, 3996 MHz, 87 %, 165669 MiB
2026/08/03 11:15:55.507, 1, P0, 34, 255.32 W, 1965 MHz, 3996 MHz, 7 %, 165669 MiB
2026/08/03 11:15:55.507, 2, P0, 36, 236.51 W, 1965 MHz, 3996 MHz, 0 %, 0 MiB
2026/08/03 11:15:55.507, 3, P0, 33, 238.81 W, 1965 MHz, 3996 MHz, 0 %, 0 MiB
2026/08/03 11:15:55.507, 4, P0, 33, 235.90 W, 1965 MHz, 3996 MHz, 0 %, 0 MiB
2026/08/03 11:15:55.507, 5, P0, 36, 244.85 W, 1965 MHz, 3996 MHz, 0 %, 0 MiB
2026/08/03 11:15:55.507, 6, P0, 33, 242.52 W, 1965 MHz, 3996 MHz, 0 %, 0 MiB
2026/08/03 11:15:55.507, 7, P0, 37, 243.45 W, 1965 MHz, 3996 MHz, 0 %, 0 MiB
2026/08/03 11:15:56.507, 0, P0, 37, 275.11 W, 1965 MHz, 3996 MHz, 91 %, 165669 MiB
2026/08/03 11:15:56.507, 1, P0, 34, 254.65 W, 1965 MHz, 3996 MHz, 7 %, 165669 MiB
2026/08/03 11:15:56.507, 2, P0, 36, 236.35 W, 1965 MHz, 3996 MHz, 0 %, 0 MiB
2026/08/03 11:15:56.507, 3, P0, 33, 238.79 W, 1965 MHz, 3996 MHz, 0 %, 0 MiB
2026/08/03 11:15:56.507, 4, P0, 33, 235.89 W, 1965 MHz, 3996 MHz, 0 %, 0 MiB
2026/08/03 11:15:56.507, 5, P0, 36, 244.91 W, 1965 MHz, 3996 MHz, 0 %, 0 MiB
2026/08/03 11:15:56.507, 6, P0, 33, 242.51 W, 1965 MHz, 3996 MHz, 0 %, 0 MiB
2026/08/03 11:15:56.507, 7, P0, 37, 243.46 W, 1965 MHz, 3996 MHz, 0 %, 0 MiB
2026/08/03 11:15:57.507, 0, P0, 37, 275.51 W, 1965 MHz, 3996 MHz, 87 %, 165669 MiB
2026/08/03 11:15:57.508, 1, P0, 34, 254.59 W, 1965 MHz, 3996 MHz, 7 %, 165669 MiB
2026/08/03 11:15:57.508, 2, P0, 36, 236.39 W, 1965 MHz, 3996 MHz, 0 %, 0 MiB
2026/08/03 11:15:57.508, 3, P0, 33, 238.72 W, 1965 MHz, 3996 MHz, 0 %, 0 MiB
2026/08/03 11:15:57.508, 4, P0, 33, 235.91 W, 1965 MHz, 3996 MHz, 0 %, 0 MiB
2026/08/03 11:15:57.508, 5, P0, 36, 245.00 W, 1965 MHz, 3996 MHz, 0 %, 0 MiB
2026/08/03 11:15:57.508, 6, P0, 33, 242.54 W, 1965 MHz, 3996 MHz, 0 %, 0 MiB
2026/08/03 11:15:57.508, 7, P0, 37, 243.43 W, 1965 MHz, 3996 MHz, 0 %, 0 MiB
2026/08/03 11:15:58.508, 0, P0, 37, 274.21 W, 1965 MHz, 3996 MHz, 81 %, 165669 MiB
2026/08/03 11:15:58.508, 1, P0, 34, 255.08 W, 1965 MHz, 3996 MHz, 7 %, 165669 MiB
2026/08/03 11:15:58.508, 2, P0, 36, 236.33 W, 1965 MHz, 3996 MHz, 0 %, 0 MiB
2026/08/03 11:15:58.508, 3, P0, 33, 238.70 W, 1965 MHz, 3996 MHz, 0 %, 0 MiB
2026/08/03 11:15:58.508, 4, P0, 33, 235.91 W, 1965 MHz, 3996 MHz, 0 %, 0 MiB
2026/08/03 11:15:58.508, 5, P0, 36, 244.90 W, 1965 MHz, 3996 MHz, 0 %, 0 MiB
2026/08/03 11:15:58.508, 6, P0, 33, 242.44 W, 1965 MHz, 3996 MHz, 0 %, 0 MiB
2026/08/03 11:15:58.508, 7, P0, 37, 243.35 W, 1965 MHz, 3996 MHz, 0 %, 0 MiB
2026/08/03 11:15:59.508, 0, P0, 37, 274.98 W, 1965 MHz, 3996 MHz, 81 %, 165669 MiB
2026/08/03 11:15:59.508, 1, P0, 34, 255.79 W, 1965 MHz, 3996 MHz, 7 %, 165669 MiB
2026/08/03 11:15:59.508, 2, P0, 36, 236.29 W, 1965 MHz, 3996 MHz, 0 %, 0 MiB
2026/08/03 11:15:59.508, 3, P0, 33, 238.79 W, 1965 MHz, 3996 MHz, 0 %, 0 MiB
2026/08/03 11:15:59.508, 4, P0, 33, 235.89 W, 1965 MHz, 3996 MHz, 0 %, 0 MiB
2026/08/03 11:15:59.508, 5, P0, 36, 244.90 W, 1965 MHz, 3996 MHz, 0 %, 0 MiB
2026/08/03 11:15:59.508, 6, P0, 33, 242.50 W, 1965 MHz, 3996 MHz, 0 %, 0 MiB
2026/08/03 11:15:59.508, 7, P0, 37, 243.45 W, 1965 MHz, 3996 MHz, 0 %, 0 MiB
2026/08/03 11:16:00.508, 0, P0, 37, 273.14 W, 1965 MHz, 3996 MHz, 82 %, 165669 MiB
2026/08/03 11:16:00.508, 1, P0, 34, 254.00 W, 1965 MHz, 3996 MHz, 7 %, 165669 MiB
2026/08/03 11:16:00.508, 2, P0, 36, 236.33 W, 1965 MHz, 3996 MHz, 0 %, 0 MiB
2026/08/03 11:16:00.508, 3, P0, 33, 238.62 W, 1965 MHz, 3996 MHz, 0 %, 0 MiB
2026/08/03 11:16:00.508, 4, P0, 33, 235.90 W, 1965 MHz, 3996 MHz, 0 %, 0 MiB
2026/08/03 11:16:00.508, 5, P0, 36, 244.89 W, 1965 MHz, 3996 MHz, 0 %, 0 MiB
2026/08/03 11:16:00.508, 6, P0, 33, 242.50 W, 1965 MHz, 3996 MHz, 0 %, 0 MiB
2026/08/03 11:16:00.508, 7, P0, 37, 243.46 W, 1965 MHz, 3996 MHz, 0 %, 0 MiB
2026/08/03 11:16:01.509, 0, P0, 37, 274.97 W, 1965 MHz, 3996 MHz, 85 %, 165669 MiB
2026/08/03 11:16:01.509, 1, P0, 34, 255.00 W, 1965 MHz, 3996 MHz, 7 %, 165669 MiB
2026/08/03 11:16:01.509, 2, P0, 36, 236.43 W, 1965 MHz, 3996 MHz, 0 %, 0 MiB
2026/08/03 11:16:01.509, 3, P0, 33, 238.71 W, 1965 MHz, 3996 MHz, 0 %, 0 MiB
2026/08/03 11:16:01.509, 4, P0, 33, 235.89 W, 1965 MHz, 3996 MHz, 0 %, 0 MiB
2026/08/03 11:16:01.509, 5, P0, 36, 244.86 W, 1965 MHz, 3996 MHz, 0 %, 0 MiB
2026/08/03 11:16:01.509, 6, P0, 33, 242.49 W, 1965 MHz, 3996 MHz, 0 %, 0 MiB
2026/08/03 11:16:01.509, 7, P0, 37, 243.46 W, 1965 MHz, 3996 MHz, 0 %, 0 MiB
2026/08/03 11:16:02.509, 0, P0, 37, 275.68 W, 1965 MHz, 3996 MHz, 90 %, 165669 MiB
2026/08/03 11:16:02.509, 1, P0, 34, 254.82 W, 1965 MHz, 3996 MHz, 7 %, 165669 MiB
2026/08/03 11:16:02.509, 2, P0, 36, 236.38 W, 1965 MHz, 3996 MHz, 0 %, 0 MiB
2026/08/03 11:16:02.509, 3, P0, 33, 238.85 W, 1965 MHz, 3996 MHz, 0 %, 0 MiB
2026/08/03 11:16:02.509, 4, P0, 33, 235.92 W, 1965 MHz, 3996 MHz, 0 %, 0 MiB
2026/08/03 11:16:02.509, 5, P0, 36, 244.86 W, 1965 MHz, 3996 MHz, 0 %, 0 MiB
2026/08/03 11:16:02.509, 6, P0, 33, 242.49 W, 1965 MHz, 3996 MHz, 0 %, 0 MiB
2026/08/03 11:16:02.509, 7, P0, 37, 243.42 W, 1965 MHz, 3996 MHz, 0 %, 0 MiB
2026/08/03 11:16:03.509, 0, P0, 37, 274.71 W, 1965 MHz, 3996 MHz, 88 %, 165669 MiB
2026/08/03 11:16:03.509, 1, P0, 34, 256.52 W, 1965 MHz, 3996 MHz, 7 %, 165669 MiB
2026/08/03 11:16:03.509, 2, P0, 36, 236.38 W, 1965 MHz, 3996 MHz, 0 %, 0 MiB
2026/08/03 11:16:03.509, 3, P0, 33, 238.80 W, 1965 MHz, 3996 MHz, 0 %, 0 MiB
2026/08/03 11:16:03.509, 4, P0, 33, 235.91 W, 1965 MHz, 3996 MHz, 0 %, 0 MiB
2026/08/03 11:16:03.509, 5, P0, 36, 244.91 W, 1965 MHz, 3996 MHz, 0 %, 0 MiB
2026/08/03 11:16:03.509, 6, P0, 33, 242.47 W, 1965 MHz, 3996 MHz, 0 %, 0 MiB
2026/08/03 11:16:03.509, 7, P0, 37, 243.41 W, 1965 MHz, 3996 MHz, 0 %, 0 MiB
2026/08/03 11:16:04.509, 0, P0, 37, 276.25 W, 1965 MHz, 3996 MHz, 73 %, 165669 MiB
2026/08/03 11:16:04.509, 1, P0, 34, 255.70 W, 1965 MHz, 3996 MHz, 7 %, 165669 MiB
2026/08/03 11:16:04.509, 2, P0, 36, 236.38 W, 1965 MHz, 3996 MHz, 0 %, 0 MiB
2026/08/03 11:16:04.509, 3, P0, 33, 238.80 W, 1965 MHz, 3996 MHz, 0 %, 0 MiB
2026/08/03 11:16:04.509, 4, P0, 33, 235.91 W, 1965 MHz, 3996 MHz, 0 %, 0 MiB
2026/08/03 11:16:04.509, 5, P0, 36, 244.89 W, 1965 MHz, 3996 MHz, 0 %, 0 MiB
2026/08/03 11:16:04.510, 6, P0, 33, 242.58 W, 1965 MHz, 3996 MHz, 0 %, 0 MiB
2026/08/03 11:16:04.510, 7, P0, 37, 243.43 W, 1965 MHz, 3996 MHz, 0 %, 0 MiB
2026/08/03 11:16:05.510, 0, P0, 37, 275.61 W, 1965 MHz, 3996 MHz, 73 %, 165669 MiB
2026/08/03 11:16:05.510, 1, P0, 34, 254.73 W, 1965 MHz, 3996 MHz, 7 %, 165669 MiB
2026/08/03 11:16:05.510, 2, P0, 36, 236.33 W, 1965 MHz, 3996 MHz, 0 %, 0 MiB
2026/08/03 11:16:05.510, 3, P0, 33, 238.75 W, 1965 MHz, 3996 MHz, 0 %, 0 MiB
2026/08/03 11:16:05.510, 4, P0, 33, 235.90 W, 1965 MHz, 3996 MHz, 0 %, 0 MiB
2026/08/03 11:16:05.510, 5, P0, 36, 244.90 W, 1965 MHz, 3996 MHz, 0 %, 0 MiB
2026/08/03 11:16:05.510, 6, P0, 33, 242.63 W, 1965 MHz, 3996 MHz, 0 %, 0 MiB
2026/08/03 11:16:05.510, 7, P0, 37, 243.32 W, 1965 MHz, 3996 MHz, 0 %, 0 MiB
2026/08/03 11:16:06.510, 0, P0, 37, 275.54 W, 1965 MHz, 3996 MHz, 81 %, 165669 MiB
2026/08/03 11:16:06.510, 1, P0, 34, 255.43 W, 1965 MHz, 3996 MHz, 7 %, 165669 MiB
2026/08/03 11:16:06.510, 2, P0, 36, 236.39 W, 1965 MHz, 3996 MHz, 0 %, 0 MiB
2026/08/03 11:16:06.510, 3, P0, 33, 238.78 W, 1965 MHz, 3996 MHz, 0 %, 0 MiB
2026/08/03 11:16:06.510, 4, P0, 33, 235.91 W, 1965 MHz, 3996 MHz, 0 %, 0 MiB
2026/08/03 11:16:06.510, 5, P0, 36, 244.82 W, 1965 MHz, 3996 MHz, 0 %, 0 MiB
2026/08/03 11:16:06.510, 6, P0, 33, 242.48 W, 1965 MHz, 3996 MHz, 0 %, 0 MiB
2026/08/03 11:16:06.510, 7, P0, 37, 243.43 W, 1965 MHz, 3996 MHz, 0 %, 0 MiB
2026/08/03 11:16:07.510, 0, P0, 37, 274.18 W, 1965 MHz, 3996 MHz, 84 %, 165669 MiB
2026/08/03 11:16:07.510, 1, P0, 34, 255.48 W, 1965 MHz, 3996 MHz, 7 %, 165669 MiB
2026/08/03 11:16:07.510, 2, P0, 36, 236.38 W, 1965 MHz, 3996 MHz, 0 %, 0 MiB
2026/08/03 11:16:07.510, 3, P0, 33, 238.68 W, 1965 MHz, 3996 MHz, 0 %, 0 MiB
2026/08/03 11:16:07.510, 4, P0, 33, 235.91 W, 1965 MHz, 3996 MHz, 0 %, 0 MiB
2026/08/03 11:16:07.510, 5, P0, 36, 244.83 W, 1965 MHz, 3996 MHz, 0 %, 0 MiB
2026/08/03 11:16:07.510, 6, P0, 33, 242.62 W, 1965 MHz, 3996 MHz, 0 %, 0 MiB
2026/08/03 11:16:07.510, 7, P0, 37, 243.37 W, 1965 MHz, 3996 MHz, 0 %, 0 MiB
2026/08/03 11:16:08.511, 0, P0, 37, 273.46 W, 1965 MHz, 3996 MHz, 90 %, 165669 MiB
2026/08/03 11:16:08.511, 1, P0, 34, 255.48 W, 1965 MHz, 3996 MHz, 8 %, 165669 MiB
2026/08/03 11:16:08.511, 2, P0, 36, 236.39 W, 1965 MHz, 3996 MHz, 0 %, 0 MiB
2026/08/03 11:16:08.511, 3, P0, 33, 238.70 W, 1965 MHz, 3996 MHz, 0 %, 0 MiB
2026/08/03 11:16:08.511, 4, P0, 33, 235.90 W, 1965 MHz, 3996 MHz, 0 %, 0 MiB
2026/08/03 11:16:08.511, 5, P0, 36, 244.92 W, 1965 MHz, 3996 MHz, 0 %, 0 MiB
2026/08/03 11:16:08.511, 6, P0, 33, 242.48 W, 1965 MHz, 3996 MHz, 0 %, 0 MiB
2026/08/03 11:16:08.511, 7, P0, 37, 243.31 W, 1965 MHz, 3996 MHz, 0 %, 0 MiB
2026/08/03 11:16:09.511, 0, P0, 37, 274.40 W, 1965 MHz, 3996 MHz, 88 %, 165669 MiB
2026/08/03 11:16:09.511, 1, P0, 34, 254.66 W, 1965 MHz, 3996 MHz, 7 %, 165669 MiB
2026/08/03 11:16:09.511, 2, P0, 36, 236.40 W, 1965 MHz, 3996 MHz, 0 %, 0 MiB
2026/08/03 11:16:09.511, 3, P0, 33, 238.77 W, 1965 MHz, 3996 MHz, 0 %, 0 MiB
2026/08/03 11:16:09.511, 4, P0, 33, 235.89 W, 1965 MHz, 3996 MHz, 0 %, 0 MiB
2026/08/03 11:16:09.511, 5, P0, 36, 244.93 W, 1965 MHz, 3996 MHz, 0 %, 0 MiB
2026/08/03 11:16:09.511, 6, P0, 33, 242.57 W, 1965 MHz, 3996 MHz, 0 %, 0 MiB
2026/08/03 11:16:09.511, 7, P0, 37, 243.41 W, 1965 MHz, 3996 MHz, 0 %, 0 MiB
2026/08/03 11:16:10.511, 0, P0, 37, 274.24 W, 1965 MHz, 3996 MHz, 80 %, 165669 MiB
2026/08/03 11:16:10.511, 1, P0, 34, 254.67 W, 1965 MHz, 3996 MHz, 7 %, 165669 MiB
2026/08/03 11:16:10.511, 2, P0, 36, 236.41 W, 1965 MHz, 3996 MHz, 0 %, 0 MiB
2026/08/03 11:16:10.511, 3, P0, 33, 238.78 W, 1965 MHz, 3996 MHz, 0 %, 0 MiB
2026/08/03 11:16:10.511, 4, P0, 33, 235.89 W, 1965 MHz, 3996 MHz, 0 %, 0 MiB
2026/08/03 11:16:10.511, 5, P0, 36, 245.01 W, 1965 MHz, 3996 MHz, 0 %, 0 MiB
2026/08/03 11:16:10.511, 6, P0, 33, 242.48 W, 1965 MHz, 3996 MHz, 0 %, 0 MiB
2026/08/03 11:16:10.511, 7, P0, 37, 243.47 W, 1965 MHz, 3996 MHz, 0 %, 0 MiB
2026/08/03 11:16:11.511, 0, P0, 37, 274.16 W, 1965 MHz, 3996 MHz, 83 %, 165669 MiB
2026/08/03 11:16:11.512, 1, P0, 34, 254.94 W, 1965 MHz, 3996 MHz, 7 %, 165669 MiB
2026/08/03 11:16:11.512, 2, P0, 36, 236.35 W, 1965 MHz, 3996 MHz, 0 %, 0 MiB
2026/08/03 11:16:11.512, 3, P0, 33, 238.76 W, 1965 MHz, 3996 MHz, 0 %, 0 MiB
2026/08/03 11:16:11.512, 4, P0, 33, 235.89 W, 1965 MHz, 3996 MHz, 0 %, 0 MiB
2026/08/03 11:16:11.512, 5, P0, 36, 244.95 W, 1965 MHz, 3996 MHz, 0 %, 0 MiB
2026/08/03 11:16:11.512, 6, P0, 33, 242.51 W, 1965 MHz, 3996 MHz, 0 %, 0 MiB
2026/08/03 11:16:11.512, 7, P0, 37, 243.38 W, 1965 MHz, 3996 MHz, 0 %, 0 MiB
2026/08/03 11:16:12.512, 0, P0, 37, 274.50 W, 1965 MHz, 3996 MHz, 88 %, 165669 MiB
2026/08/03 11:16:12.512, 1, P0, 34, 254.96 W, 1965 MHz, 3996 MHz, 7 %, 165669 MiB
2026/08/03 11:16:12.512, 2, P0, 36, 236.41 W, 1965 MHz, 3996 MHz, 0 %, 0 MiB
2026/08/03 11:16:12.512, 3, P0, 33, 238.79 W, 1965 MHz, 3996 MHz, 0 %, 0 MiB
2026/08/03 11:16:12.512, 4, P0, 33, 235.88 W, 1965 MHz, 3996 MHz, 0 %, 0 MiB
2026/08/03 11:16:12.512, 5, P0, 36, 244.92 W, 1965 MHz, 3996 MHz, 0 %, 0 MiB
2026/08/03 11:16:12.512, 6, P0, 33, 242.56 W, 1965 MHz, 3996 MHz, 0 %, 0 MiB
2026/08/03 11:16:12.512, 7, P0, 37, 243.40 W, 1965 MHz, 3996 MHz, 0 %, 0 MiB
2026/08/03 11:16:13.512, 0, P0, 37, 273.81 W, 1965 MHz, 3996 MHz, 91 %, 165669 MiB
2026/08/03 11:16:13.512, 1, P0, 34, 255.32 W, 1965 MHz, 3996 MHz, 7 %, 165669 MiB
2026/08/03 11:16:13.512, 2, P0, 36, 236.44 W, 1965 MHz, 3996 MHz, 0 %, 0 MiB
2026/08/03 11:16:13.512, 3, P0, 33, 238.80 W, 1965 MHz, 3996 MHz, 0 %, 0 MiB
2026/08/03 11:16:13.512, 4, P0, 33, 235.92 W, 1965 MHz, 3996 MHz, 0 %, 0 MiB
2026/08/03 11:16:13.512, 5, P0, 36, 244.90 W, 1965 MHz, 3996 MHz, 0 %, 0 MiB
2026/08/03 11:16:13.512, 6, P0, 33, 242.53 W, 1965 MHz, 3996 MHz, 0 %, 0 MiB
2026/08/03 11:16:13.512, 7, P0, 37, 243.41 W, 1965 MHz, 3996 MHz, 0 %, 0 MiB
2026/08/03 11:16:14.512, 0, P0, 37, 274.69 W, 1965 MHz, 3996 MHz, 85 %, 165669 MiB
2026/08/03 11:16:14.512, 1, P0, 34, 255.07 W, 1965 MHz, 3996 MHz, 7 %, 165669 MiB
2026/08/03 11:16:14.512, 2, P0, 36, 236.37 W, 1965 MHz, 3996 MHz, 0 %, 0 MiB
2026/08/03 11:16:14.513, 3, P0, 33, 238.77 W, 1965 MHz, 3996 MHz, 0 %, 0 MiB
2026/08/03 11:16:14.513, 4, P0, 33, 235.89 W, 1965 MHz, 3996 MHz, 0 %, 0 MiB
2026/08/03 11:16:14.513, 5, P0, 36, 244.88 W, 1965 MHz, 3996 MHz, 0 %, 0 MiB
2026/08/03 11:16:14.513, 6, P0, 33, 242.59 W, 1965 MHz, 3996 MHz, 0 %, 0 MiB
2026/08/03 11:16:14.513, 7, P0, 37, 243.49 W, 1965 MHz, 3996 MHz, 0 %, 0 MiB
2026/08/03 11:16:15.513, 0, P0, 37, 274.44 W, 1965 MHz, 3996 MHz, 81 %, 165669 MiB
2026/08/03 11:16:15.513, 1, P0, 34, 254.96 W, 1965 MHz, 3996 MHz, 7 %, 165669 MiB
2026/08/03 11:16:15.513, 2, P0, 36, 236.29 W, 1965 MHz, 3996 MHz, 0 %, 0 MiB
2026/08/03 11:16:15.513, 3, P0, 33, 238.72 W, 1965 MHz, 3996 MHz, 0 %, 0 MiB
2026/08/03 11:16:15.513, 4, P0, 33, 235.89 W, 1965 MHz, 3996 MHz, 0 %, 0 MiB
2026/08/03 11:16:15.513, 5, P0, 36, 244.96 W, 1965 MHz, 3996 MHz, 0 %, 0 MiB
2026/08/03 11:16:15.513, 6, P0, 33, 242.52 W, 1965 MHz, 3996 MHz, 0 %, 0 MiB
2026/08/03 11:16:15.513, 7, P0, 37, 243.48 W, 1965 MHz, 3996 MHz, 0 %, 0 MiB
2026/08/03 11:16:16.513, 0, P0, 37, 274.94 W, 1965 MHz, 3996 MHz, 79 %, 165669 MiB
2026/08/03 11:16:16.513, 1, P0, 34, 253.80 W, 1965 MHz, 3996 MHz, 7 %, 165669 MiB
2026/08/03 11:16:16.513, 2, P0, 36, 236.39 W, 1965 MHz, 3996 MHz, 0 %, 0 MiB
2026/08/03 11:16:16.513, 3, P0, 33, 238.71 W, 1965 MHz, 3996 MHz, 0 %, 0 MiB
2026/08/03 11:16:16.513, 4, P0, 33, 235.90 W, 1965 MHz, 3996 MHz, 0 %, 0 MiB
2026/08/03 11:16:16.513, 5, P0, 36, 244.95 W, 1965 MHz, 3996 MHz, 0 %, 0 MiB
2026/08/03 11:16:16.513, 6, P0, 33, 242.45 W, 1965 MHz, 3996 MHz, 0 %, 0 MiB
2026/08/03 11:16:16.513, 7, P0, 37, 243.41 W, 1965 MHz, 3996 MHz, 0 %, 0 MiB
2026/08/03 11:16:17.513, 0, P0, 37, 273.09 W, 1965 MHz, 3996 MHz, 85 %, 165669 MiB
2026/08/03 11:16:17.513, 1, P0, 34, 255.21 W, 1965 MHz, 3996 MHz, 7 %, 165669 MiB
2026/08/03 11:16:17.513, 2, P0, 36, 236.33 W, 1965 MHz, 3996 MHz, 0 %, 0 MiB
2026/08/03 11:16:17.513, 3, P0, 33, 238.76 W, 1965 MHz, 3996 MHz, 0 %, 0 MiB
2026/08/03 11:16:17.513, 4, P0, 33, 235.92 W, 1965 MHz, 3996 MHz, 0 %, 0 MiB
2026/08/03 11:16:17.513, 5, P0, 36, 244.91 W, 1965 MHz, 3996 MHz, 0 %, 0 MiB
2026/08/03 11:16:17.513, 6, P0, 33, 242.46 W, 1965 MHz, 3996 MHz, 0 %, 0 MiB
2026/08/03 11:16:17.513, 7, P0, 37, 243.41 W, 1965 MHz, 3996 MHz, 0 %, 0 MiB
2026/08/03 11:16:18.514, 0, P0, 50, 764.41 W, 1605 MHz, 3996 MHz, 100 %, 169797 MiB
2026/08/03 11:16:18.514, 1, P0, 46, 698.58 W, 1590 MHz, 3996 MHz, 100 %, 169797 MiB
2026/08/03 11:16:18.514, 2, P0, 36, 236.30 W, 1965 MHz, 3996 MHz, 0 %, 0 MiB
2026/08/03 11:16:18.514, 3, P0, 33, 238.69 W, 1965 MHz, 3996 MHz, 0 %, 0 MiB
2026/08/03 11:16:18.514, 4, P0, 33, 235.95 W, 1965 MHz, 3996 MHz, 0 %, 0 MiB
2026/08/03 11:16:18.514, 5, P0, 36, 244.88 W, 1965 MHz, 3996 MHz, 0 %, 0 MiB
2026/08/03 11:16:18.514, 6, P0, 33, 242.49 W, 1965 MHz, 3996 MHz, 0 %, 0 MiB
2026/08/03 11:16:18.514, 7, P0, 37, 243.41 W, 1965 MHz, 3996 MHz, 0 %, 0 MiB
2026/08/03 11:16:19.514, 0, P0, 38, 359.07 W, 1965 MHz, 3996 MHz, 74 %, 169797 MiB
2026/08/03 11:16:19.514, 1, P0, 35, 389.48 W, 1965 MHz, 3996 MHz, 9 %, 169797 MiB
2026/08/03 11:16:19.514, 2, P0, 36, 236.26 W, 1965 MHz, 3996 MHz, 0 %, 0 MiB
2026/08/03 11:16:19.514, 3, P0, 33, 238.70 W, 1965 MHz, 3996 MHz, 0 %, 0 MiB
2026/08/03 11:16:19.514, 4, P0, 33, 235.93 W, 1965 MHz, 3996 MHz, 0 %, 0 MiB
2026/08/03 11:16:19.514, 5, P0, 36, 244.92 W, 1965 MHz, 3996 MHz, 0 %, 0 MiB
2026/08/03 11:16:19.514, 6, P0, 33, 242.52 W, 1965 MHz, 3996 MHz, 0 %, 0 MiB
2026/08/03 11:16:19.514, 7, P0, 37, 243.41 W, 1965 MHz, 3996 MHz, 0 %, 0 MiB
2026/08/03 11:16:20.514, 0, P0, 38, 288.22 W, 1965 MHz, 3996 MHz, 92 %, 169797 MiB
2026/08/03 11:16:20.514, 1, P0, 34, 267.02 W, 1965 MHz, 3996 MHz, 9 %, 169797 MiB
2026/08/03 11:16:20.514, 2, P0, 36, 236.40 W, 1965 MHz, 3996 MHz, 0 %, 0 MiB
2026/08/03 11:16:20.514, 3, P0, 33, 238.84 W, 1965 MHz, 3996 MHz, 0 %, 0 MiB
2026/08/03 11:16:20.514, 4, P0, 33, 235.91 W, 1965 MHz, 3996 MHz, 0 %, 0 MiB
2026/08/03 11:16:20.514, 5, P0, 36, 244.89 W, 1965 MHz, 3996 MHz, 0 %, 0 MiB
2026/08/03 11:16:20.514, 6, P0, 33, 242.52 W, 1965 MHz, 3996 MHz, 0 %, 0 MiB
2026/08/03 11:16:20.514, 7, P0, 37, 243.38 W, 1965 MHz, 3996 MHz, 0 %, 0 MiB
2026/08/03 11:16:21.514, 0, P0, 43, 833.71 W, 1942 MHz, 3996 MHz, 100 %, 169797 MiB
2026/08/03 11:16:21.514, 1, P0, 47, 824.38 W, 1612 MHz, 3996 MHz, 100 %, 169797 MiB
2026/08/03 11:16:21.515, 2, P0, 36, 236.35 W, 1965 MHz, 3996 MHz, 0 %, 0 MiB
2026/08/03 11:16:21.515, 3, P0, 33, 238.75 W, 1965 MHz, 3996 MHz, 0 %, 0 MiB
2026/08/03 11:16:21.515, 4, P0, 33, 235.96 W, 1965 MHz, 3996 MHz, 0 %, 0 MiB
2026/08/03 11:16:21.515, 5, P0, 36, 244.77 W, 1965 MHz, 3996 MHz, 0 %, 0 MiB
2026/08/03 11:16:21.515, 6, P0, 33, 242.49 W, 1965 MHz, 3996 MHz, 0 %, 0 MiB
2026/08/03 11:16:21.515, 7, P0, 37, 243.44 W, 1965 MHz, 3996 MHz, 0 %, 0 MiB
2026/08/03 11:16:22.515, 0, P0, 38, 291.14 W, 1965 MHz, 3996 MHz, 86 %, 169797 MiB
2026/08/03 11:16:22.515, 1, P0, 35, 270.58 W, 1965 MHz, 3996 MHz, 9 %, 169797 MiB
2026/08/03 11:16:22.515, 2, P0, 36, 236.31 W, 1965 MHz, 3996 MHz, 0 %, 0 MiB
2026/08/03 11:16:22.515, 3, P0, 33, 238.71 W, 1965 MHz, 3996 MHz, 0 %, 0 MiB
2026/08/03 11:16:22.515, 4, P0, 33, 235.88 W, 1965 MHz, 3996 MHz, 0 %, 0 MiB
2026/08/03 11:16:22.515, 5, P0, 36, 244.83 W, 1965 MHz, 3996 MHz, 0 %, 0 MiB
2026/08/03 11:16:22.515, 6, P0, 33, 242.47 W, 1965 MHz, 3996 MHz, 0 %, 0 MiB
2026/08/03 11:16:22.515, 7, P0, 37, 243.32 W, 1965 MHz, 3996 MHz, 0 %, 0 MiB
2026/08/03 11:16:23.515, 0, P0, 38, 288.34 W, 1965 MHz, 3996 MHz, 92 %, 169797 MiB
2026/08/03 11:16:23.515, 1, P0, 35, 269.65 W, 1965 MHz, 3996 MHz, 9 %, 169797 MiB
2026/08/03 11:16:23.515, 2, P0, 36, 236.28 W, 1965 MHz, 3996 MHz, 0 %, 0 MiB
2026/08/03 11:16:23.515, 3, P0, 33, 238.78 W, 1965 MHz, 3996 MHz, 0 %, 0 MiB
2026/08/03 11:16:23.515, 4, P0, 33, 235.89 W, 1965 MHz, 3996 MHz, 0 %, 0 MiB
2026/08/03 11:16:23.515, 5, P0, 36, 244.90 W, 1965 MHz, 3996 MHz, 0 %, 0 MiB
2026/08/03 11:16:23.515, 6, P0, 33, 242.48 W, 1965 MHz, 3996 MHz, 0 %, 0 MiB
2026/08/03 11:16:23.515, 7, P0, 37, 243.52 W, 1965 MHz, 3996 MHz, 0 %, 0 MiB
2026/08/03 11:16:24.515, 0, P0, 41, 815.04 W, 1965 MHz, 3996 MHz, 86 %, 169797 MiB
2026/08/03 11:16:24.515, 1, P0, 40, 824.91 W, 1965 MHz, 3996 MHz, 46 %, 169797 MiB
2026/08/03 11:16:24.515, 2, P0, 36, 236.33 W, 1965 MHz, 3996 MHz, 0 %, 0 MiB
2026/08/03 11:16:24.515, 3, P0, 32, 238.68 W, 1965 MHz, 3996 MHz, 0 %, 0 MiB
2026/08/03 11:16:24.515, 4, P0, 33, 235.90 W, 1965 MHz, 3996 MHz, 0 %, 0 MiB
2026/08/03 11:16:24.515, 5, P0, 36, 244.80 W, 1965 MHz, 3996 MHz, 0 %, 0 MiB
2026/08/03 11:16:24.515, 6, P0, 33, 242.54 W, 1965 MHz, 3996 MHz, 0 %, 0 MiB
2026/08/03 11:16:24.515, 7, P0, 37, 243.32 W, 1965 MHz, 3996 MHz, 0 %, 0 MiB
2026/08/03 11:16:25.516, 0, P0, 39, 290.64 W, 1965 MHz, 3996 MHz, 86 %, 169797 MiB
2026/08/03 11:16:25.516, 1, P0, 35, 272.09 W, 1965 MHz, 3996 MHz, 9 %, 169797 MiB
2026/08/03 11:16:25.516, 2, P0, 36, 236.37 W, 1965 MHz, 3996 MHz, 0 %, 0 MiB
2026/08/03 11:16:25.516, 3, P0, 32, 238.69 W, 1965 MHz, 3996 MHz, 0 %, 0 MiB
2026/08/03 11:16:25.516, 4, P0, 33, 235.90 W, 1965 MHz, 3996 MHz, 0 %, 0 MiB
2026/08/03 11:16:25.516, 5, P0, 36, 244.85 W, 1965 MHz, 3996 MHz, 0 %, 0 MiB
2026/08/03 11:16:25.516, 6, P0, 33, 242.45 W, 1965 MHz, 3996 MHz, 0 %, 0 MiB
2026/08/03 11:16:25.516, 7, P0, 37, 243.47 W, 1965 MHz, 3996 MHz, 0 %, 0 MiB
2026/08/03 11:16:26.516, 0, P0, 47, 423.92 W, 1665 MHz, 3996 MHz, 81 %, 169797 MiB
2026/08/03 11:16:26.516, 1, P0, 40, 351.68 W, 1642 MHz, 3996 MHz, 8 %, 169797 MiB
2026/08/03 11:16:26.516, 2, P0, 36, 236.43 W, 1965 MHz, 3996 MHz, 0 %, 0 MiB
2026/08/03 11:16:26.516, 3, P0, 32, 238.68 W, 1965 MHz, 3996 MHz, 0 %, 0 MiB
2026/08/03 11:16:26.516, 4, P0, 33, 235.91 W, 1965 MHz, 3996 MHz, 0 %, 0 MiB
2026/08/03 11:16:26.516, 5, P0, 36, 244.84 W, 1965 MHz, 3996 MHz, 0 %, 0 MiB
2026/08/03 11:16:26.516, 6, P0, 33, 242.48 W, 1965 MHz, 3996 MHz, 0 %, 0 MiB
2026/08/03 11:16:26.516, 7, P0, 37, 243.50 W, 1965 MHz, 3996 MHz, 0 %, 0 MiB
2026/08/03 11:16:27.516, 0, P0, 40, 684.60 W, 1965 MHz, 3996 MHz, 80 %, 169797 MiB
2026/08/03 11:16:27.516, 1, P0, 38, 758.21 W, 1965 MHz, 3996 MHz, 8 %, 169797 MiB
2026/08/03 11:16:27.516, 2, P0, 36, 236.44 W, 1965 MHz, 3996 MHz, 0 %, 0 MiB
2026/08/03 11:16:27.516, 3, P0, 32, 238.75 W, 1965 MHz, 3996 MHz, 0 %, 0 MiB
2026/08/03 11:16:27.516, 4, P0, 33, 235.91 W, 1965 MHz, 3996 MHz, 0 %, 0 MiB
2026/08/03 11:16:27.516, 5, P0, 36, 244.87 W, 1965 MHz, 3996 MHz, 0 %, 0 MiB
2026/08/03 11:16:27.516, 6, P0, 33, 242.48 W, 1965 MHz, 3996 MHz, 0 %, 0 MiB
2026/08/03 11:16:27.516, 7, P0, 37, 243.40 W, 1965 MHz, 3996 MHz, 0 %, 0 MiB
2026/08/03 11:16:28.516, 0, P0, 39, 286.85 W, 1965 MHz, 3996 MHz, 85 %, 169797 MiB
2026/08/03 11:16:28.517, 1, P0, 35, 265.13 W, 1965 MHz, 3996 MHz, 8 %, 169797 MiB
2026/08/03 11:16:28.517, 2, P0, 36, 236.47 W, 1965 MHz, 3996 MHz, 0 %, 0 MiB
2026/08/03 11:16:28.517, 3, P0, 32, 238.86 W, 1965 MHz, 3996 MHz, 0 %, 0 MiB
2026/08/03 11:16:28.517, 4, P0, 33, 235.89 W, 1965 MHz, 3996 MHz, 0 %, 0 MiB
2026/08/03 11:16:28.517, 5, P0, 36, 244.93 W, 1965 MHz, 3996 MHz, 0 %, 0 MiB
2026/08/03 11:16:28.517, 6, P0, 33, 242.55 W, 1965 MHz, 3996 MHz, 0 %, 0 MiB
2026/08/03 11:16:28.517, 7, P0, 37, 243.41 W, 1965 MHz, 3996 MHz, 0 %, 0 MiB
2026/08/03 11:16:29.517, 0, P0, 38, 285.15 W, 1965 MHz, 3996 MHz, 89 %, 169797 MiB
2026/08/03 11:16:29.517, 1, P0, 35, 264.81 W, 1965 MHz, 3996 MHz, 8 %, 169797 MiB
2026/08/03 11:16:29.517, 2, P0, 36, 236.37 W, 1965 MHz, 3996 MHz, 0 %, 0 MiB
2026/08/03 11:16:29.517, 3, P0, 32, 238.68 W, 1965 MHz, 3996 MHz, 0 %, 0 MiB
2026/08/03 11:16:29.517, 4, P0, 33, 235.89 W, 1965 MHz, 3996 MHz, 0 %, 0 MiB
2026/08/03 11:16:29.517, 5, P0, 36, 244.98 W, 1965 MHz, 3996 MHz, 0 %, 0 MiB
2026/08/03 11:16:29.517, 6, P0, 33, 242.47 W, 1965 MHz, 3996 MHz, 0 %, 0 MiB
2026/08/03 11:16:29.517, 7, P0, 37, 243.47 W, 1965 MHz, 3996 MHz, 0 %, 0 MiB
2026/08/03 11:16:30.517, 0, P0, 38, 285.98 W, 1965 MHz, 3996 MHz, 92 %, 169797 MiB
2026/08/03 11:16:30.517, 1, P0, 35, 264.89 W, 1965 MHz, 3996 MHz, 8 %, 169797 MiB
2026/08/03 11:16:30.517, 2, P0, 36, 236.44 W, 1965 MHz, 3996 MHz, 0 %, 0 MiB
2026/08/03 11:16:30.517, 3, P0, 32, 238.84 W, 1965 MHz, 3996 MHz, 0 %, 0 MiB
2026/08/03 11:16:30.517, 4, P0, 33, 235.88 W, 1965 MHz, 3996 MHz, 0 %, 0 MiB
2026/08/03 11:16:30.517, 5, P0, 36, 244.92 W, 1965 MHz, 3996 MHz, 0 %, 0 MiB
2026/08/03 11:16:30.517, 6, P0, 33, 242.49 W, 1965 MHz, 3996 MHz, 0 %, 0 MiB
2026/08/03 11:16:30.517, 7, P0, 37, 243.41 W, 1965 MHz, 3996 MHz, 0 %, 0 MiB
2026/08/03 11:16:31.517, 0, P0, 38, 282.07 W, 1965 MHz, 3996 MHz, 78 %, 169797 MiB
2026/08/03 11:16:31.517, 1, P0, 35, 262.89 W, 1965 MHz, 3996 MHz, 8 %, 169797 MiB
2026/08/03 11:16:31.517, 2, P0, 36, 236.51 W, 1965 MHz, 3996 MHz, 0 %, 0 MiB
2026/08/03 11:16:31.517, 3, P0, 32, 238.67 W, 1965 MHz, 3996 MHz, 0 %, 0 MiB
2026/08/03 11:16:31.517, 4, P0, 33, 235.87 W, 1965 MHz, 3996 MHz, 0 %, 0 MiB
2026/08/03 11:16:31.517, 5, P0, 36, 244.78 W, 1965 MHz, 3996 MHz, 0 %, 0 MiB
2026/08/03 11:16:31.517, 6, P0, 33, 242.45 W, 1965 MHz, 3996 MHz, 0 %, 0 MiB
2026/08/03 11:16:31.517, 7, P0, 37, 243.45 W, 1965 MHz, 3996 MHz, 0 %, 0 MiB
2026/08/03 11:16:32.518, 0, P0, 38, 283.85 W, 1965 MHz, 3996 MHz, 83 %, 169797 MiB
2026/08/03 11:16:32.518, 1, P0, 35, 263.63 W, 1965 MHz, 3996 MHz, 8 %, 169797 MiB
2026/08/03 11:16:32.518, 2, P0, 36, 236.46 W, 1965 MHz, 3996 MHz, 0 %, 0 MiB
2026/08/03 11:16:32.518, 3, P0, 32, 238.74 W, 1965 MHz, 3996 MHz, 0 %, 0 MiB
2026/08/03 11:16:32.518, 4, P0, 33, 235.88 W, 1965 MHz, 3996 MHz, 0 %, 0 MiB
2026/08/03 11:16:32.518, 5, P0, 36, 244.85 W, 1965 MHz, 3996 MHz, 0 %, 0 MiB
2026/08/03 11:16:32.518, 6, P0, 33, 242.44 W, 1965 MHz, 3996 MHz, 0 %, 0 MiB
2026/08/03 11:16:32.518, 7, P0, 37, 243.42 W, 1965 MHz, 3996 MHz, 0 %, 0 MiB
2026/08/03 11:16:33.518, 0, P0, 38, 283.67 W, 1965 MHz, 3996 MHz, 87 %, 169797 MiB
2026/08/03 11:16:33.518, 1, P0, 34, 263.38 W, 1965 MHz, 3996 MHz, 8 %, 169797 MiB
2026/08/03 11:16:33.518, 2, P0, 36, 236.49 W, 1965 MHz, 3996 MHz, 0 %, 0 MiB
2026/08/03 11:16:33.518, 3, P0, 32, 238.60 W, 1965 MHz, 3996 MHz, 0 %, 0 MiB
2026/08/03 11:16:33.518, 4, P0, 33, 235.88 W, 1965 MHz, 3996 MHz, 0 %, 0 MiB
2026/08/03 11:16:33.518, 5, P0, 36, 244.82 W, 1965 MHz, 3996 MHz, 0 %, 0 MiB
2026/08/03 11:16:33.518, 6, P0, 33, 242.45 W, 1965 MHz, 3996 MHz, 0 %, 0 MiB
2026/08/03 11:16:33.518, 7, P0, 37, 243.42 W, 1965 MHz, 3996 MHz, 0 %, 0 MiB
2026/08/03 11:16:34.518, 0, P0, 38, 283.52 W, 1965 MHz, 3996 MHz, 85 %, 169797 MiB
2026/08/03 11:16:34.518, 1, P0, 34, 264.38 W, 1965 MHz, 3996 MHz, 8 %, 169797 MiB
2026/08/03 11:16:34.518, 2, P0, 36, 236.58 W, 1965 MHz, 3996 MHz, 0 %, 0 MiB
2026/08/03 11:16:34.518, 3, P0, 32, 238.60 W, 1965 MHz, 3996 MHz, 0 %, 0 MiB
2026/08/03 11:16:34.518, 4, P0, 33, 235.90 W, 1965 MHz, 3996 MHz, 0 %, 0 MiB
2026/08/03 11:16:34.518, 5, P0, 36, 244.89 W, 1965 MHz, 3996 MHz, 0 %, 0 MiB
2026/08/03 11:16:34.518, 6, P0, 33, 242.44 W, 1965 MHz, 3996 MHz, 0 %, 0 MiB
2026/08/03 11:16:34.518, 7, P0, 37, 243.41 W, 1965 MHz, 3996 MHz, 0 %, 0 MiB
2026/08/03 11:16:35.518, 0, P0, 38, 283.21 W, 1965 MHz, 3996 MHz, 93 %, 169797 MiB
2026/08/03 11:16:35.518, 1, P0, 34, 264.60 W, 1965 MHz, 3996 MHz, 8 %, 169797 MiB
2026/08/03 11:16:35.518, 2, P0, 36, 236.53 W, 1965 MHz, 3996 MHz, 0 %, 0 MiB
2026/08/03 11:16:35.519, 3, P0, 32, 238.68 W, 1965 MHz, 3996 MHz, 0 %, 0 MiB
2026/08/03 11:16:35.519, 4, P0, 33, 235.89 W, 1965 MHz, 3996 MHz, 0 %, 0 MiB
2026/08/03 11:16:35.519, 5, P0, 36, 244.84 W, 1965 MHz, 3996 MHz, 0 %, 0 MiB
2026/08/03 11:16:35.519, 6, P0, 33, 242.43 W, 1965 MHz, 3996 MHz, 0 %, 0 MiB
2026/08/03 11:16:35.519, 7, P0, 37, 243.46 W, 1965 MHz, 3996 MHz, 0 %, 0 MiB
2026/08/03 11:16:36.519, 0, P0, 43, 824.21 W, 1957 MHz, 3996 MHz, 100 %, 169797 MiB
2026/08/03 11:16:36.519, 1, P0, 47, 820.52 W, 1560 MHz, 3996 MHz, 100 %, 169797 MiB
2026/08/03 11:16:36.519, 2, P0, 36, 236.55 W, 1965 MHz, 3996 MHz, 0 %, 0 MiB
2026/08/03 11:16:36.519, 3, P0, 32, 238.65 W, 1965 MHz, 3996 MHz, 0 %, 0 MiB
2026/08/03 11:16:36.519, 4, P0, 33, 235.95 W, 1965 MHz, 3996 MHz, 0 %, 0 MiB
2026/08/03 11:16:36.519, 5, P0, 36, 244.77 W, 1965 MHz, 3996 MHz, 0 %, 0 MiB
2026/08/03 11:16:36.519, 6, P0, 33, 242.50 W, 1965 MHz, 3996 MHz, 0 %, 0 MiB
2026/08/03 11:16:36.519, 7, P0, 37, 243.37 W, 1965 MHz, 3996 MHz, 0 %, 0 MiB
2026/08/03 11:16:37.519, 0, P0, 39, 291.16 W, 1965 MHz, 3996 MHz, 82 %, 169797 MiB
2026/08/03 11:16:37.519, 1, P0, 35, 271.05 W, 1965 MHz, 3996 MHz, 9 %, 169797 MiB
2026/08/03 11:16:37.519, 2, P0, 36, 236.63 W, 1965 MHz, 3996 MHz, 0 %, 0 MiB
2026/08/03 11:16:37.519, 3, P0, 32, 238.66 W, 1965 MHz, 3996 MHz, 0 %, 0 MiB
2026/08/03 11:16:37.519, 4, P0, 33, 235.91 W, 1965 MHz, 3996 MHz, 0 %, 0 MiB
2026/08/03 11:16:37.519, 5, P0, 36, 244.72 W, 1965 MHz, 3996 MHz, 0 %, 0 MiB
2026/08/03 11:16:37.519, 6, P0, 33, 242.49 W, 1965 MHz, 3996 MHz, 0 %, 0 MiB
2026/08/03 11:16:37.519, 7, P0, 37, 243.44 W, 1965 MHz, 3996 MHz, 0 %, 0 MiB
2026/08/03 11:16:38.519, 0, P0, 45, 341.92 W, 1965 MHz, 3996 MHz, 88 %, 169797 MiB
2026/08/03 11:16:38.519, 1, P0, 35, 270.39 W, 1965 MHz, 3996 MHz, 9 %, 169797 MiB
2026/08/03 11:16:38.519, 2, P0, 36, 236.55 W, 1965 MHz, 3996 MHz, 0 %, 0 MiB
2026/08/03 11:16:38.519, 3, P0, 32, 238.69 W, 1965 MHz, 3996 MHz, 0 %, 0 MiB
2026/08/03 11:16:38.519, 4, P0, 33, 235.89 W, 1965 MHz, 3996 MHz, 0 %, 0 MiB
2026/08/03 11:16:38.519, 5, P0, 36, 244.79 W, 1965 MHz, 3996 MHz, 0 %, 0 MiB
2026/08/03 11:16:38.519, 6, P0, 33, 242.44 W, 1965 MHz, 3996 MHz, 0 %, 0 MiB
2026/08/03 11:16:38.519, 7, P0, 37, 243.51 W, 1965 MHz, 3996 MHz, 0 %, 0 MiB
2026/08/03 11:16:39.520, 0, P0, 41, 785.31 W, 1965 MHz, 3996 MHz, 86 %, 169797 MiB
2026/08/03 11:16:39.520, 1, P0, 40, 826.85 W, 1965 MHz, 3996 MHz, 9 %, 169797 MiB
2026/08/03 11:16:39.520, 2, P0, 36, 236.58 W, 1965 MHz, 3996 MHz, 0 %, 0 MiB
2026/08/03 11:16:39.520, 3, P0, 32, 238.66 W, 1965 MHz, 3996 MHz, 0 %, 0 MiB
2026/08/03 11:16:39.520, 4, P0, 33, 235.91 W, 1965 MHz, 3996 MHz, 0 %, 0 MiB
2026/08/03 11:16:39.520, 5, P0, 36, 244.77 W, 1965 MHz, 3996 MHz, 0 %, 0 MiB
2026/08/03 11:16:39.520, 6, P0, 33, 242.46 W, 1965 MHz, 3996 MHz, 0 %, 0 MiB
2026/08/03 11:16:39.520, 7, P0, 37, 243.33 W, 1965 MHz, 3996 MHz, 0 %, 0 MiB
2026/08/03 11:16:40.520, 0, P0, 39, 291.96 W, 1965 MHz, 3996 MHz, 89 %, 169797 MiB
2026/08/03 11:16:40.520, 1, P0, 36, 269.15 W, 1965 MHz, 3996 MHz, 9 %, 169797 MiB
2026/08/03 11:16:40.520, 2, P0, 36, 236.60 W, 1965 MHz, 3996 MHz, 0 %, 0 MiB
2026/08/03 11:16:40.520, 3, P0, 32, 238.77 W, 1965 MHz, 3996 MHz, 0 %, 0 MiB
2026/08/03 11:16:40.520, 4, P0, 33, 235.90 W, 1965 MHz, 3996 MHz, 0 %, 0 MiB
2026/08/03 11:16:40.520, 5, P0, 36, 244.85 W, 1965 MHz, 3996 MHz, 0 %, 0 MiB
2026/08/03 11:16:40.520, 6, P0, 33, 242.50 W, 1965 MHz, 3996 MHz, 0 %, 0 MiB
2026/08/03 11:16:40.520, 7, P0, 37, 243.48 W, 1965 MHz, 3996 MHz, 0 %, 0 MiB
2026/08/03 11:16:41.520, 0, P0, 38, 290.39 W, 1965 MHz, 3996 MHz, 91 %, 169797 MiB
2026/08/03 11:16:41.520, 1, P0, 35, 269.05 W, 1965 MHz, 3996 MHz, 9 %, 169797 MiB
2026/08/03 11:16:41.520, 2, P0, 36, 236.63 W, 1965 MHz, 3996 MHz, 0 %, 0 MiB
2026/08/03 11:16:41.520, 3, P0, 32, 238.78 W, 1965 MHz, 3996 MHz, 0 %, 0 MiB
2026/08/03 11:16:41.520, 4, P0, 33, 235.91 W, 1965 MHz, 3996 MHz, 0 %, 0 MiB
2026/08/03 11:16:41.520, 5, P0, 36, 244.81 W, 1965 MHz, 3996 MHz, 0 %, 0 MiB
2026/08/03 11:16:41.520, 6, P0, 33, 242.49 W, 1965 MHz, 3996 MHz, 0 %, 0 MiB
2026/08/03 11:16:41.520, 7, P0, 37, 243.40 W, 1965 MHz, 3996 MHz, 0 %, 0 MiB
2026/08/03 11:16:42.520, 0, P0, 38, 289.89 W, 1965 MHz, 3996 MHz, 88 %, 169797 MiB
2026/08/03 11:16:42.520, 1, P0, 35, 272.86 W, 1965 MHz, 3996 MHz, 9 %, 169797 MiB
2026/08/03 11:16:42.520, 2, P0, 36, 236.63 W, 1965 MHz, 3996 MHz, 0 %, 0 MiB
2026/08/03 11:16:42.520, 3, P0, 32, 238.62 W, 1965 MHz, 3996 MHz, 0 %, 0 MiB
2026/08/03 11:16:42.520, 4, P0, 33, 235.90 W, 1965 MHz, 3996 MHz, 0 %, 0 MiB
2026/08/03 11:16:42.521, 5, P0, 36, 244.86 W, 1965 MHz, 3996 MHz, 0 %, 0 MiB
2026/08/03 11:16:42.521, 6, P0, 33, 242.51 W, 1965 MHz, 3996 MHz, 0 %, 0 MiB
2026/08/03 11:16:42.521, 7, P0, 37, 243.47 W, 1965 MHz, 3996 MHz, 0 %, 0 MiB
2026/08/03 11:16:43.521, 0, P0, 38, 289.15 W, 1965 MHz, 3996 MHz, 86 %, 169797 MiB
2026/08/03 11:16:43.521, 1, P0, 35, 269.39 W, 1965 MHz, 3996 MHz, 9 %, 169797 MiB
2026/08/03 11:16:43.521, 2, P0, 36, 236.62 W, 1965 MHz, 3996 MHz, 0 %, 0 MiB
2026/08/03 11:16:43.521, 3, P0, 32, 238.64 W, 1965 MHz, 3996 MHz, 0 %, 0 MiB
2026/08/03 11:16:43.521, 4, P0, 33, 235.90 W, 1965 MHz, 3996 MHz, 0 %, 0 MiB
2026/08/03 11:16:43.521, 5, P0, 36, 244.90 W, 1965 MHz, 3996 MHz, 0 %, 0 MiB
2026/08/03 11:16:43.521, 6, P0, 33, 242.42 W, 1965 MHz, 3996 MHz, 0 %, 0 MiB
2026/08/03 11:16:43.521, 7, P0, 37, 243.48 W, 1965 MHz, 3996 MHz, 0 %, 0 MiB
2026/08/03 11:16:44.521, 0, P0, 38, 290.60 W, 1965 MHz, 3996 MHz, 86 %, 169797 MiB
2026/08/03 11:16:44.521, 1, P0, 35, 269.97 W, 1965 MHz, 3996 MHz, 9 %, 169797 MiB
2026/08/03 11:16:44.521, 2, P0, 36, 236.61 W, 1965 MHz, 3996 MHz, 0 %, 0 MiB
2026/08/03 11:16:44.521, 3, P0, 32, 238.76 W, 1965 MHz, 3996 MHz, 0 %, 0 MiB
2026/08/03 11:16:44.521, 4, P0, 33, 235.89 W, 1965 MHz, 3996 MHz, 0 %, 0 MiB
2026/08/03 11:16:44.521, 5, P0, 36, 244.88 W, 1965 MHz, 3996 MHz, 0 %, 0 MiB
2026/08/03 11:16:44.521, 6, P0, 33, 242.44 W, 1965 MHz, 3996 MHz, 0 %, 0 MiB
2026/08/03 11:16:44.521, 7, P0, 37, 243.39 W, 1965 MHz, 3996 MHz, 0 %, 0 MiB
2026/08/03 11:16:45.521, 0, P0, 38, 288.40 W, 1965 MHz, 3996 MHz, 86 %, 169797 MiB
2026/08/03 11:16:45.521, 1, P0, 35, 269.36 W, 1965 MHz, 3996 MHz, 9 %, 169797 MiB
2026/08/03 11:16:45.521, 2, P0, 36, 236.65 W, 1965 MHz, 3996 MHz, 0 %, 0 MiB
2026/08/03 11:16:45.521, 3, P0, 32, 238.74 W, 1965 MHz, 3996 MHz, 0 %, 0 MiB
2026/08/03 11:16:45.521, 4, P0, 33, 235.91 W, 1965 MHz, 3996 MHz, 0 %, 0 MiB
2026/08/03 11:16:45.521, 5, P0, 36, 244.80 W, 1965 MHz, 3996 MHz, 0 %, 0 MiB
2026/08/03 11:16:45.521, 6, P0, 33, 242.53 W, 1965 MHz, 3996 MHz, 0 %, 0 MiB
2026/08/03 11:16:45.521, 7, P0, 37, 243.46 W, 1965 MHz, 3996 MHz, 0 %, 0 MiB
2026/08/03 11:16:46.522, 0, P0, 38, 290.78 W, 1965 MHz, 3996 MHz, 90 %, 169797 MiB
2026/08/03 11:16:46.522, 1, P0, 35, 270.94 W, 1965 MHz, 3996 MHz, 9 %, 169797 MiB
2026/08/03 11:16:46.522, 2, P0, 36, 236.61 W, 1965 MHz, 3996 MHz, 0 %, 0 MiB
2026/08/03 11:16:46.522, 3, P0, 32, 238.73 W, 1965 MHz, 3996 MHz, 0 %, 0 MiB
2026/08/03 11:16:46.522, 4, P0, 33, 235.90 W, 1965 MHz, 3996 MHz, 0 %, 0 MiB
2026/08/03 11:16:46.522, 5, P0, 36, 244.85 W, 1965 MHz, 3996 MHz, 0 %, 0 MiB
2026/08/03 11:16:46.522, 6, P0, 33, 242.46 W, 1965 MHz, 3996 MHz, 0 %, 0 MiB
2026/08/03 11:16:46.522, 7, P0, 37, 243.43 W, 1965 MHz, 3996 MHz, 0 %, 0 MiB
2026/08/03 11:16:47.522, 0, P0, 38, 290.32 W, 1965 MHz, 3996 MHz, 86 %, 169797 MiB
2026/08/03 11:16:47.522, 1, P0, 34, 270.67 W, 1965 MHz, 3996 MHz, 9 %, 169797 MiB
2026/08/03 11:16:47.522, 2, P0, 36, 236.66 W, 1965 MHz, 3996 MHz, 0 %, 0 MiB
2026/08/03 11:16:47.522, 3, P0, 32, 238.82 W, 1965 MHz, 3996 MHz, 0 %, 0 MiB
2026/08/03 11:16:47.522, 4, P0, 33, 235.89 W, 1965 MHz, 3996 MHz, 0 %, 0 MiB
2026/08/03 11:16:47.522, 5, P0, 36, 244.83 W, 1965 MHz, 3996 MHz, 0 %, 0 MiB
2026/08/03 11:16:47.522, 6, P0, 33, 242.47 W, 1965 MHz, 3996 MHz, 0 %, 0 MiB
2026/08/03 11:16:47.522, 7, P0, 37, 243.42 W, 1965 MHz, 3996 MHz, 0 %, 0 MiB
2026/08/03 11:16:48.522, 0, P0, 38, 288.30 W, 1965 MHz, 3996 MHz, 83 %, 169797 MiB
2026/08/03 11:16:48.522, 1, P0, 34, 266.76 W, 1965 MHz, 3996 MHz, 9 %, 169797 MiB
2026/08/03 11:16:48.522, 2, P0, 36, 236.62 W, 1965 MHz, 3996 MHz, 0 %, 0 MiB
2026/08/03 11:16:48.522, 3, P0, 32, 238.85 W, 1965 MHz, 3996 MHz, 0 %, 0 MiB
2026/08/03 11:16:48.522, 4, P0, 33, 235.89 W, 1965 MHz, 3996 MHz, 0 %, 0 MiB
2026/08/03 11:16:48.522, 5, P0, 36, 244.83 W, 1965 MHz, 3996 MHz, 0 %, 0 MiB
2026/08/03 11:16:48.522, 6, P0, 33, 242.51 W, 1965 MHz, 3996 MHz, 0 %, 0 MiB
2026/08/03 11:16:48.522, 7, P0, 37, 243.45 W, 1965 MHz, 3996 MHz, 0 %, 0 MiB
2026/08/03 11:16:49.522, 0, P0, 38, 288.80 W, 1965 MHz, 3996 MHz, 85 %, 169797 MiB
2026/08/03 11:16:49.522, 1, P0, 34, 269.23 W, 1965 MHz, 3996 MHz, 9 %, 169797 MiB
2026/08/03 11:16:49.522, 2, P0, 36, 236.60 W, 1965 MHz, 3996 MHz, 0 %, 0 MiB
2026/08/03 11:16:49.522, 3, P0, 32, 238.69 W, 1965 MHz, 3996 MHz, 0 %, 0 MiB
2026/08/03 11:16:49.523, 4, P0, 33, 235.91 W, 1965 MHz, 3996 MHz, 0 %, 0 MiB
2026/08/03 11:16:49.523, 5, P0, 36, 244.88 W, 1965 MHz, 3996 MHz, 0 %, 0 MiB
2026/08/03 11:16:49.523, 6, P0, 33, 242.48 W, 1965 MHz, 3996 MHz, 0 %, 0 MiB
2026/08/03 11:16:49.523, 7, P0, 37, 243.44 W, 1965 MHz, 3996 MHz, 0 %, 0 MiB
2026/08/03 11:16:50.523, 0, P0, 38, 288.31 W, 1965 MHz, 3996 MHz, 87 %, 169797 MiB
2026/08/03 11:16:50.523, 1, P0, 34, 269.30 W, 1965 MHz, 3996 MHz, 9 %, 169797 MiB
2026/08/03 11:16:50.523, 2, P0, 36, 236.63 W, 1965 MHz, 3996 MHz, 0 %, 0 MiB
2026/08/03 11:16:50.523, 3, P0, 32, 238.76 W, 1965 MHz, 3996 MHz, 0 %, 0 MiB
2026/08/03 11:16:50.523, 4, P0, 33, 235.89 W, 1965 MHz, 3996 MHz, 0 %, 0 MiB
2026/08/03 11:16:50.523, 5, P0, 36, 244.78 W, 1965 MHz, 3996 MHz, 0 %, 0 MiB
2026/08/03 11:16:50.523, 6, P0, 33, 242.47 W, 1965 MHz, 3996 MHz, 0 %, 0 MiB
2026/08/03 11:16:50.523, 7, P0, 37, 243.42 W, 1965 MHz, 3996 MHz, 0 %, 0 MiB
2026/08/03 11:16:51.523, 0, P0, 38, 290.01 W, 1965 MHz, 3996 MHz, 92 %, 169797 MiB
2026/08/03 11:16:51.523, 1, P0, 34, 268.50 W, 1965 MHz, 3996 MHz, 9 %, 169797 MiB
2026/08/03 11:16:51.523, 2, P0, 36, 236.54 W, 1965 MHz, 3996 MHz, 0 %, 0 MiB
2026/08/03 11:16:51.523, 3, P0, 32, 238.69 W, 1965 MHz, 3996 MHz, 0 %, 0 MiB
2026/08/03 11:16:51.523, 4, P0, 33, 235.91 W, 1965 MHz, 3996 MHz, 0 %, 0 MiB
2026/08/03 11:16:51.523, 5, P0, 36, 244.82 W, 1965 MHz, 3996 MHz, 0 %, 0 MiB
2026/08/03 11:16:51.523, 6, P0, 33, 242.41 W, 1965 MHz, 3996 MHz, 0 %, 0 MiB
2026/08/03 11:16:51.523, 7, P0, 37, 243.48 W, 1965 MHz, 3996 MHz, 0 %, 0 MiB
2026/08/03 11:16:52.523, 0, P0, 37, 287.15 W, 1965 MHz, 3996 MHz, 87 %, 169797 MiB
2026/08/03 11:16:52.523, 1, P0, 34, 270.77 W, 1965 MHz, 3996 MHz, 9 %, 169797 MiB
2026/08/03 11:16:52.523, 2, P0, 36, 236.53 W, 1965 MHz, 3996 MHz, 0 %, 0 MiB
2026/08/03 11:16:52.523, 3, P0, 32, 238.65 W, 1965 MHz, 3996 MHz, 0 %, 0 MiB
2026/08/03 11:16:52.523, 4, P0, 33, 235.89 W, 1965 MHz, 3996 MHz, 0 %, 0 MiB
2026/08/03 11:16:52.523, 5, P0, 36, 244.77 W, 1965 MHz, 3996 MHz, 0 %, 0 MiB
2026/08/03 11:16:52.523, 6, P0, 33, 242.45 W, 1965 MHz, 3996 MHz, 0 %, 0 MiB
2026/08/03 11:16:52.523, 7, P0, 37, 243.42 W, 1965 MHz, 3996 MHz, 0 %, 0 MiB
2026/08/03 11:16:53.523, 0, P0, 37, 290.65 W, 1965 MHz, 3996 MHz, 82 %, 169797 MiB
2026/08/03 11:16:53.524, 1, P0, 34, 268.71 W, 1965 MHz, 3996 MHz, 9 %, 169797 MiB
2026/08/03 11:16:53.524, 2, P0, 36, 236.60 W, 1965 MHz, 3996 MHz, 0 %, 0 MiB
2026/08/03 11:16:53.524, 3, P0, 32, 238.71 W, 1965 MHz, 3996 MHz, 0 %, 0 MiB
2026/08/03 11:16:53.524, 4, P0, 33, 235.85 W, 1965 MHz, 3996 MHz, 0 %, 0 MiB
2026/08/03 11:16:53.524, 5, P0, 36, 244.82 W, 1965 MHz, 3996 MHz, 0 %, 0 MiB
2026/08/03 11:16:53.524, 6, P0, 33, 242.45 W, 1965 MHz, 3996 MHz, 0 %, 0 MiB
2026/08/03 11:16:53.524, 7, P0, 37, 243.37 W, 1965 MHz, 3996 MHz, 0 %, 0 MiB
2026/08/03 11:16:54.524, 0, P0, 37, 289.33 W, 1965 MHz, 3996 MHz, 81 %, 169797 MiB
2026/08/03 11:16:54.524, 1, P0, 34, 268.13 W, 1965 MHz, 3996 MHz, 9 %, 169797 MiB
2026/08/03 11:16:54.524, 2, P0, 36, 236.61 W, 1965 MHz, 3996 MHz, 0 %, 0 MiB
2026/08/03 11:16:54.524, 3, P0, 32, 238.76 W, 1965 MHz, 3996 MHz, 0 %, 0 MiB
2026/08/03 11:16:54.524, 4, P0, 33, 235.89 W, 1965 MHz, 3996 MHz, 0 %, 0 MiB
2026/08/03 11:16:54.524, 5, P0, 36, 244.97 W, 1965 MHz, 3996 MHz, 0 %, 0 MiB
2026/08/03 11:16:54.524, 6, P0, 33, 242.42 W, 1965 MHz, 3996 MHz, 0 %, 0 MiB
2026/08/03 11:16:54.524, 7, P0, 37, 243.26 W, 1965 MHz, 3996 MHz, 0 %, 0 MiB
2026/08/03 11:16:55.524, 0, P0, 37, 287.26 W, 1965 MHz, 3996 MHz, 86 %, 169797 MiB
2026/08/03 11:16:55.524, 1, P0, 34, 270.66 W, 1965 MHz, 3996 MHz, 9 %, 169797 MiB
2026/08/03 11:16:55.524, 2, P0, 36, 236.67 W, 1965 MHz, 3996 MHz, 0 %, 0 MiB
2026/08/03 11:16:55.524, 3, P0, 32, 238.65 W, 1965 MHz, 3996 MHz, 0 %, 0 MiB
2026/08/03 11:16:55.524, 4, P0, 33, 235.84 W, 1965 MHz, 3996 MHz, 0 %, 0 MiB
2026/08/03 11:16:55.524, 5, P0, 36, 244.84 W, 1965 MHz, 3996 MHz, 0 %, 0 MiB
2026/08/03 11:16:55.524, 6, P0, 33, 242.46 W, 1965 MHz, 3996 MHz, 0 %, 0 MiB
2026/08/03 11:16:55.524, 7, P0, 37, 243.39 W, 1965 MHz, 3996 MHz, 0 %, 0 MiB
2026/08/03 11:16:56.524, 0, P0, 37, 287.89 W, 1965 MHz, 3996 MHz, 93 %, 169797 MiB
2026/08/03 11:16:56.524, 1, P0, 34, 268.00 W, 1965 MHz, 3996 MHz, 9 %, 169797 MiB
2026/08/03 11:16:56.524, 2, P0, 36, 236.61 W, 1965 MHz, 3996 MHz, 0 %, 0 MiB
2026/08/03 11:16:56.524, 3, P0, 32, 238.81 W, 1965 MHz, 3996 MHz, 0 %, 0 MiB
2026/08/03 11:16:56.524, 4, P0, 33, 235.91 W, 1965 MHz, 3996 MHz, 0 %, 0 MiB
2026/08/03 11:16:56.525, 5, P0, 36, 244.90 W, 1965 MHz, 3996 MHz, 0 %, 0 MiB
2026/08/03 11:16:56.525, 6, P0, 33, 242.42 W, 1965 MHz, 3996 MHz, 0 %, 0 MiB
2026/08/03 11:16:56.525, 7, P0, 37, 243.30 W, 1965 MHz, 3996 MHz, 0 %, 0 MiB
2026/08/03 11:16:57.525, 0, P0, 37, 284.56 W, 1965 MHz, 3996 MHz, 76 %, 169797 MiB
2026/08/03 11:16:57.525, 1, P0, 34, 268.49 W, 1965 MHz, 3996 MHz, 9 %, 169797 MiB
2026/08/03 11:16:57.525, 2, P0, 36, 236.60 W, 1965 MHz, 3996 MHz, 0 %, 0 MiB
2026/08/03 11:16:57.525, 3, P0, 32, 238.72 W, 1965 MHz, 3996 MHz, 0 %, 0 MiB
2026/08/03 11:16:57.525, 4, P0, 33, 235.88 W, 1965 MHz, 3996 MHz, 0 %, 0 MiB
2026/08/03 11:16:57.525, 5, P0, 36, 244.83 W, 1965 MHz, 3996 MHz, 0 %, 0 MiB
2026/08/03 11:16:57.525, 6, P0, 33, 242.51 W, 1965 MHz, 3996 MHz, 0 %, 0 MiB
2026/08/03 11:16:57.525, 7, P0, 37, 243.38 W, 1965 MHz, 3996 MHz, 0 %, 0 MiB
2026/08/03 11:16:58.525, 0, P0, 37, 265.55 W, 1965 MHz, 3996 MHz, 100 %, 169797 MiB
2026/08/03 11:16:58.525, 1, P0, 34, 241.39 W, 1965 MHz, 3996 MHz, 0 %, 169797 MiB
2026/08/03 11:16:58.525, 2, P0, 36, 236.62 W, 1965 MHz, 3996 MHz, 0 %, 0 MiB
2026/08/03 11:16:58.525, 3, P0, 32, 238.72 W, 1965 MHz, 3996 MHz, 0 %, 0 MiB
2026/08/03 11:16:58.525, 4, P0, 33, 235.91 W, 1965 MHz, 3996 MHz, 0 %, 0 MiB
2026/08/03 11:16:58.525, 5, P0, 36, 244.86 W, 1965 MHz, 3996 MHz, 0 %, 0 MiB
2026/08/03 11:16:58.525, 6, P0, 33, 242.46 W, 1965 MHz, 3996 MHz, 0 %, 0 MiB
2026/08/03 11:16:58.525, 7, P0, 37, 243.34 W, 1965 MHz, 3996 MHz, 0 %, 0 MiB
2026/08/03 11:16:59.525, 0, P0, 37, 265.36 W, 1965 MHz, 3996 MHz, 100 %, 169797 MiB
2026/08/03 11:16:59.525, 1, P0, 34, 241.14 W, 1965 MHz, 3996 MHz, 0 %, 169797 MiB
2026/08/03 11:16:59.525, 2, P0, 36, 236.61 W, 1965 MHz, 3996 MHz, 0 %, 0 MiB
2026/08/03 11:16:59.525, 3, P0, 32, 238.67 W, 1965 MHz, 3996 MHz, 0 %, 0 MiB
2026/08/03 11:16:59.525, 4, P0, 33, 235.89 W, 1965 MHz, 3996 MHz, 0 %, 0 MiB
2026/08/03 11:16:59.525, 5, P0, 36, 244.79 W, 1965 MHz, 3996 MHz, 0 %, 0 MiB
2026/08/03 11:16:59.525, 6, P0, 33, 242.43 W, 1965 MHz, 3996 MHz, 0 %, 0 MiB
2026/08/03 11:16:59.525, 7, P0, 37, 243.39 W, 1965 MHz, 3996 MHz, 0 %, 0 MiB
2026/08/03 11:17:00.525, 0, P0, 37, 265.34 W, 1965 MHz, 3996 MHz, 100 %, 169797 MiB
2026/08/03 11:17:00.526, 1, P0, 34, 241.13 W, 1965 MHz, 3996 MHz, 0 %, 169797 MiB
2026/08/03 11:17:00.526, 2, P0, 36, 236.58 W, 1965 MHz, 3996 MHz, 0 %, 0 MiB
2026/08/03 11:17:00.526, 3, P0, 32, 238.78 W, 1965 MHz, 3996 MHz, 0 %, 0 MiB
2026/08/03 11:17:00.526, 4, P0, 33, 235.90 W, 1965 MHz, 3996 MHz, 0 %, 0 MiB
2026/08/03 11:17:00.526, 5, P0, 36, 244.81 W, 1965 MHz, 3996 MHz, 0 %, 0 MiB
2026/08/03 11:17:00.526, 6, P0, 33, 242.50 W, 1965 MHz, 3996 MHz, 0 %, 0 MiB
2026/08/03 11:17:00.526, 7, P0, 37, 243.39 W, 1965 MHz, 3996 MHz, 0 %, 0 MiB
2026/08/03 11:17:01.526, 0, P0, 37, 289.58 W, 1965 MHz, 3996 MHz, 92 %, 169797 MiB
2026/08/03 11:17:01.526, 1, P0, 34, 267.33 W, 1965 MHz, 3996 MHz, 9 %, 169797 MiB
2026/08/03 11:17:01.526, 2, P0, 36, 236.48 W, 1965 MHz, 3996 MHz, 0 %, 0 MiB
2026/08/03 11:17:01.526, 3, P0, 32, 238.71 W, 1965 MHz, 3996 MHz, 0 %, 0 MiB
2026/08/03 11:17:01.526, 4, P0, 33, 235.90 W, 1965 MHz, 3996 MHz, 0 %, 0 MiB
2026/08/03 11:17:01.526, 5, P0, 36, 244.94 W, 1965 MHz, 3996 MHz, 0 %, 0 MiB
2026/08/03 11:17:01.526, 6, P0, 33, 242.51 W, 1965 MHz, 3996 MHz, 0 %, 0 MiB
2026/08/03 11:17:01.526, 7, P0, 37, 243.43 W, 1965 MHz, 3996 MHz, 0 %, 0 MiB
2026/08/03 11:17:02.526, 0, P0, 37, 284.52 W, 1965 MHz, 3996 MHz, 90 %, 169797 MiB
2026/08/03 11:17:02.526, 1, P0, 34, 266.06 W, 1965 MHz, 3996 MHz, 9 %, 169797 MiB
2026/08/03 11:17:02.526, 2, P0, 36, 236.57 W, 1965 MHz, 3996 MHz, 0 %, 0 MiB
2026/08/03 11:17:02.526, 3, P0, 32, 238.75 W, 1965 MHz, 3996 MHz, 0 %, 0 MiB
2026/08/03 11:17:02.526, 4, P0, 33, 235.89 W, 1965 MHz, 3996 MHz, 0 %, 0 MiB
2026/08/03 11:17:02.526, 5, P0, 36, 244.77 W, 1965 MHz, 3996 MHz, 0 %, 0 MiB
2026/08/03 11:17:02.526, 6, P0, 33, 242.48 W, 1965 MHz, 3996 MHz, 0 %, 0 MiB
2026/08/03 11:17:02.526, 7, P0, 37, 243.34 W, 1965 MHz, 3996 MHz, 0 %, 0 MiB
2026/08/03 11:17:03.526, 0, P0, 37, 244.48 W, 1965 MHz, 3996 MHz, 0 %, 169797 MiB
2026/08/03 11:17:03.526, 1, P0, 34, 262.31 W, 1965 MHz, 3996 MHz, 100 %, 169797 MiB
2026/08/03 11:17:03.526, 2, P0, 36, 236.63 W, 1965 MHz, 3996 MHz, 0 %, 0 MiB
2026/08/03 11:17:03.526, 3, P0, 32, 238.71 W, 1965 MHz, 3996 MHz, 0 %, 0 MiB
2026/08/03 11:17:03.527, 4, P0, 33, 235.86 W, 1965 MHz, 3996 MHz, 0 %, 0 MiB
2026/08/03 11:17:03.527, 5, P0, 36, 244.88 W, 1965 MHz, 3996 MHz, 0 %, 0 MiB
2026/08/03 11:17:03.527, 6, P0, 33, 242.51 W, 1965 MHz, 3996 MHz, 0 %, 0 MiB
2026/08/03 11:17:03.527, 7, P0, 37, 243.37 W, 1965 MHz, 3996 MHz, 0 %, 0 MiB
2026/08/03 11:17:04.527, 0, P0, 36, 244.29 W, 1965 MHz, 3996 MHz, 0 %, 169797 MiB
2026/08/03 11:17:04.527, 1, P0, 34, 262.30 W, 1965 MHz, 3996 MHz, 100 %, 169797 MiB
2026/08/03 11:17:04.527, 2, P0, 36, 236.57 W, 1965 MHz, 3996 MHz, 0 %, 0 MiB
2026/08/03 11:17:04.527, 3, P0, 32, 238.74 W, 1965 MHz, 3996 MHz, 0 %, 0 MiB
2026/08/03 11:17:04.527, 4, P0, 33, 235.88 W, 1965 MHz, 3996 MHz, 0 %, 0 MiB
2026/08/03 11:17:04.527, 5, P0, 36, 244.81 W, 1965 MHz, 3996 MHz, 0 %, 0 MiB
2026/08/03 11:17:04.527, 6, P0, 33, 242.48 W, 1965 MHz, 3996 MHz, 0 %, 0 MiB
2026/08/03 11:17:04.527, 7, P0, 37, 243.35 W, 1965 MHz, 3996 MHz, 0 %, 0 MiB
2026/08/03 11:17:05.527, 0, P0, 36, 244.23 W, 1965 MHz, 3996 MHz, 0 %, 169797 MiB
2026/08/03 11:17:05.527, 1, P0, 34, 262.27 W, 1965 MHz, 3996 MHz, 100 %, 169797 MiB
2026/08/03 11:17:05.527, 2, P0, 36, 236.61 W, 1965 MHz, 3996 MHz, 0 %, 0 MiB
2026/08/03 11:17:05.527, 3, P0, 32, 238.77 W, 1965 MHz, 3996 MHz, 0 %, 0 MiB
2026/08/03 11:17:05.527, 4, P0, 33, 235.89 W, 1965 MHz, 3996 MHz, 0 %, 0 MiB
2026/08/03 11:17:05.527, 5, P0, 36, 244.87 W, 1965 MHz, 3996 MHz, 0 %, 0 MiB
2026/08/03 11:17:05.527, 6, P0, 33, 242.50 W, 1965 MHz, 3996 MHz, 0 %, 0 MiB
2026/08/03 11:17:05.527, 7, P0, 37, 243.48 W, 1965 MHz, 3996 MHz, 0 %, 0 MiB
2026/08/03 11:17:06.527, 0, P0, 37, 286.18 W, 1965 MHz, 3996 MHz, 88 %, 169797 MiB
2026/08/03 11:17:06.527, 1, P0, 34, 268.41 W, 1965 MHz, 3996 MHz, 9 %, 169797 MiB
2026/08/03 11:17:06.527, 2, P0, 36, 236.60 W, 1965 MHz, 3996 MHz, 0 %, 0 MiB
2026/08/03 11:17:06.527, 3, P0, 32, 238.72 W, 1965 MHz, 3996 MHz, 0 %, 0 MiB
2026/08/03 11:17:06.527, 4, P0, 33, 235.89 W, 1965 MHz, 3996 MHz, 0 %, 0 MiB
2026/08/03 11:17:06.527, 5, P0, 36, 244.86 W, 1965 MHz, 3996 MHz, 0 %, 0 MiB
2026/08/03 11:17:06.528, 6, P0, 33, 242.48 W, 1965 MHz, 3996 MHz, 0 %, 0 MiB
2026/08/03 11:17:06.528, 7, P0, 37, 243.44 W, 1965 MHz, 3996 MHz, 0 %, 0 MiB
2026/08/03 11:17:07.528, 0, P0, 37, 285.27 W, 1965 MHz, 3996 MHz, 84 %, 169797 MiB
2026/08/03 11:17:07.528, 1, P0, 34, 269.30 W, 1965 MHz, 3996 MHz, 9 %, 169797 MiB
2026/08/03 11:17:07.528, 2, P0, 36, 236.44 W, 1965 MHz, 3996 MHz, 0 %, 0 MiB
2026/08/03 11:17:07.528, 3, P0, 32, 238.68 W, 1965 MHz, 3996 MHz, 0 %, 0 MiB
2026/08/03 11:17:07.528, 4, P0, 33, 235.89 W, 1965 MHz, 3996 MHz, 0 %, 0 MiB
2026/08/03 11:17:07.528, 5, P0, 36, 244.88 W, 1965 MHz, 3996 MHz, 0 %, 0 MiB
2026/08/03 11:17:07.528, 6, P0, 33, 242.56 W, 1965 MHz, 3996 MHz, 0 %, 0 MiB
2026/08/03 11:17:07.528, 7, P0, 37, 243.46 W, 1965 MHz, 3996 MHz, 0 %, 0 MiB
2026/08/03 11:17:08.528, 0, P0, 37, 290.48 W, 1965 MHz, 3996 MHz, 87 %, 169797 MiB
2026/08/03 11:17:08.528, 1, P0, 34, 268.62 W, 1965 MHz, 3996 MHz, 9 %, 169797 MiB
2026/08/03 11:17:08.528, 2, P0, 36, 236.57 W, 1965 MHz, 3996 MHz, 0 %, 0 MiB
2026/08/03 11:17:08.528, 3, P0, 33, 238.71 W, 1965 MHz, 3996 MHz, 0 %, 0 MiB
2026/08/03 11:17:08.528, 4, P0, 33, 235.90 W, 1965 MHz, 3996 MHz, 0 %, 0 MiB
2026/08/03 11:17:08.528, 5, P0, 36, 244.82 W, 1965 MHz, 3996 MHz, 0 %, 0 MiB
2026/08/03 11:17:08.528, 6, P0, 33, 242.50 W, 1965 MHz, 3996 MHz, 0 %, 0 MiB
2026/08/03 11:17:08.528, 7, P0, 37, 243.44 W, 1965 MHz, 3996 MHz, 0 %, 0 MiB
2026/08/03 11:17:09.528, 0, P0, 37, 289.85 W, 1965 MHz, 3996 MHz, 89 %, 169797 MiB
2026/08/03 11:17:09.528, 1, P0, 34, 268.11 W, 1965 MHz, 3996 MHz, 9 %, 169797 MiB
2026/08/03 11:17:09.528, 2, P0, 36, 236.58 W, 1965 MHz, 3996 MHz, 0 %, 0 MiB
2026/08/03 11:17:09.529, 3, P0, 32, 238.66 W, 1965 MHz, 3996 MHz, 0 %, 0 MiB
2026/08/03 11:17:09.529, 4, P0, 33, 235.86 W, 1965 MHz, 3996 MHz, 0 %, 0 MiB
2026/08/03 11:17:09.529, 5, P0, 36, 244.80 W, 1965 MHz, 3996 MHz, 0 %, 0 MiB
2026/08/03 11:17:09.529, 6, P0, 33, 242.47 W, 1965 MHz, 3996 MHz, 0 %, 0 MiB
2026/08/03 11:17:09.529, 7, P0, 37, 243.44 W, 1965 MHz, 3996 MHz, 0 %, 0 MiB
2026/08/03 11:17:10.529, 0, P0, 37, 287.90 W, 1965 MHz, 3996 MHz, 91 %, 169797 MiB
2026/08/03 11:17:10.529, 1, P0, 34, 268.62 W, 1965 MHz, 3996 MHz, 9 %, 169797 MiB
2026/08/03 11:17:10.530, 2, P0, 36, 236.53 W, 1965 MHz, 3996 MHz, 0 %, 0 MiB
2026/08/03 11:17:10.531, 3, P0, 32, 238.73 W, 1965 MHz, 3996 MHz, 0 %, 0 MiB
2026/08/03 11:17:10.532, 4, P0, 33, 235.89 W, 1965 MHz, 3996 MHz, 0 %, 0 MiB
2026/08/03 11:17:10.533, 5, P0, 36, 244.93 W, 1965 MHz, 3996 MHz, 0 %, 0 MiB
2026/08/03 11:17:10.534, 6, P0, 33, 242.44 W, 1965 MHz, 3996 MHz, 0 %, 0 MiB
2026/08/03 11:17:10.535, 7, P0, 37, 243.43 W, 1965 MHz, 3996 MHz, 0 %, 0 MiB
2026/08/03 11:17:11.537, 0, P0, 37, 287.94 W, 1965 MHz, 3996 MHz, 86 %, 169797 MiB
2026/08/03 11:17:11.537, 1, P0, 34, 269.46 W, 1965 MHz, 3996 MHz, 9 %, 169797 MiB
2026/08/03 11:17:11.537, 2, P0, 36, 236.50 W, 1965 MHz, 3996 MHz, 0 %, 0 MiB
2026/08/03 11:17:11.537, 3, P0, 32, 238.75 W, 1965 MHz, 3996 MHz, 0 %, 0 MiB
2026/08/03 11:17:11.537, 4, P0, 33, 235.89 W, 1965 MHz, 3996 MHz, 0 %, 0 MiB
2026/08/03 11:17:11.537, 5, P0, 36, 244.90 W, 1965 MHz, 3996 MHz, 0 %, 0 MiB
2026/08/03 11:17:11.537, 6, P0, 33, 242.47 W, 1965 MHz, 3996 MHz, 0 %, 0 MiB
2026/08/03 11:17:11.537, 7, P0, 37, 243.43 W, 1965 MHz, 3996 MHz, 0 %, 0 MiB
2026/08/03 11:17:12.537, 0, P0, 37, 289.25 W, 1965 MHz, 3996 MHz, 81 %, 169797 MiB
2026/08/03 11:17:12.537, 1, P0, 34, 267.10 W, 1965 MHz, 3996 MHz, 9 %, 169797 MiB
2026/08/03 11:17:12.537, 2, P0, 36, 236.55 W, 1965 MHz, 3996 MHz, 0 %, 0 MiB
2026/08/03 11:17:12.537, 3, P0, 32, 238.76 W, 1965 MHz, 3996 MHz, 0 %, 0 MiB
2026/08/03 11:17:12.537, 4, P0, 33, 235.89 W, 1965 MHz, 3996 MHz, 0 %, 0 MiB
2026/08/03 11:17:12.537, 5, P0, 36, 244.87 W, 1965 MHz, 3996 MHz, 0 %, 0 MiB
2026/08/03 11:17:12.537, 6, P0, 33, 242.56 W, 1965 MHz, 3996 MHz, 0 %, 0 MiB
2026/08/03 11:17:12.537, 7, P0, 37, 243.43 W, 1965 MHz, 3996 MHz, 0 %, 0 MiB
2026/08/03 11:17:13.537, 0, P0, 37, 285.36 W, 1965 MHz, 3996 MHz, 83 %, 169797 MiB
2026/08/03 11:17:13.537, 1, P0, 34, 270.24 W, 1965 MHz, 3996 MHz, 9 %, 169797 MiB
2026/08/03 11:17:13.537, 2, P0, 36, 236.49 W, 1965 MHz, 3996 MHz, 0 %, 0 MiB
2026/08/03 11:17:13.537, 3, P0, 32, 238.69 W, 1965 MHz, 3996 MHz, 0 %, 0 MiB
2026/08/03 11:17:13.537, 4, P0, 33, 235.86 W, 1965 MHz, 3996 MHz, 0 %, 0 MiB
2026/08/03 11:17:13.537, 5, P0, 36, 244.86 W, 1965 MHz, 3996 MHz, 0 %, 0 MiB
2026/08/03 11:17:13.537, 6, P0, 33, 242.54 W, 1965 MHz, 3996 MHz, 0 %, 0 MiB
2026/08/03 11:17:13.537, 7, P0, 37, 243.44 W, 1965 MHz, 3996 MHz, 0 %, 0 MiB
2026/08/03 11:17:14.537, 0, P0, 37, 286.73 W, 1965 MHz, 3996 MHz, 88 %, 169797 MiB
2026/08/03 11:17:14.538, 1, P0, 34, 269.51 W, 1965 MHz, 3996 MHz, 9 %, 169797 MiB
2026/08/03 11:17:14.538, 2, P0, 36, 236.49 W, 1965 MHz, 3996 MHz, 0 %, 0 MiB
2026/08/03 11:17:14.538, 3, P0, 32, 238.82 W, 1965 MHz, 3996 MHz, 0 %, 0 MiB
2026/08/03 11:17:14.538, 4, P0, 33, 235.93 W, 1965 MHz, 3996 MHz, 0 %, 0 MiB
2026/08/03 11:17:14.538, 5, P0, 36, 244.87 W, 1965 MHz, 3996 MHz, 0 %, 0 MiB
2026/08/03 11:17:14.538, 6, P0, 33, 242.47 W, 1965 MHz, 3996 MHz, 0 %, 0 MiB
2026/08/03 11:17:14.538, 7, P0, 37, 243.38 W, 1965 MHz, 3996 MHz, 0 %, 0 MiB
2026/08/03 11:17:15.538, 0, P0, 37, 289.73 W, 1965 MHz, 3996 MHz, 85 %, 169797 MiB
2026/08/03 11:17:15.538, 1, P0, 34, 269.80 W, 1965 MHz, 3996 MHz, 9 %, 169797 MiB
2026/08/03 11:17:15.538, 2, P0, 36, 236.42 W, 1965 MHz, 3996 MHz, 0 %, 0 MiB
2026/08/03 11:17:15.538, 3, P0, 32, 238.70 W, 1965 MHz, 3996 MHz, 0 %, 0 MiB
2026/08/03 11:17:15.538, 4, P0, 33, 235.89 W, 1965 MHz, 3996 MHz, 0 %, 0 MiB
2026/08/03 11:17:15.538, 5, P0, 36, 244.82 W, 1965 MHz, 3996 MHz, 0 %, 0 MiB
2026/08/03 11:17:15.538, 6, P0, 33, 242.50 W, 1965 MHz, 3996 MHz, 0 %, 0 MiB
2026/08/03 11:17:15.538, 7, P0, 37, 243.37 W, 1965 MHz, 3996 MHz, 0 %, 0 MiB
2026/08/03 11:17:16.538, 0, P0, 37, 289.88 W, 1965 MHz, 3996 MHz, 88 %, 169797 MiB
2026/08/03 11:17:16.538, 1, P0, 34, 270.12 W, 1965 MHz, 3996 MHz, 9 %, 169797 MiB
2026/08/03 11:17:16.538, 2, P0, 36, 236.54 W, 1965 MHz, 3996 MHz, 0 %, 0 MiB
2026/08/03 11:17:16.538, 3, P0, 33, 238.74 W, 1965 MHz, 3996 MHz, 0 %, 0 MiB
2026/08/03 11:17:16.538, 4, P0, 33, 235.91 W, 1965 MHz, 3996 MHz, 0 %, 0 MiB
2026/08/03 11:17:16.538, 5, P0, 36, 244.84 W, 1965 MHz, 3996 MHz, 0 %, 0 MiB
2026/08/03 11:17:16.538, 6, P0, 33, 242.47 W, 1965 MHz, 3996 MHz, 0 %, 0 MiB
2026/08/03 11:17:16.538, 7, P0, 37, 243.41 W, 1965 MHz, 3996 MHz, 0 %, 0 MiB
2026/08/03 11:17:17.538, 0, P0, 37, 286.67 W, 1965 MHz, 3996 MHz, 72 %, 169797 MiB
2026/08/03 11:17:17.538, 1, P0, 34, 268.73 W, 1965 MHz, 3996 MHz, 9 %, 169797 MiB
2026/08/03 11:17:17.538, 2, P0, 36, 236.46 W, 1965 MHz, 3996 MHz, 0 %, 0 MiB
2026/08/03 11:17:17.538, 3, P0, 32, 238.81 W, 1965 MHz, 3996 MHz, 0 %, 0 MiB
2026/08/03 11:17:17.538, 4, P0, 33, 235.89 W, 1965 MHz, 3996 MHz, 0 %, 0 MiB
2026/08/03 11:17:17.538, 5, P0, 36, 244.77 W, 1965 MHz, 3996 MHz, 0 %, 0 MiB
2026/08/03 11:17:17.538, 6, P0, 33, 242.51 W, 1965 MHz, 3996 MHz, 0 %, 0 MiB
2026/08/03 11:17:17.539, 7, P0, 37, 243.36 W, 1965 MHz, 3996 MHz, 0 %, 0 MiB
2026/08/03 11:17:18.539, 0, P0, 37, 287.14 W, 1965 MHz, 3996 MHz, 77 %, 169797 MiB
2026/08/03 11:17:18.539, 1, P0, 34, 270.66 W, 1965 MHz, 3996 MHz, 9 %, 169797 MiB
2026/08/03 11:17:18.539, 2, P0, 36, 236.40 W, 1965 MHz, 3996 MHz, 0 %, 0 MiB
2026/08/03 11:17:18.539, 3, P0, 32, 238.76 W, 1965 MHz, 3996 MHz, 0 %, 0 MiB
2026/08/03 11:17:18.539, 4, P0, 33, 235.91 W, 1965 MHz, 3996 MHz, 0 %, 0 MiB
2026/08/03 11:17:18.539, 5, P0, 36, 244.80 W, 1965 MHz, 3996 MHz, 0 %, 0 MiB
2026/08/03 11:17:18.539, 6, P0, 33, 242.57 W, 1965 MHz, 3996 MHz, 0 %, 0 MiB
2026/08/03 11:17:18.539, 7, P0, 37, 243.31 W, 1965 MHz, 3996 MHz, 0 %, 0 MiB
2026/08/03 11:17:19.539, 0, P0, 37, 286.23 W, 1965 MHz, 3996 MHz, 85 %, 169797 MiB
2026/08/03 11:17:19.539, 1, P0, 34, 269.45 W, 1965 MHz, 3996 MHz, 9 %, 169797 MiB
2026/08/03 11:17:19.539, 2, P0, 36, 236.47 W, 1965 MHz, 3996 MHz, 0 %, 0 MiB
2026/08/03 11:17:19.539, 3, P0, 33, 238.80 W, 1965 MHz, 3996 MHz, 0 %, 0 MiB
2026/08/03 11:17:19.539, 4, P0, 33, 235.90 W, 1965 MHz, 3996 MHz, 0 %, 0 MiB
2026/08/03 11:17:19.539, 5, P0, 36, 244.83 W, 1965 MHz, 3996 MHz, 0 %, 0 MiB
2026/08/03 11:17:19.539, 6, P0, 33, 242.53 W, 1965 MHz, 3996 MHz, 0 %, 0 MiB
2026/08/03 11:17:19.539, 7, P0, 37, 243.37 W, 1965 MHz, 3996 MHz, 0 %, 0 MiB
2026/08/03 11:17:20.539, 0, P0, 37, 267.67 W, 1965 MHz, 3996 MHz, 0 %, 168517 MiB
2026/08/03 11:17:20.539, 1, P0, 34, 258.10 W, 1965 MHz, 3996 MHz, 0 %, 168517 MiB
2026/08/03 11:17:20.539, 2, P0, 36, 236.59 W, 1965 MHz, 3996 MHz, 0 %, 0 MiB
2026/08/03 11:17:20.539, 3, P0, 33, 238.87 W, 1965 MHz, 3996 MHz, 0 %, 0 MiB
2026/08/03 11:17:20.539, 4, P0, 33, 235.94 W, 1965 MHz, 3996 MHz, 0 %, 0 MiB
2026/08/03 11:17:20.539, 5, P0, 36, 244.80 W, 1965 MHz, 3996 MHz, 0 %, 0 MiB
2026/08/03 11:17:20.539, 6, P0, 33, 242.55 W, 1965 MHz, 3996 MHz, 0 %, 0 MiB
2026/08/03 11:17:20.539, 7, P0, 37, 243.39 W, 1965 MHz, 3996 MHz, 0 %, 0 MiB
2026/08/03 11:17:21.539, 0, P0, 36, 244.26 W, 1965 MHz, 3996 MHz, 0 %, 168517 MiB
2026/08/03 11:17:21.540, 1, P0, 34, 241.13 W, 1965 MHz, 3996 MHz, 0 %, 168517 MiB
2026/08/03 11:17:21.540, 2, P0, 36, 236.46 W, 1965 MHz, 3996 MHz, 0 %, 0 MiB
2026/08/03 11:17:21.540, 3, P0, 33, 238.88 W, 1965 MHz, 3996 MHz, 0 %, 0 MiB
2026/08/03 11:17:21.540, 4, P0, 33, 235.90 W, 1965 MHz, 3996 MHz, 0 %, 0 MiB
2026/08/03 11:17:21.540, 5, P0, 36, 244.87 W, 1965 MHz, 3996 MHz, 0 %, 0 MiB
2026/08/03 11:17:21.540, 6, P0, 33, 242.45 W, 1965 MHz, 3996 MHz, 0 %, 0 MiB
2026/08/03 11:17:21.540, 7, P0, 37, 243.40 W, 1965 MHz, 3996 MHz, 0 %, 0 MiB
2026/08/03 11:17:22.540, 0, P0, 36, 244.11 W, 1965 MHz, 3996 MHz, 0 %, 168517 MiB
2026/08/03 11:17:22.540, 1, P0, 33, 241.03 W, 1965 MHz, 3996 MHz, 0 %, 168517 MiB
2026/08/03 11:17:22.540, 2, P0, 36, 236.58 W, 1965 MHz, 3996 MHz, 0 %, 0 MiB
2026/08/03 11:17:22.540, 3, P0, 33, 238.84 W, 1965 MHz, 3996 MHz, 0 %, 0 MiB
2026/08/03 11:17:22.540, 4, P0, 33, 235.89 W, 1965 MHz, 3996 MHz, 0 %, 0 MiB
2026/08/03 11:17:22.540, 5, P0, 36, 244.85 W, 1965 MHz, 3996 MHz, 0 %, 0 MiB
2026/08/03 11:17:22.540, 6, P0, 33, 242.51 W, 1965 MHz, 3996 MHz, 0 %, 0 MiB
2026/08/03 11:17:22.540, 7, P0, 37, 243.43 W, 1965 MHz, 3996 MHz, 0 %, 0 MiB
2026/08/03 11:17:23.540, 0, P0, 36, 243.88 W, 1965 MHz, 3996 MHz, 0 %, 168517 MiB
2026/08/03 11:17:23.540, 1, P0, 33, 241.00 W, 1965 MHz, 3996 MHz, 0 %, 168517 MiB
2026/08/03 11:17:23.540, 2, P0, 36, 236.49 W, 1965 MHz, 3996 MHz, 0 %, 0 MiB
2026/08/03 11:17:23.540, 3, P0, 33, 238.75 W, 1965 MHz, 3996 MHz, 0 %, 0 MiB
2026/08/03 11:17:23.540, 4, P0, 33, 235.90 W, 1965 MHz, 3996 MHz, 0 %, 0 MiB
2026/08/03 11:17:23.540, 5, P0, 36, 244.89 W, 1965 MHz, 3996 MHz, 0 %, 0 MiB
2026/08/03 11:17:23.540, 6, P0, 33, 242.50 W, 1965 MHz, 3996 MHz, 0 %, 0 MiB
2026/08/03 11:17:23.540, 7, P0, 37, 243.46 W, 1965 MHz, 3996 MHz, 0 %, 0 MiB
2026/08/03 11:17:24.540, 0, P0, 36, 243.90 W, 1965 MHz, 3996 MHz, 0 %, 168479 MiB
2026/08/03 11:17:24.541, 1, P0, 33, 240.88 W, 1965 MHz, 3996 MHz, 0 %, 168479 MiB
2026/08/03 11:17:24.541, 2, P0, 36, 236.34 W, 1965 MHz, 3996 MHz, 0 %, 0 MiB
2026/08/03 11:17:24.541, 3, P0, 33, 238.78 W, 1965 MHz, 3996 MHz, 0 %, 0 MiB
2026/08/03 11:17:24.541, 4, P0, 33, 235.88 W, 1965 MHz, 3996 MHz, 0 %, 0 MiB
2026/08/03 11:17:24.541, 5, P0, 36, 244.82 W, 1965 MHz, 3996 MHz, 0 %, 0 MiB
2026/08/03 11:17:24.541, 6, P0, 33, 242.49 W, 1965 MHz, 3996 MHz, 0 %, 0 MiB
2026/08/03 11:17:24.541, 7, P0, 37, 243.37 W, 1965 MHz, 3996 MHz, 0 %, 0 MiB
2026/08/03 11:17:25.541, 0, P0, 36, 243.84 W, 1965 MHz, 3996 MHz, 0 %, 168479 MiB
2026/08/03 11:17:25.541, 1, P0, 33, 240.79 W, 1965 MHz, 3996 MHz, 0 %, 168479 MiB
2026/08/03 11:17:25.541, 2, P0, 36, 236.42 W, 1965 MHz, 3996 MHz, 0 %, 0 MiB
2026/08/03 11:17:25.541, 3, P0, 33, 238.78 W, 1965 MHz, 3996 MHz, 0 %, 0 MiB
2026/08/03 11:17:25.541, 4, P0, 33, 235.89 W, 1965 MHz, 3996 MHz, 0 %, 0 MiB
2026/08/03 11:17:25.541, 5, P0, 36, 244.82 W, 1965 MHz, 3996 MHz, 0 %, 0 MiB
2026/08/03 11:17:25.541, 6, P0, 33, 242.60 W, 1965 MHz, 3996 MHz, 0 %, 0 MiB
2026/08/03 11:17:25.541, 7, P0, 37, 243.42 W, 1965 MHz, 3996 MHz, 0 %, 0 MiB
2026/08/03 11:17:26.541, 0, P0, 36, 243.79 W, 1965 MHz, 3996 MHz, 0 %, 168479 MiB
2026/08/03 11:17:26.541, 1, P0, 33, 240.74 W, 1965 MHz, 3996 MHz, 0 %, 168479 MiB
2026/08/03 11:17:26.541, 2, P0, 36, 236.35 W, 1965 MHz, 3996 MHz, 0 %, 0 MiB
2026/08/03 11:17:26.541, 3, P0, 33, 238.79 W, 1965 MHz, 3996 MHz, 0 %, 0 MiB
2026/08/03 11:17:26.541, 4, P0, 33, 235.89 W, 1965 MHz, 3996 MHz, 0 %, 0 MiB
2026/08/03 11:17:26.541, 5, P0, 36, 244.85 W, 1965 MHz, 3996 MHz, 0 %, 0 MiB
2026/08/03 11:17:26.542, 6, P0, 33, 242.48 W, 1965 MHz, 3996 MHz, 0 %, 0 MiB
2026/08/03 11:17:26.542, 7, P0, 37, 243.41 W, 1965 MHz, 3996 MHz, 0 %, 0 MiB
2026/08/03 11:17:27.542, 0, P0, 36, 243.78 W, 1965 MHz, 3996 MHz, 0 %, 168479 MiB
2026/08/03 11:17:27.542, 1, P0, 33, 240.69 W, 1965 MHz, 3996 MHz, 0 %, 168479 MiB
2026/08/03 11:17:27.542, 2, P0, 36, 236.38 W, 1965 MHz, 3996 MHz, 0 %, 0 MiB
2026/08/03 11:17:27.542, 3, P0, 33, 238.88 W, 1965 MHz, 3996 MHz, 0 %, 0 MiB
2026/08/03 11:17:27.542, 4, P0, 33, 235.90 W, 1965 MHz, 3996 MHz, 0 %, 0 MiB
2026/08/03 11:17:27.542, 5, P0, 36, 244.84 W, 1965 MHz, 3996 MHz, 0 %, 0 MiB
2026/08/03 11:17:27.542, 6, P0, 33, 242.50 W, 1965 MHz, 3996 MHz, 0 %, 0 MiB
2026/08/03 11:17:27.542, 7, P0, 37, 243.39 W, 1965 MHz, 3996 MHz, 0 %, 0 MiB
2026/08/03 11:17:28.542, 0, P0, 36, 243.75 W, 1965 MHz, 3996 MHz, 0 %, 168479 MiB
2026/08/03 11:17:28.542, 1, P0, 33, 240.64 W, 1965 MHz, 3996 MHz, 0 %, 168479 MiB
2026/08/03 11:17:28.542, 2, P0, 36, 236.38 W, 1965 MHz, 3996 MHz, 0 %, 0 MiB
2026/08/03 11:17:28.542, 3, P0, 33, 238.87 W, 1965 MHz, 3996 MHz, 0 %, 0 MiB
2026/08/03 11:17:28.542, 4, P0, 33, 235.89 W, 1965 MHz, 3996 MHz, 0 %, 0 MiB
2026/08/03 11:17:28.542, 5, P0, 36, 244.79 W, 1965 MHz, 3996 MHz, 0 %, 0 MiB
2026/08/03 11:17:28.542, 6, P0, 33, 242.51 W, 1965 MHz, 3996 MHz, 0 %, 0 MiB
2026/08/03 11:17:28.542, 7, P0, 37, 243.33 W, 1965 MHz, 3996 MHz, 0 %, 0 MiB
2026/08/03 11:17:29.542, 0, P0, 36, 243.70 W, 1965 MHz, 3996 MHz, 0 %, 168479 MiB
2026/08/03 11:17:29.543, 1, P0, 33, 240.64 W, 1965 MHz, 3996 MHz, 0 %, 168479 MiB
2026/08/03 11:17:29.543, 2, P0, 36, 236.49 W, 1965 MHz, 3996 MHz, 0 %, 0 MiB
2026/08/03 11:17:29.543, 3, P0, 33, 238.82 W, 1965 MHz, 3996 MHz, 0 %, 0 MiB
2026/08/03 11:17:29.543, 4, P0, 33, 235.90 W, 1965 MHz, 3996 MHz, 0 %, 0 MiB
2026/08/03 11:17:29.543, 5, P0, 36, 244.82 W, 1965 MHz, 3996 MHz, 0 %, 0 MiB
2026/08/03 11:17:29.543, 6, P0, 33, 242.59 W, 1965 MHz, 3996 MHz, 0 %, 0 MiB
2026/08/03 11:17:29.543, 7, P0, 37, 243.41 W, 1965 MHz, 3996 MHz, 0 %, 0 MiB
2026/08/03 11:17:30.543, 0, P0, 36, 243.64 W, 1965 MHz, 3996 MHz, 0 %, 168479 MiB
2026/08/03 11:17:30.543, 1, P0, 33, 240.57 W, 1965 MHz, 3996 MHz, 0 %, 168479 MiB
2026/08/03 11:17:30.543, 2, P0, 36, 236.48 W, 1965 MHz, 3996 MHz, 0 %, 0 MiB
2026/08/03 11:17:30.543, 3, P0, 33, 238.89 W, 1965 MHz, 3996 MHz, 0 %, 0 MiB
2026/08/03 11:17:30.543, 4, P0, 33, 235.89 W, 1965 MHz, 3996 MHz, 0 %, 0 MiB
2026/08/03 11:17:30.543, 5, P0, 36, 244.80 W, 1965 MHz, 3996 MHz, 0 %, 0 MiB
2026/08/03 11:17:30.543, 6, P0, 33, 242.54 W, 1965 MHz, 3996 MHz, 0 %, 0 MiB
2026/08/03 11:17:30.543, 7, P0, 37, 243.40 W, 1965 MHz, 3996 MHz, 0 %, 0 MiB
2026/08/03 11:17:31.543, 0, P0, 36, 243.66 W, 1965 MHz, 3996 MHz, 0 %, 168479 MiB
2026/08/03 11:17:31.543, 1, P0, 33, 240.57 W, 1965 MHz, 3996 MHz, 0 %, 168479 MiB
2026/08/03 11:17:31.543, 2, P0, 36, 236.33 W, 1965 MHz, 3996 MHz, 0 %, 0 MiB
2026/08/03 11:17:31.543, 3, P0, 33, 238.71 W, 1965 MHz, 3996 MHz, 0 %, 0 MiB
2026/08/03 11:17:31.543, 4, P0, 33, 235.90 W, 1965 MHz, 3996 MHz, 0 %, 0 MiB
2026/08/03 11:17:31.543, 5, P0, 36, 244.81 W, 1965 MHz, 3996 MHz, 0 %, 0 MiB
2026/08/03 11:17:31.543, 6, P0, 33, 242.48 W, 1965 MHz, 3996 MHz, 0 %, 0 MiB
2026/08/03 11:17:31.543, 7, P0, 37, 243.40 W, 1965 MHz, 3996 MHz, 0 %, 0 MiB
2026/08/03 11:17:32.544, 0, P0, 36, 243.61 W, 1965 MHz, 3996 MHz, 0 %, 168479 MiB
2026/08/03 11:17:32.544, 1, P0, 33, 240.56 W, 1965 MHz, 3996 MHz, 0 %, 168479 MiB
2026/08/03 11:17:32.544, 2, P0, 36, 236.44 W, 1965 MHz, 3996 MHz, 0 %, 0 MiB
2026/08/03 11:17:32.544, 3, P0, 33, 238.72 W, 1965 MHz, 3996 MHz, 0 %, 0 MiB
2026/08/03 11:17:32.544, 4, P0, 33, 235.91 W, 1965 MHz, 3996 MHz, 0 %, 0 MiB
2026/08/03 11:17:32.544, 5, P0, 36, 244.75 W, 1965 MHz, 3996 MHz, 0 %, 0 MiB
2026/08/03 11:17:32.544, 6, P0, 33, 242.51 W, 1965 MHz, 3996 MHz, 0 %, 0 MiB
2026/08/03 11:17:32.544, 7, P0, 37, 243.38 W, 1965 MHz, 3996 MHz, 0 %, 0 MiB
2026/08/03 11:17:33.544, 0, P0, 36, 243.61 W, 1965 MHz, 3996 MHz, 0 %, 168479 MiB
2026/08/03 11:17:33.544, 1, P0, 33, 240.55 W, 1965 MHz, 3996 MHz, 0 %, 168479 MiB
2026/08/03 11:17:33.544, 2, P0, 36, 236.48 W, 1965 MHz, 3996 MHz, 0 %, 0 MiB
2026/08/03 11:17:33.544, 3, P0, 33, 238.79 W, 1965 MHz, 3996 MHz, 0 %, 0 MiB
2026/08/03 11:17:33.544, 4, P0, 33, 235.89 W, 1965 MHz, 3996 MHz, 0 %, 0 MiB
2026/08/03 11:17:33.544, 5, P0, 36, 244.83 W, 1965 MHz, 3996 MHz, 0 %, 0 MiB
2026/08/03 11:17:33.544, 6, P0, 33, 242.55 W, 1965 MHz, 3996 MHz, 0 %, 0 MiB
2026/08/03 11:17:33.544, 7, P0, 37, 243.36 W, 1965 MHz, 3996 MHz, 0 %, 0 MiB
2026/08/03 11:17:34.544, 0, P0, 36, 243.61 W, 1965 MHz, 3996 MHz, 0 %, 168479 MiB
2026/08/03 11:17:34.545, 1, P0, 33, 240.55 W, 1965 MHz, 3996 MHz, 0 %, 168479 MiB
2026/08/03 11:17:34.545, 2, P0, 36, 236.41 W, 1965 MHz, 3996 MHz, 0 %, 0 MiB
2026/08/03 11:17:34.545, 3, P0, 33, 238.85 W, 1965 MHz, 3996 MHz, 0 %, 0 MiB
2026/08/03 11:17:34.545, 4, P0, 33, 235.89 W, 1965 MHz, 3996 MHz, 0 %, 0 MiB
2026/08/03 11:17:34.545, 5, P0, 36, 244.85 W, 1965 MHz, 3996 MHz, 0 %, 0 MiB
2026/08/03 11:17:34.545, 6, P0, 33, 242.54 W, 1965 MHz, 3996 MHz, 0 %, 0 MiB
2026/08/03 11:17:34.545, 7, P0, 37, 243.40 W, 1965 MHz, 3996 MHz, 0 %, 0 MiB
2026/08/03 11:17:35.545, 0, P0, 36, 243.65 W, 1965 MHz, 3996 MHz, 0 %, 168479 MiB
2026/08/03 11:17:35.545, 1, P0, 33, 240.52 W, 1965 MHz, 3996 MHz, 0 %, 168479 MiB
2026/08/03 11:17:35.545, 2, P0, 36, 236.44 W, 1965 MHz, 3996 MHz, 0 %, 0 MiB
2026/08/03 11:17:35.545, 3, P0, 33, 238.86 W, 1965 MHz, 3996 MHz, 0 %, 0 MiB
2026/08/03 11:17:35.545, 4, P0, 33, 235.90 W, 1965 MHz, 3996 MHz, 0 %, 0 MiB
2026/08/03 11:17:35.545, 5, P0, 36, 244.81 W, 1965 MHz, 3996 MHz, 0 %, 0 MiB
2026/08/03 11:17:35.545, 6, P0, 33, 242.75 W, 1965 MHz, 3996 MHz, 0 %, 0 MiB
2026/08/03 11:17:35.545, 7, P0, 37, 243.36 W, 1965 MHz, 3996 MHz, 0 %, 0 MiB
2026/08/03 11:17:36.545, 0, P0, 36, 243.68 W, 1965 MHz, 3996 MHz, 0 %, 168479 MiB
2026/08/03 11:17:36.545, 1, P0, 33, 240.56 W, 1965 MHz, 3996 MHz, 0 %, 168479 MiB
2026/08/03 11:17:36.545, 2, P0, 36, 236.47 W, 1965 MHz, 3996 MHz, 0 %, 0 MiB
2026/08/03 11:17:36.545, 3, P0, 33, 238.84 W, 1965 MHz, 3996 MHz, 0 %, 0 MiB
2026/08/03 11:17:36.545, 4, P0, 33, 235.93 W, 1965 MHz, 3996 MHz, 0 %, 0 MiB
2026/08/03 11:17:36.545, 5, P0, 36, 244.86 W, 1965 MHz, 3996 MHz, 0 %, 0 MiB
2026/08/03 11:17:36.545, 6, P0, 33, 242.57 W, 1965 MHz, 3996 MHz, 0 %, 0 MiB
2026/08/03 11:17:36.545, 7, P0, 37, 243.40 W, 1965 MHz, 3996 MHz, 0 %, 0 MiB
2026/08/03 11:17:37.545, 0, P0, 36, 252.41 W, 1965 MHz, 3996 MHz, 15 %, 4 MiB
2026/08/03 11:17:37.546, 1, P0, 33, 248.52 W, 1965 MHz, 3996 MHz, 0 %, 4 MiB
2026/08/03 11:17:37.546, 2, P0, 36, 236.42 W, 1965 MHz, 3996 MHz, 0 %, 0 MiB
2026/08/03 11:17:37.546, 3, P0, 33, 238.87 W, 1965 MHz, 3996 MHz, 0 %, 0 MiB
2026/08/03 11:17:37.546, 4, P0, 33, 235.94 W, 1965 MHz, 3996 MHz, 0 %, 0 MiB
2026/08/03 11:17:37.546, 5, P0, 36, 244.94 W, 1965 MHz, 3996 MHz, 0 %, 0 MiB
2026/08/03 11:17:37.546, 6, P0, 33, 242.57 W, 1965 MHz, 3996 MHz, 0 %, 0 MiB
2026/08/03 11:17:37.546, 7, P0, 37, 243.40 W, 1965 MHz, 3996 MHz, 0 %, 0 MiB
2026/08/03 11:17:38.546, 0, P0, 36, 243.68 W, 1965 MHz, 3996 MHz, 0 %, 4 MiB
2026/08/03 11:17:38.546, 1, P0, 33, 240.57 W, 1965 MHz, 3996 MHz, 0 %, 4 MiB
2026/08/03 11:17:38.546, 2, P0, 36, 236.44 W, 1965 MHz, 3996 MHz, 0 %, 0 MiB
2026/08/03 11:17:38.546, 3, P0, 33, 238.92 W, 1965 MHz, 3996 MHz, 0 %, 0 MiB
2026/08/03 11:17:38.546, 4, P0, 33, 235.93 W, 1965 MHz, 3996 MHz, 0 %, 0 MiB
2026/08/03 11:17:38.546, 5, P0, 36, 244.84 W, 1965 MHz, 3996 MHz, 0 %, 0 MiB
2026/08/03 11:17:38.546, 6, P0, 33, 242.64 W, 1965 MHz, 3996 MHz, 0 %, 0 MiB
2026/08/03 11:17:38.546, 7, P0, 37, 243.46 W, 1965 MHz, 3996 MHz, 0 %, 0 MiB
