phase,left_model,right_model,left_workload,right_workload,left_tp,right_tp,left_calls,right_calls,calls_ratio,left_logical_payload_bytes,right_logical_payload_bytes,relative_payload_gap,different_model,different_tp,different_ops,histogram_tv,log_payload_wasserstein,left_histogram_json,right_histogram_json
decode,qwen3-8b,qwen3-8b,decode-tp2-b1-l128-m512,decode-tp2-b16-l128-m32,2,2,37303,2263,16.483870967741936,305586176,296615936,0.029354207436399216,False,False,False,1.0,4.0,"{""all_reduce:8192"":37303}","{""all_reduce:131072"":2263}"
decode,qwen3-8b,qwen3-8b,decode-tp2-b1-l128-m512,decode-tp2-b16-l2048-m32,2,2,37303,2263,16.483870967741936,305586176,296615936,0.029354207436399216,False,False,False,1.0,4.0,"{""all_reduce:8192"":37303}","{""all_reduce:131072"":2263}"
decode,qwen3-8b,qwen3-8b,decode-tp2-b1-l128-m512,decode-tp2-b16-l8192-m32,2,2,37303,2263,16.483870967741936,305586176,296615936,0.029354207436399216,False,False,False,1.0,4.0,"{""all_reduce:8192"":37303}","{""all_reduce:131072"":2263}"
decode,qwen3-8b,qwen3-8b,decode-tp2-b1-l128-m512,decode-tp4-b16-l128-m32,2,4,37303,2263,16.483870967741936,305586176,296615936,0.029354207436399216,False,True,False,1.0,4.0,"{""all_reduce:8192"":37303}","{""all_reduce:131072"":2263}"
decode,qwen3-8b,qwen3-8b,decode-tp2-b1-l128-m512,decode-tp4-b16-l2048-m32,2,4,37303,2263,16.483870967741936,305586176,296615936,0.029354207436399216,False,True,False,1.0,4.0,"{""all_reduce:8192"":37303}","{""all_reduce:131072"":2263}"
decode,qwen3-8b,qwen3-8b,decode-tp2-b1-l128-m512,decode-tp4-b16-l8192-m32,2,4,37303,2263,16.483870967741936,305586176,296615936,0.029354207436399216,False,True,False,1.0,4.0,"{""all_reduce:8192"":37303}","{""all_reduce:131072"":2263}"
decode,qwen3-8b,qwen3-8b,decode-tp2-b1-l128-m512,decode-tp8-b16-l128-m32,2,8,37303,2263,16.483870967741936,305586176,296615936,0.029354207436399216,False,True,False,1.0,4.0,"{""all_reduce:8192"":37303}","{""all_reduce:131072"":2263}"
decode,qwen3-8b,qwen3-8b,decode-tp2-b1-l128-m512,decode-tp8-b16-l2048-m32,2,8,37303,2263,16.483870967741936,305586176,296615936,0.029354207436399216,False,True,False,1.0,4.0,"{""all_reduce:8192"":37303}","{""all_reduce:131072"":2263}"
decode,qwen3-8b,qwen3-8b,decode-tp2-b1-l128-m512,decode-tp8-b16-l8192-m32,2,8,37303,2263,16.483870967741936,305586176,296615936,0.029354207436399216,False,True,False,1.0,4.0,"{""all_reduce:8192"":37303}","{""all_reduce:131072"":2263}"
decode,qwen3-8b,qwen3-8b,decode-tp2-b1-l2048-m512,decode-tp2-b16-l128-m32,2,2,37303,2263,16.483870967741936,305586176,296615936,0.029354207436399216,False,False,False,1.0,4.0,"{""all_reduce:8192"":37303}","{""all_reduce:131072"":2263}"
decode,qwen3-8b,qwen3-8b,decode-tp2-b1-l2048-m512,decode-tp2-b16-l2048-m32,2,2,37303,2263,16.483870967741936,305586176,296615936,0.029354207436399216,False,False,False,1.0,4.0,"{""all_reduce:8192"":37303}","{""all_reduce:131072"":2263}"
decode,qwen3-8b,qwen3-8b,decode-tp2-b1-l2048-m512,decode-tp2-b16-l8192-m32,2,2,37303,2263,16.483870967741936,305586176,296615936,0.029354207436399216,False,False,False,1.0,4.0,"{""all_reduce:8192"":37303}","{""all_reduce:131072"":2263}"
decode,qwen3-8b,qwen3-8b,decode-tp2-b1-l2048-m512,decode-tp4-b16-l128-m32,2,4,37303,2263,16.483870967741936,305586176,296615936,0.029354207436399216,False,True,False,1.0,4.0,"{""all_reduce:8192"":37303}","{""all_reduce:131072"":2263}"
decode,qwen3-8b,qwen3-8b,decode-tp2-b1-l2048-m512,decode-tp4-b16-l2048-m32,2,4,37303,2263,16.483870967741936,305586176,296615936,0.029354207436399216,False,True,False,1.0,4.0,"{""all_reduce:8192"":37303}","{""all_reduce:131072"":2263}"
decode,qwen3-8b,qwen3-8b,decode-tp2-b1-l2048-m512,decode-tp4-b16-l8192-m32,2,4,37303,2263,16.483870967741936,305586176,296615936,0.029354207436399216,False,True,False,1.0,4.0,"{""all_reduce:8192"":37303}","{""all_reduce:131072"":2263}"
decode,qwen3-8b,qwen3-8b,decode-tp2-b1-l2048-m512,decode-tp8-b16-l128-m32,2,8,37303,2263,16.483870967741936,305586176,296615936,0.029354207436399216,False,True,False,1.0,4.0,"{""all_reduce:8192"":37303}","{""all_reduce:131072"":2263}"
decode,qwen3-8b,qwen3-8b,decode-tp2-b1-l2048-m512,decode-tp8-b16-l2048-m32,2,8,37303,2263,16.483870967741936,305586176,296615936,0.029354207436399216,False,True,False,1.0,4.0,"{""all_reduce:8192"":37303}","{""all_reduce:131072"":2263}"
decode,qwen3-8b,qwen3-8b,decode-tp2-b1-l2048-m512,decode-tp8-b16-l8192-m32,2,8,37303,2263,16.483870967741936,305586176,296615936,0.029354207436399216,False,True,False,1.0,4.0,"{""all_reduce:8192"":37303}","{""all_reduce:131072"":2263}"
decode,qwen3-8b,qwen3-8b,decode-tp2-b1-l8192-m512,decode-tp2-b16-l128-m32,2,2,37303,2263,16.483870967741936,305586176,296615936,0.029354207436399216,False,False,False,1.0,4.0,"{""all_reduce:8192"":37303}","{""all_reduce:131072"":2263}"
decode,qwen3-8b,qwen3-8b,decode-tp2-b1-l8192-m512,decode-tp2-b16-l2048-m32,2,2,37303,2263,16.483870967741936,305586176,296615936,0.029354207436399216,False,False,False,1.0,4.0,"{""all_reduce:8192"":37303}","{""all_reduce:131072"":2263}"
decode,qwen3-8b,qwen3-8b,decode-tp2-b1-l8192-m512,decode-tp2-b16-l8192-m32,2,2,37303,2263,16.483870967741936,305586176,296615936,0.029354207436399216,False,False,False,1.0,4.0,"{""all_reduce:8192"":37303}","{""all_reduce:131072"":2263}"
decode,qwen3-8b,qwen3-8b,decode-tp2-b1-l8192-m512,decode-tp4-b16-l128-m32,2,4,37303,2263,16.483870967741936,305586176,296615936,0.029354207436399216,False,True,False,1.0,4.0,"{""all_reduce:8192"":37303}","{""all_reduce:131072"":2263}"
decode,qwen3-8b,qwen3-8b,decode-tp2-b1-l8192-m512,decode-tp4-b16-l2048-m32,2,4,37303,2263,16.483870967741936,305586176,296615936,0.029354207436399216,False,True,False,1.0,4.0,"{""all_reduce:8192"":37303}","{""all_reduce:131072"":2263}"
decode,qwen3-8b,qwen3-8b,decode-tp2-b1-l8192-m512,decode-tp4-b16-l8192-m32,2,4,37303,2263,16.483870967741936,305586176,296615936,0.029354207436399216,False,True,False,1.0,4.0,"{""all_reduce:8192"":37303}","{""all_reduce:131072"":2263}"
decode,qwen3-8b,qwen3-8b,decode-tp2-b1-l8192-m512,decode-tp8-b16-l128-m32,2,8,37303,2263,16.483870967741936,305586176,296615936,0.029354207436399216,False,True,False,1.0,4.0,"{""all_reduce:8192"":37303}","{""all_reduce:131072"":2263}"
decode,qwen3-8b,qwen3-8b,decode-tp2-b1-l8192-m512,decode-tp8-b16-l2048-m32,2,8,37303,2263,16.483870967741936,305586176,296615936,0.029354207436399216,False,True,False,1.0,4.0,"{""all_reduce:8192"":37303}","{""all_reduce:131072"":2263}"
decode,qwen3-8b,qwen3-8b,decode-tp2-b1-l8192-m512,decode-tp8-b16-l8192-m32,2,8,37303,2263,16.483870967741936,305586176,296615936,0.029354207436399216,False,True,False,1.0,4.0,"{""all_reduce:8192"":37303}","{""all_reduce:131072"":2263}"
decode,qwen3-8b,qwen3-8b,decode-tp2-b16-l128-m32,decode-tp4-b1-l128-m512,2,4,2263,37303,16.483870967741936,296615936,305586176,0.029354207436399216,False,True,False,1.0,4.0,"{""all_reduce:131072"":2263}","{""all_reduce:8192"":37303}"
decode,qwen3-8b,qwen3-8b,decode-tp2-b16-l128-m32,decode-tp4-b1-l2048-m512,2,4,2263,37303,16.483870967741936,296615936,305586176,0.029354207436399216,False,True,False,1.0,4.0,"{""all_reduce:131072"":2263}","{""all_reduce:8192"":37303}"
decode,qwen3-8b,qwen3-8b,decode-tp2-b16-l128-m32,decode-tp4-b1-l8192-m512,2,4,2263,37303,16.483870967741936,296615936,305586176,0.029354207436399216,False,True,False,1.0,4.0,"{""all_reduce:131072"":2263}","{""all_reduce:8192"":37303}"
decode,qwen3-8b,qwen3-8b,decode-tp2-b16-l128-m32,decode-tp8-b1-l128-m512,2,8,2263,37303,16.483870967741936,296615936,305586176,0.029354207436399216,False,True,False,1.0,4.0,"{""all_reduce:131072"":2263}","{""all_reduce:8192"":37303}"
decode,qwen3-8b,qwen3-8b,decode-tp2-b16-l128-m32,decode-tp8-b1-l2048-m512,2,8,2263,37303,16.483870967741936,296615936,305586176,0.029354207436399216,False,True,False,1.0,4.0,"{""all_reduce:131072"":2263}","{""all_reduce:8192"":37303}"
decode,qwen3-8b,qwen3-8b,decode-tp2-b16-l128-m32,decode-tp8-b1-l8192-m512,2,8,2263,37303,16.483870967741936,296615936,305586176,0.029354207436399216,False,True,False,1.0,4.0,"{""all_reduce:131072"":2263}","{""all_reduce:8192"":37303}"
decode,qwen3-8b,qwen3-8b,decode-tp2-b16-l2048-m32,decode-tp4-b1-l128-m512,2,4,2263,37303,16.483870967741936,296615936,305586176,0.029354207436399216,False,True,False,1.0,4.0,"{""all_reduce:131072"":2263}","{""all_reduce:8192"":37303}"
decode,qwen3-8b,qwen3-8b,decode-tp2-b16-l2048-m32,decode-tp4-b1-l2048-m512,2,4,2263,37303,16.483870967741936,296615936,305586176,0.029354207436399216,False,True,False,1.0,4.0,"{""all_reduce:131072"":2263}","{""all_reduce:8192"":37303}"
decode,qwen3-8b,qwen3-8b,decode-tp2-b16-l2048-m32,decode-tp4-b1-l8192-m512,2,4,2263,37303,16.483870967741936,296615936,305586176,0.029354207436399216,False,True,False,1.0,4.0,"{""all_reduce:131072"":2263}","{""all_reduce:8192"":37303}"
decode,qwen3-8b,qwen3-8b,decode-tp2-b16-l2048-m32,decode-tp8-b1-l128-m512,2,8,2263,37303,16.483870967741936,296615936,305586176,0.029354207436399216,False,True,False,1.0,4.0,"{""all_reduce:131072"":2263}","{""all_reduce:8192"":37303}"
decode,qwen3-8b,qwen3-8b,decode-tp2-b16-l2048-m32,decode-tp8-b1-l2048-m512,2,8,2263,37303,16.483870967741936,296615936,305586176,0.029354207436399216,False,True,False,1.0,4.0,"{""all_reduce:131072"":2263}","{""all_reduce:8192"":37303}"
decode,qwen3-8b,qwen3-8b,decode-tp2-b16-l2048-m32,decode-tp8-b1-l8192-m512,2,8,2263,37303,16.483870967741936,296615936,305586176,0.029354207436399216,False,True,False,1.0,4.0,"{""all_reduce:131072"":2263}","{""all_reduce:8192"":37303}"
decode,qwen3-8b,qwen3-8b,decode-tp2-b16-l8192-m32,decode-tp4-b1-l128-m512,2,4,2263,37303,16.483870967741936,296615936,305586176,0.029354207436399216,False,True,False,1.0,4.0,"{""all_reduce:131072"":2263}","{""all_reduce:8192"":37303}"
decode,qwen3-8b,qwen3-8b,decode-tp2-b16-l8192-m32,decode-tp4-b1-l2048-m512,2,4,2263,37303,16.483870967741936,296615936,305586176,0.029354207436399216,False,True,False,1.0,4.0,"{""all_reduce:131072"":2263}","{""all_reduce:8192"":37303}"
decode,qwen3-8b,qwen3-8b,decode-tp2-b16-l8192-m32,decode-tp4-b1-l8192-m512,2,4,2263,37303,16.483870967741936,296615936,305586176,0.029354207436399216,False,True,False,1.0,4.0,"{""all_reduce:131072"":2263}","{""all_reduce:8192"":37303}"
decode,qwen3-8b,qwen3-8b,decode-tp2-b16-l8192-m32,decode-tp8-b1-l128-m512,2,8,2263,37303,16.483870967741936,296615936,305586176,0.029354207436399216,False,True,False,1.0,4.0,"{""all_reduce:131072"":2263}","{""all_reduce:8192"":37303}"
decode,qwen3-8b,qwen3-8b,decode-tp2-b16-l8192-m32,decode-tp8-b1-l2048-m512,2,8,2263,37303,16.483870967741936,296615936,305586176,0.029354207436399216,False,True,False,1.0,4.0,"{""all_reduce:131072"":2263}","{""all_reduce:8192"":37303}"
decode,qwen3-8b,qwen3-8b,decode-tp2-b16-l8192-m32,decode-tp8-b1-l8192-m512,2,8,2263,37303,16.483870967741936,296615936,305586176,0.029354207436399216,False,True,False,1.0,4.0,"{""all_reduce:131072"":2263}","{""all_reduce:8192"":37303}"
decode,qwen3-8b,qwen3-8b,decode-tp4-b1-l128-m512,decode-tp4-b16-l128-m32,4,4,37303,2263,16.483870967741936,305586176,296615936,0.029354207436399216,False,False,False,1.0,4.0,"{""all_reduce:8192"":37303}","{""all_reduce:131072"":2263}"
decode,qwen3-8b,qwen3-8b,decode-tp4-b1-l128-m512,decode-tp4-b16-l2048-m32,4,4,37303,2263,16.483870967741936,305586176,296615936,0.029354207436399216,False,False,False,1.0,4.0,"{""all_reduce:8192"":37303}","{""all_reduce:131072"":2263}"
decode,qwen3-8b,qwen3-8b,decode-tp4-b1-l128-m512,decode-tp4-b16-l8192-m32,4,4,37303,2263,16.483870967741936,305586176,296615936,0.029354207436399216,False,False,False,1.0,4.0,"{""all_reduce:8192"":37303}","{""all_reduce:131072"":2263}"
decode,qwen3-8b,qwen3-8b,decode-tp4-b1-l128-m512,decode-tp8-b16-l128-m32,4,8,37303,2263,16.483870967741936,305586176,296615936,0.029354207436399216,False,True,False,1.0,4.0,"{""all_reduce:8192"":37303}","{""all_reduce:131072"":2263}"
decode,qwen3-8b,qwen3-8b,decode-tp4-b1-l128-m512,decode-tp8-b16-l2048-m32,4,8,37303,2263,16.483870967741936,305586176,296615936,0.029354207436399216,False,True,False,1.0,4.0,"{""all_reduce:8192"":37303}","{""all_reduce:131072"":2263}"
decode,qwen3-8b,qwen3-8b,decode-tp4-b1-l128-m512,decode-tp8-b16-l8192-m32,4,8,37303,2263,16.483870967741936,305586176,296615936,0.029354207436399216,False,True,False,1.0,4.0,"{""all_reduce:8192"":37303}","{""all_reduce:131072"":2263}"
decode,qwen3-8b,qwen3-8b,decode-tp4-b1-l2048-m512,decode-tp4-b16-l128-m32,4,4,37303,2263,16.483870967741936,305586176,296615936,0.029354207436399216,False,False,False,1.0,4.0,"{""all_reduce:8192"":37303}","{""all_reduce:131072"":2263}"
decode,qwen3-8b,qwen3-8b,decode-tp4-b1-l2048-m512,decode-tp4-b16-l2048-m32,4,4,37303,2263,16.483870967741936,305586176,296615936,0.029354207436399216,False,False,False,1.0,4.0,"{""all_reduce:8192"":37303}","{""all_reduce:131072"":2263}"
decode,qwen3-8b,qwen3-8b,decode-tp4-b1-l2048-m512,decode-tp4-b16-l8192-m32,4,4,37303,2263,16.483870967741936,305586176,296615936,0.029354207436399216,False,False,False,1.0,4.0,"{""all_reduce:8192"":37303}","{""all_reduce:131072"":2263}"
decode,qwen3-8b,qwen3-8b,decode-tp4-b1-l2048-m512,decode-tp8-b16-l128-m32,4,8,37303,2263,16.483870967741936,305586176,296615936,0.029354207436399216,False,True,False,1.0,4.0,"{""all_reduce:8192"":37303}","{""all_reduce:131072"":2263}"
decode,qwen3-8b,qwen3-8b,decode-tp4-b1-l2048-m512,decode-tp8-b16-l2048-m32,4,8,37303,2263,16.483870967741936,305586176,296615936,0.029354207436399216,False,True,False,1.0,4.0,"{""all_reduce:8192"":37303}","{""all_reduce:131072"":2263}"
decode,qwen3-8b,qwen3-8b,decode-tp4-b1-l2048-m512,decode-tp8-b16-l8192-m32,4,8,37303,2263,16.483870967741936,305586176,296615936,0.029354207436399216,False,True,False,1.0,4.0,"{""all_reduce:8192"":37303}","{""all_reduce:131072"":2263}"
decode,qwen3-8b,qwen3-8b,decode-tp4-b1-l8192-m512,decode-tp4-b16-l128-m32,4,4,37303,2263,16.483870967741936,305586176,296615936,0.029354207436399216,False,False,False,1.0,4.0,"{""all_reduce:8192"":37303}","{""all_reduce:131072"":2263}"
decode,qwen3-8b,qwen3-8b,decode-tp4-b1-l8192-m512,decode-tp4-b16-l2048-m32,4,4,37303,2263,16.483870967741936,305586176,296615936,0.029354207436399216,False,False,False,1.0,4.0,"{""all_reduce:8192"":37303}","{""all_reduce:131072"":2263}"
decode,qwen3-8b,qwen3-8b,decode-tp4-b1-l8192-m512,decode-tp4-b16-l8192-m32,4,4,37303,2263,16.483870967741936,305586176,296615936,0.029354207436399216,False,False,False,1.0,4.0,"{""all_reduce:8192"":37303}","{""all_reduce:131072"":2263}"
decode,qwen3-8b,qwen3-8b,decode-tp4-b1-l8192-m512,decode-tp8-b16-l128-m32,4,8,37303,2263,16.483870967741936,305586176,296615936,0.029354207436399216,False,True,False,1.0,4.0,"{""all_reduce:8192"":37303}","{""all_reduce:131072"":2263}"
decode,qwen3-8b,qwen3-8b,decode-tp4-b1-l8192-m512,decode-tp8-b16-l2048-m32,4,8,37303,2263,16.483870967741936,305586176,296615936,0.029354207436399216,False,True,False,1.0,4.0,"{""all_reduce:8192"":37303}","{""all_reduce:131072"":2263}"
decode,qwen3-8b,qwen3-8b,decode-tp4-b1-l8192-m512,decode-tp8-b16-l8192-m32,4,8,37303,2263,16.483870967741936,305586176,296615936,0.029354207436399216,False,True,False,1.0,4.0,"{""all_reduce:8192"":37303}","{""all_reduce:131072"":2263}"
decode,qwen3-8b,qwen3-8b,decode-tp4-b16-l128-m32,decode-tp8-b1-l128-m512,4,8,2263,37303,16.483870967741936,296615936,305586176,0.029354207436399216,False,True,False,1.0,4.0,"{""all_reduce:131072"":2263}","{""all_reduce:8192"":37303}"
decode,qwen3-8b,qwen3-8b,decode-tp4-b16-l128-m32,decode-tp8-b1-l2048-m512,4,8,2263,37303,16.483870967741936,296615936,305586176,0.029354207436399216,False,True,False,1.0,4.0,"{""all_reduce:131072"":2263}","{""all_reduce:8192"":37303}"
decode,qwen3-8b,qwen3-8b,decode-tp4-b16-l128-m32,decode-tp8-b1-l8192-m512,4,8,2263,37303,16.483870967741936,296615936,305586176,0.029354207436399216,False,True,False,1.0,4.0,"{""all_reduce:131072"":2263}","{""all_reduce:8192"":37303}"
decode,qwen3-8b,qwen3-8b,decode-tp4-b16-l2048-m32,decode-tp8-b1-l128-m512,4,8,2263,37303,16.483870967741936,296615936,305586176,0.029354207436399216,False,True,False,1.0,4.0,"{""all_reduce:131072"":2263}","{""all_reduce:8192"":37303}"
decode,qwen3-8b,qwen3-8b,decode-tp4-b16-l2048-m32,decode-tp8-b1-l2048-m512,4,8,2263,37303,16.483870967741936,296615936,305586176,0.029354207436399216,False,True,False,1.0,4.0,"{""all_reduce:131072"":2263}","{""all_reduce:8192"":37303}"
decode,qwen3-8b,qwen3-8b,decode-tp4-b16-l2048-m32,decode-tp8-b1-l8192-m512,4,8,2263,37303,16.483870967741936,296615936,305586176,0.029354207436399216,False,True,False,1.0,4.0,"{""all_reduce:131072"":2263}","{""all_reduce:8192"":37303}"
decode,qwen3-8b,qwen3-8b,decode-tp4-b16-l8192-m32,decode-tp8-b1-l128-m512,4,8,2263,37303,16.483870967741936,296615936,305586176,0.029354207436399216,False,True,False,1.0,4.0,"{""all_reduce:131072"":2263}","{""all_reduce:8192"":37303}"
decode,qwen3-8b,qwen3-8b,decode-tp4-b16-l8192-m32,decode-tp8-b1-l2048-m512,4,8,2263,37303,16.483870967741936,296615936,305586176,0.029354207436399216,False,True,False,1.0,4.0,"{""all_reduce:131072"":2263}","{""all_reduce:8192"":37303}"
decode,qwen3-8b,qwen3-8b,decode-tp4-b16-l8192-m32,decode-tp8-b1-l8192-m512,4,8,2263,37303,16.483870967741936,296615936,305586176,0.029354207436399216,False,True,False,1.0,4.0,"{""all_reduce:131072"":2263}","{""all_reduce:8192"":37303}"
decode,qwen3-8b,qwen3-8b,decode-tp8-b1-l128-m512,decode-tp8-b16-l128-m32,8,8,37303,2263,16.483870967741936,305586176,296615936,0.029354207436399216,False,False,False,1.0,4.0,"{""all_reduce:8192"":37303}","{""all_reduce:131072"":2263}"
decode,qwen3-8b,qwen3-8b,decode-tp8-b1-l128-m512,decode-tp8-b16-l2048-m32,8,8,37303,2263,16.483870967741936,305586176,296615936,0.029354207436399216,False,False,False,1.0,4.0,"{""all_reduce:8192"":37303}","{""all_reduce:131072"":2263}"
decode,qwen3-8b,qwen3-8b,decode-tp8-b1-l128-m512,decode-tp8-b16-l8192-m32,8,8,37303,2263,16.483870967741936,305586176,296615936,0.029354207436399216,False,False,False,1.0,4.0,"{""all_reduce:8192"":37303}","{""all_reduce:131072"":2263}"
decode,qwen3-8b,qwen3-8b,decode-tp8-b1-l2048-m512,decode-tp8-b16-l128-m32,8,8,37303,2263,16.483870967741936,305586176,296615936,0.029354207436399216,False,False,False,1.0,4.0,"{""all_reduce:8192"":37303}","{""all_reduce:131072"":2263}"
decode,qwen3-8b,qwen3-8b,decode-tp8-b1-l2048-m512,decode-tp8-b16-l2048-m32,8,8,37303,2263,16.483870967741936,305586176,296615936,0.029354207436399216,False,False,False,1.0,4.0,"{""all_reduce:8192"":37303}","{""all_reduce:131072"":2263}"
decode,qwen3-8b,qwen3-8b,decode-tp8-b1-l2048-m512,decode-tp8-b16-l8192-m32,8,8,37303,2263,16.483870967741936,305586176,296615936,0.029354207436399216,False,False,False,1.0,4.0,"{""all_reduce:8192"":37303}","{""all_reduce:131072"":2263}"
decode,qwen3-8b,qwen3-8b,decode-tp8-b1-l8192-m512,decode-tp8-b16-l128-m32,8,8,37303,2263,16.483870967741936,305586176,296615936,0.029354207436399216,False,False,False,1.0,4.0,"{""all_reduce:8192"":37303}","{""all_reduce:131072"":2263}"
decode,qwen3-8b,qwen3-8b,decode-tp8-b1-l8192-m512,decode-tp8-b16-l2048-m32,8,8,37303,2263,16.483870967741936,305586176,296615936,0.029354207436399216,False,False,False,1.0,4.0,"{""all_reduce:8192"":37303}","{""all_reduce:131072"":2263}"
decode,qwen3-8b,qwen3-8b,decode-tp8-b1-l8192-m512,decode-tp8-b16-l8192-m32,8,8,37303,2263,16.483870967741936,305586176,296615936,0.029354207436399216,False,False,False,1.0,4.0,"{""all_reduce:8192"":37303}","{""all_reduce:131072"":2263}"
decode,deepseek-v2-lite,deepseek-v2-lite,decode-tp2-b1-l128-m512,decode-tp2-b16-l128-m32,2,2,28105,1705,16.483870967741936,115118080,111738880,0.029354207436399216,False,False,False,1.0,4.0,"{""all_reduce:4096"":28105}","{""all_reduce:65536"":1705}"
decode,deepseek-v2-lite,deepseek-v2-lite,decode-tp2-b1-l128-m512,decode-tp2-b16-l2048-m32,2,2,28105,1705,16.483870967741936,115118080,111738880,0.029354207436399216,False,False,False,1.0,4.0,"{""all_reduce:4096"":28105}","{""all_reduce:65536"":1705}"
decode,deepseek-v2-lite,deepseek-v2-lite,decode-tp2-b1-l128-m512,decode-tp2-b16-l8192-m32,2,2,28105,1705,16.483870967741936,115118080,111738880,0.029354207436399216,False,False,False,1.0,4.0,"{""all_reduce:4096"":28105}","{""all_reduce:65536"":1705}"
decode,deepseek-v2-lite,deepseek-v2-lite,decode-tp2-b1-l128-m512,decode-tp4-b16-l128-m32,2,4,28105,1705,16.483870967741936,115118080,111738880,0.029354207436399216,False,True,False,1.0,4.0,"{""all_reduce:4096"":28105}","{""all_reduce:65536"":1705}"
decode,deepseek-v2-lite,deepseek-v2-lite,decode-tp2-b1-l128-m512,decode-tp4-b16-l2048-m32,2,4,28105,1705,16.483870967741936,115118080,111738880,0.029354207436399216,False,True,False,1.0,4.0,"{""all_reduce:4096"":28105}","{""all_reduce:65536"":1705}"
decode,deepseek-v2-lite,deepseek-v2-lite,decode-tp2-b1-l128-m512,decode-tp4-b16-l8192-m32,2,4,28105,1705,16.483870967741936,115118080,111738880,0.029354207436399216,False,True,False,1.0,4.0,"{""all_reduce:4096"":28105}","{""all_reduce:65536"":1705}"
decode,deepseek-v2-lite,deepseek-v2-lite,decode-tp2-b1-l128-m512,decode-tp8-b16-l128-m32,2,8,28105,1705,16.483870967741936,115118080,111738880,0.029354207436399216,False,True,False,1.0,4.0,"{""all_reduce:4096"":28105}","{""all_reduce:65536"":1705}"
decode,deepseek-v2-lite,deepseek-v2-lite,decode-tp2-b1-l128-m512,decode-tp8-b16-l2048-m32,2,8,28105,1705,16.483870967741936,115118080,111738880,0.029354207436399216,False,True,False,1.0,4.0,"{""all_reduce:4096"":28105}","{""all_reduce:65536"":1705}"
decode,deepseek-v2-lite,deepseek-v2-lite,decode-tp2-b1-l128-m512,decode-tp8-b16-l8192-m32,2,8,28105,1705,16.483870967741936,115118080,111738880,0.029354207436399216,False,True,False,1.0,4.0,"{""all_reduce:4096"":28105}","{""all_reduce:65536"":1705}"
decode,deepseek-v2-lite,deepseek-v2-lite,decode-tp2-b1-l2048-m512,decode-tp2-b16-l128-m32,2,2,28105,1705,16.483870967741936,115118080,111738880,0.029354207436399216,False,False,False,1.0,4.0,"{""all_reduce:4096"":28105}","{""all_reduce:65536"":1705}"
decode,deepseek-v2-lite,deepseek-v2-lite,decode-tp2-b1-l2048-m512,decode-tp2-b16-l2048-m32,2,2,28105,1705,16.483870967741936,115118080,111738880,0.029354207436399216,False,False,False,1.0,4.0,"{""all_reduce:4096"":28105}","{""all_reduce:65536"":1705}"
decode,deepseek-v2-lite,deepseek-v2-lite,decode-tp2-b1-l2048-m512,decode-tp2-b16-l8192-m32,2,2,28105,1705,16.483870967741936,115118080,111738880,0.029354207436399216,False,False,False,1.0,4.0,"{""all_reduce:4096"":28105}","{""all_reduce:65536"":1705}"
decode,deepseek-v2-lite,deepseek-v2-lite,decode-tp2-b1-l2048-m512,decode-tp4-b16-l128-m32,2,4,28105,1705,16.483870967741936,115118080,111738880,0.029354207436399216,False,True,False,1.0,4.0,"{""all_reduce:4096"":28105}","{""all_reduce:65536"":1705}"
decode,deepseek-v2-lite,deepseek-v2-lite,decode-tp2-b1-l2048-m512,decode-tp4-b16-l2048-m32,2,4,28105,1705,16.483870967741936,115118080,111738880,0.029354207436399216,False,True,False,1.0,4.0,"{""all_reduce:4096"":28105}","{""all_reduce:65536"":1705}"
decode,deepseek-v2-lite,deepseek-v2-lite,decode-tp2-b1-l2048-m512,decode-tp4-b16-l8192-m32,2,4,28105,1705,16.483870967741936,115118080,111738880,0.029354207436399216,False,True,False,1.0,4.0,"{""all_reduce:4096"":28105}","{""all_reduce:65536"":1705}"
decode,deepseek-v2-lite,deepseek-v2-lite,decode-tp2-b1-l2048-m512,decode-tp8-b16-l128-m32,2,8,28105,1705,16.483870967741936,115118080,111738880,0.029354207436399216,False,True,False,1.0,4.0,"{""all_reduce:4096"":28105}","{""all_reduce:65536"":1705}"
decode,deepseek-v2-lite,deepseek-v2-lite,decode-tp2-b1-l2048-m512,decode-tp8-b16-l2048-m32,2,8,28105,1705,16.483870967741936,115118080,111738880,0.029354207436399216,False,True,False,1.0,4.0,"{""all_reduce:4096"":28105}","{""all_reduce:65536"":1705}"
decode,deepseek-v2-lite,deepseek-v2-lite,decode-tp2-b1-l2048-m512,decode-tp8-b16-l8192-m32,2,8,28105,1705,16.483870967741936,115118080,111738880,0.029354207436399216,False,True,False,1.0,4.0,"{""all_reduce:4096"":28105}","{""all_reduce:65536"":1705}"
decode,deepseek-v2-lite,deepseek-v2-lite,decode-tp2-b1-l8192-m512,decode-tp2-b16-l128-m32,2,2,28105,1705,16.483870967741936,115118080,111738880,0.029354207436399216,False,False,False,1.0,4.0,"{""all_reduce:4096"":28105}","{""all_reduce:65536"":1705}"
decode,deepseek-v2-lite,deepseek-v2-lite,decode-tp2-b1-l8192-m512,decode-tp2-b16-l2048-m32,2,2,28105,1705,16.483870967741936,115118080,111738880,0.029354207436399216,False,False,False,1.0,4.0,"{""all_reduce:4096"":28105}","{""all_reduce:65536"":1705}"
decode,deepseek-v2-lite,deepseek-v2-lite,decode-tp2-b1-l8192-m512,decode-tp2-b16-l8192-m32,2,2,28105,1705,16.483870967741936,115118080,111738880,0.029354207436399216,False,False,False,1.0,4.0,"{""all_reduce:4096"":28105}","{""all_reduce:65536"":1705}"
decode,deepseek-v2-lite,deepseek-v2-lite,decode-tp2-b1-l8192-m512,decode-tp4-b16-l128-m32,2,4,28105,1705,16.483870967741936,115118080,111738880,0.029354207436399216,False,True,False,1.0,4.0,"{""all_reduce:4096"":28105}","{""all_reduce:65536"":1705}"
decode,deepseek-v2-lite,deepseek-v2-lite,decode-tp2-b1-l8192-m512,decode-tp4-b16-l2048-m32,2,4,28105,1705,16.483870967741936,115118080,111738880,0.029354207436399216,False,True,False,1.0,4.0,"{""all_reduce:4096"":28105}","{""all_reduce:65536"":1705}"
decode,deepseek-v2-lite,deepseek-v2-lite,decode-tp2-b1-l8192-m512,decode-tp4-b16-l8192-m32,2,4,28105,1705,16.483870967741936,115118080,111738880,0.029354207436399216,False,True,False,1.0,4.0,"{""all_reduce:4096"":28105}","{""all_reduce:65536"":1705}"
decode,deepseek-v2-lite,deepseek-v2-lite,decode-tp2-b1-l8192-m512,decode-tp8-b16-l128-m32,2,8,28105,1705,16.483870967741936,115118080,111738880,0.029354207436399216,False,True,False,1.0,4.0,"{""all_reduce:4096"":28105}","{""all_reduce:65536"":1705}"
decode,deepseek-v2-lite,deepseek-v2-lite,decode-tp2-b1-l8192-m512,decode-tp8-b16-l2048-m32,2,8,28105,1705,16.483870967741936,115118080,111738880,0.029354207436399216,False,True,False,1.0,4.0,"{""all_reduce:4096"":28105}","{""all_reduce:65536"":1705}"
decode,deepseek-v2-lite,deepseek-v2-lite,decode-tp2-b1-l8192-m512,decode-tp8-b16-l8192-m32,2,8,28105,1705,16.483870967741936,115118080,111738880,0.029354207436399216,False,True,False,1.0,4.0,"{""all_reduce:4096"":28105}","{""all_reduce:65536"":1705}"
decode,deepseek-v2-lite,deepseek-v2-lite,decode-tp2-b16-l128-m32,decode-tp4-b1-l128-m512,2,4,1705,28105,16.483870967741936,111738880,115118080,0.029354207436399216,False,True,False,1.0,4.0,"{""all_reduce:65536"":1705}","{""all_reduce:4096"":28105}"
decode,deepseek-v2-lite,deepseek-v2-lite,decode-tp2-b16-l128-m32,decode-tp4-b1-l2048-m512,2,4,1705,28105,16.483870967741936,111738880,115118080,0.029354207436399216,False,True,False,1.0,4.0,"{""all_reduce:65536"":1705}","{""all_reduce:4096"":28105}"
decode,deepseek-v2-lite,deepseek-v2-lite,decode-tp2-b16-l128-m32,decode-tp4-b1-l8192-m512,2,4,1705,28105,16.483870967741936,111738880,115118080,0.029354207436399216,False,True,False,1.0,4.0,"{""all_reduce:65536"":1705}","{""all_reduce:4096"":28105}"
decode,deepseek-v2-lite,deepseek-v2-lite,decode-tp2-b16-l128-m32,decode-tp8-b1-l128-m512,2,8,1705,28105,16.483870967741936,111738880,115118080,0.029354207436399216,False,True,False,1.0,4.0,"{""all_reduce:65536"":1705}","{""all_reduce:4096"":28105}"
decode,deepseek-v2-lite,deepseek-v2-lite,decode-tp2-b16-l128-m32,decode-tp8-b1-l2048-m512,2,8,1705,28105,16.483870967741936,111738880,115118080,0.029354207436399216,False,True,False,1.0,4.0,"{""all_reduce:65536"":1705}","{""all_reduce:4096"":28105}"
decode,deepseek-v2-lite,deepseek-v2-lite,decode-tp2-b16-l128-m32,decode-tp8-b1-l8192-m512,2,8,1705,28105,16.483870967741936,111738880,115118080,0.029354207436399216,False,True,False,1.0,4.0,"{""all_reduce:65536"":1705}","{""all_reduce:4096"":28105}"
decode,deepseek-v2-lite,deepseek-v2-lite,decode-tp2-b16-l2048-m32,decode-tp4-b1-l128-m512,2,4,1705,28105,16.483870967741936,111738880,115118080,0.029354207436399216,False,True,False,1.0,4.0,"{""all_reduce:65536"":1705}","{""all_reduce:4096"":28105}"
decode,deepseek-v2-lite,deepseek-v2-lite,decode-tp2-b16-l2048-m32,decode-tp4-b1-l2048-m512,2,4,1705,28105,16.483870967741936,111738880,115118080,0.029354207436399216,False,True,False,1.0,4.0,"{""all_reduce:65536"":1705}","{""all_reduce:4096"":28105}"
decode,deepseek-v2-lite,deepseek-v2-lite,decode-tp2-b16-l2048-m32,decode-tp4-b1-l8192-m512,2,4,1705,28105,16.483870967741936,111738880,115118080,0.029354207436399216,False,True,False,1.0,4.0,"{""all_reduce:65536"":1705}","{""all_reduce:4096"":28105}"
decode,deepseek-v2-lite,deepseek-v2-lite,decode-tp2-b16-l2048-m32,decode-tp8-b1-l128-m512,2,8,1705,28105,16.483870967741936,111738880,115118080,0.029354207436399216,False,True,False,1.0,4.0,"{""all_reduce:65536"":1705}","{""all_reduce:4096"":28105}"
decode,deepseek-v2-lite,deepseek-v2-lite,decode-tp2-b16-l2048-m32,decode-tp8-b1-l2048-m512,2,8,1705,28105,16.483870967741936,111738880,115118080,0.029354207436399216,False,True,False,1.0,4.0,"{""all_reduce:65536"":1705}","{""all_reduce:4096"":28105}"
decode,deepseek-v2-lite,deepseek-v2-lite,decode-tp2-b16-l2048-m32,decode-tp8-b1-l8192-m512,2,8,1705,28105,16.483870967741936,111738880,115118080,0.029354207436399216,False,True,False,1.0,4.0,"{""all_reduce:65536"":1705}","{""all_reduce:4096"":28105}"
decode,deepseek-v2-lite,deepseek-v2-lite,decode-tp2-b16-l8192-m32,decode-tp4-b1-l128-m512,2,4,1705,28105,16.483870967741936,111738880,115118080,0.029354207436399216,False,True,False,1.0,4.0,"{""all_reduce:65536"":1705}","{""all_reduce:4096"":28105}"
decode,deepseek-v2-lite,deepseek-v2-lite,decode-tp2-b16-l8192-m32,decode-tp4-b1-l2048-m512,2,4,1705,28105,16.483870967741936,111738880,115118080,0.029354207436399216,False,True,False,1.0,4.0,"{""all_reduce:65536"":1705}","{""all_reduce:4096"":28105}"
decode,deepseek-v2-lite,deepseek-v2-lite,decode-tp2-b16-l8192-m32,decode-tp4-b1-l8192-m512,2,4,1705,28105,16.483870967741936,111738880,115118080,0.029354207436399216,False,True,False,1.0,4.0,"{""all_reduce:65536"":1705}","{""all_reduce:4096"":28105}"
decode,deepseek-v2-lite,deepseek-v2-lite,decode-tp2-b16-l8192-m32,decode-tp8-b1-l128-m512,2,8,1705,28105,16.483870967741936,111738880,115118080,0.029354207436399216,False,True,False,1.0,4.0,"{""all_reduce:65536"":1705}","{""all_reduce:4096"":28105}"
decode,deepseek-v2-lite,deepseek-v2-lite,decode-tp2-b16-l8192-m32,decode-tp8-b1-l2048-m512,2,8,1705,28105,16.483870967741936,111738880,115118080,0.029354207436399216,False,True,False,1.0,4.0,"{""all_reduce:65536"":1705}","{""all_reduce:4096"":28105}"
decode,deepseek-v2-lite,deepseek-v2-lite,decode-tp2-b16-l8192-m32,decode-tp8-b1-l8192-m512,2,8,1705,28105,16.483870967741936,111738880,115118080,0.029354207436399216,False,True,False,1.0,4.0,"{""all_reduce:65536"":1705}","{""all_reduce:4096"":28105}"
decode,deepseek-v2-lite,deepseek-v2-lite,decode-tp4-b1-l128-m512,decode-tp4-b16-l128-m32,4,4,28105,1705,16.483870967741936,115118080,111738880,0.029354207436399216,False,False,False,1.0,4.0,"{""all_reduce:4096"":28105}","{""all_reduce:65536"":1705}"
decode,deepseek-v2-lite,deepseek-v2-lite,decode-tp4-b1-l128-m512,decode-tp4-b16-l2048-m32,4,4,28105,1705,16.483870967741936,115118080,111738880,0.029354207436399216,False,False,False,1.0,4.0,"{""all_reduce:4096"":28105}","{""all_reduce:65536"":1705}"
decode,deepseek-v2-lite,deepseek-v2-lite,decode-tp4-b1-l128-m512,decode-tp4-b16-l8192-m32,4,4,28105,1705,16.483870967741936,115118080,111738880,0.029354207436399216,False,False,False,1.0,4.0,"{""all_reduce:4096"":28105}","{""all_reduce:65536"":1705}"
decode,deepseek-v2-lite,deepseek-v2-lite,decode-tp4-b1-l128-m512,decode-tp8-b16-l128-m32,4,8,28105,1705,16.483870967741936,115118080,111738880,0.029354207436399216,False,True,False,1.0,4.0,"{""all_reduce:4096"":28105}","{""all_reduce:65536"":1705}"
decode,deepseek-v2-lite,deepseek-v2-lite,decode-tp4-b1-l128-m512,decode-tp8-b16-l2048-m32,4,8,28105,1705,16.483870967741936,115118080,111738880,0.029354207436399216,False,True,False,1.0,4.0,"{""all_reduce:4096"":28105}","{""all_reduce:65536"":1705}"
decode,deepseek-v2-lite,deepseek-v2-lite,decode-tp4-b1-l128-m512,decode-tp8-b16-l8192-m32,4,8,28105,1705,16.483870967741936,115118080,111738880,0.029354207436399216,False,True,False,1.0,4.0,"{""all_reduce:4096"":28105}","{""all_reduce:65536"":1705}"
decode,deepseek-v2-lite,deepseek-v2-lite,decode-tp4-b1-l2048-m512,decode-tp4-b16-l128-m32,4,4,28105,1705,16.483870967741936,115118080,111738880,0.029354207436399216,False,False,False,1.0,4.0,"{""all_reduce:4096"":28105}","{""all_reduce:65536"":1705}"
decode,deepseek-v2-lite,deepseek-v2-lite,decode-tp4-b1-l2048-m512,decode-tp4-b16-l2048-m32,4,4,28105,1705,16.483870967741936,115118080,111738880,0.029354207436399216,False,False,False,1.0,4.0,"{""all_reduce:4096"":28105}","{""all_reduce:65536"":1705}"
decode,deepseek-v2-lite,deepseek-v2-lite,decode-tp4-b1-l2048-m512,decode-tp4-b16-l8192-m32,4,4,28105,1705,16.483870967741936,115118080,111738880,0.029354207436399216,False,False,False,1.0,4.0,"{""all_reduce:4096"":28105}","{""all_reduce:65536"":1705}"
decode,deepseek-v2-lite,deepseek-v2-lite,decode-tp4-b1-l2048-m512,decode-tp8-b16-l128-m32,4,8,28105,1705,16.483870967741936,115118080,111738880,0.029354207436399216,False,True,False,1.0,4.0,"{""all_reduce:4096"":28105}","{""all_reduce:65536"":1705}"
decode,deepseek-v2-lite,deepseek-v2-lite,decode-tp4-b1-l2048-m512,decode-tp8-b16-l2048-m32,4,8,28105,1705,16.483870967741936,115118080,111738880,0.029354207436399216,False,True,False,1.0,4.0,"{""all_reduce:4096"":28105}","{""all_reduce:65536"":1705}"
decode,deepseek-v2-lite,deepseek-v2-lite,decode-tp4-b1-l2048-m512,decode-tp8-b16-l8192-m32,4,8,28105,1705,16.483870967741936,115118080,111738880,0.029354207436399216,False,True,False,1.0,4.0,"{""all_reduce:4096"":28105}","{""all_reduce:65536"":1705}"
decode,deepseek-v2-lite,deepseek-v2-lite,decode-tp4-b1-l8192-m512,decode-tp4-b16-l128-m32,4,4,28105,1705,16.483870967741936,115118080,111738880,0.029354207436399216,False,False,False,1.0,4.0,"{""all_reduce:4096"":28105}","{""all_reduce:65536"":1705}"
decode,deepseek-v2-lite,deepseek-v2-lite,decode-tp4-b1-l8192-m512,decode-tp4-b16-l2048-m32,4,4,28105,1705,16.483870967741936,115118080,111738880,0.029354207436399216,False,False,False,1.0,4.0,"{""all_reduce:4096"":28105}","{""all_reduce:65536"":1705}"
decode,deepseek-v2-lite,deepseek-v2-lite,decode-tp4-b1-l8192-m512,decode-tp4-b16-l8192-m32,4,4,28105,1705,16.483870967741936,115118080,111738880,0.029354207436399216,False,False,False,1.0,4.0,"{""all_reduce:4096"":28105}","{""all_reduce:65536"":1705}"
decode,deepseek-v2-lite,deepseek-v2-lite,decode-tp4-b1-l8192-m512,decode-tp8-b16-l128-m32,4,8,28105,1705,16.483870967741936,115118080,111738880,0.029354207436399216,False,True,False,1.0,4.0,"{""all_reduce:4096"":28105}","{""all_reduce:65536"":1705}"
decode,deepseek-v2-lite,deepseek-v2-lite,decode-tp4-b1-l8192-m512,decode-tp8-b16-l2048-m32,4,8,28105,1705,16.483870967741936,115118080,111738880,0.029354207436399216,False,True,False,1.0,4.0,"{""all_reduce:4096"":28105}","{""all_reduce:65536"":1705}"
decode,deepseek-v2-lite,deepseek-v2-lite,decode-tp4-b1-l8192-m512,decode-tp8-b16-l8192-m32,4,8,28105,1705,16.483870967741936,115118080,111738880,0.029354207436399216,False,True,False,1.0,4.0,"{""all_reduce:4096"":28105}","{""all_reduce:65536"":1705}"
decode,deepseek-v2-lite,deepseek-v2-lite,decode-tp4-b16-l128-m32,decode-tp8-b1-l128-m512,4,8,1705,28105,16.483870967741936,111738880,115118080,0.029354207436399216,False,True,False,1.0,4.0,"{""all_reduce:65536"":1705}","{""all_reduce:4096"":28105}"
decode,deepseek-v2-lite,deepseek-v2-lite,decode-tp4-b16-l128-m32,decode-tp8-b1-l2048-m512,4,8,1705,28105,16.483870967741936,111738880,115118080,0.029354207436399216,False,True,False,1.0,4.0,"{""all_reduce:65536"":1705}","{""all_reduce:4096"":28105}"
decode,deepseek-v2-lite,deepseek-v2-lite,decode-tp4-b16-l128-m32,decode-tp8-b1-l8192-m512,4,8,1705,28105,16.483870967741936,111738880,115118080,0.029354207436399216,False,True,False,1.0,4.0,"{""all_reduce:65536"":1705}","{""all_reduce:4096"":28105}"
decode,deepseek-v2-lite,deepseek-v2-lite,decode-tp4-b16-l2048-m32,decode-tp8-b1-l128-m512,4,8,1705,28105,16.483870967741936,111738880,115118080,0.029354207436399216,False,True,False,1.0,4.0,"{""all_reduce:65536"":1705}","{""all_reduce:4096"":28105}"
decode,deepseek-v2-lite,deepseek-v2-lite,decode-tp4-b16-l2048-m32,decode-tp8-b1-l2048-m512,4,8,1705,28105,16.483870967741936,111738880,115118080,0.029354207436399216,False,True,False,1.0,4.0,"{""all_reduce:65536"":1705}","{""all_reduce:4096"":28105}"
decode,deepseek-v2-lite,deepseek-v2-lite,decode-tp4-b16-l2048-m32,decode-tp8-b1-l8192-m512,4,8,1705,28105,16.483870967741936,111738880,115118080,0.029354207436399216,False,True,False,1.0,4.0,"{""all_reduce:65536"":1705}","{""all_reduce:4096"":28105}"
decode,deepseek-v2-lite,deepseek-v2-lite,decode-tp4-b16-l8192-m32,decode-tp8-b1-l128-m512,4,8,1705,28105,16.483870967741936,111738880,115118080,0.029354207436399216,False,True,False,1.0,4.0,"{""all_reduce:65536"":1705}","{""all_reduce:4096"":28105}"
decode,deepseek-v2-lite,deepseek-v2-lite,decode-tp4-b16-l8192-m32,decode-tp8-b1-l2048-m512,4,8,1705,28105,16.483870967741936,111738880,115118080,0.029354207436399216,False,True,False,1.0,4.0,"{""all_reduce:65536"":1705}","{""all_reduce:4096"":28105}"
decode,deepseek-v2-lite,deepseek-v2-lite,decode-tp4-b16-l8192-m32,decode-tp8-b1-l8192-m512,4,8,1705,28105,16.483870967741936,111738880,115118080,0.029354207436399216,False,True,False,1.0,4.0,"{""all_reduce:65536"":1705}","{""all_reduce:4096"":28105}"
decode,deepseek-v2-lite,deepseek-v2-lite,decode-tp8-b1-l128-m512,decode-tp8-b16-l128-m32,8,8,28105,1705,16.483870967741936,115118080,111738880,0.029354207436399216,False,False,False,1.0,4.0,"{""all_reduce:4096"":28105}","{""all_reduce:65536"":1705}"
decode,deepseek-v2-lite,deepseek-v2-lite,decode-tp8-b1-l128-m512,decode-tp8-b16-l2048-m32,8,8,28105,1705,16.483870967741936,115118080,111738880,0.029354207436399216,False,False,False,1.0,4.0,"{""all_reduce:4096"":28105}","{""all_reduce:65536"":1705}"
decode,deepseek-v2-lite,deepseek-v2-lite,decode-tp8-b1-l128-m512,decode-tp8-b16-l8192-m32,8,8,28105,1705,16.483870967741936,115118080,111738880,0.029354207436399216,False,False,False,1.0,4.0,"{""all_reduce:4096"":28105}","{""all_reduce:65536"":1705}"
decode,deepseek-v2-lite,deepseek-v2-lite,decode-tp8-b1-l2048-m512,decode-tp8-b16-l128-m32,8,8,28105,1705,16.483870967741936,115118080,111738880,0.029354207436399216,False,False,False,1.0,4.0,"{""all_reduce:4096"":28105}","{""all_reduce:65536"":1705}"
decode,deepseek-v2-lite,deepseek-v2-lite,decode-tp8-b1-l2048-m512,decode-tp8-b16-l2048-m32,8,8,28105,1705,16.483870967741936,115118080,111738880,0.029354207436399216,False,False,False,1.0,4.0,"{""all_reduce:4096"":28105}","{""all_reduce:65536"":1705}"
decode,deepseek-v2-lite,deepseek-v2-lite,decode-tp8-b1-l2048-m512,decode-tp8-b16-l8192-m32,8,8,28105,1705,16.483870967741936,115118080,111738880,0.029354207436399216,False,False,False,1.0,4.0,"{""all_reduce:4096"":28105}","{""all_reduce:65536"":1705}"
decode,deepseek-v2-lite,deepseek-v2-lite,decode-tp8-b1-l8192-m512,decode-tp8-b16-l128-m32,8,8,28105,1705,16.483870967741936,115118080,111738880,0.029354207436399216,False,False,False,1.0,4.0,"{""all_reduce:4096"":28105}","{""all_reduce:65536"":1705}"
decode,deepseek-v2-lite,deepseek-v2-lite,decode-tp8-b1-l8192-m512,decode-tp8-b16-l2048-m32,8,8,28105,1705,16.483870967741936,115118080,111738880,0.029354207436399216,False,False,False,1.0,4.0,"{""all_reduce:4096"":28105}","{""all_reduce:65536"":1705}"
decode,deepseek-v2-lite,deepseek-v2-lite,decode-tp8-b1-l8192-m512,decode-tp8-b16-l8192-m32,8,8,28105,1705,16.483870967741936,115118080,111738880,0.029354207436399216,False,False,False,1.0,4.0,"{""all_reduce:4096"":28105}","{""all_reduce:65536"":1705}"
decode,qwen3-30b-a3b,qwen3-30b-a3b,decode-tp2-b1-l128-m512,decode-tp2-b16-l128-m32,2,2,49567,3007,16.483870967741936,203026432,197066752,0.029354207436399216,False,False,False,1.0,4.0,"{""all_reduce:4096"":1022,""fused_allreduce_residual_rmsnorm:4096"":48545}","{""all_reduce:65536"":62,""fused_allreduce_residual_rmsnorm:65536"":2945}"
decode,qwen3-30b-a3b,qwen3-30b-a3b,decode-tp2-b1-l128-m512,decode-tp2-b16-l2048-m32,2,2,49567,3007,16.483870967741936,203026432,197066752,0.029354207436399216,False,False,False,1.0,4.0,"{""all_reduce:4096"":1022,""fused_allreduce_residual_rmsnorm:4096"":48545}","{""all_reduce:65536"":62,""fused_allreduce_residual_rmsnorm:65536"":2945}"
decode,qwen3-30b-a3b,qwen3-30b-a3b,decode-tp2-b1-l128-m512,decode-tp2-b16-l8192-m32,2,2,49567,3007,16.483870967741936,203026432,197066752,0.029354207436399216,False,False,False,1.0,4.0,"{""all_reduce:4096"":1022,""fused_allreduce_residual_rmsnorm:4096"":48545}","{""all_reduce:65536"":62,""fused_allreduce_residual_rmsnorm:65536"":2945}"
decode,qwen3-30b-a3b,qwen3-30b-a3b,decode-tp2-b1-l128-m512,decode-tp4-b16-l128-m32,2,4,49567,3007,16.483870967741936,203026432,197066752,0.029354207436399216,False,True,False,1.0,4.0,"{""all_reduce:4096"":1022,""fused_allreduce_residual_rmsnorm:4096"":48545}","{""all_reduce:65536"":62,""fused_allreduce_residual_rmsnorm:65536"":2945}"
decode,qwen3-30b-a3b,qwen3-30b-a3b,decode-tp2-b1-l128-m512,decode-tp4-b16-l2048-m32,2,4,49567,3007,16.483870967741936,203026432,197066752,0.029354207436399216,False,True,False,1.0,4.0,"{""all_reduce:4096"":1022,""fused_allreduce_residual_rmsnorm:4096"":48545}","{""all_reduce:65536"":62,""fused_allreduce_residual_rmsnorm:65536"":2945}"
decode,qwen3-30b-a3b,qwen3-30b-a3b,decode-tp2-b1-l128-m512,decode-tp4-b16-l8192-m32,2,4,49567,3007,16.483870967741936,203026432,197066752,0.029354207436399216,False,True,False,1.0,4.0,"{""all_reduce:4096"":1022,""fused_allreduce_residual_rmsnorm:4096"":48545}","{""all_reduce:65536"":62,""fused_allreduce_residual_rmsnorm:65536"":2945}"
decode,qwen3-30b-a3b,qwen3-30b-a3b,decode-tp2-b1-l128-m512,decode-tp8-b16-l128-m32,2,8,49567,3007,16.483870967741936,203026432,197066752,0.029354207436399216,False,True,False,1.0,4.0,"{""all_reduce:4096"":1022,""fused_allreduce_residual_rmsnorm:4096"":48545}","{""all_reduce:65536"":62,""fused_allreduce_residual_rmsnorm:65536"":2945}"
decode,qwen3-30b-a3b,qwen3-30b-a3b,decode-tp2-b1-l128-m512,decode-tp8-b16-l2048-m32,2,8,49567,3007,16.483870967741936,203026432,197066752,0.029354207436399216,False,True,False,1.0,4.0,"{""all_reduce:4096"":1022,""fused_allreduce_residual_rmsnorm:4096"":48545}","{""all_reduce:65536"":62,""fused_allreduce_residual_rmsnorm:65536"":2945}"
decode,qwen3-30b-a3b,qwen3-30b-a3b,decode-tp2-b1-l128-m512,decode-tp8-b16-l8192-m32,2,8,49567,3007,16.483870967741936,203026432,197066752,0.029354207436399216,False,True,False,1.0,4.0,"{""all_reduce:4096"":1022,""fused_allreduce_residual_rmsnorm:4096"":48545}","{""all_reduce:65536"":62,""fused_allreduce_residual_rmsnorm:65536"":2945}"
decode,qwen3-30b-a3b,qwen3-30b-a3b,decode-tp2-b1-l2048-m512,decode-tp2-b16-l128-m32,2,2,49567,3007,16.483870967741936,203026432,197066752,0.029354207436399216,False,False,False,1.0,4.0,"{""all_reduce:4096"":1022,""fused_allreduce_residual_rmsnorm:4096"":48545}","{""all_reduce:65536"":62,""fused_allreduce_residual_rmsnorm:65536"":2945}"
decode,qwen3-30b-a3b,qwen3-30b-a3b,decode-tp2-b1-l2048-m512,decode-tp2-b16-l2048-m32,2,2,49567,3007,16.483870967741936,203026432,197066752,0.029354207436399216,False,False,False,1.0,4.0,"{""all_reduce:4096"":1022,""fused_allreduce_residual_rmsnorm:4096"":48545}","{""all_reduce:65536"":62,""fused_allreduce_residual_rmsnorm:65536"":2945}"
decode,qwen3-30b-a3b,qwen3-30b-a3b,decode-tp2-b1-l2048-m512,decode-tp2-b16-l8192-m32,2,2,49567,3007,16.483870967741936,203026432,197066752,0.029354207436399216,False,False,False,1.0,4.0,"{""all_reduce:4096"":1022,""fused_allreduce_residual_rmsnorm:4096"":48545}","{""all_reduce:65536"":62,""fused_allreduce_residual_rmsnorm:65536"":2945}"
decode,qwen3-30b-a3b,qwen3-30b-a3b,decode-tp2-b1-l2048-m512,decode-tp4-b16-l128-m32,2,4,49567,3007,16.483870967741936,203026432,197066752,0.029354207436399216,False,True,False,1.0,4.0,"{""all_reduce:4096"":1022,""fused_allreduce_residual_rmsnorm:4096"":48545}","{""all_reduce:65536"":62,""fused_allreduce_residual_rmsnorm:65536"":2945}"
decode,qwen3-30b-a3b,qwen3-30b-a3b,decode-tp2-b1-l2048-m512,decode-tp4-b16-l2048-m32,2,4,49567,3007,16.483870967741936,203026432,197066752,0.029354207436399216,False,True,False,1.0,4.0,"{""all_reduce:4096"":1022,""fused_allreduce_residual_rmsnorm:4096"":48545}","{""all_reduce:65536"":62,""fused_allreduce_residual_rmsnorm:65536"":2945}"
decode,qwen3-30b-a3b,qwen3-30b-a3b,decode-tp2-b1-l2048-m512,decode-tp4-b16-l8192-m32,2,4,49567,3007,16.483870967741936,203026432,197066752,0.029354207436399216,False,True,False,1.0,4.0,"{""all_reduce:4096"":1022,""fused_allreduce_residual_rmsnorm:4096"":48545}","{""all_reduce:65536"":62,""fused_allreduce_residual_rmsnorm:65536"":2945}"
decode,qwen3-30b-a3b,qwen3-30b-a3b,decode-tp2-b1-l2048-m512,decode-tp8-b16-l128-m32,2,8,49567,3007,16.483870967741936,203026432,197066752,0.029354207436399216,False,True,False,1.0,4.0,"{""all_reduce:4096"":1022,""fused_allreduce_residual_rmsnorm:4096"":48545}","{""all_reduce:65536"":62,""fused_allreduce_residual_rmsnorm:65536"":2945}"
decode,qwen3-30b-a3b,qwen3-30b-a3b,decode-tp2-b1-l2048-m512,decode-tp8-b16-l2048-m32,2,8,49567,3007,16.483870967741936,203026432,197066752,0.029354207436399216,False,True,False,1.0,4.0,"{""all_reduce:4096"":1022,""fused_allreduce_residual_rmsnorm:4096"":48545}","{""all_reduce:65536"":62,""fused_allreduce_residual_rmsnorm:65536"":2945}"
decode,qwen3-30b-a3b,qwen3-30b-a3b,decode-tp2-b1-l2048-m512,decode-tp8-b16-l8192-m32,2,8,49567,3007,16.483870967741936,203026432,197066752,0.029354207436399216,False,True,False,1.0,4.0,"{""all_reduce:4096"":1022,""fused_allreduce_residual_rmsnorm:4096"":48545}","{""all_reduce:65536"":62,""fused_allreduce_residual_rmsnorm:65536"":2945}"
decode,qwen3-30b-a3b,qwen3-30b-a3b,decode-tp2-b1-l8192-m512,decode-tp2-b16-l128-m32,2,2,49567,3007,16.483870967741936,203026432,197066752,0.029354207436399216,False,False,False,1.0,4.0,"{""all_reduce:4096"":1022,""fused_allreduce_residual_rmsnorm:4096"":48545}","{""all_reduce:65536"":62,""fused_allreduce_residual_rmsnorm:65536"":2945}"
decode,qwen3-30b-a3b,qwen3-30b-a3b,decode-tp2-b1-l8192-m512,decode-tp2-b16-l2048-m32,2,2,49567,3007,16.483870967741936,203026432,197066752,0.029354207436399216,False,False,False,1.0,4.0,"{""all_reduce:4096"":1022,""fused_allreduce_residual_rmsnorm:4096"":48545}","{""all_reduce:65536"":62,""fused_allreduce_residual_rmsnorm:65536"":2945}"
decode,qwen3-30b-a3b,qwen3-30b-a3b,decode-tp2-b1-l8192-m512,decode-tp2-b16-l8192-m32,2,2,49567,3007,16.483870967741936,203026432,197066752,0.029354207436399216,False,False,False,1.0,4.0,"{""all_reduce:4096"":1022,""fused_allreduce_residual_rmsnorm:4096"":48545}","{""all_reduce:65536"":62,""fused_allreduce_residual_rmsnorm:65536"":2945}"
decode,qwen3-30b-a3b,qwen3-30b-a3b,decode-tp2-b1-l8192-m512,decode-tp4-b16-l128-m32,2,4,49567,3007,16.483870967741936,203026432,197066752,0.029354207436399216,False,True,False,1.0,4.0,"{""all_reduce:4096"":1022,""fused_allreduce_residual_rmsnorm:4096"":48545}","{""all_reduce:65536"":62,""fused_allreduce_residual_rmsnorm:65536"":2945}"
decode,qwen3-30b-a3b,qwen3-30b-a3b,decode-tp2-b1-l8192-m512,decode-tp4-b16-l2048-m32,2,4,49567,3007,16.483870967741936,203026432,197066752,0.029354207436399216,False,True,False,1.0,4.0,"{""all_reduce:4096"":1022,""fused_allreduce_residual_rmsnorm:4096"":48545}","{""all_reduce:65536"":62,""fused_allreduce_residual_rmsnorm:65536"":2945}"
decode,qwen3-30b-a3b,qwen3-30b-a3b,decode-tp2-b1-l8192-m512,decode-tp4-b16-l8192-m32,2,4,49567,3007,16.483870967741936,203026432,197066752,0.029354207436399216,False,True,False,1.0,4.0,"{""all_reduce:4096"":1022,""fused_allreduce_residual_rmsnorm:4096"":48545}","{""all_reduce:65536"":62,""fused_allreduce_residual_rmsnorm:65536"":2945}"
decode,qwen3-30b-a3b,qwen3-30b-a3b,decode-tp2-b1-l8192-m512,decode-tp8-b16-l128-m32,2,8,49567,3007,16.483870967741936,203026432,197066752,0.029354207436399216,False,True,False,1.0,4.0,"{""all_reduce:4096"":1022,""fused_allreduce_residual_rmsnorm:4096"":48545}","{""all_reduce:65536"":62,""fused_allreduce_residual_rmsnorm:65536"":2945}"
decode,qwen3-30b-a3b,qwen3-30b-a3b,decode-tp2-b1-l8192-m512,decode-tp8-b16-l2048-m32,2,8,49567,3007,16.483870967741936,203026432,197066752,0.029354207436399216,False,True,False,1.0,4.0,"{""all_reduce:4096"":1022,""fused_allreduce_residual_rmsnorm:4096"":48545}","{""all_reduce:65536"":62,""fused_allreduce_residual_rmsnorm:65536"":2945}"
decode,qwen3-30b-a3b,qwen3-30b-a3b,decode-tp2-b1-l8192-m512,decode-tp8-b16-l8192-m32,2,8,49567,3007,16.483870967741936,203026432,197066752,0.029354207436399216,False,True,False,1.0,4.0,"{""all_reduce:4096"":1022,""fused_allreduce_residual_rmsnorm:4096"":48545}","{""all_reduce:65536"":62,""fused_allreduce_residual_rmsnorm:65536"":2945}"
decode,qwen3-30b-a3b,qwen3-30b-a3b,decode-tp2-b16-l128-m32,decode-tp4-b1-l128-m512,2,4,3007,49567,16.483870967741936,197066752,203026432,0.029354207436399216,False,True,False,1.0,4.0,"{""all_reduce:65536"":62,""fused_allreduce_residual_rmsnorm:65536"":2945}","{""all_reduce:4096"":1022,""fused_allreduce_residual_rmsnorm:4096"":48545}"
decode,qwen3-30b-a3b,qwen3-30b-a3b,decode-tp2-b16-l128-m32,decode-tp4-b1-l2048-m512,2,4,3007,49567,16.483870967741936,197066752,203026432,0.029354207436399216,False,True,False,1.0,4.0,"{""all_reduce:65536"":62,""fused_allreduce_residual_rmsnorm:65536"":2945}","{""all_reduce:4096"":1022,""fused_allreduce_residual_rmsnorm:4096"":48545}"
decode,qwen3-30b-a3b,qwen3-30b-a3b,decode-tp2-b16-l128-m32,decode-tp4-b1-l8192-m512,2,4,3007,49567,16.483870967741936,197066752,203026432,0.029354207436399216,False,True,False,1.0,4.0,"{""all_reduce:65536"":62,""fused_allreduce_residual_rmsnorm:65536"":2945}","{""all_reduce:4096"":1022,""fused_allreduce_residual_rmsnorm:4096"":48545}"
decode,qwen3-30b-a3b,qwen3-30b-a3b,decode-tp2-b16-l128-m32,decode-tp8-b1-l128-m512,2,8,3007,49567,16.483870967741936,197066752,203026432,0.029354207436399216,False,True,False,1.0,4.0,"{""all_reduce:65536"":62,""fused_allreduce_residual_rmsnorm:65536"":2945}","{""all_reduce:4096"":1022,""fused_allreduce_residual_rmsnorm:4096"":48545}"
decode,qwen3-30b-a3b,qwen3-30b-a3b,decode-tp2-b16-l128-m32,decode-tp8-b1-l2048-m512,2,8,3007,49567,16.483870967741936,197066752,203026432,0.029354207436399216,False,True,False,1.0,4.0,"{""all_reduce:65536"":62,""fused_allreduce_residual_rmsnorm:65536"":2945}","{""all_reduce:4096"":1022,""fused_allreduce_residual_rmsnorm:4096"":48545}"
decode,qwen3-30b-a3b,qwen3-30b-a3b,decode-tp2-b16-l128-m32,decode-tp8-b1-l8192-m512,2,8,3007,49567,16.483870967741936,197066752,203026432,0.029354207436399216,False,True,False,1.0,4.0,"{""all_reduce:65536"":62,""fused_allreduce_residual_rmsnorm:65536"":2945}","{""all_reduce:4096"":1022,""fused_allreduce_residual_rmsnorm:4096"":48545}"
decode,qwen3-30b-a3b,qwen3-30b-a3b,decode-tp2-b16-l2048-m32,decode-tp4-b1-l128-m512,2,4,3007,49567,16.483870967741936,197066752,203026432,0.029354207436399216,False,True,False,1.0,4.0,"{""all_reduce:65536"":62,""fused_allreduce_residual_rmsnorm:65536"":2945}","{""all_reduce:4096"":1022,""fused_allreduce_residual_rmsnorm:4096"":48545}"
decode,qwen3-30b-a3b,qwen3-30b-a3b,decode-tp2-b16-l2048-m32,decode-tp4-b1-l2048-m512,2,4,3007,49567,16.483870967741936,197066752,203026432,0.029354207436399216,False,True,False,1.0,4.0,"{""all_reduce:65536"":62,""fused_allreduce_residual_rmsnorm:65536"":2945}","{""all_reduce:4096"":1022,""fused_allreduce_residual_rmsnorm:4096"":48545}"
decode,qwen3-30b-a3b,qwen3-30b-a3b,decode-tp2-b16-l2048-m32,decode-tp4-b1-l8192-m512,2,4,3007,49567,16.483870967741936,197066752,203026432,0.029354207436399216,False,True,False,1.0,4.0,"{""all_reduce:65536"":62,""fused_allreduce_residual_rmsnorm:65536"":2945}","{""all_reduce:4096"":1022,""fused_allreduce_residual_rmsnorm:4096"":48545}"
decode,qwen3-30b-a3b,qwen3-30b-a3b,decode-tp2-b16-l2048-m32,decode-tp8-b1-l128-m512,2,8,3007,49567,16.483870967741936,197066752,203026432,0.029354207436399216,False,True,False,1.0,4.0,"{""all_reduce:65536"":62,""fused_allreduce_residual_rmsnorm:65536"":2945}","{""all_reduce:4096"":1022,""fused_allreduce_residual_rmsnorm:4096"":48545}"
decode,qwen3-30b-a3b,qwen3-30b-a3b,decode-tp2-b16-l2048-m32,decode-tp8-b1-l2048-m512,2,8,3007,49567,16.483870967741936,197066752,203026432,0.029354207436399216,False,True,False,1.0,4.0,"{""all_reduce:65536"":62,""fused_allreduce_residual_rmsnorm:65536"":2945}","{""all_reduce:4096"":1022,""fused_allreduce_residual_rmsnorm:4096"":48545}"
decode,qwen3-30b-a3b,qwen3-30b-a3b,decode-tp2-b16-l2048-m32,decode-tp8-b1-l8192-m512,2,8,3007,49567,16.483870967741936,197066752,203026432,0.029354207436399216,False,True,False,1.0,4.0,"{""all_reduce:65536"":62,""fused_allreduce_residual_rmsnorm:65536"":2945}","{""all_reduce:4096"":1022,""fused_allreduce_residual_rmsnorm:4096"":48545}"
decode,qwen3-30b-a3b,qwen3-30b-a3b,decode-tp2-b16-l8192-m32,decode-tp4-b1-l128-m512,2,4,3007,49567,16.483870967741936,197066752,203026432,0.029354207436399216,False,True,False,1.0,4.0,"{""all_reduce:65536"":62,""fused_allreduce_residual_rmsnorm:65536"":2945}","{""all_reduce:4096"":1022,""fused_allreduce_residual_rmsnorm:4096"":48545}"
decode,qwen3-30b-a3b,qwen3-30b-a3b,decode-tp2-b16-l8192-m32,decode-tp4-b1-l2048-m512,2,4,3007,49567,16.483870967741936,197066752,203026432,0.029354207436399216,False,True,False,1.0,4.0,"{""all_reduce:65536"":62,""fused_allreduce_residual_rmsnorm:65536"":2945}","{""all_reduce:4096"":1022,""fused_allreduce_residual_rmsnorm:4096"":48545}"
decode,qwen3-30b-a3b,qwen3-30b-a3b,decode-tp2-b16-l8192-m32,decode-tp4-b1-l8192-m512,2,4,3007,49567,16.483870967741936,197066752,203026432,0.029354207436399216,False,True,False,1.0,4.0,"{""all_reduce:65536"":62,""fused_allreduce_residual_rmsnorm:65536"":2945}","{""all_reduce:4096"":1022,""fused_allreduce_residual_rmsnorm:4096"":48545}"
decode,qwen3-30b-a3b,qwen3-30b-a3b,decode-tp2-b16-l8192-m32,decode-tp8-b1-l128-m512,2,8,3007,49567,16.483870967741936,197066752,203026432,0.029354207436399216,False,True,False,1.0,4.0,"{""all_reduce:65536"":62,""fused_allreduce_residual_rmsnorm:65536"":2945}","{""all_reduce:4096"":1022,""fused_allreduce_residual_rmsnorm:4096"":48545}"
decode,qwen3-30b-a3b,qwen3-30b-a3b,decode-tp2-b16-l8192-m32,decode-tp8-b1-l2048-m512,2,8,3007,49567,16.483870967741936,197066752,203026432,0.029354207436399216,False,True,False,1.0,4.0,"{""all_reduce:65536"":62,""fused_allreduce_residual_rmsnorm:65536"":2945}","{""all_reduce:4096"":1022,""fused_allreduce_residual_rmsnorm:4096"":48545}"
decode,qwen3-30b-a3b,qwen3-30b-a3b,decode-tp2-b16-l8192-m32,decode-tp8-b1-l8192-m512,2,8,3007,49567,16.483870967741936,197066752,203026432,0.029354207436399216,False,True,False,1.0,4.0,"{""all_reduce:65536"":62,""fused_allreduce_residual_rmsnorm:65536"":2945}","{""all_reduce:4096"":1022,""fused_allreduce_residual_rmsnorm:4096"":48545}"
decode,qwen3-30b-a3b,qwen3-30b-a3b,decode-tp4-b1-l128-m512,decode-tp4-b16-l128-m32,4,4,49567,3007,16.483870967741936,203026432,197066752,0.029354207436399216,False,False,False,1.0,4.0,"{""all_reduce:4096"":1022,""fused_allreduce_residual_rmsnorm:4096"":48545}","{""all_reduce:65536"":62,""fused_allreduce_residual_rmsnorm:65536"":2945}"
decode,qwen3-30b-a3b,qwen3-30b-a3b,decode-tp4-b1-l128-m512,decode-tp4-b16-l2048-m32,4,4,49567,3007,16.483870967741936,203026432,197066752,0.029354207436399216,False,False,False,1.0,4.0,"{""all_reduce:4096"":1022,""fused_allreduce_residual_rmsnorm:4096"":48545}","{""all_reduce:65536"":62,""fused_allreduce_residual_rmsnorm:65536"":2945}"
decode,qwen3-30b-a3b,qwen3-30b-a3b,decode-tp4-b1-l128-m512,decode-tp4-b16-l8192-m32,4,4,49567,3007,16.483870967741936,203026432,197066752,0.029354207436399216,False,False,False,1.0,4.0,"{""all_reduce:4096"":1022,""fused_allreduce_residual_rmsnorm:4096"":48545}","{""all_reduce:65536"":62,""fused_allreduce_residual_rmsnorm:65536"":2945}"
decode,qwen3-30b-a3b,qwen3-30b-a3b,decode-tp4-b1-l128-m512,decode-tp8-b16-l128-m32,4,8,49567,3007,16.483870967741936,203026432,197066752,0.029354207436399216,False,True,False,1.0,4.0,"{""all_reduce:4096"":1022,""fused_allreduce_residual_rmsnorm:4096"":48545}","{""all_reduce:65536"":62,""fused_allreduce_residual_rmsnorm:65536"":2945}"
decode,qwen3-30b-a3b,qwen3-30b-a3b,decode-tp4-b1-l128-m512,decode-tp8-b16-l2048-m32,4,8,49567,3007,16.483870967741936,203026432,197066752,0.029354207436399216,False,True,False,1.0,4.0,"{""all_reduce:4096"":1022,""fused_allreduce_residual_rmsnorm:4096"":48545}","{""all_reduce:65536"":62,""fused_allreduce_residual_rmsnorm:65536"":2945}"
decode,qwen3-30b-a3b,qwen3-30b-a3b,decode-tp4-b1-l128-m512,decode-tp8-b16-l8192-m32,4,8,49567,3007,16.483870967741936,203026432,197066752,0.029354207436399216,False,True,False,1.0,4.0,"{""all_reduce:4096"":1022,""fused_allreduce_residual_rmsnorm:4096"":48545}","{""all_reduce:65536"":62,""fused_allreduce_residual_rmsnorm:65536"":2945}"
decode,qwen3-30b-a3b,qwen3-30b-a3b,decode-tp4-b1-l2048-m512,decode-tp4-b16-l128-m32,4,4,49567,3007,16.483870967741936,203026432,197066752,0.029354207436399216,False,False,False,1.0,4.0,"{""all_reduce:4096"":1022,""fused_allreduce_residual_rmsnorm:4096"":48545}","{""all_reduce:65536"":62,""fused_allreduce_residual_rmsnorm:65536"":2945}"
decode,qwen3-30b-a3b,qwen3-30b-a3b,decode-tp4-b1-l2048-m512,decode-tp4-b16-l2048-m32,4,4,49567,3007,16.483870967741936,203026432,197066752,0.029354207436399216,False,False,False,1.0,4.0,"{""all_reduce:4096"":1022,""fused_allreduce_residual_rmsnorm:4096"":48545}","{""all_reduce:65536"":62,""fused_allreduce_residual_rmsnorm:65536"":2945}"
decode,qwen3-30b-a3b,qwen3-30b-a3b,decode-tp4-b1-l2048-m512,decode-tp4-b16-l8192-m32,4,4,49567,3007,16.483870967741936,203026432,197066752,0.029354207436399216,False,False,False,1.0,4.0,"{""all_reduce:4096"":1022,""fused_allreduce_residual_rmsnorm:4096"":48545}","{""all_reduce:65536"":62,""fused_allreduce_residual_rmsnorm:65536"":2945}"
decode,qwen3-30b-a3b,qwen3-30b-a3b,decode-tp4-b1-l2048-m512,decode-tp8-b16-l128-m32,4,8,49567,3007,16.483870967741936,203026432,197066752,0.029354207436399216,False,True,False,1.0,4.0,"{""all_reduce:4096"":1022,""fused_allreduce_residual_rmsnorm:4096"":48545}","{""all_reduce:65536"":62,""fused_allreduce_residual_rmsnorm:65536"":2945}"
decode,qwen3-30b-a3b,qwen3-30b-a3b,decode-tp4-b1-l2048-m512,decode-tp8-b16-l2048-m32,4,8,49567,3007,16.483870967741936,203026432,197066752,0.029354207436399216,False,True,False,1.0,4.0,"{""all_reduce:4096"":1022,""fused_allreduce_residual_rmsnorm:4096"":48545}","{""all_reduce:65536"":62,""fused_allreduce_residual_rmsnorm:65536"":2945}"
decode,qwen3-30b-a3b,qwen3-30b-a3b,decode-tp4-b1-l2048-m512,decode-tp8-b16-l8192-m32,4,8,49567,3007,16.483870967741936,203026432,197066752,0.029354207436399216,False,True,False,1.0,4.0,"{""all_reduce:4096"":1022,""fused_allreduce_residual_rmsnorm:4096"":48545}","{""all_reduce:65536"":62,""fused_allreduce_residual_rmsnorm:65536"":2945}"
decode,qwen3-30b-a3b,qwen3-30b-a3b,decode-tp4-b1-l8192-m512,decode-tp4-b16-l128-m32,4,4,49567,3007,16.483870967741936,203026432,197066752,0.029354207436399216,False,False,False,1.0,4.0,"{""all_reduce:4096"":1022,""fused_allreduce_residual_rmsnorm:4096"":48545}","{""all_reduce:65536"":62,""fused_allreduce_residual_rmsnorm:65536"":2945}"
decode,qwen3-30b-a3b,qwen3-30b-a3b,decode-tp4-b1-l8192-m512,decode-tp4-b16-l2048-m32,4,4,49567,3007,16.483870967741936,203026432,197066752,0.029354207436399216,False,False,False,1.0,4.0,"{""all_reduce:4096"":1022,""fused_allreduce_residual_rmsnorm:4096"":48545}","{""all_reduce:65536"":62,""fused_allreduce_residual_rmsnorm:65536"":2945}"
decode,qwen3-30b-a3b,qwen3-30b-a3b,decode-tp4-b1-l8192-m512,decode-tp4-b16-l8192-m32,4,4,49567,3007,16.483870967741936,203026432,197066752,0.029354207436399216,False,False,False,1.0,4.0,"{""all_reduce:4096"":1022,""fused_allreduce_residual_rmsnorm:4096"":48545}","{""all_reduce:65536"":62,""fused_allreduce_residual_rmsnorm:65536"":2945}"
decode,qwen3-30b-a3b,qwen3-30b-a3b,decode-tp4-b1-l8192-m512,decode-tp8-b16-l128-m32,4,8,49567,3007,16.483870967741936,203026432,197066752,0.029354207436399216,False,True,False,1.0,4.0,"{""all_reduce:4096"":1022,""fused_allreduce_residual_rmsnorm:4096"":48545}","{""all_reduce:65536"":62,""fused_allreduce_residual_rmsnorm:65536"":2945}"
decode,qwen3-30b-a3b,qwen3-30b-a3b,decode-tp4-b1-l8192-m512,decode-tp8-b16-l2048-m32,4,8,49567,3007,16.483870967741936,203026432,197066752,0.029354207436399216,False,True,False,1.0,4.0,"{""all_reduce:4096"":1022,""fused_allreduce_residual_rmsnorm:4096"":48545}","{""all_reduce:65536"":62,""fused_allreduce_residual_rmsnorm:65536"":2945}"
decode,qwen3-30b-a3b,qwen3-30b-a3b,decode-tp4-b1-l8192-m512,decode-tp8-b16-l8192-m32,4,8,49567,3007,16.483870967741936,203026432,197066752,0.029354207436399216,False,True,False,1.0,4.0,"{""all_reduce:4096"":1022,""fused_allreduce_residual_rmsnorm:4096"":48545}","{""all_reduce:65536"":62,""fused_allreduce_residual_rmsnorm:65536"":2945}"
decode,qwen3-30b-a3b,qwen3-30b-a3b,decode-tp4-b16-l128-m32,decode-tp8-b1-l128-m512,4,8,3007,49567,16.483870967741936,197066752,203026432,0.029354207436399216,False,True,False,1.0,4.0,"{""all_reduce:65536"":62,""fused_allreduce_residual_rmsnorm:65536"":2945}","{""all_reduce:4096"":1022,""fused_allreduce_residual_rmsnorm:4096"":48545}"
decode,qwen3-30b-a3b,qwen3-30b-a3b,decode-tp4-b16-l128-m32,decode-tp8-b1-l2048-m512,4,8,3007,49567,16.483870967741936,197066752,203026432,0.029354207436399216,False,True,False,1.0,4.0,"{""all_reduce:65536"":62,""fused_allreduce_residual_rmsnorm:65536"":2945}","{""all_reduce:4096"":1022,""fused_allreduce_residual_rmsnorm:4096"":48545}"
decode,qwen3-30b-a3b,qwen3-30b-a3b,decode-tp4-b16-l128-m32,decode-tp8-b1-l8192-m512,4,8,3007,49567,16.483870967741936,197066752,203026432,0.029354207436399216,False,True,False,1.0,4.0,"{""all_reduce:65536"":62,""fused_allreduce_residual_rmsnorm:65536"":2945}","{""all_reduce:4096"":1022,""fused_allreduce_residual_rmsnorm:4096"":48545}"
decode,qwen3-30b-a3b,qwen3-30b-a3b,decode-tp4-b16-l2048-m32,decode-tp8-b1-l128-m512,4,8,3007,49567,16.483870967741936,197066752,203026432,0.029354207436399216,False,True,False,1.0,4.0,"{""all_reduce:65536"":62,""fused_allreduce_residual_rmsnorm:65536"":2945}","{""all_reduce:4096"":1022,""fused_allreduce_residual_rmsnorm:4096"":48545}"
decode,qwen3-30b-a3b,qwen3-30b-a3b,decode-tp4-b16-l2048-m32,decode-tp8-b1-l2048-m512,4,8,3007,49567,16.483870967741936,197066752,203026432,0.029354207436399216,False,True,False,1.0,4.0,"{""all_reduce:65536"":62,""fused_allreduce_residual_rmsnorm:65536"":2945}","{""all_reduce:4096"":1022,""fused_allreduce_residual_rmsnorm:4096"":48545}"
decode,qwen3-30b-a3b,qwen3-30b-a3b,decode-tp4-b16-l2048-m32,decode-tp8-b1-l8192-m512,4,8,3007,49567,16.483870967741936,197066752,203026432,0.029354207436399216,False,True,False,1.0,4.0,"{""all_reduce:65536"":62,""fused_allreduce_residual_rmsnorm:65536"":2945}","{""all_reduce:4096"":1022,""fused_allreduce_residual_rmsnorm:4096"":48545}"
decode,qwen3-30b-a3b,qwen3-30b-a3b,decode-tp4-b16-l8192-m32,decode-tp8-b1-l128-m512,4,8,3007,49567,16.483870967741936,197066752,203026432,0.029354207436399216,False,True,False,1.0,4.0,"{""all_reduce:65536"":62,""fused_allreduce_residual_rmsnorm:65536"":2945}","{""all_reduce:4096"":1022,""fused_allreduce_residual_rmsnorm:4096"":48545}"
decode,qwen3-30b-a3b,qwen3-30b-a3b,decode-tp4-b16-l8192-m32,decode-tp8-b1-l2048-m512,4,8,3007,49567,16.483870967741936,197066752,203026432,0.029354207436399216,False,True,False,1.0,4.0,"{""all_reduce:65536"":62,""fused_allreduce_residual_rmsnorm:65536"":2945}","{""all_reduce:4096"":1022,""fused_allreduce_residual_rmsnorm:4096"":48545}"
decode,qwen3-30b-a3b,qwen3-30b-a3b,decode-tp4-b16-l8192-m32,decode-tp8-b1-l8192-m512,4,8,3007,49567,16.483870967741936,197066752,203026432,0.029354207436399216,False,True,False,1.0,4.0,"{""all_reduce:65536"":62,""fused_allreduce_residual_rmsnorm:65536"":2945}","{""all_reduce:4096"":1022,""fused_allreduce_residual_rmsnorm:4096"":48545}"
decode,qwen3-30b-a3b,qwen3-30b-a3b,decode-tp8-b1-l128-m512,decode-tp8-b16-l128-m32,8,8,49567,3007,16.483870967741936,203026432,197066752,0.029354207436399216,False,False,False,1.0,4.0,"{""all_reduce:4096"":1022,""fused_allreduce_residual_rmsnorm:4096"":48545}","{""all_reduce:65536"":62,""fused_allreduce_residual_rmsnorm:65536"":2945}"
decode,qwen3-30b-a3b,qwen3-30b-a3b,decode-tp8-b1-l128-m512,decode-tp8-b16-l2048-m32,8,8,49567,3007,16.483870967741936,203026432,197066752,0.029354207436399216,False,False,False,1.0,4.0,"{""all_reduce:4096"":1022,""fused_allreduce_residual_rmsnorm:4096"":48545}","{""all_reduce:65536"":62,""fused_allreduce_residual_rmsnorm:65536"":2945}"
decode,qwen3-30b-a3b,qwen3-30b-a3b,decode-tp8-b1-l128-m512,decode-tp8-b16-l8192-m32,8,8,49567,3007,16.483870967741936,203026432,197066752,0.029354207436399216,False,False,False,1.0,4.0,"{""all_reduce:4096"":1022,""fused_allreduce_residual_rmsnorm:4096"":48545}","{""all_reduce:65536"":62,""fused_allreduce_residual_rmsnorm:65536"":2945}"
decode,qwen3-30b-a3b,qwen3-30b-a3b,decode-tp8-b1-l2048-m512,decode-tp8-b16-l128-m32,8,8,49567,3007,16.483870967741936,203026432,197066752,0.029354207436399216,False,False,False,1.0,4.0,"{""all_reduce:4096"":1022,""fused_allreduce_residual_rmsnorm:4096"":48545}","{""all_reduce:65536"":62,""fused_allreduce_residual_rmsnorm:65536"":2945}"
decode,qwen3-30b-a3b,qwen3-30b-a3b,decode-tp8-b1-l2048-m512,decode-tp8-b16-l2048-m32,8,8,49567,3007,16.483870967741936,203026432,197066752,0.029354207436399216,False,False,False,1.0,4.0,"{""all_reduce:4096"":1022,""fused_allreduce_residual_rmsnorm:4096"":48545}","{""all_reduce:65536"":62,""fused_allreduce_residual_rmsnorm:65536"":2945}"
decode,qwen3-30b-a3b,qwen3-30b-a3b,decode-tp8-b1-l2048-m512,decode-tp8-b16-l8192-m32,8,8,49567,3007,16.483870967741936,203026432,197066752,0.029354207436399216,False,False,False,1.0,4.0,"{""all_reduce:4096"":1022,""fused_allreduce_residual_rmsnorm:4096"":48545}","{""all_reduce:65536"":62,""fused_allreduce_residual_rmsnorm:65536"":2945}"
decode,qwen3-30b-a3b,qwen3-30b-a3b,decode-tp8-b1-l8192-m512,decode-tp8-b16-l128-m32,8,8,49567,3007,16.483870967741936,203026432,197066752,0.029354207436399216,False,False,False,1.0,4.0,"{""all_reduce:4096"":1022,""fused_allreduce_residual_rmsnorm:4096"":48545}","{""all_reduce:65536"":62,""fused_allreduce_residual_rmsnorm:65536"":2945}"
decode,qwen3-30b-a3b,qwen3-30b-a3b,decode-tp8-b1-l8192-m512,decode-tp8-b16-l2048-m32,8,8,49567,3007,16.483870967741936,203026432,197066752,0.029354207436399216,False,False,False,1.0,4.0,"{""all_reduce:4096"":1022,""fused_allreduce_residual_rmsnorm:4096"":48545}","{""all_reduce:65536"":62,""fused_allreduce_residual_rmsnorm:65536"":2945}"
decode,qwen3-30b-a3b,qwen3-30b-a3b,decode-tp8-b1-l8192-m512,decode-tp8-b16-l8192-m32,8,8,49567,3007,16.483870967741936,203026432,197066752,0.029354207436399216,False,False,False,1.0,4.0,"{""all_reduce:4096"":1022,""fused_allreduce_residual_rmsnorm:4096"":48545}","{""all_reduce:65536"":62,""fused_allreduce_residual_rmsnorm:65536"":2945}"
decode,qwen3-8b,qwen3-8b,decode-tp2-b1-l128-m128,decode-tp2-b4-l128-m32,2,2,9271,2263,4.096774193548387,75948032,74153984,0.023622047244094488,False,False,False,1.0,2.0,"{""all_reduce:8192"":9271}","{""all_reduce:32768"":2263}"
decode,qwen3-8b,qwen3-8b,decode-tp2-b1-l128-m128,decode-tp2-b4-l2048-m32,2,2,9271,2263,4.096774193548387,75948032,74153984,0.023622047244094488,False,False,False,1.0,2.0,"{""all_reduce:8192"":9271}","{""all_reduce:32768"":2263}"
decode,qwen3-8b,qwen3-8b,decode-tp2-b1-l128-m128,decode-tp2-b4-l8192-m32,2,2,9271,2263,4.096774193548387,75948032,74153984,0.023622047244094488,False,False,False,1.0,2.0,"{""all_reduce:8192"":9271}","{""all_reduce:32768"":2263}"
decode,qwen3-8b,qwen3-8b,decode-tp2-b1-l128-m128,decode-tp4-b4-l128-m32,2,4,9271,2263,4.096774193548387,75948032,74153984,0.023622047244094488,False,True,False,1.0,2.0,"{""all_reduce:8192"":9271}","{""all_reduce:32768"":2263}"
decode,qwen3-8b,qwen3-8b,decode-tp2-b1-l128-m128,decode-tp4-b4-l2048-m32,2,4,9271,2263,4.096774193548387,75948032,74153984,0.023622047244094488,False,True,False,1.0,2.0,"{""all_reduce:8192"":9271}","{""all_reduce:32768"":2263}"
decode,qwen3-8b,qwen3-8b,decode-tp2-b1-l128-m128,decode-tp4-b4-l8192-m32,2,4,9271,2263,4.096774193548387,75948032,74153984,0.023622047244094488,False,True,False,1.0,2.0,"{""all_reduce:8192"":9271}","{""all_reduce:32768"":2263}"
decode,qwen3-8b,qwen3-8b,decode-tp2-b1-l128-m128,decode-tp8-b4-l128-m32,2,8,9271,2263,4.096774193548387,75948032,74153984,0.023622047244094488,False,True,False,1.0,2.0,"{""all_reduce:8192"":9271}","{""all_reduce:32768"":2263}"
decode,qwen3-8b,qwen3-8b,decode-tp2-b1-l128-m128,decode-tp8-b4-l2048-m32,2,8,9271,2263,4.096774193548387,75948032,74153984,0.023622047244094488,False,True,False,1.0,2.0,"{""all_reduce:8192"":9271}","{""all_reduce:32768"":2263}"
decode,qwen3-8b,qwen3-8b,decode-tp2-b1-l128-m128,decode-tp8-b4-l8192-m32,2,8,9271,2263,4.096774193548387,75948032,74153984,0.023622047244094488,False,True,False,1.0,2.0,"{""all_reduce:8192"":9271}","{""all_reduce:32768"":2263}"
decode,qwen3-8b,qwen3-8b,decode-tp2-b1-l2048-m128,decode-tp2-b4-l128-m32,2,2,9271,2263,4.096774193548387,75948032,74153984,0.023622047244094488,False,False,False,1.0,2.0,"{""all_reduce:8192"":9271}","{""all_reduce:32768"":2263}"
decode,qwen3-8b,qwen3-8b,decode-tp2-b1-l2048-m128,decode-tp2-b4-l2048-m32,2,2,9271,2263,4.096774193548387,75948032,74153984,0.023622047244094488,False,False,False,1.0,2.0,"{""all_reduce:8192"":9271}","{""all_reduce:32768"":2263}"
decode,qwen3-8b,qwen3-8b,decode-tp2-b1-l2048-m128,decode-tp2-b4-l8192-m32,2,2,9271,2263,4.096774193548387,75948032,74153984,0.023622047244094488,False,False,False,1.0,2.0,"{""all_reduce:8192"":9271}","{""all_reduce:32768"":2263}"
decode,qwen3-8b,qwen3-8b,decode-tp2-b1-l2048-m128,decode-tp4-b4-l128-m32,2,4,9271,2263,4.096774193548387,75948032,74153984,0.023622047244094488,False,True,False,1.0,2.0,"{""all_reduce:8192"":9271}","{""all_reduce:32768"":2263}"
decode,qwen3-8b,qwen3-8b,decode-tp2-b1-l2048-m128,decode-tp4-b4-l2048-m32,2,4,9271,2263,4.096774193548387,75948032,74153984,0.023622047244094488,False,True,False,1.0,2.0,"{""all_reduce:8192"":9271}","{""all_reduce:32768"":2263}"
decode,qwen3-8b,qwen3-8b,decode-tp2-b1-l2048-m128,decode-tp4-b4-l8192-m32,2,4,9271,2263,4.096774193548387,75948032,74153984,0.023622047244094488,False,True,False,1.0,2.0,"{""all_reduce:8192"":9271}","{""all_reduce:32768"":2263}"
decode,qwen3-8b,qwen3-8b,decode-tp2-b1-l2048-m128,decode-tp8-b4-l128-m32,2,8,9271,2263,4.096774193548387,75948032,74153984,0.023622047244094488,False,True,False,1.0,2.0,"{""all_reduce:8192"":9271}","{""all_reduce:32768"":2263}"
decode,qwen3-8b,qwen3-8b,decode-tp2-b1-l2048-m128,decode-tp8-b4-l2048-m32,2,8,9271,2263,4.096774193548387,75948032,74153984,0.023622047244094488,False,True,False,1.0,2.0,"{""all_reduce:8192"":9271}","{""all_reduce:32768"":2263}"
decode,qwen3-8b,qwen3-8b,decode-tp2-b1-l2048-m128,decode-tp8-b4-l8192-m32,2,8,9271,2263,4.096774193548387,75948032,74153984,0.023622047244094488,False,True,False,1.0,2.0,"{""all_reduce:8192"":9271}","{""all_reduce:32768"":2263}"
decode,qwen3-8b,qwen3-8b,decode-tp2-b1-l8192-m128,decode-tp2-b4-l128-m32,2,2,9271,2263,4.096774193548387,75948032,74153984,0.023622047244094488,False,False,False,1.0,2.0,"{""all_reduce:8192"":9271}","{""all_reduce:32768"":2263}"
decode,qwen3-8b,qwen3-8b,decode-tp2-b1-l8192-m128,decode-tp2-b4-l2048-m32,2,2,9271,2263,4.096774193548387,75948032,74153984,0.023622047244094488,False,False,False,1.0,2.0,"{""all_reduce:8192"":9271}","{""all_reduce:32768"":2263}"
decode,qwen3-8b,qwen3-8b,decode-tp2-b1-l8192-m128,decode-tp2-b4-l8192-m32,2,2,9271,2263,4.096774193548387,75948032,74153984,0.023622047244094488,False,False,False,1.0,2.0,"{""all_reduce:8192"":9271}","{""all_reduce:32768"":2263}"
decode,qwen3-8b,qwen3-8b,decode-tp2-b1-l8192-m128,decode-tp4-b4-l128-m32,2,4,9271,2263,4.096774193548387,75948032,74153984,0.023622047244094488,False,True,False,1.0,2.0,"{""all_reduce:8192"":9271}","{""all_reduce:32768"":2263}"
decode,qwen3-8b,qwen3-8b,decode-tp2-b1-l8192-m128,decode-tp4-b4-l2048-m32,2,4,9271,2263,4.096774193548387,75948032,74153984,0.023622047244094488,False,True,False,1.0,2.0,"{""all_reduce:8192"":9271}","{""all_reduce:32768"":2263}"
decode,qwen3-8b,qwen3-8b,decode-tp2-b1-l8192-m128,decode-tp4-b4-l8192-m32,2,4,9271,2263,4.096774193548387,75948032,74153984,0.023622047244094488,False,True,False,1.0,2.0,"{""all_reduce:8192"":9271}","{""all_reduce:32768"":2263}"
decode,qwen3-8b,qwen3-8b,decode-tp2-b1-l8192-m128,decode-tp8-b4-l128-m32,2,8,9271,2263,4.096774193548387,75948032,74153984,0.023622047244094488,False,True,False,1.0,2.0,"{""all_reduce:8192"":9271}","{""all_reduce:32768"":2263}"
decode,qwen3-8b,qwen3-8b,decode-tp2-b1-l8192-m128,decode-tp8-b4-l2048-m32,2,8,9271,2263,4.096774193548387,75948032,74153984,0.023622047244094488,False,True,False,1.0,2.0,"{""all_reduce:8192"":9271}","{""all_reduce:32768"":2263}"
decode,qwen3-8b,qwen3-8b,decode-tp2-b1-l8192-m128,decode-tp8-b4-l8192-m32,2,8,9271,2263,4.096774193548387,75948032,74153984,0.023622047244094488,False,True,False,1.0,2.0,"{""all_reduce:8192"":9271}","{""all_reduce:32768"":2263}"
decode,qwen3-8b,qwen3-8b,decode-tp2-b2-l128-m128,decode-tp2-b8-l128-m32,2,2,9271,2263,4.096774193548387,151896064,148307968,0.023622047244094488,False,False,False,1.0,2.0,"{""all_reduce:16384"":9271}","{""all_reduce:65536"":2263}"
decode,qwen3-8b,qwen3-8b,decode-tp2-b2-l128-m128,decode-tp2-b8-l2048-m32,2,2,9271,2263,4.096774193548387,151896064,148307968,0.023622047244094488,False,False,False,1.0,2.0,"{""all_reduce:16384"":9271}","{""all_reduce:65536"":2263}"
decode,qwen3-8b,qwen3-8b,decode-tp2-b2-l128-m128,decode-tp2-b8-l8192-m32,2,2,9271,2263,4.096774193548387,151896064,148307968,0.023622047244094488,False,False,False,1.0,2.0,"{""all_reduce:16384"":9271}","{""all_reduce:65536"":2263}"
decode,qwen3-8b,qwen3-8b,decode-tp2-b2-l128-m128,decode-tp4-b8-l128-m32,2,4,9271,2263,4.096774193548387,151896064,148307968,0.023622047244094488,False,True,False,1.0,2.0,"{""all_reduce:16384"":9271}","{""all_reduce:65536"":2263}"
decode,qwen3-8b,qwen3-8b,decode-tp2-b2-l128-m128,decode-tp4-b8-l2048-m32,2,4,9271,2263,4.096774193548387,151896064,148307968,0.023622047244094488,False,True,False,1.0,2.0,"{""all_reduce:16384"":9271}","{""all_reduce:65536"":2263}"
decode,qwen3-8b,qwen3-8b,decode-tp2-b2-l128-m128,decode-tp4-b8-l8192-m32,2,4,9271,2263,4.096774193548387,151896064,148307968,0.023622047244094488,False,True,False,1.0,2.0,"{""all_reduce:16384"":9271}","{""all_reduce:65536"":2263}"
decode,qwen3-8b,qwen3-8b,decode-tp2-b2-l128-m128,decode-tp8-b8-l128-m32,2,8,9271,2263,4.096774193548387,151896064,148307968,0.023622047244094488,False,True,False,1.0,2.0,"{""all_reduce:16384"":9271}","{""all_reduce:65536"":2263}"
decode,qwen3-8b,qwen3-8b,decode-tp2-b2-l128-m128,decode-tp8-b8-l2048-m32,2,8,9271,2263,4.096774193548387,151896064,148307968,0.023622047244094488,False,True,False,1.0,2.0,"{""all_reduce:16384"":9271}","{""all_reduce:65536"":2263}"
decode,qwen3-8b,qwen3-8b,decode-tp2-b2-l128-m128,decode-tp8-b8-l8192-m32,2,8,9271,2263,4.096774193548387,151896064,148307968,0.023622047244094488,False,True,False,1.0,2.0,"{""all_reduce:16384"":9271}","{""all_reduce:65536"":2263}"
decode,qwen3-8b,qwen3-8b,decode-tp2-b2-l2048-m128,decode-tp2-b8-l128-m32,2,2,9271,2263,4.096774193548387,151896064,148307968,0.023622047244094488,False,False,False,1.0,2.0,"{""all_reduce:16384"":9271}","{""all_reduce:65536"":2263}"
decode,qwen3-8b,qwen3-8b,decode-tp2-b2-l2048-m128,decode-tp2-b8-l2048-m32,2,2,9271,2263,4.096774193548387,151896064,148307968,0.023622047244094488,False,False,False,1.0,2.0,"{""all_reduce:16384"":9271}","{""all_reduce:65536"":2263}"
decode,qwen3-8b,qwen3-8b,decode-tp2-b2-l2048-m128,decode-tp2-b8-l8192-m32,2,2,9271,2263,4.096774193548387,151896064,148307968,0.023622047244094488,False,False,False,1.0,2.0,"{""all_reduce:16384"":9271}","{""all_reduce:65536"":2263}"
decode,qwen3-8b,qwen3-8b,decode-tp2-b2-l2048-m128,decode-tp4-b8-l128-m32,2,4,9271,2263,4.096774193548387,151896064,148307968,0.023622047244094488,False,True,False,1.0,2.0,"{""all_reduce:16384"":9271}","{""all_reduce:65536"":2263}"
decode,qwen3-8b,qwen3-8b,decode-tp2-b2-l2048-m128,decode-tp4-b8-l2048-m32,2,4,9271,2263,4.096774193548387,151896064,148307968,0.023622047244094488,False,True,False,1.0,2.0,"{""all_reduce:16384"":9271}","{""all_reduce:65536"":2263}"
decode,qwen3-8b,qwen3-8b,decode-tp2-b2-l2048-m128,decode-tp4-b8-l8192-m32,2,4,9271,2263,4.096774193548387,151896064,148307968,0.023622047244094488,False,True,False,1.0,2.0,"{""all_reduce:16384"":9271}","{""all_reduce:65536"":2263}"
decode,qwen3-8b,qwen3-8b,decode-tp2-b2-l2048-m128,decode-tp8-b8-l128-m32,2,8,9271,2263,4.096774193548387,151896064,148307968,0.023622047244094488,False,True,False,1.0,2.0,"{""all_reduce:16384"":9271}","{""all_reduce:65536"":2263}"
decode,qwen3-8b,qwen3-8b,decode-tp2-b2-l2048-m128,decode-tp8-b8-l2048-m32,2,8,9271,2263,4.096774193548387,151896064,148307968,0.023622047244094488,False,True,False,1.0,2.0,"{""all_reduce:16384"":9271}","{""all_reduce:65536"":2263}"
decode,qwen3-8b,qwen3-8b,decode-tp2-b2-l2048-m128,decode-tp8-b8-l8192-m32,2,8,9271,2263,4.096774193548387,151896064,148307968,0.023622047244094488,False,True,False,1.0,2.0,"{""all_reduce:16384"":9271}","{""all_reduce:65536"":2263}"
decode,qwen3-8b,qwen3-8b,decode-tp2-b2-l8192-m128,decode-tp2-b8-l128-m32,2,2,9271,2263,4.096774193548387,151896064,148307968,0.023622047244094488,False,False,False,1.0,2.0,"{""all_reduce:16384"":9271}","{""all_reduce:65536"":2263}"
decode,qwen3-8b,qwen3-8b,decode-tp2-b2-l8192-m128,decode-tp2-b8-l2048-m32,2,2,9271,2263,4.096774193548387,151896064,148307968,0.023622047244094488,False,False,False,1.0,2.0,"{""all_reduce:16384"":9271}","{""all_reduce:65536"":2263}"
decode,qwen3-8b,qwen3-8b,decode-tp2-b2-l8192-m128,decode-tp2-b8-l8192-m32,2,2,9271,2263,4.096774193548387,151896064,148307968,0.023622047244094488,False,False,False,1.0,2.0,"{""all_reduce:16384"":9271}","{""all_reduce:65536"":2263}"
decode,qwen3-8b,qwen3-8b,decode-tp2-b2-l8192-m128,decode-tp4-b8-l128-m32,2,4,9271,2263,4.096774193548387,151896064,148307968,0.023622047244094488,False,True,False,1.0,2.0,"{""all_reduce:16384"":9271}","{""all_reduce:65536"":2263}"
decode,qwen3-8b,qwen3-8b,decode-tp2-b2-l8192-m128,decode-tp4-b8-l2048-m32,2,4,9271,2263,4.096774193548387,151896064,148307968,0.023622047244094488,False,True,False,1.0,2.0,"{""all_reduce:16384"":9271}","{""all_reduce:65536"":2263}"
decode,qwen3-8b,qwen3-8b,decode-tp2-b2-l8192-m128,decode-tp4-b8-l8192-m32,2,4,9271,2263,4.096774193548387,151896064,148307968,0.023622047244094488,False,True,False,1.0,2.0,"{""all_reduce:16384"":9271}","{""all_reduce:65536"":2263}"
decode,qwen3-8b,qwen3-8b,decode-tp2-b2-l8192-m128,decode-tp8-b8-l128-m32,2,8,9271,2263,4.096774193548387,151896064,148307968,0.023622047244094488,False,True,False,1.0,2.0,"{""all_reduce:16384"":9271}","{""all_reduce:65536"":2263}"
decode,qwen3-8b,qwen3-8b,decode-tp2-b2-l8192-m128,decode-tp8-b8-l2048-m32,2,8,9271,2263,4.096774193548387,151896064,148307968,0.023622047244094488,False,True,False,1.0,2.0,"{""all_reduce:16384"":9271}","{""all_reduce:65536"":2263}"
decode,qwen3-8b,qwen3-8b,decode-tp2-b2-l8192-m128,decode-tp8-b8-l8192-m32,2,8,9271,2263,4.096774193548387,151896064,148307968,0.023622047244094488,False,True,False,1.0,2.0,"{""all_reduce:16384"":9271}","{""all_reduce:65536"":2263}"
decode,qwen3-8b,qwen3-8b,decode-tp2-b4-l128-m32,decode-tp4-b1-l128-m128,2,4,2263,9271,4.096774193548387,74153984,75948032,0.023622047244094488,False,True,False,1.0,2.0,"{""all_reduce:32768"":2263}","{""all_reduce:8192"":9271}"
decode,qwen3-8b,qwen3-8b,decode-tp2-b4-l128-m32,decode-tp4-b1-l2048-m128,2,4,2263,9271,4.096774193548387,74153984,75948032,0.023622047244094488,False,True,False,1.0,2.0,"{""all_reduce:32768"":2263}","{""all_reduce:8192"":9271}"
decode,qwen3-8b,qwen3-8b,decode-tp2-b4-l128-m32,decode-tp4-b1-l8192-m128,2,4,2263,9271,4.096774193548387,74153984,75948032,0.023622047244094488,False,True,False,1.0,2.0,"{""all_reduce:32768"":2263}","{""all_reduce:8192"":9271}"
decode,qwen3-8b,qwen3-8b,decode-tp2-b4-l128-m32,decode-tp8-b1-l128-m128,2,8,2263,9271,4.096774193548387,74153984,75948032,0.023622047244094488,False,True,False,1.0,2.0,"{""all_reduce:32768"":2263}","{""all_reduce:8192"":9271}"
decode,qwen3-8b,qwen3-8b,decode-tp2-b4-l128-m32,decode-tp8-b1-l2048-m128,2,8,2263,9271,4.096774193548387,74153984,75948032,0.023622047244094488,False,True,False,1.0,2.0,"{""all_reduce:32768"":2263}","{""all_reduce:8192"":9271}"
decode,qwen3-8b,qwen3-8b,decode-tp2-b4-l128-m32,decode-tp8-b1-l8192-m128,2,8,2263,9271,4.096774193548387,74153984,75948032,0.023622047244094488,False,True,False,1.0,2.0,"{""all_reduce:32768"":2263}","{""all_reduce:8192"":9271}"
decode,qwen3-8b,qwen3-8b,decode-tp2-b4-l128-m128,decode-tp2-b16-l128-m32,2,2,9271,2263,4.096774193548387,303792128,296615936,0.023622047244094488,False,False,False,1.0,2.0,"{""all_reduce:32768"":9271}","{""all_reduce:131072"":2263}"
decode,qwen3-8b,qwen3-8b,decode-tp2-b4-l128-m128,decode-tp2-b16-l2048-m32,2,2,9271,2263,4.096774193548387,303792128,296615936,0.023622047244094488,False,False,False,1.0,2.0,"{""all_reduce:32768"":9271}","{""all_reduce:131072"":2263}"
decode,qwen3-8b,qwen3-8b,decode-tp2-b4-l128-m128,decode-tp2-b16-l8192-m32,2,2,9271,2263,4.096774193548387,303792128,296615936,0.023622047244094488,False,False,False,1.0,2.0,"{""all_reduce:32768"":9271}","{""all_reduce:131072"":2263}"
decode,qwen3-8b,qwen3-8b,decode-tp2-b4-l128-m128,decode-tp4-b16-l128-m32,2,4,9271,2263,4.096774193548387,303792128,296615936,0.023622047244094488,False,True,False,1.0,2.0,"{""all_reduce:32768"":9271}","{""all_reduce:131072"":2263}"
decode,qwen3-8b,qwen3-8b,decode-tp2-b4-l128-m128,decode-tp4-b16-l2048-m32,2,4,9271,2263,4.096774193548387,303792128,296615936,0.023622047244094488,False,True,False,1.0,2.0,"{""all_reduce:32768"":9271}","{""all_reduce:131072"":2263}"
decode,qwen3-8b,qwen3-8b,decode-tp2-b4-l128-m128,decode-tp4-b16-l8192-m32,2,4,9271,2263,4.096774193548387,303792128,296615936,0.023622047244094488,False,True,False,1.0,2.0,"{""all_reduce:32768"":9271}","{""all_reduce:131072"":2263}"
decode,qwen3-8b,qwen3-8b,decode-tp2-b4-l128-m128,decode-tp8-b16-l128-m32,2,8,9271,2263,4.096774193548387,303792128,296615936,0.023622047244094488,False,True,False,1.0,2.0,"{""all_reduce:32768"":9271}","{""all_reduce:131072"":2263}"
decode,qwen3-8b,qwen3-8b,decode-tp2-b4-l128-m128,decode-tp8-b16-l2048-m32,2,8,9271,2263,4.096774193548387,303792128,296615936,0.023622047244094488,False,True,False,1.0,2.0,"{""all_reduce:32768"":9271}","{""all_reduce:131072"":2263}"
decode,qwen3-8b,qwen3-8b,decode-tp2-b4-l128-m128,decode-tp8-b16-l8192-m32,2,8,9271,2263,4.096774193548387,303792128,296615936,0.023622047244094488,False,True,False,1.0,2.0,"{""all_reduce:32768"":9271}","{""all_reduce:131072"":2263}"
decode,qwen3-8b,qwen3-8b,decode-tp2-b4-l2048-m32,decode-tp4-b1-l128-m128,2,4,2263,9271,4.096774193548387,74153984,75948032,0.023622047244094488,False,True,False,1.0,2.0,"{""all_reduce:32768"":2263}","{""all_reduce:8192"":9271}"
decode,qwen3-8b,qwen3-8b,decode-tp2-b4-l2048-m32,decode-tp4-b1-l2048-m128,2,4,2263,9271,4.096774193548387,74153984,75948032,0.023622047244094488,False,True,False,1.0,2.0,"{""all_reduce:32768"":2263}","{""all_reduce:8192"":9271}"
decode,qwen3-8b,qwen3-8b,decode-tp2-b4-l2048-m32,decode-tp4-b1-l8192-m128,2,4,2263,9271,4.096774193548387,74153984,75948032,0.023622047244094488,False,True,False,1.0,2.0,"{""all_reduce:32768"":2263}","{""all_reduce:8192"":9271}"
decode,qwen3-8b,qwen3-8b,decode-tp2-b4-l2048-m32,decode-tp8-b1-l128-m128,2,8,2263,9271,4.096774193548387,74153984,75948032,0.023622047244094488,False,True,False,1.0,2.0,"{""all_reduce:32768"":2263}","{""all_reduce:8192"":9271}"
decode,qwen3-8b,qwen3-8b,decode-tp2-b4-l2048-m32,decode-tp8-b1-l2048-m128,2,8,2263,9271,4.096774193548387,74153984,75948032,0.023622047244094488,False,True,False,1.0,2.0,"{""all_reduce:32768"":2263}","{""all_reduce:8192"":9271}"
decode,qwen3-8b,qwen3-8b,decode-tp2-b4-l2048-m32,decode-tp8-b1-l8192-m128,2,8,2263,9271,4.096774193548387,74153984,75948032,0.023622047244094488,False,True,False,1.0,2.0,"{""all_reduce:32768"":2263}","{""all_reduce:8192"":9271}"
decode,qwen3-8b,qwen3-8b,decode-tp2-b4-l2048-m128,decode-tp2-b16-l128-m32,2,2,9271,2263,4.096774193548387,303792128,296615936,0.023622047244094488,False,False,False,1.0,2.0,"{""all_reduce:32768"":9271}","{""all_reduce:131072"":2263}"
decode,qwen3-8b,qwen3-8b,decode-tp2-b4-l2048-m128,decode-tp2-b16-l2048-m32,2,2,9271,2263,4.096774193548387,303792128,296615936,0.023622047244094488,False,False,False,1.0,2.0,"{""all_reduce:32768"":9271}","{""all_reduce:131072"":2263}"
decode,qwen3-8b,qwen3-8b,decode-tp2-b4-l2048-m128,decode-tp2-b16-l8192-m32,2,2,9271,2263,4.096774193548387,303792128,296615936,0.023622047244094488,False,False,False,1.0,2.0,"{""all_reduce:32768"":9271}","{""all_reduce:131072"":2263}"
decode,qwen3-8b,qwen3-8b,decode-tp2-b4-l2048-m128,decode-tp4-b16-l128-m32,2,4,9271,2263,4.096774193548387,303792128,296615936,0.023622047244094488,False,True,False,1.0,2.0,"{""all_reduce:32768"":9271}","{""all_reduce:131072"":2263}"
decode,qwen3-8b,qwen3-8b,decode-tp2-b4-l2048-m128,decode-tp4-b16-l2048-m32,2,4,9271,2263,4.096774193548387,303792128,296615936,0.023622047244094488,False,True,False,1.0,2.0,"{""all_reduce:32768"":9271}","{""all_reduce:131072"":2263}"
decode,qwen3-8b,qwen3-8b,decode-tp2-b4-l2048-m128,decode-tp4-b16-l8192-m32,2,4,9271,2263,4.096774193548387,303792128,296615936,0.023622047244094488,False,True,False,1.0,2.0,"{""all_reduce:32768"":9271}","{""all_reduce:131072"":2263}"
decode,qwen3-8b,qwen3-8b,decode-tp2-b4-l2048-m128,decode-tp8-b16-l128-m32,2,8,9271,2263,4.096774193548387,303792128,296615936,0.023622047244094488,False,True,False,1.0,2.0,"{""all_reduce:32768"":9271}","{""all_reduce:131072"":2263}"
decode,qwen3-8b,qwen3-8b,decode-tp2-b4-l2048-m128,decode-tp8-b16-l2048-m32,2,8,9271,2263,4.096774193548387,303792128,296615936,0.023622047244094488,False,True,False,1.0,2.0,"{""all_reduce:32768"":9271}","{""all_reduce:131072"":2263}"
decode,qwen3-8b,qwen3-8b,decode-tp2-b4-l2048-m128,decode-tp8-b16-l8192-m32,2,8,9271,2263,4.096774193548387,303792128,296615936,0.023622047244094488,False,True,False,1.0,2.0,"{""all_reduce:32768"":9271}","{""all_reduce:131072"":2263}"
decode,qwen3-8b,qwen3-8b,decode-tp2-b4-l8192-m32,decode-tp4-b1-l128-m128,2,4,2263,9271,4.096774193548387,74153984,75948032,0.023622047244094488,False,True,False,1.0,2.0,"{""all_reduce:32768"":2263}","{""all_reduce:8192"":9271}"
decode,qwen3-8b,qwen3-8b,decode-tp2-b4-l8192-m32,decode-tp4-b1-l2048-m128,2,4,2263,9271,4.096774193548387,74153984,75948032,0.023622047244094488,False,True,False,1.0,2.0,"{""all_reduce:32768"":2263}","{""all_reduce:8192"":9271}"
decode,qwen3-8b,qwen3-8b,decode-tp2-b4-l8192-m32,decode-tp4-b1-l8192-m128,2,4,2263,9271,4.096774193548387,74153984,75948032,0.023622047244094488,False,True,False,1.0,2.0,"{""all_reduce:32768"":2263}","{""all_reduce:8192"":9271}"
decode,qwen3-8b,qwen3-8b,decode-tp2-b4-l8192-m32,decode-tp8-b1-l128-m128,2,8,2263,9271,4.096774193548387,74153984,75948032,0.023622047244094488,False,True,False,1.0,2.0,"{""all_reduce:32768"":2263}","{""all_reduce:8192"":9271}"
decode,qwen3-8b,qwen3-8b,decode-tp2-b4-l8192-m32,decode-tp8-b1-l2048-m128,2,8,2263,9271,4.096774193548387,74153984,75948032,0.023622047244094488,False,True,False,1.0,2.0,"{""all_reduce:32768"":2263}","{""all_reduce:8192"":9271}"
decode,qwen3-8b,qwen3-8b,decode-tp2-b4-l8192-m32,decode-tp8-b1-l8192-m128,2,8,2263,9271,4.096774193548387,74153984,75948032,0.023622047244094488,False,True,False,1.0,2.0,"{""all_reduce:32768"":2263}","{""all_reduce:8192"":9271}"
decode,qwen3-8b,qwen3-8b,decode-tp2-b4-l8192-m128,decode-tp2-b16-l128-m32,2,2,9271,2263,4.096774193548387,303792128,296615936,0.023622047244094488,False,False,False,1.0,2.0,"{""all_reduce:32768"":9271}","{""all_reduce:131072"":2263}"
decode,qwen3-8b,qwen3-8b,decode-tp2-b4-l8192-m128,decode-tp2-b16-l2048-m32,2,2,9271,2263,4.096774193548387,303792128,296615936,0.023622047244094488,False,False,False,1.0,2.0,"{""all_reduce:32768"":9271}","{""all_reduce:131072"":2263}"
decode,qwen3-8b,qwen3-8b,decode-tp2-b4-l8192-m128,decode-tp2-b16-l8192-m32,2,2,9271,2263,4.096774193548387,303792128,296615936,0.023622047244094488,False,False,False,1.0,2.0,"{""all_reduce:32768"":9271}","{""all_reduce:131072"":2263}"
decode,qwen3-8b,qwen3-8b,decode-tp2-b4-l8192-m128,decode-tp4-b16-l128-m32,2,4,9271,2263,4.096774193548387,303792128,296615936,0.023622047244094488,False,True,False,1.0,2.0,"{""all_reduce:32768"":9271}","{""all_reduce:131072"":2263}"
decode,qwen3-8b,qwen3-8b,decode-tp2-b4-l8192-m128,decode-tp4-b16-l2048-m32,2,4,9271,2263,4.096774193548387,303792128,296615936,0.023622047244094488,False,True,False,1.0,2.0,"{""all_reduce:32768"":9271}","{""all_reduce:131072"":2263}"
decode,qwen3-8b,qwen3-8b,decode-tp2-b4-l8192-m128,decode-tp4-b16-l8192-m32,2,4,9271,2263,4.096774193548387,303792128,296615936,0.023622047244094488,False,True,False,1.0,2.0,"{""all_reduce:32768"":9271}","{""all_reduce:131072"":2263}"
decode,qwen3-8b,qwen3-8b,decode-tp2-b4-l8192-m128,decode-tp8-b16-l128-m32,2,8,9271,2263,4.096774193548387,303792128,296615936,0.023622047244094488,False,True,False,1.0,2.0,"{""all_reduce:32768"":9271}","{""all_reduce:131072"":2263}"
decode,qwen3-8b,qwen3-8b,decode-tp2-b4-l8192-m128,decode-tp8-b16-l2048-m32,2,8,9271,2263,4.096774193548387,303792128,296615936,0.023622047244094488,False,True,False,1.0,2.0,"{""all_reduce:32768"":9271}","{""all_reduce:131072"":2263}"
decode,qwen3-8b,qwen3-8b,decode-tp2-b4-l8192-m128,decode-tp8-b16-l8192-m32,2,8,9271,2263,4.096774193548387,303792128,296615936,0.023622047244094488,False,True,False,1.0,2.0,"{""all_reduce:32768"":9271}","{""all_reduce:131072"":2263}"
decode,qwen3-8b,qwen3-8b,decode-tp2-b8-l128-m32,decode-tp4-b2-l128-m128,2,4,2263,9271,4.096774193548387,148307968,151896064,0.023622047244094488,False,True,False,1.0,2.0,"{""all_reduce:65536"":2263}","{""all_reduce:16384"":9271}"
decode,qwen3-8b,qwen3-8b,decode-tp2-b8-l128-m32,decode-tp4-b2-l2048-m128,2,4,2263,9271,4.096774193548387,148307968,151896064,0.023622047244094488,False,True,False,1.0,2.0,"{""all_reduce:65536"":2263}","{""all_reduce:16384"":9271}"
decode,qwen3-8b,qwen3-8b,decode-tp2-b8-l128-m32,decode-tp4-b2-l8192-m128,2,4,2263,9271,4.096774193548387,148307968,151896064,0.023622047244094488,False,True,False,1.0,2.0,"{""all_reduce:65536"":2263}","{""all_reduce:16384"":9271}"
decode,qwen3-8b,qwen3-8b,decode-tp2-b8-l128-m32,decode-tp8-b2-l128-m128,2,8,2263,9271,4.096774193548387,148307968,151896064,0.023622047244094488,False,True,False,1.0,2.0,"{""all_reduce:65536"":2263}","{""all_reduce:16384"":9271}"
decode,qwen3-8b,qwen3-8b,decode-tp2-b8-l128-m32,decode-tp8-b2-l2048-m128,2,8,2263,9271,4.096774193548387,148307968,151896064,0.023622047244094488,False,True,False,1.0,2.0,"{""all_reduce:65536"":2263}","{""all_reduce:16384"":9271}"
decode,qwen3-8b,qwen3-8b,decode-tp2-b8-l128-m32,decode-tp8-b2-l8192-m128,2,8,2263,9271,4.096774193548387,148307968,151896064,0.023622047244094488,False,True,False,1.0,2.0,"{""all_reduce:65536"":2263}","{""all_reduce:16384"":9271}"
decode,qwen3-8b,qwen3-8b,decode-tp2-b8-l2048-m32,decode-tp4-b2-l128-m128,2,4,2263,9271,4.096774193548387,148307968,151896064,0.023622047244094488,False,True,False,1.0,2.0,"{""all_reduce:65536"":2263}","{""all_reduce:16384"":9271}"
decode,qwen3-8b,qwen3-8b,decode-tp2-b8-l2048-m32,decode-tp4-b2-l2048-m128,2,4,2263,9271,4.096774193548387,148307968,151896064,0.023622047244094488,False,True,False,1.0,2.0,"{""all_reduce:65536"":2263}","{""all_reduce:16384"":9271}"
decode,qwen3-8b,qwen3-8b,decode-tp2-b8-l2048-m32,decode-tp4-b2-l8192-m128,2,4,2263,9271,4.096774193548387,148307968,151896064,0.023622047244094488,False,True,False,1.0,2.0,"{""all_reduce:65536"":2263}","{""all_reduce:16384"":9271}"
decode,qwen3-8b,qwen3-8b,decode-tp2-b8-l2048-m32,decode-tp8-b2-l128-m128,2,8,2263,9271,4.096774193548387,148307968,151896064,0.023622047244094488,False,True,False,1.0,2.0,"{""all_reduce:65536"":2263}","{""all_reduce:16384"":9271}"
decode,qwen3-8b,qwen3-8b,decode-tp2-b8-l2048-m32,decode-tp8-b2-l2048-m128,2,8,2263,9271,4.096774193548387,148307968,151896064,0.023622047244094488,False,True,False,1.0,2.0,"{""all_reduce:65536"":2263}","{""all_reduce:16384"":9271}"
decode,qwen3-8b,qwen3-8b,decode-tp2-b8-l2048-m32,decode-tp8-b2-l8192-m128,2,8,2263,9271,4.096774193548387,148307968,151896064,0.023622047244094488,False,True,False,1.0,2.0,"{""all_reduce:65536"":2263}","{""all_reduce:16384"":9271}"
decode,qwen3-8b,qwen3-8b,decode-tp2-b8-l8192-m32,decode-tp4-b2-l128-m128,2,4,2263,9271,4.096774193548387,148307968,151896064,0.023622047244094488,False,True,False,1.0,2.0,"{""all_reduce:65536"":2263}","{""all_reduce:16384"":9271}"
decode,qwen3-8b,qwen3-8b,decode-tp2-b8-l8192-m32,decode-tp4-b2-l2048-m128,2,4,2263,9271,4.096774193548387,148307968,151896064,0.023622047244094488,False,True,False,1.0,2.0,"{""all_reduce:65536"":2263}","{""all_reduce:16384"":9271}"
decode,qwen3-8b,qwen3-8b,decode-tp2-b8-l8192-m32,decode-tp4-b2-l8192-m128,2,4,2263,9271,4.096774193548387,148307968,151896064,0.023622047244094488,False,True,False,1.0,2.0,"{""all_reduce:65536"":2263}","{""all_reduce:16384"":9271}"
decode,qwen3-8b,qwen3-8b,decode-tp2-b8-l8192-m32,decode-tp8-b2-l128-m128,2,8,2263,9271,4.096774193548387,148307968,151896064,0.023622047244094488,False,True,False,1.0,2.0,"{""all_reduce:65536"":2263}","{""all_reduce:16384"":9271}"
decode,qwen3-8b,qwen3-8b,decode-tp2-b8-l8192-m32,decode-tp8-b2-l2048-m128,2,8,2263,9271,4.096774193548387,148307968,151896064,0.023622047244094488,False,True,False,1.0,2.0,"{""all_reduce:65536"":2263}","{""all_reduce:16384"":9271}"
decode,qwen3-8b,qwen3-8b,decode-tp2-b8-l8192-m32,decode-tp8-b2-l8192-m128,2,8,2263,9271,4.096774193548387,148307968,151896064,0.023622047244094488,False,True,False,1.0,2.0,"{""all_reduce:65536"":2263}","{""all_reduce:16384"":9271}"
decode,qwen3-8b,qwen3-8b,decode-tp2-b16-l128-m32,decode-tp4-b4-l128-m128,2,4,2263,9271,4.096774193548387,296615936,303792128,0.023622047244094488,False,True,False,1.0,2.0,"{""all_reduce:131072"":2263}","{""all_reduce:32768"":9271}"
decode,qwen3-8b,qwen3-8b,decode-tp2-b16-l128-m32,decode-tp4-b4-l2048-m128,2,4,2263,9271,4.096774193548387,296615936,303792128,0.023622047244094488,False,True,False,1.0,2.0,"{""all_reduce:131072"":2263}","{""all_reduce:32768"":9271}"
decode,qwen3-8b,qwen3-8b,decode-tp2-b16-l128-m32,decode-tp4-b4-l8192-m128,2,4,2263,9271,4.096774193548387,296615936,303792128,0.023622047244094488,False,True,False,1.0,2.0,"{""all_reduce:131072"":2263}","{""all_reduce:32768"":9271}"
decode,qwen3-8b,qwen3-8b,decode-tp2-b16-l128-m32,decode-tp8-b4-l128-m128,2,8,2263,9271,4.096774193548387,296615936,303792128,0.023622047244094488,False,True,False,1.0,2.0,"{""all_reduce:131072"":2263}","{""all_reduce:32768"":9271}"
decode,qwen3-8b,qwen3-8b,decode-tp2-b16-l128-m32,decode-tp8-b4-l2048-m128,2,8,2263,9271,4.096774193548387,296615936,303792128,0.023622047244094488,False,True,False,1.0,2.0,"{""all_reduce:131072"":2263}","{""all_reduce:32768"":9271}"
decode,qwen3-8b,qwen3-8b,decode-tp2-b16-l128-m32,decode-tp8-b4-l8192-m128,2,8,2263,9271,4.096774193548387,296615936,303792128,0.023622047244094488,False,True,False,1.0,2.0,"{""all_reduce:131072"":2263}","{""all_reduce:32768"":9271}"
decode,qwen3-8b,qwen3-8b,decode-tp2-b16-l2048-m32,decode-tp4-b4-l128-m128,2,4,2263,9271,4.096774193548387,296615936,303792128,0.023622047244094488,False,True,False,1.0,2.0,"{""all_reduce:131072"":2263}","{""all_reduce:32768"":9271}"
decode,qwen3-8b,qwen3-8b,decode-tp2-b16-l2048-m32,decode-tp4-b4-l2048-m128,2,4,2263,9271,4.096774193548387,296615936,303792128,0.023622047244094488,False,True,False,1.0,2.0,"{""all_reduce:131072"":2263}","{""all_reduce:32768"":9271}"
decode,qwen3-8b,qwen3-8b,decode-tp2-b16-l2048-m32,decode-tp4-b4-l8192-m128,2,4,2263,9271,4.096774193548387,296615936,303792128,0.023622047244094488,False,True,False,1.0,2.0,"{""all_reduce:131072"":2263}","{""all_reduce:32768"":9271}"
decode,qwen3-8b,qwen3-8b,decode-tp2-b16-l2048-m32,decode-tp8-b4-l128-m128,2,8,2263,9271,4.096774193548387,296615936,303792128,0.023622047244094488,False,True,False,1.0,2.0,"{""all_reduce:131072"":2263}","{""all_reduce:32768"":9271}"
decode,qwen3-8b,qwen3-8b,decode-tp2-b16-l2048-m32,decode-tp8-b4-l2048-m128,2,8,2263,9271,4.096774193548387,296615936,303792128,0.023622047244094488,False,True,False,1.0,2.0,"{""all_reduce:131072"":2263}","{""all_reduce:32768"":9271}"
decode,qwen3-8b,qwen3-8b,decode-tp2-b16-l2048-m32,decode-tp8-b4-l8192-m128,2,8,2263,9271,4.096774193548387,296615936,303792128,0.023622047244094488,False,True,False,1.0,2.0,"{""all_reduce:131072"":2263}","{""all_reduce:32768"":9271}"
decode,qwen3-8b,qwen3-8b,decode-tp2-b16-l8192-m32,decode-tp4-b4-l128-m128,2,4,2263,9271,4.096774193548387,296615936,303792128,0.023622047244094488,False,True,False,1.0,2.0,"{""all_reduce:131072"":2263}","{""all_reduce:32768"":9271}"
decode,qwen3-8b,qwen3-8b,decode-tp2-b16-l8192-m32,decode-tp4-b4-l2048-m128,2,4,2263,9271,4.096774193548387,296615936,303792128,0.023622047244094488,False,True,False,1.0,2.0,"{""all_reduce:131072"":2263}","{""all_reduce:32768"":9271}"
decode,qwen3-8b,qwen3-8b,decode-tp2-b16-l8192-m32,decode-tp4-b4-l8192-m128,2,4,2263,9271,4.096774193548387,296615936,303792128,0.023622047244094488,False,True,False,1.0,2.0,"{""all_reduce:131072"":2263}","{""all_reduce:32768"":9271}"
decode,qwen3-8b,qwen3-8b,decode-tp2-b16-l8192-m32,decode-tp8-b4-l128-m128,2,8,2263,9271,4.096774193548387,296615936,303792128,0.023622047244094488,False,True,False,1.0,2.0,"{""all_reduce:131072"":2263}","{""all_reduce:32768"":9271}"
decode,qwen3-8b,qwen3-8b,decode-tp2-b16-l8192-m32,decode-tp8-b4-l2048-m128,2,8,2263,9271,4.096774193548387,296615936,303792128,0.023622047244094488,False,True,False,1.0,2.0,"{""all_reduce:131072"":2263}","{""all_reduce:32768"":9271}"
decode,qwen3-8b,qwen3-8b,decode-tp2-b16-l8192-m32,decode-tp8-b4-l8192-m128,2,8,2263,9271,4.096774193548387,296615936,303792128,0.023622047244094488,False,True,False,1.0,2.0,"{""all_reduce:131072"":2263}","{""all_reduce:32768"":9271}"
decode,qwen3-8b,qwen3-8b,decode-tp4-b1-l128-m128,decode-tp4-b4-l128-m32,4,4,9271,2263,4.096774193548387,75948032,74153984,0.023622047244094488,False,False,False,1.0,2.0,"{""all_reduce:8192"":9271}","{""all_reduce:32768"":2263}"
decode,qwen3-8b,qwen3-8b,decode-tp4-b1-l128-m128,decode-tp4-b4-l2048-m32,4,4,9271,2263,4.096774193548387,75948032,74153984,0.023622047244094488,False,False,False,1.0,2.0,"{""all_reduce:8192"":9271}","{""all_reduce:32768"":2263}"
decode,qwen3-8b,qwen3-8b,decode-tp4-b1-l128-m128,decode-tp4-b4-l8192-m32,4,4,9271,2263,4.096774193548387,75948032,74153984,0.023622047244094488,False,False,False,1.0,2.0,"{""all_reduce:8192"":9271}","{""all_reduce:32768"":2263}"
decode,qwen3-8b,qwen3-8b,decode-tp4-b1-l128-m128,decode-tp8-b4-l128-m32,4,8,9271,2263,4.096774193548387,75948032,74153984,0.023622047244094488,False,True,False,1.0,2.0,"{""all_reduce:8192"":9271}","{""all_reduce:32768"":2263}"
decode,qwen3-8b,qwen3-8b,decode-tp4-b1-l128-m128,decode-tp8-b4-l2048-m32,4,8,9271,2263,4.096774193548387,75948032,74153984,0.023622047244094488,False,True,False,1.0,2.0,"{""all_reduce:8192"":9271}","{""all_reduce:32768"":2263}"
decode,qwen3-8b,qwen3-8b,decode-tp4-b1-l128-m128,decode-tp8-b4-l8192-m32,4,8,9271,2263,4.096774193548387,75948032,74153984,0.023622047244094488,False,True,False,1.0,2.0,"{""all_reduce:8192"":9271}","{""all_reduce:32768"":2263}"
decode,qwen3-8b,qwen3-8b,decode-tp4-b1-l2048-m128,decode-tp4-b4-l128-m32,4,4,9271,2263,4.096774193548387,75948032,74153984,0.023622047244094488,False,False,False,1.0,2.0,"{""all_reduce:8192"":9271}","{""all_reduce:32768"":2263}"
decode,qwen3-8b,qwen3-8b,decode-tp4-b1-l2048-m128,decode-tp4-b4-l2048-m32,4,4,9271,2263,4.096774193548387,75948032,74153984,0.023622047244094488,False,False,False,1.0,2.0,"{""all_reduce:8192"":9271}","{""all_reduce:32768"":2263}"
decode,qwen3-8b,qwen3-8b,decode-tp4-b1-l2048-m128,decode-tp4-b4-l8192-m32,4,4,9271,2263,4.096774193548387,75948032,74153984,0.023622047244094488,False,False,False,1.0,2.0,"{""all_reduce:8192"":9271}","{""all_reduce:32768"":2263}"
decode,qwen3-8b,qwen3-8b,decode-tp4-b1-l2048-m128,decode-tp8-b4-l128-m32,4,8,9271,2263,4.096774193548387,75948032,74153984,0.023622047244094488,False,True,False,1.0,2.0,"{""all_reduce:8192"":9271}","{""all_reduce:32768"":2263}"
decode,qwen3-8b,qwen3-8b,decode-tp4-b1-l2048-m128,decode-tp8-b4-l2048-m32,4,8,9271,2263,4.096774193548387,75948032,74153984,0.023622047244094488,False,True,False,1.0,2.0,"{""all_reduce:8192"":9271}","{""all_reduce:32768"":2263}"
decode,qwen3-8b,qwen3-8b,decode-tp4-b1-l2048-m128,decode-tp8-b4-l8192-m32,4,8,9271,2263,4.096774193548387,75948032,74153984,0.023622047244094488,False,True,False,1.0,2.0,"{""all_reduce:8192"":9271}","{""all_reduce:32768"":2263}"
decode,qwen3-8b,qwen3-8b,decode-tp4-b1-l8192-m128,decode-tp4-b4-l128-m32,4,4,9271,2263,4.096774193548387,75948032,74153984,0.023622047244094488,False,False,False,1.0,2.0,"{""all_reduce:8192"":9271}","{""all_reduce:32768"":2263}"
decode,qwen3-8b,qwen3-8b,decode-tp4-b1-l8192-m128,decode-tp4-b4-l2048-m32,4,4,9271,2263,4.096774193548387,75948032,74153984,0.023622047244094488,False,False,False,1.0,2.0,"{""all_reduce:8192"":9271}","{""all_reduce:32768"":2263}"
decode,qwen3-8b,qwen3-8b,decode-tp4-b1-l8192-m128,decode-tp4-b4-l8192-m32,4,4,9271,2263,4.096774193548387,75948032,74153984,0.023622047244094488,False,False,False,1.0,2.0,"{""all_reduce:8192"":9271}","{""all_reduce:32768"":2263}"
decode,qwen3-8b,qwen3-8b,decode-tp4-b1-l8192-m128,decode-tp8-b4-l128-m32,4,8,9271,2263,4.096774193548387,75948032,74153984,0.023622047244094488,False,True,False,1.0,2.0,"{""all_reduce:8192"":9271}","{""all_reduce:32768"":2263}"
decode,qwen3-8b,qwen3-8b,decode-tp4-b1-l8192-m128,decode-tp8-b4-l2048-m32,4,8,9271,2263,4.096774193548387,75948032,74153984,0.023622047244094488,False,True,False,1.0,2.0,"{""all_reduce:8192"":9271}","{""all_reduce:32768"":2263}"
decode,qwen3-8b,qwen3-8b,decode-tp4-b1-l8192-m128,decode-tp8-b4-l8192-m32,4,8,9271,2263,4.096774193548387,75948032,74153984,0.023622047244094488,False,True,False,1.0,2.0,"{""all_reduce:8192"":9271}","{""all_reduce:32768"":2263}"
decode,qwen3-8b,qwen3-8b,decode-tp4-b2-l128-m128,decode-tp4-b8-l128-m32,4,4,9271,2263,4.096774193548387,151896064,148307968,0.023622047244094488,False,False,False,1.0,2.0,"{""all_reduce:16384"":9271}","{""all_reduce:65536"":2263}"
decode,qwen3-8b,qwen3-8b,decode-tp4-b2-l128-m128,decode-tp4-b8-l2048-m32,4,4,9271,2263,4.096774193548387,151896064,148307968,0.023622047244094488,False,False,False,1.0,2.0,"{""all_reduce:16384"":9271}","{""all_reduce:65536"":2263}"
decode,qwen3-8b,qwen3-8b,decode-tp4-b2-l128-m128,decode-tp4-b8-l8192-m32,4,4,9271,2263,4.096774193548387,151896064,148307968,0.023622047244094488,False,False,False,1.0,2.0,"{""all_reduce:16384"":9271}","{""all_reduce:65536"":2263}"
decode,qwen3-8b,qwen3-8b,decode-tp4-b2-l128-m128,decode-tp8-b8-l128-m32,4,8,9271,2263,4.096774193548387,151896064,148307968,0.023622047244094488,False,True,False,1.0,2.0,"{""all_reduce:16384"":9271}","{""all_reduce:65536"":2263}"
decode,qwen3-8b,qwen3-8b,decode-tp4-b2-l128-m128,decode-tp8-b8-l2048-m32,4,8,9271,2263,4.096774193548387,151896064,148307968,0.023622047244094488,False,True,False,1.0,2.0,"{""all_reduce:16384"":9271}","{""all_reduce:65536"":2263}"
decode,qwen3-8b,qwen3-8b,decode-tp4-b2-l128-m128,decode-tp8-b8-l8192-m32,4,8,9271,2263,4.096774193548387,151896064,148307968,0.023622047244094488,False,True,False,1.0,2.0,"{""all_reduce:16384"":9271}","{""all_reduce:65536"":2263}"
decode,qwen3-8b,qwen3-8b,decode-tp4-b2-l2048-m128,decode-tp4-b8-l128-m32,4,4,9271,2263,4.096774193548387,151896064,148307968,0.023622047244094488,False,False,False,1.0,2.0,"{""all_reduce:16384"":9271}","{""all_reduce:65536"":2263}"
decode,qwen3-8b,qwen3-8b,decode-tp4-b2-l2048-m128,decode-tp4-b8-l2048-m32,4,4,9271,2263,4.096774193548387,151896064,148307968,0.023622047244094488,False,False,False,1.0,2.0,"{""all_reduce:16384"":9271}","{""all_reduce:65536"":2263}"
decode,qwen3-8b,qwen3-8b,decode-tp4-b2-l2048-m128,decode-tp4-b8-l8192-m32,4,4,9271,2263,4.096774193548387,151896064,148307968,0.023622047244094488,False,False,False,1.0,2.0,"{""all_reduce:16384"":9271}","{""all_reduce:65536"":2263}"
decode,qwen3-8b,qwen3-8b,decode-tp4-b2-l2048-m128,decode-tp8-b8-l128-m32,4,8,9271,2263,4.096774193548387,151896064,148307968,0.023622047244094488,False,True,False,1.0,2.0,"{""all_reduce:16384"":9271}","{""all_reduce:65536"":2263}"
decode,qwen3-8b,qwen3-8b,decode-tp4-b2-l2048-m128,decode-tp8-b8-l2048-m32,4,8,9271,2263,4.096774193548387,151896064,148307968,0.023622047244094488,False,True,False,1.0,2.0,"{""all_reduce:16384"":9271}","{""all_reduce:65536"":2263}"
decode,qwen3-8b,qwen3-8b,decode-tp4-b2-l2048-m128,decode-tp8-b8-l8192-m32,4,8,9271,2263,4.096774193548387,151896064,148307968,0.023622047244094488,False,True,False,1.0,2.0,"{""all_reduce:16384"":9271}","{""all_reduce:65536"":2263}"
decode,qwen3-8b,qwen3-8b,decode-tp4-b2-l8192-m128,decode-tp4-b8-l128-m32,4,4,9271,2263,4.096774193548387,151896064,148307968,0.023622047244094488,False,False,False,1.0,2.0,"{""all_reduce:16384"":9271}","{""all_reduce:65536"":2263}"
decode,qwen3-8b,qwen3-8b,decode-tp4-b2-l8192-m128,decode-tp4-b8-l2048-m32,4,4,9271,2263,4.096774193548387,151896064,148307968,0.023622047244094488,False,False,False,1.0,2.0,"{""all_reduce:16384"":9271}","{""all_reduce:65536"":2263}"
decode,qwen3-8b,qwen3-8b,decode-tp4-b2-l8192-m128,decode-tp4-b8-l8192-m32,4,4,9271,2263,4.096774193548387,151896064,148307968,0.023622047244094488,False,False,False,1.0,2.0,"{""all_reduce:16384"":9271}","{""all_reduce:65536"":2263}"
decode,qwen3-8b,qwen3-8b,decode-tp4-b2-l8192-m128,decode-tp8-b8-l128-m32,4,8,9271,2263,4.096774193548387,151896064,148307968,0.023622047244094488,False,True,False,1.0,2.0,"{""all_reduce:16384"":9271}","{""all_reduce:65536"":2263}"
decode,qwen3-8b,qwen3-8b,decode-tp4-b2-l8192-m128,decode-tp8-b8-l2048-m32,4,8,9271,2263,4.096774193548387,151896064,148307968,0.023622047244094488,False,True,False,1.0,2.0,"{""all_reduce:16384"":9271}","{""all_reduce:65536"":2263}"
decode,qwen3-8b,qwen3-8b,decode-tp4-b2-l8192-m128,decode-tp8-b8-l8192-m32,4,8,9271,2263,4.096774193548387,151896064,148307968,0.023622047244094488,False,True,False,1.0,2.0,"{""all_reduce:16384"":9271}","{""all_reduce:65536"":2263}"
decode,qwen3-8b,qwen3-8b,decode-tp4-b4-l128-m32,decode-tp8-b1-l128-m128,4,8,2263,9271,4.096774193548387,74153984,75948032,0.023622047244094488,False,True,False,1.0,2.0,"{""all_reduce:32768"":2263}","{""all_reduce:8192"":9271}"
decode,qwen3-8b,qwen3-8b,decode-tp4-b4-l128-m32,decode-tp8-b1-l2048-m128,4,8,2263,9271,4.096774193548387,74153984,75948032,0.023622047244094488,False,True,False,1.0,2.0,"{""all_reduce:32768"":2263}","{""all_reduce:8192"":9271}"
decode,qwen3-8b,qwen3-8b,decode-tp4-b4-l128-m32,decode-tp8-b1-l8192-m128,4,8,2263,9271,4.096774193548387,74153984,75948032,0.023622047244094488,False,True,False,1.0,2.0,"{""all_reduce:32768"":2263}","{""all_reduce:8192"":9271}"
decode,qwen3-8b,qwen3-8b,decode-tp4-b4-l128-m128,decode-tp4-b16-l128-m32,4,4,9271,2263,4.096774193548387,303792128,296615936,0.023622047244094488,False,False,False,1.0,2.0,"{""all_reduce:32768"":9271}","{""all_reduce:131072"":2263}"
decode,qwen3-8b,qwen3-8b,decode-tp4-b4-l128-m128,decode-tp4-b16-l2048-m32,4,4,9271,2263,4.096774193548387,303792128,296615936,0.023622047244094488,False,False,False,1.0,2.0,"{""all_reduce:32768"":9271}","{""all_reduce:131072"":2263}"
decode,qwen3-8b,qwen3-8b,decode-tp4-b4-l128-m128,decode-tp4-b16-l8192-m32,4,4,9271,2263,4.096774193548387,303792128,296615936,0.023622047244094488,False,False,False,1.0,2.0,"{""all_reduce:32768"":9271}","{""all_reduce:131072"":2263}"
decode,qwen3-8b,qwen3-8b,decode-tp4-b4-l128-m128,decode-tp8-b16-l128-m32,4,8,9271,2263,4.096774193548387,303792128,296615936,0.023622047244094488,False,True,False,1.0,2.0,"{""all_reduce:32768"":9271}","{""all_reduce:131072"":2263}"
decode,qwen3-8b,qwen3-8b,decode-tp4-b4-l128-m128,decode-tp8-b16-l2048-m32,4,8,9271,2263,4.096774193548387,303792128,296615936,0.023622047244094488,False,True,False,1.0,2.0,"{""all_reduce:32768"":9271}","{""all_reduce:131072"":2263}"
decode,qwen3-8b,qwen3-8b,decode-tp4-b4-l128-m128,decode-tp8-b16-l8192-m32,4,8,9271,2263,4.096774193548387,303792128,296615936,0.023622047244094488,False,True,False,1.0,2.0,"{""all_reduce:32768"":9271}","{""all_reduce:131072"":2263}"
decode,qwen3-8b,qwen3-8b,decode-tp4-b4-l2048-m32,decode-tp8-b1-l128-m128,4,8,2263,9271,4.096774193548387,74153984,75948032,0.023622047244094488,False,True,False,1.0,2.0,"{""all_reduce:32768"":2263}","{""all_reduce:8192"":9271}"
decode,qwen3-8b,qwen3-8b,decode-tp4-b4-l2048-m32,decode-tp8-b1-l2048-m128,4,8,2263,9271,4.096774193548387,74153984,75948032,0.023622047244094488,False,True,False,1.0,2.0,"{""all_reduce:32768"":2263}","{""all_reduce:8192"":9271}"
decode,qwen3-8b,qwen3-8b,decode-tp4-b4-l2048-m32,decode-tp8-b1-l8192-m128,4,8,2263,9271,4.096774193548387,74153984,75948032,0.023622047244094488,False,True,False,1.0,2.0,"{""all_reduce:32768"":2263}","{""all_reduce:8192"":9271}"
decode,qwen3-8b,qwen3-8b,decode-tp4-b4-l2048-m128,decode-tp4-b16-l128-m32,4,4,9271,2263,4.096774193548387,303792128,296615936,0.023622047244094488,False,False,False,1.0,2.0,"{""all_reduce:32768"":9271}","{""all_reduce:131072"":2263}"
decode,qwen3-8b,qwen3-8b,decode-tp4-b4-l2048-m128,decode-tp4-b16-l2048-m32,4,4,9271,2263,4.096774193548387,303792128,296615936,0.023622047244094488,False,False,False,1.0,2.0,"{""all_reduce:32768"":9271}","{""all_reduce:131072"":2263}"
decode,qwen3-8b,qwen3-8b,decode-tp4-b4-l2048-m128,decode-tp4-b16-l8192-m32,4,4,9271,2263,4.096774193548387,303792128,296615936,0.023622047244094488,False,False,False,1.0,2.0,"{""all_reduce:32768"":9271}","{""all_reduce:131072"":2263}"
decode,qwen3-8b,qwen3-8b,decode-tp4-b4-l2048-m128,decode-tp8-b16-l128-m32,4,8,9271,2263,4.096774193548387,303792128,296615936,0.023622047244094488,False,True,False,1.0,2.0,"{""all_reduce:32768"":9271}","{""all_reduce:131072"":2263}"
decode,qwen3-8b,qwen3-8b,decode-tp4-b4-l2048-m128,decode-tp8-b16-l2048-m32,4,8,9271,2263,4.096774193548387,303792128,296615936,0.023622047244094488,False,True,False,1.0,2.0,"{""all_reduce:32768"":9271}","{""all_reduce:131072"":2263}"
decode,qwen3-8b,qwen3-8b,decode-tp4-b4-l2048-m128,decode-tp8-b16-l8192-m32,4,8,9271,2263,4.096774193548387,303792128,296615936,0.023622047244094488,False,True,False,1.0,2.0,"{""all_reduce:32768"":9271}","{""all_reduce:131072"":2263}"
decode,qwen3-8b,qwen3-8b,decode-tp4-b4-l8192-m32,decode-tp8-b1-l128-m128,4,8,2263,9271,4.096774193548387,74153984,75948032,0.023622047244094488,False,True,False,1.0,2.0,"{""all_reduce:32768"":2263}","{""all_reduce:8192"":9271}"
decode,qwen3-8b,qwen3-8b,decode-tp4-b4-l8192-m32,decode-tp8-b1-l2048-m128,4,8,2263,9271,4.096774193548387,74153984,75948032,0.023622047244094488,False,True,False,1.0,2.0,"{""all_reduce:32768"":2263}","{""all_reduce:8192"":9271}"
decode,qwen3-8b,qwen3-8b,decode-tp4-b4-l8192-m32,decode-tp8-b1-l8192-m128,4,8,2263,9271,4.096774193548387,74153984,75948032,0.023622047244094488,False,True,False,1.0,2.0,"{""all_reduce:32768"":2263}","{""all_reduce:8192"":9271}"
decode,qwen3-8b,qwen3-8b,decode-tp4-b4-l8192-m128,decode-tp4-b16-l128-m32,4,4,9271,2263,4.096774193548387,303792128,296615936,0.023622047244094488,False,False,False,1.0,2.0,"{""all_reduce:32768"":9271}","{""all_reduce:131072"":2263}"
decode,qwen3-8b,qwen3-8b,decode-tp4-b4-l8192-m128,decode-tp4-b16-l2048-m32,4,4,9271,2263,4.096774193548387,303792128,296615936,0.023622047244094488,False,False,False,1.0,2.0,"{""all_reduce:32768"":9271}","{""all_reduce:131072"":2263}"
decode,qwen3-8b,qwen3-8b,decode-tp4-b4-l8192-m128,decode-tp4-b16-l8192-m32,4,4,9271,2263,4.096774193548387,303792128,296615936,0.023622047244094488,False,False,False,1.0,2.0,"{""all_reduce:32768"":9271}","{""all_reduce:131072"":2263}"
decode,qwen3-8b,qwen3-8b,decode-tp4-b4-l8192-m128,decode-tp8-b16-l128-m32,4,8,9271,2263,4.096774193548387,303792128,296615936,0.023622047244094488,False,True,False,1.0,2.0,"{""all_reduce:32768"":9271}","{""all_reduce:131072"":2263}"
decode,qwen3-8b,qwen3-8b,decode-tp4-b4-l8192-m128,decode-tp8-b16-l2048-m32,4,8,9271,2263,4.096774193548387,303792128,296615936,0.023622047244094488,False,True,False,1.0,2.0,"{""all_reduce:32768"":9271}","{""all_reduce:131072"":2263}"
decode,qwen3-8b,qwen3-8b,decode-tp4-b4-l8192-m128,decode-tp8-b16-l8192-m32,4,8,9271,2263,4.096774193548387,303792128,296615936,0.023622047244094488,False,True,False,1.0,2.0,"{""all_reduce:32768"":9271}","{""all_reduce:131072"":2263}"
decode,qwen3-8b,qwen3-8b,decode-tp4-b8-l128-m32,decode-tp8-b2-l128-m128,4,8,2263,9271,4.096774193548387,148307968,151896064,0.023622047244094488,False,True,False,1.0,2.0,"{""all_reduce:65536"":2263}","{""all_reduce:16384"":9271}"
decode,qwen3-8b,qwen3-8b,decode-tp4-b8-l128-m32,decode-tp8-b2-l2048-m128,4,8,2263,9271,4.096774193548387,148307968,151896064,0.023622047244094488,False,True,False,1.0,2.0,"{""all_reduce:65536"":2263}","{""all_reduce:16384"":9271}"
decode,qwen3-8b,qwen3-8b,decode-tp4-b8-l128-m32,decode-tp8-b2-l8192-m128,4,8,2263,9271,4.096774193548387,148307968,151896064,0.023622047244094488,False,True,False,1.0,2.0,"{""all_reduce:65536"":2263}","{""all_reduce:16384"":9271}"
decode,qwen3-8b,qwen3-8b,decode-tp4-b8-l2048-m32,decode-tp8-b2-l128-m128,4,8,2263,9271,4.096774193548387,148307968,151896064,0.023622047244094488,False,True,False,1.0,2.0,"{""all_reduce:65536"":2263}","{""all_reduce:16384"":9271}"
decode,qwen3-8b,qwen3-8b,decode-tp4-b8-l2048-m32,decode-tp8-b2-l2048-m128,4,8,2263,9271,4.096774193548387,148307968,151896064,0.023622047244094488,False,True,False,1.0,2.0,"{""all_reduce:65536"":2263}","{""all_reduce:16384"":9271}"
decode,qwen3-8b,qwen3-8b,decode-tp4-b8-l2048-m32,decode-tp8-b2-l8192-m128,4,8,2263,9271,4.096774193548387,148307968,151896064,0.023622047244094488,False,True,False,1.0,2.0,"{""all_reduce:65536"":2263}","{""all_reduce:16384"":9271}"
decode,qwen3-8b,qwen3-8b,decode-tp4-b8-l8192-m32,decode-tp8-b2-l128-m128,4,8,2263,9271,4.096774193548387,148307968,151896064,0.023622047244094488,False,True,False,1.0,2.0,"{""all_reduce:65536"":2263}","{""all_reduce:16384"":9271}"
decode,qwen3-8b,qwen3-8b,decode-tp4-b8-l8192-m32,decode-tp8-b2-l2048-m128,4,8,2263,9271,4.096774193548387,148307968,151896064,0.023622047244094488,False,True,False,1.0,2.0,"{""all_reduce:65536"":2263}","{""all_reduce:16384"":9271}"
decode,qwen3-8b,qwen3-8b,decode-tp4-b8-l8192-m32,decode-tp8-b2-l8192-m128,4,8,2263,9271,4.096774193548387,148307968,151896064,0.023622047244094488,False,True,False,1.0,2.0,"{""all_reduce:65536"":2263}","{""all_reduce:16384"":9271}"
decode,qwen3-8b,qwen3-8b,decode-tp4-b16-l128-m32,decode-tp8-b4-l128-m128,4,8,2263,9271,4.096774193548387,296615936,303792128,0.023622047244094488,False,True,False,1.0,2.0,"{""all_reduce:131072"":2263}","{""all_reduce:32768"":9271}"
decode,qwen3-8b,qwen3-8b,decode-tp4-b16-l128-m32,decode-tp8-b4-l2048-m128,4,8,2263,9271,4.096774193548387,296615936,303792128,0.023622047244094488,False,True,False,1.0,2.0,"{""all_reduce:131072"":2263}","{""all_reduce:32768"":9271}"
decode,qwen3-8b,qwen3-8b,decode-tp4-b16-l128-m32,decode-tp8-b4-l8192-m128,4,8,2263,9271,4.096774193548387,296615936,303792128,0.023622047244094488,False,True,False,1.0,2.0,"{""all_reduce:131072"":2263}","{""all_reduce:32768"":9271}"
decode,qwen3-8b,qwen3-8b,decode-tp4-b16-l2048-m32,decode-tp8-b4-l128-m128,4,8,2263,9271,4.096774193548387,296615936,303792128,0.023622047244094488,False,True,False,1.0,2.0,"{""all_reduce:131072"":2263}","{""all_reduce:32768"":9271}"
decode,qwen3-8b,qwen3-8b,decode-tp4-b16-l2048-m32,decode-tp8-b4-l2048-m128,4,8,2263,9271,4.096774193548387,296615936,303792128,0.023622047244094488,False,True,False,1.0,2.0,"{""all_reduce:131072"":2263}","{""all_reduce:32768"":9271}"
decode,qwen3-8b,qwen3-8b,decode-tp4-b16-l2048-m32,decode-tp8-b4-l8192-m128,4,8,2263,9271,4.096774193548387,296615936,303792128,0.023622047244094488,False,True,False,1.0,2.0,"{""all_reduce:131072"":2263}","{""all_reduce:32768"":9271}"
decode,qwen3-8b,qwen3-8b,decode-tp4-b16-l8192-m32,decode-tp8-b4-l128-m128,4,8,2263,9271,4.096774193548387,296615936,303792128,0.023622047244094488,False,True,False,1.0,2.0,"{""all_reduce:131072"":2263}","{""all_reduce:32768"":9271}"
decode,qwen3-8b,qwen3-8b,decode-tp4-b16-l8192-m32,decode-tp8-b4-l2048-m128,4,8,2263,9271,4.096774193548387,296615936,303792128,0.023622047244094488,False,True,False,1.0,2.0,"{""all_reduce:131072"":2263}","{""all_reduce:32768"":9271}"
decode,qwen3-8b,qwen3-8b,decode-tp4-b16-l8192-m32,decode-tp8-b4-l8192-m128,4,8,2263,9271,4.096774193548387,296615936,303792128,0.023622047244094488,False,True,False,1.0,2.0,"{""all_reduce:131072"":2263}","{""all_reduce:32768"":9271}"
decode,qwen3-8b,qwen3-8b,decode-tp8-b1-l128-m128,decode-tp8-b4-l128-m32,8,8,9271,2263,4.096774193548387,75948032,74153984,0.023622047244094488,False,False,False,1.0,2.0,"{""all_reduce:8192"":9271}","{""all_reduce:32768"":2263}"
decode,qwen3-8b,qwen3-8b,decode-tp8-b1-l128-m128,decode-tp8-b4-l2048-m32,8,8,9271,2263,4.096774193548387,75948032,74153984,0.023622047244094488,False,False,False,1.0,2.0,"{""all_reduce:8192"":9271}","{""all_reduce:32768"":2263}"
decode,qwen3-8b,qwen3-8b,decode-tp8-b1-l128-m128,decode-tp8-b4-l8192-m32,8,8,9271,2263,4.096774193548387,75948032,74153984,0.023622047244094488,False,False,False,1.0,2.0,"{""all_reduce:8192"":9271}","{""all_reduce:32768"":2263}"
decode,qwen3-8b,qwen3-8b,decode-tp8-b1-l2048-m128,decode-tp8-b4-l128-m32,8,8,9271,2263,4.096774193548387,75948032,74153984,0.023622047244094488,False,False,False,1.0,2.0,"{""all_reduce:8192"":9271}","{""all_reduce:32768"":2263}"
decode,qwen3-8b,qwen3-8b,decode-tp8-b1-l2048-m128,decode-tp8-b4-l2048-m32,8,8,9271,2263,4.096774193548387,75948032,74153984,0.023622047244094488,False,False,False,1.0,2.0,"{""all_reduce:8192"":9271}","{""all_reduce:32768"":2263}"
decode,qwen3-8b,qwen3-8b,decode-tp8-b1-l2048-m128,decode-tp8-b4-l8192-m32,8,8,9271,2263,4.096774193548387,75948032,74153984,0.023622047244094488,False,False,False,1.0,2.0,"{""all_reduce:8192"":9271}","{""all_reduce:32768"":2263}"
decode,qwen3-8b,qwen3-8b,decode-tp8-b1-l8192-m128,decode-tp8-b4-l128-m32,8,8,9271,2263,4.096774193548387,75948032,74153984,0.023622047244094488,False,False,False,1.0,2.0,"{""all_reduce:8192"":9271}","{""all_reduce:32768"":2263}"
decode,qwen3-8b,qwen3-8b,decode-tp8-b1-l8192-m128,decode-tp8-b4-l2048-m32,8,8,9271,2263,4.096774193548387,75948032,74153984,0.023622047244094488,False,False,False,1.0,2.0,"{""all_reduce:8192"":9271}","{""all_reduce:32768"":2263}"
decode,qwen3-8b,qwen3-8b,decode-tp8-b1-l8192-m128,decode-tp8-b4-l8192-m32,8,8,9271,2263,4.096774193548387,75948032,74153984,0.023622047244094488,False,False,False,1.0,2.0,"{""all_reduce:8192"":9271}","{""all_reduce:32768"":2263}"
decode,qwen3-8b,qwen3-8b,decode-tp8-b2-l128-m128,decode-tp8-b8-l128-m32,8,8,9271,2263,4.096774193548387,151896064,148307968,0.023622047244094488,False,False,False,1.0,2.0,"{""all_reduce:16384"":9271}","{""all_reduce:65536"":2263}"
decode,qwen3-8b,qwen3-8b,decode-tp8-b2-l128-m128,decode-tp8-b8-l2048-m32,8,8,9271,2263,4.096774193548387,151896064,148307968,0.023622047244094488,False,False,False,1.0,2.0,"{""all_reduce:16384"":9271}","{""all_reduce:65536"":2263}"
decode,qwen3-8b,qwen3-8b,decode-tp8-b2-l128-m128,decode-tp8-b8-l8192-m32,8,8,9271,2263,4.096774193548387,151896064,148307968,0.023622047244094488,False,False,False,1.0,2.0,"{""all_reduce:16384"":9271}","{""all_reduce:65536"":2263}"
decode,qwen3-8b,qwen3-8b,decode-tp8-b2-l2048-m128,decode-tp8-b8-l128-m32,8,8,9271,2263,4.096774193548387,151896064,148307968,0.023622047244094488,False,False,False,1.0,2.0,"{""all_reduce:16384"":9271}","{""all_reduce:65536"":2263}"
decode,qwen3-8b,qwen3-8b,decode-tp8-b2-l2048-m128,decode-tp8-b8-l2048-m32,8,8,9271,2263,4.096774193548387,151896064,148307968,0.023622047244094488,False,False,False,1.0,2.0,"{""all_reduce:16384"":9271}","{""all_reduce:65536"":2263}"
decode,qwen3-8b,qwen3-8b,decode-tp8-b2-l2048-m128,decode-tp8-b8-l8192-m32,8,8,9271,2263,4.096774193548387,151896064,148307968,0.023622047244094488,False,False,False,1.0,2.0,"{""all_reduce:16384"":9271}","{""all_reduce:65536"":2263}"
decode,qwen3-8b,qwen3-8b,decode-tp8-b2-l8192-m128,decode-tp8-b8-l128-m32,8,8,9271,2263,4.096774193548387,151896064,148307968,0.023622047244094488,False,False,False,1.0,2.0,"{""all_reduce:16384"":9271}","{""all_reduce:65536"":2263}"
decode,qwen3-8b,qwen3-8b,decode-tp8-b2-l8192-m128,decode-tp8-b8-l2048-m32,8,8,9271,2263,4.096774193548387,151896064,148307968,0.023622047244094488,False,False,False,1.0,2.0,"{""all_reduce:16384"":9271}","{""all_reduce:65536"":2263}"
decode,qwen3-8b,qwen3-8b,decode-tp8-b2-l8192-m128,decode-tp8-b8-l8192-m32,8,8,9271,2263,4.096774193548387,151896064,148307968,0.023622047244094488,False,False,False,1.0,2.0,"{""all_reduce:16384"":9271}","{""all_reduce:65536"":2263}"
decode,qwen3-8b,qwen3-8b,decode-tp8-b4-l128-m128,decode-tp8-b16-l128-m32,8,8,9271,2263,4.096774193548387,303792128,296615936,0.023622047244094488,False,False,False,1.0,2.0,"{""all_reduce:32768"":9271}","{""all_reduce:131072"":2263}"
decode,qwen3-8b,qwen3-8b,decode-tp8-b4-l128-m128,decode-tp8-b16-l2048-m32,8,8,9271,2263,4.096774193548387,303792128,296615936,0.023622047244094488,False,False,False,1.0,2.0,"{""all_reduce:32768"":9271}","{""all_reduce:131072"":2263}"
decode,qwen3-8b,qwen3-8b,decode-tp8-b4-l128-m128,decode-tp8-b16-l8192-m32,8,8,9271,2263,4.096774193548387,303792128,296615936,0.023622047244094488,False,False,False,1.0,2.0,"{""all_reduce:32768"":9271}","{""all_reduce:131072"":2263}"
decode,qwen3-8b,qwen3-8b,decode-tp8-b4-l2048-m128,decode-tp8-b16-l128-m32,8,8,9271,2263,4.096774193548387,303792128,296615936,0.023622047244094488,False,False,False,1.0,2.0,"{""all_reduce:32768"":9271}","{""all_reduce:131072"":2263}"
decode,qwen3-8b,qwen3-8b,decode-tp8-b4-l2048-m128,decode-tp8-b16-l2048-m32,8,8,9271,2263,4.096774193548387,303792128,296615936,0.023622047244094488,False,False,False,1.0,2.0,"{""all_reduce:32768"":9271}","{""all_reduce:131072"":2263}"
decode,qwen3-8b,qwen3-8b,decode-tp8-b4-l2048-m128,decode-tp8-b16-l8192-m32,8,8,9271,2263,4.096774193548387,303792128,296615936,0.023622047244094488,False,False,False,1.0,2.0,"{""all_reduce:32768"":9271}","{""all_reduce:131072"":2263}"
decode,qwen3-8b,qwen3-8b,decode-tp8-b4-l8192-m128,decode-tp8-b16-l128-m32,8,8,9271,2263,4.096774193548387,303792128,296615936,0.023622047244094488,False,False,False,1.0,2.0,"{""all_reduce:32768"":9271}","{""all_reduce:131072"":2263}"
decode,qwen3-8b,qwen3-8b,decode-tp8-b4-l8192-m128,decode-tp8-b16-l2048-m32,8,8,9271,2263,4.096774193548387,303792128,296615936,0.023622047244094488,False,False,False,1.0,2.0,"{""all_reduce:32768"":9271}","{""all_reduce:131072"":2263}"
decode,qwen3-8b,qwen3-8b,decode-tp8-b4-l8192-m128,decode-tp8-b16-l8192-m32,8,8,9271,2263,4.096774193548387,303792128,296615936,0.023622047244094488,False,False,False,1.0,2.0,"{""all_reduce:32768"":9271}","{""all_reduce:131072"":2263}"
decode,deepseek-v2-lite,deepseek-v2-lite,decode-tp2-b1-l128-m128,decode-tp2-b4-l128-m32,2,2,6985,1705,4.096774193548387,28610560,27934720,0.023622047244094488,False,False,False,1.0,2.0,"{""all_reduce:4096"":6985}","{""all_reduce:16384"":1705}"
decode,deepseek-v2-lite,deepseek-v2-lite,decode-tp2-b1-l128-m128,decode-tp2-b4-l2048-m32,2,2,6985,1705,4.096774193548387,28610560,27934720,0.023622047244094488,False,False,False,1.0,2.0,"{""all_reduce:4096"":6985}","{""all_reduce:16384"":1705}"
decode,deepseek-v2-lite,deepseek-v2-lite,decode-tp2-b1-l128-m128,decode-tp2-b4-l8192-m32,2,2,6985,1705,4.096774193548387,28610560,27934720,0.023622047244094488,False,False,False,1.0,2.0,"{""all_reduce:4096"":6985}","{""all_reduce:16384"":1705}"
decode,deepseek-v2-lite,deepseek-v2-lite,decode-tp2-b1-l128-m128,decode-tp4-b4-l128-m32,2,4,6985,1705,4.096774193548387,28610560,27934720,0.023622047244094488,False,True,False,1.0,2.0,"{""all_reduce:4096"":6985}","{""all_reduce:16384"":1705}"
decode,deepseek-v2-lite,deepseek-v2-lite,decode-tp2-b1-l128-m128,decode-tp4-b4-l2048-m32,2,4,6985,1705,4.096774193548387,28610560,27934720,0.023622047244094488,False,True,False,1.0,2.0,"{""all_reduce:4096"":6985}","{""all_reduce:16384"":1705}"
decode,deepseek-v2-lite,deepseek-v2-lite,decode-tp2-b1-l128-m128,decode-tp4-b4-l8192-m32,2,4,6985,1705,4.096774193548387,28610560,27934720,0.023622047244094488,False,True,False,1.0,2.0,"{""all_reduce:4096"":6985}","{""all_reduce:16384"":1705}"
decode,deepseek-v2-lite,deepseek-v2-lite,decode-tp2-b1-l128-m128,decode-tp8-b4-l128-m32,2,8,6985,1705,4.096774193548387,28610560,27934720,0.023622047244094488,False,True,False,1.0,2.0,"{""all_reduce:4096"":6985}","{""all_reduce:16384"":1705}"
decode,deepseek-v2-lite,deepseek-v2-lite,decode-tp2-b1-l128-m128,decode-tp8-b4-l2048-m32,2,8,6985,1705,4.096774193548387,28610560,27934720,0.023622047244094488,False,True,False,1.0,2.0,"{""all_reduce:4096"":6985}","{""all_reduce:16384"":1705}"
decode,deepseek-v2-lite,deepseek-v2-lite,decode-tp2-b1-l128-m128,decode-tp8-b4-l8192-m32,2,8,6985,1705,4.096774193548387,28610560,27934720,0.023622047244094488,False,True,False,1.0,2.0,"{""all_reduce:4096"":6985}","{""all_reduce:16384"":1705}"
decode,deepseek-v2-lite,deepseek-v2-lite,decode-tp2-b1-l2048-m128,decode-tp2-b4-l128-m32,2,2,6985,1705,4.096774193548387,28610560,27934720,0.023622047244094488,False,False,False,1.0,2.0,"{""all_reduce:4096"":6985}","{""all_reduce:16384"":1705}"
decode,deepseek-v2-lite,deepseek-v2-lite,decode-tp2-b1-l2048-m128,decode-tp2-b4-l2048-m32,2,2,6985,1705,4.096774193548387,28610560,27934720,0.023622047244094488,False,False,False,1.0,2.0,"{""all_reduce:4096"":6985}","{""all_reduce:16384"":1705}"
decode,deepseek-v2-lite,deepseek-v2-lite,decode-tp2-b1-l2048-m128,decode-tp2-b4-l8192-m32,2,2,6985,1705,4.096774193548387,28610560,27934720,0.023622047244094488,False,False,False,1.0,2.0,"{""all_reduce:4096"":6985}","{""all_reduce:16384"":1705}"
decode,deepseek-v2-lite,deepseek-v2-lite,decode-tp2-b1-l2048-m128,decode-tp4-b4-l128-m32,2,4,6985,1705,4.096774193548387,28610560,27934720,0.023622047244094488,False,True,False,1.0,2.0,"{""all_reduce:4096"":6985}","{""all_reduce:16384"":1705}"
decode,deepseek-v2-lite,deepseek-v2-lite,decode-tp2-b1-l2048-m128,decode-tp4-b4-l2048-m32,2,4,6985,1705,4.096774193548387,28610560,27934720,0.023622047244094488,False,True,False,1.0,2.0,"{""all_reduce:4096"":6985}","{""all_reduce:16384"":1705}"
decode,deepseek-v2-lite,deepseek-v2-lite,decode-tp2-b1-l2048-m128,decode-tp4-b4-l8192-m32,2,4,6985,1705,4.096774193548387,28610560,27934720,0.023622047244094488,False,True,False,1.0,2.0,"{""all_reduce:4096"":6985}","{""all_reduce:16384"":1705}"
decode,deepseek-v2-lite,deepseek-v2-lite,decode-tp2-b1-l2048-m128,decode-tp8-b4-l128-m32,2,8,6985,1705,4.096774193548387,28610560,27934720,0.023622047244094488,False,True,False,1.0,2.0,"{""all_reduce:4096"":6985}","{""all_reduce:16384"":1705}"
decode,deepseek-v2-lite,deepseek-v2-lite,decode-tp2-b1-l2048-m128,decode-tp8-b4-l2048-m32,2,8,6985,1705,4.096774193548387,28610560,27934720,0.023622047244094488,False,True,False,1.0,2.0,"{""all_reduce:4096"":6985}","{""all_reduce:16384"":1705}"
decode,deepseek-v2-lite,deepseek-v2-lite,decode-tp2-b1-l2048-m128,decode-tp8-b4-l8192-m32,2,8,6985,1705,4.096774193548387,28610560,27934720,0.023622047244094488,False,True,False,1.0,2.0,"{""all_reduce:4096"":6985}","{""all_reduce:16384"":1705}"
decode,deepseek-v2-lite,deepseek-v2-lite,decode-tp2-b1-l8192-m128,decode-tp2-b4-l128-m32,2,2,6985,1705,4.096774193548387,28610560,27934720,0.023622047244094488,False,False,False,1.0,2.0,"{""all_reduce:4096"":6985}","{""all_reduce:16384"":1705}"
decode,deepseek-v2-lite,deepseek-v2-lite,decode-tp2-b1-l8192-m128,decode-tp2-b4-l2048-m32,2,2,6985,1705,4.096774193548387,28610560,27934720,0.023622047244094488,False,False,False,1.0,2.0,"{""all_reduce:4096"":6985}","{""all_reduce:16384"":1705}"
decode,deepseek-v2-lite,deepseek-v2-lite,decode-tp2-b1-l8192-m128,decode-tp2-b4-l8192-m32,2,2,6985,1705,4.096774193548387,28610560,27934720,0.023622047244094488,False,False,False,1.0,2.0,"{""all_reduce:4096"":6985}","{""all_reduce:16384"":1705}"
decode,deepseek-v2-lite,deepseek-v2-lite,decode-tp2-b1-l8192-m128,decode-tp4-b4-l128-m32,2,4,6985,1705,4.096774193548387,28610560,27934720,0.023622047244094488,False,True,False,1.0,2.0,"{""all_reduce:4096"":6985}","{""all_reduce:16384"":1705}"
decode,deepseek-v2-lite,deepseek-v2-lite,decode-tp2-b1-l8192-m128,decode-tp4-b4-l2048-m32,2,4,6985,1705,4.096774193548387,28610560,27934720,0.023622047244094488,False,True,False,1.0,2.0,"{""all_reduce:4096"":6985}","{""all_reduce:16384"":1705}"
decode,deepseek-v2-lite,deepseek-v2-lite,decode-tp2-b1-l8192-m128,decode-tp4-b4-l8192-m32,2,4,6985,1705,4.096774193548387,28610560,27934720,0.023622047244094488,False,True,False,1.0,2.0,"{""all_reduce:4096"":6985}","{""all_reduce:16384"":1705}"
decode,deepseek-v2-lite,deepseek-v2-lite,decode-tp2-b1-l8192-m128,decode-tp8-b4-l128-m32,2,8,6985,1705,4.096774193548387,28610560,27934720,0.023622047244094488,False,True,False,1.0,2.0,"{""all_reduce:4096"":6985}","{""all_reduce:16384"":1705}"
decode,deepseek-v2-lite,deepseek-v2-lite,decode-tp2-b1-l8192-m128,decode-tp8-b4-l2048-m32,2,8,6985,1705,4.096774193548387,28610560,27934720,0.023622047244094488,False,True,False,1.0,2.0,"{""all_reduce:4096"":6985}","{""all_reduce:16384"":1705}"
decode,deepseek-v2-lite,deepseek-v2-lite,decode-tp2-b1-l8192-m128,decode-tp8-b4-l8192-m32,2,8,6985,1705,4.096774193548387,28610560,27934720,0.023622047244094488,False,True,False,1.0,2.0,"{""all_reduce:4096"":6985}","{""all_reduce:16384"":1705}"
decode,deepseek-v2-lite,deepseek-v2-lite,decode-tp2-b2-l128-m128,decode-tp2-b8-l128-m32,2,2,6985,1705,4.096774193548387,57221120,55869440,0.023622047244094488,False,False,False,1.0,2.0,"{""all_reduce:8192"":6985}","{""all_reduce:32768"":1705}"
decode,deepseek-v2-lite,deepseek-v2-lite,decode-tp2-b2-l128-m128,decode-tp2-b8-l2048-m32,2,2,6985,1705,4.096774193548387,57221120,55869440,0.023622047244094488,False,False,False,1.0,2.0,"{""all_reduce:8192"":6985}","{""all_reduce:32768"":1705}"
decode,deepseek-v2-lite,deepseek-v2-lite,decode-tp2-b2-l128-m128,decode-tp2-b8-l8192-m32,2,2,6985,1705,4.096774193548387,57221120,55869440,0.023622047244094488,False,False,False,1.0,2.0,"{""all_reduce:8192"":6985}","{""all_reduce:32768"":1705}"
decode,deepseek-v2-lite,deepseek-v2-lite,decode-tp2-b2-l128-m128,decode-tp4-b8-l128-m32,2,4,6985,1705,4.096774193548387,57221120,55869440,0.023622047244094488,False,True,False,1.0,2.0,"{""all_reduce:8192"":6985}","{""all_reduce:32768"":1705}"
decode,deepseek-v2-lite,deepseek-v2-lite,decode-tp2-b2-l128-m128,decode-tp4-b8-l2048-m32,2,4,6985,1705,4.096774193548387,57221120,55869440,0.023622047244094488,False,True,False,1.0,2.0,"{""all_reduce:8192"":6985}","{""all_reduce:32768"":1705}"
decode,deepseek-v2-lite,deepseek-v2-lite,decode-tp2-b2-l128-m128,decode-tp4-b8-l8192-m32,2,4,6985,1705,4.096774193548387,57221120,55869440,0.023622047244094488,False,True,False,1.0,2.0,"{""all_reduce:8192"":6985}","{""all_reduce:32768"":1705}"
decode,deepseek-v2-lite,deepseek-v2-lite,decode-tp2-b2-l128-m128,decode-tp8-b8-l128-m32,2,8,6985,1705,4.096774193548387,57221120,55869440,0.023622047244094488,False,True,False,1.0,2.0,"{""all_reduce:8192"":6985}","{""all_reduce:32768"":1705}"
decode,deepseek-v2-lite,deepseek-v2-lite,decode-tp2-b2-l128-m128,decode-tp8-b8-l2048-m32,2,8,6985,1705,4.096774193548387,57221120,55869440,0.023622047244094488,False,True,False,1.0,2.0,"{""all_reduce:8192"":6985}","{""all_reduce:32768"":1705}"
decode,deepseek-v2-lite,deepseek-v2-lite,decode-tp2-b2-l128-m128,decode-tp8-b8-l8192-m32,2,8,6985,1705,4.096774193548387,57221120,55869440,0.023622047244094488,False,True,False,1.0,2.0,"{""all_reduce:8192"":6985}","{""all_reduce:32768"":1705}"
decode,deepseek-v2-lite,deepseek-v2-lite,decode-tp2-b2-l2048-m128,decode-tp2-b8-l128-m32,2,2,6985,1705,4.096774193548387,57221120,55869440,0.023622047244094488,False,False,False,1.0,2.0,"{""all_reduce:8192"":6985}","{""all_reduce:32768"":1705}"
decode,deepseek-v2-lite,deepseek-v2-lite,decode-tp2-b2-l2048-m128,decode-tp2-b8-l2048-m32,2,2,6985,1705,4.096774193548387,57221120,55869440,0.023622047244094488,False,False,False,1.0,2.0,"{""all_reduce:8192"":6985}","{""all_reduce:32768"":1705}"
decode,deepseek-v2-lite,deepseek-v2-lite,decode-tp2-b2-l2048-m128,decode-tp2-b8-l8192-m32,2,2,6985,1705,4.096774193548387,57221120,55869440,0.023622047244094488,False,False,False,1.0,2.0,"{""all_reduce:8192"":6985}","{""all_reduce:32768"":1705}"
decode,deepseek-v2-lite,deepseek-v2-lite,decode-tp2-b2-l2048-m128,decode-tp4-b8-l128-m32,2,4,6985,1705,4.096774193548387,57221120,55869440,0.023622047244094488,False,True,False,1.0,2.0,"{""all_reduce:8192"":6985}","{""all_reduce:32768"":1705}"
decode,deepseek-v2-lite,deepseek-v2-lite,decode-tp2-b2-l2048-m128,decode-tp4-b8-l2048-m32,2,4,6985,1705,4.096774193548387,57221120,55869440,0.023622047244094488,False,True,False,1.0,2.0,"{""all_reduce:8192"":6985}","{""all_reduce:32768"":1705}"
decode,deepseek-v2-lite,deepseek-v2-lite,decode-tp2-b2-l2048-m128,decode-tp4-b8-l8192-m32,2,4,6985,1705,4.096774193548387,57221120,55869440,0.023622047244094488,False,True,False,1.0,2.0,"{""all_reduce:8192"":6985}","{""all_reduce:32768"":1705}"
decode,deepseek-v2-lite,deepseek-v2-lite,decode-tp2-b2-l2048-m128,decode-tp8-b8-l128-m32,2,8,6985,1705,4.096774193548387,57221120,55869440,0.023622047244094488,False,True,False,1.0,2.0,"{""all_reduce:8192"":6985}","{""all_reduce:32768"":1705}"
decode,deepseek-v2-lite,deepseek-v2-lite,decode-tp2-b2-l2048-m128,decode-tp8-b8-l2048-m32,2,8,6985,1705,4.096774193548387,57221120,55869440,0.023622047244094488,False,True,False,1.0,2.0,"{""all_reduce:8192"":6985}","{""all_reduce:32768"":1705}"
decode,deepseek-v2-lite,deepseek-v2-lite,decode-tp2-b2-l2048-m128,decode-tp8-b8-l8192-m32,2,8,6985,1705,4.096774193548387,57221120,55869440,0.023622047244094488,False,True,False,1.0,2.0,"{""all_reduce:8192"":6985}","{""all_reduce:32768"":1705}"
decode,deepseek-v2-lite,deepseek-v2-lite,decode-tp2-b2-l8192-m128,decode-tp2-b8-l128-m32,2,2,6985,1705,4.096774193548387,57221120,55869440,0.023622047244094488,False,False,False,1.0,2.0,"{""all_reduce:8192"":6985}","{""all_reduce:32768"":1705}"
decode,deepseek-v2-lite,deepseek-v2-lite,decode-tp2-b2-l8192-m128,decode-tp2-b8-l2048-m32,2,2,6985,1705,4.096774193548387,57221120,55869440,0.023622047244094488,False,False,False,1.0,2.0,"{""all_reduce:8192"":6985}","{""all_reduce:32768"":1705}"
decode,deepseek-v2-lite,deepseek-v2-lite,decode-tp2-b2-l8192-m128,decode-tp2-b8-l8192-m32,2,2,6985,1705,4.096774193548387,57221120,55869440,0.023622047244094488,False,False,False,1.0,2.0,"{""all_reduce:8192"":6985}","{""all_reduce:32768"":1705}"
decode,deepseek-v2-lite,deepseek-v2-lite,decode-tp2-b2-l8192-m128,decode-tp4-b8-l128-m32,2,4,6985,1705,4.096774193548387,57221120,55869440,0.023622047244094488,False,True,False,1.0,2.0,"{""all_reduce:8192"":6985}","{""all_reduce:32768"":1705}"
decode,deepseek-v2-lite,deepseek-v2-lite,decode-tp2-b2-l8192-m128,decode-tp4-b8-l2048-m32,2,4,6985,1705,4.096774193548387,57221120,55869440,0.023622047244094488,False,True,False,1.0,2.0,"{""all_reduce:8192"":6985}","{""all_reduce:32768"":1705}"
decode,deepseek-v2-lite,deepseek-v2-lite,decode-tp2-b2-l8192-m128,decode-tp4-b8-l8192-m32,2,4,6985,1705,4.096774193548387,57221120,55869440,0.023622047244094488,False,True,False,1.0,2.0,"{""all_reduce:8192"":6985}","{""all_reduce:32768"":1705}"
decode,deepseek-v2-lite,deepseek-v2-lite,decode-tp2-b2-l8192-m128,decode-tp8-b8-l128-m32,2,8,6985,1705,4.096774193548387,57221120,55869440,0.023622047244094488,False,True,False,1.0,2.0,"{""all_reduce:8192"":6985}","{""all_reduce:32768"":1705}"
decode,deepseek-v2-lite,deepseek-v2-lite,decode-tp2-b2-l8192-m128,decode-tp8-b8-l2048-m32,2,8,6985,1705,4.096774193548387,57221120,55869440,0.023622047244094488,False,True,False,1.0,2.0,"{""all_reduce:8192"":6985}","{""all_reduce:32768"":1705}"
decode,deepseek-v2-lite,deepseek-v2-lite,decode-tp2-b2-l8192-m128,decode-tp8-b8-l8192-m32,2,8,6985,1705,4.096774193548387,57221120,55869440,0.023622047244094488,False,True,False,1.0,2.0,"{""all_reduce:8192"":6985}","{""all_reduce:32768"":1705}"
decode,deepseek-v2-lite,deepseek-v2-lite,decode-tp2-b4-l128-m32,decode-tp4-b1-l128-m128,2,4,1705,6985,4.096774193548387,27934720,28610560,0.023622047244094488,False,True,False,1.0,2.0,"{""all_reduce:16384"":1705}","{""all_reduce:4096"":6985}"
decode,deepseek-v2-lite,deepseek-v2-lite,decode-tp2-b4-l128-m32,decode-tp4-b1-l2048-m128,2,4,1705,6985,4.096774193548387,27934720,28610560,0.023622047244094488,False,True,False,1.0,2.0,"{""all_reduce:16384"":1705}","{""all_reduce:4096"":6985}"
decode,deepseek-v2-lite,deepseek-v2-lite,decode-tp2-b4-l128-m32,decode-tp4-b1-l8192-m128,2,4,1705,6985,4.096774193548387,27934720,28610560,0.023622047244094488,False,True,False,1.0,2.0,"{""all_reduce:16384"":1705}","{""all_reduce:4096"":6985}"
decode,deepseek-v2-lite,deepseek-v2-lite,decode-tp2-b4-l128-m32,decode-tp8-b1-l128-m128,2,8,1705,6985,4.096774193548387,27934720,28610560,0.023622047244094488,False,True,False,1.0,2.0,"{""all_reduce:16384"":1705}","{""all_reduce:4096"":6985}"
decode,deepseek-v2-lite,deepseek-v2-lite,decode-tp2-b4-l128-m32,decode-tp8-b1-l2048-m128,2,8,1705,6985,4.096774193548387,27934720,28610560,0.023622047244094488,False,True,False,1.0,2.0,"{""all_reduce:16384"":1705}","{""all_reduce:4096"":6985}"
decode,deepseek-v2-lite,deepseek-v2-lite,decode-tp2-b4-l128-m32,decode-tp8-b1-l8192-m128,2,8,1705,6985,4.096774193548387,27934720,28610560,0.023622047244094488,False,True,False,1.0,2.0,"{""all_reduce:16384"":1705}","{""all_reduce:4096"":6985}"
decode,deepseek-v2-lite,deepseek-v2-lite,decode-tp2-b4-l128-m128,decode-tp2-b16-l128-m32,2,2,6985,1705,4.096774193548387,114442240,111738880,0.023622047244094488,False,False,False,1.0,2.0,"{""all_reduce:16384"":6985}","{""all_reduce:65536"":1705}"
decode,deepseek-v2-lite,deepseek-v2-lite,decode-tp2-b4-l128-m128,decode-tp2-b16-l2048-m32,2,2,6985,1705,4.096774193548387,114442240,111738880,0.023622047244094488,False,False,False,1.0,2.0,"{""all_reduce:16384"":6985}","{""all_reduce:65536"":1705}"
decode,deepseek-v2-lite,deepseek-v2-lite,decode-tp2-b4-l128-m128,decode-tp2-b16-l8192-m32,2,2,6985,1705,4.096774193548387,114442240,111738880,0.023622047244094488,False,False,False,1.0,2.0,"{""all_reduce:16384"":6985}","{""all_reduce:65536"":1705}"
decode,deepseek-v2-lite,deepseek-v2-lite,decode-tp2-b4-l128-m128,decode-tp4-b16-l128-m32,2,4,6985,1705,4.096774193548387,114442240,111738880,0.023622047244094488,False,True,False,1.0,2.0,"{""all_reduce:16384"":6985}","{""all_reduce:65536"":1705}"
decode,deepseek-v2-lite,deepseek-v2-lite,decode-tp2-b4-l128-m128,decode-tp4-b16-l2048-m32,2,4,6985,1705,4.096774193548387,114442240,111738880,0.023622047244094488,False,True,False,1.0,2.0,"{""all_reduce:16384"":6985}","{""all_reduce:65536"":1705}"
decode,deepseek-v2-lite,deepseek-v2-lite,decode-tp2-b4-l128-m128,decode-tp4-b16-l8192-m32,2,4,6985,1705,4.096774193548387,114442240,111738880,0.023622047244094488,False,True,False,1.0,2.0,"{""all_reduce:16384"":6985}","{""all_reduce:65536"":1705}"
decode,deepseek-v2-lite,deepseek-v2-lite,decode-tp2-b4-l128-m128,decode-tp8-b16-l128-m32,2,8,6985,1705,4.096774193548387,114442240,111738880,0.023622047244094488,False,True,False,1.0,2.0,"{""all_reduce:16384"":6985}","{""all_reduce:65536"":1705}"
decode,deepseek-v2-lite,deepseek-v2-lite,decode-tp2-b4-l128-m128,decode-tp8-b16-l2048-m32,2,8,6985,1705,4.096774193548387,114442240,111738880,0.023622047244094488,False,True,False,1.0,2.0,"{""all_reduce:16384"":6985}","{""all_reduce:65536"":1705}"
decode,deepseek-v2-lite,deepseek-v2-lite,decode-tp2-b4-l128-m128,decode-tp8-b16-l8192-m32,2,8,6985,1705,4.096774193548387,114442240,111738880,0.023622047244094488,False,True,False,1.0,2.0,"{""all_reduce:16384"":6985}","{""all_reduce:65536"":1705}"
decode,deepseek-v2-lite,deepseek-v2-lite,decode-tp2-b4-l2048-m32,decode-tp4-b1-l128-m128,2,4,1705,6985,4.096774193548387,27934720,28610560,0.023622047244094488,False,True,False,1.0,2.0,"{""all_reduce:16384"":1705}","{""all_reduce:4096"":6985}"
decode,deepseek-v2-lite,deepseek-v2-lite,decode-tp2-b4-l2048-m32,decode-tp4-b1-l2048-m128,2,4,1705,6985,4.096774193548387,27934720,28610560,0.023622047244094488,False,True,False,1.0,2.0,"{""all_reduce:16384"":1705}","{""all_reduce:4096"":6985}"
decode,deepseek-v2-lite,deepseek-v2-lite,decode-tp2-b4-l2048-m32,decode-tp4-b1-l8192-m128,2,4,1705,6985,4.096774193548387,27934720,28610560,0.023622047244094488,False,True,False,1.0,2.0,"{""all_reduce:16384"":1705}","{""all_reduce:4096"":6985}"
decode,deepseek-v2-lite,deepseek-v2-lite,decode-tp2-b4-l2048-m32,decode-tp8-b1-l128-m128,2,8,1705,6985,4.096774193548387,27934720,28610560,0.023622047244094488,False,True,False,1.0,2.0,"{""all_reduce:16384"":1705}","{""all_reduce:4096"":6985}"
decode,deepseek-v2-lite,deepseek-v2-lite,decode-tp2-b4-l2048-m32,decode-tp8-b1-l2048-m128,2,8,1705,6985,4.096774193548387,27934720,28610560,0.023622047244094488,False,True,False,1.0,2.0,"{""all_reduce:16384"":1705}","{""all_reduce:4096"":6985}"
decode,deepseek-v2-lite,deepseek-v2-lite,decode-tp2-b4-l2048-m32,decode-tp8-b1-l8192-m128,2,8,1705,6985,4.096774193548387,27934720,28610560,0.023622047244094488,False,True,False,1.0,2.0,"{""all_reduce:16384"":1705}","{""all_reduce:4096"":6985}"
decode,deepseek-v2-lite,deepseek-v2-lite,decode-tp2-b4-l2048-m128,decode-tp2-b16-l128-m32,2,2,6985,1705,4.096774193548387,114442240,111738880,0.023622047244094488,False,False,False,1.0,2.0,"{""all_reduce:16384"":6985}","{""all_reduce:65536"":1705}"
decode,deepseek-v2-lite,deepseek-v2-lite,decode-tp2-b4-l2048-m128,decode-tp2-b16-l2048-m32,2,2,6985,1705,4.096774193548387,114442240,111738880,0.023622047244094488,False,False,False,1.0,2.0,"{""all_reduce:16384"":6985}","{""all_reduce:65536"":1705}"
decode,deepseek-v2-lite,deepseek-v2-lite,decode-tp2-b4-l2048-m128,decode-tp2-b16-l8192-m32,2,2,6985,1705,4.096774193548387,114442240,111738880,0.023622047244094488,False,False,False,1.0,2.0,"{""all_reduce:16384"":6985}","{""all_reduce:65536"":1705}"
decode,deepseek-v2-lite,deepseek-v2-lite,decode-tp2-b4-l2048-m128,decode-tp4-b16-l128-m32,2,4,6985,1705,4.096774193548387,114442240,111738880,0.023622047244094488,False,True,False,1.0,2.0,"{""all_reduce:16384"":6985}","{""all_reduce:65536"":1705}"
decode,deepseek-v2-lite,deepseek-v2-lite,decode-tp2-b4-l2048-m128,decode-tp4-b16-l2048-m32,2,4,6985,1705,4.096774193548387,114442240,111738880,0.023622047244094488,False,True,False,1.0,2.0,"{""all_reduce:16384"":6985}","{""all_reduce:65536"":1705}"
decode,deepseek-v2-lite,deepseek-v2-lite,decode-tp2-b4-l2048-m128,decode-tp4-b16-l8192-m32,2,4,6985,1705,4.096774193548387,114442240,111738880,0.023622047244094488,False,True,False,1.0,2.0,"{""all_reduce:16384"":6985}","{""all_reduce:65536"":1705}"
decode,deepseek-v2-lite,deepseek-v2-lite,decode-tp2-b4-l2048-m128,decode-tp8-b16-l128-m32,2,8,6985,1705,4.096774193548387,114442240,111738880,0.023622047244094488,False,True,False,1.0,2.0,"{""all_reduce:16384"":6985}","{""all_reduce:65536"":1705}"
decode,deepseek-v2-lite,deepseek-v2-lite,decode-tp2-b4-l2048-m128,decode-tp8-b16-l2048-m32,2,8,6985,1705,4.096774193548387,114442240,111738880,0.023622047244094488,False,True,False,1.0,2.0,"{""all_reduce:16384"":6985}","{""all_reduce:65536"":1705}"
decode,deepseek-v2-lite,deepseek-v2-lite,decode-tp2-b4-l2048-m128,decode-tp8-b16-l8192-m32,2,8,6985,1705,4.096774193548387,114442240,111738880,0.023622047244094488,False,True,False,1.0,2.0,"{""all_reduce:16384"":6985}","{""all_reduce:65536"":1705}"
decode,deepseek-v2-lite,deepseek-v2-lite,decode-tp2-b4-l8192-m32,decode-tp4-b1-l128-m128,2,4,1705,6985,4.096774193548387,27934720,28610560,0.023622047244094488,False,True,False,1.0,2.0,"{""all_reduce:16384"":1705}","{""all_reduce:4096"":6985}"
decode,deepseek-v2-lite,deepseek-v2-lite,decode-tp2-b4-l8192-m32,decode-tp4-b1-l2048-m128,2,4,1705,6985,4.096774193548387,27934720,28610560,0.023622047244094488,False,True,False,1.0,2.0,"{""all_reduce:16384"":1705}","{""all_reduce:4096"":6985}"
decode,deepseek-v2-lite,deepseek-v2-lite,decode-tp2-b4-l8192-m32,decode-tp4-b1-l8192-m128,2,4,1705,6985,4.096774193548387,27934720,28610560,0.023622047244094488,False,True,False,1.0,2.0,"{""all_reduce:16384"":1705}","{""all_reduce:4096"":6985}"
decode,deepseek-v2-lite,deepseek-v2-lite,decode-tp2-b4-l8192-m32,decode-tp8-b1-l128-m128,2,8,1705,6985,4.096774193548387,27934720,28610560,0.023622047244094488,False,True,False,1.0,2.0,"{""all_reduce:16384"":1705}","{""all_reduce:4096"":6985}"
decode,deepseek-v2-lite,deepseek-v2-lite,decode-tp2-b4-l8192-m32,decode-tp8-b1-l2048-m128,2,8,1705,6985,4.096774193548387,27934720,28610560,0.023622047244094488,False,True,False,1.0,2.0,"{""all_reduce:16384"":1705}","{""all_reduce:4096"":6985}"
decode,deepseek-v2-lite,deepseek-v2-lite,decode-tp2-b4-l8192-m32,decode-tp8-b1-l8192-m128,2,8,1705,6985,4.096774193548387,27934720,28610560,0.023622047244094488,False,True,False,1.0,2.0,"{""all_reduce:16384"":1705}","{""all_reduce:4096"":6985}"
decode,deepseek-v2-lite,deepseek-v2-lite,decode-tp2-b4-l8192-m128,decode-tp2-b16-l128-m32,2,2,6985,1705,4.096774193548387,114442240,111738880,0.023622047244094488,False,False,False,1.0,2.0,"{""all_reduce:16384"":6985}","{""all_reduce:65536"":1705}"
decode,deepseek-v2-lite,deepseek-v2-lite,decode-tp2-b4-l8192-m128,decode-tp2-b16-l2048-m32,2,2,6985,1705,4.096774193548387,114442240,111738880,0.023622047244094488,False,False,False,1.0,2.0,"{""all_reduce:16384"":6985}","{""all_reduce:65536"":1705}"
decode,deepseek-v2-lite,deepseek-v2-lite,decode-tp2-b4-l8192-m128,decode-tp2-b16-l8192-m32,2,2,6985,1705,4.096774193548387,114442240,111738880,0.023622047244094488,False,False,False,1.0,2.0,"{""all_reduce:16384"":6985}","{""all_reduce:65536"":1705}"
decode,deepseek-v2-lite,deepseek-v2-lite,decode-tp2-b4-l8192-m128,decode-tp4-b16-l128-m32,2,4,6985,1705,4.096774193548387,114442240,111738880,0.023622047244094488,False,True,False,1.0,2.0,"{""all_reduce:16384"":6985}","{""all_reduce:65536"":1705}"
decode,deepseek-v2-lite,deepseek-v2-lite,decode-tp2-b4-l8192-m128,decode-tp4-b16-l2048-m32,2,4,6985,1705,4.096774193548387,114442240,111738880,0.023622047244094488,False,True,False,1.0,2.0,"{""all_reduce:16384"":6985}","{""all_reduce:65536"":1705}"
decode,deepseek-v2-lite,deepseek-v2-lite,decode-tp2-b4-l8192-m128,decode-tp4-b16-l8192-m32,2,4,6985,1705,4.096774193548387,114442240,111738880,0.023622047244094488,False,True,False,1.0,2.0,"{""all_reduce:16384"":6985}","{""all_reduce:65536"":1705}"
decode,deepseek-v2-lite,deepseek-v2-lite,decode-tp2-b4-l8192-m128,decode-tp8-b16-l128-m32,2,8,6985,1705,4.096774193548387,114442240,111738880,0.023622047244094488,False,True,False,1.0,2.0,"{""all_reduce:16384"":6985}","{""all_reduce:65536"":1705}"
decode,deepseek-v2-lite,deepseek-v2-lite,decode-tp2-b4-l8192-m128,decode-tp8-b16-l2048-m32,2,8,6985,1705,4.096774193548387,114442240,111738880,0.023622047244094488,False,True,False,1.0,2.0,"{""all_reduce:16384"":6985}","{""all_reduce:65536"":1705}"
decode,deepseek-v2-lite,deepseek-v2-lite,decode-tp2-b4-l8192-m128,decode-tp8-b16-l8192-m32,2,8,6985,1705,4.096774193548387,114442240,111738880,0.023622047244094488,False,True,False,1.0,2.0,"{""all_reduce:16384"":6985}","{""all_reduce:65536"":1705}"
decode,deepseek-v2-lite,deepseek-v2-lite,decode-tp2-b8-l128-m32,decode-tp4-b2-l128-m128,2,4,1705,6985,4.096774193548387,55869440,57221120,0.023622047244094488,False,True,False,1.0,2.0,"{""all_reduce:32768"":1705}","{""all_reduce:8192"":6985}"
decode,deepseek-v2-lite,deepseek-v2-lite,decode-tp2-b8-l128-m32,decode-tp4-b2-l2048-m128,2,4,1705,6985,4.096774193548387,55869440,57221120,0.023622047244094488,False,True,False,1.0,2.0,"{""all_reduce:32768"":1705}","{""all_reduce:8192"":6985}"
decode,deepseek-v2-lite,deepseek-v2-lite,decode-tp2-b8-l128-m32,decode-tp4-b2-l8192-m128,2,4,1705,6985,4.096774193548387,55869440,57221120,0.023622047244094488,False,True,False,1.0,2.0,"{""all_reduce:32768"":1705}","{""all_reduce:8192"":6985}"
decode,deepseek-v2-lite,deepseek-v2-lite,decode-tp2-b8-l128-m32,decode-tp8-b2-l128-m128,2,8,1705,6985,4.096774193548387,55869440,57221120,0.023622047244094488,False,True,False,1.0,2.0,"{""all_reduce:32768"":1705}","{""all_reduce:8192"":6985}"
decode,deepseek-v2-lite,deepseek-v2-lite,decode-tp2-b8-l128-m32,decode-tp8-b2-l2048-m128,2,8,1705,6985,4.096774193548387,55869440,57221120,0.023622047244094488,False,True,False,1.0,2.0,"{""all_reduce:32768"":1705}","{""all_reduce:8192"":6985}"
decode,deepseek-v2-lite,deepseek-v2-lite,decode-tp2-b8-l128-m32,decode-tp8-b2-l8192-m128,2,8,1705,6985,4.096774193548387,55869440,57221120,0.023622047244094488,False,True,False,1.0,2.0,"{""all_reduce:32768"":1705}","{""all_reduce:8192"":6985}"
decode,deepseek-v2-lite,deepseek-v2-lite,decode-tp2-b8-l2048-m32,decode-tp4-b2-l128-m128,2,4,1705,6985,4.096774193548387,55869440,57221120,0.023622047244094488,False,True,False,1.0,2.0,"{""all_reduce:32768"":1705}","{""all_reduce:8192"":6985}"
decode,deepseek-v2-lite,deepseek-v2-lite,decode-tp2-b8-l2048-m32,decode-tp4-b2-l2048-m128,2,4,1705,6985,4.096774193548387,55869440,57221120,0.023622047244094488,False,True,False,1.0,2.0,"{""all_reduce:32768"":1705}","{""all_reduce:8192"":6985}"
decode,deepseek-v2-lite,deepseek-v2-lite,decode-tp2-b8-l2048-m32,decode-tp4-b2-l8192-m128,2,4,1705,6985,4.096774193548387,55869440,57221120,0.023622047244094488,False,True,False,1.0,2.0,"{""all_reduce:32768"":1705}","{""all_reduce:8192"":6985}"
decode,deepseek-v2-lite,deepseek-v2-lite,decode-tp2-b8-l2048-m32,decode-tp8-b2-l128-m128,2,8,1705,6985,4.096774193548387,55869440,57221120,0.023622047244094488,False,True,False,1.0,2.0,"{""all_reduce:32768"":1705}","{""all_reduce:8192"":6985}"
decode,deepseek-v2-lite,deepseek-v2-lite,decode-tp2-b8-l2048-m32,decode-tp8-b2-l2048-m128,2,8,1705,6985,4.096774193548387,55869440,57221120,0.023622047244094488,False,True,False,1.0,2.0,"{""all_reduce:32768"":1705}","{""all_reduce:8192"":6985}"
decode,deepseek-v2-lite,deepseek-v2-lite,decode-tp2-b8-l2048-m32,decode-tp8-b2-l8192-m128,2,8,1705,6985,4.096774193548387,55869440,57221120,0.023622047244094488,False,True,False,1.0,2.0,"{""all_reduce:32768"":1705}","{""all_reduce:8192"":6985}"
decode,deepseek-v2-lite,deepseek-v2-lite,decode-tp2-b8-l8192-m32,decode-tp4-b2-l128-m128,2,4,1705,6985,4.096774193548387,55869440,57221120,0.023622047244094488,False,True,False,1.0,2.0,"{""all_reduce:32768"":1705}","{""all_reduce:8192"":6985}"
decode,deepseek-v2-lite,deepseek-v2-lite,decode-tp2-b8-l8192-m32,decode-tp4-b2-l2048-m128,2,4,1705,6985,4.096774193548387,55869440,57221120,0.023622047244094488,False,True,False,1.0,2.0,"{""all_reduce:32768"":1705}","{""all_reduce:8192"":6985}"
decode,deepseek-v2-lite,deepseek-v2-lite,decode-tp2-b8-l8192-m32,decode-tp4-b2-l8192-m128,2,4,1705,6985,4.096774193548387,55869440,57221120,0.023622047244094488,False,True,False,1.0,2.0,"{""all_reduce:32768"":1705}","{""all_reduce:8192"":6985}"
decode,deepseek-v2-lite,deepseek-v2-lite,decode-tp2-b8-l8192-m32,decode-tp8-b2-l128-m128,2,8,1705,6985,4.096774193548387,55869440,57221120,0.023622047244094488,False,True,False,1.0,2.0,"{""all_reduce:32768"":1705}","{""all_reduce:8192"":6985}"
decode,deepseek-v2-lite,deepseek-v2-lite,decode-tp2-b8-l8192-m32,decode-tp8-b2-l2048-m128,2,8,1705,6985,4.096774193548387,55869440,57221120,0.023622047244094488,False,True,False,1.0,2.0,"{""all_reduce:32768"":1705}","{""all_reduce:8192"":6985}"
decode,deepseek-v2-lite,deepseek-v2-lite,decode-tp2-b8-l8192-m32,decode-tp8-b2-l8192-m128,2,8,1705,6985,4.096774193548387,55869440,57221120,0.023622047244094488,False,True,False,1.0,2.0,"{""all_reduce:32768"":1705}","{""all_reduce:8192"":6985}"
decode,deepseek-v2-lite,deepseek-v2-lite,decode-tp2-b16-l128-m32,decode-tp4-b4-l128-m128,2,4,1705,6985,4.096774193548387,111738880,114442240,0.023622047244094488,False,True,False,1.0,2.0,"{""all_reduce:65536"":1705}","{""all_reduce:16384"":6985}"
decode,deepseek-v2-lite,deepseek-v2-lite,decode-tp2-b16-l128-m32,decode-tp4-b4-l2048-m128,2,4,1705,6985,4.096774193548387,111738880,114442240,0.023622047244094488,False,True,False,1.0,2.0,"{""all_reduce:65536"":1705}","{""all_reduce:16384"":6985}"
decode,deepseek-v2-lite,deepseek-v2-lite,decode-tp2-b16-l128-m32,decode-tp4-b4-l8192-m128,2,4,1705,6985,4.096774193548387,111738880,114442240,0.023622047244094488,False,True,False,1.0,2.0,"{""all_reduce:65536"":1705}","{""all_reduce:16384"":6985}"
decode,deepseek-v2-lite,deepseek-v2-lite,decode-tp2-b16-l128-m32,decode-tp8-b4-l128-m128,2,8,1705,6985,4.096774193548387,111738880,114442240,0.023622047244094488,False,True,False,1.0,2.0,"{""all_reduce:65536"":1705}","{""all_reduce:16384"":6985}"
decode,deepseek-v2-lite,deepseek-v2-lite,decode-tp2-b16-l128-m32,decode-tp8-b4-l2048-m128,2,8,1705,6985,4.096774193548387,111738880,114442240,0.023622047244094488,False,True,False,1.0,2.0,"{""all_reduce:65536"":1705}","{""all_reduce:16384"":6985}"
decode,deepseek-v2-lite,deepseek-v2-lite,decode-tp2-b16-l128-m32,decode-tp8-b4-l8192-m128,2,8,1705,6985,4.096774193548387,111738880,114442240,0.023622047244094488,False,True,False,1.0,2.0,"{""all_reduce:65536"":1705}","{""all_reduce:16384"":6985}"
decode,deepseek-v2-lite,deepseek-v2-lite,decode-tp2-b16-l2048-m32,decode-tp4-b4-l128-m128,2,4,1705,6985,4.096774193548387,111738880,114442240,0.023622047244094488,False,True,False,1.0,2.0,"{""all_reduce:65536"":1705}","{""all_reduce:16384"":6985}"
decode,deepseek-v2-lite,deepseek-v2-lite,decode-tp2-b16-l2048-m32,decode-tp4-b4-l2048-m128,2,4,1705,6985,4.096774193548387,111738880,114442240,0.023622047244094488,False,True,False,1.0,2.0,"{""all_reduce:65536"":1705}","{""all_reduce:16384"":6985}"
decode,deepseek-v2-lite,deepseek-v2-lite,decode-tp2-b16-l2048-m32,decode-tp4-b4-l8192-m128,2,4,1705,6985,4.096774193548387,111738880,114442240,0.023622047244094488,False,True,False,1.0,2.0,"{""all_reduce:65536"":1705}","{""all_reduce:16384"":6985}"
decode,deepseek-v2-lite,deepseek-v2-lite,decode-tp2-b16-l2048-m32,decode-tp8-b4-l128-m128,2,8,1705,6985,4.096774193548387,111738880,114442240,0.023622047244094488,False,True,False,1.0,2.0,"{""all_reduce:65536"":1705}","{""all_reduce:16384"":6985}"
decode,deepseek-v2-lite,deepseek-v2-lite,decode-tp2-b16-l2048-m32,decode-tp8-b4-l2048-m128,2,8,1705,6985,4.096774193548387,111738880,114442240,0.023622047244094488,False,True,False,1.0,2.0,"{""all_reduce:65536"":1705}","{""all_reduce:16384"":6985}"
decode,deepseek-v2-lite,deepseek-v2-lite,decode-tp2-b16-l2048-m32,decode-tp8-b4-l8192-m128,2,8,1705,6985,4.096774193548387,111738880,114442240,0.023622047244094488,False,True,False,1.0,2.0,"{""all_reduce:65536"":1705}","{""all_reduce:16384"":6985}"
decode,deepseek-v2-lite,deepseek-v2-lite,decode-tp2-b16-l8192-m32,decode-tp4-b4-l128-m128,2,4,1705,6985,4.096774193548387,111738880,114442240,0.023622047244094488,False,True,False,1.0,2.0,"{""all_reduce:65536"":1705}","{""all_reduce:16384"":6985}"
decode,deepseek-v2-lite,deepseek-v2-lite,decode-tp2-b16-l8192-m32,decode-tp4-b4-l2048-m128,2,4,1705,6985,4.096774193548387,111738880,114442240,0.023622047244094488,False,True,False,1.0,2.0,"{""all_reduce:65536"":1705}","{""all_reduce:16384"":6985}"
decode,deepseek-v2-lite,deepseek-v2-lite,decode-tp2-b16-l8192-m32,decode-tp4-b4-l8192-m128,2,4,1705,6985,4.096774193548387,111738880,114442240,0.023622047244094488,False,True,False,1.0,2.0,"{""all_reduce:65536"":1705}","{""all_reduce:16384"":6985}"
decode,deepseek-v2-lite,deepseek-v2-lite,decode-tp2-b16-l8192-m32,decode-tp8-b4-l128-m128,2,8,1705,6985,4.096774193548387,111738880,114442240,0.023622047244094488,False,True,False,1.0,2.0,"{""all_reduce:65536"":1705}","{""all_reduce:16384"":6985}"
decode,deepseek-v2-lite,deepseek-v2-lite,decode-tp2-b16-l8192-m32,decode-tp8-b4-l2048-m128,2,8,1705,6985,4.096774193548387,111738880,114442240,0.023622047244094488,False,True,False,1.0,2.0,"{""all_reduce:65536"":1705}","{""all_reduce:16384"":6985}"
decode,deepseek-v2-lite,deepseek-v2-lite,decode-tp2-b16-l8192-m32,decode-tp8-b4-l8192-m128,2,8,1705,6985,4.096774193548387,111738880,114442240,0.023622047244094488,False,True,False,1.0,2.0,"{""all_reduce:65536"":1705}","{""all_reduce:16384"":6985}"
decode,deepseek-v2-lite,deepseek-v2-lite,decode-tp4-b1-l128-m128,decode-tp4-b4-l128-m32,4,4,6985,1705,4.096774193548387,28610560,27934720,0.023622047244094488,False,False,False,1.0,2.0,"{""all_reduce:4096"":6985}","{""all_reduce:16384"":1705}"
decode,deepseek-v2-lite,deepseek-v2-lite,decode-tp4-b1-l128-m128,decode-tp4-b4-l2048-m32,4,4,6985,1705,4.096774193548387,28610560,27934720,0.023622047244094488,False,False,False,1.0,2.0,"{""all_reduce:4096"":6985}","{""all_reduce:16384"":1705}"
decode,deepseek-v2-lite,deepseek-v2-lite,decode-tp4-b1-l128-m128,decode-tp4-b4-l8192-m32,4,4,6985,1705,4.096774193548387,28610560,27934720,0.023622047244094488,False,False,False,1.0,2.0,"{""all_reduce:4096"":6985}","{""all_reduce:16384"":1705}"
decode,deepseek-v2-lite,deepseek-v2-lite,decode-tp4-b1-l128-m128,decode-tp8-b4-l128-m32,4,8,6985,1705,4.096774193548387,28610560,27934720,0.023622047244094488,False,True,False,1.0,2.0,"{""all_reduce:4096"":6985}","{""all_reduce:16384"":1705}"
decode,deepseek-v2-lite,deepseek-v2-lite,decode-tp4-b1-l128-m128,decode-tp8-b4-l2048-m32,4,8,6985,1705,4.096774193548387,28610560,27934720,0.023622047244094488,False,True,False,1.0,2.0,"{""all_reduce:4096"":6985}","{""all_reduce:16384"":1705}"
decode,deepseek-v2-lite,deepseek-v2-lite,decode-tp4-b1-l128-m128,decode-tp8-b4-l8192-m32,4,8,6985,1705,4.096774193548387,28610560,27934720,0.023622047244094488,False,True,False,1.0,2.0,"{""all_reduce:4096"":6985}","{""all_reduce:16384"":1705}"
decode,deepseek-v2-lite,deepseek-v2-lite,decode-tp4-b1-l2048-m128,decode-tp4-b4-l128-m32,4,4,6985,1705,4.096774193548387,28610560,27934720,0.023622047244094488,False,False,False,1.0,2.0,"{""all_reduce:4096"":6985}","{""all_reduce:16384"":1705}"
decode,deepseek-v2-lite,deepseek-v2-lite,decode-tp4-b1-l2048-m128,decode-tp4-b4-l2048-m32,4,4,6985,1705,4.096774193548387,28610560,27934720,0.023622047244094488,False,False,False,1.0,2.0,"{""all_reduce:4096"":6985}","{""all_reduce:16384"":1705}"
decode,deepseek-v2-lite,deepseek-v2-lite,decode-tp4-b1-l2048-m128,decode-tp4-b4-l8192-m32,4,4,6985,1705,4.096774193548387,28610560,27934720,0.023622047244094488,False,False,False,1.0,2.0,"{""all_reduce:4096"":6985}","{""all_reduce:16384"":1705}"
decode,deepseek-v2-lite,deepseek-v2-lite,decode-tp4-b1-l2048-m128,decode-tp8-b4-l128-m32,4,8,6985,1705,4.096774193548387,28610560,27934720,0.023622047244094488,False,True,False,1.0,2.0,"{""all_reduce:4096"":6985}","{""all_reduce:16384"":1705}"
decode,deepseek-v2-lite,deepseek-v2-lite,decode-tp4-b1-l2048-m128,decode-tp8-b4-l2048-m32,4,8,6985,1705,4.096774193548387,28610560,27934720,0.023622047244094488,False,True,False,1.0,2.0,"{""all_reduce:4096"":6985}","{""all_reduce:16384"":1705}"
decode,deepseek-v2-lite,deepseek-v2-lite,decode-tp4-b1-l2048-m128,decode-tp8-b4-l8192-m32,4,8,6985,1705,4.096774193548387,28610560,27934720,0.023622047244094488,False,True,False,1.0,2.0,"{""all_reduce:4096"":6985}","{""all_reduce:16384"":1705}"
decode,deepseek-v2-lite,deepseek-v2-lite,decode-tp4-b1-l8192-m128,decode-tp4-b4-l128-m32,4,4,6985,1705,4.096774193548387,28610560,27934720,0.023622047244094488,False,False,False,1.0,2.0,"{""all_reduce:4096"":6985}","{""all_reduce:16384"":1705}"
decode,deepseek-v2-lite,deepseek-v2-lite,decode-tp4-b1-l8192-m128,decode-tp4-b4-l2048-m32,4,4,6985,1705,4.096774193548387,28610560,27934720,0.023622047244094488,False,False,False,1.0,2.0,"{""all_reduce:4096"":6985}","{""all_reduce:16384"":1705}"
decode,deepseek-v2-lite,deepseek-v2-lite,decode-tp4-b1-l8192-m128,decode-tp4-b4-l8192-m32,4,4,6985,1705,4.096774193548387,28610560,27934720,0.023622047244094488,False,False,False,1.0,2.0,"{""all_reduce:4096"":6985}","{""all_reduce:16384"":1705}"
decode,deepseek-v2-lite,deepseek-v2-lite,decode-tp4-b1-l8192-m128,decode-tp8-b4-l128-m32,4,8,6985,1705,4.096774193548387,28610560,27934720,0.023622047244094488,False,True,False,1.0,2.0,"{""all_reduce:4096"":6985}","{""all_reduce:16384"":1705}"
decode,deepseek-v2-lite,deepseek-v2-lite,decode-tp4-b1-l8192-m128,decode-tp8-b4-l2048-m32,4,8,6985,1705,4.096774193548387,28610560,27934720,0.023622047244094488,False,True,False,1.0,2.0,"{""all_reduce:4096"":6985}","{""all_reduce:16384"":1705}"
decode,deepseek-v2-lite,deepseek-v2-lite,decode-tp4-b1-l8192-m128,decode-tp8-b4-l8192-m32,4,8,6985,1705,4.096774193548387,28610560,27934720,0.023622047244094488,False,True,False,1.0,2.0,"{""all_reduce:4096"":6985}","{""all_reduce:16384"":1705}"
decode,deepseek-v2-lite,deepseek-v2-lite,decode-tp4-b2-l128-m128,decode-tp4-b8-l128-m32,4,4,6985,1705,4.096774193548387,57221120,55869440,0.023622047244094488,False,False,False,1.0,2.0,"{""all_reduce:8192"":6985}","{""all_reduce:32768"":1705}"
decode,deepseek-v2-lite,deepseek-v2-lite,decode-tp4-b2-l128-m128,decode-tp4-b8-l2048-m32,4,4,6985,1705,4.096774193548387,57221120,55869440,0.023622047244094488,False,False,False,1.0,2.0,"{""all_reduce:8192"":6985}","{""all_reduce:32768"":1705}"
decode,deepseek-v2-lite,deepseek-v2-lite,decode-tp4-b2-l128-m128,decode-tp4-b8-l8192-m32,4,4,6985,1705,4.096774193548387,57221120,55869440,0.023622047244094488,False,False,False,1.0,2.0,"{""all_reduce:8192"":6985}","{""all_reduce:32768"":1705}"
decode,deepseek-v2-lite,deepseek-v2-lite,decode-tp4-b2-l128-m128,decode-tp8-b8-l128-m32,4,8,6985,1705,4.096774193548387,57221120,55869440,0.023622047244094488,False,True,False,1.0,2.0,"{""all_reduce:8192"":6985}","{""all_reduce:32768"":1705}"
decode,deepseek-v2-lite,deepseek-v2-lite,decode-tp4-b2-l128-m128,decode-tp8-b8-l2048-m32,4,8,6985,1705,4.096774193548387,57221120,55869440,0.023622047244094488,False,True,False,1.0,2.0,"{""all_reduce:8192"":6985}","{""all_reduce:32768"":1705}"
decode,deepseek-v2-lite,deepseek-v2-lite,decode-tp4-b2-l128-m128,decode-tp8-b8-l8192-m32,4,8,6985,1705,4.096774193548387,57221120,55869440,0.023622047244094488,False,True,False,1.0,2.0,"{""all_reduce:8192"":6985}","{""all_reduce:32768"":1705}"
decode,deepseek-v2-lite,deepseek-v2-lite,decode-tp4-b2-l2048-m128,decode-tp4-b8-l128-m32,4,4,6985,1705,4.096774193548387,57221120,55869440,0.023622047244094488,False,False,False,1.0,2.0,"{""all_reduce:8192"":6985}","{""all_reduce:32768"":1705}"
decode,deepseek-v2-lite,deepseek-v2-lite,decode-tp4-b2-l2048-m128,decode-tp4-b8-l2048-m32,4,4,6985,1705,4.096774193548387,57221120,55869440,0.023622047244094488,False,False,False,1.0,2.0,"{""all_reduce:8192"":6985}","{""all_reduce:32768"":1705}"
decode,deepseek-v2-lite,deepseek-v2-lite,decode-tp4-b2-l2048-m128,decode-tp4-b8-l8192-m32,4,4,6985,1705,4.096774193548387,57221120,55869440,0.023622047244094488,False,False,False,1.0,2.0,"{""all_reduce:8192"":6985}","{""all_reduce:32768"":1705}"
decode,deepseek-v2-lite,deepseek-v2-lite,decode-tp4-b2-l2048-m128,decode-tp8-b8-l128-m32,4,8,6985,1705,4.096774193548387,57221120,55869440,0.023622047244094488,False,True,False,1.0,2.0,"{""all_reduce:8192"":6985}","{""all_reduce:32768"":1705}"
decode,deepseek-v2-lite,deepseek-v2-lite,decode-tp4-b2-l2048-m128,decode-tp8-b8-l2048-m32,4,8,6985,1705,4.096774193548387,57221120,55869440,0.023622047244094488,False,True,False,1.0,2.0,"{""all_reduce:8192"":6985}","{""all_reduce:32768"":1705}"
decode,deepseek-v2-lite,deepseek-v2-lite,decode-tp4-b2-l2048-m128,decode-tp8-b8-l8192-m32,4,8,6985,1705,4.096774193548387,57221120,55869440,0.023622047244094488,False,True,False,1.0,2.0,"{""all_reduce:8192"":6985}","{""all_reduce:32768"":1705}"
decode,deepseek-v2-lite,deepseek-v2-lite,decode-tp4-b2-l8192-m128,decode-tp4-b8-l128-m32,4,4,6985,1705,4.096774193548387,57221120,55869440,0.023622047244094488,False,False,False,1.0,2.0,"{""all_reduce:8192"":6985}","{""all_reduce:32768"":1705}"
decode,deepseek-v2-lite,deepseek-v2-lite,decode-tp4-b2-l8192-m128,decode-tp4-b8-l2048-m32,4,4,6985,1705,4.096774193548387,57221120,55869440,0.023622047244094488,False,False,False,1.0,2.0,"{""all_reduce:8192"":6985}","{""all_reduce:32768"":1705}"
decode,deepseek-v2-lite,deepseek-v2-lite,decode-tp4-b2-l8192-m128,decode-tp4-b8-l8192-m32,4,4,6985,1705,4.096774193548387,57221120,55869440,0.023622047244094488,False,False,False,1.0,2.0,"{""all_reduce:8192"":6985}","{""all_reduce:32768"":1705}"
decode,deepseek-v2-lite,deepseek-v2-lite,decode-tp4-b2-l8192-m128,decode-tp8-b8-l128-m32,4,8,6985,1705,4.096774193548387,57221120,55869440,0.023622047244094488,False,True,False,1.0,2.0,"{""all_reduce:8192"":6985}","{""all_reduce:32768"":1705}"
decode,deepseek-v2-lite,deepseek-v2-lite,decode-tp4-b2-l8192-m128,decode-tp8-b8-l2048-m32,4,8,6985,1705,4.096774193548387,57221120,55869440,0.023622047244094488,False,True,False,1.0,2.0,"{""all_reduce:8192"":6985}","{""all_reduce:32768"":1705}"
decode,deepseek-v2-lite,deepseek-v2-lite,decode-tp4-b2-l8192-m128,decode-tp8-b8-l8192-m32,4,8,6985,1705,4.096774193548387,57221120,55869440,0.023622047244094488,False,True,False,1.0,2.0,"{""all_reduce:8192"":6985}","{""all_reduce:32768"":1705}"
decode,deepseek-v2-lite,deepseek-v2-lite,decode-tp4-b4-l128-m32,decode-tp8-b1-l128-m128,4,8,1705,6985,4.096774193548387,27934720,28610560,0.023622047244094488,False,True,False,1.0,2.0,"{""all_reduce:16384"":1705}","{""all_reduce:4096"":6985}"
decode,deepseek-v2-lite,deepseek-v2-lite,decode-tp4-b4-l128-m32,decode-tp8-b1-l2048-m128,4,8,1705,6985,4.096774193548387,27934720,28610560,0.023622047244094488,False,True,False,1.0,2.0,"{""all_reduce:16384"":1705}","{""all_reduce:4096"":6985}"
decode,deepseek-v2-lite,deepseek-v2-lite,decode-tp4-b4-l128-m32,decode-tp8-b1-l8192-m128,4,8,1705,6985,4.096774193548387,27934720,28610560,0.023622047244094488,False,True,False,1.0,2.0,"{""all_reduce:16384"":1705}","{""all_reduce:4096"":6985}"
decode,deepseek-v2-lite,deepseek-v2-lite,decode-tp4-b4-l128-m128,decode-tp4-b16-l128-m32,4,4,6985,1705,4.096774193548387,114442240,111738880,0.023622047244094488,False,False,False,1.0,2.0,"{""all_reduce:16384"":6985}","{""all_reduce:65536"":1705}"
decode,deepseek-v2-lite,deepseek-v2-lite,decode-tp4-b4-l128-m128,decode-tp4-b16-l2048-m32,4,4,6985,1705,4.096774193548387,114442240,111738880,0.023622047244094488,False,False,False,1.0,2.0,"{""all_reduce:16384"":6985}","{""all_reduce:65536"":1705}"
decode,deepseek-v2-lite,deepseek-v2-lite,decode-tp4-b4-l128-m128,decode-tp4-b16-l8192-m32,4,4,6985,1705,4.096774193548387,114442240,111738880,0.023622047244094488,False,False,False,1.0,2.0,"{""all_reduce:16384"":6985}","{""all_reduce:65536"":1705}"
decode,deepseek-v2-lite,deepseek-v2-lite,decode-tp4-b4-l128-m128,decode-tp8-b16-l128-m32,4,8,6985,1705,4.096774193548387,114442240,111738880,0.023622047244094488,False,True,False,1.0,2.0,"{""all_reduce:16384"":6985}","{""all_reduce:65536"":1705}"
decode,deepseek-v2-lite,deepseek-v2-lite,decode-tp4-b4-l128-m128,decode-tp8-b16-l2048-m32,4,8,6985,1705,4.096774193548387,114442240,111738880,0.023622047244094488,False,True,False,1.0,2.0,"{""all_reduce:16384"":6985}","{""all_reduce:65536"":1705}"
decode,deepseek-v2-lite,deepseek-v2-lite,decode-tp4-b4-l128-m128,decode-tp8-b16-l8192-m32,4,8,6985,1705,4.096774193548387,114442240,111738880,0.023622047244094488,False,True,False,1.0,2.0,"{""all_reduce:16384"":6985}","{""all_reduce:65536"":1705}"
decode,deepseek-v2-lite,deepseek-v2-lite,decode-tp4-b4-l2048-m32,decode-tp8-b1-l128-m128,4,8,1705,6985,4.096774193548387,27934720,28610560,0.023622047244094488,False,True,False,1.0,2.0,"{""all_reduce:16384"":1705}","{""all_reduce:4096"":6985}"
decode,deepseek-v2-lite,deepseek-v2-lite,decode-tp4-b4-l2048-m32,decode-tp8-b1-l2048-m128,4,8,1705,6985,4.096774193548387,27934720,28610560,0.023622047244094488,False,True,False,1.0,2.0,"{""all_reduce:16384"":1705}","{""all_reduce:4096"":6985}"
decode,deepseek-v2-lite,deepseek-v2-lite,decode-tp4-b4-l2048-m32,decode-tp8-b1-l8192-m128,4,8,1705,6985,4.096774193548387,27934720,28610560,0.023622047244094488,False,True,False,1.0,2.0,"{""all_reduce:16384"":1705}","{""all_reduce:4096"":6985}"
decode,deepseek-v2-lite,deepseek-v2-lite,decode-tp4-b4-l2048-m128,decode-tp4-b16-l128-m32,4,4,6985,1705,4.096774193548387,114442240,111738880,0.023622047244094488,False,False,False,1.0,2.0,"{""all_reduce:16384"":6985}","{""all_reduce:65536"":1705}"
decode,deepseek-v2-lite,deepseek-v2-lite,decode-tp4-b4-l2048-m128,decode-tp4-b16-l2048-m32,4,4,6985,1705,4.096774193548387,114442240,111738880,0.023622047244094488,False,False,False,1.0,2.0,"{""all_reduce:16384"":6985}","{""all_reduce:65536"":1705}"
decode,deepseek-v2-lite,deepseek-v2-lite,decode-tp4-b4-l2048-m128,decode-tp4-b16-l8192-m32,4,4,6985,1705,4.096774193548387,114442240,111738880,0.023622047244094488,False,False,False,1.0,2.0,"{""all_reduce:16384"":6985}","{""all_reduce:65536"":1705}"
decode,deepseek-v2-lite,deepseek-v2-lite,decode-tp4-b4-l2048-m128,decode-tp8-b16-l128-m32,4,8,6985,1705,4.096774193548387,114442240,111738880,0.023622047244094488,False,True,False,1.0,2.0,"{""all_reduce:16384"":6985}","{""all_reduce:65536"":1705}"
decode,deepseek-v2-lite,deepseek-v2-lite,decode-tp4-b4-l2048-m128,decode-tp8-b16-l2048-m32,4,8,6985,1705,4.096774193548387,114442240,111738880,0.023622047244094488,False,True,False,1.0,2.0,"{""all_reduce:16384"":6985}","{""all_reduce:65536"":1705}"
decode,deepseek-v2-lite,deepseek-v2-lite,decode-tp4-b4-l2048-m128,decode-tp8-b16-l8192-m32,4,8,6985,1705,4.096774193548387,114442240,111738880,0.023622047244094488,False,True,False,1.0,2.0,"{""all_reduce:16384"":6985}","{""all_reduce:65536"":1705}"
decode,deepseek-v2-lite,deepseek-v2-lite,decode-tp4-b4-l8192-m32,decode-tp8-b1-l128-m128,4,8,1705,6985,4.096774193548387,27934720,28610560,0.023622047244094488,False,True,False,1.0,2.0,"{""all_reduce:16384"":1705}","{""all_reduce:4096"":6985}"
decode,deepseek-v2-lite,deepseek-v2-lite,decode-tp4-b4-l8192-m32,decode-tp8-b1-l2048-m128,4,8,1705,6985,4.096774193548387,27934720,28610560,0.023622047244094488,False,True,False,1.0,2.0,"{""all_reduce:16384"":1705}","{""all_reduce:4096"":6985}"
decode,deepseek-v2-lite,deepseek-v2-lite,decode-tp4-b4-l8192-m32,decode-tp8-b1-l8192-m128,4,8,1705,6985,4.096774193548387,27934720,28610560,0.023622047244094488,False,True,False,1.0,2.0,"{""all_reduce:16384"":1705}","{""all_reduce:4096"":6985}"
decode,deepseek-v2-lite,deepseek-v2-lite,decode-tp4-b4-l8192-m128,decode-tp4-b16-l128-m32,4,4,6985,1705,4.096774193548387,114442240,111738880,0.023622047244094488,False,False,False,1.0,2.0,"{""all_reduce:16384"":6985}","{""all_reduce:65536"":1705}"
decode,deepseek-v2-lite,deepseek-v2-lite,decode-tp4-b4-l8192-m128,decode-tp4-b16-l2048-m32,4,4,6985,1705,4.096774193548387,114442240,111738880,0.023622047244094488,False,False,False,1.0,2.0,"{""all_reduce:16384"":6985}","{""all_reduce:65536"":1705}"
decode,deepseek-v2-lite,deepseek-v2-lite,decode-tp4-b4-l8192-m128,decode-tp4-b16-l8192-m32,4,4,6985,1705,4.096774193548387,114442240,111738880,0.023622047244094488,False,False,False,1.0,2.0,"{""all_reduce:16384"":6985}","{""all_reduce:65536"":1705}"
decode,deepseek-v2-lite,deepseek-v2-lite,decode-tp4-b4-l8192-m128,decode-tp8-b16-l128-m32,4,8,6985,1705,4.096774193548387,114442240,111738880,0.023622047244094488,False,True,False,1.0,2.0,"{""all_reduce:16384"":6985}","{""all_reduce:65536"":1705}"
decode,deepseek-v2-lite,deepseek-v2-lite,decode-tp4-b4-l8192-m128,decode-tp8-b16-l2048-m32,4,8,6985,1705,4.096774193548387,114442240,111738880,0.023622047244094488,False,True,False,1.0,2.0,"{""all_reduce:16384"":6985}","{""all_reduce:65536"":1705}"
decode,deepseek-v2-lite,deepseek-v2-lite,decode-tp4-b4-l8192-m128,decode-tp8-b16-l8192-m32,4,8,6985,1705,4.096774193548387,114442240,111738880,0.023622047244094488,False,True,False,1.0,2.0,"{""all_reduce:16384"":6985}","{""all_reduce:65536"":1705}"
decode,deepseek-v2-lite,deepseek-v2-lite,decode-tp4-b8-l128-m32,decode-tp8-b2-l128-m128,4,8,1705,6985,4.096774193548387,55869440,57221120,0.023622047244094488,False,True,False,1.0,2.0,"{""all_reduce:32768"":1705}","{""all_reduce:8192"":6985}"
decode,deepseek-v2-lite,deepseek-v2-lite,decode-tp4-b8-l128-m32,decode-tp8-b2-l2048-m128,4,8,1705,6985,4.096774193548387,55869440,57221120,0.023622047244094488,False,True,False,1.0,2.0,"{""all_reduce:32768"":1705}","{""all_reduce:8192"":6985}"
decode,deepseek-v2-lite,deepseek-v2-lite,decode-tp4-b8-l128-m32,decode-tp8-b2-l8192-m128,4,8,1705,6985,4.096774193548387,55869440,57221120,0.023622047244094488,False,True,False,1.0,2.0,"{""all_reduce:32768"":1705}","{""all_reduce:8192"":6985}"
decode,deepseek-v2-lite,deepseek-v2-lite,decode-tp4-b8-l2048-m32,decode-tp8-b2-l128-m128,4,8,1705,6985,4.096774193548387,55869440,57221120,0.023622047244094488,False,True,False,1.0,2.0,"{""all_reduce:32768"":1705}","{""all_reduce:8192"":6985}"
decode,deepseek-v2-lite,deepseek-v2-lite,decode-tp4-b8-l2048-m32,decode-tp8-b2-l2048-m128,4,8,1705,6985,4.096774193548387,55869440,57221120,0.023622047244094488,False,True,False,1.0,2.0,"{""all_reduce:32768"":1705}","{""all_reduce:8192"":6985}"
decode,deepseek-v2-lite,deepseek-v2-lite,decode-tp4-b8-l2048-m32,decode-tp8-b2-l8192-m128,4,8,1705,6985,4.096774193548387,55869440,57221120,0.023622047244094488,False,True,False,1.0,2.0,"{""all_reduce:32768"":1705}","{""all_reduce:8192"":6985}"
decode,deepseek-v2-lite,deepseek-v2-lite,decode-tp4-b8-l8192-m32,decode-tp8-b2-l128-m128,4,8,1705,6985,4.096774193548387,55869440,57221120,0.023622047244094488,False,True,False,1.0,2.0,"{""all_reduce:32768"":1705}","{""all_reduce:8192"":6985}"
decode,deepseek-v2-lite,deepseek-v2-lite,decode-tp4-b8-l8192-m32,decode-tp8-b2-l2048-m128,4,8,1705,6985,4.096774193548387,55869440,57221120,0.023622047244094488,False,True,False,1.0,2.0,"{""all_reduce:32768"":1705}","{""all_reduce:8192"":6985}"
decode,deepseek-v2-lite,deepseek-v2-lite,decode-tp4-b8-l8192-m32,decode-tp8-b2-l8192-m128,4,8,1705,6985,4.096774193548387,55869440,57221120,0.023622047244094488,False,True,False,1.0,2.0,"{""all_reduce:32768"":1705}","{""all_reduce:8192"":6985}"
decode,deepseek-v2-lite,deepseek-v2-lite,decode-tp4-b16-l128-m32,decode-tp8-b4-l128-m128,4,8,1705,6985,4.096774193548387,111738880,114442240,0.023622047244094488,False,True,False,1.0,2.0,"{""all_reduce:65536"":1705}","{""all_reduce:16384"":6985}"
decode,deepseek-v2-lite,deepseek-v2-lite,decode-tp4-b16-l128-m32,decode-tp8-b4-l2048-m128,4,8,1705,6985,4.096774193548387,111738880,114442240,0.023622047244094488,False,True,False,1.0,2.0,"{""all_reduce:65536"":1705}","{""all_reduce:16384"":6985}"
decode,deepseek-v2-lite,deepseek-v2-lite,decode-tp4-b16-l128-m32,decode-tp8-b4-l8192-m128,4,8,1705,6985,4.096774193548387,111738880,114442240,0.023622047244094488,False,True,False,1.0,2.0,"{""all_reduce:65536"":1705}","{""all_reduce:16384"":6985}"
decode,deepseek-v2-lite,deepseek-v2-lite,decode-tp4-b16-l2048-m32,decode-tp8-b4-l128-m128,4,8,1705,6985,4.096774193548387,111738880,114442240,0.023622047244094488,False,True,False,1.0,2.0,"{""all_reduce:65536"":1705}","{""all_reduce:16384"":6985}"
decode,deepseek-v2-lite,deepseek-v2-lite,decode-tp4-b16-l2048-m32,decode-tp8-b4-l2048-m128,4,8,1705,6985,4.096774193548387,111738880,114442240,0.023622047244094488,False,True,False,1.0,2.0,"{""all_reduce:65536"":1705}","{""all_reduce:16384"":6985}"
decode,deepseek-v2-lite,deepseek-v2-lite,decode-tp4-b16-l2048-m32,decode-tp8-b4-l8192-m128,4,8,1705,6985,4.096774193548387,111738880,114442240,0.023622047244094488,False,True,False,1.0,2.0,"{""all_reduce:65536"":1705}","{""all_reduce:16384"":6985}"
decode,deepseek-v2-lite,deepseek-v2-lite,decode-tp4-b16-l8192-m32,decode-tp8-b4-l128-m128,4,8,1705,6985,4.096774193548387,111738880,114442240,0.023622047244094488,False,True,False,1.0,2.0,"{""all_reduce:65536"":1705}","{""all_reduce:16384"":6985}"
decode,deepseek-v2-lite,deepseek-v2-lite,decode-tp4-b16-l8192-m32,decode-tp8-b4-l2048-m128,4,8,1705,6985,4.096774193548387,111738880,114442240,0.023622047244094488,False,True,False,1.0,2.0,"{""all_reduce:65536"":1705}","{""all_reduce:16384"":6985}"
decode,deepseek-v2-lite,deepseek-v2-lite,decode-tp4-b16-l8192-m32,decode-tp8-b4-l8192-m128,4,8,1705,6985,4.096774193548387,111738880,114442240,0.023622047244094488,False,True,False,1.0,2.0,"{""all_reduce:65536"":1705}","{""all_reduce:16384"":6985}"
decode,deepseek-v2-lite,deepseek-v2-lite,decode-tp8-b1-l128-m128,decode-tp8-b4-l128-m32,8,8,6985,1705,4.096774193548387,28610560,27934720,0.023622047244094488,False,False,False,1.0,2.0,"{""all_reduce:4096"":6985}","{""all_reduce:16384"":1705}"
decode,deepseek-v2-lite,deepseek-v2-lite,decode-tp8-b1-l128-m128,decode-tp8-b4-l2048-m32,8,8,6985,1705,4.096774193548387,28610560,27934720,0.023622047244094488,False,False,False,1.0,2.0,"{""all_reduce:4096"":6985}","{""all_reduce:16384"":1705}"
decode,deepseek-v2-lite,deepseek-v2-lite,decode-tp8-b1-l128-m128,decode-tp8-b4-l8192-m32,8,8,6985,1705,4.096774193548387,28610560,27934720,0.023622047244094488,False,False,False,1.0,2.0,"{""all_reduce:4096"":6985}","{""all_reduce:16384"":1705}"
decode,deepseek-v2-lite,deepseek-v2-lite,decode-tp8-b1-l2048-m128,decode-tp8-b4-l128-m32,8,8,6985,1705,4.096774193548387,28610560,27934720,0.023622047244094488,False,False,False,1.0,2.0,"{""all_reduce:4096"":6985}","{""all_reduce:16384"":1705}"
decode,deepseek-v2-lite,deepseek-v2-lite,decode-tp8-b1-l2048-m128,decode-tp8-b4-l2048-m32,8,8,6985,1705,4.096774193548387,28610560,27934720,0.023622047244094488,False,False,False,1.0,2.0,"{""all_reduce:4096"":6985}","{""all_reduce:16384"":1705}"
decode,deepseek-v2-lite,deepseek-v2-lite,decode-tp8-b1-l2048-m128,decode-tp8-b4-l8192-m32,8,8,6985,1705,4.096774193548387,28610560,27934720,0.023622047244094488,False,False,False,1.0,2.0,"{""all_reduce:4096"":6985}","{""all_reduce:16384"":1705}"
decode,deepseek-v2-lite,deepseek-v2-lite,decode-tp8-b1-l8192-m128,decode-tp8-b4-l128-m32,8,8,6985,1705,4.096774193548387,28610560,27934720,0.023622047244094488,False,False,False,1.0,2.0,"{""all_reduce:4096"":6985}","{""all_reduce:16384"":1705}"
decode,deepseek-v2-lite,deepseek-v2-lite,decode-tp8-b1-l8192-m128,decode-tp8-b4-l2048-m32,8,8,6985,1705,4.096774193548387,28610560,27934720,0.023622047244094488,False,False,False,1.0,2.0,"{""all_reduce:4096"":6985}","{""all_reduce:16384"":1705}"
decode,deepseek-v2-lite,deepseek-v2-lite,decode-tp8-b1-l8192-m128,decode-tp8-b4-l8192-m32,8,8,6985,1705,4.096774193548387,28610560,27934720,0.023622047244094488,False,False,False,1.0,2.0,"{""all_reduce:4096"":6985}","{""all_reduce:16384"":1705}"
decode,deepseek-v2-lite,deepseek-v2-lite,decode-tp8-b2-l128-m128,decode-tp8-b8-l128-m32,8,8,6985,1705,4.096774193548387,57221120,55869440,0.023622047244094488,False,False,False,1.0,2.0,"{""all_reduce:8192"":6985}","{""all_reduce:32768"":1705}"
decode,deepseek-v2-lite,deepseek-v2-lite,decode-tp8-b2-l128-m128,decode-tp8-b8-l2048-m32,8,8,6985,1705,4.096774193548387,57221120,55869440,0.023622047244094488,False,False,False,1.0,2.0,"{""all_reduce:8192"":6985}","{""all_reduce:32768"":1705}"
decode,deepseek-v2-lite,deepseek-v2-lite,decode-tp8-b2-l128-m128,decode-tp8-b8-l8192-m32,8,8,6985,1705,4.096774193548387,57221120,55869440,0.023622047244094488,False,False,False,1.0,2.0,"{""all_reduce:8192"":6985}","{""all_reduce:32768"":1705}"
decode,deepseek-v2-lite,deepseek-v2-lite,decode-tp8-b2-l2048-m128,decode-tp8-b8-l128-m32,8,8,6985,1705,4.096774193548387,57221120,55869440,0.023622047244094488,False,False,False,1.0,2.0,"{""all_reduce:8192"":6985}","{""all_reduce:32768"":1705}"
decode,deepseek-v2-lite,deepseek-v2-lite,decode-tp8-b2-l2048-m128,decode-tp8-b8-l2048-m32,8,8,6985,1705,4.096774193548387,57221120,55869440,0.023622047244094488,False,False,False,1.0,2.0,"{""all_reduce:8192"":6985}","{""all_reduce:32768"":1705}"
decode,deepseek-v2-lite,deepseek-v2-lite,decode-tp8-b2-l2048-m128,decode-tp8-b8-l8192-m32,8,8,6985,1705,4.096774193548387,57221120,55869440,0.023622047244094488,False,False,False,1.0,2.0,"{""all_reduce:8192"":6985}","{""all_reduce:32768"":1705}"
decode,deepseek-v2-lite,deepseek-v2-lite,decode-tp8-b2-l8192-m128,decode-tp8-b8-l128-m32,8,8,6985,1705,4.096774193548387,57221120,55869440,0.023622047244094488,False,False,False,1.0,2.0,"{""all_reduce:8192"":6985}","{""all_reduce:32768"":1705}"
decode,deepseek-v2-lite,deepseek-v2-lite,decode-tp8-b2-l8192-m128,decode-tp8-b8-l2048-m32,8,8,6985,1705,4.096774193548387,57221120,55869440,0.023622047244094488,False,False,False,1.0,2.0,"{""all_reduce:8192"":6985}","{""all_reduce:32768"":1705}"
decode,deepseek-v2-lite,deepseek-v2-lite,decode-tp8-b2-l8192-m128,decode-tp8-b8-l8192-m32,8,8,6985,1705,4.096774193548387,57221120,55869440,0.023622047244094488,False,False,False,1.0,2.0,"{""all_reduce:8192"":6985}","{""all_reduce:32768"":1705}"
decode,deepseek-v2-lite,deepseek-v2-lite,decode-tp8-b4-l128-m128,decode-tp8-b16-l128-m32,8,8,6985,1705,4.096774193548387,114442240,111738880,0.023622047244094488,False,False,False,1.0,2.0,"{""all_reduce:16384"":6985}","{""all_reduce:65536"":1705}"
decode,deepseek-v2-lite,deepseek-v2-lite,decode-tp8-b4-l128-m128,decode-tp8-b16-l2048-m32,8,8,6985,1705,4.096774193548387,114442240,111738880,0.023622047244094488,False,False,False,1.0,2.0,"{""all_reduce:16384"":6985}","{""all_reduce:65536"":1705}"
decode,deepseek-v2-lite,deepseek-v2-lite,decode-tp8-b4-l128-m128,decode-tp8-b16-l8192-m32,8,8,6985,1705,4.096774193548387,114442240,111738880,0.023622047244094488,False,False,False,1.0,2.0,"{""all_reduce:16384"":6985}","{""all_reduce:65536"":1705}"
decode,deepseek-v2-lite,deepseek-v2-lite,decode-tp8-b4-l2048-m128,decode-tp8-b16-l128-m32,8,8,6985,1705,4.096774193548387,114442240,111738880,0.023622047244094488,False,False,False,1.0,2.0,"{""all_reduce:16384"":6985}","{""all_reduce:65536"":1705}"
decode,deepseek-v2-lite,deepseek-v2-lite,decode-tp8-b4-l2048-m128,decode-tp8-b16-l2048-m32,8,8,6985,1705,4.096774193548387,114442240,111738880,0.023622047244094488,False,False,False,1.0,2.0,"{""all_reduce:16384"":6985}","{""all_reduce:65536"":1705}"
decode,deepseek-v2-lite,deepseek-v2-lite,decode-tp8-b4-l2048-m128,decode-tp8-b16-l8192-m32,8,8,6985,1705,4.096774193548387,114442240,111738880,0.023622047244094488,False,False,False,1.0,2.0,"{""all_reduce:16384"":6985}","{""all_reduce:65536"":1705}"
decode,deepseek-v2-lite,deepseek-v2-lite,decode-tp8-b4-l8192-m128,decode-tp8-b16-l128-m32,8,8,6985,1705,4.096774193548387,114442240,111738880,0.023622047244094488,False,False,False,1.0,2.0,"{""all_reduce:16384"":6985}","{""all_reduce:65536"":1705}"
decode,deepseek-v2-lite,deepseek-v2-lite,decode-tp8-b4-l8192-m128,decode-tp8-b16-l2048-m32,8,8,6985,1705,4.096774193548387,114442240,111738880,0.023622047244094488,False,False,False,1.0,2.0,"{""all_reduce:16384"":6985}","{""all_reduce:65536"":1705}"
decode,deepseek-v2-lite,deepseek-v2-lite,decode-tp8-b4-l8192-m128,decode-tp8-b16-l8192-m32,8,8,6985,1705,4.096774193548387,114442240,111738880,0.023622047244094488,False,False,False,1.0,2.0,"{""all_reduce:16384"":6985}","{""all_reduce:65536"":1705}"
decode,qwen3-30b-a3b,qwen3-30b-a3b,decode-tp2-b1-l128-m128,decode-tp2-b4-l128-m32,2,2,12319,3007,4.096774193548387,50458624,49266688,0.023622047244094488,False,False,False,1.0,2.0,"{""all_reduce:4096"":254,""fused_allreduce_residual_rmsnorm:4096"":12065}","{""all_reduce:16384"":62,""fused_allreduce_residual_rmsnorm:16384"":2945}"
decode,qwen3-30b-a3b,qwen3-30b-a3b,decode-tp2-b1-l128-m128,decode-tp2-b4-l2048-m32,2,2,12319,3007,4.096774193548387,50458624,49266688,0.023622047244094488,False,False,False,1.0,2.0,"{""all_reduce:4096"":254,""fused_allreduce_residual_rmsnorm:4096"":12065}","{""all_reduce:16384"":62,""fused_allreduce_residual_rmsnorm:16384"":2945}"
decode,qwen3-30b-a3b,qwen3-30b-a3b,decode-tp2-b1-l128-m128,decode-tp2-b4-l8192-m32,2,2,12319,3007,4.096774193548387,50458624,49266688,0.023622047244094488,False,False,False,1.0,2.0,"{""all_reduce:4096"":254,""fused_allreduce_residual_rmsnorm:4096"":12065}","{""all_reduce:16384"":62,""fused_allreduce_residual_rmsnorm:16384"":2945}"
decode,qwen3-30b-a3b,qwen3-30b-a3b,decode-tp2-b1-l128-m128,decode-tp4-b4-l128-m32,2,4,12319,3007,4.096774193548387,50458624,49266688,0.023622047244094488,False,True,False,1.0,2.0,"{""all_reduce:4096"":254,""fused_allreduce_residual_rmsnorm:4096"":12065}","{""all_reduce:16384"":62,""fused_allreduce_residual_rmsnorm:16384"":2945}"
decode,qwen3-30b-a3b,qwen3-30b-a3b,decode-tp2-b1-l128-m128,decode-tp4-b4-l2048-m32,2,4,12319,3007,4.096774193548387,50458624,49266688,0.023622047244094488,False,True,False,1.0,2.0,"{""all_reduce:4096"":254,""fused_allreduce_residual_rmsnorm:4096"":12065}","{""all_reduce:16384"":62,""fused_allreduce_residual_rmsnorm:16384"":2945}"
decode,qwen3-30b-a3b,qwen3-30b-a3b,decode-tp2-b1-l128-m128,decode-tp4-b4-l8192-m32,2,4,12319,3007,4.096774193548387,50458624,49266688,0.023622047244094488,False,True,False,1.0,2.0,"{""all_reduce:4096"":254,""fused_allreduce_residual_rmsnorm:4096"":12065}","{""all_reduce:16384"":62,""fused_allreduce_residual_rmsnorm:16384"":2945}"
decode,qwen3-30b-a3b,qwen3-30b-a3b,decode-tp2-b1-l128-m128,decode-tp8-b4-l128-m32,2,8,12319,3007,4.096774193548387,50458624,49266688,0.023622047244094488,False,True,False,1.0,2.0,"{""all_reduce:4096"":254,""fused_allreduce_residual_rmsnorm:4096"":12065}","{""all_reduce:16384"":62,""fused_allreduce_residual_rmsnorm:16384"":2945}"
decode,qwen3-30b-a3b,qwen3-30b-a3b,decode-tp2-b1-l128-m128,decode-tp8-b4-l2048-m32,2,8,12319,3007,4.096774193548387,50458624,49266688,0.023622047244094488,False,True,False,1.0,2.0,"{""all_reduce:4096"":254,""fused_allreduce_residual_rmsnorm:4096"":12065}","{""all_reduce:16384"":62,""fused_allreduce_residual_rmsnorm:16384"":2945}"
decode,qwen3-30b-a3b,qwen3-30b-a3b,decode-tp2-b1-l128-m128,decode-tp8-b4-l8192-m32,2,8,12319,3007,4.096774193548387,50458624,49266688,0.023622047244094488,False,True,False,1.0,2.0,"{""all_reduce:4096"":254,""fused_allreduce_residual_rmsnorm:4096"":12065}","{""all_reduce:16384"":62,""fused_allreduce_residual_rmsnorm:16384"":2945}"
decode,qwen3-30b-a3b,qwen3-30b-a3b,decode-tp2-b1-l2048-m128,decode-tp2-b4-l128-m32,2,2,12319,3007,4.096774193548387,50458624,49266688,0.023622047244094488,False,False,False,1.0,2.0,"{""all_reduce:4096"":254,""fused_allreduce_residual_rmsnorm:4096"":12065}","{""all_reduce:16384"":62,""fused_allreduce_residual_rmsnorm:16384"":2945}"
decode,qwen3-30b-a3b,qwen3-30b-a3b,decode-tp2-b1-l2048-m128,decode-tp2-b4-l2048-m32,2,2,12319,3007,4.096774193548387,50458624,49266688,0.023622047244094488,False,False,False,1.0,2.0,"{""all_reduce:4096"":254,""fused_allreduce_residual_rmsnorm:4096"":12065}","{""all_reduce:16384"":62,""fused_allreduce_residual_rmsnorm:16384"":2945}"
decode,qwen3-30b-a3b,qwen3-30b-a3b,decode-tp2-b1-l2048-m128,decode-tp2-b4-l8192-m32,2,2,12319,3007,4.096774193548387,50458624,49266688,0.023622047244094488,False,False,False,1.0,2.0,"{""all_reduce:4096"":254,""fused_allreduce_residual_rmsnorm:4096"":12065}","{""all_reduce:16384"":62,""fused_allreduce_residual_rmsnorm:16384"":2945}"
decode,qwen3-30b-a3b,qwen3-30b-a3b,decode-tp2-b1-l2048-m128,decode-tp4-b4-l128-m32,2,4,12319,3007,4.096774193548387,50458624,49266688,0.023622047244094488,False,True,False,1.0,2.0,"{""all_reduce:4096"":254,""fused_allreduce_residual_rmsnorm:4096"":12065}","{""all_reduce:16384"":62,""fused_allreduce_residual_rmsnorm:16384"":2945}"
decode,qwen3-30b-a3b,qwen3-30b-a3b,decode-tp2-b1-l2048-m128,decode-tp4-b4-l2048-m32,2,4,12319,3007,4.096774193548387,50458624,49266688,0.023622047244094488,False,True,False,1.0,2.0,"{""all_reduce:4096"":254,""fused_allreduce_residual_rmsnorm:4096"":12065}","{""all_reduce:16384"":62,""fused_allreduce_residual_rmsnorm:16384"":2945}"
decode,qwen3-30b-a3b,qwen3-30b-a3b,decode-tp2-b1-l2048-m128,decode-tp4-b4-l8192-m32,2,4,12319,3007,4.096774193548387,50458624,49266688,0.023622047244094488,False,True,False,1.0,2.0,"{""all_reduce:4096"":254,""fused_allreduce_residual_rmsnorm:4096"":12065}","{""all_reduce:16384"":62,""fused_allreduce_residual_rmsnorm:16384"":2945}"
decode,qwen3-30b-a3b,qwen3-30b-a3b,decode-tp2-b1-l2048-m128,decode-tp8-b4-l128-m32,2,8,12319,3007,4.096774193548387,50458624,49266688,0.023622047244094488,False,True,False,1.0,2.0,"{""all_reduce:4096"":254,""fused_allreduce_residual_rmsnorm:4096"":12065}","{""all_reduce:16384"":62,""fused_allreduce_residual_rmsnorm:16384"":2945}"
decode,qwen3-30b-a3b,qwen3-30b-a3b,decode-tp2-b1-l2048-m128,decode-tp8-b4-l2048-m32,2,8,12319,3007,4.096774193548387,50458624,49266688,0.023622047244094488,False,True,False,1.0,2.0,"{""all_reduce:4096"":254,""fused_allreduce_residual_rmsnorm:4096"":12065}","{""all_reduce:16384"":62,""fused_allreduce_residual_rmsnorm:16384"":2945}"
decode,qwen3-30b-a3b,qwen3-30b-a3b,decode-tp2-b1-l2048-m128,decode-tp8-b4-l8192-m32,2,8,12319,3007,4.096774193548387,50458624,49266688,0.023622047244094488,False,True,False,1.0,2.0,"{""all_reduce:4096"":254,""fused_allreduce_residual_rmsnorm:4096"":12065}","{""all_reduce:16384"":62,""fused_allreduce_residual_rmsnorm:16384"":2945}"
decode,qwen3-30b-a3b,qwen3-30b-a3b,decode-tp2-b1-l8192-m128,decode-tp2-b4-l128-m32,2,2,12319,3007,4.096774193548387,50458624,49266688,0.023622047244094488,False,False,False,1.0,2.0,"{""all_reduce:4096"":254,""fused_allreduce_residual_rmsnorm:4096"":12065}","{""all_reduce:16384"":62,""fused_allreduce_residual_rmsnorm:16384"":2945}"
decode,qwen3-30b-a3b,qwen3-30b-a3b,decode-tp2-b1-l8192-m128,decode-tp2-b4-l2048-m32,2,2,12319,3007,4.096774193548387,50458624,49266688,0.023622047244094488,False,False,False,1.0,2.0,"{""all_reduce:4096"":254,""fused_allreduce_residual_rmsnorm:4096"":12065}","{""all_reduce:16384"":62,""fused_allreduce_residual_rmsnorm:16384"":2945}"
decode,qwen3-30b-a3b,qwen3-30b-a3b,decode-tp2-b1-l8192-m128,decode-tp2-b4-l8192-m32,2,2,12319,3007,4.096774193548387,50458624,49266688,0.023622047244094488,False,False,False,1.0,2.0,"{""all_reduce:4096"":254,""fused_allreduce_residual_rmsnorm:4096"":12065}","{""all_reduce:16384"":62,""fused_allreduce_residual_rmsnorm:16384"":2945}"
decode,qwen3-30b-a3b,qwen3-30b-a3b,decode-tp2-b1-l8192-m128,decode-tp4-b4-l128-m32,2,4,12319,3007,4.096774193548387,50458624,49266688,0.023622047244094488,False,True,False,1.0,2.0,"{""all_reduce:4096"":254,""fused_allreduce_residual_rmsnorm:4096"":12065}","{""all_reduce:16384"":62,""fused_allreduce_residual_rmsnorm:16384"":2945}"
decode,qwen3-30b-a3b,qwen3-30b-a3b,decode-tp2-b1-l8192-m128,decode-tp4-b4-l2048-m32,2,4,12319,3007,4.096774193548387,50458624,49266688,0.023622047244094488,False,True,False,1.0,2.0,"{""all_reduce:4096"":254,""fused_allreduce_residual_rmsnorm:4096"":12065}","{""all_reduce:16384"":62,""fused_allreduce_residual_rmsnorm:16384"":2945}"
decode,qwen3-30b-a3b,qwen3-30b-a3b,decode-tp2-b1-l8192-m128,decode-tp4-b4-l8192-m32,2,4,12319,3007,4.096774193548387,50458624,49266688,0.023622047244094488,False,True,False,1.0,2.0,"{""all_reduce:4096"":254,""fused_allreduce_residual_rmsnorm:4096"":12065}","{""all_reduce:16384"":62,""fused_allreduce_residual_rmsnorm:16384"":2945}"
decode,qwen3-30b-a3b,qwen3-30b-a3b,decode-tp2-b1-l8192-m128,decode-tp8-b4-l128-m32,2,8,12319,3007,4.096774193548387,50458624,49266688,0.023622047244094488,False,True,False,1.0,2.0,"{""all_reduce:4096"":254,""fused_allreduce_residual_rmsnorm:4096"":12065}","{""all_reduce:16384"":62,""fused_allreduce_residual_rmsnorm:16384"":2945}"
decode,qwen3-30b-a3b,qwen3-30b-a3b,decode-tp2-b1-l8192-m128,decode-tp8-b4-l2048-m32,2,8,12319,3007,4.096774193548387,50458624,49266688,0.023622047244094488,False,True,False,1.0,2.0,"{""all_reduce:4096"":254,""fused_allreduce_residual_rmsnorm:4096"":12065}","{""all_reduce:16384"":62,""fused_allreduce_residual_rmsnorm:16384"":2945}"
decode,qwen3-30b-a3b,qwen3-30b-a3b,decode-tp2-b1-l8192-m128,decode-tp8-b4-l8192-m32,2,8,12319,3007,4.096774193548387,50458624,49266688,0.023622047244094488,False,True,False,1.0,2.0,"{""all_reduce:4096"":254,""fused_allreduce_residual_rmsnorm:4096"":12065}","{""all_reduce:16384"":62,""fused_allreduce_residual_rmsnorm:16384"":2945}"
decode,qwen3-30b-a3b,qwen3-30b-a3b,decode-tp2-b2-l128-m128,decode-tp2-b8-l128-m32,2,2,12319,3007,4.096774193548387,100917248,98533376,0.023622047244094488,False,False,False,1.0,2.0,"{""all_reduce:8192"":254,""fused_allreduce_residual_rmsnorm:8192"":12065}","{""all_reduce:32768"":62,""fused_allreduce_residual_rmsnorm:32768"":2945}"
decode,qwen3-30b-a3b,qwen3-30b-a3b,decode-tp2-b2-l128-m128,decode-tp2-b8-l2048-m32,2,2,12319,3007,4.096774193548387,100917248,98533376,0.023622047244094488,False,False,False,1.0,2.0,"{""all_reduce:8192"":254,""fused_allreduce_residual_rmsnorm:8192"":12065}","{""all_reduce:32768"":62,""fused_allreduce_residual_rmsnorm:32768"":2945}"
decode,qwen3-30b-a3b,qwen3-30b-a3b,decode-tp2-b2-l128-m128,decode-tp2-b8-l8192-m32,2,2,12319,3007,4.096774193548387,100917248,98533376,0.023622047244094488,False,False,False,1.0,2.0,"{""all_reduce:8192"":254,""fused_allreduce_residual_rmsnorm:8192"":12065}","{""all_reduce:32768"":62,""fused_allreduce_residual_rmsnorm:32768"":2945}"
decode,qwen3-30b-a3b,qwen3-30b-a3b,decode-tp2-b2-l128-m128,decode-tp4-b8-l128-m32,2,4,12319,3007,4.096774193548387,100917248,98533376,0.023622047244094488,False,True,False,1.0,2.0,"{""all_reduce:8192"":254,""fused_allreduce_residual_rmsnorm:8192"":12065}","{""all_reduce:32768"":62,""fused_allreduce_residual_rmsnorm:32768"":2945}"
decode,qwen3-30b-a3b,qwen3-30b-a3b,decode-tp2-b2-l128-m128,decode-tp4-b8-l2048-m32,2,4,12319,3007,4.096774193548387,100917248,98533376,0.023622047244094488,False,True,False,1.0,2.0,"{""all_reduce:8192"":254,""fused_allreduce_residual_rmsnorm:8192"":12065}","{""all_reduce:32768"":62,""fused_allreduce_residual_rmsnorm:32768"":2945}"
decode,qwen3-30b-a3b,qwen3-30b-a3b,decode-tp2-b2-l128-m128,decode-tp4-b8-l8192-m32,2,4,12319,3007,4.096774193548387,100917248,98533376,0.023622047244094488,False,True,False,1.0,2.0,"{""all_reduce:8192"":254,""fused_allreduce_residual_rmsnorm:8192"":12065}","{""all_reduce:32768"":62,""fused_allreduce_residual_rmsnorm:32768"":2945}"
decode,qwen3-30b-a3b,qwen3-30b-a3b,decode-tp2-b2-l128-m128,decode-tp8-b8-l128-m32,2,8,12319,3007,4.096774193548387,100917248,98533376,0.023622047244094488,False,True,False,1.0,2.0,"{""all_reduce:8192"":254,""fused_allreduce_residual_rmsnorm:8192"":12065}","{""all_reduce:32768"":62,""fused_allreduce_residual_rmsnorm:32768"":2945}"
decode,qwen3-30b-a3b,qwen3-30b-a3b,decode-tp2-b2-l128-m128,decode-tp8-b8-l2048-m32,2,8,12319,3007,4.096774193548387,100917248,98533376,0.023622047244094488,False,True,False,1.0,2.0,"{""all_reduce:8192"":254,""fused_allreduce_residual_rmsnorm:8192"":12065}","{""all_reduce:32768"":62,""fused_allreduce_residual_rmsnorm:32768"":2945}"
decode,qwen3-30b-a3b,qwen3-30b-a3b,decode-tp2-b2-l128-m128,decode-tp8-b8-l8192-m32,2,8,12319,3007,4.096774193548387,100917248,98533376,0.023622047244094488,False,True,False,1.0,2.0,"{""all_reduce:8192"":254,""fused_allreduce_residual_rmsnorm:8192"":12065}","{""all_reduce:32768"":62,""fused_allreduce_residual_rmsnorm:32768"":2945}"
decode,qwen3-30b-a3b,qwen3-30b-a3b,decode-tp2-b2-l2048-m128,decode-tp2-b8-l128-m32,2,2,12319,3007,4.096774193548387,100917248,98533376,0.023622047244094488,False,False,False,1.0,2.0,"{""all_reduce:8192"":254,""fused_allreduce_residual_rmsnorm:8192"":12065}","{""all_reduce:32768"":62,""fused_allreduce_residual_rmsnorm:32768"":2945}"
decode,qwen3-30b-a3b,qwen3-30b-a3b,decode-tp2-b2-l2048-m128,decode-tp2-b8-l2048-m32,2,2,12319,3007,4.096774193548387,100917248,98533376,0.023622047244094488,False,False,False,1.0,2.0,"{""all_reduce:8192"":254,""fused_allreduce_residual_rmsnorm:8192"":12065}","{""all_reduce:32768"":62,""fused_allreduce_residual_rmsnorm:32768"":2945}"
decode,qwen3-30b-a3b,qwen3-30b-a3b,decode-tp2-b2-l2048-m128,decode-tp2-b8-l8192-m32,2,2,12319,3007,4.096774193548387,100917248,98533376,0.023622047244094488,False,False,False,1.0,2.0,"{""all_reduce:8192"":254,""fused_allreduce_residual_rmsnorm:8192"":12065}","{""all_reduce:32768"":62,""fused_allreduce_residual_rmsnorm:32768"":2945}"
decode,qwen3-30b-a3b,qwen3-30b-a3b,decode-tp2-b2-l2048-m128,decode-tp4-b8-l128-m32,2,4,12319,3007,4.096774193548387,100917248,98533376,0.023622047244094488,False,True,False,1.0,2.0,"{""all_reduce:8192"":254,""fused_allreduce_residual_rmsnorm:8192"":12065}","{""all_reduce:32768"":62,""fused_allreduce_residual_rmsnorm:32768"":2945}"
decode,qwen3-30b-a3b,qwen3-30b-a3b,decode-tp2-b2-l2048-m128,decode-tp4-b8-l2048-m32,2,4,12319,3007,4.096774193548387,100917248,98533376,0.023622047244094488,False,True,False,1.0,2.0,"{""all_reduce:8192"":254,""fused_allreduce_residual_rmsnorm:8192"":12065}","{""all_reduce:32768"":62,""fused_allreduce_residual_rmsnorm:32768"":2945}"
decode,qwen3-30b-a3b,qwen3-30b-a3b,decode-tp2-b2-l2048-m128,decode-tp4-b8-l8192-m32,2,4,12319,3007,4.096774193548387,100917248,98533376,0.023622047244094488,False,True,False,1.0,2.0,"{""all_reduce:8192"":254,""fused_allreduce_residual_rmsnorm:8192"":12065}","{""all_reduce:32768"":62,""fused_allreduce_residual_rmsnorm:32768"":2945}"
decode,qwen3-30b-a3b,qwen3-30b-a3b,decode-tp2-b2-l2048-m128,decode-tp8-b8-l128-m32,2,8,12319,3007,4.096774193548387,100917248,98533376,0.023622047244094488,False,True,False,1.0,2.0,"{""all_reduce:8192"":254,""fused_allreduce_residual_rmsnorm:8192"":12065}","{""all_reduce:32768"":62,""fused_allreduce_residual_rmsnorm:32768"":2945}"
decode,qwen3-30b-a3b,qwen3-30b-a3b,decode-tp2-b2-l2048-m128,decode-tp8-b8-l2048-m32,2,8,12319,3007,4.096774193548387,100917248,98533376,0.023622047244094488,False,True,False,1.0,2.0,"{""all_reduce:8192"":254,""fused_allreduce_residual_rmsnorm:8192"":12065}","{""all_reduce:32768"":62,""fused_allreduce_residual_rmsnorm:32768"":2945}"
decode,qwen3-30b-a3b,qwen3-30b-a3b,decode-tp2-b2-l2048-m128,decode-tp8-b8-l8192-m32,2,8,12319,3007,4.096774193548387,100917248,98533376,0.023622047244094488,False,True,False,1.0,2.0,"{""all_reduce:8192"":254,""fused_allreduce_residual_rmsnorm:8192"":12065}","{""all_reduce:32768"":62,""fused_allreduce_residual_rmsnorm:32768"":2945}"
decode,qwen3-30b-a3b,qwen3-30b-a3b,decode-tp2-b2-l8192-m128,decode-tp2-b8-l128-m32,2,2,12319,3007,4.096774193548387,100917248,98533376,0.023622047244094488,False,False,False,1.0,2.0,"{""all_reduce:8192"":254,""fused_allreduce_residual_rmsnorm:8192"":12065}","{""all_reduce:32768"":62,""fused_allreduce_residual_rmsnorm:32768"":2945}"
decode,qwen3-30b-a3b,qwen3-30b-a3b,decode-tp2-b2-l8192-m128,decode-tp2-b8-l2048-m32,2,2,12319,3007,4.096774193548387,100917248,98533376,0.023622047244094488,False,False,False,1.0,2.0,"{""all_reduce:8192"":254,""fused_allreduce_residual_rmsnorm:8192"":12065}","{""all_reduce:32768"":62,""fused_allreduce_residual_rmsnorm:32768"":2945}"
decode,qwen3-30b-a3b,qwen3-30b-a3b,decode-tp2-b2-l8192-m128,decode-tp2-b8-l8192-m32,2,2,12319,3007,4.096774193548387,100917248,98533376,0.023622047244094488,False,False,False,1.0,2.0,"{""all_reduce:8192"":254,""fused_allreduce_residual_rmsnorm:8192"":12065}","{""all_reduce:32768"":62,""fused_allreduce_residual_rmsnorm:32768"":2945}"
decode,qwen3-30b-a3b,qwen3-30b-a3b,decode-tp2-b2-l8192-m128,decode-tp4-b8-l128-m32,2,4,12319,3007,4.096774193548387,100917248,98533376,0.023622047244094488,False,True,False,1.0,2.0,"{""all_reduce:8192"":254,""fused_allreduce_residual_rmsnorm:8192"":12065}","{""all_reduce:32768"":62,""fused_allreduce_residual_rmsnorm:32768"":2945}"
decode,qwen3-30b-a3b,qwen3-30b-a3b,decode-tp2-b2-l8192-m128,decode-tp4-b8-l2048-m32,2,4,12319,3007,4.096774193548387,100917248,98533376,0.023622047244094488,False,True,False,1.0,2.0,"{""all_reduce:8192"":254,""fused_allreduce_residual_rmsnorm:8192"":12065}","{""all_reduce:32768"":62,""fused_allreduce_residual_rmsnorm:32768"":2945}"
decode,qwen3-30b-a3b,qwen3-30b-a3b,decode-tp2-b2-l8192-m128,decode-tp4-b8-l8192-m32,2,4,12319,3007,4.096774193548387,100917248,98533376,0.023622047244094488,False,True,False,1.0,2.0,"{""all_reduce:8192"":254,""fused_allreduce_residual_rmsnorm:8192"":12065}","{""all_reduce:32768"":62,""fused_allreduce_residual_rmsnorm:32768"":2945}"
decode,qwen3-30b-a3b,qwen3-30b-a3b,decode-tp2-b2-l8192-m128,decode-tp8-b8-l128-m32,2,8,12319,3007,4.096774193548387,100917248,98533376,0.023622047244094488,False,True,False,1.0,2.0,"{""all_reduce:8192"":254,""fused_allreduce_residual_rmsnorm:8192"":12065}","{""all_reduce:32768"":62,""fused_allreduce_residual_rmsnorm:32768"":2945}"
decode,qwen3-30b-a3b,qwen3-30b-a3b,decode-tp2-b2-l8192-m128,decode-tp8-b8-l2048-m32,2,8,12319,3007,4.096774193548387,100917248,98533376,0.023622047244094488,False,True,False,1.0,2.0,"{""all_reduce:8192"":254,""fused_allreduce_residual_rmsnorm:8192"":12065}","{""all_reduce:32768"":62,""fused_allreduce_residual_rmsnorm:32768"":2945}"
decode,qwen3-30b-a3b,qwen3-30b-a3b,decode-tp2-b2-l8192-m128,decode-tp8-b8-l8192-m32,2,8,12319,3007,4.096774193548387,100917248,98533376,0.023622047244094488,False,True,False,1.0,2.0,"{""all_reduce:8192"":254,""fused_allreduce_residual_rmsnorm:8192"":12065}","{""all_reduce:32768"":62,""fused_allreduce_residual_rmsnorm:32768"":2945}"
decode,qwen3-30b-a3b,qwen3-30b-a3b,decode-tp2-b4-l128-m32,decode-tp4-b1-l128-m128,2,4,3007,12319,4.096774193548387,49266688,50458624,0.023622047244094488,False,True,False,1.0,2.0,"{""all_reduce:16384"":62,""fused_allreduce_residual_rmsnorm:16384"":2945}","{""all_reduce:4096"":254,""fused_allreduce_residual_rmsnorm:4096"":12065}"
decode,qwen3-30b-a3b,qwen3-30b-a3b,decode-tp2-b4-l128-m32,decode-tp4-b1-l2048-m128,2,4,3007,12319,4.096774193548387,49266688,50458624,0.023622047244094488,False,True,False,1.0,2.0,"{""all_reduce:16384"":62,""fused_allreduce_residual_rmsnorm:16384"":2945}","{""all_reduce:4096"":254,""fused_allreduce_residual_rmsnorm:4096"":12065}"
decode,qwen3-30b-a3b,qwen3-30b-a3b,decode-tp2-b4-l128-m32,decode-tp4-b1-l8192-m128,2,4,3007,12319,4.096774193548387,49266688,50458624,0.023622047244094488,False,True,False,1.0,2.0,"{""all_reduce:16384"":62,""fused_allreduce_residual_rmsnorm:16384"":2945}","{""all_reduce:4096"":254,""fused_allreduce_residual_rmsnorm:4096"":12065}"
decode,qwen3-30b-a3b,qwen3-30b-a3b,decode-tp2-b4-l128-m32,decode-tp8-b1-l128-m128,2,8,3007,12319,4.096774193548387,49266688,50458624,0.023622047244094488,False,True,False,1.0,2.0,"{""all_reduce:16384"":62,""fused_allreduce_residual_rmsnorm:16384"":2945}","{""all_reduce:4096"":254,""fused_allreduce_residual_rmsnorm:4096"":12065}"
decode,qwen3-30b-a3b,qwen3-30b-a3b,decode-tp2-b4-l128-m32,decode-tp8-b1-l2048-m128,2,8,3007,12319,4.096774193548387,49266688,50458624,0.023622047244094488,False,True,False,1.0,2.0,"{""all_reduce:16384"":62,""fused_allreduce_residual_rmsnorm:16384"":2945}","{""all_reduce:4096"":254,""fused_allreduce_residual_rmsnorm:4096"":12065}"
decode,qwen3-30b-a3b,qwen3-30b-a3b,decode-tp2-b4-l128-m32,decode-tp8-b1-l8192-m128,2,8,3007,12319,4.096774193548387,49266688,50458624,0.023622047244094488,False,True,False,1.0,2.0,"{""all_reduce:16384"":62,""fused_allreduce_residual_rmsnorm:16384"":2945}","{""all_reduce:4096"":254,""fused_allreduce_residual_rmsnorm:4096"":12065}"
decode,qwen3-30b-a3b,qwen3-30b-a3b,decode-tp2-b4-l128-m128,decode-tp2-b16-l128-m32,2,2,12319,3007,4.096774193548387,201834496,197066752,0.023622047244094488,False,False,False,1.0,2.0,"{""all_reduce:16384"":254,""fused_allreduce_residual_rmsnorm:16384"":12065}","{""all_reduce:65536"":62,""fused_allreduce_residual_rmsnorm:65536"":2945}"
decode,qwen3-30b-a3b,qwen3-30b-a3b,decode-tp2-b4-l128-m128,decode-tp2-b16-l2048-m32,2,2,12319,3007,4.096774193548387,201834496,197066752,0.023622047244094488,False,False,False,1.0,2.0,"{""all_reduce:16384"":254,""fused_allreduce_residual_rmsnorm:16384"":12065}","{""all_reduce:65536"":62,""fused_allreduce_residual_rmsnorm:65536"":2945}"
decode,qwen3-30b-a3b,qwen3-30b-a3b,decode-tp2-b4-l128-m128,decode-tp2-b16-l8192-m32,2,2,12319,3007,4.096774193548387,201834496,197066752,0.023622047244094488,False,False,False,1.0,2.0,"{""all_reduce:16384"":254,""fused_allreduce_residual_rmsnorm:16384"":12065}","{""all_reduce:65536"":62,""fused_allreduce_residual_rmsnorm:65536"":2945}"
decode,qwen3-30b-a3b,qwen3-30b-a3b,decode-tp2-b4-l128-m128,decode-tp4-b16-l128-m32,2,4,12319,3007,4.096774193548387,201834496,197066752,0.023622047244094488,False,True,False,1.0,2.0,"{""all_reduce:16384"":254,""fused_allreduce_residual_rmsnorm:16384"":12065}","{""all_reduce:65536"":62,""fused_allreduce_residual_rmsnorm:65536"":2945}"
decode,qwen3-30b-a3b,qwen3-30b-a3b,decode-tp2-b4-l128-m128,decode-tp4-b16-l2048-m32,2,4,12319,3007,4.096774193548387,201834496,197066752,0.023622047244094488,False,True,False,1.0,2.0,"{""all_reduce:16384"":254,""fused_allreduce_residual_rmsnorm:16384"":12065}","{""all_reduce:65536"":62,""fused_allreduce_residual_rmsnorm:65536"":2945}"
decode,qwen3-30b-a3b,qwen3-30b-a3b,decode-tp2-b4-l128-m128,decode-tp4-b16-l8192-m32,2,4,12319,3007,4.096774193548387,201834496,197066752,0.023622047244094488,False,True,False,1.0,2.0,"{""all_reduce:16384"":254,""fused_allreduce_residual_rmsnorm:16384"":12065}","{""all_reduce:65536"":62,""fused_allreduce_residual_rmsnorm:65536"":2945}"
decode,qwen3-30b-a3b,qwen3-30b-a3b,decode-tp2-b4-l128-m128,decode-tp8-b16-l128-m32,2,8,12319,3007,4.096774193548387,201834496,197066752,0.023622047244094488,False,True,False,1.0,2.0,"{""all_reduce:16384"":254,""fused_allreduce_residual_rmsnorm:16384"":12065}","{""all_reduce:65536"":62,""fused_allreduce_residual_rmsnorm:65536"":2945}"
decode,qwen3-30b-a3b,qwen3-30b-a3b,decode-tp2-b4-l128-m128,decode-tp8-b16-l2048-m32,2,8,12319,3007,4.096774193548387,201834496,197066752,0.023622047244094488,False,True,False,1.0,2.0,"{""all_reduce:16384"":254,""fused_allreduce_residual_rmsnorm:16384"":12065}","{""all_reduce:65536"":62,""fused_allreduce_residual_rmsnorm:65536"":2945}"
decode,qwen3-30b-a3b,qwen3-30b-a3b,decode-tp2-b4-l128-m128,decode-tp8-b16-l8192-m32,2,8,12319,3007,4.096774193548387,201834496,197066752,0.023622047244094488,False,True,False,1.0,2.0,"{""all_reduce:16384"":254,""fused_allreduce_residual_rmsnorm:16384"":12065}","{""all_reduce:65536"":62,""fused_allreduce_residual_rmsnorm:65536"":2945}"
decode,qwen3-30b-a3b,qwen3-30b-a3b,decode-tp2-b4-l2048-m32,decode-tp4-b1-l128-m128,2,4,3007,12319,4.096774193548387,49266688,50458624,0.023622047244094488,False,True,False,1.0,2.0,"{""all_reduce:16384"":62,""fused_allreduce_residual_rmsnorm:16384"":2945}","{""all_reduce:4096"":254,""fused_allreduce_residual_rmsnorm:4096"":12065}"
decode,qwen3-30b-a3b,qwen3-30b-a3b,decode-tp2-b4-l2048-m32,decode-tp4-b1-l2048-m128,2,4,3007,12319,4.096774193548387,49266688,50458624,0.023622047244094488,False,True,False,1.0,2.0,"{""all_reduce:16384"":62,""fused_allreduce_residual_rmsnorm:16384"":2945}","{""all_reduce:4096"":254,""fused_allreduce_residual_rmsnorm:4096"":12065}"
decode,qwen3-30b-a3b,qwen3-30b-a3b,decode-tp2-b4-l2048-m32,decode-tp4-b1-l8192-m128,2,4,3007,12319,4.096774193548387,49266688,50458624,0.023622047244094488,False,True,False,1.0,2.0,"{""all_reduce:16384"":62,""fused_allreduce_residual_rmsnorm:16384"":2945}","{""all_reduce:4096"":254,""fused_allreduce_residual_rmsnorm:4096"":12065}"
decode,qwen3-30b-a3b,qwen3-30b-a3b,decode-tp2-b4-l2048-m32,decode-tp8-b1-l128-m128,2,8,3007,12319,4.096774193548387,49266688,50458624,0.023622047244094488,False,True,False,1.0,2.0,"{""all_reduce:16384"":62,""fused_allreduce_residual_rmsnorm:16384"":2945}","{""all_reduce:4096"":254,""fused_allreduce_residual_rmsnorm:4096"":12065}"
decode,qwen3-30b-a3b,qwen3-30b-a3b,decode-tp2-b4-l2048-m32,decode-tp8-b1-l2048-m128,2,8,3007,12319,4.096774193548387,49266688,50458624,0.023622047244094488,False,True,False,1.0,2.0,"{""all_reduce:16384"":62,""fused_allreduce_residual_rmsnorm:16384"":2945}","{""all_reduce:4096"":254,""fused_allreduce_residual_rmsnorm:4096"":12065}"
decode,qwen3-30b-a3b,qwen3-30b-a3b,decode-tp2-b4-l2048-m32,decode-tp8-b1-l8192-m128,2,8,3007,12319,4.096774193548387,49266688,50458624,0.023622047244094488,False,True,False,1.0,2.0,"{""all_reduce:16384"":62,""fused_allreduce_residual_rmsnorm:16384"":2945}","{""all_reduce:4096"":254,""fused_allreduce_residual_rmsnorm:4096"":12065}"
decode,qwen3-30b-a3b,qwen3-30b-a3b,decode-tp2-b4-l2048-m128,decode-tp2-b16-l128-m32,2,2,12319,3007,4.096774193548387,201834496,197066752,0.023622047244094488,False,False,False,1.0,2.0,"{""all_reduce:16384"":254,""fused_allreduce_residual_rmsnorm:16384"":12065}","{""all_reduce:65536"":62,""fused_allreduce_residual_rmsnorm:65536"":2945}"
decode,qwen3-30b-a3b,qwen3-30b-a3b,decode-tp2-b4-l2048-m128,decode-tp2-b16-l2048-m32,2,2,12319,3007,4.096774193548387,201834496,197066752,0.023622047244094488,False,False,False,1.0,2.0,"{""all_reduce:16384"":254,""fused_allreduce_residual_rmsnorm:16384"":12065}","{""all_reduce:65536"":62,""fused_allreduce_residual_rmsnorm:65536"":2945}"
decode,qwen3-30b-a3b,qwen3-30b-a3b,decode-tp2-b4-l2048-m128,decode-tp2-b16-l8192-m32,2,2,12319,3007,4.096774193548387,201834496,197066752,0.023622047244094488,False,False,False,1.0,2.0,"{""all_reduce:16384"":254,""fused_allreduce_residual_rmsnorm:16384"":12065}","{""all_reduce:65536"":62,""fused_allreduce_residual_rmsnorm:65536"":2945}"
decode,qwen3-30b-a3b,qwen3-30b-a3b,decode-tp2-b4-l2048-m128,decode-tp4-b16-l128-m32,2,4,12319,3007,4.096774193548387,201834496,197066752,0.023622047244094488,False,True,False,1.0,2.0,"{""all_reduce:16384"":254,""fused_allreduce_residual_rmsnorm:16384"":12065}","{""all_reduce:65536"":62,""fused_allreduce_residual_rmsnorm:65536"":2945}"
decode,qwen3-30b-a3b,qwen3-30b-a3b,decode-tp2-b4-l2048-m128,decode-tp4-b16-l2048-m32,2,4,12319,3007,4.096774193548387,201834496,197066752,0.023622047244094488,False,True,False,1.0,2.0,"{""all_reduce:16384"":254,""fused_allreduce_residual_rmsnorm:16384"":12065}","{""all_reduce:65536"":62,""fused_allreduce_residual_rmsnorm:65536"":2945}"
decode,qwen3-30b-a3b,qwen3-30b-a3b,decode-tp2-b4-l2048-m128,decode-tp4-b16-l8192-m32,2,4,12319,3007,4.096774193548387,201834496,197066752,0.023622047244094488,False,True,False,1.0,2.0,"{""all_reduce:16384"":254,""fused_allreduce_residual_rmsnorm:16384"":12065}","{""all_reduce:65536"":62,""fused_allreduce_residual_rmsnorm:65536"":2945}"
decode,qwen3-30b-a3b,qwen3-30b-a3b,decode-tp2-b4-l2048-m128,decode-tp8-b16-l128-m32,2,8,12319,3007,4.096774193548387,201834496,197066752,0.023622047244094488,False,True,False,1.0,2.0,"{""all_reduce:16384"":254,""fused_allreduce_residual_rmsnorm:16384"":12065}","{""all_reduce:65536"":62,""fused_allreduce_residual_rmsnorm:65536"":2945}"
decode,qwen3-30b-a3b,qwen3-30b-a3b,decode-tp2-b4-l2048-m128,decode-tp8-b16-l2048-m32,2,8,12319,3007,4.096774193548387,201834496,197066752,0.023622047244094488,False,True,False,1.0,2.0,"{""all_reduce:16384"":254,""fused_allreduce_residual_rmsnorm:16384"":12065}","{""all_reduce:65536"":62,""fused_allreduce_residual_rmsnorm:65536"":2945}"
decode,qwen3-30b-a3b,qwen3-30b-a3b,decode-tp2-b4-l2048-m128,decode-tp8-b16-l8192-m32,2,8,12319,3007,4.096774193548387,201834496,197066752,0.023622047244094488,False,True,False,1.0,2.0,"{""all_reduce:16384"":254,""fused_allreduce_residual_rmsnorm:16384"":12065}","{""all_reduce:65536"":62,""fused_allreduce_residual_rmsnorm:65536"":2945}"
decode,qwen3-30b-a3b,qwen3-30b-a3b,decode-tp2-b4-l8192-m32,decode-tp4-b1-l128-m128,2,4,3007,12319,4.096774193548387,49266688,50458624,0.023622047244094488,False,True,False,1.0,2.0,"{""all_reduce:16384"":62,""fused_allreduce_residual_rmsnorm:16384"":2945}","{""all_reduce:4096"":254,""fused_allreduce_residual_rmsnorm:4096"":12065}"
decode,qwen3-30b-a3b,qwen3-30b-a3b,decode-tp2-b4-l8192-m32,decode-tp4-b1-l2048-m128,2,4,3007,12319,4.096774193548387,49266688,50458624,0.023622047244094488,False,True,False,1.0,2.0,"{""all_reduce:16384"":62,""fused_allreduce_residual_rmsnorm:16384"":2945}","{""all_reduce:4096"":254,""fused_allreduce_residual_rmsnorm:4096"":12065}"
decode,qwen3-30b-a3b,qwen3-30b-a3b,decode-tp2-b4-l8192-m32,decode-tp4-b1-l8192-m128,2,4,3007,12319,4.096774193548387,49266688,50458624,0.023622047244094488,False,True,False,1.0,2.0,"{""all_reduce:16384"":62,""fused_allreduce_residual_rmsnorm:16384"":2945}","{""all_reduce:4096"":254,""fused_allreduce_residual_rmsnorm:4096"":12065}"
decode,qwen3-30b-a3b,qwen3-30b-a3b,decode-tp2-b4-l8192-m32,decode-tp8-b1-l128-m128,2,8,3007,12319,4.096774193548387,49266688,50458624,0.023622047244094488,False,True,False,1.0,2.0,"{""all_reduce:16384"":62,""fused_allreduce_residual_rmsnorm:16384"":2945}","{""all_reduce:4096"":254,""fused_allreduce_residual_rmsnorm:4096"":12065}"
decode,qwen3-30b-a3b,qwen3-30b-a3b,decode-tp2-b4-l8192-m32,decode-tp8-b1-l2048-m128,2,8,3007,12319,4.096774193548387,49266688,50458624,0.023622047244094488,False,True,False,1.0,2.0,"{""all_reduce:16384"":62,""fused_allreduce_residual_rmsnorm:16384"":2945}","{""all_reduce:4096"":254,""fused_allreduce_residual_rmsnorm:4096"":12065}"
decode,qwen3-30b-a3b,qwen3-30b-a3b,decode-tp2-b4-l8192-m32,decode-tp8-b1-l8192-m128,2,8,3007,12319,4.096774193548387,49266688,50458624,0.023622047244094488,False,True,False,1.0,2.0,"{""all_reduce:16384"":62,""fused_allreduce_residual_rmsnorm:16384"":2945}","{""all_reduce:4096"":254,""fused_allreduce_residual_rmsnorm:4096"":12065}"
decode,qwen3-30b-a3b,qwen3-30b-a3b,decode-tp2-b4-l8192-m128,decode-tp2-b16-l128-m32,2,2,12319,3007,4.096774193548387,201834496,197066752,0.023622047244094488,False,False,False,1.0,2.0,"{""all_reduce:16384"":254,""fused_allreduce_residual_rmsnorm:16384"":12065}","{""all_reduce:65536"":62,""fused_allreduce_residual_rmsnorm:65536"":2945}"
decode,qwen3-30b-a3b,qwen3-30b-a3b,decode-tp2-b4-l8192-m128,decode-tp2-b16-l2048-m32,2,2,12319,3007,4.096774193548387,201834496,197066752,0.023622047244094488,False,False,False,1.0,2.0,"{""all_reduce:16384"":254,""fused_allreduce_residual_rmsnorm:16384"":12065}","{""all_reduce:65536"":62,""fused_allreduce_residual_rmsnorm:65536"":2945}"
decode,qwen3-30b-a3b,qwen3-30b-a3b,decode-tp2-b4-l8192-m128,decode-tp2-b16-l8192-m32,2,2,12319,3007,4.096774193548387,201834496,197066752,0.023622047244094488,False,False,False,1.0,2.0,"{""all_reduce:16384"":254,""fused_allreduce_residual_rmsnorm:16384"":12065}","{""all_reduce:65536"":62,""fused_allreduce_residual_rmsnorm:65536"":2945}"
decode,qwen3-30b-a3b,qwen3-30b-a3b,decode-tp2-b4-l8192-m128,decode-tp4-b16-l128-m32,2,4,12319,3007,4.096774193548387,201834496,197066752,0.023622047244094488,False,True,False,1.0,2.0,"{""all_reduce:16384"":254,""fused_allreduce_residual_rmsnorm:16384"":12065}","{""all_reduce:65536"":62,""fused_allreduce_residual_rmsnorm:65536"":2945}"
decode,qwen3-30b-a3b,qwen3-30b-a3b,decode-tp2-b4-l8192-m128,decode-tp4-b16-l2048-m32,2,4,12319,3007,4.096774193548387,201834496,197066752,0.023622047244094488,False,True,False,1.0,2.0,"{""all_reduce:16384"":254,""fused_allreduce_residual_rmsnorm:16384"":12065}","{""all_reduce:65536"":62,""fused_allreduce_residual_rmsnorm:65536"":2945}"
decode,qwen3-30b-a3b,qwen3-30b-a3b,decode-tp2-b4-l8192-m128,decode-tp4-b16-l8192-m32,2,4,12319,3007,4.096774193548387,201834496,197066752,0.023622047244094488,False,True,False,1.0,2.0,"{""all_reduce:16384"":254,""fused_allreduce_residual_rmsnorm:16384"":12065}","{""all_reduce:65536"":62,""fused_allreduce_residual_rmsnorm:65536"":2945}"
decode,qwen3-30b-a3b,qwen3-30b-a3b,decode-tp2-b4-l8192-m128,decode-tp8-b16-l128-m32,2,8,12319,3007,4.096774193548387,201834496,197066752,0.023622047244094488,False,True,False,1.0,2.0,"{""all_reduce:16384"":254,""fused_allreduce_residual_rmsnorm:16384"":12065}","{""all_reduce:65536"":62,""fused_allreduce_residual_rmsnorm:65536"":2945}"
decode,qwen3-30b-a3b,qwen3-30b-a3b,decode-tp2-b4-l8192-m128,decode-tp8-b16-l2048-m32,2,8,12319,3007,4.096774193548387,201834496,197066752,0.023622047244094488,False,True,False,1.0,2.0,"{""all_reduce:16384"":254,""fused_allreduce_residual_rmsnorm:16384"":12065}","{""all_reduce:65536"":62,""fused_allreduce_residual_rmsnorm:65536"":2945}"
decode,qwen3-30b-a3b,qwen3-30b-a3b,decode-tp2-b4-l8192-m128,decode-tp8-b16-l8192-m32,2,8,12319,3007,4.096774193548387,201834496,197066752,0.023622047244094488,False,True,False,1.0,2.0,"{""all_reduce:16384"":254,""fused_allreduce_residual_rmsnorm:16384"":12065}","{""all_reduce:65536"":62,""fused_allreduce_residual_rmsnorm:65536"":2945}"
decode,qwen3-30b-a3b,qwen3-30b-a3b,decode-tp2-b8-l128-m32,decode-tp4-b2-l128-m128,2,4,3007,12319,4.096774193548387,98533376,100917248,0.023622047244094488,False,True,False,1.0,2.0,"{""all_reduce:32768"":62,""fused_allreduce_residual_rmsnorm:32768"":2945}","{""all_reduce:8192"":254,""fused_allreduce_residual_rmsnorm:8192"":12065}"
decode,qwen3-30b-a3b,qwen3-30b-a3b,decode-tp2-b8-l128-m32,decode-tp4-b2-l2048-m128,2,4,3007,12319,4.096774193548387,98533376,100917248,0.023622047244094488,False,True,False,1.0,2.0,"{""all_reduce:32768"":62,""fused_allreduce_residual_rmsnorm:32768"":2945}","{""all_reduce:8192"":254,""fused_allreduce_residual_rmsnorm:8192"":12065}"
decode,qwen3-30b-a3b,qwen3-30b-a3b,decode-tp2-b8-l128-m32,decode-tp4-b2-l8192-m128,2,4,3007,12319,4.096774193548387,98533376,100917248,0.023622047244094488,False,True,False,1.0,2.0,"{""all_reduce:32768"":62,""fused_allreduce_residual_rmsnorm:32768"":2945}","{""all_reduce:8192"":254,""fused_allreduce_residual_rmsnorm:8192"":12065}"
decode,qwen3-30b-a3b,qwen3-30b-a3b,decode-tp2-b8-l128-m32,decode-tp8-b2-l128-m128,2,8,3007,12319,4.096774193548387,98533376,100917248,0.023622047244094488,False,True,False,1.0,2.0,"{""all_reduce:32768"":62,""fused_allreduce_residual_rmsnorm:32768"":2945}","{""all_reduce:8192"":254,""fused_allreduce_residual_rmsnorm:8192"":12065}"
decode,qwen3-30b-a3b,qwen3-30b-a3b,decode-tp2-b8-l128-m32,decode-tp8-b2-l2048-m128,2,8,3007,12319,4.096774193548387,98533376,100917248,0.023622047244094488,False,True,False,1.0,2.0,"{""all_reduce:32768"":62,""fused_allreduce_residual_rmsnorm:32768"":2945}","{""all_reduce:8192"":254,""fused_allreduce_residual_rmsnorm:8192"":12065}"
decode,qwen3-30b-a3b,qwen3-30b-a3b,decode-tp2-b8-l128-m32,decode-tp8-b2-l8192-m128,2,8,3007,12319,4.096774193548387,98533376,100917248,0.023622047244094488,False,True,False,1.0,2.0,"{""all_reduce:32768"":62,""fused_allreduce_residual_rmsnorm:32768"":2945}","{""all_reduce:8192"":254,""fused_allreduce_residual_rmsnorm:8192"":12065}"
decode,qwen3-30b-a3b,qwen3-30b-a3b,decode-tp2-b8-l2048-m32,decode-tp4-b2-l128-m128,2,4,3007,12319,4.096774193548387,98533376,100917248,0.023622047244094488,False,True,False,1.0,2.0,"{""all_reduce:32768"":62,""fused_allreduce_residual_rmsnorm:32768"":2945}","{""all_reduce:8192"":254,""fused_allreduce_residual_rmsnorm:8192"":12065}"
decode,qwen3-30b-a3b,qwen3-30b-a3b,decode-tp2-b8-l2048-m32,decode-tp4-b2-l2048-m128,2,4,3007,12319,4.096774193548387,98533376,100917248,0.023622047244094488,False,True,False,1.0,2.0,"{""all_reduce:32768"":62,""fused_allreduce_residual_rmsnorm:32768"":2945}","{""all_reduce:8192"":254,""fused_allreduce_residual_rmsnorm:8192"":12065}"
decode,qwen3-30b-a3b,qwen3-30b-a3b,decode-tp2-b8-l2048-m32,decode-tp4-b2-l8192-m128,2,4,3007,12319,4.096774193548387,98533376,100917248,0.023622047244094488,False,True,False,1.0,2.0,"{""all_reduce:32768"":62,""fused_allreduce_residual_rmsnorm:32768"":2945}","{""all_reduce:8192"":254,""fused_allreduce_residual_rmsnorm:8192"":12065}"
decode,qwen3-30b-a3b,qwen3-30b-a3b,decode-tp2-b8-l2048-m32,decode-tp8-b2-l128-m128,2,8,3007,12319,4.096774193548387,98533376,100917248,0.023622047244094488,False,True,False,1.0,2.0,"{""all_reduce:32768"":62,""fused_allreduce_residual_rmsnorm:32768"":2945}","{""all_reduce:8192"":254,""fused_allreduce_residual_rmsnorm:8192"":12065}"
decode,qwen3-30b-a3b,qwen3-30b-a3b,decode-tp2-b8-l2048-m32,decode-tp8-b2-l2048-m128,2,8,3007,12319,4.096774193548387,98533376,100917248,0.023622047244094488,False,True,False,1.0,2.0,"{""all_reduce:32768"":62,""fused_allreduce_residual_rmsnorm:32768"":2945}","{""all_reduce:8192"":254,""fused_allreduce_residual_rmsnorm:8192"":12065}"
decode,qwen3-30b-a3b,qwen3-30b-a3b,decode-tp2-b8-l2048-m32,decode-tp8-b2-l8192-m128,2,8,3007,12319,4.096774193548387,98533376,100917248,0.023622047244094488,False,True,False,1.0,2.0,"{""all_reduce:32768"":62,""fused_allreduce_residual_rmsnorm:32768"":2945}","{""all_reduce:8192"":254,""fused_allreduce_residual_rmsnorm:8192"":12065}"
decode,qwen3-30b-a3b,qwen3-30b-a3b,decode-tp2-b8-l8192-m32,decode-tp4-b2-l128-m128,2,4,3007,12319,4.096774193548387,98533376,100917248,0.023622047244094488,False,True,False,1.0,2.0,"{""all_reduce:32768"":62,""fused_allreduce_residual_rmsnorm:32768"":2945}","{""all_reduce:8192"":254,""fused_allreduce_residual_rmsnorm:8192"":12065}"
decode,qwen3-30b-a3b,qwen3-30b-a3b,decode-tp2-b8-l8192-m32,decode-tp4-b2-l2048-m128,2,4,3007,12319,4.096774193548387,98533376,100917248,0.023622047244094488,False,True,False,1.0,2.0,"{""all_reduce:32768"":62,""fused_allreduce_residual_rmsnorm:32768"":2945}","{""all_reduce:8192"":254,""fused_allreduce_residual_rmsnorm:8192"":12065}"
decode,qwen3-30b-a3b,qwen3-30b-a3b,decode-tp2-b8-l8192-m32,decode-tp4-b2-l8192-m128,2,4,3007,12319,4.096774193548387,98533376,100917248,0.023622047244094488,False,True,False,1.0,2.0,"{""all_reduce:32768"":62,""fused_allreduce_residual_rmsnorm:32768"":2945}","{""all_reduce:8192"":254,""fused_allreduce_residual_rmsnorm:8192"":12065}"
decode,qwen3-30b-a3b,qwen3-30b-a3b,decode-tp2-b8-l8192-m32,decode-tp8-b2-l128-m128,2,8,3007,12319,4.096774193548387,98533376,100917248,0.023622047244094488,False,True,False,1.0,2.0,"{""all_reduce:32768"":62,""fused_allreduce_residual_rmsnorm:32768"":2945}","{""all_reduce:8192"":254,""fused_allreduce_residual_rmsnorm:8192"":12065}"
decode,qwen3-30b-a3b,qwen3-30b-a3b,decode-tp2-b8-l8192-m32,decode-tp8-b2-l2048-m128,2,8,3007,12319,4.096774193548387,98533376,100917248,0.023622047244094488,False,True,False,1.0,2.0,"{""all_reduce:32768"":62,""fused_allreduce_residual_rmsnorm:32768"":2945}","{""all_reduce:8192"":254,""fused_allreduce_residual_rmsnorm:8192"":12065}"
decode,qwen3-30b-a3b,qwen3-30b-a3b,decode-tp2-b8-l8192-m32,decode-tp8-b2-l8192-m128,2,8,3007,12319,4.096774193548387,98533376,100917248,0.023622047244094488,False,True,False,1.0,2.0,"{""all_reduce:32768"":62,""fused_allreduce_residual_rmsnorm:32768"":2945}","{""all_reduce:8192"":254,""fused_allreduce_residual_rmsnorm:8192"":12065}"
decode,qwen3-30b-a3b,qwen3-30b-a3b,decode-tp2-b16-l128-m32,decode-tp4-b4-l128-m128,2,4,3007,12319,4.096774193548387,197066752,201834496,0.023622047244094488,False,True,False,1.0,2.0,"{""all_reduce:65536"":62,""fused_allreduce_residual_rmsnorm:65536"":2945}","{""all_reduce:16384"":254,""fused_allreduce_residual_rmsnorm:16384"":12065}"
decode,qwen3-30b-a3b,qwen3-30b-a3b,decode-tp2-b16-l128-m32,decode-tp4-b4-l2048-m128,2,4,3007,12319,4.096774193548387,197066752,201834496,0.023622047244094488,False,True,False,1.0,2.0,"{""all_reduce:65536"":62,""fused_allreduce_residual_rmsnorm:65536"":2945}","{""all_reduce:16384"":254,""fused_allreduce_residual_rmsnorm:16384"":12065}"
decode,qwen3-30b-a3b,qwen3-30b-a3b,decode-tp2-b16-l128-m32,decode-tp4-b4-l8192-m128,2,4,3007,12319,4.096774193548387,197066752,201834496,0.023622047244094488,False,True,False,1.0,2.0,"{""all_reduce:65536"":62,""fused_allreduce_residual_rmsnorm:65536"":2945}","{""all_reduce:16384"":254,""fused_allreduce_residual_rmsnorm:16384"":12065}"
decode,qwen3-30b-a3b,qwen3-30b-a3b,decode-tp2-b16-l128-m32,decode-tp8-b4-l128-m128,2,8,3007,12319,4.096774193548387,197066752,201834496,0.023622047244094488,False,True,False,1.0,2.0,"{""all_reduce:65536"":62,""fused_allreduce_residual_rmsnorm:65536"":2945}","{""all_reduce:16384"":254,""fused_allreduce_residual_rmsnorm:16384"":12065}"
decode,qwen3-30b-a3b,qwen3-30b-a3b,decode-tp2-b16-l128-m32,decode-tp8-b4-l2048-m128,2,8,3007,12319,4.096774193548387,197066752,201834496,0.023622047244094488,False,True,False,1.0,2.0,"{""all_reduce:65536"":62,""fused_allreduce_residual_rmsnorm:65536"":2945}","{""all_reduce:16384"":254,""fused_allreduce_residual_rmsnorm:16384"":12065}"
decode,qwen3-30b-a3b,qwen3-30b-a3b,decode-tp2-b16-l128-m32,decode-tp8-b4-l8192-m128,2,8,3007,12319,4.096774193548387,197066752,201834496,0.023622047244094488,False,True,False,1.0,2.0,"{""all_reduce:65536"":62,""fused_allreduce_residual_rmsnorm:65536"":2945}","{""all_reduce:16384"":254,""fused_allreduce_residual_rmsnorm:16384"":12065}"
decode,qwen3-30b-a3b,qwen3-30b-a3b,decode-tp2-b16-l2048-m32,decode-tp4-b4-l128-m128,2,4,3007,12319,4.096774193548387,197066752,201834496,0.023622047244094488,False,True,False,1.0,2.0,"{""all_reduce:65536"":62,""fused_allreduce_residual_rmsnorm:65536"":2945}","{""all_reduce:16384"":254,""fused_allreduce_residual_rmsnorm:16384"":12065}"
decode,qwen3-30b-a3b,qwen3-30b-a3b,decode-tp2-b16-l2048-m32,decode-tp4-b4-l2048-m128,2,4,3007,12319,4.096774193548387,197066752,201834496,0.023622047244094488,False,True,False,1.0,2.0,"{""all_reduce:65536"":62,""fused_allreduce_residual_rmsnorm:65536"":2945}","{""all_reduce:16384"":254,""fused_allreduce_residual_rmsnorm:16384"":12065}"
decode,qwen3-30b-a3b,qwen3-30b-a3b,decode-tp2-b16-l2048-m32,decode-tp4-b4-l8192-m128,2,4,3007,12319,4.096774193548387,197066752,201834496,0.023622047244094488,False,True,False,1.0,2.0,"{""all_reduce:65536"":62,""fused_allreduce_residual_rmsnorm:65536"":2945}","{""all_reduce:16384"":254,""fused_allreduce_residual_rmsnorm:16384"":12065}"
decode,qwen3-30b-a3b,qwen3-30b-a3b,decode-tp2-b16-l2048-m32,decode-tp8-b4-l128-m128,2,8,3007,12319,4.096774193548387,197066752,201834496,0.023622047244094488,False,True,False,1.0,2.0,"{""all_reduce:65536"":62,""fused_allreduce_residual_rmsnorm:65536"":2945}","{""all_reduce:16384"":254,""fused_allreduce_residual_rmsnorm:16384"":12065}"
decode,qwen3-30b-a3b,qwen3-30b-a3b,decode-tp2-b16-l2048-m32,decode-tp8-b4-l2048-m128,2,8,3007,12319,4.096774193548387,197066752,201834496,0.023622047244094488,False,True,False,1.0,2.0,"{""all_reduce:65536"":62,""fused_allreduce_residual_rmsnorm:65536"":2945}","{""all_reduce:16384"":254,""fused_allreduce_residual_rmsnorm:16384"":12065}"
decode,qwen3-30b-a3b,qwen3-30b-a3b,decode-tp2-b16-l2048-m32,decode-tp8-b4-l8192-m128,2,8,3007,12319,4.096774193548387,197066752,201834496,0.023622047244094488,False,True,False,1.0,2.0,"{""all_reduce:65536"":62,""fused_allreduce_residual_rmsnorm:65536"":2945}","{""all_reduce:16384"":254,""fused_allreduce_residual_rmsnorm:16384"":12065}"
decode,qwen3-30b-a3b,qwen3-30b-a3b,decode-tp2-b16-l8192-m32,decode-tp4-b4-l128-m128,2,4,3007,12319,4.096774193548387,197066752,201834496,0.023622047244094488,False,True,False,1.0,2.0,"{""all_reduce:65536"":62,""fused_allreduce_residual_rmsnorm:65536"":2945}","{""all_reduce:16384"":254,""fused_allreduce_residual_rmsnorm:16384"":12065}"
decode,qwen3-30b-a3b,qwen3-30b-a3b,decode-tp2-b16-l8192-m32,decode-tp4-b4-l2048-m128,2,4,3007,12319,4.096774193548387,197066752,201834496,0.023622047244094488,False,True,False,1.0,2.0,"{""all_reduce:65536"":62,""fused_allreduce_residual_rmsnorm:65536"":2945}","{""all_reduce:16384"":254,""fused_allreduce_residual_rmsnorm:16384"":12065}"
decode,qwen3-30b-a3b,qwen3-30b-a3b,decode-tp2-b16-l8192-m32,decode-tp4-b4-l8192-m128,2,4,3007,12319,4.096774193548387,197066752,201834496,0.023622047244094488,False,True,False,1.0,2.0,"{""all_reduce:65536"":62,""fused_allreduce_residual_rmsnorm:65536"":2945}","{""all_reduce:16384"":254,""fused_allreduce_residual_rmsnorm:16384"":12065}"
decode,qwen3-30b-a3b,qwen3-30b-a3b,decode-tp2-b16-l8192-m32,decode-tp8-b4-l128-m128,2,8,3007,12319,4.096774193548387,197066752,201834496,0.023622047244094488,False,True,False,1.0,2.0,"{""all_reduce:65536"":62,""fused_allreduce_residual_rmsnorm:65536"":2945}","{""all_reduce:16384"":254,""fused_allreduce_residual_rmsnorm:16384"":12065}"
decode,qwen3-30b-a3b,qwen3-30b-a3b,decode-tp2-b16-l8192-m32,decode-tp8-b4-l2048-m128,2,8,3007,12319,4.096774193548387,197066752,201834496,0.023622047244094488,False,True,False,1.0,2.0,"{""all_reduce:65536"":62,""fused_allreduce_residual_rmsnorm:65536"":2945}","{""all_reduce:16384"":254,""fused_allreduce_residual_rmsnorm:16384"":12065}"
decode,qwen3-30b-a3b,qwen3-30b-a3b,decode-tp2-b16-l8192-m32,decode-tp8-b4-l8192-m128,2,8,3007,12319,4.096774193548387,197066752,201834496,0.023622047244094488,False,True,False,1.0,2.0,"{""all_reduce:65536"":62,""fused_allreduce_residual_rmsnorm:65536"":2945}","{""all_reduce:16384"":254,""fused_allreduce_residual_rmsnorm:16384"":12065}"
decode,qwen3-30b-a3b,qwen3-30b-a3b,decode-tp4-b1-l128-m128,decode-tp4-b4-l128-m32,4,4,12319,3007,4.096774193548387,50458624,49266688,0.023622047244094488,False,False,False,1.0,2.0,"{""all_reduce:4096"":254,""fused_allreduce_residual_rmsnorm:4096"":12065}","{""all_reduce:16384"":62,""fused_allreduce_residual_rmsnorm:16384"":2945}"
decode,qwen3-30b-a3b,qwen3-30b-a3b,decode-tp4-b1-l128-m128,decode-tp4-b4-l2048-m32,4,4,12319,3007,4.096774193548387,50458624,49266688,0.023622047244094488,False,False,False,1.0,2.0,"{""all_reduce:4096"":254,""fused_allreduce_residual_rmsnorm:4096"":12065}","{""all_reduce:16384"":62,""fused_allreduce_residual_rmsnorm:16384"":2945}"
decode,qwen3-30b-a3b,qwen3-30b-a3b,decode-tp4-b1-l128-m128,decode-tp4-b4-l8192-m32,4,4,12319,3007,4.096774193548387,50458624,49266688,0.023622047244094488,False,False,False,1.0,2.0,"{""all_reduce:4096"":254,""fused_allreduce_residual_rmsnorm:4096"":12065}","{""all_reduce:16384"":62,""fused_allreduce_residual_rmsnorm:16384"":2945}"
decode,qwen3-30b-a3b,qwen3-30b-a3b,decode-tp4-b1-l128-m128,decode-tp8-b4-l128-m32,4,8,12319,3007,4.096774193548387,50458624,49266688,0.023622047244094488,False,True,False,1.0,2.0,"{""all_reduce:4096"":254,""fused_allreduce_residual_rmsnorm:4096"":12065}","{""all_reduce:16384"":62,""fused_allreduce_residual_rmsnorm:16384"":2945}"
decode,qwen3-30b-a3b,qwen3-30b-a3b,decode-tp4-b1-l128-m128,decode-tp8-b4-l2048-m32,4,8,12319,3007,4.096774193548387,50458624,49266688,0.023622047244094488,False,True,False,1.0,2.0,"{""all_reduce:4096"":254,""fused_allreduce_residual_rmsnorm:4096"":12065}","{""all_reduce:16384"":62,""fused_allreduce_residual_rmsnorm:16384"":2945}"
decode,qwen3-30b-a3b,qwen3-30b-a3b,decode-tp4-b1-l128-m128,decode-tp8-b4-l8192-m32,4,8,12319,3007,4.096774193548387,50458624,49266688,0.023622047244094488,False,True,False,1.0,2.0,"{""all_reduce:4096"":254,""fused_allreduce_residual_rmsnorm:4096"":12065}","{""all_reduce:16384"":62,""fused_allreduce_residual_rmsnorm:16384"":2945}"
decode,qwen3-30b-a3b,qwen3-30b-a3b,decode-tp4-b1-l2048-m128,decode-tp4-b4-l128-m32,4,4,12319,3007,4.096774193548387,50458624,49266688,0.023622047244094488,False,False,False,1.0,2.0,"{""all_reduce:4096"":254,""fused_allreduce_residual_rmsnorm:4096"":12065}","{""all_reduce:16384"":62,""fused_allreduce_residual_rmsnorm:16384"":2945}"
decode,qwen3-30b-a3b,qwen3-30b-a3b,decode-tp4-b1-l2048-m128,decode-tp4-b4-l2048-m32,4,4,12319,3007,4.096774193548387,50458624,49266688,0.023622047244094488,False,False,False,1.0,2.0,"{""all_reduce:4096"":254,""fused_allreduce_residual_rmsnorm:4096"":12065}","{""all_reduce:16384"":62,""fused_allreduce_residual_rmsnorm:16384"":2945}"
decode,qwen3-30b-a3b,qwen3-30b-a3b,decode-tp4-b1-l2048-m128,decode-tp4-b4-l8192-m32,4,4,12319,3007,4.096774193548387,50458624,49266688,0.023622047244094488,False,False,False,1.0,2.0,"{""all_reduce:4096"":254,""fused_allreduce_residual_rmsnorm:4096"":12065}","{""all_reduce:16384"":62,""fused_allreduce_residual_rmsnorm:16384"":2945}"
decode,qwen3-30b-a3b,qwen3-30b-a3b,decode-tp4-b1-l2048-m128,decode-tp8-b4-l128-m32,4,8,12319,3007,4.096774193548387,50458624,49266688,0.023622047244094488,False,True,False,1.0,2.0,"{""all_reduce:4096"":254,""fused_allreduce_residual_rmsnorm:4096"":12065}","{""all_reduce:16384"":62,""fused_allreduce_residual_rmsnorm:16384"":2945}"
decode,qwen3-30b-a3b,qwen3-30b-a3b,decode-tp4-b1-l2048-m128,decode-tp8-b4-l2048-m32,4,8,12319,3007,4.096774193548387,50458624,49266688,0.023622047244094488,False,True,False,1.0,2.0,"{""all_reduce:4096"":254,""fused_allreduce_residual_rmsnorm:4096"":12065}","{""all_reduce:16384"":62,""fused_allreduce_residual_rmsnorm:16384"":2945}"
decode,qwen3-30b-a3b,qwen3-30b-a3b,decode-tp4-b1-l2048-m128,decode-tp8-b4-l8192-m32,4,8,12319,3007,4.096774193548387,50458624,49266688,0.023622047244094488,False,True,False,1.0,2.0,"{""all_reduce:4096"":254,""fused_allreduce_residual_rmsnorm:4096"":12065}","{""all_reduce:16384"":62,""fused_allreduce_residual_rmsnorm:16384"":2945}"
decode,qwen3-30b-a3b,qwen3-30b-a3b,decode-tp4-b1-l8192-m128,decode-tp4-b4-l128-m32,4,4,12319,3007,4.096774193548387,50458624,49266688,0.023622047244094488,False,False,False,1.0,2.0,"{""all_reduce:4096"":254,""fused_allreduce_residual_rmsnorm:4096"":12065}","{""all_reduce:16384"":62,""fused_allreduce_residual_rmsnorm:16384"":2945}"
decode,qwen3-30b-a3b,qwen3-30b-a3b,decode-tp4-b1-l8192-m128,decode-tp4-b4-l2048-m32,4,4,12319,3007,4.096774193548387,50458624,49266688,0.023622047244094488,False,False,False,1.0,2.0,"{""all_reduce:4096"":254,""fused_allreduce_residual_rmsnorm:4096"":12065}","{""all_reduce:16384"":62,""fused_allreduce_residual_rmsnorm:16384"":2945}"
decode,qwen3-30b-a3b,qwen3-30b-a3b,decode-tp4-b1-l8192-m128,decode-tp4-b4-l8192-m32,4,4,12319,3007,4.096774193548387,50458624,49266688,0.023622047244094488,False,False,False,1.0,2.0,"{""all_reduce:4096"":254,""fused_allreduce_residual_rmsnorm:4096"":12065}","{""all_reduce:16384"":62,""fused_allreduce_residual_rmsnorm:16384"":2945}"
decode,qwen3-30b-a3b,qwen3-30b-a3b,decode-tp4-b1-l8192-m128,decode-tp8-b4-l128-m32,4,8,12319,3007,4.096774193548387,50458624,49266688,0.023622047244094488,False,True,False,1.0,2.0,"{""all_reduce:4096"":254,""fused_allreduce_residual_rmsnorm:4096"":12065}","{""all_reduce:16384"":62,""fused_allreduce_residual_rmsnorm:16384"":2945}"
decode,qwen3-30b-a3b,qwen3-30b-a3b,decode-tp4-b1-l8192-m128,decode-tp8-b4-l2048-m32,4,8,12319,3007,4.096774193548387,50458624,49266688,0.023622047244094488,False,True,False,1.0,2.0,"{""all_reduce:4096"":254,""fused_allreduce_residual_rmsnorm:4096"":12065}","{""all_reduce:16384"":62,""fused_allreduce_residual_rmsnorm:16384"":2945}"
decode,qwen3-30b-a3b,qwen3-30b-a3b,decode-tp4-b1-l8192-m128,decode-tp8-b4-l8192-m32,4,8,12319,3007,4.096774193548387,50458624,49266688,0.023622047244094488,False,True,False,1.0,2.0,"{""all_reduce:4096"":254,""fused_allreduce_residual_rmsnorm:4096"":12065}","{""all_reduce:16384"":62,""fused_allreduce_residual_rmsnorm:16384"":2945}"
decode,qwen3-30b-a3b,qwen3-30b-a3b,decode-tp4-b2-l128-m128,decode-tp4-b8-l128-m32,4,4,12319,3007,4.096774193548387,100917248,98533376,0.023622047244094488,False,False,False,1.0,2.0,"{""all_reduce:8192"":254,""fused_allreduce_residual_rmsnorm:8192"":12065}","{""all_reduce:32768"":62,""fused_allreduce_residual_rmsnorm:32768"":2945}"
decode,qwen3-30b-a3b,qwen3-30b-a3b,decode-tp4-b2-l128-m128,decode-tp4-b8-l2048-m32,4,4,12319,3007,4.096774193548387,100917248,98533376,0.023622047244094488,False,False,False,1.0,2.0,"{""all_reduce:8192"":254,""fused_allreduce_residual_rmsnorm:8192"":12065}","{""all_reduce:32768"":62,""fused_allreduce_residual_rmsnorm:32768"":2945}"
decode,qwen3-30b-a3b,qwen3-30b-a3b,decode-tp4-b2-l128-m128,decode-tp4-b8-l8192-m32,4,4,12319,3007,4.096774193548387,100917248,98533376,0.023622047244094488,False,False,False,1.0,2.0,"{""all_reduce:8192"":254,""fused_allreduce_residual_rmsnorm:8192"":12065}","{""all_reduce:32768"":62,""fused_allreduce_residual_rmsnorm:32768"":2945}"
decode,qwen3-30b-a3b,qwen3-30b-a3b,decode-tp4-b2-l128-m128,decode-tp8-b8-l128-m32,4,8,12319,3007,4.096774193548387,100917248,98533376,0.023622047244094488,False,True,False,1.0,2.0,"{""all_reduce:8192"":254,""fused_allreduce_residual_rmsnorm:8192"":12065}","{""all_reduce:32768"":62,""fused_allreduce_residual_rmsnorm:32768"":2945}"
decode,qwen3-30b-a3b,qwen3-30b-a3b,decode-tp4-b2-l128-m128,decode-tp8-b8-l2048-m32,4,8,12319,3007,4.096774193548387,100917248,98533376,0.023622047244094488,False,True,False,1.0,2.0,"{""all_reduce:8192"":254,""fused_allreduce_residual_rmsnorm:8192"":12065}","{""all_reduce:32768"":62,""fused_allreduce_residual_rmsnorm:32768"":2945}"
decode,qwen3-30b-a3b,qwen3-30b-a3b,decode-tp4-b2-l128-m128,decode-tp8-b8-l8192-m32,4,8,12319,3007,4.096774193548387,100917248,98533376,0.023622047244094488,False,True,False,1.0,2.0,"{""all_reduce:8192"":254,""fused_allreduce_residual_rmsnorm:8192"":12065}","{""all_reduce:32768"":62,""fused_allreduce_residual_rmsnorm:32768"":2945}"
decode,qwen3-30b-a3b,qwen3-30b-a3b,decode-tp4-b2-l2048-m128,decode-tp4-b8-l128-m32,4,4,12319,3007,4.096774193548387,100917248,98533376,0.023622047244094488,False,False,False,1.0,2.0,"{""all_reduce:8192"":254,""fused_allreduce_residual_rmsnorm:8192"":12065}","{""all_reduce:32768"":62,""fused_allreduce_residual_rmsnorm:32768"":2945}"
decode,qwen3-30b-a3b,qwen3-30b-a3b,decode-tp4-b2-l2048-m128,decode-tp4-b8-l2048-m32,4,4,12319,3007,4.096774193548387,100917248,98533376,0.023622047244094488,False,False,False,1.0,2.0,"{""all_reduce:8192"":254,""fused_allreduce_residual_rmsnorm:8192"":12065}","{""all_reduce:32768"":62,""fused_allreduce_residual_rmsnorm:32768"":2945}"
decode,qwen3-30b-a3b,qwen3-30b-a3b,decode-tp4-b2-l2048-m128,decode-tp4-b8-l8192-m32,4,4,12319,3007,4.096774193548387,100917248,98533376,0.023622047244094488,False,False,False,1.0,2.0,"{""all_reduce:8192"":254,""fused_allreduce_residual_rmsnorm:8192"":12065}","{""all_reduce:32768"":62,""fused_allreduce_residual_rmsnorm:32768"":2945}"
decode,qwen3-30b-a3b,qwen3-30b-a3b,decode-tp4-b2-l2048-m128,decode-tp8-b8-l128-m32,4,8,12319,3007,4.096774193548387,100917248,98533376,0.023622047244094488,False,True,False,1.0,2.0,"{""all_reduce:8192"":254,""fused_allreduce_residual_rmsnorm:8192"":12065}","{""all_reduce:32768"":62,""fused_allreduce_residual_rmsnorm:32768"":2945}"
decode,qwen3-30b-a3b,qwen3-30b-a3b,decode-tp4-b2-l2048-m128,decode-tp8-b8-l2048-m32,4,8,12319,3007,4.096774193548387,100917248,98533376,0.023622047244094488,False,True,False,1.0,2.0,"{""all_reduce:8192"":254,""fused_allreduce_residual_rmsnorm:8192"":12065}","{""all_reduce:32768"":62,""fused_allreduce_residual_rmsnorm:32768"":2945}"
decode,qwen3-30b-a3b,qwen3-30b-a3b,decode-tp4-b2-l2048-m128,decode-tp8-b8-l8192-m32,4,8,12319,3007,4.096774193548387,100917248,98533376,0.023622047244094488,False,True,False,1.0,2.0,"{""all_reduce:8192"":254,""fused_allreduce_residual_rmsnorm:8192"":12065}","{""all_reduce:32768"":62,""fused_allreduce_residual_rmsnorm:32768"":2945}"
decode,qwen3-30b-a3b,qwen3-30b-a3b,decode-tp4-b2-l8192-m128,decode-tp4-b8-l128-m32,4,4,12319,3007,4.096774193548387,100917248,98533376,0.023622047244094488,False,False,False,1.0,2.0,"{""all_reduce:8192"":254,""fused_allreduce_residual_rmsnorm:8192"":12065}","{""all_reduce:32768"":62,""fused_allreduce_residual_rmsnorm:32768"":2945}"
decode,qwen3-30b-a3b,qwen3-30b-a3b,decode-tp4-b2-l8192-m128,decode-tp4-b8-l2048-m32,4,4,12319,3007,4.096774193548387,100917248,98533376,0.023622047244094488,False,False,False,1.0,2.0,"{""all_reduce:8192"":254,""fused_allreduce_residual_rmsnorm:8192"":12065}","{""all_reduce:32768"":62,""fused_allreduce_residual_rmsnorm:32768"":2945}"
decode,qwen3-30b-a3b,qwen3-30b-a3b,decode-tp4-b2-l8192-m128,decode-tp4-b8-l8192-m32,4,4,12319,3007,4.096774193548387,100917248,98533376,0.023622047244094488,False,False,False,1.0,2.0,"{""all_reduce:8192"":254,""fused_allreduce_residual_rmsnorm:8192"":12065}","{""all_reduce:32768"":62,""fused_allreduce_residual_rmsnorm:32768"":2945}"
decode,qwen3-30b-a3b,qwen3-30b-a3b,decode-tp4-b2-l8192-m128,decode-tp8-b8-l128-m32,4,8,12319,3007,4.096774193548387,100917248,98533376,0.023622047244094488,False,True,False,1.0,2.0,"{""all_reduce:8192"":254,""fused_allreduce_residual_rmsnorm:8192"":12065}","{""all_reduce:32768"":62,""fused_allreduce_residual_rmsnorm:32768"":2945}"
decode,qwen3-30b-a3b,qwen3-30b-a3b,decode-tp4-b2-l8192-m128,decode-tp8-b8-l2048-m32,4,8,12319,3007,4.096774193548387,100917248,98533376,0.023622047244094488,False,True,False,1.0,2.0,"{""all_reduce:8192"":254,""fused_allreduce_residual_rmsnorm:8192"":12065}","{""all_reduce:32768"":62,""fused_allreduce_residual_rmsnorm:32768"":2945}"
decode,qwen3-30b-a3b,qwen3-30b-a3b,decode-tp4-b2-l8192-m128,decode-tp8-b8-l8192-m32,4,8,12319,3007,4.096774193548387,100917248,98533376,0.023622047244094488,False,True,False,1.0,2.0,"{""all_reduce:8192"":254,""fused_allreduce_residual_rmsnorm:8192"":12065}","{""all_reduce:32768"":62,""fused_allreduce_residual_rmsnorm:32768"":2945}"
decode,qwen3-30b-a3b,qwen3-30b-a3b,decode-tp4-b4-l128-m32,decode-tp8-b1-l128-m128,4,8,3007,12319,4.096774193548387,49266688,50458624,0.023622047244094488,False,True,False,1.0,2.0,"{""all_reduce:16384"":62,""fused_allreduce_residual_rmsnorm:16384"":2945}","{""all_reduce:4096"":254,""fused_allreduce_residual_rmsnorm:4096"":12065}"
decode,qwen3-30b-a3b,qwen3-30b-a3b,decode-tp4-b4-l128-m32,decode-tp8-b1-l2048-m128,4,8,3007,12319,4.096774193548387,49266688,50458624,0.023622047244094488,False,True,False,1.0,2.0,"{""all_reduce:16384"":62,""fused_allreduce_residual_rmsnorm:16384"":2945}","{""all_reduce:4096"":254,""fused_allreduce_residual_rmsnorm:4096"":12065}"
decode,qwen3-30b-a3b,qwen3-30b-a3b,decode-tp4-b4-l128-m32,decode-tp8-b1-l8192-m128,4,8,3007,12319,4.096774193548387,49266688,50458624,0.023622047244094488,False,True,False,1.0,2.0,"{""all_reduce:16384"":62,""fused_allreduce_residual_rmsnorm:16384"":2945}","{""all_reduce:4096"":254,""fused_allreduce_residual_rmsnorm:4096"":12065}"
decode,qwen3-30b-a3b,qwen3-30b-a3b,decode-tp4-b4-l128-m128,decode-tp4-b16-l128-m32,4,4,12319,3007,4.096774193548387,201834496,197066752,0.023622047244094488,False,False,False,1.0,2.0,"{""all_reduce:16384"":254,""fused_allreduce_residual_rmsnorm:16384"":12065}","{""all_reduce:65536"":62,""fused_allreduce_residual_rmsnorm:65536"":2945}"
decode,qwen3-30b-a3b,qwen3-30b-a3b,decode-tp4-b4-l128-m128,decode-tp4-b16-l2048-m32,4,4,12319,3007,4.096774193548387,201834496,197066752,0.023622047244094488,False,False,False,1.0,2.0,"{""all_reduce:16384"":254,""fused_allreduce_residual_rmsnorm:16384"":12065}","{""all_reduce:65536"":62,""fused_allreduce_residual_rmsnorm:65536"":2945}"
decode,qwen3-30b-a3b,qwen3-30b-a3b,decode-tp4-b4-l128-m128,decode-tp4-b16-l8192-m32,4,4,12319,3007,4.096774193548387,201834496,197066752,0.023622047244094488,False,False,False,1.0,2.0,"{""all_reduce:16384"":254,""fused_allreduce_residual_rmsnorm:16384"":12065}","{""all_reduce:65536"":62,""fused_allreduce_residual_rmsnorm:65536"":2945}"
decode,qwen3-30b-a3b,qwen3-30b-a3b,decode-tp4-b4-l128-m128,decode-tp8-b16-l128-m32,4,8,12319,3007,4.096774193548387,201834496,197066752,0.023622047244094488,False,True,False,1.0,2.0,"{""all_reduce:16384"":254,""fused_allreduce_residual_rmsnorm:16384"":12065}","{""all_reduce:65536"":62,""fused_allreduce_residual_rmsnorm:65536"":2945}"
decode,qwen3-30b-a3b,qwen3-30b-a3b,decode-tp4-b4-l128-m128,decode-tp8-b16-l2048-m32,4,8,12319,3007,4.096774193548387,201834496,197066752,0.023622047244094488,False,True,False,1.0,2.0,"{""all_reduce:16384"":254,""fused_allreduce_residual_rmsnorm:16384"":12065}","{""all_reduce:65536"":62,""fused_allreduce_residual_rmsnorm:65536"":2945}"
decode,qwen3-30b-a3b,qwen3-30b-a3b,decode-tp4-b4-l128-m128,decode-tp8-b16-l8192-m32,4,8,12319,3007,4.096774193548387,201834496,197066752,0.023622047244094488,False,True,False,1.0,2.0,"{""all_reduce:16384"":254,""fused_allreduce_residual_rmsnorm:16384"":12065}","{""all_reduce:65536"":62,""fused_allreduce_residual_rmsnorm:65536"":2945}"
decode,qwen3-30b-a3b,qwen3-30b-a3b,decode-tp4-b4-l2048-m32,decode-tp8-b1-l128-m128,4,8,3007,12319,4.096774193548387,49266688,50458624,0.023622047244094488,False,True,False,1.0,2.0,"{""all_reduce:16384"":62,""fused_allreduce_residual_rmsnorm:16384"":2945}","{""all_reduce:4096"":254,""fused_allreduce_residual_rmsnorm:4096"":12065}"
decode,qwen3-30b-a3b,qwen3-30b-a3b,decode-tp4-b4-l2048-m32,decode-tp8-b1-l2048-m128,4,8,3007,12319,4.096774193548387,49266688,50458624,0.023622047244094488,False,True,False,1.0,2.0,"{""all_reduce:16384"":62,""fused_allreduce_residual_rmsnorm:16384"":2945}","{""all_reduce:4096"":254,""fused_allreduce_residual_rmsnorm:4096"":12065}"
decode,qwen3-30b-a3b,qwen3-30b-a3b,decode-tp4-b4-l2048-m32,decode-tp8-b1-l8192-m128,4,8,3007,12319,4.096774193548387,49266688,50458624,0.023622047244094488,False,True,False,1.0,2.0,"{""all_reduce:16384"":62,""fused_allreduce_residual_rmsnorm:16384"":2945}","{""all_reduce:4096"":254,""fused_allreduce_residual_rmsnorm:4096"":12065}"
decode,qwen3-30b-a3b,qwen3-30b-a3b,decode-tp4-b4-l2048-m128,decode-tp4-b16-l128-m32,4,4,12319,3007,4.096774193548387,201834496,197066752,0.023622047244094488,False,False,False,1.0,2.0,"{""all_reduce:16384"":254,""fused_allreduce_residual_rmsnorm:16384"":12065}","{""all_reduce:65536"":62,""fused_allreduce_residual_rmsnorm:65536"":2945}"
decode,qwen3-30b-a3b,qwen3-30b-a3b,decode-tp4-b4-l2048-m128,decode-tp4-b16-l2048-m32,4,4,12319,3007,4.096774193548387,201834496,197066752,0.023622047244094488,False,False,False,1.0,2.0,"{""all_reduce:16384"":254,""fused_allreduce_residual_rmsnorm:16384"":12065}","{""all_reduce:65536"":62,""fused_allreduce_residual_rmsnorm:65536"":2945}"
decode,qwen3-30b-a3b,qwen3-30b-a3b,decode-tp4-b4-l2048-m128,decode-tp4-b16-l8192-m32,4,4,12319,3007,4.096774193548387,201834496,197066752,0.023622047244094488,False,False,False,1.0,2.0,"{""all_reduce:16384"":254,""fused_allreduce_residual_rmsnorm:16384"":12065}","{""all_reduce:65536"":62,""fused_allreduce_residual_rmsnorm:65536"":2945}"
decode,qwen3-30b-a3b,qwen3-30b-a3b,decode-tp4-b4-l2048-m128,decode-tp8-b16-l128-m32,4,8,12319,3007,4.096774193548387,201834496,197066752,0.023622047244094488,False,True,False,1.0,2.0,"{""all_reduce:16384"":254,""fused_allreduce_residual_rmsnorm:16384"":12065}","{""all_reduce:65536"":62,""fused_allreduce_residual_rmsnorm:65536"":2945}"
decode,qwen3-30b-a3b,qwen3-30b-a3b,decode-tp4-b4-l2048-m128,decode-tp8-b16-l2048-m32,4,8,12319,3007,4.096774193548387,201834496,197066752,0.023622047244094488,False,True,False,1.0,2.0,"{""all_reduce:16384"":254,""fused_allreduce_residual_rmsnorm:16384"":12065}","{""all_reduce:65536"":62,""fused_allreduce_residual_rmsnorm:65536"":2945}"
decode,qwen3-30b-a3b,qwen3-30b-a3b,decode-tp4-b4-l2048-m128,decode-tp8-b16-l8192-m32,4,8,12319,3007,4.096774193548387,201834496,197066752,0.023622047244094488,False,True,False,1.0,2.0,"{""all_reduce:16384"":254,""fused_allreduce_residual_rmsnorm:16384"":12065}","{""all_reduce:65536"":62,""fused_allreduce_residual_rmsnorm:65536"":2945}"
decode,qwen3-30b-a3b,qwen3-30b-a3b,decode-tp4-b4-l8192-m32,decode-tp8-b1-l128-m128,4,8,3007,12319,4.096774193548387,49266688,50458624,0.023622047244094488,False,True,False,1.0,2.0,"{""all_reduce:16384"":62,""fused_allreduce_residual_rmsnorm:16384"":2945}","{""all_reduce:4096"":254,""fused_allreduce_residual_rmsnorm:4096"":12065}"
decode,qwen3-30b-a3b,qwen3-30b-a3b,decode-tp4-b4-l8192-m32,decode-tp8-b1-l2048-m128,4,8,3007,12319,4.096774193548387,49266688,50458624,0.023622047244094488,False,True,False,1.0,2.0,"{""all_reduce:16384"":62,""fused_allreduce_residual_rmsnorm:16384"":2945}","{""all_reduce:4096"":254,""fused_allreduce_residual_rmsnorm:4096"":12065}"
decode,qwen3-30b-a3b,qwen3-30b-a3b,decode-tp4-b4-l8192-m32,decode-tp8-b1-l8192-m128,4,8,3007,12319,4.096774193548387,49266688,50458624,0.023622047244094488,False,True,False,1.0,2.0,"{""all_reduce:16384"":62,""fused_allreduce_residual_rmsnorm:16384"":2945}","{""all_reduce:4096"":254,""fused_allreduce_residual_rmsnorm:4096"":12065}"
decode,qwen3-30b-a3b,qwen3-30b-a3b,decode-tp4-b4-l8192-m128,decode-tp4-b16-l128-m32,4,4,12319,3007,4.096774193548387,201834496,197066752,0.023622047244094488,False,False,False,1.0,2.0,"{""all_reduce:16384"":254,""fused_allreduce_residual_rmsnorm:16384"":12065}","{""all_reduce:65536"":62,""fused_allreduce_residual_rmsnorm:65536"":2945}"
decode,qwen3-30b-a3b,qwen3-30b-a3b,decode-tp4-b4-l8192-m128,decode-tp4-b16-l2048-m32,4,4,12319,3007,4.096774193548387,201834496,197066752,0.023622047244094488,False,False,False,1.0,2.0,"{""all_reduce:16384"":254,""fused_allreduce_residual_rmsnorm:16384"":12065}","{""all_reduce:65536"":62,""fused_allreduce_residual_rmsnorm:65536"":2945}"
decode,qwen3-30b-a3b,qwen3-30b-a3b,decode-tp4-b4-l8192-m128,decode-tp4-b16-l8192-m32,4,4,12319,3007,4.096774193548387,201834496,197066752,0.023622047244094488,False,False,False,1.0,2.0,"{""all_reduce:16384"":254,""fused_allreduce_residual_rmsnorm:16384"":12065}","{""all_reduce:65536"":62,""fused_allreduce_residual_rmsnorm:65536"":2945}"
decode,qwen3-30b-a3b,qwen3-30b-a3b,decode-tp4-b4-l8192-m128,decode-tp8-b16-l128-m32,4,8,12319,3007,4.096774193548387,201834496,197066752,0.023622047244094488,False,True,False,1.0,2.0,"{""all_reduce:16384"":254,""fused_allreduce_residual_rmsnorm:16384"":12065}","{""all_reduce:65536"":62,""fused_allreduce_residual_rmsnorm:65536"":2945}"
decode,qwen3-30b-a3b,qwen3-30b-a3b,decode-tp4-b4-l8192-m128,decode-tp8-b16-l2048-m32,4,8,12319,3007,4.096774193548387,201834496,197066752,0.023622047244094488,False,True,False,1.0,2.0,"{""all_reduce:16384"":254,""fused_allreduce_residual_rmsnorm:16384"":12065}","{""all_reduce:65536"":62,""fused_allreduce_residual_rmsnorm:65536"":2945}"
decode,qwen3-30b-a3b,qwen3-30b-a3b,decode-tp4-b4-l8192-m128,decode-tp8-b16-l8192-m32,4,8,12319,3007,4.096774193548387,201834496,197066752,0.023622047244094488,False,True,False,1.0,2.0,"{""all_reduce:16384"":254,""fused_allreduce_residual_rmsnorm:16384"":12065}","{""all_reduce:65536"":62,""fused_allreduce_residual_rmsnorm:65536"":2945}"
decode,qwen3-30b-a3b,qwen3-30b-a3b,decode-tp4-b8-l128-m32,decode-tp8-b2-l128-m128,4,8,3007,12319,4.096774193548387,98533376,100917248,0.023622047244094488,False,True,False,1.0,2.0,"{""all_reduce:32768"":62,""fused_allreduce_residual_rmsnorm:32768"":2945}","{""all_reduce:8192"":254,""fused_allreduce_residual_rmsnorm:8192"":12065}"
decode,qwen3-30b-a3b,qwen3-30b-a3b,decode-tp4-b8-l128-m32,decode-tp8-b2-l2048-m128,4,8,3007,12319,4.096774193548387,98533376,100917248,0.023622047244094488,False,True,False,1.0,2.0,"{""all_reduce:32768"":62,""fused_allreduce_residual_rmsnorm:32768"":2945}","{""all_reduce:8192"":254,""fused_allreduce_residual_rmsnorm:8192"":12065}"
decode,qwen3-30b-a3b,qwen3-30b-a3b,decode-tp4-b8-l128-m32,decode-tp8-b2-l8192-m128,4,8,3007,12319,4.096774193548387,98533376,100917248,0.023622047244094488,False,True,False,1.0,2.0,"{""all_reduce:32768"":62,""fused_allreduce_residual_rmsnorm:32768"":2945}","{""all_reduce:8192"":254,""fused_allreduce_residual_rmsnorm:8192"":12065}"
decode,qwen3-30b-a3b,qwen3-30b-a3b,decode-tp4-b8-l2048-m32,decode-tp8-b2-l128-m128,4,8,3007,12319,4.096774193548387,98533376,100917248,0.023622047244094488,False,True,False,1.0,2.0,"{""all_reduce:32768"":62,""fused_allreduce_residual_rmsnorm:32768"":2945}","{""all_reduce:8192"":254,""fused_allreduce_residual_rmsnorm:8192"":12065}"
decode,qwen3-30b-a3b,qwen3-30b-a3b,decode-tp4-b8-l2048-m32,decode-tp8-b2-l2048-m128,4,8,3007,12319,4.096774193548387,98533376,100917248,0.023622047244094488,False,True,False,1.0,2.0,"{""all_reduce:32768"":62,""fused_allreduce_residual_rmsnorm:32768"":2945}","{""all_reduce:8192"":254,""fused_allreduce_residual_rmsnorm:8192"":12065}"
decode,qwen3-30b-a3b,qwen3-30b-a3b,decode-tp4-b8-l2048-m32,decode-tp8-b2-l8192-m128,4,8,3007,12319,4.096774193548387,98533376,100917248,0.023622047244094488,False,True,False,1.0,2.0,"{""all_reduce:32768"":62,""fused_allreduce_residual_rmsnorm:32768"":2945}","{""all_reduce:8192"":254,""fused_allreduce_residual_rmsnorm:8192"":12065}"
decode,qwen3-30b-a3b,qwen3-30b-a3b,decode-tp4-b8-l8192-m32,decode-tp8-b2-l128-m128,4,8,3007,12319,4.096774193548387,98533376,100917248,0.023622047244094488,False,True,False,1.0,2.0,"{""all_reduce:32768"":62,""fused_allreduce_residual_rmsnorm:32768"":2945}","{""all_reduce:8192"":254,""fused_allreduce_residual_rmsnorm:8192"":12065}"
decode,qwen3-30b-a3b,qwen3-30b-a3b,decode-tp4-b8-l8192-m32,decode-tp8-b2-l2048-m128,4,8,3007,12319,4.096774193548387,98533376,100917248,0.023622047244094488,False,True,False,1.0,2.0,"{""all_reduce:32768"":62,""fused_allreduce_residual_rmsnorm:32768"":2945}","{""all_reduce:8192"":254,""fused_allreduce_residual_rmsnorm:8192"":12065}"
decode,qwen3-30b-a3b,qwen3-30b-a3b,decode-tp4-b8-l8192-m32,decode-tp8-b2-l8192-m128,4,8,3007,12319,4.096774193548387,98533376,100917248,0.023622047244094488,False,True,False,1.0,2.0,"{""all_reduce:32768"":62,""fused_allreduce_residual_rmsnorm:32768"":2945}","{""all_reduce:8192"":254,""fused_allreduce_residual_rmsnorm:8192"":12065}"
decode,qwen3-30b-a3b,qwen3-30b-a3b,decode-tp4-b16-l128-m32,decode-tp8-b4-l128-m128,4,8,3007,12319,4.096774193548387,197066752,201834496,0.023622047244094488,False,True,False,1.0,2.0,"{""all_reduce:65536"":62,""fused_allreduce_residual_rmsnorm:65536"":2945}","{""all_reduce:16384"":254,""fused_allreduce_residual_rmsnorm:16384"":12065}"
decode,qwen3-30b-a3b,qwen3-30b-a3b,decode-tp4-b16-l128-m32,decode-tp8-b4-l2048-m128,4,8,3007,12319,4.096774193548387,197066752,201834496,0.023622047244094488,False,True,False,1.0,2.0,"{""all_reduce:65536"":62,""fused_allreduce_residual_rmsnorm:65536"":2945}","{""all_reduce:16384"":254,""fused_allreduce_residual_rmsnorm:16384"":12065}"
decode,qwen3-30b-a3b,qwen3-30b-a3b,decode-tp4-b16-l128-m32,decode-tp8-b4-l8192-m128,4,8,3007,12319,4.096774193548387,197066752,201834496,0.023622047244094488,False,True,False,1.0,2.0,"{""all_reduce:65536"":62,""fused_allreduce_residual_rmsnorm:65536"":2945}","{""all_reduce:16384"":254,""fused_allreduce_residual_rmsnorm:16384"":12065}"
decode,qwen3-30b-a3b,qwen3-30b-a3b,decode-tp4-b16-l2048-m32,decode-tp8-b4-l128-m128,4,8,3007,12319,4.096774193548387,197066752,201834496,0.023622047244094488,False,True,False,1.0,2.0,"{""all_reduce:65536"":62,""fused_allreduce_residual_rmsnorm:65536"":2945}","{""all_reduce:16384"":254,""fused_allreduce_residual_rmsnorm:16384"":12065}"
decode,qwen3-30b-a3b,qwen3-30b-a3b,decode-tp4-b16-l2048-m32,decode-tp8-b4-l2048-m128,4,8,3007,12319,4.096774193548387,197066752,201834496,0.023622047244094488,False,True,False,1.0,2.0,"{""all_reduce:65536"":62,""fused_allreduce_residual_rmsnorm:65536"":2945}","{""all_reduce:16384"":254,""fused_allreduce_residual_rmsnorm:16384"":12065}"
decode,qwen3-30b-a3b,qwen3-30b-a3b,decode-tp4-b16-l2048-m32,decode-tp8-b4-l8192-m128,4,8,3007,12319,4.096774193548387,197066752,201834496,0.023622047244094488,False,True,False,1.0,2.0,"{""all_reduce:65536"":62,""fused_allreduce_residual_rmsnorm:65536"":2945}","{""all_reduce:16384"":254,""fused_allreduce_residual_rmsnorm:16384"":12065}"
decode,qwen3-30b-a3b,qwen3-30b-a3b,decode-tp4-b16-l8192-m32,decode-tp8-b4-l128-m128,4,8,3007,12319,4.096774193548387,197066752,201834496,0.023622047244094488,False,True,False,1.0,2.0,"{""all_reduce:65536"":62,""fused_allreduce_residual_rmsnorm:65536"":2945}","{""all_reduce:16384"":254,""fused_allreduce_residual_rmsnorm:16384"":12065}"
decode,qwen3-30b-a3b,qwen3-30b-a3b,decode-tp4-b16-l8192-m32,decode-tp8-b4-l2048-m128,4,8,3007,12319,4.096774193548387,197066752,201834496,0.023622047244094488,False,True,False,1.0,2.0,"{""all_reduce:65536"":62,""fused_allreduce_residual_rmsnorm:65536"":2945}","{""all_reduce:16384"":254,""fused_allreduce_residual_rmsnorm:16384"":12065}"
decode,qwen3-30b-a3b,qwen3-30b-a3b,decode-tp4-b16-l8192-m32,decode-tp8-b4-l8192-m128,4,8,3007,12319,4.096774193548387,197066752,201834496,0.023622047244094488,False,True,False,1.0,2.0,"{""all_reduce:65536"":62,""fused_allreduce_residual_rmsnorm:65536"":2945}","{""all_reduce:16384"":254,""fused_allreduce_residual_rmsnorm:16384"":12065}"
decode,qwen3-30b-a3b,qwen3-30b-a3b,decode-tp8-b1-l128-m128,decode-tp8-b4-l128-m32,8,8,12319,3007,4.096774193548387,50458624,49266688,0.023622047244094488,False,False,False,1.0,2.0,"{""all_reduce:4096"":254,""fused_allreduce_residual_rmsnorm:4096"":12065}","{""all_reduce:16384"":62,""fused_allreduce_residual_rmsnorm:16384"":2945}"
decode,qwen3-30b-a3b,qwen3-30b-a3b,decode-tp8-b1-l128-m128,decode-tp8-b4-l2048-m32,8,8,12319,3007,4.096774193548387,50458624,49266688,0.023622047244094488,False,False,False,1.0,2.0,"{""all_reduce:4096"":254,""fused_allreduce_residual_rmsnorm:4096"":12065}","{""all_reduce:16384"":62,""fused_allreduce_residual_rmsnorm:16384"":2945}"
decode,qwen3-30b-a3b,qwen3-30b-a3b,decode-tp8-b1-l128-m128,decode-tp8-b4-l8192-m32,8,8,12319,3007,4.096774193548387,50458624,49266688,0.023622047244094488,False,False,False,1.0,2.0,"{""all_reduce:4096"":254,""fused_allreduce_residual_rmsnorm:4096"":12065}","{""all_reduce:16384"":62,""fused_allreduce_residual_rmsnorm:16384"":2945}"
decode,qwen3-30b-a3b,qwen3-30b-a3b,decode-tp8-b1-l2048-m128,decode-tp8-b4-l128-m32,8,8,12319,3007,4.096774193548387,50458624,49266688,0.023622047244094488,False,False,False,1.0,2.0,"{""all_reduce:4096"":254,""fused_allreduce_residual_rmsnorm:4096"":12065}","{""all_reduce:16384"":62,""fused_allreduce_residual_rmsnorm:16384"":2945}"
decode,qwen3-30b-a3b,qwen3-30b-a3b,decode-tp8-b1-l2048-m128,decode-tp8-b4-l2048-m32,8,8,12319,3007,4.096774193548387,50458624,49266688,0.023622047244094488,False,False,False,1.0,2.0,"{""all_reduce:4096"":254,""fused_allreduce_residual_rmsnorm:4096"":12065}","{""all_reduce:16384"":62,""fused_allreduce_residual_rmsnorm:16384"":2945}"
decode,qwen3-30b-a3b,qwen3-30b-a3b,decode-tp8-b1-l2048-m128,decode-tp8-b4-l8192-m32,8,8,12319,3007,4.096774193548387,50458624,49266688,0.023622047244094488,False,False,False,1.0,2.0,"{""all_reduce:4096"":254,""fused_allreduce_residual_rmsnorm:4096"":12065}","{""all_reduce:16384"":62,""fused_allreduce_residual_rmsnorm:16384"":2945}"
decode,qwen3-30b-a3b,qwen3-30b-a3b,decode-tp8-b1-l8192-m128,decode-tp8-b4-l128-m32,8,8,12319,3007,4.096774193548387,50458624,49266688,0.023622047244094488,False,False,False,1.0,2.0,"{""all_reduce:4096"":254,""fused_allreduce_residual_rmsnorm:4096"":12065}","{""all_reduce:16384"":62,""fused_allreduce_residual_rmsnorm:16384"":2945}"
decode,qwen3-30b-a3b,qwen3-30b-a3b,decode-tp8-b1-l8192-m128,decode-tp8-b4-l2048-m32,8,8,12319,3007,4.096774193548387,50458624,49266688,0.023622047244094488,False,False,False,1.0,2.0,"{""all_reduce:4096"":254,""fused_allreduce_residual_rmsnorm:4096"":12065}","{""all_reduce:16384"":62,""fused_allreduce_residual_rmsnorm:16384"":2945}"
decode,qwen3-30b-a3b,qwen3-30b-a3b,decode-tp8-b1-l8192-m128,decode-tp8-b4-l8192-m32,8,8,12319,3007,4.096774193548387,50458624,49266688,0.023622047244094488,False,False,False,1.0,2.0,"{""all_reduce:4096"":254,""fused_allreduce_residual_rmsnorm:4096"":12065}","{""all_reduce:16384"":62,""fused_allreduce_residual_rmsnorm:16384"":2945}"
decode,qwen3-30b-a3b,qwen3-30b-a3b,decode-tp8-b2-l128-m128,decode-tp8-b8-l128-m32,8,8,12319,3007,4.096774193548387,100917248,98533376,0.023622047244094488,False,False,False,1.0,2.0,"{""all_reduce:8192"":254,""fused_allreduce_residual_rmsnorm:8192"":12065}","{""all_reduce:32768"":62,""fused_allreduce_residual_rmsnorm:32768"":2945}"
decode,qwen3-30b-a3b,qwen3-30b-a3b,decode-tp8-b2-l128-m128,decode-tp8-b8-l2048-m32,8,8,12319,3007,4.096774193548387,100917248,98533376,0.023622047244094488,False,False,False,1.0,2.0,"{""all_reduce:8192"":254,""fused_allreduce_residual_rmsnorm:8192"":12065}","{""all_reduce:32768"":62,""fused_allreduce_residual_rmsnorm:32768"":2945}"
decode,qwen3-30b-a3b,qwen3-30b-a3b,decode-tp8-b2-l128-m128,decode-tp8-b8-l8192-m32,8,8,12319,3007,4.096774193548387,100917248,98533376,0.023622047244094488,False,False,False,1.0,2.0,"{""all_reduce:8192"":254,""fused_allreduce_residual_rmsnorm:8192"":12065}","{""all_reduce:32768"":62,""fused_allreduce_residual_rmsnorm:32768"":2945}"
decode,qwen3-30b-a3b,qwen3-30b-a3b,decode-tp8-b2-l2048-m128,decode-tp8-b8-l128-m32,8,8,12319,3007,4.096774193548387,100917248,98533376,0.023622047244094488,False,False,False,1.0,2.0,"{""all_reduce:8192"":254,""fused_allreduce_residual_rmsnorm:8192"":12065}","{""all_reduce:32768"":62,""fused_allreduce_residual_rmsnorm:32768"":2945}"
decode,qwen3-30b-a3b,qwen3-30b-a3b,decode-tp8-b2-l2048-m128,decode-tp8-b8-l2048-m32,8,8,12319,3007,4.096774193548387,100917248,98533376,0.023622047244094488,False,False,False,1.0,2.0,"{""all_reduce:8192"":254,""fused_allreduce_residual_rmsnorm:8192"":12065}","{""all_reduce:32768"":62,""fused_allreduce_residual_rmsnorm:32768"":2945}"
decode,qwen3-30b-a3b,qwen3-30b-a3b,decode-tp8-b2-l2048-m128,decode-tp8-b8-l8192-m32,8,8,12319,3007,4.096774193548387,100917248,98533376,0.023622047244094488,False,False,False,1.0,2.0,"{""all_reduce:8192"":254,""fused_allreduce_residual_rmsnorm:8192"":12065}","{""all_reduce:32768"":62,""fused_allreduce_residual_rmsnorm:32768"":2945}"
decode,qwen3-30b-a3b,qwen3-30b-a3b,decode-tp8-b2-l8192-m128,decode-tp8-b8-l128-m32,8,8,12319,3007,4.096774193548387,100917248,98533376,0.023622047244094488,False,False,False,1.0,2.0,"{""all_reduce:8192"":254,""fused_allreduce_residual_rmsnorm:8192"":12065}","{""all_reduce:32768"":62,""fused_allreduce_residual_rmsnorm:32768"":2945}"
decode,qwen3-30b-a3b,qwen3-30b-a3b,decode-tp8-b2-l8192-m128,decode-tp8-b8-l2048-m32,8,8,12319,3007,4.096774193548387,100917248,98533376,0.023622047244094488,False,False,False,1.0,2.0,"{""all_reduce:8192"":254,""fused_allreduce_residual_rmsnorm:8192"":12065}","{""all_reduce:32768"":62,""fused_allreduce_residual_rmsnorm:32768"":2945}"
decode,qwen3-30b-a3b,qwen3-30b-a3b,decode-tp8-b2-l8192-m128,decode-tp8-b8-l8192-m32,8,8,12319,3007,4.096774193548387,100917248,98533376,0.023622047244094488,False,False,False,1.0,2.0,"{""all_reduce:8192"":254,""fused_allreduce_residual_rmsnorm:8192"":12065}","{""all_reduce:32768"":62,""fused_allreduce_residual_rmsnorm:32768"":2945}"
decode,qwen3-30b-a3b,qwen3-30b-a3b,decode-tp8-b4-l128-m128,decode-tp8-b16-l128-m32,8,8,12319,3007,4.096774193548387,201834496,197066752,0.023622047244094488,False,False,False,1.0,2.0,"{""all_reduce:16384"":254,""fused_allreduce_residual_rmsnorm:16384"":12065}","{""all_reduce:65536"":62,""fused_allreduce_residual_rmsnorm:65536"":2945}"
decode,qwen3-30b-a3b,qwen3-30b-a3b,decode-tp8-b4-l128-m128,decode-tp8-b16-l2048-m32,8,8,12319,3007,4.096774193548387,201834496,197066752,0.023622047244094488,False,False,False,1.0,2.0,"{""all_reduce:16384"":254,""fused_allreduce_residual_rmsnorm:16384"":12065}","{""all_reduce:65536"":62,""fused_allreduce_residual_rmsnorm:65536"":2945}"
decode,qwen3-30b-a3b,qwen3-30b-a3b,decode-tp8-b4-l128-m128,decode-tp8-b16-l8192-m32,8,8,12319,3007,4.096774193548387,201834496,197066752,0.023622047244094488,False,False,False,1.0,2.0,"{""all_reduce:16384"":254,""fused_allreduce_residual_rmsnorm:16384"":12065}","{""all_reduce:65536"":62,""fused_allreduce_residual_rmsnorm:65536"":2945}"
decode,qwen3-30b-a3b,qwen3-30b-a3b,decode-tp8-b4-l2048-m128,decode-tp8-b16-l128-m32,8,8,12319,3007,4.096774193548387,201834496,197066752,0.023622047244094488,False,False,False,1.0,2.0,"{""all_reduce:16384"":254,""fused_allreduce_residual_rmsnorm:16384"":12065}","{""all_reduce:65536"":62,""fused_allreduce_residual_rmsnorm:65536"":2945}"
decode,qwen3-30b-a3b,qwen3-30b-a3b,decode-tp8-b4-l2048-m128,decode-tp8-b16-l2048-m32,8,8,12319,3007,4.096774193548387,201834496,197066752,0.023622047244094488,False,False,False,1.0,2.0,"{""all_reduce:16384"":254,""fused_allreduce_residual_rmsnorm:16384"":12065}","{""all_reduce:65536"":62,""fused_allreduce_residual_rmsnorm:65536"":2945}"
decode,qwen3-30b-a3b,qwen3-30b-a3b,decode-tp8-b4-l2048-m128,decode-tp8-b16-l8192-m32,8,8,12319,3007,4.096774193548387,201834496,197066752,0.023622047244094488,False,False,False,1.0,2.0,"{""all_reduce:16384"":254,""fused_allreduce_residual_rmsnorm:16384"":12065}","{""all_reduce:65536"":62,""fused_allreduce_residual_rmsnorm:65536"":2945}"
decode,qwen3-30b-a3b,qwen3-30b-a3b,decode-tp8-b4-l8192-m128,decode-tp8-b16-l128-m32,8,8,12319,3007,4.096774193548387,201834496,197066752,0.023622047244094488,False,False,False,1.0,2.0,"{""all_reduce:16384"":254,""fused_allreduce_residual_rmsnorm:16384"":12065}","{""all_reduce:65536"":62,""fused_allreduce_residual_rmsnorm:65536"":2945}"
decode,qwen3-30b-a3b,qwen3-30b-a3b,decode-tp8-b4-l8192-m128,decode-tp8-b16-l2048-m32,8,8,12319,3007,4.096774193548387,201834496,197066752,0.023622047244094488,False,False,False,1.0,2.0,"{""all_reduce:16384"":254,""fused_allreduce_residual_rmsnorm:16384"":12065}","{""all_reduce:65536"":62,""fused_allreduce_residual_rmsnorm:65536"":2945}"
decode,qwen3-30b-a3b,qwen3-30b-a3b,decode-tp8-b4-l8192-m128,decode-tp8-b16-l8192-m32,8,8,12319,3007,4.096774193548387,201834496,197066752,0.023622047244094488,False,False,False,1.0,2.0,"{""all_reduce:16384"":254,""fused_allreduce_residual_rmsnorm:16384"":12065}","{""all_reduce:65536"":62,""fused_allreduce_residual_rmsnorm:65536"":2945}"
decode,qwen3-8b,qwen3-8b,decode-tp2-b1-l128-m512,decode-tp2-b4-l128-m128,2,2,37303,9271,4.0236220472440944,305586176,303792128,0.005870841487279843,False,False,False,1.0,2.0,"{""all_reduce:8192"":37303}","{""all_reduce:32768"":9271}"
decode,qwen3-8b,qwen3-8b,decode-tp2-b1-l128-m512,decode-tp2-b4-l2048-m128,2,2,37303,9271,4.0236220472440944,305586176,303792128,0.005870841487279843,False,False,False,1.0,2.0,"{""all_reduce:8192"":37303}","{""all_reduce:32768"":9271}"
decode,qwen3-8b,qwen3-8b,decode-tp2-b1-l128-m512,decode-tp2-b4-l8192-m128,2,2,37303,9271,4.0236220472440944,305586176,303792128,0.005870841487279843,False,False,False,1.0,2.0,"{""all_reduce:8192"":37303}","{""all_reduce:32768"":9271}"
decode,qwen3-8b,qwen3-8b,decode-tp2-b1-l128-m512,decode-tp4-b4-l128-m128,2,4,37303,9271,4.0236220472440944,305586176,303792128,0.005870841487279843,False,True,False,1.0,2.0,"{""all_reduce:8192"":37303}","{""all_reduce:32768"":9271}"
decode,qwen3-8b,qwen3-8b,decode-tp2-b1-l128-m512,decode-tp4-b4-l2048-m128,2,4,37303,9271,4.0236220472440944,305586176,303792128,0.005870841487279843,False,True,False,1.0,2.0,"{""all_reduce:8192"":37303}","{""all_reduce:32768"":9271}"
decode,qwen3-8b,qwen3-8b,decode-tp2-b1-l128-m512,decode-tp4-b4-l8192-m128,2,4,37303,9271,4.0236220472440944,305586176,303792128,0.005870841487279843,False,True,False,1.0,2.0,"{""all_reduce:8192"":37303}","{""all_reduce:32768"":9271}"
decode,qwen3-8b,qwen3-8b,decode-tp2-b1-l128-m512,decode-tp8-b4-l128-m128,2,8,37303,9271,4.0236220472440944,305586176,303792128,0.005870841487279843,False,True,False,1.0,2.0,"{""all_reduce:8192"":37303}","{""all_reduce:32768"":9271}"
decode,qwen3-8b,qwen3-8b,decode-tp2-b1-l128-m512,decode-tp8-b4-l2048-m128,2,8,37303,9271,4.0236220472440944,305586176,303792128,0.005870841487279843,False,True,False,1.0,2.0,"{""all_reduce:8192"":37303}","{""all_reduce:32768"":9271}"
decode,qwen3-8b,qwen3-8b,decode-tp2-b1-l128-m512,decode-tp8-b4-l8192-m128,2,8,37303,9271,4.0236220472440944,305586176,303792128,0.005870841487279843,False,True,False,1.0,2.0,"{""all_reduce:8192"":37303}","{""all_reduce:32768"":9271}"
decode,qwen3-8b,qwen3-8b,decode-tp2-b1-l2048-m512,decode-tp2-b4-l128-m128,2,2,37303,9271,4.0236220472440944,305586176,303792128,0.005870841487279843,False,False,False,1.0,2.0,"{""all_reduce:8192"":37303}","{""all_reduce:32768"":9271}"
decode,qwen3-8b,qwen3-8b,decode-tp2-b1-l2048-m512,decode-tp2-b4-l2048-m128,2,2,37303,9271,4.0236220472440944,305586176,303792128,0.005870841487279843,False,False,False,1.0,2.0,"{""all_reduce:8192"":37303}","{""all_reduce:32768"":9271}"
decode,qwen3-8b,qwen3-8b,decode-tp2-b1-l2048-m512,decode-tp2-b4-l8192-m128,2,2,37303,9271,4.0236220472440944,305586176,303792128,0.005870841487279843,False,False,False,1.0,2.0,"{""all_reduce:8192"":37303}","{""all_reduce:32768"":9271}"
decode,qwen3-8b,qwen3-8b,decode-tp2-b1-l2048-m512,decode-tp4-b4-l128-m128,2,4,37303,9271,4.0236220472440944,305586176,303792128,0.005870841487279843,False,True,False,1.0,2.0,"{""all_reduce:8192"":37303}","{""all_reduce:32768"":9271}"
decode,qwen3-8b,qwen3-8b,decode-tp2-b1-l2048-m512,decode-tp4-b4-l2048-m128,2,4,37303,9271,4.0236220472440944,305586176,303792128,0.005870841487279843,False,True,False,1.0,2.0,"{""all_reduce:8192"":37303}","{""all_reduce:32768"":9271}"
decode,qwen3-8b,qwen3-8b,decode-tp2-b1-l2048-m512,decode-tp4-b4-l8192-m128,2,4,37303,9271,4.0236220472440944,305586176,303792128,0.005870841487279843,False,True,False,1.0,2.0,"{""all_reduce:8192"":37303}","{""all_reduce:32768"":9271}"
decode,qwen3-8b,qwen3-8b,decode-tp2-b1-l2048-m512,decode-tp8-b4-l128-m128,2,8,37303,9271,4.0236220472440944,305586176,303792128,0.005870841487279843,False,True,False,1.0,2.0,"{""all_reduce:8192"":37303}","{""all_reduce:32768"":9271}"
decode,qwen3-8b,qwen3-8b,decode-tp2-b1-l2048-m512,decode-tp8-b4-l2048-m128,2,8,37303,9271,4.0236220472440944,305586176,303792128,0.005870841487279843,False,True,False,1.0,2.0,"{""all_reduce:8192"":37303}","{""all_reduce:32768"":9271}"
decode,qwen3-8b,qwen3-8b,decode-tp2-b1-l2048-m512,decode-tp8-b4-l8192-m128,2,8,37303,9271,4.0236220472440944,305586176,303792128,0.005870841487279843,False,True,False,1.0,2.0,"{""all_reduce:8192"":37303}","{""all_reduce:32768"":9271}"
decode,qwen3-8b,qwen3-8b,decode-tp2-b1-l8192-m512,decode-tp2-b4-l128-m128,2,2,37303,9271,4.0236220472440944,305586176,303792128,0.005870841487279843,False,False,False,1.0,2.0,"{""all_reduce:8192"":37303}","{""all_reduce:32768"":9271}"
decode,qwen3-8b,qwen3-8b,decode-tp2-b1-l8192-m512,decode-tp2-b4-l2048-m128,2,2,37303,9271,4.0236220472440944,305586176,303792128,0.005870841487279843,False,False,False,1.0,2.0,"{""all_reduce:8192"":37303}","{""all_reduce:32768"":9271}"
decode,qwen3-8b,qwen3-8b,decode-tp2-b1-l8192-m512,decode-tp2-b4-l8192-m128,2,2,37303,9271,4.0236220472440944,305586176,303792128,0.005870841487279843,False,False,False,1.0,2.0,"{""all_reduce:8192"":37303}","{""all_reduce:32768"":9271}"
decode,qwen3-8b,qwen3-8b,decode-tp2-b1-l8192-m512,decode-tp4-b4-l128-m128,2,4,37303,9271,4.0236220472440944,305586176,303792128,0.005870841487279843,False,True,False,1.0,2.0,"{""all_reduce:8192"":37303}","{""all_reduce:32768"":9271}"
decode,qwen3-8b,qwen3-8b,decode-tp2-b1-l8192-m512,decode-tp4-b4-l2048-m128,2,4,37303,9271,4.0236220472440944,305586176,303792128,0.005870841487279843,False,True,False,1.0,2.0,"{""all_reduce:8192"":37303}","{""all_reduce:32768"":9271}"
decode,qwen3-8b,qwen3-8b,decode-tp2-b1-l8192-m512,decode-tp4-b4-l8192-m128,2,4,37303,9271,4.0236220472440944,305586176,303792128,0.005870841487279843,False,True,False,1.0,2.0,"{""all_reduce:8192"":37303}","{""all_reduce:32768"":9271}"
decode,qwen3-8b,qwen3-8b,decode-tp2-b1-l8192-m512,decode-tp8-b4-l128-m128,2,8,37303,9271,4.0236220472440944,305586176,303792128,0.005870841487279843,False,True,False,1.0,2.0,"{""all_reduce:8192"":37303}","{""all_reduce:32768"":9271}"
decode,qwen3-8b,qwen3-8b,decode-tp2-b1-l8192-m512,decode-tp8-b4-l2048-m128,2,8,37303,9271,4.0236220472440944,305586176,303792128,0.005870841487279843,False,True,False,1.0,2.0,"{""all_reduce:8192"":37303}","{""all_reduce:32768"":9271}"
decode,qwen3-8b,qwen3-8b,decode-tp2-b1-l8192-m512,decode-tp8-b4-l8192-m128,2,8,37303,9271,4.0236220472440944,305586176,303792128,0.005870841487279843,False,True,False,1.0,2.0,"{""all_reduce:8192"":37303}","{""all_reduce:32768"":9271}"
decode,qwen3-8b,qwen3-8b,decode-tp2-b2-l128-m512,decode-tp2-b8-l128-m128,2,2,37303,9271,4.0236220472440944,611172352,607584256,0.005870841487279843,False,False,False,1.0,2.0,"{""all_reduce:16384"":37303}","{""all_reduce:65536"":9271}"
decode,qwen3-8b,qwen3-8b,decode-tp2-b2-l128-m512,decode-tp2-b8-l2048-m128,2,2,37303,9271,4.0236220472440944,611172352,607584256,0.005870841487279843,False,False,False,1.0,2.0,"{""all_reduce:16384"":37303}","{""all_reduce:65536"":9271}"
decode,qwen3-8b,qwen3-8b,decode-tp2-b2-l128-m512,decode-tp2-b8-l8192-m128,2,2,37303,9271,4.0236220472440944,611172352,607584256,0.005870841487279843,False,False,False,1.0,2.0,"{""all_reduce:16384"":37303}","{""all_reduce:65536"":9271}"
decode,qwen3-8b,qwen3-8b,decode-tp2-b2-l128-m512,decode-tp4-b8-l128-m128,2,4,37303,9271,4.0236220472440944,611172352,607584256,0.005870841487279843,False,True,False,1.0,2.0,"{""all_reduce:16384"":37303}","{""all_reduce:65536"":9271}"
decode,qwen3-8b,qwen3-8b,decode-tp2-b2-l128-m512,decode-tp4-b8-l2048-m128,2,4,37303,9271,4.0236220472440944,611172352,607584256,0.005870841487279843,False,True,False,1.0,2.0,"{""all_reduce:16384"":37303}","{""all_reduce:65536"":9271}"
decode,qwen3-8b,qwen3-8b,decode-tp2-b2-l128-m512,decode-tp4-b8-l8192-m128,2,4,37303,9271,4.0236220472440944,611172352,607584256,0.005870841487279843,False,True,False,1.0,2.0,"{""all_reduce:16384"":37303}","{""all_reduce:65536"":9271}"
decode,qwen3-8b,qwen3-8b,decode-tp2-b2-l128-m512,decode-tp8-b8-l128-m128,2,8,37303,9271,4.0236220472440944,611172352,607584256,0.005870841487279843,False,True,False,1.0,2.0,"{""all_reduce:16384"":37303}","{""all_reduce:65536"":9271}"
decode,qwen3-8b,qwen3-8b,decode-tp2-b2-l128-m512,decode-tp8-b8-l2048-m128,2,8,37303,9271,4.0236220472440944,611172352,607584256,0.005870841487279843,False,True,False,1.0,2.0,"{""all_reduce:16384"":37303}","{""all_reduce:65536"":9271}"
decode,qwen3-8b,qwen3-8b,decode-tp2-b2-l128-m512,decode-tp8-b8-l8192-m128,2,8,37303,9271,4.0236220472440944,611172352,607584256,0.005870841487279843,False,True,False,1.0,2.0,"{""all_reduce:16384"":37303}","{""all_reduce:65536"":9271}"
decode,qwen3-8b,qwen3-8b,decode-tp2-b2-l2048-m512,decode-tp2-b8-l128-m128,2,2,37303,9271,4.0236220472440944,611172352,607584256,0.005870841487279843,False,False,False,1.0,2.0,"{""all_reduce:16384"":37303}","{""all_reduce:65536"":9271}"
decode,qwen3-8b,qwen3-8b,decode-tp2-b2-l2048-m512,decode-tp2-b8-l2048-m128,2,2,37303,9271,4.0236220472440944,611172352,607584256,0.005870841487279843,False,False,False,1.0,2.0,"{""all_reduce:16384"":37303}","{""all_reduce:65536"":9271}"
decode,qwen3-8b,qwen3-8b,decode-tp2-b2-l2048-m512,decode-tp2-b8-l8192-m128,2,2,37303,9271,4.0236220472440944,611172352,607584256,0.005870841487279843,False,False,False,1.0,2.0,"{""all_reduce:16384"":37303}","{""all_reduce:65536"":9271}"
decode,qwen3-8b,qwen3-8b,decode-tp2-b2-l2048-m512,decode-tp4-b8-l128-m128,2,4,37303,9271,4.0236220472440944,611172352,607584256,0.005870841487279843,False,True,False,1.0,2.0,"{""all_reduce:16384"":37303}","{""all_reduce:65536"":9271}"
decode,qwen3-8b,qwen3-8b,decode-tp2-b2-l2048-m512,decode-tp4-b8-l2048-m128,2,4,37303,9271,4.0236220472440944,611172352,607584256,0.005870841487279843,False,True,False,1.0,2.0,"{""all_reduce:16384"":37303}","{""all_reduce:65536"":9271}"
decode,qwen3-8b,qwen3-8b,decode-tp2-b2-l2048-m512,decode-tp4-b8-l8192-m128,2,4,37303,9271,4.0236220472440944,611172352,607584256,0.005870841487279843,False,True,False,1.0,2.0,"{""all_reduce:16384"":37303}","{""all_reduce:65536"":9271}"
decode,qwen3-8b,qwen3-8b,decode-tp2-b2-l2048-m512,decode-tp8-b8-l128-m128,2,8,37303,9271,4.0236220472440944,611172352,607584256,0.005870841487279843,False,True,False,1.0,2.0,"{""all_reduce:16384"":37303}","{""all_reduce:65536"":9271}"
decode,qwen3-8b,qwen3-8b,decode-tp2-b2-l2048-m512,decode-tp8-b8-l2048-m128,2,8,37303,9271,4.0236220472440944,611172352,607584256,0.005870841487279843,False,True,False,1.0,2.0,"{""all_reduce:16384"":37303}","{""all_reduce:65536"":9271}"
decode,qwen3-8b,qwen3-8b,decode-tp2-b2-l2048-m512,decode-tp8-b8-l8192-m128,2,8,37303,9271,4.0236220472440944,611172352,607584256,0.005870841487279843,False,True,False,1.0,2.0,"{""all_reduce:16384"":37303}","{""all_reduce:65536"":9271}"
decode,qwen3-8b,qwen3-8b,decode-tp2-b2-l8192-m512,decode-tp2-b8-l128-m128,2,2,37303,9271,4.0236220472440944,611172352,607584256,0.005870841487279843,False,False,False,1.0,2.0,"{""all_reduce:16384"":37303}","{""all_reduce:65536"":9271}"
decode,qwen3-8b,qwen3-8b,decode-tp2-b2-l8192-m512,decode-tp2-b8-l2048-m128,2,2,37303,9271,4.0236220472440944,611172352,607584256,0.005870841487279843,False,False,False,1.0,2.0,"{""all_reduce:16384"":37303}","{""all_reduce:65536"":9271}"
decode,qwen3-8b,qwen3-8b,decode-tp2-b2-l8192-m512,decode-tp2-b8-l8192-m128,2,2,37303,9271,4.0236220472440944,611172352,607584256,0.005870841487279843,False,False,False,1.0,2.0,"{""all_reduce:16384"":37303}","{""all_reduce:65536"":9271}"
decode,qwen3-8b,qwen3-8b,decode-tp2-b2-l8192-m512,decode-tp4-b8-l128-m128,2,4,37303,9271,4.0236220472440944,611172352,607584256,0.005870841487279843,False,True,False,1.0,2.0,"{""all_reduce:16384"":37303}","{""all_reduce:65536"":9271}"
decode,qwen3-8b,qwen3-8b,decode-tp2-b2-l8192-m512,decode-tp4-b8-l2048-m128,2,4,37303,9271,4.0236220472440944,611172352,607584256,0.005870841487279843,False,True,False,1.0,2.0,"{""all_reduce:16384"":37303}","{""all_reduce:65536"":9271}"
decode,qwen3-8b,qwen3-8b,decode-tp2-b2-l8192-m512,decode-tp4-b8-l8192-m128,2,4,37303,9271,4.0236220472440944,611172352,607584256,0.005870841487279843,False,True,False,1.0,2.0,"{""all_reduce:16384"":37303}","{""all_reduce:65536"":9271}"
decode,qwen3-8b,qwen3-8b,decode-tp2-b2-l8192-m512,decode-tp8-b8-l128-m128,2,8,37303,9271,4.0236220472440944,611172352,607584256,0.005870841487279843,False,True,False,1.0,2.0,"{""all_reduce:16384"":37303}","{""all_reduce:65536"":9271}"
decode,qwen3-8b,qwen3-8b,decode-tp2-b2-l8192-m512,decode-tp8-b8-l2048-m128,2,8,37303,9271,4.0236220472440944,611172352,607584256,0.005870841487279843,False,True,False,1.0,2.0,"{""all_reduce:16384"":37303}","{""all_reduce:65536"":9271}"
decode,qwen3-8b,qwen3-8b,decode-tp2-b2-l8192-m512,decode-tp8-b8-l8192-m128,2,8,37303,9271,4.0236220472440944,611172352,607584256,0.005870841487279843,False,True,False,1.0,2.0,"{""all_reduce:16384"":37303}","{""all_reduce:65536"":9271}"
decode,qwen3-8b,qwen3-8b,decode-tp2-b4-l128-m128,decode-tp4-b1-l128-m512,2,4,9271,37303,4.0236220472440944,303792128,305586176,0.005870841487279843,False,True,False,1.0,2.0,"{""all_reduce:32768"":9271}","{""all_reduce:8192"":37303}"
decode,qwen3-8b,qwen3-8b,decode-tp2-b4-l128-m128,decode-tp4-b1-l2048-m512,2,4,9271,37303,4.0236220472440944,303792128,305586176,0.005870841487279843,False,True,False,1.0,2.0,"{""all_reduce:32768"":9271}","{""all_reduce:8192"":37303}"
decode,qwen3-8b,qwen3-8b,decode-tp2-b4-l128-m128,decode-tp4-b1-l8192-m512,2,4,9271,37303,4.0236220472440944,303792128,305586176,0.005870841487279843,False,True,False,1.0,2.0,"{""all_reduce:32768"":9271}","{""all_reduce:8192"":37303}"
decode,qwen3-8b,qwen3-8b,decode-tp2-b4-l128-m128,decode-tp8-b1-l128-m512,2,8,9271,37303,4.0236220472440944,303792128,305586176,0.005870841487279843,False,True,False,1.0,2.0,"{""all_reduce:32768"":9271}","{""all_reduce:8192"":37303}"
decode,qwen3-8b,qwen3-8b,decode-tp2-b4-l128-m128,decode-tp8-b1-l2048-m512,2,8,9271,37303,4.0236220472440944,303792128,305586176,0.005870841487279843,False,True,False,1.0,2.0,"{""all_reduce:32768"":9271}","{""all_reduce:8192"":37303}"
decode,qwen3-8b,qwen3-8b,decode-tp2-b4-l128-m128,decode-tp8-b1-l8192-m512,2,8,9271,37303,4.0236220472440944,303792128,305586176,0.005870841487279843,False,True,False,1.0,2.0,"{""all_reduce:32768"":9271}","{""all_reduce:8192"":37303}"
decode,qwen3-8b,qwen3-8b,decode-tp2-b4-l128-m512,decode-tp2-b16-l128-m128,2,2,37303,9271,4.0236220472440944,1222344704,1215168512,0.005870841487279843,False,False,False,1.0,2.0,"{""all_reduce:32768"":37303}","{""all_reduce:131072"":9271}"
decode,qwen3-8b,qwen3-8b,decode-tp2-b4-l128-m512,decode-tp2-b16-l2048-m128,2,2,37303,9271,4.0236220472440944,1222344704,1215168512,0.005870841487279843,False,False,False,1.0,2.0,"{""all_reduce:32768"":37303}","{""all_reduce:131072"":9271}"
decode,qwen3-8b,qwen3-8b,decode-tp2-b4-l128-m512,decode-tp2-b16-l8192-m128,2,2,37303,9271,4.0236220472440944,1222344704,1215168512,0.005870841487279843,False,False,False,1.0,2.0,"{""all_reduce:32768"":37303}","{""all_reduce:131072"":9271}"
decode,qwen3-8b,qwen3-8b,decode-tp2-b4-l128-m512,decode-tp4-b16-l128-m128,2,4,37303,9271,4.0236220472440944,1222344704,1215168512,0.005870841487279843,False,True,False,1.0,2.0,"{""all_reduce:32768"":37303}","{""all_reduce:131072"":9271}"
decode,qwen3-8b,qwen3-8b,decode-tp2-b4-l128-m512,decode-tp4-b16-l2048-m128,2,4,37303,9271,4.0236220472440944,1222344704,1215168512,0.005870841487279843,False,True,False,1.0,2.0,"{""all_reduce:32768"":37303}","{""all_reduce:131072"":9271}"
decode,qwen3-8b,qwen3-8b,decode-tp2-b4-l128-m512,decode-tp4-b16-l8192-m128,2,4,37303,9271,4.0236220472440944,1222344704,1215168512,0.005870841487279843,False,True,False,1.0,2.0,"{""all_reduce:32768"":37303}","{""all_reduce:131072"":9271}"
decode,qwen3-8b,qwen3-8b,decode-tp2-b4-l128-m512,decode-tp8-b16-l128-m128,2,8,37303,9271,4.0236220472440944,1222344704,1215168512,0.005870841487279843,False,True,False,1.0,2.0,"{""all_reduce:32768"":37303}","{""all_reduce:131072"":9271}"
decode,qwen3-8b,qwen3-8b,decode-tp2-b4-l128-m512,decode-tp8-b16-l2048-m128,2,8,37303,9271,4.0236220472440944,1222344704,1215168512,0.005870841487279843,False,True,False,1.0,2.0,"{""all_reduce:32768"":37303}","{""all_reduce:131072"":9271}"
decode,qwen3-8b,qwen3-8b,decode-tp2-b4-l128-m512,decode-tp8-b16-l8192-m128,2,8,37303,9271,4.0236220472440944,1222344704,1215168512,0.005870841487279843,False,True,False,1.0,2.0,"{""all_reduce:32768"":37303}","{""all_reduce:131072"":9271}"
decode,qwen3-8b,qwen3-8b,decode-tp2-b4-l2048-m128,decode-tp4-b1-l128-m512,2,4,9271,37303,4.0236220472440944,303792128,305586176,0.005870841487279843,False,True,False,1.0,2.0,"{""all_reduce:32768"":9271}","{""all_reduce:8192"":37303}"
decode,qwen3-8b,qwen3-8b,decode-tp2-b4-l2048-m128,decode-tp4-b1-l2048-m512,2,4,9271,37303,4.0236220472440944,303792128,305586176,0.005870841487279843,False,True,False,1.0,2.0,"{""all_reduce:32768"":9271}","{""all_reduce:8192"":37303}"
decode,qwen3-8b,qwen3-8b,decode-tp2-b4-l2048-m128,decode-tp4-b1-l8192-m512,2,4,9271,37303,4.0236220472440944,303792128,305586176,0.005870841487279843,False,True,False,1.0,2.0,"{""all_reduce:32768"":9271}","{""all_reduce:8192"":37303}"
decode,qwen3-8b,qwen3-8b,decode-tp2-b4-l2048-m128,decode-tp8-b1-l128-m512,2,8,9271,37303,4.0236220472440944,303792128,305586176,0.005870841487279843,False,True,False,1.0,2.0,"{""all_reduce:32768"":9271}","{""all_reduce:8192"":37303}"
decode,qwen3-8b,qwen3-8b,decode-tp2-b4-l2048-m128,decode-tp8-b1-l2048-m512,2,8,9271,37303,4.0236220472440944,303792128,305586176,0.005870841487279843,False,True,False,1.0,2.0,"{""all_reduce:32768"":9271}","{""all_reduce:8192"":37303}"
decode,qwen3-8b,qwen3-8b,decode-tp2-b4-l2048-m128,decode-tp8-b1-l8192-m512,2,8,9271,37303,4.0236220472440944,303792128,305586176,0.005870841487279843,False,True,False,1.0,2.0,"{""all_reduce:32768"":9271}","{""all_reduce:8192"":37303}"
decode,qwen3-8b,qwen3-8b,decode-tp2-b4-l2048-m512,decode-tp2-b16-l128-m128,2,2,37303,9271,4.0236220472440944,1222344704,1215168512,0.005870841487279843,False,False,False,1.0,2.0,"{""all_reduce:32768"":37303}","{""all_reduce:131072"":9271}"
decode,qwen3-8b,qwen3-8b,decode-tp2-b4-l2048-m512,decode-tp2-b16-l2048-m128,2,2,37303,9271,4.0236220472440944,1222344704,1215168512,0.005870841487279843,False,False,False,1.0,2.0,"{""all_reduce:32768"":37303}","{""all_reduce:131072"":9271}"
decode,qwen3-8b,qwen3-8b,decode-tp2-b4-l2048-m512,decode-tp2-b16-l8192-m128,2,2,37303,9271,4.0236220472440944,1222344704,1215168512,0.005870841487279843,False,False,False,1.0,2.0,"{""all_reduce:32768"":37303}","{""all_reduce:131072"":9271}"
decode,qwen3-8b,qwen3-8b,decode-tp2-b4-l2048-m512,decode-tp4-b16-l128-m128,2,4,37303,9271,4.0236220472440944,1222344704,1215168512,0.005870841487279843,False,True,False,1.0,2.0,"{""all_reduce:32768"":37303}","{""all_reduce:131072"":9271}"
decode,qwen3-8b,qwen3-8b,decode-tp2-b4-l2048-m512,decode-tp4-b16-l2048-m128,2,4,37303,9271,4.0236220472440944,1222344704,1215168512,0.005870841487279843,False,True,False,1.0,2.0,"{""all_reduce:32768"":37303}","{""all_reduce:131072"":9271}"
decode,qwen3-8b,qwen3-8b,decode-tp2-b4-l2048-m512,decode-tp4-b16-l8192-m128,2,4,37303,9271,4.0236220472440944,1222344704,1215168512,0.005870841487279843,False,True,False,1.0,2.0,"{""all_reduce:32768"":37303}","{""all_reduce:131072"":9271}"
decode,qwen3-8b,qwen3-8b,decode-tp2-b4-l2048-m512,decode-tp8-b16-l128-m128,2,8,37303,9271,4.0236220472440944,1222344704,1215168512,0.005870841487279843,False,True,False,1.0,2.0,"{""all_reduce:32768"":37303}","{""all_reduce:131072"":9271}"
decode,qwen3-8b,qwen3-8b,decode-tp2-b4-l2048-m512,decode-tp8-b16-l2048-m128,2,8,37303,9271,4.0236220472440944,1222344704,1215168512,0.005870841487279843,False,True,False,1.0,2.0,"{""all_reduce:32768"":37303}","{""all_reduce:131072"":9271}"
decode,qwen3-8b,qwen3-8b,decode-tp2-b4-l2048-m512,decode-tp8-b16-l8192-m128,2,8,37303,9271,4.0236220472440944,1222344704,1215168512,0.005870841487279843,False,True,False,1.0,2.0,"{""all_reduce:32768"":37303}","{""all_reduce:131072"":9271}"
decode,qwen3-8b,qwen3-8b,decode-tp2-b4-l8192-m128,decode-tp4-b1-l128-m512,2,4,9271,37303,4.0236220472440944,303792128,305586176,0.005870841487279843,False,True,False,1.0,2.0,"{""all_reduce:32768"":9271}","{""all_reduce:8192"":37303}"
decode,qwen3-8b,qwen3-8b,decode-tp2-b4-l8192-m128,decode-tp4-b1-l2048-m512,2,4,9271,37303,4.0236220472440944,303792128,305586176,0.005870841487279843,False,True,False,1.0,2.0,"{""all_reduce:32768"":9271}","{""all_reduce:8192"":37303}"
decode,qwen3-8b,qwen3-8b,decode-tp2-b4-l8192-m128,decode-tp4-b1-l8192-m512,2,4,9271,37303,4.0236220472440944,303792128,305586176,0.005870841487279843,False,True,False,1.0,2.0,"{""all_reduce:32768"":9271}","{""all_reduce:8192"":37303}"
decode,qwen3-8b,qwen3-8b,decode-tp2-b4-l8192-m128,decode-tp8-b1-l128-m512,2,8,9271,37303,4.0236220472440944,303792128,305586176,0.005870841487279843,False,True,False,1.0,2.0,"{""all_reduce:32768"":9271}","{""all_reduce:8192"":37303}"
decode,qwen3-8b,qwen3-8b,decode-tp2-b4-l8192-m128,decode-tp8-b1-l2048-m512,2,8,9271,37303,4.0236220472440944,303792128,305586176,0.005870841487279843,False,True,False,1.0,2.0,"{""all_reduce:32768"":9271}","{""all_reduce:8192"":37303}"
decode,qwen3-8b,qwen3-8b,decode-tp2-b4-l8192-m128,decode-tp8-b1-l8192-m512,2,8,9271,37303,4.0236220472440944,303792128,305586176,0.005870841487279843,False,True,False,1.0,2.0,"{""all_reduce:32768"":9271}","{""all_reduce:8192"":37303}"
decode,qwen3-8b,qwen3-8b,decode-tp2-b4-l8192-m512,decode-tp2-b16-l128-m128,2,2,37303,9271,4.0236220472440944,1222344704,1215168512,0.005870841487279843,False,False,False,1.0,2.0,"{""all_reduce:32768"":37303}","{""all_reduce:131072"":9271}"
decode,qwen3-8b,qwen3-8b,decode-tp2-b4-l8192-m512,decode-tp2-b16-l2048-m128,2,2,37303,9271,4.0236220472440944,1222344704,1215168512,0.005870841487279843,False,False,False,1.0,2.0,"{""all_reduce:32768"":37303}","{""all_reduce:131072"":9271}"
decode,qwen3-8b,qwen3-8b,decode-tp2-b4-l8192-m512,decode-tp2-b16-l8192-m128,2,2,37303,9271,4.0236220472440944,1222344704,1215168512,0.005870841487279843,False,False,False,1.0,2.0,"{""all_reduce:32768"":37303}","{""all_reduce:131072"":9271}"
decode,qwen3-8b,qwen3-8b,decode-tp2-b4-l8192-m512,decode-tp4-b16-l128-m128,2,4,37303,9271,4.0236220472440944,1222344704,1215168512,0.005870841487279843,False,True,False,1.0,2.0,"{""all_reduce:32768"":37303}","{""all_reduce:131072"":9271}"
decode,qwen3-8b,qwen3-8b,decode-tp2-b4-l8192-m512,decode-tp4-b16-l2048-m128,2,4,37303,9271,4.0236220472440944,1222344704,1215168512,0.005870841487279843,False,True,False,1.0,2.0,"{""all_reduce:32768"":37303}","{""all_reduce:131072"":9271}"
decode,qwen3-8b,qwen3-8b,decode-tp2-b4-l8192-m512,decode-tp4-b16-l8192-m128,2,4,37303,9271,4.0236220472440944,1222344704,1215168512,0.005870841487279843,False,True,False,1.0,2.0,"{""all_reduce:32768"":37303}","{""all_reduce:131072"":9271}"
decode,qwen3-8b,qwen3-8b,decode-tp2-b4-l8192-m512,decode-tp8-b16-l128-m128,2,8,37303,9271,4.0236220472440944,1222344704,1215168512,0.005870841487279843,False,True,False,1.0,2.0,"{""all_reduce:32768"":37303}","{""all_reduce:131072"":9271}"
decode,qwen3-8b,qwen3-8b,decode-tp2-b4-l8192-m512,decode-tp8-b16-l2048-m128,2,8,37303,9271,4.0236220472440944,1222344704,1215168512,0.005870841487279843,False,True,False,1.0,2.0,"{""all_reduce:32768"":37303}","{""all_reduce:131072"":9271}"
decode,qwen3-8b,qwen3-8b,decode-tp2-b4-l8192-m512,decode-tp8-b16-l8192-m128,2,8,37303,9271,4.0236220472440944,1222344704,1215168512,0.005870841487279843,False,True,False,1.0,2.0,"{""all_reduce:32768"":37303}","{""all_reduce:131072"":9271}"
decode,qwen3-8b,qwen3-8b,decode-tp2-b8-l128-m128,decode-tp4-b2-l128-m512,2,4,9271,37303,4.0236220472440944,607584256,611172352,0.005870841487279843,False,True,False,1.0,2.0,"{""all_reduce:65536"":9271}","{""all_reduce:16384"":37303}"
decode,qwen3-8b,qwen3-8b,decode-tp2-b8-l128-m128,decode-tp4-b2-l2048-m512,2,4,9271,37303,4.0236220472440944,607584256,611172352,0.005870841487279843,False,True,False,1.0,2.0,"{""all_reduce:65536"":9271}","{""all_reduce:16384"":37303}"
decode,qwen3-8b,qwen3-8b,decode-tp2-b8-l128-m128,decode-tp4-b2-l8192-m512,2,4,9271,37303,4.0236220472440944,607584256,611172352,0.005870841487279843,False,True,False,1.0,2.0,"{""all_reduce:65536"":9271}","{""all_reduce:16384"":37303}"
decode,qwen3-8b,qwen3-8b,decode-tp2-b8-l128-m128,decode-tp8-b2-l128-m512,2,8,9271,37303,4.0236220472440944,607584256,611172352,0.005870841487279843,False,True,False,1.0,2.0,"{""all_reduce:65536"":9271}","{""all_reduce:16384"":37303}"
decode,qwen3-8b,qwen3-8b,decode-tp2-b8-l128-m128,decode-tp8-b2-l2048-m512,2,8,9271,37303,4.0236220472440944,607584256,611172352,0.005870841487279843,False,True,False,1.0,2.0,"{""all_reduce:65536"":9271}","{""all_reduce:16384"":37303}"
decode,qwen3-8b,qwen3-8b,decode-tp2-b8-l128-m128,decode-tp8-b2-l8192-m512,2,8,9271,37303,4.0236220472440944,607584256,611172352,0.005870841487279843,False,True,False,1.0,2.0,"{""all_reduce:65536"":9271}","{""all_reduce:16384"":37303}"
decode,qwen3-8b,qwen3-8b,decode-tp2-b8-l2048-m128,decode-tp4-b2-l128-m512,2,4,9271,37303,4.0236220472440944,607584256,611172352,0.005870841487279843,False,True,False,1.0,2.0,"{""all_reduce:65536"":9271}","{""all_reduce:16384"":37303}"
decode,qwen3-8b,qwen3-8b,decode-tp2-b8-l2048-m128,decode-tp4-b2-l2048-m512,2,4,9271,37303,4.0236220472440944,607584256,611172352,0.005870841487279843,False,True,False,1.0,2.0,"{""all_reduce:65536"":9271}","{""all_reduce:16384"":37303}"
decode,qwen3-8b,qwen3-8b,decode-tp2-b8-l2048-m128,decode-tp4-b2-l8192-m512,2,4,9271,37303,4.0236220472440944,607584256,611172352,0.005870841487279843,False,True,False,1.0,2.0,"{""all_reduce:65536"":9271}","{""all_reduce:16384"":37303}"
decode,qwen3-8b,qwen3-8b,decode-tp2-b8-l2048-m128,decode-tp8-b2-l128-m512,2,8,9271,37303,4.0236220472440944,607584256,611172352,0.005870841487279843,False,True,False,1.0,2.0,"{""all_reduce:65536"":9271}","{""all_reduce:16384"":37303}"
decode,qwen3-8b,qwen3-8b,decode-tp2-b8-l2048-m128,decode-tp8-b2-l2048-m512,2,8,9271,37303,4.0236220472440944,607584256,611172352,0.005870841487279843,False,True,False,1.0,2.0,"{""all_reduce:65536"":9271}","{""all_reduce:16384"":37303}"
decode,qwen3-8b,qwen3-8b,decode-tp2-b8-l2048-m128,decode-tp8-b2-l8192-m512,2,8,9271,37303,4.0236220472440944,607584256,611172352,0.005870841487279843,False,True,False,1.0,2.0,"{""all_reduce:65536"":9271}","{""all_reduce:16384"":37303}"
decode,qwen3-8b,qwen3-8b,decode-tp2-b8-l8192-m128,decode-tp4-b2-l128-m512,2,4,9271,37303,4.0236220472440944,607584256,611172352,0.005870841487279843,False,True,False,1.0,2.0,"{""all_reduce:65536"":9271}","{""all_reduce:16384"":37303}"
decode,qwen3-8b,qwen3-8b,decode-tp2-b8-l8192-m128,decode-tp4-b2-l2048-m512,2,4,9271,37303,4.0236220472440944,607584256,611172352,0.005870841487279843,False,True,False,1.0,2.0,"{""all_reduce:65536"":9271}","{""all_reduce:16384"":37303}"
decode,qwen3-8b,qwen3-8b,decode-tp2-b8-l8192-m128,decode-tp4-b2-l8192-m512,2,4,9271,37303,4.0236220472440944,607584256,611172352,0.005870841487279843,False,True,False,1.0,2.0,"{""all_reduce:65536"":9271}","{""all_reduce:16384"":37303}"
decode,qwen3-8b,qwen3-8b,decode-tp2-b8-l8192-m128,decode-tp8-b2-l128-m512,2,8,9271,37303,4.0236220472440944,607584256,611172352,0.005870841487279843,False,True,False,1.0,2.0,"{""all_reduce:65536"":9271}","{""all_reduce:16384"":37303}"
decode,qwen3-8b,qwen3-8b,decode-tp2-b8-l8192-m128,decode-tp8-b2-l2048-m512,2,8,9271,37303,4.0236220472440944,607584256,611172352,0.005870841487279843,False,True,False,1.0,2.0,"{""all_reduce:65536"":9271}","{""all_reduce:16384"":37303}"
decode,qwen3-8b,qwen3-8b,decode-tp2-b8-l8192-m128,decode-tp8-b2-l8192-m512,2,8,9271,37303,4.0236220472440944,607584256,611172352,0.005870841487279843,False,True,False,1.0,2.0,"{""all_reduce:65536"":9271}","{""all_reduce:16384"":37303}"
decode,qwen3-8b,qwen3-8b,decode-tp2-b16-l128-m128,decode-tp4-b4-l128-m512,2,4,9271,37303,4.0236220472440944,1215168512,1222344704,0.005870841487279843,False,True,False,1.0,2.0,"{""all_reduce:131072"":9271}","{""all_reduce:32768"":37303}"
decode,qwen3-8b,qwen3-8b,decode-tp2-b16-l128-m128,decode-tp4-b4-l2048-m512,2,4,9271,37303,4.0236220472440944,1215168512,1222344704,0.005870841487279843,False,True,False,1.0,2.0,"{""all_reduce:131072"":9271}","{""all_reduce:32768"":37303}"
decode,qwen3-8b,qwen3-8b,decode-tp2-b16-l128-m128,decode-tp4-b4-l8192-m512,2,4,9271,37303,4.0236220472440944,1215168512,1222344704,0.005870841487279843,False,True,False,1.0,2.0,"{""all_reduce:131072"":9271}","{""all_reduce:32768"":37303}"
decode,qwen3-8b,qwen3-8b,decode-tp2-b16-l128-m128,decode-tp8-b4-l128-m512,2,8,9271,37303,4.0236220472440944,1215168512,1222344704,0.005870841487279843,False,True,False,1.0,2.0,"{""all_reduce:131072"":9271}","{""all_reduce:32768"":37303}"
decode,qwen3-8b,qwen3-8b,decode-tp2-b16-l128-m128,decode-tp8-b4-l2048-m512,2,8,9271,37303,4.0236220472440944,1215168512,1222344704,0.005870841487279843,False,True,False,1.0,2.0,"{""all_reduce:131072"":9271}","{""all_reduce:32768"":37303}"
decode,qwen3-8b,qwen3-8b,decode-tp2-b16-l128-m128,decode-tp8-b4-l8192-m512,2,8,9271,37303,4.0236220472440944,1215168512,1222344704,0.005870841487279843,False,True,False,1.0,2.0,"{""all_reduce:131072"":9271}","{""all_reduce:32768"":37303}"
decode,qwen3-8b,qwen3-8b,decode-tp2-b16-l2048-m128,decode-tp4-b4-l128-m512,2,4,9271,37303,4.0236220472440944,1215168512,1222344704,0.005870841487279843,False,True,False,1.0,2.0,"{""all_reduce:131072"":9271}","{""all_reduce:32768"":37303}"
decode,qwen3-8b,qwen3-8b,decode-tp2-b16-l2048-m128,decode-tp4-b4-l2048-m512,2,4,9271,37303,4.0236220472440944,1215168512,1222344704,0.005870841487279843,False,True,False,1.0,2.0,"{""all_reduce:131072"":9271}","{""all_reduce:32768"":37303}"
decode,qwen3-8b,qwen3-8b,decode-tp2-b16-l2048-m128,decode-tp4-b4-l8192-m512,2,4,9271,37303,4.0236220472440944,1215168512,1222344704,0.005870841487279843,False,True,False,1.0,2.0,"{""all_reduce:131072"":9271}","{""all_reduce:32768"":37303}"
decode,qwen3-8b,qwen3-8b,decode-tp2-b16-l2048-m128,decode-tp8-b4-l128-m512,2,8,9271,37303,4.0236220472440944,1215168512,1222344704,0.005870841487279843,False,True,False,1.0,2.0,"{""all_reduce:131072"":9271}","{""all_reduce:32768"":37303}"
decode,qwen3-8b,qwen3-8b,decode-tp2-b16-l2048-m128,decode-tp8-b4-l2048-m512,2,8,9271,37303,4.0236220472440944,1215168512,1222344704,0.005870841487279843,False,True,False,1.0,2.0,"{""all_reduce:131072"":9271}","{""all_reduce:32768"":37303}"
decode,qwen3-8b,qwen3-8b,decode-tp2-b16-l2048-m128,decode-tp8-b4-l8192-m512,2,8,9271,37303,4.0236220472440944,1215168512,1222344704,0.005870841487279843,False,True,False,1.0,2.0,"{""all_reduce:131072"":9271}","{""all_reduce:32768"":37303}"
decode,qwen3-8b,qwen3-8b,decode-tp2-b16-l8192-m128,decode-tp4-b4-l128-m512,2,4,9271,37303,4.0236220472440944,1215168512,1222344704,0.005870841487279843,False,True,False,1.0,2.0,"{""all_reduce:131072"":9271}","{""all_reduce:32768"":37303}"
decode,qwen3-8b,qwen3-8b,decode-tp2-b16-l8192-m128,decode-tp4-b4-l2048-m512,2,4,9271,37303,4.0236220472440944,1215168512,1222344704,0.005870841487279843,False,True,False,1.0,2.0,"{""all_reduce:131072"":9271}","{""all_reduce:32768"":37303}"
decode,qwen3-8b,qwen3-8b,decode-tp2-b16-l8192-m128,decode-tp4-b4-l8192-m512,2,4,9271,37303,4.0236220472440944,1215168512,1222344704,0.005870841487279843,False,True,False,1.0,2.0,"{""all_reduce:131072"":9271}","{""all_reduce:32768"":37303}"
decode,qwen3-8b,qwen3-8b,decode-tp2-b16-l8192-m128,decode-tp8-b4-l128-m512,2,8,9271,37303,4.0236220472440944,1215168512,1222344704,0.005870841487279843,False,True,False,1.0,2.0,"{""all_reduce:131072"":9271}","{""all_reduce:32768"":37303}"
decode,qwen3-8b,qwen3-8b,decode-tp2-b16-l8192-m128,decode-tp8-b4-l2048-m512,2,8,9271,37303,4.0236220472440944,1215168512,1222344704,0.005870841487279843,False,True,False,1.0,2.0,"{""all_reduce:131072"":9271}","{""all_reduce:32768"":37303}"
decode,qwen3-8b,qwen3-8b,decode-tp2-b16-l8192-m128,decode-tp8-b4-l8192-m512,2,8,9271,37303,4.0236220472440944,1215168512,1222344704,0.005870841487279843,False,True,False,1.0,2.0,"{""all_reduce:131072"":9271}","{""all_reduce:32768"":37303}"
decode,qwen3-8b,qwen3-8b,decode-tp4-b1-l128-m512,decode-tp4-b4-l128-m128,4,4,37303,9271,4.0236220472440944,305586176,303792128,0.005870841487279843,False,False,False,1.0,2.0,"{""all_reduce:8192"":37303}","{""all_reduce:32768"":9271}"
decode,qwen3-8b,qwen3-8b,decode-tp4-b1-l128-m512,decode-tp4-b4-l2048-m128,4,4,37303,9271,4.0236220472440944,305586176,303792128,0.005870841487279843,False,False,False,1.0,2.0,"{""all_reduce:8192"":37303}","{""all_reduce:32768"":9271}"
decode,qwen3-8b,qwen3-8b,decode-tp4-b1-l128-m512,decode-tp4-b4-l8192-m128,4,4,37303,9271,4.0236220472440944,305586176,303792128,0.005870841487279843,False,False,False,1.0,2.0,"{""all_reduce:8192"":37303}","{""all_reduce:32768"":9271}"
decode,qwen3-8b,qwen3-8b,decode-tp4-b1-l128-m512,decode-tp8-b4-l128-m128,4,8,37303,9271,4.0236220472440944,305586176,303792128,0.005870841487279843,False,True,False,1.0,2.0,"{""all_reduce:8192"":37303}","{""all_reduce:32768"":9271}"
decode,qwen3-8b,qwen3-8b,decode-tp4-b1-l128-m512,decode-tp8-b4-l2048-m128,4,8,37303,9271,4.0236220472440944,305586176,303792128,0.005870841487279843,False,True,False,1.0,2.0,"{""all_reduce:8192"":37303}","{""all_reduce:32768"":9271}"
decode,qwen3-8b,qwen3-8b,decode-tp4-b1-l128-m512,decode-tp8-b4-l8192-m128,4,8,37303,9271,4.0236220472440944,305586176,303792128,0.005870841487279843,False,True,False,1.0,2.0,"{""all_reduce:8192"":37303}","{""all_reduce:32768"":9271}"
decode,qwen3-8b,qwen3-8b,decode-tp4-b1-l2048-m512,decode-tp4-b4-l128-m128,4,4,37303,9271,4.0236220472440944,305586176,303792128,0.005870841487279843,False,False,False,1.0,2.0,"{""all_reduce:8192"":37303}","{""all_reduce:32768"":9271}"
decode,qwen3-8b,qwen3-8b,decode-tp4-b1-l2048-m512,decode-tp4-b4-l2048-m128,4,4,37303,9271,4.0236220472440944,305586176,303792128,0.005870841487279843,False,False,False,1.0,2.0,"{""all_reduce:8192"":37303}","{""all_reduce:32768"":9271}"
decode,qwen3-8b,qwen3-8b,decode-tp4-b1-l2048-m512,decode-tp4-b4-l8192-m128,4,4,37303,9271,4.0236220472440944,305586176,303792128,0.005870841487279843,False,False,False,1.0,2.0,"{""all_reduce:8192"":37303}","{""all_reduce:32768"":9271}"
decode,qwen3-8b,qwen3-8b,decode-tp4-b1-l2048-m512,decode-tp8-b4-l128-m128,4,8,37303,9271,4.0236220472440944,305586176,303792128,0.005870841487279843,False,True,False,1.0,2.0,"{""all_reduce:8192"":37303}","{""all_reduce:32768"":9271}"
decode,qwen3-8b,qwen3-8b,decode-tp4-b1-l2048-m512,decode-tp8-b4-l2048-m128,4,8,37303,9271,4.0236220472440944,305586176,303792128,0.005870841487279843,False,True,False,1.0,2.0,"{""all_reduce:8192"":37303}","{""all_reduce:32768"":9271}"
decode,qwen3-8b,qwen3-8b,decode-tp4-b1-l2048-m512,decode-tp8-b4-l8192-m128,4,8,37303,9271,4.0236220472440944,305586176,303792128,0.005870841487279843,False,True,False,1.0,2.0,"{""all_reduce:8192"":37303}","{""all_reduce:32768"":9271}"
decode,qwen3-8b,qwen3-8b,decode-tp4-b1-l8192-m512,decode-tp4-b4-l128-m128,4,4,37303,9271,4.0236220472440944,305586176,303792128,0.005870841487279843,False,False,False,1.0,2.0,"{""all_reduce:8192"":37303}","{""all_reduce:32768"":9271}"
decode,qwen3-8b,qwen3-8b,decode-tp4-b1-l8192-m512,decode-tp4-b4-l2048-m128,4,4,37303,9271,4.0236220472440944,305586176,303792128,0.005870841487279843,False,False,False,1.0,2.0,"{""all_reduce:8192"":37303}","{""all_reduce:32768"":9271}"
decode,qwen3-8b,qwen3-8b,decode-tp4-b1-l8192-m512,decode-tp4-b4-l8192-m128,4,4,37303,9271,4.0236220472440944,305586176,303792128,0.005870841487279843,False,False,False,1.0,2.0,"{""all_reduce:8192"":37303}","{""all_reduce:32768"":9271}"
decode,qwen3-8b,qwen3-8b,decode-tp4-b1-l8192-m512,decode-tp8-b4-l128-m128,4,8,37303,9271,4.0236220472440944,305586176,303792128,0.005870841487279843,False,True,False,1.0,2.0,"{""all_reduce:8192"":37303}","{""all_reduce:32768"":9271}"
decode,qwen3-8b,qwen3-8b,decode-tp4-b1-l8192-m512,decode-tp8-b4-l2048-m128,4,8,37303,9271,4.0236220472440944,305586176,303792128,0.005870841487279843,False,True,False,1.0,2.0,"{""all_reduce:8192"":37303}","{""all_reduce:32768"":9271}"
decode,qwen3-8b,qwen3-8b,decode-tp4-b1-l8192-m512,decode-tp8-b4-l8192-m128,4,8,37303,9271,4.0236220472440944,305586176,303792128,0.005870841487279843,False,True,False,1.0,2.0,"{""all_reduce:8192"":37303}","{""all_reduce:32768"":9271}"
decode,qwen3-8b,qwen3-8b,decode-tp4-b2-l128-m512,decode-tp4-b8-l128-m128,4,4,37303,9271,4.0236220472440944,611172352,607584256,0.005870841487279843,False,False,False,1.0,2.0,"{""all_reduce:16384"":37303}","{""all_reduce:65536"":9271}"
decode,qwen3-8b,qwen3-8b,decode-tp4-b2-l128-m512,decode-tp4-b8-l2048-m128,4,4,37303,9271,4.0236220472440944,611172352,607584256,0.005870841487279843,False,False,False,1.0,2.0,"{""all_reduce:16384"":37303}","{""all_reduce:65536"":9271}"
decode,qwen3-8b,qwen3-8b,decode-tp4-b2-l128-m512,decode-tp4-b8-l8192-m128,4,4,37303,9271,4.0236220472440944,611172352,607584256,0.005870841487279843,False,False,False,1.0,2.0,"{""all_reduce:16384"":37303}","{""all_reduce:65536"":9271}"
decode,qwen3-8b,qwen3-8b,decode-tp4-b2-l128-m512,decode-tp8-b8-l128-m128,4,8,37303,9271,4.0236220472440944,611172352,607584256,0.005870841487279843,False,True,False,1.0,2.0,"{""all_reduce:16384"":37303}","{""all_reduce:65536"":9271}"
decode,qwen3-8b,qwen3-8b,decode-tp4-b2-l128-m512,decode-tp8-b8-l2048-m128,4,8,37303,9271,4.0236220472440944,611172352,607584256,0.005870841487279843,False,True,False,1.0,2.0,"{""all_reduce:16384"":37303}","{""all_reduce:65536"":9271}"
decode,qwen3-8b,qwen3-8b,decode-tp4-b2-l128-m512,decode-tp8-b8-l8192-m128,4,8,37303,9271,4.0236220472440944,611172352,607584256,0.005870841487279843,False,True,False,1.0,2.0,"{""all_reduce:16384"":37303}","{""all_reduce:65536"":9271}"
decode,qwen3-8b,qwen3-8b,decode-tp4-b2-l2048-m512,decode-tp4-b8-l128-m128,4,4,37303,9271,4.0236220472440944,611172352,607584256,0.005870841487279843,False,False,False,1.0,2.0,"{""all_reduce:16384"":37303}","{""all_reduce:65536"":9271}"
decode,qwen3-8b,qwen3-8b,decode-tp4-b2-l2048-m512,decode-tp4-b8-l2048-m128,4,4,37303,9271,4.0236220472440944,611172352,607584256,0.005870841487279843,False,False,False,1.0,2.0,"{""all_reduce:16384"":37303}","{""all_reduce:65536"":9271}"
decode,qwen3-8b,qwen3-8b,decode-tp4-b2-l2048-m512,decode-tp4-b8-l8192-m128,4,4,37303,9271,4.0236220472440944,611172352,607584256,0.005870841487279843,False,False,False,1.0,2.0,"{""all_reduce:16384"":37303}","{""all_reduce:65536"":9271}"
decode,qwen3-8b,qwen3-8b,decode-tp4-b2-l2048-m512,decode-tp8-b8-l128-m128,4,8,37303,9271,4.0236220472440944,611172352,607584256,0.005870841487279843,False,True,False,1.0,2.0,"{""all_reduce:16384"":37303}","{""all_reduce:65536"":9271}"
decode,qwen3-8b,qwen3-8b,decode-tp4-b2-l2048-m512,decode-tp8-b8-l2048-m128,4,8,37303,9271,4.0236220472440944,611172352,607584256,0.005870841487279843,False,True,False,1.0,2.0,"{""all_reduce:16384"":37303}","{""all_reduce:65536"":9271}"
decode,qwen3-8b,qwen3-8b,decode-tp4-b2-l2048-m512,decode-tp8-b8-l8192-m128,4,8,37303,9271,4.0236220472440944,611172352,607584256,0.005870841487279843,False,True,False,1.0,2.0,"{""all_reduce:16384"":37303}","{""all_reduce:65536"":9271}"
decode,qwen3-8b,qwen3-8b,decode-tp4-b2-l8192-m512,decode-tp4-b8-l128-m128,4,4,37303,9271,4.0236220472440944,611172352,607584256,0.005870841487279843,False,False,False,1.0,2.0,"{""all_reduce:16384"":37303}","{""all_reduce:65536"":9271}"
decode,qwen3-8b,qwen3-8b,decode-tp4-b2-l8192-m512,decode-tp4-b8-l2048-m128,4,4,37303,9271,4.0236220472440944,611172352,607584256,0.005870841487279843,False,False,False,1.0,2.0,"{""all_reduce:16384"":37303}","{""all_reduce:65536"":9271}"
decode,qwen3-8b,qwen3-8b,decode-tp4-b2-l8192-m512,decode-tp4-b8-l8192-m128,4,4,37303,9271,4.0236220472440944,611172352,607584256,0.005870841487279843,False,False,False,1.0,2.0,"{""all_reduce:16384"":37303}","{""all_reduce:65536"":9271}"
decode,qwen3-8b,qwen3-8b,decode-tp4-b2-l8192-m512,decode-tp8-b8-l128-m128,4,8,37303,9271,4.0236220472440944,611172352,607584256,0.005870841487279843,False,True,False,1.0,2.0,"{""all_reduce:16384"":37303}","{""all_reduce:65536"":9271}"
decode,qwen3-8b,qwen3-8b,decode-tp4-b2-l8192-m512,decode-tp8-b8-l2048-m128,4,8,37303,9271,4.0236220472440944,611172352,607584256,0.005870841487279843,False,True,False,1.0,2.0,"{""all_reduce:16384"":37303}","{""all_reduce:65536"":9271}"
decode,qwen3-8b,qwen3-8b,decode-tp4-b2-l8192-m512,decode-tp8-b8-l8192-m128,4,8,37303,9271,4.0236220472440944,611172352,607584256,0.005870841487279843,False,True,False,1.0,2.0,"{""all_reduce:16384"":37303}","{""all_reduce:65536"":9271}"
decode,qwen3-8b,qwen3-8b,decode-tp4-b4-l128-m128,decode-tp8-b1-l128-m512,4,8,9271,37303,4.0236220472440944,303792128,305586176,0.005870841487279843,False,True,False,1.0,2.0,"{""all_reduce:32768"":9271}","{""all_reduce:8192"":37303}"
decode,qwen3-8b,qwen3-8b,decode-tp4-b4-l128-m128,decode-tp8-b1-l2048-m512,4,8,9271,37303,4.0236220472440944,303792128,305586176,0.005870841487279843,False,True,False,1.0,2.0,"{""all_reduce:32768"":9271}","{""all_reduce:8192"":37303}"
decode,qwen3-8b,qwen3-8b,decode-tp4-b4-l128-m128,decode-tp8-b1-l8192-m512,4,8,9271,37303,4.0236220472440944,303792128,305586176,0.005870841487279843,False,True,False,1.0,2.0,"{""all_reduce:32768"":9271}","{""all_reduce:8192"":37303}"
decode,qwen3-8b,qwen3-8b,decode-tp4-b4-l128-m512,decode-tp4-b16-l128-m128,4,4,37303,9271,4.0236220472440944,1222344704,1215168512,0.005870841487279843,False,False,False,1.0,2.0,"{""all_reduce:32768"":37303}","{""all_reduce:131072"":9271}"
decode,qwen3-8b,qwen3-8b,decode-tp4-b4-l128-m512,decode-tp4-b16-l2048-m128,4,4,37303,9271,4.0236220472440944,1222344704,1215168512,0.005870841487279843,False,False,False,1.0,2.0,"{""all_reduce:32768"":37303}","{""all_reduce:131072"":9271}"
decode,qwen3-8b,qwen3-8b,decode-tp4-b4-l128-m512,decode-tp4-b16-l8192-m128,4,4,37303,9271,4.0236220472440944,1222344704,1215168512,0.005870841487279843,False,False,False,1.0,2.0,"{""all_reduce:32768"":37303}","{""all_reduce:131072"":9271}"
decode,qwen3-8b,qwen3-8b,decode-tp4-b4-l128-m512,decode-tp8-b16-l128-m128,4,8,37303,9271,4.0236220472440944,1222344704,1215168512,0.005870841487279843,False,True,False,1.0,2.0,"{""all_reduce:32768"":37303}","{""all_reduce:131072"":9271}"
decode,qwen3-8b,qwen3-8b,decode-tp4-b4-l128-m512,decode-tp8-b16-l2048-m128,4,8,37303,9271,4.0236220472440944,1222344704,1215168512,0.005870841487279843,False,True,False,1.0,2.0,"{""all_reduce:32768"":37303}","{""all_reduce:131072"":9271}"
decode,qwen3-8b,qwen3-8b,decode-tp4-b4-l128-m512,decode-tp8-b16-l8192-m128,4,8,37303,9271,4.0236220472440944,1222344704,1215168512,0.005870841487279843,False,True,False,1.0,2.0,"{""all_reduce:32768"":37303}","{""all_reduce:131072"":9271}"
decode,qwen3-8b,qwen3-8b,decode-tp4-b4-l2048-m128,decode-tp8-b1-l128-m512,4,8,9271,37303,4.0236220472440944,303792128,305586176,0.005870841487279843,False,True,False,1.0,2.0,"{""all_reduce:32768"":9271}","{""all_reduce:8192"":37303}"
decode,qwen3-8b,qwen3-8b,decode-tp4-b4-l2048-m128,decode-tp8-b1-l2048-m512,4,8,9271,37303,4.0236220472440944,303792128,305586176,0.005870841487279843,False,True,False,1.0,2.0,"{""all_reduce:32768"":9271}","{""all_reduce:8192"":37303}"
decode,qwen3-8b,qwen3-8b,decode-tp4-b4-l2048-m128,decode-tp8-b1-l8192-m512,4,8,9271,37303,4.0236220472440944,303792128,305586176,0.005870841487279843,False,True,False,1.0,2.0,"{""all_reduce:32768"":9271}","{""all_reduce:8192"":37303}"
decode,qwen3-8b,qwen3-8b,decode-tp4-b4-l2048-m512,decode-tp4-b16-l128-m128,4,4,37303,9271,4.0236220472440944,1222344704,1215168512,0.005870841487279843,False,False,False,1.0,2.0,"{""all_reduce:32768"":37303}","{""all_reduce:131072"":9271}"
decode,qwen3-8b,qwen3-8b,decode-tp4-b4-l2048-m512,decode-tp4-b16-l2048-m128,4,4,37303,9271,4.0236220472440944,1222344704,1215168512,0.005870841487279843,False,False,False,1.0,2.0,"{""all_reduce:32768"":37303}","{""all_reduce:131072"":9271}"
decode,qwen3-8b,qwen3-8b,decode-tp4-b4-l2048-m512,decode-tp4-b16-l8192-m128,4,4,37303,9271,4.0236220472440944,1222344704,1215168512,0.005870841487279843,False,False,False,1.0,2.0,"{""all_reduce:32768"":37303}","{""all_reduce:131072"":9271}"
decode,qwen3-8b,qwen3-8b,decode-tp4-b4-l2048-m512,decode-tp8-b16-l128-m128,4,8,37303,9271,4.0236220472440944,1222344704,1215168512,0.005870841487279843,False,True,False,1.0,2.0,"{""all_reduce:32768"":37303}","{""all_reduce:131072"":9271}"
decode,qwen3-8b,qwen3-8b,decode-tp4-b4-l2048-m512,decode-tp8-b16-l2048-m128,4,8,37303,9271,4.0236220472440944,1222344704,1215168512,0.005870841487279843,False,True,False,1.0,2.0,"{""all_reduce:32768"":37303}","{""all_reduce:131072"":9271}"
decode,qwen3-8b,qwen3-8b,decode-tp4-b4-l2048-m512,decode-tp8-b16-l8192-m128,4,8,37303,9271,4.0236220472440944,1222344704,1215168512,0.005870841487279843,False,True,False,1.0,2.0,"{""all_reduce:32768"":37303}","{""all_reduce:131072"":9271}"
decode,qwen3-8b,qwen3-8b,decode-tp4-b4-l8192-m128,decode-tp8-b1-l128-m512,4,8,9271,37303,4.0236220472440944,303792128,305586176,0.005870841487279843,False,True,False,1.0,2.0,"{""all_reduce:32768"":9271}","{""all_reduce:8192"":37303}"
decode,qwen3-8b,qwen3-8b,decode-tp4-b4-l8192-m128,decode-tp8-b1-l2048-m512,4,8,9271,37303,4.0236220472440944,303792128,305586176,0.005870841487279843,False,True,False,1.0,2.0,"{""all_reduce:32768"":9271}","{""all_reduce:8192"":37303}"
decode,qwen3-8b,qwen3-8b,decode-tp4-b4-l8192-m128,decode-tp8-b1-l8192-m512,4,8,9271,37303,4.0236220472440944,303792128,305586176,0.005870841487279843,False,True,False,1.0,2.0,"{""all_reduce:32768"":9271}","{""all_reduce:8192"":37303}"
decode,qwen3-8b,qwen3-8b,decode-tp4-b4-l8192-m512,decode-tp4-b16-l128-m128,4,4,37303,9271,4.0236220472440944,1222344704,1215168512,0.005870841487279843,False,False,False,1.0,2.0,"{""all_reduce:32768"":37303}","{""all_reduce:131072"":9271}"
decode,qwen3-8b,qwen3-8b,decode-tp4-b4-l8192-m512,decode-tp4-b16-l2048-m128,4,4,37303,9271,4.0236220472440944,1222344704,1215168512,0.005870841487279843,False,False,False,1.0,2.0,"{""all_reduce:32768"":37303}","{""all_reduce:131072"":9271}"
decode,qwen3-8b,qwen3-8b,decode-tp4-b4-l8192-m512,decode-tp4-b16-l8192-m128,4,4,37303,9271,4.0236220472440944,1222344704,1215168512,0.005870841487279843,False,False,False,1.0,2.0,"{""all_reduce:32768"":37303}","{""all_reduce:131072"":9271}"
decode,qwen3-8b,qwen3-8b,decode-tp4-b4-l8192-m512,decode-tp8-b16-l128-m128,4,8,37303,9271,4.0236220472440944,1222344704,1215168512,0.005870841487279843,False,True,False,1.0,2.0,"{""all_reduce:32768"":37303}","{""all_reduce:131072"":9271}"
decode,qwen3-8b,qwen3-8b,decode-tp4-b4-l8192-m512,decode-tp8-b16-l2048-m128,4,8,37303,9271,4.0236220472440944,1222344704,1215168512,0.005870841487279843,False,True,False,1.0,2.0,"{""all_reduce:32768"":37303}","{""all_reduce:131072"":9271}"
decode,qwen3-8b,qwen3-8b,decode-tp4-b4-l8192-m512,decode-tp8-b16-l8192-m128,4,8,37303,9271,4.0236220472440944,1222344704,1215168512,0.005870841487279843,False,True,False,1.0,2.0,"{""all_reduce:32768"":37303}","{""all_reduce:131072"":9271}"
decode,qwen3-8b,qwen3-8b,decode-tp4-b8-l128-m128,decode-tp8-b2-l128-m512,4,8,9271,37303,4.0236220472440944,607584256,611172352,0.005870841487279843,False,True,False,1.0,2.0,"{""all_reduce:65536"":9271}","{""all_reduce:16384"":37303}"
decode,qwen3-8b,qwen3-8b,decode-tp4-b8-l128-m128,decode-tp8-b2-l2048-m512,4,8,9271,37303,4.0236220472440944,607584256,611172352,0.005870841487279843,False,True,False,1.0,2.0,"{""all_reduce:65536"":9271}","{""all_reduce:16384"":37303}"
decode,qwen3-8b,qwen3-8b,decode-tp4-b8-l128-m128,decode-tp8-b2-l8192-m512,4,8,9271,37303,4.0236220472440944,607584256,611172352,0.005870841487279843,False,True,False,1.0,2.0,"{""all_reduce:65536"":9271}","{""all_reduce:16384"":37303}"
decode,qwen3-8b,qwen3-8b,decode-tp4-b8-l2048-m128,decode-tp8-b2-l128-m512,4,8,9271,37303,4.0236220472440944,607584256,611172352,0.005870841487279843,False,True,False,1.0,2.0,"{""all_reduce:65536"":9271}","{""all_reduce:16384"":37303}"
decode,qwen3-8b,qwen3-8b,decode-tp4-b8-l2048-m128,decode-tp8-b2-l2048-m512,4,8,9271,37303,4.0236220472440944,607584256,611172352,0.005870841487279843,False,True,False,1.0,2.0,"{""all_reduce:65536"":9271}","{""all_reduce:16384"":37303}"
decode,qwen3-8b,qwen3-8b,decode-tp4-b8-l2048-m128,decode-tp8-b2-l8192-m512,4,8,9271,37303,4.0236220472440944,607584256,611172352,0.005870841487279843,False,True,False,1.0,2.0,"{""all_reduce:65536"":9271}","{""all_reduce:16384"":37303}"
decode,qwen3-8b,qwen3-8b,decode-tp4-b8-l8192-m128,decode-tp8-b2-l128-m512,4,8,9271,37303,4.0236220472440944,607584256,611172352,0.005870841487279843,False,True,False,1.0,2.0,"{""all_reduce:65536"":9271}","{""all_reduce:16384"":37303}"
decode,qwen3-8b,qwen3-8b,decode-tp4-b8-l8192-m128,decode-tp8-b2-l2048-m512,4,8,9271,37303,4.0236220472440944,607584256,611172352,0.005870841487279843,False,True,False,1.0,2.0,"{""all_reduce:65536"":9271}","{""all_reduce:16384"":37303}"
decode,qwen3-8b,qwen3-8b,decode-tp4-b8-l8192-m128,decode-tp8-b2-l8192-m512,4,8,9271,37303,4.0236220472440944,607584256,611172352,0.005870841487279843,False,True,False,1.0,2.0,"{""all_reduce:65536"":9271}","{""all_reduce:16384"":37303}"
decode,qwen3-8b,qwen3-8b,decode-tp4-b16-l128-m128,decode-tp8-b4-l128-m512,4,8,9271,37303,4.0236220472440944,1215168512,1222344704,0.005870841487279843,False,True,False,1.0,2.0,"{""all_reduce:131072"":9271}","{""all_reduce:32768"":37303}"
decode,qwen3-8b,qwen3-8b,decode-tp4-b16-l128-m128,decode-tp8-b4-l2048-m512,4,8,9271,37303,4.0236220472440944,1215168512,1222344704,0.005870841487279843,False,True,False,1.0,2.0,"{""all_reduce:131072"":9271}","{""all_reduce:32768"":37303}"
decode,qwen3-8b,qwen3-8b,decode-tp4-b16-l128-m128,decode-tp8-b4-l8192-m512,4,8,9271,37303,4.0236220472440944,1215168512,1222344704,0.005870841487279843,False,True,False,1.0,2.0,"{""all_reduce:131072"":9271}","{""all_reduce:32768"":37303}"
decode,qwen3-8b,qwen3-8b,decode-tp4-b16-l2048-m128,decode-tp8-b4-l128-m512,4,8,9271,37303,4.0236220472440944,1215168512,1222344704,0.005870841487279843,False,True,False,1.0,2.0,"{""all_reduce:131072"":9271}","{""all_reduce:32768"":37303}"
decode,qwen3-8b,qwen3-8b,decode-tp4-b16-l2048-m128,decode-tp8-b4-l2048-m512,4,8,9271,37303,4.0236220472440944,1215168512,1222344704,0.005870841487279843,False,True,False,1.0,2.0,"{""all_reduce:131072"":9271}","{""all_reduce:32768"":37303}"
decode,qwen3-8b,qwen3-8b,decode-tp4-b16-l2048-m128,decode-tp8-b4-l8192-m512,4,8,9271,37303,4.0236220472440944,1215168512,1222344704,0.005870841487279843,False,True,False,1.0,2.0,"{""all_reduce:131072"":9271}","{""all_reduce:32768"":37303}"
decode,qwen3-8b,qwen3-8b,decode-tp4-b16-l8192-m128,decode-tp8-b4-l128-m512,4,8,9271,37303,4.0236220472440944,1215168512,1222344704,0.005870841487279843,False,True,False,1.0,2.0,"{""all_reduce:131072"":9271}","{""all_reduce:32768"":37303}"
decode,qwen3-8b,qwen3-8b,decode-tp4-b16-l8192-m128,decode-tp8-b4-l2048-m512,4,8,9271,37303,4.0236220472440944,1215168512,1222344704,0.005870841487279843,False,True,False,1.0,2.0,"{""all_reduce:131072"":9271}","{""all_reduce:32768"":37303}"
decode,qwen3-8b,qwen3-8b,decode-tp4-b16-l8192-m128,decode-tp8-b4-l8192-m512,4,8,9271,37303,4.0236220472440944,1215168512,1222344704,0.005870841487279843,False,True,False,1.0,2.0,"{""all_reduce:131072"":9271}","{""all_reduce:32768"":37303}"
decode,qwen3-8b,qwen3-8b,decode-tp8-b1-l128-m512,decode-tp8-b4-l128-m128,8,8,37303,9271,4.0236220472440944,305586176,303792128,0.005870841487279843,False,False,False,1.0,2.0,"{""all_reduce:8192"":37303}","{""all_reduce:32768"":9271}"
decode,qwen3-8b,qwen3-8b,decode-tp8-b1-l128-m512,decode-tp8-b4-l2048-m128,8,8,37303,9271,4.0236220472440944,305586176,303792128,0.005870841487279843,False,False,False,1.0,2.0,"{""all_reduce:8192"":37303}","{""all_reduce:32768"":9271}"
decode,qwen3-8b,qwen3-8b,decode-tp8-b1-l128-m512,decode-tp8-b4-l8192-m128,8,8,37303,9271,4.0236220472440944,305586176,303792128,0.005870841487279843,False,False,False,1.0,2.0,"{""all_reduce:8192"":37303}","{""all_reduce:32768"":9271}"
decode,qwen3-8b,qwen3-8b,decode-tp8-b1-l2048-m512,decode-tp8-b4-l128-m128,8,8,37303,9271,4.0236220472440944,305586176,303792128,0.005870841487279843,False,False,False,1.0,2.0,"{""all_reduce:8192"":37303}","{""all_reduce:32768"":9271}"
decode,qwen3-8b,qwen3-8b,decode-tp8-b1-l2048-m512,decode-tp8-b4-l2048-m128,8,8,37303,9271,4.0236220472440944,305586176,303792128,0.005870841487279843,False,False,False,1.0,2.0,"{""all_reduce:8192"":37303}","{""all_reduce:32768"":9271}"
decode,qwen3-8b,qwen3-8b,decode-tp8-b1-l2048-m512,decode-tp8-b4-l8192-m128,8,8,37303,9271,4.0236220472440944,305586176,303792128,0.005870841487279843,False,False,False,1.0,2.0,"{""all_reduce:8192"":37303}","{""all_reduce:32768"":9271}"
decode,qwen3-8b,qwen3-8b,decode-tp8-b1-l8192-m512,decode-tp8-b4-l128-m128,8,8,37303,9271,4.0236220472440944,305586176,303792128,0.005870841487279843,False,False,False,1.0,2.0,"{""all_reduce:8192"":37303}","{""all_reduce:32768"":9271}"
decode,qwen3-8b,qwen3-8b,decode-tp8-b1-l8192-m512,decode-tp8-b4-l2048-m128,8,8,37303,9271,4.0236220472440944,305586176,303792128,0.005870841487279843,False,False,False,1.0,2.0,"{""all_reduce:8192"":37303}","{""all_reduce:32768"":9271}"
decode,qwen3-8b,qwen3-8b,decode-tp8-b1-l8192-m512,decode-tp8-b4-l8192-m128,8,8,37303,9271,4.0236220472440944,305586176,303792128,0.005870841487279843,False,False,False,1.0,2.0,"{""all_reduce:8192"":37303}","{""all_reduce:32768"":9271}"
decode,qwen3-8b,qwen3-8b,decode-tp8-b2-l128-m512,decode-tp8-b8-l128-m128,8,8,37303,9271,4.0236220472440944,611172352,607584256,0.005870841487279843,False,False,False,1.0,2.0,"{""all_reduce:16384"":37303}","{""all_reduce:65536"":9271}"
decode,qwen3-8b,qwen3-8b,decode-tp8-b2-l128-m512,decode-tp8-b8-l2048-m128,8,8,37303,9271,4.0236220472440944,611172352,607584256,0.005870841487279843,False,False,False,1.0,2.0,"{""all_reduce:16384"":37303}","{""all_reduce:65536"":9271}"
decode,qwen3-8b,qwen3-8b,decode-tp8-b2-l128-m512,decode-tp8-b8-l8192-m128,8,8,37303,9271,4.0236220472440944,611172352,607584256,0.005870841487279843,False,False,False,1.0,2.0,"{""all_reduce:16384"":37303}","{""all_reduce:65536"":9271}"
decode,qwen3-8b,qwen3-8b,decode-tp8-b2-l2048-m512,decode-tp8-b8-l128-m128,8,8,37303,9271,4.0236220472440944,611172352,607584256,0.005870841487279843,False,False,False,1.0,2.0,"{""all_reduce:16384"":37303}","{""all_reduce:65536"":9271}"
decode,qwen3-8b,qwen3-8b,decode-tp8-b2-l2048-m512,decode-tp8-b8-l2048-m128,8,8,37303,9271,4.0236220472440944,611172352,607584256,0.005870841487279843,False,False,False,1.0,2.0,"{""all_reduce:16384"":37303}","{""all_reduce:65536"":9271}"
decode,qwen3-8b,qwen3-8b,decode-tp8-b2-l2048-m512,decode-tp8-b8-l8192-m128,8,8,37303,9271,4.0236220472440944,611172352,607584256,0.005870841487279843,False,False,False,1.0,2.0,"{""all_reduce:16384"":37303}","{""all_reduce:65536"":9271}"
decode,qwen3-8b,qwen3-8b,decode-tp8-b2-l8192-m512,decode-tp8-b8-l128-m128,8,8,37303,9271,4.0236220472440944,611172352,607584256,0.005870841487279843,False,False,False,1.0,2.0,"{""all_reduce:16384"":37303}","{""all_reduce:65536"":9271}"
decode,qwen3-8b,qwen3-8b,decode-tp8-b2-l8192-m512,decode-tp8-b8-l2048-m128,8,8,37303,9271,4.0236220472440944,611172352,607584256,0.005870841487279843,False,False,False,1.0,2.0,"{""all_reduce:16384"":37303}","{""all_reduce:65536"":9271}"
decode,qwen3-8b,qwen3-8b,decode-tp8-b2-l8192-m512,decode-tp8-b8-l8192-m128,8,8,37303,9271,4.0236220472440944,611172352,607584256,0.005870841487279843,False,False,False,1.0,2.0,"{""all_reduce:16384"":37303}","{""all_reduce:65536"":9271}"
decode,qwen3-8b,qwen3-8b,decode-tp8-b4-l128-m512,decode-tp8-b16-l128-m128,8,8,37303,9271,4.0236220472440944,1222344704,1215168512,0.005870841487279843,False,False,False,1.0,2.0,"{""all_reduce:32768"":37303}","{""all_reduce:131072"":9271}"
decode,qwen3-8b,qwen3-8b,decode-tp8-b4-l128-m512,decode-tp8-b16-l2048-m128,8,8,37303,9271,4.0236220472440944,1222344704,1215168512,0.005870841487279843,False,False,False,1.0,2.0,"{""all_reduce:32768"":37303}","{""all_reduce:131072"":9271}"
decode,qwen3-8b,qwen3-8b,decode-tp8-b4-l128-m512,decode-tp8-b16-l8192-m128,8,8,37303,9271,4.0236220472440944,1222344704,1215168512,0.005870841487279843,False,False,False,1.0,2.0,"{""all_reduce:32768"":37303}","{""all_reduce:131072"":9271}"
decode,qwen3-8b,qwen3-8b,decode-tp8-b4-l2048-m512,decode-tp8-b16-l128-m128,8,8,37303,9271,4.0236220472440944,1222344704,1215168512,0.005870841487279843,False,False,False,1.0,2.0,"{""all_reduce:32768"":37303}","{""all_reduce:131072"":9271}"
decode,qwen3-8b,qwen3-8b,decode-tp8-b4-l2048-m512,decode-tp8-b16-l2048-m128,8,8,37303,9271,4.0236220472440944,1222344704,1215168512,0.005870841487279843,False,False,False,1.0,2.0,"{""all_reduce:32768"":37303}","{""all_reduce:131072"":9271}"
decode,qwen3-8b,qwen3-8b,decode-tp8-b4-l2048-m512,decode-tp8-b16-l8192-m128,8,8,37303,9271,4.0236220472440944,1222344704,1215168512,0.005870841487279843,False,False,False,1.0,2.0,"{""all_reduce:32768"":37303}","{""all_reduce:131072"":9271}"
decode,qwen3-8b,qwen3-8b,decode-tp8-b4-l8192-m512,decode-tp8-b16-l128-m128,8,8,37303,9271,4.0236220472440944,1222344704,1215168512,0.005870841487279843,False,False,False,1.0,2.0,"{""all_reduce:32768"":37303}","{""all_reduce:131072"":9271}"
decode,qwen3-8b,qwen3-8b,decode-tp8-b4-l8192-m512,decode-tp8-b16-l2048-m128,8,8,37303,9271,4.0236220472440944,1222344704,1215168512,0.005870841487279843,False,False,False,1.0,2.0,"{""all_reduce:32768"":37303}","{""all_reduce:131072"":9271}"
decode,qwen3-8b,qwen3-8b,decode-tp8-b4-l8192-m512,decode-tp8-b16-l8192-m128,8,8,37303,9271,4.0236220472440944,1222344704,1215168512,0.005870841487279843,False,False,False,1.0,2.0,"{""all_reduce:32768"":37303}","{""all_reduce:131072"":9271}"
decode,deepseek-v2-lite,deepseek-v2-lite,decode-tp2-b1-l128-m512,decode-tp2-b4-l128-m128,2,2,28105,6985,4.0236220472440944,115118080,114442240,0.005870841487279843,False,False,False,1.0,2.0,"{""all_reduce:4096"":28105}","{""all_reduce:16384"":6985}"
decode,deepseek-v2-lite,deepseek-v2-lite,decode-tp2-b1-l128-m512,decode-tp2-b4-l2048-m128,2,2,28105,6985,4.0236220472440944,115118080,114442240,0.005870841487279843,False,False,False,1.0,2.0,"{""all_reduce:4096"":28105}","{""all_reduce:16384"":6985}"
decode,deepseek-v2-lite,deepseek-v2-lite,decode-tp2-b1-l128-m512,decode-tp2-b4-l8192-m128,2,2,28105,6985,4.0236220472440944,115118080,114442240,0.005870841487279843,False,False,False,1.0,2.0,"{""all_reduce:4096"":28105}","{""all_reduce:16384"":6985}"
decode,deepseek-v2-lite,deepseek-v2-lite,decode-tp2-b1-l128-m512,decode-tp4-b4-l128-m128,2,4,28105,6985,4.0236220472440944,115118080,114442240,0.005870841487279843,False,True,False,1.0,2.0,"{""all_reduce:4096"":28105}","{""all_reduce:16384"":6985}"
decode,deepseek-v2-lite,deepseek-v2-lite,decode-tp2-b1-l128-m512,decode-tp4-b4-l2048-m128,2,4,28105,6985,4.0236220472440944,115118080,114442240,0.005870841487279843,False,True,False,1.0,2.0,"{""all_reduce:4096"":28105}","{""all_reduce:16384"":6985}"
decode,deepseek-v2-lite,deepseek-v2-lite,decode-tp2-b1-l128-m512,decode-tp4-b4-l8192-m128,2,4,28105,6985,4.0236220472440944,115118080,114442240,0.005870841487279843,False,True,False,1.0,2.0,"{""all_reduce:4096"":28105}","{""all_reduce:16384"":6985}"
decode,deepseek-v2-lite,deepseek-v2-lite,decode-tp2-b1-l128-m512,decode-tp8-b4-l128-m128,2,8,28105,6985,4.0236220472440944,115118080,114442240,0.005870841487279843,False,True,False,1.0,2.0,"{""all_reduce:4096"":28105}","{""all_reduce:16384"":6985}"
decode,deepseek-v2-lite,deepseek-v2-lite,decode-tp2-b1-l128-m512,decode-tp8-b4-l2048-m128,2,8,28105,6985,4.0236220472440944,115118080,114442240,0.005870841487279843,False,True,False,1.0,2.0,"{""all_reduce:4096"":28105}","{""all_reduce:16384"":6985}"
decode,deepseek-v2-lite,deepseek-v2-lite,decode-tp2-b1-l128-m512,decode-tp8-b4-l8192-m128,2,8,28105,6985,4.0236220472440944,115118080,114442240,0.005870841487279843,False,True,False,1.0,2.0,"{""all_reduce:4096"":28105}","{""all_reduce:16384"":6985}"
decode,deepseek-v2-lite,deepseek-v2-lite,decode-tp2-b1-l2048-m512,decode-tp2-b4-l128-m128,2,2,28105,6985,4.0236220472440944,115118080,114442240,0.005870841487279843,False,False,False,1.0,2.0,"{""all_reduce:4096"":28105}","{""all_reduce:16384"":6985}"
decode,deepseek-v2-lite,deepseek-v2-lite,decode-tp2-b1-l2048-m512,decode-tp2-b4-l2048-m128,2,2,28105,6985,4.0236220472440944,115118080,114442240,0.005870841487279843,False,False,False,1.0,2.0,"{""all_reduce:4096"":28105}","{""all_reduce:16384"":6985}"
decode,deepseek-v2-lite,deepseek-v2-lite,decode-tp2-b1-l2048-m512,decode-tp2-b4-l8192-m128,2,2,28105,6985,4.0236220472440944,115118080,114442240,0.005870841487279843,False,False,False,1.0,2.0,"{""all_reduce:4096"":28105}","{""all_reduce:16384"":6985}"
decode,deepseek-v2-lite,deepseek-v2-lite,decode-tp2-b1-l2048-m512,decode-tp4-b4-l128-m128,2,4,28105,6985,4.0236220472440944,115118080,114442240,0.005870841487279843,False,True,False,1.0,2.0,"{""all_reduce:4096"":28105}","{""all_reduce:16384"":6985}"
decode,deepseek-v2-lite,deepseek-v2-lite,decode-tp2-b1-l2048-m512,decode-tp4-b4-l2048-m128,2,4,28105,6985,4.0236220472440944,115118080,114442240,0.005870841487279843,False,True,False,1.0,2.0,"{""all_reduce:4096"":28105}","{""all_reduce:16384"":6985}"
decode,deepseek-v2-lite,deepseek-v2-lite,decode-tp2-b1-l2048-m512,decode-tp4-b4-l8192-m128,2,4,28105,6985,4.0236220472440944,115118080,114442240,0.005870841487279843,False,True,False,1.0,2.0,"{""all_reduce:4096"":28105}","{""all_reduce:16384"":6985}"
decode,deepseek-v2-lite,deepseek-v2-lite,decode-tp2-b1-l2048-m512,decode-tp8-b4-l128-m128,2,8,28105,6985,4.0236220472440944,115118080,114442240,0.005870841487279843,False,True,False,1.0,2.0,"{""all_reduce:4096"":28105}","{""all_reduce:16384"":6985}"
decode,deepseek-v2-lite,deepseek-v2-lite,decode-tp2-b1-l2048-m512,decode-tp8-b4-l2048-m128,2,8,28105,6985,4.0236220472440944,115118080,114442240,0.005870841487279843,False,True,False,1.0,2.0,"{""all_reduce:4096"":28105}","{""all_reduce:16384"":6985}"
decode,deepseek-v2-lite,deepseek-v2-lite,decode-tp2-b1-l2048-m512,decode-tp8-b4-l8192-m128,2,8,28105,6985,4.0236220472440944,115118080,114442240,0.005870841487279843,False,True,False,1.0,2.0,"{""all_reduce:4096"":28105}","{""all_reduce:16384"":6985}"
decode,deepseek-v2-lite,deepseek-v2-lite,decode-tp2-b1-l8192-m512,decode-tp2-b4-l128-m128,2,2,28105,6985,4.0236220472440944,115118080,114442240,0.005870841487279843,False,False,False,1.0,2.0,"{""all_reduce:4096"":28105}","{""all_reduce:16384"":6985}"
decode,deepseek-v2-lite,deepseek-v2-lite,decode-tp2-b1-l8192-m512,decode-tp2-b4-l2048-m128,2,2,28105,6985,4.0236220472440944,115118080,114442240,0.005870841487279843,False,False,False,1.0,2.0,"{""all_reduce:4096"":28105}","{""all_reduce:16384"":6985}"
decode,deepseek-v2-lite,deepseek-v2-lite,decode-tp2-b1-l8192-m512,decode-tp2-b4-l8192-m128,2,2,28105,6985,4.0236220472440944,115118080,114442240,0.005870841487279843,False,False,False,1.0,2.0,"{""all_reduce:4096"":28105}","{""all_reduce:16384"":6985}"
decode,deepseek-v2-lite,deepseek-v2-lite,decode-tp2-b1-l8192-m512,decode-tp4-b4-l128-m128,2,4,28105,6985,4.0236220472440944,115118080,114442240,0.005870841487279843,False,True,False,1.0,2.0,"{""all_reduce:4096"":28105}","{""all_reduce:16384"":6985}"
decode,deepseek-v2-lite,deepseek-v2-lite,decode-tp2-b1-l8192-m512,decode-tp4-b4-l2048-m128,2,4,28105,6985,4.0236220472440944,115118080,114442240,0.005870841487279843,False,True,False,1.0,2.0,"{""all_reduce:4096"":28105}","{""all_reduce:16384"":6985}"
decode,deepseek-v2-lite,deepseek-v2-lite,decode-tp2-b1-l8192-m512,decode-tp4-b4-l8192-m128,2,4,28105,6985,4.0236220472440944,115118080,114442240,0.005870841487279843,False,True,False,1.0,2.0,"{""all_reduce:4096"":28105}","{""all_reduce:16384"":6985}"
decode,deepseek-v2-lite,deepseek-v2-lite,decode-tp2-b1-l8192-m512,decode-tp8-b4-l128-m128,2,8,28105,6985,4.0236220472440944,115118080,114442240,0.005870841487279843,False,True,False,1.0,2.0,"{""all_reduce:4096"":28105}","{""all_reduce:16384"":6985}"
decode,deepseek-v2-lite,deepseek-v2-lite,decode-tp2-b1-l8192-m512,decode-tp8-b4-l2048-m128,2,8,28105,6985,4.0236220472440944,115118080,114442240,0.005870841487279843,False,True,False,1.0,2.0,"{""all_reduce:4096"":28105}","{""all_reduce:16384"":6985}"
decode,deepseek-v2-lite,deepseek-v2-lite,decode-tp2-b1-l8192-m512,decode-tp8-b4-l8192-m128,2,8,28105,6985,4.0236220472440944,115118080,114442240,0.005870841487279843,False,True,False,1.0,2.0,"{""all_reduce:4096"":28105}","{""all_reduce:16384"":6985}"
decode,deepseek-v2-lite,deepseek-v2-lite,decode-tp2-b2-l128-m512,decode-tp2-b8-l128-m128,2,2,28105,6985,4.0236220472440944,230236160,228884480,0.005870841487279843,False,False,False,1.0,2.0,"{""all_reduce:8192"":28105}","{""all_reduce:32768"":6985}"
decode,deepseek-v2-lite,deepseek-v2-lite,decode-tp2-b2-l128-m512,decode-tp2-b8-l2048-m128,2,2,28105,6985,4.0236220472440944,230236160,228884480,0.005870841487279843,False,False,False,1.0,2.0,"{""all_reduce:8192"":28105}","{""all_reduce:32768"":6985}"
decode,deepseek-v2-lite,deepseek-v2-lite,decode-tp2-b2-l128-m512,decode-tp2-b8-l8192-m128,2,2,28105,6985,4.0236220472440944,230236160,228884480,0.005870841487279843,False,False,False,1.0,2.0,"{""all_reduce:8192"":28105}","{""all_reduce:32768"":6985}"
decode,deepseek-v2-lite,deepseek-v2-lite,decode-tp2-b2-l128-m512,decode-tp4-b8-l128-m128,2,4,28105,6985,4.0236220472440944,230236160,228884480,0.005870841487279843,False,True,False,1.0,2.0,"{""all_reduce:8192"":28105}","{""all_reduce:32768"":6985}"
decode,deepseek-v2-lite,deepseek-v2-lite,decode-tp2-b2-l128-m512,decode-tp4-b8-l2048-m128,2,4,28105,6985,4.0236220472440944,230236160,228884480,0.005870841487279843,False,True,False,1.0,2.0,"{""all_reduce:8192"":28105}","{""all_reduce:32768"":6985}"
decode,deepseek-v2-lite,deepseek-v2-lite,decode-tp2-b2-l128-m512,decode-tp4-b8-l8192-m128,2,4,28105,6985,4.0236220472440944,230236160,228884480,0.005870841487279843,False,True,False,1.0,2.0,"{""all_reduce:8192"":28105}","{""all_reduce:32768"":6985}"
decode,deepseek-v2-lite,deepseek-v2-lite,decode-tp2-b2-l128-m512,decode-tp8-b8-l128-m128,2,8,28105,6985,4.0236220472440944,230236160,228884480,0.005870841487279843,False,True,False,1.0,2.0,"{""all_reduce:8192"":28105}","{""all_reduce:32768"":6985}"
decode,deepseek-v2-lite,deepseek-v2-lite,decode-tp2-b2-l128-m512,decode-tp8-b8-l2048-m128,2,8,28105,6985,4.0236220472440944,230236160,228884480,0.005870841487279843,False,True,False,1.0,2.0,"{""all_reduce:8192"":28105}","{""all_reduce:32768"":6985}"
decode,deepseek-v2-lite,deepseek-v2-lite,decode-tp2-b2-l128-m512,decode-tp8-b8-l8192-m128,2,8,28105,6985,4.0236220472440944,230236160,228884480,0.005870841487279843,False,True,False,1.0,2.0,"{""all_reduce:8192"":28105}","{""all_reduce:32768"":6985}"
decode,deepseek-v2-lite,deepseek-v2-lite,decode-tp2-b2-l2048-m512,decode-tp2-b8-l128-m128,2,2,28105,6985,4.0236220472440944,230236160,228884480,0.005870841487279843,False,False,False,1.0,2.0,"{""all_reduce:8192"":28105}","{""all_reduce:32768"":6985}"
decode,deepseek-v2-lite,deepseek-v2-lite,decode-tp2-b2-l2048-m512,decode-tp2-b8-l2048-m128,2,2,28105,6985,4.0236220472440944,230236160,228884480,0.005870841487279843,False,False,False,1.0,2.0,"{""all_reduce:8192"":28105}","{""all_reduce:32768"":6985}"
decode,deepseek-v2-lite,deepseek-v2-lite,decode-tp2-b2-l2048-m512,decode-tp2-b8-l8192-m128,2,2,28105,6985,4.0236220472440944,230236160,228884480,0.005870841487279843,False,False,False,1.0,2.0,"{""all_reduce:8192"":28105}","{""all_reduce:32768"":6985}"
decode,deepseek-v2-lite,deepseek-v2-lite,decode-tp2-b2-l2048-m512,decode-tp4-b8-l128-m128,2,4,28105,6985,4.0236220472440944,230236160,228884480,0.005870841487279843,False,True,False,1.0,2.0,"{""all_reduce:8192"":28105}","{""all_reduce:32768"":6985}"
decode,deepseek-v2-lite,deepseek-v2-lite,decode-tp2-b2-l2048-m512,decode-tp4-b8-l2048-m128,2,4,28105,6985,4.0236220472440944,230236160,228884480,0.005870841487279843,False,True,False,1.0,2.0,"{""all_reduce:8192"":28105}","{""all_reduce:32768"":6985}"
decode,deepseek-v2-lite,deepseek-v2-lite,decode-tp2-b2-l2048-m512,decode-tp4-b8-l8192-m128,2,4,28105,6985,4.0236220472440944,230236160,228884480,0.005870841487279843,False,True,False,1.0,2.0,"{""all_reduce:8192"":28105}","{""all_reduce:32768"":6985}"
decode,deepseek-v2-lite,deepseek-v2-lite,decode-tp2-b2-l2048-m512,decode-tp8-b8-l128-m128,2,8,28105,6985,4.0236220472440944,230236160,228884480,0.005870841487279843,False,True,False,1.0,2.0,"{""all_reduce:8192"":28105}","{""all_reduce:32768"":6985}"
decode,deepseek-v2-lite,deepseek-v2-lite,decode-tp2-b2-l2048-m512,decode-tp8-b8-l2048-m128,2,8,28105,6985,4.0236220472440944,230236160,228884480,0.005870841487279843,False,True,False,1.0,2.0,"{""all_reduce:8192"":28105}","{""all_reduce:32768"":6985}"
decode,deepseek-v2-lite,deepseek-v2-lite,decode-tp2-b2-l2048-m512,decode-tp8-b8-l8192-m128,2,8,28105,6985,4.0236220472440944,230236160,228884480,0.005870841487279843,False,True,False,1.0,2.0,"{""all_reduce:8192"":28105}","{""all_reduce:32768"":6985}"
decode,deepseek-v2-lite,deepseek-v2-lite,decode-tp2-b2-l8192-m512,decode-tp2-b8-l128-m128,2,2,28105,6985,4.0236220472440944,230236160,228884480,0.005870841487279843,False,False,False,1.0,2.0,"{""all_reduce:8192"":28105}","{""all_reduce:32768"":6985}"
decode,deepseek-v2-lite,deepseek-v2-lite,decode-tp2-b2-l8192-m512,decode-tp2-b8-l2048-m128,2,2,28105,6985,4.0236220472440944,230236160,228884480,0.005870841487279843,False,False,False,1.0,2.0,"{""all_reduce:8192"":28105}","{""all_reduce:32768"":6985}"
decode,deepseek-v2-lite,deepseek-v2-lite,decode-tp2-b2-l8192-m512,decode-tp2-b8-l8192-m128,2,2,28105,6985,4.0236220472440944,230236160,228884480,0.005870841487279843,False,False,False,1.0,2.0,"{""all_reduce:8192"":28105}","{""all_reduce:32768"":6985}"
decode,deepseek-v2-lite,deepseek-v2-lite,decode-tp2-b2-l8192-m512,decode-tp4-b8-l128-m128,2,4,28105,6985,4.0236220472440944,230236160,228884480,0.005870841487279843,False,True,False,1.0,2.0,"{""all_reduce:8192"":28105}","{""all_reduce:32768"":6985}"
decode,deepseek-v2-lite,deepseek-v2-lite,decode-tp2-b2-l8192-m512,decode-tp4-b8-l2048-m128,2,4,28105,6985,4.0236220472440944,230236160,228884480,0.005870841487279843,False,True,False,1.0,2.0,"{""all_reduce:8192"":28105}","{""all_reduce:32768"":6985}"
decode,deepseek-v2-lite,deepseek-v2-lite,decode-tp2-b2-l8192-m512,decode-tp4-b8-l8192-m128,2,4,28105,6985,4.0236220472440944,230236160,228884480,0.005870841487279843,False,True,False,1.0,2.0,"{""all_reduce:8192"":28105}","{""all_reduce:32768"":6985}"
decode,deepseek-v2-lite,deepseek-v2-lite,decode-tp2-b2-l8192-m512,decode-tp8-b8-l128-m128,2,8,28105,6985,4.0236220472440944,230236160,228884480,0.005870841487279843,False,True,False,1.0,2.0,"{""all_reduce:8192"":28105}","{""all_reduce:32768"":6985}"
decode,deepseek-v2-lite,deepseek-v2-lite,decode-tp2-b2-l8192-m512,decode-tp8-b8-l2048-m128,2,8,28105,6985,4.0236220472440944,230236160,228884480,0.005870841487279843,False,True,False,1.0,2.0,"{""all_reduce:8192"":28105}","{""all_reduce:32768"":6985}"
decode,deepseek-v2-lite,deepseek-v2-lite,decode-tp2-b2-l8192-m512,decode-tp8-b8-l8192-m128,2,8,28105,6985,4.0236220472440944,230236160,228884480,0.005870841487279843,False,True,False,1.0,2.0,"{""all_reduce:8192"":28105}","{""all_reduce:32768"":6985}"
decode,deepseek-v2-lite,deepseek-v2-lite,decode-tp2-b4-l128-m128,decode-tp4-b1-l128-m512,2,4,6985,28105,4.0236220472440944,114442240,115118080,0.005870841487279843,False,True,False,1.0,2.0,"{""all_reduce:16384"":6985}","{""all_reduce:4096"":28105}"
decode,deepseek-v2-lite,deepseek-v2-lite,decode-tp2-b4-l128-m128,decode-tp4-b1-l2048-m512,2,4,6985,28105,4.0236220472440944,114442240,115118080,0.005870841487279843,False,True,False,1.0,2.0,"{""all_reduce:16384"":6985}","{""all_reduce:4096"":28105}"
decode,deepseek-v2-lite,deepseek-v2-lite,decode-tp2-b4-l128-m128,decode-tp4-b1-l8192-m512,2,4,6985,28105,4.0236220472440944,114442240,115118080,0.005870841487279843,False,True,False,1.0,2.0,"{""all_reduce:16384"":6985}","{""all_reduce:4096"":28105}"
decode,deepseek-v2-lite,deepseek-v2-lite,decode-tp2-b4-l128-m128,decode-tp8-b1-l128-m512,2,8,6985,28105,4.0236220472440944,114442240,115118080,0.005870841487279843,False,True,False,1.0,2.0,"{""all_reduce:16384"":6985}","{""all_reduce:4096"":28105}"
decode,deepseek-v2-lite,deepseek-v2-lite,decode-tp2-b4-l128-m128,decode-tp8-b1-l2048-m512,2,8,6985,28105,4.0236220472440944,114442240,115118080,0.005870841487279843,False,True,False,1.0,2.0,"{""all_reduce:16384"":6985}","{""all_reduce:4096"":28105}"
decode,deepseek-v2-lite,deepseek-v2-lite,decode-tp2-b4-l128-m128,decode-tp8-b1-l8192-m512,2,8,6985,28105,4.0236220472440944,114442240,115118080,0.005870841487279843,False,True,False,1.0,2.0,"{""all_reduce:16384"":6985}","{""all_reduce:4096"":28105}"
decode,deepseek-v2-lite,deepseek-v2-lite,decode-tp2-b4-l128-m512,decode-tp2-b16-l128-m128,2,2,28105,6985,4.0236220472440944,460472320,457768960,0.005870841487279843,False,False,False,1.0,2.0,"{""all_reduce:16384"":28105}","{""all_reduce:65536"":6985}"
decode,deepseek-v2-lite,deepseek-v2-lite,decode-tp2-b4-l128-m512,decode-tp2-b16-l2048-m128,2,2,28105,6985,4.0236220472440944,460472320,457768960,0.005870841487279843,False,False,False,1.0,2.0,"{""all_reduce:16384"":28105}","{""all_reduce:65536"":6985}"
decode,deepseek-v2-lite,deepseek-v2-lite,decode-tp2-b4-l128-m512,decode-tp2-b16-l8192-m128,2,2,28105,6985,4.0236220472440944,460472320,457768960,0.005870841487279843,False,False,False,1.0,2.0,"{""all_reduce:16384"":28105}","{""all_reduce:65536"":6985}"
decode,deepseek-v2-lite,deepseek-v2-lite,decode-tp2-b4-l128-m512,decode-tp4-b16-l128-m128,2,4,28105,6985,4.0236220472440944,460472320,457768960,0.005870841487279843,False,True,False,1.0,2.0,"{""all_reduce:16384"":28105}","{""all_reduce:65536"":6985}"
decode,deepseek-v2-lite,deepseek-v2-lite,decode-tp2-b4-l128-m512,decode-tp4-b16-l2048-m128,2,4,28105,6985,4.0236220472440944,460472320,457768960,0.005870841487279843,False,True,False,1.0,2.0,"{""all_reduce:16384"":28105}","{""all_reduce:65536"":6985}"
decode,deepseek-v2-lite,deepseek-v2-lite,decode-tp2-b4-l128-m512,decode-tp4-b16-l8192-m128,2,4,28105,6985,4.0236220472440944,460472320,457768960,0.005870841487279843,False,True,False,1.0,2.0,"{""all_reduce:16384"":28105}","{""all_reduce:65536"":6985}"
decode,deepseek-v2-lite,deepseek-v2-lite,decode-tp2-b4-l128-m512,decode-tp8-b16-l128-m128,2,8,28105,6985,4.0236220472440944,460472320,457768960,0.005870841487279843,False,True,False,1.0,2.0,"{""all_reduce:16384"":28105}","{""all_reduce:65536"":6985}"
decode,deepseek-v2-lite,deepseek-v2-lite,decode-tp2-b4-l128-m512,decode-tp8-b16-l2048-m128,2,8,28105,6985,4.0236220472440944,460472320,457768960,0.005870841487279843,False,True,False,1.0,2.0,"{""all_reduce:16384"":28105}","{""all_reduce:65536"":6985}"
decode,deepseek-v2-lite,deepseek-v2-lite,decode-tp2-b4-l128-m512,decode-tp8-b16-l8192-m128,2,8,28105,6985,4.0236220472440944,460472320,457768960,0.005870841487279843,False,True,False,1.0,2.0,"{""all_reduce:16384"":28105}","{""all_reduce:65536"":6985}"
decode,deepseek-v2-lite,deepseek-v2-lite,decode-tp2-b4-l2048-m128,decode-tp4-b1-l128-m512,2,4,6985,28105,4.0236220472440944,114442240,115118080,0.005870841487279843,False,True,False,1.0,2.0,"{""all_reduce:16384"":6985}","{""all_reduce:4096"":28105}"
decode,deepseek-v2-lite,deepseek-v2-lite,decode-tp2-b4-l2048-m128,decode-tp4-b1-l2048-m512,2,4,6985,28105,4.0236220472440944,114442240,115118080,0.005870841487279843,False,True,False,1.0,2.0,"{""all_reduce:16384"":6985}","{""all_reduce:4096"":28105}"
decode,deepseek-v2-lite,deepseek-v2-lite,decode-tp2-b4-l2048-m128,decode-tp4-b1-l8192-m512,2,4,6985,28105,4.0236220472440944,114442240,115118080,0.005870841487279843,False,True,False,1.0,2.0,"{""all_reduce:16384"":6985}","{""all_reduce:4096"":28105}"
decode,deepseek-v2-lite,deepseek-v2-lite,decode-tp2-b4-l2048-m128,decode-tp8-b1-l128-m512,2,8,6985,28105,4.0236220472440944,114442240,115118080,0.005870841487279843,False,True,False,1.0,2.0,"{""all_reduce:16384"":6985}","{""all_reduce:4096"":28105}"
decode,deepseek-v2-lite,deepseek-v2-lite,decode-tp2-b4-l2048-m128,decode-tp8-b1-l2048-m512,2,8,6985,28105,4.0236220472440944,114442240,115118080,0.005870841487279843,False,True,False,1.0,2.0,"{""all_reduce:16384"":6985}","{""all_reduce:4096"":28105}"
decode,deepseek-v2-lite,deepseek-v2-lite,decode-tp2-b4-l2048-m128,decode-tp8-b1-l8192-m512,2,8,6985,28105,4.0236220472440944,114442240,115118080,0.005870841487279843,False,True,False,1.0,2.0,"{""all_reduce:16384"":6985}","{""all_reduce:4096"":28105}"
decode,deepseek-v2-lite,deepseek-v2-lite,decode-tp2-b4-l2048-m512,decode-tp2-b16-l128-m128,2,2,28105,6985,4.0236220472440944,460472320,457768960,0.005870841487279843,False,False,False,1.0,2.0,"{""all_reduce:16384"":28105}","{""all_reduce:65536"":6985}"
decode,deepseek-v2-lite,deepseek-v2-lite,decode-tp2-b4-l2048-m512,decode-tp2-b16-l2048-m128,2,2,28105,6985,4.0236220472440944,460472320,457768960,0.005870841487279843,False,False,False,1.0,2.0,"{""all_reduce:16384"":28105}","{""all_reduce:65536"":6985}"
decode,deepseek-v2-lite,deepseek-v2-lite,decode-tp2-b4-l2048-m512,decode-tp2-b16-l8192-m128,2,2,28105,6985,4.0236220472440944,460472320,457768960,0.005870841487279843,False,False,False,1.0,2.0,"{""all_reduce:16384"":28105}","{""all_reduce:65536"":6985}"
decode,deepseek-v2-lite,deepseek-v2-lite,decode-tp2-b4-l2048-m512,decode-tp4-b16-l128-m128,2,4,28105,6985,4.0236220472440944,460472320,457768960,0.005870841487279843,False,True,False,1.0,2.0,"{""all_reduce:16384"":28105}","{""all_reduce:65536"":6985}"
decode,deepseek-v2-lite,deepseek-v2-lite,decode-tp2-b4-l2048-m512,decode-tp4-b16-l2048-m128,2,4,28105,6985,4.0236220472440944,460472320,457768960,0.005870841487279843,False,True,False,1.0,2.0,"{""all_reduce:16384"":28105}","{""all_reduce:65536"":6985}"
decode,deepseek-v2-lite,deepseek-v2-lite,decode-tp2-b4-l2048-m512,decode-tp4-b16-l8192-m128,2,4,28105,6985,4.0236220472440944,460472320,457768960,0.005870841487279843,False,True,False,1.0,2.0,"{""all_reduce:16384"":28105}","{""all_reduce:65536"":6985}"
decode,deepseek-v2-lite,deepseek-v2-lite,decode-tp2-b4-l2048-m512,decode-tp8-b16-l128-m128,2,8,28105,6985,4.0236220472440944,460472320,457768960,0.005870841487279843,False,True,False,1.0,2.0,"{""all_reduce:16384"":28105}","{""all_reduce:65536"":6985}"
decode,deepseek-v2-lite,deepseek-v2-lite,decode-tp2-b4-l2048-m512,decode-tp8-b16-l2048-m128,2,8,28105,6985,4.0236220472440944,460472320,457768960,0.005870841487279843,False,True,False,1.0,2.0,"{""all_reduce:16384"":28105}","{""all_reduce:65536"":6985}"
decode,deepseek-v2-lite,deepseek-v2-lite,decode-tp2-b4-l2048-m512,decode-tp8-b16-l8192-m128,2,8,28105,6985,4.0236220472440944,460472320,457768960,0.005870841487279843,False,True,False,1.0,2.0,"{""all_reduce:16384"":28105}","{""all_reduce:65536"":6985}"
decode,deepseek-v2-lite,deepseek-v2-lite,decode-tp2-b4-l8192-m128,decode-tp4-b1-l128-m512,2,4,6985,28105,4.0236220472440944,114442240,115118080,0.005870841487279843,False,True,False,1.0,2.0,"{""all_reduce:16384"":6985}","{""all_reduce:4096"":28105}"
decode,deepseek-v2-lite,deepseek-v2-lite,decode-tp2-b4-l8192-m128,decode-tp4-b1-l2048-m512,2,4,6985,28105,4.0236220472440944,114442240,115118080,0.005870841487279843,False,True,False,1.0,2.0,"{""all_reduce:16384"":6985}","{""all_reduce:4096"":28105}"
decode,deepseek-v2-lite,deepseek-v2-lite,decode-tp2-b4-l8192-m128,decode-tp4-b1-l8192-m512,2,4,6985,28105,4.0236220472440944,114442240,115118080,0.005870841487279843,False,True,False,1.0,2.0,"{""all_reduce:16384"":6985}","{""all_reduce:4096"":28105}"
decode,deepseek-v2-lite,deepseek-v2-lite,decode-tp2-b4-l8192-m128,decode-tp8-b1-l128-m512,2,8,6985,28105,4.0236220472440944,114442240,115118080,0.005870841487279843,False,True,False,1.0,2.0,"{""all_reduce:16384"":6985}","{""all_reduce:4096"":28105}"
decode,deepseek-v2-lite,deepseek-v2-lite,decode-tp2-b4-l8192-m128,decode-tp8-b1-l2048-m512,2,8,6985,28105,4.0236220472440944,114442240,115118080,0.005870841487279843,False,True,False,1.0,2.0,"{""all_reduce:16384"":6985}","{""all_reduce:4096"":28105}"
decode,deepseek-v2-lite,deepseek-v2-lite,decode-tp2-b4-l8192-m128,decode-tp8-b1-l8192-m512,2,8,6985,28105,4.0236220472440944,114442240,115118080,0.005870841487279843,False,True,False,1.0,2.0,"{""all_reduce:16384"":6985}","{""all_reduce:4096"":28105}"
decode,deepseek-v2-lite,deepseek-v2-lite,decode-tp2-b4-l8192-m512,decode-tp2-b16-l128-m128,2,2,28105,6985,4.0236220472440944,460472320,457768960,0.005870841487279843,False,False,False,1.0,2.0,"{""all_reduce:16384"":28105}","{""all_reduce:65536"":6985}"
decode,deepseek-v2-lite,deepseek-v2-lite,decode-tp2-b4-l8192-m512,decode-tp2-b16-l2048-m128,2,2,28105,6985,4.0236220472440944,460472320,457768960,0.005870841487279843,False,False,False,1.0,2.0,"{""all_reduce:16384"":28105}","{""all_reduce:65536"":6985}"
decode,deepseek-v2-lite,deepseek-v2-lite,decode-tp2-b4-l8192-m512,decode-tp2-b16-l8192-m128,2,2,28105,6985,4.0236220472440944,460472320,457768960,0.005870841487279843,False,False,False,1.0,2.0,"{""all_reduce:16384"":28105}","{""all_reduce:65536"":6985}"
decode,deepseek-v2-lite,deepseek-v2-lite,decode-tp2-b4-l8192-m512,decode-tp4-b16-l128-m128,2,4,28105,6985,4.0236220472440944,460472320,457768960,0.005870841487279843,False,True,False,1.0,2.0,"{""all_reduce:16384"":28105}","{""all_reduce:65536"":6985}"
decode,deepseek-v2-lite,deepseek-v2-lite,decode-tp2-b4-l8192-m512,decode-tp4-b16-l2048-m128,2,4,28105,6985,4.0236220472440944,460472320,457768960,0.005870841487279843,False,True,False,1.0,2.0,"{""all_reduce:16384"":28105}","{""all_reduce:65536"":6985}"
decode,deepseek-v2-lite,deepseek-v2-lite,decode-tp2-b4-l8192-m512,decode-tp4-b16-l8192-m128,2,4,28105,6985,4.0236220472440944,460472320,457768960,0.005870841487279843,False,True,False,1.0,2.0,"{""all_reduce:16384"":28105}","{""all_reduce:65536"":6985}"
decode,deepseek-v2-lite,deepseek-v2-lite,decode-tp2-b4-l8192-m512,decode-tp8-b16-l128-m128,2,8,28105,6985,4.0236220472440944,460472320,457768960,0.005870841487279843,False,True,False,1.0,2.0,"{""all_reduce:16384"":28105}","{""all_reduce:65536"":6985}"
decode,deepseek-v2-lite,deepseek-v2-lite,decode-tp2-b4-l8192-m512,decode-tp8-b16-l2048-m128,2,8,28105,6985,4.0236220472440944,460472320,457768960,0.005870841487279843,False,True,False,1.0,2.0,"{""all_reduce:16384"":28105}","{""all_reduce:65536"":6985}"
decode,deepseek-v2-lite,deepseek-v2-lite,decode-tp2-b4-l8192-m512,decode-tp8-b16-l8192-m128,2,8,28105,6985,4.0236220472440944,460472320,457768960,0.005870841487279843,False,True,False,1.0,2.0,"{""all_reduce:16384"":28105}","{""all_reduce:65536"":6985}"
decode,deepseek-v2-lite,deepseek-v2-lite,decode-tp2-b8-l128-m128,decode-tp4-b2-l128-m512,2,4,6985,28105,4.0236220472440944,228884480,230236160,0.005870841487279843,False,True,False,1.0,2.0,"{""all_reduce:32768"":6985}","{""all_reduce:8192"":28105}"
decode,deepseek-v2-lite,deepseek-v2-lite,decode-tp2-b8-l128-m128,decode-tp4-b2-l2048-m512,2,4,6985,28105,4.0236220472440944,228884480,230236160,0.005870841487279843,False,True,False,1.0,2.0,"{""all_reduce:32768"":6985}","{""all_reduce:8192"":28105}"
decode,deepseek-v2-lite,deepseek-v2-lite,decode-tp2-b8-l128-m128,decode-tp4-b2-l8192-m512,2,4,6985,28105,4.0236220472440944,228884480,230236160,0.005870841487279843,False,True,False,1.0,2.0,"{""all_reduce:32768"":6985}","{""all_reduce:8192"":28105}"
decode,deepseek-v2-lite,deepseek-v2-lite,decode-tp2-b8-l128-m128,decode-tp8-b2-l128-m512,2,8,6985,28105,4.0236220472440944,228884480,230236160,0.005870841487279843,False,True,False,1.0,2.0,"{""all_reduce:32768"":6985}","{""all_reduce:8192"":28105}"
decode,deepseek-v2-lite,deepseek-v2-lite,decode-tp2-b8-l128-m128,decode-tp8-b2-l2048-m512,2,8,6985,28105,4.0236220472440944,228884480,230236160,0.005870841487279843,False,True,False,1.0,2.0,"{""all_reduce:32768"":6985}","{""all_reduce:8192"":28105}"
decode,deepseek-v2-lite,deepseek-v2-lite,decode-tp2-b8-l128-m128,decode-tp8-b2-l8192-m512,2,8,6985,28105,4.0236220472440944,228884480,230236160,0.005870841487279843,False,True,False,1.0,2.0,"{""all_reduce:32768"":6985}","{""all_reduce:8192"":28105}"
decode,deepseek-v2-lite,deepseek-v2-lite,decode-tp2-b8-l2048-m128,decode-tp4-b2-l128-m512,2,4,6985,28105,4.0236220472440944,228884480,230236160,0.005870841487279843,False,True,False,1.0,2.0,"{""all_reduce:32768"":6985}","{""all_reduce:8192"":28105}"
decode,deepseek-v2-lite,deepseek-v2-lite,decode-tp2-b8-l2048-m128,decode-tp4-b2-l2048-m512,2,4,6985,28105,4.0236220472440944,228884480,230236160,0.005870841487279843,False,True,False,1.0,2.0,"{""all_reduce:32768"":6985}","{""all_reduce:8192"":28105}"
decode,deepseek-v2-lite,deepseek-v2-lite,decode-tp2-b8-l2048-m128,decode-tp4-b2-l8192-m512,2,4,6985,28105,4.0236220472440944,228884480,230236160,0.005870841487279843,False,True,False,1.0,2.0,"{""all_reduce:32768"":6985}","{""all_reduce:8192"":28105}"
decode,deepseek-v2-lite,deepseek-v2-lite,decode-tp2-b8-l2048-m128,decode-tp8-b2-l128-m512,2,8,6985,28105,4.0236220472440944,228884480,230236160,0.005870841487279843,False,True,False,1.0,2.0,"{""all_reduce:32768"":6985}","{""all_reduce:8192"":28105}"
decode,deepseek-v2-lite,deepseek-v2-lite,decode-tp2-b8-l2048-m128,decode-tp8-b2-l2048-m512,2,8,6985,28105,4.0236220472440944,228884480,230236160,0.005870841487279843,False,True,False,1.0,2.0,"{""all_reduce:32768"":6985}","{""all_reduce:8192"":28105}"
decode,deepseek-v2-lite,deepseek-v2-lite,decode-tp2-b8-l2048-m128,decode-tp8-b2-l8192-m512,2,8,6985,28105,4.0236220472440944,228884480,230236160,0.005870841487279843,False,True,False,1.0,2.0,"{""all_reduce:32768"":6985}","{""all_reduce:8192"":28105}"
decode,deepseek-v2-lite,deepseek-v2-lite,decode-tp2-b8-l8192-m128,decode-tp4-b2-l128-m512,2,4,6985,28105,4.0236220472440944,228884480,230236160,0.005870841487279843,False,True,False,1.0,2.0,"{""all_reduce:32768"":6985}","{""all_reduce:8192"":28105}"
decode,deepseek-v2-lite,deepseek-v2-lite,decode-tp2-b8-l8192-m128,decode-tp4-b2-l2048-m512,2,4,6985,28105,4.0236220472440944,228884480,230236160,0.005870841487279843,False,True,False,1.0,2.0,"{""all_reduce:32768"":6985}","{""all_reduce:8192"":28105}"
decode,deepseek-v2-lite,deepseek-v2-lite,decode-tp2-b8-l8192-m128,decode-tp4-b2-l8192-m512,2,4,6985,28105,4.0236220472440944,228884480,230236160,0.005870841487279843,False,True,False,1.0,2.0,"{""all_reduce:32768"":6985}","{""all_reduce:8192"":28105}"
decode,deepseek-v2-lite,deepseek-v2-lite,decode-tp2-b8-l8192-m128,decode-tp8-b2-l128-m512,2,8,6985,28105,4.0236220472440944,228884480,230236160,0.005870841487279843,False,True,False,1.0,2.0,"{""all_reduce:32768"":6985}","{""all_reduce:8192"":28105}"
decode,deepseek-v2-lite,deepseek-v2-lite,decode-tp2-b8-l8192-m128,decode-tp8-b2-l2048-m512,2,8,6985,28105,4.0236220472440944,228884480,230236160,0.005870841487279843,False,True,False,1.0,2.0,"{""all_reduce:32768"":6985}","{""all_reduce:8192"":28105}"
decode,deepseek-v2-lite,deepseek-v2-lite,decode-tp2-b8-l8192-m128,decode-tp8-b2-l8192-m512,2,8,6985,28105,4.0236220472440944,228884480,230236160,0.005870841487279843,False,True,False,1.0,2.0,"{""all_reduce:32768"":6985}","{""all_reduce:8192"":28105}"
decode,deepseek-v2-lite,deepseek-v2-lite,decode-tp2-b16-l128-m128,decode-tp4-b4-l128-m512,2,4,6985,28105,4.0236220472440944,457768960,460472320,0.005870841487279843,False,True,False,1.0,2.0,"{""all_reduce:65536"":6985}","{""all_reduce:16384"":28105}"
decode,deepseek-v2-lite,deepseek-v2-lite,decode-tp2-b16-l128-m128,decode-tp4-b4-l2048-m512,2,4,6985,28105,4.0236220472440944,457768960,460472320,0.005870841487279843,False,True,False,1.0,2.0,"{""all_reduce:65536"":6985}","{""all_reduce:16384"":28105}"
decode,deepseek-v2-lite,deepseek-v2-lite,decode-tp2-b16-l128-m128,decode-tp4-b4-l8192-m512,2,4,6985,28105,4.0236220472440944,457768960,460472320,0.005870841487279843,False,True,False,1.0,2.0,"{""all_reduce:65536"":6985}","{""all_reduce:16384"":28105}"
decode,deepseek-v2-lite,deepseek-v2-lite,decode-tp2-b16-l128-m128,decode-tp8-b4-l128-m512,2,8,6985,28105,4.0236220472440944,457768960,460472320,0.005870841487279843,False,True,False,1.0,2.0,"{""all_reduce:65536"":6985}","{""all_reduce:16384"":28105}"
decode,deepseek-v2-lite,deepseek-v2-lite,decode-tp2-b16-l128-m128,decode-tp8-b4-l2048-m512,2,8,6985,28105,4.0236220472440944,457768960,460472320,0.005870841487279843,False,True,False,1.0,2.0,"{""all_reduce:65536"":6985}","{""all_reduce:16384"":28105}"
decode,deepseek-v2-lite,deepseek-v2-lite,decode-tp2-b16-l128-m128,decode-tp8-b4-l8192-m512,2,8,6985,28105,4.0236220472440944,457768960,460472320,0.005870841487279843,False,True,False,1.0,2.0,"{""all_reduce:65536"":6985}","{""all_reduce:16384"":28105}"
decode,deepseek-v2-lite,deepseek-v2-lite,decode-tp2-b16-l2048-m128,decode-tp4-b4-l128-m512,2,4,6985,28105,4.0236220472440944,457768960,460472320,0.005870841487279843,False,True,False,1.0,2.0,"{""all_reduce:65536"":6985}","{""all_reduce:16384"":28105}"
decode,deepseek-v2-lite,deepseek-v2-lite,decode-tp2-b16-l2048-m128,decode-tp4-b4-l2048-m512,2,4,6985,28105,4.0236220472440944,457768960,460472320,0.005870841487279843,False,True,False,1.0,2.0,"{""all_reduce:65536"":6985}","{""all_reduce:16384"":28105}"
decode,deepseek-v2-lite,deepseek-v2-lite,decode-tp2-b16-l2048-m128,decode-tp4-b4-l8192-m512,2,4,6985,28105,4.0236220472440944,457768960,460472320,0.005870841487279843,False,True,False,1.0,2.0,"{""all_reduce:65536"":6985}","{""all_reduce:16384"":28105}"
decode,deepseek-v2-lite,deepseek-v2-lite,decode-tp2-b16-l2048-m128,decode-tp8-b4-l128-m512,2,8,6985,28105,4.0236220472440944,457768960,460472320,0.005870841487279843,False,True,False,1.0,2.0,"{""all_reduce:65536"":6985}","{""all_reduce:16384"":28105}"
decode,deepseek-v2-lite,deepseek-v2-lite,decode-tp2-b16-l2048-m128,decode-tp8-b4-l2048-m512,2,8,6985,28105,4.0236220472440944,457768960,460472320,0.005870841487279843,False,True,False,1.0,2.0,"{""all_reduce:65536"":6985}","{""all_reduce:16384"":28105}"
decode,deepseek-v2-lite,deepseek-v2-lite,decode-tp2-b16-l2048-m128,decode-tp8-b4-l8192-m512,2,8,6985,28105,4.0236220472440944,457768960,460472320,0.005870841487279843,False,True,False,1.0,2.0,"{""all_reduce:65536"":6985}","{""all_reduce:16384"":28105}"
decode,deepseek-v2-lite,deepseek-v2-lite,decode-tp2-b16-l8192-m128,decode-tp4-b4-l128-m512,2,4,6985,28105,4.0236220472440944,457768960,460472320,0.005870841487279843,False,True,False,1.0,2.0,"{""all_reduce:65536"":6985}","{""all_reduce:16384"":28105}"
decode,deepseek-v2-lite,deepseek-v2-lite,decode-tp2-b16-l8192-m128,decode-tp4-b4-l2048-m512,2,4,6985,28105,4.0236220472440944,457768960,460472320,0.005870841487279843,False,True,False,1.0,2.0,"{""all_reduce:65536"":6985}","{""all_reduce:16384"":28105}"
decode,deepseek-v2-lite,deepseek-v2-lite,decode-tp2-b16-l8192-m128,decode-tp4-b4-l8192-m512,2,4,6985,28105,4.0236220472440944,457768960,460472320,0.005870841487279843,False,True,False,1.0,2.0,"{""all_reduce:65536"":6985}","{""all_reduce:16384"":28105}"
decode,deepseek-v2-lite,deepseek-v2-lite,decode-tp2-b16-l8192-m128,decode-tp8-b4-l128-m512,2,8,6985,28105,4.0236220472440944,457768960,460472320,0.005870841487279843,False,True,False,1.0,2.0,"{""all_reduce:65536"":6985}","{""all_reduce:16384"":28105}"
decode,deepseek-v2-lite,deepseek-v2-lite,decode-tp2-b16-l8192-m128,decode-tp8-b4-l2048-m512,2,8,6985,28105,4.0236220472440944,457768960,460472320,0.005870841487279843,False,True,False,1.0,2.0,"{""all_reduce:65536"":6985}","{""all_reduce:16384"":28105}"
decode,deepseek-v2-lite,deepseek-v2-lite,decode-tp2-b16-l8192-m128,decode-tp8-b4-l8192-m512,2,8,6985,28105,4.0236220472440944,457768960,460472320,0.005870841487279843,False,True,False,1.0,2.0,"{""all_reduce:65536"":6985}","{""all_reduce:16384"":28105}"
decode,deepseek-v2-lite,deepseek-v2-lite,decode-tp4-b1-l128-m512,decode-tp4-b4-l128-m128,4,4,28105,6985,4.0236220472440944,115118080,114442240,0.005870841487279843,False,False,False,1.0,2.0,"{""all_reduce:4096"":28105}","{""all_reduce:16384"":6985}"
decode,deepseek-v2-lite,deepseek-v2-lite,decode-tp4-b1-l128-m512,decode-tp4-b4-l2048-m128,4,4,28105,6985,4.0236220472440944,115118080,114442240,0.005870841487279843,False,False,False,1.0,2.0,"{""all_reduce:4096"":28105}","{""all_reduce:16384"":6985}"
decode,deepseek-v2-lite,deepseek-v2-lite,decode-tp4-b1-l128-m512,decode-tp4-b4-l8192-m128,4,4,28105,6985,4.0236220472440944,115118080,114442240,0.005870841487279843,False,False,False,1.0,2.0,"{""all_reduce:4096"":28105}","{""all_reduce:16384"":6985}"
decode,deepseek-v2-lite,deepseek-v2-lite,decode-tp4-b1-l128-m512,decode-tp8-b4-l128-m128,4,8,28105,6985,4.0236220472440944,115118080,114442240,0.005870841487279843,False,True,False,1.0,2.0,"{""all_reduce:4096"":28105}","{""all_reduce:16384"":6985}"
decode,deepseek-v2-lite,deepseek-v2-lite,decode-tp4-b1-l128-m512,decode-tp8-b4-l2048-m128,4,8,28105,6985,4.0236220472440944,115118080,114442240,0.005870841487279843,False,True,False,1.0,2.0,"{""all_reduce:4096"":28105}","{""all_reduce:16384"":6985}"
decode,deepseek-v2-lite,deepseek-v2-lite,decode-tp4-b1-l128-m512,decode-tp8-b4-l8192-m128,4,8,28105,6985,4.0236220472440944,115118080,114442240,0.005870841487279843,False,True,False,1.0,2.0,"{""all_reduce:4096"":28105}","{""all_reduce:16384"":6985}"
decode,deepseek-v2-lite,deepseek-v2-lite,decode-tp4-b1-l2048-m512,decode-tp4-b4-l128-m128,4,4,28105,6985,4.0236220472440944,115118080,114442240,0.005870841487279843,False,False,False,1.0,2.0,"{""all_reduce:4096"":28105}","{""all_reduce:16384"":6985}"
decode,deepseek-v2-lite,deepseek-v2-lite,decode-tp4-b1-l2048-m512,decode-tp4-b4-l2048-m128,4,4,28105,6985,4.0236220472440944,115118080,114442240,0.005870841487279843,False,False,False,1.0,2.0,"{""all_reduce:4096"":28105}","{""all_reduce:16384"":6985}"
decode,deepseek-v2-lite,deepseek-v2-lite,decode-tp4-b1-l2048-m512,decode-tp4-b4-l8192-m128,4,4,28105,6985,4.0236220472440944,115118080,114442240,0.005870841487279843,False,False,False,1.0,2.0,"{""all_reduce:4096"":28105}","{""all_reduce:16384"":6985}"
decode,deepseek-v2-lite,deepseek-v2-lite,decode-tp4-b1-l2048-m512,decode-tp8-b4-l128-m128,4,8,28105,6985,4.0236220472440944,115118080,114442240,0.005870841487279843,False,True,False,1.0,2.0,"{""all_reduce:4096"":28105}","{""all_reduce:16384"":6985}"
decode,deepseek-v2-lite,deepseek-v2-lite,decode-tp4-b1-l2048-m512,decode-tp8-b4-l2048-m128,4,8,28105,6985,4.0236220472440944,115118080,114442240,0.005870841487279843,False,True,False,1.0,2.0,"{""all_reduce:4096"":28105}","{""all_reduce:16384"":6985}"
decode,deepseek-v2-lite,deepseek-v2-lite,decode-tp4-b1-l2048-m512,decode-tp8-b4-l8192-m128,4,8,28105,6985,4.0236220472440944,115118080,114442240,0.005870841487279843,False,True,False,1.0,2.0,"{""all_reduce:4096"":28105}","{""all_reduce:16384"":6985}"
decode,deepseek-v2-lite,deepseek-v2-lite,decode-tp4-b1-l8192-m512,decode-tp4-b4-l128-m128,4,4,28105,6985,4.0236220472440944,115118080,114442240,0.005870841487279843,False,False,False,1.0,2.0,"{""all_reduce:4096"":28105}","{""all_reduce:16384"":6985}"
decode,deepseek-v2-lite,deepseek-v2-lite,decode-tp4-b1-l8192-m512,decode-tp4-b4-l2048-m128,4,4,28105,6985,4.0236220472440944,115118080,114442240,0.005870841487279843,False,False,False,1.0,2.0,"{""all_reduce:4096"":28105}","{""all_reduce:16384"":6985}"
decode,deepseek-v2-lite,deepseek-v2-lite,decode-tp4-b1-l8192-m512,decode-tp4-b4-l8192-m128,4,4,28105,6985,4.0236220472440944,115118080,114442240,0.005870841487279843,False,False,False,1.0,2.0,"{""all_reduce:4096"":28105}","{""all_reduce:16384"":6985}"
decode,deepseek-v2-lite,deepseek-v2-lite,decode-tp4-b1-l8192-m512,decode-tp8-b4-l128-m128,4,8,28105,6985,4.0236220472440944,115118080,114442240,0.005870841487279843,False,True,False,1.0,2.0,"{""all_reduce:4096"":28105}","{""all_reduce:16384"":6985}"
decode,deepseek-v2-lite,deepseek-v2-lite,decode-tp4-b1-l8192-m512,decode-tp8-b4-l2048-m128,4,8,28105,6985,4.0236220472440944,115118080,114442240,0.005870841487279843,False,True,False,1.0,2.0,"{""all_reduce:4096"":28105}","{""all_reduce:16384"":6985}"
decode,deepseek-v2-lite,deepseek-v2-lite,decode-tp4-b1-l8192-m512,decode-tp8-b4-l8192-m128,4,8,28105,6985,4.0236220472440944,115118080,114442240,0.005870841487279843,False,True,False,1.0,2.0,"{""all_reduce:4096"":28105}","{""all_reduce:16384"":6985}"
decode,deepseek-v2-lite,deepseek-v2-lite,decode-tp4-b2-l128-m512,decode-tp4-b8-l128-m128,4,4,28105,6985,4.0236220472440944,230236160,228884480,0.005870841487279843,False,False,False,1.0,2.0,"{""all_reduce:8192"":28105}","{""all_reduce:32768"":6985}"
decode,deepseek-v2-lite,deepseek-v2-lite,decode-tp4-b2-l128-m512,decode-tp4-b8-l2048-m128,4,4,28105,6985,4.0236220472440944,230236160,228884480,0.005870841487279843,False,False,False,1.0,2.0,"{""all_reduce:8192"":28105}","{""all_reduce:32768"":6985}"
decode,deepseek-v2-lite,deepseek-v2-lite,decode-tp4-b2-l128-m512,decode-tp4-b8-l8192-m128,4,4,28105,6985,4.0236220472440944,230236160,228884480,0.005870841487279843,False,False,False,1.0,2.0,"{""all_reduce:8192"":28105}","{""all_reduce:32768"":6985}"
decode,deepseek-v2-lite,deepseek-v2-lite,decode-tp4-b2-l128-m512,decode-tp8-b8-l128-m128,4,8,28105,6985,4.0236220472440944,230236160,228884480,0.005870841487279843,False,True,False,1.0,2.0,"{""all_reduce:8192"":28105}","{""all_reduce:32768"":6985}"
decode,deepseek-v2-lite,deepseek-v2-lite,decode-tp4-b2-l128-m512,decode-tp8-b8-l2048-m128,4,8,28105,6985,4.0236220472440944,230236160,228884480,0.005870841487279843,False,True,False,1.0,2.0,"{""all_reduce:8192"":28105}","{""all_reduce:32768"":6985}"
decode,deepseek-v2-lite,deepseek-v2-lite,decode-tp4-b2-l128-m512,decode-tp8-b8-l8192-m128,4,8,28105,6985,4.0236220472440944,230236160,228884480,0.005870841487279843,False,True,False,1.0,2.0,"{""all_reduce:8192"":28105}","{""all_reduce:32768"":6985}"
decode,deepseek-v2-lite,deepseek-v2-lite,decode-tp4-b2-l2048-m512,decode-tp4-b8-l128-m128,4,4,28105,6985,4.0236220472440944,230236160,228884480,0.005870841487279843,False,False,False,1.0,2.0,"{""all_reduce:8192"":28105}","{""all_reduce:32768"":6985}"
decode,deepseek-v2-lite,deepseek-v2-lite,decode-tp4-b2-l2048-m512,decode-tp4-b8-l2048-m128,4,4,28105,6985,4.0236220472440944,230236160,228884480,0.005870841487279843,False,False,False,1.0,2.0,"{""all_reduce:8192"":28105}","{""all_reduce:32768"":6985}"
decode,deepseek-v2-lite,deepseek-v2-lite,decode-tp4-b2-l2048-m512,decode-tp4-b8-l8192-m128,4,4,28105,6985,4.0236220472440944,230236160,228884480,0.005870841487279843,False,False,False,1.0,2.0,"{""all_reduce:8192"":28105}","{""all_reduce:32768"":6985}"
decode,deepseek-v2-lite,deepseek-v2-lite,decode-tp4-b2-l2048-m512,decode-tp8-b8-l128-m128,4,8,28105,6985,4.0236220472440944,230236160,228884480,0.005870841487279843,False,True,False,1.0,2.0,"{""all_reduce:8192"":28105}","{""all_reduce:32768"":6985}"
decode,deepseek-v2-lite,deepseek-v2-lite,decode-tp4-b2-l2048-m512,decode-tp8-b8-l2048-m128,4,8,28105,6985,4.0236220472440944,230236160,228884480,0.005870841487279843,False,True,False,1.0,2.0,"{""all_reduce:8192"":28105}","{""all_reduce:32768"":6985}"
decode,deepseek-v2-lite,deepseek-v2-lite,decode-tp4-b2-l2048-m512,decode-tp8-b8-l8192-m128,4,8,28105,6985,4.0236220472440944,230236160,228884480,0.005870841487279843,False,True,False,1.0,2.0,"{""all_reduce:8192"":28105}","{""all_reduce:32768"":6985}"
decode,deepseek-v2-lite,deepseek-v2-lite,decode-tp4-b2-l8192-m512,decode-tp4-b8-l128-m128,4,4,28105,6985,4.0236220472440944,230236160,228884480,0.005870841487279843,False,False,False,1.0,2.0,"{""all_reduce:8192"":28105}","{""all_reduce:32768"":6985}"
decode,deepseek-v2-lite,deepseek-v2-lite,decode-tp4-b2-l8192-m512,decode-tp4-b8-l2048-m128,4,4,28105,6985,4.0236220472440944,230236160,228884480,0.005870841487279843,False,False,False,1.0,2.0,"{""all_reduce:8192"":28105}","{""all_reduce:32768"":6985}"
decode,deepseek-v2-lite,deepseek-v2-lite,decode-tp4-b2-l8192-m512,decode-tp4-b8-l8192-m128,4,4,28105,6985,4.0236220472440944,230236160,228884480,0.005870841487279843,False,False,False,1.0,2.0,"{""all_reduce:8192"":28105}","{""all_reduce:32768"":6985}"
decode,deepseek-v2-lite,deepseek-v2-lite,decode-tp4-b2-l8192-m512,decode-tp8-b8-l128-m128,4,8,28105,6985,4.0236220472440944,230236160,228884480,0.005870841487279843,False,True,False,1.0,2.0,"{""all_reduce:8192"":28105}","{""all_reduce:32768"":6985}"
decode,deepseek-v2-lite,deepseek-v2-lite,decode-tp4-b2-l8192-m512,decode-tp8-b8-l2048-m128,4,8,28105,6985,4.0236220472440944,230236160,228884480,0.005870841487279843,False,True,False,1.0,2.0,"{""all_reduce:8192"":28105}","{""all_reduce:32768"":6985}"
decode,deepseek-v2-lite,deepseek-v2-lite,decode-tp4-b2-l8192-m512,decode-tp8-b8-l8192-m128,4,8,28105,6985,4.0236220472440944,230236160,228884480,0.005870841487279843,False,True,False,1.0,2.0,"{""all_reduce:8192"":28105}","{""all_reduce:32768"":6985}"
decode,deepseek-v2-lite,deepseek-v2-lite,decode-tp4-b4-l128-m128,decode-tp8-b1-l128-m512,4,8,6985,28105,4.0236220472440944,114442240,115118080,0.005870841487279843,False,True,False,1.0,2.0,"{""all_reduce:16384"":6985}","{""all_reduce:4096"":28105}"
decode,deepseek-v2-lite,deepseek-v2-lite,decode-tp4-b4-l128-m128,decode-tp8-b1-l2048-m512,4,8,6985,28105,4.0236220472440944,114442240,115118080,0.005870841487279843,False,True,False,1.0,2.0,"{""all_reduce:16384"":6985}","{""all_reduce:4096"":28105}"
decode,deepseek-v2-lite,deepseek-v2-lite,decode-tp4-b4-l128-m128,decode-tp8-b1-l8192-m512,4,8,6985,28105,4.0236220472440944,114442240,115118080,0.005870841487279843,False,True,False,1.0,2.0,"{""all_reduce:16384"":6985}","{""all_reduce:4096"":28105}"
decode,deepseek-v2-lite,deepseek-v2-lite,decode-tp4-b4-l128-m512,decode-tp4-b16-l128-m128,4,4,28105,6985,4.0236220472440944,460472320,457768960,0.005870841487279843,False,False,False,1.0,2.0,"{""all_reduce:16384"":28105}","{""all_reduce:65536"":6985}"
decode,deepseek-v2-lite,deepseek-v2-lite,decode-tp4-b4-l128-m512,decode-tp4-b16-l2048-m128,4,4,28105,6985,4.0236220472440944,460472320,457768960,0.005870841487279843,False,False,False,1.0,2.0,"{""all_reduce:16384"":28105}","{""all_reduce:65536"":6985}"
decode,deepseek-v2-lite,deepseek-v2-lite,decode-tp4-b4-l128-m512,decode-tp4-b16-l8192-m128,4,4,28105,6985,4.0236220472440944,460472320,457768960,0.005870841487279843,False,False,False,1.0,2.0,"{""all_reduce:16384"":28105}","{""all_reduce:65536"":6985}"
decode,deepseek-v2-lite,deepseek-v2-lite,decode-tp4-b4-l128-m512,decode-tp8-b16-l128-m128,4,8,28105,6985,4.0236220472440944,460472320,457768960,0.005870841487279843,False,True,False,1.0,2.0,"{""all_reduce:16384"":28105}","{""all_reduce:65536"":6985}"
decode,deepseek-v2-lite,deepseek-v2-lite,decode-tp4-b4-l128-m512,decode-tp8-b16-l2048-m128,4,8,28105,6985,4.0236220472440944,460472320,457768960,0.005870841487279843,False,True,False,1.0,2.0,"{""all_reduce:16384"":28105}","{""all_reduce:65536"":6985}"
decode,deepseek-v2-lite,deepseek-v2-lite,decode-tp4-b4-l128-m512,decode-tp8-b16-l8192-m128,4,8,28105,6985,4.0236220472440944,460472320,457768960,0.005870841487279843,False,True,False,1.0,2.0,"{""all_reduce:16384"":28105}","{""all_reduce:65536"":6985}"
decode,deepseek-v2-lite,deepseek-v2-lite,decode-tp4-b4-l2048-m128,decode-tp8-b1-l128-m512,4,8,6985,28105,4.0236220472440944,114442240,115118080,0.005870841487279843,False,True,False,1.0,2.0,"{""all_reduce:16384"":6985}","{""all_reduce:4096"":28105}"
decode,deepseek-v2-lite,deepseek-v2-lite,decode-tp4-b4-l2048-m128,decode-tp8-b1-l2048-m512,4,8,6985,28105,4.0236220472440944,114442240,115118080,0.005870841487279843,False,True,False,1.0,2.0,"{""all_reduce:16384"":6985}","{""all_reduce:4096"":28105}"
decode,deepseek-v2-lite,deepseek-v2-lite,decode-tp4-b4-l2048-m128,decode-tp8-b1-l8192-m512,4,8,6985,28105,4.0236220472440944,114442240,115118080,0.005870841487279843,False,True,False,1.0,2.0,"{""all_reduce:16384"":6985}","{""all_reduce:4096"":28105}"
decode,deepseek-v2-lite,deepseek-v2-lite,decode-tp4-b4-l2048-m512,decode-tp4-b16-l128-m128,4,4,28105,6985,4.0236220472440944,460472320,457768960,0.005870841487279843,False,False,False,1.0,2.0,"{""all_reduce:16384"":28105}","{""all_reduce:65536"":6985}"
decode,deepseek-v2-lite,deepseek-v2-lite,decode-tp4-b4-l2048-m512,decode-tp4-b16-l2048-m128,4,4,28105,6985,4.0236220472440944,460472320,457768960,0.005870841487279843,False,False,False,1.0,2.0,"{""all_reduce:16384"":28105}","{""all_reduce:65536"":6985}"
decode,deepseek-v2-lite,deepseek-v2-lite,decode-tp4-b4-l2048-m512,decode-tp4-b16-l8192-m128,4,4,28105,6985,4.0236220472440944,460472320,457768960,0.005870841487279843,False,False,False,1.0,2.0,"{""all_reduce:16384"":28105}","{""all_reduce:65536"":6985}"
decode,deepseek-v2-lite,deepseek-v2-lite,decode-tp4-b4-l2048-m512,decode-tp8-b16-l128-m128,4,8,28105,6985,4.0236220472440944,460472320,457768960,0.005870841487279843,False,True,False,1.0,2.0,"{""all_reduce:16384"":28105}","{""all_reduce:65536"":6985}"
decode,deepseek-v2-lite,deepseek-v2-lite,decode-tp4-b4-l2048-m512,decode-tp8-b16-l2048-m128,4,8,28105,6985,4.0236220472440944,460472320,457768960,0.005870841487279843,False,True,False,1.0,2.0,"{""all_reduce:16384"":28105}","{""all_reduce:65536"":6985}"
decode,deepseek-v2-lite,deepseek-v2-lite,decode-tp4-b4-l2048-m512,decode-tp8-b16-l8192-m128,4,8,28105,6985,4.0236220472440944,460472320,457768960,0.005870841487279843,False,True,False,1.0,2.0,"{""all_reduce:16384"":28105}","{""all_reduce:65536"":6985}"
decode,deepseek-v2-lite,deepseek-v2-lite,decode-tp4-b4-l8192-m128,decode-tp8-b1-l128-m512,4,8,6985,28105,4.0236220472440944,114442240,115118080,0.005870841487279843,False,True,False,1.0,2.0,"{""all_reduce:16384"":6985}","{""all_reduce:4096"":28105}"
decode,deepseek-v2-lite,deepseek-v2-lite,decode-tp4-b4-l8192-m128,decode-tp8-b1-l2048-m512,4,8,6985,28105,4.0236220472440944,114442240,115118080,0.005870841487279843,False,True,False,1.0,2.0,"{""all_reduce:16384"":6985}","{""all_reduce:4096"":28105}"
decode,deepseek-v2-lite,deepseek-v2-lite,decode-tp4-b4-l8192-m128,decode-tp8-b1-l8192-m512,4,8,6985,28105,4.0236220472440944,114442240,115118080,0.005870841487279843,False,True,False,1.0,2.0,"{""all_reduce:16384"":6985}","{""all_reduce:4096"":28105}"
decode,deepseek-v2-lite,deepseek-v2-lite,decode-tp4-b4-l8192-m512,decode-tp4-b16-l128-m128,4,4,28105,6985,4.0236220472440944,460472320,457768960,0.005870841487279843,False,False,False,1.0,2.0,"{""all_reduce:16384"":28105}","{""all_reduce:65536"":6985}"
decode,deepseek-v2-lite,deepseek-v2-lite,decode-tp4-b4-l8192-m512,decode-tp4-b16-l2048-m128,4,4,28105,6985,4.0236220472440944,460472320,457768960,0.005870841487279843,False,False,False,1.0,2.0,"{""all_reduce:16384"":28105}","{""all_reduce:65536"":6985}"
decode,deepseek-v2-lite,deepseek-v2-lite,decode-tp4-b4-l8192-m512,decode-tp4-b16-l8192-m128,4,4,28105,6985,4.0236220472440944,460472320,457768960,0.005870841487279843,False,False,False,1.0,2.0,"{""all_reduce:16384"":28105}","{""all_reduce:65536"":6985}"
decode,deepseek-v2-lite,deepseek-v2-lite,decode-tp4-b4-l8192-m512,decode-tp8-b16-l128-m128,4,8,28105,6985,4.0236220472440944,460472320,457768960,0.005870841487279843,False,True,False,1.0,2.0,"{""all_reduce:16384"":28105}","{""all_reduce:65536"":6985}"
decode,deepseek-v2-lite,deepseek-v2-lite,decode-tp4-b4-l8192-m512,decode-tp8-b16-l2048-m128,4,8,28105,6985,4.0236220472440944,460472320,457768960,0.005870841487279843,False,True,False,1.0,2.0,"{""all_reduce:16384"":28105}","{""all_reduce:65536"":6985}"
decode,deepseek-v2-lite,deepseek-v2-lite,decode-tp4-b4-l8192-m512,decode-tp8-b16-l8192-m128,4,8,28105,6985,4.0236220472440944,460472320,457768960,0.005870841487279843,False,True,False,1.0,2.0,"{""all_reduce:16384"":28105}","{""all_reduce:65536"":6985}"
decode,deepseek-v2-lite,deepseek-v2-lite,decode-tp4-b8-l128-m128,decode-tp8-b2-l128-m512,4,8,6985,28105,4.0236220472440944,228884480,230236160,0.005870841487279843,False,True,False,1.0,2.0,"{""all_reduce:32768"":6985}","{""all_reduce:8192"":28105}"
decode,deepseek-v2-lite,deepseek-v2-lite,decode-tp4-b8-l128-m128,decode-tp8-b2-l2048-m512,4,8,6985,28105,4.0236220472440944,228884480,230236160,0.005870841487279843,False,True,False,1.0,2.0,"{""all_reduce:32768"":6985}","{""all_reduce:8192"":28105}"
decode,deepseek-v2-lite,deepseek-v2-lite,decode-tp4-b8-l128-m128,decode-tp8-b2-l8192-m512,4,8,6985,28105,4.0236220472440944,228884480,230236160,0.005870841487279843,False,True,False,1.0,2.0,"{""all_reduce:32768"":6985}","{""all_reduce:8192"":28105}"
decode,deepseek-v2-lite,deepseek-v2-lite,decode-tp4-b8-l2048-m128,decode-tp8-b2-l128-m512,4,8,6985,28105,4.0236220472440944,228884480,230236160,0.005870841487279843,False,True,False,1.0,2.0,"{""all_reduce:32768"":6985}","{""all_reduce:8192"":28105}"
decode,deepseek-v2-lite,deepseek-v2-lite,decode-tp4-b8-l2048-m128,decode-tp8-b2-l2048-m512,4,8,6985,28105,4.0236220472440944,228884480,230236160,0.005870841487279843,False,True,False,1.0,2.0,"{""all_reduce:32768"":6985}","{""all_reduce:8192"":28105}"
decode,deepseek-v2-lite,deepseek-v2-lite,decode-tp4-b8-l2048-m128,decode-tp8-b2-l8192-m512,4,8,6985,28105,4.0236220472440944,228884480,230236160,0.005870841487279843,False,True,False,1.0,2.0,"{""all_reduce:32768"":6985}","{""all_reduce:8192"":28105}"
decode,deepseek-v2-lite,deepseek-v2-lite,decode-tp4-b8-l8192-m128,decode-tp8-b2-l128-m512,4,8,6985,28105,4.0236220472440944,228884480,230236160,0.005870841487279843,False,True,False,1.0,2.0,"{""all_reduce:32768"":6985}","{""all_reduce:8192"":28105}"
decode,deepseek-v2-lite,deepseek-v2-lite,decode-tp4-b8-l8192-m128,decode-tp8-b2-l2048-m512,4,8,6985,28105,4.0236220472440944,228884480,230236160,0.005870841487279843,False,True,False,1.0,2.0,"{""all_reduce:32768"":6985}","{""all_reduce:8192"":28105}"
decode,deepseek-v2-lite,deepseek-v2-lite,decode-tp4-b8-l8192-m128,decode-tp8-b2-l8192-m512,4,8,6985,28105,4.0236220472440944,228884480,230236160,0.005870841487279843,False,True,False,1.0,2.0,"{""all_reduce:32768"":6985}","{""all_reduce:8192"":28105}"
decode,deepseek-v2-lite,deepseek-v2-lite,decode-tp4-b16-l128-m128,decode-tp8-b4-l128-m512,4,8,6985,28105,4.0236220472440944,457768960,460472320,0.005870841487279843,False,True,False,1.0,2.0,"{""all_reduce:65536"":6985}","{""all_reduce:16384"":28105}"
decode,deepseek-v2-lite,deepseek-v2-lite,decode-tp4-b16-l128-m128,decode-tp8-b4-l2048-m512,4,8,6985,28105,4.0236220472440944,457768960,460472320,0.005870841487279843,False,True,False,1.0,2.0,"{""all_reduce:65536"":6985}","{""all_reduce:16384"":28105}"
decode,deepseek-v2-lite,deepseek-v2-lite,decode-tp4-b16-l128-m128,decode-tp8-b4-l8192-m512,4,8,6985,28105,4.0236220472440944,457768960,460472320,0.005870841487279843,False,True,False,1.0,2.0,"{""all_reduce:65536"":6985}","{""all_reduce:16384"":28105}"
decode,deepseek-v2-lite,deepseek-v2-lite,decode-tp4-b16-l2048-m128,decode-tp8-b4-l128-m512,4,8,6985,28105,4.0236220472440944,457768960,460472320,0.005870841487279843,False,True,False,1.0,2.0,"{""all_reduce:65536"":6985}","{""all_reduce:16384"":28105}"
decode,deepseek-v2-lite,deepseek-v2-lite,decode-tp4-b16-l2048-m128,decode-tp8-b4-l2048-m512,4,8,6985,28105,4.0236220472440944,457768960,460472320,0.005870841487279843,False,True,False,1.0,2.0,"{""all_reduce:65536"":6985}","{""all_reduce:16384"":28105}"
decode,deepseek-v2-lite,deepseek-v2-lite,decode-tp4-b16-l2048-m128,decode-tp8-b4-l8192-m512,4,8,6985,28105,4.0236220472440944,457768960,460472320,0.005870841487279843,False,True,False,1.0,2.0,"{""all_reduce:65536"":6985}","{""all_reduce:16384"":28105}"
decode,deepseek-v2-lite,deepseek-v2-lite,decode-tp4-b16-l8192-m128,decode-tp8-b4-l128-m512,4,8,6985,28105,4.0236220472440944,457768960,460472320,0.005870841487279843,False,True,False,1.0,2.0,"{""all_reduce:65536"":6985}","{""all_reduce:16384"":28105}"
decode,deepseek-v2-lite,deepseek-v2-lite,decode-tp4-b16-l8192-m128,decode-tp8-b4-l2048-m512,4,8,6985,28105,4.0236220472440944,457768960,460472320,0.005870841487279843,False,True,False,1.0,2.0,"{""all_reduce:65536"":6985}","{""all_reduce:16384"":28105}"
decode,deepseek-v2-lite,deepseek-v2-lite,decode-tp4-b16-l8192-m128,decode-tp8-b4-l8192-m512,4,8,6985,28105,4.0236220472440944,457768960,460472320,0.005870841487279843,False,True,False,1.0,2.0,"{""all_reduce:65536"":6985}","{""all_reduce:16384"":28105}"
decode,deepseek-v2-lite,deepseek-v2-lite,decode-tp8-b1-l128-m512,decode-tp8-b4-l128-m128,8,8,28105,6985,4.0236220472440944,115118080,114442240,0.005870841487279843,False,False,False,1.0,2.0,"{""all_reduce:4096"":28105}","{""all_reduce:16384"":6985}"
decode,deepseek-v2-lite,deepseek-v2-lite,decode-tp8-b1-l128-m512,decode-tp8-b4-l2048-m128,8,8,28105,6985,4.0236220472440944,115118080,114442240,0.005870841487279843,False,False,False,1.0,2.0,"{""all_reduce:4096"":28105}","{""all_reduce:16384"":6985}"
decode,deepseek-v2-lite,deepseek-v2-lite,decode-tp8-b1-l128-m512,decode-tp8-b4-l8192-m128,8,8,28105,6985,4.0236220472440944,115118080,114442240,0.005870841487279843,False,False,False,1.0,2.0,"{""all_reduce:4096"":28105}","{""all_reduce:16384"":6985}"
decode,deepseek-v2-lite,deepseek-v2-lite,decode-tp8-b1-l2048-m512,decode-tp8-b4-l128-m128,8,8,28105,6985,4.0236220472440944,115118080,114442240,0.005870841487279843,False,False,False,1.0,2.0,"{""all_reduce:4096"":28105}","{""all_reduce:16384"":6985}"
decode,deepseek-v2-lite,deepseek-v2-lite,decode-tp8-b1-l2048-m512,decode-tp8-b4-l2048-m128,8,8,28105,6985,4.0236220472440944,115118080,114442240,0.005870841487279843,False,False,False,1.0,2.0,"{""all_reduce:4096"":28105}","{""all_reduce:16384"":6985}"
decode,deepseek-v2-lite,deepseek-v2-lite,decode-tp8-b1-l2048-m512,decode-tp8-b4-l8192-m128,8,8,28105,6985,4.0236220472440944,115118080,114442240,0.005870841487279843,False,False,False,1.0,2.0,"{""all_reduce:4096"":28105}","{""all_reduce:16384"":6985}"
decode,deepseek-v2-lite,deepseek-v2-lite,decode-tp8-b1-l8192-m512,decode-tp8-b4-l128-m128,8,8,28105,6985,4.0236220472440944,115118080,114442240,0.005870841487279843,False,False,False,1.0,2.0,"{""all_reduce:4096"":28105}","{""all_reduce:16384"":6985}"
decode,deepseek-v2-lite,deepseek-v2-lite,decode-tp8-b1-l8192-m512,decode-tp8-b4-l2048-m128,8,8,28105,6985,4.0236220472440944,115118080,114442240,0.005870841487279843,False,False,False,1.0,2.0,"{""all_reduce:4096"":28105}","{""all_reduce:16384"":6985}"
decode,deepseek-v2-lite,deepseek-v2-lite,decode-tp8-b1-l8192-m512,decode-tp8-b4-l8192-m128,8,8,28105,6985,4.0236220472440944,115118080,114442240,0.005870841487279843,False,False,False,1.0,2.0,"{""all_reduce:4096"":28105}","{""all_reduce:16384"":6985}"
decode,deepseek-v2-lite,deepseek-v2-lite,decode-tp8-b2-l128-m512,decode-tp8-b8-l128-m128,8,8,28105,6985,4.0236220472440944,230236160,228884480,0.005870841487279843,False,False,False,1.0,2.0,"{""all_reduce:8192"":28105}","{""all_reduce:32768"":6985}"
decode,deepseek-v2-lite,deepseek-v2-lite,decode-tp8-b2-l128-m512,decode-tp8-b8-l2048-m128,8,8,28105,6985,4.0236220472440944,230236160,228884480,0.005870841487279843,False,False,False,1.0,2.0,"{""all_reduce:8192"":28105}","{""all_reduce:32768"":6985}"
decode,deepseek-v2-lite,deepseek-v2-lite,decode-tp8-b2-l128-m512,decode-tp8-b8-l8192-m128,8,8,28105,6985,4.0236220472440944,230236160,228884480,0.005870841487279843,False,False,False,1.0,2.0,"{""all_reduce:8192"":28105}","{""all_reduce:32768"":6985}"
decode,deepseek-v2-lite,deepseek-v2-lite,decode-tp8-b2-l2048-m512,decode-tp8-b8-l128-m128,8,8,28105,6985,4.0236220472440944,230236160,228884480,0.005870841487279843,False,False,False,1.0,2.0,"{""all_reduce:8192"":28105}","{""all_reduce:32768"":6985}"
decode,deepseek-v2-lite,deepseek-v2-lite,decode-tp8-b2-l2048-m512,decode-tp8-b8-l2048-m128,8,8,28105,6985,4.0236220472440944,230236160,228884480,0.005870841487279843,False,False,False,1.0,2.0,"{""all_reduce:8192"":28105}","{""all_reduce:32768"":6985}"
decode,deepseek-v2-lite,deepseek-v2-lite,decode-tp8-b2-l2048-m512,decode-tp8-b8-l8192-m128,8,8,28105,6985,4.0236220472440944,230236160,228884480,0.005870841487279843,False,False,False,1.0,2.0,"{""all_reduce:8192"":28105}","{""all_reduce:32768"":6985}"
decode,deepseek-v2-lite,deepseek-v2-lite,decode-tp8-b2-l8192-m512,decode-tp8-b8-l128-m128,8,8,28105,6985,4.0236220472440944,230236160,228884480,0.005870841487279843,False,False,False,1.0,2.0,"{""all_reduce:8192"":28105}","{""all_reduce:32768"":6985}"
decode,deepseek-v2-lite,deepseek-v2-lite,decode-tp8-b2-l8192-m512,decode-tp8-b8-l2048-m128,8,8,28105,6985,4.0236220472440944,230236160,228884480,0.005870841487279843,False,False,False,1.0,2.0,"{""all_reduce:8192"":28105}","{""all_reduce:32768"":6985}"
decode,deepseek-v2-lite,deepseek-v2-lite,decode-tp8-b2-l8192-m512,decode-tp8-b8-l8192-m128,8,8,28105,6985,4.0236220472440944,230236160,228884480,0.005870841487279843,False,False,False,1.0,2.0,"{""all_reduce:8192"":28105}","{""all_reduce:32768"":6985}"
decode,deepseek-v2-lite,deepseek-v2-lite,decode-tp8-b4-l128-m512,decode-tp8-b16-l128-m128,8,8,28105,6985,4.0236220472440944,460472320,457768960,0.005870841487279843,False,False,False,1.0,2.0,"{""all_reduce:16384"":28105}","{""all_reduce:65536"":6985}"
decode,deepseek-v2-lite,deepseek-v2-lite,decode-tp8-b4-l128-m512,decode-tp8-b16-l2048-m128,8,8,28105,6985,4.0236220472440944,460472320,457768960,0.005870841487279843,False,False,False,1.0,2.0,"{""all_reduce:16384"":28105}","{""all_reduce:65536"":6985}"
decode,deepseek-v2-lite,deepseek-v2-lite,decode-tp8-b4-l128-m512,decode-tp8-b16-l8192-m128,8,8,28105,6985,4.0236220472440944,460472320,457768960,0.005870841487279843,False,False,False,1.0,2.0,"{""all_reduce:16384"":28105}","{""all_reduce:65536"":6985}"
decode,deepseek-v2-lite,deepseek-v2-lite,decode-tp8-b4-l2048-m512,decode-tp8-b16-l128-m128,8,8,28105,6985,4.0236220472440944,460472320,457768960,0.005870841487279843,False,False,False,1.0,2.0,"{""all_reduce:16384"":28105}","{""all_reduce:65536"":6985}"
decode,deepseek-v2-lite,deepseek-v2-lite,decode-tp8-b4-l2048-m512,decode-tp8-b16-l2048-m128,8,8,28105,6985,4.0236220472440944,460472320,457768960,0.005870841487279843,False,False,False,1.0,2.0,"{""all_reduce:16384"":28105}","{""all_reduce:65536"":6985}"
decode,deepseek-v2-lite,deepseek-v2-lite,decode-tp8-b4-l2048-m512,decode-tp8-b16-l8192-m128,8,8,28105,6985,4.0236220472440944,460472320,457768960,0.005870841487279843,False,False,False,1.0,2.0,"{""all_reduce:16384"":28105}","{""all_reduce:65536"":6985}"
decode,deepseek-v2-lite,deepseek-v2-lite,decode-tp8-b4-l8192-m512,decode-tp8-b16-l128-m128,8,8,28105,6985,4.0236220472440944,460472320,457768960,0.005870841487279843,False,False,False,1.0,2.0,"{""all_reduce:16384"":28105}","{""all_reduce:65536"":6985}"
decode,deepseek-v2-lite,deepseek-v2-lite,decode-tp8-b4-l8192-m512,decode-tp8-b16-l2048-m128,8,8,28105,6985,4.0236220472440944,460472320,457768960,0.005870841487279843,False,False,False,1.0,2.0,"{""all_reduce:16384"":28105}","{""all_reduce:65536"":6985}"
decode,deepseek-v2-lite,deepseek-v2-lite,decode-tp8-b4-l8192-m512,decode-tp8-b16-l8192-m128,8,8,28105,6985,4.0236220472440944,460472320,457768960,0.005870841487279843,False,False,False,1.0,2.0,"{""all_reduce:16384"":28105}","{""all_reduce:65536"":6985}"
decode,qwen3-30b-a3b,qwen3-30b-a3b,decode-tp2-b1-l128-m512,decode-tp2-b4-l128-m128,2,2,49567,12319,4.0236220472440944,203026432,201834496,0.005870841487279843,False,False,False,1.0,2.0,"{""all_reduce:4096"":1022,""fused_allreduce_residual_rmsnorm:4096"":48545}","{""all_reduce:16384"":254,""fused_allreduce_residual_rmsnorm:16384"":12065}"
decode,qwen3-30b-a3b,qwen3-30b-a3b,decode-tp2-b1-l128-m512,decode-tp2-b4-l2048-m128,2,2,49567,12319,4.0236220472440944,203026432,201834496,0.005870841487279843,False,False,False,1.0,2.0,"{""all_reduce:4096"":1022,""fused_allreduce_residual_rmsnorm:4096"":48545}","{""all_reduce:16384"":254,""fused_allreduce_residual_rmsnorm:16384"":12065}"
decode,qwen3-30b-a3b,qwen3-30b-a3b,decode-tp2-b1-l128-m512,decode-tp2-b4-l8192-m128,2,2,49567,12319,4.0236220472440944,203026432,201834496,0.005870841487279843,False,False,False,1.0,2.0,"{""all_reduce:4096"":1022,""fused_allreduce_residual_rmsnorm:4096"":48545}","{""all_reduce:16384"":254,""fused_allreduce_residual_rmsnorm:16384"":12065}"
decode,qwen3-30b-a3b,qwen3-30b-a3b,decode-tp2-b1-l128-m512,decode-tp4-b4-l128-m128,2,4,49567,12319,4.0236220472440944,203026432,201834496,0.005870841487279843,False,True,False,1.0,2.0,"{""all_reduce:4096"":1022,""fused_allreduce_residual_rmsnorm:4096"":48545}","{""all_reduce:16384"":254,""fused_allreduce_residual_rmsnorm:16384"":12065}"
decode,qwen3-30b-a3b,qwen3-30b-a3b,decode-tp2-b1-l128-m512,decode-tp4-b4-l2048-m128,2,4,49567,12319,4.0236220472440944,203026432,201834496,0.005870841487279843,False,True,False,1.0,2.0,"{""all_reduce:4096"":1022,""fused_allreduce_residual_rmsnorm:4096"":48545}","{""all_reduce:16384"":254,""fused_allreduce_residual_rmsnorm:16384"":12065}"
decode,qwen3-30b-a3b,qwen3-30b-a3b,decode-tp2-b1-l128-m512,decode-tp4-b4-l8192-m128,2,4,49567,12319,4.0236220472440944,203026432,201834496,0.005870841487279843,False,True,False,1.0,2.0,"{""all_reduce:4096"":1022,""fused_allreduce_residual_rmsnorm:4096"":48545}","{""all_reduce:16384"":254,""fused_allreduce_residual_rmsnorm:16384"":12065}"
decode,qwen3-30b-a3b,qwen3-30b-a3b,decode-tp2-b1-l128-m512,decode-tp8-b4-l128-m128,2,8,49567,12319,4.0236220472440944,203026432,201834496,0.005870841487279843,False,True,False,1.0,2.0,"{""all_reduce:4096"":1022,""fused_allreduce_residual_rmsnorm:4096"":48545}","{""all_reduce:16384"":254,""fused_allreduce_residual_rmsnorm:16384"":12065}"
decode,qwen3-30b-a3b,qwen3-30b-a3b,decode-tp2-b1-l128-m512,decode-tp8-b4-l2048-m128,2,8,49567,12319,4.0236220472440944,203026432,201834496,0.005870841487279843,False,True,False,1.0,2.0,"{""all_reduce:4096"":1022,""fused_allreduce_residual_rmsnorm:4096"":48545}","{""all_reduce:16384"":254,""fused_allreduce_residual_rmsnorm:16384"":12065}"
decode,qwen3-30b-a3b,qwen3-30b-a3b,decode-tp2-b1-l128-m512,decode-tp8-b4-l8192-m128,2,8,49567,12319,4.0236220472440944,203026432,201834496,0.005870841487279843,False,True,False,1.0,2.0,"{""all_reduce:4096"":1022,""fused_allreduce_residual_rmsnorm:4096"":48545}","{""all_reduce:16384"":254,""fused_allreduce_residual_rmsnorm:16384"":12065}"
decode,qwen3-30b-a3b,qwen3-30b-a3b,decode-tp2-b1-l2048-m512,decode-tp2-b4-l128-m128,2,2,49567,12319,4.0236220472440944,203026432,201834496,0.005870841487279843,False,False,False,1.0,2.0,"{""all_reduce:4096"":1022,""fused_allreduce_residual_rmsnorm:4096"":48545}","{""all_reduce:16384"":254,""fused_allreduce_residual_rmsnorm:16384"":12065}"
decode,qwen3-30b-a3b,qwen3-30b-a3b,decode-tp2-b1-l2048-m512,decode-tp2-b4-l2048-m128,2,2,49567,12319,4.0236220472440944,203026432,201834496,0.005870841487279843,False,False,False,1.0,2.0,"{""all_reduce:4096"":1022,""fused_allreduce_residual_rmsnorm:4096"":48545}","{""all_reduce:16384"":254,""fused_allreduce_residual_rmsnorm:16384"":12065}"
decode,qwen3-30b-a3b,qwen3-30b-a3b,decode-tp2-b1-l2048-m512,decode-tp2-b4-l8192-m128,2,2,49567,12319,4.0236220472440944,203026432,201834496,0.005870841487279843,False,False,False,1.0,2.0,"{""all_reduce:4096"":1022,""fused_allreduce_residual_rmsnorm:4096"":48545}","{""all_reduce:16384"":254,""fused_allreduce_residual_rmsnorm:16384"":12065}"
decode,qwen3-30b-a3b,qwen3-30b-a3b,decode-tp2-b1-l2048-m512,decode-tp4-b4-l128-m128,2,4,49567,12319,4.0236220472440944,203026432,201834496,0.005870841487279843,False,True,False,1.0,2.0,"{""all_reduce:4096"":1022,""fused_allreduce_residual_rmsnorm:4096"":48545}","{""all_reduce:16384"":254,""fused_allreduce_residual_rmsnorm:16384"":12065}"
decode,qwen3-30b-a3b,qwen3-30b-a3b,decode-tp2-b1-l2048-m512,decode-tp4-b4-l2048-m128,2,4,49567,12319,4.0236220472440944,203026432,201834496,0.005870841487279843,False,True,False,1.0,2.0,"{""all_reduce:4096"":1022,""fused_allreduce_residual_rmsnorm:4096"":48545}","{""all_reduce:16384"":254,""fused_allreduce_residual_rmsnorm:16384"":12065}"
decode,qwen3-30b-a3b,qwen3-30b-a3b,decode-tp2-b1-l2048-m512,decode-tp4-b4-l8192-m128,2,4,49567,12319,4.0236220472440944,203026432,201834496,0.005870841487279843,False,True,False,1.0,2.0,"{""all_reduce:4096"":1022,""fused_allreduce_residual_rmsnorm:4096"":48545}","{""all_reduce:16384"":254,""fused_allreduce_residual_rmsnorm:16384"":12065}"
decode,qwen3-30b-a3b,qwen3-30b-a3b,decode-tp2-b1-l2048-m512,decode-tp8-b4-l128-m128,2,8,49567,12319,4.0236220472440944,203026432,201834496,0.005870841487279843,False,True,False,1.0,2.0,"{""all_reduce:4096"":1022,""fused_allreduce_residual_rmsnorm:4096"":48545}","{""all_reduce:16384"":254,""fused_allreduce_residual_rmsnorm:16384"":12065}"
decode,qwen3-30b-a3b,qwen3-30b-a3b,decode-tp2-b1-l2048-m512,decode-tp8-b4-l2048-m128,2,8,49567,12319,4.0236220472440944,203026432,201834496,0.005870841487279843,False,True,False,1.0,2.0,"{""all_reduce:4096"":1022,""fused_allreduce_residual_rmsnorm:4096"":48545}","{""all_reduce:16384"":254,""fused_allreduce_residual_rmsnorm:16384"":12065}"
decode,qwen3-30b-a3b,qwen3-30b-a3b,decode-tp2-b1-l2048-m512,decode-tp8-b4-l8192-m128,2,8,49567,12319,4.0236220472440944,203026432,201834496,0.005870841487279843,False,True,False,1.0,2.0,"{""all_reduce:4096"":1022,""fused_allreduce_residual_rmsnorm:4096"":48545}","{""all_reduce:16384"":254,""fused_allreduce_residual_rmsnorm:16384"":12065}"
decode,qwen3-30b-a3b,qwen3-30b-a3b,decode-tp2-b1-l8192-m512,decode-tp2-b4-l128-m128,2,2,49567,12319,4.0236220472440944,203026432,201834496,0.005870841487279843,False,False,False,1.0,2.0,"{""all_reduce:4096"":1022,""fused_allreduce_residual_rmsnorm:4096"":48545}","{""all_reduce:16384"":254,""fused_allreduce_residual_rmsnorm:16384"":12065}"
decode,qwen3-30b-a3b,qwen3-30b-a3b,decode-tp2-b1-l8192-m512,decode-tp2-b4-l2048-m128,2,2,49567,12319,4.0236220472440944,203026432,201834496,0.005870841487279843,False,False,False,1.0,2.0,"{""all_reduce:4096"":1022,""fused_allreduce_residual_rmsnorm:4096"":48545}","{""all_reduce:16384"":254,""fused_allreduce_residual_rmsnorm:16384"":12065}"
decode,qwen3-30b-a3b,qwen3-30b-a3b,decode-tp2-b1-l8192-m512,decode-tp2-b4-l8192-m128,2,2,49567,12319,4.0236220472440944,203026432,201834496,0.005870841487279843,False,False,False,1.0,2.0,"{""all_reduce:4096"":1022,""fused_allreduce_residual_rmsnorm:4096"":48545}","{""all_reduce:16384"":254,""fused_allreduce_residual_rmsnorm:16384"":12065}"
decode,qwen3-30b-a3b,qwen3-30b-a3b,decode-tp2-b1-l8192-m512,decode-tp4-b4-l128-m128,2,4,49567,12319,4.0236220472440944,203026432,201834496,0.005870841487279843,False,True,False,1.0,2.0,"{""all_reduce:4096"":1022,""fused_allreduce_residual_rmsnorm:4096"":48545}","{""all_reduce:16384"":254,""fused_allreduce_residual_rmsnorm:16384"":12065}"
decode,qwen3-30b-a3b,qwen3-30b-a3b,decode-tp2-b1-l8192-m512,decode-tp4-b4-l2048-m128,2,4,49567,12319,4.0236220472440944,203026432,201834496,0.005870841487279843,False,True,False,1.0,2.0,"{""all_reduce:4096"":1022,""fused_allreduce_residual_rmsnorm:4096"":48545}","{""all_reduce:16384"":254,""fused_allreduce_residual_rmsnorm:16384"":12065}"
decode,qwen3-30b-a3b,qwen3-30b-a3b,decode-tp2-b1-l8192-m512,decode-tp4-b4-l8192-m128,2,4,49567,12319,4.0236220472440944,203026432,201834496,0.005870841487279843,False,True,False,1.0,2.0,"{""all_reduce:4096"":1022,""fused_allreduce_residual_rmsnorm:4096"":48545}","{""all_reduce:16384"":254,""fused_allreduce_residual_rmsnorm:16384"":12065}"
decode,qwen3-30b-a3b,qwen3-30b-a3b,decode-tp2-b1-l8192-m512,decode-tp8-b4-l128-m128,2,8,49567,12319,4.0236220472440944,203026432,201834496,0.005870841487279843,False,True,False,1.0,2.0,"{""all_reduce:4096"":1022,""fused_allreduce_residual_rmsnorm:4096"":48545}","{""all_reduce:16384"":254,""fused_allreduce_residual_rmsnorm:16384"":12065}"
decode,qwen3-30b-a3b,qwen3-30b-a3b,decode-tp2-b1-l8192-m512,decode-tp8-b4-l2048-m128,2,8,49567,12319,4.0236220472440944,203026432,201834496,0.005870841487279843,False,True,False,1.0,2.0,"{""all_reduce:4096"":1022,""fused_allreduce_residual_rmsnorm:4096"":48545}","{""all_reduce:16384"":254,""fused_allreduce_residual_rmsnorm:16384"":12065}"
decode,qwen3-30b-a3b,qwen3-30b-a3b,decode-tp2-b1-l8192-m512,decode-tp8-b4-l8192-m128,2,8,49567,12319,4.0236220472440944,203026432,201834496,0.005870841487279843,False,True,False,1.0,2.0,"{""all_reduce:4096"":1022,""fused_allreduce_residual_rmsnorm:4096"":48545}","{""all_reduce:16384"":254,""fused_allreduce_residual_rmsnorm:16384"":12065}"
decode,qwen3-30b-a3b,qwen3-30b-a3b,decode-tp2-b2-l128-m512,decode-tp2-b8-l128-m128,2,2,49567,12319,4.0236220472440944,406052864,403668992,0.005870841487279843,False,False,False,1.0,2.0,"{""all_reduce:8192"":1022,""fused_allreduce_residual_rmsnorm:8192"":48545}","{""all_reduce:32768"":254,""fused_allreduce_residual_rmsnorm:32768"":12065}"
decode,qwen3-30b-a3b,qwen3-30b-a3b,decode-tp2-b2-l128-m512,decode-tp2-b8-l2048-m128,2,2,49567,12319,4.0236220472440944,406052864,403668992,0.005870841487279843,False,False,False,1.0,2.0,"{""all_reduce:8192"":1022,""fused_allreduce_residual_rmsnorm:8192"":48545}","{""all_reduce:32768"":254,""fused_allreduce_residual_rmsnorm:32768"":12065}"
decode,qwen3-30b-a3b,qwen3-30b-a3b,decode-tp2-b2-l128-m512,decode-tp2-b8-l8192-m128,2,2,49567,12319,4.0236220472440944,406052864,403668992,0.005870841487279843,False,False,False,1.0,2.0,"{""all_reduce:8192"":1022,""fused_allreduce_residual_rmsnorm:8192"":48545}","{""all_reduce:32768"":254,""fused_allreduce_residual_rmsnorm:32768"":12065}"
decode,qwen3-30b-a3b,qwen3-30b-a3b,decode-tp2-b2-l128-m512,decode-tp4-b8-l128-m128,2,4,49567,12319,4.0236220472440944,406052864,403668992,0.005870841487279843,False,True,False,1.0,2.0,"{""all_reduce:8192"":1022,""fused_allreduce_residual_rmsnorm:8192"":48545}","{""all_reduce:32768"":254,""fused_allreduce_residual_rmsnorm:32768"":12065}"
decode,qwen3-30b-a3b,qwen3-30b-a3b,decode-tp2-b2-l128-m512,decode-tp4-b8-l2048-m128,2,4,49567,12319,4.0236220472440944,406052864,403668992,0.005870841487279843,False,True,False,1.0,2.0,"{""all_reduce:8192"":1022,""fused_allreduce_residual_rmsnorm:8192"":48545}","{""all_reduce:32768"":254,""fused_allreduce_residual_rmsnorm:32768"":12065}"
decode,qwen3-30b-a3b,qwen3-30b-a3b,decode-tp2-b2-l128-m512,decode-tp4-b8-l8192-m128,2,4,49567,12319,4.0236220472440944,406052864,403668992,0.005870841487279843,False,True,False,1.0,2.0,"{""all_reduce:8192"":1022,""fused_allreduce_residual_rmsnorm:8192"":48545}","{""all_reduce:32768"":254,""fused_allreduce_residual_rmsnorm:32768"":12065}"
decode,qwen3-30b-a3b,qwen3-30b-a3b,decode-tp2-b2-l128-m512,decode-tp8-b8-l128-m128,2,8,49567,12319,4.0236220472440944,406052864,403668992,0.005870841487279843,False,True,False,1.0,2.0,"{""all_reduce:8192"":1022,""fused_allreduce_residual_rmsnorm:8192"":48545}","{""all_reduce:32768"":254,""fused_allreduce_residual_rmsnorm:32768"":12065}"
decode,qwen3-30b-a3b,qwen3-30b-a3b,decode-tp2-b2-l128-m512,decode-tp8-b8-l2048-m128,2,8,49567,12319,4.0236220472440944,406052864,403668992,0.005870841487279843,False,True,False,1.0,2.0,"{""all_reduce:8192"":1022,""fused_allreduce_residual_rmsnorm:8192"":48545}","{""all_reduce:32768"":254,""fused_allreduce_residual_rmsnorm:32768"":12065}"
decode,qwen3-30b-a3b,qwen3-30b-a3b,decode-tp2-b2-l128-m512,decode-tp8-b8-l8192-m128,2,8,49567,12319,4.0236220472440944,406052864,403668992,0.005870841487279843,False,True,False,1.0,2.0,"{""all_reduce:8192"":1022,""fused_allreduce_residual_rmsnorm:8192"":48545}","{""all_reduce:32768"":254,""fused_allreduce_residual_rmsnorm:32768"":12065}"
decode,qwen3-30b-a3b,qwen3-30b-a3b,decode-tp2-b2-l2048-m512,decode-tp2-b8-l128-m128,2,2,49567,12319,4.0236220472440944,406052864,403668992,0.005870841487279843,False,False,False,1.0,2.0,"{""all_reduce:8192"":1022,""fused_allreduce_residual_rmsnorm:8192"":48545}","{""all_reduce:32768"":254,""fused_allreduce_residual_rmsnorm:32768"":12065}"
decode,qwen3-30b-a3b,qwen3-30b-a3b,decode-tp2-b2-l2048-m512,decode-tp2-b8-l2048-m128,2,2,49567,12319,4.0236220472440944,406052864,403668992,0.005870841487279843,False,False,False,1.0,2.0,"{""all_reduce:8192"":1022,""fused_allreduce_residual_rmsnorm:8192"":48545}","{""all_reduce:32768"":254,""fused_allreduce_residual_rmsnorm:32768"":12065}"
decode,qwen3-30b-a3b,qwen3-30b-a3b,decode-tp2-b2-l2048-m512,decode-tp2-b8-l8192-m128,2,2,49567,12319,4.0236220472440944,406052864,403668992,0.005870841487279843,False,False,False,1.0,2.0,"{""all_reduce:8192"":1022,""fused_allreduce_residual_rmsnorm:8192"":48545}","{""all_reduce:32768"":254,""fused_allreduce_residual_rmsnorm:32768"":12065}"
decode,qwen3-30b-a3b,qwen3-30b-a3b,decode-tp2-b2-l2048-m512,decode-tp4-b8-l128-m128,2,4,49567,12319,4.0236220472440944,406052864,403668992,0.005870841487279843,False,True,False,1.0,2.0,"{""all_reduce:8192"":1022,""fused_allreduce_residual_rmsnorm:8192"":48545}","{""all_reduce:32768"":254,""fused_allreduce_residual_rmsnorm:32768"":12065}"
decode,qwen3-30b-a3b,qwen3-30b-a3b,decode-tp2-b2-l2048-m512,decode-tp4-b8-l2048-m128,2,4,49567,12319,4.0236220472440944,406052864,403668992,0.005870841487279843,False,True,False,1.0,2.0,"{""all_reduce:8192"":1022,""fused_allreduce_residual_rmsnorm:8192"":48545}","{""all_reduce:32768"":254,""fused_allreduce_residual_rmsnorm:32768"":12065}"
decode,qwen3-30b-a3b,qwen3-30b-a3b,decode-tp2-b2-l2048-m512,decode-tp4-b8-l8192-m128,2,4,49567,12319,4.0236220472440944,406052864,403668992,0.005870841487279843,False,True,False,1.0,2.0,"{""all_reduce:8192"":1022,""fused_allreduce_residual_rmsnorm:8192"":48545}","{""all_reduce:32768"":254,""fused_allreduce_residual_rmsnorm:32768"":12065}"
decode,qwen3-30b-a3b,qwen3-30b-a3b,decode-tp2-b2-l2048-m512,decode-tp8-b8-l128-m128,2,8,49567,12319,4.0236220472440944,406052864,403668992,0.005870841487279843,False,True,False,1.0,2.0,"{""all_reduce:8192"":1022,""fused_allreduce_residual_rmsnorm:8192"":48545}","{""all_reduce:32768"":254,""fused_allreduce_residual_rmsnorm:32768"":12065}"
decode,qwen3-30b-a3b,qwen3-30b-a3b,decode-tp2-b2-l2048-m512,decode-tp8-b8-l2048-m128,2,8,49567,12319,4.0236220472440944,406052864,403668992,0.005870841487279843,False,True,False,1.0,2.0,"{""all_reduce:8192"":1022,""fused_allreduce_residual_rmsnorm:8192"":48545}","{""all_reduce:32768"":254,""fused_allreduce_residual_rmsnorm:32768"":12065}"
decode,qwen3-30b-a3b,qwen3-30b-a3b,decode-tp2-b2-l2048-m512,decode-tp8-b8-l8192-m128,2,8,49567,12319,4.0236220472440944,406052864,403668992,0.005870841487279843,False,True,False,1.0,2.0,"{""all_reduce:8192"":1022,""fused_allreduce_residual_rmsnorm:8192"":48545}","{""all_reduce:32768"":254,""fused_allreduce_residual_rmsnorm:32768"":12065}"
decode,qwen3-30b-a3b,qwen3-30b-a3b,decode-tp2-b2-l8192-m512,decode-tp2-b8-l128-m128,2,2,49567,12319,4.0236220472440944,406052864,403668992,0.005870841487279843,False,False,False,1.0,2.0,"{""all_reduce:8192"":1022,""fused_allreduce_residual_rmsnorm:8192"":48545}","{""all_reduce:32768"":254,""fused_allreduce_residual_rmsnorm:32768"":12065}"
decode,qwen3-30b-a3b,qwen3-30b-a3b,decode-tp2-b2-l8192-m512,decode-tp2-b8-l2048-m128,2,2,49567,12319,4.0236220472440944,406052864,403668992,0.005870841487279843,False,False,False,1.0,2.0,"{""all_reduce:8192"":1022,""fused_allreduce_residual_rmsnorm:8192"":48545}","{""all_reduce:32768"":254,""fused_allreduce_residual_rmsnorm:32768"":12065}"
decode,qwen3-30b-a3b,qwen3-30b-a3b,decode-tp2-b2-l8192-m512,decode-tp2-b8-l8192-m128,2,2,49567,12319,4.0236220472440944,406052864,403668992,0.005870841487279843,False,False,False,1.0,2.0,"{""all_reduce:8192"":1022,""fused_allreduce_residual_rmsnorm:8192"":48545}","{""all_reduce:32768"":254,""fused_allreduce_residual_rmsnorm:32768"":12065}"
decode,qwen3-30b-a3b,qwen3-30b-a3b,decode-tp2-b2-l8192-m512,decode-tp4-b8-l128-m128,2,4,49567,12319,4.0236220472440944,406052864,403668992,0.005870841487279843,False,True,False,1.0,2.0,"{""all_reduce:8192"":1022,""fused_allreduce_residual_rmsnorm:8192"":48545}","{""all_reduce:32768"":254,""fused_allreduce_residual_rmsnorm:32768"":12065}"
decode,qwen3-30b-a3b,qwen3-30b-a3b,decode-tp2-b2-l8192-m512,decode-tp4-b8-l2048-m128,2,4,49567,12319,4.0236220472440944,406052864,403668992,0.005870841487279843,False,True,False,1.0,2.0,"{""all_reduce:8192"":1022,""fused_allreduce_residual_rmsnorm:8192"":48545}","{""all_reduce:32768"":254,""fused_allreduce_residual_rmsnorm:32768"":12065}"
decode,qwen3-30b-a3b,qwen3-30b-a3b,decode-tp2-b2-l8192-m512,decode-tp4-b8-l8192-m128,2,4,49567,12319,4.0236220472440944,406052864,403668992,0.005870841487279843,False,True,False,1.0,2.0,"{""all_reduce:8192"":1022,""fused_allreduce_residual_rmsnorm:8192"":48545}","{""all_reduce:32768"":254,""fused_allreduce_residual_rmsnorm:32768"":12065}"
decode,qwen3-30b-a3b,qwen3-30b-a3b,decode-tp2-b2-l8192-m512,decode-tp8-b8-l128-m128,2,8,49567,12319,4.0236220472440944,406052864,403668992,0.005870841487279843,False,True,False,1.0,2.0,"{""all_reduce:8192"":1022,""fused_allreduce_residual_rmsnorm:8192"":48545}","{""all_reduce:32768"":254,""fused_allreduce_residual_rmsnorm:32768"":12065}"
decode,qwen3-30b-a3b,qwen3-30b-a3b,decode-tp2-b2-l8192-m512,decode-tp8-b8-l2048-m128,2,8,49567,12319,4.0236220472440944,406052864,403668992,0.005870841487279843,False,True,False,1.0,2.0,"{""all_reduce:8192"":1022,""fused_allreduce_residual_rmsnorm:8192"":48545}","{""all_reduce:32768"":254,""fused_allreduce_residual_rmsnorm:32768"":12065}"
decode,qwen3-30b-a3b,qwen3-30b-a3b,decode-tp2-b2-l8192-m512,decode-tp8-b8-l8192-m128,2,8,49567,12319,4.0236220472440944,406052864,403668992,0.005870841487279843,False,True,False,1.0,2.0,"{""all_reduce:8192"":1022,""fused_allreduce_residual_rmsnorm:8192"":48545}","{""all_reduce:32768"":254,""fused_allreduce_residual_rmsnorm:32768"":12065}"
decode,qwen3-30b-a3b,qwen3-30b-a3b,decode-tp2-b4-l128-m128,decode-tp4-b1-l128-m512,2,4,12319,49567,4.0236220472440944,201834496,203026432,0.005870841487279843,False,True,False,1.0,2.0,"{""all_reduce:16384"":254,""fused_allreduce_residual_rmsnorm:16384"":12065}","{""all_reduce:4096"":1022,""fused_allreduce_residual_rmsnorm:4096"":48545}"
decode,qwen3-30b-a3b,qwen3-30b-a3b,decode-tp2-b4-l128-m128,decode-tp4-b1-l2048-m512,2,4,12319,49567,4.0236220472440944,201834496,203026432,0.005870841487279843,False,True,False,1.0,2.0,"{""all_reduce:16384"":254,""fused_allreduce_residual_rmsnorm:16384"":12065}","{""all_reduce:4096"":1022,""fused_allreduce_residual_rmsnorm:4096"":48545}"
decode,qwen3-30b-a3b,qwen3-30b-a3b,decode-tp2-b4-l128-m128,decode-tp4-b1-l8192-m512,2,4,12319,49567,4.0236220472440944,201834496,203026432,0.005870841487279843,False,True,False,1.0,2.0,"{""all_reduce:16384"":254,""fused_allreduce_residual_rmsnorm:16384"":12065}","{""all_reduce:4096"":1022,""fused_allreduce_residual_rmsnorm:4096"":48545}"
decode,qwen3-30b-a3b,qwen3-30b-a3b,decode-tp2-b4-l128-m128,decode-tp8-b1-l128-m512,2,8,12319,49567,4.0236220472440944,201834496,203026432,0.005870841487279843,False,True,False,1.0,2.0,"{""all_reduce:16384"":254,""fused_allreduce_residual_rmsnorm:16384"":12065}","{""all_reduce:4096"":1022,""fused_allreduce_residual_rmsnorm:4096"":48545}"
decode,qwen3-30b-a3b,qwen3-30b-a3b,decode-tp2-b4-l128-m128,decode-tp8-b1-l2048-m512,2,8,12319,49567,4.0236220472440944,201834496,203026432,0.005870841487279843,False,True,False,1.0,2.0,"{""all_reduce:16384"":254,""fused_allreduce_residual_rmsnorm:16384"":12065}","{""all_reduce:4096"":1022,""fused_allreduce_residual_rmsnorm:4096"":48545}"
decode,qwen3-30b-a3b,qwen3-30b-a3b,decode-tp2-b4-l128-m128,decode-tp8-b1-l8192-m512,2,8,12319,49567,4.0236220472440944,201834496,203026432,0.005870841487279843,False,True,False,1.0,2.0,"{""all_reduce:16384"":254,""fused_allreduce_residual_rmsnorm:16384"":12065}","{""all_reduce:4096"":1022,""fused_allreduce_residual_rmsnorm:4096"":48545}"
decode,qwen3-30b-a3b,qwen3-30b-a3b,decode-tp2-b4-l128-m512,decode-tp2-b16-l128-m128,2,2,49567,12319,4.0236220472440944,812105728,807337984,0.005870841487279843,False,False,False,1.0,2.0,"{""all_reduce:16384"":1022,""fused_allreduce_residual_rmsnorm:16384"":48545}","{""all_reduce:65536"":254,""fused_allreduce_residual_rmsnorm:65536"":12065}"
decode,qwen3-30b-a3b,qwen3-30b-a3b,decode-tp2-b4-l128-m512,decode-tp2-b16-l2048-m128,2,2,49567,12319,4.0236220472440944,812105728,807337984,0.005870841487279843,False,False,False,1.0,2.0,"{""all_reduce:16384"":1022,""fused_allreduce_residual_rmsnorm:16384"":48545}","{""all_reduce:65536"":254,""fused_allreduce_residual_rmsnorm:65536"":12065}"
decode,qwen3-30b-a3b,qwen3-30b-a3b,decode-tp2-b4-l128-m512,decode-tp2-b16-l8192-m128,2,2,49567,12319,4.0236220472440944,812105728,807337984,0.005870841487279843,False,False,False,1.0,2.0,"{""all_reduce:16384"":1022,""fused_allreduce_residual_rmsnorm:16384"":48545}","{""all_reduce:65536"":254,""fused_allreduce_residual_rmsnorm:65536"":12065}"
decode,qwen3-30b-a3b,qwen3-30b-a3b,decode-tp2-b4-l128-m512,decode-tp4-b16-l128-m128,2,4,49567,12319,4.0236220472440944,812105728,807337984,0.005870841487279843,False,True,False,1.0,2.0,"{""all_reduce:16384"":1022,""fused_allreduce_residual_rmsnorm:16384"":48545}","{""all_reduce:65536"":254,""fused_allreduce_residual_rmsnorm:65536"":12065}"
decode,qwen3-30b-a3b,qwen3-30b-a3b,decode-tp2-b4-l128-m512,decode-tp4-b16-l2048-m128,2,4,49567,12319,4.0236220472440944,812105728,807337984,0.005870841487279843,False,True,False,1.0,2.0,"{""all_reduce:16384"":1022,""fused_allreduce_residual_rmsnorm:16384"":48545}","{""all_reduce:65536"":254,""fused_allreduce_residual_rmsnorm:65536"":12065}"
decode,qwen3-30b-a3b,qwen3-30b-a3b,decode-tp2-b4-l128-m512,decode-tp4-b16-l8192-m128,2,4,49567,12319,4.0236220472440944,812105728,807337984,0.005870841487279843,False,True,False,1.0,2.0,"{""all_reduce:16384"":1022,""fused_allreduce_residual_rmsnorm:16384"":48545}","{""all_reduce:65536"":254,""fused_allreduce_residual_rmsnorm:65536"":12065}"
decode,qwen3-30b-a3b,qwen3-30b-a3b,decode-tp2-b4-l128-m512,decode-tp8-b16-l128-m128,2,8,49567,12319,4.0236220472440944,812105728,807337984,0.005870841487279843,False,True,False,1.0,2.0,"{""all_reduce:16384"":1022,""fused_allreduce_residual_rmsnorm:16384"":48545}","{""all_reduce:65536"":254,""fused_allreduce_residual_rmsnorm:65536"":12065}"
decode,qwen3-30b-a3b,qwen3-30b-a3b,decode-tp2-b4-l128-m512,decode-tp8-b16-l2048-m128,2,8,49567,12319,4.0236220472440944,812105728,807337984,0.005870841487279843,False,True,False,1.0,2.0,"{""all_reduce:16384"":1022,""fused_allreduce_residual_rmsnorm:16384"":48545}","{""all_reduce:65536"":254,""fused_allreduce_residual_rmsnorm:65536"":12065}"
decode,qwen3-30b-a3b,qwen3-30b-a3b,decode-tp2-b4-l128-m512,decode-tp8-b16-l8192-m128,2,8,49567,12319,4.0236220472440944,812105728,807337984,0.005870841487279843,False,True,False,1.0,2.0,"{""all_reduce:16384"":1022,""fused_allreduce_residual_rmsnorm:16384"":48545}","{""all_reduce:65536"":254,""fused_allreduce_residual_rmsnorm:65536"":12065}"
decode,qwen3-30b-a3b,qwen3-30b-a3b,decode-tp2-b4-l2048-m128,decode-tp4-b1-l128-m512,2,4,12319,49567,4.0236220472440944,201834496,203026432,0.005870841487279843,False,True,False,1.0,2.0,"{""all_reduce:16384"":254,""fused_allreduce_residual_rmsnorm:16384"":12065}","{""all_reduce:4096"":1022,""fused_allreduce_residual_rmsnorm:4096"":48545}"
decode,qwen3-30b-a3b,qwen3-30b-a3b,decode-tp2-b4-l2048-m128,decode-tp4-b1-l2048-m512,2,4,12319,49567,4.0236220472440944,201834496,203026432,0.005870841487279843,False,True,False,1.0,2.0,"{""all_reduce:16384"":254,""fused_allreduce_residual_rmsnorm:16384"":12065}","{""all_reduce:4096"":1022,""fused_allreduce_residual_rmsnorm:4096"":48545}"
decode,qwen3-30b-a3b,qwen3-30b-a3b,decode-tp2-b4-l2048-m128,decode-tp4-b1-l8192-m512,2,4,12319,49567,4.0236220472440944,201834496,203026432,0.005870841487279843,False,True,False,1.0,2.0,"{""all_reduce:16384"":254,""fused_allreduce_residual_rmsnorm:16384"":12065}","{""all_reduce:4096"":1022,""fused_allreduce_residual_rmsnorm:4096"":48545}"
decode,qwen3-30b-a3b,qwen3-30b-a3b,decode-tp2-b4-l2048-m128,decode-tp8-b1-l128-m512,2,8,12319,49567,4.0236220472440944,201834496,203026432,0.005870841487279843,False,True,False,1.0,2.0,"{""all_reduce:16384"":254,""fused_allreduce_residual_rmsnorm:16384"":12065}","{""all_reduce:4096"":1022,""fused_allreduce_residual_rmsnorm:4096"":48545}"
decode,qwen3-30b-a3b,qwen3-30b-a3b,decode-tp2-b4-l2048-m128,decode-tp8-b1-l2048-m512,2,8,12319,49567,4.0236220472440944,201834496,203026432,0.005870841487279843,False,True,False,1.0,2.0,"{""all_reduce:16384"":254,""fused_allreduce_residual_rmsnorm:16384"":12065}","{""all_reduce:4096"":1022,""fused_allreduce_residual_rmsnorm:4096"":48545}"
decode,qwen3-30b-a3b,qwen3-30b-a3b,decode-tp2-b4-l2048-m128,decode-tp8-b1-l8192-m512,2,8,12319,49567,4.0236220472440944,201834496,203026432,0.005870841487279843,False,True,False,1.0,2.0,"{""all_reduce:16384"":254,""fused_allreduce_residual_rmsnorm:16384"":12065}","{""all_reduce:4096"":1022,""fused_allreduce_residual_rmsnorm:4096"":48545}"
decode,qwen3-30b-a3b,qwen3-30b-a3b,decode-tp2-b4-l2048-m512,decode-tp2-b16-l128-m128,2,2,49567,12319,4.0236220472440944,812105728,807337984,0.005870841487279843,False,False,False,1.0,2.0,"{""all_reduce:16384"":1022,""fused_allreduce_residual_rmsnorm:16384"":48545}","{""all_reduce:65536"":254,""fused_allreduce_residual_rmsnorm:65536"":12065}"
decode,qwen3-30b-a3b,qwen3-30b-a3b,decode-tp2-b4-l2048-m512,decode-tp2-b16-l2048-m128,2,2,49567,12319,4.0236220472440944,812105728,807337984,0.005870841487279843,False,False,False,1.0,2.0,"{""all_reduce:16384"":1022,""fused_allreduce_residual_rmsnorm:16384"":48545}","{""all_reduce:65536"":254,""fused_allreduce_residual_rmsnorm:65536"":12065}"
decode,qwen3-30b-a3b,qwen3-30b-a3b,decode-tp2-b4-l2048-m512,decode-tp2-b16-l8192-m128,2,2,49567,12319,4.0236220472440944,812105728,807337984,0.005870841487279843,False,False,False,1.0,2.0,"{""all_reduce:16384"":1022,""fused_allreduce_residual_rmsnorm:16384"":48545}","{""all_reduce:65536"":254,""fused_allreduce_residual_rmsnorm:65536"":12065}"
decode,qwen3-30b-a3b,qwen3-30b-a3b,decode-tp2-b4-l2048-m512,decode-tp4-b16-l128-m128,2,4,49567,12319,4.0236220472440944,812105728,807337984,0.005870841487279843,False,True,False,1.0,2.0,"{""all_reduce:16384"":1022,""fused_allreduce_residual_rmsnorm:16384"":48545}","{""all_reduce:65536"":254,""fused_allreduce_residual_rmsnorm:65536"":12065}"
decode,qwen3-30b-a3b,qwen3-30b-a3b,decode-tp2-b4-l2048-m512,decode-tp4-b16-l2048-m128,2,4,49567,12319,4.0236220472440944,812105728,807337984,0.005870841487279843,False,True,False,1.0,2.0,"{""all_reduce:16384"":1022,""fused_allreduce_residual_rmsnorm:16384"":48545}","{""all_reduce:65536"":254,""fused_allreduce_residual_rmsnorm:65536"":12065}"
decode,qwen3-30b-a3b,qwen3-30b-a3b,decode-tp2-b4-l2048-m512,decode-tp4-b16-l8192-m128,2,4,49567,12319,4.0236220472440944,812105728,807337984,0.005870841487279843,False,True,False,1.0,2.0,"{""all_reduce:16384"":1022,""fused_allreduce_residual_rmsnorm:16384"":48545}","{""all_reduce:65536"":254,""fused_allreduce_residual_rmsnorm:65536"":12065}"
decode,qwen3-30b-a3b,qwen3-30b-a3b,decode-tp2-b4-l2048-m512,decode-tp8-b16-l128-m128,2,8,49567,12319,4.0236220472440944,812105728,807337984,0.005870841487279843,False,True,False,1.0,2.0,"{""all_reduce:16384"":1022,""fused_allreduce_residual_rmsnorm:16384"":48545}","{""all_reduce:65536"":254,""fused_allreduce_residual_rmsnorm:65536"":12065}"
decode,qwen3-30b-a3b,qwen3-30b-a3b,decode-tp2-b4-l2048-m512,decode-tp8-b16-l2048-m128,2,8,49567,12319,4.0236220472440944,812105728,807337984,0.005870841487279843,False,True,False,1.0,2.0,"{""all_reduce:16384"":1022,""fused_allreduce_residual_rmsnorm:16384"":48545}","{""all_reduce:65536"":254,""fused_allreduce_residual_rmsnorm:65536"":12065}"
decode,qwen3-30b-a3b,qwen3-30b-a3b,decode-tp2-b4-l2048-m512,decode-tp8-b16-l8192-m128,2,8,49567,12319,4.0236220472440944,812105728,807337984,0.005870841487279843,False,True,False,1.0,2.0,"{""all_reduce:16384"":1022,""fused_allreduce_residual_rmsnorm:16384"":48545}","{""all_reduce:65536"":254,""fused_allreduce_residual_rmsnorm:65536"":12065}"
decode,qwen3-30b-a3b,qwen3-30b-a3b,decode-tp2-b4-l8192-m128,decode-tp4-b1-l128-m512,2,4,12319,49567,4.0236220472440944,201834496,203026432,0.005870841487279843,False,True,False,1.0,2.0,"{""all_reduce:16384"":254,""fused_allreduce_residual_rmsnorm:16384"":12065}","{""all_reduce:4096"":1022,""fused_allreduce_residual_rmsnorm:4096"":48545}"
decode,qwen3-30b-a3b,qwen3-30b-a3b,decode-tp2-b4-l8192-m128,decode-tp4-b1-l2048-m512,2,4,12319,49567,4.0236220472440944,201834496,203026432,0.005870841487279843,False,True,False,1.0,2.0,"{""all_reduce:16384"":254,""fused_allreduce_residual_rmsnorm:16384"":12065}","{""all_reduce:4096"":1022,""fused_allreduce_residual_rmsnorm:4096"":48545}"
decode,qwen3-30b-a3b,qwen3-30b-a3b,decode-tp2-b4-l8192-m128,decode-tp4-b1-l8192-m512,2,4,12319,49567,4.0236220472440944,201834496,203026432,0.005870841487279843,False,True,False,1.0,2.0,"{""all_reduce:16384"":254,""fused_allreduce_residual_rmsnorm:16384"":12065}","{""all_reduce:4096"":1022,""fused_allreduce_residual_rmsnorm:4096"":48545}"
decode,qwen3-30b-a3b,qwen3-30b-a3b,decode-tp2-b4-l8192-m128,decode-tp8-b1-l128-m512,2,8,12319,49567,4.0236220472440944,201834496,203026432,0.005870841487279843,False,True,False,1.0,2.0,"{""all_reduce:16384"":254,""fused_allreduce_residual_rmsnorm:16384"":12065}","{""all_reduce:4096"":1022,""fused_allreduce_residual_rmsnorm:4096"":48545}"
decode,qwen3-30b-a3b,qwen3-30b-a3b,decode-tp2-b4-l8192-m128,decode-tp8-b1-l2048-m512,2,8,12319,49567,4.0236220472440944,201834496,203026432,0.005870841487279843,False,True,False,1.0,2.0,"{""all_reduce:16384"":254,""fused_allreduce_residual_rmsnorm:16384"":12065}","{""all_reduce:4096"":1022,""fused_allreduce_residual_rmsnorm:4096"":48545}"
decode,qwen3-30b-a3b,qwen3-30b-a3b,decode-tp2-b4-l8192-m128,decode-tp8-b1-l8192-m512,2,8,12319,49567,4.0236220472440944,201834496,203026432,0.005870841487279843,False,True,False,1.0,2.0,"{""all_reduce:16384"":254,""fused_allreduce_residual_rmsnorm:16384"":12065}","{""all_reduce:4096"":1022,""fused_allreduce_residual_rmsnorm:4096"":48545}"
decode,qwen3-30b-a3b,qwen3-30b-a3b,decode-tp2-b4-l8192-m512,decode-tp2-b16-l128-m128,2,2,49567,12319,4.0236220472440944,812105728,807337984,0.005870841487279843,False,False,False,1.0,2.0,"{""all_reduce:16384"":1022,""fused_allreduce_residual_rmsnorm:16384"":48545}","{""all_reduce:65536"":254,""fused_allreduce_residual_rmsnorm:65536"":12065}"
decode,qwen3-30b-a3b,qwen3-30b-a3b,decode-tp2-b4-l8192-m512,decode-tp2-b16-l2048-m128,2,2,49567,12319,4.0236220472440944,812105728,807337984,0.005870841487279843,False,False,False,1.0,2.0,"{""all_reduce:16384"":1022,""fused_allreduce_residual_rmsnorm:16384"":48545}","{""all_reduce:65536"":254,""fused_allreduce_residual_rmsnorm:65536"":12065}"
decode,qwen3-30b-a3b,qwen3-30b-a3b,decode-tp2-b4-l8192-m512,decode-tp2-b16-l8192-m128,2,2,49567,12319,4.0236220472440944,812105728,807337984,0.005870841487279843,False,False,False,1.0,2.0,"{""all_reduce:16384"":1022,""fused_allreduce_residual_rmsnorm:16384"":48545}","{""all_reduce:65536"":254,""fused_allreduce_residual_rmsnorm:65536"":12065}"
decode,qwen3-30b-a3b,qwen3-30b-a3b,decode-tp2-b4-l8192-m512,decode-tp4-b16-l128-m128,2,4,49567,12319,4.0236220472440944,812105728,807337984,0.005870841487279843,False,True,False,1.0,2.0,"{""all_reduce:16384"":1022,""fused_allreduce_residual_rmsnorm:16384"":48545}","{""all_reduce:65536"":254,""fused_allreduce_residual_rmsnorm:65536"":12065}"
decode,qwen3-30b-a3b,qwen3-30b-a3b,decode-tp2-b4-l8192-m512,decode-tp4-b16-l2048-m128,2,4,49567,12319,4.0236220472440944,812105728,807337984,0.005870841487279843,False,True,False,1.0,2.0,"{""all_reduce:16384"":1022,""fused_allreduce_residual_rmsnorm:16384"":48545}","{""all_reduce:65536"":254,""fused_allreduce_residual_rmsnorm:65536"":12065}"
decode,qwen3-30b-a3b,qwen3-30b-a3b,decode-tp2-b4-l8192-m512,decode-tp4-b16-l8192-m128,2,4,49567,12319,4.0236220472440944,812105728,807337984,0.005870841487279843,False,True,False,1.0,2.0,"{""all_reduce:16384"":1022,""fused_allreduce_residual_rmsnorm:16384"":48545}","{""all_reduce:65536"":254,""fused_allreduce_residual_rmsnorm:65536"":12065}"
decode,qwen3-30b-a3b,qwen3-30b-a3b,decode-tp2-b4-l8192-m512,decode-tp8-b16-l128-m128,2,8,49567,12319,4.0236220472440944,812105728,807337984,0.005870841487279843,False,True,False,1.0,2.0,"{""all_reduce:16384"":1022,""fused_allreduce_residual_rmsnorm:16384"":48545}","{""all_reduce:65536"":254,""fused_allreduce_residual_rmsnorm:65536"":12065}"
decode,qwen3-30b-a3b,qwen3-30b-a3b,decode-tp2-b4-l8192-m512,decode-tp8-b16-l2048-m128,2,8,49567,12319,4.0236220472440944,812105728,807337984,0.005870841487279843,False,True,False,1.0,2.0,"{""all_reduce:16384"":1022,""fused_allreduce_residual_rmsnorm:16384"":48545}","{""all_reduce:65536"":254,""fused_allreduce_residual_rmsnorm:65536"":12065}"
decode,qwen3-30b-a3b,qwen3-30b-a3b,decode-tp2-b4-l8192-m512,decode-tp8-b16-l8192-m128,2,8,49567,12319,4.0236220472440944,812105728,807337984,0.005870841487279843,False,True,False,1.0,2.0,"{""all_reduce:16384"":1022,""fused_allreduce_residual_rmsnorm:16384"":48545}","{""all_reduce:65536"":254,""fused_allreduce_residual_rmsnorm:65536"":12065}"
decode,qwen3-30b-a3b,qwen3-30b-a3b,decode-tp2-b8-l128-m128,decode-tp4-b2-l128-m512,2,4,12319,49567,4.0236220472440944,403668992,406052864,0.005870841487279843,False,True,False,1.0,2.0,"{""all_reduce:32768"":254,""fused_allreduce_residual_rmsnorm:32768"":12065}","{""all_reduce:8192"":1022,""fused_allreduce_residual_rmsnorm:8192"":48545}"
decode,qwen3-30b-a3b,qwen3-30b-a3b,decode-tp2-b8-l128-m128,decode-tp4-b2-l2048-m512,2,4,12319,49567,4.0236220472440944,403668992,406052864,0.005870841487279843,False,True,False,1.0,2.0,"{""all_reduce:32768"":254,""fused_allreduce_residual_rmsnorm:32768"":12065}","{""all_reduce:8192"":1022,""fused_allreduce_residual_rmsnorm:8192"":48545}"
decode,qwen3-30b-a3b,qwen3-30b-a3b,decode-tp2-b8-l128-m128,decode-tp4-b2-l8192-m512,2,4,12319,49567,4.0236220472440944,403668992,406052864,0.005870841487279843,False,True,False,1.0,2.0,"{""all_reduce:32768"":254,""fused_allreduce_residual_rmsnorm:32768"":12065}","{""all_reduce:8192"":1022,""fused_allreduce_residual_rmsnorm:8192"":48545}"
decode,qwen3-30b-a3b,qwen3-30b-a3b,decode-tp2-b8-l128-m128,decode-tp8-b2-l128-m512,2,8,12319,49567,4.0236220472440944,403668992,406052864,0.005870841487279843,False,True,False,1.0,2.0,"{""all_reduce:32768"":254,""fused_allreduce_residual_rmsnorm:32768"":12065}","{""all_reduce:8192"":1022,""fused_allreduce_residual_rmsnorm:8192"":48545}"
decode,qwen3-30b-a3b,qwen3-30b-a3b,decode-tp2-b8-l128-m128,decode-tp8-b2-l2048-m512,2,8,12319,49567,4.0236220472440944,403668992,406052864,0.005870841487279843,False,True,False,1.0,2.0,"{""all_reduce:32768"":254,""fused_allreduce_residual_rmsnorm:32768"":12065}","{""all_reduce:8192"":1022,""fused_allreduce_residual_rmsnorm:8192"":48545}"
decode,qwen3-30b-a3b,qwen3-30b-a3b,decode-tp2-b8-l128-m128,decode-tp8-b2-l8192-m512,2,8,12319,49567,4.0236220472440944,403668992,406052864,0.005870841487279843,False,True,False,1.0,2.0,"{""all_reduce:32768"":254,""fused_allreduce_residual_rmsnorm:32768"":12065}","{""all_reduce:8192"":1022,""fused_allreduce_residual_rmsnorm:8192"":48545}"
decode,qwen3-30b-a3b,qwen3-30b-a3b,decode-tp2-b8-l2048-m128,decode-tp4-b2-l128-m512,2,4,12319,49567,4.0236220472440944,403668992,406052864,0.005870841487279843,False,True,False,1.0,2.0,"{""all_reduce:32768"":254,""fused_allreduce_residual_rmsnorm:32768"":12065}","{""all_reduce:8192"":1022,""fused_allreduce_residual_rmsnorm:8192"":48545}"
decode,qwen3-30b-a3b,qwen3-30b-a3b,decode-tp2-b8-l2048-m128,decode-tp4-b2-l2048-m512,2,4,12319,49567,4.0236220472440944,403668992,406052864,0.005870841487279843,False,True,False,1.0,2.0,"{""all_reduce:32768"":254,""fused_allreduce_residual_rmsnorm:32768"":12065}","{""all_reduce:8192"":1022,""fused_allreduce_residual_rmsnorm:8192"":48545}"
decode,qwen3-30b-a3b,qwen3-30b-a3b,decode-tp2-b8-l2048-m128,decode-tp4-b2-l8192-m512,2,4,12319,49567,4.0236220472440944,403668992,406052864,0.005870841487279843,False,True,False,1.0,2.0,"{""all_reduce:32768"":254,""fused_allreduce_residual_rmsnorm:32768"":12065}","{""all_reduce:8192"":1022,""fused_allreduce_residual_rmsnorm:8192"":48545}"
decode,qwen3-30b-a3b,qwen3-30b-a3b,decode-tp2-b8-l2048-m128,decode-tp8-b2-l128-m512,2,8,12319,49567,4.0236220472440944,403668992,406052864,0.005870841487279843,False,True,False,1.0,2.0,"{""all_reduce:32768"":254,""fused_allreduce_residual_rmsnorm:32768"":12065}","{""all_reduce:8192"":1022,""fused_allreduce_residual_rmsnorm:8192"":48545}"
decode,qwen3-30b-a3b,qwen3-30b-a3b,decode-tp2-b8-l2048-m128,decode-tp8-b2-l2048-m512,2,8,12319,49567,4.0236220472440944,403668992,406052864,0.005870841487279843,False,True,False,1.0,2.0,"{""all_reduce:32768"":254,""fused_allreduce_residual_rmsnorm:32768"":12065}","{""all_reduce:8192"":1022,""fused_allreduce_residual_rmsnorm:8192"":48545}"
decode,qwen3-30b-a3b,qwen3-30b-a3b,decode-tp2-b8-l2048-m128,decode-tp8-b2-l8192-m512,2,8,12319,49567,4.0236220472440944,403668992,406052864,0.005870841487279843,False,True,False,1.0,2.0,"{""all_reduce:32768"":254,""fused_allreduce_residual_rmsnorm:32768"":12065}","{""all_reduce:8192"":1022,""fused_allreduce_residual_rmsnorm:8192"":48545}"
decode,qwen3-30b-a3b,qwen3-30b-a3b,decode-tp2-b8-l8192-m128,decode-tp4-b2-l128-m512,2,4,12319,49567,4.0236220472440944,403668992,406052864,0.005870841487279843,False,True,False,1.0,2.0,"{""all_reduce:32768"":254,""fused_allreduce_residual_rmsnorm:32768"":12065}","{""all_reduce:8192"":1022,""fused_allreduce_residual_rmsnorm:8192"":48545}"
decode,qwen3-30b-a3b,qwen3-30b-a3b,decode-tp2-b8-l8192-m128,decode-tp4-b2-l2048-m512,2,4,12319,49567,4.0236220472440944,403668992,406052864,0.005870841487279843,False,True,False,1.0,2.0,"{""all_reduce:32768"":254,""fused_allreduce_residual_rmsnorm:32768"":12065}","{""all_reduce:8192"":1022,""fused_allreduce_residual_rmsnorm:8192"":48545}"
decode,qwen3-30b-a3b,qwen3-30b-a3b,decode-tp2-b8-l8192-m128,decode-tp4-b2-l8192-m512,2,4,12319,49567,4.0236220472440944,403668992,406052864,0.005870841487279843,False,True,False,1.0,2.0,"{""all_reduce:32768"":254,""fused_allreduce_residual_rmsnorm:32768"":12065}","{""all_reduce:8192"":1022,""fused_allreduce_residual_rmsnorm:8192"":48545}"
decode,qwen3-30b-a3b,qwen3-30b-a3b,decode-tp2-b8-l8192-m128,decode-tp8-b2-l128-m512,2,8,12319,49567,4.0236220472440944,403668992,406052864,0.005870841487279843,False,True,False,1.0,2.0,"{""all_reduce:32768"":254,""fused_allreduce_residual_rmsnorm:32768"":12065}","{""all_reduce:8192"":1022,""fused_allreduce_residual_rmsnorm:8192"":48545}"
decode,qwen3-30b-a3b,qwen3-30b-a3b,decode-tp2-b8-l8192-m128,decode-tp8-b2-l2048-m512,2,8,12319,49567,4.0236220472440944,403668992,406052864,0.005870841487279843,False,True,False,1.0,2.0,"{""all_reduce:32768"":254,""fused_allreduce_residual_rmsnorm:32768"":12065}","{""all_reduce:8192"":1022,""fused_allreduce_residual_rmsnorm:8192"":48545}"
decode,qwen3-30b-a3b,qwen3-30b-a3b,decode-tp2-b8-l8192-m128,decode-tp8-b2-l8192-m512,2,8,12319,49567,4.0236220472440944,403668992,406052864,0.005870841487279843,False,True,False,1.0,2.0,"{""all_reduce:32768"":254,""fused_allreduce_residual_rmsnorm:32768"":12065}","{""all_reduce:8192"":1022,""fused_allreduce_residual_rmsnorm:8192"":48545}"
decode,qwen3-30b-a3b,qwen3-30b-a3b,decode-tp2-b16-l128-m128,decode-tp4-b4-l128-m512,2,4,12319,49567,4.0236220472440944,807337984,812105728,0.005870841487279843,False,True,False,1.0,2.0,"{""all_reduce:65536"":254,""fused_allreduce_residual_rmsnorm:65536"":12065}","{""all_reduce:16384"":1022,""fused_allreduce_residual_rmsnorm:16384"":48545}"
decode,qwen3-30b-a3b,qwen3-30b-a3b,decode-tp2-b16-l128-m128,decode-tp4-b4-l2048-m512,2,4,12319,49567,4.0236220472440944,807337984,812105728,0.005870841487279843,False,True,False,1.0,2.0,"{""all_reduce:65536"":254,""fused_allreduce_residual_rmsnorm:65536"":12065}","{""all_reduce:16384"":1022,""fused_allreduce_residual_rmsnorm:16384"":48545}"
decode,qwen3-30b-a3b,qwen3-30b-a3b,decode-tp2-b16-l128-m128,decode-tp4-b4-l8192-m512,2,4,12319,49567,4.0236220472440944,807337984,812105728,0.005870841487279843,False,True,False,1.0,2.0,"{""all_reduce:65536"":254,""fused_allreduce_residual_rmsnorm:65536"":12065}","{""all_reduce:16384"":1022,""fused_allreduce_residual_rmsnorm:16384"":48545}"
decode,qwen3-30b-a3b,qwen3-30b-a3b,decode-tp2-b16-l128-m128,decode-tp8-b4-l128-m512,2,8,12319,49567,4.0236220472440944,807337984,812105728,0.005870841487279843,False,True,False,1.0,2.0,"{""all_reduce:65536"":254,""fused_allreduce_residual_rmsnorm:65536"":12065}","{""all_reduce:16384"":1022,""fused_allreduce_residual_rmsnorm:16384"":48545}"
decode,qwen3-30b-a3b,qwen3-30b-a3b,decode-tp2-b16-l128-m128,decode-tp8-b4-l2048-m512,2,8,12319,49567,4.0236220472440944,807337984,812105728,0.005870841487279843,False,True,False,1.0,2.0,"{""all_reduce:65536"":254,""fused_allreduce_residual_rmsnorm:65536"":12065}","{""all_reduce:16384"":1022,""fused_allreduce_residual_rmsnorm:16384"":48545}"
decode,qwen3-30b-a3b,qwen3-30b-a3b,decode-tp2-b16-l128-m128,decode-tp8-b4-l8192-m512,2,8,12319,49567,4.0236220472440944,807337984,812105728,0.005870841487279843,False,True,False,1.0,2.0,"{""all_reduce:65536"":254,""fused_allreduce_residual_rmsnorm:65536"":12065}","{""all_reduce:16384"":1022,""fused_allreduce_residual_rmsnorm:16384"":48545}"
decode,qwen3-30b-a3b,qwen3-30b-a3b,decode-tp2-b16-l2048-m128,decode-tp4-b4-l128-m512,2,4,12319,49567,4.0236220472440944,807337984,812105728,0.005870841487279843,False,True,False,1.0,2.0,"{""all_reduce:65536"":254,""fused_allreduce_residual_rmsnorm:65536"":12065}","{""all_reduce:16384"":1022,""fused_allreduce_residual_rmsnorm:16384"":48545}"
decode,qwen3-30b-a3b,qwen3-30b-a3b,decode-tp2-b16-l2048-m128,decode-tp4-b4-l2048-m512,2,4,12319,49567,4.0236220472440944,807337984,812105728,0.005870841487279843,False,True,False,1.0,2.0,"{""all_reduce:65536"":254,""fused_allreduce_residual_rmsnorm:65536"":12065}","{""all_reduce:16384"":1022,""fused_allreduce_residual_rmsnorm:16384"":48545}"
decode,qwen3-30b-a3b,qwen3-30b-a3b,decode-tp2-b16-l2048-m128,decode-tp4-b4-l8192-m512,2,4,12319,49567,4.0236220472440944,807337984,812105728,0.005870841487279843,False,True,False,1.0,2.0,"{""all_reduce:65536"":254,""fused_allreduce_residual_rmsnorm:65536"":12065}","{""all_reduce:16384"":1022,""fused_allreduce_residual_rmsnorm:16384"":48545}"
decode,qwen3-30b-a3b,qwen3-30b-a3b,decode-tp2-b16-l2048-m128,decode-tp8-b4-l128-m512,2,8,12319,49567,4.0236220472440944,807337984,812105728,0.005870841487279843,False,True,False,1.0,2.0,"{""all_reduce:65536"":254,""fused_allreduce_residual_rmsnorm:65536"":12065}","{""all_reduce:16384"":1022,""fused_allreduce_residual_rmsnorm:16384"":48545}"
decode,qwen3-30b-a3b,qwen3-30b-a3b,decode-tp2-b16-l2048-m128,decode-tp8-b4-l2048-m512,2,8,12319,49567,4.0236220472440944,807337984,812105728,0.005870841487279843,False,True,False,1.0,2.0,"{""all_reduce:65536"":254,""fused_allreduce_residual_rmsnorm:65536"":12065}","{""all_reduce:16384"":1022,""fused_allreduce_residual_rmsnorm:16384"":48545}"
decode,qwen3-30b-a3b,qwen3-30b-a3b,decode-tp2-b16-l2048-m128,decode-tp8-b4-l8192-m512,2,8,12319,49567,4.0236220472440944,807337984,812105728,0.005870841487279843,False,True,False,1.0,2.0,"{""all_reduce:65536"":254,""fused_allreduce_residual_rmsnorm:65536"":12065}","{""all_reduce:16384"":1022,""fused_allreduce_residual_rmsnorm:16384"":48545}"
decode,qwen3-30b-a3b,qwen3-30b-a3b,decode-tp2-b16-l8192-m128,decode-tp4-b4-l128-m512,2,4,12319,49567,4.0236220472440944,807337984,812105728,0.005870841487279843,False,True,False,1.0,2.0,"{""all_reduce:65536"":254,""fused_allreduce_residual_rmsnorm:65536"":12065}","{""all_reduce:16384"":1022,""fused_allreduce_residual_rmsnorm:16384"":48545}"
decode,qwen3-30b-a3b,qwen3-30b-a3b,decode-tp2-b16-l8192-m128,decode-tp4-b4-l2048-m512,2,4,12319,49567,4.0236220472440944,807337984,812105728,0.005870841487279843,False,True,False,1.0,2.0,"{""all_reduce:65536"":254,""fused_allreduce_residual_rmsnorm:65536"":12065}","{""all_reduce:16384"":1022,""fused_allreduce_residual_rmsnorm:16384"":48545}"
decode,qwen3-30b-a3b,qwen3-30b-a3b,decode-tp2-b16-l8192-m128,decode-tp4-b4-l8192-m512,2,4,12319,49567,4.0236220472440944,807337984,812105728,0.005870841487279843,False,True,False,1.0,2.0,"{""all_reduce:65536"":254,""fused_allreduce_residual_rmsnorm:65536"":12065}","{""all_reduce:16384"":1022,""fused_allreduce_residual_rmsnorm:16384"":48545}"
decode,qwen3-30b-a3b,qwen3-30b-a3b,decode-tp2-b16-l8192-m128,decode-tp8-b4-l128-m512,2,8,12319,49567,4.0236220472440944,807337984,812105728,0.005870841487279843,False,True,False,1.0,2.0,"{""all_reduce:65536"":254,""fused_allreduce_residual_rmsnorm:65536"":12065}","{""all_reduce:16384"":1022,""fused_allreduce_residual_rmsnorm:16384"":48545}"
decode,qwen3-30b-a3b,qwen3-30b-a3b,decode-tp2-b16-l8192-m128,decode-tp8-b4-l2048-m512,2,8,12319,49567,4.0236220472440944,807337984,812105728,0.005870841487279843,False,True,False,1.0,2.0,"{""all_reduce:65536"":254,""fused_allreduce_residual_rmsnorm:65536"":12065}","{""all_reduce:16384"":1022,""fused_allreduce_residual_rmsnorm:16384"":48545}"
decode,qwen3-30b-a3b,qwen3-30b-a3b,decode-tp2-b16-l8192-m128,decode-tp8-b4-l8192-m512,2,8,12319,49567,4.0236220472440944,807337984,812105728,0.005870841487279843,False,True,False,1.0,2.0,"{""all_reduce:65536"":254,""fused_allreduce_residual_rmsnorm:65536"":12065}","{""all_reduce:16384"":1022,""fused_allreduce_residual_rmsnorm:16384"":48545}"
decode,qwen3-30b-a3b,qwen3-30b-a3b,decode-tp4-b1-l128-m512,decode-tp4-b4-l128-m128,4,4,49567,12319,4.0236220472440944,203026432,201834496,0.005870841487279843,False,False,False,1.0,2.0,"{""all_reduce:4096"":1022,""fused_allreduce_residual_rmsnorm:4096"":48545}","{""all_reduce:16384"":254,""fused_allreduce_residual_rmsnorm:16384"":12065}"
decode,qwen3-30b-a3b,qwen3-30b-a3b,decode-tp4-b1-l128-m512,decode-tp4-b4-l2048-m128,4,4,49567,12319,4.0236220472440944,203026432,201834496,0.005870841487279843,False,False,False,1.0,2.0,"{""all_reduce:4096"":1022,""fused_allreduce_residual_rmsnorm:4096"":48545}","{""all_reduce:16384"":254,""fused_allreduce_residual_rmsnorm:16384"":12065}"
decode,qwen3-30b-a3b,qwen3-30b-a3b,decode-tp4-b1-l128-m512,decode-tp4-b4-l8192-m128,4,4,49567,12319,4.0236220472440944,203026432,201834496,0.005870841487279843,False,False,False,1.0,2.0,"{""all_reduce:4096"":1022,""fused_allreduce_residual_rmsnorm:4096"":48545}","{""all_reduce:16384"":254,""fused_allreduce_residual_rmsnorm:16384"":12065}"
decode,qwen3-30b-a3b,qwen3-30b-a3b,decode-tp4-b1-l128-m512,decode-tp8-b4-l128-m128,4,8,49567,12319,4.0236220472440944,203026432,201834496,0.005870841487279843,False,True,False,1.0,2.0,"{""all_reduce:4096"":1022,""fused_allreduce_residual_rmsnorm:4096"":48545}","{""all_reduce:16384"":254,""fused_allreduce_residual_rmsnorm:16384"":12065}"
decode,qwen3-30b-a3b,qwen3-30b-a3b,decode-tp4-b1-l128-m512,decode-tp8-b4-l2048-m128,4,8,49567,12319,4.0236220472440944,203026432,201834496,0.005870841487279843,False,True,False,1.0,2.0,"{""all_reduce:4096"":1022,""fused_allreduce_residual_rmsnorm:4096"":48545}","{""all_reduce:16384"":254,""fused_allreduce_residual_rmsnorm:16384"":12065}"
decode,qwen3-30b-a3b,qwen3-30b-a3b,decode-tp4-b1-l128-m512,decode-tp8-b4-l8192-m128,4,8,49567,12319,4.0236220472440944,203026432,201834496,0.005870841487279843,False,True,False,1.0,2.0,"{""all_reduce:4096"":1022,""fused_allreduce_residual_rmsnorm:4096"":48545}","{""all_reduce:16384"":254,""fused_allreduce_residual_rmsnorm:16384"":12065}"
decode,qwen3-30b-a3b,qwen3-30b-a3b,decode-tp4-b1-l2048-m512,decode-tp4-b4-l128-m128,4,4,49567,12319,4.0236220472440944,203026432,201834496,0.005870841487279843,False,False,False,1.0,2.0,"{""all_reduce:4096"":1022,""fused_allreduce_residual_rmsnorm:4096"":48545}","{""all_reduce:16384"":254,""fused_allreduce_residual_rmsnorm:16384"":12065}"
decode,qwen3-30b-a3b,qwen3-30b-a3b,decode-tp4-b1-l2048-m512,decode-tp4-b4-l2048-m128,4,4,49567,12319,4.0236220472440944,203026432,201834496,0.005870841487279843,False,False,False,1.0,2.0,"{""all_reduce:4096"":1022,""fused_allreduce_residual_rmsnorm:4096"":48545}","{""all_reduce:16384"":254,""fused_allreduce_residual_rmsnorm:16384"":12065}"
decode,qwen3-30b-a3b,qwen3-30b-a3b,decode-tp4-b1-l2048-m512,decode-tp4-b4-l8192-m128,4,4,49567,12319,4.0236220472440944,203026432,201834496,0.005870841487279843,False,False,False,1.0,2.0,"{""all_reduce:4096"":1022,""fused_allreduce_residual_rmsnorm:4096"":48545}","{""all_reduce:16384"":254,""fused_allreduce_residual_rmsnorm:16384"":12065}"
decode,qwen3-30b-a3b,qwen3-30b-a3b,decode-tp4-b1-l2048-m512,decode-tp8-b4-l128-m128,4,8,49567,12319,4.0236220472440944,203026432,201834496,0.005870841487279843,False,True,False,1.0,2.0,"{""all_reduce:4096"":1022,""fused_allreduce_residual_rmsnorm:4096"":48545}","{""all_reduce:16384"":254,""fused_allreduce_residual_rmsnorm:16384"":12065}"
decode,qwen3-30b-a3b,qwen3-30b-a3b,decode-tp4-b1-l2048-m512,decode-tp8-b4-l2048-m128,4,8,49567,12319,4.0236220472440944,203026432,201834496,0.005870841487279843,False,True,False,1.0,2.0,"{""all_reduce:4096"":1022,""fused_allreduce_residual_rmsnorm:4096"":48545}","{""all_reduce:16384"":254,""fused_allreduce_residual_rmsnorm:16384"":12065}"
decode,qwen3-30b-a3b,qwen3-30b-a3b,decode-tp4-b1-l2048-m512,decode-tp8-b4-l8192-m128,4,8,49567,12319,4.0236220472440944,203026432,201834496,0.005870841487279843,False,True,False,1.0,2.0,"{""all_reduce:4096"":1022,""fused_allreduce_residual_rmsnorm:4096"":48545}","{""all_reduce:16384"":254,""fused_allreduce_residual_rmsnorm:16384"":12065}"
decode,qwen3-30b-a3b,qwen3-30b-a3b,decode-tp4-b1-l8192-m512,decode-tp4-b4-l128-m128,4,4,49567,12319,4.0236220472440944,203026432,201834496,0.005870841487279843,False,False,False,1.0,2.0,"{""all_reduce:4096"":1022,""fused_allreduce_residual_rmsnorm:4096"":48545}","{""all_reduce:16384"":254,""fused_allreduce_residual_rmsnorm:16384"":12065}"
decode,qwen3-30b-a3b,qwen3-30b-a3b,decode-tp4-b1-l8192-m512,decode-tp4-b4-l2048-m128,4,4,49567,12319,4.0236220472440944,203026432,201834496,0.005870841487279843,False,False,False,1.0,2.0,"{""all_reduce:4096"":1022,""fused_allreduce_residual_rmsnorm:4096"":48545}","{""all_reduce:16384"":254,""fused_allreduce_residual_rmsnorm:16384"":12065}"
decode,qwen3-30b-a3b,qwen3-30b-a3b,decode-tp4-b1-l8192-m512,decode-tp4-b4-l8192-m128,4,4,49567,12319,4.0236220472440944,203026432,201834496,0.005870841487279843,False,False,False,1.0,2.0,"{""all_reduce:4096"":1022,""fused_allreduce_residual_rmsnorm:4096"":48545}","{""all_reduce:16384"":254,""fused_allreduce_residual_rmsnorm:16384"":12065}"
decode,qwen3-30b-a3b,qwen3-30b-a3b,decode-tp4-b1-l8192-m512,decode-tp8-b4-l128-m128,4,8,49567,12319,4.0236220472440944,203026432,201834496,0.005870841487279843,False,True,False,1.0,2.0,"{""all_reduce:4096"":1022,""fused_allreduce_residual_rmsnorm:4096"":48545}","{""all_reduce:16384"":254,""fused_allreduce_residual_rmsnorm:16384"":12065}"
decode,qwen3-30b-a3b,qwen3-30b-a3b,decode-tp4-b1-l8192-m512,decode-tp8-b4-l2048-m128,4,8,49567,12319,4.0236220472440944,203026432,201834496,0.005870841487279843,False,True,False,1.0,2.0,"{""all_reduce:4096"":1022,""fused_allreduce_residual_rmsnorm:4096"":48545}","{""all_reduce:16384"":254,""fused_allreduce_residual_rmsnorm:16384"":12065}"
decode,qwen3-30b-a3b,qwen3-30b-a3b,decode-tp4-b1-l8192-m512,decode-tp8-b4-l8192-m128,4,8,49567,12319,4.0236220472440944,203026432,201834496,0.005870841487279843,False,True,False,1.0,2.0,"{""all_reduce:4096"":1022,""fused_allreduce_residual_rmsnorm:4096"":48545}","{""all_reduce:16384"":254,""fused_allreduce_residual_rmsnorm:16384"":12065}"
decode,qwen3-30b-a3b,qwen3-30b-a3b,decode-tp4-b2-l128-m512,decode-tp4-b8-l128-m128,4,4,49567,12319,4.0236220472440944,406052864,403668992,0.005870841487279843,False,False,False,1.0,2.0,"{""all_reduce:8192"":1022,""fused_allreduce_residual_rmsnorm:8192"":48545}","{""all_reduce:32768"":254,""fused_allreduce_residual_rmsnorm:32768"":12065}"
decode,qwen3-30b-a3b,qwen3-30b-a3b,decode-tp4-b2-l128-m512,decode-tp4-b8-l2048-m128,4,4,49567,12319,4.0236220472440944,406052864,403668992,0.005870841487279843,False,False,False,1.0,2.0,"{""all_reduce:8192"":1022,""fused_allreduce_residual_rmsnorm:8192"":48545}","{""all_reduce:32768"":254,""fused_allreduce_residual_rmsnorm:32768"":12065}"
decode,qwen3-30b-a3b,qwen3-30b-a3b,decode-tp4-b2-l128-m512,decode-tp4-b8-l8192-m128,4,4,49567,12319,4.0236220472440944,406052864,403668992,0.005870841487279843,False,False,False,1.0,2.0,"{""all_reduce:8192"":1022,""fused_allreduce_residual_rmsnorm:8192"":48545}","{""all_reduce:32768"":254,""fused_allreduce_residual_rmsnorm:32768"":12065}"
decode,qwen3-30b-a3b,qwen3-30b-a3b,decode-tp4-b2-l128-m512,decode-tp8-b8-l128-m128,4,8,49567,12319,4.0236220472440944,406052864,403668992,0.005870841487279843,False,True,False,1.0,2.0,"{""all_reduce:8192"":1022,""fused_allreduce_residual_rmsnorm:8192"":48545}","{""all_reduce:32768"":254,""fused_allreduce_residual_rmsnorm:32768"":12065}"
decode,qwen3-30b-a3b,qwen3-30b-a3b,decode-tp4-b2-l128-m512,decode-tp8-b8-l2048-m128,4,8,49567,12319,4.0236220472440944,406052864,403668992,0.005870841487279843,False,True,False,1.0,2.0,"{""all_reduce:8192"":1022,""fused_allreduce_residual_rmsnorm:8192"":48545}","{""all_reduce:32768"":254,""fused_allreduce_residual_rmsnorm:32768"":12065}"
decode,qwen3-30b-a3b,qwen3-30b-a3b,decode-tp4-b2-l128-m512,decode-tp8-b8-l8192-m128,4,8,49567,12319,4.0236220472440944,406052864,403668992,0.005870841487279843,False,True,False,1.0,2.0,"{""all_reduce:8192"":1022,""fused_allreduce_residual_rmsnorm:8192"":48545}","{""all_reduce:32768"":254,""fused_allreduce_residual_rmsnorm:32768"":12065}"
decode,qwen3-30b-a3b,qwen3-30b-a3b,decode-tp4-b2-l2048-m512,decode-tp4-b8-l128-m128,4,4,49567,12319,4.0236220472440944,406052864,403668992,0.005870841487279843,False,False,False,1.0,2.0,"{""all_reduce:8192"":1022,""fused_allreduce_residual_rmsnorm:8192"":48545}","{""all_reduce:32768"":254,""fused_allreduce_residual_rmsnorm:32768"":12065}"
decode,qwen3-30b-a3b,qwen3-30b-a3b,decode-tp4-b2-l2048-m512,decode-tp4-b8-l2048-m128,4,4,49567,12319,4.0236220472440944,406052864,403668992,0.005870841487279843,False,False,False,1.0,2.0,"{""all_reduce:8192"":1022,""fused_allreduce_residual_rmsnorm:8192"":48545}","{""all_reduce:32768"":254,""fused_allreduce_residual_rmsnorm:32768"":12065}"
decode,qwen3-30b-a3b,qwen3-30b-a3b,decode-tp4-b2-l2048-m512,decode-tp4-b8-l8192-m128,4,4,49567,12319,4.0236220472440944,406052864,403668992,0.005870841487279843,False,False,False,1.0,2.0,"{""all_reduce:8192"":1022,""fused_allreduce_residual_rmsnorm:8192"":48545}","{""all_reduce:32768"":254,""fused_allreduce_residual_rmsnorm:32768"":12065}"
decode,qwen3-30b-a3b,qwen3-30b-a3b,decode-tp4-b2-l2048-m512,decode-tp8-b8-l128-m128,4,8,49567,12319,4.0236220472440944,406052864,403668992,0.005870841487279843,False,True,False,1.0,2.0,"{""all_reduce:8192"":1022,""fused_allreduce_residual_rmsnorm:8192"":48545}","{""all_reduce:32768"":254,""fused_allreduce_residual_rmsnorm:32768"":12065}"
decode,qwen3-30b-a3b,qwen3-30b-a3b,decode-tp4-b2-l2048-m512,decode-tp8-b8-l2048-m128,4,8,49567,12319,4.0236220472440944,406052864,403668992,0.005870841487279843,False,True,False,1.0,2.0,"{""all_reduce:8192"":1022,""fused_allreduce_residual_rmsnorm:8192"":48545}","{""all_reduce:32768"":254,""fused_allreduce_residual_rmsnorm:32768"":12065}"
decode,qwen3-30b-a3b,qwen3-30b-a3b,decode-tp4-b2-l2048-m512,decode-tp8-b8-l8192-m128,4,8,49567,12319,4.0236220472440944,406052864,403668992,0.005870841487279843,False,True,False,1.0,2.0,"{""all_reduce:8192"":1022,""fused_allreduce_residual_rmsnorm:8192"":48545}","{""all_reduce:32768"":254,""fused_allreduce_residual_rmsnorm:32768"":12065}"
decode,qwen3-30b-a3b,qwen3-30b-a3b,decode-tp4-b2-l8192-m512,decode-tp4-b8-l128-m128,4,4,49567,12319,4.0236220472440944,406052864,403668992,0.005870841487279843,False,False,False,1.0,2.0,"{""all_reduce:8192"":1022,""fused_allreduce_residual_rmsnorm:8192"":48545}","{""all_reduce:32768"":254,""fused_allreduce_residual_rmsnorm:32768"":12065}"
decode,qwen3-30b-a3b,qwen3-30b-a3b,decode-tp4-b2-l8192-m512,decode-tp4-b8-l2048-m128,4,4,49567,12319,4.0236220472440944,406052864,403668992,0.005870841487279843,False,False,False,1.0,2.0,"{""all_reduce:8192"":1022,""fused_allreduce_residual_rmsnorm:8192"":48545}","{""all_reduce:32768"":254,""fused_allreduce_residual_rmsnorm:32768"":12065}"
decode,qwen3-30b-a3b,qwen3-30b-a3b,decode-tp4-b2-l8192-m512,decode-tp4-b8-l8192-m128,4,4,49567,12319,4.0236220472440944,406052864,403668992,0.005870841487279843,False,False,False,1.0,2.0,"{""all_reduce:8192"":1022,""fused_allreduce_residual_rmsnorm:8192"":48545}","{""all_reduce:32768"":254,""fused_allreduce_residual_rmsnorm:32768"":12065}"
decode,qwen3-30b-a3b,qwen3-30b-a3b,decode-tp4-b2-l8192-m512,decode-tp8-b8-l128-m128,4,8,49567,12319,4.0236220472440944,406052864,403668992,0.005870841487279843,False,True,False,1.0,2.0,"{""all_reduce:8192"":1022,""fused_allreduce_residual_rmsnorm:8192"":48545}","{""all_reduce:32768"":254,""fused_allreduce_residual_rmsnorm:32768"":12065}"
decode,qwen3-30b-a3b,qwen3-30b-a3b,decode-tp4-b2-l8192-m512,decode-tp8-b8-l2048-m128,4,8,49567,12319,4.0236220472440944,406052864,403668992,0.005870841487279843,False,True,False,1.0,2.0,"{""all_reduce:8192"":1022,""fused_allreduce_residual_rmsnorm:8192"":48545}","{""all_reduce:32768"":254,""fused_allreduce_residual_rmsnorm:32768"":12065}"
decode,qwen3-30b-a3b,qwen3-30b-a3b,decode-tp4-b2-l8192-m512,decode-tp8-b8-l8192-m128,4,8,49567,12319,4.0236220472440944,406052864,403668992,0.005870841487279843,False,True,False,1.0,2.0,"{""all_reduce:8192"":1022,""fused_allreduce_residual_rmsnorm:8192"":48545}","{""all_reduce:32768"":254,""fused_allreduce_residual_rmsnorm:32768"":12065}"
decode,qwen3-30b-a3b,qwen3-30b-a3b,decode-tp4-b4-l128-m128,decode-tp8-b1-l128-m512,4,8,12319,49567,4.0236220472440944,201834496,203026432,0.005870841487279843,False,True,False,1.0,2.0,"{""all_reduce:16384"":254,""fused_allreduce_residual_rmsnorm:16384"":12065}","{""all_reduce:4096"":1022,""fused_allreduce_residual_rmsnorm:4096"":48545}"
decode,qwen3-30b-a3b,qwen3-30b-a3b,decode-tp4-b4-l128-m128,decode-tp8-b1-l2048-m512,4,8,12319,49567,4.0236220472440944,201834496,203026432,0.005870841487279843,False,True,False,1.0,2.0,"{""all_reduce:16384"":254,""fused_allreduce_residual_rmsnorm:16384"":12065}","{""all_reduce:4096"":1022,""fused_allreduce_residual_rmsnorm:4096"":48545}"
decode,qwen3-30b-a3b,qwen3-30b-a3b,decode-tp4-b4-l128-m128,decode-tp8-b1-l8192-m512,4,8,12319,49567,4.0236220472440944,201834496,203026432,0.005870841487279843,False,True,False,1.0,2.0,"{""all_reduce:16384"":254,""fused_allreduce_residual_rmsnorm:16384"":12065}","{""all_reduce:4096"":1022,""fused_allreduce_residual_rmsnorm:4096"":48545}"
decode,qwen3-30b-a3b,qwen3-30b-a3b,decode-tp4-b4-l128-m512,decode-tp4-b16-l128-m128,4,4,49567,12319,4.0236220472440944,812105728,807337984,0.005870841487279843,False,False,False,1.0,2.0,"{""all_reduce:16384"":1022,""fused_allreduce_residual_rmsnorm:16384"":48545}","{""all_reduce:65536"":254,""fused_allreduce_residual_rmsnorm:65536"":12065}"
decode,qwen3-30b-a3b,qwen3-30b-a3b,decode-tp4-b4-l128-m512,decode-tp4-b16-l2048-m128,4,4,49567,12319,4.0236220472440944,812105728,807337984,0.005870841487279843,False,False,False,1.0,2.0,"{""all_reduce:16384"":1022,""fused_allreduce_residual_rmsnorm:16384"":48545}","{""all_reduce:65536"":254,""fused_allreduce_residual_rmsnorm:65536"":12065}"
decode,qwen3-30b-a3b,qwen3-30b-a3b,decode-tp4-b4-l128-m512,decode-tp4-b16-l8192-m128,4,4,49567,12319,4.0236220472440944,812105728,807337984,0.005870841487279843,False,False,False,1.0,2.0,"{""all_reduce:16384"":1022,""fused_allreduce_residual_rmsnorm:16384"":48545}","{""all_reduce:65536"":254,""fused_allreduce_residual_rmsnorm:65536"":12065}"
decode,qwen3-30b-a3b,qwen3-30b-a3b,decode-tp4-b4-l128-m512,decode-tp8-b16-l128-m128,4,8,49567,12319,4.0236220472440944,812105728,807337984,0.005870841487279843,False,True,False,1.0,2.0,"{""all_reduce:16384"":1022,""fused_allreduce_residual_rmsnorm:16384"":48545}","{""all_reduce:65536"":254,""fused_allreduce_residual_rmsnorm:65536"":12065}"
decode,qwen3-30b-a3b,qwen3-30b-a3b,decode-tp4-b4-l128-m512,decode-tp8-b16-l2048-m128,4,8,49567,12319,4.0236220472440944,812105728,807337984,0.005870841487279843,False,True,False,1.0,2.0,"{""all_reduce:16384"":1022,""fused_allreduce_residual_rmsnorm:16384"":48545}","{""all_reduce:65536"":254,""fused_allreduce_residual_rmsnorm:65536"":12065}"
decode,qwen3-30b-a3b,qwen3-30b-a3b,decode-tp4-b4-l128-m512,decode-tp8-b16-l8192-m128,4,8,49567,12319,4.0236220472440944,812105728,807337984,0.005870841487279843,False,True,False,1.0,2.0,"{""all_reduce:16384"":1022,""fused_allreduce_residual_rmsnorm:16384"":48545}","{""all_reduce:65536"":254,""fused_allreduce_residual_rmsnorm:65536"":12065}"
decode,qwen3-30b-a3b,qwen3-30b-a3b,decode-tp4-b4-l2048-m128,decode-tp8-b1-l128-m512,4,8,12319,49567,4.0236220472440944,201834496,203026432,0.005870841487279843,False,True,False,1.0,2.0,"{""all_reduce:16384"":254,""fused_allreduce_residual_rmsnorm:16384"":12065}","{""all_reduce:4096"":1022,""fused_allreduce_residual_rmsnorm:4096"":48545}"
decode,qwen3-30b-a3b,qwen3-30b-a3b,decode-tp4-b4-l2048-m128,decode-tp8-b1-l2048-m512,4,8,12319,49567,4.0236220472440944,201834496,203026432,0.005870841487279843,False,True,False,1.0,2.0,"{""all_reduce:16384"":254,""fused_allreduce_residual_rmsnorm:16384"":12065}","{""all_reduce:4096"":1022,""fused_allreduce_residual_rmsnorm:4096"":48545}"
decode,qwen3-30b-a3b,qwen3-30b-a3b,decode-tp4-b4-l2048-m128,decode-tp8-b1-l8192-m512,4,8,12319,49567,4.0236220472440944,201834496,203026432,0.005870841487279843,False,True,False,1.0,2.0,"{""all_reduce:16384"":254,""fused_allreduce_residual_rmsnorm:16384"":12065}","{""all_reduce:4096"":1022,""fused_allreduce_residual_rmsnorm:4096"":48545}"
decode,qwen3-30b-a3b,qwen3-30b-a3b,decode-tp4-b4-l2048-m512,decode-tp4-b16-l128-m128,4,4,49567,12319,4.0236220472440944,812105728,807337984,0.005870841487279843,False,False,False,1.0,2.0,"{""all_reduce:16384"":1022,""fused_allreduce_residual_rmsnorm:16384"":48545}","{""all_reduce:65536"":254,""fused_allreduce_residual_rmsnorm:65536"":12065}"
decode,qwen3-30b-a3b,qwen3-30b-a3b,decode-tp4-b4-l2048-m512,decode-tp4-b16-l2048-m128,4,4,49567,12319,4.0236220472440944,812105728,807337984,0.005870841487279843,False,False,False,1.0,2.0,"{""all_reduce:16384"":1022,""fused_allreduce_residual_rmsnorm:16384"":48545}","{""all_reduce:65536"":254,""fused_allreduce_residual_rmsnorm:65536"":12065}"
decode,qwen3-30b-a3b,qwen3-30b-a3b,decode-tp4-b4-l2048-m512,decode-tp4-b16-l8192-m128,4,4,49567,12319,4.0236220472440944,812105728,807337984,0.005870841487279843,False,False,False,1.0,2.0,"{""all_reduce:16384"":1022,""fused_allreduce_residual_rmsnorm:16384"":48545}","{""all_reduce:65536"":254,""fused_allreduce_residual_rmsnorm:65536"":12065}"
decode,qwen3-30b-a3b,qwen3-30b-a3b,decode-tp4-b4-l2048-m512,decode-tp8-b16-l128-m128,4,8,49567,12319,4.0236220472440944,812105728,807337984,0.005870841487279843,False,True,False,1.0,2.0,"{""all_reduce:16384"":1022,""fused_allreduce_residual_rmsnorm:16384"":48545}","{""all_reduce:65536"":254,""fused_allreduce_residual_rmsnorm:65536"":12065}"
decode,qwen3-30b-a3b,qwen3-30b-a3b,decode-tp4-b4-l2048-m512,decode-tp8-b16-l2048-m128,4,8,49567,12319,4.0236220472440944,812105728,807337984,0.005870841487279843,False,True,False,1.0,2.0,"{""all_reduce:16384"":1022,""fused_allreduce_residual_rmsnorm:16384"":48545}","{""all_reduce:65536"":254,""fused_allreduce_residual_rmsnorm:65536"":12065}"
decode,qwen3-30b-a3b,qwen3-30b-a3b,decode-tp4-b4-l2048-m512,decode-tp8-b16-l8192-m128,4,8,49567,12319,4.0236220472440944,812105728,807337984,0.005870841487279843,False,True,False,1.0,2.0,"{""all_reduce:16384"":1022,""fused_allreduce_residual_rmsnorm:16384"":48545}","{""all_reduce:65536"":254,""fused_allreduce_residual_rmsnorm:65536"":12065}"
decode,qwen3-30b-a3b,qwen3-30b-a3b,decode-tp4-b4-l8192-m128,decode-tp8-b1-l128-m512,4,8,12319,49567,4.0236220472440944,201834496,203026432,0.005870841487279843,False,True,False,1.0,2.0,"{""all_reduce:16384"":254,""fused_allreduce_residual_rmsnorm:16384"":12065}","{""all_reduce:4096"":1022,""fused_allreduce_residual_rmsnorm:4096"":48545}"
decode,qwen3-30b-a3b,qwen3-30b-a3b,decode-tp4-b4-l8192-m128,decode-tp8-b1-l2048-m512,4,8,12319,49567,4.0236220472440944,201834496,203026432,0.005870841487279843,False,True,False,1.0,2.0,"{""all_reduce:16384"":254,""fused_allreduce_residual_rmsnorm:16384"":12065}","{""all_reduce:4096"":1022,""fused_allreduce_residual_rmsnorm:4096"":48545}"
decode,qwen3-30b-a3b,qwen3-30b-a3b,decode-tp4-b4-l8192-m128,decode-tp8-b1-l8192-m512,4,8,12319,49567,4.0236220472440944,201834496,203026432,0.005870841487279843,False,True,False,1.0,2.0,"{""all_reduce:16384"":254,""fused_allreduce_residual_rmsnorm:16384"":12065}","{""all_reduce:4096"":1022,""fused_allreduce_residual_rmsnorm:4096"":48545}"
decode,qwen3-30b-a3b,qwen3-30b-a3b,decode-tp4-b4-l8192-m512,decode-tp4-b16-l128-m128,4,4,49567,12319,4.0236220472440944,812105728,807337984,0.005870841487279843,False,False,False,1.0,2.0,"{""all_reduce:16384"":1022,""fused_allreduce_residual_rmsnorm:16384"":48545}","{""all_reduce:65536"":254,""fused_allreduce_residual_rmsnorm:65536"":12065}"
decode,qwen3-30b-a3b,qwen3-30b-a3b,decode-tp4-b4-l8192-m512,decode-tp4-b16-l2048-m128,4,4,49567,12319,4.0236220472440944,812105728,807337984,0.005870841487279843,False,False,False,1.0,2.0,"{""all_reduce:16384"":1022,""fused_allreduce_residual_rmsnorm:16384"":48545}","{""all_reduce:65536"":254,""fused_allreduce_residual_rmsnorm:65536"":12065}"
decode,qwen3-30b-a3b,qwen3-30b-a3b,decode-tp4-b4-l8192-m512,decode-tp4-b16-l8192-m128,4,4,49567,12319,4.0236220472440944,812105728,807337984,0.005870841487279843,False,False,False,1.0,2.0,"{""all_reduce:16384"":1022,""fused_allreduce_residual_rmsnorm:16384"":48545}","{""all_reduce:65536"":254,""fused_allreduce_residual_rmsnorm:65536"":12065}"
decode,qwen3-30b-a3b,qwen3-30b-a3b,decode-tp4-b4-l8192-m512,decode-tp8-b16-l128-m128,4,8,49567,12319,4.0236220472440944,812105728,807337984,0.005870841487279843,False,True,False,1.0,2.0,"{""all_reduce:16384"":1022,""fused_allreduce_residual_rmsnorm:16384"":48545}","{""all_reduce:65536"":254,""fused_allreduce_residual_rmsnorm:65536"":12065}"
decode,qwen3-30b-a3b,qwen3-30b-a3b,decode-tp4-b4-l8192-m512,decode-tp8-b16-l2048-m128,4,8,49567,12319,4.0236220472440944,812105728,807337984,0.005870841487279843,False,True,False,1.0,2.0,"{""all_reduce:16384"":1022,""fused_allreduce_residual_rmsnorm:16384"":48545}","{""all_reduce:65536"":254,""fused_allreduce_residual_rmsnorm:65536"":12065}"
decode,qwen3-30b-a3b,qwen3-30b-a3b,decode-tp4-b4-l8192-m512,decode-tp8-b16-l8192-m128,4,8,49567,12319,4.0236220472440944,812105728,807337984,0.005870841487279843,False,True,False,1.0,2.0,"{""all_reduce:16384"":1022,""fused_allreduce_residual_rmsnorm:16384"":48545}","{""all_reduce:65536"":254,""fused_allreduce_residual_rmsnorm:65536"":12065}"
decode,qwen3-30b-a3b,qwen3-30b-a3b,decode-tp4-b8-l128-m128,decode-tp8-b2-l128-m512,4,8,12319,49567,4.0236220472440944,403668992,406052864,0.005870841487279843,False,True,False,1.0,2.0,"{""all_reduce:32768"":254,""fused_allreduce_residual_rmsnorm:32768"":12065}","{""all_reduce:8192"":1022,""fused_allreduce_residual_rmsnorm:8192"":48545}"
decode,qwen3-30b-a3b,qwen3-30b-a3b,decode-tp4-b8-l128-m128,decode-tp8-b2-l2048-m512,4,8,12319,49567,4.0236220472440944,403668992,406052864,0.005870841487279843,False,True,False,1.0,2.0,"{""all_reduce:32768"":254,""fused_allreduce_residual_rmsnorm:32768"":12065}","{""all_reduce:8192"":1022,""fused_allreduce_residual_rmsnorm:8192"":48545}"
decode,qwen3-30b-a3b,qwen3-30b-a3b,decode-tp4-b8-l128-m128,decode-tp8-b2-l8192-m512,4,8,12319,49567,4.0236220472440944,403668992,406052864,0.005870841487279843,False,True,False,1.0,2.0,"{""all_reduce:32768"":254,""fused_allreduce_residual_rmsnorm:32768"":12065}","{""all_reduce:8192"":1022,""fused_allreduce_residual_rmsnorm:8192"":48545}"
decode,qwen3-30b-a3b,qwen3-30b-a3b,decode-tp4-b8-l2048-m128,decode-tp8-b2-l128-m512,4,8,12319,49567,4.0236220472440944,403668992,406052864,0.005870841487279843,False,True,False,1.0,2.0,"{""all_reduce:32768"":254,""fused_allreduce_residual_rmsnorm:32768"":12065}","{""all_reduce:8192"":1022,""fused_allreduce_residual_rmsnorm:8192"":48545}"
decode,qwen3-30b-a3b,qwen3-30b-a3b,decode-tp4-b8-l2048-m128,decode-tp8-b2-l2048-m512,4,8,12319,49567,4.0236220472440944,403668992,406052864,0.005870841487279843,False,True,False,1.0,2.0,"{""all_reduce:32768"":254,""fused_allreduce_residual_rmsnorm:32768"":12065}","{""all_reduce:8192"":1022,""fused_allreduce_residual_rmsnorm:8192"":48545}"
decode,qwen3-30b-a3b,qwen3-30b-a3b,decode-tp4-b8-l2048-m128,decode-tp8-b2-l8192-m512,4,8,12319,49567,4.0236220472440944,403668992,406052864,0.005870841487279843,False,True,False,1.0,2.0,"{""all_reduce:32768"":254,""fused_allreduce_residual_rmsnorm:32768"":12065}","{""all_reduce:8192"":1022,""fused_allreduce_residual_rmsnorm:8192"":48545}"
decode,qwen3-30b-a3b,qwen3-30b-a3b,decode-tp4-b8-l8192-m128,decode-tp8-b2-l128-m512,4,8,12319,49567,4.0236220472440944,403668992,406052864,0.005870841487279843,False,True,False,1.0,2.0,"{""all_reduce:32768"":254,""fused_allreduce_residual_rmsnorm:32768"":12065}","{""all_reduce:8192"":1022,""fused_allreduce_residual_rmsnorm:8192"":48545}"
decode,qwen3-30b-a3b,qwen3-30b-a3b,decode-tp4-b8-l8192-m128,decode-tp8-b2-l2048-m512,4,8,12319,49567,4.0236220472440944,403668992,406052864,0.005870841487279843,False,True,False,1.0,2.0,"{""all_reduce:32768"":254,""fused_allreduce_residual_rmsnorm:32768"":12065}","{""all_reduce:8192"":1022,""fused_allreduce_residual_rmsnorm:8192"":48545}"
decode,qwen3-30b-a3b,qwen3-30b-a3b,decode-tp4-b8-l8192-m128,decode-tp8-b2-l8192-m512,4,8,12319,49567,4.0236220472440944,403668992,406052864,0.005870841487279843,False,True,False,1.0,2.0,"{""all_reduce:32768"":254,""fused_allreduce_residual_rmsnorm:32768"":12065}","{""all_reduce:8192"":1022,""fused_allreduce_residual_rmsnorm:8192"":48545}"
decode,qwen3-30b-a3b,qwen3-30b-a3b,decode-tp4-b16-l128-m128,decode-tp8-b4-l128-m512,4,8,12319,49567,4.0236220472440944,807337984,812105728,0.005870841487279843,False,True,False,1.0,2.0,"{""all_reduce:65536"":254,""fused_allreduce_residual_rmsnorm:65536"":12065}","{""all_reduce:16384"":1022,""fused_allreduce_residual_rmsnorm:16384"":48545}"
decode,qwen3-30b-a3b,qwen3-30b-a3b,decode-tp4-b16-l128-m128,decode-tp8-b4-l2048-m512,4,8,12319,49567,4.0236220472440944,807337984,812105728,0.005870841487279843,False,True,False,1.0,2.0,"{""all_reduce:65536"":254,""fused_allreduce_residual_rmsnorm:65536"":12065}","{""all_reduce:16384"":1022,""fused_allreduce_residual_rmsnorm:16384"":48545}"
decode,qwen3-30b-a3b,qwen3-30b-a3b,decode-tp4-b16-l128-m128,decode-tp8-b4-l8192-m512,4,8,12319,49567,4.0236220472440944,807337984,812105728,0.005870841487279843,False,True,False,1.0,2.0,"{""all_reduce:65536"":254,""fused_allreduce_residual_rmsnorm:65536"":12065}","{""all_reduce:16384"":1022,""fused_allreduce_residual_rmsnorm:16384"":48545}"
decode,qwen3-30b-a3b,qwen3-30b-a3b,decode-tp4-b16-l2048-m128,decode-tp8-b4-l128-m512,4,8,12319,49567,4.0236220472440944,807337984,812105728,0.005870841487279843,False,True,False,1.0,2.0,"{""all_reduce:65536"":254,""fused_allreduce_residual_rmsnorm:65536"":12065}","{""all_reduce:16384"":1022,""fused_allreduce_residual_rmsnorm:16384"":48545}"
decode,qwen3-30b-a3b,qwen3-30b-a3b,decode-tp4-b16-l2048-m128,decode-tp8-b4-l2048-m512,4,8,12319,49567,4.0236220472440944,807337984,812105728,0.005870841487279843,False,True,False,1.0,2.0,"{""all_reduce:65536"":254,""fused_allreduce_residual_rmsnorm:65536"":12065}","{""all_reduce:16384"":1022,""fused_allreduce_residual_rmsnorm:16384"":48545}"
decode,qwen3-30b-a3b,qwen3-30b-a3b,decode-tp4-b16-l2048-m128,decode-tp8-b4-l8192-m512,4,8,12319,49567,4.0236220472440944,807337984,812105728,0.005870841487279843,False,True,False,1.0,2.0,"{""all_reduce:65536"":254,""fused_allreduce_residual_rmsnorm:65536"":12065}","{""all_reduce:16384"":1022,""fused_allreduce_residual_rmsnorm:16384"":48545}"
decode,qwen3-30b-a3b,qwen3-30b-a3b,decode-tp4-b16-l8192-m128,decode-tp8-b4-l128-m512,4,8,12319,49567,4.0236220472440944,807337984,812105728,0.005870841487279843,False,True,False,1.0,2.0,"{""all_reduce:65536"":254,""fused_allreduce_residual_rmsnorm:65536"":12065}","{""all_reduce:16384"":1022,""fused_allreduce_residual_rmsnorm:16384"":48545}"
decode,qwen3-30b-a3b,qwen3-30b-a3b,decode-tp4-b16-l8192-m128,decode-tp8-b4-l2048-m512,4,8,12319,49567,4.0236220472440944,807337984,812105728,0.005870841487279843,False,True,False,1.0,2.0,"{""all_reduce:65536"":254,""fused_allreduce_residual_rmsnorm:65536"":12065}","{""all_reduce:16384"":1022,""fused_allreduce_residual_rmsnorm:16384"":48545}"
decode,qwen3-30b-a3b,qwen3-30b-a3b,decode-tp4-b16-l8192-m128,decode-tp8-b4-l8192-m512,4,8,12319,49567,4.0236220472440944,807337984,812105728,0.005870841487279843,False,True,False,1.0,2.0,"{""all_reduce:65536"":254,""fused_allreduce_residual_rmsnorm:65536"":12065}","{""all_reduce:16384"":1022,""fused_allreduce_residual_rmsnorm:16384"":48545}"
decode,qwen3-30b-a3b,qwen3-30b-a3b,decode-tp8-b1-l128-m512,decode-tp8-b4-l128-m128,8,8,49567,12319,4.0236220472440944,203026432,201834496,0.005870841487279843,False,False,False,1.0,2.0,"{""all_reduce:4096"":1022,""fused_allreduce_residual_rmsnorm:4096"":48545}","{""all_reduce:16384"":254,""fused_allreduce_residual_rmsnorm:16384"":12065}"
decode,qwen3-30b-a3b,qwen3-30b-a3b,decode-tp8-b1-l128-m512,decode-tp8-b4-l2048-m128,8,8,49567,12319,4.0236220472440944,203026432,201834496,0.005870841487279843,False,False,False,1.0,2.0,"{""all_reduce:4096"":1022,""fused_allreduce_residual_rmsnorm:4096"":48545}","{""all_reduce:16384"":254,""fused_allreduce_residual_rmsnorm:16384"":12065}"
decode,qwen3-30b-a3b,qwen3-30b-a3b,decode-tp8-b1-l128-m512,decode-tp8-b4-l8192-m128,8,8,49567,12319,4.0236220472440944,203026432,201834496,0.005870841487279843,False,False,False,1.0,2.0,"{""all_reduce:4096"":1022,""fused_allreduce_residual_rmsnorm:4096"":48545}","{""all_reduce:16384"":254,""fused_allreduce_residual_rmsnorm:16384"":12065}"
decode,qwen3-30b-a3b,qwen3-30b-a3b,decode-tp8-b1-l2048-m512,decode-tp8-b4-l128-m128,8,8,49567,12319,4.0236220472440944,203026432,201834496,0.005870841487279843,False,False,False,1.0,2.0,"{""all_reduce:4096"":1022,""fused_allreduce_residual_rmsnorm:4096"":48545}","{""all_reduce:16384"":254,""fused_allreduce_residual_rmsnorm:16384"":12065}"
decode,qwen3-30b-a3b,qwen3-30b-a3b,decode-tp8-b1-l2048-m512,decode-tp8-b4-l2048-m128,8,8,49567,12319,4.0236220472440944,203026432,201834496,0.005870841487279843,False,False,False,1.0,2.0,"{""all_reduce:4096"":1022,""fused_allreduce_residual_rmsnorm:4096"":48545}","{""all_reduce:16384"":254,""fused_allreduce_residual_rmsnorm:16384"":12065}"
decode,qwen3-30b-a3b,qwen3-30b-a3b,decode-tp8-b1-l2048-m512,decode-tp8-b4-l8192-m128,8,8,49567,12319,4.0236220472440944,203026432,201834496,0.005870841487279843,False,False,False,1.0,2.0,"{""all_reduce:4096"":1022,""fused_allreduce_residual_rmsnorm:4096"":48545}","{""all_reduce:16384"":254,""fused_allreduce_residual_rmsnorm:16384"":12065}"
decode,qwen3-30b-a3b,qwen3-30b-a3b,decode-tp8-b1-l8192-m512,decode-tp8-b4-l128-m128,8,8,49567,12319,4.0236220472440944,203026432,201834496,0.005870841487279843,False,False,False,1.0,2.0,"{""all_reduce:4096"":1022,""fused_allreduce_residual_rmsnorm:4096"":48545}","{""all_reduce:16384"":254,""fused_allreduce_residual_rmsnorm:16384"":12065}"
decode,qwen3-30b-a3b,qwen3-30b-a3b,decode-tp8-b1-l8192-m512,decode-tp8-b4-l2048-m128,8,8,49567,12319,4.0236220472440944,203026432,201834496,0.005870841487279843,False,False,False,1.0,2.0,"{""all_reduce:4096"":1022,""fused_allreduce_residual_rmsnorm:4096"":48545}","{""all_reduce:16384"":254,""fused_allreduce_residual_rmsnorm:16384"":12065}"
decode,qwen3-30b-a3b,qwen3-30b-a3b,decode-tp8-b1-l8192-m512,decode-tp8-b4-l8192-m128,8,8,49567,12319,4.0236220472440944,203026432,201834496,0.005870841487279843,False,False,False,1.0,2.0,"{""all_reduce:4096"":1022,""fused_allreduce_residual_rmsnorm:4096"":48545}","{""all_reduce:16384"":254,""fused_allreduce_residual_rmsnorm:16384"":12065}"
decode,qwen3-30b-a3b,qwen3-30b-a3b,decode-tp8-b2-l128-m512,decode-tp8-b8-l128-m128,8,8,49567,12319,4.0236220472440944,406052864,403668992,0.005870841487279843,False,False,False,1.0,2.0,"{""all_reduce:8192"":1022,""fused_allreduce_residual_rmsnorm:8192"":48545}","{""all_reduce:32768"":254,""fused_allreduce_residual_rmsnorm:32768"":12065}"
decode,qwen3-30b-a3b,qwen3-30b-a3b,decode-tp8-b2-l128-m512,decode-tp8-b8-l2048-m128,8,8,49567,12319,4.0236220472440944,406052864,403668992,0.005870841487279843,False,False,False,1.0,2.0,"{""all_reduce:8192"":1022,""fused_allreduce_residual_rmsnorm:8192"":48545}","{""all_reduce:32768"":254,""fused_allreduce_residual_rmsnorm:32768"":12065}"
decode,qwen3-30b-a3b,qwen3-30b-a3b,decode-tp8-b2-l128-m512,decode-tp8-b8-l8192-m128,8,8,49567,12319,4.0236220472440944,406052864,403668992,0.005870841487279843,False,False,False,1.0,2.0,"{""all_reduce:8192"":1022,""fused_allreduce_residual_rmsnorm:8192"":48545}","{""all_reduce:32768"":254,""fused_allreduce_residual_rmsnorm:32768"":12065}"
decode,qwen3-30b-a3b,qwen3-30b-a3b,decode-tp8-b2-l2048-m512,decode-tp8-b8-l128-m128,8,8,49567,12319,4.0236220472440944,406052864,403668992,0.005870841487279843,False,False,False,1.0,2.0,"{""all_reduce:8192"":1022,""fused_allreduce_residual_rmsnorm:8192"":48545}","{""all_reduce:32768"":254,""fused_allreduce_residual_rmsnorm:32768"":12065}"
decode,qwen3-30b-a3b,qwen3-30b-a3b,decode-tp8-b2-l2048-m512,decode-tp8-b8-l2048-m128,8,8,49567,12319,4.0236220472440944,406052864,403668992,0.005870841487279843,False,False,False,1.0,2.0,"{""all_reduce:8192"":1022,""fused_allreduce_residual_rmsnorm:8192"":48545}","{""all_reduce:32768"":254,""fused_allreduce_residual_rmsnorm:32768"":12065}"
decode,qwen3-30b-a3b,qwen3-30b-a3b,decode-tp8-b2-l2048-m512,decode-tp8-b8-l8192-m128,8,8,49567,12319,4.0236220472440944,406052864,403668992,0.005870841487279843,False,False,False,1.0,2.0,"{""all_reduce:8192"":1022,""fused_allreduce_residual_rmsnorm:8192"":48545}","{""all_reduce:32768"":254,""fused_allreduce_residual_rmsnorm:32768"":12065}"
decode,qwen3-30b-a3b,qwen3-30b-a3b,decode-tp8-b2-l8192-m512,decode-tp8-b8-l128-m128,8,8,49567,12319,4.0236220472440944,406052864,403668992,0.005870841487279843,False,False,False,1.0,2.0,"{""all_reduce:8192"":1022,""fused_allreduce_residual_rmsnorm:8192"":48545}","{""all_reduce:32768"":254,""fused_allreduce_residual_rmsnorm:32768"":12065}"
decode,qwen3-30b-a3b,qwen3-30b-a3b,decode-tp8-b2-l8192-m512,decode-tp8-b8-l2048-m128,8,8,49567,12319,4.0236220472440944,406052864,403668992,0.005870841487279843,False,False,False,1.0,2.0,"{""all_reduce:8192"":1022,""fused_allreduce_residual_rmsnorm:8192"":48545}","{""all_reduce:32768"":254,""fused_allreduce_residual_rmsnorm:32768"":12065}"
decode,qwen3-30b-a3b,qwen3-30b-a3b,decode-tp8-b2-l8192-m512,decode-tp8-b8-l8192-m128,8,8,49567,12319,4.0236220472440944,406052864,403668992,0.005870841487279843,False,False,False,1.0,2.0,"{""all_reduce:8192"":1022,""fused_allreduce_residual_rmsnorm:8192"":48545}","{""all_reduce:32768"":254,""fused_allreduce_residual_rmsnorm:32768"":12065}"
decode,qwen3-30b-a3b,qwen3-30b-a3b,decode-tp8-b4-l128-m512,decode-tp8-b16-l128-m128,8,8,49567,12319,4.0236220472440944,812105728,807337984,0.005870841487279843,False,False,False,1.0,2.0,"{""all_reduce:16384"":1022,""fused_allreduce_residual_rmsnorm:16384"":48545}","{""all_reduce:65536"":254,""fused_allreduce_residual_rmsnorm:65536"":12065}"
decode,qwen3-30b-a3b,qwen3-30b-a3b,decode-tp8-b4-l128-m512,decode-tp8-b16-l2048-m128,8,8,49567,12319,4.0236220472440944,812105728,807337984,0.005870841487279843,False,False,False,1.0,2.0,"{""all_reduce:16384"":1022,""fused_allreduce_residual_rmsnorm:16384"":48545}","{""all_reduce:65536"":254,""fused_allreduce_residual_rmsnorm:65536"":12065}"
decode,qwen3-30b-a3b,qwen3-30b-a3b,decode-tp8-b4-l128-m512,decode-tp8-b16-l8192-m128,8,8,49567,12319,4.0236220472440944,812105728,807337984,0.005870841487279843,False,False,False,1.0,2.0,"{""all_reduce:16384"":1022,""fused_allreduce_residual_rmsnorm:16384"":48545}","{""all_reduce:65536"":254,""fused_allreduce_residual_rmsnorm:65536"":12065}"
decode,qwen3-30b-a3b,qwen3-30b-a3b,decode-tp8-b4-l2048-m512,decode-tp8-b16-l128-m128,8,8,49567,12319,4.0236220472440944,812105728,807337984,0.005870841487279843,False,False,False,1.0,2.0,"{""all_reduce:16384"":1022,""fused_allreduce_residual_rmsnorm:16384"":48545}","{""all_reduce:65536"":254,""fused_allreduce_residual_rmsnorm:65536"":12065}"
decode,qwen3-30b-a3b,qwen3-30b-a3b,decode-tp8-b4-l2048-m512,decode-tp8-b16-l2048-m128,8,8,49567,12319,4.0236220472440944,812105728,807337984,0.005870841487279843,False,False,False,1.0,2.0,"{""all_reduce:16384"":1022,""fused_allreduce_residual_rmsnorm:16384"":48545}","{""all_reduce:65536"":254,""fused_allreduce_residual_rmsnorm:65536"":12065}"
decode,qwen3-30b-a3b,qwen3-30b-a3b,decode-tp8-b4-l2048-m512,decode-tp8-b16-l8192-m128,8,8,49567,12319,4.0236220472440944,812105728,807337984,0.005870841487279843,False,False,False,1.0,2.0,"{""all_reduce:16384"":1022,""fused_allreduce_residual_rmsnorm:16384"":48545}","{""all_reduce:65536"":254,""fused_allreduce_residual_rmsnorm:65536"":12065}"
decode,qwen3-30b-a3b,qwen3-30b-a3b,decode-tp8-b4-l8192-m512,decode-tp8-b16-l128-m128,8,8,49567,12319,4.0236220472440944,812105728,807337984,0.005870841487279843,False,False,False,1.0,2.0,"{""all_reduce:16384"":1022,""fused_allreduce_residual_rmsnorm:16384"":48545}","{""all_reduce:65536"":254,""fused_allreduce_residual_rmsnorm:65536"":12065}"
decode,qwen3-30b-a3b,qwen3-30b-a3b,decode-tp8-b4-l8192-m512,decode-tp8-b16-l2048-m128,8,8,49567,12319,4.0236220472440944,812105728,807337984,0.005870841487279843,False,False,False,1.0,2.0,"{""all_reduce:16384"":1022,""fused_allreduce_residual_rmsnorm:16384"":48545}","{""all_reduce:65536"":254,""fused_allreduce_residual_rmsnorm:65536"":12065}"
decode,qwen3-30b-a3b,qwen3-30b-a3b,decode-tp8-b4-l8192-m512,decode-tp8-b16-l8192-m128,8,8,49567,12319,4.0236220472440944,812105728,807337984,0.005870841487279843,False,False,False,1.0,2.0,"{""all_reduce:16384"":1022,""fused_allreduce_residual_rmsnorm:16384"":48545}","{""all_reduce:65536"":254,""fused_allreduce_residual_rmsnorm:65536"":12065}"
