[1;33m'--disable-cuda-graph' is deprecated and will be removed in a future release. Use '--cuda-graph-backend-{decode,prefill}=disabled' instead.[0m
Fail to set RLIMIT_STACK: current limit exceeds maximum limit
[2026-08-05 06:50:53 TP3] Init torch distributed begin.
[2026-08-05 06:50:54 TP5] Init torch distributed begin.
[2026-08-05 06:50:54 TP7] Init torch distributed begin.
[2026-08-05 06:50:54 TP2] Init torch distributed begin.
[2026-08-05 06:50:54 TP0] Init torch distributed begin.
[2026-08-05 06:50:54 TP6] Init torch distributed begin.
[2026-08-05 06:50:54 TP4] Init torch distributed begin.
[2026-08-05 06:50:54 TP1] Init torch distributed begin.
[2026-08-05 06:50:56 TP0] sglang is using nccl==2.28.9
[2026-08-05 06:51:00 TP0] Init torch distributed ends. elapsed=5.56 s, mem usage=1.47 GB
[2026-08-05 06:51:00 TP7] Init torch distributed ends. elapsed=5.64 s, mem usage=1.22 GB
[2026-08-05 06:51:00 TP6] Init torch distributed ends. elapsed=5.54 s, mem usage=1.53 GB
[2026-08-05 06:51:00 TP5] Init torch distributed ends. elapsed=5.72 s, mem usage=1.53 GB
[2026-08-05 06:51:00 TP3] Init torch distributed ends. elapsed=6.30 s, mem usage=1.53 GB
[2026-08-05 06:51:00 TP4] Init torch distributed ends. elapsed=5.53 s, mem usage=1.53 GB
[2026-08-05 06:51:00 TP1] Init torch distributed ends. elapsed=5.42 s, mem usage=1.53 GB
[2026-08-05 06:51:00 TP2] Init torch distributed ends. elapsed=5.56 s, mem usage=1.53 GB
[2026-08-05 06:51:02 TP6] Load weight begin. avail mem=176.17 GB
[2026-08-05 06:51:02 TP5] Load weight begin. avail mem=176.17 GB
[2026-08-05 06:51:02 TP4] Load weight begin. avail mem=176.17 GB
[2026-08-05 06:51:02 TP0] Load weight begin. avail mem=176.23 GB
[2026-08-05 06:51:02 TP0] Config does not support fused shared expert(s). Shared experts fusion optimization is disabled.
[2026-08-05 06:51:02 TP7] Load weight begin. avail mem=176.48 GB
[2026-08-05 06:51:02 TP3] Load weight begin. avail mem=176.17 GB
[2026-08-05 06:51:02 TP1] Load weight begin. avail mem=176.17 GB
[2026-08-05 06:51:02 TP6] FlashInfer TRTLLM MoE deferred finalize is disabled (moe_runner_backend=auto, quant_method=UnquantizedFusedMoEMethod).
[2026-08-05 06:51:02 TP5] FlashInfer TRTLLM MoE deferred finalize is disabled (moe_runner_backend=auto, quant_method=UnquantizedFusedMoEMethod).
[2026-08-05 06:51:02 TP4] FlashInfer TRTLLM MoE deferred finalize is disabled (moe_runner_backend=auto, quant_method=UnquantizedFusedMoEMethod).
[2026-08-05 06:51:02 TP0] FlashInfer TRTLLM MoE deferred finalize is disabled (moe_runner_backend=auto, quant_method=UnquantizedFusedMoEMethod).
[2026-08-05 06:51:02 TP7] FlashInfer TRTLLM MoE deferred finalize is disabled (moe_runner_backend=auto, quant_method=UnquantizedFusedMoEMethod).
[2026-08-05 06:51:02 TP3] FlashInfer TRTLLM MoE deferred finalize is disabled (moe_runner_backend=auto, quant_method=UnquantizedFusedMoEMethod).
[2026-08-05 06:51:02 TP1] FlashInfer TRTLLM MoE deferred finalize is disabled (moe_runner_backend=auto, quant_method=UnquantizedFusedMoEMethod).
Multi-thread loading shards:   0% Completed | 0/4 [00:00<?, ?it/s][2026-08-05 06:51:02 TP2] Load weight begin. avail mem=176.17 GB
[2026-08-05 06:51:02 TP2] FlashInfer TRTLLM MoE deferred finalize is disabled (moe_runner_backend=auto, quant_method=UnquantizedFusedMoEMethod).
Multi-thread loading shards:  25% Completed | 1/4 [00:00<00:01,  2.11it/s]Multi-thread loading shards:  50% Completed | 2/4 [00:01<00:01,  1.53it/s]Multi-thread loading shards:  75% Completed | 3/4 [00:01<00:00,  1.87it/s]Multi-thread loading shards: 100% Completed | 4/4 [00:01<00:00,  2.59it/s]Multi-thread loading shards: 100% Completed | 4/4 [00:01<00:00,  2.22it/s]
[2026-08-05 06:51:04 TP5] Load weight end. elapsed=2.23 s, type=DeepseekV2ForCausalLM, avail mem=172.39 GB, mem usage=3.78 GB.
[2026-08-05 06:51:04 TP7] Load weight end. elapsed=2.23 s, type=DeepseekV2ForCausalLM, avail mem=172.70 GB, mem usage=3.78 GB.
[2026-08-05 06:51:04 TP0] Load weight end. elapsed=2.28 s, type=DeepseekV2ForCausalLM, avail mem=172.45 GB, mem usage=3.78 GB.
[2026-08-05 06:51:04 TP3] Load weight end. elapsed=2.32 s, type=DeepseekV2ForCausalLM, avail mem=172.39 GB, mem usage=3.78 GB.
[2026-08-05 06:51:04 TP1] Load weight end. elapsed=2.32 s, type=DeepseekV2ForCausalLM, avail mem=172.39 GB, mem usage=3.78 GB.
[2026-08-05 06:51:04 TP6] Load weight end. elapsed=2.45 s, type=DeepseekV2ForCausalLM, avail mem=172.39 GB, mem usage=3.78 GB.
[2026-08-05 06:51:04 TP4] Load weight end. elapsed=2.42 s, type=DeepseekV2ForCausalLM, avail mem=172.39 GB, mem usage=3.78 GB.
[2026-08-05 06:51:04 TP2] Load weight end. elapsed=2.21 s, type=DeepseekV2ForCausalLM, avail mem=172.39 GB, mem usage=3.78 GB.
[2026-08-05 06:51:04 TP2] KV Cache is allocated. dtype: torch.bfloat16, #tokens: 5038524, KV size: 145.96 GB
[2026-08-05 06:51:04 TP2] Memory pool end. avail mem=23.87 GB
[2026-08-05 06:51:04 TP4] KV Cache is allocated. dtype: torch.bfloat16, #tokens: 5038524, KV size: 145.96 GB
[2026-08-05 06:51:04 TP5] KV Cache is allocated. dtype: torch.bfloat16, #tokens: 5038524, KV size: 145.96 GB
[2026-08-05 06:51:04 TP7] KV Cache is allocated. dtype: torch.bfloat16, #tokens: 5038524, KV size: 145.96 GB
[2026-08-05 06:51:04 TP4] Memory pool end. avail mem=23.87 GB
[2026-08-05 06:51:04 TP5] Memory pool end. avail mem=23.87 GB
[2026-08-05 06:51:04 TP7] Memory pool end. avail mem=24.19 GB
[2026-08-05 06:51:04 TP0] KV Cache is allocated. dtype: torch.bfloat16, #tokens: 5038524, KV size: 145.96 GB
[2026-08-05 06:51:04 TP1] KV Cache is allocated. dtype: torch.bfloat16, #tokens: 5038524, KV size: 145.96 GB
[2026-08-05 06:51:04 TP0] Memory pool end. avail mem=23.94 GB
[2026-08-05 06:51:04 TP1] Memory pool end. avail mem=23.87 GB
[2026-08-05 06:51:04 TP3] KV Cache is allocated. dtype: torch.bfloat16, #tokens: 5038524, KV size: 145.96 GB
[2026-08-05 06:51:04 TP3] Memory pool end. avail mem=23.87 GB
[2026-08-05 06:51:04 TP6] KV Cache is allocated. dtype: torch.bfloat16, #tokens: 5038524, KV size: 145.96 GB
[2026-08-05 06:51:04 TP6] Memory pool end. avail mem=23.87 GB
[2026-08-05 06:51:04 TP2] Disable prefill CUDA graph because cuda_graph_config resolved prefill.backend='disabled' (e.g. via --cuda-graph-backend-prefill=disabled or auto-disable rules).
[2026-08-05 06:51:04 TP1] Disable prefill CUDA graph because cuda_graph_config resolved prefill.backend='disabled' (e.g. via --cuda-graph-backend-prefill=disabled or auto-disable rules).
[2026-08-05 06:51:04 TP7] Disable prefill CUDA graph because cuda_graph_config resolved prefill.backend='disabled' (e.g. via --cuda-graph-backend-prefill=disabled or auto-disable rules).
[2026-08-05 06:51:04 TP3] Disable prefill CUDA graph because cuda_graph_config resolved prefill.backend='disabled' (e.g. via --cuda-graph-backend-prefill=disabled or auto-disable rules).
[2026-08-05 06:51:04 TP0] Disable prefill CUDA graph because cuda_graph_config resolved prefill.backend='disabled' (e.g. via --cuda-graph-backend-prefill=disabled or auto-disable rules).
[2026-08-05 06:51:04 TP6] Disable prefill CUDA graph because cuda_graph_config resolved prefill.backend='disabled' (e.g. via --cuda-graph-backend-prefill=disabled or auto-disable rules).
[2026-08-05 06:51:04 TP5] Disable prefill CUDA graph because cuda_graph_config resolved prefill.backend='disabled' (e.g. via --cuda-graph-backend-prefill=disabled or auto-disable rules).
[2026-08-05 06:51:04 TP4] Disable prefill CUDA graph because cuda_graph_config resolved prefill.backend='disabled' (e.g. via --cuda-graph-backend-prefill=disabled or auto-disable rules).
[2026-08-05 06:51:06 TP2] Fixing v5 tokenizer component mismatch for /media/ssd1/DeepSeek-V2-Lite: pre_tokenizer Metaspace -> Sequence, decoder Sequence -> ByteLevel
[2026-08-05 06:51:06 TP0] Fixing v5 tokenizer component mismatch for /media/ssd1/DeepSeek-V2-Lite: pre_tokenizer Metaspace -> Sequence, decoder Sequence -> ByteLevel
[2026-08-05 06:51:06 TP2] Restoring add_bos_token=True for /media/ssd1/DeepSeek-V2-Lite (was False after v5 loading)
[2026-08-05 06:51:06 TP0] Restoring add_bos_token=True for /media/ssd1/DeepSeek-V2-Lite (was False after v5 loading)
/usr/local/lib/python3.12/dist-packages/torch/distributed/c10d_logger.py:83: UserWarning: barrier(): using the device under current context. You can specify `device_id` in `init_process_group` to mute this warning.
  return func(*args, **kwargs)
[rank0]:[W805 06:51:06.031518229 ProcessGroupNCCL.cpp:5188] Guessing device ID based on global rank. This can cause a hang if rank to GPU mapping is heterogeneous. You can specify device_id in init_process_group()
[2026-08-05 06:51:06 TP6] Fixing v5 tokenizer component mismatch for /media/ssd1/DeepSeek-V2-Lite: pre_tokenizer Metaspace -> Sequence, decoder Sequence -> ByteLevel
[2026-08-05 06:51:06 TP5] Fixing v5 tokenizer component mismatch for /media/ssd1/DeepSeek-V2-Lite: pre_tokenizer Metaspace -> Sequence, decoder Sequence -> ByteLevel
[2026-08-05 06:51:06 TP7] Fixing v5 tokenizer component mismatch for /media/ssd1/DeepSeek-V2-Lite: pre_tokenizer Metaspace -> Sequence, decoder Sequence -> ByteLevel
[2026-08-05 06:51:06 TP6] Restoring add_bos_token=True for /media/ssd1/DeepSeek-V2-Lite (was False after v5 loading)
[2026-08-05 06:51:06 TP1] Fixing v5 tokenizer component mismatch for /media/ssd1/DeepSeek-V2-Lite: pre_tokenizer Metaspace -> Sequence, decoder Sequence -> ByteLevel
[2026-08-05 06:51:06 TP5] Restoring add_bos_token=True for /media/ssd1/DeepSeek-V2-Lite (was False after v5 loading)
[2026-08-05 06:51:06 TP3] Fixing v5 tokenizer component mismatch for /media/ssd1/DeepSeek-V2-Lite: pre_tokenizer Metaspace -> Sequence, decoder Sequence -> ByteLevel
[2026-08-05 06:51:06 TP7] Restoring add_bos_token=True for /media/ssd1/DeepSeek-V2-Lite (was False after v5 loading)
[2026-08-05 06:51:06 TP1] Restoring add_bos_token=True for /media/ssd1/DeepSeek-V2-Lite (was False after v5 loading)
[2026-08-05 06:51:06 TP3] Restoring add_bos_token=True for /media/ssd1/DeepSeek-V2-Lite (was False after v5 loading)
[2026-08-05 06:51:06 TP4] Fixing v5 tokenizer component mismatch for /media/ssd1/DeepSeek-V2-Lite: pre_tokenizer Metaspace -> Sequence, decoder Sequence -> ByteLevel
[2026-08-05 06:51:06 TP4] Restoring add_bos_token=True for /media/ssd1/DeepSeek-V2-Lite (was False after v5 loading)
[2026-08-05 06:51:11 TP3] Using default MoE kernel config. Performance might be sub-optimal! Config file not found at /sgl-workspace/sglang-src/python/sglang/srt/layers/moe/moe_runner/triton_utils/configs/triton_3_6_0/E=64,N=176,device_name=NVIDIA_B200.json, you can create them with https://github.com/sgl-project/sglang/tree/main/benchmark/kernels/fused_moe_triton
[2026-08-05 06:51:11 TP3] Using MoE kernel config with down_moe=False. Performance might be sub-optimal! Config file not found at /sgl-workspace/sglang-src/python/sglang/srt/layers/moe/moe_runner/triton_utils/configs/triton_3_6_0/E=64,N=176,device_name=NVIDIA_B200_down.json, you can create them with https://github.com/sgl-project/sglang/tree/main/benchmark/kernels/fused_moe_triton
[2026-08-05 06:51:11 TP5] Using default MoE kernel config. Performance might be sub-optimal! Config file not found at /sgl-workspace/sglang-src/python/sglang/srt/layers/moe/moe_runner/triton_utils/configs/triton_3_6_0/E=64,N=176,device_name=NVIDIA_B200.json, you can create them with https://github.com/sgl-project/sglang/tree/main/benchmark/kernels/fused_moe_triton
[2026-08-05 06:51:11 TP5] Using MoE kernel config with down_moe=False. Performance might be sub-optimal! Config file not found at /sgl-workspace/sglang-src/python/sglang/srt/layers/moe/moe_runner/triton_utils/configs/triton_3_6_0/E=64,N=176,device_name=NVIDIA_B200_down.json, you can create them with https://github.com/sgl-project/sglang/tree/main/benchmark/kernels/fused_moe_triton
[2026-08-05 06:51:11 TP2] Using default MoE kernel config. Performance might be sub-optimal! Config file not found at /sgl-workspace/sglang-src/python/sglang/srt/layers/moe/moe_runner/triton_utils/configs/triton_3_6_0/E=64,N=176,device_name=NVIDIA_B200.json, you can create them with https://github.com/sgl-project/sglang/tree/main/benchmark/kernels/fused_moe_triton
[2026-08-05 06:51:11 TP2] Using MoE kernel config with down_moe=False. Performance might be sub-optimal! Config file not found at /sgl-workspace/sglang-src/python/sglang/srt/layers/moe/moe_runner/triton_utils/configs/triton_3_6_0/E=64,N=176,device_name=NVIDIA_B200_down.json, you can create them with https://github.com/sgl-project/sglang/tree/main/benchmark/kernels/fused_moe_triton
[2026-08-05 06:51:11 TP6] Using default MoE kernel config. Performance might be sub-optimal! Config file not found at /sgl-workspace/sglang-src/python/sglang/srt/layers/moe/moe_runner/triton_utils/configs/triton_3_6_0/E=64,N=176,device_name=NVIDIA_B200.json, you can create them with https://github.com/sgl-project/sglang/tree/main/benchmark/kernels/fused_moe_triton
[2026-08-05 06:51:11 TP6] Using MoE kernel config with down_moe=False. Performance might be sub-optimal! Config file not found at /sgl-workspace/sglang-src/python/sglang/srt/layers/moe/moe_runner/triton_utils/configs/triton_3_6_0/E=64,N=176,device_name=NVIDIA_B200_down.json, you can create them with https://github.com/sgl-project/sglang/tree/main/benchmark/kernels/fused_moe_triton
[2026-08-05 06:51:11 TP7] Using default MoE kernel config. Performance might be sub-optimal! Config file not found at /sgl-workspace/sglang-src/python/sglang/srt/layers/moe/moe_runner/triton_utils/configs/triton_3_6_0/E=64,N=176,device_name=NVIDIA_B200.json, you can create them with https://github.com/sgl-project/sglang/tree/main/benchmark/kernels/fused_moe_triton
[2026-08-05 06:51:11 TP7] Using MoE kernel config with down_moe=False. Performance might be sub-optimal! Config file not found at /sgl-workspace/sglang-src/python/sglang/srt/layers/moe/moe_runner/triton_utils/configs/triton_3_6_0/E=64,N=176,device_name=NVIDIA_B200_down.json, you can create them with https://github.com/sgl-project/sglang/tree/main/benchmark/kernels/fused_moe_triton
[2026-08-05 06:51:11 TP0] Using default MoE kernel config. Performance might be sub-optimal! Config file not found at /sgl-workspace/sglang-src/python/sglang/srt/layers/moe/moe_runner/triton_utils/configs/triton_3_6_0/E=64,N=176,device_name=NVIDIA_B200.json, you can create them with https://github.com/sgl-project/sglang/tree/main/benchmark/kernels/fused_moe_triton
[2026-08-05 06:51:11 TP0] Using MoE kernel config with down_moe=False. Performance might be sub-optimal! Config file not found at /sgl-workspace/sglang-src/python/sglang/srt/layers/moe/moe_runner/triton_utils/configs/triton_3_6_0/E=64,N=176,device_name=NVIDIA_B200_down.json, you can create them with https://github.com/sgl-project/sglang/tree/main/benchmark/kernels/fused_moe_triton
[2026-08-05 06:51:11 TP4] Using default MoE kernel config. Performance might be sub-optimal! Config file not found at /sgl-workspace/sglang-src/python/sglang/srt/layers/moe/moe_runner/triton_utils/configs/triton_3_6_0/E=64,N=176,device_name=NVIDIA_B200.json, you can create them with https://github.com/sgl-project/sglang/tree/main/benchmark/kernels/fused_moe_triton
[2026-08-05 06:51:11 TP1] Using default MoE kernel config. Performance might be sub-optimal! Config file not found at /sgl-workspace/sglang-src/python/sglang/srt/layers/moe/moe_runner/triton_utils/configs/triton_3_6_0/E=64,N=176,device_name=NVIDIA_B200.json, you can create them with https://github.com/sgl-project/sglang/tree/main/benchmark/kernels/fused_moe_triton
[2026-08-05 06:51:11 TP4] Using MoE kernel config with down_moe=False. Performance might be sub-optimal! Config file not found at /sgl-workspace/sglang-src/python/sglang/srt/layers/moe/moe_runner/triton_utils/configs/triton_3_6_0/E=64,N=176,device_name=NVIDIA_B200_down.json, you can create them with https://github.com/sgl-project/sglang/tree/main/benchmark/kernels/fused_moe_triton
[2026-08-05 06:51:11 TP1] Using MoE kernel config with down_moe=False. Performance might be sub-optimal! Config file not found at /sgl-workspace/sglang-src/python/sglang/srt/layers/moe/moe_runner/triton_utils/configs/triton_3_6_0/E=64,N=176,device_name=NVIDIA_B200_down.json, you can create them with https://github.com/sgl-project/sglang/tree/main/benchmark/kernels/fused_moe_triton
/usr/local/lib/python3.12/dist-packages/torch/profiler/profiler.py:224: UserWarning: Warning: Profiler clears events at the end of each cycle.Only events from the current cycle will be reported.To keep events across cycles, set acc_events=True.
  _warn_once(
/usr/local/lib/python3.12/dist-packages/torch/profiler/profiler.py:224: UserWarning: Warning: Profiler clears events at the end of each cycle.Only events from the current cycle will be reported.To keep events across cycles, set acc_events=True.
  _warn_once(
/usr/local/lib/python3.12/dist-packages/torch/profiler/profiler.py:224: UserWarning: Warning: Profiler clears events at the end of each cycle.Only events from the current cycle will be reported.To keep events across cycles, set acc_events=True.
  _warn_once(
/usr/local/lib/python3.12/dist-packages/torch/profiler/profiler.py:224: UserWarning: Warning: Profiler clears events at the end of each cycle.Only events from the current cycle will be reported.To keep events across cycles, set acc_events=True.
  _warn_once(
/usr/local/lib/python3.12/dist-packages/torch/profiler/profiler.py:224: UserWarning: Warning: Profiler clears events at the end of each cycle.Only events from the current cycle will be reported.To keep events across cycles, set acc_events=True.
  _warn_once(
/usr/local/lib/python3.12/dist-packages/torch/profiler/profiler.py:224: UserWarning: Warning: Profiler clears events at the end of each cycle.Only events from the current cycle will be reported.To keep events across cycles, set acc_events=True.
  _warn_once(
/usr/local/lib/python3.12/dist-packages/torch/profiler/profiler.py:224: UserWarning: Warning: Profiler clears events at the end of each cycle.Only events from the current cycle will be reported.To keep events across cycles, set acc_events=True.
  _warn_once(
/usr/local/lib/python3.12/dist-packages/torch/profiler/profiler.py:224: UserWarning: Warning: Profiler clears events at the end of each cycle.Only events from the current cycle will be reported.To keep events across cycles, set acc_events=True.
  _warn_once(
-------------------------------------------------------  ------------  ------------  ------------  ------------  ------------  ------------  ------------  ------------  ------------  ------------  
                                                   Name    Self CPU %      Self CPU   CPU total %     CPU total  CPU time avg     Self CUDA   Self CUDA %    CUDA total  CUDA time avg    # of Calls  
-------------------------------------------------------  ------------  ------------  ------------  ------------  ------------  ------------  ------------  ------------  ------------  ------------  
void (anonymous namespace)::all_reduce_one_shot_push...         0.00%       0.000us         0.00%       0.000us       0.000us        2.193s        50.68%        2.193s     632.934us          3465  
kernel_cutlass_kernel_flashinfernormkernelsfused_add...         0.00%       0.000us         0.00%       0.000us       0.000us        1.925s        44.47%        1.925s     565.702us          3402  
                                       fused_moe_kernel         0.00%       0.000us         0.00%       0.000us       0.000us      34.425ms         0.80%      34.425ms      10.508us          3276  
void flashinfer::mla::BatchMLAPagedAttentionKernel<f...         0.00%       0.000us         0.00%       0.000us       0.000us      26.073ms         0.60%      26.073ms      15.328us          1701  
        nvjet_sm100_tst_32x64_64x16_4x1_v_bz_splitK_TNN         0.00%       0.000us         0.00%       0.000us       0.000us      20.638ms         0.48%      20.638ms       4.095us          5040  
                               _all_gather_kernel_inner         0.00%       0.000us         0.00%       0.000us       0.000us      18.812ms         0.43%      18.812ms     298.597us            63  
void cublasLt::splitKreduce_kernel<32, 16, int, floa...         0.00%       0.000us         0.00%       0.000us       0.000us      15.627ms         0.36%      15.627ms       3.101us          5040  
void at::native::sbtopk::gatherTopK<float, unsigned ...         0.00%       0.000us         0.00%       0.000us       0.000us      13.310ms         0.31%      13.310ms       4.063us          3276  
               nvjet_sm100_tst_16x64_64x16_4x1_v_bz_TNN         0.00%       0.000us         0.00%       0.000us       0.000us      11.924ms         0.28%      11.924ms       3.505us          3402  
                nvjet_sm100_tst_8x64_64x16_4x1_v_bz_TNN         0.00%       0.000us         0.00%       0.000us       0.000us      10.180ms         0.24%      10.180ms       2.992us          3402  
void (anonymous namespace)::act_and_mul_kernel<__nv_...         0.00%       0.000us         0.00%       0.000us       0.000us       9.240ms         0.21%       9.240ms       2.820us          3276  
        nvjet_sm100_tss_32x64_64x16_2x1_v_bz_splitK_TNN         0.00%       0.000us         0.00%       0.000us       0.000us       7.013ms         0.16%       7.013ms       4.282us          1638  
void moe_align_block_size_kernel<int>(int const*, in...         0.00%       0.000us         0.00%       0.000us       0.000us       4.764ms         0.11%       4.764ms       2.908us          1638  
void cublasLt::splitKreduce_kernel<32, 16, int, floa...         0.00%       0.000us         0.00%       0.000us       0.000us       4.000ms         0.09%       4.000ms       2.442us          1638  
triton_red_fused__softmax_exp_max_prepare_softmax_on...         0.00%       0.000us         0.00%       0.000us       0.000us       3.948ms         0.09%       3.948ms       2.410us          1638  
kernel_cutlass_kernel_flashinfernormkernelsrmsnormRM...         0.00%       0.000us         0.00%       0.000us       0.000us       3.922ms         0.09%       3.922ms       2.306us          1701  
void (anonymous namespace)::fused_rope_kernel<false,...         0.00%       0.000us         0.00%       0.000us       0.000us       3.338ms         0.08%       3.338ms       1.962us          1701  
triton_poi_fused__softmax__to_copy_arange_bitwise_no...         0.00%       0.000us         0.00%       0.000us       0.000us       2.950ms         0.07%       2.950ms       1.801us          1638  
                       triton_poi_fused_copy__mul_sum_0         0.00%       0.000us         0.00%       0.000us       0.000us       2.688ms         0.06%       2.688ms       1.641us          1638  
void at::native::vectorized_elementwise_kernel<8, at...         0.00%       0.000us         0.00%       0.000us       0.000us       2.620ms         0.06%       2.620ms       1.600us          1638  
void count_and_sort_expert_tokens_kernel<int>(int co...         0.00%       0.000us         0.00%       0.000us       0.000us       2.584ms         0.06%       2.584ms       1.577us          1638  
                               set_mla_kv_buffer_kernel         0.00%       0.000us         0.00%       0.000us       0.000us       2.488ms         0.06%       2.488ms       1.463us          1701  
                            triton_poi_fused__to_copy_2         0.00%       0.000us         0.00%       0.000us       0.000us       2.436ms         0.06%       2.436ms       1.487us          1638  
void at::native::reduce_kernel<512, 1, at::native::R...         0.00%       0.000us         0.00%       0.000us       0.000us       1.503ms         0.03%       1.503ms      23.859us            63  
                         Memcpy HtoD (Pinned -> Device)         0.00%       0.000us         0.00%       0.000us       0.000us     904.131us         0.02%     904.131us      13.910us            65  
               nvjet_sm100_tst_128x8_64x12_4x1_v_bz_TNT         0.00%       0.000us         0.00%       0.000us       0.000us     703.900us         0.02%     703.900us      11.173us            63  
                       Memcpy DtoH (Device -> Pageable)         0.00%       0.000us         0.00%       0.000us       0.000us     575.132us         0.01%     575.132us       3.043us           189  
               nvjet_sm100_tst_32x64_64x16_4x1_v_bz_TNN         0.00%       0.000us         0.00%       0.000us       0.000us     408.545us         0.01%     408.545us       6.485us            63  
void at::native::unrolled_elementwise_kernel<at::nat...         0.00%       0.000us         0.00%       0.000us       0.000us     318.238us         0.01%     318.238us       1.684us           189  
void at::native::unrolled_elementwise_kernel<at::nat...         0.00%       0.000us         0.00%       0.000us       0.000us     248.129us         0.01%     248.129us       3.939us            63  
void at::native::index_elementwise_kernel<128, 4, at...         0.00%       0.000us         0.00%       0.000us       0.000us     202.276us         0.00%     202.276us       3.211us            63  
void at::native::(anonymous namespace)::indexSelectS...         0.00%       0.000us         0.00%       0.000us       0.000us     198.018us         0.00%     198.018us       3.143us            63  
void at::native::elementwise_kernel<128, 4, at::nati...         0.00%       0.000us         0.00%       0.000us       0.000us     194.143us         0.00%     194.143us       3.082us            63  
                    create_flashinfer_kv_indices_triton         0.00%       0.000us         0.00%       0.000us       0.000us     185.794us         0.00%     185.794us       2.949us            63  
void at::native::elementwise_kernel<128, 4, at::nati...         0.00%       0.000us         0.00%       0.000us       0.000us     184.734us         0.00%     184.734us       2.932us            63  
kernel_cutlass_kernel_flashinfernormkernelsrmsnormRM...         0.00%       0.000us         0.00%       0.000us       0.000us     155.742us         0.00%     155.742us       2.472us            63  
void at::native::elementwise_kernel<128, 4, at::nati...         0.00%       0.000us         0.00%       0.000us       0.000us     139.264us         0.00%     139.264us       2.211us            63  
void at::native::(anonymous namespace)::multi_tensor...         0.00%       0.000us         0.00%       0.000us       0.000us     121.087us         0.00%     121.087us       1.922us            63  
void at_cuda_detail::cub::detail::scan::DeviceScanKe...         0.00%       0.000us         0.00%       0.000us       0.000us     107.646us         0.00%     107.646us       1.709us            63  
triton_poi_fused_add_bitwise_and_bitwise_not_bitwise...         0.00%       0.000us         0.00%       0.000us       0.000us     105.434us         0.00%     105.434us       1.674us            63  
                         Memcpy DtoD (Device -> Device)         0.00%       0.000us         0.00%       0.000us       0.000us      99.131us         0.00%      99.131us       1.574us            63  
void (anonymous namespace)::clamp_position_kernel<lo...         0.00%       0.000us         0.00%       0.000us       0.000us      95.576us         0.00%      95.576us       1.517us            63  
void at::native::vectorized_elementwise_kernel<4, at...         0.00%       0.000us         0.00%       0.000us       0.000us      94.566us         0.00%      94.566us       1.501us            63  
void at::native::vectorized_elementwise_kernel<2, at...         0.00%       0.000us         0.00%       0.000us       0.000us      94.265us         0.00%      94.265us       1.496us            63  
void at::native::vectorized_elementwise_kernel<4, at...         0.00%       0.000us         0.00%       0.000us       0.000us      78.046us         0.00%      78.046us       1.239us            63  
void at_cuda_detail::cub::detail::scan::DeviceScanIn...         0.00%       0.000us         0.00%       0.000us       0.000us      74.400us         0.00%      74.400us       1.181us            63  
void at::native::index_elementwise_kernel<128, 4, at...         0.00%       0.000us         0.00%       0.000us       0.000us      21.887us         0.00%      21.887us       2.189us            10  
void at::native::index_elementwise_kernel<128, 4, at...         0.00%       0.000us         0.00%       0.000us       0.000us      21.184us         0.00%      21.184us       2.648us             8  
                       Memcpy HtoD (Pageable -> Device)         0.00%       0.000us         0.00%       0.000us       0.000us       2.079us         0.00%       2.079us       1.039us             2  
                                        cudaMemcpyAsync         1.24%       5.828ms         1.60%       7.517ms      23.563us       0.000us         0.00%       0.000us       0.000us           319  
                                Activity Buffer Request         2.18%      10.271ms         2.21%      10.388ms       1.731ms       0.000us         0.00%       0.000us       0.000us             6  
                                       cudaLaunchKernel        13.02%      61.303ms        13.02%      61.303ms       6.652us       0.000us         0.00%       0.000us       0.000us          9216  
                                    cudaLaunchKernelExC        27.26%     128.289ms        27.64%     130.073ms       6.392us       0.000us         0.00%       0.000us       0.000us         20349  
                                    cudaPeekAtLastError         0.01%      29.324us         0.01%      29.324us       0.116us       0.000us         0.00%       0.000us       0.000us           252  
cudaOccupancyMaxActiveBlocksPerMultiprocessorWithFla...         0.03%     143.051us         0.03%     143.051us       2.271us       0.000us         0.00%       0.000us       0.000us            63  
                                 cudaDeviceGetAttribute         0.36%       1.700ms         0.36%       1.700ms       0.930us       0.000us         0.00%       0.000us       0.000us          1827  
                                       cuLaunchKernelEx        23.87%     112.345ms        23.87%     112.345ms       6.004us       0.000us         0.00%       0.000us       0.000us         18711  
                                  cudaStreamIsCapturing         0.03%     118.016us         0.03%     118.016us       0.605us       0.000us         0.00%       0.000us       0.000us           195  
                                  cudaStreamSynchronize         0.15%     715.030us         0.15%     715.030us       3.744us       0.000us         0.00%       0.000us       0.000us           191  
                                         cuLaunchKernel         8.15%      38.370ms         8.15%      38.370ms       5.800us       0.000us         0.00%       0.000us       0.000us          6615  
                                   cudaFuncSetAttribute         1.03%       4.847ms         1.03%       4.847ms       2.849us       0.000us         0.00%       0.000us       0.000us          1701  
                            cudaLaunchCooperativeKernel         2.92%      13.760ms         2.92%      13.760ms       8.089us       0.000us         0.00%       0.000us       0.000us          1701  
                                  cudaDeviceSynchronize        19.63%      92.393ms        19.63%      92.393ms     733.281us       0.000us         0.00%       0.000us       0.000us           126  
                               cudaEventRecordWithFlags         0.00%       6.661us         0.00%       6.661us       3.331us       0.000us         0.00%       0.000us       0.000us             2  
                                           Buffer Flush         0.12%     555.628us         0.12%     555.628us     138.907us       0.000us         0.00%       0.000us       0.000us             4  
                                         cudaEventQuery         0.00%       5.095us         0.00%       5.095us       5.095us       0.000us         0.00%       0.000us       0.000us             1  
-------------------------------------------------------  ------------  ------------  ------------  ------------  ------------  ------------  ------------  ------------  ------------  ------------  
Self CPU time total: 470.679ms
Self CUDA time total: 4.327s
-------------------------------------------------------  ------------  ------------  ------------  ------------  ------------  ------------  ------------  ------------  ------------  ------------  
                                                   Name    Self CPU %      Self CPU   CPU total %     CPU total  CPU time avg     Self CUDA   Self CUDA %    CUDA total  CUDA time avg    # of Calls  
-------------------------------------------------------  ------------  ------------  ------------  ------------  ------------  ------------  ------------  ------------  ------------  ------------  
void (anonymous namespace)::all_reduce_one_shot_push...         0.00%       0.000us         0.00%       0.000us       0.000us        3.268s        49.14%        3.268s     943.011us          3465  
kernel_cutlass_kernel_flashinfernormkernelsfused_add...         0.00%       0.000us         0.00%       0.000us       0.000us        3.160s        47.52%        3.160s     928.848us          3402  
                                       fused_moe_kernel         0.00%       0.000us         0.00%       0.000us       0.000us      34.874ms         0.52%      34.874ms      10.645us          3276  
void flashinfer::mla::BatchMLAPagedAttentionKernel<f...         0.00%       0.000us         0.00%       0.000us       0.000us      25.956ms         0.39%      25.956ms      15.259us          1701  
        nvjet_sm100_tst_32x64_64x16_4x1_v_bz_splitK_TNN         0.00%       0.000us         0.00%       0.000us       0.000us      21.247ms         0.32%      21.247ms       4.216us          5040  
                               _all_gather_kernel_inner         0.00%       0.000us         0.00%       0.000us       0.000us      19.740ms         0.30%      19.740ms     313.341us            63  
void cublasLt::splitKreduce_kernel<32, 16, int, floa...         0.00%       0.000us         0.00%       0.000us       0.000us      17.123ms         0.26%      17.123ms       3.397us          5040  
void at::native::sbtopk::gatherTopK<float, unsigned ...         0.00%       0.000us         0.00%       0.000us       0.000us      13.963ms         0.21%      13.963ms       4.262us          3276  
               nvjet_sm100_tst_16x64_64x16_4x1_v_bz_TNN         0.00%       0.000us         0.00%       0.000us       0.000us      12.113ms         0.18%      12.113ms       3.561us          3402  
                nvjet_sm100_tst_8x64_64x16_4x1_v_bz_TNN         0.00%       0.000us         0.00%       0.000us       0.000us      10.373ms         0.16%      10.373ms       3.049us          3402  
void (anonymous namespace)::act_and_mul_kernel<__nv_...         0.00%       0.000us         0.00%       0.000us       0.000us       9.975ms         0.15%       9.975ms       3.045us          3276  
        nvjet_sm100_tss_32x64_64x16_2x1_v_bz_splitK_TNN         0.00%       0.000us         0.00%       0.000us       0.000us       7.554ms         0.11%       7.554ms       4.612us          1638  
void moe_align_block_size_kernel<int>(int const*, in...         0.00%       0.000us         0.00%       0.000us       0.000us       5.101ms         0.08%       5.101ms       3.114us          1638  
void cublasLt::splitKreduce_kernel<32, 16, int, floa...         0.00%       0.000us         0.00%       0.000us       0.000us       4.774ms         0.07%       4.774ms       2.914us          1638  
triton_red_fused__softmax_exp_max_prepare_softmax_on...         0.00%       0.000us         0.00%       0.000us       0.000us       4.437ms         0.07%       4.437ms       2.709us          1638  
kernel_cutlass_kernel_flashinfernormkernelsrmsnormRM...         0.00%       0.000us         0.00%       0.000us       0.000us       4.371ms         0.07%       4.371ms       2.570us          1701  
triton_poi_fused__softmax__to_copy_arange_bitwise_no...         0.00%       0.000us         0.00%       0.000us       0.000us       4.273ms         0.06%       4.273ms       2.609us          1638  
void (anonymous namespace)::fused_rope_kernel<false,...         0.00%       0.000us         0.00%       0.000us       0.000us       3.984ms         0.06%       3.984ms       2.342us          1701  
                               set_mla_kv_buffer_kernel         0.00%       0.000us         0.00%       0.000us       0.000us       3.046ms         0.05%       3.046ms       1.791us          1701  
                            triton_poi_fused__to_copy_2         0.00%       0.000us         0.00%       0.000us       0.000us       3.009ms         0.05%       3.009ms       1.837us          1638  
void count_and_sort_expert_tokens_kernel<int>(int co...         0.00%       0.000us         0.00%       0.000us       0.000us       2.940ms         0.04%       2.940ms       1.795us          1638  
void at::native::vectorized_elementwise_kernel<8, at...         0.00%       0.000us         0.00%       0.000us       0.000us       2.815ms         0.04%       2.815ms       1.719us          1638  
                       triton_poi_fused_copy__mul_sum_0         0.00%       0.000us         0.00%       0.000us       0.000us       2.787ms         0.04%       2.787ms       1.702us          1638  
void at::native::reduce_kernel<512, 1, at::native::R...         0.00%       0.000us         0.00%       0.000us       0.000us       1.527ms         0.02%       1.527ms      24.233us            63  
                         Memcpy HtoD (Pinned -> Device)         0.00%       0.000us         0.00%       0.000us       0.000us     903.200us         0.01%     903.200us      13.895us            65  
               nvjet_sm100_tst_128x8_64x12_4x1_v_bz_TNT         0.00%       0.000us         0.00%       0.000us       0.000us     703.902us         0.01%     703.902us      11.173us            63  
                       Memcpy DtoH (Device -> Pageable)         0.00%       0.000us         0.00%       0.000us       0.000us     589.476us         0.01%     589.476us       3.119us           189  
               nvjet_sm100_tst_32x64_64x16_4x1_v_bz_TNN         0.00%       0.000us         0.00%       0.000us       0.000us     426.110us         0.01%     426.110us       6.764us            63  
void at::native::unrolled_elementwise_kernel<at::nat...         0.00%       0.000us         0.00%       0.000us       0.000us     361.667us         0.01%     361.667us       1.914us           189  
void at::native::unrolled_elementwise_kernel<at::nat...         0.00%       0.000us         0.00%       0.000us       0.000us     248.067us         0.00%     248.067us       3.938us            63  
void at::native::index_elementwise_kernel<128, 4, at...         0.00%       0.000us         0.00%       0.000us       0.000us     225.733us         0.00%     225.733us       3.583us            63  
void at::native::(anonymous namespace)::indexSelectS...         0.00%       0.000us         0.00%       0.000us       0.000us     198.590us         0.00%     198.590us       3.152us            63  
void at::native::elementwise_kernel<128, 4, at::nati...         0.00%       0.000us         0.00%       0.000us       0.000us     197.151us         0.00%     197.151us       3.129us            63  
void at::native::elementwise_kernel<128, 4, at::nati...         0.00%       0.000us         0.00%       0.000us       0.000us     192.830us         0.00%     192.830us       3.061us            63  
kernel_cutlass_kernel_flashinfernormkernelsrmsnormRM...         0.00%       0.000us         0.00%       0.000us       0.000us     182.169us         0.00%     182.169us       2.892us            63  
                    create_flashinfer_kv_indices_triton         0.00%       0.000us         0.00%       0.000us       0.000us     168.927us         0.00%     168.927us       2.681us            63  
void at::native::elementwise_kernel<128, 4, at::nati...         0.00%       0.000us         0.00%       0.000us       0.000us     143.104us         0.00%     143.104us       2.271us            63  
void at::native::(anonymous namespace)::multi_tensor...         0.00%       0.000us         0.00%       0.000us       0.000us     129.245us         0.00%     129.245us       2.052us            63  
void at_cuda_detail::cub::detail::scan::DeviceScanKe...         0.00%       0.000us         0.00%       0.000us       0.000us     125.602us         0.00%     125.602us       1.994us            63  
void at::native::vectorized_elementwise_kernel<4, at...         0.00%       0.000us         0.00%       0.000us       0.000us     121.888us         0.00%     121.888us       1.935us            63  
triton_poi_fused_add_bitwise_and_bitwise_not_bitwise...         0.00%       0.000us         0.00%       0.000us       0.000us     106.680us         0.00%     106.680us       1.693us            63  
                         Memcpy DtoD (Device -> Device)         0.00%       0.000us         0.00%       0.000us       0.000us     104.772us         0.00%     104.772us       1.663us            63  
void at::native::vectorized_elementwise_kernel<2, at...         0.00%       0.000us         0.00%       0.000us       0.000us     103.965us         0.00%     103.965us       1.650us            63  
void (anonymous namespace)::clamp_position_kernel<lo...         0.00%       0.000us         0.00%       0.000us       0.000us      95.843us         0.00%      95.843us       1.521us            63  
void at_cuda_detail::cub::detail::scan::DeviceScanIn...         0.00%       0.000us         0.00%       0.000us       0.000us      91.840us         0.00%      91.840us       1.458us            63  
void at::native::vectorized_elementwise_kernel<4, at...         0.00%       0.000us         0.00%       0.000us       0.000us      88.701us         0.00%      88.701us       1.408us            63  
void at::native::index_elementwise_kernel<128, 4, at...         0.00%       0.000us         0.00%       0.000us       0.000us      25.760us         0.00%      25.760us       2.576us            10  
void at::native::index_elementwise_kernel<128, 4, at...         0.00%       0.000us         0.00%       0.000us       0.000us      18.209us         0.00%      18.209us       2.276us             8  
                       Memcpy HtoD (Pageable -> Device)         0.00%       0.000us         0.00%       0.000us       0.000us       3.296us         0.00%       3.296us       1.648us             2  
                                        cudaMemcpyAsync         0.89%       5.515ms         1.17%       7.232ms      22.672us       0.000us         0.00%       0.000us       0.000us           319  
                                Activity Buffer Request         1.80%      11.104ms         1.83%      11.295ms       1.882ms       0.000us         0.00%       0.000us       0.000us             6  
                                       cudaLaunchKernel         8.87%      54.750ms         8.87%      54.750ms       5.941us       0.000us         0.00%       0.000us       0.000us          9216  
                                    cudaLaunchKernelExC        18.86%     116.336ms        19.18%     118.344ms       5.816us       0.000us         0.00%       0.000us       0.000us         20349  
                                    cudaPeekAtLastError         0.00%      29.024us         0.00%      29.024us       0.115us       0.000us         0.00%       0.000us       0.000us           252  
cudaOccupancyMaxActiveBlocksPerMultiprocessorWithFla...         0.02%     132.952us         0.02%     132.952us       2.110us       0.000us         0.00%       0.000us       0.000us            63  
                                 cudaDeviceGetAttribute         0.25%       1.525ms         0.25%       1.525ms       0.835us       0.000us         0.00%       0.000us       0.000us          1827  
                                       cuLaunchKernelEx        16.39%     101.122ms        16.39%     101.122ms       5.404us       0.000us         0.00%       0.000us       0.000us         18711  
                                  cudaStreamIsCapturing         0.02%     120.062us         0.02%     120.062us       0.616us       0.000us         0.00%       0.000us       0.000us           195  
                                  cudaStreamSynchronize         0.11%     701.667us         0.11%     701.667us       3.674us       0.000us         0.00%       0.000us       0.000us           191  
                                         cuLaunchKernel         5.52%      34.052ms         5.52%      34.052ms       5.148us       0.000us         0.00%       0.000us       0.000us          6615  
                                   cudaFuncSetAttribute         0.74%       4.562ms         0.74%       4.562ms       2.682us       0.000us         0.00%       0.000us       0.000us          1701  
                            cudaLaunchCooperativeKernel         2.09%      12.915ms         2.09%      12.915ms       7.593us       0.000us         0.00%       0.000us       0.000us          1701  
                                  cudaDeviceSynchronize        44.37%     273.759ms        44.37%     273.759ms       2.173ms       0.000us         0.00%       0.000us       0.000us           126  
                               cudaEventRecordWithFlags         0.00%       8.981us         0.00%       8.981us       4.490us       0.000us         0.00%       0.000us       0.000us             2  
                                           Buffer Flush         0.05%     313.719us         0.05%     313.719us      78.430us       0.000us         0.00%       0.000us       0.000us             4  
                                         cudaEventQuery         0.00%       6.233us         0.00%       6.233us       6.233us       0.000us         0.00%       0.000us       0.000us             1  
-------------------------------------------------------  ------------  ------------  ------------  ------------  ------------  ------------  ------------  ------------  ------------  ------------  
Self CPU time total: 616.952ms
Self CUDA time total: 6.649s
-------------------------------------------------------  ------------  ------------  ------------  ------------  ------------  ------------  ------------  ------------  ------------  ------------  
                                                   Name    Self CPU %      Self CPU   CPU total %     CPU total  CPU time avg     Self CUDA   Self CUDA %    CUDA total  CUDA time avg    # of Calls  
-------------------------------------------------------  ------------  ------------  ------------  ------------  ------------  ------------  ------------  ------------  ------------  ------------  
void (anonymous namespace)::all_reduce_one_shot_push...         0.00%       0.000us         0.00%       0.000us       0.000us        2.527s        50.20%        2.527s     729.427us          3465  
kernel_cutlass_kernel_flashinfernormkernelsfused_add...         0.00%       0.000us         0.00%       0.000us       0.000us        2.295s        45.59%        2.295s     674.733us          3402  
                                       fused_moe_kernel         0.00%       0.000us         0.00%       0.000us       0.000us      34.515ms         0.69%      34.515ms      10.536us          3276  
void flashinfer::mla::BatchMLAPagedAttentionKernel<f...         0.00%       0.000us         0.00%       0.000us       0.000us      26.229ms         0.52%      26.229ms      15.420us          1701  
        nvjet_sm100_tst_32x64_64x16_4x1_v_bz_splitK_TNN         0.00%       0.000us         0.00%       0.000us       0.000us      20.869ms         0.41%      20.869ms       4.141us          5040  
                               _all_gather_kernel_inner         0.00%       0.000us         0.00%       0.000us       0.000us      18.515ms         0.37%      18.515ms     293.894us            63  
void cublasLt::splitKreduce_kernel<32, 16, int, floa...         0.00%       0.000us         0.00%       0.000us       0.000us      16.012ms         0.32%      16.012ms       3.177us          5040  
void at::native::sbtopk::gatherTopK<float, unsigned ...         0.00%       0.000us         0.00%       0.000us       0.000us      13.201ms         0.26%      13.201ms       4.030us          3276  
               nvjet_sm100_tst_16x64_64x16_4x1_v_bz_TNN         0.00%       0.000us         0.00%       0.000us       0.000us      12.063ms         0.24%      12.063ms       3.546us          3402  
                nvjet_sm100_tst_8x64_64x16_4x1_v_bz_TNN         0.00%       0.000us         0.00%       0.000us       0.000us      10.192ms         0.20%      10.192ms       2.996us          3402  
void (anonymous namespace)::act_and_mul_kernel<__nv_...         0.00%       0.000us         0.00%       0.000us       0.000us       9.438ms         0.19%       9.438ms       2.881us          3276  
        nvjet_sm100_tss_32x64_64x16_2x1_v_bz_splitK_TNN         0.00%       0.000us         0.00%       0.000us       0.000us       7.141ms         0.14%       7.141ms       4.360us          1638  
void moe_align_block_size_kernel<int>(int const*, in...         0.00%       0.000us         0.00%       0.000us       0.000us       4.825ms         0.10%       4.825ms       2.946us          1638  
void cublasLt::splitKreduce_kernel<32, 16, int, floa...         0.00%       0.000us         0.00%       0.000us       0.000us       4.183ms         0.08%       4.183ms       2.554us          1638  
kernel_cutlass_kernel_flashinfernormkernelsrmsnormRM...         0.00%       0.000us         0.00%       0.000us       0.000us       4.104ms         0.08%       4.104ms       2.413us          1701  
triton_red_fused__softmax_exp_max_prepare_softmax_on...         0.00%       0.000us         0.00%       0.000us       0.000us       4.062ms         0.08%       4.062ms       2.480us          1638  
void (anonymous namespace)::fused_rope_kernel<false,...         0.00%       0.000us         0.00%       0.000us       0.000us       3.528ms         0.07%       3.528ms       2.074us          1701  
                       triton_poi_fused_copy__mul_sum_0         0.00%       0.000us         0.00%       0.000us       0.000us       2.725ms         0.05%       2.725ms       1.663us          1638  
void at::native::vectorized_elementwise_kernel<8, at...         0.00%       0.000us         0.00%       0.000us       0.000us       2.673ms         0.05%       2.673ms       1.632us          1638  
                            triton_poi_fused__to_copy_2         0.00%       0.000us         0.00%       0.000us       0.000us       2.663ms         0.05%       2.663ms       1.626us          1638  
void count_and_sort_expert_tokens_kernel<int>(int co...         0.00%       0.000us         0.00%       0.000us       0.000us       2.646ms         0.05%       2.646ms       1.616us          1638  
                               set_mla_kv_buffer_kernel         0.00%       0.000us         0.00%       0.000us       0.000us       2.588ms         0.05%       2.588ms       1.521us          1701  
triton_poi_fused__softmax__to_copy_arange_bitwise_no...         0.00%       0.000us         0.00%       0.000us       0.000us       2.425ms         0.05%       2.425ms       1.481us          1638  
void at::native::reduce_kernel<512, 1, at::native::R...         0.00%       0.000us         0.00%       0.000us       0.000us       1.508ms         0.03%       1.508ms      23.935us            63  
                         Memcpy HtoD (Pinned -> Device)         0.00%       0.000us         0.00%       0.000us       0.000us     909.568us         0.02%     909.568us      13.993us            65  
               nvjet_sm100_tst_128x8_64x12_4x1_v_bz_TNT         0.00%       0.000us         0.00%       0.000us       0.000us     703.865us         0.01%     703.865us      11.172us            63  
                       Memcpy DtoH (Device -> Pageable)         0.00%       0.000us         0.00%       0.000us       0.000us     607.012us         0.01%     607.012us       3.212us           189  
               nvjet_sm100_tst_32x64_64x16_4x1_v_bz_TNN         0.00%       0.000us         0.00%       0.000us       0.000us     415.516us         0.01%     415.516us       6.595us            63  
void at::native::unrolled_elementwise_kernel<at::nat...         0.00%       0.000us         0.00%       0.000us       0.000us     321.373us         0.01%     321.373us       1.700us           189  
void at::native::unrolled_elementwise_kernel<at::nat...         0.00%       0.000us         0.00%       0.000us       0.000us     250.246us         0.00%     250.246us       3.972us            63  
void at::native::index_elementwise_kernel<128, 4, at...         0.00%       0.000us         0.00%       0.000us       0.000us     210.658us         0.00%     210.658us       3.344us            63  
void at::native::(anonymous namespace)::indexSelectS...         0.00%       0.000us         0.00%       0.000us       0.000us     196.702us         0.00%     196.702us       3.122us            63  
void at::native::elementwise_kernel<128, 4, at::nati...         0.00%       0.000us         0.00%       0.000us       0.000us     195.996us         0.00%     195.996us       3.111us            63  
                    create_flashinfer_kv_indices_triton         0.00%       0.000us         0.00%       0.000us       0.000us     188.702us         0.00%     188.702us       2.995us            63  
void at::native::elementwise_kernel<128, 4, at::nati...         0.00%       0.000us         0.00%       0.000us       0.000us     185.028us         0.00%     185.028us       2.937us            63  
kernel_cutlass_kernel_flashinfernormkernelsrmsnormRM...         0.00%       0.000us         0.00%       0.000us       0.000us     161.348us         0.00%     161.348us       2.561us            63  
void at::native::elementwise_kernel<128, 4, at::nati...         0.00%       0.000us         0.00%       0.000us       0.000us     142.115us         0.00%     142.115us       2.256us            63  
void at::native::(anonymous namespace)::multi_tensor...         0.00%       0.000us         0.00%       0.000us       0.000us     121.055us         0.00%     121.055us       1.922us            63  
                         Memcpy DtoD (Device -> Device)         0.00%       0.000us         0.00%       0.000us       0.000us     110.530us         0.00%     110.530us       1.754us            63  
void at_cuda_detail::cub::detail::scan::DeviceScanKe...         0.00%       0.000us         0.00%       0.000us       0.000us     110.043us         0.00%     110.043us       1.747us            63  
triton_poi_fused_add_bitwise_and_bitwise_not_bitwise...         0.00%       0.000us         0.00%       0.000us       0.000us     106.621us         0.00%     106.621us       1.692us            63  
void (anonymous namespace)::clamp_position_kernel<lo...         0.00%       0.000us         0.00%       0.000us       0.000us      99.678us         0.00%      99.678us       1.582us            63  
void at::native::vectorized_elementwise_kernel<2, at...         0.00%       0.000us         0.00%       0.000us       0.000us      99.490us         0.00%      99.490us       1.579us            63  
void at::native::vectorized_elementwise_kernel<4, at...         0.00%       0.000us         0.00%       0.000us       0.000us      94.592us         0.00%      94.592us       1.501us            63  
void at::native::vectorized_elementwise_kernel<4, at...         0.00%       0.000us         0.00%       0.000us       0.000us      79.322us         0.00%      79.322us       1.259us            63  
void at_cuda_detail::cub::detail::scan::DeviceScanIn...         0.00%       0.000us         0.00%       0.000us       0.000us      77.022us         0.00%      77.022us       1.223us            63  
void at::native::index_elementwise_kernel<128, 4, at...         0.00%       0.000us         0.00%       0.000us       0.000us      22.528us         0.00%      22.528us       2.253us            10  
void at::native::index_elementwise_kernel<128, 4, at...         0.00%       0.000us         0.00%       0.000us       0.000us      21.122us         0.00%      21.122us       2.640us             8  
                       Memcpy HtoD (Pageable -> Device)         0.00%       0.000us         0.00%       0.000us       0.000us       3.552us         0.00%       3.552us       1.776us             2  
                                        cudaMemcpyAsync         1.19%       5.803ms         1.56%       7.578ms      23.754us       0.000us         0.00%       0.000us       0.000us           319  
                                Activity Buffer Request         2.18%      10.606ms         2.21%      10.763ms       1.794ms       0.000us         0.00%       0.000us       0.000us             6  
                                       cudaLaunchKernel        11.98%      58.298ms        11.98%      58.298ms       6.326us       0.000us         0.00%       0.000us       0.000us          9216  
                                    cudaLaunchKernelExC        24.95%     121.423ms        25.32%     123.239ms       6.056us       0.000us         0.00%       0.000us       0.000us         20349  
                                    cudaPeekAtLastError         0.01%      28.885us         0.01%      28.885us       0.115us       0.000us         0.00%       0.000us       0.000us           252  
cudaOccupancyMaxActiveBlocksPerMultiprocessorWithFla...         0.03%     150.624us         0.03%     150.624us       2.391us       0.000us         0.00%       0.000us       0.000us            63  
                                 cudaDeviceGetAttribute         0.35%       1.691ms         0.35%       1.691ms       0.926us       0.000us         0.00%       0.000us       0.000us          1827  
                                       cuLaunchKernelEx        21.85%     106.327ms        21.85%     106.327ms       5.683us       0.000us         0.00%       0.000us       0.000us         18711  
                                  cudaStreamIsCapturing         0.03%     123.386us         0.03%     123.386us       0.633us       0.000us         0.00%       0.000us       0.000us           195  
                                  cudaStreamSynchronize         0.15%     713.524us         0.15%     713.524us       3.736us       0.000us         0.00%       0.000us       0.000us           191  
                                         cuLaunchKernel         7.65%      37.241ms         7.65%      37.241ms       5.630us       0.000us         0.00%       0.000us       0.000us          6615  
                                   cudaFuncSetAttribute         0.99%       4.834ms         0.99%       4.834ms       2.842us       0.000us         0.00%       0.000us       0.000us          1701  
                            cudaLaunchCooperativeKernel         2.77%      13.500ms         2.77%      13.500ms       7.937us       0.000us         0.00%       0.000us       0.000us          1701  
                                  cudaDeviceSynchronize        25.76%     125.342ms        25.76%     125.342ms     994.780us       0.000us         0.00%       0.000us       0.000us           126  
                               cudaEventRecordWithFlags         0.00%       6.793us         0.00%       6.793us       3.397us       0.000us         0.00%       0.000us       0.000us             2  
                                           Buffer Flush         0.12%     561.776us         0.12%     561.776us     140.444us       0.000us         0.00%       0.000us       0.000us             4  
                                         cudaEventQuery         0.00%       6.223us         0.00%       6.223us       6.223us       0.000us         0.00%       0.000us       0.000us             1  
-------------------------------------------------------  ------------  ------------  ------------  ------------  ------------  ------------  ------------  ------------  ------------  ------------  
Self CPU time total: 486.657ms
Self CUDA time total: 5.034s
max_total_num_tokens=5038524
Warmup is enabled separately for every workload point.
Benchmark ...
Warmup workload: batch_size=8, input_len=512, output_len=32
Prefill. latency: 3.91696 s, throughput:   1045.71 token/s
Decode 0. Batch size: 8, latency: 0.19707 s, throughput:     40.59 token/s
Decode 1. Batch size: 8, latency: 0.05081 s, throughput:    157.44 token/s
Decode 2. Batch size: 8, latency: 0.04970 s, throughput:    160.98 token/s
Decode 3. Batch size: 8, latency: 0.05214 s, throughput:    153.43 token/s
Decode 4. Batch size: 8, latency: 0.05298 s, throughput:    151.00 token/s
Decode.  median latency: 0.05035 s, median throughput:     60.06 token/s
Total. latency:  5.727 s, throughput:    743.08 token/s
Prefill. latency: 0.05322 s, throughput:  76957.75 token/s
Decode 0. Batch size: 8, latency: 0.06772 s, throughput:    118.13 token/s
Decode 1. Batch size: 8, latency: 0.06106 s, throughput:    131.03 token/s
Decode 2. Batch size: 8, latency: 0.06019 s, throughput:    132.92 token/s
Decode 3. Batch size: 8, latency: 0.06008 s, throughput:    133.15 token/s
Decode 4. Batch size: 8, latency: 0.06650 s, throughput:    120.29 token/s
-------------------------------------------------------  ------------  ------------  ------------  ------------  ------------  ------------  ------------  ------------  ------------  ------------  
                                                   Name    Self CPU %      Self CPU   CPU total %     CPU total  CPU time avg     Self CUDA   Self CUDA %    CUDA total  CUDA time avg    # of Calls  
-------------------------------------------------------  ------------  ------------  ------------  ------------  ------------  ------------  ------------  ------------  ------------  ------------  
void (anonymous namespace)::all_reduce_one_shot_push...         0.00%       0.000us         0.00%       0.000us       0.000us        1.963s        50.42%        1.963s     566.650us          3465  
kernel_cutlass_kernel_flashinfernormkernelsfused_add...         0.00%       0.000us         0.00%       0.000us       0.000us        1.723s        44.25%        1.723s     506.559us          3402  
                                       fused_moe_kernel         0.00%       0.000us         0.00%       0.000us       0.000us      34.479ms         0.89%      34.479ms      10.525us          3276  
void flashinfer::mla::BatchMLAPagedAttentionKernel<f...         0.00%       0.000us         0.00%       0.000us       0.000us      26.833ms         0.69%      26.833ms      15.775us          1701  
        nvjet_sm100_tst_32x64_64x16_4x1_v_bz_splitK_TNN         0.00%       0.000us         0.00%       0.000us       0.000us      20.698ms         0.53%      20.698ms       4.107us          5040  
                               _all_gather_kernel_inner         0.00%       0.000us         0.00%       0.000us       0.000us      15.717ms         0.40%      15.717ms     249.474us            63  
void cublasLt::splitKreduce_kernel<32, 16, int, floa...         0.00%       0.000us         0.00%       0.000us       0.000us      15.129ms         0.39%      15.129ms       3.002us          5040  
void at::native::sbtopk::gatherTopK<float, unsigned ...         0.00%       0.000us         0.00%       0.000us       0.000us      13.307ms         0.34%      13.307ms       4.062us          3276  
               nvjet_sm100_tst_16x64_64x16_4x1_v_bz_TNN         0.00%       0.000us         0.00%       0.000us       0.000us      12.038ms         0.31%      12.038ms       3.539us          3402  
                nvjet_sm100_tst_8x64_64x16_4x1_v_bz_TNN         0.00%       0.000us         0.00%       0.000us       0.000us      10.177ms         0.26%      10.177ms       2.991us          3402  
void (anonymous namespace)::act_and_mul_kernel<__nv_...         0.00%       0.000us         0.00%       0.000us       0.000us       9.198ms         0.24%       9.198ms       2.808us          3276  
        nvjet_sm100_tss_32x64_64x16_2x1_v_bz_splitK_TNN         0.00%       0.000us         0.00%       0.000us       0.000us       6.854ms         0.18%       6.854ms       4.184us          1638  
void moe_align_block_size_kernel<int>(int const*, in...         0.00%       0.000us         0.00%       0.000us       0.000us       4.818ms         0.12%       4.818ms       2.942us          1638  
void cublasLt::splitKreduce_kernel<32, 16, int, floa...         0.00%       0.000us         0.00%       0.000us       0.000us       4.043ms         0.10%       4.043ms       2.468us          1638  
triton_red_fused__softmax_exp_max_prepare_softmax_on...         0.00%       0.000us         0.00%       0.000us       0.000us       4.020ms         0.10%       4.020ms       2.454us          1638  
kernel_cutlass_kernel_flashinfernormkernelsrmsnormRM...         0.00%       0.000us         0.00%       0.000us       0.000us       3.884ms         0.10%       3.884ms       2.284us          1701  
void (anonymous namespace)::fused_rope_kernel<false,...         0.00%       0.000us         0.00%       0.000us       0.000us       3.397ms         0.09%       3.397ms       1.997us          1701  
triton_poi_fused__softmax__to_copy_arange_bitwise_no...         0.00%       0.000us         0.00%       0.000us       0.000us       3.167ms         0.08%       3.167ms       1.933us          1638  
                       triton_poi_fused_copy__mul_sum_0         0.00%       0.000us         0.00%       0.000us       0.000us       2.717ms         0.07%       2.717ms       1.659us          1638  
                            triton_poi_fused__to_copy_2         0.00%       0.000us         0.00%       0.000us       0.000us       2.624ms         0.07%       2.624ms       1.602us          1638  
void count_and_sort_expert_tokens_kernel<int>(int co...         0.00%       0.000us         0.00%       0.000us       0.000us       2.616ms         0.07%       2.616ms       1.597us          1638  
                               set_mla_kv_buffer_kernel         0.00%       0.000us         0.00%       0.000us       0.000us       2.550ms         0.07%       2.550ms       1.499us          1701  
void at::native::vectorized_elementwise_kernel<8, at...         0.00%       0.000us         0.00%       0.000us       0.000us       2.475ms         0.06%       2.475ms       1.511us          1638  
void at::native::reduce_kernel<512, 1, at::native::R...         0.00%       0.000us         0.00%       0.000us       0.000us       1.513ms         0.04%       1.513ms      24.014us            63  
                         Memcpy HtoD (Pinned -> Device)         0.00%       0.000us         0.00%       0.000us       0.000us     897.369us         0.02%     897.369us      13.806us            65  
               nvjet_sm100_tst_128x8_64x12_4x1_v_bz_TNT         0.00%       0.000us         0.00%       0.000us       0.000us     685.600us         0.02%     685.600us      10.883us            63  
                       Memcpy DtoH (Device -> Pageable)         0.00%       0.000us         0.00%       0.000us       0.000us     599.646us         0.02%     599.646us       3.173us           189  
               nvjet_sm100_tst_32x64_64x16_4x1_v_bz_TNN         0.00%       0.000us         0.00%       0.000us       0.000us     419.644us         0.01%     419.644us       6.661us            63  
void at::native::unrolled_elementwise_kernel<at::nat...         0.00%       0.000us         0.00%       0.000us       0.000us     314.428us         0.01%     314.428us       1.664us           189  
void at::native::unrolled_elementwise_kernel<at::nat...         0.00%       0.000us         0.00%       0.000us       0.000us     250.372us         0.01%     250.372us       3.974us            63  
void at::native::(anonymous namespace)::indexSelectS...         0.00%       0.000us         0.00%       0.000us       0.000us     239.520us         0.01%     239.520us       3.802us            63  
void at::native::index_elementwise_kernel<128, 4, at...         0.00%       0.000us         0.00%       0.000us       0.000us     206.401us         0.01%     206.401us       3.276us            63  
void at::native::elementwise_kernel<128, 4, at::nati...         0.00%       0.000us         0.00%       0.000us       0.000us     194.142us         0.00%     194.142us       3.082us            63  
                    create_flashinfer_kv_indices_triton         0.00%       0.000us         0.00%       0.000us       0.000us     190.014us         0.00%     190.014us       3.016us            63  
void at::native::elementwise_kernel<128, 4, at::nati...         0.00%       0.000us         0.00%       0.000us       0.000us     188.318us         0.00%     188.318us       2.989us            63  
kernel_cutlass_kernel_flashinfernormkernelsrmsnormRM...         0.00%       0.000us         0.00%       0.000us       0.000us     170.113us         0.00%     170.113us       2.700us            63  
void at::native::elementwise_kernel<128, 4, at::nati...         0.00%       0.000us         0.00%       0.000us       0.000us     169.313us         0.00%     169.313us       2.688us            63  
void at::native::(anonymous namespace)::multi_tensor...         0.00%       0.000us         0.00%       0.000us       0.000us     124.414us         0.00%     124.414us       1.975us            63  
                         Memcpy DtoD (Device -> Device)         0.00%       0.000us         0.00%       0.000us       0.000us     110.403us         0.00%     110.403us       1.752us            63  
void at_cuda_detail::cub::detail::scan::DeviceScanKe...         0.00%       0.000us         0.00%       0.000us       0.000us     109.948us         0.00%     109.948us       1.745us            63  
void (anonymous namespace)::clamp_position_kernel<lo...         0.00%       0.000us         0.00%       0.000us       0.000us      99.137us         0.00%      99.137us       1.574us            63  
void at::native::vectorized_elementwise_kernel<2, at...         0.00%       0.000us         0.00%       0.000us       0.000us      98.086us         0.00%      98.086us       1.557us            63  
void at::native::vectorized_elementwise_kernel<4, at...         0.00%       0.000us         0.00%       0.000us       0.000us      96.293us         0.00%      96.293us       1.528us            63  
triton_poi_fused_add_bitwise_and_bitwise_not_bitwise...         0.00%       0.000us         0.00%       0.000us       0.000us      95.393us         0.00%      95.393us       1.514us            63  
void at::native::vectorized_elementwise_kernel<4, at...         0.00%       0.000us         0.00%       0.000us       0.000us      80.702us         0.00%      80.702us       1.281us            63  
void at_cuda_detail::cub::detail::scan::DeviceScanIn...         0.00%       0.000us         0.00%       0.000us       0.000us      77.984us         0.00%      77.984us       1.238us            63  
void at::native::index_elementwise_kernel<128, 4, at...         0.00%       0.000us         0.00%       0.000us       0.000us      22.944us         0.00%      22.944us       2.294us            10  
void at::native::index_elementwise_kernel<128, 4, at...         0.00%       0.000us         0.00%       0.000us       0.000us      21.343us         0.00%      21.343us       2.668us             8  
                       Memcpy HtoD (Pageable -> Device)         0.00%       0.000us         0.00%       0.000us       0.000us       3.616us         0.00%       3.616us       1.808us             2  
                                        cudaMemcpyAsync         1.25%       5.849ms         1.62%       7.597ms      23.816us       0.000us         0.00%       0.000us       0.000us           319  
                                Activity Buffer Request         2.51%      11.770ms         2.58%      12.063ms       2.011ms       0.000us         0.00%       0.000us       0.000us             6  
                                       cudaLaunchKernel        13.15%      61.544ms        13.15%      61.544ms       6.678us       0.000us         0.00%       0.000us       0.000us          9216  
                                    cudaLaunchKernelExC        27.53%     128.876ms        27.90%     130.636ms       6.420us       0.000us         0.00%       0.000us       0.000us         20349  
                                    cudaPeekAtLastError         0.01%      30.943us         0.01%      30.943us       0.123us       0.000us         0.00%       0.000us       0.000us           252  
cudaOccupancyMaxActiveBlocksPerMultiprocessorWithFla...         0.03%     142.733us         0.03%     142.733us       2.266us       0.000us         0.00%       0.000us       0.000us            63  
                                 cudaDeviceGetAttribute         0.33%       1.541ms         0.33%       1.541ms       0.843us       0.000us         0.00%       0.000us       0.000us          1827  
                                       cuLaunchKernelEx        23.89%     111.835ms        23.89%     111.835ms       5.977us       0.000us         0.00%       0.000us       0.000us         18711  
                                  cudaStreamIsCapturing         0.03%     121.824us         0.03%     121.824us       0.625us       0.000us         0.00%       0.000us       0.000us           195  
                                  cudaStreamSynchronize         0.16%     727.098us         0.16%     727.098us       3.807us       0.000us         0.00%       0.000us       0.000us           191  
                                         cuLaunchKernel         8.27%      38.708ms         8.27%      38.708ms       5.852us       0.000us         0.00%       0.000us       0.000us          6615  
                                   cudaFuncSetAttribute         1.04%       4.861ms         1.04%       4.861ms       2.858us       0.000us         0.00%       0.000us       0.000us          1701  
                            cudaLaunchCooperativeKernel         2.97%      13.892ms         2.97%      13.892ms       8.167us       0.000us         0.00%       0.000us       0.000us          1701  
                                  cudaDeviceSynchronize        18.73%      87.698ms        18.73%      87.698ms     696.016us       0.000us         0.00%       0.000us       0.000us           126  
                               cudaEventRecordWithFlags         0.00%       8.492us         0.00%       8.492us       4.246us       0.000us         0.00%       0.000us       0.000us             2  
                                           Buffer Flush         0.12%     554.914us         0.12%     554.914us     138.728us       0.000us         0.00%       0.000us       0.000us             4  
                                         cudaEventQuery         0.00%       5.614us         0.00%       5.614us       5.614us       0.000us         0.00%       0.000us       0.000us             1  
-------------------------------------------------------  ------------  ------------  ------------  ------------  ------------  ------------  ------------  ------------  ------------  ------------  
Self CPU time total: 468.165ms
Self CUDA time total: 3.894s
-------------------------------------------------------  ------------  ------------  ------------  ------------  ------------  ------------  ------------  ------------  ------------  ------------  
                                                   Name    Self CPU %      Self CPU   CPU total %     CPU total  CPU time avg     Self CUDA   Self CUDA %    CUDA total  CUDA time avg    # of Calls  
-------------------------------------------------------  ------------  ------------  ------------  ------------  ------------  ------------  ------------  ------------  ------------  ------------  
void (anonymous namespace)::all_reduce_one_shot_push...         0.00%       0.000us         0.00%       0.000us       0.000us        2.959s        49.64%        2.959s     854.074us          3465  
kernel_cutlass_kernel_flashinfernormkernelsfused_add...         0.00%       0.000us         0.00%       0.000us       0.000us        2.784s        46.69%        2.784s     818.311us          3402  
                                       fused_moe_kernel         0.00%       0.000us         0.00%       0.000us       0.000us      34.907ms         0.59%      34.907ms      10.655us          3276  
void flashinfer::mla::BatchMLAPagedAttentionKernel<f...         0.00%       0.000us         0.00%       0.000us       0.000us      25.887ms         0.43%      25.887ms      15.219us          1701  
        nvjet_sm100_tst_32x64_64x16_4x1_v_bz_splitK_TNN         0.00%       0.000us         0.00%       0.000us       0.000us      21.224ms         0.36%      21.224ms       4.211us          5040  
                               _all_gather_kernel_inner         0.00%       0.000us         0.00%       0.000us       0.000us      19.361ms         0.32%      19.361ms     307.319us            63  
void cublasLt::splitKreduce_kernel<32, 16, int, floa...         0.00%       0.000us         0.00%       0.000us       0.000us      17.043ms         0.29%      17.043ms       3.382us          5040  
void at::native::sbtopk::gatherTopK<float, unsigned ...         0.00%       0.000us         0.00%       0.000us       0.000us      13.851ms         0.23%      13.851ms       4.228us          3276  
               nvjet_sm100_tst_16x64_64x16_4x1_v_bz_TNN         0.00%       0.000us         0.00%       0.000us       0.000us      12.129ms         0.20%      12.129ms       3.565us          3402  
                nvjet_sm100_tst_8x64_64x16_4x1_v_bz_TNN         0.00%       0.000us         0.00%       0.000us       0.000us      10.365ms         0.17%      10.365ms       3.047us          3402  
void (anonymous namespace)::act_and_mul_kernel<__nv_...         0.00%       0.000us         0.00%       0.000us       0.000us       9.919ms         0.17%       9.919ms       3.028us          3276  
        nvjet_sm100_tss_32x64_64x16_2x1_v_bz_splitK_TNN         0.00%       0.000us         0.00%       0.000us       0.000us       7.403ms         0.12%       7.403ms       4.520us          1638  
void moe_align_block_size_kernel<int>(int const*, in...         0.00%       0.000us         0.00%       0.000us       0.000us       5.108ms         0.09%       5.108ms       3.119us          1638  
kernel_cutlass_kernel_flashinfernormkernelsrmsnormRM...         0.00%       0.000us         0.00%       0.000us       0.000us       4.558ms         0.08%       4.558ms       2.680us          1701  
void cublasLt::splitKreduce_kernel<32, 16, int, floa...         0.00%       0.000us         0.00%       0.000us       0.000us       4.505ms         0.08%       4.505ms       2.750us          1638  
triton_red_fused__softmax_exp_max_prepare_softmax_on...         0.00%       0.000us         0.00%       0.000us       0.000us       4.397ms         0.07%       4.397ms       2.684us          1638  
void (anonymous namespace)::fused_rope_kernel<false,...         0.00%       0.000us         0.00%       0.000us       0.000us       3.911ms         0.07%       3.911ms       2.299us          1701  
                               set_mla_kv_buffer_kernel         0.00%       0.000us         0.00%       0.000us       0.000us       2.960ms         0.05%       2.960ms       1.740us          1701  
void count_and_sort_expert_tokens_kernel<int>(int co...         0.00%       0.000us         0.00%       0.000us       0.000us       2.939ms         0.05%       2.939ms       1.794us          1638  
                            triton_poi_fused__to_copy_2         0.00%       0.000us         0.00%       0.000us       0.000us       2.841ms         0.05%       2.841ms       1.734us          1638  
void at::native::vectorized_elementwise_kernel<8, at...         0.00%       0.000us         0.00%       0.000us       0.000us       2.806ms         0.05%       2.806ms       1.713us          1638  
                       triton_poi_fused_copy__mul_sum_0         0.00%       0.000us         0.00%       0.000us       0.000us       2.785ms         0.05%       2.785ms       1.700us          1638  
triton_poi_fused__softmax__to_copy_arange_bitwise_no...         0.00%       0.000us         0.00%       0.000us       0.000us       2.710ms         0.05%       2.710ms       1.654us          1638  
void at::native::reduce_kernel<512, 1, at::native::R...         0.00%       0.000us         0.00%       0.000us       0.000us       1.499ms         0.03%       1.499ms      23.796us            63  
                         Memcpy HtoD (Pinned -> Device)         0.00%       0.000us         0.00%       0.000us       0.000us     886.010us         0.01%     886.010us      13.631us            65  
               nvjet_sm100_tst_128x8_64x12_4x1_v_bz_TNT         0.00%       0.000us         0.00%       0.000us       0.000us     718.455us         0.01%     718.455us      11.404us            63  
                       Memcpy DtoH (Device -> Pageable)         0.00%       0.000us         0.00%       0.000us       0.000us     588.988us         0.01%     588.988us       3.116us           189  
               nvjet_sm100_tst_32x64_64x16_4x1_v_bz_TNN         0.00%       0.000us         0.00%       0.000us       0.000us     426.396us         0.01%     426.396us       6.768us            63  
void at::native::unrolled_elementwise_kernel<at::nat...         0.00%       0.000us         0.00%       0.000us       0.000us     359.294us         0.01%     359.294us       1.901us           189  
void at::native::unrolled_elementwise_kernel<at::nat...         0.00%       0.000us         0.00%       0.000us       0.000us     251.232us         0.00%     251.232us       3.988us            63  
void at::native::elementwise_kernel<128, 4, at::nati...         0.00%       0.000us         0.00%       0.000us       0.000us     223.745us         0.00%     223.745us       3.552us            63  
void at::native::index_elementwise_kernel<128, 4, at...         0.00%       0.000us         0.00%       0.000us       0.000us     214.042us         0.00%     214.042us       3.397us            63  
void at::native::(anonymous namespace)::indexSelectS...         0.00%       0.000us         0.00%       0.000us       0.000us     200.507us         0.00%     200.507us       3.183us            63  
void at::native::elementwise_kernel<128, 4, at::nati...         0.00%       0.000us         0.00%       0.000us       0.000us     198.690us         0.00%     198.690us       3.154us            63  
                    create_flashinfer_kv_indices_triton         0.00%       0.000us         0.00%       0.000us       0.000us     183.263us         0.00%     183.263us       2.909us            63  
kernel_cutlass_kernel_flashinfernormkernelsrmsnormRM...         0.00%       0.000us         0.00%       0.000us       0.000us     181.758us         0.00%     181.758us       2.885us            63  
void at::native::elementwise_kernel<128, 4, at::nati...         0.00%       0.000us         0.00%       0.000us       0.000us     144.036us         0.00%     144.036us       2.286us            63  
void at_cuda_detail::cub::detail::scan::DeviceScanKe...         0.00%       0.000us         0.00%       0.000us       0.000us     125.727us         0.00%     125.727us       1.996us            63  
void at::native::(anonymous namespace)::multi_tensor...         0.00%       0.000us         0.00%       0.000us       0.000us     125.564us         0.00%     125.564us       1.993us            63  
void at::native::vectorized_elementwise_kernel<4, at...         0.00%       0.000us         0.00%       0.000us       0.000us     121.665us         0.00%     121.665us       1.931us            63  
triton_poi_fused_add_bitwise_and_bitwise_not_bitwise...         0.00%       0.000us         0.00%       0.000us       0.000us     108.000us         0.00%     108.000us       1.714us            63  
                         Memcpy DtoD (Device -> Device)         0.00%       0.000us         0.00%       0.000us       0.000us     104.127us         0.00%     104.127us       1.653us            63  
void at::native::vectorized_elementwise_kernel<2, at...         0.00%       0.000us         0.00%       0.000us       0.000us     104.032us         0.00%     104.032us       1.651us            63  
void (anonymous namespace)::clamp_position_kernel<lo...         0.00%       0.000us         0.00%       0.000us       0.000us      95.998us         0.00%      95.998us       1.524us            63  
void at_cuda_detail::cub::detail::scan::DeviceScanIn...         0.00%       0.000us         0.00%       0.000us       0.000us      92.001us         0.00%      92.001us       1.460us            63  
void at::native::vectorized_elementwise_kernel<4, at...         0.00%       0.000us         0.00%       0.000us       0.000us      89.601us         0.00%      89.601us       1.422us            63  
void at::native::index_elementwise_kernel<128, 4, at...         0.00%       0.000us         0.00%       0.000us       0.000us      25.375us         0.00%      25.375us       2.538us            10  
void at::native::index_elementwise_kernel<128, 4, at...         0.00%       0.000us         0.00%       0.000us       0.000us      18.177us         0.00%      18.177us       2.272us             8  
                       Memcpy HtoD (Pageable -> Device)         0.00%       0.000us         0.00%       0.000us       0.000us       3.264us         0.00%       3.264us       1.632us             2  
                                        cudaMemcpyAsync         1.06%       5.603ms         1.39%       7.357ms      23.063us       0.000us         0.00%       0.000us       0.000us           319  
                                Activity Buffer Request         1.77%       9.385ms         1.77%       9.406ms       1.568ms       0.000us         0.00%       0.000us       0.000us             6  
                                       cudaLaunchKernel        10.65%      56.525ms        10.65%      56.525ms       6.133us       0.000us         0.00%       0.000us       0.000us          9216  
                                    cudaLaunchKernelExC        22.05%     116.986ms        22.40%     118.830ms       5.840us       0.000us         0.00%       0.000us       0.000us         20349  
                                    cudaPeekAtLastError         0.01%      29.722us         0.01%      29.722us       0.118us       0.000us         0.00%       0.000us       0.000us           252  
cudaOccupancyMaxActiveBlocksPerMultiprocessorWithFla...         0.03%     150.595us         0.03%     150.595us       2.390us       0.000us         0.00%       0.000us       0.000us            63  
                                 cudaDeviceGetAttribute         0.32%       1.712ms         0.32%       1.712ms       0.937us       0.000us         0.00%       0.000us       0.000us          1827  
                                       cuLaunchKernelEx        19.24%     102.080ms        19.24%     102.080ms       5.456us       0.000us         0.00%       0.000us       0.000us         18711  
                                  cudaStreamIsCapturing         0.02%     117.432us         0.02%     117.432us       0.602us       0.000us         0.00%       0.000us       0.000us           195  
                                  cudaStreamSynchronize         0.13%     709.175us         0.13%     709.175us       3.713us       0.000us         0.00%       0.000us       0.000us           191  
                                         cuLaunchKernel         6.52%      34.593ms         6.52%      34.593ms       5.229us       0.000us         0.00%       0.000us       0.000us          6615  
                                   cudaFuncSetAttribute         0.94%       4.996ms         0.94%       4.996ms       2.937us       0.000us         0.00%       0.000us       0.000us          1701  
                            cudaLaunchCooperativeKernel         2.44%      12.941ms         2.44%      12.941ms       7.608us       0.000us         0.00%       0.000us       0.000us          1701  
                                  cudaDeviceSynchronize        34.73%     184.260ms        34.73%     184.260ms       1.462ms       0.000us         0.00%       0.000us       0.000us           126  
                               cudaEventRecordWithFlags         0.00%       9.685us         0.00%       9.685us       4.842us       0.000us         0.00%       0.000us       0.000us             2  
                                           Buffer Flush         0.08%     408.989us         0.08%     408.989us     102.247us       0.000us         0.00%       0.000us       0.000us             4  
                                         cudaEventQuery         0.00%       4.698us         0.00%       4.698us       4.698us       0.000us         0.00%       0.000us       0.000us             1  
-------------------------------------------------------  ------------  ------------  ------------  ------------  ------------  ------------  ------------  ------------  ------------  ------------  
Self CPU time total: 530.512ms
Self CUDA time total: 5.962s
-------------------------------------------------------  ------------  ------------  ------------  ------------  ------------  ------------  ------------  ------------  ------------  ------------  
                                                   Name    Self CPU %      Self CPU   CPU total %     CPU total  CPU time avg     Self CUDA   Self CUDA %    CUDA total  CUDA time avg    # of Calls  
-------------------------------------------------------  ------------  ------------  ------------  ------------  ------------  ------------  ------------  ------------  ------------  ------------  
void (anonymous namespace)::all_reduce_one_shot_push...         0.00%       0.000us         0.00%       0.000us       0.000us        2.465s        49.89%        2.465s     711.378us          3465  
kernel_cutlass_kernel_flashinfernormkernelsfused_add...         0.00%       0.000us         0.00%       0.000us       0.000us        2.258s        45.70%        2.258s     663.710us          3402  
                                       fused_moe_kernel         0.00%       0.000us         0.00%       0.000us       0.000us      34.886ms         0.71%      34.886ms      10.649us          3276  
void flashinfer::mla::BatchMLAPagedAttentionKernel<f...         0.00%       0.000us         0.00%       0.000us       0.000us      25.924ms         0.52%      25.924ms      15.240us          1701  
        nvjet_sm100_tst_32x64_64x16_4x1_v_bz_splitK_TNN         0.00%       0.000us         0.00%       0.000us       0.000us      20.919ms         0.42%      20.919ms       4.151us          5040  
                               _all_gather_kernel_inner         0.00%       0.000us         0.00%       0.000us       0.000us      18.356ms         0.37%      18.356ms     291.357us            63  
void cublasLt::splitKreduce_kernel<32, 16, int, floa...         0.00%       0.000us         0.00%       0.000us       0.000us      16.064ms         0.33%      16.064ms       3.187us          5040  
void at::native::sbtopk::gatherTopK<float, unsigned ...         0.00%       0.000us         0.00%       0.000us       0.000us      13.918ms         0.28%      13.918ms       4.248us          3276  
               nvjet_sm100_tst_16x64_64x16_4x1_v_bz_TNN         0.00%       0.000us         0.00%       0.000us       0.000us      11.858ms         0.24%      11.858ms       3.486us          3402  
                nvjet_sm100_tst_8x64_64x16_4x1_v_bz_TNN         0.00%       0.000us         0.00%       0.000us       0.000us      10.274ms         0.21%      10.274ms       3.020us          3402  
void (anonymous namespace)::act_and_mul_kernel<__nv_...         0.00%       0.000us         0.00%       0.000us       0.000us       9.933ms         0.20%       9.933ms       3.032us          3276  
        nvjet_sm100_tss_32x64_64x16_2x1_v_bz_splitK_TNN         0.00%       0.000us         0.00%       0.000us       0.000us       7.243ms         0.15%       7.243ms       4.422us          1638  
void moe_align_block_size_kernel<int>(int const*, in...         0.00%       0.000us         0.00%       0.000us       0.000us       5.178ms         0.10%       5.178ms       3.161us          1638  
void cublasLt::splitKreduce_kernel<32, 16, int, floa...         0.00%       0.000us         0.00%       0.000us       0.000us       4.635ms         0.09%       4.635ms       2.830us          1638  
triton_red_fused__softmax_exp_max_prepare_softmax_on...         0.00%       0.000us         0.00%       0.000us       0.000us       4.415ms         0.09%       4.415ms       2.696us          1638  
triton_poi_fused__softmax__to_copy_arange_bitwise_no...         0.00%       0.000us         0.00%       0.000us       0.000us       4.268ms         0.09%       4.268ms       2.606us          1638  
kernel_cutlass_kernel_flashinfernormkernelsrmsnormRM...         0.00%       0.000us         0.00%       0.000us       0.000us       4.188ms         0.08%       4.188ms       2.462us          1701  
void (anonymous namespace)::fused_rope_kernel<false,...         0.00%       0.000us         0.00%       0.000us       0.000us       3.870ms         0.08%       3.870ms       2.275us          1701  
void count_and_sort_expert_tokens_kernel<int>(int co...         0.00%       0.000us         0.00%       0.000us       0.000us       3.033ms         0.06%       3.033ms       1.852us          1638  
                               set_mla_kv_buffer_kernel         0.00%       0.000us         0.00%       0.000us       0.000us       3.033ms         0.06%       3.033ms       1.783us          1701  
void at::native::vectorized_elementwise_kernel<8, at...         0.00%       0.000us         0.00%       0.000us       0.000us       2.957ms         0.06%       2.957ms       1.805us          1638  
                            triton_poi_fused__to_copy_2         0.00%       0.000us         0.00%       0.000us       0.000us       2.926ms         0.06%       2.926ms       1.786us          1638  
                       triton_poi_fused_copy__mul_sum_0         0.00%       0.000us         0.00%       0.000us       0.000us       2.773ms         0.06%       2.773ms       1.693us          1638  
void at::native::reduce_kernel<512, 1, at::native::R...         0.00%       0.000us         0.00%       0.000us       0.000us       1.508ms         0.03%       1.508ms      23.940us            63  
                         Memcpy HtoD (Pinned -> Device)         0.00%       0.000us         0.00%       0.000us       0.000us     901.564us         0.02%     901.564us      13.870us            65  
               nvjet_sm100_tst_128x8_64x12_4x1_v_bz_TNT         0.00%       0.000us         0.00%       0.000us       0.000us     693.054us         0.01%     693.054us      11.001us            63  
                       Memcpy DtoH (Device -> Pageable)         0.00%       0.000us         0.00%       0.000us       0.000us     584.549us         0.01%     584.549us       3.093us           189  
               nvjet_sm100_tst_32x64_64x16_4x1_v_bz_TNN         0.00%       0.000us         0.00%       0.000us       0.000us     400.003us         0.01%     400.003us       6.349us            63  
void at::native::unrolled_elementwise_kernel<at::nat...         0.00%       0.000us         0.00%       0.000us       0.000us     373.220us         0.01%     373.220us       1.975us           189  
void at::native::unrolled_elementwise_kernel<at::nat...         0.00%       0.000us         0.00%       0.000us       0.000us     249.408us         0.01%     249.408us       3.959us            63  
void at::native::elementwise_kernel<128, 4, at::nati...         0.00%       0.000us         0.00%       0.000us       0.000us     216.832us         0.00%     216.832us       3.442us            63  
void at::native::index_elementwise_kernel<128, 4, at...         0.00%       0.000us         0.00%       0.000us       0.000us     216.737us         0.00%     216.737us       3.440us            63  
void at::native::elementwise_kernel<128, 4, at::nati...         0.00%       0.000us         0.00%       0.000us       0.000us     203.490us         0.00%     203.490us       3.230us            63  
void at::native::(anonymous namespace)::indexSelectS...         0.00%       0.000us         0.00%       0.000us       0.000us     200.349us         0.00%     200.349us       3.180us            63  
                    create_flashinfer_kv_indices_triton         0.00%       0.000us         0.00%       0.000us       0.000us     186.239us         0.00%     186.239us       2.956us            63  
kernel_cutlass_kernel_flashinfernormkernelsrmsnormRM...         0.00%       0.000us         0.00%       0.000us       0.000us     183.360us         0.00%     183.360us       2.910us            63  
void at::native::elementwise_kernel<128, 4, at::nati...         0.00%       0.000us         0.00%       0.000us       0.000us     144.896us         0.00%     144.896us       2.300us            63  
void at::native::(anonymous namespace)::multi_tensor...         0.00%       0.000us         0.00%       0.000us       0.000us     127.266us         0.00%     127.266us       2.020us            63  
void at_cuda_detail::cub::detail::scan::DeviceScanKe...         0.00%       0.000us         0.00%       0.000us       0.000us     125.401us         0.00%     125.401us       1.990us            63  
void at::native::vectorized_elementwise_kernel<4, at...         0.00%       0.000us         0.00%       0.000us       0.000us     120.762us         0.00%     120.762us       1.917us            63  
triton_poi_fused_add_bitwise_and_bitwise_not_bitwise...         0.00%       0.000us         0.00%       0.000us       0.000us     118.841us         0.00%     118.841us       1.886us            63  
                         Memcpy DtoD (Device -> Device)         0.00%       0.000us         0.00%       0.000us       0.000us     104.829us         0.00%     104.829us       1.664us            63  
void at::native::vectorized_elementwise_kernel<2, at...         0.00%       0.000us         0.00%       0.000us       0.000us     104.291us         0.00%     104.291us       1.655us            63  
void (anonymous namespace)::clamp_position_kernel<lo...         0.00%       0.000us         0.00%       0.000us       0.000us      96.063us         0.00%      96.063us       1.525us            63  
void at_cuda_detail::cub::detail::scan::DeviceScanIn...         0.00%       0.000us         0.00%       0.000us       0.000us      91.581us         0.00%      91.581us       1.454us            63  
void at::native::vectorized_elementwise_kernel<4, at...         0.00%       0.000us         0.00%       0.000us       0.000us      89.370us         0.00%      89.370us       1.419us            63  
void at::native::index_elementwise_kernel<128, 4, at...         0.00%       0.000us         0.00%       0.000us       0.000us      25.664us         0.00%      25.664us       2.566us            10  
void at::native::index_elementwise_kernel<128, 4, at...         0.00%       0.000us         0.00%       0.000us       0.000us      18.495us         0.00%      18.495us       2.312us             8  
                       Memcpy HtoD (Pageable -> Device)         0.00%       0.000us         0.00%       0.000us       0.000us       3.233us         0.00%       3.233us       1.617us             2  
                                        cudaMemcpyAsync         1.16%       5.699ms         1.51%       7.442ms      23.328us       0.000us         0.00%       0.000us       0.000us           319  
                                Activity Buffer Request         2.30%      11.325ms         2.35%      11.559ms       1.927ms       0.000us         0.00%       0.000us       0.000us             6  
                                       cudaLaunchKernel        11.83%      58.174ms        11.83%      58.174ms       6.312us       0.000us         0.00%       0.000us       0.000us          9216  
                                    cudaLaunchKernelExC        24.49%     120.400ms        24.86%     122.241ms       6.007us       0.000us         0.00%       0.000us       0.000us         20349  
                                    cudaPeekAtLastError         0.01%      30.842us         0.01%      30.842us       0.122us       0.000us         0.00%       0.000us       0.000us           252  
cudaOccupancyMaxActiveBlocksPerMultiprocessorWithFla...         0.03%     156.948us         0.03%     156.948us       2.491us       0.000us         0.00%       0.000us       0.000us            63  
                                 cudaDeviceGetAttribute         0.43%       2.128ms         0.43%       2.128ms       1.165us       0.000us         0.00%       0.000us       0.000us          1827  
                                       cuLaunchKernelEx        20.96%     103.069ms        20.96%     103.069ms       5.508us       0.000us         0.00%       0.000us       0.000us         18711  
                                  cudaStreamIsCapturing         0.03%     125.803us         0.03%     125.803us       0.645us       0.000us         0.00%       0.000us       0.000us           195  
                                  cudaStreamSynchronize         0.14%     709.065us         0.14%     709.065us       3.712us       0.000us         0.00%       0.000us       0.000us           191  
                                         cuLaunchKernel         7.13%      35.039ms         7.13%      35.039ms       5.297us       0.000us         0.00%       0.000us       0.000us          6615  
                                   cudaFuncSetAttribute         0.99%       4.870ms         0.99%       4.870ms       2.863us       0.000us         0.00%       0.000us       0.000us          1701  
                            cudaLaunchCooperativeKernel         2.65%      13.018ms         2.65%      13.018ms       7.653us       0.000us         0.00%       0.000us       0.000us          1701  
                                  cudaDeviceSynchronize        27.71%     136.262ms        27.71%     136.262ms       1.081ms       0.000us         0.00%       0.000us       0.000us           126  
                               cudaEventRecordWithFlags         0.00%       7.765us         0.00%       7.765us       3.883us       0.000us         0.00%       0.000us       0.000us             2  
                                           Buffer Flush         0.13%     642.478us         0.13%     642.478us     160.620us       0.000us         0.00%       0.000us       0.000us             4  
                                         cudaEventQuery         0.00%       5.074us         0.00%       5.074us       5.074us       0.000us         0.00%       0.000us       0.000us             1  
-------------------------------------------------------  ------------  ------------  ------------  ------------  ------------  ------------  ------------  ------------  ------------  ------------  
Self CPU time total: 491.662ms
Self CUDA time total: 4.941s
-------------------------------------------------------  ------------  ------------  ------------  ------------  ------------  ------------  ------------  ------------  ------------  ------------  
                                                   Name    Self CPU %      Self CPU   CPU total %     CPU total  CPU time avg     Self CUDA   Self CUDA %    CUDA total  CUDA time avg    # of Calls  
-------------------------------------------------------  ------------  ------------  ------------  ------------  ------------  ------------  ------------  ------------  ------------  ------------  
void (anonymous namespace)::all_reduce_one_shot_push...         0.00%       0.000us         0.00%       0.000us       0.000us     862.004ms        48.33%     862.004ms     248.775us          3465  
kernel_cutlass_kernel_flashinfernormkernelsfused_add...         0.00%       0.000us         0.00%       0.000us       0.000us     729.038ms        40.88%     729.038ms     214.297us          3402  
                                       fused_moe_kernel         0.00%       0.000us         0.00%       0.000us       0.000us      34.287ms         1.92%      34.287ms      10.466us          3276  
void flashinfer::mla::BatchMLAPagedAttentionKernel<f...         0.00%       0.000us         0.00%       0.000us       0.000us      26.068ms         1.46%      26.068ms      15.325us          1701  
        nvjet_sm100_tst_32x64_64x16_4x1_v_bz_splitK_TNN         0.00%       0.000us         0.00%       0.000us       0.000us      20.374ms         1.14%      20.374ms       4.043us          5040  
void at::native::sbtopk::gatherTopK<float, unsigned ...         0.00%       0.000us         0.00%       0.000us       0.000us      13.320ms         0.75%      13.320ms       4.066us          3276  
void cublasLt::splitKreduce_kernel<32, 16, int, floa...         0.00%       0.000us         0.00%       0.000us       0.000us      13.027ms         0.73%      13.027ms       2.585us          5040  
               nvjet_sm100_tst_16x64_64x16_4x1_v_bz_TNN         0.00%       0.000us         0.00%       0.000us       0.000us      11.582ms         0.65%      11.582ms       3.405us          3402  
                nvjet_sm100_tst_8x64_64x16_4x1_v_bz_TNN         0.00%       0.000us         0.00%       0.000us       0.000us      10.101ms         0.57%      10.101ms       2.969us          3402  
void (anonymous namespace)::act_and_mul_kernel<__nv_...         0.00%       0.000us         0.00%       0.000us       0.000us       8.724ms         0.49%       8.724ms       2.663us          3276  
                               _all_gather_kernel_inner         0.00%       0.000us         0.00%       0.000us       0.000us       7.463ms         0.42%       7.463ms     118.460us            63  
        nvjet_sm100_tss_32x64_64x16_2x1_v_bz_splitK_TNN         0.00%       0.000us         0.00%       0.000us       0.000us       6.285ms         0.35%       6.285ms       3.837us          1638  
void moe_align_block_size_kernel<int>(int const*, in...         0.00%       0.000us         0.00%       0.000us       0.000us       4.793ms         0.27%       4.793ms       2.926us          1638  
triton_red_fused__softmax_exp_max_prepare_softmax_on...         0.00%       0.000us         0.00%       0.000us       0.000us       3.909ms         0.22%       3.909ms       2.386us          1638  
void cublasLt::splitKreduce_kernel<32, 16, int, floa...         0.00%       0.000us         0.00%       0.000us       0.000us       3.502ms         0.20%       3.502ms       2.138us          1638  
kernel_cutlass_kernel_flashinfernormkernelsrmsnormRM...         0.00%       0.000us         0.00%       0.000us       0.000us       3.394ms         0.19%       3.394ms       1.995us          1701  
triton_poi_fused__softmax__to_copy_arange_bitwise_no...         0.00%       0.000us         0.00%       0.000us       0.000us       2.956ms         0.17%       2.956ms       1.805us          1638  
void (anonymous namespace)::fused_rope_kernel<false,...         0.00%       0.000us         0.00%       0.000us       0.000us       2.939ms         0.16%       2.939ms       1.728us          1701  
                       triton_poi_fused_copy__mul_sum_0         0.00%       0.000us         0.00%       0.000us       0.000us       2.679ms         0.15%       2.679ms       1.635us          1638  
void at::native::vectorized_elementwise_kernel<8, at...         0.00%       0.000us         0.00%       0.000us       0.000us       2.630ms         0.15%       2.630ms       1.605us          1638  
void count_and_sort_expert_tokens_kernel<int>(int co...         0.00%       0.000us         0.00%       0.000us       0.000us       2.613ms         0.15%       2.613ms       1.595us          1638  
                            triton_poi_fused__to_copy_2         0.00%       0.000us         0.00%       0.000us       0.000us       2.449ms         0.14%       2.449ms       1.495us          1638  
                               set_mla_kv_buffer_kernel         0.00%       0.000us         0.00%       0.000us       0.000us       2.436ms         0.14%       2.436ms       1.432us          1701  
void at::native::reduce_kernel<512, 1, at::native::R...         0.00%       0.000us         0.00%       0.000us       0.000us       1.507ms         0.08%       1.507ms      23.916us            63  
                         Memcpy HtoD (Pinned -> Device)         0.00%       0.000us         0.00%       0.000us       0.000us     907.871us         0.05%     907.871us      13.967us            65  
               nvjet_sm100_tst_128x8_64x12_4x1_v_bz_TNT         0.00%       0.000us         0.00%       0.000us       0.000us     690.807us         0.04%     690.807us      10.965us            63  
                       Memcpy DtoH (Device -> Pageable)         0.00%       0.000us         0.00%       0.000us       0.000us     618.396us         0.03%     618.396us       3.272us           189  
               nvjet_sm100_tst_32x64_64x16_4x1_v_bz_TNN         0.00%       0.000us         0.00%       0.000us       0.000us     409.210us         0.02%     409.210us       6.495us            63  
void at::native::unrolled_elementwise_kernel<at::nat...         0.00%       0.000us         0.00%       0.000us       0.000us     317.919us         0.02%     317.919us       1.682us           189  
void at::native::unrolled_elementwise_kernel<at::nat...         0.00%       0.000us         0.00%       0.000us       0.000us     249.920us         0.01%     249.920us       3.967us            63  
void at::native::index_elementwise_kernel<128, 4, at...         0.00%       0.000us         0.00%       0.000us       0.000us     210.081us         0.01%     210.081us       3.335us            63  
void at::native::(anonymous namespace)::indexSelectS...         0.00%       0.000us         0.00%       0.000us       0.000us     196.674us         0.01%     196.674us       3.122us            63  
void at::native::elementwise_kernel<128, 4, at::nati...         0.00%       0.000us         0.00%       0.000us       0.000us     194.653us         0.01%     194.653us       3.090us            63  
                    create_flashinfer_kv_indices_triton         0.00%       0.000us         0.00%       0.000us       0.000us     187.874us         0.01%     187.874us       2.982us            63  
void at::native::elementwise_kernel<128, 4, at::nati...         0.00%       0.000us         0.00%       0.000us       0.000us     182.593us         0.01%     182.593us       2.898us            63  
kernel_cutlass_kernel_flashinfernormkernelsrmsnormRM...         0.00%       0.000us         0.00%       0.000us       0.000us     158.622us         0.01%     158.622us       2.518us            63  
void at::native::elementwise_kernel<128, 4, at::nati...         0.00%       0.000us         0.00%       0.000us       0.000us     139.711us         0.01%     139.711us       2.218us            63  
void at::native::(anonymous namespace)::multi_tensor...         0.00%       0.000us         0.00%       0.000us       0.000us     121.406us         0.01%     121.406us       1.927us            63  
                         Memcpy DtoD (Device -> Device)         0.00%       0.000us         0.00%       0.000us       0.000us     108.579us         0.01%     108.579us       1.723us            63  
void at_cuda_detail::cub::detail::scan::DeviceScanKe...         0.00%       0.000us         0.00%       0.000us       0.000us     107.103us         0.01%     107.103us       1.700us            63  
triton_poi_fused_add_bitwise_and_bitwise_not_bitwise...         0.00%       0.000us         0.00%       0.000us       0.000us     105.697us         0.01%     105.697us       1.678us            63  
void at::native::vectorized_elementwise_kernel<4, at...         0.00%       0.000us         0.00%       0.000us       0.000us      96.382us         0.01%      96.382us       1.530us            63  
void (anonymous namespace)::clamp_position_kernel<lo...         0.00%       0.000us         0.00%       0.000us       0.000us      96.322us         0.01%      96.322us       1.529us            63  
void at::native::vectorized_elementwise_kernel<2, at...         0.00%       0.000us         0.00%       0.000us       0.000us      95.004us         0.01%      95.004us       1.508us            63  
void at::native::vectorized_elementwise_kernel<4, at...         0.00%       0.000us         0.00%       0.000us       0.000us      77.892us         0.00%      77.892us       1.236us            63  
void at_cuda_detail::cub::detail::scan::DeviceScanIn...         0.00%       0.000us         0.00%       0.000us       0.000us      75.262us         0.00%      75.262us       1.195us            63  
void at::native::index_elementwise_kernel<128, 4, at...         0.00%       0.000us         0.00%       0.000us       0.000us      22.369us         0.00%      22.369us       2.237us            10  
void at::native::index_elementwise_kernel<128, 4, at...         0.00%       0.000us         0.00%       0.000us       0.000us      20.963us         0.00%      20.963us       2.620us             8  
                       Memcpy HtoD (Pageable -> Device)         0.00%       0.000us         0.00%       0.000us       0.000us       3.712us         0.00%       3.712us       1.856us             2  
                                        cudaMemcpyAsync         1.50%       5.878ms         1.96%       7.648ms      23.975us       0.000us         0.00%       0.000us       0.000us           319  
                                Activity Buffer Request         2.74%      10.710ms         2.78%      10.878ms       1.813ms       0.000us         0.00%       0.000us       0.000us             6  
                                       cudaLaunchKernel        15.13%      59.168ms        15.13%      59.168ms       6.420us       0.000us         0.00%       0.000us       0.000us          9216  
                                    cudaLaunchKernelExC        31.14%     121.741ms        31.60%     123.529ms       6.070us       0.000us         0.00%       0.000us       0.000us         20349  
                                    cudaPeekAtLastError         0.01%      30.056us         0.01%      30.056us       0.119us       0.000us         0.00%       0.000us       0.000us           252  
cudaOccupancyMaxActiveBlocksPerMultiprocessorWithFla...         0.04%     162.127us         0.04%     162.127us       2.573us       0.000us         0.00%       0.000us       0.000us            63  
                                 cudaDeviceGetAttribute         0.45%       1.750ms         0.45%       1.750ms       0.958us       0.000us         0.00%       0.000us       0.000us          1827  
                                       cuLaunchKernelEx        26.68%     104.290ms        26.68%     104.290ms       5.574us       0.000us         0.00%       0.000us       0.000us         18711  
                                  cudaStreamIsCapturing         0.03%     120.571us         0.03%     120.571us       0.618us       0.000us         0.00%       0.000us       0.000us           195  
                                  cudaStreamSynchronize         0.19%     729.310us         0.19%     729.310us       3.818us       0.000us         0.00%       0.000us       0.000us           191  
                                         cuLaunchKernel         9.23%      36.075ms         9.23%      36.075ms       5.454us       0.000us         0.00%       0.000us       0.000us          6615  
                                   cudaFuncSetAttribute         1.30%       5.097ms         1.30%       5.097ms       2.996us       0.000us         0.00%       0.000us       0.000us          1701  
                            cudaLaunchCooperativeKernel         3.51%      13.711ms         3.51%      13.711ms       8.061us       0.000us         0.00%       0.000us       0.000us          1701  
                                  cudaDeviceSynchronize         7.88%      30.817ms         7.88%      30.817ms     244.579us       0.000us         0.00%       0.000us       0.000us           126  
                               cudaEventRecordWithFlags         0.00%       6.850us         0.00%       6.850us       3.425us       0.000us         0.00%       0.000us       0.000us             2  
                                           Buffer Flush         0.17%     659.000us         0.17%     659.000us     164.750us       0.000us         0.00%       0.000us       0.000us             4  
                                         cudaEventQuery         0.00%       4.678us         0.00%       4.678us       4.678us       0.000us         0.00%       0.000us       0.000us             1  
-------------------------------------------------------  ------------  ------------  ------------  ------------  ------------  ------------  ------------  ------------  ------------  ------------  
Self CPU time total: 390.949ms
Self CUDA time total: 1.783s
-------------------------------------------------------  ------------  ------------  ------------  ------------  ------------  ------------  ------------  ------------  ------------  ------------  
                                                   Name    Self CPU %      Self CPU   CPU total %     CPU total  CPU time avg     Self CUDA   Self CUDA %    CUDA total  CUDA time avg    # of Calls  
-------------------------------------------------------  ------------  ------------  ------------  ------------  ------------  ------------  ------------  ------------  ------------  ------------  
void (anonymous namespace)::all_reduce_one_shot_push...         0.00%       0.000us         0.00%       0.000us       0.000us        2.608s        49.71%        2.608s     752.795us          3465  
kernel_cutlass_kernel_flashinfernormkernelsfused_add...         0.00%       0.000us         0.00%       0.000us       0.000us        2.426s        46.23%        2.426s     712.977us          3402  
                                       fused_moe_kernel         0.00%       0.000us         0.00%       0.000us       0.000us      34.639ms         0.66%      34.639ms      10.574us          3276  
void flashinfer::mla::BatchMLAPagedAttentionKernel<f...         0.00%       0.000us         0.00%       0.000us       0.000us      26.795ms         0.51%      26.795ms      15.752us          1701  
        nvjet_sm100_tst_32x64_64x16_4x1_v_bz_splitK_TNN         0.00%       0.000us         0.00%       0.000us       0.000us      20.956ms         0.40%      20.956ms       4.158us          5040  
                               _all_gather_kernel_inner         0.00%       0.000us         0.00%       0.000us       0.000us      17.414ms         0.33%      17.414ms     276.414us            63  
void cublasLt::splitKreduce_kernel<32, 16, int, floa...         0.00%       0.000us         0.00%       0.000us       0.000us      16.094ms         0.31%      16.094ms       3.193us          5040  
void at::native::sbtopk::gatherTopK<float, unsigned ...         0.00%       0.000us         0.00%       0.000us       0.000us      13.263ms         0.25%      13.263ms       4.049us          3276  
               nvjet_sm100_tst_16x64_64x16_4x1_v_bz_TNN         0.00%       0.000us         0.00%       0.000us       0.000us      12.040ms         0.23%      12.040ms       3.539us          3402  
                nvjet_sm100_tst_8x64_64x16_4x1_v_bz_TNN         0.00%       0.000us         0.00%       0.000us       0.000us      10.253ms         0.20%      10.253ms       3.014us          3402  
void (anonymous namespace)::act_and_mul_kernel<__nv_...         0.00%       0.000us         0.00%       0.000us       0.000us       9.481ms         0.18%       9.481ms       2.894us          3276  
        nvjet_sm100_tss_32x64_64x16_2x1_v_bz_splitK_TNN         0.00%       0.000us         0.00%       0.000us       0.000us       7.074ms         0.13%       7.074ms       4.319us          1638  
void moe_align_block_size_kernel<int>(int const*, in...         0.00%       0.000us         0.00%       0.000us       0.000us       4.830ms         0.09%       4.830ms       2.949us          1638  
void cublasLt::splitKreduce_kernel<32, 16, int, floa...         0.00%       0.000us         0.00%       0.000us       0.000us       4.120ms         0.08%       4.120ms       2.515us          1638  
triton_red_fused__softmax_exp_max_prepare_softmax_on...         0.00%       0.000us         0.00%       0.000us       0.000us       4.104ms         0.08%       4.104ms       2.506us          1638  
kernel_cutlass_kernel_flashinfernormkernelsrmsnormRM...         0.00%       0.000us         0.00%       0.000us       0.000us       4.086ms         0.08%       4.086ms       2.402us          1701  
triton_poi_fused__softmax__to_copy_arange_bitwise_no...         0.00%       0.000us         0.00%       0.000us       0.000us       3.936ms         0.08%       3.936ms       2.403us          1638  
void (anonymous namespace)::fused_rope_kernel<false,...         0.00%       0.000us         0.00%       0.000us       0.000us       3.554ms         0.07%       3.554ms       2.090us          1701  
                       triton_poi_fused_copy__mul_sum_0         0.00%       0.000us         0.00%       0.000us       0.000us       2.734ms         0.05%       2.734ms       1.669us          1638  
                            triton_poi_fused__to_copy_2         0.00%       0.000us         0.00%       0.000us       0.000us       2.669ms         0.05%       2.669ms       1.629us          1638  
void count_and_sort_expert_tokens_kernel<int>(int co...         0.00%       0.000us         0.00%       0.000us       0.000us       2.666ms         0.05%       2.666ms       1.627us          1638  
void at::native::vectorized_elementwise_kernel<8, at...         0.00%       0.000us         0.00%       0.000us       0.000us       2.646ms         0.05%       2.646ms       1.616us          1638  
                               set_mla_kv_buffer_kernel         0.00%       0.000us         0.00%       0.000us       0.000us       2.615ms         0.05%       2.615ms       1.537us          1701  
void at::native::reduce_kernel<512, 1, at::native::R...         0.00%       0.000us         0.00%       0.000us       0.000us       1.513ms         0.03%       1.513ms      24.016us            63  
                         Memcpy HtoD (Pinned -> Device)         0.00%       0.000us         0.00%       0.000us       0.000us     908.119us         0.02%     908.119us      13.971us            65  
               nvjet_sm100_tst_128x8_64x12_4x1_v_bz_TNT         0.00%       0.000us         0.00%       0.000us       0.000us     702.753us         0.01%     702.753us      11.155us            63  
                       Memcpy DtoH (Device -> Pageable)         0.00%       0.000us         0.00%       0.000us       0.000us     574.657us         0.01%     574.657us       3.041us           189  
               nvjet_sm100_tst_32x64_64x16_4x1_v_bz_TNN         0.00%       0.000us         0.00%       0.000us       0.000us     413.534us         0.01%     413.534us       6.564us            63  
void at::native::unrolled_elementwise_kernel<at::nat...         0.00%       0.000us         0.00%       0.000us       0.000us     324.383us         0.01%     324.383us       1.716us           189  
void at::native::unrolled_elementwise_kernel<at::nat...         0.00%       0.000us         0.00%       0.000us       0.000us     248.162us         0.00%     248.162us       3.939us            63  
void at::native::index_elementwise_kernel<128, 4, at...         0.00%       0.000us         0.00%       0.000us       0.000us     213.661us         0.00%     213.661us       3.391us            63  
void at::native::elementwise_kernel<128, 4, at::nati...         0.00%       0.000us         0.00%       0.000us       0.000us     203.713us         0.00%     203.713us       3.234us            63  
void at::native::(anonymous namespace)::indexSelectS...         0.00%       0.000us         0.00%       0.000us       0.000us     196.542us         0.00%     196.542us       3.120us            63  
                    create_flashinfer_kv_indices_triton         0.00%       0.000us         0.00%       0.000us       0.000us     187.039us         0.00%     187.039us       2.969us            63  
void at::native::elementwise_kernel<128, 4, at::nati...         0.00%       0.000us         0.00%       0.000us       0.000us     186.785us         0.00%     186.785us       2.965us            63  
kernel_cutlass_kernel_flashinfernormkernelsrmsnormRM...         0.00%       0.000us         0.00%       0.000us       0.000us     169.764us         0.00%     169.764us       2.695us            63  
void at::native::elementwise_kernel<128, 4, at::nati...         0.00%       0.000us         0.00%       0.000us       0.000us     132.768us         0.00%     132.768us       2.107us            63  
void at::native::(anonymous namespace)::multi_tensor...         0.00%       0.000us         0.00%       0.000us       0.000us     123.493us         0.00%     123.493us       1.960us            63  
void at_cuda_detail::cub::detail::scan::DeviceScanKe...         0.00%       0.000us         0.00%       0.000us       0.000us     111.296us         0.00%     111.296us       1.767us            63  
triton_poi_fused_add_bitwise_and_bitwise_not_bitwise...         0.00%       0.000us         0.00%       0.000us       0.000us     107.487us         0.00%     107.487us       1.706us            63  
                         Memcpy DtoD (Device -> Device)         0.00%       0.000us         0.00%       0.000us       0.000us     103.104us         0.00%     103.104us       1.637us            63  
void (anonymous namespace)::clamp_position_kernel<lo...         0.00%       0.000us         0.00%       0.000us       0.000us     100.224us         0.00%     100.224us       1.591us            63  
void at::native::vectorized_elementwise_kernel<2, at...         0.00%       0.000us         0.00%       0.000us       0.000us      99.237us         0.00%      99.237us       1.575us            63  
void at::native::vectorized_elementwise_kernel<4, at...         0.00%       0.000us         0.00%       0.000us       0.000us      99.170us         0.00%      99.170us       1.574us            63  
void at::native::vectorized_elementwise_kernel<4, at...         0.00%       0.000us         0.00%       0.000us       0.000us      79.491us         0.00%      79.491us       1.262us            63  
void at_cuda_detail::cub::detail::scan::DeviceScanIn...         0.00%       0.000us         0.00%       0.000us       0.000us      77.407us         0.00%      77.407us       1.229us            63  
void at::native::index_elementwise_kernel<128, 4, at...         0.00%       0.000us         0.00%       0.000us       0.000us      22.816us         0.00%      22.816us       2.282us            10  
void at::native::index_elementwise_kernel<128, 4, at...         0.00%       0.000us         0.00%       0.000us       0.000us      21.536us         0.00%      21.536us       2.692us             8  
                       Memcpy HtoD (Pageable -> Device)         0.00%       0.000us         0.00%       0.000us       0.000us       2.785us         0.00%       2.785us       1.392us             2  
                                        cudaMemcpyAsync         1.13%       5.813ms         1.47%       7.548ms      23.662us       0.000us         0.00%       0.000us       0.000us           319  
                                Activity Buffer Request         2.34%      11.977ms         2.40%      12.278ms       2.046ms       0.000us         0.00%       0.000us       0.000us             6  
                                       cudaLaunchKernel        11.52%      59.006ms        11.52%      59.006ms       6.403us       0.000us         0.00%       0.000us       0.000us          9216  
                                    cudaLaunchKernelExC        23.98%     122.827ms        24.33%     124.624ms       6.124us       0.000us         0.00%       0.000us       0.000us         20349  
                                    cudaPeekAtLastError         0.01%      29.892us         0.01%      29.892us       0.119us       0.000us         0.00%       0.000us       0.000us           252  
cudaOccupancyMaxActiveBlocksPerMultiprocessorWithFla...         0.03%     136.056us         0.03%     136.056us       2.160us       0.000us         0.00%       0.000us       0.000us            63  
                                 cudaDeviceGetAttribute         0.32%       1.639ms         0.32%       1.639ms       0.897us       0.000us         0.00%       0.000us       0.000us          1827  
                                       cuLaunchKernelEx        21.37%     109.477ms        21.37%     109.477ms       5.851us       0.000us         0.00%       0.000us       0.000us         18711  
                                  cudaStreamIsCapturing         0.02%     119.993us         0.02%     119.993us       0.615us       0.000us         0.00%       0.000us       0.000us           195  
                                  cudaStreamSynchronize         0.14%     698.868us         0.14%     698.868us       3.659us       0.000us         0.00%       0.000us       0.000us           191  
                                         cuLaunchKernel         7.76%      39.765ms         7.76%      39.765ms       6.011us       0.000us         0.00%       0.000us       0.000us          6615  
                                   cudaFuncSetAttribute         0.89%       4.553ms         0.89%       4.553ms       2.677us       0.000us         0.00%       0.000us       0.000us          1701  
                            cudaLaunchCooperativeKernel         2.65%      13.599ms         2.65%      13.599ms       7.995us       0.000us         0.00%       0.000us       0.000us          1701  
                                  cudaDeviceSynchronize        27.76%     142.197ms        27.76%     142.197ms       1.129ms       0.000us         0.00%       0.000us       0.000us           126  
                               cudaEventRecordWithFlags         0.00%       6.156us         0.00%       6.156us       3.078us       0.000us         0.00%       0.000us       0.000us             2  
                                           Buffer Flush         0.08%     426.790us         0.08%     426.790us     106.698us       0.000us         0.00%       0.000us       0.000us             4  
                                         cudaEventQuery         0.00%       5.710us         0.00%       5.710us       5.710us       0.000us         0.00%       0.000us       0.000us             1  
-------------------------------------------------------  ------------  ------------  ------------  ------------  ------------  ------------  ------------  ------------  ------------  ------------  
Self CPU time total: 512.276ms
Self CUDA time total: 5.247s

torch profiler chrome trace for decode saved to /sgl-workspace/sglang-src/experiment-results/phase14c/deepseek_tp_extension/tp8/deepseek-v2-lite/mixed_same_coarse/bimodal/r1/traces/trace_rank0_batch8_input512_output64_decode.trace.json.gz
Decode.  median latency: 0.06031 s, median throughput:     50.46 token/s
Total. latency:  3.877 s, throughput:   1122.61 token/s







kill_process_tree called: parent_pid=1209582, include_parent=False, pid=1209582
